#include "lvgl.h"

#ifndef LV_ATTRIBUTE_MEM_ALIGN
#define LV_ATTRIBUTE_MEM_ALIGN
#endif

const LV_ATTRIBUTE_MEM_ALIGN uint8_t buddy_bg_night_map[] = {
    0x45, 0x00, 0x45, 0x00, 0x45, 0x00, 0x45, 0x00, 0x45, 0x00, 0x45, 0x00, 0x45, 0x00, 0x45, 0x00,
    0x45, 0x00, 0x45, 0x00, 0x65, 0x00, 0x65, 0x00, 0x45, 0x00, 0x45, 0x00, 0x65, 0x00, 0x65, 0x00,
    0x45, 0x00, 0x45, 0x00, 0x65, 0x00, 0x65, 0x00, 0x65, 0x00, 0x65, 0x00, 0x65, 0x00, 0x65, 0x00,
    0x65, 0x00, 0x45, 0x00, 0x45, 0x00, 0x45, 0x00, 0x45, 0x00, 0x45, 0x00, 0x45, 0x00, 0x65, 0x00,
    0x65, 0x00, 0x65, 0x00, 0x65, 0x00, 0x45, 0x00, 0x45, 0x00, 0x45, 0x00, 0x65, 0x00, 0x65, 0x00,
    0x65, 0x00, 0x65, 0x00, 0x65, 0x00, 0x65, 0x00, 0x65, 0x00, 0x65, 0x00, 0x65, 0x00, 0x65, 0x00,
    0x65, 0x00, 0x65, 0x00, 0x65, 0x00, 0x65, 0x00, 0x65, 0x00, 0x65, 0x00, 0x65, 0x00, 0x65, 0x00,
    0x65, 0x00, 0x66, 0x00, 0x65, 0x00, 0x65, 0x00, 0x65, 0x00, 0x65, 0x00, 0x65, 0x00, 0x65, 0x00,
    0x66, 0x00, 0x65, 0x00, 0x65, 0x00, 0x66, 0x00, 0x66, 0x00, 0x65, 0x00, 0x65, 0x00, 0x65, 0x00,
    0x65, 0x00, 0x66, 0x00, 0x66, 0x00, 0x65, 0x00, 0x66, 0x00, 0x65, 0x00, 0x65, 0x00, 0x65, 0x00,
    0x66, 0x00, 0x66, 0x00, 0x66, 0x00, 0x66, 0x00, 0x66, 0x00, 0x66, 0x00, 0x66, 0x00, 0x66, 0x00,
    0x66, 0x00, 0x66, 0x00, 0x66, 0x00, 0x66, 0x00, 0x66, 0x00, 0x66, 0x00, 0x66, 0x00, 0x66, 0x00,
    0x66, 0x00, 0x66, 0x00, 0x66, 0x00, 0x66, 0x00, 0x66, 0x00, 0x66, 0x00, 0x66, 0x00, 0x66, 0x00,
    0x66, 0x00, 0x66, 0x00, 0x66, 0x00, 0x66, 0x00, 0x66, 0x00, 0x66, 0x00, 0x86, 0x00, 0x86, 0x00,
    0x86, 0x00, 0x86, 0x00, 0x86, 0x00, 0x86, 0x00, 0x86, 0x00, 0x86, 0x00, 0x86, 0x00, 0x86, 0x00,
    0x86, 0x00, 0x86, 0x00, 0x86, 0x00, 0x86, 0x00, 0x86, 0x00, 0x86, 0x00, 0x86, 0x00, 0x86, 0x00,
    0x86, 0x00, 0x86, 0x00, 0x86, 0x00, 0x86, 0x00, 0x86, 0x00, 0x86, 0x00, 0x86, 0x00, 0x86, 0x00,
    0x86, 0x00, 0x86, 0x00, 0x86, 0x00, 0x86, 0x00, 0x86, 0x00, 0x86, 0x00, 0x86, 0x00, 0x86, 0x00,
    0x86, 0x00, 0x87, 0x00, 0x87, 0x00, 0x87, 0x00, 0x87, 0x00, 0x87, 0x00, 0x87, 0x00, 0x87, 0x00,
    0x87, 0x00, 0x87, 0x00, 0x87, 0x00, 0x87, 0x00, 0x87, 0x00, 0x87, 0x00, 0x86, 0x00, 0x86, 0x00,
    0x86, 0x00, 0x86, 0x00, 0x86, 0x00, 0x87, 0x00, 0x87, 0x00, 0x87, 0x00, 0x87, 0x00, 0x87, 0x00,
    0x87, 0x00, 0x87, 0x00, 0x87, 0x00, 0x87, 0x00, 0x87, 0x00, 0x87, 0x00, 0x87, 0x00, 0x87, 0x00,
    0x87, 0x00, 0x86, 0x00, 0x86, 0x00, 0x86, 0x00, 0xA6, 0x00, 0x86, 0x00, 0x86, 0x00, 0x86, 0x00,
    0x86, 0x00, 0x86, 0x00, 0x86, 0x00, 0x86, 0x00, 0x86, 0x00, 0x86, 0x00, 0x86, 0x00, 0x86, 0x00,
    0x86, 0x00, 0x86, 0x00, 0x86, 0x00, 0x86, 0x00, 0x86, 0x00, 0x86, 0x00, 0x86, 0x00, 0x86, 0x00,
    0x86, 0x00, 0x86, 0x00, 0x86, 0x00, 0x86, 0x00, 0x86, 0x00, 0x86, 0x00, 0x86, 0x00, 0x86, 0x00,
    0x86, 0x00, 0x86, 0x00, 0x86, 0x00, 0x86, 0x00, 0x86, 0x00, 0x86, 0x00, 0x86, 0x00, 0x86, 0x00,
    0x86, 0x00, 0x86, 0x00, 0x86, 0x00, 0x86, 0x00, 0x86, 0x00, 0x86, 0x00, 0x66, 0x00, 0x66, 0x00,
    0x66, 0x00, 0x66, 0x00, 0x66, 0x00, 0x66, 0x00, 0x66, 0x00, 0x66, 0x00, 0x86, 0x00, 0x86, 0x00,
    0x66, 0x00, 0x66, 0x00, 0x86, 0x00, 0x86, 0x00, 0x86, 0x00, 0x66, 0x00, 0x66, 0x00, 0x66, 0x00,
    0x66, 0x00, 0x66, 0x00, 0x66, 0x00, 0x66, 0x00, 0x66, 0x00, 0x66, 0x00, 0x65, 0x00, 0x65, 0x00,
    0x65, 0x00, 0x66, 0x00, 0x66, 0x00, 0x66, 0x00, 0x66, 0x00, 0x66, 0x00, 0x66, 0x00, 0x66, 0x00,
    0x66, 0x00, 0x66, 0x00, 0x66, 0x00, 0x66, 0x00, 0x65, 0x00, 0x65, 0x00, 0x65, 0x00, 0x65, 0x00,
    0x65, 0x00, 0x65, 0x00, 0x65, 0x00, 0x65, 0x00, 0x65, 0x00, 0x65, 0x00, 0x65, 0x00, 0x65, 0x00,
    0x65, 0x00, 0x65, 0x00, 0x65, 0x00, 0x65, 0x00, 0x65, 0x00, 0x65, 0x00, 0x65, 0x00, 0x65, 0x00,
    0x65, 0x00, 0x65, 0x00, 0x65, 0x00, 0x65, 0x00, 0x65, 0x00, 0x65, 0x00, 0x65, 0x00, 0x45, 0x00,
    0x45, 0x00, 0x45, 0x00, 0x45, 0x00, 0x45, 0x00, 0x45, 0x00, 0x45, 0x00, 0x45, 0x00, 0x45, 0x00,
    0x45, 0x00, 0x45, 0x00, 0x45, 0x00, 0x45, 0x00, 0x45, 0x00, 0x45, 0x00, 0x45, 0x00, 0x45, 0x00,
    0x45, 0x00, 0x44, 0x00, 0x44, 0x00, 0x44, 0x00, 0x44, 0x00, 0x44, 0x00, 0x45, 0x00, 0x45, 0x00,
    0x45, 0x00, 0x45, 0x00, 0x45, 0x00, 0x45, 0x00, 0x45, 0x00, 0x45, 0x00, 0x45, 0x00, 0x45, 0x00,
    0x45, 0x00, 0x45, 0x00, 0x45, 0x00, 0x45, 0x00, 0x45, 0x00, 0x45, 0x00, 0x45, 0x00, 0x45, 0x00,
    0x45, 0x00, 0x45, 0x00, 0x65, 0x00, 0x65, 0x00, 0x65, 0x00, 0x65, 0x00, 0x65, 0x00, 0x65, 0x00,
    0x45, 0x00, 0x45, 0x00, 0x65, 0x00, 0x65, 0x00, 0x65, 0x00, 0x65, 0x00, 0x65, 0x00, 0x65, 0x00,
    0x65, 0x00, 0x45, 0x00, 0x45, 0x00, 0x45, 0x00, 0x45, 0x00, 0x45, 0x00, 0x65, 0x00, 0x65, 0x00,
    0x65, 0x00, 0x65, 0x00, 0x65, 0x00, 0x45, 0x00, 0x65, 0x00, 0x65, 0x00, 0x65, 0x00, 0x65, 0x00,
    0x65, 0x00, 0x65, 0x00, 0x65, 0x00, 0x65, 0x00, 0x65, 0x00, 0x65, 0x00, 0x65, 0x00, 0x65, 0x00,
    0x65, 0x00, 0x65, 0x00, 0x65, 0x00, 0x65, 0x00, 0x65, 0x00, 0x65, 0x00, 0x65, 0x00, 0x65, 0x00,
    0x65, 0x00, 0x66, 0x00, 0x65, 0x00, 0x65, 0x00, 0x65, 0x00, 0x65, 0x00, 0x65, 0x00, 0x65, 0x00,
    0x66, 0x00, 0x66, 0x00, 0x66, 0x00, 0x66, 0x00, 0x66, 0x00, 0x65, 0x00, 0x65, 0x00, 0x65, 0x00,
    0x65, 0x00, 0x65, 0x00, 0x65, 0x00, 0x66, 0x00, 0x66, 0x00, 0x66, 0x00, 0x65, 0x00, 0x65, 0x00,
    0x66, 0x00, 0x66, 0x00, 0x66, 0x00, 0x66, 0x00, 0x66, 0x00, 0x66, 0x00, 0x66, 0x00, 0x66, 0x00,
    0x66, 0x00, 0x66, 0x00, 0x66, 0x00, 0x66, 0x00, 0x66, 0x00, 0x66, 0x00, 0x66, 0x00, 0x66, 0x00,
    0x66, 0x00, 0x66, 0x00, 0x66, 0x00, 0x66, 0x00, 0x66, 0x00, 0x66, 0x00, 0x66, 0x00, 0x66, 0x00,
    0x66, 0x00, 0x66, 0x00, 0x66, 0x00, 0x66, 0x00, 0x86, 0x00, 0x86, 0x00, 0x86, 0x00, 0x86, 0x00,
    0x86, 0x00, 0x86, 0x00, 0x86, 0x00, 0x86, 0x00, 0x86, 0x00, 0x86, 0x00, 0x86, 0x00, 0x86, 0x00,
    0x86, 0x00, 0x86, 0x00, 0x86, 0x00, 0x86, 0x00, 0x86, 0x00, 0x86, 0x00, 0x86, 0x00, 0x86, 0x00,
    0x86, 0x00, 0x86, 0x00, 0x86, 0x00, 0x86, 0x00, 0x86, 0x00, 0x86, 0x00, 0x86, 0x00, 0x86, 0x00,
    0x86, 0x00, 0x86, 0x00, 0x86, 0x00, 0x86, 0x00, 0x86, 0x00, 0x86, 0x00, 0x86, 0x00, 0x86, 0x00,
    0x86, 0x00, 0x87, 0x00, 0x87, 0x00, 0x87, 0x00, 0x87, 0x00, 0x87, 0x00, 0x87, 0x00, 0x87, 0x00,
    0x87, 0x00, 0x87, 0x00, 0x87, 0x00, 0x86, 0x00, 0x86, 0x00, 0x86, 0x00, 0x87, 0x00, 0x86, 0x00,
    0x86, 0x00, 0x86, 0x00, 0x86, 0x00, 0x87, 0x00, 0x87, 0x00, 0x87, 0x00, 0x87, 0x00, 0x87, 0x00,
    0x87, 0x00, 0x87, 0x00, 0x87, 0x00, 0x87, 0x00, 0x87, 0x00, 0x87, 0x00, 0x87, 0x00, 0x87, 0x00,
    0x87, 0x00, 0x86, 0x00, 0x86, 0x00, 0x86, 0x00, 0x86, 0x00, 0x86, 0x00, 0x86, 0x00, 0x86, 0x00,
    0x86, 0x00, 0x86, 0x00, 0x86, 0x00, 0x86, 0x00, 0x86, 0x00, 0x86, 0x00, 0x86, 0x00, 0x86, 0x00,
    0x86, 0x00, 0x86, 0x00, 0x86, 0x00, 0x86, 0x00, 0x86, 0x00, 0x86, 0x00, 0x86, 0x00, 0x86, 0x00,
    0x86, 0x00, 0x86, 0x00, 0x86, 0x00, 0x86, 0x00, 0x86, 0x00, 0x86, 0x00, 0x86, 0x00, 0x86, 0x00,
    0x86, 0x00, 0x86, 0x00, 0x86, 0x00, 0x86, 0x00, 0x86, 0x00, 0x86, 0x00, 0x86, 0x00, 0x86, 0x00,
    0x86, 0x00, 0x86, 0x00, 0x86, 0x00, 0x86, 0x00, 0x86, 0x00, 0x86, 0x00, 0x86, 0x00, 0x66, 0x00,
    0x66, 0x00, 0x66, 0x00, 0x66, 0x00, 0x66, 0x00, 0x66, 0x00, 0x66, 0x00, 0x66, 0x00, 0x66, 0x00,
    0x66, 0x00, 0x66, 0x00, 0x86, 0x00, 0x86, 0x00, 0x86, 0x00, 0x86, 0x00, 0x86, 0x00, 0x66, 0x00,
    0x66, 0x00, 0x66, 0x00, 0x66, 0x00, 0x66, 0x00, 0x66, 0x00, 0x66, 0x00, 0x66, 0x00, 0x65, 0x00,
    0x65, 0x00, 0x66, 0x00, 0x66, 0x00, 0x66, 0x00, 0x66, 0x00, 0x66, 0x00, 0x66, 0x00, 0x66, 0x00,
    0x66, 0x00, 0x66, 0x00, 0x66, 0x00, 0x66, 0x00, 0x65, 0x00, 0x65, 0x00, 0x65, 0x00, 0x65, 0x00,
    0x66, 0x00, 0x65, 0x00, 0x65, 0x00, 0x65, 0x00, 0x65, 0x00, 0x65, 0x00, 0x65, 0x00, 0x65, 0x00,
    0x65, 0x00, 0x65, 0x00, 0x65, 0x00, 0x65, 0x00, 0x65, 0x00, 0x65, 0x00, 0x65, 0x00, 0x65, 0x00,
    0x65, 0x00, 0x65, 0x00, 0x65, 0x00, 0x65, 0x00, 0x65, 0x00, 0x65, 0x00, 0x65, 0x00, 0x45, 0x00,
    0x65, 0x00, 0x65, 0x00, 0x45, 0x00, 0x45, 0x00, 0x45, 0x00, 0x45, 0x00, 0x45, 0x00, 0x45, 0x00,
    0x45, 0x00, 0x45, 0x00, 0x45, 0x00, 0x45, 0x00, 0x45, 0x00, 0x45, 0x00, 0x45, 0x00, 0x45, 0x00,
    0x45, 0x00, 0x44, 0x00, 0x44, 0x00, 0x44, 0x00, 0x44, 0x00, 0x44, 0x00, 0x45, 0x00, 0x45, 0x00,
    0x45, 0x00, 0x45, 0x00, 0x45, 0x00, 0x45, 0x00, 0x45, 0x00, 0x45, 0x00, 0x45, 0x00, 0x45, 0x00,
    0x45, 0x00, 0x45, 0x00, 0x45, 0x00, 0x45, 0x00, 0x45, 0x00, 0x45, 0x00, 0x45, 0x00, 0x45, 0x00,
    0x45, 0x00, 0x45, 0x00, 0x65, 0x00, 0x65, 0x00, 0x65, 0x00, 0x65, 0x00, 0x65, 0x00, 0x65, 0x00,
    0x45, 0x00, 0x45, 0x00, 0x65, 0x00, 0x65, 0x00, 0x65, 0x00, 0x65, 0x00, 0x65, 0x00, 0x65, 0x00,
    0x65, 0x00, 0x45, 0x00, 0x45, 0x00, 0x45, 0x00, 0x45, 0x00, 0x45, 0x00, 0x65, 0x00, 0x45, 0x00,
    0x45, 0x00, 0x65, 0x00, 0x65, 0x00, 0x65, 0x00, 0x65, 0x00, 0x65, 0x00, 0x65, 0x00, 0x65, 0x00,
    0x65, 0x00, 0x65, 0x00, 0x65, 0x00, 0x65, 0x00, 0x65, 0x00, 0x65, 0x00, 0x65, 0x00, 0x65, 0x00,
    0x65, 0x00, 0x65, 0x00, 0x65, 0x00, 0x65, 0x00, 0x65, 0x00, 0x65, 0x00, 0x65, 0x00, 0x65, 0x00,
    0x65, 0x00, 0x66, 0x00, 0x65, 0x00, 0x65, 0x00, 0x65, 0x00, 0x65, 0x00, 0x65, 0x00, 0x65, 0x00,
    0x66, 0x00, 0x66, 0x00, 0x66, 0x00, 0x66, 0x00, 0x66, 0x00, 0x66, 0x00, 0x65, 0x00, 0x65, 0x00,
    0x65, 0x00, 0x66, 0x00, 0x66, 0x00, 0x66, 0x00, 0x66, 0x00, 0x66, 0x00, 0x66, 0x00, 0x66, 0x00,
    0x66, 0x00, 0x66, 0x00, 0x66, 0x00, 0x66, 0x00, 0x66, 0x00, 0x66, 0x00, 0x66, 0x00, 0x66, 0x00,
    0x66, 0x00, 0x66, 0x00, 0x66, 0x00, 0x66, 0x00, 0x66, 0x00, 0x66, 0x00, 0x66, 0x00, 0x66, 0x00,
    0x66, 0x00, 0x66, 0x00, 0x66, 0x00, 0x66, 0x00, 0x66, 0x00, 0x66, 0x00, 0x66, 0x00, 0x66, 0x00,
    0x86, 0x00, 0x86, 0x00, 0x86, 0x00, 0x86, 0x00, 0x86, 0x00, 0x86, 0x00, 0x86, 0x00, 0x86, 0x00,
    0x86, 0x00, 0x86, 0x00, 0x86, 0x00, 0x86, 0x00, 0x86, 0x00, 0x86, 0x00, 0x86, 0x00, 0x86, 0x00,
    0x86, 0x00, 0x86, 0x00, 0x86, 0x00, 0x86, 0x00, 0x86, 0x00, 0x86, 0x00, 0x86, 0x00, 0x86, 0x00,
    0x86, 0x00, 0x86, 0x00, 0x86, 0x00, 0x86, 0x00, 0x86, 0x00, 0x86, 0x00, 0x86, 0x00, 0x86, 0x00,
    0x86, 0x00, 0x86, 0x00, 0x86, 0x00, 0x86, 0x00, 0x86, 0x00, 0x86, 0x00, 0x86, 0x00, 0x86, 0x00,
    0x86, 0x00, 0x87, 0x00, 0x87, 0x00, 0x87, 0x00, 0x87, 0x00, 0x87, 0x00, 0x87, 0x00, 0x87, 0x00,
    0x87, 0x00, 0x87, 0x00, 0x87, 0x00, 0x87, 0x00, 0x87, 0x00, 0x87, 0x00, 0x87, 0x00, 0x87, 0x00,
    0x86, 0x00, 0x86, 0x00, 0x87, 0x00, 0x87, 0x00, 0x87, 0x00, 0x87, 0x00, 0x87, 0x00, 0x87, 0x00,
    0x86, 0x00, 0x86, 0x00, 0x87, 0x00, 0x87, 0x00, 0x87, 0x00, 0x87, 0x00, 0x87, 0x00, 0x87, 0x00,
    0x87, 0x00, 0x86, 0x00, 0x86, 0x00, 0x66, 0x00, 0x49, 0x11, 0x49, 0x11, 0x86, 0x00, 0x87, 0x00,
    0x87, 0x00, 0x86, 0x00, 0x86, 0x00, 0x86, 0x00, 0x86, 0x00, 0x86, 0x00, 0x86, 0x00, 0x86, 0x00,
    0x86, 0x00, 0x86, 0x00, 0x86, 0x00, 0x86, 0x00, 0x86, 0x00, 0x86, 0x00, 0x86, 0x00, 0x86, 0x00,
    0x86, 0x00, 0x86, 0x00, 0x86, 0x00, 0x86, 0x00, 0x86, 0x00, 0x86, 0x00, 0x86, 0x00, 0x86, 0x00,
    0x86, 0x00, 0x86, 0x00, 0x86, 0x00, 0x86, 0x00, 0x86, 0x00, 0x86, 0x00, 0x86, 0x00, 0x86, 0x00,
    0x86, 0x00, 0x86, 0x00, 0x86, 0x00, 0x86, 0x00, 0x86, 0x00, 0x86, 0x00, 0x86, 0x00, 0x86, 0x00,
    0x86, 0x00, 0x86, 0x00, 0x86, 0x00, 0x66, 0x00, 0x66, 0x00, 0x66, 0x00, 0x66, 0x00, 0x66, 0x00,
    0x66, 0x00, 0x66, 0x00, 0x86, 0x00, 0x86, 0x00, 0x86, 0x00, 0x66, 0x00, 0x86, 0x00, 0x66, 0x00,
    0x66, 0x00, 0x66, 0x00, 0x86, 0x00, 0x66, 0x00, 0x66, 0x00, 0x66, 0x00, 0x66, 0x00, 0x66, 0x00,
    0x66, 0x00, 0x66, 0x00, 0x66, 0x00, 0x66, 0x00, 0x66, 0x00, 0x66, 0x00, 0x66, 0x00, 0x66, 0x00,
    0x66, 0x00, 0x66, 0x00, 0x66, 0x00, 0x66, 0x00, 0x66, 0x00, 0x65, 0x00, 0x65, 0x00, 0x65, 0x00,
    0x65, 0x00, 0x65, 0x00, 0x65, 0x00, 0x65, 0x00, 0x65, 0x00, 0x65, 0x00, 0x65, 0x00, 0x65, 0x00,
    0x65, 0x00, 0x65, 0x00, 0x65, 0x00, 0x65, 0x00, 0x65, 0x00, 0x65, 0x00, 0x65, 0x00, 0x65, 0x00,
    0x65, 0x00, 0x65, 0x00, 0x65, 0x00, 0x65, 0x00, 0x65, 0x00, 0x65, 0x00, 0x65, 0x00, 0x45, 0x00,
    0x65, 0x00, 0x65, 0x00, 0x65, 0x00, 0x65, 0x00, 0x45, 0x00, 0x65, 0x00, 0x65, 0x00, 0x65, 0x00,
    0x65, 0x00, 0x65, 0x00, 0x65, 0x00, 0x65, 0x00, 0x45, 0x00, 0x45, 0x00, 0x45, 0x00, 0x45, 0x00,
    0x45, 0x00, 0x44, 0x00, 0x44, 0x00, 0x44, 0x00, 0x44, 0x00, 0x44, 0x00, 0x45, 0x00, 0x45, 0x00,
    0x45, 0x00, 0x45, 0x00, 0x45, 0x00, 0x45, 0x00, 0x45, 0x00, 0x45, 0x00, 0x45, 0x00, 0x45, 0x00,
    0x45, 0x00, 0x45, 0x00, 0x65, 0x00, 0x65, 0x00, 0x65, 0x00, 0x65, 0x00, 0x65, 0x00, 0x65, 0x00,
    0x65, 0x00, 0x65, 0x00, 0x65, 0x00, 0x65, 0x00, 0x65, 0x00, 0x65, 0x00, 0x65, 0x00, 0x45, 0x00,
    0x45, 0x00, 0x45, 0x00, 0x45, 0x00, 0x45, 0x00, 0x65, 0x00, 0x65, 0x00, 0x65, 0x00, 0x45, 0x00,
    0x45, 0x00, 0x45, 0x00, 0x45, 0x00, 0x45, 0x00, 0x65, 0x00, 0x65, 0x00, 0x65, 0x00, 0x45, 0x00,
    0x45, 0x00, 0x65, 0x00, 0x65, 0x00, 0x65, 0x00, 0x65, 0x00, 0x65, 0x00, 0x65, 0x00, 0x65, 0x00,
    0x65, 0x00, 0x65, 0x00, 0x65, 0x00, 0x65, 0x00, 0x65, 0x00, 0x65, 0x00, 0x65, 0x00, 0x65, 0x00,
    0x65, 0x00, 0x65, 0x00, 0x65, 0x00, 0x65, 0x00, 0x65, 0x00, 0x65, 0x00, 0x65, 0x00, 0x65, 0x00,
    0x65, 0x00, 0x65, 0x00, 0x65, 0x00, 0x66, 0x00, 0x66, 0x00, 0x66, 0x00, 0x66, 0x00, 0x66, 0x00,
    0x66, 0x00, 0x66, 0x00, 0x66, 0x00, 0x66, 0x00, 0x66, 0x00, 0x66, 0x00, 0x66, 0x00, 0x66, 0x00,
    0x66, 0x00, 0x66, 0x00, 0x66, 0x00, 0x66, 0x00, 0x66, 0x00, 0x66, 0x00, 0x66, 0x00, 0x66, 0x00,
    0x66, 0x00, 0x66, 0x00, 0x86, 0x00, 0x66, 0x00, 0x66, 0x00, 0x66, 0x00, 0x66, 0x00, 0x66, 0x00,
    0x66, 0x00, 0x66, 0x00, 0x66, 0x00, 0x66, 0x00, 0x66, 0x00, 0x66, 0x00, 0x66, 0x00, 0x66, 0x00,
    0x66, 0x00, 0x66, 0x00, 0x66, 0x00, 0x86, 0x00, 0x86, 0x00, 0x86, 0x00, 0x86, 0x00, 0x86, 0x00,
    0x86, 0x00, 0x86, 0x00, 0x86, 0x00, 0x86, 0x00, 0x86, 0x00, 0x86, 0x00, 0x86, 0x00, 0x86, 0x00,
    0x86, 0x00, 0x86, 0x00, 0x86, 0x00, 0x86, 0x00, 0x86, 0x00, 0x86, 0x00, 0x86, 0x00, 0x86, 0x00,
    0x86, 0x00, 0x86, 0x00, 0x86, 0x00, 0x86, 0x00, 0x86, 0x00, 0x86, 0x00, 0x86, 0x00, 0x86, 0x00,
    0x86, 0x00, 0x86, 0x00, 0x86, 0x00, 0x86, 0x00, 0x86, 0x00, 0x86, 0x00, 0x86, 0x00, 0x86, 0x00,
    0x86, 0x00, 0x86, 0x00, 0x86, 0x00, 0x86, 0x00, 0x86, 0x00, 0x86, 0x00, 0x86, 0x00, 0x86, 0x00,
    0x86, 0x00, 0x87, 0x00, 0x87, 0x00, 0x87, 0x00, 0x87, 0x00, 0x87, 0x00, 0x87, 0x00, 0x87, 0x00,
    0x87, 0x00, 0x87, 0x00, 0x87, 0x00, 0x87, 0x00, 0x87, 0x00, 0x87, 0x00, 0x87, 0x00, 0x87, 0x00,
    0xA6, 0x00, 0xA6, 0x00, 0xA7, 0x00, 0xA7, 0x00, 0xA7, 0x00, 0x87, 0x00, 0x87, 0x00, 0x87, 0x00,
    0x87, 0x00, 0x87, 0x00, 0x87, 0x00, 0x87, 0x00, 0x87, 0x00, 0x87, 0x00, 0x87, 0x00, 0x87, 0x00,
    0x87, 0x00, 0x87, 0x00, 0xA6, 0x00, 0x66, 0x00, 0xAA, 0x21, 0xCB, 0x21, 0x66, 0x00, 0x87, 0x00,
    0x87, 0x00, 0x86, 0x00, 0x87, 0x00, 0x87, 0x00, 0x86, 0x00, 0x86, 0x00, 0x87, 0x00, 0x87, 0x00,
    0x87, 0x00, 0x87, 0x00, 0x87, 0x00, 0x86, 0x00, 0x86, 0x00, 0x86, 0x00, 0x86, 0x00, 0x86, 0x00,
    0x86, 0x00, 0x86, 0x00, 0x86, 0x00, 0x86, 0x00, 0x86, 0x00, 0x86, 0x00, 0x86, 0x00, 0x86, 0x00,
    0x86, 0x00, 0x86, 0x00, 0x86, 0x00, 0x86, 0x00, 0x86, 0x00, 0x86, 0x00, 0x86, 0x00, 0x86, 0x00,
    0x86, 0x00, 0x86, 0x00, 0x86, 0x00, 0x86, 0x00, 0x86, 0x00, 0x86, 0x00, 0x86, 0x00, 0x86, 0x00,
    0x86, 0x00, 0x86, 0x00, 0x86, 0x00, 0x86, 0x00, 0x86, 0x00, 0x86, 0x00, 0x86, 0x00, 0x86, 0x00,
    0x86, 0x00, 0x86, 0x00, 0x86, 0x00, 0x86, 0x00, 0x86, 0x00, 0x66, 0x00, 0x86, 0x00, 0x86, 0x00,
    0x86, 0x00, 0x86, 0x00, 0x66, 0x00, 0x66, 0x00, 0x66, 0x00, 0x66, 0x00, 0x66, 0x00, 0x66, 0x00,
    0x66, 0x00, 0x66, 0x00, 0x66, 0x00, 0x66, 0x00, 0x66, 0x00, 0x66, 0x00, 0x66, 0x00, 0x66, 0x00,
    0x66, 0x00, 0x66, 0x00, 0x66, 0x00, 0x66, 0x00, 0x66, 0x00, 0x66, 0x00, 0x65, 0x00, 0x65, 0x00,
    0x65, 0x00, 0x65, 0x00, 0x65, 0x00, 0x65, 0x00, 0x65, 0x00, 0x65, 0x00, 0x65, 0x00, 0x65, 0x00,
    0x65, 0x00, 0x65, 0x00, 0x65, 0x00, 0x65, 0x00, 0x65, 0x00, 0x65, 0x00, 0x65, 0x00, 0x65, 0x00,
    0x65, 0x00, 0x65, 0x00, 0x65, 0x00, 0x65, 0x00, 0x65, 0x00, 0x65, 0x00, 0x65, 0x00, 0x65, 0x00,
    0x65, 0x00, 0x65, 0x00, 0x65, 0x00, 0x65, 0x00, 0x65, 0x00, 0x65, 0x00, 0x65, 0x00, 0x65, 0x00,
    0x65, 0x00, 0x65, 0x00, 0x65, 0x00, 0x65, 0x00, 0x65, 0x00, 0x65, 0x00, 0x45, 0x00, 0x45, 0x00,
    0x45, 0x00, 0x45, 0x00, 0x44, 0x00, 0x44, 0x00, 0x44, 0x00, 0x44, 0x00, 0x45, 0x00, 0x45, 0x00,
    0x45, 0x00, 0x45, 0x00, 0x45, 0x00, 0x45, 0x00, 0x45, 0x00, 0x45, 0x00, 0x45, 0x00, 0x45, 0x00,
    0x45, 0x00, 0x45, 0x00, 0x65, 0x00, 0x65, 0x00, 0x65, 0x00, 0x65, 0x00, 0x65, 0x00, 0x65, 0x00,
    0x65, 0x00, 0x65, 0x00, 0x65, 0x00, 0x65, 0x00, 0x65, 0x00, 0x65, 0x00, 0x65, 0x00, 0x45, 0x00,
    0x45, 0x00, 0x45, 0x00, 0x45, 0x00, 0x45, 0x00, 0x65, 0x00, 0x65, 0x00, 0x45, 0x00, 0x45, 0x00,
    0x45, 0x00, 0x45, 0x00, 0x45, 0x00, 0x45, 0x00, 0x65, 0x00, 0x65, 0x00, 0x65, 0x00, 0x65, 0x00,
    0x65, 0x00, 0x65, 0x00, 0x65, 0x00, 0x65, 0x00, 0x65, 0x00, 0x65, 0x00, 0x65, 0x00, 0x65, 0x00,
    0x65, 0x00, 0x65, 0x00, 0x65, 0x00, 0x65, 0x00, 0x65, 0x00, 0x65, 0x00, 0x65, 0x00, 0x65, 0x00,
    0x65, 0x00, 0x65, 0x00, 0x65, 0x00, 0x65, 0x00, 0x65, 0x00, 0x65, 0x00, 0x65, 0x00, 0x65, 0x00,
    0x65, 0x00, 0x66, 0x00, 0x66, 0x00, 0x66, 0x00, 0x86, 0x00, 0x86, 0x00, 0x66, 0x00, 0x66, 0x00,
    0x66, 0x00, 0x66, 0x00, 0x66, 0x00, 0x66, 0x00, 0x66, 0x00, 0x66, 0x00, 0x66, 0x00, 0x66, 0x00,
    0x66, 0x00, 0x66, 0x00, 0x66, 0x00, 0x86, 0x00, 0x66, 0x00, 0x86, 0x00, 0x86, 0x00, 0x86, 0x00,
    0x66, 0x00, 0x86, 0x00, 0x86, 0x00, 0x86, 0x00, 0x86, 0x00, 0x66, 0x00, 0x66, 0x00, 0x66, 0x00,
    0x66, 0x00, 0x66, 0x00, 0x66, 0x00, 0x66, 0x00, 0x66, 0x00, 0x66, 0x00, 0x66, 0x00, 0x66, 0x00,
    0x86, 0x00, 0x86, 0x00, 0x86, 0x00, 0x86, 0x00, 0x86, 0x00, 0x86, 0x00, 0x86, 0x00, 0x86, 0x00,
    0x86, 0x00, 0x86, 0x00, 0x86, 0x00, 0x86, 0x00, 0x86, 0x00, 0x86, 0x00, 0x86, 0x00, 0x86, 0x00,
    0x86, 0x00, 0x86, 0x00, 0x86, 0x00, 0x86, 0x00, 0x86, 0x00, 0x86, 0x00, 0x86, 0x00, 0x86, 0x00,
    0x86, 0x00, 0x86, 0x00, 0x86, 0x00, 0x86, 0x00, 0x86, 0x00, 0x86, 0x00, 0x86, 0x00, 0x86, 0x00,
    0x86, 0x00, 0x86, 0x00, 0x86, 0x00, 0x86, 0x00, 0x86, 0x00, 0x86, 0x00, 0x86, 0x00, 0x86, 0x00,
    0x86, 0x00, 0x86, 0x00, 0x86, 0x00, 0x86, 0x00, 0x87, 0x00, 0x87, 0x00, 0x87, 0x00, 0x87, 0x00,
    0x87, 0x00, 0x87, 0x00, 0x87, 0x00, 0x87, 0x00, 0x87, 0x00, 0x87, 0x00, 0x87, 0x00, 0x87, 0x00,
    0x87, 0x00, 0x87, 0x00, 0x87, 0x00, 0xA7, 0x00, 0xA7, 0x00, 0xA7, 0x00, 0xA7, 0x00, 0xA7, 0x00,
    0xA6, 0x00, 0xA7, 0x00, 0xA7, 0x00, 0xA7, 0x00, 0xA7, 0x00, 0xA7, 0x00, 0xA7, 0x00, 0xA7, 0x00,
    0xA7, 0x00, 0xA7, 0x00, 0x87, 0x00, 0x87, 0x00, 0x87, 0x00, 0x87, 0x00, 0x87, 0x00, 0xA7, 0x00,
    0xA7, 0x00, 0xA7, 0x00, 0xA7, 0x00, 0x86, 0x00, 0x86, 0x00, 0x86, 0x00, 0x86, 0x00, 0x87, 0x00,
    0x87, 0x00, 0x87, 0x00, 0x87, 0x00, 0x87, 0x00, 0x87, 0x00, 0x87, 0x00, 0x87, 0x00, 0x87, 0x00,
    0x87, 0x00, 0x87, 0x00, 0x87, 0x00, 0x86, 0x00, 0x86, 0x00, 0x86, 0x00, 0x86, 0x00, 0x86, 0x00,
    0x86, 0x00, 0x86, 0x00, 0x86, 0x00, 0x86, 0x00, 0x86, 0x00, 0x86, 0x00, 0x86, 0x00, 0x86, 0x00,
    0x86, 0x00, 0x86, 0x00, 0x86, 0x00, 0x86, 0x00, 0x86, 0x00, 0x86, 0x00, 0x86, 0x00, 0x86, 0x00,
    0x86, 0x00, 0x86, 0x00, 0x86, 0x00, 0x86, 0x00, 0x86, 0x00, 0x86, 0x00, 0x86, 0x00, 0x86, 0x00,
    0x86, 0x00, 0x86, 0x00, 0x86, 0x00, 0x86, 0x00, 0x86, 0x00, 0x86, 0x00, 0x86, 0x00, 0x86, 0x00,
    0x86, 0x00, 0x86, 0x00, 0x86, 0x00, 0x86, 0x00, 0x86, 0x00, 0x66, 0x00, 0x86, 0x00, 0x86, 0x00,
    0x86, 0x00, 0x86, 0x00, 0x66, 0x00, 0x86, 0x00, 0x86, 0x00, 0x86, 0x00, 0x86, 0x00, 0x86, 0x00,
    0x86, 0x00, 0x86, 0x00, 0x66, 0x00, 0x66, 0x00, 0x66, 0x00, 0x86, 0x00, 0x86, 0x00, 0x66, 0x00,
    0x66, 0x00, 0x66, 0x00, 0x66, 0x00, 0x66, 0x00, 0x65, 0x00, 0x65, 0x00, 0x65, 0x00, 0x65, 0x00,
    0x65, 0x00, 0x65, 0x00, 0x65, 0x00, 0x65, 0x00, 0x65, 0x00, 0x65, 0x00, 0x65, 0x00, 0x65, 0x00,
    0x65, 0x00, 0x65, 0x00, 0x65, 0x00, 0x65, 0x00, 0x65, 0x00, 0x65, 0x00, 0x65, 0x00, 0x65, 0x00,
    0x65, 0x00, 0x65, 0x00, 0x65, 0x00, 0x65, 0x00, 0x65, 0x00, 0x65, 0x00, 0x65, 0x00, 0x65, 0x00,
    0x65, 0x00, 0x65, 0x00, 0x65, 0x00, 0x65, 0x00, 0x65, 0x00, 0x65, 0x00, 0x65, 0x00, 0x65, 0x00,
    0x65, 0x00, 0x65, 0x00, 0x65, 0x00, 0x65, 0x00, 0x65, 0x00, 0x65, 0x00, 0x65, 0x00, 0x65, 0x00,
    0x65, 0x00, 0x45, 0x00, 0x45, 0x00, 0x44, 0x00, 0x44, 0x00, 0x44, 0x00, 0x45, 0x00, 0x45, 0x00,
    0x45, 0x00, 0x45, 0x00, 0x45, 0x00, 0x45, 0x00, 0x45, 0x00, 0x45, 0x00, 0x45, 0x00, 0x45, 0x00,
    0x45, 0x00, 0x65, 0x00, 0x65, 0x00, 0x65, 0x00, 0x65, 0x00, 0x65, 0x00, 0x65, 0x00, 0x65, 0x00,
    0x65, 0x00, 0x45, 0x00, 0x65, 0x00, 0x45, 0x00, 0x45, 0x00, 0x45, 0x00, 0x45, 0x00, 0x45, 0x00,
    0x45, 0x00, 0x45, 0x00, 0x45, 0x00, 0x45, 0x00, 0x65, 0x00, 0x65, 0x00, 0x45, 0x00, 0x65, 0x00,
    0x65, 0x00, 0x65, 0x00, 0x65, 0x00, 0x65, 0x00, 0x65, 0x00, 0x65, 0x00, 0x65, 0x00, 0x65, 0x00,
    0x65, 0x00, 0x65, 0x00, 0x45, 0x00, 0x66, 0x00, 0x66, 0x00, 0x66, 0x00, 0x66, 0x00, 0x66, 0x00,
    0x66, 0x00, 0x66, 0x00, 0x65, 0x00, 0x65, 0x00, 0x65, 0x00, 0x65, 0x00, 0x65, 0x00, 0x65, 0x00,
    0x65, 0x00, 0x66, 0x00, 0x65, 0x00, 0x65, 0x00, 0x65, 0x00, 0x65, 0x00, 0x65, 0x00, 0x66, 0x00,
    0x66, 0x00, 0x66, 0x00, 0x66, 0x00, 0x66, 0x00, 0x66, 0x00, 0x66, 0x00, 0x66, 0x00, 0x66, 0x00,
    0x66, 0x00, 0x66, 0x00, 0x66, 0x00, 0x66, 0x00, 0x66, 0x00, 0x66, 0x00, 0x66, 0x00, 0x66, 0x00,
    0x66, 0x00, 0x66, 0x00, 0x66, 0x00, 0x66, 0x00, 0x66, 0x00, 0x66, 0x00, 0x66, 0x00, 0x66, 0x00,
    0x66, 0x00, 0x66, 0x00, 0x66, 0x00, 0x66, 0x00, 0x66, 0x00, 0x86, 0x00, 0x86, 0x00, 0x86, 0x00,
    0x86, 0x00, 0x86, 0x00, 0x66, 0x00, 0x66, 0x00, 0x86, 0x00, 0x86, 0x00, 0x86, 0x00, 0x86, 0x00,
    0x86, 0x00, 0x86, 0x00, 0x86, 0x00, 0x86, 0x00, 0x86, 0x00, 0x86, 0x00, 0x86, 0x00, 0xA7, 0x00,
    0x86, 0x00, 0x86, 0x00, 0x86, 0x00, 0x86, 0x00, 0x86, 0x00, 0x86, 0x00, 0x86, 0x00, 0x86, 0x00,
    0x86, 0x00, 0x86, 0x00, 0x86, 0x00, 0x86, 0x00, 0x86, 0x00, 0x86, 0x00, 0xA6, 0x00, 0xA6, 0x00,
    0x86, 0x00, 0x86, 0x00, 0x86, 0x00, 0x87, 0x00, 0x87, 0x00, 0x86, 0x00, 0x86, 0x00, 0x86, 0x00,
    0x86, 0x00, 0x86, 0x00, 0x86, 0x00, 0x86, 0x00, 0x86, 0x00, 0x86, 0x00, 0x86, 0x00, 0x87, 0x00,
    0x87, 0x00, 0x87, 0x00, 0x87, 0x00, 0x87, 0x00, 0x86, 0x00, 0x86, 0x00, 0x86, 0x00, 0x86, 0x00,
    0x86, 0x00, 0x87, 0x00, 0x87, 0x00, 0x87, 0x00, 0x87, 0x00, 0x87, 0x00, 0x87, 0x00, 0x87, 0x00,
    0x87, 0x00, 0x87, 0x00, 0x87, 0x00, 0x87, 0x00, 0x87, 0x00, 0x87, 0x00, 0x87, 0x00, 0x87, 0x00,
    0x87, 0x00, 0x87, 0x00, 0x87, 0x00, 0x87, 0x00, 0x87, 0x00, 0x87, 0x00, 0x87, 0x00, 0x87, 0x00,
    0x87, 0x00, 0x87, 0x00, 0x87, 0x00, 0x87, 0x00, 0x87, 0x00, 0x87, 0x00, 0x87, 0x00, 0x87, 0x00,
    0x87, 0x00, 0x87, 0x00, 0x87, 0x00, 0x87, 0x00, 0x87, 0x00, 0x87, 0x00, 0x87, 0x00, 0x87, 0x00,
    0x87, 0x00, 0x87, 0x00, 0x87, 0x00, 0x86, 0x00, 0x86, 0x00, 0x86, 0x00, 0xA7, 0x00, 0xA7, 0x00,
    0xA7, 0x00, 0xA7, 0x00, 0xA7, 0x00, 0xA7, 0x00, 0xA7, 0x00, 0xA7, 0x00, 0xA7, 0x00, 0xA7, 0x00,
    0x86, 0x00, 0x86, 0x00, 0x86, 0x00, 0x86, 0x00, 0x86, 0x00, 0x86, 0x00, 0x86, 0x00, 0x86, 0x00,
    0x86, 0x00, 0x86, 0x00, 0x86, 0x00, 0x86, 0x00, 0x86, 0x00, 0x86, 0x00, 0x86, 0x00, 0x86, 0x00,
    0x86, 0x00, 0x86, 0x00, 0x86, 0x00, 0x86, 0x00, 0x86, 0x00, 0x86, 0x00, 0x86, 0x00, 0x86, 0x00,
    0x86, 0x00, 0x86, 0x00, 0x86, 0x00, 0x86, 0x00, 0x86, 0x00, 0x86, 0x00, 0x86, 0x00, 0x86, 0x00,
    0x86, 0x00, 0x86, 0x00, 0x86, 0x00, 0x86, 0x00, 0x66, 0x00, 0x66, 0x00, 0x66, 0x00, 0x66, 0x00,
    0x66, 0x00, 0x66, 0x00, 0x66, 0x00, 0x66, 0x00, 0x66, 0x00, 0x66, 0x00, 0x66, 0x00, 0x86, 0x00,
    0x86, 0x00, 0x66, 0x00, 0x66, 0x00, 0x66, 0x00, 0x66, 0x00, 0x66, 0x00, 0x66, 0x00, 0x85, 0x00,
    0x85, 0x00, 0x66, 0x00, 0x66, 0x00, 0x66, 0x00, 0x65, 0x00, 0x65, 0x00, 0x65, 0x00, 0x65, 0x00,
    0x65, 0x00, 0x65, 0x00, 0x65, 0x00, 0x65, 0x00, 0x65, 0x00, 0x65, 0x00, 0x65, 0x00, 0x65, 0x00,
    0x65, 0x00, 0x65, 0x00, 0x65, 0x00, 0x65, 0x00, 0x65, 0x00, 0x65, 0x00, 0x65, 0x00, 0x65, 0x00,
    0x65, 0x00, 0x65, 0x00, 0x65, 0x00, 0x65, 0x00, 0x65, 0x00, 0x65, 0x00, 0x65, 0x00, 0x65, 0x00,
    0x65, 0x00, 0x65, 0x00, 0x65, 0x00, 0x65, 0x00, 0x65, 0x00, 0x65, 0x00, 0x65, 0x00, 0x65, 0x00,
    0x65, 0x00, 0x65, 0x00, 0x65, 0x00, 0x65, 0x00, 0x65, 0x00, 0x65, 0x00, 0x65, 0x00, 0x65, 0x00,
    0x45, 0x00, 0x45, 0x00, 0x45, 0x00, 0x45, 0x00, 0x45, 0x00, 0x45, 0x00, 0x45, 0x00, 0x45, 0x00,
    0x45, 0x00, 0x45, 0x00, 0x45, 0x00, 0x45, 0x00, 0x45, 0x00, 0x45, 0x00, 0x45, 0x00, 0x45, 0x00,
    0x45, 0x00, 0x65, 0x00, 0x65, 0x00, 0x65, 0x00, 0x65, 0x00, 0x65, 0x00, 0x65, 0x00, 0x65, 0x00,
    0x65, 0x00, 0x45, 0x00, 0x65, 0x00, 0x45, 0x00, 0x45, 0x00, 0x45, 0x00, 0x45, 0x00, 0x65, 0x00,
    0x45, 0x00, 0x45, 0x00, 0x65, 0x00, 0x65, 0x00, 0x65, 0x00, 0x65, 0x00, 0x65, 0x00, 0x65, 0x00,
    0x65, 0x00, 0x65, 0x00, 0x65, 0x00, 0x65, 0x00, 0x65, 0x00, 0x65, 0x00, 0x65, 0x00, 0x65, 0x00,
    0x66, 0x00, 0x65, 0x00, 0x65, 0x00, 0x66, 0x00, 0x66, 0x00, 0x66, 0x00, 0x66, 0x00, 0x66, 0x00,
    0x65, 0x00, 0x65, 0x00, 0x65, 0x00, 0x65, 0x00, 0x65, 0x00, 0x65, 0x00, 0x65, 0x00, 0x65, 0x00,
    0x65, 0x00, 0x66, 0x00, 0x65, 0x00, 0x65, 0x00, 0x65, 0x00, 0x65, 0x00, 0x65, 0x00, 0x66, 0x00,
    0x66, 0x00, 0x66, 0x00, 0x66, 0x00, 0x66, 0x00, 0x66, 0x00, 0x66, 0x00, 0x66, 0x00, 0x66, 0x00,
    0x66, 0x00, 0x66, 0x00, 0x66, 0x00, 0x66, 0x00, 0x66, 0x00, 0x66, 0x00, 0x66, 0x00, 0x66, 0x00,
    0x66, 0x00, 0x66, 0x00, 0x66, 0x00, 0x66, 0x00, 0x66, 0x00, 0x66, 0x00, 0x66, 0x00, 0x66, 0x00,
    0x66, 0x00, 0x66, 0x00, 0x66, 0x00, 0x66, 0x00, 0x66, 0x00, 0x86, 0x00, 0x86, 0x00, 0x86, 0x00,
    0x86, 0x00, 0x86, 0x00, 0x66, 0x00, 0x66, 0x00, 0x86, 0x00, 0x86, 0x00, 0x86, 0x00, 0x86, 0x00,
    0x86, 0x00, 0x86, 0x00, 0x86, 0x00, 0x86, 0x00, 0x86, 0x00, 0x86, 0x00, 0x86, 0x00, 0x87, 0x00,
    0x86, 0x00, 0x86, 0x00, 0x86, 0x00, 0x86, 0x00, 0x86, 0x00, 0x86, 0x00, 0x86, 0x00, 0x86, 0x00,
    0x86, 0x00, 0x86, 0x00, 0x86, 0x00, 0x86, 0x00, 0x86, 0x00, 0x86, 0x00, 0x86, 0x00, 0x86, 0x00,
    0x86, 0x00, 0x86, 0x00, 0x86, 0x00, 0x86, 0x00, 0x86, 0x00, 0x86, 0x00, 0x86, 0x00, 0x86, 0x00,
    0x86, 0x00, 0x86, 0x00, 0x86, 0x00, 0x86, 0x00, 0x86, 0x00, 0x86, 0x00, 0x86, 0x00, 0x87, 0x00,
    0x87, 0x00, 0x87, 0x00, 0x87, 0x00, 0x87, 0x00, 0x87, 0x00, 0x87, 0x00, 0x87, 0x00, 0x87, 0x00,
    0x87, 0x00, 0x87, 0x00, 0x87, 0x00, 0x87, 0x00, 0x87, 0x00, 0x87, 0x00, 0x87, 0x00, 0x87, 0x00,
    0x87, 0x00, 0x87, 0x00, 0x87, 0x00, 0x87, 0x00, 0x87, 0x00, 0x87, 0x00, 0xA7, 0x00, 0xA7, 0x00,
    0x87, 0x00, 0x87, 0x00, 0x87, 0x00, 0x87, 0x00, 0x87, 0x00, 0x87, 0x00, 0x87, 0x00, 0x87, 0x00,
    0x87, 0x00, 0x87, 0x00, 0x87, 0x00, 0x87, 0x00, 0x87, 0x00, 0x87, 0x00, 0x87, 0x00, 0x87, 0x00,
    0x87, 0x00, 0x87, 0x00, 0x87, 0x00, 0x87, 0x00, 0x87, 0x00, 0x87, 0x00, 0x87, 0x00, 0x87, 0x00,
    0x87, 0x00, 0x87, 0x00, 0x87, 0x00, 0x87, 0x00, 0x87, 0x00, 0x87, 0x00, 0xA7, 0x00, 0xA7, 0x00,
    0xA7, 0x00, 0xA7, 0x00, 0xA7, 0x00, 0xA7, 0x00, 0xA7, 0x00, 0xA7, 0x00, 0xA7, 0x00, 0xA7, 0x00,
    0x86, 0x00, 0x86, 0x00, 0x86, 0x00, 0x86, 0x00, 0x86, 0x00, 0xA6, 0x00, 0x86, 0x00, 0x86, 0x00,
    0x86, 0x00, 0x86, 0x00, 0x86, 0x00, 0x86, 0x00, 0x86, 0x00, 0x86, 0x00, 0x86, 0x00, 0x86, 0x00,
    0x86, 0x00, 0x86, 0x00, 0x86, 0x00, 0x86, 0x00, 0x86, 0x00, 0x86, 0x00, 0x86, 0x00, 0x86, 0x00,
    0x86, 0x00, 0x86, 0x00, 0x86, 0x00, 0x86, 0x00, 0x86, 0x00, 0x86, 0x00, 0x86, 0x00, 0x86, 0x00,
    0x86, 0x00, 0x86, 0x00, 0x86, 0x00, 0x86, 0x00, 0x86, 0x00, 0x86, 0x00, 0x66, 0x00, 0x66, 0x00,
    0x86, 0x00, 0x66, 0x00, 0x66, 0x00, 0x66, 0x00, 0x66, 0x00, 0x66, 0x00, 0x66, 0x00, 0x86, 0x00,
    0x86, 0x00, 0x66, 0x00, 0x66, 0x00, 0x66, 0x00, 0x66, 0x00, 0x66, 0x00, 0x66, 0x00, 0x65, 0x00,
    0x65, 0x00, 0x66, 0x00, 0x66, 0x00, 0x66, 0x00, 0x65, 0x00, 0x65, 0x00, 0x65, 0x00, 0x65, 0x00,
    0x65, 0x00, 0x65, 0x00, 0x65, 0x00, 0x65, 0x00, 0x65, 0x00, 0x65, 0x00, 0x65, 0x00, 0x65, 0x00,
    0x65, 0x00, 0x65, 0x00, 0x65, 0x00, 0x65, 0x00, 0x65, 0x00, 0x65, 0x00, 0x65, 0x00, 0x65, 0x00,
    0x65, 0x00, 0x65, 0x00, 0x65, 0x00, 0x65, 0x00, 0x65, 0x00, 0x65, 0x00, 0x65, 0x00, 0x65, 0x00,
    0x65, 0x00, 0x65, 0x00, 0x65, 0x00, 0x65, 0x00, 0x65, 0x00, 0x65, 0x00, 0x65, 0x00, 0x65, 0x00,
    0x65, 0x00, 0x65, 0x00, 0x65, 0x00, 0x65, 0x00, 0x65, 0x00, 0x65, 0x00, 0x65, 0x00, 0x65, 0x00,
    0x45, 0x00, 0x45, 0x00, 0x45, 0x00, 0x45, 0x00, 0x45, 0x00, 0x45, 0x00, 0x65, 0x00, 0x45, 0x00,
    0x65, 0x00, 0x65, 0x00, 0x65, 0x00, 0x45, 0x00, 0x45, 0x00, 0x45, 0x00, 0x45, 0x00, 0x45, 0x00,
    0x45, 0x00, 0x65, 0x00, 0x65, 0x00, 0x65, 0x00, 0x65, 0x00, 0x65, 0x00, 0x65, 0x00, 0x45, 0x00,
    0x65, 0x00, 0x45, 0x00, 0x65, 0x00, 0x45, 0x00, 0x45, 0x00, 0x65, 0x00, 0x65, 0x00, 0x65, 0x00,
    0x45, 0x00, 0x45, 0x00, 0x65, 0x00, 0x65, 0x00, 0x65, 0x00, 0x65, 0x00, 0x65, 0x00, 0x65, 0x00,
    0x65, 0x00, 0x45, 0x00, 0x65, 0x00, 0x65, 0x00, 0x65, 0x00, 0x65, 0x00, 0x65, 0x00, 0x65, 0x00,
    0x65, 0x00, 0x66, 0x00, 0x65, 0x00, 0x66, 0x00, 0x66, 0x00, 0x66, 0x00, 0x66, 0x00, 0x66, 0x00,
    0x65, 0x00, 0x65, 0x00, 0x65, 0x00, 0x66, 0x00, 0x66, 0x00, 0x65, 0x00, 0x65, 0x00, 0x65, 0x00,
    0x65, 0x00, 0x66, 0x00, 0x65, 0x00, 0x65, 0x00, 0x66, 0x00, 0x66, 0x00, 0x66, 0x00, 0x66, 0x00,
    0x66, 0x00, 0x66, 0x00, 0x66, 0x00, 0x66, 0x00, 0x66, 0x00, 0x66, 0x00, 0x66, 0x00, 0x66, 0x00,
    0x66, 0x00, 0x66, 0x00, 0x66, 0x00, 0x86, 0x00, 0x66, 0x00, 0x66, 0x00, 0x66, 0x00, 0x66, 0x00,
    0x66, 0x00, 0x66, 0x00, 0x66, 0x00, 0x66, 0x00, 0x66, 0x00, 0x86, 0x00, 0x66, 0x00, 0x66, 0x00,
    0x86, 0x00, 0x86, 0x00, 0x86, 0x00, 0x86, 0x00, 0x86, 0x00, 0x86, 0x00, 0x86, 0x00, 0x86, 0x00,
    0x86, 0x00, 0x86, 0x00, 0x86, 0x00, 0x86, 0x00, 0x86, 0x00, 0x86, 0x00, 0x86, 0x00, 0x86, 0x00,
    0x86, 0x00, 0x86, 0x00, 0x86, 0x00, 0x86, 0x00, 0x86, 0x00, 0x86, 0x00, 0x86, 0x00, 0x86, 0x00,
    0x86, 0x00, 0x86, 0x00, 0x86, 0x00, 0x86, 0x00, 0x86, 0x00, 0x86, 0x00, 0x86, 0x00, 0x86, 0x00,
    0x86, 0x00, 0x86, 0x00, 0x86, 0x00, 0x86, 0x00, 0x86, 0x00, 0x86, 0x00, 0x86, 0x00, 0x86, 0x00,
    0x87, 0x00, 0x87, 0x00, 0x86, 0x00, 0x86, 0x00, 0x86, 0x00, 0x87, 0x00, 0x87, 0x00, 0x87, 0x00,
    0x87, 0x00, 0x87, 0x00, 0x87, 0x00, 0x87, 0x00, 0x87, 0x00, 0xA7, 0x00, 0xA7, 0x00, 0x87, 0x00,
    0x87, 0x00, 0x87, 0x00, 0x87, 0x00, 0x87, 0x00, 0x87, 0x00, 0x87, 0x00, 0xA7, 0x00, 0xA7, 0x00,
    0xA7, 0x00, 0x87, 0x00, 0x87, 0x00, 0x87, 0x00, 0x87, 0x00, 0x87, 0x00, 0xA7, 0x00, 0xA7, 0x00,
    0x87, 0x00, 0x87, 0x00, 0x87, 0x00, 0x87, 0x00, 0x87, 0x00, 0xA7, 0x00, 0xA7, 0x00, 0xA7, 0x00,
    0xA7, 0x00, 0xA7, 0x00, 0xA7, 0x00, 0xA7, 0x00, 0xA7, 0x00, 0x87, 0x00, 0x87, 0x00, 0x87, 0x00,
    0x87, 0x00, 0xA7, 0x00, 0x87, 0x00, 0x87, 0x00, 0x87, 0x00, 0x87, 0x00, 0x87, 0x00, 0x87, 0x00,
    0x87, 0x00, 0x87, 0x00, 0x87, 0x00, 0xA7, 0x00, 0x87, 0x00, 0x87, 0x00, 0x87, 0x00, 0x87, 0x00,
    0x87, 0x00, 0x87, 0x00, 0x87, 0x00, 0x87, 0x00, 0x87, 0x00, 0x87, 0x00, 0xA7, 0x00, 0xA7, 0x00,
    0xA7, 0x00, 0xA7, 0x00, 0xA7, 0x00, 0xA7, 0x00, 0xA7, 0x00, 0xA7, 0x00, 0xA7, 0x00, 0xA7, 0x00,
    0x86, 0x00, 0x86, 0x00, 0x86, 0x00, 0x86, 0x00, 0x86, 0x00, 0xA6, 0x00, 0xA6, 0x00, 0xA6, 0x00,
    0x86, 0x00, 0x86, 0x00, 0x86, 0x00, 0x86, 0x00, 0x86, 0x00, 0x86, 0x00, 0x86, 0x00, 0x86, 0x00,
    0x86, 0x00, 0x86, 0x00, 0x86, 0x00, 0x86, 0x00, 0x86, 0x00, 0x86, 0x00, 0x86, 0x00, 0x86, 0x00,
    0x86, 0x00, 0x86, 0x00, 0x86, 0x00, 0x86, 0x00, 0x86, 0x00, 0x86, 0x00, 0x86, 0x00, 0x86, 0x00,
    0x86, 0x00, 0x86, 0x00, 0x86, 0x00, 0x86, 0x00, 0x86, 0x00, 0x86, 0x00, 0x86, 0x00, 0x86, 0x00,
    0x86, 0x00, 0x86, 0x00, 0x66, 0x00, 0x66, 0x00, 0x66, 0x00, 0x86, 0x00, 0x86, 0x00, 0x86, 0x00,
    0x66, 0x00, 0x66, 0x00, 0x66, 0x00, 0x66, 0x00, 0x66, 0x00, 0x66, 0x00, 0x66, 0x00, 0x85, 0x00,
    0x85, 0x00, 0x85, 0x00, 0x66, 0x00, 0x66, 0x00, 0x66, 0x00, 0x66, 0x00, 0x65, 0x00, 0x65, 0x00,
    0x65, 0x00, 0x65, 0x00, 0x65, 0x00, 0x65, 0x00, 0x65, 0x00, 0x65, 0x00, 0x65, 0x00, 0x65, 0x00,
    0x65, 0x00, 0x65, 0x00, 0x65, 0x00, 0x65, 0x00, 0x65, 0x00, 0x65, 0x00, 0x65, 0x00, 0x65, 0x00,
    0x65, 0x00, 0x65, 0x00, 0x65, 0x00, 0x65, 0x00, 0x65, 0x00, 0x65, 0x00, 0x65, 0x00, 0x65, 0x00,
    0x65, 0x00, 0x65, 0x00, 0x65, 0x00, 0x65, 0x00, 0x65, 0x00, 0x65, 0x00, 0x65, 0x00, 0x65, 0x00,
    0x65, 0x00, 0x65, 0x00, 0x65, 0x00, 0x65, 0x00, 0x65, 0x00, 0x65, 0x00, 0x65, 0x00, 0x65, 0x00,
    0x45, 0x00, 0x65, 0x00, 0x65, 0x00, 0x65, 0x00, 0x65, 0x00, 0x65, 0x00, 0x65, 0x00, 0x45, 0x00,
    0x85, 0x00, 0x07, 0x11, 0x65, 0x00, 0x45, 0x00, 0x65, 0x00, 0x65, 0x00, 0x45, 0x00, 0x45, 0x00,
    0x65, 0x00, 0x65, 0x00, 0x45, 0x00, 0x45, 0x00, 0x45, 0x00, 0x65, 0x00, 0x65, 0x00, 0x45, 0x00,
    0x45, 0x00, 0x45, 0x00, 0x45, 0x00, 0x45, 0x00, 0x65, 0x00, 0x65, 0x00, 0x45, 0x00, 0x65, 0x00,
    0x65, 0x00, 0x65, 0x00, 0x65, 0x00, 0x65, 0x00, 0x65, 0x00, 0x65, 0x00, 0x65, 0x00, 0x65, 0x00,
    0x66, 0x00, 0x65, 0x00, 0x65, 0x00, 0x66, 0x00, 0x66, 0x00, 0x66, 0x00, 0x65, 0x00, 0x65, 0x00,
    0x65, 0x00, 0x65, 0x00, 0x65, 0x00, 0x66, 0x00, 0x66, 0x00, 0x66, 0x00, 0x66, 0x00, 0x66, 0x00,
    0x66, 0x00, 0x66, 0x00, 0x66, 0x00, 0x66, 0x00, 0x66, 0x00, 0x66, 0x00, 0x66, 0x00, 0x66, 0x00,
    0x66, 0x00, 0x66, 0x00, 0x66, 0x00, 0x66, 0x00, 0x66, 0x00, 0x66, 0x00, 0x66, 0x00, 0x66, 0x00,
    0x66, 0x00, 0x66, 0x00, 0x66, 0x00, 0x66, 0x00, 0x66, 0x00, 0x66, 0x00, 0x86, 0x00, 0x66, 0x00,
    0x66, 0x00, 0x66, 0x00, 0x86, 0x00, 0x86, 0x00, 0x66, 0x00, 0x86, 0x00, 0x66, 0x00, 0x66, 0x00,
    0x66, 0x00, 0x66, 0x00, 0x66, 0x00, 0x66, 0x00, 0x86, 0x00, 0x86, 0x00, 0x66, 0x00, 0x66, 0x00,
    0x86, 0x00, 0x86, 0x00, 0x86, 0x00, 0x86, 0x00, 0x86, 0x00, 0x86, 0x00, 0x86, 0x00, 0x86, 0x00,
    0x86, 0x00, 0x86, 0x00, 0x86, 0x00, 0x86, 0x00, 0x86, 0x00, 0x86, 0x00, 0x86, 0x00, 0x86, 0x00,
    0x86, 0x00, 0x86, 0x00, 0x86, 0x00, 0x86, 0x00, 0x86, 0x00, 0x86, 0x00, 0x86, 0x00, 0x86, 0x00,
    0x86, 0x00, 0x86, 0x00, 0x86, 0x00, 0x86, 0x00, 0x86, 0x00, 0x86, 0x00, 0x86, 0x00, 0x86, 0x00,
    0x86, 0x00, 0x86, 0x00, 0x86, 0x00, 0x86, 0x00, 0x86, 0x00, 0x86, 0x00, 0x86, 0x00, 0x86, 0x00,
    0x87, 0x00, 0x87, 0x00, 0x86, 0x00, 0x08, 0x09, 0xE7, 0x08, 0x86, 0x00, 0x86, 0x00, 0x86, 0x00,
    0x86, 0x00, 0xA7, 0x00, 0xA7, 0x00, 0xA7, 0x00, 0xA7, 0x00, 0xA7, 0x00, 0xA7, 0x00, 0x87, 0x00,
    0x87, 0x00, 0x87, 0x00, 0x87, 0x00, 0x87, 0x00, 0x87, 0x00, 0x87, 0x00, 0x87, 0x00, 0x87, 0x00,
    0xA7, 0x00, 0xA7, 0x00, 0xA7, 0x00, 0xA7, 0x00, 0xA7, 0x00, 0xA7, 0x00, 0x87, 0x00, 0xA7, 0x00,
    0xA7, 0x00, 0xA7, 0x00, 0xA7, 0x00, 0xA7, 0x00, 0xA7, 0x00, 0xA7, 0x00, 0xA7, 0x00, 0xA7, 0x00,
    0xA7, 0x00, 0xA7, 0x00, 0xA7, 0x00, 0xA7, 0x00, 0xA7, 0x00, 0xA7, 0x00, 0xA7, 0x00, 0xA7, 0x00,
    0xA7, 0x00, 0xA7, 0x00, 0xA7, 0x00, 0xA7, 0x00, 0xA7, 0x00, 0xA7, 0x00, 0xA7, 0x00, 0xA7, 0x00,
    0xA7, 0x00, 0xA7, 0x00, 0xA7, 0x00, 0xA7, 0x00, 0xA7, 0x00, 0xA7, 0x00, 0xA7, 0x00, 0xA7, 0x00,
    0xA7, 0x00, 0xA7, 0x00, 0xA7, 0x00, 0xA7, 0x00, 0xA7, 0x00, 0xA7, 0x00, 0xA7, 0x00, 0xA7, 0x00,
    0xA7, 0x00, 0xA7, 0x00, 0xA7, 0x00, 0xA7, 0x00, 0xA7, 0x00, 0xA7, 0x00, 0xA7, 0x00, 0xA7, 0x00,
    0x86, 0x00, 0x86, 0x00, 0x86, 0x00, 0x86, 0x00, 0x86, 0x00, 0xA6, 0x00, 0xA6, 0x00, 0xA6, 0x00,
    0x86, 0x00, 0x86, 0x00, 0x86, 0x00, 0xA7, 0x00, 0x86, 0x00, 0x86, 0x00, 0x86, 0x00, 0x86, 0x00,
    0x86, 0x00, 0x86, 0x00, 0x86, 0x00, 0x86, 0x00, 0x86, 0x00, 0x86, 0x00, 0x86, 0x00, 0x86, 0x00,
    0x86, 0x00, 0x86, 0x00, 0x86, 0x00, 0x86, 0x00, 0x86, 0x00, 0x86, 0x00, 0x86, 0x00, 0x86, 0x00,
    0x86, 0x00, 0x86, 0x00, 0x86, 0x00, 0x86, 0x00, 0x86, 0x00, 0x86, 0x00, 0x86, 0x00, 0x86, 0x00,
    0x86, 0x00, 0x86, 0x00, 0x86, 0x00, 0x86, 0x00, 0x86, 0x00, 0x86, 0x00, 0x86, 0x00, 0x86, 0x00,
    0x86, 0x00, 0x86, 0x00, 0x86, 0x00, 0x86, 0x00, 0x86, 0x00, 0x86, 0x00, 0x86, 0x00, 0x65, 0x00,
    0x65, 0x00, 0x86, 0x00, 0x65, 0x00, 0x65, 0x00, 0x66, 0x00, 0x66, 0x00, 0x66, 0x00, 0x66, 0x00,
    0x66, 0x00, 0x65, 0x00, 0x65, 0x00, 0x65, 0x00, 0x65, 0x00, 0x65, 0x00, 0x65, 0x00, 0x65, 0x00,
    0x65, 0x00, 0x65, 0x00, 0x65, 0x00, 0x65, 0x00, 0x65, 0x00, 0x65, 0x00, 0x65, 0x00, 0x65, 0x00,
    0x65, 0x00, 0x65, 0x00, 0x65, 0x00, 0x65, 0x00, 0x65, 0x00, 0x65, 0x00, 0x65, 0x00, 0x65, 0x00,
    0x65, 0x00, 0x65, 0x00, 0x65, 0x00, 0x65, 0x00, 0x65, 0x00, 0x65, 0x00, 0x65, 0x00, 0x65, 0x00,
    0x65, 0x00, 0x65, 0x00, 0x65, 0x00, 0x65, 0x00, 0x65, 0x00, 0x65, 0x00, 0x65, 0x00, 0x65, 0x00,
    0x65, 0x00, 0x65, 0x00, 0x65, 0x00, 0x65, 0x00, 0x65, 0x00, 0x65, 0x00, 0x65, 0x00, 0x65, 0x00,
    0x85, 0x00, 0xA6, 0x08, 0x65, 0x00, 0x45, 0x00, 0x45, 0x00, 0x65, 0x00, 0x65, 0x00, 0x45, 0x00,
    0x45, 0x00, 0x45, 0x00, 0x45, 0x00, 0x45, 0x00, 0x45, 0x00, 0x45, 0x00, 0x65, 0x00, 0x65, 0x00,
    0x45, 0x00, 0x45, 0x00, 0x65, 0x00, 0x65, 0x00, 0x65, 0x00, 0x65, 0x00, 0x45, 0x00, 0x65, 0x00,
    0x65, 0x00, 0x65, 0x00, 0x65, 0x00, 0x65, 0x00, 0x65, 0x00, 0x65, 0x00, 0x65, 0x00, 0x65, 0x00,
    0x66, 0x00, 0x66, 0x00, 0x66, 0x00, 0x66, 0x00, 0x66, 0x00, 0x66, 0x00, 0x66, 0x00, 0x66, 0x00,
    0x66, 0x00, 0x65, 0x00, 0x65, 0x00, 0x66, 0x00, 0x66, 0x00, 0x66, 0x00, 0x66, 0x00, 0x66, 0x00,
    0x66, 0x00, 0x66, 0x00, 0x66, 0x00, 0x66, 0x00, 0x66, 0x00, 0x66, 0x00, 0x66, 0x00, 0x66, 0x00,
    0x66, 0x00, 0x66, 0x00, 0x66, 0x00, 0x66, 0x00, 0x66, 0x00, 0x66, 0x00, 0x66, 0x00, 0x66, 0x00,
    0x66, 0x00, 0x66, 0x00, 0x66, 0x00, 0x66, 0x00, 0x66, 0x00, 0x66, 0x00, 0x86, 0x00, 0x86, 0x00,
    0x66, 0x00, 0x86, 0x00, 0x86, 0x00, 0x66, 0x00, 0x66, 0x00, 0x86, 0x00, 0x66, 0x00, 0x66, 0x00,
    0x66, 0x00, 0x66, 0x00, 0x66, 0x00, 0x66, 0x00, 0x86, 0x00, 0x86, 0x00, 0x86, 0x00, 0x86, 0x00,
    0x86, 0x00, 0x86, 0x00, 0x86, 0x00, 0x86, 0x00, 0x86, 0x00, 0x86, 0x00, 0x66, 0x00, 0x86, 0x00,
    0x86, 0x00, 0x86, 0x00, 0x86, 0x00, 0x86, 0x00, 0x86, 0x00, 0x86, 0x00, 0x86, 0x00, 0x86, 0x00,
    0x86, 0x00, 0x86, 0x00, 0x86, 0x00, 0x86, 0x00, 0x86, 0x00, 0x86, 0x00, 0x86, 0x00, 0x86, 0x00,
    0x86, 0x00, 0x86, 0x00, 0x86, 0x00, 0x86, 0x00, 0x86, 0x00, 0x86, 0x00, 0x87, 0x00, 0x87, 0x00,
    0x87, 0x00, 0x87, 0x00, 0x87, 0x00, 0x87, 0x00, 0x87, 0x00, 0x87, 0x00, 0x87, 0x00, 0x87, 0x00,
    0x87, 0x00, 0xA7, 0x00, 0x86, 0x00, 0x0C, 0x2A, 0xAA, 0x21, 0x45, 0x00, 0x86, 0x00, 0x86, 0x00,
    0x86, 0x00, 0xA6, 0x00, 0xA7, 0x00, 0xA7, 0x00, 0xA7, 0x00, 0xA7, 0x00, 0xA7, 0x00, 0x87, 0x00,
    0x87, 0x00, 0x87, 0x00, 0x87, 0x00, 0xA7, 0x00, 0xA7, 0x00, 0xA7, 0x00, 0x87, 0x00, 0xA7, 0x00,
    0xA7, 0x00, 0xA7, 0x00, 0xA7, 0x00, 0xA7, 0x00, 0xA7, 0x00, 0xA7, 0x00, 0xA7, 0x00, 0xA7, 0x00,
    0xA7, 0x00, 0xA7, 0x00, 0xA7, 0x00, 0xA7, 0x00, 0xA7, 0x00, 0xA7, 0x00, 0xA7, 0x00, 0xA7, 0x00,
    0xA7, 0x00, 0xA7, 0x00, 0xA7, 0x00, 0xA7, 0x00, 0xA7, 0x00, 0xA7, 0x00, 0xA7, 0x00, 0xA7, 0x00,
    0xA7, 0x00, 0xA7, 0x00, 0xA7, 0x00, 0xA7, 0x00, 0xA7, 0x00, 0xA7, 0x00, 0xA7, 0x00, 0xA7, 0x00,
    0xA7, 0x00, 0xA7, 0x00, 0xA7, 0x00, 0xA7, 0x00, 0xA7, 0x00, 0xA7, 0x00, 0xA7, 0x00, 0xA7, 0x00,
    0xA7, 0x00, 0xA7, 0x00, 0xA7, 0x00, 0xA7, 0x00, 0xA7, 0x00, 0xA7, 0x00, 0xA7, 0x00, 0xA7, 0x00,
    0xA7, 0x00, 0xA7, 0x00, 0xA7, 0x00, 0xA7, 0x00, 0xA7, 0x00, 0xA7, 0x00, 0xA7, 0x00, 0xA7, 0x00,
    0xA7, 0x00, 0xA7, 0x00, 0xA7, 0x00, 0x86, 0x00, 0x86, 0x00, 0xA6, 0x00, 0xA6, 0x00, 0x86, 0x00,
    0x86, 0x00, 0x86, 0x00, 0x86, 0x00, 0xA7, 0x00, 0xA7, 0x00, 0x86, 0x00, 0xA7, 0x00, 0x87, 0x00,
    0x87, 0x00, 0x87, 0x00, 0x87, 0x00, 0x87, 0x00, 0x86, 0x00, 0x86, 0x00, 0x86, 0x00, 0x86, 0x00,
    0x86, 0x00, 0x86, 0x00, 0x86, 0x00, 0x86, 0x00, 0x86, 0x00, 0x86, 0x00, 0x86, 0x00, 0x86, 0x00,
    0x86, 0x00, 0x86, 0x00, 0x86, 0x00, 0x86, 0x00, 0x86, 0x00, 0x86, 0x00, 0x86, 0x00, 0x86, 0x00,
    0x86, 0x00, 0x86, 0x00, 0x86, 0x00, 0x86, 0x00, 0x86, 0x00, 0x86, 0x00, 0x86, 0x00, 0x86, 0x00,
    0x86, 0x00, 0x86, 0x00, 0x86, 0x00, 0x86, 0x00, 0x86, 0x00, 0x86, 0x00, 0x65, 0x00, 0xA6, 0x08,
    0xC6, 0x08, 0x65, 0x00, 0x85, 0x00, 0x65, 0x00, 0x86, 0x00, 0x86, 0x00, 0x66, 0x00, 0x66, 0x00,
    0x66, 0x00, 0x65, 0x00, 0x65, 0x00, 0x65, 0x00, 0x65, 0x00, 0x65, 0x00, 0x85, 0x00, 0x65, 0x00,
    0x65, 0x00, 0x65, 0x00, 0x65, 0x00, 0x65, 0x00, 0x65, 0x00, 0x65, 0x00, 0x65, 0x00, 0x65, 0x00,
    0x66, 0x00, 0x66, 0x00, 0x66, 0x00, 0x66, 0x00, 0x65, 0x00, 0x65, 0x00, 0x65, 0x00, 0x44, 0x00,
    0x65, 0x00, 0x65, 0x00, 0x65, 0x00, 0x65, 0x00, 0x65, 0x00, 0x65, 0x00, 0x65, 0x00, 0x65, 0x00,
    0x65, 0x00, 0x65, 0x00, 0x65, 0x00, 0x65, 0x00, 0x65, 0x00, 0x65, 0x00, 0x65, 0x00, 0x65, 0x00,
    0x65, 0x00, 0x65, 0x00, 0x65, 0x00, 0x65, 0x00, 0x65, 0x00, 0x65, 0x00, 0x65, 0x00, 0x65, 0x00,
    0x65, 0x00, 0x65, 0x00, 0x65, 0x00, 0x65, 0x00, 0x65, 0x00, 0x65, 0x00, 0x65, 0x00, 0x65, 0x00,
    0x65, 0x00, 0x65, 0x00, 0x65, 0x00, 0x65, 0x00, 0x45, 0x00, 0x45, 0x00, 0x45, 0x00, 0x65, 0x00,
    0x65, 0x00, 0x65, 0x00, 0x65, 0x00, 0x45, 0x00, 0x45, 0x00, 0x65, 0x00, 0x65, 0x00, 0x65, 0x00,
    0x65, 0x00, 0x65, 0x00, 0x65, 0x00, 0x65, 0x00, 0x65, 0x00, 0x65, 0x00, 0x65, 0x00, 0x65, 0x00,
    0x65, 0x00, 0x65, 0x00, 0x66, 0x00, 0x66, 0x00, 0x66, 0x00, 0x65, 0x00, 0x66, 0x00, 0x66, 0x00,
    0x66, 0x00, 0x66, 0x00, 0x66, 0x00, 0x65, 0x00, 0x66, 0x00, 0x86, 0x00, 0x85, 0x00, 0x86, 0x00,
    0x66, 0x00, 0x66, 0x00, 0x66, 0x00, 0x66, 0x00, 0x66, 0x00, 0x86, 0x00, 0x86, 0x00, 0x66, 0x00,
    0x66, 0x00, 0x66, 0x00, 0x66, 0x00, 0x66, 0x00, 0x66, 0x00, 0x66, 0x00, 0x66, 0x00, 0x66, 0x00,
    0x86, 0x00, 0x86, 0x00, 0x86, 0x00, 0x66, 0x00, 0x86, 0x00, 0x86, 0x00, 0x65, 0x00, 0x65, 0x00,
    0x65, 0x00, 0x66, 0x00, 0x66, 0x00, 0x66, 0x00, 0x66, 0x00, 0x66, 0x00, 0x86, 0x00, 0x66, 0x00,
    0x66, 0x00, 0x66, 0x00, 0x66, 0x00, 0x86, 0x00, 0x86, 0x00, 0x86, 0x00, 0x86, 0x00, 0x86, 0x00,
    0x86, 0x00, 0x86, 0x00, 0x86, 0x00, 0x86, 0x00, 0x66, 0x00, 0xE7, 0x08, 0x69, 0x19, 0x86, 0x00,
    0x86, 0x00, 0x86, 0x00, 0x86, 0x00, 0x86, 0x00, 0x86, 0x00, 0x86, 0x00, 0x86, 0x00, 0x86, 0x00,
    0x86, 0x00, 0x86, 0x00, 0x86, 0x00, 0x86, 0x00, 0x86, 0x00, 0x86, 0x00, 0x86, 0x00, 0x86, 0x00,
    0x86, 0x00, 0x86, 0x00, 0x86, 0x00, 0x86, 0x00, 0x86, 0x00, 0x86, 0x00, 0xA7, 0x00, 0xA7, 0x00,
    0xA7, 0x00, 0xA7, 0x00, 0xA7, 0x00, 0x86, 0x00, 0x86, 0x00, 0xA6, 0x00, 0xA6, 0x00, 0xA6, 0x00,
    0xA7, 0x00, 0xA7, 0x00, 0x86, 0x00, 0xC7, 0x00, 0xA7, 0x00, 0x86, 0x00, 0x86, 0x00, 0x86, 0x00,
    0x87, 0x00, 0x87, 0x00, 0x87, 0x00, 0x87, 0x00, 0x87, 0x00, 0xA7, 0x00, 0xA7, 0x00, 0xA7, 0x00,
    0xA7, 0x00, 0xA7, 0x00, 0xA7, 0x00, 0xA7, 0x00, 0xA7, 0x00, 0xA7, 0x00, 0xA7, 0x00, 0xA7, 0x00,
    0xA7, 0x00, 0xA7, 0x00, 0xA7, 0x00, 0xA7, 0x00, 0xA7, 0x00, 0xA7, 0x00, 0xA7, 0x00, 0xA7, 0x00,
    0xA7, 0x00, 0xA7, 0x00, 0xA7, 0x00, 0xA7, 0x00, 0xA7, 0x00, 0xA7, 0x00, 0xA7, 0x00, 0xA7, 0x00,
    0xA7, 0x00, 0xA7, 0x00, 0xA7, 0x00, 0xA7, 0x00, 0xA7, 0x00, 0xA7, 0x00, 0xA7, 0x00, 0xA7, 0x00,
    0xA7, 0x00, 0xA7, 0x00, 0xA7, 0x00, 0xA7, 0x00, 0xA7, 0x00, 0xA7, 0x00, 0xA7, 0x00, 0xA7, 0x00,
    0xA7, 0x00, 0xA7, 0x00, 0xA7, 0x00, 0xA7, 0x00, 0xA7, 0x00, 0xA7, 0x00, 0xA7, 0x00, 0xA7, 0x00,
    0xA7, 0x00, 0xA7, 0x00, 0xA7, 0x00, 0xA7, 0x00, 0xA7, 0x00, 0xA7, 0x00, 0xA7, 0x00, 0xA7, 0x00,
    0xA7, 0x00, 0xA7, 0x00, 0xA7, 0x00, 0xA7, 0x00, 0xA7, 0x00, 0xA7, 0x00, 0xA7, 0x00, 0xA7, 0x00,
    0xA7, 0x00, 0xA7, 0x00, 0xA7, 0x00, 0x87, 0x00, 0xA7, 0x00, 0xA7, 0x00, 0xA7, 0x00, 0xA7, 0x00,
    0xA7, 0x00, 0xA7, 0x00, 0xA7, 0x00, 0xA7, 0x00, 0xA7, 0x00, 0xA7, 0x00, 0x87, 0x00, 0x86, 0x00,
    0xA7, 0x00, 0xA7, 0x00, 0xA7, 0x00, 0xA7, 0x00, 0xA7, 0x00, 0xA7, 0x00, 0x87, 0x00, 0x86, 0x00,
    0x86, 0x00, 0x86, 0x00, 0x86, 0x00, 0x86, 0x00, 0x86, 0x00, 0x86, 0x00, 0x86, 0x00, 0x86, 0x00,
    0x86, 0x00, 0x86, 0x00, 0x86, 0x00, 0x86, 0x00, 0x86, 0x00, 0x86, 0x00, 0x86, 0x00, 0x86, 0x00,
    0x86, 0x00, 0x86, 0x00, 0x86, 0x00, 0x86, 0x00, 0x86, 0x00, 0x86, 0x00, 0x86, 0x00, 0x86, 0x00,
    0x86, 0x00, 0x86, 0x00, 0x86, 0x00, 0x66, 0x00, 0x86, 0x00, 0x86, 0x00, 0x44, 0x00, 0x0E, 0x53,
    0xD1, 0x63, 0x64, 0x00, 0x85, 0x00, 0x86, 0x00, 0x85, 0x00, 0x85, 0x00, 0x85, 0x00, 0x85, 0x00,
    0x85, 0x00, 0x66, 0x00, 0x66, 0x00, 0x66, 0x00, 0x66, 0x00, 0x65, 0x00, 0x44, 0x00, 0x45, 0x00,
    0x66, 0x00, 0x65, 0x00, 0x65, 0x00, 0x66, 0x00, 0x65, 0x00, 0x65, 0x00, 0x65, 0x00, 0x65, 0x00,
    0x65, 0x00, 0x65, 0x00, 0x65, 0x00, 0x65, 0x00, 0x65, 0x00, 0x65, 0x00, 0x85, 0x00, 0x27, 0x11,
    0x85, 0x08, 0x65, 0x00, 0x65, 0x00, 0x65, 0x00, 0x65, 0x00, 0x65, 0x00, 0x65, 0x00, 0x65, 0x00,
    0x65, 0x00, 0x65, 0x00, 0x65, 0x00, 0x65, 0x00, 0x65, 0x00, 0x65, 0x00, 0x65, 0x00, 0x65, 0x00,
    0x65, 0x00, 0x65, 0x00, 0x65, 0x00, 0x65, 0x00, 0x65, 0x00, 0x65, 0x00, 0x65, 0x00, 0x65, 0x00,
    0x65, 0x00, 0x65, 0x00, 0x65, 0x00, 0x65, 0x00, 0x65, 0x00, 0x65, 0x00, 0x65, 0x00, 0x65, 0x00,
    0x65, 0x00, 0x65, 0x00, 0x65, 0x00, 0x65, 0x00, 0x45, 0x00, 0x45, 0x00, 0x45, 0x00, 0x45, 0x00,
    0x65, 0x00, 0x65, 0x00, 0x65, 0x00, 0x65, 0x00, 0x65, 0x00, 0x65, 0x00, 0x65, 0x00, 0x65, 0x00,
    0x65, 0x00, 0x65, 0x00, 0x65, 0x00, 0x65, 0x00, 0x65, 0x00, 0x65, 0x00, 0x65, 0x00, 0x65, 0x00,
    0x65, 0x00, 0x65, 0x00, 0x66, 0x00, 0x66, 0x00, 0x66, 0x00, 0x65, 0x00, 0x66, 0x00, 0x66, 0x00,
    0x66, 0x00, 0x66, 0x00, 0x66, 0x00, 0x66, 0x00, 0x66, 0x00, 0x65, 0x00, 0x44, 0x00, 0x65, 0x00,
    0x86, 0x00, 0x66, 0x00, 0x66, 0x00, 0x66, 0x00, 0x66, 0x00, 0x66, 0x00, 0x66, 0x00, 0x66, 0x00,
    0x66, 0x00, 0x66, 0x00, 0x66, 0x00, 0x66, 0x00, 0x66, 0x00, 0x66, 0x00, 0x66, 0x00, 0x66, 0x00,
    0x86, 0x00, 0x86, 0x00, 0x86, 0x00, 0x66, 0x00, 0x86, 0x00, 0x86, 0x00, 0x66, 0x00, 0x66, 0x00,
    0x66, 0x00, 0x66, 0x00, 0x66, 0x00, 0x66, 0x00, 0x66, 0x00, 0x66, 0x00, 0x86, 0x00, 0x86, 0x00,
    0x66, 0x00, 0x86, 0x00, 0x86, 0x00, 0x86, 0x00, 0x86, 0x00, 0x86, 0x00, 0x86, 0x00, 0x86, 0x00,
    0x86, 0x00, 0x86, 0x00, 0x86, 0x00, 0x86, 0x00, 0x66, 0x00, 0xE7, 0x08, 0xAA, 0x21, 0xA6, 0x00,
    0x86, 0x00, 0x86, 0x00, 0x86, 0x00, 0x86, 0x00, 0x86, 0x00, 0x86, 0x00, 0x86, 0x00, 0x86, 0x00,
    0x86, 0x00, 0x86, 0x00, 0x86, 0x00, 0x86, 0x00, 0x86, 0x00, 0x86, 0x00, 0x86, 0x00, 0x86, 0x00,
    0x86, 0x00, 0xA6, 0x00, 0xA6, 0x00, 0xA6, 0x00, 0xA6, 0x00, 0xA6, 0x00, 0xA7, 0x00, 0xA7, 0x00,
    0xA7, 0x00, 0xA7, 0x00, 0xA7, 0x00, 0xA6, 0x00, 0xA6, 0x00, 0xA6, 0x00, 0xA6, 0x00, 0xA6, 0x00,
    0xA7, 0x00, 0xA7, 0x00, 0xA7, 0x00, 0x87, 0x00, 0x86, 0x00, 0x86, 0x00, 0x86, 0x00, 0x87, 0x00,
    0x87, 0x00, 0xA7, 0x00, 0xA7, 0x00, 0xA7, 0x00, 0xA7, 0x00, 0xA7, 0x00, 0xA7, 0x00, 0xA7, 0x00,
    0xA7, 0x00, 0xA7, 0x00, 0xA7, 0x00, 0xA7, 0x00, 0xA7, 0x00, 0xA7, 0x00, 0xA7, 0x00, 0xA7, 0x00,
    0xA7, 0x00, 0xA7, 0x00, 0xA7, 0x00, 0xA7, 0x00, 0xA7, 0x00, 0xA7, 0x00, 0xA7, 0x00, 0xA7, 0x00,
    0xA7, 0x00, 0xA7, 0x00, 0xA7, 0x00, 0xA7, 0x00, 0xA7, 0x00, 0xA7, 0x00, 0xA7, 0x00, 0xA7, 0x00,
    0xA7, 0x00, 0xA7, 0x00, 0xA7, 0x00, 0xA7, 0x00, 0xA7, 0x00, 0xA7, 0x00, 0xA7, 0x00, 0xA7, 0x00,
    0xA7, 0x00, 0xA7, 0x00, 0xA7, 0x00, 0xA7, 0x00, 0xA7, 0x00, 0xA7, 0x00, 0xA7, 0x00, 0xA7, 0x00,
    0xA7, 0x00, 0xA7, 0x00, 0xA7, 0x00, 0xA7, 0x00, 0xA7, 0x00, 0xA7, 0x00, 0xA7, 0x00, 0xA7, 0x00,
    0xA7, 0x00, 0xA7, 0x00, 0xA7, 0x00, 0xA7, 0x00, 0xA7, 0x00, 0xA7, 0x00, 0xA7, 0x00, 0xA7, 0x00,
    0xA7, 0x00, 0xA7, 0x00, 0xA7, 0x00, 0xA7, 0x00, 0xA7, 0x00, 0xA7, 0x00, 0xA7, 0x00, 0xA7, 0x00,
    0xA7, 0x00, 0xA7, 0x00, 0xA7, 0x00, 0xA7, 0x00, 0xA7, 0x00, 0xA7, 0x00, 0xA7, 0x00, 0xA7, 0x00,
    0xA7, 0x00, 0xA7, 0x00, 0xA7, 0x00, 0xA7, 0x00, 0xA7, 0x00, 0x87, 0x00, 0x29, 0x11, 0x08, 0x09,
    0x86, 0x00, 0xA7, 0x00, 0xA7, 0x00, 0xA7, 0x00, 0xA7, 0x00, 0xA7, 0x00, 0xA7, 0x00, 0xA6, 0x00,
    0xA6, 0x00, 0x86, 0x00, 0x86, 0x00, 0x86, 0x00, 0x86, 0x00, 0x86, 0x00, 0x86, 0x00, 0x86, 0x00,
    0x86, 0x00, 0x86, 0x00, 0x86, 0x00, 0x86, 0x00, 0x86, 0x00, 0x86, 0x00, 0x86, 0x00, 0x86, 0x00,
    0x86, 0x00, 0x86, 0x00, 0x86, 0x00, 0x86, 0x00, 0x86, 0x00, 0x86, 0x00, 0x86, 0x00, 0xA6, 0x00,
    0xA5, 0x00, 0x86, 0x00, 0x86, 0x00, 0x86, 0x00, 0x86, 0x00, 0x86, 0x00, 0x65, 0x00, 0x88, 0x21,
    0xCA, 0x29, 0x65, 0x00, 0x86, 0x00, 0x65, 0x00, 0x85, 0x00, 0x85, 0x00, 0x85, 0x00, 0x85, 0x00,
    0x85, 0x00, 0x66, 0x00, 0x66, 0x00, 0x66, 0x00, 0x66, 0x00, 0x86, 0x00, 0xAA, 0x29, 0x07, 0x11,
    0x45, 0x00, 0x66, 0x00, 0x65, 0x00, 0x66, 0x00, 0x66, 0x00, 0x65, 0x00, 0x65, 0x00, 0x65, 0x00,
    0x65, 0x00, 0x65, 0x00, 0x65, 0x00, 0x65, 0x00, 0x65, 0x00, 0x45, 0x00, 0xC5, 0x08, 0xB0, 0x63,
    0x88, 0x21, 0x24, 0x00, 0x65, 0x00, 0x65, 0x00, 0x65, 0x00, 0x65, 0x00, 0x65, 0x00, 0x65, 0x00,
    0x65, 0x00, 0x65, 0x00, 0x65, 0x00, 0x65, 0x00, 0x65, 0x00, 0x65, 0x00, 0x65, 0x00, 0x65, 0x00,
    0x65, 0x00, 0x65, 0x00, 0x65, 0x00, 0x65, 0x00, 0x65, 0x00, 0x65, 0x00, 0x65, 0x00, 0x65, 0x00,
    0x65, 0x00, 0x65, 0x00, 0x65, 0x00, 0x65, 0x00, 0x65, 0x00, 0x65, 0x00, 0x65, 0x00, 0x65, 0x00,
    0x65, 0x00, 0x65, 0x00, 0x65, 0x00, 0x65, 0x00, 0x45, 0x00, 0x45, 0x00, 0x65, 0x00, 0x65, 0x00,
    0x65, 0x00, 0x65, 0x00, 0x65, 0x00, 0x65, 0x00, 0x65, 0x00, 0x65, 0x00, 0x65, 0x00, 0x65, 0x00,
    0x65, 0x00, 0x65, 0x00, 0x65, 0x00, 0x65, 0x00, 0x65, 0x00, 0x65, 0x00, 0x65, 0x00, 0x65, 0x00,
    0x65, 0x00, 0x65, 0x00, 0x66, 0x00, 0x66, 0x00, 0x66, 0x00, 0x66, 0x00, 0x66, 0x00, 0x66, 0x00,
    0x66, 0x00, 0x66, 0x00, 0x66, 0x00, 0x86, 0x00, 0x45, 0x00, 0xE9, 0x29, 0x4F, 0x5B, 0xC6, 0x08,
    0x65, 0x00, 0x86, 0x00, 0x86, 0x00, 0x86, 0x00, 0x86, 0x00, 0x66, 0x00, 0x66, 0x00, 0x66, 0x00,
    0x66, 0x00, 0x66, 0x00, 0x66, 0x00, 0x66, 0x00, 0x66, 0x00, 0x66, 0x00, 0x66, 0x00, 0x66, 0x00,
    0x86, 0x00, 0x86, 0x00, 0x86, 0x00, 0x66, 0x00, 0x86, 0x00, 0x86, 0x00, 0x66, 0x00, 0x86, 0x00,
    0x86, 0x00, 0x66, 0x00, 0x66, 0x00, 0x66, 0x00, 0x66, 0x00, 0x86, 0x00, 0x86, 0x00, 0x86, 0x00,
    0x86, 0x00, 0x86, 0x00, 0x86, 0x00, 0x86, 0x00, 0x86, 0x00, 0x86, 0x00, 0x86, 0x00, 0x86, 0x00,
    0x86, 0x00, 0x86, 0x00, 0x86, 0x00, 0x86, 0x00, 0x86, 0x00, 0x86, 0x00, 0x86, 0x00, 0x86, 0x00,
    0x86, 0x00, 0x86, 0x00, 0x86, 0x00, 0x86, 0x00, 0x86, 0x00, 0x86, 0x00, 0x86, 0x00, 0x86, 0x00,
    0x86, 0x00, 0x86, 0x00, 0x86, 0x00, 0x86, 0x00, 0x86, 0x00, 0x86, 0x00, 0xA7, 0x00, 0xA7, 0x00,
    0x87, 0x00, 0xA7, 0x00, 0xA7, 0x00, 0xA7, 0x00, 0xA7, 0x00, 0xA7, 0x00, 0xA7, 0x00, 0xA7, 0x00,
    0xA7, 0x00, 0xA7, 0x00, 0xA7, 0x00, 0xA7, 0x00, 0xA7, 0x00, 0xA7, 0x00, 0xA7, 0x00, 0xA7, 0x00,
    0xA7, 0x00, 0xA7, 0x00, 0xA7, 0x00, 0xA7, 0x00, 0xA7, 0x00, 0x87, 0x00, 0x87, 0x00, 0x87, 0x00,
    0xA7, 0x00, 0xA7, 0x00, 0xA7, 0x00, 0xA7, 0x00, 0xA7, 0x00, 0xA7, 0x00, 0xA7, 0x00, 0xA7, 0x00,
    0xA7, 0x00, 0xA7, 0x00, 0xA7, 0x00, 0xA7, 0x00, 0xA7, 0x00, 0xA7, 0x00, 0xA7, 0x00, 0xA7, 0x00,
    0xA7, 0x00, 0xA7, 0x00, 0xA7, 0x00, 0xA7, 0x00, 0xA7, 0x00, 0xA7, 0x00, 0xA7, 0x00, 0xA7, 0x00,
    0xA7, 0x00, 0xA7, 0x00, 0xA7, 0x00, 0xA8, 0x00, 0xA7, 0x00, 0xA8, 0x00, 0xA8, 0x00, 0xA8, 0x00,
    0xA7, 0x00, 0xA7, 0x00, 0xA7, 0x00, 0xA7, 0x00, 0xA7, 0x00, 0xA7, 0x00, 0xA7, 0x00, 0xA7, 0x00,
    0xA7, 0x00, 0xA7, 0x00, 0xA7, 0x00, 0xA7, 0x00, 0xA7, 0x00, 0xA7, 0x00, 0xA7, 0x00, 0xA7, 0x00,
    0xA7, 0x00, 0xA8, 0x00, 0xA7, 0x00, 0xA7, 0x00, 0xA7, 0x00, 0xA7, 0x00, 0xA7, 0x00, 0xA7, 0x00,
    0xA7, 0x00, 0xA8, 0x00, 0xA8, 0x00, 0xA7, 0x00, 0xA7, 0x00, 0xA7, 0x00, 0xA7, 0x00, 0xA7, 0x00,
    0xA7, 0x00, 0xA7, 0x00, 0xA7, 0x00, 0xA7, 0x00, 0xA7, 0x00, 0xA7, 0x00, 0xA7, 0x00, 0xA7, 0x00,
    0xA7, 0x00, 0xA7, 0x00, 0xA7, 0x00, 0xA7, 0x00, 0xA7, 0x00, 0xA7, 0x00, 0xA7, 0x00, 0xA7, 0x00,
    0xA7, 0x00, 0xA7, 0x00, 0xA7, 0x00, 0xA7, 0x00, 0xA7, 0x00, 0x86, 0x00, 0x49, 0x11, 0x49, 0x11,
    0x86, 0x00, 0xA7, 0x00, 0xA6, 0x00, 0xA6, 0x00, 0xA7, 0x00, 0xA7, 0x00, 0xA7, 0x00, 0xA6, 0x00,
    0xA6, 0x00, 0x86, 0x00, 0x86, 0x00, 0x86, 0x00, 0x86, 0x00, 0x86, 0x00, 0x86, 0x00, 0x86, 0x00,
    0x86, 0x00, 0x86, 0x00, 0x86, 0x00, 0x86, 0x00, 0x86, 0x00, 0x86, 0x00, 0x86, 0x00, 0x86, 0x00,
    0x86, 0x00, 0x86, 0x00, 0x86, 0x00, 0x86, 0x00, 0x86, 0x00, 0x86, 0x00, 0x65, 0x00, 0xD1, 0x63,
    0xAD, 0x42, 0x45, 0x00, 0x86, 0x00, 0x86, 0x00, 0x86, 0x00, 0x86, 0x00, 0x86, 0x00, 0x45, 0x00,
    0x45, 0x00, 0x86, 0x00, 0x86, 0x00, 0x86, 0x00, 0x86, 0x00, 0x86, 0x00, 0x86, 0x00, 0x86, 0x00,
    0x86, 0x00, 0x66, 0x00, 0x66, 0x00, 0x86, 0x00, 0x66, 0x00, 0x86, 0x00, 0x8D, 0x42, 0x68, 0x19,
    0x45, 0x00, 0x86, 0x00, 0x66, 0x00, 0x66, 0x00, 0x66, 0x00, 0x66, 0x00, 0x65, 0x00, 0x65, 0x00,
    0x65, 0x00, 0x65, 0x00, 0x65, 0x00, 0x65, 0x00, 0x65, 0x00, 0x65, 0x00, 0x85, 0x00, 0x47, 0x19,
    0xA5, 0x00, 0x65, 0x00, 0x65, 0x00, 0x65, 0x00, 0x65, 0x00, 0x65, 0x00, 0x65, 0x00, 0x65, 0x00,
    0x65, 0x00, 0x65, 0x00, 0x65, 0x00, 0x65, 0x00, 0x65, 0x00, 0x65, 0x00, 0x65, 0x00, 0x65, 0x00,
    0x65, 0x00, 0x65, 0x00, 0x65, 0x00, 0x65, 0x00, 0x65, 0x00, 0x65, 0x00, 0x65, 0x00, 0x65, 0x00,
    0x65, 0x00, 0x65, 0x00, 0x65, 0x00, 0x65, 0x00, 0x65, 0x00, 0x65, 0x00, 0x65, 0x00, 0x65, 0x00,
    0x65, 0x00, 0x65, 0x00, 0x65, 0x00, 0x65, 0x00, 0x65, 0x00, 0x65, 0x00, 0x65, 0x00, 0x65, 0x00,
    0x65, 0x00, 0x65, 0x00, 0x66, 0x00, 0x66, 0x00, 0x65, 0x00, 0x65, 0x00, 0x65, 0x00, 0x65, 0x00,
    0x65, 0x00, 0x65, 0x00, 0x65, 0x00, 0x65, 0x00, 0x65, 0x00, 0x65, 0x00, 0x65, 0x00, 0x65, 0x00,
    0x65, 0x00, 0x65, 0x00, 0x66, 0x00, 0x66, 0x00, 0x66, 0x00, 0x66, 0x00, 0x66, 0x00, 0x66, 0x00,
    0x66, 0x00, 0x66, 0x00, 0x66, 0x00, 0x86, 0x00, 0x44, 0x00, 0x8B, 0x3A, 0x73, 0x7C, 0xE6, 0x08,
    0x65, 0x00, 0x86, 0x00, 0x86, 0x00, 0x66, 0x00, 0x66, 0x00, 0x66, 0x00, 0x66, 0x00, 0x66, 0x00,
    0x66, 0x00, 0x86, 0x00, 0x86, 0x00, 0x66, 0x00, 0x66, 0x00, 0x66, 0x00, 0x66, 0x00, 0x86, 0x00,
    0x86, 0x00, 0x86, 0x00, 0x86, 0x00, 0x86, 0x00, 0x66, 0x00, 0x66, 0x00, 0x66, 0x00, 0x66, 0x00,
    0x66, 0x00, 0x86, 0x00, 0x86, 0x00, 0x86, 0x00, 0x86, 0x00, 0x86, 0x00, 0x86, 0x00, 0x86, 0x00,
    0x86, 0x00, 0x86, 0x00, 0x86, 0x00, 0x86, 0x00, 0x86, 0x00, 0x86, 0x00, 0x86, 0x00, 0x86, 0x00,
    0x86, 0x00, 0x86, 0x00, 0x86, 0x00, 0x86, 0x00, 0x86, 0x00, 0x86, 0x00, 0x86, 0x00, 0x86, 0x00,
    0x86, 0x00, 0x86, 0x00, 0x86, 0x00, 0x86, 0x00, 0x86, 0x00, 0x86, 0x00, 0x86, 0x00, 0x86, 0x00,
    0x86, 0x00, 0x86, 0x00, 0x86, 0x00, 0x86, 0x00, 0xA7, 0x00, 0xA7, 0x00, 0xA7, 0x00, 0xA7, 0x00,
    0xA7, 0x00, 0xA7, 0x00, 0xA7, 0x00, 0xA7, 0x00, 0xA7, 0x00, 0xA7, 0x00, 0x87, 0x00, 0x87, 0x00,
    0x87, 0x00, 0x87, 0x00, 0x87, 0x00, 0xA7, 0x00, 0xA7, 0x00, 0xA7, 0x00, 0xA7, 0x00, 0xA7, 0x00,
    0x87, 0x00, 0x87, 0x00, 0x87, 0x00, 0xA7, 0x00, 0xA7, 0x00, 0xA7, 0x00, 0xA7, 0x00, 0xA7, 0x00,
    0xA7, 0x00, 0xA7, 0x00, 0xA7, 0x00, 0xA7, 0x00, 0xA7, 0x00, 0xA7, 0x00, 0xA7, 0x00, 0xA7, 0x00,
    0xA7, 0x00, 0xA7, 0x00, 0xA7, 0x00, 0xA7, 0x00, 0xA7, 0x00, 0xA7, 0x00, 0xA7, 0x00, 0xA7, 0x00,
    0xA7, 0x00, 0xA7, 0x00, 0xA7, 0x00, 0xA8, 0x00, 0xA7, 0x00, 0xA7, 0x00, 0xA7, 0x00, 0xA7, 0x00,
    0xA8, 0x00, 0xA8, 0x00, 0xA8, 0x00, 0xA8, 0x00, 0xA8, 0x00, 0xA7, 0x00, 0xA8, 0x00, 0xA8, 0x00,
    0xA7, 0x00, 0xA7, 0x00, 0xA7, 0x00, 0xA7, 0x00, 0xA8, 0x00, 0xA8, 0x00, 0xA7, 0x00, 0xA7, 0x00,
    0xA8, 0x00, 0xA8, 0x00, 0xA7, 0x00, 0xA8, 0x00, 0xA8, 0x00, 0xA8, 0x00, 0xA8, 0x00, 0xA8, 0x00,
    0xA8, 0x00, 0xA8, 0x00, 0xA8, 0x00, 0xA8, 0x00, 0xA8, 0x00, 0xA7, 0x00, 0xA7, 0x00, 0xA8, 0x00,
    0xA8, 0x00, 0xA7, 0x00, 0xA7, 0x00, 0xA8, 0x00, 0xA8, 0x00, 0xA8, 0x00, 0xA8, 0x00, 0xA8, 0x00,
    0xA7, 0x00, 0xA7, 0x00, 0xA7, 0x00, 0xA7, 0x00, 0xA7, 0x00, 0xA7, 0x00, 0xA7, 0x00, 0xA7, 0x00,
    0xA7, 0x00, 0xA7, 0x00, 0xA7, 0x00, 0xA7, 0x00, 0xA7, 0x00, 0xA7, 0x00, 0xA7, 0x00, 0xA7, 0x00,
    0xA7, 0x00, 0xA7, 0x00, 0xA7, 0x00, 0xA7, 0x00, 0xA7, 0x00, 0xA7, 0x00, 0xA7, 0x00, 0xA6, 0x00,
    0xA7, 0x00, 0xA7, 0x00, 0xA7, 0x00, 0x87, 0x00, 0xA7, 0x00, 0xA7, 0x00, 0xA7, 0x00, 0xA6, 0x00,
    0xA6, 0x00, 0x86, 0x00, 0x86, 0x00, 0x86, 0x00, 0x86, 0x00, 0x86, 0x00, 0x86, 0x00, 0x86, 0x00,
    0x86, 0x00, 0x86, 0x00, 0x86, 0x00, 0x86, 0x00, 0x86, 0x00, 0x86, 0x00, 0x86, 0x00, 0x86, 0x00,
    0x86, 0x00, 0x86, 0x00, 0x86, 0x00, 0x86, 0x00, 0x86, 0x00, 0x86, 0x00, 0x85, 0x00, 0x8C, 0x42,
    0xEA, 0x29, 0x65, 0x00, 0x86, 0x00, 0x86, 0x00, 0x86, 0x00, 0x86, 0x00, 0x86, 0x00, 0x86, 0x00,
    0x86, 0x00, 0x86, 0x00, 0x86, 0x00, 0x86, 0x00, 0x86, 0x00, 0x86, 0x00, 0x86, 0x00, 0x86, 0x00,
    0x86, 0x00, 0x66, 0x00, 0x86, 0x00, 0x66, 0x00, 0x66, 0x00, 0x65, 0x00, 0x85, 0x00, 0x65, 0x00,
    0x66, 0x00, 0x66, 0x00, 0x65, 0x00, 0x66, 0x00, 0x66, 0x00, 0x66, 0x00, 0x66, 0x00, 0x66, 0x00,
    0x65, 0x00, 0x65, 0x00, 0x65, 0x00, 0x65, 0x00, 0x65, 0x00, 0x65, 0x00, 0x65, 0x00, 0x45, 0x00,
    0x65, 0x00, 0x65, 0x00, 0x65, 0x00, 0x65, 0x00, 0x65, 0x00, 0x65, 0x00, 0x65, 0x00, 0x65, 0x00,
    0x65, 0x00, 0x65, 0x00, 0x65, 0x00, 0x65, 0x00, 0x65, 0x00, 0x65, 0x00, 0x65, 0x00, 0x65, 0x00,
    0x65, 0x00, 0x65, 0x00, 0x65, 0x00, 0x65, 0x00, 0x65, 0x00, 0x65, 0x00, 0x65, 0x00, 0x65, 0x00,
    0x65, 0x00, 0x65, 0x00, 0x65, 0x00, 0x65, 0x00, 0x65, 0x00, 0x65, 0x00, 0x65, 0x00, 0x65, 0x00,
    0x65, 0x00, 0x65, 0x00, 0x65, 0x00, 0x65, 0x00, 0x65, 0x00, 0x65, 0x00, 0x65, 0x00, 0x65, 0x00,
    0x65, 0x00, 0x65, 0x00, 0x66, 0x00, 0x66, 0x00, 0x66, 0x00, 0x66, 0x00, 0x66, 0x00, 0x65, 0x00,
    0x65, 0x00, 0x65, 0x00, 0x65, 0x00, 0x65, 0x00, 0x65, 0x00, 0x65, 0x00, 0x65, 0x00, 0x65, 0x00,
    0x65, 0x00, 0x65, 0x00, 0x66, 0x00, 0x65, 0x00, 0x45, 0x00, 0x24, 0x00, 0x65, 0x00, 0x66, 0x00,
    0x66, 0x00, 0x66, 0x00, 0x66, 0x00, 0x66, 0x00, 0x86, 0x00, 0x85, 0x00, 0x85, 0x00, 0x85, 0x00,
    0x86, 0x00, 0x86, 0x00, 0x66, 0x00, 0x66, 0x00, 0x66, 0x00, 0x66, 0x00, 0x66, 0x00, 0x66, 0x00,
    0x66, 0x00, 0x86, 0x00, 0x86, 0x00, 0x66, 0x00, 0x66, 0x00, 0x66, 0x00, 0x66, 0x00, 0x66, 0x00,
    0x86, 0x00, 0x86, 0x00, 0x86, 0x00, 0x86, 0x00, 0x66, 0x00, 0x66, 0x00, 0x66, 0x00, 0x66, 0x00,
    0x86, 0x00, 0x86, 0x00, 0x86, 0x00, 0x86, 0x00, 0x86, 0x00, 0x86, 0x00, 0x86, 0x00, 0x86, 0x00,
    0x86, 0x00, 0x86, 0x00, 0x86, 0x00, 0x86, 0x00, 0x86, 0x00, 0x86, 0x00, 0x86, 0x00, 0x86, 0x00,
    0x86, 0x00, 0x86, 0x00, 0x86, 0x00, 0x86, 0x00, 0x86, 0x00, 0x86, 0x00, 0x86, 0x00, 0x86, 0x00,
    0x86, 0x00, 0x86, 0x00, 0x86, 0x00, 0x86, 0x00, 0x86, 0x00, 0x86, 0x00, 0x86, 0x00, 0xA6, 0x00,
    0xA6, 0x00, 0xA6, 0x00, 0xA7, 0x00, 0xA7, 0x00, 0xA7, 0x00, 0xA7, 0x00, 0xA7, 0x00, 0xA7, 0x00,
    0xA7, 0x00, 0xA7, 0x00, 0xA7, 0x00, 0xA7, 0x00, 0xA7, 0x00, 0xA7, 0x00, 0x87, 0x00, 0x87, 0x00,
    0x87, 0x00, 0x87, 0x00, 0x87, 0x00, 0xA7, 0x00, 0xA7, 0x00, 0xA7, 0x00, 0xA7, 0x00, 0xA7, 0x00,
    0xA7, 0x00, 0xA7, 0x00, 0xA7, 0x00, 0xA7, 0x00, 0xA7, 0x00, 0xA7, 0x00, 0xA7, 0x00, 0xA7, 0x00,
    0xA7, 0x00, 0xA7, 0x00, 0xA7, 0x00, 0xA7, 0x00, 0xA7, 0x00, 0xA7, 0x00, 0xA7, 0x00, 0xA7, 0x00,
    0xA7, 0x00, 0xA7, 0x00, 0xA7, 0x00, 0xA7, 0x00, 0xA7, 0x00, 0xA7, 0x00, 0xA7, 0x00, 0xA8, 0x00,
    0xA8, 0x00, 0xA7, 0x00, 0xA8, 0x00, 0xA8, 0x00, 0xA8, 0x00, 0xA8, 0x00, 0xA8, 0x00, 0xA8, 0x00,
    0xA8, 0x00, 0xA8, 0x00, 0xA8, 0x00, 0xA8, 0x00, 0xA8, 0x00, 0xA8, 0x00, 0xA8, 0x00, 0xA8, 0x00,
    0xA8, 0x00, 0xA8, 0x00, 0xA8, 0x00, 0xA8, 0x00, 0xC8, 0x00, 0xC8, 0x00, 0xA8, 0x00, 0xA8, 0x00,
    0xC8, 0x00, 0xC8, 0x00, 0xA8, 0x00, 0xC8, 0x00, 0xC8, 0x00, 0xC8, 0x00, 0xC8, 0x00, 0xA8, 0x00,
    0xA8, 0x00, 0xA8, 0x00, 0xA8, 0x00, 0xA8, 0x00, 0xA8, 0x00, 0xA8, 0x00, 0xA8, 0x00, 0xA8, 0x00,
    0xA8, 0x00, 0xA8, 0x00, 0xA8, 0x00, 0xA8, 0x00, 0xA8, 0x00, 0xA8, 0x00, 0xA8, 0x00, 0xA8, 0x00,
    0xA8, 0x00, 0xA8, 0x00, 0xA8, 0x00, 0xA8, 0x00, 0xA8, 0x00, 0xA8, 0x00, 0xA8, 0x00, 0xA8, 0x00,
    0xA7, 0x00, 0xA7, 0x00, 0xA7, 0x00, 0xA7, 0x00, 0xA7, 0x00, 0xA7, 0x00, 0xA7, 0x00, 0xA7, 0x00,
    0xA7, 0x00, 0xA7, 0x00, 0xA7, 0x00, 0xA7, 0x00, 0xA7, 0x00, 0xA7, 0x00, 0xA7, 0x00, 0xA7, 0x00,
    0xA7, 0x00, 0xA7, 0x00, 0xA7, 0x00, 0x87, 0x00, 0xA7, 0x00, 0xA7, 0x00, 0xA7, 0x00, 0xA6, 0x00,
    0xA6, 0x00, 0x86, 0x00, 0x86, 0x00, 0x86, 0x00, 0x86, 0x00, 0x86, 0x00, 0x87, 0x00, 0x87, 0x00,
    0x87, 0x00, 0x87, 0x00, 0x87, 0x00, 0x86, 0x00, 0x86, 0x00, 0x86, 0x00, 0x86, 0x00, 0x86, 0x00,
    0x86, 0x00, 0x86, 0x00, 0x86, 0x00, 0x86, 0x00, 0x86, 0x00, 0x86, 0x00, 0x86, 0x00, 0x45, 0x00,
    0x65, 0x00, 0x87, 0x00, 0x86, 0x00, 0x86, 0x00, 0x86, 0x00, 0x86, 0x00, 0x86, 0x00, 0x86, 0x00,
    0x86, 0x00, 0x86, 0x00, 0x86, 0x00, 0x86, 0x00, 0x86, 0x00, 0x86, 0x00, 0x86, 0x00, 0x86, 0x00,
    0x86, 0x00, 0x86, 0x00, 0x86, 0x00, 0x86, 0x00, 0x86, 0x00, 0x86, 0x00, 0x66, 0x00, 0x66, 0x00,
    0x66, 0x00, 0x65, 0x00, 0x65, 0x00, 0x86, 0x00, 0x66, 0x00, 0x65, 0x00, 0x66, 0x00, 0x66, 0x00,
    0x66, 0x00, 0x66, 0x00, 0x66, 0x00, 0x65, 0x00, 0x65, 0x00, 0x66, 0x00, 0x65, 0x00, 0x65, 0x00,
    0x65, 0x00, 0x65, 0x00, 0x65, 0x00, 0x65, 0x00, 0x65, 0x00, 0x65, 0x00, 0x65, 0x00, 0x65, 0x00,
    0x65, 0x00, 0x65, 0x00, 0x65, 0x00, 0x65, 0x00, 0x65, 0x00, 0x65, 0x00, 0x65, 0x00, 0x65, 0x00,
    0x65, 0x00, 0x65, 0x00, 0x65, 0x00, 0x65, 0x00, 0x65, 0x00, 0x65, 0x00, 0x65, 0x00, 0x65, 0x00,
    0x65, 0x00, 0x65, 0x00, 0x65, 0x00, 0x65, 0x00, 0x65, 0x00, 0x65, 0x00, 0x65, 0x00, 0x65, 0x00,
    0x65, 0x00, 0x65, 0x00, 0x65, 0x00, 0x65, 0x00, 0x65, 0x00, 0x65, 0x00, 0x65, 0x00, 0x65, 0x00,
    0x66, 0x00, 0x66, 0x00, 0x65, 0x00, 0x65, 0x00, 0x65, 0x00, 0x65, 0x00, 0x65, 0x00, 0x65, 0x00,
    0x65, 0x00, 0x65, 0x00, 0x65, 0x00, 0x65, 0x00, 0x65, 0x00, 0x65, 0x00, 0x65, 0x00, 0x65, 0x00,
    0x65, 0x00, 0x65, 0x00, 0x66, 0x00, 0x44, 0x00, 0xC9, 0x29, 0x4F, 0x5B, 0xA5, 0x00, 0x65, 0x00,
    0x85, 0x00, 0x66, 0x00, 0x86, 0x00, 0x86, 0x00, 0x86, 0x00, 0x65, 0x00, 0x65, 0x00, 0x86, 0x00,
    0x86, 0x00, 0x66, 0x00, 0x66, 0x00, 0x66, 0x00, 0x86, 0x00, 0x66, 0x00, 0x66, 0x00, 0x66, 0x00,
    0x66, 0x00, 0x66, 0x00, 0x86, 0x00, 0x66, 0x00, 0x66, 0x00, 0x86, 0x00, 0x86, 0x00, 0x66, 0x00,
    0x66, 0x00, 0x66, 0x00, 0x66, 0x00, 0x66, 0x00, 0x86, 0x00, 0x86, 0x00, 0x86, 0x00, 0x86, 0x00,
    0x86, 0x00, 0x86, 0x00, 0x86, 0x00, 0x86, 0x00, 0x86, 0x00, 0x86, 0x00, 0x86, 0x00, 0x86, 0x00,
    0x86, 0x00, 0x86, 0x00, 0x86, 0x00, 0x86, 0x00, 0x86, 0x00, 0x86, 0x00, 0x86, 0x00, 0x86, 0x00,
    0x86, 0x00, 0x86, 0x00, 0x86, 0x00, 0x86, 0x00, 0x86, 0x00, 0x86, 0x00, 0x86, 0x00, 0x86, 0x00,
    0x86, 0x00, 0x86, 0x00, 0xA7, 0x00, 0xA7, 0x00, 0xA7, 0x00, 0xA7, 0x00, 0xA7, 0x00, 0xA7, 0x00,
    0xA7, 0x00, 0xA7, 0x00, 0x86, 0x00, 0x65, 0x00, 0x86, 0x00, 0xA7, 0x00, 0xA7, 0x00, 0xA7, 0x00,
    0xA7, 0x00, 0xA7, 0x00, 0xA7, 0x00, 0xA7, 0x00, 0xA7, 0x00, 0xA7, 0x00, 0xA7, 0x00, 0xA7, 0x00,
    0xA7, 0x00, 0xA7, 0x00, 0xA7, 0x00, 0xA7, 0x00, 0xA7, 0x00, 0xA7, 0x00, 0xA7, 0x00, 0xA7, 0x00,
    0xA7, 0x00, 0xA7, 0x00, 0xA7, 0x00, 0xA7, 0x00, 0xA7, 0x00, 0xA7, 0x00, 0xA7, 0x00, 0xA7, 0x00,
    0xA7, 0x00, 0xA7, 0x00, 0xA7, 0x00, 0xA7, 0x00, 0xA7, 0x00, 0xA7, 0x00, 0xA7, 0x00, 0xA7, 0x00,
    0xA7, 0x00, 0xA7, 0x00, 0xA8, 0x00, 0xA8, 0x00, 0xA8, 0x00, 0xA8, 0x00, 0xA8, 0x00, 0xA8, 0x00,
    0xC8, 0x00, 0xA8, 0x00, 0xA8, 0x00, 0xA8, 0x00, 0xA8, 0x00, 0xA8, 0x00, 0xC8, 0x00, 0xC8, 0x00,
    0xC8, 0x00, 0xC8, 0x00, 0xC8, 0x00, 0xA8, 0x00, 0xA8, 0x00, 0xA8, 0x00, 0xA8, 0x00, 0xA8, 0x00,
    0xA8, 0x00, 0xA8, 0x00, 0xA8, 0x00, 0xA8, 0x00, 0xA8, 0x00, 0xC8, 0x00, 0xC8, 0x00, 0xC8, 0x00,
    0xC8, 0x00, 0xC8, 0x00, 0xC8, 0x00, 0xC8, 0x00, 0xC8, 0x00, 0xC8, 0x00, 0xC8, 0x00, 0xC8, 0x00,
    0xC8, 0x00, 0xC8, 0x00, 0xC8, 0x00, 0xA8, 0x00, 0xC8, 0x00, 0xC8, 0x00, 0xC8, 0x00, 0xC8, 0x00,
    0xC8, 0x00, 0xC8, 0x00, 0xC8, 0x00, 0xC8, 0x00, 0xC8, 0x00, 0xA8, 0x00, 0xC8, 0x00, 0xC8, 0x00,
    0xC8, 0x00, 0xC8, 0x00, 0xC8, 0x00, 0xA8, 0x00, 0xA8, 0x00, 0xC8, 0x00, 0xA8, 0x00, 0xA8, 0x00,
    0xA7, 0x00, 0xA7, 0x00, 0xA7, 0x00, 0xA7, 0x00, 0xA7, 0x00, 0xA7, 0x00, 0xA7, 0x00, 0xC7, 0x00,
    0xC7, 0x00, 0xA7, 0x00, 0xA7, 0x00, 0xA7, 0x00, 0xA7, 0x00, 0xA7, 0x00, 0xA7, 0x00, 0xA7, 0x00,
    0xA7, 0x00, 0xA7, 0x00, 0xA7, 0x00, 0xA7, 0x00, 0xA7, 0x00, 0xA7, 0x00, 0xA7, 0x00, 0xA7, 0x00,
    0xA7, 0x00, 0xA7, 0x00, 0xA7, 0x00, 0xA7, 0x00, 0x87, 0x00, 0x87, 0x00, 0x86, 0x00, 0x86, 0x00,
    0x86, 0x00, 0x86, 0x00, 0x86, 0x00, 0x86, 0x00, 0x86, 0x00, 0x86, 0x00, 0x86, 0x00, 0x86, 0x00,
    0xA6, 0x00, 0x86, 0x00, 0x86, 0x00, 0x86, 0x00, 0x86, 0x00, 0x86, 0x00, 0x86, 0x00, 0x86, 0x00,
    0x86, 0x00, 0x86, 0x00, 0x86, 0x00, 0x86, 0x00, 0x86, 0x00, 0x86, 0x00, 0x86, 0x00, 0x86, 0x00,
    0x86, 0x00, 0x86, 0x00, 0x86, 0x00, 0x86, 0x00, 0x86, 0x00, 0x86, 0x00, 0x86, 0x00, 0x86, 0x00,
    0x86, 0x00, 0x66, 0x00, 0x66, 0x00, 0x66, 0x00, 0x66, 0x00, 0x66, 0x00, 0x86, 0x00, 0x86, 0x00,
    0x86, 0x00, 0x86, 0x00, 0x66, 0x00, 0x66, 0x00, 0x66, 0x00, 0x86, 0x00, 0x86, 0x00, 0x66, 0x00,
    0x66, 0x00, 0x66, 0x00, 0x66, 0x00, 0x66, 0x00, 0x66, 0x00, 0x65, 0x00, 0x65, 0x00, 0x65, 0x00,
    0x65, 0x00, 0x65, 0x00, 0x65, 0x00, 0x65, 0x00, 0x65, 0x00, 0x65, 0x00, 0x65, 0x00, 0x65, 0x00,
    0x65, 0x00, 0x65, 0x00, 0x65, 0x00, 0x65, 0x00, 0x65, 0x00, 0x65, 0x00, 0x65, 0x00, 0x65, 0x00,
    0x65, 0x00, 0x65, 0x00, 0x65, 0x00, 0x65, 0x00, 0x65, 0x00, 0x65, 0x00, 0x65, 0x00, 0x65, 0x00,
    0x65, 0x00, 0x65, 0x00, 0x65, 0x00, 0x65, 0x00, 0x65, 0x00, 0x65, 0x00, 0x65, 0x00, 0x65, 0x00,
    0x65, 0x00, 0x65, 0x00, 0x65, 0x00, 0x65, 0x00, 0x65, 0x00, 0x65, 0x00, 0x65, 0x00, 0x65, 0x00,
    0x66, 0x00, 0x66, 0x00, 0x66, 0x00, 0x65, 0x00, 0x65, 0x00, 0x65, 0x00, 0x65, 0x00, 0x65, 0x00,
    0x65, 0x00, 0x65, 0x00, 0x65, 0x00, 0x65, 0x00, 0x65, 0x00, 0x65, 0x00, 0x65, 0x00, 0x65, 0x00,
    0x65, 0x00, 0x65, 0x00, 0x66, 0x00, 0x45, 0x00, 0x89, 0x21, 0xEE, 0x4A, 0x85, 0x00, 0x65, 0x00,
    0x65, 0x00, 0x66, 0x00, 0x86, 0x00, 0x86, 0x00, 0x86, 0x00, 0x66, 0x00, 0x86, 0x00, 0x86, 0x00,
    0x86, 0x00, 0x86, 0x00, 0x66, 0x00, 0x86, 0x00, 0x86, 0x00, 0x66, 0x00, 0x66, 0x00, 0x86, 0x00,
    0x86, 0x00, 0x86, 0x00, 0x86, 0x00, 0x86, 0x00, 0x86, 0x00, 0x86, 0x00, 0x86, 0x00, 0x66, 0x00,
    0x66, 0x00, 0x86, 0x00, 0x86, 0x00, 0x66, 0x00, 0x86, 0x00, 0x86, 0x00, 0x86, 0x00, 0x86, 0x00,
    0x86, 0x00, 0x86, 0x00, 0x86, 0x00, 0x86, 0x00, 0x86, 0x00, 0x86, 0x00, 0x86, 0x00, 0x86, 0x00,
    0x86, 0x00, 0x86, 0x00, 0x86, 0x00, 0x86, 0x00, 0x86, 0x00, 0x86, 0x00, 0x86, 0x00, 0x86, 0x00,
    0x86, 0x00, 0x86, 0x00, 0x86, 0x00, 0x86, 0x00, 0x86, 0x00, 0x86, 0x00, 0x86, 0x00, 0x86, 0x00,
    0x86, 0x00, 0x87, 0x00, 0xA7, 0x00, 0xA7, 0x00, 0xA7, 0x00, 0xA7, 0x00, 0xA7, 0x00, 0xA7, 0x00,
    0xA7, 0x00, 0x86, 0x00, 0x08, 0x09, 0x0B, 0x2A, 0xE7, 0x08, 0xA6, 0x00, 0xA7, 0x00, 0xA7, 0x00,
    0xA7, 0x00, 0xA7, 0x00, 0xA7, 0x00, 0xA7, 0x00, 0xA7, 0x00, 0xA7, 0x00, 0xA7, 0x00, 0xA7, 0x00,
    0xA7, 0x00, 0xA7, 0x00, 0xA7, 0x00, 0xA7, 0x00, 0xA7, 0x00, 0xA7, 0x00, 0xA7, 0x00, 0xA7, 0x00,
    0xA7, 0x00, 0xA7, 0x00, 0xA7, 0x00, 0xA7, 0x00, 0xA7, 0x00, 0xA7, 0x00, 0xA7, 0x00, 0xA7, 0x00,
    0xA7, 0x00, 0xA7, 0x00, 0xA7, 0x00, 0xA7, 0x00, 0xA7, 0x00, 0xA7, 0x00, 0xA7, 0x00, 0xA8, 0x00,
    0xA8, 0x00, 0xA8, 0x00, 0xA8, 0x00, 0xC8, 0x00, 0xA8, 0x00, 0xA8, 0x00, 0xA8, 0x00, 0xA8, 0x00,
    0xC8, 0x00, 0xC8, 0x00, 0xC8, 0x00, 0xC8, 0x00, 0xC8, 0x00, 0xC8, 0x00, 0xC8, 0x00, 0xC8, 0x00,
    0xC8, 0x00, 0xC8, 0x00, 0xC8, 0x00, 0xA8, 0x00, 0xA8, 0x00, 0xA8, 0x00, 0xA8, 0x00, 0xA8, 0x00,
    0xA8, 0x00, 0xA8, 0x00, 0xA8, 0x00, 0xA8, 0x00, 0xA8, 0x00, 0xA8, 0x00, 0xA8, 0x00, 0xA8, 0x00,
    0xA8, 0x00, 0xA8, 0x00, 0xC8, 0x00, 0xC8, 0x00, 0xC8, 0x00, 0xC8, 0x00, 0xC8, 0x00, 0xC8, 0x00,
    0xC8, 0x00, 0xC8, 0x00, 0xC8, 0x00, 0xA8, 0x00, 0xC8, 0x00, 0xC8, 0x00, 0xC8, 0x00, 0xC8, 0x00,
    0xC8, 0x00, 0xC8, 0x00, 0xC8, 0x00, 0xC8, 0x00, 0xC8, 0x00, 0xC8, 0x00, 0xC8, 0x00, 0xC8, 0x00,
    0xC8, 0x00, 0xC8, 0x00, 0xC8, 0x00, 0xC8, 0x00, 0xC8, 0x00, 0xC8, 0x00, 0xC8, 0x00, 0xA8, 0x00,
    0xA8, 0x00, 0xA8, 0x00, 0xA8, 0x00, 0xA8, 0x00, 0xA8, 0x00, 0xA8, 0x00, 0xA8, 0x00, 0xA7, 0x00,
    0xC7, 0x00, 0xC7, 0x00, 0xA7, 0x00, 0xA7, 0x00, 0xA7, 0x00, 0xA7, 0x00, 0xA7, 0x00, 0xA7, 0x00,
    0xA7, 0x00, 0xA7, 0x00, 0xA7, 0x00, 0xA7, 0x00, 0xA7, 0x00, 0xA7, 0x00, 0xA7, 0x00, 0xA7, 0x00,
    0xA7, 0x00, 0xA7, 0x00, 0xA7, 0x00, 0xA7, 0x00, 0xA7, 0x00, 0xA7, 0x00, 0xA6, 0x00, 0xA6, 0x00,
    0xA7, 0x00, 0xA6, 0x00, 0xA6, 0x00, 0x86, 0x00, 0x86, 0x00, 0xA7, 0x00, 0x86, 0x00, 0xA7, 0x00,
    0xC7, 0x00, 0x86, 0x00, 0x86, 0x00, 0x86, 0x00, 0x86, 0x00, 0x86, 0x00, 0x86, 0x00, 0x86, 0x00,
    0x86, 0x00, 0x86, 0x00, 0x86, 0x00, 0x86, 0x00, 0x86, 0x00, 0x86, 0x00, 0x86, 0x00, 0x86, 0x00,
    0x86, 0x00, 0x86, 0x00, 0x86, 0x00, 0x86, 0x00, 0x86, 0x00, 0x86, 0x00, 0x86, 0x00, 0x86, 0x00,
    0x86, 0x00, 0x66, 0x00, 0x66, 0x00, 0x66, 0x00, 0x66, 0x00, 0x66, 0x00, 0x86, 0x00, 0x86, 0x00,
    0x86, 0x00, 0x86, 0x00, 0x66, 0x00, 0x86, 0x00, 0x86, 0x00, 0x08, 0x11, 0xA7, 0x08, 0x66, 0x00,
    0x86, 0x00, 0x66, 0x00, 0x66, 0x00, 0x66, 0x00, 0x66, 0x00, 0x65, 0x00, 0x65, 0x00, 0x65, 0x00,
    0x65, 0x00, 0x65, 0x00, 0x65, 0x00, 0x65, 0x00, 0x65, 0x00, 0x65, 0x00, 0x65, 0x00, 0x65, 0x00,
    0x65, 0x00, 0x65, 0x00, 0x65, 0x00, 0x65, 0x00, 0x65, 0x00, 0x65, 0x00, 0x65, 0x00, 0x65, 0x00,
    0x65, 0x00, 0x65, 0x00, 0x65, 0x00, 0x65, 0x00, 0x65, 0x00, 0x65, 0x00, 0x65, 0x00, 0x65, 0x00,
    0x65, 0x00, 0x65, 0x00, 0x65, 0x00, 0x65, 0x00, 0x65, 0x00, 0x65, 0x00, 0x65, 0x00, 0x65, 0x00,
    0x66, 0x00, 0x66, 0x00, 0x66, 0x00, 0x65, 0x00, 0x65, 0x00, 0x65, 0x00, 0x65, 0x00, 0x65, 0x00,
    0x66, 0x00, 0x66, 0x00, 0x66, 0x00, 0x65, 0x00, 0x65, 0x00, 0x65, 0x00, 0x65, 0x00, 0x65, 0x00,
    0x65, 0x00, 0x65, 0x00, 0x65, 0x00, 0x65, 0x00, 0x65, 0x00, 0x65, 0x00, 0x65, 0x00, 0x65, 0x00,
    0x65, 0x00, 0x65, 0x00, 0x65, 0x00, 0x66, 0x00, 0x45, 0x00, 0x24, 0x00, 0x65, 0x00, 0x86, 0x00,
    0x86, 0x00, 0x86, 0x00, 0x86, 0x00, 0x86, 0x00, 0x86, 0x00, 0x66, 0x00, 0x66, 0x00, 0x86, 0x00,
    0x86, 0x00, 0x86, 0x00, 0x66, 0x00, 0x86, 0x00, 0x86, 0x00, 0x66, 0x00, 0x66, 0x00, 0x86, 0x00,
    0x86, 0x00, 0x86, 0x00, 0x86, 0x00, 0x86, 0x00, 0x86, 0x00, 0x86, 0x00, 0x86, 0x00, 0x86, 0x00,
    0x86, 0x00, 0x86, 0x00, 0x86, 0x00, 0x86, 0x00, 0x86, 0x00, 0x86, 0x00, 0x86, 0x00, 0x86, 0x00,
    0x86, 0x00, 0x86, 0x00, 0x86, 0x00, 0x86, 0x00, 0x86, 0x00, 0x86, 0x00, 0x86, 0x00, 0x86, 0x00,
    0x86, 0x00, 0x86, 0x00, 0x86, 0x00, 0x86, 0x00, 0x86, 0x00, 0x86, 0x00, 0x87, 0x00, 0x87, 0x00,
    0x86, 0x00, 0x86, 0x00, 0x86, 0x00, 0x86, 0x00, 0x86, 0x00, 0xA7, 0x00, 0xA7, 0x00, 0xA7, 0x00,
    0xA7, 0x00, 0xA7, 0x00, 0xA7, 0x00, 0xA7, 0x00, 0xA7, 0x00, 0xA7, 0x00, 0xA7, 0x00, 0xA7, 0x00,
    0xA7, 0x00, 0x86, 0x00, 0x89, 0x19, 0x54, 0x74, 0x49, 0x11, 0x86, 0x00, 0xA7, 0x00, 0xA7, 0x00,
    0xA7, 0x00, 0xA7, 0x00, 0xA7, 0x00, 0xA7, 0x00, 0xA7, 0x00, 0xA7, 0x00, 0xA7, 0x00, 0xA7, 0x00,
    0xA7, 0x00, 0xA7, 0x00, 0xA7, 0x00, 0xA7, 0x00, 0xA7, 0x00, 0xA7, 0x00, 0xA7, 0x00, 0xA7, 0x00,
    0xA7, 0x00, 0xA7, 0x00, 0xA7, 0x00, 0xA7, 0x00, 0xA7, 0x00, 0xA7, 0x00, 0xA7, 0x00, 0xA7, 0x00,
    0xA8, 0x00, 0xA8, 0x00, 0xA7, 0x00, 0xA8, 0x00, 0xA8, 0x00, 0xA8, 0x00, 0xA8, 0x00, 0xA8, 0x00,
    0xC8, 0x00, 0xC8, 0x00, 0xC8, 0x00, 0xC8, 0x00, 0xA8, 0x00, 0xA8, 0x00, 0xA8, 0x00, 0xC8, 0x00,
    0xC8, 0x00, 0xC8, 0x00, 0xC8, 0x00, 0xC8, 0x00, 0xC8, 0x00, 0xC8, 0x00, 0xC8, 0x00, 0xC8, 0x00,
    0xC8, 0x00, 0xC8, 0x00, 0xC8, 0x00, 0xA8, 0x00, 0xA8, 0x00, 0xA8, 0x00, 0xA8, 0x00, 0xA8, 0x00,
    0xA8, 0x00, 0xA8, 0x00, 0xA8, 0x00, 0xA8, 0x00, 0xA8, 0x00, 0xA8, 0x00, 0xA8, 0x00, 0xA8, 0x00,
    0xA8, 0x00, 0xA8, 0x00, 0xA8, 0x00, 0xC8, 0x00, 0xC8, 0x00, 0xC8, 0x00, 0xC8, 0x00, 0xC8, 0x00,
    0xC8, 0x00, 0xC8, 0x00, 0xA8, 0x00, 0xA8, 0x00, 0xC8, 0x00, 0xC8, 0x00, 0xC8, 0x00, 0xC8, 0x00,
    0xC8, 0x00, 0xC8, 0x00, 0xC8, 0x00, 0xC8, 0x00, 0xC8, 0x00, 0xC8, 0x00, 0xC8, 0x00, 0xC8, 0x00,
    0xC8, 0x00, 0xC8, 0x00, 0xC8, 0x00, 0xC8, 0x00, 0xC8, 0x00, 0xC8, 0x00, 0xC8, 0x00, 0xC8, 0x00,
    0xA8, 0x00, 0xA8, 0x00, 0xA8, 0x00, 0xA8, 0x00, 0xA8, 0x00, 0xA8, 0x00, 0xA8, 0x00, 0xA8, 0x00,
    0xC7, 0x00, 0xC7, 0x00, 0xA8, 0x00, 0xA8, 0x00, 0xA8, 0x00, 0xA8, 0x00, 0xA8, 0x00, 0xA7, 0x00,
    0xA7, 0x00, 0xA7, 0x00, 0xA7, 0x00, 0xA7, 0x00, 0xA7, 0x00, 0xA7, 0x00, 0xA7, 0x00, 0xA7, 0x00,
    0xA7, 0x00, 0xA7, 0x00, 0xA7, 0x00, 0xA7, 0x00, 0xA7, 0x00, 0xA7, 0x00, 0xA7, 0x00, 0xA7, 0x00,
    0xA7, 0x00, 0xA7, 0x00, 0xA7, 0x00, 0xA7, 0x00, 0xA7, 0x00, 0xA7, 0x00, 0x86, 0x00, 0xA7, 0x00,
    0xA7, 0x00, 0x86, 0x00, 0x87, 0x00, 0x87, 0x00, 0x87, 0x00, 0x86, 0x00, 0x86, 0x00, 0xA6, 0x00,
    0xC7, 0x00, 0x86, 0x00, 0x86, 0x00, 0x86, 0x00, 0x86, 0x00, 0x86, 0x00, 0x86, 0x00, 0x86, 0x00,
    0x86, 0x00, 0x86, 0x00, 0x86, 0x00, 0x86, 0x00, 0x86, 0x00, 0x86, 0x00, 0x86, 0x00, 0x86, 0x00,
    0x86, 0x00, 0x66, 0x00, 0x66, 0x00, 0x66, 0x00, 0x66, 0x00, 0x66, 0x00, 0x86, 0x00, 0x86, 0x00,
    0x86, 0x00, 0x86, 0x00, 0x86, 0x00, 0x86, 0x00, 0x86, 0x00, 0x86, 0x00, 0x86, 0x00, 0x86, 0x00,
    0x86, 0x00, 0x66, 0x00, 0x66, 0x00, 0x66, 0x00, 0x66, 0x00, 0x65, 0x00, 0x65, 0x00, 0x65, 0x00,
    0x65, 0x00, 0x65, 0x00, 0x65, 0x00, 0x65, 0x00, 0x65, 0x00, 0x65, 0x00, 0x65, 0x00, 0x65, 0x00,
    0x65, 0x00, 0x65, 0x00, 0x65, 0x00, 0x65, 0x00, 0x65, 0x00, 0x65, 0x00, 0x65, 0x00, 0x65, 0x00,
    0x65, 0x00, 0x65, 0x00, 0x65, 0x00, 0x65, 0x00, 0x65, 0x00, 0x65, 0x00, 0x65, 0x00, 0x65, 0x00,
    0x65, 0x00, 0x65, 0x00, 0x65, 0x00, 0x65, 0x00, 0x65, 0x00, 0x65, 0x00, 0x65, 0x00, 0x65, 0x00,
    0x66, 0x00, 0x66, 0x00, 0x66, 0x00, 0x65, 0x00, 0x65, 0x00, 0x65, 0x00, 0x65, 0x00, 0x65, 0x00,
    0x65, 0x00, 0x65, 0x00, 0x65, 0x00, 0x65, 0x00, 0x65, 0x00, 0x65, 0x00, 0x65, 0x00, 0x65, 0x00,
    0x65, 0x00, 0x65, 0x00, 0x66, 0x00, 0x66, 0x00, 0x65, 0x00, 0x66, 0x00, 0x65, 0x00, 0x65, 0x00,
    0x66, 0x00, 0x66, 0x00, 0x66, 0x00, 0x66, 0x00, 0x66, 0x00, 0x66, 0x00, 0x86, 0x00, 0x86, 0x00,
    0x86, 0x00, 0x86, 0x00, 0x86, 0x00, 0x66, 0x00, 0x66, 0x00, 0x66, 0x00, 0x66, 0x00, 0x66, 0x00,
    0x86, 0x00, 0x86, 0x00, 0x66, 0x00, 0x86, 0x00, 0x86, 0x00, 0x66, 0x00, 0x86, 0x00, 0x86, 0x00,
    0x86, 0x00, 0x86, 0x00, 0x86, 0x00, 0x86, 0x00, 0x86, 0x00, 0x86, 0x00, 0x86, 0x00, 0x86, 0x00,
    0x86, 0x00, 0x86, 0x00, 0x86, 0x00, 0x86, 0x00, 0x86, 0x00, 0x86, 0x00, 0x86, 0x00, 0x86, 0x00,
    0x86, 0x00, 0x86, 0x00, 0x86, 0x00, 0x86, 0x00, 0x86, 0x00, 0x86, 0x00, 0x86, 0x00, 0x86, 0x00,
    0x86, 0x00, 0x86, 0x00, 0x86, 0x00, 0x86, 0x00, 0x86, 0x00, 0xA7, 0x00, 0xA7, 0x00, 0xA7, 0x00,
    0x86, 0x00, 0x86, 0x00, 0x86, 0x00, 0xA6, 0x00, 0xA7, 0x00, 0xA7, 0x00, 0xA7, 0x00, 0xA7, 0x00,
    0xA7, 0x00, 0xA7, 0x00, 0xA7, 0x00, 0xA7, 0x00, 0xA7, 0x00, 0xA7, 0x00, 0xA7, 0x00, 0xA7, 0x00,
    0xA7, 0x00, 0xA7, 0x00, 0xA6, 0x00, 0x07, 0x09, 0xA7, 0x00, 0xA7, 0x00, 0xA7, 0x00, 0x87, 0x00,
    0x87, 0x00, 0xA7, 0x00, 0xA7, 0x00, 0xA7, 0x00, 0xA7, 0x00, 0xA7, 0x00, 0xA7, 0x00, 0xA7, 0x00,
    0xA7, 0x00, 0xA7, 0x00, 0xA7, 0x00, 0xA7, 0x00, 0xA7, 0x00, 0xA7, 0x00, 0xA7, 0x00, 0xA7, 0x00,
    0xA7, 0x00, 0xA7, 0x00, 0xA7, 0x00, 0xA7, 0x00, 0xA7, 0x00, 0xA7, 0x00, 0xA7, 0x00, 0xA7, 0x00,
    0xA8, 0x00, 0xA8, 0x00, 0xA8, 0x00, 0xA8, 0x00, 0xA8, 0x00, 0xA8, 0x00, 0xA8, 0x00, 0xA8, 0x00,
    0xC8, 0x00, 0xC8, 0x00, 0xC8, 0x00, 0xA8, 0x00, 0xA8, 0x00, 0xA8, 0x00, 0xA8, 0x00, 0xA8, 0x00,
    0xA8, 0x00, 0xA8, 0x00, 0xA8, 0x00, 0xA8, 0x00, 0xA8, 0x00, 0xA8, 0x00, 0xA8, 0x00, 0xA8, 0x00,
    0xA8, 0x00, 0xA8, 0x00, 0xA8, 0x00, 0xA8, 0x00, 0xA8, 0x00, 0xC8, 0x00, 0xC8, 0x00, 0xC8, 0x00,
    0xC8, 0x00, 0xC8, 0x00, 0xC8, 0x00, 0xC8, 0x00, 0xC8, 0x00, 0xC8, 0x00, 0xC8, 0x00, 0xA8, 0x00,
    0xA8, 0x00, 0xA8, 0x00, 0xA8, 0x00, 0xA8, 0x00, 0xA8, 0x00, 0xC8, 0x00, 0xC8, 0x00, 0xA8, 0x00,
    0xA8, 0x00, 0xA8, 0x00, 0xA8, 0x00, 0xC8, 0x00, 0xA8, 0x00, 0xA8, 0x00, 0xC8, 0x00, 0xC8, 0x00,
    0xA8, 0x00, 0xC8, 0x00, 0xC8, 0x00, 0xC8, 0x00, 0xC8, 0x00, 0xC8, 0x00, 0xC8, 0x00, 0xC8, 0x00,
    0xC8, 0x00, 0xC8, 0x00, 0xC8, 0x00, 0xC8, 0x00, 0xC8, 0x00, 0xC8, 0x00, 0xC8, 0x00, 0xC8, 0x00,
    0xC8, 0x00, 0xC8, 0x00, 0xA8, 0x00, 0xA8, 0x00, 0xA8, 0x00, 0xA8, 0x00, 0xA8, 0x00, 0xA8, 0x00,
    0xA8, 0x00, 0xA8, 0x00, 0xA8, 0x00, 0xA8, 0x00, 0xA7, 0x00, 0xA7, 0x00, 0xA7, 0x00, 0xA7, 0x00,
    0xA7, 0x00, 0xA7, 0x00, 0xA7, 0x00, 0xA7, 0x00, 0xA7, 0x00, 0xA7, 0x00, 0xA7, 0x00, 0xA7, 0x00,
    0xA7, 0x00, 0xA7, 0x00, 0xA7, 0x00, 0xA7, 0x00, 0xA7, 0x00, 0xA7, 0x00, 0xA7, 0x00, 0xA7, 0x00,
    0xA7, 0x00, 0xA7, 0x00, 0xA7, 0x00, 0xA7, 0x00, 0xA7, 0x00, 0xA7, 0x00, 0xA7, 0x00, 0xA7, 0x00,
    0xA6, 0x00, 0xA6, 0x00, 0xA7, 0x00, 0xA7, 0x00, 0x87, 0x00, 0x87, 0x00, 0x86, 0x00, 0xE7, 0x08,
    0x2C, 0x32, 0xC7, 0x00, 0x86, 0x00, 0x86, 0x00, 0x86, 0x00, 0x86, 0x00, 0x86, 0x00, 0x86, 0x00,
    0x86, 0x00, 0x86, 0x00, 0x86, 0x00, 0x86, 0x00, 0x86, 0x00, 0x86, 0x00, 0x86, 0x00, 0x86, 0x00,
    0x86, 0x00, 0x86, 0x00, 0x86, 0x00, 0x86, 0x00, 0x86, 0x00, 0x86, 0x00, 0x86, 0x00, 0x86, 0x00,
    0x86, 0x00, 0x65, 0x00, 0x86, 0x00, 0x86, 0x00, 0x86, 0x00, 0x66, 0x00, 0x86, 0x00, 0x86, 0x00,
    0x86, 0x00, 0x86, 0x00, 0x66, 0x00, 0x66, 0x00, 0x66, 0x00, 0x65, 0x00, 0x65, 0x00, 0x65, 0x00,
    0x65, 0x00, 0x65, 0x00, 0x65, 0x00, 0x65, 0x00, 0x65, 0x00, 0x65, 0x00, 0x65, 0x00, 0x65, 0x00,
    0x65, 0x00, 0x65, 0x00, 0x65, 0x00, 0x65, 0x00, 0x65, 0x00, 0x65, 0x00, 0x65, 0x00, 0x65, 0x00,
    0x65, 0x00, 0x65, 0x00, 0x65, 0x00, 0x65, 0x00, 0x65, 0x00, 0x65, 0x00, 0x65, 0x00, 0x65, 0x00,
    0x65, 0x00, 0x65, 0x00, 0x65, 0x00, 0x65, 0x00, 0x65, 0x00, 0x65, 0x00, 0x65, 0x00, 0x65, 0x00,
    0x66, 0x00, 0x66, 0x00, 0x66, 0x00, 0x65, 0x00, 0x65, 0x00, 0x65, 0x00, 0x65, 0x00, 0x65, 0x00,
    0x65, 0x00, 0x65, 0x00, 0x65, 0x00, 0x65, 0x00, 0x65, 0x00, 0x65, 0x00, 0x65, 0x00, 0x65, 0x00,
    0x65, 0x00, 0x65, 0x00, 0x45, 0x00, 0x45, 0x00, 0x66, 0x00, 0x66, 0x00, 0x66, 0x00, 0x66, 0x00,
    0x66, 0x00, 0x86, 0x00, 0x86, 0x00, 0x86, 0x00, 0x66, 0x00, 0x66, 0x00, 0x66, 0x00, 0x66, 0x00,
    0x66, 0x00, 0x85, 0x00, 0x85, 0x00, 0x66, 0x00, 0x66, 0x00, 0x66, 0x00, 0x66, 0x00, 0x66, 0x00,
    0x86, 0x00, 0x86, 0x00, 0x86, 0x00, 0x86, 0x00, 0x86, 0x00, 0x86, 0x00, 0x86, 0x00, 0x86, 0x00,
    0x86, 0x00, 0x86, 0x00, 0x86, 0x00, 0x86, 0x00, 0x86, 0x00, 0x86, 0x00, 0x86, 0x00, 0x86, 0x00,
    0x86, 0x00, 0x86, 0x00, 0x86, 0x00, 0x86, 0x00, 0x86, 0x00, 0x86, 0x00, 0x86, 0x00, 0x86, 0x00,
    0x86, 0x00, 0x86, 0x00, 0x86, 0x00, 0x86, 0x00, 0x86, 0x00, 0x86, 0x00, 0x86, 0x00, 0x86, 0x00,
    0x86, 0x00, 0x86, 0x00, 0x86, 0x00, 0xA6, 0x00, 0xA7, 0x00, 0xA7, 0x00, 0xA7, 0x00, 0xA7, 0x00,
    0xA7, 0x00, 0xA7, 0x00, 0xA7, 0x00, 0xA7, 0x00, 0xA7, 0x00, 0xA7, 0x00, 0xA7, 0x00, 0xA7, 0x00,
    0xA7, 0x00, 0xA7, 0x00, 0xA7, 0x00, 0xA7, 0x00, 0xA7, 0x00, 0xA7, 0x00, 0xA7, 0x00, 0xA7, 0x00,
    0xA7, 0x00, 0xA7, 0x00, 0xA7, 0x00, 0x87, 0x00, 0xA7, 0x00, 0xA7, 0x00, 0xA7, 0x00, 0xA7, 0x00,
    0xA7, 0x00, 0xA7, 0x00, 0xA7, 0x00, 0xA7, 0x00, 0xA7, 0x00, 0xA7, 0x00, 0xA7, 0x00, 0xA7, 0x00,
    0xA7, 0x00, 0xA7, 0x00, 0xA7, 0x00, 0xA8, 0x00, 0xA8, 0x00, 0xA7, 0x00, 0xA7, 0x00, 0xA8, 0x00,
    0xA8, 0x00, 0xA8, 0x00, 0xA8, 0x00, 0xA8, 0x00, 0xA8, 0x00, 0xA8, 0x00, 0xA8, 0x00, 0xA8, 0x00,
    0xA8, 0x00, 0xA8, 0x00, 0xA8, 0x00, 0xA8, 0x00, 0xA8, 0x00, 0xA8, 0x00, 0xA8, 0x00, 0xA8, 0x00,
    0xC8, 0x00, 0xC8, 0x00, 0xC8, 0x00, 0xA8, 0x00, 0xA8, 0x00, 0xA8, 0x00, 0xA8, 0x00, 0xA8, 0x00,
    0xA8, 0x00, 0xC8, 0x00, 0xC8, 0x00, 0xA8, 0x00, 0xA8, 0x00, 0xA8, 0x00, 0xC8, 0x00, 0xC8, 0x00,
    0xC8, 0x00, 0xC8, 0x00, 0xC8, 0x00, 0xC8, 0x00, 0xC8, 0x00, 0xC8, 0x00, 0xC8, 0x00, 0xC8, 0x00,
    0xC8, 0x00, 0xC8, 0x00, 0xC8, 0x00, 0xC8, 0x00, 0xC8, 0x00, 0xC8, 0x00, 0xC8, 0x00, 0xC8, 0x00,
    0xC8, 0x00, 0xC8, 0x00, 0xC8, 0x00, 0xC8, 0x00, 0xC8, 0x00, 0xC8, 0x00, 0xC8, 0x00, 0xC8, 0x00,
    0xC8, 0x00, 0xC8, 0x00, 0xC8, 0x00, 0xC8, 0x00, 0xC8, 0x00, 0xC8, 0x00, 0xC8, 0x00, 0xC8, 0x00,
    0xC8, 0x00, 0xC8, 0x00, 0xC8, 0x00, 0xC8, 0x00, 0xC8, 0x00, 0xC8, 0x00, 0xC8, 0x00, 0xC8, 0x00,
    0xC8, 0x00, 0xC8, 0x00, 0xC8, 0x00, 0xC8, 0x00, 0xC8, 0x00, 0xC8, 0x00, 0xC8, 0x00, 0xC8, 0x00,
    0xC8, 0x00, 0xC8, 0x00, 0xA8, 0x00, 0xA8, 0x00, 0xA8, 0x00, 0xA8, 0x00, 0xA8, 0x00, 0xA8, 0x00,
    0xA8, 0x00, 0xA8, 0x00, 0xA8, 0x00, 0xA8, 0x00, 0xA8, 0x00, 0xA8, 0x00, 0xA8, 0x00, 0xA7, 0x00,
    0xA7, 0x00, 0xA7, 0x00, 0xA7, 0x00, 0xA7, 0x00, 0xC7, 0x00, 0xC7, 0x00, 0xC7, 0x00, 0xC7, 0x00,
    0xA7, 0x00, 0xA7, 0x00, 0xA7, 0x00, 0xA7, 0x00, 0xA7, 0x00, 0xA7, 0x00, 0xA7, 0x00, 0xA7, 0x00,
    0xA7, 0x00, 0xA7, 0x00, 0xA7, 0x00, 0xA7, 0x00, 0xA7, 0x00, 0xA7, 0x00, 0xA7, 0x00, 0xA7, 0x00,
    0xA6, 0x00, 0xA6, 0x00, 0xA7, 0x00, 0xA7, 0x00, 0x87, 0x00, 0xA7, 0x00, 0x86, 0x00, 0xA6, 0x00,
    0xE7, 0x08, 0xA6, 0x00, 0x86, 0x00, 0x86, 0x00, 0x86, 0x00, 0xA6, 0x00, 0xA6, 0x00, 0x86, 0x00,
    0x86, 0x00, 0x86, 0x00, 0x86, 0x00, 0x86, 0x00, 0x86, 0x00, 0x86, 0x00, 0x66, 0x00, 0x66, 0x00,
    0x86, 0x00, 0x86, 0x00, 0x86, 0x00, 0x86, 0x00, 0x86, 0x00, 0x86, 0x00, 0x86, 0x00, 0x86, 0x00,
    0x86, 0x00, 0xE7, 0x08, 0x86, 0x00, 0x86, 0x00, 0x86, 0x00, 0x86, 0x00, 0x86, 0x00, 0x86, 0x00,
    0x86, 0x00, 0x86, 0x00, 0x66, 0x00, 0x66, 0x00, 0x66, 0x00, 0x65, 0x00, 0x65, 0x00, 0x85, 0x00,
    0x85, 0x00, 0x65, 0x00, 0x65, 0x00, 0x65, 0x00, 0x65, 0x00, 0x65, 0x00, 0x65, 0x00, 0x65, 0x00,
    0x65, 0x00, 0x65, 0x00, 0x65, 0x00, 0x65, 0x00, 0x65, 0x00, 0x65, 0x00, 0x65, 0x00, 0x65, 0x00,
    0x65, 0x00, 0x65, 0x00, 0x65, 0x00, 0x65, 0x00, 0x65, 0x00, 0x65, 0x00, 0x65, 0x00, 0x65, 0x00,
    0x65, 0x00, 0x65, 0x00, 0x65, 0x00, 0x65, 0x00, 0x65, 0x00, 0x65, 0x00, 0x65, 0x00, 0x65, 0x00,
    0x66, 0x00, 0x65, 0x00, 0x65, 0x00, 0x65, 0x00, 0x65, 0x00, 0x65, 0x00, 0x65, 0x00, 0x65, 0x00,
    0x65, 0x00, 0x66, 0x00, 0x65, 0x00, 0x65, 0x00, 0x65, 0x00, 0x65, 0x00, 0x65, 0x00, 0x66, 0x00,
    0x65, 0x00, 0x65, 0x00, 0xCA, 0x29, 0x07, 0x11, 0x65, 0x00, 0x86, 0x00, 0x66, 0x00, 0x66, 0x00,
    0x66, 0x00, 0x66, 0x00, 0x66, 0x00, 0x66, 0x00, 0x66, 0x00, 0x66, 0x00, 0x66, 0x00, 0x66, 0x00,
    0x86, 0x00, 0x86, 0x00, 0x86, 0x00, 0x66, 0x00, 0x66, 0x00, 0x66, 0x00, 0x66, 0x00, 0x66, 0x00,
    0x86, 0x00, 0x86, 0x00, 0x86, 0x00, 0x86, 0x00, 0x86, 0x00, 0x86, 0x00, 0x86, 0x00, 0x86, 0x00,
    0x86, 0x00, 0x86, 0x00, 0x86, 0x00, 0x86, 0x00, 0x86, 0x00, 0x86, 0x00, 0x86, 0x00, 0x86, 0x00,
    0x86, 0x00, 0x86, 0x00, 0x86, 0x00, 0x86, 0x00, 0x86, 0x00, 0x86, 0x00, 0x86, 0x00, 0x86, 0x00,
    0x86, 0x00, 0x86, 0x00, 0x86, 0x00, 0x86, 0x00, 0xA7, 0x00, 0x86, 0x00, 0x86, 0x00, 0x86, 0x00,
    0x86, 0x00, 0x86, 0x00, 0x86, 0x00, 0xA7, 0x00, 0xA7, 0x00, 0xA7, 0x00, 0xA7, 0x00, 0xA7, 0x00,
    0xA7, 0x00, 0xA7, 0x00, 0xA7, 0x00, 0xA7, 0x00, 0xA7, 0x00, 0xA7, 0x00, 0xA7, 0x00, 0xA7, 0x00,
    0xA7, 0x00, 0xA7, 0x00, 0xA7, 0x00, 0xA7, 0x00, 0xA7, 0x00, 0xA7, 0x00, 0xA7, 0x00, 0xA7, 0x00,
    0xA7, 0x00, 0xA7, 0x00, 0xA7, 0x00, 0xA7, 0x00, 0xA7, 0x00, 0xA7, 0x00, 0xA7, 0x00, 0xA7, 0x00,
    0xA7, 0x00, 0xA7, 0x00, 0xA7, 0x00, 0xA7, 0x00, 0xA7, 0x00, 0xA7, 0x00, 0xA8, 0x00, 0xA8, 0x00,
    0xA7, 0x00, 0xA8, 0x00, 0xA8, 0x00, 0xA8, 0x00, 0xA8, 0x00, 0xA8, 0x00, 0xA8, 0x00, 0xA8, 0x00,
    0xA8, 0x00, 0xA8, 0x00, 0xC8, 0x00, 0xC8, 0x00, 0xA8, 0x00, 0xA8, 0x00, 0xA8, 0x00, 0xA8, 0x00,
    0xA8, 0x00, 0xA8, 0x00, 0xA8, 0x00, 0xA8, 0x00, 0xA8, 0x00, 0xA8, 0x00, 0xA8, 0x00, 0xC8, 0x00,
    0xC8, 0x00, 0xC8, 0x00, 0xA8, 0x00, 0xC8, 0x00, 0xC8, 0x00, 0xC8, 0x00, 0xC8, 0x00, 0xC8, 0x00,
    0xC8, 0x00, 0xC8, 0x00, 0xC8, 0x00, 0xC8, 0x00, 0xC8, 0x00, 0xC8, 0x00, 0xC8, 0x00, 0xC8, 0x00,
    0xC8, 0x00, 0xC8, 0x00, 0xC8, 0x00, 0xC8, 0x00, 0xC8, 0x00, 0xC8, 0x00, 0xC8, 0x00, 0xC8, 0x00,
    0xC8, 0x00, 0xC8, 0x00, 0xC8, 0x00, 0xC8, 0x00, 0xC8, 0x00, 0xC8, 0x00, 0xC8, 0x00, 0xC8, 0x00,
    0xC8, 0x00, 0xC8, 0x00, 0xC8, 0x00, 0xC8, 0x00, 0xC8, 0x00, 0xC8, 0x00, 0xC8, 0x00, 0xC8, 0x00,
    0xC8, 0x00, 0xC8, 0x00, 0xC8, 0x00, 0xC8, 0x00, 0xC8, 0x00, 0xC8, 0x00, 0xC8, 0x00, 0xC8, 0x00,
    0xC8, 0x00, 0xC8, 0x00, 0xC8, 0x00, 0xC8, 0x00, 0xC8, 0x00, 0xC8, 0x00, 0xC8, 0x00, 0xC8, 0x00,
    0xC8, 0x00, 0xC8, 0x00, 0xC8, 0x00, 0xC8, 0x00, 0xC8, 0x00, 0xC8, 0x00, 0xC8, 0x00, 0xA8, 0x00,
    0xA8, 0x00, 0xA8, 0x00, 0xA8, 0x00, 0xC8, 0x00, 0xC8, 0x00, 0xC8, 0x00, 0xA8, 0x00, 0xA8, 0x00,
    0xA8, 0x00, 0xA8, 0x00, 0xA8, 0x00, 0xA8, 0x00, 0xC8, 0x00, 0xE8, 0x00, 0xC8, 0x00, 0xA8, 0x00,
    0xA8, 0x00, 0xA8, 0x00, 0xA7, 0x00, 0xA7, 0x00, 0xC7, 0x00, 0xC7, 0x00, 0xC7, 0x00, 0xC7, 0x00,
    0xC8, 0x00, 0xC7, 0x00, 0xC7, 0x00, 0xC7, 0x00, 0xC7, 0x00, 0xC7, 0x00, 0xA7, 0x00, 0xA7, 0x00,
    0xA7, 0x00, 0xA7, 0x00, 0xA7, 0x00, 0xA7, 0x00, 0xA7, 0x00, 0xA7, 0x00, 0xA7, 0x00, 0xA7, 0x00,
    0xA7, 0x00, 0xA6, 0x00, 0xA7, 0x00, 0xA7, 0x00, 0xA7, 0x00, 0xA6, 0x00, 0xA6, 0x00, 0xA6, 0x00,
    0x86, 0x00, 0xA6, 0x00, 0x87, 0x00, 0x86, 0x00, 0x86, 0x00, 0x86, 0x00, 0x86, 0x00, 0x86, 0x00,
    0x86, 0x00, 0x86, 0x00, 0x86, 0x00, 0x86, 0x00, 0x86, 0x00, 0x86, 0x00, 0x28, 0x11, 0x28, 0x11,
    0x86, 0x00, 0x86, 0x00, 0x86, 0x00, 0x86, 0x00, 0x86, 0x00, 0x86, 0x00, 0x86, 0x00, 0x86, 0x00,
    0x86, 0x00, 0x49, 0x19, 0xC6, 0x00, 0x66, 0x00, 0x86, 0x00, 0x86, 0x00, 0x86, 0x00, 0x86, 0x00,
    0x86, 0x00, 0x86, 0x00, 0x86, 0x00, 0x86, 0x00, 0x66, 0x00, 0x66, 0x00, 0x66, 0x00, 0x66, 0x00,
    0x66, 0x00, 0x66, 0x00, 0x65, 0x00, 0x65, 0x00, 0x85, 0x00, 0x85, 0x00, 0x65, 0x00, 0x65, 0x00,
    0x65, 0x00, 0x65, 0x00, 0x65, 0x00, 0x65, 0x00, 0x66, 0x00, 0x65, 0x00, 0x65, 0x00, 0x65, 0x00,
    0x65, 0x00, 0x24, 0x00, 0x65, 0x00, 0x65, 0x00, 0x65, 0x00, 0x66, 0x00, 0x65, 0x00, 0x65, 0x00,
    0x65, 0x00, 0x65, 0x00, 0x65, 0x00, 0x65, 0x00, 0x65, 0x00, 0x65, 0x00, 0x65, 0x00, 0x65, 0x00,
    0x66, 0x00, 0x65, 0x00, 0x65, 0x00, 0x65, 0x00, 0x65, 0x00, 0x65, 0x00, 0x65, 0x00, 0x65, 0x00,
    0x65, 0x00, 0x65, 0x00, 0x66, 0x00, 0x66, 0x00, 0x66, 0x00, 0x66, 0x00, 0x66, 0x00, 0x66, 0x00,
    0x65, 0x00, 0x85, 0x00, 0x0B, 0x32, 0x28, 0x11, 0x65, 0x00, 0x86, 0x00, 0x86, 0x00, 0x66, 0x00,
    0x66, 0x00, 0x86, 0x00, 0x66, 0x00, 0x66, 0x00, 0x66, 0x00, 0x66, 0x00, 0x66, 0x00, 0x86, 0x00,
    0x86, 0x00, 0x86, 0x00, 0x86, 0x00, 0x66, 0x00, 0x66, 0x00, 0x66, 0x00, 0x66, 0x00, 0x66, 0x00,
    0x86, 0x00, 0x86, 0x00, 0x86, 0x00, 0x86, 0x00, 0x86, 0x00, 0x86, 0x00, 0x86, 0x00, 0x86, 0x00,
    0x86, 0x00, 0x86, 0x00, 0x86, 0x00, 0x86, 0x00, 0x86, 0x00, 0x86, 0x00, 0x86, 0x00, 0x86, 0x00,
    0x86, 0x00, 0x86, 0x00, 0x86, 0x00, 0x86, 0x00, 0x86, 0x00, 0x86, 0x00, 0x86, 0x00, 0x86, 0x00,
    0x86, 0x00, 0x86, 0x00, 0x86, 0x00, 0x87, 0x00, 0xA7, 0x00, 0xA6, 0x00, 0x86, 0x00, 0x86, 0x00,
    0x86, 0x00, 0xA6, 0x00, 0xA6, 0x00, 0xA7, 0x00, 0xA7, 0x00, 0xA7, 0x00, 0xA7, 0x00, 0xA7, 0x00,
    0xA7, 0x00, 0xA7, 0x00, 0xA7, 0x00, 0xA7, 0x00, 0xA7, 0x00, 0xA7, 0x00, 0xA7, 0x00, 0xA7, 0x00,
    0xA7, 0x00, 0xA7, 0x00, 0xA7, 0x00, 0xA7, 0x00, 0xA7, 0x00, 0xA7, 0x00, 0xA7, 0x00, 0xA7, 0x00,
    0xA7, 0x00, 0xA7, 0x00, 0xA7, 0x00, 0xA7, 0x00, 0xA7, 0x00, 0xA7, 0x00, 0xA7, 0x00, 0xA7, 0x00,
    0xA7, 0x00, 0xA7, 0x00, 0xA7, 0x00, 0xA7, 0x00, 0xA8, 0x00, 0xA8, 0x00, 0xA8, 0x00, 0xA8, 0x00,
    0xA7, 0x00, 0xA8, 0x00, 0xA8, 0x00, 0xA8, 0x00, 0xA8, 0x00, 0xA8, 0x00, 0xA8, 0x00, 0xA8, 0x00,
    0xA8, 0x00, 0xA8, 0x00, 0xA8, 0x00, 0xA8, 0x00, 0xA8, 0x00, 0xA8, 0x00, 0xA8, 0x00, 0xA8, 0x00,
    0xA8, 0x00, 0xA8, 0x00, 0xA8, 0x00, 0xC8, 0x00, 0xC8, 0x00, 0xC8, 0x00, 0xC8, 0x00, 0xC8, 0x00,
    0xC8, 0x00, 0xC8, 0x00, 0xC8, 0x00, 0xC8, 0x00, 0xC8, 0x00, 0xC8, 0x00, 0xC8, 0x00, 0xC8, 0x00,
    0xC8, 0x00, 0xC8, 0x00, 0xC8, 0x00, 0xC8, 0x00, 0xC8, 0x00, 0xC8, 0x00, 0xC8, 0x00, 0xC8, 0x00,
    0xC8, 0x00, 0xC8, 0x00, 0xC8, 0x00, 0xC8, 0x00, 0xC8, 0x00, 0xC8, 0x00, 0xC8, 0x00, 0xC8, 0x00,
    0xC8, 0x00, 0xC8, 0x00, 0xE8, 0x00, 0xC8, 0x00, 0xC8, 0x00, 0xC8, 0x00, 0xC8, 0x00, 0xC8, 0x00,
    0xC8, 0x00, 0xC8, 0x00, 0xC8, 0x00, 0xC8, 0x00, 0xC8, 0x00, 0xC8, 0x00, 0xC8, 0x00, 0xC8, 0x00,
    0xC8, 0x00, 0xC8, 0x00, 0xC8, 0x00, 0xC8, 0x00, 0xC8, 0x00, 0xC8, 0x00, 0xC8, 0x00, 0xE8, 0x00,
    0xE8, 0x00, 0xC8, 0x00, 0xC8, 0x00, 0xC8, 0x00, 0xC8, 0x00, 0xC8, 0x00, 0xC8, 0x00, 0xC8, 0x00,
    0xC8, 0x00, 0xC8, 0x00, 0xC8, 0x00, 0xC8, 0x00, 0xC8, 0x00, 0xC8, 0x00, 0xC8, 0x00, 0xC8, 0x00,
    0xC8, 0x00, 0xC8, 0x00, 0xC8, 0x00, 0xC8, 0x00, 0xC8, 0x00, 0xC8, 0x00, 0xC8, 0x00, 0xC8, 0x00,
    0xC8, 0x00, 0xC8, 0x00, 0xA8, 0x00, 0xA8, 0x00, 0xA8, 0x00, 0xC8, 0x00, 0xC8, 0x00, 0xA8, 0x00,
    0xA8, 0x00, 0xA8, 0x00, 0xA8, 0x00, 0xA8, 0x00, 0xA7, 0x00, 0xA7, 0x00, 0xA7, 0x00, 0xA7, 0x00,
    0xCC, 0x21, 0x6A, 0x11, 0xA7, 0x00, 0xC7, 0x00, 0xC7, 0x00, 0xC7, 0x00, 0xA7, 0x00, 0xA7, 0x00,
    0xA7, 0x00, 0xA7, 0x00, 0xA7, 0x00, 0xA7, 0x00, 0xA7, 0x00, 0xA7, 0x00, 0xA7, 0x00, 0xA7, 0x00,
    0xA7, 0x00, 0xA7, 0x00, 0xA7, 0x00, 0xA7, 0x00, 0xA6, 0x00, 0xA6, 0x00, 0xA6, 0x00, 0xA6, 0x00,
    0xA7, 0x00, 0xA7, 0x00, 0xA6, 0x00, 0x86, 0x00, 0x86, 0x00, 0x86, 0x00, 0x86, 0x00, 0x86, 0x00,
    0x86, 0x00, 0x86, 0x00, 0x86, 0x00, 0x86, 0x00, 0x86, 0x00, 0x65, 0x00, 0xCA, 0x21, 0xAA, 0x21,
    0x65, 0x00, 0x86, 0x00, 0x86, 0x00, 0x86, 0x00, 0x86, 0x00, 0x86, 0x00, 0x86, 0x00, 0x86, 0x00,
    0x86, 0x00, 0x86, 0x00, 0x86, 0x00, 0x86, 0x00, 0x86, 0x00, 0x86, 0x00, 0x86, 0x00, 0x86, 0x00,
    0x86, 0x00, 0x86, 0x00, 0x86, 0x00, 0x86, 0x00, 0x66, 0x00, 0x86, 0x00, 0x86, 0x00, 0x66, 0x00,
    0x66, 0x00, 0x66, 0x00, 0x65, 0x00, 0x85, 0x00, 0x85, 0x00, 0x85, 0x00, 0x65, 0x00, 0x65, 0x00,
    0x65, 0x00, 0x65, 0x00, 0x65, 0x00, 0x65, 0x00, 0x65, 0x00, 0x65, 0x00, 0x65, 0x00, 0x65, 0x00,
    0xC6, 0x08, 0x68, 0x19, 0x85, 0x00, 0x65, 0x00, 0x66, 0x00, 0x65, 0x00, 0x65, 0x00, 0x65, 0x00,
    0x65, 0x00, 0x65, 0x00, 0x65, 0x00, 0x65, 0x00, 0x65, 0x00, 0x65, 0x00, 0x65, 0x00, 0x65, 0x00,
    0x66, 0x00, 0x65, 0x00, 0x65, 0x00, 0x65, 0x00, 0x65, 0x00, 0x65, 0x00, 0x65, 0x00, 0x65, 0x00,
    0x65, 0x00, 0x65, 0x00, 0x66, 0x00, 0x66, 0x00, 0x66, 0x00, 0x66, 0x00, 0x66, 0x00, 0x66, 0x00,
    0x66, 0x00, 0x86, 0x00, 0x65, 0x00, 0x65, 0x00, 0x66, 0x00, 0x66, 0x00, 0x66, 0x00, 0x86, 0x00,
    0x86, 0x00, 0x66, 0x00, 0x66, 0x00, 0x86, 0x00, 0x86, 0x00, 0x86, 0x00, 0x66, 0x00, 0x66, 0x00,
    0x66, 0x00, 0x66, 0x00, 0x86, 0x00, 0x86, 0x00, 0x66, 0x00, 0x66, 0x00, 0x66, 0x00, 0x86, 0x00,
    0x86, 0x00, 0x86, 0x00, 0x86, 0x00, 0x86, 0x00, 0x86, 0x00, 0x86, 0x00, 0x86, 0x00, 0x86, 0x00,
    0x86, 0x00, 0x86, 0x00, 0x86, 0x00, 0x86, 0x00, 0x86, 0x00, 0x86, 0x00, 0x86, 0x00, 0x86, 0x00,
    0x86, 0x00, 0x86, 0x00, 0x86, 0x00, 0x86, 0x00, 0x86, 0x00, 0x86, 0x00, 0x86, 0x00, 0x86, 0x00,
    0x86, 0x00, 0x87, 0x00, 0x86, 0x00, 0x65, 0x00, 0x65, 0x00, 0xA7, 0x00, 0xA7, 0x00, 0xA7, 0x00,
    0xA7, 0x00, 0xA7, 0x00, 0xA7, 0x00, 0xA7, 0x00, 0xA7, 0x00, 0xA7, 0x00, 0xA7, 0x00, 0xA7, 0x00,
    0xA7, 0x00, 0xA7, 0x00, 0xA7, 0x00, 0xA7, 0x00, 0xA7, 0x00, 0xA7, 0x00, 0xA7, 0x00, 0xA7, 0x00,
    0xA7, 0x00, 0xA7, 0x00, 0xA7, 0x00, 0xA7, 0x00, 0xA7, 0x00, 0xA7, 0x00, 0xA7, 0x00, 0xA7, 0x00,
    0xA7, 0x00, 0xA7, 0x00, 0xC8, 0x00, 0xA8, 0x00, 0xA7, 0x00, 0xA7, 0x00, 0xA7, 0x00, 0xA7, 0x00,
    0xA8, 0x00, 0xA8, 0x00, 0xA8, 0x00, 0xA8, 0x00, 0xA8, 0x00, 0xA8, 0x00, 0xA8, 0x00, 0xA8, 0x00,
    0xA7, 0x00, 0xA8, 0x00, 0xA8, 0x00, 0xA8, 0x00, 0xA8, 0x00, 0xA8, 0x00, 0xA8, 0x00, 0xA8, 0x00,
    0xA8, 0x00, 0xA8, 0x00, 0xA8, 0x00, 0xA8, 0x00, 0xA8, 0x00, 0xA8, 0x00, 0xA8, 0x00, 0xA8, 0x00,
    0xA8, 0x00, 0xA8, 0x00, 0xC8, 0x00, 0xC8, 0x00, 0xC8, 0x00, 0xC8, 0x00, 0xC8, 0x00, 0xC8, 0x00,
    0xC8, 0x00, 0xC8, 0x00, 0xC8, 0x00, 0xC8, 0x00, 0xC8, 0x00, 0xC8, 0x00, 0xC8, 0x00, 0xC8, 0x00,
    0xC8, 0x00, 0xC8, 0x00, 0xC8, 0x00, 0xC8, 0x00, 0xC8, 0x00, 0xC8, 0x00, 0xC8, 0x00, 0xC8, 0x00,
    0xC8, 0x00, 0xC8, 0x00, 0xC8, 0x00, 0xC8, 0x00, 0xC8, 0x00, 0xC8, 0x00, 0xC8, 0x00, 0xC8, 0x00,
    0xC8, 0x00, 0xC8, 0x00, 0xC8, 0x00, 0xC8, 0x00, 0xC8, 0x00, 0xC8, 0x00, 0xC8, 0x00, 0xC8, 0x00,
    0xC8, 0x00, 0xC8, 0x00, 0xC8, 0x00, 0xC8, 0x00, 0xC8, 0x00, 0xC8, 0x00, 0xC8, 0x00, 0xC8, 0x00,
    0xC8, 0x00, 0xC8, 0x00, 0xC8, 0x00, 0xC8, 0x00, 0xC8, 0x00, 0xC8, 0x00, 0xC8, 0x00, 0xC8, 0x00,
    0xC8, 0x00, 0xE8, 0x00, 0xE8, 0x00, 0xC8, 0x00, 0xC8, 0x00, 0xC8, 0x00, 0xC8, 0x00, 0xC8, 0x00,
    0xC8, 0x00, 0xC8, 0x00, 0xC8, 0x00, 0xC8, 0x00, 0xC8, 0x00, 0xC8, 0x00, 0xC8, 0x00, 0xC8, 0x00,
    0xC8, 0x00, 0xC8, 0x00, 0xC8, 0x00, 0xC8, 0x00, 0xC8, 0x00, 0xC8, 0x00, 0xC8, 0x00, 0xC8, 0x00,
    0xC8, 0x00, 0xC8, 0x00, 0xA8, 0x00, 0xA8, 0x00, 0xA8, 0x00, 0xA8, 0x00, 0xA8, 0x00, 0xA8, 0x00,
    0xA8, 0x00, 0xA8, 0x00, 0xA8, 0x00, 0xA8, 0x00, 0xA7, 0x00, 0xA8, 0x00, 0xA7, 0x00, 0xA7, 0x00,
    0x29, 0x09, 0x09, 0x09, 0xA7, 0x00, 0xA8, 0x00, 0xA8, 0x00, 0xA8, 0x00, 0xC7, 0x00, 0xA7, 0x00,
    0xC7, 0x00, 0xC7, 0x00, 0xA7, 0x00, 0xA7, 0x00, 0xA7, 0x00, 0xA7, 0x00, 0xA7, 0x00, 0xA7, 0x00,
    0xA7, 0x00, 0xA7, 0x00, 0xA7, 0x00, 0xA7, 0x00, 0xA7, 0x00, 0xA6, 0x00, 0xA6, 0x00, 0xA6, 0x00,
    0xA7, 0x00, 0xA7, 0x00, 0xA6, 0x00, 0xA6, 0x00, 0x86, 0x00, 0x87, 0x00, 0x87, 0x00, 0x86, 0x00,
    0x86, 0x00, 0x86, 0x00, 0x86, 0x00, 0x86, 0x00, 0x86, 0x00, 0x86, 0x00, 0x86, 0x00, 0x86, 0x00,
    0xA6, 0x00, 0x86, 0x00, 0x86, 0x00, 0x86, 0x00, 0x86, 0x00, 0x86, 0x00, 0xA6, 0x00, 0x86, 0x00,
    0x86, 0x00, 0x86, 0x00, 0x86, 0x00, 0x86, 0x00, 0x86, 0x00, 0x86, 0x00, 0x86, 0x00, 0x86, 0x00,
    0x86, 0x00, 0x86, 0x00, 0x86, 0x00, 0x86, 0x00, 0x86, 0x00, 0x86, 0x00, 0x86, 0x00, 0x66, 0x00,
    0x66, 0x00, 0x86, 0x00, 0x65, 0x00, 0x85, 0x00, 0x85, 0x00, 0x85, 0x00, 0x65, 0x00, 0x86, 0x00,
    0x85, 0x00, 0x85, 0x00, 0x65, 0x00, 0x65, 0x00, 0x65, 0x00, 0x65, 0x00, 0x66, 0x00, 0x24, 0x00,
    0x0A, 0x32, 0xF5, 0x8C, 0x27, 0x11, 0x45, 0x00, 0x86, 0x00, 0x65, 0x00, 0x65, 0x00, 0x65, 0x00,
    0x65, 0x00, 0x65, 0x00, 0x65, 0x00, 0x65, 0x00, 0x65, 0x00, 0x65, 0x00, 0x65, 0x00, 0x65, 0x00,
    0x65, 0x00, 0x65, 0x00, 0x65, 0x00, 0x65, 0x00, 0x66, 0x00, 0x66, 0x00, 0x66, 0x00, 0x65, 0x00,
    0x66, 0x00, 0x66, 0x00, 0x66, 0x00, 0x66, 0x00, 0x66, 0x00, 0x66, 0x00, 0x66, 0x00, 0x86, 0x00,
    0x86, 0x00, 0x66, 0x00, 0x66, 0x00, 0x66, 0x00, 0x66, 0x00, 0x66, 0x00, 0x66, 0x00, 0x66, 0x00,
    0x66, 0x00, 0x66, 0x00, 0x66, 0x00, 0x66, 0x00, 0x66, 0x00, 0x66, 0x00, 0x66, 0x00, 0x86, 0x00,
    0x86, 0x00, 0x66, 0x00, 0xE7, 0x08, 0xA7, 0x00, 0x66, 0x00, 0x66, 0x00, 0x86, 0x00, 0x86, 0x00,
    0x86, 0x00, 0x86, 0x00, 0x86, 0x00, 0x86, 0x00, 0x86, 0x00, 0x86, 0x00, 0x86, 0x00, 0x86, 0x00,
    0x86, 0x00, 0x86, 0x00, 0x86, 0x00, 0x86, 0x00, 0x86, 0x00, 0x86, 0x00, 0x86, 0x00, 0x86, 0x00,
    0x86, 0x00, 0x86, 0x00, 0x86, 0x00, 0x86, 0x00, 0x86, 0x00, 0x86, 0x00, 0x86, 0x00, 0x86, 0x00,
    0x86, 0x00, 0xA6, 0x00, 0x66, 0x00, 0x0B, 0x32, 0x0B, 0x32, 0x86, 0x00, 0xA7, 0x00, 0xA7, 0x00,
    0xA7, 0x00, 0xA7, 0x00, 0xA7, 0x00, 0xA7, 0x00, 0xA7, 0x00, 0xA7, 0x00, 0xA7, 0x00, 0xA7, 0x00,
    0xA7, 0x00, 0xA7, 0x00, 0xA7, 0x00, 0xA7, 0x00, 0xA7, 0x00, 0xA7, 0x00, 0xA7, 0x00, 0xA7, 0x00,
    0xA7, 0x00, 0xA7, 0x00, 0xA7, 0x00, 0xA7, 0x00, 0xA7, 0x00, 0xA7, 0x00, 0xA7, 0x00, 0xA7, 0x00,
    0xA7, 0x00, 0xA7, 0x00, 0xA8, 0x00, 0xA7, 0x00, 0xA7, 0x00, 0xA7, 0x00, 0xA7, 0x00, 0xA8, 0x00,
    0xA8, 0x00, 0xA8, 0x00, 0xA8, 0x00, 0xA8, 0x00, 0xA8, 0x00, 0xA8, 0x00, 0xA8, 0x00, 0xA8, 0x00,
    0xA8, 0x00, 0xA8, 0x00, 0xA8, 0x00, 0xA8, 0x00, 0xA8, 0x00, 0xA8, 0x00, 0xA8, 0x00, 0xA8, 0x00,
    0xA8, 0x00, 0xA8, 0x00, 0xA8, 0x00, 0xA8, 0x00, 0xA8, 0x00, 0xA8, 0x00, 0xA8, 0x00, 0xC8, 0x00,
    0xC8, 0x00, 0xC8, 0x00, 0xC8, 0x00, 0xC8, 0x00, 0xC8, 0x00, 0xC8, 0x00, 0xC8, 0x00, 0x08, 0x01,
    0x09, 0x01, 0xC8, 0x00, 0xC8, 0x00, 0xC8, 0x00, 0xC8, 0x00, 0xC8, 0x00, 0xC8, 0x00, 0xC8, 0x00,
    0xC8, 0x00, 0xC8, 0x00, 0xC8, 0x00, 0xC8, 0x00, 0xC8, 0x00, 0xC8, 0x00, 0xC8, 0x00, 0xC8, 0x00,
    0xC8, 0x00, 0xC8, 0x00, 0xC8, 0x00, 0xC8, 0x00, 0xC8, 0x00, 0xC8, 0x00, 0xC8, 0x00, 0xC8, 0x00,
    0xC8, 0x00, 0xC8, 0x00, 0xC8, 0x00, 0xC8, 0x00, 0xC8, 0x00, 0xC8, 0x00, 0xC8, 0x00, 0xC8, 0x00,
    0xC8, 0x00, 0xC8, 0x00, 0xC8, 0x00, 0xC8, 0x00, 0xC8, 0x00, 0xC8, 0x00, 0xC8, 0x00, 0xC8, 0x00,
    0xC8, 0x00, 0xC8, 0x00, 0xC8, 0x00, 0xC8, 0x00, 0xC8, 0x00, 0xC8, 0x00, 0xC8, 0x00, 0xC8, 0x00,
    0xC8, 0x00, 0xC8, 0x00, 0xC8, 0x00, 0xC8, 0x00, 0xC8, 0x00, 0xC8, 0x00, 0xC8, 0x00, 0xC8, 0x00,
    0xC8, 0x00, 0xC8, 0x00, 0xC8, 0x00, 0xC8, 0x00, 0xC8, 0x00, 0xC8, 0x00, 0xC8, 0x00, 0xC8, 0x00,
    0xC8, 0x00, 0xC8, 0x00, 0xC8, 0x00, 0xC8, 0x00, 0xC8, 0x00, 0xC8, 0x00, 0xC8, 0x00, 0xC8, 0x00,
    0xC8, 0x00, 0xC8, 0x00, 0xC8, 0x00, 0xC8, 0x00, 0xA8, 0x00, 0xA8, 0x00, 0xC8, 0x00, 0xA8, 0x00,
    0xA8, 0x00, 0xA8, 0x00, 0xA8, 0x00, 0xA8, 0x00, 0xA7, 0x00, 0xA8, 0x00, 0xA8, 0x00, 0xA8, 0x00,
    0xA7, 0x00, 0xA7, 0x00, 0xA8, 0x00, 0xA8, 0x00, 0xA8, 0x00, 0xA8, 0x00, 0xC8, 0x00, 0xA7, 0x00,
    0xA7, 0x00, 0xC8, 0x00, 0xC8, 0x00, 0xA7, 0x00, 0xA7, 0x00, 0xA7, 0x00, 0xA7, 0x00, 0xA7, 0x00,
    0xA7, 0x00, 0xA7, 0x00, 0xA7, 0x00, 0xA7, 0x00, 0xA7, 0x00, 0xA6, 0x00, 0xA6, 0x00, 0xA7, 0x00,
    0xA7, 0x00, 0xA7, 0x00, 0xA6, 0x00, 0xA6, 0x00, 0xA6, 0x00, 0xA7, 0x00, 0xA7, 0x00, 0x86, 0x00,
    0x86, 0x00, 0x86, 0x00, 0x86, 0x00, 0x86, 0x00, 0x87, 0x00, 0x86, 0x00, 0x86, 0x00, 0x86, 0x00,
    0x86, 0x00, 0x86, 0x00, 0x86, 0x00, 0xA6, 0x00, 0x86, 0x00, 0x86, 0x00, 0x86, 0x00, 0x86, 0x00,
    0x86, 0x00, 0x86, 0x00, 0x86, 0x00, 0x86, 0x00, 0x86, 0x00, 0x86, 0x00, 0x86, 0x00, 0x86, 0x00,
    0x86, 0x00, 0x86, 0x00, 0x86, 0x00, 0x86, 0x00, 0x86, 0x00, 0x86, 0x00, 0x86, 0x00, 0x66, 0x00,
    0x66, 0x00, 0x66, 0x00, 0x66, 0x00, 0x66, 0x00, 0x66, 0x00, 0x66, 0x00, 0x66, 0x00, 0x86, 0x00,
    0x66, 0x00, 0x66, 0x00, 0x66, 0x00, 0x66, 0x00, 0x65, 0x00, 0x66, 0x00, 0x65, 0x00, 0x65, 0x00,
    0xC6, 0x08, 0xA8, 0x21, 0x85, 0x00, 0x65, 0x00, 0x66, 0x00, 0x65, 0x00, 0x65, 0x00, 0x65, 0x00,
    0x65, 0x00, 0x65, 0x00, 0x65, 0x00, 0x65, 0x00, 0x65, 0x00, 0x65, 0x00, 0x65, 0x00, 0x65, 0x00,
    0x65, 0x00, 0x65, 0x00, 0x65, 0x00, 0x65, 0x00, 0x66, 0x00, 0x66, 0x00, 0x65, 0x00, 0x65, 0x00,
    0x66, 0x00, 0x66, 0x00, 0x66, 0x00, 0x66, 0x00, 0x66, 0x00, 0x66, 0x00, 0x66, 0x00, 0x86, 0x00,
    0x86, 0x00, 0x66, 0x00, 0x66, 0x00, 0x66, 0x00, 0x66, 0x00, 0x66, 0x00, 0x66, 0x00, 0x66, 0x00,
    0x66, 0x00, 0x66, 0x00, 0x66, 0x00, 0x66, 0x00, 0x66, 0x00, 0x66, 0x00, 0x66, 0x00, 0x86, 0x00,
    0x66, 0x00, 0x86, 0x00, 0x86, 0x00, 0x86, 0x00, 0x86, 0x00, 0x86, 0x00, 0x86, 0x00, 0x86, 0x00,
    0x86, 0x00, 0x86, 0x00, 0x86, 0x00, 0x86, 0x00, 0x86, 0x00, 0x86, 0x00, 0x86, 0x00, 0x86, 0x00,
    0x86, 0x00, 0x86, 0x00, 0x86, 0x00, 0x86, 0x00, 0x86, 0x00, 0x86, 0x00, 0x86, 0x00, 0x86, 0x00,
    0x86, 0x00, 0x86, 0x00, 0x86, 0x00, 0x86, 0x00, 0x86, 0x00, 0x86, 0x00, 0x86, 0x00, 0x86, 0x00,
    0x86, 0x00, 0xA6, 0x00, 0x65, 0x00, 0xCD, 0x4A, 0xAD, 0x42, 0x66, 0x00, 0xA7, 0x00, 0xA7, 0x00,
    0xA7, 0x00, 0xA7, 0x00, 0xA7, 0x00, 0xA7, 0x00, 0xA7, 0x00, 0xA7, 0x00, 0xA7, 0x00, 0xA7, 0x00,
    0xA7, 0x00, 0xA7, 0x00, 0xA7, 0x00, 0xA7, 0x00, 0xA7, 0x00, 0xA7, 0x00, 0xA7, 0x00, 0xA7, 0x00,
    0xA7, 0x00, 0xA7, 0x00, 0xA7, 0x00, 0xA7, 0x00, 0xA7, 0x00, 0xA7, 0x00, 0xA7, 0x00, 0xA7, 0x00,
    0xA7, 0x00, 0xA7, 0x00, 0xA7, 0x00, 0xA7, 0x00, 0xA7, 0x00, 0xA7, 0x00, 0xA7, 0x00, 0xC8, 0x00,
    0xC8, 0x00, 0xC8, 0x00, 0xC8, 0x00, 0xA8, 0x00, 0xA8, 0x00, 0xA8, 0x00, 0xA8, 0x00, 0xA8, 0x00,
    0xA8, 0x00, 0xA8, 0x00, 0xA8, 0x00, 0xA8, 0x00, 0xA8, 0x00, 0xA8, 0x00, 0xA8, 0x00, 0xA8, 0x00,
    0xA8, 0x00, 0xA8, 0x00, 0xC8, 0x00, 0xC8, 0x00, 0xC8, 0x00, 0xC8, 0x00, 0xC8, 0x00, 0xC8, 0x00,
    0xC8, 0x00, 0xC8, 0x00, 0xC8, 0x00, 0xC8, 0x00, 0xC8, 0x00, 0xE8, 0x00, 0xA8, 0x00, 0xCB, 0x19,
    0x0D, 0x22, 0xC8, 0x00, 0xC8, 0x00, 0xC8, 0x00, 0xC8, 0x00, 0xC8, 0x00, 0xC8, 0x00, 0xC8, 0x00,
    0xC8, 0x00, 0xC8, 0x00, 0xC8, 0x00, 0xC8, 0x00, 0xC8, 0x00, 0xC8, 0x00, 0xC8, 0x00, 0xC8, 0x00,
    0xC8, 0x00, 0xC8, 0x00, 0xC8, 0x00, 0xC8, 0x00, 0xC8, 0x00, 0xC8, 0x00, 0xC8, 0x00, 0xC8, 0x00,
    0xC8, 0x00, 0xC8, 0x00, 0xC8, 0x00, 0xC8, 0x00, 0xC8, 0x00, 0xC8, 0x00, 0xC8, 0x00, 0xC8, 0x00,
    0xC8, 0x00, 0xC8, 0x00, 0xC8, 0x00, 0xC9, 0x00, 0xC9, 0x00, 0xC9, 0x00, 0xC9, 0x00, 0xC8, 0x00,
    0xC8, 0x00, 0xC8, 0x00, 0xC9, 0x00, 0xE9, 0x00, 0xE8, 0x00, 0xC8, 0x00, 0xC8, 0x00, 0xC8, 0x00,
    0xC8, 0x00, 0xC8, 0x00, 0xC8, 0x00, 0xC8, 0x00, 0xC8, 0x00, 0xC8, 0x00, 0xC8, 0x00, 0xC8, 0x00,
    0xC8, 0x00, 0xC8, 0x00, 0xC8, 0x00, 0xC8, 0x00, 0xC8, 0x00, 0xC8, 0x00, 0xC8, 0x00, 0xC8, 0x00,
    0xC8, 0x00, 0xC8, 0x00, 0xC8, 0x00, 0xE8, 0x00, 0xC8, 0x00, 0xC8, 0x00, 0xC8, 0x00, 0xC8, 0x00,
    0xC8, 0x00, 0xC8, 0x00, 0xC8, 0x00, 0xC8, 0x00, 0xC8, 0x00, 0xC8, 0x00, 0xC8, 0x00, 0xC8, 0x00,
    0xA8, 0x00, 0xA8, 0x00, 0xA8, 0x00, 0xA8, 0x00, 0xA8, 0x00, 0xA8, 0x00, 0xA8, 0x00, 0xA8, 0x00,
    0xC8, 0x00, 0xA8, 0x00, 0xA8, 0x00, 0xA8, 0x00, 0xA8, 0x00, 0xC8, 0x00, 0xA8, 0x00, 0x09, 0x09,
    0x09, 0x09, 0xA8, 0x00, 0xA7, 0x00, 0xC7, 0x00, 0xA7, 0x00, 0xA7, 0x00, 0xC7, 0x00, 0xC7, 0x00,
    0xA7, 0x00, 0xA7, 0x00, 0xA7, 0x00, 0xA7, 0x00, 0xA7, 0x00, 0xA7, 0x00, 0xA7, 0x00, 0xA7, 0x00,
    0xA7, 0x00, 0xA7, 0x00, 0xA7, 0x00, 0xA7, 0x00, 0xA6, 0x00, 0xA6, 0x00, 0xA6, 0x00, 0x86, 0x00,
    0x86, 0x00, 0x86, 0x00, 0x86, 0x00, 0x86, 0x00, 0x87, 0x00, 0x87, 0x00, 0x86, 0x00, 0x86, 0x00,
    0x86, 0x00, 0xEB, 0x29, 0x48, 0x11, 0x85, 0x00, 0x86, 0x00, 0x86, 0x00, 0x86, 0x00, 0x86, 0x00,
    0xA6, 0x00, 0x86, 0x00, 0xA6, 0x00, 0x86, 0x00, 0x86, 0x00, 0x86, 0x00, 0x86, 0x00, 0x86, 0x00,
    0x86, 0x00, 0x86, 0x00, 0x86, 0x00, 0x86, 0x00, 0x86, 0x00, 0x86, 0x00, 0x86, 0x00, 0x86, 0x00,
    0x66, 0x00, 0x66, 0x00, 0x86, 0x00, 0x86, 0x00, 0x66, 0x00, 0x66, 0x00, 0x66, 0x00, 0x86, 0x00,
    0x66, 0x00, 0x66, 0x00, 0x86, 0x00, 0x86, 0x00, 0x66, 0x00, 0x86, 0x00, 0x65, 0x00, 0x65, 0x00,
    0x65, 0x00, 0x24, 0x00, 0x65, 0x00, 0x65, 0x00, 0x65, 0x00, 0x66, 0x00, 0x65, 0x00, 0x65, 0x00,
    0x65, 0x00, 0x65, 0x00, 0x65, 0x00, 0x65, 0x00, 0x65, 0x00, 0x65, 0x00, 0x65, 0x00, 0x65, 0x00,
    0x66, 0x00, 0x66, 0x00, 0x66, 0x00, 0x66, 0x00, 0x66, 0x00, 0x66, 0x00, 0x66, 0x00, 0x66, 0x00,
    0x66, 0x00, 0x66, 0x00, 0x66, 0x00, 0x66, 0x00, 0x66, 0x00, 0x66, 0x00, 0x66, 0x00, 0x66, 0x00,
    0x66, 0x00, 0x66, 0x00, 0x66, 0x00, 0x66, 0x00, 0x86, 0x00, 0x66, 0x00, 0x66, 0x00, 0x66, 0x00,
    0x86, 0x00, 0x66, 0x00, 0x66, 0x00, 0x66, 0x00, 0x66, 0x00, 0x66, 0x00, 0x86, 0x00, 0x86, 0x00,
    0x86, 0x00, 0x86, 0x00, 0x86, 0x00, 0x86, 0x00, 0x86, 0x00, 0x86, 0x00, 0x86, 0x00, 0x86, 0x00,
    0x86, 0x00, 0x86, 0x00, 0x86, 0x00, 0x86, 0x00, 0x86, 0x00, 0x86, 0x00, 0x86, 0x00, 0x86, 0x00,
    0x86, 0x00, 0x86, 0x00, 0x86, 0x00, 0x86, 0x00, 0x86, 0x00, 0x86, 0x00, 0x86, 0x00, 0x86, 0x00,
    0x86, 0x00, 0x86, 0x00, 0x86, 0x00, 0x86, 0x00, 0x86, 0x00, 0x86, 0x00, 0x86, 0x00, 0x86, 0x00,
    0x86, 0x00, 0xA6, 0x00, 0x86, 0x00, 0x86, 0x00, 0x86, 0x00, 0x86, 0x00, 0x87, 0x00, 0xA7, 0x00,
    0xA7, 0x00, 0xA7, 0x00, 0xA7, 0x00, 0xA7, 0x00, 0xA7, 0x00, 0xA7, 0x00, 0xA7, 0x00, 0xA7, 0x00,
    0xA7, 0x00, 0xA7, 0x00, 0xA7, 0x00, 0xA7, 0x00, 0xA7, 0x00, 0xA7, 0x00, 0xA7, 0x00, 0xA7, 0x00,
    0xA7, 0x00, 0xA7, 0x00, 0xA7, 0x00, 0xA7, 0x00, 0xA7, 0x00, 0xA7, 0x00, 0xA7, 0x00, 0xA7, 0x00,
    0xA7, 0x00, 0xA7, 0x00, 0xA8, 0x00, 0xA8, 0x00, 0xA8, 0x00, 0xA8, 0x00, 0xA8, 0x00, 0xC8, 0x00,
    0xC8, 0x00, 0xA8, 0x00, 0xA8, 0x00, 0xA8, 0x00, 0xA8, 0x00, 0xA8, 0x00, 0xA8, 0x00, 0xA8, 0x00,
    0xA8, 0x00, 0xA8, 0x00, 0xA8, 0x00, 0xC8, 0x00, 0xC8, 0x00, 0xC8, 0x00, 0xC8, 0x00, 0xC8, 0x00,
    0xC8, 0x00, 0xC8, 0x00, 0xC8, 0x00, 0xC8, 0x00, 0xC8, 0x00, 0xC8, 0x00, 0xC8, 0x00, 0xC8, 0x00,
    0xC8, 0x00, 0xC8, 0x00, 0xC8, 0x00, 0xC8, 0x00, 0xC8, 0x00, 0xC8, 0x00, 0xC8, 0x00, 0x09, 0x01,
    0x29, 0x09, 0xC8, 0x00, 0xC9, 0x00, 0xC9, 0x00, 0xC8, 0x00, 0xC8, 0x00, 0xC8, 0x00, 0xC8, 0x00,
    0xC8, 0x00, 0xC9, 0x00, 0xC9, 0x00, 0xC9, 0x00, 0xC9, 0x00, 0xC9, 0x00, 0xC9, 0x00, 0xE9, 0x00,
    0xE9, 0x00, 0xC9, 0x00, 0xC9, 0x00, 0xE8, 0x00, 0xE8, 0x00, 0xE8, 0x00, 0xE8, 0x00, 0xE8, 0x00,
    0xE9, 0x00, 0xC9, 0x00, 0xC9, 0x00, 0xE9, 0x00, 0xE9, 0x00, 0xE9, 0x00, 0xE9, 0x00, 0xC9, 0x00,
    0xC9, 0x00, 0xC9, 0x00, 0xE9, 0x00, 0xC9, 0x00, 0xC9, 0x00, 0xC9, 0x00, 0xC9, 0x00, 0xC9, 0x00,
    0xC9, 0x00, 0xE9, 0x00, 0xE9, 0x00, 0xE9, 0x00, 0xE8, 0x00, 0xE8, 0x00, 0xE8, 0x00, 0xC8, 0x00,
    0xC8, 0x00, 0xC8, 0x00, 0xC8, 0x00, 0xC8, 0x00, 0xC8, 0x00, 0xC8, 0x00, 0xC8, 0x00, 0xC8, 0x00,
    0xC8, 0x00, 0xC8, 0x00, 0xC8, 0x00, 0xC8, 0x00, 0xC8, 0x00, 0xC8, 0x00, 0xE8, 0x00, 0xE8, 0x00,
    0xC8, 0x00, 0xC8, 0x00, 0xC8, 0x00, 0xC8, 0x00, 0xC8, 0x00, 0xC8, 0x00, 0xC8, 0x00, 0xC8, 0x00,
    0xC8, 0x00, 0xC8, 0x00, 0xC8, 0x00, 0xC8, 0x00, 0xA7, 0x00, 0xA8, 0x00, 0xC8, 0x00, 0xC8, 0x00,
    0xC8, 0x00, 0xC8, 0x00, 0xC8, 0x00, 0xC8, 0x00, 0xC8, 0x00, 0xC8, 0x00, 0xA8, 0x00, 0xA8, 0x00,
    0xA8, 0x00, 0xA8, 0x00, 0xA8, 0x00, 0xA8, 0x00, 0xC8, 0x00, 0xC8, 0x00, 0xA7, 0x00, 0x0D, 0x22,
    0x4D, 0x2A, 0xA7, 0x00, 0xA7, 0x00, 0xA7, 0x00, 0xC7, 0x00, 0xC7, 0x00, 0xC7, 0x00, 0xA7, 0x00,
    0xC7, 0x00, 0xC7, 0x00, 0xA7, 0x00, 0xA7, 0x00, 0xA7, 0x00, 0xA7, 0x00, 0xA7, 0x00, 0xA7, 0x00,
    0xA7, 0x00, 0xA7, 0x00, 0xA7, 0x00, 0xA7, 0x00, 0xA7, 0x00, 0xA7, 0x00, 0xA7, 0x00, 0xA7, 0x00,
    0xA7, 0x00, 0xA7, 0x00, 0xA7, 0x00, 0xA7, 0x00, 0x86, 0x00, 0x86, 0x00, 0x86, 0x00, 0x86, 0x00,
    0x86, 0x00, 0xCA, 0x21, 0x48, 0x11, 0x86, 0x00, 0xA6, 0x00, 0x86, 0x00, 0x86, 0x00, 0x86, 0x00,
    0xA6, 0x00, 0xA6, 0x08, 0xA6, 0x08, 0xA6, 0x08, 0xA6, 0x08, 0x86, 0x08, 0x86, 0x00, 0x86, 0x00,
    0x86, 0x00, 0x86, 0x00, 0x86, 0x00, 0x86, 0x00, 0x86, 0x00, 0x86, 0x00, 0x86, 0x00, 0x86, 0x00,
    0x66, 0x00, 0x66, 0x00, 0x66, 0x00, 0x66, 0x00, 0x66, 0x00, 0x66, 0x00, 0x66, 0x00, 0x66, 0x00,
    0x66, 0x00, 0x66, 0x00, 0x66, 0x00, 0x66, 0x00, 0x66, 0x00, 0x66, 0x00, 0x66, 0x00, 0x66, 0x00,
    0x66, 0x00, 0x86, 0x00, 0x65, 0x00, 0x65, 0x00, 0x65, 0x00, 0x86, 0x00, 0x86, 0x00, 0x66, 0x00,
    0x66, 0x00, 0x66, 0x00, 0x66, 0x00, 0x66, 0x00, 0x66, 0x00, 0x66, 0x00, 0x66, 0x00, 0x66, 0x00,
    0x66, 0x00, 0x66, 0x00, 0x66, 0x00, 0x66, 0x00, 0x66, 0x00, 0x66, 0x00, 0x66, 0x00, 0x66, 0x00,
    0x66, 0x00, 0x66, 0x00, 0x66, 0x00, 0x66, 0x00, 0x66, 0x00, 0x66, 0x00, 0x66, 0x00, 0x66, 0x00,
    0x66, 0x00, 0x66, 0x00, 0x66, 0x00, 0x66, 0x00, 0x86, 0x00, 0x66, 0x00, 0x66, 0x00, 0x66, 0x00,
    0x86, 0x00, 0x66, 0x00, 0x66, 0x00, 0x66, 0x00, 0x66, 0x00, 0x86, 0x00, 0x86, 0x00, 0x86, 0x00,
    0x86, 0x00, 0x86, 0x00, 0x86, 0x00, 0x86, 0x00, 0x86, 0x00, 0x86, 0x00, 0x86, 0x00, 0x86, 0x00,
    0x86, 0x00, 0x86, 0x00, 0x86, 0x00, 0x86, 0x00, 0x86, 0x00, 0x86, 0x00, 0x86, 0x00, 0x86, 0x00,
    0x86, 0x00, 0x86, 0x00, 0x87, 0x00, 0x86, 0x00, 0x66, 0x00, 0x86, 0x00, 0x87, 0x00, 0x86, 0x00,
    0x86, 0x00, 0x86, 0x00, 0x86, 0x00, 0x86, 0x00, 0x86, 0x00, 0x86, 0x00, 0x86, 0x00, 0x86, 0x00,
    0x86, 0x00, 0xA7, 0x00, 0x87, 0x00, 0x87, 0x00, 0x87, 0x00, 0xA7, 0x00, 0xA7, 0x00, 0xA7, 0x00,
    0xA7, 0x00, 0xA7, 0x00, 0xA7, 0x00, 0xA7, 0x00, 0xA7, 0x00, 0xA7, 0x00, 0xA7, 0x00, 0xA7, 0x00,
    0xA7, 0x00, 0xA7, 0x00, 0xA7, 0x00, 0xA7, 0x00, 0xA7, 0x00, 0xA7, 0x00, 0xA7, 0x00, 0xA7, 0x00,
    0xA7, 0x00, 0xA7, 0x00, 0xA7, 0x00, 0xA7, 0x00, 0xA7, 0x00, 0xA8, 0x00, 0xA8, 0x00, 0xA8, 0x00,
    0xA8, 0x00, 0xA8, 0x00, 0xA8, 0x00, 0xA8, 0x00, 0xA8, 0x00, 0xA8, 0x00, 0xA8, 0x00, 0xA8, 0x00,
    0xC8, 0x00, 0xC8, 0x00, 0xA8, 0x00, 0xA8, 0x00, 0xA8, 0x00, 0xA8, 0x00, 0xC8, 0x00, 0xC8, 0x00,
    0xC8, 0x00, 0xC8, 0x00, 0xC8, 0x00, 0xC8, 0x00, 0xC8, 0x00, 0xC8, 0x00, 0xC8, 0x00, 0xC8, 0x00,
    0xC8, 0x00, 0xC8, 0x00, 0xC8, 0x00, 0xC8, 0x00, 0xC8, 0x00, 0xC8, 0x00, 0xC8, 0x00, 0xC8, 0x00,
    0xC8, 0x00, 0xC8, 0x00, 0xC8, 0x00, 0xC8, 0x00, 0xC8, 0x00, 0xC8, 0x00, 0xC8, 0x00, 0xC8, 0x00,
    0xC8, 0x00, 0xC9, 0x00, 0xC9, 0x00, 0xC9, 0x00, 0xC9, 0x00, 0xC9, 0x00, 0xC9, 0x00, 0xC9, 0x00,
    0xC9, 0x00, 0xC9, 0x00, 0xE9, 0x00, 0xE9, 0x00, 0xE9, 0x00, 0xE9, 0x00, 0xC9, 0x00, 0xE9, 0x00,
    0xE9, 0x00, 0xE9, 0x00, 0xE9, 0x00, 0xE8, 0x00, 0xE9, 0x00, 0xE9, 0x00, 0xE9, 0x00, 0xE9, 0x00,
    0xE9, 0x00, 0xE9, 0x00, 0xE9, 0x00, 0xE9, 0x00, 0xE9, 0x00, 0xC9, 0x00, 0xC9, 0x00, 0xC9, 0x00,
    0xE9, 0x00, 0xE9, 0x00, 0xE9, 0x00, 0xE9, 0x00, 0xE9, 0x00, 0xE9, 0x00, 0xE9, 0x00, 0xE8, 0x00,
    0xE9, 0x00, 0xE9, 0x00, 0xE9, 0x00, 0xE9, 0x00, 0xE8, 0x00, 0xE8, 0x00, 0xE8, 0x00, 0xE8, 0x00,
    0xE8, 0x00, 0xE8, 0x00, 0xE8, 0x00, 0xE8, 0x00, 0xE8, 0x00, 0xE8, 0x00, 0xE8, 0x00, 0xE8, 0x00,
    0xC8, 0x00, 0xC8, 0x00, 0xC8, 0x00, 0xC9, 0x00, 0xC9, 0x00, 0xC8, 0x00, 0xC8, 0x00, 0xC8, 0x00,
    0xE8, 0x00, 0xC8, 0x00, 0xC8, 0x00, 0xC8, 0x00, 0xC8, 0x00, 0xC8, 0x00, 0xC8, 0x00, 0xC8, 0x00,
    0xC8, 0x00, 0xC8, 0x00, 0xC8, 0x00, 0xC8, 0x00, 0xEC, 0x21, 0x4A, 0x11, 0xA8, 0x00, 0xC8, 0x00,
    0xC8, 0x00, 0xC8, 0x00, 0xC8, 0x00, 0xC8, 0x00, 0xC8, 0x00, 0xC8, 0x00, 0xC8, 0x00, 0xC8, 0x00,
    0xC8, 0x00, 0xC8, 0x00, 0xC8, 0x00, 0xA8, 0x00, 0xA8, 0x00, 0xC8, 0x00, 0xA7, 0x00, 0x09, 0x09,
    0x29, 0x09, 0xC8, 0x00, 0xA8, 0x00, 0xC7, 0x00, 0xC7, 0x00, 0xC7, 0x00, 0xC7, 0x00, 0xA7, 0x00,
    0xC7, 0x00, 0xC7, 0x00, 0xC7, 0x00, 0xC7, 0x00, 0xA7, 0x00, 0xA7, 0x00, 0xA7, 0x00, 0xA7, 0x00,
    0xA7, 0x00, 0xA7, 0x00, 0xA7, 0x00, 0xA7, 0x00, 0xA7, 0x00, 0xA7, 0x00, 0xA7, 0x00, 0xA7, 0x00,
    0xA7, 0x00, 0xA7, 0x00, 0xA7, 0x00, 0xA7, 0x00, 0xA7, 0x00, 0x86, 0x00, 0x86, 0x00, 0x86, 0x00,
    0x86, 0x00, 0x86, 0x00, 0x86, 0x00, 0xA6, 0x00, 0xA6, 0x00, 0xA6, 0x00, 0xA6, 0x00, 0xA7, 0x08,
    0xA7, 0x08, 0xA7, 0x08, 0xA7, 0x10, 0xA7, 0x08, 0xA6, 0x08, 0xA6, 0x08, 0xA6, 0x08, 0xA6, 0x00,
    0x86, 0x00, 0x86, 0x00, 0x86, 0x00, 0x86, 0x00, 0x86, 0x00, 0x86, 0x00, 0x86, 0x00, 0x86, 0x00,
    0x66, 0x00, 0x66, 0x00, 0x66, 0x00, 0x66, 0x00, 0x66, 0x00, 0x66, 0x00, 0x66, 0x00, 0x66, 0x00,
    0x66, 0x00, 0x66, 0x00, 0x66, 0x00, 0x66, 0x00, 0x66, 0x00, 0x66, 0x00, 0x66, 0x00, 0x66, 0x00,
    0x66, 0x00, 0x66, 0x00, 0x86, 0x00, 0x66, 0x00, 0x66, 0x00, 0x86, 0x00, 0x86, 0x00, 0x66, 0x00,
    0x66, 0x00, 0x66, 0x00, 0x66, 0x00, 0x66, 0x00, 0x66, 0x00, 0x66, 0x00, 0x66, 0x00, 0x66, 0x00,
    0x66, 0x00, 0x66, 0x00, 0x66, 0x00, 0x66, 0x00, 0x86, 0x00, 0x66, 0x00, 0x66, 0x00, 0x66, 0x00,
    0x66, 0x00, 0x66, 0x00, 0x66, 0x00, 0x66, 0x00, 0x66, 0x00, 0x86, 0x00, 0x66, 0x00, 0x66, 0x00,
    0x66, 0x00, 0x66, 0x00, 0x66, 0x00, 0x66, 0x00, 0x86, 0x00, 0x86, 0x00, 0x66, 0x00, 0x66, 0x00,
    0x86, 0x00, 0x66, 0x00, 0x66, 0x00, 0x66, 0x00, 0x66, 0x00, 0x86, 0x00, 0x86, 0x00, 0x86, 0x00,
    0x86, 0x00, 0x86, 0x00, 0x86, 0x00, 0x86, 0x00, 0x86, 0x00, 0x86, 0x00, 0x86, 0x00, 0x86, 0x00,
    0x86, 0x00, 0x86, 0x00, 0x86, 0x00, 0x86, 0x00, 0x86, 0x00, 0x86, 0x00, 0x86, 0x00, 0x86, 0x00,
    0x86, 0x00, 0x86, 0x00, 0x86, 0x00, 0x86, 0x00, 0xC7, 0x08, 0x86, 0x00, 0x86, 0x00, 0x86, 0x00,
    0x86, 0x00, 0x86, 0x00, 0x86, 0x00, 0x86, 0x00, 0xA7, 0x00, 0xA7, 0x00, 0xA7, 0x00, 0xA7, 0x00,
    0xA7, 0x00, 0xA7, 0x00, 0xA7, 0x00, 0xA7, 0x00, 0xA7, 0x00, 0xA7, 0x00, 0xA7, 0x00, 0xA7, 0x00,
    0xA7, 0x00, 0xA7, 0x00, 0xA7, 0x00, 0xA7, 0x00, 0xA7, 0x00, 0xA7, 0x00, 0xA7, 0x00, 0xA7, 0x00,
    0xA7, 0x00, 0xA7, 0x00, 0xA7, 0x00, 0xA7, 0x00, 0xA7, 0x00, 0xA7, 0x00, 0xA7, 0x00, 0xA7, 0x00,
    0xA7, 0x00, 0xA7, 0x00, 0xA7, 0x00, 0xA7, 0x00, 0xA7, 0x00, 0xA8, 0x00, 0xA8, 0x00, 0xA8, 0x00,
    0xA8, 0x00, 0xA8, 0x00, 0xA8, 0x00, 0xA8, 0x00, 0xA8, 0x00, 0xA8, 0x00, 0xA8, 0x00, 0xA8, 0x00,
    0xA8, 0x00, 0xC8, 0x00, 0xC8, 0x00, 0xC8, 0x00, 0xC8, 0x00, 0xC8, 0x00, 0xC8, 0x00, 0xC8, 0x00,
    0xC8, 0x00, 0xC8, 0x00, 0xC8, 0x00, 0xC8, 0x00, 0xC8, 0x00, 0xC8, 0x00, 0xC8, 0x00, 0xC8, 0x00,
    0xC8, 0x00, 0xC8, 0x00, 0xC8, 0x00, 0xC8, 0x00, 0xC8, 0x00, 0xC8, 0x00, 0xC8, 0x00, 0xC8, 0x00,
    0xC8, 0x00, 0xC8, 0x00, 0xC8, 0x00, 0xC8, 0x00, 0xC8, 0x00, 0xC8, 0x00, 0xC8, 0x00, 0xE9, 0x00,
    0xE9, 0x00, 0xC9, 0x00, 0xC9, 0x00, 0xC9, 0x00, 0xC9, 0x00, 0xC9, 0x00, 0xE9, 0x00, 0xE9, 0x00,
    0xE9, 0x00, 0xE9, 0x00, 0xE9, 0x00, 0xE9, 0x00, 0xE9, 0x00, 0xE9, 0x00, 0xE9, 0x00, 0xE9, 0x00,
    0xE9, 0x00, 0xE9, 0x00, 0xE9, 0x00, 0xE9, 0x00, 0xE9, 0x00, 0xE9, 0x00, 0xE9, 0x00, 0xE9, 0x00,
    0xE9, 0x00, 0xE9, 0x00, 0xE9, 0x00, 0xE9, 0x00, 0xE9, 0x00, 0xE9, 0x00, 0xE9, 0x00, 0xE9, 0x00,
    0xE9, 0x00, 0xE9, 0x00, 0xE9, 0x00, 0xE9, 0x00, 0xE9, 0x00, 0xE9, 0x00, 0xE9, 0x00, 0xE9, 0x00,
    0xE9, 0x00, 0xE9, 0x00, 0xE9, 0x00, 0xE9, 0x00, 0xE8, 0x00, 0xE8, 0x00, 0xE8, 0x00, 0xE8, 0x00,
    0xE8, 0x00, 0xE9, 0x00, 0xE9, 0x00, 0xE9, 0x00, 0xE8, 0x00, 0xE8, 0x00, 0xE8, 0x00, 0xE8, 0x00,
    0xE8, 0x00, 0xE8, 0x00, 0xE8, 0x00, 0xE9, 0x00, 0xE9, 0x00, 0xE9, 0x00, 0xC9, 0x00, 0xC9, 0x00,
    0xE8, 0x00, 0xC8, 0x00, 0xC8, 0x00, 0xC8, 0x00, 0xC8, 0x00, 0xC8, 0x00, 0xC8, 0x00, 0xC8, 0x00,
    0xC8, 0x00, 0xC8, 0x00, 0xC8, 0x00, 0xC8, 0x00, 0xEC, 0x21, 0x4A, 0x11, 0xA8, 0x00, 0xC8, 0x00,
    0xC8, 0x00, 0xC8, 0x00, 0xC8, 0x00, 0xC8, 0x00, 0xC8, 0x00, 0xC8, 0x00, 0xC8, 0x00, 0xC8, 0x00,
    0xC8, 0x00, 0xC8, 0x00, 0xC8, 0x00, 0xC8, 0x00, 0xA8, 0x00, 0xA8, 0x00, 0xA8, 0x00, 0xA7, 0x00,
    0xA7, 0x00, 0xA8, 0x00, 0xA8, 0x00, 0xC8, 0x00, 0xC8, 0x00, 0xA8, 0x00, 0xA8, 0x00, 0xA7, 0x00,
    0xC7, 0x00, 0xC7, 0x00, 0xC7, 0x00, 0xC7, 0x00, 0xA7, 0x00, 0xA7, 0x00, 0xA7, 0x00, 0xA7, 0x00,
    0xA7, 0x00, 0xA7, 0x00, 0xA7, 0x00, 0xA7, 0x00, 0xA7, 0x00, 0xA7, 0x00, 0xA7, 0x00, 0xA7, 0x00,
    0xA7, 0x00, 0xA7, 0x00, 0xA7, 0x00, 0xA7, 0x00, 0xA7, 0x00, 0xA6, 0x00, 0xA6, 0x00, 0xA6, 0x00,
    0xA6, 0x00, 0xA7, 0x00, 0xA7, 0x00, 0x86, 0x00, 0xA6, 0x00, 0xA6, 0x00, 0xA6, 0x08, 0xC7, 0x08,
    0xC7, 0x10, 0xC7, 0x10, 0xC6, 0x18, 0xC6, 0x10, 0xC6, 0x10, 0xA6, 0x10, 0xA6, 0x08, 0xA6, 0x08,
    0xA6, 0x08, 0xA6, 0x00, 0x86, 0x00, 0x86, 0x00, 0x86, 0x00, 0x86, 0x00, 0x86, 0x00, 0x86, 0x00,
    0x66, 0x00, 0x66, 0x00, 0x66, 0x00, 0x66, 0x00, 0x66, 0x00, 0x66, 0x00, 0x66, 0x00, 0x66, 0x00,
    0x66, 0x00, 0x66, 0x00, 0x66, 0x00, 0x66, 0x00, 0x66, 0x00, 0x66, 0x00, 0x66, 0x00, 0x66, 0x00,
    0x66, 0x00, 0x86, 0x00, 0x86, 0x00, 0x66, 0x00, 0x66, 0x00, 0x86, 0x00, 0x86, 0x00, 0x66, 0x00,
    0x66, 0x00, 0x86, 0x00, 0x86, 0x00, 0x66, 0x00, 0x66, 0x00, 0x66, 0x00, 0x66, 0x00, 0x66, 0x00,
    0x66, 0x00, 0x66, 0x00, 0x66, 0x00, 0x66, 0x00, 0x86, 0x00, 0x66, 0x00, 0x66, 0x00, 0x66, 0x00,
    0x66, 0x00, 0x66, 0x00, 0x66, 0x00, 0x66, 0x00, 0x66, 0x00, 0x66, 0x00, 0x66, 0x00, 0x66, 0x00,
    0x66, 0x00, 0x66, 0x00, 0x66, 0x00, 0x66, 0x00, 0x86, 0x00, 0x86, 0x00, 0x86, 0x00, 0x86, 0x00,
    0x86, 0x00, 0x66, 0x00, 0x66, 0x00, 0x86, 0x00, 0x86, 0x00, 0x86, 0x00, 0x86, 0x00, 0x66, 0x00,
    0x66, 0x00, 0x66, 0x00, 0x66, 0x00, 0x86, 0x00, 0x86, 0x00, 0x86, 0x00, 0x86, 0x00, 0x86, 0x00,
    0x86, 0x00, 0x86, 0x00, 0x86, 0x00, 0x86, 0x00, 0x86, 0x00, 0x86, 0x00, 0x86, 0x00, 0x86, 0x00,
    0x86, 0x00, 0x86, 0x00, 0x86, 0x00, 0x27, 0x11, 0x50, 0x5B, 0x28, 0x11, 0x65, 0x00, 0xA7, 0x00,
    0x87, 0x00, 0x87, 0x00, 0x87, 0x00, 0x87, 0x00, 0xA7, 0x00, 0xA7, 0x00, 0xA7, 0x00, 0xA7, 0x00,
    0xA7, 0x00, 0x87, 0x00, 0xA7, 0x00, 0xA7, 0x00, 0xA7, 0x00, 0xA7, 0x00, 0xA7, 0x00, 0xA7, 0x00,
    0xA7, 0x00, 0xA7, 0x00, 0xA7, 0x00, 0xA7, 0x00, 0xA7, 0x00, 0xA7, 0x00, 0xA7, 0x00, 0xA7, 0x00,
    0xA7, 0x00, 0xA7, 0x00, 0xA7, 0x00, 0xA7, 0x00, 0xA7, 0x00, 0xA7, 0x00, 0xA7, 0x00, 0xA7, 0x00,
    0xA7, 0x00, 0xA8, 0x00, 0xA8, 0x00, 0xA8, 0x00, 0xA8, 0x00, 0xA8, 0x00, 0xA8, 0x00, 0xA8, 0x00,
    0xA8, 0x00, 0xA8, 0x00, 0xA8, 0x00, 0xA8, 0x00, 0xC8, 0x00, 0xC8, 0x00, 0xC8, 0x00, 0xC8, 0x00,
    0xC8, 0x00, 0xC8, 0x00, 0xC8, 0x00, 0xC8, 0x00, 0xC8, 0x00, 0xC8, 0x00, 0xC8, 0x00, 0xC8, 0x00,
    0xC8, 0x00, 0xC8, 0x00, 0xC8, 0x00, 0xC8, 0x00, 0xC8, 0x00, 0xC8, 0x00, 0xC8, 0x00, 0xC8, 0x00,
    0xC8, 0x00, 0xC8, 0x00, 0xC8, 0x00, 0xC8, 0x00, 0xC8, 0x00, 0xE8, 0x00, 0xC8, 0x00, 0xC8, 0x00,
    0xE8, 0x00, 0xC8, 0x00, 0xC8, 0x00, 0xC8, 0x00, 0xE8, 0x00, 0xE8, 0x00, 0xE8, 0x00, 0xE9, 0x00,
    0xE9, 0x00, 0xE9, 0x00, 0xE9, 0x00, 0xE9, 0x00, 0xE9, 0x00, 0xE9, 0x00, 0xE9, 0x00, 0xE9, 0x00,
    0xE9, 0x00, 0xE9, 0x00, 0xE9, 0x00, 0xE9, 0x00, 0xE9, 0x00, 0xE9, 0x00, 0xE9, 0x00, 0xE9, 0x00,
    0xE9, 0x00, 0xE9, 0x00, 0xE9, 0x00, 0xE9, 0x00, 0xE9, 0x00, 0xE9, 0x00, 0xE9, 0x00, 0xE9, 0x00,
    0xE9, 0x00, 0xE9, 0x00, 0xE9, 0x00, 0xE9, 0x00, 0xE9, 0x00, 0xE9, 0x00, 0xE9, 0x00, 0xE9, 0x00,
    0xE9, 0x00, 0xE9, 0x00, 0xE9, 0x00, 0xE9, 0x00, 0xE9, 0x00, 0xE9, 0x00, 0xE9, 0x00, 0xE9, 0x00,
    0xE9, 0x00, 0xE9, 0x00, 0xE9, 0x00, 0xE9, 0x00, 0xE9, 0x00, 0xE9, 0x00, 0xE9, 0x00, 0xE9, 0x00,
    0xE9, 0x00, 0xE9, 0x00, 0xE9, 0x00, 0xE9, 0x00, 0xE9, 0x00, 0xE9, 0x00, 0xE9, 0x00, 0xE9, 0x00,
    0xE9, 0x00, 0xE9, 0x00, 0xE9, 0x00, 0xE9, 0x00, 0xE9, 0x00, 0xE9, 0x00, 0xE9, 0x00, 0xE9, 0x00,
    0xE8, 0x00, 0xE8, 0x00, 0xC8, 0x00, 0xE8, 0x00, 0xC8, 0x00, 0xE8, 0x00, 0xE8, 0x00, 0xC8, 0x00,
    0xC8, 0x00, 0xC8, 0x00, 0xC8, 0x00, 0xC8, 0x00, 0xA7, 0x00, 0xC8, 0x00, 0xC8, 0x00, 0xC8, 0x00,
    0xC8, 0x00, 0xC8, 0x00, 0xC8, 0x00, 0xC8, 0x00, 0xC8, 0x00, 0xC8, 0x00, 0xC8, 0x00, 0xC8, 0x00,
    0xC8, 0x00, 0xC8, 0x00, 0xC8, 0x00, 0xC8, 0x00, 0xC8, 0x00, 0xC8, 0x00, 0xA8, 0x00, 0xC8, 0x00,
    0xC8, 0x00, 0xA8, 0x00, 0xA8, 0x00, 0xC8, 0x00, 0xC8, 0x00, 0xC8, 0x00, 0xA8, 0x00, 0xA8, 0x00,
    0xC7, 0x00, 0xC7, 0x00, 0xC7, 0x00, 0xC7, 0x00, 0xC7, 0x00, 0xA7, 0x00, 0xA7, 0x00, 0xA7, 0x00,
    0xA7, 0x00, 0xA7, 0x00, 0xA7, 0x00, 0xA7, 0x00, 0xA7, 0x00, 0xA7, 0x00, 0xA7, 0x00, 0xA7, 0x00,
    0xA7, 0x00, 0xA7, 0x00, 0xA7, 0x00, 0xA7, 0x00, 0xA6, 0x00, 0xA6, 0x00, 0xA7, 0x00, 0xA6, 0x00,
    0xA6, 0x00, 0xA7, 0x00, 0xA7, 0x00, 0xA6, 0x00, 0xA6, 0x00, 0xA6, 0x08, 0xA6, 0x10, 0xC7, 0x10,
    0xE6, 0x18, 0xE6, 0x20, 0x06, 0x29, 0x06, 0x29, 0xE6, 0x20, 0xE6, 0x18, 0xC6, 0x18, 0xC6, 0x10,
    0xE7, 0x10, 0xA6, 0x08, 0x86, 0x00, 0x86, 0x00, 0x86, 0x00, 0x86, 0x00, 0x86, 0x00, 0x86, 0x00,
    0x86, 0x00, 0x86, 0x00, 0x86, 0x00, 0x86, 0x00, 0x86, 0x00, 0x86, 0x00, 0x86, 0x00, 0x66, 0x00,
    0x66, 0x00, 0x66, 0x00, 0x66, 0x00, 0x66, 0x00, 0x66, 0x00, 0x66, 0x00, 0x66, 0x00, 0x66, 0x00,
    0x66, 0x00, 0x66, 0x00, 0x66, 0x00, 0x66, 0x00, 0x66, 0x00, 0x66, 0x00, 0x66, 0x00, 0x86, 0x00,
    0x86, 0x00, 0x86, 0x00, 0x86, 0x00, 0x86, 0x00, 0x86, 0x00, 0x66, 0x00, 0x66, 0x00, 0x66, 0x00,
    0x66, 0x00, 0x66, 0x00, 0x66, 0x00, 0x86, 0x00, 0x86, 0x00, 0x66, 0x00, 0x66, 0x00, 0x66, 0x00,
    0x66, 0x00, 0x66, 0x00, 0x66, 0x00, 0x66, 0x00, 0x66, 0x00, 0x66, 0x00, 0x66, 0x00, 0x66, 0x00,
    0x66, 0x00, 0x66, 0x00, 0x86, 0x00, 0x86, 0x00, 0x86, 0x00, 0xA6, 0x00, 0xC7, 0x00, 0x86, 0x00,
    0x86, 0x00, 0x86, 0x00, 0x86, 0x00, 0x66, 0x00, 0x45, 0x00, 0x86, 0x00, 0xE8, 0x08, 0x29, 0x09,
    0x49, 0x11, 0x49, 0x11, 0x29, 0x11, 0xC7, 0x08, 0x86, 0x00, 0x66, 0x00, 0x86, 0x00, 0x86, 0x00,
    0xA7, 0x00, 0x86, 0x00, 0x86, 0x00, 0x86, 0x00, 0x86, 0x00, 0x86, 0x00, 0x86, 0x00, 0x86, 0x00,
    0x86, 0x00, 0x87, 0x00, 0x86, 0x00, 0xC6, 0x00, 0xAA, 0x21, 0xC6, 0x08, 0x86, 0x00, 0xA7, 0x00,
    0x87, 0x00, 0x87, 0x00, 0x87, 0x00, 0xA7, 0x00, 0xA7, 0x00, 0x86, 0x00, 0xA7, 0x00, 0xA7, 0x00,
    0xA7, 0x00, 0xA7, 0x00, 0xA7, 0x00, 0xA7, 0x00, 0xA7, 0x00, 0xA7, 0x00, 0xA7, 0x00, 0xA7, 0x00,
    0xA7, 0x00, 0xA7, 0x00, 0xA7, 0x00, 0xA7, 0x00, 0xA7, 0x00, 0xA7, 0x00, 0xA7, 0x00, 0xA7, 0x00,
    0xA7, 0x00, 0xA7, 0x00, 0xA7, 0x00, 0xA7, 0x00, 0xA7, 0x00, 0xA7, 0x00, 0xA8, 0x00, 0xA8, 0x00,
    0xA8, 0x00, 0xA8, 0x00, 0xA8, 0x00, 0xA8, 0x00, 0xA8, 0x00, 0xA8, 0x00, 0xA8, 0x00, 0xA8, 0x00,
    0xA8, 0x00, 0xA8, 0x00, 0xA8, 0x00, 0xA8, 0x00, 0xC8, 0x00, 0xC8, 0x00, 0xC8, 0x00, 0xC8, 0x00,
    0xC8, 0x00, 0xC8, 0x00, 0xC8, 0x00, 0xC8, 0x00, 0xC8, 0x00, 0xC8, 0x00, 0xC8, 0x00, 0xC8, 0x00,
    0xC8, 0x00, 0xC8, 0x00, 0xC8, 0x00, 0xC8, 0x00, 0xC8, 0x00, 0xC8, 0x00, 0xC8, 0x00, 0xC8, 0x00,
    0xC8, 0x00, 0xC8, 0x00, 0xC9, 0x00, 0xC9, 0x00, 0xC9, 0x00, 0xE9, 0x00, 0xE9, 0x00, 0xE9, 0x00,
    0xE9, 0x00, 0xE9, 0x00, 0xE8, 0x00, 0xE9, 0x00, 0xE9, 0x00, 0xE9, 0x00, 0xE9, 0x00, 0xE9, 0x00,
    0xE9, 0x00, 0xE9, 0x00, 0xE9, 0x00, 0xE9, 0x00, 0xE9, 0x00, 0xE9, 0x00, 0xE9, 0x00, 0xE9, 0x00,
    0xE9, 0x00, 0xE9, 0x00, 0xE9, 0x00, 0xE9, 0x00, 0xE9, 0x00, 0xE9, 0x00, 0xE9, 0x00, 0xE9, 0x00,
    0xE9, 0x00, 0xE9, 0x00, 0xE9, 0x00, 0xE9, 0x00, 0xE9, 0x00, 0xE9, 0x00, 0xE9, 0x00, 0xE9, 0x00,
    0xE9, 0x00, 0xE9, 0x00, 0xE9, 0x00, 0xE9, 0x00, 0xE9, 0x00, 0xE9, 0x00, 0xE9, 0x00, 0xE9, 0x00,
    0xE9, 0x00, 0xE9, 0x00, 0xE9, 0x00, 0xE9, 0x00, 0xE9, 0x00, 0xE9, 0x00, 0xE9, 0x00, 0xE9, 0x00,
    0xE9, 0x00, 0xE9, 0x00, 0xE9, 0x00, 0xE9, 0x00, 0xE9, 0x00, 0xE9, 0x00, 0xE9, 0x00, 0xE9, 0x00,
    0xE9, 0x00, 0xE9, 0x00, 0xE9, 0x00, 0xE9, 0x00, 0xE9, 0x00, 0xE9, 0x00, 0xE9, 0x00, 0xE9, 0x00,
    0xE9, 0x00, 0xE9, 0x00, 0xE9, 0x00, 0xE8, 0x00, 0xE8, 0x00, 0xE9, 0x00, 0xE9, 0x00, 0xE9, 0x00,
    0xE9, 0x00, 0xE8, 0x00, 0xE9, 0x00, 0xE8, 0x00, 0xE8, 0x00, 0xE8, 0x00, 0xE8, 0x00, 0xE8, 0x00,
    0xC8, 0x00, 0xC8, 0x00, 0xC8, 0x00, 0xC8, 0x00, 0xE8, 0x00, 0xC8, 0x00, 0xC8, 0x00, 0xC8, 0x00,
    0xC8, 0x00, 0xC8, 0x00, 0xC8, 0x00, 0xC8, 0x00, 0xC8, 0x00, 0xC8, 0x00, 0xC8, 0x00, 0xC8, 0x00,
    0xC8, 0x00, 0xC8, 0x00, 0xC8, 0x00, 0xC8, 0x00, 0xC8, 0x00, 0xC8, 0x00, 0xC8, 0x00, 0xC8, 0x00,
    0xC8, 0x00, 0xC8, 0x00, 0xC8, 0x00, 0xC8, 0x00, 0xC8, 0x00, 0xC8, 0x00, 0xC8, 0x00, 0xA8, 0x00,
    0xC7, 0x00, 0xC7, 0x00, 0xC7, 0x00, 0xC7, 0x00, 0xC7, 0x00, 0xA7, 0x00, 0xA7, 0x00, 0xA7, 0x00,
    0xA7, 0x00, 0xA7, 0x00, 0xA7, 0x00, 0xA7, 0x00, 0xA7, 0x00, 0xA7, 0x00, 0xA7, 0x00, 0xA7, 0x00,
    0xA7, 0x00, 0xA7, 0x00, 0xA7, 0x00, 0xA7, 0x00, 0xA7, 0x00, 0xA7, 0x00, 0xA7, 0x00, 0xA7, 0x00,
    0xA7, 0x00, 0xA6, 0x00, 0xA6, 0x00, 0xA6, 0x00, 0xA7, 0x08, 0xC7, 0x08, 0xC7, 0x18, 0xE7, 0x20,
    0x07, 0x29, 0x27, 0x31, 0x26, 0x31, 0x05, 0x31, 0x26, 0x31, 0x07, 0x29, 0xE7, 0x20, 0xC6, 0x18,
    0xC7, 0x10, 0xA6, 0x08, 0x65, 0x00, 0x65, 0x00, 0x86, 0x00, 0x86, 0x00, 0x86, 0x00, 0x86, 0x00,
    0x86, 0x00, 0x86, 0x00, 0x86, 0x00, 0x86, 0x00, 0x86, 0x00, 0x86, 0x00, 0x86, 0x00, 0x66, 0x00,
    0x66, 0x00, 0x66, 0x00, 0x66, 0x00, 0x66, 0x00, 0x66, 0x00, 0x66, 0x00, 0x66, 0x00, 0x66, 0x00,
    0x66, 0x00, 0x66, 0x00, 0x66, 0x00, 0x66, 0x00, 0x66, 0x00, 0x66, 0x00, 0x66, 0x00, 0x86, 0x00,
    0x86, 0x00, 0x86, 0x00, 0x86, 0x00, 0x86, 0x00, 0x86, 0x00, 0x86, 0x00, 0x66, 0x00, 0x66, 0x00,
    0x66, 0x00, 0x66, 0x00, 0x66, 0x00, 0x66, 0x00, 0x66, 0x00, 0x66, 0x00, 0x66, 0x00, 0x66, 0x00,
    0x66, 0x00, 0x66, 0x00, 0x66, 0x00, 0x66, 0x00, 0x66, 0x00, 0x66, 0x00, 0x66, 0x00, 0x66, 0x00,
    0x86, 0x00, 0x86, 0x00, 0x86, 0x00, 0x86, 0x00, 0x86, 0x00, 0xA6, 0x00, 0xA7, 0x00, 0x86, 0x00,
    0x86, 0x00, 0x66, 0x00, 0x66, 0x00, 0xC7, 0x00, 0xAA, 0x19, 0x8E, 0x3A, 0x31, 0x4B, 0x72, 0x53,
    0x93, 0x53, 0x93, 0x53, 0x92, 0x53, 0x31, 0x4B, 0xAF, 0x3A, 0xCB, 0x21, 0xE8, 0x08, 0x66, 0x00,
    0x66, 0x00, 0x87, 0x00, 0x86, 0x00, 0x86, 0x00, 0x86, 0x00, 0x86, 0x00, 0x87, 0x00, 0x87, 0x00,
    0x87, 0x00, 0x87, 0x00, 0xA7, 0x00, 0x86, 0x00, 0x66, 0x00, 0x86, 0x00, 0xA7, 0x00, 0xA7, 0x00,
    0xA7, 0x00, 0xA7, 0x00, 0xA7, 0x00, 0xA7, 0x00, 0xA7, 0x00, 0xE7, 0x08, 0xA7, 0x00, 0xA7, 0x00,
    0xA7, 0x00, 0xA7, 0x00, 0xA7, 0x00, 0xA7, 0x00, 0xA7, 0x00, 0xA7, 0x00, 0xA7, 0x00, 0xA7, 0x00,
    0xA7, 0x00, 0xA7, 0x00, 0xA7, 0x00, 0xA7, 0x00, 0xA7, 0x00, 0xA7, 0x00, 0xA7, 0x00, 0xA7, 0x00,
    0xA7, 0x00, 0xA8, 0x00, 0xA8, 0x00, 0xA8, 0x00, 0xA8, 0x00, 0xA8, 0x00, 0xA8, 0x00, 0xA8, 0x00,
    0xA8, 0x00, 0xA8, 0x00, 0xA8, 0x00, 0xA8, 0x00, 0xA8, 0x00, 0xA8, 0x00, 0xA8, 0x00, 0xC8, 0x00,
    0xC8, 0x00, 0xC8, 0x00, 0xC8, 0x00, 0xC8, 0x00, 0xC8, 0x00, 0xC8, 0x00, 0xC8, 0x00, 0xC8, 0x00,
    0xC8, 0x00, 0xC8, 0x00, 0xC8, 0x00, 0xC8, 0x00, 0xC8, 0x00, 0xC8, 0x00, 0xC8, 0x00, 0xC8, 0x00,
    0xC8, 0x00, 0xC9, 0x00, 0xE9, 0x00, 0xE8, 0x00, 0xE8, 0x00, 0xE8, 0x00, 0xE8, 0x00, 0xE8, 0x00,
    0xE9, 0x00, 0xE9, 0x00, 0xE9, 0x00, 0xE9, 0x00, 0xE9, 0x00, 0xE9, 0x00, 0xE9, 0x00, 0xE9, 0x00,
    0xE9, 0x00, 0xE9, 0x00, 0xE9, 0x00, 0xE9, 0x00, 0xE9, 0x00, 0xE9, 0x00, 0xE9, 0x00, 0xE9, 0x00,
    0xE9, 0x00, 0xE9, 0x00, 0xE9, 0x00, 0xE9, 0x00, 0xE9, 0x00, 0xE9, 0x00, 0xE9, 0x00, 0xE9, 0x00,
    0xE9, 0x00, 0xE9, 0x00, 0xE9, 0x00, 0xE9, 0x00, 0xE9, 0x00, 0xE9, 0x00, 0xE9, 0x00, 0xE9, 0x00,
    0xE9, 0x00, 0xE9, 0x00, 0xE9, 0x00, 0xE9, 0x00, 0xE9, 0x00, 0xE9, 0x00, 0xE9, 0x00, 0xE9, 0x00,
    0xE9, 0x00, 0xE9, 0x00, 0xE9, 0x00, 0xE9, 0x00, 0xE9, 0x00, 0xE9, 0x00, 0xE9, 0x00, 0xE9, 0x00,
    0xE9, 0x00, 0xE9, 0x00, 0xE9, 0x00, 0xE9, 0x00, 0xE9, 0x00, 0xE9, 0x00, 0xE9, 0x00, 0xE9, 0x00,
    0xE9, 0x00, 0xE9, 0x00, 0xE9, 0x00, 0xE9, 0x00, 0xE9, 0x00, 0xE9, 0x00, 0xE9, 0x00, 0xE9, 0x00,
    0xE9, 0x00, 0xE9, 0x00, 0xE9, 0x00, 0xE9, 0x00, 0xE9, 0x00, 0xE9, 0x00, 0xE9, 0x00, 0xE9, 0x00,
    0xE9, 0x00, 0xE9, 0x00, 0xE9, 0x00, 0xE9, 0x00, 0xE9, 0x00, 0xE9, 0x00, 0xE9, 0x00, 0xE9, 0x00,
    0xE9, 0x00, 0xE9, 0x00, 0xE9, 0x00, 0xE9, 0x00, 0xE9, 0x00, 0xE8, 0x00, 0xE8, 0x00, 0xE8, 0x00,
    0xE8, 0x00, 0xE8, 0x00, 0xE8, 0x00, 0xE8, 0x00, 0xE8, 0x00, 0xE8, 0x00, 0xC8, 0x00, 0xE8, 0x00,
    0xC8, 0x00, 0xC8, 0x00, 0xC8, 0x00, 0xC8, 0x00, 0xC8, 0x00, 0xC8, 0x00, 0xC8, 0x00, 0xC8, 0x00,
    0xC8, 0x00, 0xC8, 0x00, 0xC8, 0x00, 0xC8, 0x00, 0xC8, 0x00, 0xC8, 0x00, 0xC8, 0x00, 0xC8, 0x00,
    0xC8, 0x00, 0xC8, 0x00, 0xC8, 0x00, 0xC8, 0x00, 0xC8, 0x00, 0xC8, 0x00, 0xC8, 0x00, 0xC8, 0x00,
    0xC8, 0x00, 0xC8, 0x00, 0xC8, 0x00, 0xC8, 0x00, 0xC8, 0x00, 0xA8, 0x00, 0xA7, 0x00, 0xA7, 0x00,
    0xA7, 0x00, 0xA7, 0x00, 0xA7, 0x00, 0xA7, 0x00, 0xA7, 0x00, 0xA7, 0x00, 0xA7, 0x00, 0xA7, 0x00,
    0xA7, 0x00, 0xA7, 0x00, 0xA7, 0x00, 0xA7, 0x00, 0xA6, 0x00, 0xA6, 0x00, 0xA7, 0x00, 0xA7, 0x00,
    0xA7, 0x00, 0xA7, 0x00, 0xA7, 0x00, 0xA7, 0x00, 0xC7, 0x08, 0xC7, 0x10, 0xE7, 0x18, 0x27, 0x21,
    0x47, 0x31, 0x46, 0x41, 0x89, 0x6A, 0x0A, 0x7B, 0x66, 0x41, 0x67, 0x39, 0x07, 0x29, 0xE6, 0x20,
    0xC6, 0x10, 0xA5, 0x08, 0xCD, 0x4A, 0x0A, 0x2A, 0x65, 0x00, 0x86, 0x00, 0x86, 0x00, 0x86, 0x00,
    0x86, 0x00, 0x86, 0x00, 0x86, 0x00, 0x86, 0x00, 0x86, 0x00, 0x86, 0x00, 0x86, 0x00, 0x86, 0x00,
    0x86, 0x00, 0x86, 0x00, 0x86, 0x00, 0x86, 0x00, 0x86, 0x00, 0x66, 0x00, 0x66, 0x00, 0x66, 0x00,
    0x66, 0x00, 0x66, 0x00, 0x66, 0x00, 0x66, 0x00, 0x66, 0x00, 0x66, 0x00, 0x66, 0x00, 0x66, 0x00,
    0x66, 0x00, 0x66, 0x00, 0x66, 0x00, 0x66, 0x00, 0x66, 0x00, 0x66, 0x00, 0x66, 0x00, 0x66, 0x00,
    0x66, 0x00, 0x66, 0x00, 0x66, 0x00, 0x66, 0x00, 0x66, 0x00, 0x66, 0x00, 0x66, 0x00, 0x66, 0x00,
    0x66, 0x00, 0x66, 0x00, 0x66, 0x00, 0x66, 0x00, 0x66, 0x00, 0x66, 0x00, 0x66, 0x00, 0x66, 0x00,
    0x86, 0x00, 0x86, 0x00, 0x86, 0x00, 0x86, 0x00, 0x86, 0x00, 0x86, 0x00, 0x86, 0x00, 0x66, 0x00,
    0x66, 0x00, 0xA7, 0x00, 0xAB, 0x19, 0x10, 0x43, 0xB3, 0x5B, 0xF4, 0x5B, 0xF4, 0x5B, 0xF4, 0x5B,
    0xF3, 0x5B, 0xF3, 0x63, 0xF4, 0x63, 0x14, 0x64, 0x14, 0x64, 0x14, 0x64, 0x51, 0x53, 0x2C, 0x2A,
    0xE8, 0x08, 0x66, 0x00, 0x87, 0x00, 0xA7, 0x00, 0x86, 0x00, 0x87, 0x00, 0x87, 0x00, 0x87, 0x00,
    0x87, 0x00, 0x87, 0x00, 0x87, 0x00, 0xA7, 0x00, 0xA7, 0x00, 0xA7, 0x00, 0x87, 0x00, 0xA7, 0x00,
    0xA7, 0x00, 0xA7, 0x00, 0xA7, 0x00, 0x86, 0x00, 0x68, 0x19, 0x50, 0x53, 0x08, 0x09, 0x86, 0x00,
    0xA7, 0x00, 0xA7, 0x00, 0xA7, 0x00, 0xA7, 0x00, 0xA7, 0x00, 0xA7, 0x00, 0xA7, 0x00, 0xA7, 0x00,
    0xA7, 0x00, 0xA8, 0x00, 0xA8, 0x00, 0xA8, 0x00, 0xA7, 0x00, 0xA7, 0x00, 0xA7, 0x00, 0xA7, 0x00,
    0xA7, 0x00, 0xA8, 0x00, 0xA8, 0x00, 0xA8, 0x00, 0xA8, 0x00, 0xA8, 0x00, 0xA8, 0x00, 0xA8, 0x00,
    0xA8, 0x00, 0xC8, 0x00, 0xA8, 0x00, 0xA8, 0x00, 0xA8, 0x00, 0xC8, 0x00, 0xC8, 0x00, 0xC8, 0x00,
    0xC8, 0x00, 0xC8, 0x00, 0xC8, 0x00, 0xC8, 0x00, 0xC8, 0x00, 0xC8, 0x00, 0xC8, 0x00, 0xC8, 0x00,
    0xC8, 0x00, 0xC8, 0x00, 0xC8, 0x00, 0xC8, 0x00, 0xC8, 0x00, 0xC8, 0x00, 0xE8, 0x00, 0xE8, 0x00,
    0xE9, 0x00, 0xE9, 0x00, 0xE9, 0x00, 0xE9, 0x00, 0xE9, 0x00, 0xE9, 0x00, 0xE9, 0x00, 0xE9, 0x00,
    0xE9, 0x00, 0xE9, 0x00, 0xE9, 0x00, 0xE9, 0x00, 0xE9, 0x00, 0xE9, 0x00, 0xE9, 0x00, 0xE9, 0x00,
    0xE9, 0x00, 0xE9, 0x00, 0xE9, 0x00, 0xE9, 0x00, 0xE9, 0x00, 0xE9, 0x00, 0xE9, 0x00, 0xE9, 0x00,
    0xE9, 0x00, 0xE9, 0x00, 0xE9, 0x00, 0xE9, 0x00, 0xE9, 0x00, 0xE9, 0x00, 0xE9, 0x00, 0xE9, 0x00,
    0xE9, 0x00, 0xE9, 0x00, 0xE9, 0x00, 0xE9, 0x00, 0x09, 0x01, 0x09, 0x01, 0x09, 0x01, 0x09, 0x01,
    0x09, 0x01, 0x09, 0x01, 0xE9, 0x00, 0xE9, 0x00, 0xE9, 0x00, 0x09, 0x01, 0x09, 0x01, 0x09, 0x01,
    0xE9, 0x00, 0x09, 0x01, 0x09, 0x01, 0xE9, 0x00, 0x09, 0x01, 0xE9, 0x00, 0xE9, 0x00, 0xE9, 0x00,
    0xE9, 0x00, 0xE9, 0x00, 0x09, 0x01, 0xE9, 0x00, 0xE9, 0x00, 0x09, 0x01, 0xE9, 0x00, 0x09, 0x01,
    0x09, 0x01, 0x09, 0x01, 0x09, 0x01, 0x09, 0x01, 0x09, 0x01, 0xE9, 0x00, 0xE9, 0x00, 0xE9, 0x00,
    0xE9, 0x00, 0xE9, 0x00, 0xE9, 0x00, 0xE9, 0x00, 0xE9, 0x00, 0x09, 0x01, 0x09, 0x01, 0x09, 0x01,
    0xE9, 0x00, 0xE9, 0x00, 0xE9, 0x00, 0xE9, 0x00, 0xE9, 0x00, 0xE9, 0x00, 0xE9, 0x00, 0xE9, 0x00,
    0xE9, 0x00, 0xE9, 0x00, 0xE9, 0x00, 0xE9, 0x00, 0xE9, 0x00, 0xE9, 0x00, 0xE9, 0x00, 0xE9, 0x00,
    0xE8, 0x00, 0xE8, 0x00, 0xE8, 0x00, 0xE8, 0x00, 0xE8, 0x00, 0xE9, 0x00, 0xE8, 0x00, 0xE8, 0x00,
    0xE8, 0x00, 0xE8, 0x00, 0xE8, 0x00, 0xC8, 0x00, 0xC8, 0x00, 0xC8, 0x00, 0xC8, 0x00, 0xC8, 0x00,
    0xC8, 0x00, 0xC8, 0x00, 0xC8, 0x00, 0xC8, 0x00, 0xC8, 0x00, 0xC8, 0x00, 0xC8, 0x00, 0xC8, 0x00,
    0xC8, 0x00, 0xC8, 0x00, 0xC8, 0x00, 0xC8, 0x00, 0xC8, 0x00, 0xC8, 0x00, 0xC8, 0x00, 0xC8, 0x00,
    0xC8, 0x00, 0xC8, 0x00, 0xC8, 0x00, 0xC8, 0x00, 0xC8, 0x00, 0xC8, 0x00, 0xA8, 0x00, 0xC7, 0x00,
    0xC7, 0x00, 0xC7, 0x00, 0xA7, 0x00, 0xA7, 0x00, 0xA7, 0x00, 0xA7, 0x00, 0xA7, 0x00, 0xA7, 0x00,
    0xA7, 0x00, 0xA7, 0x00, 0xA7, 0x00, 0xA7, 0x00, 0xA7, 0x00, 0xA7, 0x00, 0xA7, 0x00, 0xA7, 0x00,
    0xA7, 0x00, 0xA7, 0x00, 0xA7, 0x00, 0xA7, 0x00, 0xC7, 0x08, 0xC7, 0x18, 0xE7, 0x20, 0x47, 0x31,
    0x87, 0x49, 0x64, 0x49, 0x2F, 0xBD, 0x73, 0xE6, 0xA4, 0x51, 0x86, 0x49, 0x46, 0x31, 0x06, 0x21,
    0xC7, 0x18, 0xA6, 0x08, 0x2F, 0x53, 0x4B, 0x32, 0x65, 0x00, 0x86, 0x00, 0x86, 0x00, 0x86, 0x00,
    0x86, 0x00, 0x86, 0x00, 0x86, 0x00, 0x86, 0x00, 0x86, 0x00, 0x86, 0x00, 0x86, 0x00, 0x86, 0x00,
    0x86, 0x00, 0x86, 0x00, 0x86, 0x00, 0x86, 0x00, 0x86, 0x00, 0x66, 0x00, 0x66, 0x00, 0x66, 0x00,
    0x66, 0x00, 0x66, 0x00, 0x66, 0x00, 0x66, 0x00, 0x66, 0x00, 0x66, 0x00, 0x66, 0x00, 0x66, 0x00,
    0x66, 0x00, 0x66, 0x00, 0x66, 0x00, 0x66, 0x00, 0x66, 0x00, 0x66, 0x00, 0x66, 0x00, 0x66, 0x00,
    0x66, 0x00, 0x66, 0x00, 0x66, 0x00, 0x66, 0x00, 0x66, 0x00, 0x66, 0x00, 0x66, 0x00, 0x66, 0x00,
    0x66, 0x00, 0x66, 0x00, 0x66, 0x00, 0x66, 0x00, 0x66, 0x00, 0x66, 0x00, 0x66, 0x00, 0x86, 0x00,
    0x86, 0x00, 0x86, 0x00, 0x86, 0x00, 0x86, 0x00, 0x87, 0x00, 0xA8, 0x00, 0xE9, 0x00, 0x09, 0x01,
    0x2A, 0x09, 0x6F, 0x32, 0xB3, 0x53, 0xF4, 0x5B, 0xF3, 0x5B, 0xD3, 0x5B, 0xD3, 0x5B, 0xD3, 0x5B,
    0xD2, 0x5B, 0xD2, 0x63, 0xF3, 0x63, 0xF3, 0x63, 0xF3, 0x63, 0x34, 0x6C, 0x54, 0x6C, 0x34, 0x6C,
    0x72, 0x5B, 0xEC, 0x29, 0xA7, 0x00, 0x86, 0x00, 0x87, 0x00, 0x87, 0x00, 0x87, 0x00, 0x87, 0x00,
    0x87, 0x00, 0x87, 0x00, 0xA7, 0x00, 0xA7, 0x00, 0xA7, 0x00, 0xA7, 0x00, 0xA7, 0x00, 0xA7, 0x00,
    0xA7, 0x00, 0xA7, 0x00, 0xA7, 0x00, 0xA7, 0x00, 0xE6, 0x08, 0x89, 0x19, 0xC7, 0x00, 0x87, 0x00,
    0xA7, 0x00, 0xA7, 0x00, 0xA7, 0x00, 0xA7, 0x00, 0xA7, 0x00, 0xA7, 0x00, 0xC7, 0x00, 0xC7, 0x00,
    0xC7, 0x00, 0xC7, 0x00, 0xC7, 0x00, 0xA8, 0x00, 0xA8, 0x00, 0xA8, 0x00, 0xA7, 0x00, 0xA8, 0x00,
    0xA7, 0x00, 0xA8, 0x00, 0xA8, 0x00, 0xA8, 0x00, 0xA8, 0x00, 0xA8, 0x00, 0xA8, 0x00, 0xC8, 0x00,
    0xC8, 0x00, 0xC8, 0x00, 0xC8, 0x00, 0xC8, 0x00, 0xC8, 0x00, 0xC8, 0x00, 0xC8, 0x00, 0xC8, 0x00,
    0xC8, 0x00, 0xC8, 0x00, 0xC8, 0x00, 0xC8, 0x00, 0xE8, 0x00, 0xE8, 0x00, 0xC8, 0x00, 0xC8, 0x00,
    0xC8, 0x00, 0xE8, 0x00, 0xC8, 0x00, 0xC8, 0x00, 0xE8, 0x00, 0xE8, 0x00, 0xE9, 0x00, 0xE9, 0x00,
    0xE9, 0x00, 0xE9, 0x00, 0xE9, 0x00, 0xE9, 0x00, 0xE9, 0x00, 0xE9, 0x00, 0xE9, 0x00, 0xE9, 0x00,
    0xE9, 0x00, 0xE9, 0x00, 0xE9, 0x00, 0xE9, 0x00, 0xE9, 0x00, 0xE9, 0x00, 0xE9, 0x00, 0xE9, 0x00,
    0xE9, 0x00, 0xE9, 0x00, 0xE9, 0x00, 0xE9, 0x00, 0xE9, 0x00, 0xE9, 0x00, 0xE9, 0x00, 0xE9, 0x00,
    0xE9, 0x00, 0xE9, 0x00, 0xE9, 0x00, 0xE9, 0x00, 0xE9, 0x00, 0x09, 0x01, 0x09, 0x01, 0xE9, 0x00,
    0xE9, 0x00, 0x09, 0x01, 0x09, 0x01, 0x09, 0x01, 0x09, 0x01, 0x09, 0x01, 0x09, 0x01, 0x09, 0x01,
    0x09, 0x01, 0x09, 0x01, 0x09, 0x01, 0x09, 0x01, 0x09, 0x01, 0x09, 0x01, 0x09, 0x01, 0x09, 0x01,
    0x09, 0x01, 0x09, 0x01, 0x09, 0x01, 0x09, 0x01, 0x09, 0x01, 0x09, 0x01, 0x09, 0x01, 0x09, 0x01,
    0x09, 0x01, 0x09, 0x01, 0x09, 0x01, 0xE9, 0x00, 0xE9, 0x00, 0xE9, 0x00, 0xE9, 0x00, 0x0A, 0x01,
    0x09, 0x01, 0x0A, 0x01, 0x0A, 0x01, 0x09, 0x01, 0x09, 0x01, 0x09, 0x01, 0x09, 0x01, 0x09, 0x01,
    0x09, 0x01, 0x09, 0x01, 0x09, 0x01, 0x09, 0x01, 0x09, 0x01, 0x09, 0x01, 0x09, 0x01, 0x09, 0x01,
    0xE9, 0x00, 0xE9, 0x00, 0xE9, 0x00, 0xE9, 0x00, 0xE9, 0x00, 0xE9, 0x00, 0xE9, 0x00, 0xE9, 0x00,
    0xE9, 0x00, 0xE9, 0x00, 0xE9, 0x00, 0xE9, 0x00, 0xE9, 0x00, 0xE9, 0x00, 0xE9, 0x00, 0xE9, 0x00,
    0xE9, 0x00, 0xE9, 0x00, 0xE8, 0x00, 0xE8, 0x00, 0xE9, 0x00, 0xE9, 0x00, 0xE9, 0x00, 0xE8, 0x00,
    0x09, 0x01, 0x09, 0x01, 0xE9, 0x00, 0xE8, 0x00, 0xC9, 0x00, 0xC8, 0x00, 0xC8, 0x00, 0xC8, 0x00,
    0xE8, 0x00, 0xC8, 0x00, 0xC8, 0x00, 0xC8, 0x00, 0xC8, 0x00, 0xC8, 0x00, 0xC8, 0x00, 0xC8, 0x00,
    0xC8, 0x00, 0xC8, 0x00, 0xC8, 0x00, 0xC8, 0x00, 0xC8, 0x00, 0xC8, 0x00, 0xC8, 0x00, 0xC8, 0x00,
    0xC8, 0x00, 0xC8, 0x00, 0xC8, 0x00, 0xC8, 0x00, 0xC8, 0x00, 0xC8, 0x00, 0xC8, 0x00, 0xA8, 0x00,
    0xC7, 0x00, 0xC7, 0x00, 0xA7, 0x00, 0xA7, 0x00, 0xA7, 0x00, 0xA7, 0x00, 0xA7, 0x00, 0xA7, 0x00,
    0xA7, 0x00, 0xA7, 0x00, 0xA7, 0x00, 0xA7, 0x00, 0xA7, 0x00, 0xA7, 0x00, 0xA7, 0x00, 0xA7, 0x00,
    0xA7, 0x00, 0xA7, 0x00, 0xA7, 0x00, 0xA7, 0x08, 0xC7, 0x10, 0xC7, 0x18, 0x07, 0x21, 0x47, 0x39,
    0x85, 0x51, 0x08, 0x83, 0xD3, 0xEE, 0xB1, 0xF6, 0x87, 0x9B, 0xA4, 0x59, 0x46, 0x39, 0x07, 0x21,
    0xC6, 0x10, 0xA6, 0x08, 0x85, 0x00, 0x85, 0x00, 0x86, 0x00, 0x86, 0x00, 0x86, 0x00, 0x86, 0x00,
    0x86, 0x00, 0x86, 0x00, 0x86, 0x00, 0x86, 0x00, 0x86, 0x00, 0x86, 0x00, 0x86, 0x00, 0x86, 0x00,
    0x86, 0x00, 0x86, 0x00, 0x86, 0x00, 0x86, 0x00, 0x86, 0x00, 0x86, 0x00, 0x86, 0x00, 0x86, 0x00,
    0x86, 0x00, 0x86, 0x00, 0x86, 0x00, 0x86, 0x00, 0x86, 0x00, 0x66, 0x00, 0x66, 0x00, 0x66, 0x00,
    0x66, 0x00, 0x66, 0x00, 0x66, 0x00, 0x66, 0x00, 0x66, 0x00, 0x66, 0x00, 0x66, 0x00, 0x66, 0x00,
    0x66, 0x00, 0x66, 0x00, 0x66, 0x00, 0x66, 0x00, 0x66, 0x00, 0x66, 0x00, 0x66, 0x00, 0x66, 0x00,
    0x66, 0x00, 0x66, 0x00, 0x66, 0x00, 0x66, 0x00, 0x66, 0x00, 0x86, 0x00, 0x86, 0x00, 0x86, 0x00,
    0x86, 0x00, 0x87, 0x00, 0x67, 0x00, 0xE9, 0x00, 0xED, 0x19, 0xB0, 0x32, 0x12, 0x3B, 0x32, 0x3B,
    0x72, 0x43, 0xD4, 0x53, 0xD3, 0x5B, 0xB3, 0x63, 0xD2, 0x63, 0xD2, 0x63, 0xD2, 0x63, 0xD2, 0x63,
    0xD2, 0x63, 0xD2, 0x63, 0xD2, 0x63, 0xF2, 0x63, 0xF3, 0x63, 0xF3, 0x6B, 0x13, 0x6C, 0x34, 0x6C,
    0x55, 0x74, 0x14, 0x6C, 0xCF, 0x42, 0x08, 0x11, 0x86, 0x00, 0xA7, 0x00, 0xA7, 0x00, 0xA7, 0x00,
    0x87, 0x00, 0x87, 0x00, 0xA7, 0x00, 0xA7, 0x00, 0xA7, 0x00, 0xA7, 0x00, 0xA7, 0x00, 0xA7, 0x00,
    0xA7, 0x00, 0xA7, 0x00, 0xA7, 0x00, 0xA7, 0x00, 0x87, 0x00, 0x86, 0x00, 0xA7, 0x00, 0xA7, 0x00,
    0xA7, 0x00, 0xA7, 0x00, 0xA8, 0x00, 0xA7, 0x00, 0xA7, 0x00, 0xA8, 0x00, 0xC7, 0x00, 0xC7, 0x00,
    0xC7, 0x00, 0xC7, 0x00, 0xC7, 0x00, 0xA8, 0x00, 0xA8, 0x00, 0xC8, 0x00, 0xA8, 0x00, 0xA8, 0x00,
    0xC8, 0x00, 0xA7, 0x00, 0xC8, 0x00, 0xC8, 0x00, 0xC8, 0x00, 0xA8, 0x00, 0xC8, 0x00, 0xC8, 0x00,
    0xC8, 0x00, 0xC8, 0x00, 0xE8, 0x00, 0x09, 0x09, 0xE8, 0x00, 0xC8, 0x00, 0xC8, 0x00, 0xC8, 0x00,
    0xC8, 0x00, 0xC8, 0x00, 0xC8, 0x00, 0xC8, 0x00, 0xE8, 0x00, 0xE8, 0x00, 0xE8, 0x00, 0xE9, 0x00,
    0xE9, 0x00, 0xE9, 0x00, 0xE9, 0x00, 0xE9, 0x00, 0xE9, 0x00, 0xE9, 0x00, 0xE9, 0x00, 0xE9, 0x00,
    0xE9, 0x00, 0xE9, 0x00, 0xE9, 0x00, 0xE9, 0x00, 0xE9, 0x00, 0xE9, 0x00, 0xE9, 0x00, 0xE9, 0x00,
    0xE9, 0x00, 0xE9, 0x00, 0xE9, 0x00, 0xE9, 0x00, 0xE9, 0x00, 0xE9, 0x00, 0xE9, 0x00, 0xE9, 0x00,
    0xE9, 0x00, 0xE9, 0x00, 0x09, 0x01, 0x09, 0x01, 0x09, 0x01, 0x09, 0x01, 0x09, 0x01, 0x09, 0x01,
    0x09, 0x01, 0x09, 0x01, 0x09, 0x01, 0x09, 0x01, 0x09, 0x01, 0x09, 0x01, 0x09, 0x01, 0x09, 0x01,
    0x09, 0x01, 0x09, 0x01, 0x09, 0x01, 0x09, 0x01, 0x09, 0x01, 0x09, 0x01, 0x09, 0x01, 0x09, 0x01,
    0x0A, 0x01, 0x0A, 0x01, 0x09, 0x01, 0x09, 0x01, 0x09, 0x01, 0x09, 0x01, 0x0A, 0x01, 0x0A, 0x01,
    0x0A, 0x01, 0x0A, 0x01, 0x0A, 0x01, 0x0A, 0x01, 0x0A, 0x01, 0x0A, 0x01, 0x09, 0x01, 0x0A, 0x01,
    0x0A, 0x01, 0x09, 0x01, 0xEA, 0x00, 0x09, 0x01, 0x09, 0x01, 0x8B, 0x11, 0x2A, 0x01, 0x09, 0x01,
    0x0A, 0x01, 0x0A, 0x01, 0x0A, 0x01, 0x09, 0x01, 0x09, 0x01, 0x09, 0x01, 0xE9, 0x00, 0x09, 0x01,
    0x09, 0x01, 0x09, 0x01, 0x09, 0x01, 0x09, 0x01, 0x09, 0x01, 0x09, 0x01, 0x09, 0x01, 0x09, 0x01,
    0x09, 0x01, 0x09, 0x01, 0x09, 0x01, 0x09, 0x01, 0x09, 0x01, 0x09, 0x01, 0x09, 0x01, 0x09, 0x01,
    0xE9, 0x00, 0xE9, 0x00, 0xE9, 0x00, 0xE9, 0x00, 0xE9, 0x00, 0xE9, 0x00, 0xE9, 0x00, 0xE9, 0x00,
    0x09, 0x01, 0x09, 0x01, 0xE9, 0x00, 0xE9, 0x00, 0xE9, 0x00, 0xE9, 0x00, 0xE9, 0x00, 0xE8, 0x00,
    0x09, 0x01, 0xE9, 0x00, 0xE9, 0x00, 0xE9, 0x00, 0xE9, 0x00, 0xE8, 0x00, 0xE8, 0x00, 0xE8, 0x00,
    0xE8, 0x00, 0xE8, 0x00, 0xE8, 0x00, 0xE8, 0x00, 0xE8, 0x00, 0xE8, 0x00, 0xE8, 0x00, 0xE8, 0x00,
    0xE8, 0x00, 0xE8, 0x00, 0xE8, 0x00, 0xE8, 0x00, 0xC8, 0x00, 0xC8, 0x00, 0xC8, 0x00, 0xC8, 0x00,
    0xC8, 0x00, 0xC8, 0x00, 0xC8, 0x00, 0xC8, 0x00, 0xC8, 0x00, 0xC8, 0x00, 0xC8, 0x00, 0xC8, 0x00,
    0xC8, 0x00, 0xA7, 0x00, 0xA7, 0x00, 0xA7, 0x00, 0xA7, 0x00, 0xC7, 0x00, 0xA7, 0x00, 0xA7, 0x00,
    0xA7, 0x00, 0xA7, 0x00, 0xA7, 0x00, 0xA7, 0x00, 0xA7, 0x00, 0x86, 0x00, 0xA6, 0x00, 0xA7, 0x00,
    0xA7, 0x00, 0xA7, 0x00, 0xA7, 0x00, 0xA7, 0x08, 0xC7, 0x10, 0xC7, 0x18, 0x28, 0x29, 0x26, 0x31,
    0xCB, 0x9B, 0x34, 0xFF, 0x11, 0xFF, 0x2D, 0xEE, 0x0D, 0xEE, 0x8C, 0xBC, 0x86, 0x41, 0x06, 0x21,
    0xE6, 0x18, 0xA6, 0x10, 0xA6, 0x08, 0xA6, 0x00, 0x86, 0x00, 0x86, 0x00, 0x86, 0x00, 0x86, 0x00,
    0x86, 0x00, 0x86, 0x00, 0x86, 0x00, 0x86, 0x00, 0x86, 0x00, 0x86, 0x00, 0x86, 0x00, 0x86, 0x00,
    0x86, 0x00, 0x86, 0x00, 0x86, 0x00, 0x86, 0x00, 0x86, 0x00, 0x86, 0x00, 0x86, 0x00, 0x86, 0x00,
    0x86, 0x00, 0x86, 0x00, 0x86, 0x00, 0x86, 0x00, 0x86, 0x00, 0x86, 0x00, 0x66, 0x00, 0x66, 0x00,
    0x66, 0x00, 0x66, 0x00, 0x66, 0x00, 0x66, 0x00, 0x66, 0x00, 0x66, 0x00, 0x66, 0x00, 0x66, 0x00,
    0x66, 0x00, 0x66, 0x00, 0x66, 0x00, 0x66, 0x00, 0x66, 0x00, 0x66, 0x00, 0x66, 0x00, 0x66, 0x00,
    0x66, 0x00, 0x66, 0x00, 0x86, 0x00, 0x86, 0x00, 0x86, 0x00, 0x86, 0x00, 0x86, 0x00, 0x86, 0x00,
    0x86, 0x00, 0xA7, 0x00, 0xCC, 0x19, 0xF1, 0x3A, 0xB4, 0x4B, 0xD4, 0x4B, 0xF5, 0x53, 0xD4, 0x4B,
    0xD3, 0x4B, 0xB3, 0x53, 0xB2, 0x63, 0xD2, 0x6B, 0xD1, 0x73, 0xD1, 0x73, 0xD2, 0x73, 0xD2, 0x6B,
    0xD2, 0x6B, 0xD2, 0x63, 0xD2, 0x63, 0xD2, 0x63, 0xD2, 0x6B, 0xF3, 0x6B, 0x13, 0x6C, 0x13, 0x6C,
    0x33, 0x6C, 0x54, 0x74, 0x54, 0x74, 0x51, 0x53, 0x28, 0x11, 0x86, 0x00, 0xA7, 0x00, 0xA7, 0x00,
    0x87, 0x00, 0xA7, 0x00, 0xA7, 0x00, 0xA7, 0x00, 0xA7, 0x00, 0xA7, 0x00, 0xA7, 0x00, 0xA7, 0x00,
    0xA7, 0x00, 0xA7, 0x00, 0xA7, 0x00, 0xA7, 0x00, 0xA7, 0x00, 0xA7, 0x00, 0xA7, 0x00, 0xA7, 0x00,
    0xA7, 0x00, 0xA7, 0x00, 0xA8, 0x00, 0xA7, 0x00, 0xA8, 0x00, 0xA8, 0x00, 0xA7, 0x00, 0xA7, 0x00,
    0xC7, 0x00, 0xC7, 0x00, 0xC7, 0x00, 0xC8, 0x00, 0xC8, 0x00, 0xA8, 0x00, 0xC8, 0x00, 0xA8, 0x00,
    0xA8, 0x00, 0xA8, 0x00, 0xC8, 0x00, 0xC8, 0x00, 0xC8, 0x00, 0xC8, 0x00, 0xC8, 0x00, 0xC8, 0x00,
    0xC8, 0x00, 0xC8, 0x00, 0xC8, 0x00, 0xE8, 0x00, 0xE8, 0x00, 0xE8, 0x00, 0xE8, 0x00, 0xC8, 0x00,
    0xE8, 0x00, 0xE8, 0x00, 0xE8, 0x00, 0xE8, 0x00, 0xE9, 0x00, 0xE9, 0x00, 0xE9, 0x00, 0xE9, 0x00,
    0xE9, 0x00, 0xE9, 0x00, 0xE9, 0x00, 0xE9, 0x00, 0xE9, 0x00, 0xE9, 0x00, 0xE9, 0x00, 0xE9, 0x00,
    0xE9, 0x00, 0xE9, 0x00, 0xE9, 0x00, 0xE9, 0x00, 0xE9, 0x00, 0xE9, 0x00, 0xE9, 0x00, 0x09, 0x01,
    0x09, 0x01, 0x09, 0x01, 0x09, 0x01, 0x09, 0x01, 0x09, 0x01, 0x09, 0x01, 0xE9, 0x00, 0xE9, 0x00,
    0x09, 0x01, 0x09, 0x01, 0x09, 0x01, 0x09, 0x01, 0x09, 0x01, 0x09, 0x01, 0x09, 0x01, 0xEA, 0x00,
    0xEA, 0x00, 0x0A, 0x01, 0x0A, 0x01, 0x0A, 0x01, 0x0A, 0x01, 0x0A, 0x01, 0x0A, 0x01, 0x0A, 0x01,
    0x0A, 0x01, 0x09, 0x01, 0x09, 0x01, 0x09, 0x01, 0x09, 0x01, 0x09, 0x01, 0x09, 0x01, 0x09, 0x01,
    0x09, 0x01, 0x0A, 0x01, 0x0A, 0x01, 0x09, 0x01, 0x0A, 0x01, 0x0A, 0x01, 0x0A, 0x01, 0x0A, 0x01,
    0x0A, 0x01, 0x0A, 0x01, 0x0A, 0x01, 0x0A, 0x01, 0x0A, 0x01, 0x0A, 0x01, 0x0A, 0x01, 0x0A, 0x01,
    0x0A, 0x01, 0x0A, 0x01, 0x0A, 0x01, 0xE9, 0x00, 0x6B, 0x09, 0x72, 0x4B, 0x8A, 0x11, 0xE9, 0x00,
    0x0A, 0x01, 0xEA, 0x00, 0xE9, 0x00, 0xE9, 0x00, 0xE9, 0x00, 0xE9, 0x00, 0xE9, 0x00, 0xEA, 0x00,
    0x0A, 0x01, 0x09, 0x01, 0x09, 0x01, 0x09, 0x01, 0x09, 0x01, 0x09, 0x01, 0x09, 0x01, 0x09, 0x01,
    0x09, 0x01, 0x09, 0x01, 0x09, 0x01, 0x09, 0x01, 0x09, 0x01, 0x09, 0x01, 0x09, 0x01, 0x09, 0x01,
    0x09, 0x01, 0x09, 0x01, 0x09, 0x01, 0x09, 0x01, 0x09, 0x01, 0x09, 0x01, 0x09, 0x01, 0x09, 0x01,
    0x09, 0x01, 0x09, 0x01, 0x09, 0x01, 0x09, 0x01, 0xE9, 0x00, 0xE9, 0x00, 0xE9, 0x00, 0xE9, 0x00,
    0xE9, 0x00, 0xE9, 0x00, 0xE9, 0x00, 0xE9, 0x00, 0xE9, 0x00, 0xE9, 0x00, 0xE8, 0x00, 0xE8, 0x00,
    0xE8, 0x00, 0xE8, 0x00, 0xE8, 0x00, 0xE8, 0x00, 0xE8, 0x00, 0xE8, 0x00, 0xE8, 0x00, 0xE8, 0x00,
    0xE8, 0x00, 0xE8, 0x00, 0xE8, 0x00, 0xC8, 0x00, 0xC8, 0x00, 0xC8, 0x00, 0xC8, 0x00, 0xC8, 0x00,
    0xC8, 0x00, 0xC8, 0x00, 0xC8, 0x00, 0xC8, 0x00, 0xC8, 0x00, 0xC8, 0x00, 0xA8, 0x00, 0xC8, 0x00,
    0xC8, 0x00, 0xA8, 0x00, 0xC7, 0x00, 0xC7, 0x00, 0xC7, 0x00, 0xC7, 0x00, 0xA7, 0x00, 0xC7, 0x00,
    0xA7, 0x00, 0xA7, 0x00, 0xC7, 0x00, 0xA7, 0x00, 0xE7, 0x08, 0x6D, 0x3A, 0x08, 0x09, 0xA7, 0x00,
    0xA7, 0x00, 0xA7, 0x00, 0xA7, 0x00, 0xC7, 0x08, 0xC7, 0x08, 0xE7, 0x18, 0x07, 0x21, 0x47, 0x31,
    0x87, 0x6A, 0x6A, 0xAC, 0xF2, 0xF6, 0x4E, 0xEE, 0x08, 0xAC, 0x66, 0x72, 0x46, 0x39, 0x06, 0x21,
    0xE6, 0x18, 0xA6, 0x10, 0xA7, 0x08, 0xA6, 0x00, 0x86, 0x00, 0x86, 0x00, 0x86, 0x00, 0x86, 0x00,
    0x86, 0x00, 0x86, 0x00, 0x86, 0x00, 0x86, 0x00, 0x86, 0x00, 0x86, 0x00, 0x86, 0x00, 0x86, 0x00,
    0x86, 0x00, 0x86, 0x00, 0x86, 0x00, 0x86, 0x00, 0x86, 0x00, 0x86, 0x00, 0x86, 0x00, 0x86, 0x00,
    0x86, 0x00, 0x86, 0x00, 0x86, 0x00, 0x86, 0x00, 0x86, 0x00, 0x86, 0x00, 0x66, 0x00, 0x66, 0x00,
    0x66, 0x00, 0x66, 0x00, 0x66, 0x00, 0x66, 0x00, 0x66, 0x00, 0x66, 0x00, 0x66, 0x00, 0x66, 0x00,
    0x66, 0x00, 0x66, 0x00, 0x66, 0x00, 0x66, 0x00, 0x66, 0x00, 0x86, 0x00, 0x86, 0x00, 0x86, 0x00,
    0x86, 0x00, 0x86, 0x00, 0x86, 0x00, 0x86, 0x00, 0x86, 0x00, 0x86, 0x00, 0x86, 0x00, 0x66, 0x00,
    0xC8, 0x00, 0x2E, 0x22, 0x73, 0x43, 0xB4, 0x4B, 0x93, 0x4B, 0x93, 0x4B, 0x73, 0x43, 0x72, 0x43,
    0x92, 0x4B, 0xB2, 0x5B, 0xD2, 0x6B, 0x8F, 0x73, 0x54, 0xBD, 0xB2, 0xA4, 0xB0, 0x73, 0xF1, 0x73,
    0xD2, 0x6B, 0xD2, 0x6B, 0xD2, 0x63, 0xD2, 0x6B, 0xD2, 0x6B, 0xF2, 0x6B, 0xF3, 0x6B, 0x13, 0x6C,
    0x13, 0x6C, 0x33, 0x74, 0x54, 0x74, 0x75, 0x74, 0x51, 0x53, 0x08, 0x11, 0x86, 0x00, 0xA7, 0x00,
    0xA7, 0x00, 0xA7, 0x00, 0xA7, 0x00, 0xA7, 0x00, 0xA7, 0x00, 0xA7, 0x00, 0xA7, 0x00, 0xA7, 0x00,
    0xA7, 0x00, 0xA7, 0x00, 0xA7, 0x00, 0xA7, 0x00, 0xA7, 0x00, 0xA7, 0x00, 0xA7, 0x00, 0xA7, 0x00,
    0xA7, 0x00, 0xA8, 0x00, 0xA8, 0x00, 0xA7, 0x00, 0xA7, 0x00, 0xA7, 0x00, 0xC7, 0x00, 0xC7, 0x00,
    0xC7, 0x00, 0xC7, 0x00, 0xC7, 0x00, 0xC7, 0x00, 0xC8, 0x00, 0xA8, 0x00, 0x86, 0x00, 0xCF, 0x42,
    0x51, 0x53, 0xA7, 0x00, 0xC8, 0x00, 0xC8, 0x00, 0xC8, 0x00, 0xC8, 0x00, 0xC8, 0x00, 0xC8, 0x00,
    0xC8, 0x00, 0xC8, 0x00, 0xC8, 0x00, 0xC8, 0x00, 0xE8, 0x00, 0xE8, 0x00, 0xE8, 0x00, 0xE8, 0x00,
    0xE8, 0x00, 0xE8, 0x00, 0xE9, 0x00, 0xE9, 0x00, 0xE9, 0x00, 0xE9, 0x00, 0xE9, 0x00, 0xE9, 0x00,
    0xE9, 0x00, 0xE9, 0x00, 0xE9, 0x00, 0xE9, 0x00, 0xE9, 0x00, 0xE9, 0x00, 0x09, 0x01, 0xE9, 0x00,
    0xE9, 0x00, 0xE9, 0x00, 0x09, 0x01, 0x09, 0x01, 0x09, 0x01, 0x09, 0x01, 0x09, 0x01, 0x09, 0x01,
    0xE9, 0x00, 0xE9, 0x00, 0xE9, 0x00, 0xE9, 0x00, 0xE9, 0x00, 0x09, 0x01, 0x09, 0x01, 0x09, 0x01,
    0x09, 0x01, 0x09, 0x01, 0x09, 0x01, 0x0A, 0x01, 0x0A, 0x01, 0x09, 0x01, 0x09, 0x01, 0x09, 0x01,
    0x09, 0x01, 0x0A, 0x01, 0x0A, 0x01, 0x0A, 0x01, 0x0A, 0x01, 0x0A, 0x01, 0x0A, 0x01, 0x0A, 0x01,
    0x0A, 0x01, 0x0A, 0x01, 0x0A, 0x01, 0x0A, 0x01, 0x0A, 0x01, 0x0A, 0x01, 0x0A, 0x01, 0x0A, 0x01,
    0x0A, 0x01, 0x0A, 0x01, 0x0A, 0x01, 0x0A, 0x01, 0x0A, 0x01, 0x0A, 0x01, 0x0A, 0x01, 0x0A, 0x01,
    0x0A, 0x01, 0x0A, 0x01, 0x0A, 0x01, 0x0A, 0x01, 0x0A, 0x01, 0x0A, 0x01, 0x0A, 0x01, 0x2A, 0x01,
    0x2A, 0x01, 0x0A, 0x01, 0x0A, 0x01, 0x09, 0x01, 0x09, 0x01, 0x6A, 0x09, 0x09, 0x01, 0x0A, 0x01,
    0x0A, 0x01, 0x0A, 0x01, 0xE9, 0x00, 0xE9, 0x00, 0x09, 0x01, 0xE9, 0x00, 0x09, 0x01, 0xEA, 0x00,
    0x0A, 0x01, 0x09, 0x01, 0x09, 0x01, 0x09, 0x01, 0x09, 0x01, 0x09, 0x01, 0x09, 0x01, 0x09, 0x01,
    0x09, 0x01, 0x09, 0x01, 0x09, 0x01, 0x09, 0x01, 0x09, 0x01, 0x09, 0x01, 0x09, 0x01, 0x09, 0x01,
    0x09, 0x01, 0x09, 0x01, 0x09, 0x01, 0x09, 0x01, 0x09, 0x01, 0x09, 0x01, 0x09, 0x01, 0x09, 0x01,
    0x09, 0x01, 0x09, 0x01, 0x09, 0x01, 0xE9, 0x00, 0xE9, 0x00, 0xE9, 0x00, 0xE9, 0x00, 0xE9, 0x00,
    0xC8, 0x00, 0xE9, 0x00, 0xE9, 0x00, 0xE9, 0x00, 0xE9, 0x00, 0xE9, 0x00, 0xE9, 0x00, 0xE8, 0x00,
    0xE8, 0x00, 0xE8, 0x00, 0xE8, 0x00, 0xE8, 0x00, 0xE8, 0x00, 0xE8, 0x00, 0xE8, 0x00, 0xE8, 0x00,
    0xE8, 0x00, 0xE8, 0x00, 0xE8, 0x00, 0xC8, 0x00, 0xC8, 0x00, 0xC8, 0x00, 0xC8, 0x00, 0xC8, 0x00,
    0xC8, 0x00, 0xC8, 0x00, 0xC8, 0x00, 0xC8, 0x00, 0xC8, 0x00, 0xC8, 0x00, 0xC8, 0x00, 0xC8, 0x00,
    0xC8, 0x00, 0xA8, 0x00, 0xC8, 0x00, 0xC8, 0x00, 0xA8, 0x00, 0xA8, 0x00, 0xA8, 0x00, 0xC7, 0x00,
    0xA7, 0x00, 0xC7, 0x00, 0xC7, 0x00, 0xA7, 0x00, 0xE7, 0x00, 0x2C, 0x2A, 0x08, 0x09, 0xA6, 0x00,
    0xA7, 0x00, 0xA7, 0x00, 0xA7, 0x00, 0xA7, 0x08, 0xC7, 0x10, 0xE7, 0x10, 0x07, 0x21, 0x47, 0x31,
    0xA7, 0x49, 0x84, 0x49, 0x90, 0xCD, 0xB2, 0xF6, 0x04, 0x62, 0x86, 0x49, 0x47, 0x31, 0x06, 0x19,
    0xC6, 0x18, 0xC6, 0x08, 0xA6, 0x00, 0xA6, 0x00, 0x86, 0x00, 0x86, 0x00, 0x86, 0x00, 0x86, 0x00,
    0x86, 0x00, 0x86, 0x00, 0x86, 0x00, 0x86, 0x00, 0x86, 0x00, 0x86, 0x00, 0x86, 0x00, 0x86, 0x00,
    0x86, 0x00, 0x86, 0x00, 0x86, 0x00, 0x86, 0x00, 0x86, 0x00, 0x86, 0x00, 0x86, 0x00, 0x86, 0x00,
    0x86, 0x00, 0x86, 0x00, 0x86, 0x00, 0x86, 0x00, 0x86, 0x00, 0x86, 0x00, 0x86, 0x00, 0x86, 0x00,
    0x86, 0x00, 0x86, 0x00, 0x86, 0x00, 0x86, 0x00, 0x66, 0x00, 0x66, 0x00, 0x66, 0x00, 0x66, 0x00,
    0x66, 0x00, 0x66, 0x00, 0x86, 0x00, 0x86, 0x00, 0x86, 0x00, 0x86, 0x00, 0x86, 0x00, 0x86, 0x00,
    0x86, 0x00, 0x86, 0x00, 0x86, 0x00, 0x86, 0x00, 0x86, 0x00, 0x86, 0x00, 0x86, 0x00, 0x87, 0x00,
    0x2E, 0x22, 0x93, 0x43, 0x93, 0x43, 0x73, 0x43, 0x52, 0x43, 0x52, 0x43, 0x52, 0x43, 0x52, 0x43,
    0x92, 0x53, 0xB2, 0x63, 0xF1, 0x73, 0x70, 0x9C, 0xD6, 0xF6, 0x54, 0xE6, 0x50, 0x94, 0xF1, 0x7B,
    0xF2, 0x73, 0xD2, 0x6B, 0xD2, 0x6B, 0xD2, 0x6B, 0xD2, 0x6B, 0xF2, 0x6B, 0xF2, 0x6B, 0x13, 0x6C,
    0x13, 0x74, 0x33, 0x74, 0x34, 0x74, 0x74, 0x7C, 0x95, 0x7C, 0x0F, 0x4B, 0xC7, 0x08, 0x87, 0x00,
    0xA7, 0x00, 0xA7, 0x00, 0xA7, 0x00, 0xA7, 0x00, 0xA7, 0x00, 0xA7, 0x00, 0xA7, 0x00, 0xA7, 0x00,
    0xA7, 0x00, 0xA7, 0x00, 0xA7, 0x00, 0xA7, 0x00, 0xA7, 0x00, 0xA7, 0x00, 0xC7, 0x00, 0xC7, 0x00,
    0xA7, 0x00, 0xA8, 0x00, 0xA8, 0x00, 0xC7, 0x00, 0xC7, 0x00, 0xA7, 0x00, 0xC8, 0x00, 0xC8, 0x00,
    0xC8, 0x00, 0xC8, 0x00, 0xC8, 0x00, 0xC7, 0x00, 0xC8, 0x00, 0xC8, 0x00, 0xA7, 0x00, 0x4D, 0x32,
    0x8D, 0x3A, 0xA7, 0x00, 0xC8, 0x00, 0xC8, 0x00, 0xC8, 0x00, 0xC8, 0x00, 0xC8, 0x00, 0xE8, 0x00,
    0xC8, 0x00, 0xC8, 0x00, 0xC8, 0x00, 0xE8, 0x00, 0xE8, 0x00, 0xE8, 0x00, 0xE8, 0x00, 0xE8, 0x00,
    0xE9, 0x00, 0xE9, 0x00, 0xE9, 0x00, 0x09, 0x01, 0xE9, 0x00, 0xE9, 0x00, 0xE9, 0x00, 0xE9, 0x00,
    0xE9, 0x00, 0xE9, 0x00, 0xE9, 0x00, 0x09, 0x01, 0x09, 0x01, 0x09, 0x01, 0x09, 0x01, 0xE9, 0x00,
    0xE9, 0x00, 0x09, 0x01, 0x09, 0x01, 0x09, 0x01, 0x09, 0x01, 0x09, 0x01, 0x09, 0x01, 0x09, 0x01,
    0x09, 0x01, 0x09, 0x01, 0x09, 0x01, 0x09, 0x01, 0x0A, 0x01, 0x09, 0x01, 0x09, 0x01, 0x09, 0x01,
    0x09, 0x01, 0x09, 0x01, 0x09, 0x01, 0x0A, 0x01, 0x0A, 0x01, 0x0A, 0x01, 0x0A, 0x01, 0x0A, 0x01,
    0x0A, 0x01, 0x0A, 0x01, 0x0A, 0x01, 0x0A, 0x01, 0x0A, 0x01, 0x0A, 0x01, 0x0A, 0x01, 0x0A, 0x01,
    0x0A, 0x01, 0x0A, 0x01, 0x0A, 0x01, 0x0A, 0x01, 0x0A, 0x01, 0x0A, 0x01, 0x0A, 0x01, 0x0A, 0x01,
    0x0A, 0x01, 0x0A, 0x01, 0x0A, 0x01, 0x0A, 0x01, 0x0A, 0x01, 0x0A, 0x01, 0x0A, 0x01, 0x0A, 0x01,
    0x0A, 0x01, 0x0A, 0x01, 0x0A, 0x01, 0x2A, 0x01, 0x2A, 0x01, 0x2A, 0x01, 0x2A, 0x01, 0x2A, 0x01,
    0x2A, 0x01, 0x2A, 0x01, 0x0A, 0x01, 0x0A, 0x01, 0x0A, 0x01, 0xE9, 0x00, 0xEA, 0x00, 0x0A, 0x01,
    0x0A, 0x01, 0x0A, 0x01, 0x2A, 0x01, 0xAB, 0x11, 0x2A, 0x01, 0x09, 0x01, 0x09, 0x01, 0x09, 0x01,
    0x0A, 0x01, 0x0A, 0x01, 0x0A, 0x01, 0x0A, 0x01, 0x09, 0x01, 0x09, 0x01, 0x0A, 0x01, 0x0A, 0x01,
    0x09, 0x01, 0x09, 0x01, 0x0A, 0x01, 0x0A, 0x01, 0x0A, 0x01, 0x09, 0x01, 0x09, 0x01, 0x09, 0x01,
    0xE9, 0x00, 0x09, 0x01, 0x09, 0x01, 0x09, 0x01, 0x09, 0x01, 0x09, 0x01, 0x09, 0x01, 0x09, 0x01,
    0x09, 0x01, 0x09, 0x01, 0x09, 0x01, 0x09, 0x01, 0x09, 0x01, 0xE9, 0x00, 0xE9, 0x00, 0x09, 0x01,
    0x4A, 0x09, 0xE9, 0x00, 0xE9, 0x00, 0xE9, 0x00, 0xE9, 0x00, 0xE9, 0x00, 0x09, 0x01, 0xE9, 0x00,
    0xE9, 0x00, 0xE8, 0x00, 0xE8, 0x00, 0xE8, 0x00, 0xE8, 0x00, 0xE8, 0x00, 0xE8, 0x00, 0xE8, 0x00,
    0xE8, 0x00, 0xE8, 0x00, 0xE8, 0x00, 0xC8, 0x00, 0xE8, 0x00, 0xE8, 0x00, 0xE8, 0x00, 0xE8, 0x00,
    0xE8, 0x00, 0xC8, 0x00, 0xC8, 0x00, 0xC8, 0x00, 0xC8, 0x00, 0xC8, 0x00, 0xC8, 0x00, 0xC8, 0x00,
    0xC8, 0x00, 0xA8, 0x00, 0xA8, 0x00, 0xA8, 0x00, 0xC8, 0x00, 0xC8, 0x00, 0xC8, 0x00, 0xC8, 0x00,
    0xC7, 0x00, 0xA7, 0x00, 0xA7, 0x00, 0xA7, 0x00, 0xA7, 0x00, 0x86, 0x00, 0xA7, 0x00, 0xA7, 0x00,
    0xA7, 0x00, 0xA7, 0x00, 0xA7, 0x00, 0xA7, 0x08, 0xC7, 0x08, 0xC7, 0x10, 0xE7, 0x18, 0x27, 0x29,
    0x67, 0x39, 0x86, 0x49, 0x2A, 0x7B, 0x4D, 0xA4, 0x65, 0x49, 0x67, 0x39, 0x27, 0x29, 0xE7, 0x18,
    0xC7, 0x10, 0xA6, 0x08, 0xA6, 0x00, 0xA6, 0x00, 0x86, 0x00, 0x86, 0x00, 0x86, 0x00, 0x86, 0x00,
    0x86, 0x00, 0x86, 0x00, 0x86, 0x00, 0x86, 0x00, 0x86, 0x00, 0x86, 0x00, 0x86, 0x00, 0x86, 0x00,
    0x86, 0x00, 0x86, 0x00, 0x86, 0x00, 0x86, 0x00, 0x86, 0x00, 0x86, 0x00, 0x86, 0x00, 0x86, 0x00,
    0x86, 0x00, 0x86, 0x00, 0x86, 0x00, 0x86, 0x00, 0x86, 0x00, 0x86, 0x00, 0x86, 0x00, 0x86, 0x00,
    0x86, 0x00, 0x86, 0x00, 0x86, 0x00, 0x86, 0x00, 0x86, 0x00, 0x66, 0x00, 0x66, 0x00, 0x66, 0x00,
    0x86, 0x00, 0x86, 0x00, 0x86, 0x00, 0x86, 0x00, 0x86, 0x00, 0x86, 0x00, 0x86, 0x00, 0x86, 0x00,
    0x86, 0x00, 0x86, 0x00, 0x87, 0x00, 0x87, 0x00, 0x86, 0x00, 0x86, 0x00, 0x66, 0x00, 0xAC, 0x11,
    0x53, 0x43, 0x93, 0x43, 0x52, 0x3B, 0x32, 0x3B, 0x31, 0x3B, 0x31, 0x43, 0x11, 0x43, 0x31, 0x43,
    0x71, 0x53, 0x91, 0x63, 0x30, 0x84, 0x35, 0xDE, 0x34, 0xFF, 0x55, 0xFF, 0xF5, 0xD5, 0xF1, 0x83,
    0xF2, 0x73, 0xF1, 0x73, 0xD2, 0x6B, 0xD2, 0x6B, 0xF2, 0x6B, 0xF2, 0x6B, 0xF2, 0x6B, 0x12, 0x74,
    0x12, 0x74, 0x33, 0x74, 0x33, 0x74, 0x54, 0x74, 0x74, 0x7C, 0x75, 0x7C, 0x6D, 0x32, 0x86, 0x00,
    0xA7, 0x00, 0xA7, 0x00, 0xA7, 0x00, 0xA7, 0x00, 0xA7, 0x00, 0xA7, 0x00, 0xA7, 0x00, 0xA7, 0x00,
    0xA7, 0x00, 0xA7, 0x00, 0xA8, 0x00, 0xA8, 0x00, 0xC7, 0x00, 0xC7, 0x00, 0xC7, 0x00, 0xC7, 0x00,
    0xA7, 0x00, 0xA7, 0x00, 0xC7, 0x00, 0xC7, 0x00, 0xC7, 0x00, 0xA7, 0x00, 0xC8, 0x00, 0xC8, 0x00,
    0xC8, 0x00, 0xC8, 0x00, 0xC8, 0x00, 0xC8, 0x00, 0xC8, 0x00, 0xA8, 0x00, 0xC7, 0x00, 0x86, 0x00,
    0x86, 0x00, 0xC7, 0x00, 0xC8, 0x00, 0xC8, 0x00, 0xC8, 0x00, 0xC8, 0x00, 0xE8, 0x00, 0xE8, 0x00,
    0xE8, 0x00, 0xC8, 0x00, 0xC8, 0x00, 0xE8, 0x00, 0xE9, 0x00, 0xE8, 0x00, 0xE9, 0x00, 0x09, 0x01,
    0x09, 0x01, 0xE9, 0x00, 0x09, 0x01, 0x09, 0x01, 0xE9, 0x00, 0xE9, 0x00, 0xE9, 0x00, 0xE9, 0x00,
    0xE9, 0x00, 0x09, 0x01, 0x09, 0x01, 0x09, 0x01, 0x09, 0x01, 0x09, 0x01, 0x09, 0x01, 0x09, 0x01,
    0x09, 0x01, 0x09, 0x01, 0x09, 0x01, 0x0A, 0x01, 0x0A, 0x01, 0x09, 0x01, 0x0A, 0x01, 0x0A, 0x01,
    0x09, 0x01, 0x0A, 0x01, 0x0A, 0x01, 0xE9, 0x00, 0xE9, 0x00, 0x09, 0x01, 0x09, 0x01, 0x0A, 0x01,
    0x0A, 0x01, 0x0A, 0x01, 0x0A, 0x01, 0x0A, 0x01, 0x0A, 0x01, 0x0A, 0x01, 0x0A, 0x01, 0x0A, 0x01,
    0x0A, 0x01, 0x2A, 0x01, 0x2A, 0x01, 0x2A, 0x01, 0x2A, 0x01, 0x2A, 0x01, 0x2A, 0x01, 0x2A, 0x01,
    0x2A, 0x01, 0x0A, 0x01, 0x0A, 0x01, 0x2A, 0x01, 0x2A, 0x01, 0x2A, 0x01, 0x0A, 0x01, 0x0A, 0x01,
    0x0A, 0x01, 0x0A, 0x01, 0x0A, 0x01, 0x2A, 0x01, 0x2A, 0x01, 0x0A, 0x01, 0x0A, 0x01, 0x0A, 0x01,
    0x0A, 0x01, 0x0A, 0x01, 0x2A, 0x01, 0x2A, 0x01, 0x0A, 0x01, 0x2A, 0x01, 0x2A, 0x01, 0x2A, 0x01,
    0x2A, 0x01, 0x2A, 0x01, 0x0A, 0x01, 0x0A, 0x01, 0x0A, 0x01, 0x0A, 0x01, 0x0A, 0x01, 0x0A, 0x01,
    0x0A, 0x01, 0xE9, 0x00, 0xAC, 0x11, 0x93, 0x53, 0x8B, 0x09, 0xE9, 0x00, 0x0A, 0x01, 0x0A, 0x01,
    0x0A, 0x01, 0x0A, 0x01, 0x0A, 0x01, 0x0A, 0x01, 0x0A, 0x01, 0x0A, 0x01, 0x0A, 0x01, 0x0A, 0x01,
    0x0A, 0x01, 0x09, 0x01, 0x0A, 0x01, 0x0A, 0x01, 0x0A, 0x01, 0x0A, 0x01, 0x0A, 0x01, 0x0A, 0x01,
    0x09, 0x01, 0x09, 0x01, 0x09, 0x01, 0x09, 0x01, 0x09, 0x01, 0x09, 0x01, 0x09, 0x01, 0x09, 0x01,
    0x09, 0x01, 0x09, 0x01, 0x09, 0x01, 0x09, 0x01, 0x09, 0x01, 0x09, 0x01, 0xE9, 0x00, 0x6B, 0x09,
    0xB0, 0x32, 0x4A, 0x09, 0xE9, 0x00, 0xE9, 0x00, 0xE9, 0x00, 0x09, 0x01, 0x09, 0x01, 0x09, 0x01,
    0x09, 0x01, 0x09, 0x01, 0xE9, 0x00, 0xE9, 0x00, 0xE9, 0x00, 0xE9, 0x00, 0xE8, 0x00, 0xE8, 0x00,
    0xE8, 0x00, 0xE8, 0x00, 0xE8, 0x00, 0xE8, 0x00, 0xE8, 0x00, 0xE8, 0x00, 0xE8, 0x00, 0xE8, 0x00,
    0xE8, 0x00, 0xC8, 0x00, 0xE8, 0x00, 0xE8, 0x00, 0xC8, 0x00, 0xC8, 0x00, 0xC8, 0x00, 0xC8, 0x00,
    0xC8, 0x00, 0xC8, 0x00, 0xA8, 0x00, 0xA8, 0x00, 0xC8, 0x00, 0xC8, 0x00, 0xC8, 0x00, 0xC8, 0x00,
    0xC8, 0x00, 0xC7, 0x00, 0xC7, 0x00, 0xC7, 0x00, 0xA7, 0x00, 0xA7, 0x00, 0xA7, 0x00, 0xA7, 0x00,
    0xA7, 0x00, 0xA7, 0x00, 0xA7, 0x00, 0xC7, 0x00, 0xC7, 0x08, 0xC7, 0x08, 0xE7, 0x10, 0x07, 0x21,
    0x27, 0x29, 0x47, 0x31, 0x26, 0x31, 0x05, 0x31, 0x27, 0x31, 0x07, 0x29, 0xE7, 0x20, 0xC7, 0x18,
    0xC7, 0x10, 0xA6, 0x08, 0xA6, 0x00, 0x86, 0x00, 0x86, 0x00, 0x86, 0x00, 0x86, 0x00, 0x86, 0x00,
    0x86, 0x00, 0x86, 0x00, 0x86, 0x00, 0x86, 0x00, 0x86, 0x00, 0x86, 0x00, 0x86, 0x00, 0x86, 0x00,
    0x86, 0x00, 0x86, 0x00, 0x86, 0x00, 0x86, 0x00, 0x86, 0x00, 0x86, 0x00, 0x86, 0x00, 0x86, 0x00,
    0x86, 0x00, 0x86, 0x00, 0x86, 0x00, 0x86, 0x00, 0x86, 0x00, 0x86, 0x00, 0x86, 0x00, 0x86, 0x00,
    0x86, 0x00, 0x86, 0x00, 0x86, 0x00, 0x86, 0x00, 0x86, 0x00, 0x86, 0x00, 0x86, 0x00, 0x66, 0x00,
    0x86, 0x00, 0x86, 0x00, 0x86, 0x00, 0x86, 0x00, 0x86, 0x00, 0x86, 0x00, 0x86, 0x00, 0x86, 0x00,
    0x86, 0x00, 0x86, 0x00, 0x87, 0x00, 0x87, 0x00, 0x86, 0x00, 0x67, 0x00, 0xE9, 0x08, 0x11, 0x3B,
    0x93, 0x43, 0x32, 0x3B, 0x32, 0x3B, 0x11, 0x3B, 0x11, 0x3B, 0x11, 0x43, 0x11, 0x43, 0x11, 0x43,
    0x51, 0x53, 0x91, 0x63, 0xF0, 0x73, 0x2F, 0x94, 0xB5, 0xEE, 0x33, 0xDE, 0x2F, 0x94, 0x11, 0x84,
    0x12, 0x74, 0xF2, 0x73, 0xF2, 0x73, 0xF2, 0x6B, 0xF2, 0x6B, 0xF2, 0x73, 0xF2, 0x73, 0x12, 0x74,
    0x12, 0x74, 0x33, 0x74, 0x33, 0x74, 0x54, 0x7C, 0x74, 0x7C, 0xB5, 0x84, 0xD3, 0x63, 0x08, 0x09,
    0x87, 0x00, 0xA7, 0x00, 0xA7, 0x00, 0xA7, 0x00, 0xA7, 0x00, 0xA7, 0x00, 0xA8, 0x00, 0xA7, 0x00,
    0xA7, 0x00, 0xA7, 0x00, 0xA8, 0x00, 0xA8, 0x00, 0xC7, 0x00, 0xC7, 0x00, 0xC7, 0x00, 0xC7, 0x00,
    0xC7, 0x00, 0xC7, 0x00, 0xC7, 0x00, 0xC7, 0x00, 0xC8, 0x00, 0xC8, 0x00, 0xC8, 0x00, 0xC8, 0x00,
    0xA8, 0x00, 0xA8, 0x00, 0xC8, 0x00, 0xC8, 0x00, 0xC8, 0x00, 0xC8, 0x00, 0xC8, 0x00, 0xC8, 0x00,
    0xC8, 0x00, 0xC8, 0x00, 0xC8, 0x00, 0xC8, 0x00, 0xC8, 0x00, 0xE8, 0x00, 0xE8, 0x00, 0xE8, 0x00,
    0xE8, 0x00, 0xE8, 0x00, 0xE8, 0x00, 0xE9, 0x00, 0xE9, 0x00, 0xE9, 0x00, 0xE9, 0x00, 0xE9, 0x00,
    0xE9, 0x00, 0xE9, 0x00, 0xE9, 0x00, 0xE9, 0x00, 0xE9, 0x00, 0xE9, 0x00, 0xE9, 0x00, 0x09, 0x01,
    0x09, 0x01, 0x09, 0x01, 0x09, 0x01, 0x09, 0x01, 0x09, 0x01, 0x09, 0x01, 0x09, 0x01, 0x09, 0x01,
    0x09, 0x01, 0x09, 0x01, 0x0A, 0x01, 0x0A, 0x01, 0x0A, 0x01, 0x0A, 0x01, 0x0A, 0x01, 0x0A, 0x01,
    0x09, 0x01, 0x0A, 0x01, 0xE9, 0x00, 0x8B, 0x09, 0xCC, 0x19, 0x09, 0x01, 0x0A, 0x01, 0x0A, 0x01,
    0x0A, 0x01, 0x0A, 0x01, 0x2A, 0x01, 0x0A, 0x01, 0x0A, 0x01, 0x0A, 0x01, 0x0A, 0x01, 0x2A, 0x01,
    0x2A, 0x01, 0x2A, 0x01, 0x2A, 0x01, 0x2A, 0x01, 0x2A, 0x01, 0x2A, 0x01, 0x2A, 0x01, 0x2A, 0x01,
    0x2A, 0x01, 0x2A, 0x01, 0x0A, 0x01, 0x0A, 0x01, 0x2A, 0x01, 0x2A, 0x01, 0x2A, 0x01, 0x2A, 0x01,
    0x2A, 0x01, 0x2A, 0x01, 0x2A, 0x01, 0x2A, 0x01, 0x2A, 0x01, 0x2A, 0x01, 0x2A, 0x01, 0x2A, 0x01,
    0x2A, 0x01, 0x2A, 0x01, 0x2A, 0x01, 0x2A, 0x01, 0x2A, 0x01, 0x2A, 0x01, 0x2A, 0x01, 0x2A, 0x01,
    0x2A, 0x01, 0x2A, 0x01, 0x2B, 0x01, 0x2B, 0x01, 0x0A, 0x01, 0x0A, 0x01, 0x0A, 0x01, 0x0A, 0x01,
    0x0A, 0x01, 0x0A, 0x01, 0x4A, 0x09, 0x8B, 0x09, 0x2A, 0x01, 0x0A, 0x01, 0x0A, 0x01, 0x0A, 0x01,
    0x0A, 0x01, 0x0A, 0x01, 0x0A, 0x01, 0x0A, 0x01, 0x0A, 0x01, 0x0A, 0x01, 0x0A, 0x01, 0x0A, 0x01,
    0x0A, 0x01, 0x0A, 0x01, 0x0A, 0x01, 0x0A, 0x01, 0x0A, 0x01, 0x0A, 0x01, 0x0A, 0x01, 0x0A, 0x01,
    0x0A, 0x01, 0x0A, 0x01, 0x0A, 0x01, 0x0A, 0x01, 0x0A, 0x01, 0x0A, 0x01, 0x0A, 0x01, 0x09, 0x01,
    0x0A, 0x01, 0x09, 0x01, 0x09, 0x01, 0x09, 0x01, 0x09, 0x01, 0x09, 0x01, 0xE9, 0x00, 0x0A, 0x01,
    0x6B, 0x09, 0x09, 0x01, 0xE9, 0x00, 0xE9, 0x00, 0x09, 0x01, 0xE9, 0x00, 0x09, 0x01, 0x09, 0x01,
    0x09, 0x01, 0x09, 0x01, 0xE9, 0x00, 0xE9, 0x00, 0xE9, 0x00, 0xE9, 0x00, 0x09, 0x01, 0xE9, 0x00,
    0xE9, 0x00, 0xE9, 0x00, 0xE9, 0x00, 0xE9, 0x00, 0xE9, 0x00, 0xE8, 0x00, 0xE8, 0x00, 0xE8, 0x00,
    0xC8, 0x00, 0xE8, 0x00, 0xE8, 0x00, 0xC8, 0x00, 0x6A, 0x09, 0xCB, 0x19, 0xC8, 0x00, 0xC8, 0x00,
    0xC8, 0x00, 0xC8, 0x00, 0xC8, 0x00, 0xC8, 0x00, 0xC8, 0x00, 0xA8, 0x00, 0xA8, 0x00, 0xC8, 0x00,
    0xC8, 0x00, 0xC8, 0x00, 0xC7, 0x00, 0xC7, 0x00, 0xA8, 0x00, 0xA7, 0x00, 0xA7, 0x00, 0xA7, 0x00,
    0xC8, 0x00, 0xAB, 0x19, 0xE8, 0x08, 0xA7, 0x00, 0xC7, 0x08, 0xC7, 0x08, 0xC7, 0x10, 0xE7, 0x18,
    0x07, 0x21, 0x07, 0x21, 0x07, 0x29, 0x27, 0x29, 0x07, 0x21, 0x07, 0x19, 0xE6, 0x10, 0xC7, 0x10,
    0xA7, 0x08, 0xA7, 0x00, 0xA7, 0x00, 0x86, 0x00, 0x86, 0x00, 0x86, 0x00, 0x86, 0x00, 0x86, 0x00,
    0x86, 0x00, 0x86, 0x00, 0x86, 0x00, 0x86, 0x00, 0x86, 0x00, 0x86, 0x00, 0x86, 0x00, 0x86, 0x00,
    0x86, 0x00, 0x86, 0x00, 0x86, 0x00, 0x86, 0x00, 0x86, 0x00, 0x86, 0x00, 0x86, 0x00, 0x86, 0x00,
    0x86, 0x00, 0x86, 0x00, 0x86, 0x00, 0x86, 0x00, 0x86, 0x00, 0x86, 0x00, 0x86, 0x00, 0x86, 0x00,
    0x86, 0x00, 0x86, 0x00, 0x86, 0x00, 0x86, 0x00, 0x86, 0x00, 0x86, 0x00, 0x86, 0x00, 0x66, 0x00,
    0x87, 0x00, 0x87, 0x00, 0x87, 0x00, 0x87, 0x00, 0x87, 0x00, 0x86, 0x00, 0x86, 0x00, 0x86, 0x00,
    0x87, 0x00, 0x87, 0x00, 0x87, 0x00, 0x86, 0x00, 0x86, 0x00, 0x87, 0x00, 0xED, 0x19, 0x72, 0x43,
    0x52, 0x3B, 0x11, 0x33, 0xF1, 0x32, 0xF1, 0x3A, 0x11, 0x3B, 0x11, 0x43, 0x11, 0x43, 0x11, 0x43,
    0x31, 0x4B, 0x71, 0x5B, 0xB2, 0x6B, 0xB0, 0x73, 0x33, 0xB5, 0xD2, 0xA4, 0xD0, 0x7B, 0xF1, 0x73,
    0x12, 0x74, 0xF2, 0x73, 0xF1, 0x6B, 0xF1, 0x6B, 0xF2, 0x73, 0xF2, 0x73, 0x12, 0x74, 0x12, 0x74,
    0x12, 0x74, 0x33, 0x74, 0x33, 0x74, 0x54, 0x7C, 0x74, 0x7C, 0x95, 0x7C, 0xB6, 0x7C, 0x2C, 0x32,
    0x87, 0x00, 0xA8, 0x00, 0xA7, 0x00, 0xA7, 0x00, 0xA8, 0x00, 0xA8, 0x00, 0xA8, 0x00, 0xA8, 0x00,
    0xA8, 0x00, 0xA8, 0x00, 0xA8, 0x00, 0xA8, 0x00, 0xC7, 0x00, 0xC7, 0x00, 0xC7, 0x00, 0xC7, 0x00,
    0xC7, 0x00, 0xC7, 0x00, 0xC7, 0x00, 0xC7, 0x00, 0xC8, 0x00, 0xC8, 0x00, 0xA8, 0x00, 0xA8, 0x00,
    0xC8, 0x00, 0xC8, 0x00, 0xC8, 0x00, 0xC8, 0x00, 0xC8, 0x00, 0xC8, 0x00, 0xC8, 0x00, 0xC8, 0x00,
    0xC8, 0x00, 0xC8, 0x00, 0xC8, 0x00, 0xC8, 0x00, 0xC8, 0x00, 0xE8, 0x00, 0xE8, 0x00, 0xE8, 0x00,
    0xE9, 0x00, 0xE9, 0x00, 0xE9, 0x00, 0xE9, 0x00, 0xE9, 0x00, 0xE9, 0x00, 0xE9, 0x00, 0xE9, 0x00,
    0xE9, 0x00, 0xE8, 0x08, 0xE9, 0x08, 0xE9, 0x00, 0xE9, 0x00, 0xE9, 0x00, 0xE9, 0x00, 0x09, 0x01,
    0x09, 0x01, 0x09, 0x01, 0x09, 0x01, 0x09, 0x01, 0x09, 0x01, 0x09, 0x01, 0x0A, 0x01, 0x0A, 0x01,
    0x0A, 0x01, 0x0A, 0x01, 0x0A, 0x01, 0x0A, 0x01, 0x0A, 0x01, 0x0A, 0x01, 0x0A, 0x01, 0x0A, 0x01,
    0x0A, 0x01, 0x0A, 0x01, 0xC9, 0x00, 0x11, 0x43, 0x34, 0x64, 0x09, 0x01, 0x09, 0x01, 0x0A, 0x01,
    0x0A, 0x01, 0x0A, 0x01, 0x2A, 0x01, 0x2A, 0x01, 0x0A, 0x01, 0x2A, 0x01, 0x2A, 0x01, 0x2A, 0x01,
    0x2A, 0x01, 0x2A, 0x01, 0x2A, 0x01, 0x2A, 0x01, 0x2A, 0x01, 0x2A, 0x01, 0x2A, 0x01, 0x2A, 0x01,
    0x2A, 0x01, 0x2B, 0x01, 0x2A, 0x01, 0x2A, 0x01, 0x2A, 0x01, 0x2A, 0x01, 0x2A, 0x01, 0x2A, 0x01,
    0x2A, 0x01, 0x2A, 0x01, 0x2A, 0x01, 0x2A, 0x01, 0x2A, 0x01, 0x2A, 0x01, 0x2A, 0x01, 0x2A, 0x01,
    0x2A, 0x01, 0x2A, 0x01, 0x2A, 0x01, 0x2A, 0x01, 0x2A, 0x01, 0x2A, 0x01, 0x2A, 0x01, 0x2A, 0x01,
    0x2A, 0x01, 0x2A, 0x01, 0x2A, 0x01, 0x2A, 0x01, 0x2A, 0x01, 0x2A, 0x01, 0x2A, 0x01, 0x2A, 0x01,
    0x0A, 0x01, 0x0A, 0x01, 0x2A, 0x01, 0x0A, 0x01, 0x0A, 0x01, 0x2A, 0x01, 0x0A, 0x01, 0x0A, 0x01,
    0x0A, 0x01, 0x0A, 0x01, 0x0A, 0x01, 0x0A, 0x01, 0x0A, 0x01, 0x0A, 0x01, 0x09, 0x01, 0x09, 0x01,
    0x0A, 0x01, 0x0A, 0x01, 0x0A, 0x01, 0x0A, 0x01, 0x0A, 0x01, 0x0A, 0x01, 0x0A, 0x01, 0x0A, 0x01,
    0x0A, 0x01, 0x0A, 0x01, 0x0A, 0x01, 0x0A, 0x01, 0x2A, 0x01, 0x0A, 0x01, 0x0A, 0x01, 0x0A, 0x01,
    0x0A, 0x01, 0x0A, 0x01, 0x09, 0x01, 0x09, 0x01, 0x09, 0x01, 0x09, 0x01, 0x09, 0x01, 0xE9, 0x00,
    0xE9, 0x00, 0x09, 0x01, 0x09, 0x01, 0x09, 0x01, 0x09, 0x01, 0x09, 0x01, 0x09, 0x01, 0x09, 0x01,
    0xE9, 0x00, 0x09, 0x01, 0x09, 0x01, 0xE9, 0x00, 0xE9, 0x00, 0xE9, 0x00, 0xE9, 0x00, 0x09, 0x01,
    0xE9, 0x00, 0xE9, 0x00, 0xE9, 0x00, 0xE9, 0x00, 0xE9, 0x00, 0xE9, 0x00, 0xE8, 0x00, 0xE8, 0x00,
    0xE8, 0x00, 0xE8, 0x00, 0xE8, 0x00, 0xE8, 0x00, 0x4A, 0x09, 0xCB, 0x11, 0xE8, 0x00, 0xC8, 0x00,
    0xC8, 0x00, 0xE8, 0x00, 0xC8, 0x00, 0xC8, 0x00, 0xC8, 0x00, 0xC8, 0x00, 0xC8, 0x00, 0xA8, 0x00,
    0xA8, 0x00, 0xA8, 0x00, 0xC8, 0x00, 0xC7, 0x00, 0xC8, 0x00, 0xC7, 0x00, 0xC7, 0x00, 0xA7, 0x00,
    0xC7, 0x00, 0x29, 0x09, 0xC7, 0x00, 0xA7, 0x00, 0xC7, 0x00, 0xC7, 0x08, 0xA7, 0x08, 0xA6, 0x08,
    0xC7, 0x10, 0xC7, 0x18, 0xE7, 0x18, 0xE7, 0x18, 0xC7, 0x10, 0xC7, 0x10, 0xC7, 0x08, 0xC7, 0x08,
    0xC7, 0x00, 0xA7, 0x00, 0xA7, 0x00, 0xA7, 0x00, 0x08, 0x09, 0xA7, 0x00, 0x86, 0x00, 0x86, 0x00,
    0x86, 0x00, 0x86, 0x00, 0x86, 0x00, 0x86, 0x00, 0x86, 0x00, 0x86, 0x00, 0x86, 0x00, 0x86, 0x00,
    0x86, 0x00, 0x86, 0x00, 0x86, 0x00, 0x86, 0x00, 0x86, 0x00, 0x86, 0x00, 0x86, 0x00, 0x86, 0x00,
    0x86, 0x00, 0x86, 0x00, 0x86, 0x00, 0x86, 0x00, 0x86, 0x00, 0x86, 0x00, 0x86, 0x00, 0x86, 0x00,
    0x86, 0x00, 0x86, 0x00, 0x86, 0x00, 0x86, 0x00, 0x86, 0x00, 0x86, 0x00, 0x86, 0x00, 0x86, 0x00,
    0x87, 0x00, 0x87, 0x00, 0x87, 0x00, 0x87, 0x00, 0x87, 0x00, 0x87, 0x00, 0x87, 0x00, 0x87, 0x00,
    0x87, 0x00, 0x87, 0x00, 0x87, 0x00, 0x87, 0x00, 0x66, 0x00, 0xE8, 0x00, 0xD0, 0x32, 0x72, 0x3B,
    0x11, 0x33, 0x11, 0x33, 0xF0, 0x32, 0xF1, 0x3A, 0xF1, 0x3A, 0x10, 0x3B, 0x10, 0x43, 0x10, 0x43,
    0x31, 0x4B, 0x51, 0x53, 0x92, 0x63, 0xB2, 0x6B, 0xD1, 0x73, 0xD1, 0x7B, 0xF2, 0x73, 0xF2, 0x6B,
    0xF2, 0x6B, 0xF2, 0x73, 0xF2, 0x6B, 0x12, 0x74, 0xF2, 0x6B, 0xF2, 0x6B, 0x12, 0x74, 0x12, 0x74,
    0x32, 0x74, 0x33, 0x74, 0x33, 0x7C, 0x54, 0x7C, 0x74, 0x7C, 0x94, 0x7C, 0xD6, 0x84, 0x31, 0x53,
    0xA7, 0x00, 0xA7, 0x00, 0xA8, 0x00, 0xA7, 0x00, 0xA7, 0x00, 0xA8, 0x00, 0xA8, 0x00, 0xA8, 0x00,
    0xA8, 0x00, 0xA7, 0x00, 0xA7, 0x00, 0xA7, 0x00, 0xC7, 0x00, 0xC7, 0x00, 0xC7, 0x00, 0xC7, 0x00,
    0xC7, 0x00, 0xC8, 0x00, 0xC8, 0x00, 0xC8, 0x00, 0xA8, 0x00, 0xA8, 0x00, 0xA8, 0x00, 0xA8, 0x00,
    0xC8, 0x00, 0xC8, 0x00, 0xC8, 0x00, 0xC8, 0x00, 0xC8, 0x00, 0xC8, 0x00, 0xC8, 0x00, 0xC8, 0x00,
    0xC8, 0x00, 0xC8, 0x00, 0xC8, 0x00, 0xC8, 0x00, 0xC8, 0x00, 0xE9, 0x00, 0xE9, 0x00, 0xE9, 0x00,
    0xE9, 0x00, 0xE9, 0x00, 0xE9, 0x00, 0xE9, 0x00, 0xE8, 0x00, 0xE8, 0x00, 0xE9, 0x00, 0xE9, 0x00,
    0x09, 0x11, 0x07, 0x19, 0x08, 0x19, 0x29, 0x11, 0x09, 0x09, 0xE9, 0x00, 0xE9, 0x00, 0x0A, 0x01,
    0x09, 0x01, 0x09, 0x01, 0x09, 0x01, 0x09, 0x01, 0x09, 0x01, 0x09, 0x01, 0x09, 0x01, 0x09, 0x01,
    0x0A, 0x01, 0x0A, 0x01, 0x0A, 0x01, 0x0A, 0x01, 0x0A, 0x01, 0x0A, 0x01, 0x0A, 0x01, 0x0A, 0x01,
    0x0A, 0x01, 0x0A, 0x01, 0x09, 0x01, 0x8B, 0x11, 0xAB, 0x11, 0x09, 0x01, 0x09, 0x01, 0x0A, 0x01,
    0x0A, 0x01, 0x0A, 0x01, 0x2A, 0x01, 0x2A, 0x01, 0x2A, 0x01, 0x2A, 0x01, 0x2A, 0x01, 0x2A, 0x01,
    0x2A, 0x01, 0x2A, 0x01, 0x2A, 0x01, 0x2A, 0x01, 0x2A, 0x01, 0x2A, 0x01, 0x2A, 0x01, 0x2A, 0x01,
    0x2A, 0x01, 0x2A, 0x01, 0x2A, 0x01, 0x2A, 0x01, 0x2A, 0x01, 0x2A, 0x01, 0x2A, 0x01, 0x2A, 0x01,
    0x2A, 0x01, 0x2B, 0x01, 0x2B, 0x01, 0x2A, 0x01, 0x2A, 0x01, 0x2A, 0x01, 0x2A, 0x01, 0x2A, 0x01,
    0x2A, 0x01, 0x2A, 0x01, 0x2A, 0x01, 0x2A, 0x01, 0x2A, 0x01, 0x2A, 0x01, 0x2A, 0x01, 0x2A, 0x01,
    0x2A, 0x01, 0x2A, 0x01, 0x2A, 0x01, 0x2A, 0x01, 0x2A, 0x01, 0x2A, 0x01, 0x2A, 0x01, 0x2A, 0x01,
    0x2A, 0x01, 0x2A, 0x01, 0x2A, 0x01, 0x2A, 0x01, 0x2A, 0x01, 0x2A, 0x01, 0x2A, 0x01, 0x0A, 0x01,
    0x0A, 0x01, 0x0A, 0x01, 0x0A, 0x01, 0x2A, 0x01, 0x2A, 0x01, 0x0A, 0x01, 0x0A, 0x01, 0x0A, 0x01,
    0x0A, 0x01, 0x0A, 0x01, 0x0A, 0x01, 0x2A, 0x01, 0x2A, 0x01, 0x2A, 0x01, 0x2A, 0x01, 0x0A, 0x01,
    0x0A, 0x01, 0x0A, 0x01, 0x0A, 0x01, 0x0A, 0x01, 0x0A, 0x01, 0x0A, 0x01, 0x0A, 0x01, 0x0A, 0x01,
    0x0A, 0x01, 0x0A, 0x01, 0x0A, 0x01, 0x09, 0x01, 0x09, 0x01, 0x09, 0x01, 0x09, 0x01, 0x0A, 0x01,
    0x09, 0x01, 0x09, 0x01, 0x09, 0x01, 0x09, 0x01, 0x09, 0x01, 0x09, 0x01, 0x09, 0x01, 0x09, 0x01,
    0x09, 0x01, 0x09, 0x01, 0x09, 0x01, 0x09, 0x01, 0x0A, 0x01, 0x09, 0x01, 0x09, 0x01, 0x09, 0x01,
    0x09, 0x01, 0x09, 0x01, 0xE9, 0x00, 0xE9, 0x00, 0xE8, 0x00, 0xE8, 0x00, 0xE8, 0x00, 0xE8, 0x00,
    0xE8, 0x00, 0xE8, 0x00, 0xE8, 0x00, 0xE8, 0x00, 0xE8, 0x00, 0xC8, 0x00, 0xE8, 0x00, 0xE8, 0x00,
    0xE8, 0x00, 0xC8, 0x00, 0xC8, 0x00, 0xC8, 0x00, 0xC8, 0x00, 0xC8, 0x00, 0xC8, 0x00, 0xC8, 0x00,
    0xC8, 0x00, 0xC8, 0x00, 0xC8, 0x00, 0xA8, 0x00, 0xC8, 0x00, 0xC8, 0x00, 0xC8, 0x00, 0xC7, 0x00,
    0xA7, 0x00, 0xA7, 0x00, 0xC7, 0x00, 0xC7, 0x00, 0xC7, 0x00, 0xA7, 0x00, 0x48, 0x19, 0x69, 0x21,
    0xA6, 0x08, 0xC7, 0x08, 0xC7, 0x08, 0xC7, 0x10, 0xC7, 0x08, 0xC7, 0x08, 0xA7, 0x00, 0xA7, 0x00,
    0xA7, 0x00, 0xA7, 0x00, 0xA7, 0x00, 0xA7, 0x00, 0xE8, 0x08, 0xA7, 0x00, 0x87, 0x00, 0xA7, 0x00,
    0xA7, 0x00, 0xA7, 0x00, 0xA7, 0x00, 0x87, 0x00, 0x87, 0x00, 0x87, 0x00, 0x87, 0x00, 0x86, 0x00,
    0x86, 0x00, 0x86, 0x00, 0x86, 0x00, 0x86, 0x00, 0x86, 0x00, 0x86, 0x00, 0x86, 0x00, 0x86, 0x00,
    0x86, 0x00, 0x86, 0x00, 0x86, 0x00, 0x86, 0x00, 0x86, 0x00, 0x86, 0x00, 0x86, 0x00, 0x86, 0x00,
    0x86, 0x00, 0x86, 0x00, 0x86, 0x00, 0x86, 0x00, 0x86, 0x00, 0x86, 0x00, 0x86, 0x00, 0x86, 0x00,
    0x86, 0x00, 0x86, 0x00, 0x87, 0x00, 0x87, 0x00, 0x87, 0x00, 0x87, 0x00, 0x67, 0x00, 0x66, 0x00,
    0x66, 0x00, 0x86, 0x00, 0x87, 0x00, 0x87, 0x00, 0x87, 0x00, 0xCC, 0x19, 0x52, 0x3B, 0x32, 0x33,
    0xF1, 0x32, 0xF1, 0x32, 0xD0, 0x32, 0xF0, 0x3A, 0xF0, 0x3A, 0xF0, 0x3A, 0xF0, 0x3A, 0x10, 0x43,
    0x31, 0x4B, 0x51, 0x53, 0x71, 0x5B, 0x91, 0x63, 0xB1, 0x63, 0xD2, 0x6B, 0xD2, 0x6B, 0xD2, 0x6B,
    0xF2, 0x6B, 0xF3, 0x6B, 0x13, 0x74, 0x13, 0x74, 0x13, 0x74, 0x12, 0x74, 0x12, 0x74, 0x32, 0x74,
    0x32, 0x74, 0x33, 0x74, 0x53, 0x7C, 0x54, 0x7C, 0x74, 0x7C, 0x94, 0x7C, 0xB5, 0x84, 0x14, 0x74,
    0x49, 0x11, 0x87, 0x00, 0xC8, 0x00, 0xA8, 0x00, 0xA8, 0x00, 0xA8, 0x00, 0xA8, 0x00, 0xA8, 0x00,
    0xA8, 0x00, 0xA8, 0x00, 0xA8, 0x00, 0xA8, 0x00, 0xA7, 0x00, 0xA7, 0x00, 0xA8, 0x00, 0xC8, 0x00,
    0xC8, 0x00, 0xA8, 0x00, 0xC8, 0x00, 0xC8, 0x00, 0xC8, 0x00, 0xC8, 0x00, 0xA8, 0x00, 0xC8, 0x00,
    0xC8, 0x00, 0xC8, 0x00, 0xC8, 0x00, 0xC8, 0x00, 0xC8, 0x00, 0xC8, 0x00, 0xC8, 0x00, 0xC8, 0x00,
    0xC8, 0x00, 0xC8, 0x00, 0xC8, 0x00, 0xC8, 0x00, 0xE9, 0x00, 0xE9, 0x00, 0xE9, 0x00, 0xE9, 0x00,
    0xE9, 0x00, 0xE9, 0x00, 0xE9, 0x00, 0x09, 0x01, 0x09, 0x01, 0xE9, 0x00, 0xE9, 0x00, 0x09, 0x11,
    0xA7, 0x10, 0x8A, 0x62, 0x8D, 0x7B, 0xE6, 0x18, 0x49, 0x19, 0x09, 0x09, 0x09, 0x01, 0x0A, 0x01,
    0x0A, 0x01, 0x0A, 0x01, 0x0A, 0x01, 0x0A, 0x01, 0x0A, 0x01, 0x0A, 0x01, 0x0A, 0x01, 0x0A, 0x01,
    0x0A, 0x01, 0x0A, 0x01, 0x0A, 0x01, 0x0A, 0x01, 0x0A, 0x01, 0x0A, 0x01, 0x0A, 0x01, 0x0A, 0x01,
    0x0A, 0x01, 0x0A, 0x01, 0x0A, 0x01, 0x09, 0x01, 0xE9, 0x00, 0x09, 0x01, 0x0A, 0x01, 0x0A, 0x01,
    0x0A, 0x01, 0x2B, 0x01, 0x2A, 0x01, 0x2A, 0x01, 0x2A, 0x01, 0x2A, 0x01, 0x2A, 0x01, 0x2A, 0x01,
    0x2A, 0x01, 0x2A, 0x01, 0x2B, 0x01, 0x2B, 0x01, 0x2A, 0x01, 0x2A, 0x01, 0x2A, 0x01, 0x2A, 0x01,
    0x2A, 0x01, 0x2A, 0x01, 0x2A, 0x01, 0x2A, 0x01, 0x2A, 0x01, 0x2A, 0x01, 0x2A, 0x01, 0x2A, 0x01,
    0x2A, 0x01, 0x2B, 0x01, 0x4B, 0x01, 0x4B, 0x01, 0x2B, 0x01, 0x2B, 0x01, 0x2B, 0x01, 0x2B, 0x01,
    0x2A, 0x01, 0x2A, 0x01, 0x2B, 0x01, 0x2B, 0x01, 0x2B, 0x01, 0x2B, 0x01, 0x2B, 0x01, 0x2B, 0x01,
    0x2A, 0x01, 0x2A, 0x01, 0x2B, 0x01, 0x2B, 0x01, 0x2A, 0x01, 0x2A, 0x01, 0x2A, 0x01, 0x2A, 0x01,
    0x2A, 0x01, 0x2A, 0x01, 0x2A, 0x01, 0x2A, 0x01, 0x2A, 0x01, 0x2A, 0x01, 0x2A, 0x01, 0x2A, 0x01,
    0x2A, 0x01, 0x2A, 0x01, 0x0A, 0x01, 0xED, 0x19, 0xED, 0x19, 0x09, 0x01, 0x2A, 0x01, 0x2A, 0x01,
    0x0A, 0x01, 0x0A, 0x01, 0x0A, 0x01, 0x2A, 0x01, 0x2A, 0x01, 0x2A, 0x01, 0x2A, 0x01, 0x2A, 0x01,
    0x2A, 0x01, 0x0A, 0x01, 0x0A, 0x01, 0x0A, 0x01, 0x0A, 0x01, 0x2A, 0x01, 0x0A, 0x01, 0x0A, 0x01,
    0x0A, 0x01, 0x0A, 0x01, 0x0A, 0x01, 0x0A, 0x01, 0x09, 0x01, 0x09, 0x01, 0x09, 0x01, 0x0A, 0x01,
    0x09, 0x01, 0x09, 0x01, 0x09, 0x01, 0x09, 0x01, 0x09, 0x01, 0x09, 0x01, 0x09, 0x01, 0x09, 0x01,
    0x09, 0x01, 0x0A, 0x01, 0x0A, 0x01, 0x09, 0x01, 0x09, 0x01, 0x09, 0x01, 0x09, 0x09, 0x09, 0x01,
    0x09, 0x01, 0x09, 0x01, 0x09, 0x01, 0x09, 0x01, 0xE9, 0x00, 0xE9, 0x00, 0xE9, 0x00, 0xE8, 0x00,
    0xE8, 0x00, 0xE8, 0x00, 0xE8, 0x00, 0xE8, 0x00, 0xE8, 0x00, 0xE8, 0x00, 0xE8, 0x00, 0xE8, 0x00,
    0xC8, 0x00, 0xC8, 0x00, 0xC8, 0x00, 0xC8, 0x00, 0xC8, 0x00, 0xC8, 0x00, 0xC8, 0x00, 0xC8, 0x00,
    0xC8, 0x00, 0xC8, 0x00, 0xC8, 0x00, 0xC8, 0x00, 0xC8, 0x00, 0xC8, 0x00, 0xC8, 0x00, 0xC8, 0x00,
    0xC8, 0x00, 0xC8, 0x00, 0xC8, 0x00, 0xC7, 0x00, 0xC7, 0x00, 0x86, 0x00, 0xCE, 0x42, 0x50, 0x53,
    0xA6, 0x00, 0xC7, 0x08, 0xC7, 0x08, 0xC7, 0x08, 0xC7, 0x08, 0xA7, 0x00, 0xA7, 0x00, 0xA7, 0x00,
    0xA7, 0x00, 0xA7, 0x00, 0xA7, 0x00, 0xA7, 0x00, 0x87, 0x00, 0xA7, 0x00, 0xA7, 0x00, 0xA7, 0x00,
    0xA7, 0x00, 0xA7, 0x00, 0xA7, 0x00, 0xA7, 0x00, 0x87, 0x00, 0x87, 0x00, 0x87, 0x00, 0x86, 0x00,
    0x86, 0x00, 0x86, 0x00, 0x86, 0x00, 0x86, 0x00, 0x86, 0x00, 0x86, 0x00, 0x86, 0x00, 0x86, 0x00,
    0x86, 0x00, 0x86, 0x00, 0x86, 0x00, 0x86, 0x00, 0x86, 0x00, 0x86, 0x00, 0x86, 0x00, 0x86, 0x00,
    0x86, 0x00, 0x86, 0x00, 0x86, 0x00, 0x86, 0x00, 0x86, 0x00, 0x86, 0x00, 0x86, 0x00, 0x86, 0x00,
    0x86, 0x00, 0x86, 0x00, 0x87, 0x00, 0x87, 0x00, 0x87, 0x00, 0xC8, 0x00, 0x09, 0x09, 0x2A, 0x11,
    0x09, 0x09, 0xC8, 0x00, 0x87, 0x00, 0x67, 0x00, 0xE9, 0x00, 0xD0, 0x32, 0x52, 0x33, 0xF1, 0x32,
    0xF0, 0x32, 0xF0, 0x32, 0xD0, 0x32, 0xD0, 0x3A, 0xF0, 0x3A, 0xD0, 0x3A, 0xF0, 0x3A, 0x11, 0x43,
    0x31, 0x4B, 0x51, 0x4B, 0x71, 0x53, 0x92, 0x5B, 0xD2, 0x5B, 0xD3, 0x63, 0xD3, 0x63, 0xD3, 0x63,
    0xF2, 0x6B, 0xF2, 0x6B, 0xF2, 0x6B, 0xF3, 0x6B, 0x13, 0x74, 0x33, 0x74, 0x33, 0x74, 0x33, 0x7C,
    0x33, 0x74, 0x33, 0x74, 0x53, 0x7C, 0x54, 0x7C, 0x74, 0x7C, 0x94, 0x84, 0xB5, 0x84, 0x95, 0x84,
    0xEC, 0x29, 0x87, 0x00, 0xC8, 0x00, 0xA8, 0x00, 0xA8, 0x00, 0xA8, 0x00, 0xA8, 0x00, 0xC8, 0x00,
    0xC8, 0x00, 0xA8, 0x00, 0xA8, 0x00, 0xA8, 0x00, 0xA8, 0x00, 0xA8, 0x00, 0xA8, 0x00, 0xC8, 0x00,
    0xC8, 0x00, 0xA8, 0x00, 0xA8, 0x00, 0xC8, 0x00, 0xC8, 0x00, 0xC8, 0x00, 0xC8, 0x00, 0xC8, 0x00,
    0xC8, 0x00, 0xC8, 0x00, 0xC8, 0x00, 0xC8, 0x00, 0xC8, 0x00, 0xC8, 0x00, 0xC8, 0x00, 0xC8, 0x00,
    0xC8, 0x00, 0xC8, 0x00, 0xE8, 0x00, 0xE9, 0x00, 0xE9, 0x00, 0xE9, 0x00, 0xE9, 0x00, 0xE9, 0x00,
    0xE9, 0x00, 0xE9, 0x00, 0x09, 0x01, 0x09, 0x01, 0xEA, 0x00, 0x0A, 0x01, 0x09, 0x01, 0x08, 0x11,
    0x6A, 0x52, 0x54, 0xDE, 0x16, 0xF7, 0x0C, 0x63, 0x28, 0x19, 0x29, 0x11, 0x09, 0x01, 0x0A, 0x01,
    0x0A, 0x01, 0x2A, 0x01, 0x0A, 0x01, 0x0A, 0x01, 0x0A, 0x01, 0x0A, 0x01, 0x2A, 0x01, 0x0A, 0x01,
    0x0A, 0x01, 0x2A, 0x01, 0x2A, 0x01, 0x0A, 0x01, 0x0A, 0x01, 0x0A, 0x01, 0x0A, 0x01, 0x0A, 0x01,
    0x0A, 0x01, 0x0A, 0x01, 0x2A, 0x01, 0x0A, 0x01, 0x0A, 0x01, 0x0A, 0x01, 0x0A, 0x01, 0x2A, 0x01,
    0x2A, 0x01, 0x2A, 0x01, 0x2A, 0x01, 0x2A, 0x01, 0x2B, 0x01, 0x2B, 0x01, 0x2A, 0x01, 0x2B, 0x01,
    0x2B, 0x01, 0x2B, 0x01, 0x2B, 0x01, 0x2B, 0x01, 0x2B, 0x01, 0x2B, 0x01, 0x2B, 0x01, 0x2B, 0x01,
    0x2B, 0x01, 0x2B, 0x01, 0x2B, 0x01, 0x2B, 0x01, 0x2B, 0x01, 0x2B, 0x01, 0x2B, 0x01, 0x2B, 0x01,
    0x2B, 0x01, 0x2B, 0x01, 0x2B, 0x01, 0x4B, 0x01, 0x4B, 0x01, 0x2B, 0x01, 0x2B, 0x01, 0x2B, 0x01,
    0x2B, 0x01, 0x2B, 0x01, 0x2B, 0x01, 0x2B, 0x01, 0x2B, 0x01, 0x2B, 0x01, 0x2B, 0x01, 0x2B, 0x01,
    0x2B, 0x01, 0x2B, 0x01, 0x2B, 0x01, 0x2B, 0x01, 0x2B, 0x01, 0x2A, 0x01, 0x2A, 0x01, 0x2B, 0x01,
    0x2B, 0x01, 0x2B, 0x01, 0x2B, 0x01, 0x2A, 0x01, 0x2A, 0x01, 0x2A, 0x01, 0x2A, 0x01, 0x2A, 0x01,
    0x2A, 0x01, 0x2A, 0x01, 0x2A, 0x01, 0x6B, 0x09, 0x6B, 0x01, 0x0A, 0x01, 0x2A, 0x01, 0x2A, 0x01,
    0x0A, 0x01, 0x0A, 0x01, 0x0A, 0x01, 0x0A, 0x01, 0x2A, 0x01, 0x2A, 0x01, 0x2A, 0x01, 0x2A, 0x01,
    0x2A, 0x01, 0x0A, 0x01, 0x0A, 0x01, 0x2A, 0x01, 0x2A, 0x01, 0x2A, 0x01, 0x2A, 0x01, 0x0A, 0x01,
    0x0A, 0x01, 0x0A, 0x01, 0x0A, 0x01, 0x0A, 0x01, 0x0A, 0x01, 0x0A, 0x01, 0x0A, 0x01, 0x0A, 0x01,
    0x0A, 0x01, 0x0A, 0x01, 0x09, 0x01, 0x09, 0x01, 0x09, 0x01, 0x09, 0x01, 0x09, 0x01, 0x09, 0x01,
    0x09, 0x01, 0x09, 0x09, 0x2A, 0x09, 0x2A, 0x11, 0x4A, 0x11, 0x2A, 0x11, 0x2A, 0x09, 0x09, 0x09,
    0x09, 0x09, 0x09, 0x01, 0x09, 0x01, 0x09, 0x01, 0xE9, 0x00, 0xE9, 0x00, 0xE9, 0x00, 0xE9, 0x00,
    0xE9, 0x00, 0xE9, 0x00, 0xE9, 0x00, 0xE8, 0x00, 0xE8, 0x00, 0xE8, 0x00, 0xE8, 0x00, 0xE8, 0x00,
    0xC8, 0x00, 0xC8, 0x00, 0xC8, 0x00, 0xC8, 0x00, 0xC8, 0x00, 0xC8, 0x00, 0xC8, 0x00, 0xC8, 0x00,
    0xC8, 0x00, 0xC8, 0x00, 0xC8, 0x00, 0xC8, 0x00, 0xC8, 0x00, 0xC8, 0x00, 0xC8, 0x00, 0xC8, 0x00,
    0xC8, 0x00, 0xC8, 0x00, 0xC8, 0x00, 0xC8, 0x00, 0xC7, 0x00, 0xA7, 0x00, 0xE7, 0x08, 0x08, 0x09,
    0xA7, 0x00, 0xC7, 0x00, 0xC7, 0x00, 0xC7, 0x00, 0xA7, 0x00, 0xA7, 0x00, 0xA7, 0x00, 0xA7, 0x00,
    0xA7, 0x00, 0xA7, 0x00, 0xA7, 0x00, 0xA7, 0x00, 0xA7, 0x00, 0xA7, 0x00, 0xA7, 0x00, 0xA7, 0x00,
    0xA7, 0x00, 0xA7, 0x00, 0xA7, 0x00, 0xA7, 0x00, 0xA7, 0x00, 0x87, 0x00, 0x87, 0x00, 0x87, 0x00,
    0x87, 0x00, 0x86, 0x00, 0x86, 0x00, 0x86, 0x00, 0x86, 0x00, 0x86, 0x00, 0x86, 0x00, 0x86, 0x00,
    0x86, 0x00, 0x86, 0x00, 0x86, 0x00, 0x86, 0x00, 0x86, 0x00, 0x86, 0x00, 0x86, 0x00, 0x86, 0x00,
    0x86, 0x00, 0x86, 0x00, 0x86, 0x00, 0x87, 0x00, 0x86, 0x00, 0x86, 0x00, 0x86, 0x00, 0x86, 0x00,
    0x87, 0x00, 0x67, 0x00, 0x67, 0x00, 0xC8, 0x00, 0xED, 0x21, 0xD0, 0x32, 0x32, 0x3B, 0x52, 0x43,
    0x32, 0x43, 0xD1, 0x32, 0xED, 0x19, 0xE9, 0x00, 0xCC, 0x11, 0x11, 0x33, 0xF1, 0x32, 0xD0, 0x32,
    0xF0, 0x32, 0xD0, 0x32, 0xD0, 0x32, 0xD0, 0x3A, 0xD0, 0x3A, 0xD0, 0x3A, 0xF0, 0x3A, 0x11, 0x43,
    0x31, 0x43, 0x51, 0x4B, 0x72, 0x53, 0x92, 0x53, 0xB2, 0x5B, 0xD3, 0x63, 0xD2, 0x63, 0xD2, 0x63,
    0xD2, 0x63, 0xD2, 0x6B, 0xD2, 0x6B, 0xF3, 0x6B, 0x13, 0x74, 0x13, 0x74, 0x33, 0x74, 0x53, 0x7C,
    0x53, 0x7C, 0x53, 0x7C, 0x54, 0x7C, 0x54, 0x7C, 0x74, 0x7C, 0x94, 0x7C, 0xB5, 0x84, 0xB6, 0x84,
    0x6E, 0x3A, 0x87, 0x00, 0xA8, 0x00, 0x87, 0x00, 0xA7, 0x00, 0xA8, 0x00, 0xA8, 0x00, 0xA8, 0x00,
    0xA8, 0x00, 0xC8, 0x00, 0xC8, 0x00, 0xC8, 0x00, 0xA8, 0x00, 0xA8, 0x00, 0xC8, 0x00, 0xC8, 0x00,
    0xC8, 0x00, 0xA8, 0x00, 0xA8, 0x00, 0xC8, 0x00, 0xC8, 0x00, 0xC8, 0x00, 0xC8, 0x00, 0xC8, 0x00,
    0xC8, 0x00, 0xC8, 0x00, 0xC8, 0x00, 0xC8, 0x00, 0xE8, 0x00, 0xE8, 0x00, 0xC8, 0x00, 0xC8, 0x00,
    0xC8, 0x00, 0xE9, 0x00, 0xE9, 0x00, 0xE9, 0x00, 0xE9, 0x00, 0xE9, 0x00, 0xE9, 0x00, 0xE9, 0x00,
    0xE9, 0x00, 0xE9, 0x00, 0xE9, 0x00, 0xE9, 0x00, 0xC8, 0x00, 0xC8, 0x00, 0x09, 0x01, 0x08, 0x11,
    0xE9, 0x41, 0x91, 0xC5, 0x13, 0xD6, 0x6B, 0x52, 0x28, 0x19, 0x09, 0x09, 0x09, 0x01, 0x0A, 0x01,
    0x0A, 0x01, 0x0A, 0x01, 0x0A, 0x01, 0x2A, 0x01, 0x2A, 0x01, 0x2A, 0x01, 0x2A, 0x01, 0x0A, 0x01,
    0x0A, 0x01, 0x2A, 0x01, 0x0A, 0x01, 0x0A, 0x01, 0x0A, 0x01, 0x0A, 0x01, 0x0A, 0x01, 0x0A, 0x01,
    0x0A, 0x01, 0x0A, 0x01, 0x0A, 0x01, 0x0A, 0x01, 0x2A, 0x01, 0x2A, 0x01, 0x2A, 0x01, 0x2A, 0x01,
    0x2A, 0x01, 0x2A, 0x01, 0x2A, 0x01, 0x0A, 0x01, 0x4B, 0x01, 0x6B, 0x01, 0x4B, 0x01, 0x2B, 0x01,
    0x2B, 0x01, 0x2B, 0x01, 0x2B, 0x01, 0x2B, 0x01, 0x2B, 0x01, 0x2B, 0x01, 0x2B, 0x01, 0x2B, 0x01,
    0x2B, 0x01, 0x2B, 0x01, 0x2B, 0x01, 0x2B, 0x01, 0x2B, 0x01, 0x2B, 0x01, 0x4B, 0x01, 0x4B, 0x01,
    0x2B, 0x01, 0x2B, 0x01, 0x2B, 0x01, 0x2B, 0x01, 0x2B, 0x01, 0x2B, 0x01, 0x2B, 0x01, 0x2B, 0x01,
    0x2B, 0x01, 0x2B, 0x01, 0x2B, 0x01, 0x2B, 0x01, 0x2B, 0x01, 0x2B, 0x01, 0x2B, 0x01, 0x2B, 0x01,
    0x2B, 0x01, 0x2B, 0x01, 0x2B, 0x01, 0x2B, 0x01, 0x4B, 0x01, 0x4B, 0x01, 0x2B, 0x01, 0x2B, 0x01,
    0x2B, 0x01, 0x2B, 0x01, 0x2B, 0x01, 0x2B, 0x01, 0x2B, 0x01, 0x2B, 0x01, 0x2B, 0x01, 0x2B, 0x01,
    0x2B, 0x01, 0x2B, 0x01, 0x2B, 0x01, 0x2A, 0x01, 0x2A, 0x01, 0x2A, 0x01, 0x2A, 0x01, 0x2A, 0x01,
    0x0A, 0x01, 0x0A, 0x01, 0x0A, 0x01, 0x0A, 0x01, 0x2A, 0x01, 0x2A, 0x01, 0x2A, 0x01, 0x2A, 0x01,
    0x2A, 0x01, 0x0A, 0x01, 0x0A, 0x01, 0x2A, 0x01, 0x2A, 0x01, 0x2A, 0x01, 0x2A, 0x01, 0x0A, 0x01,
    0x0A, 0x01, 0x0A, 0x01, 0x0A, 0x01, 0x0A, 0x01, 0x0A, 0x01, 0x0A, 0x01, 0x0A, 0x01, 0x0A, 0x01,
    0x0A, 0x01, 0x0A, 0x01, 0x0A, 0x01, 0x0A, 0x01, 0x0A, 0x01, 0x2A, 0x01, 0x0A, 0x01, 0x09, 0x01,
    0x09, 0x09, 0x29, 0x09, 0x49, 0x11, 0x4A, 0x19, 0x08, 0x19, 0x09, 0x21, 0x49, 0x19, 0x09, 0x11,
    0x09, 0x09, 0x09, 0x01, 0x09, 0x01, 0x09, 0x01, 0xE9, 0x00, 0xE9, 0x00, 0xE9, 0x00, 0xE9, 0x00,
    0xE9, 0x00, 0xE9, 0x00, 0xE9, 0x00, 0xE8, 0x00, 0xE8, 0x00, 0xE9, 0x00, 0xE9, 0x00, 0xE9, 0x00,
    0xC8, 0x00, 0xC8, 0x00, 0xE8, 0x00, 0xE8, 0x00, 0xC8, 0x00, 0xC8, 0x00, 0xC8, 0x00, 0xC8, 0x00,
    0xC8, 0x00, 0xC8, 0x00, 0xC8, 0x00, 0xC8, 0x00, 0xC8, 0x00, 0xC8, 0x00, 0xA8, 0x00, 0xC8, 0x00,
    0xC8, 0x00, 0xC8, 0x00, 0xC8, 0x00, 0xC8, 0x00, 0xC8, 0x00, 0xC8, 0x00, 0xA7, 0x00, 0xA7, 0x00,
    0xC8, 0x00, 0xC8, 0x00, 0xA8, 0x00, 0xA7, 0x00, 0xA7, 0x00, 0xA7, 0x00, 0xA7, 0x00, 0xA7, 0x00,
    0xA7, 0x00, 0xA7, 0x00, 0xA7, 0x00, 0xA7, 0x00, 0xA7, 0x00, 0xA7, 0x00, 0xA7, 0x00, 0xA7, 0x00,
    0xA7, 0x00, 0xA7, 0x00, 0xA7, 0x00, 0xA7, 0x00, 0xA7, 0x00, 0xA7, 0x00, 0x87, 0x00, 0x87, 0x00,
    0x87, 0x00, 0x87, 0x00, 0x87, 0x00, 0x87, 0x00, 0x86, 0x00, 0x86, 0x00, 0x86, 0x00, 0x86, 0x00,
    0x86, 0x00, 0x86, 0x00, 0x86, 0x00, 0x86, 0x00, 0x86, 0x00, 0x86, 0x00, 0x86, 0x00, 0x86, 0x00,
    0x86, 0x00, 0x86, 0x00, 0x86, 0x00, 0x87, 0x00, 0x87, 0x00, 0x86, 0x00, 0x86, 0x00, 0xA7, 0x00,
    0xCD, 0x19, 0x2A, 0x09, 0x2A, 0x09, 0xD0, 0x3A, 0xB3, 0x4B, 0xD3, 0x4B, 0xF4, 0x53, 0xD4, 0x4B,
    0xD4, 0x4B, 0xD4, 0x53, 0x94, 0x4B, 0xD1, 0x32, 0xB0, 0x2A, 0xD0, 0x2A, 0xD0, 0x32, 0xD0, 0x32,
    0xD0, 0x32, 0xD0, 0x32, 0xD0, 0x3A, 0xCF, 0x3A, 0xAF, 0x3A, 0xD0, 0x3A, 0xD0, 0x3A, 0x10, 0x43,
    0x51, 0x4B, 0x72, 0x53, 0x72, 0x53, 0x72, 0x53, 0x92, 0x5B, 0x92, 0x5B, 0x92, 0x5B, 0x91, 0x5B,
    0x91, 0x63, 0xB1, 0x63, 0xB1, 0x6B, 0xD2, 0x6B, 0xF2, 0x6B, 0x13, 0x74, 0x33, 0x74, 0x33, 0x7C,
    0x53, 0x7C, 0x74, 0x7C, 0x74, 0x7C, 0x54, 0x7C, 0x74, 0x7C, 0x94, 0x7C, 0xB5, 0x84, 0xB6, 0x84,
    0x72, 0x53, 0x6F, 0x32, 0x4E, 0x2A, 0xED, 0x21, 0x4A, 0x11, 0xA8, 0x00, 0xA7, 0x00, 0xA7, 0x00,
    0xC8, 0x00, 0xC8, 0x00, 0xC8, 0x00, 0xC8, 0x00, 0xA8, 0x00, 0xC8, 0x00, 0xA8, 0x00, 0xA8, 0x00,
    0xC8, 0x00, 0xC8, 0x00, 0xC8, 0x00, 0xC8, 0x00, 0xC8, 0x00, 0xC8, 0x00, 0xC8, 0x00, 0xC8, 0x00,
    0xC8, 0x00, 0xC8, 0x00, 0xC8, 0x00, 0xC8, 0x00, 0xE8, 0x00, 0xE8, 0x00, 0xE8, 0x00, 0xE8, 0x00,
    0xE9, 0x00, 0xE9, 0x00, 0xE9, 0x00, 0xE9, 0x00, 0xE9, 0x00, 0xE9, 0x00, 0xE9, 0x00, 0xE9, 0x00,
    0x09, 0x01, 0x09, 0x01, 0xE9, 0x00, 0xC8, 0x00, 0x2C, 0x2A, 0x6D, 0x32, 0xE8, 0x00, 0x09, 0x09,
    0xE7, 0x18, 0x08, 0x4A, 0x49, 0x52, 0xE6, 0x18, 0x29, 0x11, 0x09, 0x01, 0x0A, 0x01, 0x0A, 0x01,
    0x0A, 0x01, 0x0A, 0x01, 0x2A, 0x01, 0x2A, 0x01, 0x2A, 0x01, 0x2A, 0x01, 0x2A, 0x01, 0x2A, 0x01,
    0x2A, 0x01, 0x2A, 0x01, 0x2A, 0x01, 0x2A, 0x01, 0x2A, 0x01, 0x2A, 0x01, 0x2A, 0x01, 0x2A, 0x01,
    0x2B, 0x01, 0x2B, 0x01, 0x2A, 0x01, 0x2A, 0x01, 0x2A, 0x01, 0x2A, 0x01, 0x2A, 0x01, 0x2B, 0x01,
    0x2B, 0x01, 0x2A, 0x01, 0x6B, 0x01, 0x4B, 0x01, 0x4B, 0x01, 0x4B, 0x01, 0x4B, 0x01, 0x2B, 0x01,
    0x2B, 0x01, 0x2B, 0x01, 0x2B, 0x01, 0x2B, 0x01, 0x2B, 0x01, 0x2B, 0x01, 0x2B, 0x01, 0x2B, 0x01,
    0x2B, 0x01, 0x2B, 0x01, 0x2B, 0x01, 0x2B, 0x01, 0x2B, 0x01, 0x2B, 0x01, 0x4B, 0x01, 0x4B, 0x01,
    0x4B, 0x01, 0x4B, 0x01, 0x4B, 0x01, 0x4B, 0x01, 0x4B, 0x01, 0x4B, 0x01, 0x4B, 0x01, 0x4B, 0x01,
    0x4B, 0x01, 0x2B, 0x01, 0x2B, 0x01, 0x2B, 0x01, 0x2B, 0x01, 0x4B, 0x01, 0x4B, 0x01, 0x2B, 0x01,
    0x2B, 0x01, 0x2B, 0x01, 0x4B, 0x01, 0x4B, 0x01, 0x2B, 0x01, 0x4B, 0x01, 0x2B, 0x01, 0x2B, 0x01,
    0x2B, 0x01, 0x2B, 0x01, 0x2B, 0x01, 0x2B, 0x01, 0x4B, 0x01, 0x4B, 0x01, 0x4B, 0x01, 0x2B, 0x01,
    0x2B, 0x01, 0x2B, 0x01, 0x2B, 0x01, 0x2B, 0x01, 0x2B, 0x01, 0x2B, 0x01, 0x2A, 0x01, 0x2A, 0x01,
    0x0A, 0x01, 0xE9, 0x00, 0x09, 0x01, 0x2A, 0x01, 0x2A, 0x01, 0x2A, 0x01, 0x2A, 0x01, 0x2A, 0x01,
    0x2A, 0x01, 0x2A, 0x01, 0x2A, 0x01, 0x2A, 0x01, 0x2A, 0x01, 0x2A, 0x01, 0x2A, 0x01, 0x2A, 0x01,
    0x2A, 0x01, 0x2A, 0x01, 0x0A, 0x01, 0x0A, 0x01, 0x0A, 0x01, 0x0A, 0x01, 0x0A, 0x01, 0x0A, 0x01,
    0x0A, 0x01, 0x0A, 0x01, 0x0A, 0x01, 0x0A, 0x01, 0x2A, 0x01, 0x2A, 0x01, 0x0A, 0x01, 0x09, 0x09,
    0x2A, 0x11, 0x4A, 0x19, 0x69, 0x21, 0x48, 0x29, 0x2A, 0x52, 0x09, 0x4A, 0x69, 0x31, 0x69, 0x21,
    0x49, 0x19, 0x09, 0x09, 0x09, 0x01, 0x09, 0x01, 0x09, 0x01, 0xE9, 0x00, 0xE9, 0x00, 0xE9, 0x00,
    0xE9, 0x00, 0xE9, 0x00, 0xE9, 0x00, 0xE9, 0x00, 0xE8, 0x00, 0xE9, 0x00, 0xE9, 0x00, 0xE8, 0x00,
    0xC8, 0x00, 0xC8, 0x00, 0xE8, 0x00, 0xE8, 0x00, 0xE8, 0x00, 0xE8, 0x00, 0xE8, 0x00, 0xE8, 0x00,
    0xC8, 0x00, 0xC8, 0x00, 0xC8, 0x00, 0xC8, 0x00, 0xC8, 0x00, 0xC8, 0x00, 0xC8, 0x00, 0xC8, 0x00,
    0xC8, 0x00, 0xC8, 0x00, 0xC8, 0x00, 0xC8, 0x00, 0xC8, 0x00, 0xC8, 0x00, 0xC8, 0x00, 0xC8, 0x00,
    0xC8, 0x00, 0xC7, 0x00, 0xC7, 0x00, 0xA7, 0x00, 0xA7, 0x00, 0xA7, 0x00, 0xA7, 0x00, 0xA7, 0x00,
    0xA7, 0x00, 0xA7, 0x00, 0xA7, 0x00, 0xA7, 0x00, 0xA7, 0x00, 0xA7, 0x00, 0xA7, 0x00, 0xA7, 0x00,
    0xA7, 0x00, 0xA7, 0x00, 0xA7, 0x00, 0xA7, 0x00, 0xA7, 0x00, 0xA7, 0x00, 0xA7, 0x00, 0x87, 0x00,
    0x87, 0x00, 0x87, 0x00, 0xA7, 0x00, 0xA7, 0x00, 0x87, 0x00, 0x87, 0x00, 0x87, 0x00, 0x87, 0x00,
    0x87, 0x00, 0x86, 0x00, 0x86, 0x00, 0x86, 0x00, 0x86, 0x00, 0x86, 0x00, 0x87, 0x00, 0x87, 0x00,
    0x87, 0x00, 0x87, 0x00, 0x87, 0x00, 0x87, 0x00, 0x87, 0x00, 0x87, 0x00, 0xA7, 0x00, 0xE8, 0x08,
    0x73, 0x43, 0x11, 0x3B, 0xF0, 0x3A, 0xB3, 0x53, 0xD3, 0x53, 0xB3, 0x53, 0xB3, 0x53, 0x93, 0x4B,
    0x93, 0x4B, 0xB3, 0x4B, 0xB3, 0x4B, 0x73, 0x43, 0x11, 0x3B, 0xD0, 0x32, 0xD0, 0x32, 0xCF, 0x32,
    0xAF, 0x32, 0xCF, 0x32, 0xCF, 0x3A, 0xCF, 0x3A, 0xAF, 0x32, 0xAF, 0x3A, 0xD0, 0x3A, 0x11, 0x43,
    0x51, 0x4B, 0x51, 0x53, 0x72, 0x53, 0x71, 0x53, 0x71, 0x53, 0x71, 0x5B, 0x71, 0x5B, 0x91, 0x5B,
    0x91, 0x63, 0x91, 0x63, 0xB1, 0x6B, 0xD2, 0x6B, 0xF2, 0x73, 0x12, 0x74, 0x12, 0x74, 0x32, 0x7C,
    0x53, 0x7C, 0x74, 0x7C, 0x74, 0x7C, 0x74, 0x7C, 0x74, 0x7C, 0x74, 0x7C, 0xB5, 0x84, 0xD6, 0x84,
    0x55, 0x6C, 0xD4, 0x5B, 0xD4, 0x53, 0xD4, 0x5B, 0x52, 0x4B, 0x2D, 0x2A, 0xE9, 0x00, 0xA7, 0x00,
    0xC8, 0x00, 0xC8, 0x00, 0xC8, 0x00, 0xC8, 0x00, 0xC8, 0x00, 0xC8, 0x00, 0xC8, 0x00, 0xC8, 0x00,
    0xC8, 0x00, 0xC8, 0x00, 0xC8, 0x00, 0xC8, 0x00, 0xC8, 0x00, 0xC8, 0x00, 0xC8, 0x00, 0xC8, 0x00,
    0xC8, 0x00, 0xC8, 0x00, 0xC8, 0x00, 0xE9, 0x00, 0xE9, 0x00, 0xE9, 0x00, 0xE9, 0x00, 0xE9, 0x00,
    0xE9, 0x00, 0xE9, 0x00, 0xE9, 0x00, 0xE9, 0x00, 0xE9, 0x00, 0xE9, 0x00, 0xE9, 0x00, 0x09, 0x01,
    0x09, 0x01, 0x09, 0x01, 0x0A, 0x01, 0xC8, 0x00, 0x0F, 0x43, 0x91, 0x5B, 0xE8, 0x00, 0x09, 0x09,
    0x29, 0x11, 0x09, 0x19, 0x29, 0x19, 0x49, 0x19, 0x09, 0x09, 0x09, 0x01, 0x0A, 0x01, 0x2A, 0x01,
    0x2A, 0x01, 0x2A, 0x01, 0x2A, 0x01, 0x2A, 0x01, 0x2A, 0x01, 0x2A, 0x01, 0x2A, 0x01, 0x2A, 0x01,
    0x2A, 0x01, 0x2A, 0x01, 0x2B, 0x01, 0x2B, 0x01, 0x2B, 0x01, 0x2B, 0x01, 0x2B, 0x01, 0x2B, 0x01,
    0x2B, 0x01, 0x2B, 0x01, 0x2B, 0x01, 0x2B, 0x01, 0x2B, 0x01, 0x2A, 0x01, 0x2A, 0x01, 0x2B, 0x01,
    0x4B, 0x01, 0x2A, 0x01, 0x6C, 0x09, 0x4B, 0x01, 0x2B, 0x01, 0x2B, 0x01, 0x2B, 0x01, 0x2B, 0x01,
    0x2B, 0x01, 0x2B, 0x01, 0x2B, 0x01, 0x2B, 0x01, 0x4B, 0x01, 0x4B, 0x01, 0x2B, 0x01, 0x4B, 0x01,
    0x4B, 0x01, 0x4B, 0x01, 0x4B, 0x01, 0x4B, 0x01, 0x4B, 0x01, 0x4B, 0x01, 0x4B, 0x01, 0x4B, 0x01,
    0x4B, 0x01, 0x4B, 0x01, 0x4B, 0x01, 0x4B, 0x01, 0x4B, 0x01, 0x4B, 0x01, 0x2A, 0x01, 0x0A, 0x01,
    0x09, 0x01, 0x2A, 0x01, 0x4B, 0x01, 0x4B, 0x01, 0x4B, 0x01, 0x4B, 0x01, 0x4B, 0x01, 0x4B, 0x01,
    0x4B, 0x01, 0x4B, 0x01, 0x4B, 0x01, 0x4B, 0x01, 0x4B, 0x01, 0x4B, 0x01, 0x4B, 0x01, 0x4B, 0x01,
    0x4B, 0x01, 0x4B, 0x01, 0x4B, 0x01, 0x4B, 0x01, 0x4B, 0x01, 0x4B, 0x01, 0x2B, 0x01, 0x2B, 0x01,
    0x2B, 0x01, 0x2B, 0x01, 0x2B, 0x01, 0x2B, 0x01, 0x2B, 0x01, 0x2B, 0x01, 0x2A, 0x01, 0x2A, 0x01,
    0x2A, 0x01, 0x4E, 0x2A, 0xAC, 0x11, 0x09, 0x01, 0x2A, 0x01, 0x2A, 0x01, 0x2A, 0x01, 0x2A, 0x01,
    0x2A, 0x01, 0x09, 0x01, 0x2A, 0x01, 0x2A, 0x01, 0x2A, 0x01, 0x2A, 0x01, 0x2A, 0x01, 0x2A, 0x01,
    0x2A, 0x01, 0x2A, 0x01, 0x0A, 0x01, 0x2A, 0x01, 0x2A, 0x01, 0x0A, 0x01, 0x2A, 0x01, 0x0A, 0x01,
    0x2A, 0x01, 0x2A, 0x01, 0x2A, 0x01, 0x2A, 0x01, 0x2A, 0x01, 0x2A, 0x01, 0x2A, 0x01, 0x29, 0x09,
    0x29, 0x11, 0x6A, 0x21, 0xAB, 0x39, 0x47, 0x39, 0x51, 0xC5, 0xD0, 0xAC, 0x67, 0x39, 0xCA, 0x39,
    0x69, 0x21, 0x29, 0x11, 0x09, 0x09, 0x09, 0x01, 0x09, 0x01, 0x09, 0x01, 0xE9, 0x00, 0xE9, 0x00,
    0xE9, 0x00, 0xE9, 0x00, 0xE9, 0x00, 0xE9, 0x00, 0xE9, 0x00, 0xE9, 0x00, 0xE9, 0x00, 0xE9, 0x00,
    0xE8, 0x00, 0xC8, 0x00, 0xE8, 0x00, 0xE8, 0x00, 0xE8, 0x00, 0xC8, 0x00, 0xC8, 0x00, 0xE8, 0x00,
    0xC8, 0x00, 0xC8, 0x00, 0xC8, 0x00, 0xC8, 0x00, 0xC8, 0x00, 0xC8, 0x00, 0xC8, 0x00, 0xC8, 0x00,
    0xC8, 0x00, 0xC8, 0x00, 0xC8, 0x00, 0xC8, 0x00, 0xC8, 0x00, 0xC8, 0x00, 0xC8, 0x00, 0xC8, 0x00,
    0xC8, 0x00, 0xA7, 0x00, 0xA7, 0x00, 0xC7, 0x00, 0xC7, 0x00, 0xA7, 0x00, 0xA7, 0x00, 0xA7, 0x00,
    0xA7, 0x00, 0xA7, 0x00, 0xA7, 0x00, 0xA7, 0x00, 0xA7, 0x00, 0xA7, 0x00, 0xA7, 0x00, 0xA7, 0x00,
    0xA7, 0x00, 0xA7, 0x00, 0xA7, 0x00, 0xA6, 0x00, 0xA7, 0x00, 0xA7, 0x00, 0xA7, 0x00, 0xA7, 0x00,
    0x87, 0x00, 0x87, 0x00, 0x87, 0x00, 0x87, 0x00, 0x87, 0x00, 0x87, 0x00, 0x87, 0x00, 0x87, 0x00,
    0x87, 0x00, 0x87, 0x00, 0x87, 0x00, 0x87, 0x00, 0x87, 0x00, 0x87, 0x00, 0xA7, 0x00, 0xA7, 0x00,
    0xA7, 0x00, 0xA7, 0x00, 0xA7, 0x00, 0x87, 0x00, 0x87, 0x00, 0x87, 0x00, 0x86, 0x00, 0x86, 0x00,
    0x52, 0x43, 0x72, 0x43, 0x72, 0x4B, 0x92, 0x53, 0xB3, 0x53, 0xB3, 0x5B, 0xD3, 0x5B, 0xB3, 0x53,
    0x93, 0x53, 0x92, 0x4B, 0x92, 0x4B, 0x52, 0x43, 0x11, 0x43, 0xF0, 0x3A, 0xCF, 0x32, 0xCF, 0x32,
    0xCF, 0x3A, 0xCF, 0x3A, 0xCF, 0x3A, 0xAF, 0x3A, 0xAF, 0x32, 0xAF, 0x32, 0xF0, 0x3A, 0x31, 0x4B,
    0x31, 0x4B, 0x31, 0x4B, 0x51, 0x4B, 0x51, 0x53, 0x51, 0x53, 0x71, 0x53, 0x71, 0x5B, 0x91, 0x63,
    0x91, 0x63, 0x91, 0x63, 0xB1, 0x6B, 0xD1, 0x6B, 0xF2, 0x73, 0x12, 0x74, 0x12, 0x7C, 0x32, 0x7C,
    0x33, 0x7C, 0x73, 0x7C, 0x94, 0x84, 0x95, 0x84, 0x74, 0x7C, 0x74, 0x7C, 0x94, 0x84, 0x95, 0x84,
    0xB7, 0x84, 0x56, 0x6C, 0x15, 0x64, 0x35, 0x64, 0x35, 0x5C, 0x15, 0x5C, 0x6E, 0x32, 0xA8, 0x00,
    0xA8, 0x00, 0xA8, 0x00, 0xC8, 0x00, 0xC8, 0x00, 0xC8, 0x00, 0xC8, 0x00, 0xC8, 0x00, 0xC8, 0x00,
    0xC8, 0x00, 0xC8, 0x00, 0xC8, 0x00, 0xC8, 0x00, 0xC8, 0x00, 0xC8, 0x00, 0xC8, 0x00, 0xC8, 0x00,
    0xE8, 0x00, 0xE9, 0x00, 0xE9, 0x00, 0xE9, 0x00, 0xE9, 0x00, 0xE9, 0x00, 0xE9, 0x00, 0xE9, 0x00,
    0xE9, 0x00, 0xE9, 0x00, 0xE9, 0x00, 0xE9, 0x00, 0xE9, 0x00, 0x09, 0x01, 0x09, 0x01, 0x09, 0x01,
    0x09, 0x01, 0x0A, 0x01, 0x0A, 0x01, 0x09, 0x01, 0x09, 0x01, 0x09, 0x01, 0xE9, 0x00, 0xE9, 0x00,
    0x09, 0x09, 0x0A, 0x09, 0x2A, 0x09, 0x09, 0x09, 0x09, 0x01, 0x09, 0x01, 0x0A, 0x01, 0x2A, 0x01,
    0x2A, 0x01, 0x2A, 0x01, 0x2A, 0x01, 0x2A, 0x01, 0x2A, 0x01, 0x4A, 0x01, 0x2B, 0x01, 0x2A, 0x01,
    0x2A, 0x01, 0x2B, 0x01, 0x2B, 0x01, 0x2B, 0x01, 0x2B, 0x01, 0x2B, 0x01, 0x2B, 0x01, 0x2B, 0x01,
    0x2B, 0x01, 0x2B, 0x01, 0x2B, 0x01, 0x2B, 0x01, 0x2B, 0x01, 0x2B, 0x01, 0x2B, 0x01, 0x2B, 0x01,
    0x2B, 0x01, 0x2B, 0x01, 0x2B, 0x01, 0x2B, 0x01, 0x4B, 0x01, 0x4B, 0x01, 0x4B, 0x01, 0x4B, 0x01,
    0x4B, 0x01, 0x4B, 0x01, 0x4B, 0x01, 0x4B, 0x01, 0x4B, 0x01, 0x4B, 0x01, 0x4B, 0x01, 0x4B, 0x01,
    0x4B, 0x01, 0x4B, 0x01, 0x4B, 0x01, 0x4B, 0x01, 0x4B, 0x01, 0x4B, 0x01, 0x4B, 0x01, 0x4B, 0x01,
    0x4B, 0x01, 0x4B, 0x01, 0x4B, 0x01, 0x4B, 0x01, 0x4C, 0x01, 0x0A, 0x09, 0x8A, 0x31, 0x8C, 0x5A,
    0x8D, 0x5A, 0x6A, 0x19, 0x4B, 0x01, 0x4B, 0x01, 0x4B, 0x01, 0x6B, 0x01, 0x6B, 0x01, 0x6B, 0x01,
    0x4B, 0x01, 0x4B, 0x01, 0x4B, 0x01, 0x4B, 0x01, 0x4B, 0x01, 0x4B, 0x01, 0x4B, 0x01, 0x4B, 0x01,
    0x4B, 0x01, 0x4B, 0x01, 0x4B, 0x01, 0x4B, 0x01, 0x4B, 0x01, 0x4B, 0x01, 0x4B, 0x01, 0x4B, 0x01,
    0x4B, 0x01, 0x2B, 0x01, 0x2B, 0x01, 0x2B, 0x01, 0x2B, 0x01, 0x2B, 0x01, 0x4B, 0x01, 0x2A, 0x01,
    0x0A, 0x01, 0xB0, 0x32, 0xED, 0x19, 0x0A, 0x01, 0x2B, 0x01, 0x2B, 0x01, 0x2B, 0x01, 0x4B, 0x01,
    0x2A, 0x01, 0xCC, 0x11, 0xAC, 0x09, 0x2A, 0x01, 0x2A, 0x01, 0x2B, 0x01, 0x2A, 0x01, 0x2A, 0x01,
    0x2A, 0x01, 0x2A, 0x01, 0x2A, 0x01, 0x2A, 0x01, 0x2A, 0x01, 0xAC, 0x11, 0x4B, 0x01, 0x0A, 0x01,
    0x2A, 0x01, 0x2A, 0x01, 0x2A, 0x01, 0x2A, 0x01, 0x2A, 0x01, 0x2A, 0x01, 0x2A, 0x01, 0x29, 0x09,
    0x4A, 0x19, 0x8A, 0x29, 0x87, 0x39, 0xC8, 0x6A, 0x34, 0xFF, 0xB3, 0xEE, 0xA8, 0x6A, 0xA8, 0x41,
    0x69, 0x29, 0x49, 0x19, 0x29, 0x09, 0x09, 0x01, 0x09, 0x01, 0x09, 0x01, 0x09, 0x01, 0xE9, 0x00,
    0xE9, 0x00, 0xE9, 0x00, 0xE9, 0x00, 0xE9, 0x00, 0xE9, 0x00, 0xE9, 0x00, 0xE9, 0x00, 0xE9, 0x00,
    0xE8, 0x00, 0xE9, 0x00, 0xE9, 0x00, 0xE8, 0x00, 0xE8, 0x00, 0xC8, 0x00, 0xC8, 0x00, 0xE8, 0x00,
    0xC8, 0x00, 0xC8, 0x00, 0xC8, 0x00, 0xC8, 0x00, 0xE7, 0x00, 0x28, 0x09, 0xC8, 0x00, 0xE8, 0x00,
    0xE8, 0x00, 0xC8, 0x00, 0xC8, 0x00, 0xC8, 0x00, 0xC8, 0x00, 0xC8, 0x00, 0xC8, 0x00, 0xC8, 0x00,
    0xA8, 0x00, 0xA8, 0x00, 0xA7, 0x00, 0xC7, 0x00, 0xC7, 0x00, 0xC7, 0x00, 0xA7, 0x00, 0xA7, 0x00,
    0xA7, 0x00, 0xA7, 0x00, 0xA7, 0x00, 0xA7, 0x00, 0xA7, 0x00, 0xA7, 0x00, 0xA7, 0x00, 0xA7, 0x00,
    0xA7, 0x00, 0xA7, 0x00, 0xA7, 0x00, 0xA7, 0x00, 0x87, 0x00, 0xA7, 0x00, 0xA7, 0x00, 0xA7, 0x00,
    0x87, 0x00, 0x87, 0x00, 0xA7, 0x00, 0x87, 0x00, 0xA7, 0x00, 0xA7, 0x00, 0xA7, 0x00, 0xA7, 0x00,
    0xA7, 0x00, 0x87, 0x00, 0x87, 0x00, 0x87, 0x00, 0x87, 0x00, 0x87, 0x00, 0xA7, 0x00, 0xA7, 0x00,
    0xA7, 0x00, 0xA7, 0x00, 0xA7, 0x00, 0x87, 0x00, 0x87, 0x00, 0x87, 0x00, 0x86, 0x00, 0x86, 0x00,
    0x31, 0x43, 0x31, 0x43, 0x51, 0x43, 0x71, 0x4B, 0x92, 0x53, 0xB2, 0x5B, 0xD2, 0x5B, 0xF3, 0x63,
    0xD3, 0x5B, 0x92, 0x53, 0x72, 0x53, 0x51, 0x4B, 0x10, 0x43, 0xEF, 0x3A, 0xCF, 0x3A, 0xCF, 0x3A,
    0xCF, 0x3A, 0xCF, 0x3A, 0xCF, 0x3A, 0xAF, 0x3A, 0xAF, 0x32, 0xAF, 0x3A, 0xF0, 0x42, 0x31, 0x4B,
    0x31, 0x4B, 0x10, 0x4B, 0x30, 0x4B, 0x30, 0x4B, 0x30, 0x53, 0x51, 0x53, 0x71, 0x5B, 0x91, 0x63,
    0x91, 0x63, 0xB1, 0x63, 0xB1, 0x6B, 0xD1, 0x6B, 0xF2, 0x73, 0x12, 0x7C, 0x32, 0x7C, 0x33, 0x7C,
    0x33, 0x7C, 0x73, 0x7C, 0x94, 0x84, 0x95, 0x7C, 0x54, 0x7C, 0x54, 0x7C, 0x33, 0x7C, 0x54, 0x7C,
    0x96, 0x84, 0x96, 0x7C, 0x56, 0x6C, 0x35, 0x64, 0x15, 0x64, 0x35, 0x64, 0xD3, 0x53, 0xAB, 0x19,
    0xA8, 0x00, 0xC8, 0x00, 0xC8, 0x00, 0xC8, 0x00, 0xC8, 0x00, 0xC8, 0x00, 0xC8, 0x00, 0xC8, 0x00,
    0xC8, 0x00, 0xC8, 0x00, 0xC8, 0x00, 0xC8, 0x00, 0xC8, 0x00, 0xC8, 0x00, 0xC8, 0x00, 0xE8, 0x00,
    0xE8, 0x00, 0xE9, 0x00, 0xE9, 0x00, 0xE9, 0x00, 0xE9, 0x00, 0xE9, 0x00, 0xE9, 0x00, 0xE9, 0x00,
    0xE9, 0x00, 0xE9, 0x00, 0xE9, 0x00, 0x09, 0x01, 0x09, 0x01, 0x09, 0x01, 0x0A, 0x01, 0x0A, 0x01,
    0x09, 0x01, 0x0A, 0x01, 0x0A, 0x01, 0x0A, 0x01, 0x0A, 0x01, 0x09, 0x01, 0x0A, 0x01, 0x0A, 0x01,
    0x0A, 0x01, 0x0A, 0x01, 0x2A, 0x01, 0x2A, 0x01, 0x0A, 0x01, 0x2A, 0x01, 0x2A, 0x01, 0x2A, 0x01,
    0x2A, 0x01, 0x2A, 0x01, 0x2A, 0x01, 0x2A, 0x01, 0x4A, 0x01, 0x4A, 0x01, 0x2A, 0x01, 0x2A, 0x01,
    0x2A, 0x01, 0x2B, 0x01, 0x2B, 0x01, 0x2B, 0x01, 0x2B, 0x01, 0x2B, 0x01, 0x2B, 0x01, 0x2B, 0x01,
    0x2B, 0x01, 0x2B, 0x01, 0x2B, 0x01, 0x2B, 0x01, 0x2B, 0x01, 0x2B, 0x01, 0x2B, 0x01, 0x4B, 0x01,
    0x2B, 0x01, 0x2B, 0x01, 0x4B, 0x01, 0x2B, 0x01, 0x4B, 0x01, 0x4B, 0x01, 0x4B, 0x01, 0x4B, 0x01,
    0x4B, 0x01, 0x4B, 0x01, 0x4B, 0x01, 0x4B, 0x01, 0x4B, 0x01, 0x4B, 0x01, 0x4B, 0x01, 0x4B, 0x01,
    0x4B, 0x01, 0x4B, 0x01, 0x4B, 0x01, 0x4B, 0x01, 0x4B, 0x01, 0x4B, 0x01, 0x4B, 0x01, 0x4B, 0x01,
    0x4B, 0x01, 0x4B, 0x01, 0x4B, 0x01, 0x4C, 0x01, 0x0A, 0x01, 0xAA, 0x39, 0x4A, 0x72, 0x69, 0x82,
    0x2C, 0x93, 0x4C, 0x52, 0xE9, 0x00, 0x4B, 0x01, 0x4B, 0x01, 0x4B, 0x01, 0x4B, 0x01, 0x4B, 0x01,
    0x4B, 0x01, 0x4B, 0x01, 0x4B, 0x01, 0x4B, 0x01, 0x4B, 0x01, 0x4B, 0x01, 0x4B, 0x01, 0x4B, 0x01,
    0x4B, 0x01, 0x4B, 0x01, 0x4B, 0x01, 0x4B, 0x01, 0x4B, 0x01, 0x4B, 0x01, 0x4B, 0x01, 0x4B, 0x01,
    0x4B, 0x01, 0x4B, 0x01, 0x4B, 0x01, 0x4B, 0x01, 0x2B, 0x01, 0x2B, 0x01, 0x2B, 0x01, 0x4B, 0x01,
    0x2A, 0x01, 0x2A, 0x01, 0x2A, 0x01, 0x2A, 0x01, 0x2B, 0x01, 0x2B, 0x01, 0x2A, 0x01, 0x2A, 0x01,
    0x2A, 0x01, 0x4F, 0x22, 0x0D, 0x1A, 0x0A, 0x01, 0x2B, 0x01, 0x2B, 0x01, 0x2B, 0x01, 0x2A, 0x01,
    0x2A, 0x01, 0x2A, 0x01, 0x2A, 0x01, 0x2A, 0x01, 0x2A, 0x01, 0x8C, 0x09, 0x4B, 0x01, 0x2A, 0x01,
    0x2A, 0x01, 0x2A, 0x01, 0x2A, 0x01, 0x2A, 0x01, 0x2A, 0x01, 0x2A, 0x01, 0x2A, 0x01, 0x2A, 0x09,
    0x4A, 0x19, 0xE9, 0x39, 0x31, 0xB5, 0xF3, 0xF6, 0x12, 0xF7, 0x6F, 0xEE, 0xEF, 0xE5, 0xAF, 0xAC,
    0x88, 0x39, 0x28, 0x19, 0x29, 0x09, 0x0A, 0x01, 0x0A, 0x01, 0x09, 0x01, 0x09, 0x01, 0x09, 0x01,
    0x09, 0x01, 0x09, 0x01, 0xE9, 0x00, 0xE9, 0x00, 0xE9, 0x00, 0xE9, 0x00, 0xE9, 0x00, 0xE9, 0x00,
    0xE9, 0x00, 0xE9, 0x00, 0xE9, 0x00, 0xE8, 0x00, 0xE8, 0x00, 0xE8, 0x00, 0xC8, 0x00, 0xE8, 0x00,
    0xE8, 0x00, 0xE8, 0x00, 0xE8, 0x00, 0x87, 0x00, 0x8D, 0x3A, 0x93, 0x7C, 0xE8, 0x08, 0xC8, 0x00,
    0xE8, 0x00, 0xC8, 0x00, 0xC8, 0x00, 0xC8, 0x00, 0xC8, 0x00, 0xC8, 0x00, 0xC8, 0x00, 0xC8, 0x00,
    0xC8, 0x00, 0xA8, 0x00, 0xA8, 0x00, 0xA8, 0x00, 0xA8, 0x00, 0xA8, 0x00, 0xA8, 0x00, 0xA7, 0x00,
    0xA7, 0x00, 0xA7, 0x00, 0xA7, 0x00, 0xA7, 0x00, 0xA7, 0x00, 0xA7, 0x00, 0xA7, 0x00, 0xA7, 0x00,
    0xA7, 0x00, 0xA7, 0x00, 0xA7, 0x00, 0xA7, 0x00, 0xA8, 0x00, 0xA8, 0x00, 0xA7, 0x00, 0xA7, 0x00,
    0x87, 0x00, 0xA7, 0x00, 0xA7, 0x00, 0xA7, 0x00, 0xA7, 0x00, 0xA7, 0x00, 0xA7, 0x00, 0xA7, 0x00,
    0xA7, 0x00, 0xA7, 0x00, 0xA7, 0x00, 0xA7, 0x00, 0xA7, 0x00, 0xA7, 0x00, 0xA7, 0x00, 0xA7, 0x00,
    0xA7, 0x00, 0xA7, 0x00, 0xA7, 0x00, 0x87, 0x00, 0x87, 0x00, 0x87, 0x00, 0x87, 0x00, 0x86, 0x00,
    0x31, 0x43, 0x31, 0x4B, 0x51, 0x4B, 0x71, 0x53, 0x71, 0x53, 0x92, 0x5B, 0xD2, 0x63, 0xD2, 0x63,
    0xD2, 0x63, 0x92, 0x5B, 0x51, 0x53, 0x10, 0x4B, 0xEF, 0x42, 0xCF, 0x42, 0xCF, 0x42, 0xCF, 0x42,
    0xCE, 0x42, 0xCE, 0x42, 0xAE, 0x3A, 0xAF, 0x3A, 0x8F, 0x32, 0xAF, 0x3A, 0xF0, 0x42, 0x31, 0x4B,
    0x10, 0x4B, 0x30, 0x4B, 0x30, 0x4B, 0x30, 0x53, 0x30, 0x53, 0x50, 0x5B, 0x71, 0x5B, 0x91, 0x63,
    0x91, 0x63, 0xB1, 0x6B, 0xB1, 0x6B, 0xD1, 0x73, 0xF1, 0x73, 0x12, 0x7C, 0x32, 0x7C, 0x33, 0x84,
    0x33, 0x84, 0x53, 0x84, 0x74, 0x7C, 0x95, 0x84, 0x75, 0x7C, 0x34, 0x74, 0x33, 0x74, 0x54, 0x74,
    0x75, 0x7C, 0x76, 0x7C, 0x76, 0x74, 0x55, 0x6C, 0x35, 0x6C, 0x35, 0x64, 0x35, 0x64, 0x8F, 0x32,
    0xA8, 0x00, 0xC8, 0x00, 0xC8, 0x00, 0xC8, 0x00, 0xC8, 0x00, 0xC8, 0x00, 0xC8, 0x00, 0xC8, 0x00,
    0xC8, 0x00, 0xC8, 0x00, 0xC8, 0x00, 0xC8, 0x00, 0xC8, 0x00, 0xE8, 0x00, 0xE8, 0x00, 0xE8, 0x00,
    0xE8, 0x00, 0xE9, 0x00, 0xE9, 0x00, 0xE9, 0x00, 0xE9, 0x00, 0xE9, 0x00, 0xE9, 0x00, 0xE9, 0x00,
    0x09, 0x01, 0x09, 0x01, 0x09, 0x01, 0x09, 0x01, 0x09, 0x01, 0x0A, 0x01, 0x0A, 0x01, 0x0A, 0x01,
    0x0A, 0x01, 0x0A, 0x01, 0x29, 0x01, 0x0A, 0x01, 0x2A, 0x01, 0x2A, 0x01, 0x0A, 0x01, 0x0A, 0x01,
    0x0A, 0x01, 0x2A, 0x01, 0x2A, 0x01, 0x2A, 0x01, 0x2A, 0x01, 0x2A, 0x01, 0x2A, 0x01, 0x2A, 0x01,
    0x2A, 0x01, 0x2A, 0x01, 0x2A, 0x09, 0x4A, 0x09, 0x4A, 0x09, 0x2A, 0x09, 0x2A, 0x01, 0x4B, 0x01,
    0x4B, 0x01, 0x4B, 0x01, 0x4B, 0x01, 0x4B, 0x01, 0x4B, 0x01, 0x4B, 0x01, 0x4B, 0x01, 0x4B, 0x01,
    0x4B, 0x01, 0x4B, 0x01, 0x4B, 0x01, 0x2B, 0x01, 0x2B, 0x01, 0x2B, 0x01, 0x4B, 0x01, 0x4B, 0x01,
    0x4B, 0x01, 0x4B, 0x01, 0x4B, 0x01, 0x4B, 0x01, 0x4B, 0x01, 0x4B, 0x01, 0x4B, 0x01, 0x4B, 0x01,
    0x4B, 0x01, 0x4B, 0x01, 0x4B, 0x01, 0x4B, 0x01, 0x4B, 0x01, 0x4B, 0x01, 0x4B, 0x01, 0x4B, 0x01,
    0x4B, 0x01, 0x4B, 0x01, 0x4B, 0x01, 0x4B, 0x01, 0x4B, 0x01, 0x4B, 0x01, 0x4B, 0x01, 0x4B, 0x01,
    0x4B, 0x01, 0x4B, 0x01, 0x4C, 0x01, 0x2B, 0x01, 0x49, 0x19, 0xE8, 0x61, 0xA7, 0x71, 0xC6, 0x71,
    0x28, 0x7A, 0xC9, 0x49, 0x09, 0x01, 0x4B, 0x01, 0x4B, 0x01, 0x4B, 0x01, 0x4B, 0x01, 0x6B, 0x01,
    0x6B, 0x01, 0x4B, 0x01, 0x4B, 0x01, 0x4B, 0x01, 0x4B, 0x01, 0x4B, 0x01, 0x4B, 0x01, 0x4B, 0x01,
    0x4B, 0x01, 0x4B, 0x01, 0x4B, 0x01, 0x4B, 0x01, 0x4B, 0x01, 0x4B, 0x01, 0x4B, 0x01, 0x4B, 0x01,
    0x4B, 0x01, 0x4B, 0x01, 0x4B, 0x01, 0x4B, 0x01, 0x4B, 0x01, 0x4B, 0x01, 0x4A, 0x01, 0x4A, 0x01,
    0x4B, 0x01, 0x4B, 0x01, 0x4B, 0x01, 0x4B, 0x01, 0x4B, 0x01, 0x4B, 0x01, 0x2B, 0x01, 0x2B, 0x01,
    0x2B, 0x01, 0x2A, 0x01, 0x2A, 0x01, 0x2A, 0x01, 0x2B, 0x01, 0x2B, 0x01, 0x2B, 0x01, 0x2B, 0x01,
    0x2B, 0x01, 0x2B, 0x01, 0x2A, 0x01, 0x2A, 0x01, 0x2A, 0x01, 0x0A, 0x01, 0x2A, 0x01, 0x2A, 0x01,
    0x2A, 0x01, 0x2A, 0x01, 0x2A, 0x01, 0x2A, 0x01, 0x2A, 0x01, 0x2A, 0x01, 0x2A, 0x01, 0x4A, 0x11,
    0x4A, 0x19, 0xC9, 0x39, 0x70, 0xA4, 0x32, 0xDE, 0x6F, 0xEE, 0xED, 0xE5, 0x4D, 0xCD, 0xCD, 0x8B,
    0x68, 0x31, 0x29, 0x11, 0x29, 0x09, 0x2A, 0x01, 0x0A, 0x01, 0x0A, 0x01, 0x09, 0x01, 0x0A, 0x01,
    0x09, 0x01, 0x09, 0x01, 0x09, 0x01, 0xE9, 0x00, 0xE9, 0x00, 0xE9, 0x00, 0xE9, 0x00, 0xE9, 0x00,
    0xE9, 0x00, 0xE9, 0x00, 0xE9, 0x00, 0xE9, 0x00, 0xE9, 0x00, 0xE9, 0x00, 0xE8, 0x00, 0xE8, 0x00,
    0xE8, 0x00, 0xE8, 0x00, 0xE8, 0x00, 0xA8, 0x00, 0xAA, 0x19, 0xCD, 0x42, 0xE8, 0x00, 0xC8, 0x00,
    0xE8, 0x00, 0xC8, 0x00, 0xC8, 0x00, 0xC8, 0x00, 0xC8, 0x00, 0xC8, 0x00, 0xC8, 0x00, 0xC8, 0x00,
    0xC8, 0x00, 0xC8, 0x00, 0xC8, 0x00, 0xC8, 0x00, 0xA8, 0x00, 0xA8, 0x00, 0xA8, 0x00, 0xA8, 0x00,
    0xC7, 0x00, 0xC7, 0x00, 0xC7, 0x00, 0xC7, 0x00, 0xC7, 0x00, 0xA7, 0x00, 0xA7, 0x00, 0xA7, 0x00,
    0xA7, 0x00, 0xA7, 0x00, 0xA7, 0x00, 0xA7, 0x00, 0x66, 0x00, 0x86, 0x00, 0xA7, 0x00, 0xA7, 0x00,
    0xA7, 0x00, 0x87, 0x00, 0x87, 0x00, 0xA7, 0x00, 0xA7, 0x00, 0xA7, 0x00, 0xA7, 0x00, 0xA7, 0x00,
    0xA7, 0x00, 0xA7, 0x00, 0xA7, 0x00, 0x87, 0x00, 0x87, 0x00, 0x87, 0x00, 0x87, 0x00, 0x87, 0x00,
    0x87, 0x00, 0x87, 0x00, 0xA7, 0x00, 0xA7, 0x00, 0xA7, 0x00, 0xA7, 0x00, 0xA7, 0x00, 0xA7, 0x00,
    0x10, 0x4B, 0x31, 0x4B, 0x31, 0x53, 0x51, 0x53, 0x71, 0x53, 0x71, 0x5B, 0xB2, 0x5B, 0xB2, 0x63,
    0xB2, 0x63, 0x92, 0x63, 0x50, 0x53, 0x0F, 0x4B, 0xEF, 0x4A, 0xEF, 0x4A, 0xCF, 0x4A, 0xEE, 0x4A,
    0xCE, 0x4A, 0xCE, 0x42, 0xAE, 0x42, 0x8E, 0x3A, 0x8E, 0x32, 0xAF, 0x3A, 0xF0, 0x42, 0x31, 0x4B,
    0x10, 0x4B, 0x30, 0x4B, 0x30, 0x53, 0x30, 0x53, 0x30, 0x53, 0x50, 0x5B, 0x71, 0x5B, 0x91, 0x63,
    0x91, 0x63, 0xB1, 0x6B, 0xB1, 0x6B, 0xB1, 0x73, 0xD1, 0x73, 0xF2, 0x7B, 0x12, 0x7C, 0x33, 0x84,
    0x33, 0x84, 0x53, 0x84, 0x74, 0x7C, 0x95, 0x7C, 0x55, 0x7C, 0x34, 0x74, 0x34, 0x6C, 0x34, 0x74,
    0x34, 0x6C, 0x34, 0x6C, 0x34, 0x74, 0x34, 0x6C, 0x14, 0x6C, 0x15, 0x6C, 0x35, 0x6C, 0x52, 0x4B,
    0x8B, 0x19, 0xA8, 0x00, 0xA8, 0x00, 0xC8, 0x00, 0xC9, 0x00, 0xC9, 0x00, 0xC8, 0x00, 0xC8, 0x00,
    0xC8, 0x00, 0xC8, 0x00, 0xC8, 0x00, 0xC8, 0x00, 0xE8, 0x00, 0xE8, 0x00, 0xE9, 0x00, 0xE9, 0x00,
    0xE9, 0x00, 0xE9, 0x00, 0xE9, 0x00, 0xE9, 0x00, 0xE9, 0x00, 0xE9, 0x00, 0xE9, 0x00, 0xE9, 0x00,
    0x09, 0x01, 0x09, 0x01, 0x09, 0x01, 0x09, 0x01, 0x09, 0x01, 0x0A, 0x01, 0x0A, 0x01, 0x0A, 0x01,
    0x0A, 0x01, 0x0A, 0x01, 0x0A, 0x01, 0x0A, 0x01, 0x2A, 0x01, 0x2A, 0x01, 0x0A, 0x01, 0x2A, 0x01,
    0x2A, 0x01, 0x2A, 0x01, 0x2A, 0x01, 0x2A, 0x01, 0x2A, 0x01, 0x2A, 0x01, 0x2A, 0x01, 0x4A, 0x01,
    0x4A, 0x01, 0x4B, 0x09, 0x6A, 0x11, 0x29, 0x11, 0x4A, 0x11, 0x4B, 0x11, 0x4B, 0x09, 0x4B, 0x01,
    0x4B, 0x01, 0x4B, 0x01, 0x4B, 0x01, 0x4B, 0x01, 0x4B, 0x01, 0x4B, 0x01, 0x4B, 0x01, 0x4B, 0x01,
    0x4B, 0x01, 0x4B, 0x01, 0x4B, 0x01, 0x4B, 0x01, 0x4B, 0x01, 0x2A, 0x01, 0x0A, 0x01, 0xEA, 0x00,
    0x0A, 0x01, 0x2B, 0x01, 0x6B, 0x01, 0x4B, 0x01, 0x4B, 0x01, 0x4B, 0x01, 0x4B, 0x01, 0x4B, 0x01,
    0x4B, 0x01, 0x4B, 0x01, 0x4B, 0x01, 0x4B, 0x01, 0x4B, 0x01, 0x4B, 0x01, 0x4B, 0x01, 0x4B, 0x01,
    0x6B, 0x01, 0x4B, 0x01, 0x4B, 0x01, 0x4B, 0x01, 0x4C, 0x01, 0x6C, 0x01, 0x4B, 0x01, 0x6B, 0x01,
    0x6B, 0x01, 0x4C, 0x01, 0x4C, 0x01, 0x2B, 0x01, 0x6A, 0x29, 0xA7, 0x61, 0xA6, 0x71, 0x08, 0x7A,
    0x49, 0x7A, 0xE7, 0x28, 0x2A, 0x01, 0x6B, 0x01, 0x6B, 0x01, 0x6B, 0x01, 0x6B, 0x01, 0x6B, 0x01,
    0x6B, 0x01, 0x6B, 0x01, 0x4B, 0x01, 0x4B, 0x01, 0x4B, 0x01, 0x4B, 0x01, 0x4B, 0x01, 0x4B, 0x01,
    0x4B, 0x01, 0x4B, 0x01, 0x4B, 0x01, 0x4B, 0x01, 0x4B, 0x01, 0x4B, 0x01, 0x4B, 0x01, 0x4B, 0x01,
    0x4B, 0x01, 0x4B, 0x01, 0x4B, 0x01, 0x4B, 0x01, 0x4B, 0x01, 0x6B, 0x01, 0x6B, 0x01, 0x4A, 0x01,
    0x0A, 0x01, 0x0A, 0x01, 0x2A, 0x01, 0x4B, 0x01, 0x4B, 0x01, 0x4B, 0x01, 0x4B, 0x01, 0x2B, 0x01,
    0x2B, 0x01, 0x4A, 0x01, 0x4A, 0x01, 0x4A, 0x01, 0x2B, 0x01, 0x4B, 0x01, 0x4B, 0x01, 0x4B, 0x01,
    0x4B, 0x01, 0x4B, 0x01, 0x4A, 0x01, 0x2A, 0x01, 0x2A, 0x01, 0x2A, 0x01, 0x2A, 0x01, 0x2A, 0x01,
    0x2A, 0x01, 0x2A, 0x01, 0x2A, 0x01, 0x2A, 0x01, 0x2A, 0x01, 0x2A, 0x01, 0x2A, 0x01, 0x4A, 0x11,
    0x4A, 0x19, 0x6A, 0x31, 0x48, 0x31, 0x27, 0x5A, 0xCF, 0xDD, 0xAF, 0xD5, 0x07, 0x5A, 0x47, 0x31,
    0x49, 0x21, 0x29, 0x11, 0x09, 0x09, 0x2A, 0x01, 0x0A, 0x01, 0x0A, 0x01, 0x0A, 0x01, 0x0A, 0x01,
    0x09, 0x01, 0x09, 0x01, 0x09, 0x01, 0x09, 0x01, 0xE9, 0x00, 0xE9, 0x00, 0xE9, 0x00, 0xE9, 0x00,
    0xE9, 0x00, 0xE9, 0x00, 0x09, 0x01, 0x09, 0x01, 0xE9, 0x00, 0xE9, 0x00, 0xE9, 0x00, 0xE8, 0x00,
    0xE8, 0x00, 0xE8, 0x00, 0xE8, 0x00, 0xE8, 0x00, 0xC8, 0x00, 0xA7, 0x00, 0xC8, 0x00, 0xE8, 0x00,
    0xE8, 0x00, 0xC8, 0x00, 0xC8, 0x00, 0xC8, 0x00, 0xC8, 0x00, 0xC8, 0x00, 0xC8, 0x00, 0xC8, 0x00,
    0xC8, 0x00, 0xC8, 0x00, 0xC8, 0x00, 0xC8, 0x00, 0xC8, 0x00, 0xC8, 0x00, 0xC8, 0x00, 0xC8, 0x00,
    0xC7, 0x00, 0xC7, 0x00, 0xC7, 0x00, 0xC7, 0x00, 0xC7, 0x00, 0xC7, 0x00, 0xC7, 0x00, 0xA7, 0x00,
    0xA7, 0x00, 0xC8, 0x00, 0xA7, 0x00, 0xE7, 0x08, 0x2F, 0x53, 0x89, 0x19, 0x86, 0x00, 0xA7, 0x00,
    0xA7, 0x00, 0xC8, 0x00, 0xA7, 0x00, 0x87, 0x00, 0xA7, 0x00, 0xA7, 0x00, 0xA7, 0x00, 0xA7, 0x00,
    0xA7, 0x00, 0xA7, 0x00, 0xA7, 0x00, 0xA7, 0x00, 0xA7, 0x00, 0xA7, 0x00, 0xA7, 0x00, 0xA7, 0x00,
    0x87, 0x00, 0x87, 0x00, 0xA7, 0x00, 0xA7, 0x00, 0xA7, 0x00, 0xA7, 0x00, 0xA7, 0x00, 0xA7, 0x00,
    0x10, 0x4B, 0x30, 0x4B, 0x30, 0x53, 0x50, 0x53, 0x50, 0x53, 0x71, 0x5B, 0x91, 0x5B, 0xB1, 0x63,
    0xB2, 0x63, 0xB2, 0x63, 0x91, 0x5B, 0x2F, 0x53, 0xEE, 0x4A, 0xEE, 0x52, 0xEF, 0x52, 0xEE, 0x52,
    0xEF, 0x52, 0xCE, 0x4A, 0xAE, 0x42, 0x8E, 0x3A, 0x8E, 0x3A, 0xAF, 0x3A, 0xF0, 0x42, 0x10, 0x4B,
    0x10, 0x4B, 0x30, 0x53, 0x30, 0x53, 0x30, 0x53, 0x50, 0x53, 0x50, 0x5B, 0x70, 0x5B, 0x91, 0x63,
    0x91, 0x63, 0xB1, 0x6B, 0xB1, 0x6B, 0xD1, 0x73, 0xD1, 0x73, 0xF2, 0x7B, 0x11, 0x7C, 0x12, 0x84,
    0x33, 0x84, 0x53, 0x84, 0x74, 0x84, 0x74, 0x7C, 0x34, 0x74, 0x14, 0x6C, 0xF3, 0x63, 0x13, 0x64,
    0xF3, 0x63, 0xF3, 0x63, 0xF3, 0x6B, 0xF3, 0x6B, 0xF3, 0x63, 0x13, 0x6C, 0x14, 0x6C, 0x34, 0x6C,
    0xB2, 0x5B, 0xEC, 0x21, 0x29, 0x09, 0x09, 0x01, 0xA8, 0x00, 0xC8, 0x00, 0xC8, 0x00, 0xC8, 0x00,
    0xE8, 0x00, 0xC8, 0x00, 0xE8, 0x00, 0xC8, 0x00, 0xE8, 0x00, 0xE9, 0x00, 0xE9, 0x00, 0xE9, 0x00,
    0xE9, 0x00, 0xE9, 0x00, 0xE9, 0x00, 0x09, 0x01, 0x09, 0x01, 0x09, 0x01, 0x09, 0x01, 0x09, 0x01,
    0x09, 0x01, 0x09, 0x01, 0x09, 0x01, 0x0A, 0x01, 0x0A, 0x01, 0x0A, 0x01, 0x0A, 0x01, 0x0A, 0x01,
    0x0A, 0x01, 0x0A, 0x01, 0x2A, 0x01, 0x2A, 0x01, 0x2A, 0x01, 0x2A, 0x01, 0x2A, 0x01, 0x2A, 0x01,
    0x2A, 0x01, 0x2A, 0x01, 0x2A, 0x01, 0x2A, 0x01, 0x2A, 0x01, 0x4A, 0x01, 0x4B, 0x01, 0x4B, 0x01,
    0x6B, 0x11, 0x8B, 0x19, 0x8A, 0x21, 0x4B, 0x4A, 0xCA, 0x31, 0x8B, 0x21, 0x8B, 0x11, 0x6B, 0x09,
    0x4B, 0x01, 0x6B, 0x01, 0x4B, 0x01, 0x4B, 0x01, 0x4B, 0x01, 0x4B, 0x01, 0x4B, 0x01, 0x6B, 0x01,
    0x6C, 0x01, 0x4B, 0x01, 0x2A, 0x01, 0x09, 0x01, 0x09, 0x01, 0x6A, 0x19, 0x0C, 0x32, 0x8E, 0x42,
    0x2D, 0x3A, 0x6A, 0x19, 0xE9, 0x00, 0x0A, 0x01, 0x6C, 0x01, 0x6C, 0x01, 0x6B, 0x01, 0x6B, 0x01,
    0x6C, 0x01, 0x4B, 0x01, 0x4B, 0x01, 0x4B, 0x01, 0x4B, 0x01, 0x4B, 0x01, 0x6B, 0x01, 0x6B, 0x01,
    0x6B, 0x01, 0x6C, 0x01, 0x4B, 0x01, 0x6C, 0x01, 0x6C, 0x01, 0x4C, 0x01, 0x6C, 0x01, 0x6C, 0x01,
    0x6C, 0x01, 0x6C, 0x01, 0x6D, 0x01, 0x6C, 0x01, 0x8A, 0x29, 0x87, 0x59, 0xC7, 0x71, 0x08, 0x7A,
    0xAB, 0x82, 0x48, 0x31, 0x2A, 0x01, 0xAD, 0x01, 0x6C, 0x01, 0x8C, 0x01, 0x8C, 0x01, 0x6B, 0x01,
    0x6C, 0x01, 0x6C, 0x01, 0x6B, 0x01, 0x6C, 0x01, 0x6C, 0x01, 0x6B, 0x01, 0x6B, 0x01, 0x6B, 0x01,
    0x6B, 0x01, 0x6B, 0x01, 0x6C, 0x01, 0x6B, 0x01, 0x4B, 0x01, 0x4B, 0x01, 0x6B, 0x01, 0x6B, 0x01,
    0x6B, 0x01, 0x4B, 0x01, 0x4B, 0x01, 0x6B, 0x01, 0x8B, 0x01, 0x09, 0x01, 0xC8, 0x00, 0x29, 0x11,
    0xEB, 0x29, 0x2C, 0x32, 0xAB, 0x21, 0x29, 0x09, 0xE9, 0x00, 0x0A, 0x01, 0x4B, 0x01, 0x6B, 0x01,
    0x6B, 0x01, 0x4B, 0x01, 0x4B, 0x01, 0x2B, 0x01, 0x4B, 0x01, 0x4B, 0x01, 0x4B, 0x01, 0x4B, 0x01,
    0x4B, 0x01, 0x4B, 0x01, 0x4B, 0x01, 0x4A, 0x01, 0x4A, 0x01, 0x2A, 0x01, 0x2A, 0x01, 0x2A, 0x01,
    0x2A, 0x01, 0x2A, 0x01, 0x2B, 0x01, 0x2B, 0x01, 0x2A, 0x01, 0x2A, 0x01, 0x2A, 0x01, 0x2A, 0x09,
    0x4A, 0x19, 0x6A, 0x21, 0xAB, 0x39, 0x68, 0x39, 0x51, 0xBD, 0xCF, 0xB4, 0x47, 0x31, 0x8A, 0x31,
    0x4A, 0x19, 0x29, 0x11, 0x29, 0x09, 0x2A, 0x01, 0x0A, 0x01, 0x0A, 0x01, 0x0A, 0x01, 0x0A, 0x01,
    0x09, 0x01, 0x09, 0x01, 0x09, 0x01, 0x09, 0x01, 0x09, 0x01, 0x09, 0x01, 0x09, 0x01, 0x09, 0x01,
    0x09, 0x01, 0xE9, 0x00, 0xE9, 0x00, 0xE9, 0x00, 0xE9, 0x00, 0xE9, 0x00, 0xE9, 0x00, 0xE8, 0x00,
    0xE8, 0x00, 0xE8, 0x00, 0xE8, 0x00, 0xE8, 0x00, 0xE9, 0x00, 0xE9, 0x00, 0xE8, 0x00, 0xE8, 0x00,
    0xE8, 0x00, 0xC8, 0x00, 0xC8, 0x00, 0xE8, 0x00, 0xC8, 0x00, 0xC8, 0x00, 0xC8, 0x00, 0xE8, 0x00,
    0xC8, 0x00, 0xC8, 0x00, 0xC8, 0x00, 0xC8, 0x00, 0xC8, 0x00, 0xC8, 0x00, 0xC8, 0x00, 0xC8, 0x00,
    0xC7, 0x00, 0xC7, 0x00, 0xC7, 0x00, 0xC7, 0x00, 0xC7, 0x00, 0xA8, 0x00, 0xA8, 0x00, 0xA8, 0x00,
    0xA8, 0x00, 0xA8, 0x00, 0xA7, 0x00, 0xE7, 0x00, 0x50, 0x53, 0xAA, 0x19, 0x87, 0x00, 0xA7, 0x00,
    0xC7, 0x00, 0x2D, 0x2A, 0x29, 0x09, 0x87, 0x00, 0xA7, 0x00, 0xA7, 0x00, 0xA7, 0x00, 0xA7, 0x00,
    0xA7, 0x00, 0xA7, 0x00, 0xA7, 0x00, 0xA7, 0x00, 0xA7, 0x00, 0xA7, 0x00, 0xA7, 0x00, 0x87, 0x00,
    0xA7, 0x00, 0xA7, 0x00, 0xA7, 0x00, 0x87, 0x00, 0x87, 0x00, 0x87, 0x00, 0x87, 0x00, 0x87, 0x00,
    0x10, 0x4B, 0x30, 0x4B, 0x30, 0x4B, 0x30, 0x53, 0x50, 0x53, 0x50, 0x5B, 0x71, 0x5B, 0x91, 0x63,
    0xB1, 0x63, 0xB1, 0x63, 0x91, 0x63, 0x50, 0x5B, 0x0F, 0x53, 0x0F, 0x53, 0x0F, 0x5B, 0x0F, 0x5B,
    0x0F, 0x5B, 0xCE, 0x52, 0xAE, 0x4A, 0xAE, 0x42, 0xAE, 0x3A, 0xCF, 0x42, 0x10, 0x43, 0x10, 0x4B,
    0x30, 0x4B, 0x30, 0x53, 0x30, 0x53, 0x30, 0x53, 0x50, 0x5B, 0x70, 0x5B, 0x71, 0x5B, 0x91, 0x63,
    0x91, 0x63, 0xB1, 0x6B, 0xB1, 0x6B, 0xD1, 0x73, 0xF1, 0x7B, 0xF2, 0x7B, 0x11, 0x7C, 0x12, 0x84,
    0x32, 0x84, 0x53, 0x84, 0x73, 0x7C, 0x33, 0x74, 0xF3, 0x6B, 0xD3, 0x63, 0xD3, 0x63, 0xD3, 0x63,
    0xD2, 0x63, 0xD2, 0x63, 0xD2, 0x6B, 0xF2, 0x6B, 0xF3, 0x6B, 0x13, 0x6C, 0x13, 0x6C, 0x13, 0x6C,
    0x33, 0x6C, 0xD2, 0x63, 0x51, 0x53, 0x10, 0x4B, 0x2D, 0x2A, 0x09, 0x09, 0xA8, 0x00, 0xC8, 0x00,
    0xE8, 0x00, 0xE8, 0x00, 0xE8, 0x00, 0xE8, 0x00, 0xE9, 0x00, 0xE9, 0x00, 0xE9, 0x00, 0xE9, 0x00,
    0xE9, 0x00, 0xE9, 0x00, 0xE9, 0x00, 0x09, 0x01, 0x09, 0x01, 0x09, 0x01, 0x09, 0x01, 0x09, 0x01,
    0x09, 0x01, 0x0A, 0x01, 0x0A, 0x01, 0x0A, 0x01, 0x0A, 0x01, 0x0A, 0x01, 0x0A, 0x01, 0x0A, 0x01,
    0x0A, 0x01, 0x2A, 0x01, 0x2A, 0x01, 0x2A, 0x01, 0x2A, 0x01, 0x2A, 0x01, 0x2A, 0x01, 0x2B, 0x01,
    0x2B, 0x01, 0x2B, 0x01, 0x2B, 0x01, 0x4B, 0x01, 0x4A, 0x01, 0x4A, 0x01, 0x4B, 0x01, 0x4B, 0x01,
    0x6B, 0x11, 0x49, 0x19, 0xA7, 0x39, 0xD5, 0xCD, 0xCA, 0x62, 0x48, 0x19, 0xAB, 0x19, 0x6B, 0x09,
    0x4B, 0x01, 0x4B, 0x01, 0x4B, 0x01, 0x4B, 0x01, 0x2B, 0x01, 0x4B, 0x01, 0x4B, 0x01, 0x2A, 0x01,
    0xA9, 0x00, 0xA8, 0x00, 0xAA, 0x21, 0xCE, 0x52, 0x74, 0x94, 0x77, 0xC5, 0xB7, 0xCD, 0xD7, 0xD5,
    0xB7, 0xD5, 0x56, 0xC5, 0x32, 0x94, 0x4C, 0x42, 0xA8, 0x00, 0x0A, 0x01, 0x6C, 0x01, 0x4B, 0x01,
    0x4B, 0x01, 0x6B, 0x01, 0x6B, 0x01, 0x6C, 0x01, 0x6B, 0x01, 0x6B, 0x01, 0x6B, 0x01, 0x6B, 0x01,
    0x6B, 0x01, 0x4C, 0x01, 0x4B, 0x01, 0x6B, 0x01, 0x6C, 0x01, 0x4C, 0x01, 0x4B, 0x01, 0x2B, 0x01,
    0x2B, 0x01, 0xEA, 0x00, 0xCA, 0x00, 0xCA, 0x00, 0xA7, 0x08, 0x06, 0x41, 0x04, 0x51, 0x24, 0x59,
    0x28, 0x72, 0xA9, 0x41, 0x46, 0x00, 0xCA, 0x00, 0xCA, 0x00, 0xEA, 0x00, 0x0B, 0x01, 0x2B, 0x01,
    0x4B, 0x01, 0x4C, 0x01, 0x6C, 0x01, 0x6C, 0x01, 0x6C, 0x01, 0x6C, 0x01, 0x4C, 0x01, 0x6C, 0x01,
    0x4B, 0x01, 0x6B, 0x01, 0x6B, 0x01, 0x6B, 0x01, 0x6B, 0x01, 0x6B, 0x01, 0x6B, 0x01, 0x6B, 0x01,
    0x6B, 0x01, 0x4B, 0x01, 0x4B, 0x01, 0xE9, 0x00, 0xA7, 0x00, 0xCA, 0x31, 0xB0, 0x7B, 0x36, 0xBD,
    0xF7, 0xD5, 0x18, 0xDE, 0xD8, 0xD5, 0x77, 0xBD, 0xD1, 0x7B, 0x4C, 0x3A, 0x2A, 0x11, 0xA9, 0x00,
    0xEA, 0x00, 0x2B, 0x01, 0x2B, 0x01, 0x2B, 0x01, 0x2B, 0x01, 0x4B, 0x01, 0x4B, 0x01, 0x4B, 0x01,
    0x4B, 0x01, 0x4B, 0x01, 0x4B, 0x01, 0x4B, 0x01, 0x4B, 0x01, 0x4B, 0x01, 0x4B, 0x01, 0x2A, 0x01,
    0x2A, 0x01, 0x2B, 0x01, 0x2B, 0x01, 0x2B, 0x01, 0x2B, 0x01, 0x2A, 0x01, 0x2A, 0x01, 0x2A, 0x09,
    0x2A, 0x11, 0x49, 0x19, 0x6A, 0x21, 0x8A, 0x29, 0x6A, 0x52, 0x2A, 0x4A, 0x69, 0x29, 0x6A, 0x21,
    0x4A, 0x11, 0x2A, 0x09, 0x29, 0x01, 0x2A, 0x01, 0x2A, 0x01, 0x0A, 0x01, 0x0A, 0x01, 0x0A, 0x01,
    0x0A, 0x01, 0x09, 0x01, 0x09, 0x01, 0x09, 0x01, 0x09, 0x01, 0x09, 0x01, 0x09, 0x01, 0x09, 0x01,
    0x09, 0x01, 0xE9, 0x00, 0xE9, 0x00, 0xE9, 0x00, 0xE9, 0x00, 0xE9, 0x00, 0xE9, 0x00, 0xE9, 0x00,
    0xE9, 0x00, 0xE9, 0x00, 0xE8, 0x00, 0xE8, 0x00, 0xE9, 0x00, 0xE9, 0x00, 0xE9, 0x00, 0xE9, 0x00,
    0xE9, 0x00, 0xC8, 0x00, 0xC8, 0x00, 0xE8, 0x00, 0xE8, 0x00, 0xC8, 0x00, 0xC8, 0x00, 0xC8, 0x00,
    0xC8, 0x00, 0xC8, 0x00, 0xC8, 0x00, 0xC8, 0x00, 0xC8, 0x00, 0xC8, 0x00, 0xC8, 0x00, 0xC8, 0x00,
    0xC8, 0x00, 0xC8, 0x00, 0xC8, 0x00, 0xC8, 0x00, 0xC7, 0x00, 0xA8, 0x00, 0xA8, 0x00, 0xA8, 0x00,
    0xA8, 0x00, 0xA8, 0x00, 0xA7, 0x00, 0xA7, 0x00, 0x86, 0x00, 0xA6, 0x00, 0xA7, 0x00, 0xA7, 0x00,
    0xC7, 0x00, 0x29, 0x09, 0xC8, 0x00, 0xA7, 0x00, 0xA7, 0x00, 0xA7, 0x00, 0xA7, 0x00, 0xA7, 0x00,
    0xA7, 0x00, 0xA7, 0x00, 0xA7, 0x00, 0xA7, 0x00, 0xA7, 0x00, 0xA7, 0x00, 0xA7, 0x00, 0x87, 0x00,
    0x87, 0x00, 0xA7, 0x00, 0xA7, 0x00, 0x87, 0x00, 0x87, 0x00, 0x87, 0x00, 0x87, 0x00, 0x87, 0x00,
    0xF0, 0x42, 0x10, 0x4B, 0x30, 0x4B, 0x30, 0x53, 0x30, 0x53, 0x50, 0x53, 0x70, 0x5B, 0x91, 0x63,
    0x91, 0x63, 0x91, 0x63, 0x91, 0x63, 0x50, 0x63, 0x2F, 0x5B, 0x0F, 0x5B, 0x2F, 0x5B, 0x4F, 0x63,
    0x2F, 0x63, 0xEE, 0x5A, 0xCE, 0x52, 0xAE, 0x42, 0xAE, 0x42, 0xCF, 0x42, 0x10, 0x4B, 0x10, 0x4B,
    0x30, 0x53, 0x30, 0x53, 0x30, 0x53, 0x30, 0x53, 0x50, 0x5B, 0x50, 0x5B, 0x71, 0x5B, 0x91, 0x63,
    0x91, 0x63, 0xB1, 0x6B, 0xB1, 0x6B, 0xD1, 0x73, 0xF1, 0x7B, 0x11, 0x7C, 0x11, 0x84, 0x31, 0x8C,
    0x31, 0x94, 0x32, 0x84, 0x33, 0x7C, 0x12, 0x74, 0xD2, 0x6B, 0xB2, 0x63, 0xB2, 0x63, 0xB2, 0x63,
    0xB1, 0x63, 0xB1, 0x63, 0xD2, 0x6B, 0xF2, 0x6B, 0x12, 0x74, 0xF2, 0x73, 0xF3, 0x73, 0xF2, 0x6B,
    0x12, 0x6C, 0x13, 0x74, 0x33, 0x74, 0x54, 0x74, 0x34, 0x74, 0x11, 0x4B, 0x09, 0x09, 0xC8, 0x00,
    0xE9, 0x00, 0xE9, 0x00, 0xE8, 0x00, 0xE9, 0x00, 0xE9, 0x00, 0xE9, 0x00, 0xE9, 0x00, 0xE9, 0x00,
    0xE9, 0x00, 0x09, 0x01, 0x09, 0x01, 0x09, 0x01, 0x09, 0x01, 0x09, 0x01, 0x09, 0x01, 0x09, 0x01,
    0x0A, 0x01, 0x0A, 0x01, 0x0A, 0x01, 0x0A, 0x01, 0x0A, 0x01, 0x0A, 0x01, 0x0A, 0x01, 0x0A, 0x01,
    0x0A, 0x01, 0x2A, 0x01, 0x2A, 0x01, 0x2B, 0x01, 0x2B, 0x01, 0x2B, 0x01, 0x2B, 0x01, 0x2B, 0x01,
    0x4B, 0x01, 0x4B, 0x01, 0x4B, 0x01, 0x4B, 0x01, 0x4B, 0x01, 0x4B, 0x01, 0x4B, 0x01, 0x4B, 0x01,
    0x4A, 0x19, 0x0A, 0x42, 0x2D, 0x9C, 0x8F, 0xD5, 0x6C, 0xA4, 0x8A, 0x52, 0x8A, 0x21, 0x6B, 0x11,
    0x6B, 0x01, 0x6B, 0x01, 0x4B, 0x01, 0x4B, 0x01, 0x2B, 0x01, 0xEA, 0x00, 0xA8, 0x00, 0xE9, 0x08,
    0xEC, 0x41, 0xF2, 0x8B, 0x76, 0xBD, 0xD6, 0xD5, 0xB6, 0xDD, 0x54, 0xD5, 0x13, 0xCD, 0x13, 0xD5,
    0x33, 0xD5, 0x94, 0xDD, 0xD6, 0xE5, 0xF8, 0xDD, 0x53, 0x94, 0x4A, 0x21, 0xC9, 0x00, 0x4B, 0x01,
    0x4C, 0x01, 0x6B, 0x01, 0x6B, 0x01, 0x6B, 0x01, 0x6B, 0x01, 0x6B, 0x01, 0x6B, 0x01, 0x6B, 0x01,
    0x6C, 0x01, 0x6C, 0x01, 0x6C, 0x01, 0x6B, 0x01, 0x2B, 0x01, 0xC9, 0x00, 0xA8, 0x00, 0xC8, 0x00,
    0x09, 0x11, 0xAB, 0x29, 0x4D, 0x42, 0xF0, 0x5A, 0x50, 0x73, 0xB0, 0x93, 0x8E, 0x9B, 0xEE, 0xAB,
    0x50, 0xBC, 0x52, 0xAC, 0x50, 0x7B, 0x30, 0x6B, 0x8E, 0x4A, 0xEC, 0x39, 0x2A, 0x19, 0xC8, 0x08,
    0xC8, 0x00, 0xC9, 0x00, 0xEA, 0x00, 0x2B, 0x01, 0x6C, 0x01, 0x6C, 0x01, 0x4C, 0x01, 0x6C, 0x01,
    0x6C, 0x01, 0x6B, 0x01, 0x6B, 0x01, 0x6B, 0x01, 0x6C, 0x01, 0x6B, 0x01, 0x6B, 0x01, 0x6B, 0x01,
    0x6C, 0x01, 0x4B, 0x01, 0xA8, 0x00, 0x8A, 0x29, 0xD1, 0x8B, 0xB6, 0xD5, 0xF7, 0xE5, 0xB5, 0xE5,
    0xB5, 0xE5, 0xB5, 0xE5, 0xB6, 0xE5, 0x17, 0xEE, 0x58, 0xF6, 0x18, 0xE6, 0x15, 0xBD, 0x50, 0x73,
    0x6A, 0x29, 0x87, 0x00, 0xA9, 0x00, 0x0A, 0x01, 0x4B, 0x01, 0x6B, 0x01, 0x4B, 0x01, 0x4B, 0x01,
    0x4B, 0x01, 0x4B, 0x01, 0x4B, 0x01, 0x4B, 0x01, 0x4B, 0x01, 0x4B, 0x01, 0x4B, 0x01, 0x4B, 0x01,
    0x4B, 0x01, 0x4B, 0x01, 0x2B, 0x01, 0x2B, 0x01, 0x2B, 0x01, 0x2A, 0x01, 0x2A, 0x01, 0x2A, 0x01,
    0x2A, 0x09, 0x2A, 0x11, 0x4A, 0x11, 0x6A, 0x19, 0x49, 0x19, 0x4A, 0x21, 0x6B, 0x21, 0x4A, 0x11,
    0x2A, 0x09, 0x2A, 0x01, 0x29, 0x01, 0x2A, 0x01, 0x2A, 0x01, 0x0A, 0x01, 0x0A, 0x01, 0x0A, 0x01,
    0x0A, 0x01, 0x0A, 0x01, 0x0A, 0x01, 0x0A, 0x01, 0x0A, 0x01, 0x09, 0x01, 0x09, 0x01, 0x09, 0x01,
    0x09, 0x01, 0x09, 0x01, 0x09, 0x01, 0xE9, 0x00, 0xE9, 0x00, 0xE9, 0x00, 0xE9, 0x00, 0xE9, 0x00,
    0xE8, 0x00, 0xE9, 0x00, 0xE9, 0x00, 0xE9, 0x00, 0xE9, 0x00, 0xE9, 0x00, 0xE9, 0x00, 0xE9, 0x00,
    0xE9, 0x00, 0xE9, 0x00, 0xE9, 0x00, 0xE8, 0x00, 0xE8, 0x00, 0xE8, 0x00, 0xC8, 0x00, 0xC8, 0x00,
    0xC8, 0x00, 0xC8, 0x00, 0xC8, 0x00, 0xE8, 0x00, 0xC8, 0x00, 0xC8, 0x00, 0xC8, 0x00, 0xC8, 0x00,
    0xC8, 0x00, 0xC8, 0x00, 0xC8, 0x00, 0xC8, 0x00, 0xC8, 0x00, 0xA8, 0x00, 0xA8, 0x00, 0xA8, 0x00,
    0xA8, 0x00, 0xA8, 0x00, 0xA7, 0x00, 0xA8, 0x00, 0xA8, 0x00, 0xC8, 0x00, 0xA7, 0x00, 0xC8, 0x00,
    0xA7, 0x00, 0xA7, 0x00, 0xA7, 0x00, 0xA8, 0x00, 0xA7, 0x00, 0xA7, 0x00, 0xA7, 0x00, 0xA7, 0x00,
    0xA7, 0x00, 0xA7, 0x00, 0xA7, 0x00, 0xA7, 0x00, 0xA7, 0x00, 0xA7, 0x00, 0xA7, 0x00, 0xA7, 0x00,
    0xA7, 0x00, 0xA7, 0x00, 0xA7, 0x00, 0xA7, 0x00, 0xA7, 0x00, 0xA7, 0x00, 0x87, 0x00, 0x87, 0x00,
    0xEF, 0x42, 0xF0, 0x4A, 0x10, 0x4B, 0x10, 0x53, 0x30, 0x53, 0x50, 0x53, 0x50, 0x5B, 0x70, 0x5B,
    0x70, 0x63, 0x91, 0x63, 0x91, 0x63, 0x50, 0x5B, 0x2F, 0x53, 0x2F, 0x5B, 0x70, 0x63, 0xB1, 0x7B,
    0x10, 0x8C, 0x11, 0x8C, 0xB1, 0x73, 0x50, 0x63, 0x0F, 0x53, 0xF0, 0x4A, 0x10, 0x53, 0x30, 0x53,
    0x30, 0x53, 0x30, 0x53, 0x30, 0x53, 0x30, 0x53, 0x50, 0x5B, 0x50, 0x5B, 0x70, 0x5B, 0x71, 0x63,
    0x91, 0x63, 0x90, 0x6B, 0xB1, 0x6B, 0xD1, 0x73, 0xF1, 0x7B, 0x11, 0x84, 0x11, 0x8C, 0x4F, 0x9C,
    0x73, 0xCD, 0x71, 0x9C, 0x32, 0x84, 0xF2, 0x7B, 0xB2, 0x6B, 0xB1, 0x6B, 0xB1, 0x63, 0xB1, 0x63,
    0xB1, 0x63, 0xB1, 0x63, 0xD1, 0x6B, 0x12, 0x74, 0x12, 0x74, 0xF2, 0x73, 0xF2, 0x73, 0xF2, 0x73,
    0xF1, 0x6B, 0xF2, 0x6B, 0x12, 0x74, 0x53, 0x7C, 0x74, 0x7C, 0x75, 0x7C, 0x8E, 0x3A, 0xC8, 0x00,
    0xE9, 0x00, 0xE9, 0x00, 0xE9, 0x00, 0xE9, 0x00, 0xE9, 0x00, 0xE9, 0x00, 0xE9, 0x00, 0xE9, 0x00,
    0x09, 0x01, 0x09, 0x01, 0x09, 0x01, 0x09, 0x01, 0x0A, 0x01, 0x0A, 0x01, 0x0A, 0x01, 0x0A, 0x01,
    0x0A, 0x01, 0x0A, 0x01, 0x0A, 0x01, 0x0A, 0x01, 0x0A, 0x01, 0x0A, 0x01, 0x2A, 0x01, 0x2A, 0x01,
    0x2A, 0x01, 0x2A, 0x01, 0x2B, 0x01, 0x2B, 0x01, 0x2B, 0x01, 0x2B, 0x01, 0x2B, 0x01, 0x4B, 0x01,
    0x4B, 0x01, 0x4B, 0x01, 0x4B, 0x01, 0x4B, 0x01, 0x4B, 0x01, 0x4B, 0x01, 0x4B, 0x01, 0x4B, 0x09,
    0x4A, 0x19, 0x0C, 0x6B, 0x4F, 0xC5, 0x89, 0xBC, 0xEB, 0xBC, 0x2F, 0x94, 0xCB, 0x31, 0x6B, 0x19,
    0x8C, 0x09, 0x8C, 0x01, 0x4B, 0x01, 0xE9, 0x00, 0xC8, 0x00, 0x8A, 0x21, 0x0F, 0x6B, 0xB4, 0xAC,
    0x97, 0xD5, 0x75, 0xDD, 0x12, 0xD5, 0xD1, 0xD4, 0xB1, 0xD4, 0x2F, 0xC4, 0xAD, 0xB3, 0x8D, 0xAB,
    0x70, 0xC4, 0x33, 0xDD, 0x53, 0xDD, 0x74, 0xDD, 0xF7, 0xED, 0xB8, 0xCD, 0x8D, 0x52, 0xC8, 0x00,
    0x6C, 0x09, 0x8C, 0x01, 0x8B, 0x01, 0x6B, 0x01, 0x6B, 0x01, 0x6B, 0x01, 0x6C, 0x01, 0x8C, 0x01,
    0x6B, 0x01, 0x4B, 0x01, 0xC9, 0x00, 0xE9, 0x08, 0xCB, 0x29, 0xEE, 0x5A, 0x13, 0x8C, 0x94, 0xA4,
    0x36, 0xC5, 0xD7, 0xDD, 0x18, 0xEE, 0x18, 0xEE, 0x38, 0xE6, 0x18, 0xEE, 0x18, 0xF6, 0x17, 0xF6,
    0x17, 0xEE, 0x17, 0xEE, 0x38, 0xF6, 0x38, 0xEE, 0x17, 0xEE, 0xF7, 0xE5, 0xB7, 0xD5, 0x56, 0xC5,
    0x53, 0x9C, 0x70, 0x73, 0x6D, 0x4A, 0x8B, 0x21, 0xE9, 0x00, 0xE9, 0x00, 0x4B, 0x01, 0x8C, 0x01,
    0xAC, 0x01, 0x8C, 0x01, 0x8C, 0x01, 0x6C, 0x01, 0x6C, 0x01, 0x6C, 0x01, 0x6C, 0x01, 0x8B, 0x01,
    0x4A, 0x01, 0x09, 0x01, 0x70, 0x6B, 0xD7, 0xDD, 0xF6, 0xED, 0x94, 0xE5, 0x74, 0xE5, 0x53, 0xE5,
    0x53, 0xED, 0xF1, 0xDC, 0xB1, 0xDC, 0xF2, 0xDC, 0xF2, 0xDC, 0x32, 0xE5, 0x94, 0xE5, 0xF6, 0xED,
    0xB6, 0xD5, 0x93, 0xA4, 0xAD, 0x5A, 0x29, 0x19, 0xA8, 0x00, 0x2A, 0x01, 0x6C, 0x01, 0x6C, 0x01,
    0x4B, 0x01, 0x4B, 0x01, 0x4B, 0x01, 0x4B, 0x01, 0x4B, 0x01, 0x4B, 0x01, 0x4B, 0x01, 0x4B, 0x01,
    0x4B, 0x01, 0x4B, 0x01, 0x4B, 0x01, 0x4B, 0x01, 0x4B, 0x01, 0x2A, 0x01, 0x2A, 0x01, 0x2A, 0x01,
    0x4A, 0x01, 0x2A, 0x09, 0x2A, 0x09, 0x4A, 0x11, 0x4A, 0x11, 0x4B, 0x11, 0x4B, 0x11, 0x4A, 0x09,
    0x2A, 0x01, 0x2A, 0x01, 0x2A, 0x01, 0x2A, 0x01, 0x2A, 0x01, 0x2A, 0x01, 0x0A, 0x01, 0x0A, 0x01,
    0x0A, 0x01, 0x0A, 0x01, 0x0A, 0x01, 0x0A, 0x01, 0x0A, 0x01, 0x0A, 0x01, 0x0A, 0x01, 0x0A, 0x01,
    0x0A, 0x01, 0x0A, 0x01, 0x09, 0x01, 0x09, 0x01, 0x09, 0x01, 0x09, 0x01, 0xE9, 0x00, 0xE8, 0x00,
    0x08, 0x01, 0x08, 0x01, 0xE9, 0x00, 0xE9, 0x00, 0xE9, 0x00, 0xE9, 0x00, 0xE9, 0x00, 0xE9, 0x00,
    0xE8, 0x00, 0xE9, 0x00, 0xC8, 0x00, 0xE8, 0x00, 0xE8, 0x00, 0xE8, 0x00, 0xE8, 0x00, 0xC8, 0x00,
    0xC8, 0x00, 0xE8, 0x00, 0xE8, 0x00, 0xE8, 0x00, 0xE8, 0x00, 0xE8, 0x00, 0xE8, 0x00, 0xC8, 0x00,
    0xC8, 0x00, 0xC8, 0x00, 0xC8, 0x00, 0xC8, 0x00, 0xC8, 0x00, 0xC8, 0x00, 0xC8, 0x00, 0xC8, 0x00,
    0xA8, 0x00, 0xA7, 0x00, 0xA7, 0x00, 0xA8, 0x00, 0xA8, 0x00, 0xA8, 0x00, 0xA8, 0x00, 0xA8, 0x00,
    0xA8, 0x00, 0xA8, 0x00, 0xA8, 0x00, 0xA8, 0x00, 0xA7, 0x00, 0xA7, 0x00, 0xA7, 0x00, 0xA7, 0x00,
    0xA7, 0x00, 0xA7, 0x00, 0xA7, 0x00, 0xA7, 0x00, 0xA7, 0x00, 0xA7, 0x00, 0xA7, 0x00, 0xA7, 0x00,
    0xA7, 0x00, 0xA7, 0x00, 0xA7, 0x00, 0xA7, 0x00, 0xA7, 0x00, 0xA7, 0x00, 0xA7, 0x00, 0xA7, 0x00,
    0xCF, 0x42, 0xCF, 0x42, 0xEF, 0x4A, 0x0F, 0x4B, 0x0F, 0x53, 0x2F, 0x53, 0x50, 0x5B, 0x50, 0x5B,
    0x70, 0x63, 0x91, 0x63, 0x70, 0x5B, 0x50, 0x53, 0x51, 0x5B, 0x71, 0x63, 0xB2, 0x73, 0xAF, 0x7B,
    0xD4, 0xC5, 0x56, 0xD6, 0xF1, 0x83, 0x13, 0x84, 0xD2, 0x6B, 0x71, 0x5B, 0x51, 0x5B, 0x51, 0x5B,
    0x50, 0x5B, 0x30, 0x53, 0x30, 0x53, 0x30, 0x53, 0x30, 0x53, 0x50, 0x5B, 0x50, 0x5B, 0x70, 0x63,
    0x91, 0x63, 0x90, 0x6B, 0xB1, 0x6B, 0xD1, 0x73, 0xF1, 0x7B, 0x11, 0x84, 0x10, 0x94, 0x0C, 0x9C,
    0xF0, 0xE5, 0x12, 0xBD, 0xF1, 0x8B, 0xF1, 0x83, 0xB1, 0x73, 0xB1, 0x6B, 0xB1, 0x6B, 0xB1, 0x63,
    0xD1, 0x6B, 0xD1, 0x73, 0xF2, 0x73, 0x12, 0x74, 0x12, 0x74, 0x12, 0x74, 0x12, 0x74, 0xF2, 0x6B,
    0xF2, 0x6B, 0xF2, 0x6B, 0x12, 0x74, 0x53, 0x7C, 0x73, 0x7C, 0x94, 0x84, 0xF3, 0x6B, 0x4A, 0x11,
    0xE8, 0x00, 0x09, 0x01, 0x09, 0x01, 0x09, 0x01, 0x09, 0x01, 0x09, 0x01, 0x09, 0x01, 0x09, 0x01,
    0x09, 0x01, 0x0A, 0x01, 0x0A, 0x01, 0x0A, 0x01, 0x0A, 0x01, 0x0A, 0x01, 0x0A, 0x01, 0x0A, 0x01,
    0x0A, 0x01, 0x2A, 0x01, 0x2A, 0x01, 0x2A, 0x01, 0x2A, 0x01, 0x2A, 0x01, 0x2A, 0x01, 0x2A, 0x01,
    0x2A, 0x01, 0x4B, 0x01, 0x4B, 0x01, 0x4B, 0x01, 0x4B, 0x01, 0x4B, 0x01, 0x4B, 0x01, 0x4B, 0x01,
    0x4B, 0x01, 0x4B, 0x01, 0x4B, 0x01, 0x4B, 0x01, 0x4B, 0x01, 0x4B, 0x01, 0x4B, 0x01, 0x4B, 0x01,
    0x6A, 0x11, 0x69, 0x21, 0x07, 0x52, 0x0E, 0xC5, 0x4A, 0x7B, 0x67, 0x29, 0xAB, 0x21, 0xAD, 0x19,
    0x6C, 0x09, 0x09, 0x01, 0x4A, 0x11, 0x6D, 0x42, 0x33, 0x94, 0x56, 0xC5, 0x75, 0xDD, 0x34, 0xDD,
    0xD2, 0xD4, 0x70, 0xD4, 0x0F, 0xCC, 0xCD, 0xC3, 0xAA, 0xAA, 0xE7, 0x91, 0x25, 0x71, 0xE4, 0x68,
    0x08, 0x82, 0x0F, 0xC4, 0xF2, 0xD4, 0x94, 0xE5, 0xB5, 0xE5, 0xF7, 0xE5, 0x38, 0xE6, 0x90, 0x7B,
    0x09, 0x11, 0x8C, 0x09, 0xAC, 0x01, 0x8C, 0x01, 0x8C, 0x01, 0xAC, 0x01, 0x8C, 0x01, 0x2A, 0x01,
    0x2A, 0x01, 0xAB, 0x21, 0x30, 0x63, 0x94, 0xA4, 0xB7, 0xD5, 0xF8, 0xE5, 0xF7, 0xED, 0xD6, 0xE5,
    0xD6, 0xE5, 0xB6, 0xE5, 0xB5, 0xE5, 0xB6, 0xE5, 0xD6, 0xE5, 0xD6, 0xE5, 0xB5, 0xE5, 0xD6, 0xE5,
    0xD6, 0xE5, 0xD6, 0xED, 0xB5, 0xE5, 0xB5, 0xE5, 0x95, 0xE5, 0xD5, 0xE5, 0xD6, 0xED, 0x17, 0xEE,
    0x38, 0xF6, 0x38, 0xEE, 0x38, 0xEE, 0xB7, 0xD5, 0xB4, 0xAC, 0x30, 0x6B, 0x8B, 0x21, 0x2A, 0x09,
    0x2A, 0x01, 0x8C, 0x01, 0xAC, 0x01, 0x8C, 0x01, 0x8C, 0x01, 0x8C, 0x01, 0x8C, 0x01, 0x2A, 0x01,
    0x49, 0x19, 0xB4, 0xA4, 0x39, 0xEE, 0xD5, 0xED, 0x94, 0xE5, 0xB4, 0xED, 0x73, 0xE5, 0x32, 0xED,
    0xED, 0xD3, 0x88, 0xBA, 0x47, 0xBA, 0xC9, 0xC2, 0x2B, 0xCB, 0xED, 0xD3, 0x4F, 0xD4, 0xB1, 0xDC,
    0x53, 0xE5, 0xD5, 0xED, 0x17, 0xEE, 0x76, 0xC5, 0xF2, 0x83, 0x2C, 0x3A, 0x08, 0x01, 0x0A, 0x01,
    0x4C, 0x01, 0x6C, 0x01, 0x4B, 0x01, 0x4B, 0x01, 0x4B, 0x01, 0x4B, 0x01, 0x4B, 0x01, 0x4B, 0x01,
    0x4B, 0x01, 0x4B, 0x01, 0x4B, 0x01, 0x4B, 0x01, 0x4B, 0x01, 0x2A, 0x01, 0x2A, 0x01, 0x2A, 0x01,
    0x2A, 0x01, 0x2A, 0x01, 0x4A, 0x09, 0x4B, 0x09, 0x4A, 0x09, 0x4A, 0x09, 0x4A, 0x09, 0x4A, 0x01,
    0x2A, 0x01, 0x2A, 0x01, 0x2A, 0x01, 0x2A, 0x01, 0x2A, 0x01, 0x2A, 0x01, 0x2A, 0x01, 0x2A, 0x01,
    0x2A, 0x01, 0x2A, 0x01, 0x0A, 0x01, 0x0A, 0x01, 0x0A, 0x01, 0x0A, 0x01, 0x0A, 0x01, 0x0A, 0x01,
    0x0A, 0x01, 0x0A, 0x01, 0x09, 0x01, 0x09, 0x01, 0x09, 0x01, 0x09, 0x01, 0xE8, 0x00, 0xCE, 0x3A,
    0x71, 0x4B, 0x08, 0x01, 0xE9, 0x00, 0xE9, 0x00, 0x09, 0x01, 0xE9, 0x00, 0xE9, 0x00, 0xE9, 0x00,
    0xE9, 0x00, 0xE9, 0x00, 0xC8, 0x00, 0xE8, 0x00, 0xE8, 0x00, 0xE8, 0x00, 0xE8, 0x00, 0xE8, 0x00,
    0xE8, 0x00, 0xE8, 0x00, 0xE8, 0x00, 0xE8, 0x00, 0xE8, 0x00, 0xE8, 0x00, 0xE8, 0x00, 0xE8, 0x00,
    0xC8, 0x00, 0xC8, 0x00, 0xC8, 0x00, 0xC8, 0x00, 0xC8, 0x00, 0xC8, 0x00, 0xC8, 0x00, 0xC8, 0x00,
    0xC8, 0x00, 0xA8, 0x00, 0xA8, 0x00, 0xC7, 0x00, 0xC7, 0x00, 0xA8, 0x00, 0xA8, 0x00, 0xA8, 0x00,
    0xA8, 0x00, 0xA8, 0x00, 0xA8, 0x00, 0xC8, 0x00, 0xA8, 0x00, 0xA8, 0x00, 0xA8, 0x00, 0xA8, 0x00,
    0xA8, 0x00, 0xA7, 0x00, 0xA7, 0x00, 0xA7, 0x00, 0xA7, 0x00, 0xA7, 0x00, 0xA7, 0x00, 0xA7, 0x00,
    0xA7, 0x00, 0xA7, 0x00, 0xA7, 0x00, 0xA7, 0x00, 0xA7, 0x00, 0xA7, 0x00, 0xA7, 0x00, 0xA7, 0x00,
    0xAF, 0x3A, 0xCF, 0x42, 0xEF, 0x4A, 0x0F, 0x4B, 0x10, 0x53, 0x30, 0x53, 0x50, 0x5B, 0x70, 0x5B,
    0x70, 0x5B, 0x71, 0x5B, 0x50, 0x53, 0x30, 0x53, 0x71, 0x5B, 0x71, 0x63, 0x90, 0x73, 0x95, 0xBD,
    0x99, 0xFF, 0xB9, 0xFF, 0xD5, 0xC5, 0xF2, 0x83, 0xF2, 0x73, 0xB2, 0x6B, 0x91, 0x63, 0x71, 0x5B,
    0x50, 0x5B, 0x50, 0x53, 0x30, 0x53, 0x2F, 0x53, 0x30, 0x53, 0x30, 0x5B, 0x50, 0x5B, 0x70, 0x63,
    0x70, 0x63, 0x90, 0x6B, 0xB1, 0x73, 0xD1, 0x7B, 0xF1, 0x83, 0x11, 0x94, 0x50, 0xA4, 0xC8, 0xA3,
    0xEA, 0xCC, 0x71, 0xD5, 0x10, 0x94, 0xF1, 0x83, 0xB0, 0x73, 0xB0, 0x6B, 0x90, 0x6B, 0xB1, 0x6B,
    0xF1, 0x6B, 0xF1, 0x73, 0xF2, 0x73, 0x12, 0x7C, 0x32, 0x7C, 0x12, 0x74, 0x12, 0x74, 0xF2, 0x6B,
    0xF2, 0x6B, 0xF2, 0x6B, 0x12, 0x74, 0x53, 0x7C, 0x73, 0x7C, 0x94, 0x84, 0x75, 0x7C, 0xCB, 0x21,
    0xA7, 0x00, 0xC8, 0x00, 0xC8, 0x00, 0xC8, 0x00, 0xC8, 0x00, 0xC8, 0x00, 0xE9, 0x00, 0x0A, 0x01,
    0x0A, 0x01, 0x09, 0x01, 0x0A, 0x01, 0x0A, 0x01, 0x0A, 0x01, 0x0A, 0x01, 0x0A, 0x01, 0x0A, 0x01,
    0x0A, 0x01, 0x0A, 0x01, 0xE9, 0x00, 0xE9, 0x00, 0x09, 0x01, 0x09, 0x01, 0x09, 0x01, 0x09, 0x01,
    0x09, 0x01, 0xEA, 0x00, 0x0A, 0x01, 0x2B, 0x01, 0x4B, 0x01, 0x4B, 0x01, 0x4B, 0x01, 0x4B, 0x01,
    0x4B, 0x01, 0x4B, 0x01, 0x4B, 0x01, 0x4B, 0x01, 0x4B, 0x01, 0x4B, 0x01, 0x6B, 0x01, 0x6B, 0x01,
    0x6B, 0x09, 0x8B, 0x19, 0xA9, 0x29, 0xCE, 0x83, 0x2A, 0x4A, 0x6A, 0x19, 0x6B, 0x11, 0xE9, 0x08,
    0x8B, 0x21, 0x91, 0x6B, 0x36, 0xB5, 0xD7, 0xDD, 0x96, 0xDD, 0x34, 0xDD, 0xB1, 0xD4, 0x0F, 0xC4,
    0x6C, 0xBB, 0x68, 0x9A, 0xC7, 0x91, 0x25, 0x81, 0xA3, 0x70, 0x62, 0x68, 0x42, 0x60, 0x42, 0x58,
    0x42, 0x58, 0xA7, 0x81, 0xEE, 0xBB, 0x53, 0xDD, 0xB5, 0xE5, 0xB5, 0xDD, 0xB6, 0xE5, 0x59, 0xEE,
    0x13, 0x8C, 0x2A, 0x09, 0x8C, 0x01, 0x8C, 0x09, 0x8B, 0x01, 0x0A, 0x01, 0x2A, 0x09, 0xCF, 0x4A,
    0x74, 0x94, 0x97, 0xC5, 0xF8, 0xE5, 0xB7, 0xE5, 0x96, 0xE5, 0x75, 0xDD, 0x75, 0xDD, 0x75, 0xDD,
    0xB6, 0xE5, 0xB6, 0xE5, 0xB6, 0xE5, 0xD6, 0xE5, 0xD6, 0xE5, 0xD6, 0xE5, 0xD6, 0xE5, 0xD6, 0xE5,
    0xD6, 0xE5, 0xF6, 0xE5, 0xB5, 0xE5, 0xB5, 0xE5, 0xD6, 0xE5, 0xD6, 0xE5, 0xD6, 0xE5, 0xD6, 0xE5,
    0xB6, 0xE5, 0xB6, 0xE5, 0xD6, 0xE5, 0xD6, 0xE5, 0x17, 0xEE, 0x58, 0xEE, 0xD8, 0xDD, 0xD6, 0xA4,
    0xF0, 0x5A, 0x2A, 0x11, 0xEA, 0x00, 0x4B, 0x01, 0x6C, 0x01, 0x6B, 0x01, 0x0A, 0x01, 0x8A, 0x21,
    0x36, 0xB5, 0x37, 0xEE, 0xB5, 0xE5, 0xB5, 0xE5, 0x94, 0xE5, 0x73, 0xED, 0xD1, 0xE4, 0x0A, 0xBB,
    0x44, 0x91, 0xE3, 0x98, 0x04, 0xA1, 0x65, 0xA9, 0x65, 0xA9, 0xE6, 0xA9, 0x48, 0xB2, 0x4B, 0xCB,
    0x0F, 0xD4, 0xD1, 0xE4, 0x53, 0xE5, 0xF5, 0xE5, 0x57, 0xEE, 0x18, 0xDE, 0xF5, 0xA4, 0x0F, 0x53,
    0x2A, 0x11, 0xA9, 0x00, 0x2B, 0x01, 0x4B, 0x01, 0x2B, 0x01, 0x4B, 0x01, 0x2B, 0x01, 0x4B, 0x01,
    0x4B, 0x01, 0x4B, 0x01, 0x4B, 0x01, 0x4B, 0x01, 0x4B, 0x01, 0x4B, 0x01, 0x09, 0x01, 0x2D, 0x1A,
    0xAF, 0x2A, 0x4A, 0x01, 0x4A, 0x01, 0x4A, 0x01, 0x4A, 0x01, 0x4A, 0x01, 0x4A, 0x01, 0x4A, 0x01,
    0x4A, 0x01, 0x2A, 0x01, 0x2A, 0x01, 0x2A, 0x01, 0x2A, 0x01, 0x2A, 0x01, 0x2A, 0x01, 0x2A, 0x01,
    0x2A, 0x01, 0x2A, 0x01, 0x2A, 0x01, 0x2A, 0x01, 0x2A, 0x01, 0x2A, 0x01, 0x2A, 0x01, 0x2A, 0x01,
    0x0A, 0x01, 0x0A, 0x01, 0x0A, 0x01, 0x09, 0x01, 0x09, 0x01, 0x09, 0x01, 0xE9, 0x00, 0x2D, 0x2A,
    0xCF, 0x3A, 0x08, 0x01, 0x09, 0x01, 0x09, 0x01, 0xE9, 0x00, 0xE9, 0x00, 0xE9, 0x00, 0x09, 0x01,
    0x08, 0x01, 0xE9, 0x00, 0xE8, 0x00, 0xE8, 0x00, 0xE8, 0x00, 0xE8, 0x00, 0xE8, 0x00, 0xE8, 0x00,
    0xE8, 0x00, 0xE8, 0x00, 0xE8, 0x00, 0xE8, 0x00, 0xE8, 0x00, 0xE8, 0x00, 0xE8, 0x00, 0xE8, 0x00,
    0xE8, 0x00, 0xC8, 0x00, 0xC8, 0x00, 0xC8, 0x00, 0xC8, 0x00, 0xC8, 0x00, 0xA8, 0x00, 0xA8, 0x00,
    0xC8, 0x00, 0xC8, 0x00, 0xC8, 0x00, 0xC8, 0x00, 0xC8, 0x00, 0xC8, 0x00, 0xA8, 0x00, 0xA8, 0x00,
    0xA8, 0x00, 0xC7, 0x00, 0xA7, 0x00, 0x86, 0x00, 0xA7, 0x00, 0xA7, 0x00, 0xA8, 0x00, 0xA8, 0x00,
    0xA8, 0x00, 0xA8, 0x00, 0xA8, 0x00, 0xA8, 0x00, 0xA7, 0x00, 0xA8, 0x00, 0xA7, 0x00, 0xA8, 0x00,
    0xA8, 0x00, 0xA8, 0x00, 0xA7, 0x00, 0xA7, 0x00, 0xA7, 0x00, 0xA7, 0x00, 0xA7, 0x00, 0xA8, 0x00,
    0x8F, 0x3A, 0xAF, 0x42, 0xCF, 0x4A, 0xEF, 0x4A, 0x10, 0x53, 0x30, 0x5B, 0x50, 0x5B, 0x71, 0x5B,
    0x51, 0x5B, 0x50, 0x53, 0x10, 0x4B, 0x30, 0x4B, 0x30, 0x53, 0x50, 0x5B, 0x90, 0x6B, 0xD2, 0xA4,
    0x38, 0xF7, 0x78, 0xF7, 0xF2, 0xA4, 0xD0, 0x7B, 0xB1, 0x6B, 0xB1, 0x63, 0xB2, 0x63, 0x92, 0x63,
    0x91, 0x63, 0x50, 0x5B, 0x50, 0x5B, 0x30, 0x53, 0x30, 0x53, 0x30, 0x5B, 0x50, 0x5B, 0x50, 0x5B,
    0x70, 0x63, 0x90, 0x6B, 0xB1, 0x6B, 0xD1, 0x7B, 0x10, 0x94, 0xED, 0x9B, 0xAA, 0x9B, 0xA5, 0xA3,
    0xA4, 0xA3, 0xE8, 0xAB, 0xCB, 0x9B, 0xEE, 0x8B, 0xD0, 0x7B, 0x90, 0x6B, 0x90, 0x6B, 0xB1, 0x6B,
    0xF1, 0x73, 0xF1, 0x73, 0xF2, 0x73, 0x12, 0x7C, 0x32, 0x7C, 0x32, 0x7C, 0x12, 0x74, 0x12, 0x74,
    0xF2, 0x6B, 0xF2, 0x6B, 0x12, 0x74, 0x53, 0x7C, 0x73, 0x7C, 0x94, 0x84, 0x75, 0x7C, 0xAE, 0x42,
    0x49, 0x11, 0x8A, 0x19, 0xCC, 0x21, 0x2D, 0x2A, 0x4D, 0x32, 0xCB, 0x21, 0x29, 0x09, 0xC9, 0x00,
    0xE9, 0x00, 0x0A, 0x01, 0x0A, 0x01, 0x0A, 0x01, 0x0A, 0x01, 0x0A, 0x01, 0x0A, 0x01, 0x0A, 0x01,
    0xE9, 0x00, 0xE9, 0x00, 0x6A, 0x11, 0x4D, 0x32, 0xF0, 0x4A, 0x30, 0x53, 0x71, 0x5B, 0x50, 0x53,
    0xCF, 0x42, 0x2D, 0x2A, 0x6B, 0x11, 0xE9, 0x00, 0xE9, 0x00, 0x2A, 0x01, 0x4B, 0x01, 0x4B, 0x01,
    0x4B, 0x01, 0x4B, 0x01, 0x4B, 0x01, 0x4B, 0x01, 0x4B, 0x01, 0x6B, 0x01, 0x6B, 0x01, 0x6B, 0x01,
    0x6B, 0x09, 0x8C, 0x11, 0x8B, 0x19, 0x49, 0x21, 0x6A, 0x19, 0x09, 0x11, 0x08, 0x11, 0xEF, 0x62,
    0x36, 0xB5, 0x18, 0xDE, 0x96, 0xDD, 0xF3, 0xD4, 0x71, 0xCC, 0x30, 0xCC, 0x2C, 0xB3, 0x49, 0xA2,
    0x65, 0x89, 0xA3, 0x70, 0x62, 0x68, 0x83, 0x68, 0x83, 0x70, 0x83, 0x68, 0x63, 0x60, 0x82, 0x60,
    0x62, 0x60, 0x62, 0x58, 0xC7, 0x81, 0x91, 0xD4, 0x94, 0xE5, 0x94, 0xDD, 0xB5, 0xE5, 0xB6, 0xE5,
    0x39, 0xEE, 0xF2, 0x83, 0xA7, 0x00, 0xE9, 0x00, 0x2A, 0x11, 0x6E, 0x4A, 0x94, 0xA4, 0xB7, 0xD5,
    0xB7, 0xDD, 0x96, 0xD5, 0x35, 0xD5, 0x35, 0xDD, 0x75, 0xDD, 0x75, 0xDD, 0x75, 0xDD, 0x95, 0xDD,
    0x95, 0xDD, 0x95, 0xE5, 0x95, 0xE5, 0xB5, 0xE5, 0xD6, 0xE5, 0xB5, 0xE5, 0xB6, 0xE5, 0xB5, 0xE5,
    0xB5, 0xE5, 0xB5, 0xE5, 0xB5, 0xE5, 0xD6, 0xE5, 0xD6, 0xE5, 0xD6, 0xE5, 0xD6, 0xED, 0xD6, 0xED,
    0xD6, 0xE5, 0xD6, 0xE5, 0xD6, 0xE5, 0xD5, 0xE5, 0xB5, 0xE5, 0xB6, 0xE5, 0xF6, 0xE5, 0x17, 0xEE,
    0x38, 0xE6, 0x16, 0xB5, 0xAE, 0x5A, 0x09, 0x11, 0x89, 0x00, 0x88, 0x00, 0x4A, 0x21, 0x36, 0xB5,
    0xF7, 0xE5, 0x74, 0xDD, 0xB4, 0xDD, 0x94, 0xDD, 0x94, 0xED, 0xD1, 0xE4, 0x68, 0xAA, 0xC2, 0x80,
    0x24, 0x99, 0x45, 0xA1, 0x45, 0xA9, 0x45, 0xA9, 0x65, 0xA9, 0x45, 0xA1, 0x44, 0xA1, 0xA6, 0xA9,
    0x28, 0xB2, 0xCA, 0xBA, 0xEE, 0xD3, 0xD1, 0xDC, 0x33, 0xE5, 0x74, 0xE5, 0x37, 0xEE, 0x38, 0xDE,
    0x56, 0xBD, 0xEE, 0x62, 0xC7, 0x08, 0xC9, 0x00, 0x2B, 0x01, 0x0A, 0x01, 0x2B, 0x01, 0x4B, 0x01,
    0x4A, 0x01, 0x4B, 0x01, 0x4B, 0x01, 0x4B, 0x01, 0x4B, 0x01, 0x4B, 0x01, 0x2A, 0x01, 0xED, 0x19,
    0xAF, 0x2A, 0x4A, 0x01, 0x4B, 0x01, 0x4B, 0x01, 0x4B, 0x01, 0x4A, 0x01, 0x4A, 0x01, 0x4A, 0x01,
    0x4A, 0x01, 0x4A, 0x01, 0x2A, 0x01, 0x2A, 0x01, 0x2A, 0x01, 0x2A, 0x01, 0x2A, 0x01, 0x2A, 0x01,
    0x2A, 0x01, 0x2A, 0x01, 0x2A, 0x01, 0x2A, 0x01, 0x2A, 0x01, 0x2A, 0x01, 0x2A, 0x01, 0x2A, 0x01,
    0x2A, 0x01, 0x0A, 0x01, 0x2A, 0x01, 0x0A, 0x01, 0x0A, 0x01, 0x0A, 0x01, 0x09, 0x01, 0x08, 0x01,
    0xE8, 0x00, 0x09, 0x01, 0x09, 0x01, 0x09, 0x01, 0xE9, 0x00, 0xE9, 0x00, 0xE9, 0x00, 0x09, 0x01,
    0x09, 0x01, 0xE9, 0x00, 0xE9, 0x00, 0xE9, 0x00, 0xE8, 0x00, 0xE8, 0x00, 0xE8, 0x00, 0xE8, 0x00,
    0xE8, 0x00, 0xE8, 0x00, 0xE8, 0x00, 0xE8, 0x00, 0xE8, 0x00, 0xE8, 0x00, 0xE8, 0x00, 0xE8, 0x00,
    0xE8, 0x00, 0xE8, 0x00, 0xC8, 0x00, 0xE8, 0x00, 0xC8, 0x00, 0xC8, 0x00, 0xC8, 0x00, 0xC8, 0x00,
    0xC8, 0x00, 0xC8, 0x00, 0xC8, 0x00, 0xC8, 0x00, 0xC8, 0x00, 0xC8, 0x00, 0xA8, 0x00, 0xC8, 0x00,
    0xC8, 0x00, 0xA7, 0x00, 0x08, 0x09, 0xAA, 0x21, 0xC7, 0x00, 0xA8, 0x00, 0xC8, 0x00, 0xA8, 0x00,
    0xA8, 0x00, 0xA7, 0x00, 0xA7, 0x00, 0xA7, 0x00, 0xA7, 0x00, 0xA7, 0x00, 0xA7, 0x00, 0xA8, 0x00,
    0xA8, 0x00, 0xA8, 0x00, 0xA8, 0x00, 0xA8, 0x00, 0xA8, 0x00, 0xA8, 0x00, 0xA7, 0x00, 0xA8, 0x00,
    0x8E, 0x3A, 0xAF, 0x3A, 0xCF, 0x42, 0xEF, 0x4A, 0x10, 0x4B, 0x30, 0x53, 0x30, 0x53, 0x31, 0x53,
    0x30, 0x4B, 0x10, 0x43, 0xF0, 0x42, 0xF0, 0x4A, 0x10, 0x53, 0x50, 0x5B, 0x91, 0x6B, 0x6E, 0x73,
    0x12, 0xAD, 0x53, 0xB5, 0x6E, 0x73, 0xB1, 0x73, 0x91, 0x63, 0xB1, 0x63, 0xD2, 0x6B, 0xD2, 0x6B,
    0xB1, 0x63, 0x71, 0x63, 0x50, 0x5B, 0x30, 0x5B, 0x30, 0x5B, 0x30, 0x5B, 0x50, 0x5B, 0x50, 0x5B,
    0x71, 0x63, 0x91, 0x63, 0xB1, 0x6B, 0xD1, 0x7B, 0xEF, 0x8B, 0xAA, 0x93, 0x46, 0x8B, 0x64, 0x9B,
    0x43, 0x9B, 0x44, 0x9B, 0x68, 0x93, 0xED, 0x93, 0xF0, 0x7B, 0x90, 0x6B, 0x90, 0x6B, 0xB1, 0x6B,
    0xD1, 0x73, 0xF1, 0x73, 0xF2, 0x7B, 0x12, 0x7C, 0x33, 0x7C, 0x32, 0x7C, 0x12, 0x7C, 0x12, 0x74,
    0x12, 0x74, 0xF2, 0x73, 0x12, 0x74, 0x33, 0x7C, 0x53, 0x7C, 0x74, 0x7C, 0x74, 0x84, 0x13, 0x74,
    0xB2, 0x63, 0xB2, 0x63, 0xF2, 0x6B, 0x13, 0x74, 0x54, 0x74, 0x13, 0x74, 0x71, 0x5B, 0x2D, 0x32,
    0x2A, 0x09, 0xE9, 0x00, 0x2A, 0x01, 0x2A, 0x01, 0x2A, 0x01, 0x2A, 0x01, 0xEA, 0x00, 0x09, 0x01,
    0xEC, 0x29, 0x51, 0x53, 0x34, 0x74, 0xB5, 0x8C, 0xD5, 0x8C, 0xF5, 0x94, 0xF5, 0x94, 0xF5, 0x94,
    0xD5, 0x94, 0xD5, 0x8C, 0x54, 0x7C, 0x30, 0x53, 0xCC, 0x21, 0x09, 0x01, 0x2B, 0x01, 0x6B, 0x01,
    0x6B, 0x01, 0x6C, 0x01, 0x6B, 0x01, 0x6B, 0x01, 0x4B, 0x01, 0x6C, 0x01, 0x6B, 0x01, 0x6B, 0x01,
    0x6B, 0x09, 0x6B, 0x09, 0x6B, 0x09, 0x4B, 0x09, 0x09, 0x09, 0xEB, 0x39, 0xF6, 0xB4, 0x97, 0xD5,
    0x13, 0xD5, 0xF2, 0xD4, 0x91, 0xD4, 0xCE, 0xCB, 0xCA, 0xB2, 0xC7, 0x99, 0x04, 0x89, 0xA3, 0x80,
    0x83, 0x80, 0x83, 0x78, 0x83, 0x78, 0x83, 0x70, 0x83, 0x68, 0x62, 0x60, 0x62, 0x60, 0x62, 0x58,
    0x83, 0x60, 0x62, 0x60, 0x42, 0x58, 0x49, 0x8A, 0x91, 0xCC, 0x53, 0xDD, 0x94, 0xE5, 0xB5, 0xE5,
    0x95, 0xE5, 0xF8, 0xE5, 0x0E, 0x73, 0x2B, 0x42, 0xF6, 0xAC, 0x97, 0xD5, 0x35, 0xD5, 0x34, 0xD5,
    0x55, 0xD5, 0x55, 0xD5, 0x55, 0xDD, 0x55, 0xDD, 0x75, 0xDD, 0x75, 0xDD, 0x95, 0xDD, 0xB5, 0xE5,
    0xB5, 0xE5, 0xB6, 0xE5, 0xB6, 0xE5, 0xD6, 0xE5, 0xD6, 0xE5, 0xD6, 0xE5, 0xB5, 0xE5, 0xB6, 0xE5,
    0xB6, 0xE5, 0xD6, 0xED, 0xD6, 0xED, 0xD6, 0xED, 0xD6, 0xE5, 0xD6, 0xED, 0xD6, 0xED, 0xD6, 0xED,
    0xD6, 0xED, 0xD6, 0xED, 0xB6, 0xED, 0xD6, 0xED, 0xD6, 0xED, 0xD6, 0xE5, 0xD6, 0xE5, 0xB6, 0xE5,
    0xB5, 0xE5, 0xF6, 0xED, 0x59, 0xEE, 0x97, 0xCD, 0xEF, 0x62, 0x49, 0x29, 0x15, 0xB5, 0x17, 0xEE,
    0x94, 0xDD, 0x95, 0xE5, 0xB4, 0xE5, 0x94, 0xE5, 0xF2, 0xE4, 0x07, 0xA2, 0xC3, 0x88, 0x45, 0xA1,
    0x66, 0xA9, 0x65, 0xA9, 0x45, 0xA1, 0x45, 0xA1, 0x66, 0xA9, 0x45, 0xA9, 0x45, 0xA9, 0x45, 0xA9,
    0x45, 0xA9, 0x45, 0xA9, 0xC7, 0xB1, 0xAA, 0xC2, 0x8D, 0xD3, 0x2F, 0xDC, 0xD1, 0xE4, 0x13, 0xE5,
    0x95, 0xE5, 0x59, 0xEE, 0x16, 0xBD, 0xCB, 0x31, 0xC9, 0x00, 0x2A, 0x01, 0x2B, 0x01, 0xB0, 0x2A,
    0xD0, 0x32, 0x2A, 0x01, 0x4B, 0x01, 0x4B, 0x01, 0x4B, 0x01, 0x4B, 0x01, 0x4B, 0x01, 0x2A, 0x01,
    0x0A, 0x01, 0x2B, 0x01, 0x4B, 0x01, 0x4B, 0x01, 0x4B, 0x01, 0x4B, 0x01, 0x4A, 0x01, 0x4A, 0x01,
    0x4A, 0x01, 0x4A, 0x01, 0x2A, 0x01, 0x2A, 0x01, 0x0A, 0x01, 0x0A, 0x01, 0x2A, 0x01, 0x2A, 0x01,
    0x4A, 0x01, 0x4A, 0x01, 0x4A, 0x01, 0x2A, 0x01, 0x2A, 0x01, 0x2A, 0x01, 0x2A, 0x01, 0x2A, 0x01,
    0x2A, 0x01, 0x2A, 0x01, 0x2A, 0x01, 0x2A, 0x01, 0x0A, 0x01, 0x0A, 0x01, 0x0A, 0x01, 0x2A, 0x01,
    0x0A, 0x01, 0x09, 0x01, 0x09, 0x01, 0x09, 0x01, 0x09, 0x01, 0xE9, 0x00, 0xE9, 0x00, 0x09, 0x01,
    0x09, 0x01, 0x09, 0x01, 0xE9, 0x00, 0xE9, 0x00, 0xE8, 0x00, 0xE8, 0x00, 0xE8, 0x00, 0xE9, 0x00,
    0xE8, 0x00, 0xE8, 0x00, 0xE8, 0x00, 0xE8, 0x00, 0xE8, 0x00, 0xE8, 0x00, 0xE8, 0x00, 0xE8, 0x00,
    0xE8, 0x00, 0xE8, 0x00, 0xE8, 0x00, 0xE8, 0x00, 0xE8, 0x00, 0xC8, 0x00, 0xC8, 0x00, 0xC8, 0x00,
    0xC8, 0x00, 0xC8, 0x00, 0xC8, 0x00, 0xC8, 0x00, 0xC8, 0x00, 0xC8, 0x00, 0xC8, 0x00, 0xC8, 0x00,
    0xC8, 0x00, 0x87, 0x00, 0x89, 0x19, 0x50, 0x53, 0x08, 0x09, 0xA7, 0x00, 0xA8, 0x00, 0xA7, 0x00,
    0xA8, 0x00, 0xA7, 0x00, 0xA7, 0x00, 0xA8, 0x00, 0xC8, 0x00, 0xC8, 0x00, 0xA8, 0x00, 0xA8, 0x00,
    0xA8, 0x00, 0xA8, 0x00, 0xA8, 0x00, 0xA8, 0x00, 0xA8, 0x00, 0xA8, 0x00, 0xA8, 0x00, 0xA7, 0x00,
    0x6F, 0x3A, 0xAF, 0x3A, 0xCF, 0x42, 0xEF, 0x4A, 0x10, 0x4B, 0x30, 0x53, 0x31, 0x53, 0x10, 0x4B,
    0xF0, 0x42, 0xF0, 0x42, 0xF0, 0x42, 0xF0, 0x42, 0x10, 0x4B, 0x30, 0x5B, 0x71, 0x63, 0xB1, 0x73,
    0xB0, 0x73, 0x8F, 0x7B, 0x91, 0x73, 0x71, 0x6B, 0x91, 0x63, 0xB2, 0x63, 0xB2, 0x6B, 0xD2, 0x6B,
    0xD2, 0x6B, 0xB2, 0x6B, 0x91, 0x63, 0x71, 0x5B, 0x50, 0x5B, 0x50, 0x5B, 0x50, 0x5B, 0x50, 0x5B,
    0x71, 0x5B, 0x71, 0x63, 0x91, 0x6B, 0xB1, 0x73, 0xD1, 0x83, 0x0F, 0x8C, 0x4D, 0xA4, 0x66, 0x93,
    0xA5, 0xA3, 0xCD, 0xBC, 0xEE, 0x93, 0xEF, 0x83, 0xB0, 0x73, 0xB0, 0x6B, 0xB0, 0x6B, 0xB1, 0x6B,
    0xD1, 0x6B, 0xF1, 0x73, 0xF2, 0x7B, 0x32, 0x7C, 0x33, 0x7C, 0x33, 0x7C, 0x33, 0x7C, 0x12, 0x7C,
    0x12, 0x74, 0xF2, 0x73, 0x13, 0x74, 0x33, 0x74, 0x33, 0x74, 0x53, 0x7C, 0x73, 0x84, 0x53, 0x7C,
    0x33, 0x7C, 0x53, 0x7C, 0x53, 0x7C, 0x53, 0x7C, 0x73, 0x7C, 0x74, 0x84, 0x94, 0x84, 0x54, 0x7C,
    0x71, 0x5B, 0x8B, 0x19, 0xC8, 0x00, 0xE9, 0x00, 0x0A, 0x01, 0x0A, 0x01, 0x6B, 0x11, 0xF1, 0x4A,
    0x75, 0x7C, 0xB5, 0x8C, 0xB5, 0x8C, 0xB4, 0x8C, 0xB4, 0x8C, 0xB4, 0x8C, 0xB4, 0x94, 0xB3, 0x94,
    0xD4, 0x94, 0xD4, 0x94, 0xF5, 0x94, 0x16, 0x9D, 0x95, 0x8C, 0x30, 0x53, 0xAB, 0x19, 0x2A, 0x01,
    0x6B, 0x01, 0x6C, 0x01, 0x6B, 0x01, 0x6B, 0x01, 0x6C, 0x01, 0x6C, 0x01, 0x6C, 0x01, 0x6C, 0x01,
    0x6C, 0x01, 0x6C, 0x01, 0x6B, 0x01, 0x4A, 0x01, 0x4A, 0x11, 0x13, 0x94, 0xF4, 0xCC, 0x92, 0xCC,
    0x10, 0xC4, 0x2C, 0xBB, 0x89, 0xB2, 0xA6, 0xA1, 0x04, 0x91, 0xC3, 0x88, 0xC3, 0x90, 0xC4, 0x90,
    0xC4, 0x88, 0xA4, 0x80, 0xA3, 0x78, 0xA3, 0x70, 0xA3, 0x68, 0x83, 0x60, 0x83, 0x60, 0x62, 0x58,
    0x83, 0x60, 0x63, 0x60, 0x62, 0x58, 0x83, 0x58, 0xCB, 0x9A, 0xD2, 0xD4, 0x54, 0xE5, 0x75, 0xE5,
    0x95, 0xE5, 0x96, 0xDD, 0x97, 0xDD, 0x76, 0xD5, 0x55, 0xD5, 0x14, 0xD5, 0x35, 0xD5, 0x55, 0xD5,
    0x75, 0xDD, 0x55, 0xD5, 0x75, 0xDD, 0x55, 0xD5, 0x75, 0xDD, 0x95, 0xE5, 0x95, 0xE5, 0x95, 0xE5,
    0xB5, 0xE5, 0xB6, 0xE5, 0xD6, 0xE5, 0xD6, 0xE5, 0xD6, 0xED, 0xD6, 0xE5, 0xB5, 0xE5, 0xD6, 0xE5,
    0xB6, 0xE5, 0xD6, 0xED, 0xD6, 0xED, 0xD6, 0xE5, 0xB5, 0xE5, 0xD6, 0xED, 0xD6, 0xED, 0xD6, 0xED,
    0xD6, 0xED, 0xD6, 0xED, 0xD6, 0xED, 0xD6, 0xED, 0xD6, 0xED, 0xD6, 0xE5, 0xD6, 0xE5, 0xD6, 0xE5,
    0xD6, 0xE5, 0xD6, 0xE5, 0xD6, 0xE5, 0x37, 0xEE, 0x79, 0xEE, 0xF6, 0xDD, 0x17, 0xEE, 0xD5, 0xE5,
    0xB5, 0xE5, 0x94, 0xE5, 0x53, 0xE5, 0xF2, 0xE4, 0xEA, 0xBA, 0x45, 0x99, 0x65, 0xA9, 0x66, 0xA9,
    0xA6, 0xB1, 0xA6, 0xA9, 0xA6, 0xA9, 0x86, 0xA1, 0x86, 0xA1, 0x86, 0xA9, 0x86, 0xA9, 0x66, 0xA9,
    0x65, 0xA9, 0x86, 0xB1, 0x66, 0xB1, 0x65, 0xB1, 0xC6, 0xB9, 0x48, 0xC2, 0xEA, 0xCA, 0x6C, 0xD3,
    0x0F, 0xDC, 0xD2, 0xDC, 0xB6, 0xED, 0xD5, 0xAC, 0x4A, 0x19, 0x2B, 0x01, 0x6C, 0x01, 0x0E, 0x1A,
    0x0E, 0x1A, 0x4B, 0x01, 0x6B, 0x01, 0x4B, 0x01, 0x4B, 0x01, 0x4B, 0x01, 0x4B, 0x01, 0x4B, 0x01,
    0x4B, 0x01, 0x4B, 0x01, 0x4B, 0x01, 0x4B, 0x01, 0x4B, 0x01, 0x4B, 0x01, 0x4B, 0x01, 0x4B, 0x01,
    0x4A, 0x01, 0x4A, 0x01, 0x4A, 0x01, 0x0A, 0x01, 0xAC, 0x11, 0x8F, 0x2A, 0x4A, 0x01, 0x4A, 0x01,
    0x4A, 0x01, 0x4A, 0x01, 0x4A, 0x09, 0x4A, 0x09, 0x4A, 0x09, 0x2A, 0x09, 0x2A, 0x09, 0x2A, 0x09,
    0x4A, 0x01, 0x2A, 0x01, 0x2A, 0x01, 0x2A, 0x01, 0x2A, 0x01, 0x0A, 0x01, 0x0A, 0x01, 0x0A, 0x01,
    0x0A, 0x01, 0x0A, 0x01, 0x09, 0x01, 0x09, 0x01, 0x09, 0x01, 0x09, 0x01, 0x09, 0x01, 0x09, 0x01,
    0x09, 0x01, 0x09, 0x01, 0x09, 0x01, 0xE9, 0x00, 0xE8, 0x00, 0x09, 0x01, 0xE8, 0x00, 0xC8, 0x00,
    0xE8, 0x00, 0xE8, 0x00, 0xE8, 0x00, 0xE8, 0x00, 0x29, 0x09, 0x09, 0x01, 0xE8, 0x00, 0xE8, 0x00,
    0xC8, 0x00, 0xA7, 0x00, 0xC8, 0x00, 0xC8, 0x00, 0xC8, 0x00, 0xC8, 0x00, 0xC8, 0x00, 0xC8, 0x00,
    0xC8, 0x00, 0xC8, 0x00, 0xC8, 0x00, 0xC8, 0x00, 0xC8, 0x00, 0xA8, 0x00, 0xC8, 0x00, 0xC8, 0x00,
    0xC8, 0x00, 0xC8, 0x00, 0xC7, 0x00, 0xE7, 0x08, 0xC7, 0x00, 0xA7, 0x00, 0xA7, 0x00, 0xA8, 0x00,
    0xA8, 0x00, 0xA8, 0x00, 0xA8, 0x00, 0xA7, 0x00, 0xA7, 0x00, 0xA8, 0x00, 0xA8, 0x00, 0xA7, 0x00,
    0xA7, 0x00, 0xA7, 0x00, 0xA7, 0x00, 0xA8, 0x00, 0xA8, 0x00, 0xA8, 0x00, 0x87, 0x00, 0xA8, 0x00,
    0x8F, 0x3A, 0xAF, 0x3A, 0xAF, 0x42, 0xCF, 0x42, 0xEF, 0x4A, 0x10, 0x4B, 0x10, 0x4B, 0xD0, 0x42,
    0xD0, 0x3A, 0xD0, 0x3A, 0xD0, 0x3A, 0xF0, 0x42, 0xF0, 0x4A, 0x10, 0x53, 0x50, 0x5B, 0x51, 0x5B,
    0x70, 0x63, 0x70, 0x6B, 0x71, 0x6B, 0x71, 0x63, 0x91, 0x63, 0xB2, 0x63, 0xD2, 0x6B, 0xF3, 0x6B,
    0xF3, 0x73, 0xD2, 0x6B, 0xB1, 0x63, 0x71, 0x5B, 0x50, 0x5B, 0x51, 0x5B, 0x30, 0x53, 0x50, 0x53,
    0x50, 0x53, 0x70, 0x5B, 0x70, 0x63, 0x90, 0x6B, 0xB0, 0x73, 0xD1, 0x7B, 0x30, 0x94, 0xEA, 0x9B,
    0xEB, 0xC4, 0xF0, 0xBC, 0xD0, 0x83, 0xF1, 0x7B, 0xB1, 0x73, 0xB1, 0x6B, 0xB1, 0x6B, 0xB1, 0x6B,
    0xD1, 0x73, 0xF2, 0x7B, 0x12, 0x7C, 0x33, 0x7C, 0x53, 0x84, 0x53, 0x84, 0x33, 0x7C, 0x32, 0x7C,
    0x12, 0x74, 0x12, 0x74, 0x33, 0x74, 0x13, 0x74, 0x13, 0x74, 0x33, 0x7C, 0x33, 0x7C, 0x53, 0x84,
    0x53, 0x7C, 0x33, 0x7C, 0x53, 0x7C, 0x53, 0x7C, 0x53, 0x7C, 0x53, 0x7C, 0x73, 0x84, 0x94, 0x84,
    0x95, 0x84, 0xB2, 0x63, 0x2D, 0x2A, 0x6E, 0x32, 0xF1, 0x3A, 0xF0, 0x3A, 0xB3, 0x5B, 0xB6, 0x84,
    0xB5, 0x8C, 0x94, 0x84, 0x94, 0x84, 0xB4, 0x8C, 0xB4, 0x8C, 0xB3, 0x8C, 0xB3, 0x94, 0xB3, 0x94,
    0xD3, 0x94, 0xD4, 0x94, 0xD4, 0x94, 0xF4, 0x9C, 0x15, 0x9D, 0x36, 0x9D, 0x33, 0x7C, 0x4D, 0x32,
    0x2A, 0x01, 0x6B, 0x01, 0x6C, 0x01, 0x6C, 0x01, 0x6C, 0x01, 0x6C, 0x01, 0x6C, 0x01, 0x6C, 0x01,
    0x8C, 0x01, 0x8C, 0x01, 0x6C, 0x01, 0x0A, 0x01, 0x2E, 0x3A, 0x4F, 0x93, 0xEB, 0x9A, 0xAA, 0xA2,
    0xC7, 0x99, 0x45, 0x99, 0x25, 0x99, 0x04, 0x99, 0x05, 0x99, 0x45, 0xA1, 0x25, 0x99, 0x25, 0x91,
    0x04, 0x89, 0xE4, 0x80, 0xC3, 0x78, 0xC3, 0x70, 0xC3, 0x70, 0x83, 0x60, 0x83, 0x58, 0x62, 0x58,
    0x83, 0x58, 0x83, 0x58, 0x63, 0x58, 0x42, 0x50, 0xC4, 0x58, 0x2D, 0xAB, 0x92, 0xD4, 0x14, 0xDD,
    0x55, 0xDD, 0x35, 0xD5, 0x35, 0xD5, 0x55, 0xD5, 0x34, 0xD5, 0x34, 0xDD, 0x34, 0xD5, 0x54, 0xD5,
    0x54, 0xDD, 0x34, 0xD5, 0x55, 0xDD, 0x55, 0xDD, 0x75, 0xE5, 0x75, 0xE5, 0xB6, 0xE5, 0x95, 0xE5,
    0xB5, 0xE5, 0xB6, 0xE5, 0xD6, 0xE5, 0xB6, 0xED, 0xD6, 0xED, 0xB6, 0xED, 0xB6, 0xED, 0xB6, 0xED,
    0xD6, 0xED, 0xB5, 0xE5, 0xB6, 0xED, 0xD6, 0xED, 0xD6, 0xED, 0xD5, 0xED, 0xD5, 0xED, 0xD6, 0xED,
    0xD6, 0xED, 0xD6, 0xED, 0xD6, 0xED, 0xD6, 0xED, 0xD6, 0xED, 0xD6, 0xED, 0xD6, 0xED, 0xD5, 0xED,
    0xF6, 0xE5, 0xF6, 0xE5, 0xF6, 0xE5, 0x16, 0xE6, 0xF6, 0xE5, 0x16, 0xEE, 0x16, 0xEE, 0xF6, 0xED,
    0xB5, 0xE5, 0x94, 0xE5, 0x33, 0xED, 0x4C, 0xC3, 0x85, 0xA1, 0xA6, 0xA9, 0xA7, 0xB1, 0xA7, 0xB1,
    0xC7, 0xB1, 0xE7, 0xB1, 0xC7, 0xA9, 0xA6, 0xA9, 0xA6, 0xA9, 0xC6, 0xA9, 0xA6, 0xA9, 0xA6, 0xA9,
    0xA6, 0xA9, 0x86, 0xB1, 0x86, 0xB1, 0x86, 0xB1, 0x86, 0xB9, 0x65, 0xB1, 0x65, 0xB1, 0x85, 0xB9,
    0x27, 0xBA, 0x2B, 0xC3, 0xEE, 0xCB, 0xB2, 0xC4, 0x4C, 0x4A, 0xEA, 0x00, 0x6C, 0x01, 0x2B, 0x01,
    0x2B, 0x01, 0x4B, 0x01, 0x4B, 0x01, 0x4B, 0x01, 0x6B, 0x01, 0x4B, 0x01, 0x4B, 0x01, 0x4B, 0x01,
    0x4B, 0x01, 0x4B, 0x01, 0x4B, 0x01, 0x4B, 0x01, 0x4B, 0x01, 0x4B, 0x01, 0x4B, 0x01, 0x4B, 0x01,
    0x4B, 0x01, 0x4B, 0x01, 0x4B, 0x01, 0x2A, 0x01, 0xCC, 0x11, 0x8F, 0x2A, 0x6B, 0x01, 0x4A, 0x01,
    0x6A, 0x09, 0x6A, 0x09, 0x6B, 0x11, 0x4B, 0x11, 0x4B, 0x11, 0x4A, 0x11, 0x4A, 0x11, 0x4A, 0x09,
    0x4A, 0x09, 0x4A, 0x09, 0x2A, 0x01, 0x2A, 0x01, 0x2A, 0x01, 0x2A, 0x01, 0x0A, 0x01, 0x09, 0x01,
    0x09, 0x01, 0x0A, 0x01, 0x0A, 0x01, 0x09, 0x01, 0x09, 0x01, 0x09, 0x01, 0x09, 0x01, 0x09, 0x01,
    0x09, 0x01, 0x09, 0x01, 0x09, 0x01, 0xE9, 0x00, 0x09, 0x01, 0xE8, 0x00, 0x29, 0x09, 0x0C, 0x22,
    0x29, 0x09, 0xE8, 0x00, 0xE9, 0x00, 0xE8, 0x00, 0x29, 0x09, 0x09, 0x01, 0xE8, 0x00, 0xE8, 0x00,
    0xE8, 0x00, 0xAA, 0x19, 0x29, 0x09, 0xC8, 0x00, 0xC8, 0x00, 0xE8, 0x00, 0xC8, 0x00, 0xC8, 0x00,
    0xC8, 0x00, 0xC8, 0x00, 0xC8, 0x00, 0xC8, 0x00, 0xC8, 0x00, 0xC8, 0x00, 0xC8, 0x00, 0xA8, 0x00,
    0xC8, 0x00, 0xA8, 0x00, 0xA8, 0x00, 0xA8, 0x00, 0xC8, 0x00, 0xC8, 0x00, 0xA8, 0x00, 0xC8, 0x00,
    0xC8, 0x00, 0xC8, 0x00, 0xA8, 0x00, 0xA7, 0x00, 0xA7, 0x00, 0xA7, 0x00, 0xA8, 0x00, 0xA7, 0x00,
    0xA7, 0x00, 0xA7, 0x00, 0xA7, 0x00, 0xC7, 0x00, 0xA7, 0x00, 0xC8, 0x00, 0x6B, 0x11, 0x6F, 0x2A,
    0x6F, 0x32, 0x8F, 0x3A, 0x8F, 0x3A, 0xAF, 0x42, 0xCF, 0x42, 0xD0, 0x42, 0xAF, 0x3A, 0xAF, 0x3A,
    0xAF, 0x32, 0x8F, 0x32, 0xAF, 0x3A, 0xD0, 0x42, 0xF0, 0x42, 0x10, 0x4B, 0x10, 0x53, 0x30, 0x53,
    0x50, 0x5B, 0x51, 0x63, 0x71, 0x63, 0x71, 0x63, 0x91, 0x63, 0xB2, 0x63, 0xD2, 0x6B, 0xF3, 0x73,
    0x13, 0x74, 0xF2, 0x73, 0x91, 0x63, 0x50, 0x5B, 0x30, 0x53, 0x30, 0x53, 0x30, 0x53, 0x30, 0x53,
    0x30, 0x53, 0x50, 0x5B, 0x50, 0x5B, 0x70, 0x63, 0x8F, 0x6B, 0xB0, 0x73, 0xAF, 0x83, 0x2E, 0x9C,
    0xF2, 0xDD, 0x2F, 0x9C, 0xD1, 0x7B, 0xD1, 0x73, 0xB1, 0x6B, 0xB0, 0x6B, 0xB1, 0x6B, 0xB1, 0x6B,
    0xD1, 0x73, 0xF2, 0x7B, 0x12, 0x7C, 0x33, 0x7C, 0x53, 0x84, 0x53, 0x84, 0x53, 0x84, 0x32, 0x7C,
    0x32, 0x7C, 0x53, 0x7C, 0x33, 0x7C, 0x33, 0x7C, 0x32, 0x74, 0x33, 0x7C, 0x33, 0x84, 0x52, 0x8C,
    0x53, 0x84, 0x53, 0x84, 0x53, 0x7C, 0x53, 0x7C, 0x32, 0x7C, 0x53, 0x7C, 0x73, 0x84, 0x94, 0x84,
    0x94, 0x84, 0x95, 0x7C, 0x35, 0x6C, 0x34, 0x6C, 0x55, 0x74, 0x55, 0x74, 0x74, 0x7C, 0x74, 0x7C,
    0x94, 0x84, 0x94, 0x8C, 0x93, 0x8C, 0x93, 0x8C, 0xB3, 0x8C, 0x93, 0x94, 0xB3, 0x94, 0xB3, 0x94,
    0xB3, 0x94, 0xB3, 0x94, 0xD4, 0x9C, 0xD4, 0x9C, 0xD3, 0x9C, 0xD4, 0x9C, 0xF5, 0x9C, 0x95, 0x84,
    0x6D, 0x3A, 0x09, 0x01, 0x6C, 0x01, 0x6C, 0x01, 0x6C, 0x01, 0x6C, 0x01, 0x8C, 0x01, 0x8C, 0x01,
    0x8C, 0x01, 0x8C, 0x01, 0x6C, 0x01, 0x0A, 0x01, 0x2C, 0x3A, 0x29, 0x6A, 0x08, 0x8A, 0x66, 0x99,
    0x24, 0x99, 0x25, 0xA1, 0x45, 0xA1, 0x25, 0xA1, 0x45, 0xA1, 0x45, 0xA1, 0x45, 0x99, 0x45, 0x91,
    0x25, 0x89, 0x04, 0x81, 0xE4, 0x78, 0xE4, 0x70, 0xE4, 0x70, 0xA3, 0x60, 0x83, 0x58, 0x83, 0x58,
    0x83, 0x50, 0x83, 0x50, 0x83, 0x50, 0x82, 0x50, 0x41, 0x48, 0x05, 0x61, 0xD0, 0xB3, 0x15, 0xD5,
    0x35, 0xD5, 0x14, 0xCD, 0x35, 0xD5, 0x14, 0xCD, 0x13, 0xD5, 0x14, 0xD5, 0x14, 0xD5, 0x34, 0xD5,
    0x55, 0xDD, 0x34, 0xDD, 0x13, 0xD5, 0x54, 0xDD, 0x75, 0xDD, 0x95, 0xE5, 0x95, 0xE5, 0xB6, 0xE5,
    0x95, 0xE5, 0xB6, 0xE5, 0x95, 0xE5, 0xB5, 0xE5, 0xD6, 0xE5, 0xB5, 0xE5, 0xB5, 0xE5, 0xB5, 0xE5,
    0xB5, 0xE5, 0xB5, 0xE5, 0xD6, 0xED, 0xD6, 0xE5, 0xB5, 0xE5, 0xB5, 0xED, 0xD5, 0xED, 0xD6, 0xED,
    0xD5, 0xED, 0xD6, 0xED, 0xD5, 0xED, 0xD6, 0xED, 0xD6, 0xED, 0xD6, 0xED, 0xF6, 0xED, 0xD6, 0xED,
    0xF6, 0xED, 0xF5, 0xED, 0xF6, 0xED, 0xF6, 0xED, 0xF6, 0xE5, 0xF6, 0xE5, 0xF6, 0xED, 0xF6, 0xED,
    0xB5, 0xED, 0x53, 0xE5, 0xEE, 0xD3, 0xA5, 0x99, 0x85, 0xA1, 0xA6, 0xA9, 0xC7, 0xA9, 0xC7, 0xA9,
    0x08, 0xB2, 0xE7, 0xA9, 0xE7, 0xB1, 0xC7, 0xB1, 0xC7, 0xB1, 0xC7, 0xA9, 0xA6, 0xA9, 0xA6, 0xA9,
    0xA6, 0xA9, 0xA6, 0xA9, 0x86, 0xA9, 0x86, 0xA9, 0x86, 0xB1, 0x46, 0xB1, 0x46, 0xB1, 0x45, 0xB1,
    0x45, 0xA9, 0xE6, 0xA9, 0x2B, 0xBB, 0x91, 0xC4, 0x2C, 0x4A, 0xEA, 0x00, 0x8C, 0x01, 0x6C, 0x01,
    0x6C, 0x01, 0x6C, 0x01, 0x6C, 0x01, 0x6C, 0x01, 0x6B, 0x01, 0x6B, 0x01, 0x6B, 0x01, 0x6B, 0x01,
    0x4B, 0x01, 0x4B, 0x01, 0x4B, 0x01, 0x4B, 0x01, 0x4B, 0x01, 0x4B, 0x01, 0x4B, 0x01, 0x4B, 0x01,
    0x4B, 0x01, 0x4B, 0x01, 0x4B, 0x01, 0x4B, 0x01, 0x2A, 0x01, 0x2A, 0x01, 0x4A, 0x09, 0x6A, 0x09,
    0x4A, 0x11, 0x4B, 0x19, 0x4A, 0x19, 0x6A, 0x19, 0x6B, 0x19, 0x4A, 0x19, 0x4A, 0x19, 0x4A, 0x11,
    0x2A, 0x11, 0x2A, 0x11, 0x2A, 0x09, 0x0A, 0x01, 0x2A, 0x01, 0x2A, 0x01, 0x0A, 0x01, 0x0A, 0x01,
    0x0A, 0x01, 0x0A, 0x01, 0x0A, 0x01, 0x09, 0x01, 0x09, 0x01, 0x09, 0x01, 0x09, 0x01, 0x09, 0x01,
    0x09, 0x01, 0x09, 0x01, 0x09, 0x01, 0x09, 0x01, 0x09, 0x01, 0xC8, 0x00, 0xAA, 0x19, 0xF3, 0x63,
    0x8A, 0x19, 0xC8, 0x00, 0x09, 0x01, 0xE9, 0x00, 0xE8, 0x00, 0xE8, 0x00, 0xE9, 0x00, 0xC8, 0x00,
    0x08, 0x09, 0x74, 0x74, 0x8D, 0x3A, 0x87, 0x00, 0xE8, 0x00, 0xE8, 0x00, 0xE8, 0x00, 0xC8, 0x00,
    0xC8, 0x00, 0xC8, 0x00, 0xC8, 0x00, 0xC8, 0x00, 0xE8, 0x00, 0xC8, 0x00, 0x2A, 0x09, 0xE9, 0x08,
    0xA8, 0x00, 0xC8, 0x00, 0xC8, 0x00, 0xC8, 0x00, 0xA8, 0x00, 0xA8, 0x00, 0xA8, 0x00, 0xA8, 0x00,
    0xA8, 0x00, 0xA8, 0x00, 0xA8, 0x00, 0xA8, 0x00, 0xA8, 0x00, 0xA8, 0x00, 0xA8, 0x00, 0xA8, 0x00,
    0xA8, 0x00, 0xA7, 0x00, 0xA8, 0x00, 0xA7, 0x00, 0xE9, 0x00, 0x4E, 0x22, 0x53, 0x43, 0xD4, 0x53,
    0x4E, 0x32, 0x6F, 0x32, 0x8F, 0x3A, 0x8F, 0x3A, 0xAF, 0x42, 0x8F, 0x3A, 0x8F, 0x32, 0x6E, 0x32,
    0x6E, 0x32, 0x8E, 0x32, 0x8F, 0x32, 0xAF, 0x3A, 0xCF, 0x3A, 0xCF, 0x42, 0xEF, 0x4A, 0x10, 0x4B,
    0x30, 0x53, 0x50, 0x5B, 0x50, 0x5B, 0x71, 0x5B, 0x91, 0x63, 0x91, 0x63, 0xB2, 0x6B, 0xD2, 0x6B,
    0xF3, 0x73, 0xD2, 0x6B, 0x71, 0x5B, 0x30, 0x53, 0x10, 0x53, 0x10, 0x4B, 0x10, 0x4B, 0x10, 0x4B,
    0x0F, 0x53, 0x0F, 0x53, 0x2F, 0x53, 0x30, 0x5B, 0x6F, 0x63, 0x70, 0x6B, 0x70, 0x73, 0xEF, 0x83,
    0xB1, 0xA4, 0xB0, 0x83, 0xB1, 0x73, 0xB0, 0x6B, 0x90, 0x6B, 0x91, 0x63, 0xB1, 0x63, 0xB1, 0x6B,
    0xD1, 0x73, 0x12, 0x7C, 0x12, 0x7C, 0x32, 0x84, 0x53, 0x84, 0x53, 0x84, 0x53, 0x84, 0x33, 0x7C,
    0x32, 0x7C, 0x53, 0x7C, 0x73, 0x84, 0x74, 0x84, 0x53, 0x84, 0x52, 0x84, 0x71, 0x94, 0x36, 0xD6,
    0xB2, 0x9C, 0x52, 0x84, 0x53, 0x84, 0x32, 0x7C, 0x32, 0x7C, 0x53, 0x7C, 0x73, 0x84, 0x94, 0x84,
    0x74, 0x7C, 0x55, 0x74, 0x54, 0x74, 0x54, 0x74, 0x54, 0x74, 0x33, 0x74, 0x53, 0x7C, 0x73, 0x84,
    0x73, 0x84, 0x93, 0x8C, 0x93, 0x8C, 0x93, 0x8C, 0xB3, 0x94, 0xB3, 0x94, 0xB3, 0x94, 0xD3, 0x94,
    0xD3, 0x94, 0xB3, 0x9C, 0xD4, 0x9C, 0xD4, 0x9C, 0xF4, 0x9C, 0xD4, 0x9C, 0xD4, 0x9C, 0x16, 0xA5,
    0xB5, 0x8C, 0x4D, 0x32, 0x2B, 0x01, 0x8C, 0x01, 0x8C, 0x01, 0x6C, 0x01, 0x8C, 0x01, 0x8C, 0x01,
    0x8C, 0x01, 0x8C, 0x01, 0x6C, 0x01, 0xEA, 0x00, 0xEB, 0x31, 0x4A, 0x72, 0x8A, 0xA2, 0x08, 0xB2,
    0xC7, 0xB9, 0xA7, 0xB1, 0xA7, 0xB1, 0x86, 0xA9, 0x86, 0xA9, 0x86, 0xA1, 0x86, 0x99, 0x66, 0x99,
    0x66, 0x91, 0x45, 0x91, 0x25, 0x81, 0x04, 0x79, 0xE4, 0x70, 0xE4, 0x68, 0xA3, 0x60, 0x83, 0x58,
    0x83, 0x50, 0x83, 0x50, 0x83, 0x48, 0x83, 0x48, 0x00, 0x38, 0xC8, 0x71, 0x93, 0xC4, 0xF5, 0xCC,
    0x15, 0xCD, 0x14, 0xCD, 0x34, 0xD5, 0x14, 0xD5, 0x14, 0xD5, 0xF3, 0xD4, 0x14, 0xD5, 0x14, 0xD5,
    0x34, 0xDD, 0x13, 0xD5, 0x34, 0xDD, 0x54, 0xDD, 0x54, 0xDD, 0x75, 0xDD, 0x95, 0xE5, 0x95, 0xE5,
    0xB6, 0xE5, 0xB6, 0xE5, 0x96, 0xE5, 0xD6, 0xED, 0xB5, 0xE5, 0xB5, 0xE5, 0xB5, 0xE5, 0x95, 0xE5,
    0xB5, 0xED, 0xB5, 0xED, 0xD6, 0xED, 0xB6, 0xE5, 0xB5, 0xE5, 0xB5, 0xE5, 0xD6, 0xED, 0xD6, 0xED,
    0xB5, 0xE5, 0xD5, 0xED, 0xD6, 0xED, 0xF6, 0xED, 0xD6, 0xED, 0xD6, 0xED, 0xF6, 0xED, 0xD6, 0xED,
    0xF5, 0xED, 0xF5, 0xED, 0xF6, 0xED, 0x16, 0xEE, 0xF6, 0xED, 0xF6, 0xE5, 0xF6, 0xE5, 0xF6, 0xED,
    0xD5, 0xED, 0x94, 0xED, 0xAD, 0xC3, 0x65, 0x99, 0xC6, 0xA9, 0xE7, 0xA9, 0x07, 0xB2, 0x07, 0xB2,
    0x28, 0xBA, 0x27, 0xB2, 0x28, 0xB2, 0x07, 0xB2, 0x07, 0xB2, 0x07, 0xB2, 0xE7, 0xB1, 0xE7, 0xB1,
    0xE7, 0xB1, 0xC7, 0xA9, 0xC7, 0xA9, 0xC6, 0xA9, 0xA6, 0xB1, 0x86, 0xB1, 0x86, 0xB9, 0xC7, 0xB9,
    0xE7, 0xC1, 0x48, 0xC2, 0x8C, 0xC3, 0xB1, 0xC4, 0x4D, 0x4A, 0xE9, 0x00, 0x8C, 0x01, 0x6C, 0x01,
    0x6C, 0x01, 0x6C, 0x01, 0x6C, 0x01, 0x6C, 0x01, 0x6C, 0x01, 0x6C, 0x01, 0x6B, 0x01, 0x6B, 0x01,
    0x6B, 0x01, 0x6B, 0x01, 0x6B, 0x01, 0x4B, 0x01, 0x4B, 0x01, 0x4B, 0x01, 0x4B, 0x01, 0x4B, 0x01,
    0x4B, 0x01, 0x4B, 0x01, 0x4B, 0x01, 0x4B, 0x01, 0x4B, 0x01, 0x6B, 0x09, 0x6B, 0x09, 0x6A, 0x11,
    0x6A, 0x19, 0x6B, 0x21, 0x6A, 0x29, 0x8A, 0x29, 0x69, 0x29, 0x89, 0x29, 0x6A, 0x21, 0x6A, 0x21,
    0x6A, 0x21, 0x4A, 0x11, 0x2A, 0x11, 0x2A, 0x09, 0x2A, 0x09, 0x2A, 0x01, 0x2A, 0x01, 0x2A, 0x01,
    0x0A, 0x01, 0x0A, 0x01, 0x2A, 0x01, 0x09, 0x01, 0x0A, 0x01, 0x0A, 0x01, 0x09, 0x01, 0x09, 0x01,
    0x09, 0x01, 0x09, 0x01, 0x09, 0x01, 0x09, 0x01, 0x09, 0x01, 0x09, 0x01, 0x08, 0x01, 0x69, 0x11,
    0x08, 0x01, 0xE9, 0x00, 0x09, 0x01, 0xE9, 0x00, 0xE9, 0x00, 0xE9, 0x00, 0xE9, 0x00, 0xC8, 0x00,
    0xE8, 0x00, 0xAA, 0x19, 0x28, 0x09, 0xC8, 0x00, 0xE8, 0x00, 0xE8, 0x00, 0xE8, 0x00, 0xE8, 0x00,
    0xE8, 0x00, 0xC8, 0x00, 0xE8, 0x00, 0xE8, 0x00, 0xE8, 0x00, 0xC8, 0x00, 0xE8, 0x00, 0xE8, 0x00,
    0xA8, 0x00, 0xC8, 0x00, 0xC8, 0x00, 0xC8, 0x00, 0xA8, 0x00, 0xA8, 0x00, 0xA8, 0x00, 0xA8, 0x00,
    0xA8, 0x00, 0xA8, 0x00, 0xA8, 0x00, 0xA8, 0x00, 0xA8, 0x00, 0xA8, 0x00, 0xC8, 0x00, 0xA8, 0x00,
    0xA8, 0x00, 0xC8, 0x00, 0xA7, 0x00, 0xC8, 0x00, 0x6F, 0x32, 0xB4, 0x53, 0xD4, 0x53, 0xB4, 0x53,
    0x4E, 0x2A, 0x4E, 0x32, 0x6E, 0x32, 0x6E, 0x32, 0x6E, 0x3A, 0x4E, 0x32, 0x4E, 0x32, 0x4E, 0x2A,
    0x4E, 0x2A, 0x6E, 0x2A, 0x6E, 0x32, 0x8F, 0x32, 0xAF, 0x3A, 0xCF, 0x42, 0xCF, 0x42, 0x0F, 0x4B,
    0x10, 0x4B, 0x30, 0x53, 0x30, 0x53, 0x50, 0x5B, 0x71, 0x5B, 0x91, 0x63, 0xB2, 0x63, 0xD2, 0x6B,
    0xF3, 0x6B, 0xB2, 0x63, 0x50, 0x53, 0x10, 0x53, 0x10, 0x4B, 0xF0, 0x4A, 0xEF, 0x4A, 0xEF, 0x4A,
    0xEF, 0x4A, 0xEF, 0x4A, 0x0F, 0x4B, 0x10, 0x53, 0x2F, 0x5B, 0x4F, 0x5B, 0x70, 0x63, 0x6F, 0x6B,
    0x6F, 0x6B, 0x90, 0x6B, 0x90, 0x6B, 0x90, 0x63, 0x91, 0x63, 0x91, 0x63, 0x91, 0x63, 0xB1, 0x6B,
    0xD1, 0x6B, 0x12, 0x74, 0x12, 0x7C, 0x32, 0x84, 0x53, 0x84, 0x53, 0x84, 0x53, 0x84, 0x33, 0x7C,
    0x33, 0x7C, 0x53, 0x7C, 0x73, 0x84, 0x94, 0x84, 0x73, 0x8C, 0xD2, 0x9C, 0x35, 0xD6, 0x98, 0xFF,
    0x55, 0xD6, 0xB2, 0x9C, 0x52, 0x84, 0x33, 0x7C, 0x33, 0x7C, 0x53, 0x7C, 0x54, 0x7C, 0x54, 0x74,
    0x34, 0x6C, 0x14, 0x6C, 0xF3, 0x6B, 0x13, 0x74, 0x33, 0x74, 0x13, 0x7C, 0x53, 0x7C, 0x73, 0x84,
    0x73, 0x84, 0x93, 0x8C, 0x93, 0x8C, 0x93, 0x8C, 0xB3, 0x94, 0xB3, 0x94, 0xD3, 0x94, 0xD3, 0x94,
    0xD3, 0x9C, 0xD3, 0x9C, 0xD3, 0x9C, 0xD4, 0x9C, 0xF4, 0x9C, 0xF4, 0x9C, 0xF4, 0x9C, 0xF4, 0x9C,
    0x15, 0x9D, 0xB5, 0x8C, 0x4E, 0x32, 0x4B, 0x01, 0x8C, 0x01, 0x8C, 0x01, 0x8C, 0x01, 0x8C, 0x01,
    0x8C, 0x01, 0x8C, 0x01, 0x6C, 0x01, 0xEA, 0x00, 0xCB, 0x31, 0x8B, 0x7A, 0x0C, 0xBB, 0x8A, 0xCA,
    0x49, 0xCA, 0x08, 0xCA, 0x08, 0xC2, 0x08, 0xBA, 0xE7, 0xB1, 0xE7, 0xA9, 0xC7, 0xA9, 0xC7, 0xA1,
    0xA6, 0xA1, 0x86, 0x99, 0x45, 0x91, 0x25, 0x81, 0x25, 0x81, 0x04, 0x79, 0xC3, 0x68, 0xA3, 0x60,
    0xA3, 0x58, 0xA3, 0x58, 0x83, 0x50, 0x42, 0x40, 0xE9, 0x79, 0x94, 0xCC, 0xB4, 0xCC, 0xD4, 0xCC,
    0xF4, 0xD4, 0xF4, 0xCC, 0xF4, 0xD4, 0x14, 0xD5, 0x14, 0xD5, 0x34, 0xD5, 0x14, 0xD5, 0x34, 0xD5,
    0x54, 0xDD, 0x13, 0xD5, 0x13, 0xD5, 0x54, 0xDD, 0x54, 0xDD, 0x75, 0xDD, 0x95, 0xE5, 0xB5, 0xE5,
    0x95, 0xE5, 0xB5, 0xE5, 0xB6, 0xE5, 0xD6, 0xED, 0xB5, 0xED, 0xB5, 0xED, 0xB5, 0xED, 0x95, 0xED,
    0xB5, 0xED, 0xB6, 0xED, 0xB6, 0xED, 0xD6, 0xED, 0xB5, 0xED, 0xD6, 0xED, 0xD6, 0xED, 0xD6, 0xED,
    0xD6, 0xED, 0xD5, 0xED, 0xD5, 0xED, 0xF6, 0xED, 0xD6, 0xED, 0xD6, 0xED, 0xF6, 0xED, 0xF6, 0xED,
    0x16, 0xEE, 0x16, 0xEE, 0xF6, 0xED, 0xF6, 0xED, 0xF6, 0xED, 0xF6, 0xED, 0xF6, 0xED, 0xF6, 0xED,
    0xF6, 0xED, 0xD6, 0xED, 0x75, 0xF5, 0x4C, 0xC3, 0xE6, 0xA9, 0x27, 0xBA, 0x47, 0xBA, 0x48, 0xBA,
    0x68, 0xC2, 0x68, 0xBA, 0x68, 0xC2, 0x68, 0xBA, 0x68, 0xBA, 0x68, 0xBA, 0x48, 0xBA, 0x48, 0xBA,
    0x48, 0xBA, 0x48, 0xBA, 0x28, 0xB2, 0x28, 0xBA, 0x28, 0xBA, 0x28, 0xC2, 0x49, 0xCA, 0x49, 0xCA,
    0x69, 0xCA, 0xEB, 0xCA, 0x2F, 0xD4, 0xD2, 0xC4, 0x0C, 0x3A, 0xEA, 0x00, 0x8C, 0x01, 0x6C, 0x01,
    0x6C, 0x01, 0x6C, 0x01, 0x6C, 0x01, 0x6C, 0x01, 0x6C, 0x01, 0x6C, 0x01, 0x6C, 0x01, 0x6B, 0x01,
    0x6B, 0x01, 0x6B, 0x01, 0x6B, 0x01, 0x6B, 0x01, 0x6B, 0x01, 0x6B, 0x01, 0x4B, 0x01, 0x6B, 0x01,
    0x6B, 0x01, 0x4B, 0x01, 0x4B, 0x01, 0x4B, 0x01, 0x4B, 0x09, 0x6B, 0x09, 0x6B, 0x11, 0x6B, 0x19,
    0x8A, 0x21, 0x8A, 0x29, 0xCB, 0x39, 0xC9, 0x41, 0xAA, 0x62, 0x29, 0x52, 0xA9, 0x39, 0xAA, 0x31,
    0x8B, 0x29, 0x6A, 0x19, 0x4A, 0x11, 0x2A, 0x11, 0x4A, 0x09, 0x2A, 0x01, 0x2A, 0x01, 0x2A, 0x01,
    0x2A, 0x01, 0x0A, 0x01, 0x2A, 0x01, 0x0A, 0x01, 0x0A, 0x01, 0x0A, 0x01, 0x09, 0x01, 0x09, 0x01,
    0x09, 0x01, 0x09, 0x01, 0x09, 0x01, 0x09, 0x01, 0x09, 0x01, 0x09, 0x01, 0xE9, 0x00, 0xE8, 0x00,
    0x09, 0x01, 0x09, 0x01, 0x09, 0x01, 0xE9, 0x00, 0xE9, 0x00, 0xE9, 0x00, 0xE9, 0x00, 0xE9, 0x00,
    0xE9, 0x00, 0xC8, 0x00, 0xC8, 0x00, 0xE9, 0x00, 0xE8, 0x00, 0xE8, 0x00, 0xE8, 0x00, 0xE8, 0x00,
    0xE8, 0x00, 0xC8, 0x00, 0xC8, 0x00, 0xE8, 0x00, 0xC8, 0x00, 0xC8, 0x00, 0xC8, 0x00, 0xC8, 0x00,
    0xC8, 0x00, 0xC8, 0x00, 0xC8, 0x00, 0xC8, 0x00, 0xC8, 0x00, 0xC8, 0x00, 0xC8, 0x00, 0xC8, 0x00,
    0xC8, 0x00, 0xC8, 0x00, 0xC8, 0x00, 0xC8, 0x00, 0xC8, 0x00, 0xC8, 0x00, 0xC8, 0x00, 0xA8, 0x00,
    0xA8, 0x00, 0xA8, 0x00, 0xE9, 0x00, 0x8F, 0x2A, 0xB4, 0x53, 0xD4, 0x53, 0xB3, 0x4B, 0x93, 0x53,
    0x4F, 0x2A, 0x4F, 0x2A, 0x6F, 0x32, 0x6E, 0x32, 0x4E, 0x32, 0x4E, 0x32, 0x2D, 0x2A, 0x4D, 0x22,
    0x4E, 0x2A, 0x4E, 0x2A, 0x6E, 0x32, 0x8F, 0x32, 0xAF, 0x3A, 0xAF, 0x3A, 0xCF, 0x42, 0xEF, 0x42,
    0x10, 0x4B, 0x10, 0x4B, 0x30, 0x53, 0x50, 0x53, 0x50, 0x53, 0x71, 0x5B, 0x91, 0x63, 0xB2, 0x63,
    0xB2, 0x6B, 0x71, 0x5B, 0x10, 0x4B, 0xEF, 0x4A, 0xEF, 0x4A, 0xEF, 0x42, 0xEF, 0x42, 0xEF, 0x42,
    0xEF, 0x4A, 0xEF, 0x4A, 0x0F, 0x4B, 0x0F, 0x53, 0x0F, 0x53, 0x2F, 0x53, 0x4F, 0x5B, 0x50, 0x5B,
    0x70, 0x5B, 0x6F, 0x5B, 0x50, 0x63, 0x50, 0x63, 0x71, 0x5B, 0x71, 0x5B, 0x91, 0x63, 0x91, 0x63,
    0xB1, 0x6B, 0xF2, 0x73, 0x12, 0x7C, 0x12, 0x7C, 0x33, 0x7C, 0x33, 0x7C, 0x33, 0x7C, 0x13, 0x74,
    0x33, 0x7C, 0x53, 0x7C, 0x53, 0x7C, 0x73, 0x84, 0x73, 0x84, 0x13, 0xAD, 0xF7, 0xEE, 0x97, 0xFF,
    0xF7, 0xEE, 0xF3, 0xA4, 0x53, 0x84, 0x53, 0x7C, 0x33, 0x7C, 0x33, 0x74, 0x14, 0x74, 0x14, 0x6C,
    0xF3, 0x63, 0xF3, 0x63, 0xF2, 0x6B, 0x13, 0x74, 0x12, 0x74, 0x12, 0x7C, 0x32, 0x84, 0x53, 0x84,
    0x73, 0x84, 0x73, 0x8C, 0x93, 0x8C, 0x93, 0x8C, 0xB3, 0x94, 0xB3, 0x94, 0xB3, 0x9C, 0xD3, 0x9C,
    0xD3, 0x9C, 0xD3, 0x9C, 0xD3, 0x9C, 0xD3, 0x9C, 0xD4, 0x9C, 0xD4, 0x9C, 0xD4, 0x9C, 0xF4, 0x9C,
    0x14, 0x9D, 0x56, 0xA5, 0x34, 0x74, 0xCC, 0x11, 0x8C, 0x01, 0x8D, 0x01, 0x8C, 0x01, 0x8C, 0x01,
    0x8C, 0x01, 0x8C, 0x01, 0x6C, 0x01, 0x0B, 0x01, 0xEC, 0x31, 0xEC, 0x8A, 0x6D, 0xC3, 0xEB, 0xD2,
    0xAA, 0xD2, 0x8A, 0xD2, 0x8A, 0xD2, 0x69, 0xC2, 0x49, 0xBA, 0x49, 0xBA, 0x28, 0xB2, 0x08, 0xAA,
    0xE7, 0xA9, 0xA7, 0x99, 0x86, 0x91, 0x65, 0x89, 0x65, 0x89, 0x25, 0x81, 0xE4, 0x78, 0xC4, 0x68,
    0xC3, 0x60, 0xC4, 0x58, 0x42, 0x48, 0x8B, 0x8A, 0x93, 0xC4, 0x73, 0xC4, 0xB4, 0xC4, 0xF4, 0xD4,
    0xD4, 0xCC, 0xB3, 0xCC, 0xD3, 0xCC, 0x34, 0xD5, 0x34, 0xD5, 0x55, 0xD5, 0x55, 0xDD, 0x34, 0xDD,
    0x34, 0xDD, 0x14, 0xDD, 0x34, 0xDD, 0x54, 0xDD, 0x75, 0xDD, 0x95, 0xE5, 0x95, 0xE5, 0x95, 0xE5,
    0xB6, 0xE5, 0xB6, 0xE5, 0xB6, 0xED, 0xB5, 0xED, 0xD6, 0xED, 0xB5, 0xED, 0x95, 0xED, 0x95, 0xED,
    0x95, 0xED, 0xB5, 0xED, 0xD6, 0xED, 0xB6, 0xED, 0xD6, 0xED, 0xD6, 0xED, 0xD6, 0xED, 0xF6, 0xED,
    0xD6, 0xED, 0xD5, 0xED, 0xD5, 0xED, 0xD5, 0xED, 0xF6, 0xED, 0xF6, 0xED, 0xD6, 0xED, 0x94, 0xDD,
    0x95, 0xE5, 0xF6, 0xED, 0x37, 0xF6, 0x16, 0xEE, 0xF6, 0xED, 0xF6, 0xED, 0xF6, 0xED, 0xF6, 0xED,
    0xF5, 0xED, 0xB5, 0xED, 0xB5, 0xED, 0xB5, 0xFD, 0xAD, 0xCB, 0x48, 0xB2, 0x89, 0xC2, 0xA9, 0xC2,
    0xA9, 0xC2, 0xA9, 0xC2, 0x88, 0xC2, 0xC9, 0xCA, 0xA9, 0xC2, 0x89, 0xC2, 0xA9, 0xC2, 0xA9, 0xC2,
    0xA9, 0xC2, 0xA9, 0xC2, 0xA9, 0xC2, 0xA9, 0xC2, 0xAA, 0xC2, 0xCA, 0xCA, 0xCA, 0xD2, 0xCA, 0xD2,
    0xCA, 0xD2, 0x8D, 0xDB, 0x4F, 0xD4, 0xF3, 0xCC, 0xEC, 0x39, 0xEA, 0x00, 0x8D, 0x01, 0x8C, 0x01,
    0x8C, 0x01, 0x8C, 0x01, 0x6C, 0x01, 0x6C, 0x01, 0x6C, 0x01, 0x6C, 0x01, 0x6C, 0x01, 0x6C, 0x01,
    0x6B, 0x01, 0x6B, 0x01, 0x6B, 0x01, 0x6B, 0x01, 0x6B, 0x01, 0x6B, 0x01, 0x6C, 0x01, 0x6B, 0x01,
    0x6B, 0x01, 0x6B, 0x01, 0x6B, 0x01, 0x4B, 0x01, 0x6B, 0x09, 0x6B, 0x11, 0x6B, 0x19, 0x8B, 0x21,
    0xAB, 0x29, 0xEA, 0x39, 0x0A, 0x4A, 0x28, 0x52, 0x34, 0xDE, 0x8E, 0xAC, 0xC7, 0x49, 0x0A, 0x42,
    0xAB, 0x31, 0x8A, 0x29, 0x6A, 0x19, 0x4A, 0x11, 0x4A, 0x09, 0x2A, 0x09, 0x2A, 0x01, 0x2A, 0x01,
    0x2A, 0x01, 0x2A, 0x01, 0x0A, 0x01, 0x0A, 0x01, 0x2A, 0x01, 0x2A, 0x01, 0x0A, 0x01, 0x0A, 0x01,
    0x0A, 0x01, 0x09, 0x01, 0x09, 0x01, 0x09, 0x01, 0x09, 0x01, 0x09, 0x01, 0x09, 0x01, 0x09, 0x01,
    0x09, 0x01, 0x09, 0x01, 0x09, 0x01, 0xE9, 0x00, 0xE9, 0x00, 0xE9, 0x00, 0xE9, 0x00, 0xE9, 0x00,
    0xE9, 0x00, 0x09, 0x01, 0xE9, 0x00, 0xE9, 0x00, 0xE8, 0x00, 0xE8, 0x00, 0xE8, 0x00, 0xE8, 0x00,
    0xC8, 0x00, 0x2A, 0x09, 0x4A, 0x09, 0xE8, 0x00, 0xE8, 0x00, 0xC8, 0x00, 0xC8, 0x00, 0xC8, 0x00,
    0xC8, 0x00, 0xC8, 0x00, 0xC8, 0x00, 0xC8, 0x00, 0xC8, 0x00, 0xC8, 0x00, 0xC8, 0x00, 0xC8, 0x00,
    0xC8, 0x00, 0xC8, 0x00, 0xC8, 0x00, 0xC8, 0x00, 0xC8, 0x00, 0xC8, 0x00, 0xC8, 0x00, 0xC8, 0x00,
    0xA8, 0x00, 0xC9, 0x00, 0x6F, 0x2A, 0xD5, 0x53, 0xD4, 0x53, 0xB3, 0x53, 0x93, 0x53, 0x72, 0x4B,
    0x4F, 0x2A, 0x4F, 0x2A, 0x6F, 0x32, 0x4E, 0x32, 0x4E, 0x32, 0x2D, 0x2A, 0x0D, 0x22, 0x2D, 0x22,
    0x2E, 0x22, 0x4E, 0x2A, 0x6E, 0x2A, 0x8F, 0x32, 0x8F, 0x3A, 0xAF, 0x3A, 0xAF, 0x3A, 0xAF, 0x42,
    0xCF, 0x42, 0xEF, 0x4A, 0x0F, 0x4B, 0x10, 0x4B, 0x30, 0x53, 0x50, 0x53, 0x71, 0x5B, 0x92, 0x63,
    0x92, 0x63, 0x30, 0x53, 0xEF, 0x42, 0xEF, 0x42, 0xCF, 0x42, 0xCF, 0x42, 0xCF, 0x42, 0xCF, 0x42,
    0xEF, 0x42, 0xEF, 0x4A, 0x0F, 0x4B, 0x0F, 0x4B, 0x10, 0x53, 0x10, 0x53, 0x2F, 0x53, 0x2F, 0x53,
    0x2F, 0x5B, 0x2F, 0x53, 0x30, 0x53, 0x30, 0x5B, 0x50, 0x5B, 0x70, 0x5B, 0x70, 0x5B, 0x71, 0x63,
    0x91, 0x63, 0xD2, 0x6B, 0xF2, 0x73, 0x12, 0x74, 0x13, 0x74, 0x13, 0x74, 0x13, 0x74, 0x13, 0x74,
    0x13, 0x74, 0x33, 0x74, 0x33, 0x7C, 0x53, 0x7C, 0x73, 0x84, 0x72, 0x8C, 0xD1, 0xAC, 0xD7, 0xEE,
    0xF2, 0xA4, 0x52, 0x84, 0x53, 0x7C, 0x33, 0x7C, 0x33, 0x74, 0x14, 0x6C, 0xF4, 0x63, 0xD3, 0x63,
    0xB2, 0x63, 0xB2, 0x63, 0xF2, 0x6B, 0x13, 0x74, 0x12, 0x74, 0x12, 0x7C, 0x32, 0x7C, 0x53, 0x84,
    0x73, 0x84, 0x73, 0x8C, 0x93, 0x8C, 0x93, 0x8C, 0xB3, 0x94, 0xB3, 0x94, 0xB3, 0x9C, 0xD3, 0x9C,
    0xD3, 0x9C, 0xD3, 0x9C, 0xD3, 0x9C, 0xD3, 0x9C, 0xD4, 0x9C, 0xD4, 0x9C, 0xD3, 0x9C, 0xF4, 0x9C,
    0x14, 0x9D, 0x35, 0xA5, 0x16, 0x9D, 0x8F, 0x3A, 0x6B, 0x01, 0x8C, 0x01, 0x8C, 0x01, 0x8D, 0x01,
    0x8D, 0x01, 0x8C, 0x01, 0x8D, 0x01, 0x2B, 0x01, 0xCC, 0x31, 0x0D, 0x8B, 0x8E, 0xC3, 0xEB, 0xD2,
    0xEB, 0xD2, 0xCB, 0xD2, 0xAA, 0xD2, 0xAA, 0xCA, 0x8A, 0xC2, 0x89, 0xC2, 0x49, 0xB2, 0x28, 0xB2,
    0x08, 0xAA, 0xE7, 0xA1, 0xC7, 0x99, 0xA7, 0x91, 0x86, 0x91, 0x45, 0x81, 0x05, 0x79, 0xE4, 0x70,
    0xC3, 0x60, 0x41, 0x48, 0x6A, 0x8A, 0xD4, 0xD4, 0x73, 0xC4, 0x72, 0xBC, 0xB3, 0xCC, 0xD3, 0xCC,
    0xD3, 0xCC, 0x14, 0xD5, 0xF3, 0xCC, 0x51, 0xB4, 0xAE, 0x9B, 0x6E, 0x9B, 0x30, 0xB4, 0x34, 0xD5,
    0x34, 0xDD, 0x13, 0xDD, 0x13, 0xD5, 0x54, 0xDD, 0x54, 0xDD, 0x74, 0xDD, 0x75, 0xE5, 0x95, 0xE5,
    0xB6, 0xED, 0xB6, 0xED, 0x95, 0xE5, 0xB5, 0xE5, 0xB6, 0xED, 0xB6, 0xED, 0xB6, 0xED, 0xB6, 0xED,
    0xB6, 0xED, 0xB6, 0xED, 0xB6, 0xED, 0xB5, 0xED, 0xB5, 0xED, 0xD6, 0xED, 0xD6, 0xED, 0xD6, 0xED,
    0xB5, 0xED, 0xD6, 0xED, 0xD5, 0xED, 0xD5, 0xED, 0xF6, 0xF5, 0xF6, 0xF5, 0x6C, 0xA3, 0xA9, 0x82,
    0x0B, 0x93, 0xAE, 0xA3, 0x13, 0xCD, 0x17, 0xEE, 0x37, 0xF6, 0x16, 0xEE, 0x17, 0xEE, 0xD6, 0xED,
    0xB5, 0xE5, 0xB4, 0xE5, 0x94, 0xE5, 0x94, 0xE5, 0x74, 0xF5, 0xAD, 0xCB, 0x88, 0xBA, 0xA9, 0xC2,
    0xC9, 0xCA, 0xC9, 0xC2, 0xC9, 0xCA, 0xEA, 0xCA, 0xEA, 0xCA, 0xC9, 0xCA, 0xEA, 0xCA, 0xEA, 0xCA,
    0xEA, 0xCA, 0xCA, 0xC2, 0xEA, 0xC2, 0xEA, 0xCA, 0x0A, 0xCB, 0xEA, 0xCA, 0xEA, 0xD2, 0x0B, 0xD3,
    0x2B, 0xD3, 0xAD, 0xD3, 0x70, 0xDC, 0xD3, 0xC4, 0xAB, 0x29, 0x0B, 0x01, 0x8C, 0x01, 0x8C, 0x01,
    0x8C, 0x01, 0x8C, 0x01, 0x8C, 0x01, 0x8C, 0x01, 0x8C, 0x01, 0x6C, 0x01, 0x6B, 0x01, 0x8C, 0x01,
    0xAC, 0x09, 0x6B, 0x01, 0x6B, 0x01, 0x6B, 0x01, 0x6B, 0x01, 0x6B, 0x01, 0x6C, 0x01, 0x6B, 0x01,
    0x6B, 0x01, 0x6B, 0x01, 0x6B, 0x01, 0x6B, 0x09, 0x6B, 0x09, 0x6B, 0x11, 0x8B, 0x19, 0x8B, 0x29,
    0xCA, 0x31, 0x0A, 0x4A, 0x2A, 0x52, 0x2A, 0x7B, 0x14, 0xFF, 0xAF, 0xD5, 0x47, 0x62, 0x2A, 0x52,
    0xCA, 0x39, 0x8A, 0x29, 0x6A, 0x19, 0x4A, 0x11, 0x4A, 0x11, 0x4A, 0x09, 0x2A, 0x01, 0x2A, 0x01,
    0x2A, 0x01, 0x2A, 0x01, 0x2A, 0x01, 0x0A, 0x01, 0x2A, 0x01, 0x2A, 0x01, 0x2A, 0x01, 0x2A, 0x01,
    0x2A, 0x01, 0x0A, 0x01, 0x0A, 0x01, 0x09, 0x01, 0x09, 0x01, 0x09, 0x01, 0x09, 0x01, 0x09, 0x01,
    0x09, 0x01, 0xE9, 0x00, 0x09, 0x01, 0xE9, 0x00, 0xE9, 0x00, 0xE9, 0x00, 0xE9, 0x00, 0xE9, 0x00,
    0x09, 0x01, 0xE9, 0x00, 0xE8, 0x00, 0xE8, 0x00, 0xE9, 0x00, 0xE9, 0x00, 0xE9, 0x00, 0xE9, 0x00,
    0xC8, 0x00, 0x09, 0x01, 0x09, 0x01, 0xE8, 0x00, 0xE8, 0x00, 0xC8, 0x00, 0xC8, 0x00, 0xC8, 0x00,
    0xC8, 0x00, 0xC8, 0x00, 0xC8, 0x00, 0xC8, 0x00, 0xC8, 0x00, 0xC8, 0x00, 0xC8, 0x00, 0xC8, 0x00,
    0xC8, 0x00, 0xC8, 0x00, 0xC8, 0x00, 0xC8, 0x00, 0xC8, 0x00, 0xC8, 0x00, 0xC8, 0x00, 0xA8, 0x00,
    0x88, 0x00, 0xCD, 0x19, 0xB4, 0x53, 0xD5, 0x53, 0xB4, 0x53, 0x93, 0x53, 0x92, 0x53, 0x72, 0x4B,
    0x6F, 0x2A, 0x6F, 0x2A, 0x6F, 0x2A, 0x6F, 0x32, 0x4E, 0x2A, 0x0D, 0x2A, 0x0D, 0x22, 0x2D, 0x22,
    0x2E, 0x22, 0x4E, 0x2A, 0x4E, 0x2A, 0x6E, 0x32, 0x6E, 0x32, 0x8F, 0x3A, 0x8F, 0x3A, 0xAF, 0x3A,
    0xAF, 0x42, 0xCF, 0x42, 0xEF, 0x42, 0xEF, 0x4A, 0x10, 0x4B, 0x30, 0x53, 0x51, 0x53, 0x71, 0x5B,
    0x71, 0x5B, 0x30, 0x4B, 0xEF, 0x42, 0xCF, 0x42, 0xCF, 0x42, 0xCF, 0x42, 0xCF, 0x42, 0xCF, 0x42,
    0xEF, 0x42, 0xEF, 0x4A, 0xEF, 0x4A, 0x0F, 0x4B, 0x0F, 0x4B, 0x0F, 0x4B, 0x0F, 0x4B, 0x0F, 0x53,
    0x0F, 0x53, 0x0F, 0x53, 0x30, 0x53, 0x30, 0x53, 0x30, 0x53, 0x50, 0x53, 0x70, 0x5B, 0x71, 0x5B,
    0x91, 0x63, 0xB2, 0x63, 0xD2, 0x6B, 0xF2, 0x6B, 0xF2, 0x6B, 0xF2, 0x6B, 0xF2, 0x6B, 0xF2, 0x6B,
    0xF3, 0x6B, 0x13, 0x74, 0x33, 0x74, 0x33, 0x7C, 0x53, 0x7C, 0x52, 0x84, 0x72, 0x8C, 0xB3, 0x94,
    0x72, 0x8C, 0x53, 0x84, 0x33, 0x74, 0x33, 0x74, 0x14, 0x6C, 0xF3, 0x63, 0xD3, 0x63, 0xB2, 0x63,
    0x92, 0x63, 0xB2, 0x63, 0xF2, 0x6B, 0x12, 0x74, 0x12, 0x74, 0x32, 0x7C, 0x33, 0x7C, 0x53, 0x84,
    0x73, 0x84, 0x73, 0x8C, 0x93, 0x8C, 0x93, 0x94, 0xB3, 0x94, 0xB3, 0x94, 0xB3, 0x9C, 0xD3, 0x9C,
    0xD3, 0x9C, 0xD3, 0x9C, 0xD3, 0x9C, 0xD3, 0x9C, 0xD3, 0x9C, 0xD3, 0x9C, 0xF3, 0x9C, 0xF3, 0x9C,
    0x14, 0x9D, 0x14, 0x9D, 0x56, 0xA5, 0xD2, 0x6B, 0x6B, 0x09, 0x8C, 0x01, 0x8C, 0x01, 0xAC, 0x01,
    0x8D, 0x01, 0xAD, 0x01, 0xAD, 0x01, 0x4B, 0x01, 0xCC, 0x29, 0x2E, 0x8B, 0xAE, 0xCB, 0x2C, 0xD3,
    0x0B, 0xD3, 0xEC, 0xD2, 0xEB, 0xD2, 0xEB, 0xD2, 0xCB, 0xCA, 0xAA, 0xC2, 0x8A, 0xBA, 0x69, 0xBA,
    0x28, 0xAA, 0x28, 0xAA, 0x08, 0xA2, 0xE7, 0xA1, 0xC7, 0x91, 0x86, 0x89, 0x45, 0x81, 0x05, 0x71,
    0x62, 0x50, 0x09, 0x82, 0xB3, 0xCC, 0x92, 0xC4, 0x92, 0xC4, 0x92, 0xC4, 0xB3, 0xCC, 0xB3, 0xCC,
    0x14, 0xD5, 0x30, 0xB4, 0x8A, 0x7A, 0xE7, 0x69, 0xA7, 0x61, 0x66, 0x61, 0xCA, 0x8A, 0x34, 0xDD,
    0x34, 0xDD, 0xF3, 0xD4, 0xF3, 0xD4, 0x54, 0xDD, 0x54, 0xDD, 0x75, 0xE5, 0x75, 0xE5, 0x75, 0xE5,
    0xB5, 0xE5, 0xB5, 0xE5, 0x74, 0xE5, 0xB5, 0xED, 0xB5, 0xED, 0xB5, 0xED, 0xB5, 0xED, 0xB5, 0xED,
    0xB5, 0xED, 0xD6, 0xED, 0xB5, 0xED, 0x95, 0xED, 0xB5, 0xED, 0xB5, 0xED, 0xB5, 0xED, 0xB5, 0xED,
    0xB5, 0xED, 0xD5, 0xED, 0xD5, 0xED, 0xF5, 0xED, 0xD6, 0xF5, 0xF6, 0xF5, 0x50, 0xC4, 0x2B, 0x9B,
    0x0B, 0x93, 0x69, 0x82, 0x49, 0x7A, 0x6D, 0xA3, 0x74, 0xDD, 0x57, 0xF6, 0x57, 0xF6, 0xF5, 0xED,
    0xB4, 0xE5, 0xB5, 0xE5, 0xB4, 0xE5, 0x74, 0xE5, 0x74, 0xE5, 0x54, 0xED, 0xAD, 0xD3, 0xA9, 0xC2,
    0xEA, 0xCA, 0x0A, 0xCB, 0x2A, 0xCB, 0x2B, 0xCB, 0x2B, 0xD3, 0xEA, 0xCA, 0x0A, 0xCB, 0x2B, 0xD3,
    0x2B, 0xCB, 0x0B, 0xCB, 0x2B, 0xCB, 0x4B, 0xCB, 0x4C, 0xD3, 0x2B, 0xD3, 0x4B, 0xD3, 0x4B, 0xD3,
    0x4C, 0xD3, 0xEE, 0xDB, 0xB1, 0xDC, 0xB3, 0xBC, 0x6A, 0x21, 0x2B, 0x01, 0x8D, 0x01, 0x8D, 0x01,
    0x8C, 0x01, 0x8C, 0x01, 0x8C, 0x01, 0x6C, 0x01, 0x6C, 0x01, 0x8C, 0x01, 0x4B, 0x01, 0x4E, 0x1A,
    0x72, 0x43, 0x8B, 0x01, 0x6B, 0x01, 0x6B, 0x01, 0x6C, 0x01, 0x6C, 0x01, 0x6C, 0x01, 0x6C, 0x01,
    0x6B, 0x01, 0x6B, 0x01, 0x6B, 0x01, 0x6B, 0x09, 0x6B, 0x11, 0x8B, 0x19, 0x8B, 0x21, 0xAB, 0x29,
    0xEB, 0x39, 0x0A, 0x52, 0xE8, 0x51, 0x10, 0xBD, 0x13, 0xFF, 0x2E, 0xEE, 0x69, 0x8B, 0xC8, 0x51,
    0xC9, 0x41, 0xAA, 0x31, 0x6A, 0x21, 0x4A, 0x11, 0x4A, 0x11, 0x4A, 0x09, 0x2A, 0x01, 0x2A, 0x01,
    0x2A, 0x01, 0x2A, 0x01, 0x2A, 0x01, 0x2A, 0x01, 0x2A, 0x01, 0x2A, 0x01, 0x0A, 0x01, 0x0A, 0x01,
    0x0A, 0x01, 0x2A, 0x01, 0x2A, 0x01, 0x0A, 0x01, 0x09, 0x01, 0x09, 0x01, 0x09, 0x01, 0x09, 0x01,
    0x09, 0x01, 0x09, 0x01, 0x09, 0x01, 0x09, 0x01, 0x09, 0x01, 0x09, 0x01, 0x09, 0x01, 0x09, 0x01,
    0x09, 0x01, 0x09, 0x01, 0xE9, 0x00, 0xE8, 0x00, 0xE9, 0x00, 0xE9, 0x00, 0xE9, 0x00, 0xE9, 0x00,
    0xE9, 0x00, 0xE8, 0x00, 0xC8, 0x00, 0xE8, 0x00, 0xE8, 0x00, 0xE8, 0x00, 0xC8, 0x00, 0xC8, 0x00,
    0xC8, 0x00, 0xC8, 0x00, 0xC8, 0x00, 0xC8, 0x00, 0xC8, 0x00, 0xC8, 0x00, 0xC8, 0x00, 0xC8, 0x00,
    0xC8, 0x00, 0xC9, 0x00, 0xC8, 0x00, 0xA8, 0x00, 0xA8, 0x00, 0xC8, 0x00, 0xC8, 0x00, 0x09, 0x09,
    0x8B, 0x11, 0x11, 0x43, 0xD4, 0x53, 0x93, 0x53, 0x93, 0x53, 0x93, 0x53, 0x72, 0x4B, 0x52, 0x4B,
    0xB0, 0x32, 0x90, 0x32, 0x6F, 0x2A, 0x4E, 0x2A, 0x0D, 0x22, 0xEC, 0x21, 0xEC, 0x19, 0x0D, 0x22,
    0x2E, 0x22, 0x4E, 0x2A, 0x4E, 0x2A, 0x6E, 0x32, 0x6E, 0x32, 0x8E, 0x32, 0x8F, 0x3A, 0xAF, 0x3A,
    0xAF, 0x3A, 0xCF, 0x42, 0xCF, 0x42, 0xEF, 0x42, 0xF0, 0x42, 0x30, 0x4B, 0x31, 0x4B, 0x51, 0x53,
    0x51, 0x4B, 0x10, 0x43, 0xF0, 0x42, 0xCF, 0x3A, 0xCF, 0x3A, 0xCF, 0x3A, 0xCF, 0x42, 0xEF, 0x42,
    0xEF, 0x42, 0xF0, 0x42, 0xF0, 0x4A, 0xEF, 0x4A, 0xEF, 0x4A, 0xEF, 0x4A, 0xEF, 0x4A, 0x0F, 0x4B,
    0x0F, 0x4B, 0x0F, 0x4B, 0x0F, 0x4B, 0x10, 0x4B, 0x10, 0x4B, 0x10, 0x53, 0x30, 0x53, 0x50, 0x5B,
    0x71, 0x5B, 0x91, 0x63, 0xB2, 0x63, 0xD2, 0x63, 0xD2, 0x6B, 0xD2, 0x63, 0xD2, 0x63, 0xD2, 0x63,
    0xD2, 0x63, 0xF2, 0x6B, 0xF3, 0x6B, 0x13, 0x6C, 0x13, 0x74, 0x13, 0x74, 0x33, 0x74, 0x13, 0x74,
    0x13, 0x74, 0x13, 0x74, 0x13, 0x6C, 0x14, 0x6C, 0xF3, 0x63, 0xB3, 0x5B, 0xB2, 0x5B, 0xB2, 0x63,
    0xB1, 0x63, 0xB2, 0x63, 0xD2, 0x6B, 0x12, 0x74, 0x12, 0x74, 0x32, 0x7C, 0x33, 0x7C, 0x53, 0x84,
    0x73, 0x84, 0x73, 0x8C, 0x93, 0x8C, 0xB3, 0x94, 0xB3, 0x94, 0xB3, 0x94, 0xD3, 0x9C, 0xD4, 0x9C,
    0xF3, 0x9C, 0xD3, 0x9C, 0xD3, 0x9C, 0xD3, 0x9C, 0xF3, 0x9C, 0xF3, 0x9C, 0xF4, 0x9C, 0xF4, 0x9C,
    0x14, 0xA5, 0x35, 0xA5, 0x76, 0xA5, 0xD5, 0x8C, 0xCB, 0x19, 0x6B, 0x01, 0xAC, 0x01, 0x8C, 0x01,
    0x8D, 0x01, 0xAD, 0x01, 0xAD, 0x01, 0x4C, 0x01, 0xCC, 0x29, 0x0D, 0x83, 0xCF, 0xCB, 0x6D, 0xDB,
    0x2C, 0xDB, 0x0C, 0xDB, 0x0C, 0xD3, 0x0C, 0xD3, 0xEB, 0xD2, 0xCB, 0xCA, 0xAB, 0xC2, 0xAA, 0xBA,
    0x8A, 0xBA, 0x69, 0xB2, 0x28, 0xAA, 0x08, 0xA2, 0x08, 0xA2, 0xA7, 0x91, 0x66, 0x81, 0xC4, 0x68,
    0xC8, 0x79, 0x31, 0xC4, 0x51, 0xBC, 0x92, 0xC4, 0x92, 0xC4, 0xB3, 0xCC, 0xD4, 0xCC, 0xF4, 0xCC,
    0xCF, 0xAB, 0xA6, 0x61, 0x86, 0x61, 0xAB, 0x8A, 0xAE, 0xB3, 0x51, 0xC4, 0xF3, 0xD4, 0xF3, 0xD4,
    0x13, 0xDD, 0x13, 0xD5, 0x13, 0xD5, 0x13, 0xD5, 0x54, 0xDD, 0x75, 0xE5, 0x75, 0xE5, 0x95, 0xE5,
    0xB5, 0xED, 0xB5, 0xE5, 0x95, 0xE5, 0xB5, 0xED, 0xB5, 0xED, 0x95, 0xED, 0x95, 0xED, 0xB6, 0xED,
    0xB5, 0xED, 0xD5, 0xED, 0xB5, 0xED, 0xD5, 0xED, 0xD5, 0xED, 0xD5, 0xED, 0xD5, 0xED, 0xD5, 0xED,
    0xD5, 0xED, 0xD5, 0xED, 0xD5, 0xED, 0xF5, 0xF5, 0xF6, 0xF5, 0xD5, 0xF5, 0x16, 0xFE, 0x37, 0xFE,
    0x16, 0xF6, 0x94, 0xE5, 0x50, 0xC4, 0xAA, 0x8A, 0x48, 0x82, 0x74, 0xE5, 0x37, 0xF6, 0xF5, 0xED,
    0xD5, 0xED, 0xD5, 0xED, 0xB4, 0xE5, 0xB4, 0xE5, 0xB5, 0xED, 0x94, 0xED, 0x53, 0xF5, 0xAD, 0xCB,
    0x0A, 0xC3, 0x4B, 0xD3, 0x4B, 0xCB, 0x6C, 0xD3, 0x6B, 0xD3, 0x4C, 0xD3, 0x4B, 0xD3, 0x6C, 0xDB,
    0x8C, 0xD3, 0x6C, 0xD3, 0x6C, 0xD3, 0x6C, 0xD3, 0x8C, 0xD3, 0x8C, 0xD3, 0x6C, 0xDB, 0x6C, 0xDB,
    0x6C, 0xDB, 0x4F, 0xE4, 0xD2, 0xDC, 0x73, 0xAC, 0x29, 0x11, 0x4B, 0x01, 0x8D, 0x01, 0x8D, 0x01,
    0x8D, 0x01, 0x8C, 0x01, 0x8C, 0x01, 0x8C, 0x01, 0x8C, 0x01, 0x6C, 0x01, 0x6C, 0x01, 0xAD, 0x09,
    0xED, 0x11, 0x4B, 0x01, 0x6C, 0x01, 0x6C, 0x01, 0x6C, 0x01, 0x6C, 0x01, 0x6C, 0x01, 0x6C, 0x01,
    0x6C, 0x01, 0x6B, 0x01, 0x6B, 0x01, 0x6B, 0x09, 0x6B, 0x11, 0x8B, 0x19, 0xAB, 0x29, 0xAA, 0x31,
    0x88, 0x39, 0xAA, 0x62, 0xF0, 0xAC, 0x14, 0xFF, 0x8E, 0xF6, 0xEB, 0xED, 0x6C, 0xDD, 0xAA, 0x9B,
    0x68, 0x62, 0x88, 0x31, 0x8A, 0x29, 0x6A, 0x19, 0x4A, 0x11, 0x4A, 0x09, 0x2A, 0x01, 0x2A, 0x01,
    0x2A, 0x01, 0x2A, 0x01, 0x2A, 0x01, 0x2A, 0x01, 0x2A, 0x01, 0x2A, 0x01, 0x0A, 0x01, 0x0A, 0x01,
    0x0A, 0x01, 0x2A, 0x01, 0x2A, 0x01, 0x0A, 0x01, 0x0A, 0x01, 0x0A, 0x01, 0x0A, 0x01, 0x0A, 0x01,
    0x09, 0x01, 0x09, 0x01, 0x09, 0x01, 0x09, 0x01, 0x09, 0x01, 0x09, 0x01, 0x09, 0x01, 0x09, 0x01,
    0x09, 0x01, 0x09, 0x01, 0x09, 0x01, 0x09, 0x01, 0xE8, 0x00, 0xE9, 0x00, 0xE9, 0x00, 0xE9, 0x00,
    0xE9, 0x00, 0xE9, 0x00, 0xE8, 0x00, 0xE8, 0x00, 0xE8, 0x00, 0xE8, 0x00, 0xC8, 0x00, 0xC9, 0x00,
    0xC9, 0x00, 0xC9, 0x00, 0xC9, 0x00, 0xC9, 0x00, 0xC8, 0x00, 0xC8, 0x00, 0xC8, 0x00, 0xC8, 0x00,
    0xC8, 0x00, 0x87, 0x00, 0x87, 0x00, 0xC8, 0x00, 0x6B, 0x11, 0x4E, 0x2A, 0xB0, 0x3A, 0xF1, 0x3A,
    0x32, 0x43, 0x93, 0x4B, 0x73, 0x4B, 0x72, 0x4B, 0x52, 0x4B, 0x52, 0x4B, 0x52, 0x4B, 0x52, 0x4B,
    0xB0, 0x32, 0x90, 0x2A, 0x6F, 0x2A, 0x2E, 0x22, 0x2D, 0x22, 0x0D, 0x22, 0xEC, 0x19, 0x0D, 0x22,
    0x4E, 0x22, 0x4E, 0x2A, 0x6E, 0x2A, 0x6E, 0x32, 0x8E, 0x32, 0x8E, 0x32, 0x8F, 0x3A, 0xAF, 0x3A,
    0xAF, 0x3A, 0xCF, 0x3A, 0xCF, 0x3A, 0xF0, 0x42, 0xF0, 0x42, 0x11, 0x43, 0x31, 0x43, 0x32, 0x4B,
    0x32, 0x43, 0x11, 0x43, 0xF0, 0x3A, 0xD0, 0x3A, 0xD0, 0x3A, 0xF0, 0x3A, 0xF0, 0x42, 0xF0, 0x42,
    0xF0, 0x42, 0xF0, 0x42, 0xF0, 0x42, 0xF0, 0x42, 0xEF, 0x42, 0xEF, 0x42, 0xEF, 0x42, 0xEF, 0x42,
    0xEF, 0x42, 0xEF, 0x42, 0xEF, 0x42, 0xF0, 0x42, 0xF0, 0x42, 0xEF, 0x4A, 0x10, 0x4B, 0x30, 0x53,
    0x51, 0x53, 0x91, 0x5B, 0x91, 0x5B, 0xB2, 0x5B, 0xB2, 0x5B, 0xB2, 0x5B, 0xB2, 0x5B, 0xB2, 0x5B,
    0xB3, 0x5B, 0xD3, 0x63, 0xD3, 0x63, 0xF3, 0x63, 0xF3, 0x63, 0xF3, 0x63, 0xF3, 0x6B, 0xF3, 0x6B,
    0xF3, 0x6B, 0xF3, 0x63, 0xF3, 0x63, 0xF3, 0x63, 0xD3, 0x63, 0xB2, 0x5B, 0x92, 0x5B, 0xB2, 0x5B,
    0xB1, 0x63, 0xB1, 0x63, 0xD2, 0x6B, 0xF2, 0x73, 0x12, 0x74, 0x32, 0x7C, 0x53, 0x7C, 0x73, 0x84,
    0x73, 0x84, 0x93, 0x8C, 0xB3, 0x94, 0xB4, 0x94, 0xD3, 0x94, 0xD4, 0x94, 0xD4, 0x9C, 0xF3, 0x9C,
    0xF3, 0x9C, 0xF3, 0x9C, 0xF3, 0x9C, 0xF3, 0x9C, 0xF3, 0x9C, 0xF4, 0x9C, 0xF4, 0x9C, 0xF4, 0x9C,
    0x15, 0xA5, 0x14, 0xA5, 0x55, 0xA5, 0x36, 0x9D, 0x8E, 0x3A, 0x4B, 0x01, 0xAD, 0x01, 0xAD, 0x01,
    0xAD, 0x01, 0xAD, 0x01, 0xAE, 0x01, 0x8D, 0x01, 0xED, 0x21, 0x2E, 0x83, 0xEF, 0xCB, 0x6D, 0xD3,
    0x4C, 0xDB, 0x2C, 0xDB, 0x2C, 0xDB, 0x2C, 0xD3, 0x0C, 0xD3, 0x0C, 0xCB, 0xEB, 0xCA, 0xCB, 0xC2,
    0xAA, 0xBA, 0x6A, 0xB2, 0x49, 0xB2, 0x28, 0xAA, 0x08, 0xA2, 0xE7, 0x99, 0x66, 0x81, 0xA7, 0x81,
    0xAF, 0xB3, 0x32, 0xBC, 0x52, 0xBC, 0xB3, 0xCC, 0x93, 0xC4, 0xB3, 0xCC, 0xD3, 0xCC, 0x71, 0xBC,
    0x08, 0x72, 0xEB, 0x92, 0x72, 0xCC, 0xF4, 0xDC, 0xF3, 0xDC, 0xF3, 0xDC, 0xF3, 0xDC, 0xF3, 0xD4,
    0x13, 0xDD, 0xD2, 0xD4, 0xF3, 0xD4, 0xF3, 0xD4, 0x34, 0xDD, 0x54, 0xDD, 0x54, 0xE5, 0x75, 0xE5,
    0x95, 0xE5, 0xB5, 0xED, 0xB5, 0xED, 0x95, 0xE5, 0x74, 0xE5, 0x95, 0xE5, 0x95, 0xED, 0xB5, 0xED,
    0xD6, 0xED, 0xD6, 0xED, 0xD5, 0xED, 0xD5, 0xED, 0xD5, 0xED, 0xD5, 0xED, 0xD5, 0xED, 0xD5, 0xED,
    0xF5, 0xED, 0xF6, 0xED, 0xD5, 0xED, 0xF6, 0xF5, 0x16, 0xF6, 0x16, 0xF6, 0x16, 0xF6, 0x16, 0xF6,
    0x16, 0xF6, 0x36, 0xF6, 0x57, 0xFE, 0xD5, 0xED, 0xAD, 0xAB, 0x54, 0xE5, 0x78, 0xFE, 0xF6, 0xED,
    0xB5, 0xE5, 0xD5, 0xED, 0xB4, 0xE5, 0xB4, 0xE5, 0xB4, 0xE5, 0x94, 0xE5, 0x94, 0xED, 0x53, 0xED,
    0xAD, 0xCB, 0x4B, 0xD3, 0x6C, 0xD3, 0x8C, 0xDB, 0x6C, 0xD3, 0x8C, 0xDB, 0x8C, 0xDB, 0x8D, 0xDB,
    0x8D, 0xDB, 0x8D, 0xDB, 0xAD, 0xDB, 0xAD, 0xDB, 0xAD, 0xDB, 0xCE, 0xDB, 0xAD, 0xDB, 0xAD, 0xDB,
    0xAD, 0xDB, 0x70, 0xE4, 0x13, 0xE5, 0x93, 0xAC, 0x2A, 0x11, 0x4C, 0x01, 0xAD, 0x01, 0x8D, 0x01,
    0x8D, 0x01, 0x8C, 0x01, 0x8C, 0x01, 0x8C, 0x01, 0x8C, 0x01, 0x8C, 0x01, 0x6C, 0x01, 0x6C, 0x01,
    0x4B, 0x01, 0x6C, 0x01, 0x6C, 0x01, 0x6C, 0x01, 0x6C, 0x01, 0x6C, 0x01, 0x6C, 0x01, 0x6C, 0x01,
    0x6C, 0x01, 0x6B, 0x01, 0x6B, 0x01, 0x6B, 0x09, 0x8C, 0x11, 0x8C, 0x21, 0x8A, 0x29, 0xE9, 0x41,
    0x11, 0xB5, 0xD3, 0xF6, 0x53, 0xFF, 0xAF, 0xFE, 0x2B, 0xF6, 0x88, 0xED, 0x68, 0xE5, 0x8B, 0xED,
    0x2D, 0xD5, 0xCD, 0x8B, 0xA9, 0x31, 0x8A, 0x21, 0x6B, 0x11, 0x4B, 0x09, 0x6A, 0x09, 0x4A, 0x01,
    0x4A, 0x01, 0x4A, 0x01, 0x4A, 0x01, 0x2A, 0x01, 0x2A, 0x01, 0x2A, 0x01, 0x2A, 0x01, 0x2A, 0x01,
    0x0A, 0x01, 0x2A, 0x01, 0x2A, 0x01, 0x2A, 0x01, 0x2A, 0x01, 0x0A, 0x01, 0x0A, 0x01, 0x0A, 0x01,
    0x09, 0x01, 0x09, 0x01, 0x09, 0x01, 0x09, 0x01, 0x09, 0x01, 0x09, 0x01, 0x09, 0x01, 0x09, 0x01,
    0x09, 0x01, 0x09, 0x01, 0x09, 0x01, 0x09, 0x01, 0x09, 0x01, 0x09, 0x01, 0x09, 0x01, 0xE9, 0x00,
    0xE9, 0x00, 0xE9, 0x00, 0xE9, 0x00, 0xE9, 0x00, 0xE8, 0x00, 0xE9, 0x00, 0xE8, 0x00, 0xC9, 0x00,
    0xC9, 0x00, 0xC9, 0x00, 0xC9, 0x00, 0xC9, 0x00, 0xC9, 0x00, 0xC9, 0x00, 0xC8, 0x00, 0xC8, 0x00,
    0xC8, 0x00, 0x4C, 0x32, 0x2D, 0x2A, 0x6F, 0x2A, 0x93, 0x4B, 0xD4, 0x53, 0xD4, 0x53, 0x93, 0x53,
    0x52, 0x4B, 0x31, 0x43, 0x31, 0x43, 0x11, 0x43, 0x11, 0x43, 0x11, 0x43, 0x11, 0x43, 0x31, 0x4B,
    0x90, 0x2A, 0x8F, 0x2A, 0x6E, 0x2A, 0x4E, 0x22, 0x2D, 0x22, 0x0D, 0x22, 0xEC, 0x19, 0x0D, 0x22,
    0x4E, 0x2A, 0x6F, 0x2A, 0x6F, 0x2A, 0x6F, 0x2A, 0x8F, 0x32, 0x8F, 0x32, 0x8F, 0x32, 0xAF, 0x3A,
    0xB0, 0x3A, 0xD0, 0x3A, 0xD0, 0x3A, 0xF0, 0x3A, 0xF1, 0x3A, 0x11, 0x43, 0x31, 0x43, 0x32, 0x43,
    0x52, 0x43, 0x32, 0x43, 0x11, 0x3B, 0xF1, 0x3A, 0xF0, 0x3A, 0xF0, 0x3A, 0x10, 0x43, 0x10, 0x43,
    0x10, 0x43, 0xF0, 0x42, 0xF0, 0x42, 0xF0, 0x42, 0xF0, 0x42, 0xEF, 0x42, 0xEF, 0x42, 0xEF, 0x42,
    0xEF, 0x42, 0xEF, 0x42, 0xF0, 0x42, 0xF0, 0x42, 0xF0, 0x42, 0xEF, 0x42, 0xEF, 0x42, 0x10, 0x4B,
    0x30, 0x4B, 0x51, 0x53, 0x71, 0x53, 0x92, 0x53, 0x92, 0x53, 0x92, 0x53, 0x92, 0x53, 0x92, 0x53,
    0x93, 0x53, 0xB2, 0x5B, 0xB2, 0x5B, 0xD3, 0x5B, 0xD3, 0x63, 0xF3, 0x63, 0xF3, 0x63, 0xD3, 0x5B,
    0xD3, 0x63, 0xB3, 0x5B, 0xD3, 0x5B, 0xD3, 0x5B, 0xB2, 0x5B, 0xB2, 0x5B, 0xB2, 0x5B, 0xB2, 0x5B,
    0xB1, 0x63, 0xB1, 0x63, 0xD2, 0x6B, 0xF2, 0x73, 0xF2, 0x73, 0x12, 0x7C, 0x32, 0x7C, 0x73, 0x84,
    0x73, 0x84, 0x93, 0x8C, 0xB4, 0x94, 0xD4, 0x94, 0xD4, 0x94, 0xD4, 0x9C, 0xF3, 0x9C, 0xF3, 0xA4,
    0x13, 0xA5, 0x13, 0xA5, 0xF3, 0xA4, 0x13, 0xA5, 0x14, 0xA5, 0x14, 0xA5, 0xF4, 0x9C, 0x14, 0x9D,
    0x15, 0xA5, 0x14, 0xA5, 0x35, 0xA5, 0x57, 0xA5, 0x51, 0x53, 0x4A, 0x01, 0x6C, 0x01, 0x6C, 0x01,
    0x8D, 0x01, 0xAD, 0x01, 0xAE, 0x01, 0x8D, 0x01, 0xCD, 0x19, 0x4F, 0x83, 0xEF, 0xC3, 0x8D, 0xD3,
    0x4C, 0xDB, 0x2D, 0xDB, 0x4D, 0xDB, 0x4D, 0xDB, 0x4D, 0xDB, 0x2C, 0xD3, 0x2C, 0xD3, 0x0C, 0xCB,
    0xCB, 0xC2, 0xAA, 0xBA, 0x8A, 0xBA, 0x49, 0xB2, 0x29, 0xAA, 0xC7, 0x99, 0xA7, 0x89, 0x8F, 0xB3,
    0xF0, 0xB3, 0x31, 0xBC, 0x51, 0xBC, 0x72, 0xBC, 0x72, 0xC4, 0x92, 0xC4, 0x92, 0xC4, 0x51, 0xC4,
    0x51, 0xC4, 0xD3, 0xD4, 0x13, 0xDD, 0xD3, 0xD4, 0xB2, 0xD4, 0xB2, 0xD4, 0xB2, 0xD4, 0xB2, 0xD4,
    0xD2, 0xD4, 0xB2, 0xD4, 0xD2, 0xD4, 0xD2, 0xD4, 0x13, 0xDD, 0x34, 0xE5, 0x54, 0xE5, 0x74, 0xE5,
    0x75, 0xE5, 0x95, 0xE5, 0xB5, 0xED, 0xB5, 0xED, 0x95, 0xED, 0x94, 0xE5, 0x74, 0xED, 0xB5, 0xED,
    0xB5, 0xED, 0xD5, 0xED, 0xD5, 0xED, 0xD5, 0xED, 0xD5, 0xED, 0xD5, 0xED, 0xF5, 0xED, 0xD5, 0xED,
    0xD5, 0xED, 0xD5, 0xED, 0xD5, 0xED, 0xF5, 0xED, 0xF6, 0xED, 0xF5, 0xED, 0xF6, 0xED, 0xF6, 0xED,
    0xF6, 0xED, 0xF5, 0xED, 0xF5, 0xED, 0xF6, 0xF5, 0x16, 0xF6, 0xF6, 0xED, 0x16, 0xF6, 0xF5, 0xED,
    0xD5, 0xED, 0xD5, 0xED, 0xD5, 0xE5, 0xB4, 0xE5, 0xB4, 0xE5, 0x94, 0xE5, 0x94, 0xE5, 0xB4, 0xED,
    0xF2, 0xEC, 0x6C, 0xCB, 0x8C, 0xDB, 0xAD, 0xDB, 0xAD, 0xDB, 0xAD, 0xDB, 0xAD, 0xDB, 0xAD, 0xDB,
    0xAD, 0xDB, 0xCD, 0xDB, 0xCE, 0xDB, 0xEE, 0xDB, 0xEE, 0xE3, 0xEE, 0xE3, 0xCE, 0xE3, 0xCE, 0xE3,
    0xAE, 0xDB, 0x70, 0xE4, 0xF2, 0xDC, 0x12, 0x9C, 0xE9, 0x00, 0x6C, 0x01, 0x8D, 0x01, 0x8D, 0x01,
    0x8D, 0x01, 0x8C, 0x01, 0x8C, 0x01, 0x8C, 0x01, 0x8C, 0x01, 0x8C, 0x01, 0x8C, 0x01, 0x6C, 0x01,
    0x6C, 0x01, 0x8C, 0x01, 0x6C, 0x01, 0x6C, 0x01, 0x8C, 0x01, 0x8C, 0x01, 0x8C, 0x01, 0x6C, 0x01,
    0x8C, 0x01, 0x8C, 0x01, 0x8C, 0x09, 0x6C, 0x09, 0x8C, 0x11, 0x8C, 0x19, 0xAA, 0x29, 0x2A, 0x42,
    0xB3, 0xCD, 0x51, 0xEE, 0x4D, 0xF6, 0xEB, 0xED, 0x88, 0xED, 0x26, 0xE5, 0x28, 0xE5, 0x0A, 0xD5,
    0xED, 0xC4, 0x2E, 0x94, 0xCA, 0x31, 0x8A, 0x21, 0x6B, 0x19, 0x4B, 0x09, 0x6B, 0x09, 0x6B, 0x01,
    0x4A, 0x01, 0x4A, 0x01, 0x4A, 0x01, 0x4A, 0x01, 0x2A, 0x01, 0x2A, 0x01, 0x2A, 0x01, 0x2A, 0x01,
    0x2A, 0x01, 0x2A, 0x01, 0x2A, 0x01, 0x2A, 0x01, 0x2A, 0x01, 0x2A, 0x01, 0x0A, 0x01, 0x0A, 0x01,
    0x0A, 0x01, 0x0A, 0x01, 0x0A, 0x01, 0x09, 0x01, 0x09, 0x01, 0x09, 0x01, 0x09, 0x01, 0x09, 0x01,
    0x09, 0x01, 0x09, 0x01, 0x09, 0x01, 0x09, 0x01, 0x09, 0x01, 0x09, 0x01, 0x09, 0x01, 0x09, 0x01,
    0x09, 0x01, 0x09, 0x01, 0xE9, 0x00, 0xE9, 0x00, 0xE8, 0x00, 0xE8, 0x00, 0xE8, 0x00, 0xC9, 0x00,
    0xC9, 0x00, 0xC9, 0x00, 0xC9, 0x00, 0xC9, 0x00, 0xC9, 0x00, 0xC9, 0x00, 0xC8, 0x00, 0xC8, 0x00,
    0xC8, 0x00, 0x91, 0x53, 0x14, 0x64, 0xD4, 0x53, 0xF5, 0x5B, 0xB4, 0x53, 0x92, 0x53, 0x52, 0x4B,
    0x11, 0x43, 0x10, 0x43, 0x10, 0x43, 0x10, 0x43, 0xF0, 0x42, 0xF0, 0x42, 0xF0, 0x42, 0xF0, 0x42,
    0xB0, 0x2A, 0x8F, 0x2A, 0x6E, 0x2A, 0x4E, 0x2A, 0x2E, 0x22, 0x2D, 0x22, 0x0D, 0x22, 0xED, 0x21,
    0x2E, 0x22, 0x8F, 0x2A, 0x90, 0x2A, 0x90, 0x32, 0x8F, 0x32, 0x8F, 0x32, 0xAF, 0x32, 0xB0, 0x32,
    0xD0, 0x3A, 0xD1, 0x3A, 0xD1, 0x3A, 0xD0, 0x3A, 0xB0, 0x3A, 0xD0, 0x3A, 0xD0, 0x32, 0xF1, 0x32,
    0x32, 0x3B, 0x73, 0x43, 0x52, 0x3B, 0x11, 0x3B, 0x11, 0x3B, 0x11, 0x3B, 0x10, 0x43, 0x10, 0x43,
    0x10, 0x43, 0xF0, 0x42, 0xF0, 0x42, 0xF0, 0x42, 0xF0, 0x42, 0xEF, 0x42, 0xEF, 0x42, 0xEF, 0x42,
    0xEF, 0x42, 0xEF, 0x42, 0xEF, 0x42, 0xEF, 0x42, 0xEF, 0x42, 0xCF, 0x42, 0xF0, 0x42, 0xF0, 0x42,
    0x10, 0x43, 0x30, 0x4B, 0x51, 0x4B, 0x51, 0x4B, 0x52, 0x4B, 0x52, 0x4B, 0x52, 0x4B, 0x52, 0x4B,
    0x72, 0x4B, 0x92, 0x53, 0xB3, 0x5B, 0x14, 0x64, 0x34, 0x6C, 0x54, 0x6C, 0x35, 0x6C, 0x35, 0x6C,
    0xF4, 0x63, 0xB3, 0x5B, 0xB3, 0x5B, 0xB2, 0x5B, 0x92, 0x5B, 0x92, 0x5B, 0xB2, 0x5B, 0xB2, 0x5B,
    0xB1, 0x63, 0xB1, 0x63, 0xD1, 0x6B, 0xD2, 0x6B, 0xF2, 0x73, 0x12, 0x7C, 0x32, 0x7C, 0x73, 0x84,
    0x73, 0x84, 0x93, 0x8C, 0xB4, 0x94, 0xD4, 0x94, 0xD4, 0x94, 0xF4, 0x9C, 0xF3, 0xA4, 0x13, 0xAD,
    0x13, 0xAD, 0x13, 0xAD, 0x13, 0xA5, 0x13, 0xA5, 0x14, 0xA5, 0x14, 0xA5, 0x14, 0x9D, 0x14, 0x9D,
    0x14, 0xA5, 0x14, 0xA5, 0x14, 0x9D, 0x36, 0xA5, 0x13, 0x74, 0xF0, 0x42, 0x11, 0x3B, 0x90, 0x2A,
    0xCD, 0x11, 0x8C, 0x01, 0xAD, 0x01, 0x8D, 0x01, 0x8C, 0x11, 0x0E, 0x73, 0xAE, 0xBB, 0x6D, 0xD3,
    0x4D, 0xDB, 0x4D, 0xE3, 0x4D, 0xDB, 0x6D, 0xDB, 0x6D, 0xDB, 0x4C, 0xD3, 0x2C, 0xD3, 0x0C, 0xCB,
    0xEB, 0xC2, 0xCB, 0xC2, 0xAA, 0xBA, 0x8A, 0xB2, 0x69, 0xAA, 0xA7, 0x89, 0xAB, 0xA2, 0x11, 0xBC,
    0x31, 0xBC, 0x31, 0xB4, 0x31, 0xBC, 0x31, 0xBC, 0x72, 0xC4, 0x71, 0xC4, 0x71, 0xC4, 0x92, 0xCC,
    0x92, 0xCC, 0x92, 0xCC, 0xD3, 0xD4, 0xD3, 0xCC, 0xD2, 0xD4, 0x91, 0xCC, 0xB2, 0xD4, 0x92, 0xCC,
    0x71, 0xCC, 0xB2, 0xD4, 0xD2, 0xD4, 0xD2, 0xD4, 0x13, 0xDD, 0x34, 0xE5, 0x34, 0xDD, 0x74, 0xE5,
    0x95, 0xE5, 0x94, 0xE5, 0x94, 0xE5, 0x94, 0xE5, 0x95, 0xED, 0x94, 0xE5, 0x74, 0xE5, 0x74, 0xED,
    0x94, 0xE5, 0xB5, 0xED, 0xD5, 0xED, 0xB5, 0xED, 0xD5, 0xED, 0xD5, 0xED, 0xB5, 0xED, 0xB5, 0xED,
    0xD5, 0xED, 0xD5, 0xED, 0xB5, 0xED, 0xB5, 0xED, 0xD5, 0xED, 0xD5, 0xED, 0xF5, 0xED, 0xD5, 0xED,
    0xD5, 0xED, 0xD5, 0xED, 0xD5, 0xED, 0xD5, 0xE5, 0xD5, 0xED, 0xD5, 0xED, 0xF5, 0xED, 0xB5, 0xE5,
    0xB5, 0xE5, 0xB5, 0xED, 0xD5, 0xED, 0xB5, 0xE5, 0xB4, 0xE5, 0x74, 0xE5, 0x74, 0xE5, 0x53, 0xE5,
    0x74, 0xED, 0x4F, 0xDC, 0x6C, 0xD3, 0xAD, 0xDB, 0xAD, 0xDB, 0xAD, 0xDB, 0xCD, 0xDB, 0xCD, 0xDB,
    0xEE, 0xDB, 0xEE, 0xDB, 0xEE, 0xE3, 0x0F, 0xE4, 0x2F, 0xE4, 0x0F, 0xE4, 0xEE, 0xE3, 0xEE, 0xE3,
    0xEE, 0xE3, 0x90, 0xE4, 0xD2, 0xD4, 0xB1, 0x8B, 0xC9, 0x00, 0x8D, 0x01, 0xAD, 0x01, 0x8D, 0x01,
    0x8D, 0x01, 0x8C, 0x01, 0x8C, 0x01, 0x8C, 0x01, 0x8C, 0x01, 0x8C, 0x01, 0x8C, 0x01, 0x8C, 0x01,
    0x8C, 0x01, 0x8C, 0x01, 0x8C, 0x01, 0x8C, 0x01, 0x8C, 0x01, 0x8C, 0x01, 0x8C, 0x01, 0x8C, 0x01,
    0x8C, 0x01, 0x8C, 0x01, 0x8C, 0x09, 0x8B, 0x09, 0x8B, 0x11, 0x8B, 0x19, 0xCB, 0x29, 0xEB, 0x39,
    0x09, 0x4A, 0x0A, 0x7B, 0x4C, 0xAC, 0xAD, 0xE5, 0x27, 0xDD, 0x27, 0xDD, 0x0C, 0xCD, 0x4A, 0x83,
    0x49, 0x5A, 0x68, 0x31, 0x8A, 0x29, 0x6A, 0x19, 0x6B, 0x11, 0x4B, 0x09, 0x4B, 0x01, 0x4A, 0x01,
    0x4A, 0x01, 0x4A, 0x01, 0x4A, 0x01, 0x4A, 0x01, 0x4A, 0x01, 0x2A, 0x01, 0x2A, 0x01, 0x2A, 0x01,
    0x2A, 0x01, 0x2A, 0x01, 0x2A, 0x01, 0x2A, 0x01, 0x2A, 0x01, 0x2A, 0x01, 0x2A, 0x01, 0x2A, 0x01,
    0x2A, 0x01, 0x2A, 0x01, 0x2A, 0x01, 0x0A, 0x01, 0x0A, 0x01, 0x0A, 0x01, 0x09, 0x01, 0x09, 0x01,
    0x09, 0x01, 0x09, 0x01, 0x09, 0x01, 0x09, 0x01, 0x09, 0x01, 0x09, 0x01, 0x09, 0x01, 0x09, 0x01,
    0x09, 0x01, 0x09, 0x01, 0xE9, 0x00, 0xE9, 0x00, 0xE9, 0x00, 0xE9, 0x00, 0xE9, 0x00, 0xE9, 0x00,
    0xE9, 0x00, 0xE9, 0x00, 0xE9, 0x00, 0xC9, 0x00, 0xE9, 0x00, 0xC9, 0x00, 0xC8, 0x00, 0xC8, 0x00,
    0x4A, 0x11, 0x11, 0x43, 0xF4, 0x5B, 0xD4, 0x5B, 0xB3, 0x53, 0x93, 0x53, 0x72, 0x53, 0x51, 0x4B,
    0x10, 0x43, 0xF0, 0x42, 0xF0, 0x42, 0xF0, 0x3A, 0xF0, 0x3A, 0xF0, 0x3A, 0xD0, 0x3A, 0xCF, 0x3A,
    0xD0, 0x2A, 0xB0, 0x2A, 0xB0, 0x2A, 0x8F, 0x2A, 0x8F, 0x2A, 0x6F, 0x2A, 0x4E, 0x2A, 0x2E, 0x22,
    0x4E, 0x22, 0x8F, 0x2A, 0xD0, 0x32, 0xD1, 0x32, 0xD1, 0x32, 0xD1, 0x32, 0xD1, 0x32, 0xD1, 0x3A,
    0xD1, 0x3A, 0xD0, 0x3A, 0xB0, 0x32, 0x8F, 0x32, 0x6E, 0x2A, 0x6E, 0x2A, 0xB0, 0x32, 0xF1, 0x3A,
    0x11, 0x3B, 0x52, 0x3B, 0x53, 0x43, 0x32, 0x3B, 0x11, 0x3B, 0x32, 0x43, 0x11, 0x43, 0x11, 0x43,
    0x11, 0x43, 0xF0, 0x3A, 0xF0, 0x3A, 0xF0, 0x3A, 0xF0, 0x3A, 0xEF, 0x3A, 0xEF, 0x42, 0xEF, 0x42,
    0xEF, 0x42, 0xEF, 0x42, 0xF0, 0x42, 0xF0, 0x42, 0xF0, 0x42, 0xD0, 0x3A, 0xF0, 0x3A, 0xF0, 0x3A,
    0xF0, 0x42, 0x11, 0x43, 0x11, 0x43, 0x11, 0x43, 0x11, 0x43, 0x32, 0x43, 0x52, 0x4B, 0x72, 0x4B,
    0x72, 0x4B, 0x92, 0x53, 0x14, 0x6C, 0x75, 0x74, 0x55, 0x74, 0x55, 0x74, 0x55, 0x74, 0x55, 0x74,
    0x55, 0x6C, 0xF4, 0x63, 0x92, 0x5B, 0x71, 0x53, 0x91, 0x5B, 0x91, 0x5B, 0x91, 0x5B, 0xB1, 0x63,
    0xB1, 0x63, 0xB1, 0x63, 0xB1, 0x6B, 0xD2, 0x6B, 0xF2, 0x73, 0x12, 0x74, 0x33, 0x7C, 0x53, 0x84,
    0x73, 0x84, 0x94, 0x8C, 0xB4, 0x8C, 0xB4, 0x94, 0xD3, 0x9C, 0xF4, 0x9C, 0xD2, 0xAC, 0xF5, 0xD5,
    0x36, 0xD6, 0x13, 0xAD, 0x34, 0xA5, 0x14, 0xA5, 0x14, 0xA5, 0x14, 0xA5, 0x14, 0x9D, 0x14, 0x9D,
    0x14, 0xA5, 0x14, 0x9D, 0x15, 0x9D, 0x36, 0xA5, 0xD5, 0x8C, 0x96, 0x7C, 0xD7, 0x7C, 0xB7, 0x7C,
    0x15, 0x64, 0xD0, 0x2A, 0xAD, 0x01, 0xAE, 0x01, 0x6C, 0x09, 0xAD, 0x62, 0x6E, 0xB3, 0x6D, 0xCB,
    0x4C, 0xDB, 0x6D, 0xE3, 0x6D, 0xE3, 0x6D, 0xDB, 0x6D, 0xDB, 0x6D, 0xD3, 0x4D, 0xD3, 0x2C, 0xCB,
    0x0C, 0xCB, 0xEB, 0xC2, 0xAB, 0xBA, 0x8A, 0xB2, 0x69, 0xAA, 0x8A, 0xA2, 0x8F, 0xB3, 0x11, 0xBC,
    0x11, 0xB4, 0x10, 0xB4, 0x52, 0xBC, 0x52, 0xBC, 0x51, 0xBC, 0x71, 0xC4, 0x72, 0xC4, 0x92, 0xCC,
    0xB2, 0xCC, 0xB2, 0xCC, 0xD2, 0xCC, 0xD3, 0xCC, 0xD2, 0xCC, 0x92, 0xCC, 0x92, 0xCC, 0xB2, 0xD4,
    0x71, 0xCC, 0x91, 0xCC, 0xB2, 0xD4, 0xD2, 0xD4, 0x13, 0xDD, 0x13, 0xDD, 0xF2, 0xD4, 0x33, 0xDD,
    0x74, 0xE5, 0x95, 0xE5, 0xB5, 0xED, 0x95, 0xE5, 0x95, 0xE5, 0x94, 0xE5, 0x74, 0xE5, 0xB5, 0xED,
    0xB5, 0xED, 0xD5, 0xED, 0xD5, 0xED, 0xB5, 0xED, 0xB5, 0xED, 0xD5, 0xED, 0xB5, 0xED, 0xD5, 0xED,
    0xD5, 0xED, 0xD5, 0xED, 0xB5, 0xED, 0xD5, 0xED, 0xD5, 0xED, 0xD5, 0xED, 0xD5, 0xED, 0xD5, 0xED,
    0xF6, 0xED, 0xF6, 0xED, 0xF5, 0xED, 0xF5, 0xED, 0xF6, 0xED, 0xF5, 0xED, 0xD5, 0xED, 0xB5, 0xE5,
    0xB5, 0xED, 0xD5, 0xED, 0xD5, 0xED, 0x94, 0xE5, 0x94, 0xE5, 0x94, 0xE5, 0x74, 0xE5, 0x53, 0xE5,
    0x53, 0xE5, 0x33, 0xED, 0x0F, 0xD4, 0xAD, 0xDB, 0xCE, 0xE3, 0xCE, 0xE3, 0xEE, 0xDB, 0xEE, 0xE3,
    0x0E, 0xE4, 0x0E, 0xE4, 0xEE, 0xE3, 0x2F, 0xE4, 0x2F, 0xE4, 0x2F, 0xE4, 0x0E, 0xE4, 0xEE, 0xE3,
    0x0F, 0xE4, 0xD1, 0xE4, 0x34, 0xDD, 0x2F, 0x6B, 0xEA, 0x00, 0xAD, 0x01, 0xAD, 0x01, 0x8D, 0x01,
    0x8D, 0x01, 0x8C, 0x01, 0x8C, 0x01, 0x8D, 0x01, 0x8C, 0x01, 0x8C, 0x01, 0x8C, 0x01, 0x8D, 0x01,
    0x8C, 0x01, 0x8C, 0x01, 0x8D, 0x01, 0x8D, 0x01, 0x8C, 0x01, 0x8C, 0x01, 0x8C, 0x01, 0x8C, 0x01,
    0x8C, 0x01, 0x8C, 0x01, 0x8C, 0x01, 0x6B, 0x09, 0x8B, 0x09, 0x8B, 0x11, 0xAB, 0x21, 0xEC, 0x31,
    0x0C, 0x42, 0x4B, 0x52, 0x28, 0x5A, 0x4C, 0xAC, 0x6A, 0xE5, 0x0A, 0xD5, 0x29, 0x7B, 0xC9, 0x41,
    0xEB, 0x41, 0xAB, 0x31, 0x8B, 0x21, 0x6B, 0x19, 0x6B, 0x11, 0x4B, 0x09, 0x4A, 0x01, 0x4A, 0x01,
    0x4A, 0x01, 0x4A, 0x01, 0x4A, 0x01, 0x4A, 0x01, 0x4A, 0x01, 0x4A, 0x01, 0x2A, 0x01, 0x2A, 0x01,
    0x2A, 0x01, 0x2A, 0x01, 0x2A, 0x01, 0x2A, 0x01, 0x2A, 0x01, 0x0A, 0x01, 0x2A, 0x01, 0x2A, 0x01,
    0x2A, 0x01, 0x2A, 0x01, 0x2A, 0x01, 0x2A, 0x01, 0x0A, 0x01, 0x0A, 0x01, 0x0A, 0x01, 0x09, 0x01,
    0x09, 0x01, 0x09, 0x01, 0x09, 0x01, 0x0A, 0x01, 0xEA, 0x00, 0x09, 0x01, 0x09, 0x01, 0xE9, 0x00,
    0x09, 0x01, 0x09, 0x01, 0x09, 0x01, 0xE9, 0x00, 0xE9, 0x00, 0xE9, 0x00, 0xE9, 0x00, 0xE9, 0x00,
    0xE9, 0x00, 0xE9, 0x00, 0xE9, 0x00, 0xE9, 0x00, 0xE9, 0x00, 0xE9, 0x00, 0xC8, 0x00, 0x09, 0x09,
    0xD0, 0x3A, 0x15, 0x64, 0xF4, 0x5B, 0xD3, 0x5B, 0x93, 0x5B, 0x72, 0x53, 0x51, 0x53, 0x31, 0x4B,
    0x11, 0x4B, 0x11, 0x43, 0xF0, 0x42, 0xF0, 0x3A, 0xF0, 0x3A, 0xF0, 0x3A, 0xCF, 0x3A, 0x8E, 0x32,
    0xB0, 0x2A, 0xB0, 0x2A, 0xB0, 0x2A, 0x8F, 0x2A, 0x8F, 0x2A, 0x8F, 0x2A, 0x8F, 0x2A, 0x8F, 0x2A,
    0x8F, 0x2A, 0x8F, 0x2A, 0x8F, 0x2A, 0xB0, 0x32, 0xD1, 0x32, 0xF1, 0x3A, 0xF1, 0x3A, 0xF1, 0x3A,
    0xD0, 0x3A, 0xB0, 0x32, 0xB0, 0x2A, 0x8F, 0x2A, 0x8F, 0x2A, 0xB0, 0x32, 0xF1, 0x3A, 0x11, 0x3B,
    0x11, 0x3B, 0xF1, 0x32, 0xF1, 0x32, 0x32, 0x3B, 0x32, 0x3B, 0x12, 0x3B, 0x11, 0x3B, 0x11, 0x3B,
    0x11, 0x3B, 0xF1, 0x3A, 0xF0, 0x3A, 0xF0, 0x3A, 0xF0, 0x3A, 0xF0, 0x3A, 0xEF, 0x42, 0xEF, 0x42,
    0xF0, 0x42, 0xF0, 0x42, 0xF0, 0x42, 0x10, 0x43, 0x30, 0x4B, 0x31, 0x4B, 0x30, 0x4B, 0x10, 0x43,
    0x11, 0x43, 0x11, 0x43, 0x11, 0x43, 0x31, 0x43, 0x31, 0x4B, 0x72, 0x53, 0xD3, 0x5B, 0xF4, 0x63,
    0xD3, 0x63, 0x14, 0x6C, 0x55, 0x74, 0x75, 0x7C, 0x54, 0x74, 0x54, 0x74, 0x54, 0x74, 0x54, 0x74,
    0x34, 0x74, 0x34, 0x6C, 0xB2, 0x5B, 0x71, 0x53, 0x91, 0x5B, 0x91, 0x5B, 0x91, 0x5B, 0x91, 0x63,
    0xB1, 0x63, 0xB1, 0x63, 0xB1, 0x6B, 0xD2, 0x6B, 0xF2, 0x6B, 0x13, 0x74, 0x33, 0x7C, 0x33, 0x7C,
    0x53, 0x84, 0x73, 0x84, 0x73, 0x8C, 0x93, 0x94, 0xB3, 0x9C, 0xD3, 0xA4, 0xF1, 0xBC, 0x33, 0xE6,
    0x17, 0xF7, 0x52, 0xB5, 0x12, 0xAD, 0x13, 0xA5, 0x13, 0x9D, 0x13, 0x9D, 0x14, 0xA5, 0x14, 0xA5,
    0x14, 0xA5, 0x14, 0x9D, 0x15, 0x9D, 0x36, 0xA5, 0x37, 0x9D, 0xF6, 0x8C, 0xD7, 0x84, 0xF7, 0x84,
    0x18, 0x85, 0xD7, 0x74, 0xB0, 0x2A, 0xAE, 0x01, 0x8D, 0x09, 0x4C, 0x52, 0x6D, 0xAB, 0xAE, 0xD3,
    0x8D, 0xDB, 0x6D, 0xDB, 0xAE, 0xE3, 0xAE, 0xE3, 0x8E, 0xDB, 0x8E, 0xDB, 0x6D, 0xD3, 0x4D, 0xD3,
    0x0C, 0xCB, 0xEC, 0xC2, 0xAB, 0xC2, 0x6A, 0xB2, 0x8A, 0xAA, 0x4E, 0xB3, 0xD0, 0xB3, 0x32, 0xBC,
    0x31, 0xBC, 0x51, 0xBC, 0x51, 0xBC, 0x72, 0xBC, 0x72, 0xC4, 0x92, 0xCC, 0x92, 0xCC, 0xB2, 0xCC,
    0x92, 0xCC, 0xB2, 0xCC, 0xB2, 0xCC, 0xD3, 0xD4, 0xD3, 0xCC, 0x92, 0xCC, 0x92, 0xCC, 0x91, 0xCC,
    0xB1, 0xCC, 0xB1, 0xCC, 0xB2, 0xD4, 0x91, 0xCC, 0xF2, 0xDC, 0x13, 0xDD, 0x13, 0xDD, 0x33, 0xDD,
    0x75, 0xE5, 0x74, 0xE5, 0xB5, 0xED, 0xB5, 0xED, 0x95, 0xED, 0xB5, 0xED, 0x94, 0xE5, 0x94, 0xE5,
    0xB5, 0xED, 0xD5, 0xED, 0xB5, 0xED, 0xD5, 0xED, 0xB5, 0xED, 0xB5, 0xED, 0xD5, 0xED, 0xD5, 0xED,
    0xD5, 0xED, 0xD5, 0xED, 0xF5, 0xED, 0xD5, 0xED, 0xF5, 0xF5, 0xD5, 0xF5, 0xB5, 0xED, 0xD5, 0xED,
    0xF5, 0xED, 0xD5, 0xED, 0xF5, 0xED, 0xF5, 0xED, 0xF5, 0xED, 0xF5, 0xED, 0xD5, 0xED, 0xB5, 0xE5,
    0xD5, 0xED, 0xD5, 0xED, 0xD5, 0xED, 0xD5, 0xED, 0x94, 0xE5, 0x94, 0xE5, 0x73, 0xE5, 0x73, 0xE5,
    0x74, 0xE5, 0x74, 0xED, 0xF3, 0xEC, 0x0F, 0xDC, 0xEE, 0xE3, 0xEE, 0xE3, 0x0F, 0xE4, 0x0F, 0xE4,
    0x2F, 0xE4, 0x2F, 0xE4, 0x2F, 0xE4, 0x0E, 0xE4, 0x2F, 0xE4, 0x2F, 0xEC, 0x2F, 0xEC, 0xEE, 0xE3,
    0x50, 0xE4, 0xF2, 0xEC, 0x55, 0xDD, 0xCF, 0x52, 0x2B, 0x01, 0xAD, 0x01, 0xAD, 0x01, 0xAD, 0x01,
    0xAD, 0x01, 0x8D, 0x01, 0x8D, 0x01, 0x8D, 0x01, 0xAD, 0x01, 0x8D, 0x01, 0x8D, 0x01, 0x8D, 0x01,
    0x8D, 0x01, 0x8C, 0x01, 0x8D, 0x01, 0x8D, 0x01, 0x8D, 0x01, 0x8C, 0x01, 0x8C, 0x01, 0x8C, 0x01,
    0x8C, 0x01, 0x8C, 0x01, 0x8C, 0x01, 0x6C, 0x09, 0x8B, 0x09, 0x8B, 0x11, 0xAB, 0x19, 0xCC, 0x29,
    0xEC, 0x39, 0x2C, 0x4A, 0x2A, 0x52, 0x09, 0x7B, 0x8D, 0xE5, 0x8B, 0xBC, 0x48, 0x5A, 0x0B, 0x4A,
    0xCC, 0x39, 0xAB, 0x29, 0x8B, 0x19, 0x6B, 0x11, 0x6B, 0x11, 0x4B, 0x09, 0x4A, 0x01, 0x4A, 0x01,
    0x4A, 0x01, 0x4A, 0x01, 0x4A, 0x01, 0x4A, 0x01, 0x4A, 0x01, 0x4A, 0x01, 0x4A, 0x01, 0x2A, 0x01,
    0x2A, 0x01, 0x2A, 0x01, 0x2A, 0x01, 0x2A, 0x01, 0x2A, 0x01, 0x0A, 0x01, 0x2A, 0x01, 0x2A, 0x01,
    0x2A, 0x01, 0x2A, 0x01, 0x2A, 0x01, 0x2A, 0x01, 0x2A, 0x01, 0x0A, 0x01, 0x0A, 0x01, 0x0A, 0x01,
    0x09, 0x01, 0x09, 0x01, 0x09, 0x01, 0x09, 0x01, 0x09, 0x01, 0x09, 0x01, 0xE9, 0x00, 0xE9, 0x00,
    0x09, 0x01, 0x09, 0x01, 0x09, 0x01, 0xE9, 0x00, 0xE9, 0x00, 0xE9, 0x00, 0xE9, 0x00, 0xE9, 0x00,
    0xE9, 0x00, 0xE9, 0x00, 0xE9, 0x00, 0xE9, 0x00, 0xE9, 0x00, 0xE9, 0x00, 0xA8, 0x00, 0x0D, 0x2A,
    0xF4, 0x63, 0x14, 0x64, 0xF3, 0x5B, 0xB3, 0x5B, 0x92, 0x5B, 0x72, 0x53, 0x51, 0x53, 0x31, 0x4B,
    0x10, 0x4B, 0x10, 0x43, 0xF0, 0x42, 0xF0, 0x42, 0xF0, 0x3A, 0xCF, 0x3A, 0xAF, 0x3A, 0x8E, 0x32,
    0x8F, 0x2A, 0x8F, 0x2A, 0x8F, 0x2A, 0x8F, 0x2A, 0x8F, 0x2A, 0x6F, 0x2A, 0x8F, 0x2A, 0x8F, 0x2A,
    0x8F, 0x2A, 0x8F, 0x2A, 0x6F, 0x2A, 0x6F, 0x2A, 0x6F, 0x2A, 0x6F, 0x2A, 0x6F, 0x2A, 0x8F, 0x32,
    0xB0, 0x32, 0xD0, 0x32, 0xD1, 0x32, 0xF1, 0x32, 0x11, 0x33, 0x12, 0x33, 0xF1, 0x3A, 0xF1, 0x32,
    0xD0, 0x32, 0xB0, 0x32, 0x6F, 0x2A, 0xD0, 0x32, 0x53, 0x43, 0x32, 0x3B, 0x32, 0x3B, 0x11, 0x3B,
    0x11, 0x3B, 0xF1, 0x3A, 0xF1, 0x3A, 0xD0, 0x3A, 0xD0, 0x3A, 0xD0, 0x3A, 0xD0, 0x3A, 0xF0, 0x42,
    0xF0, 0x42, 0xF0, 0x42, 0x10, 0x43, 0x31, 0x4B, 0x51, 0x4B, 0x71, 0x53, 0x71, 0x53, 0x92, 0x53,
    0x72, 0x53, 0x72, 0x4B, 0x72, 0x4B, 0x92, 0x53, 0x92, 0x5B, 0xD3, 0x63, 0xF3, 0x6B, 0x13, 0x6C,
    0x13, 0x6C, 0x33, 0x74, 0x34, 0x74, 0x74, 0x7C, 0x74, 0x84, 0x74, 0x84, 0x74, 0x7C, 0x54, 0x7C,
    0x54, 0x74, 0x33, 0x6C, 0xD2, 0x63, 0x91, 0x5B, 0x91, 0x5B, 0x91, 0x5B, 0x91, 0x5B, 0x91, 0x63,
    0xB1, 0x63, 0xB1, 0x63, 0xB1, 0x6B, 0xD2, 0x6B, 0xF2, 0x6B, 0x13, 0x74, 0x13, 0x7C, 0x13, 0x7C,
    0x13, 0x7C, 0x33, 0x7C, 0x32, 0x84, 0x72, 0x8C, 0x92, 0x9C, 0x12, 0xB5, 0x6F, 0xD5, 0xAC, 0xDD,
    0xF2, 0xFE, 0xD5, 0xF6, 0xD3, 0xCD, 0x12, 0xAD, 0xF4, 0x9C, 0xF4, 0x9C, 0xF4, 0x9C, 0x14, 0xA5,
    0x14, 0xA5, 0x14, 0x9D, 0x15, 0x9D, 0x15, 0xA5, 0x56, 0xA5, 0x57, 0x9D, 0x17, 0x8D, 0xF7, 0x84,
    0xF7, 0x84, 0x18, 0x85, 0xF5, 0x53, 0xCE, 0x01, 0x8D, 0x01, 0x2D, 0x42, 0x6E, 0xA3, 0xAE, 0xCB,
    0x8D, 0xDB, 0xAE, 0xE3, 0xAE, 0xE3, 0x8E, 0xDB, 0x8E, 0xDB, 0x8E, 0xDB, 0x6D, 0xD3, 0x4D, 0xD3,
    0x2D, 0xCB, 0xEC, 0xC2, 0xCB, 0xC2, 0x6A, 0xB2, 0xCC, 0xB2, 0xB0, 0xBB, 0xF1, 0xB3, 0x31, 0xB4,
    0x32, 0xBC, 0x52, 0xBC, 0x30, 0xB4, 0x51, 0xBC, 0x92, 0xC4, 0x92, 0xC4, 0x92, 0xC4, 0x92, 0xCC,
    0xB2, 0xCC, 0xB2, 0xCC, 0xB2, 0xCC, 0xD3, 0xD4, 0xB2, 0xCC, 0x71, 0xC4, 0x71, 0xCC, 0x51, 0xC4,
    0x91, 0xCC, 0xB2, 0xD4, 0x71, 0xCC, 0x71, 0xCC, 0xD2, 0xDC, 0xD2, 0xD4, 0xD2, 0xDC, 0x33, 0xE5,
    0x54, 0xE5, 0x74, 0xE5, 0x95, 0xED, 0x95, 0xED, 0x94, 0xE5, 0x95, 0xE5, 0xB5, 0xED, 0x94, 0xE5,
    0xD5, 0xED, 0xD5, 0xED, 0xB5, 0xED, 0xB5, 0xED, 0xB5, 0xED, 0xB5, 0xED, 0xB5, 0xED, 0xB5, 0xED,
    0xB5, 0xED, 0xD5, 0xED, 0xB5, 0xED, 0xD5, 0xED, 0xD5, 0xED, 0xB5, 0xED, 0xD5, 0xED, 0xF5, 0xF5,
    0xD5, 0xED, 0xD5, 0xED, 0xF5, 0xED, 0xF5, 0xED, 0xD5, 0xED, 0xD5, 0xED, 0xD5, 0xED, 0xF5, 0xED,
    0xB5, 0xED, 0xB4, 0xE5, 0x94, 0xE5, 0x94, 0xE5, 0x94, 0xE5, 0x73, 0xE5, 0x74, 0xE5, 0x73, 0xE5,
    0x74, 0xE5, 0x53, 0xE5, 0x33, 0xED, 0xB1, 0xEC, 0x0F, 0xE4, 0x2F, 0xE4, 0x2F, 0xE4, 0x2F, 0xEC,
    0x50, 0xEC, 0x4F, 0xEC, 0x2F, 0xE4, 0x2F, 0xE4, 0x50, 0xEC, 0x4F, 0xEC, 0x2F, 0xEC, 0x0F, 0xEC,
    0x71, 0xE4, 0x13, 0xE5, 0x35, 0xCD, 0x2D, 0x3A, 0x4C, 0x01, 0xAE, 0x01, 0xAD, 0x01, 0xAD, 0x01,
    0xAD, 0x01, 0xAD, 0x01, 0x8D, 0x01, 0x8D, 0x01, 0xAD, 0x01, 0xAD, 0x01, 0x8D, 0x01, 0x8D, 0x01,
    0x8D, 0x01, 0x8C, 0x01, 0x8D, 0x01, 0x8D, 0x01, 0x8D, 0x01, 0x8C, 0x01, 0x8C, 0x01, 0x8C, 0x01,
    0x8C, 0x01, 0x8C, 0x01, 0x8C, 0x01, 0x6C, 0x01, 0x8C, 0x09, 0x8B, 0x11, 0x8C, 0x19, 0x8C, 0x21,
    0xCC, 0x29, 0xEC, 0x39, 0x0C, 0x42, 0xE8, 0x49, 0x71, 0xCD, 0x0D, 0x9C, 0xC8, 0x41, 0xEB, 0x39,
    0xAC, 0x31, 0x8B, 0x21, 0x6B, 0x19, 0x6B, 0x11, 0x6B, 0x09, 0x6B, 0x01, 0x4A, 0x01, 0x4B, 0x01,
    0x4B, 0x01, 0x4B, 0x01, 0x4B, 0x01, 0x4B, 0x01, 0x4A, 0x01, 0x4A, 0x01, 0x4A, 0x01, 0x2A, 0x01,
    0x2A, 0x01, 0x2A, 0x01, 0x2A, 0x01, 0x2A, 0x01, 0x2A, 0x01, 0x0A, 0x01, 0x2A, 0x01, 0x2A, 0x01,
    0x2A, 0x01, 0x2A, 0x01, 0x2A, 0x01, 0x2A, 0x01, 0x2A, 0x01, 0x2A, 0x01, 0x2A, 0x01, 0x0A, 0x01,
    0x0A, 0x01, 0x0A, 0x01, 0x09, 0x01, 0x09, 0x01, 0x09, 0x01, 0x09, 0x01, 0xE9, 0x00, 0xE9, 0x00,
    0x09, 0x01, 0x09, 0x01, 0x09, 0x01, 0xE9, 0x00, 0xE9, 0x00, 0xE9, 0x00, 0xE9, 0x00, 0xE9, 0x00,
    0xE9, 0x00, 0xE9, 0x00, 0xE9, 0x00, 0xE9, 0x00, 0xE9, 0x00, 0xC8, 0x00, 0x2A, 0x09, 0x32, 0x4B,
    0x15, 0x64, 0x14, 0x64, 0xD3, 0x63, 0xB2, 0x5B, 0x92, 0x5B, 0x71, 0x53, 0x30, 0x4B, 0x10, 0x4B,
    0x10, 0x4B, 0x10, 0x4B, 0xF0, 0x42, 0xF0, 0x42, 0xD0, 0x3A, 0xAF, 0x3A, 0x8E, 0x32, 0x8E, 0x32,
    0x4F, 0x22, 0x4F, 0x22, 0x4F, 0x22, 0x4E, 0x22, 0x4F, 0x22, 0x6F, 0x22, 0x6F, 0x2A, 0x8F, 0x2A,
    0x8F, 0x2A, 0x6F, 0x2A, 0x8F, 0x2A, 0x6F, 0x2A, 0x6F, 0x2A, 0x6E, 0x2A, 0x4E, 0x2A, 0x4E, 0x2A,
    0x4E, 0x2A, 0x6F, 0x2A, 0x8F, 0x2A, 0xD1, 0x32, 0xF1, 0x32, 0xF1, 0x32, 0xD1, 0x32, 0xB0, 0x32,
    0x8F, 0x2A, 0x4E, 0x2A, 0x0D, 0x22, 0x2E, 0x22, 0x11, 0x3B, 0x53, 0x43, 0x32, 0x3B, 0x32, 0x3B,
    0x11, 0x3B, 0x11, 0x3B, 0xF1, 0x3A, 0xF0, 0x3A, 0xF0, 0x3A, 0xD0, 0x3A, 0xD0, 0x3A, 0xF0, 0x3A,
    0xF0, 0x3A, 0x10, 0x43, 0x10, 0x43, 0x11, 0x4B, 0x51, 0x4B, 0x71, 0x53, 0x71, 0x53, 0x92, 0x5B,
    0x93, 0x5B, 0xB3, 0x5B, 0xB3, 0x5B, 0xB3, 0x5B, 0xB2, 0x5B, 0xB2, 0x63, 0xD2, 0x6B, 0xD2, 0x6B,
    0xD2, 0x6B, 0xF2, 0x6B, 0x12, 0x74, 0x33, 0x7C, 0x73, 0x84, 0x94, 0x8C, 0x94, 0x84, 0x73, 0x84,
    0x33, 0x7C, 0x12, 0x74, 0xD2, 0x6B, 0x91, 0x63, 0x91, 0x63, 0x91, 0x63, 0x91, 0x63, 0x91, 0x63,
    0xB1, 0x63, 0xB1, 0x63, 0xB2, 0x63, 0xB2, 0x63, 0xF2, 0x6B, 0x13, 0x74, 0x13, 0x74, 0x12, 0x74,
    0x12, 0x7C, 0x12, 0x7C, 0x12, 0x7C, 0x52, 0x8C, 0x92, 0x94, 0xF1, 0xAC, 0xED, 0xC4, 0x88, 0xC4,
    0xE9, 0xC4, 0xB0, 0xD5, 0xB3, 0xCD, 0xF3, 0xA4, 0xF4, 0x9C, 0xF4, 0x9C, 0xF4, 0x9C, 0x14, 0x9D,
    0x15, 0x9D, 0x15, 0x9D, 0xF4, 0x9C, 0xF4, 0x9C, 0x15, 0x9D, 0x36, 0x9D, 0x37, 0x95, 0x17, 0x8D,
    0xF6, 0x84, 0xF7, 0x84, 0x35, 0x64, 0x0F, 0x0A, 0x8E, 0x01, 0xED, 0x29, 0x0D, 0x83, 0xAE, 0xBB,
    0xAE, 0xD3, 0xCE, 0xE3, 0xCE, 0xE3, 0xAE, 0xE3, 0xAE, 0xDB, 0x8E, 0xDB, 0x4D, 0xD3, 0x4D, 0xD3,
    0x0C, 0xCB, 0xEC, 0xC2, 0x8B, 0xBA, 0x6B, 0xAA, 0x2E, 0xB3, 0x90, 0xB3, 0xD0, 0xAB, 0x11, 0xB4,
    0x11, 0xB4, 0x31, 0xB4, 0x72, 0xC4, 0x72, 0xBC, 0x71, 0xBC, 0x71, 0xBC, 0x92, 0xCC, 0xB2, 0xCC,
    0xD2, 0xCC, 0xB2, 0xCC, 0xD3, 0xCC, 0xF4, 0xD4, 0xF4, 0xD4, 0x14, 0xD5, 0x34, 0xDD, 0x34, 0xDD,
    0xD2, 0xD4, 0x50, 0xC4, 0x30, 0xC4, 0x91, 0xD4, 0xB1, 0xD4, 0xB1, 0xD4, 0xB1, 0xD4, 0xF2, 0xDC,
    0x33, 0xE5, 0x53, 0xE5, 0x53, 0xE5, 0x74, 0xE5, 0x95, 0xED, 0x95, 0xED, 0x94, 0xE5, 0xB4, 0xE5,
    0x94, 0xED, 0xD5, 0xF5, 0xB5, 0xED, 0x94, 0xED, 0xB5, 0xED, 0xB5, 0xED, 0xB5, 0xED, 0xB5, 0xED,
    0xD5, 0xF5, 0xD5, 0xF5, 0xD5, 0xED, 0x16, 0xF6, 0x37, 0xF6, 0x78, 0xFE, 0x17, 0xEE, 0xD6, 0xE5,
    0x57, 0xF6, 0x57, 0xFE, 0xD5, 0xED, 0xD5, 0xED, 0xD5, 0xED, 0xD5, 0xED, 0xD5, 0xED, 0xD5, 0xED,
    0xD5, 0xED, 0xB4, 0xED, 0xB4, 0xED, 0x94, 0xE5, 0x73, 0xE5, 0x73, 0xE5, 0x53, 0xE5, 0x53, 0xE5,
    0x32, 0xDD, 0x33, 0xE5, 0x13, 0xE5, 0xF2, 0xEC, 0x50, 0xE4, 0x2F, 0xE4, 0x4F, 0xEC, 0x50, 0xEC,
    0x50, 0xEC, 0x4F, 0xEC, 0x2F, 0xEC, 0x0F, 0xE4, 0x4F, 0xEC, 0x50, 0xEC, 0x0F, 0xEC, 0x0F, 0xE4,
    0xD2, 0xE4, 0x33, 0xE5, 0x52, 0xA4, 0x6B, 0x09, 0x8D, 0x01, 0xAD, 0x01, 0xCD, 0x01, 0xAD, 0x01,
    0xAD, 0x01, 0xAD, 0x01, 0x8D, 0x01, 0x8D, 0x01, 0xAD, 0x01, 0xAD, 0x01, 0xAD, 0x01, 0xAD, 0x01,
    0xAD, 0x01, 0xAD, 0x01, 0x8D, 0x01, 0x8D, 0x01, 0x8D, 0x01, 0x8C, 0x01, 0x8C, 0x01, 0x8C, 0x01,
    0x8C, 0x01, 0x8C, 0x01, 0x8C, 0x01, 0x8C, 0x09, 0x8C, 0x09, 0x8C, 0x09, 0x8C, 0x11, 0x8C, 0x19,
    0xAC, 0x21, 0xCC, 0x29, 0xCC, 0x31, 0xAA, 0x31, 0xAB, 0x5A, 0x6B, 0x52, 0xAA, 0x31, 0xCC, 0x29,
    0xAC, 0x21, 0x8B, 0x19, 0x8B, 0x11, 0x6B, 0x11, 0x6B, 0x09, 0x4B, 0x01, 0x6A, 0x01, 0x4B, 0x01,
    0x4B, 0x01, 0x4B, 0x01, 0x4B, 0x01, 0x4B, 0x01, 0x2A, 0x01, 0x2A, 0x01, 0x2A, 0x01, 0x2A, 0x01,
    0x2A, 0x01, 0x2A, 0x01, 0x2A, 0x01, 0x2A, 0x01, 0x2A, 0x01, 0x2A, 0x01, 0x2A, 0x01, 0x2A, 0x01,
    0x2A, 0x01, 0x2A, 0x01, 0x2A, 0x01, 0x2A, 0x01, 0x2A, 0x01, 0x2A, 0x01, 0x2A, 0x01, 0x2A, 0x01,
    0xE8, 0x00, 0xE9, 0x00, 0x0A, 0x01, 0x0A, 0x01, 0x09, 0x01, 0xE9, 0x00, 0xE9, 0x00, 0xE9, 0x00,
    0xE9, 0x00, 0xE9, 0x00, 0x09, 0x01, 0x09, 0x01, 0xE9, 0x00, 0xE9, 0x00, 0xE9, 0x00, 0xE9, 0x00,
    0xE9, 0x00, 0xE9, 0x00, 0xE9, 0x00, 0xE9, 0x00, 0xE9, 0x00, 0xC9, 0x00, 0x4E, 0x32, 0xF4, 0x63,
    0x14, 0x64, 0xF4, 0x63, 0xD3, 0x63, 0xB2, 0x5B, 0x92, 0x5B, 0x71, 0x53, 0x30, 0x4B, 0x10, 0x4B,
    0x10, 0x43, 0x10, 0x43, 0xF0, 0x42, 0xF0, 0x42, 0xCF, 0x3A, 0xAF, 0x3A, 0x8E, 0x3A, 0x8E, 0x32,
    0x2E, 0x22, 0x2E, 0x22, 0x2E, 0x22, 0x4E, 0x22, 0x4E, 0x22, 0x4F, 0x22, 0x6F, 0x22, 0x6F, 0x22,
    0x6F, 0x22, 0x8F, 0x2A, 0x6F, 0x2A, 0x6F, 0x2A, 0x6E, 0x2A, 0x4E, 0x2A, 0x4E, 0x2A, 0x4D, 0x22,
    0x2D, 0x22, 0x2D, 0x22, 0x2D, 0x22, 0x2E, 0x22, 0x2E, 0x22, 0x2E, 0x22, 0x2E, 0x22, 0x0D, 0x22,
    0x0D, 0x1A, 0xEC, 0x19, 0xEC, 0x19, 0xEC, 0x19, 0x6F, 0x2A, 0x32, 0x3B, 0x53, 0x43, 0x53, 0x3B,
    0x12, 0x3B, 0x11, 0x3B, 0x11, 0x3B, 0xF1, 0x3A, 0xF1, 0x3A, 0xF0, 0x3A, 0xF0, 0x3A, 0xF0, 0x3A,
    0x10, 0x3B, 0x10, 0x43, 0x11, 0x43, 0x11, 0x4B, 0x31, 0x4B, 0x51, 0x4B, 0x71, 0x53, 0x72, 0x53,
    0x72, 0x53, 0x92, 0x53, 0x92, 0x53, 0x92, 0x5B, 0x92, 0x5B, 0xB2, 0x63, 0xB1, 0x6B, 0xD1, 0x6B,
    0xD2, 0x6B, 0xF1, 0x6B, 0x12, 0x74, 0x32, 0x7C, 0x52, 0x84, 0x93, 0x8C, 0xB4, 0x8C, 0x94, 0x84,
    0x33, 0x7C, 0x12, 0x74, 0xD1, 0x6B, 0x90, 0x63, 0x91, 0x63, 0x91, 0x63, 0x91, 0x63, 0x91, 0x63,
    0x91, 0x63, 0x91, 0x63, 0xB1, 0x63, 0xB2, 0x63, 0xD2, 0x6B, 0xF3, 0x73, 0xF2, 0x73, 0xF2, 0x73,
    0xF2, 0x73, 0x12, 0x7C, 0x12, 0x7C, 0x32, 0x84, 0x72, 0x94, 0x92, 0x9C, 0xD1, 0xB4, 0xAC, 0xBC,
    0x2D, 0xCD, 0x11, 0xB5, 0xB1, 0xA4, 0xD3, 0xA4, 0xD3, 0x9C, 0xD3, 0x9C, 0xD3, 0x9C, 0xF4, 0x9C,
    0x15, 0x9D, 0x14, 0x9D, 0xF4, 0x9C, 0xF4, 0x9C, 0x15, 0x9D, 0x16, 0x9D, 0x16, 0x9D, 0x16, 0x95,
    0xF6, 0x8C, 0xD7, 0x84, 0x55, 0x74, 0xB0, 0x2A, 0x8D, 0x01, 0x8B, 0x11, 0xAD, 0x6A, 0xF0, 0xB3,
    0x0F, 0xD4, 0xCE, 0xDB, 0xEF, 0xEB, 0x8E, 0xE3, 0x8E, 0xDB, 0x6E, 0xDB, 0x4D, 0xD3, 0x2D, 0xD3,
    0x0C, 0xCB, 0xEC, 0xC2, 0x8B, 0xB2, 0xCC, 0xAA, 0x4F, 0xAB, 0x6F, 0xAB, 0xB0, 0xAB, 0xF0, 0xB3,
    0x10, 0xB4, 0x10, 0xB4, 0x51, 0xBC, 0x71, 0xBC, 0x92, 0xC4, 0xB2, 0xCC, 0xB2, 0xCC, 0xB2, 0xCC,
    0xD3, 0xCC, 0xF3, 0xCC, 0x34, 0xD5, 0x35, 0xCD, 0x6E, 0x93, 0x29, 0x62, 0x69, 0x6A, 0x6D, 0x93,
    0xB2, 0xCC, 0x91, 0xD4, 0x50, 0xCC, 0x91, 0xD4, 0xB1, 0xDC, 0xB1, 0xD4, 0x91, 0xD4, 0xF2, 0xDC,
    0x12, 0xDD, 0x33, 0xE5, 0x33, 0xE5, 0x34, 0xE5, 0x74, 0xED, 0x74, 0xE5, 0x94, 0xED, 0x94, 0xED,
    0x74, 0xE5, 0x94, 0xED, 0xD5, 0xF5, 0x94, 0xED, 0xB5, 0xED, 0x94, 0xED, 0x94, 0xED, 0xB5, 0xF5,
    0xB5, 0xED, 0xB5, 0xED, 0xB5, 0xF5, 0x17, 0xF6, 0xB5, 0xDD, 0x4C, 0x83, 0x65, 0x41, 0x24, 0x39,
    0x48, 0x62, 0xD2, 0xBC, 0x78, 0xF6, 0xF5, 0xED, 0xD5, 0xED, 0xF5, 0xED, 0xB4, 0xE5, 0xB5, 0xE5,
    0x94, 0xE5, 0xB4, 0xED, 0x94, 0xE5, 0x94, 0xE5, 0x53, 0xE5, 0x94, 0xED, 0x73, 0xE5, 0x53, 0xE5,
    0x32, 0xE5, 0x12, 0xE5, 0x12, 0xE5, 0x33, 0xED, 0xB1, 0xE4, 0x2F, 0xE4, 0x70, 0xEC, 0x50, 0xEC,
    0x4F, 0xEC, 0x2F, 0xE4, 0x2F, 0xE4, 0x2F, 0xE4, 0x2F, 0xE4, 0x4F, 0xEC, 0x0F, 0xEC, 0x0F, 0xE4,
    0xB2, 0xE4, 0x14, 0xDD, 0x90, 0x83, 0x4B, 0x01, 0x8D, 0x01, 0xAD, 0x01, 0xCD, 0x01, 0xAD, 0x01,
    0xAD, 0x01, 0xAD, 0x01, 0xAD, 0x01, 0xAD, 0x01, 0xAD, 0x01, 0xAD, 0x01, 0xAD, 0x01, 0xAD, 0x01,
    0xAD, 0x01, 0xAD, 0x01, 0x8D, 0x01, 0x8D, 0x01, 0x8D, 0x01, 0x8C, 0x01, 0xAC, 0x01, 0xAC, 0x01,
    0x8C, 0x01, 0x8C, 0x01, 0x8C, 0x01, 0x8C, 0x01, 0x8C, 0x09, 0x8C, 0x09, 0x8C, 0x09, 0x8C, 0x11,
    0xAC, 0x19, 0xAC, 0x19, 0xAC, 0x21, 0xCC, 0x29, 0x8B, 0x29, 0xAB, 0x29, 0xAB, 0x21, 0x8B, 0x21,
    0x8B, 0x19, 0x8B, 0x11, 0x8B, 0x09, 0x6B, 0x09, 0x6B, 0x09, 0x4B, 0x01, 0x4A, 0x01, 0x4B, 0x01,
    0x4B, 0x01, 0x4B, 0x01, 0x6B, 0x01, 0x4A, 0x01, 0x8B, 0x09, 0xED, 0x11, 0x4A, 0x01, 0x4A, 0x01,
    0x2A, 0x01, 0x2A, 0x01, 0x2A, 0x01, 0x2A, 0x01, 0x2A, 0x01, 0x2A, 0x01, 0x2A, 0x01, 0x2A, 0x01,
    0x2A, 0x01, 0x2A, 0x01, 0x2A, 0x01, 0x2A, 0x01, 0x2A, 0x01, 0x2A, 0x01, 0x2A, 0x01, 0x09, 0x01,
    0xAA, 0x19, 0x8A, 0x19, 0xE9, 0x00, 0x09, 0x01, 0x09, 0x01, 0xE9, 0x00, 0xE9, 0x00, 0xE9, 0x00,
    0xE9, 0x00, 0xE9, 0x00, 0x09, 0x01, 0xE9, 0x00, 0xE9, 0x00, 0xE9, 0x00, 0xE9, 0x00, 0xE9, 0x00,
    0xE9, 0x00, 0xE9, 0x00, 0xE9, 0x00, 0xE9, 0x00, 0xC9, 0x00, 0x6B, 0x11, 0x93, 0x5B, 0x15, 0x64,
    0x14, 0x64, 0xD3, 0x63, 0xB3, 0x5B, 0xB2, 0x5B, 0x71, 0x53, 0x51, 0x53, 0x30, 0x4B, 0x10, 0x4B,
    0x10, 0x43, 0xF0, 0x42, 0xF0, 0x42, 0xD0, 0x42, 0xCF, 0x3A, 0x8E, 0x3A, 0x8E, 0x3A, 0x6E, 0x32,
    0x6F, 0x22, 0x4F, 0x22, 0x4F, 0x22, 0x4F, 0x22, 0x4F, 0x22, 0x4E, 0x22, 0x4F, 0x22, 0x6F, 0x22,
    0xB0, 0x2A, 0xD1, 0x32, 0xF1, 0x32, 0xF1, 0x3A, 0xB0, 0x32, 0x4E, 0x2A, 0x4E, 0x22, 0x2D, 0x22,
    0x2D, 0x22, 0x0D, 0x22, 0x0C, 0x22, 0xEC, 0x19, 0xEC, 0x19, 0xCC, 0x19, 0xCC, 0x19, 0xCC, 0x19,
    0xCC, 0x19, 0xCC, 0x19, 0xCC, 0x19, 0xEC, 0x19, 0xED, 0x19, 0xB0, 0x2A, 0x53, 0x3B, 0x73, 0x43,
    0x52, 0x3B, 0x32, 0x3B, 0x12, 0x3B, 0x12, 0x3B, 0x11, 0x3B, 0xF1, 0x3A, 0xF1, 0x3A, 0x11, 0x3B,
    0x11, 0x43, 0x11, 0x43, 0x11, 0x43, 0x31, 0x43, 0x31, 0x43, 0x31, 0x4B, 0x51, 0x4B, 0x51, 0x4B,
    0x52, 0x4B, 0x72, 0x4B, 0x71, 0x53, 0x71, 0x53, 0x91, 0x63, 0x91, 0x63, 0xB1, 0x6B, 0xD2, 0x6B,
    0xF2, 0x73, 0x12, 0x74, 0x12, 0x74, 0x32, 0x7C, 0x53, 0x84, 0x73, 0x84, 0x93, 0x8C, 0x94, 0x8C,
    0x53, 0x84, 0xF1, 0x73, 0xB0, 0x6B, 0x90, 0x6B, 0x91, 0x6B, 0x91, 0x6B, 0x91, 0x63, 0x91, 0x63,
    0x91, 0x63, 0x91, 0x63, 0x91, 0x63, 0x92, 0x63, 0xD2, 0x6B, 0xF2, 0x6B, 0xF2, 0x73, 0xF2, 0x73,
    0x12, 0x74, 0x12, 0x7C, 0x12, 0x7C, 0x32, 0x84, 0x52, 0x8C, 0x73, 0x94, 0x91, 0xA4, 0x10, 0xBD,
    0x72, 0xC5, 0xB2, 0xA4, 0xB3, 0x9C, 0xB3, 0x9C, 0xB3, 0x94, 0xD3, 0x94, 0xD4, 0x9C, 0xF4, 0x9C,
    0x15, 0x9D, 0x15, 0x9D, 0xF5, 0x94, 0xF5, 0x94, 0xF5, 0x94, 0xF5, 0x94, 0xD5, 0x94, 0xD5, 0x8C,
    0xD5, 0x8C, 0xB5, 0x8C, 0xB6, 0x84, 0x96, 0x74, 0x93, 0x4B, 0xCC, 0x19, 0x4C, 0x4A, 0x8F, 0xA3,
    0x10, 0xCC, 0xEF, 0xDB, 0xEF, 0xEB, 0xCE, 0xE3, 0xAE, 0xE3, 0x6E, 0xDB, 0x4D, 0xD3, 0x2D, 0xCB,
    0x0C, 0xCB, 0xCC, 0xC2, 0x6B, 0xAA, 0xED, 0xAA, 0x4F, 0xA3, 0x6F, 0xAB, 0xB0, 0xAB, 0xD0, 0xAB,
    0x11, 0xB4, 0x72, 0xBC, 0x71, 0xBC, 0x72, 0xC4, 0xB2, 0xCC, 0x92, 0xC4, 0x71, 0xC4, 0xB2, 0xCC,
    0xD3, 0xCC, 0x34, 0xD5, 0x55, 0xCD, 0xE7, 0x49, 0x00, 0x08, 0xAA, 0x5A, 0x45, 0x31, 0x45, 0x39,
    0x65, 0x49, 0xCF, 0xAB, 0x92, 0xDC, 0x70, 0xD4, 0x91, 0xD4, 0x91, 0xD4, 0xB1, 0xD4, 0xB1, 0xD4,
    0xF2, 0xDC, 0xD2, 0xDC, 0x12, 0xE5, 0x53, 0xED, 0x74, 0xED, 0x54, 0xE5, 0x94, 0xED, 0x94, 0xED,
    0x94, 0xED, 0x74, 0xED, 0x94, 0xED, 0x94, 0xED, 0x94, 0xED, 0x94, 0xED, 0x94, 0xED, 0x95, 0xF5,
    0xB5, 0xED, 0x94, 0xED, 0xD5, 0xF5, 0xB5, 0xE5, 0xA6, 0x51, 0x40, 0x10, 0x48, 0x4A, 0x13, 0xA5,
    0x27, 0x52, 0xA1, 0x28, 0xAD, 0x93, 0x37, 0xEE, 0xB5, 0xED, 0xB4, 0xED, 0xB4, 0xED, 0xB4, 0xE5,
    0x94, 0xE5, 0x94, 0xED, 0x94, 0xED, 0x94, 0xED, 0x74, 0xE5, 0x74, 0xED, 0x74, 0xE5, 0x53, 0xE5,
    0x12, 0xE5, 0x12, 0xE5, 0x12, 0xE5, 0x12, 0xE5, 0x12, 0xED, 0x90, 0xE4, 0x50, 0xEC, 0x70, 0xEC,
    0x50, 0xEC, 0x2F, 0xE4, 0x2F, 0xEC, 0x0F, 0xE4, 0x0F, 0xE4, 0x2F, 0xEC, 0x30, 0xEC, 0x90, 0xEC,
    0x91, 0xDC, 0xB3, 0xCC, 0xAE, 0x52, 0x6C, 0x01, 0x8E, 0x01, 0xAD, 0x01, 0xCD, 0x01, 0xAE, 0x01,
    0xAD, 0x01, 0xAD, 0x01, 0xAD, 0x01, 0xAD, 0x01, 0xAD, 0x01, 0xAD, 0x01, 0xAD, 0x01, 0xAD, 0x01,
    0xAD, 0x01, 0xAD, 0x01, 0xAD, 0x01, 0x8D, 0x01, 0x8D, 0x01, 0x8D, 0x01, 0xAD, 0x01, 0xAD, 0x01,
    0x8D, 0x01, 0x8D, 0x01, 0x8D, 0x01, 0x8C, 0x01, 0x8C, 0x09, 0x8C, 0x09, 0x8C, 0x09, 0x8C, 0x09,
    0x8C, 0x11, 0x8C, 0x11, 0x8C, 0x19, 0xAC, 0x19, 0xAC, 0x21, 0x8B, 0x19, 0x8B, 0x19, 0x8B, 0x19,
    0x8B, 0x11, 0x6B, 0x11, 0x6B, 0x09, 0x6B, 0x09, 0x6B, 0x01, 0x6B, 0x01, 0x6B, 0x01, 0x6B, 0x01,
    0x4B, 0x01, 0x4B, 0x01, 0x4B, 0x01, 0x4A, 0x01, 0x8B, 0x01, 0xAC, 0x09, 0x4A, 0x01, 0x4A, 0x01,
    0x4A, 0x01, 0x4A, 0x01, 0x4A, 0x01, 0x4A, 0x01, 0x4A, 0x01, 0x4A, 0x01, 0x2A, 0x01, 0x2A, 0x01,
    0x2A, 0x01, 0x2A, 0x01, 0x2A, 0x01, 0x2A, 0x01, 0x2A, 0x01, 0x2A, 0x01, 0x2A, 0x01, 0xE8, 0x00,
    0x12, 0x6C, 0xD2, 0x63, 0xC8, 0x00, 0x09, 0x01, 0x09, 0x01, 0xE9, 0x00, 0xE9, 0x00, 0xE9, 0x00,
    0xE9, 0x00, 0xE9, 0x00, 0xE9, 0x00, 0xE9, 0x00, 0xE9, 0x00, 0xE9, 0x00, 0xE9, 0x00, 0xE9, 0x00,
    0xE9, 0x00, 0xE9, 0x00, 0xE9, 0x00, 0xE9, 0x00, 0xC9, 0x00, 0x4E, 0x32, 0x15, 0x64, 0x15, 0x64,
    0xF4, 0x63, 0xD3, 0x63, 0xB2, 0x5B, 0x92, 0x5B, 0x71, 0x53, 0x51, 0x53, 0x30, 0x4B, 0x10, 0x4B,
    0x0F, 0x43, 0xEF, 0x42, 0xEF, 0x42, 0xCF, 0x42, 0xAF, 0x3A, 0x8E, 0x3A, 0x8E, 0x3A, 0x6E, 0x32,
    0xD1, 0x2A, 0xD1, 0x22, 0xB0, 0x22, 0xB0, 0x2A, 0x8F, 0x2A, 0x90, 0x2A, 0xB0, 0x32, 0xF1, 0x32,
    0x11, 0x3B, 0x32, 0x43, 0x52, 0x4B, 0x52, 0x4B, 0x52, 0x4B, 0xD0, 0x3A, 0x4E, 0x2A, 0x2E, 0x22,
    0x2D, 0x22, 0x0D, 0x22, 0xEC, 0x19, 0xEC, 0x19, 0xEC, 0x19, 0xCC, 0x19, 0xCD, 0x19, 0xCD, 0x19,
    0xEC, 0x19, 0xED, 0x19, 0xED, 0x19, 0xEC, 0x19, 0xCC, 0x19, 0x0D, 0x22, 0x11, 0x33, 0x93, 0x43,
    0x73, 0x3B, 0x53, 0x3B, 0x52, 0x3B, 0x52, 0x3B, 0x32, 0x3B, 0x11, 0x3B, 0x11, 0x3B, 0x11, 0x43,
    0x11, 0x43, 0x31, 0x43, 0x31, 0x43, 0x32, 0x43, 0x32, 0x43, 0x52, 0x43, 0x32, 0x43, 0x52, 0x4B,
    0x52, 0x4B, 0x52, 0x4B, 0x51, 0x4B, 0x71, 0x53, 0x92, 0x63, 0xB2, 0x63, 0xD2, 0x6B, 0xD1, 0x6B,
    0xF2, 0x6B, 0xF2, 0x73, 0x12, 0x74, 0x12, 0x74, 0x32, 0x7C, 0x52, 0x84, 0x73, 0x84, 0x93, 0x8C,
    0x73, 0x84, 0x12, 0x7C, 0xB1, 0x73, 0xB0, 0x6B, 0xB1, 0x6B, 0xB1, 0x73, 0xB1, 0x6B, 0x91, 0x63,
    0x91, 0x63, 0x91, 0x5B, 0x92, 0x5B, 0x92, 0x63, 0xB2, 0x63, 0xD2, 0x6B, 0xF2, 0x6B, 0xF2, 0x73,
    0xF2, 0x73, 0xF2, 0x73, 0x12, 0x7C, 0x32, 0x7C, 0x52, 0x84, 0x73, 0x8C, 0x72, 0x94, 0xB2, 0x9C,
    0xB2, 0x9C, 0x92, 0x9C, 0x93, 0x94, 0x93, 0x94, 0x93, 0x94, 0xB3, 0x94, 0xD4, 0x94, 0xF4, 0x9C,
    0xF5, 0x9C, 0xF5, 0x94, 0xD5, 0x94, 0xB4, 0x8C, 0xB4, 0x8C, 0xB4, 0x8C, 0x94, 0x8C, 0x94, 0x84,
    0x94, 0x84, 0x94, 0x84, 0xB5, 0x84, 0xB6, 0x84, 0xB6, 0x7C, 0xF4, 0x63, 0xEF, 0x5A, 0xCD, 0x7A,
    0xEF, 0xB3, 0x50, 0xD4, 0xEF, 0xDB, 0xAE, 0xDB, 0xAE, 0xDB, 0x6E, 0xDB, 0x2D, 0xD3, 0x0D, 0xD3,
    0xEC, 0xCA, 0x8B, 0xBA, 0xCC, 0xAA, 0x2E, 0xAB, 0x70, 0xAB, 0xB0, 0xAB, 0xAF, 0xAB, 0xD0, 0xAB,
    0xF0, 0xB3, 0x51, 0xBC, 0x51, 0xBC, 0x51, 0xBC, 0x92, 0xCC, 0x71, 0xC4, 0xD3, 0xCC, 0xF3, 0xD4,
    0xD3, 0xCC, 0x76, 0xD5, 0x29, 0x5A, 0x00, 0x00, 0x10, 0x84, 0x9E, 0xFF, 0xD7, 0xC5, 0x6D, 0x83,
    0x07, 0x52, 0x85, 0x51, 0x71, 0xCC, 0x91, 0xD4, 0xB1, 0xDC, 0x70, 0xD4, 0x91, 0xD4, 0x91, 0xD4,
    0xD2, 0xDC, 0x12, 0xDD, 0x33, 0xE5, 0x53, 0xE5, 0x54, 0xED, 0x74, 0xED, 0x94, 0xED, 0x94, 0xED,
    0x94, 0xED, 0x94, 0xED, 0x74, 0xED, 0x94, 0xED, 0x94, 0xF5, 0x94, 0xED, 0x74, 0xED, 0x74, 0xED,
    0xB5, 0xF5, 0xB5, 0xED, 0xF6, 0xF5, 0xCA, 0x7A, 0x41, 0x18, 0x24, 0x29, 0x57, 0xCE, 0xFF, 0xFF,
    0x37, 0xD6, 0x85, 0x39, 0xA2, 0x20, 0x0F, 0xA4, 0x16, 0xEE, 0xB4, 0xED, 0xB4, 0xED, 0xB4, 0xE5,
    0x74, 0xE5, 0x73, 0xE5, 0x73, 0xE5, 0x94, 0xED, 0x74, 0xED, 0x53, 0xE5, 0x53, 0xE5, 0x33, 0xE5,
    0x12, 0xE5, 0x12, 0xE5, 0x12, 0xE5, 0x12, 0xE5, 0x12, 0xE5, 0xB1, 0xE4, 0x2F, 0xE4, 0x50, 0xEC,
    0x50, 0xEC, 0x2F, 0xEC, 0x2F, 0xEC, 0x2F, 0xEC, 0x0F, 0xEC, 0x0F, 0xE4, 0x92, 0xE4, 0xB2, 0xE4,
    0x91, 0xCC, 0xD0, 0x9B, 0x8B, 0x19, 0xAD, 0x01, 0xAE, 0x01, 0xAD, 0x01, 0xCE, 0x01, 0xCE, 0x01,
    0xCE, 0x01, 0xAD, 0x01, 0xAD, 0x01, 0xAD, 0x01, 0xAD, 0x01, 0xAD, 0x01, 0xAD, 0x01, 0xAD, 0x01,
    0xAD, 0x01, 0xAD, 0x01, 0xAD, 0x01, 0xAD, 0x01, 0xAD, 0x01, 0xAD, 0x01, 0xAD, 0x01, 0xAD, 0x01,
    0xAD, 0x01, 0x8D, 0x01, 0x8D, 0x01, 0x8D, 0x01, 0x8C, 0x01, 0x8C, 0x01, 0x8C, 0x01, 0x8C, 0x09,
    0x8C, 0x09, 0x8C, 0x09, 0x8C, 0x11, 0x8B, 0x11, 0x8B, 0x11, 0x8B, 0x11, 0x6B, 0x11, 0x8B, 0x11,
    0x8C, 0x09, 0x6B, 0x09, 0x6C, 0x09, 0x6B, 0x01, 0x6B, 0x01, 0x6B, 0x01, 0x6B, 0x01, 0x6B, 0x01,
    0x6B, 0x01, 0x6B, 0x01, 0x4B, 0x01, 0x6A, 0x01, 0x4A, 0x01, 0x4A, 0x01, 0x4A, 0x01, 0x4A, 0x01,
    0x4B, 0x01, 0x4B, 0x01, 0x4A, 0x01, 0x4A, 0x01, 0x4A, 0x01, 0x4A, 0x01, 0x4A, 0x01, 0x2A, 0x01,
    0x2A, 0x01, 0x2A, 0x01, 0x2A, 0x01, 0x2A, 0x01, 0x2A, 0x01, 0x2A, 0x01, 0x0A, 0x01, 0x09, 0x01,
    0xCB, 0x21, 0xAB, 0x19, 0xE9, 0x00, 0x0A, 0x01, 0x0A, 0x01, 0x0A, 0x01, 0x0A, 0x01, 0x0A, 0x01,
    0xE9, 0x00, 0xE9, 0x00, 0xEA, 0x00, 0xE9, 0x00, 0xE9, 0x00, 0xE9, 0x00, 0xE9, 0x00, 0xE9, 0x00,
    0xE9, 0x00, 0xE9, 0x00, 0xE9, 0x00, 0xE9, 0x00, 0x0A, 0x01, 0xF1, 0x4A, 0x35, 0x6C, 0x15, 0x64,
    0xF4, 0x63, 0xD3, 0x63, 0xB2, 0x5B, 0x92, 0x5B, 0x71, 0x53, 0x51, 0x53, 0x30, 0x53, 0x10, 0x4B,
    0x10, 0x4B, 0xEF, 0x42, 0xEF, 0x42, 0xEF, 0x42, 0xCF, 0x42, 0xAE, 0x3A, 0xAE, 0x3A, 0x8E, 0x3A,
    0x12, 0x2B, 0xF2, 0x2A, 0xF1, 0x32, 0x11, 0x3B, 0x31, 0x43, 0x32, 0x43, 0x11, 0x43, 0x11, 0x43,
    0x10, 0x43, 0x10, 0x43, 0x30, 0x4B, 0x31, 0x53, 0x51, 0x53, 0x51, 0x53, 0xF0, 0x42, 0x8F, 0x2A,
    0x4E, 0x22, 0x2E, 0x22, 0x0D, 0x22, 0xEC, 0x19, 0xCC, 0x19, 0xCC, 0x19, 0xCC, 0x11, 0xCD, 0x11,
    0x0D, 0x1A, 0x2D, 0x22, 0x2E, 0x22, 0x4E, 0x22, 0x2D, 0x22, 0xED, 0x19, 0x6F, 0x22, 0x53, 0x43,
    0x94, 0x43, 0x94, 0x3B, 0x93, 0x3B, 0x73, 0x3B, 0x52, 0x3B, 0x52, 0x3B, 0x52, 0x3B, 0x32, 0x43,
    0x32, 0x43, 0x32, 0x43, 0x52, 0x43, 0x52, 0x43, 0x52, 0x43, 0x52, 0x43, 0x52, 0x43, 0x52, 0x43,
    0x52, 0x43, 0x31, 0x43, 0x31, 0x4B, 0x51, 0x53, 0x71, 0x5B, 0x91, 0x63, 0xB1, 0x63, 0xB1, 0x6B,
    0xD2, 0x6B, 0xF2, 0x6B, 0xF2, 0x73, 0x12, 0x74, 0x12, 0x7C, 0x32, 0x7C, 0x52, 0x84, 0x73, 0x84,
    0x73, 0x84, 0x33, 0x84, 0xD1, 0x73, 0xB0, 0x6B, 0xB1, 0x6B, 0xB1, 0x73, 0x91, 0x6B, 0x70, 0x63,
    0x50, 0x5B, 0x51, 0x53, 0x71, 0x5B, 0x92, 0x5B, 0xB2, 0x63, 0xD2, 0x6B, 0xF2, 0x6B, 0xF2, 0x6B,
    0xF2, 0x73, 0xF2, 0x73, 0xF2, 0x73, 0x12, 0x7C, 0x32, 0x84, 0x52, 0x84, 0x52, 0x84, 0x72, 0x8C,
    0x73, 0x8C, 0x72, 0x94, 0x73, 0x8C, 0x73, 0x8C, 0x73, 0x8C, 0x93, 0x8C, 0x93, 0x94, 0xD4, 0x94,
    0xB4, 0x94, 0xB4, 0x8C, 0x94, 0x8C, 0x94, 0x8C, 0x94, 0x84, 0x74, 0x84, 0x74, 0x84, 0x74, 0x84,
    0x74, 0x84, 0x94, 0x84, 0x94, 0x84, 0x74, 0x7C, 0x95, 0x7C, 0xB5, 0x84, 0x75, 0x8C, 0xED, 0x72,
    0xEC, 0x82, 0xEF, 0xBB, 0xEF, 0xD3, 0xAE, 0xD3, 0x8D, 0xD3, 0x6E, 0xD3, 0x6E, 0xDB, 0x2D, 0xD3,
    0xEC, 0xCA, 0x8B, 0xB2, 0xED, 0xA2, 0x4F, 0xA3, 0x4F, 0xA3, 0x6F, 0xA3, 0x8F, 0xA3, 0xF0, 0xB3,
    0x31, 0xBC, 0x31, 0xB4, 0x51, 0xBC, 0x71, 0xBC, 0x71, 0xC4, 0x71, 0xC4, 0x92, 0xCC, 0xD2, 0xCC,
    0x75, 0xD5, 0x51, 0xA4, 0x00, 0x00, 0x00, 0x00, 0x11, 0x84, 0xFC, 0xE6, 0x30, 0x8C, 0x2B, 0x73,
    0x4B, 0x73, 0xC2, 0x28, 0x8E, 0xA3, 0x91, 0xDC, 0x90, 0xDC, 0x90, 0xDC, 0x91, 0xDC, 0xB1, 0xDC,
    0xD2, 0xDC, 0xD2, 0xDC, 0xF2, 0xDC, 0x13, 0xDD, 0x33, 0xE5, 0x54, 0xE5, 0x53, 0xE5, 0x74, 0xE5,
    0x74, 0xE5, 0x94, 0xED, 0x54, 0xE5, 0x53, 0xED, 0x33, 0xE5, 0x53, 0xE5, 0x74, 0xED, 0x94, 0xF5,
    0xB5, 0xF5, 0xD5, 0xF5, 0x33, 0xDD, 0xE3, 0x30, 0x41, 0x10, 0xE3, 0x20, 0x6C, 0x73, 0xF6, 0xC5,
    0xB0, 0x9C, 0x27, 0x4A, 0x61, 0x10, 0xE3, 0x30, 0x94, 0xDD, 0xF5, 0xF5, 0xD5, 0xED, 0xB4, 0xED,
    0x74, 0xE5, 0x73, 0xE5, 0x74, 0xE5, 0x74, 0xE5, 0x53, 0xE5, 0x53, 0xE5, 0x33, 0xE5, 0x53, 0xE5,
    0x33, 0xE5, 0x12, 0xE5, 0x12, 0xE5, 0x12, 0xE5, 0x12, 0xE5, 0xD1, 0xE4, 0x50, 0xE4, 0x0F, 0xEC,
    0x2F, 0xEC, 0x2F, 0xEC, 0x0F, 0xEC, 0x0F, 0xE4, 0x2F, 0xE4, 0x70, 0xE4, 0xB2, 0xE4, 0x91, 0xDC,
    0x52, 0xB4, 0x8D, 0x4A, 0x6B, 0x01, 0xCE, 0x01, 0xAD, 0x01, 0xCD, 0x01, 0xCE, 0x01, 0xCE, 0x01,
    0xCE, 0x01, 0xCE, 0x01, 0xCE, 0x01, 0xCE, 0x01, 0xCD, 0x01, 0xCD, 0x01, 0xAD, 0x01, 0xAD, 0x01,
    0xAD, 0x01, 0xAD, 0x01, 0xAD, 0x01, 0xAD, 0x01, 0xAD, 0x01, 0xAD, 0x01, 0xAD, 0x01, 0xAD, 0x01,
    0xAD, 0x01, 0xAD, 0x01, 0x8D, 0x01, 0xAD, 0x01, 0xAD, 0x01, 0xAC, 0x01, 0xAC, 0x01, 0xAC, 0x01,
    0xAC, 0x09, 0xAC, 0x09, 0x8C, 0x09, 0x8C, 0x09, 0x8C, 0x11, 0x8C, 0x11, 0x8C, 0x09, 0x8C, 0x09,
    0x8C, 0x09, 0x6B, 0x01, 0x6C, 0x09, 0x6B, 0x01, 0x6B, 0x01, 0x6B, 0x01, 0x6B, 0x01, 0x6B, 0x01,
    0x6B, 0x01, 0x6B, 0x01, 0x6B, 0x01, 0x6B, 0x01, 0x4B, 0x01, 0x4A, 0x01, 0x2A, 0x01, 0x2A, 0x01,
    0x2A, 0x01, 0x2B, 0x01, 0x2A, 0x01, 0x4A, 0x01, 0x4A, 0x01, 0x4A, 0x01, 0x4A, 0x01, 0x2A, 0x01,
    0x2A, 0x01, 0x2A, 0x01, 0x2A, 0x01, 0x2A, 0x01, 0x2A, 0x01, 0x2A, 0x01, 0x2A, 0x01, 0x0A, 0x01,
    0xE9, 0x00, 0xC9, 0x00, 0x0A, 0x01, 0x0A, 0x01, 0x0A, 0x01, 0x0A, 0x01, 0x0A, 0x01, 0x0A, 0x01,
    0x0A, 0x01, 0x09, 0x01, 0x0A, 0x01, 0x0A, 0x01, 0x0A, 0x01, 0x0A, 0x01, 0x0A, 0x01, 0x0A, 0x01,
    0x09, 0x01, 0xE9, 0x00, 0xE9, 0x00, 0xE9, 0x00, 0x2A, 0x09, 0x32, 0x4B, 0x35, 0x6C, 0x14, 0x64,
    0xF4, 0x63, 0xD3, 0x63, 0xB2, 0x5B, 0x92, 0x5B, 0x71, 0x5B, 0x51, 0x53, 0x30, 0x53, 0x10, 0x4B,
    0x10, 0x4B, 0xEF, 0x4A, 0xEF, 0x42, 0xEF, 0x42, 0xEF, 0x42, 0xCF, 0x42, 0xCF, 0x42, 0xCF, 0x42,
    0x12, 0x3B, 0x11, 0x3B, 0x11, 0x43, 0x31, 0x4B, 0x52, 0x53, 0x31, 0x4B, 0x31, 0x4B, 0x31, 0x4B,
    0x10, 0x4B, 0x30, 0x4B, 0x30, 0x53, 0x30, 0x53, 0x50, 0x53, 0x30, 0x53, 0x31, 0x53, 0xF0, 0x42,
    0x6E, 0x2A, 0x2E, 0x22, 0x0D, 0x1A, 0x0C, 0x1A, 0xCC, 0x11, 0xCC, 0x11, 0x2E, 0x22, 0x8F, 0x2A,
    0xD0, 0x32, 0x10, 0x3B, 0x11, 0x3B, 0x31, 0x43, 0x31, 0x43, 0xF0, 0x3A, 0xAF, 0x32, 0x11, 0x3B,
    0x93, 0x43, 0xB4, 0x43, 0xB4, 0x43, 0xB3, 0x43, 0x93, 0x3B, 0x93, 0x43, 0x73, 0x43, 0x52, 0x43,
    0x52, 0x3B, 0x52, 0x43, 0x52, 0x43, 0x73, 0x43, 0x73, 0x43, 0x73, 0x43, 0x73, 0x43, 0x73, 0x43,
    0x52, 0x43, 0x11, 0x43, 0x31, 0x4B, 0x51, 0x53, 0x71, 0x53, 0x91, 0x5B, 0xB1, 0x63, 0xB1, 0x63,
    0xD2, 0x6B, 0xD1, 0x6B, 0xD1, 0x6B, 0xF2, 0x73, 0xF1, 0x73, 0x12, 0x7C, 0x32, 0x7C, 0x32, 0x84,
    0x53, 0x84, 0x53, 0x84, 0xF2, 0x73, 0xB1, 0x6B, 0xD1, 0x73, 0xF2, 0x7B, 0xF2, 0x73, 0xB1, 0x6B,
    0x91, 0x63, 0x51, 0x5B, 0x51, 0x53, 0x71, 0x5B, 0xB2, 0x63, 0xF3, 0x6B, 0xD2, 0x6B, 0xD2, 0x6B,
    0xF2, 0x6B, 0xF2, 0x73, 0x12, 0x74, 0x12, 0x7C, 0x12, 0x7C, 0x12, 0x84, 0x32, 0x84, 0x52, 0x84,
    0x52, 0x84, 0x53, 0x8C, 0x53, 0x8C, 0x53, 0x84, 0x73, 0x84, 0x73, 0x8C, 0x73, 0x8C, 0x94, 0x8C,
    0x94, 0x8C, 0x74, 0x8C, 0x74, 0x84, 0x74, 0x84, 0x73, 0x84, 0x53, 0x84, 0x53, 0x7C, 0x53, 0x84,
    0x74, 0x84, 0x74, 0x84, 0x74, 0x84, 0x73, 0x84, 0x73, 0x84, 0x74, 0x84, 0xB5, 0x8C, 0x73, 0x8C,
    0xAC, 0x6A, 0xAC, 0x82, 0x8E, 0xB3, 0xCF, 0xC3, 0xCF, 0xCB, 0xAE, 0xCB, 0x4D, 0xC3, 0x0C, 0xC3,
    0x8B, 0xB2, 0x8C, 0xA2, 0x0E, 0x9B, 0x4F, 0xA3, 0x2F, 0x9B, 0x6F, 0xA3, 0xD0, 0xAB, 0xF0, 0xB3,
    0x10, 0xB4, 0x51, 0xBC, 0x72, 0xC4, 0x51, 0xBC, 0x10, 0xB4, 0x30, 0xBC, 0x92, 0xCC, 0xB2, 0xCC,
    0x96, 0xD5, 0x29, 0x52, 0x00, 0x00, 0x21, 0x00, 0x04, 0x21, 0xE3, 0x18, 0xE3, 0x20, 0xEA, 0x6A,
    0x6C, 0x7B, 0xE3, 0x28, 0xAA, 0x82, 0xD2, 0xE4, 0x90, 0xE4, 0x70, 0xDC, 0x70, 0xDC, 0x91, 0xDC,
    0xB1, 0xDC, 0xD2, 0xDC, 0x13, 0xE5, 0x33, 0xE5, 0x54, 0xED, 0x95, 0xF5, 0x94, 0xED, 0x74, 0xED,
    0x94, 0xED, 0xB5, 0xF5, 0xB5, 0xF5, 0x74, 0xED, 0x33, 0xE5, 0x33, 0xE5, 0x53, 0xED, 0x74, 0xED,
    0x74, 0xED, 0xF6, 0xFD, 0x2F, 0xB4, 0x81, 0x20, 0x00, 0x00, 0xA2, 0x18, 0x44, 0x31, 0x48, 0x52,
    0x2B, 0x73, 0x89, 0x5A, 0x61, 0x10, 0x00, 0x08, 0x70, 0xB4, 0x36, 0xF6, 0xD5, 0xED, 0xB4, 0xED,
    0x73, 0xE5, 0x53, 0xE5, 0x53, 0xE5, 0x53, 0xE5, 0x53, 0xE5, 0x33, 0xE5, 0x33, 0xE5, 0x53, 0xE5,
    0x53, 0xED, 0x12, 0xE5, 0xF2, 0xDC, 0x12, 0xE5, 0x12, 0xE5, 0xF2, 0xE4, 0x50, 0xE4, 0xCE, 0xDB,
    0xCE, 0xE3, 0x0F, 0xEC, 0x0F, 0xE4, 0x70, 0xEC, 0xB1, 0xEC, 0xB1, 0xDC, 0x4F, 0xCC, 0x10, 0xB4,
    0x8D, 0x5A, 0xAC, 0x09, 0xCE, 0x01, 0xCE, 0x01, 0xCD, 0x01, 0xCE, 0x01, 0xCE, 0x01, 0xCE, 0x01,
    0xCE, 0x01, 0xCE, 0x01, 0xCE, 0x01, 0xCE, 0x01, 0xCD, 0x01, 0xCD, 0x01, 0xAD, 0x01, 0xAD, 0x01,
    0xAD, 0x01, 0xAD, 0x01, 0xAD, 0x01, 0xAD, 0x01, 0xAD, 0x01, 0xAD, 0x01, 0xEE, 0x09, 0xCD, 0x01,
    0x8D, 0x01, 0xAD, 0x01, 0xAD, 0x01, 0xAD, 0x01, 0xAD, 0x01, 0xAD, 0x01, 0xAD, 0x01, 0xAC, 0x01,
    0xAC, 0x01, 0xAC, 0x01, 0xAC, 0x01, 0xAC, 0x09, 0x8C, 0x09, 0x8C, 0x09, 0xAC, 0x09, 0x8C, 0x01,
    0x8C, 0x01, 0x8C, 0x01, 0x8C, 0x01, 0x8C, 0x01, 0x8C, 0x01, 0x6C, 0x01, 0x6C, 0x01, 0x6B, 0x01,
    0x6B, 0x01, 0x6B, 0x01, 0x6B, 0x01, 0x6B, 0x01, 0x4B, 0x01, 0x2B, 0x01, 0x2A, 0x01, 0x6A, 0x09,
    0xAB, 0x11, 0x6A, 0x09, 0x2A, 0x01, 0x4A, 0x01, 0x2A, 0x01, 0x4A, 0x01, 0x4A, 0x01, 0x4A, 0x01,
    0x2A, 0x01, 0x2A, 0x01, 0x2A, 0x01, 0x2A, 0x01, 0x2A, 0x01, 0x0A, 0x01, 0x0A, 0x01, 0x0A, 0x01,
    0x2A, 0x01, 0x0A, 0x01, 0x0A, 0x01, 0x0A, 0x01, 0x0A, 0x01, 0x0A, 0x01, 0x0A, 0x01, 0x0A, 0x01,
    0x0A, 0x01, 0x0A, 0x01, 0x0A, 0x01, 0x0A, 0x01, 0x0A, 0x01, 0x0A, 0x01, 0x0A, 0x01, 0x0A, 0x01,
    0x0A, 0x01, 0x0A, 0x01, 0x0A, 0x01, 0xE9, 0x00, 0x2A, 0x09, 0x11, 0x4B, 0x35, 0x6C, 0x15, 0x64,
    0x14, 0x64, 0xF3, 0x63, 0xD2, 0x63, 0x92, 0x5B, 0x71, 0x5B, 0x51, 0x53, 0x50, 0x53, 0x30, 0x53,
    0x10, 0x4B, 0x10, 0x4B, 0x30, 0x4B, 0x30, 0x4B, 0x30, 0x4B, 0x51, 0x53, 0x51, 0x53, 0x52, 0x53,
    0x11, 0x43, 0x31, 0x4B, 0x31, 0x4B, 0x51, 0x53, 0x30, 0x53, 0x30, 0x53, 0x30, 0x53, 0x30, 0x53,
    0x10, 0x4B, 0x10, 0x4B, 0x10, 0x4B, 0x30, 0x53, 0x50, 0x5B, 0x50, 0x53, 0x30, 0x53, 0x30, 0x4B,
    0xAF, 0x32, 0x0D, 0x1A, 0x0D, 0x1A, 0xED, 0x19, 0x0D, 0x1A, 0xB0, 0x2A, 0x32, 0x3B, 0x52, 0x43,
    0x72, 0x4B, 0x92, 0x4B, 0x92, 0x4B, 0x92, 0x53, 0xB3, 0x53, 0xB3, 0x53, 0x72, 0x4B, 0x52, 0x43,
    0x73, 0x43, 0x93, 0x43, 0xB4, 0x4B, 0xF4, 0x4B, 0xD4, 0x43, 0xB4, 0x43, 0x94, 0x43, 0x73, 0x43,
    0x73, 0x43, 0x73, 0x43, 0x73, 0x43, 0x73, 0x43, 0x93, 0x43, 0x73, 0x43, 0x74, 0x43, 0x74, 0x43,
    0x53, 0x43, 0x11, 0x43, 0x11, 0x4B, 0x31, 0x4B, 0x51, 0x53, 0x51, 0x53, 0x71, 0x5B, 0x91, 0x63,
    0x91, 0x63, 0xB1, 0x63, 0xB1, 0x6B, 0xD1, 0x6B, 0xD1, 0x73, 0xF1, 0x73, 0x11, 0x7C, 0x32, 0x7C,
    0x33, 0x84, 0x33, 0x7C, 0x12, 0x7C, 0xF2, 0x7B, 0x12, 0x7C, 0x53, 0x84, 0x73, 0x84, 0x74, 0x84,
    0x54, 0x7C, 0x34, 0x7C, 0xD2, 0x6B, 0xB2, 0x63, 0xB2, 0x6B, 0xD2, 0x6B, 0xD2, 0x6B, 0xD2, 0x6B,
    0xD2, 0x6B, 0xF2, 0x6B, 0xF2, 0x73, 0xF2, 0x73, 0xF2, 0x7B, 0x12, 0x7C, 0x12, 0x7C, 0x32, 0x84,
    0x32, 0x84, 0x33, 0x84, 0x33, 0x84, 0x53, 0x84, 0x53, 0x84, 0x53, 0x84, 0x73, 0x8C, 0x73, 0x8C,
    0x73, 0x84, 0x73, 0x84, 0x73, 0x84, 0x53, 0x84, 0x53, 0x84, 0x53, 0x84, 0x53, 0x84, 0x73, 0x84,
    0x74, 0x8C, 0x73, 0x8C, 0x73, 0x84, 0x73, 0x84, 0x73, 0x84, 0x74, 0x84, 0x74, 0x84, 0xF5, 0x8C,
    0x94, 0x94, 0xAC, 0x6A, 0x49, 0x72, 0x8A, 0x8A, 0xEC, 0x9A, 0x4D, 0xAB, 0x4D, 0xB3, 0x0C, 0xB3,
    0x6A, 0x9A, 0xCD, 0x9A, 0x50, 0xA3, 0x50, 0xA3, 0x4E, 0x9B, 0x6F, 0xA3, 0xAF, 0xA3, 0xF0, 0xAB,
    0x51, 0xBC, 0x30, 0xB4, 0x31, 0xBC, 0x72, 0xC4, 0x30, 0xBC, 0x51, 0xC4, 0x71, 0xCC, 0xB2, 0xCC,
    0xB3, 0xBC, 0x04, 0x29, 0x01, 0x00, 0x21, 0x00, 0x00, 0x00, 0x00, 0x00, 0x20, 0x08, 0x64, 0x31,
    0x89, 0x5A, 0xC2, 0x28, 0x69, 0x72, 0xD2, 0xE4, 0xB1, 0xE4, 0x91, 0xDC, 0x91, 0xE4, 0xD2, 0xE4,
    0xF3, 0xEC, 0x34, 0xF5, 0x34, 0xF5, 0xD2, 0xEC, 0x71, 0xDC, 0x70, 0xDC, 0x91, 0xE4, 0x91, 0xE4,
    0xB1, 0xE4, 0xF2, 0xEC, 0x54, 0xF5, 0x95, 0xF5, 0xB5, 0xF5, 0x74, 0xED, 0x53, 0xED, 0x74, 0xED,
    0x54, 0xED, 0xF6, 0xF5, 0x8C, 0x9B, 0x61, 0x18, 0x00, 0x00, 0x20, 0x00, 0x81, 0x18, 0xC6, 0x41,
    0x88, 0x5A, 0x07, 0x4A, 0x61, 0x10, 0x00, 0x00, 0x8D, 0x93, 0x37, 0xF6, 0xB4, 0xED, 0x94, 0xE5,
    0x33, 0xDD, 0x53, 0xE5, 0x53, 0xE5, 0x53, 0xE5, 0x33, 0xE5, 0x33, 0xE5, 0x33, 0xE5, 0x53, 0xE5,
    0x12, 0xE5, 0x12, 0xE5, 0x12, 0xE5, 0xF2, 0xE4, 0xF2, 0xE4, 0x12, 0xE5, 0xF2, 0xEC, 0xEE, 0xDB,
    0x2F, 0xEC, 0x91, 0xF4, 0xB1, 0xF4, 0x91, 0xE4, 0x50, 0xDC, 0x10, 0xCC, 0x10, 0xB4, 0xAE, 0x62,
    0x6B, 0x09, 0xCE, 0x01, 0xCE, 0x01, 0xCE, 0x01, 0xCE, 0x01, 0xCE, 0x01, 0xCE, 0x01, 0xCE, 0x01,
    0xCE, 0x01, 0xCE, 0x01, 0xCE, 0x01, 0xCE, 0x01, 0xCD, 0x01, 0xCD, 0x01, 0xCD, 0x01, 0xCD, 0x01,
    0xCD, 0x01, 0xAD, 0x01, 0xAD, 0x01, 0xAD, 0x01, 0xAD, 0x01, 0xAD, 0x01, 0xAD, 0x01, 0xAD, 0x01,
    0xAD, 0x01, 0xAD, 0x01, 0xAD, 0x01, 0xAD, 0x01, 0xAD, 0x01, 0xAD, 0x01, 0xAD, 0x01, 0xAD, 0x01,
    0xAD, 0x01, 0xAD, 0x01, 0xAD, 0x01, 0xAC, 0x01, 0x8C, 0x09, 0x8C, 0x01, 0x8C, 0x01, 0x8C, 0x01,
    0x8C, 0x01, 0x8C, 0x01, 0x8C, 0x01, 0x8C, 0x01, 0x8C, 0x01, 0x6C, 0x01, 0x6C, 0x01, 0x6C, 0x01,
    0x6B, 0x01, 0x6B, 0x01, 0x6B, 0x01, 0x6B, 0x01, 0x4B, 0x01, 0x6A, 0x01, 0xAA, 0x09, 0xE9, 0x11,
    0xE8, 0x11, 0xC9, 0x11, 0x6A, 0x09, 0x2B, 0x01, 0x2B, 0x01, 0x4A, 0x01, 0x4A, 0x01, 0x4A, 0x01,
    0x2A, 0x01, 0x2A, 0x01, 0x2A, 0x01, 0x2A, 0x01, 0x2A, 0x01, 0x0A, 0x01, 0x0A, 0x01, 0x2A, 0x01,
    0x2A, 0x01, 0x0A, 0x01, 0x0A, 0x01, 0x0A, 0x01, 0x0A, 0x01, 0x0A, 0x01, 0x0A, 0x01, 0x0A, 0x01,
    0x0A, 0x01, 0x0A, 0x01, 0x0A, 0x01, 0x0A, 0x01, 0x0A, 0x01, 0x0A, 0x01, 0xE9, 0x00, 0xE9, 0x00,
    0xC9, 0x00, 0xE9, 0x00, 0xE9, 0x00, 0xC9, 0x00, 0xE9, 0x00, 0xD0, 0x42, 0x35, 0x6C, 0x35, 0x64,
    0x14, 0x64, 0xF3, 0x63, 0xD2, 0x63, 0xB2, 0x5B, 0x91, 0x5B, 0x71, 0x5B, 0x71, 0x53, 0x50, 0x53,
    0x30, 0x53, 0x50, 0x53, 0x71, 0x53, 0x92, 0x53, 0xB2, 0x5B, 0xB3, 0x5B, 0x93, 0x5B, 0x93, 0x53,
    0x10, 0x43, 0x30, 0x4B, 0x30, 0x4B, 0x30, 0x53, 0x50, 0x53, 0x30, 0x53, 0x30, 0x53, 0x30, 0x53,
    0x10, 0x4B, 0xEF, 0x4A, 0x10, 0x4B, 0x30, 0x53, 0x30, 0x53, 0x30, 0x5B, 0x30, 0x53, 0x30, 0x53,
    0xF0, 0x42, 0x6E, 0x22, 0x4E, 0x22, 0x8F, 0x2A, 0x11, 0x33, 0x52, 0x43, 0x72, 0x43, 0x72, 0x4B,
    0x72, 0x4B, 0x92, 0x4B, 0x92, 0x4B, 0x92, 0x4B, 0x92, 0x53, 0xB2, 0x53, 0xB3, 0x53, 0xB3, 0x53,
    0xB3, 0x4B, 0x72, 0x43, 0x93, 0x43, 0xF4, 0x4B, 0xF4, 0x4B, 0xD4, 0x43, 0xD4, 0x43, 0xB4, 0x43,
    0x93, 0x43, 0x73, 0x43, 0x73, 0x43, 0x94, 0x43, 0x94, 0x43, 0x94, 0x43, 0x94, 0x3B, 0x74, 0x43,
    0x53, 0x43, 0x11, 0x43, 0xF1, 0x42, 0x11, 0x43, 0x31, 0x4B, 0x30, 0x53, 0x51, 0x53, 0x50, 0x5B,
    0x71, 0x5B, 0x91, 0x63, 0xB1, 0x63, 0xD1, 0x6B, 0xD1, 0x73, 0xF1, 0x73, 0x12, 0x7C, 0x32, 0x7C,
    0x53, 0x84, 0x33, 0x7C, 0x12, 0x7C, 0x33, 0x7C, 0x53, 0x84, 0x53, 0x84, 0x74, 0x84, 0x74, 0x84,
    0x94, 0x84, 0x95, 0x84, 0x75, 0x84, 0x33, 0x7C, 0x13, 0x74, 0xF3, 0x73, 0xD2, 0x6B, 0xD2, 0x6B,
    0xD2, 0x6B, 0xD2, 0x6B, 0xD2, 0x6B, 0xF2, 0x73, 0xF2, 0x73, 0x12, 0x7C, 0x12, 0x7C, 0x12, 0x7C,
    0x33, 0x7C, 0x33, 0x7C, 0x33, 0x84, 0x53, 0x84, 0x53, 0x84, 0x73, 0x84, 0x53, 0x84, 0x53, 0x84,
    0x53, 0x84, 0x53, 0x84, 0x53, 0x84, 0x53, 0x84, 0x53, 0x84, 0x73, 0x84, 0x73, 0x84, 0x93, 0x8C,
    0x94, 0x8C, 0x93, 0x8C, 0x93, 0x8C, 0x73, 0x84, 0x73, 0x84, 0x73, 0x84, 0x73, 0x84, 0xB4, 0x84,
    0xD5, 0x8C, 0xD4, 0x94, 0xF0, 0x83, 0x8B, 0x6A, 0x09, 0x62, 0xE8, 0x69, 0x29, 0x72, 0xE8, 0x71,
    0x2A, 0x7A, 0x2F, 0x9B, 0x4F, 0x9B, 0x70, 0xA3, 0x6F, 0xA3, 0xB0, 0xAB, 0x8F, 0xA3, 0xD0, 0xAB,
    0x31, 0xBC, 0x10, 0xB4, 0x51, 0xBC, 0x72, 0xC4, 0x51, 0xBC, 0x71, 0xC4, 0x71, 0xC4, 0x72, 0xC4,
    0x8E, 0x93, 0x62, 0x10, 0x21, 0x00, 0x21, 0x00, 0x20, 0x00, 0x20, 0x00, 0x00, 0x00, 0x61, 0x10,
    0xC2, 0x18, 0x40, 0x18, 0xAA, 0x7A, 0xF2, 0xE4, 0x91, 0xDC, 0xD2, 0xE4, 0xD2, 0xEC, 0xB2, 0xEC,
    0x70, 0xE4, 0xEF, 0xDB, 0xAE, 0xD3, 0x6D, 0xD3, 0x8D, 0xD3, 0x8E, 0xD3, 0x8E, 0xD3, 0xAE, 0xDB,
    0x8D, 0xD3, 0xAE, 0xDB, 0xEE, 0xDB, 0x50, 0xE4, 0xD2, 0xEC, 0x74, 0xF5, 0xB5, 0xFD, 0x94, 0xF5,
    0x74, 0xED, 0x16, 0xFE, 0x4B, 0x93, 0x40, 0x18, 0x00, 0x00, 0x00, 0x00, 0x00, 0x00, 0x61, 0x10,
    0xE2, 0x20, 0xA2, 0x18, 0x40, 0x08, 0x00, 0x00, 0x4C, 0x8B, 0x37, 0xF6, 0x74, 0xED, 0x73, 0xED,
    0x53, 0xE5, 0x74, 0xE5, 0x53, 0xE5, 0x74, 0xE5, 0x53, 0xE5, 0x53, 0xE5, 0x53, 0xE5, 0x53, 0xE5,
    0x33, 0xE5, 0x12, 0xE5, 0x12, 0xE5, 0x32, 0xE5, 0x12, 0xDD, 0x12, 0xDD, 0x12, 0xED, 0x2F, 0xDC,
    0x8D, 0xD3, 0xCE, 0xDB, 0xCD, 0xCB, 0x8D, 0xBB, 0x4D, 0xA3, 0xEE, 0x82, 0x2C, 0x42, 0x8C, 0x09,
    0xCE, 0x01, 0xCE, 0x01, 0xCE, 0x01, 0xCE, 0x01, 0xEE, 0x01, 0xEE, 0x01, 0xCE, 0x01, 0xCE, 0x01,
    0xCE, 0x01, 0xCE, 0x01, 0xCE, 0x01, 0xCE, 0x01, 0xCE, 0x01, 0xCE, 0x01, 0xCE, 0x01, 0xCE, 0x01,
    0xCE, 0x01, 0xCD, 0x01, 0xAD, 0x01, 0xAD, 0x01, 0xAD, 0x01, 0xAD, 0x01, 0xAD, 0x01, 0xAD, 0x01,
    0xAD, 0x01, 0xAD, 0x01, 0xAD, 0x01, 0xAD, 0x01, 0xAD, 0x01, 0xAD, 0x01, 0xAD, 0x01, 0xAD, 0x01,
    0xAD, 0x01, 0xAD, 0x01, 0xAD, 0x01, 0xAD, 0x01, 0xAC, 0x01, 0x8C, 0x01, 0x8C, 0x01, 0x8C, 0x01,
    0x8C, 0x01, 0x8C, 0x01, 0x8C, 0x01, 0x8C, 0x01, 0x8C, 0x01, 0x8C, 0x01, 0x8C, 0x01, 0x6C, 0x01,
    0x6C, 0x01, 0x6B, 0x01, 0x6B, 0x01, 0x6B, 0x01, 0x6B, 0x01, 0xCA, 0x09, 0xE8, 0x19, 0xA5, 0x11,
    0x84, 0x09, 0x86, 0x09, 0x89, 0x09, 0x4B, 0x01, 0x4B, 0x01, 0x4B, 0x01, 0x4B, 0x01, 0x2A, 0x01,
    0x2A, 0x01, 0x2A, 0x01, 0x2A, 0x01, 0x2A, 0x01, 0x2A, 0x01, 0x2A, 0x01, 0x2A, 0x01, 0x2A, 0x01,
    0x2A, 0x01, 0x2A, 0x01, 0x2A, 0x01, 0x0A, 0x01, 0x0A, 0x01, 0x2A, 0x01, 0x2A, 0x01, 0x2A, 0x01,
    0x0A, 0x01, 0x0A, 0x01, 0x2A, 0x01, 0x0A, 0x01, 0xE9, 0x00, 0x0A, 0x01, 0x6B, 0x11, 0xAC, 0x19,
    0xAC, 0x19, 0x8C, 0x11, 0x6B, 0x09, 0x8C, 0x11, 0xCD, 0x19, 0x31, 0x43, 0x35, 0x64, 0x14, 0x64,
    0x14, 0x64, 0xF3, 0x63, 0xB2, 0x63, 0x91, 0x5B, 0x71, 0x5B, 0x71, 0x5B, 0x71, 0x53, 0x50, 0x53,
    0x50, 0x53, 0x92, 0x5B, 0xB3, 0x5B, 0xD3, 0x5B, 0xB3, 0x5B, 0xB3, 0x5B, 0x92, 0x53, 0x72, 0x53,
    0x10, 0x43, 0x10, 0x4B, 0x30, 0x4B, 0x30, 0x53, 0x30, 0x53, 0x30, 0x53, 0x30, 0x53, 0x2F, 0x53,
    0x0F, 0x4B, 0xEF, 0x4A, 0xEF, 0x4A, 0x10, 0x4B, 0x30, 0x53, 0x30, 0x53, 0x30, 0x53, 0x31, 0x4B,
    0x31, 0x43, 0x11, 0x3B, 0x11, 0x33, 0x52, 0x3B, 0x72, 0x43, 0x52, 0x43, 0x72, 0x43, 0x72, 0x4B,
    0x92, 0x4B, 0x92, 0x4B, 0x92, 0x53, 0x92, 0x53, 0x92, 0x53, 0xB2, 0x53, 0xB3, 0x53, 0xD3, 0x53,
    0xF3, 0x53, 0xD3, 0x4B, 0xB2, 0x4B, 0xD3, 0x4B, 0xF4, 0x4B, 0x14, 0x4C, 0xD4, 0x4B, 0xB4, 0x43,
    0x94, 0x43, 0x94, 0x43, 0x94, 0x43, 0x94, 0x43, 0x94, 0x3B, 0x94, 0x43, 0x94, 0x3B, 0x94, 0x3B,
    0x53, 0x3B, 0x32, 0x43, 0x11, 0x43, 0xF1, 0x42, 0x10, 0x43, 0x10, 0x4B, 0x30, 0x4B, 0x30, 0x53,
    0x71, 0x5B, 0x71, 0x5B, 0x91, 0x63, 0xB2, 0x6B, 0xD2, 0x73, 0xF2, 0x73, 0x33, 0x7C, 0x53, 0x84,
    0x53, 0x84, 0x13, 0x7C, 0x13, 0x7C, 0x33, 0x7C, 0x33, 0x7C, 0x13, 0x74, 0x13, 0x74, 0x13, 0x74,
    0x33, 0x7C, 0x34, 0x7C, 0x54, 0x84, 0x54, 0x7C, 0x34, 0x7C, 0x13, 0x74, 0xF3, 0x73, 0xB2, 0x6B,
    0xD2, 0x6B, 0xD2, 0x6B, 0xB2, 0x6B, 0xD2, 0x6B, 0xF2, 0x73, 0xF2, 0x73, 0xF2, 0x73, 0x12, 0x7C,
    0x32, 0x7C, 0x53, 0x84, 0x53, 0x84, 0x53, 0x84, 0x73, 0x84, 0x73, 0x84, 0x53, 0x7C, 0x33, 0x7C,
    0x32, 0x7C, 0x32, 0x7C, 0x33, 0x7C, 0x33, 0x7C, 0x32, 0x7C, 0x53, 0x84, 0x73, 0x84, 0x93, 0x84,
    0x93, 0x8C, 0x93, 0x8C, 0x93, 0x8C, 0x73, 0x84, 0x53, 0x7C, 0x53, 0x7C, 0x53, 0x7C, 0x94, 0x84,
    0xB4, 0x8C, 0xB4, 0x8C, 0x15, 0x9D, 0xF5, 0x9C, 0x73, 0x94, 0xAF, 0x7B, 0x0D, 0x6B, 0x6B, 0x62,
    0x6C, 0x72, 0x2F, 0x93, 0x2F, 0x9B, 0x2E, 0xA3, 0x6F, 0xAB, 0xD0, 0xB3, 0xD0, 0xB3, 0xAF, 0xAB,
    0x10, 0xB4, 0x11, 0xB4, 0x10, 0xB4, 0x51, 0xBC, 0x51, 0xBC, 0x51, 0xC4, 0x51, 0xC4, 0x52, 0xC4,
    0x4E, 0x93, 0x41, 0x10, 0x00, 0x00, 0x21, 0x00, 0x00, 0x00, 0x00, 0x00, 0x00, 0x00, 0x20, 0x08,
    0x20, 0x00, 0x00, 0x08, 0x0B, 0x8B, 0x34, 0xED, 0xF2, 0xEC, 0x91, 0xE4, 0xEF, 0xDB, 0x8D, 0xD3,
    0x4D, 0xD3, 0x2C, 0xD3, 0x0C, 0xCB, 0x2C, 0xD3, 0x4D, 0xD3, 0x4D, 0xD3, 0x4C, 0xD3, 0x6D, 0xD3,
    0x6D, 0xD3, 0x6D, 0xD3, 0x8D, 0xD3, 0x8D, 0xD3, 0xAE, 0xD3, 0x50, 0xDC, 0xD2, 0xEC, 0x54, 0xF5,
    0x54, 0xED, 0xF6, 0xFD, 0xAD, 0xA3, 0x41, 0x20, 0x00, 0x00, 0x00, 0x00, 0x00, 0x00, 0x00, 0x00,
    0x00, 0x00, 0x00, 0x00, 0x00, 0x00, 0x00, 0x00, 0xCE, 0x9B, 0x37, 0xF6, 0x73, 0xE5, 0x73, 0xE5,
    0x53, 0xE5, 0x53, 0xE5, 0x74, 0xE5, 0x53, 0xE5, 0x53, 0xE5, 0x53, 0xE5, 0x53, 0xE5, 0x33, 0xE5,
    0x32, 0xE5, 0x32, 0xE5, 0x33, 0xE5, 0x32, 0xE5, 0x32, 0xE5, 0x12, 0xE5, 0x12, 0xED, 0x91, 0xDC,
    0xEB, 0xA2, 0xAC, 0x8A, 0x8B, 0x72, 0x4C, 0x5A, 0xCB, 0x31, 0xAC, 0x11, 0xAD, 0x01, 0xEE, 0x01,
    0xEE, 0x01, 0xEE, 0x01, 0xCE, 0x01, 0xCE, 0x01, 0xEE, 0x01, 0xEE, 0x01, 0xCE, 0x01, 0xCE, 0x01,
    0xCE, 0x01, 0xCE, 0x01, 0xEE, 0x01, 0xEE, 0x01, 0xCE, 0x01, 0xCE, 0x01, 0xCE, 0x01, 0xCE, 0x01,
    0xCE, 0x01, 0xCE, 0x01, 0xCE, 0x01, 0xCE, 0x01, 0xAE, 0x01, 0xAE, 0x01, 0xAD, 0x01, 0xCD, 0x01,
    0xAD, 0x01, 0xAD, 0x01, 0xAD, 0x01, 0xAD, 0x01, 0xAD, 0x01, 0xAD, 0x01, 0xAD, 0x01, 0xAD, 0x01,
    0xAD, 0x01, 0xAD, 0x01, 0xAD, 0x01, 0xAD, 0x01, 0xAC, 0x01, 0xAC, 0x01, 0x8C, 0x01, 0x8C, 0x01,
    0x8C, 0x01, 0x8C, 0x01, 0x8C, 0x01, 0x8C, 0x01, 0x8C, 0x01, 0x8C, 0x01, 0x8C, 0x01, 0x8C, 0x01,
    0x8C, 0x01, 0x6C, 0x01, 0x6B, 0x01, 0x6B, 0x01, 0x8B, 0x01, 0x09, 0x12, 0xC6, 0x11, 0x84, 0x11,
    0x83, 0x11, 0x64, 0x09, 0x67, 0x09, 0x8A, 0x09, 0x4B, 0x01, 0x4B, 0x01, 0x4B, 0x01, 0x4B, 0x01,
    0x2A, 0x01, 0x2A, 0x01, 0x2A, 0x01, 0x2A, 0x01, 0x2A, 0x01, 0x2A, 0x01, 0x2A, 0x01, 0x2A, 0x01,
    0x2A, 0x01, 0x2A, 0x01, 0x2A, 0x01, 0x2A, 0x01, 0x2A, 0x01, 0x2A, 0x01, 0x0A, 0x01, 0x0A, 0x01,
    0x0A, 0x01, 0x0A, 0x01, 0x09, 0x01, 0x2A, 0x01, 0xAC, 0x19, 0xB0, 0x3A, 0x73, 0x53, 0xB3, 0x5B,
    0xB3, 0x5B, 0x73, 0x53, 0x52, 0x4B, 0x53, 0x4B, 0x93, 0x53, 0xD4, 0x5B, 0xF4, 0x5B, 0xD3, 0x63,
    0xD3, 0x63, 0xD2, 0x63, 0x91, 0x5B, 0x71, 0x5B, 0x51, 0x5B, 0x51, 0x53, 0x51, 0x53, 0x71, 0x53,
    0x92, 0x5B, 0xD3, 0x63, 0xF3, 0x5B, 0xD3, 0x5B, 0xB2, 0x5B, 0x92, 0x5B, 0x72, 0x53, 0x51, 0x53,
    0xEF, 0x42, 0x0F, 0x43, 0x10, 0x4B, 0x10, 0x4B, 0x30, 0x53, 0x30, 0x53, 0x2F, 0x53, 0x2F, 0x53,
    0x0F, 0x53, 0xEF, 0x4A, 0xCF, 0x42, 0xF0, 0x4A, 0x30, 0x53, 0x30, 0x53, 0x30, 0x4B, 0x31, 0x4B,
    0x31, 0x43, 0x31, 0x3B, 0x31, 0x3B, 0x52, 0x43, 0x52, 0x43, 0x52, 0x43, 0x72, 0x4B, 0x72, 0x4B,
    0x92, 0x4B, 0x92, 0x53, 0x92, 0x53, 0x92, 0x53, 0xB2, 0x53, 0xB2, 0x53, 0xB2, 0x53, 0xD3, 0x5B,
    0xF3, 0x5B, 0xF4, 0x5B, 0xF3, 0x53, 0xD3, 0x53, 0xD3, 0x4B, 0xF4, 0x4B, 0xF4, 0x4B, 0xD4, 0x43,
    0xB4, 0x43, 0xB4, 0x43, 0x94, 0x43, 0x94, 0x43, 0x95, 0x3B, 0x94, 0x3B, 0x94, 0x3B, 0x73, 0x3B,
    0x53, 0x3B, 0x33, 0x3B, 0x12, 0x43, 0xF1, 0x3A, 0xF0, 0x3A, 0xF0, 0x42, 0x10, 0x43, 0x30, 0x4B,
    0x51, 0x53, 0x71, 0x5B, 0x91, 0x63, 0xB2, 0x6B, 0xF2, 0x73, 0x33, 0x7C, 0x33, 0x7C, 0x33, 0x7C,
    0x13, 0x74, 0xF2, 0x73, 0xD2, 0x6B, 0xD2, 0x6B, 0xD2, 0x6B, 0xD2, 0x6B, 0xD2, 0x6B, 0xD2, 0x6B,
    0xD2, 0x6B, 0xF3, 0x73, 0x13, 0x7C, 0x33, 0x7C, 0x34, 0x7C, 0x54, 0x7C, 0x33, 0x7C, 0xF2, 0x6B,
    0xD2, 0x6B, 0xB2, 0x63, 0xB2, 0x6B, 0xD2, 0x6B, 0xF2, 0x6B, 0xF2, 0x73, 0x12, 0x7C, 0x33, 0x84,
    0x53, 0x84, 0x94, 0x8C, 0x94, 0x8C, 0x94, 0x8C, 0x94, 0x8C, 0x53, 0x84, 0x33, 0x7C, 0x33, 0x7C,
    0x12, 0x74, 0x12, 0x74, 0x32, 0x74, 0x32, 0x7C, 0x32, 0x7C, 0x53, 0x84, 0x73, 0x84, 0x73, 0x84,
    0x93, 0x8C, 0x93, 0x8C, 0x93, 0x8C, 0x73, 0x84, 0x73, 0x84, 0x53, 0x7C, 0x53, 0x7C, 0x93, 0x84,
    0xB4, 0x8C, 0xB4, 0x8C, 0xD4, 0x94, 0xD5, 0x94, 0xD5, 0x94, 0xF5, 0x94, 0x15, 0x9D, 0x16, 0xA5,
    0x4F, 0x83, 0xEE, 0x8A, 0x0E, 0x9B, 0x2E, 0xA3, 0x6F, 0xAB, 0xD0, 0xB3, 0xF0, 0xB3, 0xF0, 0xB3,
    0xF0, 0xB3, 0x11, 0xBC, 0x10, 0xBC, 0x30, 0xBC, 0x31, 0xBC, 0x10, 0xBC, 0x30, 0xBC, 0x31, 0xBC,
    0xCF, 0xA3, 0x82, 0x20, 0x00, 0x00, 0x00, 0x00, 0x00, 0x00, 0x00, 0x00, 0x20, 0x00, 0x20, 0x00,
    0x20, 0x00, 0x20, 0x08, 0xCF, 0xA3, 0x13, 0xED, 0x0F, 0xDC, 0x8D, 0xD3, 0x4C, 0xD3, 0x2C, 0xD3,
    0x4C, 0xDB, 0x2C, 0xD3, 0x2C, 0xD3, 0x2C, 0xD3, 0x4C, 0xD3, 0x4D, 0xD3, 0x4C, 0xD3, 0x6D, 0xD3,
    0x6D, 0xD3, 0x6D, 0xD3, 0x6D, 0xD3, 0x6D, 0xD3, 0x8D, 0xDB, 0xAE, 0xDB, 0xAE, 0xDB, 0xEF, 0xDB,
    0xF2, 0xEC, 0x74, 0xF5, 0xD2, 0xD4, 0xA2, 0x28, 0x20, 0x00, 0x00, 0x00, 0x00, 0x00, 0x20, 0x00,
    0x00, 0x00, 0x00, 0x00, 0x00, 0x00, 0x20, 0x18, 0x12, 0xCD, 0xF6, 0xF5, 0x94, 0xED, 0x53, 0xE5,
    0x53, 0xE5, 0x74, 0xE5, 0x74, 0xED, 0x53, 0xE5, 0x33, 0xE5, 0x33, 0xE5, 0x33, 0xE5, 0x33, 0xE5,
    0x12, 0xE5, 0x12, 0xE5, 0x12, 0xE5, 0x12, 0xDD, 0x12, 0xE5, 0xF2, 0xE4, 0x12, 0xE5, 0x74, 0xED,
    0x8C, 0x62, 0x6B, 0x11, 0xED, 0x19, 0xEE, 0x09, 0xAD, 0x01, 0xEE, 0x01, 0x0E, 0x02, 0xEE, 0x01,
    0xEE, 0x01, 0xEE, 0x01, 0xEE, 0x01, 0xEE, 0x01, 0xEE, 0x01, 0xEE, 0x01, 0xEE, 0x01, 0xCE, 0x01,
    0xCE, 0x01, 0xEE, 0x01, 0xEE, 0x01, 0xCE, 0x01, 0xEE, 0x01, 0xEE, 0x01, 0xCE, 0x01, 0xCE, 0x01,
    0xCE, 0x01, 0xCE, 0x01, 0xCE, 0x01, 0xCE, 0x01, 0xCE, 0x01, 0xAE, 0x01, 0xCE, 0x01, 0xCE, 0x01,
    0xCD, 0x01, 0xCD, 0x01, 0xCD, 0x01, 0xCD, 0x01, 0xCD, 0x01, 0xAD, 0x01, 0xAD, 0x01, 0xAD, 0x01,
    0xAD, 0x01, 0xAD, 0x01, 0xAD, 0x01, 0xAD, 0x01, 0xAD, 0x01, 0xAC, 0x01, 0xAC, 0x01, 0x8C, 0x01,
    0x8C, 0x01, 0x8C, 0x01, 0x8C, 0x01, 0x8C, 0x01, 0x8C, 0x01, 0x8C, 0x01, 0x8C, 0x01, 0x8C, 0x01,
    0x8C, 0x01, 0x6B, 0x01, 0x6B, 0x01, 0x4B, 0x01, 0xAB, 0x11, 0xE8, 0x19, 0xA4, 0x11, 0x83, 0x11,
    0x63, 0x11, 0x63, 0x09, 0x66, 0x09, 0x8A, 0x09, 0x6B, 0x01, 0x6B, 0x01, 0x4B, 0x01, 0x4B, 0x01,
    0x4A, 0x01, 0x4A, 0x01, 0x4A, 0x01, 0x2A, 0x01, 0x4A, 0x01, 0x2A, 0x01, 0x2A, 0x01, 0x2A, 0x01,
    0x2A, 0x01, 0x2A, 0x01, 0x2A, 0x01, 0x2A, 0x01, 0x2A, 0x01, 0x2A, 0x01, 0x2A, 0x01, 0x0A, 0x01,
    0x0A, 0x01, 0x09, 0x01, 0x2A, 0x09, 0x8F, 0x32, 0xB4, 0x5B, 0x14, 0x64, 0xF4, 0x63, 0xF3, 0x63,
    0xD3, 0x63, 0xD3, 0x63, 0xB3, 0x5B, 0xB3, 0x5B, 0xB3, 0x5B, 0xB3, 0x5B, 0xB3, 0x5B, 0xB3, 0x5B,
    0xB2, 0x5B, 0x92, 0x5B, 0x71, 0x5B, 0x50, 0x53, 0x50, 0x53, 0x30, 0x53, 0x51, 0x53, 0x92, 0x5B,
    0xD2, 0x63, 0xD3, 0x63, 0xD3, 0x63, 0xB2, 0x5B, 0x92, 0x5B, 0x92, 0x5B, 0x71, 0x53, 0x31, 0x53,
    0xEF, 0x42, 0xEF, 0x42, 0xEF, 0x42, 0x10, 0x4B, 0x30, 0x4B, 0x0F, 0x53, 0x0F, 0x53, 0x0F, 0x53,
    0x0F, 0x4B, 0xCF, 0x4A, 0xCF, 0x42, 0xEF, 0x42, 0x10, 0x4B, 0x30, 0x4B, 0x30, 0x43, 0x30, 0x43,
    0x10, 0x3B, 0x11, 0x3B, 0x31, 0x43, 0x31, 0x43, 0x31, 0x43, 0x51, 0x43, 0x51, 0x4B, 0x71, 0x4B,
    0x72, 0x4B, 0x92, 0x53, 0x92, 0x53, 0xB2, 0x53, 0xD2, 0x5B, 0xD2, 0x5B, 0xD3, 0x5B, 0xF3, 0x5B,
    0xF3, 0x5B, 0x13, 0x5C, 0x14, 0x5C, 0x14, 0x5C, 0x14, 0x54, 0xF4, 0x53, 0xF4, 0x4B, 0xD4, 0x4B,
    0xD4, 0x43, 0xB4, 0x43, 0x94, 0x43, 0x94, 0x3B, 0x94, 0x3B, 0x74, 0x3B, 0x73, 0x3B, 0x33, 0x33,
    0x32, 0x3B, 0x32, 0x3B, 0x12, 0x3B, 0x12, 0x3B, 0xF1, 0x3A, 0xF0, 0x3A, 0x11, 0x43, 0x10, 0x4B,
    0x51, 0x53, 0x71, 0x5B, 0x91, 0x63, 0xB2, 0x6B, 0xF2, 0x6B, 0xF3, 0x73, 0x13, 0x74, 0xF3, 0x73,
    0xF3, 0x6B, 0xD3, 0x6B, 0xD2, 0x63, 0xB2, 0x63, 0xD2, 0x6B, 0xF3, 0x6B, 0xF3, 0x73, 0xF3, 0x6B,
    0xD2, 0x6B, 0xD2, 0x6B, 0x13, 0x74, 0x33, 0x7C, 0x54, 0x7C, 0x74, 0x84, 0x54, 0x84, 0x33, 0x7C,
    0xF2, 0x73, 0xF2, 0x73, 0xF2, 0x6B, 0x12, 0x74, 0x33, 0x74, 0x33, 0x7C, 0x53, 0x84, 0x53, 0x84,
    0x94, 0x8C, 0xB4, 0x8C, 0xB5, 0x8C, 0xB4, 0x8C, 0x94, 0x8C, 0x53, 0x84, 0x53, 0x7C, 0x33, 0x7C,
    0x13, 0x74, 0x12, 0x74, 0x12, 0x74, 0x12, 0x74, 0x32, 0x7C, 0x52, 0x7C, 0x73, 0x84, 0x73, 0x8C,
    0x94, 0x8C, 0x93, 0x8C, 0x94, 0x8C, 0x93, 0x8C, 0x73, 0x84, 0x73, 0x84, 0x73, 0x84, 0x94, 0x84,
    0xB4, 0x8C, 0xB4, 0x8C, 0xD4, 0x94, 0xD4, 0x94, 0xD4, 0x94, 0xD4, 0x8C, 0xF4, 0x9C, 0x53, 0x94,
    0x0F, 0x83, 0x2F, 0x9B, 0x0E, 0x9B, 0x2E, 0xA3, 0x8F, 0xB3, 0xD0, 0xB3, 0xD0, 0xB3, 0xCF, 0xB3,
    0x31, 0xBC, 0x51, 0xC4, 0x51, 0xC4, 0x51, 0xC4, 0x10, 0xBC, 0x10, 0xBC, 0x10, 0xBC, 0xF0, 0xBB,
    0x72, 0xC4, 0x08, 0x5A, 0x00, 0x00, 0x20, 0x00, 0x00, 0x00, 0x00, 0x00, 0x20, 0x00, 0x40, 0x08,
    0x00, 0x00, 0x65, 0x49, 0xB3, 0xD4, 0x6D, 0xC3, 0x2C, 0xCB, 0x6D, 0xDB, 0x4C, 0xDB, 0x0C, 0xDB,
    0x2C, 0xDB, 0x4C, 0xDB, 0x4C, 0xD3, 0x4D, 0xD3, 0x4C, 0xD3, 0x6D, 0xDB, 0x4D, 0xD3, 0x8D, 0xDB,
    0x8D, 0xDB, 0x8D, 0xDB, 0x6D, 0xD3, 0x6D, 0xD3, 0x8D, 0xDB, 0x8E, 0xDB, 0x8D, 0xDB, 0xCE, 0xE3,
    0xEE, 0xDB, 0x91, 0xE4, 0x94, 0xFD, 0xA9, 0x7A, 0x00, 0x08, 0x20, 0x08, 0x00, 0x00, 0x00, 0x00,
    0x00, 0x00, 0x20, 0x00, 0x00, 0x00, 0x68, 0x6A, 0xF6, 0xF5, 0x74, 0xED, 0x94, 0xED, 0x94, 0xED,
    0x74, 0xE5, 0x94, 0xED, 0x73, 0xE5, 0x33, 0xE5, 0x74, 0xED, 0x74, 0xED, 0x73, 0xE5, 0x53, 0xED,
    0x32, 0xE5, 0x12, 0xE5, 0x12, 0xE5, 0xF1, 0xDC, 0xF2, 0xE4, 0x33, 0xED, 0x12, 0xE5, 0x74, 0xE5,
    0x33, 0x94, 0x6C, 0x01, 0xEE, 0x01, 0xEF, 0x01, 0xCE, 0x01, 0xEE, 0x01, 0xEE, 0x01, 0xEE, 0x01,
    0xEE, 0x01, 0xEE, 0x01, 0xEE, 0x01, 0xEE, 0x01, 0xEE, 0x01, 0xEE, 0x01, 0xEE, 0x01, 0xEE, 0x01,
    0xEE, 0x01, 0xEE, 0x01, 0xEE, 0x01, 0xEE, 0x01, 0xEE, 0x01, 0xEE, 0x01, 0xEE, 0x01, 0xCE, 0x01,
    0xCE, 0x01, 0xCE, 0x01, 0xCE, 0x01, 0xCE, 0x01, 0xCE, 0x01, 0xCE, 0x01, 0xCE, 0x01, 0xCE, 0x01,
    0xCE, 0x01, 0xCD, 0x01, 0xCD, 0x01, 0xCE, 0x01, 0xCD, 0x01, 0xCD, 0x01, 0xCD, 0x01, 0xAD, 0x01,
    0xAD, 0x01, 0xAD, 0x01, 0xAD, 0x01, 0xAD, 0x01, 0xAD, 0x01, 0xAD, 0x01, 0xAD, 0x01, 0xAC, 0x01,
    0xAC, 0x01, 0xAC, 0x01, 0xAC, 0x01, 0x8C, 0x01, 0x8C, 0x01, 0x8C, 0x01, 0x8C, 0x01, 0x8C, 0x01,
    0x8C, 0x01, 0x6C, 0x01, 0x6B, 0x01, 0x6B, 0x01, 0xEA, 0x19, 0xE7, 0x19, 0xA4, 0x11, 0x63, 0x09,
    0x44, 0x09, 0x43, 0x09, 0x45, 0x09, 0x69, 0x09, 0x6B, 0x09, 0x4B, 0x01, 0x4B, 0x09, 0x4B, 0x09,
    0x4B, 0x01, 0x4B, 0x01, 0x4A, 0x01, 0x4B, 0x09, 0x2A, 0x01, 0x2A, 0x01, 0x2A, 0x01, 0x2A, 0x01,
    0x2A, 0x01, 0x2A, 0x01, 0x2A, 0x01, 0x2A, 0x01, 0x0A, 0x01, 0x2A, 0x01, 0x2B, 0x01, 0x0B, 0x01,
    0x0A, 0x01, 0x4A, 0x11, 0xB0, 0x3A, 0xF4, 0x63, 0xF4, 0x6B, 0xF3, 0x63, 0xD3, 0x63, 0xB2, 0x63,
    0x92, 0x5B, 0x92, 0x5B, 0x72, 0x5B, 0x72, 0x53, 0x72, 0x53, 0x92, 0x53, 0x92, 0x5B, 0x72, 0x5B,
    0x71, 0x53, 0x71, 0x5B, 0x50, 0x53, 0x30, 0x53, 0x10, 0x53, 0x50, 0x53, 0x71, 0x5B, 0xB2, 0x63,
    0xD3, 0x63, 0xD3, 0x63, 0xD3, 0x5B, 0xB2, 0x5B, 0x92, 0x5B, 0x71, 0x53, 0x51, 0x53, 0x30, 0x53,
    0xCF, 0x42, 0xEF, 0x42, 0xEF, 0x42, 0x0F, 0x4B, 0x10, 0x4B, 0x0F, 0x53, 0x0F, 0x53, 0x0F, 0x53,
    0xEF, 0x4A, 0xEF, 0x4A, 0xEF, 0x42, 0xEF, 0x42, 0xF0, 0x42, 0x10, 0x43, 0x10, 0x3B, 0x10, 0x3B,
    0x10, 0x3B, 0x11, 0x43, 0x11, 0x43, 0x31, 0x43, 0x31, 0x43, 0x31, 0x4B, 0x51, 0x4B, 0x51, 0x4B,
    0x71, 0x4B, 0x71, 0x53, 0x91, 0x53, 0x92, 0x53, 0xB2, 0x5B, 0xD2, 0x5B, 0xF2, 0x5B, 0xF3, 0x5B,
    0xF3, 0x5B, 0xF3, 0x5B, 0x13, 0x64, 0x14, 0x5C, 0x34, 0x5C, 0x34, 0x5C, 0x35, 0x5C, 0x14, 0x54,
    0xF4, 0x4B, 0xB3, 0x43, 0x73, 0x43, 0x53, 0x3B, 0x33, 0x33, 0x32, 0x33, 0x32, 0x33, 0x12, 0x33,
    0x12, 0x33, 0x12, 0x3B, 0xF2, 0x32, 0xF2, 0x3A, 0xF1, 0x3A, 0x11, 0x3B, 0x31, 0x43, 0x31, 0x4B,
    0x51, 0x4B, 0x51, 0x53, 0x71, 0x5B, 0xB2, 0x63, 0xD2, 0x6B, 0xD2, 0x6B, 0xD3, 0x6B, 0xB2, 0x63,
    0xB2, 0x63, 0xB2, 0x63, 0xB2, 0x63, 0xB2, 0x63, 0xD2, 0x6B, 0x13, 0x74, 0x13, 0x74, 0xF3, 0x6B,
    0xD2, 0x6B, 0xF2, 0x6B, 0x13, 0x74, 0x33, 0x7C, 0x54, 0x84, 0x74, 0x84, 0x94, 0x8C, 0x54, 0x84,
    0x33, 0x7C, 0x33, 0x7C, 0x33, 0x7C, 0x33, 0x7C, 0x33, 0x7C, 0x53, 0x7C, 0x53, 0x7C, 0x53, 0x84,
    0x53, 0x84, 0x74, 0x84, 0x74, 0x84, 0x74, 0x84, 0x73, 0x84, 0x73, 0x84, 0x54, 0x84, 0x54, 0x7C,
    0x33, 0x7C, 0x33, 0x7C, 0x32, 0x7C, 0x32, 0x7C, 0x32, 0x7C, 0x53, 0x84, 0x73, 0x84, 0x93, 0x8C,
    0x94, 0x94, 0xB4, 0x94, 0xB4, 0x8C, 0x94, 0x8C, 0x94, 0x84, 0x73, 0x84, 0x74, 0x84, 0x94, 0x84,
    0xB4, 0x84, 0xB4, 0x8C, 0xD4, 0x94, 0xD4, 0x94, 0xD4, 0x94, 0xD4, 0x94, 0xD4, 0x9C, 0xB0, 0x93,
    0x0F, 0x93, 0x2E, 0x9B, 0x4E, 0xA3, 0x4E, 0xAB, 0x8F, 0xB3, 0xF0, 0xC3, 0x11, 0xBC, 0x11, 0xC4,
    0x72, 0xC4, 0x92, 0xCC, 0x51, 0xC4, 0x72, 0xC4, 0x51, 0xC4, 0x51, 0xC4, 0x51, 0xC4, 0x10, 0xBC,
    0x31, 0xC4, 0x51, 0xBC, 0x24, 0x39, 0x00, 0x00, 0x00, 0x08, 0x00, 0x08, 0x00, 0x08, 0x00, 0x08,
    0x24, 0x39, 0x30, 0xB4, 0x8E, 0xC3, 0x0C, 0xC3, 0x4D, 0xDB, 0x4D, 0xDB, 0x4C, 0xDB, 0x0C, 0xD3,
    0xEB, 0xCA, 0x2C, 0xD3, 0x4D, 0xD3, 0x6D, 0xDB, 0x4C, 0xD3, 0x4C, 0xD3, 0x4C, 0xD3, 0x6D, 0xDB,
    0x8E, 0xDB, 0x8D, 0xDB, 0x6D, 0xD3, 0x4C, 0xD3, 0x4C, 0xD3, 0x8D, 0xD3, 0xAE, 0xDB, 0xAE, 0xDB,
    0xAE, 0xE3, 0xCE, 0xE3, 0x13, 0xF5, 0x74, 0xED, 0xC7, 0x69, 0x40, 0x28, 0x20, 0x18, 0x20, 0x10,
    0x00, 0x10, 0x20, 0x18, 0x89, 0x72, 0x74, 0xE5, 0x94, 0xED, 0x74, 0xED, 0xB5, 0xED, 0xB5, 0xED,
    0x94, 0xED, 0x94, 0xED, 0x74, 0xE5, 0x74, 0xE5, 0x94, 0xED, 0x94, 0xED, 0x94, 0xED, 0x53, 0xED,
    0x12, 0xE5, 0x32, 0xED, 0x33, 0xED, 0x12, 0xE5, 0x12, 0xE5, 0x53, 0xED, 0x33, 0xE5, 0x33, 0xE5,
    0x55, 0xCD, 0x4E, 0x2A, 0xAD, 0x01, 0xEE, 0x01, 0xEF, 0x01, 0xEF, 0x01, 0x0F, 0x02, 0x0E, 0x02,
    0xEE, 0x01, 0xEE, 0x01, 0x0E, 0x02, 0x0E, 0x02, 0xEE, 0x01, 0xEE, 0x01, 0xEE, 0x01, 0xEE, 0x01,
    0x0E, 0x02, 0x2F, 0x02, 0xEE, 0x01, 0xEE, 0x01, 0xEE, 0x01, 0xEE, 0x01, 0xEE, 0x01, 0xCE, 0x01,
    0xCE, 0x01, 0xEE, 0x01, 0xEE, 0x01, 0xEE, 0x01, 0xEE, 0x01, 0xEE, 0x01, 0xCE, 0x01, 0xCE, 0x01,
    0xCE, 0x01, 0xCE, 0x01, 0xCE, 0x01, 0xCE, 0x01, 0xCE, 0x01, 0xCD, 0x01, 0xCD, 0x01, 0xCD, 0x01,
    0xCD, 0x01, 0xCD, 0x01, 0xAD, 0x01, 0xAD, 0x01, 0xAD, 0x01, 0xAD, 0x01, 0xAD, 0x01, 0xAD, 0x01,
    0xAD, 0x01, 0xAC, 0x01, 0xAC, 0x01, 0xAC, 0x01, 0x8C, 0x01, 0x8C, 0x01, 0x8C, 0x01, 0x8C, 0x01,
    0x8C, 0x01, 0x8C, 0x01, 0x6B, 0x01, 0xCB, 0x11, 0x08, 0x1A, 0xC6, 0x11, 0x84, 0x11, 0x43, 0x09,
    0x43, 0x09, 0x24, 0x09, 0x24, 0x01, 0x68, 0x09, 0x6B, 0x09, 0x6B, 0x01, 0x4B, 0x01, 0x4B, 0x01,
    0x4B, 0x01, 0x4B, 0x01, 0x4A, 0x01, 0x4A, 0x09, 0xCB, 0x19, 0x6A, 0x09, 0x2A, 0x01, 0x2A, 0x01,
    0x4A, 0x09, 0x49, 0x09, 0x48, 0x01, 0x28, 0x01, 0x29, 0x01, 0x2A, 0x01, 0x2A, 0x01, 0x0A, 0x01,
    0x8B, 0x11, 0x11, 0x4B, 0xF4, 0x63, 0xF4, 0x63, 0xD3, 0x63, 0xB2, 0x63, 0xB2, 0x63, 0x92, 0x5B,
    0x71, 0x5B, 0x71, 0x53, 0x51, 0x53, 0x51, 0x53, 0x51, 0x53, 0x51, 0x53, 0x51, 0x53, 0x51, 0x53,
    0x31, 0x53, 0x50, 0x53, 0x30, 0x53, 0x0F, 0x4B, 0xEF, 0x4A, 0x30, 0x53, 0x92, 0x63, 0xB3, 0x63,
    0xD3, 0x63, 0xD3, 0x63, 0xB2, 0x5B, 0x92, 0x5B, 0x91, 0x5B, 0x71, 0x53, 0x50, 0x53, 0x10, 0x4B,
    0xCF, 0x42, 0xCF, 0x42, 0xEF, 0x42, 0xEF, 0x4A, 0x10, 0x4B, 0xEF, 0x4A, 0x0F, 0x4B, 0x0F, 0x4B,
    0xEF, 0x4A, 0xF0, 0x4A, 0x10, 0x4B, 0x10, 0x4B, 0xEF, 0x42, 0xF0, 0x3A, 0xF0, 0x3A, 0xF0, 0x3A,
    0x10, 0x43, 0x10, 0x43, 0x11, 0x43, 0x11, 0x43, 0x30, 0x43, 0x30, 0x4B, 0x50, 0x4B, 0x51, 0x4B,
    0x51, 0x4B, 0x71, 0x53, 0x71, 0x53, 0x91, 0x53, 0xB2, 0x53, 0xB2, 0x5B, 0xD2, 0x5B, 0xD2, 0x5B,
    0xD2, 0x5B, 0xF3, 0x5B, 0xF3, 0x5B, 0x13, 0x5C, 0x13, 0x5C, 0x34, 0x5C, 0x34, 0x5C, 0x14, 0x5C,
    0xF4, 0x53, 0xD4, 0x4B, 0x93, 0x43, 0x53, 0x3B, 0x32, 0x33, 0x12, 0x33, 0x12, 0x33, 0x11, 0x33,
    0x12, 0x33, 0x12, 0x33, 0xF2, 0x32, 0xF2, 0x32, 0xD1, 0x32, 0xF1, 0x32, 0x11, 0x3B, 0x31, 0x43,
    0x51, 0x4B, 0x51, 0x53, 0x51, 0x53, 0x92, 0x5B, 0xB2, 0x63, 0xB2, 0x63, 0x92, 0x63, 0x92, 0x5B,
    0x92, 0x5B, 0x92, 0x5B, 0xB2, 0x63, 0xB2, 0x63, 0xD2, 0x6B, 0xD3, 0x6B, 0xD3, 0x6B, 0xD2, 0x6B,
    0xD2, 0x6B, 0xF3, 0x73, 0x13, 0x74, 0x34, 0x7C, 0x74, 0x84, 0x94, 0x84, 0xB5, 0x8C, 0x95, 0x8C,
    0x53, 0x84, 0x33, 0x7C, 0x33, 0x7C, 0x33, 0x7C, 0x33, 0x7C, 0x33, 0x7C, 0x33, 0x74, 0x13, 0x74,
    0x33, 0x7C, 0x53, 0x7C, 0x53, 0x7C, 0x53, 0x7C, 0x53, 0x84, 0x53, 0x7C, 0x54, 0x7C, 0x53, 0x7C,
    0x53, 0x7C, 0x53, 0x7C, 0x53, 0x7C, 0x53, 0x7C, 0x73, 0x84, 0x73, 0x84, 0x93, 0x8C, 0x93, 0x8C,
    0xB4, 0x94, 0xD4, 0x94, 0xD4, 0x94, 0xB4, 0x8C, 0x94, 0x8C, 0x94, 0x8C, 0xB4, 0x8C, 0x94, 0x8C,
    0x94, 0x84, 0x94, 0x84, 0xB4, 0x8C, 0xB4, 0x94, 0xD4, 0x8C, 0xF5, 0x94, 0x73, 0x9C, 0x2F, 0x8B,
    0x0F, 0x9B, 0x4F, 0xA3, 0x8F, 0xA3, 0xAF, 0xB3, 0xD0, 0xBB, 0x10, 0xC4, 0x51, 0xCC, 0x72, 0xCC,
    0x72, 0xCC, 0x72, 0xCC, 0x72, 0xCC, 0x72, 0xCC, 0x92, 0xCC, 0x72, 0xCC, 0x72, 0xCC, 0x71, 0xC4,
    0x50, 0xC4, 0xB2, 0xCC, 0x71, 0xBC, 0x69, 0x7A, 0x24, 0x41, 0x03, 0x39, 0x23, 0x41, 0x89, 0x7A,
    0xB2, 0xC4, 0xAE, 0xBB, 0xEB, 0xBA, 0x4C, 0xCB, 0x4C, 0xD3, 0x4D, 0xDB, 0x6D, 0xDB, 0xAA, 0xBA,
    0x65, 0x81, 0xC7, 0x89, 0x2D, 0xCB, 0x6D, 0xD3, 0x4C, 0xDB, 0x6D, 0xDB, 0x4D, 0xD3, 0x6D, 0xDB,
    0xAE, 0xE3, 0x8D, 0xDB, 0x0B, 0xBB, 0xE7, 0x89, 0x28, 0x9A, 0x4C, 0xC3, 0xAE, 0xDB, 0xAD, 0xDB,
    0x8D, 0xDB, 0xAE, 0xE3, 0x2F, 0xE4, 0x94, 0xFD, 0x74, 0xED, 0xCE, 0xB3, 0xC9, 0x8A, 0x48, 0x72,
    0xCA, 0x82, 0x70, 0xBC, 0xF6, 0xF5, 0x74, 0xED, 0x53, 0xE5, 0x74, 0xED, 0x94, 0xED, 0xB4, 0xED,
    0xB4, 0xED, 0xB5, 0xED, 0x94, 0xE5, 0xB4, 0xED, 0xB4, 0xED, 0x94, 0xED, 0x94, 0xED, 0x53, 0xE5,
    0x53, 0xED, 0x13, 0xED, 0xF2, 0xE4, 0x12, 0xE5, 0x12, 0xE5, 0xF2, 0xE4, 0x13, 0xE5, 0xF2, 0xE4,
    0x55, 0xE5, 0x0F, 0x5B, 0x6C, 0x01, 0xEF, 0x01, 0xEE, 0x01, 0xEE, 0x01, 0xEE, 0x01, 0xEE, 0x01,
    0xEE, 0x01, 0xEF, 0x01, 0x0F, 0x02, 0x0F, 0x02, 0xEE, 0x01, 0xEE, 0x01, 0x0E, 0x02, 0xEE, 0x01,
    0x2F, 0x02, 0x91, 0x12, 0x0F, 0x02, 0xEE, 0x01, 0xEE, 0x01, 0xEE, 0x01, 0xEE, 0x01, 0xEE, 0x01,
    0xEE, 0x01, 0xEE, 0x01, 0xCE, 0x01, 0xCE, 0x01, 0xCE, 0x01, 0xCE, 0x01, 0xCE, 0x01, 0xCE, 0x01,
    0xCE, 0x01, 0xCE, 0x01, 0xCE, 0x01, 0xCE, 0x01, 0xCE, 0x01, 0xCE, 0x01, 0xCE, 0x01, 0xCE, 0x01,
    0xCE, 0x01, 0xCD, 0x01, 0xCD, 0x01, 0xAD, 0x01, 0xAD, 0x01, 0xAD, 0x01, 0xAD, 0x01, 0xAD, 0x01,
    0xAD, 0x01, 0xAD, 0x01, 0xAC, 0x01, 0xAC, 0x01, 0xAC, 0x01, 0xAC, 0x01, 0x8C, 0x01, 0x8C, 0x01,
    0x8C, 0x01, 0x6C, 0x01, 0x8B, 0x09, 0x0A, 0x1A, 0xE7, 0x19, 0x85, 0x11, 0x44, 0x09, 0x44, 0x09,
    0x23, 0x09, 0x24, 0x09, 0x04, 0x01, 0x48, 0x09, 0x6B, 0x09, 0x6B, 0x01, 0x4B, 0x01, 0x4B, 0x01,
    0x4B, 0x01, 0x6B, 0x01, 0x2A, 0x01, 0xCB, 0x19, 0x78, 0x95, 0xCF, 0x42, 0xE9, 0x00, 0x6A, 0x09,
    0x88, 0x09, 0x45, 0x01, 0x24, 0x01, 0x04, 0x01, 0x26, 0x09, 0x48, 0x01, 0x2A, 0x01, 0x4B, 0x09,
    0x31, 0x4B, 0x35, 0x6C, 0xF3, 0x63, 0xD3, 0x63, 0xB2, 0x63, 0xB2, 0x63, 0x91, 0x5B, 0x71, 0x5B,
    0x71, 0x53, 0x51, 0x53, 0x30, 0x4B, 0x30, 0x4B, 0x30, 0x4B, 0x30, 0x4B, 0x30, 0x4B, 0x10, 0x4B,
    0x10, 0x4B, 0x10, 0x4B, 0x10, 0x4B, 0xEF, 0x42, 0x0F, 0x4B, 0x70, 0x5B, 0xB2, 0x63, 0xB3, 0x63,
    0xD3, 0x63, 0xD3, 0x63, 0xB2, 0x5B, 0x92, 0x5B, 0x71, 0x53, 0x51, 0x53, 0x30, 0x53, 0x10, 0x4B,
    0xCF, 0x3A, 0xCF, 0x42, 0xEF, 0x42, 0xEF, 0x42, 0xEF, 0x4A, 0xEF, 0x4A, 0xEF, 0x4A, 0xEF, 0x4A,
    0xEF, 0x4A, 0x10, 0x4B, 0x10, 0x4B, 0x10, 0x4B, 0xCF, 0x3A, 0xCF, 0x3A, 0xF0, 0x3A, 0xF0, 0x3A,
    0xF0, 0x3A, 0x10, 0x43, 0x10, 0x43, 0x10, 0x43, 0x30, 0x43, 0x30, 0x4B, 0x30, 0x4B, 0x50, 0x4B,
    0x50, 0x4B, 0x50, 0x4B, 0x51, 0x53, 0x71, 0x53, 0x91, 0x53, 0xB2, 0x53, 0xB2, 0x53, 0xD2, 0x5B,
    0xD2, 0x5B, 0xD2, 0x5B, 0xF2, 0x5B, 0xF2, 0x5B, 0xF3, 0x5B, 0x13, 0x5C, 0x14, 0x5C, 0x14, 0x5C,
    0xF4, 0x53, 0xD4, 0x4B, 0xB3, 0x43, 0x52, 0x3B, 0x11, 0x33, 0xF2, 0x32, 0xF1, 0x32, 0xF1, 0x32,
    0xF2, 0x32, 0xF2, 0x32, 0xF2, 0x32, 0xF2, 0x32, 0xD1, 0x32, 0xD1, 0x32, 0xF1, 0x32, 0x11, 0x3B,
    0x31, 0x43, 0x31, 0x4B, 0x31, 0x4B, 0x51, 0x53, 0x72, 0x5B, 0x72, 0x5B, 0x72, 0x53, 0x51, 0x53,
    0x52, 0x53, 0x72, 0x53, 0x72, 0x5B, 0x92, 0x5B, 0xB2, 0x63, 0xB2, 0x63, 0xD2, 0x63, 0xD2, 0x6B,
    0xF3, 0x6B, 0x13, 0x74, 0x33, 0x7C, 0x53, 0x7C, 0x74, 0x84, 0x95, 0x84, 0xB5, 0x8C, 0xB5, 0x8C,
    0x54, 0x7C, 0x13, 0x74, 0x13, 0x74, 0x13, 0x74, 0x13, 0x74, 0x13, 0x74, 0xF3, 0x73, 0xF2, 0x6B,
    0xF2, 0x6B, 0x12, 0x74, 0x13, 0x74, 0x13, 0x74, 0x13, 0x7C, 0x33, 0x7C, 0x33, 0x7C, 0x53, 0x7C,
    0x53, 0x7C, 0x53, 0x7C, 0x53, 0x7C, 0x53, 0x7C, 0x73, 0x84, 0x73, 0x84, 0x93, 0x8C, 0x94, 0x8C,
    0xD4, 0x94, 0xD4, 0x94, 0xD4, 0x94, 0xB4, 0x8C, 0x94, 0x8C, 0xB4, 0x8C, 0xD4, 0x94, 0xD4, 0x94,
    0xD4, 0x8C, 0xB4, 0x8C, 0xB4, 0x8C, 0xB4, 0x8C, 0xD5, 0x8C, 0x15, 0x95, 0xD1, 0x8B, 0xEE, 0x8A,
    0x0F, 0x9B, 0x2E, 0x9B, 0x8F, 0xAB, 0xAF, 0xB3, 0xAF, 0xB3, 0xF0, 0xC3, 0x10, 0xC4, 0x72, 0xCC,
    0x72, 0xCC, 0x72, 0xCC, 0x71, 0xCC, 0x92, 0xCC, 0xB3, 0xD4, 0xD3, 0xD4, 0xD3, 0xD4, 0xD3, 0xD4,
    0xF3, 0xDC, 0xF3, 0xDC, 0x13, 0xDD, 0x34, 0xDD, 0x13, 0xD5, 0xF2, 0xCC, 0x13, 0xD5, 0x14, 0xDD,
    0xCF, 0xBB, 0xCB, 0xAA, 0xEC, 0xC2, 0x2C, 0xCB, 0x2C, 0xD3, 0xCF, 0xE3, 0x6D, 0xCB, 0xA2, 0x50,
    0x00, 0x20, 0x00, 0x20, 0x28, 0x82, 0xAE, 0xDB, 0x6D, 0xE3, 0x8D, 0xDB, 0x4D, 0xDB, 0x8D, 0xDB,
    0xCF, 0xE3, 0x4C, 0xC3, 0xC3, 0x50, 0x00, 0x20, 0x20, 0x38, 0x48, 0x92, 0x6D, 0xCB, 0x8D, 0xDB,
    0x6D, 0xDB, 0x8D, 0xDB, 0x8D, 0xD3, 0x91, 0xE4, 0x95, 0xF5, 0xD5, 0xF5, 0xF6, 0xF5, 0xD5, 0xED,
    0xF5, 0xF5, 0xF5, 0xF5, 0x94, 0xED, 0x73, 0xED, 0x33, 0xE5, 0x73, 0xED, 0xB4, 0xED, 0xB5, 0xED,
    0xB5, 0xED, 0xB5, 0xED, 0xB4, 0xED, 0xB4, 0xED, 0xB4, 0xED, 0x94, 0xED, 0xB4, 0xED, 0x94, 0xED,
    0x33, 0xE5, 0xF2, 0xE4, 0xF2, 0xE4, 0xF2, 0xE4, 0xF2, 0xE4, 0xB1, 0xDC, 0xD2, 0xDC, 0xD2, 0xDC,
    0x14, 0xE5, 0x12, 0x8C, 0x6C, 0x01, 0xEF, 0x01, 0xEF, 0x01, 0x0F, 0x02, 0xEF, 0x01, 0xEF, 0x01,
    0xEF, 0x01, 0x0F, 0x02, 0x0F, 0x02, 0x0F, 0x02, 0xEF, 0x01, 0xEF, 0x01, 0x0E, 0x02, 0x0E, 0x02,
    0x0E, 0x02, 0x0E, 0x02, 0xEE, 0x01, 0xEE, 0x01, 0xEE, 0x01, 0xEE, 0x01, 0xEE, 0x01, 0xEE, 0x01,
    0xEE, 0x01, 0xEE, 0x01, 0xEE, 0x01, 0xEE, 0x01, 0xEE, 0x01, 0xEE, 0x01, 0xCE, 0x01, 0xCE, 0x01,
    0xEE, 0x01, 0xEE, 0x01, 0xEE, 0x01, 0xEE, 0x01, 0xCE, 0x01, 0xEE, 0x01, 0xCE, 0x01, 0xCE, 0x01,
    0xCE, 0x01, 0xCE, 0x01, 0xCD, 0x01, 0xAD, 0x01, 0xAD, 0x01, 0xAD, 0x01, 0xAD, 0x01, 0xAD, 0x01,
    0xAD, 0x01, 0xAD, 0x01, 0xAD, 0x01, 0xAC, 0x01, 0xCD, 0x01, 0xAD, 0x01, 0x8C, 0x01, 0x8C, 0x01,
    0x8C, 0x01, 0x6C, 0x01, 0xCB, 0x11, 0x08, 0x1A, 0xA6, 0x11, 0x65, 0x11, 0x44, 0x09, 0x24, 0x09,
    0x24, 0x01, 0x04, 0x09, 0x04, 0x01, 0x47, 0x09, 0x6B, 0x09, 0x6B, 0x01, 0x4B, 0x01, 0x4B, 0x01,
    0x4B, 0x01, 0x4B, 0x09, 0x4B, 0x01, 0x8B, 0x11, 0x2F, 0x43, 0xEC, 0x21, 0x2A, 0x01, 0x89, 0x09,
    0x86, 0x09, 0x23, 0x01, 0x22, 0x09, 0x02, 0x01, 0xE2, 0x00, 0x05, 0x01, 0x28, 0x09, 0x6E, 0x32,
    0xF4, 0x63, 0xF3, 0x6B, 0xD3, 0x63, 0xD2, 0x63, 0xB2, 0x63, 0x91, 0x5B, 0x71, 0x5B, 0x51, 0x5B,
    0x51, 0x53, 0x30, 0x4B, 0x10, 0x4B, 0x10, 0x4B, 0x10, 0x4B, 0x10, 0x4B, 0xEF, 0x4A, 0xEF, 0x4A,
    0xEF, 0x4A, 0xEF, 0x42, 0xCF, 0x42, 0xCD, 0x3A, 0xAB, 0x3A, 0xAC, 0x3A, 0x4F, 0x53, 0xD2, 0x63,
    0xB3, 0x63, 0xB2, 0x5B, 0xB2, 0x5B, 0x92, 0x5B, 0x71, 0x53, 0x31, 0x53, 0x10, 0x4B, 0xF0, 0x4A,
    0xCF, 0x3A, 0xCF, 0x3A, 0xCF, 0x42, 0xEF, 0x42, 0xEF, 0x4A, 0xCF, 0x42, 0xCF, 0x42, 0xCF, 0x42,
    0xEF, 0x4A, 0x10, 0x4B, 0x10, 0x4B, 0x10, 0x4B, 0xCF, 0x3A, 0xAF, 0x3A, 0xD0, 0x3A, 0x10, 0x3B,
    0x10, 0x43, 0x10, 0x43, 0x10, 0x43, 0x10, 0x43, 0x10, 0x43, 0x30, 0x4B, 0x30, 0x4B, 0x30, 0x4B,
    0x30, 0x4B, 0x30, 0x4B, 0x30, 0x4B, 0x50, 0x4B, 0x71, 0x53, 0x91, 0x53, 0x91, 0x53, 0xB2, 0x53,
    0xD2, 0x5B, 0xD2, 0x5B, 0xD2, 0x5B, 0xD2, 0x5B, 0xD2, 0x5B, 0xF3, 0x5B, 0xF3, 0x5B, 0x14, 0x5C,
    0x14, 0x5C, 0xF4, 0x53, 0xB3, 0x4B, 0x52, 0x3B, 0xF1, 0x2A, 0xD1, 0x2A, 0xD1, 0x2A, 0xF1, 0x32,
    0xF1, 0x32, 0xF2, 0x32, 0xF2, 0x32, 0xD1, 0x32, 0xD1, 0x32, 0xD1, 0x32, 0xD1, 0x32, 0xF1, 0x32,
    0xF1, 0x3A, 0x11, 0x43, 0x11, 0x43, 0x31, 0x4B, 0x52, 0x53, 0x31, 0x4B, 0x11, 0x4B, 0x31, 0x4B,
    0x31, 0x4B, 0x31, 0x4B, 0x51, 0x53, 0x71, 0x53, 0x72, 0x5B, 0x92, 0x5B, 0xB2, 0x63, 0xD2, 0x6B,
    0xF2, 0x6B, 0xF3, 0x6B, 0x13, 0x74, 0x33, 0x7C, 0x54, 0x7C, 0x94, 0x84, 0xB5, 0x8C, 0x95, 0x84,
    0x33, 0x74, 0x13, 0x74, 0xF3, 0x6B, 0xF3, 0x6B, 0xF3, 0x6B, 0xD2, 0x6B, 0xD2, 0x6B, 0xD2, 0x6B,
    0xD2, 0x6B, 0xD2, 0x6B, 0xF2, 0x6B, 0xF3, 0x6B, 0x13, 0x74, 0x13, 0x74, 0x33, 0x74, 0x33, 0x74,
    0x33, 0x7C, 0x33, 0x7C, 0x33, 0x7C, 0x53, 0x7C, 0x53, 0x7C, 0x73, 0x84, 0x94, 0x8C, 0xB4, 0x8C,
    0xD4, 0x94, 0xD4, 0x94, 0xD5, 0x94, 0xB4, 0x94, 0xB4, 0x8C, 0xB5, 0x94, 0xD4, 0x94, 0xF5, 0x94,
    0x15, 0x95, 0xF5, 0x94, 0xD4, 0x94, 0xB4, 0x8C, 0xD5, 0x8C, 0xB4, 0x94, 0x4F, 0x8B, 0xEE, 0x92,
    0xEE, 0x9A, 0x4F, 0xA3, 0x6F, 0xAB, 0x6E, 0xB3, 0xAF, 0xBB, 0x10, 0xC4, 0x51, 0xCC, 0x71, 0xCC,
    0x71, 0xCC, 0x51, 0xCC, 0x92, 0xD4, 0xB2, 0xD4, 0xD3, 0xDC, 0xF3, 0xDC, 0xF3, 0xDC, 0xF3, 0xD4,
    0xF3, 0xDC, 0x34, 0xE5, 0x54, 0xE5, 0x34, 0xDD, 0x34, 0xE5, 0x54, 0xE5, 0x14, 0xDD, 0x51, 0xC4,
    0xEC, 0xAA, 0x8B, 0xB2, 0xAB, 0xC2, 0x0B, 0xCB, 0x6D, 0xD3, 0x10, 0xE4, 0x66, 0x71, 0x00, 0x10,
    0x20, 0x18, 0x00, 0x10, 0x81, 0x38, 0x4C, 0xC3, 0x8D, 0xDB, 0x8D, 0xDB, 0x4D, 0xDB, 0x6D, 0xDB,
    0xEF, 0xE3, 0x08, 0x8A, 0x00, 0x18, 0x20, 0x18, 0x00, 0x18, 0x61, 0x38, 0xCB, 0xAA, 0x6D, 0xD3,
    0x8D, 0xDB, 0x6D, 0xD3, 0x4C, 0xD3, 0xEE, 0xD3, 0x33, 0xED, 0x74, 0xED, 0x95, 0xED, 0x74, 0xED,
    0x74, 0xED, 0x73, 0xE5, 0x53, 0xED, 0x73, 0xED, 0x53, 0xE5, 0x53, 0xE5, 0x74, 0xED, 0x94, 0xED,
    0x94, 0xED, 0xB5, 0xED, 0xB5, 0xED, 0x94, 0xED, 0x94, 0xED, 0x94, 0xED, 0x94, 0xED, 0x74, 0xED,
    0x53, 0xE5, 0x12, 0xE5, 0x12, 0xE5, 0xF2, 0xE4, 0xD2, 0xE4, 0xD1, 0xDC, 0xD2, 0xE4, 0xD2, 0xDC,
    0xF3, 0xDC, 0x36, 0xCD, 0x0D, 0x22, 0xCE, 0x01, 0x0F, 0x02, 0xEE, 0x01, 0xCE, 0x01, 0xEF, 0x01,
    0x0F, 0x02, 0x0F, 0x02, 0x0F, 0x02, 0x0F, 0x02, 0x0F, 0x02, 0x0F, 0x02, 0x0F, 0x02, 0x0F, 0x02,
    0xEE, 0x01, 0xEE, 0x01, 0xEE, 0x01, 0xEE, 0x01, 0x0E, 0x02, 0xEE, 0x01, 0xEE, 0x01, 0xCE, 0x01,
    0xEE, 0x01, 0xEE, 0x01, 0xEE, 0x01, 0xEE, 0x01, 0xEE, 0x01, 0xEE, 0x01, 0xEE, 0x01, 0xEE, 0x01,
    0xEE, 0x01, 0xEE, 0x01, 0xEE, 0x01, 0xEE, 0x01, 0xEE, 0x01, 0xEE, 0x01, 0xCE, 0x01, 0xCE, 0x01,
    0xCE, 0x01, 0xCE, 0x01, 0xCE, 0x01, 0xCD, 0x01, 0xCD, 0x01, 0xCD, 0x01, 0xAD, 0x01, 0xAD, 0x01,
    0xAD, 0x01, 0xAD, 0x01, 0xAD, 0x01, 0xAD, 0x01, 0xAD, 0x01, 0xAC, 0x01, 0x8C, 0x01, 0x8C, 0x01,
    0x8C, 0x01, 0x8C, 0x01, 0x0B, 0x1A, 0xE7, 0x11, 0x85, 0x11, 0x65, 0x09, 0x44, 0x09, 0x24, 0x01,
    0x03, 0x01, 0x03, 0x01, 0x04, 0x01, 0x26, 0x09, 0x6A, 0x09, 0x6B, 0x09, 0x6C, 0x09, 0x6C, 0x09,
    0x6B, 0x09, 0x4B, 0x01, 0x4B, 0x01, 0x4B, 0x01, 0x09, 0x01, 0x2A, 0x01, 0x4B, 0x09, 0x88, 0x09,
    0x64, 0x09, 0x22, 0x01, 0x22, 0x09, 0xE1, 0x00, 0xC1, 0x00, 0xA2, 0x00, 0x47, 0x11, 0x91, 0x5B,
    0x13, 0x6C, 0xF3, 0x63, 0xD2, 0x63, 0xB2, 0x63, 0x92, 0x5B, 0x71, 0x5B, 0x51, 0x53, 0x30, 0x53,
    0x30, 0x4B, 0x10, 0x4B, 0xEF, 0x42, 0xEF, 0x42, 0xEF, 0x42, 0xCF, 0x42, 0xCF, 0x42, 0xCF, 0x42,
    0xCE, 0x42, 0xCF, 0x42, 0xEE, 0x42, 0x69, 0x32, 0xE5, 0x21, 0x84, 0x11, 0xE7, 0x21, 0x4F, 0x53,
    0xB3, 0x63, 0xB2, 0x5B, 0x92, 0x5B, 0x71, 0x53, 0x51, 0x53, 0x30, 0x53, 0x10, 0x4B, 0xEF, 0x4A,
    0xCF, 0x3A, 0xCF, 0x3A, 0xCF, 0x42, 0xEF, 0x42, 0xCF, 0x42, 0xEF, 0x42, 0xCF, 0x42, 0xCF, 0x42,
    0xEF, 0x42, 0xEF, 0x4A, 0x0F, 0x4B, 0xF0, 0x42, 0xD0, 0x42, 0xAF, 0x3A, 0xAE, 0x3A, 0xAD, 0x32,
    0x8C, 0x32, 0xCD, 0x3A, 0x0F, 0x43, 0x10, 0x43, 0x10, 0x4B, 0x10, 0x4B, 0x30, 0x4B, 0x30, 0x4B,
    0x30, 0x4B, 0x30, 0x4B, 0x10, 0x4B, 0x30, 0x4B, 0x50, 0x4B, 0x71, 0x53, 0x71, 0x53, 0x91, 0x53,
    0xB1, 0x5B, 0xB2, 0x5B, 0xD2, 0x5B, 0xD2, 0x5B, 0xB2, 0x5B, 0xF3, 0x5B, 0xF3, 0x5B, 0x13, 0x5C,
    0x13, 0x5C, 0xF4, 0x53, 0xD3, 0x53, 0x52, 0x3B, 0xD0, 0x2A, 0xD0, 0x2A, 0xD0, 0x2A, 0xD0, 0x2A,
    0xF1, 0x32, 0xF2, 0x32, 0xF2, 0x32, 0xF1, 0x32, 0xD1, 0x32, 0xD1, 0x32, 0xD1, 0x32, 0xD1, 0x32,
    0xF1, 0x3A, 0xF1, 0x3A, 0x11, 0x43, 0x32, 0x43, 0x11, 0x43, 0x11, 0x43, 0xF1, 0x42, 0xF1, 0x42,
    0x11, 0x43, 0x31, 0x43, 0x51, 0x4B, 0x52, 0x4B, 0x72, 0x53, 0x72, 0x53, 0xB2, 0x5B, 0xB2, 0x63,
    0xD2, 0x63, 0xD2, 0x6B, 0xF3, 0x6B, 0x13, 0x74, 0x54, 0x7C, 0x74, 0x7C, 0x95, 0x84, 0x54, 0x7C,
    0xF3, 0x6B, 0xF3, 0x6B, 0xF3, 0x63, 0xD2, 0x63, 0xD2, 0x63, 0xD3, 0x63, 0xD3, 0x63, 0xD2, 0x63,
    0xD2, 0x63, 0xD2, 0x63, 0xF2, 0x6B, 0xF3, 0x6B, 0xF3, 0x6B, 0x13, 0x6C, 0x13, 0x74, 0x13, 0x74,
    0x13, 0x74, 0x33, 0x74, 0x33, 0x74, 0x33, 0x74, 0x33, 0x74, 0x53, 0x7C, 0x73, 0x84, 0xB4, 0x8C,
    0xB4, 0x8C, 0xB4, 0x8C, 0xB5, 0x8C, 0xB4, 0x8C, 0xB4, 0x8C, 0xB4, 0x8C, 0xD4, 0x94, 0xF5, 0x94,
    0xF5, 0x94, 0xF5, 0x94, 0xF5, 0x94, 0xD5, 0x8C, 0xF5, 0x8C, 0x53, 0x94, 0xEE, 0x8A, 0xEE, 0x9A,
    0x0E, 0xA3, 0x4F, 0xAB, 0x8F, 0xB3, 0x8F, 0xBB, 0x8F, 0xBB, 0xF0, 0xC3, 0x30, 0xCC, 0x71, 0xD4,
    0x51, 0xCC, 0x31, 0xCC, 0x30, 0xCC, 0x51, 0xD4, 0xB2, 0xDC, 0xB2, 0xD4, 0x92, 0xD4, 0xB2, 0xD4,
    0xD2, 0xD4, 0x33, 0xE5, 0x54, 0xE5, 0x13, 0xDD, 0xF3, 0xDC, 0x34, 0xE5, 0xF3, 0xDC, 0xEF, 0xB3,
    0xAB, 0xA2, 0xAB, 0xBA, 0xEC, 0xCA, 0x2C, 0xCB, 0x8E, 0xDB, 0xCE, 0xD3, 0x81, 0x40, 0x00, 0x18,
    0x00, 0x20, 0x00, 0x20, 0x20, 0x28, 0xEB, 0xAA, 0x8D, 0xDB, 0x8D, 0xDB, 0x6D, 0xDB, 0x8E, 0xE3,
    0x0F, 0xE4, 0x44, 0x61, 0x00, 0x18, 0x00, 0x20, 0x00, 0x20, 0x00, 0x18, 0xC7, 0x81, 0xAE, 0xD3,
    0x6C, 0xD3, 0x6D, 0xD3, 0x6D, 0xD3, 0xCE, 0xD3, 0x13, 0xE5, 0x53, 0xE5, 0x54, 0xED, 0x74, 0xED,
    0x33, 0xED, 0xF2, 0xE4, 0x12, 0xE5, 0x12, 0xE5, 0x12, 0xE5, 0x12, 0xE5, 0x33, 0xE5, 0x33, 0xE5,
    0x33, 0xE5, 0x73, 0xED, 0x74, 0xED, 0x74, 0xED, 0x74, 0xED, 0x95, 0xED, 0x74, 0xED, 0x74, 0xED,
    0x33, 0xE5, 0x12, 0xE5, 0xF2, 0xE4, 0xD1, 0xDC, 0xD2, 0xE4, 0xD1, 0xDC, 0xB1, 0xDC, 0xB1, 0xDC,
    0xB1, 0xDC, 0x55, 0xE5, 0x50, 0x63, 0xCD, 0x01, 0x0E, 0x02, 0xD0, 0x1A, 0xD4, 0x43, 0x2E, 0x0A,
    0xEF, 0x01, 0x10, 0x02, 0x0F, 0x02, 0x0F, 0x02, 0x0F, 0x02, 0x0F, 0x02, 0x0F, 0x02, 0x0F, 0x02,
    0x0F, 0x02, 0x0F, 0x02, 0x0F, 0x02, 0x0F, 0x02, 0x0E, 0x02, 0xEE, 0x01, 0xEE, 0x01, 0xEE, 0x01,
    0xCD, 0x01, 0xAC, 0x01, 0xCD, 0x01, 0xEE, 0x01, 0xEE, 0x01, 0xEE, 0x01, 0xEE, 0x01, 0xEE, 0x01,
    0xEE, 0x01, 0xEE, 0x01, 0xEE, 0x01, 0xEE, 0x01, 0xEE, 0x01, 0xCE, 0x01, 0xCE, 0x01, 0xCE, 0x01,
    0xCE, 0x01, 0xCE, 0x01, 0xCE, 0x01, 0xCE, 0x01, 0xCE, 0x01, 0xCD, 0x01, 0xAD, 0x01, 0xAD, 0x01,
    0xAD, 0x01, 0xAD, 0x01, 0xAD, 0x01, 0xAD, 0x01, 0xAD, 0x01, 0xAD, 0x01, 0xAD, 0x01, 0x8D, 0x01,
    0x8C, 0x01, 0xCB, 0x09, 0x09, 0x1A, 0xA5, 0x11, 0x85, 0x11, 0x65, 0x11, 0x44, 0x09, 0x24, 0x09,
    0x03, 0x01, 0x03, 0x01, 0xE4, 0x00, 0x25, 0x01, 0x89, 0x09, 0x6B, 0x09, 0x6C, 0x09, 0x6B, 0x01,
    0x6B, 0x01, 0x6B, 0x01, 0x4B, 0x01, 0x4B, 0x01, 0x6B, 0x09, 0x4C, 0x01, 0x4A, 0x01, 0x87, 0x09,
    0x44, 0x09, 0x02, 0x01, 0xE2, 0x00, 0xC1, 0x00, 0xA1, 0x00, 0x81, 0x00, 0x26, 0x11, 0xB2, 0x5B,
    0xF3, 0x6B, 0xD3, 0x63, 0xD2, 0x63, 0xB2, 0x63, 0x91, 0x5B, 0x71, 0x5B, 0x51, 0x53, 0x30, 0x53,
    0x30, 0x4B, 0x0F, 0x4B, 0xEF, 0x42, 0xCF, 0x42, 0xCF, 0x42, 0xCF, 0x42, 0xCF, 0x42, 0xCE, 0x42,
    0xAE, 0x42, 0xCE, 0x42, 0xCC, 0x3A, 0x26, 0x22, 0xE3, 0x19, 0xA3, 0x19, 0x43, 0x09, 0x6B, 0x32,
    0xB2, 0x63, 0x92, 0x5B, 0x71, 0x53, 0x51, 0x53, 0x30, 0x53, 0x30, 0x4B, 0xEF, 0x4A, 0xCF, 0x42,
    0xCF, 0x3A, 0xCF, 0x3A, 0xCF, 0x42, 0xCF, 0x42, 0xCF, 0x42, 0xCE, 0x42, 0xCF, 0x42, 0xCF, 0x42,
    0xF0, 0x42, 0x10, 0x4B, 0x10, 0x4B, 0xF0, 0x42, 0xCF, 0x42, 0xAE, 0x3A, 0x6C, 0x32, 0xA7, 0x19,
    0xA5, 0x11, 0x27, 0x2A, 0xEC, 0x3A, 0x2F, 0x43, 0x10, 0x4B, 0x30, 0x4B, 0x30, 0x4B, 0x30, 0x4B,
    0x30, 0x4B, 0x30, 0x4B, 0x2F, 0x4B, 0x2F, 0x4B, 0x30, 0x4B, 0x50, 0x4B, 0x70, 0x53, 0x71, 0x53,
    0x91, 0x53, 0x91, 0x53, 0xB2, 0x5B, 0xB2, 0x5B, 0xB2, 0x5B, 0xD2, 0x5B, 0xF3, 0x5B, 0xF3, 0x5B,
    0x13, 0x5C, 0xF3, 0x5B, 0xD4, 0x53, 0x93, 0x43, 0xD0, 0x2A, 0xB0, 0x2A, 0xAF, 0x2A, 0xD0, 0x2A,
    0xD0, 0x2A, 0xF1, 0x32, 0xF2, 0x32, 0xD2, 0x32, 0xD1, 0x2A, 0xD2, 0x32, 0xD2, 0x32, 0xD2, 0x32,
    0xF2, 0x32, 0xF2, 0x32, 0xF2, 0x3A, 0xF1, 0x3A, 0xF1, 0x3A, 0xF1, 0x3A, 0xD1, 0x3A, 0xF1, 0x3A,
    0xF1, 0x3A, 0x11, 0x43, 0x31, 0x43, 0x51, 0x4B, 0x52, 0x4B, 0x72, 0x53, 0x72, 0x53, 0x92, 0x5B,
    0xB2, 0x5B, 0xB2, 0x63, 0xF3, 0x63, 0x13, 0x6C, 0x13, 0x74, 0x34, 0x74, 0x75, 0x7C, 0x14, 0x6C,
    0xD3, 0x63, 0xD3, 0x63, 0xD3, 0x63, 0xD2, 0x63, 0xD2, 0x5B, 0xD3, 0x63, 0xD3, 0x63, 0xD2, 0x63,
    0xD3, 0x63, 0xD3, 0x63, 0xD3, 0x63, 0xD2, 0x63, 0xD2, 0x63, 0xF2, 0x63, 0xF3, 0x6B, 0xF3, 0x6B,
    0xF3, 0x6B, 0xF3, 0x6B, 0xF3, 0x6B, 0x13, 0x6C, 0x13, 0x74, 0x33, 0x74, 0x53, 0x7C, 0x94, 0x84,
    0x94, 0x84, 0x94, 0x84, 0xB4, 0x84, 0x94, 0x84, 0x94, 0x84, 0x94, 0x84, 0xB4, 0x8C, 0xD4, 0x8C,
    0xF5, 0x94, 0xF5, 0x94, 0xD5, 0x8C, 0xD5, 0x8C, 0xF5, 0x94, 0xD1, 0x8B, 0xCE, 0x8A, 0xCE, 0x92,
    0x2E, 0xA3, 0x2E, 0xAB, 0x6F, 0xBB, 0x8F, 0xC3, 0xAF, 0xC3, 0xF0, 0xCB, 0x10, 0xCC, 0x10, 0xCC,
    0xF0, 0xCB, 0xCF, 0xCB, 0xEF, 0xCB, 0x10, 0xCC, 0x50, 0xD4, 0x30, 0xD4, 0x50, 0xD4, 0x91, 0xDC,
    0x91, 0xD4, 0xF2, 0xDC, 0x13, 0xDD, 0xF2, 0xDC, 0xF2, 0xDC, 0xD3, 0xDC, 0xB3, 0xD4, 0xAF, 0xAB,
    0xCC, 0xB2, 0xCB, 0xC2, 0xEB, 0xC2, 0x2C, 0xCB, 0xCE, 0xE3, 0x8D, 0xC3, 0x20, 0x30, 0x00, 0x28,
    0x20, 0x28, 0x00, 0x20, 0x00, 0x28, 0xEB, 0xAA, 0xAE, 0xDB, 0x8D, 0xDB, 0x6D, 0xDB, 0x6D, 0xDB,
    0x0F, 0xDC, 0x65, 0x61, 0x00, 0x28, 0x00, 0x30, 0x00, 0x20, 0x00, 0x18, 0x24, 0x69, 0xAE, 0xD3,
    0x6D, 0xD3, 0x8D, 0xDB, 0x6D, 0xD3, 0x6D, 0xCB, 0x91, 0xDC, 0x33, 0xE5, 0x13, 0xE5, 0xF2, 0xE4,
    0xD2, 0xE4, 0xD1, 0xE4, 0xD1, 0xE4, 0xD1, 0xE4, 0xF1, 0xE4, 0xF1, 0xE4, 0xF2, 0xE4, 0xF2, 0xE4,
    0x12, 0xE5, 0x32, 0xED, 0x33, 0xED, 0x33, 0xED, 0x53, 0xED, 0x74, 0xED, 0x54, 0xED, 0x53, 0xED,
    0x33, 0xED, 0xF2, 0xE4, 0xF2, 0xE4, 0xD1, 0xE4, 0xD1, 0xE4, 0xD1, 0xE4, 0xD2, 0xE4, 0xB1, 0xDC,
    0xB1, 0xDC, 0x13, 0xDD, 0x94, 0xA4, 0x0E, 0x12, 0xCE, 0x01, 0x72, 0x33, 0x79, 0x7D, 0x8F, 0x12,
    0x0F, 0x02, 0x0F, 0x02, 0x0F, 0x02, 0x0F, 0x02, 0x0F, 0x02, 0x0F, 0x02, 0x0F, 0x02, 0x0F, 0x02,
    0x0F, 0x02, 0x0F, 0x02, 0x0F, 0x02, 0x0F, 0x02, 0x0F, 0x02, 0xEF, 0x01, 0xEF, 0x01, 0xEE, 0x01,
    0x6E, 0x1A, 0x14, 0x54, 0xAF, 0x22, 0xCE, 0x01, 0x0F, 0x02, 0x0E, 0x02, 0xEE, 0x01, 0xEE, 0x01,
    0xEE, 0x01, 0xEE, 0x01, 0xEE, 0x01, 0xEE, 0x01, 0xEE, 0x01, 0xEE, 0x01, 0xEE, 0x01, 0xCE, 0x01,
    0xCE, 0x01, 0xCE, 0x01, 0xCE, 0x01, 0xCE, 0x01, 0xCE, 0x01, 0xCD, 0x01, 0xCD, 0x01, 0xCD, 0x01,
    0xCD, 0x01, 0xCD, 0x01, 0xAD, 0x01, 0xAD, 0x01, 0xAD, 0x01, 0xAD, 0x01, 0xAD, 0x01, 0xAD, 0x01,
    0xAC, 0x01, 0x0A, 0x12, 0xE7, 0x11, 0xA5, 0x11, 0x85, 0x11, 0x65, 0x11, 0x45, 0x09, 0x24, 0x09,
    0x03, 0x01, 0x04, 0x01, 0x04, 0x01, 0x05, 0x01, 0x68, 0x09, 0x6B, 0x09, 0x6C, 0x09, 0x6C, 0x01,
    0x6B, 0x01, 0x6B, 0x01, 0x6B, 0x01, 0x4B, 0x01, 0x4B, 0x01, 0x4B, 0x01, 0x6A, 0x09, 0x66, 0x09,
    0x23, 0x01, 0xE2, 0x00, 0xC2, 0x00, 0xC2, 0x00, 0xC1, 0x00, 0xC1, 0x00, 0x04, 0x01, 0x2F, 0x4B,
    0x14, 0x6C, 0xB2, 0x63, 0xB2, 0x63, 0x91, 0x5B, 0x71, 0x5B, 0x51, 0x5B, 0x30, 0x53, 0x30, 0x53,
    0x10, 0x4B, 0x10, 0x4B, 0xEF, 0x42, 0xEF, 0x42, 0xCF, 0x4A, 0xCF, 0x42, 0xAE, 0x42, 0xAE, 0x42,
    0xAE, 0x42, 0xCE, 0x42, 0xAB, 0x3A, 0x25, 0x22, 0xC3, 0x19, 0x82, 0x19, 0x22, 0x09, 0xC7, 0x21,
    0x70, 0x5B, 0x91, 0x5B, 0x51, 0x53, 0x30, 0x53, 0x10, 0x4B, 0xEF, 0x4A, 0xCF, 0x42, 0xAE, 0x42,
    0xCF, 0x3A, 0xCF, 0x3A, 0xAF, 0x3A, 0xAF, 0x3A, 0xCF, 0x42, 0xCF, 0x42, 0xEF, 0x42, 0x10, 0x4B,
    0x31, 0x53, 0x31, 0x53, 0x10, 0x4B, 0xF0, 0x4A, 0xCF, 0x42, 0xCE, 0x42, 0x09, 0x2A, 0x44, 0x11,
    0x83, 0x19, 0xE4, 0x21, 0x88, 0x32, 0x0E, 0x43, 0x10, 0x4B, 0x10, 0x4B, 0x30, 0x4B, 0x50, 0x4B,
    0x50, 0x53, 0x30, 0x53, 0x10, 0x4B, 0x10, 0x4B, 0x30, 0x4B, 0x50, 0x4B, 0x50, 0x53, 0x71, 0x53,
    0x71, 0x53, 0x91, 0x53, 0x91, 0x53, 0x91, 0x53, 0xB2, 0x5B, 0xD2, 0x5B, 0xF2, 0x5B, 0xF3, 0x5B,
    0x13, 0x5C, 0xF3, 0x5B, 0xB3, 0x53, 0x72, 0x43, 0xD0, 0x32, 0xAF, 0x22, 0xAF, 0x2A, 0xAF, 0x2A,
    0xB0, 0x2A, 0xD1, 0x32, 0xF2, 0x32, 0xD1, 0x32, 0xD1, 0x32, 0xD1, 0x32, 0xF2, 0x32, 0xF2, 0x32,
    0xF2, 0x32, 0xF2, 0x32, 0xF2, 0x32, 0xF1, 0x32, 0xD1, 0x32, 0xD1, 0x32, 0xD1, 0x32, 0xD1, 0x3A,
    0xD1, 0x3A, 0xF1, 0x3A, 0x11, 0x43, 0x31, 0x43, 0x31, 0x4B, 0x51, 0x4B, 0x51, 0x53, 0x72, 0x53,
    0x92, 0x5B, 0x92, 0x5B, 0xB3, 0x5B, 0xD3, 0x63, 0x13, 0x6C, 0x34, 0x6C, 0x35, 0x6C, 0xF4, 0x63,
    0xD3, 0x5B, 0xD3, 0x5B, 0xD3, 0x5B, 0xD3, 0x5B, 0xB2, 0x5B, 0xB2, 0x5B, 0xB2, 0x5B, 0xD2, 0x63,
    0xD3, 0x63, 0xD3, 0x63, 0xD3, 0x63, 0xD2, 0x63, 0xD2, 0x5B, 0xD2, 0x63, 0xD2, 0x63, 0xD3, 0x63,
    0xF3, 0x63, 0xF3, 0x6B, 0xF3, 0x6B, 0xF3, 0x6B, 0xF3, 0x6B, 0x13, 0x6C, 0x33, 0x74, 0x74, 0x7C,
    0x94, 0x84, 0x94, 0x84, 0x94, 0x84, 0x74, 0x7C, 0x74, 0x7C, 0x94, 0x84, 0x94, 0x84, 0xB4, 0x84,
    0xB5, 0x8C, 0xD5, 0x8C, 0xB5, 0x8C, 0xD5, 0x8C, 0xB5, 0x94, 0x2F, 0x83, 0xAD, 0x8A, 0xCD, 0x92,
    0xCD, 0x9A, 0x2F, 0xAB, 0x4E, 0xB3, 0x8F, 0xC3, 0xAF, 0xC3, 0xAF, 0xC3, 0xCF, 0xC3, 0xF0, 0xCB,
    0xCF, 0xCB, 0xEF, 0xCB, 0xCF, 0xCB, 0xEF, 0xCB, 0xCF, 0xCB, 0xF0, 0xD3, 0x10, 0xD4, 0x51, 0xD4,
    0x71, 0xDC, 0x71, 0xD4, 0xB2, 0xDC, 0xB2, 0xDC, 0xB1, 0xD4, 0xB2, 0xD4, 0x31, 0xC4, 0xEC, 0x9A,
    0x6B, 0xA2, 0xEC, 0xC2, 0xCB, 0xC2, 0x0B, 0xCB, 0xAE, 0xE3, 0x8D, 0xC3, 0x21, 0x40, 0x21, 0x38,
    0x41, 0x30, 0x21, 0x28, 0x21, 0x38, 0x0C, 0xB3, 0x6D, 0xD3, 0x4C, 0xD3, 0x2C, 0xCB, 0x2C, 0xD3,
    0xCE, 0xDB, 0x86, 0x79, 0x42, 0x38, 0x42, 0x38, 0x21, 0x30, 0x00, 0x28, 0x65, 0x79, 0xAE, 0xDB,
    0x8D, 0xDB, 0x6D, 0xDB, 0x6D, 0xDB, 0x4D, 0xCB, 0x50, 0xDC, 0xD2, 0xE4, 0xB1, 0xE4, 0x90, 0xDC,
    0xB1, 0xE4, 0xB1, 0xE4, 0xD1, 0xE4, 0xB1, 0xE4, 0xD1, 0xE4, 0xB1, 0xE4, 0xD1, 0xE4, 0xB1, 0xE4,
    0xD1, 0xE4, 0xF2, 0xE4, 0xF1, 0xE4, 0x12, 0xED, 0x54, 0xF5, 0x53, 0xED, 0x33, 0xED, 0x54, 0xF5,
    0x12, 0xED, 0xD2, 0xE4, 0xD2, 0xE4, 0xD1, 0xE4, 0xD2, 0xE4, 0xD2, 0xE4, 0xB1, 0xDC, 0xB1, 0xE4,
    0x91, 0xDC, 0xB1, 0xD4, 0x36, 0xC5, 0x4F, 0x2A, 0xCE, 0x01, 0x4F, 0x0A, 0x8F, 0x12, 0x2E, 0x02,
    0x2F, 0x02, 0x2F, 0x02, 0x2F, 0x02, 0x30, 0x02, 0x2F, 0x02, 0x0F, 0x02, 0x0F, 0x02, 0x0F, 0x02,
    0x0F, 0x02, 0x0F, 0x02, 0x0F, 0x02, 0x0F, 0x02, 0x0F, 0x02, 0x0F, 0x02, 0x0F, 0x02, 0xCE, 0x01,
    0x8F, 0x1A, 0x96, 0x64, 0xF0, 0x2A, 0xCD, 0x01, 0x0E, 0x02, 0xEE, 0x01, 0x0E, 0x02, 0x0F, 0x02,
    0xEE, 0x01, 0xEF, 0x01, 0xEF, 0x01, 0xEE, 0x01, 0xEE, 0x01, 0xEE, 0x01, 0xEE, 0x01, 0xEE, 0x01,
    0xEE, 0x01, 0xEE, 0x01, 0xEE, 0x01, 0xCE, 0x01, 0xCE, 0x01, 0xCD, 0x01, 0xCD, 0x01, 0xCD, 0x01,
    0xCD, 0x01, 0xCD, 0x01, 0xCD, 0x01, 0xCD, 0x01, 0xAD, 0x01, 0xAD, 0x01, 0xAD, 0x01, 0xAD, 0x01,
    0xCC, 0x09, 0x09, 0x1A, 0xC7, 0x19, 0x86, 0x11, 0x65, 0x11, 0x65, 0x11, 0x45, 0x09, 0x24, 0x09,
    0x04, 0x01, 0x04, 0x01, 0x24, 0x01, 0x25, 0x01, 0x68, 0x09, 0x8B, 0x09, 0x6C, 0x01, 0x4B, 0x01,
    0x6B, 0x01, 0x6B, 0x01, 0x6B, 0x01, 0x6B, 0x01, 0x4B, 0x01, 0x4B, 0x01, 0x69, 0x09, 0x65, 0x09,
    0x02, 0x01, 0xE2, 0x00, 0xE2, 0x00, 0xE2, 0x00, 0xE2, 0x00, 0xE2, 0x00, 0xE2, 0x00, 0x09, 0x22,
    0xD2, 0x63, 0xF3, 0x6B, 0x92, 0x5B, 0x91, 0x5B, 0x71, 0x5B, 0x50, 0x53, 0x30, 0x53, 0x10, 0x4B,
    0x10, 0x4B, 0x10, 0x4B, 0x10, 0x4B, 0x31, 0x53, 0x51, 0x53, 0x30, 0x53, 0x10, 0x4B, 0xCF, 0x4A,
    0x8E, 0x42, 0xCE, 0x42, 0xA9, 0x32, 0x04, 0x22, 0xC3, 0x19, 0xA2, 0x19, 0x42, 0x11, 0x23, 0x09,
    0xCD, 0x42, 0x71, 0x5B, 0x30, 0x53, 0x10, 0x4B, 0xEF, 0x4A, 0xCF, 0x42, 0xCE, 0x42, 0x8E, 0x3A,
    0xCF, 0x3A, 0xCF, 0x3A, 0xCF, 0x3A, 0xCF, 0x42, 0xF0, 0x42, 0x10, 0x4B, 0x51, 0x53, 0x71, 0x53,
    0x71, 0x5B, 0x71, 0x5B, 0x50, 0x53, 0x30, 0x53, 0x30, 0x53, 0xEE, 0x4A, 0xA7, 0x19, 0x43, 0x11,
    0xA3, 0x19, 0xC3, 0x19, 0x26, 0x2A, 0xEC, 0x42, 0x0F, 0x4B, 0x10, 0x4B, 0x30, 0x4B, 0x50, 0x4B,
    0x50, 0x53, 0x30, 0x53, 0x30, 0x4B, 0x30, 0x4B, 0x30, 0x4B, 0x50, 0x4B, 0x50, 0x53, 0x70, 0x53,
    0x71, 0x53, 0x71, 0x53, 0x91, 0x53, 0x91, 0x53, 0xB2, 0x5B, 0xD2, 0x5B, 0xD2, 0x5B, 0xF2, 0x5B,
    0xF3, 0x5B, 0xF3, 0x5B, 0xD3, 0x53, 0x52, 0x43, 0xB0, 0x2A, 0xAF, 0x2A, 0xB0, 0x2A, 0xAF, 0x2A,
    0xB0, 0x2A, 0xB0, 0x2A, 0xD1, 0x32, 0xD1, 0x32, 0xF1, 0x32, 0x12, 0x33, 0x12, 0x3B, 0x13, 0x33,
    0x13, 0x33, 0x12, 0x33, 0xF1, 0x2A, 0xB0, 0x2A, 0xB0, 0x2A, 0xB0, 0x2A, 0xD1, 0x32, 0xD1, 0x32,
    0xD1, 0x32, 0xF1, 0x3A, 0x11, 0x3B, 0x11, 0x43, 0x11, 0x43, 0x31, 0x43, 0x31, 0x4B, 0x52, 0x4B,
    0x72, 0x53, 0x92, 0x53, 0x93, 0x5B, 0xD3, 0x5B, 0xF3, 0x63, 0x14, 0x64, 0x14, 0x64, 0xF4, 0x5B,
    0xD3, 0x5B, 0xB3, 0x5B, 0xB3, 0x5B, 0xD3, 0x5B, 0xD2, 0x5B, 0xD2, 0x5B, 0xD3, 0x5B, 0xD3, 0x5B,
    0xD3, 0x5B, 0xD3, 0x63, 0xD3, 0x5B, 0xD2, 0x5B, 0xD2, 0x5B, 0xD2, 0x5B, 0xD2, 0x63, 0xD2, 0x63,
    0xD3, 0x63, 0xF3, 0x63, 0xF3, 0x63, 0xF3, 0x63, 0xF3, 0x63, 0xF3, 0x6B, 0x33, 0x74, 0x53, 0x7C,
    0x74, 0x7C, 0x74, 0x7C, 0x74, 0x7C, 0x54, 0x7C, 0x54, 0x7C, 0x74, 0x7C, 0x74, 0x7C, 0x94, 0x7C,
    0x94, 0x84, 0x94, 0x84, 0x94, 0x84, 0xD5, 0x8C, 0x13, 0x84, 0xCE, 0x7A, 0xCE, 0x8A, 0xEE, 0x9A,
    0xCD, 0x9A, 0xED, 0xA2, 0x0D, 0xAB, 0x2E, 0xB3, 0x4E, 0xBB, 0x6E, 0xBB, 0x8E, 0xC3, 0x8E, 0xC3,
    0x8E, 0xC3, 0x6E, 0xC3, 0x8E, 0xC3, 0xAE, 0xCB, 0xAF, 0xCB, 0xAE, 0xC3, 0xCF, 0xCB, 0xF0, 0xCB,
    0x10, 0xCC, 0x10, 0xCC, 0x71, 0xD4, 0x71, 0xD4, 0x30, 0xCC, 0xF0, 0xC3, 0x4D, 0xAB, 0x8B, 0x8A,
    0x2A, 0x9A, 0xCB, 0xC2, 0xCB, 0xC2, 0xEB, 0xCA, 0x8D, 0xDB, 0xEF, 0xD3, 0xA2, 0x50, 0x82, 0x48,
    0x82, 0x40, 0x00, 0x30, 0x65, 0x69, 0x6D, 0xCB, 0x0B, 0xCB, 0x2C, 0xD3, 0x2C, 0xCB, 0x0C, 0xCB,
    0xAE, 0xDB, 0xCB, 0xB2, 0x21, 0x40, 0x82, 0x40, 0x62, 0x40, 0x00, 0x30, 0x08, 0x92, 0x8E, 0xDB,
    0x8D, 0xDB, 0x6D, 0xDB, 0x4D, 0xDB, 0x0C, 0xCB, 0x30, 0xD4, 0x50, 0xD4, 0x50, 0xDC, 0x70, 0xDC,
    0x90, 0xE4, 0x90, 0xDC, 0xB1, 0xE4, 0xB1, 0xE4, 0x90, 0xDC, 0x70, 0xDC, 0x90, 0xDC, 0x90, 0xE4,
    0x90, 0xDC, 0x91, 0xE4, 0x91, 0xE4, 0xB1, 0xE4, 0xF2, 0xEC, 0x12, 0xED, 0x12, 0xED, 0x12, 0xED,
    0x12, 0xED, 0xD2, 0xE4, 0x91, 0xE4, 0xB1, 0xE4, 0x91, 0xDC, 0xB1, 0xE4, 0xB1, 0xE4, 0x91, 0xDC,
    0x91, 0xDC, 0x91, 0xDC, 0x56, 0xDD, 0x31, 0x5B, 0x8D, 0x01, 0x30, 0x02, 0x0F, 0x02, 0x2F, 0x02,
    0x2F, 0x02, 0x30, 0x02, 0x30, 0x02, 0x30, 0x02, 0x30, 0x02, 0x30, 0x02, 0x10, 0x02, 0x10, 0x02,
    0x10, 0x02, 0x10, 0x02, 0x10, 0x02, 0x10, 0x02, 0x2F, 0x02, 0x0F, 0x02, 0x0F, 0x02, 0x0E, 0x02,
    0xEE, 0x01, 0x0E, 0x0A, 0xEE, 0x09, 0xEF, 0x01, 0xEF, 0x01, 0xEE, 0x01, 0x0F, 0x02, 0x0F, 0x02,
    0xEF, 0x01, 0xEF, 0x01, 0xEF, 0x01, 0xEE, 0x01, 0xEE, 0x01, 0xEE, 0x01, 0xEE, 0x01, 0xEE, 0x01,
    0xEE, 0x01, 0xEE, 0x01, 0xEE, 0x01, 0xEE, 0x01, 0xEE, 0x01, 0xCE, 0x01, 0xCE, 0x01, 0xCE, 0x01,
    0xCE, 0x01, 0xCE, 0x01, 0xCE, 0x01, 0xCD, 0x01, 0xCD, 0x01, 0xAD, 0x01, 0xAD, 0x01, 0xAD, 0x01,
    0xEC, 0x09, 0xE9, 0x19, 0xA6, 0x11, 0x86, 0x11, 0x65, 0x11, 0x65, 0x11, 0x64, 0x09, 0x24, 0x09,
    0x04, 0x01, 0x04, 0x01, 0x24, 0x09, 0x45, 0x09, 0x88, 0x11, 0xCA, 0x11, 0x8B, 0x09, 0x6B, 0x01,
    0x6C, 0x01, 0x6B, 0x01, 0x6B, 0x09, 0x6B, 0x01, 0x4B, 0x01, 0x4B, 0x01, 0x69, 0x09, 0x44, 0x09,
    0x03, 0x01, 0x02, 0x01, 0xC2, 0x00, 0xC1, 0x00, 0xC1, 0x00, 0xE2, 0x00, 0xE2, 0x00, 0xC3, 0x00,
    0x2B, 0x32, 0xB2, 0x63, 0x92, 0x5B, 0x71, 0x5B, 0x51, 0x53, 0x50, 0x53, 0x30, 0x53, 0x30, 0x4B,
    0x30, 0x53, 0x51, 0x53, 0x72, 0x5B, 0x92, 0x5B, 0x92, 0x5B, 0x72, 0x5B, 0x71, 0x5B, 0x31, 0x53,
    0xF0, 0x4A, 0x0E, 0x43, 0x68, 0x32, 0xE4, 0x21, 0xC3, 0x19, 0xC3, 0x21, 0xA3, 0x19, 0x22, 0x09,
    0xC7, 0x19, 0x2F, 0x4B, 0x10, 0x4B, 0xEF, 0x4A, 0xCF, 0x42, 0xAE, 0x42, 0xAE, 0x3A, 0x6D, 0x32,
    0xD0, 0x3A, 0xF0, 0x3A, 0xF0, 0x42, 0x31, 0x4B, 0x51, 0x53, 0x71, 0x53, 0x71, 0x53, 0x71, 0x5B,
    0x71, 0x5B, 0x51, 0x5B, 0x50, 0x53, 0x50, 0x53, 0x70, 0x5B, 0xED, 0x4A, 0x65, 0x11, 0x62, 0x11,
    0xA2, 0x19, 0xC2, 0x21, 0x04, 0x22, 0x89, 0x32, 0x0E, 0x4B, 0x0F, 0x4B, 0x30, 0x4B, 0x30, 0x4B,
    0x30, 0x4B, 0x50, 0x4B, 0x30, 0x4B, 0x30, 0x4B, 0x30, 0x4B, 0x30, 0x4B, 0x50, 0x53, 0x50, 0x53,
    0x70, 0x53, 0x71, 0x53, 0x91, 0x53, 0x91, 0x53, 0xB2, 0x5B, 0xD2, 0x5B, 0xD2, 0x5B, 0xD2, 0x5B,
    0xD2, 0x5B, 0xF3, 0x5B, 0x14, 0x64, 0xB3, 0x53, 0xAF, 0x32, 0x8F, 0x2A, 0xB0, 0x2A, 0xAF, 0x2A,
    0xB0, 0x32, 0xD0, 0x32, 0xD0, 0x32, 0xD0, 0x32, 0xF1, 0x32, 0x12, 0x33, 0x12, 0x3B, 0x13, 0x33,
    0xF3, 0x2A, 0xD2, 0x2A, 0xB0, 0x22, 0x6F, 0x22, 0x6F, 0x22, 0x90, 0x22, 0xF1, 0x32, 0xF2, 0x32,
    0xF2, 0x32, 0x11, 0x3B, 0x11, 0x3B, 0x11, 0x3B, 0x12, 0x43, 0x32, 0x43, 0x52, 0x43, 0x52, 0x4B,
    0x52, 0x4B, 0x72, 0x4B, 0x93, 0x53, 0xB3, 0x53, 0xD4, 0x5B, 0xF4, 0x5B, 0xF4, 0x5B, 0xD4, 0x53,
    0xD3, 0x53, 0xB3, 0x53, 0xB3, 0x53, 0xD3, 0x5B, 0xD3, 0x5B, 0xD3, 0x5B, 0xD3, 0x5B, 0xD3, 0x5B,
    0xD3, 0x5B, 0xD3, 0x5B, 0xD3, 0x5B, 0xD3, 0x5B, 0xB2, 0x5B, 0xD2, 0x5B, 0xD2, 0x5B, 0xB2, 0x5B,
    0xD2, 0x5B, 0xD2, 0x5B, 0xD2, 0x5B, 0xD3, 0x5B, 0xF3, 0x63, 0x13, 0x64, 0x13, 0x6C, 0x33, 0x74,
    0x54, 0x74, 0x54, 0x74, 0x54, 0x74, 0x54, 0x74, 0x54, 0x74, 0x74, 0x74, 0x74, 0x7C, 0x74, 0x7C,
    0x74, 0x7C, 0x74, 0x7C, 0x74, 0x7C, 0xB5, 0x8C, 0xB2, 0x83, 0xAE, 0x82, 0x8D, 0x8A, 0xCE, 0x92,
    0xCE, 0xA2, 0xCD, 0xA2, 0x0E, 0xAB, 0x0E, 0xB3, 0x4E, 0xBB, 0x2D, 0xBB, 0x4E, 0xC3, 0x2D, 0xBB,
    0x2D, 0xBB, 0x2D, 0xC3, 0x2C, 0xBB, 0x4D, 0xC3, 0xAE, 0xCB, 0xAE, 0xC3, 0xAE, 0xC3, 0xAF, 0xCB,
    0xAF, 0xC3, 0xF0, 0xCB, 0x30, 0xD4, 0x30, 0xCC, 0xAF, 0xBB, 0x2E, 0xB3, 0xAB, 0x92, 0x8B, 0x82,
    0xE9, 0x89, 0xAB, 0xBA, 0xEC, 0xCA, 0xEB, 0xCA, 0x4C, 0xD3, 0x91, 0xEC, 0x48, 0x92, 0x20, 0x48,
    0x00, 0x40, 0xC3, 0x58, 0x2C, 0xBB, 0x0C, 0xCB, 0x0C, 0xD3, 0x2C, 0xD3, 0x2C, 0xD3, 0x2C, 0xD3,
    0x0C, 0xD3, 0xCE, 0xDB, 0x48, 0xA2, 0x41, 0x50, 0x00, 0x38, 0x24, 0x69, 0xCF, 0xD3, 0x6D, 0xD3,
    0x8D, 0xDB, 0x6D, 0xDB, 0x2C, 0xDB, 0x2C, 0xCB, 0x30, 0xD4, 0xCE, 0xCB, 0xAD, 0xCB, 0x50, 0xDC,
    0x70, 0xDC, 0xB1, 0xE4, 0xD1, 0xE4, 0x90, 0xE4, 0x70, 0xE4, 0x70, 0xE4, 0x70, 0xE4, 0x90, 0xE4,
    0x90, 0xE4, 0x70, 0xE4, 0x70, 0xE4, 0x90, 0xE4, 0xD1, 0xEC, 0xB1, 0xEC, 0xD1, 0xEC, 0xD2, 0xEC,
    0xD1, 0xE4, 0xB1, 0xE4, 0xB1, 0xE4, 0x90, 0xDC, 0x91, 0xE4, 0xB1, 0xE4, 0xB1, 0xE4, 0x91, 0xDC,
    0x91, 0xE4, 0x91, 0xE4, 0x34, 0xE5, 0xD2, 0x83, 0x6D, 0x01, 0x50, 0x02, 0x30, 0x02, 0x30, 0x02,
    0x30, 0x02, 0x30, 0x02, 0x30, 0x02, 0x30, 0x02, 0x30, 0x02, 0x30, 0x02, 0x30, 0x02, 0x30, 0x02,
    0x30, 0x02, 0x30, 0x02, 0x30, 0x02, 0x30, 0x02, 0x2F, 0x02, 0x10, 0x02, 0x0F, 0x02, 0x0F, 0x02,
    0x0E, 0x02, 0xEE, 0x01, 0xEF, 0x01, 0x0F, 0x02, 0xEF, 0x01, 0xEF, 0x01, 0x0F, 0x02, 0x0F, 0x02,
    0xEF, 0x01, 0xEF, 0x01, 0xEF, 0x01, 0xEE, 0x01, 0xEE, 0x01, 0xEE, 0x01, 0xEE, 0x01, 0xEE, 0x01,
    0xEE, 0x01, 0xEE, 0x01, 0xEE, 0x01, 0xEE, 0x01, 0xEE, 0x01, 0xCE, 0x01, 0xEE, 0x01, 0xEE, 0x01,
    0xEE, 0x01, 0xCE, 0x01, 0xCE, 0x01, 0xCE, 0x01, 0xCE, 0x01, 0xCE, 0x01, 0xAD, 0x01, 0xAD, 0x01,
    0xCC, 0x09, 0xE9, 0x11, 0xA6, 0x11, 0x66, 0x11, 0x85, 0x11, 0x85, 0x11, 0x65, 0x11, 0x24, 0x09,
    0x24, 0x01, 0x04, 0x01, 0x24, 0x09, 0x45, 0x09, 0x86, 0x09, 0xE8, 0x11, 0xCA, 0x11, 0x8B, 0x09,
    0x6C, 0x09, 0x6C, 0x09, 0x6B, 0x09, 0x6B, 0x01, 0x4C, 0x01, 0x4B, 0x09, 0x68, 0x09, 0x24, 0x01,
    0x02, 0x01, 0xE2, 0x00, 0xC1, 0x00, 0xA1, 0x00, 0xA1, 0x00, 0xA1, 0x00, 0xC1, 0x00, 0xC2, 0x00,
    0xC4, 0x00, 0xAD, 0x42, 0xB2, 0x5B, 0x71, 0x53, 0x51, 0x53, 0x51, 0x53, 0x30, 0x4B, 0x50, 0x53,
    0x50, 0x53, 0x50, 0x53, 0x92, 0x5B, 0x92, 0x5B, 0x72, 0x53, 0x51, 0x53, 0x51, 0x53, 0x31, 0x53,
    0x10, 0x53, 0x0E, 0x43, 0x47, 0x2A, 0xE4, 0x21, 0xE4, 0x21, 0xE3, 0x21, 0xC3, 0x19, 0x62, 0x11,
    0x44, 0x09, 0x8B, 0x32, 0x10, 0x4B, 0xCF, 0x42, 0xAF, 0x42, 0x8E, 0x3A, 0x6E, 0x3A, 0x4D, 0x32,
    0xF0, 0x42, 0x11, 0x43, 0x31, 0x4B, 0x51, 0x4B, 0x51, 0x53, 0x51, 0x53, 0x51, 0x53, 0x50, 0x53,
    0x50, 0x53, 0x50, 0x53, 0x50, 0x53, 0x50, 0x53, 0x70, 0x5B, 0xAC, 0x42, 0x44, 0x11, 0x62, 0x11,
    0x82, 0x19, 0xA2, 0x19, 0xC3, 0x21, 0x27, 0x2A, 0xED, 0x42, 0x0F, 0x4B, 0x10, 0x4B, 0x2F, 0x4B,
    0x2F, 0x53, 0x2E, 0x53, 0x4E, 0x53, 0x50, 0x53, 0x51, 0x53, 0x51, 0x53, 0x50, 0x53, 0x50, 0x53,
    0x71, 0x53, 0x71, 0x53, 0x91, 0x53, 0x91, 0x5B, 0xB2, 0x5B, 0xD2, 0x5B, 0xD2, 0x5B, 0xD2, 0x5B,
    0xD2, 0x5B, 0xF3, 0x5B, 0x14, 0x64, 0x14, 0x5C, 0xD0, 0x3A, 0x8F, 0x2A, 0xAF, 0x32, 0xAF, 0x32,
    0xD0, 0x32, 0xD0, 0x32, 0xD0, 0x32, 0xF0, 0x32, 0xF1, 0x32, 0xF1, 0x32, 0xF1, 0x32, 0xF2, 0x32,
    0xD2, 0x2A, 0xD2, 0x2A, 0xD1, 0x22, 0xB0, 0x22, 0x90, 0x22, 0x90, 0x22, 0xD1, 0x2A, 0x12, 0x33,
    0x12, 0x33, 0x32, 0x3B, 0x12, 0x3B, 0x32, 0x3B, 0x32, 0x43, 0x53, 0x43, 0x53, 0x43, 0x73, 0x43,
    0x73, 0x4B, 0x93, 0x4B, 0xB4, 0x4B, 0xD4, 0x53, 0xF4, 0x53, 0xF5, 0x53, 0x15, 0x5C, 0xF5, 0x53,
    0xF4, 0x53, 0xD4, 0x53, 0xD4, 0x53, 0xF4, 0x5B, 0xF4, 0x5B, 0xF4, 0x5B, 0xD3, 0x5B, 0xD3, 0x5B,
    0xD3, 0x5B, 0xD3, 0x5B, 0xD3, 0x5B, 0xD3, 0x5B, 0xD3, 0x5B, 0xD2, 0x5B, 0xD2, 0x5B, 0xD3, 0x5B,
    0xB3, 0x5B, 0xB3, 0x5B, 0xB3, 0x5B, 0xB3, 0x5B, 0xD3, 0x5B, 0xF3, 0x63, 0x13, 0x6C, 0x14, 0x6C,
    0x34, 0x6C, 0x34, 0x6C, 0x34, 0x6C, 0x34, 0x6C, 0x34, 0x6C, 0x54, 0x6C, 0x54, 0x74, 0x54, 0x74,
    0x54, 0x74, 0x74, 0x74, 0x74, 0x74, 0x74, 0x84, 0x50, 0x83, 0x8D, 0x82, 0xAD, 0x8A, 0xAD, 0x92,
    0xAD, 0x9A, 0xCE, 0xA2, 0xED, 0xAA, 0xED, 0xAA, 0x2E, 0xBB, 0xED, 0xB2, 0xEC, 0xB2, 0x0D, 0xBB,
    0x0C, 0xBB, 0x0C, 0xBB, 0x0C, 0xBB, 0x4D, 0xC3, 0x6D, 0xC3, 0x8E, 0xC3, 0x8E, 0xC3, 0xAE, 0xCB,
    0x6E, 0xC3, 0xEF, 0xCB, 0xCF, 0xCB, 0xAF, 0xC3, 0x4D, 0xB3, 0xAC, 0xA2, 0xE8, 0x79, 0x4A, 0x72,
    0xC9, 0x79, 0x6A, 0xAA, 0xCC, 0xC2, 0xEB, 0xCA, 0x0C, 0xCB, 0x0F, 0xE4, 0x70, 0xE4, 0xCA, 0xAA,
    0x8A, 0xA2, 0x6D, 0xC3, 0x4D, 0xCB, 0x0C, 0xCB, 0x0C, 0xD3, 0x2C, 0xD3, 0x2C, 0xD3, 0x2C, 0xD3,
    0x2C, 0xD3, 0xAE, 0xDB, 0x50, 0xF4, 0x0B, 0xBB, 0x69, 0x9A, 0x91, 0xE4, 0x30, 0xEC, 0x8D, 0xDB,
    0x8D, 0xDB, 0x2C, 0xD3, 0x0C, 0xD3, 0x0B, 0xBB, 0x0F, 0xCC, 0x6C, 0xC3, 0xEA, 0xBA, 0xCD, 0xCB,
    0x2F, 0xDC, 0x70, 0xDC, 0xB1, 0xE4, 0x90, 0xE4, 0x50, 0xDC, 0x50, 0xDC, 0x70, 0xE4, 0x70, 0xE4,
    0x70, 0xE4, 0x50, 0xE4, 0x50, 0xE4, 0x91, 0xEC, 0x90, 0xEC, 0x90, 0xEC, 0x70, 0xEC, 0x70, 0xE4,
    0xB1, 0xEC, 0xB1, 0xEC, 0x91, 0xE4, 0x91, 0xE4, 0x91, 0xE4, 0xB1, 0xE4, 0x91, 0xE4, 0x71, 0xDC,
    0x71, 0xDC, 0x71, 0xDC, 0xD2, 0xE4, 0xB4, 0xB4, 0x8D, 0x09, 0x30, 0x02, 0x30, 0x02, 0x30, 0x02,
    0x30, 0x02, 0x30, 0x02, 0x30, 0x02, 0x30, 0x02, 0x30, 0x02, 0x30, 0x02, 0x30, 0x02, 0x30, 0x02,
    0x30, 0x02, 0x30, 0x02, 0x30, 0x02, 0x30, 0x02, 0x2F, 0x02, 0x30, 0x02, 0x0F, 0x02, 0x0F, 0x02,
    0x0F, 0x02, 0x0F, 0x02, 0x0F, 0x02, 0x0F, 0x02, 0x0F, 0x02, 0x0E, 0x02, 0x0F, 0x02, 0x0F, 0x02,
    0x0F, 0x02, 0x0F, 0x02, 0x0F, 0x02, 0x0E, 0x02, 0xEE, 0x01, 0xEE, 0x01, 0xEE, 0x01, 0xEE, 0x01,
    0xEE, 0x01, 0xEE, 0x01, 0xEE, 0x01, 0xEE, 0x01, 0xEE, 0x01, 0xCE, 0x01, 0xEE, 0x01, 0xED, 0x01,
    0xEE, 0x01, 0xEE, 0x01, 0xCE, 0x01, 0xCE, 0x01, 0xCE, 0x01, 0xCE, 0x01, 0xAE, 0x01, 0xAD, 0x01,
    0xEC, 0x09, 0xC9, 0x11, 0xA7, 0x11, 0x86, 0x11, 0xA6, 0x11, 0xA5, 0x11, 0x85, 0x11, 0x44, 0x09,
    0x04, 0x01, 0x04, 0x01, 0x24, 0x01, 0x45, 0x09, 0x65, 0x09, 0xA6, 0x11, 0xE8, 0x11, 0xCA, 0x11,
    0x8B, 0x09, 0x6C, 0x09, 0x6C, 0x09, 0x6C, 0x01, 0x6C, 0x01, 0x6A, 0x09, 0x46, 0x09, 0x23, 0x01,
    0x02, 0x01, 0xE2, 0x00, 0xC1, 0x00, 0xC1, 0x00, 0xC1, 0x00, 0xC1, 0x00, 0xA1, 0x00, 0xA1, 0x00,
    0x82, 0x00, 0xC9, 0x21, 0x91, 0x5B, 0x72, 0x53, 0x51, 0x53, 0x51, 0x53, 0x50, 0x53, 0x4F, 0x53,
    0xCB, 0x42, 0x69, 0x32, 0xCC, 0x42, 0x71, 0x53, 0x51, 0x53, 0x30, 0x53, 0x30, 0x53, 0x10, 0x4B,
    0x0F, 0x4B, 0xCC, 0x42, 0x26, 0x2A, 0xE3, 0x19, 0xE3, 0x21, 0xC3, 0x19, 0xA2, 0x11, 0x82, 0x11,
    0x43, 0x09, 0xE8, 0x21, 0xEF, 0x42, 0xD0, 0x42, 0xAF, 0x3A, 0x8E, 0x3A, 0x4D, 0x32, 0x2C, 0x2A,
    0x10, 0x43, 0x31, 0x43, 0x31, 0x4B, 0x30, 0x4B, 0x30, 0x4B, 0x30, 0x4B, 0x50, 0x4B, 0x50, 0x53,
    0x30, 0x53, 0x30, 0x53, 0x30, 0x53, 0x30, 0x53, 0x50, 0x53, 0x6B, 0x32, 0x23, 0x09, 0x42, 0x11,
    0x82, 0x19, 0x83, 0x19, 0xA2, 0x19, 0x05, 0x2A, 0xCB, 0x3A, 0x0F, 0x4B, 0x0F, 0x4B, 0xEC, 0x42,
    0xA9, 0x3A, 0x88, 0x3A, 0xC8, 0x42, 0x4D, 0x53, 0x70, 0x53, 0x70, 0x53, 0x70, 0x53, 0x71, 0x53,
    0x71, 0x53, 0x91, 0x53, 0x91, 0x53, 0x91, 0x53, 0xB2, 0x5B, 0xB2, 0x5B, 0xB2, 0x5B, 0xD2, 0x5B,
    0xD2, 0x5B, 0xF2, 0x5B, 0x13, 0x64, 0x34, 0x64, 0xD3, 0x5B, 0x51, 0x4B, 0x11, 0x43, 0x11, 0x43,
    0x11, 0x3B, 0xF1, 0x3A, 0xF1, 0x3A, 0xD0, 0x32, 0xD0, 0x32, 0xF0, 0x2A, 0xF0, 0x32, 0xF1, 0x32,
    0xF1, 0x2A, 0xF2, 0x2A, 0xF2, 0x2A, 0xF2, 0x2A, 0xD1, 0x2A, 0xB1, 0x22, 0xF1, 0x2A, 0x12, 0x33,
    0x33, 0x33, 0x53, 0x3B, 0x53, 0x3B, 0x33, 0x3B, 0x53, 0x3B, 0x53, 0x43, 0x73, 0x43, 0x93, 0x43,
    0x94, 0x4B, 0xB4, 0x4B, 0xB4, 0x4B, 0xB4, 0x4B, 0xD4, 0x4B, 0xF5, 0x53, 0x15, 0x54, 0x15, 0x5C,
    0x15, 0x54, 0xF5, 0x53, 0xF4, 0x53, 0xF4, 0x5B, 0xF4, 0x5B, 0xF4, 0x5B, 0xD4, 0x5B, 0xD3, 0x5B,
    0xD3, 0x5B, 0xD3, 0x53, 0xD3, 0x53, 0xB3, 0x53, 0xD3, 0x5B, 0xD3, 0x5B, 0xB3, 0x5B, 0xD3, 0x5B,
    0xB3, 0x5B, 0xB3, 0x53, 0xB3, 0x53, 0xB3, 0x5B, 0xB3, 0x5B, 0xD3, 0x5B, 0xF3, 0x63, 0xF3, 0x63,
    0x14, 0x64, 0xF3, 0x63, 0xF3, 0x63, 0xF3, 0x63, 0x13, 0x64, 0x14, 0x6C, 0x34, 0x6C, 0x34, 0x6C,
    0x34, 0x6C, 0x34, 0x6C, 0x54, 0x74, 0x13, 0x84, 0xCE, 0x7A, 0x6C, 0x7A, 0x8D, 0x8A, 0xAE, 0x92,
    0x8D, 0x92, 0xAD, 0x9A, 0xCD, 0xA2, 0xAC, 0xA2, 0xCD, 0xB2, 0xED, 0xB2, 0xEC, 0xB2, 0x0D, 0xBB,
    0xEC, 0xBA, 0x2D, 0xBB, 0x0C, 0xBB, 0x2D, 0xBB, 0x6E, 0xC3, 0x6E, 0xCB, 0x6E, 0xC3, 0xAE, 0xC3,
    0x4D, 0xBB, 0x2D, 0xBB, 0x6E, 0xBB, 0xEC, 0xAA, 0x8B, 0xA2, 0x4A, 0x92, 0x66, 0x69, 0xE9, 0x61,
    0x88, 0x61, 0xC8, 0x89, 0xAC, 0xBA, 0x0C, 0xCB, 0x0C, 0xCB, 0x2C, 0xCB, 0x8D, 0xD3, 0x0F, 0xE4,
    0x0F, 0xE4, 0x6D, 0xD3, 0x0C, 0xCB, 0x0C, 0xCB, 0xEB, 0xCA, 0x0B, 0xD3, 0x2C, 0xD3, 0x0C, 0xD3,
    0x2B, 0xCB, 0x4C, 0xD3, 0x8D, 0xD3, 0x0F, 0xE4, 0x30, 0xE4, 0xCE, 0xDB, 0xAE, 0xDB, 0x8D, 0xD3,
    0x6D, 0xD3, 0x2C, 0xD3, 0xCB, 0xC2, 0x0B, 0xBB, 0xCE, 0xC3, 0xEA, 0xB2, 0x48, 0xA2, 0x0A, 0xBB,
    0xCD, 0xCB, 0x2F, 0xD4, 0x70, 0xE4, 0x50, 0xE4, 0x0F, 0xDC, 0x0F, 0xDC, 0x2F, 0xDC, 0x50, 0xE4,
    0x50, 0xE4, 0x4F, 0xE4, 0x50, 0xE4, 0x50, 0xE4, 0x50, 0xE4, 0x70, 0xEC, 0x70, 0xE4, 0x70, 0xE4,
    0x70, 0xE4, 0x50, 0xE4, 0x70, 0xE4, 0x91, 0xE4, 0x91, 0xE4, 0x91, 0xE4, 0x70, 0xDC, 0x70, 0xDC,
    0x71, 0xDC, 0x70, 0xD4, 0xB1, 0xDC, 0xF5, 0xC4, 0x2E, 0x22, 0x0F, 0x02, 0x50, 0x02, 0x30, 0x02,
    0x30, 0x02, 0x30, 0x02, 0x30, 0x02, 0x30, 0x02, 0x30, 0x02, 0x30, 0x02, 0x30, 0x02, 0x30, 0x02,
    0x30, 0x02, 0x30, 0x02, 0x30, 0x02, 0x30, 0x02, 0x2F, 0x02, 0x10, 0x02, 0x10, 0x02, 0x30, 0x02,
    0x2F, 0x02, 0x0F, 0x02, 0x0F, 0x02, 0x0F, 0x02, 0x0F, 0x02, 0x0F, 0x02, 0x0F, 0x02, 0x0F, 0x02,
    0x0F, 0x02, 0x0F, 0x02, 0x0F, 0x02, 0x0E, 0x02, 0xEE, 0x01, 0xEE, 0x01, 0xEE, 0x01, 0xEE, 0x01,
    0xEE, 0x01, 0xEE, 0x01, 0xEE, 0x01, 0xCE, 0x01, 0xCE, 0x01, 0xCE, 0x01, 0xAD, 0x01, 0xAC, 0x01,
    0xCD, 0x01, 0xCE, 0x01, 0xCE, 0x01, 0xCE, 0x01, 0xAE, 0x01, 0xAE, 0x01, 0xAD, 0x01, 0xAD, 0x01,
    0xCC, 0x09, 0xC9, 0x11, 0xC7, 0x19, 0xA6, 0x19, 0xC6, 0x19, 0xA5, 0x11, 0x85, 0x11, 0x44, 0x09,
    0x04, 0x01, 0xE4, 0x00, 0x04, 0x01, 0x25, 0x09, 0x45, 0x09, 0x64, 0x09, 0xA5, 0x11, 0xC8, 0x11,
    0xAA, 0x09, 0x6B, 0x09, 0x6C, 0x09, 0x6C, 0x09, 0x6C, 0x09, 0x69, 0x09, 0x65, 0x09, 0x23, 0x01,
    0x02, 0x01, 0x02, 0x01, 0xE2, 0x00, 0xE2, 0x00, 0xE1, 0x00, 0xC1, 0x00, 0xA2, 0x00, 0xA2, 0x00,
    0x81, 0x00, 0x06, 0x11, 0x30, 0x4B, 0x92, 0x5B, 0x72, 0x53, 0x71, 0x53, 0x6F, 0x53, 0x89, 0x3A,
    0xE5, 0x21, 0xC4, 0x21, 0xA5, 0x19, 0x8B, 0x3A, 0x50, 0x53, 0x10, 0x4B, 0xEF, 0x4A, 0xEF, 0x42,
    0xCE, 0x42, 0xAA, 0x3A, 0x25, 0x2A, 0x04, 0x22, 0xE4, 0x21, 0xA3, 0x19, 0xA2, 0x11, 0x63, 0x11,
    0x22, 0x09, 0x86, 0x11, 0xAE, 0x3A, 0xD0, 0x42, 0x8F, 0x3A, 0x6E, 0x32, 0x2D, 0x32, 0xEC, 0x29,
    0x11, 0x43, 0x31, 0x4B, 0x30, 0x4B, 0x30, 0x4B, 0x30, 0x4B, 0x30, 0x4B, 0x30, 0x4B, 0x30, 0x4B,
    0x30, 0x4B, 0x30, 0x4B, 0x30, 0x53, 0x30, 0x53, 0x4F, 0x53, 0xE8, 0x29, 0xE2, 0x08, 0x22, 0x11,
    0x42, 0x11, 0x62, 0x19, 0x82, 0x19, 0xC4, 0x21, 0x89, 0x32, 0x2F, 0x4B, 0xAC, 0x3A, 0xE6, 0x29,
    0xC3, 0x21, 0xE3, 0x29, 0x44, 0x32, 0x29, 0x4B, 0x6F, 0x53, 0x70, 0x53, 0x71, 0x53, 0x71, 0x53,
    0x71, 0x53, 0x91, 0x53, 0x91, 0x53, 0x92, 0x5B, 0x91, 0x5B, 0xB1, 0x53, 0xB2, 0x53, 0xB2, 0x5B,
    0xD2, 0x5B, 0xD2, 0x5B, 0xF3, 0x63, 0x13, 0x64, 0x54, 0x6C, 0x34, 0x6C, 0xF3, 0x5B, 0xF3, 0x5B,
    0xD3, 0x5B, 0xD3, 0x5B, 0xD3, 0x53, 0x72, 0x43, 0xF0, 0x32, 0xD0, 0x2A, 0xF0, 0x32, 0xF1, 0x32,
    0xF1, 0x32, 0xF2, 0x32, 0xF2, 0x32, 0xF2, 0x2A, 0xF2, 0x2A, 0xF2, 0x2A, 0x12, 0x2B, 0x33, 0x33,
    0x74, 0x3B, 0x94, 0x43, 0xB4, 0x43, 0x94, 0x43, 0x94, 0x43, 0x94, 0x43, 0xB4, 0x43, 0x94, 0x43,
    0x94, 0x43, 0x93, 0x43, 0x73, 0x3B, 0x94, 0x3B, 0xB4, 0x43, 0xF5, 0x4B, 0x15, 0x54, 0x16, 0x5C,
    0x16, 0x54, 0x15, 0x54, 0x15, 0x5C, 0xF5, 0x5B, 0xF4, 0x5B, 0xF4, 0x5B, 0xD4, 0x53, 0xD4, 0x53,
    0xD3, 0x53, 0xD3, 0x53, 0xD3, 0x53, 0xB3, 0x53, 0xD3, 0x5B, 0xD3, 0x5B, 0xD3, 0x5B, 0xD3, 0x5B,
    0xD3, 0x5B, 0xB3, 0x53, 0xB3, 0x53, 0x92, 0x53, 0xB3, 0x53, 0xB3, 0x5B, 0xD3, 0x5B, 0xD3, 0x5B,
    0xD3, 0x5B, 0xF3, 0x5B, 0xD3, 0x5B, 0xD3, 0x63, 0xF3, 0x63, 0xF3, 0x63, 0x13, 0x64, 0x13, 0x64,
    0x14, 0x64, 0x34, 0x64, 0x34, 0x6C, 0xB2, 0x7B, 0x8D, 0x7A, 0x6C, 0x7A, 0x8C, 0x8A, 0x8D, 0x8A,
    0x6C, 0x8A, 0x8C, 0x92, 0x8C, 0x9A, 0xAC, 0xA2, 0xAC, 0xAA, 0xED, 0xB2, 0xCC, 0xB2, 0xEC, 0xB2,
    0xAB, 0xB2, 0xCC, 0xB2, 0x0C, 0xBB, 0x2D, 0xC3, 0x4D, 0xC3, 0x2D, 0xC3, 0x2D, 0xC3, 0x4D, 0xBB,
    0x2D, 0xBB, 0xEC, 0xB2, 0xCC, 0xAA, 0x6A, 0x9A, 0x2A, 0x92, 0x09, 0x8A, 0x46, 0x61, 0x67, 0x51,
    0xA8, 0x59, 0x46, 0x61, 0x4A, 0xA2, 0x0C, 0xCB, 0x0C, 0xCB, 0xCB, 0xC2, 0xCB, 0xBA, 0xEB, 0xC2,
    0x0B, 0xCB, 0x0C, 0xCB, 0xEC, 0xCA, 0x0C, 0xCB, 0xEB, 0xCA, 0xEB, 0xCA, 0x0C, 0xD3, 0x0C, 0xD3,
    0x2C, 0xD3, 0x2C, 0xCB, 0xEB, 0xC2, 0x0B, 0xCB, 0x2C, 0xCB, 0x2C, 0xCB, 0x4C, 0xD3, 0x2C, 0xCB,
    0x2C, 0xCB, 0xCA, 0xBA, 0xAA, 0xB2, 0x4C, 0xBB, 0x2C, 0xB3, 0x89, 0xAA, 0x06, 0x9A, 0xA9, 0xAA,
    0x6C, 0xC3, 0xEE, 0xD3, 0x0F, 0xDC, 0xCE, 0xD3, 0xEE, 0xD3, 0xEE, 0xDB, 0x0F, 0xDC, 0x30, 0xE4,
    0x0F, 0xE4, 0x0F, 0xDC, 0x50, 0xE4, 0x2F, 0xE4, 0x2F, 0xE4, 0x2F, 0xE4, 0x2F, 0xE4, 0x50, 0xE4,
    0x50, 0xE4, 0x2F, 0xE4, 0x2F, 0xE4, 0x0F, 0xDC, 0x50, 0xDC, 0x71, 0xE4, 0x50, 0xDC, 0x70, 0xDC,
    0x50, 0xDC, 0x30, 0xD4, 0x71, 0xD4, 0x14, 0xD5, 0xB0, 0x3A, 0xEF, 0x01, 0x50, 0x02, 0x50, 0x02,
    0x50, 0x02, 0x50, 0x02, 0x30, 0x02, 0x50, 0x02, 0x50, 0x02, 0x30, 0x02, 0x30, 0x02, 0x30, 0x02,
    0x30, 0x02, 0x30, 0x02, 0x30, 0x02, 0x30, 0x02, 0x30, 0x02, 0x10, 0x02, 0x30, 0x02, 0x2F, 0x02,
    0x2F, 0x02, 0x0F, 0x02, 0x0F, 0x02, 0x0F, 0x02, 0x0F, 0x02, 0x0F, 0x02, 0x0F, 0x02, 0x0F, 0x02,
    0x0F, 0x02, 0x0F, 0x02, 0x0F, 0x02, 0x0F, 0x02, 0x0E, 0x02, 0xEE, 0x01, 0x0E, 0x02, 0x0E, 0x02,
    0x0E, 0x02, 0xEE, 0x01, 0xEE, 0x01, 0xCE, 0x01, 0xCE, 0x01, 0xAD, 0x01, 0x11, 0x33, 0xB2, 0x43,
    0xCC, 0x01, 0xCD, 0x01, 0xCD, 0x01, 0xCD, 0x01, 0xCE, 0x01, 0xAE, 0x01, 0xAE, 0x01, 0xAD, 0x01,
    0xEC, 0x11, 0xE9, 0x19, 0xE7, 0x19, 0xC6, 0x19, 0xC5, 0x19, 0x84, 0x11, 0x64, 0x11, 0x44, 0x09,
    0x24, 0x09, 0xE4, 0x00, 0xE4, 0x00, 0x25, 0x01, 0x25, 0x09, 0x44, 0x09, 0x64, 0x09, 0x86, 0x09,
    0x89, 0x09, 0x6C, 0x09, 0x6C, 0x09, 0x8C, 0x09, 0x8C, 0x09, 0x68, 0x09, 0x65, 0x09, 0x43, 0x09,
    0x23, 0x09, 0x22, 0x01, 0x02, 0x01, 0xE2, 0x00, 0xE2, 0x00, 0xC2, 0x00, 0xA2, 0x00, 0xA2, 0x00,
    0x81, 0x00, 0xC5, 0x08, 0xEF, 0x4A, 0x92, 0x5B, 0x72, 0x53, 0x91, 0x5B, 0xEC, 0x42, 0x05, 0x2A,
    0xA3, 0x21, 0xA3, 0x21, 0x42, 0x11, 0x85, 0x19, 0xCD, 0x42, 0xF0, 0x4A, 0xCF, 0x42, 0xCE, 0x42,
    0xCC, 0x42, 0x88, 0x32, 0x25, 0x2A, 0x04, 0x22, 0xC3, 0x19, 0xA3, 0x19, 0xA3, 0x19, 0x63, 0x11,
    0x22, 0x09, 0x65, 0x11, 0x8D, 0x3A, 0x8F, 0x3A, 0x6E, 0x32, 0x4E, 0x32, 0x2D, 0x2A, 0x0C, 0x2A,
    0x10, 0x43, 0x10, 0x43, 0x10, 0x4B, 0x10, 0x4B, 0x10, 0x4B, 0x30, 0x4B, 0x30, 0x4B, 0x30, 0x4B,
    0x30, 0x4B, 0x30, 0x4B, 0x30, 0x4B, 0x30, 0x53, 0x0E, 0x4B, 0x85, 0x19, 0xE2, 0x08, 0x22, 0x11,
    0x22, 0x11, 0x42, 0x11, 0x42, 0x11, 0xA3, 0x19, 0x68, 0x32, 0x0E, 0x4B, 0xE8, 0x29, 0x63, 0x19,
    0xA3, 0x21, 0xC3, 0x29, 0x24, 0x32, 0xC6, 0x42, 0x4D, 0x53, 0x70, 0x53, 0x71, 0x53, 0x71, 0x53,
    0x91, 0x53, 0x91, 0x53, 0xB2, 0x5B, 0xB2, 0x5B, 0x92, 0x53, 0x91, 0x53, 0xB2, 0x53, 0xB2, 0x53,
    0xD2, 0x5B, 0xD2, 0x5B, 0xF3, 0x63, 0x13, 0x64, 0x34, 0x6C, 0x13, 0x6C, 0xF3, 0x63, 0xF3, 0x63,
    0xF3, 0x63, 0x13, 0x64, 0x14, 0x64, 0xF4, 0x5B, 0x52, 0x4B, 0x11, 0x43, 0x32, 0x43, 0x52, 0x43,
    0x52, 0x43, 0x53, 0x43, 0x53, 0x43, 0x33, 0x3B, 0x12, 0x33, 0xF2, 0x2A, 0xF2, 0x2A, 0xF2, 0x2A,
    0x32, 0x33, 0x73, 0x3B, 0x94, 0x43, 0xB4, 0x43, 0xB4, 0x43, 0xB4, 0x43, 0xB4, 0x43, 0xB4, 0x43,
    0x74, 0x3B, 0x94, 0x3B, 0x94, 0x3B, 0xD5, 0x43, 0xF5, 0x4B, 0x16, 0x54, 0xF5, 0x53, 0xF5, 0x53,
    0xF5, 0x4B, 0x16, 0x54, 0x15, 0x5C, 0x15, 0x5C, 0xF5, 0x5B, 0xF4, 0x53, 0xD4, 0x53, 0xD4, 0x53,
    0xD4, 0x53, 0xD4, 0x53, 0xD3, 0x53, 0xD3, 0x53, 0xD4, 0x5B, 0xD4, 0x5B, 0xD4, 0x5B, 0xD3, 0x5B,
    0xD4, 0x5B, 0xF4, 0x5B, 0xF4, 0x5B, 0xF3, 0x5B, 0xD3, 0x5B, 0xD3, 0x5B, 0xD3, 0x5B, 0xD4, 0x5B,
    0xD4, 0x5B, 0xF3, 0x63, 0x14, 0x64, 0x14, 0x6C, 0x14, 0x64, 0xF3, 0x63, 0xF3, 0x5B, 0xF3, 0x63,
    0x14, 0x5C, 0x13, 0x64, 0x14, 0x6C, 0x71, 0x7B, 0x6D, 0x7A, 0x2B, 0x7A, 0x2B, 0x82, 0x4C, 0x82,
    0x4C, 0x8A, 0x6C, 0x8A, 0x4B, 0x92, 0x8B, 0xA2, 0x8B, 0xA2, 0xCC, 0xB2, 0xAC, 0xAA, 0x8B, 0xAA,
    0xAB, 0xB2, 0xAB, 0xB2, 0xCC, 0xB2, 0xEC, 0xB2, 0x2D, 0xC3, 0x2D, 0xBB, 0x2C, 0xBB, 0x0C, 0xBB,
    0xEC, 0xB2, 0xCC, 0xAA, 0xAB, 0xA2, 0x6A, 0xA2, 0x29, 0x92, 0x29, 0x8A, 0x66, 0x69, 0xE5, 0x48,
    0xC8, 0x59, 0xA7, 0x59, 0x86, 0x69, 0x29, 0xA2, 0x8B, 0xBA, 0xAB, 0xBA, 0xCB, 0xC2, 0xCB, 0xC2,
    0xEB, 0xCA, 0xEB, 0xCA, 0xEB, 0xCA, 0xCB, 0xC2, 0xCB, 0xC2, 0xCA, 0xC2, 0xEB, 0xCA, 0x0B, 0xCB,
    0x0B, 0xCB, 0x2C, 0xD3, 0x0B, 0xCB, 0x0B, 0xCB, 0xEB, 0xC2, 0xEB, 0xC2, 0xCB, 0xC2, 0xAA, 0xC2,
    0x69, 0xB2, 0x48, 0xA2, 0xCA, 0xAA, 0x0B, 0xAB, 0xA9, 0xA2, 0x07, 0x9A, 0x48, 0xA2, 0x88, 0xA2,
    0x4B, 0xBB, 0xEE, 0xD3, 0xEE, 0xD3, 0xEE, 0xD3, 0xEE, 0xD3, 0x0F, 0xDC, 0x0F, 0xDC, 0xEF, 0xDB,
    0x0F, 0xE4, 0x0F, 0xE4, 0xEF, 0xDB, 0x0F, 0xE4, 0x0F, 0xDC, 0x2F, 0xE4, 0x0F, 0xDC, 0x0F, 0xDC,
    0x0F, 0xDC, 0x2F, 0xE4, 0x2F, 0xE4, 0x0F, 0xDC, 0x2F, 0xDC, 0x2F, 0xDC, 0x50, 0xDC, 0x70, 0xDC,
    0x30, 0xD4, 0x2F, 0xD4, 0x50, 0xD4, 0xF4, 0xD4, 0x10, 0x53, 0xEF, 0x01, 0x71, 0x02, 0x50, 0x02,
    0x50, 0x02, 0x50, 0x02, 0x50, 0x02, 0x50, 0x02, 0x50, 0x02, 0x50, 0x02, 0x30, 0x02, 0x50, 0x02,
    0x50, 0x02, 0x30, 0x02, 0x50, 0x02, 0x30, 0x02, 0x30, 0x02, 0x30, 0x02, 0x30, 0x02, 0x30, 0x02,
    0x10, 0x02, 0x10, 0x02, 0x30, 0x02, 0x2F, 0x02, 0x0F, 0x02, 0x0F, 0x02, 0x0F, 0x02, 0x0F, 0x02,
    0x0F, 0x02, 0x0E, 0x02, 0x0F, 0x02, 0x0F, 0x02, 0x0F, 0x02, 0x0F, 0x02, 0x0F, 0x02, 0x0F, 0x02,
    0x0F, 0x02, 0xEE, 0x01, 0xEE, 0x01, 0xEE, 0x01, 0xCE, 0x01, 0xAD, 0x01, 0x51, 0x3B, 0xF3, 0x53,
    0xCD, 0x09, 0xCE, 0x01, 0xCD, 0x01, 0xCE, 0x01, 0xCE, 0x01, 0xCE, 0x01, 0xAD, 0x01, 0xED, 0x11,
    0x4B, 0x1A, 0x28, 0x1A, 0xE6, 0x19, 0xC5, 0x11, 0xC4, 0x11, 0xA4, 0x11, 0x64, 0x11, 0x44, 0x09,
    0x24, 0x01, 0xE4, 0x00, 0xE4, 0x00, 0x04, 0x01, 0x04, 0x01, 0x24, 0x01, 0x24, 0x01, 0x44, 0x01,
    0x88, 0x09, 0x8C, 0x09, 0x8C, 0x09, 0x8C, 0x09, 0x8A, 0x11, 0x67, 0x11, 0x64, 0x11, 0x63, 0x09,
    0x43, 0x09, 0x22, 0x01, 0x02, 0x01, 0xE2, 0x00, 0xE2, 0x00, 0xC2, 0x00, 0xA2, 0x00, 0xA1, 0x00,
    0x82, 0x00, 0xC4, 0x08, 0xCE, 0x42, 0xB2, 0x5B, 0x92, 0x5B, 0x70, 0x53, 0x69, 0x3A, 0xE4, 0x21,
    0xA3, 0x21, 0x82, 0x19, 0x42, 0x19, 0x22, 0x11, 0x4A, 0x32, 0xEF, 0x4A, 0xCF, 0x42, 0xAE, 0x3A,
    0xCA, 0x3A, 0x66, 0x2A, 0x04, 0x22, 0xC3, 0x21, 0xA3, 0x19, 0x83, 0x19, 0x83, 0x19, 0x62, 0x11,
    0x22, 0x09, 0x65, 0x11, 0x6D, 0x32, 0x6E, 0x32, 0x4D, 0x32, 0x2D, 0x2A, 0x2D, 0x2A, 0x2D, 0x2A,
    0xF0, 0x42, 0x10, 0x43, 0x10, 0x4B, 0x10, 0x4B, 0x10, 0x4B, 0x10, 0x4B, 0x10, 0x4B, 0x10, 0x4B,
    0x30, 0x4B, 0x30, 0x4B, 0x30, 0x53, 0x50, 0x53, 0xAB, 0x3A, 0x23, 0x09, 0x01, 0x09, 0x21, 0x11,
    0x21, 0x11, 0x21, 0x11, 0x21, 0x11, 0x83, 0x19, 0x26, 0x2A, 0x6A, 0x3A, 0x45, 0x11, 0x22, 0x11,
    0x82, 0x21, 0xA3, 0x29, 0x03, 0x32, 0x64, 0x3A, 0xEA, 0x4A, 0x50, 0x53, 0x71, 0x53, 0x71, 0x53,
    0x92, 0x5B, 0xB1, 0x53, 0xB2, 0x5B, 0xB2, 0x53, 0x92, 0x53, 0x92, 0x53, 0xB2, 0x53, 0xB2, 0x53,
    0xD3, 0x5B, 0xD3, 0x5B, 0xF3, 0x5B, 0xF3, 0x63, 0x13, 0x64, 0xF3, 0x63, 0xD3, 0x63, 0xF3, 0x63,
    0xF3, 0x63, 0xF3, 0x63, 0xF3, 0x63, 0xF4, 0x63, 0xB3, 0x5B, 0x93, 0x5B, 0x93, 0x5B, 0xB3, 0x5B,
    0xB3, 0x5B, 0xB3, 0x53, 0x93, 0x53, 0x93, 0x4B, 0x73, 0x43, 0x33, 0x33, 0x12, 0x2B, 0xF2, 0x2A,
    0xF1, 0x2A, 0xF1, 0x2A, 0xF2, 0x2A, 0x12, 0x33, 0x12, 0x33, 0x12, 0x33, 0x74, 0x3B, 0xB5, 0x43,
    0xD5, 0x43, 0xF6, 0x43, 0xF6, 0x4B, 0x16, 0x4C, 0x16, 0x4C, 0x16, 0x4C, 0x16, 0x54, 0xB4, 0x43,
    0x73, 0x3B, 0xD5, 0x4B, 0x36, 0x54, 0x15, 0x54, 0x15, 0x54, 0xF5, 0x53, 0xF4, 0x53, 0xD4, 0x53,
    0xD4, 0x53, 0xD4, 0x53, 0xD4, 0x53, 0xD4, 0x53, 0xD4, 0x5B, 0xD4, 0x5B, 0xD4, 0x5B, 0xD4, 0x5B,
    0xF4, 0x5B, 0x14, 0x64, 0x55, 0x6C, 0x75, 0x74, 0x75, 0x6C, 0x55, 0x6C, 0x35, 0x6C, 0x35, 0x6C,
    0x55, 0x6C, 0x55, 0x74, 0x75, 0x74, 0x75, 0x74, 0x55, 0x6C, 0x14, 0x64, 0xF3, 0x5B, 0xF3, 0x5B,
    0xF4, 0x5B, 0xF3, 0x5B, 0x13, 0x6C, 0x50, 0x73, 0x4D, 0x72, 0x2B, 0x7A, 0x4B, 0x82, 0x6C, 0x82,
    0x4B, 0x82, 0x4B, 0x8A, 0x4B, 0x92, 0x6B, 0x9A, 0x8C, 0xA2, 0x6B, 0xA2, 0x8B, 0xA2, 0xAC, 0xAA,
    0xAB, 0xAA, 0xAB, 0xAA, 0xAB, 0xAA, 0xCB, 0xB2, 0xEC, 0xB2, 0xEC, 0xB2, 0x0C, 0xBB, 0x0C, 0xB3,
    0x0C, 0xB3, 0xCB, 0xAA, 0xCB, 0xAA, 0x6A, 0x9A, 0x29, 0x92, 0x29, 0x8A, 0xA7, 0x71, 0xC4, 0x48,
    0x46, 0x51, 0xE8, 0x59, 0x66, 0x51, 0x26, 0x61, 0xA7, 0x89, 0x28, 0xA2, 0x49, 0xAA, 0x69, 0xB2,
    0x8A, 0xBA, 0xAA, 0xBA, 0xAA, 0xC2, 0xAA, 0xC2, 0xAA, 0xC2, 0xCA, 0xC2, 0xEB, 0xCA, 0xCA, 0xC2,
    0xCB, 0xCA, 0xCB, 0xCA, 0xCA, 0xC2, 0xCB, 0xC2, 0x8A, 0xBA, 0x6A, 0xBA, 0x29, 0xB2, 0xC7, 0x99,
    0xE7, 0x91, 0x89, 0x9A, 0xA9, 0x9A, 0xCA, 0x9A, 0xE6, 0x81, 0x07, 0x92, 0x88, 0xA2, 0xC9, 0xAA,
    0x8C, 0xC3, 0xCE, 0xD3, 0xEE, 0xD3, 0xEE, 0xD3, 0xEE, 0xD3, 0xEE, 0xDB, 0xEF, 0xDB, 0xEF, 0xDB,
    0xEF, 0xDB, 0xEF, 0xDB, 0xEF, 0xDB, 0xEE, 0xDB, 0x2F, 0xE4, 0x30, 0xE4, 0x2F, 0xE4, 0x2F, 0xE4,
    0x0F, 0xDC, 0x0F, 0xE4, 0x0F, 0xE4, 0x0F, 0xDC, 0x2F, 0xDC, 0x2F, 0xDC, 0x0F, 0xD4, 0x2F, 0xD4,
    0x50, 0xDC, 0x2F, 0xD4, 0x2F, 0xD4, 0xF3, 0xD4, 0x72, 0x63, 0xEF, 0x01, 0x71, 0x02, 0x70, 0x02,
    0x50, 0x02, 0x50, 0x02, 0x50, 0x02, 0x50, 0x02, 0x50, 0x02, 0x50, 0x02, 0x50, 0x02, 0x50, 0x02,
    0x50, 0x02, 0x30, 0x02, 0x0F, 0x02, 0x2F, 0x02, 0x50, 0x02, 0x50, 0x02, 0x50, 0x02, 0x30, 0x02,
    0x30, 0x02, 0x30, 0x02, 0x30, 0x02, 0x30, 0x02, 0x30, 0x02, 0x30, 0x02, 0x0F, 0x02, 0x0F, 0x02,
    0x2F, 0x02, 0x0F, 0x02, 0x2F, 0x02, 0x50, 0x0A, 0x2F, 0x02, 0x0F, 0x02, 0x0F, 0x02, 0x0F, 0x02,
    0x0F, 0x02, 0x0F, 0x02, 0xEF, 0x01, 0xEE, 0x01, 0xEE, 0x01, 0xCE, 0x01, 0xCC, 0x01, 0xAC, 0x01,
    0xCD, 0x09, 0xCE, 0x09, 0xEE, 0x01, 0xCE, 0x01, 0xCF, 0x01, 0xCE, 0x01, 0x0D, 0x12, 0x6C, 0x22,
    0x48, 0x22, 0x06, 0x1A, 0xC4, 0x11, 0xC4, 0x11, 0xC4, 0x11, 0x83, 0x11, 0x63, 0x09, 0x43, 0x09,
    0x24, 0x01, 0x04, 0x01, 0xE4, 0x00, 0xE4, 0x00, 0x04, 0x01, 0x04, 0x01, 0x03, 0x01, 0x04, 0x01,
    0x48, 0x01, 0x8C, 0x09, 0x8C, 0x09, 0xAB, 0x11, 0x87, 0x11, 0x65, 0x09, 0x64, 0x09, 0x43, 0x09,
    0x23, 0x09, 0x22, 0x09, 0x02, 0x01, 0xE2, 0x00, 0xC2, 0x00, 0xC1, 0x00, 0xA2, 0x00, 0xA1, 0x00,
    0x82, 0x00, 0xA3, 0x00, 0x8D, 0x3A, 0xB3, 0x5B, 0x93, 0x5B, 0x0E, 0x4B, 0x26, 0x2A, 0xE4, 0x29,
    0xA3, 0x21, 0xA2, 0x21, 0x62, 0x19, 0x02, 0x11, 0xC8, 0x21, 0xCF, 0x42, 0x8E, 0x3A, 0xAC, 0x3A,
    0x88, 0x32, 0x25, 0x2A, 0xE4, 0x21, 0xA3, 0x19, 0x83, 0x19, 0x82, 0x11, 0x82, 0x19, 0x62, 0x11,
    0x22, 0x09, 0x45, 0x09, 0x2C, 0x2A, 0x4D, 0x32, 0x0C, 0x2A, 0x0C, 0x2A, 0x0C, 0x2A, 0x2C, 0x2A,
    0xF0, 0x42, 0xF0, 0x42, 0xF0, 0x42, 0xF0, 0x42, 0xEF, 0x42, 0xEF, 0x42, 0xEF, 0x42, 0xEF, 0x4A,
    0x10, 0x4B, 0x10, 0x4B, 0x30, 0x53, 0x2F, 0x4B, 0x08, 0x2A, 0x43, 0x11, 0x42, 0x11, 0x62, 0x11,
    0x42, 0x11, 0x62, 0x19, 0x42, 0x11, 0x62, 0x19, 0x05, 0x2A, 0xE5, 0x21, 0x43, 0x11, 0x42, 0x11,
    0x82, 0x21, 0xC3, 0x29, 0x03, 0x32, 0x64, 0x3A, 0xA7, 0x42, 0x4D, 0x53, 0x70, 0x53, 0x71, 0x53,
    0x92, 0x53, 0x92, 0x53, 0xB2, 0x53, 0x92, 0x53, 0x92, 0x53, 0x92, 0x53, 0xB3, 0x53, 0xB3, 0x53,
    0xD3, 0x5B, 0xD3, 0x5B, 0xF4, 0x5B, 0xF4, 0x5B, 0xF3, 0x5B, 0xF3, 0x63, 0xD3, 0x5B, 0xD3, 0x5B,
    0xF3, 0x5B, 0xF3, 0x5B, 0xF3, 0x5B, 0xF3, 0x5B, 0xD3, 0x5B, 0xD3, 0x5B, 0xD3, 0x63, 0xD3, 0x63,
    0xD3, 0x63, 0xD3, 0x63, 0xD3, 0x5B, 0xB3, 0x53, 0x94, 0x4B, 0x73, 0x43, 0x33, 0x33, 0x12, 0x2B,
    0xF2, 0x2A, 0xD1, 0x2A, 0xD1, 0x2A, 0xD1, 0x2A, 0xD1, 0x2A, 0xD1, 0x2A, 0xF2, 0x2A, 0x33, 0x33,
    0x74, 0x3B, 0xB5, 0x3B, 0xD5, 0x43, 0xD5, 0x43, 0xD5, 0x43, 0xD5, 0x43, 0xB4, 0x43, 0x73, 0x3B,
    0x33, 0x33, 0x74, 0x3B, 0x16, 0x54, 0x36, 0x54, 0x35, 0x54, 0x15, 0x54, 0xF5, 0x53, 0xF4, 0x53,
    0xD4, 0x53, 0xD4, 0x53, 0xD4, 0x53, 0xD4, 0x53, 0xD4, 0x53, 0xF4, 0x53, 0xF4, 0x5B, 0xF4, 0x5B,
    0xF4, 0x5B, 0x14, 0x64, 0x34, 0x64, 0x55, 0x6C, 0x75, 0x6C, 0x75, 0x74, 0x75, 0x74, 0x75, 0x74,
    0x75, 0x74, 0x75, 0x74, 0x75, 0x74, 0x55, 0x74, 0x55, 0x6C, 0x34, 0x6C, 0x34, 0x6C, 0x14, 0x64,
    0x14, 0x64, 0x14, 0x64, 0x13, 0x6C, 0x0F, 0x73, 0x2C, 0x72, 0x4C, 0x72, 0x2B, 0x7A, 0x4C, 0x82,
    0x4B, 0x82, 0x2A, 0x82, 0x6B, 0x92, 0x6B, 0x92, 0x6B, 0x9A, 0x6B, 0x9A, 0x8C, 0xA2, 0x8B, 0xA2,
    0xCC, 0xAA, 0xAB, 0xAA, 0xAB, 0xAA, 0xAB, 0xAA, 0xEC, 0xB2, 0xCB, 0xAA, 0xCB, 0xAA, 0x0C, 0xB3,
    0xEB, 0xAA, 0xAA, 0xA2, 0xAB, 0xA2, 0x6A, 0x9A, 0x49, 0x92, 0x29, 0x8A, 0xA6, 0x69, 0xE4, 0x48,
    0xA2, 0x40, 0x66, 0x51, 0xC8, 0x59, 0x66, 0x51, 0x45, 0x51, 0x24, 0x61, 0x65, 0x71, 0xC7, 0x81,
    0xE8, 0x91, 0x29, 0xA2, 0x49, 0xAA, 0x69, 0xB2, 0x6A, 0xBA, 0x8A, 0xBA, 0xAA, 0xC2, 0x8A, 0xBA,
    0x8A, 0xBA, 0x49, 0xB2, 0x28, 0xAA, 0x28, 0xA2, 0xC7, 0x99, 0x86, 0x89, 0x86, 0x81, 0x07, 0x8A,
    0x68, 0x8A, 0x68, 0x8A, 0x89, 0x8A, 0x64, 0x69, 0x44, 0x71, 0x68, 0x9A, 0xC9, 0xA2, 0xEA, 0xAA,
    0x4C, 0xBB, 0xAD, 0xCB, 0xCE, 0xD3, 0xCE, 0xD3, 0xCE, 0xD3, 0xCE, 0xDB, 0xEE, 0xDB, 0xCE, 0xDB,
    0xEF, 0xE3, 0x0F, 0xDC, 0xEF, 0xDB, 0x0F, 0xDC, 0x0F, 0xDC, 0x2F, 0xE4, 0x0F, 0xE4, 0x0F, 0xE4,
    0xEE, 0xDB, 0xEE, 0xDB, 0x0F, 0xDC, 0xEF, 0xDB, 0x2F, 0xDC, 0x2F, 0xDC, 0x0F, 0xDC, 0x2F, 0xDC,
    0x30, 0xD4, 0x0F, 0xD4, 0x0F, 0xCC, 0xF3, 0xDC, 0xD2, 0x73, 0x0F, 0x02, 0x71, 0x02, 0x70, 0x02,
    0x70, 0x02, 0x50, 0x02, 0x50, 0x02, 0x50, 0x02, 0x50, 0x02, 0x50, 0x02, 0x50, 0x02, 0x50, 0x02,
    0xEE, 0x01, 0x4E, 0x2A, 0xF1, 0x4A, 0x4E, 0x1A, 0x0F, 0x02, 0x10, 0x02, 0x10, 0x02, 0x10, 0x02,
    0x10, 0x02, 0x30, 0x02, 0x30, 0x02, 0x30, 0x02, 0x30, 0x02, 0x30, 0x02, 0x2F, 0x02, 0x2F, 0x02,
    0x2F, 0x02, 0x2F, 0x02, 0x2F, 0x02, 0x50, 0x0A, 0x2F, 0x02, 0x2F, 0x02, 0x0F, 0x02, 0x0F, 0x02,
    0x0F, 0x02, 0x0F, 0x02, 0x0F, 0x0A, 0xEE, 0x09, 0xEE, 0x09, 0xEE, 0x09, 0xCD, 0x09, 0xCE, 0x09,
    0xEE, 0x09, 0xEE, 0x09, 0xEE, 0x01, 0xEE, 0x01, 0xCF, 0x01, 0xCE, 0x09, 0x6D, 0x1A, 0x49, 0x22,
    0x06, 0x1A, 0xC5, 0x11, 0xC4, 0x11, 0xA3, 0x11, 0xA4, 0x11, 0x83, 0x11, 0x63, 0x09, 0x43, 0x09,
    0x24, 0x09, 0x04, 0x01, 0xE4, 0x00, 0xE4, 0x00, 0xE4, 0x00, 0xE4, 0x00, 0xE4, 0x00, 0xE5, 0x00,
    0x49, 0x09, 0x8C, 0x11, 0x8B, 0x11, 0x88, 0x11, 0x65, 0x09, 0x63, 0x09, 0x43, 0x09, 0x22, 0x09,
    0x22, 0x09, 0x02, 0x01, 0x02, 0x01, 0xE2, 0x00, 0xE2, 0x00, 0xC2, 0x00, 0xA2, 0x00, 0xA2, 0x00,
    0xA2, 0x00, 0xA3, 0x00, 0x6C, 0x3A, 0x93, 0x5B, 0x71, 0x5B, 0xAA, 0x42, 0x05, 0x2A, 0xC3, 0x21,
    0xA2, 0x21, 0x82, 0x19, 0x62, 0x19, 0x02, 0x11, 0x86, 0x19, 0x8D, 0x3A, 0x8E, 0x3A, 0x8B, 0x32,
    0x47, 0x2A, 0x05, 0x22, 0xC4, 0x21, 0xA3, 0x19, 0xA3, 0x19, 0x82, 0x19, 0x62, 0x11, 0x63, 0x11,
    0x22, 0x09, 0x24, 0x09, 0x0B, 0x22, 0x2D, 0x2A, 0x0C, 0x2A, 0x0C, 0x2A, 0x0C, 0x2A, 0x2C, 0x2A,
    0xD0, 0x3A, 0xF0, 0x42, 0xF0, 0x42, 0xEF, 0x42, 0xEF, 0x42, 0xEF, 0x42, 0xEF, 0x42, 0xEF, 0x42,
    0x10, 0x4B, 0x10, 0x4B, 0x10, 0x4B, 0xEE, 0x42, 0x85, 0x11, 0x63, 0x11, 0x62, 0x19, 0x42, 0x11,
    0x21, 0x11, 0x21, 0x11, 0x21, 0x11, 0x83, 0x19, 0x05, 0x2A, 0xC4, 0x21, 0xA3, 0x19, 0xA3, 0x19,
    0xC3, 0x21, 0x03, 0x2A, 0x44, 0x32, 0x64, 0x3A, 0xA5, 0x3A, 0x0A, 0x4B, 0x6F, 0x53, 0x70, 0x53,
    0x71, 0x53, 0x92, 0x53, 0x92, 0x53, 0x92, 0x53, 0x92, 0x53, 0xB3, 0x53, 0xB3, 0x53, 0xD3, 0x53,
    0xD4, 0x5B, 0xF4, 0x5B, 0xF4, 0x5B, 0xF4, 0x5B, 0xF4, 0x5B, 0xD3, 0x5B, 0xF4, 0x5B, 0xF3, 0x5B,
    0xF3, 0x5B, 0xF3, 0x5B, 0xF3, 0x5B, 0xD3, 0x5B, 0xB2, 0x5B, 0x92, 0x5B, 0xB2, 0x5B, 0xB2, 0x5B,
    0xB3, 0x5B, 0xB3, 0x5B, 0xB3, 0x5B, 0xB3, 0x53, 0x93, 0x4B, 0x73, 0x43, 0x53, 0x33, 0x12, 0x2B,
    0x12, 0x2B, 0xF2, 0x32, 0xF2, 0x32, 0xF2, 0x32, 0xF2, 0x32, 0xF2, 0x32, 0xF2, 0x2A, 0xF2, 0x2A,
    0xF2, 0x32, 0x12, 0x33, 0x12, 0x33, 0x33, 0x33, 0x33, 0x33, 0x33, 0x33, 0x12, 0x33, 0x32, 0x33,
    0x53, 0x3B, 0x53, 0x33, 0xB4, 0x43, 0x36, 0x54, 0x35, 0x54, 0x15, 0x54, 0x15, 0x54, 0xF5, 0x53,
    0xF5, 0x53, 0xF5, 0x53, 0xF4, 0x53, 0xF4, 0x53, 0xF4, 0x53, 0xF4, 0x5B, 0xF4, 0x5B, 0xF4, 0x5B,
    0x14, 0x5C, 0x14, 0x64, 0x14, 0x64, 0x14, 0x64, 0x34, 0x64, 0x35, 0x6C, 0x55, 0x6C, 0x55, 0x6C,
    0x55, 0x74, 0x55, 0x6C, 0x55, 0x6C, 0x35, 0x6C, 0x55, 0x6C, 0x55, 0x6C, 0x54, 0x6C, 0x55, 0x74,
    0x55, 0x6C, 0x55, 0x6C, 0x34, 0x74, 0x0F, 0x73, 0x0B, 0x6A, 0x2B, 0x6A, 0x2B, 0x72, 0x4B, 0x7A,
    0x0A, 0x7A, 0x2A, 0x82, 0x0A, 0x82, 0x6B, 0x92, 0x6B, 0x92, 0x4B, 0x9A, 0x8B, 0xA2, 0x6B, 0x9A,
    0x4A, 0x9A, 0x6B, 0xA2, 0xAB, 0xAA, 0xAB, 0xAA, 0xAB, 0xAA, 0xCB, 0xAA, 0xCB, 0xAA, 0xCB, 0xAA,
    0xCB, 0xAA, 0xCB, 0xAA, 0xCB, 0xA2, 0xAB, 0xA2, 0x8A, 0x9A, 0x49, 0x8A, 0xA7, 0x69, 0x24, 0x51,
    0xA2, 0x38, 0x41, 0x30, 0x24, 0x49, 0xA6, 0x59, 0x86, 0x51, 0x45, 0x51, 0x45, 0x51, 0x25, 0x59,
    0x45, 0x61, 0x65, 0x69, 0x86, 0x71, 0x86, 0x79, 0xA6, 0x81, 0xC7, 0x89, 0xC6, 0x89, 0xA6, 0x89,
    0x86, 0x81, 0x86, 0x81, 0x65, 0x79, 0x45, 0x71, 0x65, 0x71, 0xC6, 0x79, 0xE7, 0x79, 0x07, 0x7A,
    0x27, 0x7A, 0x27, 0x7A, 0x44, 0x59, 0xA1, 0x48, 0x64, 0x69, 0x68, 0x9A, 0xEA, 0xAA, 0x2B, 0xB3,
    0x4C, 0xBB, 0xAD, 0xC3, 0xCE, 0xD3, 0xCD, 0xD3, 0xAD, 0xD3, 0xAD, 0xD3, 0xAD, 0xD3, 0xCE, 0xDB,
    0xCE, 0xDB, 0xCE, 0xD3, 0xEF, 0xDB, 0x0F, 0xE4, 0xCE, 0xDB, 0xCE, 0xD3, 0xEE, 0xDB, 0x2F, 0xE4,
    0xEE, 0xDB, 0xCE, 0xDB, 0x0F, 0xDC, 0x0F, 0xDC, 0xEF, 0xDB, 0xCE, 0xD3, 0xEF, 0xD3, 0xEE, 0xD3,
    0x0F, 0xD4, 0x2F, 0xD4, 0x0F, 0xCC, 0x92, 0xD4, 0xD2, 0x83, 0x0F, 0x02, 0x71, 0x02, 0x70, 0x02,
    0x70, 0x02, 0x50, 0x02, 0x50, 0x02, 0x50, 0x02, 0x50, 0x02, 0x50, 0x02, 0x70, 0x02, 0xEE, 0x01,
    0x10, 0x63, 0x53, 0xCC, 0x52, 0xCC, 0xF2, 0x93, 0xAD, 0x11, 0xD0, 0x01, 0xCF, 0x01, 0x8E, 0x01,
    0xCF, 0x01, 0xEF, 0x01, 0x0F, 0x02, 0x2F, 0x02, 0x30, 0x02, 0x30, 0x02, 0x2F, 0x02, 0x2F, 0x02,
    0x2F, 0x02, 0x2F, 0x02, 0x2F, 0x02, 0x0F, 0x02, 0x2F, 0x02, 0x2F, 0x02, 0x0F, 0x02, 0x0F, 0x02,
    0x0F, 0x02, 0x0F, 0x0A, 0x0F, 0x0A, 0x0E, 0x12, 0xEE, 0x11, 0xEE, 0x11, 0xED, 0x11, 0x0E, 0x0A,
    0x0E, 0x0A, 0xEE, 0x09, 0xEE, 0x09, 0xEE, 0x01, 0xCF, 0x01, 0xEE, 0x09, 0x6B, 0x1A, 0x07, 0x12,
    0xE6, 0x11, 0xA5, 0x11, 0x84, 0x11, 0x83, 0x11, 0x83, 0x11, 0x83, 0x09, 0x63, 0x09, 0x43, 0x09,
    0x24, 0x01, 0xE4, 0x00, 0xE4, 0x00, 0xE4, 0x00, 0xE4, 0x00, 0xE4, 0x00, 0xE4, 0x00, 0xE5, 0x00,
    0x49, 0x09, 0xAB, 0x11, 0x88, 0x11, 0x65, 0x09, 0x44, 0x09, 0x43, 0x09, 0x22, 0x09, 0x02, 0x01,
    0x02, 0x01, 0x02, 0x01, 0xE2, 0x00, 0xE2, 0x00, 0xC2, 0x00, 0xC2, 0x00, 0xA2, 0x00, 0xA2, 0x00,
    0xC2, 0x00, 0xA3, 0x00, 0xA9, 0x19, 0x51, 0x53, 0x0E, 0x4B, 0x06, 0x2A, 0xE4, 0x29, 0xA3, 0x21,
    0x82, 0x19, 0x62, 0x19, 0x62, 0x19, 0x02, 0x11, 0x65, 0x19, 0x6D, 0x3A, 0x6E, 0x32, 0x6B, 0x32,
    0x06, 0x22, 0xC4, 0x21, 0xA4, 0x19, 0x83, 0x19, 0x83, 0x19, 0x82, 0x19, 0x62, 0x11, 0x42, 0x11,
    0x02, 0x09, 0x03, 0x01, 0xC9, 0x19, 0x2C, 0x2A, 0x0B, 0x22, 0xEB, 0x21, 0x0B, 0x22, 0x0C, 0x2A,
    0xCF, 0x3A, 0xCF, 0x42, 0xEF, 0x42, 0xF0, 0x42, 0xCF, 0x42, 0xF0, 0x42, 0x10, 0x4B, 0x10, 0x4B,
    0x10, 0x4B, 0x10, 0x4B, 0x30, 0x4B, 0x6B, 0x32, 0x24, 0x09, 0x43, 0x11, 0x42, 0x11, 0x41, 0x11,
    0x01, 0x11, 0xE1, 0x08, 0x01, 0x11, 0xC4, 0x21, 0xC4, 0x21, 0xA3, 0x19, 0xC3, 0x21, 0xE3, 0x21,
    0xE3, 0x21, 0x03, 0x22, 0x23, 0x2A, 0x64, 0x32, 0xA5, 0x3A, 0xE8, 0x42, 0x4C, 0x4B, 0x90, 0x53,
    0x92, 0x53, 0x92, 0x53, 0x93, 0x53, 0x93, 0x53, 0xB3, 0x53, 0xD4, 0x53, 0xD4, 0x53, 0xF4, 0x53,
    0xF4, 0x53, 0xF4, 0x5B, 0xF4, 0x5B, 0xF4, 0x5B, 0xF4, 0x5B, 0xD4, 0x5B, 0xD4, 0x5B, 0xD3, 0x5B,
    0xD3, 0x5B, 0xD3, 0x5B, 0xB2, 0x5B, 0x92, 0x5B, 0x92, 0x5B, 0x92, 0x5B, 0x92, 0x5B, 0x92, 0x5B,
    0x92, 0x5B, 0x93, 0x53, 0x93, 0x53, 0x93, 0x53, 0x73, 0x4B, 0x53, 0x43, 0x32, 0x33, 0x32, 0x33,
    0x13, 0x33, 0x12, 0x33, 0x12, 0x33, 0x12, 0x33, 0x13, 0x33, 0x13, 0x33, 0x12, 0x33, 0x12, 0x33,
    0x12, 0x33, 0x12, 0x33, 0x12, 0x33, 0x12, 0x33, 0x12, 0x33, 0x12, 0x33, 0x12, 0x33, 0x12, 0x33,
    0x12, 0x33, 0x12, 0x33, 0x32, 0x33, 0xB4, 0x43, 0x36, 0x54, 0x36, 0x54, 0x15, 0x54, 0x15, 0x54,
    0x15, 0x54, 0x15, 0x54, 0x15, 0x54, 0x15, 0x54, 0x15, 0x5C, 0x14, 0x5C, 0x14, 0x5C, 0x14, 0x5C,
    0x14, 0x64, 0x34, 0x5C, 0x34, 0x5C, 0x15, 0x64, 0x35, 0x64, 0x35, 0x64, 0x35, 0x64, 0x55, 0x6C,
    0x55, 0x6C, 0x55, 0x6C, 0x34, 0x74, 0x34, 0x74, 0x34, 0x6C, 0x55, 0x6C, 0x55, 0x6C, 0x55, 0x6C,
    0x75, 0x74, 0x75, 0x74, 0x54, 0x7C, 0xEF, 0x72, 0x2B, 0x6A, 0x4B, 0x6A, 0x2B, 0x72, 0x0A, 0x72,
    0x0A, 0x72, 0x2A, 0x7A, 0x0A, 0x7A, 0x2A, 0x82, 0x6B, 0x92, 0x6B, 0x92, 0x6B, 0x9A, 0x8B, 0xA2,
    0x6B, 0x9A, 0x6B, 0x9A, 0xAB, 0xA2, 0xCB, 0xAA, 0x8A, 0xA2, 0x8A, 0xA2, 0xCB, 0xAA, 0xCB, 0xAA,
    0xEB, 0xAA, 0xEB, 0xAA, 0xEC, 0xAA, 0xCB, 0xA2, 0xAA, 0x9A, 0x6A, 0x8A, 0xC7, 0x71, 0x45, 0x51,
    0xA2, 0x38, 0x41, 0x28, 0x20, 0x18, 0x82, 0x28, 0x25, 0x49, 0xA6, 0x59, 0x86, 0x59, 0x85, 0x61,
    0x85, 0x61, 0x65, 0x61, 0x65, 0x61, 0x65, 0x61, 0x65, 0x69, 0x65, 0x69, 0x45, 0x69, 0x65, 0x71,
    0x65, 0x71, 0x86, 0x71, 0x86, 0x71, 0xA6, 0x71, 0xC6, 0x79, 0xE7, 0x79, 0x07, 0x7A, 0xE7, 0x71,
    0x65, 0x59, 0x61, 0x30, 0x00, 0x18, 0xA1, 0x38, 0xE6, 0x79, 0x89, 0x9A, 0xEA, 0xA2, 0x2B, 0xB3,
    0x8D, 0xBB, 0xAD, 0xC3, 0xAD, 0xCB, 0xCE, 0xD3, 0xAD, 0xD3, 0xAD, 0xD3, 0xAE, 0xD3, 0xCE, 0xDB,
    0xCE, 0xDB, 0xEF, 0xDB, 0x0F, 0xDC, 0x0F, 0xDC, 0xCE, 0xD3, 0xEE, 0xDB, 0xEF, 0xDB, 0xEE, 0xDB,
    0x0F, 0xDC, 0xEF, 0xDB, 0x0F, 0xDC, 0xEE, 0xDB, 0xCE, 0xD3, 0xCE, 0xD3, 0xCE, 0xCB, 0xCE, 0xCB,
    0x0F, 0xD4, 0x2F, 0xD4, 0xEF, 0xCB, 0x50, 0xCC, 0xD2, 0x83, 0x2F, 0x02, 0x71, 0x02, 0x70, 0x02,
    0x70, 0x02, 0x70, 0x02, 0x50, 0x02, 0x71, 0x02, 0x50, 0x02, 0x70, 0x02, 0x0F, 0x02, 0x6E, 0x42,
    0x11, 0xC4, 0xEF, 0xEB, 0xAE, 0xDB, 0x10, 0xCC, 0x8E, 0x4A, 0x8E, 0x01, 0x6F, 0x22, 0xB3, 0x6B,
    0x31, 0x4B, 0xB0, 0x22, 0x90, 0x1A, 0x2F, 0x0A, 0x0F, 0x02, 0x30, 0x02, 0x2F, 0x02, 0x30, 0x02,
    0x2F, 0x02, 0x2F, 0x02, 0x30, 0x02, 0x30, 0x02, 0x2F, 0x02, 0x2F, 0x02, 0x2F, 0x02, 0x2F, 0x02,
    0x2F, 0x0A, 0x0F, 0x0A, 0x0E, 0x0A, 0x0E, 0x12, 0x0E, 0x1A, 0xED, 0x19, 0x0D, 0x1A, 0x0E, 0x12,
    0x0E, 0x12, 0xEF, 0x09, 0xEE, 0x09, 0xEF, 0x01, 0xEF, 0x01, 0x2E, 0x0A, 0x2A, 0x1A, 0xE6, 0x11,
    0xE6, 0x11, 0xA5, 0x11, 0x85, 0x11, 0x84, 0x09, 0x63, 0x09, 0x63, 0x09, 0x43, 0x09, 0x23, 0x09,
    0x03, 0x09, 0x04, 0x01, 0xE3, 0x00, 0xC3, 0x00, 0xE3, 0x00, 0xE4, 0x00, 0xE3, 0x00, 0xE4, 0x00,
    0x27, 0x09, 0x88, 0x11, 0x65, 0x09, 0x43, 0x01, 0x23, 0x09, 0x23, 0x09, 0x02, 0x01, 0x02, 0x01,
    0x02, 0x01, 0xE2, 0x00, 0xE2, 0x00, 0xC1, 0x00, 0xC2, 0x00, 0xA2, 0x00, 0xA2, 0x00, 0xA2, 0x00,
    0xA2, 0x00, 0xA2, 0x00, 0xE4, 0x00, 0x0A, 0x2A, 0x8A, 0x3A, 0xC4, 0x21, 0xC3, 0x21, 0xA3, 0x21,
    0x62, 0x19, 0x62, 0x19, 0x42, 0x19, 0x02, 0x11, 0x24, 0x11, 0x2C, 0x2A, 0x6D, 0x2A, 0x4B, 0x2A,
    0xE6, 0x21, 0xC4, 0x21, 0xC4, 0x21, 0xA3, 0x19, 0xA3, 0x19, 0x82, 0x19, 0x62, 0x11, 0x22, 0x09,
    0x22, 0x09, 0x03, 0x01, 0x67, 0x11, 0x0B, 0x22, 0xEC, 0x21, 0xEB, 0x21, 0xEB, 0x21, 0xEC, 0x21,
    0xCF, 0x3A, 0xCF, 0x3A, 0xCF, 0x42, 0xF0, 0x42, 0xF0, 0x42, 0xEE, 0x42, 0xCD, 0x3A, 0x0F, 0x43,
    0x10, 0x4B, 0x30, 0x4B, 0x30, 0x4B, 0x09, 0x2A, 0x02, 0x09, 0x42, 0x11, 0x42, 0x11, 0x21, 0x11,
    0x01, 0x09, 0xC1, 0x08, 0x63, 0x19, 0xC4, 0x21, 0xA3, 0x19, 0xC4, 0x21, 0xC3, 0x21, 0xC3, 0x21,
    0x03, 0x2A, 0x24, 0x2A, 0x44, 0x2A, 0x64, 0x32, 0x85, 0x32, 0xC6, 0x3A, 0x08, 0x43, 0x4C, 0x4B,
    0xB1, 0x53, 0xD3, 0x53, 0xB3, 0x53, 0xD4, 0x53, 0xD4, 0x53, 0xD4, 0x5B, 0xF4, 0x5B, 0xF4, 0x5B,
    0x14, 0x5C, 0xF4, 0x5B, 0xF4, 0x5B, 0xD4, 0x5B, 0xB3, 0x53, 0x92, 0x5B, 0x92, 0x5B, 0x92, 0x53,
    0x71, 0x53, 0x71, 0x53, 0x92, 0x53, 0x92, 0x53, 0x92, 0x53, 0x92, 0x53, 0x72, 0x53, 0x72, 0x53,
    0x72, 0x53, 0x72, 0x4B, 0x73, 0x4B, 0x73, 0x4B, 0x73, 0x4B, 0x53, 0x3B, 0x32, 0x33, 0x33, 0x33,
    0x33, 0x33, 0x33, 0x33, 0x33, 0x33, 0x33, 0x33, 0x33, 0x33, 0x33, 0x33, 0x33, 0x3B, 0x33, 0x33,
    0x33, 0x33, 0x32, 0x33, 0x32, 0x3B, 0x32, 0x33, 0x32, 0x33, 0x32, 0x33, 0x32, 0x33, 0x32, 0x33,
    0x33, 0x33, 0x12, 0x33, 0x12, 0x33, 0x52, 0x33, 0x15, 0x4C, 0x57, 0x54, 0x36, 0x54, 0x36, 0x54,
    0x35, 0x54, 0x35, 0x5C, 0x35, 0x5C, 0x35, 0x5C, 0x35, 0x5C, 0x35, 0x5C, 0x35, 0x5C, 0x35, 0x5C,
    0x35, 0x5C, 0x35, 0x5C, 0x35, 0x64, 0x55, 0x64, 0x34, 0x6C, 0x13, 0x74, 0x34, 0x6C, 0x55, 0x64,
    0x35, 0x6C, 0xF2, 0x83, 0xB0, 0x9B, 0xD1, 0x9B, 0x13, 0x84, 0x54, 0x74, 0x55, 0x6C, 0x35, 0x6C,
    0x55, 0x6C, 0x75, 0x6C, 0x54, 0x7C, 0xEE, 0x72, 0x4C, 0x6A, 0x2B, 0x62, 0x0A, 0x6A, 0x0A, 0x6A,
    0x0A, 0x72, 0xE9, 0x71, 0x2A, 0x7A, 0x0A, 0x82, 0x6B, 0x8A, 0x4A, 0x92, 0x6B, 0x92, 0x8B, 0x9A,
    0x6B, 0x9A, 0x8B, 0x9A, 0x6B, 0xA2, 0x8B, 0xA2, 0xAB, 0xA2, 0xCB, 0xA2, 0xAA, 0xA2, 0xCB, 0xA2,
    0xEB, 0xAA, 0xCB, 0xA2, 0xEB, 0xA2, 0xCB, 0xA2, 0xCB, 0x9A, 0x8A, 0x92, 0xE8, 0x79, 0x66, 0x59,
    0xE4, 0x40, 0x41, 0x20, 0x00, 0x08, 0x00, 0x00, 0x00, 0x10, 0x82, 0x28, 0x24, 0x49, 0x85, 0x59,
    0xA6, 0x69, 0xC6, 0x71, 0xA6, 0x71, 0xA6, 0x69, 0x65, 0x61, 0x65, 0x61, 0x65, 0x61, 0x65, 0x61,
    0x64, 0x61, 0x85, 0x71, 0xC6, 0x79, 0xC6, 0x81, 0xC6, 0x79, 0x85, 0x69, 0x24, 0x51, 0x82, 0x30,
    0x00, 0x08, 0x00, 0x00, 0x00, 0x08, 0xA2, 0x38, 0x48, 0x8A, 0xAA, 0xA2, 0xEA, 0xA2, 0x6C, 0xB3,
    0xAD, 0xC3, 0xAD, 0xC3, 0xAD, 0xCB, 0xAD, 0xCB, 0x8D, 0xCB, 0xAD, 0xD3, 0xAD, 0xD3, 0xAE, 0xD3,
    0xEE, 0xDB, 0xEE, 0xDB, 0xCE, 0xDB, 0xEE, 0xDB, 0xEE, 0xDB, 0xCE, 0xDB, 0xCE, 0xD3, 0xAE, 0xD3,
    0xCE, 0xD3, 0xCE, 0xD3, 0xCE, 0xD3, 0xCE, 0xD3, 0xAE, 0xCB, 0xCE, 0xD3, 0xCE, 0xD3, 0xCE, 0xCB,
    0xCE, 0xCB, 0xEF, 0xCB, 0xEE, 0xC3, 0x50, 0xCC, 0xB1, 0x7B, 0x0F, 0x02, 0x71, 0x02, 0x70, 0x02,
    0x70, 0x02, 0x71, 0x02, 0x50, 0x02, 0x0F, 0x02, 0x50, 0x02, 0x70, 0x02, 0x4F, 0x12, 0xD1, 0x9B,
    0xEF, 0xDB, 0xEF, 0xEB, 0xEF, 0xE3, 0x30, 0xD4, 0xEE, 0x72, 0x8F, 0x42, 0xB5, 0xAC, 0x14, 0xD5,
    0x31, 0xAC, 0x54, 0x7C, 0x55, 0x64, 0xB3, 0x4B, 0xB0, 0x2A, 0x2F, 0x0A, 0x2F, 0x02, 0x30, 0x02,
    0x30, 0x02, 0x2F, 0x02, 0x30, 0x02, 0x30, 0x02, 0x30, 0x02, 0x2F, 0x02, 0x2F, 0x02, 0x2F, 0x0A,
    0x2F, 0x0A, 0x2F, 0x0A, 0x2E, 0x12, 0x2F, 0x22, 0x0D, 0x2A, 0x8D, 0x42, 0x2C, 0x2A, 0x0E, 0x22,
    0x0F, 0x1A, 0x0F, 0x0A, 0xEF, 0x09, 0xEF, 0x09, 0xEF, 0x01, 0x0E, 0x0A, 0x2A, 0x1A, 0xC6, 0x11,
    0xC5, 0x11, 0x85, 0x09, 0x65, 0x09, 0x64, 0x09, 0x63, 0x09, 0x43, 0x09, 0x23, 0x09, 0x23, 0x09,
    0x03, 0x09, 0x03, 0x01, 0xE3, 0x00, 0xC3, 0x00, 0xC3, 0x00, 0xE4, 0x00, 0xE4, 0x00, 0xE4, 0x00,
    0x25, 0x01, 0x45, 0x09, 0x44, 0x09, 0x23, 0x01, 0x23, 0x01, 0x03, 0x01, 0x02, 0x01, 0x02, 0x01,
    0x02, 0x01, 0xE2, 0x00, 0xE1, 0x00, 0xC1, 0x00, 0xA2, 0x00, 0xA2, 0x00, 0xA2, 0x00, 0xA2, 0x00,
    0x82, 0x00, 0x82, 0x00, 0xA2, 0x00, 0x04, 0x09, 0xC6, 0x21, 0xC3, 0x21, 0xC3, 0x29, 0x83, 0x21,
    0x63, 0x19, 0x42, 0x19, 0x42, 0x11, 0x02, 0x11, 0x03, 0x11, 0x0B, 0x22, 0x6D, 0x2A, 0x4A, 0x2A,
    0x05, 0x2A, 0xE4, 0x21, 0xC4, 0x21, 0xC3, 0x21, 0xC3, 0x21, 0xA3, 0x19, 0x62, 0x11, 0x22, 0x09,
    0x23, 0x09, 0x23, 0x09, 0x45, 0x09, 0xA9, 0x19, 0xEC, 0x19, 0xEC, 0x19, 0xCB, 0x19, 0xCC, 0x21,
    0xAF, 0x3A, 0xCF, 0x3A, 0xCF, 0x42, 0xF0, 0x42, 0xCE, 0x42, 0xC8, 0x19, 0x45, 0x09, 0x4A, 0x2A,
    0x10, 0x4B, 0x10, 0x4B, 0x0F, 0x4B, 0x87, 0x19, 0xC1, 0x00, 0x22, 0x11, 0x21, 0x11, 0x01, 0x11,
    0xC1, 0x00, 0xE1, 0x08, 0xC4, 0x21, 0xC4, 0x21, 0x83, 0x19, 0xA3, 0x19, 0xA3, 0x19, 0xC3, 0x21,
    0x24, 0x2A, 0x44, 0x32, 0x64, 0x32, 0x85, 0x3A, 0x84, 0x32, 0xC6, 0x3A, 0xE6, 0x3A, 0x07, 0x43,
    0x6C, 0x53, 0xB0, 0x5B, 0xB2, 0x53, 0xB2, 0x53, 0xB2, 0x53, 0xB3, 0x53, 0xB3, 0x53, 0xB3, 0x53,
    0xB3, 0x5B, 0xB3, 0x5B, 0x92, 0x53, 0x72, 0x53, 0x51, 0x53, 0x51, 0x53, 0x51, 0x53, 0x51, 0x53,
    0x71, 0x53, 0x71, 0x4B, 0x72, 0x4B, 0x72, 0x4B, 0x72, 0x4B, 0x72, 0x4B, 0x72, 0x4B, 0x72, 0x4B,
    0x72, 0x4B, 0x72, 0x4B, 0x73, 0x43, 0x53, 0x43, 0x53, 0x43, 0x53, 0x3B, 0x53, 0x33, 0x33, 0x33,
    0x33, 0x3B, 0x53, 0x3B, 0x53, 0x3B, 0x53, 0x3B, 0x53, 0x3B, 0x53, 0x3B, 0x53, 0x3B, 0x53, 0x3B,
    0x53, 0x33, 0x53, 0x33, 0x53, 0x3B, 0x53, 0x3B, 0x33, 0x3B, 0x33, 0x3B, 0x33, 0x3B, 0x33, 0x3B,
    0x33, 0x33, 0x33, 0x33, 0x33, 0x33, 0x32, 0x33, 0x94, 0x43, 0x36, 0x54, 0x56, 0x5C, 0x36, 0x54,
    0x56, 0x5C, 0x56, 0x5C, 0x55, 0x5C, 0x55, 0x5C, 0x56, 0x5C, 0x55, 0x5C, 0x56, 0x5C, 0x56, 0x5C,
    0x55, 0x5C, 0x36, 0x5C, 0x56, 0x64, 0x75, 0x6C, 0x12, 0x84, 0xF0, 0xA3, 0x12, 0x9C, 0x34, 0x74,
    0xD3, 0x7B, 0xEE, 0x92, 0x2D, 0xB3, 0x2D, 0xB3, 0x2E, 0x9B, 0xF2, 0x7B, 0x35, 0x6C, 0x35, 0x64,
    0x35, 0x6C, 0x55, 0x6C, 0x54, 0x7C, 0xEE, 0x72, 0x2B, 0x6A, 0x2B, 0x6A, 0xEA, 0x61, 0xEA, 0x61,
    0xEA, 0x69, 0xE9, 0x69, 0x0A, 0x72, 0x09, 0x7A, 0x2A, 0x82, 0x2A, 0x82, 0x09, 0x8A, 0x4A, 0x92,
    0x2A, 0x92, 0x2A, 0x92, 0x6A, 0x9A, 0xAB, 0xA2, 0xCC, 0xA2, 0xAB, 0xA2, 0xCB, 0xA2, 0xCB, 0xA2,
    0xCB, 0xA2, 0xEB, 0xA2, 0xEB, 0xA2, 0xCB, 0xA2, 0xAA, 0x9A, 0x69, 0x8A, 0x08, 0x82, 0xA6, 0x69,
    0x65, 0x51, 0xC2, 0x28, 0x00, 0x00, 0x00, 0x08, 0x00, 0x08, 0x00, 0x08, 0x00, 0x08, 0x20, 0x18,
    0x61, 0x28, 0xC3, 0x38, 0xE3, 0x40, 0x86, 0x59, 0x28, 0x6A, 0x27, 0x6A, 0x27, 0x72, 0x48, 0x72,
    0x89, 0x7A, 0x68, 0x7A, 0x24, 0x51, 0xC2, 0x40, 0x61, 0x28, 0x20, 0x18, 0x00, 0x08, 0x00, 0x00,
    0x00, 0x00, 0x00, 0x00, 0x00, 0x08, 0xE3, 0x40, 0x89, 0x92, 0xEB, 0xAA, 0x2B, 0xB3, 0x6C, 0xB3,
    0x8D, 0xBB, 0xAD, 0xC3, 0xEE, 0xCB, 0xAE, 0xCB, 0xAD, 0xCB, 0xCE, 0xD3, 0xAD, 0xCB, 0xAD, 0xD3,
    0xEE, 0xDB, 0xEE, 0xDB, 0xEE, 0xDB, 0xAE, 0xD3, 0xCE, 0xD3, 0xCE, 0xDB, 0xEF, 0xDB, 0xCE, 0xD3,
    0xAE, 0xD3, 0xCE, 0xD3, 0xAE, 0xD3, 0xEE, 0xD3, 0xAE, 0xCB, 0xAE, 0xCB, 0xCE, 0xCB, 0xCE, 0xCB,
    0xAE, 0xC3, 0xEF, 0xCB, 0xCE, 0xC3, 0x51, 0xCC, 0x71, 0x73, 0x0F, 0x02, 0x91, 0x02, 0x70, 0x02,
    0x70, 0x02, 0x2F, 0x02, 0x8F, 0x2A, 0x72, 0x63, 0x6F, 0x32, 0xCD, 0x01, 0x8F, 0x42, 0x31, 0xCC,
    0x0E, 0xEC, 0x0F, 0xEC, 0x2F, 0xE4, 0xEE, 0xCB, 0xAF, 0xA3, 0x32, 0xA4, 0x72, 0xD4, 0x0F, 0xD4,
    0xCF, 0xAB, 0x12, 0x84, 0x34, 0x6C, 0x55, 0x6C, 0x14, 0x64, 0xF1, 0x2A, 0x2F, 0x0A, 0x30, 0x02,
    0x50, 0x02, 0x30, 0x02, 0x30, 0x02, 0x30, 0x02, 0x30, 0x02, 0x2F, 0x02, 0x2F, 0x02, 0x2F, 0x0A,
    0x2F, 0x0A, 0x2F, 0x12, 0x2F, 0x1A, 0xEE, 0x29, 0x2E, 0x63, 0xB8, 0xD6, 0xEF, 0x73, 0x2D, 0x32,
    0x2F, 0x22, 0x0E, 0x12, 0x0F, 0x0A, 0x0F, 0x0A, 0xEF, 0x01, 0x0E, 0x0A, 0x0B, 0x1A, 0xC7, 0x11,
    0x85, 0x09, 0x65, 0x09, 0x65, 0x09, 0x64, 0x09, 0x44, 0x09, 0x23, 0x09, 0x24, 0x09, 0x03, 0x09,
    0x04, 0x09, 0xE4, 0x00, 0xC3, 0x00, 0xC3, 0x00, 0xC3, 0x00, 0xC3, 0x00, 0x04, 0x01, 0x65, 0x09,
    0x64, 0x09, 0x44, 0x01, 0x24, 0x01, 0x03, 0x01, 0x02, 0x01, 0x02, 0x01, 0x02, 0x01, 0x02, 0x01,
    0x02, 0x01, 0xE2, 0x00, 0xC1, 0x00, 0xA1, 0x00, 0xA2, 0x00, 0xA2, 0x00, 0xA2, 0x00, 0x82, 0x00,
    0x81, 0x00, 0x82, 0x00, 0x81, 0x00, 0xE2, 0x08, 0xC4, 0x21, 0xC3, 0x21, 0xA3, 0x21, 0x63, 0x19,
    0x42, 0x19, 0x22, 0x11, 0x22, 0x11, 0x22, 0x11, 0x02, 0x09, 0xC9, 0x21, 0x4D, 0x2A, 0x49, 0x2A,
    0x05, 0x22, 0xE4, 0x21, 0xE4, 0x21, 0xC3, 0x21, 0xC3, 0x21, 0xA3, 0x19, 0x82, 0x19, 0x42, 0x11,
    0x42, 0x11, 0x42, 0x09, 0x23, 0x01, 0x66, 0x09, 0xCA, 0x19, 0xAB, 0x19, 0xAB, 0x19, 0xAB, 0x19,
    0xAE, 0x3A, 0xAF, 0x3A, 0xAF, 0x3A, 0xEF, 0x42, 0x4B, 0x2A, 0x03, 0x01, 0x02, 0x01, 0x65, 0x11,
    0xAD, 0x3A, 0x30, 0x4B, 0xEF, 0x42, 0x66, 0x11, 0xC1, 0x00, 0x01, 0x09, 0x01, 0x09, 0xE1, 0x08,
    0xA0, 0x00, 0x02, 0x09, 0xC5, 0x21, 0xA4, 0x19, 0x63, 0x19, 0x63, 0x19, 0x83, 0x19, 0xA3, 0x19,
    0x04, 0x2A, 0x23, 0x2A, 0x44, 0x32, 0x85, 0x3A, 0x84, 0x32, 0xA5, 0x3A, 0xE6, 0x42, 0xC5, 0x3A,
    0xE7, 0x42, 0x2A, 0x4B, 0xCA, 0x3A, 0x8A, 0x32, 0x0D, 0x43, 0x50, 0x4B, 0x51, 0x4B, 0x51, 0x4B,
    0x31, 0x4B, 0x31, 0x4B, 0x31, 0x4B, 0x31, 0x4B, 0x51, 0x4B, 0x51, 0x4B, 0x51, 0x4B, 0x51, 0x4B,
    0x51, 0x4B, 0x52, 0x4B, 0x52, 0x4B, 0x72, 0x4B, 0x72, 0x4B, 0x72, 0x4B, 0x72, 0x43, 0x73, 0x43,
    0x73, 0x43, 0x73, 0x43, 0x53, 0x43, 0x53, 0x43, 0x53, 0x3B, 0x53, 0x3B, 0x53, 0x33, 0x53, 0x33,
    0x53, 0x3B, 0x53, 0x3B, 0x53, 0x3B, 0x53, 0x3B, 0x33, 0x3B, 0x53, 0x3B, 0x53, 0x3B, 0x53, 0x33,
    0x53, 0x3B, 0x53, 0x3B, 0x53, 0x3B, 0x53, 0x3B, 0x53, 0x3B, 0x53, 0x3B, 0x53, 0x3B, 0x53, 0x3B,
    0x33, 0x33, 0x53, 0x3B, 0x53, 0x3B, 0x53, 0x3B, 0x33, 0x3B, 0x73, 0x3B, 0xD5, 0x4B, 0x16, 0x54,
    0x56, 0x5C, 0x56, 0x5C, 0x56, 0x5C, 0x56, 0x5C, 0x56, 0x5C, 0x56, 0x5C, 0x56, 0x5C, 0x56, 0x5C,
    0x56, 0x5C, 0x56, 0x5C, 0x56, 0x5C, 0x35, 0x6C, 0xEE, 0x7A, 0x2D, 0xB3, 0xAF, 0xBB, 0xB1, 0x8B,
    0x0F, 0x73, 0x2A, 0x8A, 0xCC, 0xAA, 0xCC, 0xAA, 0x6B, 0x92, 0x2F, 0x83, 0x34, 0x74, 0x35, 0x64,
    0x35, 0x64, 0x35, 0x64, 0x34, 0x6C, 0xEE, 0x6A, 0x0B, 0x62, 0x0A, 0x62, 0xC9, 0x59, 0xC9, 0x59,
    0xC9, 0x61, 0xC9, 0x61, 0xE9, 0x69, 0x09, 0x72, 0x2A, 0x7A, 0x2A, 0x82, 0x2A, 0x8A, 0x4A, 0x8A,
    0x4A, 0x8A, 0x4A, 0x92, 0x4A, 0x92, 0x8B, 0x9A, 0xAB, 0x9A, 0x8A, 0x9A, 0xAA, 0x9A, 0xEB, 0xA2,
    0xEB, 0xA2, 0xCB, 0x9A, 0xAA, 0x9A, 0xCB, 0x9A, 0xCB, 0x9A, 0x6A, 0x92, 0x08, 0x82, 0xC7, 0x71,
    0x66, 0x59, 0x24, 0x41, 0x00, 0x10, 0x00, 0x08, 0x00, 0x08, 0x00, 0x08, 0x00, 0x08, 0x00, 0x08,
    0x00, 0x08, 0x00, 0x08, 0x00, 0x08, 0x41, 0x10, 0xA6, 0x41, 0xAA, 0x6A, 0x8D, 0x8B, 0xAD, 0x93,
    0x2B, 0x7B, 0x24, 0x31, 0x00, 0x00, 0x00, 0x08, 0x00, 0x10, 0x00, 0x10, 0x00, 0x08, 0x00, 0x08,
    0x00, 0x08, 0x00, 0x08, 0x00, 0x08, 0x85, 0x61, 0xEA, 0xA2, 0xEB, 0xAA, 0x4C, 0xB3, 0x6C, 0xB3,
    0x8D, 0xBB, 0xCE, 0xCB, 0xCE, 0xCB, 0xAD, 0xCB, 0x6C, 0xC3, 0xAD, 0xD3, 0xAD, 0xCB, 0xAD, 0xCB,
    0xCE, 0xD3, 0xCE, 0xDB, 0xAD, 0xD3, 0x6C, 0xCB, 0xAD, 0xD3, 0xAE, 0xD3, 0xCE, 0xD3, 0xAE, 0xD3,
    0x8D, 0xCB, 0x6D, 0xCB, 0x8D, 0xCB, 0xAE, 0xCB, 0xCE, 0xD3, 0xAE, 0xCB, 0x8D, 0xC3, 0x8D, 0xC3,
    0xCE, 0xC3, 0xCE, 0xC3, 0xCE, 0xC3, 0x71, 0xCC, 0x92, 0x6B, 0x2F, 0x02, 0x91, 0x02, 0x71, 0x02,
    0x71, 0x02, 0xAC, 0x01, 0x70, 0x83, 0xB3, 0xD4, 0x73, 0xBC, 0xAD, 0x62, 0xED, 0x7A, 0xCE, 0xCB,
    0xCD, 0xDB, 0x0F, 0xDC, 0x51, 0xE4, 0x30, 0xDC, 0x0F, 0xCC, 0x71, 0xD4, 0xEE, 0xCB, 0x6C, 0xC3,
    0x4D, 0xA3, 0x11, 0xA4, 0x53, 0x9C, 0xF2, 0x7B, 0x34, 0x64, 0xF4, 0x53, 0xD1, 0x22, 0x0F, 0x02,
    0x30, 0x02, 0x50, 0x02, 0x30, 0x02, 0x50, 0x02, 0x50, 0x02, 0x50, 0x02, 0x2F, 0x02, 0x2F, 0x02,
    0x2F, 0x0A, 0x2F, 0x12, 0x2F, 0x1A, 0x0D, 0x2A, 0x95, 0xAD, 0xFD, 0xFF, 0x97, 0xCE, 0x6D, 0x3A,
    0x0E, 0x1A, 0x0E, 0x12, 0x0F, 0x0A, 0x0F, 0x0A, 0xEE, 0x01, 0xEE, 0x09, 0x0C, 0x1A, 0xA8, 0x11,
    0x86, 0x09, 0x45, 0x09, 0x65, 0x09, 0x44, 0x09, 0x24, 0x09, 0x04, 0x01, 0x04, 0x01, 0x04, 0x09,
    0xE4, 0x00, 0xE4, 0x00, 0xA3, 0x00, 0xA3, 0x00, 0xC3, 0x00, 0xA3, 0x00, 0x45, 0x09, 0xA5, 0x11,
    0x43, 0x01, 0x23, 0x01, 0x23, 0x01, 0x02, 0x01, 0x02, 0x01, 0x02, 0x01, 0x02, 0x01, 0xE2, 0x00,
    0xE2, 0x00, 0xC1, 0x00, 0xA1, 0x00, 0xA1, 0x00, 0xA2, 0x00, 0x82, 0x00, 0x82, 0x00, 0x61, 0x00,
    0x61, 0x00, 0x82, 0x00, 0x61, 0x00, 0x02, 0x09, 0xC3, 0x21, 0x82, 0x19, 0xA3, 0x21, 0xA3, 0x21,
    0x62, 0x19, 0x42, 0x11, 0x42, 0x11, 0x22, 0x11, 0x02, 0x09, 0x87, 0x19, 0x4C, 0x32, 0x29, 0x2A,
    0xE5, 0x21, 0xE4, 0x21, 0xE4, 0x21, 0xC3, 0x21, 0xC3, 0x21, 0xA3, 0x19, 0xA3, 0x19, 0xA3, 0x19,
    0x83, 0x19, 0x62, 0x11, 0x43, 0x09, 0x24, 0x09, 0x88, 0x11, 0xAB, 0x11, 0xAB, 0x11, 0xAB, 0x19,
    0x8E, 0x3A, 0xAE, 0x3A, 0xAF, 0x3A, 0xCF, 0x42, 0xC8, 0x21, 0xE2, 0x00, 0x02, 0x01, 0x03, 0x01,
    0x2A, 0x2A, 0x30, 0x4B, 0xEF, 0x42, 0x45, 0x11, 0xA1, 0x00, 0xE1, 0x08, 0xE2, 0x08, 0xC1, 0x08,
    0x80, 0x00, 0xE2, 0x08, 0x84, 0x19, 0x62, 0x11, 0x42, 0x11, 0x42, 0x11, 0x83, 0x19, 0x82, 0x19,
    0xC3, 0x21, 0x03, 0x2A, 0x23, 0x2A, 0x64, 0x32, 0x64, 0x32, 0xA5, 0x3A, 0xC5, 0x3A, 0x64, 0x32,
    0x64, 0x32, 0xC6, 0x42, 0xC7, 0x3A, 0xE4, 0x19, 0x07, 0x22, 0xCC, 0x3A, 0x10, 0x43, 0x10, 0x43,
    0x11, 0x43, 0x10, 0x43, 0x11, 0x43, 0x31, 0x43, 0x31, 0x43, 0x31, 0x43, 0x31, 0x43, 0x31, 0x43,
    0x31, 0x43, 0x32, 0x43, 0x52, 0x43, 0x52, 0x43, 0x52, 0x43, 0x52, 0x43, 0x52, 0x43, 0x72, 0x3B,
    0x53, 0x3B, 0x53, 0x3B, 0x53, 0x3B, 0x53, 0x3B, 0x53, 0x3B, 0x53, 0x3B, 0x53, 0x3B, 0x53, 0x3B,
    0x53, 0x3B, 0x53, 0x3B, 0x73, 0x3B, 0x73, 0x3B, 0x53, 0x3B, 0x53, 0x3B, 0x53, 0x3B, 0x53, 0x3B,
    0x73, 0x3B, 0x74, 0x3B, 0x54, 0x3B, 0x73, 0x3B, 0x73, 0x3B, 0x53, 0x3B, 0x53, 0x3B, 0x54, 0x3B,
    0x54, 0x3B, 0x74, 0x3B, 0x74, 0x3B, 0x73, 0x3B, 0x53, 0x3B, 0x33, 0x33, 0x32, 0x33, 0xB4, 0x43,
    0x16, 0x54, 0x76, 0x5C, 0x76, 0x5C, 0x76, 0x5C, 0x76, 0x5C, 0x76, 0x5C, 0x56, 0x5C, 0x76, 0x5C,
    0x77, 0x64, 0x55, 0x6C, 0x54, 0x74, 0x55, 0x74, 0xAD, 0x6A, 0xAC, 0x9A, 0x8F, 0xC3, 0x4F, 0xAB,
    0xAD, 0x82, 0x09, 0x82, 0x8B, 0xA2, 0xAC, 0xAA, 0x4A, 0x9A, 0x8C, 0x82, 0x13, 0x7C, 0x34, 0x64,
    0x34, 0x64, 0x35, 0x64, 0x34, 0x6C, 0xEF, 0x6A, 0x0B, 0x62, 0xEA, 0x59, 0xC9, 0x59, 0xC9, 0x51,
    0xA8, 0x59, 0xA9, 0x59, 0xC8, 0x61, 0xE9, 0x69, 0xE9, 0x71, 0x09, 0x7A, 0x09, 0x82, 0x2A, 0x82,
    0x29, 0x82, 0x4A, 0x8A, 0x8B, 0x92, 0x4A, 0x8A, 0xAB, 0x92, 0x8A, 0x92, 0x8A, 0x92, 0xAA, 0x92,
    0xCB, 0x9A, 0xAB, 0x9A, 0xCB, 0x9A, 0xEB, 0x9A, 0xAA, 0x92, 0x8A, 0x92, 0x6A, 0x8A, 0x08, 0x7A,
    0xE7, 0x71, 0xA7, 0x61, 0x41, 0x18, 0x00, 0x08, 0x00, 0x08, 0x00, 0x10, 0x00, 0x10, 0x00, 0x10,
    0x00, 0x10, 0x00, 0x08, 0x00, 0x08, 0x00, 0x00, 0x00, 0x00, 0x20, 0x08, 0x61, 0x18, 0x41, 0x18,
    0x00, 0x00, 0x00, 0x00, 0x00, 0x08, 0x00, 0x08, 0x00, 0x10, 0x00, 0x10, 0x00, 0x08, 0x00, 0x08,
    0x00, 0x08, 0x00, 0x00, 0x41, 0x20, 0x89, 0x92, 0x2B, 0xB3, 0x2C, 0xB3, 0x4C, 0xB3, 0x8D, 0xBB,
    0x8D, 0xBB, 0xAD, 0xC3, 0xAD, 0xC3, 0xAD, 0xC3, 0x8D, 0xC3, 0xAD, 0xCB, 0x8D, 0xCB, 0x8D, 0xCB,
    0xAD, 0xCB, 0x8D, 0xD3, 0x8D, 0xCB, 0x8D, 0xCB, 0xAD, 0xD3, 0x8D, 0xCB, 0xAE, 0xD3, 0xAE, 0xD3,
    0x6D, 0xCB, 0x8D, 0xCB, 0x8D, 0xCB, 0x6D, 0xC3, 0xAE, 0xCB, 0x8D, 0xC3, 0x6D, 0xC3, 0x8D, 0xC3,
    0x8D, 0xBB, 0xAE, 0xC3, 0xAE, 0xC3, 0x31, 0xC4, 0x10, 0x53, 0x30, 0x02, 0xB2, 0x02, 0x91, 0x02,
    0x70, 0x02, 0xED, 0x19, 0xAC, 0x92, 0x0B, 0xC3, 0x0E, 0xDC, 0x30, 0xD4, 0xEF, 0xCB, 0xCD, 0xD3,
    0xEE, 0xDB, 0x0F, 0xDC, 0x30, 0xDC, 0x51, 0xE4, 0x71, 0xE4, 0x71, 0xE4, 0x0F, 0xDC, 0x4C, 0xC3,
    0x2C, 0xBB, 0x10, 0xD4, 0x30, 0xCC, 0xD1, 0x93, 0xD3, 0x63, 0xF3, 0x5B, 0xB4, 0x53, 0x70, 0x12,
    0x30, 0x02, 0x50, 0x02, 0x50, 0x02, 0x50, 0x02, 0x50, 0x02, 0x50, 0x02, 0x30, 0x02, 0x2F, 0x02,
    0x2F, 0x02, 0x2F, 0x0A, 0x2F, 0x12, 0x2E, 0x22, 0x8D, 0x3A, 0x76, 0xA5, 0x4E, 0x5B, 0x0D, 0x22,
    0x2F, 0x1A, 0x0F, 0x0A, 0x0F, 0x0A, 0x0E, 0x0A, 0xEE, 0x09, 0xEE, 0x09, 0xEC, 0x11, 0xA8, 0x11,
    0x66, 0x11, 0x65, 0x09, 0x66, 0x09, 0x45, 0x01, 0x24, 0x01, 0x04, 0x01, 0xE4, 0x00, 0xE4, 0x00,
    0xC4, 0x00, 0xC3, 0x00, 0xA3, 0x00, 0xA3, 0x00, 0xA3, 0x00, 0xA3, 0x00, 0x04, 0x01, 0x85, 0x09,
    0x43, 0x01, 0x03, 0x01, 0x03, 0x01, 0x02, 0x01, 0xE2, 0x00, 0xE2, 0x00, 0xE2, 0x00, 0xC2, 0x00,
    0xC1, 0x00, 0xC1, 0x00, 0xC2, 0x00, 0xA2, 0x00, 0xA2, 0x00, 0x82, 0x00, 0x82, 0x00, 0x61, 0x00,
    0x61, 0x00, 0x41, 0x00, 0xA1, 0x00, 0x22, 0x11, 0xC3, 0x21, 0x24, 0x32, 0x85, 0x3A, 0xA6, 0x3A,
    0x86, 0x3A, 0x66, 0x3A, 0x45, 0x32, 0xE4, 0x29, 0x21, 0x11, 0x24, 0x09, 0x09, 0x2A, 0x27, 0x2A,
    0xE5, 0x21, 0x05, 0x2A, 0x05, 0x2A, 0xE4, 0x21, 0xE3, 0x21, 0xC3, 0x21, 0xC3, 0x19, 0xC4, 0x21,
    0xA3, 0x19, 0x62, 0x11, 0x43, 0x09, 0x23, 0x09, 0x44, 0x09, 0xA9, 0x11, 0xAC, 0x19, 0xAB, 0x19,
    0x8E, 0x32, 0xAE, 0x32, 0xAF, 0x3A, 0xCF, 0x3A, 0xA8, 0x19, 0xE2, 0x00, 0x22, 0x01, 0x02, 0x01,
    0xA6, 0x11, 0xEF, 0x42, 0xCE, 0x42, 0x25, 0x09, 0xC1, 0x00, 0xC1, 0x08, 0xC1, 0x08, 0xA1, 0x00,
    0x80, 0x00, 0xC1, 0x00, 0x43, 0x11, 0x22, 0x11, 0x21, 0x09, 0x22, 0x11, 0x42, 0x11, 0x83, 0x19,
    0xC3, 0x21, 0xE3, 0x29, 0x24, 0x2A, 0x64, 0x32, 0x64, 0x32, 0xA5, 0x3A, 0xC5, 0x3A, 0x43, 0x32,
    0x23, 0x32, 0x84, 0x3A, 0x27, 0x4B, 0x25, 0x2A, 0x63, 0x11, 0x49, 0x2A, 0xEF, 0x3A, 0xF0, 0x3A,
    0xF0, 0x3A, 0xF0, 0x3A, 0x10, 0x3B, 0x11, 0x3B, 0x11, 0x3B, 0x11, 0x3B, 0x31, 0x3B, 0x31, 0x3B,
    0x32, 0x3B, 0x32, 0x3B, 0x32, 0x3B, 0x32, 0x3B, 0x52, 0x3B, 0x52, 0x3B, 0x53, 0x3B, 0x52, 0x3B,
    0x53, 0x3B, 0x53, 0x3B, 0x53, 0x3B, 0x53, 0x3B, 0x53, 0x3B, 0x53, 0x3B, 0x53, 0x3B, 0x53, 0x3B,
    0x73, 0x3B, 0x73, 0x3B, 0x73, 0x3B, 0x73, 0x3B, 0x53, 0x3B, 0x53, 0x3B, 0x73, 0x3B, 0x73, 0x3B,
    0x73, 0x3B, 0x74, 0x3B, 0x74, 0x3B, 0x73, 0x3B, 0x73, 0x3B, 0x73, 0x3B, 0x73, 0x3B, 0x73, 0x3B,
    0x74, 0x3B, 0x74, 0x3B, 0x74, 0x3B, 0x73, 0x3B, 0x73, 0x3B, 0x73, 0x3B, 0x53, 0x3B, 0x73, 0x3B,
    0xB4, 0x43, 0x36, 0x54, 0x77, 0x5C, 0x97, 0x5C, 0x76, 0x5C, 0x77, 0x5C, 0x77, 0x5C, 0x97, 0x5C,
    0x76, 0x64, 0x91, 0x7B, 0x11, 0xAC, 0x53, 0x9C, 0xCD, 0x72, 0x2A, 0x82, 0x4D, 0xC3, 0x8E, 0xCB,
    0x09, 0x92, 0x2A, 0x9A, 0xAB, 0xAA, 0xCC, 0xB2, 0x6A, 0x9A, 0x2A, 0x82, 0xB2, 0x7B, 0x56, 0x6C,
    0x35, 0x64, 0x36, 0x64, 0x55, 0x6C, 0x0F, 0x6B, 0x0B, 0x62, 0xCA, 0x59, 0xC9, 0x51, 0xC9, 0x51,
    0xC9, 0x59, 0xC9, 0x59, 0xC9, 0x61, 0xC8, 0x61, 0xE9, 0x69, 0xE9, 0x71, 0x09, 0x7A, 0x2A, 0x82,
    0x09, 0x7A, 0x09, 0x82, 0x6A, 0x8A, 0x8A, 0x8A, 0x8A, 0x92, 0xCB, 0x9A, 0xAB, 0x92, 0x8A, 0x92,
    0x8A, 0x92, 0xAB, 0x9A, 0xCB, 0x9A, 0x8A, 0x92, 0xAA, 0x92, 0xAA, 0x92, 0x8A, 0x92, 0x29, 0x82,
    0x08, 0x7A, 0x69, 0x82, 0xE4, 0x40, 0x00, 0x08, 0x00, 0x08, 0x00, 0x10, 0x00, 0x10, 0x00, 0x08,
    0x00, 0x08, 0x00, 0x08, 0x00, 0x08, 0x00, 0x00, 0x00, 0x08, 0x00, 0x08, 0x00, 0x08, 0x00, 0x00,
    0x00, 0x08, 0x00, 0x08, 0x00, 0x08, 0x00, 0x08, 0x00, 0x08, 0x00, 0x08, 0x00, 0x08, 0x00, 0x08,
    0x00, 0x08, 0x00, 0x00, 0x24, 0x49, 0x4C, 0xB3, 0x4C, 0xBB, 0x4C, 0xB3, 0x6C, 0xB3, 0x8D, 0xBB,
    0x8C, 0xBB, 0x8C, 0xBB, 0xAD, 0xC3, 0xCD, 0xC3, 0xAD, 0xC3, 0x8C, 0xC3, 0x8C, 0xC3, 0xCE, 0xD3,
    0xCD, 0xD3, 0x8D, 0xCB, 0x8D, 0xD3, 0x8D, 0xCB, 0x8D, 0xCB, 0xAD, 0xD3, 0x8D, 0xCB, 0x8D, 0xCB,
    0x8D, 0xCB, 0x8D, 0xCB, 0x6D, 0xC3, 0x8D, 0xC3, 0x6D, 0xC3, 0x6D, 0xBB, 0x6C, 0xBB, 0x6D, 0xBB,
    0x6D, 0xBB, 0xAE, 0xC3, 0xAD, 0xBB, 0xF0, 0xBB, 0xEF, 0x52, 0xB1, 0x0A, 0x91, 0x02, 0x91, 0x02,
    0x50, 0x02, 0x0D, 0x2A, 0x6B, 0x8A, 0xA9, 0xBA, 0x8C, 0xD3, 0xEE, 0xE3, 0x2F, 0xE4, 0xEE, 0xDB,
    0xEE, 0xDB, 0x0F, 0xDC, 0x0F, 0xDC, 0x0F, 0xDC, 0x0F, 0xDC, 0x0F, 0xDC, 0x50, 0xE4, 0x50, 0xE4,
    0xEE, 0xD3, 0x0F, 0xDC, 0xAD, 0xC3, 0x8F, 0x9B, 0xB2, 0x63, 0xB2, 0x5B, 0xF4, 0x63, 0x32, 0x33,
    0x30, 0x02, 0x70, 0x02, 0x50, 0x02, 0x50, 0x02, 0x50, 0x02, 0x50, 0x02, 0x50, 0x02, 0x50, 0x02,
    0x30, 0x02, 0x30, 0x0A, 0x2F, 0x0A, 0x30, 0x12, 0x0F, 0x1A, 0x0D, 0x22, 0xED, 0x19, 0x2F, 0x1A,
    0x2F, 0x12, 0x0F, 0x0A, 0x0F, 0x0A, 0x0E, 0x0A, 0x0F, 0x0A, 0xEE, 0x09, 0xCD, 0x11, 0x89, 0x11,
    0x86, 0x11, 0x45, 0x09, 0x66, 0x09, 0x66, 0x09, 0x25, 0x01, 0x04, 0x01, 0xE4, 0x00, 0xC3, 0x00,
    0xC3, 0x00, 0xA3, 0x00, 0xA3, 0x00, 0xA2, 0x00, 0xA3, 0x00, 0xA3, 0x00, 0xC3, 0x00, 0x24, 0x01,
    0x43, 0x01, 0x23, 0x01, 0x03, 0x01, 0xE2, 0x00, 0xE2, 0x00, 0xE2, 0x00, 0xE2, 0x00, 0xE2, 0x00,
    0xC2, 0x00, 0xC2, 0x00, 0xA2, 0x00, 0xA2, 0x00, 0x82, 0x00, 0x81, 0x00, 0x61, 0x00, 0x41, 0x00,
    0x60, 0x00, 0x84, 0x21, 0x46, 0x32, 0x65, 0x3A, 0x86, 0x42, 0xC6, 0x4A, 0xC6, 0x4A, 0xA6, 0x42,
    0x85, 0x3A, 0x65, 0x3A, 0x65, 0x3A, 0x66, 0x3A, 0x25, 0x32, 0x63, 0x19, 0x65, 0x19, 0x06, 0x2A,
    0x25, 0x2A, 0x25, 0x2A, 0x04, 0x2A, 0x04, 0x22, 0xE4, 0x21, 0xE4, 0x21, 0xE4, 0x21, 0xC3, 0x19,
    0x83, 0x19, 0x62, 0x11, 0x43, 0x09, 0x23, 0x09, 0x23, 0x01, 0x46, 0x09, 0xAB, 0x19, 0xCC, 0x11,
    0x8E, 0x32, 0xAE, 0x32, 0xAF, 0x32, 0xAF, 0x3A, 0xA7, 0x19, 0x02, 0x01, 0x42, 0x09, 0x43, 0x09,
    0x44, 0x09, 0x29, 0x2A, 0x2A, 0x2A, 0x04, 0x09, 0x02, 0x09, 0x42, 0x11, 0x63, 0x11, 0xA4, 0x11,
    0xC5, 0x19, 0xE5, 0x19, 0x05, 0x22, 0xE4, 0x19, 0xE4, 0x21, 0x05, 0x22, 0x83, 0x19, 0x42, 0x11,
    0x83, 0x19, 0xA3, 0x21, 0xE3, 0x21, 0x23, 0x2A, 0x23, 0x2A, 0x44, 0x2A, 0x84, 0x3A, 0xA4, 0x3A,
    0x43, 0x32, 0x64, 0x32, 0x27, 0x4B, 0x66, 0x32, 0x63, 0x11, 0x07, 0x22, 0xAE, 0x32, 0xF0, 0x3A,
    0xF0, 0x3A, 0xF0, 0x3A, 0xF0, 0x3A, 0xF1, 0x3A, 0xF1, 0x3A, 0x11, 0x3B, 0x11, 0x3B, 0x11, 0x3B,
    0x11, 0x33, 0x11, 0x3B, 0x32, 0x3B, 0x32, 0x3B, 0x32, 0x3B, 0x32, 0x3B, 0x33, 0x3B, 0x53, 0x3B,
    0x53, 0x3B, 0x53, 0x3B, 0x53, 0x3B, 0x53, 0x3B, 0x53, 0x3B, 0x53, 0x3B, 0x53, 0x3B, 0x53, 0x3B,
    0x73, 0x3B, 0x73, 0x3B, 0x73, 0x3B, 0x73, 0x3B, 0x74, 0x3B, 0x53, 0x3B, 0x73, 0x3B, 0x73, 0x3B,
    0x73, 0x3B, 0x74, 0x3B, 0x74, 0x3B, 0x74, 0x3B, 0x74, 0x3B, 0x74, 0x3B, 0x74, 0x3B, 0x74, 0x3B,
    0x73, 0x3B, 0x73, 0x3B, 0x73, 0x3B, 0x73, 0x3B, 0x73, 0x3B, 0x73, 0x3B, 0x73, 0x3B, 0x73, 0x3B,
    0x93, 0x3B, 0xB4, 0x43, 0x15, 0x4C, 0x76, 0x54, 0x96, 0x5C, 0x97, 0x5C, 0x97, 0x5C, 0x98, 0x64,
    0x76, 0x6C, 0xAD, 0x72, 0x0D, 0xAB, 0xB0, 0xAB, 0xAD, 0x82, 0x2A, 0x8A, 0x0D, 0xBB, 0x8F, 0xCB,
    0x0D, 0xB3, 0xEC, 0xB2, 0xEC, 0xB2, 0xAB, 0xAA, 0x29, 0x9A, 0x09, 0x82, 0x91, 0x83, 0x55, 0x6C,
    0x55, 0x64, 0x36, 0x5C, 0x56, 0x64, 0x30, 0x6B, 0xEA, 0x61, 0xEA, 0x59, 0xC9, 0x51, 0xC9, 0x51,
    0xA9, 0x51, 0xA8, 0x51, 0xC9, 0x59, 0xC8, 0x61, 0xE9, 0x69, 0xE9, 0x71, 0x09, 0x72, 0x09, 0x7A,
    0x09, 0x7A, 0x49, 0x82, 0x29, 0x7A, 0x49, 0x82, 0x6A, 0x8A, 0x6A, 0x8A, 0xAB, 0x92, 0xAB, 0x92,
    0xAB, 0x92, 0xAB, 0x92, 0xAA, 0x92, 0x8A, 0x92, 0xAA, 0x92, 0xCB, 0x9A, 0xAA, 0x92, 0x8A, 0x8A,
    0x49, 0x82, 0x8A, 0x8A, 0x08, 0x7A, 0x20, 0x18, 0x00, 0x08, 0x00, 0x10, 0x00, 0x08, 0x00, 0x08,
    0x00, 0x08, 0x00, 0x08, 0x00, 0x08, 0x00, 0x00, 0x00, 0x08, 0x00, 0x08, 0x00, 0x08, 0x00, 0x08,
    0x00, 0x08, 0x00, 0x08, 0x00, 0x08, 0x00, 0x00, 0x00, 0x00, 0x00, 0x08, 0x00, 0x08, 0x00, 0x08,
    0x00, 0x08, 0x40, 0x18, 0x0B, 0x93, 0xAE, 0xBB, 0x8D, 0xBB, 0xAD, 0xBB, 0x8D, 0xBB, 0x8C, 0xBB,
    0x6C, 0xBB, 0x8C, 0xBB, 0x8C, 0xBB, 0x8C, 0xBB, 0xCD, 0xC3, 0x8D, 0xC3, 0x8C, 0xC3, 0xAD, 0xCB,
    0xAD, 0xCB, 0x8D, 0xCB, 0x6D, 0xCB, 0x8D, 0xCB, 0x8D, 0xCB, 0x6C, 0xC3, 0x8D, 0xCB, 0x6C, 0xC3,
    0x6C, 0xC3, 0x4C, 0xC3, 0x4C, 0xC3, 0x6C, 0xC3, 0x6C, 0xBB, 0x4C, 0xBB, 0x4C, 0xB3, 0x6D, 0xBB,
    0x6D, 0xBB, 0x8D, 0xBB, 0x8D, 0xBB, 0xF0, 0xB3, 0x34, 0x7C, 0xF5, 0x43, 0x12, 0x23, 0x33, 0x23,
    0x93, 0x33, 0xF0, 0x4A, 0x4A, 0x8A, 0xA9, 0xBA, 0x6C, 0xD3, 0xCD, 0xDB, 0x0E, 0xDC, 0xEF, 0xDB,
    0xEF, 0xDB, 0xEF, 0xDB, 0xEF, 0xDB, 0xEF, 0xDB, 0xEE, 0xDB, 0xEE, 0xD3, 0xCE, 0xD3, 0x0F, 0xDC,
    0x50, 0xE4, 0x2F, 0xDC, 0x6D, 0xC3, 0x4E, 0x93, 0x91, 0x63, 0xB2, 0x53, 0xF3, 0x5B, 0x73, 0x43,
    0x70, 0x0A, 0x71, 0x02, 0x71, 0x02, 0x70, 0x02, 0x71, 0x02, 0x70, 0x02, 0x50, 0x02, 0x50, 0x02,
    0x50, 0x02, 0x50, 0x02, 0x50, 0x0A, 0x2F, 0x12, 0x4F, 0x1A, 0x4F, 0x1A, 0x4F, 0x1A, 0x2F, 0x12,
    0x2F, 0x0A, 0x2F, 0x0A, 0x2F, 0x0A, 0x0F, 0x02, 0x2F, 0x02, 0x0F, 0x02, 0xEE, 0x09, 0xA9, 0x11,
    0x86, 0x09, 0x46, 0x09, 0xC8, 0x11, 0xA6, 0x11, 0x45, 0x09, 0x24, 0x01, 0xE3, 0x00, 0xC3, 0x00,
    0xC3, 0x00, 0xC3, 0x00, 0xA3, 0x00, 0xA2, 0x00, 0xA3, 0x00, 0x82, 0x00, 0x62, 0x00, 0xE3, 0x00,
    0x23, 0x01, 0x23, 0x01, 0x03, 0x01, 0xE2, 0x00, 0xE2, 0x00, 0xE2, 0x00, 0xE2, 0x00, 0xC2, 0x00,
    0xC2, 0x00, 0xA2, 0x00, 0xA2, 0x00, 0x82, 0x00, 0x82, 0x00, 0x81, 0x00, 0x61, 0x00, 0x81, 0x00,
    0x05, 0x32, 0xE7, 0x4A, 0xC6, 0x4A, 0xA6, 0x42, 0xA5, 0x42, 0x85, 0x42, 0x64, 0x3A, 0x44, 0x32,
    0x23, 0x2A, 0xE3, 0x21, 0xE3, 0x21, 0xE3, 0x29, 0x04, 0x2A, 0x05, 0x32, 0x05, 0x32, 0x45, 0x32,
    0x45, 0x2A, 0x25, 0x2A, 0x04, 0x22, 0x04, 0x22, 0x04, 0x22, 0xE4, 0x21, 0xC3, 0x21, 0xA3, 0x19,
    0x82, 0x19, 0x62, 0x11, 0x42, 0x09, 0x02, 0x09, 0x02, 0x09, 0xE4, 0x00, 0x89, 0x11, 0xEC, 0x19,
    0x8E, 0x32, 0x8E, 0x32, 0xAF, 0x3A, 0x8D, 0x32, 0x66, 0x09, 0x02, 0x01, 0x22, 0x01, 0x22, 0x09,
    0x43, 0x09, 0x84, 0x11, 0x84, 0x11, 0x23, 0x01, 0xA5, 0x19, 0x06, 0x22, 0x66, 0x22, 0x87, 0x2A,
    0x87, 0x2A, 0xA8, 0x2A, 0xC8, 0x32, 0xC8, 0x32, 0xE8, 0x32, 0x09, 0x3B, 0xE8, 0x3A, 0xE4, 0x21,
    0x21, 0x09, 0x62, 0x19, 0xA3, 0x21, 0xC3, 0x21, 0x03, 0x2A, 0x44, 0x32, 0x64, 0x32, 0x84, 0x32,
    0x84, 0x32, 0x84, 0x32, 0x07, 0x4B, 0x46, 0x32, 0x63, 0x11, 0xC6, 0x19, 0x6B, 0x2A, 0xEF, 0x32,
    0xD0, 0x32, 0xD0, 0x32, 0xD1, 0x32, 0xF1, 0x32, 0xF1, 0x32, 0xF1, 0x32, 0x11, 0x33, 0x11, 0x33,
    0x11, 0x33, 0x11, 0x33, 0x11, 0x33, 0x12, 0x33, 0x32, 0x33, 0x32, 0x3B, 0x32, 0x3B, 0xF0, 0x3A,
    0x10, 0x3B, 0x53, 0x3B, 0x53, 0x3B, 0x73, 0x3B, 0x53, 0x3B, 0x53, 0x3B, 0x53, 0x3B, 0x73, 0x3B,
    0x73, 0x3B, 0x73, 0x3B, 0x73, 0x3B, 0x73, 0x3B, 0x73, 0x3B, 0x73, 0x3B, 0x73, 0x3B, 0x73, 0x3B,
    0x73, 0x3B, 0x74, 0x3B, 0x74, 0x3B, 0x74, 0x43, 0x74, 0x3B, 0x74, 0x3B, 0x74, 0x3B, 0x74, 0x3B,
    0x74, 0x3B, 0x74, 0x3B, 0x74, 0x3B, 0x94, 0x3B, 0x94, 0x3B, 0x94, 0x3B, 0x94, 0x3B, 0x94, 0x3B,
    0x94, 0x3B, 0xB4, 0x43, 0xB4, 0x43, 0xD4, 0x43, 0x35, 0x54, 0x56, 0x54, 0x57, 0x54, 0x77, 0x54,
    0x56, 0x5C, 0x8D, 0x5A, 0x2A, 0x82, 0x6F, 0xB3, 0x0E, 0xA3, 0x8C, 0x9A, 0x0D, 0xAB, 0x6E, 0xBB,
    0xCF, 0xCB, 0x8E, 0xC3, 0x0C, 0xB3, 0x6A, 0xA2, 0xE8, 0x99, 0xC8, 0x89, 0xED, 0x82, 0x91, 0x7B,
    0x4F, 0x73, 0xD3, 0x6B, 0x56, 0x64, 0x31, 0x63, 0xEA, 0x59, 0xEA, 0x59, 0xC9, 0x51, 0xC9, 0x51,
    0xA8, 0x51, 0xA8, 0x51, 0xA8, 0x51, 0xC8, 0x59, 0xE9, 0x61, 0xC8, 0x61, 0x09, 0x72, 0x09, 0x72,
    0x09, 0x72, 0x29, 0x7A, 0x4A, 0x82, 0x6A, 0x82, 0x6A, 0x8A, 0x6A, 0x8A, 0x4A, 0x82, 0x6A, 0x8A,
    0xAB, 0x92, 0xAB, 0x92, 0xAB, 0x92, 0xEB, 0x9A, 0x8A, 0x92, 0xCB, 0x9A, 0xEB, 0x9A, 0xAA, 0x92,
    0xAA, 0x92, 0x49, 0x8A, 0x8A, 0x92, 0xE3, 0x40, 0x00, 0x08, 0x00, 0x08, 0x00, 0x08, 0x00, 0x08,
    0x00, 0x08, 0x00, 0x00, 0x00, 0x00, 0x00, 0x00, 0x00, 0x08, 0x00, 0x08, 0x00, 0x08, 0x00, 0x08,
    0x00, 0x10, 0x00, 0x10, 0x00, 0x08, 0x00, 0x08, 0x00, 0x00, 0x00, 0x00, 0x00, 0x08, 0x00, 0x08,
    0x00, 0x00, 0x85, 0x51, 0x0F, 0xC4, 0xAD, 0xC3, 0xAD, 0xBB, 0x8D, 0xB3, 0x6D, 0xB3, 0x6C, 0xB3,
    0x8C, 0xBB, 0x8C, 0xBB, 0x8D, 0xBB, 0x6C, 0xBB, 0xAD, 0xC3, 0xAD, 0xC3, 0x8D, 0xC3, 0x8C, 0xC3,
    0x8D, 0xC3, 0x8D, 0xCB, 0x4C, 0xC3, 0xAE, 0xCB, 0x6C, 0xC3, 0x2B, 0xBB, 0x4C, 0xBB, 0x6C, 0xC3,
    0x6C, 0xC3, 0x6C, 0xC3, 0x4C, 0xBB, 0x2B, 0xB3, 0x2C, 0xB3, 0x2C, 0xB3, 0x6C, 0xBB, 0x4C, 0xB3,
    0x6C, 0xBB, 0x4C, 0xB3, 0x8D, 0xBB, 0xF0, 0xA3, 0x75, 0x7C, 0x97, 0x6C, 0x55, 0x5C, 0x55, 0x64,
    0x96, 0x6C, 0x33, 0x7C, 0x49, 0x82, 0x88, 0xB2, 0xEB, 0xCA, 0x6D, 0xD3, 0xCE, 0xDB, 0xCE, 0xDB,
    0xCE, 0xDB, 0xCE, 0xDB, 0xCE, 0xD3, 0xAE, 0xD3, 0xCE, 0xD3, 0xAE, 0xD3, 0xAE, 0xD3, 0x8D, 0xCB,
    0xEF, 0xDB, 0xEE, 0xD3, 0x2C, 0xB3, 0x0E, 0x7B, 0x91, 0x5B, 0xB2, 0x53, 0xB2, 0x5B, 0x52, 0x43,
    0x2F, 0x0A, 0x50, 0x02, 0x71, 0x02, 0x71, 0x02, 0x70, 0x02, 0x70, 0x02, 0x70, 0x02, 0x50, 0x02,
    0x50, 0x02, 0x51, 0x02, 0x30, 0x02, 0x8F, 0x1A, 0xEE, 0x2A, 0xAC, 0x22, 0x8D, 0x22, 0x6E, 0x1A,
    0x4F, 0x0A, 0x30, 0x02, 0x30, 0x02, 0x30, 0x02, 0x30, 0x02, 0x0F, 0x02, 0x2D, 0x12, 0xC9, 0x11,
    0xA7, 0x11, 0xC8, 0x11, 0xE8, 0x11, 0xA6, 0x09, 0x44, 0x01, 0x03, 0x01, 0x03, 0x01, 0xE3, 0x00,
    0xC3, 0x00, 0xC3, 0x00, 0x83, 0x00, 0x62, 0x00, 0x81, 0x00, 0x03, 0x11, 0xE3, 0x08, 0xC2, 0x00,
    0xE2, 0x00, 0x03, 0x01, 0x03, 0x01, 0xE2, 0x00, 0xE2, 0x00, 0xE2, 0x00, 0xE2, 0x00, 0xC2, 0x00,
    0xA2, 0x00, 0xA1, 0x00, 0x82, 0x00, 0x82, 0x00, 0x81, 0x00, 0x82, 0x00, 0x60, 0x00, 0xC4, 0x21,
    0xE7, 0x4A, 0x85, 0x42, 0x64, 0x3A, 0x64, 0x3A, 0x64, 0x3A, 0x44, 0x3A, 0x43, 0x3A, 0x23, 0x32,
    0x03, 0x2A, 0xE2, 0x21, 0xC2, 0x21, 0xA2, 0x21, 0xC3, 0x21, 0x24, 0x32, 0xA5, 0x3A, 0x85, 0x3A,
    0x24, 0x2A, 0x04, 0x22, 0xE4, 0x21, 0xE3, 0x21, 0xC3, 0x21, 0xC3, 0x21, 0xA3, 0x19, 0x82, 0x19,
    0x62, 0x11, 0x42, 0x11, 0x42, 0x09, 0x02, 0x09, 0x02, 0x09, 0xE3, 0x00, 0x26, 0x01, 0x0C, 0x1A,
    0x8F, 0x2A, 0x8F, 0x32, 0xAE, 0x32, 0xA8, 0x19, 0xE3, 0x00, 0x02, 0x01, 0x02, 0x01, 0x22, 0x01,
    0x22, 0x01, 0x42, 0x09, 0x83, 0x11, 0xE5, 0x19, 0x26, 0x22, 0x06, 0x1A, 0x25, 0x1A, 0x26, 0x22,
    0x05, 0x1A, 0x05, 0x1A, 0x05, 0x1A, 0x25, 0x22, 0x66, 0x22, 0xA7, 0x2A, 0xE8, 0x32, 0xC7, 0x32,
    0x04, 0x22, 0x41, 0x11, 0x82, 0x19, 0xA3, 0x21, 0xE3, 0x21, 0x23, 0x2A, 0x44, 0x32, 0x84, 0x32,
    0xA4, 0x32, 0x84, 0x3A, 0xE6, 0x42, 0x05, 0x2A, 0x43, 0x11, 0xA4, 0x11, 0x28, 0x22, 0xAD, 0x32,
    0xCF, 0x32, 0xD0, 0x32, 0xD1, 0x32, 0xD1, 0x32, 0xF1, 0x32, 0xF1, 0x32, 0xF1, 0x32, 0xF1, 0x32,
    0xF1, 0x32, 0x11, 0x33, 0x12, 0x33, 0x11, 0x33, 0x12, 0x33, 0x12, 0x3B, 0xAE, 0x32, 0xA7, 0x11,
    0x28, 0x2A, 0x10, 0x3B, 0x73, 0x3B, 0x53, 0x3B, 0x53, 0x3B, 0x53, 0x3B, 0x53, 0x3B, 0x53, 0x3B,
    0x73, 0x3B, 0x73, 0x3B, 0x73, 0x3B, 0x73, 0x3B, 0x73, 0x3B, 0x73, 0x3B, 0x73, 0x3B, 0x74, 0x3B,
    0x74, 0x3B, 0x74, 0x3B, 0x74, 0x3B, 0x74, 0x43, 0x74, 0x43, 0x74, 0x43, 0x74, 0x43, 0x94, 0x43,
    0x94, 0x3B, 0x94, 0x3B, 0x94, 0x3B, 0x94, 0x43, 0x94, 0x43, 0xB4, 0x43, 0x94, 0x3B, 0x94, 0x3B,
    0xB4, 0x43, 0xB4, 0x43, 0xB4, 0x43, 0xB4, 0x43, 0xD4, 0x43, 0xD5, 0x43, 0xD5, 0x43, 0xD5, 0x3B,
    0x15, 0x4C, 0x10, 0x53, 0xA9, 0x59, 0x8C, 0x9A, 0xAC, 0x9A, 0x4B, 0x92, 0x6A, 0x92, 0xEB, 0xA2,
    0x6D, 0xBB, 0x8E, 0xC3, 0x4C, 0xBB, 0x6A, 0xAA, 0x09, 0x9A, 0x09, 0x92, 0x09, 0x82, 0x6B, 0x8A,
    0x09, 0x7A, 0x6C, 0x62, 0x35, 0x64, 0x72, 0x5B, 0xEB, 0x51, 0xCA, 0x59, 0xA9, 0x51, 0x88, 0x49,
    0xA8, 0x49, 0xA8, 0x49, 0xA8, 0x49, 0xA8, 0x51, 0xA8, 0x59, 0xC8, 0x59, 0xC8, 0x61, 0x09, 0x6A,
    0xE8, 0x69, 0xE8, 0x69, 0x09, 0x72, 0x4A, 0x7A, 0x49, 0x7A, 0x4A, 0x82, 0x4A, 0x82, 0x4A, 0x82,
    0x4A, 0x82, 0x8A, 0x8A, 0xAB, 0x92, 0xCB, 0x92, 0xCB, 0x92, 0xCB, 0x9A, 0xEB, 0x9A, 0xEC, 0xA2,
    0xCB, 0x9A, 0x69, 0x8A, 0xAA, 0x92, 0x48, 0x7A, 0x41, 0x18, 0x00, 0x00, 0x00, 0x08, 0x00, 0x00,
    0x00, 0x00, 0x00, 0x08, 0x00, 0x10, 0x00, 0x18, 0x00, 0x28, 0x00, 0x30, 0x20, 0x38, 0x41, 0x40,
    0x41, 0x48, 0x82, 0x50, 0x82, 0x50, 0x61, 0x48, 0x41, 0x30, 0x00, 0x10, 0x00, 0x08, 0x00, 0x00,
    0x20, 0x18, 0x6D, 0xA3, 0x0E, 0xCC, 0xCD, 0xC3, 0xCD, 0xBB, 0xCD, 0xBB, 0xAD, 0xBB, 0x8D, 0xB3,
    0x6C, 0xB3, 0x6C, 0xB3, 0x6C, 0xB3, 0x8C, 0xBB, 0x6C, 0xBB, 0x8D, 0xBB, 0x6C, 0xBB, 0x8C, 0xBB,
    0x4B, 0xBB, 0x4C, 0xBB, 0x6D, 0xC3, 0x6D, 0xC3, 0x4C, 0xBB, 0x4C, 0xBB, 0x4C, 0xBB, 0x2B, 0xB3,
    0x4C, 0xBB, 0x4C, 0xBB, 0x6C, 0xBB, 0x4C, 0xB3, 0x0B, 0xAB, 0xCA, 0xA2, 0xEB, 0xAA, 0x0B, 0xAB,
    0x4C, 0xB3, 0x4C, 0xB3, 0x4D, 0xAB, 0xD1, 0x93, 0x34, 0x6C, 0x55, 0x6C, 0x55, 0x64, 0x34, 0x6C,
    0x34, 0x6C, 0xF2, 0x83, 0x49, 0x92, 0x89, 0xBA, 0xCA, 0xC2, 0xEB, 0xCA, 0x4D, 0xD3, 0xAE, 0xDB,
    0x8E, 0xD3, 0x8D, 0xD3, 0x8D, 0xD3, 0x8D, 0xD3, 0x8D, 0xCB, 0x6D, 0xCB, 0x6D, 0xCB, 0x4C, 0xCB,
    0x4C, 0xCB, 0x6C, 0xC3, 0x2C, 0xAB, 0x2E, 0x73, 0x71, 0x53, 0x71, 0x53, 0x71, 0x53, 0x71, 0x4B,
    0x8F, 0x22, 0x2F, 0x0A, 0x2F, 0x02, 0x70, 0x02, 0x70, 0x02, 0x91, 0x02, 0x71, 0x02, 0x71, 0x02,
    0x70, 0x02, 0x50, 0x02, 0x4F, 0x0A, 0xAE, 0x22, 0x69, 0x22, 0x26, 0x12, 0x27, 0x12, 0x2A, 0x1A,
    0x4E, 0x12, 0x2F, 0x0A, 0x50, 0x02, 0x30, 0x02, 0x30, 0x02, 0x4F, 0x0A, 0x6D, 0x1A, 0x09, 0x12,
    0x08, 0x1A, 0x08, 0x1A, 0xC7, 0x11, 0x85, 0x09, 0x44, 0x01, 0x03, 0x01, 0xE3, 0x00, 0xE3, 0x00,
    0xE3, 0x00, 0xA3, 0x00, 0x82, 0x00, 0x81, 0x00, 0xA4, 0x21, 0x66, 0x3A, 0x05, 0x32, 0xC4, 0x29,
    0x43, 0x11, 0x03, 0x01, 0xE3, 0x00, 0xE3, 0x00, 0xE2, 0x00, 0xE2, 0x00, 0xC2, 0x00, 0xA2, 0x00,
    0xA2, 0x00, 0xA2, 0x00, 0x82, 0x00, 0x81, 0x00, 0x81, 0x00, 0x61, 0x00, 0xE1, 0x08, 0xA6, 0x42,
    0xC5, 0x42, 0x64, 0x3A, 0x64, 0x3A, 0x44, 0x3A, 0x44, 0x3A, 0x44, 0x3A, 0x23, 0x32, 0x03, 0x2A,
    0xE2, 0x21, 0xA2, 0x19, 0x82, 0x19, 0x62, 0x19, 0x82, 0x19, 0x03, 0x2A, 0x64, 0x3A, 0x64, 0x3A,
    0x44, 0x32, 0xE3, 0x21, 0xA3, 0x21, 0xA3, 0x19, 0xA3, 0x19, 0xA3, 0x19, 0xA3, 0x19, 0x83, 0x19,
    0x62, 0x19, 0x42, 0x11, 0x22, 0x09, 0x02, 0x01, 0x02, 0x01, 0xE2, 0x00, 0x05, 0x01, 0xCB, 0x19,
    0x8F, 0x2A, 0xAF, 0x32, 0x4C, 0x22, 0x04, 0x01, 0xE2, 0x00, 0xE2, 0x00, 0xE2, 0x00, 0x02, 0x01,
    0x22, 0x01, 0x43, 0x09, 0xC5, 0x19, 0x06, 0x22, 0xC5, 0x11, 0xA4, 0x11, 0xC4, 0x19, 0x05, 0x22,
    0x05, 0x22, 0x05, 0x22, 0x04, 0x1A, 0x05, 0x1A, 0x05, 0x1A, 0x25, 0x22, 0x86, 0x2A, 0x86, 0x2A,
    0xC7, 0x32, 0x25, 0x22, 0x62, 0x11, 0x82, 0x19, 0xA2, 0x21, 0xE3, 0x21, 0x44, 0x2A, 0x64, 0x32,
    0x84, 0x32, 0x84, 0x32, 0xE6, 0x42, 0xC4, 0x21, 0x23, 0x09, 0x84, 0x11, 0xC5, 0x19, 0x4A, 0x22,
    0xAE, 0x2A, 0xD0, 0x32, 0xD1, 0x2A, 0xD1, 0x32, 0xD1, 0x32, 0xD1, 0x32, 0xF1, 0x32, 0xF1, 0x32,
    0xF1, 0x32, 0x12, 0x33, 0xF2, 0x32, 0x11, 0x2B, 0x12, 0x33, 0x12, 0x3B, 0x4B, 0x22, 0x62, 0x11,
    0x05, 0x2A, 0x0F, 0x43, 0x73, 0x3B, 0x53, 0x43, 0x53, 0x3B, 0x73, 0x3B, 0x73, 0x3B, 0x73, 0x3B,
    0x73, 0x43, 0x73, 0x3B, 0x73, 0x3B, 0x94, 0x3B, 0x94, 0x3B, 0x74, 0x3B, 0x74, 0x43, 0x94, 0x43,
    0x94, 0x43, 0x74, 0x43, 0x94, 0x43, 0x94, 0x43, 0x94, 0x43, 0x94, 0x43, 0x94, 0x43, 0x94, 0x43,
    0xB4, 0x43, 0xB4, 0x43, 0xB4, 0x43, 0xB4, 0x43, 0xB4, 0x43, 0xB4, 0x43, 0xB4, 0x43, 0xB4, 0x43,
    0xB4, 0x43, 0xB4, 0x43, 0xD4, 0x43, 0xD5, 0x43, 0xD5, 0x43, 0xD5, 0x43, 0xD4, 0x43, 0xB4, 0x43,
    0xB4, 0x4B, 0x51, 0x5B, 0x0B, 0x62, 0x4B, 0x8A, 0xC9, 0x81, 0x29, 0x92, 0x49, 0x92, 0x8A, 0x9A,
    0xCB, 0xAA, 0x2C, 0xBB, 0x4D, 0xBB, 0xEC, 0xB2, 0xCC, 0xB2, 0x4A, 0x9A, 0xC8, 0x81, 0xE8, 0x81,
    0x86, 0x71, 0x88, 0x49, 0xF4, 0x63, 0xD4, 0x5B, 0x2C, 0x52, 0xCA, 0x59, 0x89, 0x51, 0x88, 0x49,
    0x88, 0x49, 0x88, 0x49, 0xA8, 0x49, 0xA8, 0x49, 0xA8, 0x51, 0xE8, 0x59, 0xC8, 0x59, 0xC8, 0x59,
    0xC8, 0x61, 0xE8, 0x69, 0xE8, 0x69, 0xC8, 0x69, 0x09, 0x72, 0x29, 0x72, 0x49, 0x7A, 0x4A, 0x82,
    0x49, 0x82, 0x69, 0x82, 0x8A, 0x8A, 0x8A, 0x8A, 0xEB, 0x92, 0x0C, 0xA3, 0x0C, 0xA3, 0xEC, 0xA2,
    0xEC, 0x9A, 0xAA, 0x92, 0xAA, 0x92, 0xCB, 0x9A, 0xC7, 0x61, 0x00, 0x08, 0x00, 0x08, 0x00, 0x08,
    0x00, 0x08, 0x00, 0x20, 0x20, 0x40, 0x40, 0x50, 0x40, 0x60, 0x41, 0x68, 0x61, 0x78, 0x81, 0x78,
    0xA2, 0x80, 0xE2, 0x90, 0x03, 0x91, 0x03, 0x91, 0xC2, 0x80, 0x81, 0x58, 0x20, 0x18, 0x00, 0x00,
    0x28, 0x72, 0x0F, 0xCC, 0x4F, 0xCC, 0x0E, 0xC4, 0xEE, 0xC3, 0xCE, 0xBB, 0xAD, 0xBB, 0x8D, 0xB3,
    0x8D, 0xB3, 0xAD, 0xBB, 0x4C, 0xB3, 0x6C, 0xBB, 0x8D, 0xBB, 0x8C, 0xBB, 0x6C, 0xB3, 0x6C, 0xBB,
    0x8D, 0xBB, 0x6C, 0xBB, 0x4C, 0xBB, 0x6C, 0xBB, 0x2B, 0xB3, 0x4C, 0xB3, 0x4C, 0xB3, 0x2B, 0xB3,
    0x4C, 0xBB, 0x4C, 0xB3, 0x4C, 0xB3, 0x4B, 0xB3, 0xEA, 0xA2, 0x0B, 0xAB, 0x2B, 0xAB, 0x0B, 0xAB,
    0x0B, 0xAB, 0x4C, 0xB3, 0x6D, 0xB3, 0xF1, 0x83, 0x34, 0x6C, 0x34, 0x6C, 0x33, 0x64, 0x13, 0x64,
    0x13, 0x6C, 0xD1, 0x83, 0x8D, 0xBB, 0xAC, 0xD3, 0x8D, 0xD3, 0x8D, 0xD3, 0x6D, 0xD3, 0x4D, 0xD3,
    0x4D, 0xD3, 0x6D, 0xD3, 0x8D, 0xD3, 0x8D, 0xD3, 0x8D, 0xD3, 0x6C, 0xCB, 0x2B, 0xC3, 0x0B, 0xC3,
    0xEB, 0xC2, 0xEA, 0xB2, 0x2C, 0xA3, 0x6F, 0x73, 0x71, 0x53, 0x71, 0x53, 0x71, 0x53, 0x91, 0x53,
    0x92, 0x53, 0x52, 0x3B, 0xB0, 0x22, 0x70, 0x0A, 0x71, 0x02, 0x91, 0x02, 0x91, 0x02, 0x71, 0x02,
    0x91, 0x02, 0x71, 0x02, 0x70, 0x0A, 0xAD, 0x1A, 0x27, 0x1A, 0x05, 0x12, 0xE5, 0x11, 0xE6, 0x11,
    0x2A, 0x12, 0x4E, 0x12, 0x50, 0x02, 0x50, 0x02, 0x30, 0x02, 0x6F, 0x12, 0x2A, 0x1A, 0xE7, 0x11,
    0xE7, 0x11, 0xC7, 0x11, 0xA5, 0x09, 0x44, 0x01, 0x23, 0x01, 0x03, 0x01, 0xE2, 0x08, 0xC2, 0x00,
    0xA2, 0x00, 0x82, 0x00, 0x60, 0x00, 0x21, 0x19, 0x65, 0x3A, 0x24, 0x3A, 0x03, 0x32, 0x03, 0x32,
    0xE4, 0x29, 0xA4, 0x19, 0x03, 0x09, 0xE3, 0x00, 0xE2, 0x00, 0xC2, 0x00, 0xC2, 0x00, 0xA2, 0x00,
    0xA2, 0x00, 0xA2, 0x00, 0x82, 0x00, 0x81, 0x00, 0x81, 0x00, 0x40, 0x00, 0xE4, 0x29, 0x06, 0x53,
    0xA4, 0x42, 0x64, 0x3A, 0x44, 0x3A, 0x43, 0x32, 0x23, 0x32, 0x23, 0x32, 0x03, 0x2A, 0xC2, 0x29,
    0xA2, 0x21, 0x62, 0x19, 0x41, 0x11, 0x21, 0x11, 0x41, 0x11, 0xC3, 0x29, 0x04, 0x32, 0xE3, 0x29,
    0x04, 0x32, 0xC3, 0x29, 0x82, 0x19, 0x82, 0x19, 0xA3, 0x19, 0xA3, 0x19, 0x83, 0x19, 0x63, 0x19,
    0x43, 0x19, 0x22, 0x09, 0x02, 0x01, 0x02, 0x01, 0xE3, 0x00, 0xE2, 0x00, 0xE4, 0x00, 0xAA, 0x19,
    0x6F, 0x2A, 0x8F, 0x2A, 0xC9, 0x11, 0xC3, 0x00, 0xE2, 0x00, 0xC2, 0x00, 0xE2, 0x00, 0xE2, 0x00,
    0x02, 0x01, 0x64, 0x09, 0xA4, 0x11, 0x84, 0x11, 0x63, 0x11, 0x83, 0x11, 0xA3, 0x19, 0xC4, 0x19,
    0x05, 0x22, 0x45, 0x2A, 0x45, 0x2A, 0x45, 0x22, 0x25, 0x22, 0x04, 0x1A, 0x24, 0x22, 0x24, 0x1A,
    0x86, 0x2A, 0xC7, 0x32, 0x04, 0x22, 0x82, 0x19, 0xA3, 0x21, 0x03, 0x2A, 0x03, 0x2A, 0x44, 0x2A,
    0x64, 0x32, 0x84, 0x32, 0x07, 0x4B, 0x05, 0x22, 0x23, 0x09, 0x63, 0x11, 0xA4, 0x11, 0xE6, 0x19,
    0x6B, 0x22, 0xAF, 0x32, 0xB1, 0x2A, 0xB1, 0x2A, 0xD1, 0x32, 0xD1, 0x2A, 0xF1, 0x32, 0xF1, 0x32,
    0xF1, 0x32, 0xF2, 0x32, 0x12, 0x33, 0x11, 0x2B, 0xF2, 0x2A, 0x11, 0x3B, 0x08, 0x1A, 0x61, 0x19,
    0x05, 0x32, 0x0E, 0x43, 0x73, 0x3B, 0x73, 0x43, 0x53, 0x3B, 0x73, 0x3B, 0x73, 0x3B, 0x73, 0x3B,
    0x73, 0x43, 0x94, 0x43, 0x94, 0x43, 0x94, 0x43, 0x94, 0x3B, 0x94, 0x3B, 0x94, 0x43, 0x94, 0x43,
    0x94, 0x43, 0x94, 0x43, 0x94, 0x43, 0x94, 0x43, 0x93, 0x43, 0x92, 0x43, 0xB3, 0x43, 0xB4, 0x43,
    0xB4, 0x43, 0xB4, 0x43, 0xB4, 0x43, 0xB4, 0x43, 0xB4, 0x43, 0xB4, 0x43, 0xB4, 0x43, 0xB4, 0x43,
    0xD4, 0x43, 0xD5, 0x43, 0xD5, 0x43, 0xD5, 0x43, 0xD5, 0x43, 0xD5, 0x43, 0xD5, 0x43, 0xD4, 0x53,
    0x92, 0x73, 0x30, 0x8B, 0x4C, 0x7A, 0xC9, 0x71, 0xE8, 0x79, 0x29, 0x8A, 0x08, 0x8A, 0x49, 0x92,
    0xAB, 0xA2, 0xEC, 0xB2, 0x4D, 0xBB, 0x4D, 0xC3, 0x4E, 0xBB, 0x6B, 0x9A, 0xA8, 0x79, 0x87, 0x71,
    0x25, 0x61, 0x87, 0x49, 0x54, 0x74, 0x15, 0x64, 0xAF, 0x5A, 0xA9, 0x51, 0xA8, 0x49, 0x88, 0x49,
    0xA8, 0x49, 0xA8, 0x49, 0xA8, 0x49, 0xA8, 0x49, 0xA8, 0x49, 0xA7, 0x51, 0xE8, 0x59, 0xC8, 0x59,
    0xA7, 0x59, 0xC8, 0x61, 0x09, 0x6A, 0x08, 0x6A, 0x08, 0x6A, 0xE8, 0x69, 0x29, 0x72, 0x29, 0x7A,
    0x49, 0x7A, 0x6A, 0x82, 0x8A, 0x8A, 0xAB, 0x92, 0xAA, 0x92, 0xEB, 0x9A, 0xEB, 0x9A, 0x0C, 0x9B,
    0x0C, 0x9B, 0xAB, 0x92, 0xAA, 0x92, 0xAA, 0x92, 0x2C, 0xA3, 0x08, 0x6A, 0x00, 0x08, 0x00, 0x08,
    0x20, 0x20, 0x62, 0x50, 0xA2, 0x70, 0xC2, 0x80, 0xE3, 0x88, 0xE3, 0x90, 0xC3, 0x90, 0x03, 0x99,
    0x43, 0xA1, 0x84, 0xB1, 0xC5, 0xB9, 0x84, 0xB1, 0x44, 0xA9, 0x03, 0x91, 0x00, 0x38, 0x85, 0x59,
    0x4F, 0xCC, 0x2F, 0xD4, 0x2F, 0xCC, 0xEE, 0xC3, 0xCE, 0xBB, 0xAD, 0xB3, 0xAD, 0xB3, 0x8D, 0xB3,
    0xAD, 0xBB, 0x8D, 0xB3, 0x4C, 0xB3, 0x4C, 0xB3, 0x8D, 0xBB, 0x6C, 0xB3, 0x4C, 0xB3, 0x6C, 0xB3,
    0x2B, 0xB3, 0x0B, 0xB3, 0x2C, 0xB3, 0x8D, 0xBB, 0x4C, 0xB3, 0x2C, 0xB3, 0xEB, 0xAA, 0x2B, 0xB3,
    0x2C, 0xB3, 0x2B, 0xAB, 0x0B, 0xAB, 0xEA, 0xA2, 0xCA, 0xA2, 0xEA, 0xAA, 0xEA, 0xA2, 0xEB, 0xA2,
    0x0B, 0xAB, 0x4C, 0xB3, 0x6E, 0xAB, 0xD2, 0x7B, 0x34, 0x64, 0x33, 0x64, 0x14, 0x64, 0x33, 0x64,
    0xF2, 0x6B, 0x8F, 0x9B, 0xAD, 0xC3, 0x0E, 0xD4, 0x50, 0xDC, 0x91, 0xE4, 0x71, 0xE4, 0xCF, 0xD3,
    0x4D, 0xCB, 0x4D, 0xD3, 0x6D, 0xD3, 0x6D, 0xCB, 0x6D, 0xCB, 0x2C, 0xCB, 0x0B, 0xC3, 0xEB, 0xC2,
    0xCA, 0xBA, 0xCA, 0xAA, 0xAB, 0x8A, 0x4F, 0x63, 0x71, 0x53, 0x51, 0x4B, 0x51, 0x53, 0x71, 0x53,
    0x91, 0x53, 0xD3, 0x5B, 0xB3, 0x53, 0x11, 0x2B, 0x71, 0x0A, 0x91, 0x02, 0xB2, 0x02, 0x92, 0x02,
    0x72, 0x02, 0x72, 0x02, 0x91, 0x0A, 0xAC, 0x1A, 0x07, 0x12, 0xE6, 0x11, 0xE5, 0x11, 0xA5, 0x09,
    0xA7, 0x11, 0x2B, 0x1A, 0x6E, 0x22, 0x4F, 0x1A, 0x4F, 0x1A, 0x6D, 0x2A, 0xE8, 0x21, 0xC6, 0x21,
    0xE7, 0x29, 0xA6, 0x21, 0xA5, 0x21, 0xC5, 0x29, 0xE5, 0x39, 0x05, 0x42, 0xE5, 0x41, 0xA4, 0x31,
    0xE2, 0x10, 0x41, 0x00, 0x80, 0x08, 0x24, 0x3A, 0x64, 0x42, 0x23, 0x32, 0x03, 0x32, 0xE3, 0x29,
    0xE3, 0x29, 0x05, 0x2A, 0x84, 0x11, 0x02, 0x01, 0xE2, 0x00, 0xE2, 0x00, 0xC2, 0x00, 0xA2, 0x00,
    0xA2, 0x00, 0x82, 0x00, 0x81, 0x00, 0x81, 0x00, 0x60, 0x00, 0xC1, 0x08, 0xA6, 0x4A, 0x06, 0x53,
    0xA4, 0x42, 0x43, 0x3A, 0x44, 0x3A, 0x23, 0x32, 0x03, 0x2A, 0x03, 0x2A, 0xE3, 0x29, 0xA2, 0x21,
    0x82, 0x19, 0x62, 0x19, 0x42, 0x11, 0x21, 0x11, 0x42, 0x19, 0xA3, 0x21, 0x83, 0x21, 0x62, 0x19,
    0xC3, 0x21, 0xE4, 0x29, 0x82, 0x19, 0x82, 0x19, 0x82, 0x19, 0x83, 0x19, 0x62, 0x11, 0x22, 0x11,
    0x02, 0x09, 0xE2, 0x08, 0xE2, 0x08, 0x03, 0x09, 0xE2, 0x00, 0xE2, 0x00, 0x04, 0x01, 0x0C, 0x22,
    0x4F, 0x22, 0x6E, 0x22, 0x68, 0x09, 0xA2, 0x00, 0xC2, 0x00, 0xC2, 0x00, 0xC2, 0x00, 0xC1, 0x00,
    0x23, 0x01, 0x84, 0x11, 0x63, 0x09, 0x42, 0x09, 0x42, 0x09, 0x63, 0x11, 0x83, 0x19, 0xA3, 0x19,
    0xE4, 0x21, 0x04, 0x22, 0x24, 0x22, 0x24, 0x22, 0x24, 0x22, 0x04, 0x22, 0x04, 0x1A, 0xE4, 0x19,
    0x45, 0x22, 0xC7, 0x32, 0xA6, 0x32, 0xA3, 0x19, 0xC3, 0x21, 0xE3, 0x29, 0x03, 0x2A, 0x24, 0x32,
    0x64, 0x32, 0x64, 0x32, 0x27, 0x4B, 0xC7, 0x3A, 0x43, 0x09, 0x43, 0x09, 0xA4, 0x11, 0xC5, 0x19,
    0x29, 0x22, 0xAE, 0x2A, 0xB1, 0x2A, 0xB1, 0x2A, 0xD1, 0x32, 0xD1, 0x2A, 0xF1, 0x32, 0xF1, 0x32,
    0xF1, 0x32, 0xF2, 0x32, 0x12, 0x33, 0x12, 0x33, 0x13, 0x33, 0xCE, 0x32, 0x64, 0x09, 0x41, 0x11,
    0xC5, 0x31, 0xCD, 0x42, 0x53, 0x43, 0x54, 0x3B, 0x53, 0x3B, 0x73, 0x3B, 0x73, 0x3B, 0x73, 0x43,
    0x73, 0x43, 0x94, 0x43, 0x94, 0x43, 0x94, 0x43, 0x94, 0x43, 0x94, 0x43, 0x94, 0x43, 0x94, 0x43,
    0x94, 0x43, 0x94, 0x43, 0x94, 0x43, 0xB4, 0x43, 0x50, 0x3B, 0x6A, 0x22, 0x0E, 0x33, 0xD4, 0x4B,
    0xB4, 0x43, 0xB4, 0x43, 0xB4, 0x43, 0xB4, 0x43, 0xB4, 0x43, 0xD4, 0x43, 0xD4, 0x43, 0xD4, 0x43,
    0xD4, 0x43, 0xD5, 0x43, 0xD5, 0x43, 0xD5, 0x43, 0xD5, 0x4B, 0xD5, 0x4B, 0xF6, 0x4B, 0x73, 0x4B,
    0xCE, 0x72, 0x0A, 0x7A, 0x88, 0x69, 0x87, 0x61, 0xE7, 0x79, 0x08, 0x82, 0x08, 0x8A, 0x28, 0x8A,
    0x8A, 0x9A, 0xCB, 0xA2, 0xEB, 0xAA, 0xEB, 0xAA, 0xCC, 0xAA, 0x8A, 0x9A, 0xE9, 0x81, 0x67, 0x71,
    0xE4, 0x50, 0xC8, 0x49, 0x75, 0x7C, 0x35, 0x64, 0x31, 0x63, 0xA9, 0x51, 0xA8, 0x51, 0x88, 0x49,
    0x88, 0x49, 0x87, 0x41, 0x87, 0x49, 0xA7, 0x49, 0xA7, 0x49, 0x87, 0x49, 0x87, 0x49, 0xA7, 0x51,
    0x87, 0x51, 0xC7, 0x59, 0xC8, 0x59, 0xE8, 0x61, 0xE8, 0x69, 0x09, 0x6A, 0x08, 0x72, 0x08, 0x72,
    0x6A, 0x82, 0x6A, 0x82, 0x6A, 0x8A, 0xAB, 0x92, 0xEB, 0x92, 0xEB, 0x92, 0xCA, 0x92, 0xEB, 0x92,
    0xEB, 0x9A, 0xEB, 0x9A, 0xAA, 0x92, 0x8A, 0x8A, 0xCB, 0x92, 0x10, 0xBC, 0x49, 0x6A, 0x00, 0x00,
    0x00, 0x28, 0x83, 0x60, 0xC3, 0x80, 0xE3, 0x88, 0x04, 0x99, 0x25, 0xA1, 0x24, 0xA1, 0x44, 0xA9,
    0x85, 0xB9, 0xE6, 0xC1, 0x47, 0xCA, 0x07, 0xC2, 0x85, 0xB9, 0x81, 0x88, 0x65, 0x79, 0x0F, 0xC4,
    0x4F, 0xD4, 0x2F, 0xCC, 0xEE, 0xCB, 0xCE, 0xC3, 0xAD, 0xBB, 0x8D, 0xB3, 0x4C, 0xAB, 0x8C, 0xB3,
    0x6C, 0xB3, 0x6C, 0xB3, 0x8D, 0xB3, 0x6C, 0xB3, 0x4C, 0xB3, 0x2B, 0xB3, 0x2B, 0xB3, 0x2B, 0xAB,
    0x4C, 0xB3, 0x0B, 0xB3, 0x0B, 0xB3, 0x4C, 0xB3, 0x2B, 0xAB, 0x2C, 0xAB, 0x0B, 0xAB, 0xEB, 0xAA,
    0x2B, 0xAB, 0x0B, 0xAB, 0xEA, 0xA2, 0xEA, 0xA2, 0xEB, 0xA2, 0xCA, 0xA2, 0xEA, 0xA2, 0xEA, 0xA2,
    0xEA, 0xA2, 0x0B, 0xA3, 0x6E, 0x93, 0xD2, 0x6B, 0x13, 0x5C, 0x13, 0x64, 0x13, 0x64, 0xF3, 0x63,
    0xD1, 0x7B, 0x6D, 0xAB, 0xAD, 0xC3, 0x2F, 0xD4, 0x70, 0xDC, 0x70, 0xD4, 0x91, 0xDC, 0xB1, 0xE4,
    0x0F, 0xD4, 0x6D, 0xCB, 0x4C, 0xCB, 0x0C, 0xC3, 0x0C, 0xCB, 0x0B, 0xC3, 0xEA, 0xC2, 0xAA, 0xBA,
    0xAA, 0xB2, 0x89, 0xA2, 0xAB, 0x7A, 0x50, 0x5B, 0x51, 0x53, 0x51, 0x4B, 0x51, 0x4B, 0x51, 0x4B,
    0x71, 0x53, 0x71, 0x53, 0x72, 0x53, 0x93, 0x4B, 0xF2, 0x2A, 0x91, 0x0A, 0xB2, 0x02, 0x92, 0x02,
    0x91, 0x0A, 0xD1, 0x12, 0xAF, 0x1A, 0x49, 0x1A, 0xE6, 0x11, 0xE6, 0x09, 0xE5, 0x09, 0xA5, 0x11,
    0xC7, 0x29, 0x09, 0x4A, 0xEA, 0x51, 0xEA, 0x49, 0xC9, 0x49, 0xC8, 0x51, 0xA6, 0x51, 0xA6, 0x51,
    0x85, 0x51, 0x85, 0x51, 0xA5, 0x59, 0xC6, 0x59, 0xC5, 0x59, 0xA5, 0x59, 0x84, 0x59, 0x84, 0x51,
    0x44, 0x41, 0xC2, 0x20, 0x22, 0x29, 0x05, 0x4A, 0x04, 0x42, 0x03, 0x3A, 0xE3, 0x31, 0xC3, 0x29,
    0xC3, 0x21, 0xC4, 0x21, 0xC4, 0x21, 0x83, 0x11, 0x02, 0x09, 0xE2, 0x00, 0xC2, 0x00, 0xA2, 0x00,
    0xA2, 0x00, 0x82, 0x00, 0x61, 0x00, 0x61, 0x00, 0x20, 0x00, 0x62, 0x21, 0x27, 0x53, 0xC5, 0x4A,
    0x84, 0x42, 0x63, 0x3A, 0x44, 0x32, 0x23, 0x2A, 0x03, 0x2A, 0xE3, 0x29, 0xC3, 0x29, 0xA3, 0x29,
    0x82, 0x21, 0x62, 0x19, 0x42, 0x11, 0x22, 0x11, 0x42, 0x19, 0x42, 0x19, 0x22, 0x11, 0x21, 0x11,
    0x82, 0x21, 0xE4, 0x29, 0xA3, 0x21, 0x62, 0x19, 0x82, 0x19, 0x62, 0x19, 0x62, 0x11, 0x42, 0x09,
    0x22, 0x09, 0xE2, 0x00, 0xC2, 0x00, 0xC2, 0x00, 0xC1, 0x00, 0xC2, 0x00, 0x06, 0x01, 0x2D, 0x22,
    0x4F, 0x22, 0x2D, 0x22, 0x06, 0x01, 0xA2, 0x00, 0xA1, 0x00, 0xA2, 0x00, 0xA1, 0x00, 0xC2, 0x00,
    0x64, 0x09, 0x64, 0x09, 0x23, 0x09, 0x43, 0x09, 0x42, 0x11, 0x42, 0x11, 0x83, 0x19, 0xA3, 0x19,
    0xC4, 0x19, 0xC4, 0x19, 0xE3, 0x19, 0xE3, 0x19, 0x04, 0x1A, 0x24, 0x22, 0x04, 0x22, 0x04, 0x22,
    0x45, 0x2A, 0xA6, 0x32, 0xE8, 0x42, 0x04, 0x22, 0xA3, 0x21, 0xE3, 0x29, 0x03, 0x2A, 0x03, 0x2A,
    0x23, 0x2A, 0x44, 0x32, 0xA5, 0x3A, 0x48, 0x4B, 0x66, 0x32, 0x63, 0x11, 0x84, 0x11, 0xA5, 0x11,
    0x08, 0x1A, 0x8D, 0x2A, 0xB1, 0x2A, 0xB1, 0x2A, 0xD1, 0x32, 0xD1, 0x2A, 0xF1, 0x32, 0xF1, 0x32,
    0xF1, 0x32, 0xF2, 0x32, 0x12, 0x33, 0x33, 0x33, 0x52, 0x3B, 0x0A, 0x1A, 0x01, 0x09, 0x61, 0x19,
    0xA4, 0x29, 0x2A, 0x3A, 0x11, 0x43, 0x53, 0x3B, 0x53, 0x3B, 0x73, 0x3B, 0x73, 0x43, 0x73, 0x43,
    0x73, 0x43, 0x74, 0x3B, 0x94, 0x43, 0x94, 0x43, 0x94, 0x43, 0x94, 0x43, 0x94, 0x43, 0x94, 0x43,
    0x94, 0x43, 0x94, 0x43, 0x94, 0x43, 0x93, 0x43, 0x8A, 0x2A, 0x05, 0x1A, 0x8A, 0x2A, 0xB2, 0x43,
    0xD5, 0x43, 0xB4, 0x43, 0xB4, 0x43, 0xB4, 0x43, 0xB4, 0x43, 0xD4, 0x43, 0xD4, 0x43, 0xD4, 0x43,
    0xD5, 0x43, 0xD5, 0x43, 0xD5, 0x43, 0xD5, 0x4B, 0xD5, 0x4B, 0xD5, 0x43, 0x16, 0x4C, 0x32, 0x43,
    0xC9, 0x51, 0x46, 0x61, 0x46, 0x59, 0x87, 0x69, 0xA7, 0x71, 0xC7, 0x79, 0xC7, 0x81, 0xC7, 0x81,
    0x08, 0x8A, 0x6A, 0x9A, 0x8A, 0xA2, 0x49, 0x9A, 0x29, 0x92, 0x29, 0x92, 0xE8, 0x81, 0xC8, 0x79,
    0xC3, 0x48, 0x2A, 0x5A, 0x75, 0x74, 0x35, 0x64, 0xF3, 0x6B, 0x0B, 0x52, 0x88, 0x51, 0x87, 0x49,
    0x87, 0x41, 0x87, 0x41, 0x87, 0x41, 0x87, 0x41, 0x87, 0x41, 0x86, 0x41, 0x86, 0x41, 0x86, 0x49,
    0xA7, 0x49, 0xA7, 0x51, 0xC7, 0x51, 0xA7, 0x51, 0xC7, 0x61, 0xE8, 0x69, 0x29, 0x72, 0x29, 0x72,
    0x49, 0x7A, 0x49, 0x7A, 0x49, 0x7A, 0x8A, 0x82, 0xAA, 0x8A, 0x8A, 0x8A, 0x8A, 0x8A, 0xAA, 0x8A,
    0xCB, 0x92, 0xAA, 0x8A, 0xCB, 0x92, 0xCB, 0x92, 0xAA, 0x92, 0xEB, 0x9A, 0x71, 0xC4, 0x4C, 0x93,
    0x61, 0x38, 0x00, 0x50, 0x83, 0x80, 0xC4, 0x90, 0xE4, 0x98, 0x04, 0xA1, 0x24, 0xA9, 0x44, 0xA9,
    0x65, 0xB1, 0xA6, 0xB9, 0xE7, 0xC1, 0x86, 0xB9, 0xA2, 0x98, 0x28, 0xAA, 0x50, 0xD4, 0xEF, 0xCB,
    0xCD, 0xCB, 0xCE, 0xC3, 0xCD, 0xBB, 0x6C, 0xB3, 0x8D, 0xB3, 0x8C, 0xB3, 0x8C, 0xB3, 0x8D, 0xB3,
    0x6C, 0xB3, 0x6C, 0xB3, 0x8D, 0xB3, 0x6C, 0xB3, 0x4B, 0xB3, 0x2B, 0xAB, 0x0B, 0xAB, 0xEA, 0xA2,
    0xEA, 0xA2, 0xEB, 0xAA, 0xEB, 0xA2, 0x0B, 0xAB, 0xCA, 0xA2, 0xCA, 0xA2, 0x0B, 0xAB, 0xEA, 0xA2,
    0x0B, 0xAB, 0x0B, 0xAB, 0xEA, 0xA2, 0xEA, 0xA2, 0xCA, 0xA2, 0xCA, 0xA2, 0xCA, 0xA2, 0xEA, 0xA2,
    0xCA, 0xA2, 0x0C, 0xA3, 0x90, 0x7B, 0xD2, 0x5B, 0xD3, 0x5B, 0xF3, 0x63, 0xF3, 0x5B, 0xB2, 0x6B,
    0x8F, 0x9B, 0x4C, 0xBB, 0xCE, 0xCB, 0x2F, 0xD4, 0x70, 0xDC, 0x70, 0xD4, 0x50, 0xD4, 0x91, 0xD4,
    0x91, 0xD4, 0x70, 0xDC, 0xAE, 0xCB, 0x2C, 0xC3, 0xCB, 0xBA, 0x89, 0xBA, 0x69, 0xB2, 0x48, 0xAA,
    0x69, 0xA2, 0x28, 0x8A, 0xAC, 0x72, 0x50, 0x5B, 0x51, 0x4B, 0x31, 0x4B, 0x51, 0x4B, 0x51, 0x4B,
    0x51, 0x53, 0x71, 0x4B, 0x71, 0x4B, 0x52, 0x4B, 0x73, 0x4B, 0xD1, 0x1A, 0x72, 0x02, 0x91, 0x02,
    0xAE, 0x1A, 0x8B, 0x1A, 0x08, 0x12, 0xE6, 0x11, 0xE6, 0x11, 0xC6, 0x09, 0xC6, 0x09, 0xA5, 0x11,
    0xA6, 0x39, 0xA6, 0x61, 0x85, 0x69, 0x65, 0x61, 0x45, 0x59, 0x24, 0x59, 0x24, 0x61, 0x45, 0x61,
    0x24, 0x61, 0x24, 0x61, 0x24, 0x61, 0x04, 0x61, 0x04, 0x59, 0xE3, 0x50, 0xE3, 0x50, 0xE3, 0x48,
    0xE4, 0x48, 0x04, 0x49, 0x24, 0x49, 0x43, 0x49, 0x63, 0x41, 0x83, 0x39, 0xC2, 0x31, 0xA2, 0x29,
    0xA2, 0x21, 0xC3, 0x21, 0xC4, 0x29, 0xC4, 0x21, 0x84, 0x19, 0x02, 0x09, 0xE2, 0x00, 0xC2, 0x00,
    0xA1, 0x00, 0x81, 0x00, 0x61, 0x00, 0x61, 0x00, 0x40, 0x00, 0xE4, 0x31, 0x26, 0x5B, 0xA4, 0x4A,
    0x84, 0x42, 0x43, 0x32, 0x23, 0x32, 0x23, 0x2A, 0x03, 0x2A, 0xC3, 0x29, 0xA3, 0x31, 0x42, 0x29,
    0xE1, 0x18, 0x01, 0x11, 0x01, 0x11, 0x01, 0x11, 0x01, 0x11, 0x01, 0x11, 0xE1, 0x10, 0xE1, 0x10,
    0x22, 0x19, 0xA3, 0x29, 0xA2, 0x21, 0xA2, 0x21, 0x65, 0x32, 0x86, 0x32, 0x66, 0x2A, 0x66, 0x2A,
    0x66, 0x22, 0x26, 0x22, 0xA4, 0x11, 0x43, 0x09, 0xE2, 0x00, 0x82, 0x00, 0x68, 0x11, 0x6F, 0x2A,
    0x4F, 0x22, 0x0C, 0x1A, 0xC4, 0x00, 0x81, 0x00, 0xA1, 0x00, 0x81, 0x00, 0x61, 0x00, 0xE2, 0x00,
    0x64, 0x11, 0x23, 0x09, 0x23, 0x09, 0x23, 0x11, 0x43, 0x11, 0x63, 0x11, 0x63, 0x11, 0x63, 0x11,
    0x83, 0x19, 0xA3, 0x19, 0xC3, 0x19, 0xC3, 0x19, 0xE3, 0x19, 0xE3, 0x21, 0x04, 0x22, 0x04, 0x22,
    0x24, 0x22, 0x45, 0x2A, 0xE7, 0x3A, 0x66, 0x32, 0xC2, 0x21, 0x03, 0x2A, 0x03, 0x2A, 0x03, 0x2A,
    0x23, 0x2A, 0x44, 0x32, 0xA4, 0x3A, 0xE5, 0x42, 0x48, 0x4B, 0x87, 0x32, 0xA4, 0x19, 0xA4, 0x11,
    0x07, 0x1A, 0x8D, 0x2A, 0xB0, 0x2A, 0xB1, 0x2A, 0xD1, 0x2A, 0xD1, 0x32, 0xF1, 0x32, 0xF1, 0x32,
    0xF2, 0x32, 0x12, 0x33, 0x12, 0x33, 0x33, 0x3B, 0xCE, 0x32, 0x64, 0x11, 0x21, 0x11, 0x81, 0x19,
    0xA3, 0x29, 0xA6, 0x31, 0x6D, 0x42, 0x52, 0x43, 0x73, 0x3B, 0x73, 0x3B, 0x73, 0x3B, 0x73, 0x3B,
    0x73, 0x3B, 0x74, 0x3B, 0x74, 0x3B, 0x94, 0x43, 0x94, 0x43, 0x94, 0x43, 0x94, 0x43, 0x94, 0x43,
    0x94, 0x43, 0x94, 0x43, 0xB4, 0x43, 0x71, 0x3B, 0x47, 0x22, 0x24, 0x22, 0x68, 0x2A, 0x71, 0x43,
    0xD5, 0x4B, 0xB5, 0x43, 0xB5, 0x43, 0xD5, 0x43, 0xD5, 0x43, 0xD4, 0x43, 0xD5, 0x43, 0xD5, 0x43,
    0xD5, 0x43, 0xD5, 0x43, 0xD5, 0x4B, 0xF5, 0x4B, 0xD5, 0x4B, 0xD5, 0x43, 0x16, 0x44, 0x72, 0x43,
    0x68, 0x39, 0x05, 0x49, 0x46, 0x51, 0x87, 0x61, 0x87, 0x69, 0xA7, 0x71, 0xA7, 0x79, 0xA7, 0x79,
    0xC7, 0x81, 0x08, 0x8A, 0x29, 0x92, 0x08, 0x92, 0xE8, 0x89, 0xC8, 0x89, 0x86, 0x71, 0x87, 0x71,
    0x05, 0x59, 0x29, 0x5A, 0x33, 0x74, 0x14, 0x64, 0x34, 0x6C, 0xEF, 0x62, 0xA9, 0x51, 0x88, 0x49,
    0x87, 0x41, 0x87, 0x41, 0x87, 0x41, 0x87, 0x41, 0x66, 0x41, 0x86, 0x41, 0x66, 0x41, 0x66, 0x41,
    0x86, 0x41, 0x87, 0x49, 0xA7, 0x49, 0xA7, 0x51, 0xC7, 0x59, 0xE8, 0x61, 0xE8, 0x61, 0x08, 0x6A,
    0x08, 0x6A, 0x08, 0x6A, 0x29, 0x7A, 0x28, 0x72, 0x49, 0x82, 0x69, 0x82, 0x8A, 0x82, 0x69, 0x82,
    0xAA, 0x8A, 0xCA, 0x8A, 0xEB, 0x92, 0x0B, 0x9B, 0xEB, 0x92, 0x8A, 0x8A, 0xCA, 0x92, 0xEF, 0xBB,
    0xEF, 0xC3, 0xA6, 0x81, 0x62, 0x70, 0x21, 0x80, 0x82, 0x88, 0xA2, 0x98, 0xC2, 0x98, 0xC2, 0x98,
    0xC2, 0x98, 0xA2, 0xA0, 0x04, 0xA1, 0xE7, 0xB1, 0x8E, 0xD3, 0xD2, 0xEC, 0x0F, 0xCC, 0xAD, 0xBB,
    0xCE, 0xC3, 0xCE, 0xBB, 0xAD, 0xBB, 0xAD, 0xBB, 0x6C, 0xB3, 0x4C, 0xAB, 0x2B, 0xAB, 0x4C, 0xAB,
    0x6C, 0xB3, 0x4C, 0xB3, 0xEA, 0xA2, 0x0B, 0xAB, 0x2B, 0xAB, 0x0B, 0xAB, 0x0B, 0xAB, 0xEA, 0xA2,
    0xCA, 0x9A, 0xEA, 0xA2, 0xCA, 0x9A, 0xA9, 0x9A, 0xEA, 0xA2, 0xCA, 0x9A, 0xCA, 0x9A, 0xEA, 0xA2,
    0xA9, 0x9A, 0xCA, 0x9A, 0xC9, 0x9A, 0xCA, 0x9A, 0xC9, 0x9A, 0xEA, 0xA2, 0xCA, 0x9A, 0xEA, 0xA2,
    0x0B, 0xAB, 0x4E, 0x9B, 0xB1, 0x6B, 0xD2, 0x5B, 0xD3, 0x5B, 0xD4, 0x5B, 0xD2, 0x5B, 0x91, 0x7B,
    0x8F, 0xB3, 0x8D, 0xCB, 0xEE, 0xCB, 0x2F, 0xD4, 0x50, 0xD4, 0x70, 0xD4, 0x91, 0xD4, 0xB1, 0xDC,
    0xB1, 0xD4, 0xB1, 0xDC, 0x91, 0xDC, 0x50, 0xD4, 0x8D, 0xCB, 0xCA, 0xBA, 0x89, 0xAA, 0x28, 0x9A,
    0xE7, 0x91, 0x08, 0x7A, 0xCD, 0x62, 0x30, 0x53, 0x30, 0x4B, 0x30, 0x4B, 0x31, 0x4B, 0x51, 0x53,
    0x51, 0x53, 0x51, 0x53, 0x51, 0x4B, 0x51, 0x4B, 0x72, 0x53, 0x53, 0x3B, 0x91, 0x0A, 0x8F, 0x0A,
    0x08, 0x1A, 0x83, 0x11, 0x83, 0x11, 0xC5, 0x11, 0xC6, 0x09, 0xC6, 0x09, 0xA5, 0x09, 0x85, 0x21,
    0x64, 0x49, 0xC1, 0x58, 0x43, 0x71, 0x84, 0x71, 0x44, 0x61, 0x24, 0x59, 0x24, 0x59, 0x24, 0x61,
    0x04, 0x59, 0xE3, 0x58, 0xE3, 0x58, 0x04, 0x59, 0x04, 0x59, 0xC3, 0x50, 0xC2, 0x48, 0xE2, 0x48,
    0xE3, 0x40, 0xE3, 0x48, 0xE3, 0x48, 0xE3, 0x48, 0x03, 0x41, 0x43, 0x41, 0x82, 0x31, 0x81, 0x29,
    0xA1, 0x21, 0xC2, 0x29, 0xE3, 0x31, 0xC3, 0x29, 0xA4, 0x29, 0x23, 0x19, 0xE2, 0x08, 0xC2, 0x00,
    0xC2, 0x00, 0xA1, 0x00, 0x81, 0x00, 0x81, 0x00, 0x40, 0x00, 0x04, 0x32, 0x05, 0x5B, 0xA4, 0x52,
    0x84, 0x4A, 0x23, 0x32, 0x03, 0x32, 0x03, 0x32, 0xE3, 0x29, 0xC3, 0x29, 0x83, 0x31, 0xC1, 0x20,
    0xA0, 0x10, 0x01, 0x11, 0x01, 0x09, 0x01, 0x11, 0xE1, 0x10, 0xE1, 0x08, 0xE1, 0x08, 0x01, 0x11,
    0x01, 0x11, 0x01, 0x11, 0xC2, 0x21, 0x85, 0x32, 0xE7, 0x3A, 0xC7, 0x32, 0xA7, 0x2A, 0x86, 0x22,
    0x46, 0x22, 0x46, 0x1A, 0x26, 0x1A, 0x26, 0x1A, 0xC5, 0x11, 0x04, 0x01, 0xEA, 0x19, 0x90, 0x22,
    0x4F, 0x22, 0xCB, 0x19, 0x83, 0x00, 0x81, 0x00, 0x81, 0x00, 0x60, 0x00, 0x60, 0x00, 0xC2, 0x00,
    0x23, 0x09, 0xE3, 0x00, 0xE2, 0x08, 0xE2, 0x08, 0x02, 0x09, 0x01, 0x09, 0x01, 0x09, 0x01, 0x09,
    0x22, 0x09, 0x83, 0x11, 0xA3, 0x11, 0xA3, 0x19, 0xA2, 0x19, 0xC3, 0x19, 0xC3, 0x19, 0xC3, 0x19,
    0xE3, 0x21, 0x24, 0x2A, 0xA6, 0x3A, 0xA6, 0x3A, 0xE3, 0x21, 0xE3, 0x29, 0x23, 0x32, 0x24, 0x32,
    0x64, 0x32, 0x85, 0x3A, 0xA5, 0x3A, 0xC5, 0x42, 0x26, 0x4B, 0x47, 0x4B, 0x45, 0x2A, 0xC4, 0x19,
    0x07, 0x22, 0x6C, 0x2A, 0xD0, 0x32, 0xB1, 0x2A, 0xD1, 0x32, 0xD1, 0x32, 0xD1, 0x32, 0xF1, 0x32,
    0x12, 0x33, 0x12, 0x33, 0x32, 0x33, 0x11, 0x3B, 0xE9, 0x19, 0x22, 0x09, 0x61, 0x11, 0x82, 0x19,
    0xA3, 0x21, 0x65, 0x29, 0xEA, 0x39, 0x32, 0x43, 0x73, 0x3B, 0x73, 0x3B, 0x73, 0x3B, 0x73, 0x3B,
    0x73, 0x43, 0x74, 0x3B, 0x74, 0x3B, 0x94, 0x43, 0x94, 0x43, 0x94, 0x43, 0x94, 0x43, 0x94, 0x43,
    0xB4, 0x43, 0x94, 0x43, 0xB4, 0x43, 0x2E, 0x3B, 0x25, 0x1A, 0x23, 0x22, 0x46, 0x22, 0x2F, 0x3B,
    0xF5, 0x4B, 0xD5, 0x43, 0xD5, 0x43, 0xD5, 0x43, 0xD5, 0x43, 0xD5, 0x43, 0xD5, 0x43, 0xD5, 0x43,
    0xD5, 0x43, 0xD5, 0x43, 0xD5, 0x4B, 0xD5, 0x4B, 0xD5, 0x4B, 0xD5, 0x43, 0xF6, 0x43, 0xD4, 0x43,
    0xA9, 0x39, 0x05, 0x41, 0x46, 0x51, 0x86, 0x61, 0x86, 0x69, 0xA7, 0x71, 0xA7, 0x79, 0x86, 0x79,
    0xA7, 0x79, 0xE8, 0x81, 0x09, 0x8A, 0xE8, 0x89, 0xA7, 0x89, 0x86, 0x81, 0x86, 0x79, 0x87, 0x71,
    0x66, 0x69, 0x87, 0x59, 0xB1, 0x73, 0x14, 0x64, 0x14, 0x64, 0xB2, 0x63, 0x0B, 0x52, 0xA9, 0x51,
    0xA8, 0x49, 0x87, 0x41, 0x67, 0x41, 0x66, 0x41, 0x66, 0x41, 0x66, 0x41, 0x66, 0x41, 0x66, 0x41,
    0x66, 0x41, 0x86, 0x49, 0x86, 0x49, 0x86, 0x49, 0xC7, 0x51, 0xC7, 0x59, 0xC7, 0x59, 0xE8, 0x61,
    0x08, 0x6A, 0xC7, 0x61, 0x08, 0x6A, 0xE8, 0x69, 0x08, 0x72, 0x69, 0x82, 0x69, 0x82, 0xAA, 0x8A,
    0x8A, 0x82, 0xAA, 0x8A, 0xCA, 0x8A, 0xCA, 0x8A, 0x0B, 0x93, 0xEB, 0x8A, 0x28, 0x72, 0xA6, 0x69,
    0x4D, 0xA3, 0x51, 0xD4, 0x8E, 0xC3, 0x8A, 0xB2, 0xC6, 0xA1, 0x44, 0x99, 0x03, 0x91, 0x24, 0x99,
    0xE7, 0xA9, 0xAA, 0xC2, 0xAE, 0xD3, 0xD3, 0xEC, 0x92, 0xD4, 0x6D, 0xB3, 0x8D, 0xB3, 0xCD, 0xBB,
    0xAD, 0xBB, 0xAD, 0xBB, 0xAD, 0xBB, 0x6C, 0xB3, 0x4C, 0xAB, 0x2B, 0xAB, 0x0B, 0xA3, 0x2C, 0xAB,
    0x6C, 0xB3, 0x2B, 0xAB, 0x0B, 0xAB, 0xEB, 0xAA, 0xEB, 0xAA, 0xAA, 0xA2, 0x0B, 0xAB, 0xEA, 0xA2,
    0xCA, 0x9A, 0xEA, 0x9A, 0xCA, 0x9A, 0xA9, 0x92, 0xEA, 0xA2, 0xA9, 0x9A, 0xCA, 0x9A, 0x89, 0x92,
    0xA9, 0x9A, 0xCA, 0x9A, 0xC9, 0x9A, 0xA9, 0x92, 0xA9, 0x9A, 0xEA, 0xA2, 0xCA, 0xA2, 0xCA, 0xA2,
    0xEB, 0xA2, 0x6F, 0x83, 0xB2, 0x63, 0xD3, 0x53, 0xB2, 0x5B, 0xD3, 0x5B, 0xB1, 0x63, 0x8F, 0x9B,
    0x6D, 0xC3, 0xAD, 0xCB, 0x0F, 0xCC, 0x2F, 0xD4, 0x70, 0xD4, 0x70, 0xD4, 0x91, 0xD4, 0xB1, 0xDC,
    0xB1, 0xD4, 0xB1, 0xDC, 0xB1, 0xDC, 0x70, 0xD4, 0x2F, 0xCC, 0x0F, 0xD4, 0x6D, 0xC3, 0xCA, 0xA2,
    0x69, 0x92, 0x4A, 0x72, 0xEF, 0x5A, 0x31, 0x4B, 0x50, 0x4B, 0x51, 0x53, 0x51, 0x53, 0x51, 0x53,
    0x72, 0x53, 0x72, 0x53, 0x71, 0x53, 0x71, 0x4B, 0x51, 0x4B, 0x72, 0x4B, 0xF1, 0x22, 0x6D, 0x12,
    0xA5, 0x11, 0x20, 0x11, 0x01, 0x11, 0x85, 0x19, 0xA5, 0x11, 0x65, 0x09, 0x85, 0x21, 0x07, 0x5A,
    0x23, 0x59, 0x40, 0x50, 0xE1, 0x68, 0x84, 0x79, 0x23, 0x61, 0x02, 0x51, 0x03, 0x51, 0xE2, 0x50,
    0xE2, 0x50, 0xE2, 0x50, 0x23, 0x59, 0x24, 0x59, 0x24, 0x59, 0xE3, 0x50, 0xC1, 0x48, 0x00, 0x41,
    0x41, 0x41, 0x42, 0x41, 0x23, 0x49, 0x24, 0x49, 0x24, 0x49, 0x44, 0x41, 0x43, 0x39, 0x82, 0x31,
    0xA2, 0x29, 0xC2, 0x31, 0xA3, 0x31, 0xA2, 0x29, 0x82, 0x29, 0x43, 0x19, 0xE2, 0x08, 0xC1, 0x00,
    0xC1, 0x00, 0xC1, 0x00, 0xA2, 0x00, 0xA2, 0x00, 0x80, 0x00, 0xE4, 0x29, 0x05, 0x5B, 0xA3, 0x52,
    0x63, 0x4A, 0x23, 0x3A, 0x03, 0x32, 0x03, 0x32, 0x03, 0x2A, 0xA3, 0x29, 0x83, 0x31, 0xA1, 0x20,
    0x80, 0x10, 0xE1, 0x10, 0xE1, 0x08, 0xE1, 0x08, 0xC1, 0x08, 0xC0, 0x08, 0xE1, 0x08, 0x01, 0x11,
    0xA0, 0x08, 0x01, 0x09, 0x86, 0x32, 0xC6, 0x32, 0x86, 0x2A, 0x66, 0x22, 0x46, 0x1A, 0x25, 0x1A,
    0x05, 0x12, 0xE5, 0x11, 0xC4, 0x09, 0xC4, 0x09, 0xC5, 0x11, 0xC6, 0x11, 0x2A, 0x1A, 0x8F, 0x22,
    0x4F, 0x2A, 0x8A, 0x11, 0x62, 0x00, 0x81, 0x00, 0x81, 0x00, 0x60, 0x00, 0x20, 0x00, 0xA2, 0x00,
    0xE3, 0x00, 0xA2, 0x00, 0xC1, 0x00, 0xC1, 0x00, 0xC1, 0x00, 0x01, 0x09, 0x22, 0x09, 0x42, 0x11,
    0x42, 0x11, 0x62, 0x11, 0x62, 0x11, 0x62, 0x11, 0x62, 0x11, 0x82, 0x19, 0xA3, 0x19, 0xA3, 0x19,
    0xC3, 0x19, 0xE3, 0x21, 0x86, 0x32, 0xA6, 0x3A, 0x23, 0x2A, 0x23, 0x32, 0x23, 0x2A, 0x44, 0x32,
    0x64, 0x32, 0x64, 0x32, 0x84, 0x3A, 0x85, 0x3A, 0xE5, 0x42, 0x47, 0x4B, 0xC6, 0x3A, 0x04, 0x22,
    0x06, 0x22, 0x6B, 0x2A, 0xB0, 0x32, 0xD2, 0x32, 0xD1, 0x32, 0xD1, 0x32, 0xF2, 0x32, 0xF2, 0x32,
    0x12, 0x33, 0x32, 0x33, 0x32, 0x3B, 0x6D, 0x2A, 0x24, 0x09, 0x41, 0x09, 0x62, 0x11, 0x83, 0x19,
    0x83, 0x21, 0x44, 0x29, 0xCA, 0x31, 0x11, 0x43, 0x73, 0x3B, 0x73, 0x3B, 0x73, 0x43, 0x73, 0x43,
    0x74, 0x43, 0x73, 0x3B, 0x94, 0x43, 0x94, 0x43, 0x94, 0x43, 0x94, 0x43, 0x94, 0x43, 0x94, 0x43,
    0xB4, 0x43, 0xB5, 0x43, 0x92, 0x43, 0x8A, 0x22, 0x03, 0x1A, 0x43, 0x22, 0x25, 0x22, 0xCC, 0x32,
    0xD4, 0x4B, 0xD5, 0x43, 0xD5, 0x43, 0xD5, 0x43, 0xD5, 0x43, 0xD5, 0x43, 0xD5, 0x43, 0xD5, 0x43,
    0xD5, 0x43, 0xD5, 0x43, 0xD5, 0x43, 0xD5, 0x43, 0xD5, 0x43, 0xD5, 0x43, 0xD5, 0x43, 0xF5, 0x4B,
    0x4C, 0x3A, 0xE5, 0x30, 0x25, 0x49, 0x66, 0x59, 0x66, 0x61, 0x86, 0x69, 0x86, 0x71, 0x86, 0x71,
    0x86, 0x79, 0xA7, 0x81, 0xC8, 0x89, 0xC7, 0x81, 0xA7, 0x81, 0xE8, 0x89, 0x09, 0x8A, 0x09, 0x82,
    0xA7, 0x71, 0x66, 0x59, 0x8C, 0x6A, 0x14, 0x6C, 0xF4, 0x5B, 0x14, 0x64, 0x2F, 0x63, 0xA9, 0x49,
    0xA8, 0x49, 0x87, 0x41, 0x67, 0x41, 0x67, 0x41, 0x66, 0x41, 0x67, 0x41, 0x66, 0x41, 0x46, 0x41,
    0x66, 0x41, 0x66, 0x41, 0x66, 0x41, 0x86, 0x49, 0xA7, 0x51, 0xC7, 0x51, 0xC7, 0x59, 0xE8, 0x61,
    0x08, 0x6A, 0xE8, 0x61, 0xE8, 0x69, 0xE8, 0x69, 0x28, 0x72, 0x29, 0x72, 0x69, 0x7A, 0x69, 0x82,
    0x69, 0x82, 0xAA, 0x82, 0xAA, 0x8A, 0xCA, 0x8A, 0xCA, 0x8A, 0xCA, 0x8A, 0x8A, 0x82, 0xC6, 0x59,
    0x86, 0x51, 0x69, 0x82, 0x6D, 0xAB, 0x2F, 0xC4, 0x91, 0xD4, 0x91, 0xDC, 0x70, 0xDC, 0x50, 0xD4,
    0x91, 0xDC, 0x71, 0xD4, 0xEF, 0xBB, 0x2C, 0xA3, 0x8A, 0x8A, 0x0B, 0xA3, 0xAD, 0xB3, 0xAD, 0xB3,
    0x6C, 0xB3, 0x6C, 0xB3, 0x6C, 0xB3, 0x4C, 0xAB, 0x4B, 0xAB, 0x2B, 0xAB, 0x0B, 0xAB, 0x2B, 0xAB,
    0xEA, 0xA2, 0x0B, 0xA3, 0x0B, 0xAB, 0xEA, 0xA2, 0xEA, 0xA2, 0xEA, 0xA2, 0xAA, 0x9A, 0xA9, 0x9A,
    0xAA, 0x9A, 0xCA, 0x9A, 0xA9, 0x92, 0x89, 0x92, 0xA9, 0x9A, 0x88, 0x92, 0x48, 0x8A, 0x48, 0x8A,
    0xA9, 0x9A, 0x89, 0x92, 0x89, 0x92, 0xCA, 0x9A, 0xA9, 0x9A, 0x89, 0x9A, 0xC9, 0x9A, 0xCA, 0xA2,
    0x0C, 0x93, 0x90, 0x6B, 0xB2, 0x53, 0xB2, 0x53, 0xB2, 0x53, 0x91, 0x5B, 0x90, 0x7B, 0xCF, 0xC3,
    0xAD, 0xD3, 0xEE, 0xD3, 0x2F, 0xD4, 0x0F, 0xCC, 0x50, 0xD4, 0x91, 0xD4, 0xB1, 0xDC, 0xB1, 0xD4,
    0xB1, 0xD4, 0x90, 0xD4, 0x70, 0xD4, 0x4F, 0xCC, 0x2F, 0xCC, 0xEE, 0xC3, 0xCE, 0xBB, 0x6D, 0xAB,
    0x4D, 0x9B, 0x2E, 0x7B, 0x50, 0x5B, 0x51, 0x53, 0x71, 0x53, 0x92, 0x53, 0xB3, 0x5B, 0xB3, 0x5B,
    0xD3, 0x5B, 0xD3, 0x5B, 0xD3, 0x5B, 0x93, 0x53, 0x72, 0x4B, 0x52, 0x4B, 0x31, 0x3B, 0x6B, 0x1A,
    0xA4, 0x11, 0x21, 0x11, 0xE1, 0x18, 0x65, 0x29, 0x64, 0x29, 0x44, 0x31, 0xE6, 0x59, 0x64, 0x69,
    0x40, 0x50, 0x20, 0x48, 0x60, 0x50, 0x43, 0x71, 0xA5, 0x71, 0x64, 0x61, 0x64, 0x59, 0x44, 0x51,
    0x24, 0x59, 0x24, 0x61, 0x24, 0x61, 0x24, 0x59, 0x44, 0x59, 0x03, 0x51, 0xC0, 0x40, 0x00, 0x39,
    0x60, 0x39, 0x80, 0x39, 0x62, 0x41, 0x43, 0x41, 0x45, 0x49, 0x45, 0x41, 0x24, 0x39, 0x44, 0x39,
    0x83, 0x39, 0x82, 0x31, 0x62, 0x29, 0x61, 0x21, 0x41, 0x21, 0x42, 0x19, 0xE2, 0x10, 0xA1, 0x00,
    0xA1, 0x00, 0xA1, 0x00, 0xC1, 0x00, 0xC2, 0x00, 0xA1, 0x00, 0xA3, 0x21, 0xE5, 0x52, 0x62, 0x4A,
    0x42, 0x42, 0xC2, 0x39, 0x62, 0x31, 0xC3, 0x31, 0xE3, 0x31, 0xA3, 0x29, 0x63, 0x31, 0xA1, 0x20,
    0x80, 0x10, 0xC0, 0x08, 0xC1, 0x08, 0xC1, 0x08, 0xA0, 0x08, 0xC0, 0x08, 0x01, 0x11, 0xC1, 0x08,
    0x01, 0x11, 0x65, 0x32, 0xC6, 0x32, 0x85, 0x2A, 0x65, 0x22, 0x25, 0x1A, 0x05, 0x1A, 0x05, 0x12,
    0xE5, 0x11, 0xA4, 0x09, 0x83, 0x09, 0x83, 0x01, 0x84, 0x09, 0x85, 0x09, 0xA7, 0x09, 0x4B, 0x22,
    0x6F, 0x2A, 0x48, 0x11, 0x82, 0x00, 0x81, 0x00, 0x81, 0x00, 0x40, 0x00, 0x00, 0x00, 0x40, 0x00,
    0xC1, 0x00, 0xA1, 0x00, 0xA1, 0x00, 0xC1, 0x00, 0xE1, 0x08, 0x22, 0x09, 0x22, 0x09, 0x42, 0x11,
    0x42, 0x11, 0x62, 0x11, 0x62, 0x11, 0x42, 0x11, 0x62, 0x11, 0x82, 0x19, 0xA2, 0x19, 0xA3, 0x19,
    0xC3, 0x19, 0xC3, 0x21, 0x65, 0x32, 0xC7, 0x3A, 0x64, 0x32, 0x64, 0x32, 0x64, 0x32, 0x64, 0x32,
    0x64, 0x32, 0x44, 0x32, 0x44, 0x2A, 0x44, 0x2A, 0x64, 0x32, 0x06, 0x43, 0x27, 0x4B, 0x25, 0x2A,
    0x05, 0x22, 0x88, 0x32, 0xCD, 0x32, 0xF1, 0x32, 0xF1, 0x32, 0xD0, 0x32, 0x6E, 0x2A, 0xAF, 0x2A,
    0x12, 0x33, 0x33, 0x33, 0x12, 0x33, 0xA9, 0x11, 0xE2, 0x00, 0x21, 0x09, 0x42, 0x11, 0x82, 0x11,
    0x63, 0x21, 0x45, 0x29, 0xA9, 0x31, 0xF1, 0x3A, 0x73, 0x3B, 0x53, 0x3B, 0x53, 0x43, 0x53, 0x43,
    0x74, 0x3B, 0x73, 0x3B, 0x94, 0x43, 0x94, 0x43, 0x94, 0x43, 0x94, 0x43, 0x94, 0x43, 0x94, 0x43,
    0xB4, 0x43, 0xD5, 0x43, 0x0E, 0x33, 0x05, 0x12, 0x03, 0x1A, 0x44, 0x22, 0x25, 0x22, 0x69, 0x22,
    0x71, 0x3B, 0xD4, 0x4B, 0xD5, 0x43, 0xD5, 0x43, 0xD5, 0x4B, 0xD5, 0x43, 0xD5, 0x43, 0xD5, 0x43,
    0xD5, 0x43, 0xD5, 0x43, 0xD5, 0x43, 0xD5, 0x43, 0xD5, 0x43, 0xD5, 0x43, 0xD4, 0x43, 0xF5, 0x4B,
    0x71, 0x4B, 0x27, 0x29, 0x04, 0x39, 0x25, 0x51, 0x66, 0x61, 0x66, 0x61, 0x66, 0x69, 0x86, 0x71,
    0x66, 0x71, 0x86, 0x81, 0x87, 0x79, 0xE8, 0x89, 0x6A, 0x9A, 0x6A, 0x9A, 0x29, 0x8A, 0x29, 0x82,
    0xA8, 0x71, 0xA8, 0x69, 0xA8, 0x59, 0x2F, 0x63, 0xF3, 0x63, 0xD4, 0x5B, 0xD3, 0x63, 0x0B, 0x4A,
    0x67, 0x41, 0x88, 0x49, 0x67, 0x41, 0x67, 0x41, 0x87, 0x41, 0x87, 0x41, 0x86, 0x41, 0x66, 0x41,
    0x66, 0x41, 0x86, 0x41, 0x86, 0x41, 0x66, 0x41, 0x66, 0x49, 0x86, 0x49, 0x87, 0x51, 0xA7, 0x59,
    0xC7, 0x59, 0xC7, 0x59, 0xE7, 0x61, 0x08, 0x6A, 0x08, 0x6A, 0xE8, 0x69, 0x08, 0x72, 0x49, 0x7A,
    0x8A, 0x82, 0x89, 0x82, 0x69, 0x7A, 0x89, 0x82, 0x89, 0x82, 0x49, 0x82, 0x48, 0x7A, 0x28, 0x6A,
    0x86, 0x49, 0x44, 0x49, 0x85, 0x59, 0x07, 0x72, 0x69, 0x82, 0xCA, 0x92, 0xCA, 0x92, 0xA9, 0x8A,
    0x89, 0x8A, 0x28, 0x7A, 0xC7, 0x71, 0xE7, 0x71, 0xCA, 0x92, 0x2B, 0xA3, 0x2B, 0xA3, 0x8D, 0xB3,
    0x6C, 0xB3, 0x6C, 0xB3, 0x4C, 0xAB, 0x6C, 0xAB, 0x4C, 0xAB, 0x0B, 0xA3, 0x0B, 0xA3, 0xEA, 0xA2,
    0xCA, 0x9A, 0x0B, 0xA3, 0xEA, 0xA2, 0xCA, 0x9A, 0xCA, 0x9A, 0xCA, 0x9A, 0xCA, 0x9A, 0xA9, 0x9A,
    0x68, 0x92, 0x68, 0x8A, 0x89, 0x8A, 0x69, 0x8A, 0x68, 0x8A, 0x68, 0x8A, 0x68, 0x8A, 0x89, 0x92,
    0xA9, 0x92, 0x88, 0x8A, 0x89, 0x92, 0xA9, 0x9A, 0xA9, 0x92, 0x68, 0x92, 0xA9, 0x92, 0xCA, 0x92,
    0x70, 0x7B, 0xB2, 0x5B, 0xB2, 0x53, 0x92, 0x53, 0x92, 0x53, 0x50, 0x63, 0x8F, 0xA3, 0x8D, 0xC3,
    0xEE, 0xD3, 0xCE, 0xCB, 0x0F, 0xD4, 0x4F, 0xD4, 0x70, 0xD4, 0x70, 0xD4, 0x70, 0xD4, 0x91, 0xD4,
    0x90, 0xD4, 0x70, 0xD4, 0x4F, 0xCC, 0xEE, 0xC3, 0xEE, 0xC3, 0xAE, 0xBB, 0x8C, 0xAB, 0x2C, 0x9B,
    0x4E, 0x93, 0x90, 0x7B, 0xF3, 0x63, 0xB3, 0x5B, 0x92, 0x5B, 0xB3, 0x5B, 0xD3, 0x5B, 0xF3, 0x63,
    0x13, 0x64, 0xD1, 0x5B, 0xEE, 0x3A, 0x50, 0x4B, 0xD2, 0x5B, 0x91, 0x53, 0xED, 0x3A, 0x27, 0x1A,
    0xA3, 0x11, 0x82, 0x19, 0x43, 0x21, 0x04, 0x31, 0x04, 0x39, 0x65, 0x59, 0x03, 0x59, 0x40, 0x58,
    0x60, 0x50, 0x22, 0x51, 0x23, 0x51, 0x60, 0x50, 0x63, 0x71, 0xC5, 0x71, 0x64, 0x59, 0x64, 0x51,
    0x44, 0x59, 0x03, 0x59, 0x24, 0x61, 0x24, 0x61, 0x44, 0x59, 0x44, 0x59, 0xE2, 0x50, 0xE0, 0x40,
    0x60, 0x39, 0x80, 0x39, 0x60, 0x39, 0x62, 0x41, 0x64, 0x49, 0x45, 0x41, 0x44, 0x39, 0x44, 0x39,
    0x43, 0x39, 0x63, 0x39, 0x42, 0x31, 0x21, 0x29, 0x01, 0x21, 0x22, 0x21, 0xE2, 0x10, 0xA1, 0x00,
    0xA1, 0x00, 0xC1, 0x00, 0xC1, 0x00, 0xC1, 0x00, 0xA1, 0x00, 0x22, 0x11, 0x84, 0x4A, 0x62, 0x52,
    0x22, 0x4A, 0xC2, 0x41, 0x00, 0x31, 0x01, 0x29, 0x63, 0x31, 0x62, 0x31, 0x43, 0x39, 0xA1, 0x20,
    0x80, 0x10, 0xC0, 0x08, 0xE0, 0x08, 0xE1, 0x08, 0xA0, 0x08, 0xC0, 0x08, 0xC1, 0x08, 0xA0, 0x08,
    0x24, 0x32, 0xE6, 0x3A, 0x65, 0x2A, 0x24, 0x1A, 0xE4, 0x11, 0xC3, 0x11, 0xC4, 0x11, 0xA4, 0x09,
    0x84, 0x09, 0x83, 0x09, 0x84, 0x09, 0x63, 0x01, 0x63, 0x01, 0x63, 0x01, 0x44, 0x01, 0xA6, 0x09,
    0xA9, 0x19, 0xC5, 0x00, 0x82, 0x00, 0x81, 0x00, 0x61, 0x00, 0x20, 0x00, 0x40, 0x00, 0x23, 0x11,
    0xA4, 0x19, 0x83, 0x19, 0x42, 0x11, 0x42, 0x11, 0x62, 0x11, 0x62, 0x11, 0x21, 0x09, 0x01, 0x09,
    0x21, 0x09, 0x42, 0x11, 0x82, 0x19, 0x62, 0x11, 0x62, 0x11, 0x82, 0x19, 0xA2, 0x19, 0xA2, 0x19,
    0x82, 0x19, 0x83, 0x11, 0xE4, 0x21, 0x86, 0x32, 0xA6, 0x32, 0x85, 0x32, 0x44, 0x32, 0x43, 0x32,
    0x44, 0x32, 0x64, 0x32, 0x64, 0x32, 0x64, 0x32, 0x64, 0x32, 0xA5, 0x3A, 0x07, 0x43, 0xA7, 0x3A,
    0x24, 0x2A, 0x86, 0x32, 0x48, 0x2A, 0x6C, 0x2A, 0xAF, 0x32, 0x0B, 0x22, 0x46, 0x09, 0x67, 0x09,
    0xCF, 0x32, 0x53, 0x33, 0xF1, 0x2A, 0x46, 0x09, 0xE1, 0x00, 0x01, 0x09, 0x41, 0x11, 0x62, 0x11,
    0x43, 0x19, 0x25, 0x29, 0x48, 0x29, 0x8F, 0x32, 0x73, 0x3B, 0x53, 0x3B, 0x53, 0x3B, 0x73, 0x3B,
    0x73, 0x3B, 0x73, 0x3B, 0x94, 0x43, 0x94, 0x43, 0x94, 0x43, 0x94, 0x43, 0x94, 0x43, 0x94, 0x43,
    0xD5, 0x43, 0x72, 0x3B, 0x08, 0x1A, 0xE3, 0x19, 0x23, 0x22, 0x24, 0x22, 0x25, 0x22, 0x26, 0x1A,
    0xED, 0x2A, 0xD3, 0x4B, 0xD5, 0x43, 0xD5, 0x43, 0xD5, 0x43, 0xD5, 0x43, 0xD5, 0x43, 0xD5, 0x43,
    0xD5, 0x43, 0xD5, 0x43, 0xD5, 0x43, 0xD5, 0x43, 0xD5, 0x43, 0xD5, 0x43, 0xD5, 0x43, 0xB4, 0x43,
    0xD4, 0x4B, 0x6D, 0x42, 0xC4, 0x28, 0x05, 0x41, 0x45, 0x51, 0x66, 0x61, 0x65, 0x61, 0x66, 0x69,
    0x66, 0x71, 0x86, 0x79, 0x09, 0x8A, 0x8A, 0x9A, 0x8B, 0x92, 0x2A, 0x8A, 0x4A, 0x92, 0x29, 0x8A,
    0x09, 0x82, 0xC8, 0x71, 0x87, 0x61, 0xE9, 0x51, 0x91, 0x63, 0xF3, 0x53, 0xF3, 0x5B, 0x50, 0x5B,
    0xA8, 0x41, 0x68, 0x51, 0x67, 0x49, 0x67, 0x49, 0x87, 0x49, 0x87, 0x41, 0x86, 0x41, 0x66, 0x41,
    0x86, 0x41, 0x66, 0x41, 0x66, 0x41, 0x86, 0x41, 0x86, 0x49, 0x86, 0x49, 0x66, 0x49, 0x86, 0x49,
    0xA6, 0x51, 0xA6, 0x51, 0xA6, 0x59, 0xC7, 0x59, 0xE7, 0x61, 0x08, 0x6A, 0x08, 0x6A, 0x28, 0x72,
    0x08, 0x72, 0x49, 0x7A, 0x49, 0x7A, 0x48, 0x7A, 0x69, 0x82, 0x48, 0x7A, 0x07, 0x72, 0x48, 0x72,
    0x28, 0x62, 0xC7, 0x59, 0x85, 0x51, 0x85, 0x51, 0xA5, 0x59, 0xA5, 0x59, 0x85, 0x61, 0x44, 0x59,
    0x85, 0x61, 0xC6, 0x69, 0x48, 0x7A, 0xCA, 0x8A, 0xEA, 0x92, 0x0A, 0x9B, 0xCA, 0x9A, 0x0B, 0xA3,
    0x2B, 0xA3, 0x4C, 0xAB, 0x4B, 0xAB, 0xEA, 0xA2, 0x0B, 0xA3, 0x0B, 0xA3, 0xCA, 0x9A, 0xCA, 0x9A,
    0xA9, 0x9A, 0xAA, 0x9A, 0xA9, 0x9A, 0x89, 0x92, 0x89, 0x92, 0xA9, 0x9A, 0x68, 0x92, 0x68, 0x8A,
    0xA9, 0x92, 0x89, 0x8A, 0x89, 0x92, 0x68, 0x8A, 0x47, 0x8A, 0x68, 0x8A, 0x47, 0x82, 0x48, 0x8A,
    0x47, 0x82, 0x68, 0x92, 0x88, 0x92, 0x68, 0x8A, 0x69, 0x92, 0x69, 0x92, 0x89, 0x92, 0x0D, 0x7B,
    0x91, 0x63, 0xB3, 0x53, 0xB2, 0x53, 0x92, 0x53, 0x70, 0x5B, 0x8F, 0x8B, 0x8E, 0xBB, 0xAD, 0xCB,
    0x0E, 0xD4, 0xEE, 0xCB, 0x0F, 0xCC, 0x50, 0xD4, 0x70, 0xD4, 0x50, 0xCC, 0x70, 0xD4, 0x70, 0xD4,
    0x70, 0xD4, 0x50, 0xD4, 0x2F, 0xCC, 0x0F, 0xCC, 0x8D, 0xBB, 0x6D, 0xB3, 0x6D, 0xAB, 0x4C, 0xA3,
    0x4E, 0x8B, 0x91, 0x6B, 0xF3, 0x63, 0xF3, 0x63, 0xD2, 0x5B, 0xD2, 0x5B, 0xD3, 0x63, 0xD2, 0x63,
    0x4E, 0x4B, 0x28, 0x22, 0x64, 0x09, 0xC7, 0x19, 0x6E, 0x4B, 0xEA, 0x3A, 0xE5, 0x19, 0xC4, 0x19,
    0xC4, 0x11, 0xA3, 0x19, 0x43, 0x21, 0xE3, 0x30, 0x45, 0x51, 0xE3, 0x50, 0x20, 0x50, 0x60, 0x50,
    0x42, 0x51, 0x87, 0x62, 0xC9, 0x6A, 0x02, 0x51, 0x80, 0x58, 0x84, 0x79, 0x85, 0x69, 0x44, 0x59,
    0x23, 0x51, 0xE2, 0x50, 0xC1, 0x58, 0x03, 0x69, 0x23, 0x61, 0x03, 0x51, 0xE2, 0x50, 0xA0, 0x40,
    0x00, 0x39, 0x40, 0x31, 0x20, 0x31, 0x01, 0x41, 0x22, 0x49, 0x44, 0x49, 0x24, 0x41, 0x24, 0x39,
    0x03, 0x31, 0x24, 0x39, 0x03, 0x39, 0xE2, 0x30, 0xC1, 0x30, 0xE2, 0x28, 0xE2, 0x18, 0xA1, 0x08,
    0xA1, 0x00, 0xA1, 0x00, 0xC1, 0x00, 0xC1, 0x00, 0x81, 0x00, 0xA0, 0x00, 0xE3, 0x39, 0x62, 0x52,
    0x22, 0x52, 0x02, 0x4A, 0xA2, 0x41, 0xE0, 0x30, 0xA0, 0x28, 0xE1, 0x30, 0x22, 0x39, 0xA1, 0x20,
    0x60, 0x10, 0xC0, 0x08, 0xE1, 0x10, 0xE1, 0x10, 0xC0, 0x08, 0xA1, 0x08, 0x40, 0x00, 0x02, 0x19,
    0xA6, 0x42, 0x65, 0x2A, 0x04, 0x22, 0xE4, 0x11, 0xC3, 0x11, 0x83, 0x09, 0x83, 0x09, 0x63, 0x01,
    0x63, 0x01, 0x63, 0x09, 0x43, 0x01, 0x43, 0x01, 0x22, 0x01, 0x22, 0x01, 0x02, 0x01, 0x03, 0x01,
    0xE5, 0x00, 0xA3, 0x00, 0xA2, 0x00, 0xA2, 0x00, 0x61, 0x00, 0xA1, 0x00, 0xC5, 0x21, 0x67, 0x32,
    0x05, 0x22, 0xE4, 0x19, 0xE3, 0x21, 0x03, 0x22, 0x04, 0x2A, 0x03, 0x22, 0x82, 0x11, 0x21, 0x09,
    0x01, 0x09, 0x21, 0x09, 0x62, 0x11, 0x62, 0x11, 0x42, 0x11, 0x82, 0x19, 0x82, 0x19, 0x62, 0x11,
    0x01, 0x09, 0xE2, 0x00, 0x43, 0x09, 0xC5, 0x19, 0x46, 0x22, 0xA7, 0x32, 0x65, 0x32, 0x23, 0x2A,
    0x43, 0x32, 0x44, 0x32, 0x64, 0x32, 0x84, 0x3A, 0x84, 0x3A, 0x84, 0x3A, 0xC6, 0x42, 0xC7, 0x42,
    0x05, 0x22, 0xA4, 0x19, 0x64, 0x11, 0x65, 0x09, 0x86, 0x11, 0x44, 0x09, 0x02, 0x09, 0x02, 0x01,
    0xE9, 0x19, 0x10, 0x33, 0xAD, 0x2A, 0x03, 0x01, 0xE1, 0x08, 0x01, 0x09, 0x41, 0x09, 0x62, 0x11,
    0x43, 0x19, 0x25, 0x31, 0x27, 0x29, 0x2D, 0x2A, 0x53, 0x43, 0x53, 0x3B, 0x53, 0x3B, 0x73, 0x3B,
    0x73, 0x3B, 0x73, 0x3B, 0x94, 0x43, 0x94, 0x43, 0x94, 0x43, 0x94, 0x43, 0x94, 0x43, 0x94, 0x43,
    0xB4, 0x43, 0x10, 0x33, 0xA4, 0x11, 0xE2, 0x19, 0x03, 0x22, 0x24, 0x22, 0x24, 0x1A, 0x25, 0x1A,
    0x6A, 0x22, 0x91, 0x43, 0xD5, 0x4B, 0xD5, 0x43, 0xD5, 0x43, 0xD5, 0x43, 0xD5, 0x43, 0xD5, 0x43,
    0xD5, 0x43, 0xD5, 0x43, 0xD5, 0x43, 0xD5, 0x43, 0xB5, 0x43, 0xB4, 0x3B, 0xB4, 0x43, 0xB4, 0x43,
    0xB4, 0x3B, 0x93, 0x4B, 0xCA, 0x29, 0xC5, 0x20, 0x25, 0x41, 0x25, 0x51, 0x45, 0x61, 0x66, 0x69,
    0x87, 0x71, 0x29, 0x8A, 0x8B, 0x92, 0xAB, 0x9A, 0x8B, 0x92, 0x6A, 0x92, 0x4A, 0x92, 0x6A, 0x8A,
    0x49, 0x8A, 0xE8, 0x79, 0x88, 0x69, 0x66, 0x59, 0x4B, 0x52, 0xB1, 0x63, 0xD2, 0x53, 0xF3, 0x5B,
    0xCE, 0x52, 0x88, 0x49, 0x87, 0x49, 0x67, 0x49, 0x87, 0x49, 0x87, 0x49, 0x86, 0x41, 0x86, 0x41,
    0x66, 0x41, 0x66, 0x41, 0x66, 0x41, 0x66, 0x41, 0x66, 0x41, 0x86, 0x49, 0x86, 0x49, 0x66, 0x49,
    0xA6, 0x51, 0xC7, 0x51, 0xA6, 0x51, 0x86, 0x51, 0xA6, 0x59, 0xE7, 0x61, 0xC7, 0x61, 0xE7, 0x61,
    0x48, 0x72, 0x28, 0x72, 0x49, 0x72, 0x28, 0x72, 0x08, 0x72, 0x28, 0x7A, 0x28, 0x72, 0x08, 0x72,
    0x28, 0x72, 0x28, 0x6A, 0x28, 0x62, 0x28, 0x62, 0xE7, 0x61, 0xC6, 0x61, 0xE6, 0x69, 0xE7, 0x69,
    0x28, 0x72, 0x69, 0x82, 0x89, 0x8A, 0xCA, 0x92, 0xCA, 0x92, 0x0A, 0x9B, 0x0B, 0x9B, 0xEA, 0x9A,
    0x2B, 0xA3, 0x2B, 0xA3, 0x2B, 0xA3, 0x0B, 0xA3, 0xEA, 0x9A, 0xEA, 0x9A, 0xCA, 0x9A, 0xA9, 0x9A,
    0xA9, 0x92, 0x89, 0x92, 0xCA, 0x9A, 0x89, 0x92, 0x89, 0x92, 0x89, 0x92, 0x68, 0x8A, 0x68, 0x8A,
    0x89, 0x8A, 0x68, 0x8A, 0x48, 0x82, 0x48, 0x8A, 0x48, 0x8A, 0x68, 0x8A, 0x27, 0x82, 0x27, 0x82,
    0x27, 0x82, 0x48, 0x8A, 0x48, 0x8A, 0x69, 0x92, 0x49, 0x92, 0xAA, 0xA2, 0x0C, 0x93, 0x50, 0x6B,
    0x91, 0x53, 0x92, 0x53, 0xB1, 0x53, 0x71, 0x53, 0x70, 0x83, 0xAE, 0xB3, 0xAD, 0xCB, 0xCD, 0xCB,
    0x0F, 0xD4, 0x0F, 0xCC, 0x0F, 0xCC, 0x2F, 0xCC, 0x70, 0xD4, 0x70, 0xD4, 0x70, 0xD4, 0x50, 0xCC,
    0x50, 0xCC, 0x50, 0xCC, 0x0F, 0xC4, 0xEE, 0xC3, 0x6D, 0xB3, 0x4D, 0xB3, 0x6D, 0xAB, 0x6E, 0xA3,
    0x8F, 0x83, 0xB1, 0x63, 0xD2, 0x5B, 0xB2, 0x5B, 0xD2, 0x5B, 0xB2, 0x5B, 0xD3, 0x63, 0x90, 0x53,
    0x08, 0x22, 0x22, 0x09, 0x42, 0x09, 0xE4, 0x19, 0x87, 0x2A, 0x04, 0x22, 0xE3, 0x19, 0xC3, 0x19,
    0xC4, 0x11, 0x83, 0x11, 0x43, 0x29, 0x65, 0x49, 0xE3, 0x50, 0x20, 0x50, 0x80, 0x60, 0x21, 0x59,
    0x86, 0x5A, 0x2B, 0x63, 0x6B, 0x6B, 0x88, 0x6A, 0xC1, 0x50, 0xE2, 0x60, 0x23, 0x61, 0xE2, 0x50,
    0xE2, 0x48, 0xC1, 0x48, 0xA1, 0x50, 0xC1, 0x60, 0x80, 0x58, 0x60, 0x48, 0x80, 0x40, 0xC0, 0x48,
    0x00, 0x41, 0x00, 0x31, 0xC0, 0x30, 0xA0, 0x38, 0xC1, 0x40, 0x03, 0x49, 0x03, 0x41, 0xE3, 0x38,
    0xE3, 0x30, 0x24, 0x39, 0x03, 0x39, 0xE2, 0x38, 0xC2, 0x30, 0xE2, 0x30, 0x03, 0x31, 0xC2, 0x18,
    0x61, 0x00, 0xA1, 0x00, 0xA1, 0x00, 0xA0, 0x00, 0xC1, 0x00, 0x83, 0x21, 0x23, 0x42, 0x42, 0x52,
    0x41, 0x52, 0x21, 0x52, 0x02, 0x4A, 0x61, 0x41, 0xC0, 0x30, 0xC0, 0x30, 0xE1, 0x38, 0x60, 0x20,
    0x60, 0x08, 0xC0, 0x08, 0xE1, 0x10, 0xE1, 0x10, 0xA0, 0x08, 0x81, 0x08, 0x20, 0x00, 0xC4, 0x31,
    0x85, 0x3A, 0x24, 0x2A, 0xE4, 0x19, 0xC3, 0x11, 0xA4, 0x11, 0xA3, 0x09, 0xA4, 0x09, 0x83, 0x09,
    0x83, 0x09, 0x43, 0x09, 0x22, 0x01, 0x02, 0x01, 0x02, 0x01, 0x02, 0x01, 0x02, 0x01, 0x02, 0x01,
    0xA3, 0x00, 0xA3, 0x00, 0xC2, 0x00, 0xC2, 0x00, 0xC2, 0x00, 0xA5, 0x19, 0x26, 0x22, 0xA4, 0x19,
    0x42, 0x11, 0x62, 0x11, 0xA2, 0x19, 0xC3, 0x21, 0x23, 0x22, 0x64, 0x32, 0x23, 0x2A, 0x61, 0x11,
    0x21, 0x09, 0x22, 0x09, 0x42, 0x11, 0x42, 0x11, 0x62, 0x11, 0x82, 0x19, 0x62, 0x11, 0x02, 0x09,
    0xC2, 0x00, 0x02, 0x01, 0x64, 0x09, 0xA5, 0x11, 0xC5, 0x11, 0x67, 0x22, 0xA7, 0x32, 0x24, 0x2A,
    0x43, 0x32, 0x23, 0x32, 0x44, 0x32, 0x84, 0x3A, 0xA4, 0x3A, 0xA5, 0x3A, 0xE6, 0x42, 0xC6, 0x3A,
    0xA4, 0x19, 0xE2, 0x00, 0xE2, 0x00, 0x22, 0x01, 0x22, 0x09, 0x02, 0x09, 0x21, 0x09, 0xE1, 0x00,
    0xE3, 0x00, 0xA6, 0x11, 0x65, 0x11, 0xE2, 0x00, 0x01, 0x09, 0x21, 0x09, 0x41, 0x11, 0x62, 0x11,
    0x03, 0x19, 0x25, 0x31, 0x06, 0x29, 0xEB, 0x29, 0x32, 0x3B, 0x53, 0x3B, 0x53, 0x33, 0x53, 0x3B,
    0x73, 0x3B, 0x73, 0x3B, 0x73, 0x3B, 0x73, 0x3B, 0x73, 0x3B, 0x73, 0x3B, 0x94, 0x3B, 0x94, 0x3B,
    0xB4, 0x43, 0xEF, 0x2A, 0x84, 0x09, 0xC2, 0x11, 0x03, 0x1A, 0x23, 0x1A, 0x24, 0x1A, 0x25, 0x1A,
    0x27, 0x1A, 0x4F, 0x3B, 0xF4, 0x4B, 0xD4, 0x43, 0xD4, 0x43, 0xB4, 0x43, 0xB4, 0x43, 0xB4, 0x43,
    0xB4, 0x43, 0xB4, 0x43, 0xB4, 0x43, 0xB4, 0x43, 0xB4, 0x43, 0xB4, 0x43, 0x94, 0x3B, 0x94, 0x3B,
    0x94, 0x3B, 0x94, 0x43, 0x72, 0x43, 0x68, 0x21, 0xE5, 0x30, 0x26, 0x49, 0x87, 0x59, 0xE8, 0x69,
    0x29, 0x7A, 0x4A, 0x82, 0x6A, 0x8A, 0xAB, 0x92, 0xAB, 0x9A, 0x8B, 0x92, 0x6A, 0x92, 0x6A, 0x8A,
    0x4A, 0x8A, 0x09, 0x82, 0xA8, 0x71, 0x87, 0x61, 0x67, 0x49, 0x6C, 0x5A, 0xB2, 0x5B, 0xB3, 0x53,
    0xB2, 0x5B, 0x4C, 0x4A, 0x87, 0x49, 0x87, 0x49, 0x87, 0x51, 0x87, 0x49, 0x87, 0x49, 0x86, 0x41,
    0x66, 0x41, 0x66, 0x41, 0x66, 0x41, 0x65, 0x41, 0x66, 0x41, 0x65, 0x41, 0x66, 0x41, 0x86, 0x49,
    0x66, 0x49, 0x86, 0x51, 0xC7, 0x59, 0xE7, 0x59, 0xC7, 0x59, 0xC7, 0x59, 0x07, 0x62, 0x07, 0x62,
    0xE7, 0x61, 0x07, 0x6A, 0x08, 0x6A, 0xE7, 0x69, 0x07, 0x6A, 0x28, 0x72, 0x28, 0x72, 0x08, 0x72,
    0x07, 0x6A, 0x28, 0x72, 0x28, 0x72, 0x28, 0x6A, 0x48, 0x72, 0x68, 0x72, 0x68, 0x7A, 0x89, 0x82,
    0x69, 0x7A, 0x69, 0x82, 0xA9, 0x8A, 0xC9, 0x92, 0xEA, 0x92, 0xEA, 0x92, 0xCA, 0x92, 0xEA, 0x9A,
    0xEA, 0x9A, 0xEA, 0x9A, 0xEA, 0x9A, 0xCA, 0x92, 0xAA, 0x92, 0xCA, 0x9A, 0xEA, 0x9A, 0xCA, 0x9A,
    0x89, 0x92, 0x48, 0x8A, 0x68, 0x8A, 0x89, 0x8A, 0x68, 0x8A, 0x48, 0x8A, 0x48, 0x82, 0x48, 0x82,
    0x48, 0x82, 0x68, 0x8A, 0x27, 0x82, 0x48, 0x82, 0x27, 0x82, 0x27, 0x82, 0x27, 0x82, 0x27, 0x82,
    0x68, 0x8A, 0x48, 0x8A, 0x48, 0x92, 0x48, 0x92, 0x48, 0x9A, 0xCB, 0x92, 0x2E, 0x73, 0x71, 0x5B,
    0x71, 0x53, 0x91, 0x53, 0x70, 0x5B, 0x70, 0x7B, 0xD0, 0xB3, 0x6D, 0xC3, 0xCD, 0xC3, 0x2E, 0xD4,
    0x50, 0xDC, 0x2F, 0xD4, 0x2F, 0xCC, 0x2F, 0xCC, 0x70, 0xD4, 0x70, 0xD4, 0x2F, 0xCC, 0x2F, 0xCC,
    0x2F, 0xCC, 0x0F, 0xCC, 0xEE, 0xC3, 0xAD, 0xBB, 0x8D, 0xB3, 0x6D, 0xB3, 0x6C, 0xA3, 0x4D, 0x93,
    0x6F, 0x73, 0xB2, 0x63, 0xB2, 0x5B, 0xB2, 0x5B, 0xD2, 0x5B, 0xB2, 0x5B, 0xD3, 0x5B, 0x0E, 0x43,
    0x64, 0x11, 0x42, 0x09, 0xC4, 0x21, 0x66, 0x32, 0xE3, 0x19, 0xC3, 0x11, 0xE3, 0x19, 0xE3, 0x19,
    0xA3, 0x11, 0xA4, 0x29, 0xE6, 0x51, 0x44, 0x59, 0x20, 0x50, 0xE1, 0x70, 0x22, 0x71, 0xE4, 0x59,
    0x09, 0x63, 0x4B, 0x63, 0x6B, 0x6B, 0x6B, 0x6B, 0xE6, 0x59, 0x81, 0x48, 0x43, 0x69, 0x64, 0x69,
    0x64, 0x61, 0x64, 0x61, 0x63, 0x61, 0x22, 0x69, 0xC1, 0x60, 0xA0, 0x50, 0xE0, 0x40, 0x80, 0x49,
    0xA1, 0x49, 0x81, 0x41, 0x21, 0x41, 0x02, 0x41, 0x03, 0x49, 0x03, 0x49, 0x03, 0x41, 0xE3, 0x38,
    0xE3, 0x38, 0x24, 0x39, 0x24, 0x39, 0x04, 0x39, 0xE3, 0x38, 0x03, 0x39, 0x03, 0x39, 0x03, 0x31,
    0xA1, 0x18, 0x81, 0x08, 0x81, 0x00, 0xC0, 0x00, 0xE3, 0x29, 0xA6, 0x42, 0x24, 0x3A, 0xC1, 0x39,
    0x01, 0x4A, 0x21, 0x4A, 0x01, 0x4A, 0xE2, 0x49, 0x81, 0x49, 0x21, 0x41, 0xC1, 0x38, 0x60, 0x20,
    0x60, 0x08, 0xC0, 0x08, 0xC0, 0x08, 0xA0, 0x08, 0x80, 0x00, 0x40, 0x00, 0xA1, 0x10, 0x45, 0x42,
    0x44, 0x32, 0xE4, 0x21, 0xC3, 0x19, 0x83, 0x09, 0x83, 0x09, 0x83, 0x09, 0x83, 0x09, 0x83, 0x09,
    0x63, 0x09, 0x22, 0x01, 0x02, 0x01, 0x03, 0x01, 0x03, 0x01, 0x03, 0x01, 0x03, 0x01, 0x03, 0x01,
    0xA2, 0x00, 0xA2, 0x00, 0xC2, 0x00, 0xC2, 0x00, 0x23, 0x09, 0x84, 0x19, 0x63, 0x11, 0x22, 0x09,
    0x22, 0x11, 0x42, 0x11, 0x61, 0x11, 0xA2, 0x19, 0xE2, 0x21, 0x23, 0x2A, 0x64, 0x32, 0x23, 0x2A,
    0x41, 0x09, 0x21, 0x09, 0x22, 0x09, 0x42, 0x11, 0x62, 0x11, 0x42, 0x11, 0x22, 0x09, 0xE2, 0x00,
    0xE3, 0x00, 0x23, 0x09, 0x64, 0x09, 0x84, 0x09, 0xA4, 0x09, 0x05, 0x1A, 0x87, 0x2A, 0x65, 0x2A,
    0x23, 0x2A, 0x23, 0x32, 0x43, 0x32, 0x63, 0x32, 0x84, 0x3A, 0xA4, 0x3A, 0xE6, 0x42, 0xC6, 0x42,
    0x63, 0x11, 0xA1, 0x00, 0xE2, 0x00, 0x22, 0x09, 0x43, 0x09, 0x22, 0x09, 0x22, 0x09, 0x02, 0x09,
    0xE2, 0x00, 0xC1, 0x00, 0xC1, 0x00, 0xE1, 0x00, 0x01, 0x01, 0x21, 0x09, 0x42, 0x11, 0x42, 0x11,
    0xE2, 0x18, 0x05, 0x31, 0xE5, 0x20, 0xAA, 0x21, 0x11, 0x3B, 0x53, 0x3B, 0x53, 0x3B, 0x53, 0x3B,
    0x53, 0x3B, 0x73, 0x3B, 0x73, 0x3B, 0x73, 0x3B, 0x74, 0x3B, 0x73, 0x3B, 0x73, 0x3B, 0x93, 0x3B,
    0xB4, 0x43, 0xCE, 0x2A, 0x63, 0x09, 0xC2, 0x11, 0xC3, 0x11, 0x03, 0x1A, 0x24, 0x1A, 0x25, 0x1A,
    0x06, 0x12, 0xCD, 0x2A, 0xD4, 0x4B, 0xB4, 0x43, 0xB4, 0x43, 0x94, 0x3B, 0x94, 0x3B, 0x94, 0x3B,
    0x93, 0x3B, 0x93, 0x3B, 0x94, 0x3B, 0x93, 0x3B, 0x93, 0x3B, 0x93, 0x3B, 0x94, 0x3B, 0x94, 0x3B,
    0x94, 0x3B, 0x74, 0x3B, 0xB4, 0x43, 0xCF, 0x3A, 0x26, 0x21, 0x67, 0x41, 0xC8, 0x59, 0x09, 0x6A,
    0x4A, 0x72, 0x6A, 0x82, 0x6A, 0x8A, 0x8B, 0x8A, 0x6A, 0x92, 0x4A, 0x92, 0x6A, 0x8A, 0x4A, 0x8A,
    0x29, 0x82, 0xE9, 0x79, 0xA7, 0x71, 0x87, 0x61, 0x66, 0x51, 0x26, 0x41, 0x6C, 0x52, 0x92, 0x5B,
    0x92, 0x4B, 0x30, 0x53, 0x0A, 0x4A, 0x87, 0x49, 0x87, 0x51, 0x87, 0x49, 0x87, 0x51, 0x86, 0x49,
    0x66, 0x49, 0x66, 0x41, 0x65, 0x41, 0x66, 0x41, 0x66, 0x41, 0x66, 0x41, 0x66, 0x41, 0x65, 0x41,
    0x65, 0x49, 0x86, 0x51, 0x85, 0x49, 0x86, 0x51, 0xC6, 0x59, 0xC6, 0x59, 0xC6, 0x59, 0xE7, 0x61,
    0x07, 0x62, 0xE7, 0x61, 0xC6, 0x61, 0x08, 0x6A, 0x07, 0x6A, 0x07, 0x6A, 0x08, 0x6A, 0x08, 0x6A,
    0x28, 0x72, 0x28, 0x72, 0x48, 0x72, 0x28, 0x72, 0x28, 0x72, 0x48, 0x7A, 0x48, 0x7A, 0x48, 0x7A,
    0x89, 0x82, 0xA9, 0x82, 0xC9, 0x8A, 0xCA, 0x8A, 0xA9, 0x8A, 0xC9, 0x8A, 0xC9, 0x8A, 0xCA, 0x92,
    0x89, 0x8A, 0x68, 0x8A, 0x68, 0x8A, 0x89, 0x8A, 0x89, 0x8A, 0x89, 0x8A, 0x68, 0x8A, 0x89, 0x8A,
    0x89, 0x8A, 0x68, 0x8A, 0x48, 0x82, 0x48, 0x82, 0x27, 0x7A, 0x27, 0x7A, 0x48, 0x82, 0x68, 0x8A,
    0x27, 0x82, 0x47, 0x82, 0x48, 0x82, 0x27, 0x82, 0x27, 0x82, 0x27, 0x82, 0x48, 0x8A, 0x48, 0x8A,
    0x27, 0x82, 0x48, 0x8A, 0x28, 0x92, 0x28, 0x9A, 0x8A, 0x92, 0x0E, 0x73, 0x30, 0x53, 0x30, 0x4B,
    0x51, 0x53, 0x50, 0x53, 0x2F, 0x6B, 0xD0, 0xAB, 0xAE, 0xCB, 0xCE, 0xCB, 0xEE, 0xCB, 0xEE, 0xCB,
    0x0F, 0xCC, 0x2F, 0xCC, 0x50, 0xD4, 0x50, 0xD4, 0x50, 0xD4, 0x50, 0xD4, 0x2F, 0xCC, 0x0F, 0xCC,
    0x0F, 0xCC, 0xEF, 0xCB, 0xCE, 0xC3, 0xAD, 0xBB, 0x8D, 0xB3, 0x8D, 0xAB, 0x2C, 0x9B, 0x0D, 0x83,
    0x50, 0x6B, 0xB2, 0x5B, 0xB2, 0x5B, 0xB1, 0x5B, 0xB1, 0x5B, 0xB1, 0x5B, 0xD3, 0x5B, 0xAC, 0x32,
    0x23, 0x09, 0x62, 0x11, 0x46, 0x2A, 0xE5, 0x21, 0x82, 0x11, 0xA2, 0x11, 0xA3, 0x11, 0x82, 0x11,
    0x83, 0x19, 0x26, 0x4A, 0x85, 0x59, 0x40, 0x58, 0x21, 0x81, 0xC2, 0x81, 0xA3, 0x59, 0xC8, 0x5A,
    0x2A, 0x63, 0x4B, 0x63, 0x4B, 0x63, 0x6B, 0x6B, 0xE9, 0x62, 0x02, 0x41, 0xE1, 0x58, 0x84, 0x71,
    0x64, 0x69, 0x64, 0x59, 0x43, 0x59, 0x03, 0x59, 0xA1, 0x58, 0xC0, 0x50, 0x80, 0x49, 0xA0, 0x39,
    0x80, 0x39, 0xA1, 0x39, 0x82, 0x39, 0x23, 0x41, 0x03, 0x41, 0x24, 0x41, 0x24, 0x41, 0x03, 0x39,
    0xE3, 0x38, 0x24, 0x39, 0x04, 0x39, 0x04, 0x39, 0x03, 0x39, 0x03, 0x39, 0x03, 0x41, 0x03, 0x39,
    0xE2, 0x30, 0xA1, 0x18, 0x60, 0x00, 0x21, 0x11, 0x85, 0x3A, 0x44, 0x3A, 0xE3, 0x29, 0x81, 0x29,
    0x40, 0x29, 0x80, 0x39, 0xE1, 0x49, 0xE2, 0x49, 0xA1, 0x49, 0x41, 0x51, 0xE1, 0x40, 0x60, 0x20,
    0x40, 0x10, 0x80, 0x08, 0xA0, 0x08, 0x60, 0x00, 0x40, 0x00, 0x40, 0x00, 0x62, 0x29, 0x86, 0x4A,
    0x04, 0x2A, 0xE3, 0x21, 0xA3, 0x19, 0x83, 0x11, 0x63, 0x09, 0x63, 0x09, 0x84, 0x09, 0x63, 0x09,
    0x22, 0x01, 0x02, 0x01, 0x03, 0x01, 0x03, 0x01, 0x23, 0x01, 0x03, 0x01, 0x03, 0x01, 0x03, 0x01,
    0xA2, 0x00, 0xA2, 0x00, 0xC2, 0x00, 0xC2, 0x00, 0x23, 0x09, 0x23, 0x09, 0x22, 0x09, 0x21, 0x09,
    0x22, 0x11, 0x62, 0x11, 0x82, 0x19, 0xA2, 0x19, 0xC2, 0x21, 0x03, 0x2A, 0x24, 0x2A, 0x84, 0x32,
    0xE3, 0x21, 0x01, 0x09, 0x01, 0x09, 0x22, 0x11, 0x01, 0x09, 0xA1, 0x00, 0x81, 0x00, 0x81, 0x00,
    0xC2, 0x00, 0xE3, 0x00, 0x23, 0x09, 0x43, 0x09, 0x84, 0x11, 0xC5, 0x11, 0x46, 0x22, 0x65, 0x2A,
    0x03, 0x2A, 0x02, 0x2A, 0x23, 0x32, 0x23, 0x32, 0x64, 0x32, 0x84, 0x3A, 0xC5, 0x3A, 0xE6, 0x42,
    0x83, 0x19, 0xA1, 0x00, 0x02, 0x09, 0x42, 0x09, 0x43, 0x09, 0x43, 0x09, 0x43, 0x09, 0x22, 0x09,
    0xE2, 0x00, 0xC1, 0x00, 0xE1, 0x00, 0x01, 0x01, 0x01, 0x01, 0x21, 0x09, 0x42, 0x11, 0x42, 0x11,
    0xC2, 0x18, 0x04, 0x31, 0xC4, 0x18, 0x68, 0x19, 0x31, 0x3B, 0x73, 0x3B, 0x73, 0x3B, 0x73, 0x43,
    0x73, 0x3B, 0x73, 0x3B, 0x73, 0x43, 0x94, 0x43, 0x94, 0x43, 0x73, 0x3B, 0x73, 0x3B, 0x93, 0x3B,
    0xD4, 0x43, 0x0F, 0x33, 0x84, 0x09, 0xA2, 0x11, 0xA2, 0x11, 0xE3, 0x19, 0x04, 0x12, 0x05, 0x12,
    0xE5, 0x09, 0x6B, 0x1A, 0x93, 0x43, 0x94, 0x43, 0x93, 0x3B, 0x73, 0x3B, 0x73, 0x3B, 0x73, 0x3B,
    0x73, 0x3B, 0x73, 0x3B, 0x53, 0x3B, 0x73, 0x3B, 0x73, 0x3B, 0x93, 0x3B, 0x93, 0x3B, 0x73, 0x3B,
    0x93, 0x3B, 0x73, 0x3B, 0x73, 0x3B, 0x93, 0x43, 0x4C, 0x3A, 0x47, 0x39, 0x87, 0x49, 0xC8, 0x59,
    0x09, 0x6A, 0x6A, 0x7A, 0x6A, 0x82, 0x6A, 0x8A, 0x8A, 0x92, 0x6A, 0x8A, 0x6A, 0x8A, 0x2A, 0x8A,
    0x29, 0x82, 0xE8, 0x79, 0xC8, 0x71, 0xA7, 0x69, 0x66, 0x59, 0x26, 0x49, 0x06, 0x41, 0x6C, 0x4A,
    0x92, 0x5B, 0x72, 0x4B, 0x31, 0x53, 0xEA, 0x49, 0x66, 0x49, 0x86, 0x51, 0x86, 0x51, 0x86, 0x49,
    0x86, 0x49, 0x65, 0x41, 0x66, 0x41, 0x65, 0x41, 0x66, 0x41, 0x66, 0x41, 0x46, 0x41, 0x65, 0x49,
    0x65, 0x49, 0x65, 0x49, 0xA6, 0x51, 0x86, 0x49, 0xA6, 0x51, 0xA6, 0x51, 0xA6, 0x51, 0xA6, 0x59,
    0xE7, 0x59, 0xC6, 0x59, 0xC6, 0x59, 0xE7, 0x61, 0xE7, 0x69, 0xE7, 0x69, 0x28, 0x72, 0x07, 0x6A,
    0x07, 0x6A, 0x07, 0x6A, 0x27, 0x6A, 0x08, 0x72, 0x08, 0x72, 0x07, 0x72, 0x07, 0x72, 0x07, 0x72,
    0x48, 0x7A, 0x68, 0x7A, 0x88, 0x82, 0x89, 0x82, 0xCA, 0x92, 0xA9, 0x8A, 0x68, 0x82, 0x68, 0x82,
    0x68, 0x82, 0x48, 0x82, 0x68, 0x82, 0x89, 0x8A, 0x68, 0x8A, 0x68, 0x8A, 0x27, 0x82, 0x68, 0x8A,
    0x89, 0x8A, 0x68, 0x8A, 0x48, 0x82, 0x68, 0x82, 0x47, 0x82, 0x27, 0x82, 0x07, 0x7A, 0x07, 0x7A,
    0x07, 0x7A, 0x06, 0x7A, 0x27, 0x82, 0x07, 0x7A, 0x27, 0x82, 0x48, 0x8A, 0x48, 0x8A, 0x27, 0x8A,
    0x48, 0x8A, 0x48, 0x92, 0x07, 0x92, 0x29, 0x8A, 0xED, 0x7A, 0x50, 0x5B, 0x71, 0x4B, 0x51, 0x4B,
    0x10, 0x4B, 0x0F, 0x63, 0xAF, 0xA3, 0xCE, 0xC3, 0xAD, 0xC3, 0xCE, 0xCB, 0x0F, 0xD4, 0x0F, 0xCC,
    0x2F, 0xCC, 0x50, 0xD4, 0x2F, 0xCC, 0x2F, 0xCC, 0x50, 0xD4, 0x2F, 0xCC, 0x0F, 0xCC, 0xEE, 0xCB,
    0xCE, 0xCB, 0xEE, 0xCB, 0xCE, 0xC3, 0x6C, 0xB3, 0x4C, 0xAB, 0x4C, 0xA3, 0x6D, 0xA3, 0xAC, 0x6A,
    0xEE, 0x4A, 0xB1, 0x5B, 0xB1, 0x5B, 0x91, 0x5B, 0x91, 0x5B, 0x91, 0x53, 0xB1, 0x5B, 0x6B, 0x2A,
    0x44, 0x11, 0xC4, 0x29, 0x45, 0x32, 0xC3, 0x19, 0x62, 0x19, 0x82, 0x11, 0x62, 0x11, 0x63, 0x11,
    0xE6, 0x39, 0xA5, 0x51, 0x60, 0x50, 0x21, 0x81, 0x83, 0xB2, 0xC2, 0x71, 0x67, 0x62, 0x2A, 0x63,
    0x2A, 0x63, 0x4B, 0x6B, 0x4A, 0x6B, 0x6B, 0x6B, 0x6B, 0x6B, 0x67, 0x62, 0xE1, 0x48, 0x02, 0x61,
    0xA4, 0x71, 0x84, 0x61, 0x64, 0x59, 0x23, 0x59, 0xC1, 0x50, 0xE0, 0x58, 0x60, 0x51, 0x80, 0x41,
    0x60, 0x39, 0x60, 0x31, 0x61, 0x39, 0x42, 0x39, 0x03, 0x41, 0x03, 0x49, 0x04, 0x49, 0x24, 0x49,
    0x03, 0x41, 0x04, 0x41, 0x04, 0x39, 0xE3, 0x38, 0xE3, 0x38, 0xE3, 0x38, 0x03, 0x41, 0x03, 0x41,
    0xE2, 0x40, 0xA1, 0x28, 0x40, 0x08, 0x42, 0x21, 0x84, 0x42, 0x43, 0x3A, 0x02, 0x32, 0xC2, 0x31,
    0x41, 0x21, 0xC0, 0x18, 0xA0, 0x18, 0xE0, 0x20, 0x00, 0x31, 0x61, 0x59, 0x01, 0x41, 0x80, 0x20,
    0x40, 0x10, 0x20, 0x08, 0x40, 0x08, 0x80, 0x08, 0x80, 0x10, 0x80, 0x08, 0x83, 0x29, 0x65, 0x42,
    0xE3, 0x29, 0xE4, 0x21, 0xC4, 0x21, 0xC4, 0x19, 0x63, 0x09, 0x63, 0x09, 0x43, 0x09, 0x22, 0x01,
    0x02, 0x01, 0x03, 0x01, 0x03, 0x01, 0x03, 0x01, 0x03, 0x01, 0x03, 0x01, 0xE3, 0x00, 0xE3, 0x00,
    0x82, 0x00, 0x82, 0x00, 0x82, 0x00, 0xA2, 0x00, 0x03, 0x09, 0x23, 0x09, 0x43, 0x11, 0x22, 0x09,
    0x01, 0x09, 0x22, 0x09, 0x42, 0x11, 0x82, 0x19, 0xC3, 0x21, 0xE2, 0x21, 0x03, 0x2A, 0x44, 0x32,
    0x45, 0x32, 0xC1, 0x08, 0x80, 0x08, 0xA1, 0x10, 0x60, 0x00, 0x40, 0x00, 0x60, 0x00, 0x61, 0x00,
    0x81, 0x00, 0xA2, 0x00, 0xC2, 0x00, 0xE2, 0x00, 0x23, 0x09, 0x63, 0x09, 0xE5, 0x19, 0x66, 0x2A,
    0x24, 0x2A, 0x03, 0x2A, 0xE2, 0x21, 0xE2, 0x29, 0x23, 0x2A, 0x63, 0x32, 0x84, 0x3A, 0xC6, 0x42,
    0xA4, 0x19, 0xC1, 0x00, 0x22, 0x09, 0x42, 0x11, 0x42, 0x11, 0x42, 0x09, 0x43, 0x09, 0x43, 0x09,
    0x43, 0x09, 0x01, 0x01, 0xE1, 0x00, 0x01, 0x09, 0x01, 0x09, 0x01, 0x09, 0x21, 0x09, 0x22, 0x11,
    0xC2, 0x18, 0x04, 0x31, 0xC3, 0x18, 0x47, 0x11, 0x51, 0x43, 0xB3, 0x4B, 0x72, 0x43, 0xEF, 0x3A,
    0xAD, 0x32, 0x50, 0x3B, 0xB4, 0x4B, 0xB4, 0x43, 0xB4, 0x43, 0xB4, 0x43, 0xB4, 0x43, 0x72, 0x3B,
    0x92, 0x43, 0xED, 0x32, 0x83, 0x09, 0xA2, 0x11, 0xA2, 0x11, 0xE3, 0x11, 0xE4, 0x11, 0xE4, 0x11,
    0xC5, 0x09, 0x4A, 0x12, 0x72, 0x3B, 0x73, 0x3B, 0x53, 0x3B, 0x53, 0x3B, 0x53, 0x33, 0x52, 0x33,
    0x52, 0x33, 0x52, 0x33, 0x52, 0x3B, 0x52, 0x3B, 0x53, 0x3B, 0x73, 0x3B, 0x73, 0x3B, 0x73, 0x3B,
    0x73, 0x33, 0x72, 0x33, 0x73, 0x3B, 0x93, 0x3B, 0x30, 0x43, 0xA9, 0x39, 0x87, 0x41, 0xE8, 0x51,
    0xE8, 0x61, 0xE8, 0x69, 0x6A, 0x7A, 0x4A, 0x82, 0x4A, 0x8A, 0x4A, 0x8A, 0x4A, 0x8A, 0x2A, 0x8A,
    0x2A, 0x8A, 0x09, 0x82, 0xE8, 0x79, 0xC8, 0x71, 0xA7, 0x61, 0x46, 0x59, 0x06, 0x49, 0x47, 0x41,
    0x8D, 0x52, 0x72, 0x5B, 0x72, 0x4B, 0x51, 0x53, 0x4B, 0x52, 0x87, 0x49, 0x87, 0x51, 0x66, 0x51,
    0x66, 0x49, 0x86, 0x49, 0x66, 0x41, 0x65, 0x41, 0x45, 0x41, 0x66, 0x49, 0x65, 0x49, 0x65, 0x49,
    0x85, 0x51, 0x65, 0x51, 0x85, 0x49, 0x85, 0x49, 0x85, 0x49, 0xA6, 0x51, 0x85, 0x51, 0x86, 0x51,
    0x85, 0x51, 0xC6, 0x59, 0xE7, 0x61, 0xA5, 0x59, 0xC6, 0x61, 0xE6, 0x61, 0xE6, 0x61, 0xE6, 0x61,
    0xE6, 0x61, 0x07, 0x6A, 0xE7, 0x69, 0xC6, 0x69, 0x07, 0x72, 0x07, 0x72, 0xE6, 0x69, 0x07, 0x72,
    0xE6, 0x69, 0x27, 0x72, 0x88, 0x82, 0x68, 0x82, 0x68, 0x82, 0x88, 0x82, 0x88, 0x82, 0x68, 0x82,
    0x68, 0x82, 0x48, 0x82, 0x07, 0x7A, 0x47, 0x82, 0x27, 0x82, 0x27, 0x82, 0x68, 0x82, 0x47, 0x82,
    0x68, 0x82, 0x47, 0x82, 0x47, 0x82, 0x27, 0x82, 0x27, 0x7A, 0x06, 0x7A, 0x06, 0x7A, 0xE6, 0x79,
    0x06, 0x7A, 0x06, 0x7A, 0xE6, 0x79, 0xE6, 0x81, 0x27, 0x8A, 0x27, 0x8A, 0x27, 0x8A, 0x27, 0x92,
    0x28, 0x92, 0x28, 0x92, 0x49, 0x8A, 0xCD, 0x72, 0x50, 0x5B, 0x71, 0x53, 0x71, 0x53, 0x30, 0x53,
    0x0F, 0x6B, 0x8E, 0x9B, 0x6C, 0xBB, 0xAD, 0xCB, 0xEE, 0xCB, 0xCE, 0xCB, 0x2F, 0xD4, 0x50, 0xD4,
    0x50, 0xD4, 0x50, 0xD4, 0x70, 0xD4, 0x50, 0xD4, 0x0F, 0xCC, 0x2F, 0xCC, 0x2F, 0xCC, 0x0F, 0xCC,
    0xCE, 0xC3, 0xAD, 0xC3, 0xCE, 0xC3, 0x6C, 0xB3, 0x2B, 0xA3, 0x2C, 0xA3, 0x8E, 0xA3, 0x4A, 0x52,
    0x6C, 0x32, 0xB1, 0x5B, 0x91, 0x53, 0x71, 0x53, 0x70, 0x53, 0x70, 0x53, 0x70, 0x53, 0x29, 0x2A,
    0x64, 0x19, 0x05, 0x3A, 0x05, 0x32, 0xA3, 0x21, 0x62, 0x19, 0x62, 0x11, 0x42, 0x11, 0xA4, 0x29,
    0xA5, 0x49, 0x61, 0x40, 0x00, 0x79, 0xE3, 0xBA, 0x62, 0x8A, 0x65, 0x62, 0x2A, 0x6B, 0x4B, 0x6B,
    0x4A, 0x6B, 0x4A, 0x6B, 0x4A, 0x6B, 0x6B, 0x6B, 0x8B, 0x6B, 0x4A, 0x73, 0x06, 0x62, 0xC0, 0x50,
    0x43, 0x71, 0x64, 0x69, 0x02, 0x51, 0x03, 0x49, 0xE2, 0x50, 0xA1, 0x58, 0xC0, 0x58, 0xE0, 0x50,
    0xE0, 0x48, 0xE0, 0x38, 0xA0, 0x30, 0xA0, 0x38, 0xA1, 0x38, 0xC2, 0x40, 0xE3, 0x48, 0xC2, 0x48,
    0xA1, 0x38, 0xC2, 0x38, 0xC2, 0x30, 0xA2, 0x30, 0xA2, 0x30, 0x81, 0x38, 0x81, 0x38, 0x81, 0x38,
    0x80, 0x38, 0x81, 0x30, 0x20, 0x10, 0xE1, 0x20, 0x63, 0x4A, 0x62, 0x4A, 0x02, 0x42, 0xA2, 0x39,
    0x82, 0x31, 0x21, 0x21, 0xA0, 0x08, 0x60, 0x00, 0x80, 0x18, 0x62, 0x51, 0x21, 0x41, 0x80, 0x20,
    0x40, 0x10, 0x20, 0x08, 0xA1, 0x10, 0x01, 0x19, 0xE1, 0x10, 0xE0, 0x10, 0xA2, 0x29, 0x44, 0x42,
    0xC3, 0x29, 0xC3, 0x21, 0xC4, 0x21, 0x83, 0x19, 0x42, 0x09, 0x02, 0x01, 0x02, 0x01, 0xE2, 0x00,
    0x02, 0x01, 0xE2, 0x00, 0xC2, 0x00, 0xE2, 0x00, 0xE2, 0x00, 0xE3, 0x00, 0xE2, 0x00, 0xE2, 0x00,
    0xA2, 0x00, 0x82, 0x00, 0x82, 0x00, 0xA2, 0x00, 0xE3, 0x00, 0xE2, 0x08, 0x22, 0x09, 0x02, 0x09,
    0x01, 0x09, 0xE1, 0x08, 0x01, 0x09, 0x41, 0x11, 0x82, 0x19, 0xA2, 0x21, 0xE2, 0x21, 0x44, 0x32,
    0x04, 0x32, 0x40, 0x00, 0x40, 0x08, 0xA1, 0x18, 0x60, 0x10, 0x40, 0x00, 0x81, 0x00, 0xA1, 0x00,
    0x81, 0x00, 0x81, 0x00, 0xA1, 0x00, 0xC1, 0x00, 0x02, 0x01, 0x22, 0x09, 0xA4, 0x11, 0x25, 0x2A,
    0x23, 0x2A, 0x23, 0x2A, 0x03, 0x2A, 0xE2, 0x29, 0x03, 0x2A, 0x43, 0x32, 0x64, 0x32, 0xC6, 0x3A,
    0xA3, 0x19, 0xC1, 0x00, 0x22, 0x09, 0x22, 0x09, 0x22, 0x09, 0x22, 0x09, 0x22, 0x09, 0x23, 0x09,
    0x63, 0x09, 0x43, 0x09, 0x01, 0x01, 0xE1, 0x00, 0xE1, 0x00, 0x01, 0x01, 0x21, 0x09, 0x02, 0x11,
    0xC2, 0x18, 0x04, 0x29, 0xA3, 0x18, 0x06, 0x11, 0x10, 0x43, 0x51, 0x4B, 0x09, 0x2A, 0x24, 0x19,
    0x63, 0x19, 0x27, 0x22, 0x4F, 0x43, 0xF4, 0x4B, 0xD4, 0x43, 0xB3, 0x43, 0xEE, 0x32, 0x09, 0x1A,
    0x08, 0x1A, 0xE6, 0x11, 0x62, 0x09, 0xA2, 0x11, 0xA3, 0x11, 0xC3, 0x11, 0xC4, 0x11, 0xA4, 0x09,
    0xA5, 0x01, 0x09, 0x12, 0x50, 0x3B, 0x53, 0x3B, 0x53, 0x3B, 0x32, 0x33, 0x32, 0x33, 0x32, 0x33,
    0x32, 0x33, 0x32, 0x33, 0x32, 0x33, 0x32, 0x3B, 0x32, 0x3B, 0x52, 0x3B, 0x72, 0x3B, 0x52, 0x33,
    0x72, 0x3B, 0x72, 0x33, 0x72, 0x33, 0x73, 0x3B, 0x72, 0x43, 0xAD, 0x42, 0xA8, 0x41, 0xC8, 0x49,
    0xE9, 0x61, 0x09, 0x6A, 0x29, 0x72, 0x4A, 0x7A, 0x4A, 0x82, 0x49, 0x82, 0x29, 0x82, 0x4A, 0x8A,
    0x2A, 0x8A, 0x29, 0x82, 0xE8, 0x79, 0xC8, 0x71, 0xA7, 0x61, 0x66, 0x59, 0x26, 0x51, 0x26, 0x49,
    0x47, 0x41, 0x4B, 0x52, 0x51, 0x5B, 0x92, 0x53, 0x72, 0x5B, 0x6C, 0x52, 0x67, 0x41, 0x66, 0x51,
    0x66, 0x51, 0x66, 0x49, 0x66, 0x49, 0x66, 0x49, 0x66, 0x49, 0x66, 0x49, 0x65, 0x49, 0x65, 0x49,
    0x65, 0x51, 0x65, 0x51, 0x65, 0x51, 0x85, 0x51, 0x85, 0x51, 0x85, 0x51, 0x85, 0x51, 0x85, 0x51,
    0x85, 0x51, 0xA5, 0x59, 0xC6, 0x59, 0xA5, 0x59, 0xA5, 0x59, 0xE6, 0x61, 0xE6, 0x61, 0xC6, 0x61,
    0xE6, 0x61, 0x06, 0x62, 0x06, 0x62, 0x07, 0x6A, 0xE6, 0x69, 0xE6, 0x69, 0x07, 0x72, 0x07, 0x72,
    0xE6, 0x69, 0x06, 0x72, 0x48, 0x7A, 0x68, 0x7A, 0x68, 0x82, 0x68, 0x82, 0x68, 0x82, 0x47, 0x7A,
    0x47, 0x7A, 0x27, 0x7A, 0x47, 0x82, 0x47, 0x82, 0x27, 0x82, 0x27, 0x82, 0x47, 0x82, 0x68, 0x82,
    0x47, 0x82, 0x47, 0x82, 0x27, 0x82, 0x07, 0x82, 0xE6, 0x79, 0x06, 0x7A, 0x07, 0x82, 0x06, 0x7A,
    0x06, 0x82, 0xE6, 0x81, 0xE6, 0x81, 0xE6, 0x81, 0x07, 0x92, 0x27, 0x92, 0x27, 0x92, 0x27, 0x9A,
    0x07, 0x92, 0x6A, 0x82, 0x2E, 0x73, 0x71, 0x5B, 0x72, 0x53, 0x92, 0x4B, 0x50, 0x53, 0x0E, 0x73,
    0x4D, 0x9B, 0x6C, 0xBB, 0x6C, 0xC3, 0xEE, 0xCB, 0x2F, 0xD4, 0xEE, 0xCB, 0x2F, 0xD4, 0x2F, 0xD4,
    0x50, 0xD4, 0x70, 0xD4, 0x70, 0xD4, 0x50, 0xCC, 0x2F, 0xCC, 0x0F, 0xCC, 0xEE, 0xCB, 0xEE, 0xCB,
    0xCE, 0xC3, 0x8D, 0xBB, 0x4C, 0xB3, 0x4C, 0xAB, 0x4C, 0xA3, 0xEB, 0x92, 0x4C, 0x8B, 0x65, 0x29,
    0x2A, 0x2A, 0x70, 0x53, 0x70, 0x53, 0x71, 0x53, 0x70, 0x53, 0x70, 0x53, 0x4F, 0x4B, 0xC7, 0x19,
    0xA4, 0x21, 0x26, 0x3A, 0xE4, 0x31, 0xA3, 0x19, 0x62, 0x11, 0x62, 0x11, 0x63, 0x21, 0xC5, 0x49,
    0xA1, 0x40, 0xC0, 0x68, 0xA4, 0xD3, 0x02, 0xAB, 0x03, 0x62, 0x4A, 0x6B, 0x8B, 0x73, 0x6A, 0x6B,
    0x4A, 0x6B, 0x6A, 0x6B, 0x4A, 0x6B, 0x6B, 0x73, 0x6B, 0x6B, 0x6B, 0x6B, 0x2A, 0x73, 0xC4, 0x61,
    0xE1, 0x58, 0x02, 0x61, 0xE2, 0x50, 0x03, 0x49, 0x03, 0x51, 0xE2, 0x58, 0xA1, 0x60, 0x60, 0x50,
    0x60, 0x40, 0x60, 0x38, 0x80, 0x40, 0xA1, 0x40, 0x81, 0x40, 0xA2, 0x40, 0xC1, 0x48, 0x80, 0x48,
    0x80, 0x40, 0xA1, 0x40, 0xA2, 0x38, 0xA2, 0x38, 0xC2, 0x38, 0xC3, 0x40, 0xC2, 0x40, 0x81, 0x40,
    0x81, 0x38, 0xA1, 0x38, 0x61, 0x20, 0xA0, 0x18, 0x83, 0x52, 0xA2, 0x5A, 0x21, 0x52, 0x80, 0x39,
    0x41, 0x31, 0x41, 0x29, 0x21, 0x19, 0xA0, 0x08, 0x60, 0x10, 0x62, 0x49, 0x22, 0x41, 0x80, 0x20,
    0x40, 0x10, 0x40, 0x08, 0x02, 0x19, 0x01, 0x19, 0x01, 0x11, 0x00, 0x11, 0x82, 0x21, 0x44, 0x42,
    0xA2, 0x21, 0x62, 0x19, 0x83, 0x19, 0x63, 0x11, 0x22, 0x09, 0x02, 0x01, 0xE2, 0x00, 0xE2, 0x00,
    0xE2, 0x00, 0xC2, 0x00, 0xC2, 0x00, 0xC2, 0x00, 0xC2, 0x00, 0xE2, 0x00, 0xC2, 0x00, 0xC2, 0x00,
    0xC3, 0x00, 0x82, 0x00, 0x82, 0x00, 0xA2, 0x00, 0xE3, 0x00, 0xC1, 0x00, 0xC1, 0x00, 0xE1, 0x08,
    0xE1, 0x08, 0xC1, 0x08, 0xC0, 0x00, 0xE1, 0x08, 0x21, 0x11, 0x61, 0x19, 0xC2, 0x21, 0x24, 0x32,
    0xA3, 0x29, 0x40, 0x00, 0x20, 0x08, 0x81, 0x18, 0xA1, 0x18, 0x80, 0x08, 0x81, 0x00, 0xA1, 0x00,
    0xA2, 0x00, 0x81, 0x00, 0xA1, 0x00, 0xA1, 0x00, 0xE2, 0x00, 0x02, 0x01, 0x83, 0x09, 0x04, 0x22,
    0x03, 0x2A, 0x23, 0x2A, 0x03, 0x2A, 0xE3, 0x29, 0xE3, 0x29, 0x23, 0x2A, 0x64, 0x32, 0x85, 0x32,
    0x42, 0x11, 0xC1, 0x00, 0x22, 0x09, 0x22, 0x09, 0x22, 0x09, 0x22, 0x09, 0x22, 0x09, 0x22, 0x01,
    0x42, 0x01, 0x63, 0x09, 0x22, 0x01, 0xE1, 0x00, 0xC1, 0x00, 0xC1, 0x00, 0x01, 0x09, 0x02, 0x11,
    0xC2, 0x18, 0xE4, 0x28, 0xA3, 0x18, 0xE4, 0x10, 0x2A, 0x32, 0x66, 0x21, 0xA1, 0x10, 0x82, 0x39,
    0x24, 0x52, 0xE3, 0x31, 0x27, 0x2A, 0x6F, 0x43, 0xD2, 0x4B, 0xAC, 0x2A, 0x65, 0x01, 0x23, 0x01,
    0x63, 0x09, 0x83, 0x09, 0x83, 0x11, 0xA3, 0x11, 0x82, 0x09, 0xA3, 0x09, 0x83, 0x09, 0x84, 0x09,
    0x64, 0x01, 0xA7, 0x09, 0x0F, 0x33, 0x52, 0x3B, 0x32, 0x33, 0x32, 0x33, 0x12, 0x33, 0x12, 0x33,
    0x11, 0x33, 0x11, 0x33, 0x11, 0x33, 0x32, 0x33, 0x32, 0x33, 0x30, 0x3B, 0x0E, 0x33, 0x0E, 0x33,
    0x30, 0x33, 0x31, 0x33, 0x31, 0x33, 0x32, 0x33, 0x51, 0x3B, 0x2F, 0x43, 0xC9, 0x39, 0x88, 0x41,
    0xC8, 0x51, 0xE8, 0x61, 0x09, 0x6A, 0x29, 0x7A, 0x29, 0x7A, 0x29, 0x82, 0x49, 0x82, 0x4A, 0x82,
    0x2A, 0x82, 0x09, 0x82, 0xE8, 0x79, 0xC8, 0x71, 0xA7, 0x69, 0x87, 0x59, 0x66, 0x51, 0x26, 0x49,
    0x26, 0x49, 0xE5, 0x38, 0xC9, 0x41, 0x0F, 0x53, 0x51, 0x53, 0x50, 0x53, 0x8D, 0x4A, 0xA8, 0x41,
    0x46, 0x41, 0x46, 0x49, 0x46, 0x49, 0x45, 0x49, 0x45, 0x49, 0x65, 0x49, 0x65, 0x49, 0x65, 0x49,
    0x65, 0x51, 0x65, 0x51, 0x65, 0x51, 0x65, 0x51, 0x65, 0x51, 0x85, 0x51, 0x85, 0x51, 0x86, 0x59,
    0x85, 0x51, 0x85, 0x59, 0xA5, 0x59, 0xA5, 0x59, 0xA5, 0x59, 0xC6, 0x61, 0xC6, 0x61, 0xA5, 0x61,
    0xC6, 0x61, 0xE6, 0x61, 0xE6, 0x61, 0xE6, 0x69, 0xE6, 0x69, 0xE6, 0x69, 0x06, 0x6A, 0x07, 0x72,
    0x06, 0x72, 0x06, 0x6A, 0x27, 0x72, 0x27, 0x72, 0x26, 0x72, 0x47, 0x7A, 0x47, 0x7A, 0x27, 0x7A,
    0x27, 0x7A, 0x27, 0x7A, 0x06, 0x7A, 0x07, 0x7A, 0x07, 0x7A, 0x06, 0x7A, 0x06, 0x7A, 0x06, 0x7A,
    0x26, 0x7A, 0x06, 0x7A, 0x06, 0x82, 0x06, 0x82, 0x06, 0x82, 0x27, 0x82, 0x06, 0x82, 0xE6, 0x81,
    0xE6, 0x81, 0x07, 0x82, 0xE6, 0x81, 0xE6, 0x89, 0x06, 0x92, 0x06, 0x9A, 0x27, 0x92, 0x49, 0x92,
    0xAB, 0x7A, 0x2F, 0x6B, 0x91, 0x53, 0x71, 0x53, 0x71, 0x4B, 0x2F, 0x4B, 0x0E, 0x6B, 0x2D, 0x9B,
    0x0B, 0xAB, 0x4C, 0xBB, 0x8C, 0xC3, 0xCD, 0xC3, 0xEE, 0xCB, 0xEE, 0xCB, 0xEF, 0xCB, 0x2F, 0xD4,
    0x30, 0xD4, 0x0F, 0xCC, 0x2F, 0xCC, 0x2F, 0xCC, 0x2F, 0xCC, 0xEF, 0xCB, 0xAE, 0xC3, 0x8D, 0xC3,
    0x8D, 0xC3, 0x6D, 0xBB, 0x6C, 0xB3, 0x2B, 0xA3, 0x0C, 0x9B, 0x0B, 0x8B, 0xCA, 0x6A, 0xC2, 0x08,
    0xC8, 0x21, 0x2F, 0x4B, 0x2F, 0x4B, 0x30, 0x4B, 0x50, 0x4B, 0x50, 0x4B, 0xCE, 0x3A, 0x46, 0x11,
    0xC5, 0x29, 0x05, 0x3A, 0xA4, 0x29, 0xA3, 0x19, 0x42, 0x11, 0x42, 0x19, 0xA4, 0x41, 0xE2, 0x48,
    0xC0, 0x60, 0x64, 0xCB, 0xA3, 0xC3, 0x02, 0x6A, 0xC8, 0x6A, 0x6A, 0x73, 0x6A, 0x73, 0x6A, 0x73,
    0x6A, 0x73, 0x8A, 0x73, 0x8A, 0x73, 0x6A, 0x73, 0x8B, 0x73, 0x6A, 0x6B, 0x6B, 0x73, 0xA8, 0x6A,
    0x02, 0x51, 0x02, 0x61, 0x43, 0x61, 0x23, 0x59, 0x24, 0x59, 0x23, 0x51, 0xE2, 0x50, 0x40, 0x48,
    0x20, 0x38, 0x20, 0x30, 0x81, 0x40, 0xE2, 0x48, 0x03, 0x49, 0x03, 0x49, 0xC2, 0x40, 0x60, 0x38,
    0x40, 0x38, 0xA2, 0x40, 0xC3, 0x40, 0xE3, 0x40, 0xE3, 0x40, 0x04, 0x41, 0x04, 0x49, 0x04, 0x49,
    0xE3, 0x40, 0xE2, 0x40, 0xC2, 0x30, 0x80, 0x20, 0xE2, 0x49, 0xE2, 0x6A, 0x61, 0x5A, 0xC0, 0x41,
    0x40, 0x39, 0xE0, 0x28, 0x01, 0x21, 0xA0, 0x10, 0x60, 0x10, 0x42, 0x49, 0x01, 0x41, 0x80, 0x20,
    0x60, 0x10, 0x60, 0x08, 0x02, 0x19, 0x21, 0x11, 0x01, 0x11, 0x01, 0x11, 0x61, 0x21, 0x44, 0x42,
    0xA2, 0x21, 0x62, 0x19, 0x83, 0x19, 0x63, 0x19, 0x23, 0x09, 0xE2, 0x00, 0xC2, 0x00, 0xC2, 0x00,
    0xC2, 0x00, 0xC2, 0x00, 0xA2, 0x00, 0xA2, 0x00, 0xC2, 0x00, 0xC2, 0x00, 0xC2, 0x00, 0xA2, 0x00,
    0xE4, 0x00, 0x82, 0x00, 0x81, 0x00, 0x82, 0x00, 0xC3, 0x00, 0xC1, 0x00, 0xA1, 0x00, 0xA0, 0x00,
    0xC0, 0x00, 0xA0, 0x00, 0xA0, 0x00, 0xC0, 0x00, 0x00, 0x09, 0x21, 0x11, 0x81, 0x19, 0xC2, 0x29,
    0x63, 0x21, 0x40, 0x08, 0x20, 0x08, 0x81, 0x18, 0xC1, 0x20, 0x80, 0x10, 0x80, 0x00, 0xA1, 0x00,
    0x81, 0x00, 0x81, 0x00, 0x81, 0x00, 0xA1, 0x00, 0xC2, 0x00, 0x02, 0x01, 0x83, 0x11, 0xE3, 0x21,
    0xC2, 0x21, 0xE2, 0x29, 0xE2, 0x29, 0xC2, 0x29, 0xC2, 0x21, 0x03, 0x2A, 0x44, 0x32, 0x24, 0x2A,
    0xE1, 0x08, 0xC1, 0x08, 0x22, 0x09, 0x22, 0x09, 0x22, 0x09, 0x02, 0x09, 0x02, 0x09, 0x02, 0x01,
    0x22, 0x01, 0x42, 0x09, 0x43, 0x09, 0xE2, 0x00, 0xA1, 0x00, 0xC1, 0x00, 0xE1, 0x00, 0x02, 0x09,
    0x03, 0x11, 0x04, 0x21, 0xE3, 0x20, 0xE3, 0x18, 0x03, 0x19, 0x80, 0x10, 0xA0, 0x20, 0xE3, 0x51,
    0x65, 0x62, 0x03, 0x3A, 0xC3, 0x21, 0x47, 0x22, 0xCB, 0x2A, 0x65, 0x01, 0x22, 0x01, 0x62, 0x09,
    0x82, 0x09, 0x83, 0x09, 0x63, 0x09, 0x63, 0x09, 0x62, 0x09, 0x63, 0x09, 0x43, 0x09, 0x43, 0x01,
    0x24, 0x01, 0xC7, 0x11, 0xAC, 0x2A, 0x10, 0x33, 0x32, 0x3B, 0x12, 0x33, 0x12, 0x33, 0x11, 0x33,
    0x11, 0x33, 0x11, 0x33, 0x11, 0x33, 0x11, 0x33, 0x11, 0x33, 0xEE, 0x32, 0xAB, 0x2A, 0xCB, 0x2A,
    0xEE, 0x32, 0xF0, 0x32, 0x10, 0x33, 0x11, 0x33, 0x10, 0x33, 0x30, 0x3B, 0x2B, 0x3A, 0x67, 0x39,
    0xA8, 0x49, 0xC8, 0x59, 0x09, 0x62, 0x09, 0x6A, 0x29, 0x7A, 0x4A, 0x82, 0x6A, 0x82, 0x29, 0x82,
    0x09, 0x7A, 0xE8, 0x79, 0x09, 0x7A, 0xE8, 0x79, 0xA8, 0x71, 0x87, 0x61, 0x46, 0x51, 0x25, 0x49,
    0x05, 0x41, 0xE5, 0x40, 0xE5, 0x38, 0x47, 0x31, 0x6B, 0x4A, 0x50, 0x53, 0x91, 0x53, 0x51, 0x53,
    0x6C, 0x4A, 0x26, 0x39, 0x05, 0x41, 0x25, 0x49, 0x45, 0x49, 0x65, 0x49, 0x65, 0x49, 0x45, 0x49,
    0x65, 0x51, 0x65, 0x51, 0x45, 0x51, 0x65, 0x51, 0x45, 0x51, 0x85, 0x59, 0x85, 0x59, 0x85, 0x59,
    0x85, 0x59, 0x85, 0x59, 0x85, 0x59, 0xA5, 0x59, 0xA6, 0x61, 0x85, 0x59, 0x85, 0x61, 0xC6, 0x61,
    0xA5, 0x61, 0xA5, 0x61, 0xC6, 0x61, 0xC5, 0x61, 0xE6, 0x69, 0xE6, 0x69, 0xC5, 0x69, 0xC5, 0x69,
    0xE6, 0x69, 0xE6, 0x69, 0xE6, 0x69, 0xE6, 0x69, 0xE6, 0x71, 0x06, 0x72, 0x27, 0x7A, 0x27, 0x7A,
    0x06, 0x7A, 0x06, 0x7A, 0x06, 0x7A, 0xE6, 0x71, 0x06, 0x7A, 0x06, 0x7A, 0xE6, 0x71, 0xE5, 0x79,
    0x06, 0x7A, 0xE5, 0x79, 0x06, 0x82, 0xE6, 0x81, 0xC5, 0x81, 0xE6, 0x81, 0xE6, 0x81, 0x06, 0x8A,
    0xE6, 0x81, 0xE7, 0x89, 0x07, 0x8A, 0x07, 0x92, 0x07, 0x9A, 0xE6, 0x91, 0x28, 0x82, 0xCD, 0x72,
    0x70, 0x63, 0x70, 0x53, 0x50, 0x4B, 0x71, 0x53, 0x4F, 0x5B, 0xED, 0x72, 0xEB, 0x9A, 0x0B, 0xAB,
    0x0B, 0xB3, 0x6C, 0xBB, 0xAD, 0xC3, 0xCD, 0xCB, 0xEE, 0xCB, 0xCD, 0xCB, 0xEE, 0xCB, 0x0F, 0xCC,
    0x0F, 0xCC, 0x0F, 0xCC, 0x0F, 0xC4, 0x0F, 0xC4, 0x0F, 0xCC, 0xEE, 0xC3, 0xAD, 0xC3, 0x8D, 0xBB,
    0x4C, 0xB3, 0x4C, 0xB3, 0x2C, 0xAB, 0xEB, 0x9A, 0xAA, 0x8A, 0x4C, 0x8B, 0xE6, 0x41, 0xC2, 0x08,
    0x25, 0x11, 0xAC, 0x3A, 0x0F, 0x43, 0x0F, 0x43, 0x0F, 0x43, 0x0E, 0x43, 0x6B, 0x2A, 0x25, 0x09,
    0xC5, 0x31, 0xC5, 0x39, 0x63, 0x21, 0x63, 0x19, 0x21, 0x11, 0x42, 0x21, 0x42, 0x41, 0xE0, 0x60,
    0x23, 0xBB, 0xE3, 0xCB, 0x20, 0x72, 0xA6, 0x62, 0x49, 0x6B, 0x49, 0x73, 0x6A, 0x7B, 0x8A, 0x83,
    0x69, 0x83, 0x69, 0x83, 0x89, 0x83, 0x69, 0x7B, 0x49, 0x7B, 0x6A, 0x73, 0x4A, 0x6B, 0x2A, 0x6B,
    0x06, 0x5A, 0xE2, 0x50, 0x43, 0x61, 0x23, 0x61, 0x23, 0x51, 0x23, 0x51, 0x03, 0x51, 0x61, 0x40,
    0x00, 0x30, 0x00, 0x30, 0x40, 0x30, 0xC2, 0x40, 0x03, 0x41, 0x04, 0x41, 0xE3, 0x38, 0x81, 0x30,
    0x20, 0x30, 0x41, 0x38, 0x81, 0x38, 0xC3, 0x38, 0x03, 0x41, 0x03, 0x41, 0x03, 0x49, 0x03, 0x49,
    0x03, 0x49, 0xE2, 0x40, 0x03, 0x41, 0xA1, 0x30, 0xE0, 0x30, 0x82, 0x62, 0xA2, 0x6A, 0x00, 0x52,
    0xA1, 0x49, 0x21, 0x39, 0xC1, 0x28, 0x60, 0x10, 0x40, 0x10, 0x22, 0x49, 0xE1, 0x38, 0x80, 0x20,
    0x60, 0x10, 0x20, 0x00, 0xC1, 0x10, 0x01, 0x11, 0x01, 0x11, 0x01, 0x11, 0x01, 0x19, 0x04, 0x3A,
    0xC3, 0x31, 0x42, 0x19, 0x63, 0x19, 0x43, 0x11, 0x02, 0x09, 0xC2, 0x00, 0xC2, 0x00, 0xC2, 0x00,
    0xC2, 0x00, 0xC2, 0x00, 0xC2, 0x00, 0xC2, 0x00, 0xC2, 0x00, 0xC2, 0x00, 0xA2, 0x00, 0xA2, 0x00,
    0x05, 0x09, 0x82, 0x00, 0x61, 0x00, 0x61, 0x00, 0x82, 0x00, 0xA1, 0x00, 0xA1, 0x00, 0x80, 0x00,
    0xA0, 0x00, 0xA0, 0x00, 0xC0, 0x00, 0xE0, 0x00, 0x00, 0x09, 0x01, 0x11, 0x41, 0x11, 0x21, 0x19,
    0xE1, 0x20, 0xA1, 0x18, 0x60, 0x10, 0x81, 0x20, 0xA1, 0x20, 0x80, 0x10, 0x40, 0x00, 0x60, 0x00,
    0x81, 0x00, 0x81, 0x00, 0x81, 0x00, 0xA1, 0x00, 0xC2, 0x00, 0x22, 0x09, 0x83, 0x19, 0x62, 0x19,
    0x61, 0x19, 0x82, 0x21, 0xA2, 0x21, 0xA2, 0x21, 0xC2, 0x21, 0xE3, 0x21, 0x24, 0x32, 0x82, 0x19,
    0x60, 0x00, 0xC1, 0x08, 0x02, 0x09, 0x02, 0x09, 0x02, 0x09, 0x02, 0x09, 0x02, 0x01, 0x02, 0x01,
    0x02, 0x09, 0x22, 0x09, 0x63, 0x09, 0x63, 0x09, 0x02, 0x01, 0xC1, 0x00, 0xE1, 0x00, 0x02, 0x09,
    0x64, 0x09, 0x85, 0x21, 0x24, 0x29, 0xC2, 0x20, 0xA1, 0x18, 0xE1, 0x18, 0x21, 0x21, 0x40, 0x29,
    0x81, 0x31, 0xC2, 0x29, 0xE3, 0x29, 0xE4, 0x21, 0x46, 0x22, 0xE5, 0x19, 0x63, 0x01, 0x63, 0x09,
    0x63, 0x09, 0x63, 0x09, 0x43, 0x01, 0x43, 0x09, 0x43, 0x09, 0x43, 0x09, 0x23, 0x01, 0x44, 0x01,
    0xC6, 0x11, 0x27, 0x22, 0x07, 0x1A, 0x6B, 0x2A, 0x0F, 0x33, 0x31, 0x33, 0x11, 0x33, 0x11, 0x2B,
    0x11, 0x2B, 0xF1, 0x32, 0xF1, 0x32, 0xF1, 0x32, 0xF0, 0x32, 0xAC, 0x2A, 0x89, 0x2A, 0xAA, 0x2A,
    0xCD, 0x32, 0xEF, 0x32, 0xF0, 0x32, 0xF0, 0x32, 0x10, 0x33, 0x10, 0x33, 0xEF, 0x42, 0xC9, 0x39,
    0x88, 0x41, 0xA8, 0x51, 0xC8, 0x59, 0x09, 0x6A, 0x09, 0x72, 0x29, 0x72, 0x29, 0x7A, 0x29, 0x7A,
    0x29, 0x82, 0x09, 0x7A, 0xE8, 0x79, 0xE8, 0x79, 0xC8, 0x71, 0x87, 0x69, 0x46, 0x59, 0x46, 0x51,
    0x25, 0x49, 0x05, 0x41, 0xC4, 0x38, 0xA4, 0x30, 0xC4, 0x30, 0xA8, 0x39, 0x0F, 0x53, 0xB2, 0x5B,
    0xD3, 0x63, 0x30, 0x5B, 0x0A, 0x42, 0x46, 0x41, 0x66, 0x51, 0x66, 0x51, 0x45, 0x49, 0x45, 0x49,
    0x45, 0x51, 0x45, 0x51, 0x65, 0x51, 0x45, 0x51, 0x65, 0x51, 0x85, 0x59, 0x85, 0x59, 0x85, 0x59,
    0x85, 0x59, 0x85, 0x61, 0xA5, 0x61, 0x85, 0x61, 0xA6, 0x61, 0xA6, 0x61, 0x85, 0x61, 0xA5, 0x61,
    0xC6, 0x61, 0xA5, 0x61, 0xC6, 0x69, 0x06, 0x72, 0xC5, 0x69, 0xE6, 0x69, 0xE5, 0x69, 0xE5, 0x69,
    0xE5, 0x69, 0xC5, 0x69, 0xE6, 0x71, 0x06, 0x72, 0xE6, 0x71, 0x06, 0x72, 0x06, 0x7A, 0x06, 0x7A,
    0xE6, 0x79, 0xE6, 0x79, 0x06, 0x7A, 0x06, 0x7A, 0x06, 0x7A, 0xE6, 0x79, 0xE6, 0x79, 0xE6, 0x79,
    0xE6, 0x79, 0xE6, 0x81, 0x06, 0x82, 0xE5, 0x81, 0xE6, 0x81, 0xE6, 0x89, 0xE6, 0x89, 0x06, 0x92,
    0x06, 0x92, 0x07, 0x92, 0x07, 0x92, 0xE7, 0x91, 0xE7, 0x89, 0x69, 0x82, 0x0D, 0x6B, 0x50, 0x53,
    0x71, 0x53, 0x71, 0x53, 0x30, 0x5B, 0x2E, 0x73, 0xEC, 0x8A, 0xAB, 0xA2, 0xCA, 0xAA, 0xEA, 0xB2,
    0x4B, 0xBB, 0x6C, 0xBB, 0xAD, 0xC3, 0xCD, 0xCB, 0xEE, 0xCB, 0xEE, 0xCB, 0xEE, 0xCB, 0xEE, 0xCB,
    0xEE, 0xCB, 0xEE, 0xCB, 0xEE, 0xC3, 0xEE, 0xC3, 0xCE, 0xC3, 0xAD, 0xBB, 0x8D, 0xBB, 0x6D, 0xBB,
    0x2C, 0xB3, 0x2B, 0xAB, 0x0C, 0xA3, 0x0B, 0x9B, 0xCA, 0x82, 0xCA, 0x6A, 0x43, 0x21, 0x03, 0x11,
    0xE3, 0x08, 0xE8, 0x21, 0xEE, 0x42, 0xEE, 0x42, 0xEE, 0x42, 0xCE, 0x42, 0x09, 0x22, 0x04, 0x09,
    0xA5, 0x29, 0xA4, 0x31, 0x63, 0x21, 0x83, 0x19, 0x62, 0x11, 0x41, 0x19, 0x60, 0x49, 0xC3, 0xA2,
    0xC4, 0xC3, 0x80, 0x82, 0x44, 0x62, 0x09, 0x73, 0x49, 0x73, 0x69, 0x7B, 0x8A, 0x8B, 0x27, 0x8B,
    0x05, 0x93, 0xE3, 0x9A, 0x24, 0x9B, 0x66, 0xA3, 0xE5, 0x82, 0x08, 0x73, 0x4A, 0x73, 0x2A, 0x6B,
    0x0A, 0x73, 0x84, 0x51, 0x02, 0x59, 0x43, 0x69, 0x23, 0x59, 0x23, 0x51, 0x23, 0x51, 0x02, 0x51,
    0xA0, 0x48, 0xC0, 0x50, 0xC0, 0x50, 0xE0, 0x50, 0x01, 0x51, 0x02, 0x49, 0xE2, 0x40, 0xA0, 0x40,
    0xA0, 0x48, 0xA0, 0x50, 0x80, 0x48, 0xA1, 0x48, 0xE2, 0x50, 0xE2, 0x48, 0xE3, 0x48, 0xE2, 0x40,
    0xC2, 0x40, 0xC2, 0x40, 0xC2, 0x40, 0xA1, 0x30, 0x40, 0x18, 0x01, 0x29, 0x22, 0x52, 0x22, 0x52,
    0xE2, 0x49, 0x61, 0x41, 0x21, 0x41, 0x80, 0x28, 0x80, 0x28, 0x42, 0x51, 0xE1, 0x38, 0x81, 0x20,
    0x60, 0x18, 0x20, 0x00, 0x80, 0x10, 0xE1, 0x18, 0xE1, 0x18, 0xC1, 0x18, 0xA0, 0x10, 0x62, 0x29,
    0xC3, 0x31, 0x62, 0x21, 0x42, 0x19, 0x42, 0x19, 0x02, 0x09, 0xC2, 0x00, 0xA2, 0x00, 0xA1, 0x00,
    0xA1, 0x00, 0xA2, 0x00, 0xA2, 0x00, 0xC2, 0x00, 0xA2, 0x00, 0xA2, 0x00, 0x82, 0x00, 0xC4, 0x00,
    0x26, 0x09, 0x63, 0x00, 0x41, 0x00, 0x40, 0x00, 0x41, 0x00, 0x60, 0x00, 0x80, 0x00, 0x80, 0x00,
    0x80, 0x00, 0x80, 0x00, 0xA0, 0x00, 0xC0, 0x08, 0xE0, 0x08, 0x01, 0x11, 0x01, 0x11, 0xC1, 0x08,
    0x61, 0x10, 0xA1, 0x20, 0xA0, 0x20, 0xA0, 0x28, 0xA0, 0x20, 0x81, 0x10, 0x61, 0x00, 0x41, 0x00,
    0x40, 0x00, 0x81, 0x00, 0x81, 0x00, 0xC2, 0x00, 0xE2, 0x00, 0x01, 0x09, 0x01, 0x09, 0x01, 0x09,
    0xE0, 0x08, 0x00, 0x11, 0x41, 0x19, 0x61, 0x19, 0x82, 0x21, 0xC3, 0x29, 0x83, 0x21, 0x80, 0x00,
    0x60, 0x00, 0xE1, 0x08, 0x02, 0x09, 0x02, 0x09, 0x02, 0x09, 0x02, 0x01, 0x02, 0x01, 0xE2, 0x00,
    0x02, 0x01, 0x02, 0x09, 0x22, 0x09, 0x63, 0x09, 0x63, 0x09, 0x02, 0x01, 0xC1, 0x00, 0xE2, 0x00,
    0x43, 0x09, 0x43, 0x11, 0xE2, 0x18, 0xA0, 0x18, 0xE1, 0x20, 0x41, 0x21, 0xA2, 0x19, 0xA2, 0x19,
    0xA2, 0x19, 0xA3, 0x21, 0xA3, 0x21, 0xC3, 0x21, 0x04, 0x2A, 0x66, 0x2A, 0x46, 0x22, 0xE5, 0x19,
    0x06, 0x1A, 0x06, 0x1A, 0xE6, 0x19, 0xE6, 0x19, 0xC6, 0x19, 0xE6, 0x19, 0xE6, 0x19, 0x07, 0x1A,
    0x27, 0x22, 0xE6, 0x19, 0x85, 0x11, 0xC7, 0x19, 0x4A, 0x22, 0xAD, 0x2A, 0xEF, 0x32, 0xF0, 0x32,
    0xF0, 0x32, 0xF0, 0x32, 0xF0, 0x32, 0xD0, 0x32, 0xCE, 0x32, 0x8A, 0x22, 0x88, 0x2A, 0xA9, 0x2A,
    0xAC, 0x32, 0xCE, 0x32, 0xCF, 0x32, 0xEF, 0x32, 0xF0, 0x2A, 0x10, 0x2B, 0x31, 0x3B, 0x6D, 0x3A,
    0x88, 0x39, 0x87, 0x41, 0xA8, 0x51, 0xC8, 0x59, 0xE8, 0x61, 0xE8, 0x69, 0x09, 0x72, 0x09, 0x7A,
    0x29, 0x82, 0x29, 0x82, 0x09, 0x7A, 0xE8, 0x79, 0xC8, 0x71, 0xA8, 0x69, 0x87, 0x59, 0x46, 0x51,
    0x26, 0x49, 0x05, 0x41, 0xE4, 0x38, 0xA3, 0x38, 0xA3, 0x30, 0x83, 0x28, 0xE5, 0x30, 0x6C, 0x4A,
    0xB1, 0x5B, 0xF3, 0x53, 0xD2, 0x63, 0x2A, 0x4A, 0xE5, 0x40, 0x25, 0x49, 0x46, 0x49, 0x45, 0x49,
    0x45, 0x51, 0x45, 0x51, 0x45, 0x51, 0x45, 0x51, 0x45, 0x59, 0x85, 0x59, 0x65, 0x59, 0x85, 0x61,
    0x85, 0x61, 0x85, 0x61, 0x85, 0x61, 0x65, 0x61, 0x85, 0x61, 0xA5, 0x69, 0xA5, 0x61, 0xA5, 0x61,
    0xA5, 0x69, 0xC5, 0x69, 0xE6, 0x69, 0xE6, 0x71, 0xE6, 0x71, 0xE6, 0x71, 0xE6, 0x71, 0xE6, 0x71,
    0xE6, 0x71, 0xC5, 0x71, 0xE6, 0x71, 0xE6, 0x71, 0xE6, 0x71, 0xE6, 0x79, 0x06, 0x7A, 0x06, 0x7A,
    0x06, 0x7A, 0x06, 0x82, 0xE6, 0x81, 0xE5, 0x79, 0xE6, 0x81, 0xE6, 0x81, 0xE6, 0x81, 0xE6, 0x81,
    0xE5, 0x81, 0xE6, 0x81, 0xE6, 0x81, 0xE5, 0x89, 0xE5, 0x89, 0xE6, 0x89, 0xC6, 0x91, 0x07, 0x9A,
    0x07, 0x9A, 0xE6, 0x91, 0x65, 0x79, 0xE3, 0x68, 0x25, 0x69, 0x4A, 0x72, 0xEE, 0x5A, 0x50, 0x4B,
    0x70, 0x53, 0x2F, 0x6B, 0xAC, 0x7A, 0x8A, 0x9A, 0x89, 0xA2, 0xA9, 0xAA, 0x0A, 0xB3, 0x8C, 0xC3,
    0x6C, 0xBB, 0x8D, 0xC3, 0xCD, 0xC3, 0xEE, 0xCB, 0xCE, 0xCB, 0xCD, 0xC3, 0xEE, 0xCB, 0xCE, 0xCB,
    0xCE, 0xC3, 0xEE, 0xCB, 0xCE, 0xC3, 0xCE, 0xC3, 0xCE, 0xC3, 0x8D, 0xBB, 0x6D, 0xBB, 0x6C, 0xB3,
    0x4C, 0xB3, 0x2C, 0xAB, 0x0C, 0xA3, 0xEB, 0x92, 0xCB, 0x7A, 0xC6, 0x41, 0xE2, 0x10, 0x22, 0x11,
    0xE2, 0x08, 0x45, 0x11, 0x8C, 0x3A, 0xCE, 0x3A, 0xCD, 0x3A, 0xAD, 0x3A, 0xA8, 0x19, 0xE3, 0x00,
    0x85, 0x29, 0x63, 0x29, 0x43, 0x21, 0xC4, 0x21, 0x62, 0x11, 0xA3, 0x19, 0x44, 0x4A, 0xA3, 0x7A,
    0x41, 0x6A, 0x44, 0x62, 0x29, 0x73, 0x49, 0x73, 0x49, 0x73, 0x8A, 0x83, 0xA9, 0x93, 0x49, 0xB4,
    0x4D, 0xF6, 0x06, 0xDD, 0x26, 0xE5, 0xEB, 0xFD, 0xC9, 0xD4, 0xC5, 0x7A, 0x6A, 0x73, 0x4A, 0x6B,
    0x6B, 0x73, 0xC8, 0x6A, 0x42, 0x51, 0x22, 0x59, 0x42, 0x61, 0x22, 0x59, 0x00, 0x59, 0x20, 0x69,
    0x81, 0x81, 0xC1, 0x89, 0xE1, 0x91, 0x21, 0x9A, 0x42, 0x9A, 0x03, 0x92, 0xE2, 0x81, 0xE1, 0x89,
    0x22, 0x92, 0xA1, 0x89, 0x21, 0x71, 0x01, 0x69, 0x21, 0x61, 0x21, 0x59, 0xC0, 0x48, 0xA0, 0x40,
    0xA0, 0x38, 0x60, 0x30, 0x60, 0x28, 0x40, 0x18, 0x20, 0x08, 0x00, 0x00, 0x80, 0x10, 0x21, 0x21,
    0x43, 0x29, 0x23, 0x29, 0x63, 0x31, 0x22, 0x41, 0x41, 0x51, 0x62, 0x59, 0xC1, 0x30, 0xA1, 0x20,
    0x80, 0x18, 0x40, 0x10, 0x80, 0x18, 0xC1, 0x20, 0x80, 0x18, 0x60, 0x10, 0x60, 0x10, 0xA0, 0x10,
    0x62, 0x29, 0x63, 0x29, 0x21, 0x19, 0x42, 0x19, 0xE2, 0x08, 0xA1, 0x00, 0x81, 0x00, 0x81, 0x00,
    0x81, 0x00, 0x81, 0x00, 0xA1, 0x00, 0xA2, 0x00, 0xA2, 0x00, 0x82, 0x00, 0xA4, 0x00, 0xA9, 0x11,
    0x47, 0x09, 0xA4, 0x00, 0x41, 0x00, 0x40, 0x00, 0x41, 0x00, 0x40, 0x00, 0x40, 0x00, 0x60, 0x00,
    0x60, 0x00, 0x80, 0x00, 0x80, 0x00, 0x80, 0x00, 0xA0, 0x08, 0xC1, 0x08, 0xA1, 0x00, 0xC3, 0x00,
    0xE4, 0x08, 0x61, 0x08, 0x60, 0x18, 0x80, 0x20, 0x80, 0x18, 0xC3, 0x10, 0x25, 0x09, 0xE4, 0x00,
    0x41, 0x00, 0x61, 0x08, 0x61, 0x00, 0xA2, 0x00, 0xE2, 0x00, 0xE1, 0x08, 0xE1, 0x08, 0xE0, 0x08,
    0xC0, 0x08, 0xE0, 0x08, 0x01, 0x11, 0x41, 0x11, 0x62, 0x19, 0x02, 0x11, 0x80, 0x00, 0x60, 0x00,
    0xA1, 0x00, 0xE2, 0x08, 0x02, 0x09, 0x02, 0x09, 0x02, 0x09, 0xE2, 0x00, 0xE2, 0x00, 0xE2, 0x00,
    0x02, 0x09, 0x02, 0x09, 0x22, 0x09, 0x22, 0x01, 0x43, 0x09, 0x43, 0x09, 0xC2, 0x00, 0xC2, 0x00,
    0xE2, 0x00, 0xC1, 0x08, 0xA1, 0x20, 0xE1, 0x28, 0x42, 0x21, 0x82, 0x19, 0xA2, 0x19, 0xA3, 0x19,
    0x83, 0x19, 0xA3, 0x19, 0xA3, 0x21, 0xA2, 0x21, 0xC3, 0x21, 0x05, 0x2A, 0x47, 0x2A, 0x06, 0x22,
    0xE6, 0x19, 0xE6, 0x19, 0xE6, 0x19, 0xC6, 0x19, 0xA5, 0x11, 0x85, 0x11, 0xA6, 0x11, 0xC6, 0x19,
    0xE7, 0x19, 0x85, 0x19, 0x85, 0x19, 0xC6, 0x21, 0xE7, 0x21, 0x28, 0x22, 0x4A, 0x22, 0xAD, 0x2A,
    0xCE, 0x2A, 0xCE, 0x2A, 0xAE, 0x32, 0xCE, 0x32, 0xAC, 0x2A, 0x8A, 0x22, 0x68, 0x22, 0x68, 0x2A,
    0x8A, 0x2A, 0xAD, 0x32, 0xCF, 0x32, 0xCF, 0x2A, 0xCF, 0x32, 0xF0, 0x2A, 0x11, 0x33, 0xCF, 0x3A,
    0x68, 0x31, 0x67, 0x39, 0x87, 0x49, 0xC8, 0x51, 0xC7, 0x59, 0x09, 0x6A, 0x09, 0x72, 0x09, 0x72,
    0x09, 0x7A, 0x09, 0x7A, 0xE8, 0x79, 0xE8, 0x71, 0xC8, 0x71, 0xA8, 0x69, 0x87, 0x61, 0x66, 0x51,
    0x26, 0x49, 0x05, 0x39, 0xE4, 0x38, 0xA3, 0x38, 0xA3, 0x38, 0x83, 0x30, 0x82, 0x30, 0x83, 0x28,
    0x67, 0x31, 0x0E, 0x53, 0x0F, 0x53, 0x47, 0x31, 0xC4, 0x38, 0xC4, 0x30, 0xC4, 0x30, 0xE4, 0x38,
    0x05, 0x41, 0x25, 0x49, 0x65, 0x51, 0x65, 0x51, 0x65, 0x59, 0x66, 0x61, 0x65, 0x61, 0x65, 0x61,
    0x86, 0x61, 0x85, 0x61, 0x85, 0x61, 0x85, 0x61, 0x85, 0x61, 0x85, 0x69, 0x85, 0x61, 0xA5, 0x69,
    0xA5, 0x69, 0xC5, 0x69, 0xE5, 0x71, 0xE6, 0x71, 0xE6, 0x79, 0xE6, 0x79, 0xE6, 0x79, 0xE6, 0x79,
    0xE6, 0x79, 0xE6, 0x79, 0x06, 0x7A, 0xE6, 0x79, 0xE6, 0x79, 0xE6, 0x79, 0xE6, 0x79, 0xE6, 0x81,
    0x06, 0x82, 0xE6, 0x81, 0xE6, 0x81, 0xE6, 0x81, 0xE6, 0x89, 0xE6, 0x89, 0xE6, 0x89, 0xE6, 0x89,
    0xE5, 0x89, 0xE5, 0x89, 0xE6, 0x89, 0xC6, 0x89, 0xE6, 0x89, 0xE6, 0x91, 0xA6, 0x81, 0x65, 0x79,
    0xE3, 0x68, 0x82, 0x58, 0xE3, 0x58, 0x44, 0x69, 0x85, 0x79, 0xC7, 0x79, 0x8B, 0x72, 0xEE, 0x62,
    0xAC, 0x6A, 0x49, 0x82, 0x28, 0x9A, 0x69, 0xAA, 0xA9, 0xAA, 0xC9, 0xAA, 0x4B, 0xBB, 0x8C, 0xC3,
    0x8D, 0xC3, 0xAD, 0xC3, 0xAD, 0xC3, 0xEE, 0xCB, 0xEE, 0xCB, 0xAD, 0xC3, 0xCD, 0xC3, 0xAE, 0xC3,
    0xAD, 0xC3, 0xCE, 0xCB, 0xAE, 0xC3, 0xAD, 0xBB, 0xAD, 0xC3, 0x6D, 0xBB, 0x6D, 0xBB, 0x6D, 0xB3,
    0x2C, 0xAB, 0xEB, 0x9A, 0xCB, 0x8A, 0xAA, 0x82, 0x69, 0x6A, 0x02, 0x21, 0x22, 0x11, 0x02, 0x09,
    0xE2, 0x08, 0xE3, 0x08, 0x0A, 0x2A, 0xCE, 0x3A, 0xCD, 0x3A, 0x8C, 0x32, 0x46, 0x09, 0xC2, 0x00,
    0x64, 0x19, 0x43, 0x21, 0x84, 0x21, 0xC4, 0x21, 0x41, 0x11, 0x03, 0x22, 0x44, 0x32, 0x02, 0x32,
    0xA1, 0x29, 0x86, 0x52, 0x6A, 0x73, 0x49, 0x73, 0x4A, 0x73, 0x8A, 0x83, 0xC8, 0x93, 0xEB, 0xC4,
    0x71, 0xFF, 0xC9, 0xE5, 0x09, 0xF6, 0xAD, 0xFE, 0x6A, 0xE5, 0x26, 0x8B, 0xAA, 0x83, 0x8B, 0x73,
    0x8B, 0x6B, 0x4A, 0x73, 0x05, 0x5A, 0x00, 0x41, 0x01, 0x49, 0x20, 0x51, 0x61, 0x61, 0x02, 0x82,
    0x02, 0x82, 0xE1, 0x79, 0xC1, 0x71, 0x01, 0x82, 0x82, 0x92, 0xA3, 0x9A, 0x82, 0x92, 0x82, 0x92,
    0x82, 0x92, 0x02, 0x7A, 0xC2, 0x71, 0xA2, 0x69, 0x82, 0x61, 0x62, 0x51, 0x61, 0x49, 0x42, 0x49,
    0xE1, 0x30, 0x40, 0x18, 0x20, 0x10, 0x20, 0x08, 0x20, 0x00, 0x00, 0x00, 0x00, 0x00, 0x61, 0x00,
    0xE4, 0x08, 0x05, 0x09, 0x44, 0x11, 0x63, 0x31, 0x83, 0x59, 0x62, 0x59, 0xC0, 0x38, 0x81, 0x20,
    0x81, 0x20, 0x81, 0x20, 0xA1, 0x20, 0x60, 0x18, 0x40, 0x08, 0x40, 0x08, 0x40, 0x00, 0x81, 0x08,
    0x02, 0x11, 0x43, 0x21, 0x42, 0x19, 0x01, 0x11, 0xC1, 0x08, 0x81, 0x00, 0x80, 0x00, 0x81, 0x00,
    0x81, 0x00, 0x81, 0x00, 0x81, 0x00, 0x81, 0x00, 0x81, 0x00, 0xA3, 0x00, 0xAA, 0x19, 0x6E, 0x2A,
    0x89, 0x09, 0x05, 0x09, 0x41, 0x00, 0x20, 0x00, 0x20, 0x00, 0x40, 0x00, 0x20, 0x00, 0x40, 0x00,
    0x60, 0x00, 0x60, 0x00, 0x60, 0x00, 0x60, 0x00, 0x40, 0x00, 0x40, 0x00, 0x62, 0x00, 0x05, 0x01,
    0x46, 0x09, 0xA3, 0x00, 0x00, 0x08, 0x40, 0x18, 0xA1, 0x20, 0x25, 0x11, 0x87, 0x09, 0x25, 0x09,
    0x41, 0x00, 0x40, 0x08, 0x40, 0x08, 0xA2, 0x08, 0xE3, 0x00, 0xA2, 0x00, 0x81, 0x00, 0xA1, 0x00,
    0xA1, 0x00, 0xA1, 0x00, 0xC1, 0x00, 0xC1, 0x08, 0xA1, 0x00, 0x60, 0x00, 0x60, 0x00, 0xA1, 0x00,
    0xC1, 0x00, 0xE2, 0x08, 0xE2, 0x08, 0xE2, 0x08, 0xE2, 0x08, 0xE2, 0x08, 0xE2, 0x00, 0xE2, 0x00,
    0xE2, 0x08, 0x02, 0x09, 0x02, 0x09, 0x02, 0x09, 0x22, 0x09, 0x22, 0x09, 0xE2, 0x00, 0xC2, 0x00,
    0xC2, 0x08, 0x81, 0x10, 0xC1, 0x28, 0x21, 0x29, 0x62, 0x19, 0x82, 0x19, 0xA3, 0x19, 0x83, 0x19,
    0x83, 0x19, 0xA3, 0x19, 0xA3, 0x19, 0xC3, 0x21, 0xC3, 0x21, 0xC4, 0x21, 0x05, 0x2A, 0xE5, 0x21,
    0x44, 0x09, 0x65, 0x09, 0x64, 0x09, 0x65, 0x11, 0x44, 0x09, 0x03, 0x01, 0x24, 0x09, 0x85, 0x11,
    0xA6, 0x19, 0x65, 0x19, 0xA6, 0x29, 0xC6, 0x29, 0xC6, 0x21, 0xE7, 0x21, 0x08, 0x22, 0x29, 0x22,
    0x49, 0x22, 0x4A, 0x22, 0x4A, 0x2A, 0x6B, 0x2A, 0x6A, 0x22, 0x69, 0x22, 0x89, 0x22, 0x69, 0x22,
    0x89, 0x2A, 0xAB, 0x2A, 0xAE, 0x2A, 0xD0, 0x2A, 0xEF, 0x2A, 0xEF, 0x32, 0x10, 0x2B, 0x10, 0x3B,
    0x0A, 0x3A, 0x26, 0x31, 0x46, 0x39, 0xA7, 0x49, 0xC8, 0x59, 0xE8, 0x61, 0x09, 0x6A, 0x09, 0x72,
    0x09, 0x7A, 0x09, 0x7A, 0xE8, 0x71, 0xE8, 0x71, 0xC8, 0x71, 0xA8, 0x69, 0x87, 0x61, 0x46, 0x51,
    0x05, 0x49, 0x05, 0x39, 0xC4, 0x38, 0xA4, 0x38, 0xA4, 0x30, 0xA3, 0x30, 0x82, 0x30, 0x82, 0x30,
    0x62, 0x20, 0xA3, 0x20, 0x26, 0x31, 0xE5, 0x38, 0xE5, 0x38, 0xC5, 0x30, 0xC4, 0x28, 0xA4, 0x28,
    0xA4, 0x30, 0xA3, 0x30, 0xC3, 0x38, 0x04, 0x41, 0x25, 0x49, 0x25, 0x49, 0x65, 0x51, 0x65, 0x59,
    0x86, 0x59, 0x65, 0x59, 0x65, 0x61, 0x85, 0x61, 0x85, 0x61, 0x85, 0x61, 0x85, 0x69, 0x85, 0x69,
    0x85, 0x69, 0xA5, 0x71, 0xC5, 0x71, 0xE5, 0x79, 0xC5, 0x79, 0xE6, 0x79, 0xE5, 0x79, 0xE5, 0x79,
    0x06, 0x7A, 0xE6, 0x79, 0xE6, 0x81, 0xE6, 0x81, 0xE6, 0x81, 0xE5, 0x81, 0xE5, 0x81, 0xE6, 0x81,
    0xE6, 0x81, 0xC5, 0x81, 0xC6, 0x81, 0xE6, 0x89, 0xE6, 0x89, 0x06, 0x8A, 0xE6, 0x89, 0xE6, 0x89,
    0xC6, 0x81, 0xA6, 0x79, 0x65, 0x71, 0x24, 0x69, 0xC3, 0x60, 0xA2, 0x58, 0x81, 0x50, 0xA2, 0x58,
    0xA2, 0x50, 0x44, 0x61, 0x86, 0x71, 0xC7, 0x81, 0xE6, 0x89, 0x07, 0x92, 0x89, 0x92, 0x28, 0x7A,
    0xC6, 0x81, 0x07, 0x92, 0x27, 0x9A, 0x89, 0xAA, 0xA9, 0xAA, 0xEA, 0xB2, 0x0B, 0xB3, 0x4B, 0xBB,
    0x6C, 0xBB, 0x8D, 0xC3, 0xCD, 0xC3, 0xAD, 0xC3, 0xAD, 0xC3, 0x8D, 0xC3, 0x8D, 0xC3, 0xAD, 0xC3,
    0xAD, 0xC3, 0x8D, 0xBB, 0x6D, 0xBB, 0x6C, 0xBB, 0x4C, 0xB3, 0x4C, 0xB3, 0x0B, 0xAB, 0xEB, 0x9A,
    0xCB, 0x9A, 0xEB, 0x92, 0xEB, 0x8A, 0xEB, 0x7A, 0xC6, 0x49, 0xC1, 0x18, 0x23, 0x11, 0x02, 0x09,
    0xC2, 0x10, 0xC2, 0x08, 0xA8, 0x19, 0xCD, 0x3A, 0xCE, 0x3A, 0x6C, 0x32, 0x45, 0x09, 0x85, 0x11,
    0x25, 0x2A, 0xE4, 0x29, 0x25, 0x32, 0xE4, 0x21, 0x21, 0x11, 0xC2, 0x19, 0x01, 0x1A, 0x22, 0x22,
    0xC2, 0x21, 0x86, 0x4A, 0x6A, 0x7B, 0x49, 0x7B, 0x69, 0x7B, 0xA9, 0x8B, 0xC8, 0x9B, 0xCB, 0xBC,
    0x93, 0xFF, 0xEA, 0xE5, 0xEA, 0xF5, 0xEE, 0xFE, 0xCC, 0xE5, 0x87, 0x93, 0xCA, 0x8B, 0x8A, 0x73,
    0x8B, 0x6B, 0x6B, 0x6B, 0xA8, 0x62, 0xC3, 0x49, 0xC2, 0x49, 0xE2, 0x51, 0x02, 0x52, 0x03, 0x62,
    0x81, 0x51, 0x40, 0x49, 0x81, 0x51, 0xC0, 0x59, 0xC0, 0x59, 0x42, 0x6A, 0x63, 0x6A, 0x43, 0x6A,
    0xA1, 0x59, 0xE2, 0x61, 0xE2, 0x59, 0x81, 0x51, 0xC2, 0x51, 0x04, 0x52, 0xE4, 0x49, 0xC4, 0x41,
    0xE2, 0x20, 0x00, 0x00, 0x20, 0x00, 0x20, 0x00, 0x00, 0x00, 0x21, 0x00, 0x61, 0x00, 0xA2, 0x00,
    0xE4, 0x00, 0xE3, 0x00, 0x03, 0x09, 0xE2, 0x18, 0x83, 0x49, 0x82, 0x59, 0xC1, 0x30, 0x81, 0x20,
    0xA1, 0x28, 0xA1, 0x20, 0x60, 0x10, 0x40, 0x08, 0x40, 0x00, 0x40, 0x00, 0x60, 0x00, 0xC3, 0x08,
    0xC3, 0x08, 0xC2, 0x08, 0x02, 0x11, 0x22, 0x11, 0xC1, 0x08, 0x80, 0x00, 0x60, 0x00, 0x60, 0x00,
    0x61, 0x00, 0x61, 0x00, 0x62, 0x00, 0xA3, 0x00, 0xE5, 0x08, 0xAA, 0x19, 0x6E, 0x2A, 0x6F, 0x2A,
    0x47, 0x09, 0x05, 0x09, 0xC3, 0x00, 0x82, 0x00, 0x61, 0x00, 0x41, 0x00, 0x20, 0x00, 0x20, 0x00,
    0x20, 0x00, 0x40, 0x00, 0x40, 0x00, 0x40, 0x00, 0x40, 0x00, 0x82, 0x00, 0xE4, 0x08, 0x25, 0x01,
    0x05, 0x01, 0xA3, 0x00, 0x00, 0x00, 0x40, 0x18, 0xC1, 0x28, 0x44, 0x19, 0x66, 0x01, 0x04, 0x01,
    0x41, 0x08, 0x40, 0x10, 0x81, 0x18, 0xA2, 0x08, 0x82, 0x00, 0x61, 0x00, 0x41, 0x00, 0x82, 0x00,
    0x82, 0x00, 0x81, 0x00, 0x81, 0x00, 0x81, 0x00, 0x60, 0x00, 0x60, 0x00, 0xA1, 0x00, 0xC1, 0x00,
    0xC1, 0x00, 0xC1, 0x00, 0xC1, 0x00, 0xE2, 0x00, 0xE1, 0x00, 0xC2, 0x00, 0xE2, 0x00, 0xC2, 0x00,
    0xE2, 0x08, 0xE2, 0x08, 0x02, 0x09, 0xE2, 0x08, 0xC1, 0x08, 0xE2, 0x10, 0x02, 0x09, 0xE2, 0x00,
    0xC1, 0x08, 0xA1, 0x18, 0x01, 0x29, 0x21, 0x19, 0x42, 0x11, 0x62, 0x11, 0x83, 0x19, 0x83, 0x19,
    0x83, 0x19, 0xA3, 0x19, 0xA3, 0x19, 0xA3, 0x19, 0xA3, 0x21, 0xA3, 0x21, 0xE4, 0x21, 0xE5, 0x21,
    0x85, 0x11, 0x64, 0x11, 0x64, 0x11, 0x65, 0x11, 0x65, 0x11, 0x64, 0x11, 0x85, 0x11, 0xA6, 0x19,
    0xA6, 0x19, 0x24, 0x19, 0x65, 0x29, 0xA6, 0x29, 0xA6, 0x19, 0xE7, 0x21, 0x07, 0x22, 0x07, 0x22,
    0x07, 0x22, 0x08, 0x22, 0x08, 0x22, 0xE8, 0x21, 0xE7, 0x19, 0xE6, 0x11, 0x08, 0x12, 0x69, 0x1A,
    0x89, 0x22, 0xAB, 0x2A, 0xAE, 0x2A, 0xF0, 0x2A, 0xEF, 0x2A, 0xEF, 0x2A, 0x10, 0x2B, 0x10, 0x33,
    0xCE, 0x42, 0x88, 0x31, 0x46, 0x31, 0x87, 0x41, 0xA7, 0x51, 0xC8, 0x59, 0xE8, 0x61, 0x08, 0x6A,
    0xE8, 0x69, 0x08, 0x72, 0xC8, 0x71, 0xE8, 0x71, 0xC8, 0x71, 0xA8, 0x69, 0x87, 0x61, 0x67, 0x59,
    0x46, 0x51, 0x05, 0x41, 0xE4, 0x38, 0xC4, 0x30, 0xA4, 0x30, 0xA3, 0x30, 0x82, 0x30, 0x62, 0x28,
    0x62, 0x28, 0x42, 0x20, 0xA4, 0x30, 0xE5, 0x38, 0xE5, 0x30, 0xC5, 0x30, 0xA4, 0x30, 0xC4, 0x30,
    0xC4, 0x30, 0xA4, 0x30, 0x83, 0x28, 0x83, 0x28, 0x82, 0x28, 0x82, 0x28, 0x82, 0x28, 0xA3, 0x30,
    0xE3, 0x38, 0xE4, 0x40, 0x04, 0x49, 0x24, 0x51, 0x45, 0x51, 0x65, 0x59, 0x65, 0x61, 0x85, 0x61,
    0x85, 0x61, 0xA5, 0x69, 0xA6, 0x71, 0xA5, 0x71, 0xC6, 0x71, 0xC6, 0x79, 0xC6, 0x79, 0xC6, 0x79,
    0xE5, 0x79, 0xE5, 0x79, 0xC5, 0x81, 0xE6, 0x81, 0xC5, 0x81, 0xC5, 0x79, 0xC6, 0x79, 0xC6, 0x79,
    0xC5, 0x79, 0xA5, 0x79, 0xA5, 0x79, 0xA5, 0x79, 0x85, 0x71, 0x44, 0x71, 0x24, 0x69, 0xE3, 0x58,
    0x81, 0x48, 0x41, 0x48, 0x21, 0x40, 0x21, 0x40, 0x41, 0x48, 0x82, 0x50, 0xE3, 0x60, 0x45, 0x69,
    0xA5, 0x71, 0xC6, 0x79, 0x07, 0x82, 0x28, 0x92, 0x68, 0x9A, 0x68, 0xA2, 0x89, 0xAA, 0xE7, 0x91,
    0x85, 0x89, 0xE7, 0x99, 0x27, 0xA2, 0x89, 0xAA, 0xA9, 0xAA, 0x0A, 0xB3, 0x2B, 0xB3, 0x4B, 0xB3,
    0x6C, 0xBB, 0x8D, 0xBB, 0xAD, 0xC3, 0x8D, 0xBB, 0x8D, 0xC3, 0x8C, 0xC3, 0x6C, 0xBB, 0x6D, 0xBB,
    0x6C, 0xBB, 0x6C, 0xBB, 0x6C, 0xBB, 0x4C, 0xB3, 0x4C, 0xB3, 0x0B, 0xAB, 0xEA, 0xA2, 0xCA, 0x9A,
    0xAA, 0x8A, 0x89, 0x7A, 0xCB, 0x7A, 0x69, 0x6A, 0xE2, 0x28, 0xE2, 0x18, 0x02, 0x11, 0xE2, 0x10,
    0xC2, 0x10, 0xA2, 0x08, 0x67, 0x19, 0xAD, 0x3A, 0xCD, 0x3A, 0x8B, 0x32, 0x27, 0x2A, 0x46, 0x2A,
    0x24, 0x22, 0x03, 0x2A, 0xE2, 0x29, 0x82, 0x29, 0x00, 0x09, 0x41, 0x09, 0x81, 0x11, 0xA1, 0x19,
    0xA1, 0x21, 0x86, 0x4A, 0x8A, 0x7B, 0x49, 0x7B, 0x69, 0x83, 0xA9, 0x8B, 0xC8, 0x9B, 0xAA, 0xB4,
    0xD4, 0xFF, 0x4B, 0xEE, 0x4B, 0xEE, 0x70, 0xFF, 0x8E, 0xEE, 0xE8, 0x9B, 0xAA, 0x8B, 0x8A, 0x73,
    0x8B, 0x6B, 0x6B, 0x6B, 0xE9, 0x62, 0x45, 0x4A, 0x23, 0x4A, 0x44, 0x4A, 0x44, 0x4A, 0xA2, 0x49,
    0x02, 0x62, 0xA9, 0xBC, 0x27, 0xAC, 0x2A, 0xC5, 0x0A, 0xBD, 0xE3, 0x7A, 0xA4, 0x6A, 0x22, 0x62,
    0x25, 0x8B, 0x07, 0xB4, 0x84, 0xA3, 0xA6, 0xA3, 0x22, 0x6A, 0x24, 0x52, 0x24, 0x4A, 0xE4, 0x41,
    0xE2, 0x20, 0x00, 0x00, 0x20, 0x00, 0x40, 0x08, 0x02, 0x21, 0xA3, 0x29, 0x63, 0x29, 0x23, 0x19,
    0x24, 0x11, 0xE3, 0x08, 0xC2, 0x08, 0xA1, 0x08, 0x82, 0x49, 0x82, 0x59, 0xA1, 0x30, 0x81, 0x20,
    0x80, 0x18, 0x40, 0x08, 0x60, 0x00, 0xE2, 0x08, 0x02, 0x11, 0x02, 0x11, 0x02, 0x09, 0xE3, 0x08,
    0xA2, 0x00, 0x81, 0x00, 0x81, 0x00, 0xE2, 0x08, 0xE2, 0x10, 0xC1, 0x10, 0x60, 0x10, 0x20, 0x00,
    0x20, 0x00, 0xE4, 0x08, 0xC9, 0x21, 0x0C, 0x22, 0x4D, 0x2A, 0x6E, 0x2A, 0x6E, 0x2A, 0x6E, 0x2A,
    0x45, 0x01, 0x45, 0x09, 0x44, 0x09, 0x44, 0x11, 0x23, 0x09, 0xC2, 0x00, 0x81, 0x00, 0x20, 0x00,
    0x00, 0x00, 0x20, 0x00, 0x60, 0x00, 0x61, 0x00, 0xA2, 0x00, 0xE4, 0x00, 0xE4, 0x00, 0xE4, 0x00,
    0xA3, 0x00, 0x61, 0x00, 0x20, 0x08, 0x40, 0x18, 0xC1, 0x28, 0x23, 0x21, 0x24, 0x01, 0xC3, 0x00,
    0x41, 0x10, 0x81, 0x20, 0xC2, 0x28, 0xC3, 0x18, 0x62, 0x08, 0x41, 0x00, 0x21, 0x00, 0x41, 0x00,
    0x61, 0x00, 0x61, 0x00, 0x81, 0x00, 0x61, 0x00, 0x60, 0x00, 0x60, 0x00, 0xA1, 0x00, 0xA1, 0x00,
    0xA1, 0x00, 0xC1, 0x00, 0xC1, 0x00, 0xC1, 0x00, 0xC1, 0x00, 0xC1, 0x00, 0xE1, 0x00, 0xE1, 0x00,
    0xE2, 0x08, 0xE2, 0x08, 0xE2, 0x08, 0xC2, 0x08, 0x81, 0x08, 0x81, 0x10, 0xE2, 0x10, 0xC2, 0x08,
    0xA1, 0x10, 0xC1, 0x20, 0x01, 0x21, 0x21, 0x11, 0x42, 0x11, 0x42, 0x11, 0x62, 0x11, 0x63, 0x11,
    0x83, 0x19, 0x83, 0x19, 0x83, 0x19, 0x83, 0x19, 0x83, 0x19, 0xA3, 0x21, 0xA3, 0x19, 0xE5, 0x21,
    0xA6, 0x19, 0x44, 0x09, 0x64, 0x11, 0x85, 0x11, 0x85, 0x11, 0xA5, 0x19, 0x85, 0x11, 0x85, 0x19,
    0x85, 0x19, 0x03, 0x11, 0x24, 0x29, 0x86, 0x29, 0x86, 0x21, 0xC6, 0x29, 0xC7, 0x31, 0xE7, 0x21,
    0xE7, 0x21, 0xE7, 0x21, 0xE7, 0x21, 0xC7, 0x19, 0xC6, 0x19, 0x85, 0x09, 0xA6, 0x09, 0xC6, 0x09,
    0x07, 0x12, 0x49, 0x1A, 0xAD, 0x22, 0xCF, 0x22, 0xD0, 0x22, 0xEF, 0x22, 0xF0, 0x2A, 0xEF, 0x32,
    0x2F, 0x43, 0x6A, 0x42, 0x67, 0x31, 0x67, 0x39, 0x87, 0x41, 0xA7, 0x51, 0xC8, 0x61, 0xC7, 0x61,
    0xC7, 0x61, 0xC8, 0x69, 0xC8, 0x69, 0xC8, 0x71, 0xC8, 0x69, 0xC8, 0x69, 0xA8, 0x69, 0x87, 0x61,
    0x67, 0x59, 0x25, 0x49, 0xE5, 0x38, 0xE4, 0x38, 0xA4, 0x30, 0xA3, 0x30, 0x82, 0x28, 0x62, 0x28,
    0x62, 0x28, 0x83, 0x28, 0xE5, 0x38, 0xE5, 0x38, 0xE5, 0x38, 0xC5, 0x30, 0xC4, 0x30, 0xC4, 0x30,
    0xC4, 0x30, 0xC4, 0x30, 0xC4, 0x30, 0xC4, 0x30, 0xA3, 0x30, 0xA3, 0x28, 0x83, 0x28, 0x62, 0x20,
    0x62, 0x20, 0x62, 0x20, 0x61, 0x28, 0x41, 0x28, 0x62, 0x30, 0x82, 0x30, 0xA2, 0x38, 0xA2, 0x38,
    0xA2, 0x40, 0xC3, 0x40, 0x03, 0x49, 0x03, 0x49, 0x03, 0x51, 0x03, 0x51, 0x23, 0x51, 0x24, 0x59,
    0x24, 0x59, 0x24, 0x59, 0x24, 0x61, 0x23, 0x59, 0x03, 0x59, 0xE3, 0x50, 0xE3, 0x50, 0xC2, 0x48,
    0xA2, 0x48, 0x61, 0x40, 0x61, 0x38, 0x61, 0x38, 0x40, 0x38, 0x20, 0x38, 0x40, 0x38, 0x41, 0x40,
    0x61, 0x48, 0x82, 0x50, 0xC3, 0x58, 0x24, 0x61, 0x65, 0x71, 0x85, 0x79, 0xA6, 0x81, 0xE6, 0x89,
    0xE7, 0x89, 0x27, 0x8A, 0x68, 0x9A, 0xA9, 0xA2, 0xCA, 0xAA, 0xCA, 0xAA, 0xEA, 0xB2, 0xA9, 0xAA,
    0x27, 0x9A, 0x48, 0xA2, 0x48, 0xAA, 0xA9, 0xB2, 0xCA, 0xB2, 0x2B, 0xBB, 0x4B, 0xBB, 0x6C, 0xBB,
    0xAD, 0xC3, 0xAD, 0xC3, 0xAD, 0xC3, 0x8D, 0xBB, 0x6C, 0xBB, 0x8C, 0xC3, 0x6C, 0xBB, 0x6C, 0xBB,
    0x4C, 0xB3, 0x4C, 0xB3, 0x4C, 0xBB, 0x0B, 0xB3, 0x0B, 0xAB, 0xEA, 0xA2, 0x0B, 0x9B, 0xCA, 0x92,
    0x89, 0x82, 0x48, 0x6A, 0xAA, 0x72, 0xA6, 0x49, 0xC1, 0x20, 0xE2, 0x18, 0x02, 0x11, 0xE2, 0x08,
    0xC1, 0x08, 0xA1, 0x00, 0x45, 0x11, 0xAC, 0x3A, 0xCC, 0x3A, 0xAA, 0x32, 0x67, 0x2A, 0x24, 0x32,
    0x22, 0x42, 0xA1, 0x49, 0x02, 0x6A, 0xE1, 0x49, 0x20, 0x21, 0x60, 0x29, 0x20, 0x29, 0xA0, 0x39,
    0x40, 0x29, 0x65, 0x52, 0x8A, 0x83, 0x69, 0x7B, 0x69, 0x7B, 0xA9, 0x83, 0xA8, 0x9B, 0x89, 0xAC,
    0xB5, 0xFF, 0x8E, 0xF6, 0x8D, 0xF6, 0xB3, 0xFF, 0xB0, 0xF6, 0x08, 0xAC, 0xAA, 0x8B, 0x8A, 0x73,
    0x8B, 0x6B, 0x8B, 0x6B, 0x09, 0x63, 0x45, 0x4A, 0x44, 0x4A, 0x45, 0x4A, 0x65, 0x52, 0xA1, 0x49,
    0x47, 0xAC, 0xB1, 0xFF, 0x0E, 0xFF, 0xB1, 0xFF, 0xD3, 0xFF, 0xE6, 0x93, 0xA4, 0x62, 0x62, 0x6A,
    0x4E, 0xE6, 0x71, 0xFF, 0x8E, 0xFE, 0xF0, 0xFE, 0x86, 0x9B, 0x03, 0x52, 0x44, 0x52, 0xE4, 0x41,
    0xE1, 0x18, 0x00, 0x00, 0x60, 0x08, 0xA2, 0x31, 0x64, 0x52, 0x64, 0x4A, 0xE4, 0x39, 0x83, 0x29,
    0x84, 0x21, 0x23, 0x11, 0x02, 0x09, 0xA0, 0x08, 0x62, 0x49, 0x82, 0x61, 0xA0, 0x38, 0x80, 0x20,
    0x60, 0x18, 0x60, 0x08, 0x43, 0x19, 0xA4, 0x21, 0x63, 0x19, 0x22, 0x11, 0xE2, 0x08, 0xE2, 0x08,
    0xE2, 0x00, 0xA2, 0x00, 0x81, 0x00, 0x81, 0x00, 0x81, 0x00, 0xC1, 0x18, 0x80, 0x20, 0x40, 0x10,
    0x20, 0x00, 0x06, 0x11, 0x4C, 0x2A, 0x4D, 0x22, 0x2C, 0x22, 0x4D, 0x22, 0x6D, 0x2A, 0x6E, 0x2A,
    0x03, 0x01, 0x03, 0x01, 0x03, 0x01, 0x03, 0x01, 0x03, 0x01, 0x23, 0x09, 0xE3, 0x08, 0x20, 0x00,
    0x00, 0x00, 0x40, 0x00, 0xA2, 0x00, 0xC3, 0x00, 0xC3, 0x00, 0xC3, 0x00, 0xA3, 0x00, 0x82, 0x00,
    0x62, 0x00, 0x61, 0x00, 0x40, 0x08, 0x60, 0x18, 0xC1, 0x30, 0x23, 0x29, 0xE3, 0x08, 0xA3, 0x08,
    0x61, 0x10, 0x81, 0x20, 0xC2, 0x28, 0x04, 0x29, 0xE4, 0x10, 0x62, 0x00, 0x41, 0x00, 0x20, 0x00,
    0x20, 0x00, 0x40, 0x00, 0x40, 0x00, 0x40, 0x00, 0x40, 0x00, 0x60, 0x00, 0x81, 0x00, 0xA1, 0x00,
    0xA1, 0x00, 0xA1, 0x00, 0xC1, 0x00, 0xC1, 0x00, 0xC1, 0x00, 0xC1, 0x00, 0xE1, 0x00, 0xE1, 0x00,
    0xE2, 0x00, 0xE2, 0x08, 0x03, 0x09, 0x03, 0x09, 0xC2, 0x08, 0x81, 0x08, 0xA1, 0x10, 0xA1, 0x10,
    0xA0, 0x20, 0xE1, 0x28, 0x01, 0x19, 0x01, 0x09, 0x22, 0x09, 0x42, 0x09, 0x42, 0x11, 0x62, 0x11,
    0x63, 0x11, 0x63, 0x11, 0x83, 0x19, 0x63, 0x19, 0x63, 0x19, 0x83, 0x19, 0x83, 0x19, 0xE5, 0x21,
    0xE6, 0x19, 0x64, 0x09, 0x65, 0x11, 0x85, 0x11, 0x85, 0x11, 0x85, 0x19, 0x44, 0x11, 0x23, 0x11,
    0x44, 0x11, 0xC2, 0x10, 0x24, 0x29, 0x66, 0x29, 0x65, 0x21, 0x08, 0x4A, 0x6A, 0x5A, 0xA7, 0x29,
    0xC6, 0x19, 0xC7, 0x19, 0xA7, 0x19, 0xA6, 0x19, 0x86, 0x11, 0x65, 0x09, 0xA6, 0x09, 0xC7, 0x09,
    0xE7, 0x11, 0x29, 0x12, 0x6C, 0x22, 0xAF, 0x22, 0xB0, 0x22, 0xCF, 0x22, 0xEF, 0x22, 0x0F, 0x33,
    0x2D, 0x3B, 0x0B, 0x43, 0xE8, 0x31, 0x46, 0x39, 0x46, 0x39, 0x66, 0x41, 0xA7, 0x51, 0xA7, 0x59,
    0xC8, 0x61, 0xE8, 0x69, 0xC8, 0x71, 0xC8, 0x71, 0xC8, 0x69, 0xA8, 0x69, 0xA8, 0x69, 0xA7, 0x61,
    0x66, 0x59, 0x46, 0x49, 0x05, 0x41, 0xE4, 0x38, 0xC4, 0x38, 0xA3, 0x30, 0x83, 0x28, 0x62, 0x28,
    0x42, 0x20, 0xE5, 0x30, 0x06, 0x39, 0x05, 0x39, 0xE5, 0x38, 0xE5, 0x38, 0xC5, 0x30, 0xC5, 0x30,
    0xE5, 0x30, 0xC4, 0x30, 0xC4, 0x30, 0xC4, 0x30, 0xC4, 0x30, 0xC4, 0x30, 0xA3, 0x28, 0xA3, 0x28,
    0xA3, 0x28, 0xA2, 0x28, 0x82, 0x28, 0x62, 0x28, 0x62, 0x28, 0x62, 0x28, 0x41, 0x28, 0x41, 0x28,
    0x41, 0x28, 0x41, 0x28, 0x41, 0x20, 0x21, 0x20, 0x20, 0x20, 0x20, 0x20, 0x20, 0x20, 0x20, 0x28,
    0x20, 0x28, 0x20, 0x28, 0x21, 0x28, 0x20, 0x28, 0x20, 0x28, 0x20, 0x30, 0x20, 0x30, 0x00, 0x28,
    0x21, 0x30, 0x41, 0x30, 0x62, 0x40, 0xA3, 0x48, 0xC3, 0x50, 0x04, 0x59, 0x44, 0x61, 0x45, 0x69,
    0x85, 0x71, 0x85, 0x71, 0xA6, 0x79, 0xE7, 0x81, 0xE7, 0x89, 0x07, 0x8A, 0x28, 0x92, 0x48, 0x9A,
    0x48, 0x9A, 0x89, 0x9A, 0xCA, 0xAA, 0xEB, 0xAA, 0x0B, 0xB3, 0x2B, 0xB3, 0x2B, 0xBB, 0x4C, 0xC3,
    0x89, 0xAA, 0x48, 0xAA, 0x89, 0xB2, 0xCA, 0xB2, 0x0B, 0xBB, 0x2B, 0xBB, 0x4C, 0xBB, 0x4C, 0xBB,
    0x6C, 0xBB, 0x8D, 0xBB, 0x8D, 0xBB, 0x8D, 0xBB, 0x6C, 0xBB, 0x8D, 0xC3, 0x6C, 0xBB, 0x6C, 0xBB,
    0x4C, 0xBB, 0x4C, 0xB3, 0x2C, 0xB3, 0xEB, 0xAA, 0xEA, 0xA2, 0xEB, 0x9A, 0xCA, 0x92, 0x89, 0x82,
    0x28, 0x72, 0x69, 0x6A, 0x49, 0x5A, 0xE2, 0x28, 0xC2, 0x20, 0xC2, 0x10, 0x02, 0x11, 0xE1, 0x08,
    0xA4, 0x21, 0xE5, 0x29, 0x84, 0x19, 0xE7, 0x21, 0x68, 0x2A, 0x67, 0x2A, 0xC3, 0x19, 0x42, 0x3A,
    0x65, 0x73, 0x61, 0x72, 0xC3, 0x92, 0x03, 0x83, 0xC1, 0x62, 0xC5, 0x8B, 0xA1, 0x7A, 0xE5, 0xB3,
    0x01, 0x6A, 0x04, 0x4A, 0xAA, 0x83, 0x6A, 0x7B, 0x69, 0x7B, 0x88, 0x83, 0xE8, 0x9B, 0x48, 0xAC,
    0xB5, 0xFF, 0xEF, 0xF6, 0xCE, 0xF6, 0xF3, 0xFF, 0xD0, 0xF6, 0x09, 0xAC, 0xCA, 0x8B, 0x8A, 0x73,
    0x8A, 0x73, 0x8B, 0x6B, 0x09, 0x63, 0x45, 0x4A, 0x45, 0x4A, 0x45, 0x4A, 0x85, 0x52, 0xE1, 0x51,
    0x26, 0xAC, 0x0E, 0xFF, 0x6B, 0xEE, 0x2F, 0xFF, 0x10, 0xFF, 0xA5, 0x93, 0xC4, 0x6A, 0xC2, 0x72,
    0x4E, 0xE6, 0x10, 0xFF, 0x6E, 0xF6, 0xD0, 0xFE, 0x86, 0x93, 0x23, 0x52, 0x65, 0x52, 0x04, 0x42,
    0xC1, 0x18, 0x40, 0x10, 0x23, 0x4A, 0xC4, 0x62, 0xC3, 0x5A, 0x63, 0x4A, 0xE2, 0x39, 0xC3, 0x31,
    0xA3, 0x29, 0x63, 0x21, 0x23, 0x11, 0xA0, 0x10, 0x41, 0x49, 0x61, 0x59, 0xC0, 0x38, 0x60, 0x28,
    0x40, 0x10, 0xC1, 0x10, 0x84, 0x19, 0x43, 0x11, 0xE2, 0x08, 0xE2, 0x08, 0xE2, 0x08, 0xE2, 0x08,
    0xE2, 0x08, 0xC2, 0x00, 0x81, 0x00, 0x81, 0x00, 0x60, 0x00, 0xA1, 0x20, 0xA1, 0x28, 0x60, 0x10,
    0x40, 0x08, 0xA2, 0x08, 0x46, 0x09, 0x46, 0x09, 0x67, 0x09, 0x67, 0x09, 0xC9, 0x11, 0x2C, 0x22,
    0xA2, 0x00, 0xA1, 0x00, 0xA1, 0x00, 0xA1, 0x00, 0xA2, 0x00, 0xC2, 0x00, 0xA2, 0x00, 0x20, 0x00,
    0x00, 0x00, 0x20, 0x00, 0x82, 0x00, 0x82, 0x00, 0x82, 0x00, 0x82, 0x00, 0x62, 0x00, 0x41, 0x00,
    0x41, 0x00, 0x61, 0x08, 0x40, 0x08, 0x60, 0x18, 0xC1, 0x30, 0x23, 0x29, 0xC2, 0x08, 0x82, 0x08,
    0x61, 0x10, 0x81, 0x20, 0xC1, 0x28, 0x03, 0x21, 0x25, 0x11, 0x05, 0x01, 0xA3, 0x00, 0x61, 0x00,
    0x21, 0x00, 0x20, 0x00, 0x20, 0x00, 0x20, 0x00, 0x20, 0x00, 0x60, 0x00, 0x81, 0x00, 0xA1, 0x00,
    0xA1, 0x00, 0xA1, 0x00, 0xA1, 0x00, 0xC1, 0x00, 0xC2, 0x00, 0xC2, 0x00, 0xC1, 0x00, 0xC1, 0x00,
    0xE2, 0x00, 0xE2, 0x00, 0x03, 0x01, 0x24, 0x01, 0x23, 0x01, 0xE2, 0x08, 0xA1, 0x08, 0x80, 0x18,
    0xA1, 0x28, 0x01, 0x21, 0xE1, 0x08, 0x02, 0x01, 0x22, 0x09, 0x22, 0x09, 0x42, 0x09, 0x42, 0x11,
    0x43, 0x11, 0x43, 0x11, 0x63, 0x11, 0x42, 0x11, 0x42, 0x11, 0x63, 0x11, 0x83, 0x19, 0xA5, 0x19,
    0xC6, 0x19, 0x44, 0x09, 0x64, 0x09, 0x64, 0x11, 0x65, 0x11, 0x85, 0x11, 0x64, 0x11, 0x23, 0x11,
    0x44, 0x11, 0x03, 0x11, 0x03, 0x21, 0x65, 0x21, 0x45, 0x19, 0xC8, 0x41, 0x09, 0x52, 0x65, 0x21,
    0x65, 0x19, 0x86, 0x19, 0xA6, 0x19, 0x86, 0x19, 0x65, 0x11, 0x65, 0x11, 0xA7, 0x11, 0x08, 0x1A,
    0x29, 0x1A, 0x29, 0x1A, 0x4B, 0x1A, 0x8D, 0x22, 0xAE, 0x22, 0xAE, 0x22, 0xAE, 0x2A, 0xED, 0x32,
    0x0B, 0x33, 0xC9, 0x2A, 0x69, 0x32, 0x87, 0x29, 0x46, 0x31, 0x46, 0x39, 0x87, 0x41, 0x87, 0x51,
    0xC8, 0x59, 0xE8, 0x69, 0xC8, 0x69, 0xC8, 0x69, 0xA7, 0x69, 0xC8, 0x69, 0xA7, 0x69, 0x87, 0x61,
    0x87, 0x61, 0x66, 0x59, 0x25, 0x49, 0x05, 0x39, 0xC4, 0x38, 0xA3, 0x30, 0x83, 0x28, 0x42, 0x20,
    0x63, 0x20, 0x06, 0x39, 0x26, 0x41, 0x05, 0x39, 0xE5, 0x38, 0xE5, 0x38, 0xC5, 0x30, 0xC5, 0x30,
    0xE5, 0x30, 0xC5, 0x30, 0xC4, 0x30, 0xC4, 0x30, 0xC4, 0x30, 0xA4, 0x30, 0xA3, 0x30, 0xA3, 0x30,
    0xA3, 0x28, 0xA3, 0x28, 0xA3, 0x28, 0xA3, 0x30, 0xA3, 0x30, 0xA3, 0x30, 0x83, 0x30, 0x83, 0x30,
    0x83, 0x30, 0x82, 0x30, 0x62, 0x28, 0x62, 0x28, 0x62, 0x28, 0x61, 0x28, 0x41, 0x28, 0x41, 0x28,
    0x61, 0x30, 0x61, 0x30, 0x82, 0x38, 0x82, 0x38, 0x82, 0x40, 0xC3, 0x48, 0x03, 0x51, 0x03, 0x51,
    0x04, 0x51, 0x44, 0x59, 0x65, 0x69, 0x85, 0x71, 0x85, 0x71, 0xC6, 0x79, 0xE6, 0x81, 0xC6, 0x79,
    0xE6, 0x81, 0x07, 0x82, 0x27, 0x8A, 0x28, 0x92, 0x48, 0x92, 0x28, 0x92, 0x68, 0x9A, 0x89, 0x9A,
    0xA9, 0xA2, 0xA9, 0xA2, 0xEA, 0xAA, 0x0B, 0xAB, 0x2B, 0xB3, 0x4B, 0xB3, 0x4B, 0xBB, 0x4C, 0xBB,
    0x0B, 0xBB, 0x68, 0xAA, 0xAA, 0xB2, 0xEA, 0xB2, 0xCA, 0xB2, 0x0B, 0xBB, 0x4C, 0xBB, 0x8D, 0xC3,
    0x6C, 0xBB, 0x8C, 0xBB, 0x8D, 0xBB, 0x8D, 0xBB, 0x6C, 0xBB, 0x4C, 0xBB, 0x4C, 0xBB, 0x4C, 0xBB,
    0x4C, 0xB3, 0x2C, 0xB3, 0x0B, 0xAB, 0xEA, 0xA2, 0xAA, 0x92, 0xEB, 0x92, 0xAA, 0x8A, 0x69, 0x7A,
    0x49, 0x6A, 0x8A, 0x62, 0x45, 0x29, 0xE2, 0x20, 0xC2, 0x20, 0xA1, 0x10, 0xC1, 0x00, 0xA3, 0x19,
    0xC7, 0x42, 0xA6, 0x42, 0xE4, 0x31, 0x05, 0x3A, 0x46, 0x3A, 0xA3, 0x21, 0xC2, 0x21, 0x62, 0x3A,
    0x81, 0x3A, 0x20, 0x42, 0x20, 0x42, 0x21, 0x42, 0x00, 0x32, 0xC1, 0x52, 0x00, 0x63, 0x43, 0xB4,
    0x41, 0x72, 0x83, 0x41, 0x49, 0x83, 0x69, 0x7B, 0x69, 0x7B, 0x89, 0x8B, 0xE9, 0x9B, 0xC7, 0xA3,
    0x90, 0xEE, 0x0C, 0xEE, 0xCB, 0xED, 0x30, 0xFF, 0xCD, 0xE5, 0x87, 0x9B, 0xCA, 0x83, 0x8A, 0x73,
    0x6A, 0x6B, 0x6A, 0x6B, 0xE8, 0x5A, 0x45, 0x4A, 0x65, 0x4A, 0x45, 0x4A, 0x85, 0x52, 0x02, 0x5A,
    0xA9, 0xB4, 0x72, 0xFF, 0xAF, 0xEE, 0x31, 0xFF, 0x52, 0xFF, 0xE6, 0x93, 0xC4, 0x6A, 0xC3, 0x72,
    0x2E, 0xDE, 0x11, 0xFF, 0x8E, 0xF6, 0xF1, 0xFE, 0x86, 0x93, 0x03, 0x52, 0x45, 0x4A, 0xE4, 0x41,
    0xA0, 0x18, 0xE1, 0x41, 0x44, 0x73, 0xC3, 0x62, 0x83, 0x5A, 0x23, 0x4A, 0xE3, 0x41, 0xA3, 0x31,
    0x83, 0x29, 0x43, 0x21, 0x22, 0x19, 0xA0, 0x18, 0x21, 0x41, 0x21, 0x49, 0xA0, 0x30, 0x60, 0x20,
    0x40, 0x08, 0xA1, 0x08, 0x02, 0x09, 0xE2, 0x08, 0xE2, 0x00, 0xE2, 0x00, 0xE2, 0x08, 0xE2, 0x08,
    0xE2, 0x08, 0xE2, 0x08, 0xA1, 0x00, 0xA1, 0x00, 0x60, 0x00, 0xA1, 0x20, 0xA1, 0x28, 0x40, 0x18,
    0x40, 0x10, 0x81, 0x08, 0xE3, 0x00, 0x03, 0x01, 0x23, 0x01, 0x24, 0x01, 0x25, 0x01, 0x87, 0x09,
    0x02, 0x09, 0x02, 0x09, 0x02, 0x09, 0xC1, 0x00, 0xC1, 0x00, 0xC1, 0x00, 0xA1, 0x00, 0x80, 0x00,
    0x40, 0x00, 0x80, 0x00, 0x81, 0x00, 0x40, 0x00, 0x41, 0x00, 0x41, 0x00, 0x21, 0x00, 0x21, 0x00,
    0x41, 0x00, 0x61, 0x08, 0x40, 0x08, 0x60, 0x18, 0xC1, 0x30, 0x03, 0x29, 0xA2, 0x08, 0x82, 0x08,
    0x61, 0x10, 0x81, 0x20, 0xC1, 0x28, 0x23, 0x29, 0x04, 0x11, 0x04, 0x01, 0x04, 0x01, 0xE4, 0x00,
    0xC3, 0x00, 0x62, 0x00, 0x20, 0x00, 0x00, 0x00, 0x20, 0x00, 0x60, 0x00, 0x81, 0x00, 0xA1, 0x00,
    0xA1, 0x00, 0xA1, 0x00, 0xA1, 0x00, 0xA2, 0x00, 0xC2, 0x00, 0xC2, 0x00, 0xC1, 0x00, 0xC1, 0x00,
    0xC2, 0x00, 0xE3, 0x00, 0x03, 0x01, 0x04, 0x01, 0x04, 0x01, 0x03, 0x01, 0xA1, 0x08, 0x80, 0x18,
    0xC1, 0x28, 0xE1, 0x18, 0xE1, 0x00, 0xE2, 0x00, 0x02, 0x09, 0x22, 0x09, 0x22, 0x09, 0x22, 0x09,
    0x22, 0x09, 0x22, 0x09, 0x22, 0x09, 0x22, 0x09, 0x42, 0x11, 0x42, 0x11, 0x63, 0x11, 0xA4, 0x19,
    0x06, 0x22, 0x85, 0x11, 0x44, 0x09, 0x64, 0x11, 0x65, 0x11, 0x85, 0x11, 0x85, 0x11, 0x64, 0x11,
    0x84, 0x11, 0x64, 0x19, 0x23, 0x19, 0x65, 0x19, 0x66, 0x11, 0x25, 0x19, 0x05, 0x21, 0x24, 0x19,
    0x45, 0x19, 0x65, 0x19, 0x85, 0x19, 0x85, 0x19, 0x85, 0x19, 0x86, 0x19, 0xA7, 0x19, 0xC8, 0x19,
    0xE8, 0x19, 0x29, 0x1A, 0x2A, 0x1A, 0x6C, 0x1A, 0xAD, 0x22, 0x8C, 0x2A, 0xAC, 0x3A, 0xAA, 0x3A,
    0xC8, 0x32, 0x67, 0x22, 0x48, 0x1A, 0x08, 0x2A, 0x46, 0x31, 0x46, 0x39, 0x46, 0x39, 0x87, 0x49,
    0x87, 0x51, 0xA7, 0x59, 0xA7, 0x61, 0xC8, 0x69, 0xA7, 0x69, 0xA7, 0x69, 0xA7, 0x61, 0xA7, 0x61,
    0x87, 0x61, 0x66, 0x59, 0x46, 0x51, 0x05, 0x41, 0xE4, 0x38, 0xC4, 0x30, 0x83, 0x28, 0x62, 0x20,
    0xC5, 0x30, 0x26, 0x39, 0x26, 0x41, 0x26, 0x39, 0x06, 0x39, 0x06, 0x39, 0xE5, 0x38, 0xE5, 0x38,
    0x05, 0x39, 0xE5, 0x38, 0xE5, 0x38, 0xE5, 0x38, 0xE5, 0x38, 0xE4, 0x38, 0xC4, 0x38, 0xC4, 0x38,
    0xC4, 0x38, 0xC4, 0x38, 0xC3, 0x38, 0xC3, 0x38, 0xA3, 0x38, 0xC3, 0x38, 0xC3, 0x40, 0xC3, 0x40,
    0xC3, 0x40, 0xC3, 0x40, 0xC3, 0x40, 0xC3, 0x48, 0xE3, 0x48, 0xE3, 0x48, 0xE3, 0x48, 0xE3, 0x48,
    0x03, 0x51, 0x24, 0x59, 0x44, 0x61, 0x45, 0x61, 0x65, 0x69, 0x85, 0x69, 0xA5, 0x71, 0xC6, 0x79,
    0xC6, 0x79, 0xE6, 0x81, 0x07, 0x82, 0x07, 0x8A, 0x27, 0x8A, 0x48, 0x92, 0x48, 0x92, 0x48, 0x92,
    0x68, 0x92, 0x89, 0x9A, 0x89, 0x9A, 0xA9, 0xA2, 0xA9, 0xA2, 0xC9, 0xAA, 0xCA, 0xAA, 0xEA, 0xAA,
    0x0B, 0xAB, 0xEB, 0xAA, 0x2B, 0xB3, 0x4C, 0xB3, 0x4C, 0xB3, 0x6C, 0xBB, 0x8C, 0xBB, 0x8C, 0xC3,
    0x8D, 0xC3, 0x0B, 0xBB, 0xCA, 0xB2, 0xEA, 0xB2, 0x0B, 0xBB, 0x0A, 0xB3, 0x2B, 0xBB, 0x6C, 0xBB,
    0x6C, 0xBB, 0x4C, 0xB3, 0x6C, 0xB3, 0x4B, 0xB3, 0x2B, 0xB3, 0x4C, 0xBB, 0x2C, 0xB3, 0x2C, 0xB3,
    0xEB, 0xAA, 0xAA, 0xA2, 0xAA, 0x9A, 0xCA, 0x9A, 0x69, 0x8A, 0x8A, 0x82, 0x69, 0x7A, 0x28, 0x6A,
    0x49, 0x62, 0xC7, 0x31, 0x04, 0x11, 0x03, 0x21, 0xC1, 0x20, 0x60, 0x08, 0xE1, 0x08, 0x46, 0x32,
    0x65, 0x3A, 0x44, 0x42, 0xE8, 0x62, 0x66, 0x5A, 0x87, 0x62, 0x04, 0x4A, 0xC6, 0x62, 0x26, 0x73,
    0x62, 0x42, 0x05, 0x5B, 0x01, 0x3A, 0x60, 0x11, 0x00, 0x1A, 0x00, 0x2B, 0x80, 0x3B, 0xC2, 0x84,
    0x02, 0x8C, 0x42, 0x5A, 0x28, 0x7B, 0x69, 0x83, 0x8A, 0x83, 0xA9, 0x8B, 0xEA, 0x9B, 0x87, 0x9B,
    0xE3, 0x9A, 0x63, 0xBB, 0x84, 0xBB, 0x26, 0xCC, 0x65, 0xAB, 0x47, 0x93, 0xCA, 0x8B, 0x8A, 0x73,
    0x8A, 0x6B, 0x6B, 0x6B, 0xE8, 0x5A, 0x25, 0x42, 0x45, 0x42, 0x45, 0x4A, 0x86, 0x5A, 0x23, 0x5A,
    0xAD, 0xD5, 0xF6, 0xFF, 0x72, 0xFF, 0xB3, 0xFF, 0xB3, 0xFF, 0x06, 0x9C, 0xE4, 0x72, 0xA2, 0x72,
    0x4F, 0xE6, 0x72, 0xFF, 0xAF, 0xF6, 0x11, 0xFF, 0x86, 0x93, 0x02, 0x52, 0x44, 0x52, 0xC3, 0x41,
    0x81, 0x39, 0x45, 0x7B, 0x84, 0x83, 0xA3, 0x62, 0x43, 0x4A, 0xE2, 0x41, 0xA2, 0x39, 0x62, 0x29,
    0x42, 0x21, 0x21, 0x21, 0x42, 0x21, 0xA2, 0x31, 0x03, 0x4A, 0xE3, 0x49, 0xC3, 0x39, 0xC4, 0x39,
    0x83, 0x29, 0x63, 0x19, 0x43, 0x11, 0x02, 0x09, 0xC2, 0x00, 0xC2, 0x00, 0xE2, 0x00, 0xE2, 0x08,
    0xE3, 0x08, 0xE3, 0x08, 0xC2, 0x08, 0xC2, 0x00, 0x60, 0x00, 0x80, 0x18, 0xA1, 0x28, 0x40, 0x18,
    0x40, 0x08, 0x60, 0x08, 0xC2, 0x00, 0xE2, 0x00, 0x02, 0x01, 0x03, 0x01, 0x23, 0x01, 0x24, 0x01,
    0xA4, 0x19, 0xA3, 0x19, 0xA3, 0x19, 0xA3, 0x19, 0x83, 0x19, 0x83, 0x19, 0xA3, 0x19, 0xA3, 0x21,
    0x83, 0x19, 0xA3, 0x19, 0x63, 0x19, 0x02, 0x09, 0xE2, 0x08, 0xC2, 0x08, 0xA1, 0x00, 0x61, 0x00,
    0x60, 0x00, 0x60, 0x00, 0x20, 0x08, 0x40, 0x18, 0xC1, 0x28, 0x03, 0x31, 0xA2, 0x10, 0x62, 0x08,
    0x41, 0x10, 0x81, 0x20, 0xC1, 0x28, 0x23, 0x31, 0xE2, 0x10, 0xC3, 0x00, 0xE4, 0x00, 0xE4, 0x00,
    0x04, 0x01, 0xC3, 0x00, 0x61, 0x00, 0x40, 0x08, 0x40, 0x08, 0x81, 0x08, 0x81, 0x00, 0x81, 0x00,
    0x80, 0x00, 0xA1, 0x00, 0xA1, 0x00, 0xA1, 0x00, 0xA1, 0x00, 0xA1, 0x00, 0xC1, 0x00, 0xC1, 0x00,
    0xC2, 0x00, 0xE2, 0x00, 0xE3, 0x00, 0xE4, 0x00, 0xE4, 0x00, 0xC2, 0x00, 0xA1, 0x10, 0xA0, 0x20,
    0xE2, 0x20, 0xC2, 0x08, 0xC1, 0x00, 0xC2, 0x00, 0x02, 0x01, 0x02, 0x01, 0x02, 0x09, 0x02, 0x09,
    0x02, 0x09, 0x22, 0x09, 0x02, 0x09, 0x02, 0x09, 0x22, 0x09, 0x22, 0x11, 0x43, 0x11, 0x84, 0x19,
    0x27, 0x2A, 0x48, 0x32, 0x64, 0x11, 0x64, 0x11, 0x84, 0x11, 0x84, 0x11, 0x84, 0x11, 0x84, 0x11,
    0x64, 0x11, 0x64, 0x11, 0x64, 0x19, 0x85, 0x19, 0x86, 0x11, 0x66, 0x11, 0x66, 0x11, 0x45, 0x11,
    0x24, 0x11, 0x45, 0x11, 0x65, 0x19, 0x65, 0x19, 0x65, 0x19, 0x86, 0x19, 0xA6, 0x19, 0xA7, 0x19,
    0xC7, 0x19, 0xE8, 0x19, 0x29, 0x1A, 0x6B, 0x22, 0x8C, 0x22, 0x8A, 0x32, 0x88, 0x42, 0x88, 0x3A,
    0x87, 0x22, 0x47, 0x1A, 0x07, 0x0A, 0x48, 0x1A, 0xE8, 0x31, 0x46, 0x31, 0x46, 0x39, 0x46, 0x39,
    0x46, 0x49, 0x66, 0x51, 0x87, 0x59, 0xA7, 0x61, 0xC7, 0x61, 0xA7, 0x61, 0x87, 0x61, 0xA7, 0x61,
    0xA7, 0x61, 0x87, 0x61, 0x46, 0x51, 0x25, 0x49, 0x25, 0x41, 0xC4, 0x38, 0x83, 0x28, 0x83, 0x28,
    0x26, 0x39, 0x47, 0x41, 0x26, 0x41, 0x47, 0x41, 0x47, 0x41, 0x26, 0x41, 0x26, 0x39, 0x26, 0x41,
    0x26, 0x41, 0x26, 0x41, 0x26, 0x41, 0x26, 0x41, 0x25, 0x41, 0x26, 0x49, 0x25, 0x41, 0x25, 0x49,
    0x25, 0x49, 0x46, 0x51, 0x45, 0x51, 0x25, 0x51, 0x25, 0x51, 0x45, 0x51, 0x66, 0x59, 0x45, 0x59,
    0x45, 0x59, 0x66, 0x61, 0x86, 0x61, 0x86, 0x69, 0x86, 0x69, 0xA6, 0x69, 0xC6, 0x71, 0xA6, 0x71,
    0xC6, 0x79, 0xC6, 0x79, 0xE7, 0x81, 0x07, 0x82, 0xE7, 0x81, 0x07, 0x8A, 0x27, 0x92, 0x68, 0x9A,
    0x68, 0x9A, 0x68, 0x9A, 0x68, 0x9A, 0x89, 0xA2, 0xA9, 0xA2, 0xA9, 0xA2, 0xA9, 0xA2, 0xA9, 0xA2,
    0xEA, 0xAA, 0xCA, 0xAA, 0xCA, 0xAA, 0x0B, 0xB3, 0x0A, 0xB3, 0x0A, 0xB3, 0x0B, 0xB3, 0x2B, 0xB3,
    0x4C, 0xBB, 0x6C, 0xBB, 0x4C, 0xB3, 0x6C, 0xBB, 0x6C, 0xBB, 0x8D, 0xC3, 0xAD, 0xC3, 0xAD, 0xC3,
    0xCE, 0xCB, 0xAD, 0xCB, 0x0B, 0xBB, 0xEA, 0xBA, 0x0B, 0xBB, 0x4C, 0xBB, 0x2B, 0xB3, 0x2B, 0xB3,
    0x4C, 0xB3, 0x4C, 0xB3, 0x2B, 0xAB, 0x0B, 0xAB, 0x2B, 0xB3, 0x2B, 0xB3, 0x2B, 0xB3, 0xCA, 0xAA,
    0xEA, 0xAA, 0xCA, 0xA2, 0xA9, 0x9A, 0x8A, 0x92, 0x89, 0x8A, 0x49, 0x7A, 0x49, 0x7A, 0x48, 0x6A,
    0xC7, 0x41, 0x04, 0x09, 0x24, 0x11, 0x03, 0x21, 0xA1, 0x18, 0x80, 0x08, 0x42, 0x11, 0x25, 0x32,
    0xA2, 0x21, 0x82, 0x31, 0x25, 0x5A, 0xA3, 0x51, 0xE4, 0x61, 0xA3, 0x51, 0x45, 0x6A, 0x85, 0x7A,
    0xC2, 0x51, 0xE6, 0x82, 0x44, 0x62, 0xE2, 0x41, 0x04, 0x4B, 0x63, 0x43, 0x60, 0x33, 0xA1, 0x64,
    0x22, 0x8D, 0x42, 0x73, 0x44, 0x6A, 0xC7, 0x72, 0x07, 0x73, 0x27, 0x73, 0x27, 0x83, 0xE6, 0x82,
    0xE1, 0x79, 0x01, 0x8A, 0x62, 0x9A, 0xA3, 0x9A, 0x84, 0x92, 0x28, 0x8B, 0xCB, 0x83, 0x8A, 0x73,
    0x8B, 0x73, 0x6B, 0x6B, 0xA8, 0x52, 0xE5, 0x39, 0x04, 0x42, 0x25, 0x42, 0x65, 0x52, 0x22, 0x52,
    0xE6, 0x9B, 0x4E, 0xE6, 0xE8, 0xC4, 0x49, 0xCD, 0xAB, 0xE5, 0xE6, 0xAB, 0x24, 0x8B, 0x82, 0x7A,
    0x85, 0x9B, 0xC9, 0xCC, 0x46, 0xBC, 0x27, 0xB4, 0xC2, 0x7A, 0x04, 0x73, 0xE4, 0x62, 0x64, 0x52,
    0x23, 0x4A, 0xC4, 0x62, 0x04, 0x6B, 0x83, 0x5A, 0x43, 0x4A, 0xC2, 0x39, 0xA2, 0x31, 0xE2, 0x39,
    0xE3, 0x39, 0x03, 0x32, 0x44, 0x42, 0xA5, 0x52, 0x84, 0x4A, 0x44, 0x42, 0x65, 0x42, 0x45, 0x3A,
    0x24, 0x32, 0xE4, 0x29, 0xC4, 0x21, 0xA4, 0x19, 0x43, 0x11, 0x02, 0x09, 0xC2, 0x00, 0xE2, 0x08,
    0xE3, 0x08, 0xC2, 0x08, 0xC2, 0x00, 0xC2, 0x00, 0x60, 0x00, 0x60, 0x18, 0xA1, 0x28, 0x61, 0x18,
    0x41, 0x10, 0x61, 0x08, 0xC2, 0x00, 0xE3, 0x00, 0x03, 0x01, 0x03, 0x01, 0x23, 0x01, 0x23, 0x01,
    0xE4, 0x21, 0xE4, 0x21, 0x04, 0x22, 0x04, 0x22, 0x04, 0x22, 0x04, 0x22, 0x04, 0x22, 0x04, 0x22,
    0x04, 0x22, 0x04, 0x22, 0x04, 0x22, 0x04, 0x22, 0xE4, 0x21, 0xE4, 0x21, 0xC4, 0x21, 0xA4, 0x19,
    0x83, 0x19, 0x43, 0x11, 0xC1, 0x10, 0xA1, 0x18, 0xC1, 0x20, 0xE2, 0x28, 0x81, 0x10, 0x61, 0x00,
    0x61, 0x10, 0x81, 0x20, 0xC1, 0x28, 0x23, 0x31, 0xE2, 0x18, 0xA2, 0x00, 0xC3, 0x00, 0xC3, 0x00,
    0xC3, 0x00, 0xA2, 0x00, 0x41, 0x08, 0x40, 0x08, 0x40, 0x08, 0x82, 0x08, 0xA3, 0x00, 0x82, 0x00,
    0x80, 0x00, 0x80, 0x00, 0x81, 0x00, 0xA1, 0x00, 0xA1, 0x00, 0xA1, 0x00, 0xA1, 0x00, 0xA1, 0x00,
    0xA1, 0x00, 0xC2, 0x00, 0xC3, 0x00, 0xC3, 0x00, 0xC3, 0x00, 0xA1, 0x08, 0xA0, 0x18, 0xE1, 0x28,
    0xC2, 0x10, 0xA1, 0x00, 0xA1, 0x00, 0xC1, 0x00, 0xC1, 0x00, 0xC1, 0x00, 0xC1, 0x00, 0x02, 0x01,
    0x02, 0x01, 0x02, 0x01, 0x02, 0x01, 0x02, 0x01, 0x22, 0x09, 0x22, 0x11, 0x43, 0x11, 0x43, 0x11,
    0x84, 0x21, 0x07, 0x32, 0xA5, 0x19, 0x64, 0x11, 0x84, 0x11, 0x84, 0x11, 0x84, 0x11, 0x64, 0x11,
    0x44, 0x09, 0x44, 0x11, 0x65, 0x19, 0x66, 0x11, 0x67, 0x11, 0x87, 0x11, 0x87, 0x11, 0x86, 0x19,
    0x24, 0x11, 0x44, 0x11, 0x44, 0x19, 0x24, 0x19, 0x24, 0x21, 0x45, 0x21, 0x45, 0x19, 0x86, 0x19,
    0xC8, 0x19, 0xC8, 0x11, 0x09, 0x1A, 0x4A, 0x1A, 0x6A, 0x2A, 0x88, 0x3A, 0x87, 0x42, 0x67, 0x32,
    0x47, 0x22, 0x27, 0x1A, 0x07, 0x0A, 0x07, 0x0A, 0xE8, 0x19, 0xA7, 0x31, 0x26, 0x31, 0x25, 0x31,
    0x46, 0x39, 0x46, 0x41, 0x86, 0x49, 0x86, 0x51, 0xA7, 0x59, 0x86, 0x59, 0x66, 0x59, 0x86, 0x59,
    0x87, 0x61, 0x66, 0x59, 0x46, 0x51, 0x46, 0x49, 0x25, 0x49, 0xC4, 0x38, 0x83, 0x30, 0xE5, 0x30,
    0x47, 0x41, 0x67, 0x41, 0x67, 0x49, 0x67, 0x49, 0x67, 0x49, 0x67, 0x49, 0x67, 0x49, 0x67, 0x49,
    0x87, 0x51, 0x87, 0x51, 0x87, 0x51, 0x67, 0x51, 0x87, 0x59, 0x87, 0x59, 0x87, 0x59, 0xA7, 0x61,
    0xA7, 0x61, 0xC7, 0x69, 0xC7, 0x69, 0xC7, 0x69, 0xA7, 0x69, 0xE8, 0x71, 0xE7, 0x71, 0xE7, 0x71,
    0x08, 0x7A, 0x08, 0x7A, 0x08, 0x82, 0x28, 0x82, 0x28, 0x8A, 0x28, 0x8A, 0x28, 0x8A, 0x48, 0x92,
    0x48, 0x92, 0x48, 0x92, 0x68, 0x92, 0x48, 0x92, 0x68, 0x9A, 0xA9, 0xA2, 0xA9, 0xA2, 0xCA, 0xA2,
    0xEA, 0xAA, 0xEA, 0xAA, 0xCA, 0xAA, 0xEB, 0xB2, 0x0B, 0xB3, 0x2B, 0xB3, 0x0B, 0xB3, 0xEA, 0xAA,
    0x0B, 0xB3, 0x2B, 0xB3, 0x4B, 0xBB, 0x2B, 0xB3, 0x2B, 0xBB, 0x2B, 0xBB, 0x4C, 0xBB, 0x6C, 0xBB,
    0x8D, 0xBB, 0x8D, 0xBB, 0x8C, 0xBB, 0x8D, 0xC3, 0xAD, 0xC3, 0xCD, 0xC3, 0xAD, 0xC3, 0xAD, 0xC3,
    0xEE, 0xCB, 0x0F, 0xD4, 0x6C, 0xC3, 0xCA, 0xBA, 0xEA, 0xBA, 0x2B, 0xBB, 0x2B, 0xB3, 0x0A, 0xB3,
    0x2B, 0xB3, 0x2B, 0xB3, 0x2B, 0xB3, 0x0B, 0xAB, 0xCA, 0xAA, 0xCA, 0xAA, 0xCA, 0xAA, 0xCA, 0xA2,
    0x89, 0x9A, 0x69, 0x92, 0x69, 0x92, 0x48, 0x82, 0x08, 0x7A, 0x49, 0x7A, 0x49, 0x72, 0xC7, 0x49,
    0xE4, 0x10, 0x04, 0x01, 0x04, 0x11, 0xE3, 0x20, 0xA1, 0x18, 0x80, 0x08, 0x22, 0x11, 0x82, 0x19,
    0x21, 0x19, 0x21, 0x21, 0x43, 0x39, 0x02, 0x39, 0x83, 0x49, 0x22, 0x49, 0x83, 0x51, 0x62, 0x51,
    0xE0, 0x40, 0xE4, 0x61, 0xA3, 0x61, 0xE4, 0x61, 0x65, 0x6A, 0x22, 0x5A, 0x40, 0x5A, 0x60, 0x73,
    0x42, 0x94, 0x42, 0x9B, 0xC2, 0x79, 0x83, 0x59, 0xC3, 0x51, 0x04, 0x5A, 0x85, 0x72, 0x07, 0x8B,
    0x48, 0x9B, 0x68, 0xA3, 0x68, 0xAB, 0x68, 0xAB, 0xE7, 0x92, 0x86, 0x72, 0xA7, 0x5A, 0x87, 0x52,
    0xA8, 0x5A, 0xC8, 0x62, 0x66, 0x52, 0x04, 0x4A, 0x04, 0x3A, 0x85, 0x4A, 0x46, 0x63, 0x44, 0x73,
    0x03, 0x7B, 0x22, 0x8B, 0x42, 0x8B, 0x42, 0x9B, 0x02, 0x9B, 0x22, 0x7A, 0x41, 0x59, 0xC2, 0x69,
    0x63, 0x7A, 0xC4, 0x82, 0x25, 0x8B, 0xC4, 0x72, 0xE5, 0x6A, 0x05, 0x63, 0xA4, 0x4A, 0x23, 0x3A,
    0xE3, 0x31, 0xC2, 0x31, 0x03, 0x3A, 0x23, 0x3A, 0xE2, 0x39, 0x22, 0x42, 0x05, 0x5B, 0xE5, 0x52,
    0xA4, 0x4A, 0x84, 0x42, 0x64, 0x42, 0x64, 0x3A, 0x23, 0x32, 0x03, 0x32, 0x03, 0x32, 0xC3, 0x29,
    0xA3, 0x21, 0xA3, 0x21, 0xA3, 0x19, 0xA3, 0x19, 0x83, 0x19, 0x43, 0x11, 0x02, 0x09, 0xC2, 0x00,
    0xE2, 0x00, 0xE2, 0x00, 0xC2, 0x00, 0xC2, 0x00, 0x40, 0x00, 0x60, 0x18, 0xA1, 0x20, 0x60, 0x18,
    0x20, 0x10, 0x82, 0x08, 0xE2, 0x00, 0x03, 0x01, 0x03, 0x01, 0x03, 0x01, 0x23, 0x01, 0x23, 0x01,
    0xC3, 0x21, 0xE4, 0x21, 0xE4, 0x21, 0x04, 0x22, 0x04, 0x2A, 0x04, 0x2A, 0x04, 0x22, 0xC3, 0x21,
    0xE3, 0x19, 0x04, 0x22, 0x04, 0x22, 0x04, 0x22, 0xE3, 0x21, 0x04, 0x22, 0x24, 0x2A, 0x25, 0x22,
    0x04, 0x22, 0x05, 0x22, 0xE4, 0x21, 0xE4, 0x29, 0xC4, 0x31, 0xA4, 0x29, 0x22, 0x19, 0xA1, 0x08,
    0x60, 0x10, 0x80, 0x18, 0xA1, 0x28, 0x03, 0x39, 0xE3, 0x20, 0x82, 0x00, 0xC3, 0x00, 0xA3, 0x00,
    0xA3, 0x00, 0x82, 0x00, 0x41, 0x08, 0x40, 0x08, 0x40, 0x08, 0xA2, 0x08, 0xC3, 0x08, 0xA2, 0x00,
    0x60, 0x00, 0x80, 0x00, 0x81, 0x00, 0xA1, 0x00, 0xA2, 0x00, 0x81, 0x00, 0x81, 0x00, 0x81, 0x00,
    0x81, 0x00, 0xA2, 0x00, 0xA2, 0x00, 0xA2, 0x00, 0x81, 0x00, 0x81, 0x10, 0xA1, 0x20, 0xC1, 0x18,
    0xA1, 0x08, 0x81, 0x00, 0x03, 0x21, 0x64, 0x39, 0x24, 0x31, 0xA1, 0x18, 0xC2, 0x10, 0xA1, 0x00,
    0xC1, 0x00, 0xC1, 0x00, 0xC1, 0x00, 0xC1, 0x00, 0xC1, 0x00, 0xC1, 0x00, 0xE2, 0x08, 0xA1, 0x00,
    0xA1, 0x00, 0x23, 0x11, 0x23, 0x11, 0x43, 0x09, 0x43, 0x09, 0x63, 0x09, 0x43, 0x09, 0x43, 0x09,
    0x64, 0x09, 0x85, 0x11, 0x66, 0x09, 0x66, 0x11, 0x66, 0x11, 0x67, 0x11, 0x67, 0x11, 0x87, 0x11,
    0x66, 0x19, 0x04, 0x11, 0xC2, 0x18, 0x03, 0x29, 0x44, 0x31, 0x44, 0x29, 0x45, 0x21, 0x86, 0x19,
    0xA7, 0x19, 0xC8, 0x11, 0xE8, 0x11, 0x09, 0x1A, 0x48, 0x22, 0x67, 0x32, 0x46, 0x3A, 0x47, 0x32,
    0x27, 0x22, 0x27, 0x1A, 0xE7, 0x09, 0xA6, 0x01, 0xA6, 0x09, 0xA7, 0x19, 0x86, 0x29, 0x46, 0x31,
    0x26, 0x31, 0x46, 0x39, 0x45, 0x41, 0x86, 0x49, 0x86, 0x51, 0x86, 0x59, 0x86, 0x59, 0x86, 0x59,
    0x87, 0x61, 0x66, 0x59, 0x46, 0x51, 0x46, 0x51, 0x25, 0x49, 0xE4, 0x38, 0xC4, 0x30, 0x26, 0x41,
    0x67, 0x41, 0x67, 0x49, 0xA8, 0x51, 0xA8, 0x51, 0x88, 0x51, 0x88, 0x51, 0xA8, 0x59, 0xC8, 0x61,
    0xC8, 0x61, 0xA7, 0x59, 0xA8, 0x61, 0xC8, 0x61, 0xC8, 0x69, 0xE8, 0x69, 0xE8, 0x71, 0x08, 0x72,
    0x08, 0x72, 0x08, 0x7A, 0x08, 0x7A, 0x08, 0x7A, 0xE8, 0x79, 0x08, 0x7A, 0x08, 0x7A, 0x08, 0x82,
    0x28, 0x82, 0x49, 0x8A, 0x49, 0x8A, 0x49, 0x92, 0x69, 0x92, 0x89, 0x9A, 0x89, 0x9A, 0x89, 0x9A,
    0x89, 0x9A, 0x8A, 0x9A, 0xAA, 0xA2, 0x8A, 0xA2, 0xAA, 0xA2, 0xCA, 0xAA, 0xEB, 0xAA, 0xEA, 0xAA,
    0x0B, 0xB3, 0x2B, 0xB3, 0x2B, 0xB3, 0x2B, 0xB3, 0x2C, 0xB3, 0x4C, 0xBB, 0x4C, 0xB3, 0x4C, 0xBB,
    0x4C, 0xB3, 0x6C, 0xBB, 0x6C, 0xBB, 0x6C, 0xBB, 0x8C, 0xC3, 0x8D, 0xC3, 0x8D, 0xC3, 0xAD, 0xC3,
    0xAD, 0xC3, 0xAD, 0xC3, 0xCD, 0xC3, 0xEE, 0xCB, 0xCE, 0xC3, 0xCD, 0xC3, 0xED, 0xC3, 0x0E, 0xC4,
    0xEE, 0xC3, 0x0F, 0xCC, 0xCE, 0xCB, 0x0B, 0xBB, 0x0B, 0xBB, 0x0B, 0xBB, 0xEA, 0xB2, 0x0B, 0xB3,
    0x0A, 0xAB, 0xEA, 0xAA, 0xCA, 0xA2, 0xAA, 0xA2, 0xCA, 0xA2, 0xCA, 0xA2, 0x89, 0xA2, 0x69, 0x9A,
    0x69, 0x92, 0x48, 0x8A, 0x28, 0x82, 0x28, 0x7A, 0xE6, 0x69, 0x49, 0x72, 0x69, 0x5A, 0x24, 0x21,
    0x04, 0x09, 0x04, 0x01, 0xE3, 0x08, 0xA2, 0x10, 0x80, 0x10, 0xE1, 0x08, 0xA3, 0x11, 0x42, 0x11,
    0xE0, 0x08, 0xE1, 0x18, 0x22, 0x31, 0x02, 0x31, 0x84, 0x49, 0xE1, 0x38, 0x22, 0x41, 0xC1, 0x30,
    0x60, 0x20, 0x02, 0x41, 0xE1, 0x48, 0xE1, 0x48, 0x02, 0x59, 0xE1, 0x68, 0x40, 0x81, 0x01, 0x92,
    0x41, 0x9A, 0xC0, 0x99, 0x60, 0x81, 0x61, 0x61, 0xC3, 0x59, 0x66, 0x72, 0x49, 0x8B, 0xEB, 0xA3,
    0x2C, 0xAC, 0x2B, 0xAC, 0x0B, 0xAC, 0xAA, 0x9B, 0x48, 0x83, 0x85, 0x5A, 0x24, 0x42, 0x25, 0x4A,
    0x86, 0x52, 0xA5, 0x52, 0x05, 0x53, 0xE5, 0x52, 0x63, 0x3A, 0xA2, 0x3A, 0x64, 0x5B, 0x84, 0x6B,
    0x84, 0x6B, 0x84, 0x73, 0x05, 0x8C, 0x85, 0x93, 0x20, 0x61, 0x60, 0x48, 0x20, 0x40, 0x20, 0x38,
    0x61, 0x49, 0x64, 0x5A, 0xE6, 0x62, 0xA6, 0x52, 0x44, 0x3A, 0x24, 0x3A, 0x03, 0x32, 0xE4, 0x29,
    0xE4, 0x29, 0xE4, 0x29, 0xE4, 0x29, 0xC2, 0x29, 0x42, 0x3A, 0x24, 0x63, 0x04, 0x53, 0x63, 0x3A,
    0x23, 0x2A, 0x03, 0x2A, 0x23, 0x2A, 0x03, 0x2A, 0xE3, 0x29, 0xC3, 0x21, 0x82, 0x19, 0x42, 0x19,
    0x42, 0x11, 0x62, 0x19, 0x83, 0x19, 0x83, 0x19, 0x63, 0x19, 0x63, 0x11, 0x43, 0x11, 0x03, 0x09,
    0xC2, 0x00, 0xC2, 0x00, 0xC2, 0x00, 0x81, 0x00, 0x40, 0x00, 0xE2, 0x18, 0x23, 0x21, 0xE2, 0x18,
    0x82, 0x08, 0x61, 0x00, 0xC2, 0x00, 0x03, 0x01, 0x03, 0x01, 0x23, 0x01, 0x23, 0x01, 0x24, 0x01,
    0xE4, 0x21, 0xE4, 0x21, 0xE4, 0x21, 0xE4, 0x21, 0x04, 0x22, 0x04, 0x2A, 0x04, 0x22, 0xE3, 0x19,
    0xC3, 0x19, 0xE4, 0x19, 0xE4, 0x19, 0xE4, 0x19, 0xE4, 0x19, 0xE4, 0x19, 0x04, 0x22, 0x04, 0x22,
    0xE4, 0x21, 0xE4, 0x21, 0x04, 0x22, 0x24, 0x2A, 0x25, 0x2A, 0x25, 0x2A, 0x05, 0x2A, 0xC4, 0x29,
    0x83, 0x21, 0x42, 0x21, 0x22, 0x29, 0x22, 0x31, 0x03, 0x21, 0x81, 0x00, 0xA2, 0x00, 0x82, 0x00,
    0xA2, 0x00, 0x61, 0x00, 0x41, 0x08, 0x40, 0x10, 0x40, 0x08, 0x82, 0x08, 0xC4, 0x08, 0xA3, 0x00,
    0x61, 0x00, 0x60, 0x00, 0x80, 0x00, 0xA1, 0x00, 0x81, 0x00, 0x81, 0x00, 0x60, 0x00, 0x81, 0x00,
    0x81, 0x00, 0xA2, 0x00, 0xA2, 0x00, 0x81, 0x00, 0x61, 0x08, 0x81, 0x18, 0xA1, 0x18, 0xA1, 0x08,
    0x81, 0x00, 0x81, 0x08, 0x03, 0x29, 0x86, 0x51, 0x65, 0x49, 0x03, 0x31, 0x64, 0x31, 0xC2, 0x10,
    0xC2, 0x10, 0x44, 0x29, 0x65, 0x31, 0x85, 0x39, 0x65, 0x31, 0x65, 0x31, 0xA6, 0x31, 0x24, 0x21,
    0xA1, 0x08, 0xC2, 0x00, 0xE2, 0x00, 0x03, 0x09, 0x23, 0x09, 0x23, 0x09, 0x44, 0x09, 0x44, 0x09,
    0x85, 0x09, 0xA6, 0x09, 0x87, 0x09, 0x66, 0x09, 0x66, 0x09, 0x46, 0x09, 0x67, 0x09, 0x67, 0x09,
    0x87, 0x11, 0x25, 0x19, 0xE3, 0x20, 0x44, 0x31, 0x65, 0x39, 0x65, 0x29, 0x86, 0x19, 0x87, 0x19,
    0xA7, 0x11, 0xA7, 0x11, 0xA7, 0x11, 0xC7, 0x19, 0x06, 0x22, 0x25, 0x2A, 0x46, 0x32, 0x47, 0x2A,
    0x06, 0x1A, 0x06, 0x1A, 0x07, 0x12, 0xC6, 0x09, 0x65, 0x01, 0x65, 0x01, 0xA6, 0x19, 0x66, 0x29,
    0x25, 0x31, 0x25, 0x39, 0x46, 0x39, 0x45, 0x41, 0x66, 0x41, 0x86, 0x51, 0x66, 0x51, 0x66, 0x51,
    0x66, 0x51, 0x46, 0x51, 0x45, 0x51, 0x45, 0x51, 0x05, 0x49, 0xE4, 0x38, 0x05, 0x39, 0x67, 0x49,
    0x88, 0x49, 0xA8, 0x51, 0xC8, 0x59, 0xC8, 0x59, 0xC8, 0x61, 0xE9, 0x69, 0xE9, 0x69, 0x29, 0x72,
    0x09, 0x72, 0xE8, 0x69, 0x08, 0x72, 0x09, 0x72, 0x29, 0x7A, 0x49, 0x7A, 0x49, 0x82, 0x29, 0x82,
    0x49, 0x82, 0x49, 0x8A, 0x49, 0x8A, 0x49, 0x8A, 0x49, 0x8A, 0x49, 0x8A, 0x49, 0x92, 0x6A, 0x92,
    0x6A, 0x92, 0x8A, 0x9A, 0x8A, 0x9A, 0xAA, 0x9A, 0xCA, 0xA2, 0xEA, 0xA2, 0xEA, 0xA2, 0xEA, 0xA2,
    0x2B, 0xAB, 0x0B, 0xAB, 0x0B, 0xAB, 0xEB, 0xAA, 0x0B, 0xB3, 0x0B, 0xB3, 0x0B, 0xB3, 0x2B, 0xB3,
    0x4C, 0xBB, 0x6C, 0xBB, 0x8D, 0xBB, 0x6D, 0xBB, 0x4C, 0xB3, 0x6C, 0xBB, 0x8D, 0xBB, 0x6D, 0xBB,
    0x8D, 0xBB, 0x8D, 0xBB, 0x8D, 0xC3, 0xAD, 0xC3, 0x8D, 0xC3, 0xAD, 0xC3, 0xCD, 0xC3, 0xEE, 0xC3,
    0xCE, 0xC3, 0xCD, 0xC3, 0x0E, 0xCC, 0xEE, 0xC3, 0xCE, 0xC3, 0xEE, 0xC3, 0x0E, 0xCC, 0x2F, 0xCC,
    0xEE, 0xC3, 0xEE, 0xC3, 0xCE, 0xCB, 0x2B, 0xBB, 0xCA, 0xB2, 0xEA, 0xB2, 0xEA, 0xB2, 0xEA, 0xAA,
    0xCA, 0xA2, 0xA9, 0xA2, 0xA9, 0xA2, 0xA9, 0x9A, 0xA9, 0x9A, 0x89, 0x9A, 0x89, 0x9A, 0x48, 0x92,
    0x28, 0x82, 0x07, 0x7A, 0xC7, 0x69, 0xE7, 0x69, 0x86, 0x59, 0x08, 0x5A, 0x66, 0x29, 0x24, 0x09,
    0x03, 0x01, 0xE3, 0x00, 0x23, 0x09, 0x22, 0x11, 0x83, 0x21, 0x05, 0x22, 0x25, 0x22, 0x62, 0x09,
    0x00, 0x09, 0x01, 0x19, 0x42, 0x29, 0x23, 0x31, 0xA4, 0x41, 0x01, 0x31, 0x63, 0x31, 0x64, 0x31,
    0x22, 0x29, 0x63, 0x39, 0x42, 0x41, 0xE0, 0x40, 0x80, 0x48, 0xC0, 0x70, 0x61, 0x91, 0x02, 0xAA,
    0x42, 0xAA, 0x62, 0xB2, 0x03, 0xB3, 0xC6, 0xAB, 0x87, 0x93, 0x85, 0x6A, 0x66, 0x6A, 0x86, 0x6A,
    0xA6, 0x72, 0x47, 0x83, 0xC7, 0x93, 0xE8, 0x8B, 0xE8, 0x7B, 0x86, 0x63, 0x46, 0x63, 0x26, 0x63,
    0x83, 0x42, 0x41, 0x32, 0x61, 0x32, 0x21, 0x2A, 0xE0, 0x19, 0xE0, 0x19, 0x00, 0x2A, 0x41, 0x3A,
    0x41, 0x3A, 0x20, 0x32, 0xA1, 0x42, 0xE4, 0x62, 0xC0, 0x40, 0x00, 0x38, 0x00, 0x28, 0x80, 0x28,
    0xE2, 0x41, 0x42, 0x42, 0x43, 0x3A, 0x03, 0x32, 0xC3, 0x21, 0xE3, 0x29, 0x03, 0x32, 0xC3, 0x29,
    0x82, 0x21, 0x42, 0x19, 0x62, 0x21, 0x03, 0x32, 0xE5, 0x52, 0xE4, 0x52, 0x43, 0x3A, 0x03, 0x2A,
    0x03, 0x2A, 0xC3, 0x21, 0xA2, 0x19, 0x82, 0x19, 0x82, 0x19, 0x82, 0x19, 0x62, 0x19, 0x42, 0x11,
    0x01, 0x09, 0x01, 0x09, 0x22, 0x11, 0x22, 0x11, 0x01, 0x11, 0x22, 0x11, 0x43, 0x11, 0x43, 0x11,
    0x02, 0x09, 0xA2, 0x00, 0x61, 0x00, 0xA1, 0x00, 0x23, 0x11, 0xA4, 0x21, 0xA4, 0x19, 0x84, 0x11,
    0x64, 0x11, 0x03, 0x09, 0xE2, 0x00, 0xE3, 0x00, 0x03, 0x01, 0x03, 0x01, 0x23, 0x01, 0x24, 0x01,
    0xA3, 0x19, 0xA3, 0x19, 0x83, 0x19, 0x83, 0x19, 0xA3, 0x19, 0xC3, 0x19, 0xC3, 0x19, 0xC3, 0x19,
    0xC3, 0x19, 0xC3, 0x19, 0xC3, 0x19, 0xE4, 0x21, 0xE4, 0x21, 0xC4, 0x19, 0xA4, 0x19, 0xA4, 0x19,
    0xA4, 0x19, 0xC4, 0x19, 0xE4, 0x21, 0x04, 0x22, 0x24, 0x22, 0x24, 0x22, 0x24, 0x2A, 0x25, 0x2A,
    0x24, 0x2A, 0x04, 0x2A, 0xE4, 0x29, 0xC4, 0x29, 0xA4, 0x21, 0x22, 0x09, 0xE1, 0x00, 0xA1, 0x00,
    0x81, 0x00, 0x61, 0x00, 0x41, 0x08, 0x41, 0x10, 0x40, 0x10, 0x82, 0x08, 0xC4, 0x00, 0xC3, 0x00,
    0x61, 0x00, 0x60, 0x00, 0xA0, 0x00, 0xC1, 0x10, 0xC2, 0x18, 0xA1, 0x10, 0x81, 0x08, 0x81, 0x00,
    0x81, 0x00, 0x81, 0x00, 0x81, 0x00, 0x81, 0x08, 0x60, 0x18, 0x81, 0x20, 0x80, 0x10, 0x81, 0x00,
    0xA2, 0x00, 0x81, 0x00, 0x40, 0x08, 0x61, 0x18, 0x82, 0x18, 0x81, 0x10, 0xE2, 0x10, 0xC2, 0x08,
    0xA2, 0x10, 0x24, 0x39, 0x86, 0x49, 0xC7, 0x59, 0xC7, 0x51, 0xC7, 0x51, 0x08, 0x5A, 0x69, 0x6A,
    0x28, 0x4A, 0xC6, 0x21, 0x64, 0x09, 0x03, 0x01, 0x23, 0x01, 0x44, 0x09, 0x45, 0x09, 0x66, 0x09,
    0x86, 0x09, 0x87, 0x09, 0x87, 0x09, 0x46, 0x01, 0x46, 0x09, 0x46, 0x09, 0x66, 0x01, 0x66, 0x01,
    0x67, 0x09, 0x67, 0x11, 0x45, 0x21, 0x65, 0x29, 0x66, 0x29, 0x66, 0x19, 0x86, 0x11, 0x86, 0x11,
    0xA7, 0x11, 0xA7, 0x19, 0x87, 0x19, 0xA6, 0x21, 0xC5, 0x29, 0xE4, 0x29, 0x05, 0x2A, 0x26, 0x2A,
    0xE5, 0x19, 0xE6, 0x11, 0x07, 0x1A, 0x28, 0x22, 0xE7, 0x19, 0xA6, 0x11, 0xA5, 0x11, 0xE7, 0x21,
    0x86, 0x31, 0x45, 0x31, 0x25, 0x39, 0x25, 0x39, 0x45, 0x41, 0x66, 0x49, 0x45, 0x49, 0x66, 0x49,
    0x66, 0x51, 0x45, 0x51, 0x45, 0x51, 0x25, 0x49, 0x25, 0x49, 0x25, 0x41, 0x67, 0x49, 0xA9, 0x51,
    0xC9, 0x59, 0xE9, 0x61, 0xE9, 0x61, 0xE9, 0x69, 0x09, 0x72, 0x2A, 0x72, 0x29, 0x7A, 0x4A, 0x7A,
    0x49, 0x7A, 0x29, 0x7A, 0x49, 0x82, 0x4A, 0x82, 0x6A, 0x82, 0xAB, 0x8A, 0xAA, 0x92, 0x8A, 0x8A,
    0xAA, 0x92, 0xAA, 0x92, 0xCA, 0x9A, 0xAA, 0x9A, 0xCA, 0x9A, 0xCA, 0x9A, 0xAA, 0x9A, 0xCA, 0x9A,
    0xEB, 0xA2, 0x2B, 0xA3, 0x8C, 0xAB, 0xCC, 0xAB, 0xEC, 0xB3, 0x2D, 0xBC, 0x2D, 0xBC, 0x4E, 0xBC,
    0x4D, 0xBC, 0x4E, 0xBC, 0x4E, 0xBC, 0x2E, 0xBC, 0x0E, 0xBC, 0xCD, 0xBB, 0xAC, 0xBB, 0xCD, 0xC3,
    0xAD, 0xBB, 0x8D, 0xC3, 0x8D, 0xC3, 0xAE, 0xC3, 0xAE, 0xC3, 0x8D, 0xBB, 0xAD, 0xBB, 0xCE, 0xC3,
    0xCE, 0xC3, 0xCE, 0xC3, 0xAD, 0xC3, 0xCE, 0xC3, 0xEE, 0xCB, 0xCE, 0xC3, 0xEE, 0xC3, 0xEE, 0xCB,
    0xEE, 0xC3, 0xEE, 0xC3, 0x0E, 0xCC, 0x0E, 0xCC, 0x0E, 0xCC, 0x0E, 0xCC, 0x0E, 0xCC, 0xEF, 0xC3,
    0x0F, 0xCC, 0x0F, 0xCC, 0x0F, 0xCC, 0x8D, 0xC3, 0xCA, 0xB2, 0xA9, 0xAA, 0xA9, 0xAA, 0xA9, 0xA2,
    0xAA, 0xA2, 0xAA, 0xA2, 0x89, 0x9A, 0x89, 0x9A, 0x48, 0x92, 0x48, 0x8A, 0x28, 0x8A, 0x28, 0x82,
    0x07, 0x72, 0xC6, 0x69, 0xC6, 0x61, 0x86, 0x51, 0x86, 0x41, 0x24, 0x21, 0x24, 0x09, 0x44, 0x09,
    0xA4, 0x11, 0x46, 0x22, 0xA7, 0x32, 0x65, 0x32, 0x65, 0x2A, 0x44, 0x2A, 0x24, 0x22, 0x04, 0x2A,
    0xE4, 0x29, 0xE4, 0x29, 0x05, 0x32, 0xE5, 0x31, 0xE5, 0x31, 0xC5, 0x29, 0x06, 0x2A, 0x47, 0x32,
    0x66, 0x32, 0x86, 0x42, 0xA6, 0x4A, 0x45, 0x52, 0x81, 0x51, 0x20, 0x71, 0x43, 0xA2, 0x04, 0xB3,
    0x65, 0xBB, 0xE6, 0xC3, 0x26, 0xC4, 0xA8, 0xC4, 0x08, 0xA4, 0x43, 0x5A, 0xC2, 0x49, 0xE3, 0x49,
    0xE6, 0x62, 0xA7, 0x7B, 0xA6, 0x6B, 0x66, 0x63, 0x65, 0x5B, 0x25, 0x5B, 0xC5, 0x72, 0x85, 0x72,
    0x02, 0x4A, 0xE1, 0x41, 0xE2, 0x41, 0xA0, 0x29, 0xA0, 0x19, 0x80, 0x19, 0x20, 0x29, 0x41, 0x49,
    0xA2, 0x51, 0xC1, 0x39, 0xA0, 0x21, 0x01, 0x2A, 0x60, 0x31, 0x40, 0x28, 0x80, 0x28, 0x45, 0x4A,
    0xC5, 0x4A, 0x63, 0x3A, 0x02, 0x32, 0xC2, 0x29, 0xA2, 0x29, 0xC2, 0x29, 0xA2, 0x21, 0x82, 0x21,
    0xC3, 0x29, 0xA3, 0x29, 0x61, 0x19, 0x03, 0x32, 0x84, 0x4A, 0x43, 0x3A, 0x03, 0x32, 0xC3, 0x21,
    0x82, 0x19, 0x82, 0x11, 0x62, 0x11, 0x41, 0x11, 0x42, 0x11, 0x62, 0x11, 0x82, 0x19, 0x83, 0x19,
    0x22, 0x09, 0xE1, 0x08, 0xC1, 0x08, 0xE1, 0x08, 0xE1, 0x08, 0x01, 0x09, 0x22, 0x11, 0x22, 0x11,
    0xE2, 0x08, 0xA1, 0x00, 0xE2, 0x08, 0x84, 0x19, 0xC4, 0x19, 0xA4, 0x11, 0x84, 0x11, 0x64, 0x09,
    0x64, 0x09, 0x64, 0x09, 0x24, 0x01, 0xE3, 0x00, 0xE3, 0x00, 0xE3, 0x00, 0x03, 0x01, 0x03, 0x01,
    0x42, 0x11, 0x83, 0x11, 0x83, 0x11, 0x42, 0x11, 0x62, 0x11, 0x82, 0x11, 0xA3, 0x19, 0xA3, 0x19,
    0xA3, 0x19, 0xA3, 0x19, 0xC3, 0x19, 0xC3, 0x19, 0xA3, 0x19, 0xA3, 0x19, 0xA3, 0x19, 0x83, 0x11,
    0x84, 0x11, 0xA4, 0x19, 0xC4, 0x19, 0xE4, 0x19, 0xE4, 0x21, 0x24, 0x22, 0x24, 0x2A, 0x25, 0x2A,
    0x24, 0x2A, 0x24, 0x22, 0x04, 0x22, 0x04, 0x22, 0x24, 0x2A, 0x04, 0x22, 0xE4, 0x21, 0x83, 0x11,
    0x02, 0x09, 0x81, 0x00, 0x41, 0x08, 0x40, 0x10, 0x40, 0x10, 0x82, 0x08, 0xC3, 0x00, 0xC3, 0x00,
    0xA2, 0x00, 0xA1, 0x00, 0xC1, 0x08, 0xE2, 0x20, 0x03, 0x29, 0xE2, 0x30, 0xC2, 0x20, 0xA2, 0x10,
    0x81, 0x00, 0x61, 0x00, 0x61, 0x08, 0x60, 0x10, 0x81, 0x18, 0x81, 0x18, 0x81, 0x08, 0x81, 0x00,
    0x82, 0x00, 0xA2, 0x00, 0x81, 0x00, 0x61, 0x00, 0x81, 0x00, 0x81, 0x00, 0xA1, 0x00, 0xA1, 0x00,
    0x60, 0x00, 0x60, 0x18, 0x03, 0x39, 0x86, 0x51, 0xA7, 0x51, 0x45, 0x41, 0x03, 0x41, 0xE7, 0x61,
    0x49, 0x5A, 0x07, 0x32, 0x06, 0x1A, 0xC5, 0x11, 0x23, 0x01, 0x44, 0x09, 0x66, 0x09, 0x66, 0x09,
    0x87, 0x01, 0xA7, 0x09, 0x66, 0x09, 0x25, 0x01, 0x46, 0x01, 0x46, 0x01, 0x46, 0x01, 0x67, 0x01,
    0x67, 0x09, 0x87, 0x09, 0x86, 0x11, 0x46, 0x11, 0x66, 0x11, 0x66, 0x11, 0x67, 0x11, 0x66, 0x19,
    0x86, 0x19, 0x86, 0x19, 0x66, 0x21, 0x86, 0x31, 0x85, 0x39, 0xA4, 0x31, 0xE5, 0x31, 0x06, 0x2A,
    0xC5, 0x19, 0xC6, 0x11, 0x07, 0x1A, 0x08, 0x22, 0x28, 0x22, 0x28, 0x22, 0x28, 0x22, 0x27, 0x2A,
    0x28, 0x32, 0xC7, 0x39, 0x25, 0x31, 0x25, 0x31, 0x25, 0x39, 0x25, 0x39, 0x45, 0x41, 0x46, 0x49,
    0x45, 0x49, 0x25, 0x49, 0x25, 0x49, 0x25, 0x49, 0x25, 0x49, 0x46, 0x49, 0xC9, 0x59, 0xE9, 0x59,
    0xEA, 0x61, 0x2A, 0x72, 0x09, 0x6A, 0x2A, 0x72, 0x2A, 0x7A, 0x4A, 0x82, 0x6A, 0x82, 0x8B, 0x8A,
    0x8A, 0x8A, 0x8A, 0x8A, 0x8A, 0x8A, 0xAA, 0x92, 0x8A, 0x8A, 0xCB, 0x92, 0xCB, 0x9A, 0xCB, 0x9A,
    0xAA, 0x9A, 0xCB, 0x9A, 0xEB, 0xA2, 0xEB, 0xA2, 0xEB, 0xA2, 0x2B, 0xA3, 0x8C, 0xAB, 0xED, 0xB3,
    0x2E, 0xB4, 0x8E, 0xBC, 0x8E, 0xBC, 0xAE, 0xBC, 0xCF, 0xC4, 0xCF, 0xC4, 0xEF, 0xC4, 0xEF, 0xC4,
    0xEF, 0xC4, 0xEF, 0xC4, 0x10, 0xC5, 0x10, 0xC5, 0x10, 0xC5, 0xF0, 0xCC, 0xD0, 0xCC, 0xAF, 0xCC,
    0x8F, 0xCC, 0x4E, 0xC4, 0xEE, 0xC3, 0xEE, 0xC3, 0xCE, 0xC3, 0xEE, 0xC3, 0xCE, 0xC3, 0xEE, 0xC3,
    0xEE, 0xCB, 0xEE, 0xCB, 0xCE, 0xC3, 0xEE, 0xCB, 0x0F, 0xCC, 0x0F, 0xCC, 0x0F, 0xCC, 0x0E, 0xCC,
    0xEE, 0xC3, 0x0E, 0xCC, 0x0E, 0xCC, 0x2F, 0xCC, 0x0E, 0xCC, 0x0E, 0xCC, 0x0F, 0xCC, 0xEF, 0xCB,
    0x0F, 0xCC, 0x0F, 0xCC, 0x0F, 0xCC, 0xEE, 0xCB, 0x4C, 0xBB, 0x89, 0xA2, 0x89, 0xA2, 0x89, 0xA2,
    0x69, 0x9A, 0x69, 0x9A, 0x68, 0x92, 0x07, 0x8A, 0x27, 0x8A, 0x07, 0x82, 0xE6, 0x79, 0xC6, 0x71,
    0xA6, 0x61, 0xA6, 0x61, 0xA6, 0x59, 0x85, 0x39, 0x23, 0x11, 0x44, 0x09, 0x84, 0x11, 0x26, 0x22,
    0xC9, 0x3A, 0xE8, 0x32, 0xA6, 0x32, 0xA6, 0x3A, 0xA5, 0x32, 0x65, 0x32, 0x45, 0x3A, 0xE4, 0x39,
    0x24, 0x3A, 0x86, 0x32, 0x87, 0x32, 0x47, 0x22, 0x06, 0x1A, 0x06, 0x1A, 0x06, 0x12, 0x26, 0x1A,
    0x46, 0x1A, 0x66, 0x22, 0xA6, 0x2A, 0xC6, 0x42, 0xA5, 0x5A, 0x84, 0x7A, 0x46, 0xAB, 0x86, 0xB3,
    0xA6, 0xAB, 0xC7, 0xAB, 0xC7, 0xA3, 0x66, 0x93, 0x05, 0x7B, 0xE6, 0x72, 0x27, 0x6B, 0x06, 0x63,
    0x26, 0x5B, 0x05, 0x53, 0xE5, 0x4A, 0xC5, 0x42, 0xE6, 0x42, 0xA5, 0x52, 0xC3, 0x69, 0x23, 0x69,
    0xE2, 0x50, 0x84, 0x69, 0xA5, 0x71, 0x62, 0x49, 0xA1, 0x21, 0x60, 0x19, 0xC0, 0x38, 0x03, 0x69,
    0x24, 0x69, 0x01, 0x41, 0x00, 0x19, 0xA0, 0x19, 0xC0, 0x29, 0x81, 0x31, 0x24, 0x42, 0xA5, 0x42,
    0x22, 0x2A, 0x02, 0x2A, 0xE1, 0x21, 0xA1, 0x29, 0xA2, 0x29, 0x82, 0x21, 0x82, 0x21, 0xE3, 0x29,
    0x44, 0x32, 0x66, 0x3A, 0xE4, 0x29, 0xC2, 0x29, 0x02, 0x32, 0x22, 0x32, 0x03, 0x32, 0xC2, 0x29,
    0x62, 0x11, 0x42, 0x09, 0x42, 0x09, 0x21, 0x09, 0x21, 0x11, 0x62, 0x19, 0x62, 0x11, 0x83, 0x11,
    0x62, 0x11, 0x02, 0x09, 0xC1, 0x08, 0xE2, 0x10, 0x22, 0x11, 0x43, 0x11, 0x63, 0x19, 0x63, 0x19,
    0x01, 0x09, 0x22, 0x09, 0xC4, 0x19, 0xE5, 0x19, 0xA4, 0x11, 0x84, 0x11, 0x64, 0x11, 0x44, 0x01,
    0x24, 0x01, 0x23, 0x09, 0x64, 0x19, 0x65, 0x19, 0x03, 0x09, 0xE3, 0x00, 0xE3, 0x00, 0x03, 0x01,
    0x83, 0x11, 0x83, 0x11, 0x84, 0x11, 0x83, 0x11, 0x83, 0x11, 0x83, 0x11, 0x63, 0x11, 0x62, 0x11,
    0x42, 0x11, 0x63, 0x11, 0x83, 0x11, 0x83, 0x11, 0xA3, 0x19, 0xA3, 0x19, 0xA3, 0x19, 0xA3, 0x19,
    0xA4, 0x19, 0xA4, 0x19, 0x84, 0x19, 0xA4, 0x19, 0xC3, 0x21, 0xE4, 0x21, 0xE4, 0x21, 0x04, 0x22,
    0x25, 0x2A, 0x45, 0x2A, 0x04, 0x22, 0xE3, 0x21, 0x04, 0x22, 0x24, 0x2A, 0x24, 0x2A, 0x45, 0x2A,
    0x05, 0x2A, 0xA4, 0x21, 0x02, 0x19, 0x80, 0x10, 0x40, 0x08, 0x61, 0x08, 0xC3, 0x08, 0xC3, 0x00,
    0x82, 0x00, 0x80, 0x00, 0x80, 0x08, 0xC1, 0x20, 0xE2, 0x30, 0xE2, 0x30, 0xE2, 0x28, 0xC2, 0x18,
    0x81, 0x00, 0x61, 0x00, 0x60, 0x08, 0x40, 0x18, 0x81, 0x18, 0x81, 0x08, 0x61, 0x00, 0x62, 0x00,
    0x82, 0x00, 0x82, 0x00, 0x82, 0x00, 0xA2, 0x00, 0xA3, 0x00, 0xC3, 0x00, 0xC3, 0x00, 0xC2, 0x00,
    0x60, 0x00, 0x20, 0x00, 0x81, 0x20, 0x04, 0x39, 0x65, 0x41, 0xC2, 0x28, 0x60, 0x18, 0x02, 0x31,
    0x85, 0x39, 0x85, 0x21, 0xE5, 0x11, 0x67, 0x22, 0x68, 0x2A, 0x45, 0x09, 0x46, 0x01, 0x66, 0x01,
    0x67, 0x01, 0xA7, 0x09, 0x66, 0x01, 0x05, 0x01, 0x46, 0x01, 0x66, 0x01, 0x46, 0x01, 0x67, 0x09,
    0x67, 0x09, 0x87, 0x09, 0x67, 0x09, 0x46, 0x09, 0x67, 0x09, 0x87, 0x09, 0x87, 0x11, 0x46, 0x11,
    0x25, 0x19, 0x25, 0x19, 0x25, 0x21, 0xE3, 0x28, 0xE2, 0x28, 0x64, 0x31, 0xE5, 0x29, 0xE6, 0x21,
    0xA5, 0x11, 0xA6, 0x11, 0xE7, 0x19, 0xE7, 0x19, 0xE7, 0x19, 0xE7, 0x21, 0x07, 0x22, 0x07, 0x22,
    0xE7, 0x21, 0xC7, 0x29, 0x87, 0x29, 0x46, 0x31, 0x25, 0x31, 0x25, 0x31, 0x04, 0x39, 0x25, 0x39,
    0x45, 0x41, 0x25, 0x41, 0x25, 0x41, 0x25, 0x49, 0x05, 0x41, 0x88, 0x51, 0x0A, 0x62, 0x0A, 0x62,
    0xE9, 0x61, 0x2A, 0x72, 0x29, 0x72, 0x4A, 0x7A, 0x4A, 0x82, 0x6A, 0x82, 0x6A, 0x82, 0x8B, 0x8A,
    0x8A, 0x8A, 0xAB, 0x92, 0xCB, 0x92, 0xCB, 0x9A, 0xCB, 0x9A, 0x0C, 0xA3, 0xEC, 0xA2, 0x0C, 0xA3,
    0x0C, 0xA3, 0xEB, 0xA2, 0xCA, 0x9A, 0x4B, 0xA3, 0xCD, 0xAB, 0x0D, 0xB4, 0x6E, 0xB4, 0xAF, 0xBC,
    0xCF, 0xBC, 0xCF, 0xBC, 0xCF, 0xBC, 0xCE, 0xBC, 0xCE, 0xBC, 0xCE, 0xBC, 0xEF, 0xBC, 0xEF, 0xBC,
    0x0F, 0xC5, 0x10, 0xC5, 0x30, 0xC5, 0x30, 0xC5, 0x30, 0xC5, 0x50, 0xCD, 0x30, 0xCD, 0x30, 0xCD,
    0x30, 0xCD, 0x10, 0xCD, 0xB0, 0xCC, 0x2E, 0xC4, 0xED, 0xC3, 0xCE, 0xC3, 0xEE, 0xCB, 0xEE, 0xCB,
    0xEE, 0xCB, 0x0E, 0xCC, 0x0E, 0xCC, 0xEF, 0xCB, 0xEE, 0xCB, 0xCE, 0xC3, 0xEE, 0xCB, 0xEE, 0xC3,
    0xEE, 0xC3, 0x0F, 0xCC, 0x2F, 0xCC, 0x2F, 0xCC, 0x0F, 0xCC, 0xEE, 0xC3, 0x0F, 0xCC, 0x0E, 0xCC,
    0xEE, 0xCB, 0xEE, 0xCB, 0x0F, 0xCC, 0x0F, 0xCC, 0xAD, 0xC3, 0x89, 0xA2, 0x48, 0x9A, 0x68, 0x9A,
    0x68, 0x92, 0x68, 0x92, 0x27, 0x8A, 0x27, 0x82, 0x07, 0x7A, 0xC6, 0x71, 0xA5, 0x69, 0x85, 0x61,
    0x85, 0x59, 0xC6, 0x51, 0x65, 0x29, 0x43, 0x11, 0x64, 0x09, 0xA4, 0x19, 0x05, 0x22, 0x46, 0x22,
    0x06, 0x1A, 0x84, 0x09, 0x01, 0x01, 0xC3, 0x21, 0x86, 0x32, 0x86, 0x3A, 0x63, 0x31, 0x80, 0x18,
    0x82, 0x29, 0x45, 0x2A, 0xE5, 0x19, 0xC6, 0x11, 0xA6, 0x09, 0xA6, 0x09, 0xC6, 0x09, 0xE6, 0x09,
    0xE6, 0x11, 0x26, 0x12, 0x46, 0x22, 0x46, 0x22, 0xA6, 0x3A, 0x43, 0x52, 0xC4, 0x7A, 0x04, 0x83,
    0x25, 0x83, 0x25, 0x83, 0xE5, 0x7A, 0xC5, 0x6A, 0xE6, 0x6A, 0xC6, 0x62, 0x85, 0x4A, 0x85, 0x42,
    0x85, 0x42, 0x65, 0x3A, 0x64, 0x3A, 0x44, 0x32, 0x65, 0x32, 0x24, 0x3A, 0x21, 0x39, 0x60, 0x30,
    0xC1, 0x38, 0x44, 0x61, 0xE3, 0x60, 0x80, 0x38, 0x40, 0x21, 0x81, 0x19, 0x01, 0x31, 0xC2, 0x50,
    0x81, 0x40, 0x80, 0x20, 0xC0, 0x10, 0x40, 0x11, 0xE1, 0x21, 0x84, 0x3A, 0xA4, 0x3A, 0x02, 0x22,
    0x80, 0x11, 0xA1, 0x19, 0xA2, 0x19, 0x61, 0x19, 0x42, 0x19, 0x62, 0x19, 0xA3, 0x19, 0xC3, 0x21,
    0xA3, 0x21, 0xC4, 0x29, 0xC4, 0x29, 0xA3, 0x29, 0xA2, 0x29, 0x03, 0x3A, 0x85, 0x42, 0x85, 0x42,
    0x04, 0x32, 0x42, 0x11, 0x01, 0x09, 0x22, 0x19, 0x83, 0x31, 0xC4, 0x39, 0x83, 0x29, 0x22, 0x11,
    0x22, 0x09, 0x02, 0x09, 0xC2, 0x08, 0x03, 0x11, 0x63, 0x19, 0x84, 0x21, 0x83, 0x21, 0x63, 0x19,
    0x02, 0x11, 0xA3, 0x19, 0xC4, 0x19, 0xA4, 0x19, 0x84, 0x11, 0x43, 0x09, 0x44, 0x09, 0x24, 0x01,
    0xE3, 0x00, 0xE3, 0x08, 0x64, 0x29, 0x64, 0x31, 0xE2, 0x10, 0xC2, 0x00, 0xE3, 0x00, 0xE3, 0x00,
    0xA3, 0x19, 0x83, 0x11, 0x43, 0x11, 0x63, 0x11, 0x63, 0x11, 0x43, 0x11, 0x42, 0x09, 0x42, 0x09,
    0x42, 0x11, 0x63, 0x11, 0x83, 0x11, 0x83, 0x11, 0x83, 0x11, 0xA3, 0x19, 0xA3, 0x19, 0xA4, 0x19,
    0xC4, 0x19, 0xC4, 0x19, 0x83, 0x11, 0x83, 0x11, 0xA3, 0x19, 0xE4, 0x21, 0xE4, 0x19, 0xE4, 0x21,
    0x04, 0x22, 0x24, 0x22, 0x04, 0x22, 0xE3, 0x19, 0xA3, 0x19, 0xE3, 0x21, 0xE3, 0x21, 0x04, 0x22,
    0x45, 0x2A, 0x24, 0x2A, 0xE4, 0x29, 0xA4, 0x29, 0x22, 0x19, 0xA1, 0x08, 0xA3, 0x00, 0xA3, 0x00,
    0x82, 0x00, 0x81, 0x00, 0x60, 0x08, 0x80, 0x18, 0x80, 0x20, 0xA1, 0x20, 0xA1, 0x20, 0xA1, 0x18,
    0x81, 0x08, 0x40, 0x08, 0x20, 0x08, 0x60, 0x10, 0xA1, 0x10, 0x81, 0x08, 0x41, 0x00, 0x61, 0x00,
    0x61, 0x00, 0x62, 0x00, 0x82, 0x00, 0x82, 0x00, 0xA3, 0x00, 0xC3, 0x00, 0xC2, 0x00, 0xE2, 0x00,
    0x03, 0x09, 0x60, 0x00, 0x20, 0x08, 0x81, 0x20, 0x24, 0x31, 0x03, 0x29, 0x80, 0x20, 0xA0, 0x20,
    0x42, 0x31, 0xC5, 0x29, 0xC5, 0x19, 0x06, 0x22, 0x88, 0x3A, 0xA6, 0x11, 0x46, 0x01, 0x67, 0x01,
    0x66, 0x01, 0x87, 0x09, 0x45, 0x01, 0xE5, 0x00, 0x46, 0x01, 0x66, 0x09, 0x67, 0x09, 0x67, 0x09,
    0x87, 0x09, 0x87, 0x09, 0x67, 0x09, 0x46, 0x01, 0x67, 0x01, 0x67, 0x09, 0x67, 0x09, 0x47, 0x11,
    0x04, 0x19, 0xA2, 0x18, 0xE3, 0x28, 0xC2, 0x28, 0xC2, 0x20, 0x23, 0x21, 0xA5, 0x21, 0xA5, 0x19,
    0x65, 0x09, 0x66, 0x09, 0xC7, 0x11, 0xE7, 0x19, 0xC7, 0x19, 0xE7, 0x21, 0xC7, 0x21, 0xE7, 0x19,
    0xE7, 0x19, 0xA7, 0x11, 0xA8, 0x19, 0xA7, 0x21, 0x46, 0x29, 0x05, 0x31, 0x04, 0x31, 0x24, 0x39,
    0x24, 0x39, 0x24, 0x39, 0x25, 0x41, 0x04, 0x41, 0x46, 0x49, 0xE9, 0x59, 0x0A, 0x62, 0x4B, 0x72,
    0x0A, 0x6A, 0x29, 0x72, 0x4A, 0x7A, 0x6A, 0x82, 0x6B, 0x8A, 0x4A, 0x82, 0x6A, 0x8A, 0xAB, 0x92,
    0x8B, 0x92, 0x8A, 0x92, 0xEB, 0x9A, 0x0C, 0xA3, 0xCB, 0x9A, 0xCB, 0xA2, 0x0C, 0xAB, 0x0C, 0xAB,
    0x2C, 0xAB, 0x2B, 0x9B, 0x8C, 0xA3, 0x2E, 0xB4, 0xAF, 0xBC, 0xAF, 0xB4, 0xAF, 0xB4, 0xAF, 0xB4,
    0xCF, 0xBC, 0xAF, 0xB4, 0xEF, 0xBC, 0xEF, 0xBC, 0xEF, 0xBC, 0xEF, 0xBC, 0x0F, 0xBD, 0x0F, 0xC5,
    0x30, 0xC5, 0x30, 0xC5, 0x30, 0xC5, 0x30, 0xC5, 0x30, 0xC5, 0x50, 0xC5, 0x50, 0xC5, 0x30, 0xC5,
    0x30, 0xCD, 0x30, 0xCD, 0x30, 0xCD, 0x10, 0xCD, 0xCF, 0xCC, 0x6F, 0xCC, 0x0E, 0xC4, 0xCE, 0xC3,
    0xEE, 0xCB, 0xEF, 0xCB, 0x0F, 0xCC, 0xEF, 0xCB, 0xEE, 0xC3, 0xCE, 0xC3, 0xEE, 0xC3, 0x0E, 0xCC,
    0x0E, 0xCC, 0x2F, 0xCC, 0x0E, 0xCC, 0x0F, 0xCC, 0x0F, 0xCC, 0xEE, 0xC3, 0x0F, 0xCC, 0x0E, 0xC4,
    0xEE, 0xC3, 0xEE, 0xCB, 0xCE, 0xC3, 0xAD, 0xC3, 0x0F, 0xCC, 0xCA, 0xA2, 0x27, 0x92, 0x27, 0x8A,
    0xE7, 0x81, 0x07, 0x82, 0x07, 0x82, 0xC6, 0x71, 0x85, 0x69, 0xA6, 0x69, 0x65, 0x59, 0x85, 0x59,
    0x65, 0x41, 0xE3, 0x18, 0xA1, 0x00, 0x01, 0x01, 0x83, 0x11, 0xE4, 0x21, 0x24, 0x22, 0x25, 0x22,
    0xA5, 0x09, 0x45, 0x01, 0x03, 0x09, 0x83, 0x29, 0x04, 0x32, 0xA3, 0x31, 0xA0, 0x18, 0xA0, 0x18,
    0x24, 0x3A, 0x86, 0x32, 0x05, 0x22, 0x85, 0x09, 0x65, 0x01, 0x44, 0x01, 0x45, 0x01, 0x65, 0x01,
    0x85, 0x09, 0xA5, 0x09, 0xA5, 0x11, 0xA4, 0x11, 0xC3, 0x21, 0x03, 0x4A, 0xA5, 0x6A, 0xC4, 0x6A,
    0xA5, 0x72, 0xA4, 0x72, 0x64, 0x6A, 0x64, 0x62, 0x65, 0x62, 0x03, 0x42, 0xA2, 0x21, 0x04, 0x32,
    0x44, 0x3A, 0x45, 0x3A, 0x45, 0x3A, 0x25, 0x3A, 0x04, 0x32, 0x83, 0x21, 0x00, 0x11, 0x00, 0x11,
    0xA2, 0x29, 0x61, 0x39, 0xC0, 0x30, 0xA0, 0x18, 0x80, 0x19, 0xC1, 0x19, 0x40, 0x19, 0x40, 0x18,
    0xA0, 0x18, 0xA1, 0x21, 0x61, 0x19, 0x40, 0x11, 0xC2, 0x29, 0x64, 0x32, 0xE2, 0x21, 0x60, 0x09,
    0x20, 0x01, 0x21, 0x11, 0x22, 0x11, 0x22, 0x11, 0x02, 0x11, 0x23, 0x11, 0x63, 0x11, 0x84, 0x19,
    0x64, 0x19, 0x43, 0x19, 0x03, 0x19, 0x22, 0x19, 0x62, 0x21, 0xE3, 0x29, 0x24, 0x3A, 0x24, 0x32,
    0xC4, 0x29, 0x01, 0x09, 0xE1, 0x08, 0x43, 0x21, 0x23, 0x31, 0xE2, 0x20, 0xE2, 0x18, 0x23, 0x11,
    0x23, 0x11, 0xE2, 0x00, 0xC2, 0x00, 0x23, 0x11, 0x63, 0x19, 0x63, 0x19, 0x22, 0x11, 0xA0, 0x08,
    0xA1, 0x08, 0xA4, 0x21, 0x84, 0x19, 0x23, 0x09, 0x03, 0x09, 0xE3, 0x00, 0x03, 0x01, 0x03, 0x01,
    0xC3, 0x00, 0xC2, 0x10, 0x24, 0x31, 0xC1, 0x20, 0x81, 0x08, 0x82, 0x00, 0xA2, 0x00, 0xA2, 0x00,
    0x62, 0x11, 0x83, 0x11, 0x63, 0x11, 0x63, 0x11, 0x83, 0x11, 0x83, 0x11, 0xC4, 0x19, 0xA3, 0x19,
    0x83, 0x19, 0x83, 0x19, 0x83, 0x11, 0x63, 0x11, 0x62, 0x11, 0x83, 0x11, 0xA3, 0x19, 0x83, 0x11,
    0x83, 0x11, 0x83, 0x11, 0x84, 0x19, 0xA3, 0x19, 0xA3, 0x19, 0xE4, 0x21, 0xE4, 0x21, 0x04, 0x22,
    0x04, 0x22, 0x04, 0x22, 0x04, 0x22, 0xE4, 0x21, 0xC3, 0x19, 0xE3, 0x21, 0x04, 0x22, 0x04, 0x22,
    0x04, 0x22, 0xE4, 0x21, 0xE4, 0x21, 0x04, 0x2A, 0x04, 0x2A, 0xA4, 0x21, 0x03, 0x09, 0xA2, 0x00,
    0xA3, 0x00, 0xC3, 0x00, 0xA2, 0x08, 0x81, 0x08, 0x80, 0x18, 0x60, 0x18, 0x80, 0x18, 0xA1, 0x18,
    0x81, 0x10, 0x40, 0x08, 0x20, 0x10, 0x81, 0x18, 0xA1, 0x10, 0x81, 0x00, 0x61, 0x00, 0x81, 0x00,
    0xA1, 0x00, 0xA2, 0x00, 0xC2, 0x00, 0xC2, 0x00, 0xC2, 0x00, 0xC1, 0x00, 0xC1, 0x00, 0x42, 0x09,
    0xC4, 0x19, 0xC1, 0x00, 0x00, 0x00, 0x20, 0x08, 0x03, 0x29, 0x04, 0x31, 0xA1, 0x20, 0xA0, 0x20,
    0x42, 0x31, 0xA5, 0x31, 0xC5, 0x21, 0xC5, 0x21, 0xC6, 0x29, 0x86, 0x19, 0x66, 0x01, 0x67, 0x01,
    0x66, 0x01, 0x87, 0x09, 0x25, 0x01, 0xE5, 0x00, 0x26, 0x01, 0x66, 0x09, 0x67, 0x09, 0x67, 0x09,
    0x67, 0x09, 0x87, 0x09, 0x67, 0x01, 0x46, 0x01, 0x67, 0x01, 0x67, 0x01, 0x67, 0x01, 0x67, 0x09,
    0x25, 0x11, 0xE3, 0x20, 0xE2, 0x28, 0xC2, 0x28, 0xA1, 0x20, 0xE3, 0x18, 0x85, 0x19, 0x65, 0x11,
    0x25, 0x01, 0x25, 0x01, 0xA7, 0x11, 0xE8, 0x19, 0xC8, 0x19, 0xE8, 0x19, 0xC8, 0x19, 0xC8, 0x19,
    0xE8, 0x11, 0xC8, 0x09, 0xA8, 0x09, 0xA8, 0x11, 0x88, 0x21, 0x46, 0x31, 0x05, 0x31, 0x04, 0x31,
    0x04, 0x31, 0x04, 0x31, 0x04, 0x39, 0x05, 0x39, 0xA8, 0x51, 0x2A, 0x6A, 0x2B, 0x6A, 0x4B, 0x72,
    0x4A, 0x7A, 0x4A, 0x7A, 0x6A, 0x82, 0x8B, 0x8A, 0x8B, 0x92, 0xAB, 0x92, 0xAB, 0x92, 0xCB, 0x92,
    0xCB, 0x92, 0xCB, 0x9A, 0xEB, 0x9A, 0xEC, 0xA2, 0xEC, 0xA2, 0x0C, 0xAB, 0x0B, 0xAB, 0x2B, 0xA3,
    0x8C, 0xAB, 0x0D, 0xAC, 0x8F, 0xBC, 0xCF, 0xBC, 0xEF, 0xBC, 0x10, 0xBD, 0xEF, 0xB4, 0xEF, 0xB4,
    0x10, 0xBD, 0x0F, 0xBD, 0x0F, 0xBD, 0x10, 0xBD, 0x0F, 0xBD, 0x0F, 0xBD, 0x30, 0xC5, 0x30, 0xC5,
    0x30, 0xC5, 0x30, 0xC5, 0x50, 0xC5, 0x50, 0xC5, 0x51, 0xC5, 0x70, 0xCD, 0x70, 0xCD, 0x50, 0xCD,
    0x50, 0xCD, 0x50, 0xCD, 0x70, 0xCD, 0x70, 0xCD, 0x71, 0xD5, 0x51, 0xD5, 0xD0, 0xD4, 0x6F, 0xCC,
    0x2E, 0xCC, 0x0E, 0xCC, 0x0F, 0xCC, 0xEF, 0xCB, 0xEE, 0xC3, 0x0E, 0xCC, 0x0E, 0xCC, 0x2F, 0xCC,
    0x0E, 0xCC, 0x0E, 0xCC, 0x0E, 0xCC, 0xEE, 0xC3, 0x2F, 0xCC, 0x0F, 0xCC, 0x2F, 0xCC, 0x0F, 0xCC,
    0x0F, 0xC4, 0xEE, 0xC3, 0xEF, 0xCB, 0xCE, 0xC3, 0x2F, 0xCC, 0xCE, 0xC3, 0xE6, 0x81, 0xE6, 0x81,
    0xE6, 0x81, 0xC6, 0x79, 0xA6, 0x71, 0x86, 0x69, 0x65, 0x61, 0x86, 0x61, 0xC6, 0x59, 0x44, 0x39,
    0x03, 0x21, 0x06, 0x3A, 0x47, 0x42, 0x05, 0x3A, 0xE4, 0x29, 0x44, 0x2A, 0x44, 0x2A, 0x46, 0x2A,
    0xC6, 0x11, 0x66, 0x09, 0x85, 0x21, 0xE5, 0x49, 0x25, 0x52, 0x83, 0x41, 0xA0, 0x18, 0x83, 0x21,
    0x44, 0x2A, 0x44, 0x2A, 0x66, 0x2A, 0x46, 0x22, 0xE5, 0x19, 0x64, 0x11, 0x23, 0x09, 0x03, 0x09,
    0x03, 0x09, 0x43, 0x19, 0x64, 0x21, 0x84, 0x31, 0xE4, 0x41, 0x45, 0x62, 0x85, 0x72, 0x85, 0x72,
    0x64, 0x72, 0x64, 0x72, 0x63, 0x72, 0x84, 0x72, 0xA6, 0x72, 0xC6, 0x6A, 0xA6, 0x52, 0x85, 0x42,
    0x44, 0x3A, 0x24, 0x32, 0xE3, 0x29, 0xA3, 0x29, 0xE4, 0x39, 0x83, 0x31, 0x00, 0x19, 0x80, 0x19,
    0x01, 0x1A, 0x21, 0x22, 0xA1, 0x21, 0x40, 0x11, 0x80, 0x11, 0xA0, 0x09, 0x40, 0x11, 0x61, 0x29,
    0xE3, 0x31, 0xC1, 0x21, 0x60, 0x11, 0x40, 0x19, 0x24, 0x42, 0x86, 0x5A, 0xA3, 0x29, 0xE0, 0x08,
    0xC0, 0x00, 0xE1, 0x08, 0x02, 0x09, 0x64, 0x29, 0x85, 0x31, 0x44, 0x21, 0x24, 0x11, 0x64, 0x11,
    0x23, 0x11, 0xA1, 0x08, 0x61, 0x08, 0xA1, 0x10, 0x01, 0x19, 0x22, 0x19, 0x63, 0x21, 0x43, 0x21,
    0x23, 0x21, 0x02, 0x19, 0x23, 0x21, 0x23, 0x29, 0xA1, 0x20, 0x20, 0x10, 0xA1, 0x10, 0x23, 0x21,
    0x24, 0x21, 0x03, 0x19, 0x23, 0x19, 0x64, 0x21, 0x44, 0x21, 0x23, 0x21, 0x02, 0x19, 0xC1, 0x18,
    0x02, 0x19, 0x84, 0x29, 0x43, 0x21, 0x03, 0x19, 0xE3, 0x18, 0xE3, 0x10, 0x03, 0x11, 0x03, 0x11,
    0xE3, 0x10, 0xE2, 0x18, 0x02, 0x29, 0xA1, 0x18, 0x61, 0x08, 0x82, 0x00, 0x82, 0x00, 0x62, 0x00,
    0x82, 0x11, 0x82, 0x11, 0x62, 0x11, 0xA3, 0x19, 0xC3, 0x19, 0xC3, 0x19, 0xC3, 0x19, 0x83, 0x19,
    0x83, 0x19, 0xA3, 0x19, 0xA4, 0x19, 0x63, 0x11, 0x62, 0x11, 0x63, 0x11, 0x83, 0x11, 0xA3, 0x19,
    0xA3, 0x19, 0x84, 0x19, 0xA4, 0x19, 0xC4, 0x19, 0xC4, 0x19, 0xA4, 0x19, 0xE4, 0x19, 0x05, 0x22,
    0x04, 0x22, 0xE4, 0x19, 0xE4, 0x21, 0xE4, 0x21, 0xE4, 0x21, 0x04, 0x22, 0x24, 0x22, 0x04, 0x22,
    0x04, 0x22, 0xE3, 0x19, 0xE3, 0x19, 0x04, 0x1A, 0x04, 0x22, 0x24, 0x22, 0xE4, 0x21, 0x43, 0x11,
    0xC2, 0x00, 0xA2, 0x00, 0xA2, 0x00, 0x81, 0x08, 0x81, 0x18, 0x81, 0x20, 0x60, 0x18, 0x61, 0x18,
    0x40, 0x08, 0x20, 0x08, 0x40, 0x10, 0x81, 0x18, 0xA1, 0x10, 0x81, 0x00, 0xE2, 0x00, 0x64, 0x19,
    0x85, 0x19, 0x43, 0x11, 0x43, 0x09, 0x43, 0x09, 0x43, 0x09, 0x02, 0x01, 0xE1, 0x00, 0x42, 0x09,
    0xE3, 0x29, 0x81, 0x21, 0x60, 0x08, 0x00, 0x00, 0x81, 0x18, 0x04, 0x31, 0xC2, 0x28, 0xC1, 0x28,
    0x43, 0x31, 0x43, 0x21, 0x43, 0x11, 0x84, 0x21, 0x27, 0x42, 0xC7, 0x29, 0x66, 0x01, 0x66, 0x01,
    0x66, 0x01, 0x86, 0x09, 0x04, 0x01, 0xC4, 0x00, 0x26, 0x09, 0x46, 0x09, 0x46, 0x09, 0x67, 0x09,
    0x67, 0x09, 0x87, 0x09, 0x67, 0x01, 0x46, 0x01, 0x47, 0x01, 0x47, 0x01, 0x47, 0x01, 0x67, 0x01,
    0x47, 0x09, 0x45, 0x21, 0x23, 0x31, 0xC2, 0x28, 0x81, 0x18, 0xE2, 0x18, 0x45, 0x19, 0x45, 0x09,
    0x04, 0x01, 0x04, 0x01, 0x66, 0x09, 0xA7, 0x19, 0xA7, 0x19, 0xC8, 0x19, 0xC8, 0x19, 0xC8, 0x11,
    0xC9, 0x09, 0xC9, 0x09, 0xC9, 0x09, 0xA8, 0x09, 0x88, 0x19, 0x67, 0x31, 0x46, 0x39, 0x45, 0x39,
    0x24, 0x31, 0x04, 0x31, 0xC4, 0x30, 0x26, 0x39, 0x2B, 0x62, 0x6C, 0x72, 0x6B, 0x72, 0x6B, 0x7A,
    0x6A, 0x7A, 0x6B, 0x82, 0x8B, 0x8A, 0x8B, 0x8A, 0x6A, 0x8A, 0xAB, 0x92, 0xAB, 0x92, 0xCB, 0x92,
    0xAB, 0x92, 0xEB, 0x9A, 0xEC, 0xA2, 0xEB, 0xA2, 0xEC, 0xA2, 0x0C, 0xAB, 0x4C, 0xAB, 0xAD, 0xAB,
    0x6E, 0xB4, 0xAF, 0xB4, 0xCF, 0xB4, 0xCF, 0xB4, 0xEF, 0xB4, 0xCF, 0xB4, 0xF0, 0xBC, 0x10, 0xBD,
    0x10, 0xBD, 0x10, 0xBD, 0x10, 0xBD, 0x0F, 0xBD, 0x0F, 0xBD, 0x30, 0xBD, 0x50, 0xC5, 0x30, 0xC5,
    0x30, 0xC5, 0x30, 0xC5, 0x51, 0xC5, 0x51, 0xC5, 0x51, 0xC5, 0x51, 0xC5, 0x50, 0xC5, 0x50, 0xC5,
    0x50, 0xC5, 0x50, 0xC5, 0x50, 0xCD, 0x70, 0xCD, 0x71, 0xCD, 0x71, 0xD5, 0x71, 0xD5, 0x31, 0xD5,
    0xB0, 0xCC, 0x0E, 0xC4, 0x0E, 0xCC, 0xEE, 0xCB, 0x0E, 0xCC, 0x0E, 0xCC, 0xEE, 0xCB, 0xEE, 0xCB,
    0x0E, 0xCC, 0x0E, 0xCC, 0x0E, 0xCC, 0x2F, 0xCC, 0x0F, 0xCC, 0x0F, 0xC4, 0x0F, 0xC4, 0x2F, 0xCC,
    0x0F, 0xC4, 0x0F, 0xC4, 0xEE, 0xC3, 0xCE, 0xC3, 0x0F, 0xC4, 0x2F, 0xCC, 0xA9, 0x92, 0xA5, 0x79,
    0xC6, 0x79, 0x85, 0x71, 0x85, 0x61, 0x85, 0x59, 0xC6, 0x59, 0xC7, 0x51, 0x23, 0x29, 0x64, 0x31,
    0x2A, 0x73, 0x4E, 0xA4, 0x2D, 0xA4, 0xED, 0xA3, 0x6A, 0x7B, 0x24, 0x3A, 0x04, 0x2A, 0x05, 0x22,
    0xC6, 0x11, 0x86, 0x09, 0x24, 0x19, 0x01, 0x31, 0x21, 0x41, 0x62, 0x41, 0x82, 0x29, 0xE4, 0x21,
    0xC2, 0x19, 0xC2, 0x11, 0xE3, 0x19, 0x04, 0x22, 0x04, 0x22, 0xE4, 0x21, 0x84, 0x21, 0x63, 0x21,
    0x84, 0x31, 0xC4, 0x41, 0x04, 0x4A, 0x04, 0x5A, 0x25, 0x5A, 0x04, 0x62, 0x04, 0x62, 0x24, 0x62,
    0x24, 0x6A, 0x43, 0x72, 0x43, 0x7A, 0x64, 0x7A, 0x44, 0x72, 0xC4, 0x51, 0x24, 0x42, 0xA6, 0x42,
    0x85, 0x3A, 0x65, 0x32, 0x24, 0x2A, 0x83, 0x21, 0x84, 0x31, 0x63, 0x39, 0x62, 0x31, 0xC3, 0x31,
    0x03, 0x2A, 0x23, 0x2A, 0x02, 0x2A, 0xC2, 0x21, 0xC1, 0x21, 0xA1, 0x19, 0x81, 0x21, 0xC3, 0x39,
    0xA3, 0x39, 0x62, 0x31, 0x42, 0x29, 0x22, 0x21, 0x22, 0x31, 0x23, 0x31, 0x02, 0x21, 0xA1, 0x10,
    0xC1, 0x10, 0x03, 0x19, 0x23, 0x19, 0x23, 0x29, 0xE2, 0x28, 0xE2, 0x20, 0x03, 0x19, 0x24, 0x19,
    0x03, 0x19, 0xC2, 0x18, 0xC2, 0x20, 0x03, 0x21, 0x23, 0x29, 0x23, 0x29, 0x23, 0x29, 0x03, 0x29,
    0x03, 0x29, 0x03, 0x29, 0xE2, 0x28, 0xC2, 0x20, 0x81, 0x18, 0x60, 0x18, 0xA1, 0x18, 0xA1, 0x18,
    0xA1, 0x18, 0xA1, 0x10, 0xC2, 0x18, 0xC1, 0x18, 0xC1, 0x18, 0xA1, 0x18, 0xA1, 0x18, 0xA1, 0x18,
    0xC1, 0x18, 0xC1, 0x18, 0xC1, 0x18, 0xC1, 0x18, 0xE2, 0x20, 0x02, 0x21, 0x23, 0x21, 0x02, 0x19,
    0xE2, 0x18, 0xA1, 0x10, 0x80, 0x10, 0x60, 0x08, 0x80, 0x08, 0xA2, 0x00, 0xC2, 0x00, 0xE2, 0x08,
    0xA3, 0x19, 0xC3, 0x19, 0xA3, 0x19, 0xC3, 0x19, 0xC3, 0x19, 0xC3, 0x19, 0xA3, 0x19, 0x42, 0x11,
    0x62, 0x11, 0x83, 0x19, 0x83, 0x11, 0x83, 0x11, 0x83, 0x11, 0x84, 0x11, 0x84, 0x11, 0x83, 0x19,
    0xA4, 0x19, 0xA4, 0x19, 0xA4, 0x19, 0xA4, 0x19, 0xA4, 0x19, 0xA4, 0x19, 0x83, 0x11, 0xA4, 0x19,
    0xC4, 0x19, 0xA3, 0x19, 0xA3, 0x19, 0xE4, 0x19, 0xC4, 0x19, 0xE4, 0x19, 0x03, 0x22, 0x04, 0x22,
    0x04, 0x22, 0x04, 0x22, 0x04, 0x22, 0x04, 0x22, 0x24, 0x22, 0x24, 0x22, 0x24, 0x22, 0x05, 0x22,
    0x84, 0x19, 0xE2, 0x00, 0x82, 0x00, 0x61, 0x08, 0x81, 0x18, 0xA1, 0x20, 0x80, 0x18, 0x20, 0x08,
    0x20, 0x08, 0x20, 0x10, 0x40, 0x18, 0x81, 0x18, 0xA2, 0x10, 0x81, 0x00, 0x03, 0x09, 0x65, 0x11,
    0x85, 0x11, 0x44, 0x11, 0x44, 0x09, 0x64, 0x09, 0x64, 0x09, 0x65, 0x09, 0x03, 0x01, 0x01, 0x09,
    0xC2, 0x31, 0x63, 0x4A, 0x21, 0x21, 0x20, 0x00, 0x20, 0x08, 0x61, 0x18, 0xA1, 0x20, 0x23, 0x39,
    0xA5, 0x49, 0x85, 0x39, 0xA5, 0x31, 0xC6, 0x39, 0xE8, 0x49, 0xA7, 0x29, 0x46, 0x01, 0x46, 0x01,
    0x66, 0x01, 0x46, 0x09, 0xC4, 0x00, 0xC4, 0x00, 0x25, 0x01, 0x46, 0x09, 0x46, 0x09, 0x47, 0x09,
    0x67, 0x09, 0x67, 0x09, 0x46, 0x01, 0x26, 0x01, 0x26, 0x01, 0x27, 0x01, 0x47, 0x01, 0x47, 0x01,
    0x47, 0x09, 0x45, 0x21, 0x03, 0x31, 0xA1, 0x20, 0x60, 0x18, 0xA2, 0x18, 0x24, 0x19, 0x25, 0x09,
    0x05, 0x01, 0xE4, 0x00, 0x04, 0x09, 0x66, 0x19, 0xA7, 0x19, 0xA7, 0x19, 0xC8, 0x11, 0xC8, 0x11,
    0xC9, 0x09, 0xC8, 0x09, 0xA8, 0x09, 0xA8, 0x01, 0x67, 0x11, 0x46, 0x29, 0x45, 0x39, 0x45, 0x39,
    0x45, 0x39, 0x45, 0x31, 0x05, 0x31, 0xC9, 0x49, 0x2B, 0x62, 0x4B, 0x6A, 0x6B, 0x72, 0x8B, 0x82,
    0x8B, 0x82, 0xAB, 0x82, 0xAB, 0x8A, 0xCB, 0x92, 0xAB, 0x92, 0xCB, 0x9A, 0xCB, 0x9A, 0xEC, 0x9A,
    0xCB, 0x9A, 0xEC, 0x9A, 0x0C, 0xA3, 0xEB, 0xA2, 0xEB, 0xA2, 0x2B, 0xA3, 0xCD, 0xAB, 0x6E, 0xB4,
    0xCF, 0xB4, 0x8E, 0xAC, 0xCF, 0xB4, 0xCF, 0xB4, 0xEF, 0xBC, 0xEF, 0xBC, 0x10, 0xBD, 0x10, 0xBD,
    0x10, 0xBD, 0x0F, 0xBD, 0x0F, 0xBD, 0x30, 0xC5, 0x30, 0xBD, 0x10, 0xBD, 0x30, 0xC5, 0x30, 0xC5,
    0x30, 0xC5, 0x30, 0xC5, 0x30, 0xC5, 0x51, 0xC5, 0x30, 0xC5, 0x31, 0xC5, 0x51, 0xC5, 0x51, 0xC5,
    0x51, 0xC5, 0x51, 0xC5, 0x51, 0xCD, 0x71, 0xCD, 0x71, 0xCD, 0x71, 0xCD, 0x71, 0xCD, 0x71, 0xCD,
    0x51, 0xD5, 0xAF, 0xCC, 0x2E, 0xCC, 0x0E, 0xCC, 0x0F, 0xCC, 0xEE, 0xC3, 0xEE, 0xC3, 0xEE, 0xC3,
    0xEE, 0xC3, 0xEE, 0xCB, 0x0E, 0xCC, 0xEE, 0xC3, 0x0E, 0xCC, 0x0F, 0xCC, 0x0F, 0xC4, 0x2F, 0xCC,
    0x2F, 0xCC, 0x2F, 0xCC, 0xEE, 0xC3, 0xEE, 0xC3, 0xEE, 0xC3, 0x0F, 0xC4, 0x8D, 0xB3, 0xC6, 0x71,
    0x85, 0x69, 0xE6, 0x71, 0xA6, 0x59, 0xA5, 0x49, 0x85, 0x39, 0xE3, 0x10, 0x64, 0x31, 0x88, 0x6A,
    0x05, 0x6A, 0x66, 0x72, 0x29, 0x8B, 0x4A, 0x9B, 0x8B, 0x9B, 0x87, 0x5A, 0x22, 0x11, 0x84, 0x11,
    0xA5, 0x09, 0x85, 0x09, 0xE2, 0x08, 0x60, 0x18, 0x80, 0x20, 0x01, 0x21, 0x82, 0x21, 0x82, 0x11,
    0x61, 0x11, 0x61, 0x09, 0x62, 0x11, 0x81, 0x11, 0xA2, 0x19, 0xC2, 0x21, 0xC3, 0x31, 0x04, 0x42,
    0x25, 0x52, 0x45, 0x5A, 0x65, 0x62, 0x44, 0x5A, 0x24, 0x5A, 0x24, 0x5A, 0x64, 0x5A, 0x85, 0x62,
    0xC5, 0x6A, 0xE5, 0x72, 0x06, 0x7B, 0xC5, 0x72, 0x41, 0x41, 0x60, 0x18, 0x21, 0x19, 0x24, 0x2A,
    0x24, 0x22, 0xC3, 0x19, 0xE4, 0x19, 0x83, 0x21, 0xC1, 0x18, 0x40, 0x18, 0x80, 0x18, 0x01, 0x21,
    0x42, 0x29, 0x62, 0x29, 0x62, 0x31, 0x82, 0x31, 0x82, 0x31, 0x62, 0x31, 0x62, 0x31, 0xE1, 0x28,
    0x40, 0x18, 0x40, 0x10, 0x60, 0x10, 0x40, 0x10, 0x40, 0x10, 0x61, 0x18, 0xA1, 0x18, 0xC2, 0x18,
    0xE2, 0x18, 0x02, 0x21, 0xE2, 0x20, 0xA1, 0x20, 0x60, 0x20, 0x80, 0x20, 0xE2, 0x28, 0x44, 0x29,
    0x03, 0x29, 0x02, 0x29, 0xE2, 0x28, 0xC2, 0x20, 0xA1, 0x20, 0xA1, 0x18, 0x81, 0x10, 0x60, 0x08,
    0x40, 0x08, 0x60, 0x08, 0xA0, 0x10, 0x02, 0x21, 0xE2, 0x20, 0xE2, 0x20, 0xA1, 0x18, 0xC0, 0x10,
    0xE1, 0x10, 0xE1, 0x10, 0xE1, 0x10, 0x01, 0x19, 0x22, 0x19, 0x01, 0x11, 0x01, 0x11, 0x22, 0x19,
    0x62, 0x21, 0x83, 0x21, 0x62, 0x19, 0x21, 0x19, 0x62, 0x19, 0xA3, 0x21, 0xA3, 0x21, 0xA3, 0x21,
    0xA3, 0x21, 0x83, 0x19, 0x62, 0x19, 0x42, 0x19, 0x42, 0x11, 0x43, 0x11, 0x83, 0x11, 0xA4, 0x19,
    0x62, 0x11, 0x82, 0x11, 0x82, 0x19, 0xA2, 0x19, 0xA2, 0x19, 0xC3, 0x19, 0xC3, 0x19, 0x83, 0x11,
    0x83, 0x11, 0x83, 0x19, 0x83, 0x11, 0x83, 0x11, 0x63, 0x11, 0x63, 0x11, 0x63, 0x11, 0x84, 0x11,
    0xA4, 0x19, 0x83, 0x11, 0x63, 0x11, 0x83, 0x19, 0xA4, 0x19, 0xA4, 0x19, 0x83, 0x11, 0x43, 0x11,
    0x63, 0x11, 0xA3, 0x19, 0x83, 0x19, 0xC4, 0x19, 0xE4, 0x21, 0xE4, 0x19, 0xE3, 0x19, 0xC3, 0x19,
    0xE3, 0x19, 0x24, 0x22, 0x44, 0x2A, 0x44, 0x2A, 0x24, 0x22, 0x24, 0x22, 0x24, 0x22, 0x04, 0x22,
    0x05, 0x22, 0xA4, 0x19, 0xC2, 0x00, 0x40, 0x08, 0x81, 0x20, 0xA1, 0x20, 0x81, 0x18, 0x40, 0x10,
    0x20, 0x08, 0x20, 0x10, 0x20, 0x10, 0x81, 0x10, 0xA1, 0x08, 0x81, 0x00, 0xC2, 0x00, 0xE3, 0x00,
    0xE3, 0x00, 0x03, 0x09, 0x03, 0x09, 0x23, 0x09, 0x23, 0x01, 0x24, 0x01, 0xE2, 0x00, 0x01, 0x09,
    0x61, 0x21, 0xA1, 0x31, 0x20, 0x19, 0x60, 0x00, 0x40, 0x00, 0x00, 0x08, 0x40, 0x10, 0x81, 0x20,
    0xE2, 0x30, 0xE2, 0x30, 0x03, 0x29, 0x03, 0x29, 0x04, 0x29, 0x04, 0x11, 0x24, 0x01, 0x04, 0x01,
    0x04, 0x01, 0xE4, 0x00, 0x82, 0x00, 0x83, 0x00, 0xC3, 0x00, 0x04, 0x01, 0x05, 0x01, 0x25, 0x01,
    0x26, 0x01, 0x26, 0x01, 0x05, 0x01, 0x05, 0x01, 0x06, 0x01, 0x26, 0x01, 0x27, 0x01, 0x27, 0x01,
    0x26, 0x09, 0xE4, 0x18, 0x81, 0x18, 0x60, 0x10, 0x60, 0x10, 0x81, 0x10, 0xE4, 0x10, 0x05, 0x09,
    0xE4, 0x00, 0xC4, 0x00, 0xA3, 0x00, 0x04, 0x11, 0x45, 0x19, 0x87, 0x19, 0xA8, 0x11, 0xA8, 0x09,
    0xA8, 0x09, 0xA8, 0x09, 0x88, 0x09, 0x88, 0x09, 0x67, 0x19, 0x46, 0x29, 0x04, 0x29, 0xE3, 0x28,
    0x03, 0x29, 0x24, 0x29, 0x46, 0x39, 0xEA, 0x51, 0x2A, 0x62, 0x4B, 0x6A, 0x4B, 0x72, 0x6B, 0x7A,
    0x8B, 0x82, 0x8B, 0x82, 0x8B, 0x8A, 0xCB, 0x92, 0xEC, 0x9A, 0x0C, 0xA3, 0xEC, 0xA2, 0x2D, 0xAB,
    0x0C, 0xA3, 0xEB, 0x9A, 0x0C, 0xA3, 0xEB, 0x9A, 0x2C, 0xA3, 0xCD, 0xAB, 0x6F, 0xB4, 0xAF, 0xB4,
    0xCF, 0xB4, 0xCF, 0xB4, 0xAF, 0xAC, 0xCF, 0xB4, 0xCF, 0xB4, 0xEF, 0xB4, 0x0F, 0xBD, 0x10, 0xBD,
    0x10, 0xBD, 0x10, 0xBD, 0x10, 0xBD, 0x10, 0xBD, 0x10, 0xBD, 0x30, 0xC5, 0x10, 0xBD, 0x30, 0xBD,
    0x50, 0xC5, 0x50, 0xC5, 0x30, 0xC5, 0x30, 0xC5, 0x50, 0xCD, 0x51, 0xC5, 0x51, 0xC5, 0x51, 0xC5,
    0x51, 0xC5, 0x71, 0xCD, 0x71, 0xCD, 0x71, 0xCD, 0x71, 0xCD, 0x71, 0xCD, 0x71, 0xCD, 0x91, 0xCD,
    0x71, 0xCD, 0x51, 0xD5, 0xB0, 0xCC, 0x0E, 0xC4, 0xCE, 0xC3, 0xEE, 0xC3, 0xEE, 0xC3, 0xEE, 0xC3,
    0xEE, 0xC3, 0xEE, 0xC3, 0x0E, 0xCC, 0xEE, 0xCB, 0x0F, 0xCC, 0x0F, 0xCC, 0xEE, 0xC3, 0x0F, 0xCC,
    0x0F, 0xC4, 0x0F, 0xC4, 0xEE, 0xC3, 0x0F, 0xC4, 0x0E, 0xC4, 0xCE, 0xC3, 0xCE, 0xBB, 0x48, 0x82,
    0x23, 0x51, 0x84, 0x41, 0x23, 0x29, 0x23, 0x19, 0x03, 0x11, 0x64, 0x29, 0x27, 0x52, 0xC5, 0x59,
    0xA4, 0x61, 0x26, 0x72, 0xC8, 0x82, 0x6A, 0x93, 0x29, 0x8B, 0x4A, 0x83, 0xA3, 0x31, 0x83, 0x11,
    0xA4, 0x11, 0xA5, 0x11, 0x42, 0x11, 0xE0, 0x18, 0x41, 0x31, 0x03, 0x3A, 0x64, 0x3A, 0x44, 0x32,
    0x23, 0x32, 0x23, 0x32, 0x64, 0x3A, 0x85, 0x42, 0xA5, 0x4A, 0xC4, 0x52, 0xC5, 0x5A, 0xE6, 0x5A,
    0xC5, 0x5A, 0xC5, 0x5A, 0xC4, 0x5A, 0xC4, 0x62, 0xC5, 0x62, 0xC5, 0x62, 0xE5, 0x62, 0xA5, 0x5A,
    0x64, 0x4A, 0x63, 0x52, 0x83, 0x5A, 0x84, 0x5A, 0x61, 0x39, 0xC0, 0x20, 0x41, 0x19, 0x04, 0x22,
    0xE4, 0x19, 0xA3, 0x11, 0x83, 0x11, 0x43, 0x19, 0xC1, 0x20, 0x60, 0x20, 0x40, 0x18, 0xE1, 0x20,
    0x01, 0x21, 0x40, 0x08, 0x20, 0x08, 0x40, 0x10, 0xA0, 0x18, 0xE0, 0x20, 0xA0, 0x18, 0xA0, 0x20,
    0x60, 0x18, 0xC2, 0x20, 0xE2, 0x28, 0xA1, 0x20, 0xC2, 0x20, 0xE2, 0x28, 0xE3, 0x28, 0xC2, 0x20,
    0xC2, 0x20, 0xC2, 0x20, 0xE2, 0x28, 0xC2, 0x28, 0x81, 0x20, 0x80, 0x20, 0x60, 0x18, 0x80, 0x10,
    0x60, 0x10, 0x60, 0x10, 0x60, 0x18, 0x40, 0x10, 0x60, 0x10, 0x40, 0x08, 0x40, 0x08, 0x60, 0x08,
    0x80, 0x08, 0xC0, 0x10, 0x42, 0x21, 0x62, 0x29, 0xC1, 0x18, 0x60, 0x10, 0xC1, 0x18, 0xE4, 0x29,
    0x25, 0x32, 0xE4, 0x29, 0x04, 0x22, 0x04, 0x2A, 0x04, 0x22, 0x04, 0x2A, 0x24, 0x2A, 0x24, 0x2A,
    0x24, 0x2A, 0x24, 0x2A, 0x24, 0x2A, 0x24, 0x2A, 0x25, 0x2A, 0x25, 0x2A, 0x24, 0x22, 0x25, 0x22,
    0x25, 0x2A, 0x45, 0x2A, 0x44, 0x2A, 0x24, 0x22, 0x04, 0x22, 0x04, 0x22, 0xE4, 0x21, 0xE4, 0x19,
    0x22, 0x09, 0x42, 0x11, 0x82, 0x11, 0xA2, 0x19, 0xA2, 0x19, 0xA2, 0x19, 0xC3, 0x19, 0xA3, 0x19,
    0x83, 0x19, 0x83, 0x19, 0x83, 0x11, 0x63, 0x11, 0x63, 0x11, 0x83, 0x11, 0x63, 0x11, 0x63, 0x11,
    0x63, 0x11, 0x22, 0x09, 0x42, 0x11, 0x63, 0x11, 0x63, 0x11, 0x84, 0x19, 0x83, 0x19, 0x63, 0x11,
    0x63, 0x11, 0x83, 0x19, 0xA3, 0x19, 0x83, 0x19, 0xC4, 0x19, 0x05, 0x22, 0x04, 0x22, 0xA3, 0x19,
    0xA3, 0x19, 0x04, 0x22, 0x03, 0x22, 0x04, 0x22, 0x24, 0x22, 0x04, 0x1A, 0x04, 0x1A, 0xE3, 0x19,
    0x04, 0x22, 0x25, 0x22, 0xA4, 0x19, 0xE2, 0x10, 0x80, 0x18, 0x81, 0x18, 0x81, 0x18, 0x60, 0x10,
    0x80, 0x08, 0x80, 0x10, 0xA0, 0x10, 0x01, 0x11, 0x22, 0x11, 0x22, 0x09, 0x22, 0x09, 0x43, 0x09,
    0x23, 0x09, 0x23, 0x09, 0x23, 0x09, 0x23, 0x09, 0x42, 0x09, 0x22, 0x09, 0xE1, 0x00, 0x21, 0x09,
    0x41, 0x19, 0x40, 0x19, 0x21, 0x11, 0xE0, 0x08, 0xE1, 0x08, 0xC1, 0x10, 0xC1, 0x18, 0xE1, 0x20,
    0xC1, 0x20, 0xE1, 0x18, 0xE1, 0x18, 0xE1, 0x18, 0x02, 0x19, 0x43, 0x19, 0x64, 0x11, 0x44, 0x11,
    0x44, 0x09, 0x24, 0x09, 0xE3, 0x08, 0x03, 0x09, 0x23, 0x09, 0x23, 0x09, 0x44, 0x09, 0x44, 0x09,
    0x44, 0x09, 0x45, 0x09, 0x45, 0x11, 0x45, 0x09, 0x65, 0x09, 0x65, 0x09, 0x66, 0x09, 0x66, 0x09,
    0x65, 0x11, 0x03, 0x11, 0xE2, 0x18, 0xC1, 0x10, 0xE2, 0x10, 0xE2, 0x10, 0x04, 0x11, 0x24, 0x09,
    0x24, 0x09, 0x24, 0x09, 0x24, 0x11, 0x23, 0x19, 0x44, 0x19, 0x65, 0x19, 0xA6, 0x11, 0xA7, 0x11,
    0xA7, 0x09, 0xA7, 0x09, 0xA7, 0x09, 0x87, 0x09, 0x45, 0x11, 0x24, 0x19, 0xE2, 0x18, 0x03, 0x21,
    0x64, 0x29, 0x64, 0x29, 0xA8, 0x41, 0x2B, 0x62, 0x2B, 0x62, 0x6B, 0x72, 0x6B, 0x7A, 0x6B, 0x7A,
    0x6A, 0x82, 0x8B, 0x82, 0xAB, 0x8A, 0x8A, 0x8A, 0xCB, 0x9A, 0xEC, 0x9A, 0x0C, 0xA3, 0x0C, 0xA3,
    0xEC, 0x9A, 0xCB, 0x9A, 0x0C, 0xA3, 0xEB, 0x9A, 0xAD, 0xAB, 0x8F, 0xBC, 0xAF, 0xB4, 0xAF, 0xB4,
    0xCF, 0xB4, 0xCF, 0xB4, 0xCF, 0xB4, 0xCF, 0xB4, 0xCF, 0xB4, 0xEF, 0xB4, 0xEF, 0xB4, 0x10, 0xBD,
    0x30, 0xBD, 0x30, 0xBD, 0x30, 0xBD, 0x30, 0xBD, 0xEF, 0xBC, 0x30, 0xC5, 0x30, 0xBD, 0x30, 0xBD,
    0x30, 0xC5, 0x30, 0xC5, 0x30, 0xC5, 0x30, 0xC5, 0x30, 0xC5, 0x30, 0xC5, 0x51, 0xC5, 0x51, 0xC5,
    0x51, 0xC5, 0x71, 0xC5, 0x51, 0xC5, 0x50, 0xC5, 0x51, 0xC5, 0x71, 0xCD, 0x71, 0xCD, 0x91, 0xCD,
    0x70, 0xCD, 0x71, 0xCD, 0x51, 0xD5, 0x8F, 0xCC, 0xED, 0xC3, 0xEE, 0xC3, 0xEE, 0xC3, 0xEE, 0xC3,
    0xEE, 0xC3, 0xEE, 0xC3, 0xEE, 0xC3, 0xEE, 0xC3, 0x0F, 0xCC, 0x0E, 0xCC, 0xEE, 0xC3, 0x0F, 0xCC,
    0xEE, 0xC3, 0x2F, 0xCC, 0x2F, 0xCC, 0x0F, 0xC4, 0x0E, 0xC4, 0xEE, 0xC3, 0xCE, 0xBB, 0x4C, 0xA3,
    0xC6, 0x51, 0x83, 0x21, 0xA4, 0x19, 0x83, 0x19, 0xE5, 0x31, 0x27, 0x5A, 0xC5, 0x51, 0xA4, 0x59,
    0xA4, 0x59, 0x06, 0x6A, 0x67, 0x72, 0xC8, 0x82, 0x29, 0x93, 0x6A, 0x8B, 0x09, 0x6B, 0x05, 0x32,
    0x66, 0x2A, 0x66, 0x32, 0x86, 0x3A, 0x64, 0x42, 0xA4, 0x52, 0xE4, 0x5A, 0xE5, 0x5A, 0xC5, 0x4A,
    0x64, 0x3A, 0x64, 0x3A, 0x84, 0x42, 0x84, 0x42, 0x42, 0x4A, 0x83, 0x52, 0xC4, 0x5A, 0xC4, 0x52,
    0x83, 0x42, 0x42, 0x42, 0x41, 0x4A, 0x21, 0x4A, 0x42, 0x4A, 0x63, 0x52, 0x23, 0x42, 0xA1, 0x29,
    0x61, 0x29, 0x81, 0x31, 0xA0, 0x39, 0xC1, 0x41, 0x40, 0x39, 0xC0, 0x20, 0x00, 0x19, 0xC4, 0x19,
    0xC4, 0x19, 0xA4, 0x11, 0x64, 0x09, 0x22, 0x11, 0xC1, 0x18, 0x60, 0x18, 0x40, 0x18, 0x41, 0x21,
    0xC3, 0x29, 0xE1, 0x10, 0xA0, 0x10, 0x01, 0x19, 0x04, 0x3A, 0xA5, 0x42, 0x64, 0x42, 0x62, 0x29,
    0x60, 0x18, 0xA1, 0x20, 0xC1, 0x20, 0x80, 0x18, 0xA1, 0x18, 0xC2, 0x20, 0xC2, 0x20, 0xC2, 0x20,
    0xC2, 0x20, 0xE2, 0x20, 0xE3, 0x28, 0xC2, 0x28, 0x81, 0x20, 0x81, 0x20, 0x60, 0x10, 0x60, 0x08,
    0x40, 0x00, 0x40, 0x00, 0x60, 0x08, 0x80, 0x10, 0xA1, 0x18, 0xE1, 0x18, 0x42, 0x21, 0x83, 0x21,
    0xA2, 0x29, 0x03, 0x3A, 0x65, 0x4A, 0x44, 0x42, 0x21, 0x21, 0xC1, 0x10, 0xA3, 0x29, 0x65, 0x32,
    0x24, 0x2A, 0xE4, 0x21, 0xE4, 0x21, 0xC4, 0x19, 0xC3, 0x19, 0xE4, 0x19, 0x04, 0x22, 0x04, 0x22,
    0x04, 0x22, 0x24, 0x22, 0x24, 0x22, 0x04, 0x22, 0xE3, 0x19, 0x04, 0x22, 0x25, 0x22, 0x25, 0x22,
    0x24, 0x22, 0x24, 0x22, 0x24, 0x22, 0x24, 0x22, 0x24, 0x22, 0x24, 0x22, 0x24, 0x22, 0x25, 0x22,
    0x42, 0x11, 0x22, 0x09, 0x42, 0x11, 0x82, 0x11, 0xA2, 0x19, 0x82, 0x19, 0xA2, 0x19, 0xA3, 0x19,
    0x82, 0x19, 0x83, 0x11, 0x42, 0x11, 0x22, 0x09, 0x42, 0x11, 0x83, 0x19, 0x83, 0x19, 0x43, 0x11,
    0x43, 0x11, 0x42, 0x11, 0x43, 0x11, 0x43, 0x11, 0x63, 0x11, 0x63, 0x11, 0x84, 0x19, 0x83, 0x19,
    0x63, 0x11, 0x83, 0x19, 0xA4, 0x19, 0xA4, 0x19, 0xA4, 0x19, 0xC4, 0x19, 0xC4, 0x19, 0xA4, 0x19,
    0xA3, 0x19, 0xC3, 0x19, 0xC3, 0x19, 0xC3, 0x19, 0xE4, 0x21, 0x04, 0x1A, 0xE4, 0x19, 0x04, 0x22,
    0x04, 0x22, 0x25, 0x22, 0x45, 0x2A, 0xE4, 0x21, 0x42, 0x19, 0x42, 0x21, 0x83, 0x21, 0xA3, 0x21,
    0xA3, 0x21, 0xA3, 0x21, 0xA3, 0x21, 0xC3, 0x21, 0xC3, 0x21, 0xE3, 0x21, 0xE3, 0x19, 0xE4, 0x21,
    0xE4, 0x21, 0xC4, 0x21, 0xC4, 0x21, 0xC4, 0x21, 0xE4, 0x21, 0xC4, 0x19, 0xA3, 0x11, 0x82, 0x11,
    0xA3, 0x19, 0xA3, 0x21, 0xC3, 0x19, 0xC2, 0x19, 0xE3, 0x21, 0xE4, 0x21, 0xC3, 0x21, 0xC3, 0x21,
    0xC3, 0x21, 0xC3, 0x21, 0xC3, 0x21, 0xC3, 0x21, 0xC3, 0x21, 0xE4, 0x21, 0xE4, 0x19, 0xE4, 0x21,
    0x04, 0x1A, 0x05, 0x22, 0x25, 0x22, 0x25, 0x22, 0x66, 0x2A, 0x65, 0x2A, 0x46, 0x2A, 0x46, 0x2A,
    0x46, 0x22, 0x46, 0x2A, 0x46, 0x2A, 0x46, 0x2A, 0x46, 0x22, 0x26, 0x22, 0x26, 0x22, 0x46, 0x22,
    0x46, 0x22, 0x25, 0x2A, 0x45, 0x32, 0x45, 0x32, 0x45, 0x2A, 0x66, 0x2A, 0x66, 0x2A, 0x46, 0x2A,
    0x46, 0x2A, 0x66, 0x2A, 0x66, 0x2A, 0x46, 0x32, 0x46, 0x32, 0x46, 0x2A, 0x46, 0x2A, 0x47, 0x22,
    0x47, 0x22, 0x47, 0x22, 0x67, 0x2A, 0x47, 0x22, 0x26, 0x22, 0x05, 0x22, 0xE4, 0x21, 0x25, 0x2A,
    0x45, 0x2A, 0x06, 0x2A, 0x4A, 0x52, 0x6C, 0x6A, 0x2B, 0x6A, 0x4B, 0x72, 0x8B, 0x7A, 0x8B, 0x82,
    0x8B, 0x82, 0xCB, 0x8A, 0xAB, 0x92, 0xAB, 0x92, 0xEC, 0x9A, 0x0C, 0xA3, 0x2D, 0xA3, 0x2C, 0xA3,
    0xEB, 0x9A, 0x0C, 0x9B, 0x2B, 0x9B, 0x8C, 0xA3, 0x4E, 0xAC, 0xCF, 0xB4, 0xEF, 0xB4, 0xCF, 0xB4,
    0xCF, 0xB4, 0xAF, 0xAC, 0xCF, 0xB4, 0xCF, 0xB4, 0xCF, 0xB4, 0xEF, 0xB4, 0xEF, 0xB4, 0x10, 0xBD,
    0x10, 0xBD, 0x30, 0xBD, 0x10, 0xBD, 0x10, 0xBD, 0x10, 0xBD, 0x30, 0xBD, 0x30, 0xBD, 0x30, 0xBD,
    0x30, 0xBD, 0x30, 0xC5, 0x30, 0xC5, 0x30, 0xC5, 0x10, 0xC5, 0x30, 0xC5, 0x30, 0xC5, 0x51, 0xC5,
    0x51, 0xC5, 0x51, 0xC5, 0x51, 0xC5, 0x51, 0xC5, 0x51, 0xC5, 0x71, 0xC5, 0x71, 0xC5, 0x71, 0xC5,
    0x50, 0xC5, 0x50, 0xC5, 0x71, 0xCD, 0x10, 0xCD, 0x6F, 0xC4, 0x0E, 0xC4, 0xEE, 0xC3, 0xCE, 0xC3,
    0xEE, 0xC3, 0xCD, 0xBB, 0xCD, 0xBB, 0xEE, 0xC3, 0x0F, 0xCC, 0xEE, 0xC3, 0xEE, 0xC3, 0x0F, 0xC4,
    0xEE, 0xC3, 0x2F, 0xC4, 0x0E, 0xC4, 0xEE, 0xC3, 0xEE, 0xC3, 0x0E, 0xC4, 0xCE, 0xBB, 0xAE, 0xAB,
    0x89, 0x62, 0x05, 0x22, 0x46, 0x22, 0x25, 0x2A, 0x47, 0x52, 0xE5, 0x59, 0xC5, 0x59, 0xA4, 0x51,
    0xA4, 0x59, 0xE5, 0x61, 0x46, 0x72, 0x25, 0x72, 0x28, 0x93, 0x29, 0x93, 0x6A, 0x8B, 0x86, 0x52,
    0x45, 0x32, 0xA6, 0x32, 0xA5, 0x3A, 0x43, 0x3A, 0x42, 0x42, 0x42, 0x4A, 0x42, 0x4A, 0x63, 0x4A,
    0x43, 0x3A, 0x44, 0x32, 0x23, 0x32, 0xC2, 0x31, 0x80, 0x31, 0x80, 0x31, 0xE1, 0x41, 0x23, 0x3A,
    0x23, 0x32, 0xE2, 0x31, 0xE1, 0x39, 0xE1, 0x39, 0x80, 0x31, 0x20, 0x29, 0x61, 0x31, 0xA3, 0x39,
    0xA3, 0x39, 0xA2, 0x39, 0x81, 0x39, 0xA2, 0x41, 0x41, 0x31, 0xC0, 0x20, 0xA0, 0x10, 0x42, 0x11,
    0x83, 0x11, 0x63, 0x09, 0x42, 0x09, 0x42, 0x09, 0x01, 0x19, 0x80, 0x10, 0xA0, 0x10, 0xC2, 0x29,
    0x85, 0x3A, 0x85, 0x3A, 0x64, 0x3A, 0xA5, 0x3A, 0x05, 0x4B, 0x66, 0x4B, 0x46, 0x4B, 0x03, 0x32,
    0x80, 0x10, 0x00, 0x19, 0x82, 0x29, 0x82, 0x21, 0x01, 0x19, 0xE0, 0x18, 0xA0, 0x10, 0xA0, 0x10,
    0x80, 0x10, 0xA0, 0x10, 0xA0, 0x10, 0x80, 0x10, 0x60, 0x10, 0x80, 0x18, 0x02, 0x19, 0x22, 0x19,
    0x21, 0x11, 0x22, 0x11, 0x62, 0x19, 0xA3, 0x29, 0xC4, 0x29, 0x24, 0x32, 0x65, 0x32, 0x44, 0x32,
    0x43, 0x32, 0x43, 0x3A, 0x64, 0x3A, 0x43, 0x32, 0x03, 0x2A, 0x25, 0x2A, 0x45, 0x2A, 0x44, 0x2A,
    0x04, 0x22, 0x24, 0x22, 0x04, 0x22, 0x04, 0x1A, 0xE4, 0x19, 0xE4, 0x19, 0x04, 0x1A, 0x25, 0x22,
    0x25, 0x22, 0x24, 0x22, 0x25, 0x22, 0x04, 0x22, 0xC3, 0x19, 0xE4, 0x19, 0xE4, 0x19, 0xC3, 0x11,
    0xE4, 0x19, 0x24, 0x22, 0x24, 0x22, 0x24, 0x22, 0x44, 0x22, 0x04, 0x22, 0xE3, 0x19, 0xE3, 0x19,
    0x63, 0x19, 0x42, 0x11, 0x01, 0x09, 0x41, 0x11, 0x62, 0x11, 0x82, 0x19, 0x82, 0x19, 0x82, 0x19,
    0x82, 0x19, 0x82, 0x19, 0x83, 0x11, 0x62, 0x11, 0x62, 0x11, 0x62, 0x11, 0x42, 0x11, 0x43, 0x11,
    0x43, 0x11, 0x43, 0x11, 0x43, 0x11, 0x43, 0x11, 0x22, 0x09, 0x42, 0x11, 0x63, 0x11, 0x83, 0x19,
    0x84, 0x19, 0xA4, 0x19, 0xA4, 0x19, 0xA3, 0x19, 0xA3, 0x19, 0x83, 0x19, 0x83, 0x11, 0xA3, 0x19,
    0xA3, 0x19, 0xA4, 0x19, 0xC4, 0x19, 0xC4, 0x19, 0xE4, 0x19, 0xC4, 0x19, 0x83, 0x19, 0xA4, 0x19,
    0xA4, 0x19, 0xC4, 0x21, 0x05, 0x22, 0x25, 0x2A, 0x04, 0x2A, 0xE4, 0x21, 0xE4, 0x21, 0xE4, 0x21,
    0xE3, 0x21, 0xE3, 0x21, 0xE3, 0x21, 0xE3, 0x21, 0xE3, 0x21, 0xE3, 0x19, 0xE3, 0x19, 0x03, 0x22,
    0x04, 0x22, 0xE3, 0x21, 0xE3, 0x21, 0xC3, 0x21, 0xC3, 0x19, 0xC3, 0x19, 0xE3, 0x19, 0xE4, 0x21,
    0xA3, 0x19, 0xA3, 0x19, 0xA3, 0x19, 0xC3, 0x19, 0x04, 0x22, 0x24, 0x22, 0x04, 0x22, 0xE3, 0x19,
    0xE3, 0x19, 0xC3, 0x19, 0xA2, 0x11, 0xA2, 0x11, 0xC3, 0x11, 0xC3, 0x11, 0xC3, 0x19, 0xE3, 0x19,
    0x03, 0x1A, 0x44, 0x22, 0x45, 0x22, 0x65, 0x2A, 0x86, 0x2A, 0x85, 0x2A, 0xA6, 0x2A, 0xA6, 0x32,
    0x86, 0x2A, 0x65, 0x2A, 0x24, 0x22, 0x44, 0x22, 0x64, 0x2A, 0x65, 0x2A, 0x44, 0x22, 0x44, 0x22,
    0x45, 0x2A, 0x65, 0x2A, 0xA5, 0x2A, 0xA5, 0x32, 0xA6, 0x32, 0xA6, 0x32, 0xA6, 0x32, 0x85, 0x2A,
    0x85, 0x2A, 0xA6, 0x32, 0xA5, 0x2A, 0x85, 0x2A, 0x85, 0x2A, 0x65, 0x2A, 0x65, 0x2A, 0x65, 0x2A,
    0x66, 0x2A, 0x86, 0x2A, 0x86, 0x2A, 0xA6, 0x2A, 0xA6, 0x2A, 0xA6, 0x2A, 0xA6, 0x2A, 0x86, 0x2A,
    0x65, 0x22, 0x26, 0x32, 0xAB, 0x62, 0x8C, 0x72, 0x2B, 0x6A, 0x4B, 0x72, 0x6B, 0x7A, 0x6B, 0x82,
    0x8B, 0x8A, 0x8B, 0x8A, 0xCC, 0x92, 0xCB, 0x92, 0xEC, 0x9A, 0xEC, 0x9A, 0x2C, 0xA3, 0x2C, 0xA3,
    0xEC, 0x9A, 0x0B, 0x9B, 0x8C, 0x9B, 0x6F, 0xB4, 0xAF, 0xB4, 0xCF, 0xB4, 0xCF, 0xB4, 0xCF, 0xAC,
    0xCF, 0xB4, 0xAF, 0xB4, 0xCF, 0xB4, 0xEF, 0xB4, 0xEF, 0xB4, 0xEF, 0xB4, 0x0F, 0xBD, 0x0F, 0xBD,
    0x0F, 0xBD, 0x0F, 0xBD, 0x10, 0xBD, 0x30, 0xBD, 0x10, 0xBD, 0x10, 0xBD, 0x30, 0xBD, 0x30, 0xBD,
    0x30, 0xBD, 0x30, 0xC5, 0x30, 0xC5, 0x10, 0xBD, 0x10, 0xC5, 0x30, 0xC5, 0x51, 0xC5, 0x30, 0xC5,
    0x50, 0xC5, 0x51, 0xC5, 0x50, 0xC5, 0x50, 0xC5, 0x51, 0xC5, 0x51, 0xC5, 0x51, 0xC5, 0x51, 0xC5,
    0x51, 0xC5, 0x50, 0xC5, 0x50, 0xCD, 0x50, 0xCD, 0x10, 0xCD, 0x2E, 0xBC, 0xEE, 0xC3, 0xCE, 0xBB,
    0xEE, 0xC3, 0xCD, 0xBB, 0xCD, 0xBB, 0x0E, 0xC4, 0x0E, 0xC4, 0x0E, 0xC4, 0xCE, 0xC3, 0xEE, 0xC3,
    0xEE, 0xC3, 0x0E, 0xC4, 0x0E, 0xC4, 0xEE, 0xBB, 0x0F, 0xCC, 0x0E, 0xCC, 0xCE, 0xBB, 0xCE, 0xB3,
    0x2B, 0x7B, 0xE5, 0x21, 0x25, 0x12, 0x05, 0x2A, 0x05, 0x52, 0xE5, 0x59, 0xC5, 0x59, 0xA5, 0x59,
    0xC5, 0x59, 0xE5, 0x61, 0x06, 0x6A, 0x05, 0x6A, 0xE8, 0x8A, 0x29, 0x93, 0x09, 0x8B, 0xA7, 0x62,
    0x03, 0x2A, 0x44, 0x2A, 0x03, 0x2A, 0xC2, 0x29, 0xA1, 0x29, 0xA1, 0x31, 0x60, 0x29, 0x81, 0x29,
    0x03, 0x2A, 0x04, 0x22, 0xE3, 0x21, 0x82, 0x21, 0x41, 0x21, 0x20, 0x21, 0x61, 0x29, 0xE3, 0x31,
    0xC3, 0x29, 0xA2, 0x29, 0xA2, 0x31, 0xC2, 0x31, 0x20, 0x29, 0x45, 0x5A, 0x8B, 0x8B, 0xED, 0x9B,
    0xAC, 0x9B, 0xAB, 0x9B, 0xE8, 0x7A, 0x82, 0x41, 0x01, 0x29, 0x80, 0x18, 0x80, 0x10, 0xE1, 0x08,
    0x42, 0x09, 0xA3, 0x11, 0x25, 0x22, 0xA6, 0x32, 0x85, 0x3A, 0x04, 0x32, 0x04, 0x2A, 0x85, 0x32,
    0x65, 0x2A, 0x44, 0x2A, 0x24, 0x2A, 0x23, 0x2A, 0x64, 0x32, 0xC5, 0x3A, 0xA4, 0x32, 0x23, 0x2A,
    0xC2, 0x21, 0xE2, 0x29, 0x23, 0x32, 0x02, 0x2A, 0xC1, 0x21, 0xA2, 0x21, 0x83, 0x21, 0xE4, 0x31,
    0xC3, 0x31, 0x04, 0x32, 0x24, 0x32, 0x82, 0x29, 0x01, 0x19, 0x42, 0x21, 0xC4, 0x29, 0x05, 0x2A,
    0x24, 0x2A, 0x24, 0x2A, 0x24, 0x2A, 0x43, 0x32, 0x84, 0x42, 0x83, 0x42, 0x43, 0x32, 0x23, 0x2A,
    0x43, 0x2A, 0x23, 0x2A, 0x23, 0x2A, 0x43, 0x2A, 0x65, 0x2A, 0x66, 0x32, 0x65, 0x32, 0x44, 0x2A,
    0x24, 0x22, 0x24, 0x22, 0x24, 0x22, 0x24, 0x22, 0x04, 0x22, 0x04, 0x22, 0x04, 0x22, 0x24, 0x22,
    0x04, 0x22, 0x04, 0x1A, 0xE4, 0x19, 0xE4, 0x19, 0xC4, 0x19, 0xA3, 0x11, 0x83, 0x11, 0x83, 0x11,
    0xA4, 0x11, 0xE4, 0x19, 0xE4, 0x19, 0xE4, 0x19, 0x04, 0x22, 0xE4, 0x21, 0xE4, 0x19, 0xE3, 0x19,
    0x62, 0x11, 0x42, 0x11, 0x83, 0x11, 0x83, 0x19, 0x83, 0x11, 0x62, 0x11, 0x82, 0x19, 0x82, 0x11,
    0xA2, 0x19, 0x62, 0x11, 0x82, 0x19, 0xC3, 0x19, 0x63, 0x11, 0x42, 0x11, 0x22, 0x09, 0x22, 0x09,
    0x23, 0x09, 0x23, 0x09, 0x44, 0x11, 0x85, 0x19, 0xA6, 0x19, 0xC6, 0x21, 0xC6, 0x21, 0x64, 0x11,
    0x43, 0x11, 0x63, 0x11, 0xA3, 0x19, 0x83, 0x19, 0x83, 0x19, 0x83, 0x19, 0xA3, 0x19, 0xC4, 0x19,
    0xC4, 0x19, 0xC4, 0x19, 0xC4, 0x19, 0xA4, 0x19, 0xA5, 0x21, 0x27, 0x32, 0x48, 0x42, 0x8A, 0x52,
    0xCB, 0x5A, 0xCA, 0x52, 0xA9, 0x4A, 0x67, 0x3A, 0x05, 0x2A, 0x05, 0x22, 0xC3, 0x19, 0xC3, 0x19,
    0xC3, 0x19, 0xC3, 0x19, 0xC3, 0x19, 0xC3, 0x19, 0xA3, 0x19, 0xC3, 0x19, 0xC3, 0x19, 0xC3, 0x19,
    0xC3, 0x19, 0xA2, 0x11, 0x82, 0x11, 0x83, 0x11, 0xA3, 0x19, 0xA3, 0x19, 0xC3, 0x19, 0xC3, 0x19,
    0xA3, 0x19, 0xA2, 0x11, 0xA3, 0x19, 0xA3, 0x19, 0xC3, 0x19, 0xC3, 0x19, 0xC3, 0x19, 0xE3, 0x19,
    0xE3, 0x19, 0xC3, 0x19, 0xA2, 0x11, 0x82, 0x11, 0xA3, 0x11, 0xC3, 0x19, 0xA3, 0x19, 0xA2, 0x19,
    0xC3, 0x19, 0x04, 0x22, 0x24, 0x22, 0x24, 0x22, 0x04, 0x22, 0x24, 0x22, 0x45, 0x2A, 0x45, 0x2A,
    0x24, 0x22, 0x24, 0x22, 0x03, 0x22, 0x03, 0x22, 0x44, 0x22, 0x24, 0x22, 0x04, 0x22, 0xE3, 0x19,
    0xE3, 0x19, 0x04, 0x22, 0x44, 0x22, 0x24, 0x22, 0x24, 0x22, 0x24, 0x22, 0x44, 0x22, 0x44, 0x2A,
    0x44, 0x2A, 0x44, 0x2A, 0x24, 0x22, 0x24, 0x22, 0x24, 0x22, 0x24, 0x22, 0x24, 0x22, 0x44, 0x2A,
    0x45, 0x2A, 0x45, 0x2A, 0x24, 0x22, 0x24, 0x22, 0x24, 0x22, 0x45, 0x22, 0x65, 0x22, 0x45, 0x22,
    0xE4, 0x19, 0x07, 0x3A, 0x6B, 0x62, 0x6C, 0x72, 0x4B, 0x72, 0x6B, 0x72, 0x6B, 0x7A, 0x8B, 0x82,
    0xAB, 0x8A, 0xAB, 0x8A, 0xCC, 0x92, 0xAB, 0x92, 0x0C, 0xA3, 0x2C, 0xA3, 0xEC, 0x9A, 0x0C, 0x9B,
    0x0C, 0x9B, 0x4C, 0x9B, 0x2E, 0xAC, 0x8F, 0xAC, 0xAF, 0xAC, 0xAF, 0xAC, 0xAF, 0xAC, 0xAF, 0xAC,
    0xCF, 0xB4, 0xAF, 0xB4, 0xAF, 0xB4, 0xF0, 0xB4, 0xEF, 0xB4, 0xF0, 0xBC, 0xEF, 0xB4, 0xEF, 0xBC,
    0x10, 0xBD, 0x0F, 0xBD, 0x0F, 0xBD, 0x10, 0xBD, 0x10, 0xBD, 0x10, 0xBD, 0x10, 0xBD, 0x0F, 0xBD,
    0x30, 0xBD, 0x50, 0xC5, 0x30, 0xC5, 0x30, 0xC5, 0x50, 0xC5, 0x10, 0xC5, 0x30, 0xC5, 0x51, 0xC5,
    0x71, 0xC5, 0x71, 0xC5, 0x51, 0xC5, 0x71, 0xC5, 0x71, 0xC5, 0x71, 0xC5, 0x71, 0xC5, 0x71, 0xC5,
    0x51, 0xC5, 0x50, 0xC5, 0x50, 0xC5, 0x51, 0xC5, 0x71, 0xCD, 0xD0, 0xC4, 0x0E, 0xBC, 0xEE, 0xBB,
    0xEE, 0xC3, 0xEE, 0xBB, 0x0E, 0xC4, 0x0F, 0xC4, 0x0E, 0xC4, 0x0E, 0xC4, 0xEE, 0xC3, 0xEE, 0xC3,
    0xCD, 0xBB, 0xEE, 0xC3, 0xEE, 0xBB, 0xCE, 0xBB, 0xCE, 0xBB, 0xAD, 0xBB, 0xCE, 0xBB, 0xCE, 0xBB,
    0xAD, 0x9B, 0xC5, 0x29, 0xA4, 0x09, 0xA4, 0x21, 0xC5, 0x49, 0xE5, 0x59, 0xC5, 0x51, 0x84, 0x51,
    0xA4, 0x51, 0xE5, 0x61, 0xE5, 0x61, 0xE5, 0x61, 0x66, 0x7A, 0xC7, 0x82, 0x67, 0x7A, 0x46, 0x5A,
    0xA2, 0x21, 0xC3, 0x21, 0x82, 0x21, 0x41, 0x19, 0x21, 0x19, 0x00, 0x19, 0xC0, 0x10, 0x01, 0x11,
    0xE4, 0x21, 0xE3, 0x21, 0xA3, 0x21, 0x62, 0x19, 0x21, 0x19, 0xC0, 0x10, 0x42, 0x19, 0xC3, 0x21,
    0x82, 0x21, 0x61, 0x19, 0x20, 0x19, 0xA0, 0x10, 0xE5, 0x49, 0xAB, 0x93, 0xE9, 0x8A, 0x4A, 0x9B,
    0x8B, 0xA3, 0x6A, 0x9B, 0x8B, 0x9B, 0x26, 0x5A, 0x40, 0x10, 0x60, 0x10, 0x40, 0x08, 0x21, 0x11,
    0x04, 0x22, 0xA6, 0x3A, 0xE6, 0x3A, 0xC5, 0x32, 0xA5, 0x3A, 0x84, 0x32, 0x44, 0x2A, 0x24, 0x2A,
    0xE3, 0x21, 0xC3, 0x19, 0x82, 0x11, 0xA2, 0x19, 0xC2, 0x19, 0xE3, 0x21, 0xE3, 0x21, 0xC2, 0x21,
    0xC3, 0x21, 0xC3, 0x21, 0x82, 0x19, 0x40, 0x11, 0x61, 0x11, 0x03, 0x2A, 0x04, 0x2A, 0x44, 0x32,
    0x64, 0x3A, 0x65, 0x3A, 0x65, 0x32, 0x04, 0x2A, 0xE3, 0x29, 0x04, 0x2A, 0x04, 0x2A, 0x45, 0x32,
    0x44, 0x2A, 0x25, 0x2A, 0x24, 0x2A, 0xE4, 0x52, 0x27, 0x7C, 0x85, 0x6B, 0x62, 0x3A, 0x43, 0x2A,
    0x43, 0x2A, 0x03, 0x2A, 0x03, 0x22, 0x03, 0x22, 0x04, 0x22, 0x25, 0x2A, 0x45, 0x2A, 0x45, 0x2A,
    0x24, 0x22, 0x24, 0x22, 0x04, 0x22, 0x04, 0x22, 0x04, 0x22, 0xE4, 0x21, 0x04, 0x22, 0x04, 0x22,
    0xE4, 0x21, 0xC3, 0x19, 0xA3, 0x19, 0xA3, 0x19, 0xC4, 0x19, 0xA4, 0x19, 0xA4, 0x11, 0xA4, 0x11,
    0xC4, 0x19, 0xA3, 0x11, 0xA3, 0x11, 0xA3, 0x19, 0xE4, 0x19, 0xE4, 0x19, 0xE4, 0x19, 0xC3, 0x19,
    0x42, 0x11, 0x62, 0x11, 0x63, 0x11, 0x62, 0x11, 0x62, 0x11, 0x62, 0x11, 0x83, 0x11, 0x62, 0x11,
    0x82, 0x19, 0x82, 0x11, 0x81, 0x11, 0x82, 0x19, 0x42, 0x11, 0x42, 0x11, 0x23, 0x09, 0x23, 0x09,
    0x65, 0x11, 0xE8, 0x29, 0xCD, 0x42, 0x2F, 0x53, 0x4F, 0x53, 0x70, 0x53, 0x90, 0x5B, 0x2E, 0x53,
    0x49, 0x32, 0xA5, 0x21, 0xA4, 0x19, 0xA3, 0x19, 0xA3, 0x19, 0x83, 0x19, 0x83, 0x11, 0x83, 0x19,
    0x83, 0x19, 0x83, 0x19, 0xA4, 0x19, 0x85, 0x19, 0x6A, 0x4A, 0x2F, 0x73, 0x2F, 0x7B, 0x50, 0x83,
    0x71, 0x8B, 0xB1, 0x8B, 0xF1, 0x8B, 0xF0, 0x83, 0x4D, 0x6B, 0x48, 0x3A, 0xE4, 0x21, 0xC3, 0x19,
    0xA3, 0x19, 0xA3, 0x11, 0xA3, 0x11, 0xA3, 0x11, 0x82, 0x11, 0xA2, 0x11, 0xA2, 0x11, 0xA3, 0x19,
    0xA2, 0x11, 0x82, 0x11, 0x62, 0x11, 0x62, 0x11, 0x83, 0x11, 0x82, 0x11, 0xC3, 0x19, 0xC3, 0x19,
    0xC3, 0x19, 0xA3, 0x19, 0xC3, 0x19, 0xC3, 0x19, 0xC3, 0x19, 0x82, 0x11, 0x82, 0x11, 0xC3, 0x19,
    0xE3, 0x21, 0xE3, 0x19, 0xC3, 0x19, 0xC3, 0x19, 0xE3, 0x21, 0xE3, 0x21, 0xE3, 0x19, 0xC3, 0x19,
    0xA2, 0x19, 0xC3, 0x19, 0xE3, 0x19, 0xE3, 0x19, 0xE3, 0x19, 0xE3, 0x19, 0x04, 0x22, 0xE3, 0x21,
    0xE3, 0x21, 0x24, 0x22, 0x04, 0x22, 0xE3, 0x19, 0xE3, 0x19, 0x04, 0x22, 0x04, 0x22, 0xE3, 0x19,
    0xC3, 0x19, 0x04, 0x22, 0x24, 0x22, 0xE3, 0x19, 0xE3, 0x19, 0x03, 0x22, 0x24, 0x22, 0x24, 0x2A,
    0x04, 0x22, 0xE3, 0x21, 0x04, 0x22, 0x44, 0x22, 0x44, 0x22, 0x24, 0x22, 0x24, 0x22, 0x24, 0x22,
    0x45, 0x2A, 0x25, 0x2A, 0x04, 0x22, 0xE4, 0x21, 0x04, 0x22, 0x04, 0x22, 0x24, 0x22, 0x24, 0x22,
    0xE4, 0x21, 0x49, 0x4A, 0xAC, 0x6A, 0x6B, 0x6A, 0x6B, 0x72, 0x8B, 0x7A, 0x8B, 0x7A, 0x8B, 0x82,
    0xCC, 0x8A, 0xCB, 0x8A, 0xAB, 0x92, 0xAB, 0x92, 0xCB, 0x9A, 0x0C, 0x9B, 0x2C, 0xA3, 0x0C, 0x9B,
    0x4C, 0x9B, 0xED, 0xAB, 0x6E, 0xAC, 0xAF, 0xAC, 0xAF, 0xAC, 0xAE, 0xAC, 0xAE, 0xAC, 0xCF, 0xB4,
    0xCF, 0xB4, 0xCF, 0xB4, 0xCF, 0xB4, 0xCF, 0xB4, 0xCF, 0xB4, 0xF0, 0xB4, 0xEF, 0xBC, 0xF0, 0xBC,
    0xF0, 0xBC, 0x10, 0xBD, 0x0F, 0xBD, 0xF0, 0xBC, 0x10, 0xBD, 0x10, 0xBD, 0x0F, 0xBD, 0x0F, 0xBD,
    0x30, 0xBD, 0x30, 0xBD, 0x30, 0xC5, 0x30, 0xC5, 0x30, 0xBD, 0x30, 0xBD, 0x51, 0xC5, 0x30, 0xC5,
    0x50, 0xC5, 0x30, 0xC5, 0x51, 0xC5, 0x30, 0xC5, 0x51, 0xC5, 0x51, 0xC5, 0x51, 0xC5, 0x51, 0xC5,
    0x50, 0xC5, 0x51, 0xC5, 0x30, 0xBD, 0x50, 0xC5, 0x30, 0xC5, 0x10, 0xCD, 0x8F, 0xC4, 0xED, 0xBB,
    0xCD, 0xBB, 0xAD, 0xBB, 0xEE, 0xC3, 0xEE, 0xBB, 0xCE, 0xBB, 0xEE, 0xBB, 0xCE, 0xBB, 0xCD, 0xBB,
    0xCE, 0xBB, 0xCE, 0xBB, 0xEE, 0xC3, 0xCE, 0xBB, 0xEE, 0xBB, 0xCE, 0xBB, 0xCE, 0xB3, 0xEE, 0xBB,
    0x0F, 0xB4, 0x06, 0x42, 0x02, 0x09, 0x84, 0x29, 0xA5, 0x51, 0xE5, 0x59, 0xC5, 0x51, 0x84, 0x51,
    0xA4, 0x51, 0xE5, 0x59, 0xE5, 0x59, 0xE5, 0x61, 0x25, 0x72, 0x67, 0x7A, 0x46, 0x7A, 0x45, 0x62,
    0x81, 0x19, 0x82, 0x19, 0x42, 0x19, 0x01, 0x11, 0xE1, 0x10, 0xC1, 0x10, 0x80, 0x08, 0xE1, 0x10,
    0xA3, 0x21, 0xA3, 0x19, 0x62, 0x19, 0x41, 0x19, 0xE0, 0x10, 0xA0, 0x08, 0x42, 0x19, 0xA3, 0x21,
    0x62, 0x19, 0x21, 0x19, 0x60, 0x08, 0x64, 0x39, 0x09, 0x7B, 0xA8, 0x82, 0x46, 0x7A, 0xC7, 0x8A,
    0x8A, 0xA3, 0x49, 0x9B, 0x49, 0x93, 0xE9, 0x7A, 0x81, 0x18, 0x60, 0x08, 0x21, 0x19, 0x65, 0x3A,
    0x07, 0x43, 0xA5, 0x3A, 0x64, 0x2A, 0x44, 0x2A, 0x24, 0x2A, 0x03, 0x22, 0x03, 0x22, 0xE3, 0x21,
    0xC3, 0x21, 0x83, 0x19, 0x62, 0x11, 0x61, 0x11, 0x61, 0x11, 0x61, 0x11, 0x82, 0x11, 0xA2, 0x19,
    0x62, 0x11, 0x82, 0x11, 0x82, 0x19, 0x82, 0x19, 0xC2, 0x19, 0x23, 0x2A, 0x04, 0x2A, 0x23, 0x2A,
    0x44, 0x2A, 0x23, 0x2A, 0x04, 0x2A, 0xE3, 0x21, 0xE3, 0x21, 0x04, 0x22, 0x04, 0x2A, 0x24, 0x2A,
    0x24, 0x22, 0x04, 0x22, 0xE3, 0x21, 0xE4, 0x4A, 0x84, 0x6B, 0xA1, 0x4A, 0x21, 0x32, 0x02, 0x2A,
    0x23, 0x2A, 0x44, 0x32, 0x64, 0x32, 0x24, 0x2A, 0xE4, 0x21, 0xE4, 0x21, 0x24, 0x22, 0x04, 0x22,
    0xE4, 0x21, 0x04, 0x22, 0xE4, 0x21, 0xE3, 0x19, 0xE3, 0x19, 0xE3, 0x19, 0xE3, 0x19, 0xE4, 0x19,
    0xC4, 0x19, 0xC4, 0x19, 0xE4, 0x21, 0xC4, 0x19, 0xA4, 0x19, 0xA4, 0x19, 0xC4, 0x19, 0xC4, 0x19,
    0xA4, 0x19, 0x83, 0x11, 0x63, 0x11, 0x83, 0x11, 0xC4, 0x19, 0xE4, 0x19, 0xC4, 0x19, 0xC3, 0x19,
    0x43, 0x11, 0x63, 0x11, 0x63, 0x11, 0x63, 0x11, 0x62, 0x11, 0x42, 0x11, 0x42, 0x09, 0x62, 0x11,
    0x83, 0x19, 0xA3, 0x19, 0x82, 0x19, 0x62, 0x11, 0x62, 0x11, 0x62, 0x11, 0x23, 0x09, 0xE8, 0x21,
    0xEE, 0x42, 0xF0, 0x4A, 0xF0, 0x4A, 0xF0, 0x4A, 0xF0, 0x42, 0x10, 0x4B, 0x71, 0x5B, 0xB2, 0x63,
    0xF2, 0x6B, 0xB0, 0x63, 0x48, 0x32, 0x83, 0x19, 0xA3, 0x19, 0xC3, 0x19, 0xC3, 0x19, 0xA4, 0x19,
    0xA3, 0x19, 0x83, 0x19, 0x85, 0x21, 0x4B, 0x4A, 0xAE, 0x62, 0xAF, 0x72, 0x8E, 0x72, 0xAE, 0x7A,
    0xEF, 0x82, 0x10, 0x83, 0x50, 0x8B, 0x91, 0x8B, 0xD2, 0x93, 0xF1, 0x8B, 0x89, 0x4A, 0xC4, 0x19,
    0xC3, 0x19, 0xA3, 0x11, 0x83, 0x11, 0xA3, 0x19, 0xC3, 0x19, 0xC3, 0x19, 0xA2, 0x11, 0xA2, 0x19,
    0x62, 0x19, 0x41, 0x11, 0x42, 0x19, 0x62, 0x19, 0x62, 0x11, 0x62, 0x11, 0xA2, 0x11, 0xC3, 0x19,
    0xC3, 0x19, 0xC3, 0x19, 0xC3, 0x19, 0xE3, 0x19, 0xE3, 0x19, 0xE3, 0x19, 0xC3, 0x19, 0xC3, 0x19,
    0xC3, 0x19, 0xC3, 0x19, 0xC3, 0x19, 0xC3, 0x19, 0xE3, 0x19, 0x03, 0x22, 0x03, 0x1A, 0xE3, 0x19,
    0x04, 0x22, 0x04, 0x22, 0x04, 0x22, 0xE3, 0x21, 0xE4, 0x21, 0x04, 0x22, 0xE4, 0x21, 0xA3, 0x19,
    0xA3, 0x19, 0xC3, 0x19, 0xE4, 0x19, 0xC3, 0x19, 0xA3, 0x19, 0xA3, 0x19, 0xC4, 0x19, 0xC3, 0x19,
    0xC4, 0x19, 0xC3, 0x11, 0xC3, 0x11, 0xA3, 0x11, 0xA3, 0x11, 0xE3, 0x19, 0xE4, 0x19, 0xE4, 0x21,
    0xE3, 0x19, 0xC3, 0x19, 0xC3, 0x19, 0x04, 0x22, 0x04, 0x22, 0x04, 0x1A, 0xE3, 0x19, 0xC3, 0x19,
    0xE3, 0x19, 0x04, 0x22, 0x24, 0x2A, 0x24, 0x2A, 0x04, 0x22, 0xE3, 0x21, 0xE3, 0x19, 0xC3, 0x19,
    0xC4, 0x21, 0x8A, 0x5A, 0x8C, 0x6A, 0xAC, 0x72, 0x8C, 0x72, 0x8B, 0x7A, 0xCC, 0x82, 0x8B, 0x82,
    0x8B, 0x82, 0xCB, 0x8A, 0x8B, 0x8A, 0xCC, 0x92, 0xEC, 0x9A, 0xEC, 0x9A, 0x0C, 0x9B, 0x0B, 0x9B,
    0xAD, 0x9B, 0x6E, 0xAC, 0x8E, 0xAC, 0x8E, 0xA4, 0x8E, 0xAC, 0x8E, 0xAC, 0xAE, 0xAC, 0xAE, 0xAC,
    0xAE, 0xAC, 0xAF, 0xB4, 0xCF, 0xB4, 0xCF, 0xB4, 0xCF, 0xB4, 0xEF, 0xB4, 0xF0, 0xBC, 0xEF, 0xBC,
    0xEF, 0xBC, 0xEF, 0xBC, 0xEF, 0xBC, 0x10, 0xBD, 0x10, 0xBD, 0x10, 0xBD, 0x10, 0xBD, 0x0F, 0xBD,
    0x30, 0xBD, 0x30, 0xBD, 0x30, 0xBD, 0x30, 0xC5, 0x30, 0xC5, 0x30, 0xC5, 0x30, 0xC5, 0x30, 0xC5,
    0x30, 0xC5, 0x30, 0xC5, 0x30, 0xC5, 0x51, 0xC5, 0x30, 0xBD, 0x30, 0xBD, 0x30, 0xC5, 0x50, 0xC5,
    0x50, 0xC5, 0x51, 0xC5, 0x30, 0xC5, 0x50, 0xC5, 0x50, 0xC5, 0x30, 0xC5, 0xF0, 0xCC, 0x2E, 0xC4,
    0xEE, 0xBB, 0xEE, 0xC3, 0xCE, 0xBB, 0xCE, 0xBB, 0xEE, 0xBB, 0xEE, 0xC3, 0xCE, 0xBB, 0xEE, 0xC3,
    0xEE, 0xC3, 0x0E, 0xC4, 0xEE, 0xC3, 0xCE, 0xBB, 0xCE, 0xBB, 0xCE, 0xBB, 0xEE, 0xBB, 0xCE, 0xB3,
    0xEE, 0xAB, 0x8D, 0x8B, 0xEA, 0x6A, 0x48, 0x5A, 0xA4, 0x49, 0xE5, 0x59, 0xC5, 0x51, 0x84, 0x49,
    0xA4, 0x51, 0xE5, 0x59, 0xE5, 0x61, 0xC5, 0x61, 0x05, 0x72, 0x66, 0x7A, 0x66, 0x7A, 0x45, 0x62,
    0x20, 0x11, 0x62, 0x11, 0x42, 0x11, 0xE2, 0x10, 0xC1, 0x10, 0xA1, 0x10, 0x80, 0x08, 0xC1, 0x08,
    0x62, 0x19, 0x62, 0x11, 0x22, 0x11, 0x01, 0x11, 0xA0, 0x08, 0x80, 0x08, 0x42, 0x19, 0x83, 0x19,
    0x41, 0x11, 0x80, 0x08, 0x84, 0x41, 0xE9, 0x7A, 0x46, 0x72, 0x87, 0x82, 0x25, 0x72, 0x87, 0x82,
    0x49, 0x9B, 0x49, 0x9B, 0x49, 0x9B, 0x29, 0x8B, 0x06, 0x52, 0x62, 0x29, 0x44, 0x3A, 0x85, 0x3A,
    0x84, 0x32, 0x23, 0x2A, 0x02, 0x22, 0x23, 0x2A, 0x24, 0x2A, 0xC3, 0x21, 0xC2, 0x21, 0xC2, 0x19,
    0x82, 0x19, 0x62, 0x11, 0x82, 0x19, 0xC2, 0x21, 0xA2, 0x19, 0xA3, 0x19, 0xC3, 0x21, 0xC2, 0x21,
    0xA2, 0x19, 0xC3, 0x21, 0xC3, 0x21, 0x03, 0x2A, 0x44, 0x32, 0x44, 0x2A, 0x44, 0x32, 0x44, 0x32,
    0x44, 0x2A, 0x24, 0x2A, 0x24, 0x2A, 0x24, 0x2A, 0x04, 0x2A, 0xE3, 0x21, 0xC3, 0x19, 0xA2, 0x19,
    0x82, 0x19, 0xA2, 0x19, 0xC2, 0x19, 0xE2, 0x29, 0xA1, 0x29, 0x40, 0x19, 0xA2, 0x21, 0x03, 0x22,
    0x24, 0x2A, 0x64, 0x32, 0x45, 0x32, 0xE4, 0x21, 0xE4, 0x21, 0xE4, 0x21, 0xE4, 0x21, 0xC3, 0x19,
    0xC3, 0x19, 0xC3, 0x19, 0xE3, 0x21, 0x04, 0x22, 0x04, 0x22, 0xE4, 0x21, 0xE3, 0x19, 0xE4, 0x19,
    0xC4, 0x19, 0xC4, 0x19, 0xC4, 0x19, 0xA3, 0x19, 0xA3, 0x19, 0xA4, 0x19, 0x83, 0x11, 0x83, 0x11,
    0x83, 0x11, 0xA4, 0x19, 0x83, 0x11, 0x63, 0x11, 0x83, 0x11, 0x83, 0x11, 0xA3, 0x19, 0xC4, 0x19,
    0x43, 0x11, 0x22, 0x09, 0x42, 0x11, 0x63, 0x11, 0x83, 0x19, 0x83, 0x11, 0x42, 0x11, 0x62, 0x11,
    0x62, 0x11, 0x82, 0x11, 0x82, 0x19, 0x82, 0x19, 0xA2, 0x19, 0x63, 0x11, 0xA7, 0x19, 0x6C, 0x3A,
    0xAF, 0x42, 0x8F, 0x3A, 0xAF, 0x42, 0xCF, 0x4A, 0xEF, 0x4A, 0xEF, 0x4A, 0x30, 0x53, 0x50, 0x53,
    0x71, 0x5B, 0xF3, 0x6B, 0xD1, 0x6B, 0x27, 0x2A, 0x63, 0x11, 0xA3, 0x19, 0xC3, 0x19, 0xC4, 0x19,
    0xC4, 0x19, 0xA5, 0x21, 0x2A, 0x42, 0x6D, 0x5A, 0xAE, 0x6A, 0x6E, 0x6A, 0x6D, 0x72, 0x8D, 0x72,
    0xCE, 0x7A, 0x0F, 0x83, 0x2F, 0x8B, 0x2F, 0x83, 0x0F, 0x83, 0x91, 0x93, 0xD0, 0x83, 0x06, 0x32,
    0xC4, 0x19, 0xC3, 0x11, 0xA3, 0x19, 0xA3, 0x11, 0xC3, 0x19, 0xC3, 0x19, 0xE3, 0x19, 0xA3, 0x21,
    0xA3, 0x29, 0x05, 0x4A, 0x46, 0x5A, 0xA8, 0x6A, 0xE4, 0x39, 0x82, 0x19, 0xA3, 0x19, 0xA3, 0x19,
    0xA2, 0x19, 0xA3, 0x19, 0xA3, 0x19, 0xC3, 0x19, 0xC3, 0x19, 0xE3, 0x19, 0xE3, 0x21, 0xE3, 0x21,
    0xE3, 0x19, 0xC3, 0x19, 0xC3, 0x19, 0xA2, 0x19, 0xA2, 0x19, 0xC2, 0x19, 0xE3, 0x19, 0x03, 0x1A,
    0x04, 0x22, 0xE3, 0x21, 0xC3, 0x19, 0xC3, 0x19, 0xC3, 0x21, 0xE4, 0x21, 0xC3, 0x21, 0x83, 0x11,
    0x83, 0x11, 0xA4, 0x11, 0xA4, 0x19, 0xA4, 0x19, 0x83, 0x11, 0x63, 0x11, 0x63, 0x11, 0x63, 0x11,
    0x83, 0x11, 0x83, 0x11, 0xA4, 0x11, 0xA4, 0x11, 0x83, 0x11, 0xA3, 0x11, 0xA3, 0x19, 0xA3, 0x19,
    0xA3, 0x19, 0xA3, 0x19, 0x83, 0x11, 0x83, 0x11, 0xA3, 0x11, 0xC3, 0x19, 0xC3, 0x19, 0xA3, 0x19,
    0xA3, 0x19, 0xC3, 0x19, 0xE4, 0x21, 0x04, 0x22, 0xC3, 0x21, 0xC3, 0x19, 0xC3, 0x19, 0x82, 0x11,
    0xE6, 0x31, 0xCC, 0x62, 0x8C, 0x6A, 0x8C, 0x72, 0x8B, 0x72, 0x8B, 0x7A, 0x8B, 0x82, 0xCC, 0x8A,
    0x8B, 0x8A, 0xCC, 0x92, 0xEC, 0x92, 0xEC, 0x92, 0x0C, 0x9B, 0x0C, 0x9B, 0xEB, 0x92, 0x2B, 0x93,
    0x0D, 0xA4, 0x6E, 0xA4, 0xAE, 0xA4, 0x6E, 0xA4, 0x6E, 0xA4, 0x8E, 0xAC, 0xAE, 0xAC, 0xAF, 0xB4,
    0xCF, 0xB4, 0xAE, 0xAC, 0xAF, 0xB4, 0xCF, 0xB4, 0xCF, 0xB4, 0xCF, 0xB4, 0xCF, 0xB4, 0xEF, 0xB4,
    0xEF, 0xBC, 0xEF, 0xBC, 0xEF, 0xB4, 0xEF, 0xBC, 0x10, 0xBD, 0xEF, 0xB4, 0xEF, 0xBC, 0x10, 0xBD,
    0x0F, 0xBD, 0x0F, 0xBD, 0x30, 0xBD, 0x30, 0xC5, 0x30, 0xBD, 0x10, 0xBD, 0x30, 0xC5, 0x30, 0xC5,
    0x30, 0xBD, 0x30, 0xC5, 0x51, 0xC5, 0x51, 0xC5, 0x10, 0xBD, 0x30, 0xC5, 0x50, 0xC5, 0x30, 0xBD,
    0x30, 0xC5, 0x30, 0xC5, 0x51, 0xC5, 0x30, 0xC5, 0x50, 0xC5, 0x30, 0xC5, 0x30, 0xCD, 0xAF, 0xC4,
    0x0E, 0xBC, 0xEE, 0xBB, 0xCE, 0xBB, 0xEE, 0xC3, 0xEE, 0xC3, 0xEE, 0xC3, 0xCE, 0xBB, 0xEE, 0xC3,
    0xEE, 0xC3, 0xEE, 0xC3, 0xCE, 0xBB, 0xCD, 0xBB, 0xCE, 0xBB, 0xAD, 0xB3, 0xEE, 0xBB, 0xCE, 0xB3,
    0xEE, 0xB3, 0xAD, 0xA3, 0xCA, 0x7A, 0x48, 0x62, 0x84, 0x49, 0xE5, 0x59, 0xC5, 0x51, 0x84, 0x49,
    0xA4, 0x51, 0xE5, 0x59, 0x05, 0x62, 0xE5, 0x61, 0x25, 0x72, 0x66, 0x7A, 0x87, 0x82, 0x46, 0x6A,
    0xE1, 0x18, 0xE1, 0x10, 0xE2, 0x08, 0x81, 0x00, 0x81, 0x00, 0xA1, 0x08, 0x81, 0x00, 0xC1, 0x08,
    0x43, 0x11, 0x42, 0x11, 0x02, 0x09, 0xE1, 0x08, 0xA0, 0x08, 0x80, 0x00, 0x22, 0x11, 0x42, 0x11,
    0xC1, 0x00, 0xE1, 0x18, 0xE9, 0x7A, 0x46, 0x72, 0x05, 0x72, 0x87, 0x82, 0x26, 0x72, 0x66, 0x7A,
    0xE7, 0x8A, 0x69, 0xA3, 0x8A, 0xA3, 0x08, 0x8B, 0xE8, 0x72, 0xC3, 0x39, 0xE3, 0x29, 0xE3, 0x21,
    0xC2, 0x21, 0xC2, 0x19, 0xC2, 0x19, 0xA2, 0x19, 0x82, 0x19, 0x82, 0x19, 0x82, 0x19, 0xA2, 0x19,
    0x82, 0x19, 0x82, 0x11, 0xC2, 0x19, 0xE3, 0x21, 0xE3, 0x21, 0xC3, 0x21, 0xE3, 0x21, 0xE3, 0x21,
    0xC3, 0x21, 0xC3, 0x21, 0xC2, 0x19, 0x03, 0x22, 0x24, 0x2A, 0x23, 0x2A, 0x44, 0x32, 0x24, 0x2A,
    0x03, 0x2A, 0x03, 0x2A, 0x04, 0x2A, 0xE3, 0x21, 0xE3, 0x21, 0xC3, 0x19, 0xA3, 0x19, 0x83, 0x19,
    0xA3, 0x19, 0xC3, 0x21, 0xE3, 0x21, 0x83, 0x19, 0x63, 0x19, 0x84, 0x21, 0xC4, 0x21, 0xE3, 0x19,
    0xC3, 0x19, 0xE3, 0x19, 0xC3, 0x19, 0xC3, 0x19, 0xC4, 0x19, 0xC4, 0x19, 0xC4, 0x21, 0xC3, 0x19,
    0xA3, 0x19, 0xC3, 0x19, 0xC3, 0x19, 0xE3, 0x19, 0xE4, 0x19, 0xC3, 0x19, 0xC3, 0x19, 0xC3, 0x19,
    0xC4, 0x19, 0x83, 0x11, 0x63, 0x11, 0x63, 0x11, 0x63, 0x11, 0x63, 0x11, 0x83, 0x11, 0x63, 0x11,
    0x43, 0x09, 0x63, 0x11, 0x84, 0x11, 0x83, 0x11, 0x63, 0x11, 0x63, 0x11, 0x83, 0x11, 0xA4, 0x19,
    0x63, 0x11, 0x63, 0x11, 0x42, 0x11, 0x62, 0x11, 0x62, 0x11, 0x22, 0x09, 0x42, 0x11, 0x62, 0x11,
    0x62, 0x11, 0x62, 0x11, 0x82, 0x11, 0xA2, 0x19, 0xA3, 0x19, 0xA5, 0x19, 0x4B, 0x32, 0x4D, 0x32,
    0x2D, 0x32, 0x4E, 0x3A, 0x8E, 0x42, 0x8E, 0x42, 0xCF, 0x4A, 0xEF, 0x4A, 0xEF, 0x52, 0x30, 0x53,
    0x30, 0x53, 0x51, 0x5B, 0xD2, 0x6B, 0x6F, 0x5B, 0x85, 0x19, 0x62, 0x11, 0xA3, 0x19, 0xC3, 0x19,
    0xA4, 0x19, 0xE8, 0x31, 0x2C, 0x52, 0x2C, 0x52, 0x8D, 0x6A, 0x6D, 0x6A, 0x8D, 0x72, 0x8D, 0x72,
    0xCD, 0x7A, 0xED, 0x7A, 0xEE, 0x82, 0x0E, 0x83, 0x0E, 0x83, 0x2F, 0x8B, 0xB0, 0x93, 0xEC, 0x62,
    0xA4, 0x19, 0xC3, 0x19, 0xA3, 0x11, 0x62, 0x11, 0x82, 0x11, 0xA2, 0x11, 0xC3, 0x19, 0xC4, 0x29,
    0xA4, 0x41, 0xC5, 0x59, 0x26, 0x6A, 0x67, 0x72, 0xE9, 0x72, 0xC3, 0x29, 0x82, 0x19, 0xA3, 0x19,
    0xC3, 0x19, 0xA3, 0x19, 0xC3, 0x19, 0xC3, 0x19, 0xA2, 0x19, 0xA2, 0x11, 0xA3, 0x19, 0xC3, 0x19,
    0xE3, 0x21, 0xE3, 0x19, 0xC3, 0x19, 0xA2, 0x19, 0xA2, 0x11, 0xA2, 0x11, 0xC3, 0x19, 0xE3, 0x21,
    0xE4, 0x21, 0xC3, 0x19, 0x82, 0x11, 0x82, 0x11, 0xA3, 0x19, 0xC3, 0x19, 0xC3, 0x19, 0x83, 0x11,
    0x22, 0x09, 0x43, 0x11, 0x84, 0x11, 0x84, 0x11, 0x64, 0x11, 0x64, 0x11, 0x84, 0x11, 0x63, 0x09,
    0x63, 0x09, 0x84, 0x11, 0x63, 0x11, 0x63, 0x11, 0x63, 0x11, 0x63, 0x11, 0x83, 0x11, 0x84, 0x19,
    0x84, 0x11, 0x63, 0x11, 0x63, 0x11, 0x83, 0x11, 0x83, 0x11, 0xA4, 0x11, 0xA4, 0x19, 0xA4, 0x19,
    0xA3, 0x19, 0xA3, 0x19, 0xC3, 0x19, 0xC4, 0x19, 0xC4, 0x19, 0xC3, 0x19, 0xA3, 0x19, 0x62, 0x11,
    0x07, 0x3A, 0xAC, 0x6A, 0x6C, 0x6A, 0x8C, 0x72, 0x8B, 0x72, 0x8B, 0x7A, 0x8B, 0x7A, 0x8B, 0x82,
    0x8B, 0x8A, 0xCC, 0x92, 0xCC, 0x92, 0xAB, 0x92, 0xEB, 0x9A, 0xEB, 0x92, 0x0B, 0x93, 0xAC, 0x9B,
    0x2D, 0xA4, 0x4D, 0x9C, 0x8E, 0xA4, 0x8E, 0xA4, 0x8E, 0xAC, 0x8E, 0xAC, 0x8E, 0xAC, 0x8E, 0xAC,
    0xAF, 0xAC, 0xCF, 0xB4, 0xCF, 0xB4, 0xAF, 0xAC, 0xCF, 0xB4, 0xCF, 0xB4, 0xCF, 0xB4, 0xEF, 0xBC,
    0xCF, 0xB4, 0xCF, 0xB4, 0xCF, 0xB4, 0xF0, 0xBC, 0x10, 0xBD, 0xEF, 0xBC, 0x0F, 0xBD, 0x0F, 0xBD,
    0x0F, 0xBD, 0x30, 0xBD, 0x10, 0xBD, 0x0F, 0xBD, 0x10, 0xBD, 0x10, 0xBD, 0x30, 0xC5, 0x30, 0xC5,
    0x30, 0xC5, 0x51, 0xC5, 0x30, 0xC5, 0x10, 0xC5, 0x30, 0xC5, 0x30, 0xC5, 0x30, 0xC5, 0x30, 0xC5,
    0x50, 0xC5, 0x51, 0xC5, 0x30, 0xC5, 0x30, 0xBD, 0x30, 0xBD, 0x30, 0xBD, 0x50, 0xC5, 0x10, 0xC5,
    0x2E, 0xBC, 0xCD, 0xBB, 0xEE, 0xBB, 0xCE, 0xBB, 0xCE, 0xBB, 0xCE, 0xBB, 0xEE, 0xC3, 0xEE, 0xC3,
    0xCE, 0xBB, 0xCE, 0xBB, 0xEE, 0xC3, 0xCE, 0xBB, 0xCE, 0xBB, 0xCE, 0xBB, 0xCE, 0xBB, 0xEE, 0xBB,
    0x0F, 0xB4, 0xAE, 0xA3, 0xA6, 0x51, 0x03, 0x39, 0x84, 0x49, 0xC5, 0x51, 0xC5, 0x51, 0xA4, 0x49,
    0xA4, 0x51, 0xE5, 0x59, 0x05, 0x62, 0xE5, 0x61, 0x25, 0x72, 0x66, 0x7A, 0x87, 0x82, 0x4A, 0x93,
    0xAC, 0x8B, 0x4B, 0x7B, 0xEA, 0x62, 0x47, 0x4A, 0xA5, 0x31, 0x23, 0x21, 0xC1, 0x10, 0x80, 0x00,
    0x80, 0x00, 0x60, 0x00, 0x80, 0x00, 0x80, 0x00, 0x80, 0x00, 0x80, 0x00, 0xC1, 0x08, 0xC1, 0x08,
    0x40, 0x00, 0x02, 0x21, 0x87, 0x72, 0x26, 0x72, 0x06, 0x6A, 0x87, 0x7A, 0x05, 0x6A, 0x66, 0x7A,
    0x67, 0x7A, 0x29, 0x93, 0x49, 0x9B, 0x87, 0x82, 0xC8, 0x7A, 0x04, 0x4A, 0x81, 0x19, 0xA2, 0x19,
    0x82, 0x19, 0xA2, 0x19, 0xA2, 0x19, 0x82, 0x19, 0x62, 0x19, 0x62, 0x19, 0x82, 0x19, 0x82, 0x19,
    0xA2, 0x19, 0xA3, 0x19, 0xA3, 0x19, 0xA2, 0x19, 0x61, 0x11, 0x21, 0x09, 0x41, 0x11, 0x61, 0x19,
    0x62, 0x11, 0xA2, 0x19, 0xE3, 0x21, 0xE3, 0x21, 0x03, 0x22, 0x23, 0x2A, 0x03, 0x2A, 0x03, 0x2A,
    0x03, 0x2A, 0x04, 0x2A, 0xE4, 0x21, 0xE3, 0x21, 0xE3, 0x21, 0xE3, 0x21, 0xE3, 0x21, 0xE4, 0x21,
    0xE4, 0x21, 0xC3, 0x21, 0xC3, 0x21, 0x83, 0x19, 0x48, 0x3A, 0xAA, 0x42, 0xE5, 0x21, 0xC3, 0x19,
    0xE3, 0x19, 0xE4, 0x19, 0xE4, 0x19, 0xE4, 0x21, 0xE3, 0x19, 0xC3, 0x19, 0xC3, 0x21, 0xA3, 0x19,
    0x62, 0x11, 0x62, 0x11, 0xA3, 0x19, 0xA3, 0x19, 0x62, 0x11, 0x82, 0x11, 0xA2, 0x11, 0xC3, 0x19,
    0xA3, 0x19, 0x63, 0x11, 0x43, 0x11, 0x63, 0x11, 0x63, 0x11, 0x63, 0x11, 0x63, 0x11, 0x43, 0x09,
    0x43, 0x09, 0x63, 0x11, 0x64, 0x11, 0x84, 0x11, 0xA4, 0x19, 0x84, 0x11, 0x83, 0x11, 0xA3, 0x11,
    0x63, 0x11, 0x63, 0x11, 0x83, 0x11, 0x62, 0x11, 0x82, 0x11, 0x62, 0x11, 0x62, 0x11, 0x62, 0x11,
    0x82, 0x11, 0x62, 0x11, 0x82, 0x11, 0x82, 0x19, 0x82, 0x11, 0xC7, 0x21, 0x0B, 0x2A, 0xEC, 0x29,
    0x2D, 0x32, 0x2C, 0x32, 0x8D, 0x42, 0x8D, 0x42, 0x8D, 0x42, 0xAE, 0x4A, 0xCE, 0x4A, 0x0F, 0x53,
    0x30, 0x53, 0x30, 0x53, 0x30, 0x53, 0x90, 0x5B, 0x29, 0x32, 0x22, 0x09, 0xA3, 0x19, 0xC3, 0x21,
    0xE6, 0x29, 0x0A, 0x3A, 0xCB, 0x49, 0xEB, 0x51, 0x4C, 0x62, 0x2C, 0x62, 0x4C, 0x6A, 0x6C, 0x72,
    0x6C, 0x72, 0x8C, 0x72, 0xAD, 0x7A, 0xCD, 0x82, 0xCD, 0x82, 0xED, 0x82, 0x2F, 0x8B, 0xAF, 0x8B,
    0x47, 0x3A, 0xA3, 0x11, 0xA3, 0x19, 0x62, 0x11, 0x62, 0x09, 0x62, 0x11, 0x62, 0x19, 0x63, 0x29,
    0x02, 0x39, 0x02, 0x41, 0x43, 0x51, 0xA4, 0x61, 0x26, 0x6A, 0x05, 0x42, 0xA3, 0x19, 0xC3, 0x21,
    0xE3, 0x19, 0xC3, 0x19, 0xC3, 0x19, 0xC3, 0x19, 0xA3, 0x19, 0x82, 0x11, 0x61, 0x11, 0x82, 0x11,
    0xA2, 0x19, 0xA3, 0x19, 0xA3, 0x19, 0xE3, 0x21, 0xC3, 0x19, 0xC3, 0x19, 0xC3, 0x19, 0xC3, 0x19,
    0xC3, 0x19, 0xA3, 0x19, 0x62, 0x11, 0x83, 0x11, 0xA3, 0x19, 0xC3, 0x19, 0xC3, 0x19, 0xA3, 0x19,
    0x63, 0x11, 0x22, 0x09, 0x42, 0x09, 0x43, 0x11, 0x63, 0x11, 0x64, 0x11, 0x63, 0x11, 0x43, 0x09,
    0x63, 0x11, 0x63, 0x11, 0x43, 0x09, 0x43, 0x09, 0x43, 0x09, 0x63, 0x11, 0x84, 0x11, 0x64, 0x11,
    0x64, 0x11, 0x84, 0x11, 0x64, 0x11, 0x63, 0x11, 0x63, 0x11, 0x83, 0x11, 0x83, 0x11, 0xA3, 0x11,
    0xA3, 0x11, 0xA3, 0x11, 0xA3, 0x11, 0xA3, 0x11, 0xC4, 0x19, 0xC4, 0x19, 0x83, 0x11, 0x43, 0x11,
    0x29, 0x4A, 0x6C, 0x62, 0x6C, 0x6A, 0x6B, 0x6A, 0x6B, 0x72, 0x8B, 0x7A, 0x8B, 0x7A, 0xAB, 0x82,
    0x8B, 0x82, 0xAB, 0x8A, 0xCB, 0x92, 0xAB, 0x8A, 0xEB, 0x9A, 0xCA, 0x92, 0x0B, 0x8B, 0xED, 0x9B,
    0x6E, 0xA4, 0x6E, 0x9C, 0x4D, 0x9C, 0x6E, 0xA4, 0x6E, 0xAC, 0x8E, 0xAC, 0x8E, 0xAC, 0x8E, 0xAC,
    0x8E, 0xAC, 0xCF, 0xB4, 0xAF, 0xB4, 0xAF, 0xAC, 0xF0, 0xB4, 0xCF, 0xB4, 0xCF, 0xB4, 0xEF, 0xB4,
    0xEF, 0xB4, 0xCF, 0xB4, 0xCF, 0xB4, 0xEF, 0xBC, 0xEF, 0xBC, 0xEF, 0xBC, 0x0F, 0xBD, 0xEF, 0xBC,
    0x0F, 0xBD, 0x30, 0xBD, 0x30, 0xBD, 0x0F, 0xBD, 0x0F, 0xBD, 0xEF, 0xBC, 0x10, 0xBD, 0x10, 0xBD,
    0x30, 0xBD, 0x30, 0xC5, 0x10, 0xBD, 0x30, 0xC5, 0x30, 0xC5, 0x10, 0xBD, 0x10, 0xBD, 0x30, 0xBD,
    0x30, 0xC5, 0x30, 0xBD, 0x30, 0xBD, 0x10, 0xBD, 0x30, 0xBD, 0x30, 0xBD, 0x2F, 0xBD, 0x30, 0xC5,
    0x8F, 0xBC, 0xCD, 0xB3, 0xCD, 0xBB, 0xCE, 0xBB, 0xAD, 0xBB, 0xAD, 0xBB, 0xEE, 0xC3, 0xAD, 0xBB,
    0xCD, 0xBB, 0xAD, 0xBB, 0xCE, 0xBB, 0xCE, 0xBB, 0xCE, 0xBB, 0xCE, 0xBB, 0xCE, 0xB3, 0xCE, 0xB3,
    0xCE, 0xB3, 0x0F, 0xAC, 0x28, 0x62, 0x03, 0x39, 0x85, 0x49, 0xC5, 0x51, 0xA5, 0x51, 0x84, 0x49,
    0xA4, 0x51, 0xE5, 0x59, 0x05, 0x62, 0xE5, 0x61, 0x25, 0x72, 0x46, 0x7A, 0x05, 0x6A, 0x46, 0x72,
    0xC8, 0x7A, 0x0A, 0x8B, 0x4B, 0x8B, 0xAC, 0x9B, 0xCD, 0x9B, 0xCD, 0x93, 0x8D, 0x8B, 0x2B, 0x73,
    0x68, 0x5A, 0xA5, 0x39, 0x24, 0x29, 0xA1, 0x10, 0x60, 0x08, 0x20, 0x00, 0x20, 0x00, 0x20, 0x00,
    0x20, 0x00, 0xE2, 0x20, 0x46, 0x6A, 0x46, 0x72, 0x06, 0x6A, 0x67, 0x72, 0xE5, 0x69, 0x46, 0x7A,
    0x46, 0x72, 0x87, 0x82, 0xE8, 0x92, 0x46, 0x7A, 0x46, 0x72, 0x05, 0x52, 0x21, 0x11, 0x62, 0x11,
    0x41, 0x11, 0x62, 0x11, 0x82, 0x11, 0x62, 0x11, 0x62, 0x11, 0x62, 0x19, 0x62, 0x19, 0x82, 0x11,
    0x82, 0x19, 0x62, 0x11, 0x62, 0x11, 0x41, 0x11, 0x04, 0x42, 0xE8, 0x62, 0xE8, 0x6A, 0x08, 0x6B,
    0xE8, 0x5A, 0xC3, 0x31, 0xA2, 0x19, 0xE3, 0x19, 0xE3, 0x21, 0x03, 0x2A, 0xE3, 0x21, 0x03, 0x22,
    0x03, 0x22, 0xE3, 0x21, 0xE3, 0x21, 0xE4, 0x21, 0xE3, 0x21, 0xE3, 0x19, 0xE3, 0x21, 0x04, 0x22,
    0xE3, 0x21, 0xA3, 0x19, 0x82, 0x19, 0x83, 0x19, 0x47, 0x3A, 0x28, 0x32, 0x83, 0x21, 0xE2, 0x21,
    0xE2, 0x21, 0xC3, 0x19, 0xC4, 0x19, 0xA3, 0x19, 0x82, 0x11, 0x82, 0x11, 0x83, 0x19, 0xA3, 0x19,
    0xA3, 0x19, 0xA3, 0x19, 0xC3, 0x19, 0xC3, 0x19, 0x83, 0x11, 0xA3, 0x19, 0xA3, 0x19, 0x83, 0x19,
    0x83, 0x11, 0x63, 0x11, 0x63, 0x11, 0x63, 0x11, 0x84, 0x11, 0x84, 0x11, 0x63, 0x11, 0x23, 0x09,
    0x43, 0x11, 0x64, 0x11, 0x63, 0x11, 0x63, 0x11, 0x84, 0x11, 0xA4, 0x19, 0x84, 0x11, 0x84, 0x11,
    0x63, 0x11, 0x42, 0x11, 0x62, 0x11, 0x42, 0x11, 0x42, 0x11, 0x82, 0x19, 0x82, 0x19, 0x82, 0x11,
    0x61, 0x11, 0x61, 0x11, 0x62, 0x11, 0x61, 0x11, 0x63, 0x11, 0xA8, 0x21, 0xAB, 0x21, 0xAA, 0x21,
    0xEB, 0x29, 0x2C, 0x32, 0x0B, 0x32, 0x6D, 0x3A, 0xAD, 0x42, 0xCE, 0x4A, 0xCE, 0x4A, 0xCE, 0x4A,
    0x2F, 0x53, 0x2F, 0x53, 0x0E, 0x53, 0x6F, 0x63, 0x4D, 0x5B, 0xC5, 0x29, 0x83, 0x19, 0x62, 0x19,
    0xA6, 0x29, 0xCA, 0x39, 0xAA, 0x41, 0xEB, 0x51, 0x2C, 0x62, 0x0B, 0x5A, 0x2B, 0x62, 0x6B, 0x6A,
    0x4B, 0x72, 0x6C, 0x72, 0x6C, 0x72, 0x8C, 0x7A, 0xAC, 0x7A, 0xAC, 0x7A, 0x0D, 0x83, 0x8F, 0x8B,
    0xA9, 0x4A, 0xC4, 0x19, 0xE4, 0x19, 0xA3, 0x19, 0x82, 0x11, 0x62, 0x11, 0x63, 0x21, 0xE1, 0x20,
    0x22, 0x39, 0x63, 0x49, 0xA3, 0x59, 0xC4, 0x61, 0x06, 0x6A, 0x26, 0x52, 0x62, 0x19, 0x82, 0x19,
    0xA2, 0x19, 0x82, 0x19, 0xA3, 0x19, 0xC4, 0x19, 0xE4, 0x21, 0x04, 0x22, 0xC3, 0x19, 0x82, 0x19,
    0x61, 0x11, 0x81, 0x11, 0x82, 0x11, 0xC3, 0x19, 0xC3, 0x19, 0xE3, 0x19, 0xC3, 0x19, 0xC3, 0x19,
    0xC3, 0x21, 0xC3, 0x19, 0xA2, 0x11, 0xA2, 0x11, 0xA3, 0x19, 0xA3, 0x19, 0x82, 0x19, 0x82, 0x19,
    0xA3, 0x19, 0xC3, 0x19, 0xA4, 0x19, 0x83, 0x11, 0x63, 0x11, 0x63, 0x11, 0x63, 0x11, 0x43, 0x09,
    0x63, 0x11, 0x63, 0x11, 0x63, 0x11, 0x43, 0x11, 0x23, 0x09, 0x43, 0x09, 0x63, 0x11, 0x63, 0x11,
    0x63, 0x11, 0x63, 0x11, 0x64, 0x11, 0x63, 0x11, 0x43, 0x11, 0x64, 0x11, 0xA4, 0x11, 0xA4, 0x11,
    0xC4, 0x19, 0xC4, 0x19, 0xC4, 0x11, 0xA4, 0x11, 0xA4, 0x11, 0xC4, 0x11, 0xA3, 0x11, 0x84, 0x21,
    0x6B, 0x52, 0x4B, 0x62, 0x6B, 0x6A, 0x4A, 0x6A, 0x6B, 0x72, 0xAB, 0x7A, 0x8A, 0x7A, 0xCB, 0x82,
    0xCB, 0x8A, 0xAB, 0x8A, 0xAB, 0x8A, 0xCB, 0x92, 0xEB, 0x9A, 0xEB, 0x92, 0x8C, 0x9B, 0x0D, 0x9C,
    0x4E, 0xA4, 0x8E, 0xA4, 0x6E, 0xA4, 0x4E, 0xA4, 0x6E, 0xAC, 0x6E, 0xA4, 0x8E, 0xAC, 0xAE, 0xAC,
    0x8E, 0xAC, 0xAF, 0xB4, 0xCF, 0xB4, 0xCF, 0xB4, 0xCF, 0xB4, 0xCF, 0xB4, 0xCF, 0xB4, 0xEF, 0xB4,
    0xCF, 0xB4, 0xCF, 0xB4, 0xCF, 0xB4, 0xCF, 0xBC, 0xCF, 0xBC, 0xCF, 0xBC, 0xEF, 0xBC, 0xEF, 0xBC,
    0xEF, 0xB4, 0x10, 0xBD, 0x10, 0xBD, 0xEF, 0xBC, 0x10, 0xBD, 0x0F, 0xBD, 0x0F, 0xBD, 0x30, 0xBD,
    0x30, 0xBD, 0x30, 0xBD, 0x30, 0xBD, 0x0F, 0xBD, 0x30, 0xBD, 0x30, 0xC5, 0x30, 0xBD, 0x10, 0xC5,
    0x10, 0xC5, 0x10, 0xC5, 0x30, 0xC5, 0x30, 0xC5, 0x50, 0xC5, 0x50, 0xC5, 0x0F, 0xBD, 0x10, 0xBD,
    0xF0, 0xC4, 0x4E, 0xBC, 0xAD, 0xB3, 0xAD, 0xBB, 0xCD, 0xBB, 0xAD, 0xBB, 0xCE, 0xBB, 0xAD, 0xBB,
    0xCD, 0xBB, 0xAE, 0xBB, 0xAE, 0xBB, 0xCE, 0xC3, 0xEE, 0xC3, 0xCE, 0xBB, 0xCD, 0xB3, 0xCE, 0xB3,
    0xCE, 0xB3, 0x0F, 0xB4, 0x69, 0x6A, 0xC2, 0x28, 0x85, 0x49, 0xC5, 0x51, 0xA5, 0x51, 0x84, 0x49,
    0xA4, 0x51, 0xE5, 0x59, 0x05, 0x62, 0xE5, 0x61, 0x25, 0x72, 0x46, 0x72, 0xC4, 0x61, 0xA4, 0x59,
    0xA4, 0x59, 0xC4, 0x61, 0xC4, 0x61, 0xC5, 0x61, 0x26, 0x72, 0x87, 0x7A, 0xE9, 0x8A, 0x4A, 0x93,
    0xAC, 0x9B, 0xED, 0xA3, 0x0D, 0xA4, 0xCD, 0x93, 0x6B, 0x83, 0xC9, 0x6A, 0x47, 0x52, 0x84, 0x31,
    0x81, 0x10, 0x22, 0x31, 0x67, 0x72, 0x46, 0x72, 0x25, 0x6A, 0x46, 0x72, 0xE5, 0x69, 0x46, 0x72,
    0x26, 0x72, 0x26, 0x72, 0x87, 0x82, 0x25, 0x72, 0x26, 0x6A, 0xE5, 0x49, 0xE1, 0x10, 0x22, 0x11,
    0x42, 0x11, 0x22, 0x11, 0x41, 0x11, 0x41, 0x11, 0x21, 0x11, 0x21, 0x11, 0x42, 0x11, 0x42, 0x11,
    0x41, 0x11, 0x41, 0x11, 0x01, 0x11, 0x86, 0x5A, 0xCB, 0x9B, 0x0D, 0xAC, 0xEC, 0xA3, 0xCB, 0xA3,
    0x0C, 0xA4, 0xAB, 0x8B, 0xA2, 0x29, 0x82, 0x19, 0xA3, 0x21, 0xE3, 0x21, 0xC3, 0x21, 0xC3, 0x19,
    0xE3, 0x21, 0x24, 0x22, 0x24, 0x22, 0x04, 0x22, 0x04, 0x22, 0x04, 0x22, 0x04, 0x22, 0x04, 0x22,
    0xE3, 0x21, 0xC3, 0x19, 0xA3, 0x19, 0x83, 0x19, 0x63, 0x19, 0x21, 0x11, 0x01, 0x3A, 0x23, 0x63,
    0xC3, 0x52, 0x82, 0x19, 0x82, 0x19, 0x82, 0x19, 0x82, 0x19, 0xA3, 0x19, 0xA3, 0x19, 0xC3, 0x19,
    0xC3, 0x21, 0xC3, 0x19, 0xC3, 0x19, 0xA2, 0x19, 0x82, 0x19, 0xA3, 0x19, 0xA4, 0x19, 0x83, 0x11,
    0x62, 0x11, 0x43, 0x11, 0x43, 0x09, 0x43, 0x09, 0x63, 0x11, 0x63, 0x09, 0x63, 0x11, 0x43, 0x11,
    0x22, 0x09, 0x63, 0x11, 0x63, 0x11, 0x64, 0x11, 0x84, 0x19, 0xA4, 0x11, 0x83, 0x11, 0x63, 0x11,
    0x84, 0x11, 0x22, 0x09, 0x22, 0x09, 0x42, 0x11, 0x42, 0x11, 0x42, 0x11, 0x42, 0x11, 0x62, 0x11,
    0x82, 0x11, 0x82, 0x19, 0xA2, 0x19, 0x62, 0x11, 0x64, 0x11, 0x68, 0x11, 0x69, 0x19, 0x49, 0x19,
    0x89, 0x21, 0xEA, 0x29, 0x2B, 0x32, 0x6C, 0x3A, 0x6D, 0x42, 0xCE, 0x4A, 0xCE, 0x4A, 0xCC, 0x4A,
    0x4E, 0x5B, 0xEF, 0x6B, 0x2F, 0x7C, 0x4F, 0x7C, 0x6F, 0x84, 0x6E, 0x84, 0xEC, 0x73, 0x88, 0x42,
    0xA6, 0x29, 0xCA, 0x41, 0xCA, 0x49, 0xCA, 0x49, 0x0B, 0x5A, 0xEA, 0x59, 0x0A, 0x62, 0xE9, 0x59,
    0x2A, 0x6A, 0x4B, 0x6A, 0x6B, 0x72, 0x4A, 0x72, 0x6A, 0x72, 0x8B, 0x7A, 0xCC, 0x7A, 0x4E, 0x83,
    0x0A, 0x5B, 0x45, 0x2A, 0x66, 0x2A, 0x25, 0x2A, 0x04, 0x22, 0x26, 0x32, 0xA5, 0x31, 0xA1, 0x20,
    0x63, 0x49, 0x83, 0x51, 0xC3, 0x59, 0xA3, 0x61, 0xC4, 0x61, 0x66, 0x62, 0xC3, 0x29, 0x04, 0x22,
    0x25, 0x2A, 0x24, 0x2A, 0x45, 0x2A, 0x86, 0x32, 0xC7, 0x3A, 0xE7, 0x3A, 0x07, 0x3B, 0xC6, 0x3A,
    0x06, 0x43, 0x27, 0x43, 0x06, 0x43, 0x27, 0x4B, 0xC6, 0x3A, 0x64, 0x2A, 0x03, 0x22, 0xC2, 0x19,
    0xC3, 0x19, 0xA3, 0x19, 0x62, 0x11, 0x82, 0x11, 0xC3, 0x19, 0xE3, 0x19, 0xA2, 0x19, 0xA2, 0x19,
    0xC3, 0x19, 0xE4, 0x21, 0xE4, 0x21, 0xC4, 0x19, 0xA4, 0x19, 0xA4, 0x19, 0x84, 0x19, 0x84, 0x19,
    0x63, 0x11, 0x63, 0x11, 0x84, 0x11, 0x84, 0x11, 0x43, 0x11, 0x43, 0x11, 0x63, 0x11, 0x83, 0x11,
    0x83, 0x11, 0x63, 0x11, 0x63, 0x11, 0x63, 0x11, 0x64, 0x11, 0x84, 0x19, 0xC5, 0x19, 0xA4, 0x19,
    0x84, 0x11, 0x84, 0x11, 0xC4, 0x19, 0xC4, 0x19, 0xA4, 0x11, 0xA3, 0x11, 0x63, 0x11, 0xA5, 0x29,
    0x6B, 0x5A, 0x4B, 0x62, 0x6B, 0x6A, 0x6B, 0x72, 0x8B, 0x7A, 0x8B, 0x7A, 0x8B, 0x7A, 0xCB, 0x8A,
    0xEC, 0x8A, 0xCB, 0x8A, 0x8A, 0x82, 0xAB, 0x8A, 0xEB, 0x9A, 0x2B, 0x9B, 0xED, 0xA3, 0x2D, 0xA4,
    0x4D, 0x9C, 0x6E, 0x9C, 0x6E, 0xA4, 0x4E, 0xA4, 0x6E, 0xAC, 0x6E, 0xAC, 0x6E, 0xAC, 0x6E, 0xAC,
    0x8E, 0xAC, 0xAF, 0xB4, 0xCF, 0xB4, 0xCF, 0xB4, 0xCF, 0xB4, 0xAF, 0xB4, 0xCF, 0xB4, 0xCF, 0xB4,
    0xCF, 0xB4, 0xCF, 0xB4, 0xCE, 0xB4, 0xCF, 0xB4, 0xCF, 0xBC, 0xCF, 0xBC, 0x10, 0xBD, 0xEF, 0xBC,
    0x10, 0xBD, 0x30, 0xC5, 0x0F, 0xBD, 0x10, 0xBD, 0xEF, 0xBC, 0x0F, 0xBD, 0x0F, 0xBD, 0x10, 0xBD,
    0x10, 0xBD, 0x30, 0xC5, 0x30, 0xBD, 0x0F, 0xBD, 0x30, 0xC5, 0x10, 0xBD, 0x10, 0xBD, 0x10, 0xBD,
    0x10, 0xC5, 0x30, 0xC5, 0x10, 0xBD, 0x10, 0xC5, 0x30, 0xBD, 0x30, 0xBD, 0x0F, 0xBD, 0xEF, 0xBC,
    0x30, 0xC5, 0x8F, 0xBC, 0xCD, 0xBB, 0xCD, 0xBB, 0xCD, 0xBB, 0xAD, 0xBB, 0xAD, 0xBB, 0xAD, 0xBB,
    0xCE, 0xBB, 0xAD, 0xBB, 0xAE, 0xBB, 0xAE, 0xBB, 0xAD, 0xBB, 0xAD, 0xB3, 0xAD, 0xB3, 0xAD, 0xB3,
    0xAD, 0xB3, 0x0F, 0xB4, 0x0B, 0x83, 0xA2, 0x28, 0x84, 0x49, 0xC5, 0x51, 0xA5, 0x51, 0x84, 0x49,
    0x84, 0x51, 0xE5, 0x59, 0xE5, 0x61, 0xE5, 0x61, 0x25, 0x72, 0x46, 0x72, 0xC4, 0x61, 0xA4, 0x59,
    0xA4, 0x59, 0xC4, 0x61, 0xC4, 0x61, 0xC4, 0x61, 0xC4, 0x61, 0xE4, 0x69, 0xE4, 0x69, 0xE4, 0x69,
    0x05, 0x6A, 0x25, 0x72, 0x46, 0x7A, 0x87, 0x7A, 0xE9, 0x8A, 0x6B, 0x9B, 0xED, 0xA3, 0x2E, 0xA4,
    0xED, 0x93, 0xC8, 0x72, 0x46, 0x6A, 0x46, 0x72, 0x05, 0x6A, 0x46, 0x72, 0xE4, 0x69, 0x26, 0x72,
    0x26, 0x72, 0x26, 0x72, 0x46, 0x7A, 0x26, 0x72, 0x26, 0x6A, 0xC5, 0x49, 0xE1, 0x10, 0x02, 0x09,
    0x02, 0x11, 0xE2, 0x10, 0x02, 0x11, 0x02, 0x11, 0x02, 0x11, 0x02, 0x11, 0x02, 0x11, 0x02, 0x11,
    0x22, 0x11, 0xE0, 0x08, 0x66, 0x52, 0xAA, 0x9B, 0xA6, 0x82, 0x08, 0x8B, 0x8A, 0xA3, 0x8A, 0xA3,
    0x49, 0x9B, 0xAB, 0x9B, 0x66, 0x5A, 0x41, 0x19, 0x82, 0x19, 0xC3, 0x21, 0xA3, 0x19, 0xC3, 0x21,
    0x04, 0x22, 0x24, 0x2A, 0x04, 0x22, 0xC3, 0x19, 0xA3, 0x19, 0x04, 0x22, 0x04, 0x22, 0xE3, 0x21,
    0xC3, 0x19, 0xC3, 0x21, 0xC3, 0x19, 0xA3, 0x19, 0x63, 0x11, 0x82, 0x21, 0xA3, 0x5A, 0x23, 0x73,
    0x42, 0x4A, 0x41, 0x19, 0x82, 0x19, 0x82, 0x19, 0xA3, 0x19, 0xA3, 0x19, 0xA3, 0x19, 0xA3, 0x19,
    0x82, 0x11, 0x82, 0x11, 0x82, 0x19, 0xC2, 0x29, 0xE2, 0x31, 0x82, 0x21, 0x63, 0x11, 0x63, 0x11,
    0x43, 0x11, 0x43, 0x11, 0x22, 0x09, 0x22, 0x09, 0x42, 0x09, 0x43, 0x11, 0x63, 0x11, 0x43, 0x09,
    0x22, 0x09, 0x23, 0x09, 0x43, 0x09, 0x64, 0x11, 0x64, 0x11, 0x63, 0x11, 0x83, 0x11, 0x83, 0x11,
    0x63, 0x11, 0x43, 0x11, 0x01, 0x01, 0x02, 0x09, 0x42, 0x11, 0x42, 0x11, 0x21, 0x09, 0x21, 0x09,
    0x41, 0x11, 0x82, 0x19, 0x82, 0x19, 0x63, 0x11, 0x85, 0x11, 0x48, 0x11, 0x69, 0x19, 0x49, 0x19,
    0x68, 0x19, 0xCA, 0x29, 0xEA, 0x29, 0x4B, 0x3A, 0x2B, 0x32, 0x6C, 0x3A, 0xAD, 0x42, 0x0C, 0x53,
    0xAD, 0x63, 0xCD, 0x6B, 0x0D, 0x74, 0x0C, 0x7C, 0x2D, 0x7C, 0x4E, 0x84, 0x8F, 0x8C, 0x8F, 0x8C,
    0xEB, 0x5A, 0x47, 0x31, 0xA9, 0x41, 0x88, 0x41, 0xA9, 0x49, 0xC9, 0x51, 0xE9, 0x59, 0xE9, 0x59,
    0x09, 0x62, 0x09, 0x62, 0xE9, 0x61, 0x29, 0x6A, 0x49, 0x6A, 0x6A, 0x6A, 0x8B, 0x72, 0x0C, 0x7B,
    0xCA, 0x5A, 0x25, 0x2A, 0x45, 0x2A, 0x25, 0x2A, 0xE4, 0x21, 0x63, 0x21, 0xE2, 0x20, 0x23, 0x39,
    0x84, 0x51, 0xE5, 0x69, 0xC4, 0x61, 0x62, 0x59, 0xA3, 0x59, 0x86, 0x62, 0xC7, 0x42, 0xC7, 0x3A,
    0xC7, 0x42, 0x07, 0x4B, 0x08, 0x53, 0x07, 0x43, 0x27, 0x3B, 0xE6, 0x32, 0x06, 0x3B, 0x67, 0x43,
    0xA8, 0x53, 0x87, 0x53, 0xC8, 0x53, 0x09, 0x64, 0x09, 0x5C, 0xA8, 0x53, 0x88, 0x53, 0x27, 0x43,
    0x85, 0x32, 0x64, 0x32, 0x42, 0x32, 0xA1, 0x21, 0x82, 0x11, 0x82, 0x19, 0x62, 0x11, 0x82, 0x11,
    0xA3, 0x11, 0xC3, 0x19, 0xC3, 0x19, 0xC3, 0x19, 0xA3, 0x19, 0xA4, 0x19, 0xA3, 0x11, 0xA3, 0x11,
    0x83, 0x11, 0x63, 0x11, 0x43, 0x09, 0x43, 0x09, 0x23, 0x09, 0x43, 0x09, 0x63, 0x11, 0xA3, 0x19,
    0xA3, 0x19, 0xA3, 0x11, 0xA3, 0x11, 0x83, 0x11, 0x84, 0x11, 0x84, 0x11, 0xA4, 0x11, 0xA4, 0x11,
    0x84, 0x11, 0xA4, 0x11, 0xC5, 0x19, 0xC4, 0x19, 0xC4, 0x19, 0xA3, 0x11, 0x63, 0x11, 0xE7, 0x31,
    0x6B, 0x5A, 0x4B, 0x5A, 0x4B, 0x6A, 0x4A, 0x6A, 0x8B, 0x7A, 0x8B, 0x7A, 0x8B, 0x82, 0xAB, 0x82,
    0xAB, 0x8A, 0xCB, 0x8A, 0xCB, 0x8A, 0xAB, 0x8A, 0x0B, 0x9B, 0x4B, 0x93, 0xEC, 0x9B, 0x2D, 0x9C,
    0x4D, 0x9C, 0x4E, 0x9C, 0x6E, 0xA4, 0x4E, 0xA4, 0x4E, 0xA4, 0x6E, 0xAC, 0x6E, 0xAC, 0x6E, 0xAC,
    0x6E, 0xAC, 0x8E, 0xAC, 0xCF, 0xB4, 0xAF, 0xB4, 0xCF, 0xB4, 0xAE, 0xB4, 0xAE, 0xAC, 0xAE, 0xB4,
    0xCF, 0xB4, 0xCF, 0xBC, 0xAE, 0xB4, 0xCF, 0xB4, 0xCF, 0xB4, 0xCF, 0xB4, 0xEF, 0xBC, 0xEF, 0xBC,
    0x0F, 0xBD, 0x0F, 0xBD, 0x10, 0xBD, 0x10, 0xC5, 0x10, 0xBD, 0x10, 0xC5, 0x10, 0xC5, 0x10, 0xBD,
    0x10, 0xC5, 0x0F, 0xBD, 0xEF, 0xBC, 0x0F, 0xBD, 0x0F, 0xBD, 0x0F, 0xBD, 0x0F, 0xBD, 0x30, 0xC5,
    0x0F, 0xBD, 0x10, 0xC5, 0x0F, 0xBD, 0x10, 0xC5, 0x0F, 0xBD, 0x0F, 0xBD, 0x2F, 0xC5, 0x0F, 0xBD,
    0x10, 0xC5, 0xD0, 0xC4, 0x0E, 0xBC, 0xCE, 0xBB, 0xCE, 0xBB, 0xCD, 0xBB, 0xAD, 0xBB, 0xAD, 0xBB,
    0xCE, 0xBB, 0xCE, 0xBB, 0xCE, 0xBB, 0xAE, 0xBB, 0xAD, 0xBB, 0xCE, 0xBB, 0xCD, 0xB3, 0xAD, 0xB3,
    0xAD, 0xB3, 0xCE, 0xAB, 0x4C, 0x8B, 0x03, 0x39, 0x84, 0x49, 0xC5, 0x51, 0xA5, 0x51, 0x84, 0x49,
    0x84, 0x51, 0xC5, 0x59, 0xE5, 0x59, 0xE5, 0x59, 0x46, 0x72, 0x26, 0x72, 0x83, 0x51, 0x84, 0x51,
    0xA4, 0x59, 0xC4, 0x59, 0xE5, 0x61, 0xE5, 0x61, 0x05, 0x62, 0xE5, 0x61, 0x05, 0x6A, 0x05, 0x6A,
    0x05, 0x6A, 0x25, 0x6A, 0x25, 0x6A, 0xC4, 0x61, 0xC4, 0x61, 0x05, 0x6A, 0x46, 0x72, 0xA7, 0x82,
    0x09, 0x8B, 0xA8, 0x7A, 0x25, 0x6A, 0x05, 0x6A, 0x05, 0x6A, 0x26, 0x72, 0xC4, 0x61, 0x26, 0x72,
    0x25, 0x72, 0x46, 0x72, 0x46, 0x7A, 0xE5, 0x69, 0x26, 0x6A, 0x84, 0x41, 0xE2, 0x10, 0x23, 0x11,
    0xE2, 0x08, 0xC2, 0x08, 0xC2, 0x08, 0xC2, 0x08, 0xE2, 0x08, 0xE2, 0x10, 0xE2, 0x10, 0x02, 0x09,
    0xA1, 0x08, 0xC5, 0x41, 0xCC, 0x93, 0xE7, 0x82, 0xA7, 0x82, 0xE8, 0x8A, 0x49, 0x93, 0x8A, 0xA3,
    0x49, 0x93, 0x28, 0x93, 0xC7, 0x6A, 0x41, 0x21, 0x82, 0x19, 0xE3, 0x19, 0xE3, 0x21, 0x04, 0x2A,
    0x24, 0x2A, 0xE3, 0x21, 0xC3, 0x19, 0xC3, 0x19, 0xC3, 0x19, 0xE3, 0x21, 0xC3, 0x19, 0xA2, 0x19,
    0xA2, 0x19, 0xA3, 0x19, 0xA3, 0x19, 0x83, 0x19, 0x62, 0x11, 0x41, 0x11, 0x81, 0x21, 0x60, 0x21,
    0xE0, 0x10, 0x02, 0x11, 0x83, 0x11, 0xA3, 0x19, 0xA3, 0x19, 0xA3, 0x19, 0x83, 0x11, 0x63, 0x11,
    0x83, 0x19, 0xA3, 0x19, 0xA2, 0x21, 0x83, 0x4A, 0xC4, 0x5A, 0xA2, 0x29, 0x22, 0x11, 0x64, 0x11,
    0x43, 0x09, 0x23, 0x09, 0x02, 0x09, 0x23, 0x09, 0x43, 0x09, 0x43, 0x09, 0x43, 0x11, 0x63, 0x11,
    0x63, 0x11, 0x43, 0x09, 0x23, 0x09, 0x43, 0x09, 0x43, 0x09, 0x43, 0x09, 0x83, 0x11, 0xA4, 0x11,
    0x63, 0x11, 0x83, 0x19, 0x42, 0x11, 0x22, 0x09, 0x63, 0x11, 0x83, 0x19, 0x42, 0x11, 0x21, 0x09,
    0x41, 0x09, 0x82, 0x19, 0x62, 0x11, 0x63, 0x11, 0x85, 0x11, 0x27, 0x09, 0x28, 0x11, 0x69, 0x19,
    0x48, 0x19, 0x89, 0x21, 0xC9, 0x29, 0xEA, 0x29, 0x2B, 0x32, 0x6B, 0x3A, 0x6B, 0x3A, 0xCB, 0x4A,
    0x2B, 0x5B, 0x8B, 0x63, 0xCB, 0x6B, 0xEB, 0x73, 0x0C, 0x7C, 0x0C, 0x7C, 0x0C, 0x7C, 0x2D, 0x7C,
    0x0E, 0x7C, 0x07, 0x42, 0x46, 0x31, 0x67, 0x41, 0x67, 0x41, 0xA8, 0x51, 0xA8, 0x51, 0xE8, 0x59,
    0x09, 0x62, 0x2A, 0x6A, 0x09, 0x62, 0x29, 0x62, 0x49, 0x6A, 0x49, 0x6A, 0x6A, 0x6A, 0xCB, 0x72,
    0x68, 0x4A, 0x25, 0x2A, 0x45, 0x32, 0x05, 0x2A, 0x84, 0x19, 0xE2, 0x10, 0xE3, 0x28, 0x64, 0x49,
    0x23, 0x49, 0x63, 0x51, 0x83, 0x51, 0x83, 0x51, 0xC4, 0x51, 0x65, 0x52, 0x45, 0x3A, 0x45, 0x42,
    0x46, 0x52, 0x45, 0x5A, 0xA6, 0x62, 0xE6, 0x52, 0x26, 0x43, 0x67, 0x43, 0x47, 0x43, 0x26, 0x43,
    0x06, 0x43, 0x26, 0x43, 0x26, 0x43, 0x46, 0x4B, 0x05, 0x43, 0x05, 0x3B, 0x27, 0x43, 0x88, 0x53,
    0x68, 0x53, 0x65, 0x5B, 0xE5, 0x73, 0xE5, 0x73, 0xC3, 0x4A, 0x23, 0x3A, 0x03, 0x2A, 0xE4, 0x21,
    0xC4, 0x19, 0xC3, 0x19, 0xE4, 0x19, 0xC3, 0x19, 0xA3, 0x11, 0x83, 0x11, 0x83, 0x11, 0xC3, 0x19,
    0xA3, 0x11, 0xA3, 0x11, 0x63, 0x11, 0x43, 0x09, 0x63, 0x11, 0x63, 0x11, 0x83, 0x11, 0xA3, 0x11,
    0xC4, 0x19, 0xC4, 0x11, 0xA3, 0x11, 0xA4, 0x11, 0xA4, 0x11, 0xA4, 0x11, 0xC4, 0x19, 0x05, 0x1A,
    0x05, 0x1A, 0x26, 0x22, 0x26, 0x22, 0xE5, 0x19, 0xE5, 0x19, 0x05, 0x1A, 0xE5, 0x19, 0x49, 0x42,
    0x4B, 0x52, 0x2A, 0x5A, 0x2A, 0x62, 0x6A, 0x6A, 0x8B, 0x7A, 0x6B, 0x7A, 0x6A, 0x7A, 0x8B, 0x82,
    0xAB, 0x82, 0xAB, 0x8A, 0xCC, 0x8A, 0xEB, 0x8A, 0x2C, 0x9B, 0xAC, 0x9B, 0x2D, 0x9C, 0x2D, 0x9C,
    0x0D, 0x94, 0x4E, 0xA4, 0x4E, 0xA4, 0x4E, 0xA4, 0x6E, 0xAC, 0x8F, 0xAC, 0x6E, 0xAC, 0x8E, 0xAC,
    0x8E, 0xAC, 0x8E, 0xAC, 0xAE, 0xAC, 0x8E, 0xAC, 0x8E, 0xAC, 0xAE, 0xB4, 0xAE, 0xAC, 0xCE, 0xB4,
    0xCF, 0xB4, 0xAE, 0xB4, 0xAE, 0xB4, 0xAE, 0xB4, 0xCF, 0xB4, 0xAE, 0xB4, 0xEF, 0xBC, 0xEF, 0xBC,
    0xEF, 0xBC, 0xCF, 0xB4, 0xEF, 0xBC, 0xEF, 0xBC, 0x10, 0xBD, 0x10, 0xC5, 0x0F, 0xBD, 0xEF, 0xBC,
    0x0F, 0xBD, 0x10, 0xC5, 0x0F, 0xBD, 0xEF, 0xBC, 0x0F, 0xBD, 0xEF, 0xBC, 0x0F, 0xBD, 0x0F, 0xBD,
    0x2F, 0xC5, 0x0F, 0xBD, 0x0F, 0xBD, 0x0F, 0xBD, 0x30, 0xC5, 0x0F, 0xC5, 0x0F, 0xBD, 0xEF, 0xBC,
    0x0F, 0xBD, 0x10, 0xC5, 0x2E, 0xBC, 0x8D, 0xB3, 0xAD, 0xBB, 0xCD, 0xBB, 0xAD, 0xBB, 0xCE, 0xBB,
    0xCE, 0xBB, 0xAD, 0xBB, 0xAD, 0xBB, 0x8D, 0xBB, 0xAD, 0xBB, 0xCE, 0xBB, 0xAD, 0xB3, 0xCD, 0xB3,
    0xAD, 0xB3, 0x8D, 0xA3, 0x8D, 0x9B, 0x24, 0x41, 0x64, 0x49, 0xC5, 0x51, 0xA4, 0x51, 0x84, 0x49,
    0x84, 0x51, 0xC5, 0x59, 0xC5, 0x59, 0xE4, 0x59, 0x46, 0x6A, 0x05, 0x6A, 0x63, 0x51, 0x64, 0x51,
    0x64, 0x51, 0x63, 0x51, 0xA4, 0x51, 0xC4, 0x59, 0xE5, 0x61, 0xE5, 0x61, 0xE5, 0x59, 0xE5, 0x61,
    0x05, 0x6A, 0x06, 0x6A, 0x06, 0x6A, 0x26, 0x72, 0x05, 0x72, 0x05, 0x6A, 0x05, 0x6A, 0xE4, 0x69,
    0xE5, 0x69, 0xE5, 0x61, 0x05, 0x6A, 0x05, 0x6A, 0x05, 0x62, 0x25, 0x6A, 0xC4, 0x61, 0x26, 0x72,
    0x05, 0x6A, 0x25, 0x72, 0x25, 0x7A, 0xC4, 0x69, 0xE5, 0x69, 0x63, 0x49, 0x80, 0x10, 0xC2, 0x10,
    0xE2, 0x08, 0x03, 0x11, 0xE3, 0x10, 0xE3, 0x08, 0x02, 0x09, 0xC1, 0x08, 0xC0, 0x08, 0xC0, 0x08,
    0xC1, 0x10, 0x0A, 0x73, 0xC8, 0x82, 0x86, 0x7A, 0x87, 0x82, 0xC8, 0x8A, 0xE8, 0x8A, 0xAA, 0xA3,
    0x49, 0x9B, 0x08, 0x8B, 0xE8, 0x7A, 0xC4, 0x39, 0x82, 0x19, 0x04, 0x22, 0x24, 0x2A, 0x24, 0x2A,
    0xE4, 0x21, 0xA3, 0x19, 0xA3, 0x19, 0xC3, 0x19, 0xC3, 0x21, 0xA3, 0x19, 0x82, 0x11, 0xA3, 0x19,
    0xC3, 0x19, 0xA3, 0x19, 0x83, 0x19, 0x83, 0x19, 0x83, 0x19, 0x62, 0x19, 0x42, 0x11, 0x01, 0x09,
    0x01, 0x09, 0x42, 0x11, 0x63, 0x11, 0x62, 0x11, 0x61, 0x11, 0x82, 0x19, 0x62, 0x11, 0x62, 0x11,
    0x82, 0x11, 0x82, 0x11, 0x61, 0x11, 0x81, 0x21, 0x81, 0x29, 0x41, 0x19, 0x22, 0x11, 0x64, 0x11,
    0x43, 0x09, 0x02, 0x09, 0x02, 0x09, 0x23, 0x09, 0x23, 0x09, 0x43, 0x09, 0x63, 0x11, 0x63, 0x11,
    0x43, 0x09, 0x63, 0x11, 0x63, 0x11, 0xA4, 0x11, 0xA4, 0x11, 0x84, 0x11, 0x84, 0x11, 0x84, 0x11,
    0x63, 0x11, 0x63, 0x11, 0x62, 0x11, 0x62, 0x11, 0x62, 0x11, 0x83, 0x11, 0xA3, 0x19, 0xC4, 0x21,
    0xE4, 0x21, 0xE4, 0x21, 0xC4, 0x21, 0xC4, 0x19, 0x84, 0x19, 0x06, 0x09, 0xE7, 0x08, 0x07, 0x11,
    0x68, 0x19, 0x68, 0x19, 0x88, 0x21, 0x88, 0x21, 0xC9, 0x29, 0xA8, 0x21, 0x29, 0x32, 0xCA, 0x4A,
    0x0A, 0x53, 0x29, 0x5B, 0x8A, 0x63, 0xCA, 0x73, 0xEB, 0x73, 0xEB, 0x73, 0x0C, 0x7C, 0xEC, 0x7B,
    0x0C, 0x7C, 0xEA, 0x62, 0xC3, 0x20, 0x25, 0x31, 0x46, 0x39, 0x67, 0x49, 0xA8, 0x51, 0xA7, 0x51,
    0x87, 0x51, 0xC8, 0x59, 0x09, 0x62, 0x09, 0x62, 0x09, 0x62, 0x08, 0x62, 0x29, 0x62, 0xAB, 0x6A,
    0x06, 0x3A, 0xC4, 0x21, 0xC4, 0x21, 0x83, 0x19, 0x42, 0x11, 0xA1, 0x08, 0xC2, 0x20, 0xE2, 0x30,
    0x22, 0x39, 0x42, 0x39, 0x42, 0x39, 0x62, 0x39, 0xA3, 0x39, 0x24, 0x3A, 0xA3, 0x31, 0x62, 0x41,
    0x83, 0x59, 0x82, 0x51, 0xC3, 0x59, 0x44, 0x4A, 0xA4, 0x3A, 0xC5, 0x3A, 0x06, 0x43, 0x06, 0x43,
    0x06, 0x43, 0x67, 0x4B, 0x06, 0x3B, 0xA4, 0x32, 0xA4, 0x32, 0xE6, 0x3A, 0xE6, 0x3A, 0xA5, 0x3A,
    0xA5, 0x3A, 0x82, 0x3A, 0x80, 0x4A, 0x82, 0x73, 0x44, 0x8C, 0x25, 0x7C, 0x06, 0x74, 0x66, 0x53,
    0x07, 0x43, 0xC7, 0x3A, 0xE7, 0x3A, 0xA7, 0x32, 0x86, 0x32, 0x25, 0x22, 0xE4, 0x19, 0x05, 0x22,
    0xE4, 0x19, 0xC4, 0x19, 0xC4, 0x19, 0xA4, 0x11, 0xA4, 0x11, 0xC4, 0x19, 0xE4, 0x19, 0xE4, 0x19,
    0xE5, 0x19, 0xE4, 0x19, 0xC4, 0x11, 0xE4, 0x19, 0x05, 0x22, 0x05, 0x22, 0x25, 0x22, 0x25, 0x22,
    0x46, 0x22, 0x26, 0x22, 0x46, 0x22, 0x05, 0x1A, 0x25, 0x1A, 0x45, 0x1A, 0x06, 0x22, 0x6A, 0x4A,
    0x4B, 0x5A, 0x2A, 0x5A, 0x4A, 0x62, 0x6A, 0x6A, 0x8B, 0x7A, 0x8B, 0x7A, 0xAC, 0x8A, 0xCB, 0x8A,
    0xAB, 0x8A, 0xCB, 0x8A, 0xCB, 0x8A, 0xEB, 0x92, 0x0B, 0x93, 0xCD, 0x9B, 0x2D, 0x9C, 0x4D, 0x9C,
    0x2D, 0x9C, 0x2D, 0x9C, 0x2D, 0x9C, 0x2D, 0x9C, 0x2D, 0xA4, 0x4E, 0xA4, 0x4E, 0xA4, 0x6E, 0xAC,
    0x8E, 0xAC, 0xAF, 0xB4, 0x8E, 0xAC, 0xAF, 0xB4, 0x8E, 0xAC, 0xAE, 0xB4, 0xAE, 0xB4, 0xAE, 0xAC,
    0xAE, 0xB4, 0xAE, 0xB4, 0xCF, 0xB4, 0xCF, 0xB4, 0xCF, 0xB4, 0xCF, 0xB4, 0xCF, 0xBC, 0xEF, 0xBC,
    0xEF, 0xBC, 0xEF, 0xBC, 0xEF, 0xBC, 0xEF, 0xBC, 0xEF, 0xBC, 0xEF, 0xBC, 0x0F, 0xBD, 0xEF, 0xBC,
    0xEF, 0xBC, 0x10, 0xC5, 0xEF, 0xBC, 0x0F, 0xBD, 0xEF, 0xBC, 0x0F, 0xBD, 0x0F, 0xBD, 0x0F, 0xBD,
    0x0F, 0xC5, 0x0F, 0xBD, 0x0F, 0xBD, 0x0F, 0xBD, 0x30, 0xC5, 0x0F, 0xBD, 0x0F, 0xBD, 0x0F, 0xBD,
    0xEF, 0xB4, 0x10, 0xC5, 0x6E, 0xBC, 0xCD, 0xBB, 0xAD, 0xBB, 0xAD, 0xBB, 0xCD, 0xBB, 0xCE, 0xBB,
    0xAD, 0xBB, 0xAD, 0xBB, 0xAE, 0xBB, 0xAD, 0xBB, 0xAD, 0xB3, 0x8D, 0xB3, 0xCD, 0xB3, 0x8D, 0xAB,
    0x8D, 0xAB, 0xAD, 0xAB, 0xEE, 0xA3, 0xC6, 0x59, 0x64, 0x49, 0xC5, 0x51, 0xA4, 0x51, 0x84, 0x49,
    0x84, 0x49, 0xC5, 0x59, 0xC5, 0x59, 0xC4, 0x59, 0x25, 0x6A, 0xE5, 0x61, 0x43, 0x49, 0x43, 0x49,
    0x63, 0x49, 0x84, 0x51, 0xA4, 0x51, 0xA4, 0x59, 0xC4, 0x59, 0xC4, 0x59, 0xC4, 0x59, 0xC4, 0x59,
    0xC4, 0x59, 0xE4, 0x61, 0xE5, 0x61, 0xE5, 0x69, 0x05, 0x6A, 0x25, 0x72, 0x25, 0x72, 0x25, 0x72,
    0xE5, 0x61, 0xC4, 0x59, 0x06, 0x6A, 0xE5, 0x61, 0x05, 0x62, 0x05, 0x6A, 0xC4, 0x61, 0x26, 0x72,
    0x25, 0x72, 0x45, 0x72, 0x45, 0x7A, 0x66, 0x82, 0xE8, 0x92, 0x29, 0x93, 0xE9, 0x72, 0x88, 0x5A,
    0xC5, 0x39, 0x02, 0x21, 0xC1, 0x10, 0xE1, 0x08, 0x02, 0x09, 0x00, 0x11, 0xC1, 0x31, 0x80, 0x31,
    0x83, 0x39, 0xE9, 0x7A, 0x86, 0x7A, 0x66, 0x7A, 0x67, 0x7A, 0xC8, 0x82, 0xC7, 0x82, 0xCB, 0xA3,
    0x8A, 0x9B, 0x08, 0x8B, 0xE9, 0x8A, 0x46, 0x5A, 0xA3, 0x29, 0x24, 0x2A, 0x44, 0x2A, 0x04, 0x22,
    0xC3, 0x21, 0xA3, 0x19, 0xA3, 0x19, 0xC3, 0x21, 0xC3, 0x19, 0xA3, 0x19, 0xA2, 0x19, 0xA2, 0x19,
    0xC3, 0x19, 0xA3, 0x19, 0xA3, 0x19, 0xA4, 0x19, 0xA4, 0x19, 0xA4, 0x19, 0x63, 0x19, 0x22, 0x11,
    0x43, 0x11, 0x43, 0x11, 0x43, 0x11, 0x21, 0x11, 0xA1, 0x29, 0x84, 0x4A, 0xC2, 0x29, 0x62, 0x11,
    0x62, 0x11, 0x42, 0x09, 0x42, 0x11, 0x01, 0x09, 0xE1, 0x08, 0x22, 0x09, 0x43, 0x11, 0x63, 0x11,
    0x42, 0x11, 0x02, 0x09, 0x23, 0x09, 0x43, 0x11, 0x63, 0x11, 0x63, 0x11, 0x83, 0x11, 0x83, 0x11,
    0x83, 0x11, 0xA4, 0x19, 0xC4, 0x19, 0xE4, 0x19, 0xE4, 0x19, 0xC4, 0x19, 0xA4, 0x11, 0x84, 0x11,
    0x83, 0x19, 0xA3, 0x19, 0xC3, 0x19, 0x04, 0x22, 0xE4, 0x19, 0x25, 0x2A, 0x65, 0x2A, 0x86, 0x32,
    0x86, 0x32, 0x86, 0x32, 0x45, 0x2A, 0x45, 0x2A, 0x05, 0x22, 0x45, 0x11, 0xC6, 0x00, 0xE7, 0x08,
    0x27, 0x11, 0x47, 0x19, 0x47, 0x19, 0x67, 0x19, 0x26, 0x11, 0x26, 0x11, 0xE8, 0x29, 0x89, 0x42,
    0xE9, 0x52, 0x29, 0x5B, 0x49, 0x63, 0x49, 0x63, 0x8A, 0x6B, 0xAA, 0x73, 0xAA, 0x73, 0xAA, 0x73,
    0xCA, 0x73, 0x2A, 0x63, 0xC3, 0x20, 0xA3, 0x20, 0x04, 0x31, 0x46, 0x39, 0x66, 0x41, 0xC8, 0x51,
    0xE8, 0x59, 0xA7, 0x51, 0xA6, 0x51, 0xC7, 0x59, 0xC8, 0x59, 0x08, 0x62, 0x29, 0x62, 0x48, 0x52,
    0xE5, 0x29, 0x46, 0x32, 0xE4, 0x21, 0x83, 0x19, 0xC4, 0x21, 0x42, 0x19, 0xE1, 0x18, 0x43, 0x29,
    0x63, 0x31, 0x82, 0x29, 0xC3, 0x29, 0x04, 0x32, 0xE3, 0x29, 0x04, 0x2A, 0x62, 0x21, 0x01, 0x29,
    0x42, 0x39, 0x82, 0x41, 0x03, 0x4A, 0x23, 0x3A, 0x84, 0x32, 0xE5, 0x3A, 0xA4, 0x32, 0xC5, 0x32,
    0xC5, 0x3A, 0x06, 0x43, 0x27, 0x43, 0x84, 0x32, 0x84, 0x32, 0xC5, 0x3A, 0x85, 0x32, 0x64, 0x32,
    0x85, 0x32, 0x64, 0x32, 0x01, 0x32, 0x40, 0x42, 0x82, 0x73, 0x82, 0x6B, 0xA3, 0x6B, 0x25, 0x4B,
    0xA6, 0x32, 0xE8, 0x3A, 0xC7, 0x32, 0xA7, 0x32, 0xA7, 0x32, 0xC8, 0x3A, 0xC8, 0x32, 0xC8, 0x32,
    0xA7, 0x32, 0x46, 0x2A, 0x25, 0x22, 0xE4, 0x19, 0xC4, 0x11, 0xC4, 0x11, 0xE4, 0x19, 0xE4, 0x19,
    0xE5, 0x19, 0xE4, 0x11, 0xE4, 0x19, 0x05, 0x1A, 0x05, 0x1A, 0x04, 0x1A, 0xE4, 0x19, 0xE4, 0x19,
    0xE4, 0x19, 0xE5, 0x19, 0x05, 0x22, 0x25, 0x22, 0x25, 0x1A, 0x24, 0x1A, 0x26, 0x2A, 0x6A, 0x4A,
    0x4B, 0x5A, 0x2A, 0x5A, 0x6B, 0x6A, 0x29, 0x6A, 0x6A, 0x7A, 0x6B, 0x7A, 0x8B, 0x82, 0xCB, 0x8A,
    0xCB, 0x8A, 0xEC, 0x92, 0xAB, 0x8A, 0xCB, 0x8A, 0x0B, 0x8B, 0xCD, 0x9B, 0x4D, 0x9C, 0x2D, 0x9C,
    0x2D, 0x9C, 0x4D, 0x9C, 0x4E, 0xA4, 0x4E, 0xA4, 0x2D, 0xA4, 0x4D, 0xA4, 0x6E, 0xAC, 0x6E, 0xA4,
    0x8E, 0xAC, 0x4D, 0xAC, 0x8E, 0xAC, 0x8E, 0xAC, 0xAF, 0xB4, 0xAF, 0xB4, 0xAF, 0xB4, 0x8E, 0xAC,
    0xAE, 0xB4, 0xAF, 0xB4, 0xAF, 0xB4, 0xCF, 0xB4, 0xCF, 0xB4, 0xCF, 0xBC, 0xCF, 0xB4, 0xEF, 0xBC,
    0xEF, 0xBC, 0xCF, 0xB4, 0xEF, 0xBC, 0xEF, 0xBC, 0xCF, 0xBC, 0xEF, 0xBC, 0x10, 0xBD, 0xEF, 0xBC,
    0xEF, 0xBC, 0x10, 0xBD, 0x10, 0xBD, 0x10, 0xBD, 0x10, 0xC5, 0xEF, 0xBC, 0x0F, 0xBD, 0x10, 0xBD,
    0x10, 0xBD, 0x0F, 0xBD, 0x0F, 0xBD, 0x10, 0xBD, 0x0F, 0xBD, 0x0F, 0xBD, 0x0F, 0xBD, 0xEF, 0xBC,
    0x0E, 0xBD, 0x0F, 0xC5, 0x8F, 0xBC, 0xCD, 0xBB, 0xCE, 0xBB, 0xAD, 0xBB, 0xAD, 0xBB, 0x8D, 0xBB,
    0xAD, 0xBB, 0xAD, 0xBB, 0x8D, 0xB3, 0xCE, 0xBB, 0xAD, 0xB3, 0xAD, 0xB3, 0x8D, 0xAB, 0x6C, 0xAB,
    0x8D, 0xAB, 0x8D, 0xA3, 0xEE, 0xAB, 0x48, 0x6A, 0x84, 0x49, 0xC5, 0x51, 0xA4, 0x51, 0x84, 0x49,
    0x84, 0x49, 0xC5, 0x51, 0xC5, 0x51, 0xC4, 0x59, 0x25, 0x6A, 0x05, 0x6A, 0xE1, 0x38, 0xE1, 0x38,
    0x01, 0x31, 0x42, 0x41, 0x63, 0x49, 0x83, 0x49, 0xA4, 0x59, 0xC5, 0x59, 0xE5, 0x61, 0xE5, 0x61,
    0xC5, 0x61, 0xC4, 0x61, 0xC4, 0x61, 0xC4, 0x61, 0xC4, 0x61, 0xC4, 0x61, 0xE4, 0x69, 0x05, 0x6A,
    0xE5, 0x61, 0xA4, 0x59, 0x26, 0x6A, 0xE5, 0x61, 0x05, 0x62, 0x05, 0x62, 0xC4, 0x61, 0x26, 0x72,
    0x25, 0x72, 0x45, 0x7A, 0x45, 0x7A, 0xA7, 0x8A, 0x09, 0x9B, 0x49, 0x9B, 0x8A, 0x9B, 0xEC, 0xA3,
    0x0D, 0x9C, 0xAC, 0x8B, 0xC8, 0x6A, 0x26, 0x4A, 0xA4, 0x31, 0x60, 0x31, 0x42, 0x73, 0x83, 0x8B,
    0x63, 0x6A, 0xC7, 0x7A, 0xA7, 0x7A, 0x46, 0x7A, 0x46, 0x7A, 0x87, 0x7A, 0x86, 0x7A, 0x08, 0x93,
    0x49, 0x93, 0xE8, 0x8A, 0xE8, 0x8A, 0x67, 0x6A, 0x04, 0x42, 0x23, 0x2A, 0xC2, 0x21, 0xE3, 0x21,
    0xA3, 0x19, 0xA2, 0x19, 0xA3, 0x19, 0xA3, 0x19, 0x83, 0x21, 0x63, 0x21, 0x62, 0x19, 0x83, 0x19,
    0xA3, 0x19, 0xA3, 0x19, 0xA3, 0x19, 0xA3, 0x19, 0xA3, 0x19, 0xA3, 0x19, 0x83, 0x19, 0x62, 0x11,
    0x63, 0x19, 0x63, 0x11, 0x42, 0x11, 0x61, 0x19, 0x83, 0x4A, 0xE4, 0x5A, 0x02, 0x32, 0x42, 0x11,
    0x22, 0x09, 0x42, 0x11, 0x62, 0x11, 0x62, 0x11, 0x42, 0x11, 0x22, 0x09, 0x02, 0x09, 0x42, 0x11,
    0x43, 0x11, 0x43, 0x11, 0x43, 0x09, 0x43, 0x09, 0x43, 0x11, 0x42, 0x09, 0x63, 0x11, 0x83, 0x11,
    0x83, 0x11, 0x83, 0x11, 0xA3, 0x11, 0xA3, 0x11, 0xC4, 0x19, 0xC4, 0x19, 0xC4, 0x19, 0xA4, 0x19,
    0x04, 0x22, 0x45, 0x2A, 0xA6, 0x32, 0xA6, 0x32, 0xA6, 0x32, 0x86, 0x32, 0x86, 0x32, 0x45, 0x2A,
    0x25, 0x22, 0x05, 0x22, 0xA3, 0x19, 0x43, 0x11, 0x84, 0x19, 0x85, 0x19, 0xC5, 0x00, 0xA5, 0x00,
    0xC5, 0x08, 0xC5, 0x08, 0xE5, 0x08, 0xC5, 0x08, 0x63, 0x00, 0xC4, 0x08, 0xC7, 0x29, 0x07, 0x32,
    0x88, 0x42, 0xC7, 0x4A, 0x28, 0x5B, 0x69, 0x6B, 0x49, 0x6B, 0x69, 0x63, 0x8A, 0x6B, 0x69, 0x6B,
    0x48, 0x63, 0x4A, 0x6B, 0x24, 0x29, 0x41, 0x10, 0xA2, 0x20, 0x04, 0x31, 0x24, 0x39, 0x45, 0x39,
    0xA7, 0x49, 0xA7, 0x51, 0xA6, 0x51, 0xC7, 0x51, 0xE8, 0x59, 0x08, 0x5A, 0x27, 0x52, 0x47, 0x42,
    0x66, 0x3A, 0xE7, 0x42, 0x86, 0x3A, 0x65, 0x32, 0x45, 0x2A, 0x25, 0x32, 0xE4, 0x29, 0x25, 0x32,
    0x45, 0x32, 0x24, 0x32, 0x44, 0x2A, 0x64, 0x2A, 0x65, 0x32, 0x45, 0x32, 0x04, 0x2A, 0xC3, 0x29,
    0x04, 0x3A, 0x44, 0x42, 0x64, 0x42, 0x43, 0x32, 0x84, 0x32, 0xE6, 0x42, 0xA5, 0x32, 0x85, 0x3A,
    0x44, 0x2A, 0x02, 0x22, 0x64, 0x32, 0x84, 0x32, 0x85, 0x32, 0x85, 0x32, 0x85, 0x32, 0x85, 0x32,
    0x44, 0x2A, 0x24, 0x2A, 0x64, 0x32, 0x02, 0x32, 0x42, 0x32, 0x01, 0x2A, 0x01, 0x2A, 0xE3, 0x21,
    0xA3, 0x11, 0x05, 0x22, 0x46, 0x22, 0x46, 0x22, 0x46, 0x2A, 0x67, 0x2A, 0x46, 0x22, 0x47, 0x2A,
    0xA8, 0x32, 0xC8, 0x32, 0xE8, 0x32, 0xE8, 0x32, 0xC8, 0x32, 0x87, 0x2A, 0x05, 0x1A, 0xE4, 0x11,
    0xE5, 0x11, 0x05, 0x1A, 0xE4, 0x11, 0xE4, 0x19, 0xC4, 0x19, 0xC4, 0x19, 0xE4, 0x19, 0xE4, 0x19,
    0xC4, 0x19, 0xC4, 0x19, 0xE4, 0x19, 0xE5, 0x19, 0x04, 0x1A, 0xE4, 0x11, 0x06, 0x2A, 0x6B, 0x52,
    0x2A, 0x52, 0x2A, 0x5A, 0x2A, 0x62, 0x09, 0x62, 0x4A, 0x72, 0x8B, 0x7A, 0x6A, 0x7A, 0xAB, 0x82,
    0xAB, 0x8A, 0xAB, 0x8A, 0xCC, 0x92, 0xCB, 0x8A, 0x2B, 0x8B, 0xCC, 0x93, 0xEC, 0x93, 0x0D, 0x94,
    0x0D, 0x94, 0x2D, 0x9C, 0x4D, 0x9C, 0x2D, 0x9C, 0x2D, 0x9C, 0x2D, 0x9C, 0x4D, 0xA4, 0x4E, 0xA4,
    0xAE, 0xAC, 0x6E, 0xAC, 0x6E, 0xAC, 0x6E, 0xAC, 0x6E, 0xAC, 0x8E, 0xAC, 0xAE, 0xB4, 0xCF, 0xB4,
    0xAE, 0xB4, 0xAE, 0xB4, 0xAE, 0xB4, 0xAE, 0xB4, 0xAE, 0xB4, 0x8E, 0xB4, 0xCF, 0xB4, 0xCF, 0xB4,
    0xCF, 0xB4, 0xEF, 0xBC, 0xEF, 0xBC, 0xCF, 0xBC, 0xEF, 0xBC, 0xEF, 0xBC, 0xEF, 0xBC, 0xEF, 0xBC,
    0x10, 0xC5, 0x0F, 0xBD, 0xEF, 0xBC, 0x10, 0xBD, 0x10, 0xC5, 0xEF, 0xBC, 0xEF, 0xBC, 0x0F, 0xBD,
    0x0F, 0xBD, 0x0F, 0xBD, 0x0F, 0xBD, 0x0F, 0xBD, 0x0F, 0xBD, 0x0F, 0xBD, 0x0F, 0xBD, 0xEF, 0xB4,
    0xEE, 0xB4, 0xEF, 0xBC, 0xAF, 0xBC, 0x0E, 0xBC, 0xAD, 0xBB, 0xAD, 0xBB, 0xAD, 0xBB, 0xAD, 0xBB,
    0xAD, 0xBB, 0x8D, 0xB3, 0x8D, 0xB3, 0x8D, 0xB3, 0x8D, 0xB3, 0xAD, 0xB3, 0x8D, 0xAB, 0x8D, 0xAB,
    0x8D, 0xAB, 0x6C, 0xA3, 0x0F, 0xAC, 0x68, 0x72, 0x64, 0x49, 0xC5, 0x51, 0xA4, 0x51, 0x84, 0x49,
    0x64, 0x49, 0xA5, 0x51, 0xC5, 0x51, 0xC4, 0x59, 0x25, 0x6A, 0x46, 0x6A, 0xE1, 0x30, 0xA3, 0x31,
    0x24, 0x3A, 0xC3, 0x31, 0x82, 0x31, 0x61, 0x31, 0x42, 0x31, 0x42, 0x39, 0x62, 0x41, 0x63, 0x49,
    0xA4, 0x51, 0xA4, 0x59, 0xC5, 0x59, 0xE5, 0x61, 0xE5, 0x61, 0xE5, 0x61, 0xE5, 0x61, 0xA4, 0x59,
    0x84, 0x51, 0xA4, 0x59, 0x05, 0x62, 0xE5, 0x61, 0xE5, 0x61, 0x05, 0x62, 0xC4, 0x61, 0x26, 0x72,
    0x25, 0x72, 0x65, 0x7A, 0x25, 0x72, 0x05, 0x72, 0x25, 0x72, 0x66, 0x7A, 0xA7, 0x82, 0xC8, 0x8A,
    0x29, 0x93, 0x6A, 0x9B, 0xAB, 0x9B, 0xCC, 0x9B, 0xCD, 0x93, 0x69, 0x8B, 0xA6, 0x93, 0x85, 0x93,
    0x84, 0x72, 0xA7, 0x7A, 0x87, 0x7A, 0x46, 0x7A, 0x46, 0x72, 0x87, 0x7A, 0x87, 0x7A, 0xC7, 0x82,
    0xE8, 0x8A, 0xA7, 0x82, 0x67, 0x7A, 0x26, 0x62, 0x25, 0x5A, 0x85, 0x5A, 0xC2, 0x31, 0x82, 0x19,
    0x82, 0x11, 0x82, 0x19, 0x82, 0x19, 0x62, 0x19, 0x05, 0x42, 0x46, 0x52, 0x63, 0x29, 0x42, 0x11,
    0x63, 0x11, 0x62, 0x11, 0x63, 0x11, 0x63, 0x11, 0x63, 0x11, 0x63, 0x11, 0x83, 0x19, 0x63, 0x11,
    0x83, 0x19, 0x83, 0x19, 0x42, 0x11, 0x21, 0x11, 0x40, 0x21, 0x40, 0x21, 0x82, 0x21, 0x42, 0x11,
    0x02, 0x09, 0x22, 0x09, 0x63, 0x11, 0x63, 0x11, 0x42, 0x09, 0x42, 0x09, 0x23, 0x09, 0x23, 0x11,
    0x02, 0x09, 0x02, 0x09, 0x23, 0x09, 0x43, 0x11, 0x83, 0x19, 0xC4, 0x19, 0xC4, 0x19, 0xC4, 0x19,
    0xA3, 0x19, 0x83, 0x11, 0x62, 0x11, 0x83, 0x11, 0xA3, 0x11, 0xA3, 0x11, 0xA3, 0x11, 0xA4, 0x19,
    0xC6, 0x3A, 0xE7, 0x3A, 0xC6, 0x32, 0xA6, 0x32, 0x86, 0x2A, 0x65, 0x2A, 0x25, 0x22, 0xE4, 0x21,
    0xC5, 0x21, 0xE6, 0x31, 0x29, 0x42, 0x4A, 0x42, 0xE8, 0x39, 0x45, 0x21, 0xE4, 0x08, 0x83, 0x00,
    0xA4, 0x00, 0xA4, 0x00, 0xA4, 0x08, 0x84, 0x00, 0x42, 0x00, 0x83, 0x00, 0xA7, 0x21, 0xC6, 0x29,
    0x47, 0x3A, 0xC8, 0x4A, 0x08, 0x53, 0x28, 0x63, 0x28, 0x63, 0x48, 0x63, 0x49, 0x63, 0x49, 0x6B,
    0x28, 0x63, 0x29, 0x63, 0x23, 0x21, 0x41, 0x08, 0x61, 0x10, 0xA2, 0x18, 0x24, 0x29, 0x85, 0x31,
    0x44, 0x31, 0x44, 0x39, 0xA6, 0x41, 0xA5, 0x41, 0x85, 0x41, 0xC5, 0x41, 0xE5, 0x39, 0x45, 0x3A,
    0xC6, 0x42, 0x85, 0x3A, 0x86, 0x3A, 0x65, 0x3A, 0x85, 0x32, 0x24, 0x2A, 0x45, 0x2A, 0x65, 0x32,
    0x65, 0x32, 0x65, 0x32, 0x65, 0x32, 0x85, 0x32, 0x65, 0x32, 0x65, 0x3A, 0x46, 0x42, 0x46, 0x52,
    0x25, 0x52, 0xC6, 0x62, 0xE7, 0x5A, 0x64, 0x3A, 0x23, 0x2A, 0x44, 0x2A, 0x44, 0x32, 0x45, 0x42,
    0x45, 0x42, 0xC1, 0x29, 0x22, 0x32, 0x22, 0x32, 0x43, 0x32, 0x23, 0x32, 0x43, 0x3A, 0x44, 0x32,
    0x44, 0x2A, 0x65, 0x32, 0x24, 0x22, 0x24, 0x22, 0x04, 0x22, 0xE4, 0x21, 0xA3, 0x19, 0xC5, 0x21,
    0xE5, 0x21, 0x83, 0x11, 0x05, 0x22, 0xE5, 0x21, 0xE5, 0x19, 0x06, 0x22, 0x06, 0x22, 0xE6, 0x19,
    0x06, 0x1A, 0x67, 0x22, 0x67, 0x2A, 0xA7, 0x2A, 0xE8, 0x32, 0x29, 0x3B, 0xE8, 0x32, 0x67, 0x22,
    0x46, 0x22, 0xE4, 0x11, 0xC4, 0x11, 0xC4, 0x11, 0xE4, 0x19, 0x05, 0x22, 0x05, 0x1A, 0xA3, 0x11,
    0xA3, 0x11, 0xC4, 0x19, 0x05, 0x1A, 0x25, 0x22, 0x25, 0x1A, 0x05, 0x1A, 0x07, 0x2A, 0x4A, 0x4A,
    0x0A, 0x52, 0x2A, 0x5A, 0x2A, 0x62, 0x4A, 0x6A, 0x8B, 0x7A, 0x6A, 0x7A, 0x8B, 0x7A, 0x6A, 0x82,
    0x6A, 0x82, 0x8A, 0x8A, 0x8B, 0x8A, 0xAA, 0x82, 0xAD, 0x93, 0xCC, 0x93, 0x0C, 0x94, 0xEC, 0x93,
    0xEC, 0x93, 0xEC, 0x93, 0x0D, 0x9C, 0x2D, 0x9C, 0x2D, 0x9C, 0x2D, 0x9C, 0x2D, 0x9C, 0x4D, 0xA4,
    0x6D, 0xA4, 0x6E, 0xAC, 0x6E, 0xAC, 0x8E, 0xB4, 0x8E, 0xAC, 0x8E, 0xB4, 0x8E, 0xAC, 0x6E, 0xAC,
    0x6E, 0xAC, 0xAF, 0xB4, 0xAF, 0xB4, 0xAE, 0xB4, 0xAF, 0xB4, 0xAE, 0xB4, 0xAE, 0xB4, 0xCE, 0xB4,
    0xCE, 0xB4, 0xEF, 0xB4, 0xCE, 0xB4, 0xEF, 0xBC, 0xCF, 0xBC, 0xCE, 0xB4, 0xEF, 0xBC, 0xEF, 0xBC,
    0xCF, 0xBC, 0xEF, 0xBC, 0x0F, 0xBD, 0x10, 0xBD, 0xEF, 0xBC, 0xEF, 0xBC, 0x0F, 0xBD, 0xEF, 0xBC,
    0x10, 0xBD, 0x0F, 0xBD, 0x0F, 0xBD, 0x0F, 0xBD, 0x0F, 0xBD, 0xEF, 0xB4, 0xEF, 0xBC, 0xEF, 0xBC,
    0xEF, 0xBC, 0xEF, 0xBC, 0xCF, 0xBC, 0x2E, 0xBC, 0xEE, 0xBB, 0xAE, 0xBB, 0xAD, 0xBB, 0x8D, 0xBB,
    0xAD, 0xBB, 0x6D, 0xB3, 0x6D, 0xB3, 0xAD, 0xB3, 0xAD, 0xB3, 0x8C, 0xAB, 0x8D, 0xAB, 0x8D, 0xAB,
    0x8D, 0xA3, 0x8D, 0xA3, 0xEE, 0xAB, 0xA9, 0x7A, 0x64, 0x49, 0xC5, 0x51, 0xA4, 0x49, 0x84, 0x49,
    0x64, 0x49, 0xA5, 0x51, 0xC5, 0x51, 0xC4, 0x59, 0x05, 0x62, 0x46, 0x6A, 0x22, 0x39, 0xE3, 0x31,
    0x64, 0x32, 0x43, 0x2A, 0x43, 0x2A, 0x43, 0x32, 0x43, 0x32, 0x03, 0x32, 0x03, 0x3A, 0xC2, 0x39,
    0x82, 0x39, 0x82, 0x39, 0x83, 0x41, 0x83, 0x49, 0x84, 0x51, 0x84, 0x59, 0x84, 0x59, 0x84, 0x51,
    0x63, 0x51, 0x84, 0x51, 0xE5, 0x61, 0xE5, 0x61, 0x05, 0x62, 0x05, 0x6A, 0xC5, 0x61, 0x26, 0x6A,
    0x25, 0x72, 0x66, 0x7A, 0x25, 0x72, 0xE5, 0x69, 0xE4, 0x61, 0xC5, 0x61, 0xE5, 0x69, 0xE5, 0x69,
    0x26, 0x72, 0x66, 0x7A, 0xA8, 0x82, 0xE8, 0x82, 0x09, 0x8B, 0x6A, 0x9B, 0xCB, 0xA3, 0x0C, 0xAC,
    0xC8, 0x82, 0x87, 0x7A, 0x87, 0x7A, 0x25, 0x72, 0x46, 0x72, 0x66, 0x7A, 0x87, 0x7A, 0xA7, 0x82,
    0xA7, 0x82, 0xA7, 0x7A, 0x46, 0x72, 0x26, 0x62, 0x04, 0x5A, 0x85, 0x62, 0xC4, 0x39, 0x22, 0x11,
    0x63, 0x11, 0xA4, 0x19, 0x63, 0x19, 0x42, 0x19, 0x63, 0x31, 0x83, 0x41, 0x43, 0x29, 0x22, 0x11,
    0x42, 0x11, 0x42, 0x11, 0x83, 0x11, 0xA3, 0x19, 0x83, 0x19, 0x83, 0x19, 0xA3, 0x19, 0x83, 0x19,
    0x63, 0x19, 0x63, 0x11, 0x83, 0x11, 0x84, 0x19, 0x43, 0x19, 0xE1, 0x10, 0xE1, 0x08, 0x02, 0x09,
    0x43, 0x11, 0x42, 0x11, 0x62, 0x11, 0x62, 0x11, 0x62, 0x11, 0x42, 0x09, 0x22, 0x09, 0x02, 0x09,
    0xE2, 0x08, 0x02, 0x09, 0x22, 0x09, 0x63, 0x11, 0xA3, 0x19, 0xC4, 0x19, 0xE4, 0x21, 0x05, 0x22,
    0x04, 0x22, 0xE4, 0x19, 0xC3, 0x19, 0xC3, 0x19, 0xC3, 0x19, 0xC4, 0x19, 0xC4, 0x19, 0xA3, 0x19,
    0xC7, 0x3A, 0xC7, 0x3A, 0xA6, 0x32, 0x45, 0x2A, 0x25, 0x22, 0x24, 0x22, 0xE4, 0x19, 0xC5, 0x21,
    0x29, 0x42, 0x6C, 0x52, 0xAE, 0x62, 0xCF, 0x72, 0xEF, 0x72, 0x8C, 0x5A, 0xE4, 0x18, 0xA2, 0x00,
    0xA2, 0x00, 0xC3, 0x00, 0x83, 0x00, 0x42, 0x00, 0x41, 0x00, 0x61, 0x00, 0x65, 0x19, 0xA6, 0x29,
    0xC5, 0x29, 0x25, 0x3A, 0xA6, 0x4A, 0xC7, 0x52, 0xC7, 0x52, 0xC6, 0x52, 0xE7, 0x5A, 0xE7, 0x5A,
    0xC7, 0x52, 0xC7, 0x52, 0xA1, 0x10, 0x40, 0x00, 0x44, 0x21, 0xC9, 0x52, 0x8C, 0x6B, 0xED, 0x73,
    0x8B, 0x6B, 0x47, 0x4A, 0x43, 0x29, 0x63, 0x29, 0xC4, 0x31, 0xE4, 0x31, 0x04, 0x2A, 0x04, 0x32,
    0x46, 0x3A, 0x66, 0x3A, 0x45, 0x32, 0x65, 0x3A, 0x85, 0x3A, 0x65, 0x32, 0x85, 0x32, 0x45, 0x2A,
    0x45, 0x2A, 0x86, 0x32, 0x45, 0x2A, 0x44, 0x2A, 0xE3, 0x21, 0xA3, 0x29, 0xE4, 0x49, 0xC4, 0x51,
    0xC4, 0x59, 0xE4, 0x61, 0xA6, 0x6A, 0xE6, 0x5A, 0x64, 0x3A, 0x44, 0x32, 0x05, 0x3A, 0x68, 0x62,
    0xC9, 0x72, 0xE2, 0x41, 0x01, 0x3A, 0x41, 0x4A, 0x22, 0x4A, 0x22, 0x42, 0x01, 0x3A, 0x02, 0x32,
    0xC2, 0x21, 0x04, 0x22, 0x45, 0x2A, 0x24, 0x22, 0x24, 0x2A, 0x04, 0x22, 0xE5, 0x21, 0xC9, 0x4A,
    0xEE, 0x73, 0x68, 0x3A, 0x63, 0x11, 0xA4, 0x19, 0xE5, 0x21, 0x05, 0x22, 0x26, 0x22, 0xE5, 0x19,
    0x26, 0x22, 0x26, 0x22, 0x26, 0x22, 0x47, 0x2A, 0x67, 0x2A, 0x87, 0x2A, 0xC8, 0x32, 0xE9, 0x32,
    0xA8, 0x2A, 0x26, 0x22, 0x67, 0x2A, 0x05, 0x1A, 0xA4, 0x11, 0xC4, 0x19, 0xE4, 0x19, 0xC4, 0x11,
    0xA3, 0x11, 0xE4, 0x19, 0x25, 0x22, 0x05, 0x22, 0x05, 0x1A, 0xE5, 0x19, 0x07, 0x32, 0x2A, 0x52,
    0x0A, 0x52, 0x0A, 0x5A, 0x2A, 0x62, 0x29, 0x6A, 0x6A, 0x72, 0x4A, 0x72, 0x4A, 0x7A, 0x8B, 0x82,
    0x8B, 0x8A, 0x8B, 0x8A, 0xAB, 0x8A, 0xCB, 0x82, 0x8C, 0x93, 0xEC, 0x8B, 0xCC, 0x8B, 0xEC, 0x8B,
    0xCC, 0x8B, 0xEC, 0x93, 0xEC, 0x93, 0x0D, 0x94, 0x0D, 0x94, 0x2D, 0x9C, 0x0C, 0x9C, 0x0C, 0x9C,
    0x2D, 0xA4, 0x2D, 0xA4, 0x2D, 0xA4, 0x6E, 0xAC, 0x6E, 0xAC, 0x6E, 0xAC, 0x6E, 0xAC, 0x8E, 0xAC,
    0x6E, 0xAC, 0xAE, 0xB4, 0xCF, 0xB4, 0xAE, 0xAC, 0xAE, 0xAC, 0xAE, 0xB4, 0xAE, 0xAC, 0xAE, 0xAC,
    0xCE, 0xB4, 0xAE, 0xB4, 0xAE, 0xB4, 0xAE, 0xB4, 0xEF, 0xBC, 0xEF, 0xBC, 0xCF, 0xBC, 0xCF, 0xBC,
    0xCF, 0xBC, 0xEF, 0xBC, 0x10, 0xBD, 0x0F, 0xBD, 0xEF, 0xBC, 0xEF, 0xBC, 0x0F, 0xBD, 0xEF, 0xBC,
    0xEF, 0xBC, 0x0F, 0xBD, 0x0F, 0xBD, 0x0F, 0xBD, 0xEE, 0xBC, 0x0F, 0xBD, 0xEF, 0xBC, 0xEF, 0xBC,
    0xEF, 0xB4, 0xEF, 0xBC, 0xF0, 0xC4, 0x4E, 0xBC, 0xCE, 0xBB, 0x8D, 0xB3, 0x8D, 0xBB, 0x6D, 0xB3,
    0x8D, 0xB3, 0x6C, 0xB3, 0x8D, 0xB3, 0xAD, 0xB3, 0x6C, 0xAB, 0x6C, 0xAB, 0x8D, 0xAB, 0x6C, 0xAB,
    0x6C, 0xA3, 0x8D, 0xA3, 0xEE, 0xAB, 0xCA, 0x7A, 0x64, 0x49, 0xC5, 0x51, 0xA4, 0x51, 0x84, 0x49,
    0x64, 0x49, 0xA5, 0x51, 0xC5, 0x51, 0xC5, 0x59, 0x05, 0x62, 0x46, 0x6A, 0x84, 0x49, 0xC3, 0x31,
    0x23, 0x2A, 0x23, 0x22, 0x42, 0x2A, 0x22, 0x2A, 0x42, 0x2A, 0x63, 0x32, 0x84, 0x32, 0x64, 0x32,
    0x44, 0x32, 0x23, 0x32, 0x03, 0x32, 0xE3, 0x39, 0xE3, 0x41, 0xA2, 0x41, 0x62, 0x39, 0x62, 0x39,
    0x42, 0x39, 0x83, 0x49, 0xE5, 0x61, 0xE4, 0x61, 0xE5, 0x61, 0x05, 0x62, 0xC4, 0x61, 0x26, 0x6A,
    0x25, 0x72, 0x66, 0x7A, 0x05, 0x72, 0xC4, 0x69, 0xE5, 0x69, 0xE5, 0x69, 0x05, 0x6A, 0xE5, 0x69,
    0xE5, 0x61, 0xC4, 0x61, 0xC5, 0x61, 0x05, 0x6A, 0x25, 0x72, 0x66, 0x7A, 0xC7, 0x82, 0x09, 0x93,
    0x87, 0x7A, 0x87, 0x7A, 0x67, 0x72, 0x05, 0x6A, 0x46, 0x72, 0x67, 0x72, 0xA7, 0x7A, 0xA7, 0x7A,
    0x66, 0x7A, 0x67, 0x7A, 0x26, 0x6A, 0x05, 0x5A, 0x62, 0x39, 0x81, 0x31, 0x61, 0x21, 0x42, 0x11,
    0x82, 0x11, 0x82, 0x19, 0x62, 0x11, 0x42, 0x11, 0xE1, 0x10, 0xA0, 0x10, 0x01, 0x11, 0x63, 0x11,
    0x42, 0x11, 0x42, 0x11, 0x83, 0x19, 0x63, 0x11, 0x62, 0x11, 0x83, 0x19, 0xA3, 0x19, 0x83, 0x19,
    0x63, 0x19, 0x63, 0x11, 0x83, 0x19, 0x83, 0x19, 0x63, 0x11, 0x42, 0x11, 0x22, 0x09, 0x01, 0x09,
    0x22, 0x11, 0x62, 0x11, 0x82, 0x19, 0x82, 0x11, 0x62, 0x11, 0x62, 0x11, 0x42, 0x11, 0x42, 0x11,
    0x63, 0x11, 0x83, 0x19, 0xA3, 0x19, 0xC3, 0x19, 0xA3, 0x19, 0x82, 0x11, 0xA3, 0x19, 0xC3, 0x19,
    0xC3, 0x19, 0xE3, 0x19, 0xE4, 0x19, 0x04, 0x22, 0x04, 0x22, 0x04, 0x22, 0x04, 0x22, 0x04, 0x22,
    0xA6, 0x32, 0x65, 0x32, 0x65, 0x2A, 0x86, 0x32, 0x86, 0x2A, 0x66, 0x2A, 0x46, 0x32, 0x08, 0x32,
    0x0B, 0x42, 0xEC, 0x51, 0x0C, 0x5A, 0x0C, 0x62, 0x4D, 0x6A, 0xCF, 0x72, 0x2A, 0x4A, 0x43, 0x19,
    0x23, 0x11, 0x63, 0x11, 0xE2, 0x08, 0xA1, 0x00, 0xC2, 0x08, 0xA2, 0x00, 0xE3, 0x08, 0x65, 0x21,
    0x85, 0x21, 0xE5, 0x31, 0x45, 0x42, 0x65, 0x4A, 0x85, 0x4A, 0x65, 0x42, 0xA6, 0x4A, 0xE7, 0x52,
    0xC7, 0x52, 0x25, 0x3A, 0x83, 0x21, 0x67, 0x42, 0x6B, 0x5B, 0xAB, 0x6B, 0xAA, 0x63, 0xAA, 0x63,
    0x2C, 0x74, 0x8E, 0x84, 0x8B, 0x63, 0xE4, 0x29, 0x24, 0x32, 0xA6, 0x42, 0x25, 0x32, 0x46, 0x3A,
    0x8B, 0x63, 0x0E, 0x7C, 0x0D, 0x74, 0x08, 0x53, 0x65, 0x3A, 0xA6, 0x3A, 0x65, 0x32, 0x24, 0x2A,
    0x24, 0x2A, 0x04, 0x2A, 0x04, 0x22, 0x44, 0x32, 0x24, 0x2A, 0x41, 0x21, 0x42, 0x41, 0xC4, 0x59,
    0xC4, 0x61, 0xC3, 0x61, 0xE3, 0x59, 0x64, 0x52, 0x85, 0x42, 0x44, 0x3A, 0x42, 0x31, 0x25, 0x49,
    0xE7, 0x61, 0xE3, 0x41, 0xA0, 0x31, 0xC0, 0x31, 0xA1, 0x31, 0xC1, 0x31, 0x02, 0x32, 0x02, 0x2A,
    0xE3, 0x21, 0xC3, 0x19, 0x04, 0x22, 0x25, 0x2A, 0x04, 0x22, 0xE4, 0x21, 0xA4, 0x21, 0xA4, 0x29,
    0x06, 0x3A, 0x26, 0x3A, 0xC4, 0x19, 0xC4, 0x19, 0xC4, 0x19, 0x05, 0x22, 0x05, 0x22, 0xE5, 0x19,
    0xC5, 0x19, 0x26, 0x22, 0x26, 0x22, 0x26, 0x22, 0x06, 0x22, 0x05, 0x1A, 0x05, 0x22, 0x67, 0x2A,
    0x67, 0x2A, 0x87, 0x2A, 0xA8, 0x2A, 0xE9, 0x3A, 0xA7, 0x32, 0xE5, 0x19, 0xC4, 0x11, 0xC4, 0x11,
    0xE4, 0x19, 0xE4, 0x19, 0xE4, 0x19, 0xE4, 0x19, 0xE5, 0x19, 0xC5, 0x19, 0x07, 0x32, 0x2A, 0x4A,
    0xE9, 0x51, 0xC9, 0x51, 0xE9, 0x59, 0x09, 0x62, 0x09, 0x6A, 0x2A, 0x72, 0x6A, 0x7A, 0x6B, 0x82,
    0x4A, 0x82, 0x8B, 0x8A, 0x8A, 0x82, 0xEB, 0x82, 0x6B, 0x83, 0xAC, 0x83, 0xAB, 0x83, 0xCC, 0x8B,
    0xCC, 0x8B, 0xCC, 0x8B, 0xEC, 0x93, 0xEC, 0x93, 0xEC, 0x93, 0xCB, 0x93, 0xEC, 0x93, 0x0C, 0x9C,
    0x2C, 0x9C, 0x2D, 0xA4, 0x2D, 0xA4, 0x4D, 0xA4, 0x4D, 0xAC, 0x4D, 0xA4, 0x6E, 0xAC, 0x8E, 0xAC,
    0x8E, 0xAC, 0x8E, 0xAC, 0xCF, 0xB4, 0xCF, 0xB4, 0x8E, 0xAC, 0x6D, 0xAC, 0x6D, 0xAC, 0x8E, 0xAC,
    0x8D, 0xAC, 0xAE, 0xAC, 0x8D, 0xAC, 0x8E, 0xAC, 0x8E, 0xB4, 0xAE, 0xB4, 0xCE, 0xB4, 0xAE, 0xB4,
    0xCF, 0xBC, 0xEF, 0xBC, 0xEF, 0xBC, 0xCF, 0xBC, 0xEF, 0xBC, 0xEE, 0xBC, 0x0F, 0xBD, 0xEF, 0xBC,
    0xEF, 0xBC, 0xEF, 0xBC, 0xEF, 0xB4, 0xEF, 0xBC, 0x0F, 0xBD, 0xEF, 0xBC, 0xEF, 0xBC, 0xEF, 0xBC,
    0xEF, 0xBC, 0xCE, 0xB4, 0xEF, 0xBC, 0x4E, 0xBC, 0xAD, 0xB3, 0x8D, 0xBB, 0x4C, 0xB3, 0x4C, 0xAB,
    0x8D, 0xB3, 0x8D, 0xB3, 0x8D, 0xB3, 0x6C, 0xAB, 0x4C, 0xAB, 0x6C, 0xAB, 0x4C, 0xA3, 0x4C, 0xA3,
    0x4B, 0x9B, 0x4C, 0x9B, 0xCE, 0xAB, 0xEA, 0x82, 0x64, 0x49, 0xC5, 0x51, 0xA4, 0x51, 0x84, 0x49,
    0x63, 0x49, 0xC5, 0x51, 0xC5, 0x51, 0xC4, 0x59, 0xE4, 0x61, 0x05, 0x6A, 0xE4, 0x51, 0xE3, 0x39,
    0x43, 0x2A, 0x63, 0x2A, 0x43, 0x2A, 0x22, 0x2A, 0x22, 0x22, 0x22, 0x2A, 0x43, 0x2A, 0x84, 0x32,
    0x84, 0x32, 0x84, 0x32, 0x84, 0x32, 0x64, 0x32, 0x63, 0x32, 0x63, 0x3A, 0x44, 0x3A, 0x03, 0x3A,
    0xA2, 0x31, 0x83, 0x49, 0xC5, 0x61, 0xC4, 0x61, 0xE5, 0x61, 0xE5, 0x61, 0xC5, 0x61, 0x26, 0x6A,
    0x45, 0x72, 0x86, 0x7A, 0x05, 0x72, 0xA4, 0x69, 0xE4, 0x69, 0x05, 0x72, 0x05, 0x6A, 0x25, 0x6A,
    0x05, 0x6A, 0x05, 0x6A, 0x05, 0x6A, 0xE5, 0x69, 0xE5, 0x69, 0xE5, 0x69, 0xE4, 0x69, 0x05, 0x6A,
    0x46, 0x72, 0x87, 0x7A, 0x46, 0x72, 0x05, 0x6A, 0x46, 0x72, 0x86, 0x72, 0xA7, 0x7A, 0x86, 0x7A,
    0x46, 0x72, 0x46, 0x72, 0x05, 0x62, 0x05, 0x52, 0xC3, 0x31, 0x03, 0x2A, 0x02, 0x2A, 0x23, 0x2A,
    0x23, 0x2A, 0xE3, 0x21, 0xC3, 0x21, 0xA3, 0x19, 0xA3, 0x19, 0x83, 0x19, 0x83, 0x19, 0x62, 0x11,
    0x42, 0x11, 0x62, 0x11, 0x62, 0x11, 0x42, 0x11, 0x42, 0x19, 0x62, 0x19, 0x82, 0x11, 0x82, 0x11,
    0x62, 0x11, 0x62, 0x11, 0xA3, 0x19, 0x82, 0x11, 0x42, 0x09, 0x62, 0x11, 0x83, 0x19, 0x83, 0x19,
    0x83, 0x19, 0xC3, 0x19, 0xE4, 0x21, 0xC3, 0x21, 0xC3, 0x19, 0xC3, 0x21, 0xC4, 0x21, 0xC4, 0x21,
    0xC4, 0x19, 0xC3, 0x21, 0xC3, 0x19, 0xC3, 0x19, 0xC3, 0x19, 0xA2, 0x19, 0xA2, 0x11, 0xC3, 0x19,
    0xE3, 0x19, 0x04, 0x22, 0x24, 0x22, 0x24, 0x22, 0x24, 0x22, 0x24, 0x22, 0x24, 0x22, 0x24, 0x22,
    0xC6, 0x3A, 0x85, 0x32, 0x45, 0x2A, 0x86, 0x32, 0x66, 0x32, 0x86, 0x32, 0x47, 0x32, 0x88, 0x29,
    0x69, 0x39, 0x69, 0x49, 0xCA, 0x51, 0x2C, 0x62, 0x4C, 0x6A, 0x6C, 0x6A, 0x6B, 0x62, 0xC6, 0x31,
    0x63, 0x11, 0xA3, 0x19, 0x42, 0x11, 0xE1, 0x08, 0x42, 0x11, 0x02, 0x09, 0x81, 0x00, 0xE2, 0x08,
    0x03, 0x11, 0x83, 0x21, 0xC4, 0x31, 0x24, 0x3A, 0x24, 0x3A, 0x65, 0x42, 0x65, 0x42, 0x85, 0x42,
    0x44, 0x3A, 0xC3, 0x29, 0xE4, 0x29, 0xA8, 0x42, 0xC8, 0x4A, 0x29, 0x53, 0x28, 0x53, 0x48, 0x5B,
    0x89, 0x5B, 0xAA, 0x6B, 0x2D, 0x7C, 0x08, 0x4B, 0x24, 0x2A, 0x65, 0x32, 0x87, 0x42, 0x2B, 0x5B,
    0xAC, 0x73, 0xED, 0x7B, 0xED, 0x7B, 0x4E, 0x84, 0x08, 0x53, 0x44, 0x32, 0x24, 0x2A, 0x04, 0x2A,
    0xE3, 0x21, 0xE3, 0x21, 0x45, 0x2A, 0x44, 0x32, 0x44, 0x2A, 0xC3, 0x31, 0xA3, 0x41, 0x83, 0x49,
    0xA3, 0x51, 0xE4, 0x59, 0xC3, 0x49, 0xE3, 0x39, 0x02, 0x32, 0x03, 0x32, 0xC3, 0x39, 0x43, 0x39,
    0xA4, 0x41, 0xC3, 0x31, 0xC4, 0x29, 0x05, 0x32, 0xE5, 0x29, 0x05, 0x2A, 0xA3, 0x19, 0xC4, 0x21,
    0x45, 0x2A, 0x44, 0x2A, 0x04, 0x22, 0x05, 0x22, 0x04, 0x22, 0xE4, 0x21, 0xA3, 0x19, 0x42, 0x11,
    0x83, 0x19, 0xC4, 0x21, 0xE5, 0x21, 0xA4, 0x19, 0xC4, 0x19, 0x05, 0x22, 0x05, 0x22, 0xE5, 0x21,
    0xE5, 0x19, 0xE5, 0x19, 0xE5, 0x19, 0x46, 0x2A, 0x67, 0x2A, 0x46, 0x2A, 0x05, 0x22, 0x06, 0x22,
    0x06, 0x22, 0x26, 0x22, 0x47, 0x22, 0x88, 0x2A, 0xC8, 0x32, 0xE9, 0x32, 0x09, 0x3B, 0x87, 0x2A,
    0x45, 0x22, 0x05, 0x1A, 0xE4, 0x19, 0xE4, 0x19, 0xE4, 0x19, 0xC4, 0x19, 0x07, 0x32, 0x2A, 0x4A,
    0xE9, 0x51, 0xE9, 0x51, 0x09, 0x5A, 0x29, 0x62, 0x8B, 0x72, 0x6B, 0x7A, 0x6A, 0x7A, 0x6B, 0x82,
    0x4A, 0x7A, 0x4A, 0x7A, 0x49, 0x7A, 0xEA, 0x82, 0x4B, 0x83, 0x8C, 0x83, 0x8C, 0x83, 0xAC, 0x83,
    0xCC, 0x8B, 0xCC, 0x8B, 0xCC, 0x8B, 0xCC, 0x8B, 0xCB, 0x8B, 0xCB, 0x93, 0x0C, 0x94, 0x2C, 0x9C,
    0x2C, 0x9C, 0x2D, 0x9C, 0x4D, 0xA4, 0x4D, 0xA4, 0x6E, 0xAC, 0x4D, 0xA4, 0x6D, 0xAC, 0x6D, 0xAC,
    0x4D, 0xAC, 0x2D, 0xA4, 0x8E, 0xAC, 0xCF, 0xB4, 0xAE, 0xAC, 0x8E, 0xAC, 0x8E, 0xAC, 0xAE, 0xAC,
    0x8D, 0xAC, 0x8D, 0xAC, 0x8E, 0xAC, 0xAE, 0xB4, 0xAE, 0xB4, 0xAE, 0xB4, 0xAE, 0xB4, 0x8E, 0xAC,
    0xAE, 0xB4, 0xCF, 0xB4, 0xAE, 0xB4, 0xCF, 0xBC, 0xCF, 0xBC, 0xCE, 0xB4, 0xCE, 0xB4, 0xCE, 0xBC,
    0xCE, 0xB4, 0xEF, 0xBC, 0xCE, 0xBC, 0xCE, 0xB4, 0xCE, 0xBC, 0xCE, 0xB4, 0xCE, 0xB4, 0xCE, 0xB4,
    0xAE, 0xB4, 0xCE, 0xB4, 0xEF, 0xBC, 0x4E, 0xBC, 0xAD, 0xB3, 0x4C, 0xAB, 0x6C, 0xAB, 0x8D, 0xB3,
    0x6C, 0xAB, 0x6C, 0xAB, 0x8D, 0xB3, 0x6C, 0xAB, 0x6C, 0xAB, 0x6C, 0xAB, 0x4C, 0xA3, 0x2B, 0x9B,
    0x4B, 0x9B, 0x4C, 0x9B, 0xAD, 0xA3, 0xEA, 0x82, 0x64, 0x41, 0xE5, 0x51, 0xC5, 0x49, 0x84, 0x49,
    0x84, 0x49, 0xC5, 0x51, 0xA4, 0x51, 0xC4, 0x51, 0x05, 0x62, 0x05, 0x6A, 0x05, 0x5A, 0x03, 0x3A,
    0x44, 0x32, 0x43, 0x2A, 0x43, 0x2A, 0x22, 0x2A, 0x23, 0x2A, 0x43, 0x32, 0x43, 0x2A, 0x63, 0x32,
    0x64, 0x32, 0x63, 0x32, 0xA4, 0x32, 0xA4, 0x3A, 0x63, 0x32, 0x63, 0x32, 0x43, 0x32, 0x63, 0x32,
    0x43, 0x3A, 0xC4, 0x49, 0xE5, 0x59, 0xC4, 0x59, 0xE5, 0x61, 0xE5, 0x61, 0xE5, 0x61, 0x05, 0x6A,
    0x25, 0x72, 0x86, 0x7A, 0xE4, 0x69, 0xA4, 0x61, 0xE4, 0x61, 0xE4, 0x69, 0x05, 0x6A, 0x25, 0x6A,
    0x25, 0x72, 0x05, 0x6A, 0x05, 0x6A, 0x05, 0x72, 0x26, 0x72, 0x26, 0x72, 0x25, 0x72, 0xE5, 0x69,
    0x26, 0x6A, 0x67, 0x72, 0x46, 0x72, 0x05, 0x6A, 0x66, 0x72, 0x66, 0x72, 0xA7, 0x7A, 0x66, 0x7A,
    0x46, 0x72, 0x46, 0x6A, 0x05, 0x62, 0xE4, 0x51, 0x03, 0x32, 0x43, 0x32, 0x43, 0x2A, 0x43, 0x2A,
    0x43, 0x2A, 0x43, 0x2A, 0x43, 0x2A, 0x44, 0x2A, 0x44, 0x2A, 0xE3, 0x21, 0xC3, 0x21, 0xC4, 0x21,
    0xA3, 0x19, 0xA3, 0x19, 0xA2, 0x19, 0xA2, 0x21, 0xE3, 0x31, 0x03, 0x32, 0x03, 0x2A, 0xE3, 0x21,
    0xE3, 0x21, 0xC3, 0x21, 0x03, 0x22, 0xE3, 0x21, 0xC3, 0x19, 0xC3, 0x21, 0xE3, 0x21, 0x04, 0x22,
    0xE4, 0x21, 0xE3, 0x21, 0xC3, 0x21, 0xC3, 0x19, 0xC3, 0x21, 0xE3, 0x21, 0xE3, 0x21, 0xE3, 0x21,
    0xC3, 0x21, 0xC3, 0x19, 0xC3, 0x19, 0xE3, 0x21, 0x03, 0x22, 0x03, 0x22, 0x44, 0x2A, 0x65, 0x2A,
    0x65, 0x32, 0x65, 0x2A, 0x45, 0x2A, 0x44, 0x2A, 0x44, 0x2A, 0x24, 0x22, 0x24, 0x22, 0x24, 0x22,
    0x65, 0x2A, 0x86, 0x32, 0x45, 0x2A, 0x45, 0x2A, 0x25, 0x22, 0x25, 0x2A, 0xA5, 0x21, 0xE7, 0x18,
    0x28, 0x31, 0x69, 0x41, 0xA9, 0x49, 0xEA, 0x59, 0x2B, 0x62, 0x2B, 0x62, 0x4A, 0x62, 0xC6, 0x31,
    0xC4, 0x21, 0xE4, 0x21, 0x04, 0x2A, 0xA3, 0x19, 0xA3, 0x19, 0x63, 0x19, 0x02, 0x11, 0x80, 0x00,
    0xC1, 0x08, 0x01, 0x11, 0x62, 0x19, 0x82, 0x21, 0xE3, 0x31, 0x04, 0x32, 0x44, 0x3A, 0x03, 0x32,
    0x03, 0x2A, 0x45, 0x32, 0x46, 0x3A, 0x06, 0x32, 0x46, 0x3A, 0xA7, 0x42, 0xE7, 0x52, 0xE7, 0x4A,
    0x08, 0x53, 0x28, 0x5B, 0x8A, 0x63, 0x8A, 0x63, 0x44, 0x32, 0x46, 0x32, 0x88, 0x42, 0xE9, 0x5A,
    0x2A, 0x63, 0x6B, 0x6B, 0x8B, 0x73, 0xCC, 0x7B, 0x8A, 0x6B, 0x24, 0x32, 0x65, 0x32, 0x04, 0x2A,
    0xE4, 0x21, 0x24, 0x2A, 0x65, 0x32, 0x85, 0x32, 0x64, 0x32, 0x65, 0x32, 0x24, 0x32, 0xE3, 0x31,
    0x24, 0x42, 0x03, 0x3A, 0x23, 0x3A, 0x64, 0x3A, 0x23, 0x2A, 0xC2, 0x21, 0x24, 0x32, 0x03, 0x32,
    0xC4, 0x29, 0x89, 0x3A, 0x8E, 0x5B, 0xB0, 0x5B, 0x90, 0x5B, 0xB0, 0x5B, 0x4D, 0x4B, 0x47, 0x2A,
    0xA3, 0x19, 0x45, 0x2A, 0x24, 0x2A, 0xE4, 0x21, 0xE4, 0x21, 0x24, 0x22, 0x04, 0x22, 0x04, 0x22,
    0xE4, 0x21, 0x04, 0x22, 0xE5, 0x21, 0xA3, 0x19, 0x83, 0x11, 0xA4, 0x19, 0xE5, 0x21, 0x05, 0x22,
    0xC5, 0x19, 0xC5, 0x19, 0xE5, 0x19, 0xE5, 0x19, 0x05, 0x22, 0x06, 0x22, 0x46, 0x2A, 0xE5, 0x19,
    0x63, 0x09, 0xC5, 0x19, 0x06, 0x1A, 0x47, 0x22, 0x26, 0x22, 0x47, 0x22, 0x87, 0x2A, 0x67, 0x22,
    0x87, 0x2A, 0xC8, 0x32, 0x67, 0x2A, 0xC4, 0x11, 0xC4, 0x19, 0xC4, 0x19, 0xC6, 0x29, 0x09, 0x4A,
    0x0A, 0x52, 0x2A, 0x52, 0x2A, 0x5A, 0x29, 0x62, 0x4A, 0x6A, 0x29, 0x6A, 0x4A, 0x72, 0x8B, 0x82,
    0x8B, 0x82, 0x6A, 0x82, 0x6A, 0x7A, 0xEB, 0x82, 0x4B, 0x83, 0x8B, 0x83, 0x8C, 0x83, 0x8C, 0x83,
    0xCC, 0x8B, 0xAB, 0x83, 0x8B, 0x83, 0xCC, 0x8B, 0xAB, 0x8B, 0xCB, 0x8B, 0x0C, 0x94, 0x0C, 0x9C,
    0x2C, 0x9C, 0x2C, 0x9C, 0x0C, 0x9C, 0x2C, 0x9C, 0x2D, 0xA4, 0x0C, 0x9C, 0x2D, 0xA4, 0x2D, 0xA4,
    0x2D, 0xA4, 0x2D, 0xA4, 0x4D, 0xA4, 0x8E, 0xAC, 0x6E, 0xAC, 0x8E, 0xAC, 0x8D, 0xAC, 0x6D, 0xA4,
    0x6D, 0xAC, 0x8D, 0xAC, 0x6D, 0xAC, 0x6D, 0xAC, 0xAE, 0xB4, 0x8D, 0xAC, 0x8E, 0xAC, 0xAE, 0xB4,
    0xAE, 0xB4, 0xAE, 0xB4, 0xCF, 0xB4, 0xAE, 0xB4, 0xCE, 0xB4, 0xCF, 0xBC, 0xCE, 0xB4, 0xAE, 0xB4,
    0xAE, 0xB4, 0xCE, 0xB4, 0xCE, 0xB4, 0xCE, 0xB4, 0xCE, 0xB4, 0xCE, 0xB4, 0xCE, 0xB4, 0xCE, 0xB4,
    0xCE, 0xB4, 0xAE, 0xB4, 0xAE, 0xB4, 0x4E, 0xB4, 0xAD, 0xB3, 0x6C, 0xB3, 0x8D, 0xB3, 0x8C, 0xB3,
    0x6C, 0xAB, 0x6C, 0xAB, 0x6C, 0xAB, 0x6C, 0xAB, 0x4C, 0xAB, 0x2B, 0xA3, 0x2B, 0x9B, 0x2B, 0x9B,
    0x4B, 0x9B, 0x4C, 0x9B, 0xAD, 0x9B, 0x0A, 0x83, 0x84, 0x49, 0xA4, 0x49, 0x64, 0x49, 0x23, 0x41,
    0x03, 0x41, 0xA5, 0x51, 0xC5, 0x51, 0xC4, 0x51, 0x05, 0x62, 0x05, 0x6A, 0xE4, 0x59, 0xC3, 0x31,
    0xC2, 0x21, 0xE2, 0x19, 0x02, 0x22, 0x03, 0x22, 0x23, 0x2A, 0x43, 0x2A, 0x43, 0x2A, 0x43, 0x2A,
    0x43, 0x2A, 0x43, 0x2A, 0x63, 0x32, 0x63, 0x32, 0x63, 0x32, 0x63, 0x32, 0x63, 0x32, 0x64, 0x32,
    0x44, 0x3A, 0xC4, 0x49, 0xC4, 0x59, 0xC4, 0x59, 0xE5, 0x61, 0xE4, 0x61, 0xC4, 0x61, 0x05, 0x6A,
    0x05, 0x6A, 0x66, 0x72, 0x83, 0x59, 0x02, 0x49, 0xA4, 0x59, 0xC4, 0x61, 0xE5, 0x61, 0xE5, 0x69,
    0x05, 0x6A, 0xE5, 0x69, 0xE5, 0x61, 0xE5, 0x61, 0xE5, 0x69, 0x26, 0x6A, 0x26, 0x6A, 0x05, 0x6A,
    0x26, 0x6A, 0x66, 0x72, 0x46, 0x72, 0x05, 0x6A, 0x46, 0x72, 0x66, 0x72, 0x87, 0x7A, 0x46, 0x72,
    0x46, 0x72, 0x46, 0x6A, 0xE5, 0x59, 0xE4, 0x49, 0x03, 0x32, 0x63, 0x32, 0x43, 0x32, 0x43, 0x32,
    0x63, 0x32, 0x63, 0x32, 0x63, 0x32, 0x23, 0x2A, 0x45, 0x32, 0xC9, 0x4A, 0x4D, 0x5B, 0x4D, 0x5B,
    0x0C, 0x53, 0xEB, 0x4A, 0x89, 0x42, 0x25, 0x32, 0xE2, 0x31, 0x23, 0x32, 0x43, 0x2A, 0x44, 0x2A,
    0x23, 0x2A, 0x03, 0x2A, 0x03, 0x22, 0x03, 0x22, 0xC3, 0x19, 0xE3, 0x21, 0x03, 0x22, 0x03, 0x22,
    0x03, 0x22, 0xE3, 0x21, 0xE3, 0x21, 0xC3, 0x21, 0xC3, 0x19, 0xC3, 0x21, 0xE4, 0x21, 0xE3, 0x21,
    0xC3, 0x21, 0xE3, 0x21, 0x03, 0x22, 0x23, 0x22, 0x44, 0x2A, 0x64, 0x2A, 0x85, 0x32, 0x65, 0x2A,
    0x44, 0x2A, 0x24, 0x2A, 0x24, 0x22, 0x24, 0x22, 0x24, 0x22, 0x04, 0x22, 0x04, 0x22, 0x04, 0x22,
    0x65, 0x2A, 0x45, 0x2A, 0x05, 0x22, 0xC4, 0x19, 0xC4, 0x19, 0xA3, 0x19, 0x64, 0x19, 0xE6, 0x10,
    0xE6, 0x20, 0x26, 0x39, 0x68, 0x41, 0xC9, 0x51, 0x0A, 0x62, 0x0A, 0x5A, 0x2A, 0x5A, 0xE6, 0x39,
    0xE4, 0x29, 0x65, 0x32, 0x45, 0x32, 0x25, 0x2A, 0x04, 0x22, 0x04, 0x2A, 0x05, 0x2A, 0x83, 0x19,
    0xA3, 0x21, 0xA3, 0x21, 0x62, 0x19, 0xC3, 0x21, 0x25, 0x32, 0x25, 0x32, 0x44, 0x32, 0x24, 0x2A,
    0x24, 0x2A, 0x45, 0x32, 0x04, 0x2A, 0xC5, 0x29, 0x26, 0x32, 0x45, 0x3A, 0xA6, 0x4A, 0xE7, 0x52,
    0xE7, 0x52, 0xE7, 0x52, 0x48, 0x63, 0x69, 0x5B, 0x45, 0x32, 0x05, 0x32, 0xE6, 0x31, 0x67, 0x4A,
    0xC8, 0x5A, 0xE9, 0x5A, 0x4A, 0x6B, 0x4A, 0x6B, 0x6A, 0x6B, 0x24, 0x32, 0x65, 0x32, 0x65, 0x32,
    0x24, 0x2A, 0x65, 0x32, 0x44, 0x32, 0x44, 0x32, 0x23, 0x2A, 0x03, 0x22, 0x64, 0x32, 0x44, 0x32,
    0x44, 0x32, 0x64, 0x32, 0x85, 0x3A, 0x85, 0x3A, 0x24, 0x32, 0xA2, 0x21, 0xE3, 0x29, 0x05, 0x2A,
    0xAB, 0x42, 0x30, 0x53, 0x10, 0x4B, 0x50, 0x4B, 0x71, 0x53, 0x91, 0x5B, 0xD2, 0x63, 0xD0, 0x63,
    0x48, 0x32, 0xC4, 0x19, 0x45, 0x2A, 0x45, 0x2A, 0xE4, 0x21, 0xE4, 0x21, 0xE4, 0x21, 0xE4, 0x21,
    0xC3, 0x21, 0xC3, 0x19, 0xE4, 0x21, 0xC4, 0x19, 0xE4, 0x21, 0x83, 0x11, 0x63, 0x11, 0x83, 0x11,
    0xE5, 0x21, 0xE5, 0x21, 0xE5, 0x19, 0xA4, 0x11, 0x63, 0x11, 0xA4, 0x11, 0xE5, 0x19, 0x26, 0x22,
    0xC5, 0x19, 0x05, 0x1A, 0x47, 0x2A, 0x26, 0x22, 0xE5, 0x19, 0x26, 0x22, 0x67, 0x2A, 0x87, 0x2A,
    0x66, 0x22, 0x26, 0x22, 0x88, 0x2A, 0x67, 0x2A, 0x25, 0x22, 0xA4, 0x19, 0xC6, 0x29, 0xE9, 0x41,
    0xC9, 0x49, 0x0A, 0x52, 0x09, 0x52, 0xE8, 0x51, 0x4A, 0x62, 0x6A, 0x72, 0x4A, 0x72, 0x4A, 0x7A,
    0x4A, 0x7A, 0x4A, 0x7A, 0x49, 0x72, 0xCA, 0x7A, 0x2B, 0x7B, 0x8B, 0x7B, 0x6B, 0x7B, 0x8B, 0x83,
    0x8B, 0x83, 0xAC, 0x83, 0x8B, 0x83, 0x8B, 0x83, 0xEC, 0x93, 0xEC, 0x93, 0xCB, 0x8B, 0xCB, 0x8B,
    0x0C, 0x94, 0x0C, 0x94, 0xEB, 0x93, 0x0C, 0x9C, 0x0C, 0x9C, 0x0C, 0x9C, 0x0C, 0x9C, 0x2C, 0x9C,
    0x4D, 0xA4, 0x2D, 0xA4, 0x2C, 0x9C, 0x6D, 0xA4, 0x8E, 0xAC, 0x6D, 0xA4, 0x8E, 0xAC, 0x8D, 0xAC,
    0x6D, 0xA4, 0x8E, 0xAC, 0x8D, 0xAC, 0x8E, 0xAC, 0x8E, 0xAC, 0x8E, 0xB4, 0x8E, 0xAC, 0x8E, 0xB4,
    0xAE, 0xB4, 0x8E, 0xB4, 0xAE, 0xB4, 0xAE, 0xB4, 0x8D, 0xAC, 0x8D, 0xB4, 0xAE, 0xB4, 0xAE, 0xB4,
    0xCE, 0xB4, 0x8E, 0xB4, 0xAE, 0xB4, 0xAE, 0xB4, 0xAE, 0xB4, 0xCE, 0xB4, 0xAE, 0xB4, 0xAE, 0xB4,
    0xAE, 0xB4, 0xAE, 0xB4, 0xAE, 0xB4, 0x4E, 0xB4, 0x8C, 0xAB, 0x4C, 0xAB, 0x8D, 0xB3, 0x4C, 0xAB,
    0x4C, 0xAB, 0x6C, 0xAB, 0x4C, 0xAB, 0x2C, 0xA3, 0x0B, 0xA3, 0x0B, 0x9B, 0xEA, 0x92, 0x2B, 0x9B,
    0x0A, 0x93, 0x2B, 0x93, 0xAD, 0xA3, 0xEA, 0x82, 0x64, 0x51, 0xA9, 0x7A, 0x8C, 0x9B, 0xCD, 0xA3,
    0x0B, 0x8B, 0x47, 0x6A, 0x64, 0x51, 0xC4, 0x59, 0x05, 0x62, 0x05, 0x6A, 0x46, 0x6A, 0xA7, 0x62,
    0xA7, 0x52, 0x86, 0x4A, 0x45, 0x3A, 0x24, 0x32, 0x24, 0x2A, 0x44, 0x32, 0x64, 0x32, 0x63, 0x32,
    0x84, 0x32, 0x84, 0x32, 0x84, 0x32, 0x63, 0x32, 0x43, 0x32, 0x43, 0x32, 0x43, 0x32, 0x63, 0x32,
    0x44, 0x32, 0xE4, 0x49, 0xE5, 0x59, 0xC4, 0x59, 0xE5, 0x61, 0xE4, 0x61, 0xC4, 0x61, 0x05, 0x6A,
    0x05, 0x6A, 0x45, 0x72, 0x83, 0x59, 0xA1, 0x30, 0xC1, 0x28, 0x22, 0x31, 0x63, 0x41, 0xA3, 0x51,
    0xC5, 0x61, 0x06, 0x6A, 0x26, 0x6A, 0x05, 0x6A, 0xE5, 0x69, 0x05, 0x6A, 0x26, 0x6A, 0x05, 0x6A,
    0x46, 0x6A, 0x66, 0x72, 0x46, 0x72, 0xE5, 0x69, 0x46, 0x72, 0x86, 0x72, 0xA7, 0x7A, 0x46, 0x72,
    0x46, 0x72, 0x26, 0x6A, 0xE5, 0x59, 0xE4, 0x49, 0x24, 0x32, 0x43, 0x2A, 0x43, 0x32, 0x64, 0x32,
    0x63, 0x32, 0x63, 0x32, 0x44, 0x32, 0xE9, 0x4A, 0xAF, 0x63, 0xF2, 0x73, 0xB2, 0x6B, 0x71, 0x63,
    0x50, 0x5B, 0x70, 0x5B, 0x4F, 0x5B, 0xEC, 0x52, 0x48, 0x3A, 0xE4, 0x29, 0x23, 0x2A, 0x43, 0x2A,
    0x43, 0x2A, 0x23, 0x2A, 0x23, 0x2A, 0x23, 0x2A, 0xE3, 0x21, 0xE3, 0x21, 0x23, 0x2A, 0x23, 0x2A,
    0x03, 0x22, 0xE3, 0x21, 0x04, 0x22, 0x04, 0x22, 0xE3, 0x21, 0xC3, 0x21, 0xE3, 0x21, 0xE3, 0x21,
    0x03, 0x22, 0x23, 0x22, 0x43, 0x2A, 0x44, 0x2A, 0x44, 0x2A, 0x44, 0x2A, 0x44, 0x2A, 0x24, 0x22,
    0x03, 0x22, 0x04, 0x22, 0x04, 0x22, 0x04, 0x22, 0x04, 0x22, 0xE4, 0x21, 0xE4, 0x21, 0x04, 0x22,
    0x45, 0x2A, 0x25, 0x2A, 0x04, 0x22, 0xA4, 0x19, 0x83, 0x11, 0x63, 0x11, 0x43, 0x09, 0xC3, 0x08,
    0x83, 0x08, 0xE4, 0x20, 0x46, 0x31, 0x87, 0x41, 0xC7, 0x49, 0x07, 0x4A, 0x27, 0x42, 0xC4, 0x29,
    0xE3, 0x21, 0xA6, 0x3A, 0x65, 0x32, 0x65, 0x32, 0x04, 0x2A, 0xE4, 0x21, 0x04, 0x2A, 0x25, 0x2A,
    0x04, 0x2A, 0x04, 0x2A, 0x04, 0x2A, 0x04, 0x22, 0x24, 0x2A, 0x45, 0x32, 0x45, 0x2A, 0x24, 0x2A,
    0x04, 0x22, 0xC4, 0x19, 0xA4, 0x19, 0x83, 0x19, 0xC4, 0x29, 0xE3, 0x29, 0x65, 0x42, 0xA6, 0x4A,
    0xA6, 0x4A, 0xA5, 0x4A, 0xE7, 0x52, 0xE7, 0x52, 0xE4, 0x29, 0x42, 0x11, 0x43, 0x21, 0xE6, 0x39,
    0x46, 0x4A, 0x87, 0x4A, 0xC7, 0x5A, 0x09, 0x63, 0x28, 0x5B, 0x45, 0x3A, 0x44, 0x32, 0x85, 0x32,
    0x44, 0x32, 0x44, 0x32, 0x64, 0x32, 0x43, 0x32, 0x44, 0x32, 0x85, 0x3A, 0x64, 0x32, 0x65, 0x32,
    0x24, 0x2A, 0x64, 0x32, 0x64, 0x32, 0xA5, 0x3A, 0x44, 0x32, 0xE3, 0x29, 0xA3, 0x19, 0x28, 0x2A,
    0xAE, 0x3A, 0xAF, 0x42, 0xAF, 0x3A, 0xCF, 0x42, 0x10, 0x4B, 0x10, 0x4B, 0x0F, 0x53, 0x50, 0x5B,
    0xF0, 0x63, 0x47, 0x2A, 0x04, 0x22, 0x24, 0x22, 0x04, 0x22, 0xC4, 0x21, 0xC4, 0x21, 0xC3, 0x19,
    0xE4, 0x21, 0x04, 0x22, 0x04, 0x22, 0x05, 0x22, 0xE4, 0x19, 0xE4, 0x19, 0xC4, 0x19, 0x63, 0x11,
    0x83, 0x11, 0xC4, 0x19, 0xA4, 0x19, 0xA4, 0x19, 0xA4, 0x11, 0xA4, 0x19, 0xA4, 0x19, 0xE5, 0x19,
    0xE5, 0x19, 0xE5, 0x19, 0x05, 0x22, 0x06, 0x22, 0x47, 0x2A, 0x27, 0x22, 0x06, 0x22, 0x26, 0x22,
    0x46, 0x22, 0x06, 0x22, 0x47, 0x22, 0x67, 0x2A, 0x67, 0x2A, 0x26, 0x2A, 0xE6, 0x31, 0xE8, 0x41,
    0xC9, 0x49, 0xE9, 0x49, 0x09, 0x52, 0xE8, 0x51, 0x49, 0x62, 0x4A, 0x6A, 0x4A, 0x72, 0x2A, 0x72,
    0x29, 0x72, 0x4A, 0x72, 0x49, 0x72, 0xAA, 0x72, 0x2B, 0x7B, 0x6B, 0x7B, 0x6B, 0x7B, 0x6B, 0x7B,
    0x8B, 0x83, 0xCC, 0x8B, 0xAB, 0x83, 0x8B, 0x83, 0xAB, 0x8B, 0xAB, 0x8B, 0xAB, 0x8B, 0xEB, 0x93,
    0xEB, 0x93, 0xCB, 0x93, 0x0C, 0x9C, 0x0C, 0x9C, 0xEC, 0x9B, 0x0C, 0x9C, 0x2C, 0x9C, 0x0C, 0x9C,
    0x0C, 0x9C, 0x0C, 0x9C, 0x2C, 0x9C, 0x4D, 0xA4, 0x6E, 0xAC, 0x8E, 0xAC, 0x8E, 0xAC, 0x8E, 0xAC,
    0x8E, 0xAC, 0x4D, 0xA4, 0x6D, 0xAC, 0x8E, 0xAC, 0x8E, 0xAC, 0x8D, 0xAC, 0x6D, 0xAC, 0x4D, 0xAC,
    0x6D, 0xAC, 0x8D, 0xAC, 0x8E, 0xB4, 0x6D, 0xAC, 0x8E, 0xB4, 0xAE, 0xB4, 0xAE, 0xB4, 0xAE, 0xB4,
    0xAE, 0xB4, 0xCF, 0xB4, 0xCE, 0xB4, 0xAE, 0xB4, 0xAE, 0xB4, 0x8E, 0xAC, 0xAE, 0xB4, 0xAE, 0xB4,
    0x8E, 0xB4, 0xAE, 0xB4, 0xAE, 0xB4, 0x4E, 0xB4, 0x8C, 0xAB, 0x6C, 0xAB, 0x8D, 0xB3, 0x6C, 0xAB,
    0x6C, 0xAB, 0x6C, 0xAB, 0x2B, 0xA3, 0x0B, 0x9B, 0x0B, 0x9B, 0x0B, 0x9B, 0x0B, 0x9B, 0x2B, 0x9B,
    0xEA, 0x92, 0x0B, 0x93, 0x6D, 0x9B, 0xC9, 0x82, 0x2B, 0x9B, 0xB1, 0xCC, 0xB0, 0xD4, 0x6F, 0xCC,
    0x4F, 0xC4, 0x50, 0xBC, 0xEA, 0x82, 0xA4, 0x51, 0xE4, 0x61, 0xE5, 0x61, 0x25, 0x62, 0x46, 0x6A,
    0xA8, 0x72, 0x09, 0x7B, 0x29, 0x7B, 0x29, 0x73, 0x29, 0x6B, 0x29, 0x6B, 0x28, 0x63, 0xC7, 0x52,
    0x85, 0x4A, 0x84, 0x42, 0x84, 0x3A, 0x63, 0x32, 0x43, 0x32, 0x22, 0x2A, 0x22, 0x2A, 0x43, 0x2A,
    0x23, 0x32, 0xE4, 0x49, 0xE5, 0x59, 0xC4, 0x59, 0xE5, 0x61, 0xE4, 0x61, 0xE4, 0x61, 0x05, 0x62,
    0x05, 0x6A, 0x25, 0x72, 0x83, 0x51, 0xE2, 0x30, 0xA1, 0x18, 0x04, 0x32, 0x04, 0x32, 0xC3, 0x31,
    0x82, 0x39, 0x62, 0x49, 0xA3, 0x51, 0xE4, 0x61, 0x25, 0x6A, 0x26, 0x72, 0x25, 0x6A, 0x25, 0x6A,
    0x46, 0x6A, 0x66, 0x72, 0x46, 0x6A, 0x05, 0x6A, 0x46, 0x72, 0x86, 0x72, 0xA7, 0x7A, 0x46, 0x72,
    0x46, 0x6A, 0x25, 0x62, 0xE5, 0x59, 0xE4, 0x41, 0x03, 0x32, 0x23, 0x2A, 0x63, 0x32, 0x64, 0x32,
    0x43, 0x32, 0x23, 0x2A, 0xC9, 0x42, 0xF1, 0x73, 0xB1, 0x6B, 0x51, 0x63, 0x30, 0x63, 0x30, 0x5B,
    0xEF, 0x52, 0x0F, 0x5B, 0xEF, 0x52, 0xCE, 0x4A, 0xED, 0x4A, 0x8A, 0x42, 0x45, 0x2A, 0x43, 0x2A,
    0x44, 0x2A, 0x23, 0x2A, 0x23, 0x2A, 0x03, 0x22, 0xC3, 0x21, 0xC3, 0x21, 0xE3, 0x21, 0xE3, 0x21,
    0xC3, 0x19, 0xC3, 0x19, 0x04, 0x22, 0xE4, 0x21, 0xC3, 0x21, 0xC3, 0x19, 0xE3, 0x21, 0xE3, 0x21,
    0x03, 0x2A, 0x23, 0x22, 0x23, 0x22, 0x24, 0x22, 0x24, 0x22, 0x24, 0x22, 0x04, 0x22, 0x03, 0x22,
    0xE3, 0x19, 0xE4, 0x19, 0xE4, 0x19, 0xC4, 0x19, 0xE4, 0x19, 0xE4, 0x21, 0xE4, 0x21, 0xC4, 0x19,
    0x45, 0x2A, 0x45, 0x2A, 0x45, 0x2A, 0xE4, 0x21, 0xA3, 0x19, 0x42, 0x11, 0x21, 0x09, 0x43, 0x11,
    0xA5, 0x21, 0xC5, 0x29, 0xC5, 0x31, 0x64, 0x29, 0xA5, 0x31, 0xE5, 0x31, 0x25, 0x32, 0x24, 0x2A,
    0xE3, 0x21, 0x25, 0x2A, 0x04, 0x2A, 0x45, 0x2A, 0x04, 0x22, 0x25, 0x2A, 0x45, 0x2A, 0x45, 0x2A,
    0x25, 0x2A, 0x45, 0x2A, 0x66, 0x32, 0x24, 0x2A, 0x04, 0x22, 0x24, 0x2A, 0x04, 0x22, 0xA3, 0x19,
    0x42, 0x11, 0x22, 0x09, 0x43, 0x11, 0x43, 0x11, 0x22, 0x11, 0x62, 0x21, 0xA2, 0x29, 0x03, 0x32,
    0x23, 0x3A, 0x85, 0x4A, 0xA5, 0x4A, 0x65, 0x3A, 0xE3, 0x21, 0x42, 0x11, 0x01, 0x11, 0x63, 0x29,
    0x62, 0x29, 0xE4, 0x39, 0x25, 0x42, 0x25, 0x42, 0x65, 0x42, 0x44, 0x32, 0x44, 0x2A, 0x64, 0x32,
    0x44, 0x32, 0x64, 0x32, 0xA5, 0x3A, 0x64, 0x32, 0x64, 0x32, 0x85, 0x3A, 0x24, 0x32, 0x04, 0x2A,
    0x24, 0x2A, 0x64, 0x32, 0x84, 0x32, 0x64, 0x32, 0x85, 0x32, 0x03, 0x2A, 0xA5, 0x19, 0x4B, 0x2A,
    0x2D, 0x2A, 0x6E, 0x32, 0xAF, 0x3A, 0xCF, 0x42, 0xEF, 0x4A, 0x0F, 0x4B, 0x2F, 0x53, 0x2F, 0x53,
    0xB0, 0x5B, 0x2C, 0x4B, 0xC3, 0x19, 0x04, 0x22, 0x45, 0x2A, 0x46, 0x2A, 0x25, 0x2A, 0x05, 0x22,
    0x05, 0x22, 0x05, 0x22, 0x25, 0x2A, 0x05, 0x22, 0xE4, 0x19, 0xC4, 0x19, 0x26, 0x2A, 0xE4, 0x21,
    0x83, 0x11, 0xC4, 0x19, 0xC4, 0x19, 0xA4, 0x19, 0xA4, 0x19, 0xA4, 0x19, 0xA4, 0x19, 0x84, 0x11,
    0xA4, 0x11, 0xA4, 0x19, 0x05, 0x22, 0xE5, 0x21, 0x05, 0x22, 0x46, 0x2A, 0xE5, 0x21, 0xE5, 0x21,
    0x05, 0x22, 0xE5, 0x21, 0x05, 0x22, 0x47, 0x2A, 0x87, 0x32, 0x87, 0x32, 0x68, 0x3A, 0x09, 0x42,
    0xE9, 0x49, 0xE9, 0x49, 0xE8, 0x49, 0x08, 0x52, 0x08, 0x5A, 0x09, 0x62, 0x09, 0x62, 0x4A, 0x72,
    0x4A, 0x72, 0x09, 0x6A, 0x49, 0x72, 0xAA, 0x72, 0x2A, 0x73, 0x6B, 0x73, 0x6B, 0x7B, 0x6B, 0x7B,
    0x6B, 0x7B, 0x6B, 0x83, 0xAC, 0x83, 0xAB, 0x83, 0xAB, 0x8B, 0xEC, 0x93, 0xCC, 0x8B, 0xAB, 0x8B,
    0xCB, 0x8B, 0xEB, 0x93, 0xEB, 0x93, 0x0C, 0x94, 0x0C, 0x9C, 0xEC, 0x93, 0x0C, 0x9C, 0x0C, 0x9C,
    0xEB, 0x93, 0xEB, 0x93, 0x0C, 0x9C, 0x0C, 0x9C, 0x2C, 0x9C, 0x4D, 0xA4, 0x2C, 0x9C, 0x2C, 0x9C,
    0x6D, 0xAC, 0x8E, 0xAC, 0x6D, 0xAC, 0x4D, 0xA4, 0x2C, 0xA4, 0x6D, 0xAC, 0x6D, 0xAC, 0x4D, 0xA4,
    0x6D, 0xAC, 0x8D, 0xAC, 0x6D, 0xAC, 0x6D, 0xAC, 0x8D, 0xAC, 0x8D, 0xAC, 0x8D, 0xAC, 0x6D, 0xAC,
    0x8E, 0xB4, 0xAE, 0xB4, 0x8D, 0xAC, 0xAE, 0xB4, 0x6D, 0xAC, 0x8D, 0xAC, 0xAE, 0xB4, 0x8D, 0xAC,
    0x8D, 0xAC, 0x8D, 0xAC, 0x8D, 0xAC, 0x0D, 0xAC, 0x6B, 0xA3, 0x6C, 0xAB, 0x2B, 0xA3, 0x4C, 0xA3,
    0x4C, 0xAB, 0x2B, 0xA3, 0x0B, 0x9B, 0x2B, 0x9B, 0xEA, 0x9A, 0xEA, 0x92, 0x0A, 0x93, 0xC9, 0x8A,
    0xEA, 0x92, 0x4B, 0x93, 0x2B, 0x93, 0x6C, 0xA3, 0x2E, 0xC4, 0x2E, 0xCC, 0x2E, 0xCC, 0xED, 0xC3,
    0xCD, 0xBB, 0x6C, 0xAB, 0x0E, 0xB4, 0x87, 0x7A, 0xC4, 0x59, 0xE4, 0x59, 0xA3, 0x51, 0xA3, 0x51,
    0xA3, 0x51, 0xC4, 0x59, 0xE5, 0x61, 0x46, 0x6A, 0x87, 0x72, 0xC8, 0x7A, 0x09, 0x7B, 0x4A, 0x83,
    0x4A, 0x7B, 0x49, 0x73, 0x28, 0x6B, 0xE7, 0x62, 0xA6, 0x52, 0x65, 0x42, 0x44, 0x3A, 0x44, 0x32,
    0x44, 0x3A, 0x04, 0x52, 0xE5, 0x61, 0xE4, 0x59, 0x05, 0x62, 0xE4, 0x61, 0xC4, 0x61, 0x05, 0x6A,
    0x05, 0x6A, 0x25, 0x6A, 0x83, 0x51, 0x43, 0x39, 0xC1, 0x18, 0x65, 0x3A, 0x07, 0x4B, 0x06, 0x43,
    0xC5, 0x42, 0x44, 0x42, 0xC3, 0x39, 0x82, 0x39, 0xA3, 0x49, 0xC3, 0x51, 0x05, 0x62, 0x25, 0x6A,
    0x46, 0x6A, 0x66, 0x6A, 0x46, 0x6A, 0x25, 0x6A, 0x46, 0x72, 0x66, 0x72, 0x86, 0x72, 0x46, 0x72,
    0x46, 0x6A, 0x05, 0x62, 0xE4, 0x51, 0x04, 0x42, 0x64, 0x3A, 0x84, 0x3A, 0xA4, 0x3A, 0x85, 0x3A,
    0x84, 0x3A, 0xA6, 0x42, 0x8E, 0x63, 0x2F, 0x63, 0x2F, 0x5B, 0x2F, 0x63, 0xEE, 0x5A, 0x2F, 0x63,
    0x2F, 0x63, 0x0F, 0x5B, 0xEE, 0x5A, 0xAE, 0x52, 0xAE, 0x4A, 0x8D, 0x42, 0x68, 0x32, 0x03, 0x22,
    0x03, 0x22, 0xE3, 0x21, 0x03, 0x22, 0xE3, 0x21, 0xC2, 0x19, 0xE3, 0x21, 0xE3, 0x21, 0xE4, 0x21,
    0xE4, 0x21, 0xE3, 0x21, 0xE3, 0x21, 0xE3, 0x21, 0xA2, 0x19, 0xA3, 0x19, 0xC3, 0x19, 0xA2, 0x19,
    0xE2, 0x21, 0x03, 0x22, 0x03, 0x22, 0x03, 0x22, 0xE3, 0x21, 0xE4, 0x21, 0xE4, 0x21, 0xE4, 0x19,
    0xE4, 0x19, 0xE4, 0x19, 0xC4, 0x19, 0xE4, 0x19, 0xC4, 0x19, 0xE4, 0x19, 0xC4, 0x19, 0xC4, 0x19,
    0x65, 0x32, 0x45, 0x2A, 0x04, 0x22, 0xE4, 0x21, 0xE4, 0x21, 0x05, 0x22, 0xE4, 0x21, 0x05, 0x2A,
    0x04, 0x2A, 0xC3, 0x21, 0x04, 0x2A, 0x04, 0x2A, 0x05, 0x2A, 0xE4, 0x21, 0x24, 0x2A, 0x45, 0x32,
    0x45, 0x32, 0x45, 0x32, 0x04, 0x2A, 0x25, 0x2A, 0xE4, 0x21, 0x04, 0x2A, 0x25, 0x2A, 0x04, 0x22,
    0xC3, 0x21, 0x24, 0x2A, 0x04, 0x2A, 0x24, 0x2A, 0xE3, 0x21, 0x82, 0x19, 0xC3, 0x21, 0xA3, 0x19,
    0x42, 0x11, 0xE1, 0x08, 0x02, 0x09, 0xE2, 0x08, 0x22, 0x11, 0x63, 0x21, 0xA2, 0x21, 0xE3, 0x29,
    0x03, 0x32, 0x23, 0x3A, 0x23, 0x3A, 0x03, 0x2A, 0x24, 0x2A, 0x04, 0x2A, 0xA4, 0x21, 0x42, 0x19,
    0x82, 0x21, 0xE3, 0x29, 0x03, 0x32, 0x03, 0x32, 0x44, 0x3A, 0x64, 0x32, 0x84, 0x32, 0xA5, 0x3A,
    0x84, 0x3A, 0x84, 0x3A, 0x64, 0x32, 0x23, 0x2A, 0x84, 0x32, 0x85, 0x3A, 0x24, 0x2A, 0x04, 0x2A,
    0x24, 0x2A, 0x04, 0x2A, 0x44, 0x32, 0x44, 0x32, 0x44, 0x32, 0x04, 0x2A, 0xA6, 0x19, 0xCA, 0x21,
    0xEC, 0x21, 0x0D, 0x2A, 0x6D, 0x32, 0x8E, 0x3A, 0xAE, 0x42, 0x0F, 0x4B, 0xEE, 0x4A, 0xCE, 0x4A,
    0x6F, 0x5B, 0x6E, 0x53, 0xA3, 0x19, 0xC3, 0x21, 0xA3, 0x19, 0xE4, 0x21, 0x05, 0x22, 0x05, 0x2A,
    0xE4, 0x21, 0xC4, 0x21, 0x05, 0x22, 0x05, 0x22, 0x25, 0x2A, 0xE5, 0x21, 0xE5, 0x21, 0x25, 0x22,
    0xC4, 0x19, 0x83, 0x11, 0x63, 0x11, 0x84, 0x19, 0x84, 0x19, 0x83, 0x11, 0xA4, 0x19, 0xC4, 0x19,
    0xE4, 0x21, 0xE4, 0x19, 0xC4, 0x19, 0xE5, 0x21, 0xC4, 0x19, 0xE5, 0x21, 0x26, 0x2A, 0x06, 0x22,
    0x26, 0x2A, 0x06, 0x22, 0xC4, 0x19, 0xC5, 0x19, 0x26, 0x22, 0x26, 0x22, 0x68, 0x3A, 0x09, 0x4A,
    0xC9, 0x41, 0xA8, 0x41, 0xC8, 0x49, 0xC8, 0x49, 0x08, 0x52, 0x08, 0x5A, 0xE8, 0x59, 0x09, 0x62,
    0x29, 0x72, 0x29, 0x6A, 0x29, 0x6A, 0xCA, 0x72, 0x2A, 0x73, 0x2A, 0x6B, 0x2A, 0x6B, 0x2B, 0x73,
    0x4B, 0x7B, 0x8B, 0x83, 0x8B, 0x83, 0x8B, 0x83, 0x8B, 0x83, 0x8B, 0x83, 0x8B, 0x83, 0xAB, 0x8B,
    0xCB, 0x8B, 0xAB, 0x8B, 0xAA, 0x8B, 0xCB, 0x8B, 0xCB, 0x93, 0xEB, 0x93, 0x0C, 0x9C, 0x0C, 0x94,
    0x0C, 0x94, 0x0C, 0x9C, 0xEB, 0x93, 0x0C, 0x9C, 0x2C, 0x9C, 0x2C, 0x9C, 0x4D, 0x9C, 0x2C, 0x9C,
    0xEB, 0x93, 0x2C, 0x9C, 0x4D, 0xA4, 0x4D, 0xA4, 0x4C, 0xA4, 0x8D, 0xAC, 0x6D, 0xAC, 0x6D, 0xA4,
    0x6D, 0xAC, 0x6D, 0xAC, 0x6D, 0xAC, 0x6D, 0xAC, 0x4C, 0xA4, 0x6D, 0xAC, 0x6D, 0xAC, 0x6D, 0xAC,
    0x8D, 0xAC, 0x6D, 0xAC, 0x8D, 0xAC, 0xAD, 0xB4, 0x6D, 0xAC, 0x8E, 0xB4, 0x8D, 0xAC, 0x8D, 0xAC,
    0x8D, 0xAC, 0x6D, 0xAC, 0x8D, 0xAC, 0x4E, 0xB4, 0x6B, 0xA3, 0x2B, 0xA3, 0x2B, 0xA3, 0x2B, 0xA3,
    0x4C, 0xAB, 0x2B, 0xA3, 0x4C, 0xA3, 0x2B, 0xA3, 0xCA, 0x92, 0xC9, 0x8A, 0xEA, 0x92, 0xC9, 0x8A,
    0xEA, 0x8A, 0x0B, 0x8B, 0x0B, 0x93, 0x6B, 0xA3, 0xCD, 0xC3, 0x2F, 0xCC, 0x0E, 0xCC, 0x8C, 0xB3,
    0x0A, 0x9B, 0xEA, 0x9A, 0x4B, 0xA3, 0x6B, 0x9B, 0xE5, 0x61, 0xC4, 0x59, 0xC4, 0x51, 0xC4, 0x51,
    0xC4, 0x51, 0xC4, 0x59, 0xC4, 0x59, 0xA4, 0x51, 0xA4, 0x59, 0xC4, 0x59, 0x05, 0x62, 0x25, 0x62,
    0x46, 0x6A, 0x87, 0x72, 0xC8, 0x7A, 0x09, 0x7B, 0x4A, 0x83, 0x4A, 0x83, 0x4A, 0x73, 0x29, 0x6B,
    0xC8, 0x5A, 0xE5, 0x51, 0xE5, 0x59, 0xE4, 0x59, 0x05, 0x62, 0xE5, 0x59, 0xC5, 0x61, 0x25, 0x6A,
    0x05, 0x6A, 0x25, 0x6A, 0xA3, 0x59, 0x63, 0x49, 0xE1, 0x20, 0xC6, 0x42, 0x27, 0x4B, 0xE6, 0x3A,
    0xE6, 0x3A, 0xE6, 0x42, 0xE6, 0x42, 0x85, 0x3A, 0x24, 0x3A, 0xC3, 0x39, 0xA3, 0x39, 0xE4, 0x51,
    0x46, 0x6A, 0x46, 0x6A, 0x45, 0x6A, 0x05, 0x6A, 0x66, 0x6A, 0x66, 0x72, 0x87, 0x72, 0x46, 0x72,
    0x46, 0x6A, 0x05, 0x62, 0xC4, 0x51, 0x04, 0x42, 0x84, 0x3A, 0xA5, 0x3A, 0xC5, 0x42, 0xA5, 0x3A,
    0xA5, 0x3A, 0x0A, 0x53, 0x6F, 0x63, 0xEE, 0x52, 0xCE, 0x52, 0xEE, 0x52, 0xCD, 0x52, 0xEE, 0x5A,
    0x0E, 0x5B, 0x0E, 0x5B, 0x0E, 0x5B, 0xAD, 0x52, 0x8D, 0x4A, 0x4C, 0x42, 0x6A, 0x3A, 0x25, 0x2A,
    0x24, 0x22, 0x23, 0x22, 0x03, 0x22, 0x03, 0x22, 0xE3, 0x21, 0xE3, 0x21, 0xC2, 0x19, 0xA2, 0x19,
    0xC3, 0x19, 0xC3, 0x21, 0xE3, 0x21, 0xE3, 0x21, 0xE3, 0x19, 0xE3, 0x21, 0xC3, 0x21, 0xC3, 0x19,
    0x03, 0x22, 0x04, 0x22, 0xE4, 0x21, 0xE4, 0x21, 0xE4, 0x21, 0xC4, 0x19, 0xC4, 0x19, 0xE4, 0x19,
    0xE4, 0x19, 0xE5, 0x19, 0x05, 0x22, 0xC4, 0x19, 0xC4, 0x19, 0xE4, 0x19, 0xE4, 0x21, 0xE4, 0x21,
    0x85, 0x32, 0x66, 0x32, 0x25, 0x2A, 0xC4, 0x19, 0xC3, 0x19, 0xE4, 0x21, 0xC4, 0x19, 0xC3, 0x19,
    0xE4, 0x21, 0xA3, 0x19, 0xA3, 0x21, 0xE4, 0x21, 0x04, 0x2A, 0x04, 0x2A, 0x24, 0x32, 0x65, 0x32,
    0x65, 0x32, 0x65, 0x32, 0x45, 0x32, 0x04, 0x22, 0x25, 0x2A, 0x25, 0x2A, 0xE4, 0x21, 0xC3, 0x19,
    0xA3, 0x19, 0x04, 0x2A, 0x25, 0x2A, 0x24, 0x2A, 0x24, 0x2A, 0x04, 0x22, 0xA3, 0x19, 0xA3, 0x19,
    0xC4, 0x19, 0x62, 0x11, 0x22, 0x11, 0xC0, 0x00, 0xC0, 0x00, 0xE1, 0x08, 0x21, 0x11, 0x41, 0x19,
    0xA2, 0x21, 0xC2, 0x29, 0xC2, 0x21, 0xE3, 0x21, 0x03, 0x22, 0x25, 0x2A, 0x04, 0x2A, 0x04, 0x2A,
    0x24, 0x2A, 0x64, 0x32, 0x23, 0x2A, 0x64, 0x3A, 0x85, 0x3A, 0x85, 0x3A, 0x44, 0x32, 0x64, 0x32,
    0xA5, 0x3A, 0xA5, 0x42, 0x85, 0x3A, 0x44, 0x32, 0x44, 0x32, 0x24, 0x32, 0x23, 0x2A, 0x03, 0x2A,
    0x03, 0x22, 0x04, 0x2A, 0x44, 0x32, 0x64, 0x32, 0x65, 0x32, 0x05, 0x2A, 0x86, 0x19, 0x69, 0x11,
    0xAA, 0x19, 0x0C, 0x2A, 0x2C, 0x32, 0x4C, 0x32, 0x6C, 0x3A, 0x8D, 0x42, 0xAD, 0x42, 0x6C, 0x3A,
    0xEE, 0x42, 0xAF, 0x5B, 0xE4, 0x21, 0x82, 0x11, 0x62, 0x11, 0xA3, 0x19, 0xC4, 0x19, 0xC4, 0x21,
    0xC4, 0x21, 0xA4, 0x19, 0xC4, 0x21, 0xA4, 0x19, 0xC4, 0x19, 0xE4, 0x19, 0xA3, 0x19, 0xC4, 0x19,
    0xE4, 0x21, 0xC4, 0x19, 0x83, 0x19, 0x83, 0x11, 0x83, 0x11, 0xE4, 0x21, 0xE4, 0x21, 0xE4, 0x21,
    0xE4, 0x21, 0xE4, 0x21, 0xC4, 0x19, 0x83, 0x11, 0xA4, 0x19, 0xC4, 0x19, 0xE5, 0x21, 0x06, 0x22,
    0xE5, 0x19, 0xC5, 0x19, 0x26, 0x22, 0x05, 0x22, 0x25, 0x22, 0x25, 0x22, 0xE6, 0x29, 0x29, 0x42,
    0xC8, 0x41, 0xA8, 0x41, 0xC8, 0x41, 0xC8, 0x49, 0xE8, 0x49, 0x09, 0x5A, 0x09, 0x5A, 0xE8, 0x61,
    0x09, 0x62, 0x08, 0x62, 0xE8, 0x61, 0x89, 0x6A, 0x0A, 0x6B, 0x2A, 0x6B, 0x2A, 0x6B, 0x2A, 0x73,
    0x0A, 0x73, 0x4B, 0x7B, 0x2A, 0x73, 0x2A, 0x73, 0x29, 0x73, 0x4A, 0x7B, 0x6A, 0x7B, 0x8A, 0x83,
    0xAB, 0x8B, 0xAB, 0x8B, 0xAB, 0x8B, 0xAB, 0x8B, 0xCB, 0x93, 0xCB, 0x8B, 0xAA, 0x8B, 0xAA, 0x8B,
    0xAB, 0x8B, 0x0C, 0x94, 0x0C, 0x94, 0x2C, 0x9C, 0x2C, 0x9C, 0x2C, 0x9C, 0x2C, 0x9C, 0x0B, 0x9C,
    0x0C, 0x9C, 0x2C, 0x9C, 0x0C, 0x9C, 0x2C, 0xA4, 0x4D, 0xA4, 0x2C, 0x9C, 0x4D, 0xA4, 0x6D, 0xA4,
    0x4D, 0xA4, 0x6D, 0xAC, 0x6D, 0xAC, 0x6D, 0xAC, 0x4D, 0xA4, 0x4D, 0xAC, 0x4D, 0xAC, 0x4D, 0xAC,
    0x4D, 0xAC, 0x6D, 0xAC, 0x6D, 0xAC, 0x6D, 0xAC, 0x6D, 0xAC, 0x6D, 0xAC, 0x6D, 0xAC, 0x4D, 0xAC,
    0x6D, 0xAC, 0x4C, 0xA4, 0x6D, 0xA4, 0x2D, 0xAC, 0x8C, 0xAB, 0x2B, 0xA3, 0x0B, 0xA3, 0x0B, 0x9B,
    0x0B, 0x9B, 0xCA, 0x92, 0xEA, 0x9A, 0xCA, 0x92, 0xEA, 0x92, 0xC9, 0x8A, 0xEA, 0x92, 0xEA, 0x8A,
    0xC9, 0x8A, 0xEA, 0x82, 0x2B, 0x93, 0x0A, 0x9B, 0x8C, 0xBB, 0x0E, 0xC4, 0x0E, 0xC4, 0xE9, 0x92,
    0x64, 0x61, 0xE6, 0x79, 0x47, 0x82, 0x4B, 0x9B, 0x46, 0x72, 0x83, 0x51, 0xA3, 0x51, 0xC4, 0x51,
    0xC4, 0x51, 0xE5, 0x59, 0x05, 0x5A, 0x05, 0x5A, 0x05, 0x62, 0x05, 0x62, 0x05, 0x5A, 0x05, 0x62,
    0x05, 0x62, 0x05, 0x62, 0x05, 0x62, 0x05, 0x62, 0x46, 0x6A, 0x87, 0x72, 0xA8, 0x7A, 0xE9, 0x7A,
    0xC9, 0x72, 0xC5, 0x51, 0xC4, 0x59, 0xC4, 0x59, 0x25, 0x62, 0xE5, 0x61, 0xC5, 0x59, 0x25, 0x6A,
    0x04, 0x6A, 0x25, 0x72, 0xA3, 0x59, 0x63, 0x51, 0x62, 0x31, 0xC6, 0x4A, 0x85, 0x3A, 0x84, 0x32,
    0x65, 0x32, 0x44, 0x2A, 0x44, 0x2A, 0x24, 0x2A, 0x04, 0x22, 0x24, 0x2A, 0x24, 0x32, 0xE4, 0x41,
    0x66, 0x6A, 0x46, 0x6A, 0x25, 0x6A, 0x05, 0x62, 0x66, 0x6A, 0x87, 0x72, 0x87, 0x72, 0x66, 0x72,
    0x46, 0x6A, 0xE5, 0x61, 0xA4, 0x51, 0x46, 0x4A, 0xC6, 0x42, 0xC6, 0x42, 0x07, 0x43, 0xE5, 0x42,
    0xE7, 0x42, 0x2D, 0x5B, 0xEE, 0x52, 0xAD, 0x4A, 0x8C, 0x4A, 0x8C, 0x4A, 0xAC, 0x52, 0xCD, 0x5A,
    0xCD, 0x5A, 0xCD, 0x52, 0xCD, 0x52, 0x8C, 0x4A, 0x8D, 0x4A, 0x4C, 0x42, 0x2A, 0x3A, 0x47, 0x32,
    0x64, 0x32, 0x44, 0x32, 0x44, 0x2A, 0x23, 0x2A, 0x03, 0x22, 0xE2, 0x21, 0xE2, 0x21, 0xC2, 0x19,
    0xC3, 0x19, 0xA3, 0x19, 0xA3, 0x19, 0xE3, 0x21, 0xE4, 0x21, 0xE3, 0x19, 0xC3, 0x19, 0xE4, 0x21,
    0xC4, 0x21, 0xE4, 0x21, 0x27, 0x3A, 0x48, 0x42, 0x07, 0x32, 0xA4, 0x21, 0x83, 0x19, 0xC4, 0x19,
    0xE4, 0x19, 0x04, 0x1A, 0x05, 0x22, 0xE4, 0x19, 0xE4, 0x19, 0xE4, 0x21, 0xE4, 0x21, 0xE4, 0x21,
    0x45, 0x2A, 0x04, 0x22, 0xC3, 0x19, 0xC3, 0x19, 0xE4, 0x21, 0x04, 0x22, 0xE4, 0x21, 0x04, 0x22,
    0xC3, 0x19, 0xC3, 0x21, 0x04, 0x2A, 0x04, 0x2A, 0x25, 0x2A, 0x04, 0x2A, 0x04, 0x2A, 0x65, 0x32,
    0x86, 0x3A, 0xA6, 0x3A, 0x65, 0x32, 0xC3, 0x21, 0x04, 0x22, 0x04, 0x22, 0xE4, 0x21, 0xA3, 0x19,
    0x82, 0x11, 0xE4, 0x21, 0x24, 0x2A, 0xE3, 0x21, 0xA3, 0x19, 0x83, 0x19, 0xE5, 0x29, 0xA4, 0x21,
    0x42, 0x11, 0xE4, 0x21, 0xE4, 0x21, 0xE3, 0x21, 0xC3, 0x21, 0x82, 0x21, 0x82, 0x19, 0xA2, 0x21,
    0x23, 0x32, 0x23, 0x2A, 0xE3, 0x21, 0xE3, 0x21, 0x04, 0x2A, 0x04, 0x2A, 0x04, 0x22, 0x44, 0x2A,
    0x24, 0x2A, 0x04, 0x32, 0x24, 0x32, 0x24, 0x32, 0x64, 0x32, 0x85, 0x32, 0x64, 0x32, 0x44, 0x32,
    0x64, 0x32, 0x64, 0x32, 0x24, 0x2A, 0xE3, 0x29, 0xE3, 0x29, 0xE3, 0x29, 0xE3, 0x21, 0xE3, 0x21,
    0x04, 0x2A, 0x04, 0x2A, 0xE3, 0x29, 0x03, 0x32, 0xE3, 0x29, 0x82, 0x11, 0x04, 0x01, 0x27, 0x09,
    0xAA, 0x19, 0xEB, 0x29, 0x2C, 0x32, 0x2B, 0x32, 0x4C, 0x3A, 0x4B, 0x3A, 0x8C, 0x42, 0x4B, 0x3A,
    0x6C, 0x3A, 0x2D, 0x53, 0x66, 0x32, 0xE3, 0x21, 0xA3, 0x19, 0x83, 0x19, 0xA3, 0x19, 0xA3, 0x19,
    0xC4, 0x19, 0xE4, 0x21, 0xE4, 0x21, 0xC4, 0x21, 0xC4, 0x19, 0xC4, 0x19, 0xA4, 0x19, 0x05, 0x22,
    0xE4, 0x21, 0xA3, 0x19, 0x05, 0x2A, 0xE5, 0x21, 0xE4, 0x21, 0xE4, 0x21, 0xE4, 0x21, 0xE4, 0x21,
    0x05, 0x22, 0xE4, 0x19, 0xC4, 0x19, 0xC4, 0x19, 0x83, 0x11, 0x83, 0x11, 0xA4, 0x19, 0xA4, 0x19,
    0x84, 0x11, 0xA4, 0x19, 0xC4, 0x19, 0x25, 0x2A, 0x25, 0x2A, 0xE4, 0x21, 0xC5, 0x21, 0x08, 0x42,
    0xA8, 0x41, 0xA8, 0x41, 0xA7, 0x41, 0x87, 0x41, 0xC7, 0x41, 0xE8, 0x51, 0xE8, 0x59, 0xE8, 0x59,
    0xE8, 0x61, 0x08, 0x62, 0xE8, 0x61, 0x48, 0x62, 0xC9, 0x62, 0xE9, 0x62, 0x0A, 0x6B, 0x0A, 0x6B,
    0xE9, 0x6A, 0x0A, 0x73, 0x0A, 0x73, 0x2A, 0x73, 0x09, 0x73, 0x2A, 0x73, 0x2A, 0x73, 0x49, 0x7B,
    0x6A, 0x83, 0x8A, 0x83, 0x8A, 0x83, 0xAB, 0x8B, 0x8A, 0x83, 0xAB, 0x8B, 0xCB, 0x8B, 0xCB, 0x8B,
    0xAA, 0x8B, 0xAB, 0x8B, 0xAA, 0x8B, 0xEB, 0x93, 0x0C, 0x9C, 0x2C, 0x9C, 0x0B, 0x9C, 0x0C, 0x9C,
    0x0C, 0x9C, 0x2C, 0x9C, 0x2C, 0x9C, 0x0C, 0x9C, 0x2C, 0x9C, 0x0C, 0x9C, 0x0C, 0x9C, 0x0C, 0x9C,
    0x2C, 0x9C, 0x0C, 0x9C, 0x0C, 0x9C, 0x4D, 0xAC, 0x4D, 0xA4, 0x2C, 0xA4, 0x2C, 0xA4, 0x0C, 0xA4,
    0x0C, 0xA4, 0x4D, 0xA4, 0x4D, 0xA4, 0x6D, 0xAC, 0x6D, 0xAC, 0x4D, 0xAC, 0x2C, 0xA4, 0x2C, 0xA4,
    0x2C, 0xA4, 0x2C, 0xA4, 0x4D, 0xA4, 0xEC, 0xA3, 0x4B, 0xA3, 0x0A, 0x9B, 0xEA, 0x92, 0x0B, 0x9B,
    0xEA, 0x9A, 0xEA, 0x92, 0xCA, 0x92, 0xCA, 0x92, 0xCA, 0x8A, 0xA9, 0x8A, 0xC9, 0x8A, 0xEA, 0x8A,
    0xC9, 0x82, 0xEA, 0x82, 0xEA, 0x8A, 0xC9, 0x92, 0x6C, 0xB3, 0xEE, 0xC3, 0x0E, 0xC4, 0x88, 0x8A,
    0xA1, 0x48, 0x84, 0x69, 0x27, 0x8A, 0xC9, 0x92, 0x67, 0x7A, 0x83, 0x51, 0x83, 0x49, 0xA3, 0x49,
    0xA3, 0x49, 0xC4, 0x51, 0xC4, 0x51, 0xA4, 0x51, 0xC4, 0x51, 0xE4, 0x59, 0xC4, 0x59, 0xE4, 0x59,
    0x05, 0x5A, 0x05, 0x62, 0x25, 0x62, 0x25, 0x62, 0x05, 0x62, 0x25, 0x62, 0x26, 0x62, 0x26, 0x62,
    0xE5, 0x61, 0xC4, 0x59, 0xE4, 0x59, 0xC4, 0x59, 0x25, 0x62, 0xE5, 0x59, 0xC5, 0x59, 0x05, 0x62,
    0x04, 0x6A, 0x04, 0x6A, 0xA2, 0x59, 0x82, 0x51, 0x82, 0x41, 0xA5, 0x42, 0xA4, 0x3A, 0xA5, 0x3A,
    0x85, 0x32, 0x24, 0x2A, 0xE3, 0x21, 0xE3, 0x21, 0xE4, 0x21, 0xE4, 0x21, 0xC3, 0x21, 0x24, 0x42,
    0x66, 0x6A, 0x46, 0x6A, 0x25, 0x6A, 0x25, 0x62, 0x66, 0x6A, 0x86, 0x72, 0x86, 0x72, 0x46, 0x6A,
    0x26, 0x6A, 0xE5, 0x59, 0xC4, 0x51, 0x66, 0x4A, 0x08, 0x43, 0x08, 0x43, 0x07, 0x4B, 0xE6, 0x42,
    0xE8, 0x4A, 0x0D, 0x53, 0x6C, 0x4A, 0x2B, 0x42, 0x4B, 0x42, 0x4B, 0x42, 0x8C, 0x4A, 0xAC, 0x52,
    0x6C, 0x4A, 0xAC, 0x52, 0xCD, 0x5A, 0xAD, 0x52, 0x6B, 0x42, 0x0B, 0x3A, 0xEA, 0x31, 0x27, 0x32,
    0x44, 0x2A, 0x43, 0x2A, 0x44, 0x2A, 0x24, 0x2A, 0x44, 0x2A, 0x44, 0x2A, 0x23, 0x2A, 0x23, 0x2A,
    0xE3, 0x21, 0xA3, 0x19, 0x82, 0x19, 0xC3, 0x19, 0xC3, 0x19, 0xE3, 0x19, 0xE3, 0x21, 0xC4, 0x29,
    0x68, 0x4A, 0x6E, 0x73, 0xD0, 0x8B, 0xB0, 0x8B, 0x4F, 0x7B, 0x0C, 0x6B, 0x48, 0x42, 0x84, 0x19,
    0xC4, 0x19, 0xE4, 0x19, 0xE4, 0x19, 0xC4, 0x19, 0xA3, 0x19, 0xA3, 0x19, 0xA3, 0x19, 0xC3, 0x19,
    0x04, 0x22, 0xA2, 0x11, 0xA3, 0x19, 0xC3, 0x19, 0xE3, 0x21, 0x04, 0x22, 0xE3, 0x21, 0xE4, 0x21,
    0xE4, 0x21, 0x04, 0x22, 0x25, 0x2A, 0x45, 0x32, 0x65, 0x3A, 0x86, 0x3A, 0x45, 0x2A, 0x24, 0x2A,
    0x65, 0x32, 0xA3, 0x19, 0xC3, 0x21, 0x25, 0x2A, 0xA3, 0x19, 0xE4, 0x21, 0xE4, 0x21, 0xE4, 0x21,
    0xC3, 0x19, 0x82, 0x11, 0xE4, 0x21, 0xA4, 0x21, 0xC6, 0x31, 0x4D, 0x6B, 0x10, 0x8C, 0x0F, 0x84,
    0xC9, 0x5A, 0x83, 0x21, 0x03, 0x22, 0x23, 0x2A, 0x44, 0x32, 0x23, 0x32, 0x44, 0x32, 0x02, 0x2A,
    0x22, 0x2A, 0x23, 0x2A, 0xE3, 0x21, 0xE3, 0x21, 0x04, 0x2A, 0x04, 0x2A, 0x03, 0x22, 0x65, 0x32,
    0x25, 0x3A, 0x68, 0x52, 0x8D, 0x83, 0x4B, 0x73, 0x45, 0x3A, 0x85, 0x3A, 0x85, 0x3A, 0x85, 0x3A,
    0x44, 0x32, 0x65, 0x32, 0x65, 0x32, 0x24, 0x2A, 0xE3, 0x21, 0xE3, 0x21, 0x24, 0x2A, 0x05, 0x32,
    0x05, 0x32, 0x48, 0x42, 0xAA, 0x52, 0x0C, 0x63, 0x89, 0x52, 0xC5, 0x29, 0xE3, 0x08, 0x83, 0x00,
    0xC4, 0x08, 0x67, 0x19, 0x68, 0x21, 0xA9, 0x29, 0xC9, 0x29, 0x0A, 0x32, 0x2A, 0x32, 0x0A, 0x32,
    0x4A, 0x32, 0x69, 0x3A, 0x25, 0x2A, 0x03, 0x22, 0xE4, 0x21, 0xE9, 0x4A, 0x0A, 0x53, 0xC4, 0x21,
    0xA3, 0x19, 0xC3, 0x19, 0x04, 0x22, 0xE4, 0x21, 0xC4, 0x19, 0xE4, 0x21, 0xA3, 0x19, 0xC4, 0x19,
    0xE4, 0x21, 0xC4, 0x19, 0xE4, 0x21, 0xE4, 0x21, 0xE4, 0x21, 0xE4, 0x21, 0xC3, 0x19, 0xA3, 0x19,
    0xC4, 0x19, 0xE4, 0x21, 0xE4, 0x21, 0xE4, 0x21, 0xA4, 0x19, 0x63, 0x11, 0x63, 0x11, 0x63, 0x11,
    0x83, 0x11, 0xA4, 0x11, 0xC4, 0x19, 0xC4, 0x19, 0xE5, 0x21, 0x04, 0x22, 0xC4, 0x21, 0x08, 0x3A,
    0xC8, 0x41, 0xA7, 0x41, 0xA7, 0x41, 0x66, 0x39, 0xA7, 0x41, 0xC7, 0x49, 0xA7, 0x49, 0xA7, 0x51,
    0xC8, 0x59, 0x09, 0x62, 0xC7, 0x59, 0x48, 0x62, 0xA9, 0x62, 0xC9, 0x62, 0xC9, 0x62, 0xE9, 0x6A,
    0x0A, 0x6B, 0xE9, 0x6A, 0x0A, 0x6B, 0x2A, 0x73, 0x2A, 0x73, 0x2A, 0x73, 0x29, 0x73, 0x4A, 0x7B,
    0x4A, 0x7B, 0x6A, 0x7B, 0x6A, 0x7B, 0x8A, 0x83, 0xAA, 0x83, 0xAA, 0x83, 0xAA, 0x83, 0xCB, 0x8B,
    0xCB, 0x8B, 0xAA, 0x8B, 0xAA, 0x8B, 0xAA, 0x8B, 0xAB, 0x8B, 0xEB, 0x93, 0xEB, 0x93, 0x0C, 0x9C,
    0xCB, 0x8B, 0xCB, 0x93, 0xEB, 0x93, 0xEB, 0x93, 0x0C, 0x9C, 0x0C, 0x9C, 0xEC, 0x9B, 0x0C, 0x9C,
    0x0C, 0x9C, 0x0C, 0x9C, 0x2D, 0xA4, 0x0C, 0xA4, 0x0C, 0x9C, 0x0C, 0x9C, 0x0C, 0x9C, 0x2C, 0xA4,
    0x2C, 0xA4, 0x2D, 0xA4, 0x6D, 0xA4, 0x4D, 0xA4, 0x2C, 0xA4, 0x0C, 0xA4, 0x4D, 0xA4, 0x2C, 0xA4,
    0x0C, 0xA4, 0x2C, 0x9C, 0x2C, 0x9C, 0xAB, 0x9B, 0x0A, 0x9B, 0xEA, 0x92, 0xEB, 0x9A, 0xAA, 0x92,
    0xCA, 0x92, 0xCA, 0x92, 0xCA, 0x92, 0xCA, 0x8A, 0xC9, 0x8A, 0xA9, 0x82, 0x88, 0x7A, 0x88, 0x7A,
    0xA9, 0x82, 0x0A, 0x83, 0xCA, 0x82, 0x47, 0x82, 0x4B, 0xB3, 0xED, 0xC3, 0xEE, 0xBB, 0xA9, 0x8A,
    0xC1, 0x48, 0x43, 0x69, 0x28, 0x92, 0xCA, 0x9A, 0xA8, 0x82, 0x83, 0x51, 0xC4, 0x51, 0xA4, 0x49,
    0xA4, 0x49, 0xC4, 0x51, 0xC4, 0x51, 0xC4, 0x51, 0xC4, 0x51, 0xC4, 0x51, 0xC4, 0x51, 0xC4, 0x51,
    0xC4, 0x51, 0xE4, 0x51, 0xE4, 0x51, 0xE4, 0x59, 0x05, 0x5A, 0x25, 0x62, 0x25, 0x62, 0x25, 0x5A,
    0xE4, 0x59, 0xC4, 0x59, 0xE4, 0x59, 0xC4, 0x59, 0x25, 0x62, 0xE4, 0x59, 0xC4, 0x59, 0x05, 0x62,
    0x25, 0x6A, 0x04, 0x6A, 0xC3, 0x61, 0x04, 0x6A, 0x25, 0x62, 0x45, 0x42, 0x23, 0x32, 0x24, 0x32,
    0x44, 0x32, 0x24, 0x2A, 0x04, 0x22, 0x04, 0x22, 0x45, 0x2A, 0x25, 0x2A, 0xE4, 0x21, 0x25, 0x4A,
    0x66, 0x6A, 0x26, 0x6A, 0x05, 0x6A, 0x05, 0x62, 0x46, 0x6A, 0x66, 0x72, 0x86, 0x72, 0x46, 0x6A,
    0x25, 0x6A, 0xC4, 0x59, 0xE4, 0x51, 0x04, 0x32, 0x65, 0x2A, 0x65, 0x32, 0x65, 0x32, 0xA6, 0x3A,
    0xA8, 0x3A, 0xCC, 0x4A, 0x6C, 0x4A, 0x4B, 0x4A, 0x2A, 0x42, 0x6B, 0x4A, 0x8B, 0x4A, 0x8B, 0x52,
    0x6B, 0x4A, 0x8C, 0x52, 0xED, 0x5A, 0x6B, 0x4A, 0xE9, 0x39, 0x0A, 0x3A, 0xC8, 0x29, 0xC6, 0x29,
    0xE4, 0x21, 0xE3, 0x21, 0x24, 0x2A, 0x24, 0x2A, 0x24, 0x22, 0x44, 0x2A, 0x44, 0x2A, 0x24, 0x2A,
    0x03, 0x22, 0xE4, 0x21, 0xC3, 0x21, 0xE3, 0x21, 0xE3, 0x21, 0xE3, 0x21, 0xA3, 0x21, 0xEB, 0x62,
    0xF1, 0x93, 0xB0, 0x93, 0x70, 0x93, 0x50, 0x93, 0x2F, 0x8B, 0x2E, 0x8B, 0x2E, 0x7B, 0x6A, 0x52,
    0xA4, 0x21, 0xA4, 0x19, 0xA3, 0x11, 0x83, 0x11, 0xA3, 0x11, 0xA4, 0x19, 0xA4, 0x19, 0xC4, 0x19,
    0x04, 0x22, 0x04, 0x22, 0xE3, 0x21, 0xA3, 0x19, 0x24, 0x22, 0x24, 0x22, 0xC3, 0x21, 0xC3, 0x19,
    0xC3, 0x21, 0xC3, 0x21, 0xE4, 0x31, 0x87, 0x52, 0xE8, 0x62, 0x87, 0x52, 0x25, 0x32, 0xE4, 0x21,
    0xC3, 0x21, 0xC3, 0x21, 0xE4, 0x21, 0xE4, 0x21, 0xA3, 0x19, 0xC3, 0x19, 0xE4, 0x21, 0xE4, 0x21,
    0x45, 0x2A, 0xE3, 0x21, 0xC3, 0x19, 0xE5, 0x29, 0xEC, 0x5A, 0xD1, 0x8B, 0xF1, 0x9B, 0x52, 0xA4,
    0xD2, 0xAC, 0x09, 0x63, 0x03, 0x2A, 0x64, 0x32, 0x23, 0x2A, 0xE2, 0x29, 0x43, 0x32, 0x64, 0x32,
    0x63, 0x32, 0x23, 0x2A, 0xE3, 0x21, 0xE3, 0x21, 0x04, 0x2A, 0x24, 0x2A, 0x44, 0x32, 0x45, 0x32,
    0x47, 0x42, 0x2D, 0x7B, 0x6F, 0x9B, 0xF0, 0xA3, 0x2A, 0x6B, 0x45, 0x3A, 0x84, 0x3A, 0x85, 0x3A,
    0x64, 0x32, 0x44, 0x32, 0x24, 0x2A, 0x24, 0x2A, 0xC3, 0x19, 0xE3, 0x21, 0x04, 0x2A, 0xE5, 0x31,
    0x8A, 0x52, 0x0F, 0x73, 0x31, 0x7B, 0x31, 0x7B, 0x71, 0x83, 0x6F, 0x73, 0xC7, 0x31, 0xC3, 0x08,
    0x27, 0x32, 0x0B, 0x53, 0xCB, 0x52, 0xA8, 0x29, 0x88, 0x21, 0xA8, 0x21, 0x88, 0x21, 0xA8, 0x21,
    0xE8, 0x29, 0x27, 0x2A, 0xC3, 0x21, 0xA2, 0x19, 0x87, 0x42, 0x71, 0x8C, 0x54, 0xA5, 0xE9, 0x52,
    0xA3, 0x19, 0xE4, 0x21, 0xE4, 0x21, 0xC4, 0x19, 0xC4, 0x21, 0xC4, 0x21, 0xA4, 0x19, 0xC4, 0x19,
    0xC4, 0x19, 0xE4, 0x21, 0xC4, 0x19, 0x04, 0x22, 0xC4, 0x21, 0xE4, 0x21, 0xE4, 0x21, 0xA3, 0x19,
    0x63, 0x11, 0xA3, 0x19, 0x83, 0x11, 0x83, 0x11, 0x83, 0x19, 0xC4, 0x21, 0xC4, 0x21, 0xC4, 0x19,
    0xC5, 0x19, 0xA4, 0x19, 0x84, 0x11, 0xA4, 0x19, 0xC4, 0x19, 0xE4, 0x21, 0xE5, 0x29, 0xC7, 0x31,
    0xA7, 0x39, 0x87, 0x39, 0xA7, 0x41, 0xA7, 0x39, 0xA7, 0x41, 0x87, 0x41, 0xA7, 0x49, 0x87, 0x49,
    0xC7, 0x51, 0xC7, 0x51, 0xA7, 0x51, 0x28, 0x5A, 0xA8, 0x5A, 0xA8, 0x5A, 0xA8, 0x5A, 0x88, 0x5A,
    0xC8, 0x62, 0xC9, 0x62, 0xE9, 0x6A, 0xE9, 0x6A, 0xE9, 0x6A, 0x09, 0x6B, 0x29, 0x73, 0x29, 0x73,
    0x29, 0x73, 0x29, 0x73, 0x49, 0x7B, 0x49, 0x7B, 0x8A, 0x83, 0x8A, 0x83, 0x6A, 0x83, 0x69, 0x7B,
    0x6A, 0x83, 0x6A, 0x83, 0x6A, 0x83, 0x6A, 0x83, 0x6A, 0x83, 0x8A, 0x83, 0xAA, 0x8B, 0xAB, 0x8B,
    0xEC, 0x93, 0xCB, 0x93, 0xCB, 0x93, 0xCB, 0x93, 0x0C, 0x9C, 0xEB, 0x93, 0xCB, 0x93, 0xEB, 0x93,
    0xEC, 0x9B, 0x0C, 0x9C, 0xEC, 0x9B, 0xEC, 0x9B, 0xAB, 0x93, 0xEB, 0x9B, 0xEC, 0x9B, 0x0C, 0x9C,
    0xEC, 0x9B, 0xEB, 0x9B, 0xCB, 0x93, 0x0C, 0x9C, 0xEB, 0x9B, 0xEB, 0x9B, 0x0C, 0x9C, 0x0B, 0x9C,
    0x0C, 0x9C, 0x0C, 0x9C, 0xEB, 0x9B, 0x4A, 0x93, 0xC9, 0x92, 0xCA, 0x92, 0xAA, 0x8A, 0x89, 0x8A,
    0x89, 0x8A, 0x89, 0x82, 0x68, 0x82, 0x68, 0x7A, 0xA9, 0x82, 0xA9, 0x82, 0x89, 0x82, 0xA9, 0x7A,
    0xA9, 0x7A, 0x0B, 0x83, 0xA9, 0x7A, 0xE6, 0x71, 0x2B, 0xAB, 0x8C, 0xBB, 0xEE, 0xBB, 0x88, 0x82,
    0xA1, 0x48, 0xA5, 0x79, 0x48, 0x92, 0xA9, 0x92, 0x88, 0x7A, 0x42, 0x41, 0x21, 0x39, 0x42, 0x39,
    0x42, 0x39, 0x62, 0x41, 0x83, 0x49, 0xA4, 0x49, 0xC4, 0x51, 0xE4, 0x51, 0xE4, 0x51, 0xE4, 0x51,
    0xE4, 0x51, 0xE5, 0x59, 0xE4, 0x59, 0xE4, 0x51, 0xE4, 0x59, 0xE4, 0x59, 0xC4, 0x59, 0xE4, 0x59,
    0xC4, 0x51, 0xE4, 0x51, 0xE4, 0x51, 0xC4, 0x51, 0x05, 0x62, 0xE4, 0x59, 0xC4, 0x59, 0x05, 0x62,
    0x25, 0x6A, 0x04, 0x6A, 0x24, 0x72, 0xC8, 0x8A, 0x09, 0x8B, 0x09, 0x7B, 0xE8, 0x6A, 0x87, 0x52,
    0xA3, 0x31, 0x83, 0x21, 0xE4, 0x21, 0x04, 0x22, 0x04, 0x22, 0x45, 0x2A, 0xE4, 0x21, 0x25, 0x4A,
    0x66, 0x6A, 0x26, 0x6A, 0x05, 0x62, 0x05, 0x62, 0x46, 0x6A, 0x66, 0x72, 0x86, 0x72, 0x46, 0x6A,
    0x25, 0x6A, 0xC4, 0x59, 0xE4, 0x51, 0x24, 0x3A, 0x45, 0x2A, 0x24, 0x2A, 0x25, 0x2A, 0x25, 0x2A,
    0x05, 0x2A, 0x6A, 0x42, 0x4A, 0x42, 0x4A, 0x42, 0x2A, 0x42, 0x29, 0x42, 0x2A, 0x42, 0x6B, 0x4A,
    0x4B, 0x4A, 0x4A, 0x4A, 0x0A, 0x42, 0xC8, 0x31, 0xE9, 0x31, 0xAB, 0x4A, 0x4D, 0x5B, 0xAD, 0x63,
    0xCD, 0x63, 0x6B, 0x53, 0x87, 0x3A, 0x65, 0x2A, 0xA6, 0x3A, 0xC6, 0x3A, 0xC6, 0x3A, 0xC6, 0x3A,
    0x64, 0x2A, 0x65, 0x32, 0x44, 0x2A, 0x64, 0x2A, 0xA5, 0x32, 0x24, 0x2A, 0xA9, 0x52, 0xF1, 0x93,
    0x70, 0x93, 0x2E, 0x93, 0x4F, 0x9B, 0x0E, 0x93, 0xED, 0x8A, 0xED, 0x8A, 0xED, 0x82, 0x0D, 0x7B,
    0x28, 0x42, 0xA4, 0x21, 0xA4, 0x19, 0xA4, 0x19, 0xA4, 0x19, 0xA4, 0x11, 0x83, 0x11, 0xA4, 0x19,
    0xE3, 0x21, 0xE3, 0x21, 0x04, 0x2A, 0xC3, 0x19, 0xE3, 0x19, 0x03, 0x22, 0xC3, 0x21, 0x04, 0x22,
    0x25, 0x2A, 0x05, 0x32, 0x88, 0x5A, 0xC9, 0x7A, 0xC8, 0x7A, 0x29, 0x83, 0xE8, 0x6A, 0xE4, 0x29,
    0xC3, 0x21, 0xE4, 0x21, 0x04, 0x2A, 0xE3, 0x21, 0xE4, 0x21, 0xC3, 0x21, 0xC3, 0x21, 0xE3, 0x21,
    0x04, 0x2A, 0x24, 0x2A, 0xE3, 0x21, 0xE6, 0x31, 0x6B, 0x52, 0x0E, 0x7B, 0x8E, 0x8B, 0xCF, 0x9B,
    0x2F, 0xA4, 0xCC, 0x83, 0x04, 0x32, 0x64, 0x32, 0x64, 0x32, 0x64, 0x3A, 0x64, 0x32, 0x64, 0x32,
    0xC5, 0x42, 0xA5, 0x3A, 0x23, 0x2A, 0x24, 0x2A, 0x44, 0x32, 0x44, 0x32, 0x44, 0x32, 0x85, 0x3A,
    0xE5, 0x39, 0x4A, 0x62, 0xCD, 0x82, 0x2D, 0x93, 0x0A, 0x73, 0x65, 0x3A, 0x64, 0x32, 0x64, 0x32,
    0x65, 0x32, 0x45, 0x32, 0x24, 0x2A, 0x24, 0x2A, 0xC3, 0x21, 0xE3, 0x21, 0x25, 0x2A, 0x08, 0x3A,
    0x4D, 0x52, 0x4E, 0x5A, 0x4E, 0x62, 0x6E, 0x6A, 0x8E, 0x6A, 0x8E, 0x6A, 0x2E, 0x6B, 0x0B, 0x5B,
    0xAB, 0x6B, 0xAB, 0x73, 0x0E, 0x84, 0x2B, 0x5B, 0x25, 0x11, 0x67, 0x19, 0x25, 0x11, 0x25, 0x11,
    0xA6, 0x21, 0x05, 0x2A, 0x24, 0x2A, 0xC3, 0x21, 0xE6, 0x31, 0x8D, 0x6B, 0x0F, 0x7C, 0xC8, 0x4A,
    0x62, 0x19, 0x04, 0x22, 0xE4, 0x21, 0xC4, 0x21, 0x83, 0x19, 0xA3, 0x19, 0x83, 0x11, 0xA4, 0x19,
    0xA4, 0x19, 0x83, 0x11, 0xA4, 0x19, 0x83, 0x11, 0x83, 0x19, 0xA4, 0x19, 0xA3, 0x19, 0x63, 0x19,
    0x83, 0x19, 0xA4, 0x19, 0xC4, 0x21, 0xA3, 0x19, 0x83, 0x19, 0x42, 0x11, 0xA3, 0x19, 0xE5, 0x21,
    0x83, 0x19, 0xA4, 0x19, 0xA4, 0x19, 0xA4, 0x19, 0xC4, 0x19, 0xA3, 0x19, 0xA4, 0x21, 0xE6, 0x31,
    0xA7, 0x39, 0x46, 0x39, 0x66, 0x39, 0x86, 0x39, 0xA7, 0x41, 0x66, 0x39, 0x86, 0x41, 0xA7, 0x49,
    0xC7, 0x51, 0xA7, 0x51, 0xA6, 0x49, 0xC6, 0x49, 0x68, 0x5A, 0x67, 0x52, 0x67, 0x52, 0x88, 0x5A,
    0xC8, 0x62, 0xC8, 0x62, 0xC8, 0x62, 0xC8, 0x62, 0xC8, 0x62, 0xE9, 0x6A, 0xE9, 0x6A, 0x29, 0x73,
    0x49, 0x73, 0x29, 0x73, 0x29, 0x73, 0x29, 0x7B, 0x09, 0x73, 0x49, 0x7B, 0x4A, 0x7B, 0x6A, 0x83,
    0x49, 0x7B, 0x49, 0x7B, 0x69, 0x7B, 0x49, 0x83, 0x69, 0x83, 0x6A, 0x83, 0x49, 0x7B, 0x6A, 0x83,
    0xAB, 0x8B, 0x8B, 0x8B, 0xAB, 0x8B, 0x8A, 0x8B, 0xAB, 0x93, 0xCB, 0x93, 0xAB, 0x8B, 0x8A, 0x8B,
    0xAB, 0x93, 0xCB, 0x93, 0xAB, 0x8B, 0xCB, 0x93, 0xAB, 0x93, 0xAB, 0x93, 0x8A, 0x93, 0xAA, 0x93,
    0x8A, 0x8B, 0xAA, 0x8B, 0xCB, 0x93, 0xCB, 0x93, 0xEB, 0x93, 0xAB, 0x93, 0xAA, 0x93, 0xAB, 0x8B,
    0xCB, 0x93, 0xCB, 0x93, 0xCB, 0x93, 0x4A, 0x93, 0xA8, 0x82, 0x68, 0x82, 0xA9, 0x8A, 0x89, 0x8A,
    0xA9, 0x8A, 0x48, 0x7A, 0x68, 0x82, 0x68, 0x7A, 0x89, 0x82, 0x89, 0x7A, 0xC9, 0x82, 0x89, 0x7A,
    0xA9, 0x7A, 0xEA, 0x82, 0x68, 0x6A, 0x84, 0x61, 0xE9, 0x9A, 0x6B, 0xB3, 0xAD, 0xB3, 0xEA, 0x92,
    0xE2, 0x58, 0x27, 0x92, 0x48, 0x92, 0x68, 0x8A, 0x26, 0x72, 0x42, 0x41, 0x01, 0x21, 0x62, 0x29,
    0x62, 0x29, 0x21, 0x29, 0x21, 0x29, 0x22, 0x29, 0x22, 0x31, 0x62, 0x39, 0x83, 0x41, 0xA3, 0x49,
    0xA4, 0x49, 0xA4, 0x51, 0xC4, 0x51, 0xE4, 0x51, 0xE4, 0x51, 0xC4, 0x51, 0xC4, 0x59, 0xC4, 0x51,
    0xA3, 0x49, 0xE4, 0x59, 0xC4, 0x51, 0xC4, 0x51, 0x05, 0x62, 0xE4, 0x59, 0xE4, 0x59, 0x25, 0x6A,
    0x45, 0x6A, 0x04, 0x6A, 0x04, 0x6A, 0x45, 0x72, 0x66, 0x72, 0xA7, 0x7A, 0xE9, 0x82, 0x09, 0x83,
    0xE9, 0x7A, 0xC9, 0x6A, 0x47, 0x4A, 0xC4, 0x31, 0xA4, 0x21, 0x83, 0x19, 0xA3, 0x21, 0xE4, 0x41,
    0x66, 0x6A, 0x26, 0x6A, 0x05, 0x62, 0x25, 0x62, 0x66, 0x6A, 0x66, 0x72, 0x86, 0x72, 0x25, 0x6A,
    0x26, 0x6A, 0xC5, 0x59, 0xE5, 0x51, 0x24, 0x3A, 0x85, 0x32, 0x66, 0x32, 0xE3, 0x21, 0xE4, 0x21,
    0x26, 0x32, 0x27, 0x32, 0x87, 0x29, 0xE9, 0x39, 0x09, 0x3A, 0x4A, 0x42, 0x8B, 0x4A, 0x09, 0x42,
    0xE9, 0x39, 0xE9, 0x39, 0xC9, 0x31, 0x87, 0x29, 0xCB, 0x52, 0x2F, 0x7C, 0x2F, 0x7C, 0x0E, 0x74,
    0x0E, 0x74, 0xEE, 0x73, 0x8C, 0x63, 0xE8, 0x42, 0xA6, 0x32, 0xE6, 0x3A, 0xC6, 0x3A, 0xC6, 0x3A,
    0xC6, 0x3A, 0xE6, 0x3A, 0x85, 0x32, 0xA5, 0x32, 0xC5, 0x3A, 0xE8, 0x4A, 0xCF, 0x83, 0x6F, 0x93,
    0x2E, 0x8B, 0x0D, 0x8B, 0x0D, 0x8B, 0x0D, 0x93, 0x2D, 0x93, 0x0D, 0x8B, 0xCC, 0x82, 0xAC, 0x72,
    0xCC, 0x62, 0xE6, 0x31, 0xC4, 0x19, 0xE4, 0x19, 0xE4, 0x19, 0xE4, 0x21, 0xC4, 0x19, 0xA4, 0x19,
    0xE3, 0x21, 0x24, 0x2A, 0x65, 0x32, 0x65, 0x32, 0xE3, 0x21, 0xE3, 0x21, 0xE3, 0x21, 0xE3, 0x21,
    0x45, 0x32, 0xC4, 0x39, 0xC5, 0x51, 0x26, 0x72, 0x46, 0x7A, 0x86, 0x7A, 0xC7, 0x72, 0x24, 0x3A,
    0xE3, 0x21, 0xE3, 0x21, 0xE4, 0x21, 0xE3, 0x21, 0xE4, 0x21, 0x04, 0x2A, 0xE3, 0x21, 0x04, 0x2A,
    0xE4, 0x21, 0xC3, 0x19, 0xC4, 0x21, 0x85, 0x21, 0x09, 0x4A, 0xCC, 0x6A, 0x2C, 0x83, 0x8E, 0x93,
    0xEE, 0x9B, 0x8B, 0x7B, 0x24, 0x32, 0x24, 0x32, 0xE2, 0x29, 0x23, 0x2A, 0x44, 0x32, 0x03, 0x2A,
    0x64, 0x32, 0x84, 0x3A, 0x23, 0x2A, 0x64, 0x32, 0x84, 0x3A, 0xC5, 0x42, 0x84, 0x3A, 0x24, 0x32,
    0x83, 0x29, 0x44, 0x31, 0xC6, 0x49, 0x68, 0x62, 0x66, 0x52, 0x44, 0x3A, 0x44, 0x32, 0x44, 0x32,
    0x65, 0x32, 0x45, 0x32, 0x25, 0x2A, 0x25, 0x2A, 0x04, 0x2A, 0xC3, 0x21, 0xE5, 0x29, 0x88, 0x31,
    0x8B, 0x41, 0xAC, 0x49, 0xEC, 0x51, 0x4D, 0x62, 0x4D, 0x6A, 0x6D, 0x6A, 0xEE, 0x72, 0xCB, 0x5A,
    0x09, 0x5B, 0x69, 0x6B, 0x49, 0x6B, 0xCC, 0x7B, 0x85, 0x21, 0x81, 0x00, 0xC2, 0x08, 0x22, 0x11,
    0xC3, 0x21, 0xE3, 0x21, 0x03, 0x2A, 0x04, 0x2A, 0x62, 0x19, 0x84, 0x21, 0xA4, 0x29, 0xE4, 0x29,
    0xE3, 0x21, 0xC2, 0x19, 0xE3, 0x21, 0x04, 0x22, 0xE4, 0x21, 0xC4, 0x19, 0xC3, 0x19, 0x83, 0x11,
    0xC4, 0x19, 0xC4, 0x21, 0xC4, 0x21, 0xC4, 0x21, 0xA4, 0x19, 0xA4, 0x19, 0x83, 0x19, 0x42, 0x11,
    0x22, 0x09, 0x62, 0x11, 0x83, 0x19, 0xA3, 0x19, 0xA4, 0x19, 0xA3, 0x19, 0x62, 0x11, 0x83, 0x19,
    0xC4, 0x19, 0x83, 0x19, 0x83, 0x19, 0x63, 0x11, 0x83, 0x11, 0xC4, 0x19, 0x63, 0x19, 0x84, 0x21,
    0xA7, 0x39, 0x66, 0x39, 0x66, 0x39, 0x66, 0x39, 0xA7, 0x41, 0xA7, 0x41, 0x87, 0x41, 0x87, 0x41,
    0x66, 0x41, 0x86, 0x41, 0x86, 0x49, 0x86, 0x41, 0x27, 0x52, 0x88, 0x52, 0x88, 0x52, 0x88, 0x5A,
    0xA8, 0x5A, 0xA8, 0x5A, 0xA8, 0x62, 0xA8, 0x62, 0xA8, 0x62, 0xC9, 0x62, 0xE9, 0x6A, 0x09, 0x6B,
    0x29, 0x73, 0x09, 0x6B, 0x09, 0x73, 0x49, 0x7B, 0x09, 0x73, 0x09, 0x73, 0x29, 0x7B, 0x29, 0x7B,
    0x09, 0x73, 0x29, 0x7B, 0x49, 0x7B, 0x29, 0x7B, 0x49, 0x7B, 0x29, 0x7B, 0x8A, 0x83, 0x6A, 0x83,
    0x6A, 0x83, 0x6A, 0x83, 0x6A, 0x83, 0x8A, 0x8B, 0x8A, 0x8B, 0xAB, 0x8B, 0x8A, 0x8B, 0x8A, 0x8B,
    0x8A, 0x8B, 0xAA, 0x8B, 0xAB, 0x93, 0xAB, 0x93, 0xAB, 0x93, 0x8A, 0x8B, 0x8A, 0x8B, 0x8A, 0x8B,
    0x8A, 0x8B, 0xAA, 0x93, 0x8A, 0x8B, 0xAB, 0x93, 0xAA, 0x8B, 0xAA, 0x93, 0xAA, 0x8B, 0xAA, 0x93,
    0xAA, 0x8B, 0xCB, 0x93, 0xAB, 0x93, 0x0A, 0x8B, 0xA9, 0x8A, 0x68, 0x82, 0x69, 0x82, 0x68, 0x7A,
    0x89, 0x82, 0x68, 0x7A, 0x89, 0x7A, 0x89, 0x7A, 0x89, 0x7A, 0x68, 0x7A, 0x88, 0x72, 0x48, 0x72,
    0x68, 0x72, 0xC9, 0x7A, 0x47, 0x62, 0x84, 0x59, 0x47, 0x82, 0xE9, 0xA2, 0x4B, 0xAB, 0x8C, 0xB3,
    0x27, 0x8A, 0x68, 0x9A, 0x89, 0x9A, 0x68, 0x8A, 0xC4, 0x61, 0x83, 0x41, 0x62, 0x21, 0xC3, 0x21,
    0xA3, 0x21, 0xC3, 0x29, 0xA3, 0x21, 0x63, 0x21, 0x62, 0x29, 0x42, 0x29, 0x42, 0x29, 0x22, 0x29,
    0x22, 0x31, 0x62, 0x39, 0xA3, 0x41, 0xC4, 0x51, 0xC4, 0x51, 0xC4, 0x59, 0xC4, 0x51, 0xA3, 0x49,
    0x83, 0x49, 0xC4, 0x51, 0xA4, 0x51, 0xC4, 0x51, 0x05, 0x62, 0xE4, 0x59, 0xE4, 0x61, 0x25, 0x6A,
    0x45, 0x6A, 0x04, 0x6A, 0x45, 0x72, 0x66, 0x72, 0x05, 0x6A, 0x25, 0x6A, 0x66, 0x72, 0x87, 0x7A,
    0xA8, 0x82, 0xE9, 0x8A, 0x2A, 0x8B, 0x2A, 0x83, 0xE9, 0x72, 0x67, 0x52, 0xA4, 0x31, 0xC4, 0x49,
    0x46, 0x6A, 0x46, 0x6A, 0x05, 0x62, 0x25, 0x62, 0x66, 0x6A, 0x66, 0x72, 0x86, 0x72, 0x25, 0x6A,
    0x25, 0x6A, 0xC5, 0x59, 0x05, 0x52, 0x24, 0x3A, 0x24, 0x2A, 0x65, 0x42, 0xC7, 0x5A, 0x86, 0x4A,
    0x05, 0x32, 0x06, 0x32, 0xA6, 0x29, 0xC7, 0x31, 0x08, 0x3A, 0x09, 0x3A, 0x29, 0x42, 0xE8, 0x39,
    0xA7, 0x31, 0x87, 0x31, 0x46, 0x21, 0x08, 0x3A, 0x0F, 0x74, 0xEE, 0x73, 0xED, 0x73, 0xED, 0x73,
    0xEE, 0x73, 0xAD, 0x6B, 0x6C, 0x63, 0x0B, 0x53, 0x66, 0x32, 0x65, 0x32, 0x87, 0x3A, 0x2A, 0x53,
    0x4A, 0x53, 0x08, 0x4B, 0xA7, 0x3A, 0xE6, 0x3A, 0xC6, 0x3A, 0x0A, 0x53, 0x6F, 0x83, 0xED, 0x82,
    0xEC, 0x82, 0x0C, 0x8B, 0xEC, 0x8A, 0xCC, 0x8A, 0xEC, 0x8A, 0xCC, 0x82, 0x8B, 0x7A, 0x4A, 0x6A,
    0x4A, 0x5A, 0x27, 0x42, 0xE4, 0x21, 0x04, 0x22, 0x04, 0x22, 0x04, 0x22, 0xE4, 0x19, 0xC3, 0x19,
    0x24, 0x2A, 0x23, 0x2A, 0x64, 0x32, 0x24, 0x2A, 0x04, 0x2A, 0x24, 0x2A, 0x24, 0x2A, 0x24, 0x2A,
    0x25, 0x32, 0x43, 0x29, 0x02, 0x31, 0x84, 0x59, 0xE5, 0x69, 0x46, 0x6A, 0x25, 0x52, 0xC3, 0x29,
    0xE3, 0x21, 0x24, 0x2A, 0xE3, 0x21, 0xE3, 0x21, 0xE4, 0x21, 0x04, 0x22, 0xC3, 0x21, 0xE4, 0x21,
    0xE3, 0x21, 0xA3, 0x19, 0x02, 0x09, 0xE3, 0x10, 0xA7, 0x31, 0x28, 0x52, 0xA9, 0x6A, 0x2B, 0x7B,
    0x6B, 0x7B, 0x66, 0x4A, 0xE3, 0x29, 0x65, 0x3A, 0x23, 0x32, 0x23, 0x2A, 0x23, 0x2A, 0x24, 0x32,
    0x64, 0x32, 0x84, 0x3A, 0x02, 0x2A, 0x22, 0x2A, 0x43, 0x32, 0xA4, 0x3A, 0x63, 0x3A, 0x44, 0x32,
    0xA3, 0x21, 0x22, 0x19, 0x83, 0x29, 0x04, 0x3A, 0x85, 0x42, 0x85, 0x3A, 0x44, 0x32, 0x24, 0x2A,
    0xE3, 0x21, 0x04, 0x2A, 0x04, 0x2A, 0xE4, 0x21, 0xA3, 0x19, 0x63, 0x19, 0x24, 0x19, 0x06, 0x21,
    0x6A, 0x39, 0xAB, 0x41, 0x8B, 0x49, 0xEB, 0x59, 0x2C, 0x62, 0x6D, 0x6A, 0xAD, 0x72, 0x49, 0x52,
    0x87, 0x52, 0x49, 0x6B, 0x28, 0x63, 0x28, 0x63, 0xE5, 0x31, 0xE1, 0x10, 0x82, 0x19, 0xC2, 0x21,
    0x23, 0x2A, 0x03, 0x2A, 0xE3, 0x21, 0xE3, 0x29, 0x04, 0x2A, 0xC3, 0x21, 0xA3, 0x21, 0xE4, 0x29,
    0xE3, 0x29, 0xE3, 0x21, 0xE3, 0x21, 0xE3, 0x21, 0xC3, 0x21, 0xE4, 0x21, 0xE4, 0x21, 0xA3, 0x19,
    0xA3, 0x19, 0xC4, 0x21, 0xE4, 0x21, 0xC4, 0x21, 0xA4, 0x19, 0x83, 0x19, 0x83, 0x19, 0xA4, 0x19,
    0x83, 0x19, 0x62, 0x11, 0x42, 0x11, 0x83, 0x19, 0x83, 0x19, 0x83, 0x19, 0x83, 0x19, 0x63, 0x11,
    0xA4, 0x19, 0xE4, 0x21, 0xA3, 0x19, 0x42, 0x11, 0x83, 0x19, 0xA4, 0x19, 0x84, 0x19, 0x43, 0x19,
    0xA6, 0x31, 0x66, 0x39, 0x46, 0x31, 0x66, 0x39, 0x87, 0x39, 0xA7, 0x41, 0x87, 0x41, 0x86, 0x41,
    0xA6, 0x41, 0x66, 0x41, 0x86, 0x41, 0x86, 0x41, 0xE6, 0x49, 0x68, 0x52, 0x88, 0x52, 0x88, 0x5A,
    0xA8, 0x5A, 0x88, 0x5A, 0xC9, 0x62, 0xA8, 0x62, 0xA8, 0x62, 0xE9, 0x6A, 0xE9, 0x6A, 0xA8, 0x62,
    0xC8, 0x62, 0xC8, 0x62, 0x09, 0x73, 0xE8, 0x72, 0x29, 0x7B, 0x4A, 0x7B, 0x29, 0x7B, 0x2A, 0x7B,
    0x29, 0x7B, 0x29, 0x7B, 0x49, 0x7B, 0x49, 0x7B, 0x4A, 0x7B, 0x4A, 0x83, 0x6A, 0x83, 0x4A, 0x83,
    0x4A, 0x83, 0x6A, 0x83, 0x4A, 0x83, 0x8A, 0x83, 0x6A, 0x83, 0x8A, 0x8B, 0x8A, 0x8B, 0xAB, 0x8B,
    0xAB, 0x8B, 0xAB, 0x8B, 0x6A, 0x8B, 0x6A, 0x83, 0x8A, 0x8B, 0x6A, 0x8B, 0x6A, 0x8B, 0x8A, 0x8B,
    0x8A, 0x8B, 0x6A, 0x8B, 0x6A, 0x8B, 0x8A, 0x8B, 0xAA, 0x8B, 0xAB, 0x93, 0xAB, 0x93, 0x8A, 0x8B,
    0xAB, 0x8B, 0x8A, 0x8B, 0x6A, 0x8B, 0xE9, 0x82, 0x88, 0x82, 0x48, 0x7A, 0x48, 0x7A, 0x28, 0x72,
    0x69, 0x7A, 0x69, 0x7A, 0x48, 0x7A, 0x89, 0x7A, 0x89, 0x7A, 0x89, 0x7A, 0x89, 0x72, 0x68, 0x6A,
    0x68, 0x72, 0xC9, 0x72, 0xC9, 0x7A, 0xC5, 0x59, 0xA5, 0x61, 0xA8, 0x92, 0x0A, 0xA3, 0x6B, 0xB3,
    0x4B, 0xB3, 0x89, 0x9A, 0x89, 0x92, 0x47, 0x82, 0xC4, 0x61, 0xA3, 0x49, 0x42, 0x31, 0x46, 0x4A,
    0x26, 0x42, 0x62, 0x19, 0x62, 0x19, 0x63, 0x19, 0xA3, 0x21, 0xE4, 0x29, 0xC4, 0x29, 0xC3, 0x29,
    0x83, 0x29, 0x82, 0x29, 0x82, 0x29, 0x62, 0x31, 0x62, 0x39, 0x83, 0x41, 0xA3, 0x41, 0xA3, 0x41,
    0x83, 0x41, 0xC4, 0x51, 0xA4, 0x51, 0xE4, 0x59, 0x25, 0x62, 0xE4, 0x59, 0x04, 0x62, 0x25, 0x6A,
    0x66, 0x72, 0x04, 0x6A, 0xE4, 0x69, 0x25, 0x6A, 0x46, 0x6A, 0x45, 0x6A, 0x45, 0x6A, 0x45, 0x6A,
    0x45, 0x72, 0x66, 0x72, 0xA6, 0x82, 0xE8, 0x8A, 0x29, 0x8B, 0x4A, 0x8B, 0x09, 0x7B, 0x25, 0x5A,
    0x26, 0x62, 0x46, 0x6A, 0x05, 0x62, 0x05, 0x62, 0x46, 0x6A, 0x66, 0x72, 0x66, 0x72, 0x46, 0x6A,
    0x25, 0x62, 0xE5, 0x59, 0xE5, 0x49, 0x05, 0x3A, 0x86, 0x4A, 0x6A, 0x83, 0x8A, 0x9B, 0x6A, 0x8B,
    0xA6, 0x5A, 0x45, 0x32, 0xC5, 0x29, 0xA5, 0x29, 0xA6, 0x29, 0x85, 0x21, 0x86, 0x29, 0xA6, 0x29,
    0x65, 0x21, 0x66, 0x29, 0x04, 0x19, 0xC9, 0x52, 0xED, 0x73, 0xCC, 0x73, 0xCC, 0x73, 0xEC, 0x73,
    0xCC, 0x73, 0x6B, 0x63, 0x4B, 0x5B, 0xEB, 0x4A, 0x47, 0x32, 0x86, 0x3A, 0xCC, 0x6B, 0x8C, 0x6B,
    0x4B, 0x63, 0x6B, 0x63, 0x09, 0x53, 0xA6, 0x3A, 0x85, 0x32, 0xC9, 0x52, 0xED, 0x7A, 0x8B, 0x7A,
    0xCB, 0x82, 0xCB, 0x82, 0xCB, 0x82, 0xAB, 0x82, 0xAB, 0x82, 0x8B, 0x7A, 0x4A, 0x72, 0x2A, 0x6A,
    0x09, 0x5A, 0x07, 0x3A, 0x66, 0x32, 0x65, 0x2A, 0x65, 0x2A, 0x65, 0x2A, 0x45, 0x2A, 0x04, 0x22,
    0xC2, 0x21, 0x61, 0x11, 0xA2, 0x21, 0x03, 0x2A, 0x24, 0x2A, 0x24, 0x2A, 0x45, 0x32, 0x03, 0x22,
    0x82, 0x19, 0x01, 0x11, 0xA1, 0x18, 0xE2, 0x30, 0x43, 0x41, 0x43, 0x39, 0x84, 0x31, 0x83, 0x29,
    0xA2, 0x19, 0xA2, 0x19, 0x04, 0x2A, 0xE3, 0x21, 0xA2, 0x19, 0xE3, 0x21, 0xC3, 0x19, 0xC3, 0x21,
    0xE4, 0x21, 0xC3, 0x19, 0x42, 0x11, 0xE2, 0x08, 0xC1, 0x08, 0x43, 0x29, 0xA4, 0x39, 0x05, 0x42,
    0x45, 0x42, 0xC3, 0x29, 0xE3, 0x21, 0x44, 0x32, 0x64, 0x3A, 0x64, 0x32, 0x44, 0x32, 0xA2, 0x21,
    0x03, 0x2A, 0x23, 0x2A, 0x23, 0x2A, 0x64, 0x3A, 0x43, 0x32, 0x22, 0x2A, 0x23, 0x32, 0x23, 0x32,
    0x23, 0x2A, 0xE3, 0x29, 0x03, 0x2A, 0x64, 0x32, 0xA5, 0x3A, 0x44, 0x32, 0x24, 0x2A, 0x24, 0x2A,
    0x04, 0x2A, 0xC3, 0x21, 0xC3, 0x21, 0xC3, 0x21, 0xA3, 0x19, 0x02, 0x09, 0xC3, 0x08, 0xC5, 0x18,
    0xE7, 0x20, 0x49, 0x31, 0x8A, 0x41, 0xCB, 0x51, 0xEB, 0x59, 0x2B, 0x62, 0x6B, 0x62, 0xA6, 0x39,
    0x84, 0x31, 0xA7, 0x52, 0x87, 0x52, 0xC7, 0x52, 0x25, 0x3A, 0xE3, 0x29, 0x02, 0x22, 0x64, 0x32,
    0x84, 0x3A, 0x84, 0x3A, 0x44, 0x32, 0xE3, 0x29, 0x03, 0x22, 0x44, 0x32, 0x24, 0x2A, 0x04, 0x2A,
    0x24, 0x2A, 0x44, 0x32, 0x64, 0x32, 0x24, 0x2A, 0xE4, 0x21, 0xC3, 0x21, 0x04, 0x2A, 0xC3, 0x21,
    0xA3, 0x19, 0xA3, 0x19, 0xA3, 0x19, 0xC4, 0x21, 0xC4, 0x21, 0xC4, 0x21, 0xA3, 0x19, 0x83, 0x19,
    0x42, 0x11, 0x63, 0x11, 0x62, 0x11, 0x42, 0x11, 0x62, 0x11, 0x83, 0x19, 0x43, 0x11, 0x43, 0x11,
    0x63, 0x11, 0x83, 0x19, 0x63, 0x19, 0x22, 0x11, 0x84, 0x19, 0x43, 0x11, 0x83, 0x19, 0x63, 0x11,
    0x85, 0x29, 0x86, 0x31, 0x26, 0x31, 0x66, 0x31, 0x87, 0x39, 0x87, 0x39, 0x66, 0x39, 0x66, 0x39,
    0x66, 0x39, 0x65, 0x39, 0x65, 0x39, 0x45, 0x39, 0xA6, 0x41, 0x68, 0x52, 0x67, 0x4A, 0x67, 0x52,
    0x67, 0x52, 0x67, 0x52, 0xA8, 0x5A, 0xA8, 0x5A, 0xC8, 0x62, 0xC9, 0x62, 0xA8, 0x62, 0xA8, 0x62,
    0xA8, 0x62, 0xC8, 0x62, 0xC9, 0x6A, 0xC8, 0x6A, 0xC8, 0x6A, 0xE9, 0x6A, 0x2A, 0x7B, 0x09, 0x7B,
    0x29, 0x7B, 0x29, 0x7B, 0x09, 0x73, 0x29, 0x7B, 0x09, 0x73, 0x09, 0x73, 0x29, 0x7B, 0x4A, 0x7B,
    0x4A, 0x7B, 0x4A, 0x83, 0x29, 0x7B, 0x49, 0x7B, 0x6A, 0x83, 0x6A, 0x83, 0x4A, 0x83, 0x4A, 0x83,
    0x8A, 0x8B, 0xAB, 0x8B, 0x6A, 0x83, 0x49, 0x83, 0x4A, 0x83, 0x6A, 0x8B, 0x6A, 0x83, 0x6A, 0x8B,
    0x8A, 0x8B, 0x6A, 0x8B, 0x6A, 0x8B, 0x8A, 0x8B, 0x8A, 0x8B, 0x6A, 0x8B, 0x49, 0x83, 0x6A, 0x8B,
    0x69, 0x83, 0x8A, 0x8B, 0x4A, 0x83, 0xA8, 0x7A, 0x68, 0x7A, 0x28, 0x72, 0x68, 0x7A, 0x27, 0x72,
    0x48, 0x72, 0x48, 0x72, 0x48, 0x72, 0x48, 0x72, 0x68, 0x72, 0x48, 0x6A, 0x48, 0x6A, 0x47, 0x6A,
    0x68, 0x6A, 0xA9, 0x7A, 0x4B, 0x93, 0x27, 0x72, 0x23, 0x49, 0x26, 0x72, 0xA8, 0x92, 0xEA, 0xA2,
    0xCD, 0xC3, 0x6C, 0xB3, 0x88, 0x92, 0xA4, 0x61, 0xC4, 0x61, 0x67, 0x7A, 0x8C, 0x9B, 0x8F, 0xBC,
    0xB0, 0xBC, 0x46, 0x52, 0x41, 0x11, 0xA3, 0x19, 0x82, 0x11, 0x62, 0x11, 0x62, 0x11, 0x82, 0x19,
    0xC4, 0x21, 0xE4, 0x21, 0xE4, 0x29, 0xE4, 0x29, 0x83, 0x21, 0x83, 0x29, 0x62, 0x29, 0x21, 0x21,
    0x42, 0x31, 0xE4, 0x51, 0xA3, 0x51, 0xE4, 0x59, 0x25, 0x62, 0xE4, 0x59, 0x04, 0x62, 0x45, 0x6A,
    0x66, 0x72, 0x04, 0x6A, 0xC4, 0x61, 0xC3, 0x59, 0xC3, 0x59, 0xE5, 0x61, 0x25, 0x6A, 0x46, 0x6A,
    0x46, 0x6A, 0x45, 0x6A, 0x45, 0x6A, 0x66, 0x72, 0x66, 0x72, 0x66, 0x72, 0x87, 0x7A, 0x26, 0x62,
    0x26, 0x6A, 0x45, 0x6A, 0x25, 0x62, 0x25, 0x6A, 0x46, 0x6A, 0x66, 0x72, 0x66, 0x72, 0x45, 0x6A,
    0x25, 0x62, 0xC4, 0x51, 0xE5, 0x49, 0xA4, 0x29, 0x86, 0x52, 0xC7, 0x7A, 0xC7, 0x8A, 0xC7, 0x8A,
    0xA6, 0x62, 0x44, 0x32, 0x86, 0x3A, 0x66, 0x3A, 0x05, 0x2A, 0x84, 0x19, 0x43, 0x19, 0x64, 0x19,
    0x84, 0x21, 0x44, 0x19, 0x23, 0x19, 0xEA, 0x52, 0xAC, 0x6B, 0x8B, 0x6B, 0x8A, 0x6B, 0x8A, 0x6B,
    0x8B, 0x63, 0x6B, 0x63, 0x0A, 0x5B, 0xA9, 0x42, 0x27, 0x32, 0x6A, 0x5B, 0x8C, 0x73, 0x0A, 0x63,
    0xE9, 0x62, 0xC9, 0x5A, 0xA8, 0x4A, 0x87, 0x3A, 0x86, 0x32, 0x87, 0x42, 0xAA, 0x62, 0x8A, 0x72,
    0xAA, 0x7A, 0xAA, 0x7A, 0xCB, 0x82, 0x8A, 0x7A, 0x49, 0x72, 0x29, 0x6A, 0x49, 0x6A, 0x09, 0x5A,
    0xA7, 0x41, 0xC6, 0x31, 0x45, 0x32, 0x86, 0x32, 0x86, 0x32, 0x86, 0x32, 0x45, 0x2A, 0x25, 0x2A,
    0xC2, 0x21, 0xE3, 0x21, 0xE2, 0x21, 0x44, 0x32, 0x24, 0x2A, 0x24, 0x22, 0x24, 0x2A, 0x03, 0x2A,
    0xC3, 0x19, 0x42, 0x11, 0xC1, 0x10, 0x02, 0x21, 0x85, 0x31, 0x49, 0x52, 0xEC, 0x62, 0xEA, 0x5A,
    0x05, 0x32, 0xC3, 0x21, 0x04, 0x2A, 0x03, 0x22, 0xC3, 0x21, 0xE3, 0x21, 0xE3, 0x21, 0xC3, 0x19,
    0xC3, 0x21, 0x03, 0x22, 0x03, 0x22, 0xC3, 0x19, 0x61, 0x19, 0xA3, 0x21, 0x62, 0x21, 0x82, 0x21,
    0x44, 0x32, 0x85, 0x3A, 0x23, 0x2A, 0x44, 0x32, 0x44, 0x32, 0x64, 0x32, 0x84, 0x3A, 0xA1, 0x19,
    0xA2, 0x19, 0x44, 0x32, 0x43, 0x32, 0x43, 0x32, 0x64, 0x32, 0x63, 0x32, 0x43, 0x3A, 0x23, 0x32,
    0x23, 0x2A, 0x64, 0x32, 0x43, 0x32, 0x43, 0x32, 0x64, 0x32, 0x44, 0x32, 0xE3, 0x21, 0x82, 0x19,
    0x24, 0x2A, 0xC3, 0x21, 0xA3, 0x19, 0xC4, 0x21, 0xA4, 0x19, 0x02, 0x09, 0x82, 0x00, 0xA4, 0x08,
    0xC5, 0x18, 0xE7, 0x20, 0x28, 0x31, 0x69, 0x41, 0xAA, 0x49, 0x0A, 0x52, 0xE8, 0x49, 0x41, 0x08,
    0x81, 0x08, 0x23, 0x21, 0x23, 0x21, 0xA3, 0x29, 0xC3, 0x29, 0x44, 0x32, 0x43, 0x2A, 0x44, 0x2A,
    0x84, 0x3A, 0xA5, 0x3A, 0x64, 0x32, 0x44, 0x32, 0x23, 0x2A, 0x44, 0x32, 0xE3, 0x21, 0x24, 0x32,
    0x44, 0x32, 0x64, 0x32, 0x85, 0x3A, 0x44, 0x32, 0x04, 0x2A, 0xA3, 0x19, 0xE3, 0x21, 0xE4, 0x29,
    0xE4, 0x21, 0xA3, 0x19, 0xA3, 0x19, 0xA3, 0x19, 0xC3, 0x21, 0x62, 0x11, 0x41, 0x11, 0xA4, 0x21,
    0x83, 0x19, 0x62, 0x11, 0x63, 0x19, 0x83, 0x19, 0x63, 0x19, 0x63, 0x11, 0x43, 0x11, 0x43, 0x11,
    0x22, 0x11, 0x01, 0x09, 0x02, 0x09, 0x22, 0x11, 0x43, 0x11, 0x42, 0x11, 0x42, 0x11, 0x83, 0x19,
    0x84, 0x21, 0x86, 0x31, 0x46, 0x31, 0x46, 0x31, 0x66, 0x39, 0x66, 0x39, 0x66, 0x39, 0x66, 0x39,
    0x66, 0x39, 0x25, 0x31, 0x45, 0x39, 0x45, 0x39, 0x86, 0x41, 0x07, 0x4A, 0x47, 0x4A, 0x27, 0x4A,
    0x47, 0x52, 0x47, 0x52, 0x47, 0x52, 0x67, 0x52, 0x88, 0x5A, 0xA8, 0x5A, 0x68, 0x5A, 0x88, 0x5A,
    0xA8, 0x62, 0xC9, 0x62, 0xE9, 0x6A, 0xE9, 0x6A, 0xC8, 0x6A, 0xE9, 0x6A, 0xE9, 0x72, 0xC8, 0x6A,
    0xC8, 0x6A, 0xE8, 0x6A, 0xE9, 0x72, 0xE8, 0x72, 0xE8, 0x72, 0xE8, 0x6A, 0x09, 0x73, 0x09, 0x73,
    0xE8, 0x72, 0x09, 0x7B, 0x29, 0x7B, 0x08, 0x73, 0x29, 0x7B, 0x4A, 0x7B, 0x6A, 0x83, 0x4A, 0x83,
    0x29, 0x7B, 0x09, 0x7B, 0x4A, 0x83, 0x8A, 0x8B, 0x29, 0x7B, 0x29, 0x7B, 0x6A, 0x8B, 0x6A, 0x83,
    0x4A, 0x83, 0x4A, 0x83, 0x4A, 0x83, 0x49, 0x83, 0x29, 0x83, 0x29, 0x83, 0x29, 0x83, 0x49, 0x83,
    0x49, 0x83, 0x09, 0x7B, 0xE9, 0x7A, 0x68, 0x7A, 0x68, 0x7A, 0x48, 0x72, 0x48, 0x72, 0x48, 0x72,
    0x68, 0x72, 0x68, 0x72, 0x48, 0x72, 0x68, 0x72, 0x68, 0x72, 0x47, 0x6A, 0x47, 0x6A, 0x27, 0x62,
    0x48, 0x6A, 0x48, 0x72, 0x84, 0x61, 0x64, 0x51, 0x03, 0x41, 0xA5, 0x59, 0x68, 0x82, 0xC9, 0x9A,
    0x8C, 0xB3, 0x0F, 0xC4, 0xCD, 0xB3, 0x2A, 0x9B, 0xCC, 0xAB, 0x70, 0xCC, 0x50, 0xCC, 0xEE, 0xBB,
    0x8C, 0xA3, 0x05, 0x4A, 0xA2, 0x19, 0xA3, 0x19, 0x82, 0x19, 0x61, 0x19, 0x24, 0x2A, 0xC3, 0x21,
    0x62, 0x11, 0x42, 0x11, 0x62, 0x11, 0x42, 0x11, 0x63, 0x19, 0xC4, 0x21, 0xE5, 0x29, 0x83, 0x21,
    0x83, 0x31, 0xE4, 0x51, 0xA3, 0x51, 0xA3, 0x51, 0xE4, 0x59, 0xA3, 0x51, 0xE4, 0x59, 0x25, 0x62,
    0x25, 0x6A, 0xC4, 0x61, 0x83, 0x59, 0xC3, 0x59, 0xC3, 0x59, 0xC4, 0x59, 0xC4, 0x59, 0xE4, 0x59,
    0x05, 0x62, 0x25, 0x6A, 0x46, 0x6A, 0x66, 0x6A, 0x66, 0x72, 0x45, 0x6A, 0x05, 0x62, 0xE5, 0x61,
    0x46, 0x6A, 0x46, 0x6A, 0x25, 0x62, 0x46, 0x6A, 0x66, 0x6A, 0x86, 0x72, 0x66, 0x72, 0x25, 0x6A,
    0x05, 0x62, 0xC4, 0x51, 0xE5, 0x41, 0xE4, 0x29, 0xE3, 0x31, 0x03, 0x52, 0x44, 0x6A, 0x65, 0x72,
    0x04, 0x4A, 0xE3, 0x29, 0x04, 0x22, 0x24, 0x2A, 0x04, 0x22, 0x62, 0x11, 0x62, 0x11, 0xA3, 0x19,
    0xC4, 0x21, 0xC5, 0x21, 0x84, 0x21, 0xA8, 0x4A, 0x2A, 0x5B, 0x29, 0x5B, 0x49, 0x5B, 0x29, 0x5B,
    0x29, 0x53, 0x29, 0x5B, 0x09, 0x53, 0x47, 0x3A, 0x06, 0x2A, 0xE9, 0x52, 0x09, 0x63, 0x09, 0x63,
    0xA8, 0x5A, 0x67, 0x52, 0x67, 0x4A, 0x26, 0x3A, 0xA6, 0x3A, 0xA7, 0x42, 0xC9, 0x5A, 0x89, 0x6A,
    0x28, 0x62, 0x28, 0x62, 0x28, 0x6A, 0x49, 0x6A, 0x28, 0x6A, 0x08, 0x62, 0x08, 0x62, 0xC8, 0x49,
    0x86, 0x31, 0xE5, 0x29, 0x66, 0x32, 0x66, 0x32, 0x65, 0x2A, 0x45, 0x2A, 0x04, 0x22, 0x04, 0x22,
    0xE3, 0x29, 0xC2, 0x21, 0x64, 0x32, 0xA2, 0x21, 0x81, 0x19, 0x03, 0x22, 0x03, 0x22, 0x03, 0x2A,
    0xE3, 0x21, 0xE3, 0x21, 0xE4, 0x29, 0xE6, 0x31, 0xAB, 0x5A, 0x0F, 0x73, 0x2F, 0x7B, 0x6F, 0x83,
    0xCA, 0x62, 0xA3, 0x21, 0x03, 0x22, 0x24, 0x2A, 0xE3, 0x21, 0xE3, 0x21, 0xC3, 0x21, 0x04, 0x22,
    0xE3, 0x21, 0x03, 0x22, 0x24, 0x2A, 0x44, 0x32, 0x44, 0x32, 0x23, 0x2A, 0x64, 0x32, 0x64, 0x32,
    0x64, 0x32, 0x23, 0x2A, 0x23, 0x2A, 0x43, 0x2A, 0x23, 0x2A, 0x02, 0x2A, 0x64, 0x32, 0x24, 0x2A,
    0x24, 0x2A, 0x44, 0x32, 0x84, 0x3A, 0x64, 0x32, 0x43, 0x32, 0x63, 0x32, 0x43, 0x32, 0x64, 0x3A,
    0x63, 0x32, 0x64, 0x3A, 0x44, 0x32, 0x43, 0x32, 0x43, 0x32, 0xE3, 0x29, 0xE3, 0x29, 0x04, 0x2A,
    0x24, 0x2A, 0x24, 0x2A, 0xC3, 0x21, 0x63, 0x19, 0xA4, 0x19, 0x43, 0x11, 0x81, 0x00, 0x62, 0x00,
    0x83, 0x08, 0x84, 0x10, 0xC6, 0x20, 0x07, 0x29, 0x47, 0x31, 0x25, 0x31, 0x03, 0x21, 0x81, 0x08,
    0x80, 0x00, 0x80, 0x00, 0xA1, 0x08, 0x42, 0x19, 0xA3, 0x21, 0xE3, 0x29, 0x24, 0x2A, 0x23, 0x2A,
    0x44, 0x2A, 0x44, 0x32, 0x23, 0x2A, 0x44, 0x32, 0x64, 0x32, 0x64, 0x32, 0x23, 0x2A, 0x03, 0x2A,
    0x24, 0x32, 0xE2, 0x21, 0x03, 0x2A, 0x23, 0x2A, 0x24, 0x2A, 0x04, 0x2A, 0xC3, 0x21, 0x82, 0x19,
    0xA3, 0x19, 0xE4, 0x21, 0xC3, 0x21, 0x62, 0x11, 0xA3, 0x19, 0xA3, 0x19, 0x62, 0x11, 0x62, 0x11,
    0xC3, 0x21, 0xA3, 0x19, 0x62, 0x11, 0xA4, 0x19, 0x63, 0x11, 0x42, 0x11, 0x22, 0x11, 0x22, 0x11,
    0x22, 0x11, 0x02, 0x09, 0x22, 0x11, 0x83, 0x19, 0x42, 0x11, 0x22, 0x09, 0x83, 0x19, 0x63, 0x11,
    0x63, 0x11, 0x85, 0x29, 0x46, 0x31, 0x26, 0x31, 0x25, 0x31, 0x25, 0x31, 0x46, 0x31, 0x66, 0x39,
    0x45, 0x31, 0x45, 0x31, 0x45, 0x39, 0x45, 0x39, 0x45, 0x39, 0xA6, 0x39, 0x06, 0x42, 0x27, 0x42,
    0x27, 0x4A, 0x47, 0x52, 0x67, 0x52, 0x67, 0x52, 0x47, 0x52, 0x68, 0x5A, 0x67, 0x5A, 0x88, 0x5A,
    0x67, 0x5A, 0x87, 0x5A, 0x88, 0x62, 0xA8, 0x6A, 0xA8, 0x6A, 0xA8, 0x62, 0xA8, 0x62, 0xC8, 0x6A,
    0xC8, 0x6A, 0xC8, 0x6A, 0xC8, 0x6A, 0xE8, 0x6A, 0xC8, 0x6A, 0xC8, 0x6A, 0xC8, 0x6A, 0xE8, 0x6A,
    0xE8, 0x72, 0xE8, 0x72, 0xE9, 0x72, 0x09, 0x73, 0x09, 0x7B, 0x29, 0x7B, 0x29, 0x7B, 0x29, 0x7B,
    0x4A, 0x7B, 0x49, 0x7B, 0x09, 0x73, 0x09, 0x7B, 0x29, 0x7B, 0x09, 0x7B, 0x09, 0x7B, 0x49, 0x83,
    0x29, 0x7B, 0x29, 0x7B, 0x49, 0x83, 0x29, 0x83, 0x29, 0x83, 0x29, 0x83, 0x29, 0x7B, 0x29, 0x7B,
    0x49, 0x7B, 0x29, 0x7B, 0xA8, 0x7A, 0x48, 0x72, 0x27, 0x72, 0x27, 0x6A, 0x27, 0x6A, 0xE6, 0x61,
    0x48, 0x6A, 0x48, 0x6A, 0x27, 0x62, 0x47, 0x6A, 0x27, 0x62, 0x07, 0x62, 0x07, 0x62, 0x06, 0x5A,
    0x27, 0x62, 0x64, 0x49, 0xE2, 0x40, 0xC2, 0x38, 0xE2, 0x38, 0x23, 0x41, 0xA5, 0x59, 0x27, 0x7A,
    0xA8, 0x92, 0x4B, 0xAB, 0xEE, 0xC3, 0x4F, 0xCC, 0x6F, 0xCC, 0xEE, 0xBB, 0x8D, 0xB3, 0xEA, 0x92,
    0xE5, 0x59, 0x41, 0x21, 0xC3, 0x21, 0xE3, 0x29, 0x03, 0x2A, 0x03, 0x2A, 0x43, 0x32, 0x44, 0x32,
    0xA2, 0x21, 0x82, 0x19, 0xC3, 0x29, 0x62, 0x19, 0x42, 0x19, 0x42, 0x19, 0x42, 0x11, 0x22, 0x11,
    0x62, 0x31, 0xE4, 0x51, 0xA3, 0x51, 0xC3, 0x51, 0x04, 0x52, 0x24, 0x5A, 0x65, 0x62, 0x25, 0x62,
    0x25, 0x6A, 0x82, 0x51, 0x41, 0x49, 0x82, 0x51, 0xA3, 0x51, 0xC3, 0x59, 0xE4, 0x61, 0xE4, 0x59,
    0xE4, 0x59, 0xE4, 0x59, 0xE5, 0x59, 0xE5, 0x59, 0x25, 0x62, 0x66, 0x72, 0x46, 0x6A, 0x04, 0x62,
    0x46, 0x6A, 0x46, 0x6A, 0x25, 0x62, 0x46, 0x6A, 0x66, 0x6A, 0x86, 0x72, 0x66, 0x72, 0x26, 0x6A,
    0x05, 0x62, 0xC5, 0x51, 0xC5, 0x41, 0xC4, 0x21, 0xA3, 0x21, 0x83, 0x29, 0xA2, 0x39, 0xC3, 0x39,
    0x62, 0x21, 0xE4, 0x21, 0xE4, 0x21, 0xA3, 0x19, 0xC3, 0x21, 0x24, 0x2A, 0x45, 0x2A, 0x86, 0x32,
    0xA3, 0x19, 0x83, 0x19, 0xC4, 0x21, 0xE5, 0x29, 0x87, 0x42, 0x87, 0x4A, 0xA7, 0x4A, 0xC8, 0x4A,
    0xE8, 0x4A, 0xC8, 0x4A, 0x26, 0x3A, 0xA5, 0x21, 0xE6, 0x21, 0x06, 0x32, 0x46, 0x42, 0x87, 0x4A,
    0x66, 0x4A, 0x06, 0x42, 0xE5, 0x39, 0xA5, 0x29, 0x66, 0x32, 0x86, 0x3A, 0x67, 0x42, 0x67, 0x4A,
    0x67, 0x4A, 0x67, 0x52, 0x47, 0x52, 0x27, 0x52, 0xE6, 0x49, 0xC6, 0x49, 0xA6, 0x49, 0x45, 0x31,
    0x44, 0x21, 0x05, 0x2A, 0x45, 0x2A, 0x65, 0x2A, 0x65, 0x32, 0x86, 0x32, 0x86, 0x32, 0x86, 0x3A,
    0xE2, 0x21, 0x23, 0x2A, 0x65, 0x32, 0x03, 0x2A, 0xE3, 0x21, 0xC3, 0x21, 0x81, 0x19, 0x03, 0x2A,
    0xE3, 0x21, 0xC3, 0x21, 0xC3, 0x21, 0xA6, 0x29, 0xEA, 0x41, 0x2B, 0x5A, 0x8D, 0x72, 0xCD, 0x72,
    0xEB, 0x6A, 0xC4, 0x31, 0x44, 0x32, 0x23, 0x2A, 0xA2, 0x19, 0xC3, 0x21, 0x03, 0x2A, 0x44, 0x2A,
    0x43, 0x2A, 0x43, 0x2A, 0x44, 0x32, 0x23, 0x2A, 0x64, 0x32, 0x44, 0x32, 0x03, 0x2A, 0x24, 0x2A,
    0x44, 0x32, 0x03, 0x2A, 0x23, 0x2A, 0x64, 0x32, 0x64, 0x32, 0xA5, 0x3A, 0xA5, 0x3A, 0x23, 0x2A,
    0xA2, 0x19, 0x44, 0x32, 0x64, 0x32, 0x44, 0x32, 0x64, 0x32, 0x44, 0x32, 0x23, 0x32, 0x03, 0x2A,
    0x23, 0x32, 0x23, 0x32, 0x64, 0x32, 0x23, 0x2A, 0x23, 0x2A, 0x24, 0x32, 0xE3, 0x21, 0xE4, 0x29,
    0x45, 0x32, 0x24, 0x2A, 0xE4, 0x21, 0x83, 0x19, 0xA4, 0x19, 0xC4, 0x21, 0x23, 0x11, 0xA1, 0x00,
    0x41, 0x00, 0x41, 0x00, 0x62, 0x08, 0x82, 0x10, 0x82, 0x08, 0xA2, 0x10, 0x21, 0x19, 0x62, 0x21,
    0x82, 0x21, 0xA3, 0x21, 0xA3, 0x21, 0xA3, 0x21, 0x82, 0x21, 0x82, 0x19, 0xE3, 0x21, 0x24, 0x2A,
    0x03, 0x22, 0x03, 0x22, 0x03, 0x2A, 0xE2, 0x21, 0x23, 0x2A, 0x64, 0x32, 0x64, 0x32, 0x23, 0x2A,
    0x85, 0x3A, 0x44, 0x32, 0x03, 0x2A, 0x23, 0x2A, 0x03, 0x2A, 0x24, 0x2A, 0x04, 0x2A, 0xE3, 0x21,
    0x82, 0x19, 0xC3, 0x21, 0x04, 0x2A, 0xC3, 0x21, 0xC3, 0x21, 0xC3, 0x21, 0xC3, 0x21, 0x82, 0x19,
    0x62, 0x11, 0x82, 0x19, 0xA3, 0x19, 0x62, 0x11, 0x42, 0x11, 0x42, 0x11, 0x22, 0x11, 0x02, 0x09,
    0x02, 0x09, 0x23, 0x11, 0x02, 0x11, 0x43, 0x19, 0x63, 0x19, 0x63, 0x19, 0x63, 0x19, 0x83, 0x19,
    0x84, 0x19, 0x64, 0x21, 0x66, 0x31, 0x46, 0x31, 0x46, 0x31, 0x25, 0x31, 0x46, 0x31, 0x46, 0x31,
    0x45, 0x31, 0x66, 0x39, 0x25, 0x31, 0x45, 0x39, 0x25, 0x31, 0x85, 0x39, 0x07, 0x42, 0x06, 0x42,
    0x27, 0x4A, 0x27, 0x4A, 0x27, 0x4A, 0x27, 0x4A, 0x27, 0x4A, 0x67, 0x52, 0x88, 0x5A, 0x68, 0x5A,
    0x67, 0x5A, 0x88, 0x5A, 0x67, 0x5A, 0x88, 0x62, 0xA8, 0x62, 0xA8, 0x62, 0x88, 0x62, 0x87, 0x62,
    0xA8, 0x62, 0xA8, 0x62, 0x87, 0x62, 0xA8, 0x62, 0xC8, 0x6A, 0xC8, 0x6A, 0xC8, 0x6A, 0xC8, 0x6A,
    0xE8, 0x72, 0xC8, 0x6A, 0xE8, 0x72, 0xE8, 0x72, 0xE8, 0x72, 0x09, 0x73, 0xE8, 0x72, 0x09, 0x73,
    0x09, 0x73, 0x29, 0x7B, 0x29, 0x73, 0x08, 0x73, 0xE8, 0x72, 0x09, 0x7B, 0x29, 0x7B, 0x4A, 0x83,
    0x49, 0x83, 0x29, 0x7B, 0x29, 0x7B, 0x08, 0x7B, 0xE8, 0x72, 0x29, 0x7B, 0x29, 0x7B, 0x08, 0x73,
    0x29, 0x7B, 0x09, 0x7B, 0x68, 0x72, 0x27, 0x6A, 0x07, 0x6A, 0x48, 0x6A, 0x07, 0x62, 0xE6, 0x61,
    0x27, 0x6A, 0x48, 0x6A, 0x47, 0x6A, 0x47, 0x62, 0x07, 0x62, 0xE7, 0x59, 0xE6, 0x59, 0xE6, 0x51,
    0xE5, 0x49, 0x22, 0x39, 0xE2, 0x30, 0xA1, 0x28, 0xA2, 0x28, 0x02, 0x31, 0x43, 0x41, 0xA4, 0x59,
    0x26, 0x72, 0xC8, 0x92, 0x0A, 0xA3, 0x4B, 0xAB, 0x4B, 0xA3, 0x0A, 0x93, 0x88, 0x7A, 0xE5, 0x51,
    0x82, 0x31, 0xA1, 0x21, 0xE2, 0x21, 0x02, 0x2A, 0x03, 0x32, 0x02, 0x2A, 0xC1, 0x21, 0xE2, 0x29,
    0x03, 0x2A, 0x23, 0x32, 0x44, 0x3A, 0x24, 0x32, 0xC3, 0x29, 0xA3, 0x29, 0x62, 0x19, 0x62, 0x19,
    0x62, 0x31, 0xE4, 0x59, 0xA3, 0x51, 0xC3, 0x49, 0x65, 0x52, 0x44, 0x42, 0x44, 0x52, 0xA6, 0x62,
    0x65, 0x62, 0x85, 0x62, 0xC6, 0x62, 0x27, 0x73, 0x64, 0x5A, 0xA2, 0x49, 0xE4, 0x59, 0x05, 0x62,
    0x04, 0x5A, 0xE5, 0x59, 0xC5, 0x59, 0xC4, 0x59, 0xC4, 0x59, 0xC4, 0x51, 0xC4, 0x51, 0xE4, 0x59,
    0x46, 0x6A, 0x46, 0x6A, 0x25, 0x62, 0x45, 0x6A, 0x66, 0x6A, 0x66, 0x72, 0x66, 0x6A, 0x25, 0x6A,
    0xE5, 0x61, 0xC5, 0x51, 0xC4, 0x39, 0xA3, 0x21, 0x62, 0x11, 0xA3, 0x21, 0xE3, 0x29, 0xC3, 0x21,
    0xE4, 0x21, 0x04, 0x22, 0xE4, 0x21, 0xE4, 0x21, 0x45, 0x2A, 0x86, 0x3A, 0x65, 0x32, 0xA6, 0x3A,
    0x25, 0x2A, 0xA3, 0x19, 0x04, 0x22, 0xE4, 0x21, 0xE4, 0x29, 0x25, 0x32, 0x05, 0x32, 0x05, 0x32,
    0x25, 0x32, 0xC4, 0x29, 0xA4, 0x21, 0x22, 0x09, 0x63, 0x11, 0x63, 0x11, 0xA4, 0x21, 0x05, 0x32,
    0xC4, 0x31, 0xC4, 0x29, 0x63, 0x21, 0x63, 0x19, 0xC4, 0x21, 0x05, 0x2A, 0x25, 0x2A, 0x45, 0x2A,
    0x65, 0x32, 0x86, 0x3A, 0x66, 0x3A, 0x86, 0x3A, 0x66, 0x42, 0x46, 0x42, 0x06, 0x3A, 0x84, 0x29,
    0xA4, 0x21, 0x05, 0x2A, 0x24, 0x22, 0x45, 0x2A, 0x45, 0x2A, 0x65, 0x32, 0x66, 0x32, 0x86, 0x32,
    0x44, 0x32, 0x44, 0x32, 0x24, 0x2A, 0xA2, 0x19, 0xC3, 0x21, 0xE3, 0x21, 0x03, 0x22, 0x23, 0x2A,
    0xA2, 0x19, 0x82, 0x19, 0x42, 0x11, 0xE4, 0x10, 0x27, 0x29, 0x89, 0x41, 0xEA, 0x59, 0x4A, 0x62,
    0x48, 0x52, 0x04, 0x32, 0x43, 0x32, 0x43, 0x32, 0x03, 0x2A, 0x03, 0x22, 0x64, 0x32, 0x43, 0x2A,
    0x64, 0x32, 0x64, 0x32, 0x43, 0x2A, 0x23, 0x2A, 0x03, 0x2A, 0x03, 0x2A, 0x03, 0x2A, 0x03, 0x2A,
    0x24, 0x2A, 0xE3, 0x21, 0x24, 0x2A, 0x64, 0x32, 0x85, 0x3A, 0xA5, 0x3A, 0xC5, 0x3A, 0x03, 0x2A,
    0xE3, 0x21, 0x85, 0x3A, 0x64, 0x32, 0x03, 0x2A, 0x65, 0x32, 0x23, 0x32, 0x64, 0x32, 0x24, 0x32,
    0x44, 0x32, 0x44, 0x32, 0x44, 0x32, 0x65, 0x3A, 0x23, 0x2A, 0x44, 0x32, 0x04, 0x2A, 0xA3, 0x19,
    0x25, 0x2A, 0x24, 0x2A, 0xC3, 0x21, 0xA4, 0x19, 0xC4, 0x19, 0xC4, 0x21, 0xC4, 0x21, 0x83, 0x19,
    0x63, 0x19, 0x22, 0x19, 0xE1, 0x10, 0xA1, 0x08, 0xE1, 0x08, 0x22, 0x11, 0x62, 0x19, 0x83, 0x21,
    0x62, 0x19, 0xA3, 0x21, 0xA3, 0x21, 0xC3, 0x21, 0xA3, 0x21, 0xA3, 0x21, 0xA3, 0x19, 0xE4, 0x21,
    0x24, 0x2A, 0x04, 0x2A, 0xE3, 0x21, 0x24, 0x2A, 0x03, 0x2A, 0x44, 0x2A, 0x85, 0x32, 0x23, 0x2A,
    0x44, 0x32, 0x64, 0x32, 0x24, 0x32, 0x44, 0x32, 0x24, 0x32, 0x44, 0x32, 0x44, 0x32, 0x03, 0x2A,
    0xE3, 0x21, 0xC2, 0x21, 0xC3, 0x21, 0x04, 0x2A, 0xE3, 0x29, 0xC3, 0x21, 0xA2, 0x19, 0xC3, 0x21,
    0xA2, 0x19, 0xA2, 0x19, 0xA3, 0x19, 0x83, 0x19, 0x63, 0x19, 0x02, 0x09, 0x01, 0x09, 0x22, 0x11,
    0xC1, 0x08, 0xC1, 0x08, 0x23, 0x11, 0x02, 0x11, 0x02, 0x11, 0x63, 0x19, 0x63, 0x19, 0x63, 0x11,
    0x83, 0x19, 0x64, 0x19, 0x85, 0x29, 0x46, 0x31, 0x25, 0x31, 0x25, 0x31, 0x25, 0x31, 0x25, 0x31,
    0x45, 0x31, 0x45, 0x31, 0x45, 0x31, 0x25, 0x31, 0x45, 0x31, 0x45, 0x31, 0xA6, 0x39, 0x06, 0x42,
    0x06, 0x42, 0x06, 0x42, 0x06, 0x42, 0x06, 0x4A, 0x47, 0x4A, 0x47, 0x52, 0x67, 0x52, 0x67, 0x52,
    0x67, 0x52, 0x67, 0x52, 0x67, 0x5A, 0x88, 0x5A, 0x67, 0x5A, 0x67, 0x5A, 0x88, 0x62, 0x87, 0x5A,
    0x67, 0x5A, 0x87, 0x62, 0x87, 0x62, 0xA8, 0x62, 0x87, 0x62, 0x87, 0x62, 0xA8, 0x6A, 0x87, 0x62,
    0xA7, 0x62, 0xE8, 0x6A, 0xC8, 0x6A, 0xC8, 0x6A, 0xC8, 0x6A, 0xA7, 0x6A, 0xA7, 0x62, 0x09, 0x73,
    0x09, 0x73, 0xC8, 0x6A, 0xE8, 0x72, 0xE8, 0x72, 0xE8, 0x72, 0xE8, 0x6A, 0x09, 0x73, 0x09, 0x7B,
    0x29, 0x7B, 0x09, 0x7B, 0x29, 0x7B, 0x29, 0x7B, 0x09, 0x7B, 0xE8, 0x72, 0xC8, 0x72, 0xE8, 0x72,
    0x09, 0x73, 0xA8, 0x72, 0x47, 0x6A, 0x27, 0x6A, 0x07, 0x62, 0x07, 0x62, 0x07, 0x62, 0x27, 0x62,
    0x27, 0x62, 0x27, 0x62, 0x27, 0x62, 0x07, 0x5A, 0xE6, 0x51, 0xC6, 0x51, 0xE6, 0x49, 0xE5, 0x49,
    0xE4, 0x39, 0xC3, 0x31, 0x62, 0x29, 0x21, 0x21, 0x21, 0x29, 0x82, 0x31, 0xE3, 0x39, 0x82, 0x39,
    0x83, 0x49, 0xE5, 0x61, 0x46, 0x6A, 0x47, 0x72, 0x26, 0x6A, 0x05, 0x52, 0xC4, 0x41, 0xA2, 0x29,
    0xC2, 0x29, 0xE2, 0x29, 0x22, 0x32, 0xE1, 0x29, 0xE2, 0x29, 0x43, 0x3A, 0x63, 0x3A, 0x23, 0x32,
    0x02, 0x32, 0x02, 0x32, 0x22, 0x32, 0x44, 0x3A, 0x23, 0x3A, 0x44, 0x3A, 0x24, 0x3A, 0xE3, 0x31,
    0xC3, 0x39, 0x04, 0x5A, 0xC4, 0x51, 0x04, 0x4A, 0xE3, 0x31, 0xE2, 0x29, 0xC2, 0x31, 0x24, 0x4A,
    0x07, 0x6B, 0xEA, 0x7B, 0x2A, 0x7C, 0x09, 0x7C, 0x09, 0x7C, 0x85, 0x52, 0x21, 0x31, 0x83, 0x41,
    0xA4, 0x51, 0xE5, 0x51, 0x05, 0x5A, 0xE5, 0x59, 0xC4, 0x59, 0xC4, 0x59, 0xA4, 0x51, 0x04, 0x62,
    0x45, 0x6A, 0x46, 0x6A, 0x05, 0x62, 0x46, 0x6A, 0x66, 0x6A, 0x66, 0x6A, 0x66, 0x72, 0x25, 0x62,
    0xE5, 0x59, 0xE5, 0x51, 0xA4, 0x39, 0xA4, 0x21, 0xA3, 0x19, 0x83, 0x11, 0xC3, 0x19, 0xC4, 0x21,
    0xA3, 0x19, 0xC3, 0x19, 0x04, 0x22, 0x24, 0x2A, 0x24, 0x2A, 0x65, 0x32, 0x64, 0x32, 0x24, 0x2A,
    0xE3, 0x21, 0xE4, 0x21, 0x24, 0x22, 0x04, 0x22, 0xE4, 0x21, 0x25, 0x2A, 0xC3, 0x21, 0x61, 0x19,
    0xC3, 0x21, 0xC3, 0x21, 0xC3, 0x21, 0x04, 0x22, 0x45, 0x2A, 0x45, 0x2A, 0x24, 0x2A, 0x45, 0x32,
    0x45, 0x32, 0x25, 0x32, 0x04, 0x2A, 0x25, 0x2A, 0xC3, 0x19, 0xE4, 0x21, 0x25, 0x2A, 0x86, 0x32,
    0x86, 0x32, 0x65, 0x2A, 0x04, 0x22, 0x45, 0x2A, 0x65, 0x32, 0xA7, 0x3A, 0xC7, 0x42, 0xA6, 0x3A,
    0x86, 0x3A, 0xA6, 0x32, 0x86, 0x32, 0x45, 0x2A, 0x65, 0x2A, 0x45, 0x2A, 0x45, 0x2A, 0x45, 0x2A,
    0x85, 0x32, 0x24, 0x2A, 0xE3, 0x21, 0xC3, 0x21, 0xC3, 0x19, 0x44, 0x32, 0x23, 0x2A, 0xE3, 0x21,
    0x04, 0x2A, 0xA3, 0x19, 0x22, 0x11, 0x81, 0x00, 0x63, 0x08, 0xE4, 0x20, 0x45, 0x31, 0xA5, 0x39,
    0xE4, 0x31, 0x64, 0x3A, 0x84, 0x3A, 0x64, 0x32, 0x03, 0x2A, 0x43, 0x32, 0xA4, 0x3A, 0x43, 0x2A,
    0xE1, 0x21, 0x02, 0x2A, 0xE2, 0x21, 0x03, 0x2A, 0x03, 0x2A, 0xE3, 0x29, 0xE3, 0x21, 0x44, 0x32,
    0x85, 0x32, 0x85, 0x3A, 0x03, 0x2A, 0x23, 0x2A, 0x03, 0x2A, 0x64, 0x32, 0x64, 0x32, 0x03, 0x22,
    0x23, 0x2A, 0x85, 0x32, 0x64, 0x32, 0x23, 0x2A, 0x44, 0x32, 0xE3, 0x29, 0x03, 0x32, 0x23, 0x32,
    0x44, 0x32, 0x03, 0x2A, 0xE3, 0x29, 0x44, 0x32, 0x24, 0x32, 0x44, 0x32, 0x04, 0x2A, 0xA3, 0x21,
    0x04, 0x2A, 0x24, 0x2A, 0xA3, 0x19, 0xA3, 0x19, 0xE4, 0x21, 0xC3, 0x21, 0xC3, 0x21, 0xE4, 0x21,
    0xE4, 0x29, 0xA3, 0x21, 0xA3, 0x21, 0x83, 0x19, 0x83, 0x21, 0x63, 0x19, 0x63, 0x11, 0x63, 0x19,
    0x83, 0x21, 0x83, 0x19, 0x62, 0x19, 0xA3, 0x19, 0xC3, 0x21, 0xC3, 0x21, 0xA3, 0x19, 0x82, 0x19,
    0xC3, 0x21, 0x04, 0x2A, 0xE3, 0x21, 0xE3, 0x21, 0x24, 0x2A, 0x24, 0x2A, 0x44, 0x2A, 0x24, 0x2A,
    0x24, 0x2A, 0x24, 0x2A, 0x44, 0x32, 0x24, 0x32, 0x03, 0x2A, 0x44, 0x32, 0x64, 0x32, 0x23, 0x2A,
    0xE3, 0x29, 0xE3, 0x29, 0xE3, 0x21, 0xC3, 0x21, 0xC2, 0x21, 0xC2, 0x21, 0xC3, 0x21, 0x82, 0x19,
    0xC3, 0x21, 0xA2, 0x19, 0x82, 0x19, 0xA3, 0x21, 0x42, 0x11, 0x22, 0x11, 0x22, 0x11, 0x42, 0x19,
    0x02, 0x11, 0xC1, 0x08, 0xE2, 0x08, 0x22, 0x11, 0x02, 0x11, 0x02, 0x11, 0x01, 0x09, 0x63, 0x11,
    0x62, 0x11, 0x63, 0x19, 0x84, 0x21, 0x65, 0x31, 0x25, 0x31, 0x05, 0x31, 0x25, 0x31, 0x25, 0x31,
    0x25, 0x31, 0x25, 0x31, 0x25, 0x31, 0x45, 0x31, 0x45, 0x31, 0x25, 0x31, 0x45, 0x31, 0xE6, 0x41,
    0xE6, 0x39, 0xE6, 0x39, 0x06, 0x42, 0x27, 0x4A, 0x27, 0x4A, 0x27, 0x4A, 0x27, 0x4A, 0x26, 0x4A,
    0x47, 0x52, 0x46, 0x52, 0x47, 0x52, 0x47, 0x52, 0x67, 0x5A, 0x67, 0x52, 0x87, 0x5A, 0x87, 0x5A,
    0x87, 0x5A, 0x87, 0x5A, 0x67, 0x52, 0x46, 0x52, 0x67, 0x5A, 0x87, 0x62, 0xA8, 0x62, 0x87, 0x62,
    0x87, 0x62, 0x87, 0x5A, 0xA8, 0x62, 0xC8, 0x6A, 0xA7, 0x62, 0xC7, 0x6A, 0xC8, 0x6A, 0xC8, 0x6A,
    0xE8, 0x6A, 0xE8, 0x6A, 0xC8, 0x6A, 0xE8, 0x6A, 0xE8, 0x6A, 0xC8, 0x6A, 0x08, 0x6B, 0xE8, 0x6A,
    0xE8, 0x72, 0x29, 0x73, 0x49, 0x7B, 0x08, 0x73, 0xE8, 0x72, 0xC8, 0x6A, 0xC8, 0x6A, 0xC8, 0x6A,
    0xC8, 0x6A, 0x88, 0x6A, 0x27, 0x62, 0x07, 0x62, 0x07, 0x62, 0x07, 0x62, 0x07, 0x5A, 0xE6, 0x59,
    0x07, 0x5A, 0x27, 0x5A, 0x06, 0x5A, 0xE6, 0x51, 0xA5, 0x49, 0xC6, 0x49, 0xC5, 0x41, 0xE5, 0x41,
    0xC3, 0x29, 0xA2, 0x21, 0x81, 0x19, 0x82, 0x21, 0xA2, 0x29, 0x02, 0x32, 0x03, 0x32, 0xE3, 0x31,
    0xC3, 0x39, 0x83, 0x31, 0xA3, 0x39, 0x83, 0x31, 0x83, 0x31, 0x83, 0x29, 0x62, 0x21, 0xC2, 0x29,
    0xE2, 0x29, 0x03, 0x2A, 0x43, 0x32, 0x23, 0x32, 0x43, 0x32, 0x23, 0x32, 0x23, 0x32, 0x03, 0x32,
    0xE2, 0x29, 0xC2, 0x29, 0xE2, 0x29, 0x23, 0x32, 0x63, 0x3A, 0x43, 0x3A, 0x23, 0x32, 0x03, 0x32,
    0xE2, 0x39, 0x03, 0x4A, 0xC3, 0x49, 0xA2, 0x31, 0x82, 0x21, 0xC3, 0x21, 0xA2, 0x21, 0xE3, 0x31,
    0x88, 0x6B, 0xA8, 0x6B, 0x87, 0x63, 0x87, 0x63, 0x67, 0x63, 0x47, 0x63, 0xC1, 0x10, 0xA1, 0x10,
    0x02, 0x21, 0x22, 0x29, 0x83, 0x39, 0x05, 0x52, 0x26, 0x62, 0x25, 0x62, 0xE4, 0x59, 0x05, 0x62,
    0x46, 0x6A, 0x46, 0x6A, 0x25, 0x5A, 0x46, 0x62, 0x46, 0x6A, 0x66, 0x6A, 0x66, 0x72, 0x25, 0x62,
    0xE5, 0x59, 0xE5, 0x59, 0xC4, 0x39, 0x63, 0x19, 0xA4, 0x19, 0xE4, 0x21, 0x83, 0x19, 0xA3, 0x19,
    0x83, 0x19, 0x83, 0x11, 0xC3, 0x21, 0x45, 0x2A, 0xE3, 0x21, 0xE3, 0x21, 0x45, 0x2A, 0x04, 0x2A,
    0xE3, 0x21, 0xC3, 0x19, 0xE4, 0x21, 0x25, 0x2A, 0xE4, 0x21, 0xE4, 0x29, 0x45, 0x3A, 0x24, 0x2A,
    0x23, 0x2A, 0x64, 0x32, 0x64, 0x32, 0x64, 0x32, 0x64, 0x32, 0x44, 0x2A, 0x65, 0x2A, 0x45, 0x2A,
    0x65, 0x32, 0xA6, 0x3A, 0x85, 0x32, 0x45, 0x32, 0x45, 0x2A, 0xE3, 0x21, 0x04, 0x2A, 0x65, 0x32,
    0x65, 0x32, 0x45, 0x2A, 0xC3, 0x21, 0x04, 0x2A, 0x25, 0x2A, 0x66, 0x32, 0x86, 0x32, 0x85, 0x32,
    0x85, 0x32, 0xA6, 0x32, 0x86, 0x32, 0x86, 0x32, 0x86, 0x32, 0x45, 0x2A, 0x25, 0x2A, 0x66, 0x32,
    0x03, 0x22, 0xE3, 0x21, 0x04, 0x22, 0x24, 0x2A, 0xE3, 0x21, 0x24, 0x2A, 0x44, 0x2A, 0xE3, 0x21,
    0xC3, 0x21, 0x05, 0x2A, 0xA3, 0x21, 0x42, 0x19, 0xC1, 0x08, 0xE1, 0x10, 0x63, 0x21, 0xC3, 0x29,
    0xC2, 0x21, 0x02, 0x2A, 0x64, 0x32, 0x23, 0x2A, 0x23, 0x2A, 0x43, 0x2A, 0x84, 0x32, 0xA4, 0x3A,
    0x43, 0x32, 0x64, 0x32, 0x64, 0x32, 0x43, 0x2A, 0x03, 0x2A, 0x84, 0x3A, 0x23, 0x2A, 0x23, 0x2A,
    0x44, 0x32, 0x84, 0x3A, 0x64, 0x32, 0x64, 0x32, 0x64, 0x32, 0x64, 0x32, 0x23, 0x2A, 0xA2, 0x19,
    0xE2, 0x21, 0x44, 0x32, 0x85, 0x32, 0x84, 0x32, 0x64, 0x32, 0x24, 0x32, 0x03, 0x2A, 0x03, 0x2A,
    0x03, 0x2A, 0x24, 0x32, 0x04, 0x2A, 0x24, 0x2A, 0x23, 0x2A, 0x44, 0x32, 0x04, 0x2A, 0xE4, 0x29,
    0x45, 0x32, 0x24, 0x2A, 0xC3, 0x19, 0xA3, 0x19, 0xC3, 0x21, 0xC3, 0x21, 0xC3, 0x21, 0xC3, 0x21,
    0xC4, 0x21, 0xA3, 0x21, 0xA3, 0x19, 0xC4, 0x21, 0xA3, 0x21, 0xA3, 0x21, 0x83, 0x19, 0x42, 0x11,
    0x62, 0x19, 0x63, 0x19, 0x42, 0x11, 0x62, 0x11, 0x83, 0x19, 0xA3, 0x19, 0x83, 0x19, 0xC3, 0x21,
    0xE3, 0x21, 0x04, 0x2A, 0x04, 0x2A, 0xC3, 0x21, 0xE4, 0x21, 0xE3, 0x21, 0xA2, 0x19, 0xC3, 0x21,
    0x04, 0x2A, 0x04, 0x2A, 0x04, 0x2A, 0x24, 0x32, 0xE3, 0x29, 0x03, 0x2A, 0x44, 0x32, 0xE3, 0x29,
    0xC2, 0x21, 0xC2, 0x21, 0xC3, 0x21, 0xA3, 0x21, 0xA2, 0x19, 0xA2, 0x19, 0xA2, 0x19, 0x82, 0x19,
    0xA3, 0x19, 0xA2, 0x19, 0x62, 0x19, 0x62, 0x19, 0x01, 0x09, 0xE1, 0x08, 0x22, 0x11, 0x42, 0x11,
    0x22, 0x11, 0xC1, 0x08, 0xC1, 0x08, 0x02, 0x11, 0x22, 0x11, 0x01, 0x09, 0x01, 0x09, 0x22, 0x11,
    0x83, 0x19, 0x62, 0x19, 0x43, 0x19, 0x65, 0x29, 0x05, 0x29, 0x25, 0x31, 0x25, 0x31, 0x25, 0x31,
    0x25, 0x31, 0x25, 0x31, 0x45, 0x31, 0x25, 0x31, 0x45, 0x31, 0x24, 0x31, 0x24, 0x31, 0xA5, 0x39,
    0xE6, 0x39, 0xE6, 0x39, 0xE6, 0x39, 0xE6, 0x41, 0xE6, 0x41, 0x06, 0x42, 0x06, 0x42, 0x26, 0x4A,
    0x26, 0x4A, 0x06, 0x4A, 0x46, 0x4A, 0x46, 0x52, 0x67, 0x52, 0x26, 0x4A, 0x46, 0x4A, 0x46, 0x4A,
    0x46, 0x4A, 0x46, 0x52, 0x46, 0x52, 0x46, 0x52, 0x46, 0x52, 0x67, 0x5A, 0x87, 0x5A, 0x87, 0x5A,
    0x87, 0x5A, 0x87, 0x5A, 0x87, 0x5A, 0xA7, 0x62, 0x87, 0x62, 0xA7, 0x62, 0xC7, 0x62, 0xA7, 0x62,
    0xA7, 0x62, 0xA7, 0x62, 0xC8, 0x6A, 0xE8, 0x6A, 0xC7, 0x6A, 0xA7, 0x62, 0xA7, 0x62, 0xA7, 0x6A,
    0xC8, 0x6A, 0x09, 0x73, 0xC7, 0x6A, 0xE8, 0x6A, 0xE8, 0x6A, 0xC8, 0x6A, 0xA7, 0x62, 0xA7, 0x62,
    0x87, 0x62, 0x06, 0x5A, 0xE6, 0x59, 0x07, 0x5A, 0x07, 0x5A, 0xE6, 0x59, 0xE6, 0x59, 0xE6, 0x51,
    0xE6, 0x59, 0xC5, 0x51, 0xE6, 0x51, 0xE6, 0x51, 0xA5, 0x41, 0xA5, 0x41, 0xE5, 0x49, 0xC4, 0x31,
    0x82, 0x21, 0xA2, 0x21, 0x62, 0x19, 0x61, 0x19, 0xA2, 0x21, 0xE2, 0x29, 0xE2, 0x29, 0xE2, 0x29,
    0xC2, 0x29, 0xA1, 0x21, 0x82, 0x21, 0x82, 0x21, 0x61, 0x19, 0x82, 0x21, 0x82, 0x21, 0x61, 0x19,
    0xA2, 0x21, 0xC2, 0x29, 0xC2, 0x29, 0xE2, 0x29, 0x64, 0x3A, 0x44, 0x3A, 0xC1, 0x21, 0xE2, 0x29,
    0x03, 0x2A, 0x23, 0x32, 0x02, 0x2A, 0x23, 0x32, 0x43, 0x3A, 0x63, 0x3A, 0x64, 0x3A, 0x64, 0x3A,
    0x23, 0x3A, 0x03, 0x3A, 0xC3, 0x39, 0xA2, 0x29, 0x62, 0x21, 0x82, 0x21, 0x61, 0x19, 0x24, 0x32,
    0x67, 0x63, 0x67, 0x63, 0x47, 0x63, 0x26, 0x5B, 0xC5, 0x52, 0xE7, 0x5A, 0x83, 0x29, 0x80, 0x00,
    0xE1, 0x08, 0xE1, 0x08, 0xE1, 0x18, 0x22, 0x29, 0x84, 0x41, 0x05, 0x52, 0x05, 0x5A, 0x05, 0x62,
    0x46, 0x6A, 0x46, 0x6A, 0x05, 0x5A, 0x46, 0x62, 0x46, 0x62, 0x66, 0x6A, 0x66, 0x6A, 0x05, 0x62,
    0xC5, 0x59, 0x26, 0x5A, 0x84, 0x31, 0x22, 0x11, 0x83, 0x19, 0xA3, 0x19, 0xA3, 0x19, 0x42, 0x11,
    0x83, 0x11, 0xE4, 0x21, 0xC3, 0x21, 0x24, 0x2A, 0x65, 0x32, 0xE3, 0x21, 0x44, 0x2A, 0x24, 0x2A,
    0x25, 0x2A, 0x25, 0x2A, 0x04, 0x22, 0xE4, 0x21, 0x67, 0x42, 0x0A, 0x63, 0x2A, 0x63, 0xA8, 0x52,
    0x45, 0x3A, 0xA5, 0x3A, 0xA5, 0x3A, 0x64, 0x32, 0x04, 0x2A, 0x24, 0x2A, 0xE3, 0x21, 0x44, 0x2A,
    0x44, 0x2A, 0x23, 0x22, 0x44, 0x2A, 0xE6, 0x3A, 0xC6, 0x3A, 0x65, 0x32, 0x65, 0x2A, 0x25, 0x2A,
    0x24, 0x22, 0x44, 0x2A, 0x65, 0x2A, 0x65, 0x2A, 0x25, 0x2A, 0x45, 0x2A, 0x45, 0x2A, 0x45, 0x2A,
    0x23, 0x2A, 0x23, 0x22, 0x44, 0x2A, 0x65, 0x32, 0x65, 0x32, 0x65, 0x32, 0x66, 0x32, 0x45, 0x32,
    0xE3, 0x21, 0xA2, 0x19, 0xC3, 0x21, 0x04, 0x22, 0xC3, 0x21, 0xC2, 0x19, 0x24, 0x2A, 0xA2, 0x19,
    0x62, 0x19, 0x82, 0x19, 0xA3, 0x21, 0xE4, 0x29, 0x04, 0x2A, 0xC3, 0x21, 0xE3, 0x21, 0x23, 0x32,
    0x24, 0x32, 0xA3, 0x21, 0xC3, 0x21, 0x03, 0x2A, 0x23, 0x2A, 0x84, 0x32, 0x84, 0x3A, 0x63, 0x32,
    0x02, 0x22, 0x03, 0x2A, 0x23, 0x2A, 0x23, 0x2A, 0x03, 0x22, 0x64, 0x32, 0x23, 0x2A, 0x64, 0x32,
    0x64, 0x32, 0x84, 0x3A, 0xA4, 0x3A, 0x84, 0x3A, 0x84, 0x3A, 0x64, 0x32, 0x44, 0x32, 0x44, 0x32,
    0xA2, 0x19, 0xE2, 0x21, 0x44, 0x2A, 0x64, 0x32, 0x43, 0x2A, 0x64, 0x32, 0x03, 0x2A, 0xE3, 0x21,
    0x24, 0x2A, 0x04, 0x2A, 0x04, 0x2A, 0x03, 0x2A, 0xE3, 0x21, 0x24, 0x2A, 0x24, 0x2A, 0x03, 0x22,
    0x04, 0x2A, 0x04, 0x22, 0xA3, 0x19, 0xE4, 0x21, 0xE4, 0x29, 0xE4, 0x29, 0xC4, 0x21, 0xC3, 0x21,
    0xA3, 0x21, 0xA3, 0x21, 0xA3, 0x21, 0xC3, 0x21, 0xA3, 0x19, 0xA3, 0x19, 0xA3, 0x19, 0x63, 0x19,
    0x62, 0x11, 0x83, 0x19, 0x83, 0x19, 0x83, 0x19, 0x83, 0x19, 0x62, 0x11, 0xA3, 0x19, 0xC3, 0x19,
    0xC3, 0x21, 0x04, 0x22, 0xA3, 0x19, 0xC3, 0x21, 0xC3, 0x21, 0x24, 0x2A, 0x25, 0x2A, 0xC3, 0x21,
    0xE4, 0x21, 0x04, 0x2A, 0xC3, 0x21, 0xC3, 0x21, 0xE3, 0x21, 0xC3, 0x21, 0x44, 0x32, 0x23, 0x2A,
    0xA2, 0x19, 0xA2, 0x19, 0xC3, 0x21, 0xC3, 0x21, 0xC3, 0x21, 0xA2, 0x21, 0xA2, 0x19, 0x82, 0x19,
    0x62, 0x11, 0x82, 0x21, 0x41, 0x11, 0x42, 0x19, 0x22, 0x11, 0xE1, 0x08, 0x22, 0x11, 0x42, 0x19,
    0x22, 0x11, 0xC1, 0x08, 0xC1, 0x08, 0x02, 0x09, 0x22, 0x11, 0x22, 0x11, 0x01, 0x09, 0x01, 0x09,
    0x21, 0x11, 0x62, 0x11, 0x22, 0x11, 0x65, 0x29, 0x25, 0x29, 0x04, 0x29, 0x24, 0x29, 0x24, 0x31,
    0x24, 0x29, 0x24, 0x31, 0x24, 0x31, 0x24, 0x31, 0x24, 0x31, 0x24, 0x31, 0x24, 0x31, 0x45, 0x31,
    0xA5, 0x39, 0xC5, 0x31, 0xC5, 0x31, 0xC5, 0x39, 0xE6, 0x39, 0xE6, 0x39, 0xE6, 0x41, 0xE6, 0x41,
    0x06, 0x42, 0x05, 0x42, 0x05, 0x42, 0x05, 0x42, 0xE5, 0x41, 0x05, 0x42, 0x26, 0x4A, 0x26, 0x4A,
    0x26, 0x4A, 0x26, 0x4A, 0x26, 0x4A, 0x26, 0x4A, 0x46, 0x4A, 0x26, 0x4A, 0x26, 0x4A, 0x46, 0x52,
    0x66, 0x52, 0x87, 0x5A, 0x66, 0x5A, 0x87, 0x5A, 0x87, 0x5A, 0x46, 0x52, 0x66, 0x5A, 0x87, 0x5A,
    0x87, 0x5A, 0xA7, 0x62, 0xC7, 0x62, 0xA7, 0x62, 0xA7, 0x62, 0xA7, 0x62, 0x87, 0x5A, 0xA7, 0x62,
    0x67, 0x5A, 0x87, 0x62, 0x87, 0x62, 0xA7, 0x62, 0xA7, 0x62, 0xA7, 0x62, 0xA7, 0x62, 0x87, 0x62,
    0x27, 0x5A, 0xE6, 0x59, 0xE7, 0x59, 0xC6, 0x51, 0xA5, 0x49, 0xC6, 0x51, 0xC6, 0x51, 0xC6, 0x51,
    0xC5, 0x49, 0xC5, 0x49, 0xC5, 0x49, 0xA5, 0x49, 0xC5, 0x41, 0xA5, 0x41, 0xE5, 0x41, 0xA3, 0x29,
    0x82, 0x19, 0x41, 0x11, 0x21, 0x11, 0x61, 0x19, 0xA2, 0x21, 0xC2, 0x29, 0xE3, 0x29, 0xE2, 0x29,
    0xC2, 0x21, 0xC2, 0x21, 0xC2, 0x21, 0xE3, 0x29, 0x81, 0x19, 0x81, 0x19, 0xA2, 0x21, 0xA2, 0x21,
    0xC2, 0x29, 0xC2, 0x29, 0xE2, 0x29, 0x02, 0x2A, 0x23, 0x32, 0x43, 0x3A, 0x23, 0x32, 0x02, 0x2A,
    0xE1, 0x21, 0xE2, 0x29, 0x23, 0x32, 0x43, 0x32, 0x64, 0x3A, 0x22, 0x32, 0x23, 0x32, 0x43, 0x32,
    0x23, 0x32, 0x03, 0x32, 0x03, 0x3A, 0x61, 0x21, 0x41, 0x19, 0xC3, 0x21, 0x40, 0x19, 0x82, 0x21,
    0xA5, 0x4A, 0xA5, 0x4A, 0xE6, 0x52, 0xC5, 0x52, 0xA5, 0x4A, 0x44, 0x42, 0x61, 0x21, 0x01, 0x09,
    0x01, 0x09, 0x01, 0x09, 0xE1, 0x08, 0xE1, 0x08, 0x02, 0x19, 0x22, 0x21, 0x63, 0x39, 0x25, 0x62,
    0x45, 0x6A, 0x25, 0x62, 0x05, 0x62, 0x66, 0x6A, 0x46, 0x62, 0x46, 0x62, 0x87, 0x6A, 0xA9, 0x6A,
    0x0C, 0x6B, 0x4D, 0x6B, 0x4D, 0x63, 0xAA, 0x42, 0xE6, 0x21, 0x43, 0x11, 0xA3, 0x19, 0xC4, 0x19,
    0xC3, 0x19, 0xE4, 0x21, 0xE4, 0x21, 0x03, 0x22, 0x24, 0x22, 0x85, 0x32, 0xA6, 0x3A, 0x04, 0x2A,
    0x04, 0x22, 0x45, 0x32, 0x04, 0x2A, 0xE5, 0x31, 0x0B, 0x73, 0x0C, 0x83, 0xEB, 0x7A, 0xAA, 0x6A,
    0xA8, 0x52, 0x85, 0x3A, 0xC5, 0x3A, 0xA6, 0x3A, 0x65, 0x32, 0x65, 0x32, 0x65, 0x2A, 0x45, 0x32,
    0x44, 0x2A, 0xE3, 0x21, 0x03, 0x22, 0xC6, 0x3A, 0xE6, 0x42, 0xC6, 0x3A, 0x85, 0x32, 0x85, 0x32,
    0xA6, 0x3A, 0xA5, 0x3A, 0xC6, 0x3A, 0x65, 0x32, 0x44, 0x2A, 0x65, 0x32, 0x85, 0x32, 0x44, 0x2A,
    0x24, 0x2A, 0x24, 0x22, 0x64, 0x2A, 0x65, 0x32, 0x85, 0x32, 0xA6, 0x3A, 0xA6, 0x3A, 0xA6, 0x3A,
    0x44, 0x2A, 0x04, 0x2A, 0xC3, 0x21, 0x04, 0x2A, 0x45, 0x2A, 0x24, 0x2A, 0x24, 0x2A, 0x04, 0x2A,
    0xE4, 0x21, 0x21, 0x11, 0xA3, 0x19, 0x04, 0x2A, 0x24, 0x2A, 0x03, 0x2A, 0x03, 0x2A, 0x64, 0x32,
    0x44, 0x32, 0x04, 0x2A, 0xC3, 0x19, 0x45, 0x2A, 0x24, 0x2A, 0x64, 0x32, 0xC5, 0x42, 0x84, 0x3A,
    0x43, 0x2A, 0x23, 0x2A, 0x03, 0x2A, 0x44, 0x2A, 0x03, 0x2A, 0x44, 0x32, 0x44, 0x2A, 0x23, 0x2A,
    0x44, 0x2A, 0x23, 0x2A, 0x64, 0x32, 0xA4, 0x3A, 0xA5, 0x3A, 0x64, 0x32, 0x84, 0x32, 0xA5, 0x3A,
    0x23, 0x2A, 0x03, 0x22, 0xE2, 0x21, 0x23, 0x2A, 0x44, 0x2A, 0x85, 0x3A, 0x23, 0x2A, 0xA2, 0x19,
    0x24, 0x2A, 0xC3, 0x21, 0xC3, 0x21, 0xE3, 0x21, 0xC3, 0x21, 0xE3, 0x21, 0x24, 0x2A, 0x04, 0x2A,
    0xE3, 0x21, 0xE4, 0x21, 0xA3, 0x19, 0xC4, 0x21, 0xE4, 0x21, 0xA3, 0x21, 0xC4, 0x21, 0x83, 0x19,
    0x83, 0x19, 0xC4, 0x21, 0xC4, 0x21, 0xA3, 0x19, 0xA3, 0x21, 0x83, 0x19, 0xA3, 0x19, 0x83, 0x19,
    0x83, 0x19, 0xA3, 0x19, 0xC4, 0x21, 0x83, 0x19, 0x63, 0x11, 0x83, 0x19, 0xA3, 0x19, 0x62, 0x11,
    0xA3, 0x19, 0xC3, 0x21, 0x04, 0x2A, 0xA3, 0x19, 0xC3, 0x21, 0xE4, 0x21, 0x25, 0x2A, 0x04, 0x2A,
    0xA2, 0x19, 0x04, 0x2A, 0x04, 0x2A, 0x04, 0x2A, 0xE3, 0x29, 0x03, 0x2A, 0x03, 0x2A, 0x44, 0x32,
    0x44, 0x32, 0x03, 0x2A, 0xC3, 0x21, 0x24, 0x2A, 0x24, 0x32, 0xA2, 0x21, 0x81, 0x19, 0x82, 0x19,
    0x41, 0x11, 0x62, 0x19, 0x62, 0x19, 0x21, 0x11, 0x22, 0x11, 0x42, 0x19, 0x42, 0x11, 0x41, 0x11,
    0x42, 0x19, 0x22, 0x11, 0xC1, 0x08, 0xE1, 0x08, 0x01, 0x09, 0x43, 0x19, 0x02, 0x11, 0xE1, 0x08,
    0x42, 0x11, 0x62, 0x19, 0x02, 0x11, 0x44, 0x21, 0x45, 0x31, 0x25, 0x31, 0x04, 0x29, 0x04, 0x29,
    0x24, 0x29, 0x24, 0x29, 0x24, 0x29, 0x24, 0x31, 0x24, 0x31, 0x24, 0x31, 0x24, 0x31, 0x04, 0x31,
    0x44, 0x31, 0xA5, 0x31, 0xA4, 0x31, 0xA5, 0x31, 0xA5, 0x31, 0xA5, 0x31, 0xC5, 0x39, 0xC5, 0x39,
    0xC5, 0x39, 0xC5, 0x39, 0xC5, 0x39, 0xC4, 0x39, 0xC4, 0x39, 0xC4, 0x39, 0x05, 0x42, 0xE5, 0x41,
    0x05, 0x42, 0x05, 0x42, 0x05, 0x42, 0x05, 0x4A, 0x26, 0x4A, 0x05, 0x4A, 0x05, 0x42, 0x05, 0x42,
    0x25, 0x4A, 0x26, 0x4A, 0x26, 0x4A, 0x46, 0x52, 0x46, 0x52, 0x66, 0x52, 0x86, 0x5A, 0x87, 0x5A,
    0x46, 0x52, 0x66, 0x52, 0x66, 0x5A, 0x87, 0x5A, 0x87, 0x5A, 0x87, 0x5A, 0x87, 0x5A, 0x87, 0x5A,
    0x46, 0x52, 0x46, 0x5A, 0x87, 0x5A, 0x67, 0x5A, 0x86, 0x5A, 0x45, 0x52, 0x66, 0x52, 0x47, 0x5A,
    0xE6, 0x59, 0xC6, 0x51, 0xA5, 0x51, 0xA5, 0x49, 0xA5, 0x49, 0xC5, 0x49, 0xA5, 0x49, 0xA5, 0x49,
    0xA5, 0x49, 0xA5, 0x41, 0xA5, 0x41, 0x85, 0x41, 0x85, 0x41, 0xC6, 0x49, 0xA4, 0x39, 0x42, 0x19,
    0x62, 0x19, 0x62, 0x19, 0xA2, 0x21, 0xC2, 0x21, 0xA1, 0x21, 0xA2, 0x21, 0xA2, 0x21, 0xA2, 0x21,
    0xC2, 0x21, 0xC2, 0x21, 0xE2, 0x29, 0xC2, 0x21, 0xE3, 0x29, 0xE3, 0x29, 0xC2, 0x29, 0xA2, 0x21,
    0xC2, 0x29, 0x03, 0x32, 0xE2, 0x29, 0xC2, 0x29, 0x02, 0x2A, 0x23, 0x32, 0x43, 0x32, 0x43, 0x32,
    0x02, 0x2A, 0x23, 0x32, 0x02, 0x2A, 0x43, 0x32, 0x84, 0x3A, 0x63, 0x3A, 0x84, 0x3A, 0x02, 0x2A,
    0x63, 0x32, 0x84, 0x3A, 0x22, 0x32, 0x61, 0x19, 0xC0, 0x00, 0x61, 0x11, 0x81, 0x19, 0x62, 0x19,
    0xC3, 0x29, 0xE3, 0x31, 0x03, 0x32, 0x24, 0x3A, 0xE3, 0x31, 0xA2, 0x29, 0x61, 0x19, 0xE4, 0x29,
    0xC3, 0x21, 0xE3, 0x21, 0x82, 0x11, 0x21, 0x09, 0x02, 0x11, 0xC1, 0x08, 0x02, 0x21, 0x25, 0x5A,
    0x45, 0x62, 0x25, 0x62, 0x25, 0x62, 0x46, 0x6A, 0x26, 0x62, 0xAA, 0x6A, 0xAF, 0x7B, 0x11, 0x7C,
    0x12, 0x7C, 0xF2, 0x73, 0xD2, 0x6B, 0xD1, 0x63, 0x8F, 0x5B, 0xAA, 0x42, 0xC5, 0x21, 0x82, 0x19,
    0x41, 0x11, 0x83, 0x11, 0x04, 0x22, 0x24, 0x22, 0x04, 0x22, 0xA6, 0x3A, 0xA5, 0x3A, 0xE3, 0x21,
    0xE3, 0x21, 0x24, 0x2A, 0x04, 0x2A, 0x26, 0x42, 0x89, 0x6A, 0xCA, 0x82, 0xAA, 0x82, 0x08, 0x62,
    0x47, 0x52, 0xA6, 0x42, 0x64, 0x32, 0x44, 0x32, 0x25, 0x2A, 0x45, 0x2A, 0x86, 0x32, 0xC7, 0x3A,
    0xC6, 0x3A, 0x64, 0x2A, 0x24, 0x2A, 0x44, 0x2A, 0x85, 0x32, 0x85, 0x32, 0x85, 0x32, 0xE6, 0x3A,
    0xE6, 0x3A, 0x07, 0x43, 0xC6, 0x3A, 0x65, 0x32, 0x85, 0x32, 0x85, 0x32, 0x64, 0x2A, 0xC6, 0x3A,
    0xA5, 0x32, 0x44, 0x2A, 0x24, 0x22, 0x64, 0x2A, 0xA5, 0x32, 0x65, 0x32, 0x85, 0x32, 0x44, 0x2A,
    0x03, 0x22, 0xE3, 0x21, 0xC3, 0x21, 0x62, 0x11, 0xA2, 0x19, 0x44, 0x32, 0x44, 0x2A, 0xC3, 0x21,
    0x04, 0x2A, 0xE4, 0x29, 0xE4, 0x21, 0xE4, 0x21, 0x04, 0x22, 0x03, 0x22, 0x03, 0x2A, 0x44, 0x2A,
    0x64, 0x32, 0x24, 0x2A, 0xC3, 0x19, 0x04, 0x2A, 0x04, 0x22, 0x85, 0x3A, 0xA5, 0x3A, 0x64, 0x32,
    0x64, 0x32, 0x23, 0x2A, 0x64, 0x32, 0x64, 0x32, 0x23, 0x2A, 0x64, 0x32, 0x64, 0x32, 0x03, 0x2A,
    0x44, 0x32, 0x44, 0x32, 0x23, 0x2A, 0x23, 0x2A, 0x44, 0x32, 0x43, 0x32, 0x43, 0x32, 0xA5, 0x3A,
    0x84, 0x32, 0x64, 0x32, 0x23, 0x2A, 0x43, 0x2A, 0x43, 0x2A, 0x64, 0x32, 0x85, 0x3A, 0x24, 0x2A,
    0xA3, 0x21, 0xE4, 0x29, 0xC3, 0x21, 0x04, 0x2A, 0xE3, 0x21, 0x04, 0x2A, 0x03, 0x2A, 0x24, 0x2A,
    0xE4, 0x21, 0xC4, 0x21, 0xC4, 0x19, 0xA4, 0x19, 0x04, 0x2A, 0xC4, 0x21, 0xC3, 0x21, 0xA3, 0x19,
    0xA4, 0x21, 0xC4, 0x21, 0xC4, 0x21, 0xC3, 0x21, 0xC3, 0x21, 0xA3, 0x19, 0xA3, 0x21, 0xC3, 0x21,
    0xC3, 0x21, 0xA3, 0x19, 0x82, 0x19, 0xA4, 0x19, 0x62, 0x11, 0x83, 0x19, 0xA3, 0x19, 0x62, 0x11,
    0x83, 0x19, 0x42, 0x11, 0xC3, 0x21, 0xC4, 0x21, 0x42, 0x11, 0x42, 0x11, 0xC4, 0x21, 0xE4, 0x29,
    0xC3, 0x21, 0x24, 0x32, 0x03, 0x2A, 0x03, 0x2A, 0x03, 0x2A, 0xE3, 0x29, 0x03, 0x2A, 0x44, 0x32,
    0x23, 0x2A, 0xC3, 0x21, 0x81, 0x19, 0xE3, 0x21, 0xE3, 0x21, 0xC3, 0x21, 0x82, 0x19, 0xA2, 0x19,
    0x61, 0x19, 0x62, 0x19, 0x82, 0x19, 0x42, 0x11, 0x22, 0x11, 0x42, 0x19, 0x62, 0x19, 0x21, 0x11,
    0x21, 0x11, 0x01, 0x11, 0xC0, 0x00, 0xE1, 0x08, 0x02, 0x09, 0x22, 0x11, 0x02, 0x11, 0xE1, 0x08,
    0xE1, 0x08, 0x22, 0x11, 0x22, 0x11, 0x43, 0x21, 0x45, 0x29, 0x05, 0x29, 0x04, 0x29, 0x24, 0x29,
    0xE4, 0x28, 0x24, 0x29, 0x24, 0x29, 0x04, 0x29, 0x04, 0x29, 0x04, 0x29, 0x04, 0x31, 0x04, 0x31,
    0x24, 0x29, 0x64, 0x31, 0xA5, 0x31, 0xA4, 0x31, 0xA4, 0x31, 0xA4, 0x31, 0xA4, 0x31, 0xC5, 0x39,
    0xC4, 0x39, 0xC4, 0x39, 0xC5, 0x39, 0xC5, 0x39, 0xC4, 0x39, 0xC4, 0x39, 0xC4, 0x39, 0xC4, 0x39,
    0xC4, 0x39, 0xE5, 0x39, 0xE5, 0x39, 0xE5, 0x41, 0x05, 0x42, 0x05, 0x42, 0xE5, 0x41, 0xE5, 0x41,
    0xE4, 0x41, 0x05, 0x42, 0x25, 0x4A, 0x26, 0x4A, 0x46, 0x4A, 0x46, 0x4A, 0x46, 0x4A, 0x46, 0x52,
    0x25, 0x4A, 0x26, 0x4A, 0x66, 0x52, 0x46, 0x52, 0x66, 0x52, 0x46, 0x4A, 0x46, 0x52, 0x66, 0x52,
    0x46, 0x52, 0x25, 0x52, 0x46, 0x52, 0x66, 0x52, 0x46, 0x52, 0x46, 0x4A, 0x46, 0x52, 0xE6, 0x51,
    0x84, 0x49, 0x85, 0x49, 0x64, 0x41, 0x85, 0x41, 0x85, 0x41, 0xA5, 0x41, 0x85, 0x41, 0x85, 0x41,
    0x84, 0x41, 0x85, 0x41, 0x84, 0x41, 0x84, 0x39, 0x85, 0x41, 0x06, 0x4A, 0x83, 0x29, 0x21, 0x19,
    0x62, 0x19, 0x82, 0x19, 0xA2, 0x21, 0xA2, 0x21, 0xC2, 0x21, 0xA2, 0x21, 0x81, 0x19, 0xC2, 0x21,
    0xC2, 0x21, 0xC2, 0x21, 0xE3, 0x29, 0xC2, 0x29, 0xE2, 0x29, 0xE2, 0x29, 0xC2, 0x29, 0xC2, 0x21,
    0xC2, 0x29, 0xE3, 0x29, 0x03, 0x32, 0x03, 0x2A, 0xC2, 0x21, 0x03, 0x2A, 0x03, 0x2A, 0x02, 0x2A,
    0x43, 0x32, 0x63, 0x32, 0x22, 0x2A, 0x63, 0x3A, 0xA4, 0x42, 0xA4, 0x42, 0xA4, 0x42, 0x83, 0x3A,
    0xA4, 0x42, 0xA4, 0x3A, 0x83, 0x32, 0x64, 0x32, 0xC2, 0x19, 0xC2, 0x19, 0xA2, 0x19, 0x21, 0x11,
    0xA0, 0x08, 0x01, 0x11, 0xE0, 0x10, 0x41, 0x19, 0xE3, 0x31, 0xE3, 0x29, 0xC2, 0x29, 0x44, 0x32,
    0x23, 0x2A, 0x23, 0x32, 0x44, 0x32, 0xE3, 0x29, 0xA3, 0x21, 0x01, 0x11, 0x22, 0x29, 0x26, 0x5A,
    0x45, 0x62, 0x05, 0x62, 0x25, 0x62, 0x46, 0x62, 0xC9, 0x62, 0xCF, 0x7B, 0xD0, 0x6B, 0xF1, 0x6B,
    0x12, 0x74, 0xB1, 0x6B, 0x70, 0x63, 0x70, 0x5B, 0x70, 0x5B, 0x70, 0x5B, 0x2D, 0x53, 0x8B, 0x63,
    0x29, 0x53, 0xA3, 0x21, 0xE3, 0x21, 0xE3, 0x21, 0xC3, 0x19, 0x65, 0x32, 0x85, 0x32, 0x03, 0x22,
    0x04, 0x22, 0x44, 0x2A, 0x65, 0x32, 0x04, 0x32, 0xC4, 0x41, 0x67, 0x6A, 0x88, 0x72, 0xE6, 0x59,
    0x84, 0x31, 0x04, 0x2A, 0x44, 0x2A, 0x44, 0x2A, 0x25, 0x2A, 0xE4, 0x21, 0xE4, 0x21, 0x65, 0x32,
    0xA6, 0x32, 0x85, 0x32, 0x24, 0x2A, 0x65, 0x32, 0x64, 0x32, 0x44, 0x2A, 0x64, 0x32, 0x23, 0x2A,
    0x03, 0x22, 0xA5, 0x3A, 0xC6, 0x42, 0xA5, 0x3A, 0x84, 0x32, 0xA5, 0x32, 0xA5, 0x3A, 0xC6, 0x3A,
    0xC5, 0x3A, 0x65, 0x32, 0x64, 0x2A, 0x64, 0x2A, 0xC5, 0x3A, 0x64, 0x32, 0x44, 0x2A, 0x85, 0x32,
    0x43, 0x2A, 0x23, 0x2A, 0xE3, 0x21, 0x61, 0x11, 0x82, 0x19, 0x03, 0x22, 0x24, 0x2A, 0xC3, 0x21,
    0x04, 0x2A, 0x25, 0x2A, 0x04, 0x2A, 0xE4, 0x21, 0xC3, 0x21, 0xC3, 0x21, 0xE3, 0x21, 0xE3, 0x21,
    0x85, 0x32, 0x64, 0x32, 0x24, 0x2A, 0x82, 0x19, 0xC3, 0x19, 0x44, 0x32, 0xA6, 0x42, 0xA5, 0x3A,
    0x85, 0x3A, 0x64, 0x32, 0xC6, 0x42, 0x64, 0x32, 0x03, 0x2A, 0x64, 0x32, 0x64, 0x32, 0xC2, 0x21,
    0xC2, 0x19, 0xE3, 0x21, 0x44, 0x32, 0x84, 0x32, 0x44, 0x32, 0x23, 0x2A, 0x03, 0x22, 0x03, 0x2A,
    0x03, 0x22, 0x24, 0x2A, 0x64, 0x32, 0x23, 0x2A, 0x23, 0x2A, 0x44, 0x2A, 0x23, 0x2A, 0x45, 0x32,
    0x04, 0x2A, 0x45, 0x32, 0x04, 0x2A, 0xC3, 0x21, 0x24, 0x2A, 0xE3, 0x21, 0xE3, 0x21, 0x03, 0x2A,
    0xE4, 0x21, 0x83, 0x19, 0xE4, 0x21, 0xC4, 0x21, 0xC3, 0x21, 0x62, 0x11, 0x83, 0x19, 0xC4, 0x21,
    0x05, 0x2A, 0xA3, 0x19, 0xC3, 0x21, 0xC3, 0x21, 0xC4, 0x21, 0xC4, 0x21, 0xC3, 0x21, 0x04, 0x2A,
    0xC4, 0x21, 0xA3, 0x19, 0xC3, 0x21, 0x83, 0x19, 0xA3, 0x19, 0x42, 0x11, 0x42, 0x11, 0x63, 0x11,
    0x83, 0x19, 0xA3, 0x21, 0x42, 0x11, 0x83, 0x19, 0xA3, 0x21, 0x63, 0x19, 0x62, 0x19, 0x83, 0x19,
    0xE4, 0x21, 0xC3, 0x21, 0xE3, 0x29, 0x03, 0x2A, 0x24, 0x32, 0x44, 0x32, 0x03, 0x2A, 0x03, 0x2A,
    0x03, 0x2A, 0x81, 0x19, 0x03, 0x2A, 0x82, 0x19, 0x21, 0x11, 0xA3, 0x21, 0xA3, 0x21, 0x62, 0x19,
    0x41, 0x19, 0x62, 0x19, 0x62, 0x19, 0x21, 0x11, 0xE1, 0x08, 0xE1, 0x08, 0x21, 0x11, 0x41, 0x11,
    0x01, 0x11, 0x01, 0x11, 0xC1, 0x08, 0xE1, 0x08, 0xC1, 0x08, 0xC1, 0x08, 0xE2, 0x08, 0xE1, 0x08,
    0xC1, 0x08, 0x01, 0x09, 0x22, 0x11, 0x43, 0x19, 0x65, 0x31, 0x25, 0x31, 0x05, 0x29, 0x04, 0x29,
    0x04, 0x29, 0x04, 0x29, 0x04, 0x29, 0x04, 0x29, 0x04, 0x29, 0x04, 0x29, 0x04, 0x29, 0x04, 0x31,
    0x03, 0x29, 0x23, 0x29, 0x84, 0x31, 0x84, 0x31, 0xA4, 0x31, 0xA4, 0x31, 0xA4, 0x31, 0xA4, 0x31,
    0xA4, 0x31, 0xA4, 0x31, 0xC4, 0x39, 0xA4, 0x39, 0xA4, 0x39, 0xA4, 0x39, 0xC4, 0x39, 0xC4, 0x39,
    0xC4, 0x39, 0xC4, 0x39, 0xC4, 0x39, 0xC4, 0x39, 0xC4, 0x39, 0xE5, 0x39, 0xE5, 0x39, 0xE5, 0x39,
    0xE5, 0x39, 0x05, 0x42, 0x05, 0x42, 0x05, 0x42, 0x05, 0x42, 0x05, 0x42, 0xE5, 0x41, 0x05, 0x42,
    0x05, 0x42, 0x05, 0x42, 0x25, 0x4A, 0x46, 0x4A, 0x66, 0x52, 0x46, 0x4A, 0x05, 0x42, 0x05, 0x4A,
    0x25, 0x4A, 0x05, 0x4A, 0x25, 0x4A, 0x25, 0x4A, 0x25, 0x4A, 0x26, 0x4A, 0xE5, 0x49, 0xA5, 0x41,
    0x64, 0x41, 0x85, 0x41, 0x84, 0x41, 0x64, 0x41, 0x64, 0x39, 0x84, 0x41, 0x84, 0x39, 0x64, 0x39,
    0x64, 0x39, 0x85, 0x41, 0x85, 0x41, 0xC6, 0x49, 0xE6, 0x51, 0xE5, 0x41, 0xA3, 0x29, 0x61, 0x19,
    0x21, 0x11, 0x81, 0x19, 0xA2, 0x21, 0xA2, 0x21, 0xA2, 0x21, 0xC3, 0x29, 0xC2, 0x21, 0xC2, 0x21,
    0xE3, 0x29, 0xC2, 0x21, 0xC2, 0x29, 0xC2, 0x21, 0xA2, 0x21, 0xC2, 0x21, 0xC2, 0x29, 0x03, 0x2A,
    0xE3, 0x29, 0xC2, 0x29, 0x23, 0x32, 0xE3, 0x29, 0xA2, 0x21, 0xC2, 0x21, 0xC2, 0x21, 0x81, 0x19,
    0xE2, 0x29, 0x02, 0x2A, 0xE2, 0x21, 0x43, 0x32, 0xA4, 0x42, 0xA4, 0x42, 0xA4, 0x42, 0xC4, 0x42,
    0xA4, 0x42, 0xA4, 0x3A, 0xA4, 0x3A, 0xC4, 0x3A, 0x84, 0x3A, 0x64, 0x32, 0x03, 0x2A, 0xC3, 0x29,
    0x01, 0x11, 0x41, 0x19, 0xE3, 0x29, 0x24, 0x32, 0x03, 0x32, 0x23, 0x32, 0x23, 0x32, 0x03, 0x2A,
    0x03, 0x2A, 0x23, 0x32, 0x23, 0x32, 0x24, 0x2A, 0x04, 0x2A, 0xC3, 0x21, 0xA3, 0x31, 0x25, 0x5A,
    0x45, 0x62, 0x24, 0x62, 0x25, 0x5A, 0x88, 0x62, 0x8E, 0x73, 0xB0, 0x6B, 0xD0, 0x63, 0xD0, 0x6B,
    0xB0, 0x6B, 0x90, 0x6B, 0x6F, 0x63, 0x4F, 0x5B, 0x2F, 0x5B, 0x2F, 0x53, 0x2E, 0x5B, 0xEE, 0x7B,
    0x6D, 0x8C, 0x2C, 0x7C, 0x65, 0x3A, 0xC3, 0x19, 0xA3, 0x19, 0xC2, 0x19, 0x03, 0x22, 0x04, 0x22,
    0x44, 0x2A, 0x85, 0x32, 0x85, 0x32, 0x44, 0x32, 0x62, 0x21, 0x62, 0x31, 0xA3, 0x41, 0xE1, 0x20,
    0xA0, 0x08, 0x62, 0x19, 0x65, 0x32, 0x85, 0x3A, 0x44, 0x2A, 0xE4, 0x21, 0xE4, 0x29, 0xC3, 0x21,
    0xE3, 0x21, 0x85, 0x32, 0x85, 0x32, 0xA6, 0x3A, 0xA6, 0x3A, 0x44, 0x2A, 0x24, 0x2A, 0x45, 0x2A,
    0x46, 0x32, 0x85, 0x32, 0xA5, 0x3A, 0xA5, 0x32, 0xC6, 0x3A, 0x07, 0x43, 0xC5, 0x3A, 0xC6, 0x3A,
    0x84, 0x32, 0xA5, 0x32, 0xE6, 0x3A, 0xC6, 0x3A, 0xA5, 0x3A, 0xA5, 0x3A, 0xA5, 0x3A, 0xC5, 0x3A,
    0x23, 0x2A, 0x44, 0x2A, 0x24, 0x2A, 0xE3, 0x21, 0x45, 0x2A, 0x03, 0x2A, 0x04, 0x2A, 0x24, 0x2A,
    0x04, 0x2A, 0xA2, 0x19, 0x82, 0x19, 0x82, 0x19, 0xA3, 0x19, 0xE4, 0x21, 0xE3, 0x29, 0xA2, 0x19,
    0x03, 0x2A, 0x44, 0x32, 0x65, 0x32, 0xC3, 0x21, 0x82, 0x19, 0x61, 0x11, 0xA2, 0x19, 0x03, 0x2A,
    0x64, 0x32, 0x44, 0x32, 0xA5, 0x3A, 0x64, 0x32, 0xC2, 0x21, 0x23, 0x2A, 0x85, 0x32, 0x44, 0x2A,
    0x24, 0x2A, 0x03, 0x22, 0xE2, 0x21, 0x44, 0x2A, 0x85, 0x32, 0x64, 0x32, 0xE3, 0x21, 0x04, 0x2A,
    0xE3, 0x21, 0xC3, 0x21, 0xC3, 0x21, 0xE3, 0x21, 0x04, 0x2A, 0xE3, 0x21, 0xA2, 0x19, 0x04, 0x2A,
    0x24, 0x2A, 0xE4, 0x21, 0xC4, 0x21, 0xE5, 0x29, 0xE4, 0x29, 0x24, 0x32, 0x24, 0x2A, 0x24, 0x2A,
    0x82, 0x19, 0x43, 0x11, 0xA4, 0x19, 0xC4, 0x21, 0xC4, 0x21, 0xA3, 0x21, 0x83, 0x19, 0x62, 0x19,
    0x83, 0x19, 0x83, 0x19, 0xC3, 0x21, 0xC3, 0x21, 0xC3, 0x19, 0x82, 0x19, 0x62, 0x11, 0x62, 0x19,
    0x62, 0x11, 0xA3, 0x19, 0xC4, 0x21, 0x83, 0x19, 0x42, 0x11, 0x42, 0x11, 0x42, 0x11, 0x63, 0x19,
    0x62, 0x11, 0x83, 0x19, 0xA3, 0x19, 0x62, 0x11, 0x22, 0x11, 0xA3, 0x19, 0x83, 0x19, 0x62, 0x11,
    0xA3, 0x21, 0x04, 0x2A, 0xE3, 0x29, 0x44, 0x32, 0x03, 0x2A, 0x03, 0x2A, 0x24, 0x32, 0xE3, 0x21,
    0x64, 0x32, 0xC2, 0x21, 0xC2, 0x21, 0xE3, 0x29, 0xA3, 0x21, 0x62, 0x19, 0x62, 0x19, 0x41, 0x19,
    0x62, 0x19, 0x41, 0x19, 0x41, 0x11, 0x42, 0x11, 0x21, 0x11, 0xC0, 0x08, 0x01, 0x09, 0x42, 0x11,
    0x01, 0x09, 0x01, 0x11, 0xE1, 0x08, 0xE1, 0x08, 0xC1, 0x08, 0xA1, 0x00, 0xA1, 0x00, 0xE2, 0x08,
    0xE2, 0x08, 0x02, 0x09, 0x01, 0x09, 0xE1, 0x10, 0x65, 0x29, 0x46, 0x31, 0x25, 0x31, 0x04, 0x29,
    0x04, 0x31, 0xE3, 0x28, 0xE3, 0x28, 0x04, 0x29, 0x04, 0x29, 0x03, 0x29, 0x03, 0x29, 0x04, 0x29,
    0x03, 0x29, 0x03, 0x29, 0x43, 0x29, 0x84, 0x31, 0xA4, 0x31, 0xA4, 0x31, 0xA4, 0x31, 0x84, 0x31,
    0x84, 0x31, 0x84, 0x31, 0xA4, 0x31, 0xA4, 0x31, 0xA4, 0x31, 0xA4, 0x31, 0xA4, 0x31, 0xA4, 0x31,
    0xA4, 0x31, 0xA4, 0x31, 0xA4, 0x31, 0xC4, 0x31, 0xA4, 0x31, 0xC4, 0x31, 0xC4, 0x31, 0xE4, 0x39,
    0xE4, 0x39, 0xE4, 0x39, 0xE4, 0x39, 0xC4, 0x39, 0xE4, 0x39, 0xC4, 0x39, 0xC4, 0x39, 0xE4, 0x39,
    0x05, 0x42, 0xE4, 0x39, 0xE5, 0x41, 0x05, 0x42, 0x05, 0x42, 0xE5, 0x41, 0x05, 0x42, 0x25, 0x4A,
    0x05, 0x42, 0x05, 0x42, 0xE4, 0x41, 0x25, 0x42, 0x05, 0x42, 0xC5, 0x41, 0x84, 0x41, 0x44, 0x39,
    0x44, 0x39, 0x43, 0x39, 0x44, 0x39, 0x64, 0x39, 0x43, 0x39, 0x64, 0x39, 0x44, 0x39, 0x44, 0x39,
    0x44, 0x39, 0x64, 0x41, 0x85, 0x41, 0xC6, 0x49, 0xE6, 0x51, 0xC4, 0x39, 0x82, 0x21, 0xA2, 0x21,
    0xA2, 0x21, 0xC2, 0x21, 0xA1, 0x21, 0xA2, 0x21, 0x61, 0x19, 0x82, 0x19, 0xC2, 0x21, 0xA2, 0x21,
    0x81, 0x19, 0xA1, 0x19, 0xC2, 0x29, 0xC2, 0x29, 0xE3, 0x29, 0x03, 0x2A, 0x23, 0x32, 0x03, 0x2A,
    0xE3, 0x29, 0x03, 0x32, 0x03, 0x32, 0xE3, 0x29, 0xE2, 0x29, 0x03, 0x2A, 0x03, 0x32, 0x23, 0x32,
    0x64, 0x3A, 0x43, 0x32, 0x43, 0x32, 0x43, 0x32, 0x43, 0x32, 0x83, 0x3A, 0xA3, 0x42, 0x83, 0x42,
    0x63, 0x3A, 0x43, 0x32, 0x22, 0x2A, 0x83, 0x3A, 0xC4, 0x3A, 0x84, 0x3A, 0x63, 0x32, 0x23, 0x32,
    0x24, 0x32, 0x03, 0x32, 0x23, 0x32, 0x23, 0x32, 0xE2, 0x29, 0x02, 0x2A, 0x02, 0x2A, 0x02, 0x2A,
    0x23, 0x32, 0x03, 0x2A, 0x04, 0x32, 0x24, 0x32, 0x25, 0x32, 0xE3, 0x29, 0xC3, 0x41, 0x45, 0x5A,
    0x45, 0x62, 0x04, 0x5A, 0x05, 0x5A, 0xEA, 0x6A, 0x8E, 0x6B, 0x6F, 0x5B, 0xB0, 0x63, 0x6F, 0x5B,
    0xB0, 0x63, 0xB0, 0x63, 0x6F, 0x5B, 0x2E, 0x5B, 0xEE, 0x52, 0xED, 0x4A, 0xAD, 0x4A, 0xEC, 0x52,
    0x8A, 0x73, 0xEB, 0x7B, 0x6A, 0x63, 0xC3, 0x21, 0x04, 0x22, 0x44, 0x2A, 0x44, 0x2A, 0x04, 0x22,
    0x24, 0x22, 0x44, 0x32, 0x23, 0x2A, 0x65, 0x32, 0x65, 0x32, 0xE3, 0x29, 0xA2, 0x21, 0xA3, 0x21,
    0x04, 0x2A, 0x24, 0x2A, 0x64, 0x32, 0x85, 0x32, 0x65, 0x32, 0xA6, 0x42, 0x2D, 0x7C, 0x0C, 0x74,
    0x66, 0x3A, 0x24, 0x2A, 0x65, 0x32, 0x85, 0x3A, 0x85, 0x32, 0x85, 0x32, 0x25, 0x2A, 0xAC, 0x5B,
    0xEF, 0x6B, 0xC8, 0x42, 0x65, 0x32, 0x64, 0x2A, 0xA5, 0x32, 0x27, 0x43, 0x07, 0x43, 0xE6, 0x3A,
    0x64, 0x32, 0xA4, 0x32, 0xC5, 0x3A, 0x06, 0x43, 0x84, 0x32, 0x64, 0x32, 0x64, 0x32, 0x64, 0x32,
    0xE3, 0x21, 0x03, 0x2A, 0xE3, 0x21, 0xA2, 0x19, 0x45, 0x32, 0x24, 0x2A, 0x04, 0x2A, 0xA3, 0x19,
    0xA3, 0x19, 0x82, 0x19, 0x82, 0x19, 0x82, 0x19, 0x82, 0x19, 0x24, 0x2A, 0xC3, 0x21, 0xA2, 0x19,
    0xA3, 0x19, 0xE3, 0x21, 0x44, 0x2A, 0x23, 0x2A, 0x24, 0x2A, 0x44, 0x32, 0xE2, 0x21, 0xC2, 0x21,
    0xC2, 0x21, 0xE3, 0x21, 0xA5, 0x3A, 0x85, 0x3A, 0x03, 0x2A, 0x03, 0x2A, 0x03, 0x2A, 0x65, 0x32,
    0x64, 0x32, 0x84, 0x32, 0x03, 0x2A, 0x23, 0x2A, 0x44, 0x2A, 0x03, 0x2A, 0xE2, 0x21, 0x24, 0x2A,
    0x24, 0x2A, 0x04, 0x2A, 0xC3, 0x21, 0xE4, 0x21, 0xE4, 0x21, 0xA3, 0x19, 0xC3, 0x21, 0xE3, 0x21,
    0xE4, 0x29, 0x89, 0x42, 0x2C, 0x53, 0x8D, 0x5B, 0x88, 0x3A, 0xE3, 0x29, 0x23, 0x2A, 0x44, 0x32,
    0xA3, 0x21, 0x02, 0x09, 0x43, 0x11, 0xC5, 0x21, 0x04, 0x2A, 0x04, 0x2A, 0xE4, 0x21, 0xA3, 0x19,
    0xC3, 0x21, 0xC3, 0x21, 0xC3, 0x21, 0x04, 0x22, 0xC3, 0x21, 0x82, 0x19, 0x82, 0x19, 0x83, 0x19,
    0x82, 0x19, 0xA3, 0x19, 0x83, 0x19, 0xC3, 0x19, 0xA3, 0x19, 0xC4, 0x21, 0xC4, 0x21, 0x63, 0x19,
    0x83, 0x19, 0x22, 0x11, 0x82, 0x19, 0xA3, 0x21, 0x42, 0x11, 0x62, 0x11, 0xA3, 0x19, 0xC3, 0x21,
    0x03, 0x2A, 0x44, 0x32, 0x03, 0x2A, 0xC2, 0x21, 0x23, 0x2A, 0xE2, 0x21, 0x23, 0x2A, 0x03, 0x2A,
    0xA2, 0x21, 0x24, 0x32, 0xE3, 0x29, 0xA2, 0x21, 0x82, 0x19, 0xA3, 0x21, 0x62, 0x19, 0x82, 0x21,
    0x62, 0x19, 0x01, 0x09, 0x01, 0x11, 0x21, 0x11, 0xC0, 0x08, 0x01, 0x11, 0x21, 0x11, 0x01, 0x09,
    0xE0, 0x08, 0xE1, 0x08, 0xC1, 0x08, 0xC1, 0x00, 0xC1, 0x08, 0xA1, 0x08, 0xA1, 0x00, 0xE2, 0x08,
    0xC2, 0x08, 0x01, 0x09, 0x01, 0x09, 0xE1, 0x10, 0x44, 0x21, 0x46, 0x31, 0x25, 0x31, 0x04, 0x31,
    0x04, 0x31, 0x04, 0x29, 0xE3, 0x28, 0x03, 0x29, 0x03, 0x29, 0x03, 0x29, 0xE3, 0x28, 0xE3, 0x28,
    0x03, 0x29, 0x03, 0x29, 0x23, 0x31, 0x44, 0x31, 0x84, 0x31, 0x84, 0x31, 0x84, 0x31, 0x84, 0x31,
    0x83, 0x29, 0xA4, 0x31, 0xA4, 0x31, 0xA3, 0x31, 0xA4, 0x31, 0xA3, 0x31, 0xA3, 0x31, 0xA3, 0x31,
    0xA4, 0x31, 0xA4, 0x31, 0xA4, 0x31, 0xA4, 0x31, 0xA4, 0x31, 0xA4, 0x31, 0xC4, 0x31, 0xC4, 0x31,
    0xC4, 0x31, 0xC4, 0x39, 0xC4, 0x39, 0xC4, 0x31, 0xC4, 0x39, 0xE4, 0x39, 0xC4, 0x39, 0xE4, 0x39,
    0xE4, 0x39, 0xE4, 0x39, 0xE4, 0x39, 0xE4, 0x39, 0xE5, 0x41, 0xC4, 0x41, 0xE4, 0x41, 0xE4, 0x39,
    0xC4, 0x39, 0xE4, 0x39, 0xE4, 0x39, 0xC4, 0x39, 0xA4, 0x39, 0x63, 0x39, 0x43, 0x39, 0x44, 0x39,
    0x44, 0x39, 0x44, 0x39, 0x43, 0x39, 0x43, 0x39, 0x63, 0x39, 0x43, 0x39, 0x23, 0x39, 0x43, 0x31,
    0x44, 0x39, 0x65, 0x41, 0xA6, 0x49, 0xC6, 0x51, 0x06, 0x52, 0xA3, 0x31, 0x41, 0x11, 0x61, 0x19,
    0xA2, 0x21, 0xC2, 0x21, 0xC2, 0x21, 0xC2, 0x21, 0xC2, 0x21, 0xA2, 0x21, 0x61, 0x19, 0xC2, 0x21,
    0xC2, 0x21, 0xE2, 0x29, 0x23, 0x32, 0x03, 0x2A, 0x23, 0x32, 0x23, 0x32, 0x03, 0x2A, 0x02, 0x2A,
    0x03, 0x2A, 0x03, 0x32, 0x03, 0x2A, 0x23, 0x32, 0x03, 0x2A, 0x03, 0x32, 0x84, 0x3A, 0x63, 0x3A,
    0x84, 0x42, 0xA5, 0x42, 0x84, 0x3A, 0x43, 0x32, 0x22, 0x2A, 0x83, 0x3A, 0x83, 0x3A, 0x63, 0x3A,
    0x63, 0x32, 0x23, 0x2A, 0x03, 0x2A, 0x84, 0x3A, 0xC5, 0x42, 0x84, 0x3A, 0x22, 0x2A, 0x43, 0x32,
    0x02, 0x2A, 0x02, 0x2A, 0x23, 0x32, 0x23, 0x32, 0x43, 0x32, 0x23, 0x32, 0x03, 0x2A, 0x23, 0x32,
    0x44, 0x32, 0x03, 0x2A, 0x04, 0x32, 0x24, 0x32, 0x24, 0x32, 0x44, 0x32, 0x24, 0x42, 0x45, 0x5A,
    0x46, 0x62, 0x04, 0x5A, 0x05, 0x5A, 0x0B, 0x63, 0x2E, 0x5B, 0x2E, 0x53, 0x4F, 0x5B, 0x2E, 0x53,
    0x4F, 0x5B, 0x0E, 0x53, 0x2E, 0x5B, 0x4F, 0x5B, 0x0E, 0x53, 0x0E, 0x53, 0x8C, 0x42, 0x6B, 0x42,
    0xE9, 0x5A, 0x49, 0x6B, 0xE8, 0x5A, 0x04, 0x2A, 0x24, 0x2A, 0x64, 0x32, 0x65, 0x32, 0x24, 0x2A,
    0x04, 0x2A, 0x45, 0x2A, 0x45, 0x32, 0x45, 0x32, 0x85, 0x32, 0xA5, 0x3A, 0xA6, 0x3A, 0x85, 0x3A,
    0x85, 0x3A, 0x65, 0x32, 0x64, 0x32, 0x24, 0x2A, 0x45, 0x32, 0xCB, 0x6B, 0x8E, 0x8C, 0x4D, 0x8C,
    0xAA, 0x6B, 0xA6, 0x3A, 0xC6, 0x3A, 0xA5, 0x3A, 0xC5, 0x3A, 0xA5, 0x3A, 0xC8, 0x42, 0xEF, 0x6B,
    0x11, 0x6C, 0x4C, 0x53, 0x66, 0x32, 0x64, 0x32, 0xA5, 0x3A, 0xE6, 0x42, 0x07, 0x43, 0x06, 0x43,
    0xE6, 0x3A, 0xE6, 0x3A, 0xC5, 0x3A, 0x06, 0x43, 0xE6, 0x42, 0x85, 0x32, 0xC2, 0x19, 0x44, 0x2A,
    0xC3, 0x21, 0xE3, 0x21, 0x24, 0x2A, 0x03, 0x22, 0xE3, 0x21, 0xE3, 0x21, 0x82, 0x19, 0x61, 0x11,
    0xC3, 0x21, 0xA3, 0x19, 0xE3, 0x21, 0xC3, 0x21, 0x61, 0x11, 0xE3, 0x21, 0x24, 0x2A, 0xE3, 0x21,
    0xA3, 0x19, 0xA2, 0x19, 0x03, 0x22, 0xA2, 0x19, 0x03, 0x2A, 0x85, 0x32, 0xA5, 0x3A, 0x85, 0x3A,
    0xE2, 0x21, 0x03, 0x22, 0x85, 0x3A, 0x24, 0x2A, 0xC2, 0x21, 0x24, 0x2A, 0x03, 0x22, 0x82, 0x11,
    0x82, 0x19, 0x03, 0x2A, 0x03, 0x22, 0xC2, 0x19, 0x24, 0x2A, 0xE3, 0x21, 0xC3, 0x21, 0xE3, 0x21,
    0xE3, 0x21, 0x04, 0x2A, 0xE4, 0x21, 0x61, 0x11, 0xE4, 0x21, 0x82, 0x19, 0xA2, 0x19, 0x25, 0x2A,
    0x07, 0x2A, 0xCC, 0x42, 0x2E, 0x53, 0x2E, 0x5B, 0xAE, 0x63, 0x05, 0x2A, 0xC2, 0x21, 0x44, 0x32,
    0xC3, 0x21, 0x01, 0x09, 0x42, 0x11, 0x63, 0x11, 0x63, 0x19, 0xC4, 0x21, 0xC3, 0x21, 0xE3, 0x21,
    0xC3, 0x19, 0xE4, 0x21, 0xC4, 0x21, 0xC4, 0x21, 0xC4, 0x21, 0xE4, 0x21, 0xE4, 0x29, 0xC3, 0x21,
    0xC4, 0x21, 0x82, 0x19, 0x83, 0x19, 0xA3, 0x19, 0x83, 0x19, 0x42, 0x11, 0x62, 0x11, 0x42, 0x11,
    0x63, 0x19, 0x83, 0x21, 0xA3, 0x21, 0x62, 0x19, 0x21, 0x11, 0x62, 0x11, 0x61, 0x11, 0x61, 0x11,
    0xA2, 0x19, 0xC3, 0x21, 0xE3, 0x21, 0xC2, 0x21, 0x24, 0x32, 0x44, 0x32, 0x24, 0x32, 0x24, 0x32,
    0xC2, 0x21, 0x03, 0x2A, 0x24, 0x2A, 0xC3, 0x21, 0x41, 0x11, 0x62, 0x19, 0x62, 0x19, 0x83, 0x21,
    0x42, 0x19, 0xE0, 0x08, 0xE0, 0x08, 0x63, 0x19, 0x22, 0x11, 0x01, 0x09, 0x01, 0x09, 0x01, 0x11,
    0xE1, 0x08, 0xA0, 0x00, 0xC1, 0x00, 0x80, 0x00, 0x81, 0x00, 0xC1, 0x08, 0x81, 0x00, 0xA1, 0x00,
    0xC1, 0x08, 0xE1, 0x08, 0x22, 0x11, 0x22, 0x19, 0x44, 0x21, 0x66, 0x31, 0x25, 0x31, 0x05, 0x31,
    0x04, 0x31, 0x04, 0x29, 0xE3, 0x28, 0xE3, 0x28, 0xE3, 0x28, 0xE3, 0x28, 0x03, 0x29, 0xE3, 0x28,
    0x03, 0x29, 0x03, 0x29, 0x03, 0x31, 0x23, 0x31, 0x23, 0x29, 0x63, 0x31, 0x63, 0x31, 0x83, 0x29,
    0xA3, 0x31, 0x83, 0x31, 0xA3, 0x31, 0xA3, 0x31, 0x83, 0x31, 0x83, 0x31, 0x83, 0x31, 0xA3, 0x31,
    0xA3, 0x31, 0xA3, 0x31, 0xA3, 0x31, 0xA3, 0x31, 0xA3, 0x31, 0xA4, 0x31, 0xA3, 0x31, 0x83, 0x31,
    0xA3, 0x31, 0xA3, 0x31, 0xA3, 0x31, 0xA3, 0x31, 0xC4, 0x31, 0xC4, 0x39, 0xC4, 0x31, 0xC4, 0x39,
    0xC4, 0x39, 0xC4, 0x39, 0xC4, 0x39, 0xC4, 0x39, 0xE4, 0x39, 0xC4, 0x39, 0xC4, 0x39, 0xE4, 0x39,
    0xC4, 0x39, 0xC4, 0x39, 0xA4, 0x39, 0xA4, 0x39, 0x63, 0x39, 0x43, 0x31, 0x43, 0x39, 0x43, 0x39,
    0x43, 0x39, 0x43, 0x39, 0x43, 0x39, 0x43, 0x39, 0x23, 0x39, 0x23, 0x31, 0x23, 0x31, 0x44, 0x39,
    0x65, 0x41, 0xA5, 0x49, 0xC6, 0x51, 0x06, 0x5A, 0x06, 0x52, 0x83, 0x29, 0x82, 0x19, 0xA2, 0x21,
    0x81, 0x19, 0x61, 0x19, 0xA2, 0x21, 0xA2, 0x21, 0xA2, 0x21, 0xE3, 0x29, 0xC2, 0x21, 0xA2, 0x21,
    0xA2, 0x21, 0xC2, 0x21, 0xA1, 0x21, 0xE2, 0x21, 0x23, 0x32, 0x03, 0x2A, 0x23, 0x32, 0x44, 0x32,
    0x23, 0x32, 0x03, 0x2A, 0x03, 0x32, 0x03, 0x32, 0x03, 0x32, 0x64, 0x3A, 0xA4, 0x42, 0x63, 0x3A,
    0x84, 0x42, 0xA4, 0x42, 0x84, 0x3A, 0x43, 0x32, 0x43, 0x32, 0x63, 0x3A, 0x84, 0x3A, 0x84, 0x3A,
    0x44, 0x32, 0xE2, 0x29, 0xC2, 0x21, 0x02, 0x2A, 0x02, 0x2A, 0x43, 0x32, 0x03, 0x2A, 0x44, 0x32,
    0x23, 0x32, 0x03, 0x32, 0x23, 0x32, 0x64, 0x3A, 0x63, 0x3A, 0x02, 0x2A, 0x02, 0x2A, 0x23, 0x32,
    0x24, 0x32, 0x24, 0x32, 0x03, 0x2A, 0x04, 0x32, 0x24, 0x2A, 0xE3, 0x29, 0x24, 0x3A, 0x24, 0x4A,
    0x24, 0x52, 0x04, 0x52, 0x46, 0x5A, 0x0B, 0x63, 0xEC, 0x4A, 0xED, 0x4A, 0xED, 0x4A, 0x2E, 0x53,
    0xED, 0x4A, 0xCC, 0x4A, 0xCD, 0x4A, 0x0D, 0x53, 0xCD, 0x4A, 0xAC, 0x42, 0x4B, 0x32, 0x09, 0x32,
    0x89, 0x4A, 0xA7, 0x52, 0x46, 0x42, 0x24, 0x2A, 0x03, 0x22, 0x03, 0x22, 0x44, 0x2A, 0x24, 0x2A,
    0x04, 0x22, 0x24, 0x2A, 0x24, 0x2A, 0x24, 0x2A, 0x03, 0x22, 0x44, 0x32, 0x64, 0x32, 0x64, 0x32,
    0x23, 0x2A, 0x64, 0x32, 0x64, 0x32, 0x65, 0x32, 0x24, 0x2A, 0xE8, 0x52, 0x8A, 0x73, 0x69, 0x6B,
    0xE7, 0x52, 0x65, 0x3A, 0x44, 0x2A, 0x23, 0x2A, 0xC5, 0x3A, 0xE6, 0x42, 0x86, 0x3A, 0xE9, 0x4A,
    0xCB, 0x42, 0x28, 0x32, 0x25, 0x2A, 0x65, 0x32, 0xC6, 0x3A, 0xE6, 0x3A, 0xE6, 0x42, 0xE6, 0x42,
    0xC5, 0x3A, 0xC6, 0x3A, 0xE6, 0x3A, 0xE6, 0x3A, 0xA5, 0x32, 0x85, 0x32, 0xA5, 0x3A, 0x44, 0x2A,
    0x62, 0x11, 0x82, 0x19, 0xC2, 0x19, 0x03, 0x22, 0x23, 0x2A, 0x44, 0x2A, 0x04, 0x2A, 0xA3, 0x19,
    0x04, 0x2A, 0xC3, 0x21, 0xC3, 0x21, 0x04, 0x2A, 0x25, 0x2A, 0x24, 0x2A, 0xE3, 0x21, 0x41, 0x09,
    0x62, 0x11, 0xE3, 0x21, 0x23, 0x2A, 0x04, 0x2A, 0xE3, 0x21, 0x03, 0x22, 0x44, 0x32, 0x44, 0x32,
    0xE3, 0x21, 0x03, 0x2A, 0x03, 0x2A, 0xE3, 0x29, 0x04, 0x2A, 0x44, 0x32, 0x03, 0x2A, 0xC3, 0x21,
    0xE3, 0x21, 0xE3, 0x21, 0x04, 0x2A, 0xA3, 0x19, 0xE3, 0x21, 0x24, 0x2A, 0x04, 0x2A, 0xE4, 0x21,
    0xA3, 0x19, 0x82, 0x19, 0xE4, 0x21, 0x82, 0x19, 0xC3, 0x21, 0xE4, 0x21, 0xA3, 0x19, 0xC4, 0x21,
    0xA6, 0x19, 0x0B, 0x2A, 0xAD, 0x42, 0xEE, 0x52, 0x6E, 0x63, 0x26, 0x32, 0x81, 0x19, 0x24, 0x2A,
    0x04, 0x2A, 0x62, 0x11, 0x22, 0x11, 0x83, 0x19, 0x62, 0x19, 0x62, 0x19, 0xA3, 0x19, 0xE4, 0x21,
    0x24, 0x2A, 0xE4, 0x21, 0x82, 0x19, 0xA4, 0x19, 0xC4, 0x21, 0xC3, 0x21, 0xE3, 0x21, 0xC3, 0x21,
    0xC3, 0x21, 0x82, 0x19, 0x83, 0x19, 0x62, 0x11, 0x82, 0x19, 0x83, 0x19, 0x63, 0x19, 0x63, 0x19,
    0x01, 0x11, 0x42, 0x19, 0xA3, 0x21, 0xA3, 0x21, 0x62, 0x19, 0x21, 0x11, 0x62, 0x19, 0xC2, 0x21,
    0xC3, 0x21, 0xC3, 0x21, 0xA2, 0x21, 0xC3, 0x21, 0xE3, 0x29, 0xC2, 0x21, 0x03, 0x2A, 0x44, 0x32,
    0x44, 0x32, 0xE3, 0x29, 0x03, 0x2A, 0x24, 0x32, 0xA3, 0x21, 0x00, 0x09, 0x62, 0x19, 0x62, 0x19,
    0x01, 0x09, 0x01, 0x09, 0x01, 0x11, 0x22, 0x11, 0x22, 0x11, 0x01, 0x09, 0xE1, 0x08, 0xE1, 0x08,
    0xE1, 0x08, 0xC0, 0x00, 0xA1, 0x08, 0xC1, 0x08, 0x60, 0x00, 0xA1, 0x08, 0xA1, 0x00, 0xA1, 0x00,
    0xC1, 0x08, 0xC1, 0x08, 0x01, 0x09, 0x02, 0x11, 0x03, 0x11, 0x65, 0x29, 0x25, 0x31, 0x05, 0x31,
    0x04, 0x31, 0x04, 0x29, 0xE4, 0x28, 0xE3, 0x28, 0xE3, 0x28, 0xE3, 0x28, 0xE3, 0x28, 0xE3, 0x28,
    0x03, 0x29, 0x03, 0x29, 0x03, 0x29, 0x03, 0x29, 0x03, 0x29, 0x23, 0x31, 0x43, 0x31, 0x83, 0x31,
    0x83, 0x31, 0x83, 0x29, 0x83, 0x31, 0x83, 0x31, 0x83, 0x31, 0x83, 0x31, 0x83, 0x31, 0x83, 0x31,
    0x83, 0x31, 0xA3, 0x31, 0xA3, 0x31, 0xA3, 0x31, 0xA3, 0x31, 0xA3, 0x31, 0xA3, 0x31, 0x83, 0x31,
    0xA3, 0x31, 0xA3, 0x31, 0xA3, 0x31, 0xA3, 0x31, 0xA3, 0x31, 0xA3, 0x31, 0xA3, 0x31, 0xA3, 0x31,
    0xA3, 0x31, 0xA3, 0x31, 0xC3, 0x31, 0xC3, 0x31, 0xA3, 0x31, 0xC3, 0x31, 0xC3, 0x31, 0xC4, 0x31,
    0xC4, 0x31, 0xA3, 0x31, 0x83, 0x39, 0x63, 0x31, 0x43, 0x39, 0x43, 0x39, 0x43, 0x39, 0x43, 0x39,
    0x43, 0x39, 0x43, 0x39, 0x23, 0x31, 0x23, 0x31, 0x23, 0x39, 0x24, 0x39, 0x44, 0x39, 0x85, 0x41,
    0xA5, 0x49, 0xC6, 0x51, 0xC6, 0x59, 0xE6, 0x59, 0x06, 0x4A, 0xA3, 0x29, 0xA2, 0x21, 0x81, 0x19,
    0x81, 0x19, 0xA2, 0x21, 0xA2, 0x21, 0xA2, 0x21, 0xA2, 0x21, 0xC2, 0x21, 0xC2, 0x21, 0xC2, 0x21,
    0xA2, 0x21, 0xC2, 0x21, 0xA2, 0x21, 0xE2, 0x29, 0x03, 0x2A, 0x03, 0x2A, 0x23, 0x2A, 0xE2, 0x29,
    0xE2, 0x29, 0x23, 0x32, 0x23, 0x32, 0x23, 0x32, 0x03, 0x32, 0x02, 0x2A, 0x02, 0x32, 0x43, 0x32,
    0x63, 0x3A, 0x43, 0x32, 0x23, 0x32, 0x43, 0x32, 0x02, 0x2A, 0x02, 0x2A, 0x63, 0x32, 0x02, 0x2A,
    0x24, 0x32, 0x03, 0x2A, 0xE3, 0x21, 0xC2, 0x21, 0xC2, 0x21, 0xE3, 0x29, 0xE3, 0x29, 0xE3, 0x29,
    0x44, 0x32, 0x23, 0x32, 0x23, 0x32, 0x43, 0x3A, 0x23, 0x32, 0x22, 0x2A, 0x43, 0x32, 0x44, 0x32,
    0x24, 0x32, 0x44, 0x32, 0x24, 0x32, 0x04, 0x32, 0x04, 0x2A, 0x03, 0x2A, 0x44, 0x3A, 0x44, 0x42,
    0x24, 0x42, 0x44, 0x42, 0x66, 0x4A, 0xAA, 0x52, 0x8A, 0x42, 0x8B, 0x42, 0xAC, 0x42, 0x8B, 0x42,
    0x8B, 0x42, 0xAC, 0x42, 0xAC, 0x4A, 0x8B, 0x42, 0x6B, 0x3A, 0x4B, 0x3A, 0x09, 0x2A, 0xE9, 0x29,
    0xC7, 0x29, 0xE5, 0x31, 0xC4, 0x29, 0x04, 0x2A, 0x24, 0x2A, 0x24, 0x2A, 0x45, 0x2A, 0xE4, 0x21,
    0xE4, 0x21, 0xE4, 0x21, 0xE4, 0x21, 0x24, 0x2A, 0x23, 0x2A, 0x44, 0x2A, 0x65, 0x32, 0x85, 0x32,
    0x85, 0x32, 0xE7, 0x42, 0x85, 0x32, 0xE3, 0x21, 0xC3, 0x21, 0xC3, 0x29, 0x25, 0x42, 0x25, 0x42,
    0x83, 0x21, 0xA3, 0x21, 0x65, 0x32, 0x85, 0x32, 0xA5, 0x3A, 0xA5, 0x3A, 0xA6, 0x3A, 0x25, 0x2A,
    0x63, 0x19, 0x63, 0x11, 0x24, 0x2A, 0xC5, 0x3A, 0xA5, 0x3A, 0xA5, 0x3A, 0xC6, 0x3A, 0x85, 0x32,
    0x85, 0x32, 0xC6, 0x3A, 0xE6, 0x3A, 0xE6, 0x3A, 0xC5, 0x3A, 0x64, 0x32, 0x85, 0x32, 0xC6, 0x3A,
    0x82, 0x19, 0xC3, 0x21, 0xE3, 0x21, 0xA2, 0x19, 0xC2, 0x21, 0xC2, 0x21, 0x04, 0x2A, 0xC3, 0x21,
    0xA3, 0x19, 0x04, 0x22, 0xC3, 0x19, 0x00, 0x09, 0x62, 0x11, 0x61, 0x11, 0x41, 0x11, 0x82, 0x11,
    0x62, 0x11, 0x24, 0x2A, 0xC2, 0x21, 0x82, 0x19, 0x62, 0x11, 0x82, 0x19, 0x23, 0x2A, 0x24, 0x2A,
    0xC3, 0x21, 0xE3, 0x21, 0x04, 0x2A, 0x04, 0x2A, 0x24, 0x2A, 0x85, 0x3A, 0xE3, 0x21, 0xA2, 0x19,
    0xE3, 0x21, 0xE3, 0x21, 0xE3, 0x21, 0xC3, 0x19, 0xA3, 0x19, 0x61, 0x11, 0x82, 0x11, 0xC3, 0x21,
    0xC3, 0x21, 0x62, 0x11, 0x83, 0x19, 0xC3, 0x21, 0x82, 0x19, 0xE4, 0x21, 0xE4, 0x21, 0xA4, 0x19,
    0xE3, 0x08, 0x67, 0x19, 0xE9, 0x29, 0x4A, 0x3A, 0x69, 0x42, 0x26, 0x32, 0xA2, 0x19, 0x03, 0x22,
    0x45, 0x32, 0xE4, 0x21, 0xA3, 0x19, 0xE4, 0x21, 0xE4, 0x29, 0xC4, 0x29, 0x82, 0x19, 0x62, 0x19,
    0xA3, 0x19, 0xC3, 0x21, 0xA3, 0x19, 0x83, 0x19, 0x62, 0x11, 0x82, 0x19, 0xC3, 0x19, 0x82, 0x19,
    0xC3, 0x21, 0x62, 0x19, 0xA3, 0x21, 0xA3, 0x19, 0x62, 0x11, 0x22, 0x11, 0x02, 0x11, 0x01, 0x09,
    0xE1, 0x08, 0xE1, 0x08, 0xE0, 0x08, 0x41, 0x19, 0xC3, 0x21, 0x41, 0x11, 0x41, 0x11, 0x03, 0x2A,
    0x03, 0x2A, 0xE3, 0x21, 0xA3, 0x21, 0xE3, 0x29, 0x04, 0x2A, 0x04, 0x32, 0x24, 0x32, 0x03, 0x2A,
    0xC2, 0x21, 0x03, 0x2A, 0x24, 0x32, 0xA2, 0x21, 0xE4, 0x29, 0x62, 0x19, 0xE0, 0x08, 0x62, 0x19,
    0x01, 0x11, 0xC0, 0x08, 0xC0, 0x08, 0xC0, 0x00, 0x01, 0x09, 0xE1, 0x08, 0xC1, 0x08, 0xE1, 0x08,
    0xE1, 0x08, 0xC1, 0x08, 0x80, 0x00, 0xC1, 0x08, 0x81, 0x00, 0x60, 0x00, 0xA1, 0x08, 0x81, 0x00,
    0xA1, 0x08, 0xC1, 0x08, 0x01, 0x09, 0x02, 0x11, 0x02, 0x11, 0x45, 0x21, 0x45, 0x31, 0x05, 0x31,
    0x05, 0x31, 0x04, 0x29, 0x04, 0x31, 0xE4, 0x28, 0x03, 0x29, 0x03, 0x29, 0xE3, 0x28, 0xE2, 0x28,
    0xE2, 0x28, 0xE2, 0x28, 0x02, 0x29, 0x02, 0x29, 0x03, 0x29, 0x03, 0x31, 0x02, 0x29, 0x43, 0x31,
    0x63, 0x31, 0x83, 0x29, 0x83, 0x29, 0x83, 0x31, 0x83, 0x31, 0x83, 0x31, 0x83, 0x31, 0x83, 0x31,
    0x83, 0x31, 0x83, 0x31, 0xA3, 0x31, 0xA3, 0x31, 0xA3, 0x31, 0xA3, 0x31, 0xA3, 0x31, 0xA3, 0x31,
    0xA3, 0x31, 0xA3, 0x31, 0xA3, 0x31, 0xA3, 0x31, 0xA3, 0x31, 0xA3, 0x31, 0xA3, 0x31, 0xA3, 0x31,
    0xA3, 0x31, 0xA3, 0x31, 0xA3, 0x31, 0xA3, 0x31, 0xA3, 0x31, 0xA3, 0x31, 0xA3, 0x31, 0xA3, 0x39,
    0x83, 0x31, 0x63, 0x31, 0x43, 0x31, 0x43, 0x39, 0x43, 0x39, 0x43, 0x39, 0x43, 0x39, 0x23, 0x31,
    0x03, 0x31, 0x03, 0x31, 0x03, 0x31, 0x03, 0x31, 0x24, 0x39, 0x44, 0x41, 0x85, 0x49, 0xA5, 0x51,
    0xA5, 0x51, 0xC6, 0x51, 0xE6, 0x51, 0x06, 0x52, 0xC4, 0x39, 0x41, 0x19, 0x82, 0x19, 0x82, 0x19,
    0xA2, 0x21, 0xC2, 0x21, 0xA2, 0x21, 0xA2, 0x21, 0xE2, 0x29, 0xA2, 0x21, 0x81, 0x19, 0x81, 0x19,
    0xE2, 0x29, 0xE2, 0x29, 0xE2, 0x21, 0x03, 0x2A, 0x03, 0x2A, 0x23, 0x32, 0x44, 0x32, 0x24, 0x32,
    0x44, 0x32, 0x43, 0x32, 0x64, 0x3A, 0x84, 0x3A, 0x23, 0x32, 0x43, 0x32, 0x43, 0x32, 0x43, 0x32,
    0x02, 0x2A, 0x43, 0x32, 0x23, 0x2A, 0x23, 0x2A, 0x43, 0x32, 0xA4, 0x3A, 0x84, 0x3A, 0xE2, 0x21,
    0xC2, 0x21, 0x03, 0x2A, 0xE3, 0x21, 0x04, 0x2A, 0x24, 0x2A, 0x23, 0x2A, 0xE3, 0x29, 0xA2, 0x21,
    0xC2, 0x21, 0x03, 0x2A, 0x03, 0x2A, 0x02, 0x32, 0x22, 0x32, 0x23, 0x32, 0x02, 0x2A, 0x43, 0x32,
    0x64, 0x32, 0x44, 0x32, 0x44, 0x32, 0x24, 0x32, 0x24, 0x32, 0x44, 0x32, 0x84, 0x3A, 0x64, 0x3A,
    0x84, 0x3A, 0x84, 0x3A, 0x24, 0x3A, 0x27, 0x32, 0x08, 0x2A, 0x09, 0x32, 0x29, 0x32, 0x4A, 0x3A,
    0x29, 0x32, 0x29, 0x32, 0x4A, 0x3A, 0x6A, 0x3A, 0x4A, 0x32, 0x2A, 0x32, 0x2A, 0x32, 0xC8, 0x21,
    0x85, 0x19, 0x83, 0x19, 0x83, 0x19, 0xC3, 0x19, 0x04, 0x22, 0x04, 0x2A, 0xE4, 0x21, 0xC4, 0x21,
    0x82, 0x19, 0x62, 0x11, 0xE4, 0x21, 0x24, 0x2A, 0x64, 0x32, 0x65, 0x32, 0x65, 0x32, 0x65, 0x32,
    0x65, 0x32, 0x44, 0x2A, 0x85, 0x3A, 0x44, 0x2A, 0xE3, 0x21, 0xE4, 0x21, 0xC3, 0x21, 0x62, 0x19,
    0x62, 0x19, 0x24, 0x2A, 0x85, 0x32, 0xC6, 0x3A, 0x86, 0x3A, 0x65, 0x32, 0x03, 0x2A, 0x24, 0x32,
    0xE4, 0x29, 0x24, 0x2A, 0x85, 0x3A, 0x85, 0x3A, 0x44, 0x2A, 0x65, 0x32, 0x24, 0x2A, 0xE3, 0x21,
    0x24, 0x2A, 0x65, 0x32, 0xC6, 0x3A, 0xC6, 0x3A, 0x85, 0x32, 0x65, 0x32, 0x64, 0x32, 0x44, 0x2A,
    0xE3, 0x21, 0xE3, 0x21, 0x04, 0x2A, 0xC3, 0x21, 0xE4, 0x29, 0xC2, 0x19, 0xC3, 0x21, 0x04, 0x2A,
    0x62, 0x11, 0x41, 0x11, 0x04, 0x2A, 0x82, 0x19, 0x82, 0x11, 0xE4, 0x29, 0xE4, 0x21, 0xC4, 0x21,
    0x42, 0x11, 0xE3, 0x21, 0x24, 0x2A, 0xA2, 0x19, 0x62, 0x11, 0xE3, 0x21, 0x44, 0x32, 0xC3, 0x21,
    0x82, 0x19, 0xE3, 0x21, 0xE3, 0x21, 0xE4, 0x21, 0xA2, 0x19, 0x03, 0x2A, 0x85, 0x32, 0x03, 0x22,
    0xA2, 0x19, 0x03, 0x22, 0x03, 0x22, 0x04, 0x2A, 0xE3, 0x21, 0xC3, 0x21, 0xC3, 0x21, 0x83, 0x19,
    0x62, 0x11, 0xC4, 0x21, 0x04, 0x2A, 0xE4, 0x21, 0xA3, 0x19, 0xA3, 0x19, 0xE4, 0x21, 0x05, 0x2A,
    0xE2, 0x08, 0xA2, 0x00, 0xE4, 0x08, 0x03, 0x11, 0x63, 0x21, 0x04, 0x2A, 0xE3, 0x21, 0xC2, 0x21,
    0x03, 0x2A, 0x04, 0x2A, 0xA3, 0x19, 0xA3, 0x21, 0x04, 0x2A, 0xC3, 0x21, 0xE4, 0x21, 0xC3, 0x21,
    0xC3, 0x21, 0x82, 0x19, 0xA3, 0x19, 0x83, 0x19, 0x83, 0x19, 0xA3, 0x19, 0xE4, 0x21, 0xC3, 0x21,
    0xE4, 0x29, 0xA3, 0x21, 0xA3, 0x21, 0x83, 0x19, 0x62, 0x11, 0x63, 0x19, 0x22, 0x11, 0x01, 0x09,
    0x63, 0x19, 0x63, 0x19, 0x01, 0x11, 0x62, 0x19, 0xC3, 0x21, 0x41, 0x11, 0x41, 0x11, 0x61, 0x19,
    0xC3, 0x21, 0xC3, 0x21, 0xC3, 0x21, 0xE4, 0x29, 0xC3, 0x21, 0x04, 0x2A, 0x24, 0x32, 0xC3, 0x29,
    0xC3, 0x29, 0x04, 0x32, 0x24, 0x32, 0x24, 0x32, 0xC3, 0x29, 0xE4, 0x29, 0x62, 0x19, 0x62, 0x19,
    0x42, 0x11, 0x21, 0x11, 0x01, 0x09, 0xE1, 0x08, 0xE1, 0x08, 0xC1, 0x08, 0xC1, 0x08, 0xE1, 0x08,
    0xC1, 0x08, 0xA1, 0x00, 0x60, 0x00, 0x81, 0x00, 0xA1, 0x08, 0x60, 0x00, 0x81, 0x00, 0xA1, 0x00,
    0x81, 0x00, 0xC1, 0x08, 0x02, 0x11, 0x02, 0x09, 0x02, 0x09, 0x44, 0x21, 0x45, 0x29, 0x05, 0x31,
    0x25, 0x31, 0x04, 0x31, 0x04, 0x31, 0x04, 0x31, 0x04, 0x29, 0x04, 0x29, 0xE3, 0x28, 0xE3, 0x28,
    0x03, 0x29, 0xE3, 0x28, 0xE2, 0x28, 0xE2, 0x28, 0xE2, 0x28, 0x02, 0x29, 0x02, 0x29, 0x02, 0x29,
    0x02, 0x29, 0x63, 0x29, 0x63, 0x31, 0x83, 0x31, 0x83, 0x31, 0x83, 0x31, 0x83, 0x29, 0x83, 0x29,
    0x83, 0x29, 0x83, 0x29, 0x83, 0x31, 0xA3, 0x31, 0xA3, 0x31, 0xA3, 0x31, 0xA3, 0x31, 0x83, 0x29,
    0xA3, 0x31, 0xA3, 0x31, 0xA3, 0x31, 0xA3, 0x31, 0xA3, 0x31, 0xA3, 0x31, 0xA3, 0x31, 0xA3, 0x31,
    0xA3, 0x31, 0xA3, 0x31, 0xA3, 0x31, 0xA3, 0x31, 0xA3, 0x31, 0xA3, 0x31, 0x83, 0x31, 0x63, 0x31,
    0x43, 0x31, 0x43, 0x31, 0x43, 0x39, 0x43, 0x39, 0x23, 0x39, 0x02, 0x31, 0x02, 0x31, 0x03, 0x31,
    0x03, 0x31, 0x03, 0x31, 0x23, 0x31, 0x44, 0x39, 0x64, 0x41, 0x85, 0x49, 0xA5, 0x51, 0xC6, 0x59,
    0xE6, 0x59, 0xC6, 0x51, 0xE6, 0x59, 0x07, 0x52, 0x83, 0x29, 0x01, 0x11, 0x41, 0x11, 0xA2, 0x19,
    0xA2, 0x21, 0xC2, 0x21, 0xC2, 0x21, 0xC2, 0x21, 0xC2, 0x21, 0xA2, 0x21, 0xC2, 0x21, 0xE3, 0x29,
    0xE2, 0x29, 0xC2, 0x21, 0x03, 0x2A, 0xC2, 0x21, 0x03, 0x2A, 0x03, 0x2A, 0x03, 0x2A, 0x03, 0x2A,
    0xC2, 0x21, 0xE2, 0x21, 0x64, 0x3A, 0xA5, 0x42, 0x22, 0x32, 0x43, 0x32, 0x64, 0x32, 0x43, 0x32,
    0x02, 0x2A, 0x03, 0x2A, 0xE2, 0x29, 0xE2, 0x29, 0x63, 0x32, 0xA4, 0x42, 0x84, 0x3A, 0x43, 0x32,
    0xE3, 0x21, 0xE3, 0x21, 0x23, 0x2A, 0x04, 0x2A, 0xE3, 0x29, 0x03, 0x2A, 0xE3, 0x29, 0x03, 0x2A,
    0x23, 0x32, 0xE2, 0x21, 0xE2, 0x29, 0x43, 0x3A, 0x63, 0x3A, 0x23, 0x32, 0x23, 0x32, 0x64, 0x32,
    0x84, 0x3A, 0x63, 0x3A, 0x23, 0x32, 0x44, 0x3A, 0x44, 0x3A, 0x64, 0x3A, 0x64, 0x3A, 0x84, 0x42,
    0x64, 0x3A, 0x63, 0x3A, 0x44, 0x3A, 0x06, 0x32, 0xE7, 0x29, 0xE8, 0x29, 0xC8, 0x29, 0x08, 0x32,
    0x4A, 0x32, 0x29, 0x32, 0x29, 0x32, 0xC8, 0x21, 0x87, 0x21, 0xC8, 0x29, 0x67, 0x19, 0x66, 0x11,
    0x44, 0x11, 0x62, 0x11, 0x83, 0x19, 0xC3, 0x19, 0xE3, 0x21, 0xA3, 0x19, 0x82, 0x19, 0x82, 0x19,
    0xC4, 0x21, 0x05, 0x2A, 0xE4, 0x21, 0x44, 0x2A, 0x24, 0x2A, 0x45, 0x32, 0x65, 0x32, 0x03, 0x22,
    0xC3, 0x21, 0x65, 0x32, 0x84, 0x32, 0x85, 0x32, 0x24, 0x2A, 0x04, 0x22, 0x45, 0x32, 0x44, 0x2A,
    0x85, 0x3A, 0x44, 0x32, 0x44, 0x32, 0x65, 0x32, 0x04, 0x2A, 0xE3, 0x29, 0x65, 0x32, 0x85, 0x3A,
    0x45, 0x32, 0x65, 0x32, 0x44, 0x32, 0x65, 0x32, 0x65, 0x32, 0xA6, 0x3A, 0xA6, 0x3A, 0x24, 0x2A,
    0x24, 0x2A, 0x45, 0x2A, 0x24, 0x2A, 0x65, 0x2A, 0x45, 0x2A, 0x24, 0x2A, 0x85, 0x32, 0xA6, 0x3A,
    0x04, 0x22, 0xE3, 0x21, 0xE3, 0x21, 0x62, 0x11, 0xC3, 0x21, 0xE4, 0x21, 0x82, 0x19, 0xC3, 0x21,
    0xA3, 0x19, 0xA3, 0x19, 0x04, 0x2A, 0x45, 0x32, 0xC2, 0x21, 0x04, 0x2A, 0xE3, 0x21, 0x82, 0x19,
    0x82, 0x19, 0xA2, 0x19, 0x44, 0x32, 0x44, 0x2A, 0x82, 0x11, 0x21, 0x09, 0x62, 0x11, 0x62, 0x19,
    0x41, 0x11, 0x82, 0x19, 0xA3, 0x21, 0xE3, 0x21, 0x04, 0x2A, 0x04, 0x2A, 0x03, 0x2A, 0x03, 0x2A,
    0x44, 0x32, 0x44, 0x2A, 0xA2, 0x19, 0xC3, 0x21, 0xA3, 0x19, 0xC3, 0x21, 0xC4, 0x21, 0xA4, 0x21,
    0x63, 0x19, 0x63, 0x19, 0x42, 0x11, 0x42, 0x11, 0xA3, 0x21, 0x62, 0x11, 0x62, 0x11, 0x04, 0x2A,
    0xA3, 0x21, 0x43, 0x19, 0x02, 0x11, 0x02, 0x11, 0x62, 0x19, 0xA2, 0x19, 0x03, 0x22, 0x03, 0x2A,
    0xE3, 0x21, 0x03, 0x2A, 0xC3, 0x21, 0x62, 0x19, 0xA3, 0x21, 0xA3, 0x19, 0xC3, 0x21, 0xE4, 0x21,
    0xC3, 0x21, 0xA3, 0x19, 0x62, 0x11, 0x82, 0x19, 0xC4, 0x21, 0xC4, 0x21, 0xE4, 0x29, 0xE4, 0x29,
    0xE4, 0x29, 0xC3, 0x21, 0x82, 0x19, 0x62, 0x19, 0x42, 0x11, 0x01, 0x09, 0x22, 0x11, 0x42, 0x11,
    0x62, 0x19, 0xA3, 0x21, 0xA3, 0x21, 0xE3, 0x21, 0xC3, 0x21, 0xC3, 0x21, 0x82, 0x19, 0x41, 0x11,
    0xA3, 0x21, 0x24, 0x32, 0x03, 0x2A, 0xC3, 0x21, 0xE4, 0x29, 0xC3, 0x21, 0xC3, 0x29, 0xE3, 0x29,
    0xC3, 0x29, 0x04, 0x32, 0x04, 0x32, 0x04, 0x32, 0x03, 0x2A, 0x03, 0x2A, 0x25, 0x32, 0x62, 0x19,
    0xE1, 0x08, 0x42, 0x19, 0x42, 0x11, 0x01, 0x09, 0xC1, 0x00, 0xA1, 0x08, 0x80, 0x00, 0xC1, 0x08,
    0x60, 0x00, 0x81, 0x00, 0x81, 0x00, 0x60, 0x00, 0x81, 0x00, 0x81, 0x00, 0x81, 0x00, 0xA1, 0x08,
    0x81, 0x00, 0xA1, 0x00, 0xC1, 0x08, 0x02, 0x09, 0xE1, 0x08, 0x03, 0x19, 0x45, 0x29, 0x25, 0x31,
    0x05, 0x31, 0x04, 0x29, 0x04, 0x31, 0x04, 0x29, 0x04, 0x29, 0x04, 0x29, 0x04, 0x29, 0xE3, 0x28,
    0x03, 0x29, 0x03, 0x31, 0x03, 0x31, 0x03, 0x29, 0xE2, 0x28, 0xE2, 0x28, 0xE2, 0x28, 0xE2, 0x28,
    0xE2, 0x28, 0x02, 0x29, 0x22, 0x29, 0x42, 0x29, 0x62, 0x29, 0x63, 0x31, 0x62, 0x29, 0x82, 0x29,
    0xA2, 0x29, 0x82, 0x29, 0x83, 0x31, 0x82, 0x29, 0x82, 0x29, 0x82, 0x29, 0x82, 0x31, 0xA2, 0x31,
    0xA3, 0x31, 0x83, 0x31, 0x83, 0x31, 0x83, 0x31, 0x83, 0x31, 0x82, 0x29, 0x82, 0x31, 0xA2, 0x31,
    0xA2, 0x31, 0xA3, 0x31, 0x83, 0x31, 0x82, 0x31, 0x63, 0x31, 0x42, 0x31, 0x42, 0x31, 0x42, 0x31,
    0x42, 0x31, 0x43, 0x31, 0x22, 0x31, 0x02, 0x29, 0xE2, 0x28, 0xE2, 0x28, 0x03, 0x29, 0x03, 0x31,
    0x03, 0x31, 0x23, 0x39, 0x44, 0x39, 0x64, 0x41, 0x85, 0x49, 0xA5, 0x51, 0xA5, 0x51, 0xE6, 0x61,
    0xE7, 0x61, 0xC6, 0x59, 0xE6, 0x59, 0xE6, 0x49, 0x63, 0x29, 0x82, 0x19, 0x41, 0x11, 0x21, 0x11,
    0x41, 0x11, 0x82, 0x19, 0x82, 0x19, 0x81, 0x19, 0xA2, 0x21, 0xE3, 0x21, 0xC2, 0x21, 0xA2, 0x19,
    0x82, 0x19, 0x81, 0x19, 0xE2, 0x21, 0x03, 0x2A, 0x03, 0x2A, 0xE3, 0x29, 0xA2, 0x21, 0xA2, 0x21,
    0xE3, 0x29, 0x03, 0x2A, 0x23, 0x32, 0x64, 0x32, 0xA4, 0x3A, 0x84, 0x3A, 0xA5, 0x3A, 0x84, 0x3A,
    0x23, 0x32, 0x02, 0x2A, 0x63, 0x3A, 0x63, 0x3A, 0x84, 0x3A, 0x23, 0x2A, 0xA2, 0x21, 0xA2, 0x21,
    0xC2, 0x21, 0x03, 0x2A, 0x03, 0x2A, 0x03, 0x2A, 0xE3, 0x21, 0x02, 0x22, 0x03, 0x2A, 0x23, 0x32,
    0x43, 0x32, 0x64, 0x32, 0x64, 0x3A, 0x63, 0x3A, 0x43, 0x32, 0x44, 0x32, 0x23, 0x32, 0x63, 0x3A,
    0x84, 0x3A, 0x84, 0x3A, 0x64, 0x3A, 0x84, 0x42, 0x84, 0x3A, 0xA4, 0x42, 0x64, 0x3A, 0x64, 0x3A,
    0x84, 0x42, 0xA4, 0x42, 0x64, 0x3A, 0xE4, 0x29, 0x85, 0x21, 0xC7, 0x29, 0xC7, 0x21, 0x66, 0x19,
    0x46, 0x19, 0xC7, 0x21, 0xA7, 0x21, 0xA7, 0x21, 0xA7, 0x21, 0x46, 0x19, 0x05, 0x11, 0xC3, 0x00,
    0xC1, 0x00, 0xA3, 0x19, 0xE4, 0x21, 0xC3, 0x21, 0xE3, 0x21, 0xE4, 0x21, 0xC3, 0x21, 0xA3, 0x19,
    0xE4, 0x21, 0x04, 0x2A, 0xE3, 0x21, 0x24, 0x2A, 0x85, 0x32, 0x04, 0x2A, 0xA3, 0x19, 0x45, 0x2A,
    0x44, 0x2A, 0x64, 0x32, 0x85, 0x32, 0x64, 0x32, 0xA5, 0x3A, 0x45, 0x32, 0xA3, 0x21, 0xE3, 0x29,
    0x85, 0x3A, 0x85, 0x42, 0xE7, 0x4A, 0x69, 0x63, 0xCB, 0x6B, 0xAA, 0x63, 0x69, 0x5B, 0x29, 0x5B,
    0x08, 0x53, 0xC7, 0x4A, 0x45, 0x3A, 0xE3, 0x29, 0x24, 0x2A, 0x25, 0x2A, 0x85, 0x32, 0xA6, 0x3A,
    0xA6, 0x3A, 0x86, 0x3A, 0x04, 0x2A, 0x04, 0x22, 0x86, 0x32, 0x04, 0x22, 0x24, 0x2A, 0x86, 0x3A,
    0x41, 0x11, 0x41, 0x11, 0x82, 0x19, 0xA2, 0x19, 0x82, 0x19, 0xC3, 0x21, 0xA2, 0x19, 0x82, 0x19,
    0x62, 0x11, 0x82, 0x19, 0xC3, 0x21, 0x04, 0x2A, 0x03, 0x22, 0x03, 0x22, 0xA3, 0x19, 0xE4, 0x21,
    0xC3, 0x21, 0xC3, 0x21, 0xE3, 0x21, 0xE3, 0x21, 0xC3, 0x21, 0x61, 0x11, 0x82, 0x19, 0xA3, 0x19,
    0xA3, 0x19, 0xE3, 0x29, 0xE3, 0x21, 0xE3, 0x21, 0xC3, 0x21, 0xC3, 0x21, 0x04, 0x22, 0xC3, 0x21,
    0x44, 0x2A, 0xE3, 0x21, 0x82, 0x19, 0xA3, 0x21, 0x26, 0x32, 0x89, 0x3A, 0x2C, 0x53, 0xEF, 0x6B,
    0x51, 0x7C, 0x10, 0x74, 0xCF, 0x6B, 0x0B, 0x53, 0x27, 0x32, 0x63, 0x19, 0x42, 0x11, 0x83, 0x19,
    0x83, 0x19, 0x42, 0x19, 0x42, 0x19, 0x62, 0x19, 0xA2, 0x21, 0xC2, 0x21, 0x03, 0x2A, 0xE3, 0x21,
    0xE2, 0x21, 0x44, 0x2A, 0xE4, 0x29, 0xA3, 0x19, 0x82, 0x19, 0x82, 0x19, 0xA3, 0x19, 0xC3, 0x21,
    0xE4, 0x21, 0x83, 0x19, 0xA3, 0x19, 0xE4, 0x21, 0xA3, 0x19, 0x82, 0x19, 0x62, 0x19, 0x21, 0x11,
    0x62, 0x19, 0xA3, 0x21, 0x62, 0x19, 0x42, 0x11, 0x42, 0x11, 0x83, 0x19, 0xC3, 0x21, 0x82, 0x19,
    0x21, 0x09, 0x82, 0x19, 0x82, 0x19, 0xC0, 0x00, 0x21, 0x11, 0x82, 0x19, 0x82, 0x21, 0xA3, 0x21,
    0xA3, 0x21, 0xC2, 0x21, 0xA2, 0x21, 0xA3, 0x21, 0xC3, 0x21, 0xA2, 0x21, 0x82, 0x21, 0xA3, 0x21,
    0xC3, 0x29, 0xA3, 0x21, 0x24, 0x32, 0xC3, 0x29, 0x24, 0x32, 0x04, 0x32, 0x45, 0x32, 0xA3, 0x21,
    0xC0, 0x08, 0xC0, 0x08, 0xE1, 0x08, 0xC1, 0x00, 0xA0, 0x00, 0x80, 0x00, 0x60, 0x00, 0x81, 0x00,
    0xA1, 0x00, 0xC1, 0x08, 0xA1, 0x00, 0x81, 0x00, 0x60, 0x00, 0x60, 0x00, 0x81, 0x00, 0xA1, 0x00,
    0x60, 0x00, 0xA1, 0x08, 0xA1, 0x00, 0xE1, 0x08, 0x01, 0x09, 0xE2, 0x10, 0x45, 0x29, 0x05, 0x29,
    0x04, 0x31, 0x04, 0x29, 0x04, 0x31, 0x04, 0x29, 0x04, 0x31, 0x04, 0x31, 0x04, 0x29, 0xE3, 0x28,
    0x03, 0x31, 0x03, 0x31, 0x03, 0x31, 0x03, 0x29, 0xE2, 0x28, 0xE2, 0x28, 0xE2, 0x28, 0xE2, 0x28,
    0xE2, 0x28, 0xE1, 0x28, 0xE2, 0x28, 0x02, 0x29, 0x02, 0x29, 0x22, 0x29, 0x42, 0x29, 0x42, 0x29,
    0x63, 0x31, 0x63, 0x31, 0x63, 0x31, 0x83, 0x31, 0x83, 0x29, 0x82, 0x29, 0x82, 0x29, 0x82, 0x29,
    0xA2, 0x29, 0xA2, 0x29, 0x82, 0x29, 0x82, 0x29, 0x82, 0x29, 0x82, 0x31, 0x82, 0x31, 0x83, 0x31,
    0x83, 0x31, 0x62, 0x31, 0x42, 0x31, 0x42, 0x31, 0x22, 0x31, 0x22, 0x31, 0x22, 0x31, 0x02, 0x29,
    0x02, 0x29, 0x02, 0x29, 0xE2, 0x28, 0x02, 0x29, 0xE2, 0x30, 0x03, 0x29, 0x03, 0x29, 0x03, 0x31,
    0x23, 0x39, 0x24, 0x39, 0x64, 0x41, 0x85, 0x49, 0x85, 0x51, 0xA5, 0x59, 0xC6, 0x59, 0xE6, 0x61,
    0xC6, 0x59, 0xE7, 0x61, 0x07, 0x5A, 0xC5, 0x41, 0x22, 0x19, 0x42, 0x11, 0x01, 0x09, 0x01, 0x09,
    0x42, 0x11, 0x82, 0x19, 0x41, 0x11, 0x41, 0x11, 0x82, 0x19, 0xA2, 0x21, 0x61, 0x11, 0x82, 0x19,
    0xA3, 0x21, 0xC3, 0x21, 0xA2, 0x21, 0x81, 0x19, 0x82, 0x19, 0xA2, 0x21, 0xE3, 0x29, 0xA2, 0x21,
    0xC2, 0x21, 0xC2, 0x21, 0xE2, 0x29, 0x43, 0x32, 0x84, 0x3A, 0x43, 0x32, 0x02, 0x2A, 0xE2, 0x29,
    0x23, 0x32, 0x43, 0x32, 0x64, 0x32, 0x64, 0x32, 0xE2, 0x29, 0xA1, 0x21, 0xA2, 0x21, 0x04, 0x2A,
    0xE3, 0x29, 0xA2, 0x21, 0x82, 0x19, 0x61, 0x19, 0xE2, 0x21, 0x44, 0x2A, 0x64, 0x32, 0x64, 0x32,
    0x84, 0x3A, 0x64, 0x3A, 0x43, 0x32, 0x63, 0x32, 0x84, 0x3A, 0x84, 0x3A, 0x64, 0x3A, 0x84, 0x3A,
    0x84, 0x3A, 0x84, 0x3A, 0x63, 0x3A, 0x63, 0x3A, 0x84, 0x42, 0xA4, 0x42, 0x84, 0x3A, 0x84, 0x42,
    0x63, 0x3A, 0x83, 0x3A, 0xA5, 0x42, 0xE3, 0x29, 0x43, 0x19, 0x44, 0x19, 0x45, 0x19, 0x45, 0x19,
    0x46, 0x19, 0x46, 0x19, 0x46, 0x19, 0x87, 0x21, 0x66, 0x19, 0xC3, 0x08, 0xA2, 0x00, 0xC1, 0x00,
    0xA3, 0x19, 0x24, 0x2A, 0xE3, 0x21, 0xC3, 0x21, 0x82, 0x11, 0xC3, 0x21, 0xE4, 0x21, 0xE3, 0x21,
    0xC3, 0x19, 0x04, 0x2A, 0x65, 0x32, 0x23, 0x2A, 0x24, 0x2A, 0x65, 0x32, 0x24, 0x2A, 0x04, 0x22,
    0x03, 0x22, 0x44, 0x2A, 0x45, 0x32, 0x04, 0x2A, 0x44, 0x32, 0xE7, 0x4A, 0x49, 0x5B, 0x0C, 0x7C,
    0x8E, 0x8C, 0xAE, 0x8C, 0xEF, 0x9C, 0x10, 0x9D, 0xCF, 0x94, 0xCF, 0x94, 0xAE, 0x8C, 0xAF, 0x94,
    0xEF, 0x9C, 0xAE, 0x8C, 0x4D, 0x7C, 0xEB, 0x73, 0x08, 0x53, 0x45, 0x3A, 0x65, 0x32, 0x86, 0x3A,
    0x86, 0x3A, 0x45, 0x2A, 0xE3, 0x21, 0xC3, 0x19, 0x04, 0x22, 0x45, 0x2A, 0x45, 0x2A, 0x45, 0x2A,
    0x62, 0x19, 0xA3, 0x19, 0xC3, 0x21, 0xC3, 0x21, 0xA3, 0x19, 0xE3, 0x21, 0x04, 0x2A, 0xC3, 0x21,
    0x21, 0x09, 0x42, 0x11, 0x82, 0x19, 0x20, 0x09, 0xE3, 0x21, 0x24, 0x2A, 0xE3, 0x21, 0xC3, 0x21,
    0xE4, 0x21, 0xC3, 0x21, 0xA3, 0x21, 0xA2, 0x19, 0x24, 0x2A, 0xC3, 0x21, 0xA3, 0x19, 0xA3, 0x19,
    0xA3, 0x19, 0xE3, 0x21, 0xC3, 0x21, 0x61, 0x11, 0x82, 0x19, 0x82, 0x19, 0x04, 0x22, 0xA2, 0x19,
    0xC3, 0x21, 0x04, 0x2A, 0xC5, 0x21, 0x0C, 0x4B, 0xF1, 0x6B, 0x53, 0x7C, 0x53, 0x7C, 0x53, 0x7C,
    0x94, 0x84, 0x94, 0x8C, 0xD4, 0x94, 0x15, 0x95, 0xD3, 0x8C, 0x4C, 0x5B, 0x84, 0x21, 0x42, 0x19,
    0x42, 0x11, 0x01, 0x09, 0x41, 0x11, 0xE4, 0x29, 0x03, 0x2A, 0xA2, 0x19, 0xA2, 0x19, 0xE3, 0x21,
    0xA1, 0x19, 0xA1, 0x19, 0xC3, 0x21, 0xC3, 0x21, 0x04, 0x2A, 0xA2, 0x19, 0x62, 0x11, 0x62, 0x11,
    0x04, 0x2A, 0xC4, 0x21, 0x83, 0x19, 0xE4, 0x21, 0xC3, 0x21, 0x82, 0x19, 0xA3, 0x21, 0x21, 0x11,
    0x42, 0x19, 0x82, 0x19, 0x62, 0x19, 0x63, 0x19, 0x83, 0x19, 0x42, 0x11, 0x82, 0x19, 0xE4, 0x29,
    0xA3, 0x19, 0x82, 0x19, 0x82, 0x19, 0x82, 0x19, 0xC3, 0x21, 0x04, 0x2A, 0xA3, 0x21, 0xC3, 0x21,
    0xE3, 0x29, 0x04, 0x2A, 0xE4, 0x29, 0xA3, 0x21, 0xC3, 0x29, 0xE3, 0x29, 0xC3, 0x29, 0xA3, 0x21,
    0x82, 0x21, 0xA3, 0x21, 0xC3, 0x29, 0xE3, 0x29, 0xE4, 0x29, 0xE4, 0x29, 0x24, 0x32, 0x04, 0x32,
    0x21, 0x11, 0x80, 0x00, 0xA0, 0x00, 0xC1, 0x00, 0xC1, 0x08, 0x80, 0x00, 0x60, 0x00, 0x81, 0x00,
    0xA1, 0x00, 0xA1, 0x00, 0xA1, 0x00, 0xA1, 0x00, 0x81, 0x00, 0x81, 0x00, 0x60, 0x00, 0x81, 0x08,
    0x81, 0x00, 0xA1, 0x00, 0xA1, 0x00, 0xC1, 0x00, 0xE1, 0x08, 0x02, 0x11, 0x44, 0x21, 0x05, 0x29,
    0xE4, 0x28, 0x04, 0x31, 0x04, 0x31, 0x04, 0x31, 0x04, 0x31, 0x04, 0x31, 0x04, 0x29, 0x04, 0x31,
    0xE4, 0x28, 0xE3, 0x28, 0xE3, 0x28, 0xE3, 0x28, 0xE2, 0x28, 0xE2, 0x28, 0xE2, 0x28, 0xE2, 0x28,
    0xE2, 0x28, 0xE2, 0x28, 0xE2, 0x28, 0xE2, 0x28, 0xE1, 0x28, 0xE1, 0x28, 0xE1, 0x28, 0x02, 0x29,
    0x02, 0x29, 0x22, 0x29, 0x22, 0x29, 0x42, 0x29, 0x42, 0x29, 0x62, 0x29, 0x62, 0x29, 0x83, 0x31,
    0x62, 0x31, 0x62, 0x31, 0x42, 0x29, 0x42, 0x31, 0x42, 0x31, 0x42, 0x29, 0x42, 0x31, 0x22, 0x31,
    0x02, 0x29, 0x02, 0x29, 0xE2, 0x28, 0xE2, 0x28, 0xE1, 0x28, 0xE1, 0x28, 0xE2, 0x28, 0xE2, 0x28,
    0xE2, 0x28, 0xE2, 0x28, 0xE2, 0x28, 0xE2, 0x28, 0xE2, 0x30, 0x03, 0x31, 0x03, 0x31, 0x03, 0x31,
    0x44, 0x39, 0x65, 0x41, 0x65, 0x49, 0x64, 0x49, 0xA5, 0x51, 0xA5, 0x51, 0xC6, 0x61, 0xE6, 0x61,
    0xE6, 0x59, 0xC6, 0x59, 0xE6, 0x51, 0x84, 0x31, 0x21, 0x11, 0xE1, 0x08, 0xE1, 0x08, 0x01, 0x09,
    0x42, 0x11, 0x42, 0x11, 0x42, 0x11, 0x62, 0x19, 0x62, 0x19, 0x21, 0x11, 0x62, 0x11, 0x82, 0x19,
    0x83, 0x19, 0x82, 0x19, 0x82, 0x19, 0x62, 0x19, 0x41, 0x11, 0x82, 0x19, 0xE3, 0x29, 0xE3, 0x29,
    0x03, 0x2A, 0x03, 0x2A, 0xE2, 0x21, 0x02, 0x2A, 0x43, 0x32, 0x23, 0x32, 0x23, 0x2A, 0x43, 0x32,
    0xA5, 0x3A, 0xA4, 0x3A, 0x63, 0x32, 0xE2, 0x29, 0x23, 0x32, 0xE6, 0x4A, 0xAA, 0x6B, 0x6D, 0x84,
    0x8D, 0x8C, 0x4C, 0x84, 0xCA, 0x73, 0x27, 0x53, 0x44, 0x32, 0x23, 0x2A, 0x43, 0x32, 0x84, 0x3A,
    0x84, 0x3A, 0xA4, 0x3A, 0x84, 0x3A, 0xA4, 0x3A, 0x84, 0x3A, 0x84, 0x3A, 0x84, 0x3A, 0x43, 0x32,
    0x43, 0x32, 0x43, 0x32, 0x84, 0x3A, 0x64, 0x3A, 0x63, 0x32, 0x64, 0x3A, 0x64, 0x3A, 0x84, 0x3A,
    0x63, 0x32, 0x43, 0x32, 0x23, 0x2A, 0x44, 0x32, 0xA2, 0x21, 0x02, 0x11, 0xE2, 0x08, 0xC2, 0x08,
    0xC2, 0x08, 0x82, 0x00, 0x82, 0x00, 0x82, 0x00, 0x81, 0x00, 0xC1, 0x08, 0x02, 0x09, 0xA3, 0x19,
    0x24, 0x2A, 0x03, 0x22, 0xE3, 0x21, 0xE4, 0x21, 0xA3, 0x19, 0xC3, 0x21, 0xE4, 0x21, 0x04, 0x2A,
    0x24, 0x2A, 0x24, 0x2A, 0x24, 0x2A, 0x44, 0x2A, 0x44, 0x32, 0x03, 0x2A, 0x44, 0x2A, 0x44, 0x2A,
    0xE3, 0x29, 0x45, 0x32, 0x86, 0x42, 0x48, 0x5B, 0x2C, 0x7C, 0xEF, 0x94, 0x0F, 0x9D, 0xF0, 0x9C,
    0xCF, 0x9C, 0xCF, 0x9C, 0xCF, 0x9C, 0x8E, 0x94, 0x8E, 0x8C, 0x8E, 0x8C, 0xAE, 0x94, 0x8E, 0x94,
    0x8E, 0x8C, 0xAF, 0x94, 0xCF, 0x94, 0xF0, 0x9C, 0xCF, 0x94, 0x6E, 0x84, 0xEB, 0x73, 0x49, 0x5B,
    0x66, 0x3A, 0x25, 0x2A, 0x25, 0x2A, 0x04, 0x22, 0x82, 0x19, 0x82, 0x19, 0x04, 0x2A, 0x04, 0x2A,
    0xE4, 0x29, 0xA3, 0x19, 0x22, 0x09, 0x83, 0x19, 0xE4, 0x21, 0xC3, 0x21, 0xA3, 0x19, 0xA3, 0x19,
    0x83, 0x19, 0x62, 0x11, 0xA3, 0x19, 0x83, 0x19, 0xA2, 0x19, 0xE3, 0x21, 0xA3, 0x21, 0x62, 0x19,
    0x83, 0x19, 0x42, 0x11, 0x42, 0x11, 0x01, 0x09, 0xA2, 0x21, 0xE3, 0x21, 0x82, 0x19, 0x82, 0x19,
    0x82, 0x19, 0xC3, 0x21, 0x04, 0x2A, 0xE3, 0x21, 0xC3, 0x21, 0xC3, 0x21, 0xA3, 0x19, 0xC4, 0x21,
    0x62, 0x11, 0xE6, 0x29, 0x6E, 0x5B, 0xF2, 0x6B, 0xF2, 0x6B, 0xB2, 0x63, 0x12, 0x74, 0x53, 0x7C,
    0x53, 0x7C, 0x73, 0x84, 0x93, 0x84, 0x93, 0x8C, 0xD4, 0x94, 0xF4, 0x94, 0x10, 0x74, 0x06, 0x32,
    0x22, 0x11, 0x63, 0x11, 0x82, 0x11, 0xC3, 0x19, 0xC3, 0x19, 0x82, 0x19, 0x81, 0x11, 0x03, 0x2A,
    0x23, 0x2A, 0xE3, 0x21, 0xC3, 0x21, 0xE4, 0x29, 0x04, 0x2A, 0x24, 0x2A, 0x04, 0x2A, 0x82, 0x19,
    0xC4, 0x21, 0xC4, 0x21, 0x21, 0x11, 0x82, 0x19, 0xE4, 0x29, 0xC3, 0x21, 0x83, 0x21, 0x83, 0x21,
    0xA3, 0x21, 0x83, 0x19, 0x83, 0x19, 0x42, 0x11, 0x01, 0x09, 0x01, 0x09, 0x21, 0x11, 0xA3, 0x21,
    0xA3, 0x19, 0xA3, 0x19, 0xC3, 0x21, 0xC3, 0x21, 0xA3, 0x21, 0xC3, 0x21, 0x82, 0x19, 0x21, 0x11,
    0x62, 0x19, 0xA2, 0x21, 0xC3, 0x29, 0xC3, 0x21, 0x82, 0x21, 0xC3, 0x29, 0xA2, 0x21, 0xC4, 0x29,
    0x62, 0x19, 0x82, 0x21, 0xC3, 0x29, 0xC3, 0x29, 0xA3, 0x21, 0xE3, 0x29, 0x04, 0x2A, 0x45, 0x32,
    0xA3, 0x21, 0x80, 0x00, 0xA0, 0x00, 0xC1, 0x00, 0xC1, 0x08, 0xA1, 0x08, 0x80, 0x00, 0xA1, 0x08,
    0x80, 0x00, 0xA1, 0x00, 0xA1, 0x00, 0xA1, 0x00, 0xA1, 0x08, 0x81, 0x00, 0x40, 0x00, 0x60, 0x00,
    0xA1, 0x08, 0x81, 0x00, 0xA1, 0x00, 0xC0, 0x00, 0xE1, 0x00, 0x01, 0x09, 0x23, 0x19, 0x25, 0x29,
    0xE4, 0x28, 0x04, 0x31, 0x04, 0x29, 0xE3, 0x28, 0x04, 0x29, 0x04, 0x29, 0x04, 0x29, 0x04, 0x31,
    0xE3, 0x28, 0xE3, 0x28, 0xE3, 0x28, 0xE3, 0x28, 0xC2, 0x28, 0xE2, 0x28, 0xE2, 0x28, 0xE2, 0x28,
    0xE2, 0x28, 0xE2, 0x28, 0xE2, 0x28, 0xE2, 0x28, 0xC2, 0x28, 0xC1, 0x20, 0xC1, 0x20, 0xC1, 0x20,
    0xC1, 0x20, 0xC1, 0x20, 0xE2, 0x20, 0x02, 0x21, 0x02, 0x21, 0x22, 0x21, 0x22, 0x21, 0x22, 0x21,
    0x02, 0x21, 0x22, 0x21, 0x22, 0x21, 0x22, 0x21, 0x22, 0x21, 0x22, 0x21, 0x22, 0x21, 0xE2, 0x20,
    0xA1, 0x20, 0xA1, 0x20, 0xA1, 0x20, 0xC1, 0x20, 0xC2, 0x20, 0xC2, 0x28, 0xC1, 0x20, 0xC2, 0x28,
    0xC2, 0x28, 0xE2, 0x28, 0xE2, 0x28, 0xE2, 0x28, 0x03, 0x31, 0x03, 0x31, 0x23, 0x31, 0x23, 0x39,
    0x24, 0x41, 0x44, 0x41, 0x64, 0x49, 0x85, 0x49, 0x85, 0x51, 0x85, 0x51, 0xC6, 0x59, 0xC6, 0x59,
    0x07, 0x5A, 0xE6, 0x51, 0xE5, 0x49, 0x22, 0x19, 0xE1, 0x08, 0x02, 0x09, 0xE1, 0x08, 0x01, 0x11,
    0x41, 0x11, 0x21, 0x11, 0x21, 0x11, 0x62, 0x19, 0x83, 0x19, 0x62, 0x19, 0x21, 0x11, 0x21, 0x09,
    0x41, 0x11, 0xA2, 0x21, 0xE3, 0x29, 0xA3, 0x21, 0xA3, 0x21, 0xA2, 0x21, 0xC2, 0x21, 0xA2, 0x21,
    0xA2, 0x21, 0x03, 0x2A, 0x44, 0x32, 0x23, 0x2A, 0x23, 0x2A, 0x64, 0x32, 0x06, 0x4B, 0x06, 0x4B,
    0xC4, 0x42, 0x02, 0x32, 0x23, 0x32, 0x27, 0x5B, 0x2B, 0x7C, 0xAD, 0x8C, 0xEE, 0x9C, 0xEE, 0x9C,
    0xCE, 0x9C, 0xEE, 0x9C, 0x0F, 0xA5, 0x0F, 0x9D, 0x6C, 0x84, 0x48, 0x5B, 0x84, 0x42, 0xA4, 0x42,
    0xC4, 0x42, 0x83, 0x3A, 0x63, 0x32, 0x63, 0x3A, 0x84, 0x3A, 0x63, 0x32, 0x43, 0x32, 0x43, 0x32,
    0x43, 0x32, 0x64, 0x32, 0x84, 0x3A, 0x64, 0x32, 0x43, 0x32, 0x23, 0x32, 0x23, 0x32, 0x23, 0x32,
    0xE2, 0x21, 0xE2, 0x21, 0x02, 0x2A, 0x43, 0x32, 0x44, 0x32, 0xA3, 0x21, 0x62, 0x19, 0x62, 0x19,
    0x42, 0x11, 0x22, 0x11, 0x42, 0x11, 0x42, 0x11, 0xA3, 0x21, 0xE4, 0x29, 0x25, 0x2A, 0xE4, 0x21,
    0xA2, 0x19, 0xC3, 0x21, 0x04, 0x2A, 0x04, 0x22, 0xE4, 0x21, 0xC3, 0x21, 0xE4, 0x21, 0x04, 0x2A,
    0x04, 0x2A, 0x04, 0x2A, 0x04, 0x2A, 0x44, 0x2A, 0x45, 0x32, 0x03, 0x22, 0x03, 0x22, 0x03, 0x2A,
    0x08, 0x53, 0x4D, 0x84, 0xCF, 0x94, 0x30, 0xA5, 0x30, 0xA5, 0xCF, 0x9C, 0xCF, 0x9C, 0xCF, 0x9C,
    0xCF, 0x9C, 0xCF, 0x9C, 0xCF, 0x9C, 0xCF, 0x94, 0xAE, 0x94, 0xAE, 0x94, 0x8E, 0x8C, 0x8E, 0x8C,
    0x6D, 0x8C, 0x4D, 0x84, 0x4D, 0x84, 0x6D, 0x8C, 0x8E, 0x8C, 0x8E, 0x8C, 0xAE, 0x8C, 0xAE, 0x8C,
    0x2D, 0x7C, 0x49, 0x5B, 0x66, 0x3A, 0xC4, 0x21, 0xC3, 0x21, 0xC3, 0x21, 0x04, 0x2A, 0x25, 0x2A,
    0xA3, 0x19, 0x83, 0x19, 0x42, 0x11, 0xE1, 0x08, 0x42, 0x11, 0xA3, 0x19, 0x82, 0x19, 0x41, 0x11,
    0xC3, 0x21, 0x82, 0x19, 0x01, 0x09, 0xA3, 0x19, 0x62, 0x11, 0x41, 0x11, 0xA3, 0x21, 0x63, 0x19,
    0xE1, 0x00, 0x21, 0x11, 0xA3, 0x21, 0xC3, 0x21, 0xC3, 0x21, 0xC3, 0x21, 0xE4, 0x21, 0xC3, 0x21,
    0x82, 0x19, 0x41, 0x11, 0x82, 0x19, 0xA3, 0x21, 0xE3, 0x21, 0xA3, 0x21, 0x21, 0x11, 0xA4, 0x21,
    0x69, 0x32, 0x6F, 0x5B, 0x91, 0x5B, 0xD1, 0x63, 0xD2, 0x6B, 0xF2, 0x6B, 0x12, 0x74, 0xF1, 0x73,
    0x52, 0x7C, 0x72, 0x7C, 0x52, 0x7C, 0x93, 0x84, 0x93, 0x84, 0x72, 0x84, 0xD4, 0x94, 0xEF, 0x73,
    0x64, 0x19, 0x42, 0x11, 0x82, 0x11, 0xC3, 0x19, 0xA2, 0x19, 0xC3, 0x21, 0x04, 0x2A, 0x03, 0x2A,
    0xE3, 0x21, 0xE3, 0x21, 0x82, 0x19, 0xC4, 0x21, 0x04, 0x2A, 0xC3, 0x21, 0xE3, 0x21, 0xC3, 0x21,
    0x62, 0x11, 0xA3, 0x19, 0x82, 0x19, 0x62, 0x11, 0xC3, 0x21, 0x82, 0x21, 0xA3, 0x21, 0x01, 0x11,
    0x42, 0x19, 0xA3, 0x21, 0x62, 0x19, 0x83, 0x19, 0x63, 0x19, 0x42, 0x11, 0x21, 0x11, 0x62, 0x19,
    0xA2, 0x19, 0xE3, 0x21, 0xE3, 0x21, 0xA2, 0x19, 0x61, 0x11, 0xA2, 0x21, 0x82, 0x21, 0x82, 0x21,
    0xC3, 0x29, 0x04, 0x32, 0x24, 0x32, 0x24, 0x32, 0x82, 0x21, 0xE4, 0x29, 0x83, 0x21, 0xA3, 0x21,
    0xC3, 0x29, 0xA3, 0x21, 0xC3, 0x21, 0xE4, 0x29, 0xE4, 0x29, 0xE3, 0x29, 0xC3, 0x21, 0x04, 0x2A,
    0xC4, 0x29, 0xC0, 0x08, 0xA0, 0x00, 0xA0, 0x00, 0xA0, 0x00, 0xA0, 0x00, 0xA1, 0x08, 0xA1, 0x00,
    0xA1, 0x00, 0x80, 0x00, 0x80, 0x00, 0xC1, 0x08, 0x81, 0x00, 0x60, 0x00, 0x81, 0x00, 0x81, 0x00,
    0xA1, 0x08, 0x80, 0x00, 0xA1, 0x00, 0xC1, 0x00, 0x01, 0x09, 0x21, 0x09, 0x03, 0x11, 0x25, 0x29,
    0x04, 0x29, 0xE4, 0x28, 0x04, 0x29, 0x04, 0x29, 0x04, 0x29, 0x04, 0x29, 0x04, 0x29, 0xE4, 0x28,
    0xE3, 0x28, 0xE3, 0x28, 0xE3, 0x28, 0xE3, 0x28, 0xE2, 0x28, 0xE3, 0x28, 0xE2, 0x28, 0xE2, 0x28,
    0xE2, 0x28, 0xE2, 0x28, 0xE2, 0x28, 0xC2, 0x28, 0xC2, 0x20, 0xC2, 0x20, 0xC1, 0x20, 0xA1, 0x20,
    0x81, 0x18, 0x80, 0x10, 0x02, 0x19, 0x42, 0x19, 0x22, 0x11, 0x02, 0x11, 0x22, 0x11, 0x02, 0x11,
    0xE1, 0x08, 0x02, 0x11, 0x02, 0x11, 0x02, 0x11, 0x02, 0x11, 0x42, 0x11, 0x43, 0x19, 0x02, 0x19,
    0xC1, 0x18, 0xA1, 0x18, 0xA1, 0x20, 0xC2, 0x20, 0xC2, 0x20, 0xC2, 0x20, 0xC2, 0x20, 0xC2, 0x28,
    0xE2, 0x28, 0xE2, 0x28, 0xE3, 0x28, 0x03, 0x29, 0x03, 0x31, 0x23, 0x31, 0x23, 0x31, 0x23, 0x39,
    0x44, 0x41, 0x44, 0x41, 0x85, 0x49, 0x65, 0x49, 0xA5, 0x51, 0xC6, 0x59, 0xC6, 0x59, 0xC6, 0x51,
    0xC6, 0x51, 0xC6, 0x49, 0xA4, 0x39, 0xC1, 0x08, 0xC1, 0x00, 0xC1, 0x00, 0xE1, 0x08, 0x22, 0x11,
    0x62, 0x19, 0x62, 0x19, 0x21, 0x11, 0x01, 0x09, 0x21, 0x11, 0x42, 0x11, 0x62, 0x19, 0x62, 0x19,
    0x82, 0x19, 0xA2, 0x21, 0xC3, 0x29, 0xA3, 0x21, 0xA2, 0x21, 0xE3, 0x21, 0xE3, 0x29, 0xE2, 0x29,
    0xE2, 0x29, 0x03, 0x2A, 0x44, 0x32, 0x44, 0x32, 0xE2, 0x21, 0x03, 0x2A, 0xA4, 0x3A, 0x84, 0x3A,
    0x63, 0x3A, 0x68, 0x63, 0x6C, 0x84, 0xCE, 0x94, 0x6C, 0x8C, 0x4B, 0x8C, 0x4B, 0x8C, 0x6C, 0x8C,
    0x8C, 0x8C, 0x8C, 0x8C, 0xAD, 0x94, 0x8C, 0x8C, 0xAD, 0x94, 0xCE, 0x94, 0x6C, 0x84, 0xE5, 0x52,
    0xA4, 0x42, 0x83, 0x3A, 0xC4, 0x42, 0xC5, 0x42, 0x84, 0x3A, 0x63, 0x3A, 0x43, 0x32, 0x44, 0x32,
    0x23, 0x32, 0x23, 0x32, 0x64, 0x32, 0x64, 0x32, 0x64, 0x32, 0x23, 0x2A, 0x44, 0x32, 0x23, 0x2A,
    0x24, 0x2A, 0x03, 0x2A, 0x44, 0x32, 0x23, 0x2A, 0x02, 0x22, 0xE2, 0x21, 0x23, 0x2A, 0x64, 0x3A,
    0x64, 0x32, 0x23, 0x2A, 0xE3, 0x21, 0xC3, 0x21, 0x04, 0x2A, 0x03, 0x2A, 0xE3, 0x21, 0xA3, 0x19,
    0xC3, 0x21, 0xA3, 0x19, 0xA3, 0x19, 0xE4, 0x21, 0xE4, 0x21, 0xE4, 0x21, 0xE3, 0x21, 0x04, 0x22,
    0xE4, 0x21, 0xC3, 0x21, 0xE4, 0x21, 0xA3, 0x19, 0xA3, 0x19, 0xE3, 0x21, 0x44, 0x32, 0x89, 0x63,
    0xEF, 0x94, 0x10, 0x9D, 0xEF, 0x9C, 0xCF, 0x9C, 0xCF, 0x9C, 0xCF, 0x9C, 0xCF, 0x9C, 0xEF, 0x9C,
    0xCE, 0x94, 0xAE, 0x94, 0xAE, 0x94, 0x8D, 0x8C, 0x8D, 0x8C, 0xAE, 0x94, 0x6D, 0x84, 0x6D, 0x84,
    0x6D, 0x8C, 0x6D, 0x84, 0x4D, 0x84, 0x2C, 0x7C, 0x0B, 0x7C, 0x2C, 0x7C, 0x4D, 0x84, 0x6D, 0x84,
    0x6D, 0x84, 0x6E, 0x84, 0xCB, 0x6B, 0x66, 0x3A, 0xA3, 0x19, 0xC4, 0x21, 0x04, 0x22, 0x45, 0x2A,
    0xA3, 0x19, 0xC3, 0x21, 0x83, 0x19, 0x22, 0x11, 0x83, 0x19, 0xC3, 0x19, 0x45, 0x2A, 0xC3, 0x21,
    0xC3, 0x19, 0xC4, 0x21, 0x83, 0x19, 0x43, 0x11, 0x64, 0x19, 0x84, 0x19, 0x22, 0x11, 0x63, 0x11,
    0x83, 0x19, 0xA3, 0x19, 0xC3, 0x21, 0x82, 0x19, 0xE3, 0x21, 0xE3, 0x21, 0x82, 0x19, 0xA3, 0x19,
    0xE3, 0x21, 0xA3, 0x19, 0xC3, 0x21, 0x21, 0x09, 0x00, 0x09, 0x21, 0x11, 0xE1, 0x08, 0x85, 0x19,
    0x2E, 0x4B, 0x50, 0x53, 0x71, 0x5B, 0x91, 0x63, 0xB1, 0x63, 0xB1, 0x6B, 0x12, 0x74, 0x12, 0x74,
    0x32, 0x7C, 0x32, 0x7C, 0x31, 0x7C, 0x72, 0x84, 0x72, 0x84, 0x52, 0x7C, 0x31, 0x7C, 0xB3, 0x8C,
    0xA9, 0x4A, 0xE1, 0x08, 0x21, 0x09, 0xA3, 0x19, 0xC3, 0x21, 0xA3, 0x19, 0xE3, 0x21, 0xE3, 0x21,
    0xE3, 0x21, 0xC3, 0x21, 0x41, 0x11, 0x62, 0x19, 0x04, 0x2A, 0xE3, 0x21, 0xE3, 0x21, 0xC3, 0x21,
    0x82, 0x19, 0xA3, 0x19, 0x04, 0x22, 0xE4, 0x21, 0xA3, 0x21, 0xA2, 0x21, 0xC3, 0x21, 0x42, 0x19,
    0x22, 0x11, 0x62, 0x19, 0x62, 0x19, 0x83, 0x19, 0xE4, 0x21, 0xC3, 0x21, 0xA3, 0x19, 0x83, 0x19,
    0xA2, 0x19, 0xC3, 0x19, 0x21, 0x09, 0x61, 0x11, 0xE3, 0x21, 0xE3, 0x29, 0xE3, 0x29, 0xE3, 0x29,
    0xC3, 0x29, 0xA2, 0x21, 0x82, 0x21, 0xE4, 0x31, 0xC3, 0x29, 0xA2, 0x21, 0xA3, 0x29, 0x42, 0x19,
    0xC4, 0x29, 0xA3, 0x21, 0xA3, 0x21, 0xA2, 0x21, 0xC3, 0x21, 0xC3, 0x21, 0xA3, 0x21, 0xC3, 0x29,
    0xC4, 0x29, 0xC1, 0x08, 0x80, 0x00, 0xA1, 0x08, 0xA1, 0x08, 0xA0, 0x08, 0xA1, 0x00, 0xA1, 0x00,
    0xA1, 0x00, 0xA1, 0x08, 0x80, 0x00, 0x81, 0x00, 0xA1, 0x08, 0x40, 0x00, 0x81, 0x00, 0x81, 0x00,
    0x80, 0x00, 0xA0, 0x00, 0x80, 0x00, 0xC1, 0x00, 0x01, 0x09, 0x42, 0x11, 0x23, 0x11, 0x44, 0x21,
    0x24, 0x29, 0xE4, 0x28, 0xE4, 0x28, 0xE4, 0x28, 0xE4, 0x28, 0xE4, 0x28, 0xE4, 0x28, 0xE3, 0x28,
    0xE3, 0x28, 0x03, 0x29, 0xE3, 0x28, 0xE3, 0x28, 0xE3, 0x28, 0xE3, 0x28, 0xE3, 0x28, 0xE2, 0x28,
    0xC2, 0x28, 0xC2, 0x28, 0xC2, 0x28, 0xC2, 0x20, 0xC2, 0x20, 0xC2, 0x20, 0xC1, 0x20, 0xA1, 0x20,
    0x81, 0x18, 0xA1, 0x18, 0x22, 0x19, 0x43, 0x11, 0x42, 0x11, 0x42, 0x11, 0x22, 0x09, 0x22, 0x09,
    0x22, 0x09, 0x22, 0x09, 0x02, 0x09, 0x02, 0x09, 0x22, 0x09, 0x22, 0x09, 0x42, 0x11, 0x43, 0x19,
    0xE2, 0x18, 0xA1, 0x18, 0xA1, 0x20, 0xA2, 0x20, 0xC2, 0x20, 0xC2, 0x28, 0xC2, 0x28, 0xE2, 0x28,
    0xE2, 0x28, 0xE2, 0x28, 0x02, 0x29, 0x03, 0x29, 0x03, 0x31, 0x23, 0x31, 0x23, 0x39, 0x24, 0x39,
    0x44, 0x41, 0x44, 0x41, 0x85, 0x49, 0x85, 0x51, 0xA5, 0x51, 0xA5, 0x51, 0xA5, 0x51, 0xA5, 0x49,
    0xA5, 0x49, 0xC5, 0x49, 0x83, 0x29, 0x22, 0x11, 0x22, 0x11, 0x02, 0x11, 0x22, 0x11, 0x22, 0x11,
    0x21, 0x11, 0x42, 0x11, 0x42, 0x11, 0x21, 0x11, 0x42, 0x11, 0x62, 0x19, 0x42, 0x11, 0x62, 0x19,
    0x82, 0x19, 0xC3, 0x21, 0xC3, 0x21, 0x81, 0x19, 0xC3, 0x21, 0xE3, 0x21, 0xC2, 0x21, 0x03, 0x2A,
    0x03, 0x2A, 0xE3, 0x29, 0x23, 0x32, 0x23, 0x2A, 0x03, 0x2A, 0x44, 0x32, 0x23, 0x32, 0x23, 0x32,
    0xC9, 0x6B, 0xAD, 0x94, 0x6C, 0x8C, 0x4C, 0x8C, 0x6C, 0x8C, 0x6C, 0x8C, 0x8C, 0x8C, 0x8C, 0x8C,
    0x8C, 0x8C, 0x6C, 0x8C, 0x6C, 0x8C, 0x4C, 0x84, 0x2B, 0x84, 0x4C, 0x8C, 0xAD, 0x94, 0x2B, 0x84,
    0xA4, 0x42, 0x63, 0x3A, 0x63, 0x3A, 0xC4, 0x42, 0xC4, 0x42, 0xC5, 0x42, 0x84, 0x3A, 0x23, 0x2A,
    0x44, 0x32, 0x44, 0x32, 0x64, 0x32, 0x23, 0x2A, 0x44, 0x32, 0x44, 0x32, 0x23, 0x2A, 0x44, 0x2A,
    0x44, 0x2A, 0x44, 0x32, 0x43, 0x2A, 0x64, 0x32, 0x84, 0x3A, 0x84, 0x32, 0x43, 0x2A, 0x22, 0x2A,
    0x43, 0x2A, 0xE2, 0x21, 0xA2, 0x19, 0xA2, 0x19, 0x03, 0x2A, 0x23, 0x2A, 0x04, 0x2A, 0xC3, 0x21,
    0x05, 0x32, 0x06, 0x32, 0x06, 0x32, 0x47, 0x3A, 0x27, 0x3A, 0x06, 0x32, 0xC4, 0x29, 0xE4, 0x29,
    0xE3, 0x21, 0xE4, 0x21, 0xC3, 0x21, 0xA2, 0x19, 0x04, 0x22, 0x85, 0x3A, 0x8A, 0x6B, 0x30, 0xA5,
    0x30, 0xA5, 0xAE, 0x94, 0xAE, 0x94, 0xAE, 0x94, 0x8E, 0x8C, 0xCF, 0x94, 0x8E, 0x8C, 0xAE, 0x94,
    0x8D, 0x8C, 0x8D, 0x8C, 0x6D, 0x8C, 0x4C, 0x84, 0x6C, 0x84, 0x4C, 0x84, 0x6D, 0x84, 0x2C, 0x7C,
    0x2C, 0x7C, 0x6D, 0x84, 0x4D, 0x84, 0x6D, 0x84, 0x2C, 0x7C, 0x0C, 0x7C, 0x2C, 0x7C, 0x2C, 0x7C,
    0xEB, 0x73, 0x2C, 0x7C, 0x4D, 0x7C, 0xEC, 0x6B, 0x09, 0x53, 0x04, 0x2A, 0xE4, 0x21, 0x24, 0x2A,
    0xC3, 0x21, 0xC3, 0x21, 0x62, 0x11, 0x63, 0x19, 0x63, 0x19, 0xA3, 0x19, 0x04, 0x2A, 0xE4, 0x21,
    0x84, 0x19, 0xE7, 0x29, 0x8A, 0x3A, 0xAB, 0x42, 0x0D, 0x53, 0xED, 0x4A, 0xAC, 0x42, 0xEC, 0x4A,
    0xCB, 0x42, 0xCA, 0x42, 0x47, 0x32, 0xA5, 0x21, 0x63, 0x19, 0xA3, 0x19, 0x42, 0x11, 0x42, 0x11,
    0xC3, 0x21, 0xA3, 0x21, 0xC3, 0x21, 0x62, 0x19, 0x01, 0x09, 0x43, 0x11, 0x43, 0x11, 0xC7, 0x21,
    0xCE, 0x42, 0xEF, 0x42, 0x71, 0x5B, 0x70, 0x5B, 0x70, 0x5B, 0x90, 0x63, 0x90, 0x63, 0xD1, 0x6B,
    0xF1, 0x73, 0x32, 0x7C, 0x11, 0x7C, 0x32, 0x7C, 0x72, 0x84, 0x52, 0x84, 0x31, 0x7C, 0x72, 0x84,
    0x30, 0x7C, 0xA4, 0x21, 0x01, 0x09, 0x42, 0x11, 0xE4, 0x21, 0xA3, 0x19, 0x83, 0x19, 0x82, 0x19,
    0xE4, 0x29, 0xC4, 0x21, 0x62, 0x19, 0x01, 0x09, 0x83, 0x21, 0xC4, 0x29, 0xC4, 0x29, 0xA4, 0x29,
    0x83, 0x21, 0xA3, 0x21, 0xC4, 0x21, 0x04, 0x2A, 0xC3, 0x21, 0xE3, 0x29, 0xC3, 0x21, 0x62, 0x19,
    0x41, 0x11, 0x62, 0x19, 0xA3, 0x21, 0x83, 0x19, 0xA3, 0x21, 0xC3, 0x21, 0x41, 0x11, 0x82, 0x19,
    0xC3, 0x21, 0x82, 0x19, 0x62, 0x11, 0xA3, 0x21, 0x04, 0x2A, 0x44, 0x32, 0x24, 0x32, 0x03, 0x2A,
    0xE3, 0x29, 0x04, 0x32, 0x62, 0x19, 0xA3, 0x21, 0x04, 0x32, 0xC3, 0x29, 0xC3, 0x29, 0xC0, 0x08,
    0x62, 0x19, 0x62, 0x19, 0x82, 0x19, 0x82, 0x19, 0x82, 0x19, 0xA3, 0x21, 0xA3, 0x21, 0x83, 0x21,
    0xE4, 0x29, 0x02, 0x11, 0x80, 0x00, 0xA0, 0x00, 0x80, 0x00, 0xC1, 0x08, 0xA0, 0x00, 0xC1, 0x08,
    0x80, 0x00, 0xA1, 0x08, 0xA1, 0x08, 0x80, 0x00, 0x81, 0x00, 0x60, 0x00, 0x80, 0x00, 0xA1, 0x08,
    0xA0, 0x00, 0xA1, 0x00, 0xC1, 0x08, 0xE1, 0x08, 0xE1, 0x08, 0x42, 0x11, 0x22, 0x11, 0x24, 0x19,
    0x25, 0x29, 0x04, 0x29, 0xE4, 0x28, 0xE4, 0x28, 0xE3, 0x28, 0xE4, 0x28, 0xE3, 0x28, 0xE3, 0x28,
    0xE3, 0x28, 0xE3, 0x28, 0xE3, 0x28, 0xE3, 0x28, 0xE3, 0x28, 0xE3, 0x28, 0xE3, 0x28, 0xC2, 0x28,
    0xC2, 0x28, 0xC2, 0x20, 0xC2, 0x20, 0xC2, 0x20, 0xC2, 0x20, 0xC2, 0x20, 0xA1, 0x20, 0xA1, 0x18,
    0x81, 0x18, 0xC1, 0x18, 0x43, 0x19, 0x22, 0x09, 0x22, 0x09, 0x22, 0x11, 0x42, 0x11, 0x42, 0x11,
    0x22, 0x09, 0x22, 0x09, 0x43, 0x11, 0x42, 0x11, 0x43, 0x11, 0x22, 0x09, 0x02, 0x09, 0x22, 0x11,
    0xE2, 0x10, 0xA1, 0x18, 0xA1, 0x20, 0xA1, 0x20, 0xC2, 0x20, 0xC2, 0x28, 0xC2, 0x28, 0xC2, 0x28,
    0xC2, 0x28, 0xE2, 0x28, 0xE3, 0x28, 0x03, 0x29, 0x23, 0x31, 0x24, 0x39, 0x23, 0x39, 0x44, 0x41,
    0x44, 0x41, 0x44, 0x41, 0x65, 0x49, 0x65, 0x49, 0x85, 0x49, 0x85, 0x49, 0x64, 0x41, 0x84, 0x41,
    0xA5, 0x49, 0xA5, 0x41, 0x22, 0x19, 0xE1, 0x08, 0xE1, 0x08, 0xE1, 0x08, 0xE1, 0x08, 0x22, 0x11,
    0x22, 0x11, 0x01, 0x09, 0x22, 0x11, 0x42, 0x11, 0x42, 0x11, 0x42, 0x11, 0x63, 0x19, 0x41, 0x11,
    0x82, 0x19, 0xC3, 0x21, 0xC3, 0x21, 0xA2, 0x19, 0xA2, 0x19, 0xE3, 0x21, 0x03, 0x2A, 0xE3, 0x21,
    0xA2, 0x19, 0xA2, 0x21, 0xE3, 0x21, 0xE3, 0x29, 0x03, 0x2A, 0x03, 0x2A, 0x23, 0x32, 0x48, 0x5B,
    0x4B, 0x84, 0x2B, 0x84, 0x2B, 0x84, 0x2B, 0x84, 0x6C, 0x8C, 0x4C, 0x8C, 0x4B, 0x8C, 0x2B, 0x84,
    0x4B, 0x84, 0x4B, 0x84, 0x4B, 0x84, 0x4C, 0x84, 0x2B, 0x84, 0x0B, 0x84, 0x0B, 0x84, 0x4C, 0x84,
    0xA9, 0x6B, 0x84, 0x3A, 0x63, 0x3A, 0x84, 0x3A, 0xC5, 0x42, 0xE5, 0x42, 0x84, 0x3A, 0x44, 0x32,
    0x64, 0x32, 0x64, 0x3A, 0x43, 0x32, 0x23, 0x2A, 0x64, 0x32, 0x64, 0x32, 0x43, 0x2A, 0x23, 0x2A,
    0x03, 0x2A, 0x03, 0x2A, 0x23, 0x2A, 0x64, 0x32, 0x64, 0x32, 0x64, 0x32, 0x84, 0x3A, 0x02, 0x22,
    0x43, 0x32, 0x03, 0x2A, 0xE2, 0x21, 0xE2, 0x21, 0x03, 0x2A, 0xC3, 0x29, 0xE4, 0x31, 0xA9, 0x52,
    0x2D, 0x6B, 0x70, 0x7B, 0x70, 0x83, 0x70, 0x7B, 0x70, 0x7B, 0x4F, 0x73, 0x0C, 0x63, 0x48, 0x42,
    0xC4, 0x29, 0x04, 0x2A, 0x24, 0x2A, 0x03, 0x2A, 0xA6, 0x42, 0x4C, 0x84, 0xCE, 0x94, 0x30, 0xA5,
    0x30, 0xA5, 0x4D, 0x84, 0x8D, 0x8C, 0xAE, 0x94, 0x6D, 0x8C, 0x8D, 0x8C, 0x8E, 0x8C, 0xAE, 0x8C,
    0x8D, 0x8C, 0x6D, 0x8C, 0x6C, 0x8C, 0x6C, 0x84, 0x4C, 0x84, 0x6C, 0x84, 0x8D, 0x8C, 0x4C, 0x84,
    0x2C, 0x7C, 0x4C, 0x84, 0x4C, 0x84, 0x4D, 0x84, 0x6D, 0x84, 0x2C, 0x7C, 0x0C, 0x7C, 0xEB, 0x73,
    0xAA, 0x6B, 0xEB, 0x73, 0x0C, 0x74, 0xEB, 0x73, 0x2D, 0x7C, 0xCC, 0x6B, 0x25, 0x32, 0xC3, 0x21,
    0x62, 0x11, 0x83, 0x19, 0x42, 0x11, 0x01, 0x09, 0x42, 0x11, 0xA5, 0x19, 0x28, 0x32, 0xEC, 0x4A,
    0x0E, 0x4B, 0x70, 0x5B, 0xD2, 0x63, 0x13, 0x6C, 0xD3, 0x63, 0x92, 0x5B, 0xD3, 0x63, 0xF3, 0x6B,
    0xF3, 0x6B, 0x13, 0x6C, 0xD1, 0x63, 0x4F, 0x5B, 0xCC, 0x4A, 0x8A, 0x3A, 0x27, 0x32, 0xA4, 0x21,
    0x42, 0x19, 0xA3, 0x21, 0xA2, 0x21, 0xC3, 0x21, 0x42, 0x19, 0x02, 0x11, 0x85, 0x19, 0xAC, 0x3A,
    0x8E, 0x3A, 0x8E, 0x3A, 0xEF, 0x4A, 0x50, 0x53, 0x0E, 0x53, 0x90, 0x63, 0x90, 0x63, 0xB0, 0x6B,
    0xD0, 0x6B, 0x11, 0x74, 0x11, 0x7C, 0x31, 0x7C, 0x32, 0x7C, 0x32, 0x84, 0x52, 0x84, 0x51, 0x84,
    0xB2, 0x8C, 0xA9, 0x4A, 0x42, 0x11, 0x82, 0x19, 0xA2, 0x19, 0xC3, 0x19, 0x82, 0x19, 0x42, 0x11,
    0xA4, 0x21, 0xC5, 0x31, 0x69, 0x4A, 0xCB, 0x62, 0x2D, 0x6B, 0x4D, 0x73, 0x6E, 0x7B, 0x6E, 0x73,
    0x4D, 0x73, 0x48, 0x4A, 0xE5, 0x39, 0xC5, 0x31, 0xA4, 0x29, 0xA4, 0x29, 0xE4, 0x29, 0xC3, 0x21,
    0x82, 0x19, 0xC4, 0x21, 0xC4, 0x21, 0x83, 0x19, 0x83, 0x19, 0xA3, 0x21, 0x62, 0x11, 0xC3, 0x21,
    0x82, 0x19, 0x21, 0x11, 0xA3, 0x21, 0xA3, 0x21, 0xC3, 0x21, 0x24, 0x32, 0x44, 0x3A, 0x44, 0x3A,
    0x03, 0x32, 0x04, 0x32, 0x24, 0x32, 0x82, 0x21, 0x82, 0x21, 0xE3, 0x29, 0x24, 0x32, 0x82, 0x21,
    0x21, 0x11, 0x22, 0x19, 0x21, 0x11, 0x41, 0x11, 0x41, 0x11, 0xA3, 0x21, 0x62, 0x19, 0x62, 0x19,
    0xA3, 0x21, 0x42, 0x19, 0xA0, 0x08, 0xE1, 0x08, 0xA0, 0x00, 0xA0, 0x00, 0x80, 0x00, 0xA0, 0x00,
    0x80, 0x00, 0x40, 0x00, 0x81, 0x00, 0xA1, 0x00, 0x80, 0x00, 0x81, 0x00, 0xA0, 0x00, 0xC1, 0x00,
    0xE1, 0x08, 0xE1, 0x08, 0x02, 0x09, 0x22, 0x09, 0x42, 0x11, 0x62, 0x11, 0x63, 0x11, 0x43, 0x19,
    0x44, 0x29, 0x04, 0x29, 0xE4, 0x28, 0xE4, 0x28, 0xE4, 0x28, 0xE3, 0x28, 0xE3, 0x28, 0xE3, 0x28,
    0xE3, 0x28, 0xE3, 0x28, 0xE3, 0x28, 0xE3, 0x28, 0xC3, 0x28, 0xE3, 0x28, 0xE3, 0x28, 0xE3, 0x28,
    0xC2, 0x28, 0xC2, 0x20, 0xC2, 0x20, 0xC2, 0x28, 0xC2, 0x28, 0xC2, 0x20, 0xA2, 0x20, 0xA1, 0x18,
    0x81, 0x18, 0xC2, 0x18, 0x23, 0x11, 0x02, 0x09, 0x02, 0x09, 0x02, 0x09, 0x22, 0x09, 0x22, 0x11,
    0x22, 0x11, 0x22, 0x11, 0x22, 0x11, 0x22, 0x09, 0x22, 0x09, 0x22, 0x09, 0x22, 0x09, 0x43, 0x11,
    0x02, 0x11, 0xA1, 0x18, 0xA1, 0x20, 0xA2, 0x20, 0xA2, 0x20, 0xC2, 0x20, 0xC2, 0x28, 0xC2, 0x28,
    0xE2, 0x28, 0xE2, 0x28, 0xE3, 0x28, 0x03, 0x31, 0x03, 0x31, 0x03, 0x31, 0x24, 0x39, 0x24, 0x41,
    0x44, 0x41, 0x65, 0x49, 0x85, 0x49, 0x44, 0x49, 0x84, 0x49, 0xA5, 0x49, 0xA5, 0x49, 0xA5, 0x49,
    0xA5, 0x41, 0x84, 0x31, 0x22, 0x19, 0x01, 0x09, 0x42, 0x11, 0x22, 0x11, 0x21, 0x11, 0x42, 0x11,
    0x62, 0x19, 0x62, 0x19, 0x42, 0x11, 0x22, 0x11, 0x21, 0x11, 0x62, 0x19, 0x62, 0x19, 0x42, 0x19,
    0x82, 0x19, 0x82, 0x19, 0xC3, 0x21, 0x04, 0x2A, 0xE3, 0x21, 0xE3, 0x21, 0x03, 0x2A, 0xE3, 0x29,
    0xC3, 0x21, 0xC3, 0x21, 0xA2, 0x21, 0xA2, 0x19, 0xC2, 0x21, 0xC2, 0x21, 0x07, 0x53, 0x2B, 0x7C,
    0x0A, 0x7C, 0xA9, 0x73, 0xCA, 0x73, 0x0A, 0x7C, 0xCA, 0x73, 0x0A, 0x7C, 0x4B, 0x84, 0x2A, 0x84,
    0x0A, 0x7C, 0x0A, 0x7C, 0x0A, 0x7C, 0x2B, 0x84, 0x2B, 0x84, 0x2B, 0x84, 0x0B, 0x84, 0x2B, 0x84,
    0xCA, 0x73, 0x27, 0x5B, 0x43, 0x3A, 0x63, 0x3A, 0x42, 0x32, 0x63, 0x32, 0x64, 0x32, 0x03, 0x2A,
    0x64, 0x3A, 0xC5, 0x42, 0x64, 0x32, 0x44, 0x32, 0x03, 0x2A, 0x23, 0x2A, 0x84, 0x3A, 0x85, 0x3A,
    0x64, 0x32, 0x43, 0x2A, 0x03, 0x22, 0xA1, 0x19, 0xC1, 0x19, 0x23, 0x2A, 0x64, 0x32, 0x43, 0x2A,
    0x43, 0x2A, 0x44, 0x32, 0x44, 0x2A, 0x03, 0x2A, 0xE3, 0x29, 0x26, 0x3A, 0xEC, 0x6A, 0x4F, 0x7B,
    0x30, 0x7B, 0x10, 0x7B, 0x0F, 0x7B, 0xEF, 0x7A, 0x10, 0x7B, 0x10, 0x7B, 0x30, 0x7B, 0x2F, 0x73,
    0xEC, 0x5A, 0x06, 0x32, 0xC3, 0x21, 0xC6, 0x4A, 0x8D, 0x8C, 0xEF, 0x9C, 0xAE, 0x94, 0x92, 0xAD,
    0x72, 0xAD, 0x8E, 0x8C, 0x6D, 0x8C, 0x8D, 0x8C, 0x8D, 0x8C, 0x8D, 0x8C, 0x8D, 0x8C, 0x8D, 0x8C,
    0x8D, 0x8C, 0x6C, 0x84, 0x8D, 0x8C, 0x8C, 0x8C, 0x2B, 0x7C, 0xEB, 0x73, 0x2C, 0x7C, 0x6D, 0x84,
    0x6D, 0x84, 0x8D, 0x8C, 0x8D, 0x8C, 0x4C, 0x84, 0x0C, 0x7C, 0x2C, 0x7C, 0x0C, 0x7C, 0x0C, 0x7C,
    0x2C, 0x7C, 0x0C, 0x7C, 0xCB, 0x6B, 0xEB, 0x73, 0xCB, 0x73, 0x4D, 0x7C, 0xAB, 0x6B, 0x25, 0x32,
    0x02, 0x09, 0x83, 0x19, 0x83, 0x19, 0xA5, 0x19, 0x08, 0x2A, 0xAC, 0x42, 0x70, 0x5B, 0x71, 0x5B,
    0x72, 0x5B, 0x71, 0x53, 0x51, 0x53, 0x71, 0x53, 0x31, 0x4B, 0x51, 0x53, 0x92, 0x5B, 0x92, 0x5B,
    0x92, 0x5B, 0xD3, 0x6B, 0xD2, 0x63, 0xF3, 0x6B, 0x13, 0x6C, 0x33, 0x74, 0xD1, 0x63, 0x0C, 0x53,
    0xE7, 0x29, 0x02, 0x09, 0xE0, 0x00, 0x62, 0x19, 0x83, 0x19, 0xE1, 0x08, 0xA7, 0x19, 0x8D, 0x3A,
    0x8E, 0x3A, 0xCE, 0x3A, 0x0F, 0x4B, 0x0F, 0x53, 0x2F, 0x53, 0x4F, 0x5B, 0x4F, 0x5B, 0x90, 0x63,
    0xB0, 0x6B, 0xB0, 0x6B, 0xD0, 0x73, 0xD0, 0x73, 0x52, 0x84, 0x52, 0x84, 0x31, 0x84, 0x11, 0x7C,
    0x72, 0x8C, 0x2B, 0x5B, 0x21, 0x11, 0x83, 0x19, 0x83, 0x19, 0x63, 0x19, 0x84, 0x21, 0xE6, 0x31,
    0xEC, 0x62, 0xB0, 0x83, 0xF2, 0x93, 0xF2, 0x9B, 0xF2, 0x9B, 0xF2, 0x9B, 0xF2, 0x9B, 0x33, 0xA4,
    0x33, 0xA4, 0x11, 0x9C, 0xF0, 0x93, 0x8E, 0x83, 0x0C, 0x6B, 0x28, 0x4A, 0x64, 0x21, 0x83, 0x21,
    0xA3, 0x21, 0x82, 0x19, 0x83, 0x19, 0x62, 0x11, 0x62, 0x19, 0x62, 0x11, 0x42, 0x11, 0xE4, 0x29,
    0xA3, 0x21, 0xA3, 0x21, 0x82, 0x19, 0xC3, 0x21, 0x03, 0x2A, 0xE3, 0x29, 0x44, 0x3A, 0x24, 0x32,
    0x24, 0x32, 0xE3, 0x29, 0xE3, 0x31, 0xC3, 0x29, 0x41, 0x19, 0x82, 0x21, 0xC3, 0x29, 0x04, 0x32,
    0x21, 0x11, 0x63, 0x19, 0x42, 0x19, 0x62, 0x19, 0x01, 0x11, 0x62, 0x21, 0x62, 0x19, 0xA3, 0x21,
    0xA3, 0x21, 0x83, 0x21, 0x01, 0x11, 0xE1, 0x10, 0xE1, 0x08, 0xA1, 0x08, 0x80, 0x00, 0x80, 0x00,
    0xA1, 0x08, 0x80, 0x00, 0x60, 0x00, 0x80, 0x00, 0x80, 0x00, 0xC1, 0x00, 0xE2, 0x08, 0x42, 0x11,
    0x42, 0x11, 0x42, 0x11, 0x22, 0x09, 0x42, 0x11, 0x43, 0x11, 0x63, 0x11, 0x63, 0x11, 0x43, 0x11,
    0x44, 0x21, 0x04, 0x29, 0xE4, 0x28, 0xE4, 0x28, 0xE4, 0x28, 0xC4, 0x28, 0xC3, 0x28, 0xE3, 0x28,
    0xE3, 0x28, 0xC3, 0x28, 0xC3, 0x20, 0xC3, 0x28, 0xC3, 0x28, 0xC3, 0x28, 0xC2, 0x28, 0xC2, 0x28,
    0xC2, 0x28, 0xC2, 0x28, 0xC2, 0x28, 0xC2, 0x28, 0xC2, 0x20, 0xA2, 0x20, 0xA2, 0x20, 0x81, 0x18,
    0x81, 0x18, 0xE2, 0x18, 0x02, 0x09, 0x02, 0x09, 0x02, 0x09, 0x22, 0x09, 0x22, 0x09, 0x22, 0x09,
    0x22, 0x09, 0x22, 0x11, 0x22, 0x09, 0x22, 0x09, 0x02, 0x09, 0x43, 0x11, 0x43, 0x11, 0x63, 0x11,
    0x23, 0x19, 0xC2, 0x18, 0xA2, 0x18, 0xA2, 0x20, 0xA2, 0x20, 0xA2, 0x20, 0xC2, 0x28, 0xC2, 0x28,
    0xE2, 0x28, 0xE3, 0x28, 0x03, 0x29, 0x03, 0x31, 0x03, 0x31, 0x03, 0x39, 0x44, 0x41, 0x44, 0x41,
    0x65, 0x49, 0x85, 0x49, 0x64, 0x49, 0x64, 0x49, 0x84, 0x49, 0x84, 0x41, 0xA5, 0x49, 0x85, 0x41,
    0xA5, 0x41, 0x63, 0x21, 0x42, 0x11, 0x62, 0x19, 0x83, 0x19, 0xA3, 0x19, 0x82, 0x19, 0x62, 0x19,
    0x62, 0x19, 0x82, 0x19, 0xA2, 0x21, 0x62, 0x19, 0x82, 0x19, 0xC2, 0x21, 0x61, 0x19, 0xA2, 0x21,
    0xE3, 0x29, 0xE3, 0x21, 0xE3, 0x21, 0xC2, 0x21, 0xC2, 0x19, 0xE2, 0x21, 0x03, 0x2A, 0x03, 0x2A,
    0x03, 0x2A, 0xA2, 0x21, 0xE3, 0x29, 0x03, 0x2A, 0x23, 0x32, 0xA5, 0x42, 0xA9, 0x6B, 0xC9, 0x73,
    0xCA, 0x73, 0xEA, 0x7B, 0xC9, 0x73, 0xCA, 0x73, 0xEA, 0x7B, 0x0A, 0x7C, 0xEA, 0x7B, 0xA9, 0x73,
    0xC9, 0x73, 0x0B, 0x7C, 0x2B, 0x7C, 0x2B, 0x84, 0x0A, 0x7C, 0xEA, 0x7B, 0xCA, 0x73, 0xCA, 0x7B,
    0xAA, 0x73, 0x89, 0x6B, 0xE6, 0x4A, 0xC5, 0x42, 0xC4, 0x42, 0xC4, 0x42, 0x63, 0x32, 0x44, 0x32,
    0xA5, 0x3A, 0x84, 0x3A, 0x23, 0x2A, 0x24, 0x2A, 0x64, 0x32, 0x64, 0x32, 0x84, 0x32, 0x64, 0x32,
    0x23, 0x2A, 0x44, 0x2A, 0x64, 0x32, 0x64, 0x32, 0x44, 0x32, 0x64, 0x32, 0x64, 0x32, 0x43, 0x2A,
    0x03, 0x22, 0xE2, 0x21, 0x43, 0x2A, 0x85, 0x3A, 0x46, 0x42, 0x0D, 0x6B, 0x0F, 0x7B, 0xEF, 0x7A,
    0xCF, 0x72, 0xAE, 0x72, 0xCE, 0x72, 0xAD, 0x6A, 0xAE, 0x72, 0xCE, 0x72, 0xAE, 0x6A, 0xAE, 0x6A,
    0x0E, 0x6B, 0xEC, 0x62, 0xE9, 0x52, 0x8E, 0x8C, 0xEF, 0x9C, 0x8D, 0x8C, 0x31, 0xA5, 0xB3, 0xB5,
    0x93, 0xB5, 0x10, 0x9D, 0x4C, 0x84, 0x8D, 0x8C, 0x6C, 0x84, 0x4C, 0x84, 0x6C, 0x8C, 0x4C, 0x84,
    0x2B, 0x7C, 0x4C, 0x84, 0x2B, 0x7C, 0x0B, 0x7C, 0x0B, 0x7C, 0x2C, 0x7C, 0x4C, 0x84, 0x4C, 0x84,
    0x4C, 0x84, 0x6D, 0x84, 0x4C, 0x84, 0x2C, 0x7C, 0x4C, 0x84, 0x0C, 0x7C, 0xEB, 0x73, 0x2C, 0x7C,
    0x4D, 0x84, 0x0C, 0x7C, 0xAA, 0x6B, 0xAB, 0x6B, 0xCB, 0x6B, 0xCB, 0x73, 0xEC, 0x73, 0xAB, 0x6B,
    0x42, 0x11, 0x43, 0x11, 0x08, 0x2A, 0xED, 0x4A, 0x71, 0x5B, 0x51, 0x53, 0x72, 0x5B, 0x51, 0x53,
    0xF0, 0x42, 0xEF, 0x42, 0x30, 0x4B, 0x51, 0x53, 0x30, 0x4B, 0x51, 0x53, 0x30, 0x4B, 0x10, 0x4B,
    0x71, 0x53, 0xB2, 0x5B, 0xB2, 0x63, 0xB2, 0x63, 0xB2, 0x5B, 0xB2, 0x5B, 0xF3, 0x6B, 0x13, 0x6C,
    0xD2, 0x6B, 0xCC, 0x4A, 0x44, 0x11, 0x22, 0x11, 0x43, 0x11, 0x23, 0x11, 0xE9, 0x21, 0x2D, 0x2A,
    0x8E, 0x32, 0xAE, 0x3A, 0xCE, 0x42, 0x0E, 0x4B, 0x0E, 0x4B, 0x0E, 0x4B, 0xAC, 0x42, 0x0E, 0x53,
    0x8F, 0x63, 0x6F, 0x63, 0x8F, 0x6B, 0xB0, 0x6B, 0x11, 0x7C, 0x11, 0x7C, 0xD0, 0x73, 0xF0, 0x7B,
    0x72, 0x8C, 0x4C, 0x5B, 0xE1, 0x08, 0xE1, 0x08, 0x03, 0x19, 0xE7, 0x39, 0xED, 0x62, 0x90, 0x83,
    0xD1, 0x93, 0xB1, 0x93, 0xB1, 0x93, 0xB1, 0x9B, 0xB1, 0x93, 0x91, 0x93, 0x91, 0x9B, 0xB1, 0x9B,
    0xB1, 0x9B, 0xB1, 0x9B, 0xF2, 0xA3, 0x12, 0xA4, 0x32, 0xA4, 0x11, 0x94, 0xCB, 0x62, 0x64, 0x29,
    0x62, 0x19, 0xA3, 0x19, 0x82, 0x19, 0x83, 0x19, 0x62, 0x11, 0x42, 0x11, 0x83, 0x19, 0xA3, 0x21,
    0xE3, 0x29, 0x04, 0x2A, 0x04, 0x32, 0x04, 0x32, 0x03, 0x32, 0x23, 0x32, 0x44, 0x3A, 0xE3, 0x29,
    0xE3, 0x29, 0x24, 0x32, 0xC2, 0x29, 0x04, 0x32, 0xA2, 0x21, 0xA2, 0x21, 0xC3, 0x29, 0xA3, 0x21,
    0xE1, 0x10, 0xE1, 0x08, 0x01, 0x11, 0x42, 0x19, 0x42, 0x19, 0x42, 0x19, 0x62, 0x19, 0x83, 0x21,
    0x42, 0x19, 0x42, 0x19, 0xA0, 0x00, 0xA0, 0x08, 0x80, 0x00, 0x80, 0x00, 0x80, 0x00, 0x80, 0x00,
    0x80, 0x00, 0x60, 0x00, 0x60, 0x00, 0x80, 0x00, 0xE1, 0x08, 0x22, 0x11, 0x63, 0x11, 0x63, 0x11,
    0x63, 0x11, 0x42, 0x11, 0x42, 0x11, 0x43, 0x11, 0x63, 0x11, 0x83, 0x11, 0x63, 0x11, 0x63, 0x11,
    0x44, 0x19, 0x24, 0x21, 0xE4, 0x28, 0xC4, 0x28, 0xC4, 0x28, 0xC4, 0x28, 0xC3, 0x28, 0xC3, 0x28,
    0xE3, 0x28, 0xE3, 0x28, 0xC3, 0x28, 0xC3, 0x28, 0xC3, 0x28, 0xC3, 0x28, 0xC2, 0x20, 0xC2, 0x20,
    0xC2, 0x20, 0xC2, 0x28, 0xC2, 0x28, 0xC2, 0x20, 0xC2, 0x20, 0xA2, 0x20, 0xA2, 0x20, 0x81, 0x18,
    0x81, 0x10, 0x03, 0x19, 0x22, 0x09, 0x02, 0x09, 0x02, 0x09, 0x22, 0x09, 0x43, 0x11, 0x22, 0x09,
    0x02, 0x09, 0x22, 0x09, 0x22, 0x09, 0x22, 0x09, 0x02, 0x09, 0x22, 0x09, 0x22, 0x09, 0x43, 0x09,
    0x43, 0x11, 0xE2, 0x18, 0x81, 0x18, 0x82, 0x20, 0xA2, 0x20, 0xA2, 0x20, 0xC2, 0x28, 0xC2, 0x28,
    0xE3, 0x28, 0xE3, 0x28, 0x03, 0x31, 0x03, 0x31, 0x03, 0x31, 0x24, 0x39, 0x44, 0x41, 0x44, 0x41,
    0x64, 0x49, 0x64, 0x49, 0x64, 0x49, 0x65, 0x49, 0x84, 0x49, 0x64, 0x41, 0xA5, 0x41, 0xA5, 0x49,
    0xA4, 0x41, 0x42, 0x21, 0x42, 0x11, 0x82, 0x19, 0x82, 0x19, 0xA2, 0x19, 0xA2, 0x21, 0xC2, 0x21,
    0xC3, 0x21, 0xC2, 0x21, 0xA1, 0x19, 0xC2, 0x21, 0x24, 0x32, 0x44, 0x32, 0x23, 0x2A, 0xE3, 0x29,
    0xE2, 0x21, 0x02, 0x2A, 0x43, 0x32, 0x64, 0x32, 0x43, 0x2A, 0x23, 0x32, 0x03, 0x2A, 0xC2, 0x21,
    0x03, 0x2A, 0x64, 0x32, 0x84, 0x3A, 0x84, 0x3A, 0xC5, 0x42, 0x06, 0x53, 0xC9, 0x6B, 0x89, 0x6B,
    0x48, 0x63, 0x48, 0x63, 0x89, 0x6B, 0x68, 0x6B, 0xC9, 0x73, 0x2B, 0x7C, 0x0B, 0x7C, 0xEA, 0x7B,
    0x0B, 0x7C, 0x0B, 0x7C, 0xC9, 0x73, 0xEA, 0x73, 0x0A, 0x7C, 0xC9, 0x73, 0xC9, 0x73, 0xA9, 0x73,
    0xAA, 0x73, 0xA9, 0x6B, 0x68, 0x63, 0xC4, 0x42, 0xE4, 0x42, 0xC4, 0x42, 0x84, 0x3A, 0x64, 0x32,
    0x23, 0x2A, 0x43, 0x32, 0x64, 0x32, 0x64, 0x32, 0x84, 0x32, 0x84, 0x3A, 0x84, 0x32, 0x64, 0x32,
    0x43, 0x2A, 0x64, 0x32, 0x44, 0x2A, 0x03, 0x22, 0x03, 0x22, 0x23, 0x2A, 0x43, 0x2A, 0x23, 0x2A,
    0x23, 0x2A, 0x44, 0x2A, 0xE2, 0x21, 0x25, 0x3A, 0x2C, 0x6B, 0xEE, 0x72, 0xCE, 0x72, 0xAE, 0x6A,
    0x8D, 0x6A, 0xAE, 0x72, 0xCE, 0x72, 0xAE, 0x6A, 0x8D, 0x6A, 0x4C, 0x62, 0x4C, 0x62, 0x6D, 0x62,
    0x6D, 0x62, 0xEC, 0x6A, 0x8F, 0x94, 0xEF, 0x9C, 0x8D, 0x8C, 0x10, 0x9D, 0x72, 0xAD, 0x72, 0xAD,
    0x93, 0xAD, 0x72, 0xAD, 0x0F, 0x9D, 0x6C, 0x8C, 0x4C, 0x84, 0x6C, 0x84, 0x2B, 0x7C, 0x0B, 0x7C,
    0xEA, 0x73, 0xC9, 0x6B, 0x0B, 0x7C, 0x4C, 0x84, 0x4C, 0x84, 0x6D, 0x84, 0x4C, 0x84, 0x0B, 0x7C,
    0xEA, 0x73, 0x4C, 0x84, 0x0B, 0x7C, 0xAA, 0x6B, 0xEB, 0x73, 0xCB, 0x73, 0xCA, 0x73, 0x2C, 0x7C,
    0x4D, 0x84, 0x0C, 0x7C, 0x8A, 0x6B, 0x6A, 0x63, 0xAB, 0x6B, 0xAA, 0x6B, 0xAA, 0x6B, 0xEC, 0x73,
    0xA6, 0x21, 0x8A, 0x3A, 0x2F, 0x53, 0x0F, 0x4B, 0xF0, 0x4A, 0xCF, 0x42, 0x51, 0x53, 0x51, 0x53,
    0xCF, 0x42, 0xCF, 0x42, 0x10, 0x4B, 0x92, 0x53, 0x51, 0x53, 0xEF, 0x4A, 0x30, 0x53, 0x71, 0x53,
    0x51, 0x53, 0x30, 0x4B, 0x51, 0x53, 0x91, 0x5B, 0x71, 0x5B, 0x91, 0x5B, 0x71, 0x5B, 0xB2, 0x63,
    0xF3, 0x6B, 0xF2, 0x6B, 0x6F, 0x5B, 0x69, 0x3A, 0x44, 0x11, 0x64, 0x19, 0x2A, 0x2A, 0x4D, 0x2A,
    0x2D, 0x2A, 0x8D, 0x3A, 0x8D, 0x3A, 0xAD, 0x3A, 0xCD, 0x42, 0xCD, 0x4A, 0xEE, 0x4A, 0x0D, 0x53,
    0x6F, 0x5B, 0x4E, 0x5B, 0xAF, 0x6B, 0x8F, 0x6B, 0xF0, 0x73, 0x31, 0x7C, 0xD0, 0x73, 0x10, 0x7C,
    0x71, 0x8C, 0xAE, 0x73, 0x22, 0x11, 0x65, 0x21, 0xCC, 0x5A, 0x90, 0x83, 0x91, 0x8B, 0x50, 0x8B,
    0x71, 0x8B, 0x71, 0x93, 0x71, 0x93, 0x71, 0x93, 0x91, 0x93, 0x91, 0x93, 0x91, 0x93, 0x70, 0x93,
    0x70, 0x93, 0xB1, 0x9B, 0xB1, 0x9B, 0xD1, 0x9B, 0xF1, 0x9B, 0x32, 0xA4, 0x73, 0xA4, 0xCF, 0x8B,
    0x68, 0x4A, 0xA4, 0x21, 0xA3, 0x19, 0xE4, 0x29, 0xA3, 0x21, 0x83, 0x19, 0x83, 0x19, 0x41, 0x11,
    0xA3, 0x21, 0x65, 0x3A, 0x65, 0x3A, 0x03, 0x2A, 0x44, 0x32, 0x23, 0x32, 0x24, 0x32, 0x44, 0x3A,
    0xE3, 0x29, 0x03, 0x32, 0xC2, 0x29, 0xA2, 0x21, 0xC2, 0x21, 0x41, 0x19, 0x82, 0x21, 0x82, 0x21,
    0x42, 0x19, 0xC1, 0x08, 0x01, 0x11, 0x62, 0x19, 0x42, 0x19, 0x22, 0x19, 0x02, 0x11, 0x23, 0x19,
    0x64, 0x29, 0xC6, 0x31, 0x24, 0x21, 0xA2, 0x10, 0x40, 0x00, 0x60, 0x00, 0x60, 0x00, 0x80, 0x00,
    0x80, 0x00, 0x80, 0x00, 0xA0, 0x00, 0xE1, 0x00, 0x22, 0x11, 0x43, 0x11, 0x42, 0x09, 0x43, 0x11,
    0x63, 0x11, 0x63, 0x11, 0x43, 0x11, 0x42, 0x09, 0x63, 0x11, 0x63, 0x11, 0x83, 0x11, 0x83, 0x19,
    0x64, 0x19, 0x24, 0x21, 0xE4, 0x28, 0xC4, 0x28, 0xC4, 0x28, 0xE4, 0x20, 0xC3, 0x28, 0xA3, 0x28,
    0xC3, 0x28, 0xC3, 0x28, 0xC3, 0x28, 0xE3, 0x28, 0xE3, 0x28, 0xC3, 0x20, 0xC3, 0x20, 0xC2, 0x20,
    0xC2, 0x20, 0xC3, 0x28, 0xA2, 0x20, 0xA2, 0x20, 0xA2, 0x20, 0x82, 0x20, 0xA2, 0x20, 0x81, 0x18,
    0xA1, 0x10, 0x23, 0x11, 0x23, 0x09, 0x02, 0x09, 0x02, 0x09, 0x22, 0x09, 0x43, 0x11, 0x43, 0x11,
    0x22, 0x09, 0x22, 0x09, 0x22, 0x09, 0x02, 0x09, 0x02, 0x09, 0x02, 0x09, 0xE2, 0x08, 0x02, 0x09,
    0x02, 0x09, 0xE2, 0x18, 0x82, 0x18, 0x82, 0x20, 0xA2, 0x20, 0xA2, 0x20, 0xA3, 0x28, 0xC3, 0x28,
    0xE3, 0x28, 0xE3, 0x30, 0xE3, 0x30, 0x03, 0x31, 0x24, 0x39, 0x24, 0x39, 0x44, 0x41, 0x44, 0x41,
    0x64, 0x49, 0x64, 0x49, 0x85, 0x49, 0x85, 0x49, 0x84, 0x49, 0xA5, 0x49, 0xA5, 0x49, 0xA5, 0x41,
    0xA3, 0x31, 0x62, 0x19, 0x62, 0x19, 0x82, 0x19, 0x82, 0x19, 0x61, 0x19, 0xA2, 0x21, 0xC2, 0x21,
    0xC2, 0x21, 0xE2, 0x29, 0x03, 0x32, 0x44, 0x3A, 0x84, 0x3A, 0xA4, 0x42, 0xA5, 0x42, 0xA4, 0x42,
    0x84, 0x3A, 0x84, 0x3A, 0xA5, 0x42, 0xA4, 0x42, 0x84, 0x3A, 0x84, 0x3A, 0x44, 0x32, 0x44, 0x32,
    0x64, 0x32, 0x63, 0x32, 0x84, 0x3A, 0xA4, 0x3A, 0x83, 0x3A, 0x06, 0x53, 0x68, 0x63, 0xA9, 0x6B,
    0x88, 0x6B, 0x68, 0x63, 0xA9, 0x73, 0xCA, 0x73, 0x89, 0x6B, 0x68, 0x63, 0x89, 0x6B, 0xCA, 0x73,
    0xEA, 0x73, 0xC9, 0x73, 0xA9, 0x6B, 0x89, 0x6B, 0x68, 0x6B, 0x48, 0x63, 0x89, 0x6B, 0xA9, 0x73,
    0x69, 0x63, 0x89, 0x6B, 0x48, 0x5B, 0x84, 0x42, 0xC5, 0x42, 0x84, 0x3A, 0x44, 0x32, 0x65, 0x3A,
    0x65, 0x3A, 0x45, 0x3A, 0x44, 0x32, 0x64, 0x32, 0x84, 0x32, 0xA5, 0x3A, 0x64, 0x32, 0x23, 0x2A,
    0x64, 0x32, 0xE2, 0x21, 0xE2, 0x21, 0x23, 0x2A, 0x03, 0x2A, 0x02, 0x22, 0x64, 0x32, 0x84, 0x32,
    0x84, 0x3A, 0xA5, 0x32, 0x24, 0x32, 0xCA, 0x5A, 0x2F, 0x73, 0xAD, 0x6A, 0xAE, 0x6A, 0x8D, 0x6A,
    0x6D, 0x62, 0x8D, 0x6A, 0xAE, 0x6A, 0x8D, 0x6A, 0x4C, 0x62, 0x2C, 0x5A, 0x4C, 0x62, 0x6C, 0x62,
    0x6B, 0x5A, 0xEE, 0x83, 0xAF, 0x9C, 0xAE, 0x94, 0x30, 0xA5, 0x92, 0xAD, 0x72, 0xAD, 0x72, 0xAD,
    0x72, 0xAD, 0x72, 0xAD, 0xB3, 0xB5, 0x30, 0x9D, 0x6C, 0x84, 0x4B, 0x84, 0x2B, 0x7C, 0x0B, 0x7C,
    0xEA, 0x73, 0xCA, 0x73, 0x0B, 0x74, 0xCA, 0x73, 0xEA, 0x73, 0x2B, 0x7C, 0x2B, 0x7C, 0x0B, 0x7C,
    0x0B, 0x7C, 0x2B, 0x7C, 0xEA, 0x73, 0xEB, 0x73, 0xAA, 0x6B, 0x8A, 0x6B, 0xA9, 0x6B, 0xCA, 0x73,
    0x0B, 0x7C, 0xEB, 0x7B, 0xCA, 0x6B, 0xEB, 0x73, 0xAB, 0x6B, 0xCB, 0x6B, 0xAB, 0x6B, 0x8A, 0x6B,
    0x8C, 0x3A, 0x0F, 0x4B, 0x10, 0x4B, 0xCF, 0x42, 0xCF, 0x42, 0x8E, 0x3A, 0xCF, 0x42, 0xCF, 0x42,
    0xAE, 0x3A, 0xCF, 0x42, 0x30, 0x4B, 0x71, 0x53, 0x92, 0x5B, 0x50, 0x53, 0x50, 0x53, 0x71, 0x5B,
    0x50, 0x53, 0x71, 0x5B, 0x50, 0x5B, 0x91, 0x5B, 0x71, 0x5B, 0x91, 0x5B, 0x50, 0x53, 0x50, 0x53,
    0x91, 0x5B, 0xB1, 0x63, 0xB1, 0x63, 0x90, 0x5B, 0xEC, 0x4A, 0xA6, 0x19, 0x0A, 0x22, 0x4D, 0x2A,
    0x0C, 0x22, 0x2C, 0x2A, 0x2C, 0x2A, 0x6C, 0x3A, 0xAD, 0x42, 0xCD, 0x4A, 0xCD, 0x4A, 0x8C, 0x42,
    0xED, 0x4A, 0x4E, 0x5B, 0x6E, 0x5B, 0xAF, 0x6B, 0x6E, 0x63, 0xAF, 0x6B, 0x6E, 0x63, 0xAF, 0x73,
    0x10, 0x84, 0x2D, 0x6B, 0xC7, 0x39, 0x2D, 0x6B, 0x90, 0x83, 0x2F, 0x83, 0x50, 0x8B, 0x30, 0x8B,
    0x50, 0x8B, 0x2F, 0x83, 0x2F, 0x8B, 0x50, 0x93, 0x50, 0x93, 0x2F, 0x8B, 0x70, 0x93, 0xB1, 0x9B,
    0x91, 0x9B, 0xB1, 0x9B, 0xD1, 0x9B, 0xD1, 0x9B, 0xF1, 0x9B, 0xF1, 0x9B, 0x11, 0x9C, 0x52, 0xA4,
    0x31, 0x9C, 0xAA, 0x5A, 0x22, 0x19, 0xC3, 0x21, 0xE4, 0x21, 0x62, 0x11, 0x61, 0x11, 0xC3, 0x29,
    0xE3, 0x29, 0x24, 0x32, 0x85, 0x42, 0x24, 0x32, 0x24, 0x32, 0x03, 0x32, 0x03, 0x32, 0x64, 0x3A,
    0x44, 0x3A, 0xE3, 0x29, 0x03, 0x32, 0x61, 0x19, 0xC2, 0x21, 0xC3, 0x29, 0x81, 0x19, 0x61, 0x19,
    0x01, 0x11, 0x80, 0x00, 0x02, 0x11, 0x02, 0x11, 0x02, 0x11, 0x23, 0x19, 0xE7, 0x39, 0x8B, 0x5A,
    0xAC, 0x62, 0xCD, 0x62, 0xEE, 0x6A, 0xCD, 0x62, 0x08, 0x42, 0xE2, 0x10, 0x80, 0x00, 0xE1, 0x08,
    0x22, 0x11, 0x22, 0x11, 0x22, 0x11, 0x42, 0x11, 0x42, 0x11, 0x63, 0x11, 0x63, 0x11, 0x43, 0x11,
    0x62, 0x11, 0x22, 0x09, 0x22, 0x09, 0x42, 0x09, 0x63, 0x11, 0x63, 0x11, 0x63, 0x11, 0x63, 0x11,
    0x43, 0x19, 0x44, 0x21, 0x04, 0x21, 0xC4, 0x28, 0xC4, 0x20, 0xC4, 0x20, 0xC4, 0x28, 0xC4, 0x28,
    0xC3, 0x28, 0xC3, 0x28, 0xC3, 0x28, 0xE3, 0x28, 0xE3, 0x28, 0xC3, 0x28, 0xC3, 0x20, 0xC3, 0x20,
    0xC3, 0x20, 0xC3, 0x28, 0xA2, 0x20, 0xA2, 0x20, 0xA2, 0x20, 0x82, 0x20, 0x82, 0x20, 0x82, 0x18,
    0xC2, 0x10, 0xE2, 0x08, 0xE2, 0x08, 0xA1, 0x00, 0xA1, 0x00, 0xE1, 0x00, 0x22, 0x09, 0x22, 0x09,
    0x22, 0x09, 0x22, 0x09, 0x22, 0x09, 0x22, 0x09, 0x02, 0x09, 0xE2, 0x08, 0xE2, 0x08, 0x22, 0x09,
    0x02, 0x11, 0xE2, 0x10, 0xA2, 0x18, 0x82, 0x20, 0xA2, 0x20, 0xA2, 0x20, 0xA2, 0x20, 0xC3, 0x28,
    0xC3, 0x28, 0xE3, 0x30, 0x03, 0x31, 0x03, 0x39, 0x03, 0x39, 0x24, 0x41, 0x64, 0x49, 0x64, 0x49,
    0x64, 0x49, 0x85, 0x51, 0x85, 0x51, 0xA5, 0x51, 0xA5, 0x51, 0x84, 0x49, 0x84, 0x41, 0xA4, 0x41,
    0x63, 0x29, 0x62, 0x19, 0x42, 0x11, 0x82, 0x19, 0x82, 0x19, 0x82, 0x19, 0xA2, 0x21, 0x03, 0x2A,
    0x23, 0x2A, 0x64, 0x3A, 0x84, 0x3A, 0xA4, 0x42, 0xA4, 0x42, 0xA4, 0x42, 0x43, 0x3A, 0xA4, 0x42,
    0xE5, 0x4A, 0xC4, 0x42, 0xA4, 0x42, 0xA4, 0x42, 0x64, 0x3A, 0x44, 0x3A, 0x65, 0x3A, 0x24, 0x32,
    0xE3, 0x29, 0xE2, 0x29, 0x43, 0x32, 0xC4, 0x42, 0xA4, 0x42, 0x06, 0x53, 0x28, 0x5B, 0x48, 0x63,
    0x68, 0x63, 0x47, 0x63, 0xC6, 0x52, 0xE6, 0x52, 0x68, 0x63, 0x68, 0x63, 0x27, 0x5B, 0xA9, 0x6B,
    0xA9, 0x6B, 0xA9, 0x6B, 0x07, 0x5B, 0x47, 0x63, 0x89, 0x6B, 0x89, 0x6B, 0x89, 0x6B, 0x89, 0x6B,
    0x49, 0x63, 0x28, 0x63, 0x48, 0x63, 0x84, 0x3A, 0x84, 0x3A, 0x44, 0x3A, 0xE8, 0x5A, 0xCD, 0x83,
    0x4F, 0x94, 0xEE, 0x8B, 0x2A, 0x6B, 0x25, 0x3A, 0x44, 0x32, 0x64, 0x32, 0x23, 0x2A, 0x23, 0x2A,
    0x24, 0x2A, 0x44, 0x2A, 0x44, 0x2A, 0xA5, 0x3A, 0xA5, 0x3A, 0x63, 0x32, 0x43, 0x32, 0x03, 0x2A,
    0x23, 0x2A, 0x43, 0x32, 0x87, 0x42, 0x2D, 0x6B, 0x8D, 0x6A, 0x6D, 0x6A, 0x6D, 0x62, 0x4C, 0x62,
    0x6D, 0x62, 0x6C, 0x62, 0x2C, 0x5A, 0x2C, 0x5A, 0x0B, 0x5A, 0xEB, 0x51, 0x4C, 0x5A, 0x4B, 0x5A,
    0xEB, 0x6A, 0xD0, 0x9C, 0x51, 0xAD, 0xB2, 0xB5, 0x92, 0xAD, 0x72, 0xAD, 0x72, 0xAD, 0x72, 0xAD,
    0x72, 0xAD, 0x72, 0xAD, 0x31, 0xA5, 0x51, 0xA5, 0x30, 0x9D, 0xEF, 0x94, 0x8D, 0x8C, 0x4C, 0x84,
    0x0B, 0x7C, 0x0B, 0x7C, 0xEA, 0x73, 0xEA, 0x73, 0x4C, 0x84, 0x2B, 0x7C, 0x2C, 0x7C, 0xEB, 0x73,
    0xCA, 0x73, 0xEA, 0x73, 0x0B, 0x7C, 0xCA, 0x73, 0x0B, 0x7C, 0x0C, 0x7C, 0xCA, 0x6B, 0xCA, 0x73,
    0xEB, 0x73, 0xEB, 0x7B, 0xCA, 0x6B, 0x6A, 0x63, 0xEC, 0x73, 0xAB, 0x6B, 0x8A, 0x63, 0x6A, 0x63,
    0xF0, 0x42, 0xCF, 0x42, 0xCF, 0x42, 0xCF, 0x42, 0xCF, 0x42, 0x10, 0x4B, 0xF0, 0x42, 0xCF, 0x42,
    0xEF, 0x42, 0xF0, 0x4A, 0x51, 0x53, 0x71, 0x5B, 0xB2, 0x63, 0x91, 0x5B, 0xB1, 0x63, 0x91, 0x63,
    0x50, 0x5B, 0x70, 0x5B, 0x91, 0x63, 0x91, 0x63, 0x91, 0x63, 0x71, 0x5B, 0x71, 0x5B, 0x91, 0x5B,
    0x71, 0x5B, 0x91, 0x5B, 0xB2, 0x63, 0x91, 0x63, 0x90, 0x63, 0x6B, 0x3A, 0xCA, 0x21, 0x2C, 0x2A,
    0x0C, 0x22, 0x2C, 0x2A, 0xEB, 0x21, 0x2C, 0x32, 0x2B, 0x32, 0x2B, 0x32, 0x6B, 0x3A, 0xED, 0x4A,
    0xAC, 0x42, 0xCC, 0x4A, 0x0D, 0x53, 0x0D, 0x53, 0x2D, 0x5B, 0x6E, 0x63, 0x8E, 0x6B, 0x4D, 0x63,
    0x8F, 0x73, 0xED, 0x6A, 0xCD, 0x72, 0x2F, 0x83, 0x0F, 0x83, 0x10, 0x83, 0xEF, 0x82, 0xEE, 0x7A,
    0xEF, 0x82, 0x0F, 0x83, 0x50, 0x8B, 0x50, 0x93, 0x50, 0x93, 0x50, 0x93, 0x71, 0x93, 0x90, 0x93,
    0x70, 0x93, 0x70, 0x93, 0xD1, 0x9B, 0xF1, 0xA3, 0xF1, 0x9B, 0xF1, 0x9B, 0xF1, 0xA3, 0xD1, 0x9B,
    0xD1, 0x9B, 0x11, 0x9C, 0x69, 0x52, 0x02, 0x19, 0x62, 0x19, 0xC3, 0x21, 0x24, 0x32, 0x44, 0x3A,
    0xE3, 0x29, 0xE2, 0x29, 0x44, 0x32, 0x23, 0x32, 0x03, 0x32, 0x23, 0x32, 0x03, 0x32, 0xE3, 0x29,
    0x24, 0x32, 0xE3, 0x29, 0xE2, 0x29, 0x81, 0x21, 0x82, 0x19, 0x61, 0x19, 0xA2, 0x21, 0xC3, 0x29,
    0xA3, 0x21, 0x02, 0x11, 0x22, 0x11, 0x22, 0x19, 0xC2, 0x10, 0xE8, 0x39, 0x8C, 0x5A, 0x6C, 0x62,
    0x4C, 0x62, 0x4C, 0x62, 0x4C, 0x62, 0x8D, 0x62, 0xAC, 0x62, 0x6A, 0x52, 0x84, 0x21, 0x42, 0x11,
    0x62, 0x11, 0x82, 0x11, 0x83, 0x19, 0x63, 0x11, 0x42, 0x11, 0x22, 0x09, 0x22, 0x09, 0x42, 0x11,
    0x42, 0x11, 0x42, 0x11, 0x42, 0x11, 0x63, 0x11, 0x63, 0x11, 0x43, 0x11, 0x22, 0x11, 0x22, 0x09,
    0x43, 0x11, 0x23, 0x11, 0x04, 0x21, 0xC4, 0x20, 0xC4, 0x20, 0xE4, 0x20, 0xC4, 0x28, 0xE4, 0x28,
    0xC4, 0x28, 0xC4, 0x28, 0xC4, 0x28, 0xC4, 0x28, 0xC3, 0x28, 0xC3, 0x20, 0xC3, 0x28, 0xC3, 0x20,
    0xC3, 0x20, 0xC3, 0x20, 0xA2, 0x20, 0xA2, 0x20, 0xA2, 0x20, 0x82, 0x20, 0x82, 0x18, 0x82, 0x18,
    0xC2, 0x10, 0x02, 0x09, 0x02, 0x09, 0xC1, 0x00, 0xA1, 0x00, 0xE2, 0x08, 0x02, 0x09, 0x02, 0x09,
    0xE2, 0x08, 0xE2, 0x08, 0xE2, 0x08, 0xE1, 0x00, 0xC1, 0x00, 0xE2, 0x00, 0xE2, 0x08, 0xE2, 0x08,
    0xE2, 0x08, 0xE2, 0x10, 0xC2, 0x18, 0x82, 0x18, 0x82, 0x18, 0xA2, 0x20, 0xA2, 0x20, 0xC3, 0x28,
    0xC3, 0x28, 0xE3, 0x30, 0x03, 0x31, 0x03, 0x39, 0x24, 0x41, 0x44, 0x41, 0x44, 0x49, 0x64, 0x49,
    0x85, 0x51, 0x85, 0x51, 0x85, 0x51, 0xA5, 0x59, 0xC6, 0x51, 0xA5, 0x49, 0x84, 0x41, 0xA4, 0x39,
    0x82, 0x29, 0x61, 0x19, 0x41, 0x11, 0x62, 0x19, 0x61, 0x19, 0x81, 0x19, 0xC2, 0x21, 0x03, 0x2A,
    0x43, 0x32, 0x63, 0x32, 0x63, 0x3A, 0xA4, 0x42, 0x84, 0x42, 0x43, 0x3A, 0x63, 0x3A, 0xA3, 0x42,
    0xA4, 0x42, 0x63, 0x3A, 0x63, 0x3A, 0x65, 0x3A, 0xC8, 0x4A, 0x8D, 0x63, 0xAE, 0x6B, 0x6D, 0x63,
    0x2B, 0x5B, 0xC8, 0x4A, 0x84, 0x3A, 0xA3, 0x42, 0xC5, 0x4A, 0xC6, 0x4A, 0xC6, 0x52, 0xE7, 0x5A,
    0xE6, 0x52, 0x69, 0x63, 0xA9, 0x6B, 0x48, 0x5B, 0x07, 0x53, 0x48, 0x63, 0x89, 0x6B, 0x89, 0x6B,
    0xE6, 0x52, 0xE6, 0x52, 0x27, 0x5B, 0x48, 0x63, 0x27, 0x5B, 0x68, 0x63, 0xAA, 0x6B, 0x69, 0x63,
    0x48, 0x63, 0x08, 0x5B, 0x28, 0x5B, 0xA5, 0x42, 0x43, 0x32, 0xC7, 0x5A, 0x4F, 0x9C, 0x51, 0xB4,
    0x51, 0xB4, 0x51, 0xB4, 0x71, 0xAC, 0xAC, 0x7B, 0x25, 0x32, 0xE3, 0x21, 0x23, 0x2A, 0x23, 0x2A,
    0xA2, 0x19, 0xA2, 0x19, 0x23, 0x2A, 0x84, 0x3A, 0xA4, 0x3A, 0x84, 0x3A, 0x23, 0x2A, 0x03, 0x2A,
    0x23, 0x2A, 0x64, 0x3A, 0xA9, 0x52, 0x8C, 0x62, 0x4C, 0x62, 0x2B, 0x62, 0x4C, 0x62, 0x4C, 0x5A,
    0x6C, 0x62, 0x2B, 0x5A, 0x0B, 0x52, 0x0B, 0x52, 0x0B, 0x5A, 0x2C, 0x5A, 0x0A, 0x52, 0xAB, 0x62,
    0x4E, 0x8C, 0xAE, 0x94, 0xCE, 0x94, 0x10, 0xA5, 0x51, 0xA5, 0x31, 0xA5, 0x51, 0xA5, 0x51, 0xA5,
    0x31, 0xA5, 0x31, 0xA5, 0x31, 0xA5, 0x51, 0xA5, 0x0F, 0x9D, 0x6D, 0x84, 0x0B, 0x7C, 0x0B, 0x7C,
    0x0A, 0x7C, 0xEA, 0x73, 0x4C, 0x7C, 0x2B, 0x7C, 0x0B, 0x7C, 0x0B, 0x7C, 0x4C, 0x84, 0x4C, 0x84,
    0x2B, 0x7C, 0xCA, 0x73, 0xCA, 0x73, 0xCA, 0x73, 0x0B, 0x7C, 0xEB, 0x73, 0xAA, 0x6B, 0x8A, 0x6B,
    0x8A, 0x6B, 0xEB, 0x73, 0xCA, 0x6B, 0x29, 0x5B, 0x6A, 0x63, 0x8A, 0x6B, 0x49, 0x5B, 0x4A, 0x5B,
    0xAF, 0x3A, 0x6E, 0x32, 0xAE, 0x3A, 0xF0, 0x4A, 0xCF, 0x42, 0xCF, 0x4A, 0x10, 0x4B, 0xF0, 0x4A,
    0x10, 0x4B, 0xEF, 0x4A, 0x10, 0x4B, 0xEF, 0x4A, 0x50, 0x53, 0x2F, 0x53, 0x50, 0x53, 0x50, 0x5B,
    0x70, 0x5B, 0x91, 0x63, 0x91, 0x63, 0x30, 0x53, 0x70, 0x5B, 0x70, 0x5B, 0x71, 0x5B, 0xB2, 0x63,
    0x51, 0x5B, 0x70, 0x5B, 0x71, 0x5B, 0x91, 0x63, 0xB1, 0x63, 0x4F, 0x53, 0xEB, 0x21, 0x8A, 0x19,
    0xEB, 0x21, 0x0C, 0x2A, 0x0B, 0x2A, 0xEB, 0x21, 0xEA, 0x29, 0x4B, 0x32, 0x4B, 0x3A, 0xCC, 0x42,
    0xCC, 0x4A, 0x8B, 0x42, 0x2E, 0x5B, 0x2D, 0x5B, 0x8E, 0x63, 0x8F, 0x6B, 0x4D, 0x63, 0x0C, 0x63,
    0x4E, 0x73, 0x2E, 0x7B, 0x2F, 0x83, 0xEF, 0x7A, 0x30, 0x83, 0xEF, 0x82, 0x0F, 0x83, 0xEF, 0x7A,
    0xEF, 0x82, 0x30, 0x8B, 0x30, 0x8B, 0xCE, 0x7A, 0xEE, 0x82, 0x50, 0x8B, 0x30, 0x8B, 0x90, 0x93,
    0x4F, 0x8B, 0x4F, 0x8B, 0x70, 0x93, 0xB0, 0x9B, 0x90, 0x9B, 0xB1, 0x9B, 0xD1, 0x9B, 0x90, 0x9B,
    0x90, 0x9B, 0xD1, 0x9B, 0x11, 0x9C, 0xAA, 0x5A, 0xE1, 0x18, 0xC3, 0x29, 0x65, 0x3A, 0x44, 0x3A,
    0x23, 0x32, 0x24, 0x32, 0x03, 0x2A, 0xC2, 0x21, 0x44, 0x32, 0x23, 0x32, 0x03, 0x32, 0x03, 0x32,
    0x23, 0x32, 0xA2, 0x21, 0xA2, 0x21, 0x82, 0x21, 0x01, 0x11, 0x41, 0x19, 0xA2, 0x21, 0x62, 0x21,
    0x62, 0x21, 0x22, 0x19, 0xA0, 0x08, 0xA1, 0x08, 0x86, 0x31, 0x4B, 0x52, 0xEB, 0x51, 0x0B, 0x5A,
    0x0B, 0x5A, 0x2C, 0x62, 0x4C, 0x62, 0x2C, 0x5A, 0xEA, 0x51, 0x2B, 0x52, 0x69, 0x52, 0xC5, 0x29,
    0x83, 0x19, 0x83, 0x11, 0x62, 0x11, 0x22, 0x09, 0x01, 0x09, 0x22, 0x09, 0x42, 0x09, 0x42, 0x11,
    0x42, 0x09, 0x42, 0x11, 0x22, 0x09, 0x22, 0x09, 0x22, 0x09, 0x22, 0x09, 0x02, 0x09, 0x02, 0x09,
    0x02, 0x09, 0x03, 0x09, 0x03, 0x19, 0xC4, 0x18, 0xC4, 0x20, 0xC4, 0x20, 0xC3, 0x20, 0xC4, 0x28,
    0xC3, 0x28, 0xC3, 0x28, 0xC3, 0x20, 0xC3, 0x20, 0xA3, 0x20, 0xA3, 0x20, 0xA3, 0x20, 0xA3, 0x20,
    0xA3, 0x20, 0xA2, 0x20, 0xA2, 0x20, 0x82, 0x20, 0x82, 0x20, 0x82, 0x20, 0x82, 0x18, 0xA2, 0x18,
    0xE2, 0x10, 0x02, 0x09, 0xE2, 0x08, 0xE2, 0x08, 0xE2, 0x08, 0xE2, 0x08, 0xC1, 0x00, 0xC1, 0x00,
    0xE2, 0x08, 0xC1, 0x00, 0xC1, 0x00, 0xE2, 0x08, 0xC1, 0x00, 0xC1, 0x00, 0xE2, 0x08, 0xE2, 0x08,
    0xE2, 0x00, 0xC1, 0x08, 0xC2, 0x10, 0x81, 0x18, 0x82, 0x18, 0xA2, 0x18, 0xA2, 0x20, 0xC3, 0x28,
    0xE3, 0x30, 0x03, 0x31, 0x03, 0x39, 0x04, 0x39, 0x44, 0x41, 0x44, 0x41, 0x44, 0x49, 0x64, 0x49,
    0x85, 0x51, 0x85, 0x51, 0x85, 0x51, 0x85, 0x51, 0xA5, 0x51, 0xA5, 0x49, 0x84, 0x41, 0xA3, 0x31,
    0xC3, 0x29, 0xE3, 0x29, 0xA3, 0x21, 0x82, 0x19, 0x82, 0x21, 0xC2, 0x21, 0x03, 0x2A, 0x03, 0x2A,
    0x43, 0x32, 0x43, 0x32, 0x43, 0x32, 0x63, 0x3A, 0x43, 0x3A, 0x64, 0x3A, 0x63, 0x3A, 0xC4, 0x42,
    0x84, 0x3A, 0x23, 0x32, 0x66, 0x42, 0x6C, 0x5B, 0xAF, 0x6B, 0xB0, 0x73, 0xD1, 0x73, 0xB0, 0x73,
    0xD1, 0x73, 0xF0, 0x73, 0x6B, 0x63, 0xA5, 0x42, 0xC5, 0x4A, 0x64, 0x42, 0x65, 0x42, 0xE7, 0x52,
    0x07, 0x5B, 0x07, 0x5B, 0x48, 0x63, 0x68, 0x63, 0x48, 0x63, 0x48, 0x5B, 0x68, 0x63, 0x47, 0x5B,
    0x27, 0x5B, 0x06, 0x53, 0x27, 0x5B, 0x07, 0x5B, 0x27, 0x5B, 0x07, 0x53, 0x07, 0x53, 0x07, 0x53,
    0xE7, 0x52, 0x08, 0x5B, 0x08, 0x5B, 0xE7, 0x4A, 0x24, 0x3A, 0xAC, 0x83, 0xEE, 0xA3, 0x8E, 0xA3,
    0x8E, 0xA3, 0xCF, 0xA3, 0xAE, 0x9B, 0xEE, 0x9B, 0xA8, 0x52, 0x03, 0x2A, 0x64, 0x32, 0x44, 0x32,
    0x03, 0x22, 0x03, 0x2A, 0x23, 0x2A, 0x23, 0x2A, 0xE2, 0x21, 0x23, 0x2A, 0x64, 0x32, 0x84, 0x32,
    0x84, 0x3A, 0x85, 0x3A, 0xA9, 0x52, 0x2B, 0x5A, 0x0B, 0x5A, 0x2B, 0x5A, 0x2B, 0x5A, 0x4B, 0x5A,
    0x2B, 0x5A, 0x2B, 0x5A, 0x2B, 0x5A, 0x0B, 0x52, 0x2B, 0x5A, 0x2B, 0x5A, 0x2A, 0x52, 0xCD, 0x7B,
    0xAE, 0x94, 0x4C, 0x8C, 0x0B, 0x7C, 0x4D, 0x84, 0xAE, 0x94, 0x51, 0xA5, 0x31, 0xA5, 0x31, 0xA5,
    0x51, 0xA5, 0x51, 0xA5, 0x30, 0xA5, 0x6D, 0x8C, 0x2B, 0x7C, 0xEA, 0x73, 0x89, 0x6B, 0xEA, 0x73,
    0x0B, 0x7C, 0x2B, 0x7C, 0xEA, 0x73, 0xA9, 0x6B, 0xA9, 0x6B, 0xEA, 0x73, 0xEB, 0x73, 0x6C, 0x84,
    0x2C, 0x7C, 0xEB, 0x73, 0xCA, 0x73, 0xAA, 0x6B, 0xEB, 0x73, 0xAA, 0x6B, 0x48, 0x5B, 0x69, 0x63,
    0xCA, 0x73, 0xCA, 0x6B, 0x49, 0x5B, 0x89, 0x63, 0x8A, 0x6B, 0x6A, 0x63, 0x09, 0x5B, 0x6A, 0x63,
    0xD0, 0x42, 0xAF, 0x42, 0xCF, 0x42, 0xCF, 0x42, 0xCF, 0x42, 0xCF, 0x42, 0xAF, 0x42, 0xAE, 0x42,
    0xEF, 0x4A, 0xEF, 0x4A, 0xEF, 0x42, 0x8E, 0x3A, 0xAE, 0x42, 0x30, 0x53, 0x0F, 0x4B, 0x0F, 0x53,
    0x30, 0x53, 0x50, 0x53, 0x91, 0x63, 0x50, 0x5B, 0x50, 0x5B, 0x50, 0x5B, 0x0F, 0x53, 0x50, 0x5B,
    0x71, 0x5B, 0x91, 0x5B, 0x71, 0x5B, 0x70, 0x5B, 0x70, 0x5B, 0x91, 0x63, 0xEF, 0x4A, 0x49, 0x11,
    0x69, 0x11, 0xAA, 0x19, 0xEA, 0x21, 0x2B, 0x2A, 0x0A, 0x2A, 0x0A, 0x2A, 0x6B, 0x3A, 0xCC, 0x4A,
    0xED, 0x4A, 0xCC, 0x4A, 0x0D, 0x5B, 0xCC, 0x52, 0x8B, 0x4A, 0x8B, 0x4A, 0xAA, 0x4A, 0xEC, 0x5A,
    0xCD, 0x62, 0xCE, 0x72, 0x0F, 0x7B, 0xEF, 0x7A, 0x0F, 0x7B, 0x0F, 0x7B, 0xEF, 0x82, 0x0F, 0x83,
    0xEF, 0x82, 0xCE, 0x7A, 0xEF, 0x82, 0xEE, 0x82, 0x0F, 0x8B, 0x71, 0x93, 0x2F, 0x8B, 0x4F, 0x8B,
    0x70, 0x93, 0x4F, 0x93, 0x4F, 0x93, 0x90, 0x9B, 0x70, 0x9B, 0x90, 0x9B, 0x90, 0x9B, 0x90, 0x9B,
    0x90, 0x9B, 0xB0, 0x9B, 0xD1, 0x9B, 0x11, 0x9C, 0x48, 0x52, 0xA3, 0x29, 0xE3, 0x21, 0x44, 0x32,
    0x64, 0x3A, 0x44, 0x3A, 0x44, 0x3A, 0xA2, 0x21, 0x03, 0x32, 0x03, 0x32, 0xC2, 0x29, 0xC2, 0x29,
    0xC2, 0x29, 0xE3, 0x29, 0x81, 0x21, 0x82, 0x21, 0x21, 0x11, 0x21, 0x11, 0x61, 0x19, 0x21, 0x11,
    0x22, 0x19, 0xE1, 0x10, 0x80, 0x08, 0xC2, 0x10, 0xC8, 0x39, 0xC9, 0x49, 0xEA, 0x51, 0xEB, 0x51,
    0xEA, 0x51, 0xEA, 0x51, 0xEA, 0x51, 0x0B, 0x5A, 0xEA, 0x51, 0xA9, 0x49, 0xE9, 0x49, 0xC6, 0x31,
    0x42, 0x11, 0x42, 0x11, 0x22, 0x11, 0x42, 0x11, 0x42, 0x11, 0x42, 0x11, 0x42, 0x11, 0x22, 0x09,
    0x22, 0x09, 0x02, 0x09, 0x22, 0x09, 0x22, 0x09, 0x22, 0x09, 0x02, 0x09, 0x02, 0x09, 0x02, 0x09,
    0x43, 0x09, 0x43, 0x11, 0x03, 0x11, 0xC3, 0x18, 0xC3, 0x20, 0xC3, 0x20, 0xA3, 0x20, 0xA3, 0x20,
    0xA3, 0x20, 0xA3, 0x20, 0xA3, 0x20, 0xA3, 0x20, 0xA3, 0x20, 0xC3, 0x20, 0xA3, 0x20, 0x83, 0x20,
    0x83, 0x20, 0xA2, 0x20, 0xA2, 0x20, 0x82, 0x20, 0x82, 0x20, 0x62, 0x18, 0x82, 0x18, 0x81, 0x10,
    0xA1, 0x08, 0xA1, 0x00, 0xC1, 0x00, 0xA1, 0x00, 0x81, 0x00, 0xC1, 0x00, 0xC1, 0x00, 0xC1, 0x00,
    0xC1, 0x00, 0xA1, 0x00, 0xA1, 0x00, 0xA1, 0x00, 0xA1, 0x00, 0xA1, 0x00, 0xC1, 0x08, 0xE2, 0x08,
    0xC1, 0x00, 0xA1, 0x00, 0x81, 0x08, 0xA2, 0x18, 0x82, 0x18, 0x82, 0x18, 0xA2, 0x20, 0xA2, 0x20,
    0xE3, 0x30, 0x03, 0x31, 0x03, 0x39, 0x24, 0x41, 0x24, 0x41, 0x23, 0x41, 0x24, 0x41, 0x44, 0x49,
    0x64, 0x49, 0x84, 0x49, 0x64, 0x51, 0x84, 0x49, 0x64, 0x49, 0x43, 0x41, 0x84, 0x39, 0x62, 0x21,
    0x82, 0x21, 0xA2, 0x21, 0xC3, 0x21, 0xC3, 0x21, 0xC3, 0x21, 0xE3, 0x29, 0xE2, 0x29, 0x02, 0x2A,
    0x23, 0x2A, 0x03, 0x2A, 0x03, 0x32, 0x23, 0x32, 0x43, 0x3A, 0x23, 0x32, 0x63, 0x3A, 0x63, 0x3A,
    0x44, 0x3A, 0x87, 0x42, 0x4C, 0x5B, 0x6E, 0x63, 0x4F, 0x63, 0x4F, 0x63, 0x70, 0x6B, 0x70, 0x6B,
    0x70, 0x6B, 0x6F, 0x6B, 0x8F, 0x6B, 0x0B, 0x5B, 0x85, 0x42, 0x65, 0x42, 0x85, 0x42, 0xC6, 0x4A,
    0xE6, 0x52, 0xA5, 0x4A, 0xE6, 0x52, 0x07, 0x53, 0x48, 0x5B, 0x89, 0x63, 0x68, 0x63, 0x48, 0x63,
    0x48, 0x5B, 0x27, 0x5B, 0xE6, 0x52, 0x07, 0x5B, 0x48, 0x63, 0x07, 0x5B, 0x85, 0x4A, 0xA6, 0x4A,
    0x28, 0x53, 0x85, 0x42, 0xA6, 0x4A, 0x85, 0x42, 0x65, 0x4A, 0x4B, 0x83, 0x4C, 0x93, 0x2C, 0x93,
    0x6C, 0x9B, 0x6C, 0x93, 0x4C, 0x93, 0x4C, 0x8B, 0xC9, 0x62, 0xE4, 0x29, 0x44, 0x2A, 0x44, 0x32,
    0x85, 0x3A, 0x84, 0x32, 0x64, 0x32, 0x23, 0x2A, 0x64, 0x32, 0x84, 0x32, 0x64, 0x32, 0x23, 0x2A,
    0x43, 0x2A, 0x44, 0x32, 0x89, 0x52, 0x2A, 0x5A, 0x0A, 0x5A, 0x2B, 0x52, 0x0A, 0x52, 0xEA, 0x51,
    0x0A, 0x52, 0x0A, 0x52, 0x0A, 0x52, 0x0A, 0x52, 0xC9, 0x49, 0xC9, 0x49, 0xAA, 0x5A, 0x2D, 0x84,
    0x4C, 0x84, 0x2B, 0x84, 0x6C, 0x84, 0x6D, 0x8C, 0x0B, 0x7C, 0x6D, 0x8C, 0x51, 0xA5, 0x72, 0xAD,
    0x52, 0xAD, 0x51, 0xA5, 0x8D, 0x8C, 0xEA, 0x73, 0xEA, 0x73, 0x0B, 0x7C, 0x0B, 0x7C, 0x0B, 0x7C,
    0x0B, 0x7C, 0xA9, 0x6B, 0xE6, 0x52, 0x89, 0x6B, 0xCA, 0x73, 0xCA, 0x73, 0x89, 0x6B, 0xAA, 0x6B,
    0xAA, 0x73, 0x69, 0x63, 0x69, 0x63, 0x49, 0x63, 0xAA, 0x6B, 0x89, 0x6B, 0x49, 0x5B, 0xAA, 0x6B,
    0xCA, 0x6B, 0x69, 0x63, 0x8A, 0x63, 0xEB, 0x73, 0xEB, 0x73, 0xAB, 0x6B, 0x08, 0x5B, 0x6A, 0x63,
    0xCF, 0x3A, 0x8E, 0x3A, 0x8E, 0x3A, 0x2D, 0x2A, 0xAE, 0x3A, 0x6E, 0x3A, 0x4D, 0x32, 0x8E, 0x3A,
    0xAE, 0x42, 0xCF, 0x42, 0x10, 0x4B, 0xCF, 0x42, 0x6D, 0x3A, 0x30, 0x53, 0x30, 0x53, 0x30, 0x53,
    0x30, 0x53, 0x0F, 0x53, 0x50, 0x53, 0x71, 0x5B, 0x50, 0x5B, 0x91, 0x63, 0x0F, 0x53, 0x0F, 0x53,
    0x50, 0x5B, 0x50, 0x5B, 0x50, 0x5B, 0x70, 0x5B, 0x50, 0x5B, 0x50, 0x5B, 0x71, 0x63, 0x6C, 0x3A,
    0x07, 0x09, 0x89, 0x19, 0xA9, 0x19, 0xA9, 0x19, 0xEA, 0x21, 0xE9, 0x29, 0x0A, 0x2A, 0x2A, 0x32,
    0x6B, 0x3A, 0x4A, 0x3A, 0x8B, 0x42, 0xAB, 0x4A, 0x8A, 0x4A, 0x6A, 0x4A, 0xAB, 0x52, 0x6A, 0x52,
    0x2A, 0x52, 0x4C, 0x62, 0x8D, 0x6A, 0xAD, 0x72, 0xEE, 0x7A, 0xCE, 0x72, 0xCE, 0x7A, 0xEE, 0x7A,
    0xCE, 0x7A, 0xCE, 0x7A, 0xAD, 0x7A, 0xAD, 0x7A, 0x2F, 0x8B, 0x2F, 0x8B, 0x0E, 0x83, 0x0F, 0x8B,
    0x50, 0x93, 0x4F, 0x8B, 0x2F, 0x8B, 0x4F, 0x93, 0x70, 0x93, 0x70, 0x93, 0x70, 0x93, 0x4F, 0x93,
    0x6F, 0x93, 0x90, 0x9B, 0x90, 0x9B, 0xD1, 0x9B, 0x8E, 0x83, 0xA8, 0x52, 0xC2, 0x21, 0x03, 0x2A,
    0xA4, 0x42, 0x23, 0x32, 0x43, 0x3A, 0x44, 0x3A, 0xA2, 0x21, 0x03, 0x2A, 0xE3, 0x29, 0xC2, 0x29,
    0xC2, 0x29, 0xC2, 0x29, 0x82, 0x21, 0x82, 0x21, 0x41, 0x19, 0x62, 0x19, 0x41, 0x19, 0x21, 0x19,
    0x02, 0x11, 0xA0, 0x08, 0x80, 0x00, 0xC3, 0x10, 0xC8, 0x39, 0x88, 0x39, 0x47, 0x39, 0xA9, 0x49,
    0xCA, 0x51, 0xCA, 0x51, 0xCA, 0x51, 0xA9, 0x49, 0x89, 0x49, 0x89, 0x49, 0xA9, 0x49, 0xE7, 0x39,
    0x63, 0x19, 0x62, 0x11, 0x41, 0x11, 0x42, 0x11, 0x42, 0x11, 0x22, 0x09, 0x22, 0x09, 0x42, 0x11,
    0x42, 0x11, 0x42, 0x11, 0x22, 0x11, 0x42, 0x11, 0x23, 0x11, 0x22, 0x09, 0x02, 0x09, 0x02, 0x09,
    0x02, 0x09, 0x02, 0x01, 0xC2, 0x08, 0xC3, 0x10, 0xC3, 0x18, 0xA3, 0x20, 0x83, 0x18, 0x83, 0x20,
    0xA3, 0x20, 0xA3, 0x20, 0x82, 0x18, 0x82, 0x18, 0x83, 0x18, 0xA3, 0x20, 0x82, 0x20, 0x82, 0x20,
    0x82, 0x20, 0x83, 0x20, 0x82, 0x20, 0x82, 0x18, 0x62, 0x18, 0x62, 0x18, 0x82, 0x18, 0x61, 0x08,
    0x60, 0x00, 0x81, 0x00, 0xA1, 0x00, 0xC1, 0x00, 0xC1, 0x00, 0xA1, 0x00, 0xA1, 0x00, 0xC1, 0x00,
    0xC1, 0x00, 0xA1, 0x00, 0xC1, 0x08, 0xA1, 0x00, 0x60, 0x00, 0x40, 0x00, 0x81, 0x00, 0xA1, 0x00,
    0xA1, 0x00, 0xA1, 0x00, 0x61, 0x00, 0x82, 0x10, 0x82, 0x18, 0x82, 0x18, 0x82, 0x20, 0xA3, 0x20,
    0xC3, 0x28, 0xC3, 0x30, 0xE3, 0x30, 0x03, 0x39, 0x23, 0x41, 0x44, 0x49, 0x44, 0x49, 0x64, 0x49,
    0x64, 0x51, 0x64, 0x51, 0x84, 0x51, 0x84, 0x51, 0x44, 0x41, 0x43, 0x39, 0x83, 0x31, 0x21, 0x19,
    0x82, 0x21, 0x82, 0x21, 0x82, 0x19, 0xA2, 0x21, 0xC2, 0x21, 0xC2, 0x21, 0xE2, 0x29, 0x03, 0x2A,
    0x23, 0x2A, 0x23, 0x2A, 0x02, 0x2A, 0x43, 0x32, 0x84, 0x3A, 0x43, 0x3A, 0x03, 0x32, 0xE2, 0x29,
    0x25, 0x3A, 0xEA, 0x52, 0xCC, 0x52, 0xED, 0x5A, 0x0E, 0x63, 0x2E, 0x63, 0x0E, 0x63, 0x2E, 0x63,
    0x2F, 0x63, 0x4F, 0x63, 0x6F, 0x6B, 0x4E, 0x63, 0xA8, 0x4A, 0x04, 0x32, 0x03, 0x3A, 0x44, 0x3A,
    0x85, 0x42, 0xA5, 0x4A, 0xE7, 0x52, 0x27, 0x53, 0xE6, 0x4A, 0xC6, 0x4A, 0xE6, 0x52, 0x07, 0x53,
    0x28, 0x5B, 0x27, 0x5B, 0x07, 0x53, 0x07, 0x53, 0xE7, 0x52, 0xE7, 0x52, 0x48, 0x5B, 0x07, 0x53,
    0xA6, 0x4A, 0x86, 0x42, 0x65, 0x3A, 0xA5, 0x4A, 0xE6, 0x52, 0xC8, 0x6A, 0xEA, 0x82, 0xEA, 0x82,
    0xCA, 0x82, 0x0B, 0x83, 0x0B, 0x83, 0xA9, 0x72, 0x47, 0x52, 0x24, 0x32, 0x24, 0x2A, 0x44, 0x2A,
    0x44, 0x2A, 0x85, 0x32, 0x64, 0x32, 0x23, 0x2A, 0x23, 0x2A, 0x23, 0x2A, 0x84, 0x3A, 0x84, 0x32,
    0x64, 0x32, 0x24, 0x32, 0x27, 0x42, 0xC9, 0x49, 0xA9, 0x49, 0xA8, 0x41, 0xA8, 0x41, 0xEA, 0x51,
    0xE9, 0x49, 0xC9, 0x49, 0x0A, 0x52, 0xE9, 0x49, 0x88, 0x41, 0xA8, 0x41, 0x4B, 0x73, 0x2C, 0x84,
    0x2C, 0x84, 0x0B, 0x7C, 0xEA, 0x7B, 0xCA, 0x73, 0x0A, 0x7C, 0xEA, 0x7B, 0x2C, 0x84, 0x11, 0x9D,
    0x11, 0x9D, 0x8D, 0x8C, 0x0B, 0x7C, 0xCA, 0x73, 0x89, 0x6B, 0xEA, 0x73, 0x2B, 0x7C, 0x0A, 0x7C,
    0xEA, 0x73, 0x89, 0x6B, 0x27, 0x5B, 0xA9, 0x6B, 0xCA, 0x73, 0x89, 0x6B, 0x49, 0x63, 0x69, 0x6B,
    0x89, 0x6B, 0x49, 0x63, 0x48, 0x5B, 0x8A, 0x63, 0xAA, 0x6B, 0x08, 0x5B, 0x49, 0x5B, 0x89, 0x63,
    0x8A, 0x63, 0x49, 0x5B, 0x6A, 0x63, 0x69, 0x63, 0x29, 0x5B, 0x8A, 0x63, 0x4A, 0x63, 0x29, 0x5B,
    0x4D, 0x32, 0x4D, 0x32, 0x6E, 0x32, 0x2D, 0x2A, 0x6E, 0x3A, 0x6E, 0x3A, 0x4D, 0x32, 0x6D, 0x3A,
    0x8E, 0x3A, 0xCF, 0x42, 0x30, 0x53, 0x30, 0x53, 0xAF, 0x42, 0xEF, 0x4A, 0x30, 0x53, 0xEE, 0x4A,
    0x0F, 0x4B, 0xEF, 0x4A, 0x0F, 0x53, 0x71, 0x5B, 0x50, 0x5B, 0x91, 0x63, 0x70, 0x5B, 0x30, 0x53,
    0x0F, 0x53, 0x30, 0x53, 0x0F, 0x53, 0x2F, 0x53, 0x91, 0x63, 0x30, 0x53, 0x50, 0x5B, 0x2F, 0x53,
    0x27, 0x11, 0xC6, 0x00, 0x89, 0x19, 0x89, 0x19, 0xA9, 0x19, 0xA8, 0x21, 0xA8, 0x21, 0xC9, 0x29,
    0xE9, 0x31, 0x2A, 0x3A, 0x8B, 0x42, 0x6B, 0x4A, 0xAB, 0x52, 0x4A, 0x42, 0x09, 0x42, 0x88, 0x39,
    0x0A, 0x52, 0x2B, 0x5A, 0x2C, 0x62, 0xAE, 0x72, 0xCE, 0x72, 0xAE, 0x72, 0xAE, 0x72, 0xAE, 0x72,
    0xCE, 0x7A, 0x0F, 0x83, 0xEE, 0x7A, 0x6C, 0x72, 0xEE, 0x82, 0x0F, 0x83, 0x0E, 0x83, 0xEE, 0x82,
    0x4F, 0x8B, 0x2F, 0x8B, 0x2F, 0x8B, 0x4F, 0x93, 0x70, 0x93, 0x4F, 0x93, 0x70, 0x93, 0x2F, 0x8B,
    0x70, 0x93, 0x90, 0x9B, 0x4F, 0x93, 0x70, 0x93, 0xD0, 0x93, 0x2B, 0x6B, 0x44, 0x3A, 0x02, 0x2A,
    0xA5, 0x42, 0x63, 0x3A, 0x63, 0x3A, 0x85, 0x42, 0x03, 0x32, 0x81, 0x19, 0xC2, 0x21, 0xA2, 0x21,
    0xC2, 0x29, 0x82, 0x21, 0xE0, 0x08, 0x21, 0x11, 0x21, 0x11, 0xE0, 0x10, 0xA3, 0x21, 0xA3, 0x21,
    0x22, 0x19, 0xE1, 0x10, 0x60, 0x00, 0xC3, 0x10, 0x67, 0x29, 0x47, 0x31, 0x27, 0x31, 0x47, 0x39,
    0x88, 0x41, 0x89, 0x49, 0x89, 0x49, 0xC9, 0x49, 0xA9, 0x49, 0x88, 0x41, 0x67, 0x39, 0xC7, 0x39,
    0xA4, 0x29, 0x82, 0x19, 0x62, 0x11, 0x83, 0x19, 0xA3, 0x19, 0x62, 0x11, 0x62, 0x11, 0x42, 0x11,
    0x42, 0x11, 0x42, 0x11, 0x22, 0x09, 0x43, 0x11, 0x02, 0x09, 0xE2, 0x08, 0x02, 0x09, 0xE2, 0x00,
    0xE2, 0x00, 0xE1, 0x00, 0xE2, 0x00, 0xE3, 0x10, 0xC3, 0x18, 0xA3, 0x20, 0xA3, 0x20, 0xA3, 0x28,
    0xC3, 0x28, 0xA3, 0x28, 0xA3, 0x20, 0x82, 0x20, 0x82, 0x18, 0xA3, 0x20, 0x82, 0x18, 0x82, 0x20,
    0x82, 0x20, 0x62, 0x20, 0x62, 0x18, 0x62, 0x18, 0x62, 0x18, 0x61, 0x18, 0x61, 0x10, 0x81, 0x08,
    0x81, 0x00, 0x81, 0x08, 0x81, 0x00, 0x81, 0x00, 0x60, 0x00, 0x80, 0x00, 0xA1, 0x00, 0xA1, 0x00,
    0x80, 0x00, 0x60, 0x00, 0x81, 0x00, 0x81, 0x00, 0x60, 0x00, 0x40, 0x00, 0x60, 0x00, 0x60, 0x00,
    0x60, 0x00, 0x80, 0x00, 0x61, 0x00, 0x81, 0x08, 0x82, 0x18, 0x62, 0x18, 0x82, 0x18, 0x82, 0x20,
    0xC2, 0x30, 0xE3, 0x38, 0x03, 0x41, 0x24, 0x49, 0x85, 0x51, 0xA5, 0x59, 0xC6, 0x61, 0x06, 0x6A,
    0x27, 0x72, 0xE6, 0x69, 0x06, 0x6A, 0x06, 0x6A, 0xC5, 0x59, 0x84, 0x49, 0x02, 0x29, 0x41, 0x19,
    0x82, 0x21, 0xA2, 0x21, 0xC2, 0x29, 0x03, 0x32, 0xE3, 0x29, 0x03, 0x2A, 0x03, 0x2A, 0x23, 0x2A,
    0x23, 0x32, 0x43, 0x32, 0x43, 0x3A, 0x43, 0x3A, 0x64, 0x42, 0x64, 0x3A, 0x23, 0x32, 0x23, 0x32,
    0x46, 0x3A, 0x6A, 0x4A, 0x6B, 0x4A, 0x8C, 0x4A, 0xCD, 0x5A, 0xED, 0x5A, 0x2F, 0x63, 0x2E, 0x63,
    0x0E, 0x5B, 0x0E, 0x63, 0x0D, 0x63, 0x0C, 0x63, 0x4A, 0x63, 0xE8, 0x5A, 0xC7, 0x5A, 0x24, 0x42,
    0x03, 0x3A, 0xA6, 0x4A, 0xE7, 0x52, 0xC6, 0x4A, 0x85, 0x42, 0x65, 0x42, 0xA6, 0x4A, 0xA6, 0x4A,
    0x44, 0x3A, 0x65, 0x42, 0xC6, 0x4A, 0x45, 0x3A, 0x25, 0x3A, 0x45, 0x3A, 0x45, 0x3A, 0x45, 0x3A,
    0x25, 0x3A, 0x66, 0x42, 0x65, 0x3A, 0xC6, 0x4A, 0xA6, 0x4A, 0xA4, 0x39, 0x27, 0x5A, 0x68, 0x6A,
    0x68, 0x6A, 0x68, 0x6A, 0x28, 0x62, 0x07, 0x52, 0xC5, 0x39, 0x25, 0x32, 0x64, 0x32, 0x85, 0x32,
    0x44, 0x2A, 0x44, 0x2A, 0x44, 0x2A, 0x64, 0x32, 0x03, 0x2A, 0x03, 0x2A, 0x44, 0x32, 0x64, 0x32,
    0x43, 0x2A, 0x24, 0x32, 0x06, 0x3A, 0x87, 0x39, 0x47, 0x39, 0x88, 0x41, 0x67, 0x39, 0x67, 0x39,
    0xA9, 0x41, 0xA9, 0x41, 0xA9, 0x41, 0xEA, 0x49, 0x88, 0x41, 0x09, 0x52, 0xED, 0x83, 0x2C, 0x84,
    0x0B, 0x7C, 0xEB, 0x7B, 0x89, 0x6B, 0xA9, 0x73, 0x0B, 0x7C, 0x0B, 0x7C, 0x8A, 0x6B, 0xAF, 0x94,
    0xCF, 0x94, 0xCA, 0x73, 0x89, 0x6B, 0xCA, 0x73, 0xCA, 0x73, 0xAA, 0x6B, 0x89, 0x6B, 0x0B, 0x7C,
    0x0B, 0x7C, 0xCA, 0x73, 0xCA, 0x73, 0xA9, 0x6B, 0xAA, 0x6B, 0x69, 0x63, 0xAA, 0x6B, 0x8A, 0x6B,
    0xAA, 0x6B, 0xAA, 0x6B, 0xAA, 0x6B, 0xAA, 0x6B, 0xCA, 0x6B, 0x48, 0x5B, 0x69, 0x63, 0x69, 0x63,
    0x69, 0x63, 0x08, 0x53, 0x29, 0x5B, 0x29, 0x5B, 0x49, 0x5B, 0x69, 0x63, 0x08, 0x53, 0xC8, 0x4A,
    0x4D, 0x32, 0x4D, 0x32, 0x4D, 0x32, 0x8E, 0x3A, 0x8E, 0x3A, 0x8E, 0x3A, 0x8E, 0x3A, 0xCF, 0x42,
    0xCE, 0x42, 0xAE, 0x42, 0xEF, 0x4A, 0xEF, 0x4A, 0xCF, 0x4A, 0x8D, 0x3A, 0xEE, 0x4A, 0xEF, 0x4A,
    0xCE, 0x4A, 0x0F, 0x53, 0xAE, 0x42, 0x50, 0x5B, 0x50, 0x5B, 0x50, 0x5B, 0x2F, 0x53, 0x0F, 0x53,
    0x0F, 0x53, 0x2F, 0x53, 0x50, 0x5B, 0xAE, 0x42, 0x0F, 0x53, 0x50, 0x5B, 0x0F, 0x53, 0x50, 0x5B,
    0x4B, 0x3A, 0x84, 0x00, 0x27, 0x11, 0x69, 0x19, 0x68, 0x19, 0x88, 0x19, 0xA8, 0x21, 0xC9, 0x29,
    0xA8, 0x21, 0xE8, 0x31, 0x29, 0x3A, 0x29, 0x3A, 0x49, 0x4A, 0x08, 0x42, 0x46, 0x29, 0xA8, 0x41,
    0x0B, 0x52, 0x8D, 0x6A, 0xCE, 0x72, 0xAE, 0x72, 0x8D, 0x72, 0x6D, 0x6A, 0x4C, 0x6A, 0xCE, 0x7A,
    0xAE, 0x7A, 0xCE, 0x7A, 0x8D, 0x72, 0xAD, 0x72, 0xCE, 0x7A, 0xEE, 0x82, 0xEE, 0x82, 0x0E, 0x83,
    0x0E, 0x83, 0x0E, 0x8B, 0x0E, 0x8B, 0x2F, 0x8B, 0x0E, 0x83, 0x2F, 0x8B, 0x90, 0x93, 0x70, 0x93,
    0x4F, 0x93, 0x4F, 0x93, 0x70, 0x93, 0x70, 0x93, 0x4F, 0x93, 0x6D, 0x83, 0x66, 0x42, 0x02, 0x2A,
    0x84, 0x3A, 0xA4, 0x42, 0x42, 0x32, 0x43, 0x32, 0x64, 0x3A, 0x02, 0x2A, 0xC2, 0x29, 0x41, 0x19,
    0x41, 0x19, 0x82, 0x21, 0x21, 0x19, 0x01, 0x11, 0x22, 0x19, 0xC0, 0x08, 0x21, 0x19, 0x82, 0x21,
    0x21, 0x19, 0xE0, 0x08, 0xA0, 0x08, 0xC3, 0x10, 0x05, 0x21, 0x26, 0x29, 0x47, 0x39, 0x67, 0x39,
    0x47, 0x39, 0x88, 0x41, 0x68, 0x41, 0x88, 0x41, 0x88, 0x41, 0x68, 0x41, 0x47, 0x39, 0x85, 0x31,
    0x83, 0x21, 0x82, 0x19, 0x62, 0x11, 0x83, 0x19, 0xC4, 0x21, 0xA3, 0x19, 0x63, 0x11, 0x63, 0x11,
    0x63, 0x19, 0x42, 0x11, 0x22, 0x09, 0x02, 0x09, 0xE2, 0x00, 0x02, 0x09, 0xE2, 0x08, 0xE2, 0x08,
    0x02, 0x09, 0xE2, 0x08, 0x02, 0x01, 0xE3, 0x10, 0xE4, 0x20, 0xE4, 0x28, 0xE4, 0x28, 0xE4, 0x30,
    0xE4, 0x30, 0xC4, 0x30, 0x83, 0x28, 0x82, 0x20, 0xA3, 0x20, 0xA3, 0x20, 0x83, 0x20, 0x82, 0x20,
    0x82, 0x20, 0x62, 0x20, 0x62, 0x18, 0x41, 0x18, 0x41, 0x10, 0x61, 0x10, 0x81, 0x10, 0x61, 0x00,
    0x81, 0x00, 0x40, 0x00, 0x40, 0x00, 0x20, 0x00, 0x40, 0x00, 0x80, 0x00, 0xA1, 0x00, 0x81, 0x00,
    0x60, 0x00, 0x60, 0x00, 0x60, 0x00, 0x60, 0x00, 0x60, 0x00, 0x60, 0x00, 0x61, 0x00, 0x60, 0x00,
    0x60, 0x00, 0x60, 0x00, 0x60, 0x00, 0x61, 0x08, 0x81, 0x10, 0x61, 0x10, 0x62, 0x18, 0xA2, 0x28,
    0xE3, 0x38, 0x24, 0x49, 0x64, 0x51, 0x85, 0x59, 0xC6, 0x61, 0xC6, 0x61, 0x64, 0x59, 0x64, 0x59,
    0x07, 0x72, 0x27, 0x7A, 0x47, 0x7A, 0x47, 0x7A, 0x26, 0x72, 0x06, 0x62, 0x22, 0x29, 0x61, 0x19,
    0xC2, 0x21, 0x03, 0x2A, 0x23, 0x32, 0x44, 0x32, 0x43, 0x32, 0x23, 0x32, 0x23, 0x32, 0x43, 0x32,
    0xA5, 0x42, 0x84, 0x42, 0x64, 0x3A, 0x64, 0x42, 0x43, 0x3A, 0x43, 0x32, 0x43, 0x3A, 0x64, 0x3A,
    0x26, 0x3A, 0xE8, 0x31, 0x6B, 0x42, 0x6B, 0x4A, 0x4B, 0x42, 0x8C, 0x4A, 0xCD, 0x5A, 0x0E, 0x5B,
    0xEE, 0x5A, 0xAC, 0x52, 0x4D, 0x6B, 0xED, 0x7B, 0x2D, 0x84, 0x6E, 0x94, 0x8E, 0x94, 0xEB, 0x7B,
    0xA6, 0x4A, 0x03, 0x32, 0x24, 0x3A, 0x65, 0x42, 0xC6, 0x4A, 0x45, 0x3A, 0x65, 0x42, 0x86, 0x42,
    0x65, 0x42, 0x24, 0x3A, 0x03, 0x32, 0x03, 0x32, 0x44, 0x3A, 0x24, 0x32, 0xC3, 0x29, 0x04, 0x32,
    0xE4, 0x31, 0xC4, 0x29, 0xE3, 0x29, 0x64, 0x3A, 0x44, 0x3A, 0x62, 0x21, 0x22, 0x29, 0x63, 0x39,
    0x84, 0x41, 0xA5, 0x41, 0x64, 0x31, 0x02, 0x29, 0x63, 0x21, 0x24, 0x2A, 0x23, 0x2A, 0x03, 0x22,
    0xE3, 0x21, 0x04, 0x2A, 0x44, 0x32, 0x64, 0x32, 0x44, 0x32, 0x44, 0x32, 0x44, 0x2A, 0x23, 0x2A,
    0xE2, 0x21, 0x24, 0x2A, 0x25, 0x3A, 0x65, 0x31, 0x66, 0x31, 0x67, 0x39, 0x67, 0x39, 0x67, 0x39,
    0x88, 0x39, 0xA8, 0x41, 0x88, 0x39, 0x88, 0x41, 0xE9, 0x49, 0xEB, 0x6A, 0x0D, 0x84, 0x0B, 0x84,
    0xEA, 0x7B, 0xEB, 0x7B, 0xCA, 0x73, 0xCA, 0x73, 0x69, 0x6B, 0x89, 0x6B, 0x48, 0x63, 0x4D, 0x84,
    0xAE, 0x8C, 0xAA, 0x6B, 0xCA, 0x73, 0xEA, 0x73, 0xEA, 0x73, 0x48, 0x63, 0x07, 0x5B, 0x89, 0x6B,
    0x89, 0x6B, 0x89, 0x6B, 0xA9, 0x6B, 0xEB, 0x73, 0x89, 0x63, 0xAA, 0x6B, 0x89, 0x6B, 0x89, 0x6B,
    0xAA, 0x6B, 0xCA, 0x6B, 0x8A, 0x63, 0xAA, 0x6B, 0x48, 0x5B, 0x07, 0x53, 0x28, 0x5B, 0x08, 0x53,
    0x08, 0x53, 0x29, 0x5B, 0x8A, 0x63, 0x29, 0x5B, 0x49, 0x5B, 0x6A, 0x63, 0x6A, 0x63, 0xE8, 0x52,
    0x8E, 0x3A, 0x4E, 0x32, 0x2D, 0x2A, 0x6D, 0x32, 0xAF, 0x3A, 0xAE, 0x42, 0x4D, 0x3A, 0x6D, 0x3A,
    0xAE, 0x42, 0xAE, 0x42, 0x2C, 0x32, 0xAE, 0x42, 0x6D, 0x3A, 0x6D, 0x3A, 0xCE, 0x4A, 0x30, 0x53,
    0xCF, 0x4A, 0x0F, 0x53, 0xAD, 0x42, 0xEF, 0x4A, 0x70, 0x63, 0x71, 0x63, 0x2F, 0x5B, 0x0F, 0x53,
    0x0F, 0x53, 0x50, 0x5B, 0x0F, 0x53, 0x2F, 0x53, 0xEF, 0x52, 0x50, 0x5B, 0x30, 0x53, 0x0E, 0x53,
    0x2F, 0x53, 0x26, 0x11, 0x84, 0x00, 0x26, 0x11, 0x26, 0x11, 0x67, 0x19, 0xA8, 0x21, 0xA8, 0x21,
    0x87, 0x19, 0x87, 0x21, 0x87, 0x21, 0x86, 0x29, 0x66, 0x29, 0x04, 0x21, 0x26, 0x29, 0x0A, 0x52,
    0x2C, 0x5A, 0x4C, 0x62, 0x6D, 0x62, 0x8D, 0x6A, 0x2C, 0x62, 0x2C, 0x62, 0x6D, 0x6A, 0xAD, 0x72,
    0x6D, 0x6A, 0x4C, 0x6A, 0x6C, 0x6A, 0xAD, 0x72, 0x0F, 0x83, 0xEE, 0x82, 0x8D, 0x72, 0xCD, 0x7A,
    0x0F, 0x83, 0xAD, 0x7A, 0xCD, 0x7A, 0xEE, 0x82, 0xEE, 0x82, 0x2F, 0x93, 0x2F, 0x8B, 0x70, 0x93,
    0x70, 0x93, 0x4F, 0x93, 0x4F, 0x8B, 0x70, 0x93, 0x4F, 0x93, 0x4E, 0x83, 0xA7, 0x52, 0xC5, 0x42,
    0xA3, 0x42, 0xA3, 0x42, 0xE4, 0x4A, 0x83, 0x42, 0x63, 0x3A, 0x23, 0x32, 0x03, 0x32, 0x61, 0x19,
    0x21, 0x11, 0x62, 0x21, 0x62, 0x21, 0x42, 0x19, 0x42, 0x19, 0x21, 0x19, 0x01, 0x11, 0x21, 0x19,
    0x01, 0x11, 0x00, 0x11, 0xC1, 0x10, 0xA2, 0x10, 0x05, 0x21, 0x06, 0x21, 0x47, 0x31, 0x67, 0x39,
    0x27, 0x31, 0x26, 0x31, 0x47, 0x39, 0x87, 0x41, 0x47, 0x39, 0x67, 0x39, 0x66, 0x31, 0x64, 0x29,
    0x63, 0x21, 0xA3, 0x21, 0xA3, 0x19, 0x83, 0x19, 0xC3, 0x21, 0xA3, 0x19, 0x83, 0x19, 0x63, 0x11,
    0x63, 0x11, 0x63, 0x19, 0x22, 0x11, 0x22, 0x09, 0x43, 0x11, 0x03, 0x09, 0xE2, 0x08, 0xC1, 0x00,
    0xA1, 0x00, 0xC2, 0x00, 0xC2, 0x00, 0xA2, 0x08, 0xE4, 0x20, 0xE5, 0x28, 0xE5, 0x30, 0xE4, 0x30,
    0xE4, 0x30, 0xC3, 0x30, 0x62, 0x20, 0x62, 0x20, 0xA3, 0x20, 0xC4, 0x28, 0xC3, 0x28, 0xA3, 0x20,
    0x83, 0x20, 0x82, 0x20, 0x62, 0x18, 0x41, 0x18, 0x41, 0x10, 0x41, 0x10, 0x61, 0x08, 0x60, 0x00,
    0x60, 0x00, 0x40, 0x00, 0x40, 0x00, 0x40, 0x00, 0x40, 0x00, 0x60, 0x00, 0x81, 0x00, 0x60, 0x00,
    0x60, 0x00, 0x40, 0x00, 0x40, 0x00, 0x40, 0x00, 0x40, 0x00, 0x40, 0x00, 0x40, 0x00, 0x60, 0x00,
    0x60, 0x00, 0x60, 0x00, 0x61, 0x00, 0x61, 0x00, 0x61, 0x08, 0x41, 0x10, 0x82, 0x18, 0xE3, 0x28,
    0x03, 0x39, 0x44, 0x49, 0x65, 0x51, 0x85, 0x59, 0xA5, 0x61, 0xA5, 0x59, 0xE2, 0x40, 0xE2, 0x40,
    0xA5, 0x61, 0x27, 0x72, 0x27, 0x7A, 0x27, 0x72, 0x26, 0x72, 0x26, 0x62, 0x82, 0x31, 0xA2, 0x21,
    0x03, 0x2A, 0x02, 0x2A, 0x02, 0x2A, 0x02, 0x2A, 0x43, 0x32, 0x43, 0x32, 0x43, 0x32, 0xC5, 0x42,
    0xA5, 0x42, 0x84, 0x42, 0x84, 0x42, 0x84, 0x42, 0x64, 0x3A, 0x63, 0x3A, 0x64, 0x3A, 0xA5, 0x42,
    0x26, 0x3A, 0xE9, 0x31, 0x0A, 0x3A, 0x0A, 0x3A, 0x6B, 0x4A, 0x2A, 0x42, 0x0A, 0x3A, 0x6C, 0x4A,
    0xE9, 0x39, 0xEB, 0x5A, 0xED, 0x7B, 0xCB, 0x7B, 0xCB, 0x7B, 0xCC, 0x83, 0x0C, 0x8C, 0x6E, 0x94,
    0x0C, 0x84, 0x04, 0x3A, 0xE3, 0x31, 0x45, 0x3A, 0x04, 0x32, 0x24, 0x32, 0x04, 0x32, 0x45, 0x3A,
    0x45, 0x3A, 0x04, 0x32, 0xE3, 0x29, 0x65, 0x3A, 0x86, 0x42, 0x24, 0x32, 0xE4, 0x29, 0xE4, 0x31,
    0xE4, 0x31, 0xA4, 0x21, 0xA3, 0x21, 0x44, 0x32, 0x65, 0x3A, 0x03, 0x2A, 0xC2, 0x29, 0xA2, 0x29,
    0x82, 0x29, 0xA3, 0x29, 0x83, 0x29, 0x01, 0x11, 0xA3, 0x21, 0x24, 0x2A, 0x24, 0x2A, 0xE3, 0x21,
    0xE4, 0x21, 0xC3, 0x21, 0x03, 0x22, 0x24, 0x2A, 0x03, 0x2A, 0x24, 0x2A, 0x45, 0x32, 0x65, 0x32,
    0x65, 0x32, 0x64, 0x32, 0x25, 0x32, 0x64, 0x21, 0x45, 0x29, 0x46, 0x31, 0x46, 0x31, 0x25, 0x29,
    0x46, 0x31, 0x87, 0x39, 0xA8, 0x41, 0x68, 0x39, 0xC7, 0x41, 0x8C, 0x73, 0x2C, 0x84, 0xEB, 0x7B,
    0xCA, 0x73, 0xEA, 0x73, 0xCB, 0x73, 0x28, 0x63, 0xE7, 0x52, 0x89, 0x6B, 0x69, 0x6B, 0xCB, 0x73,
    0xEB, 0x7B, 0x89, 0x6B, 0xA9, 0x6B, 0xCA, 0x73, 0xCA, 0x73, 0xCA, 0x73, 0x69, 0x63, 0x07, 0x5B,
    0x89, 0x6B, 0xEA, 0x73, 0xCA, 0x73, 0xEB, 0x73, 0x89, 0x63, 0x28, 0x5B, 0x28, 0x5B, 0x8A, 0x6B,
    0x89, 0x63, 0x28, 0x5B, 0x49, 0x5B, 0x28, 0x5B, 0x28, 0x5B, 0x28, 0x5B, 0x49, 0x5B, 0x69, 0x63,
    0x08, 0x53, 0x29, 0x53, 0x08, 0x53, 0xC8, 0x4A, 0xE8, 0x52, 0xE8, 0x52, 0xC8, 0x4A, 0x67, 0x42,
    0x0C, 0x2A, 0x4D, 0x32, 0x2D, 0x2A, 0xEB, 0x21, 0x6E, 0x32, 0xAF, 0x42, 0xCF, 0x42, 0x6D, 0x3A,
    0xAE, 0x42, 0xCF, 0x42, 0x6D, 0x3A, 0xAE, 0x42, 0x8E, 0x42, 0xAE, 0x42, 0xAE, 0x42, 0xCE, 0x4A,
    0x8E, 0x42, 0xCE, 0x4A, 0xEE, 0x4A, 0xCE, 0x4A, 0x50, 0x5B, 0x70, 0x63, 0x50, 0x5B, 0x70, 0x63,
    0x2F, 0x5B, 0x50, 0x5B, 0x0F, 0x53, 0x2F, 0x53, 0x30, 0x5B, 0xEF, 0x52, 0x0F, 0x53, 0x2F, 0x53,
    0x2F, 0x5B, 0x6B, 0x42, 0xA4, 0x08, 0xE4, 0x08, 0x25, 0x11, 0x46, 0x11, 0x66, 0x19, 0x46, 0x11,
    0x25, 0x11, 0x25, 0x11, 0x25, 0x11, 0x04, 0x11, 0x04, 0x11, 0xE4, 0x18, 0x88, 0x39, 0xA9, 0x41,
    0xAA, 0x49, 0x89, 0x49, 0xAA, 0x49, 0x2C, 0x5A, 0x4C, 0x62, 0x2C, 0x5A, 0x4C, 0x62, 0xAE, 0x72,
    0x8D, 0x72, 0x8D, 0x72, 0xAD, 0x72, 0x8C, 0x72, 0xAD, 0x72, 0x50, 0x8B, 0xAD, 0x7A, 0x6C, 0x72,
    0x8D, 0x72, 0xCD, 0x7A, 0x8D, 0x7A, 0x0E, 0x83, 0x2F, 0x8B, 0xCD, 0x82, 0xEE, 0x82, 0x2F, 0x8B,
    0x6F, 0x93, 0x70, 0x93, 0x2F, 0x8B, 0x2E, 0x8B, 0x0E, 0x8B, 0x4E, 0x83, 0x09, 0x63, 0xA4, 0x42,
    0xE4, 0x4A, 0x82, 0x3A, 0xC4, 0x42, 0x84, 0x42, 0xC1, 0x29, 0xA1, 0x21, 0xC2, 0x29, 0x62, 0x19,
    0x21, 0x19, 0x01, 0x11, 0x62, 0x21, 0x21, 0x19, 0x41, 0x19, 0x62, 0x21, 0x62, 0x21, 0x62, 0x21,
    0xC4, 0x29, 0x62, 0x19, 0xC1, 0x10, 0x61, 0x08, 0xC3, 0x10, 0xC4, 0x18, 0xE5, 0x20, 0x05, 0x29,
    0x26, 0x31, 0x26, 0x31, 0x46, 0x31, 0x46, 0x31, 0x46, 0x31, 0x05, 0x29, 0xE3, 0x20, 0x43, 0x21,
    0xC4, 0x29, 0xC4, 0x21, 0x82, 0x19, 0x62, 0x11, 0xA3, 0x19, 0xA3, 0x19, 0x83, 0x19, 0x83, 0x19,
    0x83, 0x19, 0x63, 0x11, 0x22, 0x11, 0x22, 0x11, 0x23, 0x11, 0xE2, 0x08, 0x02, 0x09, 0xE2, 0x08,
    0xA1, 0x00, 0xC1, 0x00, 0xA2, 0x00, 0x81, 0x08, 0xE4, 0x20, 0xE5, 0x28, 0xE5, 0x30, 0xE4, 0x30,
    0xE4, 0x30, 0xA3, 0x28, 0x62, 0x20, 0x41, 0x18, 0x83, 0x20, 0xC4, 0x28, 0xC4, 0x28, 0xC3, 0x28,
    0xA3, 0x20, 0x82, 0x20, 0x62, 0x18, 0x61, 0x18, 0x41, 0x10, 0x41, 0x08, 0x20, 0x00, 0x40, 0x00,
    0x40, 0x00, 0x40, 0x00, 0x61, 0x00, 0x40, 0x00, 0x40, 0x00, 0x40, 0x00, 0x60, 0x00, 0x20, 0x00,
    0x40, 0x00, 0x40, 0x00, 0x40, 0x00, 0x40, 0x00, 0x40, 0x00, 0x20, 0x00, 0x20, 0x00, 0x40, 0x00,
    0x40, 0x00, 0x40, 0x00, 0x40, 0x00, 0x40, 0x00, 0x20, 0x00, 0x20, 0x08, 0x82, 0x20, 0xC3, 0x28,
    0x04, 0x39, 0x65, 0x49, 0x65, 0x51, 0x85, 0x51, 0xA6, 0x61, 0x64, 0x51, 0x02, 0x41, 0xE2, 0x38,
    0x44, 0x49, 0xE6, 0x61, 0x06, 0x6A, 0x06, 0x6A, 0x06, 0x62, 0xE4, 0x51, 0x41, 0x29, 0xA1, 0x21,
    0x23, 0x32, 0x02, 0x2A, 0x02, 0x2A, 0x43, 0x32, 0x63, 0x32, 0x63, 0x32, 0x83, 0x3A, 0xA4, 0x42,
    0xA4, 0x42, 0x84, 0x3A, 0x23, 0x32, 0x43, 0x3A, 0x64, 0x3A, 0x64, 0x3A, 0x84, 0x3A, 0xC5, 0x42,
    0xC4, 0x29, 0x46, 0x21, 0x87, 0x29, 0xA8, 0x31, 0x4B, 0x42, 0x0A, 0x3A, 0xC9, 0x31, 0xE9, 0x31,
    0xE8, 0x39, 0xEA, 0x5A, 0x2A, 0x6B, 0x6A, 0x73, 0x8B, 0x73, 0xAB, 0x7B, 0x0C, 0x84, 0xCB, 0x7B,
    0xEB, 0x7B, 0x49, 0x63, 0x61, 0x21, 0xA3, 0x29, 0xC3, 0x29, 0xA2, 0x21, 0xA3, 0x29, 0x83, 0x21,
    0xA3, 0x29, 0xC4, 0x29, 0xA3, 0x29, 0xC3, 0x29, 0xC4, 0x29, 0x42, 0x21, 0x43, 0x21, 0xA4, 0x29,
    0x43, 0x19, 0x02, 0x11, 0x21, 0x11, 0x03, 0x2A, 0x85, 0x3A, 0x64, 0x32, 0x43, 0x32, 0x64, 0x3A,
    0x85, 0x3A, 0x03, 0x2A, 0xE3, 0x29, 0x24, 0x32, 0x65, 0x32, 0x44, 0x32, 0x45, 0x32, 0x45, 0x32,
    0x25, 0x2A, 0x04, 0x2A, 0x24, 0x2A, 0x65, 0x32, 0xC2, 0x21, 0xC3, 0x21, 0x24, 0x2A, 0x24, 0x2A,
    0x24, 0x2A, 0x64, 0x32, 0x04, 0x2A, 0x63, 0x21, 0x04, 0x21, 0x26, 0x29, 0x25, 0x29, 0x26, 0x29,
    0x05, 0x29, 0x05, 0x29, 0x26, 0x29, 0x05, 0x29, 0x86, 0x31, 0xCC, 0x7B, 0xEB, 0x7B, 0x89, 0x6B,
    0xAA, 0x6B, 0x48, 0x63, 0x07, 0x5B, 0xE7, 0x5A, 0x49, 0x63, 0xAA, 0x73, 0xEA, 0x73, 0x89, 0x6B,
    0x89, 0x6B, 0x89, 0x6B, 0x68, 0x63, 0xAA, 0x6B, 0x89, 0x6B, 0x89, 0x6B, 0xCA, 0x73, 0x89, 0x6B,
    0xC9, 0x6B, 0x0B, 0x7C, 0xCA, 0x6B, 0x07, 0x5B, 0xC7, 0x4A, 0x28, 0x5B, 0x48, 0x5B, 0x69, 0x63,
    0x69, 0x63, 0xE8, 0x52, 0x86, 0x42, 0x08, 0x53, 0x8A, 0x63, 0x49, 0x5B, 0x49, 0x5B, 0x29, 0x5B,
    0xE8, 0x52, 0xE8, 0x52, 0xA7, 0x42, 0x87, 0x42, 0x87, 0x42, 0x46, 0x3A, 0x06, 0x32, 0x26, 0x3A,
    0x4D, 0x32, 0x8E, 0x3A, 0x2C, 0x2A, 0x0C, 0x2A, 0x2C, 0x2A, 0x4D, 0x32, 0x4D, 0x32, 0x8E, 0x3A,
    0xAE, 0x42, 0x6E, 0x3A, 0x8E, 0x3A, 0x4D, 0x3A, 0x2C, 0x32, 0x6D, 0x42, 0x8E, 0x42, 0xCE, 0x4A,
    0x8D, 0x42, 0xCE, 0x4A, 0xCE, 0x4A, 0xAD, 0x42, 0xEF, 0x52, 0x50, 0x5B, 0x70, 0x63, 0x0F, 0x53,
    0xEE, 0x4A, 0x0E, 0x53, 0xCE, 0x4A, 0xCE, 0x4A, 0xAE, 0x4A, 0xEE, 0x4A, 0x2F, 0x53, 0x2F, 0x53,
    0x2F, 0x5B, 0xED, 0x52, 0xA6, 0x21, 0xA2, 0x00, 0xE2, 0x08, 0xE3, 0x08, 0x03, 0x11, 0x24, 0x11,
    0x24, 0x11, 0x03, 0x11, 0xE2, 0x08, 0xC1, 0x08, 0xC3, 0x10, 0x26, 0x29, 0x88, 0x39, 0x89, 0x41,
    0xAA, 0x41, 0xCA, 0x49, 0xCA, 0x49, 0xEB, 0x59, 0x4C, 0x62, 0x4C, 0x62, 0x0B, 0x5A, 0x6D, 0x6A,
    0xAE, 0x72, 0x6C, 0x6A, 0x2B, 0x62, 0x4C, 0x62, 0x0A, 0x5A, 0x6C, 0x6A, 0xEE, 0x7A, 0xCD, 0x7A,
    0x8C, 0x72, 0xEE, 0x82, 0x6C, 0x72, 0x6C, 0x72, 0xAD, 0x7A, 0xAD, 0x7A, 0xCD, 0x7A, 0x0E, 0x83,
    0x2F, 0x8B, 0x0E, 0x83, 0x0E, 0x8B, 0x0E, 0x83, 0x4F, 0x8B, 0x2E, 0x83, 0x2B, 0x73, 0xA5, 0x4A,
    0x83, 0x3A, 0x42, 0x32, 0x83, 0x3A, 0x42, 0x32, 0xA1, 0x21, 0x61, 0x19, 0xE3, 0x29, 0xA2, 0x21,
    0x82, 0x21, 0x00, 0x11, 0x41, 0x19, 0x82, 0x21, 0x61, 0x19, 0xE3, 0x29, 0xC3, 0x29, 0xC2, 0x29,
    0xE3, 0x29, 0x82, 0x21, 0x80, 0x00, 0x40, 0x00, 0x61, 0x00, 0xA2, 0x10, 0xA3, 0x10, 0xC3, 0x18,
    0xE4, 0x18, 0xE4, 0x20, 0xE3, 0x20, 0xE3, 0x20, 0xE2, 0x18, 0xE3, 0x18, 0x22, 0x19, 0x83, 0x29,
    0xA3, 0x21, 0xC3, 0x21, 0xC3, 0x21, 0x82, 0x19, 0xC3, 0x21, 0xC4, 0x21, 0x83, 0x19, 0xA3, 0x19,
    0x83, 0x19, 0x62, 0x11, 0x42, 0x11, 0x22, 0x11, 0x22, 0x09, 0x02, 0x09, 0x02, 0x09, 0x22, 0x11,
    0x02, 0x09, 0xC1, 0x00, 0xA1, 0x00, 0x61, 0x00, 0xC2, 0x18, 0xE4, 0x20, 0xE4, 0x28, 0xE3, 0x30,
    0xE3, 0x30, 0xA3, 0x28, 0x62, 0x18, 0x21, 0x10, 0x62, 0x18, 0xC3, 0x28, 0xE4, 0x30, 0xC3, 0x28,
    0xC3, 0x28, 0xA3, 0x28, 0x82, 0x20, 0x61, 0x10, 0x41, 0x08, 0x20, 0x00, 0x20, 0x00, 0x20, 0x00,
    0x40, 0x00, 0x40, 0x00, 0x20, 0x00, 0x00, 0x00, 0x20, 0x00, 0x20, 0x00, 0x20, 0x00, 0x40, 0x00,
    0x40, 0x00, 0x40, 0x00, 0x40, 0x00, 0x20, 0x00, 0x20, 0x00, 0x20, 0x00, 0x60, 0x00, 0x80, 0x00,
    0x60, 0x00, 0x80, 0x00, 0x60, 0x00, 0x60, 0x00, 0x20, 0x00, 0x00, 0x00, 0x82, 0x18, 0xC2, 0x28,
    0x23, 0x39, 0x64, 0x49, 0x85, 0x51, 0x85, 0x51, 0xC6, 0x59, 0x64, 0x49, 0xC1, 0x30, 0xC1, 0x28,
    0xE2, 0x30, 0x64, 0x49, 0xC5, 0x59, 0xE5, 0x61, 0x05, 0x5A, 0xA3, 0x39, 0xA2, 0x29, 0xC2, 0x29,
    0x03, 0x32, 0x02, 0x2A, 0x43, 0x32, 0x84, 0x3A, 0xC4, 0x42, 0xC4, 0x42, 0xA4, 0x42, 0x63, 0x3A,
    0x84, 0x42, 0x22, 0x32, 0xE3, 0x29, 0x24, 0x32, 0x23, 0x32, 0x43, 0x32, 0x02, 0x2A, 0x44, 0x32,
    0xC4, 0x21, 0x25, 0x19, 0x26, 0x19, 0x05, 0x19, 0x26, 0x19, 0x47, 0x21, 0x68, 0x29, 0x67, 0x29,
    0xC7, 0x39, 0xC9, 0x5A, 0x4A, 0x6B, 0x6A, 0x6B, 0x4A, 0x6B, 0x4A, 0x6B, 0xAB, 0x73, 0x8A, 0x73,
    0x69, 0x6B, 0x09, 0x63, 0x62, 0x21, 0x42, 0x19, 0x82, 0x19, 0xA3, 0x21, 0x82, 0x21, 0x83, 0x21,
    0x83, 0x21, 0x82, 0x21, 0x22, 0x19, 0x01, 0x19, 0xE6, 0x41, 0x4D, 0x73, 0x10, 0x94, 0x31, 0x94,
    0x6E, 0x73, 0x89, 0x52, 0xE5, 0x31, 0xE4, 0x29, 0x64, 0x3A, 0xA5, 0x3A, 0xC5, 0x42, 0xA4, 0x42,
    0xA5, 0x42, 0x64, 0x32, 0x23, 0x2A, 0x44, 0x2A, 0x45, 0x32, 0x44, 0x32, 0x25, 0x32, 0x04, 0x2A,
    0xE3, 0x21, 0x24, 0x2A, 0x24, 0x2A, 0x64, 0x32, 0x44, 0x32, 0x04, 0x2A, 0x04, 0x2A, 0x04, 0x2A,
    0x24, 0x2A, 0x44, 0x32, 0x04, 0x2A, 0x62, 0x19, 0xE2, 0x10, 0x04, 0x21, 0x04, 0x21, 0x04, 0x21,
    0xE4, 0x20, 0xC3, 0x18, 0xA3, 0x18, 0xA3, 0x18, 0x85, 0x31, 0xAB, 0x73, 0x8A, 0x6B, 0x48, 0x63,
    0x49, 0x63, 0x8A, 0x6B, 0x89, 0x6B, 0x89, 0x6B, 0x69, 0x6B, 0xAA, 0x73, 0x89, 0x6B, 0x69, 0x6B,
    0x48, 0x5B, 0x69, 0x63, 0x28, 0x5B, 0xC6, 0x52, 0xE7, 0x52, 0x28, 0x5B, 0x69, 0x63, 0xAA, 0x6B,
    0xCA, 0x6B, 0xAA, 0x6B, 0xAA, 0x6B, 0x48, 0x5B, 0x08, 0x53, 0x49, 0x5B, 0x48, 0x5B, 0xE7, 0x52,
    0xE8, 0x52, 0x28, 0x5B, 0x89, 0x63, 0xCB, 0x6B, 0xC7, 0x4A, 0x87, 0x42, 0x87, 0x42, 0xE8, 0x52,
    0xE8, 0x52, 0x29, 0x5B, 0xE8, 0x52, 0xE8, 0x52, 0xC7, 0x4A, 0xC8, 0x4A, 0x87, 0x42, 0x87, 0x42,
    0x4D, 0x32, 0x6D, 0x32, 0x4D, 0x32, 0x4D, 0x32, 0x2C, 0x2A, 0x2C, 0x32, 0xEB, 0x29, 0x6D, 0x3A,
    0x8E, 0x42, 0x4D, 0x3A, 0x6D, 0x3A, 0xCE, 0x4A, 0x6D, 0x3A, 0x6D, 0x3A, 0x8E, 0x42, 0xEF, 0x4A,
    0xCE, 0x4A, 0xAE, 0x42, 0xCE, 0x4A, 0xCE, 0x4A, 0xCE, 0x4A, 0x0F, 0x53, 0x0F, 0x53, 0xEE, 0x4A,
    0xCE, 0x4A, 0x0E, 0x53, 0x0F, 0x53, 0xEE, 0x4A, 0xAD, 0x42, 0xCE, 0x4A, 0x0F, 0x53, 0xEE, 0x4A,
    0x2E, 0x5B, 0x2E, 0x5B, 0x08, 0x32, 0x81, 0x00, 0x80, 0x00, 0xE1, 0x08, 0xC1, 0x08, 0xA0, 0x00,
    0x02, 0x11, 0x22, 0x11, 0x22, 0x11, 0x01, 0x11, 0x24, 0x21, 0x06, 0x21, 0x48, 0x31, 0x89, 0x39,
    0xAA, 0x41, 0x2C, 0x5A, 0x2C, 0x5A, 0x2C, 0x5A, 0x4C, 0x62, 0x4C, 0x62, 0x0B, 0x5A, 0x4C, 0x62,
    0x2C, 0x62, 0x2B, 0x62, 0x4C, 0x62, 0x2B, 0x62, 0x2B, 0x62, 0x2B, 0x62, 0x6C, 0x6A, 0xAD, 0x72,
    0xCD, 0x7A, 0xEE, 0x82, 0xEE, 0x82, 0xEE, 0x82, 0xED, 0x7A, 0xCD, 0x7A, 0xCD, 0x7A, 0x2E, 0x8B,
    0xEE, 0x82, 0xED, 0x82, 0x4F, 0x8B, 0x2E, 0x8B, 0x2F, 0x8B, 0x2E, 0x83, 0x0B, 0x6B, 0xE7, 0x52,
    0xE5, 0x42, 0xC5, 0x3A, 0x84, 0x3A, 0x43, 0x32, 0xC1, 0x29, 0x81, 0x21, 0xC2, 0x29, 0x81, 0x21,
    0xA2, 0x21, 0x61, 0x21, 0x61, 0x21, 0xE3, 0x31, 0xC2, 0x29, 0xE3, 0x31, 0xE3, 0x31, 0xE3, 0x29,
    0xA2, 0x29, 0xC3, 0x29, 0x63, 0x21, 0x22, 0x19, 0xE1, 0x10, 0x22, 0x19, 0x02, 0x11, 0xE2, 0x10,
    0x02, 0x19, 0xE2, 0x18, 0x83, 0x29, 0xA4, 0x31, 0x42, 0x21, 0x83, 0x21, 0xC3, 0x29, 0x82, 0x21,
    0x82, 0x19, 0x62, 0x19, 0x83, 0x19, 0xA3, 0x21, 0x83, 0x19, 0xA3, 0x19, 0x83, 0x19, 0x63, 0x19,
    0x63, 0x11, 0x62, 0x11, 0x42, 0x11, 0x22, 0x11, 0x22, 0x11, 0x42, 0x11, 0x22, 0x11, 0x22, 0x09,
    0x22, 0x11, 0xE1, 0x08, 0xC1, 0x00, 0xC1, 0x08, 0xA1, 0x08, 0xA2, 0x10, 0xC3, 0x20, 0xA2, 0x20,
    0xA2, 0x20, 0x62, 0x18, 0x20, 0x08, 0x00, 0x00, 0x41, 0x08, 0xA2, 0x18, 0xC3, 0x28, 0xC3, 0x28,
    0xC3, 0x28, 0xA2, 0x20, 0x81, 0x18, 0x41, 0x08, 0x00, 0x00, 0x00, 0x00, 0x20, 0x00, 0x20, 0x00,
    0x40, 0x00, 0x40, 0x00, 0x20, 0x00, 0x40, 0x00, 0x20, 0x00, 0x20, 0x00, 0x40, 0x00, 0x40, 0x00,
    0x60, 0x00, 0x81, 0x00, 0x81, 0x08, 0x80, 0x00, 0x60, 0x00, 0x60, 0x00, 0xC1, 0x08, 0xC1, 0x08,
    0xE1, 0x08, 0xE1, 0x10, 0xE1, 0x10, 0x02, 0x11, 0x02, 0x11, 0x60, 0x00, 0x81, 0x10, 0xC2, 0x20,
    0xE2, 0x28, 0x03, 0x31, 0x43, 0x41, 0x64, 0x49, 0x63, 0x41, 0x62, 0x39, 0x01, 0x29, 0xE0, 0x20,
    0x01, 0x21, 0x82, 0x39, 0xC3, 0x41, 0xE4, 0x49, 0x04, 0x4A, 0x03, 0x3A, 0xE2, 0x29, 0xC2, 0x29,
    0x02, 0x2A, 0x43, 0x32, 0xA4, 0x42, 0x83, 0x3A, 0xA4, 0x42, 0xA4, 0x42, 0x63, 0x3A, 0x84, 0x3A,
    0xA4, 0x42, 0x23, 0x32, 0x03, 0x2A, 0x23, 0x32, 0x03, 0x2A, 0xE3, 0x29, 0x03, 0x2A, 0xE3, 0x29,
    0x84, 0x19, 0x04, 0x11, 0xE4, 0x10, 0x45, 0x19, 0x46, 0x21, 0x26, 0x19, 0x47, 0x21, 0x66, 0x21,
    0xC7, 0x31, 0x67, 0x4A, 0xC8, 0x5A, 0xE9, 0x5A, 0xC9, 0x5A, 0xC8, 0x5A, 0x29, 0x63, 0x29, 0x63,
    0x09, 0x63, 0xC8, 0x52, 0x22, 0x21, 0xE1, 0x10, 0x21, 0x11, 0x21, 0x11, 0x62, 0x19, 0x41, 0x11,
    0x20, 0x11, 0x00, 0x11, 0x22, 0x21, 0x49, 0x52, 0x11, 0x94, 0x73, 0xAC, 0x53, 0xAC, 0x53, 0xAC,
    0x73, 0xAC, 0x52, 0xA4, 0xF0, 0x8B, 0x88, 0x4A, 0x04, 0x2A, 0x64, 0x32, 0x84, 0x3A, 0xA4, 0x3A,
    0x84, 0x3A, 0x44, 0x32, 0x24, 0x2A, 0x45, 0x32, 0x04, 0x2A, 0x24, 0x2A, 0xE3, 0x21, 0xC3, 0x21,
    0x24, 0x2A, 0x85, 0x32, 0x24, 0x2A, 0x24, 0x2A, 0x45, 0x32, 0x46, 0x32, 0x25, 0x2A, 0x05, 0x2A,
    0x05, 0x2A, 0x25, 0x32, 0x45, 0x32, 0x04, 0x2A, 0xA3, 0x21, 0x43, 0x19, 0xC2, 0x10, 0xC2, 0x10,
    0x61, 0x08, 0x82, 0x10, 0x82, 0x10, 0x41, 0x08, 0x06, 0x3A, 0xAB, 0x73, 0x8A, 0x6B, 0xCA, 0x73,
    0xAA, 0x73, 0x69, 0x6B, 0x69, 0x6B, 0x89, 0x6B, 0x89, 0x6B, 0xAA, 0x73, 0x89, 0x6B, 0x28, 0x63,
    0x07, 0x5B, 0x28, 0x5B, 0x48, 0x63, 0xE7, 0x5A, 0xC6, 0x4A, 0xC7, 0x52, 0xC6, 0x4A, 0x86, 0x42,
    0xA6, 0x4A, 0xC6, 0x4A, 0x08, 0x53, 0x28, 0x5B, 0x07, 0x53, 0xE7, 0x52, 0xE6, 0x52, 0xC7, 0x4A,
    0xA7, 0x4A, 0xC7, 0x4A, 0x29, 0x5B, 0x08, 0x53, 0x87, 0x42, 0xA7, 0x42, 0xA7, 0x4A, 0x08, 0x53,
    0xA7, 0x42, 0x87, 0x42, 0x87, 0x42, 0xC7, 0x4A, 0xC8, 0x4A, 0xE8, 0x4A, 0x87, 0x42, 0x67, 0x42,
    0x2C, 0x32, 0xAA, 0x21, 0xCB, 0x21, 0xEB, 0x29, 0xEB, 0x29, 0x2C, 0x32, 0xCB, 0x21, 0x0C, 0x2A,
    0x8E, 0x42, 0x8D, 0x3A, 0x2C, 0x32, 0xAE, 0x42, 0xAE, 0x42, 0x0B, 0x32, 0x6D, 0x3A, 0x30, 0x53,
    0xCE, 0x4A, 0xAE, 0x42, 0xCE, 0x4A, 0xAD, 0x42, 0x8D, 0x42, 0x8D, 0x42, 0xCE, 0x4A, 0x0F, 0x53,
    0xEF, 0x4A, 0xEE, 0x4A, 0xEE, 0x4A, 0x0F, 0x53, 0xEE, 0x4A, 0x8D, 0x42, 0xEE, 0x4A, 0xEE, 0x52,
    0xED, 0x52, 0x2E, 0x53, 0x6A, 0x42, 0x03, 0x11, 0x81, 0x00, 0xA0, 0x08, 0x80, 0x00, 0xA0, 0x08,
    0xE1, 0x08, 0xC1, 0x08, 0xC1, 0x08, 0xE2, 0x10, 0x25, 0x21, 0x06, 0x21, 0x27, 0x29, 0x48, 0x31,
    0xA9, 0x41, 0x0B, 0x52, 0xCA, 0x49, 0x0B, 0x5A, 0x2C, 0x5A, 0x0B, 0x5A, 0xA9, 0x49, 0x2B, 0x62,
    0xAD, 0x72, 0x0B, 0x5A, 0x4C, 0x62, 0x4C, 0x62, 0x4C, 0x62, 0x6C, 0x6A, 0x2B, 0x62, 0x8D, 0x72,
    0xAD, 0x72, 0xCD, 0x7A, 0xAD, 0x7A, 0xED, 0x7A, 0xED, 0x82, 0x0D, 0x7B, 0xAC, 0x7A, 0x8C, 0x72,
    0xAC, 0x7A, 0xAC, 0x72, 0xED, 0x82, 0xED, 0x7A, 0xED, 0x82, 0x2E, 0x8B, 0x0B, 0x73, 0xC7, 0x4A,
    0x07, 0x43, 0x08, 0x43, 0xE7, 0x42, 0x44, 0x32, 0xA1, 0x29, 0x81, 0x21, 0xA2, 0x29, 0x81, 0x21,
    0xA2, 0x21, 0x81, 0x21, 0xE2, 0x29, 0xC2, 0x29, 0xE3, 0x31, 0x23, 0x3A, 0x23, 0x3A, 0x03, 0x32,
    0xE3, 0x29, 0xE3, 0x29, 0x03, 0x2A, 0x03, 0x32, 0x03, 0x2A, 0x04, 0x2A, 0xA3, 0x21, 0x82, 0x21,
    0xA2, 0x21, 0xC3, 0x29, 0x24, 0x32, 0x23, 0x32, 0x03, 0x2A, 0xC2, 0x21, 0xC2, 0x21, 0xE2, 0x21,
    0xC3, 0x21, 0xC3, 0x21, 0xC3, 0x21, 0xA3, 0x21, 0xA3, 0x19, 0x82, 0x19, 0x82, 0x19, 0x82, 0x19,
    0x42, 0x11, 0x42, 0x11, 0x63, 0x11, 0x63, 0x11, 0x42, 0x11, 0x22, 0x11, 0x22, 0x11, 0x22, 0x11,
    0x22, 0x11, 0x22, 0x11, 0x22, 0x09, 0x02, 0x09, 0x02, 0x11, 0xA1, 0x08, 0x81, 0x10, 0x81, 0x08,
    0x81, 0x08, 0x60, 0x08, 0x40, 0x00, 0x20, 0x00, 0x20, 0x00, 0x41, 0x08, 0x62, 0x10, 0x61, 0x10,
    0x61, 0x10, 0x60, 0x08, 0x60, 0x08, 0x80, 0x08, 0x60, 0x00, 0x80, 0x08, 0x81, 0x00, 0x60, 0x00,
    0x60, 0x00, 0x60, 0x00, 0x40, 0x00, 0x60, 0x00, 0x60, 0x00, 0x81, 0x08, 0x80, 0x08, 0x60, 0x00,
    0xA0, 0x00, 0xA0, 0x00, 0xC1, 0x08, 0xE1, 0x10, 0xC1, 0x08, 0xE1, 0x08, 0x01, 0x11, 0x21, 0x19,
    0x62, 0x19, 0x21, 0x19, 0x21, 0x11, 0x42, 0x19, 0x42, 0x19, 0x21, 0x11, 0x21, 0x19, 0x22, 0x21,
    0x02, 0x21, 0xC0, 0x18, 0x01, 0x21, 0x22, 0x29, 0x82, 0x31, 0xA2, 0x31, 0xC2, 0x29, 0xE3, 0x31,
    0xC3, 0x31, 0xC2, 0x31, 0x03, 0x32, 0x03, 0x3A, 0x03, 0x32, 0x02, 0x2A, 0x23, 0x2A, 0x02, 0x2A,
    0x43, 0x32, 0x43, 0x3A, 0x63, 0x3A, 0x43, 0x3A, 0x84, 0x42, 0x63, 0x3A, 0x43, 0x32, 0x43, 0x32,
    0x23, 0x32, 0x44, 0x32, 0x23, 0x32, 0x23, 0x32, 0xE3, 0x29, 0xE3, 0x29, 0x24, 0x32, 0xC3, 0x21,
    0x02, 0x11, 0xC2, 0x08, 0xE3, 0x10, 0xE3, 0x10, 0xE4, 0x10, 0x05, 0x11, 0xE5, 0x10, 0xE4, 0x10,
    0x45, 0x21, 0xE6, 0x39, 0x27, 0x42, 0x67, 0x4A, 0x47, 0x4A, 0x88, 0x52, 0xC8, 0x52, 0x88, 0x52,
    0x67, 0x4A, 0x87, 0x4A, 0x63, 0x21, 0xC0, 0x08, 0x00, 0x11, 0xE0, 0x08, 0x21, 0x11, 0x81, 0x19,
    0xC2, 0x21, 0xC3, 0x29, 0xCA, 0x62, 0x11, 0x9C, 0xF1, 0x9B, 0xF1, 0x9B, 0xF1, 0xA3, 0xF1, 0xA3,
    0xD1, 0x9B, 0xD1, 0x9B, 0xD1, 0x9B, 0xCF, 0x8B, 0xA8, 0x52, 0x24, 0x32, 0xA4, 0x3A, 0xC5, 0x3A,
    0xC5, 0x3A, 0x24, 0x2A, 0x04, 0x2A, 0x45, 0x32, 0x04, 0x2A, 0x04, 0x2A, 0x65, 0x32, 0x65, 0x32,
    0x85, 0x3A, 0xC7, 0x42, 0x09, 0x4B, 0x8D, 0x5B, 0xCE, 0x6B, 0xCE, 0x6B, 0xEF, 0x6B, 0xEF, 0x6B,
    0x8D, 0x5B, 0xE9, 0x4A, 0x45, 0x32, 0x24, 0x2A, 0x24, 0x2A, 0xC4, 0x21, 0x83, 0x21, 0x22, 0x19,
    0xE1, 0x10, 0x03, 0x19, 0xE2, 0x10, 0x80, 0x08, 0x87, 0x4A, 0xAB, 0x73, 0x49, 0x63, 0xAA, 0x73,
    0xAA, 0x73, 0x48, 0x63, 0x89, 0x6B, 0xA9, 0x73, 0xCA, 0x73, 0xAA, 0x73, 0x69, 0x6B, 0x07, 0x5B,
    0x28, 0x5B, 0xC7, 0x52, 0x07, 0x5B, 0x8A, 0x6B, 0x49, 0x63, 0xE8, 0x52, 0x08, 0x5B, 0xC7, 0x4A,
    0xC7, 0x4A, 0xC7, 0x4A, 0xE7, 0x52, 0x48, 0x5B, 0x69, 0x63, 0x28, 0x5B, 0x28, 0x5B, 0x28, 0x5B,
    0xA7, 0x4A, 0x87, 0x42, 0x66, 0x3A, 0xE4, 0x31, 0x46, 0x3A, 0x87, 0x42, 0xE8, 0x52, 0x09, 0x53,
    0xA7, 0x42, 0x87, 0x42, 0x67, 0x3A, 0x46, 0x3A, 0x67, 0x42, 0xC8, 0x4A, 0x26, 0x3A, 0x05, 0x32,
    0xCB, 0x21, 0xEB, 0x29, 0x0C, 0x2A, 0xAA, 0x21, 0xAA, 0x21, 0xCA, 0x21, 0xCA, 0x21, 0xEB, 0x29,
    0x8E, 0x42, 0x4D, 0x3A, 0xEB, 0x29, 0x6D, 0x3A, 0xEF, 0x4A, 0x8D, 0x42, 0x6D, 0x3A, 0x0F, 0x53,
    0xEE, 0x4A, 0xCE, 0x4A, 0xCE, 0x4A, 0x8D, 0x42, 0x8D, 0x3A, 0xCE, 0x4A, 0xCE, 0x4A, 0xEF, 0x52,
    0xAD, 0x42, 0x6D, 0x42, 0x0F, 0x53, 0x0E, 0x53, 0x2F, 0x53, 0xAD, 0x4A, 0xED, 0x4A, 0x2F, 0x53,
    0xEE, 0x52, 0xCD, 0x4A, 0xAC, 0x4A, 0x04, 0x11, 0x20, 0x00, 0x60, 0x00, 0x80, 0x00, 0xA1, 0x08,
    0xA0, 0x08, 0x20, 0x00, 0x20, 0x00, 0x81, 0x00, 0xE4, 0x18, 0x06, 0x21, 0x27, 0x29, 0x49, 0x31,
    0x89, 0x39, 0xAA, 0x41, 0xAA, 0x41, 0xCA, 0x51, 0xCA, 0x51, 0x2C, 0x5A, 0xEA, 0x51, 0xEA, 0x51,
    0xAD, 0x72, 0x8D, 0x6A, 0x6C, 0x6A, 0xAD, 0x72, 0x2B, 0x62, 0x4B, 0x62, 0x2B, 0x62, 0x8C, 0x72,
    0x8C, 0x72, 0xAD, 0x7A, 0xCD, 0x7A, 0x8C, 0x72, 0x8C, 0x72, 0xCD, 0x7A, 0x8C, 0x72, 0x4B, 0x6A,
    0x8B, 0x72, 0xAC, 0x72, 0x8C, 0x72, 0xED, 0x7A, 0xCC, 0x7A, 0xED, 0x82, 0xEB, 0x6A, 0xA7, 0x42,
    0xE7, 0x3A, 0xE8, 0x3A, 0xE8, 0x42, 0x86, 0x3A, 0xA1, 0x21, 0x40, 0x19, 0xA2, 0x21, 0x03, 0x32,
    0x23, 0x32, 0x43, 0x32, 0x44, 0x32, 0x44, 0x3A, 0x64, 0x3A, 0x64, 0x3A, 0x64, 0x3A, 0x23, 0x32,
    0x03, 0x2A, 0x04, 0x32, 0x24, 0x32, 0xE3, 0x29, 0x03, 0x2A, 0x03, 0x2A, 0xE3, 0x29, 0xE2, 0x21,
    0xE2, 0x21, 0x23, 0x2A, 0x23, 0x32, 0x44, 0x32, 0x03, 0x2A, 0xE3, 0x21, 0x03, 0x2A, 0x23, 0x2A,
    0xE3, 0x29, 0xC3, 0x21, 0xC3, 0x21, 0xC3, 0x21, 0xC3, 0x21, 0xA3, 0x21, 0xA3, 0x19, 0xA3, 0x21,
    0xA3, 0x19, 0x83, 0x19, 0x62, 0x19, 0x83, 0x19, 0x83, 0x19, 0x62, 0x11, 0x62, 0x11, 0x42, 0x11,
    0x42, 0x11, 0x42, 0x11, 0x01, 0x09, 0x22, 0x11, 0x22, 0x11, 0x02, 0x11, 0x01, 0x11, 0xE1, 0x10,
    0xE1, 0x08, 0xC1, 0x08, 0xC1, 0x08, 0x80, 0x00, 0x60, 0x00, 0x20, 0x00, 0x40, 0x00, 0x60, 0x00,
    0x80, 0x08, 0xC1, 0x08, 0x02, 0x11, 0x02, 0x11, 0x22, 0x11, 0x01, 0x11, 0x80, 0x00, 0x60, 0x00,
    0x40, 0x00, 0x60, 0x00, 0xA1, 0x08, 0xA1, 0x08, 0xA0, 0x08, 0xC1, 0x08, 0xC1, 0x08, 0xC0, 0x08,
    0xE1, 0x10, 0x01, 0x11, 0x01, 0x11, 0x21, 0x11, 0x42, 0x19, 0x42, 0x19, 0x62, 0x19, 0x62, 0x19,
    0x62, 0x21, 0x41, 0x19, 0x41, 0x19, 0x62, 0x19, 0x61, 0x19, 0x41, 0x19, 0x61, 0x19, 0xA2, 0x21,
    0xC3, 0x29, 0x82, 0x29, 0xA2, 0x29, 0xC3, 0x29, 0xC2, 0x29, 0x03, 0x32, 0x03, 0x32, 0x03, 0x32,
    0x43, 0x32, 0x03, 0x32, 0x23, 0x2A, 0x23, 0x32, 0xE2, 0x29, 0x02, 0x2A, 0x64, 0x32, 0x23, 0x2A,
    0x23, 0x2A, 0x02, 0x2A, 0x43, 0x32, 0x64, 0x3A, 0x44, 0x32, 0x23, 0x32, 0x23, 0x32, 0x23, 0x32,
    0x23, 0x32, 0x63, 0x32, 0x84, 0x3A, 0x84, 0x3A, 0x64, 0x3A, 0x24, 0x32, 0xE3, 0x29, 0xC2, 0x21,
    0x41, 0x11, 0x01, 0x11, 0x22, 0x19, 0xE2, 0x08, 0xA1, 0x00, 0xC3, 0x08, 0xE3, 0x08, 0xE3, 0x08,
    0xC2, 0x08, 0x64, 0x21, 0xA5, 0x31, 0xA5, 0x31, 0x85, 0x31, 0xA5, 0x31, 0x06, 0x3A, 0x27, 0x42,
    0xE5, 0x39, 0xA4, 0x29, 0xC3, 0x29, 0xA2, 0x21, 0xC2, 0x21, 0x03, 0x2A, 0x44, 0x32, 0xA5, 0x3A,
    0xA5, 0x3A, 0xA8, 0x4A, 0xAF, 0x83, 0xB0, 0x93, 0x90, 0x93, 0xB0, 0x93, 0xD1, 0x9B, 0xD0, 0x9B,
    0xD1, 0x93, 0xB1, 0x93, 0x70, 0x8B, 0x6F, 0x8B, 0x8E, 0x83, 0x87, 0x4A, 0x65, 0x3A, 0xE5, 0x3A,
    0xC5, 0x3A, 0x85, 0x3A, 0x44, 0x2A, 0x64, 0x32, 0x85, 0x32, 0x44, 0x32, 0x85, 0x3A, 0x65, 0x3A,
    0x87, 0x3A, 0xAD, 0x63, 0x51, 0x7C, 0x52, 0x7C, 0x31, 0x7C, 0x52, 0x7C, 0x52, 0x7C, 0x11, 0x74,
    0x31, 0x74, 0x10, 0x74, 0x8D, 0x63, 0x87, 0x3A, 0xE4, 0x29, 0x24, 0x2A, 0x04, 0x2A, 0x24, 0x2A,
    0xE4, 0x29, 0xC4, 0x21, 0xA3, 0x21, 0x83, 0x21, 0x08, 0x53, 0x6A, 0x6B, 0x28, 0x63, 0x8A, 0x6B,
    0x69, 0x6B, 0x48, 0x63, 0x89, 0x6B, 0x89, 0x6B, 0xAA, 0x6B, 0x69, 0x63, 0x28, 0x5B, 0xE7, 0x52,
    0xE8, 0x5A, 0x08, 0x5B, 0x08, 0x5B, 0xE7, 0x52, 0x08, 0x53, 0xC7, 0x52, 0xE7, 0x52, 0x69, 0x63,
    0x69, 0x63, 0x49, 0x5B, 0xE7, 0x52, 0xE7, 0x52, 0x69, 0x63, 0x49, 0x63, 0x28, 0x5B, 0x08, 0x53,
    0xE7, 0x52, 0x28, 0x5B, 0xE8, 0x52, 0x87, 0x42, 0x66, 0x42, 0x45, 0x3A, 0x86, 0x42, 0xA7, 0x4A,
    0x67, 0x42, 0x05, 0x32, 0x26, 0x32, 0x67, 0x42, 0x67, 0x3A, 0x67, 0x3A, 0x26, 0x32, 0x47, 0x3A,
    0xEC, 0x29, 0xEB, 0x29, 0xAE, 0x42, 0x0C, 0x2A, 0x8A, 0x21, 0xCB, 0x21, 0xEB, 0x21, 0xEB, 0x29,
    0x8E, 0x42, 0x6D, 0x3A, 0xEA, 0x29, 0xCA, 0x29, 0x6D, 0x3A, 0x8D, 0x42, 0x6C, 0x3A, 0xAD, 0x42,
    0xCE, 0x4A, 0xCE, 0x4A, 0x6D, 0x3A, 0x6C, 0x3A, 0x6C, 0x3A, 0xAD, 0x42, 0xAD, 0x42, 0x2B, 0x32,
    0x6C, 0x3A, 0x2C, 0x3A, 0xEE, 0x52, 0xCD, 0x4A, 0xEE, 0x4A, 0x0E, 0x53, 0x0D, 0x53, 0x0E, 0x53,
    0xEE, 0x52, 0xCD, 0x4A, 0xCC, 0x4A, 0x25, 0x19, 0x20, 0x00, 0x60, 0x00, 0x80, 0x00, 0x80, 0x00,
    0x80, 0x08, 0x40, 0x00, 0x20, 0x00, 0x61, 0x00, 0xC4, 0x10, 0x06, 0x21, 0x27, 0x29, 0x28, 0x29,
    0x48, 0x31, 0x68, 0x39, 0xCA, 0x49, 0xCA, 0x49, 0x89, 0x49, 0x0B, 0x5A, 0x2B, 0x5A, 0x0B, 0x5A,
    0x6C, 0x6A, 0x0B, 0x5A, 0xEA, 0x51, 0x4C, 0x62, 0x2B, 0x62, 0x2B, 0x62, 0x8C, 0x6A, 0x8C, 0x6A,
    0x0A, 0x62, 0x6B, 0x6A, 0x8C, 0x72, 0xCD, 0x7A, 0xCD, 0x7A, 0xED, 0x82, 0xED, 0x7A, 0x8B, 0x72,
    0x6B, 0x6A, 0x8B, 0x72, 0x6B, 0x6A, 0xAC, 0x72, 0x8B, 0x72, 0xAB, 0x72, 0xEB, 0x6A, 0x87, 0x3A,
    0x66, 0x2A, 0x67, 0x2A, 0x67, 0x32, 0x25, 0x2A, 0xE2, 0x29, 0xC2, 0x29, 0x23, 0x32, 0xA5, 0x42,
    0x84, 0x3A, 0xA5, 0x3A, 0xC6, 0x42, 0xC5, 0x42, 0x84, 0x3A, 0x44, 0x32, 0x65, 0x32, 0x2A, 0x53,
    0xAD, 0x63, 0xEF, 0x6B, 0x0F, 0x74, 0x6C, 0x5B, 0x25, 0x32, 0x24, 0x32, 0x44, 0x32, 0x44, 0x32,
    0x44, 0x32, 0x44, 0x32, 0x23, 0x2A, 0x03, 0x2A, 0x24, 0x2A, 0xC2, 0x21, 0xC2, 0x21, 0x03, 0x2A,
    0xE3, 0x21, 0xC3, 0x21, 0xA2, 0x19, 0xA2, 0x19, 0x82, 0x19, 0x82, 0x19, 0x82, 0x19, 0xC3, 0x21,
    0xC3, 0x21, 0xA3, 0x19, 0xC3, 0x21, 0xA3, 0x19, 0x83, 0x19, 0x62, 0x19, 0x42, 0x11, 0x42, 0x11,
    0x62, 0x19, 0x62, 0x11, 0x42, 0x11, 0x21, 0x11, 0x62, 0x19, 0x62, 0x19, 0x42, 0x19, 0x21, 0x19,
    0x42, 0x19, 0x62, 0x19, 0x42, 0x19, 0x22, 0x19, 0x01, 0x11, 0xE1, 0x08, 0xE1, 0x08, 0x22, 0x11,
    0x22, 0x11, 0x42, 0x19, 0x62, 0x19, 0x83, 0x19, 0x62, 0x19, 0x41, 0x19, 0x01, 0x11, 0xE1, 0x08,
    0xC1, 0x08, 0xC1, 0x08, 0xE1, 0x10, 0xE1, 0x08, 0x01, 0x11, 0x01, 0x11, 0x41, 0x19, 0x82, 0x21,
    0x82, 0x21, 0x62, 0x21, 0x61, 0x19, 0x62, 0x19, 0x82, 0x19, 0x82, 0x21, 0xA2, 0x21, 0xC2, 0x21,
    0xA2, 0x21, 0xA2, 0x21, 0xA2, 0x21, 0x82, 0x21, 0xA2, 0x21, 0xC2, 0x29, 0x03, 0x32, 0x03, 0x2A,
    0xE2, 0x29, 0xE2, 0x29, 0x23, 0x32, 0x23, 0x32, 0xE2, 0x29, 0xE2, 0x29, 0x03, 0x32, 0x03, 0x32,
    0x23, 0x32, 0x03, 0x32, 0xE2, 0x29, 0x03, 0x2A, 0x23, 0x32, 0x23, 0x2A, 0x23, 0x2A, 0x02, 0x2A,
    0x23, 0x2A, 0x23, 0x2A, 0x23, 0x32, 0x23, 0x2A, 0xC2, 0x21, 0xC2, 0x21, 0x03, 0x2A, 0x43, 0x32,
    0x43, 0x32, 0x43, 0x32, 0x84, 0x3A, 0x63, 0x32, 0x43, 0x32, 0x44, 0x32, 0x23, 0x32, 0x03, 0x2A,
    0x24, 0x32, 0x04, 0x2A, 0xE3, 0x29, 0xC3, 0x21, 0x83, 0x19, 0x42, 0x11, 0x63, 0x19, 0xA4, 0x21,
    0x22, 0x19, 0xC1, 0x08, 0xC2, 0x10, 0xE2, 0x10, 0x03, 0x19, 0x03, 0x19, 0x23, 0x21, 0x22, 0x21,
    0x63, 0x21, 0x62, 0x21, 0xE3, 0x29, 0x23, 0x2A, 0x44, 0x32, 0x64, 0x32, 0xA5, 0x3A, 0x84, 0x3A,
    0x23, 0x32, 0xE9, 0x5A, 0x8F, 0x8B, 0x4F, 0x8B, 0x90, 0x93, 0x6F, 0x8B, 0x6F, 0x8B, 0x4F, 0x8B,
    0x6F, 0x8B, 0x2E, 0x83, 0xED, 0x7A, 0x0E, 0x7B, 0x2E, 0x7B, 0x4B, 0x6B, 0x85, 0x42, 0xA4, 0x3A,
    0x63, 0x32, 0xA5, 0x3A, 0xC5, 0x3A, 0xC5, 0x3A, 0xA5, 0x3A, 0x64, 0x32, 0x44, 0x2A, 0xE9, 0x4A,
    0xCE, 0x6B, 0xD0, 0x6B, 0xB0, 0x63, 0xB0, 0x63, 0xD0, 0x6B, 0xD0, 0x6B, 0xF1, 0x6B, 0xB0, 0x63,
    0xB0, 0x63, 0xB0, 0x6B, 0xD0, 0x6B, 0xAF, 0x6B, 0xEA, 0x4A, 0x66, 0x32, 0x44, 0x2A, 0x64, 0x2A,
    0x23, 0x2A, 0x23, 0x2A, 0x44, 0x2A, 0x65, 0x3A, 0x69, 0x63, 0x49, 0x63, 0x08, 0x63, 0x28, 0x5B,
    0x28, 0x5B, 0xE7, 0x5A, 0x07, 0x5B, 0x07, 0x5B, 0x08, 0x5B, 0xE7, 0x52, 0xE7, 0x5A, 0xE7, 0x5A,
    0x08, 0x5B, 0x49, 0x63, 0x69, 0x63, 0xA6, 0x4A, 0x24, 0x3A, 0x25, 0x3A, 0x86, 0x4A, 0xE7, 0x52,
    0x28, 0x5B, 0x69, 0x63, 0x28, 0x5B, 0x86, 0x42, 0x66, 0x42, 0x66, 0x42, 0xE7, 0x52, 0x49, 0x5B,
    0x08, 0x53, 0xE7, 0x4A, 0xC7, 0x4A, 0x87, 0x42, 0x66, 0x3A, 0xA7, 0x42, 0xC7, 0x4A, 0xE8, 0x4A,
    0x87, 0x42, 0xE5, 0x31, 0x67, 0x42, 0x67, 0x42, 0x26, 0x3A, 0x06, 0x32, 0xC5, 0x29, 0xE5, 0x29,
    0xCB, 0x21, 0x8A, 0x19, 0x0C, 0x2A, 0x0C, 0x2A, 0xCB, 0x21, 0xEB, 0x21, 0xAA, 0x21, 0x8A, 0x19,
    0x2C, 0x32, 0x8D, 0x42, 0x6D, 0x3A, 0xEB, 0x29, 0x2C, 0x32, 0x6D, 0x3A, 0x8D, 0x42, 0x6D, 0x42,
    0x6D, 0x42, 0x6C, 0x3A, 0x4C, 0x3A, 0x8D, 0x42, 0x8D, 0x42, 0xCE, 0x4A, 0xCE, 0x4A, 0x8D, 0x42,
    0xAD, 0x42, 0x8D, 0x42, 0xCD, 0x4A, 0xCD, 0x4A, 0x8C, 0x42, 0xED, 0x52, 0xAD, 0x4A, 0xED, 0x52,
    0x0E, 0x53, 0xCD, 0x4A, 0xED, 0x52, 0x66, 0x21, 0x00, 0x00, 0x40, 0x00, 0xA1, 0x00, 0xC1, 0x08,
    0xE1, 0x10, 0xC1, 0x08, 0x60, 0x00, 0x40, 0x00, 0xC4, 0x10, 0x07, 0x21, 0x07, 0x21, 0x28, 0x29,
    0x48, 0x29, 0x89, 0x39, 0x89, 0x39, 0xEB, 0x51, 0xEB, 0x51, 0x2B, 0x5A, 0x0A, 0x52, 0xC9, 0x49,
    0x0A, 0x5A, 0xEA, 0x51, 0xEA, 0x59, 0x0B, 0x62, 0x2B, 0x62, 0x4C, 0x62, 0x6C, 0x6A, 0x6B, 0x62,
    0x0A, 0x5A, 0xC9, 0x51, 0x4B, 0x62, 0x4A, 0x62, 0x8C, 0x72, 0xAC, 0x72, 0xAC, 0x72, 0xED, 0x7A,
    0xAC, 0x72, 0x8C, 0x72, 0xCC, 0x7A, 0x8B, 0x72, 0xAC, 0x72, 0xEC, 0x7A, 0xCA, 0x62, 0x45, 0x32,
    0xA6, 0x32, 0x66, 0x2A, 0x66, 0x2A, 0x86, 0x32, 0x84, 0x3A, 0xA4, 0x3A, 0x64, 0x32, 0xA4, 0x3A,
    0xA5, 0x3A, 0xC5, 0x3A, 0xC5, 0x3A, 0x84, 0x32, 0x64, 0x32, 0x86, 0x3A, 0x8D, 0x5B, 0x52, 0x7C,
    0x73, 0x84, 0x93, 0x84, 0x93, 0x84, 0xD3, 0x8C, 0x0F, 0x74, 0x87, 0x3A, 0x45, 0x32, 0x45, 0x32,
    0x24, 0x2A, 0x24, 0x2A, 0x03, 0x2A, 0x45, 0x32, 0x65, 0x32, 0x03, 0x2A, 0x03, 0x2A, 0x04, 0x2A,
    0x04, 0x2A, 0xC3, 0x21, 0xC3, 0x21, 0xC3, 0x21, 0xC3, 0x21, 0xC3, 0x21, 0xC3, 0x21, 0xC3, 0x21,
    0xA3, 0x19, 0xA3, 0x21, 0xC3, 0x21, 0xA3, 0x19, 0xA3, 0x19, 0x82, 0x19, 0x62, 0x19, 0x82, 0x19,
    0xA3, 0x21, 0x82, 0x21, 0x83, 0x21, 0xA3, 0x21, 0xA3, 0x21, 0x82, 0x21, 0x82, 0x21, 0x82, 0x21,
    0x82, 0x21, 0xA2, 0x21, 0xA2, 0x21, 0x62, 0x19, 0x62, 0x19, 0x82, 0x21, 0x82, 0x21, 0x62, 0x19,
    0x42, 0x19, 0x62, 0x19, 0x82, 0x19, 0x82, 0x19, 0x82, 0x21, 0xA2, 0x21, 0xA3, 0x21, 0x01, 0x11,
    0xE0, 0x08, 0x42, 0x19, 0x62, 0x19, 0x62, 0x21, 0x62, 0x19, 0x82, 0x21, 0xA3, 0x21, 0xA2, 0x21,
    0xA1, 0x21, 0x61, 0x19, 0x62, 0x19, 0x82, 0x21, 0xC2, 0x21, 0xC2, 0x21, 0x03, 0x32, 0x43, 0x32,
    0x43, 0x32, 0x23, 0x32, 0x02, 0x2A, 0xE2, 0x29, 0x23, 0x32, 0x23, 0x32, 0xE2, 0x31, 0x23, 0x32,
    0x23, 0x32, 0x43, 0x32, 0x23, 0x32, 0x43, 0x32, 0x43, 0x32, 0x03, 0x32, 0x03, 0x2A, 0x03, 0x32,
    0x43, 0x3A, 0x23, 0x2A, 0xE2, 0x29, 0xE3, 0x29, 0xE2, 0x21, 0x02, 0x2A, 0x22, 0x2A, 0x84, 0x3A,
    0x64, 0x32, 0x03, 0x2A, 0xE2, 0x21, 0xA2, 0x19, 0xA2, 0x19, 0xC2, 0x21, 0x03, 0x22, 0x43, 0x2A,
    0x43, 0x32, 0x23, 0x32, 0xA4, 0x3A, 0x84, 0x3A, 0x63, 0x32, 0x03, 0x2A, 0xE3, 0x29, 0x03, 0x32,
    0xE3, 0x29, 0xE3, 0x29, 0x03, 0x2A, 0xE3, 0x21, 0xE3, 0x21, 0xE3, 0x21, 0x24, 0x2A, 0x04, 0x2A,
    0xA3, 0x21, 0xE1, 0x08, 0xC1, 0x08, 0xC1, 0x08, 0xA1, 0x08, 0x02, 0x11, 0x42, 0x19, 0xE3, 0x29,
    0x04, 0x2A, 0xA5, 0x3A, 0xA4, 0x3A, 0x65, 0x32, 0x65, 0x32, 0xA4, 0x3A, 0xC5, 0x42, 0xA5, 0x3A,
    0x85, 0x3A, 0xE9, 0x5A, 0x2E, 0x83, 0x4F, 0x83, 0x4E, 0x83, 0x2E, 0x83, 0x2E, 0x83, 0x0E, 0x83,
    0x2E, 0x83, 0x0E, 0x83, 0xED, 0x7A, 0xAC, 0x72, 0xCD, 0x72, 0x0B, 0x6B, 0xA6, 0x42, 0x84, 0x32,
    0xA4, 0x3A, 0xA5, 0x3A, 0xA4, 0x3A, 0xA4, 0x3A, 0xA4, 0x3A, 0x85, 0x3A, 0xE8, 0x42, 0xAE, 0x63,
    0xAF, 0x6B, 0xB0, 0x6B, 0x6F, 0x5B, 0x8F, 0x63, 0xAF, 0x63, 0xD0, 0x6B, 0xF0, 0x6B, 0xD1, 0x73,
    0xF1, 0x73, 0xD0, 0x6B, 0x90, 0x63, 0xB0, 0x6B, 0x8D, 0x63, 0xC9, 0x4A, 0x45, 0x2A, 0x03, 0x22,
    0x64, 0x32, 0x44, 0x2A, 0x85, 0x32, 0x85, 0x3A, 0x28, 0x53, 0x28, 0x63, 0x08, 0x5B, 0xC7, 0x52,
    0xE7, 0x5A, 0xE7, 0x5A, 0x65, 0x4A, 0xC7, 0x52, 0xC7, 0x52, 0x66, 0x42, 0x86, 0x4A, 0x07, 0x5B,
    0x28, 0x63, 0x08, 0x5B, 0xE7, 0x52, 0x28, 0x5B, 0xE7, 0x52, 0xC7, 0x52, 0xE7, 0x52, 0xA7, 0x4A,
    0xA6, 0x4A, 0xA7, 0x4A, 0xA7, 0x4A, 0x86, 0x42, 0x46, 0x3A, 0x46, 0x3A, 0x86, 0x42, 0x66, 0x42,
    0x87, 0x42, 0x87, 0x42, 0x66, 0x42, 0x66, 0x3A, 0xA7, 0x4A, 0xE8, 0x52, 0x08, 0x53, 0xC7, 0x4A,
    0x26, 0x32, 0x66, 0x3A, 0xC8, 0x4A, 0x26, 0x3A, 0x26, 0x3A, 0xC5, 0x29, 0xE6, 0x31, 0x47, 0x3A,
    0x28, 0x09, 0x49, 0x11, 0xCA, 0x21, 0x0C, 0x2A, 0xEB, 0x29, 0xAA, 0x19, 0xAA, 0x21, 0xEB, 0x29,
    0x4C, 0x32, 0x8E, 0x42, 0x8D, 0x42, 0x2C, 0x32, 0xCA, 0x29, 0x0B, 0x32, 0x6C, 0x3A, 0x8D, 0x42,
    0xEE, 0x4A, 0xCE, 0x4A, 0x2C, 0x32, 0x6D, 0x3A, 0xCE, 0x4A, 0xCE, 0x4A, 0xAD, 0x42, 0xEE, 0x4A,
    0x2F, 0x53, 0xCD, 0x4A, 0xCD, 0x4A, 0xEE, 0x4A, 0xAD, 0x42, 0x8C, 0x42, 0xAC, 0x4A, 0xED, 0x4A,
    0xEE, 0x52, 0xCD, 0x4A, 0xED, 0x52, 0x46, 0x21, 0x00, 0x00, 0x60, 0x00, 0x60, 0x00, 0x80, 0x00,
    0xA0, 0x08, 0x80, 0x00, 0x80, 0x00, 0x81, 0x08, 0xE5, 0x18, 0x27, 0x21, 0x07, 0x21, 0x07, 0x29,
    0x48, 0x31, 0x68, 0x31, 0x69, 0x39, 0x89, 0x41, 0xEA, 0x51, 0xEA, 0x51, 0xC9, 0x49, 0x67, 0x39,
    0xC9, 0x49, 0x4B, 0x5A, 0x2B, 0x5A, 0x2B, 0x62, 0x2B, 0x62, 0x2B, 0x62, 0x4B, 0x62, 0x0A, 0x5A,
    0x0A, 0x5A, 0xE9, 0x51, 0x0A, 0x5A, 0xE9, 0x59, 0x09, 0x5A, 0x4B, 0x62, 0x8C, 0x72, 0xAC, 0x72,
    0x8C, 0x72, 0xCC, 0x7A, 0xCC, 0x7A, 0x8B, 0x72, 0x4A, 0x6A, 0xAB, 0x6A, 0x88, 0x52, 0x86, 0x3A,
    0xC7, 0x3A, 0xA6, 0x32, 0x66, 0x32, 0x85, 0x32, 0x84, 0x3A, 0xA5, 0x3A, 0x64, 0x32, 0x64, 0x32,
    0xA5, 0x3A, 0xA5, 0x3A, 0xA5, 0x3A, 0x85, 0x3A, 0x66, 0x32, 0x6D, 0x5B, 0xB0, 0x63, 0xF1, 0x6B,
    0x32, 0x7C, 0x32, 0x7C, 0x31, 0x7C, 0x52, 0x7C, 0x92, 0x84, 0xEE, 0x6B, 0x25, 0x32, 0x24, 0x2A,
    0x24, 0x2A, 0x24, 0x2A, 0x45, 0x32, 0x65, 0x32, 0x65, 0x32, 0x65, 0x32, 0x65, 0x32, 0x24, 0x2A,
    0x04, 0x22, 0x04, 0x22, 0x24, 0x2A, 0x24, 0x2A, 0x04, 0x2A, 0xE3, 0x21, 0xC3, 0x21, 0xC3, 0x21,
    0xC3, 0x21, 0xA3, 0x21, 0xC3, 0x21, 0xE3, 0x21, 0xE3, 0x21, 0xC3, 0x21, 0xC3, 0x21, 0xA3, 0x21,
    0xA3, 0x21, 0xC3, 0x21, 0xC3, 0x29, 0xC3, 0x21, 0xA3, 0x21, 0x82, 0x21, 0x82, 0x21, 0x82, 0x19,
    0xA2, 0x21, 0xE3, 0x29, 0xA2, 0x21, 0x82, 0x19, 0x82, 0x19, 0x82, 0x19, 0x82, 0x21, 0xA2, 0x21,
    0xA2, 0x21, 0xC2, 0x21, 0xA2, 0x21, 0x61, 0x19, 0x61, 0x19, 0x82, 0x19, 0xA2, 0x19, 0x62, 0x19,
    0x62, 0x19, 0xA3, 0x21, 0x82, 0x21, 0x62, 0x19, 0x62, 0x19, 0x41, 0x19, 0x82, 0x21, 0xA2, 0x21,
    0xA2, 0x21, 0xC2, 0x21, 0xA2, 0x21, 0x61, 0x19, 0xC2, 0x21, 0x23, 0x32, 0x03, 0x32, 0x23, 0x32,
    0x64, 0x3A, 0x64, 0x3A, 0x43, 0x32, 0x43, 0x3A, 0x44, 0x3A, 0x23, 0x32, 0x22, 0x32, 0x43, 0x32,
    0x63, 0x3A, 0x84, 0x3A, 0x63, 0x3A, 0x84, 0x3A, 0x63, 0x3A, 0x23, 0x32, 0x43, 0x32, 0x43, 0x32,
    0x84, 0x3A, 0x43, 0x32, 0x03, 0x2A, 0x03, 0x2A, 0x23, 0x2A, 0x23, 0x32, 0x03, 0x2A, 0x23, 0x32,
    0xE2, 0x21, 0xA1, 0x19, 0xC2, 0x21, 0xC2, 0x21, 0xE3, 0x21, 0xE3, 0x21, 0xE2, 0x21, 0xE2, 0x21,
    0x02, 0x2A, 0x23, 0x2A, 0x44, 0x32, 0x44, 0x32, 0x03, 0x2A, 0xE2, 0x29, 0xE3, 0x29, 0x03, 0x2A,
    0xE3, 0x29, 0xC2, 0x21, 0x23, 0x2A, 0x23, 0x2A, 0x02, 0x22, 0x03, 0x2A, 0x44, 0x32, 0x24, 0x32,
    0xE4, 0x29, 0x04, 0x32, 0xE4, 0x29, 0xC3, 0x21, 0x82, 0x19, 0xE4, 0x29, 0x44, 0x32, 0xA5, 0x3A,
    0xC5, 0x3A, 0xC5, 0x3A, 0x84, 0x3A, 0x45, 0x32, 0x66, 0x3A, 0xA6, 0x3A, 0xA6, 0x42, 0x64, 0x3A,
    0xC6, 0x42, 0xC9, 0x52, 0x8B, 0x6A, 0xCD, 0x72, 0xED, 0x72, 0xCD, 0x72, 0xAC, 0x72, 0x8B, 0x6A,
    0xAC, 0x72, 0xAC, 0x72, 0xCC, 0x72, 0xCD, 0x72, 0xAC, 0x6A, 0x49, 0x52, 0xA6, 0x42, 0xC5, 0x42,
    0xC4, 0x3A, 0x84, 0x32, 0xA4, 0x3A, 0xA4, 0x3A, 0xC5, 0x42, 0xC6, 0x42, 0x6B, 0x5B, 0xCF, 0x6B,
    0x6E, 0x63, 0x6F, 0x63, 0x4E, 0x5B, 0xB0, 0x63, 0xB0, 0x6B, 0xF1, 0x6B, 0xD0, 0x6B, 0xD1, 0x6B,
    0xD1, 0x6B, 0xB0, 0x6B, 0x2E, 0x5B, 0x6F, 0x63, 0x4D, 0x5B, 0x2B, 0x53, 0x66, 0x32, 0xE2, 0x21,
    0x64, 0x32, 0xA5, 0x3A, 0x85, 0x32, 0x64, 0x32, 0x28, 0x53, 0x69, 0x63, 0xE7, 0x5A, 0xA6, 0x4A,
    0x86, 0x4A, 0xC7, 0x52, 0xC7, 0x52, 0xA7, 0x52, 0xC7, 0x52, 0x86, 0x4A, 0xC7, 0x52, 0x28, 0x5B,
    0x08, 0x5B, 0xC7, 0x52, 0x66, 0x42, 0x25, 0x3A, 0x28, 0x5B, 0x69, 0x63, 0x48, 0x5B, 0xC7, 0x4A,
    0x66, 0x42, 0x25, 0x3A, 0x05, 0x32, 0x87, 0x42, 0xE8, 0x52, 0xE8, 0x52, 0x66, 0x42, 0x46, 0x3A,
    0x86, 0x42, 0xA7, 0x4A, 0x87, 0x42, 0xA7, 0x4A, 0xC8, 0x4A, 0xC7, 0x4A, 0xC8, 0x4A, 0x87, 0x42,
    0x46, 0x3A, 0x67, 0x3A, 0x25, 0x32, 0xC5, 0x29, 0x05, 0x32, 0x06, 0x32, 0x26, 0x32, 0x06, 0x32,
    0x28, 0x09, 0x28, 0x09, 0x69, 0x11, 0xCA, 0x21, 0x4D, 0x32, 0x0B, 0x2A, 0xAA, 0x21, 0xAA, 0x21,
    0x0B, 0x2A, 0x6C, 0x3A, 0x0B, 0x32, 0x0B, 0x32, 0xCA, 0x29, 0xCA, 0x29, 0xEB, 0x29, 0x2B, 0x32,
    0x8D, 0x42, 0xEE, 0x4A, 0xAD, 0x42, 0x8D, 0x42, 0xAD, 0x42, 0xCE, 0x4A, 0xAD, 0x42, 0x8C, 0x3A,
    0xAD, 0x42, 0xAD, 0x42, 0xAD, 0x4A, 0xAC, 0x42, 0x8C, 0x42, 0xCD, 0x4A, 0x8C, 0x42, 0x8C, 0x42,
    0xAC, 0x4A, 0xCD, 0x4A, 0xED, 0x52, 0x66, 0x21, 0x00, 0x00, 0x40, 0x00, 0x40, 0x00, 0x80, 0x00,
    0x80, 0x00, 0x60, 0x00, 0x40, 0x00, 0x61, 0x00, 0x83, 0x08, 0xE6, 0x18, 0x07, 0x21, 0x07, 0x29,
    0x48, 0x31, 0x28, 0x31, 0x68, 0x39, 0x48, 0x39, 0xC9, 0x49, 0xEA, 0x49, 0xEA, 0x49, 0x88, 0x39,
    0x67, 0x39, 0xA9, 0x49, 0xC9, 0x51, 0xEA, 0x51, 0x0A, 0x5A, 0x0A, 0x5A, 0xEA, 0x59, 0x0A, 0x5A,
    0x4B, 0x62, 0x4B, 0x62, 0x2A, 0x62, 0x6B, 0x6A, 0x4A, 0x62, 0x4A, 0x62, 0x4B, 0x6A, 0x8C, 0x72,
    0x8B, 0x72, 0x6B, 0x6A, 0x6A, 0x6A, 0x2A, 0x62, 0x4A, 0x62, 0xAB, 0x6A, 0x67, 0x4A, 0x85, 0x32,
    0xC6, 0x3A, 0x24, 0x2A, 0x03, 0x22, 0x64, 0x32, 0x64, 0x32, 0x85, 0x3A, 0x85, 0x3A, 0x85, 0x3A,
    0xA5, 0x3A, 0x85, 0x3A, 0xA4, 0x3A, 0xC6, 0x42, 0xC9, 0x42, 0x2E, 0x53, 0x50, 0x5B, 0x70, 0x5B,
    0xD1, 0x6B, 0x32, 0x74, 0x31, 0x7C, 0x11, 0x74, 0xF1, 0x73, 0x30, 0x7C, 0xE9, 0x4A, 0x45, 0x2A,
    0x45, 0x2A, 0x04, 0x22, 0x45, 0x2A, 0x45, 0x2A, 0x24, 0x2A, 0x24, 0x2A, 0x04, 0x2A, 0x24, 0x2A,
    0x04, 0x2A, 0x04, 0x22, 0x04, 0x2A, 0x04, 0x2A, 0xE3, 0x21, 0x03, 0x22, 0xC3, 0x21, 0xE3, 0x21,
    0xE3, 0x21, 0xE3, 0x21, 0xC3, 0x21, 0xA2, 0x19, 0xC3, 0x21, 0xC3, 0x21, 0xE3, 0x29, 0xE4, 0x29,
    0xC3, 0x21, 0xA2, 0x21, 0x82, 0x19, 0x62, 0x19, 0x62, 0x19, 0x82, 0x21, 0x82, 0x21, 0xA2, 0x21,
    0xA2, 0x21, 0xE2, 0x29, 0x03, 0x2A, 0xC2, 0x21, 0x82, 0x21, 0xA2, 0x21, 0xC3, 0x21, 0xC2, 0x21,
    0xA2, 0x21, 0xC2, 0x21, 0x23, 0x2A, 0x03, 0x2A, 0xC2, 0x21, 0xC2, 0x21, 0xC2, 0x21, 0xA2, 0x21,
    0xA2, 0x21, 0xC3, 0x21, 0xA2, 0x21, 0x82, 0x21, 0x82, 0x21, 0x82, 0x19, 0xA2, 0x21, 0x61, 0x19,
    0xA2, 0x21, 0xA2, 0x21, 0xA2, 0x21, 0x81, 0x19, 0xC2, 0x21, 0x23, 0x2A, 0x64, 0x3A, 0x43, 0x3A,
    0x64, 0x3A, 0x63, 0x3A, 0x23, 0x32, 0x23, 0x32, 0x02, 0x2A, 0x43, 0x32, 0x64, 0x3A, 0x84, 0x3A,
    0xA4, 0x42, 0x84, 0x3A, 0xA4, 0x42, 0xA4, 0x42, 0x84, 0x3A, 0x43, 0x32, 0x43, 0x32, 0x63, 0x3A,
    0x63, 0x3A, 0x43, 0x32, 0x43, 0x32, 0x23, 0x2A, 0x43, 0x32, 0x64, 0x32, 0x03, 0x2A, 0xC2, 0x21,
    0xC2, 0x21, 0xA2, 0x21, 0xC3, 0x21, 0xA2, 0x19, 0xC2, 0x21, 0xE3, 0x21, 0x03, 0x2A, 0x03, 0x2A,
    0x24, 0x2A, 0x23, 0x2A, 0xE3, 0x29, 0x03, 0x2A, 0x23, 0x2A, 0x44, 0x32, 0x44, 0x32, 0x23, 0x2A,
    0x03, 0x2A, 0x44, 0x32, 0x44, 0x32, 0x03, 0x2A, 0x03, 0x2A, 0x03, 0x2A, 0x04, 0x2A, 0x24, 0x2A,
    0x24, 0x2A, 0x24, 0x2A, 0x44, 0x32, 0x44, 0x32, 0x84, 0x32, 0x64, 0x32, 0x63, 0x32, 0xC5, 0x3A,
    0xC5, 0x3A, 0xA5, 0x3A, 0x86, 0x3A, 0x4B, 0x5B, 0xEF, 0x73, 0xEF, 0x6B, 0x8D, 0x63, 0xC8, 0x4A,
    0x65, 0x3A, 0x88, 0x4A, 0x29, 0x52, 0x6B, 0x62, 0xAC, 0x6A, 0xCD, 0x72, 0x6B, 0x62, 0x4A, 0x62,
    0x8B, 0x6A, 0x6B, 0x6A, 0x2A, 0x5A, 0x09, 0x52, 0xC8, 0x49, 0x08, 0x42, 0x86, 0x42, 0xA4, 0x3A,
    0xE4, 0x42, 0x05, 0x43, 0xC5, 0x42, 0x84, 0x3A, 0xA5, 0x3A, 0xE7, 0x42, 0x6C, 0x5B, 0x8E, 0x63,
    0x4E, 0x5B, 0x0D, 0x53, 0x4E, 0x5B, 0x6F, 0x5B, 0x6F, 0x63, 0x6F, 0x63, 0xB0, 0x6B, 0xD0, 0x6B,
    0x6F, 0x63, 0x0D, 0x53, 0x4F, 0x5B, 0x6F, 0x63, 0x4E, 0x5B, 0x4D, 0x5B, 0x0A, 0x4B, 0x85, 0x3A,
    0xA4, 0x3A, 0x06, 0x43, 0x06, 0x43, 0xC6, 0x3A, 0x28, 0x53, 0x49, 0x63, 0xC7, 0x52, 0xC7, 0x52,
    0xC7, 0x52, 0x86, 0x4A, 0xE8, 0x5A, 0xC7, 0x52, 0x86, 0x4A, 0xA7, 0x52, 0xA7, 0x4A, 0xA7, 0x4A,
    0xE8, 0x52, 0x86, 0x4A, 0x87, 0x4A, 0x25, 0x3A, 0x45, 0x3A, 0xC7, 0x4A, 0xE7, 0x52, 0xA7, 0x4A,
    0xA7, 0x42, 0x66, 0x42, 0x46, 0x3A, 0x87, 0x42, 0xA7, 0x4A, 0x86, 0x42, 0x25, 0x3A, 0x87, 0x42,
    0xC7, 0x4A, 0x87, 0x42, 0xE8, 0x4A, 0xC8, 0x4A, 0x45, 0x3A, 0x66, 0x3A, 0x46, 0x3A, 0x05, 0x32,
    0x46, 0x3A, 0xE5, 0x31, 0xC4, 0x29, 0x26, 0x32, 0x26, 0x32, 0xE6, 0x29, 0xC5, 0x29, 0xC5, 0x29,
    0x28, 0x09, 0x08, 0x09, 0x08, 0x09, 0x48, 0x11, 0x8A, 0x19, 0x0B, 0x2A, 0x0C, 0x2A, 0xAA, 0x21,
    0x89, 0x19, 0x0B, 0x2A, 0x2C, 0x32, 0x4C, 0x32, 0x2B, 0x32, 0x2B, 0x32, 0xEA, 0x29, 0xCA, 0x21,
    0xEA, 0x29, 0x2B, 0x32, 0x6C, 0x3A, 0x8D, 0x42, 0x6C, 0x42, 0x8D, 0x42, 0x8D, 0x42, 0x8C, 0x42,
    0x2B, 0x32, 0x8C, 0x42, 0xAD, 0x4A, 0x8C, 0x42, 0xAC, 0x42, 0xCD, 0x4A, 0x4B, 0x3A, 0x2A, 0x3A,
    0xCD, 0x4A, 0xAC, 0x42, 0xAC, 0x4A, 0x04, 0x19, 0x00, 0x00, 0x20, 0x00, 0x40, 0x00, 0x80, 0x00,
    0xA1, 0x08, 0xE2, 0x10, 0x43, 0x19, 0x64, 0x21, 0x24, 0x21, 0x05, 0x21, 0x05, 0x21, 0x06, 0x21,
    0x27, 0x29, 0x07, 0x29, 0x47, 0x31, 0x88, 0x39, 0x88, 0x41, 0xA8, 0x41, 0x88, 0x39, 0x0A, 0x52,
    0xE9, 0x49, 0x88, 0x41, 0x67, 0x41, 0xC9, 0x49, 0xE9, 0x51, 0x2B, 0x5A, 0x6B, 0x62, 0x4B, 0x62,
    0x2A, 0x5A, 0x8C, 0x6A, 0x6B, 0x6A, 0x4B, 0x62, 0x8C, 0x6A, 0x6B, 0x6A, 0x4B, 0x6A, 0xAB, 0x72,
    0x6B, 0x6A, 0x4A, 0x62, 0x4A, 0x62, 0x09, 0x52, 0x09, 0x5A, 0xCA, 0x62, 0x46, 0x3A, 0x23, 0x2A,
    0x02, 0x22, 0x02, 0x22, 0x64, 0x32, 0x85, 0x32, 0x23, 0x2A, 0x23, 0x2A, 0x64, 0x32, 0x85, 0x3A,
    0x85, 0x32, 0x64, 0x32, 0x84, 0x3A, 0xA6, 0x3A, 0x89, 0x3A, 0xAD, 0x42, 0x0F, 0x4B, 0xEE, 0x4A,
    0x6F, 0x63, 0x8F, 0x63, 0x6E, 0x5B, 0xAF, 0x63, 0xD0, 0x6B, 0xCF, 0x6B, 0x4B, 0x5B, 0x65, 0x32,
    0x65, 0x2A, 0x24, 0x2A, 0x45, 0x2A, 0x85, 0x32, 0x65, 0x32, 0x65, 0x2A, 0x65, 0x32, 0x45, 0x32,
    0x24, 0x2A, 0x24, 0x2A, 0x24, 0x2A, 0xC3, 0x21, 0xA2, 0x19, 0xC3, 0x21, 0xE3, 0x21, 0xE3, 0x21,
    0xE3, 0x21, 0xC3, 0x21, 0xC3, 0x21, 0xC3, 0x21, 0xC3, 0x21, 0xE3, 0x21, 0xE3, 0x29, 0xC3, 0x21,
    0xA2, 0x21, 0x82, 0x21, 0x82, 0x19, 0xA2, 0x19, 0xC3, 0x21, 0xE3, 0x29, 0x03, 0x2A, 0x23, 0x2A,
    0x44, 0x32, 0x24, 0x32, 0x23, 0x2A, 0x03, 0x2A, 0xA2, 0x21, 0x82, 0x21, 0xA2, 0x21, 0xC2, 0x21,
    0xC2, 0x21, 0xE2, 0x29, 0x03, 0x2A, 0x03, 0x2A, 0x03, 0x2A, 0x23, 0x32, 0x24, 0x32, 0x03, 0x2A,
    0xA2, 0x21, 0xA2, 0x19, 0xA2, 0x19, 0xE3, 0x21, 0x03, 0x2A, 0x03, 0x2A, 0xA2, 0x21, 0x41, 0x11,
    0x41, 0x11, 0x81, 0x19, 0xE3, 0x29, 0x03, 0x2A, 0xE3, 0x21, 0x23, 0x32, 0x23, 0x32, 0x64, 0x3A,
    0x64, 0x3A, 0x83, 0x3A, 0x83, 0x3A, 0x02, 0x32, 0xA1, 0x21, 0xC2, 0x29, 0xE2, 0x29, 0x64, 0x3A,
    0x23, 0x32, 0x23, 0x32, 0x44, 0x3A, 0x64, 0x3A, 0x64, 0x3A, 0x22, 0x32, 0xA4, 0x3A, 0xA4, 0x3A,
    0x23, 0x2A, 0x22, 0x2A, 0x23, 0x2A, 0x23, 0x2A, 0xE2, 0x21, 0xE3, 0x21, 0xC2, 0x21, 0xC2, 0x21,
    0x03, 0x2A, 0x03, 0x2A, 0xE3, 0x21, 0xC2, 0x21, 0xE3, 0x21, 0xE3, 0x21, 0x81, 0x19, 0xC2, 0x21,
    0x23, 0x2A, 0x23, 0x2A, 0x44, 0x2A, 0x44, 0x32, 0x44, 0x32, 0x03, 0x2A, 0x03, 0x2A, 0x03, 0x2A,
    0x23, 0x2A, 0x44, 0x32, 0x44, 0x32, 0x03, 0x2A, 0xE3, 0x21, 0x04, 0x2A, 0x04, 0x2A, 0x44, 0x2A,
    0x45, 0x32, 0x44, 0x2A, 0x44, 0x2A, 0x84, 0x32, 0xA4, 0x3A, 0xA4, 0x3A, 0x06, 0x43, 0x06, 0x43,
    0xE5, 0x42, 0xE8, 0x4A, 0xAE, 0x6B, 0x11, 0x7C, 0x11, 0x7C, 0x11, 0x74, 0x11, 0x74, 0x10, 0x7C,
    0x2B, 0x5B, 0x06, 0x3A, 0xC7, 0x41, 0x09, 0x52, 0x09, 0x52, 0x09, 0x52, 0x09, 0x52, 0x2A, 0x5A,
    0x4A, 0x5A, 0xC8, 0x49, 0xA8, 0x41, 0xA7, 0x41, 0x67, 0x39, 0xC6, 0x31, 0xA6, 0x42, 0xC4, 0x3A,
    0xE5, 0x42, 0xA4, 0x3A, 0x84, 0x32, 0xC5, 0x42, 0xE6, 0x4A, 0x08, 0x4B, 0x2D, 0x53, 0x0D, 0x53,
    0x0D, 0x53, 0xCC, 0x4A, 0xED, 0x52, 0x2E, 0x5B, 0x2E, 0x5B, 0x2E, 0x5B, 0x4F, 0x63, 0x4F, 0x5B,
    0xCD, 0x4A, 0xAC, 0x4A, 0xED, 0x52, 0x2E, 0x5B, 0xED, 0x52, 0xEC, 0x52, 0xEB, 0x4A, 0x86, 0x3A,
    0x84, 0x32, 0xE6, 0x42, 0xA5, 0x32, 0xA5, 0x3A, 0xE7, 0x4A, 0x28, 0x5B, 0x08, 0x5B, 0x08, 0x5B,
    0x09, 0x63, 0xA7, 0x52, 0xA7, 0x52, 0x09, 0x63, 0x46, 0x4A, 0x45, 0x42, 0x86, 0x4A, 0x46, 0x42,
    0x87, 0x42, 0xA7, 0x4A, 0xA7, 0x4A, 0xA7, 0x4A, 0xA7, 0x4A, 0xA6, 0x42, 0xA7, 0x4A, 0x86, 0x42,
    0x46, 0x3A, 0x66, 0x42, 0x66, 0x3A, 0x87, 0x42, 0x46, 0x3A, 0x25, 0x32, 0x46, 0x3A, 0xC7, 0x4A,
    0x86, 0x42, 0x05, 0x32, 0x87, 0x42, 0x26, 0x3A, 0x05, 0x32, 0xE5, 0x29, 0xA4, 0x21, 0x63, 0x19,
    0x63, 0x19, 0xE5, 0x29, 0x26, 0x32, 0x06, 0x2A, 0xE5, 0x29, 0xA5, 0x21, 0xC5, 0x29, 0xE6, 0x29,
    0x28, 0x09, 0x69, 0x11, 0x48, 0x11, 0x49, 0x11, 0x49, 0x11, 0x89, 0x19, 0xAA, 0x21, 0x89, 0x19,
    0x89, 0x19, 0x0B, 0x2A, 0xEA, 0x29, 0xEB, 0x29, 0xEB, 0x29, 0xEA, 0x29, 0x0B, 0x32, 0xEA, 0x29,
    0xEA, 0x29, 0xEA, 0x29, 0xCA, 0x21, 0x2B, 0x32, 0x2B, 0x32, 0x6C, 0x3A, 0xEE, 0x4A, 0xCD, 0x4A,
    0xAD, 0x42, 0x8C, 0x3A, 0x8C, 0x42, 0xAD, 0x4A, 0xED, 0x4A, 0xAC, 0x4A, 0x6B, 0x42, 0x6B, 0x42,
    0x8C, 0x42, 0x4B, 0x3A, 0x8B, 0x42, 0x24, 0x19, 0x00, 0x00, 0x20, 0x00, 0x23, 0x19, 0x68, 0x42,
    0x6B, 0x63, 0xCD, 0x6B, 0xEC, 0x73, 0xEC, 0x7B, 0xCD, 0x73, 0x4B, 0x6B, 0xEA, 0x5A, 0x69, 0x52,
    0x46, 0x29, 0x05, 0x29, 0x26, 0x29, 0x26, 0x31, 0x67, 0x39, 0x88, 0x39, 0xA8, 0x41, 0xA9, 0x49,
    0x4B, 0x5A, 0x2B, 0x5A, 0xC9, 0x49, 0xC9, 0x49, 0xE9, 0x51, 0xE9, 0x51, 0xE9, 0x51, 0x0A, 0x5A,
    0x0A, 0x5A, 0x09, 0x52, 0x2A, 0x5A, 0x2A, 0x5A, 0x6B, 0x62, 0x8B, 0x6A, 0x6A, 0x62, 0x29, 0x5A,
    0x4A, 0x62, 0x29, 0x5A, 0x09, 0x52, 0x29, 0x5A, 0xE8, 0x51, 0x68, 0x52, 0x04, 0x32, 0x43, 0x2A,
    0x02, 0x22, 0x64, 0x32, 0x84, 0x3A, 0x64, 0x32, 0x64, 0x32, 0x44, 0x32, 0x44, 0x32, 0x24, 0x2A,
    0x44, 0x32, 0x44, 0x32, 0x64, 0x32, 0xA6, 0x3A, 0x08, 0x32, 0x0B, 0x32, 0x6C, 0x3A, 0x8C, 0x42,
    0xAC, 0x4A, 0x6E, 0x63, 0x8E, 0x63, 0x8E, 0x63, 0xAE, 0x63, 0x8E, 0x63, 0x6B, 0x5B, 0xA6, 0x42,
    0xA6, 0x3A, 0xA6, 0x3A, 0x86, 0x3A, 0x85, 0x32, 0xA6, 0x3A, 0xA6, 0x3A, 0x65, 0x32, 0x44, 0x2A,
    0xE3, 0x21, 0xC3, 0x21, 0xC3, 0x21, 0xC3, 0x21, 0xC3, 0x21, 0xA3, 0x19, 0xC3, 0x21, 0xC3, 0x21,
    0xE4, 0x21, 0xE4, 0x21, 0xE3, 0x21, 0xC3, 0x21, 0xE4, 0x29, 0xA3, 0x21, 0xA2, 0x19, 0xC3, 0x21,
    0x03, 0x2A, 0x03, 0x2A, 0x03, 0x2A, 0x03, 0x2A, 0x44, 0x32, 0x64, 0x3A, 0x64, 0x3A, 0x44, 0x32,
    0x03, 0x2A, 0xE2, 0x21, 0xE2, 0x21, 0xE2, 0x21, 0x03, 0x2A, 0xE2, 0x21, 0xC2, 0x21, 0xA2, 0x21,
    0xC2, 0x21, 0xE3, 0x29, 0xE3, 0x29, 0x03, 0x2A, 0x03, 0x2A, 0x23, 0x32, 0x44, 0x32, 0x03, 0x2A,
    0xC3, 0x21, 0xC3, 0x21, 0xA2, 0x19, 0xA2, 0x21, 0xC2, 0x21, 0x81, 0x19, 0xC3, 0x21, 0x82, 0x19,
    0xA3, 0x21, 0xC2, 0x21, 0x03, 0x2A, 0x44, 0x2A, 0x24, 0x2A, 0x23, 0x2A, 0x23, 0x2A, 0x43, 0x32,
    0x64, 0x3A, 0x63, 0x3A, 0x63, 0x32, 0x43, 0x32, 0x44, 0x32, 0x23, 0x32, 0x43, 0x32, 0x64, 0x3A,
    0x64, 0x3A, 0x23, 0x32, 0x23, 0x32, 0x23, 0x32, 0x23, 0x32, 0x43, 0x32, 0x63, 0x3A, 0x02, 0x2A,
    0x02, 0x2A, 0xE2, 0x29, 0x03, 0x2A, 0x03, 0x2A, 0xE3, 0x21, 0xA2, 0x19, 0xC2, 0x21, 0x03, 0x2A,
    0x03, 0x2A, 0xE3, 0x21, 0x82, 0x19, 0xC3, 0x21, 0xE3, 0x21, 0x03, 0x22, 0x03, 0x2A, 0xC2, 0x21,
    0xE2, 0x21, 0x23, 0x2A, 0x23, 0x2A, 0x23, 0x2A, 0x43, 0x32, 0x44, 0x32, 0x23, 0x2A, 0x44, 0x32,
    0x43, 0x32, 0x84, 0x3A, 0x84, 0x32, 0x44, 0x2A, 0x23, 0x2A, 0x64, 0x32, 0x44, 0x2A, 0x44, 0x32,
    0x03, 0x2A, 0x44, 0x32, 0xC5, 0x3A, 0xA4, 0x32, 0x42, 0x2A, 0xC4, 0x3A, 0xE5, 0x42, 0xC5, 0x42,
    0xA5, 0x42, 0x2B, 0x53, 0x6F, 0x63, 0x6F, 0x63, 0xB0, 0x6B, 0x90, 0x6B, 0x90, 0x6B, 0x6F, 0x63,
    0xCF, 0x6B, 0x8A, 0x4A, 0x46, 0x29, 0x66, 0x39, 0x66, 0x39, 0x87, 0x39, 0x87, 0x39, 0x26, 0x31,
    0x45, 0x31, 0x87, 0x39, 0x67, 0x39, 0xA8, 0x41, 0x46, 0x31, 0xC5, 0x31, 0x85, 0x3A, 0xC5, 0x42,
    0x05, 0x4B, 0xE5, 0x42, 0x84, 0x3A, 0xE5, 0x42, 0xE6, 0x42, 0xE9, 0x4A, 0xCC, 0x4A, 0xAC, 0x42,
    0xAC, 0x42, 0xCC, 0x4A, 0x4E, 0x5B, 0x4F, 0x5B, 0x2E, 0x5B, 0x4E, 0x63, 0x4E, 0x5B, 0xCD, 0x4A,
    0xED, 0x4A, 0xCD, 0x4A, 0xED, 0x52, 0xED, 0x52, 0xEC, 0x4A, 0xCC, 0x4A, 0x6A, 0x42, 0x66, 0x32,
    0x64, 0x32, 0x43, 0x2A, 0x44, 0x2A, 0x44, 0x2A, 0xA6, 0x42, 0x08, 0x5B, 0xE7, 0x5A, 0xC7, 0x52,
    0x66, 0x4A, 0x66, 0x4A, 0x66, 0x4A, 0xE8, 0x5A, 0x87, 0x52, 0x66, 0x42, 0x87, 0x4A, 0x05, 0x3A,
    0xE5, 0x31, 0x66, 0x42, 0xC8, 0x4A, 0x87, 0x42, 0xA7, 0x42, 0xA7, 0x4A, 0xA7, 0x42, 0x86, 0x42,
    0x46, 0x3A, 0x46, 0x3A, 0x46, 0x3A, 0x66, 0x3A, 0x45, 0x3A, 0x25, 0x32, 0x25, 0x32, 0x66, 0x42,
    0x86, 0x42, 0xE5, 0x31, 0xC4, 0x29, 0x06, 0x32, 0x47, 0x3A, 0xE6, 0x31, 0xA4, 0x21, 0x43, 0x19,
    0x64, 0x19, 0x06, 0x32, 0x05, 0x2A, 0x06, 0x32, 0xE5, 0x29, 0xA4, 0x21, 0xE6, 0x29, 0x06, 0x32,
    0x08, 0x09, 0x49, 0x09, 0x69, 0x11, 0x28, 0x09, 0x08, 0x09, 0x69, 0x19, 0x89, 0x19, 0x69, 0x19,
    0x89, 0x19, 0xCA, 0x21, 0xA9, 0x21, 0xAA, 0x21, 0xCA, 0x29, 0xEA, 0x29, 0xCA, 0x21, 0x68, 0x19,
    0xA9, 0x21, 0xCA, 0x29, 0x88, 0x19, 0xCA, 0x29, 0xEA, 0x29, 0xEA, 0x29, 0x6C, 0x3A, 0xCD, 0x4A,
    0xAC, 0x42, 0xAD, 0x42, 0xAD, 0x42, 0x8C, 0x42, 0xAC, 0x4A, 0x6B, 0x3A, 0xAC, 0x42, 0x8B, 0x42,
    0x4B, 0x3A, 0x6B, 0x42, 0x6A, 0x42, 0xA2, 0x08, 0xA2, 0x08, 0x07, 0x3A, 0x4B, 0x63, 0xEE, 0x73,
    0xCC, 0x73, 0xCC, 0x73, 0x0D, 0x7C, 0xEC, 0x7B, 0xEC, 0x7B, 0x2D, 0x84, 0x2D, 0x84, 0x0E, 0x84,
    0x4C, 0x6B, 0x28, 0x4A, 0x25, 0x29, 0x26, 0x31, 0x47, 0x39, 0x67, 0x39, 0x87, 0x39, 0x67, 0x39,
    0x87, 0x41, 0xA9, 0x49, 0xC9, 0x49, 0x88, 0x41, 0x88, 0x41, 0x67, 0x41, 0x88, 0x41, 0x09, 0x52,
    0x2A, 0x5A, 0xC8, 0x51, 0xE9, 0x51, 0x2A, 0x5A, 0x2A, 0x5A, 0x4A, 0x62, 0x09, 0x5A, 0xA8, 0x49,
    0x09, 0x52, 0x09, 0x52, 0xC7, 0x49, 0xE8, 0x49, 0x07, 0x4A, 0x26, 0x42, 0xE3, 0x29, 0x43, 0x2A,
    0x23, 0x2A, 0x64, 0x32, 0xA5, 0x3A, 0x84, 0x3A, 0x44, 0x32, 0x24, 0x2A, 0x44, 0x32, 0x85, 0x3A,
    0x65, 0x32, 0x65, 0x32, 0x65, 0x32, 0x65, 0x32, 0xC6, 0x21, 0x88, 0x21, 0xC9, 0x21, 0x8B, 0x3A,
    0xEC, 0x4A, 0xEC, 0x4A, 0x0D, 0x53, 0x4E, 0x5B, 0x2D, 0x5B, 0x2B, 0x5B, 0xE8, 0x4A, 0xA6, 0x3A,
    0xA6, 0x3A, 0xA6, 0x3A, 0x45, 0x2A, 0x24, 0x2A, 0x24, 0x2A, 0x04, 0x22, 0x04, 0x22, 0xC3, 0x21,
    0xC3, 0x19, 0xC3, 0x19, 0xC3, 0x21, 0xA3, 0x19, 0xA3, 0x19, 0xE4, 0x21, 0xE3, 0x21, 0xC3, 0x21,
    0xC3, 0x21, 0xE4, 0x29, 0xC3, 0x21, 0xC3, 0x21, 0xE3, 0x21, 0x82, 0x19, 0xE3, 0x29, 0x65, 0x3A,
    0x23, 0x32, 0x03, 0x2A, 0x44, 0x32, 0x64, 0x32, 0x84, 0x3A, 0x84, 0x3A, 0x43, 0x32, 0xE2, 0x29,
    0x02, 0x2A, 0x43, 0x32, 0x23, 0x32, 0x02, 0x2A, 0x02, 0x2A, 0xE2, 0x21, 0xC3, 0x21, 0xA2, 0x19,
    0x62, 0x19, 0xA2, 0x19, 0xC3, 0x21, 0xE3, 0x29, 0x03, 0x2A, 0x44, 0x32, 0x24, 0x32, 0xE3, 0x21,
    0x82, 0x19, 0x82, 0x19, 0xE3, 0x21, 0xA2, 0x19, 0xC3, 0x21, 0xE3, 0x29, 0xC3, 0x21, 0xC2, 0x21,
    0xC2, 0x21, 0xE2, 0x21, 0x03, 0x22, 0x03, 0x2A, 0x23, 0x2A, 0x44, 0x32, 0x64, 0x3A, 0x64, 0x32,
    0x23, 0x32, 0x23, 0x32, 0x23, 0x32, 0x43, 0x32, 0x44, 0x32, 0x03, 0x2A, 0x22, 0x2A, 0x23, 0x32,
    0x84, 0x3A, 0x84, 0x3A, 0x63, 0x32, 0x64, 0x3A, 0x64, 0x32, 0x43, 0x32, 0x43, 0x32, 0x43, 0x32,
    0x03, 0x2A, 0xC2, 0x21, 0xC2, 0x21, 0xE3, 0x21, 0x03, 0x2A, 0xE3, 0x21, 0xE3, 0x21, 0x03, 0x2A,
    0x03, 0x2A, 0xA2, 0x21, 0x62, 0x19, 0xC3, 0x21, 0xA2, 0x19, 0x82, 0x19, 0xE3, 0x21, 0x03, 0x2A,
    0x24, 0x2A, 0x24, 0x2A, 0x03, 0x2A, 0xE2, 0x21, 0xE2, 0x21, 0x23, 0x2A, 0x64, 0x32, 0x84, 0x32,
    0xA4, 0x3A, 0x84, 0x3A, 0x84, 0x3A, 0x64, 0x32, 0x64, 0x32, 0xA5, 0x3A, 0xA5, 0x3A, 0x64, 0x32,
    0x24, 0x2A, 0x85, 0x3A, 0xE5, 0x42, 0xC4, 0x3A, 0xA4, 0x3A, 0x84, 0x32, 0x83, 0x32, 0x43, 0x32,
    0x85, 0x3A, 0xCB, 0x4A, 0x0D, 0x53, 0x2D, 0x5B, 0x2E, 0x5B, 0x0D, 0x53, 0x2D, 0x5B, 0x0D, 0x53,
    0x0D, 0x5B, 0x8A, 0x4A, 0x25, 0x21, 0x04, 0x21, 0xC3, 0x18, 0x24, 0x29, 0xE7, 0x41, 0x89, 0x5A,
    0x89, 0x52, 0xE7, 0x41, 0x04, 0x29, 0x04, 0x29, 0x24, 0x21, 0x43, 0x19, 0xC3, 0x21, 0x84, 0x3A,
    0xE5, 0x42, 0x05, 0x4B, 0xE5, 0x42, 0xC5, 0x3A, 0xC6, 0x42, 0xA9, 0x42, 0x6B, 0x3A, 0x6B, 0x3A,
    0xAB, 0x42, 0xED, 0x52, 0x0D, 0x53, 0xED, 0x52, 0x0E, 0x5B, 0xCD, 0x52, 0xCC, 0x52, 0x8C, 0x42,
    0x4B, 0x3A, 0x4A, 0x3A, 0xCC, 0x4A, 0xCD, 0x52, 0xAB, 0x42, 0x4A, 0x3A, 0x49, 0x3A, 0x26, 0x32,
    0x84, 0x3A, 0xC5, 0x3A, 0xC5, 0x3A, 0x64, 0x32, 0x85, 0x3A, 0x86, 0x4A, 0x66, 0x4A, 0x66, 0x4A,
    0x66, 0x4A, 0x46, 0x4A, 0x66, 0x4A, 0x66, 0x4A, 0xE8, 0x5A, 0xC8, 0x52, 0x26, 0x42, 0xE4, 0x31,
    0x26, 0x3A, 0x66, 0x42, 0x45, 0x3A, 0x87, 0x42, 0x87, 0x42, 0x46, 0x3A, 0x46, 0x3A, 0x66, 0x3A,
    0x46, 0x3A, 0x46, 0x3A, 0x87, 0x42, 0x66, 0x3A, 0x25, 0x3A, 0x25, 0x32, 0x25, 0x32, 0x86, 0x42,
    0xC7, 0x4A, 0x87, 0x42, 0x46, 0x3A, 0x46, 0x3A, 0x26, 0x32, 0xC5, 0x29, 0xE5, 0x29, 0xE5, 0x29,
    0xE6, 0x29, 0xE5, 0x29, 0xC5, 0x29, 0x67, 0x3A, 0x06, 0x32, 0x64, 0x19, 0xE6, 0x29, 0xE6, 0x29,
    0xE7, 0x00, 0xE7, 0x00, 0x08, 0x09, 0x07, 0x09, 0x28, 0x11, 0x48, 0x11, 0xAA, 0x21, 0x68, 0x19,
    0x28, 0x11, 0x89, 0x19, 0xAA, 0x21, 0xCA, 0x21, 0xA9, 0x21, 0xEA, 0x29, 0xEA, 0x29, 0xCA, 0x21,
    0xCA, 0x29, 0x0B, 0x32, 0xA9, 0x21, 0x89, 0x21, 0xEA, 0x29, 0xEA, 0x29, 0x0A, 0x32, 0x4B, 0x3A,
    0x6B, 0x3A, 0x6C, 0x42, 0x8C, 0x42, 0x8C, 0x42, 0x8C, 0x42, 0x6B, 0x42, 0x8C, 0x42, 0x6B, 0x42,
    0x6B, 0x42, 0x6B, 0x42, 0x29, 0x3A, 0x45, 0x21, 0xCA, 0x4A, 0x8C, 0x63, 0x6B, 0x63, 0xAC, 0x6B,
    0xAB, 0x6B, 0xAB, 0x6B, 0xEC, 0x7B, 0xEC, 0x7B, 0x8B, 0x6B, 0xAB, 0x73, 0x0D, 0x84, 0x0D, 0x84,
    0xED, 0x83, 0xED, 0x83, 0xEA, 0x62, 0x86, 0x39, 0x46, 0x31, 0x26, 0x31, 0x46, 0x31, 0x46, 0x31,
    0x26, 0x31, 0x46, 0x31, 0x67, 0x39, 0x88, 0x41, 0x68, 0x41, 0xC8, 0x49, 0xC8, 0x49, 0xA8, 0x41,
    0x09, 0x52, 0x4A, 0x5A, 0xC8, 0x49, 0xC8, 0x49, 0xE9, 0x51, 0xA8, 0x49, 0xA7, 0x49, 0xA7, 0x49,
    0xC7, 0x49, 0xE8, 0x49, 0xE8, 0x49, 0xA7, 0x49, 0x27, 0x4A, 0x45, 0x3A, 0x03, 0x2A, 0x44, 0x32,
    0x85, 0x32, 0x64, 0x32, 0x23, 0x2A, 0x44, 0x32, 0x44, 0x2A, 0x24, 0x32, 0x25, 0x32, 0x87, 0x42,
    0x87, 0x42, 0x25, 0x32, 0x45, 0x32, 0x25, 0x2A, 0x84, 0x19, 0x46, 0x11, 0x67, 0x19, 0xC8, 0x21,
    0xE9, 0x29, 0x8B, 0x3A, 0x8A, 0x3A, 0x8A, 0x42, 0x8A, 0x42, 0xA9, 0x42, 0xA7, 0x42, 0x85, 0x3A,
    0x24, 0x2A, 0x04, 0x22, 0x24, 0x2A, 0x04, 0x22, 0x24, 0x2A, 0x04, 0x22, 0x04, 0x22, 0xC3, 0x21,
    0xE4, 0x21, 0xC3, 0x19, 0xE4, 0x21, 0xE4, 0x21, 0xC3, 0x21, 0x82, 0x19, 0xC3, 0x21, 0xE3, 0x21,
    0xE4, 0x21, 0xC3, 0x21, 0xC3, 0x21, 0xC3, 0x21, 0x04, 0x2A, 0x44, 0x32, 0x85, 0x3A, 0x64, 0x3A,
    0x64, 0x32, 0x64, 0x32, 0x23, 0x2A, 0x43, 0x32, 0x84, 0x3A, 0x63, 0x32, 0x43, 0x32, 0x64, 0x32,
    0x43, 0x32, 0x63, 0x32, 0x64, 0x3A, 0x23, 0x2A, 0x03, 0x2A, 0xC3, 0x21, 0x82, 0x19, 0x83, 0x19,
    0xA3, 0x21, 0xE4, 0x29, 0xC3, 0x21, 0x82, 0x19, 0x82, 0x19, 0xC2, 0x21, 0xC2, 0x21, 0xE3, 0x29,
    0xA2, 0x21, 0xA2, 0x19, 0xC3, 0x21, 0xA2, 0x19, 0xA2, 0x19, 0xC2, 0x21, 0xA2, 0x21, 0xA2, 0x19,
    0xC2, 0x21, 0xE2, 0x21, 0x03, 0x22, 0xE3, 0x21, 0x44, 0x32, 0x64, 0x3A, 0x44, 0x32, 0x03, 0x2A,
    0x23, 0x32, 0x43, 0x32, 0x43, 0x32, 0x23, 0x2A, 0xA1, 0x21, 0xE2, 0x29, 0x03, 0x2A, 0x03, 0x2A,
    0x43, 0x32, 0x44, 0x32, 0x03, 0x2A, 0x02, 0x2A, 0xE2, 0x21, 0x23, 0x2A, 0x44, 0x32, 0x64, 0x3A,
    0xE3, 0x29, 0xA2, 0x19, 0xC2, 0x21, 0xE3, 0x21, 0xE3, 0x21, 0xC2, 0x21, 0xA2, 0x19, 0xE3, 0x21,
    0x04, 0x2A, 0xC3, 0x21, 0xC3, 0x21, 0xC3, 0x21, 0x03, 0x2A, 0xE3, 0x21, 0xE2, 0x21, 0x03, 0x2A,
    0x03, 0x2A, 0x23, 0x2A, 0x23, 0x2A, 0x44, 0x32, 0x64, 0x32, 0x85, 0x3A, 0x64, 0x32, 0x84, 0x32,
    0xA5, 0x3A, 0x63, 0x32, 0x64, 0x3A, 0x64, 0x32, 0x44, 0x32, 0x44, 0x2A, 0x64, 0x32, 0x84, 0x32,
    0x64, 0x32, 0x65, 0x3A, 0xC6, 0x4A, 0x07, 0x5B, 0xC6, 0x4A, 0x64, 0x3A, 0x84, 0x32, 0xA4, 0x3A,
    0x85, 0x3A, 0x28, 0x3A, 0x6B, 0x42, 0xCC, 0x4A, 0xCC, 0x4A, 0xCC, 0x4A, 0xCC, 0x4A, 0xAC, 0x4A,
    0x8A, 0x42, 0x28, 0x3A, 0xC2, 0x10, 0xA2, 0x10, 0x07, 0x42, 0x8B, 0x73, 0x4E, 0x8C, 0xAE, 0x94,
    0xAF, 0x94, 0x4E, 0x8C, 0x2A, 0x63, 0x63, 0x29, 0x02, 0x19, 0xA3, 0x21, 0x23, 0x32, 0x84, 0x3A,
    0xC4, 0x42, 0x05, 0x43, 0xA4, 0x3A, 0x64, 0x32, 0x85, 0x3A, 0x67, 0x3A, 0x6A, 0x3A, 0x6B, 0x3A,
    0x8B, 0x42, 0xAB, 0x42, 0x8C, 0x42, 0x8B, 0x42, 0x6B, 0x42, 0x6C, 0x42, 0x6B, 0x42, 0x8C, 0x42,
    0x6B, 0x42, 0x4A, 0x3A, 0x6B, 0x42, 0x09, 0x3A, 0x2A, 0x42, 0x8B, 0x52, 0xAA, 0x5A, 0x88, 0x52,
    0xC8, 0x52, 0xE7, 0x52, 0xA6, 0x4A, 0x64, 0x32, 0x85, 0x3A, 0x86, 0x42, 0x66, 0x4A, 0x87, 0x52,
    0x25, 0x4A, 0x87, 0x52, 0x87, 0x52, 0x25, 0x42, 0x25, 0x42, 0x66, 0x4A, 0x46, 0x42, 0x05, 0x3A,
    0x26, 0x3A, 0x46, 0x3A, 0x25, 0x3A, 0x87, 0x42, 0x87, 0x42, 0x86, 0x42, 0x46, 0x3A, 0x45, 0x3A,
    0x25, 0x32, 0x05, 0x32, 0x46, 0x3A, 0x25, 0x32, 0x25, 0x32, 0x66, 0x3A, 0x87, 0x42, 0x87, 0x42,
    0x05, 0x32, 0x46, 0x3A, 0x87, 0x42, 0x46, 0x3A, 0xA4, 0x21, 0xA4, 0x21, 0xC5, 0x29, 0xC5, 0x29,
    0xC5, 0x21, 0x84, 0x21, 0xE5, 0x29, 0x26, 0x32, 0xC5, 0x29, 0xA5, 0x21, 0xA5, 0x21, 0x84, 0x19,
    0xE7, 0x00, 0x07, 0x01, 0x08, 0x09, 0x28, 0x09, 0x69, 0x11, 0x48, 0x11, 0x89, 0x19, 0x89, 0x19,
    0x27, 0x11, 0x48, 0x11, 0x07, 0x11, 0xE7, 0x08, 0x27, 0x11, 0xEA, 0x29, 0xCA, 0x21, 0xEA, 0x29,
    0x0A, 0x32, 0x2B, 0x32, 0x0A, 0x2A, 0x0A, 0x32, 0x2B, 0x32, 0xEA, 0x29, 0x0A, 0x2A, 0xC9, 0x29,
    0x2A, 0x32, 0x0A, 0x32, 0x2A, 0x32, 0x4B, 0x3A, 0xAC, 0x42, 0x6B, 0x42, 0x6B, 0x42, 0x6C, 0x42,
    0x2A, 0x3A, 0x09, 0x3A, 0x49, 0x42, 0x0B, 0x53, 0x4B, 0x5B, 0x6B, 0x63, 0x4A, 0x63, 0x8B, 0x6B,
    0x8B, 0x6B, 0xCC, 0x73, 0xEC, 0x73, 0xCB, 0x73, 0xCC, 0x73, 0xAB, 0x73, 0xAB, 0x73, 0xEC, 0x7B,
    0x0C, 0x84, 0x0D, 0x84, 0x0D, 0x84, 0x0B, 0x63, 0x46, 0x31, 0x26, 0x31, 0x26, 0x31, 0x46, 0x31,
    0x26, 0x31, 0x46, 0x31, 0x47, 0x31, 0x67, 0x39, 0x67, 0x39, 0xA8, 0x41, 0xC8, 0x49, 0xA8, 0x41,
    0xA8, 0x41, 0xA8, 0x41, 0x67, 0x39, 0x46, 0x31, 0x87, 0x39, 0xC8, 0x49, 0xA7, 0x41, 0x87, 0x41,
    0x66, 0x39, 0xA6, 0x41, 0xE7, 0x49, 0xC6, 0x41, 0x87, 0x4A, 0x85, 0x3A, 0x64, 0x32, 0x24, 0x32,
    0x64, 0x32, 0x84, 0x32, 0x23, 0x2A, 0x24, 0x32, 0x67, 0x3A, 0xCA, 0x52, 0xAB, 0x5A, 0x0D, 0x63,
    0x0D, 0x63, 0xEB, 0x5A, 0x27, 0x3A, 0x43, 0x19, 0x02, 0x09, 0x04, 0x09, 0x25, 0x11, 0x46, 0x11,
    0x66, 0x19, 0xC7, 0x21, 0x28, 0x32, 0x69, 0x3A, 0x48, 0x32, 0xC4, 0x29, 0x24, 0x32, 0x64, 0x32,
    0xE3, 0x21, 0xE3, 0x21, 0x24, 0x2A, 0x25, 0x2A, 0xE3, 0x21, 0xE3, 0x21, 0x24, 0x2A, 0x04, 0x22,
    0x04, 0x22, 0xC3, 0x19, 0xE3, 0x21, 0x04, 0x2A, 0xE4, 0x21, 0xC3, 0x21, 0xC3, 0x21, 0xC3, 0x21,
    0xE4, 0x21, 0xC3, 0x19, 0xA3, 0x19, 0xE4, 0x21, 0x25, 0x2A, 0x64, 0x32, 0x44, 0x32, 0x44, 0x32,
    0x44, 0x32, 0x84, 0x32, 0x44, 0x32, 0x43, 0x2A, 0x23, 0x2A, 0x84, 0x3A, 0xC5, 0x42, 0x84, 0x3A,
    0x43, 0x32, 0x43, 0x32, 0x23, 0x2A, 0x03, 0x2A, 0xC2, 0x21, 0xC3, 0x21, 0xC3, 0x21, 0xC3, 0x21,
    0xC3, 0x21, 0x83, 0x19, 0x83, 0x19, 0xA3, 0x21, 0x62, 0x19, 0x62, 0x19, 0xA2, 0x21, 0xC3, 0x21,
    0xC3, 0x21, 0xA2, 0x19, 0xC3, 0x21, 0xE3, 0x21, 0xC2, 0x21, 0xC2, 0x21, 0x23, 0x2A, 0x03, 0x2A,
    0x03, 0x2A, 0xE3, 0x21, 0x03, 0x22, 0x03, 0x2A, 0x64, 0x32, 0x44, 0x3A, 0x03, 0x32, 0xC2, 0x21,
    0xE3, 0x29, 0x03, 0x2A, 0x03, 0x2A, 0x23, 0x2A, 0xA2, 0x21, 0xE3, 0x29, 0xE2, 0x21, 0x03, 0x2A,
    0x03, 0x2A, 0xE2, 0x29, 0xC2, 0x21, 0xC2, 0x21, 0xC2, 0x21, 0xC2, 0x21, 0xE3, 0x29, 0x23, 0x2A,
    0x03, 0x2A, 0xE3, 0x21, 0xC2, 0x21, 0xC2, 0x21, 0xE3, 0x21, 0x03, 0x2A, 0xE3, 0x21, 0xC2, 0x21,
    0xC2, 0x21, 0xC3, 0x21, 0xE3, 0x29, 0xE3, 0x29, 0x44, 0x32, 0x85, 0x3A, 0x84, 0x3A, 0x64, 0x3A,
    0x64, 0x32, 0x85, 0x3A, 0x85, 0x3A, 0x84, 0x32, 0x85, 0x3A, 0x44, 0x32, 0x64, 0x32, 0x84, 0x3A,
    0x64, 0x32, 0xE6, 0x4A, 0x06, 0x4B, 0xC5, 0x42, 0x84, 0x32, 0x23, 0x2A, 0x44, 0x32, 0x65, 0x3A,
    0x08, 0x5B, 0xED, 0x83, 0x4F, 0x94, 0x70, 0x9C, 0x2E, 0x94, 0x4A, 0x6B, 0x84, 0x42, 0x84, 0x3A,
    0xC6, 0x42, 0xE6, 0x29, 0xC8, 0x29, 0x4A, 0x3A, 0x4A, 0x3A, 0x2A, 0x3A, 0x29, 0x3A, 0x6A, 0x42,
    0x29, 0x3A, 0x07, 0x32, 0x63, 0x21, 0xE4, 0x39, 0x2D, 0x84, 0x4D, 0x84, 0x4C, 0x84, 0x4C, 0x84,
    0x2B, 0x84, 0x6C, 0x8C, 0xAE, 0x94, 0xEC, 0x73, 0xE4, 0x31, 0x03, 0x2A, 0xE5, 0x42, 0xC5, 0x42,
    0x63, 0x32, 0xA4, 0x3A, 0x64, 0x32, 0x63, 0x32, 0x85, 0x32, 0x66, 0x32, 0xE8, 0x29, 0xE8, 0x29,
    0x09, 0x32, 0x8B, 0x42, 0x8B, 0x42, 0x6B, 0x42, 0x4B, 0x3A, 0x09, 0x32, 0xE9, 0x29, 0x4B, 0x3A,
    0x6B, 0x42, 0x8B, 0x52, 0xEC, 0x62, 0x6E, 0x7B, 0xF0, 0x93, 0x51, 0xA4, 0x51, 0xA4, 0x51, 0xAC,
    0x50, 0xA4, 0x2F, 0x9C, 0xCC, 0x83, 0x49, 0x6B, 0x66, 0x4A, 0x66, 0x4A, 0x87, 0x4A, 0x46, 0x4A,
    0x46, 0x4A, 0x87, 0x52, 0x66, 0x4A, 0x26, 0x4A, 0xE5, 0x39, 0x26, 0x42, 0x05, 0x3A, 0x26, 0x3A,
    0x25, 0x3A, 0x25, 0x3A, 0xE5, 0x31, 0xE4, 0x29, 0x25, 0x32, 0x45, 0x3A, 0x25, 0x32, 0xE4, 0x31,
    0xA4, 0x29, 0xA4, 0x29, 0x05, 0x32, 0xE4, 0x29, 0xC4, 0x29, 0xE4, 0x29, 0xE4, 0x29, 0xA4, 0x21,
    0x63, 0x19, 0xA3, 0x21, 0x05, 0x32, 0xE5, 0x29, 0x83, 0x19, 0xC5, 0x29, 0xC5, 0x21, 0x84, 0x21,
    0x84, 0x21, 0xC5, 0x29, 0x06, 0x2A, 0xE5, 0x29, 0x64, 0x19, 0x85, 0x19, 0xA5, 0x21, 0x84, 0x19,
    0x07, 0x01, 0x07, 0x01, 0x07, 0x01, 0x28, 0x09, 0x69, 0x11, 0x68, 0x19, 0x28, 0x11, 0x89, 0x19,
    0x89, 0x19, 0x69, 0x19, 0x69, 0x19, 0x27, 0x11, 0x27, 0x11, 0xA9, 0x21, 0x68, 0x19, 0x89, 0x21,
    0xCA, 0x29, 0x2B, 0x32, 0x4B, 0x3A, 0x2B, 0x32, 0x4B, 0x3A, 0x2B, 0x32, 0xEA, 0x29, 0xE9, 0x29,
    0xC9, 0x29, 0xE9, 0x29, 0x6B, 0x3A, 0x0A, 0x32, 0x2A, 0x3A, 0xAC, 0x4A, 0x6B, 0x42, 0x4B, 0x3A,
    0x0A, 0x3A, 0x09, 0x3A, 0xAA, 0x4A, 0x0A, 0x53, 0xE9, 0x52, 0x4A, 0x5B, 0x09, 0x53, 0x2A, 0x5B,
    0x4A, 0x63, 0x8A, 0x6B, 0xAB, 0x6B, 0xEC, 0x7B, 0xCB, 0x73, 0xAB, 0x73, 0xAB, 0x73, 0xCB, 0x73,
    0xEC, 0x7B, 0xEC, 0x83, 0xEC, 0x7B, 0xED, 0x83, 0x89, 0x5A, 0x04, 0x29, 0x05, 0x29, 0x25, 0x29,
    0x25, 0x29, 0x25, 0x29, 0x26, 0x29, 0x46, 0x31, 0x67, 0x39, 0x46, 0x31, 0x87, 0x39, 0x67, 0x39,
    0x46, 0x31, 0x67, 0x39, 0x26, 0x31, 0x66, 0x39, 0x66, 0x39, 0x66, 0x39, 0xA7, 0x41, 0xE8, 0x49,
    0xC7, 0x41, 0x65, 0x39, 0xC6, 0x41, 0x26, 0x42, 0x65, 0x3A, 0xA5, 0x42, 0x64, 0x32, 0x03, 0x2A,
    0x43, 0x32, 0x64, 0x32, 0x45, 0x32, 0x67, 0x42, 0xAB, 0x5A, 0xAD, 0x62, 0xAE, 0x62, 0x8E, 0x62,
    0xAE, 0x6A, 0xEF, 0x72, 0x0D, 0x6B, 0xE7, 0x39, 0xA1, 0x08, 0xA1, 0x00, 0xA2, 0x00, 0xC2, 0x00,
    0x03, 0x09, 0x44, 0x11, 0xA5, 0x21, 0xA4, 0x21, 0xC4, 0x21, 0xC3, 0x21, 0x03, 0x2A, 0x85, 0x32,
    0x25, 0x2A, 0x24, 0x2A, 0x24, 0x2A, 0xE4, 0x21, 0xE3, 0x21, 0x04, 0x22, 0x04, 0x2A, 0x45, 0x2A,
    0x65, 0x32, 0x45, 0x2A, 0x24, 0x2A, 0x25, 0x2A, 0x25, 0x2A, 0xE4, 0x21, 0xE4, 0x21, 0xE4, 0x21,
    0x04, 0x2A, 0x25, 0x2A, 0x04, 0x2A, 0x04, 0x2A, 0xE3, 0x21, 0x23, 0x2A, 0x64, 0x32, 0x64, 0x32,
    0x64, 0x32, 0xA5, 0x3A, 0x64, 0x32, 0x23, 0x2A, 0x44, 0x32, 0xA5, 0x3A, 0x84, 0x3A, 0x64, 0x32,
    0x84, 0x3A, 0x64, 0x32, 0x03, 0x2A, 0xA2, 0x21, 0xA3, 0x21, 0xA3, 0x19, 0x82, 0x19, 0x41, 0x11,
    0x82, 0x19, 0x82, 0x19, 0x82, 0x19, 0x82, 0x19, 0xA3, 0x21, 0xC3, 0x21, 0xE3, 0x29, 0x44, 0x32,
    0xE2, 0x21, 0x81, 0x19, 0x81, 0x11, 0x02, 0x22, 0xE2, 0x21, 0xE2, 0x21, 0xE3, 0x21, 0x03, 0x22,
    0xC2, 0x21, 0xC2, 0x19, 0xE2, 0x21, 0x23, 0x2A, 0x44, 0x32, 0x23, 0x32, 0x03, 0x32, 0xE3, 0x29,
    0xE3, 0x29, 0xC2, 0x21, 0xE2, 0x21, 0x03, 0x2A, 0x03, 0x2A, 0x03, 0x2A, 0xC2, 0x21, 0xA2, 0x19,
    0x03, 0x2A, 0x44, 0x32, 0x03, 0x2A, 0xC2, 0x21, 0xC2, 0x21, 0xC3, 0x21, 0xC3, 0x21, 0xE2, 0x21,
    0x24, 0x2A, 0x03, 0x2A, 0xE3, 0x21, 0x03, 0x2A, 0x03, 0x2A, 0xE3, 0x21, 0x03, 0x2A, 0x23, 0x2A,
    0x23, 0x2A, 0x03, 0x2A, 0x03, 0x2A, 0xE3, 0x29, 0x24, 0x32, 0x64, 0x32, 0x44, 0x32, 0xA5, 0x3A,
    0x84, 0x3A, 0x64, 0x32, 0x43, 0x32, 0x84, 0x32, 0x84, 0x3A, 0x43, 0x32, 0x84, 0x3A, 0xA4, 0x3A,
    0xC5, 0x42, 0xE5, 0x42, 0xC5, 0x42, 0xC5, 0x42, 0xC5, 0x3A, 0x84, 0x3A, 0x45, 0x3A, 0x29, 0x6B,
    0x70, 0xA4, 0x71, 0xAC, 0x31, 0xAC, 0x31, 0xAC, 0x71, 0xAC, 0x91, 0xAC, 0xAC, 0x83, 0x64, 0x42,
    0x44, 0x32, 0x84, 0x21, 0x65, 0x21, 0x86, 0x21, 0x86, 0x21, 0xA7, 0x29, 0x86, 0x21, 0x86, 0x21,
    0xC6, 0x29, 0xA3, 0x21, 0x65, 0x3A, 0xEA, 0x73, 0xEA, 0x73, 0xCA, 0x73, 0xEB, 0x7B, 0xCA, 0x73,
    0xEA, 0x73, 0xCA, 0x73, 0xCA, 0x73, 0x2C, 0x84, 0xAA, 0x6B, 0x43, 0x32, 0x84, 0x3A, 0xE5, 0x42,
    0xA4, 0x3A, 0x43, 0x32, 0x43, 0x2A, 0xA4, 0x3A, 0xC5, 0x42, 0x86, 0x3A, 0xA6, 0x21, 0xC8, 0x29,
    0xC8, 0x29, 0x2A, 0x32, 0xE9, 0x31, 0xA7, 0x21, 0x29, 0x32, 0x09, 0x2A, 0x87, 0x21, 0xA8, 0x31,
    0xEC, 0x6A, 0xF0, 0x93, 0x71, 0xAC, 0x71, 0xB4, 0x71, 0xB4, 0x51, 0xB4, 0x51, 0xB4, 0x31, 0xB4,
    0x51, 0xB4, 0x51, 0xB4, 0x50, 0xAC, 0x50, 0xA4, 0xEE, 0x93, 0x4B, 0x7B, 0x47, 0x52, 0xC5, 0x39,
    0x26, 0x4A, 0x26, 0x4A, 0xC4, 0x39, 0x26, 0x42, 0x46, 0x4A, 0x05, 0x42, 0xA4, 0x31, 0x05, 0x3A,
    0x05, 0x3A, 0x05, 0x3A, 0x05, 0x32, 0xE5, 0x31, 0xC4, 0x29, 0xA4, 0x29, 0xE5, 0x31, 0xE4, 0x29,
    0xA4, 0x21, 0xE5, 0x29, 0x05, 0x32, 0x05, 0x32, 0xE5, 0x29, 0xE5, 0x29, 0xA4, 0x21, 0x84, 0x21,
    0xA4, 0x21, 0xA4, 0x21, 0x84, 0x21, 0xE5, 0x29, 0x06, 0x32, 0x06, 0x32, 0xA4, 0x21, 0x64, 0x19,
    0x23, 0x11, 0x44, 0x19, 0x84, 0x21, 0x43, 0x11, 0x23, 0x11, 0x64, 0x11, 0xA5, 0x21, 0xC5, 0x21,
    0x08, 0x01, 0xE7, 0x00, 0x07, 0x01, 0xE7, 0x00, 0xE6, 0x00, 0x28, 0x11, 0x48, 0x11, 0x27, 0x11,
    0x89, 0x19, 0x68, 0x19, 0x89, 0x19, 0x68, 0x19, 0x27, 0x11, 0x48, 0x11, 0x48, 0x19, 0xEA, 0x29,
    0xA9, 0x21, 0xA9, 0x21, 0x0A, 0x32, 0xEA, 0x29, 0xE9, 0x29, 0x6B, 0x3A, 0x2B, 0x32, 0xEA, 0x29,
    0xEA, 0x29, 0x2A, 0x32, 0x4B, 0x3A, 0xE9, 0x29, 0x2A, 0x32, 0x8B, 0x42, 0x4A, 0x3A, 0x4A, 0x3A,
    0xE9, 0x31, 0x29, 0x3A, 0x89, 0x4A, 0xA8, 0x4A, 0xE9, 0x52, 0x09, 0x53, 0x09, 0x53, 0xE9, 0x52,
    0x09, 0x5B, 0x49, 0x63, 0x49, 0x63, 0xAB, 0x6B, 0xAB, 0x6B, 0x8A, 0x6B, 0xAB, 0x73, 0x8A, 0x6B,
    0x8A, 0x73, 0xAB, 0x73, 0xEC, 0x7B, 0xEC, 0x7B, 0x6B, 0x73, 0x24, 0x29, 0xA3, 0x18, 0xE4, 0x20,
    0x04, 0x21, 0x05, 0x29, 0xE4, 0x20, 0x05, 0x29, 0x05, 0x29, 0x05, 0x29, 0x25, 0x29, 0x66, 0x39,
    0x25, 0x31, 0x26, 0x31, 0x66, 0x39, 0x66, 0x39, 0x66, 0x39, 0x66, 0x39, 0x45, 0x31, 0x45, 0x31,
    0xC7, 0x41, 0x85, 0x39, 0xE6, 0x41, 0x25, 0x3A, 0x24, 0x32, 0x44, 0x32, 0x85, 0x3A, 0x44, 0x32,
    0x64, 0x32, 0x64, 0x32, 0x05, 0x32, 0x49, 0x4A, 0x2B, 0x52, 0xEB, 0x49, 0x2C, 0x52, 0x2C, 0x5A,
    0x6D, 0x62, 0x8D, 0x62, 0x8D, 0x6A, 0xED, 0x6A, 0x07, 0x3A, 0x42, 0x19, 0x22, 0x11, 0x22, 0x11,
    0x63, 0x19, 0xC4, 0x21, 0x83, 0x19, 0xC3, 0x21, 0xE4, 0x21, 0xE4, 0x21, 0x24, 0x2A, 0x24, 0x2A,
    0xC3, 0x21, 0xE3, 0x21, 0x04, 0x22, 0x24, 0x2A, 0x45, 0x2A, 0x04, 0x22, 0xC3, 0x19, 0x24, 0x2A,
    0x04, 0x22, 0xE3, 0x21, 0xE4, 0x21, 0xE4, 0x21, 0xA2, 0x19, 0xA3, 0x19, 0xE4, 0x21, 0x04, 0x2A,
    0x04, 0x2A, 0x24, 0x2A, 0xC3, 0x21, 0xA3, 0x19, 0x03, 0x22, 0x44, 0x2A, 0x64, 0x32, 0x43, 0x32,
    0x84, 0x32, 0x84, 0x32, 0x43, 0x2A, 0x23, 0x2A, 0x44, 0x32, 0x64, 0x32, 0x84, 0x32, 0x84, 0x3A,
    0x64, 0x32, 0x43, 0x32, 0xE3, 0x21, 0x61, 0x11, 0xA2, 0x19, 0xA3, 0x19, 0xA3, 0x21, 0xE3, 0x21,
    0x03, 0x2A, 0xE3, 0x29, 0xE4, 0x29, 0xC3, 0x21, 0x83, 0x19, 0x41, 0x11, 0xE2, 0x21, 0x64, 0x32,
    0x02, 0x2A, 0x03, 0x2A, 0x03, 0x22, 0x23, 0x2A, 0x43, 0x2A, 0x23, 0x2A, 0x03, 0x22, 0x23, 0x2A,
    0xE3, 0x21, 0xA1, 0x19, 0x03, 0x2A, 0x44, 0x32, 0x64, 0x3A, 0x44, 0x3A, 0x44, 0x32, 0x44, 0x32,
    0x44, 0x32, 0xE3, 0x29, 0x03, 0x2A, 0x64, 0x32, 0x64, 0x3A, 0x03, 0x2A, 0xC2, 0x21, 0xE3, 0x29,
    0x24, 0x32, 0x43, 0x32, 0x03, 0x2A, 0xE3, 0x21, 0xC3, 0x21, 0xC3, 0x21, 0xA3, 0x21, 0x82, 0x19,
    0x03, 0x2A, 0xE3, 0x21, 0x03, 0x2A, 0x03, 0x2A, 0xE3, 0x21, 0x03, 0x2A, 0xE3, 0x29, 0x03, 0x2A,
    0xA4, 0x3A, 0xA5, 0x42, 0x43, 0x32, 0x03, 0x2A, 0x03, 0x2A, 0xE3, 0x29, 0x23, 0x2A, 0x43, 0x32,
    0x23, 0x2A, 0x64, 0x32, 0x84, 0x3A, 0x84, 0x32, 0x64, 0x32, 0xA4, 0x3A, 0xE5, 0x42, 0xE5, 0x42,
    0x67, 0x53, 0xE5, 0x42, 0x84, 0x3A, 0x63, 0x32, 0xC5, 0x3A, 0xC5, 0x42, 0xE7, 0x52, 0x0E, 0x94,
    0x10, 0xA4, 0xEF, 0xA3, 0xAE, 0xA3, 0xAE, 0x9B, 0xCF, 0xA3, 0xF0, 0xA3, 0x2F, 0xA4, 0x49, 0x6B,
    0x23, 0x32, 0x82, 0x19, 0x03, 0x11, 0x03, 0x11, 0x03, 0x11, 0x03, 0x11, 0x03, 0x11, 0xE3, 0x10,
    0x22, 0x11, 0xE3, 0x29, 0x47, 0x5B, 0x89, 0x6B, 0x89, 0x6B, 0x89, 0x6B, 0x89, 0x6B, 0x89, 0x6B,
    0x89, 0x63, 0x68, 0x63, 0x48, 0x63, 0x69, 0x6B, 0xAA, 0x6B, 0xC6, 0x4A, 0x02, 0x2A, 0x64, 0x3A,
    0xA5, 0x3A, 0xA4, 0x3A, 0xA4, 0x3A, 0xC5, 0x3A, 0xA4, 0x3A, 0x86, 0x3A, 0xC6, 0x21, 0xA7, 0x21,
    0x87, 0x21, 0x87, 0x21, 0xA8, 0x21, 0xA8, 0x29, 0xC8, 0x29, 0xC8, 0x29, 0xA8, 0x31, 0x2D, 0x7B,
    0x51, 0xAC, 0x51, 0xB4, 0x31, 0xB4, 0x10, 0xAC, 0x10, 0xAC, 0x10, 0xAC, 0x30, 0xAC, 0x51, 0xB4,
    0x51, 0xB4, 0x10, 0xAC, 0xEF, 0xAB, 0xF0, 0xA3, 0x10, 0xAC, 0x50, 0xA4, 0x6C, 0x83, 0x27, 0x52,
    0xC4, 0x39, 0xE5, 0x41, 0xE5, 0x39, 0xE5, 0x41, 0x26, 0x42, 0xE5, 0x39, 0xA4, 0x31, 0xC4, 0x31,
    0x05, 0x3A, 0x46, 0x3A, 0x05, 0x32, 0x05, 0x32, 0x06, 0x32, 0xE5, 0x29, 0xE5, 0x29, 0xE4, 0x29,
    0xA4, 0x21, 0xA4, 0x21, 0xA4, 0x21, 0xC4, 0x29, 0xC4, 0x29, 0xC5, 0x29, 0xC4, 0x29, 0xE5, 0x29,
    0xA4, 0x21, 0xA4, 0x21, 0xC5, 0x29, 0xC4, 0x21, 0xE5, 0x29, 0xC5, 0x29, 0xA4, 0x21, 0x64, 0x19,
    0x64, 0x19, 0x64, 0x19, 0x44, 0x19, 0x43, 0x11, 0x43, 0x11, 0x64, 0x19, 0x64, 0x11, 0x43, 0x11,
    0x07, 0x01, 0xE7, 0x00, 0x07, 0x09, 0xE7, 0x00, 0x07, 0x01, 0x07, 0x09, 0x89, 0x19, 0x48, 0x11,
    0x68, 0x19, 0x48, 0x11, 0x27, 0x11, 0x27, 0x11, 0x68, 0x19, 0x89, 0x19, 0x48, 0x11, 0xA9, 0x21,
    0xCA, 0x29, 0xA9, 0x21, 0xEA, 0x29, 0xEA, 0x29, 0xA9, 0x21, 0x2A, 0x32, 0x4B, 0x3A, 0xC9, 0x29,
    0xA8, 0x29, 0xC9, 0x29, 0xE9, 0x29, 0x4A, 0x3A, 0x2A, 0x32, 0xE9, 0x31, 0x29, 0x3A, 0x29, 0x3A,
    0x08, 0x32, 0x48, 0x3A, 0x68, 0x42, 0x09, 0x53, 0x0A, 0x53, 0x09, 0x53, 0x09, 0x53, 0x09, 0x53,
    0x09, 0x53, 0x09, 0x53, 0x29, 0x5B, 0x29, 0x5B, 0x49, 0x63, 0x08, 0x5B, 0x49, 0x63, 0xCB, 0x73,
    0xAA, 0x73, 0x8A, 0x6B, 0xAB, 0x73, 0xAB, 0x7B, 0x6B, 0x73, 0xA5, 0x39, 0x82, 0x10, 0xE4, 0x20,
    0x04, 0x21, 0xE4, 0x20, 0xE4, 0x20, 0x05, 0x21, 0x05, 0x21, 0x04, 0x21, 0x05, 0x21, 0x05, 0x29,
    0x05, 0x29, 0x25, 0x31, 0x46, 0x31, 0x45, 0x31, 0x45, 0x31, 0x86, 0x39, 0x44, 0x31, 0x04, 0x29,
    0x86, 0x39, 0x84, 0x31, 0x83, 0x29, 0x03, 0x2A, 0xE3, 0x29, 0xE2, 0x29, 0x44, 0x32, 0x64, 0x32,
    0x64, 0x32, 0xA5, 0x42, 0x48, 0x42, 0xE9, 0x41, 0xCA, 0x41, 0xAA, 0x41, 0x0B, 0x52, 0x4C, 0x5A,
    0x2C, 0x5A, 0x4C, 0x5A, 0x4B, 0x5A, 0x8C, 0x62, 0xAA, 0x5A, 0xC4, 0x29, 0xE4, 0x21, 0xC3, 0x21,
    0xA3, 0x19, 0xC3, 0x21, 0xC4, 0x21, 0x04, 0x2A, 0x25, 0x2A, 0xE4, 0x21, 0x24, 0x2A, 0x45, 0x2A,
    0x04, 0x2A, 0xE3, 0x21, 0x44, 0x2A, 0x85, 0x32, 0x44, 0x32, 0x44, 0x32, 0x45, 0x2A, 0xE3, 0x21,
    0xE4, 0x21, 0xA3, 0x19, 0xA3, 0x19, 0xC3, 0x21, 0xC3, 0x21, 0x04, 0x22, 0xE4, 0x21, 0xA3, 0x19,
    0xA3, 0x19, 0xA3, 0x19, 0xC3, 0x21, 0x24, 0x2A, 0x44, 0x32, 0x85, 0x3A, 0x44, 0x2A, 0x44, 0x32,
    0xA5, 0x3A, 0x64, 0x32, 0x44, 0x2A, 0x64, 0x32, 0x85, 0x32, 0x64, 0x32, 0x84, 0x3A, 0x84, 0x3A,
    0x43, 0x32, 0x44, 0x32, 0xE3, 0x21, 0xA3, 0x21, 0xC3, 0x21, 0x04, 0x2A, 0xE3, 0x21, 0xE3, 0x21,
    0xE3, 0x21, 0xA2, 0x19, 0xA3, 0x21, 0x82, 0x19, 0x62, 0x19, 0x82, 0x19, 0x03, 0x2A, 0x23, 0x2A,
    0x23, 0x2A, 0x43, 0x32, 0x43, 0x32, 0x02, 0x2A, 0x23, 0x2A, 0x23, 0x2A, 0x03, 0x2A, 0x81, 0x19,
    0xE2, 0x21, 0xC2, 0x21, 0x03, 0x2A, 0x44, 0x32, 0x44, 0x32, 0x02, 0x2A, 0xE2, 0x21, 0x44, 0x32,
    0x64, 0x3A, 0x03, 0x2A, 0x03, 0x2A, 0x23, 0x32, 0x43, 0x32, 0x03, 0x2A, 0xE3, 0x29, 0x03, 0x2A,
    0xE3, 0x21, 0xE3, 0x21, 0xE2, 0x21, 0xE3, 0x21, 0xC3, 0x21, 0xE3, 0x21, 0xC3, 0x21, 0x03, 0x2A,
    0x44, 0x32, 0x44, 0x32, 0x64, 0x32, 0x23, 0x2A, 0xE2, 0x21, 0xE3, 0x21, 0x03, 0x2A, 0x64, 0x32,
    0xA4, 0x3A, 0xA5, 0x42, 0x43, 0x32, 0xE3, 0x21, 0x23, 0x2A, 0x44, 0x32, 0x24, 0x32, 0x64, 0x32,
    0x84, 0x32, 0x84, 0x3A, 0xC5, 0x42, 0xE5, 0x42, 0xC5, 0x42, 0xE5, 0x4A, 0xE5, 0x42, 0xE5, 0x4A,
    0x05, 0x4B, 0x05, 0x4B, 0xE5, 0x4A, 0xA4, 0x3A, 0xA4, 0x3A, 0x85, 0x42, 0x2A, 0x6B, 0x8E, 0x93,
    0x8E, 0x9B, 0xAE, 0x9B, 0x8E, 0x9B, 0x4D, 0x93, 0x6D, 0x93, 0xAE, 0x9B, 0xAE, 0x9B, 0xAC, 0x8B,
    0xA6, 0x4A, 0x65, 0x3A, 0x24, 0x32, 0x41, 0x11, 0x42, 0x11, 0xC4, 0x21, 0xA3, 0x21, 0xC3, 0x21,
    0x23, 0x32, 0xA4, 0x42, 0x27, 0x53, 0x48, 0x63, 0x49, 0x63, 0x07, 0x5B, 0xE7, 0x52, 0xE7, 0x52,
    0x08, 0x5B, 0x28, 0x5B, 0x28, 0x5B, 0x28, 0x5B, 0x48, 0x63, 0x07, 0x53, 0xE3, 0x29, 0x23, 0x2A,
    0x64, 0x32, 0xA5, 0x42, 0xC5, 0x42, 0xE5, 0x42, 0xA4, 0x3A, 0x65, 0x3A, 0xC5, 0x29, 0x45, 0x11,
    0xA7, 0x21, 0x87, 0x21, 0xA7, 0x21, 0xC8, 0x29, 0xA7, 0x29, 0x45, 0x21, 0xAB, 0x62, 0x11, 0xAC,
    0xEF, 0xAB, 0x10, 0xAC, 0x30, 0xAC, 0x10, 0xAC, 0xEF, 0xAB, 0xCF, 0xA3, 0x10, 0xAC, 0x30, 0xAC,
    0x30, 0xAC, 0x10, 0xAC, 0xEF, 0xA3, 0x10, 0xAC, 0xEF, 0xA3, 0xEF, 0xA3, 0xEF, 0xA3, 0x6D, 0x83,
    0x06, 0x4A, 0xC4, 0x41, 0xE5, 0x41, 0xE5, 0x39, 0x05, 0x42, 0xE5, 0x39, 0xC5, 0x39, 0xA4, 0x31,
    0xE5, 0x31, 0x26, 0x3A, 0xE5, 0x31, 0xA4, 0x21, 0xC4, 0x29, 0xC4, 0x29, 0xA4, 0x21, 0xA4, 0x21,
    0x83, 0x19, 0x23, 0x11, 0x63, 0x19, 0xC5, 0x29, 0xE5, 0x29, 0x05, 0x32, 0xE5, 0x29, 0xA4, 0x21,
    0x43, 0x19, 0x64, 0x19, 0xA5, 0x21, 0x63, 0x19, 0x84, 0x19, 0xA4, 0x19, 0x64, 0x19, 0x64, 0x19,
    0x64, 0x19, 0x64, 0x19, 0x43, 0x11, 0x43, 0x11, 0x44, 0x11, 0x23, 0x11, 0x23, 0x09, 0x23, 0x09,
    0xE7, 0x00, 0xC6, 0x00, 0xE7, 0x00, 0xC6, 0x00, 0x07, 0x09, 0x27, 0x11, 0x68, 0x19, 0xCA, 0x21,
    0xCA, 0x21, 0x89, 0x19, 0x89, 0x19, 0x48, 0x11, 0xA9, 0x21, 0xCA, 0x21, 0x68, 0x19, 0x88, 0x19,
    0x89, 0x21, 0xA9, 0x21, 0xC9, 0x21, 0xC9, 0x21, 0x88, 0x21, 0x88, 0x21, 0xC9, 0x29, 0x0A, 0x32,
    0xC9, 0x29, 0xC9, 0x29, 0x2A, 0x32, 0x2A, 0x32, 0x09, 0x32, 0xA8, 0x29, 0x87, 0x29, 0xA7, 0x29,
    0xE7, 0x31, 0x27, 0x3A, 0x47, 0x3A, 0x67, 0x42, 0x88, 0x4A, 0xC8, 0x4A, 0x09, 0x53, 0xE8, 0x52,
    0xA7, 0x4A, 0x87, 0x4A, 0x29, 0x5B, 0x49, 0x63, 0x6A, 0x6B, 0x49, 0x63, 0x28, 0x5B, 0x8A, 0x6B,
    0x8A, 0x6B, 0x8A, 0x6B, 0x6A, 0x6B, 0x6A, 0x6B, 0x8B, 0x73, 0x68, 0x52, 0xA2, 0x10, 0xA3, 0x10,
    0xC3, 0x18, 0xC3, 0x18, 0xC3, 0x18, 0xC4, 0x18, 0xC3, 0x18, 0xC4, 0x18, 0xC4, 0x18, 0x05, 0x29,
    0x04, 0x29, 0x05, 0x29, 0x25, 0x29, 0x25, 0x29, 0x24, 0x29, 0x25, 0x29, 0x25, 0x29, 0x24, 0x29,
    0x23, 0x21, 0x02, 0x19, 0xC3, 0x29, 0x03, 0x2A, 0xE3, 0x29, 0x23, 0x2A, 0x23, 0x2A, 0x44, 0x32,
    0x64, 0x32, 0xA6, 0x42, 0xC6, 0x31, 0x48, 0x31, 0x89, 0x39, 0xCA, 0x41, 0xA9, 0x41, 0x0B, 0x52,
    0xEA, 0x49, 0x0B, 0x52, 0x2B, 0x5A, 0x4B, 0x5A, 0x8A, 0x52, 0x25, 0x32, 0xC3, 0x21, 0xE3, 0x21,
    0xE3, 0x21, 0xE4, 0x21, 0x04, 0x2A, 0x45, 0x32, 0x24, 0x2A, 0xE3, 0x21, 0x04, 0x22, 0xC3, 0x21,
    0x24, 0x2A, 0x85, 0x3A, 0xA5, 0x3A, 0x44, 0x2A, 0xE3, 0x21, 0x24, 0x2A, 0x04, 0x2A, 0xE3, 0x21,
    0x04, 0x2A, 0xC3, 0x21, 0xC3, 0x21, 0x04, 0x2A, 0xE4, 0x21, 0xC4, 0x21, 0xC3, 0x19, 0x83, 0x11,
    0xA3, 0x19, 0xC3, 0x21, 0x03, 0x2A, 0x64, 0x32, 0x85, 0x3A, 0x84, 0x32, 0x64, 0x32, 0xA5, 0x3A,
    0xA5, 0x3A, 0x44, 0x32, 0x23, 0x2A, 0x44, 0x32, 0x84, 0x3A, 0xA5, 0x3A, 0x64, 0x32, 0x84, 0x32,
    0x44, 0x32, 0x44, 0x32, 0x04, 0x2A, 0x04, 0x2A, 0xE4, 0x21, 0xE3, 0x21, 0xC3, 0x21, 0xE3, 0x21,
    0xC3, 0x21, 0xE3, 0x21, 0xA3, 0x21, 0x82, 0x19, 0x82, 0x19, 0xE3, 0x29, 0x23, 0x2A, 0xA1, 0x19,
    0xC2, 0x21, 0xE2, 0x29, 0x43, 0x32, 0x64, 0x32, 0x43, 0x32, 0x64, 0x32, 0x03, 0x2A, 0xA1, 0x19,
    0x03, 0x22, 0x03, 0x22, 0xE2, 0x21, 0xC2, 0x21, 0xE3, 0x29, 0x03, 0x2A, 0x23, 0x2A, 0x44, 0x2A,
    0x44, 0x32, 0xE3, 0x21, 0x61, 0x19, 0x03, 0x2A, 0x03, 0x2A, 0xC2, 0x21, 0xC2, 0x21, 0x03, 0x2A,
    0x03, 0x2A, 0x03, 0x2A, 0x03, 0x2A, 0x24, 0x2A, 0x24, 0x2A, 0x04, 0x2A, 0xC3, 0x21, 0x03, 0x2A,
    0x44, 0x32, 0x44, 0x32, 0x24, 0x2A, 0x24, 0x2A, 0x44, 0x32, 0x24, 0x32, 0x03, 0x2A, 0x44, 0x32,
    0x84, 0x3A, 0x64, 0x3A, 0x44, 0x32, 0x44, 0x32, 0xE3, 0x21, 0x03, 0x2A, 0x24, 0x32, 0x64, 0x32,
    0xA4, 0x3A, 0x84, 0x3A, 0xA4, 0x3A, 0xA4, 0x42, 0xA4, 0x3A, 0x84, 0x3A, 0xA4, 0x3A, 0xC4, 0x42,
    0xC5, 0x42, 0xE5, 0x4A, 0x26, 0x4B, 0x06, 0x4B, 0xE5, 0x42, 0xA5, 0x4A, 0xE9, 0x6A, 0xCB, 0x7A,
    0xEC, 0x82, 0x2D, 0x8B, 0x2C, 0x8B, 0x0C, 0x8B, 0x0C, 0x8B, 0x4C, 0x93, 0x0C, 0x8B, 0x6C, 0x83,
    0x07, 0x5B, 0xC5, 0x42, 0xC5, 0x42, 0xA5, 0x3A, 0xE6, 0x42, 0xE6, 0x4A, 0xC5, 0x42, 0x64, 0x3A,
    0xC5, 0x42, 0x26, 0x53, 0xC5, 0x4A, 0xA6, 0x4A, 0x86, 0x42, 0x24, 0x3A, 0x45, 0x3A, 0xA7, 0x4A,
    0x86, 0x42, 0x45, 0x3A, 0xA6, 0x4A, 0xA7, 0x4A, 0xE7, 0x52, 0xE7, 0x4A, 0x85, 0x3A, 0x43, 0x2A,
    0x23, 0x2A, 0x64, 0x32, 0x84, 0x32, 0x43, 0x32, 0x43, 0x32, 0x24, 0x32, 0x63, 0x19, 0x44, 0x11,
    0xA6, 0x21, 0x45, 0x19, 0x45, 0x11, 0x86, 0x21, 0x46, 0x21, 0x08, 0x42, 0xF0, 0x9B, 0xCF, 0xA3,
    0xEF, 0xA3, 0xEF, 0xA3, 0xEF, 0xAB, 0x10, 0xAC, 0xEF, 0xAB, 0xCF, 0xA3, 0xEF, 0xA3, 0xEF, 0xA3,
    0xF0, 0xAB, 0xEF, 0xA3, 0xCF, 0xA3, 0xCF, 0xA3, 0xAE, 0x9B, 0xAE, 0x9B, 0xAE, 0x9B, 0xCE, 0x9B,
    0x0B, 0x7B, 0xA5, 0x41, 0xC5, 0x39, 0xE5, 0x39, 0xC4, 0x39, 0xC5, 0x31, 0xC5, 0x39, 0xA4, 0x31,
    0xA4, 0x31, 0xA4, 0x29, 0xA4, 0x29, 0xC4, 0x29, 0xC5, 0x29, 0x63, 0x19, 0x83, 0x21, 0x83, 0x21,
    0x22, 0x11, 0x43, 0x19, 0x63, 0x19, 0x63, 0x19, 0xA4, 0x21, 0xC4, 0x29, 0xE5, 0x29, 0x84, 0x21,
    0x43, 0x19, 0x43, 0x19, 0x43, 0x19, 0x23, 0x11, 0x63, 0x19, 0x63, 0x19, 0x43, 0x11, 0x64, 0x19,
    0x23, 0x11, 0x43, 0x11, 0x43, 0x11, 0x23, 0x11, 0x23, 0x11, 0x03, 0x09, 0x23, 0x09, 0x43, 0x11,
    0xE6, 0x00, 0xC6, 0x00, 0xE6, 0x00, 0xC6, 0x00, 0xC6, 0x00, 0x27, 0x09, 0x68, 0x11, 0x27, 0x11,
    0x68, 0x11, 0x68, 0x19, 0xA9, 0x21, 0xCA, 0x21, 0xA9, 0x21, 0x88, 0x19, 0x47, 0x11, 0x48, 0x19,
    0x48, 0x19, 0x47, 0x19, 0xA8, 0x21, 0xA8, 0x21, 0x88, 0x21, 0xA8, 0x21, 0x0A, 0x32, 0x2A, 0x32,
    0xE9, 0x29, 0x09, 0x32, 0x2A, 0x32, 0x29, 0x32, 0x09, 0x32, 0xE9, 0x31, 0xA7, 0x29, 0x45, 0x21,
    0xA6, 0x29, 0x06, 0x32, 0x47, 0x3A, 0x47, 0x3A, 0x88, 0x42, 0x88, 0x4A, 0xA8, 0x4A, 0xC8, 0x52,
    0xC8, 0x4A, 0x46, 0x42, 0xA7, 0x4A, 0x4A, 0x63, 0x8B, 0x6B, 0x6A, 0x63, 0x49, 0x63, 0x08, 0x5B,
    0x49, 0x63, 0x49, 0x63, 0x49, 0x6B, 0x8A, 0x73, 0xAB, 0x73, 0x88, 0x52, 0xA2, 0x10, 0x81, 0x10,
    0xA2, 0x10, 0xA2, 0x10, 0xA3, 0x10, 0x83, 0x10, 0x05, 0x19, 0x46, 0x29, 0xE4, 0x18, 0xC3, 0x18,
    0xC4, 0x18, 0xC4, 0x20, 0xE4, 0x20, 0xC3, 0x18, 0xC3, 0x18, 0x03, 0x21, 0x03, 0x21, 0xE3, 0x18,
    0xA1, 0x10, 0x41, 0x19, 0x03, 0x2A, 0x44, 0x32, 0x03, 0x2A, 0xE3, 0x21, 0xE3, 0x29, 0x24, 0x2A,
    0x64, 0x32, 0xA6, 0x42, 0x45, 0x21, 0x06, 0x21, 0x67, 0x31, 0x88, 0x39, 0x47, 0x31, 0xA9, 0x41,
    0xC9, 0x41, 0xC9, 0x49, 0xC9, 0x49, 0x0A, 0x52, 0x49, 0x4A, 0x05, 0x32, 0xE3, 0x21, 0x24, 0x2A,
    0x85, 0x32, 0x85, 0x3A, 0x24, 0x2A, 0x04, 0x2A, 0x03, 0x2A, 0x24, 0x2A, 0x04, 0x2A, 0xE3, 0x21,
    0x65, 0x32, 0x44, 0x32, 0x44, 0x2A, 0x45, 0x32, 0x04, 0x22, 0x24, 0x2A, 0x45, 0x2A, 0x45, 0x32,
    0x45, 0x32, 0x25, 0x2A, 0x04, 0x2A, 0xE4, 0x21, 0xE4, 0x21, 0xA3, 0x19, 0xA3, 0x19, 0xE4, 0x21,
    0x04, 0x2A, 0x44, 0x32, 0x85, 0x32, 0xC5, 0x42, 0xA5, 0x3A, 0xC5, 0x3A, 0xC5, 0x3A, 0xC5, 0x3A,
    0x84, 0x32, 0x84, 0x32, 0x85, 0x3A, 0x64, 0x32, 0x85, 0x3A, 0x64, 0x32, 0x64, 0x32, 0x64, 0x32,
    0x24, 0x2A, 0xC3, 0x21, 0xC3, 0x21, 0xE3, 0x21, 0xA2, 0x19, 0x04, 0x2A, 0x04, 0x2A, 0xE4, 0x21,
    0xC3, 0x21, 0xE3, 0x21, 0xE4, 0x29, 0xC3, 0x21, 0xA3, 0x19, 0xE3, 0x21, 0xE2, 0x21, 0xE2, 0x21,
    0x23, 0x2A, 0xE2, 0x29, 0x43, 0x32, 0x03, 0x2A, 0xE2, 0x21, 0xE2, 0x21, 0x03, 0x2A, 0x23, 0x2A,
    0x43, 0x2A, 0x64, 0x32, 0x43, 0x32, 0x03, 0x2A, 0xE2, 0x29, 0xE3, 0x21, 0x03, 0x2A, 0xE3, 0x21,
    0x03, 0x2A, 0x03, 0x2A, 0xE3, 0x21, 0xE3, 0x21, 0x03, 0x2A, 0x24, 0x2A, 0x24, 0x2A, 0x03, 0x2A,
    0x03, 0x2A, 0x03, 0x2A, 0x03, 0x2A, 0x24, 0x2A, 0x04, 0x2A, 0x04, 0x2A, 0x24, 0x2A, 0x44, 0x32,
    0x64, 0x32, 0x23, 0x2A, 0x44, 0x32, 0x23, 0x2A, 0x24, 0x2A, 0x44, 0x32, 0x24, 0x2A, 0x03, 0x2A,
    0x44, 0x32, 0x44, 0x32, 0x44, 0x2A, 0x24, 0x2A, 0x03, 0x2A, 0x03, 0x2A, 0x03, 0x2A, 0x44, 0x32,
    0xA4, 0x3A, 0x84, 0x3A, 0x84, 0x3A, 0xA4, 0x3A, 0xC5, 0x42, 0x84, 0x3A, 0xC5, 0x42, 0xE5, 0x4A,
    0x63, 0x3A, 0xA4, 0x42, 0xE5, 0x42, 0xA4, 0x42, 0xC5, 0x42, 0xA6, 0x4A, 0x67, 0x52, 0x49, 0x62,
    0x49, 0x6A, 0x8A, 0x72, 0xCB, 0x7A, 0xAA, 0x7A, 0xCA, 0x7A, 0xCA, 0x7A, 0xCB, 0x7A, 0xEA, 0x6A,
    0xE7, 0x52, 0xA4, 0x3A, 0xC5, 0x42, 0xC5, 0x42, 0xC4, 0x42, 0x83, 0x3A, 0x22, 0x2A, 0x83, 0x3A,
    0xA3, 0x3A, 0x05, 0x4B, 0xE6, 0x4A, 0x04, 0x32, 0xE4, 0x29, 0x25, 0x32, 0x04, 0x32, 0x25, 0x32,
    0x04, 0x32, 0xE4, 0x31, 0x25, 0x3A, 0x25, 0x3A, 0x04, 0x32, 0xA5, 0x42, 0x84, 0x3A, 0x84, 0x3A,
    0xC5, 0x3A, 0x64, 0x32, 0x64, 0x32, 0x85, 0x32, 0xC2, 0x21, 0x03, 0x22, 0x83, 0x19, 0xE2, 0x08,
    0xE3, 0x08, 0x24, 0x11, 0x04, 0x11, 0xE4, 0x08, 0x86, 0x31, 0xAE, 0x8B, 0xEF, 0xA3, 0xAE, 0x9B,
    0xCF, 0xA3, 0xCF, 0xA3, 0x8E, 0x9B, 0x8E, 0x9B, 0xAE, 0xA3, 0xCF, 0xA3, 0xCF, 0xA3, 0x8E, 0x9B,
    0xCF, 0xA3, 0xAF, 0xA3, 0x6E, 0x9B, 0x4D, 0x93, 0x4D, 0x93, 0x6E, 0x9B, 0xAE, 0x9B, 0x6D, 0x93,
    0x6D, 0x93, 0x89, 0x6A, 0x84, 0x39, 0xA4, 0x31, 0x83, 0x31, 0x84, 0x31, 0xA4, 0x31, 0xE5, 0x39,
    0xE5, 0x31, 0x63, 0x21, 0x63, 0x21, 0x63, 0x21, 0x84, 0x21, 0xA4, 0x21, 0x83, 0x19, 0x63, 0x19,
    0x63, 0x19, 0x22, 0x11, 0x63, 0x19, 0x63, 0x19, 0x63, 0x19, 0x63, 0x19, 0x64, 0x19, 0x63, 0x19,
    0x43, 0x19, 0x64, 0x19, 0x43, 0x19, 0x43, 0x11, 0x43, 0x11, 0x43, 0x11, 0x43, 0x11, 0x64, 0x11,
    0x23, 0x11, 0x02, 0x09, 0x23, 0x09, 0x23, 0x09, 0x23, 0x09, 0x43, 0x09, 0x43, 0x09, 0x23, 0x09,
    0xE6, 0x00, 0xC6, 0x00, 0xE6, 0x00, 0xE6, 0x00, 0xC6, 0x00, 0xC6, 0x00, 0xE7, 0x00, 0xE6, 0x00,
    0x07, 0x09, 0x07, 0x09, 0x27, 0x11, 0x47, 0x11, 0x27, 0x11, 0x06, 0x09, 0x27, 0x11, 0x88, 0x19,
    0x89, 0x21, 0xA9, 0x21, 0xC9, 0x29, 0x88, 0x21, 0xA8, 0x21, 0xA8, 0x21, 0xC8, 0x21, 0xC9, 0x29,
    0xE9, 0x29, 0xE8, 0x29, 0xC8, 0x29, 0x09, 0x32, 0xA7, 0x29, 0x86, 0x21, 0x45, 0x21, 0x24, 0x19,
    0x85, 0x21, 0xA5, 0x21, 0xC6, 0x21, 0x06, 0x2A, 0xE6, 0x29, 0x47, 0x3A, 0x26, 0x3A, 0x88, 0x4A,
    0xC8, 0x4A, 0xE8, 0x52, 0x87, 0x4A, 0xC8, 0x52, 0x29, 0x5B, 0xE8, 0x5A, 0xC8, 0x52, 0x29, 0x63,
    0x49, 0x63, 0x29, 0x63, 0x69, 0x6B, 0x8A, 0x73, 0x6A, 0x6B, 0xA8, 0x52, 0xA1, 0x10, 0x61, 0x08,
    0x81, 0x10, 0x61, 0x08, 0xC4, 0x18, 0x4A, 0x4A, 0x2E, 0x63, 0x4E, 0x63, 0x0D, 0x5B, 0x4A, 0x4A,
    0xE4, 0x18, 0x82, 0x10, 0xA2, 0x10, 0xA2, 0x10, 0xC2, 0x10, 0x81, 0x08, 0xC1, 0x10, 0x22, 0x19,
    0x82, 0x21, 0xE3, 0x29, 0x23, 0x32, 0x23, 0x32, 0xE3, 0x29, 0xE3, 0x29, 0xE3, 0x29, 0x04, 0x2A,
    0x45, 0x32, 0x45, 0x32, 0x24, 0x19, 0xC5, 0x18, 0x05, 0x21, 0x06, 0x29, 0x88, 0x39, 0x67, 0x31,
    0x47, 0x31, 0x88, 0x39, 0xA8, 0x41, 0xA8, 0x41, 0x07, 0x42, 0x25, 0x32, 0x65, 0x32, 0x65, 0x32,
    0x44, 0x2A, 0x65, 0x32, 0x44, 0x2A, 0x24, 0x2A, 0x44, 0x2A, 0x64, 0x32, 0x85, 0x32, 0x65, 0x32,
    0x45, 0x32, 0x04, 0x2A, 0xC3, 0x19, 0xC3, 0x21, 0xE4, 0x21, 0x04, 0x2A, 0x04, 0x2A, 0x25, 0x2A,
    0x45, 0x32, 0x04, 0x2A, 0xC3, 0x21, 0xC3, 0x21, 0xE4, 0x21, 0x04, 0x22, 0x25, 0x2A, 0x04, 0x22,
    0xE3, 0x21, 0x85, 0x3A, 0xA4, 0x3A, 0x84, 0x3A, 0x84, 0x32, 0x84, 0x32, 0x84, 0x3A, 0x84, 0x32,
    0x84, 0x32, 0xC5, 0x3A, 0xC5, 0x42, 0xC5, 0x3A, 0xA5, 0x3A, 0x44, 0x32, 0x24, 0x2A, 0x24, 0x2A,
    0xE3, 0x21, 0xA3, 0x19, 0xC3, 0x21, 0xC3, 0x21, 0xE3, 0x21, 0xE3, 0x21, 0xE3, 0x21, 0xA3, 0x21,
    0xA3, 0x19, 0xC3, 0x21, 0xA3, 0x19, 0xA3, 0x19, 0xC3, 0x21, 0xA2, 0x19, 0xE2, 0x21, 0x64, 0x32,
    0x64, 0x32, 0x64, 0x32, 0x84, 0x3A, 0x44, 0x32, 0x03, 0x22, 0xC2, 0x19, 0x23, 0x2A, 0x84, 0x32,
    0x64, 0x32, 0x43, 0x32, 0x23, 0x2A, 0x02, 0x2A, 0xE2, 0x21, 0xC2, 0x21, 0xC3, 0x21, 0x03, 0x2A,
    0xE3, 0x21, 0xE3, 0x21, 0x24, 0x2A, 0x24, 0x2A, 0x03, 0x2A, 0xE3, 0x21, 0xE3, 0x21, 0x44, 0x32,
    0x24, 0x2A, 0x03, 0x2A, 0xC3, 0x21, 0xC3, 0x21, 0xE3, 0x21, 0xE3, 0x21, 0x03, 0x2A, 0x64, 0x32,
    0x64, 0x3A, 0x03, 0x2A, 0x24, 0x2A, 0x44, 0x2A, 0x44, 0x2A, 0x24, 0x2A, 0x23, 0x2A, 0x24, 0x2A,
    0x44, 0x32, 0x24, 0x32, 0x03, 0x22, 0x04, 0x2A, 0x45, 0x32, 0x64, 0x32, 0x84, 0x3A, 0x84, 0x3A,
    0xA5, 0x42, 0xE5, 0x4A, 0xC5, 0x42, 0xC5, 0x42, 0xE5, 0x42, 0xA4, 0x3A, 0xA5, 0x42, 0xA5, 0x42,
    0xA4, 0x42, 0xA4, 0x42, 0x84, 0x3A, 0x64, 0x3A, 0xA4, 0x42, 0xC6, 0x4A, 0x26, 0x42, 0xA6, 0x41,
    0x08, 0x52, 0x08, 0x52, 0x28, 0x5A, 0x69, 0x62, 0x69, 0x62, 0xAA, 0x6A, 0xAA, 0x6A, 0x67, 0x52,
    0xA6, 0x4A, 0x84, 0x3A, 0x64, 0x3A, 0x43, 0x32, 0xA4, 0x3A, 0xC4, 0x42, 0xC4, 0x42, 0xE5, 0x42,
    0x46, 0x53, 0x05, 0x4B, 0x85, 0x42, 0xA3, 0x21, 0x83, 0x21, 0xA3, 0x21, 0xE4, 0x29, 0xC4, 0x29,
    0xC4, 0x29, 0xA3, 0x21, 0x83, 0x21, 0xA3, 0x21, 0xA3, 0x21, 0x65, 0x3A, 0xC5, 0x42, 0xA4, 0x42,
    0xE5, 0x42, 0xE6, 0x42, 0xA5, 0x3A, 0x85, 0x3A, 0x85, 0x3A, 0x64, 0x32, 0x44, 0x32, 0x82, 0x11,
    0xC1, 0x00, 0xC1, 0x00, 0xA1, 0x00, 0xC2, 0x08, 0x89, 0x5A, 0xAE, 0x9B, 0x4D, 0x93, 0x8E, 0x9B,
    0x8E, 0x9B, 0x8E, 0x9B, 0x8E, 0x9B, 0x6D, 0x9B, 0x8E, 0x9B, 0x8E, 0x9B, 0x6D, 0x93, 0x8E, 0x9B,
    0xAE, 0x9B, 0x6D, 0x93, 0x4D, 0x93, 0x6E, 0x9B, 0x4D, 0x93, 0x2D, 0x93, 0x4D, 0x93, 0x2C, 0x8B,
    0x2C, 0x8B, 0x2C, 0x83, 0x06, 0x4A, 0x84, 0x31, 0x83, 0x31, 0x84, 0x31, 0x63, 0x29, 0x84, 0x29,
    0xA4, 0x29, 0x63, 0x21, 0x63, 0x21, 0x43, 0x19, 0x42, 0x19, 0x63, 0x19, 0x83, 0x19, 0x63, 0x19,
    0x63, 0x19, 0x63, 0x19, 0x83, 0x19, 0x83, 0x19, 0x43, 0x11, 0x43, 0x11, 0x43, 0x11, 0x43, 0x19,
    0x43, 0x19, 0x43, 0x19, 0x43, 0x11, 0x43, 0x11, 0x23, 0x11, 0x23, 0x11, 0x43, 0x11, 0x23, 0x11,
    0x22, 0x09, 0x02, 0x09, 0x02, 0x09, 0x02, 0x09, 0x03, 0x09, 0x43, 0x09, 0x43, 0x09, 0x23, 0x09,
    0xE6, 0x00, 0xC6, 0x00, 0xA5, 0x00, 0xC5, 0x00, 0xC6, 0x00, 0xC6, 0x00, 0xE6, 0x00, 0xE6, 0x00,
    0x07, 0x09, 0x47, 0x11, 0x06, 0x09, 0x06, 0x09, 0x27, 0x11, 0x47, 0x11, 0x88, 0x19, 0x88, 0x19,
    0x67, 0x19, 0x26, 0x11, 0x47, 0x19, 0x06, 0x11, 0x47, 0x19, 0xA8, 0x21, 0x87, 0x19, 0xC8, 0x29,
    0xA8, 0x21, 0xA7, 0x21, 0xA7, 0x21, 0xA7, 0x29, 0x45, 0x21, 0xE4, 0x10, 0xE4, 0x10, 0x03, 0x11,
    0x64, 0x19, 0x85, 0x19, 0x64, 0x11, 0x44, 0x11, 0x84, 0x19, 0x06, 0x2A, 0x26, 0x32, 0x87, 0x42,
    0x67, 0x42, 0xA8, 0x4A, 0x87, 0x4A, 0xA7, 0x52, 0x08, 0x5B, 0x09, 0x5B, 0xA7, 0x52, 0xE8, 0x5A,
    0x49, 0x63, 0x6A, 0x6B, 0x49, 0x63, 0x28, 0x63, 0x49, 0x6B, 0xE9, 0x5A, 0xA1, 0x10, 0x20, 0x00,
    0x20, 0x00, 0xA3, 0x10, 0x6B, 0x4A, 0x0D, 0x5B, 0x2E, 0x63, 0x6F, 0x6B, 0x6F, 0x6B, 0x8F, 0x6B,
    0x6A, 0x4A, 0x82, 0x10, 0x61, 0x08, 0x40, 0x00, 0x60, 0x00, 0xA1, 0x08, 0x62, 0x19, 0xE3, 0x29,
    0xE3, 0x29, 0x03, 0x2A, 0x24, 0x32, 0xE3, 0x29, 0x24, 0x32, 0x04, 0x2A, 0xE3, 0x21, 0xE4, 0x29,
    0xC3, 0x21, 0xA4, 0x21, 0x03, 0x11, 0xA4, 0x10, 0xA4, 0x10, 0xA4, 0x18, 0xE5, 0x20, 0x47, 0x31,
    0x88, 0x39, 0x47, 0x31, 0x46, 0x31, 0x45, 0x31, 0xE6, 0x39, 0x44, 0x32, 0x44, 0x2A, 0x03, 0x2A,
    0x24, 0x2A, 0x24, 0x2A, 0xA2, 0x19, 0x44, 0x2A, 0xC6, 0x42, 0x85, 0x32, 0x44, 0x32, 0x65, 0x32,
    0x65, 0x32, 0x24, 0x2A, 0xE3, 0x21, 0x04, 0x2A, 0x25, 0x2A, 0x04, 0x2A, 0xC3, 0x21, 0xC3, 0x21,
    0x04, 0x2A, 0x04, 0x2A, 0x04, 0x2A, 0x04, 0x2A, 0xC3, 0x19, 0x04, 0x22, 0x24, 0x2A, 0x04, 0x2A,
    0x03, 0x2A, 0xA5, 0x3A, 0x84, 0x32, 0xA4, 0x3A, 0x84, 0x32, 0xE2, 0x21, 0x84, 0x32, 0x84, 0x32,
    0xA4, 0x3A, 0xC5, 0x3A, 0x84, 0x3A, 0x23, 0x2A, 0x64, 0x32, 0x44, 0x32, 0x23, 0x2A, 0xE3, 0x21,
    0xE3, 0x21, 0x04, 0x2A, 0x24, 0x2A, 0x44, 0x32, 0x04, 0x2A, 0x04, 0x2A, 0xE3, 0x21, 0x82, 0x19,
    0x62, 0x11, 0xA3, 0x19, 0xC3, 0x21, 0x82, 0x19, 0xC3, 0x19, 0xA2, 0x19, 0x03, 0x2A, 0x43, 0x2A,
    0x44, 0x32, 0x84, 0x3A, 0xA4, 0x3A, 0xA5, 0x3A, 0x64, 0x32, 0x43, 0x32, 0x23, 0x2A, 0xA4, 0x3A,
    0x44, 0x32, 0xA2, 0x19, 0xC2, 0x21, 0x24, 0x2A, 0xE3, 0x21, 0xA2, 0x19, 0xC3, 0x21, 0x03, 0x22,
    0xE3, 0x21, 0x03, 0x22, 0x44, 0x2A, 0x24, 0x2A, 0x03, 0x2A, 0x03, 0x22, 0x03, 0x2A, 0x23, 0x2A,
    0x23, 0x2A, 0x24, 0x2A, 0xE3, 0x21, 0xE3, 0x21, 0x04, 0x2A, 0x04, 0x2A, 0xE3, 0x21, 0x44, 0x32,
    0x44, 0x32, 0x24, 0x2A, 0x04, 0x2A, 0x03, 0x2A, 0x03, 0x2A, 0x24, 0x2A, 0x44, 0x2A, 0x24, 0x2A,
    0x24, 0x2A, 0x03, 0x2A, 0xE3, 0x21, 0x04, 0x2A, 0x24, 0x2A, 0x44, 0x32, 0x84, 0x3A, 0x84, 0x3A,
    0xA5, 0x42, 0xC5, 0x42, 0xA5, 0x42, 0xA5, 0x42, 0xC5, 0x42, 0xA5, 0x42, 0xA4, 0x3A, 0x84, 0x3A,
    0xC5, 0x42, 0xC5, 0x42, 0xC5, 0x42, 0xC5, 0x42, 0xC5, 0x42, 0xA5, 0x42, 0x05, 0x3A, 0x85, 0x31,
    0xC6, 0x41, 0xC7, 0x41, 0xA6, 0x41, 0x86, 0x39, 0xA6, 0x41, 0xC6, 0x41, 0xA5, 0x39, 0x05, 0x42,
    0x64, 0x3A, 0x84, 0x3A, 0x84, 0x3A, 0x84, 0x3A, 0xC5, 0x42, 0x06, 0x4B, 0x05, 0x4B, 0xC5, 0x42,
    0xC4, 0x42, 0xE5, 0x4A, 0x85, 0x42, 0x83, 0x21, 0x62, 0x19, 0x62, 0x19, 0x62, 0x19, 0x62, 0x19,
    0x41, 0x11, 0x41, 0x11, 0x42, 0x19, 0x41, 0x11, 0x62, 0x19, 0x03, 0x2A, 0xC5, 0x42, 0x05, 0x4B,
    0x63, 0x32, 0xA4, 0x3A, 0xE5, 0x42, 0x85, 0x32, 0x44, 0x32, 0x64, 0x32, 0x64, 0x32, 0x44, 0x2A,
    0xE3, 0x21, 0x83, 0x19, 0xE1, 0x08, 0x02, 0x19, 0x0B, 0x73, 0x6D, 0x93, 0x0C, 0x8B, 0x4D, 0x93,
    0x2C, 0x93, 0x4D, 0x93, 0xAE, 0x9B, 0x6D, 0x9B, 0x6D, 0x9B, 0x6D, 0x9B, 0x8E, 0x9B, 0xAE, 0x9B,
    0x6D, 0x93, 0x6D, 0x93, 0x6E, 0x9B, 0x4D, 0x93, 0x4D, 0x93, 0x2C, 0x8B, 0x0C, 0x83, 0x2C, 0x8B,
    0xEC, 0x82, 0xEB, 0x7A, 0x48, 0x62, 0x43, 0x31, 0x63, 0x29, 0x42, 0x21, 0x42, 0x21, 0x63, 0x21,
    0x43, 0x21, 0x43, 0x19, 0x43, 0x19, 0x22, 0x11, 0x43, 0x19, 0x22, 0x11, 0x43, 0x19, 0x42, 0x11,
    0x22, 0x11, 0x63, 0x19, 0x83, 0x19, 0x63, 0x19, 0x43, 0x11, 0x23, 0x11, 0x22, 0x11, 0x23, 0x11,
    0x43, 0x11, 0x43, 0x11, 0x23, 0x11, 0x23, 0x11, 0x43, 0x11, 0x43, 0x11, 0x43, 0x11, 0x23, 0x11,
    0x02, 0x09, 0x02, 0x09, 0x02, 0x09, 0x02, 0x09, 0x03, 0x09, 0x23, 0x09, 0x43, 0x09, 0x23, 0x09,
    0xE6, 0x00, 0xE6, 0x00, 0xC6, 0x00, 0xC5, 0x00, 0xC5, 0x00, 0xC6, 0x00, 0x06, 0x01, 0xC5, 0x00,
    0x06, 0x01, 0x47, 0x11, 0x26, 0x11, 0x26, 0x09, 0x47, 0x11, 0x06, 0x09, 0x26, 0x11, 0x67, 0x11,
    0x26, 0x09, 0x05, 0x09, 0x05, 0x09, 0x06, 0x09, 0x46, 0x11, 0x46, 0x19, 0x87, 0x19, 0xA7, 0x21,
    0x46, 0x19, 0x45, 0x11, 0x45, 0x19, 0x45, 0x19, 0x25, 0x19, 0x03, 0x11, 0xC2, 0x08, 0xE2, 0x08,
    0x23, 0x09, 0x64, 0x19, 0x64, 0x19, 0xA5, 0x21, 0xC5, 0x21, 0x84, 0x19, 0xE5, 0x31, 0x47, 0x3A,
    0x46, 0x42, 0x67, 0x42, 0x87, 0x4A, 0xA7, 0x52, 0x09, 0x5B, 0x29, 0x63, 0xE8, 0x5A, 0xE8, 0x52,
    0xE8, 0x5A, 0xC8, 0x52, 0xC7, 0x52, 0x08, 0x63, 0x29, 0x63, 0x88, 0x52, 0x81, 0x08, 0x00, 0x00,
    0x00, 0x00, 0x66, 0x29, 0xAB, 0x52, 0xAC, 0x52, 0xED, 0x52, 0xED, 0x52, 0x0D, 0x5B, 0x2D, 0x63,
    0x0D, 0x63, 0xA6, 0x31, 0x80, 0x08, 0xC1, 0x08, 0x02, 0x11, 0x83, 0x21, 0xE3, 0x21, 0x03, 0x2A,
    0xE3, 0x29, 0x03, 0x2A, 0xE3, 0x21, 0xE3, 0x21, 0x03, 0x2A, 0xA2, 0x19, 0xE3, 0x21, 0xE4, 0x29,
    0x83, 0x19, 0x42, 0x11, 0x81, 0x00, 0x82, 0x08, 0x83, 0x08, 0xA4, 0x10, 0xA4, 0x10, 0xA4, 0x18,
    0x05, 0x21, 0x25, 0x29, 0x45, 0x29, 0x84, 0x29, 0xE4, 0x31, 0x24, 0x32, 0x03, 0x22, 0xC3, 0x21,
    0x04, 0x2A, 0x44, 0x2A, 0x64, 0x32, 0xA6, 0x3A, 0xA6, 0x3A, 0x65, 0x32, 0x24, 0x2A, 0x04, 0x2A,
    0xE4, 0x21, 0xE3, 0x21, 0x44, 0x32, 0xC6, 0x42, 0x04, 0x2A, 0xC4, 0x21, 0xC4, 0x21, 0xC3, 0x21,
    0x04, 0x22, 0x24, 0x2A, 0x45, 0x32, 0x25, 0x2A, 0xE4, 0x21, 0xC4, 0x21, 0x24, 0x2A, 0x65, 0x32,
    0x64, 0x32, 0xC5, 0x3A, 0x84, 0x3A, 0xC5, 0x42, 0xA5, 0x3A, 0x43, 0x2A, 0xC5, 0x3A, 0xC5, 0x42,
    0xC5, 0x42, 0xA5, 0x3A, 0x64, 0x32, 0x02, 0x22, 0x44, 0x32, 0x44, 0x32, 0x23, 0x2A, 0xE3, 0x21,
    0xA3, 0x19, 0x04, 0x22, 0x65, 0x32, 0x84, 0x32, 0x23, 0x2A, 0xC3, 0x21, 0xA3, 0x21, 0xC4, 0x21,
    0xE4, 0x21, 0xC3, 0x19, 0xC3, 0x21, 0x82, 0x19, 0xA2, 0x19, 0x44, 0x2A, 0x24, 0x2A, 0x23, 0x2A,
    0x23, 0x2A, 0x64, 0x32, 0x85, 0x3A, 0xA5, 0x3A, 0x85, 0x3A, 0xE2, 0x21, 0x44, 0x32, 0xA5, 0x3A,
    0x03, 0x2A, 0xA2, 0x19, 0x03, 0x2A, 0x24, 0x2A, 0xC3, 0x21, 0xA2, 0x19, 0xE3, 0x21, 0x24, 0x2A,
    0x44, 0x2A, 0x23, 0x2A, 0x44, 0x32, 0x64, 0x32, 0x44, 0x2A, 0x03, 0x2A, 0x03, 0x22, 0x24, 0x2A,
    0xE3, 0x21, 0x23, 0x2A, 0x44, 0x2A, 0x24, 0x2A, 0x44, 0x2A, 0x03, 0x2A, 0x03, 0x2A, 0x44, 0x32,
    0x23, 0x2A, 0x24, 0x2A, 0x24, 0x2A, 0xE3, 0x21, 0xE3, 0x21, 0x44, 0x32, 0x44, 0x32, 0xE3, 0x21,
    0x04, 0x2A, 0xE3, 0x21, 0x04, 0x2A, 0x44, 0x32, 0x44, 0x32, 0x44, 0x32, 0x44, 0x32, 0x64, 0x3A,
    0xA5, 0x42, 0x84, 0x3A, 0x84, 0x3A, 0xA4, 0x3A, 0x84, 0x3A, 0x84, 0x3A, 0xA5, 0x3A, 0x84, 0x3A,
    0xA4, 0x3A, 0xC5, 0x42, 0xA4, 0x3A, 0x64, 0x3A, 0x43, 0x32, 0x64, 0x3A, 0xE3, 0x29, 0x22, 0x19,
    0x02, 0x19, 0x24, 0x21, 0x44, 0x29, 0x44, 0x29, 0x44, 0x29, 0x23, 0x21, 0x02, 0x19, 0x82, 0x21,
    0x84, 0x3A, 0xA4, 0x3A, 0xA4, 0x42, 0xA4, 0x42, 0xC5, 0x42, 0xC5, 0x42, 0xC4, 0x42, 0xC5, 0x42,
    0x64, 0x3A, 0x64, 0x32, 0x24, 0x32, 0x41, 0x11, 0xA0, 0x00, 0x01, 0x09, 0x01, 0x09, 0x21, 0x11,
    0x21, 0x11, 0x22, 0x11, 0x22, 0x11, 0xE1, 0x08, 0x20, 0x11, 0x44, 0x32, 0x06, 0x4B, 0x46, 0x53,
    0xE5, 0x42, 0x64, 0x32, 0x64, 0x32, 0xC5, 0x3A, 0xA5, 0x3A, 0xA5, 0x3A, 0x84, 0x32, 0x85, 0x3A,
    0x44, 0x2A, 0x44, 0x32, 0xC3, 0x21, 0x26, 0x42, 0x4C, 0x83, 0x2C, 0x83, 0x4D, 0x8B, 0x2C, 0x8B,
    0x0C, 0x8B, 0x2C, 0x8B, 0x4D, 0x93, 0x2D, 0x8B, 0x2D, 0x8B, 0x4D, 0x93, 0x0C, 0x8B, 0x0C, 0x8B,
    0x0C, 0x8B, 0x2D, 0x8B, 0x0C, 0x8B, 0x2D, 0x8B, 0xCB, 0x82, 0xAB, 0x7A, 0xCB, 0x7A, 0xEC, 0x82,
    0xAB, 0x7A, 0xEB, 0x7A, 0xCA, 0x72, 0x64, 0x31, 0x02, 0x21, 0x22, 0x21, 0x22, 0x19, 0x63, 0x21,
    0x43, 0x19, 0x22, 0x19, 0x22, 0x19, 0x22, 0x11, 0x22, 0x11, 0x22, 0x11, 0x22, 0x11, 0x22, 0x11,
    0x63, 0x19, 0x63, 0x19, 0x63, 0x19, 0x42, 0x11, 0x43, 0x11, 0x43, 0x11, 0x22, 0x11, 0x43, 0x11,
    0x43, 0x11, 0x23, 0x11, 0x02, 0x09, 0x02, 0x09, 0x02, 0x09, 0x23, 0x09, 0x23, 0x11, 0x22, 0x09,
    0x23, 0x09, 0x02, 0x09, 0x02, 0x09, 0x02, 0x09, 0x23, 0x09, 0x43, 0x09, 0x23, 0x09, 0x22, 0x09,
    0xE6, 0x00, 0xC6, 0x00, 0xE6, 0x00, 0xC6, 0x00, 0xC5, 0x00, 0xE6, 0x00, 0xE5, 0x00, 0xC5, 0x00,
    0xC5, 0x00, 0xE5, 0x00, 0x06, 0x01, 0x26, 0x09, 0x05, 0x09, 0xE5, 0x00, 0x05, 0x09, 0x05, 0x09,
    0x26, 0x09, 0x46, 0x11, 0x26, 0x11, 0x05, 0x09, 0x05, 0x11, 0x25, 0x11, 0x46, 0x19, 0x46, 0x19,
    0x25, 0x11, 0xE4, 0x08, 0x04, 0x11, 0x04, 0x19, 0xA2, 0x08, 0xA1, 0x08, 0xA0, 0x08, 0xE1, 0x08,
    0x23, 0x11, 0x24, 0x11, 0x64, 0x19, 0x84, 0x19, 0xA5, 0x21, 0xA4, 0x21, 0x05, 0x32, 0x46, 0x3A,
    0x46, 0x3A, 0x67, 0x42, 0xC8, 0x4A, 0x09, 0x5B, 0xC8, 0x52, 0xC8, 0x52, 0xA7, 0x4A, 0x86, 0x4A,
    0xE8, 0x5A, 0xA7, 0x52, 0xC7, 0x52, 0xE8, 0x5A, 0xC8, 0x5A, 0xE5, 0x39, 0x40, 0x00, 0x20, 0x00,
    0x41, 0x00, 0x86, 0x29, 0xE9, 0x31, 0x6B, 0x42, 0xCC, 0x52, 0xAB, 0x4A, 0xCC, 0x52, 0xEC, 0x5A,
    0xEC, 0x5A, 0x48, 0x42, 0x42, 0x19, 0x62, 0x19, 0xE4, 0x29, 0xE3, 0x29, 0xC3, 0x21, 0xC3, 0x21,
    0xC3, 0x21, 0xA2, 0x19, 0x61, 0x11, 0xA2, 0x19, 0xC3, 0x21, 0x24, 0x2A, 0x45, 0x32, 0x24, 0x2A,
    0xC3, 0x19, 0x22, 0x11, 0xE2, 0x08, 0xC2, 0x08, 0x61, 0x00, 0x82, 0x08, 0x83, 0x08, 0x83, 0x08,
    0x82, 0x08, 0x23, 0x19, 0x63, 0x21, 0x83, 0x21, 0xE3, 0x29, 0x44, 0x32, 0x24, 0x2A, 0xE3, 0x21,
    0x45, 0x32, 0x65, 0x32, 0x65, 0x32, 0x44, 0x32, 0x44, 0x32, 0x65, 0x32, 0x44, 0x32, 0x04, 0x2A,
    0xC3, 0x19, 0x04, 0x2A, 0x65, 0x32, 0x85, 0x3A, 0x45, 0x32, 0x04, 0x2A, 0xE4, 0x21, 0x04, 0x2A,
    0x45, 0x2A, 0x45, 0x32, 0x24, 0x2A, 0x24, 0x2A, 0xC3, 0x21, 0x82, 0x19, 0x04, 0x2A, 0x85, 0x32,
    0x85, 0x32, 0xC5, 0x3A, 0xC5, 0x42, 0xE5, 0x42, 0xC5, 0x42, 0x84, 0x3A, 0x43, 0x32, 0x43, 0x2A,
    0x84, 0x32, 0x44, 0x32, 0x44, 0x2A, 0x23, 0x2A, 0x64, 0x32, 0x64, 0x32, 0x23, 0x2A, 0x03, 0x22,
    0xA3, 0x19, 0xE4, 0x21, 0x24, 0x2A, 0x23, 0x2A, 0x24, 0x2A, 0xE4, 0x21, 0x41, 0x11, 0x41, 0x11,
    0xA3, 0x19, 0xC3, 0x21, 0xE3, 0x21, 0xE4, 0x21, 0xC3, 0x21, 0xE3, 0x21, 0xA2, 0x19, 0x03, 0x22,
    0x23, 0x2A, 0x23, 0x2A, 0x03, 0x2A, 0x64, 0x32, 0x44, 0x32, 0xA2, 0x21, 0xA2, 0x21, 0x03, 0x2A,
    0xA2, 0x19, 0xC3, 0x21, 0x04, 0x2A, 0xE3, 0x21, 0xA3, 0x21, 0xC3, 0x21, 0xE3, 0x21, 0x44, 0x2A,
    0x44, 0x2A, 0x23, 0x2A, 0x02, 0x22, 0x64, 0x32, 0x65, 0x32, 0x03, 0x2A, 0x03, 0x2A, 0x24, 0x2A,
    0x23, 0x2A, 0x44, 0x2A, 0x44, 0x32, 0x44, 0x2A, 0x04, 0x22, 0x04, 0x2A, 0x04, 0x2A, 0x03, 0x22,
    0x03, 0x2A, 0x23, 0x2A, 0x44, 0x2A, 0x03, 0x2A, 0xC2, 0x21, 0x03, 0x22, 0x44, 0x32, 0x24, 0x2A,
    0x24, 0x2A, 0x04, 0x2A, 0x03, 0x2A, 0x24, 0x32, 0x64, 0x32, 0x85, 0x3A, 0x65, 0x3A, 0x64, 0x3A,
    0x84, 0x3A, 0x84, 0x3A, 0x64, 0x32, 0x84, 0x3A, 0xA4, 0x3A, 0xC5, 0x42, 0xA4, 0x3A, 0x43, 0x32,
    0x23, 0x2A, 0x64, 0x32, 0x84, 0x3A, 0x84, 0x3A, 0x84, 0x3A, 0xA5, 0x3A, 0x85, 0x3A, 0x82, 0x21,
    0xA0, 0x08, 0xC1, 0x10, 0x23, 0x21, 0x02, 0x19, 0x02, 0x19, 0x42, 0x19, 0x41, 0x19, 0xC2, 0x29,
    0x84, 0x42, 0xC5, 0x42, 0xE5, 0x42, 0xA4, 0x42, 0x84, 0x3A, 0xA4, 0x3A, 0xE5, 0x42, 0xE5, 0x42,
    0x84, 0x3A, 0x43, 0x32, 0x43, 0x32, 0xE3, 0x29, 0x41, 0x11, 0x62, 0x19, 0x01, 0x09, 0xC0, 0x00,
    0xA0, 0x00, 0x80, 0x00, 0x80, 0x00, 0x80, 0x00, 0x62, 0x19, 0x84, 0x3A, 0xC5, 0x42, 0xC5, 0x42,
    0xC5, 0x42, 0xA5, 0x3A, 0x23, 0x2A, 0x63, 0x32, 0x84, 0x32, 0x84, 0x32, 0x64, 0x32, 0x64, 0x32,
    0x84, 0x32, 0x03, 0x2A, 0xC2, 0x21, 0x46, 0x42, 0x2B, 0x7B, 0xCA, 0x7A, 0xEB, 0x82, 0xEB, 0x82,
    0x0C, 0x83, 0x0C, 0x8B, 0xCB, 0x82, 0xCB, 0x82, 0xEC, 0x82, 0xCC, 0x82, 0x0C, 0x8B, 0xEC, 0x82,
    0xCB, 0x82, 0x0C, 0x8B, 0x0C, 0x8B, 0x0C, 0x8B, 0xCB, 0x7A, 0x8A, 0x72, 0xAB, 0x72, 0xCB, 0x7A,
    0x49, 0x6A, 0x8A, 0x72, 0xEB, 0x72, 0xE6, 0x41, 0xE1, 0x18, 0x02, 0x19, 0x42, 0x21, 0x63, 0x21,
    0x63, 0x21, 0x22, 0x19, 0x23, 0x19, 0x63, 0x19, 0x43, 0x19, 0x22, 0x11, 0x22, 0x11, 0x63, 0x19,
    0x63, 0x19, 0x83, 0x19, 0x63, 0x19, 0x83, 0x19, 0x22, 0x11, 0x43, 0x11, 0x43, 0x11, 0x43, 0x11,
    0x23, 0x11, 0x23, 0x11, 0x02, 0x09, 0x02, 0x09, 0x02, 0x09, 0x22, 0x09, 0xE2, 0x08, 0xE2, 0x08,
    0x22, 0x09, 0x02, 0x09, 0x23, 0x09, 0x22, 0x09, 0x23, 0x09, 0x23, 0x09, 0x22, 0x09, 0x22, 0x09,
    0xE5, 0x00, 0xC5, 0x00, 0xC5, 0x00, 0xE6, 0x00, 0xC6, 0x00, 0xC5, 0x00, 0xC5, 0x00, 0xC5, 0x00,
    0xC5, 0x00, 0xC5, 0x00, 0xC4, 0x00, 0xE5, 0x00, 0xC5, 0x00, 0xC4, 0x00, 0xE5, 0x00, 0xC5, 0x00,
    0xE4, 0x00, 0x05, 0x09, 0x05, 0x09, 0xE4, 0x08, 0xC4, 0x08, 0xE4, 0x08, 0x05, 0x11, 0x45, 0x19,
    0x66, 0x19, 0x25, 0x19, 0x04, 0x11, 0x61, 0x00, 0x60, 0x00, 0xA1, 0x08, 0xC0, 0x08, 0x01, 0x11,
    0x02, 0x09, 0x44, 0x11, 0x44, 0x11, 0x44, 0x19, 0xA4, 0x19, 0xA4, 0x19, 0xA4, 0x21, 0xE5, 0x31,
    0x06, 0x32, 0x26, 0x32, 0x25, 0x3A, 0x25, 0x3A, 0x66, 0x42, 0x46, 0x42, 0x66, 0x4A, 0x87, 0x4A,
    0xA7, 0x52, 0xC8, 0x52, 0xA7, 0x52, 0xA7, 0x52, 0xC8, 0x5A, 0xC4, 0x31, 0xA0, 0x08, 0xC1, 0x08,
    0xE2, 0x10, 0x65, 0x21, 0xE8, 0x31, 0x29, 0x3A, 0x29, 0x3A, 0x4A, 0x42, 0x6A, 0x42, 0x6A, 0x4A,
    0xAA, 0x52, 0x47, 0x42, 0xC3, 0x21, 0x24, 0x32, 0x44, 0x32, 0xE3, 0x29, 0xC2, 0x21, 0x03, 0x2A,
    0x24, 0x2A, 0xE3, 0x21, 0xA3, 0x21, 0xE3, 0x21, 0x24, 0x2A, 0x03, 0x2A, 0x24, 0x2A, 0x65, 0x32,
    0x24, 0x2A, 0xC3, 0x21, 0xA3, 0x19, 0xA4, 0x21, 0x63, 0x19, 0x23, 0x19, 0x61, 0x00, 0x61, 0x00,
    0xE2, 0x10, 0xA3, 0x21, 0xC4, 0x21, 0x04, 0x2A, 0x03, 0x2A, 0x44, 0x32, 0x64, 0x32, 0x03, 0x2A,
    0x24, 0x2A, 0x65, 0x32, 0x85, 0x32, 0x85, 0x32, 0x23, 0x2A, 0x24, 0x2A, 0x85, 0x32, 0x65, 0x32,
    0x24, 0x2A, 0x24, 0x2A, 0x45, 0x32, 0x44, 0x2A, 0x65, 0x32, 0x45, 0x32, 0x04, 0x2A, 0x04, 0x2A,
    0x45, 0x32, 0x25, 0x2A, 0x24, 0x2A, 0x44, 0x32, 0x65, 0x32, 0x04, 0x2A, 0xC2, 0x21, 0x85, 0x32,
    0x64, 0x32, 0x84, 0x32, 0xC5, 0x42, 0xE5, 0x42, 0xA5, 0x3A, 0xA4, 0x3A, 0x84, 0x32, 0x64, 0x32,
    0x64, 0x32, 0x64, 0x32, 0x44, 0x2A, 0x44, 0x32, 0x64, 0x32, 0x65, 0x32, 0x44, 0x32, 0x24, 0x2A,
    0xE3, 0x21, 0xE4, 0x21, 0xE4, 0x21, 0x03, 0x2A, 0xC3, 0x21, 0xE3, 0x21, 0xA3, 0x19, 0xA3, 0x19,
    0xC3, 0x21, 0xE3, 0x21, 0xE3, 0x21, 0xE4, 0x21, 0x24, 0x2A, 0xE3, 0x21, 0x03, 0x2A, 0x23, 0x2A,
    0x44, 0x2A, 0x44, 0x32, 0x23, 0x2A, 0x23, 0x2A, 0x44, 0x2A, 0x44, 0x32, 0xA2, 0x19, 0x82, 0x19,
    0xA3, 0x21, 0xC3, 0x21, 0xA3, 0x19, 0xE3, 0x21, 0xC3, 0x21, 0xC2, 0x21, 0xE3, 0x21, 0x24, 0x2A,
    0x44, 0x2A, 0x64, 0x32, 0x64, 0x32, 0x84, 0x32, 0x64, 0x32, 0x85, 0x32, 0x44, 0x32, 0x03, 0x22,
    0x44, 0x2A, 0x85, 0x3A, 0x23, 0x2A, 0xE3, 0x21, 0xE4, 0x21, 0xE4, 0x21, 0x24, 0x2A, 0x04, 0x2A,
    0x82, 0x19, 0x03, 0x22, 0x64, 0x32, 0x64, 0x32, 0x85, 0x32, 0x65, 0x32, 0x24, 0x2A, 0x04, 0x2A,
    0x04, 0x2A, 0x03, 0x2A, 0x24, 0x2A, 0x44, 0x32, 0x44, 0x32, 0x44, 0x32, 0x23, 0x2A, 0x24, 0x32,
    0x64, 0x32, 0x64, 0x3A, 0xA5, 0x3A, 0xC5, 0x42, 0xC5, 0x42, 0xA5, 0x42, 0xA5, 0x42, 0xA5, 0x42,
    0x84, 0x3A, 0x64, 0x3A, 0xA4, 0x3A, 0x64, 0x3A, 0xC5, 0x42, 0x06, 0x4B, 0xC5, 0x42, 0xA5, 0x3A,
    0x23, 0x2A, 0x04, 0x32, 0x24, 0x32, 0xC3, 0x29, 0xC3, 0x29, 0x65, 0x3A, 0x84, 0x3A, 0xA4, 0x42,
    0xA4, 0x3A, 0x83, 0x3A, 0x83, 0x3A, 0xA4, 0x3A, 0x63, 0x32, 0xC5, 0x42, 0x05, 0x4B, 0x05, 0x4B,
    0xE5, 0x4A, 0x05, 0x4B, 0x26, 0x4B, 0x06, 0x4B, 0xC5, 0x42, 0x24, 0x32, 0xA3, 0x21, 0x42, 0x11,
    0xE1, 0x08, 0xC0, 0x08, 0xE1, 0x08, 0x41, 0x11, 0x44, 0x32, 0xA5, 0x3A, 0x84, 0x3A, 0x63, 0x32,
    0x43, 0x32, 0xC5, 0x3A, 0xA4, 0x3A, 0xA4, 0x3A, 0x84, 0x32, 0x84, 0x32, 0xA4, 0x3A, 0xC5, 0x3A,
    0xA5, 0x3A, 0x84, 0x3A, 0x44, 0x32, 0x87, 0x52, 0x0B, 0x7B, 0xCA, 0x7A, 0x8A, 0x72, 0x69, 0x6A,
    0x8A, 0x72, 0x8A, 0x72, 0x6A, 0x72, 0xAB, 0x7A, 0xAB, 0x7A, 0xAB, 0x7A, 0x0C, 0x8B, 0xEC, 0x82,
    0xAB, 0x7A, 0xCB, 0x82, 0xEC, 0x82, 0xCB, 0x7A, 0x8A, 0x72, 0xAB, 0x72, 0xAB, 0x72, 0x6A, 0x6A,
    0x49, 0x62, 0x4A, 0x62, 0x49, 0x5A, 0xA6, 0x41, 0xC1, 0x18, 0xE1, 0x10, 0x01, 0x19, 0x22, 0x19,
    0x22, 0x19, 0xE2, 0x10, 0x22, 0x11, 0x43, 0x19, 0x43, 0x19, 0x02, 0x11, 0x22, 0x11, 0x22, 0x11,
    0x42, 0x11, 0x63, 0x19, 0x43, 0x19, 0x42, 0x11, 0x22, 0x11, 0x22, 0x11, 0x43, 0x11, 0x43, 0x11,
    0x43, 0x11, 0x22, 0x09, 0x02, 0x09, 0x02, 0x09, 0x22, 0x09, 0x22, 0x09, 0x02, 0x09, 0x02, 0x09,
    0x02, 0x09, 0x02, 0x09, 0x22, 0x09, 0x23, 0x09, 0x22, 0x09, 0x02, 0x09, 0x02, 0x09, 0x23, 0x09,
    0xE6, 0x00, 0xE6, 0x00, 0xC5, 0x00, 0xE5, 0x00, 0xC5, 0x00, 0xC5, 0x00, 0xC5, 0x00, 0xC5, 0x00,
    0xC5, 0x00, 0xC5, 0x00, 0xC4, 0x00, 0xE5, 0x00, 0xE5, 0x00, 0xC4, 0x00, 0xC4, 0x00, 0xE5, 0x00,
    0xE5, 0x00, 0xE4, 0x08, 0xC4, 0x00, 0xC4, 0x00, 0xE4, 0x08, 0x04, 0x09, 0xE4, 0x08, 0x25, 0x11,
    0x45, 0x19, 0xE3, 0x10, 0xA2, 0x08, 0x40, 0x00, 0x81, 0x08, 0xE1, 0x10, 0xE0, 0x08, 0x01, 0x11,
    0x02, 0x09, 0x23, 0x11, 0x44, 0x11, 0x43, 0x11, 0x84, 0x19, 0x84, 0x19, 0x63, 0x19, 0xA4, 0x21,
    0xC5, 0x29, 0x05, 0x32, 0x83, 0x21, 0x83, 0x21, 0x26, 0x3A, 0x25, 0x3A, 0x26, 0x42, 0x87, 0x4A,
    0x87, 0x4A, 0x86, 0x4A, 0x25, 0x42, 0x87, 0x4A, 0xA7, 0x52, 0x83, 0x21, 0x21, 0x11, 0x22, 0x11,
    0x02, 0x11, 0x24, 0x19, 0x86, 0x21, 0xA7, 0x29, 0xC7, 0x31, 0xC8, 0x31, 0x09, 0x3A, 0x29, 0x42,
    0x49, 0x42, 0x26, 0x3A, 0x24, 0x32, 0x64, 0x32, 0x44, 0x32, 0x44, 0x32, 0x64, 0x32, 0x44, 0x32,
    0x44, 0x32, 0x65, 0x32, 0x24, 0x2A, 0xA3, 0x21, 0x82, 0x19, 0xE3, 0x21, 0x24, 0x2A, 0x65, 0x32,
    0x65, 0x32, 0x24, 0x2A, 0x62, 0x19, 0xA3, 0x21, 0x25, 0x2A, 0x25, 0x32, 0x63, 0x19, 0x43, 0x19,
    0xA4, 0x21, 0xA3, 0x21, 0xC3, 0x21, 0x24, 0x2A, 0x24, 0x2A, 0x85, 0x3A, 0x85, 0x3A, 0x03, 0x2A,
    0x44, 0x2A, 0x44, 0x2A, 0x64, 0x32, 0x85, 0x3A, 0x64, 0x32, 0x64, 0x32, 0x85, 0x32, 0x44, 0x32,
    0xE4, 0x21, 0x04, 0x2A, 0x24, 0x2A, 0x65, 0x32, 0x65, 0x32, 0x45, 0x32, 0x04, 0x2A, 0x04, 0x2A,
    0xA3, 0x19, 0xC3, 0x21, 0x24, 0x2A, 0x23, 0x2A, 0x65, 0x32, 0x24, 0x2A, 0x03, 0x2A, 0x85, 0x32,
    0xA5, 0x3A, 0x85, 0x3A, 0xA4, 0x3A, 0xE5, 0x42, 0xC5, 0x42, 0x85, 0x3A, 0x85, 0x3A, 0x64, 0x32,
    0xC5, 0x42, 0xC5, 0x3A, 0xC5, 0x3A, 0x85, 0x32, 0x24, 0x2A, 0x23, 0x2A, 0xE3, 0x21, 0x04, 0x2A,
    0x04, 0x2A, 0xC3, 0x21, 0x04, 0x2A, 0x45, 0x32, 0x03, 0x22, 0xA2, 0x19, 0xE4, 0x21, 0xE4, 0x21,
    0xE4, 0x21, 0x24, 0x2A, 0x04, 0x22, 0xA3, 0x19, 0xC3, 0x19, 0xE3, 0x21, 0x24, 0x2A, 0x65, 0x32,
    0x23, 0x2A, 0x64, 0x32, 0x64, 0x32, 0x64, 0x32, 0x44, 0x32, 0x23, 0x2A, 0x04, 0x2A, 0xC3, 0x21,
    0xC3, 0x21, 0xC3, 0x21, 0xC3, 0x21, 0xC3, 0x21, 0xE3, 0x21, 0xE3, 0x21, 0x04, 0x2A, 0xE3, 0x21,
    0xE3, 0x21, 0x44, 0x2A, 0xA5, 0x3A, 0xA5, 0x3A, 0x44, 0x32, 0x44, 0x2A, 0x44, 0x2A, 0x44, 0x32,
    0x44, 0x32, 0x64, 0x32, 0x24, 0x2A, 0x04, 0x2A, 0xE4, 0x21, 0xE3, 0x21, 0x04, 0x2A, 0x45, 0x2A,
    0x04, 0x22, 0x44, 0x2A, 0x64, 0x32, 0x44, 0x2A, 0x03, 0x2A, 0x64, 0x32, 0x24, 0x2A, 0x04, 0x2A,
    0x24, 0x2A, 0x65, 0x32, 0xA5, 0x3A, 0x85, 0x3A, 0x65, 0x3A, 0x44, 0x32, 0x44, 0x32, 0x85, 0x3A,
    0x85, 0x3A, 0xA5, 0x3A, 0xC5, 0x42, 0xA5, 0x3A, 0x64, 0x32, 0x84, 0x3A, 0xC5, 0x42, 0xE6, 0x4A,
    0x06, 0x4B, 0x06, 0x4B, 0xC5, 0x42, 0xA5, 0x42, 0xE5, 0x42, 0xE5, 0x42, 0xA4, 0x3A, 0xE5, 0x42,
    0xE5, 0x42, 0x84, 0x3A, 0x84, 0x3A, 0xE6, 0x4A, 0xA5, 0x42, 0xC5, 0x42, 0xA4, 0x42, 0xE5, 0x42,
    0x06, 0x4B, 0xE5, 0x42, 0xA4, 0x3A, 0xC5, 0x42, 0xE5, 0x42, 0xE5, 0x42, 0xA4, 0x3A, 0xE5, 0x4A,
    0xE5, 0x4A, 0x05, 0x4B, 0x25, 0x4B, 0x05, 0x4B, 0xE5, 0x42, 0x84, 0x3A, 0x44, 0x32, 0x04, 0x2A,
    0x04, 0x2A, 0xE4, 0x29, 0x04, 0x2A, 0x03, 0x2A, 0x23, 0x2A, 0xA4, 0x3A, 0x43, 0x2A, 0x43, 0x32,
    0xA4, 0x3A, 0xE5, 0x42, 0xC5, 0x3A, 0xA4, 0x32, 0xA4, 0x3A, 0xE6, 0x42, 0xC5, 0x42, 0x84, 0x3A,
    0x84, 0x32, 0x84, 0x3A, 0x85, 0x3A, 0xC7, 0x52, 0xEA, 0x72, 0xAA, 0x72, 0xAA, 0x72, 0x69, 0x6A,
    0x49, 0x6A, 0x69, 0x6A, 0x8A, 0x72, 0x8A, 0x72, 0x49, 0x6A, 0xAB, 0x7A, 0xAB, 0x72, 0x6A, 0x6A,
    0xAB, 0x7A, 0xAB, 0x7A, 0x8A, 0x72, 0x6A, 0x6A, 0x8A, 0x72, 0x6A, 0x72, 0x49, 0x62, 0x08, 0x5A,
    0x29, 0x5A, 0x29, 0x5A, 0x28, 0x5A, 0xC6, 0x41, 0xC2, 0x18, 0xC0, 0x10, 0xE1, 0x10, 0x01, 0x11,
    0x02, 0x11, 0xE1, 0x08, 0x01, 0x11, 0x02, 0x11, 0x02, 0x11, 0x22, 0x11, 0x02, 0x11, 0x01, 0x09,
    0x22, 0x11, 0x42, 0x11, 0x42, 0x11, 0x22, 0x11, 0x22, 0x11, 0x22, 0x11, 0x22, 0x11, 0x22, 0x09,
    0x22, 0x09, 0x02, 0x09, 0x02, 0x09, 0x22, 0x09, 0x22, 0x09, 0x22, 0x09, 0x02, 0x09, 0x02, 0x09,
    0x02, 0x09, 0x02, 0x09, 0x23, 0x09, 0x43, 0x09, 0x22, 0x09, 0x22, 0x09, 0x23, 0x09, 0x43, 0x09,
};

const lv_image_dsc_t buddy_bg_night = {
    .header = {
        .magic = LV_IMAGE_HEADER_MAGIC,
        .cf = LV_COLOR_FORMAT_RGB565,
        .flags = 0,
        .w = 320,
        .h = 240,
        .stride = 640,
        .reserved_2 = 0,
    },
    .data_size = sizeof(buddy_bg_night_map),
    .data = buddy_bg_night_map,
    .reserved = NULL,
};
