#include "lvgl.h"

#ifndef LV_ATTRIBUTE_MEM_ALIGN
#define LV_ATTRIBUTE_MEM_ALIGN
#endif

const LV_ATTRIBUTE_MEM_ALIGN uint8_t buddy_family_call_map[] = {
    0x3E, 0xD7, 0x3E, 0xCF, 0x3E, 0xCF, 0x3E, 0xD7, 0x3E, 0xCF, 0x3E, 0xCF, 0x3E, 0xCF, 0x3E, 0xCF,
    0x3E, 0xCF, 0x3E, 0xCF, 0x3E, 0xCF, 0x3E, 0xCF, 0x3E, 0xCF, 0x3E, 0xCF, 0x3E, 0xD7, 0x3E, 0xD7,
    0x3E, 0xD7, 0x3E, 0xD7, 0x3E, 0xCF, 0x3E, 0xCF, 0x3E, 0xCF, 0x3E, 0xD7, 0x3E, 0xD7, 0x3E, 0xD7,
    0x3E, 0xD7, 0x3E, 0xD7, 0x3E, 0xD7, 0x3E, 0xD7, 0x3E, 0xD7, 0x3E, 0xD7, 0x3E, 0xD7, 0x3E, 0xD7,
    0x3E, 0xD7, 0x5E, 0xD7, 0x5E, 0xD7, 0x5E, 0xD7, 0x5E, 0xD7, 0x5E, 0xD7, 0x5E, 0xD7, 0x5E, 0xD7,
    0x5E, 0xD7, 0x5E, 0xD7, 0x5E, 0xD7, 0x5E, 0xD7, 0x5E, 0xD7, 0x5E, 0xD7, 0x5D, 0xD7, 0x5E, 0xD7,
    0x5E, 0xD7, 0x5E, 0xD7, 0x5E, 0xDF, 0x5E, 0xDF, 0x5E, 0xDF, 0x5E, 0xDF, 0x5E, 0xDF, 0x5E, 0xDF,
    0x5D, 0xDF, 0x5D, 0xDF, 0x5D, 0xDF, 0x5D, 0xDF, 0x5D, 0xDF, 0x5D, 0xDF, 0x5D, 0xDF, 0x5D, 0xDF,
    0x5D, 0xE7, 0x5D, 0xE7, 0x7D, 0xE7, 0x7D, 0xE7, 0x5D, 0xE7, 0x5D, 0xE7, 0x7D, 0xE7, 0x7D, 0xE7,
    0x7D, 0xE7, 0x5D, 0xE7, 0x5D, 0xE7, 0x5D, 0xE7, 0x5D, 0xE7, 0x5D, 0xE7, 0x5D, 0xE7, 0x5D, 0xE7,
    0x5D, 0xEF, 0x5D, 0xEF, 0x5C, 0xEF, 0x5C, 0xEF, 0x5D, 0xEF, 0x7C, 0xEF, 0x7C, 0xEF, 0x7C, 0xEF,
    0x7C, 0xEF, 0x5C, 0xEF, 0x5C, 0xEF, 0x5C, 0xEF, 0x5C, 0xEF, 0x7C, 0xEF, 0x7C, 0xEF, 0x7C, 0xEF,
    0x7C, 0xEF, 0x5C, 0xF7, 0x5C, 0xF7, 0x5C, 0xF7, 0x7C, 0xF7, 0x7C, 0xF7, 0x7C, 0xF7, 0x7C, 0xF7,
    0x7C, 0xF7, 0x7C, 0xF7, 0x7C, 0xF7, 0x7C, 0xF7, 0x7C, 0xF7, 0x5C, 0xF7, 0x7C, 0xF7, 0x7C, 0xF7,
    0x7C, 0xF7, 0x7C, 0xF7, 0x7C, 0xF7, 0x7C, 0xF7, 0x7C, 0xF7, 0x7C, 0xF7, 0x7C, 0xF7, 0x7C, 0xF7,
    0x7C, 0xF7, 0x7C, 0xF7, 0x5C, 0xF7, 0x5C, 0xF7, 0x5C, 0xF7, 0x5C, 0xF7, 0x5C, 0xF7, 0x7C, 0xF7,
    0x7C, 0xF7, 0x7C, 0xF7, 0x7C, 0xF7, 0x7C, 0xFF, 0x7C, 0xFF, 0x7C, 0xFF, 0x7C, 0xFF, 0x7C, 0xFF,
    0x7C, 0xFF, 0x7C, 0xFF, 0x7C, 0xFF, 0x7C, 0xF7, 0x3E, 0xCF, 0x3E, 0xCF, 0x3E, 0xCF, 0x3E, 0xCF,
    0x3E, 0xCF, 0x3E, 0xCF, 0x3E, 0xCF, 0x3E, 0xCF, 0x3E, 0xCF, 0x3E, 0xCF, 0x3E, 0xCF, 0x3E, 0xCF,
    0x3E, 0xCF, 0x3E, 0xCF, 0x3E, 0xD7, 0x3E, 0xCF, 0x3E, 0xCF, 0x3E, 0xCF, 0x3E, 0xCF, 0x3E, 0xCF,
    0x3E, 0xD7, 0x3E, 0xD7, 0x3E, 0xD7, 0x3E, 0xD7, 0x3E, 0xD7, 0x3E, 0xD7, 0x3E, 0xD7, 0x3E, 0xD7,
    0x3E, 0xD7, 0x3E, 0xD7, 0x3E, 0xD7, 0x3E, 0xD7, 0x3E, 0xD7, 0x3E, 0xD7, 0x5E, 0xD7, 0x5E, 0xD7,
    0x5E, 0xD7, 0x5E, 0xD7, 0x5E, 0xD7, 0x5E, 0xD7, 0x5E, 0xD7, 0x5E, 0xD7, 0x5E, 0xD7, 0x5E, 0xD7,
    0x5E, 0xD7, 0x5E, 0xD7, 0x5E, 0xD7, 0x5E, 0xD7, 0x5E, 0xD7, 0x5E, 0xD7, 0x5E, 0xD7, 0x5E, 0xDF,
    0x5E, 0xDF, 0x5E, 0xDF, 0x5E, 0xDF, 0x5E, 0xDF, 0x5D, 0xDF, 0x5D, 0xDF, 0x5D, 0xDF, 0x5D, 0xDF,
    0x5D, 0xDF, 0x5D, 0xDF, 0x5D, 0xDF, 0x5D, 0xDF, 0x5D, 0xDF, 0x5D, 0xE7, 0x5D, 0xE7, 0x5D, 0xE7,
    0x5D, 0xE7, 0x5D, 0xE7, 0x7D, 0xE7, 0x7D, 0xE7, 0x7D, 0xE7, 0x5D, 0xE7, 0x5D, 0xE7, 0x5D, 0xE7,
    0x5D, 0xE7, 0x5D, 0xE7, 0x5D, 0xE7, 0x5D, 0xE7, 0x5D, 0xE7, 0x5D, 0xEF, 0x5D, 0xEF, 0x5C, 0xEF,
    0x5D, 0xEF, 0x7C, 0xEF, 0x7C, 0xEF, 0x7C, 0xEF, 0x5C, 0xEF, 0x5C, 0xEF, 0x5C, 0xEF, 0x5C, 0xEF,
    0x5C, 0xEF, 0x7C, 0xEF, 0x7C, 0xEF, 0x7C, 0xEF, 0x5C, 0xF7, 0x5C, 0xF7, 0x5C, 0xF7, 0x5C, 0xF7,
    0x7C, 0xF7, 0x7C, 0xF7, 0x7C, 0xF7, 0x7C, 0xF7, 0x7C, 0xF7, 0x5C, 0xF7, 0x7C, 0xF7, 0x7C, 0xF7,
    0x7C, 0xF7, 0x5C, 0xF7, 0x7C, 0xF7, 0x7C, 0xF7, 0x7C, 0xF7, 0x7C, 0xF7, 0x7C, 0xF7, 0x7C, 0xF7,
    0x7C, 0xF7, 0x7C, 0xF7, 0x7C, 0xF7, 0x7C, 0xF7, 0x7C, 0xF7, 0x7C, 0xF7, 0x7C, 0xF7, 0x5C, 0xF7,
    0x5C, 0xF7, 0x5C, 0xF7, 0x7C, 0xF7, 0x7C, 0xF7, 0x7C, 0xF7, 0x7C, 0xFF, 0x7C, 0xF7, 0x7C, 0xFF,
    0x7C, 0xFF, 0x7C, 0xFF, 0x7C, 0xFF, 0x7C, 0xF7, 0x7C, 0xFF, 0x7C, 0xFF, 0x7C, 0xFF, 0x7C, 0xF7,
    0x3E, 0xCF, 0x3E, 0xCF, 0x3E, 0xCF, 0x3E, 0xCF, 0x3E, 0xCF, 0x3E, 0xCF, 0x3E, 0xCF, 0x3E, 0xCF,
    0x3E, 0xCF, 0x3E, 0xCF, 0x3E, 0xCF, 0x3E, 0xCF, 0x3E, 0xCF, 0x3E, 0xCF, 0x3E, 0xCF, 0x3E, 0xCF,
    0x3E, 0xCF, 0x3E, 0xCF, 0x3E, 0xCF, 0x3E, 0xCF, 0x3E, 0xCF, 0x3E, 0xCF, 0x3E, 0xCF, 0x3E, 0xCF,
    0x3E, 0xD7, 0x3E, 0xCF, 0x3E, 0xD7, 0x3E, 0xD7, 0x3E, 0xD7, 0x3E, 0xD7, 0x3E, 0xD7, 0x3E, 0xD7,
    0x3E, 0xD7, 0x3E, 0xD7, 0x3E, 0xD7, 0x5E, 0xD7, 0x5E, 0xD7, 0x5E, 0xD7, 0x5E, 0xD7, 0x5E, 0xD7,
    0x5E, 0xD7, 0x5E, 0xD7, 0x5E, 0xD7, 0x5E, 0xD7, 0x5E, 0xD7, 0x5E, 0xD7, 0x5E, 0xD7, 0x5E, 0xD7,
    0x5E, 0xD7, 0x5E, 0xD7, 0x5E, 0xD7, 0x5E, 0xD7, 0x5E, 0xDF, 0x5E, 0xDF, 0x5E, 0xDF, 0x5E, 0xDF,
    0x5D, 0xDF, 0x5D, 0xDF, 0x5D, 0xDF, 0x5D, 0xDF, 0x5D, 0xDF, 0x5D, 0xDF, 0x5D, 0xDF, 0x5D, 0xDF,
    0x5D, 0xDF, 0x5D, 0xE7, 0x7D, 0xE7, 0x7D, 0xE7, 0x5D, 0xE7, 0x5D, 0xE7, 0x5D, 0xE7, 0x7D, 0xE7,
    0x7D, 0xE7, 0x7D, 0xE7, 0x5D, 0xE7, 0x5D, 0xE7, 0x5D, 0xE7, 0x5D, 0xE7, 0x5D, 0xE7, 0x5D, 0xE7,
    0x5D, 0xE7, 0x5D, 0xEF, 0x5D, 0xEF, 0x5C, 0xEF, 0x5C, 0xEF, 0x7C, 0xEF, 0x7C, 0xEF, 0x7C, 0xEF,
    0x5C, 0xEF, 0x5C, 0xEF, 0x5C, 0xEF, 0x5C, 0xEF, 0x5C, 0xEF, 0x7C, 0xEF, 0x7C, 0xEF, 0x7C, 0xEF,
    0x5C, 0xF7, 0x5C, 0xF7, 0x5C, 0xF7, 0x7C, 0xF7, 0x7C, 0xF7, 0x7C, 0xF7, 0x7C, 0xF7, 0x7C, 0xF7,
    0x7C, 0xF7, 0x7C, 0xF7, 0x5C, 0xF7, 0x7C, 0xF7, 0x7C, 0xF7, 0x5C, 0xF7, 0x7C, 0xF7, 0x7C, 0xF7,
    0x7C, 0xF7, 0x7C, 0xF7, 0x7C, 0xF7, 0x7C, 0xF7, 0x7C, 0xF7, 0x7C, 0xF7, 0x7C, 0xF7, 0x7C, 0xF7,
    0x7C, 0xF7, 0x7C, 0xF7, 0x7C, 0xF7, 0x5C, 0xF7, 0x5C, 0xF7, 0x5C, 0xF7, 0x7C, 0xF7, 0x7C, 0xF7,
    0x7C, 0xF7, 0x7C, 0xFF, 0x7C, 0xFF, 0x7C, 0xFF, 0x7C, 0xFF, 0x7C, 0xFF, 0x7C, 0xFF, 0x7C, 0xFF,
    0x7C, 0xFF, 0x7C, 0xFF, 0x7C, 0xF7, 0x7C, 0xF7, 0x3E, 0xCF, 0x3E, 0xCF, 0x3E, 0xCF, 0x3E, 0xCF,
    0x3E, 0xCF, 0x3E, 0xCF, 0x3E, 0xCF, 0x3E, 0xCF, 0x3E, 0xCF, 0x3E, 0xCF, 0x3E, 0xCF, 0x3E, 0xCF,
    0x3E, 0xCF, 0x3E, 0xCF, 0x3E, 0xCF, 0x3E, 0xCF, 0x3E, 0xCF, 0x3E, 0xCF, 0x3E, 0xCF, 0x3E, 0xCF,
    0x3E, 0xCF, 0x3E, 0xCF, 0x3E, 0xCF, 0x3E, 0xCF, 0x3E, 0xCF, 0x3E, 0xCF, 0x3E, 0xD7, 0x3E, 0xD7,
    0x3E, 0xD7, 0x3E, 0xD7, 0x3E, 0xD7, 0x3E, 0xD7, 0x3E, 0xD7, 0x3E, 0xD7, 0x3E, 0xD7, 0x3E, 0xD7,
    0x5E, 0xD7, 0x5E, 0xD7, 0x5E, 0xD7, 0x5E, 0xD7, 0x5E, 0xD7, 0x5E, 0xD7, 0x5E, 0xD7, 0x5E, 0xD7,
    0x5E, 0xD7, 0x5E, 0xD7, 0x5E, 0xD7, 0x5E, 0xD7, 0x5E, 0xD7, 0x5E, 0xD7, 0x5E, 0xD7, 0x5E, 0xD7,
    0x5E, 0xDF, 0x5E, 0xDF, 0x5E, 0xDF, 0x5E, 0xDF, 0x5D, 0xDF, 0x5D, 0xDF, 0x5D, 0xDF, 0x5D, 0xDF,
    0x5D, 0xDF, 0x5D, 0xDF, 0x5D, 0xDF, 0x5D, 0xDF, 0x5D, 0xDF, 0x5D, 0xE7, 0x7D, 0xE7, 0x5D, 0xE7,
    0x5D, 0xE7, 0x5D, 0xE7, 0x5D, 0xE7, 0x7D, 0xE7, 0x7D, 0xE7, 0x7D, 0xE7, 0x5D, 0xE7, 0x5D, 0xE7,
    0x5D, 0xE7, 0x5D, 0xE7, 0x5D, 0xE7, 0x5D, 0xE7, 0x5D, 0xE7, 0x5D, 0xEF, 0x5D, 0xEF, 0x5C, 0xEF,
    0x5C, 0xEF, 0x7C, 0xEF, 0x7C, 0xEF, 0x7C, 0xEF, 0x5C, 0xEF, 0x5C, 0xEF, 0x5C, 0xEF, 0x5C, 0xEF,
    0x5C, 0xEF, 0x7C, 0xEF, 0x7C, 0xEF, 0x7C, 0xEF, 0x5C, 0xF7, 0x5C, 0xF7, 0x5C, 0xF7, 0x7C, 0xF7,
    0x7C, 0xF7, 0x7C, 0xF7, 0x7C, 0xF7, 0x7C, 0xF7, 0x7C, 0xF7, 0x7C, 0xF7, 0x7C, 0xF7, 0x7C, 0xF7,
    0x7C, 0xF7, 0x5C, 0xF7, 0x7C, 0xF7, 0x7C, 0xF7, 0x7C, 0xF7, 0x7C, 0xF7, 0x7C, 0xF7, 0x7C, 0xF7,
    0x7C, 0xF7, 0x7C, 0xF7, 0x7C, 0xF7, 0x7C, 0xF7, 0x7C, 0xF7, 0x7C, 0xF7, 0x7C, 0xF7, 0x7C, 0xF7,
    0x5C, 0xF7, 0x5C, 0xF7, 0x7C, 0xF7, 0x7C, 0xF7, 0x7C, 0xF7, 0x7C, 0xFF, 0x7C, 0xF7, 0x7C, 0xFF,
    0x7C, 0xFF, 0x7C, 0xFF, 0x7C, 0xFF, 0x7C, 0xFF, 0x7C, 0xFF, 0x7C, 0xFF, 0x7C, 0xF7, 0x5C, 0xF7,
    0x3E, 0xCF, 0x3E, 0xCF, 0x3E, 0xCF, 0x3E, 0xCF, 0x3E, 0xCF, 0x3E, 0xCF, 0x3E, 0xCF, 0x3E, 0xCF,
    0x3E, 0xCF, 0x3E, 0xCF, 0x3E, 0xCF, 0x3E, 0xCF, 0x3E, 0xCF, 0x3E, 0xCF, 0x3E, 0xCF, 0x3E, 0xCF,
    0x3E, 0xCF, 0x3E, 0xCF, 0x3E, 0xCF, 0x3E, 0xCF, 0x3E, 0xCF, 0x3E, 0xCF, 0x3E, 0xCF, 0x3E, 0xCF,
    0x3E, 0xCF, 0x3E, 0xCF, 0x3E, 0xCF, 0x3E, 0xD7, 0x3E, 0xD7, 0x3E, 0xD7, 0x3E, 0xD7, 0x3E, 0xD7,
    0x3E, 0xD7, 0x3E, 0xD7, 0x3E, 0xD7, 0x3E, 0xD7, 0x5E, 0xD7, 0x5E, 0xD7, 0x5E, 0xD7, 0x5E, 0xD7,
    0x5E, 0xD7, 0x5E, 0xD7, 0x5E, 0xD7, 0x5E, 0xD7, 0x5E, 0xD7, 0x5E, 0xD7, 0x5E, 0xD7, 0x5E, 0xD7,
    0x5E, 0xD7, 0x5E, 0xD7, 0x5E, 0xD7, 0x5E, 0xDF, 0x5E, 0xDF, 0x5E, 0xDF, 0x5E, 0xDF, 0x5D, 0xDF,
    0x5D, 0xDF, 0x5D, 0xDF, 0x5D, 0xDF, 0x5D, 0xDF, 0x5D, 0xDF, 0x5D, 0xDF, 0x5D, 0xDF, 0x5D, 0xDF,
    0x5D, 0xDF, 0x5D, 0xE7, 0x5D, 0xE7, 0x5D, 0xE7, 0x5D, 0xE7, 0x5D, 0xE7, 0x5D, 0xE7, 0x7D, 0xE7,
    0x7D, 0xE7, 0x7D, 0xE7, 0x5D, 0xE7, 0x5D, 0xE7, 0x5D, 0xE7, 0x5D, 0xE7, 0x5D, 0xE7, 0x5D, 0xE7,
    0x5D, 0xE7, 0x5D, 0xEF, 0x5D, 0xEF, 0x5C, 0xEF, 0x5C, 0xEF, 0x7C, 0xEF, 0x7C, 0xEF, 0x5C, 0xEF,
    0x5C, 0xEF, 0x5C, 0xEF, 0x5C, 0xEF, 0x5C, 0xEF, 0x5C, 0xEF, 0x7C, 0xEF, 0x7C, 0xEF, 0x7C, 0xF7,
    0x5C, 0xF7, 0x5C, 0xF7, 0x5C, 0xF7, 0x5C, 0xF7, 0x7C, 0xF7, 0x7C, 0xF7, 0x7C, 0xF7, 0x7C, 0xF7,
    0x7C, 0xF7, 0x7C, 0xF7, 0x7C, 0xF7, 0x7C, 0xF7, 0x5C, 0xF7, 0x5C, 0xF7, 0x7C, 0xF7, 0x7C, 0xF7,
    0x7C, 0xF7, 0x7C, 0xF7, 0x7C, 0xF7, 0x7C, 0xF7, 0x7C, 0xF7, 0x7C, 0xF7, 0x7C, 0xF7, 0x7C, 0xF7,
    0x7C, 0xF7, 0x7C, 0xF7, 0x7C, 0xF7, 0x7C, 0xF7, 0x5C, 0xF7, 0x5C, 0xF7, 0x7C, 0xF7, 0x7C, 0xF7,
    0x7C, 0xF7, 0x7C, 0xF7, 0x7C, 0xFF, 0x7C, 0xFF, 0x7C, 0xFF, 0x7C, 0xFF, 0x7C, 0xFF, 0x7C, 0xFF,
    0x7C, 0xFF, 0x7C, 0xFF, 0x7C, 0xF7, 0x7C, 0xF7, 0x3E, 0xD7, 0x3E, 0xCF, 0x3E, 0xCF, 0x3E, 0xCF,
    0x3E, 0xCF, 0x3E, 0xCF, 0x3E, 0xCF, 0x3E, 0xCF, 0x3E, 0xCF, 0x3E, 0xCF, 0x3E, 0xCF, 0x3E, 0xCF,
    0x3E, 0xCF, 0x3E, 0xCF, 0x3E, 0xCF, 0x3E, 0xCF, 0x3E, 0xCF, 0x3E, 0xCF, 0x3E, 0xCF, 0x3E, 0xCF,
    0x3E, 0xCF, 0x3E, 0xCF, 0x3E, 0xCF, 0x3E, 0xD7, 0x3E, 0xCF, 0x3E, 0xCF, 0x3E, 0xCF, 0x3E, 0xD7,
    0x3E, 0xD7, 0x3E, 0xD7, 0x3E, 0xD7, 0x3E, 0xD7, 0x3E, 0xD7, 0x3E, 0xD7, 0x5E, 0xD7, 0x3E, 0xD7,
    0x5E, 0xD7, 0x5E, 0xD7, 0x5E, 0xD7, 0x5E, 0xD7, 0x5E, 0xD7, 0x5E, 0xD7, 0x5E, 0xD7, 0x5E, 0xD7,
    0x5E, 0xD7, 0x5E, 0xD7, 0x5E, 0xD7, 0x5E, 0xD7, 0x5E, 0xD7, 0x5E, 0xD7, 0x5E, 0xD7, 0x5E, 0xDF,
    0x5E, 0xDF, 0x5E, 0xDF, 0x5E, 0xDF, 0x5E, 0xDF, 0x5D, 0xDF, 0x5D, 0xDF, 0x5D, 0xDF, 0x5D, 0xDF,
    0x5D, 0xDF, 0x5D, 0xDF, 0x5D, 0xDF, 0x5D, 0xDF, 0x5D, 0xDF, 0x5D, 0xE7, 0x5D, 0xE7, 0x5D, 0xE7,
    0x5D, 0xE7, 0x5D, 0xE7, 0x5D, 0xE7, 0x7D, 0xE7, 0x7D, 0xE7, 0x7D, 0xE7, 0x5D, 0xE7, 0x5D, 0xE7,
    0x5D, 0xE7, 0x5D, 0xE7, 0x5D, 0xE7, 0x5D, 0xE7, 0x5D, 0xE7, 0x5D, 0xEF, 0x5C, 0xEF, 0x5C, 0xE7,
    0x5C, 0xE7, 0x5C, 0xEF, 0x5C, 0xEF, 0x5C, 0xEF, 0x5C, 0xEF, 0x5C, 0xEF, 0x5C, 0xEF, 0x5C, 0xEF,
    0x5C, 0xEF, 0x7C, 0xEF, 0x7C, 0xEF, 0x7C, 0xEF, 0x5C, 0xF7, 0x5C, 0xF7, 0x5C, 0xF7, 0x5C, 0xF7,
    0x5C, 0xF7, 0x7C, 0xF7, 0x7C, 0xF7, 0x7C, 0xF7, 0x7C, 0xF7, 0x7C, 0xF7, 0x7C, 0xF7, 0x7C, 0xF7,
    0x5C, 0xF7, 0x5C, 0xF7, 0x7C, 0xF7, 0x7C, 0xF7, 0x7C, 0xF7, 0x7C, 0xF7, 0x7C, 0xF7, 0x7C, 0xF7,
    0x7C, 0xF7, 0x7C, 0xF7, 0x7C, 0xF7, 0x7C, 0xF7, 0x7C, 0xF7, 0x7C, 0xF7, 0x7C, 0xF7, 0x5C, 0xF7,
    0x5C, 0xF7, 0x5C, 0xF7, 0x7C, 0xF7, 0x7C, 0xF7, 0x7C, 0xF7, 0x7C, 0xF7, 0x7C, 0xFF, 0x7C, 0xFF,
    0x7C, 0xFF, 0x7C, 0xFF, 0x7C, 0xFF, 0x7C, 0xFF, 0x7C, 0xFF, 0x7C, 0xFF, 0x7C, 0xF7, 0x7C, 0xF7,
    0x3E, 0xCF, 0x3E, 0xCF, 0x3E, 0xCF, 0x3E, 0xCF, 0x3E, 0xCF, 0x3E, 0xCF, 0x3E, 0xCF, 0x3E, 0xCF,
    0x3E, 0xCF, 0x3E, 0xCF, 0x3E, 0xCF, 0x3E, 0xCF, 0x3E, 0xCF, 0x3E, 0xCF, 0x3E, 0xCF, 0x3E, 0xCF,
    0x3E, 0xCF, 0x3E, 0xCF, 0x3E, 0xCF, 0x3E, 0xCF, 0x3E, 0xCF, 0x3E, 0xCF, 0x3E, 0xCF, 0x3E, 0xD7,
    0x3E, 0xD7, 0x3E, 0xD7, 0x3E, 0xD7, 0x3E, 0xD7, 0x3E, 0xD7, 0x3E, 0xD7, 0x3E, 0xD7, 0x3E, 0xD7,
    0x3E, 0xD7, 0x5E, 0xD7, 0x3E, 0xD7, 0x5E, 0xD7, 0x5E, 0xD7, 0x5E, 0xD7, 0x5E, 0xD7, 0x5E, 0xD7,
    0x5E, 0xD7, 0x5E, 0xD7, 0x5E, 0xD7, 0x5E, 0xD7, 0x5E, 0xD7, 0x5E, 0xD7, 0x5E, 0xD7, 0x5E, 0xD7,
    0x5E, 0xD7, 0x5E, 0xD7, 0x5E, 0xD7, 0x5E, 0xDF, 0x5E, 0xDF, 0x5E, 0xDF, 0x5E, 0xDF, 0x5D, 0xDF,
    0x5D, 0xDF, 0x5D, 0xDF, 0x5D, 0xDF, 0x5E, 0xDF, 0x5D, 0xDF, 0x5D, 0xDF, 0x5D, 0xDF, 0x5D, 0xDF,
    0x5D, 0xDF, 0x5D, 0xE7, 0x5D, 0xE7, 0x5D, 0xE7, 0x5D, 0xE7, 0x5D, 0xE7, 0x7D, 0xE7, 0x7D, 0xE7,
    0x7D, 0xE7, 0x7D, 0xE7, 0x5D, 0xE7, 0x5D, 0xE7, 0x5D, 0xE7, 0x5D, 0xE7, 0x5D, 0xE7, 0x5D, 0xE7,
    0x5D, 0xE7, 0x5C, 0xE7, 0x7D, 0xEF, 0xBE, 0xF7, 0xDE, 0xF7, 0xDE, 0xF7, 0xDE, 0xF7, 0xBD, 0xF7,
    0x9D, 0xF7, 0x7D, 0xEF, 0x5C, 0xEF, 0x5C, 0xEF, 0x5C, 0xEF, 0x7C, 0xEF, 0x7C, 0xEF, 0x7C, 0xEF,
    0x5C, 0xF7, 0x5C, 0xF7, 0x5C, 0xF7, 0x5C, 0xF7, 0x7C, 0xF7, 0x7C, 0xF7, 0x7C, 0xF7, 0x7C, 0xF7,
    0x7C, 0xF7, 0x7C, 0xF7, 0x7C, 0xF7, 0x7C, 0xF7, 0x7C, 0xF7, 0x7C, 0xF7, 0x7C, 0xF7, 0x7C, 0xF7,
    0x7C, 0xF7, 0x7C, 0xF7, 0x7C, 0xF7, 0x7C, 0xF7, 0x7C, 0xF7, 0x7C, 0xF7, 0x7C, 0xF7, 0x7C, 0xF7,
    0x7C, 0xF7, 0x5C, 0xF7, 0x5C, 0xF7, 0x5C, 0xF7, 0x5C, 0xF7, 0x5C, 0xF7, 0x5C, 0xF7, 0x5C, 0xF7,
    0x7C, 0xF7, 0x7C, 0xF7, 0x7C, 0xFF, 0x7C, 0xFF, 0x7C, 0xFF, 0x7C, 0xFF, 0x7C, 0xFF, 0x7C, 0xFF,
    0x7C, 0xFF, 0x7C, 0xFF, 0x7C, 0xFF, 0x7C, 0xF7, 0x3E, 0xD7, 0x3E, 0xCF, 0x3E, 0xCF, 0x3E, 0xCF,
    0x3E, 0xCF, 0x3E, 0xCF, 0x3E, 0xCF, 0x3E, 0xCF, 0x3E, 0xCF, 0x3E, 0xCF, 0x3E, 0xCF, 0x3E, 0xCF,
    0x3E, 0xCF, 0x3E, 0xCF, 0x3E, 0xCF, 0x3E, 0xCF, 0x3E, 0xCF, 0x3E, 0xCF, 0x3E, 0xCF, 0x3E, 0xCF,
    0x3E, 0xD7, 0x3E, 0xD7, 0x3E, 0xD7, 0x3E, 0xD7, 0x3E, 0xD7, 0x3E, 0xD7, 0x3E, 0xD7, 0x3E, 0xD7,
    0x3E, 0xD7, 0x3E, 0xD7, 0x3E, 0xD7, 0x3E, 0xD7, 0x3E, 0xD7, 0x3E, 0xD7, 0x5E, 0xD7, 0x5E, 0xD7,
    0x5E, 0xD7, 0x5E, 0xD7, 0x5E, 0xD7, 0x5E, 0xD7, 0x5E, 0xD7, 0x5E, 0xD7, 0x5E, 0xD7, 0x5E, 0xD7,
    0x5E, 0xD7, 0x5E, 0xD7, 0x5E, 0xD7, 0x5E, 0xD7, 0x5E, 0xD7, 0x5E, 0xD7, 0x5E, 0xDF, 0x5E, 0xDF,
    0x5E, 0xDF, 0x5E, 0xDF, 0x5E, 0xDF, 0x5D, 0xDF, 0x3D, 0xDF, 0x5D, 0xDF, 0x5E, 0xDF, 0x5E, 0xDF,
    0x5D, 0xDF, 0x5D, 0xDF, 0x5D, 0xDF, 0x5D, 0xDF, 0x5D, 0xE7, 0x5D, 0xE7, 0x5D, 0xE7, 0x5D, 0xE7,
    0x5D, 0xE7, 0x5D, 0xE7, 0x7D, 0xE7, 0x7D, 0xE7, 0x7D, 0xE7, 0x7D, 0xE7, 0x5D, 0xE7, 0x5D, 0xE7,
    0x5D, 0xE7, 0x5D, 0xE7, 0x5D, 0xE7, 0x5D, 0xE7, 0x9E, 0xEF, 0xBE, 0xF7, 0xFB, 0xDE, 0x55, 0xAD,
    0x31, 0x8C, 0xCF, 0x83, 0x51, 0x94, 0x55, 0xB5, 0x38, 0xCE, 0xFB, 0xE6, 0x7D, 0xEF, 0x9D, 0xF7,
    0x7C, 0xF7, 0x5C, 0xEF, 0x7C, 0xEF, 0x7C, 0xEF, 0x5C, 0xF7, 0x5C, 0xF7, 0x5C, 0xF7, 0x7C, 0xF7,
    0x7C, 0xF7, 0x7C, 0xF7, 0x7C, 0xF7, 0x7C, 0xF7, 0x7C, 0xF7, 0x7C, 0xF7, 0x7C, 0xF7, 0x7C, 0xF7,
    0x7C, 0xF7, 0x5C, 0xF7, 0x7C, 0xF7, 0x7C, 0xF7, 0x7C, 0xF7, 0x7C, 0xF7, 0x7C, 0xF7, 0x7C, 0xF7,
    0x7C, 0xF7, 0x7C, 0xF7, 0x7C, 0xF7, 0x7C, 0xF7, 0x7C, 0xF7, 0x5C, 0xF7, 0x5C, 0xF7, 0x5C, 0xF7,
    0x5C, 0xF7, 0x5C, 0xF7, 0x5C, 0xF7, 0x7C, 0xF7, 0x7C, 0xF7, 0x7C, 0xF7, 0x7C, 0xF7, 0x7C, 0xFF,
    0x7C, 0xFF, 0x7C, 0xFF, 0x7C, 0xFF, 0x7C, 0xFF, 0x7C, 0xFF, 0x7C, 0xFF, 0x7C, 0xFF, 0x7C, 0xF7,
    0x3E, 0xD7, 0x3E, 0xD7, 0x3E, 0xCF, 0x3E, 0xCF, 0x3E, 0xCF, 0x3E, 0xCF, 0x3E, 0xCF, 0x3E, 0xD7,
    0x3E, 0xCF, 0x3E, 0xCF, 0x3E, 0xCF, 0x3E, 0xCF, 0x3E, 0xCF, 0x3E, 0xCF, 0x3E, 0xCF, 0x3E, 0xCF,
    0x3E, 0xCF, 0x3E, 0xCF, 0x3E, 0xD7, 0x3E, 0xD7, 0x3E, 0xD7, 0x3E, 0xD7, 0x3E, 0xD7, 0x3E, 0xD7,
    0x3E, 0xD7, 0x3E, 0xD7, 0x3E, 0xD7, 0x3E, 0xD7, 0x3E, 0xD7, 0x3E, 0xD7, 0x3E, 0xD7, 0x3E, 0xD7,
    0x3E, 0xD7, 0x3E, 0xD7, 0x5E, 0xD7, 0x5E, 0xD7, 0x5E, 0xD7, 0x5E, 0xD7, 0x3E, 0xD7, 0x3E, 0xD7,
    0x5E, 0xD7, 0x5E, 0xD7, 0x5E, 0xD7, 0x5E, 0xD7, 0x5E, 0xD7, 0x5E, 0xD7, 0x5E, 0xD7, 0x5E, 0xD7,
    0x5E, 0xD7, 0x5E, 0xD7, 0x5E, 0xDF, 0x5E, 0xDF, 0x5E, 0xDF, 0x5E, 0xDF, 0x5D, 0xDF, 0x5D, 0xDF,
    0x3D, 0xDF, 0x5D, 0xDF, 0x5D, 0xDF, 0x5D, 0xDF, 0x5D, 0xDF, 0x5D, 0xDF, 0x5D, 0xDF, 0x5D, 0xDF,
    0x5D, 0xE7, 0x5D, 0xE7, 0x5D, 0xE7, 0x5D, 0xE7, 0x5D, 0xE7, 0x5D, 0xE7, 0x7D, 0xE7, 0x7D, 0xE7,
    0x7D, 0xE7, 0x7D, 0xE7, 0x5D, 0xE7, 0x5D, 0xE7, 0x5D, 0xE7, 0x5D, 0xE7, 0xBE, 0xF7, 0x5D, 0xE7,
    0x39, 0xC6, 0x72, 0x94, 0x2A, 0x4A, 0x06, 0x29, 0x05, 0x29, 0xA4, 0x20, 0x62, 0x18, 0xE4, 0x28,
    0xC7, 0x49, 0x69, 0x5A, 0x6D, 0x7B, 0x54, 0xB5, 0x3C, 0xEF, 0x9D, 0xF7, 0x5C, 0xEF, 0x5C, 0xEF,
    0x5C, 0xF7, 0x5C, 0xF7, 0x5C, 0xF7, 0x5C, 0xF7, 0x7C, 0xF7, 0x7C, 0xF7, 0x7C, 0xF7, 0x7C, 0xF7,
    0x7C, 0xF7, 0x7C, 0xF7, 0x7C, 0xF7, 0x7C, 0xF7, 0x7C, 0xF7, 0x7C, 0xF7, 0x7C, 0xF7, 0x7C, 0xF7,
    0x7C, 0xF7, 0x7C, 0xF7, 0x7C, 0xF7, 0x7C, 0xF7, 0x7C, 0xF7, 0x7C, 0xF7, 0x7C, 0xF7, 0x7C, 0xF7,
    0x7C, 0xF7, 0x5C, 0xF7, 0x5C, 0xF7, 0x5C, 0xF7, 0x5C, 0xF7, 0x5C, 0xFF, 0x5C, 0xF7, 0x7C, 0xF7,
    0x7C, 0xF7, 0x7C, 0xF7, 0x7C, 0xF7, 0x7C, 0xFF, 0x7C, 0xFF, 0x7C, 0xFF, 0x7C, 0xFF, 0x7C, 0xFF,
    0x7C, 0xFF, 0x7C, 0xFF, 0x7C, 0xFF, 0x7C, 0xF7, 0x3E, 0xD7, 0x3E, 0xD7, 0x3E, 0xD7, 0x3E, 0xD7,
    0x3E, 0xD7, 0x3E, 0xD7, 0x3E, 0xD7, 0x3E, 0xD7, 0x3E, 0xD7, 0x3E, 0xCF, 0x3E, 0xCF, 0x3E, 0xD7,
    0x3E, 0xD7, 0x3E, 0xD7, 0x3E, 0xCF, 0x3E, 0xD7, 0x3E, 0xD7, 0x3E, 0xD7, 0x3E, 0xD7, 0x3E, 0xD7,
    0x3E, 0xD7, 0x3E, 0xD7, 0x3E, 0xD7, 0x3E, 0xD7, 0x3E, 0xD7, 0x3E, 0xD7, 0x3E, 0xD7, 0x3E, 0xD7,
    0x3E, 0xD7, 0x3E, 0xD7, 0x3E, 0xD7, 0x3E, 0xD7, 0x5E, 0xD7, 0x5E, 0xD7, 0x5E, 0xD7, 0x5E, 0xD7,
    0x5E, 0xD7, 0x5E, 0xD7, 0x3E, 0xD7, 0x3E, 0xD7, 0x5E, 0xD7, 0x5E, 0xD7, 0x5E, 0xD7, 0x5E, 0xD7,
    0x5E, 0xD7, 0x5E, 0xD7, 0x5E, 0xD7, 0x5E, 0xD7, 0x5E, 0xD7, 0x5E, 0xDF, 0x5E, 0xDF, 0x5E, 0xDF,
    0x5E, 0xDF, 0x5E, 0xDF, 0x5D, 0xDF, 0x5D, 0xDF, 0x5D, 0xDF, 0x5D, 0xDF, 0x5D, 0xDF, 0x5D, 0xDF,
    0x5D, 0xDF, 0x5D, 0xDF, 0x5D, 0xDF, 0x5D, 0xDF, 0x5D, 0xE7, 0x5D, 0xE7, 0x5D, 0xE7, 0x5D, 0xE7,
    0x5D, 0xE7, 0x5D, 0xE7, 0x7D, 0xE7, 0x7D, 0xE7, 0x7D, 0xE7, 0x5D, 0xE7, 0x5D, 0xE7, 0x5D, 0xE7,
    0x7D, 0xEF, 0x7D, 0xEF, 0x56, 0xAD, 0x8C, 0x52, 0x47, 0x31, 0x06, 0x29, 0x05, 0x29, 0x05, 0x29,
    0x05, 0x29, 0x46, 0x39, 0xA7, 0x41, 0x45, 0x39, 0x45, 0x31, 0x08, 0x52, 0x69, 0x62, 0x69, 0x62,
    0xCE, 0x8B, 0x1B, 0xE7, 0x7C, 0xEF, 0x3C, 0xEF, 0x5C, 0xF7, 0x5C, 0xF7, 0x5C, 0xF7, 0x5C, 0xF7,
    0x7C, 0xF7, 0x7C, 0xF7, 0x7C, 0xF7, 0x7C, 0xF7, 0x7C, 0xF7, 0x7C, 0xF7, 0x7C, 0xF7, 0x7C, 0xF7,
    0x7C, 0xF7, 0x7C, 0xF7, 0x7C, 0xF7, 0x7C, 0xF7, 0x7C, 0xF7, 0x7C, 0xF7, 0x7C, 0xF7, 0x7C, 0xF7,
    0x7C, 0xF7, 0x7C, 0xF7, 0x7C, 0xF7, 0x7C, 0xF7, 0x7C, 0xF7, 0x7C, 0xF7, 0x5C, 0xF7, 0x5C, 0xF7,
    0x5C, 0xF7, 0x5C, 0xF7, 0x7C, 0xF7, 0x7C, 0xF7, 0x7C, 0xF7, 0x7C, 0xFF, 0x7C, 0xFF, 0x7C, 0xFF,
    0x7C, 0xFF, 0x7C, 0xFF, 0x7C, 0xFF, 0x7C, 0xFF, 0x7C, 0xFF, 0x7C, 0xFF, 0x7C, 0xF7, 0x7C, 0xF7,
    0x3E, 0xD7, 0x3E, 0xD7, 0x3E, 0xD7, 0x3E, 0xD7, 0x3E, 0xD7, 0x3E, 0xD7, 0x3E, 0xD7, 0x3E, 0xD7,
    0x3E, 0xD7, 0x3E, 0xD7, 0x3E, 0xD7, 0x3E, 0xD7, 0x3E, 0xD7, 0x3E, 0xD7, 0x3E, 0xD7, 0x3E, 0xD7,
    0x3E, 0xD7, 0x3E, 0xD7, 0x3E, 0xD7, 0x3E, 0xD7, 0x3E, 0xD7, 0x3E, 0xD7, 0x3E, 0xD7, 0x3E, 0xD7,
    0x3E, 0xD7, 0x3E, 0xD7, 0x3E, 0xD7, 0x3E, 0xD7, 0x3E, 0xD7, 0x3E, 0xD7, 0x3E, 0xD7, 0x3E, 0xD7,
    0x5E, 0xD7, 0x5E, 0xD7, 0x5E, 0xD7, 0x5E, 0xD7, 0x5E, 0xD7, 0x5E, 0xD7, 0x5D, 0xDF, 0x5D, 0xDF,
    0x5E, 0xD7, 0x5E, 0xD7, 0x5E, 0xD7, 0x5E, 0xD7, 0x5E, 0xD7, 0x5E, 0xD7, 0x5E, 0xD7, 0x5E, 0xD7,
    0x5E, 0xDF, 0x5E, 0xDF, 0x5E, 0xDF, 0x5E, 0xDF, 0x5E, 0xDF, 0x5E, 0xDF, 0x5D, 0xDF, 0x5D, 0xDF,
    0x5D, 0xDF, 0x5D, 0xDF, 0x5D, 0xDF, 0x5D, 0xDF, 0x5D, 0xDF, 0x5D, 0xDF, 0x5D, 0xDF, 0x5D, 0xE7,
    0x5D, 0xE7, 0x5D, 0xE7, 0x5D, 0xE7, 0x5D, 0xE7, 0x5D, 0xE7, 0x5D, 0xE7, 0x7D, 0xE7, 0x7D, 0xE7,
    0x7D, 0xE7, 0x5D, 0xE7, 0x5D, 0xE7, 0x5D, 0xE7, 0x3C, 0xE7, 0x6F, 0x73, 0xC6, 0x18, 0x84, 0x10,
    0x63, 0x10, 0xA4, 0x18, 0xE5, 0x20, 0xC4, 0x20, 0xE4, 0x20, 0x04, 0x29, 0x86, 0x41, 0x69, 0x62,
    0x28, 0x5A, 0x48, 0x5A, 0x69, 0x62, 0x89, 0x6A, 0x48, 0x62, 0xD2, 0xAC, 0xFE, 0xFF, 0xBD, 0xFF,
    0x9D, 0xFF, 0x5C, 0xF7, 0x5C, 0xF7, 0x5C, 0xF7, 0x5C, 0xF7, 0x7C, 0xF7, 0x5C, 0xF7, 0x7C, 0xF7,
    0x7C, 0xF7, 0x7C, 0xF7, 0x7C, 0xF7, 0x7C, 0xF7, 0x7C, 0xF7, 0x7C, 0xF7, 0x7C, 0xF7, 0x7C, 0xF7,
    0x7C, 0xF7, 0x7C, 0xF7, 0x7C, 0xF7, 0x7C, 0xF7, 0x7C, 0xF7, 0x7C, 0xF7, 0x7C, 0xF7, 0x7C, 0xF7,
    0x7C, 0xF7, 0x7C, 0xF7, 0x5C, 0xF7, 0x5C, 0xF7, 0x5C, 0xF7, 0x7C, 0xF7, 0x7C, 0xF7, 0x7C, 0xF7,
    0x7C, 0xF7, 0x7C, 0xFF, 0x7C, 0xFF, 0x7C, 0xFF, 0x7C, 0xFF, 0x7C, 0xFF, 0x7C, 0xFF, 0x7C, 0xFF,
    0x7C, 0xFF, 0x7C, 0xFF, 0x7C, 0xF7, 0x7C, 0xF7, 0x3E, 0xD7, 0x3E, 0xD7, 0x3E, 0xD7, 0x3E, 0xD7,
    0x3E, 0xD7, 0x3E, 0xD7, 0x3E, 0xD7, 0x3E, 0xD7, 0x3E, 0xD7, 0x3E, 0xD7, 0x3E, 0xD7, 0x3E, 0xD7,
    0x3E, 0xD7, 0x3E, 0xD7, 0x3E, 0xD7, 0x3E, 0xD7, 0x3E, 0xD7, 0x3E, 0xD7, 0x3E, 0xD7, 0x3E, 0xD7,
    0x3E, 0xD7, 0x3E, 0xD7, 0x3E, 0xD7, 0x3E, 0xD7, 0x3E, 0xD7, 0x3E, 0xD7, 0x3E, 0xD7, 0x3E, 0xD7,
    0x3E, 0xD7, 0x3E, 0xD7, 0x3E, 0xD7, 0x3E, 0xD7, 0x5E, 0xD7, 0x5E, 0xD7, 0x5E, 0xD7, 0x5E, 0xD7,
    0x5E, 0xD7, 0x1C, 0xDF, 0xF7, 0xF6, 0x18, 0xF7, 0x3D, 0xDF, 0x5E, 0xD7, 0x5D, 0xD7, 0x5E, 0xD7,
    0x5E, 0xD7, 0x5E, 0xD7, 0x5E, 0xD7, 0x5E, 0xD7, 0x5E, 0xDF, 0x5E, 0xDF, 0x5E, 0xDF, 0x5E, 0xDF,
    0x5E, 0xDF, 0x5D, 0xDF, 0x5D, 0xDF, 0x5D, 0xDF, 0x5D, 0xDF, 0x5D, 0xDF, 0x5D, 0xDF, 0x5D, 0xDF,
    0x5D, 0xDF, 0x5D, 0xDF, 0x5D, 0xDF, 0x5D, 0xE7, 0x5D, 0xE7, 0x5D, 0xE7, 0x5D, 0xE7, 0x5D, 0xE7,
    0x5D, 0xE7, 0x7D, 0xE7, 0x7D, 0xE7, 0x7D, 0xE7, 0x5D, 0xE7, 0x5D, 0xE7, 0x5D, 0xE7, 0xDE, 0xF7,
    0x15, 0xA5, 0x27, 0x29, 0x26, 0x29, 0x05, 0x21, 0xC4, 0x18, 0x62, 0x08, 0x42, 0x08, 0xE4, 0x20,
    0x65, 0x39, 0xC6, 0x49, 0x08, 0x52, 0x48, 0x5A, 0xA9, 0x6A, 0x07, 0x52, 0x86, 0x41, 0x86, 0x41,
    0xE7, 0x51, 0xCB, 0x72, 0x14, 0xAD, 0xF3, 0xAC, 0x17, 0xCE, 0x5C, 0xF7, 0x9D, 0xF7, 0x5C, 0xF7,
    0x5C, 0xF7, 0x5C, 0xF7, 0x5C, 0xF7, 0x5C, 0xF7, 0x5C, 0xF7, 0x7C, 0xF7, 0x7C, 0xF7, 0x7C, 0xF7,
    0x7C, 0xF7, 0x7C, 0xF7, 0x7C, 0xF7, 0x7C, 0xF7, 0x7C, 0xF7, 0x7C, 0xF7, 0x7C, 0xF7, 0x7C, 0xF7,
    0x7C, 0xF7, 0x7C, 0xF7, 0x7C, 0xF7, 0x7C, 0xF7, 0x7C, 0xF7, 0x5C, 0xF7, 0x7C, 0xF7, 0x5C, 0xF7,
    0x5C, 0xF7, 0x7C, 0xF7, 0x7C, 0xF7, 0x7C, 0xF7, 0x7C, 0xF7, 0x7C, 0xF7, 0x7C, 0xFF, 0x7C, 0xFF,
    0x7C, 0xFF, 0x7C, 0xFF, 0x7C, 0xFF, 0x7C, 0xFF, 0x7C, 0xFF, 0x7C, 0xFF, 0x7C, 0xF7, 0x7C, 0xF7,
    0x5E, 0xD7, 0x3E, 0xD7, 0x3E, 0xD7, 0x3E, 0xD7, 0x3E, 0xD7, 0x3E, 0xD7, 0x3E, 0xD7, 0x3E, 0xD7,
    0x3E, 0xD7, 0x3E, 0xD7, 0x3E, 0xD7, 0x3E, 0xD7, 0x3E, 0xD7, 0x3E, 0xD7, 0x3E, 0xD7, 0x3E, 0xD7,
    0x3E, 0xD7, 0x3E, 0xD7, 0x3E, 0xD7, 0x3E, 0xD7, 0x3E, 0xD7, 0x3E, 0xD7, 0x3E, 0xD7, 0x3E, 0xD7,
    0x3E, 0xD7, 0x3E, 0xD7, 0x3E, 0xD7, 0x3E, 0xD7, 0x3E, 0xD7, 0x3E, 0xD7, 0x5E, 0xD7, 0x5E, 0xD7,
    0x5E, 0xD7, 0x5E, 0xD7, 0x5E, 0xD7, 0x5E, 0xD7, 0x5E, 0xD7, 0xFB, 0xDE, 0x52, 0xF6, 0x93, 0xFE,
    0x3B, 0xE7, 0x5E, 0xD7, 0x5D, 0xD7, 0x5E, 0xD7, 0x5E, 0xD7, 0x5E, 0xD7, 0x5E, 0xDF, 0x5E, 0xDF,
    0x5D, 0xD7, 0x3D, 0xD7, 0x3D, 0xD7, 0x3D, 0xDF, 0x3D, 0xDF, 0x3D, 0xDF, 0x3D, 0xDF, 0x5D, 0xDF,
    0x5D, 0xDF, 0x5D, 0xDF, 0x5D, 0xDF, 0x5D, 0xDF, 0x5D, 0xDF, 0x5D, 0xE7, 0x5D, 0xDF, 0x5D, 0xE7,
    0x5D, 0xE7, 0x5D, 0xE7, 0x5D, 0xE7, 0x5D, 0xE7, 0x5D, 0xE7, 0x7D, 0xE7, 0x7D, 0xE7, 0x7D, 0xE7,
    0x5D, 0xE7, 0x7D, 0xE7, 0xBE, 0xEF, 0xF5, 0x9C, 0x68, 0x31, 0x26, 0x29, 0xE5, 0x20, 0xE4, 0x20,
    0xE4, 0x28, 0x04, 0x29, 0xC3, 0x20, 0x61, 0x10, 0x86, 0x41, 0xE6, 0x49, 0xC6, 0x49, 0x65, 0x41,
    0x44, 0x39, 0x85, 0x41, 0x03, 0x29, 0xC3, 0x28, 0xE3, 0x28, 0x66, 0x39, 0x87, 0x41, 0xE8, 0x51,
    0xAA, 0x6A, 0xEE, 0x93, 0x99, 0xDE, 0x9D, 0xFF, 0x5C, 0xF7, 0x5C, 0xF7, 0x5C, 0xF7, 0x7C, 0xF7,
    0x5C, 0xF7, 0x7C, 0xF7, 0x7C, 0xF7, 0x7C, 0xF7, 0x7C, 0xF7, 0x5C, 0xF7, 0x7C, 0xF7, 0x7C, 0xF7,
    0x7C, 0xF7, 0x7C, 0xF7, 0x7C, 0xF7, 0x7C, 0xF7, 0x7C, 0xF7, 0x5C, 0xF7, 0x5C, 0xF7, 0x7C, 0xF7,
    0x7C, 0xF7, 0x5C, 0xF7, 0x7C, 0xF7, 0x7C, 0xF7, 0x5C, 0xF7, 0x7C, 0xF7, 0x7C, 0xF7, 0x7C, 0xF7,
    0x7C, 0xF7, 0x7C, 0xF7, 0x7C, 0xF7, 0x7C, 0xFF, 0x7C, 0xFF, 0x7C, 0xFF, 0x7C, 0xFF, 0x7C, 0xFF,
    0x7C, 0xFF, 0x7C, 0xFF, 0x7C, 0xF7, 0x7C, 0xF7, 0x5E, 0xD7, 0x3E, 0xD7, 0x3E, 0xD7, 0x3E, 0xD7,
    0x3E, 0xD7, 0x3E, 0xD7, 0x3E, 0xD7, 0x3E, 0xD7, 0x3E, 0xD7, 0x3E, 0xD7, 0x3E, 0xD7, 0x3E, 0xD7,
    0x3E, 0xD7, 0x3E, 0xD7, 0x3E, 0xD7, 0x3E, 0xD7, 0x3E, 0xD7, 0x3E, 0xD7, 0x3E, 0xD7, 0x3E, 0xD7,
    0x3E, 0xD7, 0x3E, 0xD7, 0x3E, 0xD7, 0x3E, 0xD7, 0x3E, 0xD7, 0x3E, 0xD7, 0x3E, 0xD7, 0x3E, 0xD7,
    0x5E, 0xD7, 0x5E, 0xD7, 0x5E, 0xD7, 0x5E, 0xD7, 0x5E, 0xD7, 0x5E, 0xD7, 0x5E, 0xD7, 0x5E, 0xD7,
    0x5E, 0xD7, 0x1D, 0xD7, 0x98, 0xE6, 0xB8, 0xE6, 0x5D, 0xD7, 0x5E, 0xD7, 0x5E, 0xD7, 0x5E, 0xD7,
    0x5E, 0xD7, 0x5D, 0xD7, 0x3D, 0xD7, 0x5E, 0xDF, 0x7E, 0xDF, 0x9F, 0xE7, 0xBF, 0xE7, 0xBF, 0xE7,
    0x9F, 0xE7, 0x7E, 0xE7, 0x5E, 0xDF, 0x5E, 0xDF, 0x5D, 0xDF, 0x5D, 0xDF, 0x5D, 0xDF, 0x5D, 0xDF,
    0x5D, 0xDF, 0x5D, 0xDF, 0x5D, 0xE7, 0x5D, 0xE7, 0x5D, 0xE7, 0x5D, 0xE7, 0x5D, 0xE7, 0x5D, 0xE7,
    0x7D, 0xE7, 0x7D, 0xE7, 0x7D, 0xE7, 0x5D, 0xE7, 0x5D, 0xE7, 0x5D, 0xE7, 0x33, 0x84, 0xE6, 0x18,
    0xA4, 0x18, 0x83, 0x10, 0x62, 0x10, 0x62, 0x10, 0x83, 0x18, 0x44, 0x31, 0xE7, 0x49, 0xE3, 0x20,
    0x61, 0x10, 0x04, 0x31, 0xE3, 0x28, 0xE3, 0x28, 0x82, 0x18, 0xE3, 0x28, 0xA2, 0x20, 0x41, 0x10,
    0xC3, 0x20, 0x46, 0x39, 0xE7, 0x51, 0xCA, 0x72, 0xCA, 0x72, 0x07, 0x52, 0x89, 0x62, 0xBA, 0xE6,
    0x9D, 0xF7, 0x5C, 0xF7, 0x7C, 0xF7, 0x7C, 0xF7, 0x7C, 0xF7, 0x7C, 0xF7, 0x7C, 0xF7, 0x7C, 0xF7,
    0x7C, 0xF7, 0x7C, 0xF7, 0x5C, 0xF7, 0x3B, 0xDF, 0x5B, 0xE7, 0x7C, 0xF7, 0x7C, 0xF7, 0x7C, 0xF7,
    0x5C, 0xF7, 0x5C, 0xF7, 0x5C, 0xF7, 0x7C, 0xF7, 0x5C, 0xF7, 0x7C, 0xF7, 0x7C, 0xF7, 0x7C, 0xF7,
    0x7C, 0xF7, 0x5C, 0xF7, 0x7C, 0xF7, 0x7C, 0xF7, 0x7C, 0xF7, 0x7C, 0xF7, 0x7C, 0xF7, 0x7C, 0xFF,
    0x7C, 0xFF, 0x7C, 0xFF, 0x7C, 0xFF, 0x7C, 0xFF, 0x7C, 0xFF, 0x7C, 0xFF, 0x7C, 0xF7, 0x7C, 0xF7,
    0x5E, 0xD7, 0x3E, 0xD7, 0x3E, 0xD7, 0x3E, 0xD7, 0x3E, 0xD7, 0x3E, 0xD7, 0x3E, 0xD7, 0x3E, 0xD7,
    0x3E, 0xD7, 0x3E, 0xD7, 0x3E, 0xD7, 0x3E, 0xD7, 0x3E, 0xD7, 0x3E, 0xD7, 0x3E, 0xD7, 0x3E, 0xD7,
    0x3E, 0xD7, 0x3E, 0xD7, 0x3E, 0xD7, 0x3E, 0xD7, 0x3E, 0xD7, 0x3E, 0xD7, 0x5E, 0xD7, 0x5E, 0xD7,
    0x5E, 0xD7, 0x5E, 0xD7, 0x5E, 0xD7, 0x5E, 0xD7, 0x3E, 0xD7, 0x5E, 0xD7, 0x5E, 0xD7, 0x5E, 0xD7,
    0x5E, 0xD7, 0x5E, 0xD7, 0x5E, 0xD7, 0x5E, 0xD7, 0x5E, 0xD7, 0x5E, 0xD7, 0x5E, 0xD7, 0x5E, 0xD7,
    0x5D, 0xD7, 0x5E, 0xD7, 0x5E, 0xD7, 0x5E, 0xD7, 0x5D, 0xD7, 0x7E, 0xDF, 0xBF, 0xE7, 0x5E, 0xDF,
    0x9B, 0xC6, 0x97, 0xB5, 0x15, 0xA5, 0xB3, 0x9C, 0x15, 0xA5, 0xD8, 0xBD, 0xBB, 0xCE, 0x3D, 0xDF,
    0x7E, 0xDF, 0x5D, 0xDF, 0x5D, 0xDF, 0x5D, 0xDF, 0x5D, 0xDF, 0x5D, 0xE7, 0x5D, 0xE7, 0x5D, 0xE7,
    0x5D, 0xE7, 0x5D, 0xE7, 0x5D, 0xE7, 0x5D, 0xE7, 0x7D, 0xE7, 0x7D, 0xE7, 0x7D, 0xE7, 0x5D, 0xE7,
    0xBE, 0xEF, 0xB8, 0xB5, 0x69, 0x29, 0x88, 0x31, 0x05, 0x21, 0xC4, 0x18, 0xA3, 0x20, 0xC3, 0x20,
    0xA2, 0x18, 0xC3, 0x20, 0xC6, 0x49, 0x24, 0x31, 0x20, 0x00, 0x61, 0x10, 0x82, 0x20, 0x81, 0x18,
    0x82, 0x20, 0x81, 0x20, 0x61, 0x18, 0x41, 0x10, 0xA3, 0x20, 0x25, 0x31, 0xE7, 0x49, 0x48, 0x5A,
    0x07, 0x5A, 0x28, 0x5A, 0x24, 0x31, 0x2C, 0x73, 0x9D, 0xFF, 0x5C, 0xF7, 0x7C, 0xF7, 0x7C, 0xF7,
    0x7C, 0xF7, 0x7C, 0xF7, 0x7C, 0xF7, 0x7C, 0xF7, 0x1B, 0xDF, 0xFB, 0xC6, 0x1A, 0xCF, 0xF9, 0xBE,
    0x3A, 0xDF, 0x7C, 0xF7, 0x7C, 0xF7, 0x5C, 0xF7, 0x5C, 0xF7, 0x5C, 0xF7, 0x5C, 0xF7, 0x7C, 0xF7,
    0x7C, 0xF7, 0x7C, 0xF7, 0x7C, 0xF7, 0x7C, 0xF7, 0x7C, 0xF7, 0x7C, 0xF7, 0x7C, 0xF7, 0x5C, 0xF7,
    0x5C, 0xF7, 0x7C, 0xF7, 0x7C, 0xF7, 0x7C, 0xF7, 0x7C, 0xFF, 0x7C, 0xFF, 0x7C, 0xFF, 0x7C, 0xFF,
    0x7C, 0xFF, 0x7C, 0xFF, 0x7C, 0xF7, 0x7C, 0xF7, 0x5E, 0xD7, 0x3E, 0xD7, 0x3E, 0xD7, 0x3E, 0xD7,
    0x3E, 0xD7, 0x3E, 0xD7, 0x3E, 0xD7, 0x3E, 0xD7, 0x3E, 0xD7, 0x5E, 0xD7, 0x5E, 0xD7, 0x5E, 0xD7,
    0x5E, 0xD7, 0x5E, 0xD7, 0x5E, 0xD7, 0x5E, 0xD7, 0x5E, 0xD7, 0x3E, 0xD7, 0x3E, 0xD7, 0x3E, 0xD7,
    0x5E, 0xD7, 0x5E, 0xD7, 0x5E, 0xD7, 0x5E, 0xD7, 0x5E, 0xD7, 0x5E, 0xD7, 0x5E, 0xD7, 0x5E, 0xD7,
    0x5D, 0xDF, 0x3D, 0xDF, 0x5E, 0xD7, 0x3E, 0xD7, 0x3E, 0xD7, 0x3E, 0xD7, 0x5E, 0xD7, 0x5E, 0xD7,
    0x5E, 0xD7, 0x5E, 0xD7, 0x5D, 0xD7, 0x5E, 0xD7, 0x5E, 0xD7, 0x5E, 0xD7, 0x5D, 0xD7, 0x7E, 0xDF,
    0x9F, 0xE7, 0xBB, 0xCE, 0xB4, 0x94, 0xCD, 0x62, 0xC9, 0x41, 0x47, 0x39, 0x26, 0x39, 0x46, 0x39,
    0x87, 0x49, 0x08, 0x52, 0xCB, 0x6A, 0x72, 0x9C, 0x7A, 0xCE, 0x7E, 0xE7, 0x5D, 0xDF, 0x5D, 0xDF,
    0x5D, 0xDF, 0x5D, 0xE7, 0x5D, 0xE7, 0x5D, 0xE7, 0x5D, 0xE7, 0x5D, 0xE7, 0x5D, 0xE7, 0x5D, 0xE7,
    0x7D, 0xE7, 0x7D, 0xE7, 0x7D, 0xE7, 0x5D, 0xE7, 0xBE, 0xEF, 0x12, 0x7C, 0x07, 0x21, 0x83, 0x10,
    0x41, 0x08, 0x41, 0x08, 0x61, 0x10, 0xC3, 0x20, 0xA6, 0x49, 0x24, 0x31, 0x61, 0x10, 0xA2, 0x20,
    0x61, 0x18, 0x40, 0x08, 0x81, 0x20, 0x61, 0x18, 0x40, 0x18, 0x20, 0x10, 0x20, 0x10, 0x82, 0x18,
    0xC3, 0x20, 0x65, 0x39, 0x89, 0x62, 0x48, 0x62, 0x04, 0x31, 0x03, 0x29, 0xA7, 0x49, 0x45, 0x39,
    0x58, 0xD6, 0xBD, 0xFF, 0x5C, 0xF7, 0x7C, 0xF7, 0x7C, 0xF7, 0x7C, 0xF7, 0x5C, 0xF7, 0x7C, 0xF7,
    0xFB, 0xD6, 0x7A, 0xAE, 0xBA, 0xB6, 0xD9, 0xBE, 0x1A, 0xCF, 0x5B, 0xE7, 0x7C, 0xF7, 0x5C, 0xF7,
    0x5C, 0xF7, 0x5C, 0xF7, 0x5C, 0xF7, 0x7C, 0xF7, 0x7C, 0xF7, 0x7C, 0xF7, 0x7C, 0xF7, 0x7C, 0xF7,
    0x7C, 0xF7, 0x7C, 0xF7, 0x7C, 0xF7, 0x7C, 0xF7, 0x7C, 0xF7, 0x7C, 0xF7, 0x7C, 0xF7, 0x7C, 0xF7,
    0x7C, 0xFF, 0x7C, 0xFF, 0x7C, 0xFF, 0x7C, 0xFF, 0x7C, 0xFF, 0x7C, 0xF7, 0x7C, 0xF7, 0x7C, 0xF7,
    0x5E, 0xD7, 0x5E, 0xD7, 0x3E, 0xD7, 0x3E, 0xD7, 0x3E, 0xD7, 0x3E, 0xD7, 0x3E, 0xD7, 0x3E, 0xD7,
    0x5E, 0xD7, 0x5E, 0xD7, 0x5E, 0xD7, 0x5E, 0xD7, 0x5E, 0xD7, 0x5E, 0xD7, 0x5E, 0xD7, 0x3E, 0xD7,
    0x5E, 0xD7, 0x5E, 0xD7, 0x3E, 0xD7, 0x3E, 0xD7, 0x5E, 0xD7, 0x5E, 0xD7, 0x5E, 0xD7, 0x5E, 0xD7,
    0x5E, 0xD7, 0x5E, 0xD7, 0x5E, 0xD7, 0x5E, 0xD7, 0x19, 0xEF, 0x37, 0xF7, 0x5C, 0xDF, 0x5E, 0xD7,
    0x5E, 0xD7, 0x5E, 0xD7, 0x5E, 0xD7, 0x5E, 0xD7, 0x5E, 0xD7, 0x5E, 0xD7, 0x5E, 0xD7, 0x5E, 0xD7,
    0x5E, 0xD7, 0x3D, 0xD7, 0x9E, 0xDF, 0xFC, 0xCE, 0x53, 0x8C, 0x0A, 0x4A, 0x47, 0x39, 0x26, 0x31,
    0x26, 0x31, 0x26, 0x31, 0x25, 0x31, 0x46, 0x39, 0x87, 0x41, 0xC7, 0x49, 0xE8, 0x51, 0x28, 0x62,
    0x4D, 0x83, 0x55, 0xB5, 0x7E, 0xE7, 0x5D, 0xDF, 0x5D, 0xDF, 0x5D, 0xDF, 0x7D, 0xE7, 0x5D, 0xE7,
    0x5D, 0xE7, 0x5D, 0xE7, 0x5D, 0xE7, 0x5D, 0xE7, 0x7D, 0xE7, 0x7D, 0xE7, 0x5D, 0xE7, 0x7D, 0xE7,
    0x3D, 0xE7, 0x0B, 0x42, 0xA4, 0x18, 0xA4, 0x18, 0x62, 0x10, 0x41, 0x10, 0x41, 0x08, 0x20, 0x08,
    0x82, 0x18, 0x44, 0x39, 0xA2, 0x20, 0x40, 0x08, 0x40, 0x10, 0x00, 0x08, 0x40, 0x20, 0xA1, 0x38,
    0xA4, 0x61, 0x4A, 0x9B, 0xA5, 0x59, 0x00, 0x10, 0x82, 0x18, 0x24, 0x31, 0x27, 0x5A, 0x27, 0x5A,
    0x65, 0x41, 0x82, 0x18, 0x04, 0x29, 0xA7, 0x49, 0xD3, 0xA4, 0xDE, 0xFF, 0x5C, 0xF7, 0x7C, 0xF7,
    0x7C, 0xF7, 0x7C, 0xF7, 0x5C, 0xF7, 0x7C, 0xF7, 0x1C, 0xDF, 0x7A, 0xAE, 0x9A, 0xAE, 0xB9, 0xB6,
    0xB9, 0xB6, 0xD9, 0xC6, 0x5B, 0xEF, 0x5C, 0xF7, 0x5C, 0xF7, 0x5C, 0xF7, 0x5C, 0xF7, 0x7C, 0xF7,
    0x7C, 0xF7, 0x7C, 0xF7, 0x7C, 0xF7, 0x7C, 0xF7, 0x7C, 0xF7, 0x7C, 0xF7, 0x7C, 0xF7, 0x7C, 0xF7,
    0x7C, 0xF7, 0x7C, 0xF7, 0x7C, 0xF7, 0x7C, 0xF7, 0x7C, 0xF7, 0x7C, 0xFF, 0x7C, 0xF7, 0x7C, 0xF7,
    0x7C, 0xF7, 0x7C, 0xF7, 0x7C, 0xF7, 0x5B, 0xF7, 0x5E, 0xD7, 0x5E, 0xD7, 0x3E, 0xD7, 0x3E, 0xD7,
    0x5E, 0xD7, 0x5E, 0xD7, 0x3E, 0xD7, 0x3D, 0xD7, 0x5E, 0xD7, 0x5E, 0xD7, 0x5E, 0xD7, 0x5E, 0xD7,
    0x5E, 0xD7, 0x5E, 0xD7, 0x5E, 0xD7, 0x5E, 0xD7, 0x5E, 0xD7, 0x5E, 0xD7, 0x3E, 0xD7, 0x5E, 0xD7,
    0x5E, 0xD7, 0x5E, 0xD7, 0x5E, 0xD7, 0x5E, 0xD7, 0x5E, 0xD7, 0x5E, 0xD7, 0x5E, 0xD7, 0x5D, 0xDF,
    0xF6, 0xF6, 0xD3, 0xFE, 0x16, 0xF7, 0x17, 0xF7, 0x18, 0xEF, 0x5D, 0xD7, 0x5E, 0xD7, 0x5E, 0xD7,
    0x5E, 0xD7, 0x5E, 0xD7, 0x5E, 0xD7, 0x5D, 0xD7, 0x5D, 0xD7, 0x7E, 0xDF, 0xF9, 0xB5, 0xAE, 0x5A,
    0x48, 0x39, 0x67, 0x39, 0x26, 0x31, 0x05, 0x29, 0x05, 0x31, 0x25, 0x31, 0x25, 0x39, 0xC7, 0x49,
    0x49, 0x62, 0x8A, 0x6A, 0x89, 0x6A, 0x69, 0x62, 0x28, 0x5A, 0x89, 0x6A, 0xB6, 0xBD, 0x3C, 0xDF,
    0x7D, 0xE7, 0x9E, 0xE7, 0x5D, 0xE7, 0x5D, 0xE7, 0x5D, 0xE7, 0x5D, 0xE7, 0x7D, 0xE7, 0x7D, 0xE7,
    0x7D, 0xE7, 0x7D, 0xE7, 0x5D, 0xE7, 0x7D, 0xE7, 0x1C, 0xDF, 0x2B, 0x42, 0xC5, 0x18, 0x42, 0x10,
    0x41, 0x08, 0x41, 0x10, 0x41, 0x10, 0x61, 0x10, 0x20, 0x08, 0x20, 0x08, 0x61, 0x18, 0x20, 0x18,
    0xE2, 0x40, 0x46, 0x82, 0x8A, 0xB3, 0xEF, 0xE4, 0x33, 0xFE, 0xD5, 0xFE, 0x54, 0xFE, 0x6A, 0xA3,
    0x40, 0x20, 0x81, 0x18, 0xE3, 0x28, 0x04, 0x31, 0xE3, 0x28, 0x25, 0x31, 0x04, 0x29, 0xA7, 0x49,
    0x34, 0xB5, 0xBD, 0xFF, 0x5C, 0xF7, 0x7C, 0xF7, 0x7C, 0xF7, 0x7C, 0xF7, 0x7C, 0xF7, 0x7C, 0xF7,
    0x9B, 0xC6, 0x1A, 0x96, 0x5A, 0xA6, 0x7A, 0xA6, 0x9A, 0xB6, 0x1B, 0xDF, 0x7C, 0xF7, 0x5C, 0xF7,
    0x5C, 0xF7, 0x5C, 0xF7, 0x5C, 0xF7, 0x7C, 0xF7, 0x7C, 0xF7, 0x7C, 0xF7, 0x7C, 0xF7, 0x7C, 0xF7,
    0x7C, 0xF7, 0x7C, 0xF7, 0x7C, 0xF7, 0x7C, 0xF7, 0x7C, 0xF7, 0x7C, 0xF7, 0x7C, 0xF7, 0x7C, 0xF7,
    0x7C, 0xF7, 0x7C, 0xF7, 0x7C, 0xF7, 0x7C, 0xF7, 0x7C, 0xF7, 0x7C, 0xF7, 0x7C, 0xF7, 0x7C, 0xF7,
    0x5E, 0xD7, 0x5E, 0xD7, 0x5E, 0xD7, 0x3E, 0xD7, 0x3E, 0xD7, 0x3E, 0xD7, 0x5E, 0xD7, 0x3E, 0xD7,
    0x5E, 0xD7, 0x3E, 0xD7, 0x3E, 0xD7, 0x3E, 0xD7, 0x3E, 0xD7, 0x5E, 0xD7, 0x3E, 0xD7, 0x5E, 0xD7,
    0x5E, 0xD7, 0x5E, 0xD7, 0x5E, 0xD7, 0x5E, 0xD7, 0x5E, 0xD7, 0x5E, 0xD7, 0x5E, 0xD7, 0x5E, 0xD7,
    0x5E, 0xD7, 0x5E, 0xD7, 0x1B, 0xDF, 0xD7, 0xEE, 0xB4, 0xF6, 0x93, 0xFE, 0xB3, 0xFE, 0x91, 0xFE,
    0xD6, 0xF6, 0x5E, 0xD7, 0x5E, 0xD7, 0x5E, 0xD7, 0x5E, 0xD7, 0x5E, 0xD7, 0x5D, 0xD7, 0x3D, 0xD7,
    0x7E, 0xDF, 0xB8, 0xAD, 0x6D, 0x52, 0xA9, 0x39, 0x47, 0x31, 0x05, 0x29, 0x05, 0x29, 0x05, 0x29,
    0xE4, 0x28, 0x46, 0x39, 0xC7, 0x49, 0x49, 0x62, 0x8A, 0x6A, 0xAA, 0x6A, 0x48, 0x62, 0x86, 0x41,
    0x24, 0x31, 0x45, 0x39, 0x08, 0x5A, 0xCB, 0x72, 0xEF, 0x93, 0x38, 0xCE, 0x9E, 0xE7, 0x5D, 0xE7,
    0x5D, 0xE7, 0x5D, 0xE7, 0x7D, 0xE7, 0x7D, 0xE7, 0x7D, 0xE7, 0x7D, 0xE7, 0x5D, 0xE7, 0x5D, 0xE7,
    0x7D, 0xEF, 0x4B, 0x4A, 0x00, 0x00, 0x41, 0x08, 0x41, 0x08, 0x20, 0x08, 0x61, 0x18, 0xA2, 0x30,
    0xE3, 0x40, 0xE3, 0x40, 0x64, 0x59, 0x29, 0xA3, 0xAE, 0xDC, 0x70, 0xF5, 0xF2, 0xFD, 0x33, 0xFE,
    0x74, 0xFE, 0x75, 0xFE, 0xD6, 0xFE, 0x16, 0xFF, 0x09, 0x93, 0x41, 0x18, 0x04, 0x31, 0xE3, 0x20,
    0x61, 0x10, 0xE3, 0x28, 0xC7, 0x49, 0xC7, 0x49, 0xD6, 0xC5, 0xBD, 0xFF, 0x5C, 0xF7, 0x7C, 0xF7,
    0x7C, 0xF7, 0x7C, 0xF7, 0x7C, 0xF7, 0x7C, 0xF7, 0xFB, 0xDE, 0x9B, 0xC6, 0x7B, 0xB6, 0x1A, 0x96,
    0xDB, 0xCE, 0x7C, 0xFF, 0x7C, 0xF7, 0x5C, 0xF7, 0x5C, 0xF7, 0x5C, 0xF7, 0x5C, 0xF7, 0x5C, 0xF7,
    0x7C, 0xF7, 0x7C, 0xF7, 0x7C, 0xF7, 0x7C, 0xF7, 0x7C, 0xF7, 0x7C, 0xF7, 0x7C, 0xF7, 0x7C, 0xF7,
    0x7C, 0xF7, 0x7C, 0xF7, 0x7C, 0xF7, 0x7C, 0xF7, 0x7C, 0xF7, 0x7C, 0xF7, 0x7C, 0xF7, 0x7C, 0xF7,
    0x7C, 0xF7, 0x7C, 0xF7, 0x7C, 0xF7, 0x5C, 0xF7, 0x5E, 0xD7, 0x5E, 0xD7, 0x5E, 0xD7, 0x5E, 0xD7,
    0x5E, 0xD7, 0x5E, 0xD7, 0x5D, 0xD7, 0x5E, 0xD7, 0x5E, 0xD7, 0x5E, 0xD7, 0x5E, 0xD7, 0x5E, 0xD7,
    0x5E, 0xD7, 0x5E, 0xD7, 0x5E, 0xD7, 0x5E, 0xD7, 0x5E, 0xD7, 0x5E, 0xD7, 0x5E, 0xD7, 0x5E, 0xD7,
    0x5E, 0xD7, 0x5E, 0xD7, 0x5E, 0xD7, 0x5E, 0xD7, 0x5D, 0xD7, 0x5E, 0xD7, 0xB8, 0xE6, 0x32, 0xF6,
    0x52, 0xF6, 0x72, 0xFE, 0x72, 0xFE, 0x52, 0xFE, 0x1A, 0xE7, 0x5E, 0xD7, 0x5D, 0xD7, 0x5E, 0xD7,
    0x5D, 0xD7, 0x5D, 0xD7, 0x3D, 0xD7, 0x5E, 0xDF, 0xF9, 0xB5, 0xAE, 0x5A, 0xCA, 0x41, 0x68, 0x31,
    0x27, 0x31, 0x26, 0x31, 0xC4, 0x20, 0xC4, 0x20, 0x25, 0x31, 0x45, 0x39, 0x65, 0x41, 0xC7, 0x49,
    0x28, 0x5A, 0x28, 0x5A, 0xE7, 0x51, 0x65, 0x39, 0x25, 0x31, 0x25, 0x31, 0x46, 0x39, 0xA6, 0x49,
    0x69, 0x6A, 0xCA, 0x7A, 0xD2, 0xA4, 0x7E, 0xE7, 0x5D, 0xE7, 0x5D, 0xE7, 0x7D, 0xE7, 0x7D, 0xE7,
    0x7D, 0xE7, 0x5D, 0xE7, 0x5D, 0xE7, 0x5D, 0xE7, 0x3D, 0xE7, 0xC9, 0x39, 0x63, 0x08, 0x41, 0x08,
    0x00, 0x08, 0x03, 0x41, 0xC6, 0x69, 0x27, 0x82, 0xC9, 0x9A, 0xAC, 0xBB, 0x8E, 0xDC, 0x30, 0xED,
    0x50, 0xED, 0x91, 0xF5, 0xD2, 0xF5, 0x13, 0xFE, 0x54, 0xFE, 0x95, 0xFE, 0xB6, 0xFE, 0xD6, 0xFE,
    0xB2, 0xED, 0xE3, 0x38, 0x85, 0x41, 0xE7, 0x51, 0x03, 0x29, 0xE3, 0x28, 0xC7, 0x49, 0xC8, 0x49,
    0x55, 0xB5, 0xBD, 0xFF, 0x5C, 0xF7, 0x7C, 0xF7, 0x5C, 0xF7, 0x7C, 0xF7, 0x7C, 0xF7, 0x7C, 0xF7,
    0x7C, 0xF7, 0x7C, 0xFF, 0x5C, 0xEF, 0xBB, 0xCE, 0x3B, 0xE7, 0x7C, 0xF7, 0x7C, 0xF7, 0x7C, 0xF7,
    0x7C, 0xF7, 0x7C, 0xF7, 0x7C, 0xF7, 0x5C, 0xF7, 0x5C, 0xF7, 0x7C, 0xF7, 0x7C, 0xF7, 0x7C, 0xF7,
    0x7C, 0xF7, 0x7C, 0xF7, 0x7C, 0xF7, 0x7C, 0xF7, 0x7C, 0xF7, 0x7C, 0xF7, 0x7C, 0xF7, 0x7C, 0xF7,
    0x7C, 0xF7, 0x7C, 0xF7, 0x7C, 0xF7, 0x7C, 0xF7, 0x7C, 0xF7, 0x7C, 0xF7, 0x7C, 0xF7, 0x5C, 0xF7,
    0x5E, 0xD7, 0x5E, 0xD7, 0x5E, 0xD7, 0x5E, 0xD7, 0x5E, 0xD7, 0x5E, 0xD7, 0x5E, 0xD7, 0x5E, 0xD7,
    0x5E, 0xD7, 0x5E, 0xD7, 0x5E, 0xD7, 0x5E, 0xD7, 0x5E, 0xD7, 0x5E, 0xD7, 0x5E, 0xD7, 0x5E, 0xD7,
    0x5E, 0xD7, 0x5E, 0xD7, 0x5E, 0xD7, 0x5E, 0xD7, 0x5E, 0xD7, 0x5E, 0xD7, 0x5E, 0xD7, 0x5E, 0xD7,
    0x5E, 0xD7, 0x5E, 0xD7, 0x3D, 0xDF, 0x77, 0xE6, 0x12, 0xF6, 0x11, 0xF6, 0x10, 0xFE, 0x11, 0xFE,
    0xF9, 0xEE, 0x5E, 0xD7, 0x5D, 0xD7, 0x5E, 0xD7, 0x5E, 0xD7, 0x5D, 0xD7, 0x5E, 0xDF, 0x7B, 0xC6,
    0x30, 0x6B, 0xCB, 0x41, 0x68, 0x31, 0x68, 0x31, 0x27, 0x31, 0xA4, 0x18, 0xC4, 0x20, 0x05, 0x31,
    0xE4, 0x28, 0xC3, 0x28, 0xE4, 0x30, 0x45, 0x39, 0x08, 0x52, 0x69, 0x62, 0x28, 0x5A, 0xA6, 0x49,
    0x25, 0x39, 0xE4, 0x28, 0x46, 0x39, 0x09, 0x4A, 0x86, 0x41, 0x49, 0x62, 0x48, 0x6A, 0x71, 0x9C,
    0xBE, 0xEF, 0x5D, 0xE7, 0x7D, 0xE7, 0x7D, 0xE7, 0x7D, 0xE7, 0x5D, 0xE7, 0x5D, 0xE7, 0x5D, 0xE7,
    0x7D, 0xEF, 0x6B, 0x52, 0x42, 0x08, 0x00, 0x00, 0x82, 0x20, 0x28, 0x7A, 0xAA, 0x92, 0x6C, 0xAB,
    0x0D, 0xC4, 0x8F, 0xD4, 0xF0, 0xE4, 0x30, 0xED, 0x71, 0xED, 0xB1, 0xF5, 0xD2, 0xFD, 0x13, 0xFE,
    0x54, 0xFE, 0x95, 0xFE, 0xB6, 0xFE, 0xB5, 0xFE, 0x94, 0xFE, 0x27, 0x6A, 0x65, 0x39, 0xC6, 0x49,
    0x65, 0x39, 0x65, 0x39, 0xA7, 0x41, 0xC8, 0x49, 0x55, 0xBD, 0xBD, 0xFF, 0x5C, 0xF7, 0x7C, 0xF7,
    0x7C, 0xF7, 0x7C, 0xF7, 0x7C, 0xF7, 0x7C, 0xF7, 0x7C, 0xF7, 0x7C, 0xF7, 0x5C, 0xF7, 0x7C, 0xF7,
    0x7C, 0xF7, 0x7C, 0xF7, 0x7C, 0xF7, 0x7C, 0xF7, 0x7C, 0xF7, 0x7C, 0xF7, 0x7C, 0xF7, 0x7C, 0xF7,
    0x5C, 0xF7, 0x5C, 0xF7, 0x7C, 0xF7, 0x7C, 0xF7, 0x7C, 0xF7, 0x7C, 0xF7, 0x7C, 0xF7, 0x7C, 0xF7,
    0x7C, 0xF7, 0x7C, 0xF7, 0x7C, 0xF7, 0x7C, 0xF7, 0x7C, 0xF7, 0x7C, 0xF7, 0x7C, 0xF7, 0x7C, 0xF7,
    0x7C, 0xF7, 0x7C, 0xF7, 0x7C, 0xF7, 0x7C, 0xF7, 0x5E, 0xD7, 0x5E, 0xD7, 0x5E, 0xD7, 0x5E, 0xD7,
    0x5E, 0xD7, 0x5E, 0xD7, 0x5E, 0xD7, 0x5E, 0xD7, 0x5E, 0xD7, 0x5E, 0xD7, 0x5E, 0xD7, 0x5E, 0xD7,
    0x5E, 0xD7, 0x5E, 0xD7, 0x5D, 0xD7, 0x5E, 0xD7, 0x5E, 0xD7, 0x5E, 0xD7, 0x5E, 0xD7, 0x5E, 0xD7,
    0x5E, 0xD7, 0x5E, 0xD7, 0x5E, 0xD7, 0x5E, 0xD7, 0x5E, 0xD7, 0x5D, 0xD7, 0x5E, 0xD7, 0x1C, 0xDF,
    0xD2, 0xF5, 0xB0, 0xF5, 0xF2, 0xF5, 0xD1, 0xF5, 0x97, 0xEE, 0x5E, 0xD7, 0x5D, 0xD7, 0x5E, 0xDF,
    0x5D, 0xD7, 0x5E, 0xDF, 0x1D, 0xD7, 0x74, 0x8C, 0xEC, 0x41, 0x89, 0x31, 0x89, 0x39, 0x27, 0x29,
    0xA4, 0x18, 0x06, 0x29, 0x05, 0x29, 0xA3, 0x20, 0xA3, 0x20, 0x82, 0x20, 0xC3, 0x20, 0x45, 0x39,
    0x28, 0x5A, 0x89, 0x6A, 0x49, 0x62, 0xC7, 0x49, 0x25, 0x39, 0xE4, 0x28, 0xE4, 0x28, 0x87, 0x39,
    0xE4, 0x28, 0x24, 0x31, 0xAA, 0x72, 0x28, 0x62, 0x14, 0xAD, 0xBE, 0xEF, 0x5D, 0xE7, 0x7D, 0xE7,
    0x5D, 0xE7, 0x5D, 0xE7, 0x5D, 0xE7, 0x3C, 0xE7, 0xBE, 0xF7, 0x6F, 0x6B, 0x21, 0x08, 0x00, 0x00,
    0xC8, 0x59, 0x0D, 0x9B, 0x4C, 0xA3, 0xED, 0xBB, 0x6F, 0xD4, 0xAF, 0xDC, 0xF0, 0xE4, 0x30, 0xED,
    0x71, 0xED, 0x91, 0xF5, 0xD2, 0xF5, 0xF3, 0xFD, 0x34, 0xFE, 0x75, 0xFE, 0xB6, 0xFE, 0x95, 0xFE,
    0xD5, 0xFE, 0x8B, 0xA3, 0x45, 0x39, 0xE6, 0x49, 0x65, 0x39, 0x45, 0x39, 0x86, 0x41, 0xC7, 0x49,
    0x75, 0xBD, 0xBD, 0xFF, 0x5C, 0xF7, 0x7C, 0xF7, 0x7C, 0xF7, 0x7C, 0xF7, 0x7C, 0xF7, 0x7C, 0xF7,
    0x7C, 0xF7, 0x7C, 0xF7, 0x5C, 0xF7, 0x5C, 0xF7, 0x5C, 0xF7, 0x5C, 0xF7, 0x7C, 0xF7, 0x7C, 0xF7,
    0x7C, 0xF7, 0x7C, 0xF7, 0x7C, 0xF7, 0x7C, 0xF7, 0x5C, 0xF7, 0x5C, 0xF7, 0x7C, 0xF7, 0x7C, 0xF7,
    0x7C, 0xFF, 0x7C, 0xFF, 0x7C, 0xFF, 0x7C, 0xF7, 0x7C, 0xF7, 0x7C, 0xF7, 0x7C, 0xF7, 0x7C, 0xF7,
    0x7C, 0xF7, 0x7C, 0xF7, 0x7C, 0xF7, 0x7C, 0xF7, 0x7C, 0xF7, 0x7C, 0xF7, 0x7C, 0xF7, 0x5C, 0xF7,
    0x5D, 0xD7, 0x5D, 0xD7, 0x5D, 0xD7, 0x5E, 0xD7, 0x5E, 0xD7, 0x5E, 0xD7, 0x5E, 0xD7, 0x5D, 0xD7,
    0x5E, 0xD7, 0x5E, 0xD7, 0x5E, 0xD7, 0x5D, 0xD7, 0x5D, 0xD7, 0x5D, 0xD7, 0x5D, 0xD7, 0x5D, 0xD7,
    0x5D, 0xD7, 0x5D, 0xD7, 0x5D, 0xD7, 0x5E, 0xD7, 0x5E, 0xD7, 0x5E, 0xD7, 0x5E, 0xD7, 0x5E, 0xD7,
    0x5D, 0xD7, 0x5D, 0xD7, 0x5E, 0xD7, 0x3D, 0xDF, 0x15, 0xEE, 0x56, 0xEE, 0x3C, 0xDF, 0xFB, 0xDE,
    0x1C, 0xDF, 0x5E, 0xDF, 0x5E, 0xDF, 0x5E, 0xDF, 0x5E, 0xDF, 0x5E, 0xDF, 0xF9, 0xBD, 0xCF, 0x62,
    0xAA, 0x39, 0xCA, 0x39, 0x48, 0x31, 0xA4, 0x18, 0x06, 0x29, 0x06, 0x29, 0xA3, 0x20, 0x83, 0x18,
    0x82, 0x18, 0xA3, 0x20, 0xC3, 0x28, 0x04, 0x31, 0x86, 0x41, 0x08, 0x52, 0x49, 0x62, 0x48, 0x62,
    0xA6, 0x49, 0x24, 0x39, 0xC3, 0x28, 0x05, 0x29, 0x05, 0x29, 0xE3, 0x28, 0x08, 0x5A, 0xCA, 0x72,
    0x28, 0x5A, 0x79, 0xCE, 0x9E, 0xEF, 0x5D, 0xE7, 0x5D, 0xE7, 0x5D, 0xE7, 0x5D, 0xE7, 0x5D, 0xE7,
    0xBE, 0xF7, 0xD7, 0xB5, 0xC4, 0x18, 0x20, 0x00, 0x0E, 0x7B, 0x8F, 0xAB, 0x8D, 0xAB, 0x0E, 0xC4,
    0x6F, 0xD4, 0xD0, 0xDC, 0x10, 0xE5, 0x30, 0xED, 0x71, 0xED, 0xD2, 0xFD, 0x33, 0xFE, 0x74, 0xFE,
    0xB5, 0xFE, 0xF6, 0xFE, 0xF6, 0xFE, 0x94, 0xFE, 0xB5, 0xFE, 0x91, 0xE5, 0x85, 0x51, 0x85, 0x41,
    0x44, 0x39, 0x45, 0x39, 0x86, 0x41, 0xC8, 0x51, 0xB6, 0xC5, 0xBD, 0xFF, 0x5C, 0xF7, 0x7C, 0xF7,
    0x7C, 0xF7, 0x7C, 0xF7, 0x7C, 0xF7, 0x7C, 0xF7, 0x7C, 0xF7, 0x7C, 0xF7, 0x5C, 0xF7, 0x7C, 0xF7,
    0x7C, 0xF7, 0x7C, 0xF7, 0x7C, 0xF7, 0x7C, 0xF7, 0x7C, 0xF7, 0x7C, 0xF7, 0x7C, 0xF7, 0x7C, 0xF7,
    0x7C, 0xF7, 0x7C, 0xF7, 0x7C, 0xFF, 0x7C, 0xFF, 0x9C, 0xFF, 0x9C, 0xFF, 0x9C, 0xFF, 0x7C, 0xFF,
    0x7C, 0xFF, 0x7C, 0xF7, 0x7C, 0xF7, 0x7C, 0xF7, 0x7C, 0xF7, 0x7C, 0xF7, 0x7C, 0xF7, 0x7C, 0xF7,
    0x7C, 0xF7, 0x7C, 0xF7, 0x7C, 0xF7, 0x7C, 0xF7, 0x5D, 0xD7, 0x5D, 0xD7, 0x5D, 0xD7, 0x5D, 0xD7,
    0x5D, 0xD7, 0x5D, 0xD7, 0x5D, 0xD7, 0x5D, 0xD7, 0x5D, 0xD7, 0x5D, 0xD7, 0x5D, 0xD7, 0x5D, 0xD7,
    0x5D, 0xD7, 0x5D, 0xD7, 0x5D, 0xD7, 0x5D, 0xD7, 0x5D, 0xD7, 0x5D, 0xD7, 0x5D, 0xD7, 0x5E, 0xD7,
    0x5D, 0xD7, 0x5D, 0xD7, 0x5D, 0xD7, 0x5D, 0xD7, 0x5D, 0xD7, 0x5D, 0xD7, 0x5E, 0xD7, 0x5E, 0xD7,
    0x3D, 0xDF, 0x5E, 0xDF, 0x5E, 0xDF, 0x5E, 0xDF, 0x5E, 0xDF, 0x5E, 0xDF, 0x5E, 0xDF, 0x5E, 0xDF,
    0x5E, 0xDF, 0x3D, 0xD7, 0x74, 0x8C, 0xEB, 0x41, 0x0B, 0x42, 0xAA, 0x39, 0xC5, 0x20, 0xE6, 0x20,
    0x06, 0x29, 0xA3, 0x20, 0x83, 0x18, 0x62, 0x18, 0xA4, 0x20, 0xC3, 0x20, 0xA2, 0x20, 0xC3, 0x20,
    0xE4, 0x28, 0x86, 0x41, 0x28, 0x62, 0x89, 0x6A, 0x48, 0x62, 0x86, 0x41, 0xE4, 0x30, 0x04, 0x31,
    0xA3, 0x20, 0xE3, 0x28, 0x85, 0x41, 0xCA, 0x72, 0x08, 0x5A, 0x11, 0x8C, 0x9E, 0xEF, 0x5D, 0xE7,
    0x5D, 0xE7, 0x7D, 0xE7, 0x5D, 0xE7, 0x5D, 0xE7, 0x5C, 0xE7, 0xBE, 0xF7, 0x8F, 0x73, 0x43, 0x08,
    0x91, 0x8B, 0xB0, 0xAB, 0xAE, 0xB3, 0x4F, 0xCC, 0xAF, 0xD4, 0xD0, 0xDC, 0x10, 0xE5, 0x30, 0xE5,
    0x51, 0xED, 0xAF, 0xD4, 0x2D, 0xBC, 0xCC, 0xAB, 0xCC, 0xA3, 0x4E, 0xB4, 0x13, 0xE6, 0xF6, 0xFE,
    0x94, 0xFE, 0xD5, 0xFE, 0xEC, 0xBB, 0xE3, 0x30, 0x45, 0x31, 0x65, 0x39, 0x86, 0x41, 0x87, 0x41,
    0x17, 0xCE, 0xBD, 0xFF, 0x5C, 0xF7, 0x5C, 0xF7, 0x7C, 0xF7, 0x7C, 0xF7, 0x7C, 0xF7, 0x7C, 0xF7,
    0x7C, 0xF7, 0x7C, 0xF7, 0x7C, 0xF7, 0x7C, 0xF7, 0x7C, 0xF7, 0x7C, 0xF7, 0x7C, 0xF7, 0x7C, 0xF7,
    0x7C, 0xF7, 0x7C, 0xF7, 0x7C, 0xF7, 0x7C, 0xF7, 0x7C, 0xF7, 0x7C, 0xFF, 0x9C, 0xFF, 0x9C, 0xFF,
    0xBC, 0xFF, 0xBD, 0xFF, 0xBC, 0xFF, 0x9C, 0xFF, 0x9C, 0xFF, 0x7C, 0xFF, 0x7C, 0xF7, 0x7C, 0xF7,
    0x7C, 0xF7, 0x7C, 0xF7, 0x7C, 0xF7, 0x7C, 0xF7, 0x7C, 0xF7, 0x7C, 0xF7, 0x7C, 0xF7, 0x7C, 0xF7,
    0x5E, 0xDF, 0x5D, 0xD7, 0x5D, 0xD7, 0x5D, 0xD7, 0x5D, 0xD7, 0x5D, 0xD7, 0x5D, 0xD7, 0x5D, 0xD7,
    0x5D, 0xD7, 0x5D, 0xD7, 0x5D, 0xD7, 0x5D, 0xD7, 0x5D, 0xD7, 0x5D, 0xD7, 0x5D, 0xD7, 0x5E, 0xD7,
    0x5E, 0xD7, 0x5E, 0xD7, 0x5E, 0xD7, 0x5E, 0xD7, 0x5D, 0xD7, 0x5D, 0xD7, 0x5D, 0xD7, 0x5E, 0xDF,
    0x5E, 0xDF, 0x5E, 0xDF, 0x5E, 0xDF, 0x5E, 0xDF, 0x5E, 0xDF, 0x5E, 0xDF, 0x5D, 0xDF, 0x5D, 0xDF,
    0x5E, 0xDF, 0x5E, 0xDF, 0x5E, 0xDF, 0x3D, 0xDF, 0x5E, 0xDF, 0x7B, 0xC6, 0xCF, 0x5A, 0xEB, 0x41,
    0x0C, 0x42, 0x06, 0x21, 0x06, 0x21, 0x26, 0x29, 0xA4, 0x18, 0x83, 0x18, 0x62, 0x10, 0xC4, 0x20,
    0xC4, 0x20, 0x82, 0x20, 0x82, 0x18, 0x82, 0x18, 0xC3, 0x28, 0x04, 0x31, 0x86, 0x49, 0x28, 0x5A,
    0x89, 0x6A, 0x08, 0x52, 0xA6, 0x59, 0xE6, 0x61, 0x88, 0x7A, 0x61, 0x20, 0xA6, 0x41, 0x69, 0x6A,
    0xE7, 0x51, 0xCB, 0x6A, 0xFC, 0xDE, 0x7D, 0xE7, 0x5D, 0xE7, 0x5D, 0xE7, 0x5D, 0xE7, 0x5D, 0xE7,
    0x5D, 0xE7, 0xBE, 0xF7, 0xF8, 0xBD, 0xC5, 0x18, 0xB1, 0x8B, 0x32, 0xBC, 0x0F, 0xC4, 0x8F, 0xCC,
    0xD0, 0xDC, 0xCF, 0xDC, 0xD0, 0xDC, 0x30, 0xED, 0xEA, 0x92, 0x82, 0x28, 0x82, 0x28, 0x82, 0x28,
    0xC3, 0x38, 0x24, 0x41, 0xC6, 0x61, 0x6E, 0xBC, 0xB5, 0xFE, 0x74, 0xFE, 0x94, 0xFE, 0xA8, 0x82,
    0x04, 0x31, 0x86, 0x41, 0xE7, 0x59, 0x6C, 0x93, 0x99, 0xE6, 0x9D, 0xF7, 0x5C, 0xF7, 0x5C, 0xF7,
    0x5C, 0xF7, 0x5C, 0xF7, 0x7C, 0xF7, 0x7C, 0xF7, 0x7C, 0xF7, 0x9C, 0xF7, 0x9D, 0xF7, 0x9D, 0xF7,
    0x9D, 0xF7, 0x9D, 0xF7, 0x9D, 0xF7, 0x9D, 0xF7, 0x9C, 0xF7, 0x9D, 0xF7, 0x9C, 0xF7, 0x9C, 0xF7,
    0x9C, 0xF7, 0x9C, 0xFF, 0xBC, 0xFF, 0xDD, 0xFF, 0xDC, 0xFF, 0x99, 0xFF, 0xBB, 0xFF, 0xBC, 0xFF,
    0x9C, 0xFF, 0x9C, 0xFF, 0x7C, 0xF7, 0x7C, 0xF7, 0x7C, 0xF7, 0x7C, 0xF7, 0x7C, 0xF7, 0x7C, 0xF7,
    0x7C, 0xF7, 0x7C, 0xF7, 0x7C, 0xF7, 0x7C, 0xF7, 0x5E, 0xDF, 0x5E, 0xDF, 0x5E, 0xDF, 0x5E, 0xDF,
    0x5E, 0xDF, 0x5E, 0xDF, 0x5E, 0xDF, 0x5D, 0xDF, 0x5D, 0xDF, 0x5D, 0xDF, 0x5E, 0xDF, 0x5E, 0xDF,
    0x5E, 0xDF, 0x5E, 0xDF, 0x5E, 0xDF, 0x5E, 0xDF, 0x5E, 0xDF, 0x5E, 0xDF, 0x5E, 0xDF, 0x5E, 0xDF,
    0x5E, 0xDF, 0x7E, 0xE7, 0x7E, 0xE7, 0x5E, 0xDF, 0x5E, 0xDF, 0x5E, 0xDF, 0x5E, 0xDF, 0x5E, 0xDF,
    0x5D, 0xDF, 0x5D, 0xDF, 0x5D, 0xDF, 0x5D, 0xDF, 0x5D, 0xDF, 0x5D, 0xDF, 0x5D, 0xDF, 0x3D, 0xDF,
    0x7E, 0xE7, 0x77, 0xAD, 0xEB, 0x41, 0x0C, 0x42, 0x68, 0x31, 0x27, 0x29, 0x27, 0x29, 0xC5, 0x20,
    0x83, 0x18, 0x42, 0x10, 0xA4, 0x20, 0xA4, 0x20, 0x82, 0x18, 0x62, 0x10, 0x62, 0x18, 0x82, 0x18,
    0xA2, 0x20, 0xC3, 0x28, 0x04, 0x31, 0xC7, 0x49, 0x28, 0x5A, 0xA9, 0x7A, 0x2A, 0xA3, 0x48, 0x6A,
    0x54, 0xFE, 0x67, 0x8A, 0x61, 0x20, 0x07, 0x5A, 0x24, 0x39, 0xC7, 0x51, 0x39, 0xC6, 0x7D, 0xEF,
    0x5D, 0xE7, 0x5D, 0xE7, 0x5D, 0xE7, 0x5D, 0xE7, 0x5D, 0xE7, 0x7D, 0xEF, 0x3C, 0xE7, 0xA8, 0x31,
    0xB1, 0x8B, 0x2E, 0x8B, 0x86, 0x49, 0x25, 0x41, 0x0A, 0x9B, 0x8E, 0xDC, 0x6E, 0xD4, 0xCF, 0xE4,
    0x2A, 0xAB, 0x26, 0x82, 0xE8, 0xA2, 0x69, 0xBB, 0x0C, 0xCC, 0xAE, 0xDC, 0x8D, 0xD4, 0xAE, 0xD4,
    0x33, 0xFE, 0x73, 0xFE, 0xB4, 0xFE, 0x50, 0xE5, 0x45, 0x41, 0x86, 0x49, 0x8E, 0xD4, 0xB1, 0xFD,
    0x30, 0xFD, 0x19, 0xF7, 0x7C, 0xF7, 0x5C, 0xF7, 0x5C, 0xF7, 0x7C, 0xF7, 0x7C, 0xF7, 0x9C, 0xF7,
    0x9D, 0xF7, 0x9D, 0xF7, 0x9D, 0xF7, 0x9D, 0xF7, 0x9D, 0xF7, 0x9D, 0xF7, 0x9D, 0xF7, 0x9D, 0xF7,
    0x9D, 0xF7, 0x9D, 0xF7, 0x9D, 0xF7, 0xBD, 0xF7, 0xBD, 0xF7, 0xBD, 0xFF, 0xDD, 0xFF, 0xDC, 0xFF,
    0x15, 0xFF, 0xD2, 0xFE, 0xF3, 0xFE, 0xBB, 0xFF, 0xBC, 0xFF, 0x9C, 0xFF, 0x7C, 0xFF, 0x7C, 0xF7,
    0x7C, 0xF7, 0x7C, 0xF7, 0x7C, 0xF7, 0x7C, 0xF7, 0x7C, 0xF7, 0x7C, 0xF7, 0x7C, 0xF7, 0x7C, 0xF7,
    0x5E, 0xDF, 0x5E, 0xDF, 0x5E, 0xDF, 0x5E, 0xDF, 0x5E, 0xDF, 0x5E, 0xDF, 0x5E, 0xDF, 0x5D, 0xDF,
    0x5D, 0xDF, 0x5E, 0xDF, 0x5E, 0xDF, 0x5E, 0xDF, 0x5E, 0xDF, 0x5E, 0xDF, 0x5E, 0xDF, 0x5E, 0xDF,
    0x5E, 0xDF, 0x5E, 0xDF, 0x5E, 0xDF, 0x5E, 0xDF, 0x9E, 0xF7, 0xBE, 0xFF, 0xDE, 0xFF, 0xBE, 0xF7,
    0x5D, 0xDF, 0x5D, 0xDF, 0x5D, 0xDF, 0x5D, 0xDF, 0x5D, 0xDF, 0x5D, 0xDF, 0x5D, 0xDF, 0x5D, 0xDF,
    0x3D, 0xDF, 0x3D, 0xDF, 0x3D, 0xDF, 0x3D, 0xDF, 0x9E, 0xE7, 0x74, 0x8C, 0xCB, 0x41, 0xAA, 0x39,
    0x68, 0x31, 0x48, 0x31, 0xC5, 0x20, 0xA4, 0x18, 0x42, 0x10, 0xA4, 0x18, 0xC4, 0x20, 0x62, 0x18,
    0x62, 0x10, 0x62, 0x18, 0x82, 0x18, 0x82, 0x18, 0xA2, 0x20, 0xA2, 0x20, 0xE3, 0x30, 0x04, 0x31,
    0x68, 0x72, 0xAE, 0xD4, 0x48, 0x72, 0xD0, 0xBC, 0xF6, 0xFE, 0x91, 0xF5, 0xA1, 0x40, 0xC2, 0x28,
    0x03, 0x31, 0x04, 0x31, 0x55, 0xAD, 0x7D, 0xEF, 0x5D, 0xE7, 0x5D, 0xE7, 0x5D, 0xE7, 0x5D, 0xE7,
    0x5D, 0xE7, 0x5C, 0xE7, 0xBE, 0xF7, 0x8F, 0x73, 0x68, 0x31, 0x83, 0x18, 0x61, 0x20, 0xE3, 0x40,
    0x47, 0x8A, 0xAB, 0xCB, 0x0C, 0xD4, 0x6D, 0xDC, 0x8D, 0xE4, 0x2C, 0xDC, 0xEB, 0xD3, 0xCD, 0xEC,
    0x90, 0xFD, 0xD1, 0xFD, 0x32, 0xFE, 0x12, 0xFE, 0x12, 0xFE, 0x53, 0xFE, 0x74, 0xFE, 0x94, 0xFE,
    0x48, 0x6A, 0x48, 0x62, 0xD2, 0xFD, 0xCA, 0xF3, 0xA6, 0xF2, 0x71, 0xFD, 0x9D, 0xF7, 0x5C, 0xF7,
    0x7C, 0xF7, 0x7C, 0xF7, 0x7D, 0xF7, 0x9D, 0xF7, 0xBE, 0xF7, 0xDF, 0xFF, 0xDF, 0xF7, 0xDF, 0xF7,
    0xDF, 0xFF, 0xDF, 0xFF, 0xDF, 0xFF, 0xDF, 0xFF, 0xDF, 0xFF, 0xDF, 0xFF, 0xDF, 0xFF, 0xDF, 0xFF,
    0xDE, 0xFF, 0xDE, 0xFF, 0xFF, 0xFF, 0x9A, 0xFF, 0x71, 0xFE, 0xDD, 0xFF, 0xB3, 0xFE, 0x36, 0xFF,
    0xDD, 0xFF, 0x9C, 0xFF, 0x7C, 0xFF, 0x7C, 0xF7, 0x7C, 0xF7, 0x7C, 0xF7, 0x7C, 0xF7, 0x7C, 0xF7,
    0x7C, 0xF7, 0x7C, 0xF7, 0x7C, 0xF7, 0x7C, 0xF7, 0x5D, 0xDF, 0x5D, 0xDF, 0x5D, 0xDF, 0x5D, 0xDF,
    0x5D, 0xDF, 0x5D, 0xDF, 0x5D, 0xDF, 0x5D, 0xDF, 0x5D, 0xDF, 0x5D, 0xDF, 0x5D, 0xDF, 0x5D, 0xDF,
    0x5D, 0xDF, 0x5E, 0xDF, 0x5D, 0xDF, 0x5D, 0xDF, 0x5D, 0xDF, 0x5E, 0xDF, 0x5E, 0xDF, 0x5E, 0xEF,
    0x9E, 0xF7, 0x9E, 0xFF, 0xBE, 0xFF, 0xBE, 0xFF, 0x9E, 0xF7, 0x3D, 0xDF, 0x3D, 0xDF, 0x5D, 0xDF,
    0x5D, 0xDF, 0x5D, 0xDF, 0x5D, 0xDF, 0x5D, 0xDF, 0x5D, 0xDF, 0x5D, 0xDF, 0x5D, 0xDF, 0x5D, 0xDF,
    0x7E, 0xE7, 0xB1, 0x7B, 0x0C, 0x4A, 0x0C, 0x42, 0x48, 0x31, 0xC5, 0x20, 0xA4, 0x18, 0x42, 0x10,
    0xA4, 0x18, 0xC5, 0x20, 0x62, 0x18, 0x42, 0x10, 0x62, 0x18, 0x62, 0x18, 0x62, 0x18, 0x82, 0x18,
    0x82, 0x20, 0x82, 0x18, 0x82, 0x20, 0x87, 0x82, 0xEF, 0xDC, 0x88, 0x7A, 0xED, 0xA3, 0xD6, 0xFE,
    0x75, 0xFE, 0xB5, 0xFE, 0xA7, 0x92, 0x20, 0x10, 0x03, 0x39, 0x82, 0x28, 0x51, 0x94, 0x7D, 0xEF,
    0x5D, 0xE7, 0x5D, 0xE7, 0x5D, 0xE7, 0x5D, 0xE7, 0x5D, 0xE7, 0x5C, 0xE7, 0x9D, 0xF7, 0x18, 0xC6,
    0xE6, 0x28, 0x64, 0x59, 0x66, 0x9A, 0x87, 0xAA, 0x67, 0xAA, 0xC8, 0xB2, 0x8B, 0xCB, 0x4D, 0xDC,
    0xAD, 0xE4, 0x0B, 0xDC, 0xCA, 0xD3, 0x6A, 0xB3, 0xAC, 0xA3, 0x6E, 0xBC, 0x4D, 0xC4, 0x2F, 0xED,
    0xF2, 0xFD, 0x53, 0xFE, 0x74, 0xFE, 0xF6, 0xFE, 0x8B, 0x9B, 0x88, 0x72, 0x2F, 0xFD, 0x0E, 0xFD,
    0x6C, 0xFC, 0x4D, 0xFC, 0x5C, 0xF7, 0x5C, 0xF7, 0x7C, 0xF7, 0x7C, 0xF7, 0x9D, 0xEF, 0xBE, 0xF7,
    0xFF, 0xF7, 0xFF, 0xF7, 0xFF, 0xF7, 0xFF, 0xF7, 0xDF, 0xF7, 0xDF, 0xF7, 0xDF, 0xF7, 0xDF, 0xF7,
    0xDF, 0xF7, 0xDF, 0xF7, 0xDE, 0xFF, 0xDE, 0xFF, 0xDE, 0xFF, 0xDE, 0xFF, 0xDE, 0xFF, 0x9B, 0xFF,
    0x31, 0xFE, 0x53, 0xFE, 0x31, 0xFE, 0x58, 0xFF, 0xDD, 0xFF, 0x9C, 0xFF, 0x7C, 0xFF, 0x7C, 0xF7,
    0x7C, 0xF7, 0x7C, 0xF7, 0x7C, 0xF7, 0x7C, 0xF7, 0x7C, 0xF7, 0x7C, 0xF7, 0x7C, 0xF7, 0x7C, 0xF7,
    0x5D, 0xDF, 0x5D, 0xDF, 0x5D, 0xDF, 0x5D, 0xDF, 0x3D, 0xDF, 0x5D, 0xDF, 0x5D, 0xDF, 0x5D, 0xDF,
    0x5D, 0xDF, 0x3D, 0xDF, 0x3D, 0xDF, 0x3D, 0xDF, 0x5D, 0xDF, 0x5D, 0xDF, 0x5D, 0xDF, 0x5D, 0xDF,
    0x5E, 0xE7, 0x7E, 0xEF, 0x7E, 0xEF, 0x5E, 0xEF, 0x7D, 0xF7, 0x7D, 0xFF, 0x9D, 0xFF, 0x9D, 0xFF,
    0x9D, 0xFF, 0x7E, 0xEF, 0x7E, 0xE7, 0x5D, 0xDF, 0x5D, 0xDF, 0x5D, 0xDF, 0x5D, 0xDF, 0x5D, 0xDF,
    0x5D, 0xDF, 0x5D, 0xDF, 0x5D, 0xDF, 0x7D, 0xDF, 0x1C, 0xD7, 0x51, 0x6B, 0x2D, 0x4A, 0x89, 0x31,
    0xE6, 0x20, 0xC4, 0x18, 0x42, 0x08, 0x83, 0x10, 0xC5, 0x20, 0x62, 0x10, 0x62, 0x10, 0x83, 0x18,
    0x63, 0x18, 0x62, 0x18, 0x61, 0x18, 0x61, 0x18, 0x61, 0x18, 0x03, 0x41, 0x29, 0x9B, 0xEC, 0xBB,
    0x87, 0x7A, 0x8F, 0xBC, 0xF6, 0xFE, 0x95, 0xFE, 0x74, 0xFE, 0x95, 0xFE, 0xEF, 0xE4, 0x40, 0x28,
    0xC2, 0x28, 0x81, 0x28, 0x6E, 0x7B, 0x5D, 0xE7, 0x5D, 0xE7, 0x5D, 0xE7, 0x5D, 0xE7, 0x5D, 0xEF,
    0x5D, 0xEF, 0x5D, 0xEF, 0x5D, 0xEF, 0x5C, 0xE7, 0x6F, 0x83, 0x89, 0xA2, 0xE9, 0xAA, 0x09, 0xB3,
    0xA8, 0xAA, 0x67, 0xA2, 0x29, 0xBB, 0x6D, 0xE4, 0x2F, 0xF5, 0xAD, 0xEC, 0x09, 0xB3, 0x00, 0x10,
    0x45, 0x39, 0xBA, 0xE6, 0x16, 0xE6, 0x50, 0xE5, 0x74, 0xFE, 0x95, 0xFE, 0x74, 0xFE, 0xD5, 0xFE,
    0x8E, 0xC4, 0x88, 0x7A, 0x6C, 0xFC, 0xCA, 0xFB, 0x0E, 0xFD, 0xEE, 0xFC, 0x3B, 0xF7, 0x7C, 0xF7,
    0x7C, 0xF7, 0x7D, 0xF7, 0x9D, 0xEF, 0xDF, 0xF7, 0xFF, 0xF7, 0xDF, 0xEF, 0xDF, 0xEF, 0xDF, 0xEF,
    0xDF, 0xEF, 0xDF, 0xEF, 0xBF, 0xF7, 0xBF, 0xF7, 0xBE, 0xF7, 0xBE, 0xF7, 0xBE, 0xF7, 0xBE, 0xFF,
    0xBD, 0xFF, 0xBD, 0xFF, 0xBD, 0xFF, 0xBD, 0xFF, 0x18, 0xFF, 0x53, 0xF6, 0xF7, 0xF6, 0xBC, 0xFF,
    0xBC, 0xFF, 0x9C, 0xFF, 0x7C, 0xF7, 0x7C, 0xF7, 0x7C, 0xF7, 0x7C, 0xF7, 0x7C, 0xF7, 0x7C, 0xF7,
    0x7C, 0xF7, 0x7C, 0xF7, 0x7C, 0xF7, 0x7C, 0xF7, 0x5D, 0xDF, 0x5D, 0xDF, 0x5D, 0xDF, 0x5D, 0xDF,
    0x5D, 0xDF, 0x5D, 0xDF, 0x5D, 0xDF, 0x5D, 0xDF, 0x5D, 0xDF, 0x5D, 0xDF, 0x5D, 0xDF, 0x5D, 0xDF,
    0x5D, 0xDF, 0x5D, 0xDF, 0x5D, 0xDF, 0x5D, 0xDF, 0x5E, 0xEF, 0x9E, 0xF7, 0x7E, 0xF7, 0x5D, 0xEF,
    0x5D, 0xF7, 0x5D, 0xF7, 0x7D, 0xF7, 0x7C, 0xF7, 0x9D, 0xFF, 0xBE, 0xFF, 0xBE, 0xFF, 0x7E, 0xEF,
    0x5D, 0xDF, 0x5D, 0xDF, 0x5D, 0xDF, 0x5D, 0xDF, 0x5D, 0xDF, 0x5D, 0xDF, 0x5D, 0xDF, 0x7D, 0xE7,
    0xB5, 0x94, 0x2D, 0x4A, 0x89, 0x39, 0x06, 0x21, 0xC5, 0x18, 0x62, 0x10, 0x42, 0x08, 0xA4, 0x10,
    0x63, 0x10, 0x83, 0x10, 0xA4, 0x18, 0x83, 0x18, 0x62, 0x18, 0x62, 0x18, 0x61, 0x10, 0x61, 0x18,
    0x84, 0x59, 0x0C, 0xC4, 0x4D, 0xCC, 0xEC, 0xB3, 0xB1, 0xED, 0xD5, 0xFE, 0x95, 0xFE, 0x95, 0xFE,
    0xB5, 0xFE, 0xB5, 0xFE, 0x33, 0xFE, 0x23, 0x49, 0x61, 0x20, 0xA2, 0x28, 0xCB, 0x62, 0x7D, 0xEF,
    0x5D, 0xE7, 0x5D, 0xE7, 0x5D, 0xEF, 0x5D, 0xEF, 0x5D, 0xEF, 0x5D, 0xEF, 0x5C, 0xEF, 0x9D, 0xEF,
    0x56, 0xB5, 0xCC, 0x92, 0x85, 0x59, 0x44, 0x49, 0x89, 0x8A, 0x67, 0xA2, 0xE9, 0xB2, 0xEF, 0xEC,
    0xF2, 0xFD, 0x91, 0xFD, 0x08, 0xAB, 0x61, 0x28, 0x44, 0x49, 0x11, 0xDD, 0x33, 0xFE, 0x34, 0xFE,
    0x75, 0xFE, 0x95, 0xFE, 0x54, 0xFE, 0x95, 0xFE, 0x91, 0xE5, 0x0C, 0xBC, 0x90, 0xFD, 0x6C, 0xFC,
    0x2F, 0xFD, 0x91, 0xFD, 0x5C, 0xF7, 0x7C, 0xF7, 0x7C, 0xF7, 0x7D, 0xEF, 0x9D, 0xEF, 0xDF, 0xF7,
    0xFF, 0xEF, 0xDF, 0xEF, 0xDF, 0xF7, 0xDF, 0xF7, 0xDF, 0xF7, 0xDF, 0xF7, 0xDF, 0xF7, 0xDF, 0xF7,
    0xDF, 0xF7, 0xDE, 0xFF, 0xBE, 0xFF, 0xDE, 0xFF, 0xBD, 0xFF, 0xBD, 0xFF, 0xBD, 0xFF, 0xBC, 0xFF,
    0xBC, 0xFF, 0xDE, 0xF7, 0xDD, 0xFF, 0xBC, 0xFF, 0x9C, 0xFF, 0x7C, 0xFF, 0x7C, 0xF7, 0x7C, 0xF7,
    0x7C, 0xF7, 0x7C, 0xF7, 0x7C, 0xF7, 0x7C, 0xF7, 0x7C, 0xF7, 0x7C, 0xF7, 0x7C, 0xF7, 0x7C, 0xF7,
    0x5D, 0xDF, 0x5D, 0xDF, 0x5D, 0xDF, 0x5D, 0xDF, 0x5D, 0xDF, 0x5D, 0xDF, 0x5D, 0xDF, 0x5D, 0xDF,
    0x5D, 0xDF, 0x5D, 0xDF, 0x5D, 0xDF, 0x5D, 0xDF, 0x5D, 0xDF, 0x5D, 0xDF, 0x5D, 0xDF, 0x3D, 0xDF,
    0x1D, 0xE7, 0x3D, 0xEF, 0x5D, 0xF7, 0x3D, 0xF7, 0x3D, 0xF7, 0x3C, 0xF7, 0x5C, 0xF7, 0x5C, 0xF7,
    0x5D, 0xF7, 0x7D, 0xF7, 0x9D, 0xFF, 0x7D, 0xF7, 0x5D, 0xDF, 0x5D, 0xDF, 0x5D, 0xDF, 0x5D, 0xDF,
    0x5D, 0xDF, 0x5D, 0xDF, 0x7D, 0xE7, 0x5A, 0xC6, 0xCF, 0x62, 0x69, 0x31, 0xE6, 0x20, 0xE5, 0x20,
    0x83, 0x18, 0x42, 0x08, 0xC5, 0x18, 0xC5, 0x18, 0xC5, 0x18, 0xA4, 0x18, 0x63, 0x10, 0x42, 0x10,
    0x41, 0x18, 0x41, 0x20, 0xE3, 0x38, 0x44, 0x49, 0xA5, 0x59, 0xA5, 0x59, 0xC8, 0x8A, 0x34, 0xFE,
    0x54, 0xFE, 0x54, 0xFE, 0x74, 0xFE, 0x33, 0xFE, 0x30, 0xD5, 0x51, 0xDD, 0xB4, 0xFE, 0xA8, 0x82,
    0x20, 0x10, 0x81, 0x28, 0xAA, 0x62, 0x9E, 0xEF, 0x5D, 0xE7, 0x5D, 0xE7, 0x5D, 0xEF, 0x5D, 0xEF,
    0x5D, 0xEF, 0x5D, 0xEF, 0x5C, 0xEF, 0x9D, 0xEF, 0x9A, 0xDE, 0x6A, 0x82, 0x24, 0x39, 0x00, 0x00,
    0x08, 0x52, 0x0B, 0x9B, 0xC9, 0xAA, 0x51, 0xF5, 0x54, 0xFE, 0x33, 0xFE, 0x30, 0xED, 0xCB, 0xD3,
    0x6D, 0xEC, 0xEE, 0xF4, 0x50, 0xF5, 0xB2, 0xFD, 0x34, 0xFE, 0x54, 0xFE, 0x33, 0xFE, 0x54, 0xFE,
    0x54, 0xFE, 0x33, 0xFE, 0x6F, 0xFD, 0x50, 0xFD, 0xB1, 0xFD, 0x55, 0xF6, 0x7D, 0xEF, 0x5C, 0xF7,
    0x7C, 0xF7, 0x9D, 0xEF, 0x9D, 0xEF, 0xDF, 0xF7, 0xFF, 0xEF, 0xDF, 0xEF, 0x7E, 0xDF, 0x7E, 0xD7,
    0x7E, 0xD7, 0x7E, 0xD7, 0x7E, 0xDF, 0x7E, 0xDF, 0x7E, 0xDF, 0x5E, 0xDF, 0x5E, 0xE7, 0x7E, 0xE7,
    0x7D, 0xEF, 0x7D, 0xEF, 0x7D, 0xF7, 0xBD, 0xFF, 0xDD, 0xFF, 0xDE, 0xFF, 0xBD, 0xFF, 0x9D, 0xFF,
    0x7C, 0xFF, 0x7C, 0xF7, 0x7C, 0xF7, 0x7C, 0xF7, 0x7C, 0xF7, 0x7C, 0xF7, 0x7C, 0xF7, 0x7C, 0xF7,
    0x7C, 0xF7, 0x7C, 0xF7, 0x7C, 0xF7, 0x5C, 0xF7, 0x5D, 0xDF, 0x5D, 0xDF, 0x5D, 0xDF, 0x5D, 0xDF,
    0x5D, 0xDF, 0x5D, 0xDF, 0x5D, 0xDF, 0x5D, 0xDF, 0x5D, 0xDF, 0x5D, 0xDF, 0x5D, 0xDF, 0x5D, 0xDF,
    0x5D, 0xDF, 0x5D, 0xDF, 0x5D, 0xDF, 0x5D, 0xDF, 0xDC, 0xDE, 0xDC, 0xE6, 0xFC, 0xE6, 0xFC, 0xEE,
    0xFC, 0xEE, 0xFC, 0xEE, 0xFC, 0xEE, 0xFC, 0xEE, 0xFC, 0xEE, 0xFC, 0xEE, 0x1B, 0xEF, 0x5C, 0xEF,
    0x5D, 0xDF, 0x5D, 0xDF, 0x5D, 0xDF, 0x5D, 0xDF, 0x5D, 0xDF, 0x5D, 0xDF, 0x5D, 0xE7, 0xD5, 0x9C,
    0xCA, 0x41, 0x27, 0x29, 0x06, 0x29, 0x62, 0x10, 0x21, 0x00, 0x06, 0x21, 0x27, 0x29, 0xE5, 0x20,
    0x83, 0x18, 0x42, 0x10, 0x62, 0x18, 0xE3, 0x40, 0x85, 0x61, 0x09, 0x9B, 0x4C, 0xCC, 0xAE, 0xD4,
    0xAE, 0xD4, 0x6D, 0xCC, 0x8E, 0xCC, 0xB1, 0xF5, 0xF3, 0xFD, 0x13, 0xFE, 0x33, 0xFE, 0x71, 0xE5,
    0x67, 0x82, 0xA5, 0x61, 0x0A, 0x8B, 0x2A, 0x8B, 0x00, 0x08, 0x61, 0x20, 0xAB, 0x62, 0x9E, 0xEF,
    0x5C, 0xEF, 0x5D, 0xEF, 0x5D, 0xEF, 0x5D, 0xEF, 0x5D, 0xEF, 0x7D, 0xEF, 0x5D, 0xEF, 0x7D, 0xEF,
    0xFC, 0xE6, 0x90, 0xA3, 0xAB, 0x92, 0x07, 0x7A, 0xC9, 0x92, 0xEA, 0xA2, 0x2C, 0xB3, 0x72, 0xFD,
    0x54, 0xFE, 0x74, 0xFE, 0xD2, 0xFD, 0x51, 0xF5, 0x10, 0xED, 0x30, 0xF5, 0x51, 0xFD, 0xB2, 0xFD,
    0x13, 0xFE, 0xF3, 0xFD, 0xF2, 0xFD, 0x33, 0xFE, 0x54, 0xFE, 0x33, 0xFE, 0xF2, 0xFD, 0x12, 0xFE,
    0xD2, 0xFD, 0x1A, 0xF7, 0x7D, 0xEF, 0x5C, 0xEF, 0x7C, 0xEF, 0x9D, 0xEF, 0x9D, 0xEF, 0xDF, 0xF7,
    0xFF, 0xEF, 0xDF, 0xEF, 0x7E, 0xD7, 0x5E, 0xCF, 0x5E, 0xD7, 0x5E, 0xD7, 0x5E, 0xD7, 0x5E, 0xD7,
    0x5E, 0xD7, 0x5E, 0xDF, 0x5E, 0xDF, 0x5E, 0xE7, 0x5D, 0xE7, 0x5D, 0xE7, 0x5D, 0xEF, 0xBD, 0xFF,
    0xBD, 0xFF, 0xDE, 0xFF, 0xBD, 0xF7, 0x9D, 0xF7, 0x7C, 0xF7, 0x7C, 0xF7, 0x7C, 0xF7, 0x7C, 0xF7,
    0x5C, 0xF7, 0x5C, 0xF7, 0x7C, 0xF7, 0x7C, 0xF7, 0x5C, 0xF7, 0x5C, 0xF7, 0x5C, 0xF7, 0x5C, 0xF7,
    0x5D, 0xDF, 0x5D, 0xDF, 0x5D, 0xDF, 0x5D, 0xDF, 0x5D, 0xDF, 0x5D, 0xDF, 0x5D, 0xDF, 0x5D, 0xDF,
    0x5D, 0xDF, 0x5D, 0xDF, 0x5D, 0xDF, 0x5D, 0xDF, 0x5D, 0xDF, 0x5D, 0xDF, 0x5D, 0xDF, 0x5D, 0xDF,
    0x3D, 0xDF, 0x1C, 0xDF, 0xFC, 0xDE, 0x1C, 0xDF, 0x1C, 0xDF, 0x1C, 0xDF, 0x1C, 0xDF, 0x1C, 0xE7,
    0x1C, 0xE7, 0x1C, 0xDF, 0x1C, 0xE7, 0x5D, 0xE7, 0x5D, 0xDF, 0x5D, 0xDF, 0x5D, 0xDF, 0x5D, 0xE7,
    0x5D, 0xDF, 0x7D, 0xE7, 0x1C, 0xDF, 0xD2, 0x83, 0xAA, 0x41, 0x47, 0x31, 0x62, 0x18, 0x41, 0x28,
    0xC2, 0x40, 0xA4, 0x20, 0xA4, 0x18, 0x83, 0x18, 0xC3, 0x30, 0x85, 0x59, 0x68, 0x82, 0x4A, 0xAB,
    0x2D, 0xCC, 0xEF, 0xEC, 0x30, 0xF5, 0x90, 0xFD, 0xB1, 0xFD, 0x70, 0xED, 0x30, 0xED, 0x70, 0xED,
    0xD2, 0xF5, 0xF2, 0xFD, 0xF2, 0xFD, 0xB1, 0xF5, 0x70, 0xF5, 0x50, 0xED, 0x2D, 0xC4, 0x85, 0x49,
    0x20, 0x08, 0x41, 0x18, 0x0D, 0x6B, 0xBE, 0xF7, 0x5C, 0xE7, 0x5D, 0xEF, 0x5D, 0xEF, 0x5D, 0xEF,
    0x5D, 0xEF, 0x5D, 0xEF, 0x5D, 0xEF, 0x5D, 0xEF, 0x3C, 0xE7, 0xF1, 0xB3, 0xEB, 0xB2, 0x8B, 0xC3,
    0xAB, 0xC3, 0xEA, 0xAA, 0x8E, 0xBB, 0x92, 0xFD, 0x54, 0xFE, 0x74, 0xFE, 0xD2, 0xFD, 0x30, 0xF5,
    0xCF, 0xF4, 0xCF, 0xF4, 0xEF, 0xFC, 0x50, 0xFD, 0x91, 0xFD, 0x91, 0xFD, 0xB1, 0xFD, 0x13, 0xFE,
    0x54, 0xFE, 0x33, 0xFE, 0xF1, 0xFD, 0x70, 0xFD, 0x76, 0xF6, 0x9D, 0xEF, 0x5C, 0xEF, 0x7C, 0xF7,
    0x7C, 0xEF, 0x7D, 0xEF, 0x9D, 0xEF, 0xFF, 0xF7, 0xFF, 0xEF, 0xDF, 0xE7, 0xBF, 0xDF, 0x9F, 0xDF,
    0x9F, 0xDF, 0x9F, 0xDF, 0x9F, 0xDF, 0x9F, 0xE7, 0x9E, 0xE7, 0x7E, 0xE7, 0x7E, 0xE7, 0x7E, 0xEF,
    0xBE, 0xF7, 0xDE, 0xFF, 0xBE, 0xFF, 0xBD, 0xFF, 0xBD, 0xFF, 0xDE, 0xFF, 0x9D, 0xF7, 0x9D, 0xF7,
    0x7C, 0xF7, 0x7C, 0xF7, 0x7C, 0xF7, 0x7C, 0xF7, 0x7C, 0xF7, 0x7C, 0xF7, 0x7C, 0xF7, 0x5C, 0xF7,
    0x5C, 0xF7, 0x7C, 0xF7, 0x7C, 0xF7, 0x5C, 0xF7, 0x5D, 0xE7, 0x5D, 0xDF, 0x5D, 0xDF, 0x5D, 0xDF,
    0x5D, 0xDF, 0x5D, 0xDF, 0x5D, 0xDF, 0x5D, 0xDF, 0x5D, 0xE7, 0x5D, 0xE7, 0x5D, 0xE7, 0x5D, 0xE7,
    0x5D, 0xDF, 0x5D, 0xDF, 0x5D, 0xE7, 0x5D, 0xE7, 0x5D, 0xE7, 0x5D, 0xE7, 0x5D, 0xE7, 0x7D, 0xE7,
    0x7D, 0xE7, 0x7D, 0xE7, 0x7D, 0xE7, 0x5D, 0xE7, 0x5D, 0xE7, 0x5D, 0xE7, 0x5D, 0xE7, 0x5D, 0xE7,
    0x5D, 0xE7, 0x5D, 0xE7, 0x5D, 0xE7, 0x5D, 0xE7, 0x5D, 0xE7, 0x7D, 0xE7, 0xFC, 0xD6, 0xB1, 0x7B,
    0xA9, 0x41, 0xC4, 0x20, 0xA2, 0x40, 0xA5, 0x91, 0xA5, 0x99, 0x85, 0x71, 0xA4, 0x18, 0x62, 0x20,
    0x89, 0x8A, 0xCE, 0xB3, 0xEE, 0xBB, 0x2D, 0xC4, 0xAC, 0xB3, 0xA8, 0x8A, 0x47, 0x7A, 0x2A, 0x93,
    0xCF, 0xD4, 0xB1, 0xFD, 0xEF, 0xEC, 0x30, 0xED, 0xB2, 0xF5, 0xD2, 0xFD, 0xB1, 0xF5, 0x70, 0xF5,
    0xB1, 0xFD, 0xD1, 0xFD, 0x33, 0xFE, 0xE9, 0x82, 0x00, 0x00, 0x21, 0x10, 0xB3, 0x9C, 0xBE, 0xF7,
    0x3C, 0xE7, 0x5C, 0xE7, 0x5C, 0xE7, 0x5D, 0xEF, 0x7D, 0xEF, 0x5C, 0xE7, 0x5C, 0xEF, 0x5D, 0xEF,
    0x3C, 0xEF, 0xB0, 0xAB, 0x4C, 0xBB, 0xED, 0xCB, 0xAC, 0xC3, 0x0B, 0xAB, 0xCF, 0xC3, 0x72, 0xFD,
    0x34, 0xFE, 0x34, 0xFE, 0xF2, 0xFD, 0xCE, 0xF4, 0x6D, 0xEC, 0x4D, 0xEC, 0x6D, 0xF4, 0xCE, 0xF4,
    0x2F, 0xFD, 0x50, 0xFD, 0x91, 0xFD, 0xF2, 0xFD, 0x54, 0xFE, 0xD2, 0xF5, 0x0F, 0xED, 0x56, 0xF6,
    0x7C, 0xEF, 0x7C, 0xEF, 0x7C, 0xEF, 0x7C, 0xF7, 0x7D, 0xEF, 0x7D, 0xEF, 0x9E, 0xEF, 0xFF, 0xEF,
    0xFF, 0xE7, 0xDF, 0xE7, 0x5E, 0xCF, 0x3E, 0xC7, 0x3E, 0xC7, 0x3E, 0xC7, 0x3E, 0xCF, 0x3E, 0xCF,
    0x3E, 0xCF, 0x3E, 0xD7, 0x3E, 0xD7, 0x3E, 0xD7, 0x9E, 0xEF, 0xBE, 0xF7, 0xBE, 0xF7, 0xBE, 0xF7,
    0xBE, 0xFF, 0xDE, 0xFF, 0x9D, 0xF7, 0x7D, 0xEF, 0x7C, 0xF7, 0x7C, 0xF7, 0x7C, 0xF7, 0x7C, 0xF7,
    0x7C, 0xF7, 0x7C, 0xF7, 0x7C, 0xF7, 0x7C, 0xF7, 0x7C, 0xF7, 0x7C, 0xF7, 0x7C, 0xF7, 0x7C, 0xF7,
    0x5D, 0xE7, 0x5D, 0xE7, 0x5D, 0xE7, 0x5D, 0xE7, 0x5D, 0xE7, 0x5D, 0xE7, 0x5D, 0xE7, 0x5D, 0xE7,
    0x5D, 0xE7, 0x5D, 0xE7, 0x5D, 0xE7, 0x5D, 0xE7, 0x5D, 0xE7, 0x5D, 0xE7, 0x5D, 0xE7, 0x5D, 0xE7,
    0x5D, 0xE7, 0x5D, 0xE7, 0x5D, 0xE7, 0x5D, 0xE7, 0x5D, 0xE7, 0x5D, 0xE7, 0x5D, 0xE7, 0x5D, 0xE7,
    0x5D, 0xE7, 0x5D, 0xE7, 0x5D, 0xE7, 0x5D, 0xE7, 0x5D, 0xE7, 0x5D, 0xE7, 0x5D, 0xE7, 0x5D, 0xE7,
    0x5D, 0xE7, 0x7D, 0xE7, 0x3C, 0xDF, 0x53, 0x94, 0x06, 0x29, 0x61, 0x10, 0xE6, 0x81, 0xC5, 0xA1,
    0xA5, 0x89, 0x27, 0x92, 0x06, 0x31, 0x04, 0x39, 0xF0, 0xB3, 0x10, 0xBC, 0x70, 0xCC, 0x0D, 0xBC,
    0x85, 0x59, 0x89, 0x72, 0xF2, 0xB4, 0xE7, 0x59, 0x61, 0x20, 0x4D, 0xCC, 0x50, 0xF5, 0x30, 0xED,
    0xB2, 0xF5, 0xD2, 0xFD, 0x90, 0xF5, 0x91, 0xFD, 0xEF, 0xDC, 0x6A, 0xA3, 0x8E, 0xD4, 0x09, 0x83,
    0x00, 0x00, 0x25, 0x29, 0x3C, 0xE7, 0xDE, 0xF7, 0xBE, 0xF7, 0xBE, 0xF7, 0xDE, 0xF7, 0x7D, 0xEF,
    0xFB, 0xDE, 0x9D, 0xF7, 0x7D, 0xEF, 0x5C, 0xEF, 0x7D, 0xEF, 0xAF, 0xAB, 0xA9, 0xAA, 0x6B, 0xC3,
    0x2A, 0xC3, 0xCA, 0xAA, 0xF0, 0xCB, 0x10, 0xFD, 0x13, 0xFE, 0x75, 0xFE, 0x33, 0xFE, 0xAD, 0xF4,
    0x89, 0xDB, 0x69, 0xDB, 0xEB, 0xE3, 0x6C, 0xEC, 0xCE, 0xF4, 0x2F, 0xFD, 0x90, 0xFD, 0xF2, 0xFD,
    0x33, 0xFE, 0x56, 0xEE, 0x7D, 0xEF, 0x9D, 0xF7, 0x7C, 0xEF, 0x7C, 0xEF, 0x7C, 0xEF, 0x7C, 0xF7,
    0x7D, 0xEF, 0x7D, 0xEF, 0x9D, 0xEF, 0xFF, 0xEF, 0xFF, 0xE7, 0xFF, 0xE7, 0xFF, 0xEF, 0xDF, 0xEF,
    0xDF, 0xEF, 0xDF, 0xEF, 0xDF, 0xEF, 0xDF, 0xEF, 0xDF, 0xEF, 0xDF, 0xF7, 0xBF, 0xF7, 0xBF, 0xF7,
    0xBE, 0xF7, 0xBE, 0xF7, 0xBE, 0xF7, 0xBE, 0xF7, 0xBE, 0xF7, 0xDF, 0xFF, 0x9D, 0xEF, 0x7D, 0xEF,
    0x7C, 0xF7, 0x7C, 0xF7, 0x7C, 0xF7, 0x7C, 0xF7, 0x7C, 0xF7, 0x7C, 0xF7, 0x7C, 0xF7, 0x7C, 0xF7,
    0x7C, 0xF7, 0x7C, 0xF7, 0x7C, 0xF7, 0x5C, 0xF7, 0x5D, 0xE7, 0x5D, 0xE7, 0x5D, 0xE7, 0x5D, 0xE7,
    0x5D, 0xE7, 0x5D, 0xE7, 0x5D, 0xE7, 0x5D, 0xE7, 0x5D, 0xE7, 0x5D, 0xE7, 0x5D, 0xE7, 0x5D, 0xE7,
    0x5D, 0xE7, 0x5D, 0xE7, 0x5D, 0xE7, 0x5D, 0xE7, 0x5D, 0xE7, 0x5D, 0xE7, 0x5D, 0xE7, 0x5D, 0xE7,
    0x5D, 0xE7, 0x5D, 0xE7, 0x5D, 0xE7, 0x5D, 0xE7, 0x5D, 0xE7, 0x5D, 0xE7, 0x5D, 0xE7, 0x5D, 0xE7,
    0x5D, 0xE7, 0x5D, 0xE7, 0x5D, 0xE7, 0x5D, 0xE7, 0x5D, 0xE7, 0x5D, 0xE7, 0x9E, 0xEF, 0xB4, 0x9C,
    0xA4, 0x20, 0x41, 0x10, 0x47, 0x92, 0x27, 0xAA, 0xE6, 0x99, 0x06, 0x9A, 0x46, 0x41, 0xE8, 0x61,
    0x52, 0xC4, 0x11, 0xBC, 0x70, 0xD4, 0x11, 0xE5, 0x72, 0xED, 0x72, 0xED, 0xF4, 0xFD, 0xCC, 0xAB,
    0x44, 0x31, 0x06, 0x7A, 0x91, 0xFD, 0x50, 0xED, 0xF2, 0xFD, 0xF2, 0xFD, 0xB1, 0xFD, 0x8E, 0xD4,
    0xC2, 0x30, 0x82, 0x20, 0xC2, 0x38, 0xE3, 0x30, 0x41, 0x08, 0x96, 0xB5, 0xFB, 0xDE, 0x55, 0xAD,
    0xB3, 0x9C, 0x31, 0x8C, 0x11, 0x84, 0x93, 0x94, 0xD3, 0x9C, 0xD4, 0x9C, 0x3C, 0xE7, 0x7C, 0xEF,
    0xFE, 0xF7, 0x31, 0xB4, 0xC6, 0x99, 0xC9, 0xBA, 0xA8, 0xB2, 0x89, 0xAA, 0x0A, 0xCB, 0x0B, 0xEC,
    0x0F, 0xFD, 0xCE, 0xF4, 0x8D, 0xEC, 0x4F, 0xF5, 0xCE, 0xE4, 0x8A, 0xCB, 0xC7, 0xC2, 0x89, 0xDB,
    0xAD, 0xEC, 0x0E, 0xF5, 0x70, 0xFD, 0xD1, 0xFD, 0x13, 0xFE, 0xF9, 0xF6, 0x9D, 0xEF, 0x5C, 0xEF,
    0x7C, 0xEF, 0x7C, 0xEF, 0x7C, 0xEF, 0x7C, 0xEF, 0x7D, 0xEF, 0x7D, 0xEF, 0x9E, 0xEF, 0xFF, 0xEF,
    0xFF, 0xE7, 0xDF, 0xE7, 0xDE, 0xDF, 0xDE, 0xDF, 0xDE, 0xDF, 0xDE, 0xDF, 0xDE, 0xDF, 0xBE, 0xE7,
    0xBE, 0xE7, 0xBE, 0xE7, 0xBE, 0xEF, 0xBF, 0xEF, 0x9E, 0xEF, 0x9E, 0xEF, 0x9E, 0xEF, 0xBE, 0xF7,
    0xBF, 0xF7, 0xDF, 0xF7, 0x9D, 0xEF, 0x7D, 0xEF, 0x7C, 0xF7, 0x7C, 0xF7, 0x7C, 0xF7, 0x7C, 0xF7,
    0x7C, 0xF7, 0x7C, 0xF7, 0x7C, 0xF7, 0x7C, 0xF7, 0x7C, 0xF7, 0x7C, 0xF7, 0x7C, 0xF7, 0x5C, 0xF7,
    0x7D, 0xE7, 0x5D, 0xE7, 0x5D, 0xE7, 0x5D, 0xE7, 0x5D, 0xE7, 0x5D, 0xE7, 0x5D, 0xE7, 0x5D, 0xE7,
    0x5D, 0xE7, 0x5D, 0xE7, 0x5D, 0xE7, 0x5D, 0xE7, 0x5D, 0xE7, 0x5D, 0xE7, 0x5D, 0xE7, 0x5D, 0xE7,
    0x5D, 0xE7, 0x5D, 0xE7, 0x5D, 0xE7, 0x5D, 0xE7, 0x5D, 0xE7, 0x5D, 0xE7, 0x5D, 0xE7, 0x5D, 0xE7,
    0x5D, 0xE7, 0x5D, 0xE7, 0x7D, 0xE7, 0x7D, 0xE7, 0x7D, 0xE7, 0x7D, 0xE7, 0x7D, 0xE7, 0x7D, 0xE7,
    0x7D, 0xE7, 0x5D, 0xE7, 0x9E, 0xEF, 0xD7, 0xBD, 0xC4, 0x20, 0x01, 0x00, 0x89, 0x8A, 0xC9, 0xBA,
    0xA5, 0x91, 0x27, 0x9A, 0x29, 0x6A, 0xAB, 0x82, 0x73, 0xCC, 0x11, 0xC4, 0x0F, 0xD4, 0x90, 0xE4,
    0x31, 0xF5, 0x92, 0xFD, 0x71, 0xF5, 0xF3, 0xFD, 0xD2, 0xF5, 0x10, 0xDD, 0xB2, 0xF5, 0xB2, 0xF5,
    0x54, 0xFE, 0x33, 0xFE, 0xD2, 0xFD, 0x32, 0xD5, 0x47, 0x72, 0x2A, 0x93, 0x4E, 0xBC, 0x64, 0x39,
    0xC3, 0x18, 0x0C, 0x63, 0x46, 0x31, 0x66, 0x31, 0x46, 0x31, 0x26, 0x29, 0x47, 0x29, 0x27, 0x29,
    0x2A, 0x4A, 0x6B, 0x4A, 0x6F, 0x6B, 0x5C, 0xEF, 0xDB, 0xD6, 0x95, 0xC5, 0xA5, 0x89, 0x47, 0xAA,
    0x67, 0xAA, 0x47, 0xA2, 0x26, 0xAA, 0x86, 0xC2, 0xC7, 0xCA, 0x28, 0xCB, 0xCE, 0xDC, 0xD2, 0xED,
    0x91, 0xED, 0x8E, 0xD4, 0xE5, 0x91, 0xC7, 0xBA, 0xAD, 0xEC, 0x4F, 0xF5, 0x6F, 0xF5, 0xB1, 0xF5,
    0xF2, 0xF5, 0xF9, 0xF6, 0x7D, 0xEF, 0x5C, 0xEF, 0x7C, 0xEF, 0x7C, 0xEF, 0x7C, 0xEF, 0x7C, 0xEF,
    0x7D, 0xEF, 0x7D, 0xEF, 0x9E, 0xE7, 0xFF, 0xEF, 0xFF, 0xE7, 0xDE, 0xDF, 0x56, 0xA7, 0x35, 0x9F,
    0x35, 0x9F, 0x35, 0x9F, 0x35, 0xA7, 0x35, 0xA7, 0x35, 0xAF, 0x35, 0xAF, 0x5B, 0xCF, 0x5F, 0xD7,
    0x5E, 0xD7, 0x5E, 0xD7, 0x5E, 0xDF, 0x9F, 0xEF, 0xBF, 0xF7, 0xDF, 0xF7, 0x9D, 0xEF, 0x7D, 0xEF,
    0x7C, 0xF7, 0x7C, 0xF7, 0x7C, 0xF7, 0x7C, 0xF7, 0x7C, 0xF7, 0x7C, 0xF7, 0x7C, 0xF7, 0x7C, 0xF7,
    0x7C, 0xF7, 0x7C, 0xF7, 0x7C, 0xF7, 0x7C, 0xF7, 0x5D, 0xE7, 0x7D, 0xE7, 0x5D, 0xE7, 0x5D, 0xE7,
    0x5D, 0xE7, 0x5D, 0xE7, 0x5D, 0xE7, 0x5D, 0xE7, 0x5D, 0xE7, 0x5D, 0xE7, 0x5D, 0xE7, 0x5D, 0xE7,
    0x5D, 0xE7, 0x5D, 0xE7, 0x5D, 0xE7, 0x5D, 0xE7, 0x5D, 0xE7, 0x5D, 0xE7, 0x5D, 0xE7, 0x5D, 0xE7,
    0x5D, 0xE7, 0x5D, 0xE7, 0x5D, 0xE7, 0x7D, 0xE7, 0x7D, 0xE7, 0x7D, 0xE7, 0x7D, 0xE7, 0x7D, 0xE7,
    0x7D, 0xE7, 0x7D, 0xE7, 0x7D, 0xE7, 0x7D, 0xE7, 0x7D, 0xE7, 0x5D, 0xE7, 0x5D, 0xE7, 0x7E, 0xEF,
    0xAF, 0x7B, 0x84, 0x10, 0xE8, 0x51, 0x4B, 0xCB, 0xE7, 0x99, 0xC6, 0x89, 0x4C, 0xA3, 0xF0, 0xB3,
    0x73, 0xC4, 0xF1, 0xC3, 0xAE, 0xCB, 0xEE, 0xDB, 0x6F, 0xEC, 0x31, 0xFD, 0xF4, 0xFD, 0x34, 0xFE,
    0x55, 0xFE, 0xB6, 0xFE, 0x13, 0xFE, 0xF3, 0xFD, 0x75, 0xFE, 0x74, 0xFE, 0x13, 0xFE, 0x13, 0xFE,
    0x13, 0xFE, 0xD2, 0xFD, 0x74, 0xFE, 0x4A, 0x8B, 0x00, 0x00, 0x61, 0x18, 0x65, 0x31, 0x66, 0x31,
    0x05, 0x21, 0x26, 0x29, 0x26, 0x29, 0x06, 0x21, 0x27, 0x21, 0x4C, 0x42, 0x2C, 0x42, 0x8D, 0x52,
    0x4C, 0x4A, 0xD0, 0x7B, 0x48, 0x82, 0xC5, 0x99, 0x05, 0x9A, 0x47, 0x92, 0xA8, 0x9A, 0x26, 0x9A,
    0x08, 0xB3, 0x6D, 0xDC, 0xAE, 0xE4, 0xAE, 0xE4, 0xB3, 0xF5, 0xA9, 0x82, 0x09, 0xA3, 0x4C, 0xDC,
    0xAD, 0xE4, 0x2F, 0xED, 0x70, 0xED, 0x91, 0xF5, 0xD3, 0xF5, 0x3B, 0xF7, 0x7C, 0xEF, 0x5C, 0xEF,
    0x7C, 0xEF, 0x7C, 0xEF, 0x7C, 0xEF, 0x7C, 0xEF, 0x7C, 0xEF, 0x7D, 0xEF, 0x7D, 0xE7, 0xDF, 0xEF,
    0xFF, 0xE7, 0xDE, 0xDF, 0xBD, 0xCF, 0xBC, 0xCF, 0xBC, 0xCF, 0xBC, 0xCF, 0xBC, 0xCF, 0xBC, 0xCF,
    0xBC, 0xD7, 0xBC, 0xD7, 0xBE, 0xE7, 0xBF, 0xE7, 0xBF, 0xE7, 0xBF, 0xEF, 0xBF, 0xEF, 0xBF, 0xEF,
    0xBF, 0xEF, 0xDF, 0xF7, 0x9D, 0xEF, 0x7D, 0xEF, 0x7C, 0xF7, 0x7C, 0xF7, 0x7C, 0xF7, 0x7C, 0xF7,
    0x7C, 0xF7, 0x7C, 0xF7, 0x7C, 0xF7, 0x7C, 0xF7, 0x7C, 0xF7, 0x7C, 0xF7, 0x7C, 0xF7, 0x7C, 0xF7,
    0x5D, 0xE7, 0x5D, 0xE7, 0x5D, 0xE7, 0x5D, 0xE7, 0x5D, 0xE7, 0x5D, 0xE7, 0x5D, 0xE7, 0x5D, 0xE7,
    0x5D, 0xE7, 0x5D, 0xE7, 0x5D, 0xE7, 0x5D, 0xE7, 0x5D, 0xE7, 0x5D, 0xE7, 0x7D, 0xE7, 0x7D, 0xE7,
    0x5D, 0xE7, 0x7D, 0xE7, 0x7D, 0xE7, 0x7D, 0xE7, 0x7D, 0xE7, 0x7D, 0xE7, 0x7D, 0xE7, 0x7D, 0xE7,
    0x7D, 0xE7, 0x7D, 0xE7, 0x7D, 0xE7, 0x7D, 0xE7, 0x7D, 0xE7, 0x7D, 0xE7, 0x7D, 0xE7, 0x5D, 0xE7,
    0x5D, 0xE7, 0x5D, 0xE7, 0x3C, 0xE7, 0xBE, 0xF7, 0x97, 0xB5, 0xAA, 0x39, 0x42, 0x08, 0x48, 0x82,
    0x4C, 0xCB, 0xAA, 0x9A, 0x2B, 0xA3, 0x31, 0xBC, 0x73, 0xC4, 0xF1, 0xC3, 0x6E, 0xC3, 0x8D, 0xD3,
    0x0E, 0xE4, 0x8F, 0xF4, 0x31, 0xFD, 0xF4, 0xFD, 0x55, 0xFE, 0x55, 0xFE, 0x34, 0xFE, 0xB2, 0xFD,
    0xB2, 0xFD, 0x13, 0xFE, 0x54, 0xFE, 0x54, 0xFE, 0x14, 0xFE, 0xD3, 0xFD, 0xD2, 0xFD, 0x6A, 0xA3,
    0x41, 0x10, 0xC7, 0x41, 0x08, 0x4A, 0xC7, 0x41, 0xE5, 0x20, 0xC4, 0x20, 0x83, 0x18, 0xA4, 0x18,
    0xC5, 0x18, 0xE5, 0x20, 0xE6, 0x20, 0xA5, 0x18, 0xA5, 0x18, 0x43, 0x00, 0xA3, 0x28, 0xC5, 0x89,
    0x26, 0x9A, 0xC5, 0x89, 0xE6, 0x89, 0xA8, 0xB2, 0x29, 0xC3, 0xAB, 0xCB, 0xD0, 0xDC, 0x53, 0xD5,
    0xCB, 0x7A, 0xA9, 0x8A, 0xF2, 0xFD, 0x0E, 0xE5, 0x0E, 0xED, 0x2F, 0xED, 0x4F, 0xED, 0x71, 0xED,
    0xB2, 0xF5, 0x3B, 0xF7, 0xBD, 0xF7, 0x7C, 0xF7, 0x5C, 0xEF, 0x7C, 0xEF, 0x7C, 0xEF, 0x7C, 0xEF,
    0x7C, 0xEF, 0x7D, 0xEF, 0x7D, 0xE7, 0xBE, 0xEF, 0xFF, 0xEF, 0xFF, 0xE7, 0xFF, 0xE7, 0xFF, 0xE7,
    0xFF, 0xE7, 0xFF, 0xE7, 0xFF, 0xE7, 0xFF, 0xE7, 0xDF, 0xE7, 0xDF, 0xEF, 0xDF, 0xEF, 0xDF, 0xEF,
    0xDF, 0xEF, 0xDF, 0xEF, 0xDF, 0xEF, 0xDF, 0xEF, 0xDF, 0xF7, 0xBF, 0xF7, 0x7D, 0xEF, 0x7D, 0xEF,
    0x7C, 0xF7, 0x7C, 0xF7, 0x7C, 0xF7, 0x7C, 0xF7, 0x7C, 0xF7, 0x7C, 0xF7, 0x7C, 0xF7, 0x7C, 0xF7,
    0x7C, 0xF7, 0x7C, 0xF7, 0x7C, 0xF7, 0x7C, 0xF7, 0x5D, 0xE7, 0x5D, 0xE7, 0x5D, 0xE7, 0x5D, 0xE7,
    0x5D, 0xE7, 0x5D, 0xE7, 0x5D, 0xE7, 0x5D, 0xE7, 0x5D, 0xE7, 0x5D, 0xE7, 0x7D, 0xE7, 0x7D, 0xE7,
    0x5D, 0xE7, 0x5D, 0xE7, 0x7D, 0xE7, 0x7D, 0xE7, 0x7D, 0xE7, 0x7E, 0xE7, 0x9E, 0xE7, 0x9E, 0xE7,
    0x9E, 0xE7, 0x9E, 0xE7, 0x9E, 0xE7, 0x7E, 0xE7, 0x7D, 0xE7, 0x7D, 0xE7, 0x5D, 0xE7, 0x5D, 0xE7,
    0x5D, 0xE7, 0x5D, 0xE7, 0x5D, 0xE7, 0x7D, 0xE7, 0x7D, 0xEF, 0x9D, 0xEF, 0xBE, 0xF7, 0xB7, 0xBD,
    0x0B, 0x4A, 0x48, 0x31, 0x42, 0x10, 0x42, 0x10, 0xA9, 0x8A, 0x2F, 0xAC, 0xE9, 0xAA, 0x10, 0xBC,
    0x53, 0xC4, 0xD0, 0xBB, 0x4D, 0xBB, 0x4C, 0xCB, 0xAC, 0xDB, 0x2E, 0xEC, 0xAF, 0xF4, 0x31, 0xFD,
    0x92, 0xFD, 0xD3, 0xFD, 0x71, 0xF5, 0x10, 0xFD, 0x71, 0xFD, 0xF3, 0xFD, 0x33, 0xFE, 0x34, 0xFE,
    0x14, 0xFE, 0x92, 0xFD, 0x71, 0xFD, 0xC8, 0x9A, 0xE3, 0x20, 0x08, 0x52, 0x08, 0x52, 0x25, 0x29,
    0x05, 0x29, 0xE4, 0x20, 0xC4, 0x20, 0xA3, 0x18, 0x83, 0x18, 0x83, 0x10, 0x41, 0x08, 0x63, 0x10,
    0x63, 0x10, 0x42, 0x08, 0x01, 0x00, 0xE3, 0x48, 0x46, 0x92, 0x47, 0x92, 0xE3, 0x58, 0xE7, 0x59,
    0x2B, 0x8B, 0x2B, 0x93, 0xAA, 0x82, 0x44, 0x71, 0x06, 0xA2, 0xB2, 0xFD, 0xD1, 0xF5, 0x70, 0xED,
    0x4F, 0xED, 0x4F, 0xED, 0x4F, 0xE5, 0x0F, 0xE5, 0xF2, 0xFD, 0x13, 0xBD, 0x94, 0x8C, 0x3C, 0xE7,
    0x7C, 0xEF, 0x5C, 0xEF, 0x7C, 0xEF, 0x7C, 0xEF, 0x7C, 0xEF, 0x7D, 0xEF, 0x7D, 0xE7, 0x7D, 0xE7,
    0xBE, 0xE7, 0xDF, 0xE7, 0xDF, 0xE7, 0xDF, 0xE7, 0xDF, 0xE7, 0xDF, 0xE7, 0xDF, 0xE7, 0xDF, 0xEF,
    0xDF, 0xEF, 0xDF, 0xEF, 0xDF, 0xEF, 0xDF, 0xEF, 0xDF, 0xEF, 0xDF, 0xEF, 0xDF, 0xEF, 0xDF, 0xF7,
    0xBE, 0xEF, 0x7D, 0xE7, 0x7D, 0xEF, 0x7D, 0xEF, 0x7C, 0xF7, 0x7C, 0xF7, 0x7C, 0xF7, 0x7C, 0xF7,
    0x7C, 0xF7, 0x7C, 0xF7, 0x7C, 0xF7, 0x7C, 0xF7, 0x7C, 0xF7, 0x7C, 0xF7, 0x5C, 0xF7, 0x5C, 0xF7,
    0x5D, 0xE7, 0x5D, 0xE7, 0x5D, 0xE7, 0x5D, 0xE7, 0x5D, 0xE7, 0x5D, 0xE7, 0x5D, 0xE7, 0x5D, 0xE7,
    0x5D, 0xE7, 0x5D, 0xE7, 0x5D, 0xE7, 0x5D, 0xE7, 0x5D, 0xE7, 0x5D, 0xE7, 0x7D, 0xE7, 0x7D, 0xE7,
    0x9E, 0xE7, 0xBE, 0xE7, 0xBE, 0xE7, 0xDF, 0xE7, 0xDF, 0xE7, 0xDF, 0xDF, 0xBE, 0xE7, 0xBE, 0xE7,
    0x9E, 0xE7, 0x7D, 0xE7, 0x5D, 0xE7, 0x5D, 0xE7, 0x5D, 0xE7, 0x5D, 0xE7, 0x5D, 0xE7, 0x3C, 0xE7,
    0x9A, 0xD6, 0x18, 0xC6, 0x52, 0x8C, 0x6D, 0x5A, 0x48, 0x31, 0x27, 0x29, 0x62, 0x18, 0x62, 0x10,
    0x41, 0x08, 0x68, 0x6A, 0xA2, 0x30, 0xEB, 0x8A, 0x52, 0xCC, 0xAF, 0xBB, 0x4C, 0xBB, 0x2B, 0xC3,
    0x6B, 0xD3, 0xEC, 0xE3, 0x4D, 0xEC, 0x4D, 0xEC, 0xAE, 0xE4, 0x50, 0xF5, 0xAA, 0xD3, 0xE8, 0xD2,
    0x0C, 0xEC, 0xAD, 0xF4, 0x2F, 0xFD, 0x71, 0xFD, 0x30, 0xFD, 0x10, 0xFD, 0x0F, 0xFD, 0xC6, 0x69,
    0xC3, 0x20, 0x65, 0x39, 0x86, 0x39, 0xA7, 0x41, 0xE7, 0x49, 0xC7, 0x49, 0x86, 0x39, 0x04, 0x29,
    0x04, 0x29, 0xA3, 0x20, 0x42, 0x08, 0x62, 0x10, 0x83, 0x18, 0x62, 0x10, 0x42, 0x08, 0x20, 0x08,
    0x84, 0x69, 0x67, 0x92, 0x47, 0x92, 0x04, 0x71, 0xC2, 0x58, 0x24, 0x89, 0x06, 0xB2, 0x8B, 0xE3,
    0x50, 0xFD, 0xD1, 0xF5, 0xB1, 0xF5, 0x90, 0xED, 0x70, 0xED, 0x4F, 0xE5, 0xEF, 0xDC, 0xAE, 0xDC,
    0x12, 0xFE, 0x72, 0xD5, 0x47, 0x39, 0x17, 0x95, 0x7D, 0xEF, 0x7C, 0xEF, 0x7C, 0xEF, 0x7C, 0xEF,
    0x5C, 0xEF, 0x7C, 0xEF, 0x7D, 0xE7, 0x7D, 0xE7, 0x5D, 0xDF, 0x7D, 0xDF, 0x7E, 0xDF, 0x7E, 0xD7,
    0x7E, 0xD7, 0x7E, 0xD7, 0x7E, 0xDF, 0x7E, 0xDF, 0x7E, 0xDF, 0x7E, 0xDF, 0x5E, 0xDF, 0x5E, 0xDF,
    0x7E, 0xDF, 0x7E, 0xDF, 0x5D, 0xDF, 0x5D, 0xDF, 0x5D, 0xDF, 0x5D, 0xE7, 0x7D, 0xEF, 0x7C, 0xEF,
    0x7C, 0xEF, 0x7C, 0xEF, 0x7C, 0xEF, 0x7C, 0xEF, 0x7C, 0xEF, 0x7C, 0xEF, 0x7C, 0xEF, 0x5C, 0xEF,
    0x5C, 0xEF, 0x7C, 0xEF, 0x7C, 0xEF, 0x7C, 0xEF, 0x5D, 0xE7, 0x5D, 0xE7, 0x5D, 0xE7, 0x5D, 0xE7,
    0x5D, 0xE7, 0x5D, 0xE7, 0x5D, 0xE7, 0x5D, 0xE7, 0x5D, 0xE7, 0x5D, 0xE7, 0x5D, 0xE7, 0x5D, 0xE7,
    0x5D, 0xE7, 0x5D, 0xE7, 0x7D, 0xE7, 0x7E, 0xE7, 0xBE, 0xE7, 0xDF, 0xE7, 0xFF, 0xEF, 0xFF, 0xEF,
    0xFF, 0xEF, 0xFF, 0xEF, 0xFF, 0xEF, 0xDF, 0xE7, 0xBE, 0xE7, 0x7E, 0xE7, 0x7D, 0xE7, 0x5D, 0xE7,
    0x5D, 0xEF, 0x5D, 0xE7, 0x5D, 0xEF, 0x1C, 0xE7, 0x7A, 0xD6, 0x73, 0x94, 0x0F, 0x6B, 0x89, 0x39,
    0x27, 0x29, 0x47, 0x31, 0x82, 0x18, 0x63, 0x18, 0x04, 0x21, 0xB1, 0x9C, 0x20, 0x00, 0x24, 0x39,
    0x31, 0xC4, 0xAF, 0xB3, 0x4C, 0xB3, 0x2A, 0xBB, 0x4A, 0xCB, 0xCB, 0xDB, 0x28, 0xCB, 0x09, 0xC3,
    0x8E, 0xE4, 0x92, 0xF5, 0x71, 0xED, 0xEC, 0xCB, 0x6A, 0xD3, 0xEB, 0xE3, 0x50, 0xF5, 0xAE, 0xEC,
    0x2C, 0xEC, 0xAE, 0xFC, 0xCC, 0xD3, 0xA2, 0x28, 0xA3, 0x20, 0xA3, 0x20, 0x25, 0x31, 0x86, 0x39,
    0xA7, 0x41, 0x08, 0x52, 0x08, 0x4A, 0x86, 0x39, 0x08, 0x4A, 0x86, 0x49, 0xA2, 0x28, 0xC3, 0x20,
    0x24, 0x31, 0x24, 0x31, 0xC3, 0x20, 0x21, 0x08, 0x61, 0x20, 0xE6, 0x81, 0x67, 0x92, 0x88, 0xAA,
    0xA8, 0xCA, 0x6A, 0xDB, 0xCB, 0xE3, 0x4C, 0xE4, 0x2E, 0xED, 0x90, 0xF5, 0xB1, 0xF5, 0x90, 0xED,
    0x50, 0xED, 0x2F, 0xE5, 0x6D, 0xD4, 0x0E, 0xED, 0xD1, 0xFD, 0x53, 0xFE, 0x89, 0x6A, 0x55, 0x7C,
    0x3B, 0xBE, 0x7D, 0xF7, 0x7C, 0xEF, 0x5C, 0xEF, 0x5C, 0xEF, 0x5C, 0xEF, 0x5C, 0xEF, 0x5D, 0xE7,
    0x5D, 0xE7, 0x7D, 0xDF, 0x5D, 0xDF, 0x5D, 0xDF, 0x5D, 0xDF, 0x5D, 0xDF, 0x5D, 0xDF, 0x5D, 0xDF,
    0x5D, 0xDF, 0x5D, 0xDF, 0x5D, 0xDF, 0x5D, 0xDF, 0x5D, 0xDF, 0x5D, 0xDF, 0x5D, 0xDF, 0x5D, 0xE7,
    0x5D, 0xE7, 0x5D, 0xE7, 0x7C, 0xEF, 0x7C, 0xEF, 0x7C, 0xEF, 0x7C, 0xEF, 0x7C, 0xEF, 0x7C, 0xEF,
    0x7C, 0xEF, 0x7C, 0xEF, 0x7C, 0xEF, 0x7C, 0xEF, 0x7C, 0xEF, 0x7C, 0xEF, 0x7C, 0xEF, 0x7C, 0xEF,
    0x5D, 0xE7, 0x5D, 0xE7, 0x5D, 0xE7, 0x5D, 0xE7, 0x5D, 0xE7, 0x5D, 0xE7, 0x5D, 0xE7, 0x5D, 0xE7,
    0x5D, 0xE7, 0x5D, 0xE7, 0x5D, 0xE7, 0x5D, 0xE7, 0x5D, 0xE7, 0x5D, 0xE7, 0x7D, 0xE7, 0x9E, 0xE7,
    0xDE, 0xE7, 0xFF, 0xF7, 0xFF, 0xF7, 0xFF, 0xF7, 0xFF, 0xF7, 0xFF, 0xF7, 0xFF, 0xF7, 0xFF, 0xF7,
    0xDE, 0xE7, 0x9E, 0xE7, 0x7D, 0xE7, 0x7D, 0xE7, 0x5D, 0xEF, 0x5D, 0xEF, 0x5C, 0xE7, 0x9D, 0xF7,
    0x39, 0xC6, 0x94, 0x9C, 0x0B, 0x4A, 0x83, 0x10, 0x89, 0x39, 0x25, 0x31, 0xC3, 0x20, 0xA3, 0x20,
    0x41, 0x08, 0xC2, 0x20, 0x20, 0x08, 0x20, 0x08, 0x6D, 0xA3, 0xAE, 0xBB, 0x4C, 0xB3, 0x2A, 0xB3,
    0x6A, 0xC3, 0x8D, 0xE4, 0xCB, 0xD3, 0x24, 0x71, 0x4B, 0xBB, 0x8C, 0xDB, 0xAB, 0xDB, 0x2D, 0xE4,
    0xAF, 0xEC, 0x50, 0xF5, 0xD2, 0xFD, 0xAA, 0xDB, 0x08, 0xD3, 0x2C, 0xF4, 0xA5, 0x71, 0x21, 0x08,
    0x82, 0x18, 0x82, 0x18, 0xC3, 0x20, 0xA3, 0x20, 0xC3, 0x20, 0x24, 0x29, 0x45, 0x31, 0x45, 0x31,
    0x86, 0x39, 0x8C, 0x9B, 0x49, 0xAB, 0x45, 0x39, 0xE7, 0x49, 0xE7, 0x49, 0xA6, 0x41, 0xE3, 0x28,
    0x00, 0x00, 0xE2, 0x40, 0x47, 0x92, 0x88, 0x9A, 0x87, 0xA2, 0xA7, 0xAA, 0x49, 0xBB, 0x6C, 0xD4,
    0x4F, 0xE5, 0x90, 0xED, 0xB1, 0xED, 0x70, 0xED, 0x2F, 0xE5, 0x4D, 0xD4, 0x6D, 0xDC, 0x90, 0xF5,
    0xB1, 0xF5, 0x11, 0xFE, 0x2F, 0xA4, 0x96, 0x7C, 0xF8, 0x8C, 0x9B, 0xCE, 0x7D, 0xF7, 0x5C, 0xEF,
    0x5C, 0xEF, 0x7C, 0xEF, 0x5C, 0xEF, 0x5D, 0xEF, 0x5D, 0xE7, 0x5D, 0xE7, 0x5D, 0xE7, 0x5D, 0xE7,
    0x5D, 0xE7, 0x5D, 0xE7, 0x5D, 0xE7, 0x5D, 0xE7, 0x5D, 0xE7, 0x5D, 0xE7, 0x5D, 0xE7, 0x5D, 0xE7,
    0x5D, 0xE7, 0x5D, 0xE7, 0x5D, 0xE7, 0x5D, 0xE7, 0x5D, 0xE7, 0x5C, 0xEF, 0x5C, 0xEF, 0x5C, 0xEF,
    0x7C, 0xEF, 0x7C, 0xEF, 0x7C, 0xEF, 0x7C, 0xEF, 0x7C, 0xEF, 0x7C, 0xEF, 0x7C, 0xEF, 0x7C, 0xEF,
    0x7C, 0xEF, 0x7C, 0xEF, 0x7C, 0xEF, 0x7C, 0xEF, 0x5D, 0xEF, 0x5D, 0xEF, 0x5D, 0xEF, 0x5D, 0xEF,
    0x5D, 0xE7, 0x5D, 0xE7, 0x5D, 0xE7, 0x5D, 0xEF, 0x5D, 0xEF, 0x5D, 0xEF, 0x5D, 0xEF, 0x5D, 0xEF,
    0x5D, 0xEF, 0x5D, 0xE7, 0x7E, 0xE7, 0xBE, 0xE7, 0xDF, 0xE7, 0xFF, 0xF7, 0xFF, 0xEF, 0xBB, 0xDF,
    0x58, 0xEF, 0x7A, 0xF7, 0xFF, 0xEF, 0xFF, 0xF7, 0xDF, 0xE7, 0xBE, 0xE7, 0x7D, 0xE7, 0x7D, 0xEF,
    0x5D, 0xEF, 0x5C, 0xEF, 0x9D, 0xEF, 0xBA, 0xD6, 0xF5, 0xA4, 0xEF, 0x62, 0xC5, 0x20, 0x06, 0x21,
    0xA9, 0x41, 0xC3, 0x28, 0xC4, 0x20, 0xC4, 0x28, 0x41, 0x10, 0x00, 0x00, 0x21, 0x10, 0x00, 0x00,
    0x86, 0x51, 0xCE, 0xBB, 0x4C, 0xB3, 0x2A, 0xB3, 0x8B, 0xC3, 0xEF, 0xE4, 0xB1, 0xFD, 0xE9, 0xAA,
    0x85, 0x61, 0xAD, 0xA3, 0xB1, 0xCC, 0x4F, 0xDC, 0x2E, 0xE4, 0xCD, 0xD3, 0x67, 0xBA, 0x2C, 0xDC,
    0xCB, 0xDB, 0x09, 0xBB, 0x41, 0x18, 0x41, 0x10, 0x61, 0x18, 0x62, 0x10, 0x62, 0x18, 0x62, 0x18,
    0x82, 0x18, 0x82, 0x18, 0xC3, 0x20, 0xA3, 0x18, 0x65, 0x41, 0x91, 0xE5, 0xF2, 0xFD, 0x85, 0x59,
    0xA6, 0x39, 0x65, 0x39, 0xA6, 0x41, 0x24, 0x31, 0x41, 0x10, 0x00, 0x08, 0x64, 0x71, 0x67, 0xA2,
    0xC8, 0xA2, 0x4A, 0xB3, 0x2C, 0xCC, 0xCE, 0xDC, 0x50, 0xE5, 0x70, 0xED, 0x70, 0xED, 0x4F, 0xE5,
    0x2C, 0xCC, 0x0B, 0xD4, 0x0F, 0xED, 0x70, 0xF5, 0xF1, 0xFD, 0x2F, 0xED, 0xF2, 0x83, 0xB7, 0x7C,
    0xD7, 0x84, 0x39, 0x95, 0x3C, 0xE7, 0x9C, 0xF7, 0x7C, 0xEF, 0x5C, 0xEF, 0x5C, 0xEF, 0x7C, 0xEF,
    0x5D, 0xEF, 0x5D, 0xEF, 0x5D, 0xEF, 0x5D, 0xEF, 0x5D, 0xE7, 0x5D, 0xE7, 0x5D, 0xE7, 0x5D, 0xE7,
    0x5D, 0xE7, 0x5D, 0xE7, 0x5D, 0xEF, 0x5D, 0xEF, 0x5D, 0xE7, 0x5D, 0xEF, 0x5C, 0xEF, 0x5C, 0xEF,
    0x5C, 0xEF, 0x5C, 0xEF, 0x5C, 0xEF, 0x5C, 0xEF, 0x5C, 0xEF, 0x5C, 0xEF, 0x5C, 0xEF, 0x5C, 0xEF,
    0x5C, 0xEF, 0x5C, 0xEF, 0x5C, 0xEF, 0x5C, 0xEF, 0x5C, 0xEF, 0x7C, 0xEF, 0x5C, 0xEF, 0x7C, 0xEF,
    0x5C, 0xEF, 0x5C, 0xEF, 0x5C, 0xEF, 0x5C, 0xEF, 0x5C, 0xEF, 0x5C, 0xEF, 0x5C, 0xEF, 0x5C, 0xEF,
    0x5C, 0xEF, 0x5C, 0xEF, 0x5C, 0xEF, 0x5C, 0xEF, 0x5C, 0xEF, 0x7D, 0xE7, 0x9E, 0xE7, 0xBE, 0xE7,
    0xDF, 0xEF, 0xFF, 0xF7, 0xBB, 0xD7, 0x56, 0xBF, 0x39, 0xE7, 0x94, 0xFE, 0x7A, 0xF7, 0xFF, 0xF7,
    0xDF, 0xEF, 0xBE, 0xE7, 0x9D, 0xE7, 0x7D, 0xEF, 0x5C, 0xEF, 0x5C, 0xEF, 0x7C, 0xEF, 0xD7, 0xBD,
    0x94, 0x94, 0x28, 0x29, 0xA3, 0x18, 0xAA, 0x39, 0x67, 0x39, 0x82, 0x18, 0xC4, 0x20, 0xE4, 0x28,
    0x62, 0x18, 0x41, 0x08, 0x21, 0x10, 0x00, 0x00, 0x00, 0x00, 0x89, 0x82, 0x6C, 0xBB, 0x0A, 0xAB,
    0x6B, 0xBB, 0x8E, 0xDC, 0x71, 0xED, 0xF0, 0xEC, 0x88, 0xBA, 0xE3, 0x78, 0x65, 0x71, 0x0B, 0x9B,
    0xAD, 0xA3, 0x48, 0x82, 0x6E, 0xEC, 0xD1, 0xF5, 0xAD, 0xEC, 0x64, 0x61, 0x00, 0x08, 0x41, 0x10,
    0x41, 0x08, 0x41, 0x10, 0x62, 0x18, 0x62, 0x18, 0x21, 0x08, 0x44, 0x49, 0x41, 0x10, 0x24, 0x39,
    0xCF, 0xCC, 0x95, 0xFE, 0xF6, 0xFE, 0x09, 0xA3, 0x82, 0x18, 0xC3, 0x20, 0xE3, 0x28, 0xC3, 0x20,
    0x82, 0x18, 0x00, 0x00, 0x86, 0x41, 0xC8, 0xAA, 0x67, 0xA2, 0x4A, 0xB3, 0xEB, 0xC3, 0x6D, 0xD4,
    0xCE, 0xDC, 0x2F, 0xE5, 0xEF, 0xDC, 0xEB, 0xC3, 0xAA, 0xCB, 0xAD, 0xE4, 0x2F, 0xED, 0x70, 0xF5,
    0x90, 0xFD, 0xEF, 0xA3, 0x35, 0x6C, 0x96, 0x7C, 0xB6, 0x7C, 0xF7, 0x84, 0x99, 0xA5, 0x9B, 0xCE,
    0x5C, 0xE7, 0x9D, 0xF7, 0x7C, 0xEF, 0x5C, 0xEF, 0x7C, 0xEF, 0x7C, 0xEF, 0x5C, 0xEF, 0x5C, 0xEF,
    0x5C, 0xEF, 0x5C, 0xEF, 0x7C, 0xEF, 0x5C, 0xEF, 0x7C, 0xEF, 0x7C, 0xEF, 0x5C, 0xEF, 0x5C, 0xEF,
    0x5C, 0xEF, 0x5C, 0xEF, 0x5C, 0xEF, 0x5C, 0xEF, 0x5C, 0xEF, 0x5C, 0xEF, 0x5C, 0xEF, 0x5C, 0xEF,
    0x5C, 0xEF, 0x5C, 0xEF, 0x5C, 0xEF, 0x5C, 0xEF, 0x5C, 0xEF, 0x5C, 0xEF, 0x5C, 0xEF, 0x5C, 0xEF,
    0x5C, 0xEF, 0x5C, 0xEF, 0x5C, 0xEF, 0x5C, 0xEF, 0x5C, 0xEF, 0x5C, 0xEF, 0x5C, 0xEF, 0x5C, 0xEF,
    0x5C, 0xEF, 0x5C, 0xEF, 0x5C, 0xEF, 0x5C, 0xEF, 0x5C, 0xEF, 0x5C, 0xEF, 0x5C, 0xEF, 0x5C, 0xEF,
    0x5C, 0xEF, 0x7D, 0xEF, 0x7D, 0xE7, 0x9E, 0xE7, 0xDF, 0xEF, 0xFF, 0xEF, 0x59, 0xAF, 0x7B, 0xBF,
    0xFF, 0xEF, 0x3D, 0xDF, 0x1C, 0xDF, 0xFF, 0xEF, 0xDF, 0xE7, 0xBE, 0xE7, 0x9D, 0xEF, 0x7D, 0xEF,
    0x5C, 0xEF, 0x7D, 0xEF, 0xFB, 0xDE, 0xF7, 0xC5, 0x0F, 0x6B, 0xC5, 0x18, 0xC4, 0x18, 0xEB, 0x41,
    0x26, 0x31, 0x61, 0x18, 0xC4, 0x20, 0xE5, 0x28, 0xA3, 0x20, 0x41, 0x10, 0x41, 0x08, 0x20, 0x08,
    0x00, 0x00, 0x61, 0x18, 0xC9, 0x9A, 0x2A, 0xB3, 0x2A, 0xB3, 0xEC, 0xCB, 0x10, 0xE5, 0x10, 0xDD,
    0xEC, 0xDB, 0x0A, 0xEB, 0xEA, 0xD2, 0xCA, 0xC2, 0xA9, 0xC2, 0x09, 0xD3, 0x90, 0xFD, 0x4F, 0xFD,
    0xE8, 0xAA, 0x00, 0x10, 0x41, 0x18, 0x21, 0x08, 0x41, 0x18, 0x61, 0x18, 0x41, 0x10, 0x00, 0x00,
    0x06, 0x6A, 0x47, 0x7A, 0x24, 0x41, 0x50, 0xED, 0xF6, 0xFE, 0xF6, 0xFE, 0xF6, 0xFE, 0xB1, 0xF5,
    0x85, 0x59, 0x62, 0x10, 0xA2, 0x18, 0x62, 0x18, 0x61, 0x10, 0x00, 0x00, 0x09, 0x42, 0xF7, 0xD5,
    0x87, 0xAA, 0xE8, 0xBA, 0x09, 0xB3, 0x69, 0xB3, 0xAA, 0xBB, 0x8A, 0xBB, 0x28, 0xB3, 0x69, 0xC3,
    0x6C, 0xDC, 0xCD, 0xE4, 0x2E, 0xED, 0x6F, 0xFD, 0x2D, 0xC4, 0xD3, 0x6B, 0x75, 0x74, 0x75, 0x74,
    0xB6, 0x7C, 0x18, 0x8D, 0x96, 0x7C, 0xF8, 0x8C, 0x9A, 0xA5, 0x9B, 0xC6, 0x3D, 0xE7, 0x7D, 0xEF,
    0x7C, 0xEF, 0x5C, 0xEF, 0x7C, 0xEF, 0x7C, 0xEF, 0x7C, 0xEF, 0x7C, 0xEF, 0x7C, 0xEF, 0x7C, 0xEF,
    0x7C, 0xEF, 0x7C, 0xEF, 0x7C, 0xEF, 0x7C, 0xEF, 0x7C, 0xEF, 0x7C, 0xEF, 0x7C, 0xEF, 0x5C, 0xEF,
    0x5C, 0xEF, 0x7C, 0xEF, 0x5C, 0xEF, 0x5C, 0xEF, 0x5C, 0xEF, 0x5C, 0xEF, 0x5C, 0xEF, 0x5C, 0xEF,
    0x5C, 0xEF, 0x5C, 0xEF, 0x5C, 0xEF, 0x5C, 0xEF, 0x5C, 0xEF, 0x5C, 0xEF, 0x5C, 0xEF, 0x5C, 0xEF,
    0x7C, 0xEF, 0x7C, 0xEF, 0x7C, 0xEF, 0x7C, 0xEF, 0x7C, 0xEF, 0x7C, 0xEF, 0x7C, 0xEF, 0x7C, 0xEF,
    0x7C, 0xEF, 0x7C, 0xEF, 0x7C, 0xEF, 0x5C, 0xEF, 0x7C, 0xEF, 0x7D, 0xEF, 0x7D, 0xE7, 0x9E, 0xE7,
    0xDF, 0xE7, 0xFF, 0xEF, 0x5C, 0xAF, 0xBC, 0x9E, 0x3F, 0xD7, 0x1F, 0xAE, 0xDF, 0xBE, 0xFF, 0xEF,
    0xDF, 0xE7, 0x9E, 0xE7, 0x7D, 0xEF, 0x7C, 0xEF, 0x5C, 0xEF, 0x7D, 0xF7, 0xBA, 0xDE, 0xB7, 0xBD,
    0xCA, 0x41, 0x83, 0x10, 0x47, 0x29, 0xCB, 0x41, 0x05, 0x31, 0x61, 0x18, 0xA3, 0x18, 0x05, 0x31,
    0xC3, 0x28, 0x62, 0x18, 0x41, 0x10, 0x21, 0x08, 0x00, 0x00, 0x20, 0x08, 0x64, 0x61, 0xA8, 0xA2,
    0x09, 0xB3, 0x4A, 0xB3, 0x2D, 0xCC, 0xEF, 0xE4, 0x8E, 0xD4, 0x29, 0xCB, 0xC9, 0xDA, 0xAC, 0xF3,
    0x8B, 0xF3, 0xCF, 0xF4, 0xB1, 0xFD, 0xCB, 0xCB, 0x61, 0x20, 0x00, 0x08, 0x41, 0x10, 0x41, 0x18,
    0x85, 0x69, 0x62, 0x18, 0x20, 0x10, 0x27, 0x72, 0x0F, 0xE5, 0x4D, 0xC4, 0x92, 0xF5, 0x10, 0xD5,
    0x4E, 0xB4, 0xCF, 0xC4, 0x13, 0xEE, 0xD6, 0xFE, 0x51, 0xE5, 0xC6, 0x61, 0x62, 0x18, 0x82, 0x18,
    0x41, 0x10, 0x00, 0x08, 0xE5, 0x20, 0xD6, 0x5B, 0x0C, 0x4A, 0x83, 0x69, 0xC5, 0x79, 0xC5, 0x81,
    0xE4, 0x89, 0x04, 0x9A, 0xE7, 0xBA, 0x0B, 0xD4, 0x8C, 0xDC, 0xCD, 0xE4, 0x0E, 0xED, 0x4C, 0xD4,
    0x90, 0x73, 0x75, 0x74, 0x55, 0x74, 0x75, 0x74, 0x96, 0x7C, 0x75, 0x7C, 0x34, 0x74, 0x96, 0x7C,
    0xF7, 0x84, 0x38, 0x8D, 0xBA, 0xA5, 0x9C, 0xCE, 0x3C, 0xE7, 0x9D, 0xEF, 0x7C, 0xEF, 0x7C, 0xEF,
    0x7C, 0xEF, 0x7C, 0xEF, 0x7C, 0xEF, 0x7C, 0xEF, 0x7C, 0xEF, 0x7C, 0xEF, 0x7C, 0xEF, 0x7C, 0xEF,
    0x7C, 0xEF, 0x7C, 0xEF, 0x7C, 0xEF, 0x7D, 0xEF, 0x7D, 0xEF, 0x7C, 0xEF, 0x7C, 0xEF, 0x7C, 0xEF,
    0x7C, 0xEF, 0x7C, 0xEF, 0x7C, 0xEF, 0x7C, 0xEF, 0x7C, 0xEF, 0x7C, 0xEF, 0x5C, 0xEF, 0x5C, 0xEF,
    0x5C, 0xEF, 0x5C, 0xEF, 0x5C, 0xEF, 0x5C, 0xEF, 0x7C, 0xEF, 0x7C, 0xEF, 0x7C, 0xEF, 0x7C, 0xEF,
    0x7C, 0xEF, 0x7C, 0xEF, 0x5C, 0xEF, 0x7C, 0xEF, 0x5C, 0xEF, 0x5C, 0xEF, 0x7C, 0xEF, 0x7C, 0xEF,
    0x7C, 0xEF, 0x7D, 0xEF, 0x7D, 0xEF, 0x9E, 0xE7, 0xBE, 0xE7, 0xDF, 0xEF, 0x9E, 0xD7, 0x9D, 0x9E,
    0xBE, 0x95, 0x5E, 0xB6, 0x9F, 0xDF, 0xFF, 0xEF, 0xBE, 0xE7, 0x9E, 0xE7, 0x7D, 0xEF, 0x7C, 0xEF,
    0x5C, 0xEF, 0x7D, 0xEF, 0xFB, 0xDE, 0x35, 0xAD, 0x48, 0x31, 0x62, 0x10, 0x89, 0x31, 0xAA, 0x39,
    0x06, 0x29, 0xA3, 0x28, 0x62, 0x10, 0xE4, 0x28, 0xC4, 0x28, 0xA3, 0x20, 0x41, 0x10, 0x41, 0x10,
    0x00, 0x00, 0x61, 0x20, 0x24, 0x59, 0xC5, 0x81, 0xA7, 0xAA, 0x09, 0xB3, 0x4A, 0xBB, 0x2D, 0xD4,
    0xEF, 0xE4, 0xEF, 0xE4, 0x2C, 0xD4, 0xCA, 0xDB, 0x8D, 0xE4, 0xB1, 0xFD, 0x8D, 0xE4, 0xC2, 0x30,
    0x00, 0x00, 0x40, 0x10, 0x00, 0x08, 0xC5, 0x71, 0x09, 0xB3, 0x85, 0x59, 0x2A, 0xAB, 0x0F, 0xED,
    0x50, 0xED, 0xF2, 0xFD, 0x71, 0xE5, 0x6A, 0xA3, 0x2A, 0x93, 0x2A, 0x9B, 0x8B, 0xA3, 0x71, 0xDD,
    0xB5, 0xFE, 0xD2, 0xF5, 0x23, 0x39, 0x82, 0x10, 0x82, 0x18, 0x41, 0x10, 0xA5, 0x10, 0x30, 0x32,
    0x2A, 0x19, 0x02, 0x00, 0x41, 0x18, 0x23, 0x61, 0x84, 0x81, 0x25, 0x9A, 0x28, 0xBB, 0xEB, 0xD3,
    0x4C, 0xDC, 0x8D, 0xDC, 0x2B, 0xD4, 0x2D, 0x7B, 0x14, 0x64, 0x95, 0x7C, 0xB6, 0x7C, 0x75, 0x74,
    0x75, 0x74, 0xF3, 0x63, 0x34, 0x74, 0x75, 0x7C, 0x95, 0x7C, 0xB6, 0x7C, 0x18, 0x8D, 0x9A, 0x9D,
    0x9A, 0x9D, 0x5B, 0xC6, 0x3C, 0xE7, 0x9D, 0xF7, 0x7C, 0xEF, 0x5C, 0xEF, 0x5C, 0xEF, 0x5C, 0xEF,
    0x5C, 0xEF, 0x5C, 0xEF, 0x5C, 0xEF, 0x7C, 0xEF, 0x7C, 0xEF, 0x7C, 0xEF, 0x7C, 0xEF, 0x5B, 0xEF,
    0x5B, 0xEF, 0x5C, 0xEF, 0x5C, 0xEF, 0x5C, 0xEF, 0x5C, 0xEF, 0x7C, 0xEF, 0x7C, 0xEF, 0x7C, 0xEF,
    0x5C, 0xEF, 0x5C, 0xEF, 0x5C, 0xEF, 0x5C, 0xEF, 0x5C, 0xEF, 0x5C, 0xEF, 0x5C, 0xEF, 0x7C, 0xEF,
    0x5C, 0xEF, 0x5C, 0xEF, 0x5C, 0xEF, 0x5C, 0xEF, 0x5C, 0xEF, 0x5C, 0xEF, 0x5C, 0xEF, 0x5C, 0xEF,
    0x5C, 0xEF, 0x5C, 0xEF, 0x5C, 0xEF, 0x5C, 0xEF, 0x7C, 0xEF, 0x7C, 0xEF, 0x7D, 0xEF, 0x7D, 0xE7,
    0x9E, 0xDF, 0xDF, 0xEF, 0xDF, 0xE7, 0x9F, 0xDF, 0x7F, 0xD7, 0xBF, 0xDF, 0xDF, 0xE7, 0xDF, 0xEF,
    0x9E, 0xDF, 0x9D, 0xE7, 0x7D, 0xEF, 0x7C, 0xEF, 0x5C, 0xEF, 0x5C, 0xEF, 0x5C, 0xEF, 0xD4, 0xA4,
    0xE6, 0x20, 0x83, 0x18, 0x68, 0x31, 0x69, 0x31, 0x06, 0x29, 0xE4, 0x28, 0x82, 0x18, 0x82, 0x18,
    0x04, 0x31, 0xE4, 0x30, 0xA3, 0x20, 0x62, 0x18, 0x41, 0x10, 0x41, 0x20, 0x23, 0x61, 0xC5, 0x79,
    0x05, 0x8A, 0x66, 0xA2, 0xE8, 0xB2, 0x4A, 0xBB, 0x2D, 0xD4, 0x0F, 0xE5, 0x91, 0xF5, 0xB1, 0xF5,
    0xB1, 0xFD, 0x4C, 0xD4, 0xC2, 0x30, 0x00, 0x00, 0x40, 0x10, 0x81, 0x30, 0x23, 0x51, 0x47, 0x82,
    0x65, 0x59, 0x6B, 0xAB, 0xEF, 0xE4, 0xEF, 0xE4, 0x50, 0xED, 0x71, 0xED, 0x91, 0xF5, 0xB1, 0xF5,
    0xB1, 0xFD, 0xF2, 0xFD, 0x13, 0xFE, 0xD2, 0xF5, 0x33, 0xFE, 0x94, 0xFE, 0x0C, 0xB4, 0x61, 0x18,
    0xE3, 0x28, 0x41, 0x08, 0x64, 0x00, 0xCD, 0x21, 0xE7, 0x10, 0xA4, 0x10, 0x41, 0x10, 0xC2, 0x48,
    0x64, 0x79, 0xC4, 0x89, 0x86, 0xAA, 0x89, 0xC3, 0xEB, 0xCB, 0xA9, 0xCB, 0x0B, 0x83, 0xF4, 0x63,
    0x34, 0x6C, 0x55, 0x6C, 0x37, 0x8D, 0xD6, 0x84, 0x14, 0x6C, 0xB2, 0x5B, 0x34, 0x6C, 0x55, 0x74,
    0x55, 0x74, 0x75, 0x7C, 0x76, 0x7C, 0x96, 0x7C, 0xD7, 0x84, 0x38, 0x8D, 0x9A, 0x9D, 0x7B, 0xC6,
    0x5C, 0xE7, 0x7C, 0xEF, 0x5C, 0xEF, 0x5C, 0xEF, 0x5C, 0xEF, 0x5C, 0xEF, 0x5C, 0xEF, 0x5C, 0xEF,
    0x5C, 0xEF, 0x5C, 0xEF, 0x7D, 0xEF, 0xF7, 0xF6, 0x17, 0xF7, 0x7D, 0xEF, 0x5C, 0xEF, 0x5C, 0xEF,
    0x5C, 0xEF, 0x5C, 0xEF, 0x5C, 0xEF, 0x5C, 0xEF, 0x5C, 0xEF, 0x5C, 0xEF, 0x5C, 0xEF, 0x5C, 0xEF,
    0x5C, 0xEF, 0x5C, 0xEF, 0x5C, 0xEF, 0x5C, 0xEF, 0x5C, 0xEF, 0x5C, 0xEF, 0x5C, 0xEF, 0x5C, 0xEF,
    0x5C, 0xEF, 0x5C, 0xEF, 0x5C, 0xEF, 0x5C, 0xEF, 0x5C, 0xEF, 0x5C, 0xEF, 0x5C, 0xEF, 0x5C, 0xEF,
    0x5C, 0xEF, 0x5C, 0xEF, 0x7D, 0xEF, 0x7D, 0xE7, 0x7D, 0xE7, 0x9E, 0xDF, 0xBF, 0xE7, 0xBF, 0xE7,
    0xBF, 0xE7, 0xBF, 0xE7, 0xBF, 0xE7, 0x9E, 0xDF, 0x7D, 0xE7, 0x7D, 0xEF, 0x7C, 0xEF, 0x5C, 0xEF,
    0x5C, 0xEF, 0x5C, 0xEF, 0x9D, 0xF7, 0x35, 0xAD, 0xE6, 0x28, 0x83, 0x18, 0x47, 0x31, 0x27, 0x29,
    0x26, 0x31, 0xC4, 0x20, 0xC4, 0x28, 0x82, 0x18, 0x82, 0x18, 0x24, 0x31, 0x65, 0x41, 0xE3, 0x28,
    0x82, 0x18, 0x41, 0x10, 0xE2, 0x48, 0xC5, 0x79, 0x06, 0x92, 0x25, 0x9A, 0x45, 0xAA, 0x86, 0xB2,
    0x08, 0xC3, 0xCB, 0xDB, 0xAD, 0xEC, 0xEE, 0xF4, 0x8A, 0xB3, 0x81, 0x18, 0x00, 0x00, 0x40, 0x10,
    0x20, 0x10, 0xE5, 0x89, 0xA5, 0x71, 0x03, 0x41, 0xA8, 0x92, 0xCC, 0xC3, 0x4D, 0xD4, 0xAF, 0xDC,
    0x30, 0xED, 0x71, 0xF5, 0x70, 0xF5, 0x50, 0xED, 0x91, 0xF5, 0x54, 0xFE, 0xB5, 0xFE, 0xB5, 0xFE,
    0x54, 0xFE, 0x53, 0xFE, 0x33, 0xFE, 0xC5, 0x51, 0xA3, 0x20, 0xE3, 0x40, 0x46, 0x41, 0x0A, 0x11,
    0x85, 0x08, 0x48, 0x21, 0xE5, 0x18, 0x61, 0x30, 0x44, 0x69, 0xA4, 0x81, 0x25, 0x92, 0xE8, 0xB2,
    0x48, 0xC3, 0x0B, 0x93, 0xD3, 0x63, 0x75, 0x74, 0x34, 0x6C, 0x34, 0x6C, 0x17, 0x85, 0x95, 0x7C,
    0xD3, 0x63, 0x95, 0x7C, 0x75, 0x74, 0x14, 0x6C, 0x34, 0x6C, 0x55, 0x74, 0x75, 0x74, 0x96, 0x7C,
    0x96, 0x7C, 0xD7, 0x84, 0xF8, 0x84, 0x1B, 0xAE, 0x1B, 0xB6, 0xFC, 0xD6, 0x7D, 0xEF, 0x5C, 0xEF,
    0x5D, 0xEF, 0x5C, 0xEF, 0x5C, 0xEF, 0x5C, 0xEF, 0x5C, 0xEF, 0x5C, 0xEF, 0xD7, 0xEE, 0x93, 0xF6,
    0xB3, 0xFE, 0xF7, 0xF6, 0x5C, 0xEF, 0x5D, 0xEF, 0x5C, 0xEF, 0x5C, 0xEF, 0x5C, 0xEF, 0x5C, 0xEF,
    0x5C, 0xEF, 0x5C, 0xEF, 0x5C, 0xEF, 0x5C, 0xEF, 0x5C, 0xEF, 0x5C, 0xEF, 0x5C, 0xEF, 0x5C, 0xEF,
    0x5C, 0xEF, 0x5C, 0xEF, 0x5C, 0xEF, 0x5C, 0xEF, 0x5C, 0xEF, 0x5C, 0xEF, 0x5C, 0xEF, 0x5C, 0xEF,
    0x5C, 0xEF, 0x5C, 0xEF, 0x5C, 0xEF, 0x5C, 0xEF, 0x5C, 0xEF, 0x5C, 0xEF, 0x7C, 0xEF, 0x7D, 0xEF,
    0x7D, 0xE7, 0x7D, 0xDF, 0x7E, 0xDF, 0x7E, 0xD7, 0x7E, 0xD7, 0x7E, 0xD7, 0x7E, 0xDF, 0x7D, 0xDF,
    0x7D, 0xE7, 0x7C, 0xEF, 0x5C, 0xEF, 0x5C, 0xEF, 0x5C, 0xEF, 0x5C, 0xEF, 0x9D, 0xF7, 0x59, 0xD6,
    0x47, 0x31, 0x62, 0x18, 0x26, 0x29, 0x06, 0x29, 0xC4, 0x20, 0xE4, 0x28, 0xA3, 0x20, 0xE3, 0x28,
    0xA3, 0x20, 0xA2, 0x20, 0x44, 0x39, 0xC6, 0x51, 0x45, 0x39, 0xC3, 0x20, 0x41, 0x20, 0x84, 0x71,
    0x06, 0x92, 0x46, 0xA2, 0x25, 0xAA, 0x04, 0xAA, 0x04, 0xAA, 0xC4, 0x81, 0xA4, 0x69, 0x23, 0x49,
    0x00, 0x08, 0x00, 0x00, 0x20, 0x08, 0x20, 0x08, 0x40, 0x20, 0x05, 0x92, 0xA5, 0x71, 0x6A, 0xBB,
    0xEC, 0xD3, 0xCB, 0xCB, 0xCB, 0xCB, 0x6E, 0xDC, 0x10, 0xE5, 0x91, 0xF5, 0x91, 0xF5, 0x50, 0xF5,
    0x30, 0xED, 0x4E, 0xBC, 0x2D, 0xB4, 0xEF, 0xD4, 0x74, 0xFE, 0x74, 0xFE, 0x95, 0xFE, 0x4A, 0x8B,
    0x04, 0x39, 0x6A, 0xDB, 0x29, 0xE3, 0x6A, 0x82, 0x64, 0x00, 0x89, 0x29, 0x4C, 0x42, 0x62, 0x28,
    0x03, 0x59, 0xA4, 0x79, 0xE5, 0x91, 0x86, 0xA2, 0x89, 0x82, 0x6D, 0x42, 0x35, 0x6C, 0x75, 0x74,
    0x14, 0x6C, 0x34, 0x6C, 0x75, 0x74, 0xD3, 0x63, 0xF3, 0x63, 0xD6, 0x84, 0x55, 0x74, 0xD3, 0x63,
    0xF4, 0x6B, 0x14, 0x6C, 0x75, 0x74, 0xF7, 0x8C, 0x17, 0x8D, 0x96, 0x7C, 0xB7, 0x84, 0x79, 0x9D,
    0x59, 0x9D, 0x59, 0x95, 0x9B, 0xC6, 0x7D, 0xEF, 0x5D, 0xEF, 0x5D, 0xEF, 0x5D, 0xEF, 0x5D, 0xE7,
    0x5D, 0xE7, 0x5C, 0xEF, 0xB6, 0xEE, 0x71, 0xF6, 0x71, 0xF6, 0xD6, 0xEE, 0x5C, 0xEF, 0x5D, 0xE7,
    0x5D, 0xE7, 0x5D, 0xE7, 0x5D, 0xE7, 0x5C, 0xE7, 0x5C, 0xE7, 0x5C, 0xE7, 0x5C, 0xE7, 0x5C, 0xE7,
    0x5C, 0xE7, 0x5C, 0xE7, 0x5C, 0xE7, 0x5C, 0xE7, 0x7C, 0xEF, 0x7C, 0xEF, 0x5C, 0xEF, 0x5C, 0xEF,
    0x5C, 0xEF, 0x7C, 0xEF, 0x5C, 0xEF, 0x5C, 0xEF, 0x7C, 0xEF, 0x5C, 0xEF, 0x5C, 0xEF, 0x5C, 0xEF,
    0x5C, 0xEF, 0x5C, 0xEF, 0x5C, 0xEF, 0x5C, 0xEF, 0x7D, 0xEF, 0x7D, 0xE7, 0x7D, 0xE7, 0x7D, 0xE7,
    0x7D, 0xDF, 0x7D, 0xE7, 0x7D, 0xE7, 0x7D, 0xE7, 0x7C, 0xEF, 0x5C, 0xEF, 0x7C, 0xEF, 0x5C, 0xEF,
    0x7C, 0xEF, 0x5C, 0xEF, 0x5C, 0xEF, 0x7D, 0xF7, 0xAB, 0x62, 0x63, 0x18, 0xA3, 0x20, 0x26, 0x29,
    0x83, 0x18, 0x83, 0x18, 0xA3, 0x20, 0xA3, 0x28, 0xE3, 0x30, 0x45, 0x39, 0xC2, 0x20, 0x44, 0x39,
    0xE6, 0x51, 0x86, 0x41, 0x82, 0x20, 0x23, 0x59, 0x26, 0x9A, 0x46, 0xA2, 0x46, 0xAA, 0x45, 0xAA,
    0x45, 0xAA, 0x81, 0x28, 0x00, 0x00, 0x00, 0x00, 0x00, 0x00, 0x00, 0x08, 0x00, 0x00, 0x20, 0x10,
    0x41, 0x20, 0x05, 0x92, 0xC8, 0xB2, 0xAB, 0xCB, 0xCF, 0xE4, 0x10, 0xED, 0xEC, 0xCB, 0x0C, 0xD4,
    0x10, 0xE5, 0xB2, 0xF5, 0xF3, 0xFD, 0xCF, 0xDC, 0x88, 0x8A, 0xCC, 0xAB, 0x10, 0xD5, 0xF0, 0xCC,
    0x34, 0xF6, 0x95, 0xFE, 0x94, 0xFE, 0x2D, 0xB4, 0xE6, 0x69, 0x0B, 0xF4, 0xE8, 0xDA, 0x8A, 0xE3,
    0x46, 0x31, 0x84, 0x08, 0xA9, 0x29, 0x0A, 0x42, 0xC2, 0x50, 0xA5, 0x79, 0x05, 0x92, 0x68, 0x8A,
    0x2C, 0x3A, 0xA5, 0x08, 0xAE, 0x42, 0x75, 0x74, 0x34, 0x6C, 0x34, 0x6C, 0x34, 0x6C, 0x92, 0x5B,
    0x92, 0x5B, 0xD3, 0x63, 0xB2, 0x5B, 0xB3, 0x63, 0xF4, 0x63, 0xF4, 0x63, 0x96, 0x7C, 0x17, 0x8D,
    0xD7, 0x84, 0x75, 0x7C, 0xD7, 0x84, 0x96, 0x7C, 0xD7, 0x84, 0x18, 0x8D, 0x39, 0x95, 0xDC, 0xD6,
    0x7D, 0xEF, 0x5D, 0xE7, 0x5D, 0xE7, 0x5D, 0xE7, 0x5D, 0xE7, 0x5D, 0xE7, 0x7D, 0xE7, 0xB6, 0xEE,
    0xB6, 0xEE, 0x7E, 0xE7, 0x5D, 0xE7, 0x5D, 0xE7, 0x5D, 0xE7, 0x5D, 0xE7, 0x5D, 0xE7, 0x5D, 0xE7,
    0x5D, 0xE7, 0x5C, 0xE7, 0x5C, 0xE7, 0x5C, 0xE7, 0x5D, 0xE7, 0x5D, 0xE7, 0x5C, 0xE7, 0x5C, 0xE7,
    0x7C, 0xEF, 0x7C, 0xEF, 0x5C, 0xEF, 0x5C, 0xEF, 0x5C, 0xEF, 0x5C, 0xEF, 0x7C, 0xEF, 0x5C, 0xEF,
    0x5C, 0xEF, 0x5C, 0xEF, 0x5C, 0xEF, 0x5C, 0xF7, 0x5C, 0xEF, 0x5C, 0xEF, 0x5C, 0xEF, 0x5C, 0xEF,
    0x5C, 0xEF, 0x7C, 0xEF, 0x7C, 0xEF, 0x7D, 0xEF, 0x7D, 0xEF, 0x7D, 0xEF, 0x7C, 0xEF, 0x7C, 0xEF,
    0x5C, 0xEF, 0x5C, 0xEF, 0x7C, 0xF7, 0x5C, 0xF7, 0x5C, 0xEF, 0x5C, 0xEF, 0x5C, 0xEF, 0xDE, 0xFF,
    0xD7, 0xC5, 0xC4, 0x20, 0x21, 0x08, 0x62, 0x10, 0xE4, 0x28, 0x82, 0x18, 0x82, 0x18, 0x82, 0x20,
    0xA2, 0x20, 0x24, 0x39, 0x07, 0x5A, 0xC2, 0x20, 0xE3, 0x28, 0xE7, 0x51, 0x65, 0x41, 0x23, 0x59,
    0x26, 0x9A, 0x66, 0xAA, 0xA7, 0xB2, 0xE7, 0xBA, 0xC7, 0xB2, 0xC2, 0x40, 0x00, 0x08, 0x20, 0x08,
    0x00, 0x00, 0x00, 0x00, 0x00, 0x00, 0x20, 0x08, 0x20, 0x10, 0x05, 0x92, 0xE8, 0xBA, 0x29, 0xB3,
    0x2A, 0xA3, 0x4D, 0xC4, 0x6E, 0xD4, 0xEC, 0xCB, 0x10, 0xE5, 0xF3, 0xFD, 0x95, 0xFE, 0xF0, 0xDC,
    0xCF, 0xE4, 0xF3, 0xFD, 0xF3, 0xFD, 0x34, 0xFE, 0x35, 0xFE, 0x14, 0xFE, 0x34, 0xFE, 0x71, 0xE5,
    0xEB, 0xCB, 0x0B, 0xFC, 0x2C, 0xF4, 0x2C, 0xF4, 0xE8, 0x51, 0x01, 0x00, 0xA4, 0x18, 0x0B, 0x3A,
    0x08, 0x62, 0xE5, 0x81, 0x26, 0x92, 0x6B, 0x5A, 0x0C, 0x2A, 0xE6, 0x18, 0xA5, 0x10, 0x51, 0x53,
    0x55, 0x74, 0x34, 0x6C, 0x13, 0x6C, 0x71, 0x53, 0x92, 0x5B, 0x92, 0x5B, 0x92, 0x5B, 0xB2, 0x5B,
    0xD3, 0x63, 0xD3, 0x63, 0x14, 0x6C, 0x34, 0x6C, 0x14, 0x6C, 0x96, 0x7C, 0x76, 0x7C, 0x96, 0x7C,
    0xB6, 0x84, 0xD7, 0x84, 0x18, 0x8D, 0xBA, 0xA5, 0x5D, 0xE7, 0x5D, 0xE7, 0x5D, 0xE7, 0x5D, 0xE7,
    0x5D, 0xE7, 0x5D, 0xE7, 0x5D, 0xE7, 0x3B, 0xE7, 0x3C, 0xE7, 0x5D, 0xE7, 0x5D, 0xE7, 0x5D, 0xE7,
    0x5D, 0xE7, 0x5D, 0xE7, 0x5D, 0xE7, 0x5D, 0xE7, 0x5D, 0xE7, 0x5D, 0xE7, 0x5D, 0xE7, 0x5D, 0xE7,
    0x5D, 0xE7, 0x5D, 0xE7, 0x5D, 0xE7, 0x5D, 0xE7, 0x7C, 0xEF, 0x5C, 0xEF, 0x5C, 0xEF, 0x5C, 0xEF,
    0x5C, 0xF7, 0x5C, 0xF7, 0x5C, 0xF7, 0x7C, 0xF7, 0x5C, 0xF7, 0x5C, 0xF7, 0x5C, 0xF7, 0x5C, 0xF7,
    0x5C, 0xF7, 0x7C, 0xF7, 0x7C, 0xF7, 0x7C, 0xF7, 0x5C, 0xEF, 0x5C, 0xEF, 0x5C, 0xEF, 0x5C, 0xEF,
    0x5C, 0xEF, 0x5C, 0xEF, 0x7C, 0xEF, 0x7C, 0xEF, 0x7C, 0xF7, 0x7C, 0xF7, 0x5C, 0xF7, 0x5C, 0xF7,
    0x5C, 0xF7, 0x5C, 0xEF, 0x7C, 0xF7, 0x37, 0xEE, 0xD3, 0xF5, 0x6D, 0x83, 0x45, 0x39, 0x2A, 0x8B,
    0x88, 0x7A, 0xC2, 0x30, 0x61, 0x18, 0x82, 0x20, 0x82, 0x20, 0xA2, 0x20, 0x65, 0x41, 0x45, 0x39,
    0xC3, 0x28, 0x85, 0x49, 0x86, 0x49, 0xA4, 0x69, 0x87, 0xA2, 0xE8, 0xBA, 0x29, 0xC3, 0x49, 0xC3,
    0x08, 0xB3, 0xA4, 0x71, 0x81, 0x30, 0x60, 0x28, 0x40, 0x20, 0x20, 0x10, 0x00, 0x00, 0x00, 0x00,
    0x00, 0x08, 0xC5, 0x89, 0xA7, 0xAA, 0x64, 0x61, 0xC8, 0x92, 0xAB, 0xAB, 0x2D, 0xC4, 0x6E, 0xDC,
    0x10, 0xED, 0xF3, 0xFD, 0x75, 0xFE, 0x33, 0xFE, 0xB2, 0xFD, 0x51, 0xF5, 0x51, 0xFD, 0xB3, 0xFD,
    0x14, 0xFE, 0xB3, 0xFD, 0xD3, 0xFD, 0x13, 0xFE, 0xB1, 0xFD, 0x6C, 0xF4, 0x8D, 0xFC, 0xCE, 0xFC,
    0x87, 0x41, 0x22, 0x00, 0x84, 0x10, 0xC5, 0x18, 0x2C, 0x4A, 0x68, 0x8A, 0x06, 0x8A, 0x6C, 0x4A,
    0x2C, 0x32, 0x28, 0x19, 0xA5, 0x10, 0x06, 0x19, 0xF3, 0x63, 0x75, 0x7C, 0x51, 0x53, 0x71, 0x53,
    0xB2, 0x63, 0xB2, 0x5B, 0x72, 0x53, 0x92, 0x5B, 0xB2, 0x5B, 0xB3, 0x5B, 0xD3, 0x63, 0xD3, 0x63,
    0x55, 0x74, 0x35, 0x6C, 0x35, 0x6C, 0x75, 0x74, 0x96, 0x7C, 0xB6, 0x84, 0x17, 0x8D, 0x79, 0x9D,
    0x7B, 0xC6, 0x7D, 0xEF, 0x5D, 0xE7, 0x5D, 0xE7, 0x5D, 0xE7, 0x5D, 0xE7, 0x5D, 0xE7, 0x7D, 0xE7,
    0x7D, 0xE7, 0x5D, 0xE7, 0x5D, 0xE7, 0x5D, 0xE7, 0x5D, 0xE7, 0x5D, 0xE7, 0x5D, 0xE7, 0x5D, 0xE7,
    0x5D, 0xE7, 0x5D, 0xE7, 0x5D, 0xE7, 0x5D, 0xE7, 0x5D, 0xE7, 0x5D, 0xE7, 0x5D, 0xE7, 0x5D, 0xE7,
    0x7C, 0xF7, 0x5C, 0xF7, 0x5C, 0xF7, 0x5C, 0xF7, 0x5C, 0xF7, 0x5C, 0xF7, 0x5C, 0xF7, 0x5C, 0xF7,
    0x5C, 0xF7, 0x5C, 0xF7, 0x5C, 0xF7, 0x5C, 0xF7, 0x5C, 0xF7, 0x5C, 0xF7, 0x5C, 0xF7, 0x5C, 0xF7,
    0x5C, 0xF7, 0x5C, 0xF7, 0x5C, 0xF7, 0x5C, 0xF7, 0x5C, 0xF7, 0x7C, 0xF7, 0x7C, 0xF7, 0x5C, 0xF7,
    0x7C, 0xF7, 0x5C, 0xF7, 0x5C, 0xF7, 0x5C, 0xF7, 0x5C, 0xF7, 0x9D, 0xF7, 0x18, 0xE6, 0xAA, 0xDB,
    0x88, 0xDB, 0xAF, 0xCC, 0x72, 0xD5, 0x4F, 0xE5, 0xCD, 0xD4, 0xEA, 0xB3, 0xE4, 0x69, 0x60, 0x28,
    0x61, 0x18, 0x82, 0x18, 0x82, 0x20, 0x03, 0x31, 0xC2, 0x28, 0x03, 0x31, 0x24, 0x39, 0x46, 0x82,
    0x49, 0xBB, 0x8A, 0xCB, 0xAA, 0xCB, 0xCA, 0xCB, 0x69, 0xBB, 0x87, 0x9A, 0x84, 0x69, 0xC1, 0x48,
    0x80, 0x38, 0x60, 0x28, 0x40, 0x18, 0x40, 0x20, 0x61, 0x40, 0x64, 0x69, 0x87, 0xAA, 0x6B, 0xBB,
    0xEF, 0xF4, 0x71, 0xFD, 0x51, 0xED, 0x0D, 0xDC, 0x6D, 0xF4, 0x92, 0xFD, 0x13, 0xFE, 0xF3, 0xFD,
    0x30, 0xF5, 0x10, 0xF5, 0x31, 0xFD, 0x92, 0xFD, 0xB3, 0xFD, 0x72, 0xFD, 0x92, 0xFD, 0xF3, 0xFD,
    0x91, 0xF5, 0x2F, 0xF5, 0xB0, 0xFD, 0xEC, 0xC3, 0x84, 0x08, 0x85, 0x08, 0xC5, 0x10, 0xC5, 0x18,
    0x28, 0x21, 0x29, 0x62, 0x07, 0x72, 0xAE, 0x3A, 0x4C, 0x32, 0x69, 0x21, 0x28, 0x19, 0xC6, 0x10,
    0x89, 0x29, 0xB2, 0x63, 0x30, 0x4B, 0x71, 0x53, 0x34, 0x6C, 0x92, 0x5B, 0x71, 0x53, 0x92, 0x5B,
    0x92, 0x5B, 0x92, 0x5B, 0xD3, 0x63, 0x95, 0x7C, 0x35, 0x74, 0xF4, 0x63, 0x55, 0x74, 0x55, 0x74,
    0x95, 0x7C, 0xB6, 0x84, 0xB6, 0x84, 0x79, 0x9D, 0xDA, 0xAD, 0x5D, 0xE7, 0x5D, 0xE7, 0x5D, 0xE7,
    0x5D, 0xE7, 0x5D, 0xE7, 0x7D, 0xE7, 0x5D, 0xE7, 0x5D, 0xE7, 0x5D, 0xE7, 0x5D, 0xE7, 0x5D, 0xE7,
    0x5D, 0xE7, 0x5D, 0xE7, 0x5D, 0xE7, 0x5D, 0xE7, 0x5D, 0xE7, 0x5D, 0xE7, 0x5D, 0xE7, 0x5D, 0xE7,
    0x5D, 0xE7, 0x5D, 0xE7, 0x5D, 0xE7, 0x5D, 0xE7, 0x7C, 0xF7, 0x5C, 0xF7, 0x5C, 0xF7, 0x5C, 0xF7,
    0x5C, 0xF7, 0x5C, 0xF7, 0x5C, 0xF7, 0x5C, 0xF7, 0x5C, 0xF7, 0x5C, 0xF7, 0x5C, 0xF7, 0x5C, 0xF7,
    0x5C, 0xF7, 0x5C, 0xF7, 0x5C, 0xF7, 0x7D, 0xF7, 0x7C, 0xF7, 0x5C, 0xF7, 0x5C, 0xF7, 0x5C, 0xF7,
    0x5C, 0xF7, 0x7C, 0xF7, 0x5C, 0xF7, 0x5C, 0xF7, 0x5C, 0xF7, 0x5C, 0xF7, 0x5C, 0xF7, 0x5C, 0xF7,
    0x5C, 0xF7, 0x9D, 0xF7, 0xD3, 0xD4, 0xE4, 0xB1, 0x08, 0xBB, 0x30, 0xD5, 0x70, 0xE5, 0x6F, 0xE5,
    0x8E, 0xED, 0xAE, 0xF5, 0x4D, 0xED, 0x88, 0xAB, 0x01, 0x49, 0x61, 0x20, 0x82, 0x18, 0xC2, 0x28,
    0xA2, 0x20, 0xC3, 0x28, 0x24, 0x41, 0x08, 0xAB, 0x0C, 0xD4, 0x0C, 0xD4, 0x2C, 0xD4, 0x2B, 0xD4,
    0xCB, 0xCB, 0x29, 0xB3, 0x46, 0x92, 0x63, 0x69, 0xE1, 0x48, 0xA0, 0x38, 0x80, 0x30, 0x81, 0x48,
    0xE2, 0x88, 0x23, 0x69, 0xC9, 0xC2, 0x6B, 0xD3, 0x6E, 0xE4, 0xF0, 0xEC, 0xD0, 0xE4, 0xE9, 0xCA,
    0xA7, 0xD2, 0xEB, 0xEB, 0x71, 0xF5, 0x74, 0xFE, 0x10, 0xF5, 0xAB, 0xE3, 0x6D, 0xF4, 0xEF, 0xFC,
    0x30, 0xFD, 0x51, 0xFD, 0x71, 0xFD, 0xB1, 0xFD, 0x6F, 0xFD, 0xF1, 0xFD, 0xEF, 0xE4, 0x45, 0x39,
    0xA5, 0x08, 0x27, 0x21, 0x48, 0x21, 0x28, 0x19, 0x27, 0x21, 0x48, 0x31, 0x6C, 0x4A, 0xCF, 0x42,
    0x6D, 0x3A, 0x0B, 0x2A, 0x4D, 0x3A, 0x4D, 0x3A, 0xCB, 0x29, 0xEF, 0x4A, 0x51, 0x53, 0x71, 0x53,
    0xF3, 0x63, 0x92, 0x5B, 0x72, 0x53, 0x72, 0x53, 0x72, 0x53, 0x52, 0x53, 0xF4, 0x63, 0x96, 0x7C,
    0x92, 0x5B, 0xF3, 0x63, 0xF7, 0x8C, 0xB6, 0x84, 0x75, 0x74, 0x96, 0x7C, 0xB6, 0x84, 0xD7, 0x84,
    0x38, 0x95, 0xDC, 0xCE, 0x7D, 0xE7, 0x5D, 0xE7, 0x7D, 0xE7, 0x5D, 0xE7, 0x7D, 0xE7, 0x5D, 0xE7,
    0x5D, 0xE7, 0x5D, 0xE7, 0x5D, 0xE7, 0x5D, 0xE7, 0x5D, 0xE7, 0x5D, 0xE7, 0x5D, 0xE7, 0x5D, 0xE7,
    0x5D, 0xE7, 0x5D, 0xE7, 0x5D, 0xE7, 0x5D, 0xE7, 0x5D, 0xE7, 0x5D, 0xE7, 0x5D, 0xE7, 0x5D, 0xE7,
    0x7C, 0xF7, 0x7C, 0xF7, 0x5C, 0xF7, 0x5C, 0xF7, 0x5C, 0xF7, 0x5C, 0xF7, 0x5C, 0xF7, 0x5C, 0xF7,
    0x5C, 0xF7, 0x5C, 0xF7, 0x5C, 0xF7, 0x5C, 0xF7, 0x5C, 0xF7, 0x5C, 0xF7, 0x7D, 0xF7, 0xFF, 0xFF,
    0x9D, 0xF7, 0x5C, 0xF7, 0x5C, 0xF7, 0x5C, 0xF7, 0x5C, 0xF7, 0x5C, 0xF7, 0x5C, 0xF7, 0x5C, 0xF7,
    0x5C, 0xF7, 0x5C, 0xF7, 0x5C, 0xF7, 0x5C, 0xF7, 0x9C, 0xF7, 0x79, 0xEE, 0x2B, 0xBB, 0x26, 0xA2,
    0x11, 0xD5, 0x2F, 0xDD, 0x2E, 0xDD, 0x4E, 0xE5, 0x6D, 0xED, 0x8D, 0xED, 0xAE, 0xED, 0xCE, 0xF5,
    0x69, 0xCC, 0x82, 0x61, 0x81, 0x20, 0xA2, 0x20, 0xA2, 0x20, 0x82, 0x20, 0x85, 0x51, 0x6D, 0xD4,
    0xCE, 0xE4, 0xAD, 0xDC, 0x8D, 0xE4, 0x8D, 0xDC, 0x4C, 0xD4, 0xCB, 0xCB, 0xC8, 0xA2, 0x04, 0x82,
    0x42, 0x61, 0xC1, 0x48, 0xC0, 0x40, 0xA1, 0x50, 0xC2, 0x88, 0x43, 0x89, 0x68, 0xBA, 0xEA, 0xCA,
    0xED, 0xE3, 0x8F, 0xE4, 0x2D, 0xD4, 0x6B, 0xC3, 0x8B, 0xCB, 0xAE, 0xEC, 0x71, 0xFD, 0x13, 0xFE,
    0x4E, 0xCC, 0xA4, 0x99, 0x8A, 0xDB, 0x8E, 0xF4, 0xEF, 0xFC, 0x30, 0xFD, 0x91, 0xFD, 0xCF, 0xDC,
    0xA5, 0x69, 0x07, 0x72, 0x06, 0x29, 0xE6, 0x10, 0x48, 0x21, 0xA9, 0x29, 0xAA, 0x29, 0xEB, 0x31,
    0xAA, 0x29, 0x89, 0x29, 0xF0, 0x42, 0xEF, 0x4A, 0xCF, 0x42, 0x8E, 0x3A, 0xEF, 0x4A, 0x30, 0x4B,
    0x30, 0x4B, 0x51, 0x53, 0x30, 0x4B, 0x71, 0x53, 0x14, 0x6C, 0x72, 0x53, 0x71, 0x53, 0x71, 0x53,
    0x51, 0x53, 0x52, 0x53, 0x92, 0x5B, 0x51, 0x53, 0x51, 0x53, 0x34, 0x6C, 0x17, 0x8D, 0xF7, 0x8C,
    0x55, 0x74, 0x95, 0x7C, 0x96, 0x7C, 0xB6, 0x7C, 0xB7, 0x84, 0x1A, 0xB6, 0x9D, 0xEF, 0x5D, 0xE7,
    0x7D, 0xE7, 0x5D, 0xE7, 0x5D, 0xE7, 0x5D, 0xE7, 0x5D, 0xE7, 0x5D, 0xE7, 0x5D, 0xE7, 0x5D, 0xE7,
    0x5D, 0xE7, 0x5D, 0xE7, 0x5D, 0xE7, 0x5D, 0xE7, 0x5D, 0xE7, 0x5D, 0xE7, 0x5D, 0xE7, 0x5D, 0xE7,
    0x5D, 0xE7, 0x7D, 0xE7, 0x5D, 0xE7, 0x5D, 0xE7, 0x7C, 0xF7, 0x5C, 0xF7, 0x5C, 0xF7, 0x5C, 0xF7,
    0x5C, 0xF7, 0x5C, 0xF7, 0x5C, 0xF7, 0x5C, 0xF7, 0x5C, 0xF7, 0x5C, 0xF7, 0x5C, 0xF7, 0x5C, 0xF7,
    0x5C, 0xF7, 0x5C, 0xF7, 0x7C, 0xF7, 0xBE, 0xFF, 0x7D, 0xF7, 0x5C, 0xF7, 0x5C, 0xF7, 0x5C, 0xF7,
    0x5C, 0xF7, 0x5C, 0xF7, 0x5C, 0xF7, 0x5C, 0xF7, 0x5C, 0xF7, 0x5C, 0xF7, 0x5C, 0xF7, 0x5C, 0xF7,
    0x1B, 0xF7, 0x92, 0xD4, 0xE5, 0xA1, 0x70, 0xC4, 0x10, 0xD5, 0xCD, 0xD4, 0x0D, 0xDD, 0x2D, 0xE5,
    0x6D, 0xED, 0x8E, 0xED, 0x8D, 0xED, 0xAE, 0xED, 0xCE, 0xF5, 0x08, 0xC4, 0x02, 0x41, 0xC3, 0x28,
    0x82, 0x18, 0xC2, 0x30, 0x09, 0xC4, 0x4E, 0xF5, 0x2F, 0xED, 0x2F, 0xED, 0x0F, 0xED, 0xEF, 0xE4,
    0xAE, 0xE4, 0x4C, 0xD4, 0x68, 0xB3, 0xC5, 0xA2, 0xC3, 0x79, 0x01, 0x59, 0xE1, 0x50, 0xC1, 0x48,
    0xE2, 0x78, 0x43, 0x99, 0x67, 0xBA, 0xC9, 0xCA, 0x8B, 0xDB, 0x4D, 0xE4, 0x09, 0xC3, 0x29, 0xC3,
    0x0D, 0xDC, 0x2E, 0xD4, 0x4F, 0xC4, 0xEA, 0x82, 0x61, 0x28, 0xC9, 0xA2, 0xEC, 0xDB, 0x8D, 0xE4,
    0xEF, 0xF4, 0x0F, 0xF5, 0xB1, 0xFD, 0x2B, 0x8B, 0x44, 0x00, 0xC6, 0x08, 0x07, 0x19, 0x68, 0x21,
    0x89, 0x29, 0xCA, 0x31, 0xEB, 0x31, 0x8D, 0x42, 0x2C, 0x3A, 0x2C, 0x32, 0xF0, 0x4A, 0xF0, 0x4A,
    0xEF, 0x4A, 0xCF, 0x42, 0x10, 0x4B, 0x30, 0x4B, 0x51, 0x53, 0x30, 0x4B, 0x31, 0x4B, 0x71, 0x53,
    0xB2, 0x63, 0x51, 0x53, 0x71, 0x53, 0x51, 0x53, 0x11, 0x4B, 0x72, 0x5B, 0x71, 0x53, 0xF0, 0x4A,
    0x30, 0x4B, 0x34, 0x6C, 0xF3, 0x63, 0xD3, 0x63, 0x34, 0x74, 0x55, 0x74, 0x96, 0x7C, 0xF7, 0x8C,
    0x96, 0x7C, 0x79, 0x9D, 0x5D, 0xE7, 0x7D, 0xE7, 0x5D, 0xE7, 0x5D, 0xE7, 0x5D, 0xE7, 0x5D, 0xE7,
    0x5D, 0xE7, 0x5D, 0xE7, 0x5D, 0xE7, 0x5D, 0xE7, 0x5D, 0xE7, 0x5D, 0xE7, 0x5D, 0xE7, 0x5D, 0xE7,
    0x5D, 0xE7, 0x5D, 0xE7, 0x5D, 0xE7, 0x5D, 0xE7, 0x5D, 0xE7, 0x5D, 0xE7, 0x5D, 0xE7, 0x5D, 0xE7,
    0x5C, 0xF7, 0x5C, 0xF7, 0x5C, 0xF7, 0x5C, 0xF7, 0x5C, 0xF7, 0x5C, 0xF7, 0x5C, 0xF7, 0x5C, 0xF7,
    0x5C, 0xF7, 0x5C, 0xF7, 0x5C, 0xF7, 0x5C, 0xF7, 0x5C, 0xF7, 0x5C, 0xF7, 0x5C, 0xF7, 0x5C, 0xF7,
    0x5C, 0xF7, 0x5C, 0xF7, 0x5C, 0xF7, 0x5C, 0xF7, 0x5C, 0xF7, 0x5C, 0xF7, 0x5C, 0xF7, 0x5C, 0xF7,
    0x5C, 0xF7, 0x5C, 0xF7, 0x7C, 0xF7, 0xDB, 0xEE, 0xF9, 0xED, 0x73, 0xF5, 0xE9, 0xB2, 0xB0, 0xC4,
    0xAE, 0xCC, 0xCC, 0xD4, 0xEC, 0xDC, 0x2D, 0xE5, 0x6D, 0xED, 0x8D, 0xED, 0xAE, 0xF5, 0x8D, 0xED,
    0xAE, 0xF5, 0x8D, 0xF5, 0x83, 0x59, 0x21, 0x10, 0x43, 0x49, 0x4A, 0xC4, 0x6C, 0xF5, 0x2B, 0xE5,
    0x4C, 0xED, 0x4E, 0xED, 0x4F, 0xED, 0x2E, 0xED, 0xED, 0xE4, 0x8A, 0xD4, 0xE8, 0xC3, 0x05, 0xAB,
    0x44, 0x92, 0x42, 0x69, 0x01, 0x59, 0xE1, 0x48, 0xC2, 0x60, 0x23, 0x99, 0x67, 0xBA, 0xA8, 0xC2,
    0x4A, 0xCB, 0x6D, 0xE4, 0x4A, 0xC3, 0xA2, 0x60, 0x24, 0x51, 0x24, 0x49, 0x61, 0x30, 0x00, 0x20,
    0x23, 0x59, 0x92, 0xF5, 0x8E, 0xE4, 0xAE, 0xEC, 0xEE, 0xEC, 0x0E, 0xF5, 0xCE, 0xE4, 0x46, 0x29,
    0xE6, 0x18, 0x27, 0x21, 0x48, 0x21, 0x89, 0x29, 0xCA, 0x29, 0x0B, 0x32, 0x0C, 0x32, 0x4C, 0x3A,
    0x2C, 0x3A, 0xCE, 0x4A, 0xD2, 0x73, 0x10, 0x4B, 0xEF, 0x4A, 0xCF, 0x42, 0xEF, 0x4A, 0xD2, 0x63,
    0xD3, 0x63, 0x10, 0x4B, 0x30, 0x4B, 0xD2, 0x63, 0x92, 0x5B, 0x51, 0x53, 0x51, 0x53, 0x51, 0x53,
    0x92, 0x5B, 0x92, 0x5B, 0x30, 0x4B, 0xAF, 0x42, 0xF0, 0x4A, 0xB2, 0x5B, 0xF3, 0x6B, 0xB2, 0x63,
    0x14, 0x6C, 0x34, 0x74, 0xD7, 0x8C, 0x38, 0x95, 0x76, 0x7C, 0xF7, 0x8C, 0xFC, 0xD6, 0x7D, 0xE7,
    0x5D, 0xE7, 0x5D, 0xE7, 0x5D, 0xE7, 0x5D, 0xE7, 0x5D, 0xE7, 0x5D, 0xE7, 0x5D, 0xE7, 0x5D, 0xE7,
    0x5D, 0xE7, 0x5D, 0xE7, 0x5D, 0xE7, 0x5D, 0xE7, 0x5D, 0xE7, 0x5D, 0xE7, 0x5D, 0xE7, 0x5D, 0xE7,
    0x5D, 0xE7, 0x5D, 0xE7, 0x5D, 0xE7, 0x5D, 0xE7, 0x5C, 0xF7, 0x5C, 0xF7, 0x5C, 0xF7, 0x5C, 0xF7,
    0x5C, 0xF7, 0x5C, 0xF7, 0x5C, 0xF7, 0x5C, 0xF7, 0x5C, 0xF7, 0x5C, 0xF7, 0x5C, 0xF7, 0x5C, 0xF7,
    0x5C, 0xF7, 0x5C, 0xF7, 0x5C, 0xF7, 0x5C, 0xF7, 0x7C, 0xF7, 0x5C, 0xF7, 0x5C, 0xF7, 0x5C, 0xF7,
    0x5C, 0xF7, 0x5C, 0xF7, 0x5C, 0xF7, 0x5C, 0xF7, 0x5C, 0xF7, 0x5C, 0xF7, 0x7C, 0xF7, 0x18, 0xDE,
    0xF5, 0xD4, 0x33, 0xE5, 0x52, 0xED, 0x6D, 0xDC, 0x4B, 0xCC, 0xAC, 0xD4, 0xCB, 0xDC, 0x2C, 0xE5,
    0x6D, 0xE5, 0x8D, 0xED, 0xAD, 0xED, 0x8D, 0xED, 0x4C, 0xED, 0xAE, 0xF5, 0x47, 0xA3, 0xE6, 0x92,
    0xEB, 0xE4, 0xAC, 0xF5, 0x6C, 0xED, 0x4C, 0xED, 0x4B, 0xED, 0x4B, 0xED, 0x2B, 0xED, 0x2B, 0xE5,
    0xEA, 0xE4, 0x89, 0xDC, 0x08, 0xCC, 0x66, 0xBB, 0xA5, 0x9A, 0xA2, 0x71, 0x21, 0x61, 0x01, 0x59,
    0xA0, 0x48, 0xC2, 0x60, 0xE5, 0xA1, 0xC8, 0xC2, 0xE9, 0xC2, 0x4D, 0xDC, 0x10, 0xED, 0x2A, 0xB3,
    0x40, 0x38, 0x20, 0x60, 0xA6, 0xA9, 0x89, 0xC2, 0xAF, 0xEC, 0xD2, 0xFD, 0x0F, 0xED, 0xAE, 0xE4,
    0xAD, 0xE4, 0xAD, 0xF4, 0x07, 0x5A, 0x85, 0x08, 0x27, 0x19, 0x88, 0x29, 0xEA, 0x31, 0xA9, 0x29,
    0xEA, 0x31, 0x0B, 0x32, 0x2C, 0x3A, 0x4C, 0x3A, 0xEB, 0x31, 0x2F, 0x63, 0x35, 0xB5, 0x30, 0x53,
    0xAE, 0x42, 0xCF, 0x4A, 0x92, 0x5B, 0x34, 0x74, 0xF3, 0x6B, 0x30, 0x4B, 0x30, 0x4B, 0x51, 0x53,
    0xB2, 0x5B, 0x31, 0x53, 0x10, 0x4B, 0xB2, 0x5B, 0x34, 0x74, 0x92, 0x5B, 0x8E, 0x42, 0x6E, 0x3A,
    0xCF, 0x42, 0x51, 0x53, 0xB2, 0x63, 0x92, 0x5B, 0xF3, 0x6B, 0x34, 0x74, 0x96, 0x7C, 0x58, 0x95,
    0xF7, 0x8C, 0x96, 0x84, 0x7B, 0xC6, 0x7D, 0xE7, 0x5D, 0xDF, 0x5D, 0xE7, 0x5D, 0xE7, 0x5D, 0xDF,
    0x5D, 0xE7, 0x5D, 0xE7, 0x5D, 0xDF, 0x5D, 0xDF, 0x5D, 0xE7, 0x5D, 0xE7, 0x5D, 0xE7, 0x5D, 0xE7,
    0x5D, 0xE7, 0x5D, 0xE7, 0x5D, 0xE7, 0x5D, 0xE7, 0x5D, 0xE7, 0x5D, 0xE7, 0x5D, 0xE7, 0x5D, 0xE7,
    0x7C, 0xF7, 0x5C, 0xF7, 0x5C, 0xF7, 0x5C, 0xF7, 0x5C, 0xF7, 0x5C, 0xF7, 0x5C, 0xF7, 0x5C, 0xF7,
    0x5C, 0xF7, 0x5C, 0xF7, 0x5C, 0xF7, 0x5C, 0xF7, 0x5C, 0xF7, 0x7C, 0xF7, 0x7C, 0xF7, 0x7C, 0xF7,
    0x7C, 0xF7, 0x5C, 0xF7, 0x5C, 0xF7, 0x5C, 0xF7, 0x5C, 0xF7, 0x5C, 0xF7, 0x5C, 0xF7, 0x7C, 0xF7,
    0x5C, 0xF7, 0x5C, 0xF7, 0x7C, 0xF7, 0x92, 0xC4, 0x6D, 0xB3, 0x0F, 0xCC, 0x2F, 0xDC, 0x11, 0xF5,
    0xAC, 0xE4, 0x4A, 0xCC, 0xCB, 0xDC, 0x2C, 0xE5, 0x6D, 0xE5, 0x8D, 0xED, 0xAD, 0xED, 0xAD, 0xF5,
    0xEB, 0xE4, 0x2C, 0xE5, 0x0F, 0xFE, 0xEE, 0xFD, 0xAD, 0xF5, 0x8C, 0xED, 0x8C, 0xF5, 0x8D, 0xED,
    0x8C, 0xED, 0x6C, 0xED, 0x4C, 0xED, 0x2B, 0xED, 0x0B, 0xE5, 0xCA, 0xDC, 0x48, 0xD4, 0xA7, 0xC3,
    0x05, 0xAB, 0xE3, 0x81, 0x42, 0x69, 0x01, 0x61, 0xC1, 0x48, 0x80, 0x30, 0x81, 0x38, 0x66, 0xAA,
    0x08, 0xCB, 0x8A, 0xC3, 0x6D, 0xDC, 0x2D, 0xD4, 0x0A, 0xCB, 0xC9, 0xDA, 0xAC, 0xEB, 0x8E, 0xEC,
    0x91, 0xF5, 0x90, 0xF5, 0x0F, 0xED, 0x6C, 0xE4, 0x4B, 0xE4, 0x27, 0x6A, 0x85, 0x08, 0xE6, 0x18,
    0x27, 0x21, 0x0A, 0x3A, 0x0A, 0x3A, 0xCA, 0x29, 0xEA, 0x31, 0x0B, 0x32, 0x2C, 0x3A, 0x4D, 0x3A,
    0xEB, 0x31, 0xCF, 0x4A, 0xEF, 0x52, 0x10, 0x53, 0xAE, 0x42, 0xEF, 0x4A, 0xB2, 0x63, 0xB2, 0x63,
    0x51, 0x53, 0x30, 0x4B, 0x10, 0x4B, 0xB2, 0x5B, 0x92, 0x5B, 0x10, 0x4B, 0x31, 0x53, 0xB2, 0x63,
    0x92, 0x5B, 0x51, 0x53, 0x0C, 0x32, 0x4D, 0x3A, 0xAE, 0x42, 0xCF, 0x42, 0x30, 0x53, 0x92, 0x5B,
    0xD3, 0x63, 0x14, 0x6C, 0x34, 0x74, 0xD7, 0x84, 0x58, 0x95, 0x76, 0x7C, 0xDA, 0xAD, 0x7D, 0xE7,
    0x5D, 0xDF, 0x5D, 0xDF, 0x5D, 0xDF, 0x5D, 0xE7, 0x3C, 0xDF, 0x3B, 0xDF, 0x5D, 0xDF, 0x5D, 0xE7,
    0x5D, 0xDF, 0x5D, 0xDF, 0x5D, 0xDF, 0x5D, 0xDF, 0x5D, 0xDF, 0x5D, 0xDF, 0x5D, 0xDF, 0x5D, 0xDF,
    0x5D, 0xDF, 0x5D, 0xDF, 0x5D, 0xDF, 0x5D, 0xDF, 0x7C, 0xF7, 0x7C, 0xF7, 0x7C, 0xF7, 0x7C, 0xF7,
    0x7C, 0xF7, 0x7C, 0xF7, 0x7C, 0xF7, 0x7C, 0xF7, 0x7C, 0xF7, 0x7C, 0xF7, 0x7C, 0xF7, 0x5C, 0xF7,
    0x5C, 0xF7, 0x7C, 0xF7, 0x7C, 0xF7, 0x7C, 0xF7, 0x7C, 0xF7, 0x7C, 0xF7, 0x7C, 0xF7, 0x7C, 0xF7,
    0x7C, 0xF7, 0x7C, 0xF7, 0x7C, 0xF7, 0x7C, 0xF7, 0x7C, 0xF7, 0x7C, 0xF7, 0xFB, 0xEE, 0x57, 0xD5,
    0x4D, 0xB3, 0x44, 0x79, 0x47, 0x9A, 0x0D, 0xDC, 0x0A, 0xDC, 0x09, 0xCC, 0xCB, 0xDC, 0x2C, 0xE5,
    0x4C, 0xED, 0x8D, 0xED, 0xAD, 0xF5, 0xAD, 0xF5, 0x0B, 0xE5, 0x69, 0xD4, 0xAE, 0xED, 0xCE, 0xF5,
    0xAD, 0xF5, 0xAD, 0xF5, 0xAD, 0xF5, 0xAD, 0xF5, 0x8D, 0xF5, 0x8D, 0xF5, 0x6C, 0xED, 0x6C, 0xED,
    0x2B, 0xED, 0xEA, 0xE4, 0x89, 0xD4, 0xE8, 0xCB, 0x46, 0xB3, 0x24, 0x8A, 0x62, 0x69, 0x01, 0x61,
    0xC1, 0x48, 0xA0, 0x40, 0x80, 0x30, 0xE1, 0x48, 0xA7, 0xB2, 0x08, 0xCB, 0x29, 0xC3, 0x6A, 0xC3,
    0x6B, 0xC3, 0x4A, 0xC3, 0xAB, 0xD3, 0xCE, 0xE4, 0x50, 0xED, 0x2F, 0xED, 0x4C, 0xE4, 0x88, 0xCB,
    0x45, 0x41, 0x04, 0x00, 0x85, 0x08, 0xA5, 0x08, 0xE6, 0x18, 0xA9, 0x31, 0xE9, 0x31, 0xCA, 0x31,
    0xEA, 0x31, 0x6D, 0x42, 0xAD, 0x4A, 0x4C, 0x3A, 0xEB, 0x31, 0xF0, 0x4A, 0xEF, 0x4A, 0xEF, 0x4A,
    0xCF, 0x42, 0xCF, 0x42, 0xEF, 0x4A, 0xEF, 0x4A, 0x10, 0x4B, 0x10, 0x4B, 0x10, 0x4B, 0x10, 0x4B,
    0x10, 0x4B, 0x10, 0x4B, 0x30, 0x4B, 0x30, 0x4B, 0x71, 0x5B, 0x10, 0x4B, 0xAA, 0x21, 0x4D, 0x3A,
    0x6E, 0x3A, 0xAF, 0x42, 0x30, 0x53, 0x92, 0x5B, 0xD3, 0x63, 0x14, 0x6C, 0x34, 0x74, 0x75, 0x74,
    0x95, 0x7C, 0x76, 0x7C, 0xBA, 0xA5, 0x5D, 0xE7, 0x5D, 0xDF, 0x5D, 0xDF, 0x5D, 0xDF, 0xF8, 0xCE,
    0x73, 0xBE, 0x32, 0xAE, 0xB7, 0xC6, 0x5D, 0xDF, 0x5D, 0xDF, 0x5D, 0xDF, 0x5D, 0xDF, 0x5D, 0xDF,
    0x5D, 0xDF, 0x5D, 0xDF, 0x5D, 0xDF, 0x5D, 0xDF, 0x5D, 0xDF, 0x5D, 0xDF, 0x5D, 0xDF, 0x5D, 0xDF,
    0x7C, 0xF7, 0x7C, 0xF7, 0x7C, 0xF7, 0x7C, 0xF7, 0x7C, 0xF7, 0x7C, 0xF7, 0x7C, 0xF7, 0x7C, 0xF7,
    0x7C, 0xF7, 0x7C, 0xF7, 0x7C, 0xF7, 0x7C, 0xF7, 0x7C, 0xF7, 0x7C, 0xF7, 0x7C, 0xF7, 0x7C, 0xF7,
    0x7C, 0xF7, 0x5B, 0xF7, 0x3A, 0xE7, 0x5A, 0xEF, 0x7C, 0xF7, 0x7C, 0xF7, 0x7C, 0xF7, 0x7C, 0xF7,
    0x5C, 0xF7, 0x9C, 0xF7, 0xB9, 0xEE, 0x36, 0xD5, 0xF3, 0xD4, 0xEF, 0xC3, 0x88, 0x9A, 0x04, 0x9A,
    0xC5, 0xB2, 0x4A, 0xCC, 0xCB, 0xD4, 0x0C, 0xE5, 0x4C, 0xED, 0x8D, 0xED, 0xAD, 0xF5, 0xCD, 0xF5,
    0x6C, 0xED, 0xC7, 0xC3, 0x2C, 0xE5, 0xEE, 0xF5, 0xCE, 0xF5, 0xCD, 0xF5, 0xAD, 0xF5, 0xAD, 0xF5,
    0xAD, 0xF5, 0xAD, 0xF5, 0x8C, 0xF5, 0x8C, 0xED, 0x4C, 0xED, 0x0B, 0xE5, 0xAA, 0xDC, 0x28, 0xCC,
    0x87, 0xBB, 0x84, 0x9A, 0x82, 0x71, 0x21, 0x61, 0xC0, 0x48, 0xA0, 0x40, 0xA0, 0x40, 0x80, 0x30,
    0xC3, 0x28, 0xC6, 0x71, 0x87, 0xB2, 0xE8, 0xC2, 0x49, 0xC3, 0x8A, 0xC3, 0xEB, 0xD3, 0x2C, 0xDC,
    0x4C, 0xDC, 0xA9, 0xD3, 0x88, 0xD3, 0xCA, 0xD3, 0x83, 0x92, 0xE6, 0x82, 0x0A, 0x6B, 0xEA, 0x62,
    0x49, 0x42, 0x47, 0x21, 0x88, 0x29, 0xEA, 0x31, 0x0B, 0x3A, 0xEE, 0x52, 0x6F, 0x6B, 0x6C, 0x42,
    0xAA, 0x29, 0xCF, 0x4A, 0xCF, 0x4A, 0xEF, 0x4A, 0xAE, 0x42, 0xCF, 0x42, 0xEF, 0x42, 0xF0, 0x4A,
    0x10, 0x4B, 0x10, 0x4B, 0x10, 0x4B, 0x71, 0x5B, 0x30, 0x4B, 0x10, 0x4B, 0x30, 0x4B, 0x30, 0x4B,
    0x91, 0x5B, 0xAE, 0x42, 0x8A, 0x21, 0x2D, 0x3A, 0x4D, 0x32, 0xCF, 0x42, 0x50, 0x53, 0x92, 0x5B,
    0xB2, 0x63, 0x14, 0x6C, 0x34, 0x74, 0x55, 0x74, 0x55, 0x74, 0xB6, 0x84, 0x79, 0x9D, 0x3D, 0xDF,
    0x5D, 0xDF, 0x5E, 0xE7, 0xD8, 0xCE, 0x31, 0xAE, 0x10, 0xA6, 0x10, 0xA6, 0x33, 0xAE, 0x5D, 0xDF,
    0x5D, 0xDF, 0x5D, 0xDF, 0x5D, 0xDF, 0x5D, 0xDF, 0x5D, 0xDF, 0x5D, 0xDF, 0x5D, 0xDF, 0x5D, 0xDF,
    0x5D, 0xDF, 0x5D, 0xDF, 0x5D, 0xDF, 0x5D, 0xDF, 0x7C, 0xF7, 0x7C, 0xF7, 0x7C, 0xF7, 0x7C, 0xF7,
    0x5C, 0xF7, 0x7C, 0xF7, 0x7C, 0xF7, 0x7C, 0xF7, 0x7C, 0xF7, 0x7C, 0xF7, 0x7C, 0xF7, 0x7C, 0xF7,
    0x7C, 0xF7, 0x7C, 0xF7, 0x7C, 0xF7, 0x7C, 0xF7, 0x5B, 0xF7, 0x95, 0xC6, 0x31, 0xAE, 0x72, 0xB6,
    0xD6, 0xCE, 0x5A, 0xEF, 0x7C, 0xF7, 0x7C, 0xF7, 0x5C, 0xF7, 0x9C, 0xF7, 0xDA, 0xEE, 0xF0, 0xBB,
    0xEF, 0xC3, 0xB1, 0xD4, 0xB0, 0xE4, 0xAF, 0xE4, 0x0A, 0xCC, 0x09, 0xC4, 0xAB, 0xD4, 0x0C, 0xDD,
    0x4C, 0xE5, 0x8D, 0xED, 0xCE, 0xF5, 0xCD, 0xF5, 0xAC, 0xF5, 0x85, 0xC3, 0x69, 0xD4, 0xAE, 0xF5,
    0xCE, 0xF5, 0xCE, 0xF5, 0xCD, 0xF5, 0xCD, 0xF5, 0xAD, 0xF5, 0xAD, 0xF5, 0xAD, 0xF5, 0x8C, 0xF5,
    0x6C, 0xED, 0x4B, 0xED, 0xEA, 0xE4, 0x69, 0xD4, 0xC7, 0xC3, 0xE5, 0xA2, 0xC3, 0x79, 0x21, 0x61,
    0xC0, 0x48, 0xA0, 0x38, 0xA0, 0x40, 0x80, 0x38, 0x62, 0x20, 0x43, 0x00, 0xC3, 0x38, 0x63, 0x79,
    0xE4, 0xA1, 0x45, 0xAA, 0xA6, 0xC2, 0xA5, 0xC2, 0x85, 0xC2, 0x27, 0xCB, 0x8C, 0xEC, 0x50, 0xF5,
    0xE5, 0xFC, 0x49, 0xDD, 0x0F, 0x9D, 0x90, 0xAD, 0x91, 0x9D, 0xCC, 0xAC, 0x8A, 0x4A, 0xA9, 0x31,
    0x4C, 0x42, 0x4F, 0x63, 0x6F, 0x6B, 0xCD, 0x52, 0xAA, 0x29, 0xCE, 0x4A, 0xCE, 0x4A, 0xEF, 0x4A,
    0xCF, 0x4A, 0xCF, 0x42, 0xCF, 0x42, 0xCF, 0x42, 0xF0, 0x4A, 0xF0, 0x4A, 0xCF, 0x42, 0xB2, 0x5B,
    0xD3, 0x63, 0xEF, 0x42, 0x10, 0x4B, 0x30, 0x4B, 0x92, 0x5B, 0x2C, 0x32, 0x69, 0x21, 0x0C, 0x32,
    0x4D, 0x32, 0xEF, 0x4A, 0x30, 0x53, 0x92, 0x5B, 0x13, 0x6C, 0xF3, 0x6B, 0x14, 0x6C, 0x55, 0x74,
    0x55, 0x74, 0xD7, 0x84, 0x9A, 0xA5, 0xFD, 0xD6, 0x7E, 0xE7, 0x3C, 0xD7, 0x53, 0xB6, 0xF0, 0xA5,
    0xF0, 0x9D, 0xCF, 0x9D, 0x77, 0xBE, 0x7E, 0xE7, 0x5D, 0xDF, 0x5D, 0xDF, 0x5D, 0xDF, 0x5D, 0xDF,
    0x5D, 0xDF, 0x5D, 0xDF, 0x5D, 0xDF, 0x5D, 0xDF, 0x5D, 0xDF, 0x5D, 0xDF, 0x5D, 0xDF, 0x5D, 0xDF,
    0x7C, 0xF7, 0x7C, 0xF7, 0x7C, 0xF7, 0x5C, 0xF7, 0x5C, 0xF7, 0x5C, 0xF7, 0x5C, 0xF7, 0x5C, 0xF7,
    0x5C, 0xF7, 0x7C, 0xF7, 0x7C, 0xF7, 0x7C, 0xF7, 0x7C, 0xF7, 0x5C, 0xF7, 0x5C, 0xF7, 0x7C, 0xFF,
    0x1A, 0xE7, 0x11, 0xA6, 0x10, 0xA6, 0x11, 0xA6, 0x31, 0xAE, 0x73, 0xBE, 0x39, 0xE7, 0x7C, 0xF7,
    0x5C, 0xF7, 0x7C, 0xF7, 0x1B, 0xEF, 0xD4, 0xCC, 0xEB, 0xA2, 0x88, 0xA2, 0x4B, 0xBB, 0xF0, 0xEC,
    0x6B, 0xE4, 0xC8, 0xC3, 0xAB, 0xD4, 0xEB, 0xDC, 0x4C, 0xE5, 0x8D, 0xED, 0xCE, 0xF5, 0xCD, 0xF5,
    0xCD, 0xF5, 0x65, 0xBB, 0xA6, 0xC3, 0x4C, 0xED, 0xAE, 0xF5, 0xCE, 0xF5, 0xCE, 0xF5, 0xCD, 0xF5,
    0xCD, 0xF5, 0xCD, 0xF5, 0xCD, 0xF5, 0xAD, 0xF5, 0x8D, 0xED, 0x6C, 0xED, 0x0B, 0xE5, 0xAA, 0xDC,
    0x28, 0xCC, 0x66, 0xB3, 0x44, 0x92, 0x42, 0x69, 0xC1, 0x48, 0x80, 0x38, 0xA0, 0x38, 0x80, 0x38,
    0x03, 0x39, 0x44, 0x49, 0x44, 0x39, 0xE2, 0x50, 0xC0, 0x78, 0xC1, 0x70, 0xA4, 0x99, 0x25, 0xB2,
    0x28, 0xCB, 0x8D, 0xEC, 0x91, 0xFD, 0x0B, 0xF5, 0x26, 0xF5, 0xAA, 0xF5, 0x4D, 0xC5, 0x30, 0x95,
    0xD1, 0xB5, 0xAF, 0xFE, 0xF3, 0xA5, 0x0C, 0x53, 0xEA, 0x39, 0xED, 0x5A, 0x4F, 0x6B, 0xCD, 0x5A,
    0xCA, 0x31, 0xCE, 0x4A, 0xCE, 0x4A, 0x0F, 0x53, 0x71, 0x5B, 0xCF, 0x4A, 0xAE, 0x42, 0xEF, 0x4A,
    0xCF, 0x42, 0xEF, 0x4A, 0x10, 0x4B, 0x10, 0x4B, 0x92, 0x5B, 0x51, 0x53, 0x71, 0x53, 0x91, 0x5B,
    0xB2, 0x5B, 0x0C, 0x2A, 0x48, 0x19, 0xCB, 0x29, 0x6D, 0x3A, 0xCF, 0x4A, 0x30, 0x53, 0x71, 0x5B,
    0x54, 0x74, 0x14, 0x6C, 0x14, 0x6C, 0x55, 0x74, 0x55, 0x74, 0x75, 0x74, 0xD7, 0x8C, 0x9A, 0xC6,
    0x7D, 0xDF, 0xD9, 0xCE, 0xF0, 0xA5, 0xD0, 0x9D, 0xD0, 0x9D, 0x13, 0xA6, 0x3C, 0xD7, 0x5D, 0xDF,
    0x5D, 0xDF, 0x5D, 0xDF, 0x5D, 0xDF, 0x5D, 0xDF, 0x5D, 0xDF, 0x5D, 0xDF, 0x5D, 0xDF, 0x5D, 0xDF,
    0x5D, 0xDF, 0x5D, 0xDF, 0x5D, 0xDF, 0x5D, 0xDF, 0x7C, 0xF7, 0x7C, 0xF7, 0x7C, 0xF7, 0x5C, 0xF7,
    0x7C, 0xF7, 0x7C, 0xF7, 0x7C, 0xF7, 0x7C, 0xF7, 0x7C, 0xF7, 0x7C, 0xF7, 0x7C, 0xF7, 0x5C, 0xF7,
    0x5C, 0xF7, 0x5C, 0xF7, 0x5C, 0xF7, 0x7C, 0xFF, 0x1A, 0xE7, 0xF2, 0xA5, 0xF0, 0x9D, 0xF0, 0x9D,
    0x11, 0xA6, 0x11, 0xAE, 0x52, 0xB6, 0xF7, 0xDE, 0x5B, 0xF7, 0x7C, 0xF7, 0x5B, 0xF7, 0xF4, 0xCC,
    0xCF, 0xBB, 0x8A, 0x9A, 0x27, 0x92, 0x46, 0xA2, 0xE6, 0xB2, 0xC9, 0xBB, 0x8B, 0xCC, 0xEB, 0xDC,
    0x4C, 0xE5, 0x8D, 0xED, 0xCE, 0xF5, 0xCE, 0xF5, 0x0E, 0xFE, 0x66, 0xBB, 0x25, 0xBB, 0xEB, 0xE4,
    0x6D, 0xED, 0xAD, 0xF5, 0xCE, 0xF5, 0xCE, 0xF5, 0xCE, 0xF5, 0xCD, 0xF5, 0xCD, 0xF5, 0xAD, 0xF5,
    0xAD, 0xF5, 0x6C, 0xED, 0x4C, 0xED, 0xEB, 0xE4, 0x89, 0xD4, 0xE8, 0xC3, 0xE5, 0xAA, 0xA2, 0x79,
    0xC1, 0x40, 0x60, 0x30, 0xA1, 0x30, 0x04, 0x72, 0x46, 0x62, 0x08, 0x3A, 0x25, 0x6A, 0x22, 0x9A,
    0xC1, 0xA1, 0xC0, 0xA1, 0x23, 0xAA, 0x48, 0xCB, 0x8C, 0xE4, 0x4E, 0xF5, 0x4B, 0xFD, 0x25, 0xFD,
    0xC9, 0xFD, 0x2B, 0xFE, 0x0C, 0xF6, 0xAF, 0xBD, 0x72, 0xE6, 0x13, 0xFF, 0xD4, 0xDE, 0x33, 0xBE,
    0xEC, 0x52, 0xEA, 0x39, 0xED, 0x5A, 0xAC, 0x52, 0x0A, 0x3A, 0xAE, 0x4A, 0xAE, 0x4A, 0xCF, 0x4A,
    0x8E, 0x42, 0xAE, 0x42, 0x4D, 0x3A, 0x10, 0x53, 0xAF, 0x4A, 0xEF, 0x4A, 0x30, 0x4B, 0x51, 0x53,
    0x51, 0x53, 0x95, 0x7C, 0xF3, 0x63, 0x71, 0x5B, 0x92, 0x5B, 0xEB, 0x29, 0x08, 0x11, 0xEB, 0x29,
    0x6D, 0x3A, 0xCF, 0x42, 0x10, 0x53, 0x92, 0x5B, 0x92, 0x5B, 0xD3, 0x63, 0xF4, 0x6B, 0x34, 0x74,
    0x55, 0x74, 0x75, 0x74, 0xB7, 0x84, 0xB6, 0xA5, 0x96, 0xBE, 0x76, 0xBE, 0xAF, 0x9D, 0xD0, 0x9D,
    0xF1, 0xA5, 0x1B, 0xD7, 0x5E, 0xDF, 0x5D, 0xDF, 0x5D, 0xDF, 0x5D, 0xDF, 0x5D, 0xDF, 0x5D, 0xDF,
    0x5D, 0xDF, 0x5D, 0xDF, 0x5D, 0xDF, 0x5D, 0xDF, 0x5D, 0xDF, 0x5D, 0xDF, 0x5D, 0xDF, 0x5D, 0xDF,
    0x7C, 0xF7, 0x7C, 0xF7, 0x7C, 0xF7, 0x7C, 0xF7, 0x7C, 0xF7, 0x5C, 0xF7, 0x7C, 0xF7, 0x5C, 0xF7,
    0x7C, 0xF7, 0x5C, 0xF7, 0x5C, 0xF7, 0x7C, 0xF7, 0x7C, 0xF7, 0x7C, 0xF7, 0x5B, 0xF7, 0x7C, 0xF7,
    0x5B, 0xF7, 0x13, 0xAE, 0xD0, 0x95, 0xD0, 0x9D, 0xF0, 0x9D, 0x11, 0xA6, 0x10, 0xAE, 0x31, 0xB6,
    0xD6, 0xD6, 0x7B, 0xF7, 0x7C, 0xF7, 0x14, 0xCD, 0xAE, 0xBB, 0xEE, 0xC3, 0xEE, 0xD3, 0x86, 0xB2,
    0x07, 0xA3, 0x0A, 0xC4, 0x8A, 0xCC, 0xCB, 0xDC, 0x2C, 0xE5, 0x6D, 0xED, 0xCE, 0xF5, 0xCE, 0xF5,
    0x2E, 0xFE, 0xE8, 0xC3, 0xE4, 0xB2, 0xAA, 0xDC, 0x4C, 0xE5, 0x8D, 0xED, 0xCE, 0xF5, 0xCE, 0xF5,
    0xCE, 0xF5, 0xCE, 0xF5, 0xCD, 0xF5, 0xCD, 0xF5, 0xAD, 0xF5, 0x8D, 0xED, 0x6C, 0xED, 0x2B, 0xE5,
    0xCA, 0xDC, 0x69, 0xD4, 0xA7, 0xBB, 0x64, 0x92, 0xE1, 0x48, 0x40, 0x28, 0xC7, 0x31, 0x47, 0x9B,
    0x67, 0x9B, 0x67, 0x9B, 0x65, 0xBB, 0x64, 0xCB, 0x84, 0xCB, 0x64, 0xD3, 0xA2, 0xDB, 0x23, 0xEC,
    0xC5, 0xF4, 0x06, 0xFD, 0x87, 0xFD, 0xEC, 0xF5, 0xCF, 0xBD, 0xEE, 0xD5, 0xCE, 0xCD, 0x4D, 0xFE,
    0x4E, 0xFE, 0xB0, 0xFE, 0x13, 0xFF, 0x8F, 0xFE, 0x0E, 0xDE, 0xA9, 0x62, 0x2A, 0x4A, 0x8B, 0x52,
    0x0A, 0x42, 0x0E, 0x5B, 0xEE, 0x52, 0x8E, 0x42, 0x6D, 0x42, 0x8E, 0x42, 0x0C, 0x32, 0x6E, 0x42,
    0xAE, 0x42, 0xAE, 0x42, 0xAE, 0x42, 0xCF, 0x42, 0x10, 0x4B, 0x51, 0x53, 0x51, 0x53, 0x51, 0x53,
    0x71, 0x53, 0xCB, 0x21, 0x07, 0x11, 0x2C, 0x32, 0x4D, 0x3A, 0x8E, 0x42, 0xF0, 0x4A, 0x34, 0x74,
    0x54, 0x74, 0xB2, 0x63, 0xF3, 0x6B, 0xF4, 0x6B, 0x34, 0x74, 0xF6, 0x8C, 0xF8, 0x8C, 0x56, 0x95,
    0x12, 0xA6, 0xD0, 0x9D, 0xD0, 0x9D, 0xD0, 0x9D, 0x8F, 0x95, 0x55, 0xB6, 0x5E, 0xDF, 0x5D, 0xDF,
    0x5D, 0xDF, 0x5D, 0xDF, 0x5D, 0xDF, 0x5D, 0xDF, 0x5D, 0xDF, 0x5D, 0xDF, 0x5D, 0xDF, 0x5D, 0xDF,
    0x5D, 0xDF, 0x5D, 0xDF, 0x5D, 0xDF, 0x5D, 0xDF, 0x7C, 0xF7, 0x7C, 0xF7, 0x7C, 0xF7, 0x5C, 0xF7,
    0x7C, 0xF7, 0x7C, 0xF7, 0x7C, 0xF7, 0x7C, 0xF7, 0x7C, 0xF7, 0x7C, 0xF7, 0x7C, 0xF7, 0x7C, 0xF7,
    0x7C, 0xF7, 0x7C, 0xF7, 0x5B, 0xF7, 0x5B, 0xF7, 0x7C, 0xFF, 0x96, 0xC6, 0xB0, 0x95, 0xD0, 0x9D,
    0xD0, 0x9D, 0xF0, 0x9D, 0xF1, 0xA5, 0x10, 0xAE, 0x31, 0xB6, 0xD7, 0xDE, 0x9C, 0xFF, 0x18, 0xDE,
    0x6D, 0xB3, 0x89, 0xA2, 0xE9, 0xB2, 0xC6, 0xB2, 0x88, 0xB3, 0x2A, 0xC4, 0x8A, 0xCC, 0xCB, 0xD4,
    0x0C, 0xDD, 0x6D, 0xED, 0xCE, 0xF5, 0xCE, 0xF5, 0x2E, 0xFE, 0xCB, 0xDC, 0xE4, 0xB2, 0x69, 0xD4,
    0x0C, 0xE5, 0x6D, 0xED, 0xAD, 0xF5, 0xCE, 0xF5, 0xCE, 0xF5, 0xCE, 0xF5, 0xCE, 0xF5, 0xCD, 0xF5,
    0xAD, 0xF5, 0xAD, 0xED, 0x8C, 0xED, 0x4C, 0xED, 0x0B, 0xE5, 0xAA, 0xDC, 0x28, 0xCC, 0x26, 0xB3,
    0x21, 0x59, 0x23, 0x31, 0xEA, 0x5A, 0x47, 0xD4, 0xAA, 0xC4, 0xC9, 0xDC, 0xA7, 0xE4, 0xE8, 0xA3,
    0x88, 0xD4, 0x08, 0xF5, 0x11, 0xF6, 0x11, 0xF6, 0x48, 0xF5, 0xCA, 0xFD, 0x0E, 0xEE, 0xB1, 0xB5,
    0x92, 0x9D, 0x53, 0x7D, 0x10, 0xD6, 0x0C, 0xFE, 0x49, 0xFD, 0x6D, 0xCD, 0x31, 0xCE, 0x6D, 0xFE,
    0xCF, 0xFE, 0x72, 0xE6, 0xCB, 0x5A, 0x2A, 0x4A, 0xE9, 0x39, 0xEF, 0x8B, 0x31, 0x94, 0x2C, 0x3A,
    0x4D, 0x3A, 0x6D, 0x42, 0x2C, 0x3A, 0x6E, 0x42, 0x8E, 0x42, 0x8E, 0x42, 0xAF, 0x42, 0xCF, 0x4A,
    0xEF, 0x4A, 0xF0, 0x4A, 0x30, 0x53, 0x71, 0x5B, 0x71, 0x53, 0xAA, 0x21, 0x27, 0x19, 0x0C, 0x32,
    0x2C, 0x32, 0x6E, 0x3A, 0x30, 0x53, 0x55, 0x74, 0xB2, 0x63, 0x92, 0x5B, 0xF3, 0x6B, 0xB6, 0x84,
    0x96, 0x7C, 0x58, 0x95, 0xF7, 0x8C, 0x17, 0x8D, 0xF2, 0xA5, 0xB0, 0x95, 0xB0, 0x9D, 0xB0, 0x95,
    0xD2, 0x9D, 0x98, 0xBE, 0x5E, 0xDF, 0x5E, 0xDF, 0x5E, 0xDF, 0x5E, 0xDF, 0x5E, 0xDF, 0x5E, 0xDF,
    0x5E, 0xDF, 0x5E, 0xDF, 0x5D, 0xDF, 0x5E, 0xDF, 0x5D, 0xDF, 0x5D, 0xDF, 0x5D, 0xDF, 0x5D, 0xDF,
    0x7C, 0xF7, 0x7C, 0xF7, 0x7C, 0xF7, 0x7C, 0xF7, 0x7C, 0xF7, 0x7C, 0xFF, 0x7B, 0xFF, 0x7C, 0xF7,
    0x7C, 0xF7, 0x7C, 0xF7, 0x7C, 0xFF, 0x5B, 0xFF, 0x5B, 0xF7, 0x5B, 0xF7, 0x5B, 0xF7, 0x5B, 0xF7,
    0x7C, 0xFF, 0x1A, 0xEF, 0xD1, 0x9D, 0xD0, 0x95, 0xD0, 0x9D, 0xD0, 0x95, 0xF1, 0x9D, 0xF1, 0xA5,
    0x10, 0xA6, 0x11, 0xAE, 0x39, 0xE7, 0xFA, 0xF6, 0xEF, 0xC3, 0xAA, 0xAA, 0xA4, 0x89, 0x29, 0xAB,
    0xCA, 0xB3, 0x2A, 0xC4, 0x8B, 0xCC, 0xCB, 0xD4, 0x0C, 0xDD, 0x4C, 0xE5, 0x8D, 0xED, 0xEE, 0xF5,
    0x0E, 0xFE, 0x8D, 0xF5, 0x45, 0xBB, 0x28, 0xD4, 0xEB, 0xDC, 0x4C, 0xE5, 0x8D, 0xED, 0xAD, 0xF5,
    0xCE, 0xF5, 0xCE, 0xF5, 0xCE, 0xF5, 0xCD, 0xF5, 0xAD, 0xF5, 0xAD, 0xF5, 0x8D, 0xED, 0x6C, 0xED,
    0x4C, 0xE5, 0xEB, 0xE4, 0x89, 0xD4, 0xA7, 0xBB, 0xC2, 0x79, 0x05, 0xA3, 0x47, 0xCC, 0xE8, 0xEC,
    0xAB, 0xF5, 0x4B, 0xED, 0xA9, 0xCC, 0x8E, 0x53, 0x2D, 0x84, 0x2B, 0xD5, 0x0E, 0xF6, 0x50, 0xFE,
    0xEB, 0xFD, 0x2B, 0xFE, 0xAE, 0xCD, 0x71, 0x9D, 0x73, 0x95, 0x94, 0x95, 0xB2, 0x9D, 0xCB, 0xF5,
    0x26, 0xDC, 0x2E, 0x74, 0x32, 0x7D, 0x2E, 0xEE, 0xD1, 0xFE, 0xB5, 0xCE, 0x72, 0x95, 0x89, 0x5A,
    0xC8, 0x39, 0x6A, 0x5A, 0xAC, 0x5A, 0xAD, 0x4A, 0xCE, 0x52, 0x4C, 0x3A, 0x2C, 0x3A, 0x6D, 0x42,
    0x6D, 0x42, 0x8E, 0x42, 0xAE, 0x42, 0xCF, 0x42, 0xCF, 0x42, 0x10, 0x4B, 0x30, 0x53, 0x51, 0x53,
    0x51, 0x53, 0xEB, 0x29, 0xE6, 0x10, 0xAB, 0x29, 0xEC, 0x31, 0x6E, 0x3A, 0x51, 0x53, 0x92, 0x5B,
    0x51, 0x53, 0x71, 0x5B, 0x75, 0x7C, 0x58, 0x9D, 0x17, 0x95, 0x55, 0x74, 0x75, 0x7C, 0xF7, 0x8C,
    0xD2, 0x9D, 0xB0, 0x95, 0xF2, 0xA5, 0xD9, 0xC6, 0x5D, 0xDF, 0x5E, 0xDF, 0x5E, 0xDF, 0x5E, 0xDF,
    0x5E, 0xDF, 0x5E, 0xDF, 0x5E, 0xDF, 0x5E, 0xDF, 0x5E, 0xDF, 0x5E, 0xDF, 0x5E, 0xDF, 0x5E, 0xDF,
    0x5E, 0xDF, 0x5E, 0xDF, 0x5E, 0xDF, 0x5D, 0xDF, 0x7C, 0xF7, 0x7C, 0xF7, 0x7C, 0xFF, 0x7C, 0xFF,
    0x7C, 0xFF, 0x7B, 0xFF, 0x7C, 0xFF, 0x7C, 0xFF, 0x7C, 0xF7, 0x7C, 0xF7, 0x5C, 0xF7, 0x5B, 0xF7,
    0x5B, 0xF7, 0x5B, 0xF7, 0x5B, 0xF7, 0x5B, 0xF7, 0x5B, 0xF7, 0x7C, 0xFF, 0x76, 0xC6, 0x8F, 0x8D,
    0xAF, 0x95, 0xB0, 0x95, 0xD0, 0x95, 0xF1, 0x9D, 0xF1, 0xA5, 0xF0, 0xA5, 0x54, 0xBE, 0x7B, 0xF7,
    0x98, 0xEE, 0xD1, 0xD4, 0xCC, 0xBB, 0xEC, 0xB3, 0xEB, 0xB3, 0x0A, 0xBC, 0x8B, 0xCC, 0xCB, 0xDC,
    0x0C, 0xDD, 0x2C, 0xE5, 0x6D, 0xED, 0xCE, 0xF5, 0xEE, 0xF5, 0x0E, 0xFE, 0xE7, 0xCB, 0xE7, 0xCB,
    0xCA, 0xDC, 0x0B, 0xE5, 0x6D, 0xED, 0x8D, 0xED, 0xAD, 0xF5, 0xCE, 0xF5, 0xCD, 0xF5, 0xCD, 0xF5,
    0xAD, 0xF5, 0xAD, 0xF5, 0x8D, 0xED, 0x8C, 0xED, 0x4C, 0xED, 0x0B, 0xE5, 0xCA, 0xDC, 0x86, 0xBB,
    0xA5, 0x8A, 0x87, 0xE4, 0xE8, 0xEC, 0xAC, 0xF5, 0xB1, 0xFE, 0xAC, 0xFD, 0xE6, 0xBB, 0xAE, 0x5B,
    0x8E, 0x8C, 0x6E, 0x84, 0x6B, 0xD5, 0xAA, 0xF5, 0xEB, 0xFD, 0xEB, 0xF5, 0x2E, 0xA5, 0x11, 0x85,
    0x53, 0x8D, 0x91, 0xA5, 0xB1, 0xA5, 0x6B, 0xED, 0x25, 0xAB, 0x4C, 0x53, 0x6F, 0x7C, 0x70, 0xAD,
    0x8F, 0xFE, 0x2D, 0xEE, 0x2B, 0xF6, 0xA9, 0xCC, 0x87, 0x39, 0x2B, 0x4A, 0x2B, 0x4A, 0xAD, 0x52,
    0x2E, 0x6B, 0x8D, 0x4A, 0x2C, 0x3A, 0x2C, 0x3A, 0x6D, 0x3A, 0x6E, 0x42, 0x8E, 0x42, 0xAE, 0x42,
    0xEF, 0x4A, 0xEF, 0x4A, 0x10, 0x4B, 0x30, 0x4B, 0x10, 0x4B, 0x0B, 0x32, 0xC6, 0x10, 0xAA, 0x21,
    0xCB, 0x29, 0xAF, 0x42, 0x30, 0x53, 0x10, 0x4B, 0x51, 0x53, 0x92, 0x5B, 0x34, 0x74, 0xD6, 0x84,
    0xF7, 0x8C, 0x55, 0x74, 0x55, 0x74, 0xB7, 0x84, 0xB3, 0x95, 0xF1, 0x9D, 0xF3, 0xA5, 0x55, 0xAE,
    0x98, 0xBE, 0x5E, 0xDF, 0x5E, 0xDF, 0x5D, 0xDF, 0x5D, 0xDF, 0x5D, 0xDF, 0x5E, 0xDF, 0x5E, 0xDF,
    0x5E, 0xDF, 0x5E, 0xDF, 0x5E, 0xDF, 0x5E, 0xDF, 0x5E, 0xDF, 0x5E, 0xDF, 0x5E, 0xDF, 0x5E, 0xDF,
    0x7C, 0xF7, 0x7C, 0xF7, 0x7C, 0xFF, 0x7C, 0xFF, 0x7C, 0xFF, 0x7C, 0xFF, 0x7C, 0xFF, 0x7C, 0xFF,
    0x7C, 0xF7, 0x7C, 0xF7, 0x7B, 0xFF, 0x5B, 0xF7, 0x5B, 0xF7, 0x5B, 0xF7, 0x5B, 0xF7, 0x5B, 0xF7,
    0x5B, 0xF7, 0x7C, 0xFF, 0x5B, 0xF7, 0x34, 0xB6, 0xD1, 0x9D, 0xD0, 0x95, 0xB0, 0x95, 0xD1, 0x9D,
    0xD1, 0x9D, 0xD1, 0x9D, 0xD1, 0x9D, 0xD7, 0xD6, 0x9C, 0xFF, 0xDD, 0xFF, 0x98, 0xE6, 0x2D, 0xB4,
    0xEB, 0xB3, 0x0A, 0xBC, 0x8B, 0xCC, 0xEC, 0xDC, 0x0C, 0xDD, 0x2C, 0xE5, 0x4C, 0xE5, 0x8D, 0xED,
    0xCE, 0xF5, 0x2F, 0xFE, 0xA9, 0xDC, 0xA6, 0xCB, 0xAA, 0xDC, 0xEB, 0xE4, 0x4C, 0xED, 0x6D, 0xED,
    0x8D, 0xED, 0xAD, 0xF5, 0xAD, 0xF5, 0xAD, 0xF5, 0xAD, 0xF5, 0xAD, 0xED, 0x8D, 0xED, 0x8C, 0xED,
    0x6C, 0xED, 0x2B, 0xE5, 0xEA, 0xE4, 0xC5, 0x9A, 0x4A, 0x7B, 0x2A, 0xDD, 0x8A, 0xF5, 0x71, 0xEE,
    0x94, 0xD6, 0xCE, 0xE5, 0x44, 0xAB, 0xAB, 0x7B, 0xEE, 0x6B, 0x8D, 0x9C, 0x6D, 0x8C, 0x6B, 0xDD,
    0xEA, 0xFD, 0xEB, 0xF5, 0x0F, 0xA5, 0xF2, 0x7C, 0x51, 0x9D, 0x50, 0x9D, 0xEE, 0xD5, 0x6A, 0xF5,
    0x63, 0x92, 0x09, 0x6B, 0x2C, 0x84, 0xEE, 0x9C, 0xA9, 0xF5, 0x66, 0xFD, 0x0A, 0xED, 0xA7, 0xCB,
    0x64, 0x49, 0x0A, 0x42, 0x2B, 0x42, 0x4C, 0x42, 0x4C, 0x4A, 0xAE, 0x4A, 0xEB, 0x31, 0x0C, 0x3A,
    0x4D, 0x3A, 0x4D, 0x3A, 0xAE, 0x42, 0xEF, 0x52, 0x70, 0x63, 0x30, 0x53, 0xEF, 0x42, 0xEF, 0x42,
    0x8E, 0x3A, 0x8A, 0x21, 0xC6, 0x10, 0x6A, 0x21, 0xEB, 0x29, 0x92, 0x63, 0x10, 0x4B, 0xEF, 0x4A,
    0x51, 0x53, 0xB2, 0x5B, 0xD3, 0x63, 0x14, 0x6C, 0x55, 0x74, 0x75, 0x7C, 0x75, 0x74, 0x96, 0x7C,
    0x94, 0x95, 0xD0, 0x95, 0xB0, 0x95, 0x4E, 0x8D, 0xF3, 0xA5, 0x5E, 0xDF, 0x5D, 0xD7, 0x5E, 0xD7,
    0x5E, 0xD7, 0x5E, 0xD7, 0x5D, 0xD7, 0x5D, 0xD7, 0x5D, 0xD7, 0x5D, 0xD7, 0x5D, 0xD7, 0x5D, 0xDF,
    0x5E, 0xDF, 0x5E, 0xDF, 0x5E, 0xDF, 0x5E, 0xDF, 0x7C, 0xF7, 0x7C, 0xFF, 0x7C, 0xFF, 0x7C, 0xFF,
    0x7B, 0xF7, 0x7B, 0xF7, 0x7B, 0xF7, 0x5B, 0xF7, 0x5B, 0xF7, 0x5B, 0xF7, 0x5B, 0xF7, 0x5B, 0xF7,
    0x5B, 0xF7, 0x5B, 0xF7, 0x5B, 0xF7, 0x5B, 0xF7, 0x5B, 0xF7, 0x5B, 0xF7, 0x7C, 0xFF, 0x3A, 0xEF,
    0x76, 0xC6, 0x34, 0xB6, 0xB0, 0x95, 0xB0, 0x8D, 0xD1, 0x9D, 0xB0, 0x9D, 0xB1, 0x95, 0x34, 0xB6,
    0x5B, 0xF7, 0x7C, 0xFF, 0x58, 0xDE, 0x4E, 0xB4, 0x0C, 0xB4, 0x0A, 0xBC, 0x6B, 0xCC, 0xEC, 0xDC,
    0x2C, 0xE5, 0x4C, 0xE5, 0x4C, 0xE5, 0x8D, 0xED, 0xAE, 0xF5, 0xEE, 0xF5, 0x2B, 0xE5, 0xA6, 0xC3,
    0x69, 0xD4, 0xCA, 0xDC, 0x2B, 0xE5, 0x4C, 0xED, 0x6D, 0xED, 0x8D, 0xED, 0x8D, 0xED, 0xAD, 0xED,
    0x8D, 0xED, 0x8C, 0xED, 0x6C, 0xED, 0x6C, 0xED, 0x4C, 0xED, 0x4C, 0xED, 0x08, 0xCC, 0xE5, 0x92,
    0x0B, 0x94, 0x2A, 0xDD, 0xEE, 0xED, 0x53, 0xCE, 0xD4, 0x9D, 0x6F, 0xB5, 0x04, 0xA3, 0x29, 0x6B,
    0x6C, 0x63, 0xED, 0x73, 0xAD, 0x94, 0x4C, 0xC5, 0xCA, 0xFD, 0x8A, 0xF5, 0xAF, 0x84, 0x4D, 0xC5,
    0x2B, 0xC5, 0x6B, 0xE5, 0xAB, 0xFD, 0x89, 0xFD, 0xC7, 0x8A, 0xC9, 0x62, 0x49, 0x73, 0x66, 0xCC,
    0x64, 0xEC, 0xEC, 0xEC, 0x13, 0xFE, 0x74, 0xFE, 0x69, 0x62, 0xA9, 0x31, 0x0A, 0x42, 0x4C, 0x42,
    0xEB, 0x39, 0x0B, 0x3A, 0xCB, 0x31, 0xEB, 0x31, 0x2C, 0x3A, 0x4D, 0x3A, 0x0F, 0x53, 0x70, 0x63,
    0x70, 0x63, 0x70, 0x5B, 0xEF, 0x4A, 0xAE, 0x3A, 0x4D, 0x32, 0x48, 0x19, 0xA5, 0x08, 0x49, 0x19,
    0x4D, 0x3A, 0x51, 0x53, 0xCF, 0x42, 0xF0, 0x4A, 0x51, 0x53, 0x92, 0x5B, 0xD3, 0x63, 0x14, 0x6C,
    0x34, 0x74, 0x34, 0x74, 0xF7, 0x8C, 0xB7, 0x84, 0x54, 0x8D, 0x90, 0x8D, 0x4F, 0x85, 0xB1, 0x95,
    0xFB, 0xC6, 0x5E, 0xDF, 0x5E, 0xD7, 0x3C, 0xDF, 0x1A, 0xE7, 0x3C, 0xDF, 0x5E, 0xD7, 0x5D, 0xD7,
    0x5D, 0xD7, 0x5D, 0xD7, 0x5D, 0xD7, 0x5D, 0xD7, 0x5D, 0xD7, 0x5D, 0xD7, 0x5D, 0xD7, 0x5E, 0xD7,
    0x7B, 0xF7, 0x7C, 0xFF, 0x7C, 0xFF, 0x7B, 0xF7, 0x5B, 0xF7, 0x5B, 0xF7, 0x7B, 0xF7, 0x7B, 0xF7,
    0x5B, 0xF7, 0x5B, 0xF7, 0x5B, 0xF7, 0x5B, 0xFF, 0x5B, 0xF7, 0x5B, 0xF7, 0x5B, 0xF7, 0x7B, 0xFF,
    0x5B, 0xFF, 0x5B, 0xF7, 0x5B, 0xF7, 0x5B, 0xF7, 0x35, 0xBE, 0x90, 0x8D, 0xB0, 0x95, 0x90, 0x8D,
    0x90, 0x8D, 0xB1, 0x95, 0xB1, 0x95, 0xD2, 0x9D, 0xF9, 0xDE, 0x9D, 0xFF, 0x37, 0xDE, 0x6F, 0xB4,
    0x0C, 0xB4, 0xEA, 0xBB, 0x6B, 0xCC, 0xEC, 0xDC, 0x4D, 0xE5, 0x6D, 0xED, 0x6D, 0xED, 0x6D, 0xED,
    0x8D, 0xED, 0xCD, 0xF5, 0x8C, 0xF5, 0xA5, 0xCB, 0x28, 0xD4, 0x89, 0xDC, 0xEB, 0xE4, 0x2B, 0xE5,
    0x4C, 0xED, 0x6C, 0xED, 0x6C, 0xED, 0x6C, 0xED, 0x6C, 0xED, 0x6C, 0xED, 0x4C, 0xED, 0x2B, 0xED,
    0x2B, 0xE5, 0x0B, 0xE5, 0x05, 0xB3, 0xA2, 0xBA, 0x83, 0xD3, 0xC5, 0xEC, 0xC9, 0xFD, 0x0F, 0xDE,
    0xB4, 0x8D, 0x70, 0xBD, 0xA3, 0xAA, 0xE7, 0x72, 0x2B, 0x5B, 0x8D, 0x63, 0x0C, 0x84, 0x8B, 0xAC,
    0xEB, 0xF5, 0xEC, 0xE5, 0x09, 0xED, 0xD8, 0x9D, 0xD0, 0xC5, 0x66, 0xFB, 0x8E, 0xF3, 0x87, 0xFD,
    0x0E, 0xFE, 0x72, 0xE5, 0xEE, 0xCC, 0xA4, 0xE3, 0x6B, 0xE4, 0x34, 0xFE, 0x53, 0xFE, 0x94, 0xFE,
    0xB2, 0xDD, 0xC9, 0x39, 0xEA, 0x39, 0x2C, 0x3A, 0xEB, 0x31, 0xCA, 0x31, 0xCA, 0x31, 0xCA, 0x31,
    0x0C, 0x32, 0x2C, 0x32, 0x8D, 0x42, 0x70, 0x63, 0x50, 0x5B, 0xAE, 0x42, 0xAE, 0x42, 0x8E, 0x3A,
    0x4D, 0x32, 0x28, 0x11, 0x64, 0x00, 0x49, 0x19, 0x2D, 0x32, 0x6D, 0x3A, 0x6E, 0x3A, 0xF0, 0x4A,
    0x71, 0x53, 0x72, 0x5B, 0xB2, 0x5B, 0xF3, 0x6B, 0x14, 0x6C, 0x75, 0x74, 0x99, 0xA5, 0x18, 0x8D,
    0x15, 0x8D, 0xB1, 0x8D, 0x15, 0xA6, 0xFB, 0xCE, 0x1B, 0xE7, 0x3D, 0xDF, 0xF9, 0xE6, 0x52, 0xF6,
    0x30, 0xF6, 0x52, 0xF6, 0x1B, 0xDF, 0x5E, 0xD7, 0x5D, 0xD7, 0x5D, 0xD7, 0x5D, 0xD7, 0x5D, 0xD7,
    0x5D, 0xD7, 0x5D, 0xD7, 0x5D, 0xD7, 0x5D, 0xD7, 0x7B, 0xF7, 0x7B, 0xF7, 0x7B, 0xF7, 0x7B, 0xF7,
    0x5B, 0xF7, 0x5B, 0xF7, 0x5B, 0xF7, 0x5B, 0xF7, 0x5B, 0xF7, 0x5B, 0xF7, 0x5B, 0xF7, 0x5B, 0xF7,
    0x5B, 0xF7, 0x7B, 0xFF, 0x7B, 0xFF, 0x5B, 0xF7, 0x5B, 0xF7, 0x7C, 0xFF, 0x7C, 0xFF, 0x7C, 0xFF,
    0x3A, 0xEF, 0x91, 0x95, 0x6F, 0x85, 0x90, 0x8D, 0x70, 0x8D, 0xB1, 0x95, 0xB1, 0x95, 0xB1, 0x95,
    0x34, 0xB6, 0x7C, 0xF7, 0xD6, 0xD5, 0x6F, 0xBC, 0x0C, 0xB4, 0xEA, 0xB3, 0x4B, 0xCC, 0xCB, 0xD4,
    0x2D, 0xE5, 0x8D, 0xED, 0x6D, 0xED, 0x6C, 0xED, 0x8D, 0xED, 0x8D, 0xED, 0xCD, 0xF5, 0xE6, 0xCB,
    0xC6, 0xCB, 0x48, 0xD4, 0xA9, 0xDC, 0xEA, 0xE4, 0x0B, 0xE5, 0x2B, 0xE5, 0x2B, 0xED, 0x2B, 0xED,
    0x2B, 0xE5, 0x0B, 0xE5, 0x0A, 0xE5, 0xEA, 0xE4, 0xEA, 0xE4, 0x08, 0xCC, 0x81, 0x89, 0x01, 0x81,
    0x66, 0xB2, 0x06, 0xCB, 0x84, 0xD3, 0xE5, 0xF4, 0xED, 0xDD, 0x0D, 0xBD, 0x21, 0xAA, 0xC6, 0x7A,
    0x6B, 0x7B, 0xAB, 0xA3, 0x52, 0x65, 0xC8, 0xDC, 0x2B, 0xAD, 0xD2, 0x96, 0x08, 0xED, 0x13, 0x95,
    0x6D, 0xCD, 0xA5, 0xFC, 0x86, 0xF4, 0x26, 0xFD, 0x49, 0xF5, 0xF2, 0xFD, 0xD6, 0xFE, 0xF3, 0xF5,
    0x74, 0xFE, 0xB5, 0xFE, 0x95, 0xFE, 0x74, 0xFE, 0x94, 0xFE, 0x0C, 0x73, 0x89, 0x29, 0x2B, 0x3A,
    0xCA, 0x31, 0xCA, 0x31, 0xAA, 0x29, 0xCA, 0x31, 0x6D, 0x42, 0x2C, 0x32, 0x0C, 0x32, 0x6D, 0x3A,
    0x6D, 0x3A, 0x6D, 0x3A, 0x6D, 0x3A, 0x8E, 0x3A, 0x2C, 0x32, 0x08, 0x11, 0x43, 0x00, 0x07, 0x19,
    0xCB, 0x29, 0xEC, 0x29, 0x4D, 0x32, 0x8E, 0x3A, 0x72, 0x53, 0xB2, 0x5B, 0x92, 0x5B, 0xD3, 0x63,
    0x14, 0x6C, 0x75, 0x7C, 0xB9, 0xA5, 0x38, 0x95, 0x17, 0x8D, 0xFB, 0xCE, 0x5E, 0xD7, 0xD9, 0xE6,
    0x11, 0xEE, 0x75, 0xEE, 0x11, 0xEE, 0xAD, 0xF5, 0xEE, 0xF5, 0xEF, 0xF5, 0xD9, 0xDE, 0x5E, 0xD7,
    0x5D, 0xD7, 0x5D, 0xD7, 0x5D, 0xD7, 0x5D, 0xD7, 0x5D, 0xD7, 0x5D, 0xD7, 0x5D, 0xD7, 0x5D, 0xD7,
    0x7C, 0xF7, 0x7B, 0xFF, 0x7B, 0xFF, 0x7C, 0xFF, 0x5B, 0xF7, 0x5B, 0xF7, 0x5B, 0xF7, 0x5B, 0xF7,
    0x5B, 0xF7, 0x5B, 0xF7, 0x5B, 0xF7, 0x5B, 0xF7, 0x7B, 0xFF, 0x5B, 0xF7, 0x57, 0xB6, 0xF5, 0x9D,
    0x36, 0xA6, 0x97, 0xC6, 0x1A, 0xE7, 0x7B, 0xFF, 0x7C, 0xFF, 0x14, 0xB6, 0x2F, 0x7D, 0x6F, 0x85,
    0x70, 0x85, 0x91, 0x8D, 0xB1, 0x95, 0x91, 0x8D, 0xB2, 0x95, 0xB7, 0xCE, 0x94, 0xCD, 0x90, 0xBC,
    0x0C, 0xB4, 0xEA, 0xB3, 0x4A, 0xC4, 0xAB, 0xD4, 0x2C, 0xE5, 0x8E, 0xED, 0xAE, 0xF5, 0xCD, 0xF5,
    0xAD, 0xF5, 0x8C, 0xED, 0xCD, 0xF5, 0x28, 0xD4, 0x65, 0xC3, 0x07, 0xD4, 0x48, 0xD4, 0x89, 0xDC,
    0xC9, 0xDC, 0xCA, 0xE4, 0xEA, 0xE4, 0xEA, 0xE4, 0xCA, 0xE4, 0xA9, 0xDC, 0xA9, 0xDC, 0x89, 0xDC,
    0x48, 0xD4, 0xC5, 0xAA, 0xA0, 0x58, 0x87, 0xAA, 0x30, 0xF5, 0x71, 0xF5, 0xAE, 0xE4, 0x88, 0xD3,
    0x64, 0xF4, 0x04, 0xCC, 0x43, 0xA2, 0xCE, 0xCC, 0xAC, 0xE3, 0xC9, 0xEB, 0xED, 0x9C, 0xE8, 0xE4,
    0x86, 0xEC, 0x86, 0xEC, 0x44, 0xFC, 0xE1, 0xFB, 0xA2, 0xF3, 0xA2, 0xE3, 0x41, 0xE3, 0x49, 0xEC,
    0x90, 0xFD, 0xB1, 0xF5, 0x13, 0xFE, 0x95, 0xFE, 0x74, 0xFE, 0x94, 0xFE, 0x74, 0xFE, 0x33, 0xFE,
    0x53, 0xFE, 0x8C, 0x93, 0x28, 0x19, 0xEB, 0x31, 0xCA, 0x31, 0xAA, 0x29, 0xCB, 0x29, 0xAA, 0x31,
    0x4C, 0x42, 0x2C, 0x3A, 0x0C, 0x32, 0x0C, 0x32, 0x2C, 0x32, 0x2C, 0x32, 0x4D, 0x3A, 0x8E, 0x3A,
    0xCB, 0x21, 0x08, 0x11, 0x43, 0x00, 0xE6, 0x10, 0x8A, 0x21, 0xAA, 0x21, 0x6E, 0x3A, 0x72, 0x5B,
    0x55, 0x74, 0xD3, 0x63, 0xB3, 0x63, 0xF4, 0x6B, 0x14, 0x6C, 0x34, 0x74, 0xD6, 0x84, 0x76, 0x7C,
    0xD6, 0x8C, 0xB8, 0xDE, 0x1C, 0xDF, 0x33, 0xEE, 0xCF, 0xED, 0xAE, 0xED, 0x8E, 0xED, 0xCF, 0xED,
    0xF0, 0xED, 0x76, 0xE6, 0x3D, 0xD7, 0x5E, 0xD7, 0x3E, 0xD7, 0x5E, 0xD7, 0x5E, 0xD7, 0x5E, 0xD7,
    0x5E, 0xD7, 0x5E, 0xD7, 0x5E, 0xD7, 0x5E, 0xD7, 0x7C, 0xFF, 0x7B, 0xFF, 0x7C, 0xFF, 0x7C, 0xFF,
    0x5B, 0xF7, 0x5B, 0xF7, 0x5B, 0xF7, 0x5B, 0xF7, 0x5B, 0xF7, 0x7B, 0xF7, 0x5B, 0xFF, 0x5B, 0xF7,
    0x7C, 0xFF, 0xB9, 0xD6, 0x54, 0x75, 0x74, 0x7D, 0x73, 0x7D, 0x72, 0x7D, 0x93, 0x85, 0x57, 0xB6,
    0x7C, 0xFF, 0x35, 0xBE, 0x0E, 0x7D, 0x4F, 0x85, 0x4F, 0x85, 0x50, 0x7D, 0x91, 0x8D, 0x91, 0x8D,
    0x92, 0x8D, 0xF4, 0x9D, 0x12, 0xC5, 0x90, 0xBC, 0x0D, 0xB4, 0xCA, 0xB3, 0x2A, 0xC4, 0x8B, 0xD4,
    0xEC, 0xDC, 0x6D, 0xED, 0xCE, 0xF5, 0xEF, 0xF5, 0x0F, 0xF6, 0xEF, 0xF5, 0xEE, 0xF5, 0x68, 0xDC,
    0x03, 0xBB, 0xC6, 0xCB, 0xE7, 0xCB, 0x27, 0xD4, 0x48, 0xD4, 0x68, 0xDC, 0x89, 0xDC, 0x89, 0xDC,
    0x68, 0xDC, 0x48, 0xD4, 0x48, 0xD4, 0x08, 0xCC, 0x86, 0xBB, 0x03, 0x8A, 0xE1, 0x60, 0x49, 0xC3,
    0x6D, 0xE4, 0xEF, 0xEC, 0xB1, 0xFD, 0xB2, 0xFD, 0xAC, 0xEC, 0xC7, 0xCB, 0x10, 0xDD, 0xB2, 0xFD,
    0x87, 0xD2, 0x07, 0xF3, 0x24, 0xFB, 0x04, 0xF3, 0xA3, 0xF2, 0xA3, 0xE2, 0x88, 0xB3, 0xC9, 0xAB,
    0x44, 0xCB, 0x00, 0xE3, 0x41, 0xC2, 0x09, 0xCB, 0xEB, 0xE3, 0x50, 0xF5, 0x13, 0xFE, 0x33, 0xFE,
    0x33, 0xFE, 0x33, 0xFE, 0x12, 0xFE, 0xD1, 0xFD, 0xB0, 0xFD, 0x89, 0x62, 0xAC, 0x5A, 0x6B, 0x4A,
    0xAA, 0x29, 0xAA, 0x31, 0xCA, 0x29, 0x0B, 0x3A, 0x2B, 0x42, 0xCA, 0x29, 0xAA, 0x29, 0xCA, 0x29,
    0xEB, 0x29, 0xEB, 0x29, 0x8E, 0x42, 0x8E, 0x3A, 0xCB, 0x21, 0x07, 0x11, 0x43, 0x00, 0xA6, 0x08,
    0xA7, 0x08, 0x8A, 0x21, 0x2D, 0x32, 0xAF, 0x42, 0x72, 0x5B, 0xB3, 0x63, 0x14, 0x6C, 0x75, 0x7C,
    0xD6, 0x84, 0x55, 0x74, 0x55, 0x74, 0x55, 0x74, 0x96, 0x84, 0x13, 0xDE, 0xB7, 0xDE, 0xF1, 0xE5,
    0x8F, 0xE5, 0x8E, 0xED, 0xAE, 0xED, 0xF1, 0xED, 0xFB, 0xDE, 0x5E, 0xD7, 0x3E, 0xD7, 0x3E, 0xD7,
    0x3E, 0xD7, 0x3E, 0xD7, 0x3E, 0xD7, 0x5E, 0xD7, 0x5E, 0xD7, 0x5E, 0xD7, 0x5E, 0xD7, 0x5E, 0xD7,
    0x7B, 0xFF, 0x7B, 0xFF, 0x7B, 0xFF, 0x7C, 0xF7, 0x7B, 0xF7, 0x5B, 0xF7, 0x5B, 0xF7, 0x5C, 0xFF,
    0x5B, 0xFF, 0x5C, 0xFF, 0x5C, 0xFF, 0x5B, 0xF7, 0x7C, 0xFF, 0xD9, 0xD6, 0x54, 0x7D, 0x54, 0x7D,
    0x53, 0x7D, 0x73, 0x7D, 0x52, 0x7D, 0x52, 0x7D, 0xFA, 0xDE, 0x15, 0xB6, 0x10, 0x75, 0x30, 0x7D,
    0x2F, 0x7D, 0x10, 0x7D, 0x51, 0x85, 0x71, 0x8D, 0x91, 0x8D, 0xB3, 0x9D, 0xD1, 0xBC, 0x90, 0xBC,
    0x2E, 0xB4, 0xCA, 0xB3, 0x0A, 0xBC, 0x6A, 0xCC, 0xAB, 0xD4, 0x0C, 0xDD, 0x6D, 0xE5, 0xAE, 0xED,
    0xCF, 0xF5, 0x0F, 0xF6, 0x30, 0xFE, 0x0B, 0xE5, 0x62, 0xAA, 0x03, 0xBB, 0xA5, 0xCB, 0xC6, 0xCB,
    0xE7, 0xCB, 0x07, 0xD4, 0x07, 0xD4, 0x27, 0xD4, 0x07, 0xD4, 0x07, 0xCC, 0xE7, 0xCB, 0x86, 0xBB,
    0xC4, 0xA2, 0x41, 0x71, 0x22, 0x69, 0x08, 0xCB, 0xAB, 0xD3, 0x2D, 0xDC, 0xAF, 0xE4, 0x10, 0xED,
    0x51, 0xED, 0x6F, 0xD4, 0x4E, 0xD4, 0x6E, 0xDC, 0x10, 0xED, 0x30, 0xF5, 0x69, 0xEB, 0x02, 0xEA,
    0x65, 0xD2, 0x2F, 0x5C, 0xF2, 0x3C, 0x13, 0x3D, 0xF1, 0x5C, 0xE3, 0xC2, 0x84, 0xCA, 0x8B, 0xD3,
    0x8D, 0xEC, 0x2F, 0xF5, 0x70, 0xF5, 0xF2, 0xFD, 0x12, 0xFE, 0x90, 0xFD, 0x0E, 0xF5, 0xCD, 0xFC,
    0x49, 0xAB, 0xC5, 0x18, 0xEC, 0x72, 0xAC, 0x5A, 0xCB, 0x29, 0xAA, 0x29, 0xAA, 0x29, 0x4C, 0x3A,
    0x8D, 0x42, 0x0C, 0x32, 0x2C, 0x32, 0xEB, 0x29, 0xEB, 0x29, 0x0C, 0x2A, 0x4D, 0x32, 0xEB, 0x29,
    0x8A, 0x21, 0xA6, 0x08, 0x23, 0x00, 0x28, 0x19, 0xEF, 0x4A, 0x13, 0x74, 0xB2, 0x6B, 0xCA, 0x29,
    0xE8, 0x10, 0xAB, 0x21, 0x6E, 0x3A, 0xF4, 0x63, 0x79, 0x9D, 0xF7, 0x8C, 0x55, 0x74, 0x55, 0x74,
    0x96, 0x7C, 0xD3, 0xD5, 0xF2, 0xE5, 0x6F, 0xE5, 0xAF, 0xE5, 0xF2, 0xE5, 0xD1, 0xE5, 0xF3, 0xE5,
    0x1C, 0xD7, 0x3E, 0xD7, 0x3D, 0xD7, 0x3E, 0xD7, 0x3E, 0xD7, 0x3E, 0xD7, 0x3E, 0xD7, 0x3E, 0xD7,
    0x3E, 0xD7, 0x5E, 0xD7, 0x5E, 0xD7, 0x5E, 0xD7, 0x7B, 0xFF, 0x7B, 0xFF, 0x7B, 0xFF, 0x7B, 0xFF,
    0x7C, 0xFF, 0x5B, 0xF7, 0x5B, 0xF7, 0x5B, 0xF7, 0x5C, 0xFF, 0x7C, 0xFF, 0x7C, 0xF7, 0x5B, 0xF7,
    0x5B, 0xFF, 0x5B, 0xF7, 0xD6, 0x9D, 0x34, 0x75, 0x53, 0x7D, 0x53, 0x7D, 0x53, 0x7D, 0x33, 0x75,
    0xD5, 0x9D, 0xB4, 0x9D, 0x32, 0x7D, 0x31, 0x7D, 0x31, 0x7D, 0x0F, 0x75, 0x10, 0x75, 0x72, 0x85,
    0x72, 0x85, 0xB4, 0xA5, 0x90, 0xBC, 0x4E, 0xB4, 0x4E, 0xB4, 0xCA, 0xAB, 0xEA, 0xBB, 0x4A, 0xC4,
    0x8B, 0xD4, 0xEC, 0xDC, 0x2D, 0xE5, 0x6D, 0xE5, 0x6D, 0xED, 0xCA, 0xDC, 0x47, 0xD4, 0xAA, 0xDC,
    0x08, 0xCC, 0xC6, 0xCB, 0x24, 0xBB, 0x44, 0xC3, 0x85, 0xC3, 0xC6, 0xC3, 0xC7, 0xCB, 0xE7, 0xCB,
    0xE7, 0xCB, 0xC6, 0xC3, 0x86, 0xBB, 0x05, 0xAB, 0x03, 0x8A, 0xE1, 0x58, 0xE1, 0x58, 0xC7, 0xC2,
    0x49, 0xCB, 0x8B, 0xCB, 0xED, 0xCB, 0x2E, 0xD4, 0xCD, 0xCB, 0x8C, 0xC3, 0xAD, 0xC3, 0xE9, 0xBA,
    0x09, 0xC3, 0x2C, 0xE4, 0x6D, 0xEC, 0x84, 0xF2, 0x4B, 0x8B, 0xF2, 0x34, 0x70, 0x44, 0x70, 0x44,
    0xD2, 0x3C, 0xE6, 0x8A, 0xC2, 0xB9, 0x09, 0xC3, 0xCB, 0xDB, 0xEF, 0xEC, 0x4F, 0xF5, 0x70, 0xFD,
    0x69, 0xD3, 0xC6, 0xCA, 0xC9, 0xE3, 0x29, 0xAB, 0x64, 0x10, 0xC6, 0x10, 0xAA, 0x29, 0xEB, 0x31,
    0xEB, 0x31, 0x8A, 0x29, 0xAA, 0x29, 0x0B, 0x32, 0xEB, 0x31, 0x0B, 0x32, 0x2C, 0x32, 0x4D, 0x32,
    0x4D, 0x32, 0x4D, 0x32, 0x2C, 0x32, 0xEB, 0x29, 0x89, 0x21, 0x8D, 0x42, 0x33, 0x7C, 0x78, 0xA5,
    0xD9, 0xAD, 0xB9, 0xAD, 0xDA, 0xAD, 0xB9, 0xAD, 0x91, 0x5B, 0x2D, 0x32, 0x2C, 0x32, 0xAB, 0x21,
    0x51, 0x53, 0x96, 0x7C, 0x75, 0x7C, 0x55, 0x74, 0x96, 0x7C, 0xB3, 0xCD, 0x8F, 0xDD, 0xB0, 0xE5,
    0xD0, 0xED, 0x76, 0xDE, 0x1C, 0xD7, 0x3D, 0xD7, 0x3E, 0xD7, 0x3E, 0xD7, 0x5E, 0xD7, 0x5E, 0xD7,
    0x5E, 0xD7, 0x3E, 0xD7, 0x5E, 0xD7, 0x5E, 0xD7, 0x3E, 0xD7, 0x3E, 0xD7, 0x3E, 0xD7, 0x3E, 0xD7,
    0x7B, 0xFF, 0x7B, 0xFF, 0x7B, 0xFF, 0x7C, 0xFF, 0x7C, 0xF7, 0x5B, 0xF7, 0x5B, 0xF7, 0x7B, 0xF7,
    0x5B, 0xFF, 0x7B, 0xFF, 0x7C, 0xF7, 0x7C, 0xF7, 0x5B, 0xF7, 0x7C, 0xFF, 0xFA, 0xDE, 0x54, 0x7D,
    0x34, 0x7D, 0x34, 0x7D, 0x13, 0x75, 0x33, 0x75, 0x53, 0x7D, 0x32, 0x7D, 0x32, 0x7D, 0x32, 0x7D,
    0x53, 0x7D, 0x31, 0x7D, 0xD0, 0x6C, 0x52, 0x85, 0x72, 0x85, 0x94, 0xAD, 0x6F, 0xBC, 0x0C, 0xAC,
    0x4E, 0xB4, 0xCB, 0xAB, 0xEA, 0xB3, 0x2A, 0xC4, 0x8B, 0xD4, 0xEC, 0xDC, 0x2C, 0xE5, 0x2B, 0xE5,
    0xCA, 0xE4, 0xC9, 0xDC, 0xCA, 0xDC, 0x2C, 0xE5, 0x2F, 0xF6, 0x2F, 0xFE, 0x89, 0xDC, 0xE7, 0xCB,
    0xA6, 0xC3, 0x85, 0xC3, 0xC6, 0xC3, 0xC6, 0xC3, 0xA6, 0xC3, 0x86, 0xBB, 0x25, 0xB3, 0x64, 0x9A,
    0x82, 0x71, 0xE1, 0x58, 0xC1, 0x48, 0xA3, 0x99, 0xC7, 0xC2, 0x2A, 0xC3, 0x4B, 0xC3, 0x6B, 0xBB,
    0x4B, 0xBB, 0x4B, 0xBB, 0x6B, 0xBB, 0x8B, 0xC3, 0xCC, 0xD3, 0xAD, 0xEC, 0x70, 0xF5, 0xC9, 0xF3,
    0xC8, 0x8A, 0xD2, 0x34, 0xB1, 0x3C, 0x91, 0x34, 0x2F, 0x4C, 0x83, 0xB2, 0xA0, 0xB9, 0xC4, 0xB1,
    0x49, 0xCB, 0x6D, 0xE4, 0x8D, 0xE4, 0xC6, 0xC2, 0xE3, 0xA9, 0x48, 0xD3, 0x0E, 0xF5, 0xD2, 0xF5,
    0xAF, 0xBC, 0x09, 0x4A, 0x8A, 0x21, 0x0B, 0x3A, 0x0B, 0x32, 0xAA, 0x29, 0xAA, 0x29, 0xAA, 0x29,
    0xEB, 0x31, 0x0B, 0x32, 0x0B, 0x32, 0x2C, 0x32, 0x2C, 0x32, 0x0C, 0x2A, 0xEB, 0x21, 0x8A, 0x19,
    0xCB, 0x31, 0x8D, 0x5A, 0x55, 0x84, 0xB9, 0xAD, 0xB9, 0xAD, 0xB9, 0xAD, 0x98, 0xA5, 0xB9, 0xA5,
    0xFA, 0xB5, 0x14, 0x6C, 0xB3, 0x5B, 0x92, 0x5B, 0x6E, 0x32, 0xAF, 0x3A, 0x34, 0x6C, 0x55, 0x74,
    0x96, 0x7C, 0x72, 0xC5, 0xB0, 0xE5, 0xD1, 0xE5, 0xB0, 0xE5, 0xD0, 0xE5, 0xDA, 0xDE, 0x5E, 0xD7,
    0x3E, 0xD7, 0x5E, 0xD7, 0x5E, 0xD7, 0x5E, 0xD7, 0x5E, 0xD7, 0x5E, 0xD7, 0x3E, 0xD7, 0x3E, 0xD7,
    0x3E, 0xD7, 0x3D, 0xD7, 0x3E, 0xD7, 0x3E, 0xD7, 0x7B, 0xFF, 0x7B, 0xFF, 0x7B, 0xFF, 0x7C, 0xFF,
    0x7C, 0xF7, 0x5C, 0xF7, 0x5C, 0xF7, 0x5B, 0xF7, 0x5B, 0xF7, 0x5B, 0xF7, 0x5B, 0xF7, 0x5B, 0xF7,
    0x5B, 0xF7, 0x5B, 0xF7, 0x7C, 0xFF, 0x58, 0xC6, 0x14, 0x75, 0x34, 0x7D, 0x34, 0x7D, 0x13, 0x75,
    0x13, 0x75, 0x53, 0x7D, 0x33, 0x7D, 0x12, 0x7D, 0x34, 0x7D, 0x74, 0x85, 0xF1, 0x74, 0xF1, 0x74,
    0x73, 0x85, 0x74, 0xBD, 0x2D, 0xB4, 0xAA, 0xAB, 0x4F, 0xB4, 0xCB, 0xAB, 0xCA, 0xB3, 0x2A, 0xC4,
    0xAB, 0xD4, 0xEC, 0xDC, 0x0B, 0xE5, 0x2B, 0xE5, 0x4C, 0xED, 0x2C, 0xE5, 0x6D, 0xE5, 0xCF, 0xED,
    0xEE, 0xF5, 0x8D, 0xED, 0xAE, 0xED, 0xEE, 0xF5, 0x0C, 0xE5, 0x08, 0xCC, 0x08, 0xCC, 0xE7, 0xC3,
    0xA7, 0xC3, 0x45, 0xB3, 0x84, 0x9A, 0xA2, 0x79, 0xC0, 0x50, 0x60, 0x40, 0x60, 0x38, 0x0F, 0xA4,
    0xE9, 0xB2, 0x66, 0xB2, 0xE8, 0xBA, 0x09, 0xBB, 0x2A, 0xBB, 0x2A, 0xBB, 0x2A, 0xBB, 0x2A, 0xBB,
    0x4A, 0xC3, 0xEB, 0xDB, 0x2C, 0xE4, 0xE6, 0xE2, 0xE3, 0xD1, 0x2A, 0x83, 0xCE, 0x5B, 0x8C, 0x73,
    0x64, 0xAA, 0xA0, 0xB9, 0x21, 0xA1, 0xE1, 0x98, 0xA4, 0x99, 0xA7, 0xBA, 0xCA, 0xDB, 0xCD, 0xEC,
    0xB0, 0xFD, 0xD1, 0xFD, 0xF2, 0xFD, 0x12, 0xFE, 0x73, 0xFE, 0x13, 0xF6, 0x4D, 0x7B, 0xAA, 0x29,
    0x0B, 0x2A, 0xCA, 0x29, 0xAA, 0x29, 0xCA, 0x29, 0xAA, 0x21, 0xCB, 0x21, 0x6D, 0x32, 0xEB, 0x29,
    0x2C, 0x32, 0x8C, 0x4A, 0x2D, 0x6B, 0xEF, 0x9B, 0xB0, 0xCC, 0xED, 0xC3, 0x4A, 0x72, 0x75, 0x84,
    0xB9, 0xAD, 0xB9, 0xAD, 0xB9, 0xAD, 0x98, 0xA5, 0xB9, 0xAD, 0xB9, 0xAD, 0x72, 0x53, 0x92, 0x5B,
    0x55, 0x74, 0x92, 0x5B, 0x51, 0x53, 0x55, 0x74, 0x76, 0x7C, 0x94, 0xC5, 0xD1, 0xE5, 0xB1, 0xDD,
    0xB0, 0xDD, 0xD1, 0xE5, 0xDA, 0xD6, 0x5E, 0xD7, 0x3D, 0xD7, 0x5E, 0xD7, 0x5E, 0xD7, 0x5E, 0xD7,
    0x5E, 0xD7, 0x5E, 0xD7, 0x5E, 0xD7, 0x5E, 0xD7, 0x3E, 0xD7, 0x3E, 0xD7, 0x3E, 0xD7, 0x3E, 0xD7,
    0x7B, 0xFF, 0x7B, 0xFF, 0x7B, 0xFF, 0x7C, 0xFF, 0x7B, 0xF7, 0x5B, 0xF7, 0x5B, 0xF7, 0x5B, 0xF7,
    0x5B, 0xF7, 0x5B, 0xF7, 0x7B, 0xF7, 0x5B, 0xF7, 0x5B, 0xF7, 0x5B, 0xF7, 0x5B, 0xF7, 0x5C, 0xF7,
    0x17, 0xAE, 0x14, 0x75, 0x14, 0x75, 0x13, 0x75, 0x13, 0x75, 0xF3, 0x74, 0x54, 0x7D, 0x34, 0x7D,
    0x14, 0x7D, 0x55, 0x7D, 0x75, 0x85, 0xD1, 0x6C, 0x53, 0x8D, 0x13, 0xC5, 0xEC, 0xB3, 0x69, 0xA3,
    0x4E, 0xB4, 0xEC, 0xAB, 0xAA, 0xAB, 0xEA, 0xBB, 0x6A, 0xCC, 0xCB, 0xDC, 0x2B, 0xE5, 0x4C, 0xE5,
    0x0C, 0xDD, 0x0C, 0xDD, 0x4D, 0xE5, 0xAE, 0xED, 0xCE, 0xF5, 0x6C, 0xED, 0x6D, 0xED, 0xAD, 0xED,
    0xF1, 0xF5, 0x34, 0xFE, 0x13, 0xFE, 0xF3, 0xFD, 0xD2, 0xF5, 0x91, 0xED, 0x2F, 0xE5, 0x8E, 0xD4,
    0x0C, 0xBC, 0x8A, 0xAB, 0x6A, 0xA3, 0x16, 0xE6, 0x70, 0xCC, 0xC5, 0x91, 0xC5, 0x91, 0x05, 0x9A,
    0x05, 0x9A, 0x66, 0xA2, 0x09, 0xBB, 0x2A, 0xBB, 0x29, 0xC3, 0x6D, 0xE4, 0x89, 0xE3, 0xC3, 0xD9,
    0xE3, 0xD9, 0xC3, 0xC9, 0xA3, 0xB1, 0x62, 0xA9, 0xA3, 0xB1, 0x46, 0xAA, 0xC8, 0xB2, 0x8A, 0xCB,
    0xEB, 0xD3, 0xAD, 0xEC, 0x4F, 0xFD, 0x50, 0xF5, 0x91, 0xFD, 0x12, 0xFE, 0x33, 0xFE, 0x33, 0xFE,
    0x13, 0xFE, 0x32, 0xFE, 0x53, 0xFE, 0xB0, 0xBC, 0xCC, 0x62, 0x86, 0x49, 0xC6, 0x69, 0xE8, 0x61,
    0x0D, 0x6B, 0xAE, 0x83, 0x91, 0xAC, 0xB0, 0xBC, 0x31, 0xDD, 0xD2, 0xF5, 0x13, 0xFE, 0x33, 0xFE,
    0x13, 0xFE, 0x74, 0xFE, 0xAE, 0xDC, 0x6B, 0x72, 0x38, 0x95, 0xD9, 0xAD, 0xB9, 0xAD, 0x98, 0xA5,
    0x78, 0xA5, 0xD9, 0xAD, 0x75, 0x7C, 0x10, 0x4B, 0xB2, 0x5B, 0xD7, 0x8C, 0x34, 0x74, 0x34, 0x6C,
    0x35, 0x74, 0x18, 0xBE, 0xFB, 0xD6, 0xB9, 0xD6, 0xB9, 0xD6, 0x1C, 0xD7, 0x5E, 0xD7, 0x5E, 0xD7,
    0x5E, 0xD7, 0x3E, 0xD7, 0x3E, 0xD7, 0x3E, 0xD7, 0x3E, 0xD7, 0x5E, 0xD7, 0x5E, 0xD7, 0x5E, 0xD7,
    0x5E, 0xD7, 0x5E, 0xD7, 0x3E, 0xD7, 0x3E, 0xD7, 0x7B, 0xFF, 0x7B, 0xFF, 0x7B, 0xFF, 0x7B, 0xF7,
    0x5B, 0xF7, 0x5B, 0xF7, 0x5B, 0xF7, 0x5B, 0xF7, 0x5B, 0xF7, 0x5B, 0xF7, 0x5B, 0xF7, 0x5B, 0xF7,
    0x5B, 0xF7, 0x5B, 0xF7, 0x5B, 0xF7, 0x7B, 0xFF, 0x5C, 0xF7, 0xDA, 0xDE, 0x99, 0xCE, 0xDA, 0xD6,
    0xDA, 0xD6, 0x96, 0x95, 0xD3, 0x6C, 0x55, 0x7D, 0x55, 0x85, 0x35, 0x7D, 0x76, 0x85, 0x34, 0x75,
    0x54, 0xA5, 0xB1, 0xC4, 0xCC, 0xAB, 0x49, 0xA3, 0x0D, 0xAC, 0x0D, 0xB4, 0x8A, 0xAB, 0xA9, 0xB3,
    0x29, 0xC4, 0xCB, 0xDC, 0x2C, 0xE5, 0xEC, 0xDC, 0xEB, 0xDC, 0xEC, 0xDC, 0x0C, 0xE5, 0x6D, 0xED,
    0x8D, 0xED, 0x2C, 0xE5, 0x6D, 0xE5, 0x8E, 0xED, 0xF2, 0xFD, 0x34, 0xFE, 0x34, 0xFE, 0x34, 0xFE,
    0x55, 0xFE, 0x55, 0xFE, 0x55, 0xFE, 0x55, 0xFE, 0x54, 0xFE, 0x34, 0xFE, 0xF3, 0xFD, 0xEF, 0xE4,
    0x4E, 0xD4, 0x6B, 0xBB, 0x68, 0x9A, 0x27, 0x92, 0x06, 0x9A, 0x06, 0x9A, 0x46, 0xA2, 0xA7, 0xAA,
    0xE8, 0xB2, 0x08, 0xBB, 0x05, 0xAA, 0x63, 0x99, 0x23, 0x79, 0x43, 0x79, 0x63, 0x81, 0x67, 0xAA,
    0xA7, 0xB2, 0x49, 0xC3, 0x29, 0xC3, 0x49, 0xCB, 0xCA, 0xD3, 0xCA, 0xD3, 0x89, 0xD3, 0x2B, 0xDC,
    0x50, 0xF5, 0xF3, 0xFD, 0x13, 0xFE, 0x33, 0xFE, 0x33, 0xFE, 0x33, 0xFE, 0x12, 0xFE, 0x53, 0xFE,
    0x33, 0xFE, 0x49, 0xB3, 0xE4, 0x81, 0x87, 0x92, 0xEF, 0xDC, 0x74, 0xFE, 0x12, 0xFE, 0x33, 0xFE,
    0x13, 0xFE, 0x13, 0xFE, 0xF3, 0xFD, 0xF3, 0xFD, 0xF3, 0xFD, 0xF3, 0xFD, 0x33, 0xFE, 0x4A, 0xAB,
    0x91, 0x73, 0xB9, 0xAD, 0x99, 0xAD, 0x98, 0xA5, 0x57, 0xA5, 0x78, 0xA5, 0x17, 0x95, 0x31, 0x53,
    0x51, 0x53, 0x34, 0x74, 0xB6, 0x84, 0x14, 0x6C, 0x55, 0x74, 0xF7, 0xC5, 0x3D, 0xD7, 0xFC, 0xBE,
    0xBA, 0xB6, 0x99, 0xAE, 0x78, 0xAE, 0x99, 0xB6, 0x1C, 0xC7, 0x5E, 0xD7, 0x3E, 0xD7, 0x3E, 0xD7,
    0x3E, 0xD7, 0x3E, 0xD7, 0x3E, 0xD7, 0x3E, 0xD7, 0x3E, 0xD7, 0x3E, 0xD7, 0x3E, 0xD7, 0x3E, 0xD7,
    0x7B, 0xFF, 0x7B, 0xFF, 0x7C, 0xF7, 0x5B, 0xF7, 0x5B, 0xF7, 0x5B, 0xF7, 0x5B, 0xF7, 0x5B, 0xF7,
    0x5B, 0xF7, 0x5B, 0xF7, 0x5B, 0xF7, 0x5B, 0xF7, 0x5B, 0xF7, 0x5B, 0xF7, 0x5B, 0xF7, 0x5B, 0xF7,
    0x5B, 0xF7, 0x7C, 0xFF, 0x9C, 0xFF, 0xDA, 0xD6, 0xF7, 0xA5, 0x56, 0x85, 0x15, 0x7D, 0x15, 0x7D,
    0x76, 0x85, 0x96, 0x85, 0x36, 0x7D, 0x76, 0x85, 0x74, 0xC5, 0x4E, 0xBC, 0xCB, 0xAB, 0x49, 0xA3,
    0xAC, 0xAB, 0x2D, 0xB4, 0x89, 0xA3, 0x68, 0xAB, 0xE9, 0xBB, 0x8A, 0xD4, 0xAB, 0xD4, 0xAB, 0xD4,
    0xAB, 0xD4, 0xCB, 0xD4, 0xCB, 0xDC, 0x2C, 0xE5, 0x4C, 0xED, 0xEB, 0xDC, 0x2C, 0xE5, 0x6E, 0xED,
    0xD2, 0xFD, 0xF3, 0xFD, 0xF3, 0xFD, 0x13, 0xFE, 0x14, 0xFE, 0x14, 0xFE, 0xF3, 0xFD, 0xF3, 0xFD,
    0xD3, 0xF5, 0xB2, 0xF5, 0x71, 0xED, 0x51, 0xED, 0xAF, 0xDC, 0xCC, 0xCB, 0xEA, 0xAA, 0xA9, 0xA2,
    0x88, 0xA2, 0x68, 0xA2, 0x67, 0x9A, 0x47, 0x9A, 0x26, 0xA2, 0x06, 0x9A, 0x06, 0x9A, 0x05, 0x9A,
    0xE5, 0x91, 0xA4, 0x89, 0x63, 0x79, 0xE4, 0x99, 0x04, 0xAA, 0xE4, 0xA1, 0xE4, 0xA1, 0x46, 0xAA,
    0xE8, 0xBA, 0xCB, 0xD3, 0x8D, 0xE4, 0xCE, 0xEC, 0x70, 0xFD, 0xF2, 0xFD, 0xF2, 0xFD, 0x12, 0xFE,
    0x13, 0xFE, 0x13, 0xFE, 0x12, 0xFE, 0xF2, 0xFD, 0xF2, 0xFD, 0x2C, 0xCC, 0x4F, 0xAC, 0x12, 0xC5,
    0xF1, 0xC4, 0x13, 0xFE, 0xF3, 0xFD, 0xF3, 0xFD, 0xF3, 0xFD, 0xF3, 0xFD, 0xF3, 0xFD, 0xF2, 0xFD,
    0xF2, 0xFD, 0xF2, 0xFD, 0x13, 0xFE, 0xCE, 0xE4, 0xAB, 0x72, 0x37, 0x95, 0x98, 0xA5, 0x78, 0xA5,
    0x57, 0x9D, 0x36, 0x9D, 0x57, 0x9D, 0xB2, 0x63, 0x30, 0x53, 0x51, 0x53, 0x51, 0x53, 0xD3, 0x63,
    0x96, 0x84, 0xB7, 0xA5, 0xF7, 0x95, 0xB5, 0x85, 0xB5, 0x8D, 0xD4, 0x8D, 0xD5, 0x8D, 0xF4, 0x95,
    0x78, 0xAE, 0x5E, 0xD7, 0x3E, 0xD7, 0x3E, 0xD7, 0x3E, 0xD7, 0x3E, 0xD7, 0x3E, 0xD7, 0x3E, 0xD7,
    0x3E, 0xD7, 0x3E, 0xD7, 0x3E, 0xD7, 0x3E, 0xD7, 0x7B, 0xFF, 0x5C, 0xF7, 0x5B, 0xF7, 0x5B, 0xF7,
    0x5B, 0xF7, 0x5B, 0xF7, 0x5B, 0xF7, 0x5B, 0xF7, 0x5B, 0xF7, 0x5B, 0xF7, 0x5B, 0xF7, 0x5B, 0xF7,
    0x5B, 0xF7, 0x5B, 0xF7, 0x5B, 0xF7, 0x5B, 0xF7, 0x5B, 0xF7, 0x5C, 0xF7, 0x3B, 0xEF, 0x96, 0x8D,
    0x36, 0x7D, 0x56, 0x85, 0x56, 0x85, 0x36, 0x85, 0x36, 0x7D, 0x97, 0x85, 0x77, 0x7D, 0x97, 0xAD,
    0xF2, 0xCC, 0x2E, 0xB4, 0xCC, 0xAB, 0x6A, 0xA3, 0x49, 0x9B, 0x0D, 0xB4, 0x8A, 0xA3, 0x48, 0xA3,
    0x88, 0xB3, 0x09, 0xC4, 0x29, 0xC4, 0x49, 0xCC, 0x6A, 0xCC, 0x8A, 0xD4, 0x8A, 0xD4, 0x0B, 0xE5,
    0x0B, 0xE5, 0xAA, 0xD4, 0x0B, 0xDD, 0x4E, 0xED, 0x91, 0xF5, 0x92, 0xF5, 0xB2, 0xF5, 0xB2, 0xF5,
    0xB2, 0xF5, 0xB2, 0xF5, 0xB2, 0xF5, 0x92, 0xF5, 0x91, 0xF5, 0x51, 0xED, 0x30, 0xED, 0xCF, 0xE4,
    0x6E, 0xD4, 0xEC, 0xC3, 0x2A, 0xB3, 0xC9, 0xA2, 0x88, 0x9A, 0x88, 0x9A, 0x88, 0x9A, 0x88, 0xA2,
    0xA8, 0xAA, 0xA8, 0xAA, 0x87, 0xAA, 0xE5, 0x91, 0x84, 0x81, 0x43, 0x79, 0x23, 0x71, 0x00, 0x71,
    0x21, 0x79, 0xA5, 0x99, 0xC7, 0xBA, 0x2C, 0xDC, 0x8D, 0xE4, 0x8D, 0xEC, 0x6D, 0xDC, 0x0B, 0xDC,
    0x8D, 0xEC, 0x50, 0xFD, 0x91, 0xFD, 0xB1, 0xFD, 0xD2, 0xFD, 0xD2, 0xFD, 0xF2, 0xFD, 0x12, 0xFE,
    0x0F, 0xED, 0x4D, 0xBC, 0xD8, 0xEE, 0xB7, 0xEE, 0x15, 0xD6, 0x72, 0xDD, 0xF2, 0xFD, 0xD2, 0xFD,
    0xD2, 0xFD, 0xD2, 0xFD, 0xD2, 0xFD, 0xB2, 0xFD, 0xB1, 0xFD, 0xB1, 0xFD, 0xB1, 0xF5, 0x70, 0xF5,
    0xA9, 0x8A, 0x13, 0x7C, 0x57, 0xA5, 0x57, 0xA5, 0x36, 0x9D, 0xF6, 0x94, 0x57, 0xA5, 0xF3, 0x6B,
    0x50, 0x53, 0x30, 0x53, 0x30, 0x53, 0x13, 0x74, 0x95, 0x84, 0x56, 0x7D, 0x76, 0x7D, 0x95, 0x85,
    0xB5, 0x85, 0xB5, 0x85, 0xD5, 0x8D, 0xD5, 0x8D, 0x9A, 0xB6, 0x5E, 0xD7, 0x3E, 0xCF, 0x3E, 0xD7,
    0x3E, 0xD7, 0x3E, 0xD7, 0x3E, 0xD7, 0x3E, 0xD7, 0x3E, 0xD7, 0x3E, 0xD7, 0x3E, 0xD7, 0x3E, 0xD7,
    0x7B, 0xFF, 0x5B, 0xF7, 0x5B, 0xF7, 0x5B, 0xF7, 0x5B, 0xF7, 0x5B, 0xF7, 0x5B, 0xF7, 0x5B, 0xF7,
    0x5B, 0xF7, 0x5B, 0xF7, 0x5B, 0xF7, 0x5B, 0xF7, 0x5B, 0xF7, 0x5B, 0xF7, 0x5C, 0xF7, 0x5C, 0xF7,
    0x5C, 0xF7, 0x5C, 0xF7, 0x5C, 0xF7, 0x39, 0xBE, 0x57, 0x85, 0x77, 0x8D, 0x97, 0x8D, 0x97, 0x8D,
    0x77, 0x8D, 0x57, 0x7D, 0x98, 0x8D, 0x75, 0xCD, 0x90, 0xBC, 0x0D, 0xB4, 0xAB, 0xAB, 0x49, 0xA3,
    0xE8, 0x9A, 0xCC, 0xAB, 0x8A, 0xAB, 0x27, 0xA3, 0x47, 0xAB, 0x88, 0xB3, 0xA8, 0xBB, 0xC8, 0xBB,
    0x09, 0xC4, 0x49, 0xCC, 0x6A, 0xCC, 0xEB, 0xDC, 0xAA, 0xDC, 0x49, 0xCC, 0xCA, 0xDC, 0x0E, 0xE5,
    0x10, 0xED, 0x30, 0xED, 0x30, 0xED, 0x50, 0xED, 0x50, 0xED, 0x30, 0xED, 0x30, 0xED, 0x10, 0xED,
    0xEF, 0xE4, 0xCF, 0xE4, 0x8E, 0xDC, 0x4E, 0xD4, 0xEC, 0xCB, 0x4A, 0xBB, 0xE9, 0xAA, 0xA9, 0xA2,
    0x88, 0x9A, 0x47, 0x92, 0x47, 0x92, 0x67, 0x9A, 0x87, 0xA2, 0xC8, 0xAA, 0xC8, 0xB2, 0x87, 0xA2,
    0x06, 0x92, 0xA4, 0x81, 0x83, 0x71, 0x42, 0x61, 0x61, 0x71, 0xC4, 0x91, 0x66, 0xAA, 0xC7, 0xBA,
    0xC7, 0xBA, 0x66, 0xA2, 0x87, 0xAA, 0x49, 0xC3, 0x4D, 0xE4, 0x2F, 0xF5, 0x50, 0xF5, 0x70, 0xF5,
    0x91, 0xF5, 0x91, 0xF5, 0x91, 0xF5, 0xB1, 0xFD, 0xCB, 0xBB, 0x52, 0xC5, 0xF8, 0xF6, 0x15, 0xDE,
    0x39, 0xF7, 0x11, 0xC5, 0x50, 0xED, 0x91, 0xF5, 0x70, 0xF5, 0x70, 0xF5, 0x70, 0xF5, 0x70, 0xF5,
    0x70, 0xF5, 0x50, 0xF5, 0x50, 0xF5, 0x50, 0xF5, 0x09, 0xAB, 0x2F, 0x63, 0x16, 0x95, 0x16, 0x9D,
    0xF6, 0x94, 0xB5, 0x8C, 0x16, 0x9D, 0x13, 0x74, 0x10, 0x4B, 0x30, 0x53, 0x30, 0x53, 0xB2, 0x6B,
    0x54, 0x74, 0xB7, 0x85, 0x96, 0x85, 0x96, 0x7D, 0x96, 0x85, 0xB6, 0x85, 0xB5, 0x8D, 0x59, 0xAE,
    0x3E, 0xCF, 0x3E, 0xD7, 0x3E, 0xCF, 0x3E, 0xCF, 0x3E, 0xCF, 0x3E, 0xD7, 0x3E, 0xD7, 0x3E, 0xD7,
    0x3E, 0xD7, 0x3E, 0xD7, 0x3E, 0xD7, 0x3E, 0xD7, 0x5B, 0xF7, 0x5B, 0xF7, 0x5B, 0xF7, 0x5B, 0xF7,
    0x5B, 0xF7, 0x5B, 0xF7, 0x5B, 0xF7, 0x5B, 0xF7, 0x5B, 0xF7, 0x5C, 0xF7, 0x5C, 0xF7, 0x5C, 0xF7,
    0x5C, 0xF7, 0x5C, 0xF7, 0x5C, 0xF7, 0x5C, 0xF7, 0x5C, 0xF7, 0x7C, 0xF7, 0x7C, 0xF7, 0x5C, 0xF7,
    0x7A, 0xC6, 0xD8, 0x9D, 0x98, 0x8D, 0x98, 0x8D, 0xB8, 0x8D, 0x98, 0x8D, 0xB7, 0xB5, 0xF1, 0xC4,
    0x4E, 0xBC, 0xED, 0xB3, 0x8B, 0xA3, 0x29, 0x9B, 0xC7, 0x92, 0x09, 0x9B, 0xAA, 0xAB, 0x27, 0xA3,
    0x27, 0xA3, 0x27, 0xAB, 0x47, 0xAB, 0x87, 0xB3, 0xA8, 0xBB, 0xE8, 0xC3, 0x49, 0xCC, 0xCA, 0xDC,
    0x49, 0xCC, 0xE8, 0xC3, 0x69, 0xD4, 0x8D, 0xDC, 0x8E, 0xDC, 0xAE, 0xDC, 0xAF, 0xE4, 0xAF, 0xE4,
    0xAF, 0xDC, 0x8E, 0xDC, 0x6E, 0xDC, 0x4D, 0xD4, 0x0D, 0xD4, 0xCC, 0xCB, 0x29, 0xB3, 0xA8, 0xA2,
    0xC9, 0x9A, 0x4B, 0xA3, 0x68, 0x92, 0xA5, 0x71, 0xA6, 0x61, 0xE8, 0x51, 0x09, 0x52, 0x09, 0x5A,
    0x07, 0x6A, 0x84, 0x69, 0xA4, 0x69, 0x83, 0x69, 0x61, 0x79, 0x42, 0x59, 0x44, 0x29, 0x64, 0x39,
    0x43, 0x41, 0x41, 0x71, 0xA4, 0x99, 0x46, 0xAA, 0x08, 0xBB, 0x09, 0x9B, 0x0C, 0xCC, 0x0B, 0xD4,
    0xAE, 0xEC, 0x2F, 0xF5, 0x2F, 0xF5, 0x4F, 0xF5, 0x50, 0xF5, 0x50, 0xF5, 0x50, 0xF5, 0x70, 0xF5,
    0xC7, 0xAA, 0x8F, 0xB4, 0x7A, 0xFF, 0x96, 0xEE, 0xF8, 0xF6, 0xF0, 0xC4, 0xCE, 0xE4, 0x2F, 0xED,
    0x0F, 0xED, 0x0F, 0xED, 0x0F, 0xED, 0x0F, 0xED, 0x0F, 0xED, 0x0F, 0xED, 0xEE, 0xEC, 0xEE, 0xEC,
    0x49, 0xBB, 0x8C, 0x62, 0x95, 0x8C, 0xF6, 0x9C, 0xB5, 0x8C, 0x74, 0x84, 0xD5, 0x94, 0xF3, 0x73,
    0x10, 0x4B, 0x71, 0x5B, 0x30, 0x53, 0x50, 0x5B, 0xF5, 0x7C, 0xF8, 0x8D, 0x76, 0x85, 0x96, 0x85,
    0x96, 0x85, 0xB7, 0x8D, 0x9A, 0xB6, 0x5E, 0xCF, 0x5E, 0xD7, 0x3E, 0xCF, 0x3E, 0xCF, 0x3E, 0xCF,
    0x3E, 0xCF, 0x3E, 0xCF, 0x3E, 0xD7, 0x3E, 0xD7, 0x3E, 0xCF, 0x3E, 0xD7, 0x3E, 0xD7, 0x3E, 0xD7,
    0x5B, 0xF7, 0x5B, 0xF7, 0x5B, 0xF7, 0x5C, 0xF7, 0x5C, 0xF7, 0x5C, 0xF7, 0x5C, 0xF7, 0x5C, 0xF7,
    0x5C, 0xF7, 0x5C, 0xF7, 0x5C, 0xF7, 0x7C, 0xF7, 0x5C, 0xF7, 0x7C, 0xF7, 0x7C, 0xF7, 0x7C, 0xF7,
    0x7C, 0xF7, 0x7C, 0xF7, 0x7C, 0xF7, 0x7C, 0xF7, 0x7C, 0xF7, 0x3B, 0xE7, 0xBB, 0xCE, 0x5A, 0xB6,
    0x1A, 0xA6, 0xF9, 0xAD, 0x74, 0xCD, 0x90, 0xBC, 0x2E, 0xB4, 0xCC, 0xAB, 0x6A, 0xA3, 0x08, 0x9B,
    0xC7, 0x92, 0x86, 0x8A, 0x49, 0xA3, 0x28, 0xA3, 0xE7, 0x9A, 0x07, 0xA3, 0x07, 0xA3, 0x27, 0xA3,
    0x47, 0xAB, 0x87, 0xB3, 0x08, 0xC4, 0x89, 0xD4, 0xC7, 0xBB, 0xA7, 0xBB, 0x28, 0xCC, 0xCB, 0xCB,
    0xCC, 0xCB, 0xEC, 0xCB, 0xEC, 0xCB, 0xCC, 0xC3, 0xAC, 0xC3, 0x6B, 0xBB, 0x4A, 0xB3, 0xE9, 0xA2,
    0x88, 0x92, 0x06, 0x82, 0xEE, 0xA3, 0xF7, 0xCD, 0xBA, 0xD6, 0xDA, 0xDE, 0x83, 0x61, 0x26, 0x29,
    0x4D, 0x3A, 0x6B, 0x5A, 0xEB, 0x82, 0x2C, 0x7B, 0xED, 0x5A, 0x6C, 0x42, 0xE3, 0x30, 0x00, 0x49,
    0x61, 0x69, 0x82, 0x61, 0x44, 0x29, 0x44, 0x31, 0x04, 0x29, 0xA2, 0x28, 0x64, 0x71, 0xE8, 0xC2,
    0x29, 0xC3, 0x87, 0x92, 0x49, 0xBB, 0x28, 0xC3, 0xAA, 0xD3, 0x8D, 0xE4, 0xCE, 0xEC, 0xEE, 0xEC,
    0x0F, 0xED, 0x0F, 0xED, 0x0E, 0xED, 0x2F, 0xED, 0x89, 0xC3, 0x87, 0x92, 0x56, 0xE6, 0x18, 0xFF,
    0xF5, 0xDD, 0x2C, 0xC4, 0xAD, 0xE4, 0x8D, 0xE4, 0x8D, 0xE4, 0x8D, 0xE4, 0x8D, 0xE4, 0x8D, 0xE4,
    0x8D, 0xE4, 0x8D, 0xE4, 0x6D, 0xDC, 0x6C, 0xDC, 0x28, 0xBB, 0x4A, 0x62, 0x13, 0x74, 0xB5, 0x94,
    0x74, 0x84, 0x12, 0x7C, 0x74, 0x84, 0xF2, 0x73, 0x71, 0x63, 0x50, 0x5B, 0xEF, 0x52, 0x91, 0x63,
    0xB8, 0x85, 0x98, 0x85, 0x98, 0x8D, 0x98, 0x8D, 0xF8, 0x95, 0xDC, 0xBE, 0x5E, 0xD7, 0x3E, 0xCF,
    0x3E, 0xCF, 0x3E, 0xCF, 0x3E, 0xCF, 0x3E, 0xCF, 0x3E, 0xCF, 0x3E, 0xCF, 0x3E, 0xCF, 0x3E, 0xCF,
    0x3E, 0xCF, 0x3E, 0xCF, 0x3E, 0xD7, 0x3E, 0xCF, 0x5C, 0xF7, 0x5C, 0xF7, 0x5C, 0xF7, 0x5C, 0xF7,
    0x5C, 0xF7, 0x5C, 0xF7, 0x5C, 0xF7, 0x5C, 0xF7, 0x7C, 0xF7, 0x7C, 0xF7, 0x7C, 0xF7, 0x7C, 0xF7,
    0x7C, 0xF7, 0x7C, 0xF7, 0x5C, 0xF7, 0x5C, 0xF7, 0x5C, 0xF7, 0x5C, 0xF7, 0x5C, 0xF7, 0x5C, 0xF7,
    0x7C, 0xF7, 0x7C, 0xF7, 0x7C, 0xF7, 0x7C, 0xF7, 0x5C, 0xEF, 0x38, 0xD6, 0x12, 0xC5, 0x90, 0xBC,
    0x0D, 0xB4, 0xAB, 0xAB, 0x29, 0x9B, 0xE8, 0x9A, 0xC7, 0x92, 0x86, 0x8A, 0x66, 0x8A, 0x08, 0x9B,
    0x07, 0x9B, 0xE6, 0x9A, 0xC6, 0x9A, 0xE6, 0x9A, 0x06, 0xA3, 0x26, 0xA3, 0xA7, 0xBB, 0x28, 0xCC,
    0x26, 0xAB, 0x46, 0xAB, 0xA8, 0xBB, 0xE9, 0xAA, 0xC9, 0xA2, 0xC9, 0xA2, 0xA9, 0x9A, 0x88, 0x92,
    0x47, 0x8A, 0x06, 0x82, 0xA4, 0x71, 0x22, 0x59, 0xE2, 0x48, 0xE3, 0x40, 0x96, 0xB5, 0xFF, 0xF7,
    0xBF, 0xEF, 0x99, 0xD6, 0x67, 0x31, 0x4D, 0x32, 0x89, 0x8A, 0xCB, 0xE3, 0xAD, 0xFC, 0x2E, 0xFD,
    0xAE, 0xDC, 0x4D, 0x7B, 0xCE, 0x4A, 0xC5, 0x10, 0xA5, 0x10, 0xC5, 0x18, 0xC5, 0x10, 0x85, 0x08,
    0x64, 0x08, 0x85, 0x10, 0xC6, 0x18, 0xA5, 0x79, 0x46, 0xAA, 0x66, 0xA2, 0x87, 0xAA, 0xE8, 0xBA,
    0xAA, 0xCB, 0x8D, 0xE4, 0xAE, 0xE4, 0xCE, 0xE4, 0xCE, 0xE4, 0xCE, 0xE4, 0xAD, 0xE4, 0x8C, 0xDC,
    0xA9, 0xCB, 0x25, 0x92, 0xE6, 0x69, 0xA8, 0x82, 0x67, 0x82, 0xA9, 0xCB, 0xCA, 0xCB, 0xCA, 0xCB,
    0xCA, 0xCB, 0xCA, 0xCB, 0xCA, 0xCB, 0xCA, 0xCB, 0xCA, 0xCB, 0xEA, 0xCB, 0xCA, 0xCB, 0xCA, 0xCB,
    0xE7, 0xB2, 0x29, 0x6A, 0xB1, 0x6B, 0x94, 0x8C, 0x32, 0x84, 0xD1, 0x73, 0x33, 0x7C, 0x70, 0x63,
    0xAE, 0x4A, 0x6D, 0x4A, 0x70, 0x63, 0xF9, 0x9D, 0x7B, 0xA6, 0x5B, 0xA6, 0x5B, 0xA6, 0x9B, 0xAE,
    0x3D, 0xCF, 0x5E, 0xD7, 0x3E, 0xCF, 0x5E, 0xCF, 0x5E, 0xCF, 0x5E, 0xCF, 0x5E, 0xCF, 0x5E, 0xCF,
    0x3E, 0xCF, 0x3E, 0xCF, 0x3E, 0xCF, 0x3E, 0xCF, 0x3E, 0xCF, 0x3E, 0xCF, 0x3E, 0xCF, 0x3E, 0xCF,
    0x5C, 0xF7, 0x5C, 0xF7, 0x5C, 0xF7, 0x5C, 0xF7, 0x5C, 0xF7, 0x5C, 0xF7, 0x7C, 0xF7, 0x7C, 0xF7,
    0x7C, 0xF7, 0x5C, 0xF7, 0x5C, 0xF7, 0x5C, 0xF7, 0x5C, 0xF7, 0x5C, 0xF7, 0x5C, 0xF7, 0x5C, 0xF7,
    0x5C, 0xF7, 0x7C, 0xF7, 0x7C, 0xF7, 0x7C, 0xF7, 0x7C, 0xEF, 0x7C, 0xEF, 0x5C, 0xEF, 0x5C, 0xEF,
    0x5C, 0xEF, 0x95, 0xCD, 0xB1, 0xBC, 0x6F, 0xBC, 0xEC, 0xAB, 0x8A, 0xA3, 0x28, 0x9B, 0xE8, 0x92,
    0xA7, 0x92, 0x86, 0x8A, 0x45, 0x82, 0x25, 0x7A, 0xA7, 0x8A, 0xE7, 0x92, 0xC6, 0x92, 0xC6, 0x92,
    0xA6, 0x92, 0xC6, 0x92, 0x26, 0xAB, 0x67, 0xB3, 0x85, 0x8A, 0xA6, 0x92, 0x06, 0xA3, 0xC4, 0x79,
    0xC4, 0x79, 0xC4, 0x79, 0xC3, 0x79, 0xC3, 0x79, 0xA2, 0x71, 0x62, 0x61, 0x21, 0x59, 0xE1, 0x48,
    0x02, 0x41, 0x03, 0x49, 0x92, 0xA4, 0xBE, 0xEF, 0x9E, 0xE7, 0x19, 0xB6, 0x2D, 0x32, 0xE8, 0x59,
    0x2A, 0xD3, 0x6E, 0xEC, 0x0F, 0xF5, 0x91, 0xFD, 0xF2, 0xFD, 0x0E, 0xE5, 0x0D, 0x63, 0x4C, 0x3A,
    0xA5, 0x08, 0xE7, 0x10, 0xC6, 0x10, 0x85, 0x08, 0xC6, 0x10, 0x49, 0x21, 0x28, 0x21, 0x03, 0x59,
    0x25, 0xAA, 0x28, 0xC3, 0x89, 0xCB, 0x89, 0xCB, 0xAA, 0xD3, 0x2B, 0xE4, 0x4C, 0xDC, 0x2B, 0xDC,
    0x0B, 0xDC, 0x0A, 0xDC, 0xCA, 0xD3, 0x28, 0xB3, 0x66, 0x92, 0x42, 0x69, 0x80, 0x50, 0x60, 0x48,
    0x83, 0x79, 0xA6, 0xB2, 0xA6, 0xB2, 0xC6, 0xBA, 0xE6, 0xBA, 0xE7, 0xBA, 0x07, 0xBB, 0x07, 0xC3,
    0x07, 0xC3, 0x27, 0xC3, 0x27, 0xC3, 0x27, 0xC3, 0x65, 0xAA, 0x09, 0x5A, 0x70, 0x6B, 0x32, 0x84,
    0xB0, 0x73, 0x6F, 0x6B, 0x90, 0x73, 0x6D, 0x4A, 0xEE, 0x52, 0xD5, 0x84, 0xFC, 0xBE, 0x5E, 0xCF,
    0x3E, 0xCF, 0x3E, 0xCF, 0x5E, 0xCF, 0x5E, 0xCF, 0x5E, 0xCF, 0x3E, 0xCF, 0x5E, 0xCF, 0x5E, 0xCF,
    0x5E, 0xCF, 0x5E, 0xCF, 0x5E, 0xCF, 0x5E, 0xCF, 0x5E, 0xCF, 0x5E, 0xD7, 0x3E, 0xCF, 0x3E, 0xCF,
    0x3E, 0xCF, 0x3E, 0xCF, 0x3E, 0xCF, 0x3E, 0xCF, 0x7C, 0xF7, 0x7C, 0xF7, 0x7C, 0xF7, 0x7C, 0xF7,
    0x7C, 0xF7, 0x5C, 0xF7, 0x5C, 0xF7, 0x5C, 0xF7, 0x5C, 0xF7, 0x5C, 0xF7, 0x5C, 0xF7, 0x5C, 0xF7,
    0x5C, 0xF7, 0x5C, 0xF7, 0x5C, 0xF7, 0x7C, 0xF7, 0x7D, 0xF7, 0x7D, 0xF7, 0x7D, 0xF7, 0x7D, 0xF7,
    0x7D, 0xF7, 0x7D, 0xF7, 0x7D, 0xF7, 0x7D, 0xEF, 0x7D, 0xEF, 0xF2, 0xC4, 0x4E, 0xBC, 0x2E, 0xB4,
    0xCC, 0xAB, 0x6A, 0xA3, 0x29, 0x9B, 0xE8, 0x92, 0xC7, 0x92, 0x86, 0x8A, 0x66, 0x82, 0x25, 0x7A,
    0xE4, 0x71, 0x25, 0x72, 0x66, 0x82, 0xA6, 0x8A, 0xA6, 0x8A, 0x86, 0x8A, 0xA6, 0x92, 0xA6, 0x8A,
    0x25, 0x72, 0x65, 0x7A, 0xA5, 0x8A, 0x82, 0x71, 0x82, 0x69, 0xA2, 0x71, 0xA2, 0x71, 0xA2, 0x69,
    0x82, 0x69, 0x42, 0x59, 0x02, 0x51, 0xC2, 0x40, 0xE2, 0x40, 0x44, 0x49, 0x4D, 0x83, 0x5E, 0xDF,
    0xBF, 0xE7, 0xB5, 0x8C, 0x8A, 0x21, 0x07, 0x8A, 0x4B, 0xCB, 0x4E, 0xDC, 0x30, 0xF5, 0xB2, 0xFD,
    0xF3, 0xFD, 0x53, 0xFE, 0x4E, 0xB4, 0xAE, 0x4A, 0x06, 0x19, 0xA5, 0x08, 0xA5, 0x08, 0xA6, 0x08,
    0x08, 0x11, 0x27, 0x29, 0xE6, 0x79, 0x09, 0xB3, 0x09, 0xBB, 0xA7, 0xB2, 0xE5, 0xA1, 0xA3, 0xA1,
    0x05, 0x92, 0x67, 0x8A, 0x66, 0x92, 0x87, 0x9A, 0x87, 0x9A, 0x26, 0x82, 0xC7, 0x59, 0x0A, 0x4A,
    0x89, 0x29, 0xE5, 0x28, 0xE4, 0x30, 0xE4, 0x30, 0x27, 0x29, 0x26, 0x29, 0x26, 0x31, 0x25, 0x41,
    0x65, 0x49, 0x65, 0x59, 0x85, 0x61, 0xC5, 0x71, 0xE5, 0x79, 0x05, 0x82, 0x26, 0x8A, 0x45, 0x8A,
    0xA5, 0x69, 0x4B, 0x52, 0x4E, 0x73, 0x8F, 0x7B, 0x2E, 0x6B, 0x2E, 0x6B, 0x36, 0x9D, 0x5A, 0xB6,
    0x1D, 0xCF, 0x9F, 0xD7, 0x7E, 0xD7, 0x5E, 0xD7, 0x7E, 0xD7, 0x5E, 0xD7, 0x5E, 0xD7, 0x5E, 0xD7,
    0x5E, 0xCF, 0x3E, 0xCF, 0x3E, 0xCF, 0x5E, 0xCF, 0x5E, 0xCF, 0x5E, 0xCF, 0x5E, 0xCF, 0x5E, 0xCF,
    0x5E, 0xCF, 0x5E, 0xCF, 0x5E, 0xCF, 0x5E, 0xCF, 0x5E, 0xCF, 0x5E, 0xCF, 0x3E, 0xCF, 0x3E, 0xCF,
    0x7C, 0xF7, 0x7C, 0xF7, 0x7C, 0xF7, 0x5C, 0xF7, 0x5C, 0xF7, 0x5C, 0xF7, 0x5C, 0xF7, 0x5C, 0xF7,
    0x7C, 0xF7, 0x7C, 0xF7, 0x5C, 0xF7, 0x5C, 0xF7, 0x7D, 0xF7, 0x9D, 0xF7, 0x9E, 0xF7, 0x9E, 0xF7,
    0xBE, 0xF7, 0xBE, 0xF7, 0xBE, 0xF7, 0xBE, 0xF7, 0xBE, 0xF7, 0xBE, 0xF7, 0xBE, 0xF7, 0x9E, 0xF7,
    0xDF, 0xF7, 0x38, 0xD6, 0xEC, 0xAB, 0xEB, 0xB3, 0xAA, 0xB3, 0x6A, 0xA3, 0x29, 0x9B, 0x08, 0x9B,
    0xC8, 0x92, 0xA7, 0x8A, 0x66, 0x82, 0x46, 0x7A, 0xE5, 0x71, 0x83, 0x61, 0x63, 0x59, 0x83, 0x61,
    0xC4, 0x69, 0x05, 0x72, 0x05, 0x72, 0xA3, 0x61, 0x62, 0x59, 0xA3, 0x69, 0xA3, 0x69, 0x82, 0x69,
    0xA3, 0x71, 0xA3, 0x71, 0x82, 0x69, 0x82, 0x69, 0x42, 0x61, 0x22, 0x51, 0xE2, 0x48, 0xE2, 0x40,
    0x03, 0x49, 0x85, 0x51, 0x28, 0x62, 0x7A, 0xCE, 0xDF, 0xEF, 0xF3, 0x73, 0xE6, 0x18, 0x27, 0x8A,
    0x2B, 0xBB, 0x0D, 0xD4, 0x11, 0xED, 0xB2, 0xF5, 0xF3, 0xFD, 0x13, 0xFE, 0x33, 0xFE, 0xF0, 0x8B,
    0x08, 0x11, 0x84, 0x08, 0x44, 0x00, 0xC6, 0x18, 0xAA, 0x7A, 0xCC, 0xC3, 0xAE, 0xE4, 0x0F, 0xED,
    0x30, 0xF5, 0x30, 0xF5, 0xAF, 0xEC, 0x29, 0xCB, 0x24, 0x71, 0x06, 0x21, 0xE6, 0x18, 0xE6, 0x18,
    0x07, 0x19, 0xA5, 0x08, 0xC6, 0x08, 0x8C, 0x52, 0x0B, 0x3A, 0x49, 0x19, 0x49, 0x19, 0x28, 0x19,
    0x07, 0x11, 0xE6, 0x10, 0xC6, 0x08, 0xC6, 0x08, 0xC6, 0x08, 0x85, 0x00, 0x84, 0x00, 0x84, 0x08,
    0x84, 0x08, 0xA5, 0x08, 0xC5, 0x10, 0xE6, 0x20, 0xC8, 0x41, 0xAC, 0x62, 0xED, 0x6A, 0xCD, 0x62,
    0xEE, 0x5A, 0x92, 0x6B, 0x3E, 0xD7, 0xFF, 0xEF, 0xBF, 0xE7, 0x9F, 0xE7, 0xBF, 0xE7, 0xBF, 0xE7,
    0xBF, 0xEF, 0xBF, 0xEF, 0xBF, 0xEF, 0xBF, 0xEF, 0xBF, 0xEF, 0xBF, 0xE7, 0x9F, 0xDF, 0x5E, 0xD7,
    0x3E, 0xCF, 0x5E, 0xCF, 0x5E, 0xCF, 0x5E, 0xCF, 0x3E, 0xCF, 0x5E, 0xCF, 0x5E, 0xCF, 0x5E, 0xCF,
    0x5E, 0xD7, 0x5E, 0xD7, 0x5E, 0xD7, 0x5E, 0xD7, 0x7C, 0xF7, 0x7C, 0xF7, 0x5C, 0xF7, 0x5C, 0xF7,
    0x5C, 0xF7, 0x5C, 0xF7, 0x5C, 0xF7, 0x5C, 0xF7, 0x5C, 0xF7, 0x5C, 0xF7, 0x5C, 0xF7, 0x9D, 0xF7,
    0xBE, 0xF7, 0xBE, 0xF7, 0x9E, 0xF7, 0x9E, 0xF7, 0x9E, 0xF7, 0x9E, 0xF7, 0x9E, 0xF7, 0x9E, 0xF7,
    0x9E, 0xF7, 0x9E, 0xF7, 0x9E, 0xEF, 0x7E, 0xEF, 0x9F, 0xEF, 0x9F, 0xE7, 0xB2, 0x73, 0x6A, 0x62,
    0xA8, 0x7A, 0xE8, 0x92, 0x07, 0x9B, 0x08, 0xA3, 0x07, 0x9B, 0xE7, 0x92, 0xA7, 0x8A, 0x86, 0x8A,
    0x45, 0x82, 0xE5, 0x71, 0x83, 0x61, 0x42, 0x59, 0x02, 0x51, 0x02, 0x51, 0x22, 0x59, 0x62, 0x61,
    0x82, 0x69, 0xA2, 0x71, 0xC3, 0x71, 0xC3, 0x71, 0xC3, 0x71, 0xA3, 0x71, 0xA3, 0x69, 0x82, 0x69,
    0x62, 0x61, 0x42, 0x61, 0x42, 0x61, 0x22, 0x59, 0x23, 0x51, 0x44, 0x51, 0xC6, 0x51, 0x5A, 0xC6,
    0x9F, 0xE7, 0x72, 0x63, 0x64, 0x08, 0x07, 0x7A, 0x0B, 0xB3, 0xCD, 0xC3, 0xD0, 0xE4, 0x72, 0xED,
    0xD3, 0xFD, 0x13, 0xFE, 0x53, 0xFE, 0xF3, 0xED, 0x47, 0x21, 0x02, 0x00, 0x86, 0x49, 0xCC, 0xC3,
    0xEF, 0xEC, 0x30, 0xF5, 0x51, 0xF5, 0x51, 0xF5, 0x30, 0xFD, 0x30, 0xFD, 0x50, 0xFD, 0x2F, 0xFD,
    0x89, 0xD3, 0xA8, 0x41, 0x48, 0x21, 0xA5, 0x10, 0xE6, 0x10, 0xA5, 0x10, 0xC5, 0x10, 0x07, 0x19,
    0x07, 0x19, 0x28, 0x19, 0x07, 0x19, 0x07, 0x19, 0xE6, 0x18, 0xE6, 0x10, 0xC5, 0x10, 0xC6, 0x10,
    0x07, 0x19, 0xE6, 0x10, 0xA5, 0x10, 0xA5, 0x10, 0xA5, 0x10, 0xE6, 0x18, 0x06, 0x19, 0x07, 0x19,
    0x48, 0x21, 0x89, 0x29, 0xEB, 0x31, 0x6E, 0x42, 0x11, 0x53, 0x52, 0x5B, 0x9C, 0xBE, 0xBF, 0xE7,
    0x9F, 0xE7, 0xBF, 0xE7, 0xBF, 0xE7, 0xBF, 0xE7, 0xBF, 0xE7, 0xBF, 0xEF, 0xBF, 0xEF, 0xBF, 0xEF,
    0xDF, 0xEF, 0xDF, 0xF7, 0xDF, 0xF7, 0xDF, 0xF7, 0x9F, 0xE7, 0x3E, 0xCF, 0x3E, 0xCF, 0x5E, 0xCF,
    0x5E, 0xCF, 0x5E, 0xCF, 0x3E, 0xCF, 0x5E, 0xCF, 0x5E, 0xCF, 0x5E, 0xCF, 0x5E, 0xD7, 0x5E, 0xCF,
    0x7C, 0xF7, 0x5C, 0xF7, 0x5C, 0xF7, 0x5C, 0xF7, 0x5C, 0xF7, 0x5C, 0xF7, 0x5C, 0xF7, 0x5C, 0xF7,
    0x5C, 0xF7, 0x5C, 0xEF, 0x9D, 0xF7, 0xBE, 0xF7, 0xBE, 0xF7, 0x9E, 0xF7, 0x9E, 0xF7, 0x9E, 0xF7,
    0x9E, 0xF7, 0x9E, 0xF7, 0x9E, 0xF7, 0x9E, 0xF7, 0x7E, 0xF7, 0x7E, 0xEF, 0x7E, 0xEF, 0x7E, 0xE7,
    0xBF, 0xEF, 0x5C, 0xBE, 0x54, 0x53, 0x90, 0x3A, 0xED, 0x29, 0xCB, 0x29, 0xA9, 0x39, 0xC7, 0x49,
    0xC6, 0x51, 0xC5, 0x59, 0xC5, 0x61, 0xC5, 0x61, 0xC5, 0x61, 0xA4, 0x59, 0xA4, 0x61, 0xA3, 0x61,
    0xA3, 0x69, 0xC3, 0x71, 0xE3, 0x79, 0x03, 0x82, 0x23, 0x8A, 0x44, 0x8A, 0x44, 0x92, 0x44, 0x8A,
    0x24, 0x8A, 0x23, 0x82, 0x03, 0x82, 0xE3, 0x79, 0xC3, 0x79, 0xA3, 0x71, 0x82, 0x69, 0x42, 0x59,
    0xC2, 0x38, 0x61, 0x18, 0x8C, 0x5A, 0x1D, 0xD7, 0x9F, 0xE7, 0xD3, 0x6B, 0x44, 0x00, 0x45, 0x51,
    0x2B, 0xB3, 0x6C, 0xB3, 0x4F, 0xCC, 0x11, 0xE5, 0x92, 0xF5, 0xF3, 0xFD, 0x55, 0xFE, 0xB5, 0xFE,
    0x6F, 0xAC, 0x4C, 0x8B, 0xAD, 0xEC, 0x30, 0xF5, 0x30, 0xED, 0x71, 0xF5, 0x71, 0xF5, 0x51, 0xF5,
    0x10, 0xF5, 0xEF, 0xFC, 0xCE, 0xFC, 0xCE, 0xFC, 0x2B, 0xDC, 0xA7, 0x41, 0x68, 0x21, 0x63, 0x08,
    0xC5, 0x10, 0xA5, 0x10, 0xC5, 0x10, 0x07, 0x19, 0x07, 0x19, 0x07, 0x19, 0xE6, 0x10, 0xE6, 0x10,
    0x27, 0x19, 0x27, 0x19, 0xC6, 0x10, 0xC5, 0x10, 0xC5, 0x10, 0xC5, 0x10, 0xA5, 0x08, 0x84, 0x08,
    0x85, 0x08, 0xC6, 0x08, 0x07, 0x19, 0x28, 0x19, 0x28, 0x19, 0x8A, 0x29, 0x0C, 0x32, 0x8E, 0x42,
    0xF0, 0x52, 0xF3, 0x73, 0x3E, 0xD7, 0xBF, 0xE7, 0x9F, 0xE7, 0xBF, 0xE7, 0xBF, 0xEF, 0xBF, 0xEF,
    0xBF, 0xEF, 0xBF, 0xEF, 0xBF, 0xEF, 0xBF, 0xEF, 0xBF, 0xEF, 0xBF, 0xEF, 0xBF, 0xEF, 0xBF, 0xEF,
    0xDF, 0xF7, 0x9F, 0xE7, 0x3E, 0xCF, 0x3E, 0xCF, 0x3E, 0xCF, 0x5E, 0xCF, 0x5E, 0xCF, 0x3E, 0xCF,
    0x3E, 0xCF, 0x3E, 0xCF, 0x5E, 0xD7, 0x5E, 0xCF, 0x5C, 0xF7, 0x5C, 0xF7, 0x5C, 0xF7, 0x5C, 0xF7,
    0x5C, 0xF7, 0x5C, 0xF7, 0x7C, 0xEF, 0x7C, 0xF7, 0x5C, 0xEF, 0x9D, 0xF7, 0xBF, 0xF7, 0xBE, 0xF7,
    0xBE, 0xF7, 0xBE, 0xF7, 0xBE, 0xF7, 0x9E, 0xEF, 0x9E, 0xEF, 0x7E, 0xEF, 0x7D, 0xEF, 0x7E, 0xE7,
    0x7E, 0xE7, 0x7E, 0xDF, 0x7E, 0xDF, 0x7E, 0xDF, 0x9E, 0xDF, 0xD8, 0x84, 0x54, 0x53, 0x12, 0x53,
    0xB0, 0x42, 0x4E, 0x32, 0xED, 0x21, 0x8B, 0x19, 0x8B, 0x19, 0xAB, 0x21, 0xCC, 0x29, 0xCC, 0x29,
    0xAB, 0x29, 0x89, 0x21, 0x48, 0x21, 0x46, 0x29, 0x65, 0x39, 0x84, 0x51, 0x03, 0x7A, 0xA4, 0x9A,
    0x05, 0xAB, 0xE5, 0xAA, 0xE5, 0xA2, 0xC5, 0xA2, 0xA4, 0x9A, 0x84, 0x92, 0x64, 0x8A, 0x24, 0x8A,
    0x03, 0x82, 0xC3, 0x79, 0x22, 0x51, 0xA2, 0x28, 0x83, 0x10, 0xC5, 0x18, 0x48, 0x29, 0x0C, 0x3A,
    0x54, 0x84, 0xB6, 0x8C, 0xE8, 0x08, 0x00, 0x00, 0xA6, 0x69, 0x8D, 0xBB, 0xCD, 0xBB, 0x8F, 0xD4,
    0x31, 0xED, 0x77, 0xEE, 0x1B, 0xEF, 0x7C, 0xF7, 0x7C, 0xFF, 0x97, 0xF6, 0x2F, 0xED, 0x51, 0xED,
    0x71, 0xF5, 0x71, 0xF5, 0x50, 0xED, 0x30, 0xED, 0xCF, 0xEC, 0x8D, 0xF4, 0x6D, 0xEC, 0xCD, 0xF4,
    0x49, 0xB3, 0x67, 0x29, 0x05, 0x21, 0x00, 0x08, 0x62, 0x10, 0x62, 0x10, 0xA3, 0x18, 0xC4, 0x18,
    0xA4, 0x18, 0xA4, 0x18, 0x83, 0x10, 0x83, 0x10, 0xA4, 0x18, 0xA4, 0x10, 0x83, 0x10, 0x83, 0x10,
    0xA3, 0x18, 0x41, 0x08, 0x21, 0x00, 0x62, 0x10, 0xA2, 0x20, 0xC3, 0x28, 0x04, 0x31, 0x25, 0x39,
    0x45, 0x41, 0x45, 0x39, 0x66, 0x41, 0xC7, 0x51, 0xEB, 0x72, 0xFC, 0xD6, 0xBF, 0xE7, 0x9F, 0xE7,
    0xBF, 0xE7, 0xBF, 0xEF, 0xBF, 0xEF, 0xBF, 0xEF, 0xBF, 0xEF, 0x7F, 0xDF, 0xBF, 0xEF, 0xDF, 0xEF,
    0xBF, 0xEF, 0xBF, 0xEF, 0xBF, 0xEF, 0xBF, 0xEF, 0xBF, 0xEF, 0xDF, 0xF7, 0x9F, 0xE7, 0x3E, 0xCF,
    0x5E, 0xCF, 0x5E, 0xCF, 0x3E, 0xCF, 0x3E, 0xCF, 0x3E, 0xCF, 0x5E, 0xCF, 0x3E, 0xD7, 0x3E, 0xCF,
    0x5C, 0xF7, 0x7C, 0xF7, 0x7C, 0xF7, 0x7C, 0xF7, 0x7C, 0xEF, 0x7C, 0xEF, 0x5C, 0xEF, 0x5C, 0xEF,
    0x9D, 0xF7, 0xBF, 0xF7, 0xBE, 0xF7, 0xBE, 0xF7, 0x9F, 0xF7, 0x9E, 0xF7, 0x9E, 0xE7, 0x3B, 0xE7,
    0x19, 0xEF, 0x3B, 0xE7, 0xF9, 0xEE, 0x1B, 0xDF, 0x9E, 0xCF, 0x7D, 0xCF, 0x5D, 0xC7, 0x5D, 0xC7,
    0xFD, 0xBE, 0x17, 0x6C, 0x74, 0x5B, 0x11, 0x4B, 0xAF, 0x42, 0xB0, 0x42, 0xD1, 0x42, 0xF1, 0x42,
    0xF1, 0x4A, 0xF1, 0x4A, 0xF1, 0x42, 0xF1, 0x4A, 0xF0, 0x4A, 0xF0, 0x4A, 0xEF, 0x4A, 0xCE, 0x4A,
    0xAD, 0x42, 0x6B, 0x42, 0xE8, 0x39, 0x64, 0x39, 0x83, 0x51, 0x44, 0x7A, 0xC5, 0x92, 0x05, 0xA3,
    0x05, 0xAB, 0xE5, 0xA2, 0xA5, 0x9A, 0x44, 0x8A, 0xA3, 0x69, 0x03, 0x39, 0xC4, 0x18, 0xE6, 0x18,
    0x26, 0x21, 0x26, 0x21, 0x06, 0x21, 0xE6, 0x18, 0x07, 0x19, 0x8A, 0x29, 0x4D, 0x42, 0x11, 0x8C,
    0x6E, 0x83, 0x2C, 0x9B, 0xAD, 0xB3, 0xCD, 0xBB, 0x75, 0xD5, 0xBB, 0xDE, 0xDA, 0xE6, 0x1B, 0xEF,
    0x5B, 0xF7, 0x3B, 0xF7, 0x92, 0xED, 0x50, 0xF5, 0x50, 0xED, 0x30, 0xED, 0xEF, 0xEC, 0xCE, 0xE4,
    0x8D, 0xE4, 0x4C, 0xE4, 0x2B, 0xE4, 0xAA, 0xD3, 0x44, 0x41, 0x2B, 0x3A, 0xC5, 0x59, 0x40, 0x18,
    0x00, 0x08, 0x00, 0x18, 0xE3, 0x30, 0xC2, 0x28, 0x40, 0x20, 0x60, 0x28, 0x61, 0x20, 0x61, 0x20,
    0x61, 0x20, 0x61, 0x20, 0x61, 0x20, 0x61, 0x20, 0x03, 0x39, 0x03, 0x39, 0xC5, 0x59, 0x66, 0x7A,
    0xE8, 0x8A, 0x28, 0x93, 0x49, 0x9B, 0x69, 0x9B, 0x8A, 0xA3, 0x8A, 0xA3, 0x4A, 0x93, 0xCA, 0x82,
    0x4B, 0x93, 0xDA, 0xDE, 0x9F, 0xE7, 0x9F, 0xE7, 0x9F, 0xE7, 0xBF, 0xE7, 0xBF, 0xEF, 0xBF, 0xEF,
    0xBF, 0xEF, 0x9F, 0xE7, 0x7F, 0xD7, 0xBF, 0xEF, 0xBF, 0xEF, 0xBF, 0xEF, 0xBF, 0xEF, 0xBF, 0xEF,
    0xBF, 0xEF, 0xBF, 0xEF, 0xDF, 0xF7, 0x9F, 0xDF, 0x3E, 0xCF, 0x5E, 0xCF, 0x5E, 0xCF, 0x3E, 0xCF,
    0x3E, 0xCF, 0x3E, 0xCF, 0x3E, 0xD7, 0x5E, 0xD7, 0x7C, 0xF7, 0x7C, 0xEF, 0x7C, 0xEF, 0x5C, 0xEF,
    0x5C, 0xEF, 0x5C, 0xEF, 0x5C, 0xEF, 0x7D, 0xEF, 0xBF, 0xF7, 0xBF, 0xF7, 0x9E, 0xF7, 0x9E, 0xF7,
    0x9E, 0xF7, 0x7E, 0xEF, 0x7E, 0xD7, 0x5C, 0xDF, 0x1B, 0xDF, 0x3C, 0xDF, 0x3C, 0xD7, 0x3D, 0xCF,
    0x5D, 0xC7, 0x3D, 0xC7, 0x3D, 0xC7, 0x5E, 0xC7, 0x3C, 0xAE, 0x16, 0x6C, 0xB4, 0x63, 0x73, 0x5B,
    0x74, 0x5B, 0x73, 0x53, 0x53, 0x53, 0x53, 0x53, 0x53, 0x53, 0x73, 0x53, 0x93, 0x5B, 0xB3, 0x5B,
    0xB3, 0x63, 0xD3, 0x63, 0xF3, 0x6B, 0xF2, 0x6B, 0xF2, 0x6B, 0xF1, 0x6B, 0xD1, 0x6B, 0x4F, 0x5B,
    0xC8, 0x29, 0x83, 0x08, 0xC3, 0x18, 0x24, 0x31, 0x44, 0x39, 0x44, 0x41, 0x23, 0x31, 0xA2, 0x20,
    0xC4, 0x10, 0x27, 0x19, 0x68, 0x29, 0x68, 0x29, 0x68, 0x29, 0x48, 0x21, 0x27, 0x21, 0x27, 0x21,
    0x07, 0x21, 0xE6, 0x18, 0x76, 0xBD, 0xFE, 0xFF, 0xDA, 0xEE, 0x6E, 0x8B, 0x0B, 0xA3, 0xAE, 0xAB,
    0x98, 0xBD, 0x7A, 0xD6, 0x98, 0xE6, 0x99, 0xE6, 0xB9, 0xE6, 0x3B, 0xF7, 0x36, 0xEE, 0xCE, 0xEC,
    0xCE, 0xE4, 0x8D, 0xE4, 0x6C, 0xDC, 0x2B, 0xDC, 0xEA, 0xD3, 0xA9, 0xD3, 0x08, 0xB3, 0x86, 0x49,
    0xCA, 0x29, 0x69, 0x5A, 0x04, 0x72, 0xE5, 0x61, 0xC2, 0x28, 0x20, 0x10, 0xE3, 0x30, 0xE2, 0x30,
    0x81, 0x28, 0xC2, 0x30, 0xC2, 0x30, 0xA2, 0x28, 0x81, 0x20, 0x61, 0x20, 0x61, 0x20, 0x23, 0x41,
    0x26, 0x6A, 0x29, 0x93, 0xCB, 0xAB, 0x2C, 0xB4, 0x6C, 0xBC, 0xAD, 0xC4, 0xCE, 0xCC, 0xEE, 0xCC,
    0x0F, 0xCD, 0x10, 0xCD, 0x51, 0xD5, 0x32, 0xCD, 0xCD, 0x9B, 0xB5, 0xC5, 0x9F, 0xE7, 0x7E, 0xE7,
    0x9F, 0xE7, 0x9F, 0xEF, 0xBF, 0xEF, 0xBF, 0xEF, 0xBF, 0xEF, 0xBF, 0xEF, 0x7F, 0xDF, 0x7F, 0xDF,
    0xBF, 0xF7, 0xBF, 0xEF, 0xBF, 0xEF, 0xBF, 0xEF, 0xBF, 0xEF, 0xBF, 0xEF, 0xBF, 0xEF, 0xDF, 0xF7,
    0x7F, 0xDF, 0x3E, 0xCF, 0x5E, 0xCF, 0x5E, 0xCF, 0x5E, 0xCF, 0x3E, 0xCF, 0x3E, 0xCF, 0x3E, 0xCF,
    0x7C, 0xEF, 0x7C, 0xEF, 0x5C, 0xEF, 0x5C, 0xEF, 0x5C, 0xEF, 0x3C, 0xE7, 0x7D, 0xEF, 0xBF, 0xF7,
    0xBF, 0xF7, 0x9F, 0xF7, 0x9F, 0xF7, 0x9F, 0xF7, 0x9E, 0xF7, 0x9E, 0xEF, 0x7E, 0xEF, 0x7F, 0xE7,
    0x7F, 0xDF, 0x5E, 0xDF, 0x5E, 0xDF, 0x3E, 0xDF, 0x1E, 0xD7, 0x1E, 0xD7, 0xFE, 0xCE, 0x1E, 0xCF,
    0xBB, 0xA5, 0x77, 0x7C, 0x16, 0x6C, 0xF6, 0x6B, 0xB4, 0x63, 0x94, 0x5B, 0x94, 0x5B, 0xB4, 0x5B,
    0xD4, 0x63, 0xD4, 0x63, 0xF4, 0x63, 0x14, 0x6C, 0x14, 0x6C, 0x34, 0x74, 0x34, 0x74, 0x54, 0x74,
    0x34, 0x74, 0x33, 0x74, 0x13, 0x74, 0x32, 0x74, 0x53, 0x7C, 0x90, 0x63, 0x0A, 0x32, 0x88, 0x21,
    0xA9, 0x21, 0x48, 0x19, 0x06, 0x11, 0x27, 0x19, 0xA9, 0x29, 0xCA, 0x31, 0xEA, 0x31, 0xEA, 0x31,
    0xEA, 0x31, 0xEA, 0x31, 0xAA, 0x31, 0x89, 0x29, 0x27, 0x19, 0xCA, 0x31, 0xD8, 0xC5, 0xFA, 0xEE,
    0x99, 0xE6, 0x72, 0xA4, 0xAB, 0x7A, 0x8D, 0xA3, 0x98, 0xB5, 0x38, 0xD6, 0x58, 0xDE, 0x58, 0xDE,
    0x78, 0xE6, 0xB9, 0xE6, 0x1B, 0xF7, 0xCE, 0xDC, 0xCA, 0xDB, 0xC9, 0xD3, 0x88, 0xD3, 0x27, 0xC3,
    0x86, 0xA2, 0x07, 0x62, 0x2A, 0x42, 0xAD, 0x4A, 0xEB, 0x72, 0xA7, 0x82, 0x66, 0x7A, 0x46, 0x7A,
    0x26, 0x72, 0x43, 0x41, 0xE2, 0x30, 0x24, 0x41, 0x64, 0x49, 0x85, 0x49, 0x85, 0x49, 0x44, 0x41,
    0x03, 0x39, 0x03, 0x39, 0xA5, 0x51, 0xE9, 0x82, 0xCB, 0xA3, 0x4C, 0xB4, 0x8D, 0xBC, 0xAE, 0xC4,
    0xCE, 0xC4, 0x0F, 0xCD, 0x2F, 0xCD, 0x50, 0xD5, 0x91, 0xD5, 0xB3, 0xDD, 0xB3, 0xDD, 0xF4, 0xDD,
    0xD4, 0xDD, 0xF6, 0xD5, 0x5E, 0xE7, 0x7E, 0xE7, 0x7F, 0xE7, 0x9F, 0xE7, 0x9F, 0xEF, 0x9F, 0xEF,
    0x9F, 0xEF, 0x9F, 0xEF, 0xBF, 0xEF, 0x7F, 0xE7, 0x7F, 0xD7, 0xBF, 0xEF, 0x9F, 0xEF, 0x9F, 0xEF,
    0xBF, 0xEF, 0xBF, 0xEF, 0xBF, 0xEF, 0xBF, 0xEF, 0xBF, 0xF7, 0x7F, 0xDF, 0x3E, 0xCF, 0x3E, 0xCF,
    0x5E, 0xCF, 0x5E, 0xCF, 0x3E, 0xCF, 0x3E, 0xCF, 0x5C, 0xEF, 0x5C, 0xEF, 0x5C, 0xEF, 0x5C, 0xEF,
    0x3C, 0xE7, 0x7D, 0xEF, 0xBF, 0xF7, 0xBF, 0xF7, 0x9F, 0xEF, 0x9F, 0xEF, 0x9F, 0xEF, 0x9F, 0xEF,
    0x9F, 0xEF, 0x9F, 0xEF, 0x9F, 0xEF, 0x9F, 0xEF, 0x7F, 0xEF, 0x7E, 0xE7, 0x5E, 0xE7, 0x5F, 0xE7,
    0x3E, 0xDF, 0x3E, 0xDF, 0x1E, 0xD7, 0xFE, 0xCE, 0x9A, 0xA5, 0xF8, 0x8C, 0xB7, 0x84, 0x56, 0x74,
    0x36, 0x74, 0x36, 0x6C, 0x15, 0x6C, 0x15, 0x6C, 0x15, 0x6C, 0x35, 0x6C, 0x36, 0x74, 0x56, 0x74,
    0x76, 0x74, 0x75, 0x74, 0x95, 0x7C, 0x95, 0x7C, 0x95, 0x7C, 0x95, 0x7C, 0x75, 0x7C, 0x74, 0x7C,
    0x53, 0x7C, 0x94, 0x84, 0x53, 0x7C, 0x2E, 0x5B, 0x6C, 0x42, 0x2A, 0x3A, 0xEA, 0x39, 0x4B, 0x42,
    0x4C, 0x42, 0x6C, 0x42, 0x8D, 0x42, 0x8D, 0x42, 0x8D, 0x42, 0x8D, 0x42, 0x6D, 0x42, 0x4C, 0x3A,
    0xCB, 0x31, 0x4C, 0x42, 0x56, 0xB5, 0x79, 0xE6, 0x58, 0xDE, 0x72, 0xA4, 0xEC, 0x7A, 0xAB, 0x72,
    0xF5, 0xAC, 0xF7, 0xD5, 0x37, 0xD6, 0x37, 0xDE, 0x58, 0xDE, 0x78, 0xE6, 0x1B, 0xEF, 0x98, 0xEE,
    0x27, 0xBB, 0xC6, 0xB2, 0xA6, 0x9A, 0x86, 0x92, 0xC7, 0x8A, 0x4A, 0x83, 0xE9, 0x72, 0x09, 0x8B,
    0xCA, 0xAB, 0xCA, 0xA3, 0x69, 0x9B, 0x29, 0x8B, 0xC8, 0x82, 0x87, 0x7A, 0xE6, 0x59, 0xC5, 0x59,
    0x26, 0x62, 0x47, 0x6A, 0x27, 0x6A, 0x47, 0x6A, 0x27, 0x62, 0x68, 0x6A, 0x6B, 0x93, 0x0D, 0xAC,
    0x6E, 0xB4, 0xAE, 0xBC, 0xCF, 0xC4, 0x10, 0xCD, 0x30, 0xCD, 0x71, 0xD5, 0x71, 0xD5, 0xB2, 0xDD,
    0xD3, 0xDD, 0xF4, 0xDD, 0x15, 0xDE, 0x36, 0xDE, 0x57, 0xE6, 0x78, 0xE6, 0x1D, 0xE7, 0x5E, 0xE7,
    0x7E, 0xE7, 0x7F, 0xE7, 0x9F, 0xE7, 0x9F, 0xE7, 0x9F, 0xEF, 0x9F, 0xEF, 0x9F, 0xEF, 0x9F, 0xE7,
    0x3D, 0xD7, 0x7D, 0xEF, 0xBF, 0xEF, 0x9F, 0xEF, 0x9F, 0xEF, 0x9F, 0xEF, 0xBF, 0xEF, 0xBF, 0xEF,
    0xBF, 0xEF, 0xBF, 0xF7, 0x7E, 0xDF, 0x3E, 0xCF, 0x3E, 0xCF, 0x3E, 0xCF, 0x5E, 0xCF, 0x3E, 0xCF,
    0x5C, 0xEF, 0x5C, 0xEF, 0x5D, 0xEF, 0x3D, 0xE7, 0x5D, 0xEF, 0xBF, 0xF7, 0x9F, 0xEF, 0x9F, 0xEF,
    0x9F, 0xEF, 0x9F, 0xEF, 0x9F, 0xEF, 0x9F, 0xEF, 0x9F, 0xEF, 0x9F, 0xEF, 0x9F, 0xEF, 0x9F, 0xE7,
    0x7F, 0xE7, 0x7F, 0xE7, 0x7F, 0xE7, 0x5F, 0xDF, 0x3F, 0xDF, 0x3E, 0xD7, 0x1E, 0xD7, 0xDE, 0xCE,
    0xFB, 0xAD, 0x9A, 0x9D, 0x59, 0x95, 0x18, 0x8D, 0xD8, 0x84, 0xB8, 0x84, 0x97, 0x7C, 0x97, 0x7C,
    0xB7, 0x7C, 0xB7, 0x7C, 0xB7, 0x7C, 0xD7, 0x84, 0xD7, 0x84, 0xF7, 0x84, 0xF7, 0x84, 0xF7, 0x8C,
    0xF7, 0x8C, 0xF7, 0x8C, 0xF7, 0x8C, 0xF6, 0x8C, 0xF6, 0x8C, 0xD5, 0x8C, 0xD5, 0x8C, 0xD5, 0x8C,
    0xB0, 0x6B, 0xCD, 0x52, 0x2F, 0x5B, 0x2F, 0x5B, 0x2F, 0x5B, 0x50, 0x5B, 0x50, 0x5B, 0x50, 0x5B,
    0x70, 0x5B, 0x51, 0x5B, 0x51, 0x5B, 0x30, 0x53, 0xCF, 0x4A, 0xAF, 0x42, 0xD4, 0xA4, 0x17, 0xD6,
    0xD6, 0xCD, 0x11, 0x94, 0x0D, 0x7B, 0x6A, 0x6A, 0xF0, 0x93, 0x95, 0xC5, 0xF6, 0xCD, 0x17, 0xD6,
    0x37, 0xDE, 0x78, 0xDE, 0x98, 0xE6, 0x5B, 0xF7, 0xB3, 0xD5, 0x8D, 0xC4, 0xEE, 0xC4, 0xEE, 0xCC,
    0x2F, 0xD5, 0x2F, 0xD5, 0x0E, 0xCD, 0xEE, 0xCC, 0xCE, 0xC4, 0x8E, 0xBC, 0x6D, 0xB4, 0x2D, 0xAC,
    0xCC, 0x9B, 0x8B, 0x93, 0x2A, 0x8B, 0xC9, 0x72, 0x0B, 0x7B, 0x2B, 0x83, 0x2B, 0x83, 0x0B, 0x7B,
    0xEB, 0x7A, 0xCD, 0x9B, 0x6F, 0xAC, 0xB0, 0xBC, 0xF0, 0xC4, 0x31, 0xCD, 0x51, 0xCD, 0x72, 0xD5,
    0xB3, 0xD5, 0xD3, 0xDD, 0xF4, 0xDD, 0xF4, 0xDD, 0x15, 0xDE, 0x36, 0xE6, 0x57, 0xE6, 0x77, 0xE6,
    0x98, 0xE6, 0x98, 0xE6, 0xFB, 0xE6, 0x5E, 0xE7, 0x7E, 0xE7, 0x7F, 0xE7, 0x9F, 0xE7, 0x9F, 0xEF,
    0x9F, 0xEF, 0x9F, 0xEF, 0x9F, 0xEF, 0x9F, 0xEF, 0x7D, 0xF7, 0x5D, 0xE7, 0x9F, 0xEF, 0xBF, 0xEF,
    0x9F, 0xEF, 0xBF, 0xEF, 0x9F, 0xEF, 0x9F, 0xEF, 0xBF, 0xEF, 0xBF, 0xEF, 0xBF, 0xF7, 0x7E, 0xDF,
    0x3E, 0xCF, 0x3E, 0xCF, 0x3E, 0xCF, 0x3E, 0xCF, 0x5D, 0xEF, 0x5D, 0xEF, 0x3D, 0xE7, 0x5D, 0xE7,
    0xBF, 0xF7, 0x9F, 0xEF, 0x9F, 0xEF, 0x9F, 0xEF, 0x9F, 0xEF, 0x9F, 0xEF, 0x9F, 0xEF, 0x9F, 0xEF,
    0x9F, 0xEF, 0x9F, 0xEF, 0x9F, 0xEF, 0x9F, 0xE7, 0x9F, 0xE7, 0x7F, 0xE7, 0x7F, 0xE7, 0x5F, 0xE7,
    0x5F, 0xDF, 0x3F, 0xDF, 0x3E, 0xD7, 0xFE, 0xCE, 0x9D, 0xBE, 0x3C, 0xB6, 0xFB, 0xAD, 0xDA, 0xA5,
    0x9A, 0x9D, 0x7A, 0x9D, 0x5A, 0x95, 0x59, 0x95, 0x59, 0x95, 0x59, 0x95, 0x59, 0x95, 0x59, 0x95,
    0x79, 0x95, 0x79, 0x95, 0x79, 0x9D, 0x99, 0x9D, 0x99, 0x9D, 0x99, 0x9D, 0x99, 0x9D, 0x79, 0x9D,
    0x78, 0x9D, 0x78, 0x9D, 0x57, 0x9D, 0x57, 0x9D, 0x57, 0x95, 0x74, 0x84, 0x12, 0x7C, 0x33, 0x7C,
    0x33, 0x7C, 0x33, 0x7C, 0x33, 0x7C, 0x33, 0x74, 0x33, 0x74, 0x34, 0x74, 0x14, 0x74, 0x14, 0x6C,
    0xD4, 0x63, 0x72, 0x53, 0x53, 0x8C, 0x55, 0xBD, 0xD3, 0xB4, 0x6E, 0x83, 0xCC, 0x72, 0xAC, 0x62,
    0x0F, 0x63, 0x93, 0x9C, 0x74, 0xC5, 0xD6, 0xCD, 0x17, 0xD6, 0x57, 0xDE, 0x78, 0xE6, 0xD9, 0xEE,
    0xB8, 0xEE, 0xB2, 0xDD, 0xB2, 0xDD, 0x92, 0xDD, 0x71, 0xD5, 0x71, 0xD5, 0x72, 0xD5, 0x72, 0xD5,
    0x51, 0xCD, 0x51, 0xCD, 0x31, 0xC5, 0xF1, 0xBC, 0xD0, 0xB4, 0x90, 0xAC, 0x70, 0xA4, 0x0F, 0x94,
    0x0F, 0x94, 0x0F, 0x94, 0xEF, 0x8B, 0xCF, 0x8B, 0x50, 0x9C, 0xD2, 0xB4, 0x12, 0xBD, 0x53, 0xC5,
    0x73, 0xCD, 0xB4, 0xD5, 0xD4, 0xD5, 0xF5, 0xDD, 0x15, 0xDE, 0x36, 0xDE, 0x56, 0xE6, 0x77, 0xE6,
    0x78, 0xE6, 0x98, 0xE6, 0xB9, 0xE6, 0xB9, 0xE6, 0xDA, 0xE6, 0xDA, 0xE6, 0xFB, 0xE6, 0x5E, 0xE7,
    0x7E, 0xE7, 0x7E, 0xE7, 0x9F, 0xEF, 0x9F, 0xEF, 0x9F, 0xEF, 0x9F, 0xEF, 0x9F, 0xEF, 0x9F, 0xEF,
    0x9F, 0xEF, 0x7F, 0xE7, 0x7F, 0xE7, 0x9F, 0xEF, 0x9F, 0xEF, 0xBF, 0xEF, 0x9F, 0xEF, 0x9F, 0xEF,
    0x9F, 0xEF, 0x9F, 0xEF, 0xBF, 0xEF, 0xBF, 0xF7, 0x5E, 0xDF, 0x3E, 0xCF, 0x3E, 0xCF, 0x3E, 0xCF,
    0x5D, 0xEF, 0x3D, 0xE7, 0x5D, 0xE7, 0xBF, 0xF7, 0xBF, 0xEF, 0x9F, 0xEF, 0x9F, 0xEF, 0x9F, 0xEF,
    0x9F, 0xEF, 0x9F, 0xE7, 0x9F, 0xE7, 0x9F, 0xE7, 0x9F, 0xE7, 0x9F, 0xE7, 0x9F, 0xE7, 0x9F, 0xE7,
    0x9F, 0xE7, 0x9F, 0xE7, 0x7F, 0xE7, 0x7F, 0xE7, 0x7F, 0xE7, 0x5F, 0xDF, 0x3E, 0xDF, 0x1E, 0xD7,
    0xDD, 0xCE, 0xBD, 0xC6, 0x7C, 0xBE, 0x5C, 0xBE, 0x3C, 0xB6, 0x1B, 0xAE, 0xFB, 0xAD, 0xFB, 0xAD,
    0xFB, 0xA5, 0xFB, 0xA5, 0xFB, 0xA5, 0xFB, 0xA5, 0x1B, 0xAE, 0x1B, 0xAE, 0x1B, 0xAE, 0x1B, 0xAE,
    0x1B, 0xAE, 0x1B, 0xB6, 0x1B, 0xB6, 0x1B, 0xAE, 0xFA, 0xAD, 0xFA, 0xAD, 0xFA, 0xAD, 0xD9, 0xAD,
    0xD9, 0xAD, 0xD9, 0xAD, 0x57, 0x9D, 0x16, 0x9D, 0x17, 0x9D, 0x17, 0x9D, 0x17, 0x95, 0x17, 0x95,
    0x17, 0x95, 0x17, 0x95, 0xF7, 0x8C, 0xD7, 0x8C, 0xB7, 0x84, 0xB7, 0x7C, 0x75, 0x84, 0x32, 0x94,
    0xD1, 0x8B, 0x91, 0x73, 0x92, 0x6B, 0x93, 0x63, 0xB3, 0x63, 0xD3, 0x73, 0x93, 0x9C, 0x33, 0xBD,
    0x95, 0xCD, 0x16, 0xD6, 0x57, 0xDE, 0x77, 0xDE, 0x36, 0xDE, 0xF4, 0xDD, 0x15, 0xDE, 0xF4, 0xDD,
    0xF4, 0xDD, 0xF4, 0xDD, 0xF4, 0xDD, 0xF5, 0xDD, 0xF5, 0xDD, 0xF5, 0xD5, 0xD5, 0xD5, 0xB4, 0xCD,
    0x94, 0xCD, 0x74, 0xC5, 0x54, 0xBD, 0x14, 0xB5, 0xF3, 0xAC, 0xF4, 0xAC, 0xB3, 0xA4, 0xD3, 0xAC,
    0x55, 0xBD, 0x95, 0xC5, 0xD6, 0xCD, 0xF6, 0xD5, 0x16, 0xD6, 0x37, 0xDE, 0x57, 0xDE, 0x78, 0xE6,
    0x98, 0xE6, 0x98, 0xE6, 0xB9, 0xE6, 0xB9, 0xE6, 0xD9, 0xE6, 0xDA, 0xE6, 0xDA, 0xE6, 0xFA, 0xE6,
    0xFB, 0xEE, 0x1B, 0xE7, 0x1C, 0xE7, 0x5D, 0xE7, 0x7E, 0xEF, 0x7E, 0xEF, 0x9F, 0xEF, 0x9F, 0xEF,
    0x9F, 0xEF, 0x9F, 0xEF, 0x9F, 0xEF, 0x9F, 0xEF, 0xBF, 0xEF, 0xBF, 0xF7, 0xBF, 0xEF, 0xBF, 0xEF,
    0xBF, 0xF7, 0xBF, 0xF7, 0xBF, 0xEF, 0x9F, 0xEF, 0x9F, 0xEF, 0x9F, 0xEF, 0x9F, 0xEF, 0x9F, 0xEF,
    0xBF, 0xF7, 0x5E, 0xDF, 0x3E, 0xCF, 0x3E, 0xD7, 0x3D, 0xE7, 0x5D, 0xE7, 0xBF, 0xEF, 0xBF, 0xEF,
    0x9F, 0xEF, 0x9F, 0xEF, 0x9F, 0xE7, 0x9F, 0xE7, 0x9F, 0xE7, 0x7E, 0xEF, 0x5C, 0xEF, 0x5C, 0xEF,
    0x5C, 0xEF, 0x7C, 0xEF, 0x7C, 0xEF, 0x9E, 0xEF, 0x9F, 0xE7, 0x9F, 0xE7, 0x9F, 0xE7, 0x9F, 0xE7,
    0x7F, 0xE7, 0x7F, 0xE7, 0x7F, 0xDF, 0x5E, 0xDF, 0x1E, 0xD7, 0xFE, 0xCE, 0xDD, 0xCE, 0xBD, 0xC6,
    0x9D, 0xC6, 0x9D, 0xBE, 0x7C, 0xBE, 0x7C, 0xBE, 0x5C, 0xB6, 0x5C, 0xB6, 0x5C, 0xB6, 0x7C, 0xBE,
    0x7C, 0xBE, 0x7C, 0xBE, 0x7C, 0xBE, 0x7C, 0xBE, 0x7C, 0xBE, 0x7C, 0xBE, 0x7C, 0xBE, 0x7C, 0xBE,
    0x7C, 0xBE, 0x7C, 0xBE, 0x7B, 0xBE, 0x5B, 0xBE, 0x5B, 0xBE, 0x5B, 0xB6, 0x3B, 0xB6, 0xF9, 0xB5,
    0xD9, 0xB5, 0xD9, 0xAD, 0xD9, 0xAD, 0xD9, 0xAD, 0xD9, 0xAD, 0xB9, 0xAD, 0xBA, 0xA5, 0xBA, 0xA5,
    0xBA, 0x9D, 0x9A, 0x9D, 0x9A, 0x9D, 0x59, 0x9D, 0x18, 0x95, 0xD8, 0x8C, 0x76, 0x7C, 0x35, 0x7C,
    0x35, 0x7C, 0x55, 0x84, 0x95, 0x8C, 0xD5, 0xA4, 0xD3, 0xAC, 0x13, 0xBD, 0x74, 0xC5, 0xF6, 0xD5,
    0x58, 0xDE, 0x78, 0xE6, 0x77, 0xE6, 0x77, 0xE6, 0x77, 0xE6, 0x77, 0xE6, 0x77, 0xE6, 0x77, 0xE6,
    0x78, 0xE6, 0x58, 0xDE, 0x57, 0xDE, 0x37, 0xDE, 0x17, 0xD6, 0xF7, 0xD5, 0xF7, 0xCD, 0xD7, 0xC5,
    0xB7, 0xC5, 0x97, 0xBD, 0x97, 0xBD, 0xB7, 0xC5, 0xF8, 0xCD, 0x38, 0xD6, 0x58, 0xDE, 0x78, 0xDE,
    0x79, 0xDE, 0x99, 0xE6, 0xB9, 0xE6, 0xB9, 0xE6, 0xDA, 0xE6, 0xDA, 0xE6, 0xFA, 0xE6, 0xFA, 0xEE,
    0xFA, 0xEE, 0xFA, 0xEE, 0x1B, 0xEF, 0x1B, 0xEF, 0x1B, 0xEF, 0x3C, 0xEF, 0x3D, 0xE7, 0x5D, 0xEF,
    0x5E, 0xEF, 0x9F, 0xEF, 0x9F, 0xEF, 0x9F, 0xEF, 0x9F, 0xEF, 0x9F, 0xEF, 0x9F, 0xEF, 0x9F, 0xEF,
    0x7F, 0xE7, 0x3F, 0xCF, 0x1F, 0xCF, 0x1F, 0xC7, 0x1F, 0xC7, 0x1F, 0xC7, 0x5F, 0xD7, 0x9F, 0xE7,
    0x9F, 0xEF, 0x9F, 0xEF, 0x9F, 0xEF, 0x9F, 0xEF, 0x9F, 0xEF, 0xBF, 0xF7, 0x5E, 0xDF, 0x3E, 0xCF,
    0x3D, 0xE7, 0xBF, 0xEF, 0xBF, 0xEF, 0x9F, 0xEF, 0x9F, 0xE7, 0x9F, 0xE7, 0x9F, 0xE7, 0x9E, 0xE7,
    0x18, 0xF7, 0xF6, 0xFE, 0x38, 0xFF, 0x9B, 0xFF, 0x7A, 0xFF, 0xF6, 0xFE, 0xB4, 0xFE, 0xD6, 0xFE,
    0x9F, 0xE7, 0x9F, 0xE7, 0x9F, 0xE7, 0x3E, 0xD7, 0x3E, 0xD7, 0x1E, 0xD7, 0x1E, 0xCF, 0xFE, 0xCE,
    0xDE, 0xC6, 0x9D, 0xC6, 0x7D, 0xBE, 0x5D, 0xB6, 0x5C, 0xB6, 0x3C, 0xB6, 0x7D, 0xBE, 0x9D, 0xBE,
    0x9D, 0xBE, 0x9D, 0xBE, 0x9D, 0xBE, 0x9D, 0xBE, 0x9D, 0xBE, 0x9D, 0xC6, 0x9D, 0xC6, 0x9D, 0xC6,
    0x9D, 0xC6, 0xBD, 0xC6, 0xBD, 0xC6, 0xBD, 0xC6, 0xBD, 0xC6, 0xBD, 0xC6, 0xBD, 0xC6, 0xBC, 0xC6,
    0xBC, 0xC6, 0xBC, 0xCE, 0xBC, 0xCE, 0x9C, 0xCE, 0x7B, 0xC6, 0x5B, 0xC6, 0x5B, 0xC6, 0x5B, 0xC6,
    0x5B, 0xC6, 0x5B, 0xC6, 0x5B, 0xC6, 0x7C, 0xC6, 0x7C, 0xBE, 0x5C, 0xB6, 0x5C, 0xBE, 0x7C, 0xBE,
    0x3B, 0xBE, 0xDA, 0xAD, 0x99, 0xA5, 0x59, 0x9D, 0x58, 0x9D, 0x58, 0xA5, 0x98, 0xAD, 0xD9, 0xBD,
    0xF9, 0xC5, 0xF8, 0xC5, 0x38, 0xD6, 0xBA, 0xDE, 0xDA, 0xE6, 0xDA, 0xE6, 0xD9, 0xEE, 0xD9, 0xEE,
    0xD9, 0xEE, 0xD9, 0xEE, 0xD9, 0xEE, 0xD9, 0xEE, 0xB9, 0xEE, 0xB9, 0xE6, 0xB9, 0xE6, 0x99, 0xE6,
    0x79, 0xDE, 0x79, 0xDE, 0x59, 0xD6, 0x39, 0xD6, 0x39, 0xCE, 0x19, 0xCE, 0x19, 0xCE, 0x39, 0xD6,
    0x79, 0xD6, 0x99, 0xDE, 0x9A, 0xDE, 0xBA, 0xE6, 0xDA, 0xE6, 0xDA, 0xE6, 0xFA, 0xE6, 0xFA, 0xE6,
    0xFB, 0xE6, 0xFB, 0xEE, 0xFB, 0xEE, 0x1B, 0xEF, 0x1B, 0xEF, 0x1B, 0xEF, 0x1B, 0xEF, 0xFB, 0xDE,
    0x1C, 0xE7, 0x3C, 0xEF, 0x1B, 0xEF, 0x5D, 0xEF, 0x7E, 0xEF, 0x3C, 0xEF, 0x7E, 0xEF, 0x9F, 0xEF,
    0x7F, 0xE7, 0x9F, 0xEF, 0x9F, 0xEF, 0x9F, 0xEF, 0xDF, 0xBE, 0x7F, 0x9E, 0x7F, 0x9E, 0x1F, 0xC7,
    0x5F, 0xD7, 0xFE, 0xBE, 0x9F, 0xA6, 0xBF, 0xA6, 0x5F, 0xDF, 0x9F, 0xEF, 0x9F, 0xEF, 0x9F, 0xEF,
    0x9F, 0xEF, 0xBF, 0xEF, 0xBF, 0xF7, 0x5E, 0xDF, 0xBF, 0xEF, 0xBF, 0xEF, 0x9F, 0xE7, 0x9F, 0xE7,
    0x9F, 0xE7, 0x9F, 0xE7, 0x9F, 0xE7, 0x97, 0xF6, 0x12, 0xFE, 0x55, 0xFE, 0x3A, 0xFF, 0x3B, 0xFF,
    0xD8, 0xFE, 0x13, 0xFE, 0x13, 0xFE, 0xD9, 0xF6, 0x9F, 0xE7, 0x9F, 0xE7, 0x5E, 0xDF, 0x1E, 0xCF,
    0x1E, 0xCF, 0xFE, 0xCE, 0xFE, 0xCE, 0xDE, 0xCE, 0xBE, 0xC6, 0xBE, 0xC6, 0xDE, 0xCE, 0xBD, 0xC6,
    0x9D, 0xC6, 0x9D, 0xBE, 0x9D, 0xC6, 0x9D, 0xC6, 0x9D, 0xBE, 0x9D, 0xBE, 0x9D, 0xBE, 0x9D, 0xBE,
    0x9D, 0xC6, 0x9D, 0xC6, 0x9D, 0xC6, 0x9D, 0xC6, 0xBD, 0xC6, 0xBD, 0xC6, 0xBD, 0xC6, 0xBD, 0xC6,
    0xBD, 0xC6, 0xBD, 0xC6, 0xDD, 0xC6, 0xDD, 0xCE, 0xDD, 0xC6, 0x7D, 0xAE, 0x7D, 0xA6, 0x7D, 0xA6,
    0x7C, 0xA6, 0x5C, 0xA6, 0x3C, 0xA6, 0x3C, 0xA6, 0x3C, 0xA6, 0x5C, 0xA6, 0x5C, 0xA6, 0x5D, 0xAE,
    0x5D, 0xA6, 0x3E, 0xDF, 0x7E, 0xE7, 0x7C, 0xBE, 0x7C, 0xBE, 0x5C, 0xBE, 0x5C, 0xBE, 0x3B, 0xBE,
    0x3B, 0xB6, 0x3B, 0xBE, 0x3B, 0xC6, 0x5B, 0xC6, 0x7B, 0xCE, 0xBB, 0xD6, 0xBB, 0xD6, 0xBB, 0xD6,
    0xBA, 0xDE, 0x9A, 0xDE, 0xBA, 0xDE, 0x9A, 0xDE, 0x9A, 0xDE, 0x9A, 0xDE, 0x9A, 0xDE, 0x9A, 0xDE,
    0x9A, 0xDE, 0x9A, 0xDE, 0x7A, 0xDE, 0x79, 0xD6, 0x59, 0xD6, 0x59, 0xD6, 0x39, 0xCE, 0x5A, 0xD6,
    0x5A, 0xD6, 0x5A, 0xCE, 0x5A, 0xD6, 0x7A, 0xD6, 0x9A, 0xDE, 0xBA, 0xDE, 0xDA, 0xE6, 0xDA, 0xE6,
    0xDB, 0xE6, 0xFB, 0xE6, 0xFB, 0xE6, 0xFB, 0xE6, 0xFB, 0xEE, 0xFB, 0xEE, 0xFB, 0xEE, 0x1B, 0xEF,
    0x1B, 0xEF, 0x1B, 0xEF, 0x1B, 0xEF, 0xBB, 0xD6, 0x1C, 0xE7, 0x3C, 0xEF, 0xFA, 0xEE, 0x3C, 0xEF,
    0x7E, 0xEF, 0xF9, 0xF6, 0x3C, 0xEF, 0x9F, 0xEF, 0x3E, 0xDF, 0x7F, 0xE7, 0x9F, 0xEF, 0x9F, 0xEF,
    0x5F, 0xD7, 0x5F, 0x9E, 0x1F, 0x8E, 0x7F, 0xA6, 0x1F, 0xCF, 0x9E, 0xB6, 0x3F, 0x96, 0x1F, 0x8E,
    0x5F, 0x96, 0x7F, 0xE7, 0x9F, 0xEF, 0x9F, 0xEF, 0x9F, 0xEF, 0x9F, 0xEF, 0xBF, 0xF7, 0xBF, 0xF7,
    0xBF, 0xEF, 0x9F, 0xE7, 0x9F, 0xE7, 0x9F, 0xE7, 0x9F, 0xE7, 0x9F, 0xE7, 0x9F, 0xE7, 0xD9, 0xEE,
    0x77, 0xF6, 0x77, 0xF6, 0x56, 0xF6, 0x36, 0xF6, 0x56, 0xF6, 0x77, 0xF6, 0xFB, 0xEE, 0x9F, 0xE7,
    0x9F, 0xE7, 0x9F, 0xE7, 0x7F, 0xDF, 0x7F, 0xDF, 0x7F, 0xDF, 0x5F, 0xDF, 0x5F, 0xDF, 0x5F, 0xDF,
    0x1E, 0xD7, 0x1E, 0xD7, 0x1E, 0xD7, 0xDE, 0xCE, 0xDD, 0xCE, 0xBD, 0xC6, 0x9D, 0xC6, 0x9D, 0xC6,
    0x9D, 0xC6, 0x9D, 0xBE, 0x9D, 0xBE, 0x9D, 0xBE, 0x9D, 0xC6, 0x9D, 0xC6, 0x9D, 0xC6, 0x9D, 0xC6,
    0x9D, 0xC6, 0xBD, 0xC6, 0xBD, 0xC6, 0xBD, 0xC6, 0xBD, 0xC6, 0xBD, 0xC6, 0xDD, 0xC6, 0xDD, 0xCE,
    0xDD, 0xC6, 0x9D, 0xB6, 0x9D, 0xB6, 0x9D, 0xB6, 0x9D, 0xB6, 0x7D, 0xAE, 0x7C, 0xAE, 0x5C, 0xAE,
    0x5C, 0xAE, 0x5C, 0xAE, 0x7C, 0xAE, 0x7D, 0xB6, 0x7D, 0xAE, 0xDD, 0xC6, 0xFE, 0xCE, 0x9D, 0xC6,
    0x9D, 0xC6, 0x9C, 0xC6, 0x9C, 0xC6, 0x9C, 0xC6, 0x7C, 0xC6, 0x7C, 0xC6, 0x9B, 0xCE, 0x9C, 0xCE,
    0xBC, 0xD6, 0xBB, 0xD6, 0xDC, 0xDE, 0xDB, 0xDE, 0xDB, 0xDE, 0xBB, 0xDE, 0xDB, 0xDE, 0xDA, 0xDE,
    0xBA, 0xE6, 0xBA, 0xDE, 0xBA, 0xE6, 0xBA, 0xE6, 0xBA, 0xDE, 0x9A, 0xDE, 0x9A, 0xDE, 0x9A, 0xDE,
    0x7A, 0xD6, 0x5A, 0xD6, 0x5A, 0xD6, 0x5A, 0xD6, 0x7A, 0xD6, 0x7A, 0xD6, 0x7A, 0xD6, 0x9A, 0xDE,
    0xBA, 0xDE, 0xBA, 0xDE, 0xDA, 0xE6, 0xDB, 0xE6, 0xDB, 0xE6, 0xFB, 0xE6, 0xFB, 0xE6, 0xFB, 0xEE,
    0xFA, 0xEE, 0xFB, 0xEE, 0xFB, 0xEE, 0xFB, 0xEE, 0xFB, 0xEE, 0x1B, 0xEF, 0x1B, 0xEF, 0x3B, 0xEF,
    0x1C, 0xEF, 0x3C, 0xEF, 0x5D, 0xEF, 0x5D, 0xEF, 0x5E, 0xEF, 0x9F, 0xEF, 0x9F, 0xEF, 0x9F, 0xEF,
    0x9F, 0xEF, 0x9F, 0xEF, 0x9F, 0xEF, 0x9F, 0xEF, 0x9F, 0xEF, 0x5F, 0xDF, 0xDF, 0xBE, 0x9F, 0xAE,
    0x7F, 0xA6, 0x7F, 0xAE, 0x7F, 0xAE, 0x9F, 0xAE, 0xDF, 0xBE, 0x7F, 0xE7, 0x9F, 0xEF, 0x9F, 0xEF,
    0x9F, 0xEF, 0x9F, 0xEF, 0x9F, 0xEF, 0xBF, 0xF7, 0x9F, 0xEF, 0x9F, 0xE7, 0x9F, 0xE7, 0x9F, 0xE7,
    0x9F, 0xE7, 0x9F, 0xE7, 0x9F, 0xE7, 0x9F, 0xE7, 0x9F, 0xE7, 0x9F, 0xE7, 0x9F, 0xE7, 0x9F, 0xE7,
    0x9F, 0xE7, 0x9F, 0xE7, 0x9F, 0xE7, 0x9F, 0xE7, 0x9F, 0xE7, 0x9F, 0xE7, 0x9F, 0xE7, 0x9F, 0xE7,
    0x9F, 0xE7, 0x7F, 0xE7, 0x7F, 0xE7, 0x7F, 0xE7, 0x5F, 0xDF, 0x3E, 0xDF, 0x1E, 0xD7, 0xFE, 0xCE,
    0xDD, 0xCE, 0xBD, 0xC6, 0x9D, 0xC6, 0x9D, 0xC6, 0x9D, 0xC6, 0x7D, 0xBE, 0x7D, 0xBE, 0x7D, 0xBE,
    0x7D, 0xBE, 0x7D, 0xBE, 0x9D, 0xC6, 0x9D, 0xC6, 0x9D, 0xC6, 0x9D, 0xC6, 0x9D, 0xC6, 0xBD, 0xC6,
    0xBD, 0xC6, 0xBD, 0xC6, 0xDD, 0xC6, 0xDD, 0xC6, 0xDD, 0xCE, 0xDD, 0xCE, 0xDD, 0xCE, 0xDD, 0xCE,
    0xDD, 0xCE, 0xBC, 0xCE, 0xBC, 0xCE, 0x9C, 0xCE, 0x9C, 0xC6, 0x9C, 0xC6, 0x9C, 0xC6, 0xBC, 0xCE,
    0xDD, 0xCE, 0xBD, 0xC6, 0xBD, 0xCE, 0xDD, 0xD6, 0xDD, 0xD6, 0xDD, 0xCE, 0xDD, 0xCE, 0xDD, 0xCE,
    0xBC, 0xCE, 0xBC, 0xD6, 0xDC, 0xD6, 0xDC, 0xDE, 0xFC, 0xDE, 0xFC, 0xE6, 0xFC, 0xE6, 0x1C, 0xE7,
    0xFB, 0xE6, 0xFB, 0xEE, 0xFB, 0xEE, 0xFB, 0xEE, 0xFB, 0xEE, 0xFA, 0xEE, 0xFA, 0xEE, 0xFB, 0xEE,
    0xDA, 0xEE, 0xDA, 0xEE, 0xDA, 0xE6, 0xBA, 0xE6, 0x9A, 0xDE, 0x7A, 0xDE, 0x7A, 0xD6, 0x5A, 0xD6,
    0x5A, 0xCE, 0x5A, 0xD6, 0x7A, 0xD6, 0x9A, 0xDE, 0x9A, 0xDE, 0xBA, 0xDE, 0xBA, 0xE6, 0xDA, 0xE6,
    0xDB, 0xE6, 0xDB, 0xE6, 0xFB, 0xE6, 0xFB, 0xEE, 0xFB, 0xEE, 0xFA, 0xEE, 0xFB, 0xEE, 0xFB, 0xEE,
    0xFB, 0xEE, 0xFB, 0xEE, 0x1B, 0xEF, 0x1B, 0xEF, 0x1B, 0xEF, 0x3C, 0xEF, 0x3D, 0xEF, 0x5D, 0xEF,
    0x5E, 0xEF, 0x7E, 0xEF, 0x7E, 0xEF, 0x9F, 0xEF, 0x7F, 0xEF, 0x9F, 0xEF, 0x9F, 0xEF, 0x9F, 0xEF,
    0x9F, 0xEF, 0x9F, 0xEF, 0x9F, 0xEF, 0x9F, 0xEF, 0x9F, 0xEF, 0x9F, 0xEF, 0x9F, 0xEF, 0x9F, 0xEF,
    0x9F, 0xEF, 0x9F, 0xEF, 0x9F, 0xEF, 0x9F, 0xEF, 0x9F, 0xEF, 0x9F, 0xEF, 0x9F, 0xEF, 0x9F, 0xEF,
    0xBF, 0xEF, 0xBF, 0xEF, 0x9F, 0xE7, 0x9F, 0xE7, 0x9F, 0xE7, 0x9F, 0xE7, 0x9F, 0xE7, 0x9F, 0xE7,
    0x9F, 0xE7, 0x9F, 0xE7, 0x9F, 0xE7, 0x9F, 0xE7, 0x9F, 0xE7, 0x9F, 0xE7, 0x9F, 0xE7, 0x9F, 0xE7,
    0x9F, 0xE7, 0x9F, 0xE7, 0x9F, 0xE7, 0x9F, 0xE7, 0x9F, 0xE7, 0x7F, 0xE7, 0x7F, 0xE7, 0x7F, 0xE7,
    0x5F, 0xE7, 0x5E, 0xDF, 0x3E, 0xDF, 0x1E, 0xD7, 0xFE, 0xD6, 0xDD, 0xCE, 0xDD, 0xCE, 0xBD, 0xCE,
    0xBD, 0xC6, 0xBD, 0xC6, 0x9D, 0xC6, 0x9D, 0xC6, 0x9D, 0xC6, 0x9D, 0xC6, 0x9D, 0xC6, 0x9D, 0xC6,
    0xBD, 0xC6, 0xBD, 0xC6, 0xBD, 0xC6, 0xBD, 0xCE, 0xDD, 0xCE, 0xDD, 0xCE, 0xDD, 0xCE, 0xDD, 0xCE,
    0xDD, 0xCE, 0xDD, 0xCE, 0xDD, 0xCE, 0xDD, 0xCE, 0xDD, 0xCE, 0xDD, 0xCE, 0xBD, 0xCE, 0xBC, 0xCE,
    0xBC, 0xCE, 0xBC, 0xC6, 0xBC, 0xC6, 0xBD, 0xCE, 0xDD, 0xCE, 0xDD, 0xCE, 0xFD, 0xD6, 0xFD, 0xD6,
    0xFD, 0xD6, 0xFD, 0xD6, 0xFD, 0xD6, 0xDD, 0xD6, 0xDC, 0xD6, 0xDC, 0xD6, 0xDC, 0xDE, 0xFC, 0xDE,
    0xFC, 0xDE, 0xFC, 0xE6, 0xFC, 0xE6, 0x1C, 0xE7, 0xFC, 0xE6, 0xFB, 0xE6, 0xFB, 0xE6, 0xFB, 0xEE,
    0xFB, 0xEE, 0xFB, 0xEE, 0xFB, 0xEE, 0xFB, 0xEE, 0xFB, 0xEE, 0xDB, 0xE6, 0xDB, 0xE6, 0xBA, 0xE6,
    0xBA, 0xDE, 0x9A, 0xDE, 0x7A, 0xD6, 0x7A, 0xD6, 0x7A, 0xD6, 0x7A, 0xD6, 0x9B, 0xDE, 0xBB, 0xDE,
    0xBB, 0xDE, 0xBB, 0xE6, 0xDB, 0xE6, 0xDB, 0xE6, 0xFB, 0xE6, 0xFB, 0xE6, 0xFB, 0xEE, 0xFB, 0xEE,
    0x1B, 0xEF, 0x1B, 0xEF, 0x1B, 0xEF, 0x1B, 0xEF, 0x1B, 0xEF, 0x1B, 0xEF, 0x1B, 0xEF, 0x3C, 0xEF,
    0x3C, 0xEF, 0x3D, 0xEF, 0x5D, 0xEF, 0x5E, 0xEF, 0x7E, 0xEF, 0x7E, 0xEF, 0x7F, 0xEF, 0x9F, 0xEF,
    0x9F, 0xEF, 0x9F, 0xEF, 0x9F, 0xEF, 0x9F, 0xEF, 0x9F, 0xEF, 0x9F, 0xEF, 0x9F, 0xEF, 0x9F, 0xEF,
    0x9F, 0xEF, 0x9F, 0xEF, 0x9F, 0xEF, 0x9F, 0xEF, 0x9F, 0xEF, 0x9F, 0xEF, 0x9F, 0xEF, 0x9F, 0xEF,
    0x9F, 0xEF, 0x9F, 0xF7, 0xBF, 0xF7, 0xBF, 0xF7, 0x7E, 0xE7, 0x7E, 0xE7, 0x9F, 0xE7, 0x9F, 0xE7,
    0x9F, 0xE7, 0x9F, 0xE7, 0x9F, 0xE7, 0x9F, 0xE7, 0x9F, 0xE7, 0x9F, 0xE7, 0x9F, 0xE7, 0x9F, 0xE7,
    0x9F, 0xE7, 0x9F, 0xE7, 0x9F, 0xE7, 0x9F, 0xE7, 0x9F, 0xE7, 0x9F, 0xE7, 0x9F, 0xE7, 0x9F, 0xE7,
    0x9F, 0xE7, 0x7F, 0xE7, 0x7F, 0xE7, 0x7F, 0xE7, 0x5F, 0xE7, 0x5E, 0xE7, 0x3E, 0xDF, 0x1E, 0xDF,
    0x1E, 0xD7, 0xFE, 0xD6, 0xDD, 0xD6, 0xDD, 0xCE, 0xBD, 0xCE, 0xBD, 0xCE, 0xBD, 0xCE, 0xBD, 0xCE,
    0xBD, 0xCE, 0xBD, 0xCE, 0xBD, 0xCE, 0xBD, 0xCE, 0xBD, 0xCE, 0xBD, 0xCE, 0xDD, 0xCE, 0xDD, 0xCE,
    0xDD, 0xCE, 0xDD, 0xCE, 0xFD, 0xCE, 0xFD, 0xCE, 0xFD, 0xD6, 0xFE, 0xD6, 0xFE, 0xD6, 0xFE, 0xD6,
    0xFD, 0xD6, 0xFD, 0xD6, 0xFD, 0xCE, 0xDD, 0xCE, 0xDD, 0xCE, 0xBC, 0xCE, 0xBD, 0xCE, 0xDD, 0xCE,
    0xDD, 0xCE, 0xFD, 0xD6, 0xFD, 0xD6, 0xFD, 0xD6, 0xFD, 0xD6, 0xFD, 0xD6, 0xFD, 0xD6, 0xFD, 0xD6,
    0xFD, 0xD6, 0xFC, 0xD6, 0xFC, 0xDE, 0xFC, 0xDE, 0x1C, 0xE7, 0x1C, 0xE7, 0x1C, 0xE7, 0x1C, 0xE7,
    0x1C, 0xE7, 0x1C, 0xE7, 0x1C, 0xEF, 0x1C, 0xEF, 0x1C, 0xEF, 0x1C, 0xEF, 0x1B, 0xEF, 0x1B, 0xEF,
    0xFB, 0xEE, 0xFB, 0xE6, 0xDB, 0xE6, 0xDB, 0xE6, 0xBB, 0xDE, 0xBB, 0xDE, 0x9A, 0xD6, 0x9A, 0xD6,
    0x9A, 0xD6, 0x9B, 0xD6, 0xBB, 0xDE, 0xBB, 0xDE, 0xDB, 0xE6, 0xDB, 0xE6, 0xFB, 0xE6, 0xFB, 0xE6,
    0xFB, 0xE6, 0x1B, 0xEF, 0x1B, 0xEF, 0x1B, 0xEF, 0x1B, 0xEF, 0x1B, 0xEF, 0x3B, 0xEF, 0x3C, 0xEF,
    0x3C, 0xEF, 0x3C, 0xEF, 0x3C, 0xEF, 0x3C, 0xEF, 0x3D, 0xEF, 0x5D, 0xEF, 0x5E, 0xEF, 0x7E, 0xEF,
    0x7E, 0xEF, 0x7F, 0xEF, 0x7F, 0xEF, 0x7F, 0xEF, 0x9F, 0xEF, 0x9F, 0xEF, 0x9F, 0xEF, 0x9F, 0xEF,
    0x9F, 0xEF, 0x9F, 0xEF, 0x9F, 0xEF, 0x9F, 0xEF, 0x9F, 0xEF, 0x9F, 0xEF, 0x9F, 0xEF, 0x9F, 0xEF,
    0x9F, 0xEF, 0x9F, 0xEF, 0x9F, 0xEF, 0x9F, 0xEF, 0x9F, 0xEF, 0x9F, 0xEF, 0x9F, 0xEF, 0x7F, 0xEF,
    0x1D, 0xD7, 0x1D, 0xCF, 0x1D, 0xCF, 0x1D, 0xCF, 0x1D, 0xCF, 0x1D, 0xC7, 0x1D, 0xC7, 0x1D, 0xC7,
    0xFD, 0xC6, 0xFD, 0xC6, 0x1D, 0xC7, 0x1D, 0xC7, 0x1D, 0xC7, 0x1E, 0xCF, 0x1E, 0xCF, 0x1E, 0xCF,
    0xFE, 0xCE, 0xFE, 0xCE, 0xFE, 0xCE, 0xFE, 0xCE, 0xFE, 0xCE, 0xFE, 0xCE, 0xFE, 0xCE, 0xDE, 0xCE,
    0xBE, 0xC6, 0x9D, 0xC6, 0x7D, 0xBE, 0x3D, 0xBE, 0x1C, 0xB6, 0xDB, 0xAD, 0xBB, 0xA5, 0x9A, 0x9D,
    0x7A, 0x9D, 0x5A, 0x95, 0x5A, 0x95, 0x3A, 0x95, 0x3A, 0x95, 0x5A, 0x95, 0x5A, 0x95, 0x5A, 0x95,
    0x5A, 0x95, 0x7A, 0x95, 0x7A, 0x95, 0x9A, 0x9D, 0xBB, 0x9D, 0xBB, 0x9D, 0xDB, 0x9D, 0xFB, 0x9D,
    0xFC, 0xA5, 0x1C, 0xA6, 0x1C, 0xA6, 0x1C, 0xA6, 0x1C, 0xA6, 0x1B, 0xA6, 0xFB, 0xA5, 0xDA, 0xA5,
    0xBA, 0x9D, 0x99, 0x9D, 0x99, 0x9D, 0x9A, 0x9D, 0xBA, 0x9D, 0xDB, 0xA5, 0xFB, 0xA5, 0x1B, 0xA6,
    0x1B, 0xA6, 0x1B, 0xA6, 0x1B, 0xA6, 0xFA, 0xA5, 0xD9, 0xA5, 0xD9, 0xAD, 0xD8, 0xB5, 0xF8, 0xBD,
    0x18, 0xC6, 0x39, 0xC6, 0x39, 0xCE, 0x58, 0xCE, 0x58, 0xCE, 0x58, 0xD6, 0x58, 0xD6, 0x58, 0xD6,
    0x58, 0xD6, 0x58, 0xD6, 0x38, 0xD6, 0x38, 0xD6, 0x17, 0xD6, 0xF7, 0xCD, 0xB7, 0xC5, 0x96, 0xBD,
    0x56, 0xB5, 0x35, 0xAD, 0xF5, 0xA4, 0xF5, 0x9C, 0xF5, 0xA4, 0x15, 0xAD, 0x35, 0xB5, 0x76, 0xBD,
    0x96, 0xC5, 0xB6, 0xCD, 0xD6, 0xCD, 0xD6, 0xCD, 0xF7, 0xD5, 0x17, 0xD6, 0x37, 0xD6, 0x37, 0xDE,
    0x57, 0xDE, 0x57, 0xDE, 0x58, 0xDE, 0x78, 0xDE, 0x78, 0xDE, 0x78, 0xDE, 0x79, 0xDE, 0x79, 0xDE,
    0x7A, 0xDE, 0x9B, 0xD6, 0x9C, 0xD6, 0xBD, 0xD6, 0xDE, 0xD6, 0xDE, 0xD6, 0xFE, 0xD6, 0xFE, 0xD6,
    0xFE, 0xD6, 0xFE, 0xD6, 0xFE, 0xD6, 0xFE, 0xD6, 0xFE, 0xD6, 0xFE, 0xD6, 0xFE, 0xD6, 0xFE, 0xD6,
    0xFE, 0xD6, 0xFE, 0xD6, 0xFE, 0xD6, 0xFE, 0xD6, 0xFE, 0xD6, 0xFE, 0xD6, 0xFE, 0xD6, 0xFE, 0xD6,
    0xFE, 0xD6, 0xFE, 0xD6, 0x1E, 0xDF, 0x1E, 0xDF, 0x3D, 0xD7, 0x3D, 0xD7, 0x1D, 0xCF, 0x1D, 0xCF,
    0x1D, 0xCF, 0x1D, 0xCF, 0x1D, 0xCF, 0x1D, 0xC7, 0x1D, 0xC7, 0x1D, 0xC7, 0x1D, 0xC7, 0x1D, 0xCF,
    0x1E, 0xCF, 0x1E, 0xCF, 0x1E, 0xCF, 0x1E, 0xCF, 0x1E, 0xCF, 0x1E, 0xCF, 0x1E, 0xCF, 0x1E, 0xCF,
    0x1E, 0xCF, 0xFE, 0xCE, 0xFE, 0xCE, 0xDE, 0xCE, 0xDE, 0xCE, 0xBD, 0xC6, 0x9D, 0xC6, 0x5D, 0xBE,
    0x3C, 0xBE, 0x1C, 0xB6, 0xDB, 0xAD, 0xBB, 0xA5, 0x9A, 0xA5, 0x5A, 0x9D, 0x5A, 0x95, 0x39, 0x95,
    0x39, 0x95, 0x39, 0x95, 0x39, 0x95, 0x5A, 0x95, 0x5A, 0x95, 0x5A, 0x95, 0x7A, 0x95, 0x7A, 0x95,
    0x9A, 0x9D, 0xBB, 0x9D, 0xBB, 0x9D, 0xDB, 0x9D, 0xFB, 0xA5, 0xFB, 0xA5, 0x1C, 0xA6, 0x1C, 0xA6,
    0x1B, 0xA6, 0x1B, 0xA6, 0xFB, 0xA5, 0xDA, 0xA5, 0xBA, 0x9D, 0x99, 0x9D, 0x79, 0x9D, 0x99, 0x9D,
    0xBA, 0x9D, 0xDA, 0x9D, 0xFB, 0xA5, 0xFB, 0xA5, 0x1B, 0xA6, 0x1B, 0xA6, 0xFB, 0xA5, 0xDA, 0xA5,
    0xB9, 0xA5, 0xB9, 0xAD, 0xD8, 0xB5, 0xD8, 0xBD, 0xF8, 0xC5, 0x18, 0xC6, 0x38, 0xC6, 0x38, 0xCE,
    0x38, 0xCE, 0x38, 0xCE, 0x38, 0xD6, 0x38, 0xD6, 0x38, 0xD6, 0x38, 0xD6, 0x37, 0xD6, 0x17, 0xD6,
    0xF7, 0xCD, 0xD7, 0xCD, 0x96, 0xC5, 0x76, 0xBD, 0x36, 0xAD, 0xF5, 0xA4, 0xD5, 0x9C, 0xB4, 0x9C,
    0xB4, 0x9C, 0xF5, 0xA4, 0x15, 0xB5, 0x56, 0xBD, 0x76, 0xC5, 0x96, 0xC5, 0xB6, 0xCD, 0xD6, 0xCD,
    0xD6, 0xCD, 0xF6, 0xD5, 0x17, 0xD6, 0x37, 0xD6, 0x37, 0xDE, 0x57, 0xDE, 0x57, 0xDE, 0x57, 0xDE,
    0x58, 0xDE, 0x58, 0xDE, 0x58, 0xDE, 0x79, 0xDE, 0x7A, 0xDE, 0x9B, 0xD6, 0xBC, 0xD6, 0xBD, 0xD6,
    0xDE, 0xD6, 0xDE, 0xD6, 0xFE, 0xD6, 0xFE, 0xD6, 0xFE, 0xD6, 0xFE, 0xD6, 0xFE, 0xD6, 0xFE, 0xD6,
    0xFE, 0xD6, 0xFE, 0xD6, 0xFE, 0xD6, 0xFE, 0xD6, 0xFE, 0xD6, 0xFE, 0xD6, 0xFE, 0xD6, 0xFE, 0xD6,
    0xFE, 0xD6, 0xFE, 0xD6, 0xFE, 0xD6, 0xFE, 0xD6, 0xFE, 0xDE, 0x1E, 0xDF, 0x1E, 0xDF, 0x3E, 0xDF,
};

const lv_image_dsc_t buddy_family_call = {
    .header = {
        .magic = LV_IMAGE_HEADER_MAGIC,
        .cf = LV_COLOR_FORMAT_RGB565,
        .flags = 0,
        .w = 140,
        .h = 110,
        .stride = 280,
        .reserved_2 = 0,
    },
    .data_size = sizeof(buddy_family_call_map),
    .data = buddy_family_call_map,
    .reserved = NULL,
};
