#include "lvgl.h"

#ifndef LV_ATTRIBUTE_MEM_ALIGN
#define LV_ATTRIBUTE_MEM_ALIGN
#endif

const LV_ATTRIBUTE_MEM_ALIGN uint8_t buddy_bg_day_map[] = {
    0xFC, 0xC6, 0xFC, 0xC6, 0xFC, 0xC6, 0x1C, 0xC7, 0xFC, 0xC6, 0xFC, 0xC6, 0x1C, 0xC7, 0x1C, 0xC7,
    0x1C, 0xC7, 0x1C, 0xC7, 0xFC, 0xC6, 0xFC, 0xC6, 0xFC, 0xC6, 0xFC, 0xC6, 0xFC, 0xC6, 0xFC, 0xC6,
    0x1C, 0xC7, 0x1C, 0xC7, 0xFC, 0xC6, 0xFC, 0xC6, 0xFC, 0xC6, 0xFC, 0xC6, 0xFC, 0xC6, 0xFC, 0xC6,
    0xFC, 0xC6, 0xFC, 0xC6, 0xFC, 0xC6, 0xFC, 0xC6, 0xFC, 0xC6, 0xFC, 0xC6, 0xFC, 0xC6, 0xFC, 0xC6,
    0xFC, 0xC6, 0xFC, 0xC6, 0xFC, 0xC6, 0xFC, 0xC6, 0xFC, 0xC6, 0xFC, 0xC6, 0xFC, 0xC6, 0xFC, 0xC6,
    0x1C, 0xC7, 0xFC, 0xC6, 0xFC, 0xC6, 0xFC, 0xC6, 0xFC, 0xC6, 0xFC, 0xC6, 0xFC, 0xC6, 0xFC, 0xC6,
    0xFC, 0xC6, 0xFC, 0xC6, 0xFC, 0xC6, 0xFC, 0xC6, 0xFC, 0xC6, 0xFC, 0xC6, 0xFC, 0xC6, 0x1C, 0xBF,
    0x1C, 0xBF, 0x1C, 0xBF, 0x1C, 0xBF, 0x1C, 0xBF, 0xFC, 0xBE, 0xFC, 0xBE, 0xFC, 0xBE, 0xFC, 0xBE,
    0xFC, 0xBE, 0xFC, 0xBE, 0xFC, 0xBE, 0xFC, 0xBE, 0xFC, 0xBE, 0xFC, 0xBE, 0xFC, 0xBE, 0xFC, 0xBE,
    0xFC, 0xBE, 0xFC, 0xBE, 0xFC, 0xBE, 0xFC, 0xBE, 0xFC, 0xBE, 0xFC, 0xBE, 0xFC, 0xBE, 0xFC, 0xBE,
    0xFC, 0xBE, 0xFC, 0xBE, 0xFC, 0xBE, 0xFC, 0xBE, 0xFC, 0xBE, 0xFC, 0xBE, 0xFC, 0xBE, 0xFC, 0xBE,
    0xFC, 0xBE, 0xFC, 0xBE, 0xFC, 0xBE, 0xFC, 0xBE, 0xFC, 0xBE, 0xFC, 0xBE, 0xFC, 0xBE, 0xFC, 0xBE,
    0xFC, 0xBE, 0xFC, 0xBE, 0xFC, 0xBE, 0xFC, 0xBE, 0xFC, 0xBE, 0xFC, 0xBE, 0xFC, 0xBE, 0xFC, 0xBE,
    0xFC, 0xBE, 0xFC, 0xBE, 0xFC, 0xBE, 0xFC, 0xBE, 0xFC, 0xBE, 0xFC, 0xBE, 0xFC, 0xBE, 0xFC, 0xBE,
    0xFC, 0xBE, 0xFC, 0xBE, 0xFC, 0xBE, 0xFC, 0xB6, 0xFC, 0xB6, 0xFC, 0xB6, 0xDC, 0xB6, 0xDC, 0xB6,
    0xFB, 0xB6, 0xDC, 0xB6, 0xDC, 0xB6, 0xFC, 0xB6, 0xFC, 0xB6, 0xDC, 0xB6, 0xDC, 0xB6, 0xDC, 0xB6,
    0xDC, 0xB6, 0xDC, 0xB6, 0xDC, 0xB6, 0xDC, 0xB6, 0xDC, 0xB6, 0xDC, 0xB6, 0xDC, 0xB6, 0xFC, 0xB6,
    0xFC, 0xB6, 0xFC, 0xB6, 0xFC, 0xB6, 0xFC, 0xB6, 0xFC, 0xB6, 0xFC, 0xB6, 0xFC, 0xB6, 0xDC, 0xB6,
    0xDC, 0xB6, 0xDC, 0xB6, 0xDC, 0xB6, 0xFC, 0xB6, 0xFC, 0xB6, 0xFC, 0xB6, 0xDC, 0xB6, 0xFC, 0xB6,
    0xFC, 0xB6, 0xFC, 0xB6, 0xDC, 0xB6, 0xDC, 0xB6, 0xDC, 0xB6, 0xDC, 0xB6, 0xDC, 0xB6, 0xDC, 0xB6,
    0xDC, 0xB6, 0xDC, 0xB6, 0xDC, 0xB6, 0xDC, 0xB6, 0xDC, 0xB6, 0xDC, 0xB6, 0xDC, 0xB6, 0xDC, 0xB6,
    0xDC, 0xB6, 0xDC, 0xB6, 0xDC, 0xB6, 0xDC, 0xB6, 0xDC, 0xB6, 0xDC, 0xB6, 0xDC, 0xB6, 0xDC, 0xB6,
    0xDC, 0xB6, 0xDC, 0xB6, 0xDC, 0xB6, 0xDC, 0xB6, 0xDC, 0xB6, 0xDC, 0xB6, 0xDC, 0xB6, 0xDC, 0xB6,
    0xDC, 0xB6, 0xDC, 0xB6, 0xDC, 0xB6, 0xDC, 0xB6, 0xDC, 0xB6, 0xDC, 0xB6, 0xDC, 0xB6, 0xDC, 0xB6,
    0xDC, 0xB6, 0xDC, 0xB6, 0xDC, 0xB6, 0xDC, 0xB6, 0xDC, 0xB6, 0xDC, 0xB6, 0xDC, 0xB6, 0xDC, 0xB6,
    0xDC, 0xB6, 0xDC, 0xB6, 0xDC, 0xB6, 0xDC, 0xB6, 0xDC, 0xB6, 0xDC, 0xB6, 0xDC, 0xB6, 0xDC, 0xB6,
    0xDC, 0xB6, 0xDC, 0xB6, 0xDC, 0xB6, 0xDC, 0xB6, 0xDC, 0xB6, 0xDC, 0xB6, 0xDC, 0xB6, 0xDC, 0xB6,
    0xDC, 0xB6, 0xDC, 0xB6, 0xDC, 0xB6, 0xDC, 0xB6, 0xDC, 0xAE, 0xDC, 0xAE, 0xDC, 0xAE, 0xDC, 0xAE,
    0xDC, 0xAE, 0xDB, 0xAE, 0xDB, 0xAE, 0xDC, 0xAE, 0xDB, 0xAE, 0xDB, 0xAE, 0xDC, 0xAE, 0xDC, 0xAE,
    0xDC, 0xAE, 0xDC, 0xAE, 0xDC, 0xAE, 0xDC, 0xAE, 0xDC, 0xAE, 0xDC, 0xAE, 0xDC, 0xAE, 0xDC, 0xAE,
    0xDB, 0xB6, 0xDB, 0xB6, 0xDB, 0xB6, 0xDB, 0xB6, 0xDB, 0xB6, 0xDC, 0xAE, 0xDC, 0xAE, 0xDC, 0xAE,
    0xDC, 0xAE, 0xDC, 0xAE, 0xDB, 0xAE, 0xDB, 0xAE, 0xBB, 0xAE, 0xBB, 0xAE, 0xBB, 0xAE, 0xDB, 0xAE,
    0xDB, 0xAE, 0xDB, 0xAE, 0xDB, 0xAE, 0xDB, 0xAE, 0xDB, 0xAE, 0xDC, 0xAE, 0xDC, 0xAE, 0xDC, 0xAE,
    0xDC, 0xAE, 0xDB, 0xAE, 0xDC, 0xAE, 0xDC, 0xAE, 0xDB, 0xAE, 0xDB, 0xAE, 0xBB, 0xAE, 0xBB, 0xAE,
    0xBB, 0xAE, 0xBB, 0xAE, 0xBB, 0xAE, 0xDB, 0xAE, 0xDB, 0xAE, 0xDB, 0xAE, 0xDB, 0xAE, 0xDB, 0xAE,
    0xDB, 0xAE, 0xDB, 0xAE, 0xDB, 0xAE, 0xDB, 0xAE, 0xDB, 0xAE, 0xDB, 0xAE, 0xDB, 0xAE, 0xDB, 0xAE,
    0xBB, 0xAE, 0xBB, 0xAE, 0xDB, 0xAE, 0xBB, 0xAE, 0xBB, 0xAE, 0xDB, 0xAE, 0xDB, 0xAE, 0xBB, 0xAE,
    0xBB, 0xAE, 0xBB, 0xAE, 0xBB, 0xAE, 0xBB, 0xAE, 0xBB, 0xAE, 0xBB, 0xAE, 0xBB, 0xAE, 0xBB, 0xAE,
    0xBB, 0xAE, 0xBB, 0xAE, 0xBB, 0xAE, 0xBB, 0xAE, 0xBB, 0xAE, 0xBB, 0xAE, 0xBB, 0xAE, 0xBB, 0xAE,
    0xBB, 0xAE, 0xBB, 0xAE, 0xBB, 0xAE, 0xBB, 0xAE, 0xBB, 0xAE, 0xBB, 0xAE, 0xBB, 0xAE, 0xBB, 0xAE,
    0xFC, 0xC6, 0xFC, 0xC6, 0x1C, 0xC7, 0x1C, 0xC7, 0x1C, 0xC7, 0x1C, 0xC7, 0x1C, 0xC7, 0x1C, 0xC7,
    0x1C, 0xC7, 0x1C, 0xC7, 0x1C, 0xC7, 0x1C, 0xC7, 0xFC, 0xC6, 0xFC, 0xC6, 0xFC, 0xC6, 0xFC, 0xC6,
    0x1C, 0xC7, 0x1C, 0xC7, 0x1C, 0xC7, 0x1C, 0xC7, 0xFC, 0xC6, 0xFC, 0xC6, 0xFC, 0xC6, 0xFC, 0xC6,
    0xFC, 0xC6, 0x1C, 0xC7, 0xFC, 0xC6, 0xFC, 0xC6, 0xFC, 0xC6, 0xFC, 0xC6, 0xFC, 0xC6, 0xFC, 0xC6,
    0xFC, 0xC6, 0xFC, 0xC6, 0xFC, 0xC6, 0xFC, 0xC6, 0xFC, 0xC6, 0xFC, 0xC6, 0xFC, 0xC6, 0xFC, 0xC6,
    0x1C, 0xC7, 0xFC, 0xC6, 0xFC, 0xC6, 0xFC, 0xC6, 0xFC, 0xC6, 0xFC, 0xC6, 0xFC, 0xC6, 0xFC, 0xC6,
    0xFC, 0xC6, 0xFC, 0xC6, 0xFC, 0xC6, 0xFC, 0xC6, 0xFC, 0xC6, 0xFC, 0xC6, 0xFC, 0xC6, 0x1C, 0xBF,
    0x1C, 0xBF, 0x1C, 0xBF, 0x1C, 0xBF, 0x1C, 0xBF, 0xFC, 0xBE, 0xFC, 0xBE, 0xFC, 0xBE, 0xFC, 0xBE,
    0xFC, 0xBE, 0xFC, 0xBE, 0xFC, 0xBE, 0xFC, 0xBE, 0xFC, 0xBE, 0xFC, 0xBE, 0xFC, 0xBE, 0xFC, 0xBE,
    0xFC, 0xBE, 0xFC, 0xBE, 0xFC, 0xBE, 0xFC, 0xBE, 0xFC, 0xBE, 0xFC, 0xBE, 0xFC, 0xBE, 0xFC, 0xBE,
    0xFC, 0xBE, 0xFC, 0xBE, 0xFC, 0xBE, 0xFC, 0xBE, 0xFC, 0xBE, 0xFC, 0xBE, 0xFC, 0xBE, 0xFC, 0xBE,
    0xFC, 0xBE, 0xFC, 0xBE, 0xFC, 0xBE, 0xFC, 0xBE, 0xFC, 0xBE, 0xFC, 0xBE, 0xFC, 0xBE, 0xFC, 0xBE,
    0xFC, 0xBE, 0xFC, 0xBE, 0xFC, 0xBE, 0xFC, 0xBE, 0xFC, 0xBE, 0xFC, 0xBE, 0xFC, 0xBE, 0xFC, 0xBE,
    0xFC, 0xBE, 0xFC, 0xBE, 0xFC, 0xBE, 0xFC, 0xBE, 0xFC, 0xBE, 0xFC, 0xBE, 0xFC, 0xBE, 0xFC, 0xBE,
    0xFC, 0xBE, 0xFC, 0xBE, 0xFC, 0xBE, 0xFC, 0xBE, 0xFC, 0xBE, 0xFC, 0xBE, 0xFC, 0xB6, 0xFC, 0xB6,
    0xFC, 0xBE, 0xDC, 0xB6, 0xDC, 0xB6, 0xFC, 0xB6, 0xFC, 0xB6, 0xDC, 0xB6, 0xDC, 0xB6, 0xDC, 0xB6,
    0xDC, 0xB6, 0xDC, 0xB6, 0xDC, 0xB6, 0xDC, 0xB6, 0xDC, 0xB6, 0xDC, 0xB6, 0xDC, 0xB6, 0xFC, 0xB6,
    0xFC, 0xB6, 0xFC, 0xB6, 0xFC, 0xB6, 0xFC, 0xB6, 0xFC, 0xB6, 0xFC, 0xB6, 0xFC, 0xB6, 0xFC, 0xB6,
    0xFC, 0xB6, 0xDC, 0xB6, 0xDC, 0xB6, 0xDC, 0xB6, 0xDC, 0xB6, 0xDC, 0xB6, 0xDC, 0xB6, 0xDC, 0xB6,
    0xDC, 0xB6, 0xDC, 0xB6, 0xDC, 0xB6, 0xDC, 0xB6, 0xDC, 0xB6, 0xDC, 0xB6, 0xDC, 0xB6, 0xDC, 0xB6,
    0xDC, 0xB6, 0xDC, 0xB6, 0xDC, 0xB6, 0xDC, 0xB6, 0xDC, 0xB6, 0xDC, 0xB6, 0xDC, 0xB6, 0xDC, 0xB6,
    0xDC, 0xB6, 0xDC, 0xB6, 0xDC, 0xB6, 0xDC, 0xB6, 0xDC, 0xB6, 0xDC, 0xB6, 0xDC, 0xB6, 0xDC, 0xB6,
    0xDC, 0xB6, 0xDC, 0xB6, 0xDC, 0xB6, 0xDC, 0xB6, 0xDC, 0xB6, 0xDC, 0xB6, 0xDC, 0xB6, 0xDC, 0xB6,
    0xDC, 0xB6, 0xDC, 0xB6, 0xDC, 0xB6, 0xDC, 0xB6, 0xDC, 0xB6, 0xDC, 0xB6, 0xDC, 0xB6, 0xDC, 0xB6,
    0xDC, 0xB6, 0xDC, 0xB6, 0xDC, 0xB6, 0xDC, 0xB6, 0xDC, 0xB6, 0xDC, 0xB6, 0xDC, 0xB6, 0xDC, 0xB6,
    0xDC, 0xB6, 0xDC, 0xB6, 0xDC, 0xB6, 0xDC, 0xB6, 0xDC, 0xB6, 0xDC, 0xB6, 0xDC, 0xB6, 0xDC, 0xB6,
    0xDC, 0xB6, 0xDC, 0xB6, 0xDC, 0xB6, 0xDC, 0xB6, 0xDC, 0xB6, 0xDC, 0xB6, 0xDC, 0xB6, 0xDC, 0xB6,
    0xDC, 0xB6, 0xDC, 0xB6, 0xDC, 0xB6, 0xDC, 0xB6, 0xDC, 0xB6, 0xDC, 0xB6, 0xDC, 0xB6, 0xDC, 0xB6,
    0xDC, 0xB6, 0xDC, 0xB6, 0xDC, 0xB6, 0xDB, 0xB6, 0xDB, 0xB6, 0xDB, 0xAE, 0xDC, 0xAE, 0xDC, 0xAE,
    0xDC, 0xAE, 0xDC, 0xAE, 0xDC, 0xAE, 0xDC, 0xAE, 0xDC, 0xAE, 0xDC, 0xAE, 0xDC, 0xAE, 0xDC, 0xAE,
    0xDB, 0xB6, 0xDB, 0xB6, 0xDB, 0xB6, 0xDB, 0xB6, 0xDC, 0xB6, 0xDC, 0xAE, 0xDC, 0xAE, 0xDC, 0xAE,
    0xDC, 0xAE, 0xDC, 0xAE, 0xDC, 0xAE, 0xDB, 0xAE, 0xDB, 0xAE, 0xDB, 0xAE, 0xDB, 0xAE, 0xDB, 0xAE,
    0xDC, 0xAE, 0xDC, 0xAE, 0xDC, 0xAE, 0xDC, 0xAE, 0xDB, 0xAE, 0xDC, 0xAE, 0xDC, 0xAE, 0xDC, 0xAE,
    0xDC, 0xAE, 0xDB, 0xAE, 0xDC, 0xAE, 0xDC, 0xAE, 0xDC, 0xAE, 0xDC, 0xAE, 0xBB, 0xAE, 0xBB, 0xAE,
    0xBB, 0xAE, 0xBB, 0xAE, 0xBB, 0xAE, 0xDB, 0xAE, 0xDB, 0xAE, 0xDB, 0xAE, 0xDB, 0xAE, 0xDB, 0xAE,
    0xBB, 0xAE, 0xBB, 0xAE, 0xBB, 0xAE, 0xBB, 0xAE, 0xBB, 0xAE, 0xDB, 0xAE, 0xBB, 0xAE, 0xBB, 0xAE,
    0xDB, 0xAE, 0xBB, 0xAE, 0xDB, 0xAE, 0xDB, 0xAE, 0xDB, 0xAE, 0xDB, 0xAE, 0xDB, 0xAE, 0xBB, 0xAE,
    0xBB, 0xAE, 0xDB, 0xAE, 0xDB, 0xAE, 0xBB, 0xAE, 0xBB, 0xAE, 0xBB, 0xAE, 0xBB, 0xAE, 0xDB, 0xAE,
    0xDB, 0xAE, 0xDB, 0xAE, 0xDB, 0xAE, 0xDB, 0xAE, 0xBB, 0xAE, 0xBB, 0xAE, 0xDB, 0xAE, 0xBB, 0xAE,
    0xBB, 0xAE, 0xDB, 0xAE, 0xDB, 0xAE, 0xBB, 0xAE, 0xBB, 0xAE, 0xBB, 0xAE, 0xBB, 0xAE, 0xBB, 0xAE,
    0x1C, 0xC7, 0x1C, 0xC7, 0x1C, 0xC7, 0x1C, 0xC7, 0x1C, 0xC7, 0x1C, 0xC7, 0x1C, 0xC7, 0x1C, 0xC7,
    0x1C, 0xC7, 0x1C, 0xC7, 0x1C, 0xC7, 0x1C, 0xC7, 0x1C, 0xC7, 0x1C, 0xC7, 0x1C, 0xC7, 0x1C, 0xC7,
    0x1C, 0xC7, 0x1C, 0xC7, 0x1C, 0xC7, 0x1C, 0xC7, 0xFC, 0xC6, 0xFC, 0xC6, 0x1C, 0xC7, 0xFC, 0xC6,
    0xFC, 0xC6, 0x1C, 0xC7, 0x1C, 0xC7, 0x1C, 0xC7, 0x1C, 0xC7, 0x1C, 0xC7, 0xFC, 0xC6, 0xFC, 0xC6,
    0xFC, 0xC6, 0xFC, 0xC6, 0xFC, 0xC6, 0xFC, 0xC6, 0xFC, 0xC6, 0xFC, 0xC6, 0xFC, 0xC6, 0xFC, 0xC6,
    0xFC, 0xC6, 0xFC, 0xC6, 0xFC, 0xC6, 0xFC, 0xC6, 0xFC, 0xC6, 0xFC, 0xC6, 0xFC, 0xC6, 0xFC, 0xC6,
    0xFC, 0xC6, 0xFC, 0xC6, 0x1C, 0xC7, 0xFC, 0xC6, 0xFC, 0xC6, 0xFC, 0xC6, 0xFC, 0xC6, 0xFC, 0xC6,
    0xFC, 0xC6, 0xFC, 0xC6, 0xFC, 0xC6, 0xFC, 0xC6, 0xFC, 0xC6, 0xFC, 0xC6, 0xFC, 0xC6, 0xFC, 0xC6,
    0xFC, 0xC6, 0xFC, 0xBE, 0xFC, 0xBE, 0xFC, 0xBE, 0xFC, 0xBE, 0xFC, 0xBE, 0xFC, 0xBE, 0xFC, 0xBE,
    0xFC, 0xBE, 0xFC, 0xBE, 0xFC, 0xBE, 0xFC, 0xBE, 0xFC, 0xBE, 0xFC, 0xBE, 0xFC, 0xBE, 0xFC, 0xBE,
    0xFC, 0xBE, 0xFC, 0xBE, 0xFC, 0xBE, 0xFC, 0xBE, 0xFC, 0xBE, 0xFC, 0xBE, 0xFC, 0xBE, 0xFC, 0xBE,
    0xFC, 0xBE, 0xFC, 0xBE, 0xFC, 0xBE, 0xFC, 0xBE, 0xFC, 0xBE, 0xFC, 0xBE, 0xFC, 0xBE, 0xFC, 0xBE,
    0xFC, 0xBE, 0xFC, 0xBE, 0xFC, 0xBE, 0xFC, 0xBE, 0xFC, 0xBE, 0xFC, 0xBE, 0xFC, 0xBE, 0xFC, 0xBE,
    0xFC, 0xBE, 0xFC, 0xBE, 0xFC, 0xBE, 0xFC, 0xBE, 0xFC, 0xBE, 0xFC, 0xBE, 0xFC, 0xBE, 0xFC, 0xBE,
    0xFC, 0xBE, 0xFC, 0xBE, 0xFC, 0xBE, 0xFC, 0xBE, 0xFC, 0xBE, 0xFC, 0xBE, 0xFC, 0xBE, 0xFC, 0xBE,
    0xFC, 0xBE, 0xFC, 0xBE, 0xDC, 0xB6, 0xDC, 0xB6, 0xDC, 0xB6, 0xDC, 0xB6, 0xDC, 0xB6, 0xDC, 0xB6,
    0xDC, 0xB6, 0xDC, 0xB6, 0xDC, 0xB6, 0xDC, 0xB6, 0xDC, 0xB6, 0xDC, 0xB6, 0xDC, 0xB6, 0xFC, 0xB6,
    0xFC, 0xB6, 0xFC, 0xB6, 0xFC, 0xB6, 0xFC, 0xB6, 0xFC, 0xB6, 0xFC, 0xB6, 0xFC, 0xB6, 0xFC, 0xB6,
    0xFC, 0xB6, 0xDC, 0xB6, 0xDC, 0xB6, 0xDC, 0xB6, 0xDC, 0xB6, 0xDC, 0xB6, 0xDC, 0xB6, 0xDC, 0xB6,
    0xDC, 0xB6, 0xDC, 0xB6, 0xDC, 0xB6, 0xDC, 0xB6, 0xDC, 0xB6, 0xDC, 0xB6, 0xDC, 0xB6, 0xDC, 0xB6,
    0xDC, 0xB6, 0xDC, 0xB6, 0xDC, 0xB6, 0xDC, 0xB6, 0xDC, 0xB6, 0xDC, 0xB6, 0xDC, 0xB6, 0xDC, 0xB6,
    0xDC, 0xB6, 0xDC, 0xB6, 0xDC, 0xB6, 0xDC, 0xB6, 0xDC, 0xB6, 0xDC, 0xB6, 0xDC, 0xB6, 0xDC, 0xB6,
    0xDC, 0xB6, 0xDC, 0xB6, 0xDC, 0xB6, 0xDC, 0xB6, 0xDC, 0xB6, 0xDC, 0xB6, 0xDC, 0xB6, 0xDC, 0xB6,
    0xDC, 0xB6, 0xDC, 0xB6, 0xDC, 0xB6, 0xDC, 0xB6, 0xDC, 0xB6, 0xDC, 0xB6, 0xDC, 0xB6, 0xDC, 0xB6,
    0xDC, 0xB6, 0xDC, 0xB6, 0xDC, 0xB6, 0xDC, 0xB6, 0xDC, 0xB6, 0xDC, 0xB6, 0xDC, 0xB6, 0xDC, 0xB6,
    0xDC, 0xB6, 0xDC, 0xB6, 0xDC, 0xB6, 0xDC, 0xB6, 0xDC, 0xB6, 0xDC, 0xB6, 0xDC, 0xB6, 0xDC, 0xB6,
    0xDC, 0xB6, 0xDC, 0xB6, 0xDC, 0xB6, 0xDC, 0xB6, 0xDC, 0xB6, 0xDC, 0xB6, 0xDC, 0xB6, 0xDC, 0xB6,
    0xDC, 0xB6, 0xDC, 0xB6, 0xDC, 0xB6, 0xDC, 0xB6, 0xDC, 0xB6, 0xDC, 0xB6, 0xDC, 0xB6, 0xDC, 0xB6,
    0xDC, 0xB6, 0xDC, 0xB6, 0xBC, 0xB6, 0xDC, 0xB6, 0xBC, 0xB6, 0xBC, 0xB6, 0xDC, 0xAE, 0xDC, 0xAE,
    0xDC, 0xAE, 0xDC, 0xAE, 0xDC, 0xAE, 0xDC, 0xAE, 0xDC, 0xAE, 0xDC, 0xAE, 0xDC, 0xAE, 0xDC, 0xAE,
    0xDB, 0xB6, 0xDB, 0xB6, 0xDC, 0xB6, 0xDC, 0xB6, 0xDC, 0xB6, 0xDC, 0xAE, 0xDC, 0xAE, 0xDC, 0xAE,
    0xDC, 0xAE, 0xDC, 0xAE, 0xDC, 0xAE, 0xDC, 0xAE, 0xDC, 0xAE, 0xDC, 0xAE, 0xDC, 0xAE, 0xDC, 0xAE,
    0xDC, 0xAE, 0xDC, 0xAE, 0xDC, 0xAE, 0xDC, 0xAE, 0xDC, 0xAE, 0xDB, 0xAE, 0xDC, 0xAE, 0xDC, 0xAE,
    0xDC, 0xAE, 0xDC, 0xAE, 0xDB, 0xAE, 0xDC, 0xAE, 0xDC, 0xAE, 0xDC, 0xAE, 0xBB, 0xAE, 0xBB, 0xAE,
    0xBB, 0xAE, 0xBB, 0xAE, 0xBB, 0xAE, 0xBB, 0xB6, 0xBB, 0xB6, 0xBB, 0xB6, 0xBB, 0xB6, 0xBB, 0xB6,
    0xBB, 0xB6, 0xBB, 0xB6, 0xBB, 0xB6, 0xBB, 0xB6, 0xBB, 0xB6, 0xBB, 0xAE, 0xBB, 0xAE, 0xBB, 0xAE,
    0xBB, 0xAE, 0xBB, 0xAE, 0xDB, 0xAE, 0xDB, 0xAE, 0xDB, 0xAE, 0xDB, 0xAE, 0xDB, 0xAE, 0xDB, 0xAE,
    0xDB, 0xAE, 0xDB, 0xAE, 0xDB, 0xAE, 0xDB, 0xAE, 0xBB, 0xAE, 0xBB, 0xAE, 0xDB, 0xAE, 0xDB, 0xAE,
    0xDB, 0xAE, 0xDB, 0xAE, 0xDB, 0xAE, 0xDB, 0xAE, 0xDB, 0xAE, 0xDB, 0xAE, 0xDB, 0xAE, 0xDB, 0xAE,
    0xDB, 0xAE, 0xDB, 0xAE, 0xDB, 0xAE, 0xBB, 0xAE, 0xBB, 0xAE, 0xBB, 0xAE, 0xBB, 0xAE, 0xBB, 0xAE,
    0x1C, 0xC7, 0x1C, 0xC7, 0x1C, 0xC7, 0x1C, 0xC7, 0x1C, 0xC7, 0x1C, 0xC7, 0x1C, 0xC7, 0x1C, 0xC7,
    0x1C, 0xC7, 0x1C, 0xC7, 0x1C, 0xC7, 0x1C, 0xC7, 0x1C, 0xC7, 0x1C, 0xC7, 0x1C, 0xC7, 0x1C, 0xC7,
    0x1C, 0xC7, 0x1C, 0xC7, 0x1C, 0xC7, 0x1C, 0xC7, 0xFC, 0xC6, 0xFC, 0xC6, 0xFC, 0xC6, 0xFC, 0xC6,
    0xFC, 0xC6, 0x1C, 0xC7, 0x1C, 0xC7, 0x1C, 0xC7, 0x1C, 0xC7, 0x1C, 0xC7, 0x1C, 0xC7, 0x1C, 0xC7,
    0x1C, 0xC7, 0x1C, 0xC7, 0xFC, 0xC6, 0xFC, 0xC6, 0xFC, 0xC6, 0xFC, 0xC6, 0xFC, 0xC6, 0xFC, 0xC6,
    0xFC, 0xC6, 0xFC, 0xC6, 0xFC, 0xC6, 0xFC, 0xC6, 0xFC, 0xC6, 0xFC, 0xC6, 0xFC, 0xC6, 0xFC, 0xC6,
    0xFC, 0xC6, 0xFC, 0xC6, 0xFC, 0xC6, 0xFC, 0xC6, 0xFC, 0xC6, 0xFC, 0xC6, 0xFC, 0xC6, 0xFC, 0xC6,
    0xFC, 0xC6, 0xFC, 0xC6, 0xFC, 0xC6, 0xFC, 0xC6, 0xFC, 0xC6, 0xFC, 0xC6, 0xFC, 0xBE, 0xFC, 0xBE,
    0xFC, 0xC6, 0xFC, 0xC6, 0xFC, 0xC6, 0xFC, 0xC6, 0xFC, 0xC6, 0xFC, 0xC6, 0xFC, 0xC6, 0xFC, 0xC6,
    0xFC, 0xC6, 0xFC, 0xC6, 0xFC, 0xC6, 0xFC, 0xBE, 0xFC, 0xBE, 0xFC, 0xBE, 0xFC, 0xBE, 0xFC, 0xBE,
    0xFC, 0xBE, 0xFC, 0xBE, 0xFC, 0xBE, 0xFC, 0xBE, 0xFC, 0xBE, 0xFC, 0xBE, 0xFC, 0xBE, 0xFC, 0xBE,
    0xFC, 0xBE, 0xFC, 0xBE, 0xFC, 0xBE, 0xFC, 0xBE, 0xFC, 0xBE, 0xFC, 0xBE, 0xFC, 0xBE, 0xFC, 0xBE,
    0xFC, 0xBE, 0xFC, 0xBE, 0xFC, 0xBE, 0xFC, 0xBE, 0xFC, 0xBE, 0xFC, 0xBE, 0xFC, 0xBE, 0xFC, 0xBE,
    0xFC, 0xBE, 0xFC, 0xBE, 0xFC, 0xBE, 0xFC, 0xBE, 0xFC, 0xBE, 0xFC, 0xBE, 0xFC, 0xBE, 0xFC, 0xBE,
    0xFC, 0xBE, 0xFC, 0xBE, 0xFC, 0xBE, 0xFC, 0xBE, 0xFC, 0xBE, 0xFC, 0xBE, 0xFC, 0xBE, 0xFC, 0xBE,
    0xFC, 0xBE, 0xFC, 0xBE, 0xFC, 0xBE, 0xDC, 0xB6, 0xDC, 0xB6, 0xFC, 0xB6, 0xDC, 0xB6, 0xDC, 0xB6,
    0xDC, 0xB6, 0xDC, 0xB6, 0xDC, 0xB6, 0xDC, 0xB6, 0xDC, 0xB6, 0xDC, 0xB6, 0xDC, 0xB6, 0xDC, 0xB6,
    0xDC, 0xB6, 0xDC, 0xB6, 0xDC, 0xB6, 0xDC, 0xB6, 0xFC, 0xB6, 0xFC, 0xB6, 0xFC, 0xB6, 0xFC, 0xB6,
    0xFC, 0xB6, 0xDC, 0xB6, 0xDC, 0xB6, 0xDC, 0xB6, 0xDC, 0xB6, 0xDC, 0xB6, 0xDC, 0xB6, 0xDC, 0xB6,
    0xDC, 0xB6, 0xDC, 0xB6, 0xDC, 0xB6, 0xDC, 0xB6, 0xDC, 0xB6, 0xDC, 0xB6, 0xDC, 0xB6, 0xDC, 0xB6,
    0xDC, 0xB6, 0xDC, 0xB6, 0xDC, 0xB6, 0xDC, 0xB6, 0xDC, 0xB6, 0xDC, 0xB6, 0xDC, 0xB6, 0xDC, 0xB6,
    0xDC, 0xB6, 0xDC, 0xB6, 0xDC, 0xB6, 0xDC, 0xB6, 0xDC, 0xB6, 0xDC, 0xB6, 0xDC, 0xB6, 0xDC, 0xB6,
    0xDC, 0xB6, 0xDC, 0xB6, 0xDC, 0xB6, 0xDC, 0xB6, 0xDC, 0xB6, 0xDC, 0xB6, 0xDC, 0xB6, 0xDC, 0xB6,
    0xDC, 0xB6, 0xDC, 0xB6, 0xDC, 0xB6, 0xDC, 0xB6, 0xDC, 0xB6, 0xDC, 0xB6, 0xDC, 0xB6, 0xDC, 0xB6,
    0xDC, 0xB6, 0xDC, 0xB6, 0xDC, 0xB6, 0xDC, 0xB6, 0xDC, 0xB6, 0xDC, 0xB6, 0xDC, 0xB6, 0xDC, 0xB6,
    0xDC, 0xB6, 0xDC, 0xB6, 0xDC, 0xB6, 0xDC, 0xB6, 0xDC, 0xB6, 0xDC, 0xB6, 0xDC, 0xB6, 0xDC, 0xB6,
    0xDC, 0xB6, 0xDC, 0xB6, 0xDC, 0xB6, 0xDC, 0xB6, 0xDC, 0xB6, 0xDC, 0xB6, 0xDC, 0xB6, 0xDC, 0xB6,
    0xDC, 0xB6, 0xDC, 0xB6, 0xDC, 0xB6, 0xDC, 0xB6, 0xDC, 0xB6, 0xDC, 0xB6, 0xDC, 0xB6, 0xDC, 0xB6,
    0xDC, 0xB6, 0xDC, 0xB6, 0xDC, 0xB6, 0xDC, 0xB6, 0xDC, 0xB6, 0xDC, 0xB6, 0xDC, 0xB6, 0xDC, 0xB6,
    0xDC, 0xB6, 0xDC, 0xB6, 0xDC, 0xB6, 0xDC, 0xB6, 0xDC, 0xB6, 0xDC, 0xB6, 0xDC, 0xB6, 0xDC, 0xB6,
    0xDB, 0xB6, 0xDB, 0xB6, 0xDB, 0xB6, 0xDB, 0xB6, 0xDB, 0xB6, 0xDC, 0xB6, 0xDC, 0xB6, 0xDC, 0xB6,
    0xDC, 0xB6, 0xDC, 0xB6, 0xDC, 0xB6, 0xDC, 0xB6, 0xDC, 0xB6, 0xDC, 0xB6, 0xDC, 0xB6, 0xDC, 0xAE,
    0xDC, 0xAE, 0xDC, 0xAE, 0xDC, 0xAE, 0xDC, 0xAE, 0xDC, 0xAE, 0xDC, 0xAE, 0xDC, 0xAE, 0xDC, 0xAE,
    0xDC, 0xAE, 0xDC, 0xAE, 0xDB, 0xAE, 0xDC, 0xAE, 0xDC, 0xAE, 0xDB, 0xAE, 0xBB, 0xAE, 0xDC, 0xB6,
    0xBB, 0xAE, 0xBB, 0xAE, 0xBB, 0xAE, 0xBB, 0xAE, 0xBB, 0xAE, 0xBB, 0xAE, 0xBB, 0xAE, 0xBB, 0xAE,
    0xBB, 0xAE, 0xBB, 0xAE, 0xBB, 0xAE, 0xBB, 0xAE, 0xBB, 0xAE, 0xBB, 0xAE, 0xBB, 0xAE, 0xBB, 0xAE,
    0xBB, 0xAE, 0xBB, 0xAE, 0xBB, 0xAE, 0xBB, 0xAE, 0xBB, 0xAE, 0xBB, 0xAE, 0xBB, 0xAE, 0xBB, 0xAE,
    0xBB, 0xAE, 0xBB, 0xAE, 0xBB, 0xAE, 0xBB, 0xAE, 0xBB, 0xAE, 0xBB, 0xAE, 0xBB, 0xAE, 0xBB, 0xAE,
    0xBB, 0xAE, 0xBB, 0xAE, 0xBB, 0xAE, 0xBB, 0xAE, 0xBB, 0xAE, 0xBB, 0xAE, 0xBB, 0xAE, 0xBB, 0xAE,
    0xBB, 0xAE, 0xBB, 0xAE, 0xBB, 0xAE, 0xDB, 0xAE, 0xBB, 0xAE, 0xBB, 0xAE, 0xBB, 0xAE, 0xBB, 0xAE,
    0xFC, 0xC6, 0xFC, 0xC6, 0xFC, 0xC6, 0xFC, 0xC6, 0xFC, 0xC6, 0x1C, 0xC7, 0x1C, 0xC7, 0x1C, 0xC7,
    0x1C, 0xC7, 0x1C, 0xC7, 0x1C, 0xC7, 0x1C, 0xC7, 0x1C, 0xC7, 0x1C, 0xC7, 0x1C, 0xC7, 0x1C, 0xC7,
    0x1C, 0xC7, 0x1C, 0xC7, 0x1C, 0xC7, 0x1C, 0xC7, 0xFC, 0xC6, 0xFC, 0xC6, 0xFC, 0xC6, 0xFC, 0xC6,
    0xFC, 0xC6, 0x1C, 0xC7, 0x1C, 0xC7, 0x1C, 0xC7, 0x1C, 0xC7, 0x1C, 0xC7, 0xFC, 0xC6, 0xFC, 0xC6,
    0x1C, 0xC7, 0x1C, 0xC7, 0xFC, 0xC6, 0x1C, 0xC7, 0xFC, 0xC6, 0xFC, 0xC6, 0xFC, 0xC6, 0xFC, 0xC6,
    0xFC, 0xC6, 0xFC, 0xC6, 0xFC, 0xC6, 0xFC, 0xC6, 0xFC, 0xC6, 0xFC, 0xC6, 0xFC, 0xC6, 0xFC, 0xC6,
    0xFC, 0xC6, 0xFC, 0xC6, 0xFC, 0xC6, 0xFC, 0xC6, 0xFC, 0xC6, 0xFC, 0xC6, 0xFC, 0xC6, 0xFC, 0xC6,
    0xFC, 0xC6, 0xFC, 0xC6, 0xFC, 0xC6, 0xFC, 0xC6, 0xFC, 0xC6, 0xFC, 0xC6, 0xFC, 0xC6, 0xFC, 0xC6,
    0xFC, 0xC6, 0xFC, 0xC6, 0xFC, 0xC6, 0xFC, 0xC6, 0xFC, 0xC6, 0xFC, 0xC6, 0xFC, 0xC6, 0xFC, 0xC6,
    0xFC, 0xC6, 0xFC, 0xC6, 0xFC, 0xC6, 0xFC, 0xBE, 0xFC, 0xBE, 0xFC, 0xBE, 0xFC, 0xBE, 0xFC, 0xBE,
    0xFC, 0xBE, 0xFC, 0xBE, 0xFC, 0xBE, 0xFC, 0xBE, 0xFC, 0xBE, 0xFC, 0xBE, 0xFC, 0xBE, 0xFC, 0xBE,
    0xFC, 0xBE, 0xFC, 0xBE, 0xFC, 0xBE, 0xFC, 0xBE, 0xFC, 0xBE, 0xFC, 0xBE, 0xFC, 0xBE, 0xFC, 0xBE,
    0xFC, 0xBE, 0xFC, 0xBE, 0xFC, 0xBE, 0xFC, 0xBE, 0xFC, 0xBE, 0xFC, 0xBE, 0xFC, 0xBE, 0xFC, 0xBE,
    0xFC, 0xBE, 0xFC, 0xBE, 0xFC, 0xBE, 0xFC, 0xBE, 0xFC, 0xBE, 0xFC, 0xBE, 0xFC, 0xBE, 0xFC, 0xBE,
    0xFC, 0xBE, 0xFC, 0xBE, 0xFC, 0xBE, 0xFC, 0xBE, 0xFC, 0xBE, 0xFC, 0xBE, 0xFC, 0xBE, 0xFC, 0xBE,
    0xFC, 0xBE, 0xFC, 0xBE, 0xFC, 0xBE, 0xFC, 0xBE, 0xDC, 0xB6, 0xFC, 0xB6, 0xFC, 0xB6, 0xDC, 0xB6,
    0xDC, 0xB6, 0xDC, 0xB6, 0xDC, 0xB6, 0xDC, 0xB6, 0xDC, 0xB6, 0xDC, 0xB6, 0xDC, 0xB6, 0xDC, 0xB6,
    0xDC, 0xB6, 0xDC, 0xB6, 0xDC, 0xB6, 0xDC, 0xB6, 0xFC, 0xB6, 0xFC, 0xB6, 0xFC, 0xB6, 0xFC, 0xB6,
    0xFC, 0xB6, 0xDC, 0xB6, 0xDC, 0xB6, 0xDC, 0xB6, 0xDC, 0xB6, 0xDC, 0xB6, 0xDC, 0xB6, 0xDC, 0xB6,
    0xDC, 0xB6, 0xDC, 0xBE, 0xFC, 0xB6, 0xFC, 0xB6, 0xFC, 0xB6, 0xDC, 0xB6, 0xDC, 0xB6, 0xDC, 0xB6,
    0xDC, 0xB6, 0xDC, 0xB6, 0xDC, 0xB6, 0xDC, 0xB6, 0xDC, 0xB6, 0xDC, 0xB6, 0xDC, 0xB6, 0xDC, 0xB6,
    0xDC, 0xB6, 0xDC, 0xB6, 0xDC, 0xB6, 0xDC, 0xB6, 0xDC, 0xB6, 0xDC, 0xB6, 0xDC, 0xB6, 0xDC, 0xB6,
    0xDC, 0xB6, 0xDC, 0xB6, 0xDC, 0xB6, 0xDC, 0xB6, 0xDC, 0xB6, 0xDC, 0xB6, 0xDC, 0xB6, 0xDC, 0xB6,
    0xDC, 0xB6, 0xDC, 0xB6, 0xDC, 0xB6, 0xDC, 0xB6, 0xDC, 0xB6, 0xDC, 0xB6, 0xDC, 0xB6, 0xDC, 0xB6,
    0xDC, 0xB6, 0xDC, 0xB6, 0xDC, 0xB6, 0xDC, 0xB6, 0xDC, 0xB6, 0xDC, 0xB6, 0xDC, 0xB6, 0xDC, 0xB6,
    0xDC, 0xB6, 0xDC, 0xB6, 0xDC, 0xB6, 0xDC, 0xB6, 0xDC, 0xB6, 0xDC, 0xB6, 0xDC, 0xB6, 0xDC, 0xB6,
    0xDC, 0xB6, 0xDC, 0xB6, 0xDC, 0xB6, 0xDC, 0xB6, 0xDC, 0xB6, 0xDC, 0xB6, 0xDC, 0xB6, 0xDC, 0xB6,
    0xDC, 0xB6, 0xDC, 0xB6, 0xDC, 0xB6, 0xDC, 0xB6, 0xDC, 0xB6, 0xDC, 0xB6, 0xDC, 0xB6, 0xDC, 0xB6,
    0xDC, 0xB6, 0xDC, 0xB6, 0xDC, 0xB6, 0xDC, 0xB6, 0xDC, 0xB6, 0xDC, 0xB6, 0xDC, 0xB6, 0xDC, 0xB6,
    0xDC, 0xB6, 0xDC, 0xB6, 0xDC, 0xB6, 0xDC, 0xB6, 0xDC, 0xB6, 0xDC, 0xB6, 0xDC, 0xB6, 0xDC, 0xB6,
    0xDB, 0xB6, 0xDB, 0xB6, 0xDB, 0xB6, 0xDB, 0xB6, 0xDB, 0xB6, 0xDC, 0xB6, 0xDC, 0xB6, 0xDC, 0xB6,
    0xDC, 0xB6, 0xDC, 0xB6, 0xDC, 0xB6, 0xDC, 0xB6, 0xDC, 0xB6, 0xDC, 0xB6, 0xDC, 0xB6, 0xDC, 0xAE,
    0xDC, 0xAE, 0xDC, 0xAE, 0xDC, 0xAE, 0xDC, 0xAE, 0xDC, 0xAE, 0xDC, 0xAE, 0xDC, 0xAE, 0xDC, 0xAE,
    0xDC, 0xAE, 0xDC, 0xAE, 0xDC, 0xAE, 0xDC, 0xAE, 0xDC, 0xAE, 0xDB, 0xAE, 0xBB, 0xAE, 0xDC, 0xB6,
    0xDC, 0xB6, 0xDC, 0xB6, 0xDC, 0xB6, 0xDC, 0xAE, 0xDC, 0xAE, 0xDB, 0xAE, 0xDB, 0xAE, 0xDC, 0xAE,
    0xDB, 0xAE, 0xDB, 0xAE, 0xBB, 0xAE, 0xBB, 0xAE, 0xBB, 0xAE, 0xBB, 0xAE, 0xBB, 0xAE, 0xBB, 0xAE,
    0xBB, 0xAE, 0xBB, 0xAE, 0xBB, 0xAE, 0xBB, 0xAE, 0xBB, 0xAE, 0xBB, 0xAE, 0xBB, 0xAE, 0xBB, 0xB6,
    0xBB, 0xB6, 0xBB, 0xB6, 0xBB, 0xB6, 0xBB, 0xB6, 0xBB, 0xAE, 0xBB, 0xAE, 0xBB, 0xAE, 0xBB, 0xAE,
    0xBB, 0xAE, 0xBB, 0xAE, 0xBB, 0xAE, 0xBB, 0xAE, 0xBB, 0xAE, 0xBB, 0xAE, 0xBB, 0xAE, 0xBB, 0xAE,
    0xBB, 0xAE, 0xBB, 0xAE, 0xBB, 0xAE, 0xDB, 0xAE, 0xBB, 0xAE, 0xBB, 0xAE, 0xBB, 0xAE, 0xBB, 0xAE,
    0xFC, 0xC6, 0xFC, 0xC6, 0xFC, 0xC6, 0xFC, 0xC6, 0xFC, 0xC6, 0x1C, 0xC7, 0x1C, 0xC7, 0xFC, 0xC6,
    0xFC, 0xC6, 0x1C, 0xC7, 0x1C, 0xC7, 0x1C, 0xC7, 0xFC, 0xC6, 0x1C, 0xC7, 0x1C, 0xC7, 0x1C, 0xC7,
    0x1C, 0xC7, 0x1C, 0xC7, 0x1C, 0xC7, 0x1C, 0xC7, 0xFC, 0xC6, 0xFC, 0xC6, 0xFC, 0xC6, 0xFC, 0xC6,
    0xFC, 0xC6, 0xFC, 0xC6, 0xFC, 0xC6, 0xFC, 0xC6, 0xFC, 0xC6, 0xFC, 0xC6, 0xFC, 0xC6, 0xFC, 0xC6,
    0xFC, 0xC6, 0xFC, 0xC6, 0xFC, 0xC6, 0xFC, 0xC6, 0xFC, 0xC6, 0xFC, 0xC6, 0xFC, 0xC6, 0xFC, 0xC6,
    0xFC, 0xC6, 0xFC, 0xC6, 0xFC, 0xC6, 0xFC, 0xC6, 0xFC, 0xC6, 0x1C, 0xC7, 0x1C, 0xC7, 0xFC, 0xC6,
    0xFC, 0xC6, 0xFC, 0xC6, 0xFC, 0xC6, 0xFC, 0xC6, 0xFC, 0xC6, 0xFC, 0xC6, 0xFC, 0xC6, 0xFC, 0xC6,
    0xFC, 0xC6, 0xFC, 0xC6, 0xFC, 0xC6, 0xFC, 0xC6, 0xFC, 0xC6, 0xFC, 0xC6, 0xFC, 0xC6, 0xFC, 0xC6,
    0xFC, 0xC6, 0xFC, 0xBE, 0xFC, 0xBE, 0xFC, 0xBE, 0xFC, 0xBE, 0xFC, 0xBE, 0xFC, 0xBE, 0xFC, 0xBE,
    0xFC, 0xBE, 0xFC, 0xBE, 0xFC, 0xBE, 0xFC, 0xC6, 0xFC, 0xC6, 0xFC, 0xC6, 0xFC, 0xC6, 0xFC, 0xC6,
    0xFC, 0xBE, 0xFC, 0xBE, 0xFC, 0xBE, 0xFC, 0xBE, 0xFC, 0xBE, 0xFC, 0xBE, 0xFC, 0xBE, 0xFC, 0xBE,
    0xFC, 0xBE, 0xFC, 0xBE, 0xFC, 0xBE, 0xFC, 0xBE, 0xFC, 0xBE, 0xFC, 0xBE, 0xFC, 0xBE, 0xFC, 0xBE,
    0xFC, 0xBE, 0xFC, 0xBE, 0xFC, 0xBE, 0xFC, 0xBE, 0xFC, 0xBE, 0xFC, 0xBE, 0xFC, 0xBE, 0xFC, 0xBE,
    0xFC, 0xBE, 0xFC, 0xBE, 0xFC, 0xBE, 0xFC, 0xBE, 0xFC, 0xBE, 0xFC, 0xBE, 0xFC, 0xBE, 0xFC, 0xBE,
    0xFC, 0xBE, 0xFC, 0xBE, 0xFC, 0xBE, 0xFC, 0xBE, 0xFC, 0xBE, 0xFC, 0xBE, 0xFC, 0xBE, 0xFC, 0xBE,
    0xFC, 0xBE, 0xFC, 0xBE, 0xFC, 0xBE, 0xFC, 0xBE, 0xFC, 0xBE, 0xDC, 0xB6, 0xDC, 0xB6, 0xDC, 0xB6,
    0xDC, 0xB6, 0xDC, 0xB6, 0xDC, 0xB6, 0xDC, 0xB6, 0xDC, 0xB6, 0xDC, 0xB6, 0xDC, 0xB6, 0xDC, 0xB6,
    0xDC, 0xB6, 0xDC, 0xB6, 0xDC, 0xB6, 0xDC, 0xB6, 0xFC, 0xB6, 0xFC, 0xB6, 0xFC, 0xB6, 0xFC, 0xB6,
    0xFC, 0xB6, 0xFC, 0xB6, 0xFC, 0xB6, 0xFC, 0xB6, 0xFC, 0xB6, 0xFC, 0xB6, 0xFC, 0xB6, 0xFC, 0xB6,
    0xFC, 0xB6, 0xFC, 0xB6, 0xFC, 0xB6, 0xFC, 0xB6, 0xFC, 0xB6, 0xFC, 0xB6, 0xFC, 0xB6, 0xFC, 0xB6,
    0xFC, 0xB6, 0xFC, 0xB6, 0xDC, 0xB6, 0xDC, 0xB6, 0xDC, 0xB6, 0xDC, 0xB6, 0xDC, 0xB6, 0xDC, 0xB6,
    0xDC, 0xB6, 0xDC, 0xB6, 0xDC, 0xB6, 0xDC, 0xB6, 0xDC, 0xB6, 0xDC, 0xB6, 0xDC, 0xB6, 0xDC, 0xB6,
    0xDC, 0xB6, 0xDC, 0xB6, 0xDC, 0xB6, 0xDC, 0xB6, 0xDC, 0xB6, 0xDC, 0xB6, 0xDC, 0xB6, 0xDC, 0xB6,
    0xDC, 0xB6, 0xDC, 0xB6, 0xDC, 0xB6, 0xDC, 0xB6, 0xDC, 0xB6, 0xDC, 0xB6, 0xDC, 0xB6, 0xDC, 0xB6,
    0xDC, 0xB6, 0xDC, 0xB6, 0xDC, 0xB6, 0xDC, 0xB6, 0xDC, 0xB6, 0xDC, 0xB6, 0xDC, 0xB6, 0xDC, 0xB6,
    0xDC, 0xB6, 0xDC, 0xB6, 0xDC, 0xB6, 0xDC, 0xB6, 0xDC, 0xB6, 0xDC, 0xB6, 0xDC, 0xB6, 0xDC, 0xB6,
    0xDC, 0xB6, 0xDC, 0xB6, 0xDC, 0xB6, 0xDC, 0xB6, 0xDC, 0xB6, 0xDC, 0xB6, 0xDC, 0xB6, 0xDC, 0xB6,
    0xDC, 0xB6, 0xDC, 0xB6, 0xDC, 0xB6, 0xDC, 0xB6, 0xDC, 0xB6, 0xDC, 0xB6, 0xDC, 0xB6, 0xDC, 0xB6,
    0xDC, 0xB6, 0xDC, 0xB6, 0xDC, 0xB6, 0xDC, 0xB6, 0xDC, 0xB6, 0xDC, 0xB6, 0xDC, 0xB6, 0xDC, 0xB6,
    0xDC, 0xB6, 0xDC, 0xB6, 0xDC, 0xB6, 0xDC, 0xB6, 0xDC, 0xB6, 0xDC, 0xB6, 0xDC, 0xB6, 0xDC, 0xB6,
    0xDC, 0xAE, 0xDC, 0xAE, 0xDC, 0xAE, 0xDC, 0xAE, 0xDC, 0xAE, 0xDC, 0xB6, 0xDC, 0xB6, 0xDC, 0xB6,
    0xDC, 0xB6, 0xDC, 0xB6, 0xDC, 0xB6, 0xDC, 0xB6, 0xDC, 0xB6, 0xDC, 0xB6, 0xDC, 0xB6, 0xDC, 0xAE,
    0xDC, 0xAE, 0xDC, 0xAE, 0xDC, 0xAE, 0xDC, 0xAE, 0xDC, 0xAE, 0xDC, 0xAE, 0xDC, 0xAE, 0xDC, 0xAE,
    0xDC, 0xAE, 0xDC, 0xAE, 0xDC, 0xAE, 0xDC, 0xAE, 0xDC, 0xAE, 0xDC, 0xAE, 0xDC, 0xAE, 0xDC, 0xAE,
    0xDC, 0xAE, 0xDC, 0xAE, 0xDC, 0xAE, 0xDB, 0xB6, 0xDB, 0xB6, 0xDB, 0xB6, 0xDB, 0xB6, 0xDB, 0xB6,
    0xDC, 0xB6, 0xBB, 0xAE, 0xBB, 0xAE, 0xBB, 0xAE, 0xBB, 0xAE, 0xDC, 0xB6, 0xDC, 0xB6, 0xBB, 0xAE,
    0xBB, 0xAE, 0xBB, 0xAE, 0xBB, 0xAE, 0xBB, 0xAE, 0xBB, 0xAE, 0xBB, 0xAE, 0xBB, 0xAE, 0xBB, 0xAE,
    0xBB, 0xAE, 0xBB, 0xAE, 0xBB, 0xAE, 0xBB, 0xAE, 0xBB, 0xAE, 0xBB, 0xAE, 0xBB, 0xAE, 0xBB, 0xAE,
    0xBB, 0xAE, 0xBB, 0xAE, 0xBB, 0xAE, 0xBB, 0xAE, 0xBB, 0xAE, 0xBB, 0xAE, 0xBB, 0xAE, 0xBB, 0xAE,
    0xBB, 0xAE, 0xBB, 0xAE, 0xBB, 0xAE, 0xBB, 0xAE, 0xBB, 0xAE, 0xBB, 0xAE, 0xBB, 0xAE, 0xBB, 0xAE,
    0xFC, 0xC6, 0xFC, 0xC6, 0xFC, 0xC6, 0xFC, 0xC6, 0xFC, 0xC6, 0x1C, 0xC7, 0x1C, 0xC7, 0xFC, 0xC6,
    0xFC, 0xC6, 0x1C, 0xC7, 0x1C, 0xC7, 0x1C, 0xC7, 0x1C, 0xC7, 0x1C, 0xC7, 0x1C, 0xC7, 0x1C, 0xC7,
    0x1C, 0xC7, 0x1C, 0xC7, 0xFC, 0xC6, 0xFC, 0xC6, 0xFC, 0xC6, 0xFC, 0xC6, 0xFC, 0xC6, 0xFC, 0xC6,
    0xFC, 0xC6, 0xFC, 0xC6, 0xFC, 0xC6, 0xFC, 0xC6, 0xFC, 0xC6, 0xFC, 0xC6, 0xFC, 0xC6, 0xFC, 0xC6,
    0xFC, 0xC6, 0xFC, 0xC6, 0xFC, 0xC6, 0xFC, 0xC6, 0xFC, 0xC6, 0xFC, 0xC6, 0xFC, 0xC6, 0xFC, 0xC6,
    0xFC, 0xC6, 0xFC, 0xC6, 0xFC, 0xC6, 0xFC, 0xC6, 0xFC, 0xC6, 0xFC, 0xC6, 0xFC, 0xC6, 0xFC, 0xC6,
    0xFC, 0xC6, 0xFC, 0xC6, 0xFC, 0xC6, 0xFC, 0xC6, 0xFC, 0xC6, 0xFC, 0xC6, 0xFC, 0xC6, 0xFC, 0xC6,
    0xFC, 0xC6, 0xFC, 0xC6, 0xFC, 0xC6, 0xFC, 0xC6, 0xFC, 0xC6, 0xFC, 0xC6, 0xFC, 0xC6, 0xFC, 0xC6,
    0xFC, 0xC6, 0xFC, 0xBE, 0xFC, 0xBE, 0xFC, 0xC6, 0xFC, 0xC6, 0xFC, 0xC6, 0xFC, 0xBE, 0xFC, 0xBE,
    0xFC, 0xBE, 0xFC, 0xBE, 0xFC, 0xBE, 0xFC, 0xBE, 0xFC, 0xBE, 0xFC, 0xBE, 0xFC, 0xBE, 0xFC, 0xBE,
    0xFC, 0xC6, 0xFC, 0xC6, 0xFC, 0xC6, 0xFC, 0xBE, 0xFC, 0xBE, 0xFC, 0xBE, 0xFC, 0xBE, 0xFC, 0xBE,
    0xFC, 0xBE, 0xFC, 0xBE, 0xFC, 0xBE, 0xFC, 0xBE, 0xFC, 0xBE, 0xFC, 0xBE, 0xFC, 0xBE, 0xFC, 0xBE,
    0xFC, 0xBE, 0xFC, 0xBE, 0xFC, 0xBE, 0xFC, 0xBE, 0xFC, 0xBE, 0xFC, 0xBE, 0xFC, 0xBE, 0xFC, 0xBE,
    0xFC, 0xBE, 0xFC, 0xBE, 0xFC, 0xBE, 0xFC, 0xBE, 0xFC, 0xBE, 0xFC, 0xBE, 0xFC, 0xBE, 0xFC, 0xBE,
    0xFC, 0xBE, 0xFC, 0xBE, 0xFC, 0xBE, 0xFC, 0xBE, 0xFC, 0xBE, 0xFC, 0xBE, 0xFC, 0xBE, 0xFC, 0xBE,
    0xFC, 0xBE, 0xFC, 0xBE, 0xFC, 0xBE, 0xFC, 0xBE, 0xFC, 0xBE, 0xFC, 0xB6, 0xFC, 0xB6, 0xFC, 0xB6,
    0xFC, 0xB6, 0xFC, 0xB6, 0xFC, 0xB6, 0xFC, 0xB6, 0xFC, 0xB6, 0xFC, 0xB6, 0xFC, 0xB6, 0xDC, 0xB6,
    0xDC, 0xB6, 0xDC, 0xB6, 0xDC, 0xB6, 0xDC, 0xB6, 0xFC, 0xB6, 0xFC, 0xB6, 0xFC, 0xB6, 0xFC, 0xB6,
    0xFC, 0xB6, 0xFC, 0xB6, 0xFC, 0xB6, 0xFC, 0xB6, 0xFC, 0xB6, 0xFC, 0xB6, 0xFC, 0xB6, 0xFC, 0xB6,
    0xFC, 0xB6, 0xFC, 0xB6, 0xFC, 0xB6, 0xFC, 0xB6, 0xFC, 0xB6, 0xFC, 0xB6, 0xFC, 0xB6, 0xFC, 0xB6,
    0xFC, 0xB6, 0xFC, 0xB6, 0xFC, 0xB6, 0xFC, 0xB6, 0xDC, 0xB6, 0xDC, 0xB6, 0xDC, 0xB6, 0xDC, 0xB6,
    0xDC, 0xB6, 0xDC, 0xB6, 0xDC, 0xB6, 0xDC, 0xB6, 0xDC, 0xB6, 0xDC, 0xB6, 0xDC, 0xB6, 0xDC, 0xB6,
    0xDC, 0xB6, 0xDC, 0xB6, 0xDC, 0xB6, 0xDC, 0xB6, 0xDC, 0xB6, 0xDC, 0xB6, 0xDC, 0xB6, 0xDC, 0xB6,
    0xDC, 0xB6, 0xDC, 0xB6, 0xDC, 0xB6, 0xDC, 0xB6, 0xDC, 0xB6, 0xDC, 0xB6, 0xDC, 0xB6, 0xDC, 0xB6,
    0xDC, 0xB6, 0xDC, 0xB6, 0xDC, 0xB6, 0xDC, 0xB6, 0xDC, 0xB6, 0xDC, 0xB6, 0xDC, 0xB6, 0xDC, 0xB6,
    0xDC, 0xB6, 0xDC, 0xB6, 0xDC, 0xB6, 0xDC, 0xB6, 0xDC, 0xB6, 0xDC, 0xB6, 0xDC, 0xB6, 0xDC, 0xB6,
    0xDC, 0xB6, 0xDC, 0xB6, 0xDC, 0xB6, 0xDC, 0xB6, 0xDC, 0xB6, 0xDC, 0xB6, 0xDC, 0xB6, 0xDC, 0xB6,
    0xDC, 0xB6, 0xDC, 0xB6, 0xBC, 0xB6, 0xBC, 0xB6, 0xDC, 0xB6, 0xDC, 0xB6, 0xDC, 0xB6, 0xDC, 0xB6,
    0xDC, 0xB6, 0xDC, 0xB6, 0xDC, 0xB6, 0xDC, 0xB6, 0xDC, 0xB6, 0xDC, 0xB6, 0xDC, 0xB6, 0xDC, 0xB6,
    0xDC, 0xB6, 0xDC, 0xB6, 0xDC, 0xB6, 0xDC, 0xB6, 0xDC, 0xB6, 0xDC, 0xB6, 0xDC, 0xB6, 0xDC, 0xB6,
    0xDC, 0xB6, 0xDC, 0xB6, 0xDC, 0xB6, 0xDC, 0xB6, 0xDC, 0xB6, 0xDC, 0xB6, 0xDC, 0xB6, 0xDC, 0xB6,
    0xDC, 0xB6, 0xDC, 0xB6, 0xDC, 0xB6, 0xDC, 0xB6, 0xDC, 0xB6, 0xDC, 0xB6, 0xDC, 0xB6, 0xDC, 0xAE,
    0xDC, 0xAE, 0xDC, 0xAE, 0xDC, 0xAE, 0xDC, 0xAE, 0xDC, 0xAE, 0xDC, 0xAE, 0xDC, 0xAE, 0xDC, 0xAE,
    0xDC, 0xAE, 0xDC, 0xAE, 0xDC, 0xAE, 0xDC, 0xAE, 0xDC, 0xAE, 0xDC, 0xAE, 0xDC, 0xAE, 0xDC, 0xAE,
    0xDC, 0xAE, 0xDC, 0xAE, 0xDC, 0xAE, 0xDB, 0xB6, 0xDB, 0xB6, 0xDB, 0xB6, 0xDB, 0xB6, 0xDB, 0xB6,
    0xDC, 0xB6, 0xDC, 0xB6, 0xDC, 0xB6, 0xBB, 0xAE, 0xBB, 0xAE, 0xDC, 0xB6, 0xDC, 0xB6, 0xBB, 0xAE,
    0xBB, 0xAE, 0xBB, 0xAE, 0xBB, 0xAE, 0xBB, 0xAE, 0xDC, 0xB6, 0xBB, 0xAE, 0xBB, 0xAE, 0xDC, 0xB6,
    0xDC, 0xB6, 0xBB, 0xAE, 0xBB, 0xAE, 0xBB, 0xAE, 0xBB, 0xAE, 0xBB, 0xAE, 0xBB, 0xAE, 0xBB, 0xAE,
    0xBB, 0xAE, 0xBB, 0xAE, 0xBB, 0xAE, 0xBB, 0xAE, 0xBB, 0xAE, 0xBB, 0xAE, 0xBB, 0xAE, 0xBB, 0xAE,
    0xBB, 0xAE, 0xBB, 0xAE, 0xBB, 0xAE, 0xBB, 0xAE, 0xBB, 0xAE, 0xBB, 0xAE, 0xBB, 0xAE, 0xBB, 0xAE,
    0xFC, 0xC6, 0xFC, 0xC6, 0xFC, 0xC6, 0xFC, 0xC6, 0xFC, 0xC6, 0xFC, 0xC6, 0xFC, 0xC6, 0xFC, 0xC6,
    0x1C, 0xC7, 0x1C, 0xC7, 0x1C, 0xC7, 0x1C, 0xC7, 0x1C, 0xC7, 0x1C, 0xC7, 0x1C, 0xC7, 0x1C, 0xC7,
    0x1C, 0xC7, 0xFC, 0xC6, 0xFC, 0xC6, 0xFC, 0xC6, 0xFC, 0xC6, 0xFC, 0xC6, 0xFC, 0xC6, 0xFC, 0xC6,
    0xFC, 0xC6, 0xFC, 0xC6, 0xFC, 0xC6, 0xFC, 0xC6, 0xFC, 0xC6, 0xFC, 0xC6, 0xFC, 0xC6, 0xFC, 0xC6,
    0xFC, 0xC6, 0xFC, 0xC6, 0xFC, 0xC6, 0xFC, 0xC6, 0xFC, 0xC6, 0xFC, 0xC6, 0xFC, 0xC6, 0xFC, 0xC6,
    0xFC, 0xC6, 0xFC, 0xC6, 0xFC, 0xC6, 0xFC, 0xC6, 0xFC, 0xC6, 0xFC, 0xC6, 0xFC, 0xC6, 0x1C, 0xC7,
    0xFC, 0xC6, 0xFC, 0xC6, 0xFC, 0xC6, 0xFC, 0xC6, 0xFC, 0xC6, 0xFC, 0xC6, 0xFC, 0xC6, 0xFC, 0xC6,
    0xFC, 0xC6, 0xFC, 0xC6, 0xFC, 0xC6, 0xFC, 0xC6, 0xFC, 0xC6, 0xFC, 0xC6, 0xFC, 0xC6, 0xFC, 0xC6,
    0xFC, 0xC6, 0xFC, 0xBE, 0xFC, 0xBE, 0xFC, 0xC6, 0xFC, 0xC6, 0xFC, 0xC6, 0xFC, 0xBE, 0xFC, 0xBE,
    0xFC, 0xBE, 0xFC, 0xBE, 0xFC, 0xBE, 0xFC, 0xBE, 0xFC, 0xBE, 0xFC, 0xBE, 0xFC, 0xBE, 0xFC, 0xBE,
    0xFC, 0xBE, 0xFC, 0xBE, 0xFC, 0xBE, 0xFC, 0xBE, 0xFC, 0xBE, 0xFC, 0xBE, 0xFC, 0xBE, 0xFC, 0xBE,
    0xFC, 0xBE, 0xFC, 0xBE, 0xFC, 0xBE, 0xFC, 0xBE, 0xFC, 0xBE, 0xFC, 0xBE, 0xFC, 0xBE, 0xFC, 0xBE,
    0xFC, 0xBE, 0xFC, 0xBE, 0xFC, 0xBE, 0xFC, 0xBE, 0xFC, 0xBE, 0xFC, 0xBE, 0xFC, 0xBE, 0xFC, 0xBE,
    0xFC, 0xBE, 0xFC, 0xBE, 0xFC, 0xBE, 0xFC, 0xBE, 0xFC, 0xBE, 0xFC, 0xBE, 0xFC, 0xBE, 0xFC, 0xBE,
    0xFC, 0xBE, 0xFC, 0xBE, 0xFC, 0xBE, 0xFC, 0xBE, 0xFC, 0xBE, 0xFC, 0xBE, 0xFC, 0xBE, 0xFC, 0xBE,
    0xFC, 0xBE, 0xFC, 0xBE, 0xFC, 0xBE, 0xFC, 0xBE, 0xFC, 0xBE, 0xFC, 0xB6, 0xFC, 0xB6, 0xFC, 0xB6,
    0xFC, 0xB6, 0xFC, 0xB6, 0xFC, 0xB6, 0xFC, 0xB6, 0xFC, 0xB6, 0xFC, 0xB6, 0xFC, 0xB6, 0xFC, 0xB6,
    0xDC, 0xB6, 0xDC, 0xB6, 0xDC, 0xB6, 0xDC, 0xB6, 0xFC, 0xB6, 0xFC, 0xB6, 0xFC, 0xB6, 0xFC, 0xB6,
    0xFC, 0xB6, 0xFC, 0xB6, 0xFC, 0xB6, 0xFC, 0xB6, 0xFC, 0xB6, 0xFC, 0xB6, 0xFC, 0xB6, 0xFC, 0xB6,
    0xFC, 0xB6, 0xFC, 0xB6, 0xFC, 0xB6, 0xFC, 0xB6, 0xFC, 0xB6, 0xFC, 0xB6, 0xFC, 0xB6, 0xFC, 0xB6,
    0xFC, 0xB6, 0xFC, 0xB6, 0xFC, 0xB6, 0xFC, 0xB6, 0xFC, 0xB6, 0xFC, 0xB6, 0xDC, 0xB6, 0xDC, 0xB6,
    0xDC, 0xB6, 0xDC, 0xB6, 0xDC, 0xB6, 0xDC, 0xB6, 0xDC, 0xB6, 0xDC, 0xB6, 0xDC, 0xB6, 0xDC, 0xB6,
    0xDC, 0xB6, 0xDC, 0xB6, 0xDC, 0xB6, 0xDC, 0xB6, 0xDC, 0xB6, 0xDC, 0xB6, 0xDC, 0xB6, 0xDC, 0xB6,
    0xDC, 0xB6, 0xDC, 0xB6, 0xDC, 0xB6, 0xDC, 0xB6, 0xDC, 0xB6, 0xDC, 0xB6, 0xDC, 0xB6, 0xDC, 0xB6,
    0xDC, 0xB6, 0xDC, 0xB6, 0xDC, 0xB6, 0xDC, 0xB6, 0xDC, 0xB6, 0xDC, 0xB6, 0xDC, 0xB6, 0xDC, 0xB6,
    0xDC, 0xB6, 0xDC, 0xB6, 0xDC, 0xB6, 0xDC, 0xB6, 0xDC, 0xB6, 0xDC, 0xB6, 0xDC, 0xB6, 0xDC, 0xB6,
    0xDC, 0xB6, 0xDC, 0xB6, 0xDC, 0xB6, 0xDC, 0xB6, 0xDC, 0xB6, 0xDC, 0xB6, 0xDC, 0xB6, 0xDC, 0xB6,
    0xDC, 0xB6, 0xDC, 0xB6, 0xDC, 0xB6, 0xDC, 0xB6, 0xDC, 0xB6, 0xDC, 0xB6, 0xDC, 0xB6, 0xDC, 0xB6,
    0xDC, 0xB6, 0xDC, 0xB6, 0xDC, 0xB6, 0xBC, 0xB6, 0xDC, 0xB6, 0xDC, 0xB6, 0xDC, 0xB6, 0xDC, 0xB6,
    0xDC, 0xB6, 0xDC, 0xB6, 0xDC, 0xB6, 0xDC, 0xB6, 0xDC, 0xB6, 0xDC, 0xB6, 0xDC, 0xB6, 0xDC, 0xB6,
    0xDC, 0xB6, 0xDC, 0xB6, 0xDC, 0xB6, 0xDC, 0xB6, 0xDC, 0xB6, 0xDC, 0xB6, 0xDC, 0xB6, 0xDC, 0xB6,
    0xDC, 0xB6, 0xDC, 0xB6, 0xDC, 0xB6, 0xDC, 0xB6, 0xDC, 0xB6, 0xDC, 0xB6, 0xDC, 0xB6, 0xDC, 0xB6,
    0xDC, 0xB6, 0xDC, 0xB6, 0xDC, 0xB6, 0xDC, 0xB6, 0xDC, 0xB6, 0xDC, 0xB6, 0xDC, 0xB6, 0xDC, 0xB6,
    0xDC, 0xB6, 0xDC, 0xAE, 0xDC, 0xAE, 0xDC, 0xAE, 0xDC, 0xAE, 0xDC, 0xAE, 0xDC, 0xAE, 0xDC, 0xAE,
    0xDC, 0xAE, 0xDC, 0xAE, 0xDC, 0xAE, 0xDB, 0xB6, 0xDB, 0xB6, 0xDB, 0xB6, 0xDB, 0xB6, 0xDB, 0xB6,
    0xDC, 0xB6, 0xDC, 0xB6, 0xDC, 0xB6, 0xDC, 0xB6, 0xBB, 0xAE, 0xDC, 0xB6, 0xDC, 0xB6, 0xDC, 0xB6,
    0xDC, 0xB6, 0xDC, 0xB6, 0xBB, 0xAE, 0xDC, 0xB6, 0xDC, 0xB6, 0xBB, 0xAE, 0xBB, 0xAE, 0xDC, 0xB6,
    0xDC, 0xB6, 0xBB, 0xAE, 0xBB, 0xAE, 0xBB, 0xAE, 0xBB, 0xAE, 0xBB, 0xAE, 0xBB, 0xAE, 0xBB, 0xAE,
    0xBB, 0xAE, 0xBB, 0xAE, 0xBB, 0xAE, 0xBB, 0xAE, 0xBB, 0xAE, 0xBB, 0xAE, 0xBB, 0xAE, 0xBB, 0xAE,
    0xBB, 0xAE, 0xBB, 0xAE, 0xBB, 0xAE, 0xBB, 0xAE, 0xBB, 0xAE, 0xBB, 0xAE, 0xBB, 0xAE, 0xBB, 0xAE,
    0xFC, 0xC6, 0xFC, 0xC6, 0xFC, 0xC6, 0xFC, 0xC6, 0xFC, 0xC6, 0x1C, 0xC7, 0x1C, 0xC7, 0x1C, 0xC7,
    0x1C, 0xC7, 0x1C, 0xC7, 0x1C, 0xC7, 0x1C, 0xC7, 0x1C, 0xC7, 0x1C, 0xC7, 0x1C, 0xC7, 0x1C, 0xC7,
    0x1C, 0xC7, 0x1C, 0xC7, 0x1C, 0xC7, 0x1C, 0xC7, 0xFC, 0xC6, 0xFC, 0xC6, 0xFC, 0xC6, 0xFC, 0xC6,
    0xFC, 0xC6, 0xFC, 0xC6, 0xFC, 0xC6, 0xFC, 0xC6, 0xFC, 0xC6, 0xFC, 0xC6, 0xFC, 0xC6, 0xFC, 0xC6,
    0xFC, 0xC6, 0xFC, 0xC6, 0xFC, 0xC6, 0xFC, 0xC6, 0xFC, 0xC6, 0xFC, 0xC6, 0xFC, 0xC6, 0xFC, 0xC6,
    0xFC, 0xC6, 0xFC, 0xC6, 0xFC, 0xC6, 0xFC, 0xC6, 0xFC, 0xC6, 0xFC, 0xC6, 0x1C, 0xC7, 0x1C, 0xC7,
    0xFC, 0xC6, 0xFC, 0xC6, 0x1C, 0xC7, 0xFC, 0xC6, 0xFC, 0xC6, 0xFC, 0xC6, 0xFC, 0xC6, 0xFC, 0xC6,
    0xFC, 0xC6, 0xFC, 0xC6, 0xFC, 0xC6, 0xFC, 0xC6, 0xFC, 0xC6, 0xFC, 0xC6, 0xFC, 0xC6, 0xFC, 0xC6,
    0xFC, 0xC6, 0xFC, 0xC6, 0xFC, 0xC6, 0xFC, 0xC6, 0xFC, 0xC6, 0xFC, 0xC6, 0xFC, 0xC6, 0xFC, 0xC6,
    0xFC, 0xBE, 0xFC, 0xBE, 0xFC, 0xBE, 0xFC, 0xBE, 0xFC, 0xBE, 0xFC, 0xBE, 0xFC, 0xBE, 0xFC, 0xC6,
    0xFC, 0xBE, 0xFC, 0xBE, 0xFC, 0xBE, 0xFC, 0xBE, 0xFC, 0xBE, 0xFC, 0xBE, 0xFC, 0xBE, 0xFC, 0xBE,
    0xFC, 0xBE, 0xFC, 0xBE, 0xFC, 0xBE, 0xFC, 0xBE, 0xFC, 0xBE, 0xFC, 0xBE, 0xFC, 0xBE, 0xFC, 0xBE,
    0xFC, 0xBE, 0xFC, 0xBE, 0xFC, 0xBE, 0xFC, 0xBE, 0xFC, 0xBE, 0xFC, 0xBE, 0xFC, 0xBE, 0xFC, 0xBE,
    0xFC, 0xBE, 0xFC, 0xBE, 0xFC, 0xBE, 0xFC, 0xBE, 0xFC, 0xBE, 0xFC, 0xBE, 0xFC, 0xBE, 0xFC, 0xBE,
    0xFC, 0xBE, 0xFC, 0xBE, 0xFC, 0xBE, 0xFC, 0xBE, 0xFC, 0xBE, 0xFC, 0xBE, 0xFC, 0xBE, 0xFC, 0xBE,
    0xFC, 0xBE, 0xFC, 0xBE, 0xFC, 0xBE, 0xFC, 0xBE, 0xFC, 0xBE, 0xFC, 0xBE, 0xFC, 0xBE, 0xFC, 0xBE,
    0xFC, 0xBE, 0xFC, 0xBE, 0xFC, 0xB6, 0xFC, 0xB6, 0xFC, 0xB6, 0xFC, 0xB6, 0xFC, 0xB6, 0xFC, 0xB6,
    0xDC, 0xB6, 0xDC, 0xB6, 0xDC, 0xB6, 0xDC, 0xB6, 0xFC, 0xB6, 0xFC, 0xB6, 0xDC, 0xB6, 0xFC, 0xB6,
    0xFC, 0xB6, 0xDC, 0xB6, 0xFC, 0xB6, 0xFC, 0xB6, 0xFC, 0xB6, 0xFC, 0xB6, 0xFC, 0xB6, 0xFC, 0xB6,
    0xFC, 0xB6, 0xFC, 0xB6, 0xFC, 0xB6, 0xFC, 0xB6, 0xFC, 0xB6, 0xFC, 0xB6, 0xFC, 0xB6, 0xFC, 0xB6,
    0xFC, 0xB6, 0xFC, 0xB6, 0xFC, 0xB6, 0xFC, 0xB6, 0xFC, 0xB6, 0xFC, 0xB6, 0xFC, 0xB6, 0xFC, 0xB6,
    0xFC, 0xB6, 0xDC, 0xB6, 0xDC, 0xB6, 0xDC, 0xB6, 0xDC, 0xB6, 0xDC, 0xB6, 0xDC, 0xB6, 0xDC, 0xB6,
    0xDC, 0xB6, 0xDC, 0xB6, 0xDC, 0xB6, 0xDC, 0xB6, 0xDC, 0xB6, 0xDC, 0xB6, 0xDC, 0xB6, 0xDC, 0xB6,
    0xDC, 0xB6, 0xDC, 0xB6, 0xDC, 0xB6, 0xDC, 0xB6, 0xDC, 0xB6, 0xDC, 0xB6, 0xDC, 0xB6, 0xDC, 0xB6,
    0xDC, 0xB6, 0xDC, 0xB6, 0xDC, 0xB6, 0xDC, 0xB6, 0xDC, 0xB6, 0xDC, 0xB6, 0xDC, 0xB6, 0xDC, 0xB6,
    0xDC, 0xB6, 0xDC, 0xB6, 0xDC, 0xB6, 0xDC, 0xB6, 0xDC, 0xB6, 0xDC, 0xB6, 0xDC, 0xB6, 0xDC, 0xB6,
    0xDC, 0xB6, 0xDC, 0xB6, 0xDC, 0xB6, 0xDC, 0xB6, 0xDC, 0xB6, 0xDC, 0xB6, 0xDC, 0xB6, 0xDC, 0xB6,
    0xDC, 0xB6, 0xDC, 0xB6, 0xDC, 0xB6, 0xDC, 0xB6, 0xDC, 0xB6, 0xDC, 0xB6, 0xDC, 0xB6, 0xDC, 0xB6,
    0xDC, 0xB6, 0xDC, 0xB6, 0xDC, 0xB6, 0xBC, 0xB6, 0xDC, 0xB6, 0xDC, 0xB6, 0xDC, 0xB6, 0xDC, 0xB6,
    0xDC, 0xB6, 0xDC, 0xB6, 0xDC, 0xB6, 0xDC, 0xB6, 0xDC, 0xB6, 0xDC, 0xB6, 0xDC, 0xB6, 0xDC, 0xB6,
    0xDC, 0xB6, 0xDC, 0xB6, 0xDC, 0xB6, 0xDC, 0xB6, 0xDC, 0xB6, 0xDC, 0xB6, 0xDC, 0xB6, 0xDC, 0xB6,
    0xDC, 0xB6, 0xDC, 0xB6, 0xDC, 0xB6, 0xDC, 0xB6, 0xDC, 0xB6, 0xDC, 0xB6, 0xDC, 0xB6, 0xDC, 0xB6,
    0xDC, 0xB6, 0xDC, 0xB6, 0xDC, 0xB6, 0xDC, 0xB6, 0xDC, 0xB6, 0xDC, 0xB6, 0xDC, 0xB6, 0xDC, 0xB6,
    0xDC, 0xB6, 0xDC, 0xAE, 0xDC, 0xAE, 0xDC, 0xAE, 0xDC, 0xAE, 0xDC, 0xAE, 0xDB, 0xB6, 0xDB, 0xB6,
    0xDB, 0xB6, 0xDB, 0xB6, 0xDB, 0xB6, 0xDB, 0xB6, 0xDB, 0xB6, 0xDB, 0xB6, 0xDB, 0xB6, 0xDB, 0xB6,
    0xDC, 0xAE, 0xDC, 0xAE, 0xDC, 0xAE, 0xDC, 0xAE, 0xDC, 0xAE, 0xDC, 0xAE, 0xDC, 0xAE, 0xDC, 0xAE,
    0xDC, 0xAE, 0xDC, 0xAE, 0xDC, 0xB6, 0xDC, 0xB6, 0xDC, 0xB6, 0xDC, 0xB6, 0xBB, 0xAE, 0xDC, 0xB6,
    0xDC, 0xB6, 0xDC, 0xB6, 0xDC, 0xB6, 0xDC, 0xB6, 0xBB, 0xAE, 0xBB, 0xAE, 0xBB, 0xAE, 0xBB, 0xAE,
    0xBB, 0xAE, 0xDB, 0xAE, 0xDB, 0xAE, 0xDB, 0xAE, 0xDB, 0xAE, 0xDB, 0xAE, 0xBB, 0xAE, 0xBB, 0xAE,
    0xBB, 0xAE, 0xBB, 0xAE, 0xBB, 0xAE, 0xBB, 0xAE, 0xBB, 0xAE, 0xBB, 0xAE, 0xBB, 0xAE, 0xBB, 0xAE,
    0xFC, 0xC6, 0xFC, 0xC6, 0xFC, 0xC6, 0xFC, 0xC6, 0xFC, 0xC6, 0x1C, 0xC7, 0x1C, 0xC7, 0x1C, 0xC7,
    0x1C, 0xC7, 0x1C, 0xC7, 0x1C, 0xC7, 0x1C, 0xC7, 0x1C, 0xC7, 0x1C, 0xC7, 0x1C, 0xC7, 0x1C, 0xC7,
    0x1C, 0xC7, 0x1C, 0xC7, 0x1C, 0xC7, 0x1C, 0xC7, 0xFC, 0xC6, 0xFC, 0xC6, 0xFC, 0xC6, 0xFC, 0xC6,
    0xFC, 0xC6, 0xFC, 0xC6, 0xFC, 0xC6, 0xFC, 0xC6, 0xFC, 0xC6, 0xFC, 0xC6, 0xFC, 0xC6, 0xFC, 0xC6,
    0xFC, 0xC6, 0xFC, 0xC6, 0xFC, 0xC6, 0xFC, 0xC6, 0xFC, 0xC6, 0xFC, 0xC6, 0xFC, 0xC6, 0xFC, 0xC6,
    0xFC, 0xC6, 0xFC, 0xC6, 0xFC, 0xC6, 0xFC, 0xC6, 0xFC, 0xC6, 0x1C, 0xC7, 0x1C, 0xC7, 0xFC, 0xC6,
    0x1C, 0xC7, 0x1C, 0xC7, 0x1C, 0xC7, 0xFC, 0xC6, 0xFC, 0xC6, 0xFC, 0xC6, 0xFC, 0xC6, 0xFC, 0xC6,
    0xFC, 0xC6, 0xFC, 0xC6, 0xFC, 0xC6, 0xFC, 0xC6, 0xFC, 0xC6, 0xFC, 0xC6, 0xFC, 0xC6, 0xFC, 0xC6,
    0xFC, 0xC6, 0xFC, 0xC6, 0xFC, 0xC6, 0xFC, 0xC6, 0xFC, 0xC6, 0xFC, 0xBE, 0xFC, 0xC6, 0xFC, 0xC6,
    0xFC, 0xBE, 0xFC, 0xBE, 0xFC, 0xBE, 0xFC, 0xBE, 0xFC, 0xBE, 0xFC, 0xBE, 0xFC, 0xBE, 0xFC, 0xC6,
    0xFC, 0xBE, 0xFC, 0xBE, 0xFC, 0xBE, 0xFC, 0xBE, 0xFC, 0xBE, 0xFC, 0xC6, 0xFC, 0xBE, 0xFC, 0xBE,
    0xFC, 0xBE, 0xFC, 0xBE, 0xFC, 0xBE, 0xFC, 0xBE, 0xFC, 0xBE, 0xFC, 0xBE, 0xFC, 0xBE, 0xFC, 0xBE,
    0xFC, 0xBE, 0xFC, 0xBE, 0xFC, 0xBE, 0xFC, 0xBE, 0xFC, 0xBE, 0xFC, 0xBE, 0xFC, 0xBE, 0xFC, 0xBE,
    0xFC, 0xBE, 0xFC, 0xBE, 0xFC, 0xBE, 0xFC, 0xBE, 0xFC, 0xBE, 0xFC, 0xBE, 0xFC, 0xBE, 0xFC, 0xBE,
    0xFC, 0xBE, 0xFC, 0xBE, 0xFC, 0xBE, 0xFC, 0xBE, 0xFC, 0xBE, 0xFC, 0xBE, 0xFC, 0xBE, 0xFC, 0xBE,
    0xFC, 0xBE, 0xFC, 0xBE, 0xFC, 0xBE, 0xFC, 0xBE, 0xFC, 0xBE, 0xFC, 0xBE, 0xFC, 0xBE, 0xFC, 0xBE,
    0xFC, 0xBE, 0xFC, 0xBE, 0xFC, 0xB6, 0xFC, 0xB6, 0xFC, 0xBE, 0xFC, 0xBE, 0xFC, 0xBE, 0xFC, 0xB6,
    0xDC, 0xB6, 0xDC, 0xB6, 0xFC, 0xB6, 0xFC, 0xB6, 0xFC, 0xB6, 0xFC, 0xB6, 0xDC, 0xB6, 0xDC, 0xB6,
    0xFC, 0xB6, 0xDC, 0xB6, 0xDC, 0xB6, 0xFC, 0xB6, 0xDC, 0xB6, 0xDC, 0xB6, 0xFC, 0xB6, 0xFC, 0xB6,
    0xFC, 0xB6, 0xFC, 0xB6, 0xFC, 0xB6, 0xFC, 0xB6, 0xFC, 0xB6, 0xFC, 0xB6, 0xFC, 0xB6, 0xFC, 0xB6,
    0xFC, 0xB6, 0xFC, 0xB6, 0xFC, 0xB6, 0xFC, 0xB6, 0xFC, 0xB6, 0xFC, 0xB6, 0xFC, 0xB6, 0xFC, 0xB6,
    0xFC, 0xB6, 0xFC, 0xB6, 0xFC, 0xB6, 0xFC, 0xB6, 0xDC, 0xB6, 0xDC, 0xB6, 0xDC, 0xB6, 0xDC, 0xB6,
    0xDC, 0xB6, 0xDC, 0xB6, 0xDC, 0xB6, 0xDC, 0xB6, 0xDC, 0xB6, 0xDC, 0xB6, 0xDC, 0xB6, 0xDC, 0xB6,
    0xDC, 0xB6, 0xDC, 0xB6, 0xDC, 0xB6, 0xDC, 0xB6, 0xDC, 0xB6, 0xDC, 0xB6, 0xDC, 0xB6, 0xDC, 0xB6,
    0xDC, 0xB6, 0xDC, 0xB6, 0xDC, 0xB6, 0xDC, 0xB6, 0xDC, 0xB6, 0xDC, 0xB6, 0xDC, 0xB6, 0xDC, 0xB6,
    0xDC, 0xB6, 0xDC, 0xB6, 0xDC, 0xB6, 0xDC, 0xB6, 0xDC, 0xB6, 0xDC, 0xB6, 0xDC, 0xB6, 0xDC, 0xB6,
    0xDC, 0xB6, 0xDC, 0xB6, 0xDC, 0xB6, 0xDC, 0xB6, 0xDC, 0xB6, 0xDC, 0xB6, 0xDC, 0xB6, 0xDC, 0xB6,
    0xDC, 0xB6, 0xDC, 0xB6, 0xDC, 0xB6, 0xDC, 0xB6, 0xDC, 0xB6, 0xDC, 0xB6, 0xDC, 0xB6, 0xDC, 0xB6,
    0xDC, 0xB6, 0xDC, 0xB6, 0xDC, 0xB6, 0xDC, 0xB6, 0xDC, 0xB6, 0xDC, 0xB6, 0xBC, 0xB6, 0xBC, 0xB6,
    0xDC, 0xB6, 0xDC, 0xB6, 0xDC, 0xB6, 0xDC, 0xB6, 0xDC, 0xB6, 0xDC, 0xB6, 0xDC, 0xB6, 0xDC, 0xB6,
    0xDC, 0xB6, 0xDC, 0xB6, 0xDC, 0xB6, 0xDC, 0xB6, 0xDC, 0xB6, 0xDC, 0xB6, 0xDC, 0xB6, 0xDC, 0xB6,
    0xDC, 0xB6, 0xDC, 0xB6, 0xDC, 0xB6, 0xDC, 0xB6, 0xDC, 0xB6, 0xDC, 0xB6, 0xDC, 0xB6, 0xDC, 0xB6,
    0xDC, 0xB6, 0xDC, 0xB6, 0xDC, 0xB6, 0xDC, 0xB6, 0xDC, 0xB6, 0xDC, 0xB6, 0xDC, 0xB6, 0xDC, 0xB6,
    0xDC, 0xB6, 0xDC, 0xAE, 0xDC, 0xAE, 0xDC, 0xAE, 0xDC, 0xAE, 0xDC, 0xAE, 0xDB, 0xB6, 0xDB, 0xB6,
    0xDB, 0xB6, 0xDB, 0xB6, 0xDB, 0xB6, 0xDB, 0xB6, 0xDB, 0xB6, 0xDB, 0xB6, 0xDB, 0xB6, 0xDB, 0xB6,
    0xDC, 0xAE, 0xDC, 0xAE, 0xDC, 0xAE, 0xDC, 0xAE, 0xDC, 0xAE, 0xDC, 0xAE, 0xDC, 0xAE, 0xDC, 0xAE,
    0xDC, 0xAE, 0xDC, 0xAE, 0xDC, 0xB6, 0xDC, 0xB6, 0xDC, 0xB6, 0xDC, 0xB6, 0xDC, 0xB6, 0xDC, 0xB6,
    0xDC, 0xB6, 0xDC, 0xB6, 0xDC, 0xB6, 0xDC, 0xB6, 0xBB, 0xAE, 0xDC, 0xB6, 0xDB, 0xB6, 0xDC, 0xB6,
    0xDC, 0xB6, 0xDB, 0xB6, 0xDB, 0xB6, 0xDB, 0xB6, 0xDB, 0xB6, 0xDB, 0xB6, 0xBB, 0xAE, 0xBB, 0xAE,
    0xBB, 0xAE, 0xBB, 0xAE, 0xBB, 0xAE, 0xBB, 0xAE, 0xBB, 0xAE, 0xBB, 0xAE, 0xBB, 0xAE, 0xBB, 0xAE,
    0xFC, 0xC6, 0xFC, 0xC6, 0xFC, 0xC6, 0xFC, 0xC6, 0xFC, 0xC6, 0xFC, 0xC6, 0xFC, 0xC6, 0xFC, 0xC6,
    0xFC, 0xC6, 0xFC, 0xC6, 0xFC, 0xC6, 0xFC, 0xC6, 0xFC, 0xC6, 0xFC, 0xC6, 0xFC, 0xC6, 0xFC, 0xC6,
    0xFC, 0xC6, 0xFC, 0xC6, 0xFC, 0xC6, 0xFC, 0xC6, 0xFC, 0xC6, 0xFC, 0xC6, 0xFC, 0xC6, 0xFC, 0xC6,
    0xFC, 0xC6, 0xFC, 0xC6, 0xFC, 0xC6, 0xFC, 0xC6, 0xFC, 0xC6, 0xFC, 0xC6, 0xFC, 0xC6, 0xFC, 0xC6,
    0xFC, 0xC6, 0xFC, 0xC6, 0xFC, 0xC6, 0xFC, 0xC6, 0xFC, 0xC6, 0xFC, 0xC6, 0xFC, 0xC6, 0xFC, 0xC6,
    0xFC, 0xC6, 0xFC, 0xC6, 0xFC, 0xC6, 0xFC, 0xC6, 0xFC, 0xC6, 0xFC, 0xC6, 0xFC, 0xC6, 0xFC, 0xC6,
    0xFC, 0xC6, 0xFC, 0xC6, 0xFC, 0xC6, 0xFC, 0xC6, 0xFC, 0xC6, 0xFC, 0xC6, 0xFC, 0xC6, 0xFC, 0xC6,
    0xFC, 0xC6, 0xFC, 0xC6, 0xFC, 0xC6, 0xFC, 0xC6, 0xFC, 0xC6, 0xFC, 0xC6, 0xFC, 0xC6, 0xFC, 0xC6,
    0xFC, 0xC6, 0xFC, 0xC6, 0xFC, 0xC6, 0xFC, 0xC6, 0xFC, 0xC6, 0xFC, 0xBE, 0xFC, 0xC6, 0xFC, 0xC6,
    0xFC, 0xC6, 0xFC, 0xC6, 0xFC, 0xBE, 0xFC, 0xBE, 0xFC, 0xBE, 0xFC, 0xBE, 0xFC, 0xBE, 0xFC, 0xBE,
    0xFC, 0xC6, 0xFC, 0xC6, 0xFC, 0xC6, 0xFC, 0xC6, 0xFC, 0xC6, 0xFC, 0xC6, 0xFC, 0xC6, 0xFC, 0xBE,
    0xFC, 0xBE, 0xFC, 0xBE, 0xFC, 0xBE, 0xFC, 0xBE, 0xFC, 0xBE, 0xFC, 0xBE, 0xFC, 0xBE, 0xFC, 0xBE,
    0xFC, 0xBE, 0xFC, 0xBE, 0xFC, 0xBE, 0xFC, 0xBE, 0xFC, 0xBE, 0xFC, 0xBE, 0xFC, 0xBE, 0xFC, 0xBE,
    0xFC, 0xBE, 0xFC, 0xBE, 0xFC, 0xBE, 0xFC, 0xBE, 0xFC, 0xBE, 0xFC, 0xBE, 0xFC, 0xBE, 0xFC, 0xBE,
    0xFC, 0xBE, 0xFC, 0xBE, 0xFC, 0xBE, 0xFC, 0xBE, 0xFC, 0xBE, 0xFC, 0xBE, 0xFC, 0xBE, 0xFC, 0xBE,
    0xFC, 0xBE, 0xFC, 0xBE, 0xFC, 0xBE, 0xFC, 0xBE, 0xFC, 0xBE, 0xFC, 0xBE, 0xFC, 0xBE, 0xFC, 0xBE,
    0xFC, 0xBE, 0xFC, 0xBE, 0xFC, 0xBE, 0xFC, 0xBE, 0xFC, 0xBE, 0xFC, 0xBE, 0xFC, 0xBE, 0xFC, 0xBE,
    0xFC, 0xBE, 0xFC, 0xBE, 0xDC, 0xBE, 0xDC, 0xBE, 0xDC, 0xB6, 0xDC, 0xB6, 0xFC, 0xB6, 0xFC, 0xB6,
    0xFC, 0xB6, 0xDC, 0xB6, 0xDC, 0xB6, 0xDC, 0xB6, 0xDC, 0xB6, 0xDC, 0xB6, 0xDC, 0xB6, 0xDC, 0xB6,
    0xDC, 0xB6, 0xFC, 0xB6, 0xFC, 0xB6, 0xFC, 0xB6, 0xFC, 0xB6, 0xFC, 0xB6, 0xFC, 0xB6, 0xFC, 0xB6,
    0xFC, 0xB6, 0xFC, 0xB6, 0xFC, 0xB6, 0xFC, 0xB6, 0xFC, 0xB6, 0xFC, 0xB6, 0xFC, 0xB6, 0xFC, 0xB6,
    0xFC, 0xB6, 0xFC, 0xB6, 0xFC, 0xB6, 0xFC, 0xB6, 0xFC, 0xB6, 0xFC, 0xB6, 0xDC, 0xB6, 0xDC, 0xB6,
    0xDC, 0xB6, 0xDC, 0xB6, 0xDC, 0xB6, 0xDC, 0xB6, 0xDC, 0xB6, 0xDC, 0xB6, 0xDC, 0xB6, 0xDC, 0xB6,
    0xDC, 0xB6, 0xDC, 0xB6, 0xDC, 0xB6, 0xDC, 0xB6, 0xDC, 0xB6, 0xDC, 0xB6, 0xDC, 0xB6, 0xDC, 0xB6,
    0xDC, 0xB6, 0xDC, 0xB6, 0xDC, 0xB6, 0xDC, 0xB6, 0xDC, 0xB6, 0xDC, 0xB6, 0xDC, 0xB6, 0xDC, 0xB6,
    0xDC, 0xB6, 0xDC, 0xB6, 0xDC, 0xB6, 0xDC, 0xB6, 0xDC, 0xB6, 0xDC, 0xB6, 0xDC, 0xB6, 0xDC, 0xB6,
    0xDC, 0xB6, 0xDC, 0xB6, 0xDC, 0xB6, 0xDC, 0xB6, 0xDC, 0xB6, 0xDC, 0xB6, 0xDC, 0xB6, 0xDC, 0xB6,
    0xDC, 0xB6, 0xDC, 0xB6, 0xDC, 0xB6, 0xDC, 0xB6, 0xDC, 0xB6, 0xDC, 0xB6, 0xDC, 0xB6, 0xDC, 0xB6,
    0xDC, 0xB6, 0xDC, 0xB6, 0xDC, 0xB6, 0xDC, 0xB6, 0xDC, 0xB6, 0xDC, 0xB6, 0xDC, 0xB6, 0xDC, 0xB6,
    0xDC, 0xB6, 0xBC, 0xB6, 0xBC, 0xB6, 0xDC, 0xB6, 0xDC, 0xB6, 0xDC, 0xB6, 0xDC, 0xB6, 0xDC, 0xB6,
    0xDC, 0xB6, 0xDC, 0xB6, 0xDC, 0xB6, 0xDC, 0xB6, 0xDC, 0xB6, 0xDC, 0xB6, 0xDC, 0xB6, 0xDC, 0xB6,
    0xDC, 0xB6, 0xDC, 0xB6, 0xBC, 0xB6, 0xDC, 0xB6, 0xDC, 0xB6, 0xDC, 0xB6, 0xDC, 0xB6, 0xDC, 0xB6,
    0xDC, 0xB6, 0xDC, 0xB6, 0xDC, 0xB6, 0xDC, 0xB6, 0xDC, 0xB6, 0xDC, 0xB6, 0xDC, 0xB6, 0xDC, 0xB6,
    0xDC, 0xB6, 0xDC, 0xB6, 0xDC, 0xB6, 0xDC, 0xB6, 0xDC, 0xB6, 0xDC, 0xB6, 0xDC, 0xAE, 0xDC, 0xAE,
    0xDC, 0xAE, 0xDC, 0xAE, 0xDC, 0xAE, 0xDC, 0xB6, 0xDC, 0xB6, 0xDC, 0xB6, 0xDC, 0xB6, 0xDC, 0xB6,
    0xDC, 0xAE, 0xDC, 0xAE, 0xDC, 0xAE, 0xDC, 0xAE, 0xDC, 0xAE, 0xDC, 0xAE, 0xDC, 0xAE, 0xDC, 0xAE,
    0xDC, 0xAE, 0xDC, 0xAE, 0xDC, 0xAE, 0xDC, 0xAE, 0xDC, 0xAE, 0xDC, 0xAE, 0xDC, 0xAE, 0xDC, 0xB6,
    0xDC, 0xB6, 0xDB, 0xB6, 0xDB, 0xB6, 0xDB, 0xB6, 0xDB, 0xB6, 0xDB, 0xB6, 0xDB, 0xB6, 0xDB, 0xB6,
    0xDB, 0xB6, 0xDB, 0xB6, 0xDB, 0xB6, 0xDB, 0xB6, 0xDB, 0xB6, 0xDB, 0xB6, 0xBB, 0xAE, 0xBB, 0xAE,
    0xBB, 0xAE, 0xBB, 0xAE, 0xBB, 0xAE, 0xBB, 0xAE, 0xBB, 0xAE, 0xBB, 0xAE, 0xBB, 0xAE, 0xBB, 0xAE,
    0xFC, 0xC6, 0xFC, 0xC6, 0xFC, 0xC6, 0xFC, 0xC6, 0xFC, 0xC6, 0xFC, 0xC6, 0xFC, 0xC6, 0xFC, 0xC6,
    0xFC, 0xC6, 0xFC, 0xC6, 0xFC, 0xC6, 0xFC, 0xC6, 0xFC, 0xC6, 0xFC, 0xC6, 0xFC, 0xC6, 0xFC, 0xC6,
    0xFC, 0xC6, 0xFC, 0xC6, 0xFC, 0xC6, 0xFC, 0xC6, 0xFC, 0xC6, 0xFC, 0xC6, 0xFC, 0xC6, 0xFC, 0xC6,
    0xFC, 0xC6, 0xFC, 0xC6, 0xFC, 0xC6, 0xFC, 0xC6, 0xFC, 0xC6, 0xFC, 0xC6, 0xFC, 0xC6, 0xFC, 0xC6,
    0xFC, 0xC6, 0xFC, 0xC6, 0xFC, 0xC6, 0xFC, 0xC6, 0xFC, 0xC6, 0xFC, 0xC6, 0xFC, 0xC6, 0xFC, 0xC6,
    0xFC, 0xC6, 0xFC, 0xC6, 0xFC, 0xC6, 0xFC, 0xC6, 0xFC, 0xC6, 0xFC, 0xC6, 0xFC, 0xC6, 0xFC, 0xC6,
    0xFC, 0xC6, 0xFC, 0xC6, 0xFC, 0xC6, 0xFC, 0xC6, 0xFC, 0xC6, 0xFC, 0xC6, 0xFC, 0xC6, 0xFC, 0xC6,
    0xFC, 0xC6, 0xFC, 0xC6, 0xFC, 0xC6, 0xFC, 0xC6, 0xFC, 0xC6, 0xFC, 0xC6, 0xFC, 0xC6, 0xFC, 0xC6,
    0xFC, 0xC6, 0xFC, 0xC6, 0xFC, 0xC6, 0xFC, 0xC6, 0xFC, 0xC6, 0xFC, 0xC6, 0x1C, 0xC7, 0xFC, 0xC6,
    0xFC, 0xC6, 0xFC, 0xC6, 0xFC, 0xC6, 0xFC, 0xBE, 0xFC, 0xBE, 0xFC, 0xBE, 0xFC, 0xBE, 0xFC, 0xBE,
    0xFC, 0xBE, 0xFC, 0xBE, 0xFC, 0xBE, 0xFC, 0xBE, 0xFC, 0xBE, 0xFC, 0xC6, 0xFC, 0xC6, 0xFC, 0xC6,
    0xFC, 0xBE, 0xFC, 0xBE, 0xFC, 0xBE, 0xFC, 0xBE, 0xFC, 0xBE, 0xFC, 0xBE, 0xFC, 0xBE, 0xFC, 0xBE,
    0xFC, 0xBE, 0xFC, 0xBE, 0xFC, 0xBE, 0xFC, 0xBE, 0xFC, 0xBE, 0xFC, 0xBE, 0xFC, 0xBE, 0xFC, 0xBE,
    0xFC, 0xBE, 0xFC, 0xBE, 0xFC, 0xBE, 0xFC, 0xBE, 0xFC, 0xBE, 0xFC, 0xBE, 0xFC, 0xBE, 0xFC, 0xBE,
    0xFC, 0xBE, 0xFC, 0xBE, 0xFC, 0xBE, 0xFC, 0xBE, 0xFC, 0xBE, 0xFC, 0xBE, 0xFC, 0xBE, 0xFC, 0xBE,
    0xFC, 0xBE, 0xFC, 0xBE, 0xFC, 0xBE, 0xFC, 0xBE, 0xFC, 0xBE, 0xFC, 0xBE, 0xFC, 0xBE, 0xFC, 0xBE,
    0xFC, 0xBE, 0xFC, 0xBE, 0xFC, 0xBE, 0xFC, 0xBE, 0xFC, 0xBE, 0xFC, 0xBE, 0xFC, 0xBE, 0xFC, 0xBE,
    0xFC, 0xBE, 0xFC, 0xBE, 0xFC, 0xBE, 0xDC, 0xBE, 0xDC, 0xB6, 0xDC, 0xB6, 0xDC, 0xB6, 0xFC, 0xB6,
    0xFC, 0xB6, 0xFC, 0xB6, 0xFC, 0xB6, 0xFC, 0xB6, 0xFC, 0xB6, 0xFC, 0xB6, 0xDC, 0xB6, 0xDC, 0xB6,
    0xDC, 0xB6, 0xFC, 0xB6, 0xFC, 0xB6, 0xFC, 0xB6, 0xFC, 0xB6, 0xFC, 0xB6, 0xFC, 0xB6, 0xFC, 0xB6,
    0xFC, 0xB6, 0xFC, 0xB6, 0xFC, 0xB6, 0xFC, 0xB6, 0xFC, 0xB6, 0xFC, 0xB6, 0xFC, 0xB6, 0xFC, 0xB6,
    0xFC, 0xB6, 0xFC, 0xB6, 0xFC, 0xB6, 0xFC, 0xB6, 0xFC, 0xB6, 0xDC, 0xB6, 0xDC, 0xB6, 0xDC, 0xB6,
    0xDC, 0xB6, 0xDC, 0xB6, 0xDC, 0xB6, 0xDC, 0xB6, 0xDC, 0xB6, 0xDC, 0xB6, 0xDC, 0xB6, 0xDC, 0xB6,
    0xDC, 0xB6, 0xDC, 0xB6, 0xDC, 0xB6, 0xDC, 0xB6, 0xDC, 0xB6, 0xDC, 0xB6, 0xDC, 0xB6, 0xDC, 0xB6,
    0xDC, 0xB6, 0xDC, 0xB6, 0xDC, 0xB6, 0xDC, 0xB6, 0xDC, 0xB6, 0xDC, 0xB6, 0xDC, 0xB6, 0xDC, 0xB6,
    0xDC, 0xB6, 0xDC, 0xB6, 0xDC, 0xB6, 0xDC, 0xB6, 0xDC, 0xB6, 0xDC, 0xB6, 0xDC, 0xB6, 0xDC, 0xB6,
    0xDC, 0xB6, 0xDC, 0xB6, 0xDC, 0xB6, 0xDC, 0xB6, 0xDC, 0xB6, 0xDC, 0xB6, 0xDC, 0xB6, 0xDC, 0xB6,
    0xDC, 0xB6, 0xDC, 0xB6, 0xDC, 0xB6, 0xDC, 0xB6, 0xDC, 0xB6, 0xDC, 0xB6, 0xDC, 0xB6, 0xDC, 0xB6,
    0xDC, 0xB6, 0xDC, 0xB6, 0xDC, 0xB6, 0xDC, 0xB6, 0xDC, 0xB6, 0xDC, 0xB6, 0xDC, 0xB6, 0xDC, 0xB6,
    0xDC, 0xB6, 0xDC, 0xB6, 0xDC, 0xB6, 0xDC, 0xB6, 0xDC, 0xB6, 0xDC, 0xB6, 0xDC, 0xB6, 0xDC, 0xB6,
    0xDC, 0xB6, 0xDC, 0xB6, 0xDC, 0xB6, 0xDC, 0xB6, 0xDC, 0xB6, 0xDC, 0xB6, 0xDC, 0xB6, 0xDC, 0xB6,
    0xDC, 0xB6, 0xDC, 0xB6, 0xBC, 0xB6, 0xDC, 0xB6, 0xDC, 0xB6, 0xDC, 0xB6, 0xDC, 0xB6, 0xDC, 0xB6,
    0xDC, 0xB6, 0xDC, 0xB6, 0xDC, 0xB6, 0xDC, 0xB6, 0xDC, 0xB6, 0xDC, 0xB6, 0xDC, 0xB6, 0xDC, 0xB6,
    0xDC, 0xB6, 0xDC, 0xB6, 0xDC, 0xB6, 0xDC, 0xB6, 0xDC, 0xB6, 0xDC, 0xB6, 0xDC, 0xB6, 0xDC, 0xAE,
    0xDC, 0xAE, 0xDC, 0xAE, 0xDC, 0xAE, 0xDC, 0xB6, 0xDC, 0xB6, 0xDC, 0xB6, 0xDC, 0xB6, 0xDC, 0xB6,
    0xDC, 0xAE, 0xDC, 0xAE, 0xDC, 0xAE, 0xDC, 0xAE, 0xDC, 0xAE, 0xDC, 0xAE, 0xDC, 0xAE, 0xDC, 0xAE,
    0xDC, 0xAE, 0xDC, 0xAE, 0xDC, 0xAE, 0xDC, 0xAE, 0xDC, 0xAE, 0xDC, 0xAE, 0xDC, 0xAE, 0xDC, 0xB6,
    0xDC, 0xB6, 0xDB, 0xB6, 0xDB, 0xB6, 0xDB, 0xB6, 0xDB, 0xB6, 0xDB, 0xB6, 0xDB, 0xB6, 0xDB, 0xB6,
    0xDB, 0xB6, 0xDB, 0xB6, 0xDB, 0xB6, 0xDB, 0xB6, 0xDB, 0xB6, 0xDB, 0xB6, 0xBB, 0xAE, 0xBB, 0xAE,
    0xBB, 0xAE, 0xBB, 0xAE, 0xBB, 0xAE, 0xBB, 0xAE, 0xBB, 0xAE, 0xBB, 0xAE, 0xBB, 0xAE, 0xBB, 0xAE,
    0xFC, 0xC6, 0xFC, 0xC6, 0xFC, 0xC6, 0xFC, 0xC6, 0xFC, 0xC6, 0xFC, 0xC6, 0xFC, 0xC6, 0xFC, 0xC6,
    0xFC, 0xC6, 0xFC, 0xC6, 0xFC, 0xC6, 0xFC, 0xC6, 0xFC, 0xC6, 0xFC, 0xC6, 0xFC, 0xC6, 0xFC, 0xC6,
    0xFC, 0xC6, 0xFC, 0xC6, 0xFC, 0xC6, 0xFC, 0xC6, 0xFC, 0xC6, 0xFC, 0xC6, 0xFC, 0xC6, 0xFC, 0xC6,
    0xFC, 0xC6, 0xFC, 0xC6, 0xFC, 0xC6, 0xFC, 0xC6, 0xFC, 0xC6, 0xFC, 0xC6, 0xFC, 0xC6, 0xFC, 0xC6,
    0xFC, 0xC6, 0xFC, 0xC6, 0xFC, 0xC6, 0xFC, 0xC6, 0xFC, 0xC6, 0xFC, 0xC6, 0xFC, 0xC6, 0xFC, 0xC6,
    0xFC, 0xC6, 0xFC, 0xC6, 0xFC, 0xC6, 0xFC, 0xC6, 0xFC, 0xC6, 0xFC, 0xC6, 0xFC, 0xC6, 0xFC, 0xC6,
    0xFC, 0xC6, 0xFC, 0xC6, 0xFC, 0xC6, 0xFC, 0xC6, 0xFC, 0xC6, 0xFC, 0xC6, 0xFC, 0xC6, 0xFC, 0xC6,
    0xFC, 0xC6, 0xFC, 0xC6, 0xFC, 0xC6, 0xFC, 0xC6, 0x1C, 0xC7, 0x1C, 0xC7, 0xFC, 0xC6, 0xFC, 0xC6,
    0xFC, 0xC6, 0xFC, 0xC6, 0xFC, 0xC6, 0xFC, 0xC6, 0xFC, 0xC6, 0xFC, 0xC6, 0x1C, 0xC7, 0xFC, 0xC6,
    0xFC, 0xC6, 0xFC, 0xC6, 0xFC, 0xC6, 0x1C, 0xC7, 0xFC, 0xC6, 0xFC, 0xBE, 0xFC, 0xBE, 0xFC, 0xBE,
    0xFC, 0xBE, 0xFC, 0xBE, 0xFC, 0xBE, 0xFC, 0xBE, 0xFC, 0xBE, 0xFC, 0xC6, 0xFC, 0xC6, 0xFC, 0xC6,
    0xFC, 0xBE, 0xFC, 0xBE, 0xFC, 0xBE, 0xFC, 0xBE, 0xFC, 0xBE, 0xFC, 0xBE, 0xFC, 0xBE, 0xFC, 0xBE,
    0xFC, 0xBE, 0xFC, 0xBE, 0xFC, 0xBE, 0xFC, 0xBE, 0xFC, 0xBE, 0xFC, 0xBE, 0xFC, 0xBE, 0xFC, 0xBE,
    0xFC, 0xBE, 0xFC, 0xBE, 0xFC, 0xBE, 0xFC, 0xBE, 0xFC, 0xBE, 0xFC, 0xBE, 0xFC, 0xBE, 0xFC, 0xBE,
    0xFC, 0xBE, 0xFC, 0xBE, 0xFC, 0xBE, 0xFC, 0xBE, 0xFC, 0xBE, 0xFC, 0xBE, 0xFC, 0xBE, 0xFC, 0xBE,
    0xFC, 0xBE, 0xFC, 0xBE, 0xFC, 0xBE, 0xFC, 0xBE, 0xFC, 0xBE, 0xFC, 0xBE, 0xFC, 0xBE, 0xFC, 0xBE,
    0xFC, 0xBE, 0xFC, 0xBE, 0xFC, 0xBE, 0xFC, 0xBE, 0xFC, 0xBE, 0xFC, 0xBE, 0xFC, 0xBE, 0xFC, 0xBE,
    0xFC, 0xBE, 0xFC, 0xBE, 0xFC, 0xBE, 0xFC, 0xBE, 0xFC, 0xBE, 0xFC, 0xBE, 0xFC, 0xB6, 0xDC, 0xB6,
    0xDC, 0xB6, 0xFC, 0xB6, 0xFC, 0xB6, 0xFC, 0xB6, 0xFC, 0xB6, 0xFC, 0xB6, 0xDC, 0xB6, 0xDC, 0xB6,
    0xDC, 0xB6, 0xFC, 0xB6, 0xFC, 0xB6, 0xFC, 0xB6, 0xDC, 0xB6, 0xFC, 0xB6, 0xFC, 0xB6, 0xFC, 0xB6,
    0xFC, 0xB6, 0xFC, 0xB6, 0xFC, 0xB6, 0xFC, 0xB6, 0xFC, 0xB6, 0xFC, 0xB6, 0xFC, 0xB6, 0xFC, 0xB6,
    0xFC, 0xB6, 0xFC, 0xB6, 0xFC, 0xB6, 0xFC, 0xB6, 0xDC, 0xB6, 0xDC, 0xB6, 0xDC, 0xB6, 0xDC, 0xB6,
    0xDC, 0xB6, 0xDC, 0xB6, 0xDC, 0xB6, 0xDC, 0xB6, 0xDC, 0xB6, 0xDC, 0xB6, 0xDC, 0xB6, 0xFC, 0xB6,
    0xFC, 0xB6, 0xDC, 0xB6, 0xDC, 0xB6, 0xDC, 0xB6, 0xFC, 0xB6, 0xFC, 0xB6, 0xFC, 0xB6, 0xFC, 0xB6,
    0xFC, 0xB6, 0xDC, 0xB6, 0xDC, 0xB6, 0xDC, 0xB6, 0xDC, 0xB6, 0xDC, 0xB6, 0xDC, 0xB6, 0xDC, 0xB6,
    0xDC, 0xB6, 0xDC, 0xB6, 0xDC, 0xB6, 0xDC, 0xB6, 0xDC, 0xB6, 0xDC, 0xB6, 0xDC, 0xB6, 0xDC, 0xB6,
    0xDC, 0xB6, 0xDC, 0xB6, 0xDC, 0xB6, 0xDC, 0xB6, 0xDC, 0xB6, 0xDC, 0xB6, 0xDC, 0xB6, 0xDC, 0xB6,
    0xDC, 0xB6, 0xDC, 0xB6, 0xDC, 0xB6, 0xDC, 0xB6, 0xDC, 0xB6, 0xDC, 0xB6, 0xDC, 0xB6, 0xDC, 0xB6,
    0xDC, 0xB6, 0xDC, 0xB6, 0xDC, 0xB6, 0xDC, 0xB6, 0xDC, 0xB6, 0xDC, 0xB6, 0xDC, 0xB6, 0xDC, 0xB6,
    0xDC, 0xB6, 0xDC, 0xB6, 0xDC, 0xB6, 0xDC, 0xB6, 0xDC, 0xB6, 0xDC, 0xB6, 0xDC, 0xB6, 0xDC, 0xB6,
    0xDC, 0xB6, 0xDC, 0xB6, 0xDC, 0xB6, 0xDC, 0xB6, 0xBC, 0xB6, 0xDC, 0xB6, 0xDC, 0xB6, 0xDC, 0xB6,
    0xDC, 0xB6, 0xDC, 0xB6, 0xBC, 0xB6, 0xDC, 0xB6, 0xDC, 0xB6, 0xDC, 0xB6, 0xBC, 0xB6, 0xDC, 0xB6,
    0xDC, 0xB6, 0xDC, 0xB6, 0xDC, 0xB6, 0xDC, 0xB6, 0xDC, 0xB6, 0xDC, 0xB6, 0xDC, 0xB6, 0xDC, 0xB6,
    0xDC, 0xB6, 0xDC, 0xB6, 0xDC, 0xB6, 0xDC, 0xB6, 0xDC, 0xB6, 0xDC, 0xB6, 0xDC, 0xB6, 0xDC, 0xB6,
    0xDC, 0xB6, 0xDC, 0xB6, 0xDC, 0xB6, 0xDC, 0xB6, 0xDC, 0xB6, 0xDC, 0xB6, 0xDC, 0xB6, 0xDC, 0xB6,
    0xDC, 0xB6, 0xDC, 0xB6, 0xDC, 0xB6, 0xDC, 0xB6, 0xDC, 0xB6, 0xDC, 0xB6, 0xDC, 0xB6, 0xDC, 0xB6,
    0xDC, 0xB6, 0xDC, 0xB6, 0xDC, 0xB6, 0xDC, 0xB6, 0xDC, 0xB6, 0xDC, 0xB6, 0xDC, 0xB6, 0xDC, 0xB6,
    0xDC, 0xB6, 0xDB, 0xB6, 0xDB, 0xB6, 0xDB, 0xB6, 0xDB, 0xB6, 0xDB, 0xB6, 0xDB, 0xB6, 0xDB, 0xB6,
    0xDB, 0xB6, 0xDB, 0xB6, 0xDB, 0xB6, 0xDB, 0xB6, 0xDB, 0xB6, 0xDB, 0xB6, 0xBB, 0xAE, 0xBC, 0xAE,
    0xBB, 0xAE, 0xBB, 0xAE, 0xBB, 0xAE, 0xBB, 0xAE, 0xBB, 0xAE, 0xBB, 0xAE, 0xBB, 0xAE, 0xBB, 0xAE,
    0xFC, 0xC6, 0xFC, 0xC6, 0xFC, 0xC6, 0xFC, 0xC6, 0xFC, 0xC6, 0xFC, 0xC6, 0xFC, 0xC6, 0xFC, 0xC6,
    0xFC, 0xC6, 0xFC, 0xC6, 0xFC, 0xC6, 0xFC, 0xC6, 0xFC, 0xC6, 0xFC, 0xC6, 0xFC, 0xC6, 0xFC, 0xC6,
    0xFC, 0xC6, 0xFC, 0xC6, 0xFC, 0xC6, 0xFC, 0xC6, 0xFC, 0xC6, 0xFC, 0xC6, 0xFC, 0xC6, 0xFC, 0xC6,
    0xFC, 0xC6, 0xFC, 0xC6, 0xFC, 0xC6, 0xFC, 0xC6, 0xFC, 0xC6, 0xFC, 0xC6, 0xFC, 0xC6, 0xFC, 0xC6,
    0xFC, 0xC6, 0xFC, 0xC6, 0xFC, 0xC6, 0xFC, 0xC6, 0xFC, 0xC6, 0xFC, 0xC6, 0xFC, 0xC6, 0xFC, 0xC6,
    0xFC, 0xC6, 0xFC, 0xC6, 0xFC, 0xC6, 0xFC, 0xC6, 0xFC, 0xC6, 0xFC, 0xC6, 0xFC, 0xC6, 0xFC, 0xC6,
    0xFC, 0xC6, 0xFC, 0xC6, 0xFC, 0xC6, 0xFC, 0xC6, 0xFC, 0xC6, 0xFC, 0xC6, 0xFC, 0xC6, 0xFC, 0xC6,
    0xFC, 0xC6, 0xFC, 0xC6, 0xFC, 0xC6, 0xFC, 0xC6, 0xFC, 0xC6, 0xFC, 0xC6, 0xFC, 0xC6, 0xFC, 0xC6,
    0xFC, 0xC6, 0xFC, 0xC6, 0xFC, 0xC6, 0xFC, 0xC6, 0xFC, 0xC6, 0xFC, 0xC6, 0xFC, 0xC6, 0xFC, 0xC6,
    0xFC, 0xC6, 0xFC, 0xC6, 0xFC, 0xC6, 0x1C, 0xC7, 0x1C, 0xC7, 0xFC, 0xC6, 0xFC, 0xBE, 0xFC, 0xBE,
    0xFC, 0xBE, 0xFC, 0xBE, 0xFC, 0xBE, 0xFC, 0xBE, 0xFC, 0xBE, 0xFC, 0xBE, 0xFC, 0xBE, 0xFC, 0xBE,
    0xFC, 0xBE, 0xFC, 0xBE, 0xFC, 0xBE, 0xFC, 0xBE, 0xFC, 0xBE, 0xFC, 0xBE, 0xFC, 0xBE, 0xFC, 0xBE,
    0xFC, 0xBE, 0xFC, 0xBE, 0xFC, 0xBE, 0xFC, 0xBE, 0xFC, 0xBE, 0xFC, 0xBE, 0xFC, 0xBE, 0xFC, 0xBE,
    0xFC, 0xBE, 0xFC, 0xBE, 0xFC, 0xBE, 0xFC, 0xBE, 0xFC, 0xBE, 0xFC, 0xBE, 0xFC, 0xBE, 0xFC, 0xBE,
    0xFC, 0xBE, 0xFC, 0xBE, 0xFC, 0xBE, 0xFC, 0xBE, 0xFC, 0xBE, 0xFC, 0xBE, 0xFC, 0xBE, 0xFC, 0xBE,
    0xFC, 0xBE, 0xFC, 0xBE, 0xFC, 0xBE, 0xFC, 0xBE, 0xFC, 0xBE, 0xFC, 0xBE, 0xFC, 0xBE, 0xFC, 0xBE,
    0xFC, 0xBE, 0xFC, 0xBE, 0xFC, 0xBE, 0xFC, 0xBE, 0xFC, 0xBE, 0xFC, 0xBE, 0xFC, 0xBE, 0xFC, 0xBE,
    0xFC, 0xBE, 0xFC, 0xBE, 0xFB, 0xBE, 0xFB, 0xBE, 0xFC, 0xBE, 0xFC, 0xBE, 0xFC, 0xBE, 0xFC, 0xB6,
    0xFC, 0xB6, 0xFC, 0xB6, 0xFC, 0xB6, 0xFC, 0xB6, 0xFC, 0xB6, 0xDC, 0xB6, 0xDC, 0xB6, 0xDC, 0xB6,
    0xFC, 0xB6, 0xFC, 0xB6, 0xFC, 0xB6, 0xFC, 0xB6, 0xDC, 0xB6, 0xDC, 0xB6, 0xDC, 0xB6, 0xDC, 0xB6,
    0xDC, 0xB6, 0xDC, 0xB6, 0xDC, 0xB6, 0xDC, 0xB6, 0xFC, 0xB6, 0xFC, 0xB6, 0xFC, 0xB6, 0xFC, 0xB6,
    0xFC, 0xB6, 0xFC, 0xB6, 0xFC, 0xB6, 0xDC, 0xB6, 0xDC, 0xB6, 0xDC, 0xB6, 0xDC, 0xB6, 0xDC, 0xB6,
    0xDC, 0xB6, 0xDC, 0xB6, 0xDC, 0xB6, 0xDC, 0xB6, 0xDC, 0xB6, 0xFC, 0xB6, 0xFC, 0xB6, 0xFC, 0xB6,
    0xFC, 0xB6, 0xFC, 0xB6, 0xFC, 0xB6, 0xFC, 0xB6, 0xFC, 0xB6, 0xFC, 0xB6, 0xFC, 0xB6, 0xFC, 0xB6,
    0xFC, 0xB6, 0xDC, 0xB6, 0xDC, 0xB6, 0xFC, 0xB6, 0xDC, 0xB6, 0xDC, 0xB6, 0xDC, 0xB6, 0xDC, 0xB6,
    0xDC, 0xB6, 0xDC, 0xB6, 0xDC, 0xB6, 0xDC, 0xB6, 0xDC, 0xB6, 0xDC, 0xB6, 0xDC, 0xB6, 0xDC, 0xB6,
    0xDC, 0xB6, 0xDC, 0xB6, 0xDC, 0xB6, 0xDC, 0xB6, 0xDC, 0xB6, 0xDC, 0xB6, 0xDC, 0xB6, 0xDC, 0xB6,
    0xDC, 0xB6, 0xDC, 0xB6, 0xDC, 0xB6, 0xDC, 0xB6, 0xDC, 0xB6, 0xDC, 0xB6, 0xDC, 0xB6, 0xDC, 0xB6,
    0xDC, 0xB6, 0xDC, 0xB6, 0xDC, 0xB6, 0xDC, 0xB6, 0xDC, 0xB6, 0xDC, 0xB6, 0xDC, 0xB6, 0xDC, 0xB6,
    0xDC, 0xB6, 0xDC, 0xB6, 0xDC, 0xB6, 0xDC, 0xB6, 0xDC, 0xB6, 0xDC, 0xB6, 0xDC, 0xB6, 0xDC, 0xB6,
    0xDC, 0xB6, 0xDC, 0xB6, 0xDC, 0xB6, 0xDC, 0xB6, 0xBC, 0xB6, 0xBC, 0xB6, 0xDC, 0xB6, 0xDC, 0xB6,
    0xDC, 0xB6, 0xDC, 0xB6, 0xBC, 0xB6, 0xDC, 0xB6, 0xDC, 0xB6, 0xDC, 0xB6, 0xBC, 0xB6, 0xBC, 0xB6,
    0xBC, 0xB6, 0xBC, 0xB6, 0xBC, 0xB6, 0xBC, 0xB6, 0xBC, 0xB6, 0xBC, 0xB6, 0xBC, 0xB6, 0xBC, 0xB6,
    0xBC, 0xB6, 0xBC, 0xB6, 0xBC, 0xB6, 0xBC, 0xB6, 0xBC, 0xB6, 0xBC, 0xB6, 0xDC, 0xB6, 0xDC, 0xB6,
    0xDC, 0xB6, 0xDC, 0xB6, 0xDC, 0xB6, 0xDC, 0xB6, 0xDC, 0xB6, 0xDC, 0xB6, 0xDC, 0xB6, 0xBB, 0xAE,
    0xDC, 0xB6, 0xDC, 0xB6, 0xBC, 0xB6, 0xDC, 0xB6, 0xDC, 0xB6, 0xDC, 0xB6, 0xDC, 0xB6, 0xDC, 0xB6,
    0xDC, 0xB6, 0xDC, 0xB6, 0xDC, 0xB6, 0xDC, 0xB6, 0xDC, 0xB6, 0xDC, 0xB6, 0xDC, 0xB6, 0xDC, 0xB6,
    0xDC, 0xB6, 0xDB, 0xB6, 0xDB, 0xB6, 0xDB, 0xB6, 0xDB, 0xB6, 0xDB, 0xB6, 0xDB, 0xB6, 0xDB, 0xB6,
    0xDB, 0xB6, 0xDB, 0xB6, 0xDB, 0xB6, 0xDB, 0xB6, 0xDB, 0xB6, 0xDB, 0xB6, 0xDC, 0xB6, 0xBC, 0xAE,
    0xBB, 0xAE, 0xDC, 0xB6, 0xDC, 0xB6, 0xBB, 0xAE, 0xBB, 0xAE, 0xBB, 0xAE, 0xBB, 0xAE, 0xBB, 0xAE,
    0xFC, 0xC6, 0xFC, 0xC6, 0xFC, 0xC6, 0xFC, 0xC6, 0xFC, 0xC6, 0xFC, 0xC6, 0xFC, 0xC6, 0xFC, 0xC6,
    0xFC, 0xC6, 0xFC, 0xC6, 0xFC, 0xC6, 0xFC, 0xC6, 0xFC, 0xC6, 0xFC, 0xC6, 0xFC, 0xC6, 0xFC, 0xC6,
    0xFC, 0xC6, 0xFC, 0xC6, 0xFC, 0xC6, 0xFC, 0xC6, 0xFC, 0xC6, 0xFC, 0xC6, 0xFC, 0xC6, 0xFC, 0xC6,
    0xFC, 0xC6, 0xFC, 0xC6, 0xFC, 0xC6, 0xFC, 0xC6, 0xFC, 0xC6, 0xFC, 0xC6, 0xFC, 0xC6, 0xFC, 0xC6,
    0xFC, 0xC6, 0xFC, 0xC6, 0xFC, 0xC6, 0xFC, 0xC6, 0xFC, 0xC6, 0xFC, 0xC6, 0xFC, 0xC6, 0xFC, 0xC6,
    0xFC, 0xC6, 0xFC, 0xC6, 0xFC, 0xC6, 0xFC, 0xC6, 0xFC, 0xC6, 0xFC, 0xC6, 0xFC, 0xC6, 0xFC, 0xC6,
    0xFC, 0xC6, 0xFC, 0xC6, 0xFC, 0xC6, 0xFC, 0xC6, 0xFC, 0xC6, 0xFC, 0xC6, 0xFC, 0xC6, 0xFC, 0xC6,
    0xFC, 0xC6, 0xFC, 0xC6, 0xFC, 0xC6, 0xFC, 0xC6, 0xFC, 0xC6, 0xFC, 0xC6, 0xFC, 0xC6, 0xFC, 0xC6,
    0xFC, 0xC6, 0xFC, 0xC6, 0xFC, 0xC6, 0xFC, 0xC6, 0xFC, 0xC6, 0xFC, 0xC6, 0xFC, 0xC6, 0xFC, 0xC6,
    0xFC, 0xC6, 0xFC, 0xC6, 0xFC, 0xC6, 0x1C, 0xC7, 0x1C, 0xC7, 0xFC, 0xC6, 0xFC, 0xC6, 0xFC, 0xC6,
    0xFC, 0xC6, 0xFC, 0xC6, 0xFC, 0xBE, 0xFC, 0xBE, 0xFC, 0xBE, 0xFC, 0xBE, 0xFC, 0xBE, 0xFC, 0xBE,
    0xFC, 0xBE, 0xFC, 0xBE, 0xFC, 0xBE, 0xFC, 0xBE, 0xFC, 0xBE, 0xFC, 0xBE, 0xFC, 0xBE, 0xFC, 0xBE,
    0xFC, 0xBE, 0xFC, 0xBE, 0xFC, 0xBE, 0xFC, 0xBE, 0xFC, 0xBE, 0xFC, 0xBE, 0xFC, 0xBE, 0xFC, 0xBE,
    0xFC, 0xBE, 0xFC, 0xBE, 0xFC, 0xBE, 0xFC, 0xBE, 0xFC, 0xBE, 0xFC, 0xBE, 0xFC, 0xBE, 0xFC, 0xBE,
    0xFC, 0xBE, 0xFC, 0xBE, 0xFC, 0xBE, 0xFC, 0xBE, 0xFC, 0xBE, 0xFC, 0xBE, 0xFC, 0xBE, 0xFC, 0xBE,
    0xFC, 0xBE, 0xFC, 0xBE, 0xFC, 0xBE, 0xFC, 0xBE, 0xFC, 0xBE, 0xFC, 0xBE, 0xFC, 0xBE, 0xFC, 0xBE,
    0xFC, 0xBE, 0xFC, 0xBE, 0xFC, 0xBE, 0xFC, 0xBE, 0xFC, 0xBE, 0xFC, 0xBE, 0xFC, 0xBE, 0xFC, 0xBE,
    0xFC, 0xBE, 0xFB, 0xBE, 0xFB, 0xBE, 0xFB, 0xBE, 0xDC, 0xBE, 0xFC, 0xBE, 0xFC, 0xBE, 0xFC, 0xBE,
    0xFC, 0xB6, 0xFB, 0xBE, 0xFC, 0xBE, 0xFC, 0xBE, 0xDC, 0xBE, 0xDC, 0xB6, 0xDC, 0xB6, 0xFC, 0xB6,
    0xFC, 0xB6, 0xFC, 0xB6, 0xFC, 0xB6, 0xFC, 0xB6, 0xFC, 0xB6, 0xFC, 0xB6, 0xFC, 0xB6, 0xFC, 0xB6,
    0xDC, 0xB6, 0xDC, 0xB6, 0xDC, 0xB6, 0xDC, 0xB6, 0xDC, 0xB6, 0xFC, 0xB6, 0xFC, 0xB6, 0xFC, 0xB6,
    0xFC, 0xB6, 0xFC, 0xB6, 0xDC, 0xB6, 0xDC, 0xB6, 0xDC, 0xB6, 0xDC, 0xB6, 0xDC, 0xB6, 0xDC, 0xB6,
    0xDC, 0xB6, 0xDC, 0xB6, 0xDC, 0xB6, 0xDC, 0xB6, 0xDC, 0xB6, 0xFC, 0xB6, 0xFC, 0xB6, 0xFC, 0xB6,
    0xFC, 0xB6, 0xFC, 0xB6, 0xFC, 0xB6, 0xFC, 0xB6, 0xFC, 0xB6, 0xFC, 0xB6, 0xFC, 0xB6, 0xFC, 0xB6,
    0xFC, 0xB6, 0xDC, 0xB6, 0xDC, 0xB6, 0xDC, 0xB6, 0xDC, 0xB6, 0xDC, 0xB6, 0xDC, 0xB6, 0xDC, 0xB6,
    0xDC, 0xB6, 0xDC, 0xB6, 0xDC, 0xB6, 0xDC, 0xB6, 0xDC, 0xB6, 0xDC, 0xB6, 0xDC, 0xB6, 0xDC, 0xB6,
    0xDC, 0xB6, 0xDC, 0xB6, 0xDC, 0xB6, 0xDC, 0xB6, 0xDC, 0xB6, 0xDC, 0xB6, 0xDC, 0xB6, 0xDC, 0xB6,
    0xDC, 0xB6, 0xDC, 0xB6, 0xDC, 0xB6, 0xDC, 0xB6, 0xDC, 0xB6, 0xDC, 0xB6, 0xDC, 0xB6, 0xDC, 0xB6,
    0xDC, 0xB6, 0xDC, 0xB6, 0xDC, 0xB6, 0xDC, 0xB6, 0xDC, 0xB6, 0xDC, 0xB6, 0xDC, 0xB6, 0xDC, 0xB6,
    0xDC, 0xB6, 0xDC, 0xB6, 0xDC, 0xB6, 0xDC, 0xB6, 0xDC, 0xB6, 0xDC, 0xB6, 0xDC, 0xB6, 0xDC, 0xB6,
    0xDC, 0xB6, 0xDC, 0xB6, 0xDC, 0xB6, 0xDC, 0xB6, 0xDC, 0xB6, 0xDC, 0xB6, 0xDC, 0xB6, 0xDC, 0xB6,
    0xDC, 0xB6, 0xDC, 0xB6, 0xDC, 0xB6, 0xDC, 0xB6, 0xDC, 0xB6, 0xDC, 0xB6, 0xDC, 0xB6, 0xBC, 0xB6,
    0xBC, 0xB6, 0xBC, 0xB6, 0xBC, 0xB6, 0xBC, 0xB6, 0xBC, 0xB6, 0xBC, 0xB6, 0xBC, 0xB6, 0xBC, 0xB6,
    0xBC, 0xB6, 0xBC, 0xB6, 0xBC, 0xB6, 0xBC, 0xB6, 0xBC, 0xB6, 0xBC, 0xB6, 0xBC, 0xB6, 0xBC, 0xB6,
    0xBC, 0xB6, 0xBC, 0xB6, 0xBC, 0xB6, 0xDC, 0xB6, 0xDC, 0xB6, 0xDC, 0xB6, 0xDC, 0xB6, 0xDC, 0xB6,
    0xBB, 0xAE, 0xBB, 0xAE, 0xBC, 0xB6, 0xDC, 0xB6, 0xDC, 0xB6, 0xBC, 0xB6, 0xBC, 0xB6, 0xBC, 0xB6,
    0xBC, 0xB6, 0xBC, 0xB6, 0xBC, 0xB6, 0xBC, 0xB6, 0xBC, 0xB6, 0xBC, 0xB6, 0xBC, 0xB6, 0xDC, 0xB6,
    0xDC, 0xB6, 0xDB, 0xB6, 0xDB, 0xB6, 0xDB, 0xB6, 0xDB, 0xB6, 0xDB, 0xB6, 0xDB, 0xB6, 0xDB, 0xB6,
    0xDB, 0xB6, 0xDB, 0xB6, 0xDB, 0xB6, 0xDB, 0xB6, 0xDB, 0xB6, 0xDB, 0xB6, 0xDC, 0xB6, 0xBB, 0xAE,
    0xBC, 0xB6, 0xDC, 0xB6, 0xDC, 0xB6, 0xBB, 0xAE, 0xBB, 0xAE, 0xBB, 0xAE, 0xBB, 0xAE, 0xBB, 0xAE,
    0x1C, 0xC7, 0xFC, 0xC6, 0xFC, 0xC6, 0xFC, 0xC6, 0xFC, 0xC6, 0xFC, 0xC6, 0xFC, 0xC6, 0xFC, 0xC6,
    0xFC, 0xC6, 0xFC, 0xC6, 0xFC, 0xC6, 0xFC, 0xC6, 0xFC, 0xC6, 0xFC, 0xC6, 0xFC, 0xC6, 0xFC, 0xC6,
    0xFC, 0xC6, 0xFC, 0xC6, 0xFC, 0xC6, 0xFC, 0xC6, 0xFC, 0xC6, 0xFC, 0xC6, 0xFC, 0xC6, 0xFC, 0xC6,
    0xFC, 0xC6, 0xFC, 0xC6, 0xFC, 0xC6, 0xFC, 0xC6, 0xFC, 0xC6, 0xFC, 0xC6, 0xFC, 0xC6, 0xFC, 0xC6,
    0xFC, 0xC6, 0xFC, 0xC6, 0xFC, 0xC6, 0xFC, 0xC6, 0xFC, 0xC6, 0xFC, 0xC6, 0xFC, 0xC6, 0xFC, 0xC6,
    0xFC, 0xC6, 0xFC, 0xC6, 0xFC, 0xC6, 0xFC, 0xC6, 0xFC, 0xC6, 0xFC, 0xC6, 0xFC, 0xC6, 0xFC, 0xC6,
    0xFC, 0xC6, 0xFC, 0xC6, 0xFC, 0xC6, 0xFC, 0xC6, 0xFC, 0xC6, 0xFC, 0xC6, 0xFC, 0xC6, 0xFC, 0xC6,
    0xFC, 0xC6, 0xFC, 0xC6, 0xFC, 0xC6, 0xFC, 0xC6, 0xFC, 0xC6, 0xFC, 0xC6, 0xFC, 0xC6, 0xFC, 0xC6,
    0xFC, 0xC6, 0xFC, 0xC6, 0xFC, 0xC6, 0xFC, 0xC6, 0xFC, 0xC6, 0xFC, 0xC6, 0xFC, 0xC6, 0xFC, 0xC6,
    0xFC, 0xC6, 0xFC, 0xC6, 0xFC, 0xC6, 0x1C, 0xC7, 0x1C, 0xC7, 0x1C, 0xC7, 0x1C, 0xC7, 0x1C, 0xC7,
    0x1C, 0xC7, 0xFC, 0xC6, 0xFC, 0xBE, 0xFC, 0xBE, 0xFC, 0xBE, 0xFC, 0xBE, 0xFC, 0xBE, 0xFC, 0xBE,
    0xFC, 0xBE, 0xFC, 0xBE, 0xFC, 0xBE, 0xFC, 0xBE, 0xFC, 0xBE, 0xFC, 0xBE, 0xFC, 0xBE, 0xFC, 0xBE,
    0xFC, 0xBE, 0xFC, 0xBE, 0xFC, 0xBE, 0xFC, 0xBE, 0xFC, 0xBE, 0xFC, 0xBE, 0xFC, 0xBE, 0xFC, 0xBE,
    0xFC, 0xBE, 0xFC, 0xBE, 0xFC, 0xBE, 0xFC, 0xBE, 0xFC, 0xBE, 0xFC, 0xBE, 0xFC, 0xBE, 0xFC, 0xBE,
    0xFC, 0xBE, 0xFC, 0xBE, 0xFC, 0xBE, 0xFC, 0xBE, 0xFC, 0xBE, 0xFC, 0xBE, 0xFC, 0xBE, 0xFC, 0xBE,
    0xFC, 0xBE, 0xFC, 0xBE, 0xFC, 0xBE, 0xFC, 0xBE, 0xFC, 0xBE, 0xFC, 0xBE, 0xFC, 0xBE, 0xFC, 0xBE,
    0xFC, 0xBE, 0xFC, 0xBE, 0xFC, 0xBE, 0xFC, 0xBE, 0xFC, 0xBE, 0xFC, 0xBE, 0xFC, 0xBE, 0xFC, 0xBE,
    0xFC, 0xBE, 0xFC, 0xBE, 0xFC, 0xBE, 0xFC, 0xBE, 0xDC, 0xBE, 0xDC, 0xBE, 0xDC, 0xBE, 0xDC, 0xBE,
    0xDC, 0xBE, 0xDC, 0xBE, 0xDC, 0xBE, 0xDC, 0xBE, 0xDC, 0xBE, 0xDC, 0xBE, 0xDC, 0xBE, 0xDC, 0xBE,
    0xDC, 0xB6, 0xFC, 0xB6, 0xFC, 0xB6, 0xFC, 0xB6, 0xFC, 0xB6, 0xFC, 0xB6, 0xFC, 0xB6, 0xFC, 0xB6,
    0xDC, 0xB6, 0xDC, 0xB6, 0xDC, 0xB6, 0xDC, 0xB6, 0xDC, 0xB6, 0xDC, 0xB6, 0xDC, 0xB6, 0xFC, 0xB6,
    0xFC, 0xB6, 0xFC, 0xB6, 0xFC, 0xB6, 0xFC, 0xB6, 0xFC, 0xB6, 0xDC, 0xB6, 0xDC, 0xB6, 0xDC, 0xB6,
    0xDC, 0xB6, 0xDC, 0xB6, 0xDC, 0xB6, 0xDC, 0xB6, 0xDC, 0xB6, 0xDC, 0xB6, 0xDC, 0xB6, 0xDC, 0xB6,
    0xFC, 0xB6, 0xFC, 0xB6, 0xFC, 0xB6, 0xFC, 0xB6, 0xFC, 0xB6, 0xFC, 0xB6, 0xFC, 0xB6, 0xFC, 0xB6,
    0xFC, 0xB6, 0xDC, 0xB6, 0xDC, 0xB6, 0xDC, 0xB6, 0xDC, 0xB6, 0xDC, 0xB6, 0xDC, 0xB6, 0xDC, 0xB6,
    0xDC, 0xB6, 0xDC, 0xB6, 0xDC, 0xB6, 0xDC, 0xB6, 0xDC, 0xB6, 0xDC, 0xB6, 0xDC, 0xB6, 0xDC, 0xB6,
    0xDC, 0xB6, 0xDC, 0xB6, 0xDC, 0xB6, 0xDC, 0xB6, 0xDC, 0xB6, 0xDC, 0xB6, 0xDC, 0xB6, 0xDC, 0xB6,
    0xDC, 0xB6, 0xDC, 0xB6, 0xDC, 0xB6, 0xDC, 0xB6, 0xDC, 0xB6, 0xDC, 0xB6, 0xDC, 0xB6, 0xDC, 0xB6,
    0xDC, 0xB6, 0xDC, 0xB6, 0xDC, 0xB6, 0xDC, 0xB6, 0xDC, 0xB6, 0xDC, 0xB6, 0xDC, 0xB6, 0xDC, 0xB6,
    0xDC, 0xB6, 0xDC, 0xB6, 0xDC, 0xB6, 0xDC, 0xB6, 0xDC, 0xB6, 0xDC, 0xB6, 0xDC, 0xB6, 0xDC, 0xB6,
    0xDC, 0xB6, 0xDC, 0xB6, 0xDC, 0xB6, 0xDC, 0xB6, 0xDC, 0xB6, 0xDC, 0xB6, 0xDC, 0xB6, 0xDC, 0xB6,
    0xDC, 0xB6, 0xDC, 0xB6, 0xDC, 0xB6, 0xDC, 0xB6, 0xDC, 0xB6, 0xDC, 0xB6, 0xDC, 0xB6, 0xBC, 0xB6,
    0xBC, 0xB6, 0xBC, 0xB6, 0xBC, 0xB6, 0xBB, 0xB6, 0xBC, 0xB6, 0xBC, 0xB6, 0xBC, 0xB6, 0xBC, 0xB6,
    0xBC, 0xB6, 0xBC, 0xB6, 0xBC, 0xB6, 0xBC, 0xB6, 0xBC, 0xB6, 0xBC, 0xB6, 0xBC, 0xB6, 0xBC, 0xB6,
    0xBC, 0xB6, 0xBC, 0xB6, 0xBC, 0xB6, 0xBC, 0xB6, 0xBC, 0xB6, 0xBC, 0xB6, 0xDC, 0xB6, 0xDC, 0xB6,
    0xDC, 0xB6, 0xDC, 0xB6, 0xDC, 0xB6, 0xDC, 0xB6, 0xDC, 0xB6, 0xBC, 0xB6, 0xBB, 0xB6, 0xBB, 0xB6,
    0xBC, 0xB6, 0xBC, 0xB6, 0xDC, 0xB6, 0xDC, 0xB6, 0xDC, 0xB6, 0xDC, 0xB6, 0xBB, 0xAE, 0xDC, 0xB6,
    0xDC, 0xB6, 0xDC, 0xB6, 0xDC, 0xB6, 0xDC, 0xB6, 0xDC, 0xB6, 0xDC, 0xB6, 0xDC, 0xB6, 0xBB, 0xAE,
    0xBB, 0xAE, 0xBB, 0xAE, 0xBB, 0xAE, 0xBB, 0xAE, 0xBB, 0xAE, 0xBB, 0xAE, 0xBB, 0xB6, 0xBB, 0xB6,
    0xBB, 0xB6, 0xBB, 0xB6, 0xBB, 0xB6, 0xBB, 0xB6, 0xBB, 0xB6, 0xBB, 0xB6, 0xBB, 0xB6, 0xBB, 0xB6,
    0x1C, 0xC7, 0x1C, 0xC7, 0xFC, 0xC6, 0xFC, 0xC6, 0xFC, 0xC6, 0xFC, 0xC6, 0xFC, 0xC6, 0xFC, 0xC6,
    0xFC, 0xC6, 0xFC, 0xC6, 0xFC, 0xC6, 0xFC, 0xC6, 0xFC, 0xC6, 0xFC, 0xC6, 0xFC, 0xC6, 0xFC, 0xC6,
    0xFC, 0xC6, 0xFC, 0xC6, 0xFC, 0xC6, 0xFC, 0xC6, 0xFC, 0xC6, 0xFC, 0xC6, 0xFC, 0xC6, 0xFC, 0xC6,
    0xFC, 0xC6, 0xFC, 0xC6, 0xFC, 0xC6, 0xFC, 0xC6, 0xFC, 0xC6, 0xFC, 0xC6, 0xFC, 0xC6, 0xFC, 0xC6,
    0xFC, 0xC6, 0xFC, 0xC6, 0xFC, 0xC6, 0xFC, 0xC6, 0xFC, 0xC6, 0xFC, 0xC6, 0xFC, 0xC6, 0xFC, 0xC6,
    0xFC, 0xC6, 0xFC, 0xC6, 0xFC, 0xC6, 0xFC, 0xC6, 0xFC, 0xC6, 0xFC, 0xC6, 0xFC, 0xC6, 0xFC, 0xC6,
    0xFC, 0xC6, 0xFC, 0xC6, 0xFC, 0xC6, 0xFC, 0xC6, 0xFC, 0xC6, 0xFC, 0xC6, 0xFC, 0xC6, 0xFC, 0xC6,
    0xFC, 0xC6, 0xFC, 0xC6, 0xFC, 0xC6, 0xFC, 0xC6, 0xFC, 0xC6, 0xFC, 0xC6, 0xFC, 0xC6, 0xFC, 0xC6,
    0xFC, 0xC6, 0xFC, 0xC6, 0xFC, 0xC6, 0xFC, 0xC6, 0xFC, 0xC6, 0xFC, 0xC6, 0xFC, 0xC6, 0x1C, 0xC7,
    0x1C, 0xC7, 0x1C, 0xC7, 0x1C, 0xC7, 0x1C, 0xC7, 0x1C, 0xC7, 0x1C, 0xC7, 0x1C, 0xC7, 0x1C, 0xC7,
    0x1C, 0xC7, 0xFC, 0xC6, 0xFC, 0xC6, 0x1C, 0xBF, 0xFC, 0xBE, 0xFC, 0xBE, 0xFC, 0xBE, 0xFC, 0xBE,
    0xFC, 0xBE, 0xFC, 0xBE, 0xFC, 0xBE, 0xFC, 0xBE, 0xFC, 0xBE, 0xFC, 0xBE, 0xFC, 0xBE, 0xFC, 0xBE,
    0xFC, 0xBE, 0xFC, 0xBE, 0xFC, 0xBE, 0xFC, 0xBE, 0xFC, 0xBE, 0xFC, 0xBE, 0xFC, 0xBE, 0xFC, 0xBE,
    0xFC, 0xBE, 0xFC, 0xBE, 0xFC, 0xBE, 0xFC, 0xBE, 0xFC, 0xBE, 0xFC, 0xBE, 0xFC, 0xBE, 0xFC, 0xBE,
    0xFC, 0xBE, 0xFC, 0xBE, 0xFC, 0xBE, 0xFC, 0xBE, 0xFC, 0xBE, 0xFC, 0xBE, 0xFC, 0xBE, 0xFC, 0xBE,
    0xFC, 0xBE, 0xFC, 0xBE, 0xFC, 0xBE, 0xFC, 0xBE, 0xFC, 0xBE, 0xFC, 0xBE, 0xFC, 0xBE, 0xFC, 0xBE,
    0xFC, 0xBE, 0xFC, 0xBE, 0xFC, 0xBE, 0xFC, 0xBE, 0xFC, 0xBE, 0xFC, 0xBE, 0xFC, 0xBE, 0xFC, 0xBE,
    0xFC, 0xBE, 0xFC, 0xBE, 0xFC, 0xBE, 0xFC, 0xBE, 0xDC, 0xBE, 0xDC, 0xBE, 0xDC, 0xBE, 0xDC, 0xBE,
    0xDC, 0xBE, 0xDC, 0xBE, 0xDC, 0xBE, 0xDC, 0xBE, 0xDC, 0xBE, 0xDC, 0xBE, 0xDC, 0xBE, 0xDC, 0xBE,
    0xFC, 0xBE, 0xFC, 0xB6, 0xFC, 0xB6, 0xDC, 0xB6, 0xDC, 0xB6, 0xFC, 0xB6, 0xDC, 0xB6, 0xDC, 0xB6,
    0xDC, 0xB6, 0xDC, 0xB6, 0xDC, 0xB6, 0xDC, 0xB6, 0xDC, 0xB6, 0xFC, 0xB6, 0xFC, 0xB6, 0xFC, 0xB6,
    0xFC, 0xB6, 0xFC, 0xB6, 0xFC, 0xB6, 0xFC, 0xB6, 0xFC, 0xB6, 0xDC, 0xB6, 0xDC, 0xB6, 0xDC, 0xB6,
    0xDC, 0xB6, 0xDC, 0xB6, 0xDC, 0xB6, 0xDC, 0xB6, 0xDC, 0xB6, 0xDC, 0xB6, 0xDC, 0xB6, 0xDC, 0xB6,
    0xDC, 0xB6, 0xFC, 0xB6, 0xFC, 0xB6, 0xFC, 0xB6, 0xFC, 0xB6, 0xFC, 0xB6, 0xFC, 0xB6, 0xFC, 0xB6,
    0xFC, 0xB6, 0xDC, 0xB6, 0xDC, 0xB6, 0xDC, 0xB6, 0xDC, 0xB6, 0xDC, 0xB6, 0xDC, 0xB6, 0xDC, 0xB6,
    0xDC, 0xB6, 0xDC, 0xB6, 0xDC, 0xB6, 0xDC, 0xB6, 0xDC, 0xB6, 0xDC, 0xB6, 0xDC, 0xB6, 0xDC, 0xB6,
    0xDC, 0xB6, 0xDC, 0xB6, 0xDC, 0xB6, 0xDC, 0xB6, 0xDC, 0xB6, 0xDC, 0xB6, 0xDC, 0xB6, 0xDC, 0xB6,
    0xDC, 0xB6, 0xDC, 0xB6, 0xDC, 0xB6, 0xDC, 0xB6, 0xDC, 0xB6, 0xDC, 0xB6, 0xDC, 0xB6, 0xDC, 0xB6,
    0xDC, 0xB6, 0xDC, 0xB6, 0xDC, 0xB6, 0xDC, 0xB6, 0xDC, 0xB6, 0xDC, 0xB6, 0xDC, 0xB6, 0xDC, 0xB6,
    0xDC, 0xB6, 0xDC, 0xB6, 0xDC, 0xB6, 0xDC, 0xB6, 0xDC, 0xB6, 0xDC, 0xB6, 0xDC, 0xB6, 0xDC, 0xB6,
    0xDC, 0xB6, 0xDC, 0xB6, 0xDC, 0xB6, 0xDC, 0xB6, 0xDC, 0xB6, 0xDC, 0xB6, 0xDC, 0xB6, 0xDC, 0xB6,
    0xDC, 0xB6, 0xDC, 0xB6, 0xDC, 0xB6, 0xDC, 0xB6, 0xDC, 0xB6, 0xDC, 0xB6, 0xDC, 0xB6, 0xDC, 0xB6,
    0xDC, 0xB6, 0xDC, 0xB6, 0xDC, 0xB6, 0xBC, 0xB6, 0xBC, 0xB6, 0xBC, 0xB6, 0xBC, 0xB6, 0xBC, 0xB6,
    0xBC, 0xB6, 0xBC, 0xB6, 0xBC, 0xB6, 0xBC, 0xB6, 0xBC, 0xB6, 0xBC, 0xB6, 0xBC, 0xB6, 0xBC, 0xB6,
    0xBC, 0xB6, 0xBC, 0xB6, 0xBC, 0xB6, 0xBC, 0xB6, 0xBC, 0xB6, 0xBC, 0xB6, 0xBC, 0xB6, 0xBC, 0xB6,
    0xDC, 0xB6, 0xDC, 0xB6, 0xDC, 0xB6, 0xDC, 0xB6, 0xDC, 0xB6, 0xDC, 0xB6, 0xBC, 0xB6, 0xBC, 0xB6,
    0xDC, 0xB6, 0xDC, 0xB6, 0xDC, 0xB6, 0xDC, 0xB6, 0xDC, 0xB6, 0xDC, 0xB6, 0xDC, 0xB6, 0xBB, 0xAE,
    0xBB, 0xAE, 0xDC, 0xB6, 0xDC, 0xB6, 0xDC, 0xB6, 0xDC, 0xB6, 0xDC, 0xAE, 0xBB, 0xAE, 0xDC, 0xB6,
    0xDC, 0xB6, 0xBB, 0xAE, 0xBB, 0xAE, 0xBB, 0xAE, 0xBB, 0xAE, 0xBB, 0xAE, 0xBB, 0xB6, 0xBB, 0xB6,
    0xBB, 0xB6, 0xBB, 0xB6, 0xBB, 0xB6, 0xBB, 0xB6, 0xBB, 0xB6, 0xBB, 0xB6, 0xBB, 0xB6, 0xBB, 0xB6,
    0x1C, 0xC7, 0x1C, 0xC7, 0xFC, 0xC6, 0xFC, 0xC6, 0xFC, 0xC6, 0xFC, 0xC6, 0xFC, 0xC6, 0xFC, 0xC6,
    0xFC, 0xC6, 0xFC, 0xC6, 0xFC, 0xC6, 0xFC, 0xC6, 0xFC, 0xC6, 0xFC, 0xC6, 0xFC, 0xC6, 0xFC, 0xC6,
    0xFC, 0xC6, 0xFC, 0xC6, 0xFC, 0xC6, 0xFC, 0xC6, 0xFC, 0xC6, 0xFC, 0xC6, 0xFC, 0xC6, 0xFC, 0xC6,
    0xFC, 0xC6, 0xFC, 0xC6, 0xFC, 0xC6, 0xFC, 0xC6, 0xFC, 0xC6, 0xFC, 0xC6, 0xFC, 0xC6, 0xFC, 0xC6,
    0xFC, 0xC6, 0xFC, 0xC6, 0xFC, 0xC6, 0xFC, 0xC6, 0xFC, 0xC6, 0xFC, 0xC6, 0xFC, 0xC6, 0xFC, 0xC6,
    0xFC, 0xC6, 0xFC, 0xC6, 0xFC, 0xC6, 0xFC, 0xC6, 0xFC, 0xC6, 0xFC, 0xC6, 0xFC, 0xC6, 0xFC, 0xC6,
    0xFC, 0xC6, 0xFC, 0xC6, 0xFC, 0xC6, 0xFC, 0xC6, 0xFC, 0xC6, 0xFC, 0xC6, 0xFC, 0xC6, 0xFC, 0xC6,
    0xFC, 0xC6, 0xFC, 0xC6, 0xFC, 0xC6, 0xFC, 0xC6, 0xFC, 0xC6, 0xFC, 0xC6, 0xFC, 0xC6, 0xFC, 0xC6,
    0xFC, 0xC6, 0xFC, 0xC6, 0xFC, 0xC6, 0xFC, 0xC6, 0xFC, 0xC6, 0xFC, 0xC6, 0xFC, 0xC6, 0xFC, 0xC6,
    0xFC, 0xC6, 0xFC, 0xC6, 0xFC, 0xC6, 0x1C, 0xC7, 0x1C, 0xC7, 0x1C, 0xC7, 0x1C, 0xC7, 0x1C, 0xC7,
    0x1C, 0xC7, 0xFC, 0xC6, 0xFC, 0xC6, 0xFC, 0xC6, 0xFC, 0xBE, 0xFC, 0xBE, 0xFC, 0xBE, 0xFC, 0xBE,
    0xFC, 0xBE, 0xFC, 0xBE, 0xFC, 0xBE, 0xFC, 0xBE, 0xFC, 0xBE, 0xFC, 0xBE, 0xFC, 0xBE, 0xFC, 0xBE,
    0xFC, 0xBE, 0xFC, 0xBE, 0xFC, 0xBE, 0xFC, 0xBE, 0xFC, 0xBE, 0xFC, 0xBE, 0xFC, 0xBE, 0xFC, 0xBE,
    0xFC, 0xBE, 0xFC, 0xBE, 0xFC, 0xBE, 0xFC, 0xBE, 0xFC, 0xBE, 0xFC, 0xBE, 0xFC, 0xBE, 0xFC, 0xBE,
    0xFC, 0xBE, 0xFC, 0xBE, 0xFC, 0xBE, 0xFC, 0xBE, 0xFC, 0xBE, 0xFC, 0xBE, 0xFC, 0xBE, 0xFC, 0xBE,
    0xFC, 0xBE, 0xFC, 0xBE, 0xFC, 0xBE, 0xFC, 0xBE, 0xFC, 0xBE, 0xFC, 0xBE, 0xFC, 0xBE, 0xFC, 0xBE,
    0xFC, 0xBE, 0xDC, 0xBE, 0xFC, 0xBE, 0xFC, 0xBE, 0xFC, 0xBE, 0xFC, 0xBE, 0xFC, 0xBE, 0xFC, 0xBE,
    0xFC, 0xBE, 0xFC, 0xBE, 0xFC, 0xBE, 0xFC, 0xBE, 0xDC, 0xBE, 0xDC, 0xBE, 0xDC, 0xBE, 0xDC, 0xBE,
    0xDC, 0xBE, 0xDC, 0xBE, 0xDC, 0xBE, 0xDC, 0xBE, 0xDC, 0xBE, 0xDC, 0xBE, 0xDC, 0xBE, 0xDC, 0xBE,
    0xFC, 0xBE, 0xFC, 0xBE, 0xFC, 0xBE, 0xDC, 0xB6, 0xDC, 0xB6, 0xFC, 0xBE, 0xDC, 0xB6, 0xDC, 0xB6,
    0xDC, 0xB6, 0xDC, 0xB6, 0xDC, 0xB6, 0xDC, 0xB6, 0xDC, 0xB6, 0xFC, 0xB6, 0xFC, 0xB6, 0xDC, 0xB6,
    0xDC, 0xB6, 0xDC, 0xB6, 0xDC, 0xB6, 0xDC, 0xB6, 0xDC, 0xB6, 0xDC, 0xB6, 0xDC, 0xB6, 0xDC, 0xB6,
    0xDC, 0xB6, 0xDC, 0xB6, 0xDC, 0xB6, 0xDC, 0xB6, 0xDC, 0xB6, 0xDC, 0xB6, 0xDC, 0xB6, 0xDC, 0xB6,
    0xDC, 0xB6, 0xDC, 0xB6, 0xFC, 0xB6, 0xFC, 0xB6, 0xFC, 0xB6, 0xFC, 0xB6, 0xFC, 0xB6, 0xFC, 0xB6,
    0xFC, 0xB6, 0xDC, 0xB6, 0xDC, 0xB6, 0xDC, 0xB6, 0xDC, 0xB6, 0xDC, 0xB6, 0xDC, 0xB6, 0xDC, 0xB6,
    0xDC, 0xB6, 0xDC, 0xB6, 0xDC, 0xB6, 0xDC, 0xB6, 0xDC, 0xB6, 0xDC, 0xB6, 0xDC, 0xB6, 0xDC, 0xB6,
    0xDC, 0xB6, 0xDC, 0xB6, 0xDC, 0xB6, 0xDC, 0xB6, 0xDC, 0xB6, 0xDC, 0xB6, 0xDC, 0xB6, 0xDC, 0xB6,
    0xDC, 0xB6, 0xDC, 0xB6, 0xDC, 0xB6, 0xDC, 0xB6, 0xDC, 0xB6, 0xDC, 0xB6, 0xDC, 0xB6, 0xDC, 0xB6,
    0xDC, 0xB6, 0xDC, 0xB6, 0xDC, 0xB6, 0xDC, 0xB6, 0xDC, 0xB6, 0xDC, 0xB6, 0xDC, 0xB6, 0xDC, 0xB6,
    0xDC, 0xB6, 0xDC, 0xB6, 0xDC, 0xB6, 0xDC, 0xB6, 0xDC, 0xB6, 0xDC, 0xB6, 0xDC, 0xB6, 0xDC, 0xB6,
    0xDC, 0xB6, 0xDC, 0xB6, 0xDC, 0xB6, 0xDC, 0xB6, 0xDC, 0xB6, 0xDC, 0xB6, 0xDC, 0xB6, 0xDC, 0xB6,
    0xDC, 0xB6, 0xDC, 0xB6, 0xDC, 0xB6, 0xDC, 0xB6, 0xDC, 0xB6, 0xDC, 0xB6, 0xDC, 0xB6, 0xDC, 0xB6,
    0xDC, 0xB6, 0xDC, 0xB6, 0xDC, 0xB6, 0xDC, 0xB6, 0xDC, 0xB6, 0xDC, 0xB6, 0xBC, 0xB6, 0xBC, 0xB6,
    0xBC, 0xB6, 0xBC, 0xB6, 0xBC, 0xB6, 0xBC, 0xB6, 0xBC, 0xB6, 0xBC, 0xB6, 0xBC, 0xB6, 0xBC, 0xB6,
    0xBC, 0xB6, 0xBC, 0xB6, 0xBC, 0xB6, 0xBC, 0xB6, 0xBC, 0xB6, 0xBC, 0xB6, 0xBC, 0xB6, 0xBC, 0xB6,
    0xBC, 0xB6, 0xBC, 0xB6, 0xBC, 0xB6, 0xDC, 0xB6, 0xDC, 0xB6, 0xDC, 0xB6, 0xBC, 0xB6, 0xBC, 0xB6,
    0xBC, 0xB6, 0xBC, 0xB6, 0xBC, 0xB6, 0xBC, 0xB6, 0xBC, 0xB6, 0xBB, 0xB6, 0xBC, 0xB6, 0xBB, 0xB6,
    0xBB, 0xB6, 0xBC, 0xB6, 0xBC, 0xB6, 0xBC, 0xB6, 0xDC, 0xB6, 0xBB, 0xB6, 0xBB, 0xB6, 0xBC, 0xB6,
    0xBC, 0xB6, 0xBB, 0xB6, 0xBB, 0xAE, 0xBB, 0xAE, 0xBB, 0xAE, 0xBB, 0xAE, 0xBB, 0xB6, 0xBB, 0xB6,
    0xBB, 0xB6, 0xBB, 0xB6, 0xBB, 0xB6, 0xBB, 0xAE, 0xBB, 0xB6, 0xBB, 0xB6, 0xBB, 0xAE, 0xBB, 0xAE,
    0x1C, 0xC7, 0x1C, 0xC7, 0x1C, 0xC7, 0x1C, 0xC7, 0x1C, 0xC7, 0x1C, 0xC7, 0x1C, 0xC7, 0xFC, 0xC6,
    0xFC, 0xC6, 0xFC, 0xC6, 0xFC, 0xC6, 0x1C, 0xC7, 0x1C, 0xC7, 0xFC, 0xC6, 0x1C, 0xC7, 0x1C, 0xC7,
    0xFC, 0xC6, 0xFC, 0xC6, 0xFC, 0xC6, 0xFC, 0xC6, 0xFC, 0xC6, 0xFC, 0xC6, 0xFC, 0xC6, 0xFC, 0xC6,
    0xFC, 0xC6, 0x1C, 0xC7, 0xFC, 0xC6, 0xFC, 0xC6, 0xFC, 0xC6, 0xFC, 0xC6, 0xFC, 0xC6, 0xFC, 0xC6,
    0x1C, 0xC7, 0x1C, 0xC7, 0xFC, 0xC6, 0xFC, 0xC6, 0x1C, 0xC7, 0x1C, 0xC7, 0xFC, 0xC6, 0xFC, 0xC6,
    0xFC, 0xC6, 0xFC, 0xC6, 0xFC, 0xC6, 0xFC, 0xC6, 0xFC, 0xC6, 0xFC, 0xC6, 0xFC, 0xC6, 0xFC, 0xC6,
    0xFC, 0xC6, 0xFC, 0xC6, 0xFC, 0xC6, 0xFC, 0xC6, 0xFC, 0xC6, 0xFC, 0xC6, 0xFC, 0xC6, 0xFC, 0xC6,
    0xFC, 0xC6, 0xFC, 0xC6, 0xFC, 0xC6, 0xFC, 0xC6, 0xFC, 0xC6, 0xFC, 0xC6, 0xFC, 0xC6, 0xFC, 0xC6,
    0xFC, 0xC6, 0xFC, 0xC6, 0xFC, 0xC6, 0xFC, 0xC6, 0xFC, 0xC6, 0xFC, 0xC6, 0xFC, 0xC6, 0xFC, 0xC6,
    0xFC, 0xC6, 0xFC, 0xC6, 0xFC, 0xC6, 0xFC, 0xC6, 0xFC, 0xC6, 0xFC, 0xC6, 0x1C, 0xC7, 0x1C, 0xC7,
    0x1C, 0xC7, 0xFC, 0xC6, 0xFC, 0xC6, 0xFC, 0xC6, 0xFC, 0xC6, 0xFC, 0xBE, 0xFC, 0xBE, 0xFC, 0xBE,
    0xFC, 0xBE, 0xFC, 0xBE, 0xFC, 0xBE, 0xFC, 0xBE, 0xFC, 0xBE, 0xFC, 0xBE, 0xFC, 0xBE, 0xFC, 0xBE,
    0xFC, 0xBE, 0xFC, 0xBE, 0xFC, 0xBE, 0xFC, 0xBE, 0xFC, 0xBE, 0xFC, 0xBE, 0xFC, 0xBE, 0xFC, 0xBE,
    0xFC, 0xBE, 0xFC, 0xBE, 0xFC, 0xBE, 0xFC, 0xBE, 0xFC, 0xBE, 0xFC, 0xBE, 0xFC, 0xBE, 0xFC, 0xBE,
    0xFC, 0xBE, 0xFC, 0xBE, 0xFC, 0xBE, 0xFC, 0xBE, 0xFC, 0xBE, 0xFC, 0xBE, 0xFC, 0xBE, 0xFC, 0xBE,
    0xFC, 0xBE, 0xFC, 0xBE, 0xFC, 0xBE, 0xFC, 0xBE, 0xFC, 0xBE, 0xFC, 0xBE, 0xFC, 0xBE, 0xFC, 0xBE,
    0xFC, 0xBE, 0xDC, 0xBE, 0xFC, 0xBE, 0xFC, 0xBE, 0xFC, 0xBE, 0xFC, 0xBE, 0xFC, 0xBE, 0xFC, 0xBE,
    0xDC, 0xBE, 0xDC, 0xBE, 0xDC, 0xBE, 0xDC, 0xBE, 0xDC, 0xBE, 0xDC, 0xBE, 0xDC, 0xBE, 0xDC, 0xBE,
    0xDC, 0xBE, 0xDC, 0xBE, 0xDC, 0xBE, 0xDC, 0xBE, 0xDC, 0xBE, 0xDC, 0xBE, 0xDC, 0xBE, 0xDC, 0xBE,
    0xDC, 0xBE, 0xDC, 0xBE, 0xDC, 0xBE, 0xFC, 0xBE, 0xFC, 0xBE, 0xFC, 0xBE, 0xFC, 0xBE, 0xFC, 0xBE,
    0xFC, 0xB6, 0xFC, 0xB6, 0xFC, 0xB6, 0xFC, 0xB6, 0xFC, 0xB6, 0xFC, 0xB6, 0xFC, 0xB6, 0xDC, 0xB6,
    0xDC, 0xB6, 0xDC, 0xB6, 0xDC, 0xB6, 0xDC, 0xB6, 0xDC, 0xB6, 0xDC, 0xB6, 0xDC, 0xB6, 0xDC, 0xB6,
    0xDC, 0xB6, 0xDC, 0xB6, 0xFC, 0xB6, 0xFC, 0xB6, 0xDC, 0xB6, 0xDC, 0xB6, 0xDC, 0xB6, 0xDC, 0xB6,
    0xDC, 0xB6, 0xDC, 0xB6, 0xDC, 0xB6, 0xDC, 0xB6, 0xDC, 0xB6, 0xDC, 0xB6, 0xDC, 0xB6, 0xDC, 0xB6,
    0xDC, 0xB6, 0xDC, 0xB6, 0xDC, 0xB6, 0xDC, 0xB6, 0xDC, 0xB6, 0xDC, 0xB6, 0xDC, 0xB6, 0xDC, 0xB6,
    0xDC, 0xB6, 0xDC, 0xB6, 0xDC, 0xB6, 0xDC, 0xB6, 0xDC, 0xB6, 0xDC, 0xB6, 0xDC, 0xB6, 0xDC, 0xB6,
    0xDC, 0xB6, 0xDC, 0xB6, 0xDC, 0xB6, 0xDC, 0xB6, 0xDC, 0xB6, 0xDC, 0xB6, 0xDC, 0xB6, 0xDC, 0xB6,
    0xDC, 0xB6, 0xDC, 0xB6, 0xDC, 0xB6, 0xDC, 0xB6, 0xDC, 0xB6, 0xDC, 0xB6, 0xDC, 0xB6, 0xDC, 0xB6,
    0xDC, 0xB6, 0xDC, 0xB6, 0xDC, 0xB6, 0xDC, 0xB6, 0xDC, 0xB6, 0xDC, 0xB6, 0xDC, 0xB6, 0xDC, 0xB6,
    0xDC, 0xB6, 0xDC, 0xB6, 0xDC, 0xB6, 0xDC, 0xB6, 0xDC, 0xB6, 0xDC, 0xB6, 0xDC, 0xB6, 0xDC, 0xB6,
    0xDC, 0xB6, 0xDC, 0xB6, 0xDC, 0xB6, 0xDC, 0xB6, 0xDC, 0xB6, 0xDC, 0xB6, 0xDC, 0xB6, 0xDC, 0xB6,
    0xDC, 0xB6, 0xDC, 0xB6, 0xDC, 0xB6, 0xDC, 0xB6, 0xDC, 0xB6, 0xDC, 0xB6, 0xDC, 0xB6, 0xDC, 0xB6,
    0xDC, 0xB6, 0xDC, 0xB6, 0xDC, 0xB6, 0xDC, 0xB6, 0xDC, 0xB6, 0xDC, 0xB6, 0xDC, 0xB6, 0xBC, 0xB6,
    0xBC, 0xB6, 0xBC, 0xB6, 0xBC, 0xB6, 0xBC, 0xB6, 0xBC, 0xB6, 0xBC, 0xB6, 0xBC, 0xB6, 0xBC, 0xB6,
    0xBC, 0xB6, 0xBC, 0xB6, 0xBC, 0xB6, 0xBC, 0xB6, 0xBC, 0xB6, 0xBC, 0xB6, 0xBC, 0xB6, 0xBC, 0xB6,
    0xBC, 0xB6, 0xBC, 0xB6, 0xBC, 0xB6, 0xBC, 0xB6, 0xBC, 0xB6, 0xBC, 0xB6, 0xBC, 0xB6, 0xBC, 0xB6,
    0xBC, 0xB6, 0xBC, 0xB6, 0xBC, 0xB6, 0xBC, 0xB6, 0xBC, 0xB6, 0xBB, 0xB6, 0xBB, 0xB6, 0xBC, 0xB6,
    0xBC, 0xB6, 0xBC, 0xB6, 0xBC, 0xB6, 0xBC, 0xB6, 0xBC, 0xB6, 0xBC, 0xB6, 0xBC, 0xB6, 0xBB, 0xB6,
    0xBB, 0xB6, 0xBC, 0xB6, 0xBB, 0xB6, 0xBB, 0xB6, 0xBB, 0xB6, 0xBB, 0xB6, 0xBB, 0xB6, 0xBB, 0xB6,
    0xBB, 0xB6, 0xBB, 0xB6, 0xBB, 0xB6, 0xBB, 0xAE, 0xBB, 0xB6, 0xBB, 0xB6, 0xBB, 0xB6, 0xBB, 0xAE,
    0x1C, 0xC7, 0x1C, 0xC7, 0x1C, 0xC7, 0x1C, 0xC7, 0x1C, 0xC7, 0x1C, 0xC7, 0x1C, 0xC7, 0x1C, 0xC7,
    0x1C, 0xC7, 0x1C, 0xC7, 0x1C, 0xC7, 0x1C, 0xC7, 0x1C, 0xC7, 0x1C, 0xC7, 0x1C, 0xC7, 0x1C, 0xC7,
    0xFC, 0xC6, 0xFC, 0xC6, 0xFC, 0xC6, 0xFC, 0xC6, 0x1C, 0xC7, 0x1C, 0xC7, 0xFC, 0xC6, 0xFC, 0xC6,
    0xFC, 0xC6, 0x1C, 0xC7, 0xFC, 0xC6, 0xFC, 0xC6, 0xFC, 0xC6, 0xFC, 0xC6, 0xFC, 0xC6, 0xFC, 0xC6,
    0x1C, 0xC7, 0x1C, 0xC7, 0x1C, 0xC7, 0xFC, 0xC6, 0x1C, 0xC7, 0x1C, 0xC7, 0xFC, 0xC6, 0xFC, 0xC6,
    0xFC, 0xC6, 0xFC, 0xC6, 0xFC, 0xC6, 0xFC, 0xC6, 0xFC, 0xC6, 0xFC, 0xC6, 0xFC, 0xC6, 0xFC, 0xC6,
    0x1C, 0xC7, 0x1C, 0xC7, 0xFC, 0xC6, 0xFC, 0xC6, 0xFC, 0xC6, 0xFC, 0xC6, 0xFC, 0xC6, 0xFC, 0xC6,
    0xFC, 0xC6, 0xFC, 0xC6, 0xFC, 0xC6, 0xFC, 0xC6, 0xFC, 0xC6, 0xFC, 0xC6, 0xFC, 0xC6, 0xFC, 0xC6,
    0xFC, 0xC6, 0xFC, 0xC6, 0xFC, 0xC6, 0xFC, 0xC6, 0xFC, 0xC6, 0xFC, 0xC6, 0xFC, 0xC6, 0xFC, 0xC6,
    0xFC, 0xC6, 0xFC, 0xC6, 0xFC, 0xC6, 0xFC, 0xC6, 0xFC, 0xC6, 0xFC, 0xC6, 0xFC, 0xC6, 0xFC, 0xC6,
    0xFC, 0xC6, 0xFC, 0xC6, 0xFC, 0xC6, 0xFC, 0xC6, 0xFC, 0xC6, 0xFC, 0xC6, 0xFC, 0xC6, 0xFC, 0xC6,
    0xFC, 0xC6, 0xFC, 0xC6, 0xFC, 0xC6, 0xFC, 0xBE, 0xFC, 0xBE, 0xFC, 0xBE, 0xFC, 0xBE, 0xFC, 0xBE,
    0xFC, 0xBE, 0xFC, 0xBE, 0xFC, 0xBE, 0xFC, 0xBE, 0xFC, 0xBE, 0xFC, 0xBE, 0xFC, 0xBE, 0xFC, 0xBE,
    0xFC, 0xBE, 0xFC, 0xBE, 0xFC, 0xBE, 0xFC, 0xBE, 0xFC, 0xBE, 0xFC, 0xBE, 0xFC, 0xBE, 0xFC, 0xBE,
    0xFC, 0xBE, 0xFC, 0xBE, 0xFC, 0xBE, 0xFC, 0xBE, 0xFC, 0xBE, 0xFC, 0xBE, 0xFC, 0xBE, 0xFC, 0xBE,
    0xFC, 0xBE, 0xFC, 0xBE, 0xFC, 0xBE, 0xFC, 0xBE, 0xFC, 0xBE, 0xFC, 0xBE, 0xFC, 0xBE, 0xFC, 0xBE,
    0xFC, 0xBE, 0xFC, 0xBE, 0xFC, 0xBE, 0xFC, 0xBE, 0xFC, 0xBE, 0xFC, 0xBE, 0xFC, 0xBE, 0xFC, 0xBE,
    0xFC, 0xBE, 0xDC, 0xBE, 0xFC, 0xBE, 0xFC, 0xBE, 0xDC, 0xBE, 0xDC, 0xBE, 0xDC, 0xBE, 0xDC, 0xBE,
    0xDC, 0xBE, 0xDC, 0xBE, 0xDC, 0xBE, 0xDC, 0xBE, 0xDC, 0xBE, 0xDC, 0xBE, 0xDC, 0xBE, 0xDC, 0xBE,
    0xDC, 0xBE, 0xDC, 0xBE, 0xDC, 0xBE, 0xDC, 0xBE, 0xDC, 0xBE, 0xDC, 0xBE, 0xDC, 0xBE, 0xDC, 0xBE,
    0xFC, 0xBE, 0xFC, 0xB6, 0xFC, 0xB6, 0xFC, 0xB6, 0xFC, 0xB6, 0xFC, 0xB6, 0xFC, 0xB6, 0xFC, 0xB6,
    0xFC, 0xB6, 0xFC, 0xB6, 0xFC, 0xB6, 0xFC, 0xB6, 0xFC, 0xB6, 0xFC, 0xB6, 0xDC, 0xB6, 0xDC, 0xB6,
    0xFC, 0xB6, 0xDC, 0xB6, 0xDC, 0xB6, 0xFC, 0xB6, 0xDC, 0xB6, 0xDC, 0xB6, 0xDC, 0xB6, 0xDC, 0xB6,
    0xDC, 0xB6, 0xDC, 0xB6, 0xDC, 0xB6, 0xDC, 0xB6, 0xDC, 0xB6, 0xDC, 0xB6, 0xDC, 0xB6, 0xDC, 0xB6,
    0xDC, 0xB6, 0xDC, 0xB6, 0xDC, 0xB6, 0xDC, 0xB6, 0xDC, 0xB6, 0xDC, 0xB6, 0xDC, 0xB6, 0xDC, 0xB6,
    0xDC, 0xB6, 0xDC, 0xB6, 0xDC, 0xB6, 0xDC, 0xB6, 0xDC, 0xB6, 0xDC, 0xB6, 0xDC, 0xB6, 0xDC, 0xB6,
    0xDC, 0xB6, 0xDC, 0xB6, 0xDC, 0xB6, 0xDC, 0xB6, 0xDC, 0xB6, 0xDC, 0xB6, 0xDC, 0xB6, 0xDC, 0xB6,
    0xDC, 0xB6, 0xDC, 0xB6, 0xDC, 0xB6, 0xDC, 0xB6, 0xDC, 0xB6, 0xDC, 0xB6, 0xDC, 0xB6, 0xDC, 0xB6,
    0xDC, 0xB6, 0xDC, 0xB6, 0xDC, 0xB6, 0xDC, 0xB6, 0xDC, 0xB6, 0xDC, 0xB6, 0xDC, 0xB6, 0xDC, 0xB6,
    0xDC, 0xB6, 0xDC, 0xB6, 0xDC, 0xB6, 0xDC, 0xB6, 0xDC, 0xB6, 0xDC, 0xB6, 0xDC, 0xB6, 0xDC, 0xB6,
    0xDC, 0xB6, 0xDC, 0xB6, 0xDC, 0xB6, 0xDC, 0xB6, 0xDC, 0xB6, 0xDC, 0xB6, 0xDC, 0xB6, 0xDC, 0xB6,
    0xDC, 0xB6, 0xDC, 0xB6, 0xDC, 0xB6, 0xDC, 0xB6, 0xDC, 0xB6, 0xDC, 0xB6, 0xDC, 0xB6, 0xDC, 0xB6,
    0xDC, 0xB6, 0xDC, 0xB6, 0xDC, 0xB6, 0xDC, 0xB6, 0xDC, 0xB6, 0xDC, 0xB6, 0xDC, 0xB6, 0xDC, 0xB6,
    0xBC, 0xB6, 0xBC, 0xB6, 0xBC, 0xB6, 0xBC, 0xB6, 0xBC, 0xB6, 0xBC, 0xB6, 0xBC, 0xB6, 0xBC, 0xB6,
    0xBC, 0xB6, 0xBC, 0xB6, 0xBC, 0xB6, 0xBC, 0xB6, 0xBC, 0xB6, 0xBC, 0xB6, 0xBC, 0xB6, 0xBC, 0xB6,
    0xBC, 0xB6, 0xBC, 0xB6, 0xBC, 0xB6, 0xBC, 0xB6, 0xBC, 0xB6, 0xBC, 0xB6, 0xBC, 0xB6, 0xBC, 0xB6,
    0xBC, 0xB6, 0xBC, 0xB6, 0xBC, 0xB6, 0xBC, 0xB6, 0xBC, 0xB6, 0xBC, 0xB6, 0xBB, 0xB6, 0xBC, 0xB6,
    0xBC, 0xB6, 0xBC, 0xB6, 0xBC, 0xB6, 0xBC, 0xB6, 0xBC, 0xB6, 0xBC, 0xB6, 0xBC, 0xB6, 0xBB, 0xB6,
    0xBB, 0xB6, 0xBC, 0xB6, 0xBB, 0xB6, 0xBB, 0xB6, 0xBB, 0xB6, 0xBB, 0xB6, 0xBB, 0xB6, 0xBB, 0xAE,
    0xBB, 0xB6, 0xBC, 0xB6, 0xBC, 0xB6, 0xBB, 0xB6, 0xBC, 0xB6, 0xBC, 0xB6, 0xBC, 0xB6, 0xBB, 0xB6,
    0x1C, 0xC7, 0x1C, 0xC7, 0x1C, 0xC7, 0x1C, 0xC7, 0x1C, 0xC7, 0x1C, 0xC7, 0x1C, 0xC7, 0x1C, 0xC7,
    0x1C, 0xC7, 0x1C, 0xC7, 0x1C, 0xC7, 0x1C, 0xC7, 0x1C, 0xC7, 0x1C, 0xC7, 0x1C, 0xC7, 0x1C, 0xC7,
    0x1C, 0xC7, 0x1C, 0xC7, 0x1C, 0xC7, 0x1C, 0xC7, 0x1C, 0xC7, 0x1C, 0xC7, 0x1C, 0xC7, 0x1C, 0xC7,
    0x1C, 0xC7, 0x1C, 0xC7, 0x1C, 0xC7, 0x1C, 0xC7, 0x1C, 0xC7, 0x1C, 0xC7, 0x1C, 0xC7, 0x1C, 0xC7,
    0x1C, 0xC7, 0x1C, 0xC7, 0x1C, 0xC7, 0x1C, 0xC7, 0x1C, 0xC7, 0xFC, 0xC6, 0xFC, 0xC6, 0xFC, 0xC6,
    0xFC, 0xC6, 0xFC, 0xC6, 0x1C, 0xC7, 0x1C, 0xC7, 0x1C, 0xC7, 0x1C, 0xC7, 0x1C, 0xC7, 0x1C, 0xC7,
    0x1C, 0xC7, 0x1C, 0xC7, 0xFC, 0xC6, 0x1C, 0xC7, 0x1C, 0xC7, 0xFC, 0xC6, 0xFC, 0xC6, 0x1C, 0xC7,
    0x1C, 0xC7, 0x1C, 0xC7, 0x1C, 0xC7, 0x1C, 0xC7, 0xFC, 0xC6, 0xFC, 0xC6, 0xFC, 0xC6, 0xFC, 0xC6,
    0xFC, 0xC6, 0xFC, 0xC6, 0xFC, 0xC6, 0xFC, 0xC6, 0xFC, 0xC6, 0xFC, 0xC6, 0xFC, 0xC6, 0xFC, 0xC6,
    0xFC, 0xC6, 0xFC, 0xC6, 0xFC, 0xC6, 0xFC, 0xC6, 0xFC, 0xC6, 0xFC, 0xC6, 0xFC, 0xC6, 0xFC, 0xC6,
    0x1C, 0xC7, 0x1C, 0xC7, 0xFC, 0xC6, 0xFC, 0xC6, 0xFC, 0xC6, 0xFC, 0xC6, 0xFC, 0xC6, 0xFC, 0xC6,
    0xFC, 0xC6, 0xFC, 0xC6, 0xFC, 0xC6, 0xFC, 0xBE, 0xFC, 0xBE, 0xFC, 0xBE, 0xFC, 0xBE, 0xFC, 0xBE,
    0xFC, 0xBE, 0xFC, 0xBE, 0xFC, 0xBE, 0xFC, 0xBE, 0xFC, 0xBE, 0xFC, 0xBE, 0xFC, 0xBE, 0xFC, 0xBE,
    0xFC, 0xBE, 0xFC, 0xBE, 0xFC, 0xBE, 0xFC, 0xBE, 0xFC, 0xBE, 0xFC, 0xBE, 0xFC, 0xBE, 0xFC, 0xBE,
    0xFC, 0xBE, 0xFC, 0xBE, 0xFC, 0xBE, 0xFC, 0xBE, 0xFC, 0xBE, 0xFC, 0xBE, 0xFC, 0xBE, 0xFC, 0xBE,
    0xFC, 0xBE, 0xFC, 0xBE, 0xFC, 0xBE, 0xFC, 0xBE, 0xFC, 0xBE, 0xFC, 0xBE, 0xFC, 0xBE, 0xFC, 0xBE,
    0xFC, 0xBE, 0xFC, 0xBE, 0xFC, 0xBE, 0xFC, 0xBE, 0xFC, 0xBE, 0xFC, 0xBE, 0xFC, 0xBE, 0xFC, 0xBE,
    0xDC, 0xBE, 0xDC, 0xBE, 0xFC, 0xBE, 0xFC, 0xBE, 0xFC, 0xBE, 0xFC, 0xBE, 0xFC, 0xBE, 0xFC, 0xBE,
    0xFC, 0xBE, 0xDC, 0xBE, 0xDC, 0xBE, 0xDC, 0xBE, 0xDC, 0xBE, 0xDC, 0xBE, 0xDC, 0xBE, 0xDC, 0xBE,
    0xDC, 0xBE, 0xDC, 0xBE, 0xDC, 0xBE, 0xFC, 0xBE, 0xFC, 0xBE, 0xFC, 0xBE, 0xFC, 0xBE, 0xFC, 0xBE,
    0xFC, 0xB6, 0xFC, 0xB6, 0xFC, 0xB6, 0xDC, 0xB6, 0xDC, 0xB6, 0xFC, 0xB6, 0xFC, 0xB6, 0xFC, 0xB6,
    0xFC, 0xB6, 0xFC, 0xB6, 0xDC, 0xB6, 0xFC, 0xB6, 0xDC, 0xB6, 0xDC, 0xB6, 0xDC, 0xB6, 0xDC, 0xB6,
    0xDC, 0xB6, 0xDC, 0xB6, 0xDC, 0xB6, 0xDC, 0xB6, 0xFC, 0xB6, 0xDC, 0xB6, 0xFC, 0xB6, 0xFC, 0xB6,
    0xFC, 0xB6, 0xDC, 0xB6, 0xDC, 0xB6, 0xDC, 0xB6, 0xDC, 0xB6, 0xDC, 0xB6, 0xDC, 0xB6, 0xDC, 0xB6,
    0xDC, 0xB6, 0xDC, 0xB6, 0xDC, 0xB6, 0xDC, 0xB6, 0xDC, 0xB6, 0xDC, 0xB6, 0xDC, 0xB6, 0xDC, 0xB6,
    0xDC, 0xB6, 0xDC, 0xB6, 0xDC, 0xB6, 0xDC, 0xB6, 0xDC, 0xB6, 0xDC, 0xB6, 0xDC, 0xB6, 0xDC, 0xB6,
    0xDC, 0xB6, 0xDC, 0xB6, 0xDC, 0xB6, 0xDC, 0xB6, 0xDC, 0xB6, 0xDC, 0xB6, 0xDC, 0xB6, 0xDC, 0xB6,
    0xDC, 0xB6, 0xDC, 0xB6, 0xDC, 0xB6, 0xDC, 0xB6, 0xDC, 0xB6, 0xDC, 0xB6, 0xDC, 0xB6, 0xDC, 0xB6,
    0xDC, 0xB6, 0xDC, 0xB6, 0xDC, 0xB6, 0xDC, 0xB6, 0xDC, 0xB6, 0xDC, 0xB6, 0xDC, 0xB6, 0xDC, 0xB6,
    0xDC, 0xB6, 0xDC, 0xB6, 0xDC, 0xB6, 0xDC, 0xB6, 0xDC, 0xB6, 0xDC, 0xB6, 0xDC, 0xB6, 0xDC, 0xB6,
    0xDC, 0xB6, 0xDC, 0xB6, 0xDC, 0xB6, 0xDC, 0xB6, 0xDC, 0xB6, 0xDC, 0xB6, 0xDC, 0xB6, 0xDC, 0xB6,
    0xDC, 0xB6, 0xDC, 0xB6, 0xDC, 0xB6, 0xDC, 0xB6, 0xDC, 0xB6, 0xDC, 0xB6, 0xDC, 0xB6, 0xDC, 0xB6,
    0xDC, 0xB6, 0xDC, 0xB6, 0xDC, 0xB6, 0xDC, 0xB6, 0xDC, 0xB6, 0xDC, 0xB6, 0xDC, 0xB6, 0xDC, 0xB6,
    0xDC, 0xB6, 0xBB, 0xAE, 0xDC, 0xB6, 0xDC, 0xB6, 0xDC, 0xB6, 0xDC, 0xB6, 0xBC, 0xB6, 0xDC, 0xB6,
    0xBC, 0xB6, 0xBB, 0xB6, 0xBB, 0xB6, 0xBC, 0xB6, 0xBC, 0xB6, 0xBC, 0xB6, 0xBC, 0xB6, 0xBC, 0xB6,
    0xBC, 0xB6, 0xBC, 0xB6, 0xBC, 0xB6, 0xBC, 0xB6, 0xBC, 0xB6, 0xBC, 0xB6, 0xBC, 0xB6, 0xBC, 0xB6,
    0xBC, 0xB6, 0xBC, 0xB6, 0xBC, 0xB6, 0xBC, 0xB6, 0xBC, 0xB6, 0xBC, 0xB6, 0xBC, 0xB6, 0xBC, 0xB6,
    0xBC, 0xB6, 0xBC, 0xB6, 0xBC, 0xB6, 0xBC, 0xB6, 0xBC, 0xB6, 0xBC, 0xB6, 0xBC, 0xB6, 0xBC, 0xB6,
    0xBC, 0xB6, 0xBC, 0xB6, 0xBC, 0xB6, 0xBC, 0xB6, 0xBC, 0xB6, 0xBC, 0xB6, 0xBC, 0xB6, 0xBC, 0xB6,
    0xBC, 0xB6, 0xBC, 0xB6, 0xBC, 0xB6, 0xBC, 0xB6, 0xBC, 0xB6, 0xBC, 0xB6, 0xDB, 0xB6, 0xDB, 0xB6,
    0x1C, 0xC7, 0x1C, 0xC7, 0x1C, 0xC7, 0x1C, 0xC7, 0x1C, 0xC7, 0x1C, 0xC7, 0x1C, 0xC7, 0x1C, 0xC7,
    0x1C, 0xC7, 0x1C, 0xC7, 0x1C, 0xC7, 0x1C, 0xC7, 0x1C, 0xC7, 0x1C, 0xC7, 0x1C, 0xC7, 0x1C, 0xC7,
    0x1C, 0xC7, 0x1C, 0xC7, 0x1C, 0xC7, 0x1C, 0xC7, 0x1C, 0xC7, 0x1C, 0xC7, 0x1C, 0xC7, 0x1C, 0xC7,
    0x1C, 0xC7, 0x1C, 0xC7, 0x1C, 0xC7, 0x1C, 0xC7, 0x1C, 0xC7, 0x1C, 0xC7, 0x1C, 0xC7, 0x1C, 0xC7,
    0x1C, 0xC7, 0x1C, 0xC7, 0xFC, 0xC6, 0x1C, 0xC7, 0x1C, 0xC7, 0xFC, 0xC6, 0xFC, 0xC6, 0xFC, 0xC6,
    0x1C, 0xC7, 0x1C, 0xC7, 0x1C, 0xC7, 0x1C, 0xC7, 0x1C, 0xC7, 0x1C, 0xC7, 0x1C, 0xC7, 0x1C, 0xC7,
    0x1C, 0xC7, 0x1C, 0xC7, 0x1C, 0xC7, 0x1C, 0xC7, 0x1C, 0xC7, 0x1C, 0xC7, 0x1C, 0xC7, 0x1C, 0xC7,
    0x1C, 0xC7, 0x1C, 0xC7, 0x1C, 0xC7, 0x1C, 0xC7, 0xFC, 0xC6, 0xFC, 0xC6, 0xFC, 0xC6, 0xFC, 0xC6,
    0xFC, 0xC6, 0xFC, 0xC6, 0xFC, 0xC6, 0xFC, 0xC6, 0xFC, 0xC6, 0xFC, 0xC6, 0xFC, 0xC6, 0xFC, 0xC6,
    0xFC, 0xC6, 0xFC, 0xC6, 0xFC, 0xC6, 0xFC, 0xC6, 0xFC, 0xC6, 0xFC, 0xC6, 0xFC, 0xC6, 0xFC, 0xC6,
    0x1C, 0xC7, 0x1C, 0xC7, 0xFC, 0xC6, 0xFC, 0xC6, 0xFC, 0xC6, 0xFC, 0xC6, 0xFC, 0xC6, 0xFC, 0xC6,
    0xFC, 0xC6, 0xFC, 0xC6, 0xFC, 0xC6, 0xFC, 0xBE, 0xFC, 0xBE, 0xFC, 0xBE, 0xFC, 0xBE, 0xFC, 0xBE,
    0xFC, 0xBE, 0xFC, 0xBE, 0xFC, 0xBE, 0xFC, 0xBE, 0xFC, 0xBE, 0xFC, 0xBE, 0xFC, 0xBE, 0xFC, 0xBE,
    0xFC, 0xBE, 0xFC, 0xBE, 0xFC, 0xBE, 0xFC, 0xBE, 0xFC, 0xBE, 0xFC, 0xBE, 0xFC, 0xBE, 0xFC, 0xBE,
    0xFC, 0xBE, 0xFC, 0xBE, 0xFC, 0xBE, 0xFB, 0xBE, 0xFC, 0xBE, 0xFC, 0xBE, 0xFC, 0xBE, 0xFC, 0xBE,
    0xFC, 0xBE, 0xFC, 0xBE, 0xFC, 0xBE, 0xFC, 0xBE, 0xFC, 0xBE, 0xFC, 0xBE, 0xFC, 0xBE, 0xFC, 0xBE,
    0xFC, 0xBE, 0xFC, 0xBE, 0xFC, 0xBE, 0xFC, 0xBE, 0xFC, 0xBE, 0xFC, 0xBE, 0xFC, 0xBE, 0xFC, 0xBE,
    0xFC, 0xBE, 0xFC, 0xBE, 0xFC, 0xBE, 0xFC, 0xBE, 0xFC, 0xBE, 0xFC, 0xBE, 0xFC, 0xBE, 0xFC, 0xBE,
    0xFC, 0xBE, 0xDC, 0xBE, 0xDC, 0xBE, 0xDC, 0xBE, 0xDC, 0xBE, 0xDC, 0xBE, 0xDC, 0xBE, 0xDC, 0xBE,
    0xDC, 0xBE, 0xDC, 0xBE, 0xDC, 0xBE, 0xFC, 0xBE, 0xFC, 0xBE, 0xFC, 0xBE, 0xFC, 0xBE, 0xFC, 0xBE,
    0xFC, 0xB6, 0xFC, 0xB6, 0xFC, 0xB6, 0xFC, 0xB6, 0xFC, 0xB6, 0xFC, 0xB6, 0xFC, 0xB6, 0xDC, 0xB6,
    0xDC, 0xB6, 0xDC, 0xB6, 0xDC, 0xB6, 0xFC, 0xB6, 0xDC, 0xB6, 0xDC, 0xB6, 0xDC, 0xB6, 0xFC, 0xB6,
    0xFC, 0xB6, 0xFC, 0xB6, 0xFC, 0xB6, 0xFC, 0xB6, 0xDC, 0xB6, 0xDC, 0xB6, 0xFC, 0xB6, 0xFC, 0xB6,
    0xFC, 0xB6, 0xFC, 0xB6, 0xFC, 0xB6, 0xFC, 0xB6, 0xFC, 0xB6, 0xFC, 0xB6, 0xDC, 0xB6, 0xDC, 0xB6,
    0xDC, 0xB6, 0xDC, 0xB6, 0xDC, 0xB6, 0xDC, 0xB6, 0xDC, 0xB6, 0xDC, 0xB6, 0xDC, 0xB6, 0xDC, 0xB6,
    0xDC, 0xB6, 0xDC, 0xB6, 0xDC, 0xB6, 0xDC, 0xB6, 0xDC, 0xB6, 0xDC, 0xB6, 0xDC, 0xB6, 0xDC, 0xB6,
    0xDC, 0xB6, 0xDC, 0xB6, 0xDC, 0xB6, 0xDC, 0xB6, 0xDC, 0xB6, 0xDC, 0xB6, 0xDC, 0xB6, 0xDC, 0xB6,
    0xDC, 0xB6, 0xDC, 0xB6, 0xDC, 0xB6, 0xDC, 0xB6, 0xDC, 0xB6, 0xDC, 0xB6, 0xDC, 0xB6, 0xDC, 0xB6,
    0xDC, 0xB6, 0xDC, 0xB6, 0xDC, 0xB6, 0xDC, 0xB6, 0xDC, 0xB6, 0xFC, 0xB6, 0xDC, 0xB6, 0xDC, 0xB6,
    0xDC, 0xB6, 0xDC, 0xB6, 0xDC, 0xB6, 0xDC, 0xB6, 0xDC, 0xB6, 0xDC, 0xB6, 0xDC, 0xB6, 0xDC, 0xB6,
    0xDC, 0xB6, 0xDC, 0xB6, 0xDC, 0xB6, 0xDC, 0xB6, 0xDC, 0xB6, 0xDC, 0xB6, 0xDC, 0xB6, 0xDC, 0xB6,
    0xDC, 0xB6, 0xDC, 0xB6, 0xDC, 0xB6, 0xDC, 0xB6, 0xDC, 0xB6, 0xDC, 0xB6, 0xDC, 0xB6, 0xDC, 0xB6,
    0xDC, 0xB6, 0xDC, 0xB6, 0xDC, 0xB6, 0xDC, 0xB6, 0xDC, 0xB6, 0xDC, 0xB6, 0xDC, 0xB6, 0xDC, 0xB6,
    0xDC, 0xB6, 0xDC, 0xB6, 0xDC, 0xB6, 0xDC, 0xB6, 0xDC, 0xB6, 0xDC, 0xB6, 0xDC, 0xB6, 0xDC, 0xB6,
    0xDC, 0xB6, 0xDC, 0xB6, 0xDC, 0xB6, 0xBC, 0xB6, 0xBC, 0xB6, 0xBC, 0xB6, 0xBC, 0xB6, 0xBC, 0xB6,
    0xBC, 0xB6, 0xBC, 0xB6, 0xBC, 0xB6, 0xBC, 0xB6, 0xBC, 0xB6, 0xBC, 0xB6, 0xBC, 0xB6, 0xBC, 0xB6,
    0xBC, 0xB6, 0xBC, 0xB6, 0xBC, 0xB6, 0xBC, 0xB6, 0xBC, 0xB6, 0xBC, 0xB6, 0xBC, 0xB6, 0xBC, 0xB6,
    0xBC, 0xB6, 0xBC, 0xB6, 0xBC, 0xB6, 0xBC, 0xB6, 0xBC, 0xB6, 0xBC, 0xB6, 0xBC, 0xB6, 0xBC, 0xB6,
    0xBC, 0xB6, 0xBC, 0xB6, 0xBC, 0xB6, 0xBC, 0xB6, 0xBC, 0xB6, 0xBC, 0xB6, 0xBC, 0xB6, 0xBC, 0xB6,
    0xBC, 0xB6, 0xBC, 0xB6, 0xBC, 0xB6, 0xBC, 0xB6, 0xBC, 0xB6, 0xBC, 0xB6, 0xDB, 0xB6, 0xDB, 0xB6,
    0x1C, 0xC7, 0x1C, 0xC7, 0x1C, 0xC7, 0x1C, 0xC7, 0x1C, 0xC7, 0x1C, 0xC7, 0x1C, 0xC7, 0x1C, 0xC7,
    0x1C, 0xC7, 0x1C, 0xC7, 0x1C, 0xC7, 0x1C, 0xC7, 0x1C, 0xC7, 0x1C, 0xC7, 0x1C, 0xC7, 0x1C, 0xC7,
    0x1C, 0xC7, 0x1C, 0xC7, 0x1C, 0xC7, 0x1C, 0xC7, 0x1C, 0xC7, 0x1C, 0xC7, 0x1C, 0xC7, 0x1C, 0xC7,
    0x1C, 0xC7, 0x1C, 0xC7, 0x1C, 0xC7, 0x1C, 0xC7, 0x1C, 0xC7, 0x1C, 0xC7, 0x1C, 0xC7, 0x1C, 0xC7,
    0x1C, 0xC7, 0x1C, 0xC7, 0xFC, 0xC6, 0xFC, 0xC6, 0xFC, 0xC6, 0xFC, 0xC6, 0xFC, 0xC6, 0xFC, 0xC6,
    0x1C, 0xC7, 0x1C, 0xC7, 0x1C, 0xC7, 0x1C, 0xC7, 0x1C, 0xC7, 0x1C, 0xC7, 0x1C, 0xC7, 0x1C, 0xC7,
    0x1C, 0xC7, 0x1C, 0xC7, 0x1C, 0xC7, 0x1C, 0xC7, 0x1C, 0xC7, 0x1C, 0xC7, 0x1C, 0xC7, 0x1C, 0xC7,
    0x1C, 0xC7, 0x1C, 0xC7, 0x1C, 0xC7, 0x1C, 0xC7, 0xFC, 0xC6, 0xFC, 0xC6, 0xFC, 0xC6, 0xFC, 0xC6,
    0xFC, 0xC6, 0xFC, 0xC6, 0xFC, 0xC6, 0xFC, 0xC6, 0xFC, 0xC6, 0xFC, 0xC6, 0xFC, 0xC6, 0xFC, 0xC6,
    0xFC, 0xC6, 0xFC, 0xC6, 0xFC, 0xC6, 0x1C, 0xC7, 0x1C, 0xC7, 0xFC, 0xC6, 0xFC, 0xC6, 0xFC, 0xC6,
    0x1C, 0xC7, 0xFC, 0xC6, 0xFC, 0xC6, 0xFC, 0xC6, 0xFC, 0xC6, 0x1C, 0xC7, 0x1C, 0xC7, 0xFC, 0xC6,
    0xFC, 0xC6, 0xFC, 0xC6, 0xFC, 0xC6, 0xFC, 0xC6, 0xFC, 0xBE, 0xFC, 0xBE, 0xFC, 0xBE, 0xFC, 0xBE,
    0xFC, 0xBE, 0xFC, 0xBE, 0xFC, 0xBE, 0xFC, 0xBE, 0xFC, 0xBE, 0xFC, 0xBE, 0xFC, 0xBE, 0xFC, 0xBE,
    0xFC, 0xBE, 0xFC, 0xBE, 0xFC, 0xBE, 0xFC, 0xBE, 0xFC, 0xBE, 0xFC, 0xBE, 0xFC, 0xBE, 0xFC, 0xBE,
    0xFC, 0xBE, 0xFC, 0xBE, 0xFC, 0xBE, 0xFC, 0xBE, 0xFC, 0xBE, 0xFC, 0xBE, 0xFC, 0xBE, 0xFC, 0xBE,
    0xFC, 0xBE, 0xFC, 0xBE, 0xFC, 0xBE, 0xFC, 0xBE, 0xFC, 0xBE, 0xFC, 0xBE, 0xFC, 0xBE, 0xFC, 0xBE,
    0xFC, 0xBE, 0xFC, 0xBE, 0xFC, 0xBE, 0xFC, 0xBE, 0xFC, 0xBE, 0xFC, 0xBE, 0xFC, 0xBE, 0xFC, 0xBE,
    0xFC, 0xBE, 0xFC, 0xBE, 0xFC, 0xBE, 0xFC, 0xBE, 0xDC, 0xBE, 0xDC, 0xBE, 0xDC, 0xBE, 0xDC, 0xBE,
    0xDC, 0xBE, 0xDC, 0xBE, 0xDC, 0xBE, 0xDC, 0xBE, 0xDC, 0xBE, 0xDC, 0xBE, 0xDC, 0xBE, 0xDC, 0xBE,
    0xDC, 0xBE, 0xDC, 0xBE, 0xDC, 0xBE, 0xFC, 0xBE, 0xFC, 0xBE, 0xFC, 0xBE, 0xFC, 0xBE, 0xFC, 0xBE,
    0xFC, 0xBE, 0xFC, 0xBE, 0xFC, 0xBE, 0xFC, 0xBE, 0xFC, 0xBE, 0xDC, 0xBE, 0xDC, 0xBE, 0xDC, 0xBE,
    0xDC, 0xBE, 0xDC, 0xBE, 0xFC, 0xBE, 0xDC, 0xBE, 0xDC, 0xBE, 0xDC, 0xBE, 0xDC, 0xBE, 0xFC, 0xB6,
    0xFC, 0xB6, 0xDC, 0xB6, 0xDC, 0xB6, 0xDC, 0xB6, 0xDC, 0xB6, 0xDC, 0xB6, 0xDC, 0xB6, 0xFC, 0xB6,
    0xFC, 0xB6, 0xFC, 0xB6, 0xFC, 0xB6, 0xFC, 0xB6, 0xFC, 0xB6, 0xFC, 0xB6, 0xDC, 0xB6, 0xDC, 0xB6,
    0xDC, 0xB6, 0xDC, 0xB6, 0xDC, 0xB6, 0xDC, 0xB6, 0xDC, 0xB6, 0xDC, 0xB6, 0xDC, 0xB6, 0xDC, 0xB6,
    0xDC, 0xB6, 0xDC, 0xB6, 0xDC, 0xB6, 0xDC, 0xB6, 0xDC, 0xB6, 0xDC, 0xB6, 0xDC, 0xB6, 0xDC, 0xB6,
    0xDC, 0xB6, 0xDC, 0xB6, 0xDC, 0xB6, 0xDC, 0xB6, 0xDC, 0xB6, 0xDC, 0xB6, 0xDC, 0xB6, 0xDC, 0xB6,
    0xDC, 0xB6, 0xDC, 0xB6, 0xDC, 0xB6, 0xDC, 0xB6, 0xDC, 0xB6, 0xDC, 0xB6, 0xDC, 0xB6, 0xDC, 0xB6,
    0xDC, 0xB6, 0xDC, 0xB6, 0xDC, 0xB6, 0xDC, 0xB6, 0xDC, 0xB6, 0xFC, 0xB6, 0xDC, 0xB6, 0xDC, 0xB6,
    0xDC, 0xB6, 0xDC, 0xB6, 0xDC, 0xB6, 0xDC, 0xB6, 0xDC, 0xB6, 0xDC, 0xB6, 0xDC, 0xB6, 0xDC, 0xB6,
    0xDC, 0xB6, 0xDC, 0xB6, 0xDC, 0xB6, 0xDC, 0xB6, 0xDC, 0xB6, 0xDC, 0xB6, 0xDC, 0xB6, 0xDC, 0xB6,
    0xDC, 0xB6, 0xDC, 0xB6, 0xDC, 0xB6, 0xDC, 0xB6, 0xDC, 0xB6, 0xDC, 0xB6, 0xDC, 0xB6, 0xDC, 0xB6,
    0xDC, 0xB6, 0xDC, 0xB6, 0xDC, 0xB6, 0xDC, 0xB6, 0xDC, 0xB6, 0xDC, 0xB6, 0xDC, 0xB6, 0xDC, 0xB6,
    0xDC, 0xB6, 0xDC, 0xB6, 0xDC, 0xB6, 0xDC, 0xB6, 0xDC, 0xB6, 0xDC, 0xB6, 0xDC, 0xB6, 0xDC, 0xB6,
    0xDC, 0xB6, 0xDC, 0xB6, 0xDC, 0xB6, 0xBC, 0xB6, 0xBC, 0xB6, 0xBC, 0xB6, 0xBC, 0xB6, 0xBC, 0xB6,
    0xBC, 0xB6, 0xBC, 0xB6, 0xBC, 0xB6, 0xBC, 0xB6, 0xBC, 0xB6, 0xBC, 0xB6, 0xBC, 0xB6, 0xBC, 0xB6,
    0xBC, 0xB6, 0xBC, 0xB6, 0xBC, 0xB6, 0xBC, 0xB6, 0xBC, 0xB6, 0xBC, 0xB6, 0xBC, 0xB6, 0xBC, 0xB6,
    0xBC, 0xB6, 0xBC, 0xB6, 0xBC, 0xB6, 0xBC, 0xB6, 0xBC, 0xB6, 0xBC, 0xB6, 0xBC, 0xB6, 0xBC, 0xB6,
    0xBC, 0xB6, 0xBC, 0xB6, 0xBC, 0xB6, 0xBC, 0xB6, 0xBC, 0xB6, 0xBC, 0xB6, 0xBC, 0xB6, 0xBC, 0xB6,
    0xBC, 0xB6, 0xBC, 0xB6, 0xBC, 0xB6, 0xBC, 0xB6, 0xBC, 0xB6, 0xBC, 0xB6, 0xDB, 0xB6, 0xDB, 0xB6,
    0xFC, 0xC6, 0xFC, 0xC6, 0xFC, 0xC6, 0xFC, 0xC6, 0xFC, 0xC6, 0xFC, 0xC6, 0xFC, 0xC6, 0xFC, 0xC6,
    0xFC, 0xC6, 0xFC, 0xC6, 0xFC, 0xC6, 0xFC, 0xC6, 0xFC, 0xC6, 0xFC, 0xC6, 0xFC, 0xC6, 0xFC, 0xC6,
    0xFC, 0xC6, 0xFC, 0xC6, 0xFC, 0xC6, 0xFC, 0xC6, 0xFC, 0xC6, 0xFC, 0xC6, 0xFC, 0xC6, 0xFC, 0xC6,
    0xFC, 0xC6, 0x1C, 0xC7, 0x1C, 0xC7, 0x1C, 0xC7, 0x1C, 0xC7, 0x1C, 0xC7, 0xFC, 0xC6, 0xFC, 0xC6,
    0xFC, 0xC6, 0xFC, 0xC6, 0xFC, 0xC6, 0xFC, 0xC6, 0xFC, 0xC6, 0xFC, 0xC6, 0xFC, 0xC6, 0xFC, 0xC6,
    0xFC, 0xC6, 0x1C, 0xC7, 0x1C, 0xC7, 0x1C, 0xC7, 0x1C, 0xC7, 0x1C, 0xC7, 0x1C, 0xC7, 0x1C, 0xC7,
    0x1C, 0xC7, 0x1C, 0xC7, 0x1C, 0xC7, 0x1C, 0xC7, 0x1C, 0xC7, 0x1C, 0xC7, 0x1C, 0xC7, 0x1C, 0xC7,
    0x1C, 0xC7, 0x1C, 0xC7, 0x1C, 0xC7, 0x1C, 0xC7, 0xFC, 0xC6, 0xFC, 0xC6, 0xFC, 0xC6, 0xFC, 0xC6,
    0xFC, 0xC6, 0xFC, 0xC6, 0xFC, 0xC6, 0xFC, 0xC6, 0xFC, 0xC6, 0xFC, 0xC6, 0xFC, 0xC6, 0xFC, 0xC6,
    0xFC, 0xC6, 0xFC, 0xC6, 0xFC, 0xC6, 0xFC, 0xC6, 0xFC, 0xC6, 0xFC, 0xC6, 0xFC, 0xC6, 0xFC, 0xC6,
    0xFC, 0xC6, 0xFC, 0xC6, 0xFC, 0xC6, 0xFC, 0xC6, 0xFC, 0xC6, 0x1C, 0xC7, 0x1C, 0xC7, 0xFC, 0xC6,
    0xFC, 0xC6, 0xFC, 0xC6, 0xFC, 0xC6, 0xFC, 0xC6, 0xFC, 0xC6, 0xFC, 0xBE, 0xFC, 0xBE, 0xFC, 0xBE,
    0xFC, 0xBE, 0xFC, 0xBE, 0xFC, 0xBE, 0xFC, 0xBE, 0xFC, 0xBE, 0xFC, 0xBE, 0xFC, 0xBE, 0xFC, 0xBE,
    0xFC, 0xBE, 0xFC, 0xBE, 0xFC, 0xBE, 0xFC, 0xBE, 0xFC, 0xBE, 0xFC, 0xBE, 0xFC, 0xBE, 0xFC, 0xBE,
    0xFC, 0xBE, 0xFC, 0xBE, 0xFC, 0xBE, 0xFC, 0xBE, 0xFC, 0xBE, 0xFC, 0xBE, 0xFC, 0xBE, 0xFC, 0xBE,
    0xFC, 0xBE, 0xFC, 0xBE, 0xFC, 0xBE, 0xFC, 0xBE, 0xFC, 0xBE, 0xFC, 0xBE, 0xFC, 0xBE, 0xFC, 0xBE,
    0xFC, 0xBE, 0xDC, 0xBE, 0xDC, 0xBE, 0xFC, 0xBE, 0xFC, 0xBE, 0xFC, 0xBE, 0xFC, 0xBE, 0xFC, 0xBE,
    0xDC, 0xBE, 0xDC, 0xBE, 0xDC, 0xBE, 0xDC, 0xBE, 0xDC, 0xBE, 0xDC, 0xBE, 0xDC, 0xBE, 0xDC, 0xBE,
    0xDC, 0xBE, 0xDC, 0xBE, 0xDC, 0xBE, 0xDC, 0xBE, 0xDC, 0xBE, 0xDC, 0xBE, 0xFC, 0xBE, 0xFC, 0xBE,
    0xDC, 0xBE, 0xDC, 0xBE, 0xDC, 0xBE, 0xFC, 0xBE, 0xFC, 0xBE, 0xFC, 0xBE, 0xFC, 0xBE, 0xFC, 0xBE,
    0xFC, 0xBE, 0xFC, 0xBE, 0xFC, 0xBE, 0xFC, 0xBE, 0xFC, 0xBE, 0xDC, 0xBE, 0xDC, 0xBE, 0xDC, 0xBE,
    0xDC, 0xBE, 0xDC, 0xBE, 0xDC, 0xBE, 0xDC, 0xBE, 0xDC, 0xBE, 0xDC, 0xBE, 0xDC, 0xBE, 0xDC, 0xBE,
    0xDC, 0xBE, 0xDC, 0xBE, 0xDC, 0xBE, 0xDC, 0xB6, 0xDC, 0xB6, 0xDC, 0xB6, 0xDC, 0xB6, 0xDC, 0xB6,
    0xDC, 0xB6, 0xDC, 0xB6, 0xDC, 0xB6, 0xDC, 0xB6, 0xFC, 0xB6, 0xFC, 0xB6, 0xFC, 0xB6, 0xFC, 0xB6,
    0xFC, 0xB6, 0xFC, 0xB6, 0xFC, 0xB6, 0xDC, 0xB6, 0xDC, 0xB6, 0xDC, 0xB6, 0xDC, 0xB6, 0xDC, 0xB6,
    0xDC, 0xB6, 0xDC, 0xB6, 0xDC, 0xB6, 0xDC, 0xB6, 0xDC, 0xB6, 0xDC, 0xB6, 0xDC, 0xB6, 0xDC, 0xB6,
    0xDC, 0xB6, 0xDC, 0xB6, 0xDC, 0xB6, 0xDC, 0xB6, 0xDC, 0xB6, 0xDC, 0xB6, 0xDC, 0xB6, 0xDC, 0xB6,
    0xDC, 0xB6, 0xDC, 0xB6, 0xDC, 0xB6, 0xDC, 0xB6, 0xDC, 0xB6, 0xDC, 0xB6, 0xDC, 0xB6, 0xDC, 0xB6,
    0xDC, 0xB6, 0xDC, 0xB6, 0xDC, 0xB6, 0xDC, 0xB6, 0xDC, 0xB6, 0xDC, 0xB6, 0xDC, 0xB6, 0xDC, 0xB6,
    0xDC, 0xB6, 0xDC, 0xB6, 0xDC, 0xB6, 0xDC, 0xB6, 0xDC, 0xB6, 0xDC, 0xB6, 0xDC, 0xB6, 0xDC, 0xB6,
    0xDC, 0xB6, 0xDC, 0xB6, 0xDC, 0xB6, 0xDC, 0xB6, 0xDC, 0xB6, 0xDC, 0xB6, 0xDC, 0xB6, 0xDC, 0xB6,
    0xDC, 0xB6, 0xDC, 0xB6, 0xDC, 0xB6, 0xDC, 0xB6, 0xDC, 0xB6, 0xDC, 0xB6, 0xDC, 0xB6, 0xDC, 0xB6,
    0xDC, 0xB6, 0xDC, 0xB6, 0xDC, 0xB6, 0xDC, 0xB6, 0xDC, 0xB6, 0xDC, 0xB6, 0xDC, 0xB6, 0xDC, 0xB6,
    0xDC, 0xB6, 0xDC, 0xB6, 0xDC, 0xB6, 0xDC, 0xB6, 0xDC, 0xB6, 0xDC, 0xB6, 0xDC, 0xB6, 0xDC, 0xB6,
    0xDC, 0xB6, 0xDC, 0xB6, 0xDC, 0xB6, 0xDC, 0xB6, 0xDC, 0xB6, 0xDC, 0xB6, 0xDC, 0xB6, 0xDC, 0xB6,
    0xBC, 0xB6, 0xBC, 0xB6, 0xBC, 0xB6, 0xBC, 0xB6, 0xBC, 0xB6, 0xBB, 0xB6, 0xBC, 0xB6, 0xBC, 0xB6,
    0xBC, 0xB6, 0xBC, 0xB6, 0xBC, 0xB6, 0xBC, 0xB6, 0xBC, 0xB6, 0xBC, 0xB6, 0xBC, 0xB6, 0xBC, 0xB6,
    0xBC, 0xB6, 0xBC, 0xB6, 0xBC, 0xB6, 0xBC, 0xB6, 0xBC, 0xB6, 0xBC, 0xB6, 0xBC, 0xB6, 0xBC, 0xB6,
    0xBC, 0xB6, 0xBC, 0xB6, 0xBC, 0xB6, 0xBC, 0xB6, 0xBC, 0xB6, 0xBC, 0xB6, 0xDB, 0xB6, 0xDB, 0xB6,
    0xDB, 0xB6, 0xDB, 0xB6, 0xDB, 0xB6, 0xBC, 0xB6, 0xBC, 0xB6, 0xDB, 0xB6, 0xDB, 0xB6, 0xDB, 0xB6,
    0xFC, 0xC6, 0xFC, 0xC6, 0xFC, 0xC6, 0xFC, 0xC6, 0xFC, 0xC6, 0xFC, 0xC6, 0xFC, 0xC6, 0xFC, 0xC6,
    0xFC, 0xC6, 0xFC, 0xC6, 0xFC, 0xC6, 0xFC, 0xC6, 0xFC, 0xC6, 0xFC, 0xC6, 0xFC, 0xC6, 0xFC, 0xC6,
    0xFC, 0xC6, 0xFC, 0xC6, 0xFC, 0xC6, 0xFC, 0xC6, 0xFC, 0xC6, 0xFC, 0xC6, 0xFC, 0xC6, 0xFC, 0xC6,
    0xFC, 0xC6, 0x1C, 0xC7, 0x1C, 0xC7, 0x1C, 0xC7, 0x1C, 0xC7, 0x1C, 0xC7, 0xFC, 0xC6, 0xFC, 0xC6,
    0xFC, 0xC6, 0xFC, 0xC6, 0xFC, 0xC6, 0xFC, 0xC6, 0xFC, 0xC6, 0xFC, 0xC6, 0x1C, 0xC7, 0x1C, 0xC7,
    0xFC, 0xC6, 0xFC, 0xC6, 0x1C, 0xC7, 0x1C, 0xC7, 0x1C, 0xC7, 0x1C, 0xC7, 0x1C, 0xC7, 0x1C, 0xC7,
    0x1C, 0xC7, 0x1C, 0xC7, 0x1C, 0xC7, 0x1C, 0xC7, 0x1C, 0xC7, 0x1C, 0xC7, 0x1C, 0xC7, 0x1C, 0xC7,
    0x1C, 0xC7, 0x1C, 0xC7, 0x1C, 0xC7, 0x1C, 0xC7, 0x1C, 0xC7, 0x1C, 0xC7, 0xFC, 0xC6, 0x1C, 0xC7,
    0x1C, 0xC7, 0xFC, 0xC6, 0xFC, 0xC6, 0xFC, 0xC6, 0xFC, 0xC6, 0xFC, 0xC6, 0xFC, 0xC6, 0xFC, 0xC6,
    0xFC, 0xC6, 0xFC, 0xC6, 0xFC, 0xC6, 0xFC, 0xC6, 0xFC, 0xC6, 0xFC, 0xC6, 0xFC, 0xC6, 0xFC, 0xC6,
    0x1C, 0xC7, 0xFC, 0xC6, 0xFC, 0xC6, 0xFC, 0xC6, 0xFC, 0xC6, 0x1C, 0xC7, 0x1C, 0xC7, 0x1C, 0xC7,
    0x1C, 0xC7, 0x1C, 0xC7, 0xFC, 0xC6, 0xFC, 0xC6, 0xFC, 0xC6, 0xFC, 0xC6, 0xFC, 0xC6, 0xFC, 0xBE,
    0xFC, 0xBE, 0xFC, 0xBE, 0xFC, 0xBE, 0xFC, 0xBE, 0xFC, 0xBE, 0xFC, 0xBE, 0xFC, 0xC6, 0xFC, 0xC6,
    0xFC, 0xBE, 0xFC, 0xBE, 0xFC, 0xBE, 0xFC, 0xBE, 0xFC, 0xBE, 0xFC, 0xBE, 0xFC, 0xBE, 0xFC, 0xBE,
    0xFC, 0xBE, 0xFC, 0xBE, 0xFC, 0xBE, 0xFC, 0xBE, 0xFC, 0xBE, 0xFC, 0xBE, 0xFC, 0xBE, 0xFC, 0xBE,
    0xFC, 0xBE, 0xFC, 0xBE, 0xFC, 0xBE, 0xFC, 0xBE, 0xFC, 0xBE, 0xFC, 0xBE, 0xFC, 0xBE, 0xFC, 0xBE,
    0xFC, 0xBE, 0xDC, 0xBE, 0xDC, 0xBE, 0xDC, 0xBE, 0xFC, 0xBE, 0xFC, 0xBE, 0xFC, 0xBE, 0xFC, 0xBE,
    0xDC, 0xBE, 0xDC, 0xBE, 0xDC, 0xBE, 0xDC, 0xBE, 0xDC, 0xBE, 0xDC, 0xBE, 0xDC, 0xBE, 0xDC, 0xBE,
    0xDC, 0xBE, 0xDC, 0xBE, 0xDC, 0xBE, 0xDC, 0xBE, 0xDC, 0xBE, 0xDC, 0xBE, 0xFC, 0xBE, 0xFC, 0xBE,
    0xFC, 0xBE, 0xDC, 0xBE, 0xDC, 0xBE, 0xFC, 0xBE, 0xFC, 0xBE, 0xFC, 0xBE, 0xFC, 0xBE, 0xFC, 0xBE,
    0xFC, 0xBE, 0xFC, 0xBE, 0xFC, 0xBE, 0xFC, 0xBE, 0xFC, 0xBE, 0xFC, 0xBE, 0xFC, 0xBE, 0xFC, 0xBE,
    0xFC, 0xBE, 0xFC, 0xBE, 0xDC, 0xBE, 0xDC, 0xBE, 0xDC, 0xBE, 0xDC, 0xBE, 0xDC, 0xBE, 0xDC, 0xBE,
    0xDC, 0xBE, 0xDC, 0xBE, 0xDC, 0xBE, 0xDC, 0xBE, 0xDC, 0xB6, 0xDC, 0xB6, 0xDC, 0xB6, 0xDC, 0xB6,
    0xDC, 0xB6, 0xDC, 0xB6, 0xDC, 0xB6, 0xDC, 0xB6, 0xFC, 0xB6, 0xFC, 0xB6, 0xFC, 0xB6, 0xFC, 0xB6,
    0xFC, 0xB6, 0xFC, 0xB6, 0xFC, 0xB6, 0xDC, 0xB6, 0xDC, 0xB6, 0xDC, 0xB6, 0xDC, 0xB6, 0xDC, 0xB6,
    0xDC, 0xB6, 0xDC, 0xB6, 0xDC, 0xB6, 0xDC, 0xB6, 0xDC, 0xB6, 0xDC, 0xB6, 0xDC, 0xB6, 0xDC, 0xB6,
    0xDC, 0xB6, 0xDC, 0xB6, 0xDC, 0xB6, 0xDC, 0xB6, 0xDC, 0xB6, 0xDC, 0xB6, 0xDC, 0xB6, 0xDC, 0xB6,
    0xDC, 0xB6, 0xDC, 0xB6, 0xDC, 0xB6, 0xDC, 0xB6, 0xDC, 0xB6, 0xDC, 0xB6, 0xDC, 0xB6, 0xDC, 0xB6,
    0xDC, 0xB6, 0xDC, 0xB6, 0xDC, 0xB6, 0xDC, 0xB6, 0xDC, 0xB6, 0xDC, 0xB6, 0xDC, 0xB6, 0xDC, 0xB6,
    0xDC, 0xB6, 0xDC, 0xB6, 0xDC, 0xB6, 0xDC, 0xB6, 0xDC, 0xB6, 0xDC, 0xB6, 0xDC, 0xB6, 0xDC, 0xB6,
    0xDC, 0xB6, 0xDC, 0xB6, 0xDC, 0xB6, 0xDC, 0xB6, 0xDC, 0xB6, 0xDC, 0xB6, 0xDC, 0xB6, 0xDC, 0xB6,
    0xDC, 0xB6, 0xDC, 0xB6, 0xDC, 0xB6, 0xDC, 0xB6, 0xDC, 0xB6, 0xDC, 0xB6, 0xDC, 0xB6, 0xDC, 0xB6,
    0xDC, 0xB6, 0xDC, 0xB6, 0xDC, 0xB6, 0xDC, 0xB6, 0xDC, 0xB6, 0xDC, 0xB6, 0xDC, 0xB6, 0xDC, 0xB6,
    0xDC, 0xB6, 0xDC, 0xB6, 0xDC, 0xB6, 0xDC, 0xB6, 0xDC, 0xB6, 0xDC, 0xB6, 0xDC, 0xB6, 0xDC, 0xB6,
    0xDC, 0xB6, 0xDC, 0xB6, 0xDC, 0xB6, 0xDC, 0xB6, 0xDC, 0xB6, 0xDC, 0xB6, 0xBC, 0xB6, 0xBC, 0xB6,
    0xDC, 0xB6, 0xDC, 0xB6, 0xDC, 0xB6, 0xBC, 0xB6, 0xDC, 0xB6, 0xBC, 0xB6, 0xBC, 0xB6, 0xDC, 0xB6,
    0xDC, 0xB6, 0xDC, 0xB6, 0xDC, 0xB6, 0xDC, 0xB6, 0xDC, 0xB6, 0xBC, 0xB6, 0xBC, 0xB6, 0xBC, 0xB6,
    0xBC, 0xB6, 0xBC, 0xB6, 0xBC, 0xB6, 0xBC, 0xB6, 0xBC, 0xB6, 0xBC, 0xB6, 0xBC, 0xB6, 0xDC, 0xB6,
    0xDC, 0xB6, 0xDC, 0xB6, 0xDC, 0xB6, 0xDC, 0xB6, 0xBC, 0xB6, 0xBC, 0xB6, 0xDB, 0xB6, 0xDB, 0xB6,
    0xDB, 0xB6, 0xDB, 0xB6, 0xDB, 0xB6, 0xBC, 0xB6, 0xBC, 0xB6, 0xDB, 0xB6, 0xDB, 0xB6, 0xDB, 0xB6,
    0xFC, 0xC6, 0xFC, 0xC6, 0xFC, 0xC6, 0xFC, 0xC6, 0xFC, 0xC6, 0xFC, 0xC6, 0xFC, 0xC6, 0xFC, 0xC6,
    0xFC, 0xC6, 0xFC, 0xC6, 0xFC, 0xC6, 0xFC, 0xC6, 0xFC, 0xC6, 0xFC, 0xC6, 0xFC, 0xC6, 0xFC, 0xC6,
    0xFC, 0xC6, 0xFC, 0xC6, 0xFC, 0xC6, 0xFC, 0xC6, 0xFC, 0xC6, 0xFC, 0xC6, 0xFC, 0xC6, 0xFC, 0xC6,
    0xFC, 0xC6, 0xFC, 0xC6, 0xFC, 0xC6, 0xFC, 0xC6, 0x1C, 0xC7, 0x1C, 0xC7, 0x1C, 0xC7, 0x1C, 0xC7,
    0x1C, 0xC7, 0x1C, 0xC7, 0xFC, 0xC6, 0xFC, 0xC6, 0xFC, 0xC6, 0xFC, 0xC6, 0x1C, 0xC7, 0x1C, 0xC7,
    0x1C, 0xC7, 0x1C, 0xC7, 0x1C, 0xC7, 0xFC, 0xC6, 0xFC, 0xC6, 0x1C, 0xC7, 0xFC, 0xC6, 0xFC, 0xC6,
    0xFC, 0xC6, 0x1C, 0xC7, 0xFC, 0xC6, 0xFC, 0xC6, 0xFC, 0xC6, 0xFC, 0xC6, 0xFC, 0xC6, 0x1C, 0xC7,
    0x1C, 0xC7, 0x1C, 0xC7, 0x1C, 0xC7, 0x1C, 0xC7, 0x1C, 0xC7, 0x1C, 0xC7, 0xFC, 0xC6, 0xFC, 0xC6,
    0xFC, 0xC6, 0xFC, 0xC6, 0xFC, 0xC6, 0xFC, 0xC6, 0xFC, 0xC6, 0xFC, 0xC6, 0xFC, 0xC6, 0xFC, 0xC6,
    0xFC, 0xC6, 0xFC, 0xC6, 0xFC, 0xC6, 0xFC, 0xC6, 0xFC, 0xC6, 0xFC, 0xC6, 0xFC, 0xC6, 0xFC, 0xC6,
    0xFC, 0xC6, 0x1C, 0xC7, 0x1C, 0xC7, 0xFC, 0xC6, 0xFC, 0xC6, 0xFC, 0xC6, 0xFC, 0xC6, 0xFC, 0xC6,
    0x1C, 0xC7, 0x1C, 0xC7, 0xFC, 0xC6, 0xFC, 0xC6, 0xFC, 0xC6, 0xFC, 0xC6, 0xFC, 0xC6, 0xFC, 0xC6,
    0xFC, 0xC6, 0xFC, 0xBE, 0xFC, 0xBE, 0xFC, 0xBE, 0xFC, 0xC6, 0xFC, 0xBE, 0xFC, 0xBE, 0xFC, 0xBE,
    0xFC, 0xBE, 0xFC, 0xBE, 0xFC, 0xBE, 0xFC, 0xBE, 0xFC, 0xBE, 0xFC, 0xBE, 0xFC, 0xBE, 0xFC, 0xBE,
    0xFC, 0xBE, 0xFC, 0xBE, 0xFC, 0xBE, 0xFC, 0xBE, 0xFC, 0xBE, 0xFC, 0xBE, 0xFC, 0xBE, 0xFC, 0xBE,
    0xFC, 0xBE, 0xFC, 0xBE, 0xFC, 0xBE, 0xFC, 0xBE, 0xFC, 0xBE, 0xFC, 0xBE, 0xDC, 0xBE, 0xDC, 0xBE,
    0xFC, 0xBE, 0xFC, 0xBE, 0xDC, 0xBE, 0xDC, 0xBE, 0xFC, 0xBE, 0xFC, 0xBE, 0xFC, 0xBE, 0xFC, 0xBE,
    0xDC, 0xBE, 0xDC, 0xBE, 0xDC, 0xBE, 0xDC, 0xBE, 0xDC, 0xBE, 0xDC, 0xBE, 0xDC, 0xBE, 0xDC, 0xBE,
    0xDC, 0xBE, 0xDC, 0xBE, 0xDC, 0xBE, 0xDC, 0xBE, 0xFC, 0xBE, 0xFC, 0xBE, 0xFC, 0xBE, 0xFC, 0xBE,
    0xFC, 0xBE, 0xFC, 0xBE, 0xFC, 0xBE, 0xFC, 0xBE, 0xFC, 0xBE, 0xFC, 0xBE, 0xFC, 0xBE, 0xFC, 0xBE,
    0xDC, 0xBE, 0xDC, 0xBE, 0xDC, 0xBE, 0xDC, 0xBE, 0xDC, 0xBE, 0xFC, 0xBE, 0xFC, 0xBE, 0xDC, 0xBE,
    0xDC, 0xBE, 0xDC, 0xBE, 0xDC, 0xBE, 0xDC, 0xBE, 0xDC, 0xBE, 0xDC, 0xBE, 0xDC, 0xBE, 0xDC, 0xBE,
    0xDC, 0xBE, 0xDC, 0xBE, 0xDC, 0xBE, 0xDC, 0xBE, 0xDC, 0xBE, 0xFC, 0xBE, 0xDC, 0xBE, 0xDC, 0xB6,
    0xDC, 0xB6, 0xDC, 0xB6, 0xDC, 0xB6, 0xDC, 0xB6, 0xDC, 0xB6, 0xDC, 0xB6, 0xFC, 0xB6, 0xFC, 0xB6,
    0xFC, 0xB6, 0xFC, 0xB6, 0xFC, 0xB6, 0xFC, 0xB6, 0xFC, 0xB6, 0xFC, 0xB6, 0xFC, 0xB6, 0xFC, 0xB6,
    0xDC, 0xB6, 0xDC, 0xB6, 0xDC, 0xB6, 0xDC, 0xB6, 0xDC, 0xB6, 0xDC, 0xB6, 0xDC, 0xB6, 0xDC, 0xB6,
    0xDC, 0xB6, 0xDC, 0xB6, 0xDC, 0xB6, 0xDC, 0xB6, 0xDC, 0xB6, 0xDC, 0xB6, 0xDC, 0xB6, 0xDC, 0xB6,
    0xDC, 0xB6, 0xDC, 0xB6, 0xDC, 0xB6, 0xDC, 0xB6, 0xDC, 0xB6, 0xDC, 0xB6, 0xDC, 0xB6, 0xDC, 0xB6,
    0xDC, 0xB6, 0xDC, 0xB6, 0xDC, 0xB6, 0xDC, 0xB6, 0xDC, 0xB6, 0xDC, 0xB6, 0xDC, 0xB6, 0xDC, 0xB6,
    0xDC, 0xB6, 0xDC, 0xB6, 0xDC, 0xB6, 0xDC, 0xB6, 0xDC, 0xB6, 0xDC, 0xB6, 0xDC, 0xB6, 0xDC, 0xB6,
    0xDC, 0xB6, 0xDC, 0xB6, 0xDC, 0xB6, 0xDC, 0xB6, 0xDC, 0xB6, 0xDC, 0xB6, 0xDC, 0xB6, 0xDC, 0xB6,
    0xDC, 0xB6, 0xDC, 0xB6, 0xDC, 0xB6, 0xDC, 0xB6, 0xDC, 0xB6, 0xDC, 0xB6, 0xDC, 0xB6, 0xDC, 0xB6,
    0xDC, 0xB6, 0xDC, 0xB6, 0xDC, 0xB6, 0xDC, 0xB6, 0xDC, 0xB6, 0xDC, 0xB6, 0xDC, 0xB6, 0xDC, 0xB6,
    0xDC, 0xB6, 0xDC, 0xB6, 0xDC, 0xB6, 0xDC, 0xB6, 0xDC, 0xB6, 0xDC, 0xB6, 0xDC, 0xB6, 0xDC, 0xB6,
    0xDC, 0xB6, 0xDC, 0xB6, 0xDC, 0xB6, 0xDC, 0xB6, 0xDC, 0xB6, 0xDC, 0xB6, 0xDC, 0xB6, 0xDC, 0xB6,
    0xDC, 0xB6, 0xDC, 0xB6, 0xDC, 0xB6, 0xDC, 0xB6, 0xDC, 0xB6, 0xDC, 0xB6, 0xDC, 0xB6, 0xDC, 0xB6,
    0xDC, 0xB6, 0xDC, 0xB6, 0xDC, 0xB6, 0xDC, 0xB6, 0xDC, 0xB6, 0xDB, 0xB6, 0xDB, 0xB6, 0xDB, 0xB6,
    0xDB, 0xB6, 0xDB, 0xB6, 0xDC, 0xB6, 0xDC, 0xB6, 0xDB, 0xB6, 0xDC, 0xB6, 0xDC, 0xB6, 0xDC, 0xB6,
    0xDC, 0xB6, 0xDC, 0xB6, 0xDC, 0xB6, 0xDC, 0xB6, 0xDC, 0xB6, 0xDC, 0xB6, 0xDC, 0xB6, 0xDC, 0xB6,
    0xDC, 0xB6, 0xDB, 0xB6, 0xDB, 0xB6, 0xDC, 0xB6, 0xDB, 0xB6, 0xDB, 0xB6, 0xDB, 0xB6, 0xDB, 0xB6,
    0xFC, 0xC6, 0xFC, 0xC6, 0x1C, 0xC7, 0xFC, 0xC6, 0xFC, 0xC6, 0xFC, 0xC6, 0xFC, 0xC6, 0xFC, 0xC6,
    0xFC, 0xC6, 0xFC, 0xC6, 0xFC, 0xC6, 0xFC, 0xC6, 0xFC, 0xC6, 0xFC, 0xC6, 0xFC, 0xC6, 0xFC, 0xC6,
    0xFC, 0xC6, 0xFC, 0xC6, 0xFC, 0xC6, 0xFC, 0xC6, 0xFC, 0xC6, 0xFC, 0xC6, 0xFC, 0xC6, 0xFC, 0xC6,
    0xFC, 0xC6, 0xFC, 0xC6, 0xFC, 0xC6, 0xFC, 0xC6, 0x1C, 0xC7, 0x1C, 0xC7, 0xFC, 0xC6, 0xFC, 0xC6,
    0xFC, 0xC6, 0xFC, 0xC6, 0xFC, 0xC6, 0x1C, 0xC7, 0x1C, 0xC7, 0xFC, 0xC6, 0x1C, 0xC7, 0x1C, 0xC7,
    0x1C, 0xC7, 0x1C, 0xC7, 0xFC, 0xC6, 0xFC, 0xC6, 0xFC, 0xC6, 0xFC, 0xC6, 0xFC, 0xC6, 0xFC, 0xC6,
    0xFC, 0xC6, 0xFC, 0xC6, 0xFC, 0xC6, 0xFC, 0xC6, 0xFC, 0xC6, 0xFC, 0xC6, 0xFC, 0xC6, 0xFC, 0xC6,
    0xFC, 0xC6, 0xFC, 0xC6, 0x1C, 0xC7, 0x1C, 0xC7, 0x1C, 0xC7, 0x1C, 0xC7, 0xFC, 0xC6, 0xFC, 0xC6,
    0xFC, 0xC6, 0xFC, 0xC6, 0xFC, 0xC6, 0xFC, 0xC6, 0xFC, 0xC6, 0xFC, 0xC6, 0xFC, 0xC6, 0xFC, 0xC6,
    0xFC, 0xC6, 0xFC, 0xC6, 0xFC, 0xC6, 0xFC, 0xC6, 0xFC, 0xC6, 0xFC, 0xC6, 0xFC, 0xC6, 0xFC, 0xC6,
    0xFC, 0xC6, 0xFC, 0xC6, 0xFC, 0xC6, 0xFC, 0xC6, 0xFC, 0xC6, 0xFC, 0xC6, 0xFC, 0xC6, 0xFC, 0xC6,
    0x1C, 0xC7, 0x1C, 0xC7, 0xFC, 0xC6, 0xFC, 0xC6, 0xFC, 0xC6, 0xFC, 0xC6, 0xFC, 0xC6, 0xFC, 0xC6,
    0xFC, 0xC6, 0xFC, 0xC6, 0xFC, 0xBE, 0xFC, 0xBE, 0xFC, 0xC6, 0xFC, 0xBE, 0xFC, 0xBE, 0xFC, 0xBE,
    0xFC, 0xBE, 0xFC, 0xBE, 0xFC, 0xBE, 0xFC, 0xBE, 0xFC, 0xBE, 0xFC, 0xBE, 0xFC, 0xBE, 0xFC, 0xBE,
    0xFC, 0xBE, 0xFC, 0xBE, 0xFC, 0xBE, 0xFC, 0xBE, 0xFC, 0xBE, 0xFC, 0xBE, 0xFC, 0xBE, 0xFC, 0xBE,
    0xFC, 0xBE, 0xFC, 0xBE, 0xFC, 0xBE, 0xFC, 0xBE, 0xFC, 0xBE, 0xFC, 0xBE, 0xFC, 0xBE, 0xFC, 0xBE,
    0xFC, 0xBE, 0xFC, 0xBE, 0xDC, 0xBE, 0xFC, 0xBE, 0xFC, 0xBE, 0xFC, 0xBE, 0xFC, 0xBE, 0xFC, 0xBE,
    0xFC, 0xBE, 0xFC, 0xBE, 0xDC, 0xBE, 0xDC, 0xBE, 0xDC, 0xBE, 0xDC, 0xBE, 0xDC, 0xBE, 0xDC, 0xBE,
    0xDC, 0xBE, 0xFC, 0xBE, 0xFC, 0xBE, 0xFC, 0xBE, 0xFC, 0xBE, 0xFC, 0xBE, 0xFC, 0xBE, 0xFC, 0xBE,
    0xFC, 0xBE, 0xFC, 0xBE, 0xFC, 0xBE, 0xFC, 0xBE, 0xFC, 0xBE, 0xFC, 0xBE, 0xFC, 0xBE, 0xFC, 0xBE,
    0xDC, 0xBE, 0xDC, 0xBE, 0xDC, 0xBE, 0xDC, 0xBE, 0xDC, 0xBE, 0xFC, 0xBE, 0xFC, 0xBE, 0xDC, 0xBE,
    0xDC, 0xBE, 0xDC, 0xBE, 0xDC, 0xBE, 0xDC, 0xBE, 0xDC, 0xBE, 0xDC, 0xBE, 0xDC, 0xBE, 0xDC, 0xBE,
    0xDC, 0xBE, 0xDC, 0xBE, 0xDC, 0xBE, 0xDC, 0xBE, 0xFC, 0xBE, 0xFC, 0xBE, 0xDC, 0xBE, 0xDC, 0xBE,
    0xDC, 0xBE, 0xDC, 0xBE, 0xDC, 0xBE, 0xDC, 0xB6, 0xDC, 0xB6, 0xDC, 0xB6, 0xDC, 0xB6, 0xFC, 0xB6,
    0xDC, 0xB6, 0xFC, 0xB6, 0xFC, 0xB6, 0xDC, 0xB6, 0xDC, 0xB6, 0xDC, 0xB6, 0xFC, 0xB6, 0xFC, 0xB6,
    0xDC, 0xB6, 0xDC, 0xB6, 0xDC, 0xB6, 0xDC, 0xB6, 0xFC, 0xB6, 0xDC, 0xB6, 0xDC, 0xB6, 0xDC, 0xB6,
    0xDC, 0xB6, 0xDC, 0xB6, 0xDC, 0xB6, 0xDC, 0xB6, 0xDC, 0xB6, 0xDC, 0xB6, 0xFC, 0xB6, 0xDC, 0xB6,
    0xDC, 0xB6, 0xDC, 0xB6, 0xDC, 0xB6, 0xDC, 0xB6, 0xDC, 0xB6, 0xDC, 0xB6, 0xDC, 0xB6, 0xDC, 0xB6,
    0xDC, 0xB6, 0xDC, 0xB6, 0xDC, 0xB6, 0xDC, 0xB6, 0xDC, 0xB6, 0xDC, 0xB6, 0xDC, 0xB6, 0xDC, 0xB6,
    0xDC, 0xB6, 0xDC, 0xB6, 0xDC, 0xB6, 0xDC, 0xB6, 0xDC, 0xB6, 0xDC, 0xB6, 0xDC, 0xB6, 0xDC, 0xB6,
    0xDC, 0xB6, 0xDC, 0xB6, 0xDC, 0xB6, 0xDC, 0xB6, 0xDC, 0xB6, 0xDC, 0xB6, 0xDC, 0xB6, 0xDC, 0xB6,
    0xDC, 0xB6, 0xDC, 0xB6, 0xDC, 0xB6, 0xDC, 0xB6, 0xDC, 0xB6, 0xDC, 0xB6, 0xDC, 0xB6, 0xDC, 0xB6,
    0xDC, 0xB6, 0xDC, 0xB6, 0xDC, 0xB6, 0xDC, 0xB6, 0xDC, 0xB6, 0xDC, 0xB6, 0xDC, 0xB6, 0xDC, 0xB6,
    0xDC, 0xB6, 0xDC, 0xB6, 0xDC, 0xB6, 0xDC, 0xB6, 0xDC, 0xB6, 0xDC, 0xB6, 0xDC, 0xB6, 0xDC, 0xB6,
    0xDC, 0xB6, 0xDC, 0xB6, 0xDC, 0xB6, 0xDC, 0xB6, 0xDC, 0xB6, 0xDC, 0xB6, 0xDC, 0xB6, 0xDC, 0xB6,
    0xDC, 0xB6, 0xDC, 0xB6, 0xDC, 0xB6, 0xDC, 0xB6, 0xDC, 0xB6, 0xDC, 0xB6, 0xDC, 0xB6, 0xDC, 0xB6,
    0xDC, 0xB6, 0xDC, 0xB6, 0xDC, 0xB6, 0xDC, 0xB6, 0xDC, 0xB6, 0xDB, 0xB6, 0xDB, 0xB6, 0xDB, 0xB6,
    0xDB, 0xB6, 0xDB, 0xB6, 0xDC, 0xB6, 0xDC, 0xB6, 0xDB, 0xB6, 0xDC, 0xB6, 0xDC, 0xB6, 0xDC, 0xB6,
    0xDC, 0xB6, 0xDC, 0xB6, 0xDB, 0xB6, 0xDB, 0xB6, 0xDC, 0xB6, 0xDC, 0xB6, 0xDC, 0xB6, 0xDC, 0xB6,
    0xDC, 0xB6, 0xDB, 0xB6, 0xDB, 0xB6, 0xDC, 0xB6, 0xDB, 0xB6, 0xDB, 0xB6, 0xDB, 0xB6, 0xDB, 0xB6,
    0xFC, 0xC6, 0xFC, 0xC6, 0x1C, 0xC7, 0x1C, 0xC7, 0xFC, 0xC6, 0xFC, 0xC6, 0xFC, 0xC6, 0xFC, 0xC6,
    0xFC, 0xC6, 0xFC, 0xC6, 0xFC, 0xC6, 0xFC, 0xC6, 0xFC, 0xC6, 0xFC, 0xC6, 0xFC, 0xC6, 0xFC, 0xC6,
    0xFC, 0xC6, 0xFC, 0xC6, 0xFC, 0xC6, 0xFC, 0xC6, 0xFC, 0xC6, 0xFC, 0xC6, 0xFC, 0xC6, 0xFC, 0xC6,
    0xFC, 0xC6, 0xFC, 0xC6, 0xFC, 0xC6, 0xFC, 0xC6, 0xFC, 0xC6, 0xFC, 0xC6, 0xFC, 0xC6, 0xFC, 0xC6,
    0xFC, 0xC6, 0xFC, 0xC6, 0xFC, 0xC6, 0x1C, 0xC7, 0x1C, 0xC7, 0xFC, 0xC6, 0x1C, 0xC7, 0x1C, 0xC7,
    0x1C, 0xC7, 0x1C, 0xC7, 0xFC, 0xC6, 0xFC, 0xC6, 0xFC, 0xC6, 0xFC, 0xC6, 0xFC, 0xC6, 0xFC, 0xC6,
    0xFC, 0xC6, 0xFC, 0xC6, 0xFC, 0xC6, 0xFC, 0xC6, 0xFC, 0xC6, 0xFC, 0xC6, 0xFC, 0xC6, 0xFC, 0xC6,
    0xFC, 0xC6, 0xFC, 0xC6, 0xFC, 0xC6, 0xFC, 0xC6, 0x1C, 0xC7, 0x1C, 0xC7, 0xFC, 0xC6, 0xFC, 0xC6,
    0xFC, 0xC6, 0xFC, 0xC6, 0xFC, 0xC6, 0xFC, 0xC6, 0xFC, 0xC6, 0xFC, 0xC6, 0xFC, 0xC6, 0xFC, 0xC6,
    0xFC, 0xC6, 0xFC, 0xC6, 0xFC, 0xC6, 0xFC, 0xC6, 0xFC, 0xC6, 0xFC, 0xC6, 0xFC, 0xC6, 0xFC, 0xC6,
    0xFC, 0xC6, 0xFC, 0xC6, 0xFC, 0xC6, 0xFC, 0xC6, 0xFC, 0xC6, 0xFC, 0xC6, 0xFC, 0xC6, 0xFC, 0xC6,
    0xFC, 0xC6, 0xFC, 0xC6, 0xFC, 0xC6, 0xFC, 0xC6, 0xFC, 0xC6, 0x1C, 0xC7, 0x1C, 0xC7, 0xFC, 0xC6,
    0xFC, 0xC6, 0xFC, 0xC6, 0xFC, 0xC6, 0xFC, 0xC6, 0xFC, 0xC6, 0xFC, 0xBE, 0xFC, 0xBE, 0xFC, 0xBE,
    0xFC, 0xBE, 0xFC, 0xBE, 0xFC, 0xBE, 0xFC, 0xBE, 0xFC, 0xBE, 0xFC, 0xBE, 0xFC, 0xBE, 0xFC, 0xBE,
    0xFC, 0xBE, 0xFC, 0xBE, 0xFC, 0xBE, 0xFC, 0xBE, 0xFC, 0xBE, 0xFC, 0xBE, 0xFC, 0xBE, 0xFC, 0xBE,
    0xFC, 0xBE, 0xFC, 0xBE, 0xFC, 0xBE, 0xFC, 0xBE, 0xFC, 0xBE, 0xFC, 0xBE, 0xFC, 0xBE, 0xFC, 0xBE,
    0xFC, 0xBE, 0xFC, 0xBE, 0xDC, 0xBE, 0xFC, 0xBE, 0xFC, 0xBE, 0xFC, 0xBE, 0xFC, 0xBE, 0xFC, 0xBE,
    0xFC, 0xBE, 0xFC, 0xBE, 0xDC, 0xBE, 0xDC, 0xBE, 0xDC, 0xBE, 0xDC, 0xBE, 0xDC, 0xBE, 0xDC, 0xBE,
    0xDC, 0xBE, 0xFC, 0xBE, 0xFC, 0xBE, 0xFC, 0xBE, 0xFC, 0xBE, 0xFC, 0xBE, 0xFC, 0xBE, 0xFC, 0xBE,
    0xFC, 0xBE, 0xFC, 0xBE, 0xFC, 0xBE, 0xFC, 0xBE, 0xFC, 0xBE, 0xFC, 0xBE, 0xFC, 0xBE, 0xFC, 0xBE,
    0xDC, 0xBE, 0xDC, 0xBE, 0xDC, 0xBE, 0xDC, 0xBE, 0xDC, 0xBE, 0xDC, 0xBE, 0xDC, 0xBE, 0xDC, 0xBE,
    0xDC, 0xBE, 0xDC, 0xBE, 0xDC, 0xBE, 0xDC, 0xBE, 0xDC, 0xBE, 0xDC, 0xBE, 0xDC, 0xBE, 0xDC, 0xBE,
    0xDC, 0xBE, 0xDC, 0xBE, 0xDC, 0xBE, 0xDC, 0xBE, 0xFC, 0xBE, 0xFC, 0xBE, 0xDC, 0xBE, 0xDC, 0xBE,
    0xDC, 0xBE, 0xDC, 0xBE, 0xDC, 0xBE, 0xDC, 0xBE, 0xDC, 0xBE, 0xDC, 0xBE, 0xDC, 0xB6, 0xDC, 0xB6,
    0xDC, 0xB6, 0xDC, 0xB6, 0xDC, 0xB6, 0xDC, 0xB6, 0xDC, 0xB6, 0xDC, 0xB6, 0xDC, 0xB6, 0xDC, 0xB6,
    0xDC, 0xB6, 0xDC, 0xB6, 0xDC, 0xB6, 0xFC, 0xB6, 0xFC, 0xB6, 0xDC, 0xB6, 0xDC, 0xB6, 0xDC, 0xB6,
    0xDC, 0xB6, 0xDC, 0xB6, 0xDC, 0xB6, 0xDC, 0xB6, 0xDC, 0xB6, 0xDC, 0xB6, 0xFC, 0xB6, 0xDC, 0xB6,
    0xDC, 0xB6, 0xDC, 0xB6, 0xDC, 0xB6, 0xDC, 0xB6, 0xDC, 0xB6, 0xDC, 0xB6, 0xDC, 0xB6, 0xDC, 0xB6,
    0xDC, 0xB6, 0xDC, 0xB6, 0xDC, 0xB6, 0xDC, 0xB6, 0xDC, 0xB6, 0xDC, 0xB6, 0xDC, 0xB6, 0xDC, 0xB6,
    0xDC, 0xB6, 0xDC, 0xB6, 0xDC, 0xB6, 0xDC, 0xB6, 0xDC, 0xB6, 0xDC, 0xB6, 0xDC, 0xB6, 0xDC, 0xB6,
    0xDC, 0xB6, 0xDC, 0xB6, 0xDC, 0xB6, 0xDC, 0xB6, 0xDC, 0xB6, 0xDC, 0xB6, 0xDC, 0xB6, 0xDC, 0xB6,
    0xDC, 0xB6, 0xDC, 0xB6, 0xDC, 0xB6, 0xDC, 0xB6, 0xDC, 0xB6, 0xDC, 0xB6, 0xDC, 0xB6, 0xDC, 0xB6,
    0xDC, 0xB6, 0xDC, 0xB6, 0xDC, 0xB6, 0xDC, 0xB6, 0xDC, 0xB6, 0xDC, 0xB6, 0xDC, 0xB6, 0xDC, 0xB6,
    0xDC, 0xB6, 0xDC, 0xB6, 0xDC, 0xB6, 0xDC, 0xB6, 0xDC, 0xB6, 0xDC, 0xB6, 0xDC, 0xB6, 0xDC, 0xB6,
    0xDC, 0xB6, 0xDC, 0xB6, 0xDC, 0xB6, 0xDC, 0xB6, 0xDC, 0xB6, 0xDC, 0xB6, 0xDC, 0xB6, 0xDC, 0xB6,
    0xDC, 0xB6, 0xDC, 0xB6, 0xDC, 0xB6, 0xDC, 0xB6, 0xDC, 0xB6, 0xDC, 0xB6, 0xDC, 0xB6, 0xDC, 0xB6,
    0xDC, 0xB6, 0xDC, 0xB6, 0xDC, 0xB6, 0xDC, 0xB6, 0xDC, 0xB6, 0xDC, 0xB6, 0xDC, 0xB6, 0xDC, 0xB6,
    0xDB, 0xB6, 0xDC, 0xB6, 0xDC, 0xB6, 0xDC, 0xB6, 0xDB, 0xB6, 0xDC, 0xB6, 0xDC, 0xB6, 0xDB, 0xB6,
    0xDB, 0xB6, 0xDC, 0xB6, 0xDB, 0xB6, 0xDB, 0xB6, 0xDC, 0xB6, 0xDC, 0xB6, 0xDC, 0xB6, 0xDC, 0xB6,
    0xDC, 0xB6, 0xDC, 0xB6, 0xDC, 0xB6, 0xDC, 0xB6, 0xDB, 0xB6, 0xDB, 0xB6, 0xDB, 0xB6, 0xDB, 0xB6,
    0x1C, 0xC7, 0x1C, 0xC7, 0x1C, 0xC7, 0x1C, 0xC7, 0x1C, 0xC7, 0x1C, 0xC7, 0x1C, 0xC7, 0x1C, 0xC7,
    0x1C, 0xC7, 0x1C, 0xC7, 0xFC, 0xC6, 0xFC, 0xC6, 0xFC, 0xC6, 0xFC, 0xC6, 0xFC, 0xC6, 0xFC, 0xC6,
    0xFC, 0xC6, 0xFC, 0xC6, 0xFC, 0xC6, 0xFC, 0xC6, 0xFC, 0xC6, 0xFC, 0xC6, 0xFC, 0xC6, 0xFC, 0xC6,
    0xFC, 0xC6, 0xFC, 0xC6, 0xFC, 0xC6, 0xFC, 0xC6, 0xFC, 0xC6, 0xFC, 0xCE, 0xFC, 0xC6, 0x1C, 0xC7,
    0x1C, 0xC7, 0xFC, 0xC6, 0xFC, 0xC6, 0xFC, 0xC6, 0xFC, 0xC6, 0xFC, 0xC6, 0x1C, 0xC7, 0x1C, 0xC7,
    0xFC, 0xC6, 0xFC, 0xC6, 0xFC, 0xC6, 0xFC, 0xC6, 0xFC, 0xC6, 0xFC, 0xC6, 0xFC, 0xC6, 0xFC, 0xC6,
    0xFC, 0xC6, 0xFC, 0xC6, 0xFC, 0xC6, 0xFC, 0xC6, 0xFC, 0xC6, 0xFC, 0xC6, 0xFC, 0xC6, 0xFC, 0xC6,
    0xFC, 0xC6, 0xFC, 0xC6, 0xFC, 0xC6, 0xFC, 0xC6, 0xFC, 0xC6, 0xFC, 0xC6, 0xFC, 0xC6, 0xFC, 0xC6,
    0xFC, 0xC6, 0xFC, 0xC6, 0xFC, 0xC6, 0xFC, 0xC6, 0xFC, 0xC6, 0xFC, 0xC6, 0xFC, 0xC6, 0xFC, 0xC6,
    0xFC, 0xC6, 0xFC, 0xC6, 0xFC, 0xC6, 0xFC, 0xC6, 0xFC, 0xC6, 0xFC, 0xC6, 0xFC, 0xC6, 0xFC, 0xC6,
    0xFC, 0xC6, 0xFC, 0xC6, 0xFC, 0xC6, 0xFC, 0xC6, 0xFC, 0xC6, 0xFC, 0xC6, 0xFC, 0xC6, 0xFC, 0xC6,
    0xFC, 0xC6, 0xFC, 0xC6, 0xFC, 0xC6, 0xFC, 0xC6, 0xFC, 0xC6, 0xFC, 0xC6, 0xFC, 0xC6, 0xFC, 0xC6,
    0xFC, 0xC6, 0xFC, 0xC6, 0xFC, 0xC6, 0xFC, 0xC6, 0xFC, 0xC6, 0xFC, 0xBE, 0xFC, 0xC6, 0x1C, 0xBF,
    0xFC, 0xBE, 0xFC, 0xBE, 0xFC, 0xBE, 0xFC, 0xBE, 0xFC, 0xBE, 0xFC, 0xBE, 0xFC, 0xBE, 0xFC, 0xBE,
    0xFC, 0xBE, 0xFC, 0xBE, 0xFC, 0xBE, 0xFC, 0xBE, 0xFC, 0xBE, 0xFC, 0xBE, 0xFC, 0xBE, 0xFC, 0xBE,
    0xFC, 0xBE, 0xFC, 0xBE, 0xFC, 0xBE, 0xFC, 0xBE, 0xFC, 0xBE, 0xFC, 0xBE, 0xFC, 0xBE, 0xFC, 0xBE,
    0xFC, 0xBE, 0xFC, 0xBE, 0xDC, 0xBE, 0xDC, 0xBE, 0xFC, 0xBE, 0xFC, 0xBE, 0xFC, 0xBE, 0xFC, 0xBE,
    0xDC, 0xBE, 0xDC, 0xBE, 0xDC, 0xBE, 0xDC, 0xBE, 0xDC, 0xBE, 0xDC, 0xBE, 0xDC, 0xBE, 0xDC, 0xBE,
    0xDC, 0xBE, 0xFC, 0xBE, 0xFC, 0xBE, 0xFC, 0xBE, 0xFC, 0xBE, 0xFC, 0xBE, 0xFC, 0xBE, 0xFC, 0xBE,
    0xFC, 0xBE, 0xFC, 0xBE, 0xFC, 0xBE, 0xFC, 0xBE, 0xFC, 0xBE, 0xFC, 0xBE, 0xFC, 0xBE, 0xFC, 0xBE,
    0xFC, 0xBE, 0xDC, 0xBE, 0xDC, 0xBE, 0xDC, 0xBE, 0xDC, 0xBE, 0xDC, 0xBE, 0xDC, 0xBE, 0xDC, 0xBE,
    0xDC, 0xBE, 0xDC, 0xBE, 0xFC, 0xBE, 0xFC, 0xBE, 0xFC, 0xBE, 0xFC, 0xBE, 0xFC, 0xBE, 0xDC, 0xBE,
    0xDC, 0xBE, 0xDC, 0xBE, 0xDC, 0xBE, 0xDC, 0xBE, 0xFC, 0xBE, 0xFC, 0xBE, 0xDC, 0xBE, 0xDC, 0xBE,
    0xDC, 0xBE, 0xDC, 0xBE, 0xDC, 0xBE, 0xDC, 0xBE, 0xDC, 0xBE, 0xDC, 0xBE, 0xDC, 0xBE, 0xDC, 0xBE,
    0xDC, 0xB6, 0xDC, 0xBE, 0xDC, 0xBE, 0xDC, 0xB6, 0xDC, 0xB6, 0xDC, 0xB6, 0xDC, 0xB6, 0xDC, 0xB6,
    0xDC, 0xB6, 0xDC, 0xB6, 0xDC, 0xB6, 0xDC, 0xB6, 0xDC, 0xB6, 0xDC, 0xB6, 0xDC, 0xB6, 0xDC, 0xB6,
    0xDC, 0xB6, 0xDC, 0xB6, 0xDC, 0xB6, 0xDC, 0xB6, 0xDC, 0xB6, 0xDC, 0xB6, 0xDC, 0xB6, 0xDC, 0xB6,
    0xDC, 0xB6, 0xDC, 0xB6, 0xFC, 0xB6, 0xDC, 0xB6, 0xDC, 0xB6, 0xDC, 0xB6, 0xDC, 0xB6, 0xDC, 0xB6,
    0xDC, 0xB6, 0xDC, 0xB6, 0xDC, 0xB6, 0xDC, 0xB6, 0xDC, 0xB6, 0xDC, 0xB6, 0xDC, 0xB6, 0xDC, 0xB6,
    0xDC, 0xB6, 0xDC, 0xB6, 0xDC, 0xB6, 0xDC, 0xB6, 0xDC, 0xB6, 0xDC, 0xB6, 0xDC, 0xB6, 0xDC, 0xB6,
    0xDC, 0xB6, 0xDC, 0xB6, 0xDC, 0xB6, 0xDC, 0xB6, 0xDC, 0xB6, 0xDC, 0xB6, 0xDC, 0xB6, 0xDC, 0xB6,
    0xDC, 0xB6, 0xDC, 0xB6, 0xDC, 0xB6, 0xDC, 0xB6, 0xDC, 0xB6, 0xDC, 0xB6, 0xDC, 0xB6, 0xDC, 0xB6,
    0xDC, 0xB6, 0xDC, 0xB6, 0xDC, 0xB6, 0xDC, 0xB6, 0xDC, 0xB6, 0xDC, 0xB6, 0xDC, 0xB6, 0xDC, 0xB6,
    0xDC, 0xB6, 0xDC, 0xB6, 0xDC, 0xB6, 0xDC, 0xB6, 0xDC, 0xB6, 0xDC, 0xB6, 0xDC, 0xB6, 0xDC, 0xB6,
    0xDC, 0xB6, 0xDC, 0xB6, 0xDC, 0xB6, 0xDC, 0xB6, 0xDC, 0xB6, 0xDC, 0xB6, 0xDC, 0xB6, 0xDC, 0xB6,
    0xDC, 0xB6, 0xDC, 0xB6, 0xDC, 0xB6, 0xDC, 0xB6, 0xDC, 0xB6, 0xDC, 0xB6, 0xDC, 0xB6, 0xDC, 0xB6,
    0xDC, 0xB6, 0xDC, 0xB6, 0xDC, 0xB6, 0xDC, 0xB6, 0xDC, 0xB6, 0xDC, 0xB6, 0xDC, 0xB6, 0xDB, 0xB6,
    0xDB, 0xB6, 0xDC, 0xB6, 0xDC, 0xB6, 0xDC, 0xB6, 0xDC, 0xB6, 0xDC, 0xB6, 0xDC, 0xB6, 0xDC, 0xB6,
    0xDC, 0xB6, 0xDB, 0xB6, 0xDB, 0xB6, 0xDB, 0xB6, 0xDB, 0xB6, 0xDB, 0xB6, 0xDC, 0xB6, 0xDC, 0xB6,
    0xDC, 0xB6, 0xDC, 0xB6, 0xDC, 0xB6, 0xDC, 0xB6, 0xDC, 0xB6, 0xDC, 0xB6, 0xDB, 0xB6, 0xDB, 0xB6,
    0x1C, 0xC7, 0x1C, 0xC7, 0x1C, 0xC7, 0x1C, 0xC7, 0x1C, 0xC7, 0x1C, 0xC7, 0x1C, 0xC7, 0x1C, 0xC7,
    0x1C, 0xC7, 0x1C, 0xC7, 0xFC, 0xC6, 0xFC, 0xC6, 0x1C, 0xC7, 0x1C, 0xC7, 0x1C, 0xC7, 0x1C, 0xC7,
    0x1C, 0xC7, 0x1C, 0xC7, 0xFC, 0xC6, 0xFC, 0xC6, 0x1C, 0xC7, 0x1C, 0xC7, 0xFC, 0xC6, 0xFC, 0xC6,
    0xFC, 0xC6, 0x1C, 0xC7, 0xFC, 0xC6, 0xFC, 0xC6, 0xFC, 0xCE, 0xFC, 0xCE, 0xFB, 0xCE, 0xFC, 0xD6,
    0x1C, 0xD7, 0x1C, 0xD7, 0x1C, 0xD7, 0xFC, 0xCE, 0xFC, 0xCE, 0xFC, 0xC6, 0x1C, 0xC7, 0x1C, 0xC7,
    0x1C, 0xC7, 0x1C, 0xC7, 0x1C, 0xC7, 0x1C, 0xC7, 0x1C, 0xC7, 0xFC, 0xC6, 0xFC, 0xC6, 0xFC, 0xC6,
    0xFC, 0xC6, 0xFC, 0xC6, 0xFC, 0xC6, 0xFC, 0xC6, 0xFC, 0xC6, 0x1C, 0xC7, 0x1C, 0xC7, 0xFC, 0xC6,
    0xFC, 0xC6, 0xFC, 0xC6, 0xFC, 0xC6, 0xFC, 0xC6, 0xFC, 0xC6, 0xFC, 0xC6, 0xFC, 0xC6, 0xFC, 0xC6,
    0xFC, 0xC6, 0xFC, 0xC6, 0xFC, 0xC6, 0xFC, 0xC6, 0xFC, 0xC6, 0xFC, 0xC6, 0xFC, 0xC6, 0xFC, 0xC6,
    0xFC, 0xC6, 0xFC, 0xC6, 0xFC, 0xC6, 0xFC, 0xC6, 0xFC, 0xC6, 0xFC, 0xC6, 0xFC, 0xC6, 0xFC, 0xC6,
    0xFC, 0xC6, 0xFC, 0xC6, 0xFC, 0xC6, 0xFC, 0xC6, 0xFC, 0xC6, 0xFC, 0xC6, 0xFC, 0xC6, 0xFC, 0xC6,
    0xFC, 0xC6, 0xFC, 0xC6, 0xFC, 0xC6, 0xFC, 0xC6, 0xFC, 0xC6, 0xFC, 0xC6, 0xFC, 0xC6, 0xFC, 0xC6,
    0xFC, 0xC6, 0xFC, 0xC6, 0xFC, 0xC6, 0xFC, 0xC6, 0xFC, 0xC6, 0xFC, 0xBE, 0xFC, 0xBE, 0x1C, 0xBF,
    0xFC, 0xBE, 0xFC, 0xBE, 0xFC, 0xBE, 0xFC, 0xBE, 0xFC, 0xBE, 0xFC, 0xBE, 0xFC, 0xBE, 0xFC, 0xBE,
    0xFC, 0xBE, 0xFC, 0xBE, 0xFC, 0xBE, 0xFC, 0xBE, 0xFC, 0xBE, 0xFC, 0xBE, 0xFC, 0xBE, 0xFC, 0xBE,
    0xFC, 0xBE, 0xFC, 0xBE, 0xFC, 0xBE, 0xFC, 0xBE, 0xFC, 0xBE, 0xFC, 0xBE, 0xFC, 0xBE, 0xFC, 0xBE,
    0xFC, 0xBE, 0xFC, 0xBE, 0xFC, 0xBE, 0xFC, 0xBE, 0xFC, 0xBE, 0xFC, 0xBE, 0xFC, 0xBE, 0xFC, 0xBE,
    0xDC, 0xBE, 0xFC, 0xBE, 0xFC, 0xBE, 0xFC, 0xBE, 0xFC, 0xBE, 0xDC, 0xBE, 0xDC, 0xBE, 0xFC, 0xBE,
    0xFC, 0xBE, 0xFC, 0xBE, 0xFC, 0xBE, 0xFC, 0xBE, 0xFC, 0xBE, 0xFC, 0xBE, 0xFC, 0xBE, 0xFC, 0xBE,
    0xFC, 0xBE, 0xFC, 0xBE, 0xFC, 0xBE, 0xFC, 0xBE, 0xFC, 0xBE, 0xFC, 0xBE, 0xFC, 0xBE, 0xFC, 0xBE,
    0xFC, 0xBE, 0xDC, 0xBE, 0xDC, 0xBE, 0xDC, 0xBE, 0xDC, 0xBE, 0xDC, 0xBE, 0xDC, 0xBE, 0xDC, 0xBE,
    0xDC, 0xBE, 0xDC, 0xBE, 0xFC, 0xBE, 0xFC, 0xBE, 0xFC, 0xBE, 0xFC, 0xBE, 0xFC, 0xBE, 0xDC, 0xBE,
    0xDC, 0xBE, 0xDC, 0xBE, 0xDC, 0xBE, 0xDC, 0xBE, 0xFC, 0xBE, 0xFC, 0xBE, 0xDC, 0xBE, 0xDC, 0xBE,
    0xDC, 0xBE, 0xDC, 0xBE, 0xDC, 0xBE, 0xDC, 0xBE, 0xDC, 0xBE, 0xDC, 0xBE, 0xDC, 0xBE, 0xDC, 0xBE,
    0xDC, 0xBE, 0xDC, 0xBE, 0xDC, 0xBE, 0xDC, 0xB6, 0xDC, 0xBE, 0xDC, 0xBE, 0xDC, 0xBE, 0xDC, 0xBE,
    0xDC, 0xB6, 0xDC, 0xB6, 0xDC, 0xB6, 0xDC, 0xB6, 0xDC, 0xB6, 0xDC, 0xB6, 0xDC, 0xB6, 0xDC, 0xB6,
    0xDC, 0xB6, 0xDC, 0xB6, 0xDC, 0xB6, 0xDC, 0xB6, 0xDC, 0xB6, 0xDC, 0xB6, 0xDC, 0xB6, 0xDC, 0xB6,
    0xDC, 0xB6, 0xFC, 0xB6, 0xDC, 0xB6, 0xDC, 0xB6, 0xFC, 0xB6, 0xDC, 0xB6, 0xDC, 0xB6, 0xFC, 0xB6,
    0xFC, 0xB6, 0xDC, 0xB6, 0xDC, 0xB6, 0xDC, 0xB6, 0xDC, 0xB6, 0xDC, 0xB6, 0xDC, 0xB6, 0xDC, 0xB6,
    0xDC, 0xB6, 0xDC, 0xB6, 0xDC, 0xB6, 0xDC, 0xB6, 0xDC, 0xB6, 0xDC, 0xB6, 0xDC, 0xB6, 0xDC, 0xB6,
    0xDC, 0xB6, 0xDC, 0xB6, 0xDC, 0xB6, 0xDC, 0xB6, 0xDC, 0xB6, 0xDC, 0xB6, 0xDC, 0xB6, 0xDC, 0xB6,
    0xDC, 0xB6, 0xDC, 0xB6, 0xDC, 0xB6, 0xDC, 0xB6, 0xDC, 0xB6, 0xDC, 0xB6, 0xDC, 0xB6, 0xDC, 0xB6,
    0xDC, 0xB6, 0xDC, 0xB6, 0xDC, 0xB6, 0xDC, 0xB6, 0xDC, 0xB6, 0xDC, 0xB6, 0xDC, 0xB6, 0xDC, 0xB6,
    0xDC, 0xB6, 0xDC, 0xB6, 0xDC, 0xB6, 0xDC, 0xB6, 0xDC, 0xB6, 0xDC, 0xB6, 0xDC, 0xB6, 0xDC, 0xB6,
    0xDC, 0xB6, 0xDC, 0xB6, 0xDC, 0xB6, 0xDB, 0xB6, 0xDB, 0xB6, 0xDB, 0xB6, 0xDB, 0xB6, 0xDB, 0xB6,
    0xDC, 0xB6, 0xDC, 0xB6, 0xDC, 0xB6, 0xDC, 0xB6, 0xDC, 0xB6, 0xDC, 0xB6, 0xDC, 0xB6, 0xDC, 0xB6,
    0xDC, 0xB6, 0xDC, 0xB6, 0xDC, 0xB6, 0xDC, 0xB6, 0xDC, 0xB6, 0xDC, 0xB6, 0xDC, 0xB6, 0xDC, 0xB6,
    0xDC, 0xB6, 0xDC, 0xB6, 0xDC, 0xB6, 0xDC, 0xB6, 0xBC, 0xB6, 0xBC, 0xB6, 0xBC, 0xB6, 0xBC, 0xB6,
    0xBC, 0xB6, 0xDB, 0xB6, 0xDB, 0xB6, 0xDB, 0xB6, 0xDB, 0xB6, 0xDB, 0xB6, 0xDC, 0xB6, 0xDC, 0xB6,
    0xDC, 0xB6, 0xDC, 0xB6, 0xDC, 0xB6, 0xDC, 0xB6, 0xDC, 0xB6, 0xDC, 0xB6, 0xDC, 0xB6, 0xDC, 0xB6,
    0x1C, 0xC7, 0x1C, 0xC7, 0x1C, 0xC7, 0x1C, 0xC7, 0x1C, 0xC7, 0x1C, 0xC7, 0x1C, 0xC7, 0x1C, 0xC7,
    0x1C, 0xC7, 0x1C, 0xC7, 0x1C, 0xC7, 0x1C, 0xC7, 0x1C, 0xC7, 0x1C, 0xC7, 0x1C, 0xC7, 0x1C, 0xCF,
    0x1C, 0xC7, 0x1C, 0xC7, 0x1C, 0xC7, 0x1C, 0xCF, 0x1C, 0xC7, 0x1C, 0xC7, 0x1C, 0xC7, 0x1C, 0xC7,
    0x1C, 0xC7, 0xFC, 0xC6, 0xFB, 0xC6, 0xFB, 0xCE, 0x1C, 0xD7, 0x3C, 0xDF, 0x5C, 0xE7, 0x5C, 0xE7,
    0x5C, 0xE7, 0x5C, 0xE7, 0x5C, 0xE7, 0x3C, 0xE7, 0x3C, 0xDF, 0x1C, 0xD7, 0xFC, 0xCE, 0x1C, 0xCF,
    0x1C, 0xC7, 0x1C, 0xC7, 0x1C, 0xC7, 0x1C, 0xC7, 0x1C, 0xC7, 0x1C, 0xC7, 0xFC, 0xC6, 0x1C, 0xC7,
    0xFC, 0xC6, 0xFC, 0xC6, 0x1C, 0xC7, 0x1C, 0xC7, 0x1C, 0xC7, 0x1C, 0xC7, 0x1C, 0xC7, 0x1C, 0xC7,
    0x1C, 0xC7, 0xFC, 0xC6, 0xFC, 0xC6, 0xFC, 0xC6, 0xFC, 0xC6, 0xFC, 0xC6, 0xFC, 0xC6, 0xFC, 0xC6,
    0xFC, 0xC6, 0xFC, 0xC6, 0xFC, 0xC6, 0xFC, 0xC6, 0xFC, 0xC6, 0xFC, 0xC6, 0xFC, 0xC6, 0xFC, 0xC6,
    0xFC, 0xC6, 0xFC, 0xC6, 0xFC, 0xC6, 0xFC, 0xC6, 0xFC, 0xC6, 0xFC, 0xC6, 0xFC, 0xC6, 0xFC, 0xC6,
    0xFC, 0xC6, 0xFC, 0xC6, 0xFC, 0xC6, 0xFC, 0xC6, 0xFC, 0xC6, 0xFC, 0xC6, 0xFC, 0xC6, 0xFC, 0xC6,
    0xFC, 0xC6, 0xFC, 0xC6, 0xFC, 0xC6, 0xFC, 0xC6, 0xFC, 0xC6, 0xFC, 0xC6, 0xFC, 0xC6, 0xFC, 0xC6,
    0xFC, 0xC6, 0xFC, 0xC6, 0xFC, 0xC6, 0xFC, 0xC6, 0xFC, 0xC6, 0xFC, 0xC6, 0xFC, 0xC6, 0xFC, 0xC6,
    0xFC, 0xC6, 0xFC, 0xBE, 0xFC, 0xBE, 0xFC, 0xBE, 0xFC, 0xBE, 0xFC, 0xBE, 0xFC, 0xBE, 0xFC, 0xBE,
    0xFC, 0xBE, 0xFC, 0xBE, 0xFC, 0xBE, 0xFC, 0xBE, 0xFC, 0xBE, 0xFC, 0xBE, 0xFC, 0xBE, 0xFC, 0xBE,
    0xFC, 0xBE, 0xFC, 0xBE, 0xFC, 0xBE, 0xFC, 0xBE, 0xFC, 0xBE, 0xFC, 0xBE, 0xFC, 0xBE, 0xFC, 0xBE,
    0xFC, 0xBE, 0xFC, 0xBE, 0xFC, 0xBE, 0xFC, 0xBE, 0xFC, 0xBE, 0xFC, 0xBE, 0xFC, 0xBE, 0xFC, 0xBE,
    0xFC, 0xBE, 0xFC, 0xBE, 0xFC, 0xBE, 0xFC, 0xBE, 0xFC, 0xBE, 0xDC, 0xBE, 0xDC, 0xBE, 0xFC, 0xBE,
    0xFC, 0xBE, 0xDC, 0xBE, 0xDC, 0xBE, 0xFC, 0xBE, 0xFC, 0xBE, 0xFC, 0xBE, 0xFC, 0xBE, 0xFC, 0xBE,
    0xFC, 0xBE, 0xFC, 0xBE, 0xDC, 0xBE, 0xDC, 0xBE, 0xDC, 0xBE, 0xDC, 0xBE, 0xDC, 0xBE, 0xDC, 0xBE,
    0xDC, 0xBE, 0xDC, 0xBE, 0xDC, 0xBE, 0xDC, 0xBE, 0xDC, 0xBE, 0xDC, 0xBE, 0xDC, 0xBE, 0xDC, 0xBE,
    0xDC, 0xBE, 0xDC, 0xBE, 0xFC, 0xBE, 0xFC, 0xBE, 0xFC, 0xBE, 0xFC, 0xBE, 0xFC, 0xBE, 0xFC, 0xBE,
    0xFC, 0xBE, 0xDC, 0xBE, 0xDC, 0xBE, 0xDC, 0xBE, 0xDC, 0xBE, 0xDC, 0xBE, 0xDC, 0xBE, 0xDC, 0xBE,
    0xDC, 0xBE, 0xDC, 0xBE, 0xDC, 0xBE, 0xDC, 0xBE, 0xDC, 0xBE, 0xDC, 0xBE, 0xDC, 0xBE, 0xDC, 0xBE,
    0xDC, 0xBE, 0xDC, 0xBE, 0xDC, 0xBE, 0xDC, 0xBE, 0xDC, 0xBE, 0xDC, 0xBE, 0xDC, 0xBE, 0xDC, 0xBE,
    0xDC, 0xBE, 0xDC, 0xBE, 0xDC, 0xBE, 0xDC, 0xB6, 0xDC, 0xB6, 0xDC, 0xB6, 0xDC, 0xB6, 0xDC, 0xB6,
    0xDC, 0xB6, 0xDC, 0xB6, 0xDC, 0xBE, 0xDC, 0xBE, 0xDC, 0xB6, 0xDC, 0xB6, 0xFC, 0xB6, 0xFC, 0xB6,
    0xFC, 0xB6, 0xFC, 0xB6, 0xFC, 0xB6, 0xDC, 0xB6, 0xDC, 0xB6, 0xDC, 0xB6, 0xDC, 0xB6, 0xDC, 0xB6,
    0xDC, 0xB6, 0xDC, 0xB6, 0xDC, 0xB6, 0xDC, 0xB6, 0xFC, 0xB6, 0xFC, 0xB6, 0xFC, 0xB6, 0xFC, 0xB6,
    0xFC, 0xB6, 0xDC, 0xB6, 0xDC, 0xB6, 0xDC, 0xB6, 0xDC, 0xB6, 0xDC, 0xB6, 0xDC, 0xB6, 0xDC, 0xB6,
    0xDC, 0xB6, 0xDC, 0xB6, 0xDC, 0xB6, 0xDC, 0xB6, 0xDC, 0xB6, 0xDC, 0xB6, 0xDC, 0xB6, 0xDC, 0xB6,
    0xDC, 0xB6, 0xDC, 0xB6, 0xDC, 0xB6, 0xDC, 0xB6, 0xDC, 0xB6, 0xDC, 0xB6, 0xDC, 0xB6, 0xDC, 0xB6,
    0xDC, 0xB6, 0xDC, 0xB6, 0xDC, 0xB6, 0xDC, 0xB6, 0xFC, 0xB6, 0xFC, 0xB6, 0xDC, 0xB6, 0xDC, 0xB6,
    0xDC, 0xB6, 0xDC, 0xB6, 0xDC, 0xB6, 0xDC, 0xB6, 0xDC, 0xB6, 0xDC, 0xB6, 0xDC, 0xB6, 0xDC, 0xB6,
    0xDC, 0xB6, 0xDB, 0xB6, 0xDB, 0xB6, 0xDC, 0xB6, 0xDC, 0xB6, 0xDC, 0xB6, 0xDC, 0xB6, 0xDC, 0xB6,
    0xDC, 0xB6, 0xDC, 0xB6, 0xDC, 0xB6, 0xDC, 0xB6, 0xDC, 0xB6, 0xDC, 0xB6, 0xDC, 0xB6, 0xDC, 0xB6,
    0xDC, 0xB6, 0xDC, 0xB6, 0xDC, 0xB6, 0xDC, 0xB6, 0xDC, 0xB6, 0xDC, 0xB6, 0xDC, 0xB6, 0xDC, 0xB6,
    0xDC, 0xB6, 0xDC, 0xB6, 0xDC, 0xB6, 0xDC, 0xB6, 0xDC, 0xB6, 0xDC, 0xB6, 0xDC, 0xB6, 0xDC, 0xB6,
    0xDC, 0xB6, 0xDC, 0xB6, 0xDC, 0xB6, 0xDC, 0xB6, 0xDC, 0xB6, 0xDC, 0xB6, 0xDC, 0xB6, 0xDC, 0xB6,
    0xDC, 0xB6, 0xDC, 0xB6, 0xDC, 0xB6, 0xDC, 0xB6, 0xDC, 0xB6, 0xDB, 0xB6, 0xDC, 0xB6, 0xDC, 0xB6,
    0x1C, 0xC7, 0x1C, 0xC7, 0x1C, 0xC7, 0x1C, 0xC7, 0x1C, 0xC7, 0x1C, 0xC7, 0x1C, 0xCF, 0x1C, 0xCF,
    0x1C, 0xC7, 0x1C, 0xC7, 0x1C, 0xC7, 0x1C, 0xC7, 0x1C, 0xC7, 0x1C, 0xC7, 0x1C, 0xC7, 0x1C, 0xC7,
    0x1C, 0xC7, 0x1C, 0xC7, 0x1C, 0xC7, 0x1C, 0xC7, 0x1C, 0xC7, 0x1C, 0xC7, 0x1C, 0xCF, 0x1C, 0xCF,
    0xFC, 0xCE, 0xFB, 0xCE, 0x1C, 0xDF, 0x5C, 0xE7, 0x5C, 0xEF, 0x5C, 0xEF, 0x5B, 0xEF, 0x3B, 0xEF,
    0x3B, 0xEF, 0x3B, 0xEF, 0x3B, 0xEF, 0x3B, 0xEF, 0x1B, 0xE7, 0x3C, 0xE7, 0x3C, 0xE7, 0x1C, 0xDF,
    0xFC, 0xCE, 0xFB, 0xC6, 0x1C, 0xC7, 0x1C, 0xC7, 0x1C, 0xC7, 0x1C, 0xC7, 0x1C, 0xC7, 0x1C, 0xC7,
    0x1C, 0xC7, 0x1C, 0xC7, 0x1C, 0xC7, 0x1C, 0xC7, 0x1C, 0xC7, 0x1C, 0xC7, 0xFC, 0xC6, 0x1C, 0xC7,
    0x1C, 0xC7, 0xFC, 0xC6, 0xFC, 0xC6, 0xFC, 0xC6, 0xFC, 0xC6, 0xFC, 0xC6, 0xFC, 0xC6, 0xFC, 0xC6,
    0xFC, 0xC6, 0xFC, 0xC6, 0xFC, 0xC6, 0xFC, 0xC6, 0xFC, 0xC6, 0xFC, 0xC6, 0xFC, 0xC6, 0xFC, 0xC6,
    0xFC, 0xC6, 0xFC, 0xC6, 0xFC, 0xC6, 0xFC, 0xC6, 0xFC, 0xC6, 0xFC, 0xC6, 0xFC, 0xC6, 0xFC, 0xC6,
    0xFC, 0xC6, 0xFC, 0xC6, 0xFC, 0xC6, 0xFC, 0xC6, 0xFC, 0xC6, 0xFC, 0xC6, 0xFC, 0xC6, 0xFC, 0xC6,
    0xFC, 0xC6, 0xFC, 0xC6, 0xFC, 0xC6, 0xFC, 0xC6, 0xFC, 0xC6, 0xFC, 0xC6, 0xFC, 0xC6, 0xFC, 0xC6,
    0xFC, 0xC6, 0xFC, 0xC6, 0xFC, 0xC6, 0xFC, 0xC6, 0xFC, 0xC6, 0xFC, 0xC6, 0xFC, 0xC6, 0xFC, 0xC6,
    0xFC, 0xC6, 0xFC, 0xBE, 0xFC, 0xBE, 0xFC, 0xBE, 0xFC, 0xBE, 0xFC, 0xBE, 0xFC, 0xBE, 0xFC, 0xBE,
    0xFC, 0xBE, 0xFC, 0xBE, 0xFC, 0xBE, 0xFC, 0xBE, 0xFC, 0xBE, 0xFC, 0xBE, 0xFC, 0xBE, 0xFC, 0xBE,
    0xFC, 0xBE, 0xFC, 0xBE, 0xFC, 0xBE, 0xFC, 0xBE, 0xFC, 0xBE, 0xFC, 0xBE, 0xFC, 0xBE, 0xFC, 0xBE,
    0xFC, 0xBE, 0xFC, 0xBE, 0xFC, 0xBE, 0xFC, 0xBE, 0xFC, 0xBE, 0xFC, 0xBE, 0xFC, 0xBE, 0xFC, 0xBE,
    0xFC, 0xBE, 0xFC, 0xBE, 0xFC, 0xBE, 0xFC, 0xBE, 0xFC, 0xBE, 0xDC, 0xBE, 0xDC, 0xBE, 0xFC, 0xBE,
    0xFC, 0xBE, 0xFC, 0xBE, 0xFC, 0xBE, 0xFC, 0xBE, 0xFC, 0xBE, 0xFC, 0xBE, 0xDC, 0xBE, 0xDC, 0xBE,
    0xFC, 0xBE, 0xFC, 0xBE, 0xDC, 0xBE, 0xDC, 0xBE, 0xDC, 0xBE, 0xDC, 0xBE, 0xFC, 0xBE, 0xFC, 0xBE,
    0xFC, 0xBE, 0xDC, 0xBE, 0xDC, 0xBE, 0xDC, 0xBE, 0xDC, 0xBE, 0xDC, 0xBE, 0xDC, 0xBE, 0xDC, 0xBE,
    0xDC, 0xBE, 0xDC, 0xBE, 0xFC, 0xBE, 0xFC, 0xBE, 0xFC, 0xBE, 0xFC, 0xBE, 0xFC, 0xBE, 0xFC, 0xBE,
    0xFC, 0xBE, 0xFC, 0xBE, 0xDC, 0xBE, 0xDC, 0xBE, 0xDC, 0xBE, 0xDC, 0xBE, 0xDC, 0xBE, 0xDC, 0xBE,
    0xDC, 0xBE, 0xDC, 0xBE, 0xDC, 0xBE, 0xDC, 0xBE, 0xFC, 0xBE, 0xFC, 0xBE, 0xDC, 0xBE, 0xDC, 0xBE,
    0xDC, 0xBE, 0xDC, 0xBE, 0xDC, 0xBE, 0xDC, 0xBE, 0xDC, 0xBE, 0xDC, 0xBE, 0xDC, 0xBE, 0xDC, 0xBE,
    0xDC, 0xBE, 0xDC, 0xBE, 0xDC, 0xBE, 0xDC, 0xBE, 0xDC, 0xB6, 0xDC, 0xBE, 0xDC, 0xBE, 0xDC, 0xBE,
    0xDC, 0xBE, 0xDC, 0xBE, 0xDC, 0xBE, 0xDC, 0xBE, 0xDC, 0xBE, 0xDC, 0xB6, 0xDC, 0xB6, 0xDC, 0xB6,
    0xDC, 0xB6, 0xDC, 0xB6, 0xDC, 0xB6, 0xDC, 0xB6, 0xDC, 0xB6, 0xDC, 0xB6, 0xDC, 0xB6, 0xDC, 0xB6,
    0xDC, 0xB6, 0xFC, 0xB6, 0xFC, 0xB6, 0xDC, 0xB6, 0xDC, 0xB6, 0xFC, 0xB6, 0xFC, 0xB6, 0xFC, 0xB6,
    0xFC, 0xB6, 0xFC, 0xB6, 0xDC, 0xB6, 0xFC, 0xB6, 0xFC, 0xB6, 0xDC, 0xB6, 0xDC, 0xB6, 0xDC, 0xB6,
    0xDC, 0xB6, 0xDC, 0xB6, 0xDC, 0xB6, 0xDC, 0xB6, 0xDC, 0xB6, 0xDC, 0xB6, 0xDC, 0xB6, 0xDC, 0xB6,
    0xDC, 0xB6, 0xDC, 0xB6, 0xDC, 0xB6, 0xDC, 0xB6, 0xDC, 0xB6, 0xDC, 0xB6, 0xDC, 0xB6, 0xDC, 0xB6,
    0xDC, 0xB6, 0xDC, 0xB6, 0xDC, 0xB6, 0xDC, 0xB6, 0xDC, 0xB6, 0xDC, 0xB6, 0xDC, 0xB6, 0xDC, 0xB6,
    0xDC, 0xB6, 0xDC, 0xB6, 0xDC, 0xB6, 0xDC, 0xB6, 0xDC, 0xB6, 0xDC, 0xB6, 0xDC, 0xB6, 0xDC, 0xB6,
    0xDC, 0xB6, 0xDC, 0xB6, 0xDC, 0xB6, 0xDC, 0xB6, 0xDC, 0xB6, 0xDC, 0xB6, 0xDC, 0xB6, 0xDC, 0xB6,
    0xDC, 0xB6, 0xDC, 0xB6, 0xDC, 0xB6, 0xDC, 0xB6, 0xDC, 0xB6, 0xDC, 0xB6, 0xDC, 0xB6, 0xDC, 0xB6,
    0xDC, 0xB6, 0xDC, 0xB6, 0xDC, 0xB6, 0xDC, 0xB6, 0xDC, 0xB6, 0xDC, 0xB6, 0xDC, 0xB6, 0xDC, 0xB6,
    0xDC, 0xB6, 0xDC, 0xB6, 0xDC, 0xB6, 0xDC, 0xB6, 0xDC, 0xB6, 0xDC, 0xB6, 0xDC, 0xB6, 0xDC, 0xB6,
    0xDC, 0xB6, 0xDC, 0xB6, 0xDC, 0xB6, 0xDC, 0xB6, 0xDC, 0xB6, 0xDC, 0xB6, 0xDC, 0xB6, 0xDC, 0xB6,
    0xDC, 0xB6, 0xDC, 0xB6, 0xDC, 0xB6, 0xDC, 0xB6, 0xDC, 0xB6, 0xDC, 0xB6, 0xDC, 0xB6, 0xDC, 0xB6,
    0x1C, 0xC7, 0x1C, 0xC7, 0x1C, 0xC7, 0x1C, 0xC7, 0x1C, 0xC7, 0x1C, 0xC7, 0x1C, 0xCF, 0x1C, 0xCF,
    0x1C, 0xC7, 0x1C, 0xC7, 0x1C, 0xC7, 0x1C, 0xC7, 0x1C, 0xC7, 0x1C, 0xC7, 0x1C, 0xC7, 0x1C, 0xC7,
    0x1C, 0xC7, 0x1C, 0xC7, 0x1C, 0xC7, 0xFC, 0xC6, 0xFC, 0xCE, 0xFC, 0xCE, 0x1C, 0xD7, 0x1C, 0xD7,
    0x1C, 0xD7, 0x3C, 0xE7, 0x5C, 0xEF, 0x7C, 0xF7, 0x3B, 0xF7, 0x1B, 0xEF, 0x1B, 0xEF, 0xFA, 0xEE,
    0xFA, 0xE6, 0xFA, 0xE6, 0xFA, 0xE6, 0xFA, 0xE6, 0xFB, 0xE6, 0x1B, 0xE7, 0x1B, 0xE7, 0x1B, 0xE7,
    0x3C, 0xDF, 0x1C, 0xD7, 0xFC, 0xCE, 0x1C, 0xC7, 0x1C, 0xCF, 0x1C, 0xC7, 0x1C, 0xC7, 0x1C, 0xC7,
    0x1C, 0xC7, 0x1C, 0xC7, 0x1C, 0xC7, 0x1C, 0xC7, 0x1C, 0xC7, 0xFC, 0xC6, 0xFC, 0xC6, 0x1C, 0xC7,
    0x1C, 0xC7, 0x1C, 0xC7, 0x1C, 0xC7, 0x1C, 0xC7, 0x1C, 0xC7, 0x1C, 0xC7, 0x1C, 0xC7, 0xFC, 0xC6,
    0xFC, 0xC6, 0xFC, 0xC6, 0xFC, 0xC6, 0xFC, 0xC6, 0xFC, 0xC6, 0xFC, 0xC6, 0xFC, 0xC6, 0xFC, 0xC6,
    0xFC, 0xC6, 0xFC, 0xC6, 0xFC, 0xC6, 0xFC, 0xC6, 0xFC, 0xC6, 0xFC, 0xC6, 0x1C, 0xC7, 0x1C, 0xC7,
    0xFC, 0xC6, 0xFC, 0xC6, 0xFC, 0xC6, 0xFC, 0xC6, 0xFC, 0xC6, 0xFC, 0xC6, 0xFC, 0xC6, 0xFC, 0xC6,
    0xFC, 0xC6, 0xFC, 0xC6, 0xFC, 0xC6, 0xFC, 0xC6, 0xFC, 0xC6, 0xFC, 0xC6, 0xFC, 0xC6, 0xFC, 0xC6,
    0xFC, 0xC6, 0xFC, 0xC6, 0xFC, 0xC6, 0xFC, 0xC6, 0xFC, 0xC6, 0xFC, 0xC6, 0xFC, 0xC6, 0xFC, 0xC6,
    0xFC, 0xC6, 0xFC, 0xC6, 0xFC, 0xC6, 0xFC, 0xC6, 0xFC, 0xC6, 0xFC, 0xC6, 0xFC, 0xBE, 0xFC, 0xBE,
    0xFC, 0xBE, 0xFC, 0xBE, 0xFC, 0xBE, 0xFC, 0xBE, 0xFC, 0xBE, 0xFC, 0xBE, 0xFC, 0xBE, 0xFC, 0xBE,
    0xFC, 0xBE, 0xFC, 0xBE, 0xFC, 0xBE, 0xFC, 0xBE, 0xFC, 0xBE, 0xFC, 0xBE, 0xFC, 0xBE, 0xFC, 0xBE,
    0xFC, 0xBE, 0xFC, 0xBE, 0xFC, 0xBE, 0xFC, 0xBE, 0xFC, 0xBE, 0xFC, 0xBE, 0xFC, 0xBE, 0xFC, 0xBE,
    0xFC, 0xBE, 0xFC, 0xBE, 0xFC, 0xBE, 0xFC, 0xBE, 0xFC, 0xBE, 0xFC, 0xBE, 0xFC, 0xBE, 0xFC, 0xBE,
    0xFC, 0xBE, 0xFC, 0xBE, 0xFC, 0xBE, 0xFC, 0xBE, 0xFC, 0xBE, 0xFC, 0xBE, 0xFC, 0xBE, 0xDC, 0xBE,
    0xFC, 0xBE, 0xFC, 0xBE, 0xDC, 0xBE, 0xDC, 0xBE, 0xDC, 0xBE, 0xDC, 0xBE, 0xFC, 0xBE, 0xFC, 0xBE,
    0xFC, 0xBE, 0xDC, 0xBE, 0xDC, 0xBE, 0xDC, 0xBE, 0xDC, 0xBE, 0xDC, 0xBE, 0xDC, 0xBE, 0xDC, 0xBE,
    0xDC, 0xBE, 0xDC, 0xBE, 0xFC, 0xBE, 0xFC, 0xBE, 0xFC, 0xBE, 0xFC, 0xBE, 0xFC, 0xBE, 0xFC, 0xBE,
    0xFC, 0xBE, 0xFC, 0xBE, 0xDC, 0xBE, 0xDC, 0xBE, 0xDC, 0xBE, 0xDC, 0xBE, 0xDC, 0xBE, 0xDC, 0xBE,
    0xDC, 0xBE, 0xDC, 0xBE, 0xDC, 0xBE, 0xDC, 0xBE, 0xFC, 0xBE, 0xFC, 0xBE, 0xDC, 0xBE, 0xDC, 0xBE,
    0xDC, 0xBE, 0xDC, 0xBE, 0xDC, 0xBE, 0xDC, 0xBE, 0xDC, 0xBE, 0xDC, 0xBE, 0xDC, 0xBE, 0xDC, 0xBE,
    0xDC, 0xBE, 0xDC, 0xBE, 0xDC, 0xBE, 0xDC, 0xBE, 0xDC, 0xBE, 0xDC, 0xBE, 0xDC, 0xBE, 0xDC, 0xBE,
    0xDC, 0xBE, 0xDC, 0xBE, 0xDC, 0xBE, 0xDC, 0xBE, 0xDC, 0xBE, 0xDC, 0xB6, 0xDC, 0xBE, 0xDC, 0xBE,
    0xDC, 0xBE, 0xDC, 0xBE, 0xDC, 0xBE, 0xDC, 0xBE, 0xDC, 0xBE, 0xDC, 0xB6, 0xDC, 0xB6, 0xDC, 0xBE,
    0xDC, 0xB6, 0xDC, 0xB6, 0xDC, 0xB6, 0xDC, 0xB6, 0xDC, 0xB6, 0xDC, 0xB6, 0xFC, 0xB6, 0xFC, 0xB6,
    0xFC, 0xB6, 0xFC, 0xB6, 0xDC, 0xB6, 0xFC, 0xB6, 0xFC, 0xB6, 0xFC, 0xB6, 0xFC, 0xB6, 0xFC, 0xB6,
    0xDC, 0xB6, 0xDC, 0xB6, 0xDC, 0xB6, 0xDC, 0xB6, 0xDC, 0xB6, 0xDC, 0xB6, 0xDC, 0xB6, 0xDC, 0xB6,
    0xDC, 0xB6, 0xDC, 0xB6, 0xDC, 0xB6, 0xDC, 0xB6, 0xDC, 0xB6, 0xDC, 0xB6, 0xDC, 0xB6, 0xDC, 0xB6,
    0xDC, 0xB6, 0xDC, 0xB6, 0xDC, 0xB6, 0xDC, 0xB6, 0xDC, 0xB6, 0xDC, 0xB6, 0xDC, 0xB6, 0xDC, 0xB6,
    0xDC, 0xB6, 0xDC, 0xB6, 0xDC, 0xB6, 0xDC, 0xB6, 0xDC, 0xB6, 0xDC, 0xB6, 0xDC, 0xB6, 0xDC, 0xB6,
    0xDC, 0xB6, 0xDC, 0xB6, 0xDC, 0xB6, 0xDC, 0xB6, 0xDC, 0xB6, 0xDC, 0xB6, 0xDC, 0xB6, 0xDC, 0xB6,
    0xDC, 0xB6, 0xDC, 0xB6, 0xDC, 0xB6, 0xDC, 0xB6, 0xDC, 0xB6, 0xDC, 0xB6, 0xDC, 0xB6, 0xDC, 0xB6,
    0xDC, 0xB6, 0xDC, 0xB6, 0xDC, 0xB6, 0xDC, 0xB6, 0xDC, 0xB6, 0xDC, 0xB6, 0xDC, 0xB6, 0xDC, 0xB6,
    0xDC, 0xB6, 0xDC, 0xB6, 0xDC, 0xB6, 0xDC, 0xB6, 0xDC, 0xB6, 0xDC, 0xB6, 0xDC, 0xB6, 0xDC, 0xB6,
    0xDC, 0xB6, 0xDC, 0xB6, 0xDC, 0xB6, 0xDC, 0xB6, 0xDC, 0xB6, 0xDC, 0xB6, 0xDC, 0xB6, 0xDC, 0xB6,
    0xDC, 0xB6, 0xDC, 0xB6, 0xDC, 0xB6, 0xDC, 0xB6, 0xDC, 0xB6, 0xDC, 0xB6, 0xDC, 0xB6, 0xDC, 0xB6,
    0x1C, 0xC7, 0x1C, 0xC7, 0xFC, 0xC6, 0xFC, 0xC6, 0x1C, 0xC7, 0x1C, 0xCF, 0x1C, 0xCF, 0x1C, 0xCF,
    0x1C, 0xCF, 0x1C, 0xCF, 0x1C, 0xC7, 0x1C, 0xC7, 0x1C, 0xC7, 0x1C, 0xC7, 0x1C, 0xC7, 0x1C, 0xC7,
    0x1C, 0xC7, 0x1C, 0xC7, 0xFB, 0xCE, 0xFC, 0xD6, 0x3C, 0xDF, 0x5C, 0xE7, 0x5C, 0xE7, 0x5C, 0xEF,
    0x5C, 0xEF, 0x5C, 0xEF, 0x5B, 0xEF, 0x5B, 0xEF, 0x3B, 0xEF, 0x1B, 0xEF, 0xFA, 0xEE, 0xFA, 0xE6,
    0xDA, 0xE6, 0xDA, 0xDE, 0xDA, 0xDE, 0xDA, 0xDE, 0xDA, 0xDE, 0xDA, 0xD6, 0xDA, 0xDE, 0xDA, 0xDE,
    0xFB, 0xDE, 0x1C, 0xDF, 0x1C, 0xD7, 0x1C, 0xCF, 0xFC, 0xC6, 0x1C, 0xC7, 0xFC, 0xC6, 0xFC, 0xC6,
    0xFC, 0xC6, 0xFC, 0xC6, 0x1C, 0xC7, 0x1C, 0xC7, 0x1C, 0xC7, 0x1C, 0xC7, 0x1C, 0xC7, 0xFC, 0xC6,
    0x1C, 0xC7, 0x1C, 0xC7, 0x1C, 0xC7, 0x1C, 0xC7, 0x1C, 0xC7, 0x1C, 0xC7, 0x1C, 0xC7, 0x1C, 0xC7,
    0x1C, 0xC7, 0x1C, 0xC7, 0x1C, 0xC7, 0x1C, 0xC7, 0x1C, 0xC7, 0xFC, 0xC6, 0xFC, 0xC6, 0xFC, 0xC6,
    0xFC, 0xC6, 0xFC, 0xC6, 0xFC, 0xC6, 0xFC, 0xC6, 0xFC, 0xC6, 0xFC, 0xC6, 0xFC, 0xC6, 0xFC, 0xC6,
    0xFC, 0xC6, 0xFC, 0xC6, 0xFC, 0xC6, 0xFC, 0xC6, 0xFC, 0xC6, 0xFC, 0xC6, 0xFC, 0xC6, 0xFC, 0xC6,
    0xFC, 0xC6, 0xFC, 0xC6, 0xFC, 0xC6, 0xFC, 0xC6, 0xFC, 0xC6, 0xFC, 0xC6, 0xFC, 0xC6, 0xFC, 0xC6,
    0xFC, 0xC6, 0xFC, 0xC6, 0xFC, 0xC6, 0xFC, 0xC6, 0xFC, 0xC6, 0xFC, 0xC6, 0xFC, 0xC6, 0xFC, 0xC6,
    0xFC, 0xC6, 0xFC, 0xC6, 0xFC, 0xC6, 0xFC, 0xC6, 0xFC, 0xC6, 0xFC, 0xC6, 0xFC, 0xBE, 0xFC, 0xBE,
    0xFC, 0xBE, 0xFC, 0xBE, 0xFC, 0xBE, 0xFC, 0xBE, 0xFC, 0xBE, 0xFC, 0xBE, 0xFC, 0xBE, 0xFC, 0xBE,
    0xFC, 0xBE, 0xFC, 0xBE, 0xFC, 0xBE, 0xFC, 0xBE, 0xFC, 0xBE, 0xFC, 0xBE, 0xFC, 0xBE, 0xFC, 0xBE,
    0xFC, 0xBE, 0xFC, 0xBE, 0xFC, 0xBE, 0xFC, 0xBE, 0xFC, 0xBE, 0xFC, 0xBE, 0xFC, 0xBE, 0xFC, 0xBE,
    0xFC, 0xBE, 0xFC, 0xBE, 0xFC, 0xBE, 0xFC, 0xBE, 0xFC, 0xBE, 0xFC, 0xBE, 0xFC, 0xBE, 0xFC, 0xBE,
    0xFC, 0xBE, 0xFC, 0xBE, 0xFC, 0xBE, 0xFC, 0xBE, 0xFC, 0xBE, 0xFC, 0xBE, 0xFC, 0xBE, 0xFC, 0xBE,
    0xFC, 0xBE, 0xFC, 0xBE, 0xFC, 0xBE, 0xFB, 0xBE, 0xFB, 0xBE, 0xFB, 0xBE, 0xFB, 0xBE, 0xFB, 0xBE,
    0xFC, 0xBE, 0xFC, 0xBE, 0xFC, 0xBE, 0xFC, 0xBE, 0xFC, 0xBE, 0xDC, 0xBE, 0xDC, 0xBE, 0xFC, 0xBE,
    0xFC, 0xBE, 0xDC, 0xBE, 0xFC, 0xBE, 0xFC, 0xBE, 0xFC, 0xBE, 0xFC, 0xBE, 0xFC, 0xBE, 0xFC, 0xBE,
    0xDC, 0xBE, 0xDC, 0xBE, 0xDC, 0xBE, 0xDC, 0xBE, 0xDC, 0xBE, 0xDC, 0xBE, 0xDC, 0xBE, 0xDC, 0xBE,
    0xDC, 0xBE, 0xDC, 0xBE, 0xDC, 0xBE, 0xDC, 0xBE, 0xFC, 0xBE, 0xFC, 0xBE, 0xDC, 0xBE, 0xDC, 0xBE,
    0xDC, 0xBE, 0xDC, 0xBE, 0xDC, 0xBE, 0xDC, 0xBE, 0xDC, 0xBE, 0xDC, 0xBE, 0xDC, 0xBE, 0xDC, 0xBE,
    0xDC, 0xBE, 0xDC, 0xBE, 0xDC, 0xBE, 0xDC, 0xBE, 0xDC, 0xBE, 0xDC, 0xBE, 0xDC, 0xBE, 0xDC, 0xBE,
    0xDC, 0xBE, 0xDC, 0xBE, 0xDC, 0xBE, 0xDC, 0xBE, 0xDC, 0xBE, 0xDC, 0xBE, 0xDC, 0xBE, 0xDC, 0xBE,
    0xDC, 0xBE, 0xDC, 0xBE, 0xDC, 0xBE, 0xDC, 0xBE, 0xDC, 0xBE, 0xDC, 0xBE, 0xDC, 0xBE, 0xDC, 0xBE,
    0xDC, 0xBE, 0xDC, 0xB6, 0xDC, 0xB6, 0xDC, 0xBE, 0xDC, 0xBE, 0xDC, 0xBE, 0xDC, 0xB6, 0xDC, 0xB6,
    0xDC, 0xB6, 0xDC, 0xB6, 0xDC, 0xB6, 0xDC, 0xB6, 0xDC, 0xB6, 0xDC, 0xB6, 0xDC, 0xB6, 0xDC, 0xB6,
    0xDC, 0xB6, 0xDC, 0xB6, 0xDC, 0xB6, 0xDC, 0xB6, 0xDC, 0xB6, 0xDC, 0xB6, 0xDC, 0xB6, 0xDC, 0xB6,
    0xDC, 0xB6, 0xDC, 0xB6, 0xDC, 0xB6, 0xDC, 0xB6, 0xDC, 0xB6, 0xDC, 0xB6, 0xDC, 0xB6, 0xDC, 0xB6,
    0xDC, 0xB6, 0xDC, 0xB6, 0xDC, 0xB6, 0xDC, 0xB6, 0xDC, 0xB6, 0xDC, 0xB6, 0xDC, 0xB6, 0xDC, 0xB6,
    0xDC, 0xB6, 0xDC, 0xB6, 0xDC, 0xB6, 0xDC, 0xB6, 0xDC, 0xB6, 0xDC, 0xB6, 0xDC, 0xB6, 0xDC, 0xB6,
    0xDC, 0xB6, 0xDC, 0xB6, 0xDC, 0xB6, 0xDC, 0xB6, 0xDC, 0xB6, 0xDC, 0xB6, 0xDC, 0xB6, 0xDC, 0xB6,
    0xDC, 0xB6, 0xDC, 0xB6, 0xDC, 0xB6, 0xDC, 0xB6, 0xDC, 0xB6, 0xDC, 0xB6, 0xDC, 0xB6, 0xDC, 0xB6,
    0xDC, 0xB6, 0xDC, 0xB6, 0xDC, 0xB6, 0xDC, 0xB6, 0xDC, 0xB6, 0xDC, 0xB6, 0xDC, 0xB6, 0xDC, 0xB6,
    0xDC, 0xB6, 0xDC, 0xB6, 0xDC, 0xB6, 0xDC, 0xB6, 0xDC, 0xB6, 0xDC, 0xB6, 0xDC, 0xB6, 0xDC, 0xB6,
    0xDC, 0xB6, 0xDC, 0xB6, 0xDC, 0xB6, 0xDC, 0xB6, 0xDC, 0xB6, 0xDC, 0xB6, 0xDC, 0xB6, 0xDC, 0xB6,
    0xDC, 0xB6, 0xDC, 0xB6, 0xDC, 0xB6, 0xDC, 0xB6, 0xDC, 0xB6, 0xDC, 0xB6, 0xDC, 0xB6, 0xDC, 0xB6,
    0x1C, 0xC7, 0x1C, 0xC7, 0xFC, 0xC6, 0xFC, 0xC6, 0x1C, 0xC7, 0x1C, 0xCF, 0x1C, 0xCF, 0x1C, 0xCF,
    0x1C, 0xCF, 0x1C, 0xCF, 0x1C, 0xC7, 0x1C, 0xC7, 0x1C, 0xC7, 0x1C, 0xC7, 0x1C, 0xC7, 0x1C, 0xC7,
    0xFC, 0xCE, 0xFB, 0xCE, 0x1B, 0xDF, 0x5C, 0xE7, 0x5C, 0xEF, 0x5C, 0xEF, 0x5B, 0xEF, 0x5B, 0xF7,
    0x5B, 0xF7, 0x3B, 0xF7, 0x3B, 0xEF, 0x3B, 0xEF, 0x1B, 0xEF, 0xFA, 0xE6, 0xFA, 0xE6, 0xDA, 0xDE,
    0xBA, 0xDE, 0xBA, 0xD6, 0x99, 0xD6, 0x79, 0xCE, 0x99, 0xCE, 0x79, 0xCE, 0x99, 0xCE, 0x9A, 0xD6,
    0x9A, 0xD6, 0xBA, 0xDE, 0xFB, 0xDE, 0x1C, 0xD7, 0x1C, 0xCF, 0x1C, 0xC7, 0xFC, 0xC6, 0xFC, 0xC6,
    0xFC, 0xC6, 0xFC, 0xC6, 0x1C, 0xC7, 0x1C, 0xC7, 0x1C, 0xC7, 0x1C, 0xC7, 0x1C, 0xCF, 0xFC, 0xC6,
    0x1C, 0xC7, 0x1C, 0xC7, 0x1C, 0xC7, 0x1C, 0xC7, 0x1C, 0xC7, 0x1C, 0xC7, 0x1C, 0xC7, 0x1C, 0xC7,
    0x1C, 0xC7, 0x1C, 0xC7, 0x1C, 0xC7, 0x1C, 0xC7, 0x1C, 0xC7, 0x1C, 0xC7, 0x1C, 0xC7, 0x1C, 0xC7,
    0x1C, 0xC7, 0xFC, 0xC6, 0xFC, 0xC6, 0xFC, 0xC6, 0xFC, 0xC6, 0xFC, 0xC6, 0xFC, 0xC6, 0xFC, 0xC6,
    0xFC, 0xC6, 0xFC, 0xC6, 0xFC, 0xC6, 0xFC, 0xC6, 0xFC, 0xC6, 0xFC, 0xC6, 0xFC, 0xC6, 0xFC, 0xC6,
    0xFC, 0xC6, 0xFC, 0xC6, 0xFC, 0xC6, 0xFC, 0xC6, 0xFC, 0xC6, 0x1C, 0xC7, 0x1C, 0xC7, 0x1C, 0xC7,
    0xFC, 0xC6, 0xFC, 0xC6, 0xFC, 0xC6, 0xFC, 0xC6, 0xFC, 0xC6, 0xFC, 0xC6, 0xFC, 0xC6, 0xFC, 0xC6,
    0xFC, 0xC6, 0xFC, 0xC6, 0xFC, 0xC6, 0xFC, 0xC6, 0xFC, 0xC6, 0xFC, 0xC6, 0xFC, 0xC6, 0xFC, 0xC6,
    0xFC, 0xC6, 0xFC, 0xC6, 0xFC, 0xC6, 0xFC, 0xBE, 0xFC, 0xBE, 0xFC, 0xBE, 0xFC, 0xBE, 0xFC, 0xBE,
    0xFC, 0xBE, 0xFC, 0xBE, 0xFC, 0xBE, 0xFC, 0xBE, 0xFC, 0xBE, 0xFC, 0xBE, 0xFC, 0xBE, 0xFC, 0xBE,
    0xFC, 0xBE, 0xFC, 0xBE, 0xFC, 0xBE, 0xFC, 0xBE, 0xDC, 0xBE, 0xDC, 0xBE, 0xFC, 0xBE, 0xFC, 0xBE,
    0xFC, 0xBE, 0xFC, 0xBE, 0xFC, 0xBE, 0xFC, 0xBE, 0xFC, 0xBE, 0xFC, 0xBE, 0xFC, 0xBE, 0xFC, 0xBE,
    0xFC, 0xBE, 0xFC, 0xBE, 0xFC, 0xBE, 0xFC, 0xBE, 0xFC, 0xBE, 0xFC, 0xBE, 0xFC, 0xBE, 0xFC, 0xBE,
    0xFC, 0xBE, 0xFC, 0xBE, 0xFC, 0xBE, 0xFC, 0xBE, 0xFC, 0xBE, 0xFC, 0xBE, 0xFC, 0xBE, 0xFC, 0xBE,
    0xFC, 0xBE, 0xFB, 0xBE, 0xFB, 0xBE, 0xFC, 0xBE, 0xFB, 0xBE, 0xFC, 0xBE, 0xFC, 0xBE, 0xFC, 0xBE,
    0xFC, 0xBE, 0xDC, 0xBE, 0xDC, 0xBE, 0xDC, 0xBE, 0xDC, 0xBE, 0xDC, 0xBE, 0xDC, 0xBE, 0xDC, 0xBE,
    0xDC, 0xBE, 0xDC, 0xBE, 0xDC, 0xBE, 0xDC, 0xBE, 0xDC, 0xBE, 0xDC, 0xBE, 0xDC, 0xBE, 0xDC, 0xBE,
    0xDC, 0xBE, 0xDC, 0xBE, 0xDC, 0xBE, 0xFC, 0xBE, 0xFC, 0xBE, 0xFC, 0xBE, 0xFC, 0xBE, 0xFC, 0xBE,
    0xFC, 0xBE, 0xDC, 0xBE, 0xDC, 0xBE, 0xDC, 0xBE, 0xDC, 0xBE, 0xDC, 0xBE, 0xDC, 0xBE, 0xDC, 0xBE,
    0xDC, 0xBE, 0xDC, 0xBE, 0xDC, 0xBE, 0xDC, 0xBE, 0xDC, 0xBE, 0xDC, 0xBE, 0xDC, 0xBE, 0xDC, 0xBE,
    0xDC, 0xBE, 0xDC, 0xBE, 0xDC, 0xB6, 0xDC, 0xB6, 0xDC, 0xBE, 0xDC, 0xBE, 0xDC, 0xBE, 0xDC, 0xBE,
    0xDC, 0xBE, 0xDC, 0xBE, 0xDC, 0xBE, 0xDC, 0xBE, 0xDC, 0xBE, 0xDC, 0xBE, 0xDC, 0xBE, 0xDC, 0xBE,
    0xDC, 0xBE, 0xDC, 0xB6, 0xDC, 0xBE, 0xDC, 0xBE, 0xDC, 0xBE, 0xDC, 0xBE, 0xDC, 0xB6, 0xDC, 0xB6,
    0xDC, 0xB6, 0xDC, 0xB6, 0xDC, 0xB6, 0xDC, 0xB6, 0xDC, 0xB6, 0xDC, 0xB6, 0xDC, 0xB6, 0xDC, 0xB6,
    0xDC, 0xB6, 0xDC, 0xB6, 0xDC, 0xB6, 0xDC, 0xB6, 0xDC, 0xB6, 0xDC, 0xB6, 0xDC, 0xB6, 0xDC, 0xB6,
    0xDC, 0xB6, 0xDC, 0xB6, 0xFC, 0xB6, 0xDC, 0xB6, 0xDC, 0xB6, 0xDC, 0xB6, 0xDC, 0xB6, 0xDC, 0xB6,
    0xDC, 0xB6, 0xDC, 0xB6, 0xDC, 0xB6, 0xDC, 0xB6, 0xDC, 0xB6, 0xDC, 0xB6, 0xDC, 0xB6, 0xDC, 0xB6,
    0xDC, 0xB6, 0xDC, 0xB6, 0xDC, 0xB6, 0xDC, 0xB6, 0xDC, 0xB6, 0xDC, 0xB6, 0xDC, 0xB6, 0xDC, 0xB6,
    0xDC, 0xB6, 0xDC, 0xB6, 0xDC, 0xB6, 0xDC, 0xB6, 0xDC, 0xB6, 0xDC, 0xB6, 0xDC, 0xB6, 0xFC, 0xB6,
    0xDC, 0xB6, 0xDC, 0xB6, 0xDC, 0xB6, 0xDC, 0xB6, 0xDC, 0xB6, 0xDC, 0xB6, 0xDC, 0xB6, 0xDC, 0xB6,
    0xDC, 0xB6, 0xDC, 0xB6, 0xDC, 0xB6, 0xDC, 0xB6, 0xDC, 0xB6, 0xDC, 0xB6, 0xDC, 0xB6, 0xDC, 0xB6,
    0xDC, 0xB6, 0xDC, 0xB6, 0xDC, 0xB6, 0xDC, 0xB6, 0xDC, 0xB6, 0xDC, 0xB6, 0xDC, 0xB6, 0xDC, 0xB6,
    0xDC, 0xB6, 0xDC, 0xB6, 0xDC, 0xB6, 0xDC, 0xB6, 0xDC, 0xB6, 0xDC, 0xB6, 0xDC, 0xB6, 0xDC, 0xB6,
    0xDC, 0xB6, 0xDC, 0xB6, 0xDC, 0xB6, 0xDC, 0xB6, 0xDC, 0xB6, 0xDC, 0xB6, 0xDC, 0xB6, 0xDC, 0xB6,
    0x1C, 0xC7, 0x1C, 0xC7, 0xFC, 0xC6, 0xFC, 0xC6, 0x1C, 0xC7, 0x1C, 0xCF, 0x1C, 0xCF, 0x1C, 0xCF,
    0x1C, 0xCF, 0x1C, 0xCF, 0x1C, 0xC7, 0x1C, 0xC7, 0x1C, 0xC7, 0x1C, 0xC7, 0x1C, 0xC7, 0xFC, 0xC6,
    0xFB, 0xD6, 0x3C, 0xDF, 0x5C, 0xEF, 0x7C, 0xEF, 0x5B, 0xF7, 0x3B, 0xEF, 0x3B, 0xEF, 0x3B, 0xEF,
    0x3B, 0xEF, 0x3B, 0xEF, 0x1B, 0xEF, 0x1B, 0xEF, 0xFA, 0xE6, 0xDA, 0xE6, 0xDA, 0xDE, 0xB9, 0xDE,
    0x99, 0xD6, 0x79, 0xCE, 0x59, 0xCE, 0x59, 0xCE, 0x59, 0xC6, 0x59, 0xCE, 0x79, 0xCE, 0x7A, 0xCE,
    0x7A, 0xCE, 0x9A, 0xCE, 0xBA, 0xCE, 0xDB, 0xD6, 0xFC, 0xD6, 0xFC, 0xCE, 0xFC, 0xC6, 0x1C, 0xC7,
    0x1C, 0xC7, 0xFC, 0xC6, 0xFC, 0xC6, 0xFC, 0xC6, 0xFC, 0xC6, 0xFC, 0xC6, 0xFC, 0xC6, 0xFC, 0xC6,
    0xFC, 0xC6, 0xFC, 0xC6, 0x1C, 0xC7, 0x1C, 0xC7, 0xFC, 0xC6, 0xFC, 0xC6, 0xFC, 0xC6, 0xFC, 0xC6,
    0xFC, 0xC6, 0xFC, 0xC6, 0xFC, 0xC6, 0x1C, 0xC7, 0x1C, 0xC7, 0x1C, 0xC7, 0xFC, 0xC6, 0xFC, 0xC6,
    0xFC, 0xC6, 0x1C, 0xC7, 0x1C, 0xC7, 0x1C, 0xC7, 0x1C, 0xC7, 0x1C, 0xC7, 0x1C, 0xC7, 0x1C, 0xC7,
    0xFC, 0xC6, 0xFC, 0xC6, 0xFC, 0xC6, 0xFC, 0xC6, 0xFC, 0xC6, 0xFC, 0xC6, 0xFC, 0xC6, 0xFC, 0xC6,
    0xFC, 0xC6, 0xFC, 0xC6, 0x1C, 0xC7, 0x1C, 0xC7, 0x1C, 0xC7, 0x1C, 0xC7, 0x1C, 0xC7, 0xFC, 0xC6,
    0x1C, 0xC7, 0x1C, 0xC7, 0xFC, 0xC6, 0xFC, 0xC6, 0xFC, 0xC6, 0xFC, 0xC6, 0xFC, 0xC6, 0xFC, 0xC6,
    0xFC, 0xC6, 0xFC, 0xC6, 0xFC, 0xC6, 0xFC, 0xC6, 0xFC, 0xC6, 0xFC, 0xC6, 0xFC, 0xC6, 0xFC, 0xC6,
    0xFC, 0xC6, 0xFC, 0xC6, 0x1C, 0xC7, 0xFC, 0xC6, 0xFC, 0xC6, 0xFC, 0xC6, 0xFC, 0xBE, 0xFC, 0xBE,
    0xFC, 0xC6, 0xFC, 0xBE, 0xFC, 0xBE, 0xFC, 0xBE, 0xFC, 0xBE, 0xFC, 0xBE, 0xFC, 0xBE, 0xFC, 0xBE,
    0xFC, 0xBE, 0xFC, 0xBE, 0xFC, 0xBE, 0xFC, 0xBE, 0xFC, 0xBE, 0xFC, 0xBE, 0xFC, 0xBE, 0xFC, 0xBE,
    0xFC, 0xBE, 0xFC, 0xBE, 0xFC, 0xBE, 0xFC, 0xBE, 0xFC, 0xBE, 0xFC, 0xBE, 0xFC, 0xBE, 0xFC, 0xBE,
    0xFC, 0xBE, 0xFC, 0xBE, 0xFC, 0xBE, 0xFC, 0xBE, 0xFC, 0xBE, 0xFC, 0xBE, 0xFC, 0xBE, 0xFC, 0xBE,
    0xFC, 0xBE, 0xFC, 0xBE, 0xFC, 0xBE, 0xFC, 0xBE, 0xFC, 0xBE, 0xFC, 0xBE, 0xFC, 0xBE, 0xFC, 0xBE,
    0xFC, 0xBE, 0xFC, 0xBE, 0xFC, 0xBE, 0xFC, 0xBE, 0xFC, 0xBE, 0xFC, 0xBE, 0xFC, 0xBE, 0xFC, 0xBE,
    0xFC, 0xBE, 0xFC, 0xBE, 0xDC, 0xBE, 0xDC, 0xBE, 0xDC, 0xBE, 0xFC, 0xBE, 0xFC, 0xBE, 0xDC, 0xBE,
    0xDC, 0xBE, 0xDC, 0xBE, 0xDC, 0xBE, 0xDC, 0xBE, 0xFC, 0xBE, 0xFC, 0xBE, 0xFC, 0xBE, 0xFC, 0xBE,
    0xFC, 0xBE, 0xDC, 0xBE, 0xDC, 0xBE, 0xFC, 0xBE, 0xFC, 0xBE, 0xDC, 0xBE, 0xDC, 0xBE, 0xDC, 0xBE,
    0xDC, 0xBE, 0xDC, 0xBE, 0xDC, 0xBE, 0xDC, 0xBE, 0xDC, 0xBE, 0xDC, 0xBE, 0xDC, 0xBE, 0xDC, 0xBE,
    0xDC, 0xBE, 0xDC, 0xBE, 0xDC, 0xBE, 0xDC, 0xBE, 0xDC, 0xBE, 0xFC, 0xBE, 0xFC, 0xBE, 0xDC, 0xBE,
    0xDC, 0xBE, 0xDC, 0xBE, 0xDC, 0xBE, 0xDC, 0xBE, 0xDC, 0xBE, 0xDC, 0xBE, 0xDC, 0xBE, 0xDC, 0xBE,
    0xDC, 0xBE, 0xDC, 0xBE, 0xDC, 0xBE, 0xDC, 0xBE, 0xDC, 0xBE, 0xDC, 0xBE, 0xDC, 0xBE, 0xDC, 0xBE,
    0xDC, 0xBE, 0xDC, 0xBE, 0xDC, 0xB6, 0xDC, 0xB6, 0xDC, 0xB6, 0xDC, 0xBE, 0xDC, 0xB6, 0xDC, 0xB6,
    0xDC, 0xBE, 0xDC, 0xBE, 0xDC, 0xB6, 0xDC, 0xB6, 0xDC, 0xB6, 0xDC, 0xB6, 0xDC, 0xB6, 0xDC, 0xBE,
    0xDC, 0xB6, 0xDC, 0xB6, 0xDC, 0xB6, 0xDC, 0xB6, 0xDC, 0xBE, 0xFC, 0xB6, 0xFC, 0xB6, 0xDC, 0xB6,
    0xDC, 0xB6, 0xDC, 0xB6, 0xDC, 0xB6, 0xDC, 0xB6, 0xDC, 0xB6, 0xDC, 0xB6, 0xFC, 0xB6, 0xDC, 0xB6,
    0xDC, 0xB6, 0xFC, 0xB6, 0xDC, 0xB6, 0xDC, 0xB6, 0xDC, 0xB6, 0xDC, 0xB6, 0xDC, 0xB6, 0xDC, 0xB6,
    0xDC, 0xB6, 0xDC, 0xB6, 0xDC, 0xB6, 0xDC, 0xB6, 0xDC, 0xB6, 0xDC, 0xB6, 0xDC, 0xB6, 0xDC, 0xB6,
    0xDC, 0xB6, 0xDC, 0xB6, 0xDC, 0xB6, 0xDC, 0xB6, 0xDC, 0xB6, 0xDC, 0xB6, 0xDC, 0xB6, 0xDC, 0xB6,
    0xDC, 0xB6, 0xDC, 0xB6, 0xDC, 0xB6, 0xDC, 0xB6, 0xDC, 0xB6, 0xDC, 0xB6, 0xDC, 0xB6, 0xDC, 0xB6,
    0xDC, 0xB6, 0xDC, 0xB6, 0xDC, 0xB6, 0xDC, 0xB6, 0xDC, 0xB6, 0xDC, 0xB6, 0xDC, 0xB6, 0xDC, 0xB6,
    0xDC, 0xB6, 0xDC, 0xB6, 0xDC, 0xB6, 0xDC, 0xB6, 0xDC, 0xB6, 0xDC, 0xB6, 0xDC, 0xB6, 0xDC, 0xB6,
    0xDC, 0xB6, 0xDC, 0xB6, 0xDC, 0xB6, 0xDC, 0xB6, 0xDC, 0xB6, 0xDC, 0xB6, 0xDC, 0xB6, 0xDC, 0xB6,
    0xDC, 0xB6, 0xDC, 0xB6, 0xDC, 0xB6, 0xDC, 0xB6, 0xDC, 0xB6, 0xDC, 0xB6, 0xDC, 0xB6, 0xDC, 0xB6,
    0x1C, 0xC7, 0x1C, 0xC7, 0xFC, 0xC6, 0xFC, 0xC6, 0x1C, 0xC7, 0xFC, 0xC6, 0xFC, 0xC6, 0xFC, 0xC6,
    0x1C, 0xCF, 0x1C, 0xCF, 0x1C, 0xC7, 0x1C, 0xC7, 0x1C, 0xC7, 0x1C, 0xC7, 0xFC, 0xC6, 0xFB, 0xCE,
    0x3C, 0xDF, 0x5C, 0xEF, 0x5B, 0xEF, 0x3B, 0xEF, 0x3B, 0xEF, 0x3B, 0xEF, 0x1B, 0xEF, 0x1B, 0xEF,
    0x3B, 0xEF, 0x1B, 0xEF, 0xFA, 0xEE, 0xFA, 0xE6, 0xDA, 0xE6, 0xB9, 0xDE, 0xB9, 0xDE, 0x99, 0xD6,
    0x79, 0xCE, 0x59, 0xCE, 0x59, 0xC6, 0x39, 0xC6, 0x39, 0xC6, 0x39, 0xC6, 0x59, 0xC6, 0x59, 0xC6,
    0x59, 0xC6, 0x79, 0xC6, 0x79, 0xC6, 0x9A, 0xC6, 0xDB, 0xCE, 0xFC, 0xCE, 0xFC, 0xCE, 0x1C, 0xC7,
    0x1C, 0xC7, 0xFC, 0xC6, 0xFC, 0xC6, 0xFC, 0xC6, 0xFC, 0xC6, 0xFC, 0xC6, 0xFC, 0xC6, 0xFC, 0xC6,
    0xFC, 0xC6, 0xFC, 0xC6, 0xFC, 0xC6, 0x1C, 0xC7, 0xFC, 0xC6, 0xFC, 0xC6, 0xFC, 0xC6, 0xFC, 0xC6,
    0xFC, 0xC6, 0xFC, 0xC6, 0x1C, 0xC7, 0x1C, 0xC7, 0x1C, 0xC7, 0x1C, 0xC7, 0xFC, 0xC6, 0xFC, 0xC6,
    0xFC, 0xC6, 0x1C, 0xC7, 0x1C, 0xC7, 0x1C, 0xC7, 0x1C, 0xC7, 0x1C, 0xC7, 0x1C, 0xC7, 0x1C, 0xC7,
    0xFC, 0xC6, 0xFC, 0xC6, 0xFC, 0xC6, 0xFC, 0xC6, 0xFC, 0xC6, 0xFC, 0xC6, 0xFC, 0xC6, 0xFC, 0xC6,
    0xFC, 0xC6, 0x1C, 0xC7, 0x1C, 0xC7, 0x1C, 0xC7, 0x1C, 0xC7, 0x1C, 0xC7, 0x1C, 0xC7, 0x1C, 0xC7,
    0x1C, 0xC7, 0x1C, 0xC7, 0x1C, 0xC7, 0x1C, 0xC7, 0xFC, 0xC6, 0xFC, 0xC6, 0xFC, 0xC6, 0xFC, 0xC6,
    0xFC, 0xC6, 0xFC, 0xC6, 0xFC, 0xC6, 0xFC, 0xC6, 0xFC, 0xC6, 0xFC, 0xC6, 0xFC, 0xC6, 0xFC, 0xC6,
    0xFC, 0xC6, 0xFC, 0xC6, 0x1C, 0xC7, 0xFC, 0xC6, 0xFC, 0xC6, 0xFC, 0xC6, 0xFC, 0xC6, 0xFC, 0xC6,
    0xFC, 0xC6, 0xFC, 0xC6, 0xFC, 0xBE, 0xFC, 0xBE, 0xFC, 0xBE, 0xFC, 0xBE, 0xFC, 0xBE, 0xFC, 0xBE,
    0xFC, 0xBE, 0xFC, 0xBE, 0xFC, 0xBE, 0xFC, 0xBE, 0xFC, 0xBE, 0xFC, 0xBE, 0xFC, 0xBE, 0xFC, 0xBE,
    0xFC, 0xBE, 0xFC, 0xBE, 0xFC, 0xBE, 0xFC, 0xBE, 0xFC, 0xBE, 0xFC, 0xBE, 0xFC, 0xBE, 0xFC, 0xBE,
    0xFC, 0xBE, 0xFC, 0xBE, 0xFC, 0xBE, 0xFC, 0xBE, 0xFC, 0xBE, 0xFC, 0xBE, 0xFC, 0xBE, 0xFC, 0xBE,
    0xFC, 0xBE, 0xFC, 0xBE, 0xFC, 0xBE, 0xFC, 0xBE, 0xFC, 0xBE, 0xFC, 0xBE, 0xFC, 0xBE, 0xFC, 0xBE,
    0xFC, 0xBE, 0xFC, 0xBE, 0xFC, 0xBE, 0xFC, 0xBE, 0xFC, 0xBE, 0xFC, 0xBE, 0xFC, 0xBE, 0xFC, 0xBE,
    0xFC, 0xBE, 0xFC, 0xBE, 0xFC, 0xBE, 0xFC, 0xBE, 0xFC, 0xBE, 0xFC, 0xBE, 0xFC, 0xBE, 0xDC, 0xBE,
    0xDC, 0xBE, 0xDC, 0xBE, 0xDC, 0xBE, 0xDC, 0xBE, 0xDC, 0xBE, 0xDC, 0xBE, 0xDC, 0xBE, 0xDC, 0xBE,
    0xDC, 0xBE, 0xDC, 0xBE, 0xDC, 0xBE, 0xFC, 0xBE, 0xFC, 0xBE, 0xDC, 0xBE, 0xDC, 0xBE, 0xDC, 0xBE,
    0xDC, 0xBE, 0xDC, 0xBE, 0xDC, 0xBE, 0xDC, 0xBE, 0xDC, 0xBE, 0xDC, 0xBE, 0xDC, 0xBE, 0xDC, 0xBE,
    0xDC, 0xBE, 0xDC, 0xBE, 0xDC, 0xBE, 0xDC, 0xBE, 0xDC, 0xBE, 0xFC, 0xBE, 0xFC, 0xBE, 0xFC, 0xBE,
    0xFC, 0xBE, 0xFC, 0xBE, 0xDC, 0xBE, 0xDC, 0xBE, 0xDC, 0xBE, 0xDC, 0xBE, 0xDC, 0xBE, 0xDC, 0xBE,
    0xDC, 0xBE, 0xDC, 0xBE, 0xDC, 0xBE, 0xDC, 0xBE, 0xDC, 0xBE, 0xDC, 0xBE, 0xDC, 0xBE, 0xDC, 0xBE,
    0xDC, 0xBE, 0xDC, 0xBE, 0xDC, 0xBE, 0xDC, 0xB6, 0xDC, 0xB6, 0xDC, 0xBE, 0xDC, 0xBE, 0xDC, 0xBE,
    0xDC, 0xBE, 0xDC, 0xBE, 0xDC, 0xB6, 0xDC, 0xB6, 0xDC, 0xB6, 0xDC, 0xB6, 0xDC, 0xB6, 0xDC, 0xB6,
    0xDC, 0xB6, 0xDC, 0xB6, 0xDC, 0xB6, 0xDC, 0xBE, 0xDC, 0xBE, 0xDC, 0xB6, 0xDC, 0xB6, 0xDC, 0xB6,
    0xDC, 0xB6, 0xDC, 0xB6, 0xDC, 0xB6, 0xDC, 0xB6, 0xDC, 0xB6, 0xDC, 0xB6, 0xDC, 0xB6, 0xFC, 0xB6,
    0xFC, 0xB6, 0xDC, 0xB6, 0xDC, 0xB6, 0xDC, 0xB6, 0xDC, 0xB6, 0xDC, 0xB6, 0xDC, 0xB6, 0xDC, 0xB6,
    0xDC, 0xB6, 0xDC, 0xB6, 0xDC, 0xB6, 0xDC, 0xB6, 0xDC, 0xB6, 0xDC, 0xB6, 0xDC, 0xB6, 0xDC, 0xB6,
    0xDC, 0xB6, 0xDC, 0xB6, 0xDC, 0xB6, 0xDC, 0xBE, 0xDC, 0xB6, 0xDC, 0xB6, 0xDC, 0xB6, 0xDC, 0xB6,
    0xDC, 0xB6, 0xDC, 0xB6, 0xDC, 0xB6, 0xDC, 0xB6, 0xDC, 0xB6, 0xDC, 0xB6, 0xDC, 0xB6, 0xDC, 0xB6,
    0xDC, 0xB6, 0xDC, 0xB6, 0xDC, 0xB6, 0xDC, 0xB6, 0xDC, 0xB6, 0xDC, 0xB6, 0xDC, 0xB6, 0xDC, 0xB6,
    0xDC, 0xB6, 0xDC, 0xB6, 0xDC, 0xB6, 0xDC, 0xB6, 0xDC, 0xB6, 0xDC, 0xB6, 0xDC, 0xB6, 0xDC, 0xB6,
    0xDC, 0xB6, 0xDC, 0xB6, 0xDC, 0xB6, 0xDC, 0xB6, 0xDC, 0xB6, 0xDC, 0xB6, 0xDC, 0xB6, 0xDC, 0xB6,
    0xDC, 0xB6, 0xDC, 0xB6, 0xDC, 0xB6, 0xDC, 0xB6, 0xDC, 0xB6, 0xDC, 0xB6, 0xDC, 0xB6, 0xDC, 0xB6,
    0x1C, 0xC7, 0x1C, 0xC7, 0x1C, 0xC7, 0x1C, 0xC7, 0x1C, 0xC7, 0xFC, 0xC6, 0xFC, 0xC6, 0xFC, 0xC6,
    0xFC, 0xC6, 0x1C, 0xCF, 0x1C, 0xCF, 0x1C, 0xCF, 0x1C, 0xC7, 0x1C, 0xCF, 0xFB, 0xCE, 0x3C, 0xDF,
    0x7C, 0xEF, 0x5C, 0xF7, 0x3B, 0xEF, 0x3B, 0xEF, 0x3B, 0xEF, 0x1B, 0xEF, 0x1A, 0xEF, 0x1A, 0xEF,
    0x1A, 0xEF, 0x1A, 0xEF, 0xFA, 0xE6, 0xD9, 0xE6, 0xB9, 0xDE, 0x99, 0xDE, 0x79, 0xD6, 0x58, 0xCE,
    0x59, 0xCE, 0x39, 0xC6, 0x39, 0xC6, 0x38, 0xBE, 0x38, 0xBE, 0x38, 0xBE, 0x38, 0xBE, 0x39, 0xBE,
    0x39, 0xBE, 0x59, 0xBE, 0x59, 0xBE, 0x59, 0xC6, 0x7A, 0xC6, 0xBB, 0xCE, 0x1C, 0xCF, 0x1C, 0xCF,
    0x1C, 0xC7, 0xFC, 0xC6, 0xFC, 0xC6, 0xFC, 0xC6, 0xFC, 0xC6, 0xFC, 0xC6, 0xFC, 0xC6, 0xFC, 0xC6,
    0xFC, 0xC6, 0xFC, 0xC6, 0xFC, 0xC6, 0xFC, 0xC6, 0xFC, 0xC6, 0xFC, 0xC6, 0xFC, 0xC6, 0xFC, 0xC6,
    0xFC, 0xC6, 0xFC, 0xC6, 0x1C, 0xC7, 0x1C, 0xC7, 0x1C, 0xC7, 0x1C, 0xC7, 0xFC, 0xC6, 0xFC, 0xC6,
    0x1C, 0xC7, 0x1C, 0xC7, 0x1C, 0xC7, 0x1C, 0xC7, 0x1C, 0xC7, 0x1C, 0xC7, 0x1C, 0xC7, 0x1C, 0xC7,
    0x1C, 0xC7, 0xFC, 0xC6, 0xFC, 0xC6, 0xFC, 0xC6, 0xFC, 0xC6, 0xFC, 0xC6, 0xFC, 0xC6, 0xFC, 0xC6,
    0x1C, 0xC7, 0x1C, 0xC7, 0x1C, 0xC7, 0x1C, 0xC7, 0x1C, 0xC7, 0x1C, 0xC7, 0x1C, 0xC7, 0x1C, 0xC7,
    0x1C, 0xC7, 0x1C, 0xC7, 0x1C, 0xC7, 0x1C, 0xC7, 0xFC, 0xC6, 0xFC, 0xC6, 0xFC, 0xC6, 0xFC, 0xC6,
    0xFC, 0xC6, 0xFC, 0xC6, 0xFC, 0xC6, 0xFC, 0xC6, 0xFC, 0xC6, 0xFC, 0xC6, 0xFC, 0xC6, 0xFC, 0xC6,
    0xFC, 0xC6, 0xFC, 0xC6, 0xFC, 0xC6, 0xFC, 0xC6, 0xFC, 0xC6, 0xFC, 0xC6, 0xFC, 0xC6, 0xFC, 0xC6,
    0xFC, 0xC6, 0xFC, 0xC6, 0xFC, 0xBE, 0xFC, 0xBE, 0xFC, 0xBE, 0xFC, 0xBE, 0xFC, 0xBE, 0xFC, 0xBE,
    0xFC, 0xBE, 0xFC, 0xBE, 0xFC, 0xBE, 0xFC, 0xBE, 0xFC, 0xBE, 0xFC, 0xBE, 0xFC, 0xBE, 0xFC, 0xBE,
    0xFC, 0xBE, 0xFC, 0xBE, 0xFC, 0xBE, 0xFC, 0xBE, 0xFC, 0xBE, 0xFC, 0xBE, 0xFC, 0xBE, 0xFC, 0xBE,
    0xFC, 0xBE, 0xFC, 0xBE, 0xFC, 0xBE, 0xFC, 0xBE, 0xFC, 0xBE, 0xFC, 0xBE, 0xFC, 0xBE, 0xFC, 0xBE,
    0xFC, 0xBE, 0xFC, 0xBE, 0xFC, 0xBE, 0xFC, 0xBE, 0xFC, 0xBE, 0xFC, 0xBE, 0xFC, 0xBE, 0xFC, 0xBE,
    0xFC, 0xBE, 0xFC, 0xBE, 0xFC, 0xBE, 0xFC, 0xBE, 0xFC, 0xBE, 0xFC, 0xBE, 0xFC, 0xBE, 0xFC, 0xBE,
    0xFC, 0xBE, 0xFC, 0xBE, 0xFC, 0xBE, 0xFC, 0xBE, 0xFC, 0xBE, 0xFC, 0xBE, 0xFC, 0xBE, 0xDC, 0xBE,
    0xDC, 0xBE, 0xDC, 0xBE, 0xDC, 0xBE, 0xDC, 0xBE, 0xDC, 0xBE, 0xDC, 0xBE, 0xDC, 0xBE, 0xDC, 0xBE,
    0xDC, 0xBE, 0xDC, 0xBE, 0xDC, 0xBE, 0xFC, 0xBE, 0xFC, 0xBE, 0xDC, 0xBE, 0xDC, 0xBE, 0xDC, 0xBE,
    0xDC, 0xBE, 0xDC, 0xBE, 0xDC, 0xBE, 0xDC, 0xBE, 0xDC, 0xBE, 0xDC, 0xBE, 0xDC, 0xBE, 0xDC, 0xBE,
    0xDC, 0xBE, 0xDC, 0xBE, 0xDC, 0xBE, 0xDC, 0xBE, 0xDC, 0xBE, 0xFC, 0xBE, 0xFC, 0xBE, 0xFC, 0xBE,
    0xFC, 0xBE, 0xFC, 0xBE, 0xFC, 0xBE, 0xDC, 0xBE, 0xDC, 0xBE, 0xDC, 0xBE, 0xDC, 0xBE, 0xDC, 0xBE,
    0xDC, 0xBE, 0xDC, 0xBE, 0xDC, 0xBE, 0xDC, 0xBE, 0xDC, 0xBE, 0xDC, 0xBE, 0xDC, 0xBE, 0xDC, 0xBE,
    0xDC, 0xBE, 0xDC, 0xBE, 0xDC, 0xBE, 0xDC, 0xBE, 0xDC, 0xBE, 0xDC, 0xBE, 0xDC, 0xBE, 0xDC, 0xBE,
    0xDC, 0xBE, 0xDC, 0xBE, 0xDC, 0xBE, 0xDC, 0xB6, 0xDC, 0xB6, 0xDC, 0xB6, 0xDC, 0xB6, 0xDC, 0xB6,
    0xDC, 0xB6, 0xDC, 0xB6, 0xDC, 0xB6, 0xDC, 0xBE, 0xDC, 0xBE, 0xDC, 0xBE, 0xDC, 0xBE, 0xDC, 0xBE,
    0xDC, 0xBE, 0xDC, 0xBE, 0xDC, 0xBE, 0xDC, 0xBE, 0xDC, 0xBE, 0xDC, 0xBE, 0xDC, 0xBE, 0xFC, 0xB6,
    0xFC, 0xB6, 0xDC, 0xB6, 0xDC, 0xB6, 0xDC, 0xB6, 0xDC, 0xB6, 0xDC, 0xB6, 0xDC, 0xB6, 0xDC, 0xB6,
    0xDC, 0xB6, 0xDC, 0xB6, 0xDC, 0xB6, 0xDC, 0xB6, 0xDC, 0xB6, 0xDC, 0xB6, 0xDC, 0xB6, 0xDC, 0xB6,
    0xDC, 0xB6, 0xDC, 0xB6, 0xDC, 0xB6, 0xDC, 0xB6, 0xDC, 0xB6, 0xDC, 0xB6, 0xDC, 0xB6, 0xDC, 0xB6,
    0xDC, 0xB6, 0xDC, 0xB6, 0xDC, 0xB6, 0xDC, 0xB6, 0xDC, 0xB6, 0xDC, 0xB6, 0xDC, 0xB6, 0xDC, 0xB6,
    0xDC, 0xB6, 0xDC, 0xB6, 0xDC, 0xB6, 0xDC, 0xB6, 0xDC, 0xB6, 0xDC, 0xB6, 0xDC, 0xB6, 0xDC, 0xB6,
    0xDC, 0xB6, 0xDC, 0xB6, 0xDC, 0xB6, 0xDC, 0xB6, 0xDC, 0xB6, 0xDC, 0xB6, 0xDC, 0xB6, 0xDC, 0xB6,
    0xDC, 0xB6, 0xDC, 0xB6, 0xDC, 0xB6, 0xDC, 0xB6, 0xDC, 0xB6, 0xDC, 0xB6, 0xDC, 0xB6, 0xDC, 0xB6,
    0xDC, 0xB6, 0xDC, 0xB6, 0xDC, 0xB6, 0xDC, 0xB6, 0xDC, 0xB6, 0xBC, 0xB6, 0xBC, 0xB6, 0xBC, 0xB6,
    0x1C, 0xC7, 0x1C, 0xCF, 0x1C, 0xCF, 0x1C, 0xCF, 0x1C, 0xCF, 0x1C, 0xCF, 0x1C, 0xCF, 0x1C, 0xCF,
    0x1C, 0xCF, 0x1C, 0xCF, 0x1C, 0xCF, 0x1C, 0xC7, 0x1B, 0xC7, 0xFB, 0xCE, 0xFC, 0xD6, 0x5C, 0xE7,
    0x7C, 0xEF, 0x3B, 0xEF, 0x3B, 0xEF, 0x1B, 0xEF, 0x1A, 0xEF, 0x1A, 0xEF, 0xFA, 0xE6, 0xFA, 0xE6,
    0xFA, 0xE6, 0xFA, 0xE6, 0xD9, 0xE6, 0xB9, 0xDE, 0x99, 0xDE, 0x79, 0xD6, 0x58, 0xCE, 0x58, 0xCE,
    0x39, 0xC6, 0x39, 0xC6, 0x39, 0xC6, 0x18, 0xBE, 0x18, 0xBE, 0x18, 0xBE, 0x38, 0xBE, 0x39, 0xBE,
    0x39, 0xBE, 0x39, 0xBE, 0x39, 0xBE, 0x59, 0xBE, 0x5A, 0xBE, 0x9A, 0xC6, 0xDB, 0xCE, 0x1C, 0xCF,
    0x1C, 0xC7, 0xFC, 0xC6, 0x1C, 0xC7, 0xFC, 0xC6, 0xFC, 0xC6, 0xFC, 0xC6, 0xFC, 0xC6, 0xFC, 0xC6,
    0xFC, 0xC6, 0xFC, 0xC6, 0xFC, 0xC6, 0xFC, 0xC6, 0xFC, 0xC6, 0xFC, 0xC6, 0xFC, 0xC6, 0xFC, 0xC6,
    0x1C, 0xCF, 0xFC, 0xC6, 0xFC, 0xC6, 0x1C, 0xC7, 0x1C, 0xC7, 0xFC, 0xC6, 0xFC, 0xC6, 0xFC, 0xC6,
    0xFC, 0xC6, 0xFC, 0xC6, 0xFC, 0xC6, 0x1C, 0xC7, 0x1C, 0xC7, 0x1C, 0xC7, 0x1C, 0xC7, 0x1C, 0xC7,
    0x1C, 0xC7, 0x1C, 0xC7, 0x1C, 0xC7, 0x1C, 0xC7, 0x1C, 0xC7, 0x1C, 0xC7, 0x1C, 0xC7, 0x1C, 0xC7,
    0x1C, 0xC7, 0x1C, 0xC7, 0x1C, 0xC7, 0x1C, 0xC7, 0x1C, 0xC7, 0x1C, 0xC7, 0x1C, 0xC7, 0x1C, 0xC7,
    0x1C, 0xC7, 0x1C, 0xC7, 0x1C, 0xC7, 0x1C, 0xC7, 0xFC, 0xC6, 0xFC, 0xC6, 0xFC, 0xC6, 0xFC, 0xC6,
    0xFC, 0xC6, 0xFC, 0xC6, 0xFC, 0xC6, 0xFC, 0xC6, 0xFC, 0xC6, 0xFC, 0xC6, 0xFC, 0xC6, 0xFC, 0xC6,
    0xFC, 0xC6, 0xFC, 0xC6, 0xFC, 0xC6, 0xFC, 0xC6, 0xFC, 0xC6, 0xFC, 0xC6, 0xFC, 0xC6, 0xFC, 0xC6,
    0xFC, 0xC6, 0xFC, 0xC6, 0xFC, 0xBE, 0xFC, 0xC6, 0xFC, 0xBE, 0xFC, 0xBE, 0xFC, 0xBE, 0xFC, 0xBE,
    0xFC, 0xBE, 0xFC, 0xBE, 0xFC, 0xBE, 0xFC, 0xBE, 0xFC, 0xBE, 0xFC, 0xBE, 0xFC, 0xBE, 0xFC, 0xBE,
    0xFC, 0xBE, 0xFC, 0xBE, 0xFC, 0xBE, 0xFC, 0xBE, 0xFC, 0xBE, 0xFC, 0xBE, 0xFC, 0xBE, 0xFC, 0xBE,
    0xFC, 0xBE, 0xFC, 0xBE, 0xFC, 0xBE, 0xFC, 0xBE, 0xFC, 0xBE, 0xFC, 0xBE, 0xFC, 0xBE, 0xFC, 0xBE,
    0xFC, 0xBE, 0xFC, 0xBE, 0xFC, 0xBE, 0xFC, 0xBE, 0xFB, 0xBE, 0xFB, 0xBE, 0xFC, 0xBE, 0xFC, 0xBE,
    0xFC, 0xBE, 0xFC, 0xBE, 0xFC, 0xBE, 0xFC, 0xBE, 0xFC, 0xBE, 0xFC, 0xBE, 0xFC, 0xBE, 0xFC, 0xBE,
    0xDC, 0xBE, 0xDC, 0xBE, 0xDC, 0xBE, 0xDC, 0xBE, 0xDC, 0xBE, 0xDC, 0xBE, 0xFC, 0xBE, 0xFC, 0xBE,
    0xFC, 0xBE, 0xFC, 0xBE, 0xFC, 0xBE, 0xFC, 0xBE, 0xFC, 0xBE, 0xFC, 0xBE, 0xFC, 0xBE, 0xDC, 0xBE,
    0xDC, 0xBE, 0xFC, 0xBE, 0xFC, 0xBE, 0xDC, 0xBE, 0xDC, 0xBE, 0xDC, 0xBE, 0xDC, 0xBE, 0xDC, 0xBE,
    0xDC, 0xBE, 0xDC, 0xBE, 0xDC, 0xBE, 0xDC, 0xBE, 0xDC, 0xBE, 0xDC, 0xBE, 0xDC, 0xBE, 0xDC, 0xBE,
    0xDC, 0xBE, 0xDC, 0xBE, 0xDC, 0xBE, 0xDC, 0xBE, 0xDC, 0xBE, 0xFC, 0xBE, 0xFC, 0xBE, 0xFC, 0xBE,
    0xFC, 0xBE, 0xFC, 0xBE, 0xFC, 0xBE, 0xDC, 0xBE, 0xDC, 0xBE, 0xDC, 0xBE, 0xDC, 0xBE, 0xDC, 0xBE,
    0xDC, 0xBE, 0xDC, 0xBE, 0xDC, 0xBE, 0xDC, 0xBE, 0xDC, 0xBE, 0xDC, 0xBE, 0xDC, 0xBE, 0xDC, 0xBE,
    0xDC, 0xBE, 0xDC, 0xBE, 0xDC, 0xBE, 0xDC, 0xBE, 0xDC, 0xBE, 0xDC, 0xBE, 0xDC, 0xBE, 0xDC, 0xBE,
    0xDC, 0xBE, 0xDC, 0xBE, 0xDC, 0xBE, 0xDC, 0xBE, 0xDC, 0xB6, 0xDC, 0xB6, 0xDC, 0xB6, 0xDC, 0xB6,
    0xDC, 0xBE, 0xDC, 0xB6, 0xDC, 0xB6, 0xDC, 0xBE, 0xDC, 0xBE, 0xDC, 0xBE, 0xDC, 0xBE, 0xDC, 0xBE,
    0xDC, 0xBE, 0xDC, 0xBE, 0xDC, 0xB6, 0xDC, 0xB6, 0xDC, 0xB6, 0xDC, 0xB6, 0xDC, 0xB6, 0xDC, 0xB6,
    0xDC, 0xB6, 0xDC, 0xB6, 0xDC, 0xB6, 0xDC, 0xB6, 0xDC, 0xB6, 0xDC, 0xB6, 0xDC, 0xB6, 0xDC, 0xB6,
    0xDC, 0xB6, 0xDC, 0xB6, 0xDC, 0xB6, 0xDC, 0xB6, 0xDC, 0xB6, 0xDC, 0xB6, 0xDC, 0xB6, 0xDC, 0xB6,
    0xFC, 0xB6, 0xFC, 0xB6, 0xFC, 0xB6, 0xDC, 0xB6, 0xDC, 0xB6, 0xDC, 0xB6, 0xDC, 0xB6, 0xDC, 0xB6,
    0xDC, 0xB6, 0xDC, 0xB6, 0xDC, 0xB6, 0xDC, 0xB6, 0xDC, 0xB6, 0xDC, 0xB6, 0xDC, 0xB6, 0xDC, 0xB6,
    0xDC, 0xB6, 0xDC, 0xB6, 0xDC, 0xB6, 0xDC, 0xB6, 0xDC, 0xB6, 0xDC, 0xB6, 0xDC, 0xB6, 0xDC, 0xB6,
    0xDC, 0xB6, 0xDC, 0xB6, 0xDC, 0xB6, 0xDC, 0xB6, 0xDC, 0xB6, 0xDC, 0xB6, 0xDC, 0xB6, 0xDC, 0xB6,
    0xDC, 0xB6, 0xDC, 0xB6, 0xDC, 0xB6, 0xDC, 0xB6, 0xDC, 0xB6, 0xDC, 0xB6, 0xDC, 0xB6, 0xDC, 0xB6,
    0xDC, 0xB6, 0xDC, 0xB6, 0xDC, 0xB6, 0xDC, 0xB6, 0xDC, 0xB6, 0xDC, 0xB6, 0xBC, 0xB6, 0xBC, 0xB6,
    0x1C, 0xC7, 0x1C, 0xCF, 0x1C, 0xCF, 0x1C, 0xCF, 0x1C, 0xCF, 0x1C, 0xCF, 0x1C, 0xCF, 0x1C, 0xCF,
    0x1C, 0xCF, 0x1C, 0xCF, 0x1C, 0xCF, 0x1C, 0xC7, 0x1B, 0xC7, 0xFB, 0xCE, 0x3C, 0xDF, 0x5C, 0xEF,
    0x5B, 0xEF, 0x3B, 0xEF, 0x1A, 0xEF, 0x1A, 0xE7, 0x1A, 0xEF, 0xDA, 0xE6, 0xB9, 0xDE, 0xD9, 0xE6,
    0xD9, 0xE6, 0xD9, 0xE6, 0xB9, 0xDE, 0x99, 0xDE, 0x99, 0xD6, 0x79, 0xD6, 0x59, 0xCE, 0x58, 0xCE,
    0x39, 0xC6, 0x39, 0xC6, 0x19, 0xBE, 0x18, 0xBE, 0x18, 0xB6, 0x18, 0xB6, 0x18, 0xB6, 0x39, 0xBE,
    0x39, 0xB6, 0x39, 0xB6, 0x39, 0xB6, 0x39, 0xBE, 0x59, 0xBE, 0x7A, 0xC6, 0xBA, 0xC6, 0xFC, 0xCE,
    0x1C, 0xCF, 0x1C, 0xC7, 0x1C, 0xC7, 0xFC, 0xC6, 0xFC, 0xC6, 0xFC, 0xC6, 0xFC, 0xC6, 0xFC, 0xC6,
    0xFC, 0xC6, 0xFC, 0xC6, 0xFC, 0xC6, 0xFC, 0xC6, 0xFC, 0xC6, 0xFC, 0xC6, 0xFC, 0xC6, 0xFC, 0xC6,
    0x1C, 0xCF, 0xFC, 0xC6, 0xFC, 0xC6, 0x1C, 0xC7, 0x1C, 0xC7, 0xFC, 0xC6, 0x1C, 0xC7, 0x1C, 0xC7,
    0xFC, 0xC6, 0xFC, 0xC6, 0xFC, 0xC6, 0x1C, 0xC7, 0x1C, 0xC7, 0x1C, 0xC7, 0x1C, 0xC7, 0x1C, 0xC7,
    0x1C, 0xC7, 0x1C, 0xC7, 0x1C, 0xC7, 0x1C, 0xC7, 0x1C, 0xC7, 0x1C, 0xC7, 0x1C, 0xC7, 0x1C, 0xC7,
    0x1C, 0xC7, 0x1C, 0xC7, 0x1C, 0xC7, 0x1C, 0xC7, 0x1C, 0xC7, 0x1C, 0xC7, 0x1C, 0xC7, 0x1C, 0xC7,
    0x1C, 0xC7, 0x1C, 0xC7, 0x1C, 0xC7, 0x1C, 0xC7, 0xFC, 0xC6, 0xFC, 0xC6, 0x1C, 0xC7, 0xFC, 0xC6,
    0xFC, 0xC6, 0xFC, 0xC6, 0xFC, 0xC6, 0xFC, 0xC6, 0xFC, 0xC6, 0xFC, 0xC6, 0xFC, 0xC6, 0xFC, 0xC6,
    0xFC, 0xC6, 0xFC, 0xC6, 0xFC, 0xC6, 0xFC, 0xC6, 0xFC, 0xC6, 0xFC, 0xC6, 0xFC, 0xC6, 0xFC, 0xC6,
    0xFC, 0xC6, 0xFC, 0xC6, 0xFC, 0xBE, 0xFC, 0xC6, 0xFC, 0xBE, 0xFC, 0xBE, 0xFC, 0xBE, 0xFC, 0xBE,
    0xFC, 0xBE, 0xFC, 0xBE, 0xFC, 0xBE, 0xFC, 0xBE, 0xFC, 0xBE, 0xFC, 0xBE, 0xFC, 0xBE, 0xFC, 0xBE,
    0xFC, 0xBE, 0xFC, 0xBE, 0xFC, 0xBE, 0xFC, 0xBE, 0xFC, 0xBE, 0xFC, 0xBE, 0xFC, 0xBE, 0xFC, 0xBE,
    0xFC, 0xBE, 0xFC, 0xBE, 0xFC, 0xBE, 0xFC, 0xBE, 0xFC, 0xBE, 0xFC, 0xBE, 0xFC, 0xBE, 0xFC, 0xBE,
    0xFC, 0xBE, 0xFC, 0xBE, 0xFC, 0xBE, 0xFC, 0xBE, 0xFB, 0xBE, 0xFB, 0xBE, 0xFC, 0xBE, 0xFC, 0xBE,
    0xFC, 0xBE, 0xDC, 0xBE, 0xFC, 0xBE, 0xFC, 0xBE, 0xFC, 0xBE, 0xFC, 0xBE, 0xFC, 0xBE, 0xFC, 0xBE,
    0xDC, 0xBE, 0xDC, 0xBE, 0xDC, 0xBE, 0xDC, 0xBE, 0xDC, 0xBE, 0xDC, 0xBE, 0xFC, 0xBE, 0xFC, 0xBE,
    0xFC, 0xBE, 0xFC, 0xBE, 0xFC, 0xBE, 0xFC, 0xBE, 0xDC, 0xBE, 0xDC, 0xBE, 0xFC, 0xBE, 0xFC, 0xBE,
    0xFC, 0xBE, 0xFC, 0xBE, 0xFC, 0xBE, 0xFC, 0xBE, 0xDC, 0xBE, 0xDC, 0xBE, 0xFC, 0xBE, 0xDC, 0xBE,
    0xDC, 0xBE, 0xDC, 0xBE, 0xDC, 0xBE, 0xDC, 0xBE, 0xDC, 0xBE, 0xDC, 0xBE, 0xDC, 0xBE, 0xDC, 0xBE,
    0xDC, 0xBE, 0xDC, 0xBE, 0xDC, 0xBE, 0xDC, 0xBE, 0xDC, 0xBE, 0xFC, 0xBE, 0xFC, 0xBE, 0xFC, 0xBE,
    0xFC, 0xBE, 0xFC, 0xBE, 0xDC, 0xBE, 0xDC, 0xBE, 0xDC, 0xBE, 0xDC, 0xBE, 0xDC, 0xBE, 0xDC, 0xBE,
    0xDC, 0xBE, 0xDC, 0xBE, 0xDC, 0xBE, 0xDC, 0xBE, 0xDC, 0xBE, 0xDC, 0xBE, 0xDC, 0xBE, 0xDC, 0xBE,
    0xDC, 0xBE, 0xDC, 0xBE, 0xDC, 0xBE, 0xDC, 0xBE, 0xDC, 0xBE, 0xDC, 0xBE, 0xDC, 0xBE, 0xDC, 0xBE,
    0xDC, 0xBE, 0xDC, 0xBE, 0xDC, 0xBE, 0xDC, 0xBE, 0xDC, 0xBE, 0xDC, 0xBE, 0xDC, 0xBE, 0xDC, 0xBE,
    0xDC, 0xBE, 0xDC, 0xB6, 0xDC, 0xB6, 0xDC, 0xBE, 0xDC, 0xBE, 0xDC, 0xB6, 0xDC, 0xB6, 0xDC, 0xB6,
    0xDC, 0xB6, 0xDC, 0xB6, 0xDC, 0xB6, 0xDC, 0xB6, 0xDC, 0xB6, 0xDC, 0xB6, 0xDC, 0xB6, 0xDC, 0xB6,
    0xDC, 0xB6, 0xDC, 0xB6, 0xDC, 0xB6, 0xDC, 0xB6, 0xDC, 0xBE, 0xDC, 0xB6, 0xDC, 0xB6, 0xDC, 0xB6,
    0xDC, 0xB6, 0xDC, 0xB6, 0xDC, 0xB6, 0xDC, 0xB6, 0xDC, 0xB6, 0xDC, 0xB6, 0xDC, 0xB6, 0xDC, 0xB6,
    0xFC, 0xB6, 0xFC, 0xB6, 0xFC, 0xB6, 0xDC, 0xB6, 0xDC, 0xB6, 0xDC, 0xB6, 0xDC, 0xB6, 0xDC, 0xBE,
    0xDC, 0xB6, 0xDC, 0xB6, 0xDC, 0xB6, 0xDC, 0xB6, 0xDC, 0xB6, 0xDC, 0xB6, 0xDC, 0xB6, 0xDC, 0xB6,
    0xDC, 0xB6, 0xDC, 0xB6, 0xDC, 0xB6, 0xDC, 0xB6, 0xDC, 0xB6, 0xDC, 0xB6, 0xDC, 0xB6, 0xBC, 0xB6,
    0xDC, 0xB6, 0xDC, 0xB6, 0xBC, 0xB6, 0xBC, 0xB6, 0xDC, 0xB6, 0xDC, 0xB6, 0xDC, 0xB6, 0xDC, 0xB6,
    0xDC, 0xB6, 0xDC, 0xB6, 0xDC, 0xB6, 0xDC, 0xB6, 0xDC, 0xB6, 0xDC, 0xB6, 0xBC, 0xB6, 0xBC, 0xB6,
    0xBC, 0xB6, 0xBC, 0xB6, 0xBC, 0xB6, 0xDC, 0xB6, 0xDC, 0xB6, 0xDC, 0xB6, 0xDC, 0xB6, 0xDC, 0xB6,
    0x1C, 0xCF, 0x1C, 0xCF, 0x1C, 0xCF, 0x1C, 0xCF, 0x1C, 0xCF, 0x1C, 0xCF, 0x1C, 0xCF, 0x1C, 0xCF,
    0x1C, 0xCF, 0x1C, 0xCF, 0x1C, 0xC7, 0x1C, 0xC7, 0x1C, 0xC7, 0xFB, 0xD6, 0x5C, 0xE7, 0x5C, 0xF7,
    0x3B, 0xEF, 0x3B, 0xEF, 0xFA, 0xE6, 0x1A, 0xEF, 0xFA, 0xE6, 0xB9, 0xE6, 0x99, 0xDE, 0xB9, 0xDE,
    0xD9, 0xE6, 0xB9, 0xE6, 0x99, 0xDE, 0x79, 0xD6, 0x79, 0xD6, 0x59, 0xCE, 0x58, 0xCE, 0x58, 0xCE,
    0x59, 0xC6, 0x59, 0xC6, 0x39, 0xC6, 0x39, 0xBE, 0x18, 0xBE, 0x18, 0xB6, 0x18, 0xB6, 0x39, 0xB6,
    0x39, 0xB6, 0x39, 0xB6, 0x39, 0xB6, 0x39, 0xB6, 0x59, 0xB6, 0x5A, 0xBE, 0x9A, 0xC6, 0xDB, 0xCE,
    0xFC, 0xCE, 0x1C, 0xC7, 0x1C, 0xC7, 0x1C, 0xC7, 0x1C, 0xC7, 0x1C, 0xC7, 0xFC, 0xC6, 0xFC, 0xC6,
    0xFC, 0xC6, 0xFC, 0xC6, 0xFC, 0xC6, 0xFC, 0xC6, 0xFC, 0xC6, 0xFC, 0xC6, 0xFC, 0xC6, 0xFC, 0xC6,
    0xFC, 0xC6, 0xFC, 0xC6, 0xFC, 0xC6, 0xFC, 0xC6, 0xFC, 0xC6, 0xFC, 0xC6, 0xFC, 0xC6, 0xFC, 0xC6,
    0xFC, 0xC6, 0xFC, 0xC6, 0xFC, 0xC6, 0xFC, 0xC6, 0xFC, 0xC6, 0xFC, 0xC6, 0xFC, 0xC6, 0xFC, 0xC6,
    0xFC, 0xC6, 0xFC, 0xC6, 0xFC, 0xC6, 0xFC, 0xC6, 0xFC, 0xC6, 0x1C, 0xC7, 0x1C, 0xC7, 0x1C, 0xC7,
    0x1C, 0xC7, 0x1C, 0xC7, 0x1C, 0xC7, 0x1C, 0xC7, 0x1C, 0xC7, 0x1C, 0xC7, 0x1C, 0xC7, 0x1C, 0xC7,
    0x1C, 0xC7, 0x1C, 0xC7, 0x1C, 0xC7, 0xFC, 0xC6, 0xFC, 0xC6, 0xFC, 0xC6, 0xFC, 0xC6, 0xFC, 0xC6,
    0xFC, 0xC6, 0x1C, 0xC7, 0x1C, 0xC7, 0xFC, 0xC6, 0xFC, 0xC6, 0xFC, 0xC6, 0xFC, 0xC6, 0xFC, 0xC6,
    0xFC, 0xC6, 0xFC, 0xC6, 0xFC, 0xC6, 0xFC, 0xC6, 0xFC, 0xC6, 0xFC, 0xC6, 0xFC, 0xC6, 0xFC, 0xC6,
    0xFC, 0xC6, 0xFC, 0xC6, 0xFC, 0xC6, 0xFC, 0xC6, 0xFC, 0xC6, 0xFC, 0xC6, 0xFC, 0xC6, 0xFC, 0xC6,
    0xFC, 0xC6, 0xFC, 0xC6, 0xFC, 0xC6, 0xFC, 0xC6, 0xFC, 0xBE, 0xFC, 0xBE, 0xFC, 0xBE, 0xFC, 0xBE,
    0xFC, 0xBE, 0xFC, 0xBE, 0xFC, 0xBE, 0xFC, 0xBE, 0xFC, 0xBE, 0xFC, 0xBE, 0xFC, 0xBE, 0xFC, 0xBE,
    0xFC, 0xBE, 0xFC, 0xBE, 0xFC, 0xBE, 0xFC, 0xBE, 0xFC, 0xBE, 0xFC, 0xBE, 0xFC, 0xBE, 0xFC, 0xBE,
    0xFC, 0xBE, 0xFC, 0xBE, 0xFC, 0xBE, 0xFC, 0xBE, 0xFC, 0xBE, 0xFC, 0xBE, 0xFC, 0xBE, 0xFC, 0xBE,
    0xFC, 0xBE, 0xFC, 0xBE, 0xFC, 0xBE, 0xFC, 0xBE, 0xFC, 0xBE, 0xFC, 0xBE, 0xFC, 0xBE, 0xFC, 0xBE,
    0xDC, 0xBE, 0xDC, 0xBE, 0xFC, 0xBE, 0xDC, 0xBE, 0xDC, 0xBE, 0xDC, 0xBE, 0xDC, 0xBE, 0xDC, 0xBE,
    0xDC, 0xBE, 0xDC, 0xBE, 0xDC, 0xBE, 0xDC, 0xBE, 0xFC, 0xBE, 0xFC, 0xBE, 0xFC, 0xBE, 0xFC, 0xBE,
    0xFC, 0xBE, 0xFC, 0xBE, 0xFC, 0xBE, 0xFC, 0xBE, 0xFC, 0xBE, 0xFC, 0xBE, 0xFC, 0xBE, 0xFC, 0xBE,
    0xFC, 0xBE, 0xFC, 0xBE, 0xDC, 0xBE, 0xDC, 0xBE, 0xDC, 0xBE, 0xDC, 0xBE, 0xDC, 0xBE, 0xDC, 0xBE,
    0xDC, 0xBE, 0xDC, 0xBE, 0xDC, 0xBE, 0xDC, 0xBE, 0xDC, 0xBE, 0xDC, 0xBE, 0xDC, 0xBE, 0xDC, 0xBE,
    0xDC, 0xBE, 0xDC, 0xBE, 0xFC, 0xBE, 0xFC, 0xBE, 0xFC, 0xBE, 0xFC, 0xBE, 0xDC, 0xBE, 0xDC, 0xBE,
    0xDC, 0xBE, 0xDC, 0xBE, 0xFC, 0xBE, 0xFC, 0xBE, 0xFC, 0xBE, 0xFC, 0xBE, 0xFC, 0xBE, 0xFC, 0xBE,
    0xFC, 0xBE, 0xDC, 0xBE, 0xDC, 0xBE, 0xDC, 0xBE, 0xDC, 0xBE, 0xDC, 0xBE, 0xDC, 0xBE, 0xDC, 0xBE,
    0xDC, 0xBE, 0xDC, 0xBE, 0xDC, 0xBE, 0xDC, 0xBE, 0xDC, 0xBE, 0xDC, 0xBE, 0xDC, 0xBE, 0xDC, 0xBE,
    0xDC, 0xBE, 0xDC, 0xBE, 0xDC, 0xBE, 0xDC, 0xBE, 0xDC, 0xBE, 0xDC, 0xB6, 0xDC, 0xB6, 0xDC, 0xB6,
    0xDC, 0xB6, 0xDC, 0xB6, 0xDC, 0xB6, 0xDC, 0xB6, 0xDC, 0xB6, 0xDC, 0xB6, 0xDC, 0xB6, 0xDC, 0xB6,
    0xDC, 0xB6, 0xDC, 0xB6, 0xDC, 0xB6, 0xDC, 0xB6, 0xDC, 0xB6, 0xDC, 0xB6, 0xDC, 0xB6, 0xDC, 0xB6,
    0xDC, 0xB6, 0xDC, 0xB6, 0xDC, 0xB6, 0xDC, 0xB6, 0xDC, 0xB6, 0xDC, 0xB6, 0xDC, 0xB6, 0xDC, 0xB6,
    0xDC, 0xB6, 0xDC, 0xB6, 0xDC, 0xB6, 0xDC, 0xB6, 0xDC, 0xB6, 0xDC, 0xB6, 0xDC, 0xB6, 0xDC, 0xB6,
    0xDC, 0xB6, 0xDC, 0xB6, 0xDC, 0xB6, 0xDC, 0xB6, 0xDC, 0xB6, 0xDC, 0xBE, 0xDC, 0xBE, 0xDC, 0xBE,
    0xDC, 0xBE, 0xDC, 0xB6, 0xDC, 0xB6, 0xDC, 0xB6, 0xDC, 0xB6, 0xDC, 0xB6, 0xDC, 0xB6, 0xDC, 0xB6,
    0xDC, 0xB6, 0xDC, 0xB6, 0xDC, 0xB6, 0xDC, 0xB6, 0xDC, 0xB6, 0xDC, 0xB6, 0xDC, 0xB6, 0xDC, 0xB6,
    0xDC, 0xB6, 0xDB, 0xB6, 0xDB, 0xB6, 0xDB, 0xB6, 0xDB, 0xB6, 0xDB, 0xB6, 0xBB, 0xB6, 0xDC, 0xB6,
    0xDC, 0xB6, 0xDC, 0xB6, 0xDC, 0xB6, 0xDB, 0xB6, 0xDB, 0xB6, 0xDB, 0xB6, 0xDB, 0xB6, 0xDB, 0xB6,
    0x1C, 0xCF, 0x1C, 0xCF, 0x1C, 0xCF, 0x1C, 0xCF, 0x1C, 0xCF, 0x1C, 0xCF, 0x1C, 0xCF, 0x1C, 0xCF,
    0x1C, 0xCF, 0x1C, 0xCF, 0x1C, 0xCF, 0x1C, 0xCF, 0xFC, 0xCE, 0x1B, 0xDF, 0x5C, 0xEF, 0x5B, 0xF7,
    0x3B, 0xEF, 0x1A, 0xEF, 0xFA, 0xE6, 0xDA, 0xE6, 0xD9, 0xE6, 0x99, 0xDE, 0x99, 0xDE, 0x99, 0xDE,
    0x99, 0xDE, 0x99, 0xDE, 0x79, 0xDE, 0x79, 0xD6, 0x99, 0xD6, 0x79, 0xD6, 0x79, 0xD6, 0x79, 0xD6,
    0x79, 0xCE, 0x79, 0xCE, 0x59, 0xCE, 0x59, 0xC6, 0x59, 0xC6, 0x39, 0xBE, 0x39, 0xB6, 0x39, 0xB6,
    0x19, 0xB6, 0x39, 0xB6, 0x39, 0xB6, 0x39, 0xB6, 0x39, 0xB6, 0x5A, 0xBE, 0x7A, 0xBE, 0xBB, 0xCE,
    0xFC, 0xCE, 0x1C, 0xC7, 0x1C, 0xC7, 0x1C, 0xCF, 0x1C, 0xCF, 0xFC, 0xCE, 0xFC, 0xCE, 0xFC, 0xCE,
    0xFC, 0xC6, 0xFC, 0xC6, 0xFC, 0xC6, 0xFC, 0xC6, 0xFC, 0xC6, 0xFC, 0xC6, 0xFC, 0xC6, 0xFC, 0xC6,
    0xFC, 0xC6, 0xFC, 0xC6, 0xFC, 0xC6, 0xFC, 0xC6, 0xFC, 0xC6, 0xFC, 0xC6, 0xFC, 0xC6, 0xFC, 0xC6,
    0xFC, 0xC6, 0xFC, 0xC6, 0xFC, 0xC6, 0xFC, 0xC6, 0xFC, 0xC6, 0xFC, 0xC6, 0xFC, 0xC6, 0xFC, 0xC6,
    0xFC, 0xC6, 0xFC, 0xC6, 0xFC, 0xC6, 0xFC, 0xC6, 0xFC, 0xC6, 0x1C, 0xC7, 0x1C, 0xC7, 0x1C, 0xC7,
    0x1C, 0xC7, 0x1C, 0xC7, 0x1C, 0xC7, 0x1C, 0xC7, 0x1C, 0xC7, 0x1C, 0xC7, 0x1C, 0xC7, 0x1C, 0xC7,
    0x1C, 0xC7, 0x1C, 0xC7, 0x1C, 0xC7, 0x1C, 0xC7, 0xFC, 0xC6, 0xFC, 0xC6, 0xFC, 0xC6, 0xFC, 0xC6,
    0xFC, 0xC6, 0x1C, 0xC7, 0x1C, 0xC7, 0x1C, 0xC7, 0x1C, 0xC7, 0x1C, 0xC7, 0xFC, 0xC6, 0xFC, 0xC6,
    0xFC, 0xC6, 0xFC, 0xC6, 0xFC, 0xC6, 0xFC, 0xC6, 0xFC, 0xC6, 0xFC, 0xC6, 0xFC, 0xC6, 0xFC, 0xC6,
    0xFC, 0xC6, 0xFC, 0xC6, 0xFC, 0xC6, 0xFC, 0xC6, 0xFC, 0xC6, 0xFC, 0xC6, 0xFC, 0xC6, 0xFC, 0xC6,
    0xFC, 0xC6, 0xFC, 0xC6, 0xFC, 0xC6, 0xFC, 0xC6, 0xFC, 0xC6, 0xFC, 0xBE, 0xFC, 0xBE, 0xFC, 0xBE,
    0xFC, 0xBE, 0xFC, 0xC6, 0xFC, 0xBE, 0xFC, 0xBE, 0xFC, 0xBE, 0xFC, 0xBE, 0xFC, 0xBE, 0xFC, 0xBE,
    0xFC, 0xBE, 0xFC, 0xBE, 0xFC, 0xBE, 0xFC, 0xBE, 0xFC, 0xBE, 0xFC, 0xBE, 0xFC, 0xBE, 0xFC, 0xBE,
    0xFC, 0xBE, 0xFC, 0xBE, 0xFC, 0xBE, 0xFC, 0xBE, 0xFC, 0xBE, 0xFC, 0xBE, 0xFC, 0xBE, 0xFC, 0xBE,
    0xFC, 0xBE, 0xFC, 0xBE, 0xFC, 0xBE, 0xFC, 0xBE, 0xFC, 0xBE, 0xFC, 0xBE, 0xFC, 0xBE, 0xFC, 0xBE,
    0xFC, 0xBE, 0xFC, 0xBE, 0xFC, 0xBE, 0xFC, 0xBE, 0xFC, 0xBE, 0xFC, 0xBE, 0xFC, 0xBE, 0xFC, 0xBE,
    0xFC, 0xBE, 0xFC, 0xBE, 0xFC, 0xBE, 0xFC, 0xBE, 0xFC, 0xBE, 0xFC, 0xBE, 0xFC, 0xBE, 0xFC, 0xBE,
    0xDC, 0xBE, 0xFC, 0xBE, 0xFC, 0xBE, 0xFC, 0xBE, 0xFC, 0xBE, 0xFC, 0xBE, 0xFC, 0xBE, 0xFC, 0xBE,
    0xFC, 0xBE, 0xFC, 0xBE, 0xDC, 0xBE, 0xFC, 0xBE, 0xDC, 0xBE, 0xDC, 0xBE, 0xDC, 0xBE, 0xDC, 0xBE,
    0xDC, 0xBE, 0xDC, 0xBE, 0xDC, 0xBE, 0xDC, 0xBE, 0xDC, 0xBE, 0xDC, 0xBE, 0xDC, 0xBE, 0xDC, 0xBE,
    0xDC, 0xBE, 0xDC, 0xBE, 0xFC, 0xBE, 0xFC, 0xBE, 0xFC, 0xBE, 0xFC, 0xBE, 0xFC, 0xBE, 0xDC, 0xBE,
    0xDC, 0xBE, 0xFC, 0xBE, 0xFB, 0xBE, 0xFB, 0xBE, 0xFC, 0xBE, 0xFC, 0xBE, 0xFC, 0xBE, 0xFC, 0xBE,
    0xFC, 0xBE, 0xFC, 0xBE, 0xFC, 0xBE, 0xFC, 0xBE, 0xFC, 0xBE, 0xFC, 0xBE, 0xFC, 0xBE, 0xFC, 0xBE,
    0xDC, 0xBE, 0xDC, 0xBE, 0xDC, 0xBE, 0xDC, 0xBE, 0xDC, 0xBE, 0xDC, 0xBE, 0xDC, 0xBE, 0xDC, 0xBE,
    0xDC, 0xBE, 0xDC, 0xBE, 0xDC, 0xBE, 0xDC, 0xBE, 0xDC, 0xBE, 0xDC, 0xBE, 0xDC, 0xBE, 0xDC, 0xBE,
    0xDC, 0xBE, 0xDC, 0xBE, 0xDC, 0xBE, 0xDC, 0xB6, 0xDC, 0xB6, 0xDC, 0xB6, 0xDC, 0xB6, 0xDC, 0xB6,
    0xDC, 0xB6, 0xDC, 0xB6, 0xDC, 0xB6, 0xDC, 0xB6, 0xDC, 0xB6, 0xDC, 0xB6, 0xDC, 0xB6, 0xDC, 0xB6,
    0xDC, 0xB6, 0xDC, 0xB6, 0xDC, 0xB6, 0xDC, 0xB6, 0xDC, 0xB6, 0xDC, 0xB6, 0xDC, 0xB6, 0xDC, 0xB6,
    0xDC, 0xB6, 0xDC, 0xB6, 0xDC, 0xB6, 0xDC, 0xB6, 0xDC, 0xB6, 0xDC, 0xB6, 0xDC, 0xB6, 0xDC, 0xB6,
    0xDC, 0xB6, 0xDC, 0xB6, 0xDC, 0xB6, 0xDC, 0xB6, 0xDC, 0xB6, 0xDC, 0xB6, 0xDC, 0xB6, 0xDC, 0xB6,
    0xDC, 0xB6, 0xDC, 0xB6, 0xDC, 0xB6, 0xDC, 0xB6, 0xDC, 0xB6, 0xDC, 0xB6, 0xDC, 0xB6, 0xDC, 0xB6,
    0xDC, 0xB6, 0xDC, 0xB6, 0xDC, 0xB6, 0xDC, 0xB6, 0xDC, 0xB6, 0xDC, 0xB6, 0xDC, 0xB6, 0xDC, 0xB6,
    0xDC, 0xB6, 0xDB, 0xB6, 0xDB, 0xB6, 0xDB, 0xB6, 0xDB, 0xB6, 0xDB, 0xB6, 0xDB, 0xB6, 0xDB, 0xB6,
    0xDB, 0xB6, 0xDB, 0xB6, 0xDB, 0xB6, 0xDB, 0xB6, 0xDC, 0xB6, 0xDC, 0xBE, 0xDC, 0xBE, 0xDC, 0xBE,
    0x1C, 0xCF, 0x1C, 0xCF, 0xFC, 0xCE, 0xFB, 0xCE, 0xFB, 0xCE, 0x1B, 0xD7, 0x1B, 0xD7, 0x1B, 0xD7,
    0x1C, 0xD7, 0x1C, 0xD7, 0xFB, 0xCE, 0xFB, 0xCE, 0x1C, 0xD7, 0x5C, 0xE7, 0x5B, 0xF7, 0x3B, 0xEF,
    0x1A, 0xEF, 0x1A, 0xEF, 0xDA, 0xE6, 0xB9, 0xDE, 0xB9, 0xDE, 0x99, 0xD6, 0x79, 0xD6, 0x78, 0xD6,
    0x58, 0xD6, 0x58, 0xD6, 0x79, 0xD6, 0x79, 0xDE, 0xB9, 0xDE, 0xB9, 0xDE, 0xB9, 0xDE, 0x99, 0xD6,
    0x79, 0xD6, 0x79, 0xCE, 0x59, 0xCE, 0x59, 0xC6, 0x59, 0xBE, 0x59, 0xBE, 0x59, 0xBE, 0x39, 0xB6,
    0x19, 0xB6, 0x19, 0xB6, 0x19, 0xB6, 0x39, 0xB6, 0x39, 0xB6, 0x5A, 0xB6, 0x5A, 0xBE, 0xBB, 0xC6,
    0xFC, 0xCE, 0xFC, 0xC6, 0x1C, 0xC7, 0x1C, 0xC7, 0xFC, 0xC6, 0xFC, 0xCE, 0xFC, 0xCE, 0x1C, 0xCF,
    0xFC, 0xC6, 0xFC, 0xC6, 0xFC, 0xC6, 0xFC, 0xC6, 0xFC, 0xC6, 0xFC, 0xC6, 0xFC, 0xC6, 0xFC, 0xC6,
    0xFC, 0xC6, 0xFC, 0xC6, 0xFC, 0xC6, 0xFC, 0xC6, 0xFC, 0xC6, 0xFC, 0xC6, 0xFC, 0xC6, 0xFC, 0xC6,
    0xFC, 0xC6, 0xFC, 0xC6, 0xFC, 0xC6, 0xFC, 0xC6, 0xFC, 0xC6, 0xFC, 0xC6, 0xFC, 0xC6, 0xFC, 0xC6,
    0xFC, 0xC6, 0xFC, 0xC6, 0xFC, 0xC6, 0xFC, 0xC6, 0xFC, 0xC6, 0x1C, 0xC7, 0x1C, 0xC7, 0x1C, 0xC7,
    0x1C, 0xC7, 0x1C, 0xC7, 0x1C, 0xC7, 0x1C, 0xC7, 0x1C, 0xC7, 0x1C, 0xC7, 0x1C, 0xC7, 0x1C, 0xC7,
    0x1C, 0xC7, 0x1C, 0xC7, 0x1C, 0xC7, 0x1C, 0xC7, 0xFC, 0xC6, 0xFC, 0xC6, 0xFC, 0xC6, 0xFC, 0xC6,
    0xFC, 0xC6, 0x1C, 0xC7, 0x1C, 0xC7, 0x1C, 0xC7, 0x1C, 0xC7, 0x1C, 0xC7, 0xFC, 0xC6, 0xFC, 0xC6,
    0xFC, 0xC6, 0xFC, 0xC6, 0xFC, 0xC6, 0xFC, 0xC6, 0xFC, 0xC6, 0xFC, 0xC6, 0xFC, 0xC6, 0xFC, 0xC6,
    0xFC, 0xC6, 0xFC, 0xC6, 0xFC, 0xC6, 0xFC, 0xC6, 0xFC, 0xC6, 0xFC, 0xC6, 0xFC, 0xC6, 0xFC, 0xC6,
    0xFC, 0xC6, 0xFC, 0xC6, 0xFC, 0xC6, 0xFC, 0xC6, 0xFC, 0xC6, 0xFC, 0xBE, 0xFC, 0xBE, 0xFC, 0xC6,
    0xFC, 0xC6, 0xFC, 0xC6, 0xFC, 0xC6, 0xFC, 0xC6, 0xFC, 0xC6, 0xFC, 0xC6, 0xFC, 0xBE, 0xFC, 0xBE,
    0xFC, 0xBE, 0xFC, 0xBE, 0xFC, 0xBE, 0xFC, 0xBE, 0xFC, 0xBE, 0xFC, 0xBE, 0xFC, 0xBE, 0xFC, 0xBE,
    0xFC, 0xBE, 0xFC, 0xBE, 0xFC, 0xBE, 0xFC, 0xBE, 0xFC, 0xBE, 0xFC, 0xBE, 0xFC, 0xBE, 0xFC, 0xBE,
    0xFC, 0xBE, 0xFC, 0xBE, 0xFC, 0xBE, 0xFC, 0xBE, 0xFC, 0xBE, 0xFC, 0xBE, 0xFC, 0xBE, 0xFC, 0xBE,
    0xFC, 0xBE, 0xFC, 0xBE, 0xFC, 0xBE, 0xFC, 0xBE, 0xFC, 0xBE, 0xFC, 0xBE, 0xFC, 0xBE, 0xFC, 0xBE,
    0xFC, 0xBE, 0xFC, 0xBE, 0xFC, 0xBE, 0xFC, 0xBE, 0xFC, 0xBE, 0xFC, 0xBE, 0xFC, 0xBE, 0xFC, 0xBE,
    0xDC, 0xBE, 0xFC, 0xBE, 0xFC, 0xBE, 0xFC, 0xBE, 0xFC, 0xBE, 0xFC, 0xBE, 0xFC, 0xBE, 0xFC, 0xBE,
    0xFC, 0xBE, 0xFC, 0xBE, 0xDC, 0xBE, 0xFC, 0xBE, 0xDC, 0xBE, 0xDC, 0xBE, 0xFC, 0xBE, 0xFC, 0xBE,
    0xFC, 0xBE, 0xFC, 0xBE, 0xFC, 0xBE, 0xDC, 0xBE, 0xDC, 0xBE, 0xFC, 0xBE, 0xFC, 0xBE, 0xDC, 0xBE,
    0xDC, 0xBE, 0xDC, 0xBE, 0xFC, 0xBE, 0xFC, 0xBE, 0xDC, 0xBE, 0xDC, 0xBE, 0xDC, 0xBE, 0xDB, 0xBE,
    0xDB, 0xBE, 0xDB, 0xBE, 0xFB, 0xBE, 0xFB, 0xBE, 0xDB, 0xBE, 0xDB, 0xBE, 0xDB, 0xBE, 0xDC, 0xBE,
    0xDC, 0xBE, 0xFB, 0xBE, 0xFB, 0xBE, 0xFB, 0xBE, 0xFB, 0xBE, 0xFB, 0xBE, 0xDC, 0xBE, 0xDC, 0xBE,
    0xDC, 0xBE, 0xDC, 0xBE, 0xDC, 0xBE, 0xDC, 0xBE, 0xDC, 0xBE, 0xDC, 0xBE, 0xDC, 0xBE, 0xDC, 0xBE,
    0xDC, 0xBE, 0xDC, 0xBE, 0xDC, 0xBE, 0xDC, 0xBE, 0xDC, 0xBE, 0xDC, 0xBE, 0xDC, 0xBE, 0xDC, 0xBE,
    0xFC, 0xBE, 0xFC, 0xBE, 0xDC, 0xBE, 0xDC, 0xB6, 0xDC, 0xB6, 0xDC, 0xB6, 0xDC, 0xB6, 0xDC, 0xB6,
    0xDC, 0xB6, 0xDC, 0xB6, 0xDC, 0xB6, 0xDC, 0xB6, 0xDC, 0xB6, 0xDC, 0xB6, 0xDC, 0xB6, 0xDC, 0xB6,
    0xDC, 0xB6, 0xDC, 0xB6, 0xDC, 0xB6, 0xDC, 0xB6, 0xDC, 0xB6, 0xDC, 0xB6, 0xDC, 0xBE, 0xDC, 0xBE,
    0xDC, 0xBE, 0xDC, 0xBE, 0xDC, 0xBE, 0xDC, 0xB6, 0xDC, 0xB6, 0xDC, 0xB6, 0xDC, 0xB6, 0xDC, 0xB6,
    0xDC, 0xB6, 0xDC, 0xB6, 0xDC, 0xB6, 0xDC, 0xB6, 0xDC, 0xB6, 0xDC, 0xB6, 0xDC, 0xB6, 0xDC, 0xB6,
    0xDC, 0xB6, 0xDC, 0xB6, 0xDC, 0xBE, 0xDC, 0xBE, 0xDC, 0xB6, 0xDC, 0xB6, 0xDC, 0xB6, 0xDC, 0xB6,
    0xDC, 0xB6, 0xDC, 0xB6, 0xDC, 0xB6, 0xDC, 0xB6, 0xDC, 0xB6, 0xDC, 0xB6, 0xDC, 0xB6, 0xDC, 0xB6,
    0xDC, 0xB6, 0xDB, 0xB6, 0xDB, 0xB6, 0xDB, 0xB6, 0xDB, 0xB6, 0xDB, 0xB6, 0xDB, 0xB6, 0xDB, 0xB6,
    0xDB, 0xB6, 0xDB, 0xB6, 0xDB, 0xB6, 0xDC, 0xB6, 0xDC, 0xB6, 0xDC, 0xBE, 0xDC, 0xBE, 0xDC, 0xBE,
    0x1B, 0xCF, 0xFB, 0xCE, 0xFB, 0xCE, 0x1B, 0xD7, 0x3C, 0xDF, 0x3C, 0xE7, 0x5C, 0xEF, 0x5C, 0xEF,
    0x5C, 0xEF, 0x5C, 0xE7, 0x1B, 0xDF, 0xFB, 0xD6, 0x1B, 0xE7, 0x5C, 0xEF, 0x3B, 0xF7, 0x3A, 0xEF,
    0x1A, 0xEF, 0xFA, 0xE6, 0xDA, 0xE6, 0x99, 0xDE, 0x79, 0xDE, 0x78, 0xD6, 0x58, 0xCE, 0x58, 0xD6,
    0x58, 0xD6, 0x78, 0xD6, 0x78, 0xD6, 0x99, 0xDE, 0xBA, 0xE6, 0xDA, 0xE6, 0xB9, 0xDE, 0x99, 0xDE,
    0x99, 0xD6, 0x79, 0xCE, 0x59, 0xC6, 0x39, 0xC6, 0x59, 0xBE, 0x39, 0xBE, 0x39, 0xB6, 0x39, 0xB6,
    0x39, 0xB6, 0x19, 0xB6, 0x19, 0xB6, 0x39, 0xB6, 0x39, 0xB6, 0x59, 0xB6, 0x5A, 0xBE, 0x9A, 0xC6,
    0xFC, 0xCE, 0xFC, 0xCE, 0xFC, 0xCE, 0xFC, 0xC6, 0xFC, 0xC6, 0x1C, 0xC7, 0x1C, 0xC7, 0x1C, 0xCF,
    0x1C, 0xCF, 0x1C, 0xCF, 0x1C, 0xCF, 0x1C, 0xCF, 0xFC, 0xC6, 0xFC, 0xC6, 0xFC, 0xC6, 0xFC, 0xC6,
    0xFC, 0xC6, 0xFC, 0xC6, 0xFC, 0xC6, 0xFC, 0xC6, 0xFC, 0xC6, 0xFC, 0xC6, 0xFC, 0xC6, 0xFC, 0xC6,
    0xFC, 0xC6, 0xFC, 0xC6, 0xFC, 0xC6, 0xFC, 0xC6, 0xFC, 0xC6, 0xFC, 0xC6, 0xFC, 0xC6, 0xFC, 0xC6,
    0xFC, 0xC6, 0xFC, 0xC6, 0xFC, 0xC6, 0xFC, 0xC6, 0xFC, 0xC6, 0xFC, 0xC6, 0xFC, 0xC6, 0xFC, 0xC6,
    0xFC, 0xC6, 0xFC, 0xC6, 0xFC, 0xC6, 0xFC, 0xC6, 0xFC, 0xC6, 0xFC, 0xC6, 0xFC, 0xC6, 0x1C, 0xC7,
    0x1C, 0xC7, 0x1C, 0xC7, 0x1C, 0xC7, 0x1C, 0xC7, 0x1C, 0xC7, 0x1C, 0xC7, 0x1C, 0xC7, 0x1C, 0xC7,
    0x1C, 0xC7, 0x1C, 0xC7, 0x1C, 0xC7, 0x1C, 0xC7, 0x1C, 0xC7, 0x1C, 0xC7, 0xFC, 0xC6, 0xFC, 0xC6,
    0xFC, 0xC6, 0xFC, 0xC6, 0xFC, 0xC6, 0xFC, 0xC6, 0xFC, 0xC6, 0xFC, 0xC6, 0xFC, 0xC6, 0xFC, 0xC6,
    0xFC, 0xC6, 0xFC, 0xC6, 0xFC, 0xC6, 0xFC, 0xC6, 0xFC, 0xC6, 0xFC, 0xC6, 0xFC, 0xC6, 0xFC, 0xC6,
    0xFC, 0xC6, 0xFC, 0xC6, 0xFC, 0xC6, 0xFC, 0xC6, 0xFC, 0xC6, 0xFC, 0xC6, 0xFC, 0xC6, 0xFC, 0xC6,
    0xFC, 0xC6, 0xFC, 0xC6, 0xFC, 0xC6, 0xFC, 0xC6, 0xFC, 0xC6, 0xFC, 0xC6, 0xFC, 0xBE, 0xFC, 0xBE,
    0xFC, 0xBE, 0xFC, 0xBE, 0xFC, 0xBE, 0xFC, 0xBE, 0xFC, 0xBE, 0xFC, 0xBE, 0xFC, 0xC6, 0xFC, 0xBE,
    0xFC, 0xBE, 0xFC, 0xBE, 0xFC, 0xBE, 0xFC, 0xBE, 0xFC, 0xBE, 0xFC, 0xBE, 0xFC, 0xBE, 0xFC, 0xBE,
    0xFC, 0xBE, 0xFC, 0xBE, 0xFC, 0xBE, 0xFC, 0xBE, 0xFC, 0xBE, 0xFC, 0xBE, 0xFC, 0xBE, 0xFC, 0xBE,
    0xFC, 0xBE, 0xFC, 0xBE, 0xFC, 0xBE, 0xFC, 0xBE, 0xFC, 0xBE, 0xFC, 0xBE, 0xFC, 0xBE, 0xFC, 0xBE,
    0xFC, 0xBE, 0xFC, 0xBE, 0xFC, 0xBE, 0xFC, 0xBE, 0xFC, 0xBE, 0xFC, 0xBE, 0xFC, 0xBE, 0xFC, 0xBE,
    0xDC, 0xBE, 0xFC, 0xBE, 0xDC, 0xBE, 0xDC, 0xBE, 0xFC, 0xBE, 0xFC, 0xBE, 0xFC, 0xBE, 0xFC, 0xBE,
    0xFC, 0xBE, 0xFC, 0xBE, 0xFC, 0xBE, 0xFC, 0xBE, 0xFC, 0xBE, 0xFC, 0xBE, 0xFC, 0xBE, 0xFC, 0xBE,
    0xFC, 0xBE, 0xFC, 0xBE, 0xFC, 0xBE, 0xFC, 0xBE, 0xDC, 0xBE, 0xDC, 0xBE, 0xDC, 0xBE, 0xDC, 0xBE,
    0xFC, 0xBE, 0xFC, 0xBE, 0xFB, 0xBE, 0xFB, 0xBE, 0xDC, 0xBE, 0xDC, 0xBE, 0xDC, 0xBE, 0xFB, 0xBE,
    0xFB, 0xBE, 0xFB, 0xBE, 0xFB, 0xBE, 0xFB, 0xBE, 0xDC, 0xBE, 0xDC, 0xBE, 0xDB, 0xBE, 0xDB, 0xBE,
    0xDB, 0xBE, 0xFB, 0xBE, 0xFB, 0xBE, 0xFB, 0xBE, 0xDB, 0xBE, 0xDB, 0xBE, 0xDB, 0xBE, 0xDB, 0xBE,
    0xDB, 0xBE, 0xDC, 0xBE, 0xDC, 0xBE, 0xDC, 0xBE, 0xDC, 0xBE, 0xDC, 0xBE, 0xDC, 0xBE, 0xDC, 0xBE,
    0xFC, 0xBE, 0xFC, 0xBE, 0xFC, 0xBE, 0xFC, 0xBE, 0xFC, 0xBE, 0xDC, 0xBE, 0xDC, 0xBE, 0xDC, 0xBE,
    0xDC, 0xBE, 0xDC, 0xBE, 0xDC, 0xB6, 0xDC, 0xB6, 0xDC, 0xB6, 0xDC, 0xB6, 0xDC, 0xB6, 0xDC, 0xB6,
    0xDC, 0xB6, 0xDC, 0xB6, 0xDC, 0xB6, 0xDC, 0xB6, 0xDC, 0xB6, 0xDC, 0xB6, 0xDC, 0xB6, 0xDC, 0xB6,
    0xDC, 0xBE, 0xDC, 0xB6, 0xDC, 0xB6, 0xDC, 0xBE, 0xDC, 0xB6, 0xDC, 0xB6, 0xDC, 0xBE, 0xDC, 0xBE,
    0xDC, 0xBE, 0xDC, 0xBE, 0xDC, 0xB6, 0xDC, 0xB6, 0xDC, 0xB6, 0xDC, 0xBE, 0xDC, 0xB6, 0xDC, 0xB6,
    0xDC, 0xB6, 0xDC, 0xB6, 0xDC, 0xB6, 0xDC, 0xB6, 0xDC, 0xB6, 0xDC, 0xBE, 0xDB, 0xBE, 0xDB, 0xB6,
    0xDC, 0xBE, 0xDC, 0xBE, 0xDB, 0xBE, 0xDB, 0xBE, 0xDB, 0xBE, 0xDB, 0xBE, 0xDB, 0xBE, 0xDC, 0xBE,
    0xDB, 0xB6, 0xDB, 0xB6, 0xDB, 0xB6, 0xDB, 0xB6, 0xDB, 0xB6, 0xDB, 0xB6, 0xDB, 0xB6, 0xDC, 0xBE,
    0xDC, 0xBE, 0xDB, 0xB6, 0xDB, 0xB6, 0xDB, 0xB6, 0xDB, 0xB6, 0xDB, 0xB6, 0xDB, 0xB6, 0xDB, 0xB6,
    0xDB, 0xB6, 0xDB, 0xB6, 0xDB, 0xB6, 0xDC, 0xB6, 0xDC, 0xB6, 0xDC, 0xBE, 0xDC, 0xBE, 0xDC, 0xBE,
    0x1B, 0xD7, 0x1B, 0xD7, 0x1C, 0xD7, 0x3C, 0xE7, 0x5C, 0xEF, 0x5C, 0xEF, 0x5B, 0xEF, 0x5B, 0xEF,
    0x5B, 0xEF, 0x5B, 0xEF, 0x5C, 0xEF, 0x3C, 0xEF, 0x3C, 0xEF, 0x5C, 0xEF, 0x3B, 0xEF, 0x1A, 0xEF,
    0xFA, 0xE6, 0xFA, 0xE6, 0xB9, 0xDE, 0x99, 0xDE, 0x58, 0xD6, 0x58, 0xD6, 0x58, 0xCE, 0x58, 0xD6,
    0x99, 0xDE, 0x99, 0xDE, 0x99, 0xDE, 0xB9, 0xDE, 0xBA, 0xE6, 0x99, 0xDE, 0x99, 0xDE, 0x79, 0xD6,
    0x59, 0xCE, 0x39, 0xC6, 0x18, 0xBE, 0x18, 0xBE, 0x19, 0xBE, 0x19, 0xB6, 0x19, 0xB6, 0x19, 0xB6,
    0x39, 0xB6, 0x39, 0xB6, 0x19, 0xB6, 0x19, 0xB6, 0x39, 0xB6, 0x39, 0xB6, 0x59, 0xB6, 0x9A, 0xC6,
    0x1C, 0xDF, 0x1C, 0xDF, 0x1B, 0xD7, 0x1C, 0xD7, 0xFC, 0xCE, 0xFC, 0xCE, 0x1C, 0xCF, 0x1C, 0xCF,
    0x1C, 0xCF, 0x1C, 0xCF, 0x1C, 0xCF, 0x1C, 0xCF, 0xFC, 0xC6, 0xFC, 0xC6, 0xFC, 0xC6, 0xFC, 0xC6,
    0x1C, 0xCF, 0xFC, 0xC6, 0xFC, 0xC6, 0x1C, 0xC7, 0xFC, 0xC6, 0xFC, 0xC6, 0xFC, 0xC6, 0xFC, 0xC6,
    0xFC, 0xC6, 0xFC, 0xC6, 0xFC, 0xC6, 0xFC, 0xC6, 0xFC, 0xC6, 0xFC, 0xC6, 0xFC, 0xC6, 0xFC, 0xC6,
    0xFC, 0xC6, 0xFC, 0xC6, 0xFC, 0xC6, 0xFC, 0xC6, 0xFC, 0xC6, 0xFC, 0xC6, 0xFC, 0xC6, 0xFC, 0xC6,
    0xFC, 0xC6, 0xFC, 0xC6, 0xFC, 0xC6, 0xFC, 0xC6, 0xFC, 0xC6, 0xFC, 0xC6, 0xFC, 0xC6, 0x1C, 0xC7,
    0x1C, 0xC7, 0x1C, 0xC7, 0x1C, 0xC7, 0x1C, 0xC7, 0x1C, 0xC7, 0x1C, 0xC7, 0x1C, 0xC7, 0x1C, 0xC7,
    0x1C, 0xC7, 0x1C, 0xC7, 0x1C, 0xC7, 0x1C, 0xC7, 0xFC, 0xC6, 0xFC, 0xC6, 0xFC, 0xC6, 0xFC, 0xC6,
    0xFC, 0xC6, 0xFC, 0xC6, 0xFC, 0xC6, 0xFC, 0xC6, 0xFC, 0xC6, 0xFC, 0xC6, 0xFC, 0xC6, 0xFC, 0xC6,
    0xFC, 0xC6, 0xFC, 0xC6, 0xFC, 0xC6, 0xFC, 0xC6, 0xFC, 0xC6, 0xFC, 0xC6, 0xFC, 0xC6, 0xFC, 0xC6,
    0xFC, 0xC6, 0xFC, 0xC6, 0xFC, 0xC6, 0xFC, 0xC6, 0xFC, 0xC6, 0xFC, 0xC6, 0xFC, 0xC6, 0xFC, 0xC6,
    0xFC, 0xC6, 0xFC, 0xC6, 0xFC, 0xC6, 0xFC, 0xC6, 0xFC, 0xC6, 0xFC, 0xC6, 0xFC, 0xC6, 0xFC, 0xC6,
    0xFC, 0xBE, 0xFC, 0xBE, 0xFC, 0xBE, 0xFC, 0xBE, 0xFC, 0xBE, 0xFC, 0xC6, 0xFC, 0xC6, 0xFC, 0xBE,
    0xFC, 0xBE, 0xFC, 0xBE, 0xFC, 0xBE, 0xFC, 0xBE, 0xFC, 0xBE, 0xFC, 0xBE, 0xFC, 0xBE, 0xDC, 0xBE,
    0xFC, 0xBE, 0xFC, 0xBE, 0xFC, 0xBE, 0xFC, 0xBE, 0xFC, 0xBE, 0xFC, 0xBE, 0xFC, 0xBE, 0xFC, 0xBE,
    0xFC, 0xBE, 0xFC, 0xBE, 0xFC, 0xBE, 0xFC, 0xBE, 0xFC, 0xBE, 0xFC, 0xBE, 0xFC, 0xBE, 0xFC, 0xBE,
    0xFC, 0xBE, 0xFC, 0xBE, 0xFC, 0xBE, 0xFC, 0xBE, 0xFC, 0xBE, 0xFC, 0xBE, 0xFC, 0xBE, 0xFC, 0xBE,
    0xDC, 0xBE, 0xFC, 0xBE, 0xFC, 0xBE, 0xDC, 0xBE, 0xFC, 0xBE, 0xFC, 0xBE, 0xFC, 0xBE, 0xFC, 0xBE,
    0xFC, 0xBE, 0xFC, 0xBE, 0xFC, 0xBE, 0xFC, 0xBE, 0xFC, 0xBE, 0xFC, 0xBE, 0xFC, 0xBE, 0xFC, 0xBE,
    0xFC, 0xBE, 0xFC, 0xBE, 0xFC, 0xBE, 0xFC, 0xBE, 0xFC, 0xBE, 0xFC, 0xBE, 0xFC, 0xBE, 0xFC, 0xBE,
    0xFC, 0xBE, 0xFC, 0xBE, 0xFB, 0xBE, 0xFB, 0xBE, 0xFC, 0xBE, 0xFC, 0xBE, 0xFC, 0xBE, 0xDC, 0xBE,
    0xFC, 0xBE, 0xFC, 0xBE, 0xFC, 0xBE, 0xFC, 0xBE, 0xDC, 0xBE, 0xDC, 0xBE, 0xDC, 0xBE, 0xDB, 0xBE,
    0xDB, 0xBE, 0xDC, 0xBE, 0xDC, 0xBE, 0xDC, 0xBE, 0xDC, 0xBE, 0xDB, 0xBE, 0xFB, 0xBE, 0xFB, 0xBE,
    0xFB, 0xBE, 0xFB, 0xBE, 0xDB, 0xBE, 0xDC, 0xBE, 0xDC, 0xBE, 0xDC, 0xBE, 0xDC, 0xBE, 0xDC, 0xBE,
    0xFC, 0xBE, 0xFC, 0xBE, 0xFC, 0xBE, 0xFC, 0xBE, 0xFC, 0xBE, 0xFC, 0xBE, 0xDC, 0xBE, 0xDC, 0xBE,
    0xDB, 0xBE, 0xDB, 0xBE, 0xDC, 0xBE, 0xDC, 0xBE, 0xDC, 0xBE, 0xDC, 0xBE, 0xDC, 0xBE, 0xDC, 0xBE,
    0xDC, 0xBE, 0xDC, 0xB6, 0xDC, 0xB6, 0xDC, 0xBE, 0xDC, 0xB6, 0xDC, 0xBE, 0xDC, 0xBE, 0xDC, 0xBE,
    0xFC, 0xBE, 0xDC, 0xBE, 0xDC, 0xBE, 0xDC, 0xBE, 0xDC, 0xBE, 0xDC, 0xBE, 0xDC, 0xB6, 0xDC, 0xBE,
    0xDC, 0xB6, 0xDC, 0xB6, 0xDC, 0xB6, 0xDC, 0xB6, 0xDC, 0xB6, 0xDC, 0xBE, 0xDC, 0xB6, 0xDC, 0xB6,
    0xDC, 0xB6, 0xDC, 0xB6, 0xDC, 0xB6, 0xDC, 0xB6, 0xDC, 0xBE, 0xFB, 0xB6, 0xFB, 0xB6, 0xDB, 0xB6,
    0xDB, 0xB6, 0xFB, 0xB6, 0xDB, 0xBE, 0xDB, 0xBE, 0xDB, 0xBE, 0xDB, 0xBE, 0xDB, 0xBE, 0xDB, 0xBE,
    0xDB, 0xB6, 0xDB, 0xB6, 0xDB, 0xB6, 0xDB, 0xB6, 0xDB, 0xBE, 0xDB, 0xBE, 0xDB, 0xBE, 0xDB, 0xBE,
    0xDB, 0xBE, 0xDB, 0xB6, 0xDB, 0xB6, 0xDB, 0xB6, 0xDB, 0xB6, 0xDB, 0xB6, 0xDB, 0xB6, 0xDB, 0xB6,
    0xDB, 0xB6, 0xDB, 0xB6, 0xDB, 0xB6, 0xDC, 0xB6, 0xDC, 0xB6, 0xDC, 0xBE, 0xDC, 0xBE, 0xDC, 0xBE,
    0x5C, 0xEF, 0x3C, 0xE7, 0x5C, 0xEF, 0x5C, 0xEF, 0x5C, 0xF7, 0x5B, 0xEF, 0x3B, 0xEF, 0x1B, 0xEF,
    0x1B, 0xEF, 0x1B, 0xE7, 0x1B, 0xEF, 0x3B, 0xEF, 0x5B, 0xEF, 0x3B, 0xEF, 0x1A, 0xEF, 0x1A, 0xE7,
    0xF9, 0xE6, 0xD9, 0xE6, 0x99, 0xDE, 0x78, 0xD6, 0x58, 0xCE, 0x38, 0xCE, 0x38, 0xCE, 0x99, 0xD6,
    0xB9, 0xDE, 0xB9, 0xDE, 0xB9, 0xDE, 0xB9, 0xDE, 0x99, 0xDE, 0x99, 0xDE, 0x79, 0xD6, 0x59, 0xCE,
    0x38, 0xC6, 0x18, 0xBE, 0xF8, 0xBD, 0xF8, 0xB5, 0x18, 0xB6, 0x18, 0xB6, 0x18, 0xB6, 0x19, 0xAE,
    0x19, 0xAE, 0x39, 0xB6, 0x59, 0xB6, 0x19, 0xB6, 0x19, 0xAE, 0x39, 0xB6, 0x59, 0xB6, 0x7A, 0xBE,
    0xFB, 0xD6, 0x1B, 0xDF, 0xFB, 0xDE, 0x1B, 0xE7, 0x1B, 0xDF, 0x1C, 0xD7, 0xFC, 0xCE, 0x1C, 0xC7,
    0x1C, 0xCF, 0x1C, 0xCF, 0x1C, 0xCF, 0x1C, 0xC7, 0x1C, 0xCF, 0x1C, 0xCF, 0x1C, 0xCF, 0x1C, 0xCF,
    0x1C, 0xCF, 0xFC, 0xC6, 0xFC, 0xC6, 0xFC, 0xC6, 0xFC, 0xC6, 0xFC, 0xC6, 0xFC, 0xC6, 0xFC, 0xC6,
    0xFC, 0xC6, 0xFC, 0xC6, 0xFC, 0xC6, 0xFC, 0xC6, 0xFC, 0xC6, 0xFC, 0xC6, 0xFC, 0xC6, 0xFC, 0xC6,
    0xFC, 0xC6, 0xFC, 0xC6, 0xFC, 0xC6, 0xFC, 0xC6, 0xFC, 0xC6, 0xFC, 0xC6, 0xFC, 0xC6, 0xFC, 0xC6,
    0xFC, 0xC6, 0xFC, 0xC6, 0xFC, 0xC6, 0xFC, 0xC6, 0xFC, 0xC6, 0xFC, 0xC6, 0xFC, 0xC6, 0xFC, 0xC6,
    0x1C, 0xC7, 0xFC, 0xC6, 0xFC, 0xC6, 0x1C, 0xC7, 0x1C, 0xC7, 0x1C, 0xC7, 0x1C, 0xC7, 0x1C, 0xC7,
    0x1C, 0xC7, 0xFC, 0xC6, 0xFC, 0xC6, 0x1C, 0xC7, 0xFC, 0xC6, 0xFC, 0xC6, 0xFC, 0xC6, 0xFC, 0xC6,
    0xFC, 0xC6, 0xFC, 0xC6, 0xFC, 0xC6, 0xFC, 0xC6, 0xFC, 0xC6, 0xFC, 0xC6, 0xFC, 0xC6, 0xFC, 0xC6,
    0xFC, 0xC6, 0xFC, 0xC6, 0xFC, 0xC6, 0xFC, 0xC6, 0xFC, 0xC6, 0xFC, 0xC6, 0xFC, 0xC6, 0xFC, 0xC6,
    0xFC, 0xC6, 0xFC, 0xC6, 0xFC, 0xC6, 0xFC, 0xC6, 0xFC, 0xC6, 0xFC, 0xC6, 0xFC, 0xC6, 0xFC, 0xC6,
    0xFC, 0xC6, 0xFC, 0xC6, 0xFC, 0xC6, 0xFC, 0xC6, 0xFC, 0xC6, 0xFC, 0xC6, 0xFC, 0xC6, 0xFC, 0xC6,
    0xFC, 0xC6, 0xFC, 0xC6, 0xFC, 0xC6, 0xFC, 0xC6, 0xFC, 0xC6, 0xFC, 0xC6, 0xFC, 0xC6, 0xFC, 0xC6,
    0xFC, 0xBE, 0xFC, 0xBE, 0xFC, 0xBE, 0xFC, 0xBE, 0xFC, 0xBE, 0xFB, 0xBE, 0xFC, 0xC6, 0x1C, 0xC7,
    0x1C, 0xC7, 0xDB, 0xBE, 0xFC, 0xBE, 0xFC, 0xBE, 0xFC, 0xBE, 0xFC, 0xBE, 0xFC, 0xBE, 0xFC, 0xBE,
    0xFC, 0xBE, 0xFC, 0xBE, 0xFC, 0xBE, 0xFC, 0xBE, 0xFC, 0xBE, 0xFC, 0xBE, 0xFC, 0xBE, 0xFB, 0xBE,
    0xFB, 0xBE, 0xFB, 0xBE, 0xFC, 0xBE, 0xFC, 0xBE, 0xFC, 0xBE, 0xFC, 0xBE, 0xFC, 0xBE, 0xFC, 0xBE,
    0xFC, 0xBE, 0xFC, 0xBE, 0xFC, 0xBE, 0xFC, 0xBE, 0xFC, 0xBE, 0xFC, 0xBE, 0xFC, 0xBE, 0xFC, 0xBE,
    0xFC, 0xBE, 0xDC, 0xBE, 0xDC, 0xBE, 0xFC, 0xBE, 0xFC, 0xBE, 0xFC, 0xBE, 0xFC, 0xBE, 0xFC, 0xBE,
    0xFC, 0xBE, 0xFC, 0xBE, 0xFC, 0xBE, 0xFC, 0xBE, 0xFC, 0xBE, 0xDC, 0xBE, 0xDC, 0xBE, 0xFC, 0xBE,
    0xFC, 0xBE, 0xFC, 0xBE, 0xFC, 0xBE, 0xFC, 0xBE, 0xFC, 0xBE, 0xFC, 0xBE, 0xDC, 0xBE, 0xFC, 0xBE,
    0xFC, 0xBE, 0xFC, 0xBE, 0xFC, 0xBE, 0xFC, 0xBE, 0xFC, 0xBE, 0xDC, 0xBE, 0xDC, 0xBE, 0xDC, 0xBE,
    0xDC, 0xBE, 0xDC, 0xBE, 0xDC, 0xBE, 0xDC, 0xBE, 0xDC, 0xBE, 0xDC, 0xBE, 0xDB, 0xBE, 0xDB, 0xBE,
    0xDC, 0xBE, 0xDC, 0xBE, 0xDC, 0xBE, 0xDB, 0xBE, 0xDB, 0xBE, 0xDB, 0xBE, 0xDC, 0xBE, 0xDB, 0xBE,
    0xDC, 0xBE, 0xDC, 0xBE, 0xDC, 0xBE, 0xDC, 0xBE, 0xDB, 0xBE, 0xDC, 0xBE, 0xDB, 0xBE, 0xDB, 0xBE,
    0xDB, 0xBE, 0xDB, 0xBE, 0xDC, 0xBE, 0xDC, 0xBE, 0xDC, 0xBE, 0xDC, 0xBE, 0xDC, 0xBE, 0xDC, 0xBE,
    0xDC, 0xBE, 0xDC, 0xBE, 0xDC, 0xBE, 0xDC, 0xBE, 0xDB, 0xBE, 0xDB, 0xBE, 0xDB, 0xBE, 0xDB, 0xBE,
    0xDC, 0xBE, 0xDC, 0xBE, 0xDC, 0xBE, 0xDC, 0xBE, 0xDC, 0xBE, 0xDC, 0xBE, 0xDC, 0xBE, 0xDC, 0xBE,
    0xDC, 0xBE, 0xDC, 0xB6, 0xDC, 0xBE, 0xDC, 0xBE, 0xDB, 0xBE, 0xDB, 0xB6, 0xDB, 0xB6, 0xDB, 0xB6,
    0xDB, 0xB6, 0xDB, 0xB6, 0xDB, 0xB6, 0xDB, 0xBE, 0xDB, 0xBE, 0xFB, 0xB6, 0xDB, 0xB6, 0xDB, 0xB6,
    0xDB, 0xB6, 0xFB, 0xB6, 0xDB, 0xBE, 0xDB, 0xBE, 0xDB, 0xBE, 0xDB, 0xBE, 0xDB, 0xBE, 0xDB, 0xBE,
    0xDB, 0xBE, 0xDB, 0xBE, 0xDB, 0xBE, 0xDB, 0xBE, 0xDB, 0xB6, 0xDB, 0xB6, 0xDB, 0xBE, 0xDB, 0xBE,
    0xDB, 0xBE, 0xDB, 0xBE, 0xDB, 0xBE, 0xDB, 0xBE, 0xDB, 0xBE, 0xDB, 0xBE, 0xDB, 0xBE, 0xDB, 0xBE,
    0xDB, 0xBE, 0xDB, 0xBE, 0xDB, 0xBE, 0xDC, 0xBE, 0xDC, 0xBE, 0xDC, 0xBE, 0xDC, 0xBE, 0xDC, 0xBE,
    0x5C, 0xEF, 0x5B, 0xEF, 0x5B, 0xEF, 0x5B, 0xEF, 0x5B, 0xEF, 0x3B, 0xEF, 0x3B, 0xEF, 0x1B, 0xEF,
    0xFA, 0xE6, 0xDA, 0xE6, 0xDA, 0xE6, 0xDA, 0xE6, 0xFA, 0xE6, 0x1A, 0xEF, 0x1A, 0xEF, 0xFA, 0xE6,
    0xD9, 0xE6, 0xB9, 0xE6, 0x98, 0xDE, 0x58, 0xD6, 0x37, 0xCE, 0x17, 0xC6, 0x58, 0xCE, 0xB9, 0xDE,
    0xB9, 0xDE, 0x99, 0xDE, 0x99, 0xDE, 0x99, 0xDE, 0x78, 0xD6, 0x79, 0xD6, 0x58, 0xCE, 0x18, 0xC6,
    0xF8, 0xBD, 0xF8, 0xBD, 0xF8, 0xBD, 0xF8, 0xB5, 0xF8, 0xB5, 0xF8, 0xB5, 0xF8, 0xB5, 0xF8, 0xAD,
    0x19, 0xAE, 0x19, 0xAE, 0x39, 0xB6, 0x39, 0xB6, 0x18, 0xAE, 0x18, 0xAE, 0x39, 0xB6, 0x5A, 0xBE,
    0x9A, 0xC6, 0xBB, 0xD6, 0xDB, 0xDE, 0xDB, 0xDE, 0xFB, 0xDE, 0x1B, 0xDF, 0x1C, 0xD7, 0x1C, 0xCF,
    0x1C, 0xCF, 0x1C, 0xCF, 0x1C, 0xCF, 0x1C, 0xC7, 0x1C, 0xCF, 0x1C, 0xCF, 0x1C, 0xCF, 0x1C, 0xCF,
    0x1C, 0xCF, 0xFC, 0xC6, 0xFC, 0xC6, 0x1C, 0xCF, 0x1C, 0xCF, 0x1C, 0xCF, 0x1C, 0xCF, 0x1C, 0xCF,
    0x1C, 0xCF, 0x1C, 0xCF, 0x1C, 0xC7, 0xFC, 0xC6, 0xFC, 0xC6, 0xFC, 0xC6, 0xFC, 0xC6, 0xFC, 0xC6,
    0xFC, 0xC6, 0xFC, 0xC6, 0xFC, 0xC6, 0xFC, 0xC6, 0xFC, 0xC6, 0xFC, 0xC6, 0xFC, 0xC6, 0xFC, 0xC6,
    0xFC, 0xC6, 0xFC, 0xC6, 0xFC, 0xC6, 0xFC, 0xC6, 0xFC, 0xC6, 0xFC, 0xC6, 0xFC, 0xC6, 0xFC, 0xC6,
    0xFC, 0xC6, 0xFC, 0xC6, 0xFC, 0xC6, 0xFC, 0xC6, 0x1C, 0xC7, 0x1C, 0xC7, 0x1C, 0xC7, 0x1C, 0xC7,
    0x1C, 0xC7, 0x1C, 0xC7, 0x1C, 0xC7, 0x1C, 0xC7, 0x1C, 0xC7, 0x1C, 0xC7, 0xFC, 0xC6, 0xFC, 0xC6,
    0xFC, 0xC6, 0xFC, 0xC6, 0xFC, 0xC6, 0xFC, 0xC6, 0xFC, 0xC6, 0xFC, 0xC6, 0xFC, 0xC6, 0xFC, 0xC6,
    0xFC, 0xC6, 0xFC, 0xC6, 0xFC, 0xC6, 0xFC, 0xC6, 0xFC, 0xC6, 0xFC, 0xC6, 0xFC, 0xC6, 0xFC, 0xC6,
    0xFC, 0xC6, 0xFC, 0xC6, 0xFC, 0xC6, 0xFC, 0xC6, 0xFC, 0xC6, 0xFC, 0xC6, 0xFC, 0xC6, 0xFC, 0xC6,
    0xFC, 0xC6, 0xFC, 0xC6, 0xFC, 0xC6, 0xFC, 0xC6, 0xFC, 0xC6, 0xFC, 0xC6, 0xFC, 0xC6, 0xFC, 0xC6,
    0xFC, 0xC6, 0xFC, 0xC6, 0xFC, 0xC6, 0xFC, 0xC6, 0xFC, 0xC6, 0xFC, 0xC6, 0xFC, 0xC6, 0xFC, 0xC6,
    0xFC, 0xC6, 0xFC, 0xBE, 0xFC, 0xBE, 0xFC, 0xC6, 0xFB, 0xBE, 0x1C, 0xC7, 0xBA, 0xCE, 0xF7, 0xBD,
    0x38, 0xBE, 0xFB, 0xCE, 0xFC, 0xC6, 0xFC, 0xBE, 0xFB, 0xBE, 0xFC, 0xBE, 0xFC, 0xBE, 0xFC, 0xBE,
    0xFC, 0xBE, 0xFC, 0xBE, 0xFC, 0xBE, 0xFC, 0xBE, 0xFC, 0xBE, 0xFC, 0xBE, 0xFC, 0xBE, 0xFB, 0xBE,
    0xFB, 0xBE, 0xFB, 0xBE, 0xFB, 0xBE, 0xFC, 0xBE, 0xFC, 0xBE, 0xFC, 0xBE, 0xFC, 0xBE, 0xFC, 0xBE,
    0xFC, 0xBE, 0xFC, 0xBE, 0xFC, 0xBE, 0xFC, 0xBE, 0xFC, 0xBE, 0xFC, 0xBE, 0xFC, 0xBE, 0xFC, 0xBE,
    0xFC, 0xBE, 0xFC, 0xBE, 0xFC, 0xBE, 0xFC, 0xBE, 0xFC, 0xBE, 0xFC, 0xBE, 0xFC, 0xBE, 0xFC, 0xBE,
    0xDC, 0xBE, 0xDC, 0xBE, 0xFC, 0xBE, 0xFC, 0xBE, 0xFC, 0xBE, 0xFC, 0xBE, 0xFC, 0xBE, 0xFC, 0xBE,
    0xFC, 0xBE, 0xFC, 0xBE, 0xFC, 0xBE, 0xFC, 0xBE, 0xFC, 0xBE, 0xFC, 0xBE, 0xDC, 0xBE, 0xFC, 0xBE,
    0xFC, 0xBE, 0xFC, 0xBE, 0xFC, 0xBE, 0xFC, 0xBE, 0xFC, 0xBE, 0xDC, 0xBE, 0xDC, 0xBE, 0xDC, 0xBE,
    0xDC, 0xBE, 0xDC, 0xBE, 0xDC, 0xBE, 0xDC, 0xBE, 0xDC, 0xBE, 0xDC, 0xBE, 0xDC, 0xBE, 0xDC, 0xBE,
    0xDB, 0xBE, 0xDB, 0xBE, 0xDB, 0xBE, 0xDB, 0xBE, 0xDB, 0xBE, 0xDB, 0xBE, 0xDC, 0xBE, 0xDB, 0xBE,
    0xDB, 0xBE, 0xDB, 0xBE, 0xDC, 0xBE, 0xDB, 0xBE, 0xDB, 0xBE, 0xDB, 0xBE, 0xDB, 0xBE, 0xDB, 0xBE,
    0xDB, 0xBE, 0xDB, 0xBE, 0xDB, 0xBE, 0xDB, 0xBE, 0xDB, 0xBE, 0xDB, 0xBE, 0xDB, 0xBE, 0xDB, 0xBE,
    0xDB, 0xBE, 0xDB, 0xBE, 0xDB, 0xBE, 0xDB, 0xBE, 0xDB, 0xBE, 0xDB, 0xBE, 0xDB, 0xBE, 0xDB, 0xBE,
    0xDB, 0xBE, 0xDB, 0xBE, 0xDB, 0xBE, 0xDB, 0xBE, 0xDB, 0xBE, 0xDB, 0xBE, 0xDC, 0xBE, 0xDC, 0xBE,
    0xDC, 0xB6, 0xDC, 0xB6, 0xDC, 0xBE, 0xDB, 0xBE, 0xDB, 0xBE, 0xDB, 0xB6, 0xDB, 0xB6, 0xDB, 0xB6,
    0xDB, 0xB6, 0xDB, 0xB6, 0xDB, 0xB6, 0xDB, 0xBE, 0xDB, 0xBE, 0xDB, 0xB6, 0xDB, 0xB6, 0xDB, 0xB6,
    0xDB, 0xB6, 0xDB, 0xB6, 0xDB, 0xBE, 0xDB, 0xBE, 0xDB, 0xB6, 0xDB, 0xB6, 0xDB, 0xBE, 0xDB, 0xB6,
    0xDB, 0xB6, 0xDB, 0xB6, 0xDB, 0xB6, 0xDB, 0xB6, 0xDB, 0xB6, 0xDB, 0xB6, 0xDB, 0xB6, 0xDB, 0xB6,
    0xDB, 0xB6, 0xDB, 0xBE, 0xDB, 0xBE, 0xDB, 0xBE, 0xDB, 0xBE, 0xDB, 0xBE, 0xDB, 0xBE, 0xDB, 0xBE,
    0xDB, 0xBE, 0xDB, 0xBE, 0xDB, 0xBE, 0xDB, 0xBE, 0xDB, 0xBE, 0xDB, 0xB6, 0xDB, 0xBE, 0xDB, 0xBE,
    0x3B, 0xEF, 0x3B, 0xEF, 0x1A, 0xEF, 0x1A, 0xEF, 0x1A, 0xEF, 0x1A, 0xEF, 0x1A, 0xEF, 0x1A, 0xEF,
    0xDA, 0xE6, 0xB9, 0xE6, 0x99, 0xDE, 0x99, 0xDE, 0x99, 0xDE, 0xB9, 0xDE, 0xB9, 0xE6, 0xD9, 0xE6,
    0xD9, 0xE6, 0xB9, 0xDE, 0x78, 0xD6, 0x37, 0xCE, 0x17, 0xC6, 0x38, 0xCE, 0xB9, 0xDE, 0xB9, 0xDE,
    0x99, 0xDE, 0x78, 0xDE, 0x79, 0xDE, 0x78, 0xD6, 0x58, 0xCE, 0x58, 0xCE, 0x38, 0xCE, 0xF8, 0xBD,
    0xD7, 0xB5, 0xD8, 0xB5, 0xF8, 0xB5, 0xF8, 0xB5, 0xF8, 0xB5, 0xF8, 0xAD, 0xF8, 0xAD, 0xF8, 0xAD,
    0xF8, 0xAD, 0x19, 0xAE, 0x39, 0xB6, 0x39, 0xB6, 0x19, 0xAE, 0xF8, 0xAD, 0x19, 0xAE, 0x19, 0xB6,
    0x3A, 0xBE, 0x7A, 0xC6, 0x9A, 0xCE, 0x9A, 0xCE, 0xBA, 0xD6, 0xDB, 0xD6, 0xFC, 0xD6, 0x1C, 0xCF,
    0x1C, 0xCF, 0x1C, 0xC7, 0x1C, 0xC7, 0x1C, 0xC7, 0x1C, 0xCF, 0x1C, 0xCF, 0x1C, 0xCF, 0x1C, 0xCF,
    0x1C, 0xCF, 0xFC, 0xC6, 0xFC, 0xC6, 0x1C, 0xCF, 0x1C, 0xCF, 0x1C, 0xCF, 0x1C, 0xCF, 0x1C, 0xCF,
    0x1C, 0xCF, 0x1C, 0xCF, 0x1C, 0xCF, 0xFC, 0xC6, 0xFC, 0xC6, 0xFC, 0xC6, 0xFC, 0xC6, 0xFC, 0xC6,
    0xFC, 0xC6, 0xFC, 0xC6, 0x1C, 0xCF, 0x1C, 0xCF, 0xFC, 0xC6, 0xFC, 0xC6, 0xFC, 0xC6, 0xFC, 0xC6,
    0xFC, 0xC6, 0xFC, 0xC6, 0xFC, 0xC6, 0xFC, 0xC6, 0xFC, 0xC6, 0xFC, 0xC6, 0xFC, 0xC6, 0xFC, 0xC6,
    0xFC, 0xC6, 0xFC, 0xC6, 0xFC, 0xC6, 0xFC, 0xC6, 0x1C, 0xC7, 0x1C, 0xC7, 0x1C, 0xC7, 0x1C, 0xC7,
    0x1C, 0xC7, 0xFC, 0xC6, 0x1C, 0xC7, 0x1C, 0xC7, 0x1C, 0xC7, 0x1C, 0xC7, 0xFC, 0xC6, 0xFC, 0xC6,
    0xFC, 0xC6, 0xFC, 0xC6, 0xFC, 0xC6, 0xFC, 0xC6, 0xFC, 0xC6, 0xFC, 0xC6, 0xFC, 0xC6, 0xFC, 0xC6,
    0xFC, 0xC6, 0xFC, 0xC6, 0xFC, 0xC6, 0xFC, 0xC6, 0xFC, 0xC6, 0xFC, 0xC6, 0xFC, 0xC6, 0xFC, 0xC6,
    0xFC, 0xC6, 0xFC, 0xC6, 0xFC, 0xC6, 0xFC, 0xC6, 0xFC, 0xC6, 0xFC, 0xC6, 0xFC, 0xC6, 0xFC, 0xC6,
    0xFC, 0xC6, 0xFC, 0xC6, 0xFC, 0xC6, 0xFC, 0xC6, 0xFC, 0xC6, 0xFC, 0xC6, 0xFC, 0xC6, 0xFC, 0xC6,
    0xFC, 0xC6, 0xFC, 0xC6, 0xFC, 0xC6, 0xFC, 0xC6, 0xFC, 0xC6, 0xFC, 0xC6, 0xFC, 0xC6, 0xFC, 0xC6,
    0xFC, 0xC6, 0xFC, 0xBE, 0xFC, 0xBE, 0xFB, 0xBE, 0xFB, 0xC6, 0x59, 0xC6, 0xB2, 0xAC, 0x6D, 0x8B,
    0x4C, 0x83, 0x75, 0xAD, 0x1C, 0xCF, 0xFB, 0xBE, 0xFC, 0xC6, 0xFC, 0xBE, 0xFC, 0xBE, 0xFC, 0xBE,
    0xFC, 0xBE, 0xFC, 0xBE, 0xFC, 0xBE, 0xFC, 0xBE, 0xFC, 0xBE, 0xFC, 0xBE, 0xFC, 0xBE, 0xFC, 0xBE,
    0xFC, 0xBE, 0xFB, 0xBE, 0xFB, 0xBE, 0xFC, 0xBE, 0xFC, 0xBE, 0xFC, 0xBE, 0xFC, 0xBE, 0xFC, 0xBE,
    0xFC, 0xBE, 0xFC, 0xBE, 0xFC, 0xBE, 0xFC, 0xBE, 0xFC, 0xBE, 0xFC, 0xBE, 0xFC, 0xBE, 0xFC, 0xBE,
    0xFC, 0xBE, 0xFC, 0xBE, 0xFC, 0xBE, 0xFC, 0xBE, 0xFC, 0xBE, 0xFC, 0xBE, 0xFC, 0xBE, 0xFC, 0xBE,
    0xDC, 0xBE, 0xDC, 0xBE, 0xFC, 0xBE, 0xFC, 0xBE, 0xFC, 0xBE, 0xFC, 0xBE, 0xFC, 0xBE, 0xFC, 0xBE,
    0xFC, 0xBE, 0xFC, 0xBE, 0xFC, 0xBE, 0xFC, 0xBE, 0xFC, 0xBE, 0xFC, 0xBE, 0xDC, 0xBE, 0xFC, 0xBE,
    0xFC, 0xBE, 0xFC, 0xBE, 0xFC, 0xBE, 0xFC, 0xBE, 0xFC, 0xBE, 0xDC, 0xBE, 0xDC, 0xBE, 0xDC, 0xBE,
    0xDC, 0xBE, 0xDC, 0xBE, 0xDC, 0xBE, 0xDC, 0xBE, 0xDC, 0xBE, 0xDC, 0xBE, 0xDC, 0xBE, 0xDB, 0xBE,
    0xDB, 0xBE, 0xDB, 0xBE, 0xDB, 0xBE, 0xDB, 0xBE, 0xDB, 0xBE, 0xDB, 0xBE, 0xDC, 0xBE, 0xDB, 0xBE,
    0xDB, 0xBE, 0xDC, 0xBE, 0xDC, 0xBE, 0xDB, 0xBE, 0xDB, 0xBE, 0xDB, 0xBE, 0xDB, 0xBE, 0xDB, 0xBE,
    0xDB, 0xBE, 0xDB, 0xBE, 0xDB, 0xBE, 0xDB, 0xBE, 0xDB, 0xBE, 0xDB, 0xBE, 0xDB, 0xBE, 0xDB, 0xBE,
    0xDB, 0xBE, 0xDB, 0xBE, 0xDB, 0xBE, 0xDB, 0xBE, 0xDB, 0xBE, 0xDB, 0xBE, 0xDB, 0xBE, 0xDB, 0xBE,
    0xDB, 0xBE, 0xDB, 0xBE, 0xDB, 0xBE, 0xDB, 0xBE, 0xDB, 0xBE, 0xDB, 0xBE, 0xDB, 0xBE, 0xDB, 0xBE,
    0xDB, 0xBE, 0xDB, 0xBE, 0xDB, 0xBE, 0xDB, 0xBE, 0xDB, 0xBE, 0xDB, 0xBE, 0xDB, 0xBE, 0xDB, 0xBE,
    0xDB, 0xBE, 0xDB, 0xB6, 0xDB, 0xBE, 0xDB, 0xBE, 0xDB, 0xBE, 0xDB, 0xB6, 0xDB, 0xB6, 0xDB, 0xB6,
    0xDB, 0xB6, 0xDB, 0xB6, 0xDB, 0xB6, 0xDB, 0xB6, 0xDB, 0xB6, 0xDB, 0xB6, 0xFB, 0xB6, 0xDB, 0xB6,
    0xDB, 0xB6, 0xDB, 0xB6, 0xDB, 0xB6, 0xDB, 0xB6, 0xDB, 0xBE, 0xDB, 0xBE, 0xDB, 0xBE, 0xDB, 0xBE,
    0xDB, 0xBE, 0xDB, 0xBE, 0xDB, 0xBE, 0xDB, 0xBE, 0xDB, 0xBE, 0xDB, 0xBE, 0xDB, 0xBE, 0xDB, 0xBE,
    0xDB, 0xBE, 0xDB, 0xBE, 0xDB, 0xBE, 0xDB, 0xBE, 0xDB, 0xBE, 0xDB, 0xB6, 0xDB, 0xB6, 0xDB, 0xBE,
    0x1A, 0xEF, 0x1A, 0xEF, 0xFA, 0xEE, 0xFA, 0xE6, 0xDA, 0xE6, 0xDA, 0xE6, 0xDA, 0xE6, 0xDA, 0xE6,
    0xDA, 0xE6, 0xB9, 0xDE, 0x79, 0xDE, 0x78, 0xD6, 0x58, 0xD6, 0x78, 0xD6, 0x78, 0xD6, 0x98, 0xDE,
    0xB9, 0xDE, 0x99, 0xDE, 0x58, 0xD6, 0x37, 0xC6, 0x17, 0xC6, 0x58, 0xCE, 0xB9, 0xDE, 0x99, 0xDE,
    0x99, 0xDE, 0x78, 0xD6, 0x79, 0xD6, 0x58, 0xCE, 0x17, 0xC6, 0x18, 0xC6, 0x18, 0xC6, 0xF8, 0xBD,
    0xD7, 0xB5, 0xD7, 0xB5, 0xD7, 0xAD, 0xD7, 0xAD, 0xD8, 0xAD, 0xD8, 0xAD, 0xF8, 0xAD, 0xF8, 0xAD,
    0xF8, 0xAD, 0x19, 0xAE, 0x19, 0xB6, 0x39, 0xB6, 0x19, 0xAE, 0xD8, 0xAD, 0xF9, 0xAD, 0x19, 0xB6,
    0x3A, 0xB6, 0x5A, 0xBE, 0x5A, 0xBE, 0x7A, 0xBE, 0x7A, 0xC6, 0x9A, 0xC6, 0xBB, 0xCE, 0xFC, 0xCE,
    0x1C, 0xCF, 0x1C, 0xC7, 0x1C, 0xC7, 0x1C, 0xCF, 0x1C, 0xCF, 0x1C, 0xCF, 0x1C, 0xCF, 0x1C, 0xCF,
    0x1C, 0xCF, 0x1C, 0xC7, 0x1C, 0xC7, 0x1C, 0xC7, 0x1C, 0xC7, 0x1C, 0xC7, 0x1C, 0xC7, 0x1C, 0xC7,
    0x1C, 0xC7, 0x1C, 0xC7, 0x1C, 0xCF, 0x1C, 0xC7, 0xFC, 0xC6, 0xFC, 0xC6, 0x1C, 0xC7, 0x1C, 0xC7,
    0xFC, 0xC6, 0x1C, 0xCF, 0x1C, 0xCF, 0x1C, 0xCF, 0x1C, 0xCF, 0xFC, 0xC6, 0xFC, 0xC6, 0xFC, 0xC6,
    0xFC, 0xC6, 0xFC, 0xC6, 0xFC, 0xC6, 0xFC, 0xC6, 0xFC, 0xC6, 0xFC, 0xC6, 0xFC, 0xC6, 0xFC, 0xC6,
    0xFC, 0xC6, 0xFC, 0xC6, 0xFC, 0xC6, 0xFC, 0xC6, 0xFC, 0xC6, 0xFC, 0xC6, 0xFC, 0xC6, 0xFC, 0xC6,
    0xFC, 0xC6, 0xFC, 0xC6, 0xFC, 0xC6, 0xFC, 0xC6, 0xFC, 0xC6, 0xFC, 0xC6, 0x1C, 0xC7, 0xFC, 0xC6,
    0xFC, 0xC6, 0xFC, 0xC6, 0xFC, 0xC6, 0xFC, 0xC6, 0xFC, 0xC6, 0xFC, 0xC6, 0xFC, 0xC6, 0xFC, 0xC6,
    0xFC, 0xC6, 0xFC, 0xC6, 0xFC, 0xC6, 0xFC, 0xC6, 0xFC, 0xC6, 0xFC, 0xC6, 0xFC, 0xC6, 0xFC, 0xC6,
    0xFC, 0xC6, 0xFC, 0xC6, 0xFC, 0xC6, 0xFC, 0xC6, 0xFC, 0xC6, 0xFC, 0xC6, 0xFC, 0xC6, 0xFC, 0xC6,
    0xFC, 0xC6, 0xFC, 0xC6, 0xFC, 0xC6, 0xFC, 0xC6, 0xFC, 0xC6, 0xFC, 0xC6, 0xFC, 0xC6, 0xFC, 0xC6,
    0xFC, 0xC6, 0xFC, 0xC6, 0xFC, 0xC6, 0xFC, 0xC6, 0xFC, 0xC6, 0xFC, 0xC6, 0xFC, 0xC6, 0xFC, 0xC6,
    0xFC, 0xC6, 0xFC, 0xC6, 0xFC, 0xBE, 0xFB, 0xBE, 0xDB, 0xCE, 0xB2, 0xAC, 0x2B, 0x8B, 0xEA, 0x82,
    0xA9, 0x7A, 0x71, 0x94, 0x3C, 0xCF, 0xFB, 0xBE, 0xFC, 0xC6, 0xFC, 0xC6, 0xFC, 0xBE, 0xFC, 0xBE,
    0xFC, 0xBE, 0xFC, 0xBE, 0xFC, 0xBE, 0xFC, 0xBE, 0xFC, 0xBE, 0xFC, 0xBE, 0xFC, 0xBE, 0xFC, 0xBE,
    0xFC, 0xBE, 0xDB, 0xBE, 0xFB, 0xBE, 0xFB, 0xBE, 0xFB, 0xBE, 0xFB, 0xBE, 0xFC, 0xBE, 0xFC, 0xBE,
    0xFC, 0xBE, 0xFC, 0xBE, 0xFC, 0xBE, 0xFC, 0xBE, 0xFC, 0xBE, 0xFC, 0xBE, 0xFC, 0xBE, 0xFC, 0xBE,
    0xFC, 0xBE, 0xFC, 0xBE, 0xFC, 0xBE, 0xFB, 0xBE, 0xFB, 0xBE, 0xFB, 0xBE, 0xFB, 0xBE, 0xFB, 0xBE,
    0xFC, 0xBE, 0xFC, 0xBE, 0xFC, 0xBE, 0xFC, 0xBE, 0xFC, 0xBE, 0xFC, 0xBE, 0xFC, 0xBE, 0xFC, 0xBE,
    0xFC, 0xBE, 0xFC, 0xBE, 0xFC, 0xBE, 0xFC, 0xBE, 0xFC, 0xBE, 0xFC, 0xBE, 0xFC, 0xBE, 0xFC, 0xBE,
    0xFC, 0xBE, 0xFC, 0xBE, 0xFC, 0xBE, 0xFC, 0xBE, 0xFC, 0xBE, 0xFC, 0xBE, 0xFC, 0xBE, 0xDC, 0xBE,
    0xDC, 0xBE, 0xFC, 0xBE, 0xFC, 0xBE, 0xDC, 0xBE, 0xDC, 0xBE, 0xDC, 0xBE, 0xDC, 0xBE, 0xDC, 0xBE,
    0xDC, 0xBE, 0xDC, 0xBE, 0xDC, 0xBE, 0xDC, 0xBE, 0xDC, 0xBE, 0xDC, 0xBE, 0xDC, 0xBE, 0xDC, 0xBE,
    0xDC, 0xBE, 0xDC, 0xBE, 0xFC, 0xBE, 0xDC, 0xBE, 0xDC, 0xBE, 0xDB, 0xBE, 0xDB, 0xBE, 0xDB, 0xBE,
    0xDB, 0xBE, 0xDB, 0xBE, 0xDB, 0xBE, 0xDB, 0xBE, 0xDB, 0xBE, 0xDB, 0xBE, 0xDB, 0xBE, 0xDB, 0xBE,
    0xDB, 0xBE, 0xDB, 0xBE, 0xDB, 0xBE, 0xDB, 0xBE, 0xDB, 0xBE, 0xDB, 0xBE, 0xDB, 0xBE, 0xDB, 0xBE,
    0xDB, 0xBE, 0xDB, 0xBE, 0xDB, 0xBE, 0xDB, 0xBE, 0xDB, 0xBE, 0xDB, 0xBE, 0xDB, 0xBE, 0xDB, 0xBE,
    0xDB, 0xBE, 0xDB, 0xBE, 0xDB, 0xBE, 0xDB, 0xBE, 0xDB, 0xBE, 0xDB, 0xBE, 0xDB, 0xBE, 0xDB, 0xBE,
    0xDB, 0xBE, 0xDB, 0xBE, 0xDB, 0xBE, 0xDB, 0xBE, 0xDB, 0xBE, 0xDB, 0xB6, 0xDB, 0xB6, 0xDB, 0xBE,
    0xDB, 0xBE, 0xDB, 0xBE, 0xDB, 0xB6, 0xDB, 0xB6, 0xDB, 0xB6, 0xDB, 0xB6, 0xDB, 0xB6, 0xDB, 0xB6,
    0xDB, 0xB6, 0xDB, 0xB6, 0xDB, 0xB6, 0xDB, 0xB6, 0xDB, 0xBE, 0xDB, 0xBE, 0xDB, 0xBE, 0xDB, 0xBE,
    0xDB, 0xBE, 0xDB, 0xBE, 0xDB, 0xBE, 0xDB, 0xBE, 0xDB, 0xBE, 0xDB, 0xBE, 0xDB, 0xBE, 0xDB, 0xBE,
    0xDB, 0xBE, 0xDB, 0xBE, 0xDB, 0xBE, 0xDB, 0xBE, 0xDB, 0xBE, 0xDB, 0xBE, 0xDB, 0xBE, 0xDB, 0xBE,
    0x1A, 0xEF, 0xFA, 0xE6, 0xFA, 0xE6, 0xDA, 0xE6, 0xB9, 0xDE, 0xB9, 0xDE, 0xB9, 0xDE, 0x99, 0xDE,
    0x99, 0xDE, 0x79, 0xD6, 0x78, 0xD6, 0x58, 0xD6, 0x58, 0xD6, 0x57, 0xD6, 0x37, 0xD6, 0x58, 0xD6,
    0x78, 0xD6, 0x58, 0xD6, 0x17, 0xCE, 0x17, 0xC6, 0x17, 0xC6, 0x37, 0xCE, 0x99, 0xDE, 0x99, 0xDE,
    0x99, 0xDE, 0x78, 0xD6, 0x58, 0xD6, 0x38, 0xC6, 0x17, 0xBE, 0x17, 0xBE, 0xF8, 0xBD, 0xD7, 0xB5,
    0xD7, 0xAD, 0xD7, 0xAD, 0xB7, 0xAD, 0xB7, 0xAD, 0xB7, 0xAD, 0xB7, 0xAD, 0xD8, 0xAD, 0xD8, 0xAD,
    0xF8, 0xAD, 0x18, 0xAE, 0x19, 0xAE, 0x39, 0xB6, 0x19, 0xAE, 0xF9, 0xAD, 0x19, 0xAE, 0x39, 0xB6,
    0x39, 0xB6, 0x39, 0xB6, 0x39, 0xB6, 0x5A, 0xB6, 0x5A, 0xBE, 0x7A, 0xBE, 0x9B, 0xC6, 0xDB, 0xCE,
    0xFC, 0xCE, 0x1C, 0xCF, 0x1C, 0xCF, 0x1C, 0xCF, 0x1C, 0xCF, 0x1C, 0xCF, 0x1C, 0xCF, 0x1C, 0xCF,
    0x1C, 0xCF, 0x1C, 0xC7, 0x1C, 0xC7, 0x1C, 0xC7, 0x1C, 0xC7, 0x1C, 0xC7, 0x1C, 0xC7, 0x1C, 0xC7,
    0x1C, 0xC7, 0x1C, 0xC7, 0x1C, 0xC7, 0x1C, 0xC7, 0xFC, 0xC6, 0xFC, 0xC6, 0x1C, 0xC7, 0x1C, 0xC7,
    0xFC, 0xC6, 0x1C, 0xCF, 0x1C, 0xCF, 0x1C, 0xCF, 0x1C, 0xCF, 0xFC, 0xC6, 0xFC, 0xC6, 0xFC, 0xC6,
    0xFC, 0xC6, 0xFC, 0xC6, 0xFC, 0xC6, 0xFC, 0xC6, 0xFC, 0xC6, 0xFC, 0xC6, 0xFC, 0xC6, 0xFC, 0xC6,
    0xFC, 0xC6, 0xFC, 0xC6, 0xFC, 0xC6, 0xFC, 0xC6, 0xFC, 0xC6, 0xFC, 0xC6, 0xFC, 0xC6, 0xFC, 0xC6,
    0xFC, 0xC6, 0xFC, 0xC6, 0xFC, 0xC6, 0xFC, 0xC6, 0xFC, 0xC6, 0xFC, 0xC6, 0x1C, 0xC7, 0xFC, 0xC6,
    0xFC, 0xC6, 0xFC, 0xC6, 0xFC, 0xC6, 0xFC, 0xC6, 0xFC, 0xC6, 0xFC, 0xC6, 0xFC, 0xC6, 0xFC, 0xC6,
    0xFC, 0xC6, 0xFC, 0xC6, 0xFC, 0xC6, 0x1C, 0xC7, 0x1C, 0xC7, 0xFC, 0xC6, 0xFC, 0xC6, 0xFC, 0xC6,
    0xFC, 0xC6, 0xFC, 0xC6, 0xFC, 0xC6, 0xFC, 0xC6, 0xFC, 0xC6, 0xFC, 0xC6, 0xFC, 0xC6, 0xFC, 0xC6,
    0xFC, 0xC6, 0xFC, 0xC6, 0xFC, 0xC6, 0xFC, 0xC6, 0xFC, 0xC6, 0xFC, 0xC6, 0xFC, 0xC6, 0xFC, 0xC6,
    0xFC, 0xC6, 0xFC, 0xC6, 0xFC, 0xC6, 0xFC, 0xC6, 0xFC, 0xC6, 0xFC, 0xC6, 0xFC, 0xC6, 0xFC, 0xC6,
    0xFC, 0xC6, 0xFC, 0xC6, 0xDC, 0xBE, 0xFC, 0xC6, 0x79, 0xCE, 0xCE, 0x9B, 0x0A, 0x8B, 0xC9, 0x82,
    0xCA, 0x7A, 0x95, 0xB5, 0x1C, 0xCF, 0xFC, 0xBE, 0xFC, 0xC6, 0xFC, 0xC6, 0xFC, 0xBE, 0xFC, 0xBE,
    0xFC, 0xC6, 0xFC, 0xC6, 0xDB, 0xBE, 0xDB, 0xBE, 0xDB, 0xBE, 0xDB, 0xBE, 0xDB, 0xBE, 0xFC, 0xBE,
    0xFC, 0xBE, 0xDB, 0xBE, 0xFB, 0xBE, 0xFB, 0xBE, 0xFC, 0xBE, 0xFC, 0xBE, 0xFC, 0xBE, 0xFC, 0xBE,
    0xFC, 0xBE, 0xFC, 0xBE, 0xFC, 0xBE, 0xFC, 0xBE, 0xFC, 0xBE, 0xFC, 0xBE, 0xFC, 0xBE, 0xFC, 0xBE,
    0xFC, 0xBE, 0xFC, 0xBE, 0xFC, 0xBE, 0xFC, 0xBE, 0xFC, 0xBE, 0xFC, 0xBE, 0xFC, 0xBE, 0xFB, 0xBE,
    0xFC, 0xBE, 0xFC, 0xBE, 0xFC, 0xBE, 0xFC, 0xBE, 0xFC, 0xBE, 0xFC, 0xBE, 0xFC, 0xBE, 0xFC, 0xBE,
    0xFC, 0xBE, 0xFC, 0xBE, 0xFC, 0xBE, 0xFC, 0xBE, 0xFC, 0xBE, 0xFC, 0xBE, 0xFC, 0xBE, 0xFC, 0xBE,
    0xFC, 0xBE, 0xFC, 0xBE, 0xFC, 0xBE, 0xFC, 0xBE, 0xFC, 0xBE, 0xFC, 0xBE, 0xFC, 0xBE, 0xFC, 0xBE,
    0xFC, 0xBE, 0xFC, 0xBE, 0xFC, 0xBE, 0xDC, 0xBE, 0xDC, 0xBE, 0xDC, 0xBE, 0xDC, 0xBE, 0xDC, 0xBE,
    0xDC, 0xBE, 0xDC, 0xBE, 0xFC, 0xBE, 0xDC, 0xBE, 0xDC, 0xBE, 0xDC, 0xBE, 0xDC, 0xBE, 0xDC, 0xBE,
    0xDB, 0xBE, 0xDB, 0xBE, 0xDB, 0xBE, 0xDC, 0xBE, 0xDC, 0xBE, 0xDB, 0xBE, 0xDB, 0xBE, 0xDB, 0xBE,
    0xDC, 0xBE, 0xDC, 0xBE, 0xDC, 0xBE, 0xDC, 0xBE, 0xDC, 0xBE, 0xDB, 0xBE, 0xDB, 0xBE, 0xDB, 0xBE,
    0xDB, 0xBE, 0xDB, 0xBE, 0xDB, 0xBE, 0xDB, 0xBE, 0xDB, 0xBE, 0xDB, 0xBE, 0xDB, 0xBE, 0xDB, 0xBE,
    0xDB, 0xBE, 0xDB, 0xBE, 0xDB, 0xBE, 0xDB, 0xBE, 0xDB, 0xBE, 0xDB, 0xBE, 0xDB, 0xBE, 0xDB, 0xBE,
    0xDB, 0xBE, 0xDB, 0xBE, 0xDB, 0xBE, 0xDB, 0xBE, 0xDB, 0xBE, 0xDB, 0xBE, 0xDB, 0xBE, 0xDB, 0xBE,
    0xDB, 0xBE, 0xDB, 0xBE, 0xDB, 0xBE, 0xDB, 0xBE, 0xDB, 0xBE, 0xDB, 0xBE, 0xDB, 0xBE, 0xDB, 0xBE,
    0xDB, 0xBE, 0xDB, 0xBE, 0xDB, 0xBE, 0xDB, 0xBE, 0xDB, 0xBE, 0xDB, 0xBE, 0xDB, 0xBE, 0xDB, 0xBE,
    0xDB, 0xBE, 0xDB, 0xBE, 0xDB, 0xBE, 0xDB, 0xBE, 0xDB, 0xBE, 0xDB, 0xBE, 0xDB, 0xBE, 0xDB, 0xBE,
    0xDB, 0xBE, 0xDB, 0xBE, 0xDB, 0xBE, 0xDB, 0xBE, 0xDB, 0xBE, 0xDB, 0xBE, 0xDB, 0xBE, 0xDB, 0xBE,
    0xDB, 0xBE, 0xDB, 0xBE, 0xDB, 0xBE, 0xDB, 0xBE, 0xDB, 0xB6, 0xDB, 0xB6, 0xDB, 0xBE, 0xDB, 0xBE,
    0xFA, 0xE6, 0xD9, 0xE6, 0xB9, 0xE6, 0xB9, 0xDE, 0x99, 0xDE, 0x79, 0xD6, 0x79, 0xD6, 0x79, 0xD6,
    0x79, 0xD6, 0x59, 0xD6, 0x58, 0xCE, 0x58, 0xCE, 0x37, 0xD6, 0x17, 0xCE, 0x17, 0xCE, 0x17, 0xCE,
    0x17, 0xCE, 0xF7, 0xC5, 0xF7, 0xC5, 0xF7, 0xBD, 0xF6, 0xBD, 0x37, 0xCE, 0xB9, 0xDE, 0x99, 0xDE,
    0x78, 0xD6, 0x78, 0xD6, 0x58, 0xCE, 0x17, 0xBE, 0xD7, 0xBD, 0xF7, 0xB5, 0xD8, 0xB5, 0xB7, 0xB5,
    0xB7, 0xAD, 0xB7, 0xAD, 0xB7, 0xAD, 0xB7, 0xAD, 0xB7, 0xAD, 0xB7, 0xAD, 0xB7, 0xAD, 0xD8, 0xAD,
    0xF8, 0xAD, 0xF8, 0xAD, 0x19, 0xAE, 0x19, 0xAE, 0xF9, 0xAD, 0xF9, 0xA5, 0xF9, 0xAD, 0x19, 0xAE,
    0x19, 0xAE, 0x19, 0xAE, 0x19, 0xB6, 0x39, 0xB6, 0x39, 0xB6, 0x5A, 0xBE, 0x7A, 0xC6, 0xBA, 0xC6,
    0xFB, 0xCE, 0x1C, 0xCF, 0x1C, 0xCF, 0x1C, 0xCF, 0x1B, 0xCF, 0x1C, 0xCF, 0x1C, 0xCF, 0x1C, 0xC7,
    0x1C, 0xCF, 0x1C, 0xC7, 0x1C, 0xC7, 0x1C, 0xC7, 0x1C, 0xC7, 0x1C, 0xC7, 0x1C, 0xC7, 0x1C, 0xC7,
    0x1C, 0xC7, 0x1C, 0xC7, 0x1C, 0xC7, 0x1C, 0xC7, 0x1C, 0xC7, 0x1C, 0xC7, 0x1C, 0xC7, 0x1C, 0xC7,
    0x1C, 0xCF, 0x1C, 0xCF, 0x1C, 0xCF, 0x1C, 0xCF, 0x1C, 0xCF, 0xFC, 0xC6, 0xFC, 0xC6, 0xFC, 0xC6,
    0xFC, 0xC6, 0xFC, 0xC6, 0xFC, 0xC6, 0xFC, 0xC6, 0xFC, 0xC6, 0xFC, 0xC6, 0xFC, 0xC6, 0xFC, 0xC6,
    0xFC, 0xC6, 0xFC, 0xC6, 0x1C, 0xC7, 0x1C, 0xC7, 0x1C, 0xC7, 0x1C, 0xC7, 0x1C, 0xC7, 0x1C, 0xC7,
    0x1C, 0xC7, 0xFC, 0xC6, 0xFC, 0xC6, 0x1C, 0xC7, 0x1C, 0xC7, 0x1C, 0xC7, 0xFC, 0xC6, 0xFC, 0xC6,
    0xFC, 0xC6, 0xFC, 0xC6, 0x1C, 0xC7, 0x1C, 0xC7, 0xFC, 0xC6, 0xFC, 0xC6, 0xFC, 0xC6, 0xFC, 0xC6,
    0x1C, 0xC7, 0xFC, 0xC6, 0xFC, 0xC6, 0xFC, 0xC6, 0xFB, 0xC6, 0xFC, 0xCE, 0xFB, 0xCE, 0xFB, 0xCE,
    0xFB, 0xCE, 0xFB, 0xC6, 0xFB, 0xC6, 0xFC, 0xC6, 0xFC, 0xC6, 0xFC, 0xC6, 0x1C, 0xC7, 0xFC, 0xC6,
    0xFC, 0xC6, 0xFC, 0xC6, 0xFC, 0xC6, 0xFC, 0xBE, 0xFC, 0xBE, 0xFC, 0xC6, 0xFC, 0xC6, 0xFC, 0xC6,
    0xFB, 0xBE, 0xFC, 0xC6, 0xFC, 0xC6, 0xFC, 0xC6, 0xFC, 0xC6, 0xFC, 0xC6, 0xFC, 0xC6, 0xFC, 0xC6,
    0xFC, 0xC6, 0xFC, 0xBE, 0xFC, 0xBE, 0xFC, 0xC6, 0x58, 0xC6, 0x8D, 0x9B, 0xC9, 0x82, 0xCA, 0x82,
    0x0B, 0x83, 0x38, 0xCE, 0x3C, 0xCF, 0xFC, 0xBE, 0xFC, 0xC6, 0xFC, 0xC6, 0xFC, 0xC6, 0xFC, 0xC6,
    0xFC, 0xC6, 0xFC, 0xBE, 0xFC, 0xC6, 0xFC, 0xBE, 0xFC, 0xBE, 0xFC, 0xBE, 0xFC, 0xBE, 0xFC, 0xBE,
    0xFC, 0xBE, 0xDC, 0xBE, 0xFC, 0xBE, 0xFC, 0xBE, 0xFC, 0xBE, 0xFC, 0xBE, 0xFC, 0xBE, 0xFB, 0xBE,
    0xDB, 0xBE, 0xFB, 0xBE, 0xFB, 0xBE, 0xFC, 0xBE, 0xFC, 0xBE, 0xFB, 0xBE, 0xDB, 0xC6, 0xDB, 0xC6,
    0xFB, 0xC6, 0xFB, 0xCE, 0xDB, 0xCE, 0xDB, 0xC6, 0xFB, 0xC6, 0xFB, 0xBE, 0xFC, 0xBE, 0xFC, 0xBE,
    0xFC, 0xBE, 0xFC, 0xBE, 0xFC, 0xBE, 0xFC, 0xBE, 0xFC, 0xBE, 0xFC, 0xBE, 0xFC, 0xBE, 0xFC, 0xBE,
    0xFC, 0xBE, 0xFC, 0xBE, 0xFB, 0xBE, 0xFB, 0xBE, 0xFC, 0xBE, 0xFC, 0xBE, 0xFB, 0xBE, 0xDC, 0xBE,
    0xFC, 0xBE, 0xFC, 0xBE, 0xFC, 0xBE, 0xFC, 0xBE, 0xFC, 0xBE, 0xFC, 0xBE, 0xFC, 0xBE, 0xFC, 0xBE,
    0xFC, 0xBE, 0xFC, 0xBE, 0xDC, 0xBE, 0xDC, 0xBE, 0xDC, 0xBE, 0xDC, 0xBE, 0xDC, 0xBE, 0xDC, 0xBE,
    0xDC, 0xBE, 0xDC, 0xBE, 0xDC, 0xBE, 0xDC, 0xBE, 0xDC, 0xBE, 0xFC, 0xBE, 0xFC, 0xBE, 0xDC, 0xBE,
    0xDC, 0xBE, 0xDC, 0xBE, 0xDB, 0xBE, 0xDB, 0xBE, 0xDC, 0xBE, 0xDB, 0xBE, 0xDC, 0xBE, 0xDB, 0xBE,
    0xDB, 0xBE, 0xDC, 0xBE, 0xDC, 0xBE, 0xDC, 0xBE, 0xDC, 0xBE, 0xDC, 0xBE, 0xDC, 0xBE, 0xDB, 0xBE,
    0xDB, 0xBE, 0xDC, 0xBE, 0xDC, 0xBE, 0xDC, 0xBE, 0xDC, 0xBE, 0xDC, 0xBE, 0xDC, 0xBE, 0xDC, 0xBE,
    0xDC, 0xBE, 0xDC, 0xBE, 0xDB, 0xBE, 0xDB, 0xBE, 0xDC, 0xBE, 0xDC, 0xBE, 0xDB, 0xBE, 0xDB, 0xBE,
    0xDB, 0xBE, 0xDB, 0xBE, 0xDB, 0xBE, 0xDC, 0xBE, 0xDC, 0xBE, 0xDB, 0xBE, 0xDB, 0xBE, 0xDB, 0xBE,
    0xDB, 0xBE, 0xDB, 0xBE, 0xDB, 0xBE, 0xDB, 0xBE, 0xDB, 0xBE, 0xDB, 0xBE, 0xDB, 0xBE, 0xDB, 0xBE,
    0xDB, 0xBE, 0xDB, 0xBE, 0xDB, 0xBE, 0xDB, 0xBE, 0xDB, 0xBE, 0xDB, 0xBE, 0xDB, 0xBE, 0xDB, 0xBE,
    0xDB, 0xBE, 0xDB, 0xBE, 0xDB, 0xBE, 0xDB, 0xBE, 0xDB, 0xBE, 0xDB, 0xBE, 0xDB, 0xBE, 0xDB, 0xBE,
    0xDB, 0xBE, 0xDB, 0xBE, 0xDB, 0xBE, 0xDB, 0xBE, 0xDB, 0xBE, 0xDB, 0xBE, 0xDB, 0xBE, 0xDB, 0xBE,
    0xDB, 0xBE, 0xDC, 0xBE, 0xDC, 0xBE, 0xDB, 0xBE, 0xDB, 0xBE, 0xDB, 0xBE, 0xDB, 0xBE, 0xDB, 0xBE,
    0xD9, 0xE6, 0xB9, 0xDE, 0x99, 0xDE, 0x99, 0xD6, 0x78, 0xD6, 0x58, 0xCE, 0x58, 0xCE, 0x58, 0xCE,
    0x58, 0xCE, 0x58, 0xCE, 0x38, 0xCE, 0x37, 0xCE, 0x17, 0xCE, 0x17, 0xCE, 0xF7, 0xCD, 0xF6, 0xC5,
    0xD6, 0xC5, 0xD6, 0xC5, 0xD6, 0xBD, 0xD6, 0xBD, 0xF6, 0xC5, 0x58, 0xCE, 0xB9, 0xDE, 0x99, 0xDE,
    0x78, 0xD6, 0x58, 0xCE, 0x17, 0xC6, 0xF7, 0xBD, 0xD7, 0xB5, 0xD7, 0xB5, 0xD7, 0xB5, 0xB7, 0xAD,
    0xB7, 0xAD, 0xB7, 0xAD, 0xB7, 0xAD, 0xB7, 0xAD, 0xB7, 0xAD, 0xB7, 0xA5, 0xB7, 0xAD, 0xB7, 0xAD,
    0xD7, 0xAD, 0xD8, 0xAD, 0xF8, 0xAD, 0xF8, 0xAD, 0xD8, 0xA5, 0xD8, 0xA5, 0xF8, 0xA5, 0xF9, 0xA5,
    0xF9, 0xAD, 0xF8, 0xAD, 0xF9, 0xAD, 0x19, 0xB6, 0x39, 0xB6, 0x39, 0xB6, 0x59, 0xBE, 0x59, 0xBE,
    0x9A, 0xCE, 0xDB, 0xD6, 0xFB, 0xD6, 0x1B, 0xD7, 0x1B, 0xD7, 0xFC, 0xCE, 0x1C, 0xCF, 0x1C, 0xCF,
    0x1C, 0xCF, 0x1C, 0xC7, 0x1C, 0xC7, 0x1C, 0xCF, 0x1C, 0xCF, 0x1C, 0xC7, 0x1C, 0xC7, 0x1C, 0xCF,
    0x1C, 0xC7, 0x1C, 0xCF, 0x1C, 0xC7, 0x1C, 0xC7, 0x1C, 0xC7, 0x1C, 0xC7, 0x1C, 0xC7, 0x1C, 0xC7,
    0x1C, 0xC7, 0x1C, 0xC7, 0x1C, 0xC7, 0x1C, 0xC7, 0x1C, 0xC7, 0x1C, 0xCF, 0xFC, 0xC6, 0xFC, 0xC6,
    0x1C, 0xCF, 0x1C, 0xCF, 0x1C, 0xCF, 0x1C, 0xCF, 0x1C, 0xC7, 0x1C, 0xC7, 0x1C, 0xCF, 0x1C, 0xC7,
    0x1C, 0xC7, 0x1C, 0xC7, 0x1C, 0xC7, 0x1C, 0xC7, 0x1C, 0xC7, 0x1C, 0xC7, 0x1C, 0xC7, 0x1C, 0xC7,
    0x1C, 0xC7, 0x1C, 0xC7, 0x1C, 0xC7, 0x1C, 0xC7, 0x1C, 0xC7, 0x1C, 0xC7, 0xFC, 0xC6, 0xFC, 0xC6,
    0xFC, 0xC6, 0xFC, 0xC6, 0xFC, 0xC6, 0xFC, 0xC6, 0xFC, 0xC6, 0xFC, 0xC6, 0x1C, 0xC7, 0x1C, 0xC7,
    0xFB, 0xC6, 0xFB, 0xC6, 0xDB, 0xCE, 0xDB, 0xD6, 0xFB, 0xDE, 0xDA, 0xE6, 0xB9, 0xE6, 0xB9, 0xE6,
    0xB9, 0xE6, 0xBA, 0xDE, 0xDA, 0xD6, 0xFB, 0xCE, 0xFC, 0xC6, 0xFC, 0xC6, 0xFC, 0xC6, 0xFC, 0xC6,
    0xFC, 0xC6, 0x1C, 0xC7, 0x1C, 0xC7, 0xFC, 0xC6, 0xFC, 0xC6, 0xFC, 0xC6, 0xFC, 0xC6, 0xFC, 0xC6,
    0xFC, 0xC6, 0xFC, 0xC6, 0xFC, 0xC6, 0xFC, 0xC6, 0xFC, 0xC6, 0xFB, 0xC6, 0xFC, 0xBE, 0xFC, 0xBE,
    0xFC, 0xBE, 0xDB, 0xC6, 0xDB, 0xBE, 0xDB, 0xBE, 0x78, 0xCE, 0x8C, 0x93, 0x88, 0x7A, 0xC9, 0x82,
    0xA9, 0x7A, 0xF3, 0xA4, 0x1C, 0xCF, 0xDB, 0xBE, 0xDB, 0xC6, 0xFC, 0xBE, 0xFC, 0xBE, 0xFC, 0xC6,
    0xFC, 0xC6, 0xFC, 0xC6, 0xFC, 0xC6, 0xFC, 0xC6, 0xFC, 0xC6, 0xFC, 0xC6, 0xFC, 0xC6, 0xFC, 0xBE,
    0xFC, 0xBE, 0xFC, 0xBE, 0xFC, 0xBE, 0xFC, 0xBE, 0xFC, 0xBE, 0xFC, 0xBE, 0xFC, 0xBE, 0xFB, 0xBE,
    0xDB, 0xBE, 0xFC, 0xC6, 0xFC, 0xBE, 0xFC, 0xBE, 0xDB, 0xBE, 0xDB, 0xCE, 0xDB, 0xDE, 0xFA, 0xE6,
    0xDA, 0xE6, 0xB9, 0xE6, 0xB9, 0xE6, 0xBA, 0xDE, 0xDA, 0xD6, 0xDB, 0xCE, 0xDB, 0xC6, 0xFB, 0xBE,
    0xFB, 0xBE, 0xFB, 0xBE, 0xFC, 0xBE, 0xFC, 0xBE, 0xFC, 0xBE, 0xFC, 0xBE, 0xFC, 0xBE, 0xFC, 0xBE,
    0xFB, 0xBE, 0xFC, 0xBE, 0xFB, 0xBE, 0xFB, 0xBE, 0xFC, 0xBE, 0xFC, 0xBE, 0xDB, 0xBE, 0xDC, 0xBE,
    0xFC, 0xBE, 0xFC, 0xBE, 0xFC, 0xBE, 0xFC, 0xBE, 0xFC, 0xBE, 0xFC, 0xBE, 0xFC, 0xBE, 0xFC, 0xBE,
    0xFC, 0xBE, 0xFC, 0xBE, 0xFC, 0xBE, 0xFC, 0xBE, 0xFC, 0xBE, 0xFC, 0xBE, 0xFC, 0xBE, 0xFC, 0xBE,
    0xFC, 0xBE, 0xFC, 0xBE, 0xDC, 0xBE, 0xDC, 0xBE, 0xFC, 0xBE, 0xFC, 0xBE, 0xFC, 0xBE, 0xFC, 0xBE,
    0xDC, 0xBE, 0xDC, 0xBE, 0xDC, 0xBE, 0xDC, 0xBE, 0xDC, 0xBE, 0xDB, 0xBE, 0xDC, 0xBE, 0xDC, 0xBE,
    0xDC, 0xBE, 0xFC, 0xBE, 0xFC, 0xBE, 0xFC, 0xBE, 0xFC, 0xBE, 0xFC, 0xBE, 0xFC, 0xBE, 0xDC, 0xBE,
    0xDC, 0xBE, 0xDC, 0xBE, 0xDC, 0xBE, 0xDC, 0xBE, 0xDC, 0xBE, 0xDC, 0xBE, 0xDC, 0xBE, 0xDC, 0xBE,
    0xDC, 0xBE, 0xDC, 0xBE, 0xDC, 0xBE, 0xDC, 0xBE, 0xDC, 0xBE, 0xDC, 0xBE, 0xDC, 0xBE, 0xDC, 0xBE,
    0xDC, 0xBE, 0xDC, 0xBE, 0xDC, 0xBE, 0xDC, 0xBE, 0xDC, 0xBE, 0xDC, 0xBE, 0xDC, 0xBE, 0xDC, 0xBE,
    0xDC, 0xBE, 0xDB, 0xBE, 0xDB, 0xBE, 0xDB, 0xBE, 0xDB, 0xBE, 0xDC, 0xBE, 0xDC, 0xBE, 0xDB, 0xBE,
    0xDB, 0xBE, 0xDC, 0xBE, 0xDC, 0xBE, 0xDC, 0xBE, 0xDC, 0xBE, 0xDC, 0xBE, 0xDB, 0xBE, 0xDC, 0xBE,
    0xDB, 0xBE, 0xDB, 0xBE, 0xDB, 0xBE, 0xDB, 0xBE, 0xDB, 0xBE, 0xDB, 0xBE, 0xDB, 0xBE, 0xDB, 0xBE,
    0xDC, 0xBE, 0xDB, 0xBE, 0xDB, 0xBE, 0xDC, 0xBE, 0xDB, 0xBE, 0xDB, 0xBE, 0xDC, 0xBE, 0xDC, 0xBE,
    0xDC, 0xBE, 0xDC, 0xBE, 0xDC, 0xBE, 0xDC, 0xBE, 0xDB, 0xBE, 0xDB, 0xBE, 0xDB, 0xBE, 0xDB, 0xBE,
    0xB9, 0xDE, 0x99, 0xDE, 0x78, 0xD6, 0x58, 0xCE, 0x58, 0xCE, 0x58, 0xC6, 0x38, 0xC6, 0x38, 0xC6,
    0x38, 0xC6, 0x38, 0xC6, 0x18, 0xC6, 0x17, 0xC6, 0xF7, 0xC5, 0xF7, 0xCD, 0xF7, 0xCD, 0x17, 0xCE,
    0x17, 0xCE, 0xF7, 0xCD, 0xD6, 0xC5, 0xB6, 0xBD, 0xF6, 0xC5, 0x58, 0xD6, 0x99, 0xDE, 0x98, 0xDE,
    0x58, 0xD6, 0x37, 0xCE, 0xF7, 0xBD, 0xF7, 0xBD, 0xD6, 0xB5, 0xD7, 0xB5, 0xD7, 0xB5, 0xB7, 0xAD,
    0xB7, 0xAD, 0xB7, 0xAD, 0xB7, 0xAD, 0xB7, 0xA5, 0xB7, 0xA5, 0xB7, 0xA5, 0xB7, 0xAD, 0xB7, 0xAD,
    0xD7, 0xAD, 0xD8, 0xA5, 0xD8, 0xAD, 0xD8, 0xA5, 0xB8, 0xA5, 0xB8, 0x9D, 0xD8, 0xA5, 0xD8, 0xA5,
    0xD8, 0xA5, 0xF8, 0xAD, 0xD8, 0xA5, 0x19, 0xAE, 0x39, 0xB6, 0x39, 0xB6, 0x39, 0xB6, 0x38, 0xBE,
    0x59, 0xBE, 0x79, 0xC6, 0x9A, 0xCE, 0xBA, 0xD6, 0xDB, 0xD6, 0xFC, 0xD6, 0xFC, 0xCE, 0x1C, 0xCF,
    0x1C, 0xCF, 0x1C, 0xCF, 0x1C, 0xCF, 0x1C, 0xCF, 0x1C, 0xCF, 0x1C, 0xCF, 0x1C, 0xCF, 0x1C, 0xCF,
    0x1C, 0xCF, 0x1C, 0xCF, 0x1C, 0xCF, 0x1C, 0xCF, 0x1C, 0xCF, 0x1C, 0xCF, 0x1C, 0xC7, 0x1C, 0xCF,
    0x1C, 0xC7, 0x1C, 0xC7, 0x1C, 0xC7, 0x1C, 0xC7, 0x1C, 0xC7, 0x1C, 0xC7, 0x1C, 0xC7, 0x1C, 0xC7,
    0x1C, 0xC7, 0x1C, 0xC7, 0x1C, 0xC7, 0x1C, 0xC7, 0x1C, 0xC7, 0x1C, 0xC7, 0x1C, 0xC7, 0x1C, 0xC7,
    0x1C, 0xC7, 0x1C, 0xC7, 0x1C, 0xC7, 0x1C, 0xC7, 0x1C, 0xC7, 0x1C, 0xC7, 0x1C, 0xC7, 0x1C, 0xC7,
    0x1C, 0xC7, 0x1C, 0xC7, 0x1C, 0xC7, 0x1C, 0xC7, 0x1C, 0xC7, 0x1C, 0xC7, 0xFC, 0xC6, 0xFC, 0xC6,
    0xFC, 0xC6, 0xFC, 0xC6, 0xFC, 0xC6, 0xFC, 0xC6, 0x1C, 0xC7, 0x1C, 0xC7, 0xFB, 0xC6, 0xFB, 0xCE,
    0xDB, 0xD6, 0xDA, 0xDE, 0xB9, 0xE6, 0x58, 0xE6, 0x16, 0xE6, 0xD5, 0xDD, 0xD4, 0xDD, 0xB4, 0xDD,
    0xD5, 0xDD, 0xF6, 0xE5, 0x37, 0xE6, 0x99, 0xDE, 0xBA, 0xD6, 0xFB, 0xCE, 0xFC, 0xC6, 0xFC, 0xC6,
    0xFC, 0xC6, 0x1C, 0xC7, 0xFC, 0xC6, 0xFB, 0xC6, 0xFC, 0xC6, 0xFC, 0xC6, 0xFC, 0xC6, 0xFC, 0xC6,
    0xFC, 0xC6, 0x1C, 0xC7, 0xFC, 0xC6, 0xFC, 0xC6, 0xFC, 0xC6, 0xFB, 0xC6, 0xFB, 0xC6, 0xDB, 0xC6,
    0xDB, 0xCE, 0xDB, 0xCE, 0xDB, 0xD6, 0xDA, 0xD6, 0xB9, 0xDE, 0x94, 0xD5, 0xF1, 0xC4, 0x12, 0xCD,
    0xF2, 0xC4, 0x95, 0xC5, 0xFB, 0xDE, 0xFB, 0xD6, 0xDB, 0xD6, 0xDB, 0xD6, 0xDB, 0xCE, 0xDB, 0xCE,
    0xDB, 0xC6, 0xDC, 0xC6, 0xFC, 0xC6, 0xFC, 0xBE, 0xFC, 0xC6, 0xFC, 0xC6, 0xFC, 0xC6, 0xFC, 0xC6,
    0xFC, 0xBE, 0xFC, 0xBE, 0xFC, 0xBE, 0xFC, 0xBE, 0xFC, 0xC6, 0xFC, 0xBE, 0xFB, 0xBE, 0xFB, 0xBE,
    0xFB, 0xBE, 0xFB, 0xBE, 0xDB, 0xC6, 0xDB, 0xCE, 0xFA, 0xDE, 0xFA, 0xEE, 0xB9, 0xEE, 0x57, 0xE6,
    0x16, 0xE6, 0xF5, 0xE5, 0x15, 0xE6, 0x17, 0xE6, 0x37, 0xE6, 0x58, 0xE6, 0x99, 0xDE, 0xBA, 0xD6,
    0xDA, 0xCE, 0xFB, 0xC6, 0xFB, 0xBE, 0xFC, 0xBE, 0xFC, 0xBE, 0xFC, 0xBE, 0xFC, 0xBE, 0xFB, 0xBE,
    0xFC, 0xC6, 0xFB, 0xC6, 0xFC, 0xC6, 0xFC, 0xC6, 0xFC, 0xC6, 0xFC, 0xC6, 0xFC, 0xC6, 0xFC, 0xBE,
    0xFC, 0xBE, 0xFC, 0xBE, 0xFC, 0xBE, 0xFC, 0xBE, 0xFC, 0xBE, 0xFC, 0xBE, 0xFC, 0xBE, 0xFC, 0xBE,
    0xFC, 0xBE, 0xFC, 0xBE, 0xFC, 0xBE, 0xFC, 0xBE, 0xFC, 0xBE, 0xFC, 0xBE, 0xFC, 0xBE, 0xFC, 0xBE,
    0xFC, 0xBE, 0xFC, 0xBE, 0xFC, 0xBE, 0xFC, 0xBE, 0xFC, 0xBE, 0xFC, 0xBE, 0xFC, 0xBE, 0xFC, 0xBE,
    0xDC, 0xBE, 0xDC, 0xBE, 0xDC, 0xBE, 0xDC, 0xBE, 0xDC, 0xBE, 0xDB, 0xBE, 0xDB, 0xBE, 0xDC, 0xBE,
    0xFC, 0xBE, 0xFC, 0xBE, 0xFC, 0xBE, 0xFC, 0xBE, 0xFC, 0xBE, 0xFC, 0xBE, 0xFC, 0xBE, 0xDC, 0xBE,
    0xDC, 0xBE, 0xDC, 0xBE, 0xDC, 0xBE, 0xDC, 0xBE, 0xDC, 0xBE, 0xDC, 0xBE, 0xDC, 0xBE, 0xDC, 0xBE,
    0xDC, 0xBE, 0xDC, 0xBE, 0xDC, 0xBE, 0xDC, 0xBE, 0xDC, 0xBE, 0xDC, 0xBE, 0xDC, 0xBE, 0xDC, 0xBE,
    0xDC, 0xBE, 0xFC, 0xBE, 0xFC, 0xBE, 0xDC, 0xBE, 0xDC, 0xBE, 0xDC, 0xBE, 0xDC, 0xBE, 0xDC, 0xBE,
    0xDC, 0xBE, 0xDC, 0xBE, 0xDC, 0xBE, 0xDC, 0xBE, 0xDC, 0xBE, 0xDC, 0xBE, 0xDC, 0xBE, 0xDC, 0xBE,
    0xDC, 0xBE, 0xDC, 0xBE, 0xFC, 0xBE, 0xDC, 0xBE, 0xDC, 0xBE, 0xDC, 0xBE, 0xDB, 0xBE, 0xDC, 0xBE,
    0xDC, 0xBE, 0xDC, 0xBE, 0xDC, 0xBE, 0xDB, 0xBE, 0xDB, 0xBE, 0xDB, 0xBE, 0xDB, 0xBE, 0xDC, 0xBE,
    0xDC, 0xBE, 0xDC, 0xBE, 0xDC, 0xBE, 0xDC, 0xBE, 0xDC, 0xBE, 0xDB, 0xBE, 0xDC, 0xBE, 0xFC, 0xBE,
    0xDC, 0xBE, 0xDC, 0xBE, 0xDC, 0xBE, 0xDC, 0xBE, 0xDB, 0xBE, 0xDB, 0xBE, 0xDB, 0xBE, 0xDB, 0xBE,
    0x99, 0xDE, 0x78, 0xD6, 0x58, 0xCE, 0x58, 0xCE, 0x38, 0xC6, 0x38, 0xC6, 0x38, 0xC6, 0x18, 0xC6,
    0x18, 0xC6, 0x18, 0xC6, 0x18, 0xC6, 0xF8, 0xBD, 0xF7, 0xBD, 0xF7, 0xC5, 0x38, 0xCE, 0x58, 0xD6,
    0x78, 0xD6, 0x99, 0xDE, 0x78, 0xD6, 0x58, 0xD6, 0x37, 0xCE, 0x57, 0xD6, 0x99, 0xDE, 0x99, 0xDE,
    0x37, 0xCE, 0xF7, 0xC5, 0xF7, 0xBD, 0xD6, 0xB5, 0xB6, 0xB5, 0xB6, 0xAD, 0xB6, 0xAD, 0xB6, 0xAD,
    0xB6, 0xAD, 0x96, 0xAD, 0x96, 0xA5, 0x97, 0xA5, 0x97, 0xA5, 0xB7, 0xA5, 0xB7, 0xAD, 0xB7, 0xAD,
    0xD7, 0xAD, 0xB8, 0xA5, 0xB8, 0xA5, 0xB8, 0xA5, 0x97, 0x9D, 0x98, 0x9D, 0xB8, 0x9D, 0xB8, 0xA5,
    0xD8, 0xA5, 0xD8, 0xA5, 0xD8, 0xA5, 0xF9, 0xAD, 0x19, 0xB6, 0x19, 0xB6, 0x19, 0xB6, 0x18, 0xB6,
    0x39, 0xB6, 0x39, 0xBE, 0x59, 0xBE, 0x79, 0xC6, 0x9A, 0xCE, 0xFB, 0xCE, 0x1C, 0xCF, 0x1C, 0xCF,
    0x1C, 0xCF, 0x1C, 0xCF, 0x1C, 0xCF, 0x1C, 0xCF, 0x1C, 0xCF, 0x1C, 0xCF, 0x1C, 0xCF, 0x1C, 0xCF,
    0x1C, 0xCF, 0x1C, 0xCF, 0x1C, 0xCF, 0x1C, 0xCF, 0x1C, 0xCF, 0x1C, 0xCF, 0x1C, 0xCF, 0x1C, 0xCF,
    0x1C, 0xCF, 0x1C, 0xCF, 0x1C, 0xCF, 0x1C, 0xCF, 0x1C, 0xCF, 0x1C, 0xC7, 0x1C, 0xC7, 0x1C, 0xC7,
    0x1C, 0xC7, 0x1C, 0xC7, 0x1C, 0xC7, 0x1C, 0xC7, 0x1C, 0xCF, 0x1C, 0xCF, 0x1C, 0xC7, 0x1C, 0xCF,
    0x1C, 0xCF, 0x1C, 0xC7, 0x1C, 0xC7, 0x1C, 0xC7, 0xFC, 0xC6, 0xFC, 0xC6, 0xFC, 0xC6, 0xFC, 0xC6,
    0xFC, 0xC6, 0x1C, 0xC7, 0x1C, 0xC7, 0x1C, 0xC7, 0x1C, 0xC7, 0x1C, 0xC7, 0xFC, 0xC6, 0x1C, 0xC7,
    0x1C, 0xC7, 0x1C, 0xCF, 0xFC, 0xCE, 0xFC, 0xC6, 0xFB, 0xC6, 0xFB, 0xD6, 0xDB, 0xDE, 0xDA, 0xE6,
    0x78, 0xE6, 0x36, 0xDE, 0xD5, 0xDD, 0x73, 0xDD, 0x52, 0xDD, 0x11, 0xDD, 0xD0, 0xD4, 0xD0, 0xD4,
    0x32, 0xD5, 0x73, 0xDD, 0xB5, 0xDD, 0xF6, 0xDD, 0xF7, 0xDD, 0x79, 0xDE, 0xDB, 0xD6, 0xFB, 0xCE,
    0xFB, 0xC6, 0xFC, 0xC6, 0xFC, 0xC6, 0xFC, 0xC6, 0xFC, 0xC6, 0xFC, 0xC6, 0xFC, 0xC6, 0xFC, 0xC6,
    0xFC, 0xC6, 0xFC, 0xC6, 0xFC, 0xC6, 0xDB, 0xCE, 0xDB, 0xCE, 0xFB, 0xD6, 0xFB, 0xDE, 0xFA, 0xE6,
    0xFA, 0xE6, 0xFA, 0xEE, 0xFA, 0xEE, 0xD9, 0xEE, 0xD9, 0xF6, 0xF9, 0xFE, 0xF9, 0xFE, 0xFA, 0xFE,
    0xD9, 0xFE, 0xD9, 0xF6, 0xB9, 0xEE, 0xB9, 0xEE, 0xB9, 0xEE, 0xB9, 0xEE, 0xB9, 0xE6, 0xDA, 0xE6,
    0xDA, 0xDE, 0xFA, 0xD6, 0xDB, 0xCE, 0xDB, 0xCE, 0xDB, 0xC6, 0xDB, 0xC6, 0xFC, 0xBE, 0xDC, 0xC6,
    0xDC, 0xC6, 0xFC, 0xC6, 0xFC, 0xC6, 0xFC, 0xBE, 0xFC, 0xBE, 0xFC, 0xBE, 0xFC, 0xBE, 0xFB, 0xC6,
    0xFB, 0xC6, 0xDA, 0xC6, 0xFB, 0xDE, 0xFB, 0xEE, 0xB9, 0xEE, 0x57, 0xEE, 0xF5, 0xE5, 0xD4, 0xE5,
    0x52, 0xDD, 0x32, 0xDD, 0x32, 0xDD, 0x52, 0xDD, 0x73, 0xDD, 0x94, 0xDD, 0xB5, 0xDD, 0xF6, 0xDD,
    0x58, 0xDE, 0x9A, 0xDE, 0xDB, 0xD6, 0xDB, 0xC6, 0xFB, 0xC6, 0xFB, 0xC6, 0xFB, 0xBE, 0xFB, 0xBE,
    0xFC, 0xBE, 0xFC, 0xBE, 0xFC, 0xC6, 0xFC, 0xC6, 0xFC, 0xBE, 0xFC, 0xBE, 0xFC, 0xBE, 0xFC, 0xBE,
    0xFC, 0xBE, 0xFC, 0xBE, 0xFC, 0xBE, 0xFC, 0xBE, 0xFC, 0xBE, 0xFC, 0xBE, 0xDC, 0xBE, 0xDC, 0xBE,
    0xFC, 0xBE, 0xFC, 0xBE, 0xFC, 0xBE, 0xFC, 0xBE, 0xFC, 0xBE, 0xDC, 0xBE, 0xFC, 0xBE, 0xFC, 0xBE,
    0xFC, 0xBE, 0xFC, 0xBE, 0xFC, 0xBE, 0xFC, 0xBE, 0xDC, 0xBE, 0xDC, 0xBE, 0xFC, 0xBE, 0xFC, 0xBE,
    0xFC, 0xBE, 0xFC, 0xBE, 0xDC, 0xBE, 0xDC, 0xBE, 0xDC, 0xBE, 0xDB, 0xBE, 0xDB, 0xBE, 0xDC, 0xBE,
    0xFC, 0xBE, 0xDC, 0xBE, 0xFC, 0xBE, 0xDC, 0xBE, 0xDC, 0xBE, 0xDC, 0xBE, 0xDC, 0xBE, 0xDC, 0xBE,
    0xDC, 0xBE, 0xDC, 0xBE, 0xDC, 0xBE, 0xDC, 0xBE, 0xDC, 0xBE, 0xDC, 0xBE, 0xDC, 0xBE, 0xDC, 0xBE,
    0xDC, 0xBE, 0xDC, 0xBE, 0xDC, 0xBE, 0xDC, 0xBE, 0xDC, 0xBE, 0xDC, 0xBE, 0xDC, 0xBE, 0xDC, 0xBE,
    0xDC, 0xBE, 0xDC, 0xBE, 0xDC, 0xBE, 0xDC, 0xBE, 0xDC, 0xBE, 0xDC, 0xBE, 0xDC, 0xBE, 0xDC, 0xBE,
    0xDC, 0xBE, 0xDC, 0xBE, 0xDC, 0xBE, 0xDC, 0xBE, 0xDC, 0xBE, 0xDC, 0xBE, 0xDC, 0xBE, 0xDC, 0xBE,
    0xDC, 0xBE, 0xDC, 0xBE, 0xDC, 0xBE, 0xDC, 0xBE, 0xDC, 0xBE, 0xDC, 0xBE, 0xDC, 0xBE, 0xDC, 0xBE,
    0xDC, 0xBE, 0xDC, 0xBE, 0xDC, 0xBE, 0xDB, 0xBE, 0xDB, 0xBE, 0xDB, 0xBE, 0xDB, 0xBE, 0xDB, 0xBE,
    0xDC, 0xBE, 0xDC, 0xBE, 0xDC, 0xBE, 0xDB, 0xBE, 0xDC, 0xBE, 0xDC, 0xBE, 0xDC, 0xBE, 0xDC, 0xBE,
    0xDC, 0xBE, 0xDC, 0xBE, 0xDC, 0xBE, 0xDC, 0xBE, 0xDB, 0xBE, 0xDB, 0xBE, 0xDB, 0xBE, 0xDB, 0xBE,
    0x78, 0xD6, 0x58, 0xCE, 0x38, 0xC6, 0x17, 0xC6, 0x17, 0xBE, 0x18, 0xC6, 0x18, 0xC6, 0xF7, 0xBD,
    0xF7, 0xBD, 0xD7, 0xBD, 0xF7, 0xBD, 0xF8, 0xBD, 0xF8, 0xBD, 0x38, 0xC6, 0x79, 0xD6, 0x98, 0xD6,
    0x99, 0xDE, 0xB9, 0xDE, 0x99, 0xDE, 0xB9, 0xDE, 0x99, 0xDE, 0x98, 0xDE, 0x99, 0xDE, 0x78, 0xD6,
    0x17, 0xC6, 0xF7, 0xBD, 0xD6, 0xBD, 0xB6, 0xB5, 0xB6, 0xAD, 0x96, 0xAD, 0x96, 0xAD, 0x96, 0xAD,
    0x96, 0xA5, 0x96, 0xA5, 0x96, 0xA5, 0x96, 0xA5, 0x97, 0xA5, 0x97, 0xA5, 0xB7, 0xA5, 0xB7, 0xAD,
    0xB7, 0xA5, 0xB7, 0xA5, 0xB7, 0xA5, 0x97, 0x9D, 0x77, 0x9D, 0x97, 0x9D, 0x98, 0x9D, 0xB8, 0xA5,
    0xD8, 0xA5, 0xD8, 0xA5, 0xF8, 0xAD, 0xF9, 0xAD, 0x19, 0xB6, 0x18, 0xB6, 0x18, 0xB6, 0x19, 0xB6,
    0x19, 0xBE, 0x19, 0xB6, 0x39, 0xBE, 0x59, 0xC6, 0x59, 0xC6, 0x9A, 0xC6, 0xFC, 0xCE, 0x1C, 0xCF,
    0x1C, 0xCF, 0x1C, 0xCF, 0x1C, 0xCF, 0x1C, 0xCF, 0x1C, 0xCF, 0x1C, 0xCF, 0x1C, 0xCF, 0x1C, 0xCF,
    0x1C, 0xCF, 0x1C, 0xCF, 0x1C, 0xCF, 0x1C, 0xCF, 0x1C, 0xCF, 0x1C, 0xCF, 0x1C, 0xCF, 0x1C, 0xCF,
    0x1C, 0xCF, 0x1C, 0xCF, 0x1C, 0xCF, 0x1C, 0xCF, 0x1C, 0xCF, 0x1C, 0xC7, 0x1C, 0xC7, 0x1C, 0xC7,
    0x1C, 0xC7, 0x1C, 0xC7, 0x1C, 0xCF, 0x1C, 0xCF, 0x1C, 0xCF, 0x1C, 0xCF, 0x1C, 0xC7, 0x1C, 0xCF,
    0x1C, 0xCF, 0x1C, 0xCF, 0x1C, 0xCF, 0x1C, 0xC7, 0xFC, 0xC6, 0xFC, 0xC6, 0xFC, 0xC6, 0xFC, 0xC6,
    0xFC, 0xC6, 0x1C, 0xC7, 0x1C, 0xC7, 0x1C, 0xC7, 0x1C, 0xC7, 0x1C, 0xC7, 0x1C, 0xC7, 0x1C, 0xC7,
    0x1C, 0xCF, 0xFB, 0xCE, 0xFB, 0xCE, 0xFA, 0xD6, 0xFA, 0xE6, 0x99, 0xEE, 0x37, 0xEE, 0xF5, 0xE5,
    0x52, 0xD5, 0x31, 0xD5, 0xF0, 0xD4, 0xB0, 0xDC, 0x0D, 0xCC, 0x4A, 0xBB, 0x09, 0xB3, 0x09, 0xB3,
    0xED, 0xC3, 0xD1, 0xD4, 0x53, 0xDD, 0xB5, 0xDD, 0xD5, 0xDD, 0xD6, 0xDD, 0x38, 0xDE, 0xBA, 0xD6,
    0xFB, 0xCE, 0xFC, 0xC6, 0xFC, 0xC6, 0xFC, 0xC6, 0xFC, 0xC6, 0xFC, 0xC6, 0xFC, 0xC6, 0xDB, 0xC6,
    0xDB, 0xCE, 0xDB, 0xCE, 0xFB, 0xD6, 0xFB, 0xE6, 0xFA, 0xEE, 0xDA, 0xEE, 0xD9, 0xEE, 0xDA, 0xF6,
    0xD9, 0xF6, 0xB9, 0xF6, 0xB8, 0xF6, 0xB9, 0xF6, 0xB8, 0xF6, 0xB8, 0xEE, 0x98, 0xEE, 0x98, 0xEE,
    0x98, 0xEE, 0x98, 0xF6, 0x98, 0xF6, 0x98, 0xEE, 0x98, 0xEE, 0x78, 0xEE, 0x78, 0xEE, 0x99, 0xEE,
    0xB9, 0xEE, 0xB9, 0xEE, 0xB9, 0xEE, 0xBA, 0xE6, 0xDA, 0xDE, 0xDB, 0xD6, 0xDB, 0xCE, 0xDB, 0xC6,
    0xDC, 0xC6, 0xFC, 0xC6, 0xFC, 0xC6, 0xFC, 0xBE, 0xFC, 0xBE, 0xFC, 0xBE, 0xFC, 0xC6, 0xFB, 0xC6,
    0xDB, 0xC6, 0xFB, 0xE6, 0xFA, 0xF6, 0xB8, 0xF6, 0x56, 0xEE, 0xD4, 0xE5, 0x93, 0xDD, 0x52, 0xE5,
    0x4E, 0xD4, 0x2A, 0xBB, 0x0A, 0xBB, 0xAC, 0xCB, 0xED, 0xCB, 0x8F, 0xD4, 0xD0, 0xD4, 0x12, 0xDD,
    0x94, 0xDD, 0xB5, 0xDD, 0x17, 0xDE, 0x78, 0xDE, 0xBA, 0xD6, 0xDB, 0xCE, 0xFB, 0xC6, 0xFB, 0xBE,
    0xFC, 0xBE, 0xFC, 0xC6, 0xFC, 0xBE, 0xFC, 0xBE, 0xFC, 0xBE, 0xFC, 0xBE, 0xFC, 0xBE, 0xFC, 0xBE,
    0xFC, 0xBE, 0xFC, 0xBE, 0xFC, 0xBE, 0xFC, 0xBE, 0xFC, 0xBE, 0xFC, 0xBE, 0xFC, 0xBE, 0xFC, 0xBE,
    0xFC, 0xBE, 0xDC, 0xBE, 0xDC, 0xBE, 0xFC, 0xC6, 0xFC, 0xC6, 0xDC, 0xBE, 0xDC, 0xBE, 0xDC, 0xBE,
    0xFC, 0xC6, 0xFC, 0xBE, 0xDC, 0xBE, 0xDC, 0xBE, 0xDC, 0xBE, 0xDC, 0xBE, 0xDC, 0xBE, 0xDC, 0xBE,
    0xDC, 0xBE, 0xDC, 0xBE, 0xDC, 0xBE, 0xDC, 0xBE, 0xDC, 0xBE, 0xDC, 0xBE, 0xDC, 0xBE, 0xDC, 0xBE,
    0xFC, 0xBE, 0xDC, 0xBE, 0xFC, 0xBE, 0xDC, 0xBE, 0xDC, 0xBE, 0xDC, 0xBE, 0xFC, 0xBE, 0xFC, 0xBE,
    0xFC, 0xBE, 0xDC, 0xBE, 0xDC, 0xBE, 0xDC, 0xBE, 0xDC, 0xBE, 0xDC, 0xBE, 0xDC, 0xBE, 0xDB, 0xBE,
    0xDB, 0xBE, 0xDC, 0xBE, 0xDC, 0xBE, 0xDC, 0xBE, 0xDC, 0xBE, 0xDC, 0xBE, 0xDC, 0xBE, 0xDC, 0xBE,
    0xDC, 0xBE, 0xDC, 0xBE, 0xDC, 0xBE, 0xDC, 0xBE, 0xDC, 0xBE, 0xDC, 0xBE, 0xDC, 0xBE, 0xDC, 0xBE,
    0xDC, 0xBE, 0xDC, 0xBE, 0xDC, 0xBE, 0xDC, 0xBE, 0xDC, 0xBE, 0xDC, 0xBE, 0xDC, 0xBE, 0xDC, 0xBE,
    0xDC, 0xBE, 0xDC, 0xBE, 0xDC, 0xBE, 0xDC, 0xBE, 0xDC, 0xBE, 0xDC, 0xBE, 0xDC, 0xBE, 0xDC, 0xBE,
    0xDC, 0xBE, 0xDC, 0xBE, 0xDC, 0xBE, 0xDB, 0xBE, 0xDB, 0xBE, 0xDB, 0xBE, 0xDB, 0xBE, 0xDB, 0xBE,
    0xDB, 0xBE, 0xDB, 0xBE, 0xDB, 0xBE, 0xDB, 0xBE, 0xDC, 0xBE, 0xDC, 0xBE, 0xDC, 0xBE, 0xDC, 0xBE,
    0xDC, 0xBE, 0xDC, 0xBE, 0xDC, 0xBE, 0xDC, 0xBE, 0xDB, 0xBE, 0xDB, 0xBE, 0xDB, 0xBE, 0xDB, 0xBE,
    0x58, 0xCE, 0x37, 0xC6, 0x17, 0xC6, 0xF7, 0xBD, 0xF7, 0xBD, 0xF8, 0xBD, 0xF8, 0xBD, 0xD8, 0xBD,
    0xD7, 0xBD, 0xD7, 0xB5, 0xF8, 0xB5, 0xF8, 0xB5, 0x18, 0xBE, 0x58, 0xC6, 0x79, 0xD6, 0x99, 0xD6,
    0x99, 0xDE, 0x99, 0xDE, 0x99, 0xDE, 0x99, 0xDE, 0x99, 0xDE, 0x99, 0xDE, 0x99, 0xD6, 0x58, 0xCE,
    0xF7, 0xC5, 0xD6, 0xBD, 0xB6, 0xB5, 0x96, 0xB5, 0x96, 0xAD, 0x96, 0xAD, 0x96, 0xAD, 0x96, 0xAD,
    0x96, 0xA5, 0x96, 0xA5, 0x96, 0xA5, 0x96, 0xA5, 0x96, 0xA5, 0x97, 0xA5, 0xB7, 0xA5, 0xB7, 0xA5,
    0xB7, 0xA5, 0xB7, 0xA5, 0x97, 0x9D, 0x97, 0x9D, 0x97, 0x9D, 0x97, 0x9D, 0x97, 0x9D, 0xB8, 0xA5,
    0xD8, 0xA5, 0xD8, 0xAD, 0xF8, 0xAD, 0xF8, 0xAD, 0xF9, 0xAD, 0xF8, 0xAD, 0xF8, 0xB5, 0xF9, 0xB5,
    0xF8, 0xB5, 0xD8, 0xB5, 0x18, 0xB6, 0x59, 0xBE, 0x59, 0xBE, 0x7A, 0xC6, 0xDB, 0xC6, 0x1C, 0xCF,
    0x1C, 0xC7, 0x1C, 0xC7, 0x1C, 0xCF, 0xFC, 0xCE, 0x1C, 0xCF, 0x1C, 0xCF, 0x1C, 0xCF, 0x1C, 0xC7,
    0x1C, 0xC7, 0x1C, 0xCF, 0x1C, 0xCF, 0x1C, 0xCF, 0x1C, 0xC7, 0x1C, 0xC7, 0x1C, 0xC7, 0x1C, 0xCF,
    0x1C, 0xC7, 0x1C, 0xC7, 0x1C, 0xC7, 0xFC, 0xCE, 0xFC, 0xCE, 0xFB, 0xCE, 0x1C, 0xCF, 0x1B, 0xCF,
    0x1B, 0xCF, 0x1C, 0xCF, 0x1C, 0xCF, 0x1C, 0xC7, 0x1C, 0xC7, 0x1C, 0xCF, 0x1C, 0xCF, 0x1C, 0xC7,
    0x1C, 0xCF, 0x1C, 0xCF, 0x1C, 0xCF, 0x1C, 0xC7, 0x1C, 0xC7, 0x1C, 0xC7, 0x1C, 0xC7, 0x1C, 0xCF,
    0x1C, 0xCF, 0x1C, 0xCF, 0x1B, 0xC7, 0xFC, 0xCE, 0x1C, 0xCF, 0x1C, 0xC7, 0x1C, 0xC7, 0xFB, 0xC6,
    0xFB, 0xCE, 0xFB, 0xDE, 0xFA, 0xE6, 0xB8, 0xEE, 0x36, 0xE6, 0x94, 0xDD, 0x12, 0xDD, 0xF1, 0xDC,
    0x8F, 0xD4, 0xED, 0xCB, 0x4A, 0xC3, 0xC9, 0xBA, 0x67, 0xB2, 0xE5, 0xA9, 0xE5, 0xA1, 0xC5, 0x99,
    0x46, 0x9A, 0xAC, 0xBB, 0xF2, 0xD4, 0x94, 0xDD, 0xB5, 0xDD, 0xB5, 0xDD, 0xD6, 0xDD, 0x17, 0xD6,
    0xBA, 0xD6, 0xFC, 0xCE, 0xFC, 0xC6, 0x1C, 0xC7, 0xFC, 0xC6, 0xFB, 0xC6, 0xFB, 0xC6, 0xFB, 0xD6,
    0xFB, 0xE6, 0xFA, 0xEE, 0xFA, 0xEE, 0xFA, 0xF6, 0xD9, 0xF6, 0xB9, 0xF6, 0xB9, 0xF6, 0xB9, 0xF6,
    0xB9, 0xF6, 0xB9, 0xF6, 0x98, 0xEE, 0x98, 0xEE, 0xB8, 0xF6, 0x98, 0xEE, 0x78, 0xEE, 0x78, 0xEE,
    0x78, 0xEE, 0x78, 0xEE, 0x78, 0xEE, 0x98, 0xEE, 0x98, 0xEE, 0x98, 0xEE, 0x78, 0xEE, 0x78, 0xEE,
    0x78, 0xEE, 0x78, 0xEE, 0x98, 0xEE, 0x78, 0xEE, 0x99, 0xEE, 0x99, 0xE6, 0xBA, 0xE6, 0xDA, 0xDE,
    0xDB, 0xD6, 0xFC, 0xC6, 0xFC, 0xC6, 0xFC, 0xBE, 0xFC, 0xBE, 0xFC, 0xBE, 0xFB, 0xC6, 0xDA, 0xCE,
    0xFA, 0xE6, 0xF9, 0xF6, 0x98, 0xF6, 0x36, 0xEE, 0xF4, 0xE5, 0x93, 0xDD, 0x31, 0xE5, 0x6B, 0xC3,
    0x06, 0xAA, 0xA5, 0xA1, 0xC5, 0xA9, 0x06, 0xAA, 0x47, 0xB2, 0xA8, 0xBA, 0x09, 0xBB, 0xAC, 0xCB,
    0x8F, 0xD4, 0x11, 0xDD, 0x73, 0xDD, 0xB5, 0xDD, 0xF6, 0xDD, 0x58, 0xDE, 0xBA, 0xD6, 0xDB, 0xCE,
    0xDB, 0xC6, 0xFB, 0xC6, 0xFC, 0xBE, 0xFC, 0xC6, 0xFB, 0xBE, 0xFB, 0xBE, 0xFB, 0xBE, 0xFC, 0xBE,
    0xFC, 0xBE, 0xFC, 0xBE, 0xFC, 0xBE, 0xFC, 0xBE, 0xDC, 0xBE, 0xDC, 0xBE, 0xFC, 0xBE, 0xFC, 0xBE,
    0xFC, 0xBE, 0xFC, 0xBE, 0xFC, 0xBE, 0xDC, 0xBE, 0xDC, 0xBE, 0xDB, 0xBE, 0xDC, 0xBE, 0xDC, 0xBE,
    0xDC, 0xBE, 0xFC, 0xBE, 0xDC, 0xBE, 0xFC, 0xBE, 0xDC, 0xBE, 0xDC, 0xBE, 0xDC, 0xBE, 0xDB, 0xBE,
    0xDC, 0xBE, 0xDC, 0xBE, 0xDB, 0xBE, 0xDB, 0xBE, 0xDB, 0xBE, 0xDB, 0xBE, 0xDB, 0xBE, 0xDB, 0xBE,
    0xFC, 0xBE, 0xDC, 0xBE, 0xDC, 0xBE, 0xDC, 0xBE, 0xFC, 0xBE, 0xDC, 0xBE, 0xDC, 0xBE, 0xDC, 0xBE,
    0xDC, 0xBE, 0xDC, 0xBE, 0xDC, 0xBE, 0xDC, 0xBE, 0xDC, 0xBE, 0xDC, 0xBE, 0xDC, 0xBE, 0xDC, 0xBE,
    0xDC, 0xBE, 0xDC, 0xBE, 0xDC, 0xBE, 0xDC, 0xBE, 0xDC, 0xBE, 0xDC, 0xBE, 0xDC, 0xBE, 0xDC, 0xBE,
    0xDC, 0xBE, 0xDC, 0xBE, 0xDC, 0xBE, 0xDC, 0xBE, 0xDC, 0xBE, 0xDC, 0xBE, 0xDC, 0xBE, 0xDC, 0xBE,
    0xDC, 0xBE, 0xDC, 0xBE, 0xDB, 0xBE, 0xDB, 0xBE, 0xDB, 0xBE, 0xDB, 0xBE, 0xDB, 0xBE, 0xDB, 0xBE,
    0xDB, 0xBE, 0xDB, 0xBE, 0xDB, 0xBE, 0xDB, 0xBE, 0xDB, 0xBE, 0xDB, 0xBE, 0xDB, 0xBE, 0xDB, 0xBE,
    0xDB, 0xBE, 0xDB, 0xBE, 0xDB, 0xBE, 0xDB, 0xBE, 0xDC, 0xBE, 0xDC, 0xBE, 0xDC, 0xBE, 0xDC, 0xBE,
    0xDC, 0xBE, 0xDB, 0xBE, 0xDB, 0xBE, 0xDB, 0xBE, 0xDB, 0xBE, 0xDB, 0xBE, 0xDB, 0xBE, 0xDB, 0xBE,
    0xDB, 0xBE, 0xDB, 0xBE, 0xDB, 0xBE, 0xFC, 0xBE, 0xDB, 0xBE, 0xDB, 0xBE, 0xDB, 0xBE, 0xDB, 0xBE,
    0x37, 0xC6, 0x17, 0xC6, 0xF7, 0xBD, 0xF7, 0xBD, 0xF7, 0xBD, 0xF8, 0xBD, 0xD7, 0xB5, 0xD7, 0xB5,
    0xD7, 0xB5, 0xD7, 0xB5, 0xF8, 0xB5, 0xF8, 0xB5, 0x18, 0xBE, 0x38, 0xC6, 0x79, 0xCE, 0x79, 0xD6,
    0x79, 0xD6, 0x79, 0xD6, 0x79, 0xD6, 0x79, 0xD6, 0x78, 0xD6, 0x58, 0xD6, 0x58, 0xCE, 0x18, 0xC6,
    0xD7, 0xBD, 0xB6, 0xB5, 0x96, 0xB5, 0x96, 0xB5, 0x76, 0xAD, 0x75, 0xAD, 0x96, 0xA5, 0x96, 0xA5,
    0x76, 0xA5, 0x76, 0xA5, 0x76, 0xA5, 0x76, 0xA5, 0x96, 0xA5, 0x97, 0xA5, 0xB7, 0xA5, 0x97, 0xA5,
    0x97, 0xA5, 0xB7, 0xA5, 0x77, 0x9D, 0x77, 0x9D, 0x77, 0x9D, 0x97, 0x9D, 0x97, 0x9D, 0xB8, 0xA5,
    0xD8, 0xA5, 0xD8, 0xA5, 0xD8, 0xAD, 0xF8, 0xAD, 0xF8, 0xAD, 0xF8, 0xAD, 0xF8, 0xAD, 0xF8, 0xAD,
    0xF8, 0xAD, 0xD8, 0xAD, 0x18, 0xB6, 0x38, 0xB6, 0x39, 0xBE, 0x5A, 0xBE, 0xBB, 0xC6, 0xFC, 0xCE,
    0xFC, 0xCE, 0xFB, 0xCE, 0xFC, 0xCE, 0xFB, 0xD6, 0xFB, 0xD6, 0xFB, 0xCE, 0x1C, 0xCF, 0x1C, 0xCF,
    0x1C, 0xC7, 0x1C, 0xC7, 0x1C, 0xCF, 0x1C, 0xCF, 0x1C, 0xC7, 0x1C, 0xC7, 0x1C, 0xCF, 0xFC, 0xCE,
    0xFC, 0xCE, 0xFB, 0xCE, 0xFB, 0xCE, 0x1C, 0xD7, 0x1C, 0xDF, 0x3C, 0xDF, 0x3C, 0xDF, 0x3C, 0xDF,
    0x1C, 0xDF, 0x1B, 0xD7, 0x1C, 0xCF, 0xFC, 0xCE, 0x1C, 0xCF, 0x1C, 0xCF, 0x1C, 0xC7, 0x1C, 0xC7,
    0x1C, 0xCF, 0x1C, 0xCF, 0x1C, 0xC7, 0x1C, 0xC7, 0x1C, 0xC7, 0x1C, 0xC7, 0x1C, 0xC7, 0x1C, 0xC7,
    0x1C, 0xC7, 0x1C, 0xCF, 0x1B, 0xC7, 0x1C, 0xC7, 0x1C, 0xCF, 0x1B, 0xCF, 0xFB, 0xCE, 0xDA, 0xDE,
    0xDA, 0xE6, 0x98, 0xEE, 0x16, 0xE6, 0x94, 0xDD, 0x32, 0xDD, 0xD0, 0xDC, 0x2E, 0xD4, 0xAC, 0xCB,
    0x2A, 0xC3, 0x67, 0xB2, 0xE6, 0xA9, 0xC5, 0xA9, 0xE5, 0xA9, 0xE6, 0xA9, 0xC5, 0xA1, 0xE6, 0xA1,
    0xE6, 0x99, 0x27, 0x9A, 0xCD, 0xBB, 0x32, 0xDD, 0x73, 0xD5, 0x94, 0xDD, 0xD6, 0xE5, 0xD6, 0xE5,
    0xF7, 0xD5, 0xBA, 0xD6, 0xDB, 0xCE, 0xFB, 0xC6, 0xFB, 0xCE, 0xFB, 0xD6, 0xFB, 0xE6, 0xFA, 0xEE,
    0xF9, 0xEE, 0xD9, 0xF6, 0xD9, 0xF6, 0xD9, 0xF6, 0xB9, 0xF6, 0xB9, 0xF6, 0xB9, 0xF6, 0xB8, 0xF6,
    0xB8, 0xF6, 0x98, 0xEE, 0x98, 0xEE, 0x98, 0xF6, 0x98, 0xF6, 0x78, 0xEE, 0x78, 0xEE, 0x98, 0xEE,
    0x78, 0xEE, 0x78, 0xEE, 0x57, 0xEE, 0x78, 0xEE, 0x78, 0xEE, 0x58, 0xEE, 0x78, 0xEE, 0x78, 0xEE,
    0x78, 0xEE, 0x78, 0xEE, 0x78, 0xEE, 0x58, 0xEE, 0x78, 0xEE, 0x78, 0xE6, 0x78, 0xE6, 0x78, 0xEE,
    0x99, 0xE6, 0xBA, 0xDE, 0xDA, 0xCE, 0xFB, 0xC6, 0xFC, 0xC6, 0xDB, 0xC6, 0xDA, 0xCE, 0x1A, 0xEF,
    0xD9, 0xF6, 0xB8, 0xF6, 0x36, 0xEE, 0xB4, 0xE5, 0x93, 0xE5, 0x52, 0xED, 0x8C, 0xC3, 0xC5, 0x99,
    0xC5, 0xA1, 0xC5, 0xA9, 0xC5, 0xA9, 0xE6, 0xB1, 0xE6, 0xB1, 0xE6, 0xA9, 0x06, 0xAA, 0x67, 0xB2,
    0xC9, 0xBA, 0x8C, 0xCB, 0x4F, 0xD4, 0xF1, 0xDC, 0x53, 0xDD, 0x94, 0xDD, 0xF6, 0xDD, 0x58, 0xDE,
    0x99, 0xDE, 0xBA, 0xD6, 0xDB, 0xCE, 0xDB, 0xC6, 0xFB, 0xBE, 0xFC, 0xBE, 0xFC, 0xC6, 0xFC, 0xBE,
    0xFC, 0xBE, 0xFC, 0xBE, 0xFC, 0xBE, 0xFB, 0xBE, 0xFC, 0xBE, 0xFC, 0xBE, 0xFC, 0xBE, 0xFC, 0xBE,
    0xFC, 0xBE, 0xFC, 0xBE, 0xFC, 0xBE, 0xFC, 0xBE, 0xFC, 0xBE, 0xFC, 0xC6, 0xFC, 0xBE, 0xFC, 0xBE,
    0xFC, 0xBE, 0xFC, 0xBE, 0xFC, 0xBE, 0xFC, 0xBE, 0xFC, 0xBE, 0xFC, 0xBE, 0xFC, 0xBE, 0xDB, 0xBE,
    0xFC, 0xBE, 0xFC, 0xBE, 0xFC, 0xBE, 0xFC, 0xBE, 0xFC, 0xBE, 0xFC, 0xBE, 0xDB, 0xBE, 0xDB, 0xBE,
    0xFC, 0xBE, 0xDB, 0xBE, 0xDC, 0xBE, 0xDC, 0xBE, 0xFC, 0xBE, 0xDC, 0xBE, 0xDC, 0xBE, 0xDC, 0xBE,
    0xDC, 0xBE, 0xDC, 0xBE, 0xDC, 0xBE, 0xDC, 0xBE, 0xDC, 0xBE, 0xDC, 0xBE, 0xDC, 0xBE, 0xDC, 0xBE,
    0xDC, 0xBE, 0xDB, 0xBE, 0xDB, 0xBE, 0xDC, 0xBE, 0xFC, 0xBE, 0xFC, 0xBE, 0xDC, 0xBE, 0xDC, 0xBE,
    0xDB, 0xBE, 0xDB, 0xBE, 0xDC, 0xBE, 0xDC, 0xBE, 0xDC, 0xBE, 0xDC, 0xBE, 0xDC, 0xBE, 0xDC, 0xBE,
    0xDC, 0xBE, 0xDC, 0xBE, 0xDB, 0xBE, 0xDB, 0xBE, 0xDB, 0xBE, 0xDB, 0xBE, 0xDB, 0xBE, 0xDC, 0xBE,
    0xDB, 0xBE, 0xDB, 0xBE, 0xDB, 0xBE, 0xDB, 0xBE, 0xDB, 0xBE, 0xDB, 0xBE, 0xDC, 0xBE, 0xDB, 0xBE,
    0xDB, 0xBE, 0xDB, 0xBE, 0xDB, 0xBE, 0xDB, 0xBE, 0xDC, 0xBE, 0xDC, 0xBE, 0xDB, 0xBE, 0xDC, 0xBE,
    0xDC, 0xBE, 0xDB, 0xBE, 0xDB, 0xBE, 0xDB, 0xBE, 0xDB, 0xBE, 0xDB, 0xBE, 0xDB, 0xBE, 0xDB, 0xBE,
    0xDB, 0xBE, 0xDB, 0xBE, 0xDB, 0xBE, 0xDC, 0xBE, 0xDC, 0xBE, 0xDC, 0xBE, 0xDB, 0xBE, 0xDB, 0xBE,
    0x17, 0xC6, 0x17, 0xC6, 0xF7, 0xBD, 0xF7, 0xBD, 0xD7, 0xB5, 0xD7, 0xB5, 0xD7, 0xB5, 0xB7, 0xAD,
    0xB7, 0xAD, 0xD7, 0xB5, 0xD8, 0xAD, 0xF8, 0xB5, 0x18, 0xBE, 0x38, 0xC6, 0x59, 0xCE, 0x59, 0xCE,
    0x58, 0xCE, 0x38, 0xC6, 0x38, 0xC6, 0x38, 0xC6, 0x18, 0xC6, 0x18, 0xC6, 0x18, 0xC6, 0xF8, 0xBD,
    0xD7, 0xBD, 0xB6, 0xB5, 0x96, 0xAD, 0x96, 0xAD, 0x76, 0xAD, 0x76, 0xA5, 0x76, 0xA5, 0x76, 0xA5,
    0x76, 0xA5, 0x76, 0xA5, 0x76, 0xA5, 0x76, 0xA5, 0x96, 0xA5, 0x97, 0xA5, 0xB7, 0xA5, 0x97, 0xA5,
    0x97, 0xA5, 0x97, 0xA5, 0x77, 0x9D, 0x77, 0x9D, 0x77, 0x9D, 0x77, 0x9D, 0x97, 0x9D, 0xB7, 0x9D,
    0xB8, 0xA5, 0xB8, 0xA5, 0xD8, 0xA5, 0xD8, 0xAD, 0xF8, 0xAD, 0xF8, 0xAD, 0xF8, 0xAD, 0xD8, 0xAD,
    0xD8, 0xAD, 0xD8, 0xAD, 0xF8, 0xB5, 0x18, 0xB6, 0x19, 0xB6, 0x39, 0xB6, 0x7A, 0xBE, 0xBB, 0xC6,
    0xBB, 0xC6, 0xBB, 0xCE, 0xDB, 0xD6, 0xDB, 0xD6, 0xDB, 0xDE, 0xFB, 0xDE, 0xFB, 0xD6, 0xFB, 0xD6,
    0x1C, 0xCF, 0xFC, 0xCE, 0x1C, 0xCF, 0x1C, 0xC7, 0x1C, 0xC7, 0x1C, 0xC7, 0x1C, 0xCF, 0x1C, 0xCF,
    0x1C, 0xD7, 0x1C, 0xDF, 0x3C, 0xE7, 0x3C, 0xE7, 0x3C, 0xEF, 0x3B, 0xEF, 0x3B, 0xE7, 0x3B, 0xE7,
    0x3B, 0xE7, 0x3C, 0xE7, 0x3C, 0xDF, 0x1B, 0xD7, 0xFB, 0xCE, 0x1C, 0xCF, 0x1C, 0xC7, 0x1C, 0xC7,
    0x1C, 0xC7, 0x1C, 0xCF, 0x1C, 0xC7, 0x1C, 0xC7, 0x1C, 0xC7, 0x1C, 0xC7, 0x1C, 0xC7, 0x1C, 0xC7,
    0x1C, 0xC7, 0x1C, 0xC7, 0x1C, 0xC7, 0x1C, 0xC7, 0xFC, 0xC6, 0xFA, 0xD6, 0xD9, 0xE6, 0x78, 0xEE,
    0xF5, 0xE5, 0x94, 0xDD, 0x11, 0xD5, 0xB0, 0xD4, 0x2E, 0xD4, 0x8B, 0xCB, 0xA8, 0xBA, 0x26, 0xB2,
    0x06, 0xB2, 0xE6, 0xB1, 0xE6, 0xB1, 0xC6, 0xA9, 0xE6, 0xA9, 0xA5, 0x99, 0xC5, 0x99, 0xA5, 0x99,
    0xE6, 0x99, 0xC6, 0x91, 0x27, 0x9A, 0x0E, 0xC4, 0x12, 0xD5, 0x53, 0xD5, 0xB5, 0xE5, 0xB6, 0xE5,
    0xB5, 0xDD, 0xF6, 0xDD, 0x99, 0xDE, 0xFB, 0xD6, 0xFA, 0xE6, 0xFA, 0xF6, 0xD9, 0xF6, 0xB8, 0xF6,
    0xD8, 0xF6, 0xB8, 0xF6, 0xB8, 0xF6, 0xB9, 0xF6, 0xB8, 0xF6, 0xB8, 0xF6, 0xB9, 0xF6, 0xB8, 0xF6,
    0x98, 0xEE, 0x98, 0xEE, 0x98, 0xEE, 0x98, 0xEE, 0x98, 0xEE, 0x78, 0xEE, 0x78, 0xF6, 0x98, 0xF6,
    0x78, 0xEE, 0x78, 0xEE, 0x78, 0xEE, 0x78, 0xEE, 0x58, 0xEE, 0x57, 0xEE, 0x58, 0xEE, 0x58, 0xEE,
    0x58, 0xEE, 0x58, 0xEE, 0x57, 0xEE, 0x37, 0xEE, 0x57, 0xEE, 0x57, 0xE6, 0x57, 0xE6, 0x58, 0xE6,
    0x57, 0xEE, 0x57, 0xE6, 0x78, 0xE6, 0xBA, 0xDE, 0xBB, 0xD6, 0xFA, 0xD6, 0x1A, 0xEF, 0xB9, 0xF6,
    0x97, 0xF6, 0x56, 0xEE, 0xD5, 0xE5, 0x73, 0xE5, 0x32, 0xE5, 0x4B, 0xC3, 0xC5, 0xA1, 0xE6, 0xA9,
    0xE6, 0xA9, 0xE6, 0xA9, 0xC5, 0xA9, 0xC5, 0xA9, 0xE6, 0xB1, 0xE6, 0xB1, 0xE6, 0xB1, 0xE6, 0xB1,
    0xE6, 0xB1, 0x07, 0xB2, 0x88, 0xBA, 0x4B, 0xC3, 0xED, 0xCB, 0x6F, 0xD4, 0x12, 0xDD, 0x53, 0xDD,
    0xB5, 0xDD, 0x17, 0xDE, 0x79, 0xDE, 0xDB, 0xCE, 0xFC, 0xC6, 0xFC, 0xC6, 0xFC, 0xC6, 0xFC, 0xBE,
    0xFC, 0xBE, 0xFC, 0xC6, 0xFC, 0xBE, 0xFC, 0xBE, 0xFC, 0xBE, 0xFC, 0xBE, 0xFC, 0xBE, 0xFC, 0xBE,
    0xFC, 0xBE, 0xFC, 0xBE, 0xFC, 0xBE, 0xFC, 0xBE, 0xFC, 0xBE, 0xFC, 0xC6, 0xFC, 0xBE, 0xFC, 0xBE,
    0xFC, 0xBE, 0xFC, 0xBE, 0xFC, 0xBE, 0xFC, 0xBE, 0xFC, 0xBE, 0xFC, 0xBE, 0xFC, 0xBE, 0xFC, 0xBE,
    0xFC, 0xBE, 0xFC, 0xBE, 0xFC, 0xBE, 0xFC, 0xBE, 0xFC, 0xBE, 0xFC, 0xC6, 0xDB, 0xBE, 0xDB, 0xBE,
    0xFC, 0xBE, 0xDB, 0xBE, 0xDC, 0xBE, 0xDC, 0xBE, 0xFC, 0xBE, 0xDB, 0xBE, 0xDB, 0xBE, 0xDC, 0xBE,
    0xDC, 0xBE, 0xDC, 0xBE, 0xDC, 0xBE, 0xDC, 0xBE, 0xDB, 0xBE, 0xDB, 0xBE, 0xDB, 0xBE, 0xDB, 0xBE,
    0xDB, 0xBE, 0xDC, 0xBE, 0xDC, 0xBE, 0xDC, 0xBE, 0xDC, 0xBE, 0xDC, 0xBE, 0xDB, 0xBE, 0xDB, 0xBE,
    0xDC, 0xBE, 0xDC, 0xBE, 0xDC, 0xBE, 0xDC, 0xBE, 0xDC, 0xBE, 0xDC, 0xBE, 0xDB, 0xBE, 0xDB, 0xBE,
    0xDC, 0xBE, 0xDC, 0xBE, 0xDC, 0xBE, 0xDC, 0xBE, 0xDC, 0xBE, 0xDC, 0xBE, 0xDC, 0xBE, 0xDC, 0xBE,
    0xDC, 0xBE, 0xDC, 0xBE, 0xDC, 0xBE, 0xFC, 0xBE, 0xDC, 0xBE, 0xDC, 0xBE, 0xDC, 0xBE, 0xDC, 0xBE,
    0xDC, 0xBE, 0xDC, 0xBE, 0xDB, 0xBE, 0xDB, 0xBE, 0xDC, 0xBE, 0xDC, 0xBE, 0xDC, 0xBE, 0xDC, 0xBE,
    0xDC, 0xBE, 0xDC, 0xBE, 0xDC, 0xBE, 0xDC, 0xBE, 0xDB, 0xBE, 0xDB, 0xBE, 0xDB, 0xBE, 0xDB, 0xBE,
    0xDB, 0xBE, 0xDC, 0xBE, 0xDC, 0xBE, 0xDC, 0xBE, 0xDC, 0xBE, 0xDC, 0xBE, 0xDB, 0xBE, 0xDB, 0xBE,
    0x37, 0xC6, 0x17, 0xC6, 0xF7, 0xBD, 0xF7, 0xBD, 0xD7, 0xB5, 0xB7, 0xB5, 0xB7, 0xAD, 0x96, 0xAD,
    0x97, 0xAD, 0xD8, 0xAD, 0xD8, 0xAD, 0xF8, 0xB5, 0x18, 0xBE, 0x18, 0xBE, 0x39, 0xC6, 0x38, 0xC6,
    0x18, 0xBE, 0xF7, 0xBD, 0xD7, 0xBD, 0xD7, 0xB5, 0xD7, 0xB5, 0xF8, 0xBD, 0xD7, 0xBD, 0xD7, 0xB5,
    0xB7, 0xB5, 0x97, 0xAD, 0x96, 0xAD, 0x76, 0xA5, 0x76, 0xA5, 0x76, 0xA5, 0x76, 0xA5, 0x76, 0xA5,
    0x76, 0xA5, 0x76, 0xA5, 0x76, 0xA5, 0x76, 0xA5, 0x96, 0xA5, 0x97, 0xA5, 0x97, 0xA5, 0x97, 0x9D,
    0x97, 0x9D, 0x97, 0x9D, 0x77, 0x9D, 0x77, 0x9D, 0x77, 0x9D, 0x77, 0x9D, 0x77, 0x9D, 0x97, 0x9D,
    0x97, 0xA5, 0xB8, 0xA5, 0xD8, 0xA5, 0xD8, 0xAD, 0xF8, 0xAD, 0xF8, 0xAD, 0xF8, 0xAD, 0xD8, 0xAD,
    0xD8, 0xA5, 0xD8, 0xAD, 0xF8, 0xAD, 0x18, 0xAE, 0x19, 0xAE, 0x19, 0xB6, 0x19, 0xB6, 0x39, 0xB6,
    0x59, 0xBE, 0x59, 0xC6, 0x7A, 0xCE, 0x9A, 0xD6, 0xBA, 0xD6, 0xDA, 0xDE, 0xDB, 0xDE, 0xFB, 0xD6,
    0x1C, 0xD7, 0xFB, 0xCE, 0xFB, 0xCE, 0x1C, 0xCF, 0x1C, 0xCF, 0x1B, 0xCF, 0xFB, 0xCE, 0x3C, 0xDF,
    0x3C, 0xE7, 0x3C, 0xEF, 0x3B, 0xEF, 0x1B, 0xEF, 0x1B, 0xEF, 0x1A, 0xE7, 0xFA, 0xE6, 0xFA, 0xDE,
    0x1B, 0xDF, 0x1B, 0xDF, 0x1B, 0xE7, 0x1B, 0xE7, 0x1C, 0xDF, 0x1C, 0xD7, 0xFB, 0xCE, 0xFC, 0xCE,
    0x1C, 0xCF, 0x1C, 0xC7, 0x1C, 0xCF, 0x1C, 0xCF, 0x1C, 0xCF, 0x1C, 0xCF, 0x1C, 0xCF, 0x1C, 0xCF,
    0x1C, 0xCF, 0x1C, 0xCF, 0x1C, 0xCF, 0x1C, 0xC7, 0xFB, 0xCE, 0xDA, 0xE6, 0x36, 0xEE, 0x53, 0xDD,
    0x11, 0xDD, 0x6F, 0xD4, 0xCD, 0xD3, 0x6B, 0xCB, 0x88, 0xBA, 0x67, 0xBA, 0x47, 0xBA, 0x27, 0xBA,
    0x26, 0xBA, 0x06, 0xB2, 0x06, 0xAA, 0xE6, 0xA1, 0xE6, 0xA1, 0xE6, 0x99, 0xC6, 0x99, 0xC5, 0x91,
    0xC6, 0x91, 0xE6, 0x91, 0xE6, 0x91, 0x67, 0x92, 0x2E, 0xC4, 0x32, 0xDD, 0x94, 0xDD, 0xB5, 0xDD,
    0xB5, 0xDD, 0xD5, 0xDD, 0x78, 0xEE, 0xFA, 0xF6, 0xD9, 0xF6, 0xD9, 0xF6, 0xD8, 0xF6, 0xB8, 0xF6,
    0xB8, 0xF6, 0xB8, 0xF6, 0x98, 0xF6, 0xB8, 0xF6, 0xB8, 0xF6, 0x98, 0xF6, 0x98, 0xF6, 0x98, 0xF6,
    0x98, 0xF6, 0x78, 0xEE, 0x77, 0xEE, 0x78, 0xEE, 0x57, 0xEE, 0x78, 0xEE, 0x78, 0xEE, 0x57, 0xEE,
    0x57, 0xEE, 0x57, 0xEE, 0x57, 0xEE, 0x57, 0xEE, 0x37, 0xEE, 0x37, 0xEE, 0x57, 0xEE, 0x37, 0xEE,
    0x57, 0xEE, 0x57, 0xEE, 0x37, 0xE6, 0x57, 0xEE, 0x37, 0xEE, 0x57, 0xEE, 0x58, 0xEE, 0x37, 0xE6,
    0x57, 0xE6, 0x57, 0xE6, 0x37, 0xE6, 0x38, 0xE6, 0x78, 0xE6, 0xD9, 0xEE, 0xF9, 0xF6, 0x98, 0xF6,
    0x56, 0xEE, 0xF5, 0xE5, 0x93, 0xE5, 0x32, 0xE5, 0xED, 0xCB, 0x06, 0xA2, 0x06, 0xB2, 0x27, 0xB2,
    0x27, 0xB2, 0x26, 0xAA, 0x06, 0xB2, 0xE6, 0xA9, 0x06, 0xAA, 0x06, 0xB2, 0x06, 0xB2, 0x07, 0xB2,
    0x07, 0xB2, 0x27, 0xBA, 0x27, 0xBA, 0x27, 0xBA, 0x88, 0xBA, 0x2A, 0xBB, 0x6B, 0xC3, 0x0E, 0xCC,
    0x90, 0xD4, 0x32, 0xD5, 0x94, 0xD5, 0x17, 0xCE, 0xDB, 0xC6, 0xFC, 0xBE, 0xFC, 0xC6, 0xFC, 0xC6,
    0xFC, 0xC6, 0xFC, 0xC6, 0xFC, 0xC6, 0xFC, 0xBE, 0xFC, 0xC6, 0xFC, 0xC6, 0xFC, 0xBE, 0xFC, 0xBE,
    0xFC, 0xBE, 0xFC, 0xBE, 0xFC, 0xBE, 0xFB, 0xBE, 0xFB, 0xBE, 0xDB, 0xBE, 0xDB, 0xBE, 0xDB, 0xBE,
    0xDB, 0xBE, 0xFC, 0xBE, 0xFC, 0xBE, 0xFB, 0xBE, 0xFB, 0xBE, 0xFB, 0xBE, 0xFB, 0xBE, 0xFB, 0xBE,
    0xFB, 0xBE, 0xFB, 0xBE, 0xFB, 0xBE, 0xFB, 0xBE, 0xFB, 0xBE, 0xFB, 0xBE, 0xFB, 0xBE, 0xFB, 0xBE,
    0xFB, 0xBE, 0xFB, 0xBE, 0xFB, 0xBE, 0xFB, 0xBE, 0xFB, 0xBE, 0xFB, 0xBE, 0xFB, 0xBE, 0xDB, 0xBE,
    0xDB, 0xBE, 0xDB, 0xBE, 0xDB, 0xBE, 0xDB, 0xBE, 0xDB, 0xBE, 0xDB, 0xBE, 0xDB, 0xBE, 0xDB, 0xBE,
    0xDB, 0xBE, 0xDC, 0xBE, 0xDC, 0xBE, 0xDC, 0xBE, 0xDC, 0xBE, 0xDC, 0xBE, 0xDB, 0xBE, 0xDB, 0xBE,
    0xDB, 0xBE, 0xDB, 0xBE, 0xDB, 0xBE, 0xDB, 0xBE, 0xDB, 0xBE, 0xDB, 0xBE, 0xDB, 0xBE, 0xDB, 0xBE,
    0xDC, 0xBE, 0xDC, 0xBE, 0xDC, 0xBE, 0xDC, 0xBE, 0xDC, 0xBE, 0xDC, 0xBE, 0xDC, 0xBE, 0xDC, 0xBE,
    0xDC, 0xBE, 0xDC, 0xBE, 0xDC, 0xBE, 0xFC, 0xBE, 0xFC, 0xBE, 0xFC, 0xBE, 0xDC, 0xBE, 0xDC, 0xBE,
    0xDC, 0xBE, 0xDC, 0xBE, 0xDC, 0xBE, 0xDC, 0xBE, 0xDC, 0xBE, 0xDC, 0xBE, 0xDC, 0xBE, 0xDC, 0xBE,
    0xDC, 0xBE, 0xDB, 0xBE, 0xDB, 0xBE, 0xDB, 0xBE, 0xDB, 0xBE, 0xDB, 0xBE, 0xDB, 0xBE, 0xDB, 0xBE,
    0xDB, 0xBE, 0xDC, 0xBE, 0xDC, 0xBE, 0xDC, 0xBE, 0xDC, 0xBE, 0xDB, 0xBE, 0xDB, 0xBE, 0xDB, 0xC6,
    0x37, 0xCE, 0x37, 0xCE, 0xF6, 0xBD, 0xD6, 0xBD, 0xB6, 0xB5, 0x96, 0xAD, 0x96, 0xAD, 0x96, 0xAD,
    0xB7, 0xAD, 0xB7, 0xAD, 0xD8, 0xAD, 0xF8, 0xB5, 0xF8, 0xBD, 0xF8, 0xBD, 0xF8, 0xBD, 0xF8, 0xBD,
    0xD7, 0xB5, 0xB7, 0xAD, 0x97, 0xAD, 0x97, 0xAD, 0xB7, 0xAD, 0xB7, 0xAD, 0xB7, 0xAD, 0xB7, 0xAD,
    0xB7, 0xAD, 0x97, 0xAD, 0x97, 0xAD, 0x76, 0xA5, 0x76, 0xA5, 0x76, 0xA5, 0x76, 0xA5, 0x76, 0x9D,
    0x76, 0x9D, 0x76, 0x9D, 0x76, 0x9D, 0x76, 0x9D, 0x76, 0x9D, 0x76, 0x9D, 0x76, 0x9D, 0x76, 0x9D,
    0x76, 0x9D, 0x97, 0x9D, 0x97, 0x9D, 0x97, 0x9D, 0x97, 0x9D, 0x77, 0x9D, 0x97, 0x9D, 0x97, 0x9D,
    0xB7, 0xA5, 0xB8, 0xA5, 0xB8, 0xA5, 0xD8, 0xAD, 0xF8, 0xAD, 0xF8, 0xAD, 0xF8, 0xAD, 0xD8, 0xAD,
    0xB7, 0xA5, 0xD8, 0xAD, 0xD8, 0xAD, 0xD8, 0xAD, 0xD8, 0xAD, 0xF8, 0xAD, 0xF8, 0xAD, 0xF9, 0xAD,
    0x19, 0xB6, 0x18, 0xB6, 0x39, 0xBE, 0x59, 0xCE, 0x79, 0xCE, 0x99, 0xD6, 0xBA, 0xD6, 0xBA, 0xD6,
    0xDB, 0xD6, 0xFB, 0xD6, 0xFC, 0xD6, 0x1C, 0xD7, 0x1C, 0xDF, 0x1B, 0xDF, 0x3B, 0xE7, 0x3B, 0xEF,
    0x3B, 0xEF, 0x1B, 0xEF, 0x1A, 0xE7, 0xFA, 0xE6, 0xFA, 0xE6, 0xDA, 0xE6, 0xDA, 0xDE, 0xDA, 0xDE,
    0xBA, 0xDE, 0xDA, 0xDE, 0xBA, 0xDE, 0xDA, 0xDE, 0xFB, 0xDE, 0xFB, 0xDE, 0xFB, 0xDE, 0xFC, 0xCE,
    0xFC, 0xCE, 0x1C, 0xCF, 0x1C, 0xCF, 0x1C, 0xCF, 0xFC, 0xCE, 0xFC, 0xCE, 0xFC, 0xCE, 0xFC, 0xCE,
    0xFC, 0xCE, 0x1C, 0xCF, 0xFC, 0xCE, 0x1C, 0xC7, 0xFA, 0xD6, 0xF5, 0xDD, 0xD0, 0xD4, 0x4E, 0xD4,
    0x8B, 0xCB, 0xA8, 0xC2, 0x47, 0xC2, 0x47, 0xC2, 0x47, 0xC2, 0x68, 0xC2, 0x68, 0xC2, 0x68, 0xBA,
    0x47, 0xB2, 0x27, 0xB2, 0x06, 0xAA, 0x06, 0xA2, 0x06, 0xA2, 0xE6, 0x99, 0xC6, 0x91, 0xC6, 0x91,
    0xC6, 0x91, 0xE6, 0x91, 0xE7, 0x91, 0xE6, 0x89, 0xC9, 0xA2, 0x70, 0xCC, 0x33, 0xD5, 0x54, 0xD5,
    0xF6, 0xE5, 0x98, 0xEE, 0xF9, 0xF6, 0xD9, 0xF6, 0xD8, 0xF6, 0xB8, 0xF6, 0xB8, 0xF6, 0xB8, 0xF6,
    0xB8, 0xF6, 0xB8, 0xEE, 0xB8, 0xF6, 0xB8, 0xF6, 0x98, 0xF6, 0x98, 0xF6, 0x97, 0xF6, 0x77, 0xEE,
    0x77, 0xEE, 0x78, 0xEE, 0x78, 0xF6, 0x78, 0xEE, 0x78, 0xF6, 0x78, 0xEE, 0x37, 0xEE, 0x57, 0xEE,
    0x37, 0xEE, 0x57, 0xEE, 0x78, 0xEE, 0x37, 0xEE, 0x37, 0xEE, 0x37, 0xEE, 0x37, 0xEE, 0x37, 0xEE,
    0x37, 0xEE, 0x37, 0xEE, 0x37, 0xEE, 0x37, 0xEE, 0x37, 0xE6, 0x37, 0xE6, 0x17, 0xE6, 0xF6, 0xE5,
    0x37, 0xE6, 0x37, 0xE6, 0x37, 0xE6, 0x37, 0xE6, 0x57, 0xE6, 0x57, 0xEE, 0x78, 0xEE, 0x57, 0xEE,
    0xD5, 0xE5, 0x94, 0xE5, 0x53, 0xE5, 0xED, 0xCB, 0x67, 0xAA, 0x27, 0xB2, 0x47, 0xB2, 0x47, 0xB2,
    0x47, 0xB2, 0x47, 0xB2, 0x27, 0xB2, 0x27, 0xB2, 0x27, 0xB2, 0x27, 0xB2, 0x27, 0xB2, 0x47, 0xB2,
    0x47, 0xB2, 0x27, 0xBA, 0x27, 0xBA, 0x06, 0xB2, 0x27, 0xBA, 0x27, 0xB2, 0x47, 0xBA, 0x68, 0xBA,
    0xE9, 0xBA, 0xCD, 0xC3, 0xD1, 0xD4, 0x54, 0xC5, 0x9A, 0xCE, 0xFC, 0xC6, 0xFC, 0xC6, 0xFC, 0xC6,
    0xFC, 0xC6, 0xFC, 0xC6, 0xFC, 0xC6, 0xFC, 0xC6, 0xFC, 0xC6, 0xFC, 0xC6, 0xFC, 0xC6, 0xFC, 0xC6,
    0xFC, 0xC6, 0xFC, 0xC6, 0xFC, 0xC6, 0xFC, 0xC6, 0xFB, 0xBE, 0xFB, 0xC6, 0xFC, 0xBE, 0xFC, 0xBE,
    0xDB, 0xBE, 0xDC, 0xBE, 0xFC, 0xBE, 0xFB, 0xC6, 0xFB, 0xC6, 0xFB, 0xBE, 0xFB, 0xBE, 0xFB, 0xBE,
    0xFB, 0xBE, 0xFB, 0xBE, 0xFB, 0xBE, 0xFB, 0xBE, 0xFB, 0xBE, 0xFB, 0xBE, 0xFB, 0xBE, 0xFB, 0xBE,
    0xFB, 0xBE, 0xFB, 0xBE, 0xFB, 0xBE, 0xFB, 0xBE, 0xFB, 0xBE, 0xFB, 0xBE, 0xFB, 0xBE, 0xFC, 0xBE,
    0xFC, 0xBE, 0xFB, 0xBE, 0xDB, 0xBE, 0xDB, 0xBE, 0xDB, 0xBE, 0xDB, 0xBE, 0xDB, 0xBE, 0xDB, 0xBE,
    0xDB, 0xBE, 0xDB, 0xBE, 0xDB, 0xBE, 0xDB, 0xBE, 0xDB, 0xBE, 0xDB, 0xBE, 0xDB, 0xBE, 0xDB, 0xBE,
    0xDB, 0xBE, 0xDB, 0xBE, 0xDB, 0xBE, 0xDB, 0xBE, 0xDB, 0xBE, 0xDB, 0xBE, 0xDB, 0xBE, 0xDB, 0xBE,
    0xDC, 0xBE, 0xDC, 0xBE, 0xDC, 0xBE, 0xDC, 0xBE, 0xDC, 0xBE, 0xDC, 0xBE, 0xDC, 0xBE, 0xDC, 0xBE,
    0xDC, 0xBE, 0xDC, 0xBE, 0xDC, 0xBE, 0xDC, 0xBE, 0xDC, 0xBE, 0xDC, 0xBE, 0xDC, 0xBE, 0xDC, 0xBE,
    0xDC, 0xBE, 0xDC, 0xBE, 0xDC, 0xBE, 0xDC, 0xBE, 0xDB, 0xBE, 0xDB, 0xBE, 0xDB, 0xBE, 0xDB, 0xBE,
    0xDB, 0xBE, 0xDB, 0xBE, 0xDB, 0xBE, 0xDB, 0xBE, 0xDB, 0xBE, 0xDB, 0xBE, 0xDB, 0xBE, 0xDB, 0xBE,
    0xDB, 0xBE, 0xDB, 0xBE, 0xDC, 0xBE, 0xDB, 0xBE, 0xDB, 0xBE, 0xDB, 0xBE, 0xDB, 0xC6, 0xFB, 0xD6,
    0x57, 0xD6, 0x37, 0xCE, 0xF7, 0xC5, 0xD6, 0xBD, 0xB6, 0xB5, 0x96, 0xAD, 0x76, 0xA5, 0x96, 0xA5,
    0x97, 0xA5, 0x97, 0xA5, 0xB7, 0xAD, 0xF7, 0xAD, 0xF8, 0xB5, 0xF7, 0xB5, 0xD7, 0xB5, 0xB7, 0xAD,
    0xB7, 0xAD, 0xB7, 0xAD, 0x97, 0xAD, 0x97, 0xAD, 0x97, 0xAD, 0x97, 0xAD, 0x97, 0xAD, 0x97, 0xAD,
    0xB7, 0xAD, 0x97, 0xAD, 0x76, 0xA5, 0x76, 0xA5, 0x76, 0x9D, 0x76, 0x9D, 0x76, 0x9D, 0x56, 0x9D,
    0x76, 0x9D, 0x76, 0x9D, 0x76, 0x9D, 0x56, 0x9D, 0x56, 0x9D, 0x76, 0x9D, 0x76, 0x9D, 0x76, 0x9D,
    0x76, 0x9D, 0x77, 0x9D, 0x97, 0x9D, 0x97, 0x9D, 0x97, 0x9D, 0x97, 0x9D, 0x97, 0x9D, 0x97, 0xA5,
    0xB8, 0xA5, 0xD8, 0xA5, 0xB8, 0xA5, 0xD8, 0xAD, 0xD8, 0xAD, 0xD8, 0xAD, 0xF8, 0xAD, 0xD8, 0xA5,
    0xD8, 0xA5, 0xF8, 0xAD, 0xF8, 0xAD, 0xD8, 0xAD, 0xD8, 0xA5, 0xD8, 0xAD, 0xD8, 0xAD, 0xF8, 0xAD,
    0xF8, 0xAD, 0x18, 0xB6, 0x19, 0xBE, 0x39, 0xC6, 0x39, 0xC6, 0x59, 0xC6, 0x79, 0xCE, 0x59, 0xCE,
    0x9A, 0xD6, 0xDB, 0xDE, 0xFB, 0xDE, 0x1B, 0xE7, 0x1B, 0xE7, 0x3B, 0xEF, 0x3B, 0xEF, 0x1B, 0xEF,
    0x1A, 0xE7, 0xFA, 0xE6, 0xFA, 0xE6, 0xDA, 0xE6, 0xD9, 0xDE, 0xBA, 0xDE, 0xBA, 0xD6, 0x99, 0xD6,
    0x99, 0xD6, 0x99, 0xD6, 0x99, 0xD6, 0x99, 0xD6, 0x9A, 0xD6, 0xBA, 0xD6, 0xDB, 0xDE, 0xFC, 0xD6,
    0xFB, 0xD6, 0x1B, 0xCF, 0x1B, 0xCF, 0xFB, 0xCE, 0x1C, 0xCF, 0x1C, 0xCF, 0xFC, 0xCE, 0x1C, 0xCF,
    0x1C, 0xCF, 0xFC, 0xCE, 0xFC, 0xCE, 0xFB, 0xC6, 0xD9, 0xDE, 0x52, 0xD5, 0xCC, 0xC3, 0xC8, 0xC2,
    0x47, 0xBA, 0x67, 0xC2, 0x47, 0xC2, 0x67, 0xC2, 0x67, 0xC2, 0x68, 0xC2, 0x68, 0xBA, 0x68, 0xBA,
    0x68, 0xBA, 0x47, 0xB2, 0x27, 0xAA, 0x06, 0xAA, 0x07, 0xA2, 0xE6, 0x99, 0xE6, 0x91, 0xC6, 0x91,
    0xE6, 0x91, 0x07, 0x92, 0x07, 0x8A, 0x07, 0x92, 0x28, 0x92, 0x4C, 0xAB, 0x91, 0xC4, 0xF6, 0xE5,
    0xD9, 0xFE, 0xD9, 0xF6, 0xD9, 0xF6, 0xB8, 0xF6, 0xD8, 0xF6, 0xB8, 0xF6, 0xB8, 0xF6, 0x98, 0xF6,
    0x98, 0xF6, 0x98, 0xF6, 0x97, 0xF6, 0x98, 0xF6, 0x77, 0xEE, 0x77, 0xF6, 0x77, 0xF6, 0x77, 0xF6,
    0x77, 0xEE, 0x77, 0xEE, 0x78, 0xEE, 0x57, 0xEE, 0x57, 0xEE, 0x57, 0xEE, 0x37, 0xEE, 0x57, 0xEE,
    0x37, 0xEE, 0x37, 0xEE, 0x17, 0xEE, 0x37, 0xEE, 0x17, 0xEE, 0x37, 0xEE, 0x37, 0xEE, 0x57, 0xEE,
    0x17, 0xE6, 0x37, 0xEE, 0x37, 0xEE, 0x17, 0xE6, 0xF6, 0xE5, 0x17, 0xE6, 0x17, 0xE6, 0x16, 0xE6,
    0x37, 0xEE, 0x17, 0xE6, 0x16, 0xE6, 0x37, 0xE6, 0x37, 0xE6, 0x37, 0xE6, 0x37, 0xE6, 0x37, 0xEE,
    0xF6, 0xE5, 0x74, 0xDD, 0xB0, 0xDC, 0xA8, 0xB2, 0x67, 0xAA, 0x47, 0xB2, 0x67, 0xB2, 0x67, 0xB2,
    0x68, 0xB2, 0x67, 0xB2, 0x67, 0xB2, 0x47, 0xB2, 0x47, 0xB2, 0x47, 0xB2, 0x47, 0xB2, 0x47, 0xB2,
    0x47, 0xB2, 0x47, 0xB2, 0x27, 0xB2, 0x27, 0xBA, 0x27, 0xBA, 0x07, 0xBA, 0x06, 0xB2, 0x07, 0xBA,
    0x27, 0xB2, 0xA8, 0xB2, 0x0E, 0xCC, 0xF2, 0xC4, 0x79, 0xCE, 0xFC, 0xC6, 0xDC, 0xC6, 0xFC, 0xC6,
    0xFC, 0xC6, 0xFC, 0xC6, 0xFC, 0xC6, 0xFC, 0xC6, 0xFC, 0xBE, 0xFC, 0xC6, 0xFC, 0xC6, 0xFC, 0xC6,
    0xFC, 0xC6, 0xFC, 0xC6, 0xFC, 0xC6, 0xFC, 0xC6, 0xFC, 0xC6, 0xFC, 0xC6, 0xFC, 0xC6, 0xFC, 0xC6,
    0xFC, 0xBE, 0xFC, 0xBE, 0xFC, 0xBE, 0xFC, 0xBE, 0xFB, 0xBE, 0xDB, 0xBE, 0xFC, 0xBE, 0xFC, 0xBE,
    0xFB, 0xBE, 0xFB, 0xBE, 0xFB, 0xBE, 0xFC, 0xC6, 0xFC, 0xC6, 0xFB, 0xBE, 0xFB, 0xBE, 0xFB, 0xBE,
    0xFB, 0xBE, 0xFC, 0xC6, 0xFB, 0xBE, 0xFB, 0xBE, 0xFB, 0xBE, 0xFB, 0xBE, 0xFB, 0xBE, 0xFB, 0xBE,
    0xFB, 0xBE, 0xFB, 0xBE, 0xFB, 0xBE, 0xFB, 0xBE, 0xFB, 0xBE, 0xFB, 0xBE, 0xDB, 0xBE, 0xFB, 0xBE,
    0xFB, 0xBE, 0xDB, 0xBE, 0xDB, 0xBE, 0xDB, 0xBE, 0xDB, 0xBE, 0xDB, 0xBE, 0xDB, 0xBE, 0xDB, 0xBE,
    0xDB, 0xBE, 0xDB, 0xBE, 0xDB, 0xBE, 0xDB, 0xBE, 0xDB, 0xBE, 0xDB, 0xBE, 0xDB, 0xBE, 0xDB, 0xBE,
    0xDB, 0xBE, 0xDB, 0xBE, 0xDB, 0xBE, 0xDB, 0xBE, 0xDB, 0xBE, 0xDB, 0xBE, 0xDB, 0xBE, 0xDB, 0xBE,
    0xDB, 0xBE, 0xDB, 0xBE, 0xDB, 0xBE, 0xDB, 0xBE, 0xDB, 0xBE, 0xDB, 0xBE, 0xDB, 0xBE, 0xDB, 0xBE,
    0xDB, 0xBE, 0xDB, 0xBE, 0xDB, 0xBE, 0xDB, 0xBE, 0xDB, 0xBE, 0xDB, 0xBE, 0xDB, 0xBE, 0xDB, 0xBE,
    0xDB, 0xBE, 0xDB, 0xBE, 0xDB, 0xBE, 0xDB, 0xBE, 0xDB, 0xBE, 0xDB, 0xBE, 0xDB, 0xBE, 0xDB, 0xBE,
    0xDB, 0xBE, 0xDB, 0xBE, 0xDB, 0xBE, 0xDB, 0xBE, 0xBB, 0xC6, 0xDB, 0xCE, 0xFB, 0xDE, 0xFB, 0xDE,
    0x37, 0xCE, 0x16, 0xCE, 0xF6, 0xC5, 0xD6, 0xBD, 0xB6, 0xB5, 0x96, 0xAD, 0x76, 0xA5, 0x96, 0xA5,
    0x97, 0xA5, 0x96, 0xA5, 0xB7, 0xA5, 0xB7, 0xAD, 0xD7, 0xAD, 0xB7, 0xAD, 0x96, 0xA5, 0x96, 0xA5,
    0x97, 0xAD, 0x97, 0xA5, 0x97, 0xA5, 0x97, 0xA5, 0x97, 0xA5, 0x97, 0xA5, 0x97, 0xAD, 0x97, 0xAD,
    0x97, 0xA5, 0x97, 0xA5, 0x56, 0xA5, 0x56, 0x9D, 0x56, 0x9D, 0x56, 0x9D, 0x56, 0x9D, 0x56, 0x9D,
    0x56, 0x9D, 0x56, 0x9D, 0x56, 0x9D, 0x56, 0x9D, 0x56, 0x9D, 0x76, 0x9D, 0x76, 0x9D, 0x76, 0x9D,
    0x56, 0x9D, 0x77, 0x9D, 0x77, 0x9D, 0x77, 0x9D, 0x77, 0x9D, 0x77, 0x9D, 0x97, 0x9D, 0x97, 0xA5,
    0xB8, 0xA5, 0xB8, 0xA5, 0xD8, 0xA5, 0xD8, 0xAD, 0xF8, 0xAD, 0xF8, 0xAD, 0xF8, 0xAD, 0xD8, 0xAD,
    0xD8, 0xAD, 0xF9, 0xAD, 0x19, 0xAE, 0x19, 0xAE, 0xF9, 0xAD, 0xD8, 0xAD, 0xD8, 0xA5, 0xD8, 0xA5,
    0xD8, 0xAD, 0xF8, 0xAD, 0x18, 0xB6, 0x19, 0xBE, 0x18, 0xBE, 0x39, 0xBE, 0x39, 0xC6, 0x7A, 0xCE,
    0xBA, 0xDE, 0xFB, 0xE6, 0x1B, 0xE7, 0xFB, 0xE6, 0x1B, 0xEF, 0x1B, 0xEF, 0x1A, 0xEF, 0xFA, 0xE6,
    0xFA, 0xE6, 0xFA, 0xE6, 0xDA, 0xE6, 0xB9, 0xDE, 0xB9, 0xDE, 0x99, 0xD6, 0x99, 0xD6, 0x79, 0xD6,
    0x79, 0xD6, 0x79, 0xCE, 0x79, 0xCE, 0x79, 0xCE, 0x79, 0xCE, 0x7A, 0xCE, 0x9A, 0xCE, 0xDB, 0xD6,
    0xFB, 0xD6, 0x1B, 0xD7, 0xFB, 0xCE, 0xFB, 0xCE, 0xFC, 0xCE, 0xFC, 0xCE, 0xFC, 0xCE, 0xFC, 0xCE,
    0x1C, 0xCF, 0x1C, 0xCF, 0xFC, 0xCE, 0xFB, 0xCE, 0xB9, 0xDE, 0x31, 0xD5, 0xEC, 0xCB, 0xE9, 0xCA,
    0xC9, 0xCA, 0xA9, 0xD2, 0x88, 0xCA, 0x88, 0xC2, 0xA8, 0xC2, 0xA9, 0xC2, 0xA9, 0xC2, 0xA9, 0xC2,
    0x88, 0xBA, 0x68, 0xB2, 0x27, 0xAA, 0x27, 0xAA, 0x27, 0xA2, 0xE6, 0x99, 0xE6, 0x99, 0xC6, 0x91,
    0xC6, 0x89, 0xC6, 0x89, 0xE7, 0x89, 0xE7, 0x89, 0xC6, 0x81, 0x4B, 0x9B, 0x16, 0xE6, 0xD9, 0xFE,
    0xD9, 0xF6, 0xD9, 0xF6, 0xB8, 0xF6, 0xB8, 0xF6, 0xB8, 0xF6, 0x98, 0xF6, 0x98, 0xF6, 0x98, 0xF6,
    0x77, 0xF6, 0x77, 0xF6, 0x77, 0xEE, 0x77, 0xEE, 0x77, 0xEE, 0x77, 0xF6, 0x77, 0xF6, 0x36, 0xEE,
    0x57, 0xEE, 0x57, 0xEE, 0x37, 0xEE, 0x57, 0xEE, 0x37, 0xEE, 0x57, 0xEE, 0x37, 0xEE, 0x37, 0xEE,
    0x37, 0xEE, 0x37, 0xEE, 0x16, 0xEE, 0x16, 0xEE, 0x16, 0xE6, 0xF6, 0xE5, 0x17, 0xEE, 0x17, 0xEE,
    0x16, 0xE6, 0x16, 0xE6, 0x17, 0xE6, 0x16, 0xE6, 0xF6, 0xE5, 0xF6, 0xE5, 0xF6, 0xE5, 0xF6, 0xE5,
    0x17, 0xE6, 0xF6, 0xE5, 0x17, 0xE6, 0x17, 0xE6, 0x16, 0xE6, 0x17, 0xE6, 0x37, 0xE6, 0x37, 0xE6,
    0x37, 0xE6, 0x16, 0xE6, 0x0E, 0xC4, 0x47, 0xAA, 0x88, 0xBA, 0xA8, 0xB2, 0x88, 0xBA, 0x88, 0xBA,
    0xA9, 0xBA, 0xA8, 0xBA, 0x88, 0xB2, 0x88, 0xB2, 0x88, 0xB2, 0x88, 0xBA, 0x68, 0xB2, 0x68, 0xBA,
    0x88, 0xBA, 0x88, 0xBA, 0x47, 0xBA, 0x27, 0xB2, 0x47, 0xBA, 0x47, 0xBA, 0x27, 0xB2, 0x48, 0xBA,
    0x68, 0xBA, 0x0A, 0xBB, 0x2F, 0xCC, 0xF2, 0xC4, 0x59, 0xCE, 0xFC, 0xC6, 0xFC, 0xC6, 0xFC, 0xC6,
    0xFC, 0xC6, 0xFC, 0xC6, 0xFC, 0xC6, 0xFC, 0xC6, 0xFC, 0xBE, 0xFC, 0xC6, 0xFC, 0xC6, 0xFC, 0xC6,
    0xFC, 0xC6, 0xFC, 0xC6, 0xFC, 0xC6, 0xFC, 0xC6, 0xFC, 0xC6, 0xFC, 0xC6, 0xFC, 0xBE, 0xFC, 0xBE,
    0xFC, 0xBE, 0xFC, 0xBE, 0xFC, 0xBE, 0xFC, 0xBE, 0xDB, 0xBE, 0xDB, 0xBE, 0xFC, 0xBE, 0xFC, 0xBE,
    0xFB, 0xBE, 0xFB, 0xBE, 0xFB, 0xBE, 0xFB, 0xBE, 0xFB, 0xBE, 0xFB, 0xBE, 0xFB, 0xBE, 0xFB, 0xBE,
    0xFB, 0xBE, 0xFB, 0xBE, 0xFB, 0xBE, 0xFB, 0xBE, 0xFB, 0xBE, 0xFB, 0xBE, 0xFB, 0xBE, 0xFB, 0xBE,
    0xFB, 0xBE, 0xFB, 0xBE, 0xFB, 0xBE, 0xFB, 0xBE, 0xFB, 0xBE, 0xFB, 0xBE, 0xFB, 0xBE, 0xFB, 0xBE,
    0xFB, 0xBE, 0xFC, 0xBE, 0xDB, 0xBE, 0xDB, 0xBE, 0xDB, 0xBE, 0xDB, 0xBE, 0xDB, 0xBE, 0xDB, 0xBE,
    0xDB, 0xBE, 0xDB, 0xBE, 0xDB, 0xBE, 0xDB, 0xBE, 0xDB, 0xBE, 0xDB, 0xBE, 0xDB, 0xBE, 0xDB, 0xBE,
    0xDB, 0xBE, 0xDB, 0xBE, 0xDB, 0xBE, 0xDB, 0xBE, 0xDB, 0xBE, 0xDB, 0xBE, 0xDB, 0xBE, 0xDB, 0xBE,
    0xDB, 0xBE, 0xDB, 0xBE, 0xDB, 0xBE, 0xDB, 0xBE, 0xDB, 0xBE, 0xDB, 0xBE, 0xDB, 0xBE, 0xDB, 0xBE,
    0xDB, 0xBE, 0xDB, 0xBE, 0xDB, 0xBE, 0xDB, 0xBE, 0xDB, 0xBE, 0xDB, 0xBE, 0xDB, 0xBE, 0xDB, 0xBE,
    0xDB, 0xBE, 0xDB, 0xBE, 0xDB, 0xBE, 0xDB, 0xBE, 0xDB, 0xBE, 0xDB, 0xBE, 0xDB, 0xBE, 0xDB, 0xBE,
    0xDC, 0xBE, 0xDB, 0xBE, 0xDB, 0xBE, 0xDB, 0xC6, 0xFB, 0xCE, 0x1C, 0xDF, 0x1B, 0xE7, 0x1B, 0xE7,
    0x16, 0xCE, 0xF6, 0xC5, 0xD6, 0xBD, 0xD6, 0xBD, 0xB6, 0xB5, 0x95, 0xB5, 0x75, 0xAD, 0x96, 0xAD,
    0x96, 0xA5, 0x96, 0xA5, 0x96, 0xA5, 0x97, 0xA5, 0xB7, 0xAD, 0x97, 0xAD, 0x96, 0xA5, 0x76, 0xA5,
    0x76, 0xA5, 0x76, 0xA5, 0x76, 0xA5, 0x76, 0xA5, 0x96, 0xA5, 0x97, 0xA5, 0x97, 0xA5, 0x97, 0xA5,
    0xB7, 0xA5, 0x76, 0xA5, 0x55, 0x9D, 0x55, 0x9D, 0x55, 0x9D, 0x55, 0x9D, 0x55, 0x9D, 0x55, 0x95,
    0x55, 0x95, 0x55, 0x95, 0x55, 0x95, 0x55, 0x95, 0x55, 0x95, 0x56, 0x9D, 0x56, 0x9D, 0x76, 0x9D,
    0x56, 0x9D, 0x76, 0x9D, 0x76, 0x9D, 0x76, 0x9D, 0x76, 0x9D, 0x77, 0x9D, 0x77, 0x9D, 0x97, 0x9D,
    0x97, 0xA5, 0xB8, 0xA5, 0xD8, 0xAD, 0xF8, 0xAD, 0xF9, 0xAD, 0xF9, 0xAD, 0xF8, 0xAD, 0xD8, 0xAD,
    0xD8, 0xAD, 0xF9, 0xAD, 0xF9, 0xAD, 0x19, 0xAE, 0x19, 0xB6, 0xF8, 0xAD, 0xD8, 0xAD, 0xD8, 0xAD,
    0xD8, 0xAD, 0xD8, 0xAD, 0xD8, 0xB5, 0xF8, 0xB5, 0xF8, 0xB5, 0x18, 0xBE, 0x59, 0xCE, 0xBA, 0xD6,
    0xDA, 0xDE, 0xDA, 0xE6, 0xDA, 0xE6, 0xFA, 0xE6, 0xFA, 0xE6, 0xFA, 0xE6, 0xFA, 0xE6, 0xFA, 0xE6,
    0xDA, 0xE6, 0xDA, 0xE6, 0xB9, 0xDE, 0x99, 0xDE, 0x99, 0xD6, 0x79, 0xD6, 0x79, 0xCE, 0x59, 0xCE,
    0x79, 0xCE, 0x79, 0xCE, 0x59, 0xCE, 0x59, 0xC6, 0x59, 0xC6, 0x59, 0xC6, 0x59, 0xC6, 0x59, 0xC6,
    0xBA, 0xCE, 0xFB, 0xD6, 0xFC, 0xCE, 0x1C, 0xCF, 0xFC, 0xCE, 0xFC, 0xCE, 0xFC, 0xCE, 0xFC, 0xCE,
    0xFC, 0xCE, 0xFC, 0xCE, 0xFC, 0xCE, 0xFB, 0xCE, 0xD9, 0xDE, 0x52, 0xDD, 0xED, 0xCB, 0x2B, 0xD3,
    0x2B, 0xDB, 0xEA, 0xD2, 0xEA, 0xCA, 0xEA, 0xCA, 0xC9, 0xCA, 0xC9, 0xCA, 0xA9, 0xC2, 0x88, 0xBA,
    0xA9, 0xBA, 0x88, 0xB2, 0x48, 0xAA, 0x27, 0xA2, 0x27, 0xA2, 0x07, 0x9A, 0xE6, 0x99, 0xC6, 0x91,
    0xC6, 0x89, 0xE7, 0x91, 0x07, 0x92, 0xA6, 0x81, 0xEA, 0x9A, 0x16, 0xEE, 0xD9, 0xFE, 0xB8, 0xF6,
    0xB8, 0xF6, 0xB8, 0xF6, 0xB8, 0xF6, 0xB8, 0xF6, 0x97, 0xF6, 0x97, 0xF6, 0x77, 0xF6, 0x77, 0xF6,
    0x77, 0xF6, 0x57, 0xEE, 0x77, 0xF6, 0x97, 0xEE, 0x77, 0xF6, 0x77, 0xF6, 0x57, 0xEE, 0x57, 0xEE,
    0x37, 0xEE, 0x57, 0xEE, 0x36, 0xEE, 0x16, 0xEE, 0x57, 0xEE, 0x36, 0xEE, 0x37, 0xEE, 0x16, 0xEE,
    0xF6, 0xE5, 0x16, 0xEE, 0xF6, 0xE5, 0x16, 0xE6, 0xF6, 0xE5, 0x16, 0xEE, 0x16, 0xEE, 0xF6, 0xE5,
    0xF6, 0xE5, 0xF6, 0xE5, 0xF6, 0xE5, 0x16, 0xE6, 0x16, 0xEE, 0x17, 0xE6, 0xF6, 0xE5, 0xF6, 0xE5,
    0x17, 0xE6, 0x16, 0xE6, 0xF6, 0xE5, 0x17, 0xE6, 0xF6, 0xE5, 0x16, 0xE6, 0x17, 0xE6, 0x16, 0xE6,
    0x17, 0xE6, 0x17, 0xE6, 0xD5, 0xED, 0xAD, 0xC3, 0x88, 0xB2, 0xC8, 0xBA, 0xC9, 0xBA, 0xC9, 0xBA,
    0xE9, 0xC2, 0xE9, 0xC2, 0xE9, 0xC2, 0xC9, 0xBA, 0xC9, 0xBA, 0xC9, 0xC2, 0xA9, 0xBA, 0xA9, 0xBA,
    0xC9, 0xBA, 0xA8, 0xBA, 0xA8, 0xBA, 0x88, 0xBA, 0x88, 0xBA, 0xA9, 0xC2, 0xA9, 0xC2, 0xA9, 0xC2,
    0xC9, 0xC2, 0x6B, 0xC3, 0x70, 0xD4, 0x12, 0xC5, 0x99, 0xCE, 0x1C, 0xC7, 0xFC, 0xC6, 0xFC, 0xC6,
    0xFC, 0xC6, 0xFC, 0xC6, 0xFC, 0xC6, 0xFC, 0xC6, 0xFC, 0xC6, 0xFC, 0xC6, 0xFC, 0xC6, 0xFC, 0xC6,
    0xFC, 0xC6, 0xFC, 0xC6, 0xFC, 0xC6, 0xFC, 0xC6, 0xFC, 0xC6, 0xFC, 0xC6, 0xDB, 0xBE, 0xDB, 0xBE,
    0xFC, 0xBE, 0xFC, 0xBE, 0xFC, 0xBE, 0xFC, 0xBE, 0xDB, 0xBE, 0xDB, 0xBE, 0xFC, 0xC6, 0xFC, 0xC6,
    0xFB, 0xBE, 0xFB, 0xBE, 0xFB, 0xBE, 0xFB, 0xBE, 0xFB, 0xBE, 0xFB, 0xBE, 0xFB, 0xBE, 0xFB, 0xBE,
    0xFB, 0xBE, 0xFB, 0xBE, 0xFB, 0xBE, 0xFB, 0xBE, 0xFB, 0xBE, 0xFB, 0xBE, 0xFB, 0xBE, 0xFB, 0xBE,
    0xFB, 0xBE, 0xFB, 0xBE, 0xFB, 0xBE, 0xFB, 0xBE, 0xFB, 0xBE, 0xFB, 0xBE, 0xFB, 0xBE, 0xFB, 0xBE,
    0xFB, 0xBE, 0xFC, 0xBE, 0xFC, 0xBE, 0xFC, 0xBE, 0xFC, 0xBE, 0xFC, 0xBE, 0xFC, 0xBE, 0xFC, 0xBE,
    0xDB, 0xBE, 0xDB, 0xBE, 0xDB, 0xBE, 0xDB, 0xBE, 0xDB, 0xBE, 0xDB, 0xBE, 0xDB, 0xBE, 0xDB, 0xBE,
    0xDB, 0xBE, 0xDB, 0xBE, 0xDB, 0xBE, 0xDB, 0xBE, 0xDB, 0xBE, 0xDB, 0xBE, 0xDB, 0xBE, 0xDB, 0xBE,
    0xDB, 0xBE, 0xDB, 0xBE, 0xDB, 0xBE, 0xDB, 0xBE, 0xDB, 0xBE, 0xDB, 0xBE, 0xDB, 0xBE, 0xDB, 0xBE,
    0xDB, 0xBE, 0xDB, 0xBE, 0xDB, 0xBE, 0xDB, 0xBE, 0xDB, 0xBE, 0xDB, 0xBE, 0xDB, 0xBE, 0xDB, 0xBE,
    0xDB, 0xBE, 0xDB, 0xBE, 0xDB, 0xBE, 0xDB, 0xBE, 0xDB, 0xBE, 0xDB, 0xBE, 0xDB, 0xBE, 0xDB, 0xBE,
    0xDB, 0xBE, 0xDB, 0xBE, 0xDB, 0xC6, 0xFB, 0xD6, 0x1C, 0xDF, 0x1B, 0xE7, 0xFB, 0xE6, 0xFA, 0xDE,
    0x57, 0xD6, 0x37, 0xCE, 0xF6, 0xC5, 0xD6, 0xBD, 0xD6, 0xBD, 0xB5, 0xBD, 0x95, 0xB5, 0x96, 0xAD,
    0x96, 0xAD, 0x96, 0xAD, 0x96, 0xA5, 0x96, 0xA5, 0xB7, 0xAD, 0x97, 0xA5, 0x76, 0xA5, 0x76, 0xA5,
    0x76, 0xA5, 0x76, 0xA5, 0x76, 0xA5, 0x76, 0xA5, 0x76, 0xA5, 0x96, 0xA5, 0x96, 0xA5, 0x97, 0xA5,
    0x97, 0xA5, 0x76, 0xA5, 0x55, 0x9D, 0x35, 0x9D, 0x55, 0x9D, 0x55, 0x9D, 0x55, 0x9D, 0x55, 0x9D,
    0x55, 0x95, 0x55, 0x95, 0x55, 0x95, 0x55, 0x9D, 0x55, 0x95, 0x55, 0x95, 0x56, 0x9D, 0x56, 0x9D,
    0x56, 0x9D, 0x56, 0x9D, 0x76, 0x9D, 0x76, 0x9D, 0x96, 0x9D, 0x76, 0x9D, 0x97, 0x9D, 0x97, 0x9D,
    0x97, 0xA5, 0xB7, 0xA5, 0xB8, 0xA5, 0xD8, 0xAD, 0xF8, 0xAD, 0xF8, 0xAD, 0xD8, 0xAD, 0xD8, 0xAD,
    0xD8, 0xAD, 0xF8, 0xAD, 0xF9, 0xAD, 0x19, 0xAE, 0x19, 0xAE, 0xF9, 0xAD, 0xF9, 0xAD, 0xF8, 0xAD,
    0xF8, 0xAD, 0xB8, 0xAD, 0xD8, 0xAD, 0xF8, 0xB5, 0xF8, 0xB5, 0x39, 0xC6, 0x9A, 0xD6, 0xBA, 0xDE,
    0xBA, 0xDE, 0xB9, 0xDE, 0xD9, 0xE6, 0xDA, 0xE6, 0xDA, 0xE6, 0xDA, 0xE6, 0xDA, 0xE6, 0xDA, 0xE6,
    0xB9, 0xE6, 0xB9, 0xDE, 0xB9, 0xDE, 0x99, 0xD6, 0x79, 0xD6, 0x79, 0xCE, 0x59, 0xCE, 0x59, 0xCE,
    0x59, 0xCE, 0x59, 0xC6, 0x59, 0xC6, 0x59, 0xC6, 0x59, 0xBE, 0x59, 0xC6, 0x59, 0xBE, 0x59, 0xC6,
    0x7A, 0xC6, 0xBA, 0xCE, 0xFB, 0xCE, 0xFB, 0xCE, 0xFC, 0xCE, 0xFC, 0xCE, 0xFC, 0xCE, 0xFC, 0xCE,
    0xFC, 0xCE, 0xFB, 0xCE, 0xFC, 0xCE, 0xFB, 0xCE, 0xB9, 0xDE, 0x73, 0xDD, 0x2E, 0xD4, 0x6C, 0xD3,
    0x4B, 0xDB, 0x4B, 0xDB, 0x4C, 0xDB, 0x0A, 0xCB, 0xEA, 0xCA, 0x0A, 0xCB, 0xEA, 0xC2, 0xC9, 0xC2,
    0xEA, 0xC2, 0xA9, 0xB2, 0x88, 0xAA, 0x68, 0xAA, 0x48, 0xA2, 0x27, 0x9A, 0x27, 0x9A, 0xE6, 0x89,
    0xE6, 0x89, 0xE6, 0x89, 0xA6, 0x79, 0x6C, 0xA3, 0x57, 0xF6, 0xD8, 0xF6, 0x98, 0xEE, 0xB8, 0xF6,
    0xB8, 0xF6, 0x97, 0xF6, 0x97, 0xF6, 0xB8, 0xF6, 0xB8, 0xF6, 0xB8, 0xF6, 0xB8, 0xF6, 0x98, 0xF6,
    0x77, 0xEE, 0x77, 0xF6, 0x57, 0xEE, 0x77, 0xEE, 0x77, 0xEE, 0x57, 0xEE, 0x77, 0xF6, 0x36, 0xEE,
    0x36, 0xEE, 0x57, 0xEE, 0x36, 0xEE, 0x16, 0xEE, 0x36, 0xEE, 0x16, 0xEE, 0x16, 0xEE, 0xF6, 0xE5,
    0xF6, 0xE5, 0xF6, 0xE5, 0xF6, 0xE5, 0xF6, 0xE5, 0xF6, 0xED, 0x16, 0xEE, 0xF6, 0xE5, 0x16, 0xEE,
    0x16, 0xEE, 0xF6, 0xED, 0xF6, 0xE5, 0xF6, 0xE5, 0x16, 0xEE, 0x17, 0xEE, 0x17, 0xEE, 0xF6, 0xE5,
    0x17, 0xE6, 0x37, 0xEE, 0x57, 0xEE, 0x17, 0xE6, 0xF6, 0xE5, 0x16, 0xE6, 0x16, 0xE6, 0xF6, 0xE5,
    0xF6, 0xE5, 0xF7, 0xED, 0xF6, 0xE5, 0xB5, 0xE5, 0xCD, 0xC3, 0xC9, 0xB2, 0x0A, 0xC3, 0x0A, 0xC3,
    0x0A, 0xC3, 0x0A, 0xC3, 0x0A, 0xC3, 0x09, 0xBB, 0x0A, 0xC3, 0x0A, 0xC3, 0xEA, 0xC2, 0xEA, 0xC2,
    0xEA, 0xC2, 0xEA, 0xC2, 0x0A, 0xC3, 0xEA, 0xC2, 0xEA, 0xC2, 0xEA, 0xC2, 0x0B, 0xCB, 0xEA, 0xCA,
    0x0B, 0xCB, 0x8C, 0xCB, 0xB1, 0xD4, 0x12, 0xC5, 0x99, 0xCE, 0x1C, 0xC7, 0xFC, 0xC6, 0xFC, 0xC6,
    0xFC, 0xC6, 0xFC, 0xC6, 0xFC, 0xC6, 0xFC, 0xC6, 0xFC, 0xC6, 0xFC, 0xC6, 0xFC, 0xC6, 0xFC, 0xC6,
    0xFC, 0xC6, 0xFC, 0xC6, 0xFC, 0xC6, 0xFC, 0xC6, 0xFC, 0xC6, 0xFC, 0xC6, 0xFC, 0xBE, 0xFC, 0xBE,
    0xFC, 0xC6, 0xFC, 0xBE, 0xFC, 0xBE, 0xFC, 0xC6, 0xFC, 0xC6, 0xFC, 0xC6, 0xFC, 0xC6, 0xFC, 0xC6,
    0xFC, 0xC6, 0xFC, 0xC6, 0xFC, 0xC6, 0xFC, 0xC6, 0xFB, 0xBE, 0xFB, 0xBE, 0xFB, 0xBE, 0xFB, 0xBE,
    0xFB, 0xBE, 0xFB, 0xBE, 0xFB, 0xBE, 0xFB, 0xBE, 0xFB, 0xBE, 0xFB, 0xBE, 0xFB, 0xBE, 0xFB, 0xBE,
    0xFB, 0xBE, 0xFB, 0xBE, 0xFB, 0xBE, 0xFB, 0xBE, 0xFB, 0xBE, 0xFB, 0xBE, 0xFB, 0xBE, 0xFB, 0xBE,
    0xFB, 0xBE, 0xDB, 0xBE, 0xFC, 0xBE, 0xFC, 0xBE, 0xFC, 0xBE, 0xFC, 0xBE, 0xDB, 0xBE, 0xDB, 0xBE,
    0xDB, 0xBE, 0xDB, 0xBE, 0xDB, 0xBE, 0xDB, 0xBE, 0xDB, 0xBE, 0xDB, 0xBE, 0xDB, 0xBE, 0xDB, 0xBE,
    0xDB, 0xBE, 0xDB, 0xBE, 0xDB, 0xBE, 0xDB, 0xBE, 0xDB, 0xBE, 0xDB, 0xBE, 0xDB, 0xBE, 0xDB, 0xBE,
    0xDB, 0xBE, 0xDB, 0xBE, 0xDB, 0xBE, 0xDB, 0xBE, 0xDB, 0xBE, 0xDB, 0xBE, 0xDB, 0xBE, 0xDB, 0xBE,
    0xDB, 0xBE, 0xDB, 0xBE, 0xDB, 0xBE, 0xDB, 0xBE, 0xDB, 0xBE, 0xDB, 0xBE, 0xDB, 0xBE, 0xDB, 0xBE,
    0xDB, 0xBE, 0xDB, 0xBE, 0xDB, 0xBE, 0xDB, 0xBE, 0xDB, 0xBE, 0xDB, 0xBE, 0xDB, 0xBE, 0xDB, 0xBE,
    0xDB, 0xBE, 0xDB, 0xC6, 0xFB, 0xCE, 0x1B, 0xDF, 0x1B, 0xE7, 0xFB, 0xE6, 0xFA, 0xE6, 0xDA, 0xE6,
    0x77, 0xDE, 0x57, 0xDE, 0x16, 0xCE, 0xF6, 0xC5, 0xF6, 0xC5, 0xF6, 0xC5, 0xD6, 0xBD, 0x95, 0xB5,
    0x96, 0xAD, 0x96, 0xAD, 0x96, 0xAD, 0x96, 0xA5, 0x96, 0xA5, 0x96, 0xA5, 0x76, 0xA5, 0x75, 0x9D,
    0x75, 0x9D, 0x75, 0x9D, 0x75, 0x9D, 0x76, 0x9D, 0x76, 0xA5, 0x76, 0xA5, 0x76, 0xA5, 0x96, 0xA5,
    0x97, 0xA5, 0x76, 0x9D, 0x35, 0x9D, 0x35, 0x95, 0x55, 0x95, 0x55, 0x95, 0x55, 0x9D, 0x55, 0x9D,
    0x55, 0x95, 0x55, 0x95, 0x55, 0x95, 0x55, 0x9D, 0x55, 0x9D, 0x55, 0x9D, 0x56, 0x9D, 0x56, 0x9D,
    0x56, 0x9D, 0x56, 0x95, 0x56, 0x9D, 0x76, 0x9D, 0x76, 0x9D, 0x76, 0x9D, 0x76, 0x9D, 0x96, 0x9D,
    0x97, 0xA5, 0xB7, 0xA5, 0xB7, 0xA5, 0xD8, 0xA5, 0xD8, 0xAD, 0xD8, 0xAD, 0xD8, 0xAD, 0xD8, 0xA5,
    0xD8, 0xAD, 0xD8, 0xAD, 0xF8, 0xAD, 0xF9, 0xAD, 0xF9, 0xAD, 0x19, 0xAE, 0xF9, 0xAD, 0xF8, 0xAD,
    0xF8, 0xAD, 0xD8, 0xAD, 0xD7, 0xAD, 0xD7, 0xAD, 0x18, 0xBE, 0x9A, 0xCE, 0x99, 0xD6, 0xBA, 0xD6,
    0x99, 0xD6, 0x99, 0xD6, 0xD9, 0xDE, 0xDA, 0xE6, 0xBA, 0xDE, 0xB9, 0xDE, 0xB9, 0xDE, 0xB9, 0xDE,
    0xB9, 0xDE, 0x99, 0xDE, 0x99, 0xD6, 0x79, 0xD6, 0x79, 0xCE, 0x79, 0xCE, 0x59, 0xCE, 0x59, 0xC6,
    0x59, 0xC6, 0x39, 0xC6, 0x59, 0xBE, 0x59, 0xBE, 0x59, 0xBE, 0x39, 0xBE, 0x59, 0xBE, 0x59, 0xBE,
    0x59, 0xC6, 0x7A, 0xC6, 0xBB, 0xCE, 0xFC, 0xCE, 0xFC, 0xCE, 0xFC, 0xCE, 0xFC, 0xCE, 0xFC, 0xCE,
    0xFC, 0xCE, 0xFB, 0xCE, 0xFB, 0xCE, 0xFB, 0xCE, 0xB9, 0xDE, 0x53, 0xD5, 0x4F, 0xCC, 0x8C, 0xD3,
    0x4B, 0xD3, 0x4B, 0xD3, 0x4C, 0xD3, 0x2B, 0xD3, 0x2B, 0xCB, 0x0A, 0xCB, 0xEA, 0xC2, 0xEA, 0xC2,
    0xEA, 0xBA, 0xA9, 0xB2, 0x68, 0xAA, 0x68, 0xA2, 0x68, 0xA2, 0x48, 0x9A, 0x27, 0x9A, 0xE6, 0x91,
    0x07, 0x92, 0xA6, 0x79, 0x6C, 0xA3, 0x98, 0xFE, 0xB8, 0xF6, 0x98, 0xEE, 0xB8, 0xF6, 0x98, 0xF6,
    0x97, 0xF6, 0x97, 0xF6, 0x98, 0xF6, 0x57, 0xF6, 0xD5, 0xE5, 0x53, 0xD5, 0x53, 0xCD, 0x36, 0xEE,
    0x77, 0xF6, 0x57, 0xEE, 0x77, 0xEE, 0x77, 0xEE, 0x56, 0xEE, 0x56, 0xEE, 0x16, 0xEE, 0x16, 0xEE,
    0x57, 0xEE, 0x36, 0xEE, 0x16, 0xEE, 0x36, 0xEE, 0x16, 0xE6, 0xF6, 0xE5, 0xF6, 0xED, 0xF5, 0xE5,
    0xF6, 0xE5, 0xF6, 0xE5, 0xF6, 0xE5, 0xF6, 0xED, 0xF6, 0xED, 0xF5, 0xE5, 0xD5, 0xE5, 0xF6, 0xED,
    0xF6, 0xED, 0xF5, 0xE5, 0xF5, 0xED, 0xF6, 0xE5, 0xF6, 0xE5, 0x17, 0xE6, 0x2F, 0xAC, 0x8D, 0xA3,
    0xEE, 0xAB, 0x70, 0xB4, 0x74, 0xD5, 0x58, 0xEE, 0x37, 0xEE, 0x16, 0xE6, 0x17, 0xE6, 0xF6, 0xE5,
    0xD6, 0xE5, 0xD5, 0xE5, 0xD6, 0xE5, 0xD6, 0xE5, 0xB5, 0xED, 0x0E, 0xCC, 0x09, 0xBB, 0x2A, 0xC3,
    0x4A, 0xC3, 0x2A, 0xC3, 0x2A, 0xC3, 0x2A, 0xC3, 0x2A, 0xC3, 0x2A, 0xC3, 0x2B, 0xCB, 0x0A, 0xC3,
    0x2B, 0xC3, 0x2B, 0xC3, 0x2B, 0xC3, 0x4B, 0xC3, 0x2B, 0xC3, 0x4B, 0xC3, 0x4B, 0xCB, 0x0B, 0xCB,
    0x2B, 0xCB, 0xCD, 0xCB, 0xB1, 0xD4, 0x53, 0xCD, 0xBA, 0xCE, 0x1C, 0xC7, 0xFC, 0xC6, 0xFC, 0xC6,
    0xFC, 0xC6, 0xFC, 0xC6, 0xFC, 0xC6, 0xFC, 0xC6, 0xFC, 0xC6, 0xFC, 0xC6, 0xFC, 0xC6, 0xFC, 0xC6,
    0xFC, 0xC6, 0xFC, 0xC6, 0xFC, 0xC6, 0xFC, 0xC6, 0xFB, 0xC6, 0xFB, 0xC6, 0xFC, 0xBE, 0xFC, 0xBE,
    0xFC, 0xC6, 0xFC, 0xBE, 0xFC, 0xBE, 0xFC, 0xC6, 0xFC, 0xC6, 0xFC, 0xC6, 0xFC, 0xC6, 0xFC, 0xC6,
    0xFC, 0xC6, 0xFC, 0xC6, 0xFC, 0xC6, 0xFC, 0xC6, 0xFB, 0xBE, 0xFB, 0xBE, 0xFB, 0xBE, 0xFB, 0xBE,
    0xFB, 0xBE, 0xFB, 0xBE, 0xFB, 0xBE, 0xFB, 0xBE, 0xFB, 0xBE, 0xFB, 0xBE, 0xFB, 0xBE, 0xFC, 0xC6,
    0xFB, 0xBE, 0xFB, 0xBE, 0xFB, 0xBE, 0xFB, 0xBE, 0xFB, 0xBE, 0xFB, 0xBE, 0xFB, 0xBE, 0xFB, 0xBE,
    0xFB, 0xBE, 0xDB, 0xBE, 0xFC, 0xBE, 0xFC, 0xBE, 0xFC, 0xBE, 0xFC, 0xBE, 0xDB, 0xBE, 0xDB, 0xBE,
    0xDB, 0xBE, 0xDB, 0xBE, 0xDB, 0xBE, 0xDB, 0xBE, 0xDB, 0xBE, 0xDB, 0xBE, 0xDB, 0xBE, 0xDB, 0xBE,
    0xFC, 0xBE, 0xDB, 0xBE, 0xDB, 0xBE, 0xFC, 0xBE, 0xDC, 0xBE, 0xFC, 0xBE, 0xDB, 0xBE, 0xDB, 0xBE,
    0xDB, 0xBE, 0xDB, 0xBE, 0xDB, 0xBE, 0xDB, 0xBE, 0xDB, 0xBE, 0xDB, 0xBE, 0xFB, 0xBE, 0xDB, 0xBE,
    0xDB, 0xBE, 0xDB, 0xBE, 0xDB, 0xBE, 0xFB, 0xBE, 0xFB, 0xBE, 0xFB, 0xBE, 0xFB, 0xBE, 0xFB, 0xBE,
    0xFB, 0xBE, 0xFB, 0xBE, 0xFB, 0xBE, 0xDB, 0xBE, 0xDB, 0xBE, 0xFB, 0xBE, 0xDB, 0xBE, 0xDB, 0xBE,
    0xDB, 0xBE, 0xFB, 0xCE, 0x1B, 0xDF, 0x1B, 0xE7, 0x1B, 0xE7, 0xFB, 0xE6, 0xFA, 0xE6, 0xDA, 0xE6,
    0x57, 0xDE, 0x77, 0xDE, 0x57, 0xDE, 0x57, 0xDE, 0x77, 0xDE, 0x77, 0xDE, 0x57, 0xD6, 0xD6, 0xBD,
    0x95, 0xB5, 0xB6, 0xAD, 0x96, 0xAD, 0x75, 0xA5, 0x96, 0xA5, 0x76, 0xA5, 0x75, 0xA5, 0x55, 0xA5,
    0x75, 0xA5, 0x75, 0xA5, 0x55, 0xA5, 0x55, 0xA5, 0x75, 0xA5, 0x76, 0xA5, 0x76, 0xA5, 0x76, 0xA5,
    0x96, 0xA5, 0x75, 0x9D, 0x55, 0x9D, 0x34, 0x9D, 0x34, 0x95, 0x55, 0x9D, 0x55, 0x9D, 0x55, 0x9D,
    0x55, 0x95, 0x55, 0x95, 0x55, 0x95, 0x55, 0x9D, 0x55, 0x9D, 0x55, 0x9D, 0x55, 0x9D, 0x55, 0x9D,
    0x55, 0x9D, 0x55, 0x9D, 0x76, 0x9D, 0x76, 0x9D, 0x76, 0x9D, 0x76, 0x9D, 0x76, 0x9D, 0x76, 0x9D,
    0x97, 0x9D, 0x97, 0xA5, 0x97, 0xA5, 0xB7, 0xA5, 0xB8, 0xA5, 0xB7, 0xA5, 0xB7, 0xA5, 0xD8, 0xA5,
    0xD8, 0xA5, 0xD8, 0xAD, 0xF8, 0xAD, 0xF8, 0xAD, 0xF8, 0xAD, 0x19, 0xAE, 0x19, 0xB6, 0xF8, 0xAD,
    0xF8, 0xAD, 0xD8, 0xAD, 0xD8, 0xAD, 0xF8, 0xB5, 0x59, 0xC6, 0x9A, 0xD6, 0x79, 0xD6, 0x79, 0xD6,
    0x78, 0xD6, 0x99, 0xD6, 0xB9, 0xDE, 0xBA, 0xE6, 0xBA, 0xDE, 0xB9, 0xDE, 0xB9, 0xDE, 0xB9, 0xDE,
    0x99, 0xDE, 0x99, 0xD6, 0x99, 0xD6, 0x79, 0xCE, 0x79, 0xCE, 0x59, 0xCE, 0x59, 0xCE, 0x39, 0xC6,
    0x39, 0xC6, 0x39, 0xBE, 0x38, 0xBE, 0x38, 0xBE, 0x38, 0xBE, 0x38, 0xBE, 0x38, 0xBE, 0x59, 0xBE,
    0x59, 0xBE, 0x59, 0xBE, 0x9A, 0xC6, 0xFB, 0xCE, 0xFC, 0xCE, 0xFC, 0xCE, 0xFC, 0xCE, 0xFC, 0xCE,
    0xFC, 0xCE, 0xFC, 0xCE, 0xFB, 0xCE, 0xFB, 0xCE, 0xDA, 0xD6, 0x94, 0xD5, 0x4F, 0xCC, 0xCD, 0xD3,
    0x8D, 0xDB, 0x6C, 0xDB, 0x6C, 0xD3, 0x6C, 0xD3, 0x6C, 0xD3, 0x6C, 0xCB, 0x2B, 0xC3, 0xEA, 0xC2,
    0x0A, 0xBB, 0xCA, 0xBA, 0xA9, 0xB2, 0x89, 0xAA, 0x88, 0xA2, 0x68, 0x9A, 0x27, 0x9A, 0xE7, 0x91,
    0xE7, 0x81, 0x0B, 0x9B, 0x36, 0xEE, 0xD9, 0xFE, 0x98, 0xEE, 0xB8, 0xF6, 0xB8, 0xF6, 0x97, 0xF6,
    0x97, 0xF6, 0x57, 0xF6, 0x32, 0xD5, 0x2E, 0xB4, 0xAD, 0xAB, 0xAC, 0xA3, 0x2E, 0xB4, 0xB4, 0xE5,
    0x57, 0xEE, 0x36, 0xEE, 0x56, 0xEE, 0x77, 0xEE, 0x57, 0xEE, 0x36, 0xEE, 0x36, 0xEE, 0x16, 0xEE,
    0x36, 0xEE, 0x36, 0xEE, 0x37, 0xEE, 0xF6, 0xE5, 0x16, 0xEE, 0x16, 0xEE, 0xD5, 0xE5, 0xD5, 0xE5,
    0xF6, 0xED, 0xD5, 0xE5, 0xD5, 0xE5, 0xF6, 0xED, 0xF6, 0xE5, 0xF6, 0xED, 0xD5, 0xE5, 0xD5, 0xE5,
    0xD6, 0xE5, 0xF6, 0xED, 0xF6, 0xE5, 0xD5, 0xE5, 0xF6, 0xE5, 0x16, 0xEE, 0xD2, 0xC4, 0xEE, 0xAB,
    0xCD, 0xAB, 0x4B, 0x9B, 0x4C, 0x9B, 0x50, 0xB4, 0xB5, 0xDD, 0x37, 0xEE, 0x37, 0xE6, 0x16, 0xE6,
    0xD6, 0xE5, 0xD6, 0xE5, 0xF6, 0xE5, 0xD6, 0xDD, 0xD6, 0xE5, 0xB5, 0xE5, 0xCD, 0xC3, 0x2A, 0xBB,
    0x4B, 0xCB, 0x4A, 0xCB, 0x6B, 0xCB, 0x8B, 0xCB, 0x6B, 0xCB, 0x4B, 0xC3, 0x4B, 0xCB, 0x4B, 0xCB,
    0x4B, 0xCB, 0x4B, 0xCB, 0x4B, 0xCB, 0x4B, 0xCB, 0x4B, 0xCB, 0x6C, 0xCB, 0x6C, 0xCB, 0x4B, 0xCB,
    0x4B, 0xCB, 0xEE, 0xCB, 0xD1, 0xD4, 0x33, 0xC5, 0xBA, 0xCE, 0xFB, 0xC6, 0xFB, 0xC6, 0xFB, 0xC6,
    0xFB, 0xC6, 0xFB, 0xC6, 0xFB, 0xC6, 0xFB, 0xC6, 0xFB, 0xC6, 0xFB, 0xC6, 0xFB, 0xC6, 0xFB, 0xC6,
    0xFB, 0xC6, 0xFB, 0xC6, 0xFB, 0xC6, 0xFB, 0xC6, 0xFB, 0xC6, 0xFB, 0xC6, 0xFB, 0xC6, 0xFC, 0xC6,
    0xFC, 0xC6, 0xFB, 0xC6, 0xFC, 0xC6, 0xFC, 0xC6, 0xFC, 0xC6, 0xFC, 0xC6, 0xFC, 0xC6, 0xFC, 0xC6,
    0xFB, 0xBE, 0xFC, 0xC6, 0xFC, 0xC6, 0xFC, 0xC6, 0xFC, 0xC6, 0xFC, 0xC6, 0xFB, 0xBE, 0xFB, 0xBE,
    0xFC, 0xC6, 0xFC, 0xC6, 0xFC, 0xC6, 0xFC, 0xC6, 0xFC, 0xC6, 0xFC, 0xC6, 0xFC, 0xC6, 0xFC, 0xC6,
    0xFC, 0xC6, 0xFC, 0xC6, 0xFC, 0xC6, 0xFC, 0xC6, 0xFC, 0xC6, 0xFC, 0xC6, 0xFC, 0xC6, 0xFB, 0xBE,
    0xFB, 0xBE, 0xFB, 0xC6, 0xDB, 0xBE, 0xDB, 0xBE, 0xDB, 0xBE, 0xDB, 0xBE, 0xDB, 0xBE, 0xDB, 0xBE,
    0xFC, 0xBE, 0xDC, 0xBE, 0xDB, 0xBE, 0xFB, 0xBE, 0xFB, 0xBE, 0xFB, 0xBE, 0xFB, 0xBE, 0xFB, 0xBE,
    0xFB, 0xBE, 0xFB, 0xBE, 0xFC, 0xBE, 0xFB, 0xBE, 0xDB, 0xBE, 0xDB, 0xBE, 0xDB, 0xBE, 0xDB, 0xBE,
    0xDB, 0xBE, 0xDB, 0xBE, 0xDB, 0xBE, 0xDB, 0xBE, 0xDB, 0xBE, 0xDB, 0xBE, 0xDB, 0xBE, 0xDB, 0xBE,
    0xDB, 0xBE, 0xDB, 0xBE, 0xDB, 0xBE, 0xDB, 0xBE, 0xDB, 0xBE, 0xDB, 0xBE, 0xDB, 0xBE, 0xDB, 0xBE,
    0xFB, 0xBE, 0xDB, 0xBE, 0xDB, 0xBE, 0xFB, 0xBE, 0xDB, 0xC6, 0xDB, 0xC6, 0xDB, 0xC6, 0xDB, 0xC6,
    0xDB, 0xCE, 0x1B, 0xDF, 0x1B, 0xE7, 0x1B, 0xE7, 0xFB, 0xE6, 0xFA, 0xE6, 0xFA, 0xE6, 0xDA, 0xE6,
    0xB8, 0xDE, 0xB8, 0xDE, 0xB8, 0xE6, 0xD9, 0xE6, 0xD8, 0xE6, 0xB8, 0xE6, 0x98, 0xDE, 0x16, 0xCE,
    0xB6, 0xBD, 0xB6, 0xB5, 0x96, 0xAD, 0x95, 0xAD, 0x96, 0xAD, 0x96, 0xA5, 0x75, 0xA5, 0x55, 0xA5,
    0x55, 0xA5, 0x55, 0xA5, 0x55, 0xA5, 0x55, 0xA5, 0x75, 0xA5, 0x75, 0xA5, 0x75, 0xA5, 0x76, 0xA5,
    0x75, 0xA5, 0x75, 0xA5, 0x55, 0x9D, 0x55, 0x9D, 0x55, 0x9D, 0x55, 0x9D, 0x55, 0x9D, 0x55, 0x9D,
    0x55, 0x9D, 0x55, 0x9D, 0x75, 0x9D, 0x75, 0x9D, 0x75, 0x9D, 0x55, 0x9D, 0x55, 0x9D, 0x55, 0x9D,
    0x55, 0x9D, 0x55, 0x9D, 0x55, 0x9D, 0x55, 0x9D, 0x76, 0x9D, 0x76, 0x9D, 0x76, 0x9D, 0x76, 0x9D,
    0x96, 0x9D, 0x97, 0x9D, 0x97, 0xA5, 0xB7, 0xA5, 0xB7, 0xA5, 0xB7, 0xA5, 0xB7, 0xA5, 0xD7, 0xA5,
    0xD8, 0xA5, 0xD8, 0xA5, 0xF8, 0xAD, 0xF8, 0xAD, 0xF8, 0xAD, 0xF8, 0xAD, 0xF8, 0xAD, 0xF8, 0xAD,
    0xD8, 0xAD, 0xD8, 0xAD, 0xD8, 0xAD, 0x39, 0xBE, 0x7A, 0xCE, 0x79, 0xCE, 0x79, 0xCE, 0x79, 0xCE,
    0x78, 0xCE, 0x78, 0xD6, 0xB9, 0xDE, 0x99, 0xDE, 0x99, 0xDE, 0x99, 0xD6, 0x99, 0xD6, 0x99, 0xD6,
    0x99, 0xD6, 0x79, 0xD6, 0x79, 0xCE, 0x79, 0xCE, 0x59, 0xCE, 0x59, 0xC6, 0x39, 0xC6, 0x39, 0xC6,
    0x38, 0xBE, 0x38, 0xBE, 0x38, 0xBE, 0x38, 0xBE, 0x38, 0xBE, 0x38, 0xBE, 0x38, 0xBE, 0x39, 0xBE,
    0x59, 0xBE, 0x59, 0xBE, 0x7A, 0xBE, 0xDB, 0xCE, 0x1C, 0xCF, 0x1C, 0xCF, 0xFC, 0xCE, 0xFC, 0xCE,
    0xFC, 0xCE, 0xFC, 0xCE, 0x1C, 0xCF, 0xFB, 0xCE, 0xDA, 0xD6, 0xB4, 0xDD, 0xB0, 0xD4, 0xEE, 0xD3,
    0x6D, 0xDB, 0x8D, 0xDB, 0x8D, 0xDB, 0x6C, 0xD3, 0x8C, 0xD3, 0x8C, 0xD3, 0x4B, 0xCB, 0x0A, 0xC3,
    0x2B, 0xC3, 0xEA, 0xBA, 0xC9, 0xB2, 0xA9, 0xAA, 0x88, 0xA2, 0x68, 0x9A, 0x28, 0x9A, 0xC6, 0x81,
    0x89, 0x8A, 0xD6, 0xE5, 0xD9, 0xFE, 0xB8, 0xF6, 0x98, 0xEE, 0xB8, 0xF6, 0xB8, 0xF6, 0xB8, 0xFE,
    0x15, 0xEE, 0x4F, 0xBC, 0x6B, 0xA3, 0x8C, 0xAB, 0x90, 0xC4, 0x32, 0xD5, 0xB4, 0xE5, 0xF5, 0xE5,
    0x36, 0xEE, 0x36, 0xEE, 0x56, 0xEE, 0x56, 0xEE, 0x36, 0xEE, 0x16, 0xEE, 0x16, 0xEE, 0x36, 0xEE,
    0x16, 0xEE, 0xF5, 0xE5, 0xF5, 0xE5, 0xD5, 0xE5, 0x16, 0xEE, 0x16, 0xEE, 0xD5, 0xE5, 0xD5, 0xE5,
    0xF5, 0xE5, 0xF5, 0xE5, 0xF6, 0xED, 0xF6, 0xE5, 0xD5, 0xE5, 0xF6, 0xE5, 0xF6, 0xE5, 0xF6, 0xE5,
    0xF6, 0xE5, 0xD6, 0xE5, 0xF6, 0xE5, 0xF6, 0xE5, 0xF6, 0xE5, 0xF6, 0xE5, 0x37, 0xF6, 0x16, 0xEE,
    0xD5, 0xED, 0x74, 0xDD, 0x90, 0xC4, 0x8C, 0xA3, 0x6C, 0x9B, 0x94, 0xDD, 0x17, 0xEE, 0xF6, 0xE5,
    0xD5, 0xE5, 0xD6, 0xE5, 0xF6, 0xE5, 0xF6, 0xE5, 0xF6, 0xE5, 0xD6, 0xE5, 0x73, 0xE5, 0xED, 0xC3,
    0x6B, 0xC3, 0x8C, 0xCB, 0x8C, 0xCB, 0x8C, 0xCB, 0x8C, 0xCB, 0x4B, 0xC3, 0x6C, 0xC3, 0x8C, 0xCB,
    0x6C, 0xCB, 0x8C, 0xCB, 0x8C, 0xCB, 0x6C, 0xCB, 0x4C, 0xCB, 0x8C, 0xCB, 0x8C, 0xCB, 0x6C, 0xCB,
    0x6C, 0xCB, 0x0E, 0xD4, 0xF1, 0xD4, 0x34, 0xC5, 0xDA, 0xCE, 0xFB, 0xC6, 0xFB, 0xC6, 0xFB, 0xC6,
    0xFB, 0xC6, 0xFB, 0xC6, 0xFB, 0xC6, 0xFB, 0xC6, 0xFB, 0xC6, 0xFB, 0xC6, 0xFB, 0xC6, 0xFB, 0xC6,
    0xFB, 0xC6, 0xFB, 0xC6, 0xFB, 0xC6, 0xFB, 0xC6, 0xFB, 0xC6, 0xFB, 0xC6, 0xFB, 0xC6, 0xFB, 0xC6,
    0xFB, 0xC6, 0xFB, 0xC6, 0xFB, 0xC6, 0xFC, 0xC6, 0xFC, 0xC6, 0xFC, 0xC6, 0xFC, 0xC6, 0xFC, 0xC6,
    0xFB, 0xBE, 0xFC, 0xC6, 0xFC, 0xC6, 0xFB, 0xBE, 0xFB, 0xBE, 0xFC, 0xC6, 0xFB, 0xC6, 0xFB, 0xC6,
    0xFB, 0xC6, 0xFC, 0xC6, 0xFC, 0xC6, 0xFC, 0xC6, 0xFC, 0xC6, 0xFC, 0xC6, 0xFC, 0xC6, 0xFC, 0xC6,
    0xFC, 0xC6, 0xFC, 0xC6, 0xFC, 0xC6, 0xFC, 0xC6, 0xFC, 0xC6, 0xFC, 0xC6, 0xFC, 0xC6, 0xFC, 0xC6,
    0xFB, 0xBE, 0xFB, 0xC6, 0xFB, 0xC6, 0xFB, 0xBE, 0xFB, 0xC6, 0xFB, 0xC6, 0xFC, 0xC6, 0xFB, 0xC6,
    0xFB, 0xC6, 0xFC, 0xC6, 0xFB, 0xC6, 0xFB, 0xBE, 0xFB, 0xBE, 0xFB, 0xBE, 0xFB, 0xBE, 0xFB, 0xBE,
    0xFB, 0xBE, 0xFB, 0xBE, 0xFC, 0xC6, 0xFB, 0xBE, 0xFB, 0xBE, 0xFB, 0xBE, 0xFB, 0xBE, 0xDB, 0xBE,
    0xDB, 0xBE, 0xDB, 0xBE, 0xDB, 0xBE, 0xDB, 0xBE, 0xDB, 0xBE, 0xDB, 0xBE, 0xDB, 0xBE, 0xDB, 0xBE,
    0xDB, 0xBE, 0xDB, 0xBE, 0xDB, 0xBE, 0xDB, 0xBE, 0xDB, 0xBE, 0xDB, 0xBE, 0xDB, 0xBE, 0xDB, 0xBE,
    0xFB, 0xBE, 0xDB, 0xC6, 0xDB, 0xC6, 0xDB, 0xC6, 0xDB, 0xCE, 0xFB, 0xD6, 0xFC, 0xD6, 0xFB, 0xDE,
    0xFB, 0xDE, 0xFB, 0xE6, 0xFB, 0xE6, 0xFB, 0xE6, 0xFA, 0xE6, 0xFA, 0xE6, 0xDA, 0xE6, 0xD9, 0xE6,
    0xF9, 0xE6, 0xF9, 0xE6, 0xF9, 0xE6, 0xF9, 0xE6, 0xD8, 0xE6, 0xB8, 0xE6, 0x98, 0xE6, 0x57, 0xD6,
    0xF6, 0xC5, 0xD6, 0xBD, 0xB6, 0xB5, 0xB6, 0xB5, 0x96, 0xAD, 0x95, 0xAD, 0x75, 0xA5, 0x75, 0xA5,
    0x75, 0xA5, 0x75, 0xA5, 0x55, 0xA5, 0x55, 0xA5, 0x75, 0xA5, 0x75, 0xA5, 0x75, 0xA5, 0x75, 0xA5,
    0x75, 0xA5, 0x75, 0xA5, 0x75, 0xA5, 0x55, 0x9D, 0x55, 0x9D, 0x55, 0x9D, 0x75, 0xA5, 0x75, 0xA5,
    0x55, 0x9D, 0x75, 0x9D, 0x75, 0x9D, 0x75, 0x9D, 0x75, 0x9D, 0x75, 0x9D, 0x75, 0x9D, 0x75, 0x9D,
    0x55, 0x9D, 0x55, 0x9D, 0x55, 0x9D, 0x55, 0x9D, 0x55, 0x9D, 0x76, 0x9D, 0x76, 0x9D, 0x76, 0x9D,
    0x76, 0x9D, 0x97, 0x9D, 0x97, 0xA5, 0xB7, 0xA5, 0xB7, 0xA5, 0xB7, 0xA5, 0xB7, 0xA5, 0xB7, 0xA5,
    0xD7, 0xA5, 0xD8, 0xA5, 0xD8, 0xA5, 0xD8, 0xAD, 0xD8, 0xAD, 0xF8, 0xAD, 0xF8, 0xAD, 0xF8, 0xAD,
    0xD8, 0xAD, 0xD8, 0xAD, 0xD8, 0xB5, 0x39, 0xC6, 0x59, 0xCE, 0x58, 0xCE, 0x58, 0xCE, 0x78, 0xCE,
    0x58, 0xCE, 0x58, 0xCE, 0x99, 0xD6, 0x99, 0xDE, 0x99, 0xD6, 0x79, 0xD6, 0x78, 0xD6, 0x78, 0xD6,
    0x79, 0xD6, 0x79, 0xD6, 0x79, 0xCE, 0x59, 0xCE, 0x58, 0xCE, 0x59, 0xC6, 0x39, 0xC6, 0x39, 0xBE,
    0x38, 0xBE, 0x38, 0xBE, 0x39, 0xBE, 0x39, 0xBE, 0x39, 0xBE, 0x39, 0xBE, 0x39, 0xBE, 0x39, 0xB6,
    0x39, 0xBE, 0x59, 0xBE, 0x79, 0xBE, 0xBB, 0xCE, 0xFC, 0xCE, 0x1C, 0xCF, 0x1C, 0xCF, 0x1C, 0xCF,
    0x1C, 0xCF, 0x1C, 0xCF, 0x1C, 0xCF, 0xFB, 0xCE, 0xDA, 0xD6, 0xB5, 0xDD, 0x90, 0xD4, 0xAD, 0xD3,
    0x8D, 0xDB, 0x8C, 0xDB, 0xAD, 0xDB, 0x8D, 0xD3, 0xAD, 0xD3, 0x8C, 0xD3, 0x4B, 0xCB, 0x2B, 0xC3,
    0x2B, 0xC3, 0xEA, 0xBA, 0xC9, 0xB2, 0xA9, 0xAA, 0x89, 0xA2, 0x69, 0xA2, 0x28, 0x92, 0x68, 0x8A,
    0x13, 0xD5, 0xB8, 0xFE, 0x98, 0xF6, 0xB8, 0xF6, 0x97, 0xF6, 0x98, 0xF6, 0x97, 0xF6, 0x97, 0xF6,
    0x90, 0xC4, 0xCD, 0xAB, 0xF1, 0xD4, 0xB4, 0xED, 0x15, 0xEE, 0x36, 0xEE, 0x36, 0xEE, 0x36, 0xEE,
    0x36, 0xEE, 0x16, 0xEE, 0x36, 0xEE, 0x15, 0xE6, 0x16, 0xEE, 0x16, 0xEE, 0x16, 0xEE, 0x15, 0xE6,
    0xF5, 0xE5, 0xF5, 0xE5, 0xB5, 0xE5, 0xD5, 0xE5, 0xD5, 0xE5, 0xF5, 0xED, 0xD5, 0xE5, 0xD5, 0xE5,
    0xF5, 0xE5, 0xD5, 0xE5, 0xF6, 0xED, 0xF6, 0xED, 0xD5, 0xE5, 0xF5, 0xE5, 0xF5, 0xE5, 0xF6, 0xE5,
    0x16, 0xEE, 0xF6, 0xE5, 0xF6, 0xED, 0xF6, 0xED, 0xF6, 0xE5, 0xF6, 0xED, 0xF6, 0xED, 0xF6, 0xE5,
    0xF6, 0xE5, 0xF6, 0xED, 0x17, 0xEE, 0xB5, 0xE5, 0x90, 0xC4, 0x74, 0xDD, 0xF6, 0xE5, 0xF6, 0xE5,
    0xD5, 0xE5, 0xF6, 0xE5, 0xF6, 0xE5, 0xD5, 0xDD, 0xD6, 0xE5, 0xB5, 0xE5, 0xD5, 0xE5, 0x53, 0xDD,
    0xEE, 0xCB, 0xAD, 0xCB, 0xAC, 0xCB, 0xCD, 0xD3, 0xCD, 0xD3, 0xAD, 0xCB, 0xAD, 0xCB, 0xAD, 0xCB,
    0x8C, 0xCB, 0xAD, 0xD3, 0x8D, 0xCB, 0xAD, 0xD3, 0xAD, 0xD3, 0xAD, 0xD3, 0xAD, 0xD3, 0x8C, 0xD3,
    0xAD, 0xD3, 0x4F, 0xD4, 0xF1, 0xD4, 0x54, 0xC5, 0xFB, 0xCE, 0xFB, 0xC6, 0xFC, 0xC6, 0xFC, 0xC6,
    0xFC, 0xC6, 0xFC, 0xC6, 0xFC, 0xC6, 0xFC, 0xC6, 0xFC, 0xC6, 0xFC, 0xC6, 0xFC, 0xC6, 0xFB, 0xC6,
    0xFB, 0xC6, 0xFC, 0xC6, 0xFB, 0xC6, 0xFB, 0xC6, 0xFC, 0xC6, 0xFC, 0xC6, 0xFB, 0xC6, 0xFB, 0xC6,
    0xFB, 0xC6, 0xFB, 0xC6, 0xFB, 0xC6, 0xFC, 0xC6, 0xFC, 0xC6, 0xFC, 0xC6, 0xFC, 0xC6, 0xFC, 0xC6,
    0xFC, 0xC6, 0xFC, 0xC6, 0xFC, 0xC6, 0xFB, 0xC6, 0xFB, 0xC6, 0xFC, 0xC6, 0xFC, 0xC6, 0xFB, 0xC6,
    0xFB, 0xC6, 0xFB, 0xC6, 0xFC, 0xC6, 0xFC, 0xC6, 0xFC, 0xC6, 0xFC, 0xC6, 0xFC, 0xC6, 0xFC, 0xC6,
    0xFC, 0xC6, 0xFC, 0xC6, 0xFC, 0xC6, 0xFC, 0xC6, 0xFC, 0xC6, 0xFC, 0xC6, 0xFC, 0xC6, 0xFC, 0xC6,
    0xFC, 0xC6, 0xFC, 0xC6, 0xFB, 0xBE, 0xFB, 0xBE, 0xFC, 0xBE, 0xFC, 0xBE, 0xFC, 0xC6, 0xFC, 0xC6,
    0xFC, 0xC6, 0xFC, 0xC6, 0xFB, 0xC6, 0xFC, 0xC6, 0xFC, 0xC6, 0xFC, 0xC6, 0xFC, 0xC6, 0xFC, 0xC6,
    0xFB, 0xBE, 0xFB, 0xBE, 0xFC, 0xC6, 0xFC, 0xC6, 0xFB, 0xBE, 0xFB, 0xBE, 0xFB, 0xBE, 0xFB, 0xBE,
    0xFB, 0xBE, 0xFB, 0xBE, 0xFB, 0xBE, 0xFB, 0xBE, 0xFB, 0xBE, 0xFB, 0xBE, 0xFB, 0xBE, 0xDB, 0xBE,
    0xDB, 0xBE, 0xFB, 0xBE, 0xFB, 0xBE, 0xFB, 0xBE, 0xFB, 0xBE, 0xDB, 0xBE, 0xDB, 0xBE, 0xDB, 0xC6,
    0xDB, 0xC6, 0xDB, 0xC6, 0xDB, 0xC6, 0xFB, 0xD6, 0xFB, 0xDE, 0x1B, 0xE7, 0xFB, 0xE6, 0xFB, 0xE6,
    0xFB, 0xE6, 0xFA, 0xE6, 0xFA, 0xE6, 0xFA, 0xE6, 0xFA, 0xDE, 0xDA, 0xDE, 0xD9, 0xDE, 0xD9, 0xE6,
    0x1A, 0xE7, 0x1A, 0xE7, 0xFA, 0xE6, 0xD9, 0xE6, 0xB8, 0xE6, 0xB8, 0xE6, 0x98, 0xE6, 0x77, 0xDE,
    0x17, 0xCE, 0xF6, 0xC5, 0xD6, 0xBD, 0xB6, 0xB5, 0xB6, 0xB5, 0x95, 0xB5, 0x75, 0xAD, 0x75, 0xAD,
    0x75, 0xAD, 0x75, 0xAD, 0x75, 0xAD, 0x75, 0xAD, 0x95, 0xAD, 0x75, 0xAD, 0x75, 0xAD, 0x95, 0xAD,
    0x95, 0xAD, 0x75, 0xA5, 0x75, 0xA5, 0x54, 0xA5, 0x75, 0xA5, 0x75, 0xA5, 0x95, 0xA5, 0x95, 0xA5,
    0x75, 0xA5, 0x75, 0xA5, 0x75, 0x9D, 0x75, 0x9D, 0x55, 0x9D, 0x55, 0x9D, 0x55, 0x9D, 0x75, 0x9D,
    0x75, 0x9D, 0x75, 0x9D, 0x55, 0x9D, 0x34, 0x95, 0x34, 0x95, 0x55, 0x9D, 0x55, 0x9D, 0x75, 0x9D,
    0x76, 0x9D, 0x96, 0x9D, 0x97, 0xA5, 0x97, 0xA5, 0x97, 0xA5, 0x97, 0x9D, 0x97, 0x9D, 0xB7, 0xA5,
    0xB7, 0xA5, 0xB7, 0xA5, 0xB7, 0xA5, 0xD8, 0xA5, 0xD8, 0xA5, 0xD8, 0xAD, 0xF8, 0xAD, 0xD8, 0xAD,
    0xD8, 0xAD, 0xB7, 0xAD, 0x18, 0xB6, 0x59, 0xC6, 0x39, 0xC6, 0x38, 0xC6, 0x58, 0xCE, 0x59, 0xCE,
    0x38, 0xC6, 0x58, 0xCE, 0x79, 0xD6, 0x99, 0xD6, 0x79, 0xD6, 0x58, 0xD6, 0x58, 0xD6, 0x58, 0xD6,
    0x78, 0xD6, 0x79, 0xD6, 0x79, 0xCE, 0x59, 0xCE, 0x38, 0xC6, 0x39, 0xC6, 0x39, 0xC6, 0x39, 0xC6,
    0x39, 0xBE, 0x38, 0xBE, 0x39, 0xBE, 0x39, 0xBE, 0x39, 0xBE, 0x39, 0xBE, 0x39, 0xB6, 0x39, 0xB6,
    0x39, 0xB6, 0x59, 0xBE, 0x59, 0xBE, 0x9A, 0xC6, 0xFB, 0xCE, 0xFB, 0xCE, 0xFB, 0xCE, 0xFB, 0xCE,
    0xFB, 0xCE, 0xFB, 0xCE, 0x1C, 0xCF, 0xFB, 0xCE, 0xFA, 0xDE, 0xD5, 0xDD, 0x70, 0xD4, 0xCE, 0xD3,
    0xAD, 0xDB, 0x8D, 0xDB, 0xCE, 0xDB, 0xCE, 0xDB, 0xAD, 0xD3, 0x8D, 0xD3, 0x6C, 0xCB, 0x4C, 0xCB,
    0x2B, 0xC3, 0x0B, 0xBB, 0xEA, 0xBA, 0xCA, 0xAA, 0xCA, 0xAA, 0x89, 0xA2, 0x27, 0x8A, 0x70, 0xC4,
    0x97, 0xF6, 0x97, 0xF6, 0x97, 0xF6, 0x97, 0xF6, 0x97, 0xF6, 0x97, 0xF6, 0x77, 0xEE, 0x56, 0xEE,
    0x15, 0xEE, 0x15, 0xEE, 0x36, 0xF6, 0x15, 0xEE, 0xF5, 0xE5, 0x36, 0xEE, 0x16, 0xEE, 0x36, 0xEE,
    0x16, 0xEE, 0x16, 0xEE, 0x15, 0xEE, 0xD5, 0xE5, 0xD5, 0xE5, 0xF5, 0xED, 0x16, 0xEE, 0x16, 0xEE,
    0xF5, 0xED, 0xD5, 0xE5, 0xD5, 0xE5, 0xD5, 0xE5, 0xD5, 0xE5, 0xD5, 0xE5, 0xB5, 0xE5, 0xB4, 0xE5,
    0xB5, 0xE5, 0xD5, 0xED, 0xD5, 0xE5, 0xD5, 0xE5, 0xD5, 0xE5, 0xF6, 0xED, 0xF5, 0xED, 0xD5, 0xE5,
    0xD5, 0xE5, 0xF5, 0xE5, 0xF6, 0xED, 0xF5, 0xED, 0xD5, 0xE5, 0xF6, 0xED, 0xF6, 0xED, 0xF6, 0xE5,
    0x16, 0xE6, 0xF6, 0xE5, 0xD5, 0xE5, 0xD5, 0xE5, 0x16, 0xEE, 0xF6, 0xED, 0xF6, 0xE5, 0xF6, 0xE5,
    0xF5, 0xE5, 0xF6, 0xE5, 0xF6, 0xE5, 0xF6, 0xE5, 0xD5, 0xE5, 0xB5, 0xDD, 0xB5, 0xDD, 0xD5, 0xE5,
    0xF2, 0xE4, 0xAD, 0xC3, 0xAC, 0xCB, 0xCD, 0xD3, 0xAD, 0xCB, 0xAD, 0xCB, 0xEE, 0xD3, 0xCD, 0xD3,
    0xCD, 0xD3, 0xCE, 0xD3, 0xAD, 0xCB, 0xCD, 0xD3, 0xCE, 0xD3, 0xCE, 0xD3, 0xAD, 0xD3, 0xCD, 0xD3,
    0xAD, 0xCB, 0x70, 0xD4, 0xD1, 0xD4, 0x95, 0xC5, 0xFB, 0xCE, 0xFB, 0xC6, 0xFB, 0xC6, 0xFC, 0xC6,
    0xFC, 0xC6, 0xFC, 0xC6, 0xFC, 0xC6, 0xFC, 0xC6, 0xFC, 0xC6, 0xFC, 0xC6, 0xFC, 0xC6, 0xFC, 0xC6,
    0xFC, 0xC6, 0xFC, 0xC6, 0xFC, 0xC6, 0xFB, 0xC6, 0xFC, 0xC6, 0xFC, 0xC6, 0xFB, 0xC6, 0xFB, 0xC6,
    0xFB, 0xC6, 0xFB, 0xC6, 0xFB, 0xC6, 0xFB, 0xC6, 0xFC, 0xC6, 0xFC, 0xC6, 0xFC, 0xC6, 0xFC, 0xC6,
    0xFC, 0xC6, 0xFC, 0xC6, 0xFC, 0xC6, 0xFB, 0xC6, 0xFB, 0xC6, 0xFC, 0xC6, 0xFC, 0xC6, 0xFB, 0xC6,
    0xFB, 0xC6, 0xFB, 0xC6, 0xFB, 0xC6, 0xFB, 0xC6, 0xFB, 0xC6, 0xFB, 0xC6, 0xFB, 0xC6, 0xFB, 0xC6,
    0xFB, 0xC6, 0xFB, 0xC6, 0xFB, 0xC6, 0xFB, 0xC6, 0xFB, 0xC6, 0xFB, 0xC6, 0xFB, 0xC6, 0xFB, 0xC6,
    0xFB, 0xC6, 0xFB, 0xC6, 0xFB, 0xC6, 0xFB, 0xC6, 0xFB, 0xC6, 0xFB, 0xC6, 0xFB, 0xC6, 0xFB, 0xC6,
    0xFB, 0xC6, 0xFC, 0xC6, 0xFC, 0xC6, 0xFB, 0xC6, 0xFB, 0xC6, 0xFB, 0xC6, 0xFB, 0xC6, 0xFB, 0xC6,
    0xFC, 0xC6, 0xFB, 0xBE, 0xFB, 0xBE, 0xFB, 0xBE, 0xFB, 0xBE, 0xFB, 0xBE, 0xFB, 0xBE, 0xFB, 0xBE,
    0xFB, 0xBE, 0xFB, 0xBE, 0xFB, 0xBE, 0xFB, 0xBE, 0xFB, 0xBE, 0xFB, 0xBE, 0xFB, 0xBE, 0xFB, 0xBE,
    0xFB, 0xBE, 0xFB, 0xBE, 0xFB, 0xBE, 0xFB, 0xBE, 0xFB, 0xBE, 0xFB, 0xBE, 0xFB, 0xBE, 0xDB, 0xC6,
    0xDB, 0xC6, 0xDB, 0xCE, 0xFB, 0xD6, 0x1B, 0xE7, 0xFB, 0xE6, 0xFB, 0xE6, 0xFA, 0xE6, 0xFA, 0xE6,
    0xDA, 0xDE, 0xDA, 0xDE, 0xDA, 0xDE, 0xDA, 0xDE, 0xDA, 0xDE, 0xD9, 0xDE, 0xD9, 0xDE, 0xD9, 0xDE,
    0x1B, 0xDF, 0x1A, 0xDF, 0xFA, 0xE6, 0xF9, 0xE6, 0xD9, 0xE6, 0xB8, 0xE6, 0xB8, 0xDE, 0x97, 0xDE,
    0x57, 0xD6, 0x16, 0xCE, 0xF6, 0xC5, 0xF6, 0xBD, 0xD6, 0xBD, 0xD6, 0xBD, 0xB6, 0xB5, 0x95, 0xB5,
    0x95, 0xB5, 0x95, 0xB5, 0x95, 0xB5, 0x94, 0xB5, 0x53, 0xAD, 0x33, 0xA5, 0x12, 0xA5, 0x12, 0xA5,
    0x33, 0xA5, 0x74, 0xA5, 0x95, 0xAD, 0x75, 0xAD, 0x95, 0xA5, 0x95, 0xAD, 0x95, 0xAD, 0x95, 0xAD,
    0x75, 0xA5, 0x75, 0xA5, 0x75, 0xA5, 0x75, 0xA5, 0x75, 0x9D, 0x55, 0x9D, 0x55, 0x9D, 0x75, 0x9D,
    0x75, 0x9D, 0x54, 0x9D, 0x54, 0x9D, 0x34, 0x95, 0x34, 0x9D, 0x54, 0x9D, 0x55, 0x9D, 0x55, 0x9D,
    0x75, 0x9D, 0x75, 0x9D, 0x96, 0x9D, 0x96, 0xA5, 0x96, 0x9D, 0x96, 0x9D, 0x96, 0x9D, 0x96, 0x9D,
    0x97, 0x9D, 0x97, 0xA5, 0xD7, 0xA5, 0x18, 0xAE, 0x19, 0xB6, 0x39, 0xB6, 0x39, 0xB6, 0x19, 0xAE,
    0xF8, 0xAD, 0xD7, 0xAD, 0x18, 0xB6, 0x59, 0xBE, 0x38, 0xC6, 0x38, 0xC6, 0x58, 0xC6, 0x58, 0xC6,
    0x38, 0xC6, 0x38, 0xC6, 0x58, 0xCE, 0x58, 0xCE, 0x58, 0xD6, 0x59, 0xD6, 0x58, 0xD6, 0x58, 0xCE,
    0x79, 0xD6, 0x99, 0xD6, 0x79, 0xD6, 0x79, 0xCE, 0x59, 0xCE, 0x39, 0xC6, 0x39, 0xC6, 0x59, 0xC6,
    0x59, 0xBE, 0x39, 0xBE, 0x39, 0xBE, 0x39, 0xB6, 0x39, 0xBE, 0x39, 0xBE, 0x39, 0xB6, 0x39, 0xB6,
    0x39, 0xB6, 0x39, 0xB6, 0x39, 0xB6, 0x9A, 0xC6, 0x1C, 0xD7, 0x1C, 0xD7, 0x1C, 0xD7, 0x1C, 0xD7,
    0x1B, 0xD7, 0xFB, 0xCE, 0x1B, 0xCF, 0xFB, 0xCE, 0xFA, 0xDE, 0xF5, 0xDD, 0x90, 0xD4, 0x0E, 0xD4,
    0xAD, 0xDB, 0xAD, 0xDB, 0xCE, 0xD3, 0xEE, 0xD3, 0xCE, 0xD3, 0xAD, 0xD3, 0x6C, 0xCB, 0x6C, 0xC3,
    0x4C, 0xC3, 0x2B, 0xC3, 0x0B, 0xBB, 0xEA, 0xB2, 0xEA, 0xAA, 0x69, 0x92, 0xAD, 0xAB, 0x36, 0xEE,
    0x97, 0xF6, 0x97, 0xF6, 0x97, 0xF6, 0x77, 0xF6, 0x77, 0xF6, 0x77, 0xF6, 0x77, 0xEE, 0x77, 0xEE,
    0x77, 0xEE, 0x77, 0xF6, 0x36, 0xEE, 0x15, 0xE6, 0x36, 0xEE, 0x36, 0xEE, 0x16, 0xEE, 0x16, 0xEE,
    0xF5, 0xE5, 0x36, 0xEE, 0xF5, 0xED, 0xB4, 0xE5, 0xB4, 0xE5, 0xD5, 0xED, 0xF5, 0xE5, 0x16, 0xEE,
    0xD5, 0xE5, 0xD5, 0xE5, 0xF5, 0xED, 0xD5, 0xE5, 0xD5, 0xE5, 0xD5, 0xED, 0xB5, 0xE5, 0xB4, 0xE5,
    0x94, 0xE5, 0xB4, 0xE5, 0xD5, 0xED, 0xD5, 0xED, 0xD5, 0xE5, 0xD5, 0xE5, 0xD5, 0xE5, 0xD5, 0xE5,
    0xD5, 0xE5, 0xD5, 0xE5, 0xD5, 0xE5, 0xD5, 0xE5, 0xD5, 0xE5, 0xD5, 0xE5, 0xD5, 0xE5, 0xD5, 0xE5,
    0xF5, 0xE5, 0xF5, 0xE5, 0xD5, 0xE5, 0xB5, 0xE5, 0xB5, 0xE5, 0xB5, 0xE5, 0xF6, 0xED, 0xD5, 0xE5,
    0xD5, 0xE5, 0xD5, 0xE5, 0xF6, 0xE5, 0xF5, 0xE5, 0xD5, 0xE5, 0xB5, 0xE5, 0xB5, 0xE5, 0xB5, 0xE5,
    0xB5, 0xE5, 0xB0, 0xD4, 0xAD, 0xCB, 0xCD, 0xD3, 0xEE, 0xD3, 0xCE, 0xD3, 0xCE, 0xD3, 0xCE, 0xD3,
    0xCD, 0xD3, 0xAD, 0xCB, 0xCE, 0xD3, 0xCE, 0xD3, 0xEE, 0xD3, 0xEE, 0xDB, 0xCD, 0xD3, 0xCD, 0xD3,
    0xEE, 0xCB, 0xB0, 0xDC, 0xD1, 0xD4, 0xD6, 0xCD, 0x1B, 0xCF, 0xFC, 0xC6, 0x1B, 0xC7, 0xFC, 0xC6,
    0xFC, 0xC6, 0xFC, 0xC6, 0xFC, 0xC6, 0xFC, 0xC6, 0xFB, 0xC6, 0xFB, 0xC6, 0xFB, 0xC6, 0xFB, 0xC6,
    0xFC, 0xC6, 0xFC, 0xC6, 0xFC, 0xC6, 0xFC, 0xC6, 0xFC, 0xC6, 0x1C, 0xC7, 0xFC, 0xC6, 0xFC, 0xC6,
    0xFC, 0xC6, 0xFC, 0xC6, 0xFC, 0xC6, 0xFB, 0xC6, 0xFB, 0xC6, 0xFB, 0xC6, 0xFB, 0xC6, 0xFB, 0xC6,
    0xFB, 0xC6, 0xFB, 0xC6, 0xFB, 0xC6, 0xFB, 0xC6, 0xFB, 0xC6, 0xFB, 0xC6, 0xFB, 0xC6, 0xFB, 0xC6,
    0xFB, 0xC6, 0xFB, 0xC6, 0xFB, 0xC6, 0xFB, 0xC6, 0xFB, 0xC6, 0xFB, 0xC6, 0xFB, 0xC6, 0xFB, 0xC6,
    0xFB, 0xC6, 0xFB, 0xC6, 0xFB, 0xC6, 0xFB, 0xC6, 0xFB, 0xC6, 0xFB, 0xC6, 0xFB, 0xC6, 0xFB, 0xC6,
    0xFB, 0xC6, 0xFB, 0xC6, 0xFB, 0xC6, 0xFB, 0xC6, 0xFB, 0xC6, 0xFB, 0xC6, 0xFB, 0xC6, 0xFB, 0xC6,
    0xFB, 0xC6, 0xFB, 0xC6, 0xFB, 0xC6, 0xFB, 0xC6, 0xFB, 0xC6, 0xFB, 0xC6, 0xFB, 0xC6, 0xFB, 0xC6,
    0xFC, 0xC6, 0xFC, 0xC6, 0xFB, 0xBE, 0xFB, 0xBE, 0xFB, 0xBE, 0xFB, 0xBE, 0xFB, 0xBE, 0xFB, 0xBE,
    0xFB, 0xBE, 0xFB, 0xBE, 0xFB, 0xBE, 0xFB, 0xBE, 0xFB, 0xBE, 0xFB, 0xBE, 0xFB, 0xBE, 0xFB, 0xBE,
    0xFB, 0xBE, 0xFB, 0xBE, 0xFB, 0xBE, 0xFB, 0xBE, 0xFB, 0xBE, 0xFB, 0xBE, 0xFB, 0xBE, 0xDB, 0xBE,
    0xFB, 0xC6, 0x1B, 0xD7, 0x1B, 0xE7, 0x1B, 0xE7, 0xFA, 0xE6, 0xFA, 0xE6, 0xFA, 0xE6, 0xDA, 0xDE,
    0xDA, 0xDE, 0xDA, 0xDE, 0xDA, 0xDE, 0xDA, 0xDE, 0xDA, 0xDE, 0xBA, 0xDE, 0xBA, 0xDE, 0xBA, 0xDE,
    0x1B, 0xD7, 0x1B, 0xD7, 0x1B, 0xDF, 0x1A, 0xDF, 0xFA, 0xDE, 0xD9, 0xDE, 0xD9, 0xDE, 0xB9, 0xDE,
    0x98, 0xD6, 0x57, 0xD6, 0x58, 0xCE, 0x37, 0xC6, 0x17, 0xC6, 0xF6, 0xBD, 0xF6, 0xBD, 0xD6, 0xBD,
    0xD6, 0xBD, 0xB5, 0xBD, 0x94, 0xB5, 0x74, 0xB5, 0x33, 0xAD, 0x12, 0xA5, 0x12, 0xA5, 0x12, 0xA5,
    0x53, 0xA5, 0x94, 0xAD, 0xB4, 0xB5, 0x95, 0xAD, 0x95, 0xAD, 0xB5, 0xAD, 0xB6, 0xAD, 0x95, 0xAD,
    0x95, 0xA5, 0x95, 0xA5, 0x75, 0xA5, 0x75, 0xA5, 0x75, 0xA5, 0x75, 0xA5, 0x55, 0x9D, 0x55, 0x9D,
    0x54, 0x9D, 0x54, 0x9D, 0x54, 0x9D, 0x34, 0x9D, 0x34, 0x9D, 0x34, 0x95, 0x34, 0x9D, 0x55, 0x9D,
    0x55, 0x9D, 0x75, 0x9D, 0x75, 0x9D, 0x75, 0x9D, 0x75, 0x9D, 0x75, 0x9D, 0x96, 0xA5, 0xB7, 0xA5,
    0x97, 0xA5, 0xB7, 0xA5, 0x19, 0xAE, 0x5A, 0xB6, 0x39, 0xB6, 0x39, 0xB6, 0x59, 0xB6, 0x39, 0xB6,
    0x19, 0xB6, 0xF8, 0xAD, 0x18, 0xB6, 0x18, 0xB6, 0x38, 0xBE, 0x18, 0xBE, 0x18, 0xC6, 0x38, 0xC6,
    0x38, 0xC6, 0x38, 0xC6, 0x38, 0xC6, 0x58, 0xCE, 0x78, 0xCE, 0x79, 0xD6, 0x79, 0xD6, 0x79, 0xD6,
    0x99, 0xDE, 0xB9, 0xDE, 0x99, 0xD6, 0x79, 0xCE, 0x59, 0xCE, 0x39, 0xC6, 0x39, 0xC6, 0x39, 0xC6,
    0x59, 0xC6, 0x39, 0xBE, 0x39, 0xBE, 0x19, 0xB6, 0x39, 0xB6, 0x39, 0xB6, 0x39, 0xB6, 0x39, 0xB6,
    0x39, 0xB6, 0x39, 0xB6, 0x39, 0xB6, 0x7A, 0xBE, 0xDB, 0xCE, 0xFB, 0xD6, 0x1C, 0xDF, 0x1C, 0xDF,
    0x1B, 0xDF, 0x1B, 0xD7, 0x1B, 0xCF, 0xFC, 0xCE, 0xFB, 0xD6, 0x16, 0xDE, 0xB0, 0xD4, 0x0E, 0xD4,
    0xCE, 0xDB, 0xCE, 0xDB, 0xEE, 0xDB, 0xEE, 0xDB, 0xCE, 0xD3, 0xAD, 0xCB, 0x8D, 0xCB, 0x6C, 0xC3,
    0x4C, 0xC3, 0x4C, 0xC3, 0x0B, 0xBB, 0xEB, 0xB2, 0xCA, 0xA2, 0x2B, 0xA3, 0x74, 0xDD, 0x97, 0xF6,
    0x97, 0xF6, 0x97, 0xF6, 0x97, 0xF6, 0x77, 0xF6, 0x77, 0xF6, 0x77, 0xF6, 0x56, 0xEE, 0x57, 0xF6,
    0x57, 0xEE, 0x36, 0xEE, 0x36, 0xEE, 0x16, 0xEE, 0x36, 0xEE, 0x15, 0xE6, 0x35, 0xEE, 0x15, 0xEE,
    0x15, 0xEE, 0xF5, 0xED, 0xD4, 0xE5, 0xD4, 0xE5, 0xD5, 0xED, 0xD4, 0xE5, 0xD5, 0xE5, 0xF5, 0xED,
    0xF5, 0xED, 0xD5, 0xE5, 0xB4, 0xE5, 0xB4, 0xE5, 0xD5, 0xE5, 0xD5, 0xED, 0xB5, 0xE5, 0xB4, 0xE5,
    0xD5, 0xE5, 0xD5, 0xE5, 0xB4, 0xE5, 0xB4, 0xE5, 0xD5, 0xE5, 0xB5, 0xE5, 0xB4, 0xE5, 0xD5, 0xE5,
    0xD5, 0xE5, 0xB4, 0xE5, 0xD5, 0xE5, 0xD5, 0xE5, 0xD5, 0xE5, 0xD5, 0xE5, 0xF6, 0xED, 0xD5, 0xE5,
    0xD5, 0xE5, 0xF5, 0xE5, 0xD5, 0xE5, 0xD5, 0xE5, 0xD5, 0xE5, 0xD5, 0xE5, 0xD5, 0xE5, 0xD5, 0xE5,
    0xD5, 0xE5, 0xD5, 0xE5, 0xD5, 0xE5, 0xF6, 0xE5, 0xD5, 0xDD, 0xB5, 0xDD, 0xB4, 0xDD, 0x94, 0xDD,
    0xB5, 0xE5, 0x74, 0xE5, 0x4F, 0xD4, 0xCE, 0xD3, 0x0F, 0xDC, 0xEE, 0xDB, 0xEE, 0xD3, 0xEE, 0xD3,
    0xEE, 0xD3, 0x0E, 0xD4, 0x0E, 0xD4, 0xEE, 0xD3, 0xEE, 0xD3, 0x0E, 0xDC, 0xCE, 0xD3, 0xCE, 0xD3,
    0x0E, 0xD4, 0xF2, 0xDC, 0xF2, 0xCC, 0x17, 0xCE, 0x1C, 0xCF, 0xFB, 0xC6, 0xFB, 0xC6, 0xFB, 0xC6,
    0xFC, 0xC6, 0xFC, 0xC6, 0xFC, 0xC6, 0xFC, 0xC6, 0xFB, 0xC6, 0xFC, 0xC6, 0xFC, 0xC6, 0xFC, 0xC6,
    0xFC, 0xC6, 0xFB, 0xC6, 0xFC, 0xC6, 0xFC, 0xC6, 0x1C, 0xC7, 0x1C, 0xC7, 0x1C, 0xC7, 0x1C, 0xC7,
    0xFC, 0xC6, 0xFC, 0xC6, 0xFC, 0xC6, 0xFC, 0xC6, 0xFC, 0xC6, 0xFB, 0xC6, 0xFC, 0xC6, 0xFB, 0xC6,
    0xFB, 0xC6, 0xFB, 0xC6, 0xFB, 0xC6, 0xFB, 0xC6, 0xFB, 0xC6, 0xFB, 0xC6, 0xFB, 0xC6, 0xFB, 0xC6,
    0xFB, 0xC6, 0xFB, 0xC6, 0xFC, 0xC6, 0xFC, 0xC6, 0xFC, 0xC6, 0xFC, 0xC6, 0xFC, 0xC6, 0xFB, 0xC6,
    0xFB, 0xC6, 0xFB, 0xC6, 0xFB, 0xC6, 0xFB, 0xC6, 0xFB, 0xC6, 0xFB, 0xC6, 0xFB, 0xC6, 0xFB, 0xC6,
    0xFB, 0xC6, 0xFB, 0xC6, 0xFB, 0xC6, 0xFB, 0xC6, 0xFB, 0xC6, 0xFB, 0xC6, 0xFB, 0xC6, 0xFB, 0xC6,
    0xFB, 0xC6, 0xFB, 0xC6, 0xFB, 0xC6, 0xFB, 0xC6, 0xFB, 0xC6, 0xFB, 0xC6, 0xFB, 0xC6, 0xFB, 0xC6,
    0xFB, 0xC6, 0xFB, 0xC6, 0xFB, 0xC6, 0xFB, 0xC6, 0xFB, 0xC6, 0xFB, 0xC6, 0xFB, 0xBE, 0xDB, 0xBE,
    0xDB, 0xBE, 0xFB, 0xBE, 0xFB, 0xC6, 0xFB, 0xC6, 0xFB, 0xBE, 0xDB, 0xBE, 0xFB, 0xBE, 0xFB, 0xBE,
    0xFB, 0xBE, 0xFB, 0xC6, 0xFB, 0xC6, 0xFB, 0xBE, 0xDB, 0xC6, 0xFB, 0xBE, 0xFB, 0xBE, 0xDB, 0xC6,
    0xFB, 0xD6, 0x1B, 0xE7, 0x1B, 0xE7, 0xFA, 0xE6, 0xFA, 0xE6, 0xDA, 0xDE, 0xDA, 0xE6, 0xB9, 0xDE,
    0xB9, 0xDE, 0xB9, 0xDE, 0xB9, 0xDE, 0xB9, 0xDE, 0xB9, 0xDE, 0xB9, 0xDE, 0xB9, 0xDE, 0xB9, 0xDE,
    0x3B, 0xD7, 0x3B, 0xD7, 0x1B, 0xD7, 0x1B, 0xDF, 0x1B, 0xDF, 0x1B, 0xDF, 0xFB, 0xDE, 0xFA, 0xDE,
    0xFA, 0xDE, 0xDA, 0xD6, 0xDA, 0xD6, 0xDA, 0xD6, 0xDA, 0xD6, 0xB9, 0xCE, 0x78, 0xCE, 0x38, 0xCE,
    0x17, 0xC6, 0xD6, 0xBD, 0xB5, 0xBD, 0x74, 0xB5, 0x53, 0xB5, 0x53, 0xAD, 0x53, 0xAD, 0x74, 0xAD,
    0x94, 0xAD, 0xB5, 0xB5, 0xF6, 0xBD, 0xF6, 0xB5, 0xB5, 0xB5, 0xD6, 0xB5, 0xB6, 0xB5, 0xB5, 0xAD,
    0x95, 0xAD, 0x95, 0xA5, 0x95, 0xA5, 0x75, 0xA5, 0x75, 0xA5, 0x75, 0xA5, 0x55, 0xA5, 0x55, 0x9D,
    0x34, 0x9D, 0x55, 0xA5, 0x75, 0xA5, 0x75, 0xA5, 0x55, 0xA5, 0x55, 0x9D, 0x75, 0xA5, 0x75, 0x9D,
    0x75, 0x9D, 0x75, 0x9D, 0x75, 0x9D, 0x75, 0x9D, 0x75, 0x9D, 0x96, 0xA5, 0xF7, 0xAD, 0xF8, 0xAD,
    0xF8, 0xAD, 0x19, 0xB6, 0x5A, 0xBE, 0x5A, 0xBE, 0x59, 0xBE, 0x39, 0xBE, 0x39, 0xB6, 0x39, 0xB6,
    0x19, 0xB6, 0x39, 0xB6, 0xF8, 0xB5, 0xD7, 0xB5, 0x18, 0xBE, 0xF8, 0xBD, 0xF8, 0xBD, 0x18, 0xC6,
    0x18, 0xC6, 0x18, 0xC6, 0x38, 0xC6, 0x58, 0xCE, 0x78, 0xCE, 0x79, 0xD6, 0x99, 0xD6, 0x99, 0xD6,
    0x79, 0xD6, 0x78, 0xD6, 0x58, 0xCE, 0x58, 0xC6, 0x38, 0xC6, 0x39, 0xC6, 0x39, 0xC6, 0x39, 0xBE,
    0x38, 0xBE, 0x39, 0xBE, 0x39, 0xBE, 0x19, 0xB6, 0x18, 0xB6, 0x18, 0xB6, 0x39, 0xB6, 0x39, 0xB6,
    0x39, 0xB6, 0x39, 0xB6, 0x39, 0xB6, 0x5A, 0xBE, 0x9A, 0xC6, 0xBB, 0xCE, 0xBB, 0xD6, 0xDB, 0xD6,
    0xFB, 0xDE, 0x1C, 0xD7, 0x1C, 0xD7, 0x1C, 0xCF, 0x1B, 0xD7, 0x57, 0xE6, 0xD1, 0xD4, 0x0E, 0xD4,
    0xEE, 0xDB, 0xEE, 0xDB, 0xEE, 0xDB, 0xEE, 0xD3, 0xEE, 0xD3, 0xEE, 0xD3, 0xAD, 0xCB, 0x8D, 0xCB,
    0x6D, 0xC3, 0x2C, 0xBB, 0xEB, 0xBA, 0xCB, 0xB2, 0xCA, 0xA2, 0x91, 0xCC, 0x57, 0xF6, 0x97, 0xF6,
    0x97, 0xF6, 0x97, 0xF6, 0x77, 0xEE, 0x77, 0xF6, 0x56, 0xEE, 0x56, 0xEE, 0x56, 0xEE, 0x56, 0xEE,
    0x56, 0xF6, 0x36, 0xEE, 0x36, 0xEE, 0x15, 0xEE, 0x15, 0xEE, 0x15, 0xEE, 0x16, 0xEE, 0xF5, 0xE5,
    0xF5, 0xED, 0xD4, 0xE5, 0xD4, 0xED, 0xB4, 0xE5, 0xD4, 0xE5, 0xB4, 0xE5, 0xB4, 0xE5, 0xD5, 0xE5,
    0xB4, 0xE5, 0xB4, 0xE5, 0xD5, 0xED, 0xD5, 0xED, 0xD5, 0xED, 0xD5, 0xE5, 0x94, 0xE5, 0xB4, 0xE5,
    0xD5, 0xE5, 0xD5, 0xE5, 0xD5, 0xE5, 0xD5, 0xE5, 0xD5, 0xE5, 0xD5, 0xE5, 0xF5, 0xED, 0xF5, 0xED,
    0xD5, 0xE5, 0xB5, 0xE5, 0xD5, 0xE5, 0xF5, 0xE5, 0xF5, 0xE5, 0xD5, 0xE5, 0xD5, 0xE5, 0xD5, 0xE5,
    0xF5, 0xE5, 0xF5, 0xE5, 0xF5, 0xE5, 0xD5, 0xE5, 0xD5, 0xE5, 0xF5, 0xED, 0xD5, 0xE5, 0xD5, 0xE5,
    0xF6, 0xE5, 0xD5, 0xE5, 0xD5, 0xE5, 0xF6, 0xE5, 0xD5, 0xE5, 0xD5, 0xE5, 0xD5, 0xE5, 0x94, 0xDD,
    0x94, 0xDD, 0xB5, 0xE5, 0x13, 0xDD, 0x0F, 0xCC, 0xCE, 0xD3, 0xEE, 0xDB, 0x0E, 0xD4, 0x0F, 0xDC,
    0xEE, 0xD3, 0x0E, 0xDC, 0x0E, 0xDC, 0xEE, 0xD3, 0x0E, 0xDC, 0x0E, 0xDC, 0x0E, 0xDC, 0xCE, 0xD3,
    0x0F, 0xD4, 0x12, 0xE5, 0x12, 0xCD, 0x58, 0xCE, 0x1C, 0xCF, 0xFB, 0xC6, 0xFB, 0xC6, 0xFC, 0xC6,
    0xFC, 0xC6, 0xFC, 0xC6, 0xFC, 0xC6, 0xFC, 0xC6, 0xFB, 0xC6, 0xFC, 0xC6, 0xFC, 0xC6, 0xFC, 0xC6,
    0xFC, 0xC6, 0xFC, 0xC6, 0xFC, 0xC6, 0xFC, 0xC6, 0xFC, 0xC6, 0xFC, 0xC6, 0xFC, 0xC6, 0xFC, 0xC6,
    0xFC, 0xC6, 0xFC, 0xC6, 0xFC, 0xC6, 0xFC, 0xC6, 0xFC, 0xC6, 0xFC, 0xC6, 0xFC, 0xC6, 0xFC, 0xC6,
    0xFB, 0xC6, 0xFB, 0xC6, 0xFB, 0xC6, 0xFB, 0xC6, 0xFB, 0xC6, 0xFB, 0xC6, 0xFB, 0xC6, 0xFB, 0xC6,
    0xFB, 0xC6, 0xFB, 0xC6, 0xFB, 0xC6, 0xFB, 0xC6, 0xFB, 0xC6, 0xFB, 0xC6, 0xFB, 0xC6, 0xFB, 0xC6,
    0xFB, 0xC6, 0xFB, 0xC6, 0xFB, 0xC6, 0xFB, 0xC6, 0xFB, 0xC6, 0xFB, 0xC6, 0xFB, 0xC6, 0xFB, 0xC6,
    0xFB, 0xC6, 0xFB, 0xC6, 0xFB, 0xC6, 0xFB, 0xC6, 0xFB, 0xC6, 0xFB, 0xC6, 0xFB, 0xC6, 0xFB, 0xC6,
    0xFB, 0xC6, 0xFB, 0xC6, 0xFB, 0xC6, 0xFB, 0xC6, 0xFB, 0xC6, 0xFB, 0xC6, 0xFB, 0xC6, 0xFB, 0xC6,
    0xFB, 0xC6, 0xFB, 0xC6, 0xFB, 0xC6, 0xFB, 0xC6, 0xFB, 0xC6, 0xFB, 0xC6, 0xFB, 0xC6, 0xFB, 0xC6,
    0xFB, 0xC6, 0xFB, 0xC6, 0xFB, 0xC6, 0xFB, 0xC6, 0xFB, 0xC6, 0xDB, 0xBE, 0xFB, 0xC6, 0xFB, 0xC6,
    0xFB, 0xC6, 0xFB, 0xC6, 0xFB, 0xC6, 0xFB, 0xC6, 0xFB, 0xC6, 0xFB, 0xC6, 0xDB, 0xC6, 0xFB, 0xCE,
    0x1B, 0xDF, 0x1B, 0xE7, 0xFB, 0xE6, 0xFA, 0xE6, 0xFA, 0xE6, 0xD9, 0xDE, 0xD9, 0xDE, 0xB9, 0xDE,
    0xB9, 0xDE, 0xB9, 0xDE, 0xB9, 0xDE, 0xB9, 0xDE, 0x99, 0xDE, 0x99, 0xDE, 0x98, 0xDE, 0x78, 0xD6,
    0x3B, 0xD7, 0x1B, 0xD7, 0x1B, 0xD7, 0x1B, 0xDF, 0x1B, 0xD7, 0x3C, 0xD7, 0x1C, 0xD7, 0x1B, 0xD7,
    0x1B, 0xD7, 0x3B, 0xD7, 0x1B, 0xD7, 0x1B, 0xD7, 0x1C, 0xD7, 0x1B, 0xD7, 0x1B, 0xD7, 0xDA, 0xD6,
    0x99, 0xCE, 0x37, 0xC6, 0xF6, 0xC5, 0xB4, 0xBD, 0x94, 0xBD, 0xB4, 0xBD, 0xB4, 0xB5, 0xB5, 0xB5,
    0xD5, 0xBD, 0x16, 0xBE, 0x78, 0xC6, 0x78, 0xC6, 0xF6, 0xBD, 0xD6, 0xB5, 0xD6, 0xB5, 0xB6, 0xB5,
    0xB5, 0xAD, 0xB5, 0xAD, 0x95, 0xAD, 0x95, 0xA5, 0x75, 0xA5, 0x75, 0xA5, 0x75, 0xA5, 0x54, 0xA5,
    0x54, 0xA5, 0x54, 0xA5, 0x75, 0xA5, 0x75, 0xA5, 0x75, 0xA5, 0x96, 0xA5, 0x96, 0xA5, 0x76, 0xA5,
    0x76, 0xA5, 0x96, 0xA5, 0x96, 0xA5, 0x96, 0xA5, 0xD7, 0xAD, 0x18, 0xB6, 0x59, 0xBE, 0x79, 0xBE,
    0x59, 0xC6, 0x79, 0xC6, 0x5A, 0xC6, 0x59, 0xC6, 0x5A, 0xC6, 0x39, 0xBE, 0x19, 0xB6, 0x19, 0xB6,
    0x19, 0xAE, 0xF8, 0xAD, 0xD8, 0xAD, 0xD7, 0xAD, 0xF8, 0xB5, 0xF8, 0xB5, 0xF8, 0xBD, 0xF8, 0xBD,
    0xF8, 0xBD, 0x18, 0xC6, 0x18, 0xC6, 0x58, 0xCE, 0x78, 0xCE, 0x79, 0xD6, 0x79, 0xD6, 0x79, 0xD6,
    0x58, 0xCE, 0x38, 0xC6, 0x17, 0xC6, 0x18, 0xC6, 0x18, 0xBE, 0x18, 0xBE, 0x18, 0xBE, 0x18, 0xBE,
    0xF8, 0xB5, 0x18, 0xB6, 0x18, 0xB6, 0x18, 0xB6, 0xF8, 0xAD, 0x18, 0xAE, 0x18, 0xB6, 0x39, 0xB6,
    0x39, 0xB6, 0x19, 0xB6, 0x19, 0xB6, 0x39, 0xBE, 0x59, 0xBE, 0x9A, 0xC6, 0x9A, 0xC6, 0x9A, 0xCE,
    0xBB, 0xCE, 0xDB, 0xCE, 0xFB, 0xD6, 0x1C, 0xCF, 0x1B, 0xD7, 0xB9, 0xDE, 0x32, 0xD5, 0x4F, 0xD4,
    0x0F, 0xDC, 0x2F, 0xDC, 0xEE, 0xDB, 0xEE, 0xD3, 0xEE, 0xD3, 0xCE, 0xCB, 0xCE, 0xCB, 0xAD, 0xC3,
    0x6D, 0xC3, 0x2C, 0xBB, 0x0B, 0xB3, 0xCA, 0xAA, 0xAD, 0xB3, 0xF5, 0xED, 0x97, 0xF6, 0xB7, 0xF6,
    0x97, 0xF6, 0x97, 0xF6, 0x77, 0xEE, 0x77, 0xF6, 0x97, 0xF6, 0x57, 0xEE, 0x56, 0xEE, 0x76, 0xF6,
    0x56, 0xEE, 0x15, 0xEE, 0x15, 0xE6, 0x35, 0xEE, 0x36, 0xEE, 0xF5, 0xED, 0x15, 0xEE, 0xD4, 0xE5,
    0xD4, 0xE5, 0xB4, 0xE5, 0xB4, 0xE5, 0x73, 0xE5, 0x73, 0xE5, 0xB4, 0xE5, 0xD5, 0xED, 0xD5, 0xE5,
    0xB4, 0xE5, 0xB4, 0xE5, 0xD5, 0xED, 0xB4, 0xE5, 0xB4, 0xE5, 0xD5, 0xED, 0x94, 0xE5, 0xB4, 0xE5,
    0xB4, 0xE5, 0xB5, 0xE5, 0xD5, 0xED, 0xD5, 0xED, 0xD5, 0xED, 0xB4, 0xE5, 0xB4, 0xE5, 0x94, 0xE5,
    0xD5, 0xE5, 0xD5, 0xED, 0xB5, 0xE5, 0xD5, 0xE5, 0xB5, 0xE5, 0xD5, 0xE5, 0xD5, 0xE5, 0xD5, 0xE5,
    0xD5, 0xE5, 0xD5, 0xE5, 0xF5, 0xED, 0xD5, 0xED, 0xD5, 0xE5, 0xD5, 0xE5, 0xD5, 0xE5, 0xD5, 0xE5,
    0xF5, 0xE5, 0xB5, 0xE5, 0xB4, 0xE5, 0xD5, 0xE5, 0xB5, 0xE5, 0xD5, 0xE5, 0xB4, 0xDD, 0xB5, 0xE5,
    0x94, 0xDD, 0x95, 0xDD, 0x95, 0xE5, 0xD1, 0xDC, 0x0F, 0xD4, 0x2F, 0xDC, 0x2F, 0xDC, 0x2F, 0xDC,
    0x4F, 0xDC, 0x2F, 0xDC, 0x0E, 0xDC, 0x0F, 0xDC, 0xEE, 0xDB, 0x2F, 0xDC, 0x0E, 0xD4, 0xEE, 0xD3,
    0x50, 0xD4, 0x12, 0xDD, 0x33, 0xCD, 0x99, 0xD6, 0x1C, 0xCF, 0xFB, 0xC6, 0x1B, 0xC7, 0xFB, 0xC6,
    0xFB, 0xC6, 0xFB, 0xC6, 0xFB, 0xC6, 0xFB, 0xC6, 0xFB, 0xC6, 0xFC, 0xC6, 0xFC, 0xC6, 0xFB, 0xC6,
    0xFB, 0xC6, 0xFC, 0xC6, 0xFC, 0xC6, 0xFC, 0xC6, 0xFC, 0xC6, 0xFC, 0xC6, 0xFB, 0xC6, 0xFB, 0xC6,
    0xFB, 0xC6, 0xFB, 0xC6, 0xFB, 0xC6, 0x1C, 0xC7, 0xFC, 0xC6, 0xFC, 0xC6, 0xFC, 0xC6, 0xFC, 0xC6,
    0xFB, 0xC6, 0xFB, 0xC6, 0xFB, 0xC6, 0xFB, 0xC6, 0xFB, 0xC6, 0xFB, 0xC6, 0xFB, 0xC6, 0xFB, 0xC6,
    0xFB, 0xC6, 0xFB, 0xC6, 0xFB, 0xC6, 0xFB, 0xC6, 0xFB, 0xC6, 0xFB, 0xC6, 0xFB, 0xC6, 0xFB, 0xC6,
    0xFB, 0xC6, 0xFB, 0xC6, 0xFC, 0xC6, 0xFC, 0xC6, 0xFB, 0xC6, 0xFB, 0xC6, 0xFC, 0xC6, 0xFC, 0xC6,
    0xFB, 0xC6, 0xFB, 0xC6, 0xFB, 0xC6, 0xFB, 0xC6, 0xFB, 0xC6, 0xFB, 0xC6, 0xFB, 0xC6, 0xFB, 0xC6,
    0xFC, 0xC6, 0xFC, 0xC6, 0xFB, 0xC6, 0xFB, 0xC6, 0xFC, 0xC6, 0xFB, 0xC6, 0xFB, 0xC6, 0xFC, 0xC6,
    0xFB, 0xC6, 0xFB, 0xC6, 0xFB, 0xC6, 0xFB, 0xC6, 0xFB, 0xC6, 0xFB, 0xC6, 0xFB, 0xC6, 0xFB, 0xC6,
    0xFB, 0xC6, 0xFB, 0xC6, 0xFB, 0xC6, 0xFB, 0xC6, 0xFB, 0xC6, 0xFB, 0xC6, 0xFB, 0xC6, 0xFB, 0xC6,
    0xFB, 0xC6, 0xFB, 0xC6, 0xFB, 0xC6, 0xFB, 0xC6, 0xFB, 0xC6, 0xFB, 0xC6, 0xFB, 0xCE, 0x1B, 0xDF,
    0x1B, 0xE7, 0x1B, 0xE7, 0xFA, 0xE6, 0xFA, 0xE6, 0xDA, 0xE6, 0xD9, 0xE6, 0xB9, 0xDE, 0xB9, 0xDE,
    0xB9, 0xDE, 0xB9, 0xDE, 0x99, 0xDE, 0x99, 0xDE, 0x98, 0xDE, 0x78, 0xDE, 0x78, 0xD6, 0x78, 0xD6,
    0x1B, 0xDF, 0x1B, 0xD7, 0x1B, 0xD7, 0x3B, 0xD7, 0x1B, 0xD7, 0x1B, 0xD7, 0x1B, 0xD7, 0x1B, 0xDF,
    0x1B, 0xDF, 0x3B, 0xD7, 0x1B, 0xD7, 0x1B, 0xD7, 0x1B, 0xD7, 0x1B, 0xD7, 0x3B, 0xD7, 0x1B, 0xD7,
    0x1B, 0xD7, 0xFA, 0xD6, 0x99, 0xCE, 0x58, 0xCE, 0x37, 0xC6, 0x37, 0xC6, 0x37, 0xC6, 0x57, 0xC6,
    0x78, 0xCE, 0xB9, 0xCE, 0xFA, 0xD6, 0xFB, 0xD6, 0x78, 0xC6, 0xF6, 0xBD, 0xD6, 0xBD, 0xB6, 0xB5,
    0xB6, 0xB5, 0xD6, 0xB5, 0xB5, 0xAD, 0x95, 0xAD, 0x95, 0xA5, 0x75, 0xA5, 0x75, 0xA5, 0x75, 0xA5,
    0x54, 0xA5, 0x75, 0xA5, 0x75, 0xA5, 0x75, 0xA5, 0x75, 0xA5, 0x96, 0xA5, 0x96, 0xA5, 0x96, 0xA5,
    0x96, 0xA5, 0x96, 0xA5, 0xB6, 0xA5, 0xD7, 0xAD, 0x38, 0xBE, 0x59, 0xC6, 0x59, 0xC6, 0x59, 0xC6,
    0x59, 0xC6, 0x39, 0xC6, 0x39, 0xC6, 0x18, 0xBE, 0x39, 0xBE, 0x39, 0xBE, 0x39, 0xBE, 0x19, 0xB6,
    0x19, 0xAE, 0xD8, 0xAD, 0xB7, 0xA5, 0x97, 0xA5, 0xB7, 0xAD, 0xF8, 0xB5, 0xD8, 0xBD, 0xF8, 0xBD,
    0xF8, 0xBD, 0xF8, 0xBD, 0x18, 0xBE, 0x38, 0xC6, 0x79, 0xD6, 0x58, 0xD6, 0x58, 0xCE, 0x58, 0xCE,
    0x38, 0xC6, 0x17, 0xC6, 0xF7, 0xBD, 0xF7, 0xBD, 0xF8, 0xBD, 0xF8, 0xB5, 0xF8, 0xB5, 0xD8, 0xB5,
    0xD8, 0xB5, 0xF8, 0xB5, 0xF8, 0xB5, 0xF8, 0xB5, 0xF8, 0xAD, 0xF8, 0xAD, 0x18, 0xAE, 0x19, 0xB6,
    0x39, 0xB6, 0x19, 0xB6, 0x19, 0xB6, 0x39, 0xB6, 0x59, 0xBE, 0x7A, 0xBE, 0x7A, 0xBE, 0x7A, 0xC6,
    0x7A, 0xC6, 0xBA, 0xC6, 0xFB, 0xCE, 0x1C, 0xD7, 0x1B, 0xCF, 0xFA, 0xDE, 0x94, 0xD5, 0x70, 0xCC,
    0x4F, 0xDC, 0x2F, 0xDC, 0x0F, 0xDC, 0x0F, 0xDC, 0xEF, 0xD3, 0xCE, 0xD3, 0xCE, 0xCB, 0x8D, 0xC3,
    0x8D, 0xC3, 0x4C, 0xBB, 0x0B, 0xB3, 0xEB, 0xA2, 0xD2, 0xCC, 0x77, 0xF6, 0x97, 0xF6, 0x97, 0xF6,
    0x97, 0xF6, 0x77, 0xF6, 0x97, 0xF6, 0x77, 0xF6, 0x56, 0xEE, 0x36, 0xEE, 0x56, 0xEE, 0x56, 0xEE,
    0x36, 0xEE, 0x35, 0xEE, 0x56, 0xEE, 0x56, 0xEE, 0x56, 0xF6, 0x36, 0xEE, 0x16, 0xEE, 0xF5, 0xED,
    0xD4, 0xED, 0x93, 0xE5, 0x53, 0xDD, 0x32, 0xDD, 0x73, 0xE5, 0xB4, 0xED, 0x94, 0xE5, 0x94, 0xE5,
    0x94, 0xE5, 0xB5, 0xE5, 0xB4, 0xE5, 0xB4, 0xE5, 0xD5, 0xE5, 0xB4, 0xE5, 0xB4, 0xE5, 0xB4, 0xE5,
    0x94, 0xE5, 0xD5, 0xED, 0xD5, 0xE5, 0x94, 0xE5, 0x94, 0xE5, 0xB4, 0xE5, 0xB5, 0xE5, 0xB4, 0xE5,
    0xB5, 0xE5, 0xD5, 0xED, 0xB5, 0xE5, 0xB5, 0xE5, 0xD5, 0xED, 0x16, 0xEE, 0xF6, 0xE5, 0xF6, 0xE5,
    0x37, 0xEE, 0x16, 0xEE, 0xD5, 0xE5, 0xB4, 0xE5, 0xD5, 0xE5, 0xD5, 0xE5, 0xD5, 0xE5, 0xD5, 0xE5,
    0xF5, 0xE5, 0xD5, 0xE5, 0xD5, 0xE5, 0xD5, 0xE5, 0xB5, 0xE5, 0x94, 0xDD, 0xB5, 0xE5, 0xB5, 0xE5,
    0x94, 0xDD, 0x95, 0xDD, 0x95, 0xE5, 0x33, 0xDD, 0x70, 0xD4, 0x2F, 0xDC, 0x2F, 0xDC, 0x50, 0xDC,
    0x2F, 0xDC, 0x2F, 0xDC, 0x4F, 0xE4, 0x0F, 0xDC, 0xEF, 0xDB, 0x2F, 0xDC, 0x0E, 0xD4, 0xCE, 0xD3,
    0xB1, 0xDC, 0xF2, 0xD4, 0x74, 0xC5, 0xDB, 0xD6, 0xFB, 0xCE, 0xFB, 0xCE, 0xFB, 0xC6, 0xFB, 0xCE,
    0xFB, 0xCE, 0xFB, 0xCE, 0xFB, 0xCE, 0xFB, 0xCE, 0xFB, 0xC6, 0xFB, 0xC6, 0xFB, 0xC6, 0xFB, 0xC6,
    0xFB, 0xC6, 0xFB, 0xC6, 0xFB, 0xC6, 0xFB, 0xC6, 0xFB, 0xC6, 0xFB, 0xC6, 0xFB, 0xC6, 0xFB, 0xC6,
    0xFB, 0xC6, 0xFB, 0xC6, 0xFB, 0xC6, 0xFB, 0xCE, 0xFB, 0xC6, 0xFB, 0xC6, 0xFB, 0xC6, 0xFB, 0xC6,
    0xFB, 0xC6, 0xFB, 0xC6, 0xFB, 0xC6, 0xFB, 0xC6, 0xFB, 0xC6, 0xFB, 0xC6, 0xFB, 0xC6, 0xFB, 0xC6,
    0xFB, 0xC6, 0xFB, 0xC6, 0xFC, 0xC6, 0xFB, 0xC6, 0xFB, 0xC6, 0xFC, 0xC6, 0xFC, 0xC6, 0xFC, 0xC6,
    0xFB, 0xC6, 0xFB, 0xC6, 0xFB, 0xC6, 0xFB, 0xC6, 0xFB, 0xC6, 0xFB, 0xC6, 0xFB, 0xC6, 0xFB, 0xC6,
    0xFB, 0xC6, 0xFB, 0xC6, 0xFB, 0xC6, 0xFB, 0xC6, 0xFB, 0xC6, 0xFB, 0xC6, 0xFB, 0xC6, 0xFB, 0xC6,
    0xFB, 0xC6, 0xFB, 0xC6, 0xFB, 0xC6, 0xFB, 0xC6, 0xFB, 0xC6, 0xFB, 0xC6, 0xFB, 0xC6, 0xFB, 0xC6,
    0xFC, 0xC6, 0xFB, 0xC6, 0xFB, 0xC6, 0xFB, 0xC6, 0xFB, 0xC6, 0xFB, 0xC6, 0xFB, 0xC6, 0xFB, 0xC6,
    0xFB, 0xC6, 0xDB, 0xC6, 0xFB, 0xC6, 0xFB, 0xC6, 0xFB, 0xC6, 0xFB, 0xC6, 0xFB, 0xC6, 0xFB, 0xC6,
    0xFB, 0xC6, 0xFB, 0xC6, 0xFB, 0xC6, 0xFB, 0xC6, 0xFB, 0xC6, 0xDB, 0xC6, 0xFB, 0xD6, 0x1B, 0xE7,
    0x1B, 0xE7, 0xFA, 0xE6, 0xFA, 0xE6, 0xDA, 0xE6, 0xD9, 0xE6, 0xB9, 0xDE, 0xB9, 0xDE, 0x99, 0xDE,
    0x99, 0xDE, 0x99, 0xDE, 0x99, 0xDE, 0x98, 0xDE, 0x78, 0xD6, 0x58, 0xD6, 0x58, 0xD6, 0x58, 0xD6,
    0x1B, 0xDF, 0x1B, 0xD7, 0x1B, 0xD7, 0x3B, 0xD7, 0x3B, 0xD7, 0x1B, 0xD7, 0x1B, 0xD7, 0x1B, 0xDF,
    0x1B, 0xDF, 0x1B, 0xD7, 0x1B, 0xDF, 0x1B, 0xD7, 0x1B, 0xD7, 0x3B, 0xD7, 0x3B, 0xD7, 0x1B, 0xD7,
    0x1B, 0xD7, 0x1B, 0xD7, 0x1B, 0xD7, 0xFB, 0xD6, 0xFA, 0xD6, 0xFA, 0xD6, 0xFA, 0xD6, 0x1B, 0xD7,
    0x1B, 0xD7, 0x1B, 0xD7, 0x1B, 0xD7, 0x1C, 0xD7, 0xDA, 0xCE, 0x37, 0xC6, 0x17, 0xC6, 0xD6, 0xBD,
    0xF6, 0xBD, 0xF6, 0xBD, 0xD6, 0xB5, 0xB5, 0xAD, 0x95, 0xAD, 0x95, 0xAD, 0x95, 0xAD, 0x75, 0xA5,
    0x75, 0xA5, 0x75, 0xA5, 0x75, 0xAD, 0x75, 0xA5, 0x75, 0xAD, 0x96, 0xA5, 0x96, 0xA5, 0x96, 0xA5,
    0x96, 0xAD, 0xB6, 0xAD, 0xD7, 0xAD, 0x18, 0xBE, 0x39, 0xC6, 0x39, 0xC6, 0x39, 0xC6, 0x39, 0xC6,
    0x39, 0xC6, 0x19, 0xC6, 0x39, 0xBE, 0x18, 0xBE, 0x18, 0xB6, 0x39, 0xBE, 0x39, 0xB6, 0x19, 0xB6,
    0xF8, 0xAD, 0xB7, 0xA5, 0x97, 0xA5, 0x76, 0x9D, 0x76, 0xA5, 0xB7, 0xAD, 0xD7, 0xB5, 0xD7, 0xB5,
    0xF8, 0xBD, 0xF8, 0xBD, 0xF7, 0xBD, 0x37, 0xC6, 0x78, 0xCE, 0x58, 0xD6, 0x58, 0xCE, 0x58, 0xCE,
    0x38, 0xC6, 0x18, 0xC6, 0x18, 0xBE, 0xF8, 0xBD, 0xF7, 0xB5, 0xD7, 0xB5, 0xD7, 0xB5, 0xD7, 0xAD,
    0xD7, 0xAD, 0xD8, 0xAD, 0xD7, 0xAD, 0xF7, 0xAD, 0xF7, 0xAD, 0xF8, 0xAD, 0xF8, 0xAD, 0x18, 0xAE,
    0x39, 0xB6, 0x19, 0xB6, 0x18, 0xAE, 0x19, 0xB6, 0x39, 0xB6, 0x5A, 0xB6, 0x7A, 0xBE, 0x7A, 0xBE,
    0x7A, 0xBE, 0x9A, 0xC6, 0xDB, 0xCE, 0xFB, 0xCE, 0x1C, 0xCF, 0xFB, 0xDE, 0x16, 0xE6, 0xB0, 0xCC,
    0x4F, 0xD4, 0x2F, 0xDC, 0x30, 0xDC, 0xEF, 0xD3, 0xAE, 0xD3, 0xAE, 0xCB, 0xAE, 0xCB, 0xAE, 0xC3,
    0x8D, 0xC3, 0x6D, 0xBB, 0x0B, 0xAB, 0xCE, 0xB3, 0xF6, 0xE5, 0x97, 0xF6, 0x97, 0xF6, 0x97, 0xF6,
    0xB7, 0xF6, 0x77, 0xEE, 0x77, 0xEE, 0x77, 0xF6, 0x56, 0xEE, 0x56, 0xEE, 0x56, 0xEE, 0x56, 0xEE,
    0x56, 0xEE, 0x57, 0xEE, 0x57, 0xF6, 0x15, 0xE6, 0x54, 0xCD, 0xEE, 0x9B, 0x0F, 0xA4, 0xB1, 0xBC,
    0xB5, 0xE5, 0x93, 0xE5, 0x52, 0xDD, 0x53, 0xDD, 0x93, 0xE5, 0x73, 0xDD, 0x94, 0xE5, 0x94, 0xE5,
    0x94, 0xE5, 0x94, 0xE5, 0xB4, 0xE5, 0x94, 0xE5, 0xB4, 0xE5, 0xB4, 0xE5, 0xB4, 0xE5, 0xB4, 0xE5,
    0xB4, 0xE5, 0xB5, 0xE5, 0xD5, 0xED, 0xB5, 0xE5, 0xB5, 0xE5, 0xD5, 0xED, 0x94, 0xE5, 0xB5, 0xE5,
    0xD5, 0xED, 0xB4, 0xE5, 0x94, 0xE5, 0xD5, 0xE5, 0xD6, 0xE5, 0x90, 0xAC, 0x0B, 0x73, 0xCA, 0x6A,
    0xAD, 0x8B, 0x33, 0xC5, 0x37, 0xEE, 0xD5, 0xE5, 0xD5, 0xE5, 0xD5, 0xE5, 0xD5, 0xE5, 0xD5, 0xE5,
    0xB5, 0xE5, 0xB4, 0xE5, 0xB4, 0xE5, 0xB4, 0xE5, 0x94, 0xDD, 0xD5, 0xE5, 0xB5, 0xE5, 0xB4, 0xE5,
    0x94, 0xDD, 0x94, 0xDD, 0x94, 0xE5, 0x94, 0xE5, 0xB1, 0xD4, 0x2F, 0xD4, 0x2F, 0xDC, 0x2F, 0xDC,
    0x4F, 0xDC, 0x2F, 0xDC, 0x2F, 0xDC, 0x2F, 0xDC, 0x2F, 0xDC, 0x0F, 0xDC, 0xEE, 0xD3, 0x0E, 0xD4,
    0xD2, 0xDC, 0xF2, 0xCC, 0xD6, 0xC5, 0x1B, 0xD7, 0xFB, 0xCE, 0xFB, 0xCE, 0xFC, 0xCE, 0xFB, 0xCE,
    0xFB, 0xCE, 0xFB, 0xCE, 0xFB, 0xCE, 0xFB, 0xCE, 0xFB, 0xCE, 0xFB, 0xCE, 0xFB, 0xCE, 0xFB, 0xCE,
    0xFB, 0xCE, 0xFB, 0xCE, 0xFB, 0xCE, 0xFB, 0xCE, 0xFB, 0xCE, 0xFB, 0xCE, 0xFB, 0xCE, 0xFB, 0xCE,
    0xFB, 0xCE, 0xFB, 0xCE, 0xFB, 0xCE, 0xFB, 0xCE, 0xFB, 0xCE, 0xFB, 0xCE, 0xFB, 0xCE, 0xFB, 0xCE,
    0xFB, 0xCE, 0xFB, 0xCE, 0xFB, 0xCE, 0xFB, 0xCE, 0xFB, 0xCE, 0xFB, 0xC6, 0xFB, 0xC6, 0xFB, 0xC6,
    0xFB, 0xC6, 0xFB, 0xC6, 0xFB, 0xC6, 0xFB, 0xC6, 0xFB, 0xC6, 0xFC, 0xC6, 0xFC, 0xC6, 0xFC, 0xC6,
    0xFB, 0xC6, 0xFB, 0xC6, 0xFB, 0xC6, 0xFB, 0xC6, 0xFB, 0xC6, 0xFB, 0xC6, 0xFB, 0xC6, 0xFB, 0xC6,
    0xFB, 0xC6, 0xFB, 0xC6, 0xFB, 0xC6, 0xFB, 0xC6, 0xFB, 0xC6, 0xFB, 0xC6, 0xFB, 0xC6, 0xFB, 0xC6,
    0xFB, 0xC6, 0xFB, 0xC6, 0xFB, 0xC6, 0xFB, 0xC6, 0xFB, 0xC6, 0xFB, 0xC6, 0xFB, 0xC6, 0xFB, 0xC6,
    0xFB, 0xC6, 0xFB, 0xC6, 0xFB, 0xC6, 0xFB, 0xC6, 0xFB, 0xC6, 0xFB, 0xC6, 0xFB, 0xC6, 0xFB, 0xC6,
    0xFB, 0xC6, 0xDB, 0xC6, 0xFB, 0xC6, 0xFB, 0xC6, 0xFB, 0xC6, 0xFB, 0xC6, 0xFB, 0xC6, 0xDB, 0xC6,
    0xDB, 0xC6, 0xFB, 0xC6, 0xFB, 0xC6, 0xFB, 0xC6, 0xFB, 0xC6, 0xDB, 0xCE, 0x1C, 0xDF, 0x1B, 0xE7,
    0x1A, 0xE7, 0xFA, 0xE6, 0xDA, 0xE6, 0xDA, 0xE6, 0xB9, 0xE6, 0xB9, 0xDE, 0x99, 0xDE, 0x98, 0xDE,
    0x78, 0xDE, 0x98, 0xDE, 0x98, 0xDE, 0x78, 0xD6, 0x58, 0xD6, 0x37, 0xD6, 0x37, 0xD6, 0x37, 0xCE,
    0x1B, 0xDF, 0x1B, 0xDF, 0x1B, 0xDF, 0x1B, 0xDF, 0x1B, 0xDF, 0x3B, 0xDF, 0x1B, 0xDF, 0x1B, 0xDF,
    0x1B, 0xDF, 0x1B, 0xDF, 0x3B, 0xDF, 0x1B, 0xDF, 0x1B, 0xDF, 0x1B, 0xDF, 0x3B, 0xD7, 0x3C, 0xD7,
    0x3B, 0xD7, 0x3B, 0xD7, 0x3B, 0xD7, 0x3B, 0xD7, 0x3B, 0xD7, 0x1B, 0xD7, 0x3B, 0xD7, 0x1B, 0xD7,
    0x1B, 0xD7, 0x3C, 0xD7, 0x1C, 0xD7, 0x1B, 0xD7, 0xFB, 0xD6, 0xBA, 0xCE, 0x58, 0xC6, 0xF6, 0xBD,
    0xF6, 0xBD, 0x16, 0xBE, 0xF6, 0xBD, 0xD5, 0xB5, 0xB5, 0xAD, 0xB5, 0xAD, 0x95, 0xAD, 0x95, 0xAD,
    0x95, 0xAD, 0x95, 0xA5, 0x95, 0xA5, 0x95, 0xA5, 0x95, 0xA5, 0x95, 0xA5, 0x95, 0xA5, 0x96, 0xA5,
    0xB6, 0xAD, 0xD8, 0xAD, 0x18, 0xB6, 0x39, 0xBE, 0x39, 0xC6, 0x39, 0xC6, 0x39, 0xC6, 0x39, 0xCE,
    0x39, 0xC6, 0x39, 0xC6, 0x19, 0xBE, 0x18, 0xBE, 0x18, 0xB6, 0x18, 0xB6, 0x19, 0xB6, 0x19, 0xB6,
    0xD8, 0xAD, 0x97, 0xA5, 0x77, 0x9D, 0x56, 0x9D, 0x76, 0x9D, 0x97, 0xA5, 0x97, 0xAD, 0x97, 0xAD,
    0xB7, 0xB5, 0xD7, 0xB5, 0xF7, 0xBD, 0x38, 0xC6, 0x58, 0xCE, 0x38, 0xCE, 0x38, 0xC6, 0x38, 0xC6,
    0x38, 0xC6, 0x18, 0xC6, 0xF8, 0xBD, 0xF7, 0xB5, 0xD7, 0xB5, 0xD7, 0xB5, 0xD7, 0xB5, 0xD7, 0xAD,
    0xB7, 0xAD, 0xD7, 0xAD, 0xD7, 0xAD, 0xD7, 0xAD, 0xD7, 0xAD, 0xF7, 0xAD, 0xF8, 0xAD, 0x18, 0xAE,
    0x19, 0xB6, 0x19, 0xAE, 0x19, 0xAE, 0x19, 0xB6, 0x19, 0xB6, 0x39, 0xB6, 0x39, 0xB6, 0x5A, 0xB6,
    0x5A, 0xBE, 0x7A, 0xBE, 0x9A, 0xC6, 0xDB, 0xCE, 0xFB, 0xD6, 0x1B, 0xDF, 0x77, 0xDE, 0xF1, 0xCC,
    0x4F, 0xD4, 0x2F, 0xD4, 0x30, 0xDC, 0x0F, 0xDC, 0xCE, 0xD3, 0xCE, 0xD3, 0xAE, 0xCB, 0xAD, 0xC3,
    0x8D, 0xBB, 0x4C, 0xB3, 0x2B, 0xAB, 0x33, 0xD5, 0x77, 0xF6, 0x77, 0xF6, 0x77, 0xF6, 0x77, 0xF6,
    0x97, 0xF6, 0x77, 0xEE, 0x56, 0xEE, 0x77, 0xF6, 0x56, 0xEE, 0x36, 0xEE, 0x15, 0xEE, 0x36, 0xEE,
    0x56, 0xEE, 0x36, 0xEE, 0xF5, 0xE5, 0xD0, 0xB4, 0xA9, 0x62, 0x8D, 0x7B, 0xEB, 0x62, 0x69, 0x5A,
    0xEB, 0x7A, 0x12, 0xCD, 0x94, 0xE5, 0x73, 0xE5, 0x93, 0xE5, 0x73, 0xE5, 0x94, 0xE5, 0x73, 0xDD,
    0x94, 0xE5, 0x53, 0xDD, 0x94, 0xE5, 0x94, 0xE5, 0xB5, 0xED, 0xD5, 0xED, 0xB5, 0xE5, 0xD5, 0xE5,
    0xB5, 0xE5, 0xB4, 0xE5, 0xB5, 0xE5, 0xD5, 0xED, 0xB4, 0xE5, 0xB4, 0xE5, 0xB4, 0xE5, 0x94, 0xE5,
    0xD5, 0xED, 0xB4, 0xE5, 0xB5, 0xE5, 0xD5, 0xDD, 0x6C, 0x8B, 0x65, 0x39, 0x27, 0x4A, 0x0F, 0x8C,
    0xC9, 0x62, 0x68, 0x5A, 0x70, 0xA4, 0xF6, 0xE5, 0xD5, 0xE5, 0xD5, 0xE5, 0xD5, 0xE5, 0xB4, 0xE5,
    0x94, 0xE5, 0xB4, 0xE5, 0xB4, 0xE5, 0xB4, 0xE5, 0x94, 0xDD, 0xB5, 0xE5, 0xB5, 0xE5, 0xB5, 0xE5,
    0xB4, 0xE5, 0x94, 0xE5, 0x74, 0xDD, 0x94, 0xDD, 0x53, 0xE5, 0x50, 0xD4, 0x2F, 0xDC, 0x70, 0xDC,
    0x50, 0xDC, 0x0F, 0xDC, 0x2F, 0xDC, 0x30, 0xE4, 0x50, 0xE4, 0x2F, 0xDC, 0x2F, 0xD4, 0x4F, 0xDC,
    0xF2, 0xDC, 0xF2, 0xC4, 0x58, 0xCE, 0xFB, 0xD6, 0xFB, 0xCE, 0xFC, 0xCE, 0xFC, 0xCE, 0xFB, 0xCE,
    0xFB, 0xCE, 0xFB, 0xCE, 0xFB, 0xCE, 0xFB, 0xCE, 0xFB, 0xCE, 0xFB, 0xCE, 0xFB, 0xCE, 0xFB, 0xCE,
    0xFB, 0xCE, 0xFB, 0xCE, 0xFB, 0xCE, 0xFB, 0xCE, 0xFB, 0xCE, 0xFB, 0xCE, 0xFB, 0xCE, 0xFB, 0xCE,
    0xFB, 0xCE, 0xFB, 0xCE, 0xFB, 0xCE, 0xFB, 0xCE, 0xFB, 0xCE, 0xFB, 0xCE, 0xFB, 0xCE, 0xFB, 0xCE,
    0xFB, 0xCE, 0xFB, 0xCE, 0xFB, 0xCE, 0xFB, 0xCE, 0xFB, 0xCE, 0xFB, 0xCE, 0xFB, 0xCE, 0xFB, 0xC6,
    0xFB, 0xC6, 0xFB, 0xC6, 0xFB, 0xC6, 0xFB, 0xC6, 0xFB, 0xC6, 0xFB, 0xC6, 0xFB, 0xC6, 0xFB, 0xC6,
    0xFB, 0xC6, 0xFB, 0xC6, 0xFB, 0xC6, 0xFB, 0xC6, 0xFB, 0xC6, 0xFB, 0xC6, 0xFB, 0xC6, 0xFB, 0xC6,
    0xFB, 0xC6, 0xFB, 0xC6, 0xFB, 0xC6, 0xFB, 0xC6, 0xFB, 0xC6, 0xFB, 0xC6, 0xFB, 0xC6, 0xFB, 0xC6,
    0xFB, 0xC6, 0xFB, 0xC6, 0xFB, 0xC6, 0xFB, 0xC6, 0xFB, 0xC6, 0xFB, 0xC6, 0xFB, 0xC6, 0xFB, 0xC6,
    0xFB, 0xC6, 0xFB, 0xC6, 0xFB, 0xC6, 0xFB, 0xC6, 0xFB, 0xC6, 0xFB, 0xC6, 0xFB, 0xC6, 0xFB, 0xC6,
    0xFB, 0xC6, 0xFB, 0xC6, 0xDB, 0xC6, 0xDB, 0xC6, 0xDB, 0xC6, 0xDB, 0xC6, 0xDB, 0xC6, 0xDB, 0xC6,
    0xFB, 0xC6, 0xFB, 0xC6, 0xDB, 0xC6, 0xDB, 0xC6, 0xDB, 0xC6, 0xFB, 0xD6, 0x1B, 0xE7, 0x1B, 0xE7,
    0xFA, 0xE6, 0xFA, 0xE6, 0xDA, 0xE6, 0xD9, 0xE6, 0xB9, 0xE6, 0xB9, 0xDE, 0x99, 0xDE, 0x78, 0xDE,
    0x78, 0xD6, 0x78, 0xDE, 0x78, 0xDE, 0x58, 0xD6, 0x37, 0xCE, 0x37, 0xCE, 0x37, 0xCE, 0x17, 0xCE,
    0x3B, 0xE7, 0x3B, 0xE7, 0x1B, 0xE7, 0x1B, 0xE7, 0x1B, 0xE7, 0x3B, 0xE7, 0x1B, 0xE7, 0x1B, 0xE7,
    0x1A, 0xE7, 0x1A, 0xE7, 0x1A, 0xE7, 0xFA, 0xDE, 0xDA, 0xDE, 0xFB, 0xDE, 0x1B, 0xD7, 0x1B, 0xD7,
    0x3B, 0xD7, 0x3B, 0xD7, 0x3B, 0xD7, 0x3B, 0xD7, 0x1B, 0xD7, 0x1B, 0xD7, 0x1B, 0xD7, 0x1B, 0xD7,
    0x1B, 0xD7, 0x1B, 0xD7, 0x1B, 0xD7, 0x1B, 0xD7, 0x1B, 0xD7, 0xFB, 0xD6, 0x99, 0xCE, 0x37, 0xC6,
    0xF6, 0xBD, 0xF6, 0xBD, 0xF6, 0xBD, 0xD6, 0xB5, 0xB5, 0xB5, 0xB5, 0xAD, 0xB5, 0xAD, 0xB5, 0xAD,
    0x95, 0xAD, 0xB5, 0xAD, 0xB5, 0xAD, 0xB5, 0xAD, 0xB5, 0xA5, 0x95, 0xAD, 0x95, 0xAD, 0xB6, 0xAD,
    0xD7, 0xB5, 0xF8, 0xB5, 0x18, 0xBE, 0x39, 0xC6, 0x59, 0xCE, 0x59, 0xCE, 0x59, 0xCE, 0x39, 0xC6,
    0x18, 0xBE, 0xF8, 0xBD, 0xF8, 0xB5, 0xF8, 0xB5, 0xF8, 0xB5, 0xF8, 0xAD, 0xF8, 0xAD, 0xF8, 0xB5,
    0xD8, 0xAD, 0x97, 0xA5, 0x77, 0x9D, 0x56, 0x95, 0x56, 0x9D, 0x97, 0xA5, 0x97, 0xA5, 0x97, 0xAD,
    0x97, 0xAD, 0x97, 0xAD, 0xD7, 0xB5, 0x18, 0xC6, 0x38, 0xCE, 0x38, 0xC6, 0x17, 0xC6, 0x17, 0xC6,
    0x17, 0xC6, 0xF7, 0xBD, 0xD7, 0xB5, 0xD7, 0xB5, 0xD7, 0xAD, 0xD7, 0xB5, 0xD7, 0xAD, 0xD7, 0xAD,
    0xB6, 0xAD, 0xB7, 0xAD, 0xD7, 0xAD, 0xD7, 0xAD, 0xD7, 0xAD, 0xD7, 0xAD, 0xF8, 0xAD, 0xF8, 0xAD,
    0x19, 0xAE, 0x18, 0xAE, 0xF9, 0xAD, 0x19, 0xAE, 0x19, 0xAE, 0x19, 0xAE, 0x19, 0xAE, 0x39, 0xB6,
    0x39, 0xB6, 0x39, 0xB6, 0x59, 0xB6, 0x5A, 0xBE, 0x9A, 0xC6, 0xDB, 0xCE, 0xFA, 0xDE, 0x74, 0xD5,
    0x90, 0xCC, 0x70, 0xD4, 0x10, 0xD4, 0x0F, 0xD4, 0xEF, 0xD3, 0xAE, 0xCB, 0x8D, 0xCB, 0xAD, 0xC3,
    0x6D, 0xBB, 0x0B, 0xAB, 0x2F, 0xBC, 0x57, 0xF6, 0x77, 0xF6, 0x77, 0xF6, 0x77, 0xF6, 0x97, 0xF6,
    0x57, 0xF6, 0x36, 0xEE, 0x56, 0xEE, 0x56, 0xEE, 0x36, 0xEE, 0x36, 0xEE, 0x15, 0xE6, 0x15, 0xEE,
    0x15, 0xE6, 0xB4, 0xDD, 0x56, 0xEE, 0x4E, 0x9C, 0xEE, 0x83, 0xBE, 0xFF, 0xF2, 0xA4, 0xAA, 0x5A,
    0x48, 0x5A, 0xA9, 0x7A, 0x33, 0xD5, 0x53, 0xDD, 0xB3, 0xE5, 0x73, 0xE5, 0x53, 0xE5, 0x73, 0xE5,
    0x94, 0xE5, 0x93, 0xE5, 0xB4, 0xE5, 0x94, 0xE5, 0xB4, 0xED, 0xD5, 0xED, 0xB4, 0xE5, 0xD5, 0xED,
    0xB4, 0xE5, 0xB4, 0xE5, 0xB4, 0xE5, 0xB4, 0xE5, 0x93, 0xE5, 0xB4, 0xED, 0xD5, 0xED, 0xB5, 0xE5,
    0xB4, 0xE5, 0xB4, 0xE5, 0xF6, 0xED, 0x0F, 0x9C, 0x07, 0x52, 0x65, 0x31, 0x91, 0x9C, 0xDD, 0xFF,
    0xB5, 0xC5, 0x89, 0x52, 0x89, 0x52, 0x70, 0xAC, 0x16, 0xEE, 0xD5, 0xE5, 0xF5, 0xE5, 0xD5, 0xE5,
    0xB4, 0xE5, 0xB4, 0xE5, 0x94, 0xE5, 0xB4, 0xE5, 0xB4, 0xE5, 0xB4, 0xE5, 0xB4, 0xE5, 0xB4, 0xE5,
    0x94, 0xE5, 0x94, 0xE5, 0x74, 0xDD, 0x94, 0xDD, 0x94, 0xE5, 0xD2, 0xDC, 0x2F, 0xD4, 0x4F, 0xDC,
    0x50, 0xE4, 0x50, 0xE4, 0x2F, 0xE4, 0x2F, 0xDC, 0x30, 0xDC, 0x0F, 0xD4, 0x90, 0xD4, 0x12, 0xDD,
    0xF2, 0xD4, 0x54, 0xC5, 0xDA, 0xD6, 0xFB, 0xCE, 0xFB, 0xCE, 0xFB, 0xCE, 0xFB, 0xCE, 0xFB, 0xCE,
    0xFB, 0xCE, 0xFB, 0xCE, 0xFB, 0xCE, 0xFB, 0xCE, 0xFB, 0xCE, 0xFB, 0xCE, 0xFB, 0xCE, 0xFB, 0xCE,
    0xFB, 0xCE, 0xFB, 0xCE, 0xFB, 0xCE, 0xFB, 0xCE, 0xFB, 0xCE, 0xFB, 0xCE, 0xFB, 0xCE, 0xFB, 0xCE,
    0xFB, 0xCE, 0xFB, 0xCE, 0xFB, 0xCE, 0xFB, 0xCE, 0xFB, 0xCE, 0xFB, 0xCE, 0xFB, 0xCE, 0xFB, 0xCE,
    0xFB, 0xCE, 0xFB, 0xCE, 0xFB, 0xCE, 0xFB, 0xCE, 0xFB, 0xCE, 0xFB, 0xCE, 0xFB, 0xCE, 0xFB, 0xCE,
    0xFB, 0xCE, 0xFB, 0xCE, 0xFB, 0xC6, 0xFB, 0xC6, 0xFB, 0xC6, 0xFB, 0xC6, 0xFB, 0xC6, 0x1B, 0xCF,
    0x1B, 0xCF, 0xFB, 0xCE, 0xFB, 0xC6, 0xFB, 0xCE, 0xFB, 0xCE, 0xFB, 0xC6, 0xFB, 0xCE, 0xFB, 0xCE,
    0xDB, 0xC6, 0xFB, 0xC6, 0xFB, 0xC6, 0xFB, 0xC6, 0xFB, 0xC6, 0xFB, 0xC6, 0xFB, 0xC6, 0xFB, 0xC6,
    0xFB, 0xC6, 0xFB, 0xC6, 0xFB, 0xC6, 0xDB, 0xC6, 0xFB, 0xC6, 0xFB, 0xC6, 0xFB, 0xC6, 0xFB, 0xC6,
    0xFB, 0xC6, 0xFB, 0xC6, 0xFB, 0xC6, 0xFB, 0xC6, 0xFB, 0xC6, 0xFB, 0xC6, 0xFB, 0xC6, 0xFB, 0xC6,
    0xFB, 0xC6, 0xFB, 0xC6, 0xFB, 0xCE, 0xFB, 0xCE, 0xFB, 0xCE, 0xDB, 0xC6, 0xDB, 0xC6, 0xFB, 0xC6,
    0xFB, 0xC6, 0xFB, 0xC6, 0xFB, 0xC6, 0xFB, 0xC6, 0xDB, 0xCE, 0xFB, 0xDE, 0x1B, 0xE7, 0x1B, 0xE7,
    0xFA, 0xE6, 0xDA, 0xE6, 0xDA, 0xE6, 0xD9, 0xE6, 0xB9, 0xDE, 0xB9, 0xDE, 0x99, 0xDE, 0x78, 0xDE,
    0x78, 0xD6, 0x78, 0xD6, 0x78, 0xD6, 0x58, 0xD6, 0x37, 0xD6, 0x37, 0xCE, 0x37, 0xCE, 0x37, 0xCE,
    0x1B, 0xEF, 0x1B, 0xE7, 0x1B, 0xE7, 0x3B, 0xEF, 0x3B, 0xEF, 0x1A, 0xE7, 0x1A, 0xEF, 0x1A, 0xE7,
    0xF9, 0xE6, 0xB9, 0xE6, 0xB9, 0xDE, 0x99, 0xDE, 0x98, 0xD6, 0x99, 0xD6, 0xFA, 0xD6, 0x1B, 0xD7,
    0x3B, 0xD7, 0x3B, 0xD7, 0x3B, 0xD7, 0x1B, 0xD7, 0x1B, 0xD7, 0x3B, 0xD7, 0x1B, 0xD7, 0x1B, 0xD7,
    0x1B, 0xD7, 0x1C, 0xD7, 0x1B, 0xD7, 0x1B, 0xD7, 0x1B, 0xD7, 0x1B, 0xD7, 0xFA, 0xD6, 0x78, 0xCE,
    0xF6, 0xBD, 0xF6, 0xBD, 0xD6, 0xBD, 0xD6, 0xBD, 0xD5, 0xB5, 0xB5, 0xB5, 0xB6, 0xB5, 0xB5, 0xB5,
    0xB5, 0xAD, 0xB5, 0xAD, 0xB5, 0xAD, 0xB5, 0xAD, 0xB5, 0xAD, 0xB5, 0xAD, 0xB6, 0xAD, 0xD7, 0xAD,
    0xF8, 0xB5, 0xF8, 0xB5, 0x18, 0xC6, 0x59, 0xCE, 0x59, 0xCE, 0x38, 0xCE, 0x38, 0xC6, 0x18, 0xC6,
    0xF8, 0xBD, 0xD8, 0xB5, 0xD8, 0xAD, 0xD7, 0xAD, 0xD7, 0xAD, 0xD7, 0xAD, 0xB7, 0xAD, 0xD8, 0xAD,
    0xD8, 0xAD, 0xB7, 0xA5, 0x56, 0x9D, 0x36, 0x95, 0x36, 0x9D, 0x76, 0xA5, 0x76, 0xA5, 0x56, 0xA5,
    0x56, 0xA5, 0x76, 0xA5, 0xB7, 0xB5, 0xF7, 0xBD, 0x38, 0xC6, 0x38, 0xC6, 0x17, 0xC6, 0xF7, 0xBD,
    0xF7, 0xBD, 0xD7, 0xBD, 0xD7, 0xB5, 0xD7, 0xB5, 0xB7, 0xAD, 0xD7, 0xAD, 0xD7, 0xAD, 0xB7, 0xAD,
    0xB6, 0xAD, 0xB7, 0xAD, 0xD7, 0xAD, 0xB7, 0xAD, 0xD7, 0xAD, 0xD7, 0xAD, 0xF8, 0xAD, 0xF8, 0xAD,
    0xF8, 0xAD, 0xF8, 0xAD, 0xF8, 0xAD, 0xF9, 0xAD, 0x19, 0xAE, 0x19, 0xAE, 0xF9, 0xAD, 0xF8, 0xAD,
    0x18, 0xAE, 0x19, 0xB6, 0x39, 0xB6, 0x39, 0xB6, 0x39, 0xB6, 0x7A, 0xBE, 0xBA, 0xCE, 0x17, 0xDE,
    0xB0, 0xC4, 0x90, 0xCC, 0x50, 0xD4, 0x2F, 0xCC, 0x0F, 0xCC, 0xCE, 0xCB, 0x8D, 0xC3, 0x8D, 0xC3,
    0x2C, 0xBB, 0x0B, 0xA3, 0x94, 0xDD, 0x97, 0xF6, 0x77, 0xF6, 0x77, 0xF6, 0x77, 0xF6, 0x57, 0xF6,
    0x56, 0xEE, 0x56, 0xEE, 0x56, 0xEE, 0x57, 0xF6, 0x36, 0xEE, 0x36, 0xEE, 0x36, 0xEE, 0x36, 0xEE,
    0x15, 0xE6, 0x52, 0xCD, 0x73, 0xC5, 0x47, 0x52, 0xB1, 0x94, 0x3C, 0xEF, 0xCE, 0x83, 0x68, 0x52,
    0xEA, 0x6A, 0xE6, 0x59, 0x0E, 0xAC, 0x73, 0xE5, 0x73, 0xE5, 0x53, 0xE5, 0x52, 0xE5, 0x73, 0xE5,
    0x73, 0xE5, 0x73, 0xE5, 0x73, 0xE5, 0x53, 0xE5, 0x73, 0xE5, 0x73, 0xE5, 0x53, 0xDD, 0x94, 0xE5,
    0xB4, 0xE5, 0xB4, 0xE5, 0x94, 0xE5, 0xB4, 0xED, 0x73, 0xE5, 0x74, 0xE5, 0xB4, 0xE5, 0xB4, 0xE5,
    0xB4, 0xE5, 0xF5, 0xED, 0x32, 0xCD, 0x07, 0x5A, 0xC7, 0x39, 0x86, 0x31, 0xEA, 0x62, 0x94, 0xC5,
    0x12, 0xB5, 0xCA, 0x5A, 0x69, 0x4A, 0x89, 0x5A, 0x94, 0xD5, 0xF5, 0xE5, 0xD5, 0xE5, 0xB4, 0xE5,
    0x94, 0xE5, 0x94, 0xE5, 0xB5, 0xE5, 0x94, 0xE5, 0x94, 0xE5, 0x94, 0xE5, 0xB4, 0xE5, 0x94, 0xE5,
    0xB4, 0xE5, 0x74, 0xDD, 0x74, 0xDD, 0x94, 0xDD, 0x94, 0xDD, 0x33, 0xE5, 0x50, 0xD4, 0x0F, 0xDC,
    0x2F, 0xDC, 0x2F, 0xDC, 0x0F, 0xDC, 0x0F, 0xD4, 0x2F, 0xD4, 0x71, 0xDC, 0x12, 0xDD, 0x12, 0xD5,
    0xB1, 0xBC, 0x38, 0xCE, 0x1B, 0xD7, 0xFB, 0xCE, 0x1B, 0xCF, 0xFB, 0xCE, 0xFB, 0xCE, 0xFB, 0xCE,
    0xFB, 0xCE, 0xFB, 0xCE, 0xFB, 0xCE, 0xFB, 0xCE, 0xFB, 0xCE, 0xFB, 0xCE, 0xFB, 0xCE, 0xFB, 0xCE,
    0xFB, 0xCE, 0xFB, 0xCE, 0xFB, 0xCE, 0xFB, 0xCE, 0xFB, 0xCE, 0xFB, 0xCE, 0xFB, 0xCE, 0xFB, 0xCE,
    0xFB, 0xCE, 0xFB, 0xCE, 0xFB, 0xCE, 0xFB, 0xC6, 0xFB, 0xC6, 0xFB, 0xCE, 0xFB, 0xCE, 0xFB, 0xCE,
    0xFB, 0xCE, 0xFB, 0xCE, 0xFB, 0xCE, 0xFB, 0xCE, 0xFB, 0xCE, 0xFB, 0xCE, 0xFB, 0xCE, 0xFB, 0xCE,
    0xFB, 0xCE, 0xFB, 0xCE, 0xFB, 0xCE, 0xFB, 0xCE, 0xFB, 0xCE, 0xFB, 0xC6, 0xFB, 0xC6, 0xFB, 0xCE,
    0xFB, 0xCE, 0xFB, 0xC6, 0xFB, 0xCE, 0xFB, 0xCE, 0xDB, 0xCE, 0xFB, 0xCE, 0xFB, 0xCE, 0xFB, 0xCE,
    0xFB, 0xCE, 0xFB, 0xCE, 0xFB, 0xCE, 0xFB, 0xCE, 0xDB, 0xCE, 0xDB, 0xCE, 0xDB, 0xC6, 0xFB, 0xC6,
    0xFB, 0xCE, 0xFB, 0xC6, 0xDB, 0xC6, 0xDB, 0xCE, 0xDB, 0xCE, 0xDB, 0xCE, 0xDB, 0xCE, 0xDB, 0xCE,
    0xFB, 0xC6, 0xFB, 0xC6, 0xFB, 0xC6, 0xFB, 0xC6, 0xFB, 0xC6, 0xFB, 0xC6, 0xFB, 0xC6, 0xFB, 0xC6,
    0xFB, 0xC6, 0xFB, 0xC6, 0xFB, 0xCE, 0xFB, 0xCE, 0xFB, 0xCE, 0xFB, 0xCE, 0xDB, 0xC6, 0xDB, 0xC6,
    0xFB, 0xCE, 0xFB, 0xCE, 0xFB, 0xCE, 0xFB, 0xC6, 0xDB, 0xCE, 0xFB, 0xDE, 0x1B, 0xE7, 0xFA, 0xE6,
    0xDA, 0xE6, 0xDA, 0xE6, 0xDA, 0xE6, 0xD9, 0xE6, 0xB9, 0xDE, 0xB9, 0xDE, 0x99, 0xDE, 0x78, 0xDE,
    0x58, 0xD6, 0x58, 0xD6, 0x58, 0xD6, 0x58, 0xD6, 0x58, 0xD6, 0x37, 0xD6, 0x37, 0xD6, 0x37, 0xD6,
    0x1A, 0xEF, 0xFA, 0xEE, 0xFA, 0xE6, 0xFA, 0xE6, 0xFA, 0xE6, 0xF9, 0xE6, 0xF9, 0xE6, 0xF9, 0xE6,
    0xB8, 0xDE, 0x98, 0xDE, 0x78, 0xDE, 0x58, 0xD6, 0x58, 0xD6, 0x37, 0xCE, 0x78, 0xCE, 0xDA, 0xD6,
    0x1B, 0xD7, 0x3B, 0xD7, 0x1B, 0xD7, 0x1B, 0xDF, 0x1B, 0xD7, 0x1B, 0xD7, 0x1B, 0xD7, 0xFB, 0xCE,
    0xDB, 0xCE, 0xDB, 0xCE, 0xBA, 0xC6, 0xBA, 0xC6, 0xBA, 0xC6, 0xDA, 0xCE, 0xFB, 0xCE, 0xDA, 0xCE,
    0x58, 0xC6, 0x16, 0xBE, 0xD6, 0xBD, 0xD6, 0xBD, 0xD6, 0xB5, 0xD6, 0xB5, 0xD6, 0xB5, 0xD6, 0xB5,
    0xD6, 0xB5, 0xD6, 0xB5, 0xD5, 0xB5, 0xB5, 0xAD, 0xB5, 0xAD, 0xB5, 0xAD, 0xD6, 0xAD, 0xF7, 0xB5,
    0x18, 0xB6, 0xF8, 0xBD, 0x18, 0xC6, 0x38, 0xC6, 0x38, 0xC6, 0x38, 0xC6, 0x18, 0xBE, 0x18, 0xBE,
    0xD8, 0xB5, 0xB8, 0xAD, 0xB7, 0xAD, 0xB7, 0xA5, 0x97, 0xA5, 0x97, 0xA5, 0xB7, 0xA5, 0x97, 0xA5,
    0xB8, 0xA5, 0xB8, 0xA5, 0x57, 0x9D, 0x36, 0x95, 0x56, 0x9D, 0x97, 0xAD, 0xB7, 0xAD, 0x97, 0xAD,
    0x97, 0xAD, 0x76, 0xAD, 0xB7, 0xB5, 0x17, 0xBE, 0x18, 0xC6, 0x38, 0xC6, 0xF7, 0xBD, 0xD7, 0xBD,
    0xD7, 0xB5, 0xD7, 0xB5, 0xD7, 0xB5, 0xD7, 0xAD, 0xB6, 0xAD, 0xB7, 0xAD, 0xB7, 0xAD, 0xB6, 0xAD,
    0xB6, 0xAD, 0xB6, 0xAD, 0xB7, 0xAD, 0xB6, 0xAD, 0xB7, 0xAD, 0xD7, 0xAD, 0xD8, 0xAD, 0xD8, 0xAD,
    0xD8, 0xAD, 0xD8, 0xAD, 0xD8, 0xA5, 0xD8, 0xAD, 0xF9, 0xAD, 0xF8, 0xAD, 0xD8, 0xAD, 0xF8, 0xAD,
    0xF8, 0xAD, 0x19, 0xAE, 0x19, 0xAE, 0x19, 0xAE, 0x19, 0xB6, 0x39, 0xB6, 0x39, 0xBE, 0x79, 0xCE,
    0x94, 0xCD, 0x70, 0xCC, 0x90, 0xD4, 0xB1, 0xD4, 0x50, 0xD4, 0x0F, 0xCC, 0xAE, 0xC3, 0x8D, 0xC3,
    0x0B, 0xAB, 0x2F, 0xBC, 0x77, 0xF6, 0x77, 0xF6, 0x76, 0xEE, 0x77, 0xF6, 0x57, 0xF6, 0x56, 0xEE,
    0x56, 0xEE, 0x36, 0xEE, 0x56, 0xEE, 0x56, 0xEE, 0x36, 0xEE, 0x16, 0xEE, 0x36, 0xEE, 0x36, 0xEE,
    0xF6, 0xE5, 0x70, 0xAC, 0xCA, 0x62, 0x86, 0x31, 0xC7, 0x39, 0x89, 0x52, 0xA5, 0x39, 0x88, 0x5A,
    0x2B, 0x73, 0xC6, 0x51, 0xEA, 0x82, 0x73, 0xE5, 0x53, 0xE5, 0x32, 0xE5, 0x32, 0xE5, 0x32, 0xDD,
    0x73, 0xE5, 0x94, 0xE5, 0xB5, 0xED, 0xF5, 0xED, 0x16, 0xF6, 0x37, 0xF6, 0x16, 0xEE, 0xF6, 0xED,
    0xF6, 0xED, 0x16, 0xEE, 0xD5, 0xED, 0xB4, 0xE5, 0x94, 0xE5, 0x74, 0xE5, 0x94, 0xE5, 0x73, 0xE5,
    0x94, 0xE5, 0xF5, 0xED, 0x2F, 0xAC, 0x85, 0x41, 0x86, 0x31, 0x86, 0x29, 0x07, 0x42, 0xA9, 0x62,
    0xEA, 0x6A, 0x68, 0x52, 0xE7, 0x39, 0xA6, 0x41, 0x90, 0xB4, 0x16, 0xEE, 0xD4, 0xE5, 0xB4, 0xE5,
    0x94, 0xE5, 0x73, 0xDD, 0x94, 0xE5, 0x94, 0xDD, 0x94, 0xE5, 0x94, 0xE5, 0x94, 0xE5, 0x94, 0xE5,
    0xD5, 0xE5, 0xB4, 0xE5, 0xB4, 0xE5, 0x94, 0xDD, 0x94, 0xDD, 0x74, 0xDD, 0xB1, 0xDC, 0xEF, 0xD3,
    0x0F, 0xDC, 0x0F, 0xD4, 0x2F, 0xD4, 0x90, 0xDC, 0xB1, 0xDC, 0xF2, 0xDC, 0x12, 0xD5, 0x91, 0xBC,
    0x96, 0xC5, 0xFB, 0xD6, 0xFC, 0xCE, 0xFC, 0xCE, 0xFB, 0xCE, 0xFB, 0xCE, 0xFB, 0xCE, 0xFB, 0xCE,
    0xFB, 0xCE, 0xFB, 0xCE, 0xFB, 0xCE, 0xFB, 0xCE, 0xFB, 0xCE, 0xFB, 0xCE, 0xFB, 0xCE, 0xFB, 0xCE,
    0xFB, 0xCE, 0xFB, 0xCE, 0xFB, 0xCE, 0xFB, 0xCE, 0xFB, 0xCE, 0xFB, 0xCE, 0xFB, 0xCE, 0xFB, 0xCE,
    0xFB, 0xCE, 0xFB, 0xCE, 0xFB, 0xCE, 0xFB, 0xCE, 0xFB, 0xCE, 0xFB, 0xCE, 0xFB, 0xCE, 0xFB, 0xCE,
    0xFB, 0xCE, 0xFB, 0xCE, 0xFB, 0xCE, 0xFB, 0xCE, 0xFB, 0xCE, 0xFB, 0xCE, 0xFB, 0xCE, 0xFB, 0xCE,
    0xFB, 0xCE, 0xFB, 0xCE, 0xFB, 0xCE, 0xFB, 0xCE, 0xFB, 0xCE, 0xFB, 0xCE, 0xFB, 0xCE, 0xFB, 0xCE,
    0xFB, 0xCE, 0xFB, 0xCE, 0xFB, 0xCE, 0xFB, 0xCE, 0xDB, 0xCE, 0xDB, 0xCE, 0xFB, 0xCE, 0xDA, 0xC6,
    0xDA, 0xC6, 0xFB, 0xC6, 0xFB, 0xCE, 0xFB, 0xCE, 0xDB, 0xCE, 0xDB, 0xCE, 0xDB, 0xCE, 0xDB, 0xCE,
    0xDB, 0xCE, 0xDB, 0xCE, 0xDB, 0xCE, 0xDB, 0xCE, 0xDB, 0xCE, 0xDB, 0xCE, 0xDB, 0xCE, 0xDB, 0xC6,
    0xDB, 0xC6, 0xDB, 0xC6, 0xDB, 0xC6, 0xDB, 0xC6, 0xDB, 0xC6, 0xDB, 0xC6, 0xDB, 0xC6, 0xDB, 0xC6,
    0xDB, 0xC6, 0xDB, 0xC6, 0xDB, 0xC6, 0xDB, 0xC6, 0xDB, 0xC6, 0xDB, 0xC6, 0xDB, 0xC6, 0xDB, 0xC6,
    0xFB, 0xC6, 0xFB, 0xC6, 0xFB, 0xC6, 0xDB, 0xC6, 0xDB, 0xCE, 0xFB, 0xDE, 0x1B, 0xE7, 0x1B, 0xE7,
    0xFA, 0xE6, 0xDA, 0xE6, 0xDA, 0xE6, 0xB9, 0xE6, 0xB9, 0xDE, 0x99, 0xDE, 0x99, 0xDE, 0x78, 0xDE,
    0x78, 0xD6, 0x58, 0xD6, 0x78, 0xD6, 0x78, 0xDE, 0x98, 0xDE, 0x98, 0xDE, 0x99, 0xDE, 0xB9, 0xDE,
    0xFA, 0xE6, 0xF9, 0xE6, 0xD9, 0xE6, 0xB9, 0xE6, 0xB8, 0xDE, 0x99, 0xDE, 0x99, 0xDE, 0xB9, 0xE6,
    0x98, 0xDE, 0x77, 0xD6, 0x57, 0xD6, 0x37, 0xCE, 0x37, 0xCE, 0x17, 0xCE, 0x17, 0xC6, 0x58, 0xCE,
    0xDA, 0xD6, 0x1B, 0xD7, 0x1C, 0xD7, 0x1B, 0xDF, 0x1C, 0xD7, 0xDB, 0xCE, 0x9A, 0xC6, 0x79, 0xBE,
    0x39, 0xB6, 0x18, 0xB6, 0x18, 0xAE, 0xF8, 0xAD, 0xF8, 0xAD, 0x38, 0xB6, 0x59, 0xB6, 0x99, 0xC6,
    0x79, 0xC6, 0x37, 0xBE, 0xF6, 0xBD, 0xF6, 0xBD, 0xF6, 0xB5, 0xF6, 0xB5, 0xF6, 0xB5, 0xF6, 0xB5,
    0xD6, 0xB5, 0xD6, 0xB5, 0xD6, 0xB5, 0xD6, 0xB5, 0xD6, 0xB5, 0xD6, 0xB5, 0xD6, 0xB5, 0x18, 0xB6,
    0x18, 0xB6, 0x18, 0xBE, 0x18, 0xBE, 0x18, 0xC6, 0x18, 0xC6, 0x18, 0xBE, 0xF8, 0xB5, 0xF8, 0xB5,
    0xB7, 0xAD, 0x97, 0xA5, 0x97, 0xA5, 0x97, 0x9D, 0x77, 0xA5, 0x97, 0xA5, 0x97, 0xA5, 0x97, 0xA5,
    0x97, 0xA5, 0x98, 0xA5, 0x77, 0x9D, 0x77, 0xA5, 0xD8, 0xAD, 0x19, 0xBE, 0x39, 0xBE, 0x39, 0xBE,
    0x39, 0xC6, 0x18, 0xC6, 0x18, 0xC6, 0x18, 0xC6, 0x38, 0xC6, 0x18, 0xC6, 0xF7, 0xBD, 0xD7, 0xB5,
    0xD7, 0xB5, 0xD6, 0xAD, 0xB6, 0xAD, 0xB6, 0xAD, 0xB6, 0xAD, 0xB7, 0xAD, 0xB6, 0xAD, 0xB6, 0xAD,
    0x96, 0xAD, 0xB6, 0xAD, 0xB7, 0xAD, 0xB7, 0xAD, 0xB7, 0xAD, 0xB7, 0xAD, 0xB7, 0xAD, 0xB7, 0xA5,
    0xB7, 0xA5, 0xB8, 0xA5, 0xB8, 0xA5, 0xD8, 0xA5, 0xD8, 0xA5, 0xD8, 0xA5, 0xD8, 0xAD, 0xF8, 0xAD,
    0xF9, 0xAD, 0xF8, 0xAD, 0xF8, 0xAD, 0xF8, 0xAD, 0x18, 0xAE, 0x39, 0xAE, 0x39, 0xB6, 0x59, 0xBE,
    0x79, 0xCE, 0x74, 0xCD, 0x6F, 0xC4, 0x4F, 0xC4, 0x2F, 0xCC, 0x2F, 0xD4, 0x2F, 0xD4, 0xEE, 0xC3,
    0x8D, 0xB3, 0x95, 0xE5, 0x98, 0xF6, 0x77, 0xF6, 0x76, 0xEE, 0x77, 0xF6, 0x56, 0xEE, 0x36, 0xEE,
    0x56, 0xEE, 0x56, 0xEE, 0x56, 0xEE, 0x36, 0xEE, 0x36, 0xEE, 0x36, 0xEE, 0x36, 0xEE, 0xF5, 0xE5,
    0x74, 0xD5, 0x4C, 0x7B, 0xE7, 0x39, 0x66, 0x29, 0x04, 0x21, 0xE3, 0x20, 0x45, 0x29, 0x28, 0x4A,
    0x89, 0x62, 0x85, 0x49, 0x89, 0x7A, 0x32, 0xDD, 0x32, 0xDD, 0x53, 0xE5, 0x53, 0xE5, 0x94, 0xE5,
    0x16, 0xF6, 0x37, 0xFE, 0x16, 0xF6, 0xF6, 0xF5, 0xB5, 0xED, 0xB5, 0xED, 0x95, 0xED, 0x75, 0xED,
    0x95, 0xED, 0xD6, 0xF5, 0xF6, 0xF5, 0x16, 0xF6, 0xF6, 0xED, 0xB5, 0xE5, 0x73, 0xDD, 0x53, 0xE5,
    0x53, 0xE5, 0xD5, 0xED, 0x8D, 0x9B, 0x24, 0x39, 0x86, 0x31, 0x66, 0x29, 0xC6, 0x39, 0x68, 0x52,
    0x88, 0x5A, 0x27, 0x4A, 0xC6, 0x31, 0x64, 0x31, 0x0E, 0x9C, 0x16, 0xE6, 0xD4, 0xE5, 0xB4, 0xE5,
    0x94, 0xE5, 0x74, 0xDD, 0x94, 0xE5, 0x94, 0xE5, 0x94, 0xE5, 0x74, 0xDD, 0x94, 0xE5, 0x94, 0xE5,
    0xB4, 0xE5, 0xB4, 0xE5, 0xB4, 0xDD, 0x94, 0xDD, 0x94, 0xDD, 0x74, 0xDD, 0x53, 0xE5, 0x4F, 0xD4,
    0x50, 0xDC, 0xD1, 0xE4, 0xD2, 0xE4, 0xF2, 0xDC, 0xF1, 0xD4, 0x90, 0xC4, 0x70, 0xB4, 0x95, 0xC5,
    0xFB, 0xD6, 0xFC, 0xCE, 0xFC, 0xCE, 0xFB, 0xCE, 0xFB, 0xCE, 0xFB, 0xCE, 0xFC, 0xCE, 0xFB, 0xCE,
    0xFB, 0xCE, 0xFB, 0xCE, 0xFB, 0xCE, 0xFB, 0xCE, 0xFB, 0xCE, 0xFB, 0xCE, 0xFB, 0xCE, 0xFB, 0xCE,
    0xFB, 0xCE, 0xFB, 0xCE, 0xFB, 0xCE, 0xFB, 0xCE, 0xFB, 0xCE, 0xFB, 0xCE, 0xFB, 0xCE, 0xFB, 0xCE,
    0xFB, 0xCE, 0xFB, 0xCE, 0xFB, 0xCE, 0xFB, 0xCE, 0xFB, 0xCE, 0xFB, 0xCE, 0xFB, 0xCE, 0xFB, 0xCE,
    0xFB, 0xCE, 0xFB, 0xCE, 0xFB, 0xCE, 0xFB, 0xCE, 0xFB, 0xCE, 0xFB, 0xCE, 0xFB, 0xCE, 0xFB, 0xCE,
    0xFB, 0xCE, 0xFB, 0xCE, 0xFB, 0xCE, 0xFB, 0xCE, 0xFB, 0xCE, 0xFB, 0xCE, 0xFB, 0xCE, 0xFB, 0xCE,
    0xFB, 0xCE, 0xFB, 0xCE, 0xFB, 0xCE, 0xFB, 0xCE, 0xFB, 0xCE, 0xFB, 0xC6, 0x78, 0xB6, 0x53, 0x8D,
    0xD1, 0x7C, 0xF6, 0xA5, 0xFB, 0xC6, 0xFB, 0xCE, 0xDB, 0xCE, 0xDB, 0xCE, 0xDB, 0xCE, 0xDB, 0xCE,
    0xDB, 0xCE, 0xDB, 0xCE, 0xDB, 0xCE, 0xDB, 0xC6, 0xDB, 0xC6, 0xDB, 0xCE, 0xFB, 0xCE, 0xDB, 0xC6,
    0xDB, 0xC6, 0xDB, 0xC6, 0xDB, 0xC6, 0xDB, 0xC6, 0xDB, 0xC6, 0xDB, 0xCE, 0xDB, 0xCE, 0xFB, 0xCE,
    0xFB, 0xCE, 0xDB, 0xCE, 0xDB, 0xC6, 0xDB, 0xC6, 0xDB, 0xC6, 0xDB, 0xC6, 0xDB, 0xC6, 0xDB, 0xC6,
    0xDB, 0xC6, 0xDB, 0xC6, 0xDB, 0xC6, 0xDB, 0xC6, 0xDB, 0xCE, 0xFB, 0xDE, 0x1B, 0xE7, 0x1B, 0xE7,
    0xFA, 0xE6, 0xFA, 0xE6, 0xDA, 0xE6, 0xB9, 0xE6, 0xB9, 0xDE, 0x99, 0xDE, 0x99, 0xDE, 0x98, 0xDE,
    0x78, 0xD6, 0x78, 0xD6, 0x99, 0xDE, 0xB9, 0xE6, 0xB9, 0xE6, 0xDA, 0xE6, 0xDA, 0xE6, 0xD9, 0xE6,
    0xFA, 0xE6, 0xD9, 0xE6, 0xB9, 0xDE, 0x99, 0xDE, 0x98, 0xDE, 0x78, 0xDE, 0x58, 0xDE, 0x58, 0xD6,
    0x78, 0xDE, 0x57, 0xD6, 0x37, 0xCE, 0x17, 0xCE, 0x17, 0xCE, 0x37, 0xCE, 0x17, 0xC6, 0x37, 0xC6,
    0xB9, 0xCE, 0x1B, 0xD7, 0x1B, 0xD7, 0xFB, 0xD6, 0xBA, 0xCE, 0x59, 0xBE, 0x18, 0xB6, 0xF8, 0xAD,
    0xF8, 0xAD, 0xF7, 0xAD, 0xD7, 0xA5, 0xD7, 0xA5, 0xF7, 0xA5, 0xF7, 0xA5, 0xF7, 0xA5, 0xF7, 0xAD,
    0x17, 0xB6, 0x17, 0xB6, 0x17, 0xB6, 0x16, 0xB6, 0x16, 0xB6, 0x16, 0xBE, 0xF6, 0xB5, 0xF6, 0xB5,
    0xF6, 0xB5, 0xF6, 0xB5, 0xF6, 0xB5, 0xF6, 0xB5, 0xF6, 0xB5, 0xF6, 0xB5, 0xF7, 0xB5, 0x18, 0xB6,
    0x18, 0xBE, 0x18, 0xBE, 0xF8, 0xBD, 0x18, 0xC6, 0x18, 0xC6, 0xF8, 0xBD, 0xD7, 0xB5, 0xB7, 0xAD,
    0x97, 0xAD, 0x77, 0xA5, 0x76, 0x9D, 0x76, 0x9D, 0x76, 0x9D, 0x76, 0x9D, 0x97, 0x9D, 0x97, 0xA5,
    0xB8, 0xA5, 0xB8, 0xA5, 0x97, 0xA5, 0xD8, 0xAD, 0x19, 0xBE, 0x39, 0xBE, 0x39, 0xC6, 0x39, 0xC6,
    0x39, 0xC6, 0x39, 0xC6, 0x39, 0xC6, 0x39, 0xC6, 0x38, 0xC6, 0x18, 0xC6, 0xD7, 0xBD, 0xB6, 0xB5,
    0xB6, 0xB5, 0xB6, 0xAD, 0xB6, 0xAD, 0xB6, 0xAD, 0xB6, 0xAD, 0xB6, 0xAD, 0xB6, 0xAD, 0x96, 0xAD,
    0x96, 0xAD, 0xB6, 0xAD, 0xB7, 0xAD, 0xB7, 0xAD, 0xB7, 0xAD, 0xB7, 0xAD, 0xB7, 0xA5, 0xB7, 0xA5,
    0xB7, 0xA5, 0xB7, 0xA5, 0xB8, 0xA5, 0xD8, 0xA5, 0xD8, 0xA5, 0xF8, 0xAD, 0xF8, 0xAD, 0xF8, 0xAD,
    0xD8, 0xAD, 0xF8, 0xAD, 0xF8, 0xAD, 0xF8, 0xAD, 0xF8, 0xAD, 0xF8, 0xAD, 0x19, 0xAE, 0x39, 0xB6,
    0x39, 0xBE, 0x58, 0xCE, 0xF6, 0xCD, 0xF2, 0xC4, 0x2F, 0xBC, 0xCD, 0xC3, 0xCD, 0xC3, 0x8C, 0xB3,
    0x4F, 0xC4, 0x57, 0xF6, 0x77, 0xF6, 0x97, 0xF6, 0x77, 0xEE, 0x77, 0xF6, 0x56, 0xEE, 0x36, 0xEE,
    0x77, 0xF6, 0x77, 0xF6, 0x57, 0xEE, 0x56, 0xEE, 0x36, 0xEE, 0x15, 0xEE, 0xD4, 0xE5, 0xD5, 0xE5,
    0x33, 0xCD, 0x89, 0x62, 0xA6, 0x31, 0x45, 0x21, 0x04, 0x21, 0x04, 0x21, 0x04, 0x21, 0x65, 0x31,
    0xA6, 0x41, 0x23, 0x39, 0x0A, 0x8B, 0x74, 0xE5, 0x53, 0xDD, 0x94, 0xE5, 0xF5, 0xF5, 0x16, 0xFE,
    0xB5, 0xF5, 0x12, 0xE5, 0x90, 0xDC, 0x50, 0xDC, 0x2F, 0xD4, 0x70, 0xD4, 0x50, 0xD4, 0x70, 0xD4,
    0x70, 0xD4, 0x70, 0xD4, 0x91, 0xD4, 0xD2, 0xDC, 0x33, 0xE5, 0xB5, 0xED, 0xD5, 0xED, 0xB4, 0xE5,
    0x73, 0xDD, 0xF6, 0xF5, 0x8C, 0x9B, 0xE2, 0x30, 0x65, 0x31, 0x45, 0x29, 0x44, 0x29, 0x85, 0x31,
    0xA5, 0x39, 0xA5, 0x31, 0xA5, 0x31, 0x65, 0x31, 0x0E, 0x9C, 0x36, 0xEE, 0x94, 0xDD, 0xB4, 0xE5,
    0xB4, 0xE5, 0x94, 0xDD, 0x94, 0xE5, 0xB4, 0xE5, 0x94, 0xE5, 0x94, 0xDD, 0x94, 0xE5, 0xB4, 0xE5,
    0xB4, 0xDD, 0xD5, 0xE5, 0x94, 0xE5, 0x94, 0xDD, 0x94, 0xDD, 0x95, 0xDD, 0x94, 0xE5, 0xF2, 0xDC,
    0x70, 0xD4, 0x70, 0xD4, 0x4F, 0xCC, 0x0E, 0xBC, 0x50, 0xB4, 0xD1, 0xB4, 0xD6, 0xC5, 0xFB, 0xD6,
    0xFB, 0xCE, 0xFB, 0xCE, 0xFB, 0xCE, 0xFB, 0xCE, 0xFB, 0xCE, 0xFB, 0xCE, 0xFC, 0xCE, 0xFB, 0xCE,
    0xFB, 0xCE, 0xFB, 0xCE, 0xFB, 0xCE, 0xFB, 0xCE, 0xFB, 0xCE, 0xFB, 0xCE, 0xFB, 0xCE, 0xFB, 0xCE,
    0xFB, 0xCE, 0xFB, 0xCE, 0xFB, 0xCE, 0xFB, 0xCE, 0xFB, 0xCE, 0xFB, 0xCE, 0xFB, 0xCE, 0xFB, 0xCE,
    0xFB, 0xCE, 0xFB, 0xCE, 0xFB, 0xCE, 0xFB, 0xCE, 0xFB, 0xCE, 0xFB, 0xCE, 0xFB, 0xCE, 0xFB, 0xCE,
    0xFB, 0xCE, 0xFB, 0xCE, 0xFB, 0xCE, 0xFB, 0xCE, 0xFB, 0xCE, 0xFB, 0xCE, 0xFB, 0xCE, 0xFB, 0xCE,
    0xFB, 0xCE, 0xFB, 0xCE, 0xFB, 0xCE, 0xFB, 0xCE, 0xFB, 0xCE, 0xFB, 0xCE, 0xFB, 0xCE, 0xFB, 0xCE,
    0xFB, 0xCE, 0xFB, 0xCE, 0xDB, 0xCE, 0xDB, 0xCE, 0xFB, 0xC6, 0x78, 0xB6, 0xCF, 0x7C, 0xEA, 0x5B,
    0x69, 0x4B, 0xCC, 0x5B, 0x37, 0xAE, 0xFB, 0xCE, 0xDB, 0xCE, 0xFB, 0xCE, 0xDB, 0xCE, 0xDB, 0xCE,
    0xDB, 0xCE, 0xDB, 0xCE, 0xDB, 0xCE, 0xDB, 0xCE, 0xDB, 0xCE, 0xDB, 0xCE, 0xDB, 0xCE, 0xDB, 0xCE,
    0xFB, 0xCE, 0xDB, 0xC6, 0xFA, 0xC6, 0xFB, 0xCE, 0xDB, 0xC6, 0xFB, 0xC6, 0xFB, 0xC6, 0xFB, 0xCE,
    0xFB, 0xCE, 0xFB, 0xCE, 0xFB, 0xC6, 0xFB, 0xC6, 0xDB, 0xCE, 0xDB, 0xCE, 0xFB, 0xCE, 0xFB, 0xCE,
    0xDB, 0xCE, 0xFB, 0xCE, 0xFB, 0xCE, 0xDB, 0xCE, 0xDA, 0xD6, 0xFB, 0xDE, 0x1B, 0xE7, 0x1B, 0xE7,
    0xFA, 0xE6, 0xFA, 0xE6, 0xD9, 0xE6, 0xB9, 0xDE, 0xB9, 0xDE, 0x99, 0xDE, 0x99, 0xDE, 0x99, 0xDE,
    0x78, 0xDE, 0x99, 0xDE, 0xD9, 0xE6, 0xDA, 0xE6, 0xDA, 0xE6, 0xDA, 0xE6, 0xB9, 0xE6, 0xB9, 0xDE,
    0xFA, 0xE6, 0xB9, 0xE6, 0x99, 0xDE, 0x98, 0xDE, 0x78, 0xDE, 0x58, 0xD6, 0x37, 0xD6, 0x37, 0xCE,
    0x57, 0xD6, 0x37, 0xCE, 0x16, 0xCE, 0x17, 0xCE, 0x17, 0xCE, 0x17, 0xC6, 0x17, 0xC6, 0x17, 0xC6,
    0x78, 0xC6, 0x99, 0xCE, 0xBA, 0xCE, 0x79, 0xC6, 0x38, 0xB6, 0xF7, 0xAD, 0xD7, 0xAD, 0xF7, 0xA5,
    0xF8, 0xA5, 0xF7, 0xA5, 0xF7, 0xA5, 0xF7, 0xA5, 0xD7, 0xA5, 0xF7, 0xA5, 0xF7, 0xA5, 0xF7, 0xA5,
    0xD7, 0xAD, 0xF7, 0xAD, 0x17, 0xB6, 0x17, 0xB6, 0x16, 0xBE, 0x16, 0xBE, 0x16, 0xB6, 0x16, 0xB6,
    0x16, 0xB6, 0xF6, 0xB5, 0xF6, 0xB5, 0xF6, 0xB5, 0xF6, 0xBD, 0xF6, 0xB5, 0x17, 0xB6, 0x18, 0xBE,
    0x38, 0xBE, 0xF8, 0xBD, 0xD7, 0xB5, 0xD7, 0xBD, 0xD7, 0xBD, 0xB7, 0xB5, 0xB6, 0xAD, 0x96, 0xAD,
    0x96, 0xA5, 0x76, 0xA5, 0x76, 0x9D, 0x76, 0x9D, 0x76, 0x9D, 0x76, 0x9D, 0x97, 0x9D, 0x97, 0xA5,
    0xB8, 0xA5, 0x97, 0x9D, 0xB8, 0xA5, 0x19, 0xB6, 0x19, 0xB6, 0x18, 0xBE, 0xF8, 0xBD, 0xF8, 0xBD,
    0xF8, 0xBD, 0xF8, 0xBD, 0x18, 0xC6, 0x18, 0xBE, 0x18, 0xBE, 0x18, 0xBE, 0xD7, 0xBD, 0x96, 0xB5,
    0x96, 0xAD, 0x96, 0xAD, 0x96, 0xAD, 0x96, 0xAD, 0x96, 0xAD, 0x96, 0xA5, 0x96, 0xA5, 0x96, 0xAD,
    0xB7, 0xAD, 0xB7, 0xAD, 0xB7, 0xAD, 0xB7, 0xAD, 0xB7, 0xA5, 0xB7, 0xA5, 0x97, 0xA5, 0x97, 0xA5,
    0x97, 0xA5, 0xB7, 0xA5, 0xB7, 0xA5, 0xB7, 0xA5, 0xD8, 0xA5, 0xD8, 0xA5, 0xD8, 0xAD, 0xD8, 0xAD,
    0xD8, 0xAD, 0xD8, 0xAD, 0xD8, 0xAD, 0xD8, 0xAD, 0xD8, 0xAD, 0xF8, 0xAD, 0xF8, 0xAD, 0x19, 0xB6,
    0x39, 0xB6, 0x19, 0xBE, 0x59, 0xC6, 0x58, 0xD6, 0xF6, 0xD5, 0x54, 0xCD, 0xF2, 0xC4, 0x70, 0xBC,
    0x53, 0xD5, 0x97, 0xFE, 0x77, 0xF6, 0x77, 0xF6, 0x77, 0xF6, 0x77, 0xF6, 0x57, 0xF6, 0x57, 0xF6,
    0x57, 0xF6, 0x56, 0xEE, 0x36, 0xEE, 0x36, 0xEE, 0xF5, 0xED, 0xB4, 0xE5, 0xB4, 0xE5, 0xB4, 0xE5,
    0xD2, 0xC4, 0x27, 0x5A, 0x65, 0x29, 0x24, 0x21, 0x03, 0x19, 0x03, 0x19, 0xE3, 0x18, 0x04, 0x29,
    0x44, 0x39, 0xE3, 0x38, 0x6C, 0x93, 0x94, 0xE5, 0xD5, 0xED, 0x37, 0xFE, 0x74, 0xF5, 0x91, 0xDC,
    0x2F, 0xD4, 0xEE, 0xCB, 0xAD, 0xCB, 0xCE, 0xCB, 0xEE, 0xCB, 0x2F, 0xD4, 0x0E, 0xCC, 0x0F, 0xD4,
    0x0F, 0xD4, 0xEE, 0xCB, 0x0E, 0xD4, 0x0E, 0xCC, 0x2E, 0xD4, 0x90, 0xD4, 0x33, 0xE5, 0xD5, 0xF5,
    0xB4, 0xE5, 0xF5, 0xED, 0xED, 0xAB, 0xC1, 0x30, 0x23, 0x31, 0x03, 0x29, 0x03, 0x29, 0x03, 0x29,
    0x24, 0x29, 0x44, 0x29, 0x64, 0x29, 0x64, 0x39, 0x70, 0xAC, 0xF6, 0xED, 0x94, 0xE5, 0x94, 0xE5,
    0x94, 0xE5, 0x94, 0xE5, 0x94, 0xE5, 0x94, 0xE5, 0x94, 0xE5, 0xB5, 0xE5, 0x94, 0xE5, 0x94, 0xDD,
    0xB4, 0xDD, 0xB4, 0xE5, 0x74, 0xDD, 0x94, 0xDD, 0x95, 0xE5, 0xB5, 0xDD, 0x95, 0xE5, 0x33, 0xD5,
    0xCE, 0xAB, 0x0F, 0xAC, 0x70, 0xB4, 0xF2, 0xB4, 0x37, 0xCE, 0xFB, 0xD6, 0x1C, 0xD7, 0xFB, 0xCE,
    0xFB, 0xCE, 0xFB, 0xCE, 0xFB, 0xCE, 0xFB, 0xCE, 0xFB, 0xCE, 0xFB, 0xCE, 0xFB, 0xCE, 0xFB, 0xCE,
    0xFB, 0xCE, 0xFB, 0xCE, 0xFB, 0xCE, 0xFB, 0xCE, 0xFB, 0xCE, 0xFB, 0xCE, 0xFB, 0xCE, 0xFB, 0xCE,
    0xFB, 0xCE, 0xFB, 0xCE, 0xFB, 0xCE, 0xFB, 0xCE, 0xFB, 0xCE, 0xFB, 0xCE, 0xFB, 0xCE, 0xFB, 0xCE,
    0xFB, 0xCE, 0xFB, 0xCE, 0xFB, 0xCE, 0xFB, 0xCE, 0xFB, 0xCE, 0xFB, 0xCE, 0xFB, 0xCE, 0xFB, 0xCE,
    0xFB, 0xCE, 0xFB, 0xCE, 0xFB, 0xCE, 0xFB, 0xCE, 0xFB, 0xCE, 0xFB, 0xCE, 0xFB, 0xCE, 0xFB, 0xCE,
    0xFB, 0xCE, 0xFB, 0xCE, 0xFB, 0xCE, 0xFB, 0xCE, 0xFB, 0xCE, 0xFB, 0xCE, 0xFB, 0xCE, 0xFB, 0xCE,
    0xDB, 0xCE, 0xDB, 0xCE, 0xDB, 0xCE, 0xDB, 0xCE, 0xFB, 0xC6, 0x93, 0x9D, 0xEA, 0x63, 0xC8, 0x5B,
    0x68, 0x4B, 0x08, 0x3B, 0xB0, 0x7C, 0xDA, 0xC6, 0xDB, 0xC6, 0xFB, 0xCE, 0xDB, 0xCE, 0xDB, 0xCE,
    0xDB, 0xCE, 0xDB, 0xCE, 0xDB, 0xCE, 0xDB, 0xCE, 0xDB, 0xCE, 0xDB, 0xCE, 0xDB, 0xCE, 0xDB, 0xCE,
    0xFB, 0xCE, 0xFB, 0xCE, 0xFB, 0xCE, 0xFB, 0xCE, 0xDB, 0xCE, 0xDB, 0xCE, 0xFB, 0xC6, 0xFB, 0xCE,
    0xFB, 0xCE, 0xFB, 0xC6, 0xDB, 0xC6, 0xDB, 0xCE, 0xDB, 0xCE, 0xFB, 0xD6, 0xFB, 0xDE, 0xFB, 0xDE,
    0xFB, 0xDE, 0xFB, 0xDE, 0xFB, 0xDE, 0xFB, 0xDE, 0xFB, 0xDE, 0x1B, 0xDF, 0x1B, 0xE7, 0xFA, 0xE6,
    0xFA, 0xE6, 0xFA, 0xE6, 0xD9, 0xDE, 0xB9, 0xDE, 0x99, 0xDE, 0x99, 0xDE, 0x99, 0xDE, 0x99, 0xDE,
    0xB9, 0xDE, 0xDA, 0xE6, 0xDA, 0xE6, 0xDA, 0xE6, 0xD9, 0xE6, 0xB9, 0xE6, 0xB9, 0xDE, 0x99, 0xDE,
    0xD9, 0xE6, 0xB9, 0xDE, 0x98, 0xDE, 0x78, 0xD6, 0x58, 0xD6, 0x38, 0xCE, 0x37, 0xCE, 0x37, 0xCE,
    0x37, 0xCE, 0x17, 0xCE, 0x16, 0xCE, 0xF6, 0xCD, 0x17, 0xC6, 0x17, 0xC6, 0x17, 0xC6, 0x17, 0xC6,
    0x17, 0xBE, 0x18, 0xBE, 0x38, 0xBE, 0x18, 0xB6, 0x18, 0xB6, 0xF7, 0xAD, 0xF8, 0xAD, 0xF8, 0xAD,
    0xF8, 0xA5, 0xF8, 0xA5, 0xF8, 0xA5, 0xD7, 0xA5, 0xD7, 0xA5, 0xD7, 0xA5, 0xD7, 0xA5, 0xF7, 0xA5,
    0xF7, 0xA5, 0xD7, 0xA5, 0xF7, 0xAD, 0x17, 0xB6, 0x17, 0xB6, 0x17, 0xBE, 0x17, 0xBE, 0x16, 0xB6,
    0x16, 0xB6, 0x16, 0xB6, 0xF6, 0xBD, 0xF6, 0xBD, 0xF6, 0xBD, 0xF6, 0xB5, 0x17, 0xB6, 0x18, 0xBE,
    0x38, 0xBE, 0x18, 0xBE, 0xF8, 0xBD, 0xD7, 0xB5, 0x96, 0xAD, 0x76, 0xA5, 0x96, 0xA5, 0x96, 0xA5,
    0x76, 0xA5, 0x76, 0x9D, 0x76, 0x9D, 0x76, 0x9D, 0x97, 0xA5, 0x97, 0x9D, 0xB7, 0xA5, 0xB7, 0xA5,
    0x97, 0x9D, 0xB8, 0xA5, 0xD8, 0xAD, 0xF8, 0xB5, 0xF8, 0xB5, 0xD8, 0xB5, 0xD8, 0xB5, 0xB7, 0xAD,
    0xB7, 0xAD, 0xD7, 0xB5, 0xD8, 0xB5, 0xF8, 0xB5, 0xF8, 0xB5, 0xF8, 0xB5, 0xD7, 0xB5, 0x96, 0xAD,
    0x76, 0xAD, 0x76, 0xAD, 0x76, 0xA5, 0x76, 0xA5, 0x76, 0xA5, 0x96, 0xA5, 0x96, 0xA5, 0xB7, 0xAD,
    0xB7, 0xAD, 0xD7, 0xAD, 0xD8, 0xAD, 0xD8, 0xAD, 0xB7, 0xA5, 0x97, 0xA5, 0x97, 0x9D, 0x97, 0x9D,
    0x97, 0x9D, 0x97, 0x9D, 0x97, 0x9D, 0xB7, 0x9D, 0xB7, 0xA5, 0xD8, 0xA5, 0xB8, 0xA5, 0xD8, 0xA5,
    0xD8, 0xAD, 0xD8, 0xAD, 0xD8, 0xAD, 0xD8, 0xA5, 0xD8, 0xA5, 0xD8, 0xAD, 0xD8, 0xAD, 0xF8, 0xAD,
    0x18, 0xAE, 0x19, 0xB6, 0x39, 0xBE, 0x39, 0xBE, 0x58, 0xC6, 0x59, 0xC6, 0x58, 0xCE, 0x17, 0xDE,
    0x36, 0xEE, 0x77, 0xF6, 0x77, 0xF6, 0x77, 0xF6, 0x77, 0xF6, 0x77, 0xF6, 0x36, 0xEE, 0x16, 0xEE,
    0x56, 0xEE, 0x56, 0xEE, 0x16, 0xEE, 0xF5, 0xED, 0xB4, 0xE5, 0xB4, 0xE5, 0xD4, 0xE5, 0x94, 0xE5,
    0x12, 0xCD, 0x07, 0x5A, 0x03, 0x21, 0xE3, 0x18, 0xE3, 0x18, 0xE3, 0x18, 0xE3, 0x18, 0x03, 0x29,
    0x03, 0x31, 0x03, 0x41, 0x2F, 0xB4, 0x16, 0xF6, 0xF5, 0xF5, 0x12, 0xE5, 0x4F, 0xDC, 0xEE, 0xD3,
    0xCD, 0xCB, 0xAD, 0xCB, 0xCE, 0xD3, 0xAD, 0xCB, 0xAD, 0xCB, 0xCD, 0xCB, 0xCE, 0xD3, 0xCD, 0xCB,
    0xCE, 0xCB, 0xEE, 0xD3, 0xED, 0xCB, 0xEE, 0xD3, 0xED, 0xCB, 0xEE, 0xCB, 0x0E, 0xCC, 0xB1, 0xD4,
    0x74, 0xE5, 0xF5, 0xED, 0xF1, 0xCC, 0xE2, 0x40, 0xE2, 0x30, 0xC2, 0x20, 0xC2, 0x20, 0xE3, 0x20,
    0xE3, 0x18, 0x03, 0x19, 0x03, 0x29, 0x85, 0x49, 0x33, 0xCD, 0xD5, 0xE5, 0x94, 0xE5, 0x74, 0xE5,
    0x94, 0xE5, 0x94, 0xE5, 0x73, 0xE5, 0x73, 0xE5, 0x53, 0xDD, 0x74, 0xE5, 0x94, 0xE5, 0xB5, 0xE5,
    0xB5, 0xE5, 0x94, 0xE5, 0x94, 0xE5, 0x74, 0xDD, 0x94, 0xE5, 0x94, 0xDD, 0x95, 0xDD, 0x74, 0xD5,
    0xD6, 0xD5, 0x99, 0xD6, 0xDA, 0xD6, 0x3B, 0xD7, 0x3B, 0xCF, 0x1B, 0xCF, 0xFB, 0xCE, 0x1B, 0xCF,
    0x1B, 0xCF, 0xFB, 0xCE, 0xFB, 0xCE, 0xFB, 0xCE, 0xFB, 0xCE, 0xFB, 0xCE, 0xFB, 0xCE, 0xFB, 0xCE,
    0xFB, 0xCE, 0xFB, 0xCE, 0xFB, 0xCE, 0xFB, 0xCE, 0xFB, 0xCE, 0xFB, 0xCE, 0xFB, 0xCE, 0xFB, 0xCE,
    0xFB, 0xCE, 0xFB, 0xCE, 0xFB, 0xCE, 0xFB, 0xCE, 0xFB, 0xCE, 0xFB, 0xCE, 0xFB, 0xCE, 0xFB, 0xCE,
    0xFB, 0xCE, 0xFB, 0xCE, 0xFB, 0xCE, 0xFB, 0xCE, 0xFB, 0xCE, 0xFB, 0xCE, 0xFB, 0xCE, 0xFB, 0xCE,
    0xFB, 0xCE, 0xFB, 0xCE, 0xFB, 0xCE, 0xFB, 0xCE, 0xFB, 0xCE, 0xFB, 0xCE, 0xFB, 0xCE, 0xFB, 0xCE,
    0xFB, 0xCE, 0xFB, 0xCE, 0xFB, 0xCE, 0xFB, 0xCE, 0xDB, 0xCE, 0xDB, 0xCE, 0xFB, 0xCE, 0xFB, 0xCE,
    0xFB, 0xCE, 0xFB, 0xCE, 0xFB, 0xCE, 0xFB, 0xCE, 0xB9, 0xBE, 0xF0, 0x84, 0xEA, 0x63, 0x88, 0x53,
    0x27, 0x43, 0x07, 0x3B, 0xAB, 0x53, 0x99, 0xBE, 0xFB, 0xCE, 0xDB, 0xCE, 0xDB, 0xCE, 0xDB, 0xCE,
    0xDB, 0xCE, 0xDB, 0xCE, 0xDB, 0xCE, 0xDB, 0xCE, 0xDB, 0xCE, 0xDB, 0xCE, 0xDB, 0xCE, 0xDB, 0xCE,
    0xDB, 0xCE, 0xDB, 0xCE, 0xDB, 0xCE, 0xDB, 0xCE, 0xDB, 0xCE, 0xDB, 0xCE, 0xDB, 0xCE, 0xDB, 0xC6,
    0xDB, 0xC6, 0xDB, 0xC6, 0xDB, 0xCE, 0xFB, 0xD6, 0xFB, 0xDE, 0xFB, 0xDE, 0xFB, 0xE6, 0xFA, 0xE6,
    0xFA, 0xE6, 0xFA, 0xE6, 0xFA, 0xE6, 0xFA, 0xE6, 0xFB, 0xE6, 0xFA, 0xE6, 0xFA, 0xE6, 0xDA, 0xE6,
    0xDA, 0xE6, 0xD9, 0xE6, 0xB9, 0xDE, 0x99, 0xDE, 0x98, 0xDE, 0x98, 0xDE, 0x99, 0xDE, 0xB9, 0xDE,
    0xDA, 0xE6, 0xDA, 0xE6, 0xDA, 0xE6, 0xB9, 0xE6, 0xB9, 0xDE, 0xB9, 0xDE, 0x99, 0xDE, 0x99, 0xDE,
    0xD9, 0xE6, 0x98, 0xDE, 0x78, 0xDE, 0x58, 0xD6, 0x38, 0xD6, 0x37, 0xCE, 0x37, 0xCE, 0x37, 0xCE,
    0x17, 0xCE, 0x37, 0xCE, 0x37, 0xCE, 0xF6, 0xC5, 0xF7, 0xC5, 0x17, 0xC6, 0x17, 0xC6, 0xF7, 0xBD,
    0xF7, 0xBD, 0x17, 0xC6, 0x38, 0xBE, 0x38, 0xBE, 0x18, 0xB6, 0xF8, 0xB5, 0xF8, 0xAD, 0xF8, 0xAD,
    0xF7, 0xAD, 0xF8, 0xAD, 0xF8, 0xA5, 0xF8, 0xA5, 0xF8, 0xAD, 0xF8, 0xA5, 0xF8, 0xA5, 0xF8, 0xA5,
    0xF8, 0xA5, 0xF8, 0xA5, 0xF7, 0xAD, 0x17, 0xAE, 0x17, 0xB6, 0x17, 0xB6, 0x37, 0xBE, 0x57, 0xBE,
    0x58, 0xC6, 0x78, 0xC6, 0x78, 0xC6, 0x57, 0xC6, 0x58, 0xC6, 0x78, 0xC6, 0x58, 0xBE, 0x18, 0xB6,
    0x18, 0xB6, 0x18, 0xBE, 0x18, 0xBE, 0xF8, 0xB5, 0xB7, 0xAD, 0x96, 0xAD, 0x96, 0xA5, 0x96, 0xA5,
    0x76, 0xA5, 0x76, 0x9D, 0x77, 0x9D, 0x97, 0x9D, 0x97, 0x9D, 0x97, 0x9D, 0x97, 0x9D, 0x97, 0x9D,
    0x98, 0xA5, 0xB8, 0xA5, 0xD8, 0xAD, 0xF8, 0xAD, 0xD8, 0xB5, 0xF8, 0xB5, 0xF8, 0xB5, 0xD8, 0xAD,
    0xB7, 0xAD, 0xB7, 0xAD, 0xD7, 0xAD, 0xD8, 0xAD, 0xF8, 0xAD, 0xF8, 0xB5, 0xD8, 0xB5, 0x97, 0xAD,
    0x96, 0xA5, 0x76, 0xA5, 0x76, 0xA5, 0x76, 0xA5, 0x97, 0xAD, 0xB7, 0xA5, 0xB7, 0xA5, 0xD7, 0xAD,
    0xD7, 0xAD, 0xD8, 0xAD, 0xD8, 0xAD, 0xD8, 0xAD, 0xB8, 0xA5, 0xB7, 0xA5, 0xB7, 0xA5, 0x97, 0x9D,
    0x77, 0x9D, 0x97, 0x9D, 0x97, 0x9D, 0xB7, 0x9D, 0xB7, 0xA5, 0xB7, 0xA5, 0xB8, 0xA5, 0xD8, 0xA5,
    0xD8, 0xAD, 0xD8, 0xAD, 0xF8, 0xAD, 0xF8, 0xAD, 0xD8, 0xA5, 0xD8, 0xAD, 0xF8, 0xAD, 0xF8, 0xAD,
    0x18, 0xAE, 0x19, 0xAE, 0x19, 0xB6, 0x39, 0xB6, 0x39, 0xBE, 0x18, 0xBE, 0xF7, 0xC5, 0x37, 0xDE,
    0x77, 0xEE, 0x77, 0xEE, 0x56, 0xEE, 0x56, 0xEE, 0x77, 0xF6, 0x57, 0xF6, 0x36, 0xEE, 0x36, 0xEE,
    0x36, 0xEE, 0x36, 0xEE, 0x36, 0xF6, 0xF5, 0xED, 0xF5, 0xED, 0xD5, 0xED, 0xD4, 0xE5, 0x73, 0xDD,
    0x74, 0xDD, 0xEA, 0x7A, 0xA1, 0x28, 0xA2, 0x20, 0xA1, 0x18, 0xC2, 0x18, 0xC2, 0x20, 0x03, 0x31,
    0x60, 0x28, 0xA5, 0x59, 0xD5, 0xED, 0xF5, 0xF5, 0xD1, 0xDC, 0x2F, 0xD4, 0xED, 0xCB, 0xCD, 0xCB,
    0xAD, 0xC3, 0xCD, 0xCB, 0xCD, 0xCB, 0xAD, 0xD3, 0x8C, 0xCB, 0xAD, 0xCB, 0xAD, 0xCB, 0xCD, 0xD3,
    0xCD, 0xCB, 0xED, 0xD3, 0xCD, 0xCB, 0xED, 0xCB, 0xED, 0xD3, 0x0E, 0xD4, 0x2F, 0xD4, 0x2F, 0xD4,
    0x70, 0xD4, 0x53, 0xE5, 0xF6, 0xED, 0x89, 0x7A, 0x60, 0x28, 0xE3, 0x28, 0xC2, 0x20, 0xE2, 0x20,
    0x03, 0x21, 0x03, 0x21, 0xA1, 0x20, 0x2B, 0x83, 0xD5, 0xED, 0x94, 0xE5, 0xB5, 0xE5, 0x94, 0xE5,
    0x94, 0xE5, 0x94, 0xE5, 0x53, 0xDD, 0x53, 0xDD, 0x73, 0xDD, 0x74, 0xE5, 0xB5, 0xE5, 0x74, 0xDD,
    0x74, 0xE5, 0x74, 0xDD, 0xB5, 0xE5, 0x74, 0xDD, 0x74, 0xDD, 0x94, 0xDD, 0x94, 0xDD, 0x74, 0xD5,
    0x58, 0xD6, 0x1C, 0xD7, 0xFB, 0xCE, 0xFB, 0xCE, 0xFB, 0xCE, 0xFC, 0xCE, 0xFB, 0xCE, 0xFB, 0xCE,
    0xFB, 0xCE, 0xFB, 0xCE, 0xFB, 0xCE, 0xFB, 0xCE, 0xFB, 0xCE, 0xFB, 0xCE, 0xFB, 0xCE, 0xFB, 0xCE,
    0xFB, 0xCE, 0xFB, 0xCE, 0xFB, 0xCE, 0xFB, 0xCE, 0xFB, 0xCE, 0xFB, 0xCE, 0xFB, 0xCE, 0xFB, 0xCE,
    0xFB, 0xCE, 0xFB, 0xCE, 0xFB, 0xCE, 0xFB, 0xCE, 0xFB, 0xCE, 0xFB, 0xCE, 0xFB, 0xCE, 0xFB, 0xCE,
    0xFB, 0xCE, 0xFB, 0xCE, 0xFB, 0xCE, 0xFB, 0xCE, 0xFB, 0xCE, 0xFB, 0xCE, 0xFB, 0xCE, 0xFB, 0xCE,
    0xFB, 0xCE, 0xFB, 0xCE, 0xFB, 0xCE, 0xFB, 0xCE, 0xFB, 0xCE, 0xFB, 0xCE, 0xFB, 0xCE, 0xFB, 0xCE,
    0xFB, 0xCE, 0xFB, 0xCE, 0xFB, 0xCE, 0xFB, 0xCE, 0xFB, 0xCE, 0xFB, 0xCE, 0xFB, 0xCE, 0xFB, 0xCE,
    0xFB, 0xCE, 0xFB, 0xCE, 0xFB, 0xCE, 0xFB, 0xCE, 0x36, 0xAE, 0x6D, 0x74, 0xC9, 0x63, 0x47, 0x4B,
    0x07, 0x43, 0x07, 0x3B, 0x4A, 0x4B, 0x58, 0xAE, 0xFB, 0xCE, 0xDB, 0xCE, 0xFB, 0xCE, 0xDB, 0xCE,
    0xDB, 0xCE, 0xFB, 0xCE, 0xFB, 0xCE, 0xDB, 0xCE, 0xDB, 0xCE, 0xDB, 0xCE, 0xDB, 0xCE, 0xDB, 0xCE,
    0xDB, 0xC6, 0xFB, 0xCE, 0xFB, 0xCE, 0xFB, 0xCE, 0xFB, 0xCE, 0xDB, 0xCE, 0xFB, 0xCE, 0xFB, 0xCE,
    0xFB, 0xCE, 0xFB, 0xCE, 0xFB, 0xD6, 0xFB, 0xDE, 0xFB, 0xE6, 0xFA, 0xE6, 0xDA, 0xE6, 0xDA, 0xE6,
    0xDA, 0xDE, 0xD9, 0xDE, 0xD9, 0xDE, 0xD9, 0xDE, 0xDA, 0xE6, 0xDA, 0xE6, 0xD9, 0xE6, 0xD9, 0xE6,
    0xD9, 0xE6, 0xB9, 0xDE, 0x99, 0xDE, 0x98, 0xDE, 0x78, 0xDE, 0x78, 0xDE, 0xB9, 0xDE, 0xB9, 0xDE,
    0xDA, 0xE6, 0xDA, 0xE6, 0xD9, 0xE6, 0xD9, 0xE6, 0xB9, 0xDE, 0xB9, 0xDE, 0x99, 0xDE, 0x98, 0xDE,
    0xB8, 0xE6, 0x98, 0xDE, 0x78, 0xD6, 0x58, 0xD6, 0x17, 0xCE, 0x17, 0xCE, 0x17, 0xCE, 0x17, 0xCE,
    0x16, 0xCE, 0x37, 0xCE, 0x37, 0xCE, 0xF7, 0xC5, 0xF7, 0xC5, 0xF7, 0xBD, 0xF7, 0xBD, 0xF7, 0xBD,
    0x17, 0xBE, 0x38, 0xC6, 0x38, 0xC6, 0x38, 0xBE, 0x18, 0xBE, 0x18, 0xB6, 0x17, 0xB6, 0xF7, 0xB5,
    0xF7, 0xAD, 0xD7, 0xAD, 0xF7, 0xAD, 0x18, 0xAE, 0x18, 0xAE, 0x18, 0xAE, 0x17, 0xAE, 0xF8, 0xA5,
    0xF8, 0xA5, 0xF8, 0xA5, 0xF7, 0xA5, 0xF8, 0xA5, 0xF8, 0xAD, 0xF7, 0xAD, 0xF7, 0xAD, 0x17, 0xB6,
    0x58, 0xBE, 0xD9, 0xCE, 0xFA, 0xD6, 0xFA, 0xD6, 0xFA, 0xD6, 0xFB, 0xD6, 0xDA, 0xCE, 0x38, 0xBE,
    0x18, 0xB6, 0x18, 0xB6, 0xF7, 0xB5, 0xD7, 0xB5, 0xD7, 0xAD, 0xD7, 0xAD, 0xB6, 0xA5, 0x96, 0xA5,
    0x97, 0xA5, 0x76, 0x9D, 0x76, 0x9D, 0x77, 0x9D, 0x77, 0x9D, 0x77, 0x9D, 0x76, 0x95, 0x77, 0x9D,
    0x98, 0x9D, 0xB8, 0xA5, 0xD8, 0xAD, 0xF8, 0xB5, 0xF8, 0xB5, 0xF8, 0xB5, 0xD8, 0xAD, 0xB8, 0xAD,
    0xB7, 0xA5, 0xB7, 0xA5, 0xB7, 0xA5, 0xD7, 0xA5, 0xD8, 0xAD, 0xD8, 0xAD, 0xD8, 0xAD, 0xB7, 0xAD,
    0x97, 0xA5, 0x97, 0xA5, 0x97, 0xA5, 0x97, 0xA5, 0x97, 0xA5, 0xB7, 0xA5, 0xB7, 0xA5, 0x97, 0xA5,
    0xB7, 0xA5, 0xB7, 0xA5, 0xB7, 0xA5, 0xB7, 0xA5, 0xB7, 0xA5, 0xB8, 0xA5, 0xD8, 0xA5, 0xB7, 0xA5,
    0x97, 0xA5, 0xB7, 0xA5, 0x97, 0xA5, 0x97, 0x9D, 0xB7, 0xA5, 0xB7, 0xA5, 0xB7, 0xA5, 0xD8, 0xA5,
    0xD8, 0xAD, 0xF8, 0xAD, 0xF8, 0xAD, 0xF8, 0xAD, 0xD8, 0xAD, 0xF8, 0xAD, 0xF8, 0xAD, 0xF8, 0xAD,
    0xF8, 0xAD, 0x18, 0xB6, 0x19, 0xB6, 0x39, 0xB6, 0x39, 0xBE, 0x18, 0xBE, 0xF7, 0xC5, 0x78, 0xE6,
    0x77, 0xEE, 0x57, 0xEE, 0x57, 0xF6, 0x57, 0xF6, 0x57, 0xEE, 0x56, 0xEE, 0x36, 0xF6, 0x36, 0xF6,
    0x16, 0xEE, 0x36, 0xEE, 0x16, 0xEE, 0x16, 0xEE, 0xF5, 0xED, 0xD4, 0xE5, 0xF5, 0xED, 0x73, 0xDD,
    0x73, 0xDD, 0xF2, 0xCC, 0xC6, 0x59, 0x81, 0x20, 0x81, 0x20, 0xA1, 0x20, 0xA2, 0x28, 0x60, 0x28,
    0xE2, 0x38, 0xB1, 0xC4, 0x16, 0xFE, 0xB0, 0xDC, 0x2F, 0xD4, 0xEE, 0xCB, 0xCD, 0xCB, 0xCD, 0xC3,
    0xAC, 0xC3, 0xAD, 0xC3, 0xEE, 0xCB, 0xCE, 0xD3, 0x8D, 0xCB, 0xCE, 0xD3, 0xCE, 0xD3, 0xCD, 0xCB,
    0xEE, 0xD3, 0xEE, 0xCB, 0xCD, 0xCB, 0x0E, 0xCC, 0x0E, 0xCC, 0x0E, 0xCC, 0x2E, 0xD4, 0xEE, 0xD3,
    0x2F, 0xD4, 0x70, 0xD4, 0x94, 0xE5, 0x54, 0xDD, 0xC6, 0x61, 0x81, 0x30, 0xA1, 0x28, 0xC1, 0x28,
    0xA2, 0x28, 0xC2, 0x30, 0xC9, 0x7A, 0x73, 0xDD, 0x94, 0xE5, 0x94, 0xE5, 0xB5, 0xE5, 0x94, 0xE5,
    0x94, 0xE5, 0x94, 0xE5, 0x74, 0xDD, 0x94, 0xE5, 0x94, 0xE5, 0x94, 0xE5, 0x94, 0xE5, 0x94, 0xE5,
    0x94, 0xE5, 0x94, 0xE5, 0x94, 0xDD, 0x74, 0xDD, 0x74, 0xE5, 0x74, 0xE5, 0x74, 0xE5, 0x74, 0xDD,
    0xD6, 0xCD, 0xFB, 0xD6, 0x1C, 0xCF, 0xFB, 0xCE, 0xFB, 0xD6, 0xFB, 0xCE, 0xFB, 0xCE, 0xFB, 0xCE,
    0xFB, 0xCE, 0xFB, 0xCE, 0xFB, 0xCE, 0x1B, 0xCF, 0xFB, 0xCE, 0xFB, 0xCE, 0xFB, 0xCE, 0xFB, 0xCE,
    0xFB, 0xCE, 0xFB, 0xCE, 0xFB, 0xCE, 0xFB, 0xCE, 0xFB, 0xCE, 0xFB, 0xCE, 0xFB, 0xCE, 0xFB, 0xCE,
    0xFB, 0xCE, 0xFB, 0xCE, 0xFB, 0xCE, 0xFB, 0xCE, 0xFB, 0xCE, 0xFB, 0xCE, 0xFB, 0xCE, 0xFB, 0xCE,
    0xFB, 0xCE, 0xFB, 0xCE, 0xFB, 0xCE, 0xFB, 0xCE, 0xFB, 0xCE, 0xFB, 0xCE, 0xFB, 0xCE, 0xFB, 0xCE,
    0xFB, 0xCE, 0xFB, 0xCE, 0xFB, 0xCE, 0xFB, 0xCE, 0xFB, 0xCE, 0xFB, 0xCE, 0xFB, 0xCE, 0xFB, 0xCE,
    0xFB, 0xCE, 0xFB, 0xCE, 0xFB, 0xCE, 0xFB, 0xCE, 0xFB, 0xCE, 0xFB, 0xCE, 0xFB, 0xCE, 0xFB, 0xCE,
    0xFB, 0xCE, 0xFB, 0xCE, 0xFB, 0xCE, 0xDA, 0xC6, 0x72, 0x95, 0x0A, 0x64, 0x88, 0x53, 0x07, 0x43,
    0xE7, 0x3A, 0xE7, 0x3A, 0xC8, 0x32, 0x74, 0x95, 0x1B, 0xCF, 0xDB, 0xCE, 0xFB, 0xCE, 0xFB, 0xCE,
    0xFB, 0xCE, 0xFB, 0xCE, 0xFB, 0xCE, 0xFB, 0xCE, 0xFB, 0xCE, 0xFB, 0xCE, 0xFB, 0xCE, 0xFB, 0xCE,
    0xFB, 0xC6, 0x37, 0xB6, 0x73, 0x95, 0xD5, 0xA5, 0xBA, 0xC6, 0xFB, 0xCE, 0xFB, 0xCE, 0xFB, 0xCE,
    0xFB, 0xCE, 0xFB, 0xDE, 0xFB, 0xDE, 0xFA, 0xE6, 0xDA, 0xE6, 0xDA, 0xE6, 0xDA, 0xE6, 0xD9, 0xDE,
    0xB9, 0xDE, 0xB9, 0xDE, 0x99, 0xDE, 0x99, 0xDE, 0x99, 0xDE, 0x99, 0xDE, 0xB9, 0xDE, 0xB9, 0xDE,
    0xB9, 0xDE, 0x99, 0xDE, 0x98, 0xDE, 0x78, 0xDE, 0x78, 0xD6, 0x98, 0xDE, 0xB9, 0xDE, 0xD9, 0xE6,
    0xDA, 0xE6, 0xDA, 0xE6, 0xB9, 0xE6, 0xB9, 0xDE, 0xB9, 0xDE, 0x99, 0xDE, 0x98, 0xDE, 0x78, 0xD6,
    0xB8, 0xE6, 0x98, 0xDE, 0x57, 0xD6, 0x37, 0xD6, 0x17, 0xCE, 0x17, 0xCE, 0x17, 0xCE, 0x17, 0xCE,
    0x16, 0xCE, 0x16, 0xCE, 0x17, 0xCE, 0xF7, 0xC5, 0xD7, 0xBD, 0xD7, 0xBD, 0xD7, 0xBD, 0xF7, 0xBD,
    0x37, 0xC6, 0x38, 0xC6, 0x38, 0xC6, 0x37, 0xC6, 0x38, 0xBE, 0x18, 0xBE, 0x18, 0xB6, 0xF8, 0xB5,
    0xF7, 0xAD, 0xF7, 0xAD, 0xF7, 0xAD, 0x18, 0xAE, 0x18, 0xAE, 0x17, 0xAE, 0x17, 0xAE, 0xF7, 0xA5,
    0xF7, 0xA5, 0xF7, 0xA5, 0xD7, 0xA5, 0xF7, 0xA5, 0xF7, 0xA5, 0xD7, 0xA5, 0xD7, 0xA5, 0xF7, 0xAD,
    0x17, 0xB6, 0x58, 0xBE, 0xDA, 0xCE, 0x1B, 0xDF, 0x3B, 0xDF, 0x1B, 0xD7, 0xFA, 0xD6, 0x58, 0xBE,
    0x17, 0xB6, 0x18, 0xB6, 0xF7, 0xB5, 0xB6, 0xAD, 0x96, 0xA5, 0x96, 0xA5, 0xB6, 0xA5, 0xB6, 0xA5,
    0x96, 0xA5, 0x76, 0x9D, 0x76, 0x9D, 0x76, 0x9D, 0x76, 0x9D, 0x76, 0x9D, 0x56, 0x95, 0x77, 0x95,
    0x97, 0x9D, 0xB7, 0xA5, 0xD8, 0xAD, 0xD8, 0xAD, 0xF8, 0xAD, 0xD8, 0xAD, 0xB8, 0xA5, 0x97, 0xA5,
    0x97, 0xA5, 0x97, 0xA5, 0xB7, 0xA5, 0xB7, 0xA5, 0xD8, 0xA5, 0xD8, 0xAD, 0xD8, 0xAD, 0xB8, 0xAD,
    0x97, 0xA5, 0x97, 0xA5, 0x97, 0xA5, 0x97, 0xA5, 0x97, 0xA5, 0xB7, 0xA5, 0xB7, 0xA5, 0x97, 0xA5,
    0x97, 0xA5, 0xB7, 0xA5, 0xB7, 0xA5, 0x97, 0xA5, 0x97, 0xA5, 0xB8, 0xA5, 0xD8, 0xA5, 0xB8, 0xA5,
    0xB8, 0xA5, 0xB8, 0xA5, 0xB7, 0xA5, 0xB7, 0xA5, 0x97, 0xA5, 0xB7, 0xA5, 0xB8, 0xA5, 0xD8, 0xA5,
    0xF8, 0xAD, 0xF8, 0xAD, 0xF8, 0xAD, 0xF8, 0xAD, 0xD8, 0xAD, 0xF8, 0xAD, 0xF8, 0xAD, 0xF8, 0xAD,
    0xF8, 0xAD, 0xF8, 0xAD, 0x18, 0xAE, 0x18, 0xB6, 0x38, 0xB6, 0x18, 0xBE, 0x37, 0xD6, 0x78, 0xEE,
    0x57, 0xF6, 0x57, 0xF6, 0x57, 0xF6, 0x57, 0xF6, 0x37, 0xF6, 0x57, 0xF6, 0x57, 0xF6, 0x36, 0xF6,
    0x16, 0xEE, 0x16, 0xEE, 0x15, 0xEE, 0xF5, 0xED, 0xD5, 0xE5, 0x36, 0xEE, 0xF5, 0xED, 0xB4, 0xE5,
    0xB4, 0xE5, 0xB5, 0xE5, 0xD2, 0xC4, 0xEA, 0x82, 0x85, 0x51, 0x44, 0x49, 0x44, 0x49, 0x27, 0x6A,
    0xD1, 0xC4, 0x16, 0xFE, 0x90, 0xDC, 0x2F, 0xDC, 0xEE, 0xCB, 0x0E, 0xCC, 0xEE, 0xCB, 0x8C, 0xC3,
    0xA9, 0x9A, 0xEA, 0xAA, 0xCE, 0xC3, 0xCE, 0xCB, 0xCD, 0xCB, 0xEE, 0xD3, 0xEE, 0xD3, 0xEE, 0xD3,
    0x0E, 0xD4, 0x0E, 0xD4, 0xED, 0xCB, 0x4B, 0xB3, 0x4B, 0xB3, 0xED, 0xCB, 0x0E, 0xCC, 0x0E, 0xD4,
    0x0E, 0xD4, 0x0F, 0xD4, 0xB1, 0xD4, 0xB5, 0xE5, 0x53, 0xDD, 0x8D, 0xA3, 0x68, 0x72, 0x27, 0x62,
    0xA9, 0x7A, 0x4F, 0xB4, 0xB5, 0xE5, 0x94, 0xE5, 0xB4, 0xE5, 0xB4, 0xE5, 0xB4, 0xE5, 0xB4, 0xE5,
    0x94, 0xDD, 0x94, 0xE5, 0xB4, 0xE5, 0x94, 0xE5, 0x94, 0xE5, 0x74, 0xE5, 0x94, 0xE5, 0x95, 0xE5,
    0x94, 0xE5, 0x74, 0xE5, 0x95, 0xE5, 0x74, 0xDD, 0x54, 0xDD, 0x74, 0xE5, 0x74, 0xE5, 0x74, 0xDD,
    0x75, 0xD5, 0x99, 0xD6, 0x1C, 0xD7, 0xFB, 0xCE, 0xFB, 0xCE, 0xFB, 0xCE, 0xFB, 0xCE, 0xFB, 0xCE,
    0xFB, 0xCE, 0xFB, 0xCE, 0xFB, 0xD6, 0xFB, 0xD6, 0xFB, 0xCE, 0xFB, 0xCE, 0xFB, 0xCE, 0x1B, 0xCF,
    0x1B, 0xCF, 0x1B, 0xCF, 0x1B, 0xCF, 0x1B, 0xCF, 0x1B, 0xCF, 0xFB, 0xCE, 0xFB, 0xCE, 0x1B, 0xCF,
    0x1B, 0xCF, 0xFB, 0xCE, 0xFB, 0xCE, 0xFB, 0xCE, 0xFB, 0xCE, 0xFB, 0xCE, 0x1B, 0xCF, 0x1B, 0xCF,
    0x1B, 0xCF, 0x1B, 0xCF, 0x1B, 0xCF, 0xFB, 0xCE, 0xFB, 0xCE, 0xFB, 0xCE, 0xFB, 0xCE, 0xFB, 0xCE,
    0xFB, 0xCE, 0xFB, 0xCE, 0xFB, 0xCE, 0xFB, 0xCE, 0xFB, 0xCE, 0xFB, 0xCE, 0xFB, 0xCE, 0xFB, 0xCE,
    0xFB, 0xCE, 0xFB, 0xCE, 0xFB, 0xCE, 0xFB, 0xCE, 0xFB, 0xCE, 0xFB, 0xCE, 0xFB, 0xCE, 0xFB, 0xCE,
    0xFB, 0xCE, 0xFB, 0xCE, 0x1B, 0xCF, 0x37, 0xAE, 0x6D, 0x74, 0xEA, 0x63, 0x68, 0x53, 0xE7, 0x3A,
    0xA6, 0x32, 0xC7, 0x32, 0x67, 0x2A, 0x91, 0x74, 0xFB, 0xC6, 0xFB, 0xCE, 0xFB, 0xCE, 0xFB, 0xCE,
    0xFB, 0xCE, 0xFB, 0xCE, 0xFB, 0xCE, 0xFB, 0xCE, 0xFB, 0xCE, 0xFB, 0xCE, 0xDB, 0xCE, 0x1B, 0xCF,
    0x78, 0xB6, 0xEC, 0x63, 0xE6, 0x42, 0x08, 0x43, 0xF1, 0x84, 0xDA, 0xC6, 0xFB, 0xCE, 0xDB, 0xCE,
    0xFB, 0xD6, 0x1B, 0xDF, 0xFA, 0xE6, 0xDA, 0xE6, 0xD9, 0xE6, 0xD9, 0xE6, 0xB9, 0xDE, 0xB9, 0xDE,
    0xB9, 0xDE, 0x99, 0xDE, 0x98, 0xDE, 0x98, 0xDE, 0x98, 0xDE, 0x98, 0xDE, 0x98, 0xDE, 0x98, 0xDE,
    0x78, 0xD6, 0x78, 0xD6, 0x78, 0xD6, 0x58, 0xD6, 0x77, 0xD6, 0xB9, 0xDE, 0xD9, 0xE6, 0xBA, 0xE6,
    0xBA, 0xE6, 0xD9, 0xE6, 0xB9, 0xE6, 0xB9, 0xDE, 0x99, 0xDE, 0x99, 0xDE, 0x78, 0xD6, 0x78, 0xD6,
    0xB8, 0xE6, 0x98, 0xDE, 0x57, 0xD6, 0x37, 0xCE, 0x17, 0xCE, 0x17, 0xCE, 0x17, 0xCE, 0x17, 0xCE,
    0xF6, 0xCD, 0xF6, 0xC5, 0xF7, 0xC5, 0xD6, 0xBD, 0xD7, 0xB5, 0xD7, 0xB5, 0xB7, 0xB5, 0xF7, 0xBD,
    0x37, 0xC6, 0x37, 0xC6, 0x37, 0xC6, 0x37, 0xC6, 0x17, 0xBE, 0x17, 0xBE, 0x18, 0xB6, 0xF7, 0xB5,
    0xF7, 0xAD, 0xD7, 0xA5, 0xF7, 0xAD, 0x17, 0xAE, 0x17, 0xAE, 0x17, 0xAE, 0xF7, 0xAD, 0xF7, 0xA5,
    0xD7, 0xA5, 0xD7, 0xA5, 0xD7, 0xA5, 0xD7, 0xA5, 0xD7, 0xA5, 0xD7, 0xA5, 0xD7, 0xA5, 0xD7, 0xAD,
    0xF6, 0xAD, 0x17, 0xB6, 0x99, 0xC6, 0xFA, 0xD6, 0x1B, 0xD7, 0x3B, 0xDF, 0x1B, 0xD7, 0x78, 0xC6,
    0xF7, 0xAD, 0xF7, 0xB5, 0xD7, 0xAD, 0xB6, 0xAD, 0x96, 0xA5, 0x96, 0xA5, 0x96, 0xA5, 0x96, 0x9D,
    0x76, 0x9D, 0x56, 0x9D, 0x56, 0x95, 0x56, 0x95, 0x56, 0x95, 0x36, 0x95, 0x36, 0x95, 0x56, 0x95,
    0x97, 0x9D, 0x97, 0xA5, 0xB7, 0xA5, 0xD8, 0xAD, 0xB7, 0xAD, 0xB7, 0xA5, 0xB7, 0xA5, 0xB7, 0xA5,
    0x97, 0xA5, 0xB7, 0xA5, 0xB7, 0xA5, 0xB7, 0xA5, 0xB7, 0xA5, 0xB7, 0xA5, 0xD8, 0xAD, 0xB7, 0xA5,
    0x97, 0x9D, 0x76, 0x9D, 0x76, 0x9D, 0x97, 0xA5, 0xB7, 0xA5, 0xB7, 0xA5, 0x96, 0x9D, 0x76, 0x9D,
    0x96, 0x9D, 0x96, 0x9D, 0x97, 0x9D, 0x97, 0xA5, 0x97, 0xA5, 0x97, 0xA5, 0xB7, 0xA5, 0xB7, 0xA5,
    0xB8, 0xA5, 0xB8, 0xA5, 0xB7, 0xA5, 0xB7, 0xA5, 0x97, 0xA5, 0xB7, 0xA5, 0xB8, 0xA5, 0xD8, 0xAD,
    0xF8, 0xAD, 0xF8, 0xAD, 0x18, 0xAE, 0xF8, 0xAD, 0xD8, 0xA5, 0xF8, 0xAD, 0xF8, 0xB5, 0xF8, 0xB5,
    0x18, 0xAE, 0xF8, 0xAD, 0xF8, 0xAD, 0x18, 0xB6, 0x18, 0xB6, 0x18, 0xC6, 0x58, 0xDE, 0x77, 0xF6,
    0x56, 0xF6, 0x57, 0xF6, 0x36, 0xF6, 0x36, 0xF6, 0x36, 0xF6, 0x36, 0xF6, 0x36, 0xF6, 0x36, 0xEE,
    0xF5, 0xED, 0xF5, 0xED, 0xF5, 0xED, 0x36, 0xF6, 0x36, 0xF6, 0x16, 0xEE, 0x16, 0xEE, 0xF5, 0xE5,
    0xD5, 0xE5, 0xB4, 0xE5, 0xD5, 0xE5, 0xD5, 0xE5, 0x53, 0xD5, 0xF2, 0xCC, 0x12, 0xCD, 0x32, 0xD5,
    0x15, 0xF6, 0x73, 0xED, 0x0E, 0xCC, 0xAD, 0xCB, 0xCE, 0xCB, 0xEE, 0xCB, 0xAD, 0xC3, 0x85, 0x71,
    0x61, 0x48, 0xA1, 0x50, 0xCA, 0x9A, 0xEE, 0xCB, 0xEE, 0xCB, 0xEE, 0xCB, 0xEE, 0xD3, 0x0E, 0xD4,
    0x2E, 0xD4, 0xEE, 0xCB, 0x27, 0x92, 0xC2, 0x60, 0xE2, 0x60, 0xCA, 0xA2, 0xCD, 0xCB, 0x0E, 0xD4,
    0xEE, 0xD3, 0xEE, 0xD3, 0x0F, 0xCC, 0x53, 0xDD, 0x94, 0xE5, 0xB5, 0xED, 0xB5, 0xE5, 0x94, 0xDD,
    0xD5, 0xE5, 0xD5, 0xE5, 0x94, 0xE5, 0x94, 0xE5, 0x94, 0xE5, 0x94, 0xE5, 0x94, 0xE5, 0x94, 0xE5,
    0x94, 0xDD, 0x94, 0xE5, 0x94, 0xE5, 0xB4, 0xE5, 0x94, 0xE5, 0x94, 0xE5, 0x95, 0xE5, 0x94, 0xE5,
    0x74, 0xE5, 0x54, 0xDD, 0x54, 0xDD, 0x94, 0xE5, 0x53, 0xDD, 0x13, 0xDD, 0x54, 0xDD, 0x74, 0xDD,
    0x75, 0xD5, 0x58, 0xD6, 0x1B, 0xD7, 0xFB, 0xCE, 0x1B, 0xCF, 0xFB, 0xCE, 0xFB, 0xCE, 0xFB, 0xCE,
    0xFB, 0xCE, 0xFB, 0xCE, 0xFB, 0xD6, 0xFB, 0xD6, 0xFB, 0xD6, 0xFB, 0xD6, 0xFB, 0xD6, 0xFB, 0xCE,
    0xFB, 0xCE, 0xFB, 0xCE, 0xFB, 0xCE, 0xFB, 0xCE, 0xFB, 0xCE, 0xFB, 0xCE, 0xFB, 0xCE, 0xFB, 0xCE,
    0xFB, 0xCE, 0xFB, 0xCE, 0xFB, 0xCE, 0xFB, 0xCE, 0xFB, 0xCE, 0xFB, 0xCE, 0xFB, 0xCE, 0xFB, 0xCE,
    0x1B, 0xCF, 0x1B, 0xCF, 0xFB, 0xCE, 0xFB, 0xCE, 0xFB, 0xCE, 0xFB, 0xCE, 0xFB, 0xCE, 0xFB, 0xCE,
    0xFB, 0xCE, 0xFB, 0xCE, 0xFB, 0xCE, 0xFB, 0xCE, 0xFB, 0xCE, 0xFB, 0xCE, 0xFB, 0xCE, 0xFB, 0xCE,
    0xFB, 0xCE, 0xFB, 0xCE, 0xFB, 0xCE, 0xFB, 0xCE, 0xFB, 0xCE, 0xFB, 0xCE, 0xFB, 0xCE, 0xFB, 0xCE,
    0xFB, 0xCE, 0xFB, 0xCE, 0xD9, 0xC6, 0x31, 0x8D, 0x0B, 0x64, 0xCA, 0x5B, 0x28, 0x4B, 0xE8, 0x42,
    0xC7, 0x3A, 0xA7, 0x32, 0x87, 0x2A, 0xAD, 0x53, 0x99, 0xBE, 0xFB, 0xCE, 0xFB, 0xCE, 0xFB, 0xCE,
    0xFB, 0xCE, 0xFB, 0xCE, 0xFB, 0xCE, 0xFB, 0xCE, 0xFB, 0xCE, 0xFB, 0xCE, 0xFB, 0xCE, 0xFA, 0xCE,
    0x11, 0x8D, 0x06, 0x4B, 0x46, 0x4B, 0xC5, 0x32, 0x86, 0x32, 0x90, 0x7C, 0xBA, 0xC6, 0xFB, 0xD6,
    0xFA, 0xDE, 0xFA, 0xE6, 0xDA, 0xE6, 0xDA, 0xE6, 0xD9, 0xE6, 0xB9, 0xDE, 0xB9, 0xDE, 0xB9, 0xDE,
    0x98, 0xDE, 0x98, 0xDE, 0x78, 0xD6, 0x78, 0xD6, 0x58, 0xD6, 0x58, 0xD6, 0x58, 0xD6, 0x58, 0xD6,
    0x37, 0xD6, 0x57, 0xD6, 0x37, 0xD6, 0x35, 0xCE, 0xF3, 0xC5, 0xF4, 0xC5, 0x77, 0xD6, 0xD9, 0xE6,
    0xB9, 0xE6, 0xB9, 0xDE, 0xB9, 0xDE, 0xB9, 0xDE, 0x99, 0xDE, 0x78, 0xDE, 0x78, 0xD6, 0x58, 0xD6,
    0xB8, 0xDE, 0x78, 0xDE, 0x57, 0xD6, 0x17, 0xCE, 0x17, 0xCE, 0xF7, 0xCD, 0x17, 0xCE, 0x17, 0xCE,
    0xF6, 0xCD, 0xD6, 0xC5, 0xD6, 0xBD, 0xB6, 0xB5, 0xB7, 0xB5, 0xB7, 0xAD, 0xB7, 0xAD, 0xD7, 0xBD,
    0x17, 0xC6, 0x37, 0xC6, 0x17, 0xC6, 0x17, 0xC6, 0x17, 0xBE, 0xF7, 0xBD, 0xF7, 0xB5, 0xF7, 0xAD,
    0xD7, 0xAD, 0xB6, 0xA5, 0xB6, 0xA5, 0xD7, 0xAD, 0xF7, 0xAD, 0xF7, 0xAD, 0xF7, 0xAD, 0xD7, 0xAD,
    0xD7, 0xA5, 0xD7, 0xA5, 0xB7, 0xA5, 0xB6, 0xA5, 0xB6, 0xA5, 0xB6, 0xA5, 0xB6, 0xA5, 0xB6, 0xA5,
    0xD6, 0xAD, 0x17, 0xB6, 0x99, 0xC6, 0xFA, 0xD6, 0x3B, 0xDF, 0x3B, 0xDF, 0x1B, 0xDF, 0xBA, 0xCE,
    0xF7, 0xB5, 0xD6, 0xAD, 0xB6, 0xAD, 0xB6, 0xA5, 0xB6, 0xA5, 0x95, 0xA5, 0x75, 0x9D, 0x55, 0x9D,
    0x55, 0x95, 0x35, 0x95, 0x35, 0x95, 0x35, 0x95, 0x15, 0x95, 0x15, 0x8D, 0x35, 0x8D, 0x56, 0x95,
    0x76, 0x9D, 0x97, 0x9D, 0x97, 0xA5, 0xB7, 0xA5, 0x97, 0xA5, 0x96, 0xA5, 0x97, 0x9D, 0x97, 0xA5,
    0xB7, 0xA5, 0xB7, 0xA5, 0x97, 0x9D, 0x97, 0xA5, 0xB7, 0xA5, 0xB7, 0xA5, 0xB7, 0xA5, 0xB7, 0xA5,
    0x76, 0x9D, 0x76, 0x9D, 0x76, 0x9D, 0x97, 0x9D, 0x97, 0x9D, 0x96, 0x9D, 0x76, 0x9D, 0x76, 0x9D,
    0x76, 0x9D, 0x76, 0x9D, 0x97, 0x9D, 0x97, 0x9D, 0x97, 0x9D, 0x97, 0x9D, 0x97, 0xA5, 0x97, 0xA5,
    0xB7, 0xA5, 0xB7, 0xA5, 0xB7, 0xA5, 0x97, 0xA5, 0x97, 0x9D, 0x97, 0xA5, 0xB8, 0xA5, 0xD8, 0xAD,
    0xF8, 0xAD, 0xF8, 0xAD, 0x18, 0xAE, 0x18, 0xAE, 0xF8, 0xAD, 0xF8, 0xAD, 0x18, 0xB6, 0x19, 0xB6,
    0x39, 0xB6, 0x39, 0xB6, 0x18, 0xB6, 0x38, 0xB6, 0x18, 0xBE, 0x17, 0xC6, 0x98, 0xEE, 0x77, 0xF6,
    0x36, 0xF6, 0x36, 0xF6, 0x36, 0xF6, 0x16, 0xF6, 0x16, 0xF6, 0x16, 0xEE, 0x16, 0xF6, 0x36, 0xF6,
    0x16, 0xEE, 0xF6, 0xF5, 0xF5, 0xED, 0x16, 0xEE, 0xF5, 0xED, 0xD5, 0xED, 0x16, 0xEE, 0xF5, 0xED,
    0xF5, 0xED, 0xD5, 0xED, 0xF5, 0xED, 0xF5, 0xE5, 0x36, 0xEE, 0x36, 0xEE, 0x16, 0xEE, 0xD4, 0xE5,
    0x15, 0xF6, 0xF1, 0xDC, 0x0E, 0xCC, 0xAD, 0xCB, 0xCD, 0xC3, 0x0E, 0xCC, 0xC6, 0x81, 0x00, 0x38,
    0x41, 0x40, 0x20, 0x38, 0x04, 0x61, 0xCE, 0xC3, 0x2E, 0xCC, 0x2F, 0xD4, 0x0E, 0xD4, 0x0E, 0xD4,
    0x70, 0xDC, 0xEA, 0xAA, 0x20, 0x48, 0x20, 0x48, 0x00, 0x38, 0xA2, 0x50, 0x2B, 0xAB, 0xEE, 0xD3,
    0xEE, 0xD3, 0xCE, 0xCB, 0x0F, 0xD4, 0xD2, 0xD4, 0x94, 0xE5, 0x74, 0xE5, 0x94, 0xE5, 0x74, 0xE5,
    0x94, 0xE5, 0x53, 0xDD, 0x73, 0xE5, 0x73, 0xE5, 0x53, 0xE5, 0x53, 0xE5, 0x74, 0xE5, 0x74, 0xE5,
    0x74, 0xE5, 0x94, 0xE5, 0x74, 0xDD, 0x94, 0xE5, 0x95, 0xE5, 0x95, 0xE5, 0x95, 0xE5, 0x94, 0xE5,
    0x74, 0xE5, 0x74, 0xE5, 0x54, 0xDD, 0x53, 0xDD, 0x74, 0xE5, 0x33, 0xDD, 0x53, 0xDD, 0x74, 0xDD,
    0x74, 0xD5, 0xF6, 0xCD, 0xFB, 0xD6, 0x1B, 0xCF, 0x1B, 0xCF, 0x1B, 0xD7, 0x1B, 0xD7, 0x1B, 0xD7,
    0x1B, 0xD7, 0x1B, 0xD7, 0xFB, 0xD6, 0xFB, 0xD6, 0xFB, 0xD6, 0xFB, 0xD6, 0xFB, 0xD6, 0xFB, 0xCE,
    0xFB, 0xCE, 0xFB, 0xCE, 0xFB, 0xCE, 0xFB, 0xCE, 0xFB, 0xCE, 0xFB, 0xCE, 0xFB, 0xCE, 0xFB, 0xCE,
    0xFB, 0xCE, 0xFB, 0xCE, 0xFB, 0xCE, 0xFB, 0xCE, 0xFB, 0xCE, 0xFB, 0xCE, 0xFB, 0xCE, 0xFB, 0xCE,
    0xFB, 0xCE, 0xFB, 0xCE, 0xFB, 0xCE, 0xFB, 0xCE, 0xFB, 0xCE, 0xFB, 0xCE, 0xFB, 0xCE, 0xFB, 0xCE,
    0xFB, 0xCE, 0xFB, 0xCE, 0xFB, 0xCE, 0xFB, 0xCE, 0xFB, 0xCE, 0xFB, 0xCE, 0xFB, 0xCE, 0xFB, 0xCE,
    0xFB, 0xCE, 0xFB, 0xCE, 0xFB, 0xCE, 0xFB, 0xCE, 0xFB, 0xCE, 0xFB, 0xCE, 0xFB, 0xCE, 0xFB, 0xCE,
    0xFB, 0xCE, 0xFB, 0xCE, 0x57, 0xB6, 0x4D, 0x74, 0xCA, 0x5B, 0x89, 0x53, 0x08, 0x43, 0xC7, 0x3A,
    0xA7, 0x32, 0x87, 0x2A, 0x67, 0x2A, 0x4B, 0x4B, 0x58, 0xB6, 0xFB, 0xCE, 0xFB, 0xCE, 0xFB, 0xCE,
    0xFB, 0xCE, 0xFB, 0xCE, 0xFB, 0xCE, 0xFB, 0xCE, 0xFB, 0xCE, 0xFB, 0xCE, 0x1B, 0xCF, 0x77, 0xB6,
    0xC9, 0x5B, 0x25, 0x4B, 0x25, 0x43, 0xA5, 0x32, 0x04, 0x22, 0x26, 0x2A, 0x53, 0x9D, 0x1B, 0xE7,
    0xDA, 0xE6, 0xD9, 0xE6, 0xDA, 0xE6, 0xD9, 0xE6, 0xB9, 0xDE, 0xB9, 0xDE, 0xB9, 0xDE, 0x98, 0xDE,
    0x78, 0xD6, 0x78, 0xD6, 0x57, 0xD6, 0x37, 0xCE, 0x37, 0xCE, 0x37, 0xCE, 0x37, 0xCE, 0x17, 0xCE,
    0x17, 0xCE, 0x17, 0xCE, 0x15, 0xCE, 0x70, 0xB5, 0xCB, 0x94, 0x29, 0x7C, 0xCE, 0x9C, 0x97, 0xD6,
    0xD9, 0xE6, 0xB9, 0xDE, 0xB9, 0xDE, 0x99, 0xDE, 0x98, 0xDE, 0x78, 0xD6, 0x57, 0xD6, 0x37, 0xD6,
    0xB8, 0xDE, 0x77, 0xD6, 0x57, 0xD6, 0x17, 0xCE, 0xF7, 0xCD, 0xF6, 0xC5, 0xF6, 0xCD, 0x16, 0xCE,
    0xF7, 0xC5, 0xD6, 0xC5, 0xD6, 0xC5, 0xB6, 0xBD, 0x96, 0xB5, 0x96, 0xAD, 0x95, 0xAD, 0xB5, 0xB5,
    0xB3, 0xB5, 0xD4, 0xB5, 0x17, 0xC6, 0x18, 0xC6, 0xF7, 0xBD, 0xF7, 0xBD, 0xD7, 0xB5, 0xB7, 0xAD,
    0xB6, 0xA5, 0x96, 0xA5, 0x96, 0xA5, 0xB6, 0xA5, 0xD7, 0xAD, 0xD7, 0xAD, 0xD7, 0xAD, 0xB6, 0xA5,
    0xB6, 0xA5, 0xB6, 0xA5, 0xB6, 0xA5, 0xB6, 0xA5, 0x96, 0x9D, 0xB6, 0xA5, 0xB6, 0xA5, 0xB6, 0xA5,
    0xB6, 0xA5, 0x17, 0xB6, 0x78, 0xC6, 0xFA, 0xD6, 0x3B, 0xDF, 0x3B, 0xDF, 0x3B, 0xDF, 0x1B, 0xD7,
    0x58, 0xBE, 0xD6, 0xAD, 0xB6, 0xAD, 0xB5, 0xA5, 0x95, 0xA5, 0x95, 0xA5, 0x75, 0x9D, 0x55, 0x9D,
    0x54, 0x95, 0x34, 0x95, 0x14, 0x95, 0x35, 0x95, 0x15, 0x95, 0x14, 0x8D, 0x35, 0x95, 0x55, 0x95,
    0x56, 0x9D, 0x76, 0x9D, 0x96, 0x9D, 0x97, 0x9D, 0x76, 0x9D, 0x96, 0x9D, 0x76, 0x9D, 0x96, 0x9D,
    0x76, 0x9D, 0x96, 0x9D, 0x97, 0x9D, 0x97, 0x9D, 0xB7, 0xA5, 0xB7, 0xA5, 0xB7, 0xA5, 0x76, 0x9D,
    0x56, 0x95, 0x56, 0x9D, 0x76, 0x9D, 0x76, 0x9D, 0x76, 0x9D, 0x76, 0x9D, 0x76, 0x9D, 0x76, 0x9D,
    0x76, 0x9D, 0x76, 0x9D, 0x76, 0x9D, 0x76, 0x9D, 0x96, 0x9D, 0x97, 0x9D, 0x97, 0x9D, 0x97, 0x9D,
    0x97, 0x9D, 0x97, 0xA5, 0xB7, 0xA5, 0xB7, 0xA5, 0x97, 0xA5, 0x97, 0x9D, 0xB8, 0xA5, 0xD8, 0xAD,
    0xF8, 0xAD, 0xF8, 0xAD, 0x18, 0xAE, 0xF8, 0xAD, 0xF8, 0xAD, 0x18, 0xAE, 0x19, 0xAE, 0x19, 0xB6,
    0x39, 0xB6, 0x39, 0xB6, 0x39, 0xB6, 0x38, 0xB6, 0x17, 0xBE, 0x57, 0xD6, 0x78, 0xEE, 0x36, 0xF6,
    0x57, 0xF6, 0x16, 0xEE, 0x37, 0xF6, 0x36, 0xF6, 0xF6, 0xED, 0x16, 0xF6, 0xF6, 0xF5, 0xD5, 0xED,
    0xD5, 0xED, 0xD5, 0xED, 0xD5, 0xED, 0xB5, 0xED, 0xB4, 0xED, 0xD5, 0xED, 0xB4, 0xED, 0xB4, 0xED,
    0xD5, 0xED, 0xB4, 0xED, 0xD5, 0xED, 0xD4, 0xED, 0xB4, 0xE5, 0x94, 0xE5, 0x73, 0xDD, 0xD5, 0xED,
    0xB4, 0xED, 0x6F, 0xD4, 0xEE, 0xCB, 0xEE, 0xCB, 0x0F, 0xCC, 0xCE, 0xC3, 0x82, 0x58, 0x20, 0x40,
    0x42, 0x40, 0x62, 0x40, 0xA3, 0x50, 0x8D, 0xB3, 0x4F, 0xD4, 0x0E, 0xCC, 0x0F, 0xD4, 0x4F, 0xD4,
    0x90, 0xDC, 0x27, 0x92, 0x20, 0x48, 0x82, 0x50, 0x41, 0x48, 0x00, 0x38, 0x07, 0x8A, 0x0F, 0xD4,
    0xCD, 0xCB, 0xCD, 0xCB, 0xEE, 0xCB, 0x50, 0xD4, 0x54, 0xE5, 0x54, 0xE5, 0x33, 0xE5, 0x33, 0xE5,
    0x33, 0xE5, 0x12, 0xDD, 0x12, 0xDD, 0x13, 0xDD, 0x12, 0xDD, 0xF2, 0xDC, 0x33, 0xE5, 0x33, 0xE5,
    0x33, 0xE5, 0x54, 0xE5, 0x54, 0xE5, 0x54, 0xDD, 0x74, 0xDD, 0x95, 0xE5, 0x94, 0xE5, 0x74, 0xE5,
    0x33, 0xDD, 0x74, 0xE5, 0x54, 0xDD, 0x53, 0xDD, 0x54, 0xE5, 0x54, 0xE5, 0x53, 0xDD, 0x54, 0xDD,
    0x74, 0xD5, 0x95, 0xCD, 0xBA, 0xD6, 0x1B, 0xD7, 0x1B, 0xCF, 0x1B, 0xD7, 0x1B, 0xD7, 0x1B, 0xD7,
    0x1B, 0xD7, 0x1B, 0xD7, 0x1B, 0xD7, 0x1B, 0xD7, 0x1B, 0xD7, 0x1B, 0xD7, 0x1B, 0xD7, 0xFB, 0xD6,
    0xFB, 0xD6, 0xFB, 0xD6, 0xFB, 0xD6, 0xFB, 0xD6, 0xFB, 0xD6, 0xFB, 0xD6, 0xFB, 0xD6, 0xFB, 0xCE,
    0xFB, 0xCE, 0xFB, 0xD6, 0xFB, 0xD6, 0xFB, 0xD6, 0xFB, 0xD6, 0xFB, 0xD6, 0xFB, 0xCE, 0xFB, 0xCE,
    0xFB, 0xCE, 0xFB, 0xCE, 0xFB, 0xCE, 0xFB, 0xCE, 0xFB, 0xCE, 0xFB, 0xCE, 0xFB, 0xCE, 0xFB, 0xCE,
    0xFB, 0xCE, 0xFB, 0xCE, 0xFB, 0xCE, 0xFB, 0xCE, 0xFB, 0xCE, 0xFB, 0xCE, 0xFB, 0xCE, 0xFB, 0xCE,
    0xFB, 0xCE, 0xFB, 0xCE, 0xFB, 0xCE, 0xFB, 0xCE, 0xFB, 0xCE, 0xFB, 0xCE, 0xFB, 0xCE, 0xFB, 0xCE,
    0xFB, 0xCE, 0xDA, 0xC6, 0x52, 0x95, 0xCA, 0x5B, 0xA9, 0x5B, 0x8A, 0x53, 0x08, 0x43, 0xA7, 0x32,
    0x66, 0x2A, 0x47, 0x2A, 0x47, 0x2A, 0xE9, 0x3A, 0x17, 0xAE, 0xFB, 0xCE, 0xFB, 0xCE, 0xFB, 0xCE,
    0xFB, 0xCE, 0xFB, 0xCE, 0xFB, 0xCE, 0xFB, 0xCE, 0xFB, 0xCE, 0xFB, 0xCE, 0x1A, 0xD7, 0x72, 0x9D,
    0x26, 0x4B, 0x25, 0x4B, 0xC5, 0x3A, 0x64, 0x2A, 0xE4, 0x21, 0xA3, 0x19, 0x8C, 0x63, 0xB9, 0xDE,
    0xD9, 0xE6, 0xD9, 0xE6, 0xB9, 0xE6, 0xB9, 0xDE, 0xB9, 0xDE, 0xB9, 0xDE, 0x98, 0xDE, 0x78, 0xD6,
    0x78, 0xD6, 0x57, 0xD6, 0x57, 0xD6, 0x37, 0xCE, 0x17, 0xCE, 0x17, 0xCE, 0x16, 0xCE, 0xF6, 0xCD,
    0xF6, 0xCD, 0x16, 0xCE, 0xD3, 0xC5, 0x0C, 0x9D, 0x88, 0x84, 0xE7, 0x6B, 0x87, 0x63, 0x92, 0xB5,
    0xD9, 0xDE, 0xB9, 0xDE, 0x99, 0xDE, 0x78, 0xDE, 0x78, 0xD6, 0x58, 0xD6, 0x37, 0xD6, 0x17, 0xCE,
    0x98, 0xDE, 0x77, 0xD6, 0x37, 0xD6, 0x17, 0xCE, 0x17, 0xCE, 0xF7, 0xCD, 0xF6, 0xC5, 0xF6, 0xC5,
    0xF6, 0xC5, 0xD6, 0xC5, 0xD6, 0xC5, 0xD6, 0xC5, 0xB6, 0xB5, 0x95, 0xAD, 0x73, 0xAD, 0xEE, 0x9C,
    0x0A, 0x7C, 0x8C, 0x8C, 0xD4, 0xB5, 0x17, 0xC6, 0xF7, 0xBD, 0xF7, 0xBD, 0xD7, 0xB5, 0xB7, 0xAD,
    0xB6, 0xA5, 0x76, 0xA5, 0x75, 0xA5, 0x96, 0xA5, 0xB6, 0xAD, 0xB6, 0xAD, 0x96, 0xA5, 0x96, 0xA5,
    0xB6, 0xA5, 0xB6, 0x9D, 0xB6, 0x9D, 0x96, 0x9D, 0x76, 0x9D, 0x96, 0x9D, 0x96, 0x9D, 0x96, 0x9D,
    0xB5, 0xA5, 0xF6, 0xB5, 0x78, 0xC6, 0xFA, 0xD6, 0x3B, 0xDF, 0x3B, 0xDF, 0x3B, 0xDF, 0x1B, 0xD7,
    0xB9, 0xC6, 0xF6, 0xAD, 0xB5, 0xA5, 0xB5, 0xA5, 0x95, 0xA5, 0x75, 0x9D, 0x75, 0x9D, 0x54, 0x9D,
    0x34, 0x95, 0x34, 0x9D, 0x34, 0x9D, 0x13, 0x95, 0x13, 0x95, 0x13, 0x95, 0x34, 0x95, 0x55, 0x95,
    0x76, 0x9D, 0x56, 0x9D, 0x76, 0x9D, 0x76, 0x9D, 0x76, 0x95, 0x75, 0x95, 0x76, 0x9D, 0x76, 0x9D,
    0x76, 0x9D, 0x76, 0x9D, 0x76, 0x9D, 0x97, 0x9D, 0x97, 0xA5, 0xB7, 0xA5, 0xB7, 0xA5, 0x56, 0x9D,
    0x35, 0x95, 0x56, 0x95, 0x56, 0x9D, 0x56, 0x9D, 0x76, 0x9D, 0x76, 0x9D, 0x76, 0x9D, 0x76, 0x9D,
    0x76, 0x9D, 0x76, 0x9D, 0x76, 0x9D, 0x76, 0x9D, 0x76, 0x9D, 0x76, 0x9D, 0x96, 0x9D, 0x97, 0x9D,
    0x97, 0x9D, 0x97, 0x9D, 0x97, 0x9D, 0x97, 0xA5, 0x97, 0x9D, 0x97, 0x9D, 0xB7, 0xA5, 0xD8, 0xA5,
    0xD8, 0xAD, 0xF8, 0xAD, 0xF8, 0xAD, 0xF8, 0xAD, 0xF8, 0xAD, 0xF8, 0xAD, 0xF8, 0xAD, 0x18, 0xAE,
    0x19, 0xB6, 0x19, 0xB6, 0x18, 0xB6, 0x18, 0xB6, 0x17, 0xC6, 0x78, 0xE6, 0x77, 0xEE, 0x36, 0xF6,
    0x37, 0xF6, 0x36, 0xF6, 0x16, 0xF6, 0x16, 0xF6, 0x16, 0xF6, 0xF6, 0xF5, 0xD5, 0xED, 0xF5, 0xED,
    0xD5, 0xED, 0x94, 0xE5, 0x94, 0xE5, 0x94, 0xED, 0x94, 0xED, 0x73, 0xE5, 0x32, 0xE5, 0x52, 0xE5,
    0x53, 0xE5, 0x12, 0xDD, 0x33, 0xE5, 0x33, 0xE5, 0x53, 0xE5, 0x53, 0xE5, 0x12, 0xDD, 0xD5, 0xF5,
    0x73, 0xED, 0x0E, 0xCC, 0x0E, 0xCC, 0xEE, 0xCB, 0x2F, 0xD4, 0x8D, 0xC3, 0x82, 0x58, 0x82, 0x50,
    0x82, 0x50, 0x82, 0x48, 0xC3, 0x58, 0x8D, 0xB3, 0x2F, 0xCC, 0x0E, 0xD4, 0x0E, 0xD4, 0x0E, 0xD4,
    0x70, 0xDC, 0x47, 0x92, 0x61, 0x58, 0xA2, 0x58, 0x82, 0x50, 0x21, 0x40, 0xA6, 0x71, 0x2F, 0xCC,
    0xEE, 0xCB, 0xEE, 0xCB, 0xED, 0xCB, 0x0F, 0xCC, 0x12, 0xDD, 0xF2, 0xDC, 0xD1, 0xDC, 0xF1, 0xDC,
    0xF1, 0xDC, 0xF2, 0xDC, 0x12, 0xE5, 0xF2, 0xDC, 0xF2, 0xDC, 0xF2, 0xDC, 0xF2, 0xDC, 0xF2, 0xDC,
    0x12, 0xDD, 0x33, 0xE5, 0x13, 0xDD, 0x33, 0xDD, 0x53, 0xE5, 0x54, 0xDD, 0x54, 0xDD, 0x74, 0xE5,
    0x54, 0xE5, 0x54, 0xE5, 0x34, 0xE5, 0x33, 0xDD, 0x53, 0xDD, 0x74, 0xE5, 0x33, 0xDD, 0x33, 0xDD,
    0x54, 0xDD, 0x74, 0xD5, 0x58, 0xD6, 0x1B, 0xD7, 0xFB, 0xD6, 0x1B, 0xD7, 0x1B, 0xD7, 0x1B, 0xD7,
    0x1B, 0xD7, 0x1B, 0xD7, 0xFB, 0xD6, 0xFB, 0xD6, 0x1B, 0xD7, 0x1B, 0xD7, 0xFB, 0xD6, 0xFB, 0xD6,
    0xFB, 0xD6, 0x1B, 0xD7, 0x1B, 0xD7, 0x1B, 0xD7, 0x1B, 0xD7, 0x1B, 0xD7, 0xFB, 0xD6, 0xFB, 0xD6,
    0xFB, 0xD6, 0xFB, 0xD6, 0xFB, 0xD6, 0xFB, 0xD6, 0xFB, 0xD6, 0xFB, 0xD6, 0xFB, 0xD6, 0xFB, 0xD6,
    0xFB, 0xD6, 0xFB, 0xD6, 0xFB, 0xD6, 0x1B, 0xCF, 0x1B, 0xCF, 0x1B, 0xCF, 0x1B, 0xCF, 0x1B, 0xCF,
    0xFB, 0xD6, 0xFB, 0xD6, 0xFB, 0xCE, 0xFB, 0xCE, 0xFB, 0xCE, 0x1B, 0xCF, 0x1B, 0xCF, 0xFB, 0xCE,
    0xFB, 0xCE, 0xFB, 0xCE, 0xFB, 0xD6, 0xFB, 0xD6, 0xFB, 0xCE, 0xFB, 0xCE, 0xFB, 0xCE, 0xFB, 0xCE,
    0xFB, 0xCE, 0x57, 0xB6, 0x6E, 0x74, 0xC9, 0x5B, 0xA9, 0x5B, 0xAA, 0x5B, 0x28, 0x4B, 0xC7, 0x3A,
    0x87, 0x2A, 0x67, 0x2A, 0x67, 0x2A, 0xA8, 0x32, 0xD6, 0xA5, 0x1C, 0xD7, 0xFB, 0xCE, 0xFB, 0xCE,
    0xFB, 0xCE, 0xFB, 0xCE, 0xFB, 0xCE, 0xFB, 0xCE, 0xFB, 0xCE, 0xFB, 0xCE, 0xFA, 0xCE, 0xAE, 0x84,
    0x05, 0x43, 0xE4, 0x42, 0x64, 0x32, 0x23, 0x2A, 0x04, 0x22, 0xE4, 0x19, 0xC8, 0x4A, 0x57, 0xCE,
    0xFA, 0xE6, 0xD9, 0xE6, 0xB9, 0xDE, 0xB9, 0xDE, 0xB9, 0xDE, 0x98, 0xDE, 0x98, 0xDE, 0x78, 0xD6,
    0x58, 0xD6, 0x57, 0xD6, 0x37, 0xCE, 0x37, 0xCE, 0x17, 0xCE, 0x17, 0xCE, 0xF6, 0xCD, 0xD6, 0xCD,
    0xD6, 0xCD, 0xF5, 0xC5, 0x90, 0xB5, 0xEA, 0x94, 0x87, 0x7C, 0xE6, 0x63, 0x45, 0x53, 0x6D, 0x8C,
    0xB8, 0xDE, 0x98, 0xDE, 0x78, 0xDE, 0x58, 0xDE, 0x58, 0xD6, 0x37, 0xD6, 0x17, 0xD6, 0xF6, 0xCD,
    0x97, 0xDE, 0x57, 0xD6, 0x37, 0xD6, 0x16, 0xCE, 0xF6, 0xCD, 0xF7, 0xC5, 0xF6, 0xC5, 0xD6, 0xC5,
    0xD7, 0xBD, 0xD7, 0xBD, 0xD6, 0xBD, 0xD6, 0xBD, 0xB6, 0xB5, 0x95, 0xB5, 0x51, 0xAD, 0x4A, 0x84,
    0x65, 0x5B, 0x87, 0x5B, 0xEF, 0x8C, 0x17, 0xC6, 0xF7, 0xBD, 0xF7, 0xBD, 0xD7, 0xB5, 0xB6, 0xAD,
    0x96, 0xA5, 0x76, 0xA5, 0x76, 0xA5, 0x76, 0xA5, 0x96, 0xA5, 0x96, 0xA5, 0x95, 0x9D, 0x96, 0x9D,
    0x96, 0x9D, 0x96, 0x9D, 0x95, 0x9D, 0x95, 0x9D, 0x95, 0x9D, 0x95, 0x9D, 0x95, 0x9D, 0x95, 0xA5,
    0x95, 0xA5, 0xD6, 0xAD, 0x37, 0xBE, 0xDA, 0xCE, 0x3B, 0xDF, 0x3B, 0xDF, 0x3B, 0xDF, 0x3B, 0xDF,
    0x1B, 0xD7, 0x78, 0xC6, 0xF6, 0xAD, 0xB5, 0xA5, 0x75, 0xA5, 0x75, 0xA5, 0x54, 0x9D, 0x34, 0x9D,
    0x33, 0x9D, 0x13, 0x9D, 0x13, 0x95, 0x13, 0x95, 0xF2, 0x94, 0xF2, 0x8C, 0x34, 0x95, 0x35, 0x95,
    0x56, 0x9D, 0x56, 0x9D, 0x55, 0x9D, 0x75, 0x9D, 0x55, 0x95, 0x55, 0x95, 0x55, 0x95, 0x55, 0x9D,
    0x55, 0x95, 0x56, 0x9D, 0x56, 0x9D, 0x76, 0x9D, 0x96, 0x9D, 0x96, 0x9D, 0x96, 0x9D, 0x55, 0x95,
    0x35, 0x95, 0x55, 0x95, 0x55, 0x95, 0x55, 0x95, 0x56, 0x95, 0x56, 0x9D, 0x76, 0x9D, 0x76, 0x9D,
    0x76, 0x9D, 0x76, 0x9D, 0x76, 0x9D, 0x76, 0x9D, 0x76, 0x9D, 0x76, 0x9D, 0x76, 0x9D, 0x76, 0x9D,
    0x76, 0x9D, 0x96, 0x9D, 0x96, 0x9D, 0x96, 0x9D, 0x76, 0x9D, 0x97, 0x9D, 0xB7, 0xA5, 0xB8, 0xA5,
    0xD8, 0xAD, 0xD8, 0xAD, 0xD8, 0xAD, 0xD8, 0xA5, 0xF8, 0xA5, 0xF8, 0xAD, 0xF8, 0xAD, 0xF8, 0xAD,
    0x18, 0xAE, 0x18, 0xB6, 0x18, 0xB6, 0x18, 0xB6, 0x17, 0xCE, 0x78, 0xEE, 0x57, 0xF6, 0x36, 0xF6,
    0xF5, 0xED, 0x16, 0xF6, 0xF5, 0xED, 0xF5, 0xF5, 0xB5, 0xED, 0xB5, 0xED, 0xD5, 0xED, 0xF6, 0xF5,
    0xB5, 0xED, 0x94, 0xED, 0x94, 0xED, 0xB4, 0xED, 0x73, 0xED, 0x32, 0xE5, 0x53, 0xE5, 0x73, 0xED,
    0x11, 0xDD, 0xF1, 0xE4, 0x32, 0xE5, 0x32, 0xE5, 0x33, 0xE5, 0xD1, 0xDC, 0xF2, 0xDC, 0xF5, 0xF5,
    0x32, 0xE5, 0xED, 0xC3, 0xAD, 0xC3, 0xAD, 0xC3, 0x2F, 0xD4, 0xAD, 0xC3, 0x03, 0x69, 0xC3, 0x58,
    0xA3, 0x50, 0xA3, 0x50, 0x24, 0x61, 0xAE, 0xBB, 0xEE, 0xCB, 0xCD, 0xCB, 0xEE, 0xCB, 0xCD, 0xCB,
    0x70, 0xDC, 0xC9, 0xA2, 0xE3, 0x68, 0xC3, 0x60, 0xC3, 0x58, 0x41, 0x48, 0xE7, 0x81, 0x4F, 0xCC,
    0x0E, 0xCC, 0x0E, 0xD4, 0xED, 0xCB, 0xEE, 0xC3, 0x12, 0xDD, 0xD1, 0xDC, 0x90, 0xDC, 0xD1, 0xE4,
    0xD1, 0xDC, 0xD1, 0xDC, 0xD1, 0xDC, 0xD1, 0xDC, 0xD2, 0xDC, 0xF2, 0xDC, 0xD2, 0xDC, 0xF2, 0xDC,
    0x12, 0xE5, 0x13, 0xE5, 0xF2, 0xE4, 0x13, 0xE5, 0x12, 0xDD, 0x33, 0xDD, 0x54, 0xE5, 0x33, 0xDD,
    0x33, 0xDD, 0x33, 0xE5, 0x33, 0xE5, 0x53, 0xE5, 0x33, 0xDD, 0x53, 0xDD, 0x33, 0xDD, 0x33, 0xDD,
    0x53, 0xDD, 0x74, 0xD5, 0xD6, 0xCD, 0xFA, 0xD6, 0x1B, 0xD7, 0x1B, 0xD7, 0x1B, 0xD7, 0x1B, 0xD7,
    0x1B, 0xD7, 0x1B, 0xD7, 0xFB, 0xD6, 0xFB, 0xD6, 0xFB, 0xD6, 0xFB, 0xD6, 0xFB, 0xD6, 0xFB, 0xD6,
    0xFB, 0xD6, 0xFB, 0xD6, 0xFB, 0xD6, 0xFB, 0xD6, 0xFB, 0xCE, 0xFB, 0xCE, 0xFB, 0xCE, 0xFB, 0xCE,
    0xFB, 0xCE, 0x1B, 0xD7, 0x1B, 0xCF, 0x1B, 0xCF, 0x1B, 0xD7, 0x1B, 0xCF, 0xFB, 0xD6, 0xFB, 0xD6,
    0xFB, 0xD6, 0xFB, 0xD6, 0xFB, 0xD6, 0xFB, 0xCE, 0x1B, 0xD7, 0xFB, 0xD6, 0xFB, 0xD6, 0xFB, 0xD6,
    0xFB, 0xD6, 0xFB, 0xD6, 0xFB, 0xD6, 0xFB, 0xD6, 0xFB, 0xD6, 0x1B, 0xCF, 0x1B, 0xCF, 0x1B, 0xCF,
    0x1B, 0xCF, 0x1B, 0xCF, 0x1B, 0xCF, 0x1B, 0xCF, 0x1B, 0xCF, 0xFB, 0xCE, 0xFB, 0xCE, 0xFB, 0xCE,
    0xDA, 0xCE, 0x73, 0x9D, 0x2C, 0x6C, 0xCA, 0x5B, 0xA9, 0x5B, 0xA9, 0x5B, 0x28, 0x4B, 0xC7, 0x3A,
    0xA8, 0x32, 0xA8, 0x32, 0xA8, 0x2A, 0xA9, 0x32, 0x54, 0x8D, 0x1C, 0xD7, 0xFB, 0xCE, 0xFB, 0xCE,
    0xFB, 0xD6, 0xFB, 0xD6, 0xFB, 0xCE, 0xFB, 0xCE, 0xFB, 0xCE, 0xFB, 0xCE, 0xB9, 0xC6, 0x2C, 0x74,
    0xE4, 0x42, 0xA4, 0x3A, 0x64, 0x32, 0x44, 0x2A, 0x44, 0x2A, 0x04, 0x22, 0x46, 0x3A, 0xF2, 0x9C,
    0xD9, 0xDE, 0xD9, 0xE6, 0xB9, 0xDE, 0xB9, 0xDE, 0x98, 0xDE, 0x98, 0xDE, 0x78, 0xDE, 0x57, 0xD6,
    0x57, 0xD6, 0x57, 0xD6, 0x57, 0xD6, 0x57, 0xD6, 0x58, 0xD6, 0x58, 0xD6, 0x37, 0xD6, 0xF7, 0xCD,
    0xD6, 0xC5, 0xD4, 0xC5, 0x6E, 0xAD, 0xC9, 0x94, 0x47, 0x7C, 0xC6, 0x63, 0xA6, 0x5B, 0xA8, 0x63,
    0xF4, 0xBD, 0x98, 0xE6, 0x77, 0xDE, 0x57, 0xD6, 0x37, 0xD6, 0x36, 0xD6, 0x16, 0xCE, 0xF6, 0xCD,
    0x97, 0xDE, 0x57, 0xD6, 0x37, 0xD6, 0x37, 0xCE, 0x17, 0xC6, 0xF7, 0xC5, 0xF7, 0xBD, 0xF7, 0xBD,
    0xD7, 0xBD, 0xD7, 0xB5, 0xB7, 0xB5, 0xB6, 0xB5, 0xB7, 0xB5, 0x95, 0xB5, 0x0F, 0x9D, 0xE8, 0x73,
    0x65, 0x5B, 0x65, 0x53, 0xEA, 0x63, 0x94, 0xAD, 0xF7, 0xBD, 0xD7, 0xB5, 0xB6, 0xAD, 0xB6, 0xAD,
    0x96, 0xA5, 0x76, 0xA5, 0x76, 0xA5, 0x76, 0xA5, 0x76, 0xA5, 0x75, 0xA5, 0x95, 0xA5, 0x95, 0x9D,
    0x96, 0x9D, 0x95, 0x9D, 0x75, 0x9D, 0x95, 0x9D, 0x95, 0x9D, 0x95, 0x9D, 0x95, 0x9D, 0x95, 0x9D,
    0x95, 0x9D, 0x95, 0xA5, 0xF6, 0xB5, 0xB9, 0xCE, 0x3B, 0xDF, 0x3B, 0xDF, 0x3B, 0xDF, 0x1B, 0xDF,
    0x3B, 0xDF, 0x1B, 0xD7, 0xB9, 0xCE, 0x37, 0xBE, 0xB5, 0xAD, 0x74, 0xA5, 0x53, 0x9D, 0x33, 0x9D,
    0x33, 0x9D, 0x33, 0x9D, 0x53, 0xA5, 0x73, 0xA5, 0x73, 0xA5, 0x53, 0x9D, 0x54, 0x9D, 0x34, 0x95,
    0x55, 0x9D, 0x55, 0x95, 0x35, 0x95, 0x55, 0x95, 0x34, 0x95, 0x14, 0x95, 0x35, 0x95, 0x35, 0x95,
    0x35, 0x95, 0x55, 0x9D, 0x55, 0x9D, 0x55, 0x9D, 0x76, 0x9D, 0x76, 0x9D, 0x76, 0x9D, 0x35, 0x95,
    0x35, 0x95, 0x55, 0x95, 0x55, 0x95, 0x55, 0x95, 0x76, 0x9D, 0x76, 0x9D, 0x76, 0x9D, 0x76, 0x9D,
    0x56, 0x9D, 0x76, 0x9D, 0x56, 0x95, 0x56, 0x95, 0x56, 0x9D, 0x76, 0x9D, 0x76, 0x9D, 0x76, 0x9D,
    0x76, 0x9D, 0x76, 0x9D, 0x76, 0x9D, 0x76, 0x9D, 0x76, 0x9D, 0x76, 0x9D, 0xB7, 0xA5, 0xB7, 0xA5,
    0xD8, 0xAD, 0xD8, 0xAD, 0xD8, 0xA5, 0xD7, 0xA5, 0xD7, 0xA5, 0xD8, 0xA5, 0xD8, 0xAD, 0xF8, 0xAD,
    0x18, 0xAE, 0x18, 0xB6, 0x18, 0xB6, 0xF8, 0xBD, 0x37, 0xD6, 0x78, 0xEE, 0x36, 0xF6, 0x16, 0xF6,
    0xF6, 0xF5, 0xD5, 0xED, 0xD5, 0xED, 0xD5, 0xF5, 0x94, 0xED, 0xB4, 0xED, 0xB4, 0xED, 0x74, 0xE5,
    0x53, 0xE5, 0x53, 0xE5, 0x73, 0xE5, 0x53, 0xE5, 0xF2, 0xE4, 0xD1, 0xDC, 0x53, 0xE5, 0xF1, 0xDC,
    0xD1, 0xDC, 0x12, 0xE5, 0x12, 0xE5, 0xD1, 0xDC, 0xD1, 0xDC, 0xB1, 0xDC, 0x90, 0xD4, 0xD4, 0xF5,
    0x52, 0xE5, 0xED, 0xCB, 0x8D, 0xC3, 0x8D, 0xC3, 0x0E, 0xCC, 0x50, 0xD4, 0x65, 0x79, 0x04, 0x71,
    0x04, 0x69, 0x82, 0x58, 0xA7, 0x79, 0xCE, 0xC3, 0xAD, 0xC3, 0xAD, 0xCB, 0xAD, 0xCB, 0xCE, 0xCB,
    0x4F, 0xDC, 0x8D, 0xC3, 0x65, 0x81, 0x65, 0x79, 0xE4, 0x68, 0x82, 0x50, 0xAA, 0x9A, 0x2F, 0xD4,
    0x0E, 0xCC, 0x0F, 0xD4, 0xEE, 0xD3, 0x0E, 0xCC, 0x12, 0xDD, 0x90, 0xD4, 0x0E, 0xCC, 0x90, 0xDC,
    0xD1, 0xDC, 0xF1, 0xDC, 0xF2, 0xE4, 0xD1, 0xDC, 0xB1, 0xDC, 0xB1, 0xDC, 0xD1, 0xDC, 0xB1, 0xDC,
    0xD1, 0xDC, 0xB2, 0xDC, 0x91, 0xDC, 0xB1, 0xDC, 0xD2, 0xDC, 0x13, 0xE5, 0x13, 0xDD, 0x33, 0xDD,
    0x33, 0xDD, 0x12, 0xDD, 0x33, 0xDD, 0x53, 0xE5, 0x12, 0xD5, 0x53, 0xE5, 0x54, 0xE5, 0x33, 0xDD,
    0x74, 0xDD, 0x75, 0xDD, 0x95, 0xCD, 0xB9, 0xD6, 0x1B, 0xD7, 0x1B, 0xD7, 0x1B, 0xD7, 0x1B, 0xD7,
    0x1B, 0xD7, 0xFB, 0xD6, 0xFB, 0xD6, 0xFB, 0xD6, 0xFB, 0xD6, 0xFB, 0xD6, 0xFB, 0xD6, 0xFB, 0xD6,
    0xFB, 0xD6, 0xFB, 0xD6, 0xFB, 0xD6, 0xFB, 0xD6, 0xFB, 0xCE, 0xFB, 0xCE, 0xFB, 0xCE, 0xFB, 0xCE,
    0xFB, 0xCE, 0x1B, 0xD7, 0x1B, 0xCF, 0xFB, 0xCE, 0xFB, 0xCE, 0xFB, 0xCE, 0xFB, 0xCE, 0xFB, 0xCE,
    0xFB, 0xCE, 0xFB, 0xCE, 0xFB, 0xCE, 0xFB, 0xCE, 0xFB, 0xD6, 0xFB, 0xD6, 0xFB, 0xD6, 0xFB, 0xD6,
    0xFB, 0xD6, 0xFB, 0xD6, 0xFB, 0xD6, 0xFB, 0xD6, 0xFB, 0xD6, 0x1B, 0xCF, 0x1B, 0xCF, 0x1B, 0xCF,
    0x1B, 0xCF, 0x1B, 0xCF, 0xFB, 0xD6, 0xFB, 0xD6, 0xFB, 0xD6, 0xFB, 0xD6, 0xFB, 0xD6, 0xFB, 0xCE,
    0xB9, 0xC6, 0xF1, 0x8C, 0xEB, 0x63, 0xCA, 0x5B, 0xAA, 0x5B, 0x89, 0x5B, 0x48, 0x4B, 0xC7, 0x3A,
    0xA7, 0x32, 0xA7, 0x32, 0xC8, 0x2A, 0xC8, 0x2A, 0x0E, 0x64, 0x57, 0xAE, 0xFB, 0xCE, 0xFB, 0xCE,
    0xFB, 0xD6, 0xFB, 0xD6, 0xFB, 0xD6, 0xFB, 0xCE, 0xFB, 0xCE, 0xFB, 0xCE, 0x98, 0xBE, 0xEB, 0x63,
    0xC4, 0x42, 0xA4, 0x3A, 0x64, 0x32, 0x23, 0x2A, 0x04, 0x22, 0x04, 0x22, 0x05, 0x2A, 0x47, 0x3A,
    0x33, 0xA5, 0xD9, 0xDE, 0x99, 0xDE, 0x98, 0xDE, 0x98, 0xDE, 0x78, 0xDE, 0x78, 0xDE, 0x58, 0xD6,
    0x58, 0xD6, 0x78, 0xD6, 0x98, 0xDE, 0x99, 0xDE, 0x99, 0xDE, 0x99, 0xDE, 0x99, 0xDE, 0x78, 0xD6,
    0x38, 0xD6, 0xF5, 0xC5, 0x4C, 0xA5, 0xA8, 0x8C, 0x67, 0x7C, 0x27, 0x74, 0xE7, 0x63, 0x46, 0x53,
    0x6D, 0x8C, 0x56, 0xD6, 0x57, 0xDE, 0x57, 0xD6, 0x36, 0xD6, 0x16, 0xCE, 0xF6, 0xCD, 0xD5, 0xC5,
    0xB8, 0xE6, 0x98, 0xDE, 0x58, 0xD6, 0x37, 0xCE, 0x17, 0xC6, 0x17, 0xBE, 0xF7, 0xBD, 0xF7, 0xBD,
    0xD7, 0xB5, 0xD7, 0xB5, 0xB7, 0xAD, 0xB7, 0xAD, 0xB7, 0xAD, 0xB4, 0xAD, 0x8C, 0x8C, 0x45, 0x5B,
    0x25, 0x4B, 0x65, 0x53, 0x87, 0x53, 0xAF, 0x8C, 0xF6, 0xB5, 0xB6, 0xB5, 0xB6, 0xAD, 0x96, 0xAD,
    0x76, 0xA5, 0x76, 0xA5, 0x76, 0xA5, 0x56, 0xA5, 0x56, 0xA5, 0x55, 0xA5, 0x75, 0x9D, 0x75, 0x9D,
    0x95, 0x9D, 0x95, 0x9D, 0x75, 0x9D, 0x75, 0x9D, 0x95, 0x9D, 0x95, 0x9D, 0x95, 0x9D, 0x75, 0x9D,
    0x95, 0xA5, 0x95, 0xA5, 0xD6, 0xAD, 0x99, 0xC6, 0x1B, 0xDF, 0x3B, 0xDF, 0x3B, 0xDF, 0x3B, 0xDF,
    0x3B, 0xDF, 0x3B, 0xDF, 0x1B, 0xDF, 0xFA, 0xD6, 0xB9, 0xCE, 0x37, 0xBE, 0xF5, 0xB5, 0xD5, 0xB5,
    0xF6, 0xB5, 0xF6, 0xBD, 0xF6, 0xBD, 0x16, 0xBE, 0x16, 0xBE, 0xF5, 0xB5, 0x74, 0xA5, 0x54, 0x9D,
    0x75, 0x9D, 0x75, 0x9D, 0x35, 0x95, 0x35, 0x95, 0x34, 0x95, 0x34, 0x95, 0x34, 0x95, 0x35, 0x95,
    0x35, 0x95, 0x55, 0x95, 0x55, 0x95, 0x55, 0x95, 0x55, 0x95, 0x55, 0x9D, 0x55, 0x9D, 0x34, 0x95,
    0x34, 0x95, 0x35, 0x95, 0x34, 0x95, 0x55, 0x95, 0x76, 0x9D, 0x96, 0x9D, 0x75, 0x9D, 0x55, 0x95,
    0x75, 0x9D, 0x75, 0x9D, 0x55, 0x95, 0x55, 0x95, 0x55, 0x95, 0x55, 0x9D, 0x55, 0x9D, 0x56, 0x9D,
    0x76, 0x9D, 0x76, 0x9D, 0x76, 0x9D, 0x76, 0x9D, 0x56, 0x9D, 0x76, 0x9D, 0x97, 0xA5, 0xB7, 0xA5,
    0xB7, 0xA5, 0xB7, 0xA5, 0xB7, 0xA5, 0xB7, 0xA5, 0xD7, 0xA5, 0xD7, 0xA5, 0xD8, 0xA5, 0xF8, 0xAD,
    0xF8, 0xAD, 0xF8, 0xAD, 0xF8, 0xB5, 0xF7, 0xBD, 0x58, 0xDE, 0x57, 0xF6, 0x16, 0xF6, 0xF5, 0xED,
    0xF5, 0xED, 0xB5, 0xED, 0xD5, 0xF5, 0xB4, 0xED, 0x94, 0xED, 0x74, 0xED, 0x53, 0xE5, 0x33, 0xE5,
    0xF2, 0xE4, 0x32, 0xE5, 0x12, 0xE5, 0xD1, 0xDC, 0xB0, 0xDC, 0xF1, 0xE4, 0xF1, 0xE4, 0xF2, 0xE4,
    0xD1, 0xDC, 0xB1, 0xDC, 0xD2, 0xDC, 0xB1, 0xDC, 0x50, 0xD4, 0x2F, 0xCC, 0x2F, 0xCC, 0x93, 0xED,
    0x10, 0xE5, 0xCD, 0xCB, 0x6D, 0xC3, 0x8D, 0xCB, 0xEE, 0xCB, 0xD2, 0xE4, 0xAA, 0xAA, 0x24, 0x71,
    0x04, 0x69, 0x04, 0x69, 0x4C, 0xB3, 0xCE, 0xCB, 0x8C, 0xC3, 0x8D, 0xCB, 0x8C, 0xCB, 0xAD, 0xCB,
    0xAD, 0xCB, 0x2F, 0xDC, 0xAA, 0xAA, 0x85, 0x81, 0xC3, 0x68, 0x65, 0x71, 0xEF, 0xCB, 0x2F, 0xD4,
    0xEE, 0xD3, 0xCE, 0xD3, 0xEE, 0xD3, 0xEE, 0xC3, 0xF2, 0xD4, 0x4F, 0xCC, 0xED, 0xCB, 0x70, 0xDC,
    0xB0, 0xDC, 0x70, 0xD4, 0xD1, 0xDC, 0xD1, 0xDC, 0xB1, 0xDC, 0xB1, 0xDC, 0x91, 0xDC, 0x91, 0xD4,
    0x90, 0xD4, 0x70, 0xD4, 0x71, 0xDC, 0xB1, 0xDC, 0xB1, 0xDC, 0xF2, 0xDC, 0xF2, 0xDC, 0xF2, 0xDC,
    0xF2, 0xDC, 0xF2, 0xDC, 0x12, 0xDD, 0x12, 0xDD, 0x12, 0xDD, 0x13, 0xDD, 0x33, 0xDD, 0x13, 0xDD,
    0x33, 0xDD, 0x54, 0xDD, 0x75, 0xCD, 0x78, 0xD6, 0x1B, 0xDF, 0x1B, 0xD7, 0x1B, 0xD7, 0x1B, 0xD7,
    0xFB, 0xD6, 0xFB, 0xD6, 0xFB, 0xD6, 0xFB, 0xD6, 0xFB, 0xD6, 0xFB, 0xD6, 0xFB, 0xD6, 0xFB, 0xD6,
    0xFB, 0xD6, 0xFB, 0xD6, 0xFB, 0xD6, 0xFB, 0xD6, 0xFB, 0xD6, 0xFB, 0xD6, 0xFB, 0xD6, 0xFB, 0xD6,
    0xFB, 0xD6, 0x1B, 0xD7, 0xFB, 0xD6, 0xFB, 0xD6, 0xFB, 0xD6, 0xFB, 0xD6, 0xFB, 0xD6, 0x1B, 0xD7,
    0x1B, 0xD7, 0xFB, 0xD6, 0xFB, 0xD6, 0xFB, 0xCE, 0xFB, 0xD6, 0xFB, 0xD6, 0xFB, 0xD6, 0xFB, 0xD6,
    0xFB, 0xD6, 0xFB, 0xD6, 0xFB, 0xD6, 0xFB, 0xD6, 0xFB, 0xD6, 0xFB, 0xD6, 0xFB, 0xD6, 0xFB, 0xD6,
    0xFB, 0xD6, 0xFB, 0xD6, 0xFB, 0xD6, 0xFB, 0xD6, 0xFB, 0xD6, 0xFB, 0xD6, 0xFB, 0xD6, 0xFB, 0xD6,
    0xDA, 0xCE, 0x11, 0x8D, 0xEB, 0x63, 0xAA, 0x5B, 0xA9, 0x5B, 0x89, 0x53, 0x49, 0x53, 0xE8, 0x3A,
    0xA7, 0x32, 0xA7, 0x32, 0xC7, 0x2A, 0xE8, 0x2A, 0xE8, 0x32, 0xAC, 0x53, 0xF6, 0xA5, 0xFA, 0xCE,
    0xFA, 0xCE, 0xFA, 0xD6, 0xFB, 0xD6, 0xFA, 0xD6, 0xFA, 0xD6, 0xFB, 0xD6, 0xD5, 0xAD, 0x48, 0x53,
    0xA4, 0x3A, 0x84, 0x32, 0x64, 0x32, 0x03, 0x22, 0xC3, 0x21, 0x03, 0x22, 0xE4, 0x21, 0xA4, 0x19,
    0xC9, 0x52, 0xF5, 0xBD, 0xB8, 0xDE, 0x98, 0xDE, 0x98, 0xDE, 0x78, 0xDE, 0x78, 0xDE, 0x78, 0xDE,
    0x98, 0xDE, 0xB8, 0xDE, 0xB9, 0xDE, 0xB9, 0xE6, 0x99, 0xDE, 0x99, 0xDE, 0x98, 0xDE, 0x78, 0xD6,
    0x58, 0xD6, 0xF4, 0xC5, 0x0B, 0x9D, 0xA8, 0x8C, 0xA8, 0x84, 0x88, 0x7C, 0x07, 0x64, 0x66, 0x53,
    0x88, 0x63, 0xD3, 0xBD, 0x77, 0xDE, 0x36, 0xD6, 0x36, 0xD6, 0x16, 0xCE, 0xD5, 0xC5, 0x94, 0xBD,
    0x98, 0xDE, 0x98, 0xDE, 0x78, 0xD6, 0x17, 0xC6, 0x17, 0xBE, 0xF7, 0xBD, 0xF7, 0xBD, 0xF7, 0xB5,
    0xF7, 0xB5, 0xD7, 0xB5, 0xB7, 0xAD, 0xB7, 0xAD, 0xB7, 0xAD, 0xB4, 0xAD, 0x6B, 0x84, 0x66, 0x5B,
    0x45, 0x53, 0x45, 0x4B, 0x66, 0x53, 0xEA, 0x6B, 0x93, 0xA5, 0xB6, 0xAD, 0x76, 0xA5, 0x76, 0xAD,
    0x95, 0xAD, 0x95, 0xAD, 0x95, 0xAD, 0x96, 0xAD, 0x76, 0xA5, 0x75, 0xA5, 0x75, 0xA5, 0x75, 0x9D,
    0x75, 0x9D, 0x75, 0x9D, 0x75, 0x9D, 0x75, 0x9D, 0x75, 0x9D, 0x75, 0x9D, 0x74, 0x9D, 0x74, 0x9D,
    0x95, 0x9D, 0x95, 0xA5, 0xB5, 0xAD, 0x78, 0xC6, 0x1B, 0xDF, 0x3B, 0xDF, 0x3B, 0xDF, 0x1B, 0xDF,
    0x1B, 0xDF, 0x3B, 0xDF, 0x1B, 0xDF, 0x1B, 0xDF, 0x1B, 0xDF, 0x1A, 0xD7, 0xFA, 0xD6, 0xFA, 0xD6,
    0xD9, 0xD6, 0xB9, 0xCE, 0x77, 0xCE, 0x57, 0xC6, 0x36, 0xC6, 0x16, 0xBE, 0x94, 0xAD, 0x54, 0x9D,
    0x74, 0xA5, 0x75, 0xA5, 0x55, 0x9D, 0x54, 0x9D, 0x34, 0x9D, 0x54, 0x9D, 0x34, 0x9D, 0x34, 0x9D,
    0x34, 0x95, 0x54, 0x9D, 0x55, 0x9D, 0x54, 0x9D, 0x34, 0x95, 0x54, 0x9D, 0x55, 0x9D, 0x34, 0x95,
    0x34, 0x9D, 0x54, 0x9D, 0x54, 0x9D, 0x55, 0x9D, 0x76, 0x9D, 0x75, 0x9D, 0x75, 0x9D, 0x75, 0x9D,
    0x75, 0x9D, 0x55, 0x95, 0x55, 0x95, 0x55, 0x95, 0x55, 0x95, 0x55, 0x95, 0x75, 0x9D, 0x55, 0x9D,
    0x55, 0x9D, 0x55, 0x9D, 0x55, 0x9D, 0x55, 0x9D, 0x56, 0x9D, 0x76, 0x9D, 0x96, 0x9D, 0x96, 0xA5,
    0xB7, 0xA5, 0xB7, 0xA5, 0xB7, 0xA5, 0x97, 0xA5, 0xB7, 0xA5, 0xB7, 0xA5, 0xD7, 0xA5, 0xD7, 0xA5,
    0xD7, 0xAD, 0xF7, 0xAD, 0xF7, 0xB5, 0xF7, 0xBD, 0x58, 0xE6, 0x37, 0xF6, 0xF6, 0xED, 0xF6, 0xED,
    0xD5, 0xED, 0xB5, 0xF5, 0x74, 0xED, 0x73, 0xED, 0x74, 0xED, 0x32, 0xE5, 0x33, 0xED, 0x33, 0xED,
    0xF2, 0xE4, 0x12, 0xE5, 0xF1, 0xE4, 0xB0, 0xDC, 0xD1, 0xDC, 0x32, 0xE5, 0xD1, 0xDC, 0xB1, 0xDC,
    0x50, 0xCC, 0xD2, 0xDC, 0xD2, 0xDC, 0x50, 0xD4, 0x0F, 0xCC, 0xAE, 0xC3, 0x8D, 0xC3, 0x32, 0xE5,
    0x31, 0xE5, 0xED, 0xCB, 0x8D, 0xCB, 0xAD, 0xCB, 0xEE, 0xCB, 0x90, 0xDC, 0xD2, 0xE4, 0x2C, 0xB3,
    0xCA, 0xA2, 0xCE, 0xC3, 0x0F, 0xD4, 0x8D, 0xC3, 0x6C, 0xCB, 0x8C, 0xCB, 0x6C, 0xCB, 0xAD, 0xCB,
    0xCD, 0xCB, 0x2F, 0xDC, 0x70, 0xE4, 0x8D, 0xC3, 0xEA, 0xAA, 0x30, 0xD4, 0x70, 0xDC, 0xEE, 0xCB,
    0xCE, 0xCB, 0xAD, 0xCB, 0xCD, 0xCB, 0xEE, 0xC3, 0xF2, 0xD4, 0x0E, 0xCC, 0xAC, 0xC3, 0x2E, 0xD4,
    0x90, 0xDC, 0xD1, 0xDC, 0xD1, 0xDC, 0xB1, 0xDC, 0xB1, 0xDC, 0x91, 0xDC, 0xB1, 0xDC, 0x91, 0xDC,
    0xB1, 0xDC, 0xB1, 0xE4, 0xB1, 0xDC, 0xB1, 0xDC, 0x91, 0xD4, 0xB1, 0xDC, 0xD1, 0xDC, 0xF2, 0xE4,
    0xF2, 0xDC, 0xF2, 0xDC, 0x33, 0xE5, 0xF2, 0xDC, 0x13, 0xDD, 0x13, 0xDD, 0x12, 0xDD, 0x13, 0xDD,
    0x33, 0xDD, 0x33, 0xD5, 0x34, 0xCD, 0x17, 0xD6, 0x1B, 0xDF, 0x1B, 0xD7, 0x1B, 0xD7, 0x1B, 0xD7,
    0x1B, 0xD7, 0xFB, 0xD6, 0xFB, 0xD6, 0xFB, 0xD6, 0x1B, 0xD7, 0x1B, 0xD7, 0x1B, 0xD7, 0xFB, 0xD6,
    0xFB, 0xD6, 0xFB, 0xD6, 0xFB, 0xD6, 0xFB, 0xD6, 0xFB, 0xD6, 0xFB, 0xD6, 0xFB, 0xD6, 0xFB, 0xD6,
    0xFB, 0xD6, 0xFB, 0xD6, 0xFB, 0xD6, 0xFB, 0xD6, 0xFB, 0xD6, 0xFB, 0xD6, 0xFB, 0xD6, 0xFB, 0xD6,
    0xFB, 0xD6, 0xFB, 0xD6, 0x1B, 0xD7, 0x1B, 0xD7, 0xFB, 0xD6, 0xFB, 0xD6, 0xFB, 0xD6, 0xFB, 0xD6,
    0xFB, 0xD6, 0xFB, 0xD6, 0xFB, 0xD6, 0xFB, 0xD6, 0xFB, 0xD6, 0xFB, 0xD6, 0xFB, 0xD6, 0xFB, 0xD6,
    0xFB, 0xD6, 0xFB, 0xD6, 0xFB, 0xD6, 0xFB, 0xD6, 0xFB, 0xD6, 0xFB, 0xD6, 0xFB, 0xD6, 0x1B, 0xD7,
    0xB9, 0xC6, 0xF0, 0x8C, 0x0B, 0x6C, 0xCA, 0x63, 0xCA, 0x63, 0xCA, 0x63, 0x69, 0x53, 0xC7, 0x3A,
    0xA7, 0x32, 0xA7, 0x32, 0x87, 0x2A, 0xC7, 0x2A, 0x08, 0x33, 0xE8, 0x32, 0xAC, 0x53, 0x37, 0xAE,
    0x1A, 0xD7, 0xFA, 0xD6, 0xFB, 0xD6, 0xFA, 0xD6, 0xFA, 0xD6, 0xFA, 0xCE, 0xD0, 0x84, 0xE5, 0x42,
    0xC5, 0x42, 0x84, 0x32, 0x64, 0x32, 0x44, 0x2A, 0x24, 0x2A, 0x04, 0x22, 0xC3, 0x19, 0xE5, 0x21,
    0xC4, 0x21, 0x0E, 0x7C, 0xB8, 0xDE, 0x98, 0xDE, 0x98, 0xDE, 0x98, 0xDE, 0x98, 0xDE, 0x76, 0xDE,
    0xF3, 0xC5, 0x50, 0xAD, 0xD3, 0xBD, 0x78, 0xDE, 0x99, 0xDE, 0x78, 0xDE, 0x78, 0xD6, 0x58, 0xD6,
    0x37, 0xD6, 0xB2, 0xBD, 0xEA, 0x9C, 0x87, 0x84, 0x87, 0x84, 0x06, 0x6C, 0x85, 0x5B, 0x86, 0x53,
    0x46, 0x53, 0x10, 0xA5, 0x57, 0xD6, 0x36, 0xD6, 0x16, 0xCE, 0xF5, 0xCD, 0xB4, 0xC5, 0x73, 0xB5,
    0xB8, 0xE6, 0xB8, 0xDE, 0x78, 0xD6, 0x17, 0xC6, 0x17, 0xC6, 0xF7, 0xBD, 0xF7, 0xBD, 0xD7, 0xB5,
    0xD7, 0xB5, 0xD7, 0xB5, 0xB7, 0xAD, 0xB6, 0xAD, 0xB6, 0xAD, 0x72, 0xA5, 0x49, 0x7C, 0x65, 0x5B,
    0x25, 0x4B, 0x25, 0x4B, 0x25, 0x4B, 0x88, 0x5B, 0xF1, 0x94, 0x96, 0xAD, 0x75, 0xAD, 0x73, 0xAD,
    0xB0, 0xB5, 0x6E, 0xAD, 0x50, 0xA5, 0x94, 0xAD, 0x75, 0xA5, 0x76, 0xA5, 0x75, 0xA5, 0x75, 0xA5,
    0x75, 0x9D, 0x75, 0x9D, 0x75, 0xA5, 0x75, 0x9D, 0x95, 0x9D, 0x75, 0x9D, 0x74, 0x9D, 0x74, 0x9D,
    0x95, 0x9D, 0x95, 0xA5, 0x95, 0xA5, 0x17, 0xB6, 0xB9, 0xCE, 0xFA, 0xD6, 0x1B, 0xDF, 0x1B, 0xDF,
    0x1B, 0xDF, 0x1B, 0xDF, 0x1B, 0xDF, 0x1B, 0xDF, 0x1B, 0xDF, 0x1B, 0xDF, 0x1B, 0xDF, 0x3B, 0xDF,
    0x1B, 0xDF, 0x1A, 0xDF, 0xD9, 0xD6, 0x99, 0xCE, 0x36, 0xBE, 0xF6, 0xB5, 0xB5, 0xAD, 0x74, 0xA5,
    0x74, 0xA5, 0x74, 0xA5, 0x74, 0xA5, 0x54, 0x9D, 0x54, 0x9D, 0x54, 0x9D, 0x34, 0x9D, 0x33, 0x9D,
    0x33, 0x9D, 0x33, 0x9D, 0x13, 0x95, 0xF2, 0x94, 0xF2, 0x94, 0x12, 0x95, 0x33, 0x9D, 0x33, 0x9D,
    0x34, 0x9D, 0x54, 0x9D, 0x54, 0x9D, 0x75, 0xA5, 0x96, 0xA5, 0x75, 0x9D, 0x75, 0x9D, 0x55, 0x9D,
    0x55, 0x9D, 0x55, 0x9D, 0x55, 0x95, 0x55, 0x95, 0x55, 0x95, 0x55, 0x95, 0x55, 0x95, 0x55, 0x9D,
    0x55, 0x95, 0x55, 0x95, 0x55, 0x95, 0x55, 0x95, 0x55, 0x9D, 0x76, 0x9D, 0x76, 0x9D, 0x96, 0x9D,
    0x96, 0x9D, 0x96, 0x9D, 0x96, 0x9D, 0x96, 0xA5, 0xB6, 0xA5, 0xB6, 0xA5, 0xB6, 0xAD, 0xB6, 0xAD,
    0xD7, 0xAD, 0xD7, 0xAD, 0xF7, 0xB5, 0xF7, 0xC5, 0x57, 0xE6, 0xF6, 0xF5, 0xD6, 0xED, 0xF6, 0xED,
    0xD5, 0xED, 0x94, 0xED, 0x53, 0xED, 0x53, 0xED, 0x73, 0xED, 0x53, 0xED, 0x12, 0xE5, 0xD1, 0xE4,
    0x90, 0xD4, 0x12, 0xE5, 0x12, 0xE5, 0xD1, 0xDC, 0xF2, 0xDC, 0xD1, 0xD4, 0xD1, 0xDC, 0xD1, 0xDC,
    0x91, 0xD4, 0x70, 0xD4, 0x2F, 0xCC, 0xEF, 0xCB, 0xEE, 0xCB, 0x8D, 0xBB, 0x2C, 0xB3, 0x6F, 0xCC,
    0x72, 0xED, 0x2D, 0xCC, 0x8D, 0xC3, 0xCE, 0xCB, 0x0E, 0xCC, 0x0E, 0xCC, 0x70, 0xD4, 0xD2, 0xE4,
    0x91, 0xDC, 0xCD, 0xCB, 0x6C, 0xC3, 0xAD, 0xCB, 0xAD, 0xCB, 0x6C, 0xC3, 0x8D, 0xCB, 0x8D, 0xCB,
    0xCD, 0xCB, 0xEE, 0xCB, 0x2F, 0xD4, 0xB1, 0xE4, 0xD2, 0xE4, 0x50, 0xD4, 0x2F, 0xD4, 0x0E, 0xD4,
    0xEE, 0xCB, 0xCD, 0xCB, 0x8C, 0xBB, 0x2F, 0xC4, 0xB1, 0xD4, 0x8C, 0xC3, 0x4B, 0xBB, 0x2E, 0xD4,
    0x6F, 0xD4, 0xB0, 0xD4, 0xB1, 0xDC, 0xB1, 0xDC, 0x91, 0xDC, 0x70, 0xDC, 0x91, 0xDC, 0x91, 0xDC,
    0x70, 0xD4, 0x90, 0xDC, 0xD1, 0xDC, 0xB1, 0xDC, 0x90, 0xD4, 0xB1, 0xDC, 0x91, 0xDC, 0xB1, 0xDC,
    0xD2, 0xDC, 0xD1, 0xDC, 0xD1, 0xDC, 0x12, 0xDD, 0xF2, 0xDC, 0x13, 0xDD, 0x12, 0xDD, 0x12, 0xDD,
    0x33, 0xDD, 0x33, 0xD5, 0x33, 0xCD, 0xB6, 0xCD, 0xFB, 0xDE, 0x1B, 0xD7, 0xFB, 0xD6, 0xFB, 0xD6,
    0xFB, 0xD6, 0xFB, 0xD6, 0xFB, 0xD6, 0xFB, 0xD6, 0x1B, 0xD7, 0x1B, 0xD7, 0x1B, 0xD7, 0xFB, 0xD6,
    0xFB, 0xD6, 0xFB, 0xD6, 0xFB, 0xD6, 0xFB, 0xD6, 0xFB, 0xD6, 0xFB, 0xD6, 0xFB, 0xD6, 0x1B, 0xD7,
    0x1B, 0xD7, 0xFB, 0xD6, 0xFB, 0xD6, 0x1B, 0xD7, 0xFB, 0xD6, 0xFB, 0xD6, 0xFB, 0xD6, 0xFB, 0xD6,
    0xFB, 0xD6, 0xFB, 0xD6, 0xFB, 0xD6, 0x1B, 0xD7, 0xFB, 0xD6, 0xFB, 0xD6, 0x1B, 0xD7, 0x1B, 0xD7,
    0xFB, 0xD6, 0xFB, 0xD6, 0xFB, 0xD6, 0xFB, 0xD6, 0xFB, 0xD6, 0xFB, 0xD6, 0xFB, 0xD6, 0xFB, 0xD6,
    0xFB, 0xD6, 0xFB, 0xD6, 0xFB, 0xD6, 0xFB, 0xD6, 0xFB, 0xD6, 0xFB, 0xD6, 0xFB, 0xD6, 0xFA, 0xCE,
    0x98, 0xC6, 0x8F, 0x84, 0xEB, 0x6B, 0x0B, 0x6C, 0x0B, 0x6C, 0xC9, 0x5B, 0x68, 0x53, 0xE7, 0x3A,
    0xA7, 0x32, 0x46, 0x22, 0x46, 0x22, 0xA8, 0x2A, 0xC8, 0x2A, 0xE9, 0x32, 0xE9, 0x32, 0x90, 0x74,
    0xD9, 0xC6, 0xFA, 0xD6, 0xFA, 0xD6, 0xFA, 0xD6, 0xFA, 0xD6, 0x98, 0xC6, 0xEB, 0x63, 0xE5, 0x42,
    0xE4, 0x3A, 0xA4, 0x3A, 0x84, 0x32, 0x85, 0x3A, 0x64, 0x32, 0x03, 0x22, 0xE4, 0x19, 0xE5, 0x21,
    0xA4, 0x21, 0xE9, 0x52, 0x57, 0xCE, 0x99, 0xDE, 0x99, 0xDE, 0x99, 0xDE, 0x97, 0xDE, 0x91, 0xBD,
    0x8A, 0x8C, 0xE7, 0x73, 0xA8, 0x73, 0x52, 0xB5, 0x78, 0xD6, 0x57, 0xD6, 0x57, 0xD6, 0x37, 0xCE,
    0x16, 0xCE, 0xB1, 0xBD, 0xC9, 0x94, 0x67, 0x84, 0x67, 0x7C, 0xE6, 0x6B, 0xA6, 0x63, 0x86, 0x53,
    0x25, 0x4B, 0x0C, 0x7C, 0x16, 0xCE, 0x16, 0xD6, 0xF5, 0xCD, 0xD4, 0xC5, 0x73, 0xBD, 0x33, 0xB5,
    0xD9, 0xE6, 0xB8, 0xDE, 0x78, 0xD6, 0x37, 0xCE, 0x17, 0xC6, 0x17, 0xC6, 0xD7, 0xBD, 0xD7, 0xB5,
    0xD7, 0xB5, 0xB7, 0xB5, 0xB6, 0xAD, 0xB6, 0xAD, 0xB5, 0xAD, 0x10, 0x9D, 0xA8, 0x6B, 0xE4, 0x42,
    0xE4, 0x42, 0x25, 0x4B, 0x25, 0x4B, 0x46, 0x53, 0x8E, 0x84, 0x95, 0xAD, 0x74, 0xAD, 0x2E, 0xA5,
    0xEA, 0x9C, 0x88, 0x8C, 0x49, 0x84, 0xEF, 0x94, 0x74, 0xA5, 0x96, 0xA5, 0x76, 0xA5, 0x75, 0xA5,
    0x75, 0x9D, 0x75, 0x9D, 0x75, 0x9D, 0x75, 0x9D, 0x75, 0x9D, 0x74, 0x9D, 0x54, 0x9D, 0x74, 0x9D,
    0x75, 0x9D, 0x95, 0xA5, 0x95, 0xA5, 0xB6, 0xAD, 0x17, 0xB6, 0x58, 0xC6, 0x78, 0xC6, 0x79, 0xC6,
    0x99, 0xCE, 0xB9, 0xCE, 0xDA, 0xD6, 0xDA, 0xD6, 0xFB, 0xDE, 0x1B, 0xDF, 0xFB, 0xDE, 0x1B, 0xDF,
    0xFB, 0xDE, 0x1B, 0xDF, 0x1B, 0xDF, 0x1B, 0xDF, 0xD9, 0xCE, 0x98, 0xCE, 0x78, 0xC6, 0x57, 0xC6,
    0xF6, 0xBD, 0x94, 0xAD, 0x74, 0xA5, 0x54, 0xA5, 0x54, 0xA5, 0x54, 0xA5, 0x53, 0xA5, 0x53, 0x9D,
    0x33, 0x9D, 0xF2, 0x94, 0xB1, 0x8C, 0x90, 0x8C, 0xB1, 0x8C, 0xD1, 0x94, 0x12, 0x9D, 0x33, 0x9D,
    0x53, 0x9D, 0x53, 0x9D, 0x54, 0x9D, 0x95, 0xA5, 0x96, 0xA5, 0x75, 0x9D, 0x75, 0x9D, 0x75, 0x9D,
    0x75, 0x9D, 0x55, 0x95, 0x54, 0x95, 0x54, 0x95, 0x54, 0x9D, 0x54, 0x9D, 0x54, 0x9D, 0x54, 0x9D,
    0x54, 0x9D, 0x54, 0x9D, 0x34, 0x95, 0x34, 0x95, 0x55, 0x9D, 0x75, 0x9D, 0x75, 0x9D, 0x75, 0x9D,
    0x96, 0x9D, 0x96, 0x9D, 0x96, 0xA5, 0x96, 0xA5, 0xB6, 0xA5, 0xB6, 0xA5, 0xB6, 0xAD, 0xB6, 0xAD,
    0xD6, 0xAD, 0xD6, 0xB5, 0xD6, 0xB5, 0xF6, 0xCD, 0x37, 0xEE, 0xF6, 0xED, 0xF6, 0xF5, 0xD5, 0xED,
    0x94, 0xE5, 0x53, 0xE5, 0x33, 0xE5, 0x12, 0xE5, 0x52, 0xE5, 0xF1, 0xE4, 0xB0, 0xD4, 0x90, 0xD4,
    0xF1, 0xE4, 0x90, 0xDC, 0xB1, 0xDC, 0xD1, 0xDC, 0xB1, 0xD4, 0xD2, 0xD4, 0xF2, 0xDC, 0xB1, 0xDC,
    0x50, 0xD4, 0xEF, 0xCB, 0xEF, 0xCB, 0xAD, 0xC3, 0x6C, 0xBB, 0x4C, 0xBB, 0xEA, 0xAA, 0x6B, 0xAB,
    0x52, 0xE5, 0xAF, 0xD4, 0x6C, 0xBB, 0x8D, 0xC3, 0xEF, 0xCB, 0xEE, 0xCB, 0x8C, 0xBB, 0x8D, 0xC3,
    0xAD, 0xCB, 0x8C, 0xC3, 0x6C, 0xCB, 0x6C, 0xC3, 0x8C, 0xCB, 0xAD, 0xCB, 0x8D, 0xC3, 0xCD, 0xCB,
    0xCD, 0xCB, 0xEE, 0xCB, 0xAD, 0xCB, 0xCD, 0xCB, 0xCD, 0xCB, 0xEE, 0xD3, 0xEE, 0xD3, 0xEE, 0xCB,
    0xEE, 0xCB, 0x8C, 0xBB, 0x8C, 0xBB, 0x90, 0xCC, 0x2E, 0xC4, 0x2A, 0xB3, 0x09, 0xB3, 0xAC, 0xC3,
    0x0E, 0xCC, 0x6F, 0xD4, 0x70, 0xD4, 0x70, 0xD4, 0x70, 0xD4, 0x50, 0xD4, 0x50, 0xD4, 0x90, 0xDC,
    0x91, 0xDC, 0x70, 0xD4, 0x90, 0xDC, 0xB1, 0xDC, 0x70, 0xD4, 0x50, 0xDC, 0x90, 0xDC, 0x91, 0xDC,
    0x91, 0xDC, 0xB1, 0xDC, 0xD1, 0xDC, 0x90, 0xD4, 0xF2, 0xDC, 0xD2, 0xDC, 0xD1, 0xD4, 0xF2, 0xDC,
    0x13, 0xDD, 0x13, 0xD5, 0x13, 0xD5, 0x75, 0xCD, 0xDA, 0xDE, 0x1B, 0xD7, 0xFB, 0xD6, 0xFB, 0xD6,
    0xFB, 0xD6, 0xFB, 0xD6, 0xFB, 0xD6, 0xFB, 0xD6, 0xFB, 0xD6, 0xFB, 0xD6, 0xFB, 0xD6, 0xFB, 0xD6,
    0x1B, 0xD7, 0xFB, 0xD6, 0xFB, 0xD6, 0xFB, 0xD6, 0xFB, 0xD6, 0xFB, 0xD6, 0xFB, 0xD6, 0xFB, 0xD6,
    0x1B, 0xD7, 0xFB, 0xD6, 0xFB, 0xD6, 0xFB, 0xD6, 0xFB, 0xD6, 0xFB, 0xD6, 0xFB, 0xD6, 0xFB, 0xD6,
    0xFB, 0xD6, 0xFB, 0xD6, 0xFB, 0xD6, 0xFB, 0xD6, 0xFB, 0xD6, 0xFB, 0xD6, 0x1B, 0xD7, 0xFB, 0xD6,
    0xFB, 0xD6, 0xFB, 0xD6, 0xFB, 0xD6, 0x1B, 0xD7, 0x1B, 0xD7, 0xFB, 0xD6, 0x1B, 0xD7, 0x1B, 0xD7,
    0xFB, 0xD6, 0xFB, 0xD6, 0xFB, 0xD6, 0xFB, 0xD6, 0xFA, 0xD6, 0xFA, 0xD6, 0xFB, 0xD6, 0xFB, 0xD6,
    0x57, 0xBE, 0x8E, 0x7C, 0x2C, 0x74, 0x2B, 0x74, 0x2A, 0x6C, 0xA8, 0x5B, 0x68, 0x53, 0xE7, 0x3A,
    0x87, 0x2A, 0x26, 0x22, 0x26, 0x22, 0x87, 0x2A, 0x87, 0x2A, 0x88, 0x2A, 0xC8, 0x32, 0x2A, 0x43,
    0xF5, 0xAD, 0xFA, 0xD6, 0xDA, 0xD6, 0xFA, 0xCE, 0x1B, 0xD7, 0x16, 0xAE, 0x89, 0x5B, 0x05, 0x4B,
    0x05, 0x43, 0x05, 0x43, 0xE5, 0x42, 0x84, 0x32, 0x23, 0x2A, 0x04, 0x22, 0xE4, 0x21, 0xC4, 0x21,
    0x63, 0x19, 0xA8, 0x4A, 0x16, 0xC6, 0xB9, 0xDE, 0x99, 0xDE, 0xB9, 0xDE, 0x35, 0xCE, 0xCB, 0x9C,
    0x27, 0x84, 0xA6, 0x6B, 0x05, 0x5B, 0xAA, 0x7B, 0x16, 0xCE, 0x57, 0xD6, 0x37, 0xCE, 0x16, 0xCE,
    0xF4, 0xC5, 0x6E, 0xAD, 0xE9, 0x94, 0xC8, 0x8C, 0x26, 0x74, 0xE6, 0x6B, 0xA6, 0x63, 0x65, 0x5B,
    0x05, 0x4B, 0x8A, 0x6B, 0xD5, 0xC5, 0xF6, 0xCD, 0xD5, 0xC5, 0xB4, 0xC5, 0x93, 0xB5, 0x32, 0xAD,
    0xF9, 0xE6, 0xB8, 0xDE, 0x98, 0xD6, 0x57, 0xCE, 0x37, 0xCE, 0x37, 0xC6, 0xF7, 0xBD, 0xD7, 0xB5,
    0xB7, 0xB5, 0xB7, 0xB5, 0xB6, 0xAD, 0xB6, 0xAD, 0xB4, 0xAD, 0x8D, 0x8C, 0x05, 0x53, 0xA3, 0x3A,
    0xA4, 0x42, 0xE4, 0x42, 0x05, 0x4B, 0x26, 0x4B, 0x4D, 0x74, 0x94, 0xAD, 0x10, 0xA5, 0x49, 0x8C,
    0x26, 0x7C, 0xE6, 0x73, 0xE6, 0x6B, 0x6B, 0x7C, 0x31, 0x9D, 0x75, 0xA5, 0x76, 0xA5, 0x75, 0xA5,
    0x75, 0xA5, 0x75, 0x9D, 0x75, 0x9D, 0x75, 0x9D, 0x74, 0x9D, 0x54, 0x9D, 0x54, 0x9D, 0x74, 0x9D,
    0x75, 0x9D, 0x95, 0xA5, 0x95, 0xA5, 0x95, 0xA5, 0xB6, 0xAD, 0xD6, 0xAD, 0xD6, 0xAD, 0xF6, 0xB5,
    0xF7, 0xB5, 0x17, 0xBE, 0x37, 0xBE, 0x79, 0xCE, 0xFA, 0xD6, 0xFA, 0xDE, 0xFB, 0xDE, 0xFB, 0xDE,
    0xFB, 0xDE, 0xFB, 0xDE, 0x1B, 0xDF, 0x1B, 0xDF, 0x1B, 0xD7, 0x1B, 0xD7, 0x1A, 0xD7, 0x1A, 0xD7,
    0xFA, 0xD6, 0x98, 0xCE, 0x37, 0xC6, 0x57, 0xC6, 0x37, 0xBE, 0xF6, 0xB5, 0x94, 0xAD, 0x33, 0x9D,
    0xD1, 0x94, 0xB0, 0x94, 0xB0, 0x94, 0xB0, 0x94, 0xD1, 0x94, 0xF2, 0x9C, 0x12, 0x9D, 0x53, 0xA5,
    0x94, 0xAD, 0x73, 0xA5, 0x74, 0xA5, 0x95, 0xA5, 0x95, 0xA5, 0x75, 0xA5, 0x75, 0xA5, 0x75, 0x9D,
    0x54, 0x9D, 0x54, 0x9D, 0x54, 0x9D, 0x74, 0x9D, 0x74, 0xA5, 0x74, 0xA5, 0x54, 0xA5, 0x54, 0x9D,
    0x54, 0xA5, 0x74, 0x9D, 0x74, 0x9D, 0x75, 0xA5, 0x75, 0xA5, 0x75, 0x9D, 0x75, 0x9D, 0x75, 0xA5,
    0x76, 0xA5, 0x96, 0xA5, 0x96, 0xA5, 0xB6, 0xAD, 0xB6, 0xAD, 0xB6, 0xAD, 0xB5, 0xA5, 0xB6, 0xAD,
    0xB6, 0xAD, 0xB6, 0xB5, 0xB5, 0xB5, 0x16, 0xD6, 0x37, 0xEE, 0xF5, 0xF5, 0xD6, 0xED, 0xD5, 0xED,
    0x94, 0xED, 0x53, 0xE5, 0x33, 0xE5, 0x53, 0xED, 0xF1, 0xDC, 0xD1, 0xDC, 0xD1, 0xDC, 0xB0, 0xDC,
    0xD1, 0xDC, 0x70, 0xD4, 0x70, 0xD4, 0xB1, 0xDC, 0xD1, 0xDC, 0xB1, 0xD4, 0x91, 0xD4, 0x50, 0xD4,
    0xEF, 0xCB, 0xEE, 0xC3, 0xCE, 0xCB, 0xAD, 0xC3, 0x4C, 0xB3, 0x4C, 0xB3, 0xCA, 0xA2, 0x89, 0x92,
    0x70, 0xCC, 0x31, 0xDD, 0xED, 0xC3, 0x4C, 0xB3, 0x8D, 0xC3, 0xAD, 0xC3, 0xAD, 0xCB, 0x6C, 0xCB,
    0x6D, 0xCB, 0x8D, 0xCB, 0x8D, 0xCB, 0x8C, 0xCB, 0x4C, 0xC3, 0xAD, 0xCB, 0xAD, 0xC3, 0xAD, 0xCB,
    0xCD, 0xCB, 0xCD, 0xCB, 0xCD, 0xCB, 0xAD, 0xCB, 0xAD, 0xCB, 0xAD, 0xCB, 0xCD, 0xCB, 0xAD, 0xCB,
    0x8C, 0xBB, 0x6B, 0xB3, 0x2E, 0xC4, 0x4F, 0xCC, 0xAC, 0xBB, 0xE8, 0xAA, 0x4A, 0xBB, 0x8B, 0xBB,
    0x0D, 0xCC, 0x4F, 0xD4, 0x4F, 0xD4, 0x2F, 0xD4, 0x6F, 0xD4, 0x4F, 0xD4, 0x4F, 0xD4, 0x90, 0xDC,
    0x70, 0xDC, 0x50, 0xD4, 0x70, 0xDC, 0x90, 0xDC, 0xB1, 0xDC, 0x91, 0xDC, 0x50, 0xDC, 0x70, 0xDC,
    0x91, 0xDC, 0x91, 0xDC, 0xB1, 0xDC, 0xB1, 0xDC, 0xB1, 0xDC, 0xD2, 0xDC, 0xF2, 0xDC, 0xF2, 0xDC,
    0xF2, 0xDC, 0xF2, 0xD4, 0x13, 0xD5, 0x34, 0xCD, 0xB9, 0xD6, 0x1B, 0xDF, 0xFB, 0xD6, 0xFB, 0xD6,
    0xFB, 0xD6, 0xFB, 0xD6, 0xFB, 0xD6, 0xFB, 0xD6, 0xFB, 0xD6, 0xFB, 0xD6, 0xFB, 0xD6, 0xFB, 0xD6,
    0xFB, 0xD6, 0xFB, 0xD6, 0xFB, 0xD6, 0xFB, 0xD6, 0xFB, 0xD6, 0xFB, 0xD6, 0xFB, 0xD6, 0xFB, 0xD6,
    0x1B, 0xD7, 0xFB, 0xD6, 0xFB, 0xD6, 0xFB, 0xD6, 0xFB, 0xD6, 0xFB, 0xD6, 0xFB, 0xD6, 0xFB, 0xD6,
    0xFB, 0xD6, 0xFB, 0xD6, 0xFB, 0xD6, 0xFB, 0xD6, 0xFB, 0xD6, 0xFB, 0xD6, 0xFB, 0xD6, 0xFB, 0xD6,
    0xFB, 0xD6, 0xFB, 0xD6, 0xFB, 0xD6, 0xFB, 0xD6, 0x1B, 0xD7, 0x1B, 0xD7, 0x1B, 0xD7, 0x1B, 0xD7,
    0x1B, 0xD7, 0x1B, 0xD7, 0xFB, 0xD6, 0xFB, 0xD6, 0xFA, 0xD6, 0xFA, 0xD6, 0x1B, 0xD7, 0xFA, 0xCE,
    0xD4, 0xA5, 0x8E, 0x7C, 0x4C, 0x74, 0x0A, 0x6C, 0x29, 0x6C, 0xC8, 0x5B, 0x67, 0x4B, 0xE7, 0x3A,
    0x67, 0x2A, 0x47, 0x22, 0x47, 0x22, 0x67, 0x22, 0x67, 0x22, 0x67, 0x22, 0x87, 0x2A, 0x87, 0x32,
    0x32, 0x95, 0xFA, 0xD6, 0xDA, 0xD6, 0xFB, 0xD6, 0xDA, 0xCE, 0xCF, 0x84, 0x88, 0x53, 0x67, 0x53,
    0x25, 0x4B, 0xE4, 0x42, 0xC5, 0x42, 0x84, 0x32, 0x24, 0x2A, 0x04, 0x22, 0xE4, 0x21, 0xA4, 0x19,
    0x63, 0x19, 0x67, 0x42, 0xD5, 0xBD, 0xD9, 0xE6, 0x98, 0xDE, 0xB8, 0xDE, 0xB1, 0xBD, 0x89, 0x8C,
    0x06, 0x7C, 0xA5, 0x6B, 0x25, 0x5B, 0xE6, 0x5A, 0x52, 0xAD, 0x57, 0xD6, 0xF6, 0xCD, 0xF6, 0xCD,
    0x91, 0xB5, 0x0B, 0x9D, 0xA8, 0x8C, 0x67, 0x84, 0x06, 0x74, 0xC6, 0x63, 0x85, 0x5B, 0x86, 0x5B,
    0xE5, 0x42, 0xAA, 0x6B, 0xD5, 0xC5, 0xD5, 0xC5, 0x94, 0xBD, 0x74, 0xB5, 0x53, 0xB5, 0x12, 0xAD,
    0xD8, 0xE6, 0x98, 0xDE, 0x78, 0xD6, 0x57, 0xCE, 0x37, 0xCE, 0x17, 0xC6, 0xF6, 0xBD, 0xD6, 0xB5,
    0xB7, 0xB5, 0xB7, 0xAD, 0xB7, 0xAD, 0xB5, 0xAD, 0x93, 0xAD, 0x0A, 0x7C, 0xA3, 0x42, 0xA3, 0x42,
    0xA4, 0x3A, 0xA4, 0x3A, 0xC5, 0x3A, 0xE6, 0x42, 0xEA, 0x6B, 0x50, 0xA5, 0x6A, 0x8C, 0xC6, 0x73,
    0xE6, 0x73, 0xC6, 0x63, 0xC6, 0x63, 0xE8, 0x6B, 0x6D, 0x84, 0x54, 0x9D, 0x75, 0xA5, 0x75, 0xA5,
    0x75, 0xA5, 0x75, 0xA5, 0x75, 0x9D, 0x75, 0x9D, 0x54, 0x9D, 0x34, 0x9D, 0x74, 0x9D, 0x74, 0x9D,
    0x75, 0x9D, 0x95, 0xA5, 0x95, 0xA5, 0x95, 0xA5, 0xB5, 0xA5, 0xB6, 0xA5, 0xD6, 0xA5, 0xD6, 0xAD,
    0xF7, 0xAD, 0x17, 0xB6, 0x37, 0xBE, 0x58, 0xC6, 0xDA, 0xD6, 0xFA, 0xDE, 0xFA, 0xDE, 0xFB, 0xDE,
    0xFB, 0xDE, 0xFB, 0xDE, 0x1B, 0xDF, 0x1B, 0xDF, 0x1B, 0xD7, 0x1B, 0xD7, 0x3B, 0xDF, 0x3B, 0xDF,
    0x3B, 0xDF, 0x1B, 0xDF, 0x1B, 0xDF, 0x1B, 0xDF, 0x1A, 0xD7, 0xDA, 0xD6, 0x78, 0xCE, 0xD5, 0xB5,
    0x53, 0xA5, 0x32, 0xA5, 0x12, 0x9D, 0xF1, 0x9C, 0x12, 0x9D, 0x32, 0xA5, 0x53, 0xA5, 0xD4, 0xB5,
    0x16, 0xBE, 0xF5, 0xBD, 0xB4, 0xAD, 0xB5, 0xAD, 0xB5, 0xAD, 0x74, 0xA5, 0x74, 0xA5, 0x95, 0xA5,
    0x95, 0xA5, 0x74, 0xA5, 0x74, 0xA5, 0x75, 0xA5, 0x74, 0xA5, 0x54, 0xA5, 0x54, 0xA5, 0x74, 0xA5,
    0x74, 0xA5, 0x94, 0xA5, 0xB5, 0xAD, 0xD6, 0xAD, 0xB6, 0xAD, 0xB6, 0xAD, 0xB6, 0xAD, 0xB6, 0xAD,
    0xB6, 0xAD, 0xD7, 0xAD, 0xD7, 0xAD, 0xF7, 0xB5, 0xD6, 0xAD, 0xB6, 0xAD, 0xB5, 0xAD, 0xB5, 0xAD,
    0xB5, 0xAD, 0xB5, 0xB5, 0x95, 0xB5, 0xF6, 0xD5, 0x16, 0xEE, 0xB4, 0xED, 0xB5, 0xED, 0xD5, 0xED,
    0x94, 0xED, 0x53, 0xE5, 0x73, 0xED, 0xF1, 0xDC, 0xD1, 0xDC, 0x32, 0xED, 0xB0, 0xDC, 0xB0, 0xDC,
    0xD1, 0xDC, 0x90, 0xDC, 0xB1, 0xDC, 0x50, 0xD4, 0x50, 0xD4, 0x70, 0xD4, 0x70, 0xCC, 0x0F, 0xC4,
    0xEF, 0xC3, 0xEF, 0xCB, 0xAE, 0xC3, 0x6C, 0xBB, 0x4C, 0xB3, 0x0B, 0xAB, 0xCA, 0xA2, 0x48, 0x8A,
    0x2B, 0xA3, 0xB0, 0xCC, 0x8F, 0xCC, 0x8B, 0xB3, 0x0A, 0xAB, 0x2B, 0xB3, 0x4C, 0xBB, 0x4C, 0xC3,
    0x4C, 0xC3, 0x6C, 0xC3, 0x8D, 0xCB, 0x8D, 0xC3, 0x8D, 0xC3, 0x8D, 0xC3, 0xAD, 0xC3, 0xAD, 0xCB,
    0x8D, 0xC3, 0x8D, 0xCB, 0xAD, 0xCB, 0x8D, 0xCB, 0x4C, 0xC3, 0x6C, 0xC3, 0x6C, 0xC3, 0x4B, 0xBB,
    0x2A, 0xAB, 0xCC, 0xBB, 0x0E, 0xC4, 0xCD, 0xBB, 0xA8, 0xA2, 0xA8, 0xA2, 0x2A, 0xB3, 0xCC, 0xC3,
    0x0D, 0xCC, 0x2E, 0xCC, 0x70, 0xD4, 0x2F, 0xD4, 0x4F, 0xD4, 0x70, 0xDC, 0x70, 0xDC, 0x4F, 0xD4,
    0x50, 0xD4, 0x2F, 0xD4, 0x50, 0xD4, 0x91, 0xDC, 0x70, 0xDC, 0x91, 0xDC, 0x90, 0xDC, 0x50, 0xD4,
    0x70, 0xDC, 0x91, 0xDC, 0x91, 0xDC, 0xD1, 0xDC, 0xB1, 0xDC, 0xD1, 0xDC, 0xF2, 0xDC, 0xF2, 0xDC,
    0xF2, 0xDC, 0xF2, 0xD4, 0xD2, 0xD4, 0x13, 0xCD, 0x79, 0xDE, 0x1B, 0xDF, 0xFB, 0xD6, 0xFB, 0xD6,
    0xFB, 0xD6, 0xFB, 0xD6, 0xFB, 0xD6, 0xFB, 0xD6, 0xFB, 0xD6, 0xFB, 0xD6, 0x1B, 0xD7, 0xFB, 0xD6,
    0xFB, 0xD6, 0x1B, 0xD7, 0x1B, 0xD7, 0x1B, 0xD7, 0xFB, 0xD6, 0xFB, 0xD6, 0xFB, 0xD6, 0x1B, 0xD7,
    0x1B, 0xD7, 0xFB, 0xD6, 0xFB, 0xD6, 0xFB, 0xD6, 0xFB, 0xD6, 0xFB, 0xD6, 0xFB, 0xD6, 0xFB, 0xD6,
    0xFB, 0xD6, 0xFB, 0xD6, 0xFB, 0xD6, 0xFB, 0xD6, 0xFB, 0xD6, 0xFB, 0xD6, 0xFB, 0xD6, 0xFB, 0xD6,
    0xFB, 0xD6, 0xFB, 0xD6, 0xFB, 0xD6, 0xFB, 0xD6, 0xFB, 0xD6, 0x1B, 0xD7, 0x1B, 0xD7, 0x1B, 0xD7,
    0x1B, 0xD7, 0x1B, 0xD7, 0xFB, 0xD6, 0xFB, 0xD6, 0xFA, 0xD6, 0xFA, 0xD6, 0xFA, 0xCE, 0x15, 0xAE,
    0xAE, 0x84, 0x6C, 0x7C, 0x2A, 0x6C, 0xE8, 0x63, 0x08, 0x64, 0x87, 0x53, 0x47, 0x43, 0xC7, 0x3A,
    0x87, 0x2A, 0x67, 0x2A, 0x47, 0x22, 0x46, 0x22, 0x46, 0x22, 0x47, 0x22, 0x46, 0x22, 0x26, 0x2A,
    0x33, 0x95, 0xFA, 0xD6, 0xFA, 0xD6, 0xFA, 0xCE, 0x52, 0x95, 0xA9, 0x5B, 0x87, 0x53, 0x46, 0x4B,
    0x05, 0x4B, 0xC4, 0x3A, 0xC4, 0x3A, 0x64, 0x32, 0x24, 0x2A, 0x04, 0x22, 0xE4, 0x19, 0xC4, 0x19,
    0xA4, 0x21, 0x26, 0x3A, 0x94, 0xB5, 0xB9, 0xE6, 0x98, 0xE6, 0x56, 0xD6, 0x0D, 0xA5, 0x47, 0x84,
    0x06, 0x7C, 0xC5, 0x6B, 0x04, 0x53, 0xA4, 0x4A, 0x6E, 0x94, 0x17, 0xCE, 0xD6, 0xCD, 0xB4, 0xBD,
    0x4E, 0xA5, 0xC9, 0x94, 0x87, 0x84, 0x05, 0x74, 0xE6, 0x6B, 0xC5, 0x63, 0x85, 0x5B, 0x45, 0x53,
    0xE5, 0x4A, 0x8A, 0x63, 0x73, 0xB5, 0x94, 0xBD, 0x53, 0xB5, 0x33, 0xAD, 0x12, 0xAD, 0xF2, 0xA4,
    0xB8, 0xE6, 0x98, 0xDE, 0x57, 0xD6, 0x37, 0xCE, 0x17, 0xCE, 0x17, 0xC6, 0xD6, 0xBD, 0xB6, 0xB5,
    0xB6, 0xB5, 0xB6, 0xAD, 0x96, 0xAD, 0x94, 0xAD, 0x50, 0xA5, 0x29, 0x7C, 0x25, 0x53, 0xE4, 0x4A,
    0xE5, 0x42, 0xE5, 0x42, 0xC5, 0x42, 0xA4, 0x42, 0x09, 0x74, 0xEC, 0x9C, 0x47, 0x84, 0xC5, 0x73,
    0xC6, 0x6B, 0xA6, 0x63, 0xA6, 0x63, 0xE7, 0x63, 0x2A, 0x74, 0x11, 0x95, 0x54, 0x9D, 0x54, 0xA5,
    0x75, 0xA5, 0x75, 0xA5, 0x74, 0xA5, 0x54, 0x9D, 0x33, 0x9D, 0x54, 0x9D, 0x74, 0x9D, 0x74, 0x9D,
    0x75, 0x9D, 0x95, 0xA5, 0xB6, 0xA5, 0xB6, 0xA5, 0xB6, 0xA5, 0xB6, 0xA5, 0xD6, 0xAD, 0xF6, 0xAD,
    0xF7, 0xB5, 0x17, 0xBE, 0x37, 0xC6, 0x78, 0xCE, 0xDA, 0xD6, 0xFA, 0xDE, 0xFA, 0xDE, 0xFB, 0xDE,
    0xFB, 0xDE, 0xFB, 0xDE, 0x1B, 0xDF, 0x1B, 0xDF, 0x1B, 0xDF, 0x1B, 0xDF, 0x3B, 0xDF, 0x3B, 0xDF,
    0x3B, 0xDF, 0x3B, 0xDF, 0x3B, 0xDF, 0x3B, 0xDF, 0x3B, 0xDF, 0x3B, 0xDF, 0x3B, 0xDF, 0xF9, 0xD6,
    0x78, 0xCE, 0x37, 0xC6, 0xF6, 0xBD, 0xF5, 0xBD, 0x16, 0xBE, 0x36, 0xC6, 0x36, 0xC6, 0x57, 0xC6,
    0x57, 0xCE, 0x57, 0xC6, 0xF5, 0xB5, 0xB5, 0xAD, 0x94, 0xAD, 0x94, 0xAD, 0x94, 0xAD, 0x95, 0xAD,
    0xB5, 0xAD, 0x94, 0xA5, 0x94, 0xA5, 0x94, 0xA5, 0x74, 0xA5, 0x74, 0xA5, 0x74, 0xA5, 0x94, 0xA5,
    0x94, 0xA5, 0x95, 0xAD, 0xB5, 0xAD, 0xB6, 0xAD, 0xB6, 0xAD, 0xD6, 0xAD, 0xD6, 0xAD, 0xD6, 0xAD,
    0xD6, 0xB5, 0xD7, 0xB5, 0xD7, 0xB5, 0xF7, 0xB5, 0xD6, 0xB5, 0xB6, 0xAD, 0xB5, 0xAD, 0xD5, 0xAD,
    0xB6, 0xB5, 0xB5, 0xB5, 0xB5, 0xBD, 0x16, 0xDE, 0xF6, 0xED, 0xB4, 0xED, 0xB5, 0xED, 0x94, 0xED,
    0x32, 0xDD, 0x32, 0xDD, 0x73, 0xED, 0x11, 0xE5, 0x12, 0xE5, 0x12, 0xE5, 0x90, 0xD4, 0x90, 0xD4,
    0x90, 0xD4, 0x50, 0xD4, 0x70, 0xD4, 0x0F, 0xCC, 0x2F, 0xCC, 0x70, 0xD4, 0x50, 0xCC, 0x2F, 0xCC,
    0x0F, 0xCC, 0xEF, 0xC3, 0xAD, 0xBB, 0x6C, 0xB3, 0x4C, 0xB3, 0x0B, 0xA3, 0xCA, 0x9A, 0x88, 0x92,
    0x68, 0x8A, 0x8C, 0xA3, 0x6E, 0xBC, 0xEC, 0xB3, 0xE8, 0x9A, 0xC9, 0xA2, 0xEA, 0xAA, 0xEA, 0xAA,
    0x2B, 0xBB, 0x4B, 0xBB, 0x6C, 0xBB, 0x8D, 0xC3, 0x8D, 0xC3, 0x6C, 0xC3, 0x8D, 0xC3, 0xAD, 0xC3,
    0x8C, 0xC3, 0x6C, 0xC3, 0x6C, 0xC3, 0x6C, 0xC3, 0x0A, 0xB3, 0xE9, 0xB2, 0x09, 0xB3, 0x4A, 0xAB,
    0x8B, 0xB3, 0xEC, 0xB3, 0xCD, 0xBB, 0xC9, 0x9A, 0x26, 0x8A, 0x09, 0xAB, 0x6A, 0xBB, 0x8B, 0xBB,
    0xED, 0xC3, 0x4E, 0xCC, 0x4F, 0xD4, 0x6F, 0xD4, 0x2F, 0xCC, 0x70, 0xD4, 0x4F, 0xD4, 0x4F, 0xD4,
    0x70, 0xDC, 0x70, 0xDC, 0x50, 0xDC, 0x2F, 0xD4, 0x50, 0xD4, 0x91, 0xDC, 0x90, 0xDC, 0x90, 0xDC,
    0x90, 0xDC, 0x50, 0xD4, 0x90, 0xDC, 0x90, 0xD4, 0xB1, 0xDC, 0xB1, 0xD4, 0xF2, 0xDC, 0xB1, 0xD4,
    0xD2, 0xD4, 0xF2, 0xD4, 0x13, 0xD5, 0x14, 0xCD, 0x58, 0xD6, 0x1B, 0xDF, 0x1B, 0xD7, 0x1B, 0xD7,
    0x1B, 0xD7, 0x1B, 0xD7, 0x1B, 0xD7, 0x1B, 0xD7, 0x1B, 0xD7, 0x1B, 0xD7, 0xFA, 0xD6, 0x1B, 0xD7,
    0x1B, 0xDF, 0xDA, 0xDE, 0xB9, 0xD6, 0x1B, 0xDF, 0x1B, 0xDF, 0xFB, 0xD6, 0x1B, 0xD7, 0x1B, 0xD7,
    0x1B, 0xD7, 0x1B, 0xD7, 0x1B, 0xD7, 0xFB, 0xD6, 0xFB, 0xD6, 0xFB, 0xD6, 0xFB, 0xD6, 0xFB, 0xD6,
    0xFB, 0xD6, 0xFB, 0xD6, 0xFB, 0xD6, 0xFB, 0xD6, 0xFB, 0xD6, 0xFB, 0xD6, 0xFB, 0xD6, 0x1B, 0xD7,
    0xFB, 0xD6, 0xFB, 0xD6, 0xFB, 0xD6, 0xFB, 0xD6, 0xFB, 0xD6, 0x1B, 0xD7, 0x1B, 0xD7, 0x1B, 0xD7,
    0x1B, 0xD7, 0x1B, 0xD7, 0x1B, 0xD7, 0xFB, 0xD6, 0xFA, 0xD6, 0x1A, 0xD7, 0x77, 0xBE, 0xCF, 0x84,
    0x6C, 0x74, 0x4B, 0x74, 0x09, 0x64, 0xE8, 0x63, 0xE8, 0x63, 0x87, 0x53, 0x27, 0x43, 0xC7, 0x32,
    0x87, 0x2A, 0x67, 0x2A, 0x26, 0x22, 0x26, 0x22, 0x26, 0x22, 0x47, 0x22, 0x26, 0x22, 0x67, 0x32,
    0xF6, 0xAD, 0x1A, 0xD7, 0xFA, 0xD6, 0x93, 0xA5, 0x89, 0x5B, 0x88, 0x53, 0x46, 0x4B, 0x05, 0x43,
    0x05, 0x43, 0xE4, 0x42, 0xC4, 0x3A, 0x64, 0x32, 0x44, 0x2A, 0x24, 0x2A, 0xE4, 0x21, 0xC4, 0x19,
    0xC4, 0x21, 0x05, 0x32, 0x32, 0xA5, 0xD9, 0xE6, 0x78, 0xDE, 0xB2, 0xC5, 0x8A, 0x94, 0x47, 0x7C,
    0xE5, 0x73, 0xA5, 0x6B, 0x25, 0x5B, 0xC4, 0x4A, 0xEC, 0x7B, 0xD5, 0xC5, 0xB5, 0xC5, 0x72, 0xB5,
    0xEB, 0x9C, 0xC8, 0x8C, 0x66, 0x84, 0xE5, 0x73, 0xE6, 0x73, 0x06, 0x6C, 0xA6, 0x63, 0x66, 0x53,
    0x26, 0x4B, 0x48, 0x5B, 0xF1, 0xA4, 0x74, 0xB5, 0x13, 0xAD, 0xF2, 0xA4, 0xF2, 0xA4, 0xF2, 0xA4,
    0xB8, 0xDE, 0x77, 0xDE, 0x57, 0xD6, 0x37, 0xCE, 0x17, 0xC6, 0xF7, 0xC5, 0xD6, 0xBD, 0xB6, 0xB5,
    0xB6, 0xB5, 0xB6, 0xAD, 0x96, 0xAD, 0x73, 0xAD, 0xED, 0x9C, 0x08, 0x74, 0x65, 0x5B, 0xE4, 0x4A,
    0x84, 0x3A, 0xC5, 0x42, 0x42, 0x3A, 0x25, 0x53, 0xEB, 0x94, 0x0A, 0x9D, 0xC8, 0x94, 0x47, 0x84,
    0x06, 0x74, 0xE6, 0x6B, 0xE7, 0x63, 0x07, 0x64, 0x28, 0x6C, 0xAE, 0x84, 0x32, 0x9D, 0x54, 0x9D,
    0x54, 0x9D, 0x74, 0x9D, 0x74, 0x9D, 0x54, 0x9D, 0x54, 0x9D, 0x54, 0x9D, 0x74, 0x9D, 0x95, 0x9D,
    0x95, 0xA5, 0xB6, 0xA5, 0xB6, 0xAD, 0xB6, 0xAD, 0xB6, 0xAD, 0xD6, 0xAD, 0xD6, 0xAD, 0xF6, 0xB5,
    0x17, 0xB6, 0x38, 0xBE, 0x58, 0xCE, 0xB9, 0xD6, 0xDA, 0xD6, 0xDA, 0xDE, 0xFA, 0xDE, 0xFA, 0xDE,
    0xFB, 0xDE, 0xFA, 0xDE, 0xFA, 0xDE, 0xFA, 0xDE, 0xFB, 0xDE, 0xFB, 0xDE, 0x1B, 0xDF, 0x3B, 0xDF,
    0x3B, 0xDF, 0x3B, 0xDF, 0x3B, 0xDF, 0x3B, 0xDF, 0x3B, 0xDF, 0x3B, 0xDF, 0x3B, 0xDF, 0x1B, 0xDF,
    0x1B, 0xDF, 0x1A, 0xD7, 0xFA, 0xD6, 0xFA, 0xD6, 0xFA, 0xD6, 0xFA, 0xD6, 0xFA, 0xD6, 0xFA, 0xD6,
    0xD9, 0xD6, 0xB9, 0xCE, 0x78, 0xC6, 0x16, 0xBE, 0x94, 0xAD, 0x94, 0xAD, 0x94, 0xAD, 0x94, 0xAD,
    0xB5, 0xAD, 0xB5, 0xAD, 0xB4, 0xAD, 0x94, 0xA5, 0x94, 0xA5, 0xB5, 0xA5, 0xB5, 0xAD, 0xB5, 0xAD,
    0xB5, 0xAD, 0xB5, 0xAD, 0xB5, 0xAD, 0xB6, 0xB5, 0xD6, 0xB5, 0xD6, 0xB5, 0xD6, 0xB5, 0xD6, 0xB5,
    0xD6, 0xB5, 0xD7, 0xB5, 0xD7, 0xB5, 0xD6, 0xB5, 0xD6, 0xB5, 0xD6, 0xB5, 0xD6, 0xB5, 0xD6, 0xB5,
    0xD6, 0xB5, 0xB6, 0xBD, 0xB6, 0xC5, 0x37, 0xE6, 0x16, 0xEE, 0xB4, 0xED, 0x74, 0xE5, 0x93, 0xE5,
    0x73, 0xE5, 0x73, 0xE5, 0x73, 0xE5, 0x12, 0xE5, 0xF1, 0xDC, 0x70, 0xD4, 0x4F, 0xCC, 0x90, 0xDC,
    0x2F, 0xCC, 0x50, 0xD4, 0x91, 0xD4, 0x0F, 0xC4, 0x70, 0xD4, 0x70, 0xD4, 0x0F, 0xC4, 0xCE, 0xC3,
    0xCE, 0xBB, 0xCE, 0xBB, 0x8D, 0xBB, 0x6C, 0xB3, 0x6C, 0xAB, 0x4B, 0xA3, 0xEA, 0x9A, 0x88, 0x8A,
    0x47, 0x82, 0xC5, 0x71, 0x09, 0x93, 0xAB, 0xA3, 0x6A, 0xA3, 0x4A, 0xA3, 0xA8, 0x92, 0xA8, 0x9A,
    0xC9, 0xA2, 0xC9, 0xA2, 0xE9, 0xAA, 0xE9, 0xAA, 0x0A, 0xAB, 0x0A, 0xB3, 0x2A, 0xB3, 0x0A, 0xB3,
    0x2B, 0xB3, 0xE9, 0xAA, 0xE9, 0xAA, 0xE9, 0xAA, 0x09, 0xAB, 0x08, 0xA3, 0x29, 0xA3, 0x49, 0xAB,
    0xEC, 0xBB, 0xCC, 0xB3, 0xC8, 0x9A, 0x05, 0x82, 0x87, 0x92, 0x09, 0xA3, 0xAB, 0xBB, 0x8B, 0xBB,
    0xAC, 0xBB, 0x0D, 0xC4, 0x2E, 0xCC, 0x4F, 0xD4, 0x2F, 0xD4, 0x4F, 0xD4, 0x70, 0xD4, 0x70, 0xD4,
    0x50, 0xD4, 0x70, 0xDC, 0x50, 0xD4, 0x70, 0xDC, 0x70, 0xDC, 0x70, 0xD4, 0x4F, 0xD4, 0x70, 0xD4,
    0x70, 0xD4, 0x50, 0xD4, 0x91, 0xDC, 0xB1, 0xDC, 0xB1, 0xDC, 0xD1, 0xDC, 0xD2, 0xDC, 0xB1, 0xD4,
    0xD2, 0xD4, 0xF2, 0xD4, 0xF2, 0xCC, 0x13, 0xCD, 0x17, 0xCE, 0x1B, 0xDF, 0x1B, 0xD7, 0x1B, 0xD7,
    0x1B, 0xD7, 0x1B, 0xD7, 0x1B, 0xD7, 0x1B, 0xD7, 0x1B, 0xD7, 0x1B, 0xD7, 0x1A, 0xD7, 0x1B, 0xDF,
    0x38, 0xDE, 0xD2, 0xC4, 0xD2, 0xC4, 0x94, 0xC5, 0xFA, 0xDE, 0xFA, 0xD6, 0x1B, 0xD7, 0x1B, 0xDF,
    0x1B, 0xDF, 0x1B, 0xD7, 0xFB, 0xD6, 0xFB, 0xD6, 0xFB, 0xD6, 0x1B, 0xD7, 0xFB, 0xD6, 0xFB, 0xD6,
    0xFB, 0xD6, 0xFB, 0xD6, 0xFB, 0xD6, 0xFB, 0xD6, 0xFB, 0xD6, 0xFB, 0xD6, 0xFB, 0xD6, 0xFB, 0xD6,
    0xFB, 0xD6, 0xFB, 0xD6, 0xFB, 0xD6, 0xFB, 0xD6, 0xFB, 0xD6, 0x1B, 0xD7, 0x1B, 0xD7, 0x1B, 0xD7,
    0x1B, 0xD7, 0x1B, 0xD7, 0x1A, 0xD7, 0xFA, 0xD6, 0xFA, 0xD6, 0xFA, 0xD6, 0xB4, 0xA5, 0x4C, 0x74,
    0x4B, 0x6C, 0x2A, 0x6C, 0xE9, 0x63, 0xC8, 0x5B, 0x87, 0x53, 0x47, 0x4B, 0x27, 0x43, 0xC7, 0x32,
    0x87, 0x2A, 0x67, 0x2A, 0x26, 0x22, 0x26, 0x22, 0x06, 0x22, 0x26, 0x2A, 0x06, 0x22, 0x88, 0x3A,
    0x57, 0xB6, 0x3B, 0xDF, 0xF5, 0xB5, 0xAA, 0x63, 0x67, 0x53, 0x26, 0x4B, 0xE5, 0x42, 0xE4, 0x42,
    0xE4, 0x42, 0xC4, 0x3A, 0x84, 0x32, 0x43, 0x2A, 0x44, 0x2A, 0x44, 0x2A, 0x04, 0x22, 0xC4, 0x19,
    0xC4, 0x21, 0xC5, 0x29, 0x0E, 0x7C, 0x77, 0xD6, 0x36, 0xD6, 0xEE, 0xA4, 0x48, 0x84, 0x47, 0x7C,
    0xA5, 0x6B, 0x85, 0x6B, 0x45, 0x5B, 0xC4, 0x4A, 0x8A, 0x73, 0xB5, 0xC5, 0xB4, 0xC5, 0x51, 0xB5,
    0xA9, 0x8C, 0x87, 0x84, 0x26, 0x7C, 0xE6, 0x73, 0xE6, 0x6B, 0xC6, 0x6B, 0xA6, 0x5B, 0x45, 0x4B,
    0x06, 0x43, 0x07, 0x4B, 0x8F, 0x8C, 0x33, 0xAD, 0xF2, 0xA4, 0xD2, 0xA4, 0xD1, 0x9C, 0xD1, 0x9C,
    0x98, 0xDE, 0x78, 0xDE, 0x37, 0xD6, 0x17, 0xCE, 0xF7, 0xC5, 0x17, 0xC6, 0xF6, 0xBD, 0xB6, 0xB5,
    0x96, 0xB5, 0x96, 0xAD, 0x95, 0xAD, 0x72, 0xAD, 0x8B, 0x8C, 0xA6, 0x63, 0x04, 0x4B, 0xE4, 0x42,
    0x83, 0x32, 0x42, 0x32, 0x62, 0x42, 0x69, 0x84, 0x2A, 0xA5, 0xC8, 0x94, 0xA8, 0x8C, 0x88, 0x84,
    0x27, 0x74, 0xC6, 0x63, 0xC6, 0x5B, 0xE7, 0x63, 0x28, 0x64, 0x8B, 0x74, 0x10, 0x8D, 0x53, 0x9D,
    0x54, 0x9D, 0x54, 0xA5, 0x74, 0x9D, 0x74, 0x9D, 0x74, 0x9D, 0x74, 0x9D, 0x75, 0xA5, 0x95, 0xA5,
    0xB6, 0xA5, 0xB6, 0xAD, 0xD6, 0xAD, 0xD6, 0xB5, 0xD6, 0xB5, 0xF6, 0xBD, 0x37, 0xBE, 0x58, 0xC6,
    0x78, 0xCE, 0x99, 0xCE, 0xBA, 0xD6, 0xDA, 0xD6, 0xDA, 0xD6, 0xFA, 0xDE, 0xFA, 0xDE, 0xFA, 0xDE,
    0xFA, 0xDE, 0xFA, 0xDE, 0xFA, 0xDE, 0x1A, 0xDF, 0xFB, 0xDE, 0x1B, 0xDF, 0x1B, 0xDF, 0x3B, 0xDF,
    0x3B, 0xDF, 0x3B, 0xDF, 0x3B, 0xDF, 0x3B, 0xDF, 0x3B, 0xDF, 0x3B, 0xDF, 0x3B, 0xDF, 0x3B, 0xDF,
    0x3B, 0xDF, 0x3B, 0xDF, 0x3B, 0xDF, 0x3B, 0xDF, 0x1B, 0xDF, 0x1B, 0xDF, 0x3B, 0xDF, 0x3B, 0xDF,
    0x1B, 0xDF, 0x1A, 0xDF, 0x1A, 0xDF, 0x98, 0xCE, 0xF5, 0xB5, 0xB4, 0xAD, 0xB5, 0xAD, 0xB5, 0xAD,
    0xB5, 0xAD, 0xB5, 0xAD, 0xB5, 0xAD, 0xB5, 0xAD, 0xB5, 0xAD, 0xD5, 0xAD, 0xD5, 0xAD, 0xD6, 0xB5,
    0xD6, 0xB5, 0xD6, 0xB5, 0xD6, 0xB5, 0xD6, 0xB5, 0xD6, 0xB5, 0xD6, 0xB5, 0xD6, 0xB5, 0xD6, 0xB5,
    0xD6, 0xB5, 0xD6, 0xB5, 0xD6, 0xBD, 0xF6, 0xBD, 0xD6, 0xB5, 0xD6, 0xB5, 0xD6, 0xB5, 0xD6, 0xB5,
    0xD6, 0xB5, 0xD6, 0xBD, 0xD6, 0xC5, 0x57, 0xE6, 0xF5, 0xED, 0xD4, 0xED, 0xD4, 0xED, 0xB3, 0xED,
    0x32, 0xE5, 0xF1, 0xDC, 0x12, 0xE5, 0xB0, 0xDC, 0x90, 0xD4, 0x6F, 0xCC, 0xB1, 0xDC, 0xB1, 0xDC,
    0x70, 0xD4, 0x91, 0xD4, 0x50, 0xCC, 0xEE, 0xC3, 0x50, 0xCC, 0x0F, 0xC4, 0xCE, 0xBB, 0xAE, 0xBB,
    0x8D, 0xBB, 0xAD, 0xBB, 0xAD, 0xBB, 0x8D, 0xB3, 0x6C, 0xAB, 0x4B, 0xA3, 0xE9, 0x92, 0x88, 0x8A,
    0x47, 0x82, 0x43, 0x61, 0xE2, 0x50, 0x06, 0x72, 0x2A, 0x93, 0x6A, 0xA3, 0x29, 0x9B, 0x29, 0xA3,
    0xC8, 0x9A, 0xC8, 0x9A, 0xC8, 0x9A, 0xA8, 0x9A, 0x87, 0x9A, 0x87, 0x9A, 0x88, 0x9A, 0x88, 0x9A,
    0xA8, 0x9A, 0xC8, 0xA2, 0xC8, 0xA2, 0xC8, 0xA2, 0x29, 0xAB, 0x49, 0xAB, 0x6A, 0xAB, 0x6A, 0xA3,
    0xC9, 0x92, 0xA5, 0x69, 0x43, 0x61, 0x83, 0x69, 0xA8, 0x92, 0x09, 0xA3, 0x8B, 0xB3, 0xAB, 0xBB,
    0xCC, 0xBB, 0x2E, 0xCC, 0x0E, 0xCC, 0x2E, 0xCC, 0x2F, 0xCC, 0x2F, 0xD4, 0x4F, 0xD4, 0x4F, 0xD4,
    0x2F, 0xD4, 0x70, 0xD4, 0x70, 0xD4, 0x50, 0xD4, 0x70, 0xDC, 0x70, 0xDC, 0x50, 0xD4, 0x4F, 0xD4,
    0x90, 0xD4, 0x4F, 0xD4, 0x50, 0xD4, 0x91, 0xDC, 0xB1, 0xD4, 0x70, 0xD4, 0xB1, 0xDC, 0xB1, 0xD4,
    0xB1, 0xD4, 0xF2, 0xD4, 0xF2, 0xCC, 0xF3, 0xC4, 0x17, 0xCE, 0x1B, 0xDF, 0x1B, 0xD7, 0x1B, 0xD7,
    0xFB, 0xDE, 0x1B, 0xD7, 0x1B, 0xD7, 0x1A, 0xD7, 0x1B, 0xD7, 0x1B, 0xD7, 0x1B, 0xDF, 0x78, 0xDE,
    0x71, 0xBC, 0x50, 0xCC, 0x70, 0xCC, 0x70, 0xBC, 0x78, 0xD6, 0x3B, 0xDF, 0xFA, 0xDE, 0x78, 0xD6,
    0xD9, 0xDE, 0x1B, 0xDF, 0xFB, 0xD6, 0x1B, 0xD7, 0x1B, 0xD7, 0x1B, 0xD7, 0x1B, 0xD7, 0x1B, 0xD7,
    0x1B, 0xD7, 0x1B, 0xD7, 0x1B, 0xD7, 0x1B, 0xD7, 0x1B, 0xD7, 0xFB, 0xD6, 0xFB, 0xD6, 0xFB, 0xD6,
    0xFB, 0xD6, 0xFB, 0xD6, 0xFB, 0xD6, 0xFB, 0xD6, 0xFB, 0xD6, 0xFB, 0xD6, 0xFB, 0xD6, 0xFB, 0xD6,
    0xFB, 0xD6, 0xFB, 0xD6, 0x1A, 0xD7, 0xFA, 0xD6, 0x1B, 0xD7, 0xD9, 0xCE, 0x10, 0x8D, 0x0B, 0x6C,
    0x4B, 0x6C, 0x2A, 0x6C, 0xC9, 0x5B, 0xA8, 0x5B, 0x67, 0x53, 0x27, 0x43, 0x07, 0x43, 0xE6, 0x32,
    0xA7, 0x2A, 0x67, 0x2A, 0x26, 0x22, 0x26, 0x22, 0x06, 0x22, 0x26, 0x22, 0x06, 0x22, 0x06, 0x22,
    0x33, 0x8D, 0x57, 0xBE, 0xEB, 0x6B, 0x27, 0x4B, 0x46, 0x4B, 0x26, 0x4B, 0xE5, 0x42, 0xC4, 0x3A,
    0xC4, 0x3A, 0xA3, 0x3A, 0x84, 0x32, 0x64, 0x2A, 0x23, 0x22, 0xE3, 0x19, 0xC3, 0x19, 0xC4, 0x19,
    0xC4, 0x21, 0xA4, 0x21, 0x47, 0x3A, 0xB0, 0x94, 0x72, 0xB5, 0x2A, 0x8C, 0x48, 0x84, 0x27, 0x7C,
    0x84, 0x63, 0xA6, 0x63, 0x25, 0x53, 0x63, 0x3A, 0x49, 0x63, 0x94, 0xBD, 0xB4, 0xC5, 0x30, 0xAD,
    0x89, 0x8C, 0x67, 0x84, 0x47, 0x7C, 0x07, 0x74, 0xE6, 0x6B, 0xC6, 0x6B, 0x85, 0x5B, 0xE4, 0x42,
    0x06, 0x43, 0xE7, 0x42, 0xED, 0x73, 0xF2, 0xA4, 0xD2, 0xA4, 0xD1, 0xA4, 0xB1, 0x9C, 0xB1, 0x9C,
    0x98, 0xDE, 0x78, 0xDE, 0x57, 0xD6, 0x17, 0xCE, 0xF6, 0xC5, 0xD5, 0xBD, 0xB4, 0xB5, 0xB5, 0xB5,
    0xB6, 0xB5, 0x96, 0xAD, 0x95, 0xAD, 0x30, 0xAD, 0x08, 0x7C, 0x65, 0x5B, 0xE4, 0x42, 0xA4, 0x42,
    0xA4, 0x3A, 0x42, 0x32, 0xE7, 0x73, 0x0B, 0x9D, 0xC9, 0x94, 0xA8, 0x8C, 0x88, 0x84, 0x68, 0x7C,
    0x48, 0x74, 0x07, 0x64, 0xE7, 0x63, 0x07, 0x64, 0x07, 0x64, 0x49, 0x6C, 0x8B, 0x74, 0xEF, 0x8C,
    0x52, 0x9D, 0x54, 0xA5, 0x74, 0xA5, 0x94, 0xAD, 0x94, 0xAD, 0x95, 0xAD, 0xB5, 0xAD, 0xB6, 0xAD,
    0xB6, 0xB5, 0xF6, 0xB5, 0x17, 0xBE, 0x58, 0xC6, 0x79, 0xCE, 0x98, 0xCE, 0xB9, 0xD6, 0xDA, 0xD6,
    0xDA, 0xDE, 0xFA, 0xDE, 0xFA, 0xD6, 0xFA, 0xDE, 0xFA, 0xDE, 0xFA, 0xDE, 0xFA, 0xDE, 0xFA, 0xDE,
    0xFA, 0xDE, 0xFA, 0xDE, 0xFA, 0xDE, 0x1A, 0xDF, 0x1B, 0xDF, 0x1B, 0xDF, 0x1B, 0xDF, 0x3B, 0xDF,
    0x3B, 0xDF, 0x3B, 0xDF, 0x3B, 0xDF, 0x3B, 0xDF, 0x3B, 0xDF, 0x3B, 0xDF, 0x3B, 0xDF, 0x3B, 0xDF,
    0x3B, 0xDF, 0x1B, 0xDF, 0x1B, 0xDF, 0x3B, 0xDF, 0x3B, 0xDF, 0x3B, 0xDF, 0x3B, 0xDF, 0x3B, 0xDF,
    0x3B, 0xDF, 0x3B, 0xDF, 0x1A, 0xDF, 0x1A, 0xDF, 0x57, 0xC6, 0xF6, 0xB5, 0xD5, 0xB5, 0xB5, 0xB5,
    0xB5, 0xB5, 0xB5, 0xB5, 0xD5, 0xB5, 0xD5, 0xB5, 0xD5, 0xB5, 0xD5, 0xB5, 0xD6, 0xB5, 0xF6, 0xB5,
    0xD6, 0xB5, 0xD6, 0xB5, 0xD6, 0xB5, 0xD6, 0xB5, 0xB6, 0xBD, 0xD6, 0xC5, 0xD6, 0xBD, 0xD6, 0xB5,
    0xB5, 0xBD, 0xF6, 0xD5, 0xB6, 0xDD, 0xB5, 0xD5, 0xB5, 0xCD, 0xD6, 0xBD, 0xD6, 0xB5, 0xD6, 0xB5,
    0xD6, 0xBD, 0xF6, 0xBD, 0xF6, 0xC5, 0x56, 0xE6, 0xF5, 0xED, 0xB4, 0xED, 0xB3, 0xE5, 0x93, 0xE5,
    0x11, 0xDD, 0x12, 0xDD, 0xD1, 0xDC, 0xD0, 0xDC, 0xF1, 0xDC, 0xB1, 0xD4, 0xD1, 0xDC, 0x50, 0xCC,
    0x4F, 0xCC, 0x70, 0xD4, 0x50, 0xCC, 0x50, 0xCC, 0x0F, 0xC4, 0x2F, 0xCC, 0xEE, 0xC3, 0xCE, 0xBB,
    0xEE, 0xC3, 0xCE, 0xBB, 0xEE, 0xBB, 0xAD, 0xB3, 0x8C, 0xAB, 0x4B, 0xA3, 0x2A, 0x9B, 0xC9, 0x92,
    0x88, 0x8A, 0x44, 0x59, 0x40, 0x30, 0x00, 0x28, 0xA1, 0x38, 0xE6, 0x71, 0xC8, 0x92, 0x09, 0x9B,
    0x29, 0xA3, 0x29, 0xA3, 0x09, 0x9B, 0xE8, 0x9A, 0xC7, 0x92, 0xC7, 0x92, 0xC8, 0x9A, 0xC8, 0x9A,
    0xE8, 0x9A, 0xE8, 0x9A, 0x29, 0xA3, 0x4A, 0xAB, 0x6B, 0xAB, 0x2A, 0x9B, 0x88, 0x82, 0x64, 0x59,
    0x20, 0x28, 0x00, 0x28, 0x20, 0x30, 0x23, 0x59, 0xC9, 0x92, 0x4A, 0xAB, 0xAB, 0xB3, 0xED, 0xBB,
    0xED, 0xC3, 0x0E, 0xC4, 0x4F, 0xCC, 0x2E, 0xCC, 0x2F, 0xD4, 0x0E, 0xCC, 0x0E, 0xCC, 0x70, 0xD4,
    0x70, 0xD4, 0x70, 0xD4, 0x70, 0xD4, 0x4F, 0xD4, 0x4F, 0xD4, 0x4F, 0xD4, 0x90, 0xD4, 0x90, 0xDC,
    0x90, 0xD4, 0x70, 0xD4, 0x2F, 0xCC, 0x90, 0xD4, 0x90, 0xD4, 0x70, 0xD4, 0x91, 0xD4, 0x91, 0xD4,
    0x90, 0xCC, 0xB2, 0xD4, 0xD2, 0xCC, 0xF2, 0xCC, 0x17, 0xD6, 0x1B, 0xDF, 0x1B, 0xD7, 0x1B, 0xD7,
    0x1B, 0xDF, 0x1B, 0xD7, 0x1B, 0xDF, 0x3B, 0xDF, 0x1B, 0xD7, 0x1B, 0xD7, 0x1B, 0xDF, 0x13, 0xC5,
    0xCE, 0xC3, 0x50, 0xD4, 0x70, 0xD4, 0x50, 0xC4, 0x37, 0xDE, 0x1B, 0xEF, 0x95, 0xCD, 0xD2, 0xC4,
    0xB5, 0xCD, 0xFA, 0xE6, 0xFA, 0xDE, 0xFA, 0xDE, 0xFB, 0xD6, 0x1B, 0xD7, 0x1A, 0xD7, 0x1B, 0xD7,
    0x1B, 0xD7, 0x1B, 0xD7, 0x1B, 0xD7, 0x1B, 0xD7, 0x1B, 0xD7, 0xFB, 0xD6, 0xFA, 0xD6, 0x1B, 0xD7,
    0xFB, 0xD6, 0xFB, 0xD6, 0xFB, 0xD6, 0xFB, 0xD6, 0xFB, 0xD6, 0xFB, 0xD6, 0xFB, 0xD6, 0xFB, 0xD6,
    0xFB, 0xD6, 0xFB, 0xD6, 0x1A, 0xD7, 0xFA, 0xD6, 0x1B, 0xD7, 0xB8, 0xC6, 0xAE, 0x7C, 0xEA, 0x63,
    0x2B, 0x6C, 0xE9, 0x63, 0xC9, 0x5B, 0x88, 0x53, 0x67, 0x4B, 0x06, 0x3B, 0xC5, 0x32, 0xA6, 0x32,
    0x87, 0x2A, 0x67, 0x2A, 0x26, 0x22, 0x26, 0x22, 0x26, 0x22, 0x26, 0x22, 0x06, 0x22, 0xE5, 0x19,
    0xE9, 0x42, 0x6B, 0x53, 0x07, 0x4B, 0x47, 0x4B, 0x26, 0x4B, 0x25, 0x4B, 0x04, 0x43, 0xC3, 0x3A,
    0xC4, 0x3A, 0x83, 0x32, 0x63, 0x2A, 0x23, 0x2A, 0x23, 0x22, 0x04, 0x22, 0xC4, 0x19, 0xA4, 0x19,
    0xA4, 0x19, 0xA4, 0x19, 0xC4, 0x21, 0x87, 0x4A, 0x2B, 0x84, 0x07, 0x7C, 0x67, 0x84, 0x06, 0x74,
    0x84, 0x63, 0x44, 0x5B, 0xE4, 0x4A, 0x64, 0x3A, 0xC7, 0x52, 0xF2, 0xA4, 0x73, 0xBD, 0x30, 0xAD,
    0xCA, 0x94, 0xA7, 0x8C, 0x67, 0x84, 0x47, 0x7C, 0x27, 0x74, 0xE6, 0x6B, 0xA6, 0x63, 0x25, 0x4B,
    0x26, 0x4B, 0xC6, 0x42, 0x49, 0x5B, 0x90, 0x94, 0xB1, 0x9C, 0x90, 0x9C, 0x90, 0x9C, 0x90, 0x94,
    0x98, 0xDE, 0x78, 0xDE, 0x37, 0xD6, 0x37, 0xCE, 0x16, 0xC6, 0xCF, 0x94, 0xAA, 0x63, 0xB0, 0x8C,
    0xB5, 0xB5, 0x96, 0xAD, 0x94, 0xAD, 0xCE, 0x9C, 0x46, 0x63, 0x04, 0x4B, 0xC4, 0x42, 0xC4, 0x42,
    0x43, 0x32, 0xE4, 0x4A, 0x0B, 0x9D, 0x2B, 0xA5, 0x89, 0x8C, 0x68, 0x7C, 0x48, 0x7C, 0x07, 0x74,
    0x07, 0x6C, 0x27, 0x64, 0x28, 0x6C, 0x29, 0x6C, 0xE8, 0x63, 0x28, 0x6C, 0x69, 0x6C, 0x6A, 0x74,
    0xEE, 0x8C, 0xB3, 0xB5, 0xB4, 0xB5, 0xB4, 0xB5, 0xF6, 0xBD, 0x16, 0xC6, 0x17, 0xC6, 0x37, 0xC6,
    0x57, 0xC6, 0x78, 0xCE, 0x99, 0xCE, 0xDA, 0xD6, 0xDA, 0xD6, 0xD9, 0xD6, 0xDA, 0xD6, 0xDA, 0xDE,
    0xDA, 0xDE, 0xDA, 0xDE, 0xFA, 0xD6, 0xFA, 0xD6, 0x1A, 0xDF, 0x1A, 0xDF, 0x1A, 0xDF, 0xFA, 0xDE,
    0xFA, 0xDE, 0xFA, 0xDE, 0x1A, 0xDF, 0x1A, 0xDF, 0x1B, 0xDF, 0x1B, 0xDF, 0x1B, 0xDF, 0x3B, 0xDF,
    0x3B, 0xDF, 0x3B, 0xDF, 0x3B, 0xDF, 0x3B, 0xDF, 0x3B, 0xDF, 0x3B, 0xDF, 0x3B, 0xDF, 0x3B, 0xDF,
    0x3B, 0xDF, 0x3B, 0xDF, 0x3B, 0xDF, 0x3B, 0xDF, 0x3B, 0xDF, 0x3B, 0xDF, 0x3B, 0xDF, 0x3B, 0xDF,
    0x3B, 0xDF, 0x3B, 0xDF, 0x3B, 0xDF, 0x1A, 0xDF, 0xD9, 0xD6, 0x78, 0xC6, 0x17, 0xBE, 0xD6, 0xB5,
    0xD5, 0xB5, 0xD5, 0xB5, 0xF6, 0xB5, 0xF6, 0xBD, 0xF6, 0xB5, 0xF6, 0xB5, 0xF6, 0xB5, 0xF5, 0xB5,
    0xF5, 0xB5, 0xF6, 0xB5, 0xD6, 0xB5, 0xD6, 0xB5, 0xF6, 0xD5, 0xF6, 0xE5, 0xD5, 0xD5, 0xD5, 0xC5,
    0xD5, 0xCD, 0x94, 0xDD, 0xF2, 0xE4, 0xB1, 0xDC, 0x12, 0xD5, 0xB5, 0xCD, 0xD6, 0xBD, 0xD6, 0xB5,
    0xD6, 0xBD, 0xF6, 0xBD, 0xF6, 0xC5, 0x36, 0xE6, 0xF4, 0xE5, 0xB4, 0xED, 0xD4, 0xED, 0x93, 0xE5,
    0x72, 0xE5, 0x32, 0xE5, 0xF1, 0xDC, 0xF1, 0xDC, 0xF1, 0xDC, 0x2F, 0xC4, 0x0F, 0xC4, 0xCE, 0xC3,
    0xEF, 0xC3, 0xEF, 0xC3, 0xCE, 0xBB, 0x50, 0xCC, 0xEE, 0xC3, 0xEE, 0xC3, 0xEE, 0xC3, 0x2F, 0xC4,
    0xCE, 0xBB, 0xAD, 0xB3, 0xCD, 0xB3, 0xAD, 0xB3, 0x8D, 0xAB, 0x6C, 0xA3, 0x4B, 0x9B, 0x0A, 0x93,
    0x89, 0x82, 0xA5, 0x61, 0x20, 0x30, 0x41, 0x28, 0x20, 0x28, 0x00, 0x28, 0x81, 0x40, 0xE2, 0x48,
    0x43, 0x59, 0xE5, 0x69, 0x06, 0x72, 0x29, 0x93, 0x6A, 0x9B, 0x29, 0x93, 0x29, 0x93, 0x49, 0x9B,
    0x69, 0x9B, 0x8B, 0xA3, 0x09, 0x93, 0xE6, 0x69, 0x64, 0x59, 0xA2, 0x40, 0x20, 0x30, 0x00, 0x20,
    0x20, 0x20, 0x20, 0x20, 0x00, 0x28, 0xA5, 0x61, 0x4B, 0xA3, 0xAC, 0xB3, 0xED, 0xBB, 0x0D, 0xC4,
    0x0D, 0xC4, 0x0E, 0xC4, 0x0E, 0xC4, 0x4F, 0xCC, 0x0E, 0xCC, 0x6F, 0xD4, 0x4F, 0xD4, 0x4F, 0xD4,
    0x70, 0xD4, 0x70, 0xD4, 0x70, 0xD4, 0x70, 0xD4, 0x50, 0xD4, 0x70, 0xD4, 0x2F, 0xD4, 0x4F, 0xD4,
    0x70, 0xD4, 0x4F, 0xD4, 0x4F, 0xD4, 0x90, 0xD4, 0x70, 0xD4, 0x90, 0xD4, 0x70, 0xD4, 0x91, 0xD4,
    0xB1, 0xD4, 0xB2, 0xD4, 0xD2, 0xCC, 0xD2, 0xC4, 0x37, 0xD6, 0x1B, 0xDF, 0x1B, 0xD7, 0x3B, 0xD7,
    0x1B, 0xD7, 0x3B, 0xDF, 0xDA, 0xDE, 0x78, 0xDE, 0xDA, 0xE6, 0x3B, 0xE7, 0x78, 0xDE, 0x30, 0xBC,
    0x0F, 0xD4, 0x70, 0xDC, 0x70, 0xD4, 0x70, 0xC4, 0x57, 0xE6, 0xB5, 0xD5, 0xB1, 0xD4, 0x91, 0xD4,
    0xF3, 0xCC, 0xB9, 0xE6, 0xDA, 0xE6, 0xDA, 0xDE, 0xFA, 0xD6, 0xFA, 0xD6, 0xFA, 0xD6, 0x1B, 0xD7,
    0x1B, 0xD7, 0x1B, 0xD7, 0x1B, 0xD7, 0x1B, 0xD7, 0xFA, 0xD6, 0xFA, 0xD6, 0x1B, 0xD7, 0x1B, 0xD7,
    0x1B, 0xD7, 0x1B, 0xD7, 0x1B, 0xD7, 0xFB, 0xD6, 0xFB, 0xD6, 0xFA, 0xD6, 0xFA, 0xD6, 0xFA, 0xD6,
    0xFA, 0xD6, 0xFA, 0xD6, 0xFB, 0xD6, 0xFA, 0xD6, 0xFA, 0xD6, 0xD9, 0xCE, 0xD0, 0x8C, 0xEB, 0x63,
    0xCA, 0x63, 0x88, 0x53, 0xA9, 0x5B, 0x68, 0x53, 0x27, 0x43, 0x07, 0x3B, 0xC7, 0x3A, 0x86, 0x32,
    0x67, 0x2A, 0x47, 0x22, 0x06, 0x22, 0x06, 0x22, 0x06, 0x22, 0x26, 0x22, 0x26, 0x22, 0x67, 0x2A,
    0xA7, 0x32, 0xE8, 0x42, 0x27, 0x4B, 0x05, 0x43, 0x05, 0x43, 0xE4, 0x42, 0xE4, 0x3A, 0xC4, 0x3A,
    0xC4, 0x3A, 0x83, 0x32, 0x43, 0x2A, 0x23, 0x2A, 0x03, 0x22, 0xC3, 0x21, 0xA4, 0x19, 0x64, 0x11,
    0x64, 0x19, 0x84, 0x19, 0xA4, 0x19, 0x44, 0x3A, 0xC8, 0x73, 0xE6, 0x73, 0x27, 0x7C, 0xE6, 0x73,
    0x65, 0x63, 0xE3, 0x4A, 0xC4, 0x4A, 0x84, 0x42, 0x65, 0x42, 0xB0, 0x94, 0x73, 0xB5, 0x30, 0xAD,
    0xAA, 0x94, 0xA7, 0x8C, 0x87, 0x84, 0x47, 0x7C, 0x27, 0x74, 0xC5, 0x6B, 0x85, 0x5B, 0x45, 0x53,
    0x25, 0x43, 0xC6, 0x3A, 0xE7, 0x42, 0xCC, 0x6B, 0x6F, 0x8C, 0x2E, 0x8C, 0x2F, 0x8C, 0x4F, 0x84,
    0x98, 0xDE, 0x77, 0xDE, 0x37, 0xD6, 0x36, 0xCE, 0x93, 0xB5, 0x89, 0x63, 0x85, 0x3A, 0x49, 0x53,
    0x53, 0x9D, 0xB6, 0xB5, 0x94, 0xB5, 0x8C, 0x8C, 0xE4, 0x52, 0xA4, 0x3A, 0xA4, 0x3A, 0x84, 0x3A,
    0xE1, 0x29, 0x25, 0x5B, 0x2B, 0xA5, 0xEA, 0x9C, 0x28, 0x7C, 0xC6, 0x63, 0xC7, 0x63, 0xE7, 0x6B,
    0xE8, 0x63, 0xC7, 0x5B, 0xC7, 0x5B, 0x08, 0x64, 0x08, 0x64, 0x08, 0x64, 0x28, 0x6C, 0x49, 0x6C,
    0x8A, 0x7C, 0x6F, 0x9D, 0x70, 0xAD, 0xEF, 0x9C, 0xB3, 0xAD, 0xB8, 0xCE, 0xB8, 0xD6, 0x99, 0xD6,
    0xB9, 0xD6, 0xB9, 0xD6, 0xD9, 0xD6, 0xD9, 0xD6, 0xDA, 0xDE, 0xD9, 0xDE, 0xDA, 0xDE, 0xDA, 0xDE,
    0xDA, 0xDE, 0xDA, 0xDE, 0xFA, 0xDE, 0xFA, 0xDE, 0xFA, 0xDE, 0xFA, 0xDE, 0xFA, 0xDE, 0xFA, 0xDE,
    0xFA, 0xDE, 0x1A, 0xDF, 0x1B, 0xDF, 0x1B, 0xDF, 0x1B, 0xDF, 0x1B, 0xDF, 0x3B, 0xDF, 0x3B, 0xDF,
    0x3B, 0xDF, 0x3B, 0xDF, 0x3B, 0xDF, 0x3B, 0xDF, 0x3B, 0xDF, 0x3B, 0xDF, 0x3B, 0xDF, 0x3B, 0xDF,
    0x3B, 0xDF, 0x3B, 0xDF, 0x3B, 0xDF, 0x3B, 0xDF, 0x3B, 0xDF, 0x3B, 0xDF, 0x3B, 0xDF, 0x3B, 0xDF,
    0x3B, 0xDF, 0x3B, 0xDF, 0x3B, 0xDF, 0x1B, 0xDF, 0x1B, 0xDF, 0xFA, 0xDE, 0xB9, 0xD6, 0x58, 0xC6,
    0xF6, 0xBD, 0xD5, 0xB5, 0xF6, 0xB5, 0xF6, 0xBD, 0xF6, 0xBD, 0xF6, 0xB5, 0xF6, 0xB5, 0xF6, 0xB5,
    0xF6, 0xB5, 0xF6, 0xB5, 0xD5, 0xB5, 0xF6, 0xBD, 0xD5, 0xD5, 0xD2, 0xDC, 0xD1, 0xDC, 0x53, 0xD5,
    0x94, 0xD5, 0xF1, 0xD4, 0x90, 0xDC, 0x4F, 0xDC, 0x0E, 0xD4, 0x12, 0xCD, 0xD5, 0xC5, 0xD6, 0xBD,
    0xD6, 0xBD, 0xF6, 0xBD, 0xF5, 0xC5, 0x16, 0xDE, 0xF4, 0xE5, 0x93, 0xE5, 0x73, 0xE5, 0xB3, 0xE5,
    0x72, 0xE5, 0xF1, 0xDC, 0xB0, 0xD4, 0xF1, 0xDC, 0xB0, 0xD4, 0x0E, 0xBC, 0x50, 0xCC, 0x91, 0xD4,
    0x50, 0xCC, 0x0F, 0xC4, 0x2F, 0xC4, 0x50, 0xCC, 0xCE, 0xBB, 0xCE, 0xBB, 0xAD, 0xBB, 0xAD, 0xB3,
    0xAD, 0xB3, 0xCD, 0xB3, 0xCD, 0xB3, 0xAD, 0xB3, 0xAD, 0xAB, 0x8C, 0xAB, 0x4C, 0xA3, 0x0A, 0x93,
    0xEA, 0x8A, 0x27, 0x72, 0x60, 0x38, 0x20, 0x28, 0x41, 0x30, 0x41, 0x30, 0x21, 0x30, 0x00, 0x28,
    0x00, 0x28, 0x00, 0x28, 0x00, 0x28, 0xA5, 0x59, 0xAC, 0x9B, 0x2D, 0xA4, 0x6E, 0xAC, 0x8F, 0xAC,
    0x6F, 0xAC, 0x4B, 0x8B, 0xC2, 0x38, 0x00, 0x20, 0x20, 0x20, 0x20, 0x28, 0x40, 0x28, 0x61, 0x28,
    0x41, 0x28, 0x41, 0x28, 0x41, 0x30, 0x48, 0x7A, 0xCD, 0xB3, 0xED, 0xBB, 0x0D, 0xC4, 0xED, 0xBB,
    0x2E, 0xC4, 0x4E, 0xCC, 0x4F, 0xCC, 0x2E, 0xCC, 0x0E, 0xC4, 0xEE, 0xC3, 0x2E, 0xCC, 0x2F, 0xCC,
    0x2F, 0xCC, 0x2F, 0xCC, 0x0E, 0xCC, 0x2F, 0xCC, 0x4F, 0xD4, 0x70, 0xD4, 0x2F, 0xD4, 0x4F, 0xD4,
    0x70, 0xD4, 0x4F, 0xCC, 0x4F, 0xCC, 0x70, 0xD4, 0x90, 0xD4, 0x70, 0xD4, 0x91, 0xD4, 0x90, 0xD4,
    0x90, 0xCC, 0xB2, 0xD4, 0xF2, 0xD4, 0xD2, 0xC4, 0x37, 0xD6, 0x3B, 0xDF, 0x1A, 0xD7, 0x1B, 0xD7,
    0x1A, 0xD7, 0xFA, 0xDE, 0x33, 0xC5, 0x50, 0xBC, 0xD2, 0xC4, 0xF6, 0xDD, 0x54, 0xD5, 0xEE, 0xC3,
    0x30, 0xD4, 0x70, 0xD4, 0xB1, 0xD4, 0xB1, 0xCC, 0x33, 0xD5, 0xB1, 0xCC, 0x70, 0xD4, 0x2F, 0xCC,
    0xF2, 0xD4, 0x16, 0xDE, 0xF6, 0xD5, 0x78, 0xDE, 0x99, 0xD6, 0xBA, 0xD6, 0xFA, 0xD6, 0x1B, 0xDF,
    0x1B, 0xD7, 0x1B, 0xD7, 0x1B, 0xD7, 0x1B, 0xD7, 0x1B, 0xD7, 0x1B, 0xD7, 0x1B, 0xD7, 0x1B, 0xD7,
    0x1B, 0xD7, 0x1B, 0xD7, 0x1B, 0xD7, 0x1B, 0xD7, 0x1B, 0xD7, 0xFB, 0xDE, 0xFB, 0xDE, 0xFA, 0xD6,
    0xFA, 0xD6, 0xFA, 0xD6, 0xFB, 0xD6, 0xFA, 0xD6, 0xFA, 0xD6, 0xFA, 0xD6, 0x52, 0x9D, 0xEB, 0x6B,
    0xAA, 0x5B, 0x68, 0x53, 0xA9, 0x5B, 0x68, 0x53, 0x27, 0x43, 0xE7, 0x3A, 0xA7, 0x32, 0x46, 0x2A,
    0x47, 0x2A, 0x27, 0x22, 0xC5, 0x19, 0xC5, 0x19, 0xE6, 0x19, 0x06, 0x1A, 0x67, 0x22, 0xA7, 0x2A,
    0xA7, 0x2A, 0xE7, 0x3A, 0x27, 0x43, 0x05, 0x43, 0xC4, 0x3A, 0xC4, 0x3A, 0xC4, 0x3A, 0xA4, 0x32,
    0x83, 0x32, 0x43, 0x2A, 0x22, 0x2A, 0x03, 0x2A, 0xC3, 0x21, 0x83, 0x19, 0x63, 0x19, 0x44, 0x11,
    0x64, 0x19, 0x84, 0x19, 0x83, 0x19, 0xA5, 0x42, 0xE8, 0x73, 0xC6, 0x73, 0xE6, 0x73, 0xC6, 0x73,
    0x65, 0x63, 0xE4, 0x52, 0xA4, 0x4A, 0x63, 0x3A, 0x23, 0x3A, 0x0D, 0x84, 0x52, 0xB5, 0x10, 0xAD,
    0x8A, 0x94, 0x87, 0x8C, 0x68, 0x84, 0x27, 0x7C, 0xC6, 0x6B, 0xC6, 0x6B, 0xC6, 0x6B, 0xC6, 0x63,
    0x86, 0x53, 0x26, 0x4B, 0x06, 0x43, 0x27, 0x4B, 0x0C, 0x74, 0x4E, 0x84, 0x2E, 0x84, 0x2F, 0x84,
    0xB8, 0xDE, 0x77, 0xDE, 0x37, 0xD6, 0x56, 0xD6, 0xEF, 0x9C, 0xC6, 0x42, 0xA5, 0x32, 0x85, 0x32,
    0x2E, 0x7C, 0xD5, 0xB5, 0xB4, 0xB5, 0x6C, 0x8C, 0xA4, 0x4A, 0x84, 0x3A, 0x63, 0x32, 0x23, 0x32,
    0xA1, 0x21, 0x66, 0x63, 0xEA, 0x9C, 0x48, 0x84, 0xC6, 0x6B, 0xC7, 0x63, 0x28, 0x74, 0xA7, 0x63,
    0xA7, 0x5B, 0xC7, 0x5B, 0xC7, 0x5B, 0xE8, 0x63, 0xE8, 0x63, 0x28, 0x6C, 0x28, 0x6C, 0x07, 0x64,
    0x27, 0x64, 0x89, 0x7C, 0xAB, 0x8C, 0xC8, 0x6B, 0xCA, 0x6B, 0xD3, 0xAD, 0xD9, 0xD6, 0xB9, 0xD6,
    0xB9, 0xD6, 0xB9, 0xD6, 0xD9, 0xD6, 0xD9, 0xDE, 0xDA, 0xDE, 0xDA, 0xDE, 0xDA, 0xDE, 0xDA, 0xDE,
    0xDA, 0xDE, 0xFA, 0xDE, 0xFA, 0xDE, 0xFA, 0xDE, 0xFA, 0xDE, 0xFA, 0xDE, 0xFA, 0xDE, 0x1A, 0xDF,
    0x1A, 0xDF, 0x1B, 0xDF, 0x1B, 0xDF, 0x3B, 0xDF, 0x1B, 0xDF, 0x1B, 0xDF, 0x3B, 0xDF, 0x3B, 0xDF,
    0x3B, 0xDF, 0x3B, 0xDF, 0x3B, 0xDF, 0x3B, 0xDF, 0x3B, 0xDF, 0x3B, 0xDF, 0x3B, 0xDF, 0x3B, 0xDF,
    0x3B, 0xDF, 0x3B, 0xDF, 0x3B, 0xDF, 0x3B, 0xDF, 0x3B, 0xDF, 0x3B, 0xDF, 0x3B, 0xDF, 0x3B, 0xDF,
    0x3B, 0xDF, 0x3B, 0xDF, 0x3B, 0xDF, 0x1B, 0xDF, 0x1B, 0xDF, 0x1B, 0xE7, 0x1B, 0xE7, 0xDA, 0xDE,
    0x57, 0xCE, 0xF6, 0xBD, 0xF6, 0xBD, 0x16, 0xBE, 0x16, 0xBE, 0x16, 0xBE, 0x16, 0xBE, 0xF6, 0xBD,
    0xF6, 0xBD, 0xF6, 0xBD, 0xF6, 0xC5, 0xF6, 0xCD, 0x74, 0xD5, 0x70, 0xD4, 0x4F, 0xDC, 0x90, 0xD4,
    0x32, 0xDD, 0x70, 0xD4, 0x50, 0xD4, 0xEE, 0xD3, 0xCD, 0xD3, 0x70, 0xCC, 0xD5, 0xCD, 0xD5, 0xBD,
    0xD5, 0xB5, 0xD5, 0xBD, 0xD5, 0xC5, 0x36, 0xE6, 0xF4, 0xED, 0x93, 0xE5, 0x93, 0xE5, 0xB3, 0xE5,
    0x52, 0xE5, 0x11, 0xDD, 0x4F, 0xCC, 0x90, 0xD4, 0x4F, 0xC4, 0xEE, 0xC3, 0xEE, 0xC3, 0xEE, 0xC3,
    0xCD, 0xBB, 0x50, 0xC4, 0xB1, 0xD4, 0x2F, 0xC4, 0xEE, 0xBB, 0xAD, 0xB3, 0xCD, 0xB3, 0xCD, 0xB3,
    0xEE, 0xBB, 0xEE, 0xBB, 0xAD, 0xB3, 0x8C, 0xAB, 0xCD, 0xB3, 0x8C, 0xAB, 0x6C, 0xA3, 0x4B, 0x9B,
    0x0A, 0x93, 0xEA, 0x8A, 0xA2, 0x40, 0x00, 0x28, 0x41, 0x28, 0x41, 0x30, 0x41, 0x28, 0x41, 0x30,
    0x41, 0x28, 0x41, 0x28, 0x41, 0x28, 0x00, 0x20, 0x81, 0x30, 0x44, 0x41, 0xA5, 0x51, 0xA6, 0x49,
    0x23, 0x39, 0x40, 0x20, 0x20, 0x20, 0x61, 0x28, 0x41, 0x28, 0x61, 0x28, 0x61, 0x28, 0x61, 0x28,
    0x61, 0x28, 0x20, 0x28, 0xA2, 0x40, 0x8C, 0xA3, 0x0D, 0xBC, 0xED, 0xBB, 0x2E, 0xC4, 0xED, 0xBB,
    0x0D, 0xBC, 0x2E, 0xC4, 0x2E, 0xC4, 0x6F, 0xCC, 0x4F, 0xCC, 0x0E, 0xC4, 0x0E, 0xCC, 0x4F, 0xD4,
    0xEE, 0xCB, 0x2F, 0xD4, 0x2F, 0xD4, 0x4F, 0xD4, 0x2F, 0xCC, 0x2F, 0xCC, 0x50, 0xD4, 0x2F, 0xCC,
    0x4F, 0xD4, 0x2F, 0xCC, 0x4F, 0xCC, 0x4F, 0xCC, 0x70, 0xCC, 0x50, 0xCC, 0x50, 0xCC, 0x70, 0xCC,
    0xB1, 0xCC, 0xB2, 0xCC, 0xD2, 0xCC, 0xD2, 0xC4, 0x78, 0xDE, 0x3B, 0xDF, 0x1B, 0xDF, 0x1A, 0xD7,
    0x3B, 0xDF, 0x37, 0xD6, 0xAD, 0xAB, 0xEE, 0xCB, 0x0F, 0xCC, 0x50, 0xC4, 0x2F, 0xC4, 0x0F, 0xCC,
    0x2F, 0xCC, 0x70, 0xD4, 0x91, 0xDC, 0xD2, 0xDC, 0xD1, 0xD4, 0xD2, 0xDC, 0x91, 0xDC, 0x0E, 0xCC,
    0x0F, 0xCC, 0x70, 0xCC, 0xB1, 0xC4, 0x54, 0xC5, 0x58, 0xD6, 0x99, 0xCE, 0xDA, 0xD6, 0x1B, 0xD7,
    0x1B, 0xDF, 0x1B, 0xD7, 0x1B, 0xD7, 0xFA, 0xDE, 0xFA, 0xDE, 0xFA, 0xDE, 0xFA, 0xDE, 0xFA, 0xDE,
    0xFA, 0xD6, 0xFB, 0xDE, 0xFB, 0xDE, 0xFB, 0xDE, 0xFB, 0xDE, 0xFB, 0xDE, 0xFB, 0xDE, 0xFB, 0xDE,
    0xFA, 0xDE, 0xFA, 0xDE, 0xFB, 0xDE, 0xFA, 0xDE, 0xFA, 0xD6, 0x1A, 0xD7, 0xF5, 0xB5, 0x0C, 0x6C,
    0xAB, 0x63, 0xAA, 0x5B, 0xAA, 0x5B, 0x48, 0x4B, 0xE7, 0x3A, 0x86, 0x32, 0x46, 0x2A, 0x26, 0x22,
    0x47, 0x2A, 0x07, 0x22, 0xA5, 0x19, 0xC5, 0x19, 0xE6, 0x19, 0x06, 0x1A, 0x46, 0x22, 0xC7, 0x32,
    0xA6, 0x2A, 0xC7, 0x3A, 0x06, 0x43, 0xE5, 0x42, 0xA4, 0x3A, 0x83, 0x32, 0x43, 0x2A, 0x23, 0x2A,
    0x23, 0x22, 0x43, 0x2A, 0x23, 0x2A, 0x04, 0x2A, 0xC4, 0x21, 0x63, 0x19, 0x43, 0x11, 0x43, 0x11,
    0x23, 0x11, 0x22, 0x11, 0x82, 0x21, 0x05, 0x53, 0x08, 0x7C, 0x48, 0x84, 0xA9, 0x8C, 0xC9, 0x8C,
    0x89, 0x8C, 0x49, 0x7C, 0x08, 0x74, 0x86, 0x63, 0x83, 0x3A, 0x07, 0x5B, 0xCF, 0xA4, 0xEE, 0xA4,
    0x89, 0x8C, 0xC8, 0x94, 0xA9, 0x94, 0x47, 0x7C, 0x27, 0x7C, 0x07, 0x74, 0xC6, 0x6B, 0xE7, 0x6B,
    0xE7, 0x63, 0x66, 0x53, 0x26, 0x43, 0x06, 0x3B, 0x48, 0x53, 0x2D, 0x74, 0x4E, 0x84, 0x2F, 0x84,
    0xD8, 0xE6, 0x77, 0xD6, 0x37, 0xD6, 0x36, 0xD6, 0xEF, 0x9C, 0xC6, 0x42, 0xA4, 0x32, 0x64, 0x2A,
    0x49, 0x5B, 0xB4, 0xB5, 0xF4, 0xC5, 0x4B, 0x84, 0xC4, 0x4A, 0xA4, 0x42, 0x43, 0x32, 0xE1, 0x21,
    0xA0, 0x21, 0x46, 0x63, 0x69, 0x84, 0xA5, 0x6B, 0x65, 0x63, 0xA6, 0x63, 0x66, 0x5B, 0x66, 0x5B,
    0x87, 0x5B, 0xC7, 0x5B, 0xE7, 0x63, 0x08, 0x6C, 0xE7, 0x63, 0x28, 0x6C, 0x48, 0x74, 0xE6, 0x63,
    0xC5, 0x5B, 0x27, 0x6C, 0xAA, 0x84, 0xC7, 0x63, 0xE5, 0x42, 0xAE, 0x7C, 0xF9, 0xD6, 0xB9, 0xD6,
    0xD9, 0xD6, 0xD9, 0xD6, 0xD9, 0xDE, 0xD9, 0xDE, 0xD9, 0xDE, 0xDA, 0xDE, 0xFA, 0xDE, 0xFA, 0xDE,
    0xFA, 0xDE, 0xFA, 0xDE, 0xFA, 0xDE, 0x1A, 0xDF, 0x1B, 0xDF, 0x1B, 0xDF, 0x1B, 0xDF, 0x1B, 0xDF,
    0x1B, 0xE7, 0x3B, 0xDF, 0x1B, 0xDF, 0x3B, 0xDF, 0x3B, 0xDF, 0x3B, 0xDF, 0x3B, 0xDF, 0x3B, 0xDF,
    0x3B, 0xDF, 0x3B, 0xDF, 0x3B, 0xDF, 0x3B, 0xDF, 0x3B, 0xDF, 0x3B, 0xDF, 0x3B, 0xDF, 0x3B, 0xDF,
    0x3B, 0xDF, 0x3B, 0xDF, 0x3B, 0xDF, 0x3B, 0xDF, 0x3B, 0xDF, 0x3B, 0xDF, 0x3B, 0xDF, 0x3B, 0xDF,
    0x3B, 0xDF, 0x3B, 0xDF, 0x3B, 0xDF, 0x3B, 0xDF, 0x3B, 0xDF, 0x1B, 0xDF, 0x3B, 0xE7, 0x1B, 0xE7,
    0xFA, 0xDE, 0x98, 0xCE, 0x57, 0xC6, 0x17, 0xBE, 0x16, 0xBE, 0x16, 0xBE, 0x16, 0xBE, 0x17, 0xBE,
    0xF6, 0xC5, 0x17, 0xDE, 0xD5, 0xDD, 0xB5, 0xDD, 0x74, 0xDD, 0xB0, 0xD4, 0xB0, 0xDC, 0x2F, 0xD4,
    0x0E, 0xD4, 0x2F, 0xD4, 0x91, 0xDC, 0xEE, 0xD3, 0xAD, 0xD3, 0x2F, 0xCC, 0xB4, 0xCD, 0xD5, 0xBD,
    0xD5, 0xB5, 0xD5, 0xB5, 0xD5, 0xC5, 0x36, 0xDE, 0xF5, 0xED, 0x72, 0xDD, 0x52, 0xDD, 0x52, 0xDD,
    0x52, 0xDD, 0xD0, 0xD4, 0x6F, 0xCC, 0xF1, 0xDC, 0x90, 0xCC, 0x2F, 0xC4, 0x0E, 0xC4, 0x0F, 0xC4,
    0xCE, 0xB3, 0x0F, 0xBC, 0x2F, 0xBC, 0xAD, 0xB3, 0xEE, 0xBB, 0xCE, 0xB3, 0xCE, 0xB3, 0xCD, 0xB3,
    0xAD, 0xB3, 0xEE, 0xBB, 0xCD, 0xB3, 0x8C, 0xAB, 0x8C, 0xAB, 0x8C, 0xAB, 0x4C, 0xAB, 0x4B, 0x9B,
    0x4B, 0x9B, 0x6C, 0x9B, 0xC7, 0x69, 0x00, 0x28, 0x40, 0x28, 0x40, 0x28, 0x60, 0x28, 0x40, 0x28,
    0x40, 0x28, 0x40, 0x28, 0x41, 0x28, 0x41, 0x28, 0x20, 0x28, 0x00, 0x20, 0x00, 0x18, 0x00, 0x18,
    0x00, 0x18, 0x40, 0x20, 0x40, 0x28, 0x41, 0x28, 0x41, 0x28, 0x61, 0x28, 0x61, 0x28, 0x61, 0x28,
    0x61, 0x28, 0x00, 0x20, 0xC6, 0x69, 0x2F, 0xBC, 0x2E, 0xC4, 0x2E, 0xC4, 0x2E, 0xC4, 0x0E, 0xC4,
    0x0D, 0xBC, 0x4E, 0xC4, 0x4E, 0xCC, 0x2E, 0xCC, 0x2E, 0xCC, 0x2E, 0xCC, 0x4F, 0xCC, 0x2E, 0xCC,
    0x2E, 0xCC, 0x0E, 0xCC, 0x2F, 0xCC, 0xEE, 0xC3, 0x2F, 0xCC, 0x2F, 0xCC, 0x0E, 0xCC, 0x4F, 0xD4,
    0x70, 0xD4, 0x2F, 0xCC, 0x0E, 0xC4, 0x70, 0xD4, 0x50, 0xCC, 0x70, 0xCC, 0x50, 0xCC, 0x70, 0xCC,
    0x90, 0xCC, 0x91, 0xCC, 0xB2, 0xCC, 0xF3, 0xC4, 0x99, 0xDE, 0x3B, 0xDF, 0x1B, 0xDF, 0x1B, 0xD7,
    0x5B, 0xE7, 0xD6, 0xCD, 0xEA, 0xA2, 0x6B, 0xC3, 0xCD, 0xCB, 0x2F, 0xCC, 0x2F, 0xCC, 0x0E, 0xCC,
    0x0E, 0xCC, 0x4F, 0xD4, 0x50, 0xD4, 0x71, 0xD4, 0xB1, 0xDC, 0xB1, 0xDC, 0xD2, 0xE4, 0x70, 0xD4,
    0xEE, 0xCB, 0x2F, 0xD4, 0x70, 0xD4, 0x90, 0xBC, 0x17, 0xCE, 0x78, 0xCE, 0x99, 0xC6, 0xFA, 0xD6,
    0x1A, 0xD7, 0x1A, 0xD7, 0x1B, 0xD7, 0x1B, 0xD7, 0x1B, 0xD7, 0x1B, 0xD7, 0x1B, 0xD7, 0x1B, 0xD7,
    0x1B, 0xD7, 0x1B, 0xD7, 0xFA, 0xD6, 0xFB, 0xDE, 0xFA, 0xD6, 0xFA, 0xDE, 0xFA, 0xDE, 0xFA, 0xDE,
    0xFA, 0xDE, 0x1A, 0xD7, 0x1B, 0xD7, 0x1B, 0xD7, 0xFA, 0xD6, 0x1A, 0xDF, 0x77, 0xC6, 0x4D, 0x7C,
    0xCB, 0x63, 0x4A, 0x53, 0xAB, 0x5B, 0x89, 0x53, 0x07, 0x43, 0xA7, 0x32, 0x46, 0x2A, 0xE6, 0x21,
    0xE6, 0x21, 0xC6, 0x19, 0xA5, 0x19, 0xC5, 0x19, 0xC5, 0x19, 0xE5, 0x19, 0xC5, 0x19, 0x66, 0x2A,
    0x86, 0x2A, 0xA6, 0x32, 0xE6, 0x42, 0xC5, 0x3A, 0xA4, 0x3A, 0x84, 0x32, 0x64, 0x32, 0x64, 0x32,
    0x24, 0x2A, 0x65, 0x32, 0x24, 0x2A, 0xE3, 0x21, 0xA4, 0x19, 0x43, 0x11, 0x23, 0x11, 0x02, 0x11,
    0x62, 0x19, 0xA5, 0x4A, 0xC8, 0x73, 0x49, 0x84, 0xAA, 0x94, 0x0A, 0x9D, 0x2A, 0x9D, 0x09, 0x9D,
    0xE9, 0x94, 0xA9, 0x8C, 0xA9, 0x84, 0x89, 0x84, 0x08, 0x74, 0x06, 0x5B, 0xC9, 0x73, 0xAC, 0x94,
    0xC9, 0x94, 0xC8, 0x94, 0xA8, 0x8C, 0x88, 0x84, 0x47, 0x7C, 0x07, 0x74, 0x07, 0x74, 0xE7, 0x6B,
    0x86, 0x5B, 0x25, 0x4B, 0xE5, 0x42, 0x06, 0x43, 0x07, 0x43, 0x8A, 0x5B, 0x6F, 0x84, 0x6F, 0x8C,
    0xD8, 0xE6, 0x97, 0xD6, 0x57, 0xD6, 0x57, 0xD6, 0x30, 0x9D, 0x26, 0x4B, 0xC5, 0x3A, 0xA5, 0x32,
    0xA5, 0x3A, 0xEF, 0x94, 0xD1, 0xB5, 0xC8, 0x73, 0x24, 0x53, 0x25, 0x53, 0x26, 0x4B, 0x67, 0x5B,
    0xA7, 0x63, 0x29, 0x7C, 0xCA, 0x8C, 0x69, 0x84, 0x49, 0x7C, 0x28, 0x7C, 0x86, 0x63, 0x25, 0x53,
    0x66, 0x5B, 0x86, 0x5B, 0x86, 0x5B, 0xE7, 0x63, 0xC6, 0x5B, 0xC7, 0x63, 0x48, 0x74, 0x28, 0x74,
    0xE6, 0x63, 0x07, 0x6C, 0xA9, 0x7C, 0x08, 0x6C, 0xE6, 0x42, 0xCB, 0x63, 0x56, 0xBE, 0xD9, 0xDE,
    0xD9, 0xDE, 0xD9, 0xDE, 0xF9, 0xDE, 0xFA, 0xDE, 0xFA, 0xDE, 0xFA, 0xDE, 0xFA, 0xDE, 0xFA, 0xDE,
    0x1A, 0xDF, 0x1A, 0xDF, 0x1B, 0xDF, 0x1B, 0xDF, 0x3B, 0xE7, 0x3B, 0xE7, 0x3B, 0xE7, 0x3B, 0xE7,
    0x1A, 0xDF, 0x3B, 0xE7, 0x3B, 0xDF, 0x3B, 0xDF, 0x3B, 0xE7, 0x3B, 0xE7, 0x3B, 0xE7, 0x1B, 0xE7,
    0x1B, 0xE7, 0x3B, 0xE7, 0x3B, 0xDF, 0x3B, 0xE7, 0x3B, 0xE7, 0x1B, 0xDF, 0x3B, 0xDF, 0x3B, 0xDF,
    0x3B, 0xDF, 0x3B, 0xDF, 0x3B, 0xDF, 0x3B, 0xDF, 0x3B, 0xDF, 0x3B, 0xDF, 0x3B, 0xDF, 0x3B, 0xDF,
    0x3B, 0xDF, 0x3B, 0xDF, 0x3B, 0xDF, 0x3B, 0xDF, 0x3B, 0xDF, 0x1B, 0xE7, 0x3B, 0xE7, 0x3B, 0xE7,
    0x1B, 0xDF, 0x1B, 0xDF, 0xD9, 0xD6, 0x78, 0xCE, 0x37, 0xC6, 0x17, 0xBE, 0x17, 0xBE, 0x16, 0xBE,
    0xF6, 0xC5, 0x94, 0xDD, 0x90, 0xCC, 0x90, 0xD4, 0x12, 0xDD, 0x32, 0xDD, 0x73, 0xED, 0xD1, 0xE4,
    0x0E, 0xD4, 0x91, 0xDC, 0xB1, 0xDC, 0xEE, 0xD3, 0xCD, 0xD3, 0x0E, 0xCC, 0x94, 0xCD, 0xD5, 0xC5,
    0xD5, 0xBD, 0xD4, 0xBD, 0xD5, 0xBD, 0xF5, 0xD5, 0xD4, 0xE5, 0x72, 0xE5, 0x11, 0xD5, 0x32, 0xDD,
    0x72, 0xDD, 0x11, 0xD5, 0xD0, 0xCC, 0xD0, 0xD4, 0x6F, 0xCC, 0x2F, 0xC4, 0x2F, 0xC4, 0x70, 0xC4,
    0x2F, 0xBC, 0x0F, 0xBC, 0x50, 0xC4, 0x0F, 0xBC, 0xCE, 0xB3, 0xCE, 0xB3, 0xCE, 0xB3, 0xCE, 0xB3,
    0xCD, 0xB3, 0xEE, 0xB3, 0xEE, 0xB3, 0xAD, 0xB3, 0x8C, 0xAB, 0xAD, 0xB3, 0x6C, 0xAB, 0x6C, 0xA3,
    0x4B, 0x9B, 0x8D, 0xA3, 0xEB, 0x8A, 0x61, 0x38, 0x20, 0x28, 0x61, 0x28, 0x40, 0x30, 0x41, 0x28,
    0x40, 0x28, 0x40, 0x28, 0x60, 0x28, 0x41, 0x28, 0x61, 0x28, 0x41, 0x20, 0x41, 0x28, 0x41, 0x28,
    0x41, 0x28, 0x40, 0x20, 0x40, 0x20, 0x40, 0x20, 0x41, 0x20, 0x41, 0x28, 0x41, 0x28, 0x61, 0x28,
    0x40, 0x20, 0x61, 0x30, 0x6C, 0x9B, 0x2F, 0xC4, 0x0E, 0xC4, 0x6F, 0xCC, 0x0E, 0xBC, 0x2E, 0xC4,
    0x2E, 0xC4, 0x2E, 0xC4, 0x0E, 0xC4, 0x0E, 0xC4, 0x2E, 0xCC, 0x4F, 0xCC, 0x0E, 0xC4, 0x2E, 0xCC,
    0x2E, 0xCC, 0x2F, 0xCC, 0x2F, 0xCC, 0x6F, 0xD4, 0x70, 0xD4, 0x4F, 0xD4, 0x0E, 0xCC, 0x2F, 0xCC,
    0x4F, 0xCC, 0x4F, 0xCC, 0x2F, 0xCC, 0x50, 0xD4, 0x70, 0xD4, 0x50, 0xCC, 0x2F, 0xCC, 0x2F, 0xCC,
    0x90, 0xCC, 0x90, 0xCC, 0x71, 0xC4, 0xF3, 0xC4, 0xDA, 0xE6, 0x1B, 0xE7, 0x1B, 0xDF, 0x1B, 0xDF,
    0x3B, 0xE7, 0x17, 0xD6, 0xEA, 0x9A, 0x0A, 0xBB, 0xAC, 0xCB, 0xEE, 0xCB, 0x0E, 0xCC, 0x2F, 0xD4,
    0x2F, 0xD4, 0x2F, 0xCC, 0x2F, 0xD4, 0x70, 0xD4, 0x4F, 0xD4, 0x50, 0xD4, 0x70, 0xD4, 0xB1, 0xDC,
    0xB1, 0xDC, 0x90, 0xD4, 0x4F, 0xCC, 0x70, 0xB4, 0x17, 0xCE, 0x58, 0xC6, 0x58, 0xC6, 0xD9, 0xCE,
    0x1A, 0xD7, 0x1A, 0xD7, 0x1B, 0xD7, 0x1B, 0xD7, 0x1B, 0xD7, 0x1B, 0xD7, 0x1B, 0xD7, 0x1B, 0xD7,
    0x1B, 0xD7, 0x1A, 0xD7, 0x1A, 0xD7, 0xFA, 0xD6, 0x1A, 0xD7, 0x1A, 0xD7, 0x1A, 0xD7, 0xFA, 0xD6,
    0xFA, 0xD6, 0x1A, 0xD7, 0x1A, 0xD7, 0x1A, 0xD7, 0x1A, 0xD7, 0x1A, 0xD7, 0x98, 0xC6, 0x6E, 0x7C,
    0x6A, 0x5B, 0x29, 0x53, 0xEB, 0x63, 0xAA, 0x5B, 0x48, 0x4B, 0xC8, 0x3A, 0x47, 0x2A, 0x06, 0x22,
    0xE6, 0x21, 0xE6, 0x21, 0xC5, 0x19, 0xA5, 0x19, 0x85, 0x19, 0x84, 0x19, 0x63, 0x11, 0xE5, 0x19,
    0x45, 0x22, 0xA6, 0x32, 0xE7, 0x42, 0xC5, 0x3A, 0xC5, 0x3A, 0xA4, 0x3A, 0x64, 0x32, 0x44, 0x32,
    0x04, 0x2A, 0x03, 0x2A, 0x03, 0x22, 0xC3, 0x21, 0x83, 0x19, 0x43, 0x11, 0x22, 0x11, 0x62, 0x19,
    0xA8, 0x6B, 0x0C, 0x9D, 0x2B, 0xA5, 0x0A, 0xA5, 0x0A, 0x9D, 0x09, 0x9D, 0xC8, 0x94, 0xA8, 0x8C,
    0x47, 0x7C, 0x06, 0x74, 0x07, 0x74, 0xE7, 0x73, 0x08, 0x74, 0xE7, 0x73, 0x28, 0x7C, 0xEB, 0x94,
    0x09, 0x9D, 0xC8, 0x94, 0x87, 0x8C, 0x88, 0x8C, 0x68, 0x84, 0x47, 0x7C, 0x27, 0x74, 0xC6, 0x63,
    0x86, 0x5B, 0x46, 0x4B, 0xE5, 0x3A, 0xC6, 0x3A, 0xC6, 0x3A, 0xE7, 0x42, 0x2D, 0x74, 0x8F, 0x8C,
    0xB8, 0xDE, 0x97, 0xD6, 0x77, 0xD6, 0x56, 0xCE, 0x8D, 0x84, 0xC6, 0x42, 0x85, 0x32, 0x85, 0x2A,
    0xA5, 0x32, 0x68, 0x5B, 0x4A, 0x7C, 0x65, 0x63, 0x48, 0x7C, 0xCB, 0x8C, 0x4D, 0x95, 0x4D, 0x9D,
    0x6D, 0x9D, 0x6D, 0x9D, 0x4C, 0x95, 0x4C, 0x95, 0x2C, 0x95, 0x4C, 0x95, 0xEB, 0x8C, 0xA7, 0x63,
    0x46, 0x53, 0x45, 0x53, 0x46, 0x53, 0x86, 0x5B, 0xA6, 0x5B, 0xE7, 0x63, 0x08, 0x6C, 0x07, 0x6C,
    0xE7, 0x6B, 0x07, 0x6C, 0x68, 0x74, 0xE8, 0x63, 0x27, 0x4B, 0x48, 0x53, 0x51, 0x9D, 0xF9, 0xDE,
    0xFA, 0xDE, 0xFA, 0xDE, 0xFA, 0xDE, 0xFA, 0xDE, 0x1A, 0xDF, 0x1A, 0xDF, 0x1A, 0xDF, 0x1A, 0xE7,
    0x1A, 0xE7, 0x1B, 0xE7, 0x3B, 0xE7, 0x3B, 0xE7, 0x3B, 0xE7, 0x3B, 0xE7, 0x3B, 0xE7, 0x19, 0xDF,
    0xF9, 0xDE, 0x1A, 0xE7, 0x3B, 0xE7, 0x3B, 0xE7, 0x3B, 0xE7, 0x3B, 0xE7, 0x3B, 0xE7, 0x3B, 0xE7,
    0x3B, 0xE7, 0x3B, 0xE7, 0x3B, 0xE7, 0x3B, 0xE7, 0x3B, 0xE7, 0x3B, 0xE7, 0x3B, 0xDF, 0x3B, 0xDF,
    0x3B, 0xDF, 0x3B, 0xDF, 0x3B, 0xDF, 0x3B, 0xDF, 0x3B, 0xDF, 0x3B, 0xDF, 0x3B, 0xDF, 0x3B, 0xDF,
    0x3B, 0xDF, 0x3B, 0xDF, 0x3B, 0xDF, 0x3B, 0xDF, 0x3B, 0xDF, 0x1B, 0xE7, 0x3B, 0xE7, 0x3B, 0xE7,
    0x3B, 0xE7, 0x1B, 0xDF, 0x1A, 0xE7, 0xFA, 0xDE, 0xB9, 0xD6, 0x99, 0xCE, 0x78, 0xCE, 0x57, 0xCE,
    0x77, 0xCE, 0x53, 0xD5, 0x2E, 0xCC, 0x4F, 0xD4, 0xF1, 0xDC, 0x93, 0xED, 0xB4, 0xED, 0x33, 0xE5,
    0x13, 0xED, 0x12, 0xE5, 0x90, 0xD4, 0xEE, 0xD3, 0x8C, 0xCB, 0xAD, 0xCB, 0x12, 0xD5, 0x53, 0xCD,
    0x53, 0xCD, 0xD4, 0xCD, 0xD5, 0xBD, 0xF5, 0xD5, 0xD4, 0xE5, 0x93, 0xE5, 0x52, 0xDD, 0xB3, 0xE5,
    0x72, 0xDD, 0xF1, 0xD4, 0xD0, 0xCC, 0xD1, 0xD4, 0x6F, 0xC4, 0x4F, 0xC4, 0x2F, 0xC4, 0x2F, 0xC4,
    0xEE, 0xB3, 0xEE, 0xB3, 0xEE, 0xB3, 0xEE, 0xB3, 0xEE, 0xB3, 0xCD, 0xAB, 0x8D, 0xAB, 0xEE, 0xBB,
    0x0F, 0xBC, 0xEE, 0xB3, 0x8C, 0xAB, 0xAD, 0xB3, 0xCD, 0xB3, 0xAD, 0xB3, 0x8D, 0xAB, 0x8D, 0xAB,
    0xAD, 0xAB, 0x8D, 0xA3, 0xEF, 0xAB, 0xA6, 0x61, 0x00, 0x20, 0x61, 0x28, 0x40, 0x28, 0x40, 0x28,
    0x40, 0x20, 0x40, 0x20, 0x40, 0x20, 0x20, 0x20, 0x20, 0x28, 0x20, 0x28, 0x20, 0x28, 0x00, 0x30,
    0x00, 0x30, 0x20, 0x30, 0x20, 0x28, 0x20, 0x28, 0x00, 0x20, 0x20, 0x20, 0x21, 0x20, 0x41, 0x20,
    0x00, 0x20, 0x85, 0x59, 0x70, 0xC4, 0x4F, 0xC4, 0x2E, 0xC4, 0x4E, 0xC4, 0x4E, 0xC4, 0x0D, 0xBC,
    0x0E, 0xBC, 0x2E, 0xC4, 0x2E, 0xC4, 0x4F, 0xCC, 0x4E, 0xC4, 0x8F, 0xCC, 0x4F, 0xCC, 0x2E, 0xCC,
    0xEE, 0xC3, 0x2F, 0xCC, 0x2F, 0xCC, 0x4F, 0xCC, 0x0E, 0xC4, 0x0E, 0xCC, 0x0E, 0xCC, 0x2F, 0xCC,
    0x2F, 0xCC, 0x2F, 0xCC, 0x4F, 0xCC, 0x4F, 0xCC, 0x4F, 0xCC, 0x50, 0xCC, 0x0F, 0xC4, 0x50, 0xCC,
    0x70, 0xCC, 0x50, 0xC4, 0x70, 0xC4, 0x13, 0xCD, 0xFA, 0xEE, 0x1A, 0xE7, 0x1A, 0xDF, 0x1A, 0xE7,
    0x3B, 0xE7, 0xB9, 0xE6, 0x4B, 0xA3, 0xA9, 0xAA, 0x6C, 0xCB, 0xAD, 0xCB, 0xED, 0xCB, 0xEE, 0xCB,
    0xEE, 0xCB, 0x0E, 0xCC, 0x0E, 0xCC, 0x0E, 0xD4, 0x0E, 0xCC, 0x2F, 0xD4, 0x2F, 0xCC, 0x4F, 0xD4,
    0xD1, 0xDC, 0xD1, 0xDC, 0x4F, 0xC4, 0xD1, 0xBC, 0x37, 0xCE, 0x17, 0xBE, 0x37, 0xBE, 0xB9, 0xCE,
    0x1A, 0xD7, 0x1A, 0xD7, 0x1A, 0xD7, 0x1B, 0xD7, 0x1B, 0xD7, 0x1A, 0xD7, 0x1A, 0xD7, 0x1A, 0xD7,
    0x1A, 0xD7, 0x1A, 0xD7, 0x1A, 0xD7, 0xF9, 0xCE, 0x15, 0xAE, 0x93, 0x9D, 0x15, 0xAE, 0xF9, 0xCE,
    0xFA, 0xD6, 0xFA, 0xD6, 0x1A, 0xDF, 0x1A, 0xD7, 0x1A, 0xDF, 0x1A, 0xDF, 0xD8, 0xCE, 0xAF, 0x84,
    0x8B, 0x63, 0xCC, 0x63, 0x0C, 0x6C, 0xAA, 0x5B, 0x48, 0x4B, 0xC8, 0x3A, 0x87, 0x32, 0x26, 0x22,
    0x06, 0x22, 0xE6, 0x21, 0xA5, 0x19, 0x43, 0x11, 0x63, 0x21, 0x66, 0x3A, 0x25, 0x32, 0xA4, 0x21,
    0xE5, 0x21, 0xA6, 0x32, 0xE7, 0x42, 0xC6, 0x42, 0xC5, 0x3A, 0xA5, 0x3A, 0x85, 0x32, 0x23, 0x2A,
    0x03, 0x2A, 0x24, 0x2A, 0x04, 0x2A, 0xA4, 0x21, 0x64, 0x19, 0x63, 0x11, 0x42, 0x19, 0x26, 0x5B,
    0x4B, 0xA5, 0x0A, 0xA5, 0xE9, 0x9C, 0xE9, 0x9C, 0xE9, 0x9C, 0xA7, 0x94, 0x87, 0x8C, 0x46, 0x84,
    0x06, 0x74, 0xC6, 0x6B, 0xA5, 0x63, 0x85, 0x5B, 0x85, 0x63, 0x06, 0x74, 0xA9, 0x8C, 0xC9, 0x94,
    0xC9, 0x94, 0xA8, 0x8C, 0xA8, 0x8C, 0x88, 0x84, 0x27, 0x7C, 0x07, 0x74, 0xE6, 0x6B, 0x65, 0x5B,
    0x45, 0x53, 0x46, 0x4B, 0xE6, 0x42, 0xA5, 0x32, 0xE6, 0x3A, 0xC6, 0x3A, 0x69, 0x5B, 0xAF, 0x94,
    0xB7, 0xDE, 0x97, 0xD6, 0x77, 0xD6, 0x51, 0xAD, 0x27, 0x53, 0xA5, 0x3A, 0x84, 0x2A, 0x85, 0x2A,
    0x84, 0x2A, 0xA4, 0x3A, 0x87, 0x63, 0xAA, 0x84, 0x6D, 0xA5, 0x0C, 0x95, 0xCB, 0x84, 0xAA, 0x84,
    0x89, 0x7C, 0x48, 0x6C, 0x28, 0x64, 0x49, 0x6C, 0x69, 0x74, 0x8A, 0x7C, 0xCB, 0x7C, 0xAB, 0x7C,
    0x08, 0x64, 0x05, 0x4B, 0x25, 0x4B, 0x46, 0x53, 0x86, 0x5B, 0xA6, 0x63, 0xC7, 0x63, 0xE7, 0x6B,
    0x07, 0x6C, 0x07, 0x6C, 0x68, 0x74, 0xE8, 0x63, 0xE6, 0x42, 0x07, 0x43, 0x2C, 0x74, 0x97, 0xC6,
    0x1A, 0xDF, 0x1A, 0xDF, 0x1A, 0xE7, 0x1A, 0xE7, 0x1A, 0xE7, 0x1B, 0xE7, 0x3B, 0xE7, 0x3B, 0xE7,
    0x1B, 0xE7, 0x1B, 0xE7, 0x3B, 0xE7, 0x3B, 0xE7, 0x1B, 0xE7, 0x3B, 0xE7, 0xF9, 0xDE, 0xCF, 0x8C,
    0xAF, 0x8C, 0xF9, 0xDE, 0x3B, 0xE7, 0x3B, 0xE7, 0x3B, 0xE7, 0x3B, 0xE7, 0x3B, 0xE7, 0x3B, 0xE7,
    0x3B, 0xE7, 0x3B, 0xE7, 0x3B, 0xE7, 0x3B, 0xE7, 0x3B, 0xE7, 0x3B, 0xE7, 0x3B, 0xE7, 0x1B, 0xE7,
    0x3B, 0xE7, 0x3B, 0xE7, 0x3B, 0xE7, 0x3B, 0xE7, 0x3B, 0xE7, 0x3B, 0xE7, 0x3B, 0xE7, 0x3B, 0xE7,
    0x3B, 0xE7, 0x3B, 0xE7, 0x3B, 0xE7, 0x3B, 0xE7, 0x3B, 0xE7, 0x3B, 0xE7, 0x3B, 0xE7, 0x3B, 0xE7,
    0x3B, 0xE7, 0x3B, 0xE7, 0x1A, 0xE7, 0x1B, 0xE7, 0x1A, 0xDF, 0xFA, 0xDE, 0xFA, 0xDE, 0xFA, 0xDE,
    0xFA, 0xDE, 0x36, 0xE6, 0x4F, 0xCC, 0xB0, 0xDC, 0x73, 0xED, 0x32, 0xE5, 0x32, 0xDD, 0xD1, 0xDC,
    0xF2, 0xDC, 0xF1, 0xDC, 0x70, 0xD4, 0xED, 0xCB, 0xAC, 0xCB, 0x8C, 0xCB, 0x8D, 0xBB, 0xCD, 0xBB,
    0xAD, 0xBB, 0xF1, 0xCC, 0x36, 0xCE, 0x16, 0xD6, 0xD4, 0xE5, 0x93, 0xE5, 0x52, 0xDD, 0x31, 0xD5,
    0x31, 0xD5, 0xF0, 0xCC, 0xB0, 0xCC, 0xB0, 0xCC, 0x2E, 0xBC, 0x0E, 0xBC, 0xEE, 0xB3, 0xED, 0xB3,
    0xEE, 0xB3, 0xEE, 0xB3, 0xEE, 0xB3, 0xEE, 0xB3, 0xEE, 0xB3, 0xCD, 0xAB, 0xCD, 0xAB, 0xAD, 0xAB,
    0x8C, 0xAB, 0xCD, 0xB3, 0xCD, 0xB3, 0xAD, 0xB3, 0xAD, 0xB3, 0xAD, 0xB3, 0xAD, 0xB3, 0xAD, 0xAB,
    0xCD, 0xB3, 0xAD, 0xAB, 0xCE, 0xAB, 0x4C, 0x9B, 0x61, 0x30, 0x20, 0x20, 0x40, 0x20, 0x40, 0x20,
    0x20, 0x20, 0x00, 0x20, 0x20, 0x30, 0x20, 0x40, 0x41, 0x48, 0x41, 0x50, 0x61, 0x58, 0x61, 0x60,
    0x82, 0x60, 0x82, 0x60, 0xA2, 0x60, 0x82, 0x50, 0x21, 0x40, 0x00, 0x20, 0x20, 0x18, 0x20, 0x18,
    0x40, 0x28, 0x8D, 0xA3, 0x90, 0xCC, 0x4F, 0xC4, 0x2E, 0xC4, 0x2E, 0xC4, 0x4F, 0xCC, 0x2E, 0xC4,
    0x0D, 0xC4, 0x0D, 0xC4, 0x0D, 0xC4, 0x2E, 0xC4, 0x2E, 0xC4, 0x6F, 0xC4, 0x6F, 0xCC, 0x2E, 0xCC,
    0x0E, 0xCC, 0xEE, 0xC3, 0x0E, 0xC4, 0x2F, 0xCC, 0x0E, 0xCC, 0x2F, 0xCC, 0x4F, 0xD4, 0x2F, 0xCC,
    0x6F, 0xD4, 0x4F, 0xCC, 0x2E, 0xC4, 0x0E, 0xC4, 0x2E, 0xC4, 0x2F, 0xC4, 0x4F, 0xCC, 0x2F, 0xC4,
    0x70, 0xCC, 0x91, 0xCC, 0x50, 0xC4, 0x75, 0xD5, 0xFA, 0xEE, 0xDA, 0xE6, 0xFA, 0xE6, 0xFA, 0xE6,
    0xFA, 0xDE, 0xB9, 0xE6, 0x4C, 0xA3, 0xC9, 0xAA, 0x4B, 0xC3, 0x8C, 0xC3, 0xCD, 0xCB, 0xCD, 0xCB,
    0xCD, 0xCB, 0xCD, 0xCB, 0xEE, 0xCB, 0x0E, 0xD4, 0xEE, 0xCB, 0xEE, 0xCB, 0x0E, 0xCC, 0x0E, 0xCC,
    0x2F, 0xCC, 0x70, 0xCC, 0x6F, 0xC4, 0x33, 0xBD, 0x17, 0xC6, 0x17, 0xB6, 0x17, 0xB6, 0x79, 0xC6,
    0xDA, 0xCE, 0x1A, 0xD7, 0x1B, 0xD7, 0x1A, 0xD7, 0xFA, 0xD6, 0xFA, 0xDE, 0xFA, 0xDE, 0xFA, 0xD6,
    0x1A, 0xD7, 0xFA, 0xD6, 0x1A, 0xD7, 0x56, 0xBE, 0xCF, 0x84, 0x0C, 0x64, 0xEC, 0x63, 0x32, 0x8D,
    0xD9, 0xCE, 0x1A, 0xDF, 0xFA, 0xDE, 0x1A, 0xDF, 0xFA, 0xD6, 0x1A, 0xDF, 0x98, 0xCE, 0x8F, 0x84,
    0x0D, 0x74, 0x0D, 0x6C, 0xCC, 0x63, 0x8A, 0x5B, 0xE7, 0x3A, 0x66, 0x32, 0x26, 0x2A, 0x26, 0x22,
    0x27, 0x22, 0xC6, 0x21, 0x65, 0x19, 0x62, 0x21, 0x67, 0x63, 0x6A, 0x8C, 0x2A, 0x7C, 0x68, 0x63,
    0xA6, 0x42, 0x86, 0x3A, 0xA6, 0x3A, 0xC6, 0x42, 0xC5, 0x42, 0xA5, 0x3A, 0x64, 0x32, 0x03, 0x22,
    0x03, 0x2A, 0x04, 0x2A, 0xE4, 0x21, 0x83, 0x19, 0x43, 0x11, 0x23, 0x11, 0xE3, 0x31, 0x8A, 0x8C,
    0x4A, 0xA5, 0xE8, 0x9C, 0xE9, 0x9C, 0xE8, 0x9C, 0xC8, 0x94, 0x67, 0x84, 0x67, 0x84, 0x26, 0x7C,
    0xC5, 0x6B, 0x65, 0x5B, 0x44, 0x53, 0x24, 0x53, 0x65, 0x5B, 0x06, 0x74, 0x67, 0x84, 0x47, 0x7C,
    0x68, 0x84, 0x68, 0x84, 0x48, 0x84, 0x06, 0x74, 0xE6, 0x6B, 0x07, 0x74, 0xE6, 0x6B, 0x86, 0x5B,
    0x25, 0x4B, 0xE5, 0x42, 0xC5, 0x3A, 0xA5, 0x32, 0xC5, 0x32, 0x85, 0x32, 0x08, 0x4B, 0x52, 0xA5,
    0xB7, 0xDE, 0x97, 0xD6, 0x76, 0xD6, 0x0B, 0x7C, 0xA5, 0x3A, 0x85, 0x32, 0x44, 0x22, 0x64, 0x2A,
    0x63, 0x2A, 0x05, 0x43, 0xAB, 0x84, 0x4C, 0x9D, 0x0B, 0x95, 0x69, 0x84, 0x69, 0x7C, 0x48, 0x74,
    0x28, 0x64, 0xE8, 0x5B, 0xC7, 0x53, 0xC7, 0x53, 0xC7, 0x53, 0xE8, 0x5B, 0x29, 0x64, 0x49, 0x6C,
    0x49, 0x6C, 0x67, 0x53, 0x05, 0x43, 0x25, 0x4B, 0x45, 0x53, 0x86, 0x5B, 0xA7, 0x63, 0xE7, 0x6B,
    0x07, 0x6C, 0x28, 0x6C, 0x69, 0x74, 0x87, 0x5B, 0xA6, 0x3A, 0xE7, 0x3A, 0x08, 0x4B, 0xF0, 0x8C,
    0x19, 0xDF, 0x3A, 0xE7, 0x3A, 0xE7, 0x3B, 0xE7, 0x3B, 0xE7, 0x3B, 0xE7, 0x3B, 0xE7, 0x3B, 0xE7,
    0x3B, 0xE7, 0x3B, 0xE7, 0x3A, 0xE7, 0x3B, 0xE7, 0x3B, 0xE7, 0x5B, 0xE7, 0x97, 0xCE, 0x07, 0x53,
    0xE7, 0x4A, 0xB7, 0xCE, 0x5B, 0xE7, 0x1B, 0xE7, 0x3B, 0xE7, 0x3B, 0xE7, 0x3B, 0xE7, 0x3B, 0xE7,
    0x3B, 0xE7, 0x3B, 0xE7, 0x3B, 0xE7, 0x3B, 0xE7, 0x3B, 0xE7, 0x3B, 0xE7, 0x3B, 0xE7, 0x1B, 0xE7,
    0x1A, 0xE7, 0x3B, 0xE7, 0x3B, 0xE7, 0x3B, 0xE7, 0x3B, 0xE7, 0x3B, 0xE7, 0x3B, 0xE7, 0x3B, 0xE7,
    0x3B, 0xE7, 0x3B, 0xE7, 0x1B, 0xE7, 0x1B, 0xE7, 0x3B, 0xE7, 0x3B, 0xE7, 0x3B, 0xE7, 0x3B, 0xE7,
    0x3B, 0xE7, 0x3B, 0xE7, 0x3B, 0xE7, 0x1B, 0xE7, 0x3B, 0xE7, 0x3B, 0xE7, 0x1B, 0xE7, 0x1A, 0xE7,
    0x1A, 0xE7, 0xF9, 0xF6, 0x33, 0xDD, 0x53, 0xED, 0x32, 0xE5, 0xD1, 0xDC, 0x90, 0xDC, 0x0E, 0xCC,
    0x4F, 0xD4, 0xB0, 0xDC, 0x70, 0xDC, 0x2F, 0xD4, 0x0E, 0xD4, 0xCE, 0xD3, 0x4B, 0xBB, 0x6C, 0xC3,
    0x0A, 0xC3, 0xED, 0xBB, 0x98, 0xDE, 0x97, 0xDE, 0xF5, 0xE5, 0x93, 0xE5, 0x32, 0xDD, 0x51, 0xDD,
    0x72, 0xDD, 0x11, 0xD5, 0xB0, 0xCC, 0xB0, 0xCC, 0xED, 0xB3, 0xED, 0xB3, 0x2E, 0xBC, 0xED, 0xB3,
    0xCD, 0xAB, 0xEE, 0xB3, 0xEE, 0xB3, 0xCD, 0xAB, 0xEE, 0xB3, 0x8C, 0xA3, 0x8D, 0xAB, 0xCD, 0xAB,
    0xAD, 0xAB, 0xAD, 0xAB, 0xEE, 0xB3, 0xAD, 0xB3, 0xCD, 0xB3, 0xAC, 0xB3, 0xAD, 0xB3, 0xCD, 0xB3,
    0xCD, 0xB3, 0xCD, 0xB3, 0xAD, 0xAB, 0xEF, 0xB3, 0xAA, 0x82, 0x00, 0x18, 0x40, 0x18, 0x20, 0x18,
    0x00, 0x20, 0x20, 0x40, 0x41, 0x58, 0x62, 0x68, 0x82, 0x70, 0xA2, 0x80, 0xA2, 0x80, 0xC2, 0x88,
    0xE3, 0x90, 0xE3, 0x90, 0x03, 0x99, 0x03, 0x91, 0xC3, 0x80, 0x61, 0x58, 0x20, 0x30, 0x00, 0x10,
    0x69, 0x72, 0xB1, 0xCC, 0x70, 0xCC, 0x90, 0xCC, 0x4F, 0xCC, 0x4E, 0xC4, 0x4E, 0xC4, 0x4E, 0xC4,
    0x2E, 0xC4, 0x0D, 0xC4, 0x0E, 0xC4, 0x0D, 0xBC, 0x2E, 0xC4, 0x2E, 0xC4, 0x4F, 0xC4, 0x4E, 0xCC,
    0xCD, 0xC3, 0xEE, 0xC3, 0x0E, 0xCC, 0x2E, 0xCC, 0xED, 0xC3, 0x2E, 0xCC, 0x0E, 0xCC, 0xEE, 0xC3,
    0x2E, 0xCC, 0x2E, 0xC4, 0x2F, 0xCC, 0x4F, 0xCC, 0x2E, 0xC4, 0x2E, 0xC4, 0x2F, 0xC4, 0x4F, 0xCC,
    0x4F, 0xC4, 0x90, 0xCC, 0x4F, 0xBC, 0xD6, 0xDD, 0xFA, 0xE6, 0xD9, 0xDE, 0xD9, 0xDE, 0xB9, 0xDE,
    0xFA, 0xE6, 0x57, 0xDE, 0xAE, 0xB3, 0xAD, 0xC3, 0xCD, 0xC3, 0xCD, 0xC3, 0xAD, 0xCB, 0xAD, 0xCB,
    0xCE, 0xD3, 0xCD, 0xCB, 0xCD, 0xCB, 0xCD, 0xCB, 0xEE, 0xCB, 0x0E, 0xCC, 0x0E, 0xCC, 0x0E, 0xCC,
    0xED, 0xC3, 0xEE, 0xC3, 0x4F, 0xBC, 0x74, 0xC5, 0x17, 0xBE, 0x17, 0xB6, 0xF7, 0xB5, 0x18, 0xB6,
    0x38, 0xBE, 0x99, 0xC6, 0xDA, 0xD6, 0xFA, 0xD6, 0x1A, 0xDF, 0x1A, 0xDF, 0x1A, 0xDF, 0x1A, 0xDF,
    0xFA, 0xDE, 0xFA, 0xDE, 0x1A, 0xDF, 0xD3, 0xAD, 0x8D, 0x7C, 0x4C, 0x6C, 0xCB, 0x5B, 0x8B, 0x53,
    0x12, 0x8D, 0xF9, 0xD6, 0xFA, 0xD6, 0xFA, 0xD6, 0xF9, 0xD6, 0xF9, 0xD6, 0x93, 0xAD, 0x0C, 0x74,
    0x2D, 0x74, 0xEC, 0x6B, 0x89, 0x5B, 0x68, 0x53, 0xE7, 0x4A, 0xA7, 0x42, 0x45, 0x3A, 0xE4, 0x29,
    0xC4, 0x21, 0x84, 0x21, 0x22, 0x19, 0xE5, 0x52, 0xC9, 0x94, 0x88, 0x94, 0x48, 0x8C, 0x08, 0x7C,
    0xE8, 0x73, 0x68, 0x5B, 0xC6, 0x42, 0xC6, 0x42, 0xC5, 0x3A, 0x85, 0x3A, 0x64, 0x32, 0x24, 0x2A,
    0x03, 0x22, 0xE3, 0x21, 0xC3, 0x19, 0x83, 0x11, 0x43, 0x11, 0x22, 0x11, 0x26, 0x5B, 0x2A, 0xA5,
    0x09, 0xA5, 0xC8, 0x9C, 0xC8, 0x94, 0xA7, 0x94, 0x87, 0x8C, 0x67, 0x84, 0x26, 0x7C, 0xE6, 0x73,
    0x44, 0x5B, 0xE3, 0x4A, 0xC3, 0x4A, 0xA3, 0x42, 0x24, 0x5B, 0x07, 0x74, 0x27, 0x7C, 0xE7, 0x73,
    0xC6, 0x6B, 0xE7, 0x73, 0xC6, 0x73, 0xE6, 0x73, 0xC5, 0x6B, 0xC6, 0x6B, 0xA6, 0x63, 0x66, 0x5B,
    0x26, 0x4B, 0xE5, 0x3A, 0xA5, 0x3A, 0x85, 0x3A, 0xA5, 0x32, 0x85, 0x32, 0xE7, 0x4A, 0xB3, 0xB5,
    0xB8, 0xDE, 0xB8, 0xDE, 0xF3, 0xC5, 0x67, 0x63, 0x85, 0x3A, 0x44, 0x2A, 0x24, 0x22, 0x43, 0x22,
    0xA4, 0x32, 0x49, 0x6C, 0x2C, 0x95, 0xCA, 0x8C, 0x89, 0x84, 0x69, 0x74, 0x07, 0x64, 0xE7, 0x5B,
    0x08, 0x5C, 0x29, 0x5C, 0x29, 0x5C, 0x28, 0x5C, 0xE8, 0x53, 0xA7, 0x4B, 0xC7, 0x53, 0xC7, 0x53,
    0xE8, 0x5B, 0x09, 0x64, 0x87, 0x53, 0x25, 0x4B, 0x45, 0x4B, 0xA6, 0x5B, 0xA6, 0x63, 0xC6, 0x63,
    0xC6, 0x63, 0x07, 0x6C, 0x8A, 0x7C, 0x88, 0x5B, 0x85, 0x32, 0xA7, 0x3A, 0xE8, 0x42, 0x49, 0x53,
    0xB3, 0xAD, 0x3A, 0xE7, 0x3B, 0xE7, 0x3B, 0xE7, 0x3B, 0xE7, 0x3B, 0xE7, 0x3B, 0xE7, 0x3B, 0xE7,
    0x3B, 0xE7, 0x3B, 0xE7, 0x3A, 0xE7, 0x3B, 0xE7, 0x1B, 0xE7, 0x5B, 0xE7, 0xB2, 0xAD, 0xA5, 0x42,
    0x28, 0x53, 0x97, 0xCE, 0x5B, 0xE7, 0x3B, 0xE7, 0x3B, 0xE7, 0x3B, 0xE7, 0x3B, 0xE7, 0x3B, 0xE7,
    0x3B, 0xE7, 0x3B, 0xE7, 0x3B, 0xE7, 0x3B, 0xE7, 0x3B, 0xE7, 0x3B, 0xE7, 0x3A, 0xE7, 0x3A, 0xE7,
    0x3A, 0xE7, 0x3A, 0xE7, 0x3A, 0xE7, 0x3B, 0xE7, 0x1A, 0xE7, 0x1A, 0xE7, 0x1A, 0xE7, 0x1B, 0xE7,
    0x1B, 0xE7, 0x3B, 0xE7, 0x1B, 0xE7, 0x1B, 0xE7, 0x3B, 0xE7, 0x3B, 0xE7, 0x3B, 0xE7, 0x3B, 0xE7,
    0x3B, 0xE7, 0x3B, 0xE7, 0x3B, 0xE7, 0x3B, 0xE7, 0x3B, 0xE7, 0x3B, 0xE7, 0x1B, 0xDF, 0x1A, 0xE7,
    0x77, 0xE6, 0xD4, 0xE5, 0xB4, 0xED, 0x32, 0xED, 0xD1, 0xE4, 0x4F, 0xD4, 0x8C, 0xBB, 0x8C, 0xBB,
    0xAC, 0xC3, 0x2E, 0xD4, 0x90, 0xDC, 0x6F, 0xDC, 0x6F, 0xDC, 0xAD, 0xCB, 0x2B, 0xBB, 0x2A, 0xC3,
    0xA9, 0xBA, 0x0E, 0xC4, 0x19, 0xEF, 0x19, 0xE7, 0x15, 0xDE, 0x93, 0xE5, 0x52, 0xDD, 0xF0, 0xD4,
    0x11, 0xD5, 0x31, 0xD5, 0xF0, 0xCC, 0x8F, 0xC4, 0x2E, 0xB4, 0x4E, 0xBC, 0x0E, 0xB4, 0x0E, 0xB4,
    0xCD, 0xAB, 0xEE, 0xAB, 0xAD, 0xAB, 0xCD, 0xAB, 0xCE, 0xAB, 0xAD, 0xAB, 0xAD, 0xAB, 0xAD, 0xAB,
    0xAD, 0xAB, 0xAD, 0xAB, 0xAD, 0xAB, 0x8C, 0xAB, 0xCD, 0xB3, 0xCD, 0xB3, 0xEE, 0xB3, 0xAD, 0xAB,
    0xCD, 0xB3, 0xCD, 0xB3, 0x8C, 0xAB, 0xAD, 0xB3, 0x30, 0xBC, 0x49, 0x72, 0x00, 0x18, 0x20, 0x20,
    0x20, 0x38, 0x82, 0x60, 0xC4, 0x80, 0xE3, 0x88, 0xE3, 0x90, 0x04, 0x99, 0x03, 0xA1, 0x04, 0xA1,
    0x24, 0xA9, 0x65, 0xB1, 0x85, 0xB1, 0x85, 0xB1, 0x45, 0xA1, 0xE3, 0x88, 0x00, 0x48, 0x44, 0x51,
    0x71, 0xC4, 0x70, 0xCC, 0x6F, 0xCC, 0x4F, 0xCC, 0x6F, 0xCC, 0x2E, 0xC4, 0x4E, 0xC4, 0x4E, 0xC4,
    0x2E, 0xC4, 0x4E, 0xCC, 0x0D, 0xBC, 0x2E, 0xC4, 0x0D, 0xBC, 0x0E, 0xC4, 0x2E, 0xC4, 0x2E, 0xC4,
    0x2E, 0xC4, 0x0E, 0xC4, 0xED, 0xC3, 0x2E, 0xC4, 0x0E, 0xC4, 0x0E, 0xC4, 0xEE, 0xC3, 0x0E, 0xC4,
    0x4F, 0xCC, 0x2E, 0xCC, 0x2E, 0xCC, 0x0E, 0xC4, 0x0E, 0xC4, 0x2F, 0xC4, 0x2F, 0xC4, 0x2F, 0xC4,
    0x70, 0xC4, 0x4F, 0xC4, 0x50, 0xBC, 0x57, 0xE6, 0xD9, 0xE6, 0xD9, 0xDE, 0xB9, 0xDE, 0xB9, 0xDE,
    0xD9, 0xE6, 0x54, 0xCD, 0xCE, 0xBB, 0x0F, 0xCC, 0x4F, 0xCC, 0x70, 0xD4, 0x2F, 0xCC, 0xAD, 0xC3,
    0x6C, 0xC3, 0xCD, 0xD3, 0xED, 0xD3, 0xCD, 0xCB, 0x0E, 0xCC, 0xEE, 0xCB, 0xED, 0xCB, 0xCD, 0xC3,
    0xED, 0xC3, 0xCD, 0xC3, 0x2F, 0xB4, 0xB5, 0xC5, 0x17, 0xB6, 0xF7, 0xB5, 0xF7, 0xB5, 0xF7, 0xB5,
    0xD7, 0xAD, 0xF7, 0xB5, 0x59, 0xBE, 0xBA, 0xCE, 0xFA, 0xDE, 0x1A, 0xDF, 0x1A, 0xDF, 0x1A, 0xDF,
    0xFA, 0xDE, 0xFA, 0xDE, 0x1A, 0xDF, 0xB3, 0xAD, 0x6C, 0x74, 0x2C, 0x6C, 0xEB, 0x5B, 0xAB, 0x53,
    0x4A, 0x4B, 0x73, 0xA5, 0x1A, 0xDF, 0x1A, 0xDF, 0x1A, 0xDF, 0x77, 0xCE, 0x4D, 0x84, 0xEB, 0x7B,
    0x2C, 0x84, 0xEA, 0x73, 0xA9, 0x6B, 0xC9, 0x73, 0xEA, 0x7B, 0xEA, 0x83, 0xA9, 0x83, 0x07, 0x6B,
    0x05, 0x42, 0x22, 0x21, 0x61, 0x29, 0x6A, 0x8C, 0xC9, 0x9C, 0x87, 0x94, 0x67, 0x8C, 0x06, 0x7C,
    0x07, 0x7C, 0xE9, 0x73, 0x47, 0x5B, 0xA5, 0x42, 0xA5, 0x3A, 0x85, 0x3A, 0x44, 0x2A, 0x03, 0x22,
    0x03, 0x22, 0xA3, 0x19, 0xA3, 0x19, 0x84, 0x11, 0x43, 0x11, 0xE3, 0x29, 0x89, 0x8C, 0x49, 0xAD,
    0x08, 0x9D, 0xC7, 0x94, 0xA7, 0x94, 0x86, 0x8C, 0x46, 0x84, 0x26, 0x7C, 0xE5, 0x7B, 0x85, 0x6B,
    0x24, 0x5B, 0xE3, 0x4A, 0xE4, 0x4A, 0xA3, 0x42, 0x24, 0x5B, 0xC6, 0x6B, 0xC6, 0x6B, 0x65, 0x5B,
    0x25, 0x53, 0x86, 0x63, 0xE6, 0x73, 0xE6, 0x73, 0xA5, 0x6B, 0xA6, 0x63, 0x45, 0x53, 0xE4, 0x4A,
    0xC5, 0x3A, 0x85, 0x32, 0x85, 0x3A, 0xA5, 0x3A, 0xE6, 0x3A, 0xA5, 0x32, 0x6A, 0x5B, 0x56, 0xCE,
    0xF8, 0xE6, 0xD8, 0xE6, 0x71, 0xAD, 0x06, 0x53, 0x65, 0x32, 0x45, 0x2A, 0x04, 0x22, 0x03, 0x22,
    0x46, 0x4B, 0xEB, 0x8C, 0x8A, 0x84, 0xE7, 0x6B, 0xE7, 0x6B, 0xE8, 0x63, 0x86, 0x53, 0xA7, 0x53,
    0xE8, 0x5B, 0xE7, 0x53, 0xE7, 0x53, 0xC7, 0x53, 0xC7, 0x53, 0xC7, 0x53, 0x86, 0x4B, 0x86, 0x4B,
    0xC7, 0x53, 0x29, 0x64, 0xC8, 0x63, 0x46, 0x53, 0x65, 0x53, 0xA6, 0x5B, 0xA6, 0x5B, 0xC6, 0x63,
    0xC6, 0x63, 0xE7, 0x63, 0xAA, 0x7C, 0x2A, 0x6C, 0xA6, 0x3A, 0x86, 0x32, 0xE8, 0x3A, 0x08, 0x4B,
    0x6E, 0x7C, 0xF9, 0xD6, 0x3B, 0xE7, 0x3B, 0xE7, 0x3A, 0xE7, 0x3B, 0xE7, 0x3B, 0xE7, 0x3B, 0xE7,
    0x3B, 0xE7, 0x3B, 0xE7, 0x3B, 0xE7, 0x3A, 0xE7, 0x1A, 0xE7, 0x19, 0xDF, 0x6D, 0x84, 0x64, 0x32,
    0x48, 0x5B, 0x96, 0xCE, 0x3A, 0xE7, 0x3A, 0xE7, 0x3B, 0xE7, 0x3B, 0xE7, 0x3B, 0xE7, 0x3B, 0xE7,
    0x3B, 0xE7, 0x3B, 0xE7, 0x3B, 0xE7, 0x3B, 0xE7, 0x3B, 0xE7, 0x3B, 0xE7, 0x3B, 0xE7, 0x3B, 0xE7,
    0x3B, 0xE7, 0x3B, 0xE7, 0x3B, 0xE7, 0x3B, 0xE7, 0xD8, 0xD6, 0xF3, 0xB5, 0x97, 0xCE, 0x3B, 0xE7,
    0x1B, 0xE7, 0x3B, 0xE7, 0x3B, 0xE7, 0x3B, 0xE7, 0x3B, 0xE7, 0x3B, 0xE7, 0x3B, 0xE7, 0x3B, 0xE7,
    0x3B, 0xE7, 0x3B, 0xE7, 0x3B, 0xE7, 0x3B, 0xE7, 0x3B, 0xE7, 0x1B, 0xE7, 0x1B, 0xE7, 0xFA, 0xE6,
    0x53, 0xD5, 0xF1, 0xDC, 0x32, 0xE5, 0xAF, 0xDC, 0x2E, 0xD4, 0x8C, 0xBB, 0x4B, 0xB3, 0x4B, 0xB3,
    0x8C, 0xBB, 0xCD, 0xCB, 0x2F, 0xD4, 0x2F, 0xD4, 0x2E, 0xD4, 0xCD, 0xCB, 0x2B, 0xBB, 0xE9, 0xC2,
    0xA8, 0xBA, 0x6F, 0xCC, 0x3A, 0xEF, 0x1A, 0xDF, 0x77, 0xE6, 0xB3, 0xDD, 0x52, 0xDD, 0x31, 0xD5,
    0x11, 0xD5, 0x10, 0xD5, 0x8E, 0xBC, 0x6E, 0xBC, 0xD0, 0xC4, 0x4F, 0xBC, 0xED, 0xAB, 0xED, 0xAB,
    0xAD, 0xA3, 0xEE, 0xAB, 0xAD, 0xAB, 0xAD, 0xAB, 0xCE, 0xAB, 0xEE, 0xAB, 0xCD, 0xAB, 0x8C, 0xA3,
    0x6C, 0xA3, 0xAD, 0xAB, 0xAD, 0xAB, 0xAD, 0xB3, 0xEE, 0xB3, 0x0E, 0xBC, 0x0E, 0xBC, 0xAD, 0xB3,
    0xCD, 0xB3, 0xCD, 0xB3, 0xAD, 0xB3, 0xAD, 0xB3, 0xCE, 0xB3, 0xB2, 0xCC, 0x69, 0x6A, 0x00, 0x18,
    0x21, 0x40, 0xC4, 0x78, 0x25, 0x91, 0x45, 0x99, 0x45, 0x99, 0x65, 0xA1, 0x65, 0xA9, 0x65, 0xB1,
    0x86, 0xB9, 0xE6, 0xB9, 0x27, 0xC2, 0x27, 0xBA, 0xC6, 0xB1, 0xA3, 0x88, 0x04, 0x79, 0xEF, 0xC3,
    0x70, 0xCC, 0x70, 0xCC, 0x6F, 0xCC, 0x6F, 0xCC, 0x4E, 0xC4, 0x2E, 0xC4, 0x2E, 0xC4, 0x2E, 0xC4,
    0x2E, 0xBC, 0x4E, 0xC4, 0x2E, 0xC4, 0x4E, 0xC4, 0x2E, 0xC4, 0x0E, 0xC4, 0xCD, 0xBB, 0xED, 0xBB,
    0xED, 0xBB, 0x0E, 0xC4, 0x2F, 0xCC, 0x0E, 0xC4, 0x2E, 0xC4, 0x4F, 0xCC, 0x2E, 0xCC, 0x2E, 0xCC,
    0x2E, 0xCC, 0x2E, 0xC4, 0x0E, 0xC4, 0x6F, 0xCC, 0x2F, 0xC4, 0x0E, 0xC4, 0x2F, 0xC4, 0x4F, 0xC4,
    0x70, 0xC4, 0x2F, 0xC4, 0xD2, 0xC4, 0xD9, 0xEE, 0xD9, 0xDE, 0xB9, 0xDE, 0x99, 0xDE, 0xB9, 0xDE,
    0x58, 0xDE, 0x50, 0xB4, 0xEE, 0xBB, 0x4F, 0xCC, 0x6F, 0xD4, 0xB0, 0xD4, 0xD1, 0xDC, 0xB1, 0xD4,
    0x0E, 0xCC, 0xAD, 0xC3, 0xCD, 0xCB, 0xCD, 0xCB, 0xAD, 0xCB, 0xCD, 0xCB, 0xAD, 0xC3, 0xCD, 0xC3,
    0xCD, 0xC3, 0xCC, 0xBB, 0x70, 0xB4, 0xF6, 0xC5, 0xF7, 0xB5, 0xF7, 0xB5, 0xF7, 0xB5, 0xD7, 0xAD,
    0xD7, 0xAD, 0xD7, 0xAD, 0xD7, 0xAD, 0x38, 0xBE, 0xBA, 0xCE, 0xFA, 0xDE, 0x1A, 0xDF, 0x1A, 0xDF,
    0xFA, 0xDE, 0x3A, 0xDF, 0x19, 0xD7, 0x93, 0xA5, 0x6C, 0x74, 0x0B, 0x64, 0xCB, 0x5B, 0x8A, 0x53,
    0x8A, 0x73, 0x2D, 0xA4, 0x73, 0xCD, 0x94, 0xCD, 0xB4, 0xCD, 0xF0, 0xBC, 0xCB, 0x93, 0xEC, 0xA3,
    0x0C, 0xA4, 0xEB, 0x9B, 0xCB, 0x9B, 0xCB, 0xA3, 0xEB, 0xAB, 0xEB, 0xAB, 0xCA, 0xA3, 0x89, 0x9B,
    0x08, 0x83, 0x05, 0x5A, 0x85, 0x6A, 0x8B, 0xA4, 0x88, 0xA4, 0x66, 0x94, 0x26, 0x84, 0xE6, 0x7B,
    0xC7, 0x73, 0xE8, 0x73, 0xA8, 0x63, 0x06, 0x4B, 0x85, 0x3A, 0x65, 0x32, 0x24, 0x22, 0x03, 0x22,
    0xE3, 0x21, 0xA3, 0x19, 0x63, 0x11, 0x23, 0x11, 0xE1, 0x08, 0x84, 0x42, 0x2A, 0xA5, 0x29, 0xA5,
    0xE7, 0x9C, 0xA7, 0x94, 0xA7, 0x94, 0x66, 0x8C, 0x46, 0x84, 0x06, 0x7C, 0xA5, 0x73, 0x65, 0x6B,
    0x04, 0x53, 0xE4, 0x4A, 0xC3, 0x42, 0xC4, 0x42, 0x25, 0x5B, 0x25, 0x5B, 0xE4, 0x52, 0xE4, 0x4A,
    0xE4, 0x4A, 0x45, 0x5B, 0x07, 0x74, 0xA5, 0x6B, 0x85, 0x63, 0xA6, 0x63, 0x25, 0x53, 0x25, 0x4B,
    0xC5, 0x3A, 0x85, 0x32, 0x64, 0x32, 0x64, 0x2A, 0xA5, 0x32, 0x44, 0x2A, 0x4D, 0x7C, 0x19, 0xEF,
    0x19, 0xE7, 0xF8, 0xDE, 0xAE, 0x8C, 0x84, 0x3A, 0x44, 0x2A, 0x04, 0x22, 0xE4, 0x19, 0x23, 0x2A,
    0x4A, 0x7C, 0xEB, 0x94, 0xC7, 0x6B, 0xC7, 0x63, 0xA7, 0x63, 0x86, 0x53, 0x66, 0x53, 0x66, 0x4B,
    0x86, 0x4B, 0xA6, 0x53, 0x86, 0x4B, 0x86, 0x4B, 0xA7, 0x4B, 0xC7, 0x53, 0xA7, 0x4B, 0xA7, 0x4B,
    0xC7, 0x53, 0x29, 0x64, 0x29, 0x6C, 0x46, 0x53, 0x25, 0x53, 0x86, 0x5B, 0x86, 0x5B, 0x85, 0x53,
    0xA6, 0x5B, 0xC6, 0x63, 0x08, 0x6C, 0x6A, 0x74, 0x88, 0x5B, 0xC6, 0x3A, 0xE7, 0x3A, 0x08, 0x43,
    0xCB, 0x63, 0x97, 0xCE, 0x5B, 0xE7, 0x3B, 0xE7, 0x3A, 0xE7, 0x3B, 0xE7, 0x3B, 0xE7, 0x3B, 0xE7,
    0x3B, 0xE7, 0x3B, 0xE7, 0x3B, 0xE7, 0x3A, 0xE7, 0x3A, 0xE7, 0x14, 0xBE, 0xC5, 0x4A, 0x43, 0x32,
    0xE7, 0x4A, 0x92, 0xAD, 0x19, 0xE7, 0x3A, 0xE7, 0x3B, 0xE7, 0x3B, 0xE7, 0x3B, 0xE7, 0x3B, 0xE7,
    0x3B, 0xE7, 0x3B, 0xE7, 0x3B, 0xE7, 0x3B, 0xE7, 0x3B, 0xE7, 0x3B, 0xE7, 0x3B, 0xE7, 0x3B, 0xE7,
    0x3B, 0xE7, 0x1B, 0xE7, 0x1B, 0xE7, 0x3A, 0xE7, 0x13, 0xB6, 0x87, 0x5B, 0xEF, 0x8C, 0x3A, 0xDF,
    0x3B, 0xE7, 0x3B, 0xE7, 0x3B, 0xE7, 0x3B, 0xE7, 0x3B, 0xE7, 0x3B, 0xE7, 0x3B, 0xE7, 0x3B, 0xE7,
    0x1B, 0xE7, 0x1B, 0xE7, 0x3B, 0xE7, 0x3B, 0xE7, 0x1B, 0xE7, 0x1A, 0xE7, 0x3B, 0xE7, 0x98, 0xE6,
    0xD1, 0xCC, 0xF1, 0xE4, 0xD0, 0xDC, 0xED, 0xCB, 0x8C, 0xBB, 0x0A, 0xAB, 0x2B, 0xAB, 0x2B, 0xB3,
    0x4B, 0xBB, 0x8C, 0xBB, 0xAD, 0xC3, 0x6C, 0xC3, 0x4B, 0xC3, 0x4B, 0xC3, 0x2A, 0xC3, 0x0A, 0xC3,
    0xA8, 0xB2, 0xF1, 0xD4, 0x5B, 0xEF, 0x1A, 0xDF, 0xD9, 0xE6, 0xB4, 0xDD, 0x52, 0xDD, 0x31, 0xDD,
    0x10, 0xD5, 0xF0, 0xCC, 0xAF, 0xC4, 0x2E, 0xB4, 0x4E, 0xBC, 0x0D, 0xAC, 0xEE, 0xAB, 0xED, 0xAB,
    0x0E, 0xAC, 0xEE, 0xAB, 0xAD, 0xAB, 0x8D, 0xA3, 0xAD, 0xAB, 0xEE, 0xB3, 0xAD, 0xAB, 0xCD, 0xAB,
    0xAD, 0xA3, 0x8C, 0xAB, 0x8C, 0xAB, 0xCD, 0xB3, 0xCD, 0xB3, 0xAD, 0xAB, 0xCD, 0xB3, 0xEE, 0xBB,
    0xCE, 0xB3, 0xCD, 0xB3, 0xCE, 0xB3, 0xEE, 0xBB, 0xCE, 0xB3, 0x30, 0xB4, 0x34, 0xCD, 0x4C, 0x93,
    0x41, 0x50, 0x41, 0x68, 0xE4, 0x88, 0x65, 0xA1, 0xA6, 0xA9, 0xA6, 0xB1, 0xC6, 0xB1, 0xC6, 0xB9,
    0x06, 0xC2, 0x27, 0xC2, 0x48, 0xC2, 0x07, 0xBA, 0x24, 0x99, 0xC7, 0x99, 0x2F, 0xCC, 0x91, 0xD4,
    0x70, 0xCC, 0x90, 0xCC, 0x4F, 0xCC, 0x4F, 0xC4, 0x2E, 0xC4, 0x0D, 0xBC, 0x2E, 0xC4, 0x0D, 0xBC,
    0x2E, 0xC4, 0x2E, 0xC4, 0x4E, 0xC4, 0x4E, 0xC4, 0x2E, 0xC4, 0x0D, 0xBC, 0x0E, 0xC4, 0x4E, 0xCC,
    0x2E, 0xC4, 0xED, 0xBB, 0x2F, 0xCC, 0x2E, 0xC4, 0x0E, 0xC4, 0x2E, 0xCC, 0xED, 0xC3, 0x0E, 0xC4,
    0x0E, 0xC4, 0x0E, 0xC4, 0x2E, 0xC4, 0x2E, 0xC4, 0x4F, 0xC4, 0x2F, 0xC4, 0x0E, 0xBC, 0x4F, 0xC4,
    0x70, 0xC4, 0x2F, 0xBC, 0x94, 0xD5, 0xD9, 0xE6, 0xB9, 0xDE, 0x99, 0xDE, 0x98, 0xD6, 0x98, 0xDE,
    0x53, 0xCD, 0xCE, 0xB3, 0x2F, 0xCC, 0x6F, 0xCC, 0x8F, 0xCC, 0x8F, 0xCC, 0x90, 0xCC, 0xF2, 0xD4,
    0x12, 0xDD, 0x90, 0xD4, 0x4F, 0xCC, 0xAD, 0xC3, 0x6C, 0xC3, 0x8C, 0xC3, 0xAD, 0xC3, 0xAD, 0xC3,
    0x8C, 0xBB, 0xAC, 0xB3, 0xB1, 0xB4, 0x17, 0xC6, 0xF7, 0xB5, 0xD7, 0xAD, 0xD7, 0xAD, 0xB7, 0xAD,
    0xB7, 0xAD, 0xD7, 0xAD, 0xD7, 0xAD, 0xD7, 0xAD, 0x58, 0xBE, 0xDA, 0xD6, 0x1A, 0xDF, 0xFA, 0xDE,
    0xD8, 0xD6, 0x34, 0xB6, 0x50, 0x95, 0x8E, 0x84, 0x6D, 0x74, 0x2C, 0x6C, 0xCB, 0x5B, 0xAB, 0x6B,
    0x2D, 0xAC, 0xAA, 0xBB, 0x6A, 0xB3, 0x6A, 0xAB, 0x4A, 0xA3, 0xC8, 0x92, 0xE9, 0x9A, 0x2A, 0xA3,
    0x2A, 0xA3, 0x29, 0xA3, 0x29, 0xA3, 0x08, 0xA3, 0xC8, 0x9A, 0xC8, 0x9A, 0xC7, 0x92, 0x86, 0x8A,
    0xC8, 0x92, 0xE9, 0x92, 0xE8, 0x9A, 0x28, 0x9B, 0xA7, 0x9B, 0x07, 0x94, 0x06, 0x8C, 0xE5, 0x7B,
    0xC6, 0x73, 0xA7, 0x6B, 0xA8, 0x6B, 0x68, 0x63, 0xC6, 0x42, 0x25, 0x2A, 0x45, 0x2A, 0x24, 0x22,
    0xE3, 0x21, 0xC3, 0x21, 0x83, 0x19, 0x22, 0x11, 0x01, 0x11, 0x26, 0x5B, 0x09, 0xA5, 0xE8, 0xA4,
    0xC7, 0x94, 0x86, 0x8C, 0x87, 0x8C, 0x46, 0x84, 0x26, 0x7C, 0xC5, 0x73, 0xA6, 0x7B, 0xC4, 0x6A,
    0x42, 0x42, 0x83, 0x42, 0x63, 0x3A, 0x83, 0x42, 0xC4, 0x4A, 0xC4, 0x4A, 0xA3, 0x42, 0xE4, 0x4A,
    0xC4, 0x4A, 0xE4, 0x4A, 0xC6, 0x6B, 0xC6, 0x6B, 0x28, 0x74, 0x6A, 0x74, 0x6A, 0x74, 0x6A, 0x6C,
    0x2A, 0x5C, 0xE9, 0x53, 0x68, 0x43, 0xE6, 0x3A, 0xA5, 0x32, 0x23, 0x32, 0x51, 0xA5, 0x5A, 0xEF,
    0x3A, 0xE7, 0xB7, 0xCE, 0x89, 0x63, 0x23, 0x2A, 0xE3, 0x19, 0xA3, 0x19, 0x83, 0x11, 0x85, 0x3A,
    0xCB, 0x8C, 0x69, 0x84, 0xC7, 0x6B, 0xC7, 0x63, 0xC7, 0x63, 0xE8, 0x63, 0x86, 0x53, 0x45, 0x4B,
    0x66, 0x4B, 0x86, 0x4B, 0x66, 0x4B, 0x66, 0x4B, 0x66, 0x4B, 0x86, 0x4B, 0xA7, 0x53, 0xA6, 0x53,
    0xA7, 0x53, 0xE8, 0x5B, 0x6A, 0x6C, 0xC8, 0x63, 0x45, 0x53, 0x86, 0x5B, 0xC7, 0x5B, 0x85, 0x53,
    0xA6, 0x5B, 0xC6, 0x5B, 0x07, 0x64, 0x49, 0x74, 0x8A, 0x7C, 0xE9, 0x63, 0x27, 0x43, 0xE7, 0x42,
    0x89, 0x5B, 0x55, 0xC6, 0x3B, 0xE7, 0x3A, 0xE7, 0x3A, 0xE7, 0x3B, 0xE7, 0x3B, 0xE7, 0x3B, 0xE7,
    0x3B, 0xE7, 0x3B, 0xE7, 0x1B, 0xE7, 0x3B, 0xE7, 0xF8, 0xD6, 0x0A, 0x74, 0x22, 0x2A, 0x64, 0x32,
    0xA6, 0x42, 0x4A, 0x6B, 0x15, 0xC6, 0x3A, 0xE7, 0x3A, 0xE7, 0x3B, 0xE7, 0x3B, 0xE7, 0x3B, 0xE7,
    0x3B, 0xE7, 0x3B, 0xE7, 0x3B, 0xE7, 0x3B, 0xE7, 0x3B, 0xE7, 0x3B, 0xE7, 0x3B, 0xE7, 0x3B, 0xE7,
    0x3B, 0xE7, 0x3B, 0xE7, 0x3B, 0xE7, 0x19, 0xDF, 0x0E, 0x8D, 0x45, 0x4B, 0x4A, 0x6C, 0xF8, 0xD6,
    0x3B, 0xE7, 0x3B, 0xE7, 0x3B, 0xE7, 0x3B, 0xE7, 0x3B, 0xE7, 0x3A, 0xE7, 0x3A, 0xE7, 0x3A, 0xE7,
    0x3A, 0xE7, 0x3A, 0xE7, 0x3A, 0xE7, 0x3A, 0xE7, 0x3A, 0xE7, 0x1A, 0xE7, 0x3B, 0xE7, 0xD9, 0xEE,
    0xB0, 0xCC, 0xB0, 0xDC, 0x2E, 0xCC, 0x4B, 0xB3, 0x2A, 0xAB, 0x0A, 0xAB, 0x0A, 0xAB, 0xEA, 0xAA,
    0xEA, 0xAA, 0x0A, 0xB3, 0x2B, 0xBB, 0x2B, 0xBB, 0x2B, 0xBB, 0xEA, 0xBA, 0x2A, 0xBB, 0x4A, 0xC3,
    0x09, 0xB3, 0xD1, 0xD4, 0x1A, 0xEF, 0xFA, 0xDE, 0x1A, 0xE7, 0x36, 0xDE, 0x93, 0xDD, 0x31, 0xDD,
    0xF0, 0xCC, 0xCF, 0xCC, 0xAF, 0xCC, 0x0D, 0xB4, 0x0E, 0xB4, 0x0E, 0xB4, 0x0E, 0xAC, 0x0E, 0xAC,
    0xAD, 0xA3, 0x6C, 0x9B, 0x6C, 0x9B, 0xAD, 0xA3, 0xAD, 0xAB, 0xCE, 0xAB, 0xCD, 0xAB, 0xCE, 0xAB,
    0x8C, 0xA3, 0xAC, 0xA3, 0x6C, 0xA3, 0x8C, 0xAB, 0xAD, 0xB3, 0xAD, 0xB3, 0xAD, 0xAB, 0xAD, 0xB3,
    0xAD, 0xB3, 0xCD, 0xB3, 0xEE, 0xB3, 0x0E, 0xBC, 0x0F, 0xBC, 0xEE, 0xB3, 0x2F, 0xBC, 0x33, 0xDD,
    0xEF, 0xBB, 0xC7, 0x91, 0xE4, 0x80, 0xA2, 0x88, 0x04, 0x99, 0x65, 0xB1, 0x85, 0xB1, 0x65, 0xB1,
    0x64, 0xB1, 0x24, 0xB1, 0x24, 0xA9, 0x85, 0xA1, 0x0B, 0xBB, 0xD2, 0xE4, 0xD1, 0xCC, 0x2F, 0xC4,
    0x6F, 0xCC, 0x4F, 0xCC, 0x4F, 0xC4, 0x0E, 0xBC, 0x2E, 0xC4, 0x0D, 0xBC, 0x0E, 0xC4, 0x0E, 0xC4,
    0x0E, 0xC4, 0x0D, 0xBC, 0xED, 0xBB, 0x0E, 0xC4, 0x0E, 0xBC, 0x0E, 0xC4, 0xED, 0xC3, 0xED, 0xC3,
    0x0E, 0xC4, 0xED, 0xBB, 0x2F, 0xC4, 0xED, 0xBB, 0xED, 0xBB, 0x2F, 0xCC, 0xCD, 0xBB, 0xED, 0xBB,
    0xCD, 0xBB, 0x0E, 0xC4, 0x0D, 0xBC, 0x0D, 0xBC, 0xED, 0xBB, 0x2E, 0xBC, 0x0E, 0xBC, 0x2F, 0xC4,
    0x50, 0xC4, 0x91, 0xBC, 0x58, 0xE6, 0xB9, 0xDE, 0xB9, 0xDE, 0x98, 0xDE, 0x98, 0xDE, 0x16, 0xDE,
    0x2F, 0xBC, 0xEF, 0xC3, 0x4F, 0xCC, 0x6F, 0xCC, 0x90, 0xD4, 0xB0, 0xD4, 0xD1, 0xD4, 0xF2, 0xD4,
    0x12, 0xD5, 0x32, 0xDD, 0x12, 0xDD, 0xD1, 0xDC, 0x2E, 0xCC, 0xAD, 0xBB, 0xAC, 0xBB, 0x8C, 0xB3,
    0x6C, 0xB3, 0x8C, 0xA3, 0x33, 0xBD, 0xF7, 0xBD, 0xB7, 0xAD, 0x96, 0xA5, 0xB6, 0xA5, 0xB7, 0xA5,
    0xB7, 0xA5, 0xB7, 0xA5, 0xB7, 0xA5, 0xD7, 0xA5, 0xF7, 0xAD, 0x99, 0xC6, 0xFA, 0xD6, 0xD8, 0xD6,
    0x30, 0x9D, 0x88, 0x5B, 0x06, 0x4B, 0xCB, 0x63, 0x4D, 0x74, 0x2C, 0x6C, 0xAB, 0x63, 0xEC, 0x8B,
    0xAA, 0xB3, 0xC7, 0xB2, 0x8A, 0xCB, 0x6A, 0xBB, 0x29, 0xAB, 0xC9, 0x9A, 0x88, 0x92, 0xA8, 0x9A,
    0xA8, 0x9A, 0x87, 0x9A, 0x67, 0x9A, 0x66, 0x9A, 0x46, 0x92, 0x46, 0x92, 0x67, 0x92, 0x46, 0x8A,
    0x67, 0x8A, 0x87, 0x8A, 0x67, 0x8A, 0x67, 0x8A, 0xA7, 0x8A, 0x27, 0x8B, 0xC6, 0x8B, 0xC6, 0x83,
    0xC6, 0x7B, 0xC7, 0x7B, 0xA7, 0x73, 0x88, 0x6B, 0x27, 0x5B, 0x25, 0x32, 0xE4, 0x21, 0x04, 0x22,
    0x04, 0x2A, 0xE4, 0x21, 0xA3, 0x19, 0x42, 0x19, 0x01, 0x11, 0x66, 0x6B, 0x29, 0xA5, 0xE7, 0xA4,
    0xA7, 0x9C, 0x66, 0x8C, 0x46, 0x8C, 0x46, 0x84, 0x05, 0x7C, 0x85, 0x6B, 0x66, 0x7B, 0x43, 0x62,
    0xE1, 0x39, 0x63, 0x3A, 0x43, 0x3A, 0x63, 0x3A, 0x83, 0x3A, 0x63, 0x3A, 0x63, 0x3A, 0xC4, 0x4A,
    0x83, 0x42, 0x62, 0x3A, 0x45, 0x53, 0x48, 0x74, 0xEC, 0x84, 0xEC, 0x7C, 0xEC, 0x7C, 0xAB, 0x6C,
    0x6A, 0x64, 0x4A, 0x5C, 0x2A, 0x54, 0x0A, 0x54, 0xA9, 0x4B, 0x48, 0x53, 0x76, 0xCE, 0x3A, 0xEF,
    0x3A, 0xE7, 0x76, 0xCE, 0xE7, 0x4A, 0xE3, 0x21, 0xE3, 0x19, 0xA3, 0x19, 0x42, 0x11, 0xC5, 0x42,
    0x69, 0x7C, 0xE7, 0x6B, 0x86, 0x63, 0xE4, 0x4A, 0x25, 0x4B, 0x04, 0x43, 0xC3, 0x3A, 0xE4, 0x3A,
    0x04, 0x43, 0x45, 0x4B, 0x45, 0x4B, 0x66, 0x4B, 0x45, 0x4B, 0x45, 0x4B, 0x66, 0x4B, 0x66, 0x4B,
    0x86, 0x53, 0xC7, 0x5B, 0x29, 0x6C, 0x09, 0x6C, 0x86, 0x5B, 0x86, 0x5B, 0xE7, 0x63, 0xE7, 0x63,
    0x07, 0x64, 0xE7, 0x63, 0x08, 0x64, 0x28, 0x6C, 0x69, 0x74, 0x6A, 0x74, 0x88, 0x53, 0x27, 0x43,
    0xA9, 0x5B, 0x14, 0xBE, 0x3A, 0xE7, 0x3A, 0xE7, 0x3A, 0xE7, 0x3B, 0xE7, 0x3B, 0xE7, 0x3B, 0xE7,
    0x3B, 0xE7, 0x3B, 0xE7, 0x3B, 0xE7, 0x5B, 0xE7, 0xD2, 0xAD, 0xA4, 0x42, 0x84, 0x32, 0x84, 0x32,
    0xC6, 0x42, 0x66, 0x4A, 0xF0, 0xA4, 0x5A, 0xEF, 0x3A, 0xE7, 0x3A, 0xE7, 0x3A, 0xE7, 0x3A, 0xE7,
    0x3A, 0xE7, 0x3B, 0xE7, 0x3B, 0xE7, 0x3B, 0xE7, 0x3B, 0xE7, 0x3B, 0xE7, 0x3A, 0xE7, 0x3A, 0xE7,
    0x3A, 0xE7, 0x3A, 0xE7, 0x3B, 0xE7, 0xD7, 0xD6, 0x4A, 0x74, 0x45, 0x43, 0xA8, 0x53, 0x75, 0xC6,
    0x5B, 0xE7, 0x3A, 0xE7, 0x3A, 0xE7, 0x3A, 0xE7, 0x3A, 0xE7, 0x3B, 0xE7, 0x3B, 0xE7, 0x3B, 0xE7,
    0x3B, 0xE7, 0x3B, 0xE7, 0x3A, 0xE7, 0x3A, 0xE7, 0x3A, 0xE7, 0x3A, 0xE7, 0x3B, 0xE7, 0x1A, 0xEF,
    0x11, 0xCD, 0x0D, 0xC4, 0x6B, 0xB3, 0xE9, 0xA2, 0xEA, 0xA2, 0xEA, 0xA2, 0xEA, 0xA2, 0xCA, 0xA2,
    0xC9, 0xAA, 0xC9, 0xAA, 0x0A, 0xB3, 0x2B, 0xBB, 0xEA, 0xB2, 0xEA, 0xB2, 0x4B, 0xBB, 0x4B, 0xBB,
    0x2A, 0xBB, 0xED, 0xBB, 0xD9, 0xF6, 0x1A, 0xE7, 0x1A, 0xE7, 0x98, 0xE6, 0x52, 0xCD, 0x31, 0xD5,
    0x10, 0xD5, 0x8E, 0xC4, 0x4E, 0xBC, 0x0D, 0xB4, 0xED, 0xB3, 0x0E, 0xAC, 0x0E, 0xAC, 0xCD, 0xAB,
    0xAD, 0xA3, 0x8C, 0xA3, 0x8D, 0xA3, 0x8D, 0xA3, 0x8D, 0xA3, 0x8D, 0xA3, 0x8D, 0xA3, 0x8C, 0xA3,
    0x6C, 0xA3, 0x8C, 0xA3, 0x8C, 0xA3, 0x8C, 0xAB, 0x8C, 0xAB, 0x8D, 0xAB, 0xAD, 0xAB, 0xCD, 0xB3,
    0xCD, 0xB3, 0xCD, 0xB3, 0xCD, 0xB3, 0xAD, 0xB3, 0xEE, 0xB3, 0x0F, 0xBC, 0x6C, 0xA3, 0x4B, 0x9B,
    0x70, 0xC4, 0xD2, 0xDC, 0x0F, 0xCC, 0x0B, 0xBB, 0x48, 0xAA, 0xC6, 0xA9, 0x85, 0xA1, 0x85, 0xA9,
    0x07, 0xAA, 0x89, 0xBA, 0x6C, 0xCB, 0xB1, 0xE4, 0x12, 0xE5, 0x2F, 0xC4, 0xED, 0xBB, 0x2E, 0xC4,
    0x0E, 0xCC, 0x2E, 0xC4, 0x2E, 0xC4, 0x2E, 0xC4, 0x0E, 0xC4, 0x0D, 0xBC, 0x0E, 0xC4, 0x0D, 0xC4,
    0xED, 0xBB, 0xED, 0xBB, 0xED, 0xBB, 0xED, 0xBB, 0xED, 0xBB, 0xED, 0xBB, 0xCD, 0xBB, 0xCD, 0xBB,
    0xED, 0xBB, 0xED, 0xBB, 0xEE, 0xBB, 0x0E, 0xBC, 0x2E, 0xC4, 0x2E, 0xC4, 0x2E, 0xC4, 0x0E, 0xC4,
    0xED, 0xBB, 0xCD, 0xBB, 0xED, 0xBB, 0xED, 0xBB, 0xCD, 0xBB, 0xEE, 0xBB, 0x0E, 0xC4, 0x4F, 0xC4,
    0x0E, 0xBC, 0x13, 0xC5, 0xDA, 0xE6, 0x99, 0xDE, 0x99, 0xDE, 0x78, 0xD6, 0x78, 0xDE, 0xF2, 0xC4,
    0xAE, 0xB3, 0x0E, 0xC4, 0x2E, 0xC4, 0x4F, 0xCC, 0xB0, 0xD4, 0xD0, 0xD4, 0x11, 0xD5, 0x11, 0xD5,
    0xF1, 0xD4, 0x11, 0xD5, 0x12, 0xD5, 0xF1, 0xD4, 0xD1, 0xD4, 0xB0, 0xCC, 0x6F, 0xCC, 0x0D, 0xBC,
    0x8C, 0xAB, 0xEE, 0xA3, 0xB5, 0xBD, 0xB6, 0xAD, 0x76, 0xAD, 0x96, 0xAD, 0xB7, 0xAD, 0xB7, 0xAD,
    0xB7, 0xAD, 0xB7, 0xA5, 0xB7, 0xA5, 0xD7, 0xA5, 0xD7, 0xA5, 0x37, 0xB6, 0xF9, 0xD6, 0x76, 0xC6,
    0xC9, 0x6B, 0x83, 0x3A, 0x23, 0x3A, 0x6A, 0x6B, 0xAB, 0x73, 0x49, 0x63, 0xAB, 0x83, 0x2C, 0xB4,
    0x48, 0xBB, 0x04, 0xAA, 0x08, 0xCB, 0x69, 0xC3, 0xC7, 0x9A, 0x87, 0x92, 0x67, 0x92, 0x47, 0x8A,
    0x26, 0x8A, 0x46, 0x92, 0x67, 0x9A, 0x87, 0xA2, 0xA7, 0xA2, 0x26, 0x92, 0xC3, 0x81, 0x43, 0x82,
    0xA4, 0x82, 0xC5, 0x82, 0x86, 0x82, 0xA8, 0x8A, 0xA8, 0x8A, 0xA7, 0x82, 0x05, 0x7B, 0x86, 0x83,
    0xA6, 0x83, 0xC6, 0x83, 0x87, 0x7B, 0x46, 0x73, 0x27, 0x63, 0xC6, 0x4A, 0xC3, 0x21, 0x83, 0x19,
    0xE4, 0x21, 0xE4, 0x21, 0xE3, 0x21, 0xA3, 0x21, 0x41, 0x19, 0x66, 0x63, 0x09, 0xA5, 0xC7, 0xA4,
    0x87, 0x9C, 0x46, 0x8C, 0x46, 0x8C, 0x26, 0x84, 0xE5, 0x7B, 0x44, 0x6B, 0x05, 0x73, 0x02, 0x5A,
    0xA1, 0x39, 0x22, 0x32, 0x22, 0x32, 0x23, 0x3A, 0x22, 0x32, 0x02, 0x32, 0x63, 0x3A, 0x84, 0x42,
    0x42, 0x32, 0x83, 0x3A, 0x28, 0x6C, 0xCB, 0x7C, 0xCB, 0x7C, 0x8A, 0x74, 0x6A, 0x6C, 0x49, 0x64,
    0x08, 0x54, 0xE9, 0x4B, 0xA8, 0x43, 0xA8, 0x3B, 0xC9, 0x4B, 0x2B, 0x64, 0xB6, 0xCE, 0x39, 0xEF,
    0x5A, 0xEF, 0x55, 0xC6, 0xA6, 0x42, 0xE4, 0x21, 0xC3, 0x19, 0x82, 0x11, 0x01, 0x09, 0xA5, 0x42,
    0x08, 0x74, 0x66, 0x5B, 0x26, 0x53, 0xC4, 0x42, 0x84, 0x32, 0xC4, 0x3A, 0x04, 0x43, 0x04, 0x43,
    0x25, 0x43, 0x25, 0x4B, 0xE4, 0x42, 0x04, 0x43, 0x24, 0x43, 0x45, 0x4B, 0x45, 0x4B, 0x24, 0x4B,
    0x45, 0x4B, 0x86, 0x53, 0x08, 0x64, 0x28, 0x6C, 0xA6, 0x5B, 0xA6, 0x5B, 0xC6, 0x5B, 0xE7, 0x63,
    0x28, 0x6C, 0xE7, 0x63, 0xC7, 0x63, 0xE8, 0x6B, 0x29, 0x74, 0x6A, 0x74, 0x09, 0x64, 0x68, 0x4B,
    0x48, 0x4B, 0x51, 0x9D, 0x5A, 0xE7, 0x3A, 0xE7, 0x3A, 0xE7, 0x1A, 0xE7, 0x3A, 0xE7, 0x3A, 0xE7,
    0x3A, 0xE7, 0x3B, 0xE7, 0x3B, 0xE7, 0xD8, 0xD6, 0xCA, 0x6B, 0x43, 0x32, 0x84, 0x32, 0x64, 0x32,
    0xA6, 0x42, 0x46, 0x4A, 0x4E, 0x94, 0x3A, 0xE7, 0x3A, 0xE7, 0x3A, 0xE7, 0x3A, 0xE7, 0x3A, 0xE7,
    0x3A, 0xE7, 0x3A, 0xE7, 0x3A, 0xE7, 0x3A, 0xE7, 0x3A, 0xE7, 0x3A, 0xE7, 0x3A, 0xE7, 0x3A, 0xE7,
    0x3B, 0xE7, 0x1A, 0xE7, 0x3A, 0xE7, 0xD2, 0xAD, 0x67, 0x53, 0x86, 0x4B, 0x46, 0x43, 0x91, 0x9D,
    0x5A, 0xE7, 0x3A, 0xE7, 0x3B, 0xE7, 0x3B, 0xE7, 0x3A, 0xE7, 0x3B, 0xE7, 0x3B, 0xE7, 0x3A, 0xE7,
    0x3A, 0xE7, 0x3A, 0xE7, 0x3A, 0xE7, 0x3A, 0xE7, 0x3B, 0xE7, 0x3B, 0xE7, 0x1A, 0xE7, 0x3A, 0xEF,
    0x73, 0xD5, 0x6B, 0xAB, 0x0A, 0xA3, 0xA9, 0x9A, 0xA9, 0x92, 0xC9, 0x9A, 0xC9, 0x9A, 0xC9, 0xA2,
    0xA9, 0xA2, 0xA9, 0xA2, 0xC9, 0xAA, 0x0A, 0xB3, 0x2B, 0xB3, 0x8D, 0xC3, 0x8C, 0xBB, 0x8C, 0xBB,
    0x4B, 0xC3, 0x2B, 0xB3, 0x94, 0xDD, 0x1A, 0xEF, 0xF9, 0xDE, 0xF9, 0xE6, 0xB4, 0xD5, 0x10, 0xD5,
    0xCF, 0xCC, 0xCF, 0xCC, 0x8F, 0xC4, 0xED, 0xB3, 0xCD, 0xAB, 0x0E, 0xB4, 0xEE, 0xAB, 0xAC, 0xA3,
    0xCD, 0xA3, 0x8C, 0xA3, 0x4B, 0x9B, 0x6C, 0x9B, 0x6C, 0x9B, 0x6C, 0x9B, 0x6C, 0xA3, 0x6C, 0x9B,
    0xAD, 0xA3, 0xAD, 0xA3, 0x8C, 0xA3, 0x6C, 0xA3, 0x6C, 0xA3, 0x8C, 0xAB, 0x8D, 0xAB, 0xAD, 0xAB,
    0xCD, 0xB3, 0xCD, 0xB3, 0xEE, 0xBB, 0x0E, 0xBC, 0xCD, 0xB3, 0xEE, 0xBB, 0xCD, 0xB3, 0x0A, 0x93,
    0x2A, 0x93, 0xCD, 0xAB, 0x6F, 0xC4, 0xD1, 0xD4, 0x13, 0xDD, 0xF2, 0xDC, 0xD2, 0xDC, 0xF2, 0xDC,
    0x12, 0xE5, 0x12, 0xE5, 0xB0, 0xCC, 0x2E, 0xBC, 0x6B, 0xA3, 0x6C, 0xAB, 0x2E, 0xC4, 0x2E, 0xC4,
    0x0E, 0xC4, 0x0E, 0xBC, 0x0E, 0xBC, 0x2E, 0xC4, 0x0E, 0xC4, 0xED, 0xBB, 0xCD, 0xB3, 0x0D, 0xBC,
    0xED, 0xBB, 0xCD, 0xBB, 0xAC, 0xBB, 0xED, 0xBB, 0xED, 0xBB, 0xED, 0xBB, 0xED, 0xBB, 0xED, 0xBB,
    0xED, 0xBB, 0x2E, 0xC4, 0xCD, 0xBB, 0x0E, 0xBC, 0x2E, 0xC4, 0xCD, 0xBB, 0xCD, 0xBB, 0xED, 0xBB,
    0x0E, 0xC4, 0xCD, 0xB3, 0xED, 0xBB, 0x0E, 0xBC, 0xED, 0xBB, 0xED, 0xBB, 0x0E, 0xBC, 0xEE, 0xBB,
    0x0F, 0xB4, 0x37, 0xDE, 0xB9, 0xDE, 0x78, 0xDE, 0x78, 0xD6, 0x78, 0xDE, 0xF6, 0xD5, 0x2F, 0xB4,
    0xCE, 0xC3, 0x0F, 0xCC, 0x6F, 0xCC, 0x4E, 0xC4, 0x8F, 0xCC, 0xD0, 0xD4, 0x11, 0xD5, 0x12, 0xD5,
    0xF1, 0xCC, 0x12, 0xD5, 0x12, 0xD5, 0xF1, 0xD4, 0xF1, 0xCC, 0xF1, 0xCC, 0x11, 0xD5, 0xD1, 0xCC,
    0x4F, 0xB4, 0x33, 0xBD, 0x17, 0xBE, 0xB6, 0xAD, 0x96, 0xAD, 0xD7, 0xAD, 0xD7, 0xAD, 0xF8, 0xB5,
    0xF8, 0xB5, 0xF8, 0xB5, 0xF8, 0xAD, 0xF7, 0xAD, 0xD7, 0xAD, 0x18, 0xB6, 0xD9, 0xCE, 0xF3, 0xAD,
    0xC8, 0x63, 0x84, 0x42, 0x03, 0x3A, 0x6A, 0x7B, 0x4B, 0x83, 0x4A, 0x83, 0xEC, 0xB3, 0x69, 0xBB,
    0x03, 0x9A, 0x82, 0x91, 0x86, 0xC2, 0x49, 0xD3, 0x49, 0xBB, 0xC7, 0xA2, 0xA8, 0x9A, 0xA8, 0x92,
    0x87, 0x92, 0xC8, 0x9A, 0x09, 0xA3, 0xE8, 0xA2, 0xE8, 0xA2, 0x87, 0x9A, 0xE2, 0x79, 0x41, 0x72,
    0x43, 0x83, 0x44, 0x83, 0x05, 0x83, 0x07, 0x8B, 0xE9, 0x8A, 0xE8, 0x8A, 0xC7, 0x7A, 0x26, 0x83,
    0x86, 0x83, 0x65, 0x83, 0x25, 0x73, 0xE5, 0x6A, 0xC5, 0x62, 0xC6, 0x5A, 0x05, 0x3A, 0x83, 0x19,
    0xA3, 0x19, 0xC3, 0x19, 0xE3, 0x19, 0xC3, 0x21, 0x82, 0x19, 0x25, 0x5B, 0x08, 0xA5, 0x86, 0x94,
    0x25, 0x8C, 0xA4, 0x83, 0xA5, 0x7B, 0xC5, 0x83, 0xE5, 0x73, 0x64, 0x6B, 0xE5, 0x7A, 0x03, 0x62,
    0x80, 0x39, 0xE1, 0x29, 0x22, 0x32, 0x22, 0x32, 0xE1, 0x29, 0x02, 0x32, 0x63, 0x42, 0x42, 0x3A,
    0x62, 0x3A, 0x08, 0x6C, 0xCB, 0x7C, 0xAA, 0x74, 0xAA, 0x74, 0x69, 0x6C, 0x29, 0x5C, 0x29, 0x5C,
    0xC8, 0x4B, 0xA8, 0x43, 0x67, 0x3B, 0x46, 0x33, 0x67, 0x3B, 0x68, 0x43, 0xEF, 0x84, 0xD7, 0xD6,
    0x39, 0xE7, 0x71, 0xAD, 0x85, 0x42, 0x24, 0x2A, 0xA3, 0x19, 0x42, 0x11, 0xC0, 0x08, 0xE2, 0x29,
    0xC7, 0x6B, 0x25, 0x53, 0xE5, 0x42, 0x83, 0x3A, 0xA4, 0x32, 0xE5, 0x3A, 0xE4, 0x3A, 0xE4, 0x3A,
    0x05, 0x43, 0x05, 0x43, 0x04, 0x43, 0xE3, 0x3A, 0x04, 0x43, 0x24, 0x43, 0x45, 0x4B, 0x25, 0x4B,
    0x65, 0x4B, 0x65, 0x53, 0x08, 0x64, 0x08, 0x64, 0xA6, 0x5B, 0xE7, 0x63, 0xE7, 0x63, 0xE7, 0x5B,
    0x07, 0x64, 0xC7, 0x63, 0xA7, 0x63, 0xC7, 0x63, 0xE7, 0x63, 0x48, 0x6C, 0x6A, 0x74, 0x88, 0x53,
    0x07, 0x4B, 0x6D, 0x7C, 0x18, 0xDF, 0x5A, 0xE7, 0x3A, 0xE7, 0x1A, 0xE7, 0xF9, 0xDE, 0x19, 0xDF,
    0x3A, 0xDF, 0x3A, 0xE7, 0x3A, 0xE7, 0xB2, 0xAD, 0x84, 0x42, 0x22, 0x2A, 0x43, 0x2A, 0x64, 0x32,
    0xA6, 0x42, 0x26, 0x4A, 0xAC, 0x83, 0xF9, 0xDE, 0x3B, 0xE7, 0x3A, 0xE7, 0x3A, 0xE7, 0x3A, 0xE7,
    0x3A, 0xE7, 0x3A, 0xE7, 0x3A, 0xE7, 0x3A, 0xE7, 0x3A, 0xE7, 0x3A, 0xE7, 0x3A, 0xE7, 0x3A, 0xE7,
    0x3B, 0xE7, 0x3A, 0xE7, 0xD7, 0xD6, 0x4B, 0x74, 0x45, 0x43, 0xA6, 0x4B, 0x46, 0x43, 0x2B, 0x6C,
    0xF8, 0xD6, 0x3A, 0xE7, 0x3B, 0xE7, 0x3B, 0xE7, 0x3A, 0xE7, 0x3A, 0xE7, 0x3A, 0xE7, 0x3A, 0xE7,
    0x3A, 0xE7, 0x3A, 0xE7, 0x3A, 0xE7, 0x3A, 0xE7, 0x3A, 0xE7, 0x3A, 0xE7, 0x3A, 0xE7, 0x3A, 0xE7,
    0x57, 0xE6, 0xED, 0xAB, 0x09, 0x9B, 0xC8, 0x92, 0xC8, 0x92, 0xC9, 0x92, 0xC9, 0x9A, 0xC9, 0x9A,
    0xA9, 0xA2, 0x88, 0xA2, 0xC9, 0xA2, 0x4B, 0xB3, 0xCD, 0xC3, 0xAD, 0xC3, 0xAD, 0xC3, 0x6C, 0xBB,
    0x6C, 0xBB, 0x4B, 0xBB, 0xAD, 0xB3, 0x57, 0xEE, 0x19, 0xE7, 0x19, 0xDF, 0xB8, 0xEE, 0x11, 0xCD,
    0xF0, 0xCC, 0xD0, 0xD4, 0x6F, 0xC4, 0xED, 0xAB, 0xAC, 0xAB, 0xEE, 0xAB, 0xED, 0xAB, 0x8C, 0xA3,
    0xAC, 0xA3, 0x6B, 0x9B, 0x4B, 0x93, 0x8C, 0x9B, 0x6C, 0x9B, 0xAD, 0xA3, 0x8C, 0xA3, 0x8C, 0xA3,
    0x8C, 0xA3, 0x8C, 0xA3, 0x8C, 0xA3, 0xAD, 0xAB, 0x8C, 0xAB, 0x6C, 0xA3, 0x8C, 0xAB, 0x8C, 0xAB,
    0xCD, 0xB3, 0xCD, 0xB3, 0xAD, 0xB3, 0xEE, 0xB3, 0xAD, 0xB3, 0xAD, 0xB3, 0xCE, 0xB3, 0xCD, 0xAB,
    0x0A, 0x93, 0x09, 0x93, 0x4B, 0xA3, 0x8C, 0xAB, 0xED, 0xB3, 0x2E, 0xBC, 0x4F, 0xC4, 0x2E, 0xBC,
    0xEE, 0xBB, 0xAC, 0xAB, 0x4B, 0xA3, 0x0A, 0x9B, 0x8C, 0xAB, 0x0E, 0xC4, 0x0E, 0xC4, 0x0E, 0xC4,
    0x0E, 0xC4, 0x0E, 0xC4, 0xEE, 0xBB, 0x2E, 0xC4, 0x4E, 0xC4, 0xED, 0xBB, 0x0D, 0xBC, 0x0E, 0xC4,
    0xED, 0xBB, 0xED, 0xBB, 0xED, 0xBB, 0xED, 0xBB, 0xED, 0xBB, 0xCC, 0xB3, 0xCC, 0xB3, 0xED, 0xBB,
    0xED, 0xBB, 0xED, 0xBB, 0x8B, 0xAB, 0xCD, 0xB3, 0xED, 0xBB, 0xED, 0xBB, 0xAC, 0xB3, 0xCD, 0xB3,
    0x0D, 0xBC, 0xED, 0xBB, 0xED, 0xBB, 0x2E, 0xC4, 0x0E, 0xBC, 0xEE, 0xBB, 0x0E, 0xC4, 0xCD, 0xB3,
    0x13, 0xCD, 0xB9, 0xE6, 0x98, 0xDE, 0x78, 0xD6, 0x57, 0xD6, 0x58, 0xDE, 0xF2, 0xC4, 0xEE, 0xBB,
    0x0F, 0xCC, 0x0F, 0xCC, 0x4F, 0xCC, 0x6F, 0xCC, 0xB0, 0xD4, 0xD0, 0xCC, 0xB0, 0xCC, 0xF1, 0xD4,
    0x12, 0xD5, 0xF1, 0xD4, 0xF1, 0xCC, 0x11, 0xD5, 0xD0, 0xCC, 0x11, 0xCD, 0xF1, 0xCC, 0xD0, 0xC4,
    0xF1, 0xBC, 0xF6, 0xC5, 0x18, 0xBE, 0xD7, 0xB5, 0xD7, 0xB5, 0xF7, 0xB5, 0x18, 0xB6, 0x18, 0xBE,
    0x38, 0xBE, 0xF6, 0xB5, 0x53, 0x9D, 0xB5, 0xA5, 0x18, 0xB6, 0x17, 0xB6, 0xD4, 0xAD, 0xAD, 0x84,
    0xA8, 0x5B, 0x06, 0x4B, 0x85, 0x52, 0x2A, 0x8B, 0x4A, 0x9B, 0xEC, 0xBB, 0x4A, 0xBB, 0x04, 0x9A,
    0x00, 0x69, 0x82, 0x79, 0x66, 0xA2, 0x66, 0xB2, 0x48, 0xCB, 0x8A, 0xC3, 0x08, 0xA3, 0xC8, 0x9A,
    0xA7, 0x9A, 0x87, 0x9A, 0xE8, 0xA2, 0x09, 0xAB, 0xE8, 0xA2, 0xE8, 0xA2, 0x45, 0x8A, 0x01, 0x72,
    0xC2, 0x72, 0x22, 0x73, 0xE3, 0x72, 0x06, 0x83, 0x28, 0x93, 0x29, 0x93, 0xE8, 0x82, 0xE6, 0x7A,
    0x46, 0x83, 0x46, 0x83, 0x05, 0x73, 0xC4, 0x6A, 0x84, 0x5A, 0x65, 0x5A, 0x04, 0x3A, 0x83, 0x19,
    0x83, 0x19, 0xA3, 0x19, 0xC3, 0x19, 0xC3, 0x19, 0x62, 0x19, 0xC4, 0x4A, 0xC8, 0x9C, 0x46, 0x94,
    0x05, 0x84, 0x64, 0x7B, 0xA2, 0x6A, 0xC3, 0x6A, 0x44, 0x73, 0x04, 0x6B, 0xE5, 0x7A, 0x03, 0x62,
    0x81, 0x39, 0xE1, 0x31, 0x42, 0x3A, 0x42, 0x32, 0xE1, 0x29, 0xE2, 0x29, 0x02, 0x32, 0x02, 0x32,
    0xA7, 0x63, 0xCB, 0x7C, 0x8A, 0x74, 0x49, 0x6C, 0x29, 0x64, 0x08, 0x5C, 0xC7, 0x4B, 0xC8, 0x4B,
    0x87, 0x43, 0x87, 0x3B, 0x88, 0x3B, 0x68, 0x3B, 0x47, 0x33, 0x07, 0x2B, 0x07, 0x33, 0x8E, 0x7C,
    0x55, 0xC6, 0xEA, 0x73, 0x84, 0x3A, 0x03, 0x22, 0xA3, 0x19, 0x21, 0x11, 0x21, 0x11, 0xE5, 0x4A,
    0x8A, 0x84, 0x07, 0x74, 0x86, 0x5B, 0x25, 0x4B, 0xE4, 0x42, 0xE4, 0x3A, 0xC4, 0x3A, 0xA3, 0x3A,
    0x83, 0x32, 0xA3, 0x3A, 0x05, 0x43, 0xE4, 0x42, 0xE4, 0x42, 0x04, 0x4B, 0x25, 0x4B, 0x25, 0x4B,
    0x25, 0x4B, 0x25, 0x4B, 0x46, 0x43, 0xC9, 0x53, 0xE9, 0x5B, 0x08, 0x64, 0xE7, 0x63, 0xC6, 0x5B,
    0xE6, 0x5B, 0xE7, 0x63, 0xE7, 0x63, 0xC6, 0x5B, 0xC6, 0x63, 0xE7, 0x63, 0x6A, 0x74, 0xE9, 0x63,
    0x88, 0x53, 0x2B, 0x74, 0x91, 0xAD, 0xB6, 0xD6, 0x5A, 0xE7, 0x96, 0xCE, 0x2C, 0x7C, 0x6E, 0x84,
    0xF9, 0xDE, 0x3A, 0xE7, 0x19, 0xE7, 0x4C, 0x7C, 0x23, 0x2A, 0x03, 0x22, 0x23, 0x22, 0x85, 0x32,
    0x66, 0x42, 0x26, 0x4A, 0xE9, 0x62, 0x56, 0xCE, 0x5B, 0xEF, 0x3A, 0xE7, 0x3A, 0xE7, 0x3A, 0xE7,
    0x3A, 0xE7, 0x3A, 0xE7, 0x3A, 0xE7, 0x3A, 0xE7, 0x3A, 0xE7, 0x3A, 0xE7, 0x3B, 0xE7, 0x3A, 0xE7,
    0x3A, 0xE7, 0x19, 0xE7, 0x50, 0x9D, 0x46, 0x4B, 0x85, 0x4B, 0x85, 0x43, 0x66, 0x43, 0x47, 0x4B,
    0xF3, 0xAD, 0x3A, 0xE7, 0x1A, 0xE7, 0x3B, 0xE7, 0x3A, 0xE7, 0x3A, 0xE7, 0x3A, 0xE7, 0x3A, 0xE7,
    0x3A, 0xE7, 0x3A, 0xE7, 0x3A, 0xE7, 0x3A, 0xE7, 0x3A, 0xE7, 0x3A, 0xE7, 0x3A, 0xE7, 0x1A, 0xE7,
    0x3A, 0xEF, 0xD4, 0xD5, 0x2A, 0x9B, 0xC9, 0x9A, 0xC8, 0x92, 0xA8, 0x92, 0xA8, 0x92, 0x88, 0x92,
    0xA9, 0x9A, 0xEA, 0xA2, 0x6C, 0xB3, 0xCD, 0xBB, 0xCE, 0xC3, 0xAE, 0xC3, 0x8D, 0xBB, 0xAD, 0xC3,
    0x6C, 0xBB, 0x2B, 0xB3, 0x0A, 0xAB, 0x4E, 0xC4, 0xD8, 0xEE, 0x1A, 0xDF, 0x1A, 0xE7, 0x36, 0xDE,
    0x6F, 0xBC, 0x90, 0xCC, 0x6F, 0xC4, 0x0D, 0xB4, 0xCD, 0xAB, 0xAC, 0xA3, 0xAC, 0xA3, 0x8C, 0xA3,
    0x8C, 0xA3, 0x8C, 0xA3, 0xAC, 0xA3, 0x8C, 0x9B, 0x6C, 0x9B, 0x6B, 0x9B, 0x6C, 0x9B, 0x6B, 0x9B,
    0x8C, 0xA3, 0x6C, 0x9B, 0x8C, 0xA3, 0x4B, 0x9B, 0x6C, 0xA3, 0xCD, 0xAB, 0xAD, 0xA3, 0x8C, 0xA3,
    0xAD, 0xAB, 0xAD, 0xB3, 0x8C, 0xAB, 0xAD, 0xB3, 0xAD, 0xB3, 0x8C, 0xAB, 0x8D, 0xAB, 0xAD, 0xAB,
    0x8C, 0xA3, 0x4B, 0x9B, 0x0A, 0x9B, 0x09, 0x9B, 0x0A, 0x9B, 0xE9, 0x92, 0x09, 0x9B, 0xE9, 0x92,
    0xE9, 0x92, 0xEA, 0x9A, 0x6B, 0xAB, 0xCD, 0xB3, 0xED, 0xBB, 0xED, 0xBB, 0xED, 0xBB, 0xED, 0xBB,
    0x0E, 0xC4, 0x0E, 0xBC, 0xEE, 0xBB, 0xED, 0xBB, 0xED, 0xBB, 0xED, 0xBB, 0xED, 0xBB, 0xAC, 0xB3,
    0xCC, 0xB3, 0xCC, 0xB3, 0xED, 0xBB, 0xED, 0xBB, 0xED, 0xBB, 0xED, 0xBB, 0xAC, 0xB3, 0x0E, 0xBC,
    0xAC, 0xB3, 0xCC, 0xB3, 0xAC, 0xB3, 0xAC, 0xB3, 0xAC, 0xB3, 0xCD, 0xBB, 0xAC, 0xB3, 0xAC, 0xB3,
    0xCC, 0xB3, 0x0D, 0xBC, 0xED, 0xBB, 0xED, 0xBB, 0xED, 0xBB, 0xED, 0xC3, 0xCD, 0xBB, 0x4F, 0xB4,
    0x57, 0xE6, 0x98, 0xDE, 0x78, 0xD6, 0x58, 0xD6, 0x58, 0xDE, 0x95, 0xD5, 0x0F, 0xBC, 0x0E, 0xC4,
    0x4F, 0xCC, 0x4F, 0xCC, 0x6F, 0xD4, 0x90, 0xD4, 0x8F, 0xCC, 0xB0, 0xCC, 0xD1, 0xD4, 0xD0, 0xCC,
    0xF0, 0xCC, 0x11, 0xD5, 0x11, 0xD5, 0xF1, 0xCC, 0xD0, 0xCC, 0xD1, 0xCC, 0xD0, 0xCC, 0xD0, 0xBC,
    0x33, 0xBD, 0x17, 0xC6, 0x38, 0xBE, 0xF8, 0xB5, 0xD8, 0xB5, 0xF8, 0xB5, 0x18, 0xB6, 0x17, 0xB6,
    0xB4, 0xAD, 0x8E, 0x84, 0x69, 0x5B, 0x0C, 0x74, 0xD4, 0xAD, 0x92, 0x9D, 0x4C, 0x74, 0xE8, 0x63,
    0xC7, 0x5B, 0x67, 0x53, 0xC6, 0x5A, 0xA8, 0x8A, 0x4A, 0xB3, 0x29, 0xBB, 0xC4, 0x91, 0xE0, 0x68,
    0x42, 0x59, 0x08, 0x83, 0x6A, 0x9B, 0x86, 0xA2, 0xA6, 0xBA, 0xAA, 0xD3, 0x49, 0xBB, 0xC7, 0xA2,
    0xA7, 0x9A, 0x66, 0x92, 0x46, 0x9A, 0xE8, 0xAA, 0x29, 0xAB, 0xC8, 0x9A, 0x25, 0x92, 0x81, 0x71,
    0xC0, 0x61, 0x61, 0x62, 0x21, 0x6A, 0x43, 0x7A, 0xA6, 0x8A, 0x09, 0x93, 0xE8, 0x8A, 0xA7, 0x7A,
    0xA6, 0x7A, 0xE7, 0x82, 0xE7, 0x82, 0xA5, 0x72, 0x64, 0x6A, 0x45, 0x62, 0x05, 0x4A, 0x83, 0x21,
    0x63, 0x19, 0xA4, 0x19, 0xA4, 0x19, 0xA3, 0x19, 0x42, 0x19, 0x02, 0x32, 0x27, 0x8C, 0x05, 0x94,
    0xE4, 0x8B, 0x85, 0x83, 0xE3, 0x72, 0x42, 0x62, 0x22, 0x62, 0x43, 0x62, 0xA5, 0x7A, 0xC3, 0x59,
    0x61, 0x31, 0xE1, 0x31, 0x22, 0x3A, 0x22, 0x32, 0xE1, 0x29, 0xE2, 0x31, 0x20, 0x19, 0x43, 0x3A,
    0x4A, 0x7C, 0x69, 0x74, 0x08, 0x64, 0xE8, 0x5B, 0xC7, 0x53, 0x86, 0x43, 0x66, 0x3B, 0x66, 0x3B,
    0x46, 0x3B, 0x47, 0x3B, 0x06, 0x33, 0x07, 0x33, 0x07, 0x2B, 0xC6, 0x22, 0xE6, 0x2A, 0xE7, 0x32,
    0xAE, 0x8C, 0xC6, 0x4A, 0x84, 0x3A, 0xC3, 0x19, 0x62, 0x19, 0xE2, 0x29, 0x0A, 0x74, 0x2D, 0x95,
    0xEB, 0x8C, 0xA9, 0x84, 0x89, 0x84, 0x68, 0x7C, 0x28, 0x6C, 0xA6, 0x5B, 0x24, 0x4B, 0xA3, 0x3A,
    0x83, 0x32, 0x63, 0x32, 0x04, 0x43, 0xE4, 0x42, 0xC4, 0x3A, 0x04, 0x4B, 0x05, 0x4B, 0xC5, 0x3A,
    0x64, 0x32, 0x23, 0x22, 0x44, 0x22, 0xE7, 0x32, 0x68, 0x43, 0xE9, 0x5B, 0xC7, 0x5B, 0xA6, 0x5B,
    0xC6, 0x63, 0xE7, 0x63, 0x07, 0x64, 0xE7, 0x63, 0xE7, 0x63, 0xE7, 0x6B, 0x49, 0x74, 0x2A, 0x6C,
    0xA8, 0x5B, 0xC9, 0x63, 0xA8, 0x63, 0xEA, 0x6B, 0xEF, 0x8C, 0x0B, 0x74, 0x45, 0x32, 0x65, 0x3A,
    0x51, 0x9D, 0x39, 0xE7, 0xF7, 0xDE, 0x69, 0x63, 0x02, 0x22, 0x23, 0x22, 0x23, 0x22, 0x85, 0x32,
    0x66, 0x42, 0x27, 0x52, 0x68, 0x52, 0x94, 0xB5, 0x5B, 0xEF, 0x3A, 0xE7, 0x3A, 0xE7, 0x3A, 0xE7,
    0x3A, 0xE7, 0x3A, 0xE7, 0x3A, 0xE7, 0x3A, 0xE7, 0x3A, 0xE7, 0x3A, 0xE7, 0x3A, 0xE7, 0x3A, 0xE7,
    0x3A, 0xE7, 0xF8, 0xD6, 0x2A, 0x74, 0x24, 0x43, 0x65, 0x43, 0x85, 0x43, 0x66, 0x43, 0x26, 0x3B,
    0xCE, 0x84, 0x39, 0xDF, 0x1A, 0xE7, 0x3B, 0xE7, 0x3A, 0xE7, 0x3A, 0xE7, 0x3A, 0xE7, 0x3A, 0xE7,
    0x3A, 0xE7, 0x3A, 0xE7, 0x3A, 0xE7, 0x3A, 0xE7, 0x3A, 0xE7, 0x3A, 0xE7, 0x3A, 0xE7, 0x1A, 0xE7,
    0x3A, 0xE7, 0x19, 0xEF, 0xB0, 0xBC, 0xC8, 0x8A, 0xA8, 0x8A, 0x88, 0x8A, 0xA8, 0x8A, 0xC9, 0x92,
    0x2B, 0xA3, 0xCD, 0xB3, 0xCE, 0xBB, 0xEE, 0xBB, 0xCE, 0xBB, 0xAD, 0xBB, 0x8D, 0xBB, 0x8D, 0xBB,
    0x6C, 0xBB, 0x2B, 0xB3, 0xEA, 0xB2, 0x2A, 0xAB, 0x53, 0xD5, 0x3A, 0xEF, 0xF9, 0xDE, 0x1A, 0xEF,
    0x73, 0xCD, 0x90, 0xC4, 0x6F, 0xC4, 0xEC, 0xAB, 0x8C, 0xA3, 0x8C, 0xA3, 0xAC, 0xA3, 0xCD, 0xAB,
    0x4B, 0x9B, 0x6B, 0x9B, 0x4B, 0x9B, 0x4B, 0x9B, 0x4B, 0x9B, 0x4B, 0x9B, 0x2B, 0x93, 0x6C, 0x9B,
    0x8C, 0xA3, 0x8C, 0xA3, 0x6C, 0x9B, 0x6B, 0x9B, 0x8C, 0xA3, 0x8C, 0xA3, 0x8C, 0xA3, 0x6C, 0xA3,
    0x8C, 0xA3, 0xAC, 0xAB, 0x8C, 0xAB, 0x8C, 0xAB, 0xCD, 0xB3, 0xCD, 0xB3, 0x8C, 0xAB, 0xAD, 0xAB,
    0xAD, 0xAB, 0x8C, 0xA3, 0x6C, 0xA3, 0x0A, 0x9B, 0x4B, 0xA3, 0x2B, 0x9B, 0x2B, 0x9B, 0x2B, 0x9B,
    0x8C, 0xA3, 0xAC, 0xAB, 0xCD, 0xB3, 0xAD, 0xB3, 0xCD, 0xB3, 0xAD, 0xB3, 0xCD, 0xBB, 0xAC, 0xB3,
    0xED, 0xBB, 0xCD, 0xBB, 0xED, 0xBB, 0xED, 0xBB, 0xCD, 0xBB, 0xCD, 0xBB, 0xED, 0xBB, 0xCD, 0xBB,
    0xAC, 0xB3, 0xCC, 0xB3, 0x0D, 0xBC, 0xED, 0xBB, 0x0D, 0xBC, 0xED, 0xB3, 0xCC, 0xB3, 0x0D, 0xBC,
    0xCC, 0xB3, 0xAC, 0xB3, 0xED, 0xBB, 0xCC, 0xB3, 0xAC, 0xB3, 0xED, 0xBB, 0xAC, 0xB3, 0xCC, 0xB3,
    0xED, 0xBB, 0xED, 0xB3, 0xCC, 0xB3, 0xCD, 0xBB, 0xCD, 0xBB, 0xCD, 0xBB, 0xCD, 0xB3, 0xB5, 0xD5,
    0x98, 0xDE, 0x57, 0xD6, 0x57, 0xD6, 0x37, 0xD6, 0xD5, 0xD5, 0x70, 0xBC, 0x0F, 0xC4, 0x0E, 0xC4,
    0x4F, 0xCC, 0x6F, 0xCC, 0x6F, 0xCC, 0x90, 0xCC, 0xD1, 0xD4, 0xD1, 0xD4, 0xD1, 0xCC, 0x11, 0xD5,
    0x11, 0xD5, 0xF1, 0xCC, 0xF1, 0xCC, 0xD0, 0xCC, 0xB0, 0xCC, 0xD0, 0xCC, 0xB0, 0xC4, 0xB0, 0xBC,
    0x74, 0xBD, 0x18, 0xBE, 0x18, 0xB6, 0xF8, 0xB5, 0xD7, 0xB5, 0xF8, 0xB5, 0x18, 0xB6, 0xD5, 0xAD,
    0x4D, 0x7C, 0x06, 0x53, 0xE5, 0x4A, 0x09, 0x6C, 0xED, 0x8C, 0x8A, 0x7C, 0x08, 0x6C, 0xE7, 0x63,
    0xA7, 0x5B, 0x26, 0x53, 0xA6, 0x6A, 0x6A, 0xAB, 0x29, 0xBB, 0xE4, 0x91, 0x01, 0x71, 0x01, 0x51,
    0xC8, 0x72, 0x0D, 0x8C, 0x0D, 0x94, 0xAA, 0xB3, 0xA6, 0xB2, 0x07, 0xC3, 0xE7, 0xB2, 0x25, 0x92,
    0x04, 0x8A, 0xE4, 0x81, 0xA3, 0x81, 0x05, 0x92, 0x66, 0xA2, 0xA3, 0x79, 0x41, 0x71, 0xA1, 0x79,
    0xE1, 0x71, 0xE1, 0x69, 0x80, 0x69, 0x41, 0x69, 0xC4, 0x79, 0x67, 0x8A, 0x67, 0x82, 0x06, 0x7A,
    0x06, 0x72, 0x67, 0x82, 0xA7, 0x8A, 0x65, 0x7A, 0x04, 0x72, 0x04, 0x6A, 0x46, 0x6A, 0xC4, 0x49,
    0x22, 0x19, 0x63, 0x19, 0xA3, 0x19, 0x82, 0x19, 0xC1, 0x21, 0x04, 0x53, 0x47, 0x8C, 0x05, 0x94,
    0xC4, 0x83, 0xA4, 0x83, 0x64, 0x83, 0x83, 0x6A, 0xE2, 0x61, 0xE2, 0x69, 0x44, 0x72, 0x82, 0x51,
    0x41, 0x31, 0xE2, 0x31, 0x22, 0x3A, 0x22, 0x3A, 0xE2, 0x31, 0x81, 0x29, 0x00, 0x11, 0x06, 0x53,
    0x69, 0x7C, 0x28, 0x64, 0x08, 0x5C, 0xC7, 0x53, 0xC8, 0x53, 0xA7, 0x4B, 0x87, 0x43, 0x87, 0x43,
    0x88, 0x43, 0x27, 0x33, 0xC6, 0x2A, 0xC6, 0x2A, 0xC6, 0x2A, 0xE6, 0x22, 0xE6, 0x22, 0xC6, 0x22,
    0x07, 0x5B, 0x84, 0x42, 0x85, 0x32, 0xC2, 0x19, 0x23, 0x32, 0x6A, 0x84, 0x2C, 0x95, 0x69, 0x7C,
    0xC6, 0x63, 0x85, 0x5B, 0x85, 0x5B, 0xC6, 0x63, 0xE6, 0x63, 0xC6, 0x63, 0x85, 0x53, 0xE4, 0x42,
    0x83, 0x32, 0x83, 0x3A, 0xC4, 0x3A, 0xC3, 0x3A, 0xE4, 0x42, 0x05, 0x4B, 0xE5, 0x42, 0x64, 0x2A,
    0xA2, 0x09, 0xE4, 0x11, 0x66, 0x22, 0xA6, 0x2A, 0xE7, 0x32, 0x89, 0x4B, 0xE9, 0x5B, 0xA7, 0x5B,
    0xA6, 0x5B, 0xC6, 0x63, 0xE7, 0x63, 0xE7, 0x63, 0xE8, 0x6B, 0x08, 0x6C, 0x29, 0x74, 0x29, 0x74,
    0x27, 0x53, 0xC5, 0x42, 0xC5, 0x42, 0xA5, 0x3A, 0x65, 0x32, 0x44, 0x2A, 0x45, 0x2A, 0x45, 0x2A,
    0x65, 0x3A, 0xCD, 0x94, 0xAD, 0x8C, 0x64, 0x3A, 0x03, 0x22, 0x03, 0x22, 0x23, 0x22, 0x64, 0x32,
    0x25, 0x42, 0x47, 0x5A, 0x47, 0x4A, 0x12, 0xA5, 0x5B, 0xEF, 0x1A, 0xE7, 0x3A, 0xE7, 0x3A, 0xE7,
    0x3A, 0xE7, 0x3A, 0xE7, 0x3A, 0xE7, 0x3A, 0xE7, 0x3A, 0xE7, 0x3A, 0xE7, 0x3A, 0xE7, 0x3A, 0xE7,
    0x3A, 0xE7, 0xD7, 0xCE, 0xE8, 0x63, 0x44, 0x43, 0x65, 0x43, 0x66, 0x43, 0x66, 0x43, 0x26, 0x3B,
    0xEA, 0x5B, 0xD7, 0xCE, 0x3A, 0xE7, 0x3A, 0xE7, 0x3A, 0xE7, 0x3A, 0xE7, 0x3A, 0xE7, 0x3A, 0xE7,
    0x3A, 0xE7, 0x3A, 0xE7, 0x3A, 0xE7, 0x3A, 0xE7, 0x3A, 0xE7, 0x3A, 0xE7, 0x3A, 0xE7, 0x3A, 0xE7,
    0x3A, 0xE7, 0x3A, 0xE7, 0xD8, 0xEE, 0x4E, 0xAC, 0xC9, 0x82, 0xE9, 0x8A, 0x2A, 0x93, 0x8C, 0xA3,
    0xAD, 0xAB, 0xCD, 0xAB, 0xEE, 0xB3, 0x0F, 0xBC, 0xCE, 0xBB, 0xAD, 0xB3, 0xAD, 0xB3, 0x8D, 0xBB,
    0x4C, 0xB3, 0x4C, 0xB3, 0x2B, 0xB3, 0xEA, 0xAA, 0x6C, 0xB3, 0xD4, 0xDD, 0x3A, 0xEF, 0xF9, 0xE6,
    0xF9, 0xE6, 0xD1, 0xBC, 0xED, 0xB3, 0xED, 0xB3, 0xAC, 0xAB, 0xAC, 0xA3, 0xCC, 0xAB, 0x8C, 0xA3,
    0x6B, 0xA3, 0x6B, 0xA3, 0x4B, 0xA3, 0x4B, 0x9B, 0x6B, 0xA3, 0x6B, 0x9B, 0x4B, 0x93, 0x4B, 0x9B,
    0x6B, 0x9B, 0x6B, 0x9B, 0x8C, 0xA3, 0xAC, 0xA3, 0x8C, 0xA3, 0x6C, 0x9B, 0x8C, 0xA3, 0x6C, 0xA3,
    0x8C, 0xA3, 0x6B, 0xA3, 0x8C, 0xA3, 0x6C, 0xA3, 0x6C, 0xA3, 0x8C, 0xA3, 0x8C, 0xAB, 0x8C, 0xAB,
    0xAC, 0xAB, 0xAD, 0xAB, 0xAD, 0xAB, 0x6C, 0xAB, 0x8C, 0xAB, 0xAD, 0xAB, 0xAC, 0xAB, 0x8C, 0xAB,
    0x8C, 0xAB, 0xCD, 0xB3, 0xAC, 0xB3, 0xCD, 0xB3, 0xCD, 0xB3, 0xED, 0xB3, 0xED, 0xBB, 0x0E, 0xBC,
    0x2E, 0xC4, 0xED, 0xBB, 0xCD, 0xBB, 0xCD, 0xBB, 0xCD, 0xBB, 0xCC, 0xB3, 0xCD, 0xBB, 0xCD, 0xB3,
    0x0D, 0xBC, 0xCD, 0xB3, 0x6B, 0xAB, 0xAC, 0xB3, 0xAC, 0xB3, 0x8B, 0xAB, 0xAC, 0xAB, 0xAC, 0xB3,
    0x8B, 0xAB, 0xAC, 0xB3, 0xCC, 0xB3, 0xAC, 0xB3, 0xCC, 0xB3, 0xAC, 0xB3, 0x8B, 0xB3, 0xAC, 0xB3,
    0xAC, 0xB3, 0xED, 0xB3, 0xED, 0xBB, 0xED, 0xBB, 0xED, 0xBB, 0xCD, 0xB3, 0x32, 0xCD, 0x78, 0xE6,
    0x57, 0xD6, 0x37, 0xD6, 0x36, 0xD6, 0xF5, 0xD5, 0x91, 0xC4, 0xEE, 0xBB, 0x4F, 0xCC, 0x4F, 0xCC,
    0x4F, 0xCC, 0x90, 0xD4, 0x6F, 0xCC, 0xB0, 0xD4, 0xF1, 0xD4, 0x11, 0xD5, 0xF1, 0xCC, 0xB0, 0xC4,
    0xD0, 0xCC, 0xD0, 0xCC, 0xD0, 0xCC, 0xF1, 0xCC, 0xB0, 0xC4, 0x8F, 0xC4, 0xF1, 0xCC, 0xB0, 0xB4,
    0x95, 0xBD, 0xF8, 0xBD, 0xF8, 0xB5, 0xF8, 0xB5, 0xD7, 0xB5, 0xF7, 0xB5, 0x17, 0xB6, 0x53, 0x9D,
    0x89, 0x5B, 0xA4, 0x42, 0x87, 0x63, 0xCA, 0x8C, 0x48, 0x7C, 0x07, 0x6C, 0x07, 0x6C, 0xE7, 0x63,
    0x86, 0x5B, 0x46, 0x6B, 0xCA, 0xAB, 0xCB, 0xCB, 0x45, 0x9A, 0x01, 0x71, 0xE0, 0x50, 0x87, 0x6A,
    0x0C, 0x84, 0x4E, 0x94, 0x8E, 0x9C, 0x30, 0xC5, 0xCA, 0xBB, 0xA6, 0xB2, 0x28, 0xC3, 0x08, 0xAB,
    0xC7, 0x9A, 0xA7, 0x92, 0x87, 0x92, 0x46, 0x9A, 0x25, 0x9A, 0x61, 0x79, 0x01, 0x7A, 0x24, 0x93,
    0x44, 0x93, 0xE4, 0x82, 0x43, 0x7A, 0x24, 0x7A, 0x67, 0x8A, 0x88, 0x8A, 0x47, 0x82, 0x26, 0x7A,
    0x26, 0x7A, 0x67, 0x82, 0xE9, 0x8A, 0xA8, 0x8A, 0x46, 0x82, 0x67, 0x8A, 0x87, 0x8A, 0x66, 0x72,
    0x62, 0x31, 0x22, 0x19, 0x63, 0x11, 0xA1, 0x21, 0x86, 0x6B, 0xC8, 0x94, 0x66, 0x94, 0xC5, 0x83,
    0xA4, 0x7B, 0x64, 0x7B, 0x64, 0x7B, 0x04, 0x73, 0x63, 0x72, 0x23, 0x72, 0x04, 0x72, 0x62, 0x51,
    0x20, 0x31, 0xC1, 0x31, 0x01, 0x32, 0xE1, 0x31, 0x81, 0x29, 0x20, 0x21, 0xA2, 0x29, 0xE9, 0x6B,
    0x49, 0x74, 0x08, 0x64, 0xC7, 0x5B, 0xA7, 0x53, 0xA7, 0x4B, 0x87, 0x43, 0x87, 0x43, 0x87, 0x43,
    0x27, 0x33, 0xC6, 0x2A, 0xC6, 0x22, 0xC6, 0x2A, 0xC6, 0x2A, 0xC6, 0x2A, 0xC6, 0x22, 0xC7, 0x2A,
    0xA5, 0x4A, 0x44, 0x3A, 0x45, 0x2A, 0xA2, 0x19, 0x87, 0x5B, 0x0B, 0x95, 0x07, 0x6C, 0x45, 0x53,
    0x04, 0x43, 0xE4, 0x3A, 0xC4, 0x3A, 0x24, 0x43, 0x65, 0x53, 0xA6, 0x5B, 0xE7, 0x5B, 0x66, 0x53,
    0xA3, 0x3A, 0x63, 0x32, 0x83, 0x3A, 0x83, 0x3A, 0xC3, 0x3A, 0xC4, 0x42, 0x64, 0x32, 0xE3, 0x19,
    0xE4, 0x11, 0x45, 0x1A, 0x86, 0x22, 0x66, 0x22, 0xA6, 0x2A, 0x48, 0x3B, 0xA9, 0x53, 0x87, 0x53,
    0x85, 0x5B, 0x85, 0x5B, 0xC6, 0x63, 0xC6, 0x63, 0xE7, 0x6B, 0x08, 0x6C, 0x49, 0x74, 0x09, 0x6C,
    0x85, 0x3A, 0xE3, 0x21, 0x04, 0x22, 0x85, 0x32, 0x85, 0x32, 0x44, 0x2A, 0x24, 0x2A, 0x24, 0x2A,
    0x44, 0x32, 0x26, 0x53, 0x44, 0x3A, 0x03, 0x22, 0x23, 0x22, 0x23, 0x22, 0x43, 0x2A, 0x64, 0x32,
    0x04, 0x42, 0x47, 0x5A, 0x27, 0x42, 0x6F, 0x8C, 0x5A, 0xEF, 0x1A, 0xE7, 0x3A, 0xE7, 0x3A, 0xE7,
    0x3A, 0xE7, 0x3A, 0xE7, 0x1A, 0xE7, 0x3A, 0xE7, 0x3A, 0xE7, 0x3A, 0xE7, 0x3A, 0xE7, 0x3A, 0xE7,
    0x3A, 0xEF, 0xB6, 0xCE, 0xC8, 0x63, 0x24, 0x3B, 0x45, 0x43, 0x66, 0x4B, 0x87, 0x43, 0x46, 0x3B,
    0x88, 0x4B, 0x54, 0xBE, 0x5A, 0xE7, 0x3A, 0xE7, 0x3A, 0xE7, 0x3A, 0xE7, 0x3A, 0xE7, 0x3A, 0xE7,
    0x3A, 0xE7, 0x3A, 0xE7, 0x3A, 0xE7, 0x3A, 0xE7, 0x3A, 0xE7, 0x3A, 0xE7, 0x3A, 0xE7, 0x3A, 0xE7,
    0x3A, 0xE7, 0x3A, 0xE7, 0x3A, 0xEF, 0x97, 0xE6, 0x2E, 0xAC, 0x4B, 0x93, 0xAC, 0x9B, 0xED, 0xA3,
    0xEE, 0xAB, 0xCD, 0xAB, 0xEE, 0xAB, 0xEE, 0xB3, 0xCD, 0xB3, 0xAD, 0xB3, 0xCD, 0xB3, 0x8D, 0xBB,
    0x4C, 0xB3, 0x4C, 0xB3, 0x0B, 0xAB, 0xEA, 0xAA, 0x0A, 0xB3, 0x8B, 0xB3, 0xF5, 0xDD, 0x3A, 0xEF,
    0x19, 0xE7, 0x97, 0xE6, 0x2E, 0xB4, 0x8C, 0xAB, 0xAC, 0xAB, 0x8C, 0xAB, 0xAC, 0xAB, 0x8B, 0xA3,
    0xAC, 0xAB, 0x6B, 0xA3, 0x2A, 0x9B, 0x6B, 0xA3, 0x4A, 0x9B, 0x6B, 0xA3, 0x6B, 0xA3, 0x4B, 0x9B,
    0x6B, 0x9B, 0x4B, 0x9B, 0x8B, 0x9B, 0x8B, 0x9B, 0x6C, 0xA3, 0x6B, 0xA3, 0x8C, 0xA3, 0x4B, 0xA3,
    0x6B, 0xA3, 0x6C, 0xA3, 0xAC, 0xA3, 0x8C, 0xA3, 0x6B, 0xA3, 0x8C, 0xA3, 0x8C, 0xA3, 0x8C, 0xAB,
    0x6B, 0xA3, 0x8C, 0xA3, 0x8C, 0xA3, 0x8C, 0xAB, 0x8C, 0xAB, 0xAC, 0xAB, 0x6B, 0xA3, 0x6B, 0xA3,
    0xAC, 0xAB, 0xCD, 0xB3, 0xCD, 0xB3, 0xED, 0xB3, 0xED, 0xB3, 0x0D, 0xBC, 0xED, 0xB3, 0xCD, 0xB3,
    0xCC, 0xB3, 0xCC, 0xB3, 0xAC, 0xB3, 0xAC, 0xB3, 0xED, 0xBB, 0xCD, 0xB3, 0xCC, 0xB3, 0x8C, 0xAB,
    0xAC, 0xB3, 0x8C, 0xAB, 0x8C, 0xAB, 0x8C, 0xB3, 0xAC, 0xB3, 0xCC, 0xB3, 0xAC, 0xB3, 0xED, 0xB3,
    0xCC, 0xB3, 0x8B, 0xAB, 0x8C, 0xB3, 0xAC, 0xB3, 0xCD, 0xBB, 0x8B, 0xB3, 0x6A, 0xAB, 0xAB, 0xB3,
    0x8C, 0xB3, 0xCC, 0xB3, 0xED, 0xBB, 0xCD, 0xBB, 0xCD, 0xB3, 0xF2, 0xC4, 0x77, 0xE6, 0x57, 0xD6,
    0x57, 0xD6, 0x16, 0xD6, 0x16, 0xD6, 0xB1, 0xBC, 0xEE, 0xBB, 0x2F, 0xC4, 0x2E, 0xC4, 0x6F, 0xCC,
    0x2E, 0xCC, 0x6F, 0xD4, 0x90, 0xCC, 0x90, 0xCC, 0xF1, 0xD4, 0xF1, 0xCC, 0xF1, 0xCC, 0xF1, 0xCC,
    0xD0, 0xCC, 0xD0, 0xCC, 0xD0, 0xCC, 0xB0, 0xC4, 0xD0, 0xC4, 0xD0, 0xC4, 0xD0, 0xC4, 0xF1, 0xBC,
    0x54, 0xAD, 0xD7, 0xB5, 0xD7, 0xB5, 0xD7, 0xB5, 0xD7, 0xB5, 0xF7, 0xB5, 0xF7, 0xB5, 0x11, 0x95,
    0x47, 0x53, 0x05, 0x53, 0x29, 0x7C, 0x28, 0x7C, 0xC6, 0x63, 0xC6, 0x63, 0x86, 0x5B, 0x86, 0x53,
    0x67, 0x63, 0x0A, 0x9C, 0x2C, 0xCC, 0xE7, 0xB2, 0x62, 0x79, 0xC0, 0x50, 0x05, 0x62, 0xCB, 0x83,
    0x6E, 0x94, 0xAF, 0xA4, 0x30, 0xB5, 0xD2, 0xCD, 0x0F, 0xCD, 0xE7, 0xAA, 0xE7, 0xBA, 0x69, 0xC3,
    0x29, 0xAB, 0xE8, 0x9A, 0xC8, 0x9A, 0x87, 0x9A, 0x05, 0x92, 0xA1, 0x81, 0xC3, 0x8A, 0x43, 0x83,
    0x22, 0x73, 0x23, 0x7B, 0x45, 0x83, 0xA5, 0x82, 0xA7, 0x8A, 0xC8, 0x92, 0xA8, 0x8A, 0x87, 0x82,
    0x67, 0x7A, 0x88, 0x82, 0xC8, 0x82, 0xA8, 0x82, 0x67, 0x82, 0xA7, 0x8A, 0xA7, 0x92, 0x87, 0x8A,
    0x05, 0x62, 0x63, 0x31, 0x21, 0x19, 0x83, 0x42, 0xA8, 0x94, 0xA7, 0x9C, 0x46, 0x8C, 0x84, 0x73,
    0x03, 0x6B, 0xE3, 0x6A, 0x03, 0x6B, 0xE4, 0x62, 0xA4, 0x72, 0x83, 0x82, 0x44, 0x7A, 0x62, 0x51,
    0x00, 0x29, 0x81, 0x29, 0xA1, 0x29, 0x80, 0x29, 0x60, 0x29, 0x20, 0x19, 0x64, 0x42, 0x29, 0x74,
    0x08, 0x6C, 0xC8, 0x5B, 0xA7, 0x53, 0x87, 0x4B, 0x46, 0x3B, 0x46, 0x3B, 0x87, 0x43, 0x67, 0x3B,
    0xA6, 0x22, 0x85, 0x22, 0xC6, 0x22, 0xA6, 0x22, 0xC6, 0x2A, 0xC6, 0x2A, 0xC6, 0x2A, 0xC6, 0x22,
    0x85, 0x3A, 0x04, 0x2A, 0xC3, 0x19, 0xE3, 0x21, 0xC8, 0x6B, 0x28, 0x7C, 0x45, 0x53, 0xE4, 0x42,
    0x05, 0x43, 0x25, 0x43, 0x25, 0x43, 0x25, 0x43, 0x45, 0x4B, 0xA6, 0x5B, 0xC6, 0x5B, 0xA7, 0x5B,
    0x25, 0x4B, 0x42, 0x32, 0x43, 0x32, 0xA4, 0x3A, 0x43, 0x32, 0xE2, 0x21, 0x41, 0x09, 0x62, 0x09,
    0xC4, 0x11, 0x25, 0x12, 0x45, 0x1A, 0x66, 0x22, 0xA6, 0x2A, 0xC7, 0x32, 0x48, 0x43, 0x67, 0x53,
    0x65, 0x53, 0x44, 0x53, 0xA5, 0x5B, 0xC6, 0x63, 0xC6, 0x63, 0xE7, 0x6B, 0x28, 0x74, 0x4A, 0x6C,
    0xC6, 0x3A, 0xA3, 0x19, 0x04, 0x22, 0x85, 0x32, 0x85, 0x32, 0x85, 0x32, 0x65, 0x32, 0x45, 0x2A,
    0x64, 0x32, 0x26, 0x53, 0x43, 0x32, 0xE2, 0x21, 0x23, 0x22, 0x23, 0x22, 0x64, 0x2A, 0x64, 0x32,
    0x04, 0x42, 0x47, 0x5A, 0x06, 0x42, 0xCC, 0x73, 0x19, 0xE7, 0x19, 0xE7, 0x1A, 0xE7, 0x3A, 0xEF,
    0x3A, 0xEF, 0x3A, 0xE7, 0x3A, 0xEF, 0x3A, 0xE7, 0x3A, 0xE7, 0x3A, 0xE7, 0x3A, 0xE7, 0x3A, 0xE7,
    0x3A, 0xE7, 0xB6, 0xD6, 0xE8, 0x63, 0x04, 0x3B, 0x25, 0x43, 0x66, 0x43, 0x66, 0x3B, 0x67, 0x3B,
    0x27, 0x3B, 0x91, 0x9D, 0x5A, 0xEF, 0x1A, 0xE7, 0x3A, 0xE7, 0x3A, 0xE7, 0x3A, 0xE7, 0x3A, 0xE7,
    0x3A, 0xE7, 0x3A, 0xE7, 0x3A, 0xE7, 0x3A, 0xE7, 0x3A, 0xE7, 0x3A, 0xE7, 0x3A, 0xE7, 0x3A, 0xE7,
    0x3A, 0xE7, 0x3A, 0xE7, 0x1A, 0xE7, 0x3A, 0xEF, 0xD4, 0xD5, 0xCD, 0xA3, 0xCD, 0xA3, 0xEE, 0x9B,
    0xEE, 0xA3, 0xEE, 0xAB, 0xEE, 0xAB, 0x0E, 0xB4, 0xEE, 0xBB, 0xCD, 0xB3, 0xCD, 0xB3, 0x8D, 0xB3,
    0x4C, 0xAB, 0x2B, 0xAB, 0x2B, 0xAB, 0x0B, 0xAB, 0xEA, 0xAA, 0xEA, 0xAA, 0x8C, 0xAB, 0xF5, 0xDD,
    0x19, 0xEF, 0x19, 0xE7, 0x97, 0xE6, 0xEE, 0xAB, 0x4B, 0xA3, 0x8C, 0xAB, 0xAC, 0xAB, 0x8B, 0xA3,
    0x8B, 0xA3, 0x6B, 0xA3, 0x4A, 0x9B, 0x4A, 0xA3, 0x4A, 0x9B, 0x4B, 0xA3, 0x4B, 0x9B, 0x6B, 0xA3,
    0x4B, 0x9B, 0x2A, 0x93, 0x2A, 0x9B, 0x6B, 0x9B, 0x4B, 0x9B, 0x6B, 0x9B, 0x4B, 0x9B, 0x4B, 0x9B,
    0x6C, 0xA3, 0xAC, 0xA3, 0x8C, 0xA3, 0xAC, 0xA3, 0x4B, 0x9B, 0x8C, 0xA3, 0x8C, 0xA3, 0x8C, 0xA3,
    0x4B, 0xA3, 0x6B, 0xA3, 0x8B, 0xA3, 0x6B, 0xA3, 0x6B, 0xA3, 0x8B, 0xAB, 0x4A, 0xA3, 0x2A, 0x9B,
    0x4B, 0xA3, 0xAC, 0xAB, 0xAC, 0xAB, 0xAC, 0xAB, 0xCD, 0xB3, 0xAC, 0xAB, 0xCC, 0xB3, 0xAC, 0xB3,
    0x8B, 0xAB, 0xAC, 0xB3, 0xED, 0xB3, 0xED, 0xB3, 0xAC, 0xAB, 0x8B, 0xAB, 0x8C, 0xAB, 0xAC, 0xAB,
    0xAC, 0xAB, 0xAC, 0xB3, 0x8B, 0xAB, 0x6B, 0xAB, 0xAC, 0xB3, 0x4B, 0xAB, 0x8B, 0xAB, 0xCC, 0xB3,
    0xCC, 0xB3, 0xAC, 0xB3, 0xCC, 0xB3, 0xAB, 0xB3, 0xAC, 0xB3, 0x8B, 0xAB, 0x8B, 0xB3, 0xAB, 0xB3,
    0xEC, 0xBB, 0xAC, 0xB3, 0xAD, 0xBB, 0x8C, 0xB3, 0x90, 0xBC, 0xB9, 0xEE, 0x98, 0xDE, 0x77, 0xD6,
    0x77, 0xDE, 0x16, 0xDE, 0xB1, 0xBC, 0xEE, 0xBB, 0x0E, 0xC4, 0x0E, 0xC4, 0x2E, 0xCC, 0x4F, 0xCC,
    0x90, 0xD4, 0x6F, 0xCC, 0x90, 0xCC, 0xB0, 0xCC, 0xF1, 0xD4, 0xD1, 0xCC, 0xB0, 0xC4, 0xF1, 0xCC,
    0x90, 0xCC, 0x90, 0xC4, 0xB0, 0xCC, 0xD0, 0xC4, 0x90, 0xC4, 0xB0, 0xC4, 0xF1, 0xC4, 0xB0, 0xAC,
    0xF2, 0x9C, 0xD7, 0xAD, 0xD7, 0xAD, 0xD7, 0xAD, 0xD7, 0xAD, 0xD7, 0xAD, 0xD6, 0xAD, 0xAF, 0x8C,
    0x47, 0x5B, 0xC7, 0x6B, 0x49, 0x84, 0xE7, 0x73, 0x85, 0x5B, 0xA6, 0x5B, 0x45, 0x53, 0x25, 0x5B,
    0x0A, 0x94, 0x6C, 0xBC, 0x08, 0xAB, 0xC3, 0x89, 0xE0, 0x58, 0xA3, 0x59, 0x8B, 0x83, 0x4E, 0x8C,
    0xAF, 0x9C, 0x31, 0xB5, 0xB2, 0xCD, 0xF3, 0xD5, 0xB1, 0xD5, 0x6C, 0xBC, 0xA6, 0xAA, 0x07, 0xBB,
    0x6A, 0xBB, 0x29, 0xAB, 0xE8, 0x9A, 0x87, 0x92, 0x46, 0x92, 0xC2, 0x81, 0x41, 0x82, 0xA1, 0x72,
    0xA1, 0x6A, 0x81, 0x6A, 0xE4, 0x7A, 0xC5, 0x82, 0x86, 0x82, 0x88, 0x8A, 0xA8, 0x92, 0xE9, 0x92,
    0x87, 0x82, 0xA8, 0x82, 0xA8, 0x82, 0x87, 0x82, 0x67, 0x7A, 0x46, 0x82, 0x67, 0x92, 0x67, 0x92,
    0x46, 0x8A, 0xC4, 0x59, 0x21, 0x29, 0xE5, 0x5A, 0xA7, 0x94, 0x86, 0x94, 0x66, 0x84, 0xA5, 0x73,
    0xE3, 0x62, 0x61, 0x52, 0x01, 0x42, 0xA1, 0x39, 0xA1, 0x49, 0xA3, 0x82, 0x64, 0x7A, 0x62, 0x51,
    0x00, 0x31, 0xE0, 0x20, 0xE0, 0x18, 0x40, 0x21, 0x40, 0x21, 0x40, 0x19, 0xA4, 0x4A, 0x09, 0x74,
    0x08, 0x6C, 0xE8, 0x63, 0xE8, 0x63, 0xE8, 0x5B, 0x87, 0x43, 0x46, 0x3B, 0x46, 0x3B, 0xC6, 0x2A,
    0x65, 0x1A, 0x86, 0x22, 0x85, 0x22, 0xA6, 0x2A, 0xC6, 0x2A, 0x85, 0x22, 0xA5, 0x22, 0x85, 0x22,
    0x65, 0x32, 0x04, 0x22, 0xC3, 0x19, 0xE3, 0x21, 0x87, 0x63, 0xE7, 0x6B, 0x86, 0x5B, 0xE4, 0x42,
    0xE4, 0x42, 0x05, 0x43, 0x04, 0x43, 0x45, 0x4B, 0x65, 0x53, 0x65, 0x53, 0x86, 0x5B, 0xA6, 0x5B,
    0x66, 0x5B, 0x02, 0x32, 0xA1, 0x21, 0xE2, 0x31, 0x41, 0x19, 0x21, 0x11, 0x62, 0x11, 0x42, 0x09,
    0x83, 0x09, 0xC4, 0x11, 0xE4, 0x11, 0xE4, 0x11, 0x24, 0x1A, 0x85, 0x2A, 0x27, 0x43, 0xA8, 0x53,
    0xA6, 0x5B, 0x64, 0x53, 0x64, 0x53, 0x85, 0x5B, 0x85, 0x5B, 0xC6, 0x63, 0x07, 0x6C, 0x4A, 0x74,
    0xE6, 0x42, 0xA2, 0x19, 0x24, 0x2A, 0x85, 0x32, 0x65, 0x32, 0x64, 0x2A, 0x65, 0x2A, 0x65, 0x2A,
    0x85, 0x32, 0xA5, 0x3A, 0x23, 0x2A, 0x03, 0x22, 0x03, 0x22, 0x03, 0x22, 0x43, 0x22, 0x44, 0x32,
    0xE4, 0x41, 0x27, 0x52, 0xE6, 0x39, 0x4A, 0x63, 0xF8, 0xDE, 0x39, 0xEF, 0x39, 0xEF, 0xB8, 0xDE,
    0x76, 0xD6, 0xF8, 0xDE, 0x3A, 0xEF, 0x3A, 0xE7, 0x3A, 0xE7, 0x3B, 0xEF, 0x3A, 0xE7, 0x3A, 0xE7,
    0x39, 0xE7, 0xF6, 0xD6, 0x09, 0x64, 0xE4, 0x32, 0x25, 0x3B, 0x46, 0x43, 0x46, 0x3B, 0x47, 0x33,
    0x06, 0x33, 0x30, 0x8D, 0x5A, 0xEF, 0x3A, 0xE7, 0x3A, 0xE7, 0x3A, 0xEF, 0x3A, 0xEF, 0x3A, 0xEF,
    0x3A, 0xEF, 0x3A, 0xEF, 0x3A, 0xE7, 0x3A, 0xE7, 0x3A, 0xE7, 0x3A, 0xE7, 0x3A, 0xE7, 0x3A, 0xE7,
    0x3A, 0xE7, 0x3A, 0xE7, 0x1A, 0xE7, 0x3A, 0xEF, 0xD8, 0xE6, 0x12, 0xC5, 0x0E, 0xAC, 0xEE, 0xA3,
    0xEE, 0xAB, 0xEE, 0xAB, 0xCD, 0xAB, 0xEE, 0xB3, 0xEE, 0xB3, 0xAD, 0xAB, 0x8D, 0xAB, 0x6C, 0xAB,
    0x4C, 0xAB, 0x4C, 0xAB, 0x4C, 0xAB, 0x4C, 0xAB, 0xCA, 0xA2, 0xEA, 0xAA, 0xEA, 0xAA, 0x4B, 0xB3,
    0xF5, 0xE5, 0x19, 0xEF, 0x19, 0xE7, 0x98, 0xE6, 0x4F, 0xB4, 0x4B, 0xA3, 0x8C, 0xA3, 0x8B, 0xA3,
    0x8B, 0xA3, 0x4B, 0xA3, 0x6B, 0xA3, 0x4A, 0xA3, 0x6B, 0xA3, 0x4A, 0xA3, 0x2A, 0x9B, 0x4B, 0xA3,
    0x6B, 0xA3, 0x4A, 0x9B, 0x2A, 0x9B, 0x4A, 0x9B, 0x4B, 0x9B, 0x6B, 0x9B, 0x6C, 0xA3, 0x6B, 0xA3,
    0x4B, 0x9B, 0x6B, 0xA3, 0x8B, 0xA3, 0x6B, 0xA3, 0x6B, 0xA3, 0x6B, 0xA3, 0xAC, 0xA3, 0x6B, 0xA3,
    0x4B, 0xA3, 0x4B, 0xA3, 0x4B, 0xA3, 0x4B, 0xA3, 0x4A, 0xA3, 0x4A, 0xA3, 0x8B, 0xA3, 0x6B, 0xA3,
    0x4A, 0xA3, 0x6B, 0xAB, 0x6B, 0xA3, 0x8B, 0xAB, 0x6B, 0xA3, 0x8B, 0xAB, 0xAC, 0xB3, 0xAC, 0xB3,
    0x6B, 0xAB, 0x8C, 0xAB, 0xAC, 0xB3, 0x6B, 0xAB, 0xAC, 0xAB, 0x6B, 0xAB, 0x6B, 0xAB, 0x8B, 0xAB,
    0x8B, 0xAB, 0x8B, 0xAB, 0xAB, 0xAB, 0x6B, 0xA3, 0x6A, 0xAB, 0x8B, 0xAB, 0x8B, 0xAB, 0x6B, 0xAB,
    0xAB, 0xB3, 0x8B, 0xAB, 0xAB, 0xAB, 0xCC, 0xB3, 0xCC, 0xB3, 0x8B, 0xB3, 0x8B, 0xB3, 0xAC, 0xBB,
    0x8C, 0xB3, 0x8C, 0xB3, 0x8B, 0xAB, 0x90, 0xC4, 0x78, 0xEE, 0xB8, 0xE6, 0x98, 0xDE, 0x98, 0xDE,
    0x57, 0xDE, 0xB1, 0xBC, 0x8D, 0xB3, 0x0E, 0xC4, 0x2E, 0xCC, 0x4F, 0xCC, 0x4F, 0xCC, 0x6F, 0xCC,
    0x90, 0xD4, 0x90, 0xCC, 0xD1, 0xD4, 0xD0, 0xCC, 0xD0, 0xCC, 0xF1, 0xCC, 0xD1, 0xCC, 0xB0, 0xCC,
    0xD0, 0xCC, 0xB0, 0xCC, 0xB0, 0xC4, 0x6F, 0xC4, 0x90, 0xC4, 0x6F, 0xBC, 0xF1, 0xC4, 0x0E, 0x8C,
    0x50, 0x84, 0xD7, 0xAD, 0xB7, 0xAD, 0xB6, 0xAD, 0xB6, 0xAD, 0xB6, 0xAD, 0xB5, 0xAD, 0x6E, 0x84,
    0x88, 0x63, 0x29, 0x7C, 0x29, 0x7C, 0xE7, 0x73, 0x86, 0x5B, 0x85, 0x53, 0xE4, 0x4A, 0x87, 0x7B,
    0x4C, 0xBC, 0x48, 0xAB, 0xE4, 0x89, 0x21, 0x69, 0x41, 0x59, 0x09, 0x7B, 0x2E, 0x8C, 0x8F, 0x9C,
    0x10, 0xAD, 0xB2, 0xC5, 0xF3, 0xCD, 0xF3, 0xD5, 0xD2, 0xCD, 0xB1, 0xD5, 0x2B, 0xBC, 0xC6, 0xAA,
    0x28, 0xC3, 0x08, 0xB3, 0x86, 0x8A, 0x46, 0x8A, 0x05, 0x8A, 0xE3, 0x89, 0xE2, 0x89, 0x01, 0x7A,
    0x01, 0x72, 0xE1, 0x69, 0xC1, 0x61, 0xE2, 0x69, 0x04, 0x7A, 0x46, 0x8A, 0x46, 0x8A, 0x26, 0x82,
    0xC4, 0x71, 0xE5, 0x71, 0xE5, 0x71, 0xA4, 0x69, 0x83, 0x69, 0xA4, 0x71, 0x83, 0x71, 0x63, 0x79,
    0x83, 0x79, 0x63, 0x61, 0xA0, 0x30, 0x42, 0x52, 0x26, 0x8C, 0x25, 0x8C, 0x06, 0x84, 0x85, 0x7B,
    0x44, 0x6B, 0x82, 0x52, 0xA0, 0x31, 0x20, 0x21, 0x40, 0x39, 0xC5, 0x8A, 0x44, 0x7A, 0x62, 0x51,
    0x21, 0x31, 0x80, 0x10, 0x61, 0x29, 0xA1, 0x29, 0x61, 0x21, 0x81, 0x21, 0xA4, 0x4A, 0x09, 0x74,
    0xE8, 0x6B, 0xC8, 0x63, 0x08, 0x64, 0xE8, 0x5B, 0x26, 0x3B, 0xC5, 0x2A, 0xA4, 0x22, 0x85, 0x22,
    0x86, 0x22, 0x86, 0x22, 0x45, 0x1A, 0x86, 0x22, 0x65, 0x1A, 0x65, 0x1A, 0x85, 0x22, 0xA6, 0x22,
    0x66, 0x3A, 0xE4, 0x21, 0xC3, 0x19, 0xC3, 0x19, 0x67, 0x5B, 0xA6, 0x63, 0x45, 0x53, 0xC4, 0x3A,
    0xA3, 0x32, 0xA3, 0x3A, 0xA3, 0x3A, 0xE4, 0x3A, 0x24, 0x43, 0x24, 0x4B, 0x65, 0x53, 0xA6, 0x5B,
    0x66, 0x5B, 0x81, 0x29, 0xE0, 0x20, 0x42, 0x39, 0x01, 0x21, 0x42, 0x19, 0x83, 0x19, 0x63, 0x11,
    0x83, 0x11, 0xA3, 0x11, 0xA4, 0x11, 0xA3, 0x11, 0xE4, 0x11, 0x65, 0x22, 0xE6, 0x3A, 0x87, 0x53,
    0xA6, 0x5B, 0xA5, 0x5B, 0x64, 0x53, 0x64, 0x53, 0x85, 0x5B, 0xC6, 0x63, 0x07, 0x6C, 0x49, 0x6C,
    0xC6, 0x42, 0x82, 0x11, 0x25, 0x2A, 0x45, 0x2A, 0x24, 0x2A, 0x24, 0x22, 0x44, 0x22, 0x65, 0x2A,
    0xA6, 0x32, 0xA5, 0x32, 0x44, 0x2A, 0x24, 0x22, 0x04, 0x22, 0x03, 0x22, 0x24, 0x22, 0x24, 0x32,
    0xA3, 0x39, 0xE6, 0x49, 0xA5, 0x31, 0xA8, 0x52, 0x96, 0xD6, 0x18, 0xE7, 0x31, 0xAD, 0x28, 0x63,
    0x07, 0x5B, 0x6D, 0x8C, 0x96, 0xCE, 0x3A, 0xE7, 0x3A, 0xEF, 0x39, 0xE7, 0xF7, 0xDE, 0x13, 0xBE,
    0xB1, 0xAD, 0x4F, 0x9D, 0x46, 0x4B, 0xE4, 0x32, 0x05, 0x3B, 0x26, 0x3B, 0x26, 0x33, 0x06, 0x2B,
    0xE6, 0x2A, 0x50, 0x95, 0x5A, 0xE7, 0x3A, 0xE7, 0x3A, 0xE7, 0x3A, 0xEF, 0x3A, 0xEF, 0x3A, 0xEF,
    0x3A, 0xEF, 0x3A, 0xEF, 0x3A, 0xE7, 0x3A, 0xE7, 0x3A, 0xE7, 0x3A, 0xE7, 0x3A, 0xE7, 0x3A, 0xE7,
    0x3A, 0xE7, 0x3A, 0xE7, 0x3A, 0xE7, 0x3A, 0xE7, 0x3A, 0xEF, 0x15, 0xDE, 0xB0, 0xC4, 0x2E, 0xAC,
    0x0E, 0xAC, 0xCD, 0xA3, 0x8C, 0xA3, 0xAD, 0xA3, 0xCD, 0xAB, 0xCD, 0xB3, 0xCD, 0xB3, 0xCD, 0xB3,
    0x8D, 0xB3, 0x4C, 0xAB, 0x6C, 0xAB, 0x0B, 0xA3, 0xEA, 0xA2, 0xE9, 0xA2, 0xC9, 0xA2, 0xE9, 0xAA,
    0x6B, 0xB3, 0x73, 0xD5, 0x19, 0xEF, 0x19, 0xE7, 0xB8, 0xEE, 0xB0, 0xBC, 0x2A, 0x9B, 0x4B, 0xA3,
    0x6B, 0xAB, 0x4A, 0xA3, 0x4A, 0xA3, 0x2A, 0xA3, 0x2A, 0xA3, 0x4A, 0xA3, 0x4A, 0xA3, 0x6B, 0xA3,
    0x4A, 0xA3, 0x2A, 0x9B, 0x4A, 0xA3, 0x6B, 0xA3, 0x4A, 0x9B, 0x6B, 0xA3, 0x4B, 0x9B, 0x4B, 0x9B,
    0x6B, 0xA3, 0x4A, 0x9B, 0x2A, 0x9B, 0x4A, 0x9B, 0x4A, 0x9B, 0x4A, 0x9B, 0xAC, 0xAB, 0x6B, 0xA3,
    0x4A, 0xA3, 0x6B, 0xA3, 0x6B, 0xA3, 0x6B, 0xA3, 0x6B, 0xA3, 0x4A, 0x9B, 0x6A, 0xA3, 0xAC, 0xAB,
    0x6A, 0xA3, 0x4A, 0xA3, 0x4A, 0xA3, 0x6B, 0xA3, 0x8B, 0xAB, 0x4A, 0xA3, 0xAC, 0xAB, 0xAC, 0xAB,
    0xAB, 0xAB, 0x6B, 0xA3, 0x8B, 0xAB, 0x6B, 0xAB, 0xCC, 0xB3, 0xCC, 0xB3, 0x8B, 0xAB, 0x8B, 0xAB,
    0x4A, 0xA3, 0x8B, 0xAB, 0x8B, 0xAB, 0xAB, 0xB3, 0x8B, 0xAB, 0x8B, 0xAB, 0x6A, 0xAB, 0x8B, 0xB3,
    0x8B, 0xB3, 0x8B, 0xB3, 0x8B, 0xAB, 0x8B, 0xB3, 0xAB, 0xB3, 0x8B, 0xB3, 0x6B, 0xB3, 0x6B, 0xBB,
    0x4B, 0xBB, 0x4B, 0xA3, 0xD0, 0xC4, 0xB8, 0xF6, 0xD8, 0xE6, 0x98, 0xD6, 0x98, 0xDE, 0x57, 0xE6,
    0xB1, 0xBC, 0xEE, 0xB3, 0xEE, 0xC3, 0x4F, 0xCC, 0x6F, 0xCC, 0x4F, 0xCC, 0x4F, 0xCC, 0x6F, 0xCC,
    0xB0, 0xD4, 0xB0, 0xCC, 0xD1, 0xD4, 0xD1, 0xD4, 0xD1, 0xCC, 0xD1, 0xCC, 0xD1, 0xCC, 0x90, 0xCC,
    0x90, 0xC4, 0xB0, 0xCC, 0xB0, 0xC4, 0x6F, 0xC4, 0x8F, 0xC4, 0x6F, 0xBC, 0x11, 0xBD, 0x2A, 0x6B,
    0x2F, 0x7C, 0xB6, 0xAD, 0xB6, 0xAD, 0xB6, 0xAD, 0xB6, 0xA5, 0xB6, 0xAD, 0x94, 0xA5, 0x0C, 0x74,
    0xA8, 0x6B, 0x4A, 0x84, 0xE8, 0x7B, 0xE7, 0x73, 0x86, 0x5B, 0x45, 0x53, 0x25, 0x63, 0xEA, 0xA3,
    0x49, 0xAB, 0xE3, 0x89, 0x21, 0x69, 0x01, 0x51, 0xA7, 0x72, 0x0D, 0x8C, 0x6E, 0x94, 0xF0, 0xA4,
    0x92, 0xC5, 0xF3, 0xD5, 0xF2, 0xD5, 0xF3, 0xD5, 0xF2, 0xCD, 0xF2, 0xD5, 0x70, 0xD5, 0xA9, 0xB3,
    0xA6, 0xB2, 0xA6, 0xAA, 0x25, 0x8A, 0x25, 0x8A, 0x26, 0x8A, 0x05, 0x8A, 0xC4, 0x91, 0x62, 0x89,
    0x41, 0x79, 0x41, 0x71, 0xA2, 0x71, 0xA3, 0x71, 0xA3, 0x79, 0xE4, 0x81, 0x05, 0x82, 0x84, 0x71,
    0x63, 0x69, 0xC4, 0x79, 0xC4, 0x71, 0xA4, 0x71, 0xC4, 0x71, 0x05, 0x7A, 0xE5, 0x79, 0xA4, 0x79,
    0x63, 0x79, 0x83, 0x71, 0x22, 0x49, 0xC1, 0x49, 0xC5, 0x83, 0x05, 0x8C, 0xA4, 0x7B, 0xE3, 0x6A,
    0xE4, 0x6A, 0xA3, 0x62, 0x42, 0x4A, 0x61, 0x29, 0x40, 0x31, 0xC4, 0x82, 0x44, 0x7A, 0x62, 0x51,
    0xE1, 0x30, 0xA0, 0x18, 0xA5, 0x52, 0x63, 0x42, 0xA1, 0x29, 0x81, 0x29, 0x84, 0x42, 0xE8, 0x73,
    0x86, 0x5B, 0x66, 0x53, 0xC8, 0x5B, 0x67, 0x4B, 0xE5, 0x32, 0xC5, 0x2A, 0xC5, 0x2A, 0xA6, 0x2A,
    0xA5, 0x22, 0x85, 0x22, 0x45, 0x1A, 0x66, 0x1A, 0x45, 0x1A, 0x65, 0x1A, 0x65, 0x1A, 0x85, 0x1A,
    0x29, 0x53, 0x04, 0x2A, 0xC3, 0x19, 0xA2, 0x19, 0x26, 0x53, 0x65, 0x5B, 0xA3, 0x42, 0x83, 0x32,
    0x83, 0x32, 0x63, 0x32, 0x83, 0x32, 0xA3, 0x32, 0xC3, 0x3A, 0x03, 0x43, 0x44, 0x4B, 0xA6, 0x5B,
    0x46, 0x53, 0x41, 0x21, 0xE1, 0x20, 0x42, 0x39, 0x42, 0x39, 0x42, 0x21, 0x83, 0x19, 0xA4, 0x19,
    0xC4, 0x19, 0xA3, 0x11, 0xA4, 0x11, 0xC4, 0x11, 0xE4, 0x19, 0x24, 0x22, 0xA5, 0x32, 0x67, 0x53,
    0x65, 0x5B, 0x85, 0x5B, 0x85, 0x5B, 0x65, 0x53, 0x45, 0x53, 0x85, 0x5B, 0xC7, 0x63, 0xE8, 0x63,
    0x65, 0x32, 0x82, 0x11, 0x04, 0x22, 0x04, 0x22, 0x04, 0x22, 0x04, 0x22, 0x24, 0x22, 0x24, 0x22,
    0x65, 0x2A, 0xA6, 0x32, 0x45, 0x22, 0xE4, 0x21, 0xE4, 0x21, 0xC3, 0x19, 0x03, 0x1A, 0x24, 0x2A,
    0xA4, 0x39, 0xE6, 0x49, 0xC5, 0x39, 0xE6, 0x39, 0x8E, 0x94, 0x2D, 0x94, 0xA2, 0x49, 0x02, 0x52,
    0x05, 0x6B, 0xE5, 0x52, 0x6C, 0x7C, 0xB7, 0xD6, 0x59, 0xEF, 0xB6, 0xD6, 0x0D, 0x95, 0xA7, 0x5B,
    0x66, 0x4B, 0x65, 0x4B, 0x04, 0x3B, 0x05, 0x33, 0xE5, 0x32, 0x05, 0x2B, 0xE6, 0x2A, 0xC6, 0x22,
    0x85, 0x22, 0xAE, 0x7C, 0x39, 0xE7, 0x3A, 0xE7, 0x3A, 0xE7, 0x3A, 0xE7, 0x3A, 0xE7, 0x3A, 0xE7,
    0x3A, 0xE7, 0x3A, 0xE7, 0x3A, 0xE7, 0x3A, 0xE7, 0x3A, 0xE7, 0x39, 0xE7, 0x97, 0xD6, 0x76, 0xCE,
    0x19, 0xE7, 0x3A, 0xE7, 0x3A, 0xE7, 0x3A, 0xE7, 0x3A, 0xE7, 0xD8, 0xEE, 0x31, 0xCD, 0x6F, 0xBC,
    0xCD, 0xA3, 0xAD, 0xA3, 0xAD, 0xA3, 0xEE, 0xAB, 0xCD, 0xAB, 0xAD, 0xAB, 0xCD, 0xB3, 0xAD, 0xB3,
    0xAD, 0xB3, 0x4C, 0xAB, 0x6C, 0xAB, 0x4B, 0xAB, 0xEA, 0x9A, 0xCA, 0xA2, 0xA9, 0x9A, 0xC9, 0xA2,
    0xC9, 0xA2, 0x0A, 0xAB, 0x12, 0xD5, 0xD8, 0xEE, 0x19, 0xEF, 0xF9, 0xEE, 0x12, 0xC5, 0x2A, 0x93,
    0x0A, 0x9B, 0x4B, 0xA3, 0x4B, 0xA3, 0x4B, 0xA3, 0x4A, 0xA3, 0x6B, 0xA3, 0x4A, 0xA3, 0x2A, 0xA3,
    0x4A, 0xA3, 0x4A, 0xA3, 0x2A, 0xA3, 0x2A, 0x9B, 0x4A, 0xA3, 0x4A, 0xA3, 0x4A, 0xA3, 0x4A, 0xA3,
    0x6B, 0xA3, 0x4A, 0xA3, 0x4A, 0xA3, 0x6B, 0xA3, 0x4A, 0x9B, 0x6B, 0xA3, 0x8B, 0xA3, 0x4A, 0x9B,
    0x4A, 0xA3, 0x4A, 0xA3, 0x6B, 0xA3, 0x6A, 0xA3, 0x8B, 0xA3, 0x6A, 0xA3, 0x6A, 0xA3, 0x6A, 0xA3,
    0x8B, 0xAB, 0x6A, 0xA3, 0x6A, 0xA3, 0xCC, 0xB3, 0xAB, 0xAB, 0x4A, 0xA3, 0x6A, 0xA3, 0x4A, 0xA3,
    0xAB, 0xAB, 0xAB, 0xAB, 0x8B, 0xAB, 0xAB, 0xB3, 0x6A, 0xAB, 0x8B, 0xAB, 0x8B, 0xAB, 0x8B, 0xAB,
    0x8A, 0xAB, 0x8B, 0xAB, 0xAB, 0xB3, 0x8A, 0xAB, 0x8A, 0xAB, 0xAB, 0xB3, 0x8B, 0xB3, 0x8B, 0xB3,
    0x6A, 0xB3, 0x6A, 0xAB, 0x8A, 0xB3, 0x8B, 0xB3, 0x8B, 0xB3, 0x8B, 0xB3, 0x8B, 0xBB, 0x2A, 0xAB,
    0xAC, 0xAB, 0x73, 0xD5, 0xB8, 0xEE, 0xB8, 0xE6, 0x97, 0xDE, 0xB8, 0xE6, 0xF6, 0xDD, 0x50, 0xB4,
    0xAD, 0xAB, 0xEE, 0xBB, 0x0E, 0xC4, 0x4F, 0xCC, 0x4F, 0xCC, 0x6F, 0xCC, 0x6F, 0xCC, 0x6F, 0xCC,
    0xD0, 0xD4, 0xB0, 0xCC, 0xB0, 0xCC, 0xD0, 0xCC, 0xD1, 0xCC, 0xD0, 0xCC, 0xD1, 0xCC, 0xB0, 0xCC,
    0xB0, 0xCC, 0xB0, 0xC4, 0x90, 0xC4, 0x6F, 0xC4, 0x4F, 0xBC, 0x90, 0xBC, 0xAF, 0xAC, 0x46, 0x4A,
    0xAD, 0x6B, 0x95, 0xA5, 0x75, 0xA5, 0x75, 0xA5, 0x75, 0xA5, 0x95, 0xA5, 0x53, 0x9D, 0x8A, 0x6B,
    0xC9, 0x73, 0x09, 0x7C, 0xA7, 0x73, 0xC7, 0x73, 0x65, 0x5B, 0x26, 0x5B, 0xC9, 0x93, 0xAA, 0xB3,
    0x25, 0x8A, 0x42, 0x69, 0x00, 0x51, 0x45, 0x62, 0xEC, 0x83, 0x6E, 0x94, 0xCF, 0xA4, 0x91, 0xBD,
    0xD2, 0xCD, 0xF3, 0xD5, 0xF3, 0xD5, 0xF3, 0xD5, 0xF2, 0xCD, 0xF3, 0xD5, 0x13, 0xDE, 0x0F, 0xCD,
    0x07, 0xAB, 0x08, 0xBB, 0x08, 0xB3, 0xA7, 0x9A, 0xC8, 0x9A, 0xC8, 0x9A, 0x25, 0x92, 0x22, 0x79,
    0x01, 0x71, 0x01, 0x69, 0xC4, 0x81, 0x67, 0x92, 0x67, 0x92, 0x66, 0x8A, 0x05, 0x7A, 0x63, 0x69,
    0x22, 0x61, 0xE5, 0x79, 0x47, 0x82, 0x67, 0x82, 0x88, 0x82, 0x87, 0x8A, 0x87, 0x8A, 0x67, 0x8A,
    0x26, 0x82, 0x05, 0x7A, 0xE5, 0x69, 0xA2, 0x59, 0x64, 0x7B, 0xE5, 0x8B, 0x44, 0x73, 0xE3, 0x6A,
    0x62, 0x62, 0x42, 0x62, 0x43, 0x52, 0x61, 0x29, 0x00, 0x29, 0x84, 0x7A, 0x44, 0x7A, 0x82, 0x51,
    0xE2, 0x30, 0xC0, 0x20, 0xC5, 0x52, 0x83, 0x4A, 0xC2, 0x31, 0xC2, 0x29, 0x43, 0x42, 0xA7, 0x6B,
    0x66, 0x5B, 0x46, 0x53, 0x87, 0x5B, 0x67, 0x53, 0x26, 0x43, 0xA5, 0x2A, 0x64, 0x22, 0x65, 0x22,
    0x65, 0x1A, 0x45, 0x1A, 0x65, 0x1A, 0x45, 0x1A, 0x45, 0x22, 0x65, 0x22, 0x45, 0x1A, 0x65, 0x1A,
    0x6A, 0x5B, 0x04, 0x32, 0xC3, 0x19, 0x82, 0x19, 0x26, 0x53, 0x86, 0x5B, 0x42, 0x32, 0x22, 0x2A,
    0x43, 0x2A, 0x22, 0x2A, 0x21, 0x2A, 0x42, 0x2A, 0x82, 0x32, 0xE3, 0x42, 0x03, 0x4B, 0x44, 0x5B,
    0xE6, 0x52, 0x22, 0x21, 0x80, 0x10, 0x21, 0x29, 0x62, 0x41, 0x42, 0x21, 0x22, 0x11, 0x83, 0x11,
    0x63, 0x11, 0x63, 0x11, 0x83, 0x11, 0x83, 0x11, 0xA4, 0x11, 0x04, 0x1A, 0xA5, 0x32, 0x66, 0x53,
    0x24, 0x53, 0x44, 0x53, 0x65, 0x5B, 0x45, 0x53, 0x25, 0x53, 0x45, 0x53, 0xA7, 0x63, 0x67, 0x53,
    0xC2, 0x21, 0xA3, 0x19, 0x04, 0x22, 0x04, 0x22, 0x04, 0x22, 0x04, 0x22, 0x04, 0x22, 0x04, 0x22,
    0x24, 0x22, 0x45, 0x2A, 0x45, 0x2A, 0xE3, 0x19, 0x82, 0x11, 0xA2, 0x11, 0xC3, 0x19, 0x04, 0x22,
    0x05, 0x3A, 0x06, 0x4A, 0xE6, 0x41, 0x26, 0x4A, 0xC7, 0x62, 0xC3, 0x49, 0x81, 0x41, 0x06, 0x73,
    0xA7, 0x83, 0x66, 0x63, 0xE6, 0x4A, 0x6D, 0x84, 0x33, 0xBE, 0xED, 0x94, 0x65, 0x53, 0xE3, 0x32,
    0x04, 0x33, 0x04, 0x33, 0x04, 0x33, 0xE4, 0x32, 0xC5, 0x2A, 0xC5, 0x22, 0xA5, 0x1A, 0x65, 0x1A,
    0x45, 0x1A, 0x8A, 0x53, 0x76, 0xC6, 0x3A, 0xE7, 0x3A, 0xEF, 0x3A, 0xE7, 0x3A, 0xE7, 0x3A, 0xE7,
    0x3A, 0xE7, 0x3A, 0xE7, 0x39, 0xE7, 0x3A, 0xE7, 0x39, 0xE7, 0x18, 0xE7, 0x71, 0xAD, 0xEF, 0x94,
    0xD7, 0xD6, 0x3A, 0xEF, 0x3A, 0xE7, 0x3A, 0xE7, 0x3A, 0xE7, 0x19, 0xEF, 0xF4, 0xDD, 0xB0, 0xC4,
    0x0E, 0xAC, 0xAD, 0x9B, 0xCD, 0xA3, 0xCD, 0xAB, 0xAD, 0xAB, 0xAD, 0xB3, 0xAD, 0xAB, 0xCE, 0xB3,
    0xAD, 0xB3, 0x6C, 0xAB, 0x4C, 0xAB, 0x2B, 0xA3, 0x0A, 0xA3, 0xEA, 0xA2, 0x89, 0x92, 0xCA, 0x9A,
    0xA9, 0x9A, 0x89, 0xAA, 0xEA, 0xAA, 0x6F, 0xC4, 0x36, 0xE6, 0x19, 0xF7, 0x19, 0xEF, 0x15, 0xDE,
    0x6F, 0xB4, 0x2A, 0x9B, 0xC9, 0x9A, 0x2A, 0x9B, 0x2A, 0xA3, 0x2A, 0xA3, 0x2A, 0xA3, 0x2A, 0xA3,
    0x4A, 0xA3, 0x4A, 0xA3, 0x2A, 0xA3, 0x29, 0x9B, 0x4A, 0xA3, 0x6A, 0xA3, 0x29, 0xA3, 0x2A, 0xA3,
    0x29, 0x9B, 0x4A, 0xA3, 0x2A, 0xA3, 0x4A, 0xA3, 0x4A, 0xA3, 0x4A, 0x9B, 0x29, 0x9B, 0x6A, 0xA3,
    0x4A, 0xA3, 0x4A, 0xA3, 0x4A, 0xA3, 0x4A, 0xA3, 0x6A, 0xA3, 0x8B, 0xAB, 0x6A, 0xA3, 0x6A, 0xA3,
    0x29, 0x9B, 0x29, 0x9B, 0x4A, 0xA3, 0xAB, 0xAB, 0x8A, 0xAB, 0x8A, 0xAB, 0x49, 0xA3, 0x49, 0xA3,
    0x6A, 0xAB, 0x6A, 0xAB, 0x49, 0xA3, 0x8A, 0xAB, 0x8A, 0xAB, 0x8A, 0xAB, 0x6A, 0xAB, 0x49, 0xA3,
    0x29, 0xA3, 0x49, 0xAB, 0x6A, 0xAB, 0x6A, 0xAB, 0x8A, 0xAB, 0x6A, 0xAB, 0x6A, 0xAB, 0x8A, 0xB3,
    0x8A, 0xB3, 0x4A, 0xAB, 0x8A, 0xB3, 0x6B, 0xBB, 0x8B, 0xBB, 0x4A, 0xAB, 0x6B, 0xAB, 0xD1, 0xC4,
    0x36, 0xE6, 0xF9, 0xEE, 0x98, 0xDE, 0xB8, 0xDE, 0x77, 0xE6, 0x33, 0xCD, 0xEE, 0xAB, 0xAE, 0xB3,
    0xEE, 0xC3, 0x0E, 0xC4, 0x2E, 0xCC, 0x4F, 0xCC, 0x4F, 0xCC, 0x6F, 0xCC, 0x8F, 0xCC, 0x90, 0xD4,
    0x6F, 0xCC, 0xB0, 0xCC, 0xD0, 0xCC, 0xD0, 0xCC, 0xB0, 0xCC, 0xD1, 0xCC, 0x8F, 0xC4, 0x8F, 0xC4,
    0x6F, 0xC4, 0x8F, 0xC4, 0x4F, 0xBC, 0x6F, 0xBC, 0x8F, 0xBC, 0xB0, 0xBC, 0xAB, 0x83, 0xE4, 0x39,
    0xA8, 0x4A, 0xF2, 0x94, 0x75, 0xA5, 0x54, 0x9D, 0x54, 0x9D, 0x74, 0xA5, 0xD2, 0x8C, 0x69, 0x63,
    0x0A, 0x7C, 0xC8, 0x7B, 0x66, 0x6B, 0xA7, 0x6B, 0x05, 0x53, 0x26, 0x6B, 0x89, 0xA3, 0xA7, 0x9A,
    0xA3, 0x71, 0xE0, 0x50, 0xC4, 0x61, 0x8B, 0x83, 0x4E, 0x94, 0x8F, 0x9C, 0x50, 0xB5, 0xD1, 0xCD,
    0xD2, 0xD5, 0xF2, 0xD5, 0xF2, 0xD5, 0xD2, 0xD5, 0xF2, 0xD5, 0xF3, 0xD5, 0x13, 0xD6, 0xF3, 0xDD,
    0x4C, 0xC4, 0xC6, 0xAA, 0x29, 0xC3, 0xE8, 0xB2, 0xA8, 0x9A, 0xC8, 0x9A, 0x87, 0x9A, 0x62, 0x71,
    0xC0, 0x58, 0xA0, 0x58, 0x02, 0x69, 0x46, 0x8A, 0xA8, 0x92, 0xA8, 0x8A, 0x67, 0x82, 0x83, 0x61,
    0xA0, 0x48, 0xE1, 0x58, 0xA4, 0x71, 0x67, 0x82, 0x87, 0x82, 0x87, 0x82, 0xA8, 0x82, 0x88, 0x8A,
    0x67, 0x82, 0x26, 0x7A, 0x05, 0x7A, 0xA3, 0x61, 0x42, 0x62, 0x44, 0x7B, 0x24, 0x73, 0x03, 0x6B,
    0x83, 0x6A, 0x02, 0x5A, 0x02, 0x52, 0x21, 0x31, 0x00, 0x31, 0xA5, 0x82, 0x44, 0x7A, 0x83, 0x51,
    0x02, 0x31, 0xA0, 0x18, 0xE2, 0x39, 0x43, 0x42, 0xC2, 0x31, 0xA2, 0x29, 0xC2, 0x31, 0x26, 0x5B,
    0x66, 0x63, 0x26, 0x53, 0x67, 0x53, 0x67, 0x53, 0xE5, 0x3A, 0x64, 0x22, 0x44, 0x1A, 0x44, 0x1A,
    0x44, 0x1A, 0x24, 0x1A, 0x44, 0x22, 0x24, 0x22, 0x45, 0x22, 0x45, 0x22, 0x65, 0x22, 0x45, 0x22,
    0x6B, 0x5B, 0x24, 0x32, 0xA2, 0x19, 0x62, 0x11, 0x64, 0x3A, 0xA4, 0x42, 0x01, 0x2A, 0xE1, 0x21,
    0xE1, 0x21, 0x22, 0x2A, 0x42, 0x2A, 0x42, 0x2A, 0x42, 0x32, 0x82, 0x3A, 0x03, 0x4B, 0xC3, 0x4A,
    0xE2, 0x41, 0x42, 0x39, 0x01, 0x31, 0x22, 0x39, 0x62, 0x41, 0x42, 0x29, 0x01, 0x11, 0x42, 0x11,
    0x43, 0x11, 0x63, 0x11, 0x83, 0x19, 0xA3, 0x19, 0xC3, 0x11, 0x24, 0x22, 0xA5, 0x3A, 0xE4, 0x4A,
    0xA3, 0x42, 0xE4, 0x4A, 0x04, 0x53, 0xE4, 0x4A, 0xE4, 0x4A, 0x25, 0x53, 0x66, 0x5B, 0xA5, 0x42,
    0x41, 0x11, 0xA3, 0x19, 0x04, 0x22, 0x04, 0x22, 0x04, 0x22, 0x04, 0x22, 0x04, 0x22, 0x04, 0x22,
    0x04, 0x22, 0x24, 0x22, 0x45, 0x2A, 0x86, 0x32, 0x04, 0x22, 0x82, 0x11, 0xA3, 0x19, 0x04, 0x22,
    0x66, 0x32, 0x87, 0x4A, 0x67, 0x5A, 0x25, 0x5A, 0xA3, 0x49, 0xC2, 0x41, 0x43, 0x4A, 0x83, 0x52,
    0xE4, 0x5A, 0x05, 0x53, 0x26, 0x53, 0x46, 0x4B, 0x09, 0x6C, 0x2A, 0x74, 0xA7, 0x53, 0xE4, 0x3A,
    0x05, 0x3B, 0xE5, 0x32, 0xC5, 0x32, 0xC4, 0x2A, 0xA5, 0x2A, 0x85, 0x22, 0x65, 0x22, 0x86, 0x22,
    0x29, 0x43, 0xAB, 0x5B, 0x2D, 0x74, 0x72, 0xA5, 0xF8, 0xDE, 0x3A, 0xE7, 0x39, 0xE7, 0x19, 0xE7,
    0x3A, 0xE7, 0x3A, 0xE7, 0x3A, 0xE7, 0x3A, 0xE7, 0x3A, 0xEF, 0xB7, 0xD6, 0xEE, 0x94, 0x4C, 0x7C,
    0x55, 0xC6, 0x5A, 0xEF, 0x1A, 0xE7, 0x3A, 0xE7, 0x1A, 0xE7, 0x3A, 0xEF, 0x97, 0xE6, 0xF1, 0xC4,
    0x6F, 0xBC, 0xEE, 0xA3, 0xCD, 0xA3, 0xCD, 0xA3, 0x8C, 0xA3, 0x8D, 0xAB, 0x8D, 0xAB, 0x8D, 0xAB,
    0x8D, 0xAB, 0x8D, 0xAB, 0x6C, 0xAB, 0x2B, 0xAB, 0xEA, 0xA2, 0xEA, 0xA2, 0xA9, 0x92, 0xAA, 0x92,
    0xA9, 0x9A, 0xA9, 0x9A, 0x68, 0xA2, 0x88, 0x9A, 0x4B, 0xAB, 0xD0, 0xCC, 0x36, 0xE6, 0x19, 0xF7,
    0xF9, 0xEE, 0xB4, 0xD5, 0x2E, 0xB4, 0x2A, 0x9B, 0x0A, 0xA3, 0x2B, 0xAB, 0x4A, 0xA3, 0x2A, 0xA3,
    0x2A, 0xA3, 0x4A, 0xA3, 0x29, 0xA3, 0x29, 0xA3, 0x09, 0xA3, 0x4A, 0xA3, 0x4A, 0xAB, 0x2A, 0xA3,
    0x09, 0xA3, 0x29, 0xA3, 0x49, 0xA3, 0x29, 0xA3, 0x4A, 0xA3, 0x49, 0xA3, 0x29, 0x9B, 0x29, 0xA3,
    0x29, 0x9B, 0x29, 0x9B, 0x29, 0x9B, 0x29, 0x9B, 0x29, 0x9B, 0x49, 0xA3, 0x29, 0x9B, 0x6A, 0xA3,
    0x49, 0xA3, 0x49, 0xA3, 0x49, 0xA3, 0x6A, 0xA3, 0x6A, 0xAB, 0x8A, 0xAB, 0x6A, 0xAB, 0x49, 0xA3,
    0x49, 0xAB, 0x6A, 0xAB, 0x6A, 0xAB, 0x6A, 0xAB, 0x6A, 0xAB, 0x6A, 0xAB, 0x49, 0xAB, 0x49, 0xAB,
    0x49, 0xAB, 0x49, 0xAB, 0x29, 0xAB, 0x49, 0xAB, 0x8A, 0xB3, 0x8A, 0xB3, 0x6A, 0xB3, 0x6A, 0xB3,
    0x6A, 0xB3, 0x6A, 0xB3, 0x6B, 0xBB, 0x6B, 0xBB, 0x0A, 0xAB, 0x2E, 0xBC, 0x15, 0xE6, 0xF9, 0xEE,
    0xD8, 0xE6, 0x98, 0xE6, 0xB8, 0xE6, 0xF5, 0xD5, 0x2F, 0xAC, 0x4C, 0xA3, 0x6D, 0xB3, 0xAD, 0xBB,
    0xAD, 0xBB, 0x0E, 0xCC, 0x2E, 0xCC, 0x4F, 0xCC, 0x8F, 0xCC, 0x6F, 0xCC, 0x8F, 0xCC, 0x6F, 0xCC,
    0x6F, 0xCC, 0xB0, 0xCC, 0xB0, 0xCC, 0xB0, 0xCC, 0x90, 0xCC, 0x8F, 0xCC, 0x90, 0xC4, 0x6F, 0xC4,
    0x6F, 0xC4, 0x4F, 0xC4, 0x4F, 0xBC, 0x90, 0xC4, 0x8F, 0xBC, 0x6E, 0xAC, 0xC7, 0x5A, 0x24, 0x3A,
    0x05, 0x32, 0xAD, 0x6B, 0x53, 0x9D, 0x34, 0x9D, 0x33, 0x9D, 0x33, 0x9D, 0x70, 0x7C, 0x29, 0x5B,
    0xEA, 0x83, 0x88, 0x7B, 0x25, 0x6B, 0x87, 0x6B, 0x05, 0x4B, 0x06, 0x63, 0x06, 0x8B, 0x03, 0x72,
    0x00, 0x49, 0x82, 0x59, 0x6A, 0x83, 0x4E, 0x94, 0x8F, 0x9C, 0xF0, 0xAC, 0x50, 0xBD, 0xAD, 0xB4,
    0x0B, 0xAC, 0x2C, 0xAC, 0x4C, 0xB4, 0x4C, 0xB4, 0x8D, 0xB4, 0x91, 0xCD, 0x13, 0xD6, 0x13, 0xD6,
    0x71, 0xD5, 0x69, 0xB3, 0xE7, 0xB2, 0x49, 0xC3, 0x09, 0xAB, 0xE8, 0xA2, 0xC8, 0xA2, 0x46, 0x92,
    0x21, 0x69, 0xC1, 0x58, 0xC1, 0x58, 0xA4, 0x71, 0x67, 0x8A, 0x67, 0x82, 0x67, 0x82, 0xE5, 0x71,
    0xC1, 0x50, 0x80, 0x50, 0xE2, 0x58, 0xE5, 0x79, 0x26, 0x7A, 0x05, 0x72, 0x05, 0x72, 0x06, 0x72,
    0x05, 0x7A, 0x05, 0x7A, 0xE5, 0x71, 0xC4, 0x61, 0x41, 0x41, 0xE2, 0x49, 0xA4, 0x5A, 0x63, 0x52,
    0x43, 0x52, 0xE2, 0x49, 0xE3, 0x59, 0x83, 0x51, 0x81, 0x51, 0xA5, 0x8A, 0x24, 0x72, 0x82, 0x49,
    0x22, 0x39, 0xC0, 0x20, 0x41, 0x29, 0xC2, 0x39, 0xA2, 0x31, 0x81, 0x31, 0x81, 0x29, 0x84, 0x4A,
    0x46, 0x63, 0x05, 0x4B, 0x05, 0x4B, 0x47, 0x4B, 0xA5, 0x32, 0x03, 0x1A, 0x04, 0x1A, 0x04, 0x1A,
    0x24, 0x22, 0x04, 0x22, 0x24, 0x22, 0x24, 0x22, 0x44, 0x2A, 0x64, 0x2A, 0x24, 0x2A, 0x8A, 0x5B,
    0xCD, 0x6B, 0x86, 0x42, 0x82, 0x19, 0x21, 0x09, 0x41, 0x11, 0xC3, 0x29, 0xE2, 0x29, 0xE1, 0x21,
    0xC0, 0x19, 0xE1, 0x21, 0x22, 0x2A, 0x22, 0x2A, 0x42, 0x32, 0x83, 0x3A, 0xC4, 0x42, 0x64, 0x3A,
    0xA2, 0x39, 0x62, 0x41, 0x83, 0x49, 0x62, 0x49, 0x42, 0x41, 0x02, 0x29, 0xC1, 0x08, 0x23, 0x09,
    0x63, 0x11, 0x63, 0x11, 0x83, 0x11, 0xC4, 0x19, 0xE3, 0x19, 0x03, 0x2A, 0x42, 0x32, 0x21, 0x32,
    0x01, 0x2A, 0x62, 0x32, 0xC3, 0x42, 0xC3, 0x4A, 0xC3, 0x4A, 0x04, 0x4B, 0xA4, 0x42, 0x81, 0x21,
    0x21, 0x11, 0xA3, 0x19, 0xE3, 0x19, 0xE3, 0x21, 0x03, 0x22, 0x03, 0x22, 0x03, 0x22, 0xE3, 0x21,
    0x03, 0x22, 0x04, 0x22, 0x24, 0x2A, 0x65, 0x2A, 0x86, 0x32, 0xC3, 0x21, 0x83, 0x19, 0xC4, 0x19,
    0x45, 0x2A, 0x46, 0x42, 0x46, 0x5A, 0xA3, 0x51, 0xC2, 0x41, 0x63, 0x4A, 0xE4, 0x42, 0xE4, 0x42,
    0xE4, 0x4A, 0xE5, 0x4A, 0x25, 0x4B, 0x45, 0x4B, 0x66, 0x53, 0xE9, 0x63, 0x0A, 0x6C, 0x0A, 0x64,
    0x0B, 0x64, 0xEA, 0x5B, 0xCA, 0x5B, 0xA9, 0x53, 0x8A, 0x53, 0x6A, 0x53, 0x8A, 0x53, 0xEB, 0x63,
    0x0C, 0x6C, 0xCB, 0x5B, 0xE8, 0x3A, 0x4A, 0x4B, 0x8F, 0x84, 0x15, 0xBE, 0xF8, 0xDE, 0x39, 0xE7,
    0x39, 0xE7, 0x39, 0xE7, 0x1A, 0xEF, 0x1A, 0xEF, 0x39, 0xEF, 0x14, 0xBE, 0x8D, 0x84, 0x2B, 0x74,
    0x92, 0xAD, 0x3A, 0xEF, 0x3A, 0xEF, 0x1A, 0xEF, 0x19, 0xEF, 0x1A, 0xE7, 0x1A, 0xEF, 0xB4, 0xD5,
    0x4E, 0xB4, 0xED, 0xAB, 0xCD, 0xA3, 0xAC, 0xA3, 0x6C, 0xA3, 0x6C, 0xA3, 0x8D, 0xAB, 0x6C, 0xA3,
    0x8D, 0xAB, 0x8D, 0xAB, 0x4C, 0xA3, 0x4B, 0xAB, 0x2B, 0xA3, 0xEA, 0x9A, 0xCA, 0x9A, 0xCA, 0x92,
    0xA9, 0x92, 0x89, 0x92, 0x68, 0x92, 0x48, 0x9A, 0x47, 0xA2, 0x48, 0xA2, 0x8B, 0xB3, 0xD4, 0xE5,
    0xD8, 0xF6, 0x19, 0xEF, 0xD8, 0xF6, 0xD0, 0xD4, 0xC9, 0x9A, 0xEA, 0x9A, 0x0A, 0x9B, 0x0A, 0xA3,
    0x0A, 0xA3, 0x2A, 0xA3, 0x2A, 0xAB, 0x09, 0xA3, 0x09, 0xA3, 0x2A, 0xAB, 0x2A, 0xA3, 0x2A, 0xA3,
    0x4A, 0xA3, 0x29, 0xA3, 0x49, 0xA3, 0x49, 0xA3, 0x29, 0xA3, 0x49, 0xA3, 0x49, 0xA3, 0x29, 0xA3,
    0x49, 0xA3, 0x49, 0xA3, 0x49, 0xA3, 0x49, 0xA3, 0x49, 0xA3, 0x49, 0xA3, 0x69, 0xAB, 0x8A, 0xAB,
    0x49, 0xA3, 0x49, 0xA3, 0x29, 0xA3, 0x49, 0xA3, 0x6A, 0xAB, 0x49, 0xA3, 0x49, 0xA3, 0x49, 0xAB,
    0x6A, 0xAB, 0x49, 0xAB, 0x49, 0xAB, 0x49, 0xAB, 0x49, 0xAB, 0x49, 0xAB, 0x49, 0xAB, 0x49, 0xAB,
    0x49, 0xAB, 0x49, 0xAB, 0x49, 0xAB, 0x69, 0xB3, 0x6A, 0xB3, 0x6A, 0xB3, 0x6A, 0xB3, 0x4A, 0xB3,
    0x6B, 0xBB, 0x2B, 0xB3, 0xEA, 0xAA, 0x68, 0x9A, 0x48, 0x92, 0x70, 0xBC, 0xF9, 0xF6, 0xB8, 0xDE,
    0xB8, 0xE6, 0x37, 0xE6, 0xF1, 0xC4, 0x6C, 0xA3, 0x0B, 0xA3, 0x8C, 0xBB, 0x8C, 0xBB, 0xED, 0xCB,
    0xAD, 0xC3, 0x0E, 0xC4, 0x4F, 0xCC, 0x4F, 0xCC, 0x6F, 0xCC, 0x4F, 0xCC, 0x6F, 0xCC, 0x6F, 0xCC,
    0x8F, 0xCC, 0x8F, 0xCC, 0xB0, 0xCC, 0xB0, 0xCC, 0x6F, 0xCC, 0x6F, 0xC4, 0x90, 0xCC, 0x6F, 0xC4,
    0x4E, 0xC4, 0x4F, 0xC4, 0x4F, 0xBC, 0x4F, 0xBC, 0x90, 0xB4, 0x8B, 0x83, 0x45, 0x42, 0x45, 0x3A,
    0xC4, 0x29, 0xC9, 0x4A, 0xF2, 0x94, 0x13, 0x9D, 0x13, 0x95, 0x12, 0x95, 0xCD, 0x6B, 0xA8, 0x4A,
    0xCA, 0x83, 0x47, 0x7B, 0x25, 0x6B, 0xE8, 0x73, 0x86, 0x5B, 0xC7, 0x6B, 0xC7, 0x7B, 0xE4, 0x6A,
    0x02, 0x4A, 0x08, 0x73, 0x4E, 0x94, 0x8F, 0x94, 0xAF, 0xA4, 0x31, 0xB5, 0x70, 0xC5, 0x28, 0x8B,
    0x62, 0x61, 0x04, 0x72, 0xE4, 0x71, 0x04, 0x72, 0x65, 0x7A, 0x8D, 0xB4, 0xD2, 0xD5, 0xF3, 0xD5,
    0xF2, 0xD5, 0x0F, 0xCD, 0x48, 0xB3, 0xC7, 0xAA, 0xC7, 0xA2, 0x65, 0x92, 0x04, 0x82, 0xC3, 0x71,
    0x21, 0x61, 0xE0, 0x50, 0xC0, 0x48, 0xC0, 0x48, 0x21, 0x59, 0x42, 0x59, 0x62, 0x61, 0x42, 0x59,
    0xA0, 0x48, 0x80, 0x40, 0x80, 0x40, 0x01, 0x51, 0x42, 0x51, 0x41, 0x51, 0xE0, 0x40, 0xE1, 0x48,
    0x22, 0x51, 0x22, 0x51, 0x02, 0x49, 0xC1, 0x38, 0x80, 0x20, 0xA0, 0x18, 0x42, 0x21, 0x83, 0x29,
    0xE4, 0x39, 0xE4, 0x39, 0x25, 0x5A, 0x24, 0x6A, 0x44, 0x82, 0xA5, 0x8A, 0xE3, 0x69, 0x62, 0x49,
    0x22, 0x41, 0x01, 0x39, 0x42, 0x41, 0xC3, 0x49, 0x82, 0x41, 0x20, 0x29, 0x61, 0x21, 0xE2, 0x31,
    0xC5, 0x4A, 0xE5, 0x4A, 0xA4, 0x42, 0x06, 0x4B, 0xA5, 0x3A, 0xE3, 0x19, 0xA3, 0x19, 0xC3, 0x19,
    0xE3, 0x21, 0x04, 0x22, 0x04, 0x22, 0x04, 0x22, 0x44, 0x2A, 0x03, 0x22, 0x85, 0x42, 0xF4, 0xBD,
    0xCE, 0x6B, 0x0A, 0x53, 0x83, 0x21, 0x22, 0x11, 0x02, 0x11, 0x42, 0x11, 0x82, 0x19, 0xC1, 0x21,
    0xC1, 0x21, 0xE1, 0x21, 0xC1, 0x21, 0xC0, 0x21, 0x01, 0x32, 0x22, 0x32, 0xE1, 0x21, 0x86, 0x32,
    0xA7, 0x42, 0x42, 0x29, 0x21, 0x39, 0x42, 0x41, 0x42, 0x39, 0xA4, 0x31, 0x47, 0x2A, 0xE5, 0x21,
    0x42, 0x11, 0x62, 0x19, 0x62, 0x19, 0xA3, 0x19, 0x24, 0x22, 0x65, 0x32, 0x22, 0x32, 0xE1, 0x29,
    0xE1, 0x29, 0x42, 0x32, 0x82, 0x42, 0xA2, 0x42, 0xC3, 0x42, 0x43, 0x3A, 0x41, 0x19, 0x01, 0x11,
    0x62, 0x11, 0xA3, 0x19, 0xE4, 0x21, 0xE3, 0x21, 0xE3, 0x21, 0xE3, 0x21, 0xE3, 0x21, 0xE3, 0x21,
    0xE3, 0x21, 0x03, 0x22, 0x03, 0x22, 0x23, 0x22, 0x44, 0x2A, 0x25, 0x2A, 0xA3, 0x19, 0xA3, 0x11,
    0xE4, 0x21, 0x04, 0x3A, 0xC3, 0x49, 0xC2, 0x49, 0x64, 0x4A, 0xA4, 0x42, 0xC4, 0x3A, 0xE5, 0x42,
    0xE5, 0x4A, 0xE5, 0x4A, 0x04, 0x4B, 0x24, 0x4B, 0x46, 0x4B, 0x67, 0x53, 0xC9, 0x63, 0x2B, 0x6C,
    0x2B, 0x6C, 0xEA, 0x63, 0xAA, 0x5B, 0xAA, 0x53, 0x49, 0x53, 0x29, 0x4B, 0x6A, 0x53, 0x8A, 0x5B,
    0xAB, 0x5B, 0x49, 0x53, 0xE8, 0x3A, 0x6A, 0x4B, 0x6A, 0x53, 0xCB, 0x63, 0xAE, 0x8C, 0xB3, 0xAD,
    0x56, 0xCE, 0xB7, 0xDE, 0xF9, 0xE6, 0x3A, 0xEF, 0x19, 0xE7, 0x71, 0xA5, 0x6C, 0x7C, 0x2B, 0x6C,
    0xCF, 0x8C, 0xF8, 0xDE, 0x3A, 0xEF, 0x3A, 0xEF, 0x3A, 0xEF, 0x1A, 0xE7, 0x3A, 0xEF, 0xB7, 0xE6,
    0xD0, 0xBC, 0xCD, 0xA3, 0xAC, 0xA3, 0xCD, 0xA3, 0x8C, 0xA3, 0x6C, 0xA3, 0xAD, 0xAB, 0x6C, 0xA3,
    0x8C, 0xAB, 0x4C, 0xA3, 0x4C, 0xAB, 0x2B, 0xA3, 0x2B, 0xA3, 0xEB, 0x9A, 0xCA, 0x9A, 0xCA, 0x9A,
    0xAA, 0x92, 0x89, 0x92, 0x68, 0x92, 0x47, 0x92, 0x07, 0x9A, 0x07, 0xA2, 0x47, 0xAA, 0xE9, 0xB2,
    0xB0, 0xD4, 0x77, 0xF6, 0xB7, 0xF6, 0x11, 0xDD, 0x2A, 0xAB, 0x68, 0x8A, 0x68, 0x8A, 0x88, 0x8A,
    0xA9, 0x92, 0xEA, 0x9A, 0x0A, 0xA3, 0x0A, 0xA3, 0x29, 0xA3, 0x2A, 0xA3, 0x29, 0xA3, 0x29, 0xA3,
    0x29, 0xA3, 0x29, 0xA3, 0x29, 0xA3, 0x29, 0xA3, 0x49, 0xAB, 0x49, 0xAB, 0x49, 0xA3, 0x29, 0xA3,
    0x49, 0xA3, 0x49, 0xA3, 0x69, 0xAB, 0x49, 0xA3, 0x49, 0xA3, 0x49, 0xA3, 0x29, 0xA3, 0x49, 0xA3,
    0x69, 0xAB, 0x69, 0xAB, 0x49, 0xA3, 0x69, 0xAB, 0x69, 0xAB, 0x49, 0xAB, 0x49, 0xAB, 0x49, 0xAB,
    0x29, 0xAB, 0x49, 0xAB, 0x49, 0xAB, 0x69, 0xAB, 0x49, 0xAB, 0x49, 0xAB, 0x49, 0xAB, 0x49, 0xAB,
    0x49, 0xAB, 0x29, 0xAB, 0x49, 0xB3, 0x4A, 0xB3, 0x4A, 0xB3, 0x2A, 0xB3, 0x2A, 0xB3, 0xE9, 0xAA,
    0x68, 0x9A, 0x07, 0x8A, 0x07, 0x8A, 0x28, 0x92, 0xAA, 0x9A, 0xEB, 0x9A, 0x74, 0xD5, 0xB9, 0xEE,
    0xB5, 0xD5, 0xAD, 0xA3, 0xCA, 0x9A, 0x2B, 0xAB, 0x6C, 0xBB, 0x8C, 0xBB, 0x6B, 0xBB, 0xCD, 0xC3,
    0x0E, 0xCC, 0x0E, 0xCC, 0x4F, 0xCC, 0x6F, 0xCC, 0x4F, 0xCC, 0x0E, 0xC4, 0x6F, 0xCC, 0x8F, 0xCC,
    0x6F, 0xCC, 0x8F, 0xCC, 0x6F, 0xCC, 0x6F, 0xCC, 0x4F, 0xC4, 0x6F, 0xC4, 0x6F, 0xC4, 0x6F, 0xC4,
    0x4E, 0xBC, 0x2E, 0xBC, 0x4E, 0xB4, 0x2E, 0xB4, 0x4F, 0xAC, 0xA7, 0x5A, 0x65, 0x3A, 0x45, 0x3A,
    0xE4, 0x31, 0x67, 0x3A, 0x70, 0x84, 0x13, 0x9D, 0xF2, 0x9C, 0xD1, 0x8C, 0x4B, 0x53, 0x46, 0x3A,
    0x89, 0x73, 0x26, 0x6B, 0xA7, 0x73, 0x49, 0x7C, 0xA7, 0x63, 0x48, 0x74, 0x68, 0x7C, 0x07, 0x74,
    0x45, 0x63, 0xEA, 0x7B, 0x8F, 0x94, 0xAF, 0x9C, 0x10, 0xAD, 0x71, 0xBD, 0x70, 0xCD, 0x28, 0x8B,
    0xA3, 0x69, 0x66, 0x8A, 0x45, 0x8A, 0x45, 0x8A, 0x86, 0x8A, 0x2C, 0xAC, 0xB2, 0xD5, 0x13, 0xD6,
    0xF3, 0xCD, 0xD2, 0xD5, 0x4C, 0xBC, 0x03, 0x82, 0xA2, 0x71, 0xA2, 0x69, 0xA2, 0x61, 0xC2, 0x61,
    0xC2, 0x59, 0xE2, 0x59, 0xC3, 0x59, 0xC2, 0x59, 0xE2, 0x59, 0xE3, 0x59, 0xC2, 0x59, 0xA2, 0x51,
    0xC3, 0x59, 0xE3, 0x59, 0xC3, 0x51, 0xC3, 0x51, 0xC3, 0x51, 0xC3, 0x51, 0xC3, 0x49, 0xA3, 0x49,
    0x42, 0x41, 0xA0, 0x28, 0xA0, 0x28, 0x60, 0x18, 0x40, 0x08, 0x40, 0x08, 0x61, 0x08, 0x64, 0x21,
    0x47, 0x3A, 0x68, 0x42, 0x87, 0x4A, 0x44, 0x5A, 0x84, 0x82, 0x84, 0x8A, 0xE3, 0x69, 0x83, 0x51,
    0x63, 0x51, 0x84, 0x51, 0xC4, 0x51, 0x62, 0x41, 0xE1, 0x28, 0xA0, 0x18, 0xC0, 0x10, 0x82, 0x21,
    0x24, 0x3A, 0x64, 0x3A, 0xA4, 0x42, 0x84, 0x3A, 0x44, 0x2A, 0xE3, 0x21, 0xA2, 0x19, 0xA2, 0x19,
    0xE3, 0x21, 0x03, 0x22, 0xE3, 0x21, 0xE3, 0x21, 0xE2, 0x21, 0x24, 0x32, 0x51, 0xA5, 0xF8, 0xE6,
    0x6D, 0x53, 0x0B, 0x53, 0xA3, 0x21, 0xE0, 0x08, 0x01, 0x11, 0x22, 0x11, 0x01, 0x11, 0x21, 0x19,
    0x81, 0x29, 0xA2, 0x29, 0xA1, 0x29, 0x61, 0x21, 0x81, 0x21, 0x61, 0x19, 0x62, 0x11, 0x66, 0x2A,
    0xC8, 0x32, 0xC5, 0x29, 0xE1, 0x20, 0x00, 0x39, 0x62, 0x41, 0xA8, 0x52, 0xAC, 0x53, 0xA8, 0x3A,
    0xE1, 0x18, 0xE1, 0x20, 0x01, 0x21, 0xA4, 0x29, 0xE8, 0x42, 0x86, 0x3A, 0x23, 0x32, 0x23, 0x3A,
    0x02, 0x2A, 0xE2, 0x29, 0xE2, 0x29, 0xC1, 0x29, 0xC1, 0x21, 0x41, 0x19, 0x01, 0x11, 0x42, 0x11,
    0xA3, 0x19, 0xC3, 0x19, 0xE3, 0x19, 0xE3, 0x19, 0xE3, 0x21, 0xE3, 0x21, 0xE3, 0x21, 0xE3, 0x21,
    0xE4, 0x21, 0xE3, 0x21, 0xC3, 0x21, 0xE3, 0x29, 0x44, 0x2A, 0x45, 0x2A, 0xE4, 0x21, 0x83, 0x19,
    0xE4, 0x21, 0xE4, 0x41, 0xA3, 0x51, 0x23, 0x4A, 0x84, 0x42, 0xC5, 0x42, 0xC5, 0x3A, 0xE5, 0x42,
    0xE5, 0x42, 0xE4, 0x42, 0xE4, 0x42, 0x04, 0x4B, 0x26, 0x4B, 0x47, 0x4B, 0x67, 0x53, 0x89, 0x5B,
    0x48, 0x53, 0x07, 0x43, 0xC7, 0x3A, 0xE7, 0x3A, 0x86, 0x32, 0x45, 0x2A, 0x66, 0x32, 0xC8, 0x3A,
    0x09, 0x43, 0x09, 0x53, 0x2A, 0x5B, 0x6B, 0x5B, 0xAB, 0x5B, 0xAB, 0x5B, 0xAB, 0x5B, 0xAB, 0x63,
    0x0C, 0x6C, 0x6E, 0x7C, 0xF0, 0x94, 0xD3, 0xAD, 0xD3, 0xAD, 0x8D, 0x7C, 0x6D, 0x74, 0x4C, 0x6C,
    0x2C, 0x74, 0x55, 0xC6, 0x39, 0xE7, 0x39, 0xE7, 0x3A, 0xEF, 0x3A, 0xEF, 0x3A, 0xE7, 0x3A, 0xEF,
    0xB4, 0xD5, 0xED, 0xAB, 0xAD, 0xA3, 0xAD, 0xA3, 0x8D, 0xA3, 0x8C, 0xA3, 0xAD, 0xA3, 0x8C, 0xA3,
    0x6C, 0xAB, 0x4C, 0xA3, 0x2C, 0xA3, 0x4C, 0xAB, 0x2C, 0xA3, 0x0B, 0xA3, 0xEB, 0x9A, 0xAA, 0x92,
    0xAA, 0x92, 0x89, 0x8A, 0x68, 0x8A, 0x27, 0x8A, 0x27, 0x92, 0x27, 0x9A, 0x26, 0xA2, 0x26, 0xAA,
    0x87, 0xAA, 0xAC, 0xC3, 0x52, 0xE5, 0x10, 0xE5, 0xCC, 0xBB, 0xA9, 0x92, 0x49, 0x8A, 0x69, 0x82,
    0x48, 0x82, 0x48, 0x82, 0x48, 0x82, 0xA9, 0x92, 0xE9, 0x92, 0xE9, 0x9A, 0x0A, 0xA3, 0x2A, 0xA3,
    0x2A, 0xA3, 0x09, 0xA3, 0x09, 0xA3, 0x09, 0xA3, 0x49, 0xAB, 0x49, 0xAB, 0x49, 0xAB, 0x49, 0xAB,
    0x49, 0xAB, 0x49, 0xAB, 0x49, 0xA3, 0x69, 0xAB, 0x49, 0xA3, 0x49, 0xAB, 0x49, 0xA3, 0x69, 0xAB,
    0x69, 0xAB, 0x49, 0xAB, 0x48, 0xAB, 0x69, 0xAB, 0x48, 0xAB, 0x48, 0xAB, 0x48, 0xAB, 0x69, 0xAB,
    0x49, 0xAB, 0x28, 0xAB, 0x49, 0xAB, 0x49, 0xAB, 0x29, 0xAB, 0x49, 0xB3, 0x4A, 0xB3, 0x4A, 0xB3,
    0x49, 0xAB, 0x2A, 0xAB, 0x09, 0xA3, 0xA8, 0x9A, 0x47, 0x92, 0x07, 0x8A, 0xE6, 0x89, 0x07, 0x8A,
    0x07, 0x92, 0x48, 0x9A, 0xA9, 0x9A, 0x0B, 0xAB, 0x2B, 0xAB, 0x2B, 0xA3, 0xAD, 0xAB, 0xEE, 0xB3,
    0xEA, 0x9A, 0xCA, 0xA2, 0x0A, 0xAB, 0x6C, 0xB3, 0x8C, 0xBB, 0xAC, 0xBB, 0xCD, 0xC3, 0xAD, 0xC3,
    0x0E, 0xCC, 0x0E, 0xCC, 0x4F, 0xCC, 0x4F, 0xCC, 0x6F, 0xCC, 0x6F, 0xCC, 0x6F, 0xCC, 0x6F, 0xC4,
    0x6F, 0xCC, 0x6F, 0xC4, 0x4F, 0xC4, 0x6F, 0xCC, 0x2F, 0xC4, 0x0E, 0xBC, 0x4F, 0xC4, 0x4E, 0xBC,
    0x4F, 0xBC, 0x4E, 0xBC, 0x4E, 0xB4, 0x6F, 0xB4, 0x8B, 0x8B, 0x04, 0x42, 0x65, 0x42, 0x25, 0x3A,
    0x04, 0x32, 0x05, 0x32, 0xED, 0x73, 0x13, 0xA5, 0xF2, 0x9C, 0x90, 0x84, 0x09, 0x4B, 0xC7, 0x4A,
    0xCA, 0x73, 0xC8, 0x73, 0x29, 0x7C, 0x08, 0x74, 0x86, 0x5B, 0x27, 0x6C, 0x47, 0x74, 0x06, 0x6C,
    0x24, 0x5B, 0x0A, 0x84, 0xCF, 0x9C, 0xF0, 0xA4, 0x51, 0xBD, 0x91, 0xC5, 0x71, 0xCD, 0x69, 0x93,
    0xE4, 0x71, 0x66, 0x8A, 0x66, 0x8A, 0x66, 0x92, 0x86, 0x92, 0x0C, 0xAC, 0xB2, 0xD5, 0x13, 0xD6,
    0xF3, 0xD5, 0xF3, 0xD5, 0x0F, 0xBD, 0x26, 0x83, 0xC5, 0x72, 0xE6, 0x72, 0xE6, 0x72, 0xE6, 0x72,
    0xE6, 0x72, 0xC6, 0x6A, 0xC6, 0x6A, 0xC7, 0x6A, 0xE7, 0x72, 0x07, 0x73, 0xE7, 0x72, 0xE7, 0x72,
    0xC7, 0x72, 0xC7, 0x6A, 0xC7, 0x6A, 0xA7, 0x6A, 0xA6, 0x62, 0x86, 0x62, 0x86, 0x5A, 0x86, 0x5A,
    0xA4, 0x39, 0x60, 0x10, 0x81, 0x18, 0x81, 0x10, 0x40, 0x00, 0x81, 0x08, 0x23, 0x19, 0xC6, 0x29,
    0x27, 0x3A, 0x07, 0x32, 0x06, 0x32, 0x04, 0x42, 0xA5, 0x7A, 0xA4, 0x8A, 0xE3, 0x69, 0x83, 0x51,
    0x83, 0x51, 0x83, 0x49, 0x61, 0x39, 0x21, 0x29, 0xC0, 0x10, 0xA0, 0x10, 0xC0, 0x10, 0xA4, 0x21,
    0xE4, 0x21, 0xC3, 0x21, 0x45, 0x32, 0x64, 0x3A, 0xE2, 0x21, 0xC2, 0x19, 0xA2, 0x19, 0xA2, 0x21,
    0xE3, 0x29, 0xA2, 0x21, 0xE3, 0x29, 0xC6, 0x4A, 0xEB, 0x73, 0x71, 0xAD, 0xF8, 0xE6, 0x19, 0xE7,
    0xEB, 0x42, 0x88, 0x42, 0x46, 0x3A, 0xE3, 0x29, 0x62, 0x19, 0x01, 0x11, 0xC0, 0x10, 0xC0, 0x20,
    0xE0, 0x20, 0x00, 0x21, 0x21, 0x19, 0x01, 0x19, 0x02, 0x11, 0x64, 0x19, 0xE6, 0x21, 0x47, 0x22,
    0x27, 0x22, 0xE5, 0x21, 0xE1, 0x28, 0xE1, 0x38, 0x62, 0x49, 0x46, 0x4A, 0x0A, 0x43, 0xC8, 0x4A,
    0x42, 0x31, 0xE1, 0x30, 0x22, 0x39, 0xA4, 0x39, 0x06, 0x32, 0x42, 0x11, 0xA2, 0x29, 0xA5, 0x42,
    0xC2, 0x21, 0x21, 0x09, 0x21, 0x11, 0x01, 0x11, 0x00, 0x09, 0x01, 0x09, 0x62, 0x11, 0x62, 0x19,
    0xA2, 0x19, 0xA2, 0x19, 0xC3, 0x19, 0xE3, 0x21, 0xC3, 0x19, 0xE3, 0x19, 0xE3, 0x21, 0xE3, 0x21,
    0xE3, 0x21, 0xE3, 0x21, 0xA3, 0x21, 0xA3, 0x29, 0xE3, 0x31, 0x04, 0x32, 0x04, 0x2A, 0xA3, 0x19,
    0xC4, 0x31, 0xC4, 0x51, 0xC3, 0x51, 0x23, 0x3A, 0x64, 0x32, 0xA5, 0x3A, 0xC5, 0x3A, 0xE5, 0x42,
    0x05, 0x43, 0x05, 0x43, 0x05, 0x43, 0xE5, 0x42, 0x05, 0x43, 0x06, 0x43, 0x27, 0x4B, 0x68, 0x53,
    0x07, 0x4B, 0xA7, 0x3A, 0xC7, 0x3A, 0xA6, 0x32, 0xA6, 0x32, 0xC7, 0x32, 0xA7, 0x32, 0xE8, 0x3A,
    0xE9, 0x42, 0xC8, 0x52, 0xE9, 0x62, 0x2A, 0x5B, 0x8B, 0x5B, 0xCB, 0x5B, 0xEC, 0x63, 0xCC, 0x63,
    0xAB, 0x5B, 0xAB, 0x5B, 0xAB, 0x5B, 0xAB, 0x5B, 0xCB, 0x5B, 0xCB, 0x5B, 0xEC, 0x5B, 0x2C, 0x5C,
    0xEB, 0x63, 0x31, 0x9D, 0x19, 0xE7, 0x3A, 0xEF, 0x3A, 0xEF, 0x3A, 0xEF, 0x3A, 0xE7, 0x39, 0xEF,
    0xB8, 0xE6, 0xD1, 0xC4, 0xCD, 0xA3, 0x8C, 0x9B, 0xAD, 0xA3, 0xCD, 0xAB, 0xCD, 0xAB, 0x6C, 0xA3,
    0x4C, 0xA3, 0x2C, 0xA3, 0x2C, 0xAB, 0x2C, 0xAB, 0x0B, 0xA3, 0x0B, 0xA3, 0x0B, 0xA3, 0xEB, 0x9A,
    0xCA, 0x92, 0x89, 0x8A, 0x68, 0x8A, 0x28, 0x8A, 0x28, 0x92, 0x07, 0x92, 0x06, 0x92, 0x06, 0x9A,
    0x26, 0xA2, 0x26, 0x9A, 0xED, 0xCB, 0x10, 0xED, 0x2E, 0xCC, 0x0B, 0xA3, 0xAA, 0x92, 0xAA, 0x92,
    0x8A, 0x8A, 0x69, 0x82, 0x28, 0x7A, 0x48, 0x82, 0x28, 0x7A, 0xE7, 0x71, 0x27, 0x7A, 0x27, 0x82,
    0x68, 0x8A, 0x68, 0x8A, 0xA8, 0x92, 0xC8, 0x92, 0xE8, 0x9A, 0xE8, 0x9A, 0x09, 0xA3, 0x29, 0xA3,
    0x49, 0xA3, 0x49, 0xAB, 0x29, 0xA3, 0x49, 0xAB, 0x49, 0xAB, 0x49, 0xAB, 0x49, 0xAB, 0x49, 0xAB,
    0x49, 0xAB, 0x49, 0xAB, 0x49, 0xAB, 0x49, 0xAB, 0x49, 0xAB, 0x48, 0xAB, 0x49, 0xAB, 0x49, 0xAB,
    0x28, 0xAB, 0x29, 0xAB, 0x29, 0xAB, 0x29, 0xAB, 0xE9, 0xA2, 0xC8, 0x9A, 0x88, 0x9A, 0x67, 0x92,
    0x06, 0x82, 0xC5, 0x81, 0xA5, 0x79, 0x85, 0x79, 0xA5, 0x81, 0xC6, 0x89, 0x28, 0x92, 0x69, 0x9A,
    0x89, 0xA2, 0xEA, 0xAA, 0x0B, 0xAB, 0x6C, 0xB3, 0x8D, 0xB3, 0x8C, 0xB3, 0x6D, 0xB3, 0x68, 0x92,
    0x48, 0x92, 0xCA, 0xAA, 0x0A, 0xAB, 0x4B, 0xB3, 0x8C, 0xBB, 0xCD, 0xC3, 0x0E, 0xCC, 0xED, 0xC3,
    0x2E, 0xCC, 0xEE, 0xC3, 0x2E, 0xCC, 0x6F, 0xCC, 0x4F, 0xCC, 0x6F, 0xCC, 0x6F, 0xCC, 0x6F, 0xCC,
    0x4E, 0xC4, 0x6F, 0xCC, 0x6F, 0xC4, 0x2E, 0xC4, 0x2E, 0xC4, 0x2E, 0xC4, 0x0E, 0xBC, 0x4E, 0xBC,
    0x2E, 0xBC, 0x2E, 0xB4, 0x6F, 0xB4, 0x4E, 0xAC, 0x46, 0x5A, 0x04, 0x3A, 0x65, 0x3A, 0x04, 0x32,
    0xE4, 0x29, 0xC3, 0x21, 0x6B, 0x63, 0x12, 0xA5, 0x12, 0xA5, 0xD0, 0x94, 0xEC, 0x73, 0xEA, 0x6B,
    0xC9, 0x6B, 0x87, 0x63, 0x65, 0x63, 0x65, 0x5B, 0x45, 0x5B, 0xE6, 0x63, 0xA5, 0x63, 0x43, 0x5B,
    0xE3, 0x52, 0x4C, 0x94, 0x51, 0xB5, 0x30, 0xB5, 0x71, 0xBD, 0x92, 0xC5, 0x91, 0xCD, 0x8A, 0x93,
    0xE4, 0x71, 0x66, 0x8A, 0x66, 0x8A, 0x66, 0x92, 0xA6, 0x92, 0x2C, 0xB4, 0xD2, 0xD5, 0x13, 0xD6,
    0xF3, 0xD5, 0xF3, 0xD5, 0x50, 0xBD, 0x2A, 0x94, 0xC9, 0x83, 0xA9, 0x83, 0x89, 0x7B, 0x68, 0x7B,
    0xC7, 0x6A, 0x45, 0x62, 0x04, 0x5A, 0x04, 0x5A, 0x25, 0x5A, 0x28, 0x73, 0x8A, 0x83, 0x08, 0x73,
    0x45, 0x62, 0x05, 0x5A, 0x05, 0x5A, 0x25, 0x5A, 0xA7, 0x6A, 0xE8, 0x6A, 0xE7, 0x62, 0xC7, 0x62,
    0xC4, 0x39, 0x60, 0x10, 0xC2, 0x18, 0x81, 0x10, 0x02, 0x19, 0xC5, 0x29, 0x26, 0x3A, 0x27, 0x3A,
    0x47, 0x3A, 0x26, 0x3A, 0xA5, 0x29, 0x84, 0x31, 0xA5, 0x7A, 0xA4, 0x8A, 0xE3, 0x69, 0x62, 0x49,
    0x42, 0x41, 0x21, 0x31, 0x20, 0x21, 0x62, 0x21, 0x62, 0x21, 0xC3, 0x29, 0x24, 0x3A, 0x04, 0x2A,
    0x83, 0x11, 0x43, 0x11, 0x42, 0x11, 0xC3, 0x21, 0xE3, 0x21, 0xA2, 0x29, 0x61, 0x29, 0x41, 0x21,
    0x21, 0x21, 0xAB, 0x73, 0xD3, 0xBD, 0x75, 0xCE, 0xF7, 0xE6, 0x38, 0xEF, 0x18, 0xE7, 0x19, 0xEF,
    0x6A, 0x53, 0xCA, 0x63, 0x2B, 0x74, 0x2A, 0x74, 0xA9, 0x63, 0xA5, 0x3A, 0xA2, 0x29, 0x01, 0x21,
    0xC0, 0x20, 0xE0, 0x20, 0x01, 0x19, 0x63, 0x19, 0xA5, 0x21, 0xE6, 0x21, 0x06, 0x1A, 0xE6, 0x19,
    0xA5, 0x19, 0x64, 0x21, 0xE1, 0x28, 0x01, 0x41, 0x62, 0x51, 0x26, 0x4A, 0x87, 0x32, 0x67, 0x4A,
    0x83, 0x49, 0x42, 0x41, 0x83, 0x49, 0xA5, 0x41, 0x64, 0x21, 0xE2, 0x10, 0x42, 0x19, 0xE3, 0x31,
    0x61, 0x19, 0x21, 0x09, 0x21, 0x11, 0x01, 0x11, 0x01, 0x09, 0x21, 0x11, 0x62, 0x11, 0x62, 0x19,
    0x82, 0x19, 0xA2, 0x19, 0xA3, 0x19, 0xC3, 0x21, 0xC3, 0x19, 0xC2, 0x19, 0xE3, 0x21, 0xE3, 0x21,
    0xE4, 0x21, 0xE4, 0x21, 0xE4, 0x21, 0xC4, 0x21, 0x42, 0x21, 0x62, 0x29, 0xE4, 0x31, 0xE4, 0x29,
    0xC3, 0x41, 0xC3, 0x51, 0xE3, 0x49, 0x23, 0x32, 0x64, 0x32, 0x84, 0x32, 0xA4, 0x32, 0xC5, 0x3A,
    0xC5, 0x3A, 0xE5, 0x42, 0xE5, 0x42, 0xE5, 0x42, 0xC5, 0x42, 0xE5, 0x42, 0xE5, 0x42, 0x48, 0x4B,
    0x49, 0x53, 0xC7, 0x3A, 0xC7, 0x32, 0xC7, 0x32, 0xC7, 0x3A, 0x08, 0x3B, 0xE8, 0x3A, 0xE8, 0x3A,
    0xC8, 0x3A, 0x67, 0x42, 0x68, 0x52, 0xC9, 0x52, 0x4A, 0x53, 0x8B, 0x6B, 0xCC, 0x73, 0xAB, 0x63,
    0xAB, 0x5B, 0xAB, 0x5B, 0x8B, 0x5B, 0x8A, 0x53, 0x4A, 0x4B, 0x4A, 0x43, 0x29, 0x3B, 0x29, 0x3B,
    0x49, 0x43, 0x8E, 0x7C, 0x19, 0xDF, 0x3A, 0xEF, 0x3A, 0xEF, 0x3A, 0xEF, 0x3A, 0xE7, 0x39, 0xEF,
    0x18, 0xEF, 0x93, 0xCD, 0x2E, 0xB4, 0xCD, 0xAB, 0x8C, 0x9B, 0x8C, 0xA3, 0x6C, 0xA3, 0x6C, 0xA3,
    0x6C, 0xAB, 0x2C, 0xA3, 0x2B, 0xA3, 0x2B, 0xAB, 0x0B, 0xA3, 0x0B, 0xA3, 0x0B, 0x9B, 0xEB, 0x9A,
    0xCB, 0x92, 0xCA, 0x92, 0x89, 0x8A, 0x48, 0x8A, 0x48, 0x8A, 0x07, 0x8A, 0x07, 0x92, 0xE6, 0x91,
    0xC6, 0x91, 0xE6, 0x91, 0x8C, 0xBB, 0x6F, 0xD4, 0x2E, 0xCC, 0x6C, 0xAB, 0xEB, 0x9A, 0xCB, 0x92,
    0xCB, 0x92, 0xCB, 0x8A, 0xAA, 0x8A, 0x8A, 0x82, 0x69, 0x82, 0x48, 0x7A, 0xE7, 0x71, 0xA6, 0x69,
    0xA6, 0x69, 0xC6, 0x69, 0xA6, 0x69, 0xA6, 0x69, 0xA5, 0x69, 0xE6, 0x71, 0x06, 0x7A, 0x26, 0x82,
    0x67, 0x82, 0x67, 0x8A, 0x87, 0x8A, 0xA7, 0x92, 0x87, 0x92, 0xA7, 0x92, 0x87, 0x92, 0x87, 0x92,
    0x87, 0x92, 0xA7, 0x92, 0x87, 0x92, 0x87, 0x92, 0x87, 0x92, 0x66, 0x8A, 0x46, 0x8A, 0x46, 0x8A,
    0x26, 0x82, 0x06, 0x82, 0xC5, 0x79, 0xC5, 0x71, 0x84, 0x71, 0x84, 0x71, 0x64, 0x71, 0x44, 0x69,
    0x64, 0x71, 0x85, 0x79, 0xE6, 0x89, 0x48, 0x92, 0x89, 0x9A, 0x89, 0x9A, 0xAA, 0xA2, 0xEA, 0xAA,
    0x0B, 0xAB, 0x2B, 0xB3, 0x6C, 0xB3, 0xAD, 0xBB, 0xEE, 0xC3, 0xCE, 0xBB, 0xCE, 0xC3, 0x2B, 0xB3,
    0x89, 0xA2, 0xC9, 0xAA, 0x0A, 0xB3, 0x6B, 0xBB, 0xAD, 0xC3, 0xCD, 0xC3, 0x0E, 0xC4, 0x0D, 0xC4,
    0x0E, 0xCC, 0x0E, 0xCC, 0x2E, 0xCC, 0x4F, 0xCC, 0x2E, 0xCC, 0x2E, 0xCC, 0x4F, 0xCC, 0x6F, 0xCC,
    0x2E, 0xC4, 0x4F, 0xCC, 0x2E, 0xC4, 0x0E, 0xBC, 0x4F, 0xC4, 0x4E, 0xC4, 0x2E, 0xBC, 0x2E, 0xBC,
    0x0E, 0xB4, 0x2E, 0xB4, 0x6E, 0xB4, 0x6A, 0x8B, 0xE4, 0x51, 0x04, 0x42, 0x45, 0x3A, 0x04, 0x32,
    0xE3, 0x29, 0xA3, 0x21, 0x2A, 0x5B, 0x73, 0xAD, 0x72, 0xA5, 0xAE, 0x8C, 0x2A, 0x74, 0xC7, 0x6B,
    0x45, 0x63, 0xA3, 0x62, 0x24, 0x7B, 0x03, 0x73, 0xC3, 0x62, 0x64, 0x6B, 0x23, 0x63, 0x23, 0x63,
    0xA2, 0x5A, 0x8D, 0xA4, 0xB2, 0xC5, 0x91, 0xBD, 0x91, 0xC5, 0x91, 0xC5, 0x91, 0xCD, 0xAA, 0x9B,
    0xC4, 0x71, 0x66, 0x8A, 0x46, 0x8A, 0x66, 0x8A, 0xA6, 0x8A, 0x4C, 0xB4, 0xD2, 0xD5, 0xF3, 0xD5,
    0xF3, 0xCD, 0xF3, 0xD5, 0x50, 0xBD, 0x2B, 0x94, 0xEA, 0x8B, 0xCA, 0x83, 0xCA, 0x83, 0x69, 0x7B,
    0x46, 0x62, 0xC4, 0x59, 0x83, 0x49, 0x83, 0x49, 0x62, 0x49, 0xE8, 0x6A, 0xAA, 0x83, 0x08, 0x73,
    0xE4, 0x59, 0xC4, 0x59, 0x62, 0x49, 0x42, 0x41, 0x25, 0x5A, 0x28, 0x6B, 0x08, 0x63, 0xC8, 0x62,
    0xA4, 0x39, 0x40, 0x10, 0xE2, 0x20, 0x43, 0x21, 0xE4, 0x31, 0x25, 0x32, 0x26, 0x3A, 0x26, 0x3A,
    0x46, 0x3A, 0x46, 0x3A, 0x26, 0x32, 0xC4, 0x39, 0xA5, 0x7A, 0x84, 0x92, 0xE3, 0x69, 0x62, 0x49,
    0x22, 0x39, 0x01, 0x29, 0x82, 0x29, 0x04, 0x32, 0x04, 0x32, 0x44, 0x3A, 0x65, 0x3A, 0x04, 0x2A,
    0xC4, 0x19, 0x83, 0x11, 0x42, 0x11, 0x42, 0x11, 0x83, 0x19, 0xE3, 0x41, 0x41, 0x41, 0xE0, 0x28,
    0xC0, 0x28, 0x10, 0xAD, 0x59, 0xEF, 0x18, 0xE7, 0x38, 0xE7, 0x38, 0xE7, 0x39, 0xEF, 0x18, 0xEF,
    0x2A, 0x74, 0x09, 0x74, 0xA7, 0x63, 0x66, 0x53, 0x67, 0x4B, 0xA8, 0x53, 0x47, 0x53, 0xC3, 0x39,
    0xA0, 0x20, 0x01, 0x29, 0x84, 0x29, 0xC5, 0x21, 0xE6, 0x19, 0xC5, 0x19, 0xA5, 0x11, 0x63, 0x11,
    0x23, 0x11, 0x64, 0x31, 0x01, 0x31, 0x01, 0x41, 0x62, 0x51, 0x05, 0x4A, 0x06, 0x32, 0x05, 0x42,
    0x42, 0x41, 0x42, 0x41, 0xA4, 0x51, 0x06, 0x52, 0xE5, 0x31, 0x43, 0x11, 0xE2, 0x10, 0xC1, 0x10,
    0xC0, 0x10, 0xE1, 0x08, 0x01, 0x09, 0xE1, 0x10, 0xC0, 0x08, 0x41, 0x11, 0x62, 0x19, 0x82, 0x19,
    0x82, 0x19, 0x82, 0x19, 0xA2, 0x19, 0xA3, 0x19, 0xA3, 0x19, 0xC3, 0x19, 0xC3, 0x21, 0xC3, 0x21,
    0xC3, 0x19, 0xC3, 0x19, 0xE4, 0x19, 0x05, 0x22, 0xA4, 0x21, 0x42, 0x21, 0x83, 0x31, 0xC4, 0x41,
    0xA3, 0x49, 0xE3, 0x51, 0xE3, 0x39, 0x23, 0x2A, 0x64, 0x2A, 0x64, 0x32, 0x84, 0x32, 0x84, 0x32,
    0xA5, 0x32, 0xA5, 0x3A, 0xA5, 0x3A, 0xA5, 0x3A, 0xA5, 0x3A, 0xA5, 0x3A, 0xC5, 0x3A, 0x07, 0x43,
    0x49, 0x4B, 0xE7, 0x3A, 0xA7, 0x32, 0xC7, 0x32, 0xE7, 0x3A, 0xC7, 0x3A, 0x86, 0x2A, 0x66, 0x2A,
    0x66, 0x32, 0x26, 0x3A, 0x67, 0x52, 0xA8, 0x52, 0x4A, 0x63, 0x4E, 0x9C, 0x4E, 0x9C, 0xAB, 0x73,
    0x6A, 0x53, 0x6A, 0x53, 0x4A, 0x53, 0x4A, 0x4B, 0x09, 0x4B, 0xE8, 0x3A, 0x09, 0x43, 0x4B, 0x43,
    0x4A, 0x3B, 0xEC, 0x5B, 0xF8, 0xCE, 0x5A, 0xEF, 0x3A, 0xEF, 0x1A, 0xEF, 0x3A, 0xEF, 0x39, 0xEF,
    0xB7, 0xDE, 0x71, 0xB5, 0xF0, 0xBC, 0xED, 0xAB, 0x6B, 0x9B, 0x6C, 0x9B, 0x2B, 0x9B, 0x6C, 0xA3,
    0x4C, 0xA3, 0x4C, 0xA3, 0x2B, 0xA3, 0x2B, 0xA3, 0x2C, 0xA3, 0x2C, 0xA3, 0x2B, 0xA3, 0x0B, 0xA3,
    0xEB, 0x9A, 0xCA, 0x92, 0xA9, 0x8A, 0x89, 0x8A, 0x69, 0x8A, 0x28, 0x82, 0x27, 0x8A, 0x07, 0x8A,
    0xC6, 0x81, 0x48, 0x92, 0x2C, 0xAB, 0xAD, 0xB3, 0x8D, 0xAB, 0x8D, 0xA3, 0x4C, 0x9B, 0x0C, 0x93,
    0x0C, 0x93, 0x0B, 0x93, 0xEB, 0x92, 0x8A, 0x8A, 0x8A, 0x82, 0xAB, 0x8A, 0x69, 0x82, 0x49, 0x82,
    0x49, 0x82, 0x28, 0x7A, 0x08, 0x72, 0xE7, 0x71, 0xC7, 0x69, 0xA6, 0x69, 0x85, 0x61, 0x85, 0x61,
    0x44, 0x59, 0x44, 0x59, 0x64, 0x61, 0x44, 0x59, 0x23, 0x59, 0x44, 0x61, 0x44, 0x61, 0x23, 0x59,
    0x03, 0x59, 0x43, 0x61, 0x44, 0x61, 0x23, 0x61, 0x23, 0x61, 0x23, 0x61, 0x44, 0x61, 0x44, 0x61,
    0x64, 0x61, 0x64, 0x61, 0x85, 0x69, 0xA5, 0x71, 0xC6, 0x79, 0x27, 0x82, 0x48, 0x8A, 0x48, 0x92,
    0x68, 0x92, 0x89, 0xA2, 0xA9, 0xA2, 0xCA, 0xA2, 0xEA, 0xA2, 0xEA, 0xA2, 0x2B, 0xAB, 0x4B, 0xB3,
    0x6C, 0xB3, 0x8C, 0xBB, 0xAD, 0xBB, 0xCE, 0xC3, 0xCE, 0xBB, 0xEE, 0xC3, 0xEE, 0xC3, 0xEE, 0xCB,
    0x2B, 0xB3, 0x0A, 0xB3, 0x6C, 0xBB, 0x8C, 0xC3, 0xAD, 0xC3, 0xCD, 0xC3, 0xEE, 0xC3, 0xED, 0xC3,
    0xEE, 0xC3, 0xEE, 0xC3, 0xED, 0xC3, 0x2E, 0xCC, 0x0E, 0xC4, 0x2E, 0xCC, 0x4F, 0xCC, 0x2E, 0xC4,
    0x2E, 0xC4, 0x2E, 0xC4, 0x2E, 0xC4, 0x4F, 0xC4, 0x0E, 0xBC, 0x2E, 0xBC, 0x2E, 0xBC, 0x2D, 0xB4,
    0x0D, 0xAC, 0x4E, 0xAC, 0x2D, 0xA4, 0xE7, 0x7A, 0x04, 0x5A, 0xE3, 0x41, 0x24, 0x3A, 0xE3, 0x29,
    0xC5, 0x42, 0x68, 0x5B, 0xAA, 0x63, 0xCF, 0x8C, 0xCD, 0x8C, 0xA8, 0x63, 0x65, 0x5B, 0x07, 0x84,
    0x26, 0x94, 0x23, 0x8B, 0xE7, 0xBB, 0xA5, 0xAB, 0x27, 0xA4, 0x68, 0xA4, 0x85, 0x93, 0xC6, 0xA3,
    0x62, 0x72, 0x4B, 0x9C, 0xD2, 0xCD, 0x71, 0xC5, 0x71, 0xC5, 0x91, 0xC5, 0xB1, 0xCD, 0xCB, 0x9B,
    0xC4, 0x69, 0x66, 0x8A, 0x86, 0x92, 0x86, 0x92, 0xA6, 0x92, 0x4C, 0xB4, 0xD2, 0xD5, 0xF3, 0xD5,
    0xF3, 0xCD, 0xF3, 0xCD, 0x50, 0xBD, 0x4B, 0x94, 0x0B, 0x8C, 0xEA, 0x8B, 0xCA, 0x83, 0x69, 0x7B,
    0x66, 0x62, 0x05, 0x62, 0xC4, 0x51, 0xC5, 0x51, 0x83, 0x49, 0xE8, 0x6A, 0xAB, 0x83, 0xE8, 0x6A,
    0xE5, 0x59, 0xE5, 0x59, 0xC4, 0x51, 0x84, 0x49, 0x46, 0x5A, 0x29, 0x6B, 0x08, 0x63, 0xC8, 0x62,
    0x63, 0x31, 0x60, 0x08, 0x63, 0x29, 0xE4, 0x31, 0x24, 0x32, 0x25, 0x32, 0x25, 0x3A, 0x25, 0x32,
    0x26, 0x32, 0x05, 0x32, 0x06, 0x2A, 0xC4, 0x39, 0x85, 0x7A, 0x83, 0x8A, 0x03, 0x6A, 0x83, 0x51,
    0x22, 0x39, 0x62, 0x31, 0x24, 0x3A, 0x04, 0x2A, 0xC4, 0x21, 0xC3, 0x21, 0xC3, 0x21, 0xC3, 0x21,
    0xE4, 0x21, 0xC4, 0x21, 0x83, 0x19, 0x42, 0x11, 0x42, 0x11, 0x03, 0x52, 0xC2, 0x59, 0x21, 0x41,
    0x01, 0x31, 0x87, 0x52, 0xEC, 0x73, 0x2C, 0x74, 0x4C, 0x74, 0xAE, 0x84, 0x13, 0xB6, 0x18, 0xDF,
    0x05, 0x53, 0xC3, 0x42, 0xA3, 0x3A, 0x83, 0x32, 0xA4, 0x2A, 0xC4, 0x3A, 0xE6, 0x4A, 0xC3, 0x39,
    0xA0, 0x20, 0x02, 0x29, 0x84, 0x29, 0xA4, 0x21, 0xA4, 0x19, 0x64, 0x19, 0x43, 0x11, 0x02, 0x09,
    0x02, 0x19, 0x64, 0x39, 0x22, 0x39, 0x21, 0x41, 0xA3, 0x51, 0x05, 0x4A, 0x05, 0x32, 0xE4, 0x41,
    0x22, 0x41, 0x42, 0x41, 0x84, 0x49, 0xE5, 0x49, 0x47, 0x3A, 0x26, 0x2A, 0x85, 0x19, 0xE2, 0x10,
    0xA1, 0x08, 0xA0, 0x08, 0xC1, 0x08, 0xA1, 0x10, 0x80, 0x08, 0x01, 0x11, 0x62, 0x19, 0x82, 0x19,
    0xA2, 0x19, 0x82, 0x19, 0x82, 0x19, 0xA3, 0x19, 0xC3, 0x21, 0xC3, 0x19, 0xC3, 0x21, 0xC3, 0x21,
    0xC3, 0x19, 0xC4, 0x19, 0xC4, 0x19, 0xE5, 0x19, 0x05, 0x22, 0xA4, 0x21, 0x63, 0x29, 0x63, 0x41,
    0x83, 0x49, 0xE3, 0x49, 0xE3, 0x29, 0x04, 0x22, 0x44, 0x2A, 0x44, 0x2A, 0x64, 0x2A, 0x64, 0x2A,
    0x85, 0x32, 0x85, 0x32, 0x85, 0x32, 0x64, 0x32, 0x85, 0x32, 0xA5, 0x3A, 0xC5, 0x3A, 0xC6, 0x42,
    0xE7, 0x42, 0xA7, 0x32, 0xA7, 0x32, 0xA7, 0x32, 0xC7, 0x32, 0xE7, 0x3A, 0x86, 0x32, 0x66, 0x32,
    0x87, 0x32, 0x45, 0x3A, 0x46, 0x4A, 0xC9, 0x52, 0x6B, 0x6B, 0x2E, 0x9C, 0x0E, 0x9C, 0x4A, 0x6B,
    0x09, 0x4B, 0x2A, 0x53, 0x2A, 0x53, 0x09, 0x4B, 0xC8, 0x42, 0xE9, 0x42, 0x6B, 0x53, 0xCD, 0x5B,
    0xCD, 0x5B, 0x8B, 0x4B, 0x11, 0x8D, 0x19, 0xE7, 0x39, 0xEF, 0x19, 0xE7, 0x3A, 0xEF, 0x39, 0xE7,
    0xF3, 0xBD, 0x6C, 0x84, 0xAE, 0x9C, 0x8F, 0xB4, 0x8C, 0xA3, 0x4B, 0x9B, 0x4C, 0x9B, 0x6C, 0xA3,
    0x6C, 0xA3, 0x6C, 0xAB, 0x2C, 0xA3, 0x0B, 0xA3, 0x2B, 0xA3, 0x2B, 0xA3, 0x2B, 0xA3, 0x0A, 0x9B,
    0xEB, 0x9A, 0xCA, 0x92, 0x89, 0x8A, 0xA9, 0x8A, 0x48, 0x82, 0x08, 0x82, 0x08, 0x82, 0xC7, 0x79,
    0xC7, 0x79, 0xCB, 0x92, 0x4D, 0xA3, 0x8D, 0xAB, 0x6D, 0xA3, 0x6D, 0xA3, 0x4D, 0x9B, 0x2C, 0x9B,
    0x2C, 0x9B, 0x0C, 0x93, 0xCB, 0x92, 0xCB, 0x92, 0xCB, 0x8A, 0xAB, 0x8A, 0x6A, 0x8A, 0x6A, 0x8A,
    0x49, 0x82, 0x69, 0x8A, 0x49, 0x82, 0x49, 0x82, 0x28, 0x7A, 0x08, 0x7A, 0x08, 0x72, 0xC7, 0x69,
    0xA6, 0x69, 0xA6, 0x69, 0xA5, 0x69, 0x85, 0x69, 0x85, 0x69, 0xA6, 0x69, 0xA6, 0x69, 0x85, 0x69,
    0x85, 0x69, 0x85, 0x69, 0x85, 0x69, 0xA6, 0x71, 0xA6, 0x71, 0xA6, 0x71, 0x07, 0x7A, 0xE6, 0x79,
    0x27, 0x82, 0x68, 0x8A, 0x88, 0x8A, 0x88, 0x8A, 0x68, 0x8A, 0x88, 0x92, 0xC9, 0x9A, 0xC9, 0x9A,
    0xEA, 0xA2, 0x0B, 0xAB, 0x2B, 0xAB, 0x4B, 0xAB, 0x4B, 0xB3, 0x2B, 0xAB, 0x4C, 0xB3, 0x6C, 0xB3,
    0x8C, 0xBB, 0xAD, 0xBB, 0xAD, 0xBB, 0xCD, 0xBB, 0xCD, 0xBB, 0x0E, 0xC4, 0x0E, 0xC4, 0x0F, 0xCC,
    0xCE, 0xC3, 0x2B, 0xB3, 0x6B, 0xBB, 0x6C, 0xBB, 0x8C, 0xC3, 0xCD, 0xC3, 0xEE, 0xCB, 0x0E, 0xCC,
    0xEE, 0xC3, 0x0E, 0xCC, 0xEE, 0xC3, 0x0E, 0xCC, 0x2E, 0xCC, 0x0E, 0xC4, 0x0E, 0xC4, 0x0E, 0xC4,
    0x2E, 0xC4, 0x2E, 0xC4, 0x0E, 0xBC, 0xCD, 0xB3, 0xED, 0xB3, 0xED, 0xB3, 0xED, 0xB3, 0x2E, 0xB4,
    0x2E, 0xAC, 0x2E, 0x9C, 0x2A, 0x73, 0xA6, 0x72, 0x04, 0x5A, 0xC3, 0x41, 0xE3, 0x31, 0xC5, 0x4A,
    0x6B, 0x7C, 0x6A, 0x7C, 0x09, 0x74, 0xC9, 0x73, 0xA9, 0x73, 0x06, 0x5B, 0xA7, 0x6B, 0x88, 0x94,
    0x06, 0x84, 0xC1, 0x62, 0x23, 0x7B, 0xE5, 0x9B, 0xE7, 0xAC, 0xC4, 0x83, 0x43, 0x7B, 0x27, 0xAC,
    0x41, 0x6A, 0xCA, 0x8B, 0xB3, 0xCD, 0x71, 0xC5, 0x72, 0xC5, 0x71, 0xC5, 0x91, 0xCD, 0x0C, 0xA4,
    0x46, 0x7A, 0xC8, 0x9A, 0xC7, 0x9A, 0xE7, 0x9A, 0xE7, 0x92, 0x4C, 0xB4, 0xD2, 0xD5, 0xF3, 0xD5,
    0xF3, 0xCD, 0xD2, 0xCD, 0x2F, 0xBD, 0x2B, 0x94, 0x0B, 0x84, 0xEB, 0x83, 0xEA, 0x83, 0x8A, 0x7B,
    0x86, 0x62, 0x05, 0x5A, 0x84, 0x51, 0xA4, 0x51, 0x84, 0x49, 0xE8, 0x72, 0xAA, 0x7B, 0xE8, 0x6A,
    0xE4, 0x51, 0xC4, 0x51, 0xA4, 0x51, 0x84, 0x49, 0x46, 0x5A, 0x49, 0x6B, 0x29, 0x63, 0xC8, 0x5A,
    0x63, 0x29, 0x01, 0x19, 0xC4, 0x31, 0x04, 0x32, 0x24, 0x32, 0x45, 0x3A, 0x25, 0x32, 0x25, 0x32,
    0x05, 0x32, 0x05, 0x32, 0xE5, 0x29, 0xC3, 0x39, 0x64, 0x72, 0x43, 0x7A, 0xC2, 0x61, 0x62, 0x49,
    0x00, 0x29, 0x62, 0x29, 0x04, 0x32, 0xE4, 0x21, 0xA3, 0x19, 0xE4, 0x21, 0xE4, 0x21, 0xC4, 0x21,
    0xC4, 0x21, 0xE4, 0x21, 0xC4, 0x21, 0x83, 0x19, 0x42, 0x19, 0xC3, 0x51, 0xE3, 0x69, 0x41, 0x49,
    0x22, 0x39, 0xA3, 0x31, 0x05, 0x22, 0x45, 0x22, 0x65, 0x2A, 0x65, 0x2A, 0x07, 0x43, 0x8D, 0x74,
    0x45, 0x5B, 0x04, 0x53, 0x04, 0x4B, 0x62, 0x32, 0xA4, 0x3A, 0xC4, 0x42, 0x63, 0x3A, 0xC2, 0x39,
    0x20, 0x29, 0x21, 0x21, 0x22, 0x19, 0x22, 0x11, 0x02, 0x09, 0xE2, 0x08, 0xC1, 0x08, 0xC1, 0x08,
    0xE1, 0x10, 0x63, 0x31, 0x01, 0x31, 0x21, 0x41, 0xA3, 0x51, 0x05, 0x52, 0x05, 0x3A, 0x05, 0x4A,
    0x42, 0x41, 0x42, 0x41, 0xA4, 0x49, 0xC5, 0x49, 0x06, 0x3A, 0x46, 0x22, 0x26, 0x2A, 0xE6, 0x29,
    0xC5, 0x21, 0x63, 0x19, 0x22, 0x21, 0x60, 0x10, 0x60, 0x08, 0xE1, 0x10, 0x22, 0x11, 0x62, 0x11,
    0x82, 0x19, 0x82, 0x19, 0xA2, 0x19, 0xA3, 0x19, 0xC3, 0x21, 0xC3, 0x19, 0xC3, 0x19, 0xC2, 0x21,
    0xC3, 0x19, 0xC4, 0x19, 0xC4, 0x19, 0xC5, 0x19, 0xE6, 0x19, 0xE5, 0x21, 0xA4, 0x29, 0x62, 0x41,
    0xA3, 0x49, 0xE3, 0x39, 0xC3, 0x21, 0xE4, 0x21, 0x24, 0x2A, 0x44, 0x2A, 0x44, 0x2A, 0x45, 0x2A,
    0x65, 0x2A, 0x65, 0x2A, 0x44, 0x2A, 0x44, 0x2A, 0x65, 0x32, 0x85, 0x32, 0x85, 0x32, 0xA6, 0x3A,
    0x08, 0x43, 0xA7, 0x3A, 0x66, 0x2A, 0x87, 0x32, 0xA7, 0x32, 0x08, 0x3B, 0xE8, 0x42, 0xE8, 0x42,
    0xE8, 0x42, 0xA7, 0x42, 0x26, 0x3A, 0xC9, 0x4A, 0x2A, 0x5B, 0x2A, 0x6B, 0xC9, 0x62, 0x68, 0x4A,
    0xA8, 0x42, 0x09, 0x4B, 0x09, 0x4B, 0xE9, 0x42, 0x09, 0x4B, 0x6B, 0x5B, 0x8C, 0x63, 0x8C, 0x5B,
    0xAC, 0x5B, 0xCD, 0x53, 0x8B, 0x53, 0xF4, 0xBD, 0x59, 0xEF, 0x19, 0xE7, 0xF7, 0xDE, 0x75, 0xC6,
    0xCE, 0x8C, 0x2B, 0x74, 0xEA, 0x6B, 0xD0, 0xA4, 0x0E, 0xAC, 0x4B, 0x9B, 0x4B, 0x9B, 0x4B, 0x9B,
    0x2B, 0x9B, 0x2B, 0xA3, 0x0B, 0xA3, 0x2B, 0xA3, 0x2B, 0xA3, 0x0B, 0xA3, 0xEA, 0x9A, 0xEA, 0xA2,
    0xEB, 0x9A, 0xCA, 0x92, 0xAA, 0x92, 0xAA, 0x8A, 0x69, 0x8A, 0x48, 0x82, 0x08, 0x82, 0xA6, 0x71,
    0x29, 0x7A, 0x2D, 0x9B, 0x2D, 0x9B, 0x6D, 0xA3, 0x8E, 0xA3, 0x6E, 0xA3, 0x6D, 0x9B, 0x4C, 0x9B,
    0x4D, 0x9B, 0x0C, 0x93, 0x0C, 0x93, 0x0C, 0x93, 0xEC, 0x92, 0xEC, 0x92, 0xCB, 0x8A, 0xCB, 0x8A,
    0xAB, 0x8A, 0xCA, 0x8A, 0x8A, 0x8A, 0x69, 0x8A, 0x49, 0x82, 0x49, 0x82, 0x49, 0x82, 0x28, 0x7A,
    0x08, 0x7A, 0x28, 0x82, 0x07, 0x7A, 0xE7, 0x79, 0x07, 0x7A, 0x08, 0x7A, 0x28, 0x82, 0x49, 0x8A,
    0x48, 0x82, 0x48, 0x8A, 0x68, 0x8A, 0x68, 0x8A, 0x89, 0x92, 0xA9, 0x92, 0xCA, 0x9A, 0xCA, 0x9A,
    0xC9, 0x9A, 0xC9, 0x9A, 0xEA, 0xA2, 0x0A, 0xA3, 0x0A, 0xA3, 0x0A, 0xA3, 0x2A, 0xAB, 0x2B, 0xAB,
    0x4B, 0xB3, 0x6C, 0xBB, 0x6C, 0xB3, 0x6C, 0xB3, 0x8D, 0xBB, 0x8D, 0xBB, 0xCD, 0xC3, 0xAD, 0xC3,
    0xED, 0xC3, 0xEE, 0xC3, 0xCD, 0xC3, 0x0E, 0xCC, 0x0E, 0xC4, 0x2F, 0xCC, 0x2F, 0xCC, 0x2F, 0xCC,
    0x30, 0xCC, 0x8C, 0xBB, 0x4B, 0xBB, 0x6B, 0xBB, 0x6C, 0xBB, 0x8C, 0xC3, 0xCD, 0xC3, 0x0E, 0xCC,
    0xEE, 0xCB, 0xEE, 0xCB, 0x0E, 0xCC, 0x0E, 0xC4, 0x0E, 0xC4, 0x2E, 0xCC, 0xED, 0xBB, 0xED, 0xBB,
    0x0D, 0xBC, 0xED, 0xBB, 0xEE, 0xBB, 0xED, 0xBB, 0xED, 0xB3, 0x0E, 0xB4, 0x0D, 0xB4, 0x0D, 0xAC,
    0x0D, 0x9C, 0x2A, 0x63, 0x47, 0x4A, 0xA7, 0x6A, 0x04, 0x5A, 0xA2, 0x39, 0x02, 0x3A, 0xE9, 0x73,
    0x6A, 0x84, 0x08, 0x84, 0x2A, 0x94, 0xA9, 0x93, 0xEA, 0x93, 0x27, 0x73, 0x0A, 0x8C, 0x69, 0x94,
    0xC6, 0x7B, 0xE7, 0x7B, 0x23, 0x5B, 0x66, 0x84, 0x47, 0x8D, 0x82, 0x53, 0xA2, 0x63, 0x86, 0x8C,
    0xC1, 0x5A, 0xC9, 0x8B, 0xD2, 0xCD, 0x92, 0xCD, 0x92, 0xCD, 0x92, 0xCD, 0xB1, 0xCD, 0x0C, 0xA4,
    0x66, 0x82, 0xC8, 0x9A, 0xA7, 0x92, 0xE7, 0x9A, 0x07, 0x9B, 0x4C, 0xB4, 0xD2, 0xD5, 0xF3, 0xD5,
    0xF2, 0xCD, 0xD2, 0xCD, 0x0F, 0xB5, 0x0B, 0x8C, 0x0B, 0x84, 0xEB, 0x83, 0xEA, 0x83, 0x8A, 0x7B,
    0x86, 0x6A, 0x26, 0x62, 0xC4, 0x51, 0xE5, 0x59, 0xC4, 0x51, 0xE8, 0x72, 0xAB, 0x7B, 0xE8, 0x6A,
    0xE5, 0x51, 0xE5, 0x59, 0xA4, 0x49, 0xA4, 0x49, 0x67, 0x5A, 0x2A, 0x6B, 0x09, 0x5B, 0xA7, 0x52,
    0x05, 0x3A, 0xE4, 0x31, 0x04, 0x32, 0x04, 0x32, 0x24, 0x32, 0x45, 0x3A, 0x24, 0x32, 0x04, 0x32,
    0x04, 0x2A, 0xE4, 0x29, 0x24, 0x32, 0x84, 0x4A, 0x25, 0x73, 0x25, 0x7B, 0x05, 0x73, 0x05, 0x6B,
    0x84, 0x52, 0x84, 0x42, 0x84, 0x3A, 0x04, 0x2A, 0xA3, 0x21, 0xC3, 0x21, 0xE4, 0x21, 0xE4, 0x21,
    0xE4, 0x21, 0x04, 0x2A, 0x04, 0x2A, 0xE4, 0x21, 0x42, 0x19, 0xC3, 0x49, 0x03, 0x6A, 0x62, 0x51,
    0x22, 0x39, 0x83, 0x29, 0xE4, 0x21, 0x25, 0x1A, 0x45, 0x22, 0x86, 0x22, 0x86, 0x22, 0x65, 0x22,
    0x07, 0x74, 0xE7, 0x6B, 0xC7, 0x63, 0xA6, 0x5B, 0xC7, 0x63, 0xA7, 0x63, 0x86, 0x63, 0x66, 0x63,
    0x26, 0x5B, 0x26, 0x53, 0x85, 0x3A, 0xE3, 0x21, 0x82, 0x19, 0x62, 0x19, 0x42, 0x11, 0xE1, 0x08,
    0xE1, 0x10, 0x43, 0x29, 0xE1, 0x28, 0x01, 0x39, 0x62, 0x51, 0xC4, 0x51, 0xC4, 0x39, 0xE5, 0x49,
    0x42, 0x41, 0x42, 0x41, 0xA4, 0x51, 0xE5, 0x51, 0xA4, 0x31, 0xC4, 0x19, 0xE5, 0x19, 0x05, 0x22,
    0x06, 0x22, 0xC4, 0x21, 0xE5, 0x39, 0xE2, 0x28, 0xA1, 0x18, 0x23, 0x19, 0x63, 0x19, 0x42, 0x11,
    0x62, 0x11, 0x82, 0x19, 0x82, 0x19, 0x82, 0x19, 0xA3, 0x19, 0xC3, 0x21, 0xC3, 0x21, 0xA2, 0x19,
    0xA3, 0x19, 0xA3, 0x11, 0xA4, 0x11, 0xC5, 0x19, 0xE6, 0x19, 0xC4, 0x19, 0x83, 0x31, 0x83, 0x49,
    0xC3, 0x41, 0xA3, 0x29, 0xA3, 0x19, 0xC3, 0x19, 0x04, 0x22, 0x24, 0x22, 0x24, 0x22, 0x24, 0x2A,
    0x45, 0x2A, 0x45, 0x2A, 0x44, 0x22, 0x44, 0x2A, 0x44, 0x2A, 0x65, 0x2A, 0x64, 0x32, 0xC6, 0x3A,
    0x8A, 0x5B, 0x6B, 0x5B, 0x87, 0x32, 0x66, 0x2A, 0xA7, 0x32, 0xE7, 0x3A, 0xC7, 0x3A, 0xC7, 0x3A,
    0xC7, 0x3A, 0xA7, 0x3A, 0x87, 0x42, 0x09, 0x53, 0x8B, 0x63, 0x2B, 0x5B, 0xC9, 0x4A, 0x68, 0x4A,
    0x68, 0x42, 0xC9, 0x42, 0xE9, 0x42, 0xE9, 0x4A, 0x4A, 0x5B, 0x8B, 0x63, 0x8B, 0x63, 0x6B, 0x5B,
    0x6B, 0x53, 0x8C, 0x4B, 0x4A, 0x4B, 0x31, 0x95, 0x58, 0xEF, 0x54, 0xCE, 0xEE, 0x94, 0x8C, 0x84,
    0x4B, 0x74, 0x2B, 0x6C, 0x89, 0x53, 0xCC, 0x6B, 0xD0, 0xB4, 0xCD, 0xAB, 0x6B, 0x9B, 0x4B, 0x9B,
    0x4B, 0xA3, 0x0B, 0xA3, 0x2B, 0xA3, 0x2C, 0xA3, 0x2B, 0xA3, 0x0A, 0xA3, 0xEA, 0xA2, 0x0A, 0xA3,
    0xEA, 0x9A, 0xCA, 0x92, 0xAA, 0x92, 0xAA, 0x92, 0x89, 0x92, 0x28, 0x82, 0x48, 0x82, 0x08, 0x72,
    0xCB, 0x8A, 0x2D, 0x9B, 0x2D, 0x9B, 0x6D, 0x9B, 0x6D, 0x9B, 0x6E, 0xA3, 0x6E, 0xA3, 0x6D, 0x9B,
    0x6D, 0xA3, 0x6D, 0xA3, 0x4D, 0x9B, 0x2D, 0x9B, 0x4D, 0x9B, 0x4D, 0x9B, 0x2C, 0x9B, 0x2C, 0x9B,
    0x0C, 0x93, 0xEB, 0x92, 0xEB, 0x92, 0xCB, 0x92, 0xAA, 0x92, 0xCA, 0x92, 0xAA, 0x92, 0x8A, 0x8A,
    0xAA, 0x92, 0xAB, 0x92, 0xAA, 0x92, 0x89, 0x8A, 0xAA, 0x92, 0xCA, 0x92, 0xCA, 0x92, 0xEA, 0x9A,
    0xCA, 0x9A, 0xCA, 0x9A, 0xEA, 0x9A, 0xEA, 0xA2, 0x0A, 0xA3, 0x2B, 0xAB, 0x0B, 0xA3, 0x2B, 0xAB,
    0x4C, 0xAB, 0x2B, 0xAB, 0x4B, 0xB3, 0x4B, 0xB3, 0x4B, 0xB3, 0x6C, 0xB3, 0x8C, 0xBB, 0x6C, 0xBB,
    0x6C, 0xBB, 0x6C, 0xBB, 0xAD, 0xC3, 0x8C, 0xBB, 0xCD, 0xC3, 0xCE, 0xC3, 0xEE, 0xC3, 0xCD, 0xC3,
    0x0E, 0xCC, 0x0E, 0xCC, 0x0E, 0xC4, 0x4F, 0xCC, 0x2F, 0xCC, 0x4F, 0xCC, 0x6F, 0xCC, 0x4F, 0xCC,
    0x70, 0xCC, 0xEE, 0xCB, 0x6C, 0xBB, 0x6B, 0xBB, 0xAC, 0xC3, 0xAC, 0xC3, 0xCD, 0xC3, 0xEE, 0xCB,
    0xEE, 0xCB, 0xEE, 0xCB, 0xAD, 0xC3, 0xCD, 0xC3, 0xED, 0xC3, 0x0E, 0xC4, 0xED, 0xC3, 0x0E, 0xC4,
    0x0D, 0xBC, 0xED, 0xBB, 0xCD, 0xB3, 0xCD, 0xB3, 0xCD, 0xB3, 0xCD, 0xAB, 0x0D, 0xB4, 0x2E, 0xAC,
    0x8C, 0x7B, 0x47, 0x32, 0x68, 0x42, 0x87, 0x62, 0xC4, 0x51, 0x61, 0x31, 0xA4, 0x4A, 0x49, 0x7C,
    0xA6, 0x6B, 0x66, 0x7B, 0xEA, 0x9B, 0x27, 0x93, 0x68, 0x9B, 0xE6, 0x82, 0xC9, 0x9B, 0xC9, 0x9B,
    0x88, 0x8B, 0x4B, 0xA4, 0x66, 0x7B, 0x87, 0x8C, 0xA6, 0x84, 0xA3, 0x5B, 0x24, 0x64, 0xC5, 0x7C,
    0x83, 0x5B, 0xA7, 0x7B, 0xEF, 0xBC, 0x0F, 0xBD, 0x0F, 0xBD, 0x0F, 0xBD, 0x0F, 0xBD, 0xAB, 0x9B,
    0x05, 0x7A, 0x87, 0x92, 0xA6, 0x92, 0xE7, 0x9A, 0xE7, 0x92, 0x6D, 0xB4, 0xB2, 0xD5, 0xF2, 0xD5,
    0xD2, 0xCD, 0xD2, 0xCD, 0x0F, 0xB5, 0x0B, 0x8C, 0xEB, 0x83, 0xEB, 0x83, 0xEA, 0x7B, 0xA9, 0x7B,
    0xC6, 0x6A, 0x25, 0x5A, 0xE4, 0x51, 0xE4, 0x51, 0x25, 0x62, 0x08, 0x7B, 0x6A, 0x7B, 0xC8, 0x6A,
    0xE5, 0x51, 0xC4, 0x49, 0x83, 0x49, 0xA4, 0x49, 0x46, 0x52, 0xC7, 0x5A, 0xA6, 0x4A, 0xA6, 0x42,
    0xA6, 0x42, 0xA6, 0x42, 0x45, 0x32, 0x24, 0x32, 0x24, 0x32, 0x24, 0x32, 0x24, 0x32, 0x65, 0x3A,
    0x64, 0x3A, 0xC5, 0x4A, 0x87, 0x63, 0x08, 0x7C, 0x27, 0x84, 0x07, 0x84, 0x28, 0x8C, 0x49, 0x84,
    0x08, 0x7C, 0xC8, 0x6B, 0x87, 0x5B, 0x27, 0x53, 0xA6, 0x42, 0x04, 0x2A, 0xC3, 0x21, 0xE4, 0x21,
    0x04, 0x22, 0xE4, 0x21, 0xE4, 0x21, 0xE4, 0x21, 0x21, 0x19, 0x82, 0x49, 0xE3, 0x69, 0x62, 0x51,
    0x22, 0x41, 0x63, 0x29, 0xC4, 0x19, 0x24, 0x1A, 0x45, 0x22, 0x65, 0x22, 0x86, 0x22, 0xA6, 0x2A,
    0x07, 0x6C, 0x28, 0x74, 0x28, 0x74, 0x28, 0x74, 0x28, 0x74, 0x28, 0x74, 0x28, 0x74, 0x28, 0x74,
    0x08, 0x6C, 0x28, 0x74, 0x08, 0x6C, 0xE8, 0x6B, 0xA8, 0x63, 0x47, 0x53, 0x28, 0x53, 0xA6, 0x3A,
    0x86, 0x3A, 0x66, 0x3A, 0xC3, 0x39, 0x82, 0x39, 0xA2, 0x49, 0xE4, 0x49, 0xA3, 0x39, 0xC4, 0x49,
    0x21, 0x39, 0x22, 0x41, 0x84, 0x49, 0x05, 0x52, 0xC4, 0x39, 0x84, 0x19, 0xA4, 0x11, 0xA4, 0x19,
    0x84, 0x11, 0x84, 0x19, 0xE5, 0x41, 0x02, 0x31, 0xA1, 0x18, 0x64, 0x21, 0x67, 0x3A, 0x04, 0x32,
    0x61, 0x19, 0x82, 0x19, 0x82, 0x19, 0x82, 0x19, 0x82, 0x19, 0xA3, 0x19, 0xA3, 0x21, 0x82, 0x19,
    0x83, 0x19, 0x83, 0x11, 0xA4, 0x11, 0xA5, 0x11, 0xA5, 0x19, 0xA4, 0x29, 0x83, 0x41, 0x83, 0x49,
    0xA3, 0x31, 0x62, 0x19, 0x62, 0x19, 0x83, 0x21, 0xC3, 0x21, 0xE3, 0x19, 0x03, 0x22, 0x24, 0x22,
    0x24, 0x22, 0x24, 0x22, 0x24, 0x22, 0x24, 0x22, 0x44, 0x2A, 0x44, 0x2A, 0x65, 0x32, 0x86, 0x3A,
    0xC8, 0x42, 0x4B, 0x5B, 0xC9, 0x42, 0x66, 0x2A, 0xC7, 0x3A, 0xE7, 0x3A, 0xC7, 0x3A, 0xA7, 0x3A,
    0x86, 0x3A, 0xA7, 0x3A, 0xC8, 0x42, 0x6B, 0x63, 0xAC, 0x63, 0x4B, 0x4B, 0x2A, 0x43, 0xCA, 0x4A,
    0x68, 0x42, 0xA8, 0x42, 0xC8, 0x42, 0x87, 0x4A, 0xC8, 0x62, 0x2A, 0x6B, 0x6B, 0x63, 0x6B, 0x53,
    0x6B, 0x53, 0x6C, 0x4B, 0x4B, 0x43, 0x8E, 0x7C, 0x54, 0xC6, 0xEE, 0x94, 0x0A, 0x74, 0x2A, 0x6C,
    0x0B, 0x64, 0xEB, 0x63, 0x69, 0x43, 0x49, 0x43, 0xEC, 0x73, 0xB0, 0xB4, 0xAC, 0xA3, 0x4B, 0x9B,
    0x4B, 0xA3, 0x0B, 0xA3, 0x4C, 0xA3, 0x4C, 0xA3, 0x2C, 0xA3, 0x0B, 0xA3, 0x0B, 0xA3, 0xEA, 0x9A,
    0x0A, 0xA3, 0x0B, 0xA3, 0xA9, 0x92, 0x89, 0x92, 0x89, 0x8A, 0x69, 0x8A, 0x28, 0x7A, 0x6A, 0x82,
    0x4D, 0x93, 0x6E, 0x9B, 0x8E, 0x9B, 0x8E, 0x9B, 0x8E, 0xA3, 0x8E, 0xA3, 0x8E, 0xA3, 0xAE, 0xA3,
    0xAE, 0xAB, 0xAE, 0xAB, 0x6D, 0xA3, 0x8E, 0xAB, 0x8D, 0xA3, 0x4C, 0x9B, 0x4D, 0x9B, 0x2C, 0x9B,
    0x2C, 0x9B, 0x4D, 0xA3, 0x2C, 0x9B, 0x0C, 0x9B, 0x4D, 0xA3, 0x2C, 0xA3, 0x2C, 0xA3, 0x0C, 0xA3,
    0xEB, 0xA2, 0x0C, 0xA3, 0x0C, 0xA3, 0x0C, 0xA3, 0x2C, 0xA3, 0x4C, 0xAB, 0x4C, 0xAB, 0x4C, 0xAB,
    0x4B, 0xAB, 0x6C, 0xAB, 0x4B, 0xAB, 0x6C, 0xB3, 0x6C, 0xB3, 0x4C, 0xAB, 0x4C, 0xB3, 0x6C, 0xB3,
    0x8C, 0xB3, 0x8C, 0xBB, 0x8C, 0xBB, 0xAD, 0xBB, 0x8C, 0xBB, 0x8C, 0xBB, 0xAD, 0xC3, 0xAD, 0xC3,
    0xCD, 0xC3, 0xCD, 0xC3, 0xEE, 0xCB, 0x0E, 0xCC, 0xEE, 0xC3, 0x0E, 0xCC, 0x0E, 0xCC, 0x0E, 0xC4,
    0x2F, 0xCC, 0x4F, 0xCC, 0x4F, 0xCC, 0x6F, 0xD4, 0x90, 0xD4, 0x6F, 0xCC, 0x4F, 0xCC, 0x4F, 0xCC,
    0x90, 0xD4, 0x70, 0xD4, 0xCE, 0xC3, 0x6C, 0xC3, 0x8C, 0xC3, 0xAD, 0xC3, 0xAC, 0xC3, 0xCD, 0xC3,
    0xCD, 0xC3, 0xAD, 0xC3, 0x8C, 0xBB, 0xCD, 0xC3, 0xED, 0xC3, 0xAC, 0xBB, 0xCD, 0xBB, 0xED, 0xBB,
    0xAC, 0xB3, 0xED, 0xBB, 0xED, 0xB3, 0xAC, 0xAB, 0xCC, 0xAB, 0xED, 0xAB, 0x0D, 0xAC, 0xED, 0x93,
    0x88, 0x42, 0x47, 0x2A, 0x48, 0x3A, 0x67, 0x5A, 0xC3, 0x49, 0x40, 0x29, 0xA4, 0x4A, 0xC7, 0x6B,
    0xE4, 0x52, 0xE5, 0x6A, 0x68, 0x8B, 0xC5, 0x82, 0x28, 0x9B, 0xC6, 0x82, 0x88, 0x9B, 0x27, 0x8B,
    0xE6, 0x82, 0xEA, 0xA3, 0x06, 0x83, 0xA7, 0x8B, 0x65, 0x7B, 0x82, 0x5A, 0x64, 0x6B, 0x05, 0x7C,
    0x43, 0x63, 0xA4, 0x6A, 0x07, 0x8B, 0x48, 0x93, 0x89, 0x93, 0x68, 0x8B, 0x69, 0x8B, 0x08, 0x8B,
    0xA6, 0x82, 0x08, 0x9B, 0xE7, 0x9A, 0x07, 0x9B, 0x27, 0x9B, 0x0B, 0xAC, 0xCE, 0xBC, 0x2F, 0xBD,
    0x2F, 0xBD, 0x4F, 0xBD, 0xCD, 0xAC, 0x2B, 0x8C, 0x0A, 0x84, 0x0A, 0x84, 0x8A, 0x94, 0xAA, 0x9C,
    0x48, 0x94, 0x87, 0x73, 0x26, 0x6B, 0xE6, 0x72, 0xC7, 0x8A, 0x46, 0x8A, 0xE5, 0x71, 0x25, 0x6A,
    0x86, 0x62, 0x86, 0x5A, 0x86, 0x5A, 0xE7, 0x62, 0x68, 0x6B, 0x68, 0x63, 0x06, 0x53, 0xC5, 0x42,
    0xC5, 0x42, 0xE6, 0x42, 0xC6, 0x42, 0x86, 0x3A, 0x24, 0x2A, 0x85, 0x3A, 0x27, 0x53, 0x67, 0x5B,
    0xC7, 0x6B, 0x28, 0x7C, 0x68, 0x84, 0x68, 0x8C, 0x27, 0x84, 0x07, 0x84, 0xE7, 0x7B, 0xE8, 0x7B,
    0xC7, 0x73, 0x66, 0x5B, 0x46, 0x53, 0x46, 0x5B, 0x47, 0x53, 0xC6, 0x4A, 0x03, 0x2A, 0xE3, 0x21,
    0x04, 0x22, 0xE4, 0x21, 0xC3, 0x21, 0xE4, 0x21, 0x01, 0x19, 0x82, 0x41, 0xE3, 0x61, 0x41, 0x49,
    0x21, 0x39, 0x83, 0x31, 0x05, 0x22, 0x25, 0x22, 0x66, 0x22, 0x65, 0x22, 0x85, 0x22, 0xA6, 0x2A,
    0xE7, 0x6B, 0xE7, 0x6B, 0xE7, 0x6B, 0x08, 0x6C, 0xE7, 0x6B, 0x07, 0x6C, 0xC7, 0x63, 0x46, 0x53,
    0x45, 0x4B, 0xE7, 0x63, 0xE7, 0x63, 0xE7, 0x6B, 0xE7, 0x6B, 0xC7, 0x63, 0xE8, 0x63, 0xA8, 0x5B,
    0x67, 0x53, 0x68, 0x53, 0x47, 0x53, 0x27, 0x53, 0xC6, 0x5A, 0xC7, 0x52, 0x25, 0x42, 0xE4, 0x41,
    0x21, 0x31, 0x21, 0x39, 0x63, 0x49, 0xE5, 0x51, 0xC5, 0x39, 0x84, 0x19, 0xA4, 0x11, 0x84, 0x11,
    0x63, 0x11, 0x63, 0x21, 0xC4, 0x49, 0xE1, 0x30, 0xC1, 0x18, 0x84, 0x21, 0xA8, 0x42, 0x66, 0x42,
    0x61, 0x19, 0x61, 0x11, 0xA2, 0x11, 0xA2, 0x19, 0xA3, 0x19, 0xA3, 0x19, 0xA2, 0x19, 0x82, 0x19,
    0x83, 0x19, 0x84, 0x11, 0xA5, 0x11, 0x84, 0x11, 0x63, 0x21, 0x63, 0x39, 0x83, 0x49, 0x83, 0x41,
    0x82, 0x21, 0x82, 0x21, 0x05, 0x42, 0x66, 0x5A, 0x45, 0x52, 0xC3, 0x31, 0xA3, 0x21, 0xC3, 0x19,
    0xE3, 0x19, 0xC3, 0x21, 0xC3, 0x21, 0xC3, 0x21, 0xE4, 0x29, 0x04, 0x2A, 0x25, 0x32, 0xE4, 0x21,
    0xC4, 0x21, 0x67, 0x32, 0x67, 0x32, 0x46, 0x2A, 0xA6, 0x32, 0xA6, 0x3A, 0xA6, 0x3A, 0xA6, 0x3A,
    0xC8, 0x42, 0xC8, 0x3A, 0xE9, 0x42, 0x8C, 0x5B, 0x4B, 0x53, 0xA9, 0x32, 0xA9, 0x2A, 0xCA, 0x3A,
    0xA9, 0x42, 0x68, 0x42, 0x67, 0x42, 0x86, 0x62, 0xE8, 0x82, 0x4A, 0x7B, 0x4B, 0x5B, 0x4B, 0x53,
    0x4B, 0x4B, 0x4B, 0x4B, 0x6C, 0x43, 0x8B, 0x4B, 0x2D, 0x6C, 0x0B, 0x6C, 0x0A, 0x74, 0xEA, 0x63,
    0x8A, 0x5B, 0xEB, 0x63, 0x6A, 0x4B, 0x08, 0x2B, 0xC7, 0x2A, 0xAB, 0x6B, 0x4F, 0xAC, 0x8C, 0xA3,
    0x4B, 0xA3, 0x2B, 0x9B, 0x4B, 0xA3, 0x4B, 0xA3, 0x2B, 0xA3, 0x0B, 0xA3, 0x2B, 0xA3, 0x0A, 0xA3,
    0x0B, 0xA3, 0xCA, 0x9A, 0x89, 0x92, 0xA9, 0x92, 0x69, 0x8A, 0x89, 0x8A, 0x28, 0x7A, 0x0C, 0x93,
    0xAE, 0xA3, 0x8E, 0x9B, 0x8E, 0xA3, 0xAE, 0xA3, 0xAE, 0xA3, 0xAE, 0xA3, 0xAE, 0xA3, 0xAE, 0xAB,
    0xCE, 0xB3, 0xEE, 0xB3, 0x0F, 0xBC, 0x0F, 0xBC, 0xCE, 0xB3, 0x8D, 0xAB, 0x6D, 0xAB, 0x6D, 0xAB,
    0x4D, 0xA3, 0x6D, 0xA3, 0x6D, 0xAB, 0x4D, 0xA3, 0x4C, 0xA3, 0x6D, 0xAB, 0x4D, 0xAB, 0x2C, 0xAB,
    0x2C, 0xAB, 0x2C, 0xAB, 0x2C, 0xAB, 0x4C, 0xAB, 0x6D, 0xB3, 0x4C, 0xB3, 0x6C, 0xB3, 0x8D, 0xBB,
    0x6C, 0xB3, 0x8D, 0xBB, 0x8D, 0xBB, 0x8D, 0xBB, 0x8D, 0xBB, 0x8D, 0xBB, 0x8D, 0xBB, 0xAD, 0xBB,
    0xAD, 0xBB, 0xAD, 0xBB, 0xCD, 0xC3, 0xCD, 0xC3, 0xCD, 0xC3, 0xAC, 0xBB, 0xCD, 0xC3, 0xCD, 0xC3,
    0xCD, 0xC3, 0xEE, 0xC3, 0xEE, 0xC3, 0x2F, 0xCC, 0x0E, 0xCC, 0x2F, 0xCC, 0x4F, 0xCC, 0x2F, 0xCC,
    0x4F, 0xCC, 0x70, 0xD4, 0x4F, 0xCC, 0x4F, 0xCC, 0x70, 0xCC, 0x90, 0xCC, 0x4F, 0xCC, 0x70, 0xCC,
    0x70, 0xCC, 0x90, 0xD4, 0x2F, 0xD4, 0x6C, 0xBB, 0x4B, 0xBB, 0x8C, 0xC3, 0xAC, 0xC3, 0xAC, 0xC3,
    0xAD, 0xC3, 0xAC, 0xC3, 0xAC, 0xC3, 0xCD, 0xC3, 0xAC, 0xBB, 0xAC, 0xBB, 0x8C, 0xB3, 0xAC, 0xB3,
    0xCD, 0xB3, 0xED, 0xBB, 0xCC, 0xB3, 0xCC, 0xA3, 0xAC, 0xA3, 0xCD, 0xAB, 0x2E, 0x9C, 0x0A, 0x5B,
    0x47, 0x32, 0x68, 0x2A, 0x27, 0x32, 0x05, 0x4A, 0x82, 0x39, 0xE2, 0x39, 0x46, 0x5B, 0x25, 0x53,
    0x22, 0x32, 0x63, 0x52, 0x47, 0x83, 0xC6, 0x8A, 0x48, 0x9B, 0x84, 0x72, 0x27, 0x8B, 0x84, 0x72,
    0x03, 0x62, 0x07, 0x83, 0xE3, 0x69, 0xC3, 0x69, 0xA2, 0x69, 0x00, 0x51, 0xA2, 0x61, 0x02, 0x6A,
    0xC1, 0x59, 0x21, 0x51, 0xC3, 0x69, 0xE7, 0x82, 0x48, 0x8B, 0x69, 0x93, 0xCB, 0x9B, 0xEC, 0xA3,
    0x0C, 0xA4, 0x0B, 0xAC, 0xEB, 0xA3, 0xEA, 0xA3, 0x0A, 0xA4, 0x0A, 0x9C, 0x2A, 0x9C, 0x6B, 0xAC,
    0x8B, 0xAC, 0xCB, 0xA4, 0xEA, 0xA4, 0xA9, 0x94, 0x07, 0x74, 0x27, 0x7C, 0x29, 0xA5, 0x28, 0x9D,
    0xE7, 0x94, 0x66, 0x7C, 0xE5, 0x6B, 0x05, 0x73, 0x04, 0x82, 0x03, 0x79, 0x82, 0x60, 0x80, 0x48,
    0xA3, 0x49, 0xE6, 0x5A, 0x27, 0x63, 0x67, 0x6B, 0xA8, 0x73, 0xA8, 0x6B, 0xA8, 0x6B, 0x87, 0x63,
    0x06, 0x4B, 0xE6, 0x42, 0xE7, 0x42, 0xA6, 0x3A, 0xA5, 0x3A, 0x26, 0x4B, 0x46, 0x5B, 0xA6, 0x6B,
    0x48, 0x84, 0x47, 0x84, 0x68, 0x8C, 0x47, 0x84, 0x07, 0x7C, 0xC6, 0x73, 0x66, 0x63, 0x25, 0x5B,
    0x05, 0x53, 0x05, 0x4B, 0x05, 0x4B, 0x06, 0x4B, 0xE5, 0x4A, 0xC5, 0x42, 0xC6, 0x42, 0x86, 0x3A,
    0xE4, 0x29, 0xC4, 0x21, 0xC3, 0x21, 0xE4, 0x21, 0x42, 0x19, 0xE3, 0x41, 0x85, 0x62, 0x04, 0x52,
    0x83, 0x39, 0x63, 0x29, 0xE4, 0x21, 0x25, 0x1A, 0x45, 0x22, 0x65, 0x22, 0xA6, 0x22, 0xC6, 0x2A,
    0xE8, 0x6B, 0xE8, 0x63, 0xE8, 0x63, 0xE8, 0x63, 0xE7, 0x63, 0x07, 0x6C, 0xE8, 0x63, 0x46, 0x4B,
    0x05, 0x43, 0xA6, 0x53, 0xA7, 0x5B, 0x66, 0x5B, 0xA6, 0x63, 0xE7, 0x63, 0x29, 0x6C, 0x08, 0x6C,
    0xE8, 0x63, 0xC8, 0x5B, 0xA7, 0x53, 0xA8, 0x53, 0x67, 0x53, 0x68, 0x53, 0x48, 0x53, 0x07, 0x53,
    0x65, 0x4A, 0x24, 0x42, 0x04, 0x4A, 0x04, 0x4A, 0xC4, 0x31, 0x42, 0x11, 0x63, 0x09, 0x63, 0x11,
    0x23, 0x09, 0x43, 0x21, 0xC4, 0x49, 0xE1, 0x30, 0xC1, 0x20, 0x84, 0x21, 0x46, 0x32, 0x45, 0x32,
    0x62, 0x19, 0x41, 0x11, 0x61, 0x11, 0x82, 0x19, 0x62, 0x19, 0x62, 0x11, 0x62, 0x11, 0x62, 0x11,
    0x63, 0x11, 0x64, 0x11, 0x64, 0x11, 0x43, 0x11, 0x42, 0x29, 0x63, 0x41, 0x62, 0x41, 0x62, 0x29,
    0x62, 0x11, 0x63, 0x21, 0x47, 0x5A, 0xC9, 0x7A, 0xA8, 0x72, 0x67, 0x5A, 0x67, 0x52, 0xC4, 0x31,
    0x04, 0x3A, 0xA7, 0x5A, 0xC8, 0x5A, 0xA8, 0x5A, 0xC8, 0x5A, 0xA8, 0x5A, 0x86, 0x52, 0x05, 0x42,
    0xC4, 0x29, 0xA4, 0x19, 0x83, 0x19, 0x25, 0x22, 0x46, 0x2A, 0x66, 0x32, 0x66, 0x32, 0xC8, 0x42,
    0x0A, 0x4B, 0xEA, 0x3A, 0xC9, 0x3A, 0xEA, 0x42, 0xCA, 0x3A, 0xA9, 0x2A, 0x89, 0x22, 0xA9, 0x2A,
    0xCA, 0x3A, 0x68, 0x3A, 0x27, 0x42, 0x09, 0x7B, 0x6A, 0x93, 0x4A, 0x73, 0x2B, 0x53, 0x2B, 0x4B,
    0x2A, 0x4B, 0x2B, 0x43, 0x4B, 0x43, 0x2A, 0x43, 0x4A, 0x4B, 0x89, 0x5B, 0xA8, 0x63, 0x89, 0x5B,
    0x69, 0x53, 0xCB, 0x5B, 0xAC, 0x5B, 0x09, 0x33, 0xA7, 0x1A, 0x66, 0x1A, 0x6A, 0x5B, 0x2E, 0xA4,
    0x6B, 0xA3, 0x2B, 0x9B, 0x2B, 0x9B, 0x0A, 0x9B, 0xEA, 0x9A, 0x0A, 0xA3, 0x0B, 0xA3, 0x0B, 0xA3,
    0xEA, 0x9A, 0xA9, 0x9A, 0xAA, 0x9A, 0xAA, 0x92, 0x89, 0x8A, 0x48, 0x82, 0x8A, 0x82, 0x6E, 0x9B,
    0x8E, 0x9B, 0x8E, 0x9B, 0xAE, 0xA3, 0xCF, 0xA3, 0xAE, 0xA3, 0xAE, 0xA3, 0xCF, 0xAB, 0xEF, 0xB3,
    0x30, 0xC4, 0x4F, 0xC4, 0x70, 0xCC, 0x4F, 0xC4, 0x2F, 0xC4, 0x0E, 0xBC, 0xCE, 0xBB, 0xAE, 0xB3,
    0x8E, 0xAB, 0x8E, 0xAB, 0x8E, 0xB3, 0x8D, 0xAB, 0x8D, 0xB3, 0x8E, 0xB3, 0xAE, 0xB3, 0x6D, 0xB3,
    0xAD, 0xBB, 0xAD, 0xBB, 0x8D, 0xB3, 0xAD, 0xB3, 0xCD, 0xB3, 0xCD, 0xBB, 0xCD, 0xB3, 0xCD, 0xBB,
    0xED, 0xBB, 0xCD, 0xBB, 0xCD, 0xBB, 0xCD, 0xBB, 0xAD, 0xBB, 0xCE, 0xBB, 0xCE, 0xC3, 0xEE, 0xC3,
    0xCD, 0xC3, 0xCD, 0xC3, 0xEE, 0xCB, 0xEE, 0xC3, 0xEE, 0xCB, 0xEE, 0xC3, 0x0E, 0xCC, 0x0E, 0xCC,
    0x0E, 0xCC, 0x0E, 0xCC, 0x0E, 0xC4, 0x2F, 0xCC, 0x4F, 0xCC, 0x4F, 0xCC, 0x6F, 0xCC, 0x4F, 0xCC,
    0x4F, 0xCC, 0x70, 0xCC, 0x90, 0xCC, 0x90, 0xCC, 0x6F, 0xCC, 0x90, 0xD4, 0x70, 0xD4, 0x90, 0xD4,
    0x70, 0xCC, 0x70, 0xD4, 0x70, 0xD4, 0xAD, 0xC3, 0x4B, 0xBB, 0x8C, 0xC3, 0x8C, 0xC3, 0x6B, 0xBB,
    0x8C, 0xBB, 0xAD, 0xC3, 0xAC, 0xBB, 0xAC, 0xBB, 0xAC, 0xBB, 0x6B, 0xB3, 0x6B, 0xB3, 0x8C, 0xB3,
    0x8B, 0xAB, 0x8C, 0xAB, 0xCC, 0xAB, 0xCC, 0xAB, 0x8B, 0xA3, 0xCD, 0x9B, 0x0A, 0x63, 0x47, 0x32,
    0x47, 0x2A, 0x47, 0x22, 0x47, 0x32, 0x86, 0x4A, 0xE6, 0x5A, 0x88, 0x6B, 0xC8, 0x6B, 0x25, 0x53,
    0x02, 0x32, 0x43, 0x4A, 0x27, 0x7B, 0xE6, 0x82, 0x68, 0x93, 0xA5, 0x72, 0x48, 0x83, 0x07, 0x73,
    0x85, 0x62, 0x48, 0x7B, 0x44, 0x62, 0x82, 0x59, 0x01, 0x59, 0xC1, 0x58, 0xA1, 0x58, 0xA0, 0x50,
    0xC0, 0x48, 0xE1, 0x48, 0xE3, 0x61, 0x07, 0x83, 0x89, 0x93, 0xCB, 0x9B, 0x0C, 0x9C, 0x0D, 0xA4,
    0x0C, 0xA4, 0x4C, 0xA4, 0x8D, 0xA4, 0xAC, 0xA4, 0xCB, 0x9C, 0x8A, 0x94, 0x69, 0x9C, 0x8A, 0xA4,
    0x28, 0x94, 0x06, 0x7C, 0x45, 0x84, 0xC3, 0x63, 0x22, 0x4B, 0x62, 0x53, 0x66, 0x84, 0x65, 0x8C,
    0x45, 0x7C, 0x04, 0x64, 0xA3, 0x53, 0xE3, 0x5A, 0x82, 0x69, 0x62, 0x60, 0x21, 0x50, 0xA1, 0x48,
    0x64, 0x5A, 0x67, 0x6B, 0x26, 0x5B, 0xE5, 0x52, 0xC5, 0x52, 0x06, 0x53, 0x06, 0x53, 0x06, 0x53,
    0xC6, 0x42, 0x86, 0x3A, 0x66, 0x3A, 0x86, 0x3A, 0x06, 0x4B, 0x66, 0x5B, 0x65, 0x5B, 0xE7, 0x7B,
    0x48, 0x8C, 0x06, 0x84, 0xC6, 0x73, 0xA5, 0x6B, 0x65, 0x63, 0x25, 0x53, 0xC4, 0x4A, 0x83, 0x3A,
    0x63, 0x32, 0x63, 0x32, 0x84, 0x3A, 0x84, 0x3A, 0x64, 0x3A, 0x64, 0x3A, 0x85, 0x42, 0xC7, 0x4A,
    0x45, 0x32, 0x83, 0x19, 0x62, 0x11, 0xA3, 0x19, 0x66, 0x3A, 0x08, 0x5B, 0x48, 0x63, 0x28, 0x5B,
    0xA7, 0x42, 0x26, 0x32, 0xE4, 0x21, 0x05, 0x1A, 0x46, 0x22, 0x65, 0x1A, 0x86, 0x22, 0xA6, 0x2A,
    0xC8, 0x63, 0x67, 0x53, 0x46, 0x4B, 0x46, 0x4B, 0x86, 0x53, 0xA7, 0x5B, 0xA7, 0x5B, 0x66, 0x53,
    0x66, 0x53, 0x66, 0x53, 0x66, 0x53, 0x87, 0x5B, 0xE8, 0x6B, 0xC7, 0x63, 0x87, 0x53, 0x87, 0x5B,
    0xA7, 0x5B, 0xE8, 0x63, 0xE8, 0x63, 0xC8, 0x5B, 0xA7, 0x53, 0xA8, 0x53, 0x88, 0x53, 0x67, 0x4B,
    0x67, 0x53, 0x47, 0x53, 0x07, 0x53, 0xC6, 0x4A, 0x86, 0x42, 0xE4, 0x21, 0xA3, 0x11, 0x62, 0x11,
    0x02, 0x09, 0x43, 0x21, 0xE4, 0x51, 0xE1, 0x38, 0xC1, 0x20, 0x64, 0x21, 0xE5, 0x21, 0x25, 0x2A,
    0x83, 0x21, 0x41, 0x19, 0x82, 0x29, 0xA3, 0x31, 0x83, 0x31, 0x62, 0x29, 0x41, 0x21, 0x21, 0x11,
    0x42, 0x11, 0x23, 0x09, 0x23, 0x11, 0x22, 0x21, 0x21, 0x39, 0x62, 0x41, 0x42, 0x31, 0x42, 0x19,
    0x42, 0x11, 0x22, 0x11, 0x23, 0x29, 0x64, 0x41, 0x84, 0x49, 0x84, 0x39, 0xC5, 0x39, 0x84, 0x31,
    0xC4, 0x41, 0x09, 0x83, 0x8B, 0x93, 0x8B, 0x93, 0x8C, 0x93, 0xAC, 0x9B, 0x0D, 0xA4, 0xEC, 0x9B,
    0x6A, 0x73, 0xC8, 0x42, 0x05, 0x2A, 0xE5, 0x21, 0x25, 0x2A, 0x46, 0x2A, 0xA8, 0x32, 0xE9, 0x42,
    0xE9, 0x3A, 0xEA, 0x32, 0xCA, 0x2A, 0x68, 0x2A, 0x89, 0x2A, 0xA9, 0x2A, 0x89, 0x2A, 0x89, 0x2A,
    0xA9, 0x32, 0x89, 0x32, 0x88, 0x42, 0x2A, 0x63, 0x2A, 0x6B, 0x0A, 0x5B, 0x0A, 0x4B, 0x0B, 0x4B,
    0x0A, 0x4B, 0x0B, 0x43, 0x0B, 0x43, 0x0A, 0x4B, 0x29, 0x53, 0x28, 0x53, 0x68, 0x53, 0x89, 0x5B,
    0x49, 0x4B, 0x6A, 0x53, 0xCC, 0x63, 0xAB, 0x53, 0x6A, 0x43, 0x29, 0x33, 0xE8, 0x32, 0xEC, 0x73,
    0x2E, 0xA4, 0x4B, 0x9B, 0x2A, 0x9B, 0x2B, 0xA3, 0x0A, 0x9B, 0x0B, 0xA3, 0x0B, 0xA3, 0xEA, 0x9A,
    0xCA, 0x9A, 0xCA, 0x9A, 0xA9, 0x9A, 0x89, 0x92, 0xAA, 0x92, 0x69, 0x82, 0x2C, 0x93, 0xAE, 0x9B,
    0xAE, 0xA3, 0xAF, 0xA3, 0xAF, 0xA3, 0xCF, 0xAB, 0xEF, 0xAB, 0xCF, 0xAB, 0x10, 0xB4, 0x0F, 0xBC,
    0x70, 0xCC, 0x6F, 0xCC, 0x6F, 0xCC, 0x70, 0xCC, 0x90, 0xCC, 0x4F, 0xCC, 0x4F, 0xCC, 0x2F, 0xC4,
    0xCE, 0xBB, 0xCE, 0xBB, 0xEF, 0xBB, 0xAE, 0xB3, 0xAE, 0xB3, 0xAE, 0xB3, 0xCE, 0xBB, 0xAE, 0xB3,
    0xEE, 0xBB, 0x2F, 0xBC, 0x4E, 0xBC, 0x6F, 0xBC, 0xAF, 0xC4, 0xAF, 0xC4, 0xCF, 0xC4, 0xCF, 0xC4,
    0xD0, 0xC4, 0xF0, 0xCC, 0xB0, 0xC4, 0xAF, 0xC4, 0x8F, 0xC4, 0x6F, 0xC4, 0x6F, 0xC4, 0x4F, 0xCC,
    0x0F, 0xC4, 0x0F, 0xCC, 0x0F, 0xCC, 0x0E, 0xCC, 0x0E, 0xCC, 0x2F, 0xCC, 0x0E, 0xCC, 0x2F, 0xCC,
    0x4F, 0xCC, 0x2F, 0xCC, 0x2F, 0xCC, 0x4F, 0xCC, 0x70, 0xCC, 0x6F, 0xCC, 0x90, 0xD4, 0x6F, 0xCC,
    0x4F, 0xCC, 0xB0, 0xD4, 0xB1, 0xD4, 0x90, 0xD4, 0x70, 0xCC, 0xB0, 0xD4, 0x90, 0xD4, 0x90, 0xD4,
    0x70, 0xCC, 0x70, 0xD4, 0x70, 0xD4, 0x0F, 0xCC, 0x8C, 0xBB, 0x6B, 0xC3, 0x6B, 0xC3, 0x4B, 0xBB,
    0x6C, 0xBB, 0x6B, 0xBB, 0x6B, 0xB3, 0xAC, 0xBB, 0xAC, 0xBB, 0xAC, 0xBB, 0x8C, 0xB3, 0x8B, 0xAB,
    0x4A, 0xA3, 0x4A, 0xA3, 0x4A, 0x9B, 0x8B, 0x9B, 0xAC, 0x8B, 0xC9, 0x5A, 0x27, 0x32, 0x47, 0x2A,
    0x08, 0x43, 0xAA, 0x53, 0xEA, 0x63, 0x0A, 0x6C, 0x09, 0x74, 0xE9, 0x6B, 0xC8, 0x63, 0xA7, 0x5B,
    0x47, 0x53, 0x67, 0x63, 0x89, 0x7B, 0x48, 0x7B, 0x8A, 0x83, 0x8A, 0x73, 0xCB, 0x73, 0xCB, 0x6B,
    0xCA, 0x63, 0x0B, 0x6C, 0xCA, 0x73, 0x48, 0x6B, 0x24, 0x62, 0x41, 0x59, 0x42, 0x61, 0xA3, 0x69,
    0xE3, 0x69, 0xA6, 0x82, 0x27, 0x8B, 0x87, 0x93, 0xA9, 0x93, 0xA9, 0x93, 0x89, 0x8B, 0x89, 0x8B,
    0xCA, 0x8B, 0x6B, 0x9C, 0xAC, 0x9C, 0xAA, 0x8C, 0xA9, 0x84, 0x89, 0x8C, 0x49, 0xAC, 0x09, 0xB4,
    0x66, 0x93, 0x44, 0x7B, 0x43, 0x73, 0xC1, 0x52, 0xE1, 0x42, 0xC1, 0x42, 0xA2, 0x5A, 0xE3, 0x7A,
    0x66, 0x8B, 0x65, 0x73, 0x23, 0x4B, 0xE3, 0x42, 0xA1, 0x41, 0x80, 0x40, 0xE1, 0x48, 0x67, 0x83,
    0x88, 0x8C, 0x47, 0x7C, 0xC7, 0x73, 0x66, 0x63, 0x05, 0x53, 0xE6, 0x52, 0xA5, 0x4A, 0xA5, 0x4A,
    0xE6, 0x4A, 0xE6, 0x4A, 0x65, 0x3A, 0x65, 0x3A, 0xE5, 0x4A, 0x45, 0x5B, 0x85, 0x6B, 0x07, 0x7C,
    0x07, 0x7C, 0xC6, 0x73, 0x45, 0x5B, 0x04, 0x4B, 0xE4, 0x42, 0xC4, 0x42, 0xE4, 0x42, 0xC5, 0x42,
    0x43, 0x2A, 0x02, 0x22, 0x02, 0x22, 0x03, 0x2A, 0x24, 0x32, 0x64, 0x3A, 0x84, 0x3A, 0x84, 0x3A,
    0x24, 0x32, 0xA2, 0x21, 0xE3, 0x21, 0xE6, 0x42, 0x88, 0x5B, 0x48, 0x53, 0x07, 0x4B, 0x07, 0x43,
    0xE8, 0x42, 0xE8, 0x42, 0x66, 0x2A, 0xE4, 0x19, 0x25, 0x1A, 0x66, 0x22, 0x66, 0x22, 0x66, 0x22,
    0x06, 0x43, 0xE5, 0x42, 0xC5, 0x3A, 0x84, 0x32, 0xC5, 0x3A, 0x46, 0x4B, 0x26, 0x4B, 0x26, 0x4B,
    0x26, 0x4B, 0x67, 0x53, 0x87, 0x53, 0x66, 0x4B, 0x87, 0x5B, 0x46, 0x4B, 0x26, 0x4B, 0x46, 0x4B,
    0x66, 0x53, 0x87, 0x53, 0xA7, 0x5B, 0xA7, 0x5B, 0xA7, 0x53, 0xE8, 0x5B, 0xE8, 0x63, 0xE8, 0x5B,
    0xA7, 0x53, 0x87, 0x53, 0x47, 0x4B, 0x06, 0x43, 0x47, 0x4B, 0x27, 0x4B, 0x07, 0x43, 0x86, 0x32,
    0xC4, 0x21, 0x83, 0x29, 0xA4, 0x49, 0xE1, 0x38, 0xC2, 0x28, 0x44, 0x29, 0xC5, 0x21, 0xE5, 0x21,
    0xC4, 0x29, 0x25, 0x4A, 0x05, 0x52, 0xE5, 0x51, 0x26, 0x5A, 0x05, 0x52, 0xC3, 0x49, 0x62, 0x31,
    0x21, 0x11, 0xE2, 0x08, 0x22, 0x21, 0x21, 0x31, 0x21, 0x39, 0x42, 0x31, 0x21, 0x19, 0x22, 0x09,
    0x22, 0x11, 0x22, 0x11, 0x22, 0x11, 0x02, 0x19, 0x02, 0x19, 0x02, 0x11, 0x23, 0x19, 0x84, 0x29,
    0x22, 0x31, 0xA4, 0x59, 0xC9, 0x8A, 0x4B, 0x93, 0x6C, 0x93, 0xCD, 0xA3, 0x8E, 0xC4, 0x4E, 0xBC,
    0xEC, 0x93, 0x49, 0x5B, 0x29, 0x4B, 0xA7, 0x3A, 0x46, 0x2A, 0x67, 0x32, 0xC9, 0x3A, 0xA9, 0x32,
    0xA9, 0x32, 0xEA, 0x32, 0xAA, 0x2A, 0x68, 0x22, 0x89, 0x2A, 0x89, 0x2A, 0x89, 0x2A, 0x69, 0x22,
    0x89, 0x2A, 0xCA, 0x32, 0x89, 0x32, 0x89, 0x3A, 0xA9, 0x3A, 0xCA, 0x42, 0xEA, 0x4A, 0xEA, 0x4A,
    0xEA, 0x4A, 0xEA, 0x42, 0xEA, 0x4A, 0x09, 0x5B, 0xE7, 0x62, 0x07, 0x53, 0x68, 0x53, 0x69, 0x53,
    0x29, 0x4B, 0x4A, 0x53, 0xAB, 0x5B, 0xAB, 0x5B, 0xAC, 0x5B, 0xCC, 0x5B, 0xEC, 0x5B, 0xCC, 0x5B,
    0x2E, 0x84, 0x2E, 0xA4, 0x6B, 0xA3, 0x2A, 0x9B, 0x0A, 0xA3, 0x0A, 0xA3, 0x0A, 0x9B, 0xEA, 0x9A,
    0xCA, 0x9A, 0xCA, 0x9A, 0xAA, 0x9A, 0x89, 0x92, 0x69, 0x8A, 0xEB, 0x8A, 0x8E, 0x9B, 0xCF, 0xA3,
    0xCF, 0xA3, 0xEF, 0xAB, 0xCF, 0xAB, 0xEF, 0xAB, 0xF0, 0xB3, 0x0F, 0xB4, 0x50, 0xBC, 0x90, 0xCC,
    0x90, 0xCC, 0x6F, 0xCC, 0x90, 0xD4, 0xB1, 0xD4, 0xB0, 0xD4, 0x70, 0xCC, 0x90, 0xD4, 0x6F, 0xCC,
    0x4F, 0xCC, 0x50, 0xCC, 0x0F, 0xC4, 0xEF, 0xC3, 0xCE, 0xBB, 0xEE, 0xBB, 0x2F, 0xBC, 0x6F, 0xC4,
    0x8F, 0xC4, 0x11, 0xCD, 0x31, 0xCD, 0x51, 0xCD, 0x51, 0xCD, 0x30, 0xCD, 0x51, 0xCD, 0x51, 0xCD,
    0x71, 0xCD, 0x71, 0xCD, 0x71, 0xCD, 0x71, 0xCD, 0x71, 0xD5, 0x31, 0xCD, 0x31, 0xCD, 0xF0, 0xCC,
    0xD0, 0xCC, 0x90, 0xCC, 0x2F, 0xCC, 0x2F, 0xCC, 0x2F, 0xCC, 0x2F, 0xD4, 0x0F, 0xCC, 0x4F, 0xCC,
    0x4F, 0xCC, 0x2F, 0xCC, 0x4F, 0xCC, 0x70, 0xD4, 0xB0, 0xD4, 0x6F, 0xCC, 0x90, 0xD4, 0x90, 0xD4,
    0x70, 0xCC, 0xB0, 0xD4, 0x90, 0xCC, 0x90, 0xD4, 0x70, 0xCC, 0xB0, 0xD4, 0x90, 0xD4, 0xB0, 0xD4,
    0x90, 0xD4, 0x90, 0xD4, 0x70, 0xCC, 0x4F, 0xCC, 0xAD, 0xC3, 0x0A, 0xBB, 0x2A, 0xBB, 0x4B, 0xBB,
    0x6C, 0xBB, 0x8C, 0xBB, 0x6B, 0xB3, 0x6B, 0xB3, 0x6B, 0xB3, 0x8C, 0xB3, 0x4A, 0xAB, 0x4B, 0xA3,
    0x4A, 0xA3, 0x2A, 0x9B, 0x4B, 0x9B, 0x29, 0x7B, 0x46, 0x42, 0x05, 0x2A, 0x87, 0x32, 0x8A, 0x5B,
    0x6C, 0x74, 0x8B, 0x74, 0x6B, 0x74, 0x49, 0x74, 0x29, 0x6C, 0x09, 0x6C, 0xE9, 0x6B, 0x88, 0x63,
    0xA8, 0x63, 0xE9, 0x63, 0xEA, 0x6B, 0xAB, 0x63, 0x8B, 0x5B, 0x8B, 0x5B, 0xAB, 0x53, 0xAB, 0x53,
    0xAA, 0x53, 0xEA, 0x53, 0xEA, 0x5B, 0xEA, 0x63, 0x68, 0x6B, 0xA6, 0x6A, 0x07, 0x83, 0xA8, 0x9B,
    0xC8, 0xA3, 0x09, 0xA4, 0x29, 0xA4, 0x08, 0xA4, 0x2A, 0xA4, 0x2A, 0xA4, 0x4B, 0x9C, 0x4B, 0x94,
    0x8B, 0x94, 0x8A, 0x8C, 0x8A, 0x84, 0x69, 0x84, 0x68, 0x84, 0x49, 0x9C, 0xC8, 0xBB, 0x07, 0xB3,
    0x85, 0x9A, 0x27, 0xAB, 0x48, 0xAB, 0xA4, 0x7A, 0xE2, 0x52, 0x61, 0x42, 0xA0, 0x51, 0x86, 0x9A,
    0x08, 0xAB, 0x85, 0x7A, 0x22, 0x42, 0x82, 0x32, 0x21, 0x32, 0x02, 0x42, 0x45, 0x73, 0xA9, 0x94,
    0x86, 0x84, 0x25, 0x74, 0xC6, 0x6B, 0xA6, 0x6B, 0x87, 0x63, 0x26, 0x5B, 0xA5, 0x42, 0x26, 0x53,
    0xA7, 0x63, 0xE8, 0x73, 0x67, 0x63, 0x84, 0x42, 0x66, 0x63, 0xE7, 0x73, 0xC6, 0x73, 0xC6, 0x73,
    0x64, 0x63, 0x24, 0x5B, 0xE4, 0x4A, 0x83, 0x3A, 0xA3, 0x42, 0xC4, 0x4A, 0xC4, 0x4A, 0xE5, 0x42,
    0x84, 0x32, 0x03, 0x22, 0xE2, 0x21, 0x03, 0x2A, 0x43, 0x32, 0x84, 0x3A, 0x05, 0x4B, 0x26, 0x4B,
    0x84, 0x3A, 0x64, 0x32, 0x67, 0x53, 0xA8, 0x5B, 0x47, 0x53, 0x27, 0x4B, 0x07, 0x43, 0xC7, 0x32,
    0x66, 0x2A, 0x46, 0x2A, 0xC7, 0x42, 0xA7, 0x4A, 0x45, 0x32, 0x25, 0x1A, 0x25, 0x1A, 0x45, 0x1A,
    0x06, 0x43, 0x06, 0x43, 0x06, 0x43, 0x06, 0x43, 0x06, 0x43, 0x06, 0x43, 0xE6, 0x42, 0xC5, 0x3A,
    0xE6, 0x3A, 0x06, 0x43, 0x06, 0x43, 0x06, 0x43, 0x46, 0x4B, 0x67, 0x53, 0x47, 0x4B, 0x26, 0x4B,
    0x26, 0x4B, 0x66, 0x4B, 0x46, 0x4B, 0x46, 0x4B, 0x67, 0x53, 0x67, 0x53, 0x67, 0x53, 0xA7, 0x5B,
    0xE8, 0x63, 0xC8, 0x5B, 0x47, 0x4B, 0x06, 0x43, 0x47, 0x43, 0x67, 0x4B, 0x67, 0x4B, 0x88, 0x4B,
    0x47, 0x4B, 0xA6, 0x4A, 0xE4, 0x49, 0x22, 0x31, 0xC1, 0x20, 0x23, 0x21, 0xA5, 0x21, 0xA4, 0x19,
    0x46, 0x42, 0x86, 0x5A, 0x62, 0x41, 0xA4, 0x51, 0x25, 0x62, 0x04, 0x62, 0x24, 0x62, 0xE4, 0x49,
    0x22, 0x19, 0x02, 0x19, 0x22, 0x31, 0x01, 0x39, 0x42, 0x39, 0x22, 0x21, 0x01, 0x09, 0x02, 0x09,
    0x02, 0x09, 0x23, 0x11, 0x23, 0x11, 0x43, 0x11, 0x64, 0x11, 0x84, 0x19, 0xC5, 0x29, 0xE5, 0x29,
    0x42, 0x21, 0xE1, 0x28, 0xE5, 0x61, 0xC9, 0x82, 0xE9, 0x82, 0xE8, 0x8A, 0x48, 0x9B, 0x08, 0x93,
    0xE7, 0x7A, 0xC7, 0x52, 0x08, 0x4B, 0x8A, 0x5B, 0x6B, 0x5B, 0x88, 0x3A, 0x89, 0x2A, 0x89, 0x2A,
    0xA9, 0x2A, 0xCA, 0x2A, 0x89, 0x22, 0x28, 0x1A, 0x69, 0x22, 0x89, 0x2A, 0xAA, 0x2A, 0xA9, 0x2A,
    0xA9, 0x2A, 0xCA, 0x2A, 0xA9, 0x2A, 0x68, 0x2A, 0xA9, 0x32, 0xAA, 0x32, 0xCA, 0x3A, 0xCA, 0x42,
    0x88, 0x4A, 0x68, 0x42, 0xA9, 0x4A, 0x87, 0x5A, 0x24, 0x52, 0xA5, 0x52, 0x48, 0x53, 0x28, 0x4B,
    0xC8, 0x3A, 0x09, 0x43, 0x8B, 0x53, 0x6A, 0x5B, 0x6B, 0x53, 0x8B, 0x53, 0x8B, 0x53, 0x8C, 0x53,
    0x6B, 0x53, 0x8C, 0x6B, 0xCD, 0x93, 0x8B, 0x9B, 0x2A, 0xA3, 0x09, 0xA3, 0x0A, 0x9B, 0x0A, 0xA3,
    0x0B, 0xA3, 0xEA, 0x9A, 0xCA, 0x9A, 0x69, 0x8A, 0x49, 0x82, 0x4D, 0x93, 0xAF, 0xA3, 0xCF, 0xA3,
    0xCF, 0xA3, 0xF0, 0xAB, 0xEF, 0xAB, 0x30, 0xB4, 0x30, 0xB4, 0x50, 0xBC, 0x70, 0xCC, 0x70, 0xCC,
    0xB1, 0xD4, 0xB1, 0xD4, 0xB1, 0xD4, 0xB1, 0xD4, 0xB0, 0xD4, 0xD1, 0xD4, 0xB0, 0xD4, 0x90, 0xD4,
    0x90, 0xD4, 0x70, 0xCC, 0x2F, 0xC4, 0x2F, 0xC4, 0x4F, 0xC4, 0x6F, 0xC4, 0xF0, 0xC4, 0x31, 0xCD,
    0x31, 0xCD, 0x51, 0xCD, 0x71, 0xCD, 0x71, 0xCD, 0x51, 0xCD, 0x51, 0xCD, 0x51, 0xCD, 0x51, 0xCD,
    0x71, 0xCD, 0x71, 0xCD, 0x71, 0xCD, 0x91, 0xCD, 0x91, 0xCD, 0x92, 0xD5, 0x71, 0xCD, 0x71, 0xD5,
    0x71, 0xD5, 0x51, 0xD5, 0xF0, 0xCC, 0xB0, 0xCC, 0x4F, 0xCC, 0x0F, 0xCC, 0x4F, 0xD4, 0x6F, 0xD4,
    0x4F, 0xD4, 0x70, 0xD4, 0x70, 0xD4, 0x6F, 0xD4, 0x6F, 0xCC, 0x4F, 0xCC, 0x90, 0xD4, 0x90, 0xCC,
    0x90, 0xCC, 0x90, 0xD4, 0xB1, 0xD4, 0x90, 0xD4, 0x70, 0xCC, 0x90, 0xD4, 0xB1, 0xD4, 0x90, 0xCC,
    0x90, 0xD4, 0xD1, 0xD4, 0x90, 0xCC, 0x90, 0xD4, 0x2F, 0xCC, 0x2B, 0xBB, 0x0A, 0xB3, 0x0A, 0xB3,
    0x6B, 0xBB, 0x8C, 0xBB, 0x6B, 0xB3, 0x6B, 0xB3, 0x2A, 0xAB, 0x2A, 0xA3, 0x4A, 0xA3, 0x4A, 0xA3,
    0x2A, 0x9B, 0x8B, 0x9B, 0x29, 0x73, 0x25, 0x3A, 0x65, 0x3A, 0x08, 0x4B, 0xA9, 0x63, 0x6C, 0x7C,
    0x0B, 0x6C, 0x48, 0x4B, 0xA5, 0x3A, 0x27, 0x4B, 0xC8, 0x63, 0xE9, 0x6B, 0x06, 0x5B, 0x81, 0x31,
    0xA5, 0x4A, 0xEA, 0x63, 0x8A, 0x5B, 0x2A, 0x4B, 0x0A, 0x43, 0x0A, 0x43, 0x2A, 0x43, 0x6A, 0x4B,
    0x8A, 0x4B, 0xA9, 0x4B, 0xA9, 0x4B, 0xA9, 0x53, 0x88, 0x5B, 0x26, 0x63, 0xA7, 0x8B, 0x29, 0xAC,
    0x49, 0xAC, 0x69, 0xAC, 0x49, 0xA4, 0x49, 0xA4, 0x4A, 0xAC, 0x6A, 0xA4, 0x4A, 0x94, 0x6A, 0x8C,
    0x6A, 0x84, 0x6A, 0x84, 0x6A, 0x7C, 0x69, 0x7C, 0x69, 0x7C, 0xE7, 0x83, 0xA4, 0x82, 0x02, 0x72,
    0x43, 0x82, 0xE8, 0xB2, 0x67, 0xA2, 0xC2, 0x69, 0x41, 0x4A, 0x61, 0x42, 0x23, 0x5A, 0x25, 0x8A,
    0xA4, 0x79, 0x61, 0x51, 0xA0, 0x31, 0x01, 0x2A, 0x62, 0x32, 0x24, 0x53, 0x47, 0x7C, 0x47, 0x7C,
    0xC5, 0x6B, 0x85, 0x63, 0x65, 0x5B, 0x45, 0x53, 0x06, 0x53, 0x06, 0x4B, 0x06, 0x4B, 0x46, 0x5B,
    0x86, 0x5B, 0xC7, 0x6B, 0xC7, 0x6B, 0x45, 0x5B, 0xE7, 0x7B, 0x88, 0x84, 0x88, 0x84, 0x88, 0x84,
    0xA6, 0x63, 0xC4, 0x4A, 0x84, 0x3A, 0xA3, 0x42, 0x47, 0x73, 0x88, 0x83, 0x06, 0x5B, 0x85, 0x3A,
    0x65, 0x32, 0x04, 0x2A, 0xE3, 0x21, 0x44, 0x32, 0xC5, 0x42, 0xC5, 0x42, 0x26, 0x53, 0x26, 0x53,
    0x64, 0x3A, 0x05, 0x4B, 0x87, 0x53, 0x67, 0x53, 0x47, 0x4B, 0x07, 0x43, 0xA7, 0x32, 0x66, 0x2A,
    0x06, 0x22, 0x05, 0x32, 0x28, 0x73, 0x08, 0x73, 0x46, 0x42, 0x05, 0x22, 0x05, 0x1A, 0x25, 0x1A,
    0x27, 0x4B, 0x06, 0x43, 0x85, 0x32, 0xC6, 0x3A, 0xC6, 0x3A, 0x65, 0x32, 0x85, 0x32, 0x65, 0x32,
    0x65, 0x32, 0xC6, 0x3A, 0xE6, 0x42, 0x06, 0x43, 0x47, 0x4B, 0x67, 0x53, 0x46, 0x4B, 0x67, 0x53,
    0xA8, 0x53, 0x88, 0x53, 0x06, 0x43, 0xC5, 0x3A, 0x26, 0x4B, 0x67, 0x53, 0x26, 0x4B, 0x46, 0x4B,
    0x87, 0x53, 0x88, 0x53, 0x67, 0x4B, 0x27, 0x43, 0xE5, 0x3A, 0x26, 0x43, 0x26, 0x43, 0x66, 0x4B,
    0xA7, 0x53, 0x67, 0x53, 0x27, 0x53, 0xC6, 0x52, 0xE4, 0x39, 0x22, 0x21, 0x84, 0x21, 0xA4, 0x19,
    0xC4, 0x29, 0xA3, 0x31, 0x42, 0x31, 0x63, 0x41, 0x82, 0x49, 0x83, 0x51, 0xA3, 0x51, 0x83, 0x41,
    0x01, 0x19, 0x02, 0x21, 0xE2, 0x30, 0x02, 0x39, 0x42, 0x31, 0x02, 0x11, 0xE1, 0x08, 0x02, 0x09,
    0x02, 0x09, 0x02, 0x09, 0x23, 0x09, 0x43, 0x09, 0x63, 0x11, 0xA4, 0x21, 0x25, 0x3A, 0x03, 0x2A,
    0x23, 0x2A, 0x01, 0x19, 0x01, 0x31, 0x06, 0x62, 0x88, 0x72, 0x87, 0x7A, 0x45, 0x72, 0xC3, 0x61,
    0x04, 0x52, 0xC7, 0x52, 0x07, 0x4B, 0x49, 0x53, 0xCC, 0x63, 0xA9, 0x3A, 0x68, 0x22, 0x89, 0x22,
    0xA9, 0x2A, 0xAA, 0x2A, 0x68, 0x22, 0x28, 0x1A, 0x69, 0x22, 0xAA, 0x2A, 0xAA, 0x2A, 0xAA, 0x2A,
    0xAA, 0x2A, 0xCA, 0x2A, 0xA9, 0x2A, 0x48, 0x22, 0x89, 0x2A, 0xAA, 0x2A, 0xAA, 0x32, 0x8A, 0x3A,
    0x27, 0x3A, 0xC6, 0x39, 0x27, 0x4A, 0x26, 0x5A, 0xC3, 0x49, 0x65, 0x4A, 0x08, 0x4B, 0xE8, 0x42,
    0x67, 0x2A, 0xA8, 0x32, 0x6B, 0x4B, 0x6A, 0x53, 0x4A, 0x53, 0x2A, 0x4B, 0x2B, 0x4B, 0x4B, 0x43,
    0x4C, 0x43, 0xEA, 0x3A, 0xEA, 0x4A, 0x8C, 0x7B, 0xCD, 0x9B, 0x4A, 0xA3, 0x09, 0x9B, 0x09, 0x9B,
    0x0A, 0xA3, 0xEA, 0x9A, 0xA9, 0x92, 0x89, 0x8A, 0xCB, 0x8A, 0xAE, 0xA3, 0xCF, 0xA3, 0x10, 0xAC,
    0xEF, 0xAB, 0xEF, 0xAB, 0xEF, 0xAB, 0x10, 0xB4, 0x50, 0xBC, 0x70, 0xC4, 0x70, 0xCC, 0xB1, 0xD4,
    0xF1, 0xD4, 0xB1, 0xD4, 0xD1, 0xD4, 0x90, 0xD4, 0xF1, 0xDC, 0xD1, 0xD4, 0xD1, 0xDC, 0xB1, 0xDC,
    0xD1, 0xDC, 0x90, 0xCC, 0xB0, 0xCC, 0xD1, 0xCC, 0x31, 0xD5, 0x51, 0xCD, 0x51, 0xCD, 0x51, 0xCD,
    0x51, 0xCD, 0x51, 0xCD, 0x71, 0xCD, 0x71, 0xCD, 0x92, 0xD5, 0x71, 0xCD, 0x71, 0xCD, 0x71, 0xCD,
    0x51, 0xCD, 0x71, 0xCD, 0x71, 0xCD, 0x71, 0xCD, 0x71, 0xCD, 0x92, 0xCD, 0x71, 0xCD, 0x92, 0xD5,
    0x72, 0xCD, 0x92, 0xD5, 0x92, 0xD5, 0x72, 0xD5, 0x11, 0xD5, 0x8F, 0xCC, 0x4F, 0xCC, 0x4F, 0xCC,
    0x70, 0xD4, 0x50, 0xD4, 0x70, 0xD4, 0x70, 0xD4, 0x6F, 0xCC, 0x70, 0xD4, 0x90, 0xD4, 0x90, 0xD4,
    0x90, 0xCC, 0xB0, 0xD4, 0x90, 0xCC, 0x90, 0xD4, 0xB1, 0xD4, 0x90, 0xD4, 0xD1, 0xD4, 0xB0, 0xD4,
    0x90, 0xCC, 0xD1, 0xD4, 0x90, 0xCC, 0x70, 0xCC, 0x70, 0xD4, 0xAD, 0xC3, 0xC9, 0xAA, 0x0A, 0xB3,
    0x2A, 0xB3, 0x4B, 0xB3, 0x2A, 0xAB, 0x2A, 0xAB, 0x2A, 0xAB, 0x2A, 0xA3, 0x4B, 0xA3, 0x6B, 0xA3,
    0x2A, 0x8B, 0xC7, 0x62, 0x24, 0x32, 0x44, 0x32, 0xC5, 0x42, 0x47, 0x5B, 0xEA, 0x73, 0x0B, 0x74,
    0xAB, 0x5B, 0x09, 0x43, 0x66, 0x32, 0xA6, 0x42, 0x26, 0x53, 0x06, 0x5B, 0x03, 0x4A, 0x61, 0x31,
    0x07, 0x4B, 0xCA, 0x5B, 0x69, 0x53, 0xC9, 0x42, 0x88, 0x32, 0x68, 0x32, 0xA8, 0x3A, 0x09, 0x43,
    0x49, 0x43, 0x28, 0x3B, 0x07, 0x3B, 0x07, 0x43, 0xC5, 0x42, 0x26, 0x63, 0x08, 0x94, 0x49, 0xAC,
    0x49, 0xAC, 0x49, 0xAC, 0x08, 0xA4, 0x28, 0xA4, 0x29, 0xA4, 0xC8, 0x8B, 0x87, 0x73, 0x09, 0x74,
    0x2A, 0x7C, 0x4A, 0x84, 0x49, 0x84, 0x29, 0x7C, 0x08, 0x74, 0x65, 0x63, 0x61, 0x4A, 0x41, 0x42,
    0x24, 0x6B, 0xE5, 0x82, 0xA2, 0x61, 0x40, 0x41, 0x21, 0x3A, 0x83, 0x3A, 0xE2, 0x41, 0xE0, 0x38,
    0x40, 0x41, 0x62, 0x4A, 0x83, 0x42, 0x21, 0x32, 0x83, 0x3A, 0x45, 0x5B, 0xA6, 0x63, 0x86, 0x63,
    0x04, 0x4B, 0x05, 0x4B, 0x05, 0x43, 0x85, 0x3A, 0x25, 0x32, 0x66, 0x3A, 0xE7, 0x42, 0x06, 0x4B,
    0x26, 0x53, 0x46, 0x63, 0x26, 0x5B, 0x25, 0x63, 0xA6, 0x73, 0x07, 0x7C, 0x47, 0x7C, 0x28, 0x7C,
    0x87, 0x63, 0x23, 0x32, 0x03, 0x32, 0xA5, 0x5A, 0xC6, 0x7A, 0x45, 0x6A, 0x04, 0x4A, 0x46, 0x32,
    0x46, 0x32, 0xA3, 0x19, 0xA3, 0x19, 0x45, 0x32, 0xC5, 0x42, 0x85, 0x3A, 0x44, 0x3A, 0xC2, 0x29,
    0xE2, 0x29, 0x67, 0x53, 0x47, 0x4B, 0xC7, 0x42, 0x86, 0x32, 0x66, 0x2A, 0x26, 0x22, 0x06, 0x22,
    0xC5, 0x21, 0xE5, 0x41, 0xE8, 0x7A, 0xE4, 0x59, 0x42, 0x31, 0x84, 0x21, 0xA4, 0x19, 0xC4, 0x11,
    0xA5, 0x3A, 0xC6, 0x3A, 0x65, 0x32, 0x85, 0x32, 0x85, 0x3A, 0xC5, 0x3A, 0x07, 0x4B, 0x27, 0x4B,
    0x06, 0x43, 0x26, 0x4B, 0x47, 0x4B, 0x06, 0x4B, 0xE6, 0x42, 0x06, 0x43, 0x26, 0x4B, 0x26, 0x43,
    0x06, 0x43, 0x06, 0x43, 0xC5, 0x3A, 0xC5, 0x3A, 0x06, 0x43, 0x47, 0x4B, 0x47, 0x4B, 0x87, 0x53,
    0x67, 0x53, 0x47, 0x4B, 0x47, 0x4B, 0x27, 0x43, 0xE6, 0x3A, 0x06, 0x43, 0x67, 0x4B, 0x46, 0x43,
    0x66, 0x4B, 0x47, 0x4B, 0x47, 0x4B, 0x67, 0x53, 0x48, 0x53, 0x86, 0x42, 0xE4, 0x29, 0x63, 0x19,
    0x42, 0x11, 0x83, 0x19, 0x83, 0x21, 0x43, 0x29, 0x01, 0x39, 0x21, 0x49, 0x41, 0x49, 0x83, 0x41,
    0x43, 0x29, 0xE1, 0x20, 0xC1, 0x30, 0x22, 0x39, 0x63, 0x31, 0xE1, 0x08, 0xE1, 0x00, 0x02, 0x09,
    0x22, 0x11, 0x63, 0x11, 0x83, 0x11, 0x83, 0x09, 0xA3, 0x09, 0xC3, 0x21, 0x24, 0x3A, 0x05, 0x43,
    0x66, 0x4B, 0x81, 0x21, 0x60, 0x10, 0x02, 0x39, 0x26, 0x62, 0x87, 0x72, 0xC3, 0x59, 0x62, 0x49,
    0x25, 0x52, 0xE7, 0x52, 0x28, 0x4B, 0x08, 0x4B, 0x29, 0x53, 0xC9, 0x3A, 0x68, 0x22, 0x89, 0x22,
    0x89, 0x2A, 0xAA, 0x2A, 0x48, 0x22, 0x07, 0x1A, 0x69, 0x22, 0x8A, 0x2A, 0x8A, 0x2A, 0x8A, 0x2A,
    0xAA, 0x2A, 0xAA, 0x2A, 0x89, 0x2A, 0x69, 0x22, 0x8A, 0x2A, 0x8A, 0x22, 0x8A, 0x22, 0x69, 0x2A,
    0x48, 0x32, 0xC5, 0x31, 0x06, 0x52, 0x25, 0x62, 0x82, 0x49, 0x04, 0x42, 0xA8, 0x42, 0x68, 0x32,
    0x27, 0x22, 0x68, 0x22, 0x0A, 0x43, 0x6B, 0x53, 0x4B, 0x53, 0x4B, 0x53, 0x4B, 0x4B, 0x4B, 0x43,
    0x2C, 0x3B, 0x0C, 0x3B, 0xCB, 0x32, 0xCA, 0x3A, 0x4C, 0x6B, 0xCD, 0x9B, 0x6B, 0xA3, 0x0A, 0xA3,
    0xE9, 0x9A, 0xE9, 0xA2, 0xCA, 0x9A, 0xAA, 0x8A, 0x4D, 0x9B, 0xF0, 0xAB, 0xF0, 0xAB, 0x30, 0xB4,
    0x30, 0xBC, 0x10, 0xB4, 0x50, 0xBC, 0x71, 0xC4, 0x90, 0xC4, 0xB1, 0xCC, 0xB0, 0xD4, 0xD1, 0xD4,
    0xF1, 0xDC, 0xF1, 0xDC, 0xD1, 0xD4, 0xB1, 0xD4, 0xF1, 0xDC, 0xD1, 0xD4, 0xD1, 0xD4, 0xB0, 0xD4,
    0xD0, 0xD4, 0x11, 0xD5, 0x52, 0xD5, 0x92, 0xD5, 0x92, 0xD5, 0x91, 0xCD, 0x91, 0xCD, 0x91, 0xCD,
    0x71, 0xCD, 0x71, 0xCD, 0x92, 0xD5, 0x71, 0xCD, 0x71, 0xCD, 0x91, 0xCD, 0xB2, 0xD5, 0x92, 0xCD,
    0x92, 0xCD, 0x92, 0xD5, 0x92, 0xD5, 0x72, 0xCD, 0xB2, 0xD5, 0x92, 0xD5, 0x92, 0xCD, 0x92, 0xD5,
    0x92, 0xD5, 0xB2, 0xD5, 0xB2, 0xD5, 0xB2, 0xD5, 0x92, 0xD5, 0x72, 0xD5, 0xF0, 0xCC, 0x90, 0xCC,
    0x70, 0xCC, 0x70, 0xD4, 0x70, 0xD4, 0x50, 0xD4, 0x70, 0xD4, 0x90, 0xD4, 0x90, 0xD4, 0xB1, 0xD4,
    0xB1, 0xD4, 0x90, 0xD4, 0x70, 0xCC, 0xB1, 0xD4, 0x70, 0xD4, 0x70, 0xCC, 0xB1, 0xD4, 0xD1, 0xD4,
    0xB1, 0xD4, 0xB0, 0xCC, 0x90, 0xCC, 0x4F, 0xCC, 0x90, 0xD4, 0x50, 0xCC, 0xEA, 0xAA, 0xE9, 0xAA,
    0x0A, 0xAB, 0x2A, 0xAB, 0x09, 0xAB, 0x09, 0xA3, 0xE9, 0x9A, 0x2A, 0xA3, 0x6B, 0xA3, 0x29, 0x83,
    0xA7, 0x62, 0xE8, 0x62, 0xE7, 0x5A, 0x07, 0x5B, 0x87, 0x63, 0xE8, 0x73, 0xE9, 0x6B, 0x0B, 0x6C,
    0xAC, 0x5B, 0x2A, 0x53, 0x29, 0x63, 0x89, 0x7B, 0x28, 0x73, 0x85, 0x5A, 0xC2, 0x41, 0xA5, 0x4A,
    0x68, 0x4B, 0x88, 0x4B, 0x89, 0x4B, 0x49, 0x43, 0xE8, 0x3A, 0x87, 0x32, 0x47, 0x2A, 0x67, 0x32,
    0x66, 0x32, 0x86, 0x3A, 0x86, 0x42, 0xA6, 0x52, 0x07, 0x6B, 0xA8, 0x8B, 0x29, 0xA4, 0x29, 0xB4,
    0x49, 0xB4, 0x29, 0xB4, 0x28, 0xAC, 0x29, 0xB4, 0x29, 0xAC, 0x0A, 0xA4, 0x09, 0x8C, 0x4A, 0x84,
    0x2A, 0x84, 0xE9, 0x7B, 0xE8, 0x7B, 0x87, 0x73, 0x88, 0x7B, 0x46, 0x63, 0xA3, 0x4A, 0x03, 0x4B,
    0xC5, 0x63, 0x64, 0x63, 0x82, 0x4A, 0x42, 0x3A, 0x82, 0x32, 0x41, 0x2A, 0xC0, 0x31, 0x44, 0x52,
    0x27, 0x6B, 0x05, 0x53, 0xA3, 0x3A, 0x63, 0x3A, 0x67, 0x6B, 0xEA, 0x8B, 0x46, 0x63, 0xC4, 0x4A,
    0x83, 0x32, 0x84, 0x3A, 0x85, 0x42, 0xE7, 0x62, 0x29, 0x6B, 0xC8, 0x52, 0x87, 0x42, 0x87, 0x3A,
    0x86, 0x4A, 0x45, 0x4A, 0xE3, 0x41, 0xE3, 0x49, 0x85, 0x5A, 0xC5, 0x5A, 0xE5, 0x5A, 0xC5, 0x5A,
    0xA5, 0x52, 0x25, 0x42, 0x45, 0x52, 0xC7, 0x6A, 0xE3, 0x59, 0x21, 0x39, 0x62, 0x31, 0x46, 0x42,
    0x87, 0x4A, 0x05, 0x3A, 0x45, 0x3A, 0x86, 0x4A, 0x86, 0x4A, 0x65, 0x42, 0x04, 0x42, 0xA2, 0x31,
    0x24, 0x4A, 0x68, 0x6B, 0xC7, 0x5A, 0x66, 0x4A, 0x26, 0x42, 0x46, 0x42, 0x47, 0x42, 0x46, 0x3A,
    0x05, 0x3A, 0x25, 0x4A, 0x86, 0x72, 0x83, 0x51, 0x42, 0x31, 0x43, 0x21, 0x43, 0x11, 0x43, 0x09,
    0xE6, 0x42, 0xA5, 0x3A, 0x85, 0x32, 0xC6, 0x42, 0x07, 0x4B, 0x27, 0x4B, 0x47, 0x4B, 0x26, 0x4B,
    0x46, 0x4B, 0x67, 0x53, 0x47, 0x4B, 0xC5, 0x3A, 0xA5, 0x3A, 0x06, 0x43, 0x06, 0x43, 0x26, 0x43,
    0x06, 0x43, 0xE6, 0x3A, 0x26, 0x43, 0x47, 0x4B, 0x26, 0x43, 0x27, 0x4B, 0x67, 0x53, 0xA8, 0x53,
    0x67, 0x4B, 0x26, 0x4B, 0x47, 0x4B, 0x47, 0x4B, 0x26, 0x43, 0x87, 0x4B, 0x88, 0x53, 0x67, 0x4B,
    0x26, 0x43, 0x06, 0x43, 0x26, 0x43, 0x46, 0x4B, 0x47, 0x4B, 0x47, 0x4B, 0x27, 0x4B, 0x85, 0x3A,
    0xC3, 0x19, 0xA3, 0x19, 0x83, 0x19, 0x63, 0x29, 0x42, 0x41, 0x21, 0x41, 0x21, 0x41, 0x43, 0x41,
    0x22, 0x29, 0xC0, 0x20, 0xE0, 0x30, 0x42, 0x39, 0x63, 0x29, 0x02, 0x11, 0x63, 0x11, 0x26, 0x2A,
    0x88, 0x3A, 0x26, 0x2A, 0x05, 0x22, 0x25, 0x1A, 0x25, 0x1A, 0x24, 0x22, 0xC5, 0x42, 0x85, 0x53,
    0xC5, 0x63, 0x83, 0x4A, 0xC0, 0x18, 0xA0, 0x20, 0x84, 0x51, 0x67, 0x72, 0xE4, 0x61, 0x62, 0x51,
    0x25, 0x52, 0x66, 0x4A, 0xA7, 0x42, 0xE8, 0x52, 0x8B, 0x63, 0x0B, 0x4B, 0x69, 0x22, 0x8A, 0x22,
    0x89, 0x22, 0x89, 0x2A, 0x07, 0x1A, 0xE7, 0x19, 0x69, 0x22, 0x8A, 0x22, 0x8A, 0x22, 0x8A, 0x22,
    0xAA, 0x2A, 0xAA, 0x2A, 0x8A, 0x22, 0x49, 0x22, 0x89, 0x22, 0x69, 0x22, 0x69, 0x22, 0x69, 0x2A,
    0x69, 0x2A, 0x48, 0x3A, 0xA7, 0x62, 0x25, 0x62, 0x62, 0x41, 0xC4, 0x39, 0x47, 0x3A, 0x27, 0x2A,
    0x07, 0x1A, 0x07, 0x1A, 0x89, 0x32, 0x4B, 0x4B, 0x4A, 0x4B, 0x4A, 0x4B, 0x2B, 0x43, 0x2B, 0x3B,
    0x0B, 0x3B, 0x0B, 0x33, 0xEB, 0x32, 0xEC, 0x32, 0xAA, 0x32, 0x0B, 0x63, 0xAD, 0xA3, 0x8B, 0xAB,
    0x4A, 0xA3, 0x09, 0xA3, 0xC9, 0x9A, 0xEB, 0x92, 0xAE, 0xA3, 0xF0, 0xAB, 0x51, 0xB4, 0x30, 0xB4,
    0x71, 0xC4, 0x71, 0xC4, 0x91, 0xC4, 0xB1, 0xCC, 0xB0, 0xCC, 0xF2, 0xDC, 0xD2, 0xD4, 0xF1, 0xDC,
    0xD1, 0xD4, 0x32, 0xE5, 0xF1, 0xDC, 0xF1, 0xDC, 0xF1, 0xDC, 0xD1, 0xDC, 0xF1, 0xDC, 0x11, 0xD5,
    0x72, 0xDD, 0xD3, 0xDD, 0xD3, 0xD5, 0xD2, 0xD5, 0xD2, 0xD5, 0xB2, 0xD5, 0x92, 0xD5, 0x91, 0xCD,
    0x91, 0xCD, 0x71, 0xCD, 0x91, 0xCD, 0xB2, 0xCD, 0x92, 0xCD, 0xB2, 0xCD, 0xB2, 0xCD, 0xB2, 0xCD,
    0x92, 0xCD, 0x92, 0xD5, 0x92, 0xD5, 0x72, 0xCD, 0x92, 0xD5, 0xB2, 0xD5, 0xB2, 0xD5, 0xB2, 0xD5,
    0xB2, 0xD5, 0xB2, 0xD5, 0x92, 0xCD, 0xB2, 0xCD, 0xB2, 0xCD, 0xB2, 0xD5, 0xB2, 0xD5, 0x72, 0xD5,
    0xF0, 0xD4, 0x6F, 0xCC, 0x4F, 0xCC, 0x70, 0xD4, 0x4F, 0xD4, 0x6F, 0xCC, 0x90, 0xD4, 0xB1, 0xD4,
    0x90, 0xD4, 0x90, 0xD4, 0xB1, 0xD4, 0x70, 0xCC, 0x70, 0xD4, 0x90, 0xD4, 0x90, 0xCC, 0xD1, 0xD4,
    0x90, 0xCC, 0xB0, 0xCC, 0xB0, 0xD4, 0xB1, 0xD4, 0x90, 0xCC, 0x91, 0xD4, 0x8C, 0xB3, 0xA9, 0xA2,
    0x09, 0xAB, 0x2A, 0xAB, 0x09, 0xA3, 0x09, 0xA3, 0x2A, 0xA3, 0x8B, 0xA3, 0xA7, 0x72, 0xE7, 0x72,
    0x30, 0xBD, 0xB3, 0xD5, 0x51, 0xC5, 0xF0, 0xB4, 0x8C, 0x9C, 0x08, 0x7C, 0xA7, 0x63, 0xCA, 0x5B,
    0x8B, 0x53, 0x2A, 0x4B, 0xC8, 0x5A, 0x86, 0x6A, 0x65, 0x6A, 0x44, 0x52, 0x84, 0x4A, 0x06, 0x4B,
    0x05, 0x3B, 0x05, 0x3B, 0x46, 0x43, 0x67, 0x4B, 0x48, 0x43, 0x08, 0x43, 0xC7, 0x3A, 0x86, 0x42,
    0xA6, 0x52, 0xE7, 0x6A, 0x48, 0x7B, 0xA9, 0x8B, 0xE9, 0x9B, 0xE8, 0xA3, 0xE8, 0xA3, 0xE8, 0xA3,
    0x08, 0xAC, 0x28, 0xB4, 0x08, 0xB4, 0x29, 0xB4, 0xE8, 0xAB, 0x67, 0x8B, 0xC8, 0x7B, 0x2A, 0x74,
    0x09, 0x74, 0xE9, 0x6B, 0x87, 0x63, 0x47, 0x6B, 0x69, 0x7B, 0xE7, 0x72, 0xC6, 0x62, 0x46, 0x63,
    0x85, 0x6B, 0x65, 0x63, 0x04, 0x53, 0xA4, 0x4A, 0x83, 0x42, 0x41, 0x3A, 0x63, 0x52, 0x89, 0x8B,
    0x48, 0x83, 0xC6, 0x62, 0x85, 0x52, 0xA5, 0x5A, 0xE7, 0x72, 0xE7, 0x72, 0x85, 0x5A, 0x24, 0x42,
    0x24, 0x3A, 0x45, 0x42, 0x86, 0x5A, 0x28, 0x7B, 0xA7, 0x72, 0x46, 0x5A, 0x67, 0x4A, 0x26, 0x42,
    0x26, 0x4A, 0x46, 0x5A, 0x25, 0x5A, 0x26, 0x5A, 0x46, 0x62, 0x86, 0x62, 0x86, 0x62, 0x86, 0x62,
    0x66, 0x62, 0x66, 0x62, 0x45, 0x62, 0x45, 0x62, 0x62, 0x49, 0x41, 0x39, 0x83, 0x41, 0xE4, 0x41,
    0xC4, 0x41, 0xE4, 0x41, 0x04, 0x4A, 0x24, 0x4A, 0xE4, 0x49, 0xE4, 0x49, 0xE4, 0x49, 0xE4, 0x49,
    0x04, 0x4A, 0x44, 0x52, 0x24, 0x52, 0x45, 0x52, 0x45, 0x52, 0x65, 0x52, 0x66, 0x52, 0x65, 0x52,
    0x05, 0x4A, 0xC4, 0x41, 0xA2, 0x49, 0x41, 0x39, 0x62, 0x31, 0x83, 0x21, 0xA3, 0x19, 0xE4, 0x21,
    0x25, 0x4B, 0x26, 0x4B, 0xE5, 0x42, 0x26, 0x4B, 0x67, 0x53, 0x27, 0x4B, 0xE6, 0x42, 0x84, 0x32,
    0xA5, 0x3A, 0x26, 0x4B, 0x26, 0x4B, 0x06, 0x4B, 0x07, 0x4B, 0xE6, 0x42, 0xE6, 0x42, 0xE6, 0x3A,
    0x27, 0x43, 0x47, 0x4B, 0x47, 0x4B, 0x27, 0x4B, 0x06, 0x43, 0x06, 0x43, 0xE5, 0x3A, 0x06, 0x43,
    0x46, 0x4B, 0x06, 0x43, 0xE6, 0x3A, 0x47, 0x43, 0x06, 0x43, 0x67, 0x4B, 0x47, 0x4B, 0x67, 0x4B,
    0x47, 0x4B, 0x26, 0x43, 0x26, 0x43, 0x26, 0x43, 0x46, 0x43, 0x67, 0x4B, 0x67, 0x4B, 0x67, 0x53,
    0xC6, 0x42, 0xC3, 0x19, 0x63, 0x19, 0x63, 0x31, 0x83, 0x51, 0x82, 0x49, 0x62, 0x41, 0xE1, 0x30,
    0xC1, 0x20, 0xE1, 0x28, 0x01, 0x39, 0x43, 0x41, 0x43, 0x29, 0x43, 0x11, 0x05, 0x22, 0xA8, 0x3A,
    0xE9, 0x42, 0x67, 0x32, 0x66, 0x2A, 0xA7, 0x2A, 0xA6, 0x2A, 0xC6, 0x32, 0xA7, 0x5B, 0x64, 0x53,
    0xA4, 0x6B, 0xC4, 0x83, 0x42, 0x52, 0xE0, 0x20, 0x22, 0x39, 0xE4, 0x59, 0x04, 0x6A, 0x05, 0x62,
    0x66, 0x62, 0x67, 0x5A, 0x87, 0x5A, 0xC8, 0x62, 0x8C, 0x73, 0x0B, 0x53, 0x69, 0x2A, 0x6A, 0x22,
    0x89, 0x22, 0x69, 0x22, 0xC7, 0x19, 0xA6, 0x19, 0x28, 0x22, 0x69, 0x22, 0x89, 0x22, 0x8A, 0x22,
    0xAA, 0x2A, 0xAA, 0x2A, 0x69, 0x22, 0x48, 0x1A, 0x69, 0x22, 0x69, 0x22, 0x69, 0x22, 0x69, 0x2A,
    0x69, 0x2A, 0x68, 0x42, 0xC8, 0x6A, 0xE4, 0x59, 0x41, 0x39, 0xA4, 0x39, 0x27, 0x3A, 0x07, 0x2A,
    0xE7, 0x19, 0xE7, 0x11, 0x07, 0x22, 0xE9, 0x42, 0x0A, 0x4B, 0x0A, 0x43, 0x0A, 0x3B, 0x0B, 0x3B,
    0x0B, 0x3B, 0x0B, 0x33, 0xEB, 0x2A, 0xEC, 0x32, 0xCA, 0x32, 0xC9, 0x4A, 0x09, 0x7B, 0x4A, 0x93,
    0x8B, 0xA3, 0x6B, 0xA3, 0xE9, 0x9A, 0x8D, 0xA3, 0xF0, 0xAB, 0x10, 0xB4, 0x91, 0xC4, 0xB2, 0xC4,
    0xB1, 0xCC, 0xD1, 0xCC, 0xD1, 0xD4, 0xD1, 0xD4, 0xD1, 0xD4, 0xF1, 0xD4, 0xB1, 0xD4, 0xF1, 0xDC,
    0xD1, 0xD4, 0x12, 0xDD, 0xF1, 0xDC, 0x12, 0xDD, 0xD1, 0xDC, 0xB0, 0xD4, 0x11, 0xD5, 0x92, 0xDD,
    0xD3, 0xDD, 0xB2, 0xD5, 0xB2, 0xD5, 0xD2, 0xD5, 0xB2, 0xD5, 0xB2, 0xD5, 0xB2, 0xD5, 0x92, 0xD5,
    0x92, 0xCD, 0x92, 0xCD, 0x92, 0xCD, 0xB2, 0xD5, 0xB2, 0xD5, 0x92, 0xCD, 0xB2, 0xD5, 0xB2, 0xD5,
    0x92, 0xD5, 0x92, 0xD5, 0x92, 0xD5, 0xB2, 0xD5, 0x72, 0xCD, 0xB2, 0xD5, 0x92, 0xD5, 0x92, 0xCD,
    0xB2, 0xD5, 0xB2, 0xD5, 0xB2, 0xCD, 0xB2, 0xCD, 0x92, 0xCD, 0xB2, 0xD5, 0xB2, 0xD5, 0x92, 0xD5,
    0x72, 0xD5, 0xD0, 0xCC, 0x4F, 0xC4, 0x4F, 0xCC, 0x4F, 0xCC, 0x70, 0xCC, 0x70, 0xCC, 0x90, 0xD4,
    0x70, 0xCC, 0x70, 0xCC, 0x90, 0xD4, 0x90, 0xD4, 0xB1, 0xD4, 0x91, 0xD4, 0x91, 0xD4, 0xB1, 0xD4,
    0xB1, 0xD4, 0xB1, 0xD4, 0x90, 0xCC, 0xB1, 0xD4, 0x90, 0xCC, 0x70, 0xCC, 0x2F, 0xCC, 0xE9, 0xA2,
    0xA8, 0x9A, 0x29, 0xA3, 0x4A, 0xA3, 0x4A, 0x9B, 0x8B, 0x93, 0xA7, 0x6A, 0xA7, 0x6A, 0x10, 0xC5,
    0x6D, 0xBC, 0x8D, 0xC4, 0xAE, 0xC4, 0x4D, 0xAC, 0x8E, 0xAC, 0xEA, 0x8B, 0xE6, 0x52, 0x07, 0x4B,
    0x49, 0x4B, 0x2A, 0x4B, 0x67, 0x4A, 0x82, 0x49, 0x61, 0x49, 0xE3, 0x41, 0xA4, 0x42, 0xC5, 0x3A,
    0xA4, 0x3A, 0xA4, 0x32, 0xC4, 0x3A, 0xE5, 0x42, 0xC5, 0x42, 0xC5, 0x42, 0x07, 0x53, 0x27, 0x63,
    0x68, 0x83, 0xA8, 0x8B, 0xA8, 0x93, 0xA8, 0x93, 0x88, 0x93, 0x87, 0x93, 0xC7, 0x93, 0x08, 0xA4,
    0x88, 0xAC, 0x89, 0xB4, 0x88, 0xB4, 0x68, 0xB4, 0xE3, 0x82, 0xC0, 0x49, 0x62, 0x42, 0x67, 0x53,
    0x67, 0x4B, 0x26, 0x43, 0x26, 0x4B, 0x06, 0x53, 0x45, 0x52, 0x42, 0x41, 0x82, 0x41, 0x64, 0x52,
    0xA4, 0x5A, 0xE5, 0x62, 0xE6, 0x62, 0xE6, 0x62, 0xC6, 0x62, 0xA5, 0x62, 0xA6, 0x72, 0x45, 0x6A,
    0x61, 0x49, 0x62, 0x41, 0x82, 0x41, 0x82, 0x49, 0x62, 0x49, 0x82, 0x49, 0xE3, 0x49, 0x04, 0x52,
    0x25, 0x52, 0x66, 0x5A, 0x45, 0x5A, 0xE3, 0x59, 0x41, 0x49, 0x62, 0x49, 0x45, 0x52, 0x46, 0x52,
    0x66, 0x5A, 0xA7, 0x6A, 0x66, 0x6A, 0x25, 0x62, 0x05, 0x5A, 0xE4, 0x59, 0xC4, 0x51, 0xA3, 0x41,
    0x42, 0x39, 0x21, 0x39, 0xA2, 0x41, 0x45, 0x6A, 0x25, 0x6A, 0xE4, 0x59, 0xA3, 0x41, 0x81, 0x31,
    0x03, 0x42, 0xC2, 0x39, 0xA2, 0x31, 0xE3, 0x39, 0x03, 0x42, 0xC2, 0x39, 0x82, 0x31, 0xE3, 0x39,
    0x44, 0x4A, 0x84, 0x4A, 0x84, 0x4A, 0x23, 0x42, 0xC5, 0x52, 0xC5, 0x52, 0xC5, 0x52, 0x06, 0x5B,
    0xC5, 0x52, 0x64, 0x42, 0x64, 0x4A, 0x44, 0x4A, 0x44, 0x3A, 0xA5, 0x3A, 0xE6, 0x42, 0x68, 0x53,
    0xC4, 0x3A, 0x05, 0x43, 0x04, 0x43, 0x05, 0x43, 0x05, 0x43, 0xE6, 0x42, 0x07, 0x43, 0xC6, 0x3A,
    0xC6, 0x3A, 0x06, 0x43, 0xE6, 0x42, 0x06, 0x43, 0x06, 0x43, 0xA6, 0x3A, 0xA5, 0x3A, 0xE6, 0x42,
    0x07, 0x43, 0x07, 0x43, 0xC6, 0x3A, 0xE6, 0x3A, 0xE7, 0x42, 0x07, 0x43, 0xC6, 0x3A, 0x64, 0x2A,
    0xA5, 0x32, 0xE6, 0x3A, 0xE6, 0x3A, 0x26, 0x43, 0x06, 0x43, 0x27, 0x43, 0x26, 0x4B, 0x06, 0x43,
    0x26, 0x43, 0x47, 0x4B, 0x67, 0x4B, 0x67, 0x4B, 0x47, 0x4B, 0x67, 0x4B, 0x47, 0x4B, 0x26, 0x43,
    0x47, 0x4B, 0xC6, 0x42, 0xC3, 0x29, 0x63, 0x39, 0x83, 0x51, 0x83, 0x51, 0x63, 0x49, 0x02, 0x31,
    0xC1, 0x20, 0xC1, 0x28, 0xE1, 0x30, 0x43, 0x41, 0x42, 0x29, 0x22, 0x09, 0xA4, 0x19, 0xE4, 0x21,
    0x25, 0x22, 0x26, 0x2A, 0x46, 0x2A, 0x65, 0x2A, 0x65, 0x22, 0xE6, 0x42, 0x8A, 0x84, 0x84, 0x5B,
    0x22, 0x63, 0x42, 0x73, 0x62, 0x52, 0x00, 0x21, 0x01, 0x31, 0x01, 0x41, 0x21, 0x49, 0x83, 0x51,
    0xE5, 0x59, 0x26, 0x62, 0x26, 0x62, 0x26, 0x5A, 0x47, 0x52, 0x68, 0x3A, 0x27, 0x22, 0x27, 0x1A,
    0x28, 0x22, 0x07, 0x22, 0x85, 0x19, 0x65, 0x19, 0xC6, 0x21, 0x28, 0x22, 0x48, 0x22, 0x49, 0x22,
    0x69, 0x22, 0x69, 0x22, 0x28, 0x1A, 0x08, 0x1A, 0x49, 0x22, 0x29, 0x22, 0x69, 0x22, 0x69, 0x22,
    0x49, 0x2A, 0x28, 0x42, 0x25, 0x52, 0x62, 0x41, 0x21, 0x31, 0x63, 0x31, 0x07, 0x32, 0xE7, 0x21,
    0xE7, 0x11, 0xC6, 0x11, 0xA5, 0x19, 0x26, 0x32, 0x88, 0x42, 0xEA, 0x3A, 0xEA, 0x3A, 0xEB, 0x3A,
    0xEB, 0x32, 0xEB, 0x32, 0xCB, 0x2A, 0xCB, 0x32, 0xCA, 0x3A, 0xCA, 0x5A, 0x67, 0x6A, 0xE4, 0x59,
    0x87, 0x62, 0x2A, 0x7B, 0xAC, 0x9B, 0x0F, 0xAC, 0x30, 0xB4, 0x71, 0xBC, 0xD2, 0xCC, 0x13, 0xD5,
    0x33, 0xDD, 0xF1, 0xD4, 0xF1, 0xD4, 0xF1, 0xD4, 0xF1, 0xD4, 0xD1, 0xD4, 0x12, 0xDD, 0x12, 0xDD,
    0x11, 0xDD, 0x32, 0xDD, 0x12, 0xDD, 0xF2, 0xDC, 0xB0, 0xD4, 0x11, 0xDD, 0xB2, 0xE5, 0xD2, 0xDD,
    0xD2, 0xD5, 0xD2, 0xD5, 0xD2, 0xD5, 0xB2, 0xD5, 0xD3, 0xD5, 0xB2, 0xD5, 0xB2, 0xCD, 0xD3, 0xD5,
    0xB2, 0xD5, 0xB2, 0xCD, 0x92, 0xCD, 0x92, 0xD5, 0xB2, 0xD5, 0xB2, 0xD5, 0xB2, 0xD5, 0xB2, 0xD5,
    0xB2, 0xD5, 0xB2, 0xD5, 0xB2, 0xD5, 0xB2, 0xD5, 0xB2, 0xD5, 0x91, 0xCD, 0x92, 0xCD, 0x92, 0xCD,
    0x92, 0xD5, 0xB3, 0xD5, 0xB2, 0xCD, 0xD3, 0xD5, 0xB2, 0xD5, 0xB2, 0xCD, 0xB2, 0xD5, 0xB2, 0xD5,
    0x92, 0xD5, 0x72, 0xD5, 0xF1, 0xD4, 0x90, 0xCC, 0x70, 0xD4, 0x70, 0xD4, 0x70, 0xD4, 0x70, 0xD4,
    0x70, 0xD4, 0x70, 0xD4, 0x90, 0xD4, 0x90, 0xD4, 0x90, 0xD4, 0x90, 0xD4, 0x70, 0xCC, 0x91, 0xD4,
    0x91, 0xD4, 0xB1, 0xD4, 0xB1, 0xD4, 0x90, 0xCC, 0xB1, 0xD4, 0xB0, 0xD4, 0x90, 0xCC, 0x4B, 0xAB,
    0xA8, 0x92, 0x4A, 0x9B, 0x09, 0x83, 0xA7, 0x62, 0x24, 0x4A, 0xE7, 0x6A, 0xEF, 0xBC, 0x0C, 0xB4,
    0x89, 0xA3, 0x2B, 0xBC, 0x8D, 0xC4, 0x8E, 0xBC, 0x4D, 0xAC, 0x6E, 0xA4, 0x47, 0x63, 0xE6, 0x42,
    0x07, 0x4B, 0x29, 0x4B, 0x86, 0x4A, 0xE2, 0x49, 0x22, 0x5A, 0xA4, 0x5A, 0x46, 0x63, 0x87, 0x5B,
    0x87, 0x5B, 0xA7, 0x5B, 0xC8, 0x63, 0xE8, 0x73, 0xE8, 0x73, 0xC7, 0x73, 0xC8, 0x7B, 0x09, 0x8C,
    0x6A, 0xA4, 0x8A, 0xA4, 0x69, 0x9C, 0x28, 0x94, 0xC8, 0x8B, 0xE8, 0x93, 0x68, 0xA4, 0xC9, 0xB4,
    0xC8, 0xAC, 0x87, 0xA4, 0x87, 0xA4, 0x67, 0xA4, 0xA2, 0x72, 0xC0, 0x49, 0x63, 0x42, 0x46, 0x4B,
    0x26, 0x3B, 0xE6, 0x32, 0x85, 0x32, 0x44, 0x3A, 0xE4, 0x41, 0x21, 0x39, 0x01, 0x39, 0xC2, 0x41,
    0xE2, 0x41, 0x20, 0x29, 0xE0, 0x28, 0x20, 0x31, 0xC2, 0x41, 0xE1, 0x41, 0xE2, 0x51, 0xA2, 0x51,
    0x82, 0x49, 0xC3, 0x49, 0xE4, 0x51, 0xC3, 0x51, 0x04, 0x5A, 0x04, 0x52, 0xE3, 0x51, 0xE4, 0x51,
    0xE4, 0x51, 0xE4, 0x51, 0x24, 0x5A, 0x04, 0x62, 0x82, 0x51, 0x82, 0x49, 0x62, 0x41, 0x42, 0x39,
    0x42, 0x39, 0x83, 0x41, 0x82, 0x49, 0x41, 0x41, 0x21, 0x41, 0x21, 0x39, 0x21, 0x31, 0x21, 0x29,
    0x20, 0x29, 0x81, 0x39, 0x43, 0x52, 0xA4, 0x6A, 0x24, 0x62, 0x62, 0x41, 0xA2, 0x39, 0xC5, 0x52,
    0x88, 0x63, 0x47, 0x5B, 0x47, 0x5B, 0x67, 0x5B, 0x67, 0x5B, 0x67, 0x5B, 0x67, 0x5B, 0xA8, 0x63,
    0xA7, 0x63, 0xC7, 0x63, 0xC8, 0x6B, 0xA7, 0x63, 0xE8, 0x6B, 0xC7, 0x63, 0xC7, 0x63, 0xE8, 0x63,
    0xC8, 0x63, 0xC8, 0x63, 0xA8, 0x63, 0xA7, 0x63, 0x87, 0x5B, 0x67, 0x53, 0x67, 0x53, 0x66, 0x4B,
    0x84, 0x32, 0x84, 0x32, 0xC4, 0x3A, 0x04, 0x43, 0xE4, 0x3A, 0xC5, 0x42, 0x27, 0x4B, 0x07, 0x4B,
    0xE7, 0x42, 0xE6, 0x42, 0xE6, 0x3A, 0xC6, 0x3A, 0xC6, 0x3A, 0x07, 0x43, 0xE6, 0x42, 0xC6, 0x3A,
    0xC7, 0x3A, 0x86, 0x32, 0x86, 0x32, 0xA6, 0x32, 0x86, 0x32, 0xC7, 0x3A, 0xE7, 0x3A, 0xA6, 0x32,
    0xC5, 0x32, 0xE6, 0x3A, 0xE6, 0x3A, 0xC5, 0x3A, 0x06, 0x43, 0x26, 0x43, 0x27, 0x4B, 0xC5, 0x3A,
    0xE6, 0x3A, 0x27, 0x43, 0x26, 0x43, 0x67, 0x4B, 0x67, 0x4B, 0x46, 0x43, 0x46, 0x43, 0x26, 0x43,
    0x26, 0x4B, 0x46, 0x4B, 0xC6, 0x4A, 0x04, 0x4A, 0x62, 0x49, 0x82, 0x49, 0x82, 0x41, 0x21, 0x31,
    0x00, 0x29, 0x21, 0x31, 0x41, 0x31, 0xA3, 0x41, 0xE4, 0x39, 0x24, 0x32, 0x44, 0x2A, 0x44, 0x32,
    0x44, 0x2A, 0x24, 0x2A, 0x45, 0x32, 0x65, 0x32, 0x65, 0x32, 0xC5, 0x42, 0xE8, 0x6B, 0x24, 0x53,
    0xE2, 0x52, 0xC1, 0x5A, 0x82, 0x4A, 0x02, 0x3A, 0x03, 0x42, 0x03, 0x4A, 0x02, 0x4A, 0x43, 0x52,
    0x23, 0x52, 0xE3, 0x49, 0x03, 0x52, 0x03, 0x52, 0x65, 0x4A, 0x07, 0x53, 0xA6, 0x3A, 0x86, 0x32,
    0x86, 0x32, 0x66, 0x32, 0x25, 0x3A, 0x66, 0x3A, 0x66, 0x3A, 0x87, 0x32, 0x87, 0x32, 0x67, 0x32,
    0x67, 0x32, 0x88, 0x32, 0x68, 0x32, 0x47, 0x2A, 0x48, 0x2A, 0x48, 0x2A, 0x68, 0x2A, 0x88, 0x2A,
    0x68, 0x2A, 0x26, 0x32, 0xC4, 0x39, 0x82, 0x39, 0x83, 0x39, 0xC4, 0x39, 0x06, 0x32, 0x06, 0x22,
    0x06, 0x1A, 0x06, 0x22, 0x26, 0x32, 0x46, 0x3A, 0x66, 0x3A, 0xA8, 0x3A, 0xC9, 0x3A, 0xCA, 0x3A,
    0xEA, 0x32, 0xCA, 0x32, 0xCA, 0x32, 0xAA, 0x32, 0x89, 0x3A, 0x47, 0x4A, 0xC5, 0x49, 0x04, 0x42,
    0xC7, 0x4A, 0xE8, 0x4A, 0xAC, 0x8B, 0x71, 0xBC, 0xB2, 0xC4, 0x33, 0xD5, 0x33, 0xD5, 0x32, 0xD5,
    0x12, 0xD5, 0x11, 0xD5, 0x12, 0xDD, 0xF1, 0xD4, 0xF2, 0xDC, 0xF2, 0xDC, 0x12, 0xDD, 0x32, 0xDD,
    0x32, 0xE5, 0x32, 0xE5, 0xD0, 0xD4, 0xD1, 0xDC, 0x52, 0xDD, 0xF3, 0xE5, 0x13, 0xE6, 0x13, 0xDE,
    0xF3, 0xDD, 0x13, 0xDE, 0xF3, 0xDD, 0xB2, 0xD5, 0xD2, 0xD5, 0xD3, 0xD5, 0xB2, 0xD5, 0xD2, 0xD5,
    0xB2, 0xD5, 0xB2, 0xD5, 0xB2, 0xCD, 0x92, 0xCD, 0x92, 0xCD, 0xB2, 0xD5, 0x92, 0xD5, 0x92, 0xCD,
    0xB2, 0xD5, 0x92, 0xD5, 0xB2, 0xD5, 0x92, 0xCD, 0x92, 0xCD, 0xB2, 0xD5, 0x92, 0xD5, 0xB2, 0xD5,
    0xB2, 0xD5, 0xB2, 0xCD, 0xB2, 0xD5, 0xB2, 0xD5, 0xB2, 0xD5, 0xB2, 0xCD, 0xB2, 0xD5, 0xB2, 0xCD,
    0xB2, 0xD5, 0x92, 0xD5, 0x72, 0xD5, 0xF0, 0xCC, 0x4F, 0xCC, 0x70, 0xD4, 0x70, 0xD4, 0x70, 0xD4,
    0x90, 0xD4, 0x90, 0xD4, 0x70, 0xD4, 0x70, 0xCC, 0x91, 0xD4, 0x90, 0xD4, 0x50, 0xCC, 0x91, 0xD4,
    0x70, 0xCC, 0xD1, 0xD4, 0xD1, 0xD4, 0xB1, 0xCC, 0xB1, 0xD4, 0x90, 0xCC, 0x70, 0xCC, 0x2F, 0xC4,
    0x8B, 0x9B, 0x69, 0x73, 0x07, 0x63, 0x47, 0x5B, 0x68, 0x73, 0xCE, 0xB4, 0x2C, 0xAC, 0x89, 0xA3,
    0x89, 0xA3, 0x0B, 0xBC, 0x6C, 0xBC, 0x4C, 0xB4, 0x2D, 0xAC, 0x4E, 0xAC, 0x2C, 0x94, 0xEA, 0x73,
    0x0A, 0x74, 0xEA, 0x6B, 0xE9, 0x73, 0x28, 0x8C, 0x68, 0x94, 0x68, 0x94, 0x88, 0x8C, 0x48, 0x84,
    0x69, 0x84, 0x89, 0x84, 0xA9, 0x94, 0x68, 0x94, 0x26, 0x8C, 0x47, 0x8C, 0x68, 0x94, 0xC9, 0xA4,
    0xE9, 0xAC, 0x87, 0x9C, 0x45, 0x8C, 0xE5, 0x83, 0x06, 0x84, 0x47, 0x94, 0x67, 0x9C, 0x25, 0x94,
    0xC4, 0x83, 0x62, 0x73, 0x62, 0x6B, 0x63, 0x7B, 0xA3, 0x6A, 0xE1, 0x49, 0x42, 0x42, 0x05, 0x43,
    0xE6, 0x3A, 0xC7, 0x32, 0x66, 0x2A, 0x04, 0x2A, 0xC4, 0x41, 0x42, 0x41, 0x21, 0x39, 0x03, 0x42,
    0x84, 0x4A, 0x61, 0x31, 0xE0, 0x20, 0xA2, 0x31, 0x05, 0x5B, 0x86, 0x6B, 0xA6, 0x73, 0x84, 0x62,
    0xA2, 0x51, 0xE3, 0x51, 0xE3, 0x51, 0xE3, 0x51, 0x24, 0x5A, 0x45, 0x62, 0x45, 0x62, 0x25, 0x5A,
    0x25, 0x5A, 0x65, 0x62, 0xA7, 0x72, 0x65, 0x6A, 0xA2, 0x59, 0xA3, 0x51, 0x21, 0x39, 0xE1, 0x20,
    0xC1, 0x20, 0x01, 0x29, 0x41, 0x31, 0x41, 0x39, 0x81, 0x41, 0xE2, 0x41, 0x84, 0x52, 0xC4, 0x52,
    0xE5, 0x5A, 0x86, 0x73, 0x26, 0x8C, 0x07, 0x8C, 0x63, 0x5A, 0x60, 0x31, 0xC5, 0x52, 0xC8, 0x63,
    0xA7, 0x5B, 0x87, 0x53, 0xA7, 0x5B, 0xA7, 0x5B, 0x87, 0x5B, 0xA7, 0x5B, 0x08, 0x6C, 0xE7, 0x6B,
    0xC7, 0x63, 0xE7, 0x6B, 0xE7, 0x6B, 0x08, 0x6C, 0xC6, 0x63, 0xE7, 0x63, 0x48, 0x74, 0x48, 0x6C,
    0x08, 0x64, 0x08, 0x64, 0xE7, 0x63, 0xE8, 0x63, 0xE8, 0x63, 0xA7, 0x5B, 0xA7, 0x53, 0xC8, 0x5B,
    0x84, 0x32, 0x64, 0x32, 0x84, 0x32, 0xE4, 0x3A, 0x25, 0x43, 0xE5, 0x42, 0xE5, 0x42, 0x06, 0x43,
    0xE6, 0x3A, 0xC6, 0x3A, 0x65, 0x32, 0x64, 0x32, 0xA6, 0x3A, 0x07, 0x43, 0xE6, 0x42, 0x65, 0x32,
    0x65, 0x32, 0x66, 0x32, 0x66, 0x32, 0x86, 0x32, 0xA6, 0x3A, 0xC6, 0x3A, 0xE7, 0x3A, 0xE6, 0x3A,
    0xA4, 0x2A, 0xC5, 0x32, 0x26, 0x43, 0xE6, 0x3A, 0xE6, 0x3A, 0x26, 0x43, 0x27, 0x43, 0xE6, 0x3A,
    0xA5, 0x32, 0xE6, 0x42, 0x07, 0x43, 0x06, 0x43, 0x06, 0x43, 0x26, 0x43, 0x06, 0x3B, 0x06, 0x3B,
    0x26, 0x43, 0x46, 0x4B, 0x67, 0x53, 0x27, 0x5B, 0xC5, 0x5A, 0x26, 0x6B, 0x67, 0x6B, 0x26, 0x63,
    0x46, 0x5B, 0x47, 0x63, 0x67, 0x6B, 0x67, 0x6B, 0xC8, 0x6B, 0xE8, 0x6B, 0xE7, 0x63, 0xE8, 0x63,
    0xC7, 0x63, 0xA7, 0x5B, 0x87, 0x5B, 0xC8, 0x63, 0xE8, 0x6B, 0xA7, 0x63, 0xC6, 0x6B, 0x85, 0x63,
    0xA5, 0x63, 0xC6, 0x6B, 0xC6, 0x6B, 0xC7, 0x6B, 0xE7, 0x73, 0x08, 0x7C, 0x08, 0x7C, 0x08, 0x7C,
    0x07, 0x7C, 0xA6, 0x6B, 0x86, 0x63, 0xC7, 0x6B, 0xC7, 0x6B, 0xE8, 0x6B, 0xC8, 0x63, 0xC8, 0x63,
    0xE9, 0x6B, 0xE8, 0x6B, 0xE8, 0x6B, 0xE9, 0x73, 0x09, 0x6C, 0x29, 0x6C, 0x09, 0x6C, 0xE9, 0x6B,
    0xE9, 0x63, 0xEA, 0x63, 0xEA, 0x63, 0xC9, 0x63, 0xA9, 0x5B, 0xAA, 0x5B, 0xCA, 0x5B, 0xAA, 0x5B,
    0xAA, 0x5B, 0x89, 0x5B, 0x68, 0x5B, 0x68, 0x5B, 0x68, 0x5B, 0xA9, 0x63, 0xAA, 0x63, 0x8A, 0x5B,
    0x8A, 0x53, 0xA9, 0x5B, 0xC9, 0x5B, 0xC9, 0x63, 0xA9, 0x5B, 0xAA, 0x5B, 0xCB, 0x53, 0xAB, 0x53,
    0xAB, 0x53, 0xAB, 0x53, 0xAB, 0x53, 0xAA, 0x53, 0x6A, 0x53, 0x48, 0x53, 0x07, 0x53, 0x68, 0x63,
    0xA9, 0x63, 0x69, 0x5B, 0x4E, 0xA4, 0x13, 0xCD, 0x33, 0xD5, 0x73, 0xDD, 0x73, 0xDD, 0x73, 0xDD,
    0x53, 0xDD, 0x32, 0xDD, 0x12, 0xDD, 0x32, 0xDD, 0xF2, 0xDC, 0xD1, 0xD4, 0x12, 0xDD, 0xF1, 0xDC,
    0xF2, 0xDC, 0xF1, 0xDC, 0xD0, 0xD4, 0x11, 0xD5, 0xB3, 0xDD, 0x13, 0xDE, 0xF3, 0xD5, 0x13, 0xD6,
    0x13, 0xDE, 0xF3, 0xDD, 0xD2, 0xD5, 0xD2, 0xD5, 0xF3, 0xDD, 0xF3, 0xD5, 0xF3, 0xD5, 0xD3, 0xD5,
    0xD2, 0xD5, 0xD2, 0xD5, 0xD3, 0xD5, 0xB2, 0xD5, 0xB2, 0xD5, 0x92, 0xCD, 0x92, 0xCD, 0xD2, 0xD5,
    0xB2, 0xD5, 0xB2, 0xD5, 0xB2, 0xD5, 0xB2, 0xD5, 0xB2, 0xD5, 0x92, 0xCD, 0xB2, 0xD5, 0xB2, 0xCD,
    0xB2, 0xCD, 0xB3, 0xD5, 0xD3, 0xD5, 0xB2, 0xD5, 0xB2, 0xCD, 0xB2, 0xCD, 0xD2, 0xD5, 0xD3, 0xD5,
    0xB2, 0xCD, 0xB2, 0xD5, 0xB2, 0xD5, 0x72, 0xD5, 0xF1, 0xCC, 0x90, 0xCC, 0x4F, 0xCC, 0x2F, 0xCC,
    0x70, 0xCC, 0x4F, 0xCC, 0x70, 0xD4, 0x90, 0xD4, 0x90, 0xD4, 0x70, 0xCC, 0x70, 0xD4, 0x90, 0xD4,
    0x90, 0xCC, 0xB1, 0xD4, 0x90, 0xCC, 0x90, 0xCC, 0x90, 0xCC, 0xB1, 0xCC, 0x70, 0xC4, 0x70, 0xC4,
    0x2C, 0x9C, 0x0A, 0x74, 0x2A, 0x74, 0x4A, 0x7C, 0xAD, 0xAC, 0x2B, 0xB4, 0x89, 0xA3, 0x89, 0xA3,
    0xA9, 0xA3, 0x0B, 0xB4, 0x4B, 0xBC, 0x2B, 0xB4, 0x4D, 0xB4, 0x0D, 0xAC, 0x4D, 0xA4, 0x2A, 0x94,
    0x49, 0x84, 0x49, 0x7C, 0x8A, 0x8C, 0x88, 0x8C, 0x26, 0x8C, 0x25, 0x8C, 0x06, 0x8C, 0x06, 0x84,
    0x08, 0x7C, 0x28, 0x84, 0x47, 0x84, 0xA4, 0x7B, 0x22, 0x6B, 0x22, 0x73, 0x63, 0x73, 0x26, 0x8C,
    0x66, 0x94, 0x25, 0x8C, 0x04, 0x84, 0xA2, 0x73, 0x02, 0x63, 0xE3, 0x62, 0x44, 0x73, 0x04, 0x73,
    0xE3, 0x6A, 0xE3, 0x62, 0x43, 0x6B, 0x64, 0x73, 0x82, 0x62, 0xA0, 0x41, 0xC1, 0x39, 0xA4, 0x3A,
    0xA5, 0x32, 0x45, 0x2A, 0x25, 0x22, 0x03, 0x2A, 0xC3, 0x39, 0x41, 0x39, 0x41, 0x31, 0xA4, 0x4A,
    0xA7, 0x63, 0x87, 0x63, 0x87, 0x6B, 0xE8, 0x73, 0x69, 0x84, 0xA9, 0x84, 0xA8, 0x8C, 0x45, 0x73,
    0xC1, 0x49, 0x02, 0x4A, 0x84, 0x52, 0x43, 0x4A, 0x43, 0x4A, 0xE3, 0x49, 0xA2, 0x41, 0xA2, 0x39,
    0x81, 0x39, 0xA2, 0x41, 0xA2, 0x49, 0xA2, 0x51, 0x82, 0x51, 0x82, 0x49, 0xC3, 0x39, 0x04, 0x32,
    0xA2, 0x29, 0xC2, 0x31, 0x44, 0x4A, 0xC5, 0x5A, 0x25, 0x6B, 0xA6, 0x73, 0xE7, 0x73, 0xE7, 0x73,
    0xE6, 0x73, 0x06, 0x7C, 0x67, 0x84, 0x27, 0x84, 0x86, 0x6B, 0xA7, 0x63, 0x48, 0x74, 0x48, 0x74,
    0xE7, 0x63, 0xE8, 0x63, 0xE8, 0x63, 0xE8, 0x63, 0xC7, 0x63, 0xA7, 0x63, 0xE7, 0x63, 0x27, 0x74,
    0x28, 0x74, 0x28, 0x74, 0x28, 0x6C, 0xE8, 0x63, 0x66, 0x53, 0xC7, 0x5B, 0x08, 0x64, 0xC6, 0x5B,
    0xA6, 0x5B, 0x08, 0x6C, 0x08, 0x64, 0x08, 0x6C, 0x28, 0x6C, 0xC7, 0x5B, 0x65, 0x53, 0x66, 0x53,
    0xC5, 0x3A, 0x23, 0x2A, 0x43, 0x2A, 0x63, 0x2A, 0xE4, 0x3A, 0xE5, 0x3A, 0xE5, 0x3A, 0x05, 0x43,
    0xE5, 0x3A, 0xC5, 0x3A, 0xA5, 0x3A, 0x64, 0x32, 0x85, 0x32, 0xC6, 0x3A, 0xA6, 0x3A, 0x85, 0x32,
    0x86, 0x32, 0x65, 0x2A, 0x65, 0x2A, 0x65, 0x2A, 0x65, 0x2A, 0x85, 0x2A, 0xA6, 0x32, 0xE6, 0x3A,
    0x06, 0x3B, 0x26, 0x43, 0x26, 0x43, 0x06, 0x3B, 0x26, 0x43, 0xE6, 0x3A, 0xC5, 0x32, 0xE6, 0x3A,
    0xE6, 0x3A, 0xE6, 0x3A, 0x07, 0x43, 0x07, 0x43, 0x07, 0x43, 0x07, 0x43, 0xC6, 0x3A, 0xC6, 0x3A,
    0xC6, 0x3A, 0x06, 0x43, 0x27, 0x4B, 0x47, 0x53, 0x09, 0x6C, 0x69, 0x7C, 0x48, 0x7C, 0x28, 0x74,
    0x48, 0x74, 0x28, 0x74, 0x07, 0x6C, 0x07, 0x6C, 0x07, 0x6C, 0x07, 0x6C, 0x27, 0x6C, 0x27, 0x74,
    0x48, 0x74, 0x28, 0x6C, 0xE7, 0x6B, 0x07, 0x6C, 0x07, 0x6C, 0x07, 0x6C, 0x07, 0x74, 0x07, 0x74,
    0xE6, 0x6B, 0xC6, 0x6B, 0xC6, 0x6B, 0xE6, 0x6B, 0x47, 0x7C, 0x88, 0x84, 0x47, 0x84, 0x47, 0x7C,
    0x47, 0x7C, 0x06, 0x6C, 0xC6, 0x63, 0xA6, 0x5B, 0xA5, 0x5B, 0x85, 0x5B, 0x85, 0x5B, 0xA6, 0x63,
    0x07, 0x6C, 0x28, 0x6C, 0x28, 0x74, 0x48, 0x7C, 0x69, 0x7C, 0x69, 0x7C, 0x69, 0x7C, 0x69, 0x7C,
    0x69, 0x7C, 0x28, 0x74, 0xC7, 0x63, 0x08, 0x6C, 0x29, 0x6C, 0x49, 0x6C, 0x08, 0x6C, 0xE8, 0x63,
    0xE9, 0x63, 0x29, 0x64, 0x29, 0x6C, 0x29, 0x6C, 0x49, 0x6C, 0x49, 0x6C, 0x2A, 0x6C, 0x2A, 0x6C,
    0x29, 0x6C, 0x29, 0x6C, 0x29, 0x6C, 0x29, 0x6C, 0x2A, 0x6C, 0x0A, 0x64, 0x0A, 0x64, 0xE9, 0x63,
    0xE9, 0x63, 0x0A, 0x64, 0x0A, 0x64, 0x0A, 0x64, 0x0A, 0x64, 0x2A, 0x6C, 0x09, 0x64, 0xE9, 0x6B,
    0xA8, 0x63, 0xEB, 0x7B, 0x53, 0xCD, 0x73, 0xDD, 0x73, 0xDD, 0x93, 0xDD, 0x73, 0xDD, 0x73, 0xDD,
    0x53, 0xDD, 0x12, 0xDD, 0x53, 0xDD, 0x32, 0xDD, 0x12, 0xDD, 0xF2, 0xDC, 0x12, 0xDD, 0x32, 0xE5,
    0xF2, 0xDC, 0xB0, 0xD4, 0x11, 0xD5, 0xB3, 0xDD, 0xF3, 0xDD, 0x13, 0xDE, 0xF3, 0xDD, 0xD2, 0xD5,
    0xF3, 0xD5, 0xD3, 0xD5, 0xF3, 0xD5, 0xF3, 0xDD, 0x13, 0xDE, 0xD2, 0xD5, 0xD3, 0xD5, 0xD3, 0xD5,
    0xD3, 0xD5, 0xD2, 0xD5, 0xB2, 0xCD, 0xB2, 0xD5, 0xD3, 0xD5, 0xB2, 0xD5, 0xB2, 0xD5, 0xB2, 0xD5,
    0x92, 0xCD, 0x92, 0xCD, 0x92, 0xCD, 0x92, 0xCD, 0xB2, 0xD5, 0x92, 0xCD, 0xB2, 0xCD, 0xB2, 0xD5,
    0xB2, 0xCD, 0x92, 0xCD, 0xB2, 0xCD, 0xB2, 0xCD, 0x92, 0xCD, 0xB2, 0xCD, 0xD2, 0xD5, 0xD2, 0xD5,
    0xB2, 0xCD, 0xB2, 0xCD, 0xB2, 0xCD, 0x92, 0xD5, 0x52, 0xD5, 0xD0, 0xCC, 0x90, 0xD4, 0x70, 0xD4,
    0x70, 0xD4, 0x70, 0xD4, 0x70, 0xCC, 0x90, 0xD4, 0xB1, 0xD4, 0x91, 0xD4, 0x91, 0xD4, 0x50, 0xCC,
    0x90, 0xCC, 0xB1, 0xD4, 0xB1, 0xD4, 0xB1, 0xCC, 0xB1, 0xCC, 0xD1, 0xD4, 0x90, 0xCC, 0x90, 0xCC,
    0x6F, 0xB4, 0x0B, 0x84, 0x2A, 0x74, 0x2A, 0x84, 0x6C, 0xAC, 0xCA, 0xAB, 0xAA, 0xA3, 0x89, 0xA3,
    0x89, 0xA3, 0x0B, 0xB4, 0x2B, 0xB4, 0xEB, 0xAB, 0x4D, 0xB4, 0x2D, 0xAC, 0x2D, 0xA4, 0x0A, 0x94,
    0xE8, 0x7B, 0x08, 0x7C, 0xE7, 0x73, 0x85, 0x6B, 0x84, 0x6B, 0x64, 0x73, 0x02, 0x6B, 0x03, 0x63,
    0x66, 0x63, 0xC7, 0x6B, 0xC7, 0x6B, 0x65, 0x63, 0xA1, 0x52, 0x61, 0x52, 0xA2, 0x5A, 0xA5, 0x73,
    0xE6, 0x83, 0xC5, 0x83, 0xC5, 0x7B, 0x84, 0x73, 0x82, 0x52, 0x67, 0x7B, 0x0E, 0xBD, 0xEE, 0xC4,
    0x8C, 0xB4, 0x8C, 0xAC, 0x09, 0x94, 0x25, 0x73, 0x43, 0x5A, 0x60, 0x41, 0x81, 0x31, 0x44, 0x3A,
    0x64, 0x2A, 0xA5, 0x32, 0x26, 0x4B, 0xA7, 0x5B, 0x87, 0x63, 0x05, 0x5B, 0xE4, 0x52, 0xA7, 0x63,
    0x08, 0x6C, 0xA7, 0x63, 0x67, 0x5B, 0x86, 0x5B, 0xA7, 0x63, 0x27, 0x6C, 0x27, 0x74, 0x85, 0x63,
    0x24, 0x5B, 0x86, 0x5B, 0xE7, 0x63, 0x65, 0x53, 0x05, 0x4B, 0xA4, 0x42, 0xC4, 0x4A, 0x26, 0x5B,
    0x25, 0x5B, 0x46, 0x63, 0x26, 0x63, 0xC4, 0x62, 0x63, 0x52, 0x63, 0x52, 0xE5, 0x52, 0x46, 0x5B,
    0x46, 0x5B, 0x86, 0x63, 0xC7, 0x6B, 0x27, 0x7C, 0x87, 0x8C, 0x67, 0x84, 0x27, 0x7C, 0x07, 0x74,
    0x07, 0x74, 0x27, 0x7C, 0x27, 0x7C, 0x27, 0x74, 0x28, 0x74, 0x28, 0x74, 0x47, 0x74, 0x48, 0x74,
    0x08, 0x6C, 0x08, 0x6C, 0x08, 0x6C, 0x08, 0x6C, 0x08, 0x6C, 0x08, 0x6C, 0x08, 0x6C, 0x28, 0x74,
    0x08, 0x6C, 0xE7, 0x6B, 0xC7, 0x63, 0xA7, 0x5B, 0x67, 0x53, 0x67, 0x53, 0x25, 0x4B, 0x46, 0x4B,
    0x87, 0x53, 0xC7, 0x5B, 0x86, 0x53, 0xA7, 0x5B, 0x08, 0x6C, 0xC7, 0x63, 0x86, 0x5B, 0x66, 0x53,
    0xA5, 0x3A, 0xA5, 0x3A, 0xC5, 0x3A, 0xC4, 0x32, 0xC5, 0x3A, 0xC5, 0x32, 0xA4, 0x32, 0xC4, 0x32,
    0x05, 0x3B, 0xA4, 0x32, 0xE5, 0x42, 0x26, 0x43, 0xA5, 0x3A, 0x85, 0x32, 0x44, 0x2A, 0x64, 0x2A,
    0x85, 0x32, 0x65, 0x2A, 0x66, 0x32, 0x66, 0x32, 0xA7, 0x32, 0xE8, 0x42, 0xC8, 0x3A, 0x86, 0x32,
    0xA5, 0x32, 0xC5, 0x32, 0xE5, 0x3A, 0xE5, 0x32, 0xC5, 0x32, 0xC6, 0x3A, 0xC6, 0x32, 0xE6, 0x3A,
    0x27, 0x43, 0x26, 0x43, 0xE6, 0x3A, 0xE6, 0x3A, 0xA6, 0x3A, 0x09, 0x4B, 0x4A, 0x5B, 0x8B, 0x63,
    0xCD, 0x73, 0xCC, 0x6B, 0x6A, 0x5B, 0x49, 0x5B, 0x47, 0x53, 0xA7, 0x63, 0xE7, 0x6B, 0x07, 0x6C,
    0x07, 0x6C, 0xE7, 0x6B, 0xE7, 0x63, 0xC6, 0x5B, 0x85, 0x53, 0xA6, 0x63, 0xC6, 0x63, 0xA5, 0x63,
    0xC6, 0x63, 0x86, 0x5B, 0x25, 0x4B, 0x66, 0x53, 0x85, 0x5B, 0x65, 0x5B, 0xC6, 0x63, 0xC6, 0x6B,
    0xA5, 0x63, 0x85, 0x63, 0xA5, 0x63, 0xC6, 0x63, 0x07, 0x74, 0x06, 0x74, 0xE5, 0x6B, 0x26, 0x6C,
    0x26, 0x74, 0xE6, 0x63, 0x85, 0x5B, 0x45, 0x53, 0x65, 0x5B, 0x86, 0x5B, 0x85, 0x53, 0x65, 0x53,
    0x86, 0x5B, 0xC6, 0x5B, 0x07, 0x6C, 0x07, 0x6C, 0x07, 0x6C, 0xE7, 0x63, 0x28, 0x6C, 0x08, 0x6C,
    0x07, 0x6C, 0xE7, 0x63, 0x66, 0x53, 0xA7, 0x5B, 0xE8, 0x63, 0xE7, 0x63, 0xA6, 0x5B, 0x66, 0x53,
    0x66, 0x4B, 0xC7, 0x5B, 0xC7, 0x5B, 0xA7, 0x5B, 0xA7, 0x53, 0xA7, 0x53, 0xA7, 0x5B, 0xC7, 0x5B,
    0xC7, 0x5B, 0xA7, 0x5B, 0xA7, 0x5B, 0x87, 0x53, 0x87, 0x5B, 0x88, 0x5B, 0x87, 0x53, 0xA7, 0x5B,
    0xC8, 0x5B, 0xC8, 0x5B, 0xA7, 0x5B, 0xA7, 0x5B, 0xC8, 0x5B, 0xE9, 0x63, 0xE8, 0x63, 0xC8, 0x5B,
    0x26, 0x53, 0x4D, 0x9C, 0xB4, 0xE5, 0x94, 0xDD, 0x94, 0xDD, 0x73, 0xDD, 0x73, 0xDD, 0x73, 0xDD,
    0x73, 0xDD, 0x53, 0xDD, 0x32, 0xDD, 0x12, 0xDD, 0x12, 0xDD, 0xF1, 0xD4, 0xF1, 0xDC, 0xF1, 0xDC,
    0xB0, 0xD4, 0xD0, 0xD4, 0x72, 0xDD, 0xF3, 0xDD, 0xF2, 0xDD, 0xD2, 0xD5, 0xF2, 0xDD, 0xF3, 0xDD,
    0xD3, 0xD5, 0xF3, 0xDD, 0x13, 0xDE, 0xF3, 0xD5, 0xF3, 0xDD, 0xF3, 0xDD, 0xB2, 0xD5, 0x92, 0xCD,
    0xD3, 0xD5, 0xD3, 0xD5, 0xB2, 0xCD, 0xB2, 0xCD, 0xB2, 0xD5, 0x92, 0xCD, 0xB2, 0xD5, 0x92, 0xD5,
    0x92, 0xCD, 0xB2, 0xD5, 0x92, 0xCD, 0xB2, 0xD5, 0x92, 0xCD, 0xB2, 0xD5, 0xB2, 0xD5, 0xD2, 0xD5,
    0xD2, 0xD5, 0xD2, 0xD5, 0xB2, 0xCD, 0xB2, 0xCD, 0xB2, 0xCD, 0xB2, 0xD5, 0xB2, 0xCD, 0x92, 0xCD,
    0xB2, 0xD5, 0xB2, 0xD5, 0xD2, 0xD5, 0x92, 0xCD, 0x92, 0xD5, 0x31, 0xCD, 0x6F, 0xCC, 0x4F, 0xCC,
    0x70, 0xD4, 0x70, 0xD4, 0x70, 0xD4, 0x90, 0xD4, 0xB1, 0xD4, 0x90, 0xD4, 0x70, 0xCC, 0x90, 0xD4,
    0x91, 0xD4, 0x90, 0xD4, 0x70, 0xCC, 0xB1, 0xD4, 0x90, 0xCC, 0x90, 0xCC, 0x91, 0xCC, 0x90, 0xC4,
    0xB1, 0xBC, 0xEC, 0x83, 0xA9, 0x63, 0xCA, 0x7B, 0x0B, 0xA4, 0xCA, 0xA3, 0xCA, 0xA3, 0x89, 0x9B,
    0x89, 0xA3, 0x0B, 0xB4, 0x0B, 0xB4, 0xEA, 0xAB, 0xCA, 0xA3, 0xAA, 0xA3, 0xAB, 0x9B, 0xA9, 0x8B,
    0x87, 0x6B, 0x87, 0x63, 0x26, 0x5B, 0xE4, 0x4A, 0xC3, 0x52, 0x82, 0x52, 0x41, 0x4A, 0x62, 0x42,
    0x27, 0x5B, 0xC8, 0x63, 0x87, 0x5B, 0x05, 0x53, 0x62, 0x4A, 0xE0, 0x39, 0x42, 0x42, 0x87, 0x6B,
    0x86, 0x73, 0x25, 0x63, 0x04, 0x63, 0x82, 0x52, 0x67, 0x7B, 0xB1, 0xD5, 0x2F, 0xCD, 0xEE, 0xCC,
    0xAE, 0xC4, 0xAE, 0xBC, 0xAD, 0xBC, 0x07, 0x7B, 0x61, 0x39, 0x01, 0x31, 0x21, 0x29, 0x23, 0x3A,
    0x05, 0x43, 0xE7, 0x5B, 0x48, 0x6C, 0x48, 0x6C, 0x29, 0x74, 0xE8, 0x6B, 0xA7, 0x5B, 0x66, 0x53,
    0x46, 0x4B, 0x05, 0x43, 0xA5, 0x3A, 0xA4, 0x3A, 0xE4, 0x42, 0x45, 0x4B, 0x65, 0x4B, 0x44, 0x4B,
    0x85, 0x53, 0x85, 0x53, 0x44, 0x4B, 0xE3, 0x42, 0xA3, 0x3A, 0x05, 0x4B, 0x86, 0x5B, 0xE6, 0x63,
    0x07, 0x6C, 0x48, 0x74, 0x28, 0x74, 0xC7, 0x6B, 0x86, 0x6B, 0xC6, 0x6B, 0xE7, 0x73, 0x07, 0x74,
    0x07, 0x74, 0x07, 0x74, 0xE5, 0x6B, 0x87, 0x8C, 0x89, 0xAD, 0x28, 0x9D, 0x46, 0x7C, 0x06, 0x6C,
    0x27, 0x6C, 0x07, 0x74, 0xE7, 0x6B, 0xE7, 0x6B, 0xE7, 0x6B, 0x08, 0x6C, 0x69, 0x7C, 0x48, 0x74,
    0x07, 0x6C, 0x08, 0x6C, 0x08, 0x6C, 0xE7, 0x63, 0xC7, 0x63, 0xE7, 0x63, 0x08, 0x6C, 0x08, 0x6C,
    0xC7, 0x63, 0x86, 0x5B, 0x46, 0x53, 0x46, 0x4B, 0x67, 0x53, 0x67, 0x53, 0x26, 0x4B, 0x46, 0x4B,
    0x87, 0x53, 0x66, 0x53, 0x46, 0x4B, 0x86, 0x53, 0xE7, 0x63, 0xA7, 0x5B, 0x86, 0x53, 0x86, 0x53,
    0x85, 0x2A, 0xA5, 0x32, 0xC5, 0x3A, 0xA5, 0x32, 0xA4, 0x32, 0xA5, 0x32, 0xA5, 0x32, 0x84, 0x2A,
    0xE4, 0x3A, 0xC4, 0x3A, 0xA4, 0x3A, 0xE5, 0x42, 0x84, 0x32, 0xA5, 0x32, 0x85, 0x32, 0x65, 0x2A,
    0x46, 0x2A, 0x2A, 0x4B, 0x50, 0x74, 0x71, 0x7C, 0xD3, 0x8C, 0xD3, 0x8C, 0xD3, 0x8C, 0x2E, 0x74,
    0x6A, 0x53, 0xC7, 0x3A, 0xC6, 0x3A, 0xE6, 0x3A, 0xC5, 0x32, 0xA5, 0x32, 0xC6, 0x32, 0xE6, 0x3A,
    0xE5, 0x3A, 0xC5, 0x32, 0xE6, 0x3A, 0xA6, 0x3A, 0x4B, 0x63, 0xB3, 0x9C, 0xB4, 0xA4, 0xD4, 0xA4,
    0xF5, 0xAC, 0xF5, 0xAC, 0xF4, 0xAC, 0xF3, 0x9C, 0x2E, 0x84, 0x48, 0x5B, 0x87, 0x5B, 0xC7, 0x63,
    0xC6, 0x63, 0xC6, 0x63, 0xC6, 0x63, 0x45, 0x53, 0x04, 0x43, 0x65, 0x53, 0x65, 0x5B, 0x65, 0x5B,
    0x65, 0x53, 0x25, 0x4B, 0xE4, 0x42, 0x04, 0x43, 0x25, 0x53, 0x65, 0x5B, 0xC6, 0x63, 0xA6, 0x63,
    0xA6, 0x6B, 0xE7, 0x73, 0x27, 0x74, 0xE6, 0x6B, 0xE6, 0x6B, 0xA5, 0x63, 0x64, 0x53, 0xC5, 0x63,
    0x07, 0x6C, 0xC6, 0x63, 0x86, 0x5B, 0xA6, 0x5B, 0xC6, 0x63, 0xC6, 0x63, 0xC6, 0x63, 0x86, 0x5B,
    0x65, 0x53, 0xA6, 0x5B, 0xE6, 0x63, 0xC6, 0x63, 0xA6, 0x5B, 0xA6, 0x5B, 0xC7, 0x63, 0xA6, 0x5B,
    0x86, 0x5B, 0xC7, 0x63, 0x86, 0x5B, 0x66, 0x53, 0x66, 0x53, 0xA7, 0x5B, 0xC7, 0x5B, 0x86, 0x53,
    0x45, 0x4B, 0x86, 0x53, 0x86, 0x53, 0x66, 0x4B, 0x46, 0x4B, 0x46, 0x4B, 0x67, 0x53, 0x87, 0x53,
    0x87, 0x53, 0x46, 0x4B, 0x87, 0x53, 0xA8, 0x5B, 0x87, 0x53, 0x87, 0x53, 0x87, 0x53, 0x87, 0x53,
    0xA7, 0x5B, 0xA7, 0x5B, 0x66, 0x53, 0x67, 0x53, 0x87, 0x53, 0xA7, 0x53, 0xA7, 0x5B, 0xA8, 0x5B,
    0x27, 0x53, 0xCF, 0xAC, 0xD5, 0xE5, 0x94, 0xDD, 0x94, 0xDD, 0x93, 0xE5, 0x73, 0xDD, 0x73, 0xDD,
    0x52, 0xDD, 0x32, 0xDD, 0x32, 0xDD, 0x32, 0xDD, 0xF1, 0xDC, 0x12, 0xDD, 0x12, 0xDD, 0xF1, 0xDC,
    0xF1, 0xD4, 0x31, 0xDD, 0xD3, 0xE5, 0xF3, 0xDD, 0x13, 0xDE, 0xD2, 0xD5, 0xF2, 0xDD, 0xF3, 0xDD,
    0xD3, 0xD5, 0xD2, 0xD5, 0xD2, 0xD5, 0xF3, 0xD5, 0xD2, 0xD5, 0xB2, 0xD5, 0xB2, 0xD5, 0xD2, 0xD5,
    0xD2, 0xD5, 0xB2, 0xD5, 0xB3, 0xD5, 0xB2, 0xCD, 0xD3, 0xD5, 0x92, 0xCD, 0x71, 0xCD, 0x91, 0xD5,
    0xB2, 0xCD, 0x92, 0xCD, 0x92, 0xCD, 0x92, 0xCD, 0xB2, 0xCD, 0x91, 0xCD, 0x91, 0xCD, 0xB2, 0xD5,
    0xB2, 0xCD, 0xB2, 0xCD, 0xB2, 0xCD, 0xB2, 0xD5, 0xB2, 0xCD, 0xB2, 0xCD, 0xB2, 0xD5, 0xB2, 0xCD,
    0xD2, 0xD5, 0xB2, 0xCD, 0xB2, 0xCD, 0xB2, 0xCD, 0xB2, 0xD5, 0x71, 0xD5, 0xD0, 0xCC, 0x4F, 0xCC,
    0x50, 0xCC, 0x70, 0xCC, 0x50, 0xCC, 0x4F, 0xCC, 0x70, 0xD4, 0x70, 0xCC, 0x50, 0xCC, 0x70, 0xD4,
    0x70, 0xCC, 0x70, 0xCC, 0x91, 0xD4, 0x90, 0xCC, 0xB1, 0xCC, 0x90, 0xCC, 0x90, 0xCC, 0x91, 0xCC,
    0xF2, 0xCC, 0xCC, 0x8B, 0xA6, 0x52, 0x68, 0x73, 0x0B, 0xAC, 0xCA, 0xAB, 0xCA, 0xA3, 0x89, 0x9B,
    0x89, 0xA3, 0xEA, 0xAB, 0xCA, 0xAB, 0xCA, 0xAB, 0x89, 0xA3, 0x69, 0x9B, 0x6A, 0x9B, 0x69, 0x8B,
    0x27, 0x63, 0x26, 0x53, 0xC5, 0x4A, 0x63, 0x42, 0x42, 0x3A, 0x02, 0x3A, 0xC1, 0x31, 0x03, 0x32,
    0xE6, 0x4A, 0x06, 0x4B, 0x06, 0x4B, 0x84, 0x42, 0xE2, 0x31, 0x80, 0x29, 0x64, 0x42, 0x66, 0x63,
    0x25, 0x5B, 0xA3, 0x52, 0xE1, 0x41, 0x06, 0x73, 0x4F, 0xCD, 0xEE, 0xCC, 0x6C, 0xBC, 0x6C, 0xBC,
    0x8D, 0xBC, 0x6D, 0xBC, 0x6D, 0xBC, 0xCB, 0x9B, 0xE0, 0x28, 0xE0, 0x20, 0xA1, 0x31, 0x87, 0x5B,
    0x69, 0x74, 0x28, 0x6C, 0xC6, 0x63, 0x86, 0x5B, 0x86, 0x5B, 0x46, 0x4B, 0x25, 0x4B, 0x25, 0x4B,
    0x06, 0x43, 0xA5, 0x3A, 0x64, 0x32, 0xA4, 0x3A, 0xA4, 0x3A, 0x63, 0x32, 0xC4, 0x3A, 0x04, 0x43,
    0x04, 0x43, 0xC3, 0x42, 0xC3, 0x3A, 0xE3, 0x42, 0x04, 0x4B, 0x86, 0x5B, 0xA6, 0x63, 0xE6, 0x6B,
    0x27, 0x74, 0x48, 0x7C, 0x27, 0x74, 0xE6, 0x6B, 0xE6, 0x6B, 0x07, 0x74, 0x07, 0x74, 0x07, 0x74,
    0x27, 0x74, 0x07, 0x74, 0xE5, 0x6B, 0xE7, 0x9C, 0x68, 0xB5, 0xC6, 0x94, 0xC5, 0x6B, 0xE6, 0x63,
    0xE6, 0x63, 0x07, 0x74, 0x69, 0x84, 0x49, 0x7C, 0xC7, 0x63, 0xE7, 0x6B, 0x28, 0x6C, 0x08, 0x6C,
    0xE7, 0x63, 0x07, 0x6C, 0xC6, 0x63, 0xA6, 0x5B, 0x86, 0x5B, 0x86, 0x5B, 0xA6, 0x5B, 0xE7, 0x63,
    0x86, 0x5B, 0x66, 0x53, 0xA7, 0x5B, 0x86, 0x53, 0x87, 0x53, 0x87, 0x53, 0x87, 0x53, 0x87, 0x53,
    0x67, 0x53, 0x05, 0x43, 0x05, 0x43, 0x66, 0x53, 0xA7, 0x5B, 0xA7, 0x53, 0x66, 0x53, 0x45, 0x4B,
    0xA6, 0x32, 0xA5, 0x32, 0xA5, 0x32, 0xA5, 0x32, 0xA5, 0x32, 0x85, 0x32, 0x64, 0x2A, 0xC5, 0x32,
    0xE5, 0x3A, 0x05, 0x43, 0x05, 0x43, 0xC4, 0x3A, 0xC4, 0x3A, 0xA5, 0x3A, 0x65, 0x2A, 0x4C, 0x53,
    0x92, 0x7C, 0xB4, 0x84, 0xB4, 0x8C, 0xB4, 0x8C, 0x94, 0x8C, 0xB4, 0x8C, 0xD5, 0x94, 0x15, 0x95,
    0x34, 0x95, 0x91, 0x7C, 0x6B, 0x53, 0xC6, 0x3A, 0xE6, 0x3A, 0x06, 0x3B, 0x06, 0x3B, 0xC6, 0x3A,
    0xC5, 0x32, 0xC5, 0x32, 0xA7, 0x42, 0xAE, 0x73, 0x52, 0x9C, 0x54, 0xA4, 0x13, 0xA4, 0x33, 0xA4,
    0x53, 0xAC, 0x53, 0xAC, 0x94, 0xAC, 0xB3, 0xAC, 0xF4, 0xAC, 0xD1, 0x9C, 0x8A, 0x6B, 0x86, 0x5B,
    0xC6, 0x5B, 0xA6, 0x5B, 0x86, 0x5B, 0x66, 0x53, 0x66, 0x53, 0x66, 0x53, 0x45, 0x53, 0x45, 0x53,
    0x24, 0x4B, 0xC3, 0x42, 0xC4, 0x4A, 0xE4, 0x4A, 0xE4, 0x4A, 0x44, 0x53, 0x85, 0x5B, 0xC5, 0x63,
    0xE6, 0x6B, 0x26, 0x74, 0x26, 0x74, 0x06, 0x74, 0x47, 0x74, 0x27, 0x74, 0xC6, 0x63, 0x85, 0x5B,
    0xA5, 0x63, 0x86, 0x5B, 0xA6, 0x5B, 0xC6, 0x5B, 0xC6, 0x63, 0xA6, 0x63, 0xC7, 0x63, 0xC7, 0x63,
    0x07, 0x6C, 0x27, 0x74, 0x07, 0x6C, 0xE6, 0x6B, 0xC7, 0x63, 0xC7, 0x63, 0x86, 0x5B, 0x45, 0x4B,
    0x25, 0x4B, 0x46, 0x4B, 0x86, 0x53, 0x46, 0x4B, 0x06, 0x43, 0x05, 0x43, 0x46, 0x4B, 0x26, 0x4B,
    0x46, 0x4B, 0x46, 0x4B, 0x26, 0x43, 0xE5, 0x3A, 0xC4, 0x32, 0x26, 0x43, 0x46, 0x43, 0x47, 0x4B,
    0x46, 0x4B, 0x05, 0x43, 0x05, 0x43, 0x87, 0x53, 0x67, 0x4B, 0x47, 0x4B, 0x46, 0x4B, 0x26, 0x4B,
    0x46, 0x4B, 0x87, 0x53, 0x87, 0x53, 0x67, 0x53, 0x87, 0x53, 0x67, 0x53, 0x67, 0x53, 0x67, 0x53,
    0x88, 0x63, 0x93, 0xCD, 0xD5, 0xE5, 0xB4, 0xE5, 0x94, 0xDD, 0x73, 0xE5, 0x52, 0xDD, 0x53, 0xE5,
    0x53, 0xE5, 0x12, 0xDD, 0x12, 0xDD, 0x12, 0xDD, 0x12, 0xDD, 0x12, 0xDD, 0xF1, 0xD4, 0x11, 0xDD,
    0x11, 0xD5, 0x71, 0xD5, 0xB2, 0xDD, 0x13, 0xDE, 0x33, 0xE6, 0xD2, 0xD5, 0xB2, 0xD5, 0xB2, 0xD5,
    0xB2, 0xD5, 0xD3, 0xD5, 0xF3, 0xDD, 0xF3, 0xD5, 0xD2, 0xD5, 0x91, 0xCD, 0xB2, 0xCD, 0xB2, 0xD5,
    0xD2, 0xD5, 0xF3, 0xD5, 0xB2, 0xCD, 0x92, 0xCD, 0xB2, 0xD5, 0xD2, 0xD5, 0xB2, 0xD5, 0x92, 0xCD,
    0xB2, 0xCD, 0xB2, 0xCD, 0xB2, 0xD5, 0x92, 0xCD, 0x92, 0xCD, 0x71, 0xCD, 0xB2, 0xCD, 0xD2, 0xD5,
    0xD2, 0xD5, 0xB2, 0xD5, 0xB2, 0xD5, 0xB2, 0xCD, 0x92, 0xCD, 0x92, 0xCD, 0xB2, 0xCD, 0xB2, 0xCD,
    0x92, 0xCD, 0xB2, 0xCD, 0xB2, 0xCD, 0xB2, 0xCD, 0x91, 0xCD, 0xB2, 0xD5, 0x72, 0xD5, 0xB0, 0xCC,
    0x4F, 0xCC, 0x70, 0xCC, 0x4F, 0xCC, 0x50, 0xCC, 0x91, 0xD4, 0xB1, 0xD4, 0x70, 0xCC, 0x90, 0xD4,
    0x91, 0xD4, 0x70, 0xCC, 0x70, 0xC4, 0x90, 0xCC, 0x90, 0xCC, 0xB1, 0xCC, 0xB1, 0xCC, 0x91, 0xC4,
    0xF2, 0xCC, 0xF1, 0xBC, 0x4D, 0x9C, 0x0B, 0x9C, 0x0B, 0xAC, 0xCA, 0xA3, 0xCA, 0xA3, 0x89, 0x9B,
    0x89, 0xA3, 0xEA, 0xAB, 0xEA, 0xAB, 0xCA, 0xAB, 0x89, 0xA3, 0x69, 0x9B, 0xAA, 0xA3, 0x69, 0x8B,
    0xE6, 0x5A, 0x06, 0x4B, 0xC5, 0x4A, 0x43, 0x3A, 0x22, 0x32, 0xE2, 0x31, 0xA1, 0x29, 0x23, 0x32,
    0xC6, 0x42, 0xA5, 0x3A, 0x85, 0x32, 0x44, 0x32, 0xA1, 0x29, 0x40, 0x21, 0x64, 0x42, 0x46, 0x5B,
    0xE4, 0x52, 0xC0, 0x39, 0x64, 0x5A, 0x2F, 0xC5, 0xAD, 0xC4, 0x6C, 0xC4, 0x6C, 0xC4, 0xCD, 0xCC,
    0xCE, 0xC4, 0x8D, 0xBC, 0x6D, 0xBC, 0x6E, 0xB4, 0x86, 0x62, 0x23, 0x42, 0x66, 0x5B, 0x08, 0x64,
    0xE7, 0x63, 0x86, 0x53, 0x85, 0x53, 0x86, 0x53, 0x86, 0x53, 0x46, 0x4B, 0x26, 0x4B, 0x05, 0x43,
    0xE5, 0x3A, 0x84, 0x32, 0x84, 0x32, 0xC5, 0x42, 0xA5, 0x42, 0xA4, 0x3A, 0x26, 0x4B, 0x45, 0x4B,
    0x04, 0x4B, 0x04, 0x4B, 0x65, 0x53, 0x85, 0x5B, 0xA6, 0x5B, 0xC7, 0x63, 0xE7, 0x6B, 0xE7, 0x6B,
    0x07, 0x74, 0x07, 0x74, 0x27, 0x74, 0x27, 0x7C, 0x07, 0x74, 0xC6, 0x63, 0x86, 0x63, 0x85, 0x5B,
    0x85, 0x5B, 0xA6, 0x63, 0xA5, 0x6B, 0x05, 0x74, 0x83, 0x6B, 0xC1, 0x52, 0x24, 0x5B, 0x07, 0x6C,
    0x07, 0x74, 0x69, 0x84, 0x89, 0x84, 0x28, 0x74, 0xC7, 0x63, 0xC7, 0x63, 0xE8, 0x63, 0xC7, 0x63,
    0xA6, 0x5B, 0xC6, 0x63, 0xC6, 0x63, 0xE7, 0x63, 0xE7, 0x63, 0xC7, 0x63, 0xC6, 0x63, 0xE7, 0x63,
    0x66, 0x53, 0xA6, 0x5B, 0xA7, 0x5B, 0x46, 0x4B, 0x46, 0x4B, 0x26, 0x4B, 0x26, 0x4B, 0x27, 0x4B,
    0x47, 0x4B, 0x26, 0x4B, 0xE5, 0x42, 0x05, 0x43, 0x46, 0x4B, 0x25, 0x43, 0x25, 0x4B, 0x26, 0x4B,
    0x85, 0x32, 0x44, 0x2A, 0x44, 0x2A, 0xA5, 0x32, 0xE6, 0x3A, 0xE6, 0x3A, 0x84, 0x2A, 0x84, 0x2A,
    0xE5, 0x3A, 0xE5, 0x42, 0xE4, 0x3A, 0xC4, 0x3A, 0xC4, 0x3A, 0xA5, 0x3A, 0x0A, 0x4B, 0x72, 0x7C,
    0x94, 0x84, 0x54, 0x84, 0x54, 0x84, 0x54, 0x84, 0x73, 0x84, 0x53, 0x7C, 0x94, 0x84, 0xB4, 0x84,
    0xD4, 0x8C, 0x15, 0x95, 0xF3, 0x8C, 0x4A, 0x53, 0xA6, 0x32, 0x06, 0x3B, 0x06, 0x43, 0xE6, 0x3A,
    0xE6, 0x3A, 0xC7, 0x42, 0x8D, 0x6B, 0x32, 0x94, 0x33, 0x9C, 0xD2, 0x9B, 0xD1, 0x9B, 0xF1, 0x9B,
    0xF1, 0xA3, 0x32, 0xA4, 0x73, 0xAC, 0x72, 0xA4, 0x72, 0xAC, 0xF4, 0xB4, 0xD1, 0xA4, 0x68, 0x5B,
    0x66, 0x53, 0xA6, 0x5B, 0x85, 0x53, 0x86, 0x53, 0xA7, 0x5B, 0x86, 0x5B, 0x86, 0x5B, 0x65, 0x5B,
    0x25, 0x5B, 0x67, 0x6B, 0xAA, 0x7B, 0xEB, 0x83, 0x46, 0x63, 0x24, 0x53, 0x85, 0x53, 0x85, 0x5B,
    0xA5, 0x63, 0xA4, 0x63, 0xC5, 0x63, 0xE5, 0x6B, 0x06, 0x6C, 0x27, 0x74, 0x27, 0x74, 0xE5, 0x6B,
    0xA5, 0x63, 0x84, 0x5B, 0x85, 0x5B, 0x85, 0x53, 0xA6, 0x5B, 0x86, 0x5B, 0x86, 0x5B, 0xE7, 0x6B,
    0x07, 0x74, 0x07, 0x74, 0xE6, 0x6B, 0xC6, 0x6B, 0xC7, 0x6B, 0xA7, 0x63, 0x46, 0x53, 0x05, 0x43,
    0x05, 0x43, 0xE5, 0x42, 0x26, 0x4B, 0x26, 0x4B, 0xE6, 0x42, 0xC6, 0x3A, 0xE6, 0x42, 0xE6, 0x3A,
    0xE5, 0x3A, 0x06, 0x43, 0x05, 0x3B, 0xC5, 0x32, 0xC5, 0x32, 0xE5, 0x32, 0x06, 0x3B, 0x06, 0x3B,
    0x06, 0x3B, 0x06, 0x3B, 0xE6, 0x3A, 0xE6, 0x3A, 0xE6, 0x3A, 0x06, 0x43, 0x26, 0x43, 0x26, 0x43,
    0xE5, 0x3A, 0x26, 0x43, 0x67, 0x4B, 0x47, 0x4B, 0x67, 0x53, 0x46, 0x4B, 0x46, 0x4B, 0x06, 0x4B,
    0xCA, 0x7B, 0xF5, 0xDD, 0xD5, 0xE5, 0xB4, 0xE5, 0x93, 0xDD, 0x52, 0xDD, 0x32, 0xDD, 0xF1, 0xD4,
    0x32, 0xDD, 0x32, 0xDD, 0x32, 0xDD, 0x12, 0xDD, 0x32, 0xDD, 0x12, 0xDD, 0xF1, 0xD4, 0x11, 0xD5,
    0xB2, 0xDD, 0xF3, 0xDD, 0xF3, 0xDD, 0xF3, 0xDD, 0xF3, 0xDD, 0xF2, 0xD5, 0xB2, 0xD5, 0xF3, 0xD5,
    0xF3, 0xDD, 0xF3, 0xDD, 0xD3, 0xD5, 0xB2, 0xD5, 0x92, 0xCD, 0xB2, 0xD5, 0xD2, 0xD5, 0xD2, 0xD5,
    0xF3, 0xDD, 0xB2, 0xD5, 0xB2, 0xD5, 0xD2, 0xD5, 0xB2, 0xCD, 0x92, 0xCD, 0x92, 0xD5, 0xB2, 0xD5,
    0xD3, 0xD5, 0xB2, 0xD5, 0xB2, 0xCD, 0xB2, 0xCD, 0xB2, 0xCD, 0xB2, 0xD5, 0xB2, 0xD5, 0xB2, 0xCD,
    0xB2, 0xD5, 0xB2, 0xD5, 0xD3, 0xD5, 0x92, 0xCD, 0xB2, 0xD5, 0xB2, 0xD5, 0x92, 0xCD, 0x92, 0xCD,
    0xB2, 0xCD, 0xB2, 0xCD, 0xB2, 0xCD, 0xB2, 0xCD, 0xB2, 0xD5, 0x92, 0xCD, 0x92, 0xCD, 0x31, 0xD5,
    0x90, 0xCC, 0x70, 0xCC, 0x70, 0xCC, 0x70, 0xD4, 0x70, 0xCC, 0x70, 0xCC, 0x70, 0xCC, 0xB1, 0xD4,
    0xB1, 0xD4, 0x90, 0xCC, 0x90, 0xCC, 0xD1, 0xD4, 0xB1, 0xCC, 0x90, 0xCC, 0xD1, 0xCC, 0x91, 0xC4,
    0xD2, 0xCC, 0x32, 0xCD, 0x31, 0xCD, 0xEF, 0xC4, 0xCA, 0xAB, 0xCA, 0xA3, 0xCA, 0xA3, 0x69, 0x9B,
    0x89, 0xA3, 0xEA, 0xAB, 0xEA, 0xAB, 0xCA, 0xAB, 0xA9, 0xA3, 0x89, 0x9B, 0xCA, 0xA3, 0x69, 0x8B,
    0x64, 0x52, 0x64, 0x42, 0x44, 0x3A, 0xC2, 0x29, 0x81, 0x29, 0x81, 0x29, 0x81, 0x21, 0x24, 0x3A,
    0xC6, 0x42, 0x85, 0x3A, 0x64, 0x32, 0x03, 0x2A, 0x81, 0x21, 0x40, 0x21, 0x23, 0x32, 0xE6, 0x4A,
    0x43, 0x3A, 0xC1, 0x41, 0xAD, 0xB4, 0x8D, 0xC4, 0x0A, 0xB4, 0x6C, 0xC4, 0x4C, 0xBC, 0xAD, 0xC4,
    0xCE, 0xCC, 0xCE, 0xC4, 0x8E, 0xBC, 0x4D, 0xB4, 0x0C, 0x9C, 0xE5, 0x5A, 0x66, 0x53, 0x66, 0x4B,
    0x04, 0x43, 0xE4, 0x42, 0x24, 0x43, 0x25, 0x43, 0xE4, 0x42, 0xC4, 0x3A, 0xE5, 0x42, 0xE5, 0x42,
    0xA4, 0x3A, 0x84, 0x32, 0xA4, 0x3A, 0xE5, 0x42, 0x05, 0x43, 0x05, 0x4B, 0x46, 0x53, 0x45, 0x4B,
    0x65, 0x53, 0x45, 0x53, 0x65, 0x53, 0xA6, 0x5B, 0xC6, 0x63, 0xE7, 0x6B, 0x07, 0x6C, 0xE7, 0x6B,
    0xC6, 0x63, 0xE7, 0x6B, 0x27, 0x74, 0xE6, 0x6B, 0xA6, 0x63, 0xA6, 0x63, 0x85, 0x5B, 0x65, 0x5B,
    0x85, 0x5B, 0xE7, 0x6B, 0xE6, 0x6B, 0x84, 0x63, 0x03, 0x53, 0x05, 0x5B, 0x86, 0x63, 0xE7, 0x6B,
    0xE7, 0x6B, 0xE7, 0x6B, 0xC6, 0x63, 0x85, 0x5B, 0x86, 0x5B, 0xA7, 0x5B, 0xC7, 0x63, 0xA6, 0x5B,
    0x85, 0x5B, 0xA6, 0x5B, 0xA6, 0x5B, 0xE7, 0x63, 0x07, 0x64, 0xC6, 0x5B, 0xE6, 0x63, 0xE7, 0x63,
    0xA7, 0x5B, 0x86, 0x53, 0x04, 0x43, 0x05, 0x43, 0xE5, 0x42, 0xE5, 0x42, 0x06, 0x43, 0xE6, 0x42,
    0xA5, 0x3A, 0xE6, 0x42, 0x06, 0x43, 0x06, 0x43, 0xE5, 0x42, 0xC5, 0x3A, 0xE5, 0x42, 0x26, 0x4B,
    0xA6, 0x32, 0x64, 0x2A, 0x44, 0x2A, 0x84, 0x32, 0xC5, 0x32, 0xA4, 0x32, 0x83, 0x2A, 0xA4, 0x32,
    0xA4, 0x32, 0xA4, 0x32, 0xE4, 0x3A, 0xE5, 0x3A, 0xC5, 0x3A, 0x07, 0x43, 0x30, 0x74, 0x53, 0x7C,
    0x12, 0x7C, 0x12, 0x74, 0x32, 0x7C, 0x53, 0x84, 0x53, 0x7C, 0x53, 0x7C, 0x53, 0x7C, 0x53, 0x84,
    0x93, 0x84, 0x93, 0x84, 0xD4, 0x8C, 0x71, 0x7C, 0xC7, 0x3A, 0xC5, 0x3A, 0xE5, 0x3A, 0x06, 0x43,
    0xE7, 0x42, 0x8C, 0x63, 0x52, 0x9C, 0xD1, 0x93, 0xF2, 0x9B, 0xB1, 0x93, 0xB1, 0x9B, 0xF1, 0x9B,
    0xF1, 0xA3, 0x12, 0xA4, 0x52, 0xAC, 0x32, 0xA4, 0x73, 0xAC, 0x73, 0xAC, 0xF3, 0xB4, 0x0D, 0x84,
    0xE6, 0x4A, 0x45, 0x4B, 0x65, 0x53, 0x45, 0x4B, 0x25, 0x4B, 0x45, 0x53, 0x66, 0x53, 0x46, 0x5B,
    0x27, 0x6B, 0x49, 0x8B, 0x49, 0x8B, 0xAA, 0x93, 0xCA, 0x8B, 0x46, 0x63, 0x44, 0x53, 0x85, 0x5B,
    0x85, 0x63, 0xA5, 0x63, 0xE6, 0x6B, 0xA5, 0x63, 0x85, 0x5B, 0x85, 0x5B, 0xE5, 0x6B, 0xC5, 0x6B,
    0xE5, 0x6B, 0xE6, 0x63, 0xA5, 0x5B, 0x85, 0x53, 0x44, 0x4B, 0x24, 0x4B, 0x85, 0x5B, 0xE7, 0x6B,
    0x07, 0x6C, 0xE6, 0x63, 0x65, 0x5B, 0x45, 0x53, 0x66, 0x5B, 0x86, 0x5B, 0x66, 0x53, 0xE5, 0x3A,
    0x84, 0x32, 0xA5, 0x3A, 0x27, 0x4B, 0xE6, 0x42, 0xA5, 0x32, 0xA6, 0x32, 0xA6, 0x32, 0xA5, 0x32,
    0xC5, 0x32, 0xE5, 0x3A, 0xC5, 0x32, 0xA5, 0x32, 0xC6, 0x32, 0xC5, 0x32, 0xC5, 0x32, 0xE6, 0x3A,
    0xC5, 0x32, 0xA5, 0x32, 0xA6, 0x32, 0xC6, 0x3A, 0xE6, 0x3A, 0x06, 0x43, 0x47, 0x43, 0x26, 0x43,
    0x06, 0x3B, 0x46, 0x43, 0x46, 0x43, 0x46, 0x43, 0x47, 0x4B, 0x46, 0x4B, 0x26, 0x4B, 0x06, 0x4B,
    0x6D, 0x94, 0x16, 0xE6, 0xB4, 0xE5, 0xB4, 0xE5, 0x94, 0xE5, 0x93, 0xE5, 0x53, 0xDD, 0x32, 0xE5,
    0x32, 0xDD, 0x52, 0xDD, 0x32, 0xDD, 0x12, 0xDD, 0x11, 0xDD, 0x12, 0xDD, 0x12, 0xDD, 0x52, 0xDD,
    0xD3, 0xDD, 0xF2, 0xD5, 0xF3, 0xDD, 0xD3, 0xDD, 0xF2, 0xD5, 0xF2, 0xD5, 0xF3, 0xDD, 0xB2, 0xD5,
    0xB2, 0xD5, 0xD2, 0xD5, 0xB2, 0xD5, 0xB2, 0xD5, 0x91, 0xCD, 0xD2, 0xD5, 0xB2, 0xD5, 0xB2, 0xCD,
    0xB2, 0xD5, 0xB2, 0xD5, 0xB2, 0xD5, 0x91, 0xCD, 0xB1, 0xD5, 0xB2, 0xD5, 0x71, 0xCD, 0x91, 0xCD,
    0x92, 0xCD, 0xB2, 0xCD, 0x92, 0xCD, 0xB2, 0xCD, 0xB2, 0xCD, 0xB2, 0xCD, 0xB2, 0xCD, 0x92, 0xCD,
    0x92, 0xCD, 0x92, 0xCD, 0x92, 0xCD, 0xB2, 0xCD, 0xB2, 0xD5, 0xB2, 0xD5, 0xB2, 0xD5, 0xB2, 0xCD,
    0xB2, 0xCD, 0xB2, 0xCD, 0xB2, 0xCD, 0xB2, 0xCD, 0x92, 0xCD, 0xB2, 0xCD, 0xB2, 0xD5, 0x51, 0xD5,
    0xD0, 0xCC, 0x6F, 0xCC, 0x4F, 0xCC, 0x50, 0xCC, 0x50, 0xCC, 0xB1, 0xD4, 0x90, 0xD4, 0x90, 0xCC,
    0x90, 0xCC, 0x91, 0xCC, 0x90, 0xCC, 0x70, 0xCC, 0x91, 0xCC, 0x91, 0xCC, 0xB0, 0xCC, 0xD2, 0xCC,
    0xD2, 0xCC, 0xF1, 0xC4, 0xCB, 0xA3, 0x8A, 0x9B, 0xAA, 0xA3, 0xA9, 0xA3, 0xA9, 0x9B, 0x68, 0x93,
    0x89, 0x9B, 0xCA, 0xAB, 0xCA, 0xAB, 0xCA, 0xA3, 0xA9, 0xA3, 0xA9, 0xA3, 0xCB, 0xAB, 0x2D, 0xAC,
    0x4D, 0x9C, 0x0D, 0x94, 0x8B, 0x83, 0xE7, 0x62, 0x44, 0x4A, 0xC2, 0x39, 0x61, 0x29, 0xA2, 0x31,
    0xE3, 0x31, 0xC3, 0x29, 0xC2, 0x29, 0xC2, 0x29, 0x82, 0x29, 0x21, 0x21, 0xC3, 0x31, 0x44, 0x3A,
    0x61, 0x21, 0xC5, 0x6A, 0xEE, 0xC4, 0x4B, 0xBC, 0x2B, 0xBC, 0x8C, 0xCC, 0x2B, 0xBC, 0x8C, 0xC4,
    0xAD, 0xC4, 0xAE, 0xC4, 0x6E, 0xBC, 0x0C, 0xAC, 0x0C, 0xA4, 0x06, 0x63, 0xE5, 0x42, 0xE5, 0x42,
    0x84, 0x3A, 0xC4, 0x3A, 0x24, 0x43, 0xC3, 0x3A, 0x83, 0x32, 0xC4, 0x3A, 0xA4, 0x3A, 0xC4, 0x3A,
    0x05, 0x43, 0xE4, 0x42, 0xE4, 0x42, 0xE4, 0x42, 0xC4, 0x42, 0xC4, 0x42, 0xE4, 0x4A, 0x04, 0x4B,
    0x05, 0x4B, 0x46, 0x53, 0x66, 0x5B, 0xA6, 0x5B, 0x85, 0x5B, 0xA5, 0x63, 0xC6, 0x6B, 0xC6, 0x63,
    0xC6, 0x63, 0x07, 0x6C, 0xC6, 0x63, 0xA5, 0x63, 0xC6, 0x63, 0xE6, 0x6B, 0xE6, 0x63, 0x07, 0x6C,
    0xE7, 0x6B, 0xE6, 0x63, 0xC5, 0x63, 0x65, 0x63, 0x4B, 0x84, 0xAD, 0x94, 0xE8, 0x73, 0xA6, 0x63,
    0xC7, 0x63, 0xC6, 0x63, 0xC6, 0x63, 0xA6, 0x63, 0xC7, 0x63, 0xA7, 0x5B, 0x86, 0x5B, 0x66, 0x53,
    0x25, 0x4B, 0x24, 0x4B, 0x65, 0x53, 0xC6, 0x5B, 0x65, 0x53, 0x04, 0x4B, 0x86, 0x5B, 0xC7, 0x5B,
    0x86, 0x5B, 0xE4, 0x42, 0xE4, 0x42, 0xC4, 0x3A, 0xC4, 0x3A, 0x05, 0x43, 0xE5, 0x42, 0x64, 0x32,
    0x85, 0x32, 0xA5, 0x3A, 0xE6, 0x42, 0x06, 0x43, 0x26, 0x4B, 0x05, 0x43, 0xC5, 0x3A, 0x06, 0x43,
    0x85, 0x32, 0xA5, 0x32, 0x85, 0x32, 0xA5, 0x32, 0xC5, 0x3A, 0x83, 0x32, 0x83, 0x2A, 0xC4, 0x3A,
    0xC4, 0x3A, 0xC4, 0x3A, 0xE4, 0x3A, 0xE4, 0x3A, 0xC5, 0x3A, 0x8B, 0x5B, 0x52, 0x74, 0xF2, 0x73,
    0xF2, 0x73, 0xD1, 0x6B, 0x12, 0x74, 0x12, 0x74, 0x12, 0x7C, 0x32, 0x7C, 0x12, 0x7C, 0x52, 0x84,
    0x73, 0x84, 0x52, 0x84, 0x73, 0x84, 0xD3, 0x8C, 0x8B, 0x5B, 0x64, 0x32, 0x06, 0x43, 0xE6, 0x42,
    0x08, 0x4B, 0x10, 0x84, 0x91, 0x8B, 0x70, 0x8B, 0xB1, 0x93, 0x91, 0x93, 0x90, 0x93, 0xB0, 0x9B,
    0x90, 0x9B, 0xB0, 0x9B, 0xF0, 0xA3, 0xF0, 0xA3, 0x31, 0xA4, 0x51, 0xAC, 0x72, 0xAC, 0xB2, 0xA4,
    0x69, 0x63, 0xE5, 0x42, 0x25, 0x4B, 0x05, 0x43, 0xE5, 0x42, 0x26, 0x4B, 0x05, 0x53, 0x07, 0x63,
    0x65, 0x6A, 0x05, 0x72, 0x24, 0x72, 0xA6, 0x82, 0x68, 0x8B, 0x67, 0x73, 0x45, 0x5B, 0x85, 0x5B,
    0xA6, 0x63, 0xC5, 0x6B, 0x07, 0x74, 0xC6, 0x6B, 0xA6, 0x63, 0xE3, 0x4A, 0x03, 0x4B, 0x64, 0x5B,
    0x84, 0x5B, 0x64, 0x53, 0x64, 0x53, 0xC5, 0x63, 0xC6, 0x63, 0xA6, 0x5B, 0xA6, 0x63, 0xA5, 0x5B,
    0xA5, 0x5B, 0x65, 0x5B, 0xE3, 0x4A, 0x25, 0x53, 0x45, 0x53, 0x45, 0x53, 0x86, 0x53, 0x45, 0x43,
    0xA4, 0x32, 0x64, 0x32, 0xA5, 0x3A, 0xA5, 0x32, 0xA6, 0x32, 0xA6, 0x32, 0xA6, 0x32, 0xA6, 0x32,
    0xC6, 0x3A, 0xC6, 0x32, 0x85, 0x2A, 0x65, 0x2A, 0x85, 0x2A, 0xC6, 0x32, 0xE6, 0x3A, 0xA5, 0x32,
    0xA5, 0x32, 0xE6, 0x3A, 0xC6, 0x3A, 0xA6, 0x32, 0xA5, 0x32, 0xC5, 0x3A, 0xC5, 0x32, 0xC5, 0x32,
    0x06, 0x3B, 0x06, 0x3B, 0xE5, 0x3A, 0x26, 0x43, 0x47, 0x43, 0x06, 0x43, 0xE5, 0x42, 0xC6, 0x4A,
    0x10, 0xB5, 0x16, 0xE6, 0xB4, 0xDD, 0xB4, 0xDD, 0x93, 0xE5, 0x93, 0xE5, 0x52, 0xDD, 0x32, 0xDD,
    0x53, 0xE5, 0x32, 0xDD, 0x32, 0xDD, 0x12, 0xDD, 0x12, 0xDD, 0xF1, 0xDC, 0x11, 0xD5, 0x51, 0xD5,
    0xD2, 0xD5, 0xD2, 0xD5, 0xB2, 0xD5, 0xB2, 0xD5, 0xF2, 0xD5, 0xF3, 0xDD, 0xB2, 0xD5, 0x91, 0xCD,
    0xD2, 0xD5, 0xB2, 0xD5, 0x71, 0xCD, 0xB2, 0xD5, 0xB2, 0xD5, 0xD2, 0xD5, 0xB2, 0xD5, 0x92, 0xCD,
    0x92, 0xCD, 0x92, 0xCD, 0x91, 0xCD, 0x91, 0xCD, 0x91, 0xCD, 0x91, 0xCD, 0x91, 0xCD, 0x91, 0xCD,
    0x91, 0xCD, 0xB2, 0xCD, 0x92, 0xCD, 0x92, 0xCD, 0x92, 0xCD, 0x91, 0xCD, 0x91, 0xCD, 0x91, 0xCD,
    0x92, 0xCD, 0x92, 0xCD, 0x91, 0xCD, 0x92, 0xCD, 0xB2, 0xCD, 0x91, 0xCD, 0x92, 0xCD, 0xB2, 0xCD,
    0x92, 0xCD, 0xB2, 0xCD, 0x92, 0xCD, 0x91, 0xCD, 0x91, 0xCD, 0x91, 0xCD, 0x92, 0xCD, 0x92, 0xD5,
    0x31, 0xCD, 0x4F, 0xC4, 0x4F, 0xCC, 0x70, 0xD4, 0x50, 0xCC, 0x70, 0xCC, 0x70, 0xCC, 0x70, 0xCC,
    0x70, 0xCC, 0x90, 0xCC, 0x70, 0xCC, 0x2F, 0xC4, 0x91, 0xD4, 0xB1, 0xCC, 0x90, 0xCC, 0xB1, 0xCC,
    0xB2, 0xC4, 0xF2, 0xCC, 0x0D, 0xAC, 0x49, 0x93, 0xA9, 0xA3, 0xA9, 0xA3, 0x69, 0x9B, 0x48, 0x93,
    0x89, 0x9B, 0xEA, 0xAB, 0xCA, 0xAB, 0xCA, 0xA3, 0xA9, 0xA3, 0x69, 0x9B, 0x69, 0x9B, 0x6D, 0xC4,
    0xEF, 0xCC, 0x30, 0xCD, 0x51, 0xD5, 0x71, 0xCD, 0x50, 0xC5, 0x10, 0xBD, 0x8E, 0xAC, 0xEB, 0x8B,
    0x29, 0x73, 0x66, 0x52, 0xE4, 0x41, 0x62, 0x29, 0xE0, 0x18, 0xC0, 0x18, 0x21, 0x21, 0x41, 0x21,
    0xE0, 0x18, 0xC6, 0x6A, 0xAC, 0xC4, 0x4B, 0xBC, 0x2A, 0xBC, 0x6C, 0xC4, 0x0A, 0xB4, 0x6C, 0xC4,
    0x6C, 0xC4, 0x8D, 0xBC, 0x4C, 0xB4, 0xCB, 0xA3, 0xCB, 0x9B, 0x48, 0x7B, 0x85, 0x42, 0x65, 0x32,
    0x44, 0x32, 0x84, 0x32, 0xA3, 0x32, 0x83, 0x32, 0x83, 0x32, 0x84, 0x32, 0xA4, 0x3A, 0xE4, 0x3A,
    0xC4, 0x3A, 0xA3, 0x32, 0xE4, 0x42, 0x83, 0x42, 0x05, 0x5B, 0xE9, 0x7B, 0x0A, 0x84, 0xEA, 0x83,
    0xC9, 0x7B, 0x26, 0x5B, 0x05, 0x53, 0x65, 0x53, 0xA5, 0x5B, 0xC6, 0x63, 0xE6, 0x6B, 0xE6, 0x6B,
    0x07, 0x6C, 0x07, 0x6C, 0xC6, 0x63, 0xC6, 0x63, 0xC6, 0x63, 0x85, 0x5B, 0xA5, 0x63, 0xE6, 0x6B,
    0xC6, 0x63, 0xA5, 0x63, 0x85, 0x5B, 0x66, 0x5B, 0xAD, 0x94, 0xAE, 0x94, 0x86, 0x6B, 0x85, 0x6B,
    0x85, 0x63, 0xA6, 0x5B, 0xC7, 0x63, 0x66, 0x5B, 0x25, 0x4B, 0x45, 0x53, 0x25, 0x53, 0x25, 0x4B,
    0x86, 0x5B, 0x86, 0x5B, 0xA7, 0x5B, 0xA6, 0x5B, 0x24, 0x4B, 0x25, 0x4B, 0x86, 0x5B, 0xA6, 0x5B,
    0x66, 0x53, 0x25, 0x4B, 0x05, 0x43, 0xE5, 0x42, 0x46, 0x4B, 0x46, 0x4B, 0xA5, 0x3A, 0xA5, 0x3A,
    0xC6, 0x42, 0xC6, 0x3A, 0xE6, 0x42, 0x05, 0x43, 0x67, 0x53, 0x26, 0x4B, 0xE5, 0x42, 0x06, 0x4B,
    0x65, 0x2A, 0x65, 0x2A, 0x85, 0x32, 0x84, 0x2A, 0xA4, 0x32, 0xE5, 0x3A, 0xC5, 0x3A, 0xC4, 0x3A,
    0xA4, 0x32, 0x82, 0x32, 0xA3, 0x32, 0xA3, 0x32, 0x85, 0x32, 0xAE, 0x63, 0xD1, 0x6B, 0x70, 0x63,
    0xB1, 0x6B, 0xB0, 0x6B, 0xB1, 0x6B, 0xD1, 0x6B, 0x12, 0x7C, 0x32, 0x7C, 0x33, 0x7C, 0x32, 0x7C,
    0x73, 0x84, 0x72, 0x84, 0x51, 0x7C, 0xB2, 0x8C, 0x2E, 0x74, 0xA6, 0x3A, 0x84, 0x3A, 0x84, 0x32,
    0x4B, 0x63, 0xD1, 0x8B, 0x30, 0x83, 0x4F, 0x83, 0x90, 0x8B, 0x6F, 0x8B, 0x90, 0x9B, 0x90, 0x9B,
    0x6F, 0x93, 0x8F, 0x93, 0xCF, 0x9B, 0xEF, 0xA3, 0xD0, 0x9B, 0xAF, 0x9B, 0x10, 0xA4, 0x91, 0xA4,
    0xCB, 0x73, 0x26, 0x4B, 0x05, 0x43, 0xE5, 0x42, 0xE5, 0x42, 0xE5, 0x42, 0x06, 0x5B, 0xA6, 0x6A,
    0x66, 0x72, 0x25, 0x72, 0x66, 0x7A, 0xA6, 0x82, 0x08, 0x8B, 0x68, 0x7B, 0x04, 0x4B, 0x45, 0x53,
    0x66, 0x5B, 0xA6, 0x63, 0xC6, 0x6B, 0xC6, 0x63, 0xA6, 0x63, 0x66, 0x5B, 0x45, 0x53, 0x24, 0x53,
    0x23, 0x4B, 0x44, 0x53, 0xA5, 0x63, 0xE6, 0x6B, 0x06, 0x6C, 0xE6, 0x6B, 0xE6, 0x6B, 0xC6, 0x63,
    0xA6, 0x5B, 0xA6, 0x5B, 0x44, 0x53, 0xA6, 0x63, 0x65, 0x53, 0x04, 0x4B, 0x25, 0x43, 0x25, 0x4B,
    0x05, 0x43, 0x06, 0x43, 0xE6, 0x42, 0x85, 0x32, 0x85, 0x32, 0x85, 0x32, 0x85, 0x32, 0x85, 0x32,
    0xA5, 0x32, 0xC6, 0x3A, 0xA6, 0x32, 0xA6, 0x32, 0x65, 0x2A, 0x64, 0x2A, 0xC5, 0x3A, 0xA5, 0x32,
    0x85, 0x32, 0xC6, 0x3A, 0xC6, 0x3A, 0xC6, 0x3A, 0x85, 0x32, 0xC6, 0x32, 0xE6, 0x3A, 0xE6, 0x3A,
    0x07, 0x43, 0x06, 0x43, 0x06, 0x43, 0x06, 0x43, 0x07, 0x43, 0x27, 0x4B, 0xE6, 0x42, 0xC6, 0x52,
    0x93, 0xCD, 0xF5, 0xE5, 0xB4, 0xE5, 0xB4, 0xDD, 0x93, 0xDD, 0x73, 0xE5, 0x52, 0xDD, 0x32, 0xDD,
    0x32, 0xDD, 0x11, 0xD5, 0xB0, 0xD4, 0xF1, 0xDC, 0xF1, 0xDC, 0xD0, 0xD4, 0x10, 0xD5, 0x91, 0xDD,
    0x13, 0xDE, 0x13, 0xDE, 0xB2, 0xD5, 0xB2, 0xD5, 0xD2, 0xDD, 0x91, 0xCD, 0xB1, 0xD5, 0xD2, 0xD5,
    0xB2, 0xD5, 0xB1, 0xD5, 0x91, 0xCD, 0x91, 0xCD, 0xD3, 0xD5, 0xD3, 0xD5, 0xD3, 0xD5, 0xB2, 0xD5,
    0x91, 0xCD, 0x91, 0xCD, 0xB2, 0xD5, 0x71, 0xCD, 0x71, 0xCD, 0x91, 0xCD, 0x91, 0xCD, 0x91, 0xCD,
    0xB2, 0xCD, 0xB2, 0xCD, 0x92, 0xCD, 0x71, 0xCD, 0x71, 0xCD, 0x91, 0xCD, 0x91, 0xCD, 0x91, 0xCD,
    0xB2, 0xCD, 0x92, 0xCD, 0x91, 0xCD, 0xB2, 0xCD, 0x91, 0xCD, 0x91, 0xCD, 0x51, 0xC5, 0x92, 0xCD,
    0xB2, 0xCD, 0x92, 0xCD, 0xB2, 0xCD, 0xB2, 0xCD, 0x92, 0xCD, 0xB2, 0xCD, 0xB2, 0xCD, 0xB2, 0xCD,
    0x71, 0xCD, 0xD0, 0xCC, 0x2F, 0xC4, 0x2F, 0xC4, 0x4F, 0xCC, 0x2F, 0xCC, 0x50, 0xCC, 0x70, 0xD4,
    0x70, 0xCC, 0x90, 0xCC, 0x70, 0xCC, 0x70, 0xCC, 0x91, 0xCC, 0x90, 0xCC, 0xD1, 0xCC, 0xB1, 0xCC,
    0xB2, 0xC4, 0x13, 0xCD, 0xED, 0xA3, 0xC7, 0x82, 0xAA, 0xA3, 0x89, 0x9B, 0x69, 0x9B, 0x48, 0x93,
    0x69, 0x9B, 0xCA, 0xAB, 0xEA, 0xAB, 0xC9, 0xAB, 0xA9, 0xA3, 0x49, 0x93, 0x07, 0x93, 0x68, 0xA3,
    0xA9, 0xA3, 0xCA, 0xAB, 0xCA, 0xAB, 0xEA, 0xAB, 0x4C, 0xBC, 0xAD, 0xC4, 0x0F, 0xCD, 0x50, 0xCD,
    0x71, 0xD5, 0x91, 0xCD, 0x71, 0xCD, 0x10, 0xB5, 0x4D, 0x9C, 0x6A, 0x7B, 0x86, 0x5A, 0xA3, 0x39,
    0xE0, 0x20, 0x07, 0x7B, 0xAD, 0xC4, 0x2B, 0xBC, 0x2A, 0xBC, 0x6B, 0xC4, 0x0A, 0xB4, 0x4B, 0xC4,
    0x2B, 0xBC, 0x0B, 0xB4, 0xCA, 0xAB, 0x8A, 0x9B, 0x8A, 0x9B, 0x28, 0x73, 0x23, 0x32, 0x45, 0x32,
    0x45, 0x32, 0x24, 0x2A, 0x43, 0x2A, 0x64, 0x32, 0x64, 0x32, 0x43, 0x32, 0x84, 0x3A, 0xA4, 0x3A,
    0x84, 0x32, 0x84, 0x32, 0x63, 0x3A, 0xA9, 0x7B, 0x50, 0xC5, 0x91, 0xD5, 0x10, 0xCD, 0xEF, 0xC4,
    0x10, 0xBD, 0x6C, 0x9C, 0x05, 0x5B, 0x66, 0x5B, 0x85, 0x5B, 0xC5, 0x63, 0xC5, 0x63, 0xA5, 0x63,
    0xE6, 0x6B, 0x27, 0x74, 0x07, 0x6C, 0x07, 0x6C, 0xE7, 0x63, 0xC6, 0x63, 0xE7, 0x63, 0xE6, 0x63,
    0xE6, 0x63, 0xC6, 0x63, 0x86, 0x5B, 0x86, 0x63, 0x67, 0x63, 0x05, 0x63, 0xC5, 0x83, 0x07, 0xAD,
    0x67, 0x8C, 0x65, 0x5B, 0x65, 0x5B, 0x46, 0x53, 0x45, 0x53, 0x46, 0x53, 0x66, 0x53, 0xA6, 0x5B,
    0xE7, 0x63, 0xC7, 0x63, 0xA7, 0x5B, 0x65, 0x53, 0x65, 0x53, 0xC7, 0x63, 0xA7, 0x5B, 0x25, 0x4B,
    0xC4, 0x3A, 0x06, 0x43, 0xE5, 0x3A, 0xE5, 0x42, 0xE5, 0x3A, 0xC5, 0x3A, 0xC6, 0x3A, 0xE6, 0x3A,
    0xA5, 0x32, 0x06, 0x43, 0xE6, 0x42, 0xE5, 0x42, 0x47, 0x4B, 0x07, 0x4B, 0xE6, 0x42, 0xE5, 0x42,
    0x85, 0x2A, 0x44, 0x22, 0x64, 0x2A, 0xA4, 0x32, 0x83, 0x2A, 0x83, 0x2A, 0xA4, 0x32, 0xA4, 0x32,
    0xA3, 0x32, 0xC3, 0x3A, 0xC3, 0x32, 0x84, 0x32, 0xA6, 0x3A, 0xAF, 0x63, 0x4F, 0x5B, 0x4F, 0x5B,
    0x2F, 0x5B, 0x4F, 0x5B, 0xB0, 0x6B, 0x90, 0x6B, 0xD1, 0x73, 0x12, 0x7C, 0x32, 0x7C, 0x32, 0x7C,
    0x72, 0x84, 0x13, 0x9D, 0x74, 0xA5, 0x74, 0xAD, 0x93, 0xA5, 0x71, 0xA5, 0xAE, 0x8C, 0x29, 0x5B,
    0x4C, 0x6B, 0x90, 0x83, 0x30, 0x83, 0x4F, 0x83, 0x6F, 0x8B, 0x0E, 0x83, 0x4F, 0x93, 0x4F, 0x93,
    0x6F, 0x93, 0x6F, 0x93, 0x6E, 0x93, 0x6E, 0x93, 0x8E, 0x9B, 0x8E, 0x9B, 0xD0, 0xA3, 0x50, 0xA4,
    0x4D, 0x8C, 0xE9, 0x6B, 0xE9, 0x63, 0xC9, 0x63, 0xA8, 0x5B, 0xA9, 0x6B, 0x49, 0x73, 0x25, 0x62,
    0x66, 0x7A, 0x66, 0x7A, 0xA6, 0x82, 0xC6, 0x82, 0xC7, 0x82, 0x89, 0x83, 0x66, 0x5B, 0x87, 0x53,
    0x66, 0x53, 0xC7, 0x63, 0x28, 0x74, 0x49, 0x74, 0xAA, 0x7C, 0x8A, 0x7C, 0x49, 0x7C, 0x49, 0x74,
    0x48, 0x7C, 0xCA, 0x84, 0xCA, 0x84, 0xA9, 0x84, 0x89, 0x7C, 0x07, 0x6C, 0x07, 0x6C, 0xC6, 0x63,
    0xA5, 0x63, 0x85, 0x5B, 0x44, 0x53, 0x65, 0x5B, 0x64, 0x5B, 0x45, 0x4B, 0x04, 0x43, 0x04, 0x43,
    0x05, 0x43, 0x46, 0x4B, 0x67, 0x53, 0x26, 0x4B, 0xE6, 0x42, 0xE6, 0x3A, 0xC6, 0x3A, 0xA6, 0x32,
    0x85, 0x32, 0xA6, 0x32, 0xE7, 0x3A, 0xC6, 0x32, 0x85, 0x32, 0x85, 0x2A, 0xA5, 0x32, 0xA4, 0x32,
    0xC5, 0x3A, 0x84, 0x32, 0x85, 0x32, 0xC6, 0x3A, 0xA6, 0x32, 0xC7, 0x3A, 0x27, 0x43, 0x07, 0x43,
    0xE6, 0x3A, 0xE6, 0x3A, 0x27, 0x43, 0x07, 0x43, 0x06, 0x3B, 0xE6, 0x42, 0xC5, 0x42, 0x48, 0x63,
    0xB4, 0xD5, 0xB4, 0xE5, 0xB4, 0xE5, 0xB4, 0xDD, 0x93, 0xDD, 0x53, 0xDD, 0x52, 0xDD, 0x73, 0xE5,
    0x53, 0xE5, 0x32, 0xDD, 0x11, 0xDD, 0xF1, 0xDC, 0xD1, 0xD4, 0xF0, 0xD4, 0x71, 0xD5, 0xD2, 0xDD,
    0x13, 0xDE, 0xD2, 0xD5, 0xB2, 0xCD, 0xD2, 0xD5, 0xD2, 0xD5, 0xB2, 0xD5, 0xB2, 0xD5, 0xB2, 0xD5,
    0xB2, 0xD5, 0x91, 0xCD, 0x91, 0xCD, 0xB2, 0xD5, 0xD3, 0xD5, 0xB2, 0xCD, 0xB2, 0xCD, 0x71, 0xC5,
    0x91, 0xCD, 0xB2, 0xCD, 0xB2, 0xD5, 0x91, 0xCD, 0x71, 0xCD, 0x91, 0xCD, 0x91, 0xCD, 0x71, 0xCD,
    0x71, 0xCD, 0x91, 0xCD, 0x91, 0xCD, 0x91, 0xCD, 0x71, 0xCD, 0x91, 0xCD, 0x91, 0xCD, 0x92, 0xCD,
    0x92, 0xCD, 0x92, 0xCD, 0x71, 0xCD, 0x71, 0xCD, 0x91, 0xCD, 0xB2, 0xD5, 0xB2, 0xD5, 0xB2, 0xCD,
    0xB2, 0xCD, 0x92, 0xCD, 0xB2, 0xCD, 0x92, 0xCD, 0x92, 0xCD, 0xB2, 0xCD, 0x92, 0xCD, 0xB2, 0xCD,
    0x71, 0xCD, 0x11, 0xCD, 0x6F, 0xCC, 0x2F, 0xCC, 0x70, 0xCC, 0x50, 0xCC, 0x50, 0xCC, 0x4F, 0xCC,
    0x50, 0xCC, 0x4F, 0xCC, 0x90, 0xCC, 0x50, 0xC4, 0x70, 0xCC, 0x70, 0xC4, 0x90, 0xC4, 0xB1, 0xC4,
    0xB1, 0xC4, 0xF2, 0xCC, 0x4F, 0xB4, 0xE8, 0x8A, 0x8A, 0xA3, 0x69, 0x9B, 0x69, 0x9B, 0x48, 0x93,
    0x69, 0x9B, 0xCA, 0xA3, 0xCA, 0xAB, 0xA9, 0xAB, 0xA9, 0xA3, 0x49, 0x93, 0x28, 0x93, 0x89, 0xA3,
    0x89, 0xA3, 0x89, 0xA3, 0x68, 0xA3, 0x68, 0xA3, 0x68, 0xA3, 0x88, 0xA3, 0xA9, 0xAB, 0xE9, 0xAB,
    0x2A, 0xB4, 0x8C, 0xC4, 0xAD, 0xC4, 0xEE, 0xCC, 0x50, 0xD5, 0x70, 0xD5, 0x91, 0xD5, 0x30, 0xC5,
    0x8E, 0xAC, 0x6D, 0xB4, 0x6C, 0xC4, 0x4B, 0xBC, 0x2A, 0xBC, 0x4B, 0xBC, 0x0A, 0xB4, 0x4B, 0xC4,
    0x2B, 0xBC, 0x0B, 0xB4, 0x89, 0xA3, 0x69, 0x9B, 0x8A, 0x9B, 0xE7, 0x6A, 0xC3, 0x29, 0x24, 0x2A,
    0x25, 0x2A, 0x24, 0x2A, 0x44, 0x2A, 0x43, 0x2A, 0x43, 0x2A, 0x43, 0x2A, 0x23, 0x2A, 0x03, 0x22,
    0x64, 0x32, 0x23, 0x32, 0x47, 0x73, 0x91, 0xD5, 0x0E, 0xCD, 0xEE, 0xCC, 0xCE, 0xC4, 0x8D, 0xBC,
    0x6D, 0xB4, 0xAE, 0xB4, 0xA9, 0x7B, 0x04, 0x53, 0x24, 0x53, 0x85, 0x63, 0xA5, 0x63, 0xC5, 0x6B,
    0x47, 0x74, 0x47, 0x74, 0xE6, 0x6B, 0x86, 0x5B, 0x65, 0x5B, 0x08, 0x6C, 0x28, 0x6C, 0xC6, 0x63,
    0xA6, 0x5B, 0xC6, 0x5B, 0xC6, 0x63, 0x86, 0x5B, 0x45, 0x5B, 0x64, 0x6B, 0x07, 0xAD, 0x47, 0xBD,
    0x25, 0x8C, 0x03, 0x53, 0x45, 0x53, 0x86, 0x5B, 0x66, 0x5B, 0x46, 0x53, 0x66, 0x53, 0x65, 0x5B,
    0x04, 0x4B, 0x04, 0x43, 0x24, 0x4B, 0x84, 0x63, 0xC4, 0x6B, 0x44, 0x5B, 0x25, 0x4B, 0xE5, 0x42,
    0xE5, 0x42, 0xC6, 0x3A, 0x44, 0x2A, 0x64, 0x32, 0x85, 0x32, 0xA5, 0x3A, 0xA5, 0x32, 0x84, 0x2A,
    0x44, 0x2A, 0x85, 0x32, 0xA5, 0x32, 0x07, 0x43, 0x07, 0x43, 0xC6, 0x3A, 0x06, 0x43, 0x26, 0x4B,
    0x85, 0x2A, 0x44, 0x22, 0x02, 0x1A, 0x63, 0x22, 0xA4, 0x2A, 0x83, 0x2A, 0x43, 0x2A, 0x22, 0x22,
    0x63, 0x2A, 0xC4, 0x3A, 0xE4, 0x3A, 0xA5, 0x3A, 0xE9, 0x42, 0x6F, 0x5B, 0x0F, 0x53, 0xEE, 0x4A,
    0xED, 0x4A, 0x2E, 0x5B, 0x6F, 0x63, 0x90, 0x6B, 0xB0, 0x6B, 0xD1, 0x73, 0x11, 0x7C, 0x72, 0x84,
    0x74, 0xA5, 0x94, 0xAD, 0x72, 0xA5, 0x72, 0xAD, 0x72, 0xAD, 0x72, 0xAD, 0xB3, 0xB5, 0x52, 0xA5,
    0x30, 0x8C, 0x0E, 0x73, 0x2F, 0x7B, 0x0E, 0x7B, 0xED, 0x7A, 0x0E, 0x83, 0x0E, 0x8B, 0xED, 0x8A,
    0x0D, 0x8B, 0x2D, 0x93, 0x0C, 0x8B, 0x0C, 0x8B, 0x0C, 0x8B, 0x4D, 0x93, 0x8E, 0x9B, 0xEF, 0x9B,
    0x2D, 0x8C, 0x0A, 0x74, 0x2A, 0x6C, 0x09, 0x6C, 0xA8, 0x63, 0xA6, 0x52, 0x66, 0x62, 0x86, 0x72,
    0xA7, 0x82, 0xE8, 0x8A, 0xC7, 0x82, 0x86, 0x7A, 0xA6, 0x7A, 0xA9, 0x8B, 0x6B, 0x84, 0x8B, 0x84,
    0x8B, 0x84, 0xAB, 0x8C, 0xAB, 0x8C, 0xAA, 0x84, 0xCA, 0x84, 0xCA, 0x84, 0xCB, 0x8C, 0x2B, 0x95,
    0x4C, 0x95, 0x6C, 0x9D, 0x4C, 0x95, 0x8D, 0x9D, 0x8D, 0xA5, 0x6C, 0x9D, 0x4C, 0x9D, 0xCA, 0x8C,
    0x28, 0x7C, 0xE6, 0x73, 0xA5, 0x63, 0x03, 0x53, 0xE3, 0x4A, 0x25, 0x53, 0xE4, 0x42, 0xE4, 0x42,
    0xE5, 0x42, 0x05, 0x43, 0x25, 0x4B, 0x05, 0x43, 0x05, 0x3B, 0xE6, 0x3A, 0xE6, 0x3A, 0xC6, 0x3A,
    0xC6, 0x3A, 0xA5, 0x32, 0x85, 0x32, 0xA5, 0x32, 0x85, 0x32, 0x64, 0x2A, 0xA4, 0x32, 0x06, 0x43,
    0x26, 0x43, 0x06, 0x43, 0xC6, 0x3A, 0xC6, 0x3A, 0xC6, 0x3A, 0xC6, 0x32, 0x07, 0x3B, 0xE6, 0x3A,
    0xA5, 0x32, 0xE6, 0x3A, 0x27, 0x43, 0x27, 0x4B, 0x26, 0x4B, 0x46, 0x53, 0xC5, 0x42, 0x2C, 0x8C,
    0xF5, 0xE5, 0x94, 0xE5, 0xB4, 0xE5, 0x94, 0xDD, 0x73, 0xDD, 0x73, 0xDD, 0x53, 0xDD, 0x73, 0xE5,
    0x32, 0xDD, 0x12, 0xDD, 0x11, 0xDD, 0x12, 0xDD, 0xD0, 0xD4, 0x10, 0xD5, 0xD2, 0xDD, 0xD2, 0xDD,
    0xD2, 0xD5, 0xB2, 0xCD, 0xD2, 0xD5, 0xD2, 0xD5, 0xB2, 0xD5, 0xB2, 0xD5, 0xD2, 0xD5, 0x92, 0xD5,
    0xB2, 0xD5, 0x71, 0xCD, 0x91, 0xCD, 0xD3, 0xD5, 0xB2, 0xD5, 0xB2, 0xCD, 0x91, 0xCD, 0x91, 0xCD,
    0xB2, 0xD5, 0x92, 0xCD, 0x71, 0xC5, 0x71, 0xCD, 0x91, 0xCD, 0x91, 0xCD, 0xB2, 0xCD, 0x91, 0xCD,
    0x71, 0xCD, 0x71, 0xCD, 0x71, 0xCD, 0xB2, 0xCD, 0xB2, 0xCD, 0x91, 0xCD, 0x71, 0xCD, 0x71, 0xCD,
    0x71, 0xCD, 0x71, 0xCD, 0x91, 0xCD, 0x92, 0xCD, 0x92, 0xCD, 0x71, 0xC5, 0x91, 0xCD, 0x92, 0xCD,
    0xB2, 0xCD, 0xB2, 0xCD, 0x71, 0xC5, 0x91, 0xCD, 0x92, 0xCD, 0xB2, 0xCD, 0x91, 0xCD, 0x92, 0xCD,
    0x92, 0xD5, 0x72, 0xD5, 0x8F, 0xC4, 0x2F, 0xC4, 0x70, 0xD4, 0x4F, 0xCC, 0x50, 0xCC, 0x50, 0xCC,
    0x70, 0xCC, 0x70, 0xCC, 0x70, 0xCC, 0x70, 0xCC, 0x70, 0xCC, 0x70, 0xCC, 0x90, 0xC4, 0x70, 0xC4,
    0x91, 0xC4, 0xD2, 0xC4, 0xB1, 0xBC, 0x09, 0x8B, 0x69, 0x9B, 0x89, 0x9B, 0x89, 0x9B, 0x48, 0x93,
    0x69, 0x9B, 0xCA, 0xA3, 0xAA, 0xA3, 0xA9, 0xA3, 0xAA, 0xA3, 0x48, 0x93, 0xE7, 0x8A, 0x69, 0xA3,
    0x89, 0xA3, 0xA9, 0xAB, 0xA9, 0xAB, 0xA9, 0xA3, 0xA9, 0xAB, 0xA9, 0xAB, 0xC9, 0xAB, 0xC9, 0xAB,
    0xC9, 0xB3, 0xC9, 0xAB, 0xC9, 0xAB, 0xA9, 0xAB, 0xC9, 0xAB, 0x2B, 0xB4, 0x6C, 0xBC, 0xAD, 0xC4,
    0x0F, 0xCD, 0xCD, 0xCC, 0x4B, 0xBC, 0x2B, 0xBC, 0x2B, 0xBC, 0x2B, 0xBC, 0xEA, 0xB3, 0x4B, 0xC4,
    0x2B, 0xBC, 0x0A, 0xB4, 0x69, 0xA3, 0x69, 0x9B, 0x8A, 0x9B, 0xE7, 0x72, 0x03, 0x32, 0x25, 0x32,
    0x04, 0x2A, 0x04, 0x22, 0xE3, 0x21, 0xE2, 0x21, 0x23, 0x2A, 0x43, 0x2A, 0x23, 0x22, 0x23, 0x2A,
    0x03, 0x2A, 0xE6, 0x5A, 0x50, 0xC5, 0x0F, 0xD5, 0xAD, 0xCC, 0xCD, 0xCC, 0xCD, 0xC4, 0xAD, 0xBC,
    0x8D, 0xBC, 0x6D, 0xB4, 0x0A, 0x94, 0xE4, 0x52, 0x44, 0x53, 0xA5, 0x63, 0xE5, 0x6B, 0x47, 0x74,
    0x47, 0x74, 0xE6, 0x6B, 0x85, 0x5B, 0x65, 0x53, 0xA5, 0x5B, 0xE7, 0x6B, 0x64, 0x53, 0x65, 0x53,
    0x65, 0x53, 0x86, 0x5B, 0xA6, 0x5B, 0x65, 0x53, 0x45, 0x53, 0x03, 0x53, 0xC4, 0x7B, 0x83, 0x83,
    0xA2, 0x52, 0x42, 0x3A, 0x25, 0x4B, 0x87, 0x5B, 0x46, 0x53, 0x25, 0x4B, 0x46, 0x4B, 0x25, 0x4B,
    0x25, 0x4B, 0x05, 0x4B, 0x44, 0x63, 0xA7, 0x9C, 0xC8, 0xA4, 0x44, 0x63, 0xA4, 0x3A, 0xE5, 0x42,
    0xE6, 0x42, 0x85, 0x32, 0x44, 0x2A, 0x65, 0x32, 0xC6, 0x3A, 0xC6, 0x3A, 0x85, 0x32, 0xE6, 0x3A,
    0xE6, 0x3A, 0xC6, 0x3A, 0x85, 0x32, 0x65, 0x32, 0x85, 0x32, 0x64, 0x32, 0xC6, 0x3A, 0x47, 0x4B,
    0x85, 0x32, 0x85, 0x32, 0x85, 0x2A, 0x64, 0x2A, 0xA4, 0x32, 0xE5, 0x32, 0x84, 0x2A, 0x43, 0x2A,
    0x84, 0x32, 0xC5, 0x3A, 0xA4, 0x32, 0x64, 0x2A, 0xC8, 0x42, 0x4E, 0x5B, 0x0F, 0x53, 0xEE, 0x4A,
    0xEE, 0x52, 0x4F, 0x5B, 0x4F, 0x63, 0x6F, 0x63, 0xB0, 0x6B, 0xB0, 0x73, 0xF0, 0x7B, 0xF2, 0x94,
    0x32, 0x9D, 0x52, 0x9D, 0x31, 0xA5, 0x10, 0xA5, 0x51, 0xA5, 0x10, 0xA5, 0x31, 0xA5, 0x71, 0xAD,
    0x32, 0xAD, 0x2D, 0x7B, 0x6B, 0x62, 0xAC, 0x72, 0xCC, 0x72, 0xED, 0x7A, 0xED, 0x82, 0xED, 0x8A,
    0x0D, 0x8B, 0x2D, 0x8B, 0xEC, 0x8A, 0x0C, 0x8B, 0x2C, 0x8B, 0x4D, 0x93, 0x6E, 0x93, 0xAE, 0x93,
    0xEC, 0x83, 0xEA, 0x6B, 0xE8, 0x63, 0xC9, 0x63, 0x27, 0x53, 0x03, 0x3A, 0x05, 0x5A, 0xE8, 0x82,
    0x86, 0x7A, 0xC7, 0x82, 0xC7, 0x82, 0x86, 0x7A, 0xC6, 0x7A, 0x68, 0x7B, 0xC9, 0x7B, 0xEA, 0x83,
    0xEA, 0x8B, 0xA9, 0x8B, 0x09, 0x8C, 0x8A, 0x8C, 0xEB, 0x8C, 0xEB, 0x8C, 0xCB, 0x84, 0xCA, 0x84,
    0xCA, 0x84, 0xEA, 0x84, 0xCA, 0x84, 0xCA, 0x84, 0xEA, 0x84, 0xEA, 0x8C, 0x2B, 0x95, 0x4C, 0x95,
    0x6B, 0x9D, 0xCB, 0xB5, 0xCA, 0xBD, 0x09, 0xA5, 0xE6, 0x73, 0x86, 0x6B, 0x46, 0x5B, 0x46, 0x53,
    0x26, 0x53, 0xE6, 0x4A, 0x26, 0x53, 0x26, 0x4B, 0xE5, 0x3A, 0xE5, 0x3A, 0xE6, 0x3A, 0xE6, 0x3A,
    0xC5, 0x3A, 0xC5, 0x3A, 0xC5, 0x32, 0x84, 0x32, 0x85, 0x32, 0xA5, 0x32, 0xE5, 0x3A, 0x05, 0x3B,
    0x26, 0x43, 0x06, 0x3B, 0xE6, 0x3A, 0xC6, 0x3A, 0xC5, 0x3A, 0xE5, 0x3A, 0x26, 0x4B, 0xC8, 0x63,
    0xE9, 0x63, 0x29, 0x6C, 0x29, 0x6C, 0x09, 0x6C, 0xE8, 0x63, 0x49, 0x74, 0xE8, 0x73, 0xEF, 0xAC,
    0xF5, 0xE5, 0x73, 0xDD, 0x73, 0xDD, 0x93, 0xDD, 0x53, 0xDD, 0x53, 0xDD, 0x53, 0xDD, 0x32, 0xDD,
    0xF1, 0xD4, 0x11, 0xDD, 0x32, 0xDD, 0xF1, 0xD4, 0xF1, 0xD4, 0x51, 0xD5, 0xF2, 0xDD, 0xD2, 0xD5,
    0xF2, 0xD5, 0xD2, 0xD5, 0xF2, 0xDD, 0xD2, 0xD5, 0xB2, 0xD5, 0xB2, 0xD5, 0xB2, 0xD5, 0x92, 0xCD,
    0x92, 0xD5, 0x71, 0xCD, 0xD2, 0xD5, 0x91, 0xCD, 0x71, 0xC5, 0x91, 0xCD, 0xB2, 0xCD, 0xF2, 0xD5,
    0xD2, 0xD5, 0xB2, 0xCD, 0x92, 0xCD, 0x50, 0xCD, 0x50, 0xC5, 0x71, 0xC5, 0x71, 0xCD, 0xB2, 0xCD,
    0x71, 0xCD, 0x71, 0xCD, 0x70, 0xC5, 0x71, 0xCD, 0x91, 0xCD, 0x91, 0xCD, 0x91, 0xCD, 0x91, 0xCD,
    0x91, 0xCD, 0xB2, 0xCD, 0xB2, 0xD5, 0x91, 0xCD, 0x71, 0xC5, 0x71, 0xCD, 0x91, 0xCD, 0x91, 0xCD,
    0x71, 0xC5, 0x92, 0xCD, 0x92, 0xCD, 0x92, 0xCD, 0x71, 0xCD, 0x92, 0xCD, 0x91, 0xCD, 0x91, 0xCD,
    0x91, 0xCD, 0x92, 0xCD, 0xB0, 0xCC, 0x2F, 0xC4, 0x50, 0xCC, 0x4F, 0xCC, 0x70, 0xCC, 0x70, 0xCC,
    0x50, 0xCC, 0x70, 0xCC, 0x70, 0xCC, 0x90, 0xCC, 0x70, 0xCC, 0x70, 0xCC, 0xB1, 0xCC, 0xD1, 0xCC,
    0xB1, 0xC4, 0xD2, 0xC4, 0xD1, 0xC4, 0x4A, 0x93, 0x69, 0x9B, 0x89, 0x9B, 0x69, 0x9B, 0x48, 0x93,
    0x48, 0x93, 0xCA, 0xA3, 0xAA, 0xA3, 0xA9, 0xA3, 0xAA, 0xA3, 0x28, 0x8B, 0xE7, 0x8A, 0x48, 0x9B,
    0x48, 0x9B, 0x48, 0x9B, 0x68, 0x9B, 0x88, 0xA3, 0xA9, 0xA3, 0xA9, 0xAB, 0xC9, 0xAB, 0xC9, 0xAB,
    0xE9, 0xB3, 0xE9, 0xB3, 0xE9, 0xB3, 0xC9, 0xAB, 0xC9, 0xAB, 0xC9, 0xAB, 0xA8, 0xAB, 0xC9, 0xAB,
    0xEA, 0xB3, 0x0A, 0xBC, 0x4A, 0xBC, 0x2A, 0xBC, 0x2A, 0xBC, 0x2B, 0xBC, 0xE9, 0xB3, 0x2B, 0xBC,
    0x0A, 0xBC, 0xEA, 0xB3, 0x68, 0xA3, 0x48, 0x9B, 0x69, 0x9B, 0xC6, 0x6A, 0x02, 0x32, 0x64, 0x32,
    0x65, 0x32, 0x44, 0x32, 0x23, 0x2A, 0x03, 0x22, 0x23, 0x2A, 0x02, 0x2A, 0x02, 0x2A, 0x02, 0x2A,
    0x02, 0x3A, 0xCE, 0xAC, 0x0E, 0xCD, 0xAC, 0xCC, 0xAD, 0xCC, 0xCD, 0xCC, 0xCE, 0xCC, 0xEF, 0xC4,
    0x6D, 0xB4, 0x2D, 0xB4, 0x0B, 0xA4, 0x25, 0x6B, 0x65, 0x63, 0xE6, 0x6B, 0x06, 0x74, 0x27, 0x74,
    0xE6, 0x6B, 0x85, 0x5B, 0x85, 0x5B, 0x85, 0x5B, 0xA6, 0x63, 0x65, 0x53, 0xE3, 0x42, 0x44, 0x4B,
    0x86, 0x53, 0x86, 0x5B, 0x25, 0x4B, 0x25, 0x53, 0x05, 0x4B, 0x05, 0x53, 0x24, 0x5B, 0xA3, 0x4A,
    0x43, 0x3A, 0x84, 0x3A, 0x05, 0x4B, 0x05, 0x4B, 0xE4, 0x4A, 0x25, 0x53, 0x04, 0x4B, 0x05, 0x4B,
    0x26, 0x4B, 0x05, 0x4B, 0x25, 0x5B, 0xC5, 0x7B, 0x64, 0x73, 0x83, 0x4A, 0x64, 0x32, 0xC6, 0x3A,
    0xA5, 0x3A, 0x64, 0x32, 0x65, 0x32, 0x64, 0x32, 0x85, 0x32, 0x85, 0x32, 0xA5, 0x3A, 0xC6, 0x3A,
    0xA5, 0x3A, 0xA5, 0x32, 0xC5, 0x3A, 0xE6, 0x42, 0xE7, 0x42, 0xA5, 0x3A, 0x85, 0x32, 0xE5, 0x42,
    0x64, 0x2A, 0x85, 0x2A, 0x64, 0x2A, 0x64, 0x2A, 0x64, 0x2A, 0xA4, 0x32, 0xC5, 0x3A, 0xE6, 0x3A,
    0x06, 0x43, 0x47, 0x4B, 0x27, 0x4B, 0xE6, 0x42, 0xE9, 0x42, 0xED, 0x4A, 0x8D, 0x42, 0xAD, 0x4A,
    0xCD, 0x4A, 0xCD, 0x52, 0x0D, 0x53, 0x2E, 0x5B, 0x6F, 0x63, 0x4E, 0x63, 0x10, 0x7C, 0xF1, 0x94,
    0xCF, 0x8C, 0xF0, 0x94, 0xF0, 0x9C, 0x10, 0x9D, 0x10, 0xA5, 0x10, 0xA5, 0x10, 0xA5, 0x30, 0xA5,
    0x10, 0xA5, 0x0F, 0x94, 0xE8, 0x51, 0x2A, 0x62, 0x8B, 0x72, 0xAB, 0x7A, 0xAC, 0x7A, 0x6B, 0x7A,
    0x8B, 0x7A, 0xEC, 0x82, 0xEC, 0x82, 0x0C, 0x8B, 0x0C, 0x8B, 0x0B, 0x83, 0x2C, 0x8B, 0xAD, 0x93,
    0x8B, 0x73, 0x67, 0x5B, 0x67, 0x53, 0xE5, 0x42, 0x64, 0x3A, 0xA2, 0x31, 0xE4, 0x51, 0x25, 0x62,
    0x25, 0x6A, 0x25, 0x6A, 0x45, 0x6A, 0x45, 0x6A, 0x65, 0x6A, 0xC6, 0x6A, 0xE6, 0x62, 0x07, 0x73,
    0xC7, 0x82, 0xC6, 0x82, 0x06, 0x83, 0xE8, 0x83, 0x29, 0x74, 0x69, 0x74, 0x6A, 0x74, 0xAA, 0x7C,
    0xAA, 0x7C, 0xAA, 0x7C, 0x69, 0x74, 0x28, 0x6C, 0x48, 0x6C, 0x68, 0x6C, 0x68, 0x74, 0x68, 0x74,
    0x67, 0x7C, 0xE6, 0x9C, 0x25, 0xB5, 0x87, 0xBD, 0xA9, 0xBD, 0x8B, 0xB5, 0x4B, 0xAD, 0xEC, 0x94,
    0xAB, 0x84, 0x6B, 0x7C, 0x4A, 0x7C, 0x2A, 0x74, 0xE9, 0x6B, 0x87, 0x5B, 0x26, 0x4B, 0x06, 0x43,
    0x06, 0x43, 0x06, 0x43, 0x26, 0x43, 0x06, 0x43, 0x06, 0x43, 0x06, 0x43, 0x26, 0x43, 0x46, 0x43,
    0x46, 0x43, 0x26, 0x43, 0x27, 0x43, 0x67, 0x53, 0xA8, 0x5B, 0x29, 0x74, 0x8A, 0x84, 0xEB, 0x8C,
    0xEB, 0x94, 0xEB, 0x94, 0xCA, 0x8C, 0x89, 0x84, 0x89, 0x84, 0xCA, 0x8C, 0xAB, 0x94, 0x91, 0xCD,
    0xD4, 0xE5, 0x73, 0xDD, 0x93, 0xE5, 0x52, 0xDD, 0x52, 0xDD, 0x73, 0xDD, 0x53, 0xDD, 0x32, 0xDD,
    0x32, 0xDD, 0x32, 0xDD, 0xD1, 0xD4, 0xD0, 0xD4, 0xF1, 0xD4, 0xB2, 0xDD, 0xF2, 0xD5, 0xF2, 0xD5,
    0xD2, 0xD5, 0xD2, 0xD5, 0xB2, 0xD5, 0xB2, 0xD5, 0xB2, 0xD5, 0xD2, 0xD5, 0x92, 0xCD, 0x92, 0xCD,
    0x91, 0xCD, 0x92, 0xCD, 0xD3, 0xD5, 0x91, 0xCD, 0xB2, 0xCD, 0x91, 0xCD, 0x71, 0xC5, 0x71, 0xC5,
    0x91, 0xCD, 0x71, 0xCD, 0x92, 0xCD, 0x71, 0xCD, 0x91, 0xCD, 0x71, 0xC5, 0x51, 0xC5, 0x71, 0xCD,
    0x50, 0xC5, 0x71, 0xCD, 0x71, 0xCD, 0x71, 0xC5, 0x91, 0xCD, 0x71, 0xCD, 0x71, 0xCD, 0x71, 0xCD,
    0x91, 0xCD, 0x71, 0xCD, 0x71, 0xCD, 0x71, 0xC5, 0x71, 0xCD, 0x92, 0xCD, 0x71, 0xC5, 0x91, 0xCD,
    0x91, 0xCD, 0x91, 0xCD, 0x92, 0xCD, 0x92, 0xCD, 0x92, 0xCD, 0x92, 0xCD, 0xB2, 0xCD, 0x71, 0xCD,
    0x71, 0xC5, 0xB2, 0xCD, 0xF1, 0xCC, 0x4F, 0xC4, 0x50, 0xCC, 0x4F, 0xCC, 0x50, 0xCC, 0x70, 0xCC,
    0x50, 0xCC, 0x70, 0xCC, 0x50, 0xCC, 0x90, 0xCC, 0x2F, 0xC4, 0x2F, 0xC4, 0x91, 0xCC, 0xB1, 0xCC,
    0xD2, 0xCC, 0xD2, 0xC4, 0xF2, 0xC4, 0x8B, 0x9B, 0x69, 0x9B, 0x89, 0x9B, 0x69, 0x9B, 0x48, 0x93,
    0x48, 0x93, 0xAA, 0xA3, 0xAA, 0xA3, 0xA9, 0xA3, 0xA9, 0xA3, 0xE7, 0x8A, 0xC7, 0x82, 0x28, 0x9B,
    0x48, 0x9B, 0x48, 0xA3, 0x68, 0x9B, 0x68, 0xA3, 0x88, 0xA3, 0x88, 0xA3, 0x88, 0xA3, 0x88, 0xA3,
    0x88, 0xA3, 0xA9, 0xAB, 0xC9, 0xAB, 0xC9, 0xAB, 0xE9, 0xB3, 0x09, 0xB4, 0x09, 0xB4, 0xE9, 0xB3,
    0xC9, 0xAB, 0xE9, 0xB3, 0x2A, 0xBC, 0x0A, 0xB4, 0x0A, 0xB4, 0x0A, 0xBC, 0xE9, 0xB3, 0x4B, 0xBC,
    0x2B, 0xBC, 0x0A, 0xB4, 0x68, 0xA3, 0xA9, 0xAB, 0x0B, 0xAC, 0x2C, 0xAC, 0xCA, 0x83, 0x28, 0x6B,
    0xA6, 0x52, 0x24, 0x3A, 0x23, 0x32, 0x23, 0x2A, 0x23, 0x2A, 0x01, 0x2A, 0xA3, 0x4A, 0x62, 0x4A,
    0xE5, 0x6A, 0xEE, 0xC4, 0x8C, 0xC4, 0x6C, 0xC4, 0x6C, 0xC4, 0xCD, 0xCC, 0xCD, 0xC4, 0x30, 0xD5,
    0xAF, 0xBC, 0x2C, 0xB4, 0x2C, 0xAC, 0x88, 0x8B, 0xC7, 0x73, 0x27, 0x74, 0x26, 0x74, 0x06, 0x6C,
    0x85, 0x5B, 0x44, 0x53, 0x65, 0x5B, 0x86, 0x5B, 0x85, 0x5B, 0x25, 0x53, 0x25, 0x4B, 0x45, 0x4B,
    0x65, 0x53, 0x46, 0x53, 0x46, 0x53, 0x66, 0x5B, 0x46, 0x53, 0x66, 0x5B, 0x45, 0x53, 0xA4, 0x42,
    0xE5, 0x4A, 0x05, 0x4B, 0xC4, 0x42, 0x82, 0x4A, 0x64, 0x73, 0x27, 0x84, 0x24, 0x5B, 0xE4, 0x4A,
    0xE5, 0x42, 0xA5, 0x3A, 0xC5, 0x42, 0xC4, 0x4A, 0x43, 0x3A, 0x43, 0x32, 0x44, 0x32, 0xE6, 0x42,
    0xA5, 0x3A, 0x44, 0x2A, 0xA5, 0x3A, 0xC6, 0x3A, 0xE6, 0x3A, 0xE6, 0x3A, 0x06, 0x43, 0x06, 0x43,
    0xE5, 0x42, 0x26, 0x4B, 0x47, 0x4B, 0x67, 0x53, 0x48, 0x53, 0x07, 0x4B, 0xE6, 0x42, 0xE5, 0x42,
    0xA5, 0x2A, 0xA5, 0x32, 0xA5, 0x32, 0x27, 0x43, 0x27, 0x43, 0x88, 0x53, 0x0A, 0x64, 0xEA, 0x63,
    0x0A, 0x64, 0x0A, 0x64, 0xEA, 0x63, 0xEA, 0x63, 0xCB, 0x63, 0x0C, 0x53, 0x6C, 0x42, 0x8C, 0x42,
    0xAC, 0x42, 0xAC, 0x4A, 0xCC, 0x4A, 0xED, 0x52, 0xAC, 0x4A, 0xAB, 0x4A, 0x50, 0x7C, 0x8F, 0x8C,
    0xAF, 0x8C, 0xCF, 0x94, 0xCE, 0x94, 0xAE, 0x94, 0xCF, 0x9C, 0xCF, 0x9C, 0xEE, 0x9C, 0xEF, 0x9C,
    0xEE, 0x9C, 0x6F, 0x9C, 0xE7, 0x51, 0xA7, 0x49, 0xE8, 0x59, 0x6A, 0x6A, 0x4A, 0x6A, 0x8A, 0x7A,
    0xAB, 0x7A, 0x8A, 0x7A, 0x8A, 0x7A, 0xCA, 0x7A, 0xCB, 0x82, 0xEB, 0x82, 0x2C, 0x83, 0x8C, 0x83,
    0x49, 0x63, 0x68, 0x5B, 0x47, 0x53, 0xE6, 0x42, 0x07, 0x4B, 0x85, 0x4A, 0x24, 0x4A, 0x65, 0x5A,
    0x65, 0x5A, 0x65, 0x5A, 0xC6, 0x62, 0xE7, 0x62, 0xC5, 0x5A, 0xE6, 0x5A, 0x65, 0x52, 0x23, 0x52,
    0x64, 0x6A, 0xA5, 0x72, 0x06, 0x7B, 0x46, 0x6B, 0xC7, 0x63, 0x08, 0x64, 0xE8, 0x63, 0xE7, 0x63,
    0x48, 0x6C, 0xAA, 0x7C, 0x8A, 0x7C, 0x08, 0x64, 0x28, 0x6C, 0x49, 0x6C, 0x28, 0x6C, 0xE7, 0x63,
    0x08, 0x6C, 0x87, 0x8C, 0xA4, 0x9C, 0x82, 0xA4, 0x05, 0xAD, 0x06, 0xAD, 0x48, 0xAD, 0x0B, 0x9D,
    0xCC, 0x8C, 0x0D, 0x95, 0x0D, 0x95, 0xCC, 0x84, 0xCC, 0x84, 0xCC, 0x8C, 0xCC, 0x84, 0x8B, 0x7C,
    0x6B, 0x7C, 0xE9, 0x63, 0xA8, 0x5B, 0x06, 0x4B, 0x06, 0x43, 0x47, 0x4B, 0x87, 0x53, 0xA7, 0x53,
    0xA8, 0x5B, 0x08, 0x64, 0x8A, 0x74, 0xAA, 0x7C, 0xCA, 0x84, 0xCA, 0x8C, 0xCA, 0x8C, 0xAA, 0x8C,
    0xCA, 0x8C, 0xCA, 0x8C, 0xEA, 0x8C, 0x0B, 0x95, 0x0A, 0x95, 0xC9, 0x8C, 0x8A, 0x94, 0xB2, 0xD5,
    0xB4, 0xDD, 0x93, 0xDD, 0x73, 0xDD, 0x73, 0xDD, 0x32, 0xD5, 0x32, 0xDD, 0x53, 0xDD, 0x32, 0xDD,
    0x32, 0xDD, 0x12, 0xDD, 0xF1, 0xD4, 0xD1, 0xD4, 0xF1, 0xCC, 0x92, 0xD5, 0x70, 0xCD, 0x71, 0xCD,
    0xD2, 0xD5, 0x91, 0xCD, 0xB2, 0xCD, 0xB2, 0xD5, 0xB2, 0xD5, 0xB2, 0xCD, 0x91, 0xCD, 0x92, 0xCD,
    0x91, 0xCD, 0xD2, 0xD5, 0xD2, 0xD5, 0xB2, 0xCD, 0xB2, 0xCD, 0xB2, 0xCD, 0x71, 0xC5, 0x51, 0xC5,
    0x71, 0xCD, 0x50, 0xC5, 0x71, 0xC5, 0x91, 0xCD, 0x92, 0xCD, 0x92, 0xCD, 0x71, 0xCD, 0x71, 0xC5,
    0x91, 0xCD, 0x50, 0xC5, 0x91, 0xCD, 0x71, 0xCD, 0x31, 0xC5, 0x50, 0xC5, 0x71, 0xCD, 0x71, 0xCD,
    0x51, 0xCD, 0x71, 0xCD, 0x71, 0xCD, 0x91, 0xCD, 0x91, 0xCD, 0x92, 0xCD, 0x71, 0xCD, 0x91, 0xCD,
    0x91, 0xCD, 0x91, 0xCD, 0x71, 0xC5, 0x71, 0xC5, 0x92, 0xCD, 0x92, 0xCD, 0x71, 0xCD, 0x71, 0xCD,
    0x92, 0xCD, 0x91, 0xCD, 0x31, 0xCD, 0x6F, 0xC4, 0x2F, 0xC4, 0x70, 0xCC, 0x2F, 0xC4, 0x50, 0xCC,
    0x70, 0xCC, 0x50, 0xCC, 0x70, 0xCC, 0x70, 0xCC, 0x70, 0xCC, 0x70, 0xCC, 0x91, 0xCC, 0x70, 0xCC,
    0xB1, 0xC4, 0x91, 0xBC, 0xF2, 0xC4, 0xED, 0xAB, 0x68, 0x9B, 0x68, 0x9B, 0x69, 0x9B, 0x48, 0x93,
    0x48, 0x93, 0xA9, 0xA3, 0xAA, 0xA3, 0xA9, 0xA3, 0x89, 0xA3, 0xE7, 0x8A, 0x04, 0x6A, 0x85, 0x7A,
    0xA5, 0x82, 0xE6, 0x92, 0x27, 0x93, 0x48, 0x9B, 0x89, 0xA3, 0xA9, 0xAB, 0xA9, 0xAB, 0xA9, 0xAB,
    0xA9, 0xAB, 0x89, 0xA3, 0x88, 0xA3, 0x88, 0xA3, 0x88, 0xA3, 0x88, 0xAB, 0xA8, 0xAB, 0xC9, 0xB3,
    0xE9, 0xB3, 0xEA, 0xB3, 0x0A, 0xBC, 0xE9, 0xB3, 0x0A, 0xBC, 0xEA, 0xBB, 0xE9, 0xB3, 0x4B, 0xBC,
    0x2B, 0xBC, 0x0B, 0xBC, 0x68, 0xA3, 0xAD, 0xCC, 0x2F, 0xD5, 0x50, 0xD5, 0x71, 0xD5, 0x91, 0xCD,
    0x30, 0xBD, 0x6E, 0x9C, 0x8A, 0x73, 0xE7, 0x5A, 0x64, 0x4A, 0xE3, 0x5A, 0x88, 0x9C, 0x67, 0x9C,
    0x08, 0xA4, 0xAC, 0xC4, 0x6C, 0xC4, 0x6B, 0xC4, 0x6C, 0xBC, 0x8C, 0xC4, 0x8C, 0xC4, 0xEE, 0xCC,
    0x8E, 0xBC, 0x2C, 0xAC, 0x2C, 0xAC, 0xC9, 0x93, 0xC6, 0x83, 0x26, 0x7C, 0x26, 0x74, 0xE6, 0x63,
    0x65, 0x5B, 0x45, 0x5B, 0x66, 0x5B, 0x26, 0x5B, 0x25, 0x5B, 0x05, 0x5B, 0xC5, 0x4A, 0x25, 0x4B,
    0x26, 0x53, 0x46, 0x53, 0x87, 0x5B, 0x66, 0x5B, 0x45, 0x53, 0x66, 0x5B, 0x46, 0x53, 0xE5, 0x4A,
    0x46, 0x53, 0x26, 0x53, 0xC4, 0x42, 0x45, 0x6B, 0x09, 0xB5, 0x09, 0xAD, 0xA6, 0x73, 0xE4, 0x4A,
    0xC5, 0x42, 0xC5, 0x3A, 0xC5, 0x3A, 0xA4, 0x3A, 0xA5, 0x3A, 0xA5, 0x3A, 0x44, 0x32, 0xA5, 0x3A,
    0xC6, 0x3A, 0x85, 0x3A, 0xA5, 0x3A, 0xA5, 0x32, 0xA5, 0x32, 0xA5, 0x32, 0xE5, 0x42, 0x05, 0x43,
    0x05, 0x43, 0x26, 0x43, 0x47, 0x4B, 0x47, 0x4B, 0x46, 0x4B, 0x27, 0x4B, 0x06, 0x43, 0xE6, 0x42,
    0x27, 0x43, 0x47, 0x4B, 0xE9, 0x5B, 0x2A, 0x64, 0x4B, 0x6C, 0x6B, 0x74, 0x4B, 0x6C, 0x0A, 0x64,
    0x0A, 0x64, 0xEA, 0x63, 0xAA, 0x5B, 0x28, 0x53, 0x28, 0x4B, 0x2A, 0x4B, 0xAB, 0x42, 0x6C, 0x3A,
    0x4B, 0x3A, 0x8C, 0x42, 0x6B, 0x42, 0x4A, 0x3A, 0x88, 0x21, 0x09, 0x32, 0x0F, 0x7C, 0x0D, 0x7C,
    0x6D, 0x84, 0x6D, 0x84, 0x6D, 0x8C, 0xAE, 0x94, 0xAE, 0x94, 0xAE, 0x94, 0xCE, 0x9C, 0x8D, 0x94,
    0x8D, 0x94, 0xAF, 0x9C, 0x27, 0x52, 0x24, 0x31, 0x86, 0x49, 0x08, 0x62, 0x28, 0x62, 0x28, 0x62,
    0xAA, 0x72, 0xAA, 0x72, 0xAA, 0x7A, 0xCB, 0x7A, 0x0B, 0x83, 0x2C, 0x83, 0x4B, 0x83, 0x8B, 0x73,
    0xCA, 0x6B, 0x2A, 0x74, 0x09, 0x64, 0xE9, 0x63, 0xC9, 0x63, 0xC9, 0x6B, 0x89, 0x63, 0xA9, 0x63,
    0x88, 0x63, 0x68, 0x63, 0x88, 0x63, 0xA8, 0x63, 0xA8, 0x63, 0x88, 0x63, 0x06, 0x5B, 0xE6, 0x5A,
    0x26, 0x6B, 0x67, 0x73, 0x86, 0x6B, 0x86, 0x63, 0x28, 0x74, 0x48, 0x74, 0x48, 0x74, 0x07, 0x6C,
    0xE6, 0x63, 0xA5, 0x5B, 0xE6, 0x63, 0x07, 0x6C, 0x08, 0x6C, 0x08, 0x6C, 0x08, 0x6C, 0xE7, 0x6B,
    0xE8, 0x63, 0xE7, 0x6B, 0x06, 0x7C, 0xC3, 0x83, 0x24, 0x8C, 0xC3, 0x7B, 0x83, 0x6B, 0x86, 0x63,
    0xA8, 0x63, 0x4B, 0x7C, 0x6B, 0x7C, 0x6A, 0x7C, 0x8B, 0x7C, 0x8B, 0x84, 0xAC, 0x84, 0xAC, 0x84,
    0xED, 0x8C, 0xEC, 0x8C, 0xEC, 0x84, 0x8B, 0x7C, 0x8B, 0x7C, 0xAB, 0x7C, 0x69, 0x74, 0x28, 0x6C,
    0x69, 0x74, 0x89, 0x7C, 0xCA, 0x84, 0xC9, 0x84, 0x89, 0x84, 0x69, 0x7C, 0x89, 0x84, 0xA9, 0x84,
    0xA9, 0x84, 0xA9, 0x84, 0xA9, 0x84, 0xA9, 0x84, 0x89, 0x84, 0x88, 0x84, 0xAB, 0x9C, 0xB2, 0xD5,
    0x93, 0xDD, 0x73, 0xDD, 0x73, 0xDD, 0x52, 0xDD, 0x52, 0xDD, 0x52, 0xDD, 0x52, 0xDD, 0x11, 0xD5,
    0x32, 0xDD, 0xF1, 0xD4, 0xB0, 0xD4, 0x90, 0xCC, 0x11, 0xCD, 0xB2, 0xD5, 0xB1, 0xD5, 0xD2, 0xD5,
    0xB2, 0xCD, 0x91, 0xCD, 0x92, 0xCD, 0xB2, 0xCD, 0x92, 0xCD, 0x71, 0xCD, 0x71, 0xCD, 0xB2, 0xCD,
    0xB2, 0xCD, 0xB2, 0xCD, 0x91, 0xCD, 0x91, 0xCD, 0x50, 0xC5, 0x71, 0xC5, 0x91, 0xCD, 0x91, 0xCD,
    0x50, 0xC5, 0x50, 0xC5, 0x71, 0xC5, 0x71, 0xC5, 0x71, 0xC5, 0x71, 0xC5, 0x30, 0xC5, 0x71, 0xC5,
    0x91, 0xCD, 0x71, 0xC5, 0x91, 0xCD, 0x71, 0xCD, 0x50, 0xC5, 0x71, 0xCD, 0x91, 0xCD, 0x71, 0xCD,
    0x71, 0xCD, 0x71, 0xCD, 0x91, 0xCD, 0x91, 0xCD, 0x50, 0xC5, 0x71, 0xCD, 0x71, 0xCD, 0x71, 0xCD,
    0x91, 0xCD, 0x71, 0xC5, 0x91, 0xCD, 0x91, 0xCD, 0x71, 0xCD, 0x71, 0xCD, 0x71, 0xCD, 0x71, 0xCD,
    0x71, 0xC5, 0x91, 0xCD, 0x31, 0xCD, 0x90, 0xC4, 0x4F, 0xC4, 0x2F, 0xCC, 0x50, 0xCC, 0x2F, 0xC4,
    0x4F, 0xCC, 0x70, 0xCC, 0x4F, 0xC4, 0x50, 0xC4, 0x70, 0xCC, 0x90, 0xCC, 0x70, 0xC4, 0x70, 0xC4,
    0xB1, 0xC4, 0x91, 0xBC, 0xF2, 0xC4, 0x0D, 0xAC, 0x48, 0x9B, 0x69, 0x9B, 0x69, 0x9B, 0x28, 0x93,
    0x28, 0x93, 0xA9, 0xA3, 0xA9, 0xA3, 0x89, 0xA3, 0x89, 0x9B, 0x48, 0x93, 0x24, 0x6A, 0xC5, 0x6A,
    0x46, 0x73, 0x05, 0x6B, 0xE5, 0x6A, 0xC5, 0x7A, 0xE5, 0x82, 0x06, 0x8B, 0x27, 0x93, 0x48, 0x9B,
    0x68, 0xA3, 0x89, 0xAB, 0xA9, 0xAB, 0xA9, 0xAB, 0xA9, 0xAB, 0xA9, 0xAB, 0x88, 0xA3, 0x68, 0xA3,
    0x68, 0xA3, 0xC9, 0xB3, 0x2A, 0xBC, 0xE9, 0xB3, 0x0A, 0xB4, 0xE9, 0xB3, 0xC9, 0xB3, 0x6B, 0xC4,
    0x4B, 0xBC, 0x0A, 0xBC, 0x68, 0xA3, 0x0A, 0xB4, 0x4B, 0xBC, 0x8C, 0xCC, 0xEE, 0xCC, 0x2F, 0xD5,
    0x50, 0xD5, 0x71, 0xD5, 0x91, 0xD5, 0x51, 0xCD, 0xEF, 0xBC, 0xCC, 0xB4, 0xEA, 0xBC, 0x46, 0xAC,
    0x48, 0xB4, 0x8C, 0xC4, 0x6C, 0xC4, 0x2A, 0xBC, 0x4C, 0xBC, 0x6C, 0xC4, 0x6C, 0xBC, 0x8D, 0xC4,
    0x2C, 0xB4, 0xEB, 0xA3, 0xEB, 0xA3, 0x88, 0x93, 0xE7, 0x9B, 0x47, 0x9C, 0x85, 0x6B, 0x65, 0x5B,
    0x45, 0x53, 0x25, 0x53, 0x05, 0x53, 0x05, 0x5B, 0xC8, 0x83, 0xA7, 0x8B, 0xA4, 0x62, 0xC5, 0x4A,
    0x26, 0x53, 0x26, 0x53, 0xE4, 0x4A, 0x25, 0x53, 0x25, 0x53, 0x25, 0x53, 0x46, 0x53, 0x25, 0x4B,
    0x45, 0x53, 0x25, 0x4B, 0xC4, 0x42, 0xE3, 0x5A, 0x64, 0x73, 0x23, 0x6B, 0xE4, 0x5A, 0xA4, 0x42,
    0x84, 0x32, 0x84, 0x32, 0xE5, 0x42, 0xE5, 0x42, 0xC5, 0x3A, 0xA4, 0x3A, 0xA5, 0x3A, 0xA5, 0x3A,
    0x44, 0x2A, 0x44, 0x2A, 0x65, 0x32, 0x85, 0x32, 0x06, 0x43, 0x26, 0x4B, 0x46, 0x4B, 0x46, 0x4B,
    0x05, 0x43, 0xC4, 0x3A, 0xA4, 0x32, 0xE5, 0x3A, 0x05, 0x43, 0x05, 0x43, 0x06, 0x43, 0x26, 0x43,
    0x0A, 0x64, 0x4B, 0x6C, 0x4B, 0x74, 0x2B, 0x6C, 0x4B, 0x6C, 0x2A, 0x64, 0xE9, 0x5B, 0xA9, 0x53,
    0x69, 0x53, 0x6A, 0x5B, 0xAC, 0x6B, 0x6C, 0x6B, 0xE9, 0x52, 0xA9, 0x4A, 0x69, 0x3A, 0xC8, 0x29,
    0xE9, 0x29, 0x2A, 0x32, 0x2A, 0x32, 0xA8, 0x29, 0x46, 0x19, 0x08, 0x32, 0xEE, 0x6B, 0xEC, 0x73,
    0x2C, 0x7C, 0x6D, 0x84, 0x6D, 0x8C, 0x8D, 0x8C, 0xAD, 0x94, 0x6C, 0x8C, 0x6C, 0x8C, 0x6D, 0x94,
    0x4C, 0x8C, 0x4D, 0x8C, 0x06, 0x42, 0xE2, 0x20, 0x03, 0x31, 0x44, 0x39, 0xC6, 0x49, 0x27, 0x52,
    0xE6, 0x51, 0x27, 0x5A, 0xA9, 0x72, 0xCA, 0x72, 0xA9, 0x72, 0xC9, 0x72, 0xC8, 0x62, 0x89, 0x6B,
    0xEA, 0x6B, 0x0A, 0x6C, 0x0A, 0x6C, 0xC9, 0x6B, 0xA8, 0x63, 0x88, 0x5B, 0xE9, 0x63, 0xC8, 0x63,
    0xE9, 0x6B, 0xE9, 0x6B, 0xE9, 0x63, 0xE9, 0x63, 0xC8, 0x63, 0xA8, 0x6B, 0xC9, 0x7B, 0x88, 0x7B,
    0x88, 0x7B, 0x2A, 0x8C, 0x08, 0x7C, 0x86, 0x63, 0x64, 0x53, 0xC6, 0x63, 0xC6, 0x6B, 0xC6, 0x73,
    0x65, 0x6B, 0x03, 0x5B, 0x63, 0x5B, 0x63, 0x5B, 0x85, 0x63, 0x85, 0x63, 0xC6, 0x6B, 0x07, 0x74,
    0xC7, 0x63, 0xA7, 0x63, 0xA7, 0x63, 0x86, 0x63, 0x86, 0x63, 0x65, 0x63, 0x25, 0x53, 0x48, 0x5B,
    0xCA, 0x6B, 0x67, 0x5B, 0x09, 0x6C, 0xE9, 0x63, 0xE9, 0x6B, 0x4B, 0x74, 0x0A, 0x74, 0xC9, 0x6B,
    0x0A, 0x6C, 0x6B, 0x7C, 0x6B, 0x7C, 0xCD, 0x84, 0xED, 0x8C, 0xEC, 0x8C, 0xEB, 0x8C, 0xAA, 0x84,
    0x8A, 0x7C, 0x49, 0x74, 0x48, 0x74, 0x68, 0x7C, 0x89, 0x84, 0xA9, 0x84, 0x89, 0x84, 0x48, 0x7C,
    0x07, 0x74, 0x26, 0x74, 0xA9, 0x84, 0xCA, 0x8C, 0x89, 0x84, 0x88, 0x84, 0xCC, 0xA4, 0x93, 0xDD,
    0x93, 0xE5, 0x93, 0xDD, 0x53, 0xDD, 0x73, 0xDD, 0x73, 0xDD, 0x32, 0xDD, 0x11, 0xD5, 0x11, 0xD5,
    0x11, 0xDD, 0xB0, 0xD4, 0xD1, 0xD4, 0x6F, 0xCC, 0x51, 0xD5, 0xD2, 0xD5, 0xB2, 0xD5, 0xB1, 0xCD,
    0x71, 0xC5, 0xB2, 0xD5, 0xB2, 0xCD, 0xB2, 0xCD, 0x71, 0xCD, 0x71, 0xC5, 0x91, 0xCD, 0x91, 0xCD,
    0x91, 0xCD, 0x71, 0xC5, 0x71, 0xC5, 0x71, 0xC5, 0x71, 0xC5, 0x91, 0xCD, 0x50, 0xC5, 0x71, 0xC5,
    0x91, 0xCD, 0x91, 0xCD, 0x91, 0xCD, 0x71, 0xC5, 0x71, 0xCD, 0x71, 0xC5, 0x51, 0xC5, 0x71, 0xCD,
    0x71, 0xCD, 0x71, 0xCD, 0x71, 0xC5, 0x50, 0xC5, 0x70, 0xC5, 0x71, 0xC5, 0x71, 0xC5, 0x50, 0xC5,
    0x50, 0xC5, 0x91, 0xCD, 0x91, 0xCD, 0x71, 0xC5, 0x50, 0xC5, 0x91, 0xCD, 0x50, 0xC5, 0x51, 0xC5,
    0x91, 0xCD, 0x50, 0xC5, 0x51, 0xC5, 0x71, 0xCD, 0x71, 0xCD, 0x71, 0xC5, 0x50, 0xC5, 0x71, 0xCD,
    0x71, 0xC5, 0x51, 0xC5, 0x51, 0xCD, 0xAF, 0xC4, 0x4F, 0xC4, 0x30, 0xCC, 0x2F, 0xCC, 0x50, 0xCC,
    0x70, 0xCC, 0x50, 0xCC, 0x4F, 0xC4, 0x70, 0xCC, 0x70, 0xCC, 0x70, 0xC4, 0x70, 0xCC, 0x70, 0xC4,
    0x70, 0xC4, 0xB1, 0xC4, 0xF2, 0xC4, 0x4E, 0xB4, 0x69, 0x9B, 0x89, 0x9B, 0x49, 0x9B, 0x28, 0x93,
    0x28, 0x93, 0xA9, 0xA3, 0xA9, 0xA3, 0x89, 0x9B, 0x68, 0x93, 0x69, 0x93, 0xC6, 0x7A, 0x66, 0x73,
    0x07, 0x6C, 0xC6, 0x63, 0xA6, 0x63, 0x86, 0x63, 0x86, 0x73, 0x66, 0x73, 0x46, 0x73, 0x26, 0x7B,
    0x06, 0x7B, 0x26, 0x83, 0x47, 0x8B, 0x48, 0x93, 0x68, 0x9B, 0x68, 0xA3, 0x89, 0xAB, 0x89, 0xAB,
    0x47, 0xA3, 0xE9, 0xB3, 0x4B, 0xBC, 0xE9, 0xB3, 0x0A, 0xB4, 0x0A, 0xB4, 0xE9, 0xB3, 0x4B, 0xBC,
    0x4B, 0xBC, 0x2B, 0xBC, 0x88, 0xA3, 0xEA, 0xB3, 0xC9, 0xB3, 0xE9, 0xB3, 0x0A, 0xB4, 0x0A, 0xB4,
    0x4B, 0xBC, 0x8C, 0xC4, 0xCD, 0xCC, 0x0E, 0xD5, 0x2F, 0xD5, 0x70, 0xD5, 0x4F, 0xD5, 0x2E, 0xCD,
    0xAC, 0xC4, 0x6C, 0xBC, 0x6C, 0xC4, 0x0A, 0xB4, 0x6C, 0xBC, 0x6C, 0xC4, 0x6C, 0xC4, 0x8C, 0xC4,
    0x2B, 0xB4, 0xEB, 0xA3, 0xCA, 0xA3, 0x88, 0x93, 0x49, 0xAC, 0x68, 0xAC, 0x24, 0x63, 0xE4, 0x4A,
    0x25, 0x4B, 0x66, 0x5B, 0x06, 0x53, 0xC4, 0x52, 0x87, 0x83, 0x67, 0x8B, 0x64, 0x5A, 0x64, 0x42,
    0xA4, 0x42, 0x83, 0x3A, 0x05, 0x4B, 0x66, 0x5B, 0x25, 0x53, 0x25, 0x4B, 0x66, 0x53, 0x25, 0x4B,
    0x04, 0x4B, 0x05, 0x43, 0x26, 0x4B, 0x46, 0x5B, 0xE4, 0x5A, 0x21, 0x3A, 0x63, 0x3A, 0x84, 0x3A,
    0x84, 0x3A, 0x84, 0x32, 0xE5, 0x42, 0x06, 0x4B, 0xE5, 0x42, 0xC5, 0x3A, 0xA5, 0x3A, 0x85, 0x32,
    0xE3, 0x21, 0xE3, 0x21, 0x44, 0x2A, 0xC5, 0x3A, 0x46, 0x4B, 0x87, 0x53, 0x87, 0x5B, 0x87, 0x53,
    0x87, 0x53, 0x46, 0x4B, 0x26, 0x43, 0x46, 0x4B, 0x46, 0x4B, 0x46, 0x4B, 0x46, 0x4B, 0x26, 0x43,
    0x6B, 0x74, 0x4B, 0x6C, 0x2B, 0x6C, 0xC9, 0x5B, 0xC9, 0x5B, 0xA8, 0x53, 0xA9, 0x53, 0x8A, 0x5B,
    0xCD, 0x73, 0x31, 0x8C, 0x32, 0x94, 0x52, 0x9C, 0x32, 0x9C, 0x8F, 0x7B, 0x69, 0x42, 0x07, 0x2A,
    0xC6, 0x21, 0x28, 0x32, 0xC7, 0x21, 0x25, 0x11, 0x03, 0x09, 0x85, 0x21, 0xAC, 0x6B, 0xCC, 0x6B,
    0xAB, 0x6B, 0xEB, 0x73, 0x0B, 0x7C, 0x2B, 0x84, 0x6C, 0x8C, 0x4B, 0x84, 0x0B, 0x84, 0x0B, 0x84,
    0xEB, 0x83, 0xEB, 0x83, 0xC4, 0x31, 0x80, 0x10, 0x84, 0x31, 0x0A, 0x63, 0x2E, 0x8C, 0xB0, 0x94,
    0xED, 0x83, 0xA8, 0x5A, 0x26, 0x52, 0x46, 0x52, 0x87, 0x52, 0xA7, 0x52, 0x07, 0x5B, 0x48, 0x5B,
    0x88, 0x5B, 0x88, 0x5B, 0x89, 0x63, 0xA9, 0x63, 0xC9, 0x63, 0xE9, 0x6B, 0xC8, 0x63, 0x09, 0x6C,
    0x2A, 0x74, 0xE9, 0x6B, 0xA8, 0x5B, 0xC8, 0x63, 0x25, 0x4B, 0x67, 0x6B, 0x88, 0x83, 0x27, 0x8B,
    0x27, 0x8B, 0x47, 0x8B, 0x09, 0x94, 0x08, 0x7C, 0x65, 0x5B, 0x86, 0x63, 0xA8, 0x7B, 0xEA, 0x8B,
    0x0B, 0x94, 0x86, 0x7B, 0xA4, 0x73, 0xA4, 0x73, 0x84, 0x6B, 0x85, 0x6B, 0x85, 0x63, 0x45, 0x5B,
    0x05, 0x53, 0x67, 0x53, 0xA8, 0x5B, 0xA7, 0x63, 0xC8, 0x5B, 0xC8, 0x5B, 0xA8, 0x63, 0x10, 0x9D,
    0x93, 0xB5, 0xEA, 0x73, 0x06, 0x4B, 0x27, 0x4B, 0x47, 0x53, 0xE9, 0x6B, 0xC9, 0x6B, 0xC9, 0x6B,
    0xC9, 0x6B, 0x4B, 0x74, 0x4B, 0x74, 0x2B, 0x74, 0x8C, 0x7C, 0xCC, 0x84, 0xED, 0x8C, 0xEC, 0x8C,
    0xED, 0x8C, 0x8B, 0x7C, 0x8A, 0x7C, 0x89, 0x7C, 0x89, 0x7C, 0xA9, 0x84, 0x89, 0x84, 0x48, 0x7C,
    0x47, 0x7C, 0xA9, 0x8C, 0xEA, 0x94, 0xEA, 0x94, 0xAA, 0x8C, 0x69, 0x84, 0xEC, 0xA4, 0xB3, 0xDD,
    0x93, 0xDD, 0x73, 0xDD, 0x53, 0xDD, 0x52, 0xDD, 0x12, 0xD5, 0xF1, 0xCC, 0x11, 0xD5, 0x12, 0xD5,
    0x12, 0xDD, 0x90, 0xCC, 0xD1, 0xD4, 0xD0, 0xCC, 0x71, 0xD5, 0xB2, 0xD5, 0x91, 0xCD, 0x91, 0xCD,
    0xB2, 0xCD, 0x91, 0xCD, 0x92, 0xCD, 0x92, 0xCD, 0x50, 0xC5, 0x91, 0xCD, 0xB2, 0xCD, 0x71, 0xCD,
    0x71, 0xCD, 0x71, 0xC5, 0x71, 0xC5, 0x71, 0xC5, 0x71, 0xC5, 0x91, 0xCD, 0x71, 0xC5, 0x71, 0xC5,
    0x51, 0xC5, 0x51, 0xC5, 0x71, 0xC5, 0x51, 0xC5, 0x51, 0xC5, 0x71, 0xC5, 0x71, 0xCD, 0x30, 0xC5,
    0x71, 0xCD, 0x51, 0xC5, 0x50, 0xC5, 0x71, 0xCD, 0x92, 0xCD, 0x71, 0xCD, 0x71, 0xCD, 0x91, 0xCD,
    0x71, 0xC5, 0x71, 0xC5, 0x71, 0xCD, 0x71, 0xC5, 0x71, 0xC5, 0x70, 0xC5, 0x70, 0xC5, 0x51, 0xC5,
    0x50, 0xC5, 0x50, 0xC5, 0x71, 0xCD, 0x50, 0xC5, 0x71, 0xC5, 0x71, 0xC5, 0x71, 0xCD, 0x71, 0xCD,
    0x50, 0xC5, 0x71, 0xCD, 0x71, 0xCD, 0x10, 0xCD, 0x6F, 0xC4, 0x0F, 0xC4, 0x0F, 0xCC, 0xEE, 0xC3,
    0x50, 0xCC, 0x70, 0xCC, 0x4F, 0xC4, 0x2F, 0xC4, 0x70, 0xCC, 0x50, 0xC4, 0x4F, 0xC4, 0x50, 0xC4,
    0x91, 0xC4, 0xB1, 0xC4, 0xD2, 0xC4, 0x6F, 0xB4, 0x69, 0x9B, 0x89, 0x9B, 0x49, 0x9B, 0x28, 0x93,
    0x28, 0x93, 0x89, 0xA3, 0xA9, 0xA3, 0x89, 0xA3, 0x48, 0x93, 0x69, 0x93, 0x28, 0x83, 0x66, 0x6B,
    0xA5, 0x5B, 0x85, 0x53, 0xA5, 0x53, 0xA5, 0x53, 0xC6, 0x5B, 0x07, 0x64, 0x07, 0x6C, 0xE7, 0x6B,
    0xC7, 0x6B, 0x86, 0x6B, 0x66, 0x6B, 0x46, 0x73, 0x26, 0x7B, 0x26, 0x83, 0x27, 0x8B, 0x27, 0x93,
    0xE6, 0x92, 0xA9, 0xAB, 0x2A, 0xBC, 0xE9, 0xAB, 0xEA, 0xB3, 0xEA, 0xB3, 0xEA, 0xB3, 0x6B, 0xC4,
    0x6B, 0xC4, 0x2B, 0xBC, 0x68, 0xA3, 0xEA, 0xB3, 0x0A, 0xBC, 0x0A, 0xB4, 0xE9, 0xB3, 0xC9, 0xAB,
    0xA8, 0xAB, 0xA8, 0xAB, 0xC9, 0xAB, 0x2A, 0xBC, 0x6B, 0xC4, 0xAD, 0xCC, 0xEE, 0xD4, 0x50, 0xD5,
    0xAD, 0xC4, 0x6B, 0xBC, 0x6B, 0xBC, 0x0A, 0xB4, 0x4B, 0xBC, 0x4C, 0xBC, 0x6C, 0xC4, 0x6C, 0xC4,
    0xEA, 0xAB, 0xCA, 0x9B, 0xAA, 0x9B, 0x89, 0x93, 0x86, 0x83, 0x65, 0x73, 0xA2, 0x4A, 0xC3, 0x42,
    0x25, 0x53, 0x46, 0x53, 0xC5, 0x4A, 0x84, 0x42, 0x63, 0x4A, 0x02, 0x42, 0x03, 0x42, 0x64, 0x3A,
    0x84, 0x3A, 0xA4, 0x42, 0x46, 0x53, 0x05, 0x53, 0xE5, 0x4A, 0x26, 0x53, 0x87, 0x5B, 0x46, 0x53,
    0x05, 0x4B, 0xE5, 0x42, 0x46, 0x53, 0x87, 0x5B, 0x26, 0x53, 0xC5, 0x42, 0xA4, 0x3A, 0x84, 0x32,
    0xA4, 0x3A, 0xC4, 0x3A, 0xE5, 0x42, 0xE5, 0x42, 0xE5, 0x42, 0xC5, 0x42, 0xA4, 0x3A, 0x84, 0x32,
    0xC5, 0x3A, 0x06, 0x43, 0x05, 0x43, 0x25, 0x4B, 0x25, 0x4B, 0x25, 0x4B, 0x46, 0x4B, 0x86, 0x53,
    0x86, 0x53, 0x86, 0x53, 0x87, 0x53, 0xC7, 0x5B, 0xA7, 0x5B, 0x86, 0x53, 0x87, 0x53, 0xA7, 0x5B,
    0x0A, 0x64, 0xE9, 0x5B, 0xC9, 0x5B, 0xE9, 0x5B, 0x0A, 0x64, 0x0A, 0x64, 0xCA, 0x63, 0xEE, 0x73,
    0xF1, 0x8B, 0x71, 0x8B, 0x71, 0x8B, 0x71, 0x8B, 0x91, 0x93, 0xF2, 0x93, 0x6D, 0x73, 0xE8, 0x4A,
    0xC7, 0x3A, 0xC8, 0x42, 0xC5, 0x21, 0xA5, 0x19, 0xC5, 0x21, 0xA4, 0x21, 0x2A, 0x5B, 0x6B, 0x63,
    0x6A, 0x63, 0xAA, 0x6B, 0xEA, 0x73, 0xA9, 0x73, 0xC9, 0x7B, 0xA9, 0x73, 0xA9, 0x73, 0xCA, 0x7B,
    0x0B, 0x84, 0x68, 0x6B, 0x24, 0x42, 0x29, 0x5B, 0xD0, 0x94, 0x51, 0xA5, 0x10, 0x9D, 0x10, 0x9D,
    0x51, 0xA5, 0x51, 0xA5, 0x0C, 0x7C, 0xA6, 0x4A, 0x07, 0x53, 0x68, 0x63, 0x48, 0x5B, 0xAA, 0x63,
    0xAE, 0x8C, 0x10, 0x9D, 0xCF, 0x8C, 0x0B, 0x74, 0xA9, 0x63, 0xC9, 0x63, 0xE9, 0x6B, 0xA7, 0x63,
    0xC8, 0x63, 0x88, 0x5B, 0x26, 0x4B, 0xA8, 0x5B, 0x67, 0x5B, 0xC5, 0x5A, 0xC6, 0x7A, 0x07, 0x8B,
    0xC6, 0x82, 0xE6, 0x8A, 0x27, 0x8B, 0x87, 0x7B, 0xA7, 0x6B, 0x86, 0x6B, 0xE7, 0x6A, 0x08, 0x7B,
    0x69, 0x8B, 0x67, 0x83, 0x03, 0x63, 0x03, 0x63, 0xE2, 0x62, 0x24, 0x63, 0x04, 0x53, 0xC4, 0x4A,
    0xC4, 0x42, 0x46, 0x53, 0xA8, 0x63, 0xC8, 0x63, 0xC8, 0x5B, 0xC7, 0x5B, 0x88, 0x5B, 0x0C, 0x7C,
    0x2D, 0x8C, 0x2B, 0x7C, 0x67, 0x53, 0x27, 0x53, 0x47, 0x53, 0xA8, 0x63, 0xE9, 0x6B, 0xC9, 0x6B,
    0xA8, 0x63, 0x4B, 0x7C, 0x4B, 0x7C, 0x0A, 0x74, 0xC9, 0x63, 0xC9, 0x63, 0xE9, 0x63, 0x4B, 0x74,
    0x6C, 0x7C, 0x6B, 0x7C, 0xAC, 0x84, 0xCC, 0x8C, 0x8A, 0x84, 0x69, 0x7C, 0x68, 0x7C, 0x89, 0x84,
    0xA9, 0x8C, 0xA9, 0x8C, 0xA9, 0x8C, 0xA9, 0x8C, 0x69, 0x84, 0x48, 0x7C, 0xED, 0xA4, 0xB3, 0xDD,
    0x73, 0xDD, 0x32, 0xD5, 0x32, 0xD5, 0x11, 0xD5, 0x32, 0xD5, 0x73, 0xDD, 0x53, 0xDD, 0x12, 0xDD,
    0xD1, 0xD4, 0x90, 0xCC, 0x4F, 0xC4, 0x8F, 0xC4, 0x51, 0xD5, 0x91, 0xCD, 0x71, 0xC5, 0x71, 0xCD,
    0x91, 0xCD, 0x51, 0xC5, 0x50, 0xC5, 0x30, 0xC5, 0x51, 0xC5, 0x91, 0xCD, 0x71, 0xC5, 0x71, 0xC5,
    0x51, 0xC5, 0x71, 0xC5, 0x71, 0xC5, 0x92, 0xCD, 0x71, 0xC5, 0x50, 0xC5, 0x51, 0xC5, 0x71, 0xC5,
    0x30, 0xBD, 0x30, 0xBD, 0x51, 0xC5, 0x30, 0xC5, 0x50, 0xC5, 0x50, 0xC5, 0x30, 0xC5, 0x30, 0xC5,
    0x30, 0xC5, 0x51, 0xC5, 0x30, 0xBD, 0x30, 0xC5, 0x71, 0xC5, 0x51, 0xC5, 0x50, 0xC5, 0x71, 0xC5,
    0x50, 0xC5, 0x71, 0xC5, 0x70, 0xC5, 0x70, 0xC5, 0x70, 0xC5, 0x50, 0xC5, 0x71, 0xCD, 0x50, 0xC5,
    0x51, 0xC5, 0x71, 0xCD, 0x50, 0xC5, 0x71, 0xC5, 0x71, 0xCD, 0x50, 0xC5, 0x71, 0xCD, 0x51, 0xC5,
    0x50, 0xC5, 0x71, 0xCD, 0x71, 0xCD, 0x10, 0xC5, 0x6F, 0xC4, 0x0F, 0xC4, 0xEE, 0xC3, 0x0F, 0xC4,
    0x0F, 0xC4, 0x50, 0xC4, 0x2F, 0xC4, 0x2F, 0xC4, 0x4F, 0xC4, 0x4F, 0xC4, 0x4F, 0xC4, 0x4F, 0xC4,
    0x90, 0xC4, 0x91, 0xBC, 0xD2, 0xC4, 0x6F, 0xB4, 0x69, 0x9B, 0x89, 0x9B, 0x49, 0x93, 0x28, 0x93,
    0x28, 0x93, 0x89, 0xA3, 0xA9, 0xA3, 0x89, 0xA3, 0x68, 0x9B, 0x69, 0x93, 0x28, 0x83, 0x66, 0x6B,
    0xA5, 0x5B, 0xA5, 0x53, 0xA5, 0x5B, 0x65, 0x4B, 0x84, 0x53, 0xA5, 0x5B, 0xE6, 0x63, 0x27, 0x6C,
    0x28, 0x74, 0x28, 0x74, 0x28, 0x74, 0xE7, 0x6B, 0xC7, 0x6B, 0xC7, 0x73, 0xA7, 0x73, 0x87, 0x7B,
    0x26, 0x7B, 0xC9, 0xA3, 0x2A, 0xBC, 0xC9, 0xAB, 0xE9, 0xB3, 0xE9, 0xB3, 0xE9, 0xB3, 0x6B, 0xC4,
    0x6B, 0xC4, 0x2B, 0xBC, 0x68, 0xA3, 0x0A, 0xB4, 0x0A, 0xBC, 0x0A, 0xBC, 0x0A, 0xBC, 0x0A, 0xBC,
    0xEA, 0xB3, 0xC9, 0xB3, 0xC9, 0xB3, 0xC9, 0xB3, 0xE9, 0xB3, 0xE9, 0xB3, 0x0A, 0xBC, 0x4B, 0xBC,
    0x6B, 0xBC, 0x6B, 0xBC, 0x4B, 0xBC, 0xEA, 0xB3, 0x6B, 0xBC, 0x6C, 0xC4, 0x6C, 0xC4, 0x6C, 0xBC,
    0xCA, 0xA3, 0xA9, 0x9B, 0x89, 0x93, 0x68, 0x8B, 0x45, 0x6B, 0x85, 0x63, 0x85, 0x5B, 0x86, 0x5B,
    0xA6, 0x5B, 0x86, 0x5B, 0x26, 0x53, 0x05, 0x4B, 0xE5, 0x4A, 0xC4, 0x4A, 0x05, 0x4B, 0xC4, 0x42,
    0x83, 0x3A, 0xC4, 0x42, 0xE5, 0x4A, 0xA4, 0x42, 0xC4, 0x42, 0x05, 0x4B, 0x25, 0x4B, 0x05, 0x4B,
    0xE5, 0x42, 0xE5, 0x42, 0x46, 0x53, 0x66, 0x53, 0xC4, 0x42, 0x05, 0x4B, 0x25, 0x4B, 0x05, 0x4B,
    0x25, 0x4B, 0x46, 0x53, 0x87, 0x5B, 0x66, 0x53, 0x26, 0x53, 0x67, 0x5B, 0x66, 0x5B, 0x66, 0x53,
    0x87, 0x5B, 0xA6, 0x5B, 0x86, 0x5B, 0x86, 0x53, 0x66, 0x53, 0x45, 0x4B, 0x25, 0x4B, 0x25, 0x4B,
    0x45, 0x53, 0x65, 0x53, 0xC7, 0x5B, 0xE7, 0x63, 0x08, 0x64, 0xE7, 0x63, 0xC7, 0x63, 0xE7, 0x63,
    0x2A, 0x6C, 0x0A, 0x64, 0xC9, 0x5B, 0x0A, 0x64, 0x2A, 0x6C, 0x2B, 0x6C, 0x0C, 0x6C, 0x8E, 0x73,
    0x0F, 0x73, 0x0F, 0x7B, 0x2F, 0x83, 0x4F, 0x8B, 0x50, 0x8B, 0x6F, 0x8B, 0x8F, 0x83, 0x2A, 0x63,
    0x07, 0x4B, 0x07, 0x43, 0xA6, 0x3A, 0x66, 0x3A, 0xA6, 0x3A, 0x66, 0x32, 0x46, 0x32, 0xA7, 0x4A,
    0xE8, 0x52, 0x28, 0x5B, 0x69, 0x63, 0x68, 0x6B, 0x88, 0x6B, 0xA9, 0x73, 0x89, 0x73, 0x89, 0x73,
    0x68, 0x6B, 0xE6, 0x52, 0x27, 0x5B, 0x6D, 0x84, 0x6E, 0x84, 0x8D, 0x84, 0x8D, 0x8C, 0x6C, 0x8C,
    0x8C, 0x8C, 0xCE, 0x8C, 0x0F, 0x9D, 0xCA, 0x73, 0x27, 0x53, 0xC9, 0x63, 0xEA, 0x6B, 0xCF, 0x94,
    0x52, 0xA5, 0x51, 0xAD, 0x31, 0xA5, 0x30, 0xA5, 0x2B, 0x74, 0xA8, 0x5B, 0x87, 0x5B, 0x67, 0x53,
    0x47, 0x53, 0x06, 0x4B, 0x88, 0x5B, 0xC8, 0x63, 0xA8, 0x63, 0xE5, 0x5A, 0xE6, 0x72, 0xA5, 0x72,
    0xC6, 0x7A, 0x06, 0x83, 0xC5, 0x7A, 0xE5, 0x6A, 0x45, 0x63, 0x25, 0x63, 0xC5, 0x5A, 0xC6, 0x6A,
    0xE7, 0x72, 0xA5, 0x62, 0xA4, 0x52, 0x06, 0x5B, 0x26, 0x5B, 0x06, 0x53, 0xC4, 0x4A, 0x66, 0x53,
    0xC8, 0x5B, 0xE8, 0x63, 0xC8, 0x6B, 0xA8, 0x63, 0xA7, 0x5B, 0x66, 0x53, 0x06, 0x4B, 0xC5, 0x4A,
    0x06, 0x53, 0x06, 0x53, 0xA8, 0x5B, 0x88, 0x5B, 0x88, 0x5B, 0xEA, 0x6B, 0x2A, 0x74, 0xA9, 0x63,
    0xC8, 0x63, 0x6B, 0x7C, 0x2A, 0x74, 0x4B, 0x74, 0x2B, 0x74, 0x0A, 0x6C, 0xE9, 0x63, 0xEA, 0x6B,
    0xCA, 0x63, 0x0B, 0x6C, 0x2B, 0x74, 0x4B, 0x74, 0x0D, 0x8D, 0x0D, 0x8D, 0xEB, 0x8C, 0xCB, 0x8C,
    0xCA, 0x8C, 0xA9, 0x8C, 0x88, 0x84, 0x88, 0x84, 0x88, 0x84, 0x48, 0x84, 0xCD, 0xA4, 0xB3, 0xDD,
    0x93, 0xDD, 0x32, 0xD5, 0x52, 0xD5, 0x11, 0xD5, 0x52, 0xDD, 0x32, 0xDD, 0xF1, 0xD4, 0xD1, 0xD4,
    0xD1, 0xD4, 0x70, 0xCC, 0x2F, 0xC4, 0xB0, 0xCC, 0x71, 0xD5, 0x91, 0xCD, 0x71, 0xC5, 0xB2, 0xCD,
    0x91, 0xCD, 0x30, 0xBD, 0x30, 0xBD, 0x71, 0xC5, 0x71, 0xC5, 0x71, 0xC5, 0x51, 0xC5, 0x50, 0xC5,
    0x30, 0xBD, 0x10, 0xBD, 0x31, 0xC5, 0x30, 0xBD, 0x50, 0xC5, 0x50, 0xC5, 0x51, 0xC5, 0x50, 0xC5,
    0x30, 0xBD, 0x30, 0xBD, 0x71, 0xC5, 0x50, 0xC5, 0x30, 0xBD, 0x50, 0xC5, 0x50, 0xC5, 0x50, 0xC5,
    0x50, 0xC5, 0x71, 0xC5, 0x71, 0xC5, 0x30, 0xC5, 0x51, 0xC5, 0x71, 0xC5, 0x30, 0xC5, 0x50, 0xC5,
    0x71, 0xCD, 0x70, 0xC5, 0x70, 0xC5, 0x50, 0xC5, 0x50, 0xC5, 0x30, 0xC5, 0x50, 0xC5, 0x50, 0xC5,
    0x50, 0xC5, 0x71, 0xCD, 0x50, 0xC5, 0x50, 0xC5, 0x30, 0xC5, 0x50, 0xCD, 0x50, 0xC5, 0x50, 0xC5,
    0x50, 0xC5, 0x51, 0xC5, 0x51, 0xC5, 0xF0, 0xC4, 0x90, 0xC4, 0x0F, 0xC4, 0x0E, 0xC4, 0x4F, 0xC4,
    0x2F, 0xC4, 0x2F, 0xC4, 0x0E, 0xBC, 0x0F, 0xBC, 0x4F, 0xC4, 0x2F, 0xC4, 0x4F, 0xC4, 0x4F, 0xC4,
    0x4F, 0xBC, 0x71, 0xC4, 0xB1, 0xBC, 0x6F, 0xB4, 0x89, 0x9B, 0x89, 0x9B, 0x68, 0x9B, 0x28, 0x93,
    0x27, 0x93, 0xA9, 0xA3, 0xA9, 0xA3, 0x88, 0x9B, 0x68, 0x9B, 0x69, 0x93, 0x48, 0x8B, 0x66, 0x6B,
    0xC6, 0x5B, 0xA6, 0x53, 0x86, 0x5B, 0x85, 0x53, 0xC6, 0x5B, 0xE6, 0x63, 0xC6, 0x63, 0xE7, 0x63,
    0x28, 0x74, 0x28, 0x6C, 0x28, 0x74, 0x48, 0x74, 0x07, 0x6C, 0x07, 0x6C, 0x07, 0x6C, 0x07, 0x74,
    0xE8, 0x7B, 0x09, 0xA4, 0x0A, 0xBC, 0xC9, 0xAB, 0x0A, 0xB4, 0xE9, 0xB3, 0xE9, 0xB3, 0x4B, 0xC4,
    0x6B, 0xC4, 0x2A, 0xBC, 0x68, 0xA3, 0xEA, 0xB3, 0xE9, 0xB3, 0x09, 0xB4, 0x2A, 0xBC, 0x2A, 0xBC,
    0xEA, 0xB3, 0xEA, 0xBB, 0x0A, 0xBC, 0x2A, 0xBC, 0x2A, 0xBC, 0x0A, 0xBC, 0x0A, 0xBC, 0xE9, 0xB3,
    0x4A, 0xBC, 0x6B, 0xC4, 0x4B, 0xBC, 0xEA, 0xB3, 0x4C, 0xBC, 0x8C, 0xBC, 0x6C, 0xC4, 0x6C, 0xBC,
    0xC9, 0xA3, 0x89, 0x93, 0x69, 0x93, 0x68, 0x83, 0xA7, 0x73, 0x07, 0x6C, 0x07, 0x6C, 0x07, 0x6C,
    0x07, 0x6C, 0x07, 0x6C, 0xE7, 0x6B, 0xC7, 0x63, 0xC7, 0x6B, 0x66, 0x63, 0x66, 0x5B, 0x66, 0x5B,
    0x46, 0x5B, 0x66, 0x5B, 0x25, 0x53, 0x45, 0x53, 0xA6, 0x63, 0xC6, 0x63, 0xA5, 0x5B, 0xA6, 0x5B,
    0x65, 0x5B, 0x85, 0x5B, 0xC7, 0x63, 0xA7, 0x63, 0x66, 0x53, 0x86, 0x5B, 0xA7, 0x5B, 0xC7, 0x63,
    0xA7, 0x5B, 0xA7, 0x5B, 0x86, 0x5B, 0x66, 0x53, 0x66, 0x5B, 0x87, 0x5B, 0x86, 0x5B, 0x86, 0x5B,
    0x86, 0x5B, 0xA6, 0x5B, 0xA6, 0x5B, 0xC6, 0x5B, 0xC7, 0x63, 0xC7, 0x63, 0xE7, 0x63, 0xE7, 0x63,
    0x08, 0x6C, 0x48, 0x74, 0x48, 0x74, 0x27, 0x6C, 0x28, 0x74, 0x48, 0x74, 0x48, 0x74, 0x48, 0x7C,
    0xE9, 0x5B, 0xC9, 0x5B, 0xC9, 0x53, 0xC9, 0x5B, 0xE9, 0x63, 0xC9, 0x5B, 0x8B, 0x5B, 0x0D, 0x5B,
    0xAE, 0x6A, 0xAD, 0x72, 0xED, 0x7A, 0x2E, 0x83, 0x2F, 0x83, 0x2E, 0x83, 0x4D, 0x7B, 0x2A, 0x63,
    0x27, 0x53, 0x67, 0x53, 0x88, 0x5B, 0xE6, 0x42, 0xC6, 0x42, 0xE7, 0x42, 0x45, 0x32, 0xE4, 0x29,
    0x45, 0x3A, 0x45, 0x3A, 0x85, 0x42, 0xC6, 0x4A, 0xE6, 0x52, 0x47, 0x5B, 0x68, 0x63, 0x68, 0x63,
    0x27, 0x5B, 0x28, 0x5B, 0xAA, 0x63, 0xEB, 0x73, 0xEB, 0x6B, 0x0B, 0x74, 0x4B, 0x7C, 0x0A, 0x7C,
    0x0A, 0x7C, 0x4B, 0x84, 0xAD, 0x94, 0x6C, 0x8C, 0x68, 0x63, 0x68, 0x5B, 0x0C, 0x7C, 0xAF, 0x94,
    0xAF, 0x94, 0xCF, 0x9C, 0xCF, 0x9C, 0xCF, 0x9C, 0x8D, 0x8C, 0x68, 0x5B, 0x88, 0x5B, 0x67, 0x53,
    0x47, 0x53, 0x88, 0x5B, 0xC8, 0x63, 0xE8, 0x6B, 0xA7, 0x5B, 0xC8, 0x6B, 0x67, 0x6B, 0x26, 0x6B,
    0x47, 0x73, 0x47, 0x73, 0x27, 0x6B, 0x67, 0x6B, 0x26, 0x5B, 0xE5, 0x52, 0x25, 0x5B, 0x26, 0x63,
    0xE7, 0x5A, 0x6A, 0x6B, 0xD0, 0x94, 0x53, 0xA5, 0x53, 0xA5, 0x12, 0x95, 0x8E, 0x84, 0x89, 0x63,
    0x46, 0x53, 0xE8, 0x63, 0xA7, 0x63, 0x46, 0x53, 0x86, 0x53, 0xA7, 0x5B, 0x67, 0x53, 0x47, 0x53,
    0x47, 0x53, 0x67, 0x5B, 0x67, 0x5B, 0x26, 0x4B, 0x27, 0x53, 0x88, 0x5B, 0xC9, 0x63, 0x09, 0x6C,
    0x09, 0x74, 0xC8, 0x6B, 0x88, 0x5B, 0x88, 0x5B, 0xEA, 0x63, 0x4B, 0x6C, 0xC9, 0x63, 0x68, 0x5B,
    0x48, 0x5B, 0x68, 0x5B, 0xCA, 0x6B, 0x4B, 0x74, 0x4B, 0x74, 0x4B, 0x74, 0x8B, 0x7C, 0x8C, 0x84,
    0xAB, 0x84, 0xEB, 0x8C, 0xCA, 0x84, 0x67, 0x7C, 0x88, 0x84, 0x68, 0x84, 0xAC, 0xA4, 0xB3, 0xDD,
    0x73, 0xDD, 0x93, 0xDD, 0x73, 0xDD, 0x11, 0xD5, 0x32, 0xD5, 0xF1, 0xCC, 0xB0, 0xCC, 0xD1, 0xD4,
    0xB1, 0xD4, 0x6F, 0xCC, 0x2E, 0xC4, 0xAF, 0xC4, 0x71, 0xCD, 0x71, 0xC5, 0x71, 0xC5, 0x71, 0xC5,
    0x50, 0xC5, 0x50, 0xC5, 0x71, 0xC5, 0x50, 0xC5, 0x30, 0xBD, 0x10, 0xBD, 0x50, 0xC5, 0x50, 0xC5,
    0x50, 0xC5, 0x30, 0xBD, 0x51, 0xC5, 0x10, 0xBD, 0x30, 0xBD, 0x30, 0xBD, 0x10, 0xBD, 0x10, 0xBD,
    0x30, 0xBD, 0x30, 0xBD, 0x30, 0xBD, 0x50, 0xC5, 0x50, 0xC5, 0x50, 0xC5, 0x30, 0xBD, 0x0F, 0xBD,
    0x10, 0xBD, 0x50, 0xC5, 0x30, 0xBD, 0x71, 0xC5, 0x91, 0xCD, 0x50, 0xC5, 0x71, 0xC5, 0x30, 0xBD,
    0x50, 0xC5, 0x50, 0xC5, 0x30, 0xC5, 0x70, 0xC5, 0x30, 0xC5, 0x50, 0xC5, 0x70, 0xC5, 0x70, 0xC5,
    0x50, 0xC5, 0x50, 0xC5, 0x30, 0xC5, 0x50, 0xC5, 0x71, 0xCD, 0x51, 0xC5, 0x50, 0xC5, 0x51, 0xCD,
    0x51, 0xC5, 0x71, 0xC5, 0x30, 0xC5, 0xF0, 0xC4, 0x6F, 0xC4, 0x0E, 0xBC, 0x0F, 0xC4, 0x0F, 0xC4,
    0x4F, 0xC4, 0x4F, 0xC4, 0x2F, 0xC4, 0x4F, 0xC4, 0x50, 0xC4, 0x4F, 0xC4, 0x2F, 0xC4, 0x2F, 0xBC,
    0x50, 0xBC, 0x71, 0xBC, 0xB1, 0xBC, 0x8F, 0xB4, 0x8A, 0x9B, 0x68, 0x9B, 0x28, 0x93, 0x07, 0x8B,
    0x07, 0x8B, 0xA9, 0xA3, 0xA9, 0xA3, 0x88, 0x9B, 0x68, 0x9B, 0x69, 0x93, 0x68, 0x8B, 0x46, 0x63,
    0x66, 0x53, 0x86, 0x53, 0x86, 0x5B, 0xA6, 0x5B, 0xC6, 0x5B, 0xE7, 0x63, 0xC7, 0x63, 0xA6, 0x63,
    0xA6, 0x63, 0xA6, 0x5B, 0xE7, 0x6B, 0x07, 0x6C, 0xE7, 0x6B, 0x07, 0x6C, 0x07, 0x6C, 0x28, 0x74,
    0x08, 0x7C, 0x2A, 0xA4, 0x2A, 0xB4, 0xC9, 0xAB, 0x0A, 0xB4, 0xE9, 0xB3, 0xE9, 0xB3, 0x4B, 0xBC,
    0x4B, 0xBC, 0xEA, 0xB3, 0xE6, 0x92, 0x48, 0x9B, 0xCA, 0xAB, 0x0A, 0xB4, 0x2A, 0xBC, 0x0A, 0xBC,
    0x0A, 0xBC, 0x2A, 0xBC, 0x0A, 0xBC, 0xE9, 0xB3, 0x0A, 0xBC, 0x2A, 0xBC, 0x2A, 0xBC, 0x2A, 0xBC,
    0x4A, 0xBC, 0x6B, 0xBC, 0x4B, 0xBC, 0xEA, 0xB3, 0x4C, 0xBC, 0x6C, 0xBC, 0x8C, 0xC4, 0x6C, 0xBC,
    0xC9, 0xA3, 0x89, 0x93, 0x69, 0x93, 0x47, 0x83, 0xA7, 0x73, 0x06, 0x6C, 0xC5, 0x63, 0xE6, 0x63,
    0x06, 0x6C, 0xE5, 0x6B, 0xE6, 0x6B, 0xE6, 0x6B, 0xC7, 0x6B, 0x0A, 0x7C, 0xCE, 0x94, 0xEF, 0x94,
    0xCE, 0x94, 0x8D, 0x84, 0x2B, 0x7C, 0xE8, 0x6B, 0xE6, 0x6B, 0x06, 0x6C, 0x06, 0x6C, 0x06, 0x6C,
    0xE6, 0x63, 0xC5, 0x63, 0xC6, 0x63, 0xA5, 0x5B, 0x44, 0x53, 0x85, 0x5B, 0xC6, 0x63, 0xA6, 0x5B,
    0x86, 0x5B, 0xA6, 0x5B, 0x86, 0x5B, 0x66, 0x53, 0x25, 0x4B, 0x86, 0x5B, 0xA7, 0x5B, 0x65, 0x53,
    0x65, 0x53, 0x85, 0x5B, 0xC7, 0x63, 0xE7, 0x6B, 0x07, 0x6C, 0x08, 0x6C, 0x48, 0x74, 0x69, 0x7C,
    0x48, 0x74, 0x07, 0x6C, 0x27, 0x74, 0x27, 0x74, 0x27, 0x6C, 0xE6, 0x6B, 0xE7, 0x6B, 0x27, 0x74,
    0xC9, 0x53, 0xA9, 0x53, 0x88, 0x53, 0x68, 0x4B, 0x68, 0x4B, 0x48, 0x4B, 0x09, 0x4B, 0xCC, 0x52,
    0x8C, 0x62, 0x6B, 0x62, 0xAC, 0x72, 0xEE, 0x7A, 0x0E, 0x83, 0x2D, 0x83, 0x2C, 0x7B, 0xE8, 0x5A,
    0x27, 0x53, 0xA8, 0x63, 0x88, 0x5B, 0x87, 0x5B, 0x47, 0x4B, 0x88, 0x53, 0x68, 0x53, 0xC6, 0x42,
    0xA6, 0x3A, 0xA6, 0x42, 0x65, 0x3A, 0xC6, 0x42, 0x47, 0x53, 0x68, 0x5B, 0x67, 0x5B, 0x68, 0x5B,
    0x47, 0x53, 0x27, 0x53, 0x89, 0x5B, 0xEB, 0x6B, 0xA9, 0x63, 0xA8, 0x63, 0xE9, 0x73, 0x09, 0x7C,
    0x0A, 0x7C, 0x2A, 0x7C, 0x4B, 0x8C, 0x6C, 0x8C, 0x68, 0x5B, 0x68, 0x5B, 0xCB, 0x73, 0x2D, 0x84,
    0x2D, 0x8C, 0x4D, 0x8C, 0x6D, 0x94, 0x8D, 0x94, 0x8D, 0x8C, 0x68, 0x63, 0x68, 0x5B, 0x88, 0x5B,
    0x88, 0x5B, 0xE9, 0x6B, 0xE8, 0x6B, 0xE8, 0x6B, 0x66, 0x53, 0x66, 0x53, 0xA8, 0x63, 0x87, 0x5B,
    0xC9, 0x6B, 0xC9, 0x6B, 0xC9, 0x6B, 0x88, 0x63, 0x26, 0x53, 0xA4, 0x42, 0x25, 0x53, 0x68, 0x5B,
    0x6E, 0x84, 0x74, 0xA5, 0x75, 0xA5, 0x55, 0xA5, 0x35, 0xA5, 0x15, 0x9D, 0x55, 0xA5, 0x33, 0x9D,
    0xCB, 0x6B, 0xE9, 0x6B, 0x08, 0x6C, 0xE8, 0x63, 0x87, 0x5B, 0x47, 0x53, 0x68, 0x53, 0x48, 0x53,
    0x06, 0x4B, 0x06, 0x4B, 0x47, 0x53, 0x26, 0x4B, 0x27, 0x4B, 0x06, 0x4B, 0x06, 0x4B, 0xA8, 0x63,
    0x2A, 0x74, 0xC8, 0x63, 0x68, 0x5B, 0x07, 0x43, 0xA6, 0x3A, 0xE6, 0x42, 0x88, 0x53, 0xEA, 0x63,
    0x48, 0x5B, 0x88, 0x63, 0x4B, 0x7C, 0x2A, 0x74, 0x27, 0x4B, 0xE9, 0x63, 0x4A, 0x74, 0x6B, 0x7C,
    0x2B, 0x74, 0xE9, 0x6B, 0x4A, 0x74, 0x89, 0x7C, 0xA9, 0x84, 0x48, 0x7C, 0x8B, 0x9C, 0x92, 0xD5,
    0x73, 0xDD, 0x53, 0xDD, 0x11, 0xD5, 0x11, 0xD5, 0x11, 0xD5, 0xF1, 0xD4, 0xF1, 0xD4, 0xB0, 0xCC,
    0x6F, 0xC4, 0x4F, 0xC4, 0x6F, 0xC4, 0xD0, 0xC4, 0x71, 0xCD, 0x50, 0xC5, 0x71, 0xC5, 0x51, 0xC5,
    0x50, 0xC5, 0x71, 0xC5, 0x71, 0xC5, 0x30, 0xBD, 0x50, 0xC5, 0x51, 0xC5, 0x51, 0xC5, 0x10, 0xBD,
    0x51, 0xC5, 0x51, 0xC5, 0x30, 0xBD, 0x10, 0xBD, 0x30, 0xBD, 0x10, 0xBD, 0x30, 0xBD, 0x30, 0xBD,
    0x0F, 0xBD, 0x0F, 0xBD, 0x30, 0xBD, 0x50, 0xC5, 0x50, 0xC5, 0x30, 0xBD, 0x50, 0xC5, 0x30, 0xBD,
    0x30, 0xBD, 0x30, 0xBD, 0x30, 0xBD, 0x50, 0xC5, 0x50, 0xC5, 0x50, 0xC5, 0x30, 0xC5, 0x50, 0xC5,
    0x50, 0xC5, 0x50, 0xC5, 0x30, 0xBD, 0x50, 0xC5, 0x71, 0xC5, 0x70, 0xC5, 0x50, 0xC5, 0x50, 0xC5,
    0x50, 0xC5, 0x50, 0xC5, 0x50, 0xC5, 0x50, 0xC5, 0x50, 0xC5, 0x51, 0xC5, 0x50, 0xC5, 0x30, 0xC5,
    0x51, 0xC5, 0x30, 0xC5, 0x30, 0xC5, 0x10, 0xC5, 0x2E, 0xBC, 0x0E, 0xBC, 0x0F, 0xC4, 0x0E, 0xC4,
    0x0F, 0xC4, 0x2F, 0xC4, 0x6F, 0xC4, 0x2F, 0xBC, 0x4F, 0xBC, 0x4F, 0xC4, 0xEE, 0xBB, 0x2F, 0xBC,
    0x70, 0xBC, 0x50, 0xBC, 0x90, 0xBC, 0x4E, 0xB4, 0x8B, 0xA3, 0xEC, 0xAB, 0x4E, 0xB4, 0x6E, 0xBC,
    0x2D, 0xB4, 0xEC, 0xAB, 0x89, 0x9B, 0x88, 0x9B, 0x68, 0x9B, 0x48, 0x93, 0x89, 0x93, 0xA9, 0x83,
    0xC8, 0x73, 0xC8, 0x6B, 0xA7, 0x63, 0x87, 0x5B, 0xC6, 0x63, 0x08, 0x6C, 0x28, 0x74, 0x28, 0x6C,
    0x08, 0x6C, 0x08, 0x6C, 0x28, 0x74, 0xC6, 0x63, 0xC6, 0x63, 0xE6, 0x6B, 0x07, 0x6C, 0x07, 0x6C,
    0x08, 0x7C, 0x4A, 0xAC, 0x2A, 0xBC, 0xC9, 0xAB, 0x0A, 0xB4, 0xE9, 0xB3, 0xE9, 0xB3, 0x4B, 0xBC,
    0x2A, 0xBC, 0xE9, 0xAB, 0x85, 0x82, 0x24, 0x72, 0xA6, 0x7A, 0x27, 0x8B, 0x88, 0xA3, 0xC9, 0xB3,
    0x2A, 0xBC, 0x4B, 0xBC, 0x2A, 0xBC, 0x0A, 0xBC, 0x09, 0xBC, 0x0A, 0xBC, 0x2A, 0xBC, 0x2A, 0xBC,
    0x4B, 0xBC, 0x6B, 0xBC, 0x2B, 0xBC, 0x0A, 0xB4, 0x4B, 0xBC, 0x6B, 0xBC, 0x6C, 0xC4, 0x2B, 0xBC,
    0xA9, 0xA3, 0x69, 0x93, 0x69, 0x8B, 0x47, 0x7B, 0xA7, 0x6B, 0xC5, 0x63, 0xC5, 0x63, 0x27, 0x6C,
    0x26, 0x6C, 0x26, 0x74, 0x28, 0x74, 0x4B, 0x84, 0x30, 0xA5, 0xB4, 0xB5, 0xB6, 0xBD, 0x75, 0xB5,
    0x55, 0xAD, 0x55, 0xAD, 0x34, 0xA5, 0xD0, 0x94, 0xEA, 0x73, 0x86, 0x63, 0xC6, 0x63, 0xE6, 0x6B,
    0xE6, 0x63, 0xC5, 0x63, 0x06, 0x64, 0xE6, 0x63, 0x64, 0x53, 0xC5, 0x5B, 0xE6, 0x63, 0xC6, 0x63,
    0xA6, 0x5B, 0xC6, 0x5B, 0xE7, 0x63, 0xA6, 0x5B, 0x45, 0x53, 0x65, 0x53, 0x86, 0x5B, 0x65, 0x53,
    0x86, 0x5B, 0xA6, 0x5B, 0xE7, 0x63, 0x07, 0x6C, 0x07, 0x6C, 0x28, 0x6C, 0x07, 0x6C, 0x27, 0x6C,
    0xC6, 0x63, 0xC6, 0x63, 0x28, 0x74, 0x08, 0x6C, 0xC7, 0x6B, 0xC7, 0x63, 0xE7, 0x6B, 0xE7, 0x6B,
    0xCA, 0x53, 0x88, 0x4B, 0x26, 0x43, 0x27, 0x43, 0x27, 0x43, 0x07, 0x43, 0xE8, 0x42, 0x48, 0x42,
    0x09, 0x4A, 0x29, 0x52, 0x6A, 0x62, 0x8A, 0x6A, 0xCB, 0x6A, 0xEA, 0x6A, 0x2A, 0x6B, 0xC7, 0x4A,
    0x06, 0x4B, 0x09, 0x6C, 0xC9, 0x63, 0xA8, 0x5B, 0x47, 0x53, 0x47, 0x53, 0x68, 0x53, 0x68, 0x53,
    0x68, 0x53, 0x47, 0x53, 0x07, 0x4B, 0x47, 0x53, 0x88, 0x5B, 0xC8, 0x63, 0x88, 0x5B, 0x68, 0x53,
    0x47, 0x4B, 0x27, 0x4B, 0x69, 0x5B, 0x89, 0x63, 0x88, 0x63, 0x67, 0x5B, 0xA8, 0x63, 0xE9, 0x73,
    0x09, 0x74, 0xE9, 0x73, 0x0A, 0x84, 0x2B, 0x7C, 0xE6, 0x4A, 0xA5, 0x42, 0xC8, 0x52, 0x8B, 0x73,
    0xCB, 0x7B, 0x0B, 0x84, 0x2B, 0x84, 0x2B, 0x8C, 0x4B, 0x8C, 0xA8, 0x6B, 0x87, 0x5B, 0xC8, 0x63,
    0xC8, 0x63, 0xA7, 0x63, 0xC7, 0x63, 0xC7, 0x63, 0xA6, 0x5B, 0xC7, 0x63, 0xA7, 0x63, 0xA7, 0x63,
    0xA8, 0x5B, 0xC8, 0x63, 0xE8, 0x63, 0xC8, 0x63, 0xC8, 0x63, 0x25, 0x4B, 0x64, 0x3A, 0x0D, 0x74,
    0x35, 0x9D, 0xF4, 0x94, 0xD4, 0x8C, 0x93, 0x84, 0xB4, 0x84, 0x93, 0x84, 0x72, 0x84, 0xF4, 0x94,
    0x33, 0x9D, 0xCA, 0x6B, 0xA7, 0x5B, 0xA7, 0x5B, 0x66, 0x53, 0x06, 0x4B, 0x27, 0x4B, 0xE6, 0x42,
    0x88, 0x5B, 0xA9, 0x63, 0x47, 0x53, 0x47, 0x53, 0x88, 0x53, 0x88, 0x5B, 0xC5, 0x42, 0x06, 0x4B,
    0x87, 0x5B, 0x46, 0x53, 0x27, 0x4B, 0x07, 0x43, 0xE7, 0x42, 0x07, 0x43, 0x68, 0x53, 0xA9, 0x5B,
    0x88, 0x5B, 0xC9, 0x63, 0xE9, 0x6B, 0x0A, 0x6C, 0x4B, 0x74, 0x2B, 0x6C, 0x4B, 0x74, 0x4B, 0x74,
    0xEA, 0x6B, 0xA9, 0x63, 0xCA, 0x63, 0x4A, 0x74, 0x8A, 0x7C, 0x28, 0x7C, 0x8C, 0x9C, 0x93, 0xD5,
    0x53, 0xDD, 0x32, 0xD5, 0x11, 0xD5, 0xF1, 0xD4, 0xF1, 0xD4, 0xF1, 0xD4, 0xD1, 0xD4, 0x70, 0xCC,
    0x6F, 0xC4, 0x90, 0xC4, 0x6F, 0xC4, 0xF0, 0xC4, 0x50, 0xC5, 0x30, 0xBD, 0x71, 0xC5, 0x71, 0xC5,
    0x50, 0xC5, 0x50, 0xC5, 0x50, 0xC5, 0xEF, 0xB4, 0x30, 0xBD, 0x30, 0xBD, 0x0F, 0xBD, 0xEF, 0xB4,
    0xEF, 0xB4, 0xEF, 0xB4, 0x30, 0xBD, 0x30, 0xBD, 0x30, 0xBD, 0x10, 0xBD, 0x51, 0xC5, 0x10, 0xBD,
    0x30, 0xBD, 0x0F, 0xBD, 0x0F, 0xBD, 0x30, 0xBD, 0x50, 0xC5, 0x50, 0xC5, 0x0F, 0xBD, 0x50, 0xC5,
    0x0F, 0xBD, 0x0F, 0xBD, 0x0F, 0xBD, 0x30, 0xC5, 0x30, 0xBD, 0x50, 0xC5, 0x71, 0xC5, 0x30, 0xC5,
    0x50, 0xC5, 0x30, 0xBD, 0x30, 0xC5, 0x50, 0xC5, 0x50, 0xC5, 0x2F, 0xBD, 0x0F, 0xBD, 0x50, 0xC5,
    0x50, 0xC5, 0x2F, 0xBD, 0x71, 0xC5, 0x50, 0xC5, 0x50, 0xC5, 0x30, 0xC5, 0x50, 0xC5, 0x30, 0xC5,
    0x30, 0xC5, 0x50, 0xC5, 0x50, 0xC5, 0x30, 0xC5, 0x8F, 0xC4, 0xEE, 0xBB, 0xEE, 0xBB, 0x0E, 0xBC,
    0x0E, 0xBC, 0x4F, 0xC4, 0x2F, 0xC4, 0x70, 0xC4, 0x2F, 0xBC, 0xEE, 0xB3, 0x0E, 0xBC, 0x2F, 0xBC,
    0x4F, 0xBC, 0x50, 0xBC, 0x90, 0xBC, 0x4E, 0xB4, 0x2E, 0xBC, 0xF1, 0xD4, 0x12, 0xD5, 0x12, 0xD5,
    0x12, 0xD5, 0x11, 0xCD, 0x0C, 0xAC, 0x69, 0x9B, 0x68, 0x9B, 0x28, 0x93, 0x28, 0x8B, 0x0B, 0xA4,
    0xAE, 0xB4, 0xCE, 0xB4, 0xAD, 0xA4, 0x8C, 0x9C, 0x8C, 0x94, 0x6B, 0x8C, 0x8B, 0x8C, 0x6A, 0x84,
    0x29, 0x7C, 0x49, 0x7C, 0x49, 0x7C, 0x07, 0x6C, 0xE6, 0x63, 0xA5, 0x5B, 0xA6, 0x63, 0xE6, 0x63,
    0xE7, 0x7B, 0x4A, 0xAC, 0x2A, 0xBC, 0xE9, 0xB3, 0x0A, 0xB4, 0xE9, 0xB3, 0xE9, 0xB3, 0x4B, 0xBC,
    0x2A, 0xBC, 0xA9, 0xAB, 0xC6, 0x8A, 0x25, 0x6A, 0x03, 0x5A, 0x87, 0x7B, 0x87, 0x83, 0x46, 0x83,
    0x67, 0x8B, 0xA8, 0xA3, 0xE9, 0xAB, 0x2A, 0xBC, 0x4A, 0xBC, 0x4A, 0xBC, 0x2A, 0xBC, 0x2A, 0xBC,
    0x4B, 0xBC, 0x4B, 0xBC, 0x2A, 0xBC, 0xEA, 0xB3, 0x4B, 0xBC, 0x6B, 0xBC, 0x6B, 0xC4, 0x2B, 0xBC,
    0x89, 0x9B, 0x68, 0x93, 0x68, 0x8B, 0x67, 0x7B, 0x86, 0x63, 0xA5, 0x5B, 0xE6, 0x63, 0x06, 0x6C,
    0xE5, 0x6B, 0xE7, 0x6B, 0x8D, 0x8C, 0xB4, 0xB5, 0xD6, 0xC5, 0x96, 0xBD, 0x35, 0xB5, 0xF5, 0xA4,
    0xF4, 0xA4, 0xD5, 0xA4, 0xD5, 0x9C, 0xB4, 0x94, 0xB3, 0x8C, 0x2D, 0x7C, 0xE8, 0x6B, 0x06, 0x6C,
    0xE5, 0x63, 0x06, 0x6C, 0x06, 0x6C, 0xC6, 0x63, 0x65, 0x53, 0x64, 0x53, 0x64, 0x53, 0x85, 0x5B,
    0x65, 0x53, 0x65, 0x53, 0xA6, 0x5B, 0xA6, 0x5B, 0x86, 0x53, 0x45, 0x53, 0x86, 0x5B, 0x86, 0x5B,
    0xC6, 0x5B, 0xC7, 0x63, 0xE7, 0x63, 0xE7, 0x63, 0x07, 0x6C, 0x07, 0x6C, 0xC6, 0x63, 0xE7, 0x6B,
    0xA7, 0x63, 0xC7, 0x63, 0xC8, 0x6B, 0xC7, 0x63, 0x87, 0x63, 0x86, 0x5B, 0xC7, 0x63, 0xC8, 0x63,
    0x88, 0x4B, 0x88, 0x4B, 0xC9, 0x5B, 0x88, 0x53, 0x27, 0x43, 0xC6, 0x3A, 0x65, 0x2A, 0xA7, 0x42,
    0xC9, 0x52, 0xC9, 0x52, 0x87, 0x52, 0xA8, 0x52, 0xC8, 0x52, 0xE8, 0x52, 0x48, 0x5B, 0x27, 0x4B,
    0xC5, 0x3A, 0x87, 0x53, 0x68, 0x53, 0x68, 0x53, 0x68, 0x53, 0x68, 0x53, 0xA8, 0x5B, 0xA8, 0x5B,
    0xA8, 0x5B, 0xC8, 0x5B, 0xC9, 0x63, 0xC9, 0x63, 0x88, 0x5B, 0xA8, 0x5B, 0x88, 0x53, 0x27, 0x4B,
    0xC6, 0x3A, 0x44, 0x2A, 0xC7, 0x42, 0x07, 0x4B, 0x85, 0x42, 0xC5, 0x4A, 0x47, 0x5B, 0x67, 0x5B,
    0x87, 0x63, 0xC8, 0x73, 0xE9, 0x7B, 0x88, 0x6B, 0xC5, 0x42, 0x23, 0x2A, 0xE3, 0x29, 0x87, 0x4A,
    0xE7, 0x5A, 0x28, 0x6B, 0x89, 0x73, 0xC9, 0x73, 0xA8, 0x73, 0x67, 0x5B, 0x66, 0x53, 0x87, 0x5B,
    0x87, 0x5B, 0xE8, 0x6B, 0x49, 0x74, 0x08, 0x6C, 0xC6, 0x63, 0xC6, 0x63, 0x86, 0x5B, 0x25, 0x53,
    0x66, 0x53, 0xE8, 0x63, 0xA6, 0x5B, 0xC7, 0x63, 0xA7, 0x63, 0x25, 0x53, 0xE7, 0x4A, 0xD2, 0x8C,
    0x74, 0x84, 0x73, 0x84, 0x93, 0x84, 0x74, 0x84, 0x93, 0x84, 0x72, 0x84, 0x72, 0x84, 0x72, 0x8C,
    0xF3, 0x9C, 0x4D, 0x84, 0xE5, 0x4A, 0x67, 0x53, 0xA8, 0x5B, 0x88, 0x5B, 0x47, 0x53, 0x68, 0x5B,
    0xE9, 0x6B, 0xA8, 0x5B, 0x67, 0x53, 0x47, 0x53, 0x67, 0x53, 0x88, 0x5B, 0xA9, 0x63, 0x06, 0x4B,
    0xC5, 0x42, 0x47, 0x53, 0x67, 0x53, 0x47, 0x4B, 0xE7, 0x42, 0x07, 0x43, 0x07, 0x4B, 0x06, 0x4B,
    0x67, 0x53, 0x27, 0x53, 0x68, 0x5B, 0x88, 0x5B, 0xC9, 0x63, 0xEA, 0x63, 0xC9, 0x63, 0xA9, 0x63,
    0x88, 0x5B, 0x89, 0x5B, 0x89, 0x5B, 0xEA, 0x63, 0x4A, 0x74, 0x6A, 0x7C, 0xAD, 0x9C, 0x93, 0xD5,
    0x53, 0xDD, 0x32, 0xD5, 0x32, 0xD5, 0x32, 0xD5, 0xD1, 0xCC, 0xF1, 0xD4, 0xB0, 0xCC, 0x6F, 0xC4,
    0x4F, 0xC4, 0x70, 0xC4, 0x0E, 0xBC, 0xAF, 0xBC, 0x71, 0xCD, 0x30, 0xBD, 0x30, 0xBD, 0x30, 0xBD,
    0xEF, 0xB4, 0x0F, 0xBD, 0x0F, 0xBD, 0x0F, 0xBD, 0x0F, 0xBD, 0xEF, 0xB4, 0xEF, 0xB4, 0x0F, 0xBD,
    0xEF, 0xB4, 0xCF, 0xB4, 0xEF, 0xB4, 0xEF, 0xB4, 0xEF, 0xB4, 0xEF, 0xB4, 0x0F, 0xBD, 0x0F, 0xBD,
    0xEF, 0xB4, 0x0F, 0xBD, 0xEF, 0xB4, 0xEF, 0xB4, 0x0F, 0xBD, 0x30, 0xBD, 0x30, 0xBD, 0x30, 0xBD,
    0x30, 0xBD, 0x0F, 0xBD, 0x2F, 0xBD, 0x30, 0xBD, 0x2F, 0xBD, 0x30, 0xBD, 0x30, 0xBD, 0x30, 0xC5,
    0x50, 0xC5, 0x50, 0xC5, 0x30, 0xC5, 0x30, 0xC5, 0x30, 0xBD, 0x30, 0xBD, 0x30, 0xC5, 0x50, 0xC5,
    0x50, 0xC5, 0x30, 0xC5, 0x30, 0xBD, 0x50, 0xC5, 0x30, 0xC5, 0x50, 0xC5, 0x50, 0xC5, 0x2F, 0xC5,
    0x30, 0xC5, 0x50, 0xC5, 0x30, 0xBD, 0x30, 0xC5, 0x6F, 0xBC, 0xCE, 0xBB, 0xCE, 0xBB, 0xCE, 0xBB,
    0xEE, 0xBB, 0xEE, 0xBB, 0x0E, 0xBC, 0x2F, 0xBC, 0x2F, 0xBC, 0x0E, 0xB4, 0x4F, 0xBC, 0x4F, 0xBC,
    0x4F, 0xBC, 0x4F, 0xBC, 0x4F, 0xBC, 0x4F, 0xB4, 0x2E, 0xBC, 0x90, 0xCC, 0xB1, 0xD4, 0xB1, 0xCC,
    0x70, 0xC4, 0x90, 0xC4, 0xD0, 0xCC, 0xCB, 0xAB, 0x48, 0x93, 0x07, 0x8B, 0xC6, 0x82, 0x68, 0x9B,
    0x0A, 0xB4, 0x0A, 0xB4, 0x4B, 0xB4, 0x8C, 0xBC, 0xAE, 0xBC, 0xEE, 0xC4, 0x0E, 0xBD, 0x0E, 0xBD,
    0xEE, 0xB4, 0xED, 0xAC, 0xAC, 0x9C, 0x6B, 0x94, 0x09, 0x84, 0xC7, 0x73, 0xE7, 0x6B, 0x08, 0x74,
    0x08, 0x84, 0x6A, 0xAC, 0x2A, 0xBC, 0xC9, 0xAB, 0x0A, 0xB4, 0xC9, 0xAB, 0xE9, 0xB3, 0x2A, 0xBC,
    0x2A, 0xBC, 0x88, 0xA3, 0xC6, 0x82, 0xA6, 0x7A, 0x65, 0x62, 0x08, 0x7C, 0x8A, 0x84, 0x89, 0x8C,
    0x28, 0x8C, 0xE8, 0x8B, 0x86, 0x8B, 0x66, 0x8B, 0x87, 0x9B, 0xE9, 0xAB, 0x2A, 0xBC, 0x4A, 0xBC,
    0x2A, 0xBC, 0x6B, 0xBC, 0x2A, 0xBC, 0x0A, 0xB4, 0x4B, 0xBC, 0x6B, 0xBC, 0x6B, 0xBC, 0x2B, 0xBC,
    0x88, 0x9B, 0x48, 0x8B, 0x68, 0x8B, 0x67, 0x7B, 0xC6, 0x6B, 0x06, 0x6C, 0x27, 0x6C, 0x27, 0x6C,
    0x06, 0x6C, 0x29, 0x7C, 0x52, 0xAD, 0xB6, 0xBD, 0x75, 0xBD, 0x75, 0xBD, 0x34, 0xB5, 0xF4, 0xA4,
    0xF4, 0xA4, 0xF4, 0xA4, 0xD4, 0x9C, 0x93, 0x94, 0x53, 0x84, 0x52, 0x84, 0x0C, 0x74, 0xC7, 0x63,
    0xA5, 0x5B, 0xA5, 0x5B, 0xA5, 0x5B, 0x65, 0x53, 0x24, 0x53, 0x64, 0x53, 0x85, 0x5B, 0x86, 0x5B,
    0x85, 0x53, 0x65, 0x53, 0x85, 0x53, 0x85, 0x5B, 0x04, 0x43, 0xE3, 0x42, 0x86, 0x5B, 0x65, 0x53,
    0xA6, 0x5B, 0xC6, 0x5B, 0xA6, 0x5B, 0xA6, 0x5B, 0xC6, 0x63, 0xE6, 0x63, 0xA6, 0x5B, 0xC7, 0x63,
    0xA7, 0x63, 0xA7, 0x63, 0xA7, 0x63, 0xC7, 0x63, 0xC7, 0x63, 0xC7, 0x63, 0xC7, 0x63, 0xA6, 0x5B,
    0xA8, 0x5B, 0xA8, 0x5B, 0x88, 0x53, 0x47, 0x4B, 0x27, 0x43, 0x48, 0x4B, 0x28, 0x4B, 0x89, 0x5B,
    0xAA, 0x5B, 0x48, 0x53, 0x47, 0x53, 0x48, 0x53, 0x48, 0x53, 0x27, 0x4B, 0x48, 0x53, 0x88, 0x53,
    0x67, 0x53, 0x67, 0x53, 0x26, 0x4B, 0x68, 0x53, 0x47, 0x53, 0x88, 0x53, 0x88, 0x53, 0x47, 0x53,
    0x27, 0x4B, 0x47, 0x4B, 0x88, 0x53, 0xA8, 0x5B, 0x06, 0x43, 0xE5, 0x42, 0x26, 0x4B, 0xA5, 0x3A,
    0x65, 0x2A, 0xE3, 0x21, 0x24, 0x2A, 0x86, 0x3A, 0x86, 0x42, 0xC5, 0x4A, 0xE5, 0x4A, 0x06, 0x53,
    0x06, 0x5B, 0x67, 0x63, 0x67, 0x63, 0x47, 0x5B, 0x27, 0x53, 0x07, 0x4B, 0x85, 0x3A, 0x24, 0x32,
    0x44, 0x42, 0x84, 0x4A, 0xC5, 0x52, 0xE5, 0x52, 0x26, 0x53, 0x67, 0x5B, 0x66, 0x5B, 0xA7, 0x63,
    0xE8, 0x6B, 0x08, 0x6C, 0xC7, 0x63, 0x65, 0x5B, 0xA6, 0x63, 0xA6, 0x63, 0xA6, 0x63, 0x26, 0x4B,
    0x87, 0x5B, 0x66, 0x53, 0xA7, 0x5B, 0xA7, 0x63, 0x66, 0x5B, 0xE5, 0x4A, 0xAC, 0x6B, 0x93, 0x84,
    0xF1, 0x6B, 0xF2, 0x6B, 0x12, 0x74, 0x12, 0x74, 0x52, 0x7C, 0x72, 0x84, 0x51, 0x84, 0x31, 0x84,
    0x71, 0x8C, 0x90, 0x8C, 0x27, 0x53, 0x26, 0x4B, 0x06, 0x4B, 0x47, 0x53, 0x47, 0x53, 0x68, 0x5B,
    0x68, 0x53, 0x27, 0x4B, 0x88, 0x5B, 0xC9, 0x63, 0xA8, 0x5B, 0x88, 0x5B, 0x68, 0x53, 0xA8, 0x5B,
    0x27, 0x4B, 0xC6, 0x42, 0xA5, 0x3A, 0xA5, 0x3A, 0xC6, 0x3A, 0xE7, 0x42, 0x68, 0x53, 0x88, 0x5B,
    0xA8, 0x63, 0x88, 0x5B, 0x68, 0x53, 0xA9, 0x5B, 0x27, 0x4B, 0x89, 0x5B, 0xEA, 0x6B, 0xE9, 0x6B,
    0xEA, 0x6B, 0x89, 0x5B, 0xE6, 0x42, 0x68, 0x53, 0xE9, 0x63, 0x4A, 0x74, 0x8C, 0x94, 0x93, 0xD5,
    0x53, 0xD5, 0xF0, 0xCC, 0xF1, 0xD4, 0xD0, 0xCC, 0x12, 0xD5, 0xD0, 0xCC, 0x6F, 0xC4, 0x6F, 0xC4,
    0x90, 0xCC, 0x2F, 0xBC, 0xED, 0xB3, 0xAF, 0xC4, 0x30, 0xC5, 0x2F, 0xBD, 0x30, 0xBD, 0x10, 0xBD,
    0x0F, 0xBD, 0x10, 0xBD, 0xEF, 0xB4, 0x10, 0xB5, 0x10, 0xBD, 0x10, 0xBD, 0x30, 0xBD, 0x10, 0xBD,
    0x30, 0xBD, 0x30, 0xBD, 0xEF, 0xB4, 0xEF, 0xB4, 0x0F, 0xB5, 0xEF, 0xB4, 0xEF, 0xB4, 0x30, 0xBD,
    0x0F, 0xBD, 0xCE, 0xB4, 0x0F, 0xBD, 0x30, 0xBD, 0x30, 0xBD, 0x0F, 0xBD, 0x0F, 0xBD, 0x0F, 0xBD,
    0x0F, 0xBD, 0xEF, 0xB4, 0x30, 0xBD, 0x30, 0xBD, 0x30, 0xBD, 0x30, 0xBD, 0x30, 0xBD, 0x30, 0xBD,
    0x30, 0xBD, 0x50, 0xC5, 0x30, 0xC5, 0x30, 0xBD, 0x50, 0xC5, 0x50, 0xC5, 0x30, 0xBD, 0x30, 0xBD,
    0x30, 0xC5, 0x50, 0xC5, 0x30, 0xC5, 0x50, 0xC5, 0x2F, 0xBD, 0x2F, 0xBD, 0x2F, 0xC5, 0x50, 0xC5,
    0x2F, 0xBD, 0x0F, 0xBD, 0x0F, 0xBD, 0xF0, 0xBC, 0x4E, 0xBC, 0xCE, 0xB3, 0xEE, 0xBB, 0xEE, 0xBB,
    0xCD, 0xB3, 0x0E, 0xBC, 0x2F, 0xBC, 0xEE, 0xB3, 0x0E, 0xB4, 0x2F, 0xBC, 0x0E, 0xB4, 0x0E, 0xB4,
    0x2F, 0xB4, 0x2E, 0xAC, 0x4F, 0xB4, 0x0E, 0xB4, 0x0D, 0xBC, 0xB0, 0xD4, 0xB1, 0xD4, 0x6F, 0xCC,
    0xED, 0xBB, 0xEE, 0xBB, 0x4F, 0xC4, 0x4E, 0xBC, 0x68, 0x93, 0x07, 0x8B, 0x27, 0x8B, 0x88, 0x9B,
    0xC9, 0xAB, 0xC8, 0xA3, 0x88, 0xA3, 0xA8, 0xA3, 0xC9, 0xAB, 0x0A, 0xAC, 0x2B, 0xB4, 0x6C, 0xBC,
    0xAD, 0xC4, 0xEE, 0xC4, 0x0F, 0xC5, 0x2F, 0xC5, 0x0F, 0xBD, 0x0E, 0xB5, 0xCC, 0xA4, 0x8C, 0x9C,
    0x6B, 0x9C, 0x4A, 0xB4, 0x09, 0xB4, 0xC9, 0xAB, 0x2A, 0xBC, 0xC9, 0xAB, 0xE9, 0xB3, 0x2A, 0xBC,
    0x0A, 0xB4, 0x88, 0xA3, 0xC6, 0x8A, 0xC7, 0x82, 0xA6, 0x6A, 0x49, 0x84, 0xAA, 0x84, 0x89, 0x7C,
    0x68, 0x7C, 0xA9, 0x84, 0x69, 0x84, 0x08, 0x7C, 0xC7, 0x83, 0x86, 0x83, 0x87, 0x8B, 0xC9, 0xA3,
    0x4B, 0xC4, 0x6B, 0xBC, 0x2A, 0xB4, 0x0A, 0xB4, 0x4B, 0xBC, 0x6B, 0xBC, 0x6C, 0xBC, 0x2B, 0xBC,
    0xA9, 0x9B, 0x68, 0x8B, 0x28, 0x8B, 0x67, 0x73, 0x07, 0x74, 0x27, 0x74, 0x27, 0x74, 0x27, 0x74,
    0x28, 0x74, 0xEE, 0x94, 0xB5, 0xBD, 0x55, 0xB5, 0x75, 0xB5, 0x14, 0xAD, 0xD3, 0xA4, 0xB3, 0x9C,
    0xD3, 0xA4, 0xD3, 0xA4, 0xB3, 0x9C, 0x73, 0x94, 0x12, 0x84, 0xF1, 0x7B, 0xEE, 0x73, 0xA8, 0x63,
    0x85, 0x5B, 0x85, 0x5B, 0x85, 0x5B, 0x85, 0x5B, 0x64, 0x53, 0x44, 0x53, 0x65, 0x53, 0x44, 0x53,
    0x65, 0x53, 0x85, 0x53, 0x86, 0x5B, 0x86, 0x5B, 0x65, 0x53, 0x86, 0x53, 0x86, 0x53, 0x45, 0x53,
    0xA6, 0x5B, 0xC6, 0x5B, 0xA6, 0x63, 0xC6, 0x63, 0xA6, 0x5B, 0xA6, 0x5B, 0x86, 0x5B, 0xA7, 0x5B,
    0x87, 0x5B, 0xC8, 0x63, 0xC7, 0x63, 0x86, 0x5B, 0x86, 0x5B, 0xC7, 0x63, 0xC7, 0x63, 0xC7, 0x63,
    0xE9, 0x63, 0xE9, 0x5B, 0x67, 0x4B, 0x06, 0x43, 0x47, 0x4B, 0x88, 0x53, 0x47, 0x4B, 0x07, 0x43,
    0x68, 0x53, 0x26, 0x4B, 0x47, 0x4B, 0x67, 0x53, 0xA8, 0x5B, 0x88, 0x53, 0x88, 0x53, 0xA8, 0x5B,
    0xC8, 0x63, 0xC8, 0x63, 0xC9, 0x5B, 0xC9, 0x5B, 0x88, 0x53, 0x67, 0x4B, 0x27, 0x43, 0xC5, 0x3A,
    0xC6, 0x3A, 0x47, 0x4B, 0x88, 0x53, 0x67, 0x4B, 0x67, 0x4B, 0x47, 0x4B, 0x68, 0x4B, 0xE6, 0x3A,
    0xA6, 0x3A, 0x86, 0x3A, 0x45, 0x32, 0xA3, 0x21, 0xA3, 0x21, 0x03, 0x32, 0x84, 0x42, 0x84, 0x42,
    0xA4, 0x4A, 0xA4, 0x4A, 0xC5, 0x4A, 0xE5, 0x42, 0xE6, 0x42, 0x27, 0x4B, 0x47, 0x4B, 0x27, 0x53,
    0x26, 0x53, 0x26, 0x53, 0x05, 0x4B, 0x67, 0x5B, 0xA7, 0x63, 0x66, 0x5B, 0x66, 0x5B, 0xA7, 0x63,
    0xE8, 0x6B, 0x08, 0x6C, 0xE8, 0x63, 0xC7, 0x5B, 0xA6, 0x5B, 0xC7, 0x63, 0x87, 0x5B, 0xE5, 0x42,
    0x25, 0x4B, 0x87, 0x5B, 0xA7, 0x63, 0x66, 0x5B, 0x67, 0x5B, 0x68, 0x5B, 0x2E, 0x74, 0xD1, 0x6B,
    0xD1, 0x6B, 0xD1, 0x6B, 0xB1, 0x63, 0xD0, 0x6B, 0x11, 0x74, 0x11, 0x74, 0x10, 0x7C, 0xCF, 0x73,
    0xF0, 0x7B, 0x70, 0x8C, 0xA6, 0x4A, 0x64, 0x3A, 0x44, 0x32, 0xC5, 0x3A, 0x47, 0x4B, 0x67, 0x53,
    0x07, 0x4B, 0xC6, 0x42, 0x27, 0x4B, 0x27, 0x4B, 0x67, 0x53, 0x27, 0x4B, 0xE6, 0x42, 0x27, 0x4B,
    0x48, 0x53, 0x07, 0x4B, 0x85, 0x3A, 0x85, 0x3A, 0xC5, 0x3A, 0x27, 0x4B, 0x47, 0x53, 0x87, 0x5B,
    0x09, 0x6C, 0xC9, 0x63, 0x67, 0x53, 0xA5, 0x3A, 0xE7, 0x42, 0x07, 0x4B, 0x88, 0x5B, 0xC9, 0x63,
    0xA9, 0x63, 0x89, 0x5B, 0xCA, 0x63, 0xAA, 0x5B, 0xA9, 0x63, 0xE9, 0x6B, 0x0A, 0x7C, 0x72, 0xCD,
    0x52, 0xD5, 0xF0, 0xCC, 0xF1, 0xD4, 0xB0, 0xCC, 0xD1, 0xCC, 0xB0, 0xCC, 0xB0, 0xCC, 0x90, 0xCC,
    0x70, 0xC4, 0xEE, 0xBB, 0xCD, 0xB3, 0x4E, 0xB4, 0x30, 0xBD, 0x0F, 0xBD, 0xEF, 0xB4, 0x30, 0xBD,
    0x10, 0xBD, 0x30, 0xBD, 0xEF, 0xB4, 0xEF, 0xB4, 0xEF, 0xB4, 0xCF, 0xAC, 0xEF, 0xB4, 0xAE, 0xAC,
    0xCF, 0xB4, 0xEF, 0xB4, 0xCF, 0xB4, 0xCF, 0xB4, 0x0F, 0xBD, 0xEF, 0xB4, 0xEF, 0xB4, 0xEF, 0xB4,
    0xEF, 0xB4, 0x10, 0xBD, 0xEF, 0xB4, 0x0F, 0xBD, 0x0F, 0xBD, 0x0F, 0xBD, 0xEF, 0xB4, 0x0F, 0xBD,
    0xEF, 0xB4, 0x0F, 0xBD, 0xEF, 0xB4, 0x0F, 0xBD, 0x30, 0xBD, 0x0F, 0xBD, 0x0F, 0xBD, 0x30, 0xBD,
    0x30, 0xBD, 0x50, 0xC5, 0x30, 0xBD, 0x0F, 0xBD, 0xEF, 0xB4, 0x10, 0xBD, 0x30, 0xC5, 0x30, 0xBD,
    0x0F, 0xBD, 0x0F, 0xBD, 0x0F, 0xBD, 0x0F, 0xBD, 0x2F, 0xBD, 0x2F, 0xBD, 0x2F, 0xBD, 0x50, 0xC5,
    0x2F, 0xBD, 0x2F, 0xBD, 0x30, 0xBD, 0xF0, 0xBC, 0x4E, 0xB4, 0xCD, 0xB3, 0xEE, 0xBB, 0xEE, 0xBB,
    0x0E, 0xBC, 0x0E, 0xBC, 0xEE, 0xB3, 0x0E, 0xBC, 0x0E, 0xB4, 0x0E, 0xB4, 0x2E, 0xB4, 0x2E, 0xB4,
    0x2F, 0xB4, 0x2E, 0xAC, 0x6F, 0xBC, 0xED, 0xB3, 0xED, 0xBB, 0x8F, 0xCC, 0xB0, 0xCC, 0xAC, 0xB3,
    0x67, 0x8A, 0x2A, 0xA3, 0x4B, 0xAB, 0x2D, 0xBC, 0x8A, 0x9B, 0x06, 0x8B, 0x07, 0x8B, 0x88, 0x9B,
    0xE9, 0xAB, 0xE9, 0xAB, 0xC9, 0xAB, 0xC9, 0xAB, 0xE9, 0xAB, 0xE9, 0xAB, 0xC9, 0xAB, 0xE9, 0xAB,
    0xE9, 0xAB, 0xE9, 0xAB, 0x2A, 0xB4, 0x4B, 0xB4, 0x8C, 0xBC, 0xCD, 0xC4, 0xEE, 0xCC, 0x0F, 0xC5,
    0xEE, 0xC4, 0x4B, 0xBC, 0x0A, 0xB4, 0xC9, 0xAB, 0x0A, 0xB4, 0xE9, 0xB3, 0xE9, 0xB3, 0x4A, 0xBC,
    0x2A, 0xBC, 0x68, 0xA3, 0xE6, 0x8A, 0x07, 0x8B, 0x07, 0x7B, 0x69, 0x84, 0x68, 0x7C, 0x68, 0x7C,
    0x68, 0x7C, 0x27, 0x74, 0x07, 0x6C, 0x07, 0x6C, 0xC7, 0x63, 0x86, 0x63, 0x86, 0x6B, 0xC8, 0x8B,
    0x6B, 0xBC, 0x4B, 0xBC, 0x0A, 0xB4, 0x0A, 0xB4, 0x4B, 0xBC, 0x6C, 0xBC, 0x6C, 0xC4, 0x0B, 0xB4,
    0x89, 0x9B, 0x69, 0x8B, 0x48, 0x8B, 0x88, 0x7B, 0x09, 0x74, 0x28, 0x74, 0x69, 0x7C, 0x49, 0x74,
    0x6A, 0x7C, 0x51, 0xA5, 0x54, 0xB5, 0xF3, 0xAC, 0xF3, 0xAC, 0xD3, 0xAC, 0xB2, 0x9C, 0xB3, 0xA4,
    0xD3, 0xA4, 0x92, 0x9C, 0x31, 0x8C, 0x11, 0x84, 0xF1, 0x83, 0xD1, 0x73, 0xD0, 0x73, 0xEB, 0x6B,
    0xE6, 0x63, 0xC6, 0x63, 0xA5, 0x5B, 0x85, 0x5B, 0x65, 0x5B, 0x44, 0x53, 0x44, 0x53, 0x44, 0x53,
    0x45, 0x53, 0x65, 0x53, 0x45, 0x53, 0x86, 0x5B, 0xA6, 0x5B, 0x65, 0x53, 0x45, 0x4B, 0xA6, 0x5B,
    0xA6, 0x63, 0x87, 0x5B, 0xC9, 0x73, 0xE9, 0x73, 0xA8, 0x63, 0x87, 0x5B, 0x66, 0x5B, 0xC7, 0x63,
    0xC8, 0x63, 0xE8, 0x6B, 0xC7, 0x63, 0xC7, 0x63, 0xC7, 0x63, 0xC7, 0x63, 0xE7, 0x6B, 0xE7, 0x6B,
    0xE9, 0x5B, 0xA8, 0x53, 0x06, 0x43, 0x47, 0x4B, 0xA8, 0x53, 0x67, 0x53, 0x67, 0x4B, 0x68, 0x53,
    0x47, 0x4B, 0x26, 0x43, 0x26, 0x4B, 0x47, 0x53, 0xA8, 0x5B, 0xA8, 0x5B, 0x67, 0x53, 0xA8, 0x5B,
    0x09, 0x6C, 0x2A, 0x6C, 0xA8, 0x5B, 0x06, 0x43, 0x67, 0x53, 0x68, 0x53, 0x27, 0x43, 0xE6, 0x3A,
    0xE6, 0x3A, 0x68, 0x4B, 0x88, 0x53, 0x06, 0x43, 0xA5, 0x3A, 0xA6, 0x3A, 0xE6, 0x42, 0xA6, 0x3A,
    0xA6, 0x3A, 0x68, 0x53, 0x26, 0x4B, 0xE6, 0x4A, 0xE6, 0x4A, 0xC5, 0x4A, 0x84, 0x42, 0x64, 0x3A,
    0xE5, 0x4A, 0xE5, 0x4A, 0xA4, 0x3A, 0xC5, 0x3A, 0xE5, 0x42, 0x26, 0x4B, 0x26, 0x4B, 0x46, 0x53,
    0x46, 0x53, 0x66, 0x5B, 0x86, 0x5B, 0x66, 0x5B, 0x46, 0x5B, 0xA7, 0x63, 0x87, 0x63, 0x45, 0x53,
    0xE7, 0x63, 0xA7, 0x5B, 0x87, 0x5B, 0x25, 0x4B, 0x25, 0x4B, 0x05, 0x43, 0xC5, 0x42, 0xC5, 0x42,
    0x26, 0x4B, 0xA8, 0x63, 0x67, 0x5B, 0x46, 0x53, 0x06, 0x4B, 0xC5, 0x42, 0x6C, 0x63, 0x6F, 0x63,
    0x70, 0x5B, 0xD1, 0x6B, 0xD0, 0x6B, 0xF1, 0x73, 0xF0, 0x73, 0xAF, 0x6B, 0xF0, 0x73, 0x8F, 0x6B,
    0xCF, 0x73, 0x6F, 0x84, 0x68, 0x63, 0x06, 0x53, 0xC6, 0x4A, 0x06, 0x4B, 0x06, 0x4B, 0x06, 0x4B,
    0x27, 0x4B, 0x27, 0x4B, 0x68, 0x53, 0x27, 0x4B, 0x06, 0x43, 0xE6, 0x42, 0x06, 0x43, 0x47, 0x4B,
    0x26, 0x4B, 0x27, 0x4B, 0x68, 0x53, 0x47, 0x4B, 0x88, 0x53, 0x88, 0x5B, 0x47, 0x53, 0xC9, 0x63,
    0xE9, 0x6B, 0x26, 0x53, 0x47, 0x53, 0x07, 0x43, 0xA6, 0x3A, 0xC6, 0x42, 0x07, 0x4B, 0x47, 0x53,
    0x07, 0x4B, 0x06, 0x4B, 0x88, 0x53, 0xAA, 0x5B, 0xA9, 0x5B, 0x67, 0x53, 0xC9, 0x6B, 0x52, 0xC5,
    0x52, 0xD5, 0xF1, 0xCC, 0xF1, 0xD4, 0x6F, 0xC4, 0xB0, 0xCC, 0xB0, 0xCC, 0x90, 0xC4, 0x4F, 0xBC,
    0x4F, 0xC4, 0x2F, 0xC4, 0x0E, 0xBC, 0x2E, 0xB4, 0x50, 0xC5, 0x30, 0xBD, 0xEF, 0xB4, 0x30, 0xBD,
    0xEF, 0xB4, 0xEF, 0xB4, 0xCF, 0xAC, 0xCF, 0xAC, 0xCF, 0xAC, 0xEF, 0xB4, 0xCF, 0xAC, 0xCF, 0xAC,
    0x0F, 0xB5, 0xEF, 0xB4, 0xEF, 0xB4, 0xAE, 0xAC, 0xEF, 0xB4, 0xEF, 0xB4, 0xCF, 0xB4, 0xCF, 0xB4,
    0xCF, 0xB4, 0xEF, 0xB4, 0xEF, 0xB4, 0x0F, 0xBD, 0xEF, 0xB4, 0xEF, 0xB4, 0xEF, 0xB4, 0xEF, 0xB4,
    0xEF, 0xB4, 0xEF, 0xB4, 0x30, 0xBD, 0xEF, 0xB4, 0x0F, 0xBD, 0x0F, 0xBD, 0xEF, 0xB4, 0x30, 0xBD,
    0x0F, 0xBD, 0x0F, 0xBD, 0xEF, 0xBC, 0x30, 0xBD, 0x10, 0xBD, 0x0F, 0xBD, 0x30, 0xBD, 0x0F, 0xBD,
    0x0F, 0xBD, 0x0F, 0xBD, 0x0F, 0xBD, 0x0F, 0xBD, 0x50, 0xC5, 0x2F, 0xBD, 0x2F, 0xBD, 0x2F, 0xBD,
    0x0F, 0xBD, 0x0F, 0xBD, 0xEF, 0xBC, 0xCF, 0xBC, 0x4E, 0xBC, 0x8C, 0xAB, 0xCE, 0xB3, 0xEE, 0xBB,
    0xEE, 0xBB, 0x0E, 0xBC, 0xEE, 0xB3, 0xCD, 0xB3, 0x0E, 0xB4, 0x0E, 0xB4, 0x0E, 0xB4, 0xEE, 0xAB,
    0x2E, 0xB4, 0x4F, 0xB4, 0x6F, 0xBC, 0x6B, 0xA3, 0xCD, 0xBB, 0x6F, 0xCC, 0x90, 0xCC, 0x4A, 0xA3,
    0x83, 0x71, 0x47, 0x92, 0x0A, 0xA3, 0xCC, 0xB3, 0xAB, 0xA3, 0xE6, 0x82, 0xC6, 0x82, 0x47, 0x93,
    0x88, 0x9B, 0x88, 0xA3, 0xA8, 0xA3, 0x88, 0xA3, 0xA8, 0xA3, 0xC8, 0xA3, 0xC9, 0xAB, 0xC9, 0xAB,
    0xE9, 0xAB, 0x09, 0xB4, 0x09, 0xB4, 0xE9, 0xB3, 0xE9, 0xB3, 0x09, 0xB4, 0x2A, 0xBC, 0x4B, 0xBC,
    0x4B, 0xBC, 0x29, 0xBC, 0x09, 0xB4, 0xA8, 0xAB, 0x0A, 0xB4, 0xE9, 0xB3, 0x09, 0xB4, 0x4A, 0xBC,
    0x0A, 0xB4, 0x68, 0xA3, 0x06, 0x93, 0x27, 0x93, 0x47, 0x83, 0x69, 0x84, 0x68, 0x74, 0x48, 0x74,
    0x28, 0x74, 0xE7, 0x6B, 0xA6, 0x63, 0xA6, 0x5B, 0x65, 0x53, 0x65, 0x53, 0x25, 0x53, 0xC7, 0x83,
    0x6B, 0xBC, 0x4A, 0xBC, 0x0A, 0xB4, 0x0A, 0xB4, 0x6B, 0xBC, 0x6C, 0xBC, 0x6C, 0xC4, 0x0B, 0xB4,
    0x68, 0x93, 0x48, 0x8B, 0x28, 0x83, 0x0A, 0x8C, 0x8B, 0x84, 0x8B, 0x84, 0xAB, 0x84, 0x6A, 0x7C,
    0x8C, 0x84, 0x52, 0xAD, 0xD3, 0xAC, 0x92, 0xA4, 0xB2, 0xAC, 0x71, 0x9C, 0x71, 0x94, 0xB2, 0x9C,
    0x72, 0x94, 0x11, 0x8C, 0x11, 0x8C, 0x11, 0x8C, 0xD0, 0x7B, 0xB0, 0x73, 0x90, 0x6B, 0xAC, 0x6B,
    0xE8, 0x6B, 0xE7, 0x6B, 0x07, 0x6C, 0xE7, 0x63, 0xC6, 0x63, 0xA6, 0x63, 0xA6, 0x5B, 0xA6, 0x63,
    0x86, 0x5B, 0x45, 0x53, 0x04, 0x4B, 0x45, 0x53, 0x45, 0x53, 0x24, 0x4B, 0x65, 0x53, 0x87, 0x63,
    0x0B, 0x7C, 0xF0, 0xA4, 0x73, 0xBD, 0x33, 0xBD, 0x12, 0xB5, 0x90, 0x9C, 0xAA, 0x73, 0x47, 0x5B,
    0xA7, 0x63, 0xE7, 0x63, 0xC7, 0x63, 0xC7, 0x63, 0xA7, 0x63, 0x86, 0x5B, 0x66, 0x53, 0x66, 0x5B,
    0x26, 0x43, 0xC5, 0x32, 0xA5, 0x32, 0x27, 0x43, 0x06, 0x43, 0x87, 0x53, 0x67, 0x53, 0x67, 0x53,
    0x67, 0x53, 0x67, 0x53, 0xC8, 0x63, 0xE9, 0x6B, 0x29, 0x74, 0x09, 0x6C, 0xE9, 0x63, 0x87, 0x53,
    0x88, 0x53, 0x06, 0x43, 0x06, 0x43, 0x67, 0x53, 0x47, 0x4B, 0x47, 0x4B, 0xE6, 0x3A, 0x06, 0x43,
    0xE6, 0x42, 0xC6, 0x3A, 0x47, 0x4B, 0xC5, 0x3A, 0xC7, 0x42, 0x0D, 0x7C, 0xD1, 0x9C, 0xAF, 0x94,
    0x69, 0x63, 0x26, 0x53, 0x46, 0x4B, 0x66, 0x53, 0x87, 0x5B, 0xA7, 0x5B, 0x87, 0x5B, 0x06, 0x4B,
    0x05, 0x4B, 0x46, 0x4B, 0xE5, 0x42, 0xE5, 0x42, 0x26, 0x4B, 0x06, 0x4B, 0x05, 0x43, 0x86, 0x53,
    0x67, 0x5B, 0x89, 0x6B, 0x4D, 0x8C, 0x0B, 0x84, 0x27, 0x5B, 0x26, 0x53, 0x66, 0x53, 0xA6, 0x5B,
    0xA7, 0x63, 0x87, 0x5B, 0x87, 0x53, 0x26, 0x4B, 0x06, 0x43, 0x06, 0x43, 0x26, 0x4B, 0x26, 0x4B,
    0x27, 0x53, 0x49, 0x5B, 0xAB, 0x73, 0xCD, 0x7B, 0xAC, 0x73, 0xC7, 0x52, 0xE9, 0x52, 0xED, 0x52,
    0xAC, 0x42, 0xEC, 0x4A, 0x4E, 0x5B, 0x6E, 0x63, 0x4E, 0x63, 0x6E, 0x63, 0x8E, 0x6B, 0x8E, 0x6B,
    0xAE, 0x73, 0x2D, 0x7C, 0xE9, 0x73, 0x87, 0x63, 0x26, 0x53, 0xEB, 0x6B, 0x2C, 0x7C, 0xE6, 0x4A,
    0xC5, 0x42, 0x05, 0x43, 0x67, 0x53, 0x47, 0x53, 0x07, 0x4B, 0x07, 0x4B, 0xC5, 0x42, 0x06, 0x43,
    0x27, 0x4B, 0x06, 0x43, 0x47, 0x53, 0x68, 0x5B, 0x27, 0x53, 0x06, 0x53, 0x46, 0x53, 0x47, 0x53,
    0x47, 0x53, 0x68, 0x5B, 0x47, 0x53, 0x68, 0x53, 0x07, 0x4B, 0x85, 0x3A, 0x64, 0x32, 0x65, 0x32,
    0xC6, 0x42, 0x27, 0x4B, 0x47, 0x4B, 0x67, 0x53, 0x48, 0x53, 0x47, 0x53, 0x47, 0x5B, 0xF0, 0xB4,
    0x32, 0xD5, 0xF0, 0xCC, 0xAF, 0xC4, 0xB0, 0xCC, 0x90, 0xCC, 0x6F, 0xC4, 0x4F, 0xBC, 0x2F, 0xBC,
    0x0F, 0xBC, 0x4F, 0xC4, 0xEE, 0xB3, 0x2E, 0xB4, 0x30, 0xC5, 0x0F, 0xBD, 0xEF, 0xB4, 0xCF, 0xB4,
    0xCF, 0xAC, 0xEF, 0xB4, 0xCF, 0xAC, 0xCF, 0xAC, 0xAE, 0xAC, 0x8E, 0xA4, 0x8E, 0xA4, 0xAE, 0xAC,
    0xCF, 0xAC, 0xAE, 0xAC, 0xCF, 0xAC, 0xEF, 0xB4, 0xEF, 0xB4, 0xCF, 0xAC, 0xEF, 0xB4, 0xEF, 0xB4,
    0xCF, 0xB4, 0xCF, 0xB4, 0xCF, 0xB4, 0xEF, 0xB4, 0xEF, 0xB4, 0x0F, 0xBD, 0xEF, 0xB4, 0xEF, 0xB4,
    0xCE, 0xB4, 0xEF, 0xB4, 0xEF, 0xB4, 0xEF, 0xB4, 0x0F, 0xBD, 0x0F, 0xBD, 0x0F, 0xBD, 0xEF, 0xB4,
    0x0F, 0xBD, 0x0F, 0xBD, 0x30, 0xBD, 0x0F, 0xBD, 0xEF, 0xB4, 0xEF, 0xBC, 0xEF, 0xB4, 0x0F, 0xBD,
    0x2F, 0xBD, 0x2F, 0xBD, 0x30, 0xBD, 0x2F, 0xBD, 0x0F, 0xBD, 0x0F, 0xBD, 0x0F, 0xBD, 0x0F, 0xBD,
    0x0F, 0xBD, 0xEF, 0xBC, 0xEF, 0xBC, 0xEF, 0xBC, 0x2E, 0xB4, 0xEE, 0xBB, 0xEE, 0xBB, 0xCD, 0xB3,
    0xEE, 0xB3, 0xCD, 0xB3, 0xCD, 0xB3, 0xEE, 0xB3, 0xED, 0xAB, 0xCD, 0xAB, 0xCD, 0xAB, 0x0E, 0xB4,
    0x2E, 0xB4, 0x4F, 0xB4, 0x2F, 0xB4, 0xEA, 0x92, 0xED, 0xBB, 0x70, 0xD4, 0x6F, 0xCC, 0xAB, 0xAB,
    0xA3, 0x79, 0x06, 0x8A, 0x0B, 0xB3, 0xAC, 0xB3, 0xCB, 0xA3, 0x07, 0x8B, 0x07, 0x8B, 0x68, 0x9B,
    0xA8, 0xA3, 0xA8, 0xA3, 0xA8, 0xA3, 0xA8, 0xA3, 0xA8, 0xA3, 0xA8, 0xA3, 0xA8, 0xA3, 0xA8, 0xA3,
    0xA8, 0xA3, 0xA8, 0xA3, 0xC8, 0xAB, 0xE9, 0xAB, 0xE9, 0xAB, 0xE9, 0xAB, 0x09, 0xB4, 0x09, 0xAC,
    0xC8, 0xAB, 0x29, 0xBC, 0x09, 0xB4, 0xA8, 0xAB, 0x0A, 0xB4, 0xC9, 0xAB, 0x09, 0xB4, 0x4A, 0xBC,
    0x0A, 0xB4, 0x88, 0xA3, 0x06, 0x93, 0x27, 0x9B, 0x68, 0x8B, 0x08, 0x84, 0xE7, 0x6B, 0x07, 0x6C,
    0x08, 0x6C, 0xA7, 0x5B, 0xC7, 0x5B, 0xA7, 0x5B, 0xC7, 0x5B, 0xC7, 0x5B, 0x86, 0x5B, 0xE8, 0x8B,
    0x6B, 0xBC, 0x4A, 0xBC, 0x0A, 0xB4, 0x0A, 0xB4, 0x4B, 0xBC, 0x6B, 0xBC, 0x8C, 0xC4, 0x0A, 0xAC,
    0x68, 0x93, 0x48, 0x8B, 0x48, 0x8B, 0xA8, 0x7B, 0x09, 0x74, 0x4A, 0x7C, 0x6A, 0x7C, 0x49, 0x7C,
    0x8D, 0x8C, 0x32, 0xAD, 0xB2, 0xA4, 0x71, 0xA4, 0x50, 0x9C, 0x71, 0x9C, 0xB2, 0xA4, 0x51, 0x94,
    0x10, 0x8C, 0x11, 0x8C, 0x11, 0x8C, 0xD0, 0x83, 0x6F, 0x73, 0x6F, 0x73, 0x0D, 0x5B, 0x4B, 0x63,
    0x88, 0x63, 0xC7, 0x6B, 0x07, 0x6C, 0xA6, 0x63, 0xA6, 0x5B, 0xE7, 0x63, 0xC7, 0x63, 0xC7, 0x63,
    0xA6, 0x5B, 0x86, 0x5B, 0x65, 0x53, 0x65, 0x53, 0x45, 0x53, 0x65, 0x5B, 0x66, 0x63, 0x6D, 0x94,
    0x94, 0xCD, 0x96, 0xD5, 0x75, 0xD5, 0x55, 0xD5, 0x15, 0xCD, 0xF4, 0xBC, 0xD3, 0xB4, 0x2D, 0x8C,
    0xA8, 0x6B, 0x86, 0x5B, 0x66, 0x53, 0x46, 0x4B, 0x46, 0x4B, 0x87, 0x5B, 0x87, 0x5B, 0xA7, 0x5B,
    0x26, 0x43, 0x06, 0x43, 0x26, 0x43, 0x06, 0x43, 0x47, 0x4B, 0x67, 0x53, 0x26, 0x4B, 0xE5, 0x42,
    0x26, 0x4B, 0xA8, 0x63, 0xA8, 0x63, 0xC9, 0x73, 0x2A, 0x84, 0xA8, 0x6B, 0x26, 0x53, 0xE6, 0x42,
    0x06, 0x43, 0xE6, 0x42, 0x67, 0x53, 0x67, 0x53, 0xC6, 0x3A, 0x06, 0x43, 0x06, 0x43, 0x26, 0x43,
    0x67, 0x53, 0xE6, 0x42, 0x06, 0x43, 0x68, 0x53, 0xB0, 0x94, 0xB6, 0xC5, 0x96, 0xCD, 0x95, 0xCD,
    0x93, 0xBD, 0xEA, 0x73, 0x46, 0x5B, 0x87, 0x5B, 0x45, 0x4B, 0x66, 0x53, 0xA7, 0x5B, 0x66, 0x5B,
    0x46, 0x53, 0x26, 0x4B, 0xE5, 0x42, 0x05, 0x43, 0x46, 0x4B, 0x46, 0x53, 0x86, 0x53, 0xA6, 0x5B,
    0x89, 0x6B, 0x90, 0x9C, 0xD3, 0xBC, 0xF2, 0xB4, 0x0C, 0x84, 0x67, 0x5B, 0xA7, 0x5B, 0xA7, 0x5B,
    0x66, 0x53, 0x67, 0x53, 0x27, 0x4B, 0x06, 0x4B, 0xC6, 0x3A, 0xE6, 0x42, 0x47, 0x4B, 0x68, 0x5B,
    0x0E, 0x7C, 0x72, 0x94, 0x94, 0xA4, 0x94, 0xAC, 0xB3, 0xAC, 0x50, 0x9C, 0xEA, 0x5A, 0x08, 0x32,
    0x4D, 0x5B, 0x30, 0x7C, 0xEF, 0x73, 0x4D, 0x63, 0x4D, 0x5B, 0x0D, 0x5B, 0x0C, 0x5B, 0x0C, 0x5B,
    0x6C, 0x63, 0xAA, 0x6B, 0x66, 0x63, 0x66, 0x5B, 0x0B, 0x74, 0xB3, 0xB5, 0x35, 0xC6, 0x8D, 0x8C,
    0x26, 0x53, 0x46, 0x53, 0x67, 0x53, 0x26, 0x4B, 0x07, 0x4B, 0x07, 0x4B, 0xC5, 0x42, 0xC5, 0x42,
    0x07, 0x43, 0x27, 0x4B, 0x07, 0x4B, 0x47, 0x53, 0x06, 0x53, 0x47, 0x53, 0x88, 0x63, 0xE6, 0x4A,
    0xE5, 0x42, 0x26, 0x4B, 0xA4, 0x3A, 0xA4, 0x3A, 0x47, 0x53, 0x47, 0x4B, 0x27, 0x4B, 0xC6, 0x42,
    0xE6, 0x42, 0x07, 0x4B, 0xE6, 0x42, 0x47, 0x4B, 0x47, 0x53, 0x67, 0x53, 0xE6, 0x4A, 0x6D, 0x9C,
    0x52, 0xD5, 0xF1, 0xD4, 0xD0, 0xCC, 0xD0, 0xCC, 0xD1, 0xCC, 0x6F, 0xC4, 0x4F, 0xBC, 0x0E, 0xBC,
    0xCD, 0xB3, 0xEE, 0xB3, 0x8C, 0xAB, 0x0D, 0xAC, 0x10, 0xBD, 0xEE, 0xB4, 0x8D, 0xA4, 0xAE, 0xAC,
    0xCE, 0xAC, 0xAE, 0xAC, 0xAE, 0xAC, 0xAE, 0xAC, 0x8E, 0xA4, 0x8E, 0xA4, 0xCF, 0xAC, 0xAE, 0xAC,
    0xAE, 0xAC, 0xAE, 0xAC, 0xAE, 0xAC, 0xAE, 0xAC, 0xCF, 0xAC, 0xCF, 0xAC, 0xAE, 0xAC, 0x6D, 0xA4,
    0x8E, 0xAC, 0xAE, 0xAC, 0xAE, 0xAC, 0x8D, 0xAC, 0x8D, 0xAC, 0xAE, 0xAC, 0xCE, 0xB4, 0xEF, 0xB4,
    0xCE, 0xB4, 0xCE, 0xB4, 0xCE, 0xB4, 0xCE, 0xB4, 0xCE, 0xB4, 0xCE, 0xB4, 0xCE, 0xB4, 0xAE, 0xAC,
    0x0F, 0xBD, 0xEF, 0xB4, 0xEF, 0xB4, 0xCE, 0xB4, 0xCF, 0xB4, 0xCF, 0xB4, 0xEF, 0xB4, 0x0F, 0xBD,
    0x0F, 0xBD, 0x0F, 0xBD, 0xCE, 0xB4, 0xEF, 0xBC, 0x0F, 0xBD, 0xEF, 0xBC, 0xEE, 0xB4, 0x0F, 0xBD,
    0x2F, 0xBD, 0x0F, 0xBD, 0xEF, 0xBC, 0x8E, 0xB4, 0x0D, 0xB4, 0xCD, 0xB3, 0xEE, 0xBB, 0xEE, 0xB3,
    0xAD, 0xB3, 0xAD, 0xB3, 0xAD, 0xAB, 0xAD, 0xAB, 0xED, 0xAB, 0x2E, 0xB4, 0xCD, 0xAB, 0xED, 0xAB,
    0x0E, 0xAC, 0x4F, 0xB4, 0x0E, 0xAC, 0xA9, 0x8A, 0xCD, 0xBB, 0x4F, 0xCC, 0x6F, 0xCC, 0xCC, 0xBB,
    0xC4, 0x81, 0x47, 0x9A, 0x2A, 0xB3, 0xAC, 0xB3, 0xAB, 0xA3, 0xA6, 0x7A, 0x85, 0x7A, 0x27, 0x8B,
    0x67, 0x93, 0x87, 0x9B, 0x88, 0x9B, 0xA8, 0xA3, 0xC8, 0xA3, 0xC8, 0xA3, 0xC8, 0xA3, 0xC8, 0xAB,
    0xE9, 0xAB, 0xC9, 0xAB, 0xC9, 0xAB, 0xC8, 0xAB, 0xA8, 0xA3, 0xA8, 0xA3, 0xC8, 0xAB, 0xC9, 0xAB,
    0xC8, 0xAB, 0x29, 0xBC, 0xE9, 0xB3, 0xC8, 0xAB, 0x09, 0xB4, 0xC8, 0xAB, 0x09, 0xB4, 0x4A, 0xBC,
    0x2A, 0xBC, 0x68, 0xA3, 0xA8, 0xAB, 0x8C, 0xC4, 0x8C, 0xBC, 0x8C, 0xAC, 0x6B, 0x9C, 0x2A, 0x8C,
    0x26, 0x5B, 0xA4, 0x42, 0x66, 0x53, 0x87, 0x53, 0x87, 0x53, 0xA7, 0x63, 0x87, 0x63, 0x09, 0x94,
    0x6B, 0xBC, 0x4B, 0xBC, 0x0A, 0xB4, 0x0A, 0xB4, 0x4B, 0xBC, 0x4B, 0xBC, 0x6C, 0xBC, 0xEA, 0xAB,
    0x68, 0x93, 0x68, 0x8B, 0x48, 0x8B, 0xA8, 0x7B, 0xE8, 0x73, 0xC7, 0x6B, 0xE8, 0x6B, 0xE7, 0x6B,
    0x2B, 0x7C, 0xF1, 0xA4, 0xB1, 0xA4, 0x91, 0xA4, 0x0F, 0x94, 0x30, 0x9C, 0x30, 0x94, 0x10, 0x8C,
    0xF0, 0x8B, 0xCF, 0x83, 0xB0, 0x83, 0x4E, 0x73, 0x4E, 0x73, 0xAF, 0x7B, 0x71, 0x8C, 0xF1, 0x9C,
    0x10, 0x9D, 0xCE, 0x94, 0x4A, 0x74, 0x08, 0x6C, 0x69, 0x7C, 0x8A, 0x7C, 0x8A, 0x7C, 0x49, 0x74,
    0xE7, 0x6B, 0x27, 0x6C, 0x07, 0x6C, 0x07, 0x6C, 0x27, 0x6C, 0xA7, 0x6B, 0x4D, 0x8C, 0xB5, 0xCD,
    0x75, 0xD5, 0x34, 0xCD, 0x34, 0xD5, 0xF3, 0xC4, 0x92, 0xBC, 0x72, 0xB4, 0x93, 0xB4, 0xB2, 0xAC,
    0xEC, 0x83, 0x67, 0x5B, 0x46, 0x53, 0x66, 0x4B, 0x87, 0x53, 0x87, 0x53, 0x46, 0x4B, 0x46, 0x53,
    0x46, 0x4B, 0x26, 0x4B, 0x67, 0x53, 0xE5, 0x42, 0x46, 0x4B, 0x87, 0x53, 0x47, 0x4B, 0x26, 0x4B,
    0x66, 0x53, 0xC9, 0x6B, 0x2B, 0x8C, 0x4C, 0xA4, 0x2C, 0xAC, 0x2C, 0xA4, 0xA9, 0x73, 0xE6, 0x4A,
    0xE6, 0x42, 0x27, 0x4B, 0x67, 0x53, 0x47, 0x4B, 0x06, 0x43, 0x06, 0x43, 0xE5, 0x3A, 0x67, 0x4B,
    0x67, 0x4B, 0x87, 0x53, 0x06, 0x43, 0xAA, 0x63, 0x13, 0xA5, 0x14, 0xB5, 0x13, 0xBD, 0x13, 0xBD,
    0x73, 0xC5, 0xF0, 0xA4, 0x47, 0x5B, 0x67, 0x5B, 0xA7, 0x5B, 0xC7, 0x63, 0xE7, 0x6B, 0xE8, 0x6B,
    0xE8, 0x6B, 0xA7, 0x5B, 0x66, 0x53, 0x46, 0x4B, 0x46, 0x53, 0x66, 0x53, 0x65, 0x53, 0xA7, 0x5B,
    0x8A, 0x73, 0xEF, 0x9B, 0x10, 0xAC, 0x31, 0xAC, 0x4E, 0x94, 0x87, 0x63, 0x66, 0x53, 0x86, 0x5B,
    0x87, 0x5B, 0x47, 0x53, 0x27, 0x4B, 0x26, 0x4B, 0xC6, 0x3A, 0xE6, 0x3A, 0xE7, 0x42, 0xCD, 0x73,
    0x32, 0x94, 0xD2, 0x8B, 0xF2, 0x93, 0xD1, 0x93, 0xB1, 0x93, 0xF1, 0x9B, 0x30, 0x94, 0x90, 0x94,
    0x93, 0xAD, 0x72, 0xAD, 0x73, 0xAD, 0x2F, 0x84, 0x8A, 0x42, 0xCB, 0x4A, 0xAA, 0x4A, 0xA9, 0x4A,
    0x29, 0x5B, 0xC9, 0x6B, 0xA7, 0x63, 0x67, 0x5B, 0xEA, 0x73, 0x11, 0xA5, 0x72, 0xB5, 0x4D, 0x8C,
    0xA4, 0x42, 0x66, 0x53, 0x66, 0x53, 0xC5, 0x3A, 0x85, 0x3A, 0x84, 0x3A, 0x43, 0x32, 0xC5, 0x42,
    0xE6, 0x42, 0xE6, 0x42, 0x07, 0x4B, 0xA5, 0x42, 0x85, 0x42, 0xE6, 0x4A, 0x06, 0x4B, 0xC5, 0x42,
    0xC6, 0x42, 0x27, 0x4B, 0x47, 0x4B, 0xA5, 0x3A, 0xA5, 0x3A, 0xA5, 0x3A, 0x26, 0x4B, 0xC9, 0x5B,
    0x07, 0x4B, 0xE6, 0x42, 0x27, 0x43, 0x06, 0x43, 0x26, 0x4B, 0x26, 0x43, 0xC5, 0x4A, 0x0B, 0x8C,
    0x11, 0xCD, 0x8F, 0xC4, 0x8F, 0xC4, 0x6F, 0xBC, 0x70, 0xC4, 0x2F, 0xBC, 0x2E, 0xB4, 0x4F, 0xBC,
    0x2E, 0xBC, 0xAD, 0xAB, 0x6C, 0xA3, 0xCD, 0xA3, 0x6D, 0xAC, 0x6C, 0xA4, 0x8E, 0xA4, 0x6D, 0xA4,
    0x4D, 0x9C, 0x8E, 0xA4, 0x8E, 0xA4, 0x4D, 0x9C, 0x6D, 0xA4, 0xAE, 0xA4, 0x8E, 0xA4, 0x8E, 0xA4,
    0xAE, 0xAC, 0xAE, 0xAC, 0x6D, 0xA4, 0x6D, 0xA4, 0x8E, 0xA4, 0x8E, 0xAC, 0xAE, 0xAC, 0xCF, 0xAC,
    0xAE, 0xAC, 0xAE, 0xAC, 0x8E, 0xA4, 0xAD, 0xAC, 0xAE, 0xAC, 0xAE, 0xAC, 0xAE, 0xAC, 0xCE, 0xAC,
    0xEF, 0xB4, 0xCF, 0xB4, 0xAE, 0xAC, 0xAE, 0xAC, 0xEF, 0xB4, 0xEF, 0xB4, 0xCE, 0xB4, 0xAE, 0xAC,
    0xEF, 0xB4, 0xCE, 0xB4, 0xCE, 0xB4, 0xEF, 0xB4, 0xEF, 0xB4, 0xEF, 0xB4, 0xAE, 0xAC, 0xAE, 0xB4,
    0x8D, 0xAC, 0xCE, 0xB4, 0xEF, 0xB4, 0xCE, 0xB4, 0xEE, 0xB4, 0xEF, 0xBC, 0xCE, 0xB4, 0xAE, 0xB4,
    0xEF, 0xB4, 0x0F, 0xBD, 0xCF, 0xB4, 0x6E, 0xB4, 0xCD, 0xAB, 0x6C, 0xAB, 0x8D, 0xAB, 0xAD, 0xB3,
    0xEE, 0xB3, 0xEE, 0xB3, 0xAD, 0xAB, 0xAC, 0xAB, 0xCD, 0xAB, 0xED, 0xAB, 0xED, 0xAB, 0xED, 0xA3,
    0x0E, 0xAC, 0x6F, 0xB4, 0x2E, 0xAC, 0x87, 0x82, 0x4B, 0xAB, 0x0E, 0xC4, 0x4F, 0xCC, 0xCD, 0xBB,
    0x06, 0x8A, 0xE9, 0xAA, 0x0A, 0xB3, 0x6B, 0xAB, 0x6A, 0x9B, 0x65, 0x72, 0x02, 0x5A, 0x05, 0x73,
    0x05, 0x73, 0xE5, 0x72, 0xE5, 0x7A, 0x06, 0x83, 0x46, 0x8B, 0x87, 0x93, 0x87, 0x9B, 0xA8, 0xA3,
    0xC8, 0xA3, 0xC8, 0xA3, 0xC9, 0xAB, 0xE9, 0xAB, 0xE9, 0xAB, 0xC8, 0xA3, 0xC8, 0xA3, 0xA8, 0xA3,
    0xA7, 0xA3, 0x29, 0xBC, 0xE9, 0xB3, 0xE9, 0xAB, 0x2A, 0xB4, 0xC9, 0xAB, 0x09, 0xB4, 0x6A, 0xBC,
    0x4A, 0xBC, 0x47, 0xA3, 0xA8, 0xAB, 0xAC, 0xCC, 0xCC, 0xCC, 0xED, 0xCC, 0xED, 0xC4, 0xEE, 0xBC,
    0xAD, 0xAC, 0x4B, 0x94, 0xE9, 0x7B, 0x47, 0x5B, 0x06, 0x53, 0x47, 0x5B, 0x06, 0x5B, 0x09, 0x94,
    0x6B, 0xBC, 0x4B, 0xBC, 0x0A, 0xB4, 0x0A, 0xB4, 0x4B, 0xBC, 0x4B, 0xBC, 0x6B, 0xBC, 0xEA, 0xAB,
    0x69, 0x93, 0x69, 0x8B, 0x68, 0x8B, 0xE9, 0x83, 0x29, 0x7C, 0x09, 0x74, 0xC8, 0x6B, 0xA7, 0x63,
    0xE9, 0x73, 0xAF, 0x94, 0x2F, 0x94, 0x2F, 0x94, 0x0F, 0x94, 0x50, 0x9C, 0x2F, 0x94, 0xAE, 0x83,
    0x6D, 0x7B, 0x4E, 0x73, 0x4E, 0x73, 0x2D, 0x73, 0x0F, 0x8C, 0xF5, 0xC5, 0x56, 0xCE, 0x15, 0xC6,
    0xD4, 0xBD, 0xB3, 0xB5, 0x51, 0xA5, 0xAC, 0x84, 0xAB, 0x84, 0x8A, 0x7C, 0x8A, 0x7C, 0xAB, 0x84,
    0xEB, 0x8C, 0xEB, 0x8C, 0x69, 0x7C, 0x28, 0x74, 0xAA, 0x84, 0xAC, 0x94, 0x94, 0xCD, 0x95, 0xD5,
    0x34, 0xD5, 0x13, 0xCD, 0xF3, 0xCC, 0xB2, 0xC4, 0x92, 0xBC, 0x92, 0xBC, 0x51, 0xAC, 0x10, 0xA4,
    0x2F, 0x94, 0xCA, 0x73, 0xC7, 0x5B, 0xC7, 0x5B, 0xC7, 0x5B, 0xA7, 0x5B, 0xA7, 0x5B, 0x67, 0x53,
    0xA7, 0x5B, 0xA7, 0x5B, 0xA7, 0x5B, 0xC7, 0x5B, 0xC7, 0x5B, 0xA7, 0x53, 0xA7, 0x5B, 0xA7, 0x63,
    0x08, 0x6C, 0xC9, 0x73, 0xEB, 0x9B, 0xAA, 0xA3, 0x69, 0xA3, 0xCA, 0xAB, 0xEA, 0x9B, 0xE6, 0x52,
    0xC5, 0x42, 0x46, 0x4B, 0x46, 0x4B, 0x46, 0x4B, 0x67, 0x53, 0x67, 0x53, 0x87, 0x53, 0xA7, 0x5B,
    0x46, 0x4B, 0xE5, 0x42, 0x06, 0x43, 0x8B, 0x63, 0x92, 0x9C, 0xB2, 0xAC, 0xB2, 0xAC, 0xF2, 0xBC,
    0xF2, 0xBC, 0xAF, 0xA4, 0x27, 0x5B, 0x46, 0x53, 0xE4, 0x42, 0x65, 0x53, 0xA7, 0x63, 0x86, 0x5B,
    0xA6, 0x63, 0x86, 0x5B, 0x66, 0x53, 0x87, 0x53, 0x86, 0x53, 0xC7, 0x63, 0x86, 0x5B, 0x66, 0x53,
    0xE7, 0x52, 0xE9, 0x6A, 0x6D, 0x93, 0xCD, 0x9B, 0xAA, 0x83, 0x87, 0x63, 0x26, 0x53, 0x46, 0x53,
    0xA8, 0x5B, 0xA8, 0x5B, 0x68, 0x53, 0x27, 0x4B, 0x27, 0x4B, 0x06, 0x43, 0x49, 0x5B, 0xCF, 0x7B,
    0x50, 0x7B, 0x50, 0x83, 0x4F, 0x83, 0x70, 0x8B, 0x70, 0x8B, 0x90, 0x93, 0xD0, 0x93, 0xB1, 0x9C,
    0xAE, 0x94, 0x8E, 0x94, 0xAE, 0x9C, 0xCF, 0x9C, 0xA8, 0x4A, 0xC6, 0x29, 0xC5, 0x29, 0x25, 0x32,
    0xC6, 0x4A, 0x26, 0x53, 0x05, 0x53, 0x27, 0x53, 0xE6, 0x52, 0x49, 0x63, 0xAA, 0x7B, 0x67, 0x6B,
    0xC4, 0x4A, 0x05, 0x4B, 0x67, 0x53, 0x06, 0x43, 0x06, 0x43, 0x06, 0x4B, 0xC5, 0x42, 0x84, 0x32,
    0x26, 0x4B, 0x07, 0x4B, 0x07, 0x4B, 0xE6, 0x4A, 0xE7, 0x4A, 0xC6, 0x4A, 0x85, 0x3A, 0x03, 0x2A,
    0x24, 0x32, 0x85, 0x3A, 0xC5, 0x3A, 0xE6, 0x42, 0x06, 0x4B, 0xC5, 0x42, 0x84, 0x32, 0x06, 0x43,
    0x48, 0x53, 0xA5, 0x3A, 0x07, 0x43, 0xE6, 0x42, 0xE6, 0x42, 0x06, 0x43, 0x85, 0x42, 0x89, 0x7B,
    0x31, 0xCD, 0xD0, 0xCC, 0xB0, 0xCC, 0x6F, 0xBC, 0xD0, 0xCC, 0x6F, 0xBC, 0x2E, 0xB4, 0x2E, 0xBC,
    0xAC, 0xAB, 0x8C, 0xA3, 0x4B, 0xA3, 0x6B, 0x9B, 0xEC, 0x9B, 0xAE, 0xAC, 0xAE, 0xA4, 0xAE, 0xA4,
    0xCE, 0xAC, 0x8D, 0xA4, 0x6D, 0x9C, 0x6D, 0x9C, 0x4D, 0x9C, 0x6E, 0xA4, 0x6D, 0xA4, 0x8D, 0xA4,
    0x8D, 0xA4, 0x8E, 0xA4, 0x8E, 0xA4, 0xAE, 0xAC, 0x6D, 0xA4, 0x6D, 0xA4, 0x6D, 0xA4, 0x8E, 0xAC,
    0xAE, 0xAC, 0x8E, 0xA4, 0xCE, 0xAC, 0xAE, 0xAC, 0xAE, 0xAC, 0x8E, 0xAC, 0x8E, 0xAC, 0xAE, 0xAC,
    0xAE, 0xAC, 0xAE, 0xAC, 0x8D, 0xAC, 0xAE, 0xAC, 0xCE, 0xB4, 0xAE, 0xAC, 0xCE, 0xB4, 0xAE, 0xAC,
    0xAE, 0xAC, 0xCE, 0xB4, 0xCE, 0xB4, 0xEF, 0xB4, 0xEF, 0xB4, 0xCE, 0xB4, 0xAE, 0xAC, 0xAD, 0xAC,
    0xAE, 0xB4, 0xCE, 0xB4, 0xCE, 0xB4, 0xCE, 0xB4, 0xAE, 0xAC, 0xCE, 0xB4, 0xAE, 0xB4, 0xAE, 0xB4,
    0xCE, 0xB4, 0xCE, 0xB4, 0xEF, 0xBC, 0x2E, 0xAC, 0xCD, 0xAB, 0x8C, 0xAB, 0x8C, 0xAB, 0xAD, 0xAB,
    0xEE, 0xB3, 0xCE, 0xAB, 0xAD, 0xAB, 0xAD, 0xAB, 0xAC, 0xA3, 0xAD, 0xA3, 0xED, 0xAB, 0xAC, 0x9B,
    0xED, 0xA3, 0x2E, 0xAC, 0x6F, 0xB4, 0xE8, 0x8A, 0xE9, 0x9A, 0xCD, 0xBB, 0x2E, 0xC4, 0x2F, 0xC4,
    0x2A, 0xAB, 0x6B, 0xBB, 0x4B, 0xBB, 0x6B, 0xAB, 0x29, 0x93, 0xA6, 0x7A, 0x44, 0x5A, 0xC8, 0x73,
    0xE8, 0x7B, 0xE8, 0x73, 0xA7, 0x73, 0x46, 0x6B, 0x05, 0x6B, 0x25, 0x73, 0x05, 0x7B, 0x25, 0x83,
    0x46, 0x8B, 0x67, 0x93, 0xA8, 0x9B, 0xC8, 0xA3, 0xC8, 0xAB, 0xC8, 0xAB, 0xC8, 0xA3, 0x88, 0xA3,
    0xA7, 0xA3, 0x29, 0xBC, 0xE9, 0xB3, 0xE9, 0xAB, 0x2A, 0xB4, 0xE9, 0xB3, 0x29, 0xB4, 0x4A, 0xBC,
    0x4A, 0xBC, 0x47, 0x9B, 0xA9, 0xAB, 0x4A, 0xBC, 0x2A, 0xBC, 0x6B, 0xC4, 0xAC, 0xCC, 0xCD, 0xCC,
    0x0E, 0xCD, 0x2F, 0xCD, 0x0F, 0xC5, 0xEE, 0xB4, 0x6D, 0x9C, 0xA9, 0x73, 0xC5, 0x5A, 0x09, 0x9C,
    0x6B, 0xC4, 0x2A, 0xBC, 0xE9, 0xB3, 0x0A, 0xB4, 0x4B, 0xBC, 0x4B, 0xBC, 0x6B, 0xBC, 0xCA, 0xA3,
    0x69, 0x93, 0x49, 0x8B, 0x89, 0x8B, 0x88, 0x73, 0xA7, 0x63, 0xE9, 0x7B, 0x4B, 0x8C, 0x0A, 0x7C,
    0xE9, 0x6B, 0x4C, 0x84, 0x0D, 0x84, 0x2E, 0x94, 0x70, 0x9C, 0x2F, 0x94, 0xAE, 0x83, 0x4D, 0x7B,
    0x2D, 0x6B, 0x0C, 0x6B, 0x0C, 0x6B, 0x6C, 0x7B, 0xF5, 0xCD, 0x35, 0xD6, 0xF4, 0xC5, 0xB3, 0xBD,
    0x72, 0xB5, 0x52, 0xAD, 0x31, 0x9D, 0xCF, 0x94, 0x6B, 0x7C, 0x4A, 0x7C, 0x6B, 0x84, 0xEE, 0x94,
    0x0E, 0x95, 0xCD, 0x8C, 0x8B, 0x84, 0xAA, 0x84, 0xCB, 0x84, 0xEE, 0xA4, 0x94, 0xD5, 0x13, 0xCD,
    0xD2, 0xCC, 0xF3, 0xCC, 0xD2, 0xC4, 0x91, 0xBC, 0x71, 0xB4, 0x31, 0xB4, 0xF0, 0xA3, 0xAF, 0x9B,
    0xCF, 0x93, 0xCB, 0x7B, 0xC8, 0x63, 0xC7, 0x63, 0xC7, 0x63, 0xC7, 0x63, 0xA7, 0x5B, 0x66, 0x53,
    0xA8, 0x5B, 0xA8, 0x5B, 0xC9, 0x63, 0xE8, 0x63, 0x87, 0x5B, 0x45, 0x4B, 0x66, 0x53, 0xC7, 0x63,
    0x86, 0x5B, 0x47, 0x63, 0xE7, 0x82, 0xE7, 0x92, 0x48, 0x9B, 0x89, 0xA3, 0x88, 0x8B, 0xC5, 0x52,
    0xC5, 0x42, 0x46, 0x4B, 0x46, 0x53, 0xE5, 0x42, 0x46, 0x4B, 0x46, 0x4B, 0x26, 0x4B, 0x26, 0x4B,
    0xE6, 0x42, 0xA5, 0x3A, 0x24, 0x2A, 0x88, 0x42, 0x10, 0x8C, 0x10, 0x9C, 0x50, 0xA4, 0x4F, 0xAC,
    0xB0, 0xAC, 0xEB, 0x83, 0x05, 0x4B, 0x66, 0x53, 0x04, 0x4B, 0x45, 0x53, 0x66, 0x53, 0x25, 0x4B,
    0xA6, 0x5B, 0x86, 0x5B, 0x04, 0x43, 0x25, 0x4B, 0x66, 0x53, 0x86, 0x5B, 0xA7, 0x63, 0x66, 0x53,
    0xC5, 0x4A, 0x65, 0x4A, 0xC7, 0x62, 0x28, 0x6B, 0x87, 0x6B, 0x86, 0x5B, 0x66, 0x53, 0x26, 0x4B,
    0x06, 0x4B, 0x06, 0x4B, 0x07, 0x43, 0xE7, 0x42, 0x85, 0x3A, 0x64, 0x32, 0x0A, 0x53, 0x0E, 0x6B,
    0xEF, 0x72, 0xEE, 0x7A, 0xEE, 0x7A, 0x4F, 0x83, 0x4F, 0x8B, 0x6F, 0x8B, 0x8F, 0x93, 0xAD, 0x83,
    0x0C, 0x84, 0x2C, 0x8C, 0x2C, 0x8C, 0x8D, 0x94, 0xA6, 0x4A, 0x82, 0x21, 0x24, 0x32, 0x64, 0x3A,
    0xE6, 0x4A, 0x06, 0x53, 0xC5, 0x4A, 0x05, 0x4B, 0x67, 0x5B, 0xC5, 0x4A, 0xC4, 0x52, 0x66, 0x5B,
    0x45, 0x53, 0x05, 0x53, 0xE5, 0x4A, 0xE5, 0x42, 0x06, 0x4B, 0x47, 0x53, 0xE6, 0x4A, 0xC5, 0x3A,
    0xA5, 0x3A, 0xC6, 0x42, 0x48, 0x53, 0x07, 0x4B, 0xE6, 0x42, 0xC6, 0x42, 0x64, 0x32, 0xA5, 0x42,
    0xC6, 0x42, 0x65, 0x32, 0x85, 0x32, 0xC6, 0x42, 0xE6, 0x42, 0xC5, 0x42, 0xE5, 0x42, 0xC5, 0x42,
    0x47, 0x53, 0x68, 0x53, 0x85, 0x3A, 0x85, 0x3A, 0xC6, 0x42, 0xC6, 0x42, 0xC6, 0x42, 0xA5, 0x52,
    0xCF, 0xB4, 0x11, 0xCD, 0xD0, 0xCC, 0x8F, 0xC4, 0xB0, 0xC4, 0x2E, 0xB4, 0x2E, 0xB4, 0x4F, 0xBC,
    0x8C, 0xA3, 0x4B, 0x9B, 0x4C, 0x9B, 0x0A, 0x8B, 0xEC, 0x9B, 0xCF, 0xB4, 0x8E, 0xA4, 0xAE, 0xA4,
    0xCE, 0xA4, 0x6D, 0x9C, 0x6D, 0x9C, 0x6D, 0x9C, 0x6D, 0x9C, 0x8E, 0xA4, 0x8E, 0xA4, 0x6D, 0xA4,
    0x6D, 0x9C, 0x6D, 0xA4, 0x8E, 0xA4, 0x4D, 0x9C, 0x6E, 0xA4, 0x6E, 0xA4, 0x8E, 0xA4, 0x8E, 0xA4,
    0x8E, 0xA4, 0x8D, 0xA4, 0xAE, 0xAC, 0x8D, 0xA4, 0x6D, 0xA4, 0xCE, 0xB4, 0xAE, 0xAC, 0xAE, 0xAC,
    0x8E, 0xAC, 0xAE, 0xAC, 0xAE, 0xAC, 0xAE, 0xAC, 0xAE, 0xAC, 0xCE, 0xB4, 0xAE, 0xAC, 0xAE, 0xAC,
    0xCE, 0xB4, 0xAE, 0xAC, 0xAE, 0xAC, 0xCE, 0xB4, 0xAE, 0xAC, 0xAE, 0xAC, 0xAE, 0xAC, 0xCE, 0xB4,
    0xCE, 0xB4, 0xCE, 0xB4, 0x8D, 0xAC, 0xAD, 0xAC, 0xAD, 0xAC, 0xEE, 0xB4, 0xCE, 0xB4, 0xCE, 0xB4,
    0xAE, 0xAC, 0xAE, 0xB4, 0x8E, 0xB4, 0x0D, 0xAC, 0x8C, 0xAB, 0x6C, 0xA3, 0x8C, 0xAB, 0x4B, 0xA3,
    0xAD, 0xAB, 0xCD, 0xAB, 0xAD, 0xA3, 0x0E, 0xAC, 0xCD, 0xA3, 0xCD, 0xA3, 0x0E, 0xAC, 0xED, 0xA3,
    0xED, 0xA3, 0x0D, 0xAC, 0xCF, 0xC4, 0x4A, 0x9B, 0x67, 0x8A, 0x6B, 0xAB, 0xED, 0xBB, 0x4F, 0xC4,
    0xED, 0xC3, 0x4B, 0xB3, 0x6B, 0xB3, 0x8B, 0xAB, 0x28, 0x93, 0xC6, 0x7A, 0x44, 0x62, 0x68, 0x73,
    0x47, 0x63, 0x06, 0x53, 0x06, 0x4B, 0x06, 0x4B, 0x47, 0x5B, 0x88, 0x63, 0x88, 0x6B, 0x67, 0x6B,
    0x26, 0x63, 0x25, 0x6B, 0x05, 0x73, 0x26, 0x83, 0x47, 0x8B, 0x67, 0x9B, 0x88, 0x9B, 0x88, 0xA3,
    0xA8, 0xAB, 0x29, 0xB4, 0xE9, 0xAB, 0xE9, 0xB3, 0x2A, 0xBC, 0xE9, 0xB3, 0x2A, 0xBC, 0x4A, 0xBC,
    0x4A, 0xBC, 0x47, 0xA3, 0xC9, 0xB3, 0x6A, 0xC4, 0x6A, 0xC4, 0x4A, 0xBC, 0x4A, 0xBC, 0x6B, 0xC4,
    0x8C, 0xC4, 0xAD, 0xCC, 0xEE, 0xD4, 0x2F, 0xCD, 0x2F, 0xCD, 0x4F, 0xC5, 0xAD, 0xB4, 0x4B, 0xB4,
    0x6B, 0xBC, 0x4A, 0xBC, 0x09, 0xB4, 0x0A, 0xB4, 0x4B, 0xBC, 0x4B, 0xBC, 0x6B, 0xBC, 0xCA, 0xA3,
    0x69, 0x93, 0x49, 0x8B, 0x69, 0x83, 0xA8, 0x73, 0xE9, 0x83, 0x0E, 0xB5, 0x0F, 0xCD, 0xAE, 0xB4,
    0x0A, 0x84, 0x09, 0x74, 0xCA, 0x73, 0xCB, 0x7B, 0xEC, 0x7B, 0x8B, 0x73, 0x4B, 0x6B, 0x2B, 0x6B,
    0xCB, 0x5A, 0xEB, 0x62, 0x89, 0x5A, 0xB0, 0xA4, 0x35, 0xD6, 0xF3, 0xCD, 0xD2, 0xC5, 0x92, 0xB5,
    0x71, 0xAD, 0xF0, 0x9C, 0xF1, 0x9C, 0xAF, 0x8C, 0x4C, 0x84, 0x6B, 0x84, 0x6F, 0xAD, 0x91, 0xB5,
    0x51, 0xA5, 0x10, 0x9D, 0xCD, 0x8C, 0xCC, 0x8C, 0x8B, 0x84, 0xCE, 0xA4, 0x13, 0xCD, 0xB1, 0xC4,
    0xD2, 0xCC, 0xB1, 0xC4, 0x71, 0xBC, 0x30, 0xB4, 0x10, 0xAC, 0xEF, 0xAB, 0x8E, 0x9B, 0xAF, 0x9B,
    0x8E, 0x8B, 0xCC, 0x7B, 0x2A, 0x74, 0x29, 0x6C, 0x49, 0x74, 0x29, 0x6C, 0xE8, 0x6B, 0xC7, 0x63,
    0x46, 0x4B, 0xE6, 0x42, 0xA4, 0x3A, 0x25, 0x4B, 0xA7, 0x5B, 0xE8, 0x63, 0xE8, 0x63, 0x87, 0x5B,
    0x05, 0x43, 0x84, 0x42, 0x24, 0x5A, 0x24, 0x6A, 0xA6, 0x7A, 0x85, 0x72, 0x65, 0x5A, 0x64, 0x42,
    0x63, 0x32, 0xA3, 0x3A, 0x66, 0x53, 0x26, 0x4B, 0x06, 0x43, 0xE6, 0x42, 0xE6, 0x42, 0x06, 0x43,
    0x27, 0x4B, 0xC6, 0x3A, 0x23, 0x2A, 0xC3, 0x21, 0x88, 0x4A, 0x0A, 0x6B, 0x4B, 0x7B, 0xCC, 0x83,
    0xAA, 0x7B, 0x27, 0x5B, 0x45, 0x4B, 0xA7, 0x5B, 0x86, 0x5B, 0xA6, 0x5B, 0xA7, 0x5B, 0xC4, 0x42,
    0x45, 0x4B, 0x45, 0x4B, 0x05, 0x4B, 0x66, 0x53, 0x45, 0x53, 0x24, 0x4B, 0x86, 0x5B, 0x66, 0x53,
    0x66, 0x53, 0x26, 0x53, 0x26, 0x53, 0x87, 0x63, 0xA7, 0x63, 0x66, 0x53, 0x25, 0x4B, 0x46, 0x53,
    0x06, 0x4B, 0xC6, 0x42, 0x85, 0x32, 0x86, 0x32, 0x86, 0x3A, 0xE3, 0x21, 0x68, 0x42, 0xAC, 0x5A,
    0x8D, 0x62, 0xAD, 0x6A, 0xCD, 0x72, 0xEE, 0x7A, 0xEE, 0x7A, 0xED, 0x82, 0x4E, 0x8B, 0x0A, 0x6B,
    0x29, 0x6B, 0xEB, 0x8B, 0xEB, 0x8B, 0xEA, 0x83, 0x27, 0x5B, 0xA4, 0x42, 0xA5, 0x42, 0x46, 0x53,
    0xA8, 0x63, 0x46, 0x53, 0x26, 0x53, 0x25, 0x53, 0x46, 0x53, 0x87, 0x5B, 0x86, 0x5B, 0x65, 0x5B,
    0x66, 0x53, 0x67, 0x5B, 0x87, 0x5B, 0x87, 0x5B, 0x46, 0x53, 0x26, 0x4B, 0x27, 0x53, 0xA5, 0x3A,
    0x85, 0x3A, 0xA5, 0x42, 0xE6, 0x4A, 0xC6, 0x42, 0xC6, 0x42, 0x27, 0x4B, 0x27, 0x53, 0xC5, 0x42,
    0xA5, 0x3A, 0x64, 0x32, 0x44, 0x2A, 0x85, 0x32, 0x64, 0x32, 0xA5, 0x3A, 0x84, 0x32, 0x84, 0x3A,
    0xC5, 0x42, 0xE6, 0x42, 0xA5, 0x3A, 0x44, 0x32, 0xA5, 0x3A, 0xC5, 0x42, 0xC5, 0x42, 0xA5, 0x42,
    0x2C, 0x94, 0x32, 0xCD, 0x8F, 0xC4, 0x6F, 0xBC, 0x8F, 0xC4, 0xED, 0xAB, 0xED, 0xAB, 0x2E, 0xB4,
    0xEE, 0xAB, 0x8D, 0xA3, 0x6D, 0x9B, 0x2B, 0x93, 0xAC, 0x9B, 0xAE, 0xAC, 0x8E, 0xA4, 0x8E, 0xA4,
    0x8D, 0xA4, 0x2C, 0x94, 0x6D, 0x9C, 0x4D, 0x9C, 0x6D, 0x9C, 0x8E, 0xA4, 0x4D, 0x9C, 0x6D, 0x9C,
    0x4D, 0x9C, 0x6D, 0xA4, 0x6D, 0xA4, 0x4D, 0x9C, 0x6D, 0xA4, 0x8E, 0xA4, 0x8E, 0xA4, 0x8E, 0xAC,
    0x8E, 0xA4, 0xAE, 0xAC, 0x6D, 0xA4, 0xAE, 0xAC, 0x8D, 0xA4, 0x6D, 0xA4, 0xAE, 0xAC, 0xAE, 0xAC,
    0x8E, 0xAC, 0x8D, 0xAC, 0x6D, 0xA4, 0xAE, 0xAC, 0x8D, 0xAC, 0x8D, 0xAC, 0xAE, 0xAC, 0xAE, 0xAC,
    0xAE, 0xAC, 0xAE, 0xAC, 0xAE, 0xAC, 0x6D, 0xA4, 0xAE, 0xAC, 0xAE, 0xAC, 0xAE, 0xAC, 0xAE, 0xAC,
    0xCE, 0xB4, 0xAE, 0xAC, 0xAD, 0xAC, 0xAD, 0xAC, 0xAE, 0xAC, 0xAE, 0xAC, 0xAD, 0xAC, 0xAE, 0xAC,
    0xAD, 0xAC, 0x8D, 0xAC, 0x2D, 0xAC, 0xAC, 0xA3, 0x6C, 0xA3, 0x6C, 0xA3, 0x6C, 0xA3, 0x6C, 0xA3,
    0x8C, 0xA3, 0x8C, 0xA3, 0x8C, 0x9B, 0x8C, 0x9B, 0xAD, 0xA3, 0xAC, 0x9B, 0xCD, 0x9B, 0xCD, 0x9B,
    0xCD, 0x9B, 0xED, 0xAB, 0x8F, 0xC4, 0x8B, 0xAB, 0x05, 0x7A, 0xE9, 0x92, 0x8B, 0xAB, 0xCD, 0xBB,
    0x6F, 0xCC, 0xCD, 0xBB, 0x8B, 0xAB, 0x6A, 0xA3, 0x29, 0x93, 0x8A, 0x9B, 0x2D, 0xAC, 0x11, 0xC5,
    0x51, 0xBD, 0x28, 0x63, 0x03, 0x32, 0xC6, 0x42, 0xC5, 0x3A, 0xC5, 0x3A, 0xE5, 0x42, 0x06, 0x4B,
    0x47, 0x53, 0x88, 0x5B, 0x67, 0x63, 0x47, 0x63, 0x05, 0x63, 0x05, 0x6B, 0x06, 0x73, 0xC5, 0x7A,
    0x67, 0x93, 0x4A, 0xBC, 0xE9, 0xAB, 0x09, 0xB4, 0x2A, 0xBC, 0xE9, 0xB3, 0x2A, 0xBC, 0x6A, 0xBC,
    0x4A, 0xBC, 0x47, 0xA3, 0xC8, 0xAB, 0xE8, 0xB3, 0x09, 0xBC, 0x4A, 0xBC, 0x6A, 0xBC, 0x6B, 0xBC,
    0x6B, 0xC4, 0x6B, 0xC4, 0x8B, 0xC4, 0xAC, 0xC4, 0xAC, 0xCC, 0xED, 0xCC, 0xED, 0xCC, 0x6B, 0xC4,
    0x2A, 0xBC, 0x4A, 0xBC, 0x0A, 0xB4, 0x2A, 0xB4, 0x6B, 0xBC, 0x6B, 0xBC, 0x6B, 0xBC, 0xCA, 0xA3,
    0x69, 0x93, 0x48, 0x8B, 0x68, 0x83, 0xA8, 0x7B, 0x8C, 0x9C, 0xED, 0xC4, 0x4B, 0xC4, 0xEA, 0xB3,
    0xEA, 0x93, 0x2A, 0x7C, 0x2A, 0x7C, 0x2A, 0x7C, 0xEA, 0x73, 0x69, 0x63, 0x49, 0x63, 0x69, 0x63,
    0x09, 0x5B, 0xC9, 0x52, 0xA8, 0x5A, 0x11, 0xAD, 0x13, 0xCE, 0xB2, 0xC5, 0x71, 0xB5, 0x50, 0xAD,
    0x10, 0xA5, 0xCF, 0x94, 0xAF, 0x8C, 0x6F, 0x84, 0x4D, 0x84, 0x2E, 0xA5, 0xB1, 0xBD, 0x0F, 0xAD,
    0xCE, 0x9C, 0x6D, 0x8C, 0x2C, 0x84, 0x4B, 0x84, 0x4A, 0x7C, 0x6C, 0x94, 0xF2, 0xC4, 0xB1, 0xC4,
    0xB1, 0xC4, 0x50, 0xBC, 0x50, 0xBC, 0xEF, 0xAB, 0xAE, 0xA3, 0x8D, 0x9B, 0x8E, 0x9B, 0x6E, 0x93,
    0x4D, 0x83, 0x8B, 0x73, 0x2A, 0x74, 0x4A, 0x74, 0x2A, 0x6C, 0x6B, 0x74, 0x4A, 0x74, 0x29, 0x6C,
    0xC4, 0x3A, 0xA4, 0x3A, 0xC4, 0x3A, 0xC8, 0x63, 0xC7, 0x5B, 0x87, 0x53, 0xA8, 0x5B, 0x87, 0x5B,
    0xE4, 0x42, 0x84, 0x3A, 0x03, 0x3A, 0xA2, 0x41, 0x46, 0x5A, 0x09, 0x73, 0xAC, 0x7B, 0x8A, 0x6B,
    0xE6, 0x4A, 0x26, 0x4B, 0x66, 0x53, 0x05, 0x4B, 0xE5, 0x42, 0x05, 0x43, 0x26, 0x4B, 0x06, 0x43,
    0x26, 0x4B, 0x26, 0x4B, 0x26, 0x4B, 0x26, 0x4B, 0x64, 0x3A, 0x65, 0x42, 0x65, 0x4A, 0x85, 0x4A,
    0x26, 0x53, 0x88, 0x5B, 0x45, 0x4B, 0x86, 0x5B, 0x86, 0x5B, 0xA6, 0x5B, 0x66, 0x53, 0xA4, 0x3A,
    0xC4, 0x3A, 0x46, 0x53, 0x46, 0x53, 0x46, 0x53, 0x87, 0x5B, 0x45, 0x53, 0x66, 0x53, 0x45, 0x53,
    0x25, 0x4B, 0x86, 0x53, 0x65, 0x53, 0x86, 0x5B, 0x66, 0x5B, 0x46, 0x53, 0xC5, 0x42, 0x63, 0x32,
    0xE5, 0x42, 0xC5, 0x3A, 0x85, 0x32, 0x86, 0x3A, 0xA7, 0x3A, 0x04, 0x2A, 0xC5, 0x29, 0x4A, 0x4A,
    0x2B, 0x4A, 0x2B, 0x52, 0x6C, 0x62, 0x8C, 0x6A, 0xCC, 0x7A, 0xEC, 0x7A, 0xEC, 0x72, 0x64, 0x31,
    0xC4, 0x39, 0xA7, 0x5A, 0xC7, 0x62, 0xC6, 0x5A, 0xE5, 0x52, 0x46, 0x5B, 0x05, 0x4B, 0x26, 0x53,
    0xA7, 0x5B, 0xA7, 0x5B, 0x86, 0x5B, 0x46, 0x53, 0x26, 0x53, 0x46, 0x53, 0x25, 0x53, 0x66, 0x53,
    0x87, 0x5B, 0xA8, 0x63, 0xE8, 0x6B, 0x87, 0x5B, 0x26, 0x4B, 0xC5, 0x42, 0xE6, 0x4A, 0x06, 0x4B,
    0xE6, 0x4A, 0xE6, 0x4A, 0xC5, 0x42, 0xC5, 0x42, 0xA5, 0x42, 0x64, 0x3A, 0xA5, 0x3A, 0xE6, 0x42,
    0x84, 0x3A, 0x44, 0x32, 0xA6, 0x3A, 0xC6, 0x42, 0xA5, 0x3A, 0xC6, 0x42, 0x85, 0x3A, 0x85, 0x3A,
    0x44, 0x32, 0x23, 0x32, 0x43, 0x32, 0x64, 0x3A, 0x44, 0x32, 0x64, 0x32, 0xA4, 0x3A, 0xC5, 0x42,
    0x89, 0x73, 0x11, 0xC5, 0x6F, 0xC4, 0x6E, 0xBC, 0x8F, 0xC4, 0x4E, 0xB4, 0xED, 0xAB, 0x2E, 0xB4,
    0x8C, 0x9B, 0x4B, 0x93, 0x4C, 0x93, 0x4C, 0x93, 0x4B, 0x93, 0x2D, 0xA4, 0x6D, 0x9C, 0x6D, 0xA4,
    0x4D, 0x9C, 0x2C, 0x9C, 0x4D, 0x9C, 0x4D, 0x9C, 0x6E, 0x9C, 0x4D, 0x94, 0x2D, 0x94, 0x4D, 0x9C,
    0x6D, 0x9C, 0x4D, 0x9C, 0x6D, 0x9C, 0x6D, 0xA4, 0x4D, 0x9C, 0x6D, 0xA4, 0x8E, 0xA4, 0x6D, 0xA4,
    0x2C, 0x9C, 0x4D, 0x9C, 0x6D, 0xA4, 0x6D, 0xA4, 0x6D, 0xA4, 0x6D, 0xA4, 0x8D, 0xA4, 0x6D, 0xA4,
    0x4D, 0xA4, 0x6D, 0xA4, 0x6D, 0xA4, 0x8D, 0xAC, 0x8D, 0xA4, 0x8D, 0xAC, 0xAE, 0xAC, 0x8D, 0xAC,
    0x8D, 0xAC, 0x6D, 0xA4, 0x8D, 0xAC, 0xCE, 0xAC, 0x8D, 0xAC, 0xAD, 0xAC, 0xAE, 0xAC, 0x8D, 0xAC,
    0x8D, 0xAC, 0xAE, 0xAC, 0xAD, 0xAC, 0x8D, 0xAC, 0x6D, 0xA4, 0x8D, 0xAC, 0xAD, 0xAC, 0x8D, 0xAC,
    0x8D, 0xAC, 0x6D, 0xAC, 0x2D, 0xAC, 0xAC, 0xA3, 0x8C, 0xA3, 0xAD, 0xAB, 0x6C, 0xA3, 0x8C, 0xA3,
    0xCD, 0xAB, 0xAD, 0xA3, 0x8C, 0x9B, 0x8C, 0x9B, 0xAD, 0xA3, 0xAC, 0x9B, 0xED, 0xA3, 0xCD, 0x9B,
    0xED, 0xA3, 0x6B, 0x9B, 0xA8, 0x8A, 0x46, 0x82, 0x05, 0x72, 0xA7, 0x82, 0x6B, 0xA3, 0xAC, 0xBB,
    0x4F, 0xCC, 0xB0, 0xCC, 0x4F, 0xBC, 0x0D, 0xB4, 0x8F, 0xBC, 0x12, 0xD5, 0x33, 0xDD, 0xD1, 0xCC,
    0x8F, 0xB4, 0x68, 0x73, 0xC5, 0x4A, 0x26, 0x4B, 0xA4, 0x42, 0xA4, 0x42, 0x87, 0x63, 0x06, 0x4B,
    0x84, 0x3A, 0x43, 0x32, 0xA5, 0x42, 0x84, 0x3A, 0xC5, 0x42, 0x26, 0x53, 0x68, 0x63, 0x26, 0x6B,
    0x87, 0x93, 0x4A, 0xBC, 0xE9, 0xB3, 0x0A, 0xB4, 0x2A, 0xB4, 0xE9, 0xB3, 0x4A, 0xBC, 0x6B, 0xC4,
    0x2A, 0xBC, 0x27, 0x9B, 0xC8, 0xAB, 0x09, 0xBC, 0x09, 0xBC, 0x09, 0xB4, 0x09, 0xB4, 0x09, 0xB4,
    0x4A, 0xBC, 0x6A, 0xC4, 0x6B, 0xC4, 0x8B, 0xC4, 0x8B, 0xC4, 0x8B, 0xC4, 0x8B, 0xC4, 0x4B, 0xBC,
    0x4B, 0xBC, 0x4A, 0xBC, 0x09, 0xB4, 0x2A, 0xBC, 0x4B, 0xBC, 0x4B, 0xBC, 0x6B, 0xBC, 0xCA, 0xA3,
    0x69, 0x93, 0x49, 0x8B, 0x89, 0x83, 0xC8, 0x7B, 0x09, 0x8C, 0xE9, 0x9B, 0xC8, 0xA3, 0xC8, 0xAB,
    0x88, 0x8B, 0xC9, 0x73, 0xE9, 0x73, 0xC9, 0x6B, 0xA9, 0x63, 0x07, 0x53, 0xC6, 0x4A, 0x68, 0x5B,
    0x88, 0x63, 0xAA, 0x6B, 0x69, 0x6B, 0x30, 0xAD, 0xD1, 0xC5, 0x50, 0xB5, 0x2F, 0xAD, 0xEE, 0x9C,
    0xAE, 0x94, 0x8D, 0x84, 0x8E, 0x8C, 0x2E, 0x7C, 0x0B, 0x74, 0x2E, 0xA5, 0x0E, 0xB5, 0xCD, 0xA4,
    0x2B, 0x8C, 0xCA, 0x7B, 0xEB, 0x7B, 0x0B, 0x7C, 0x4A, 0x7C, 0x8C, 0x94, 0xF0, 0xB4, 0xB0, 0xBC,
    0x2E, 0xB4, 0x0E, 0xB4, 0xEE, 0xB3, 0xAD, 0xA3, 0x8D, 0x9B, 0x6D, 0x93, 0x4D, 0x93, 0x0C, 0x83,
    0x0B, 0x73, 0xAB, 0x73, 0x4A, 0x74, 0x2A, 0x6C, 0xC9, 0x63, 0xC9, 0x63, 0xA8, 0x63, 0xA7, 0x5B,
    0x25, 0x4B, 0x04, 0x43, 0xE8, 0x63, 0x66, 0x53, 0xE4, 0x42, 0x26, 0x4B, 0x87, 0x53, 0x87, 0x53,
    0xC7, 0x5B, 0xE8, 0x63, 0x87, 0x5B, 0x6A, 0x63, 0x71, 0x94, 0x72, 0xA4, 0x72, 0xA4, 0x71, 0x9C,
    0xCC, 0x7B, 0xE5, 0x4A, 0x25, 0x4B, 0x05, 0x43, 0x46, 0x4B, 0x67, 0x53, 0x26, 0x4B, 0x05, 0x43,
    0x05, 0x43, 0x25, 0x4B, 0xC7, 0x5B, 0xE7, 0x63, 0xA7, 0x5B, 0x87, 0x5B, 0x88, 0x5B, 0x87, 0x5B,
    0x67, 0x5B, 0x46, 0x53, 0x46, 0x4B, 0x66, 0x53, 0x45, 0x53, 0x44, 0x53, 0x66, 0x53, 0x05, 0x43,
    0x26, 0x4B, 0x66, 0x53, 0x46, 0x53, 0x26, 0x4B, 0x46, 0x53, 0x66, 0x53, 0x66, 0x53, 0x87, 0x5B,
    0x25, 0x53, 0x66, 0x5B, 0x66, 0x5B, 0x86, 0x5B, 0x66, 0x53, 0x05, 0x4B, 0xE5, 0x42, 0x06, 0x43,
    0x06, 0x4B, 0x06, 0x43, 0x85, 0x32, 0x66, 0x2A, 0xC7, 0x3A, 0x25, 0x2A, 0x63, 0x11, 0x86, 0x29,
    0xE9, 0x41, 0xA9, 0x41, 0xC9, 0x49, 0x0A, 0x5A, 0x4A, 0x62, 0x49, 0x62, 0xE7, 0x49, 0xA1, 0x18,
    0xE1, 0x18, 0x62, 0x29, 0x41, 0x29, 0x03, 0x3A, 0x84, 0x42, 0x05, 0x4B, 0x66, 0x53, 0x46, 0x53,
    0x86, 0x5B, 0x86, 0x5B, 0xA7, 0x5B, 0xA7, 0x5B, 0x67, 0x5B, 0x87, 0x5B, 0x66, 0x5B, 0x86, 0x5B,
    0x46, 0x53, 0x25, 0x4B, 0x66, 0x5B, 0x66, 0x5B, 0x66, 0x53, 0x26, 0x53, 0xE4, 0x4A, 0xA4, 0x42,
    0xE5, 0x4A, 0xC5, 0x4A, 0xA4, 0x42, 0x22, 0x32, 0x84, 0x3A, 0xA5, 0x42, 0x44, 0x32, 0x84, 0x3A,
    0x06, 0x4B, 0xE5, 0x4A, 0xE6, 0x4A, 0xA6, 0x42, 0xA6, 0x42, 0x64, 0x3A, 0x84, 0x3A, 0x43, 0x32,
    0x24, 0x32, 0x03, 0x2A, 0x23, 0x3A, 0x84, 0x42, 0x85, 0x42, 0x64, 0x3A, 0xA5, 0x3A, 0xC5, 0x42,
    0x06, 0x53, 0xAE, 0xAC, 0xB0, 0xC4, 0x2D, 0xB4, 0x2D, 0xB4, 0xED, 0xAB, 0xCD, 0xAB, 0x0D, 0xAC,
    0x8C, 0x9B, 0x2B, 0x93, 0x0B, 0x8B, 0xEB, 0x8A, 0x0B, 0x8B, 0xCC, 0x9B, 0x4D, 0x9C, 0x2C, 0x94,
    0x4D, 0x9C, 0x4D, 0x9C, 0x2C, 0x94, 0x2D, 0x9C, 0x0D, 0x94, 0x0C, 0x94, 0x4D, 0x9C, 0x4D, 0x9C,
    0x0C, 0x94, 0x2C, 0x94, 0x2C, 0x94, 0x6D, 0x9C, 0x4D, 0x9C, 0x2C, 0x94, 0x4C, 0x9C, 0x4D, 0x9C,
    0x4D, 0x9C, 0x4C, 0x9C, 0x4D, 0x9C, 0x4D, 0x9C, 0x6D, 0xA4, 0x4D, 0x9C, 0x2C, 0x9C, 0x4C, 0x9C,
    0x2C, 0x9C, 0x6D, 0xA4, 0x6D, 0xA4, 0x6D, 0xA4, 0x8E, 0xAC, 0x6D, 0xA4, 0x6D, 0xA4, 0x6D, 0xA4,
    0x8D, 0xAC, 0x8D, 0xA4, 0x6D, 0xA4, 0x8D, 0xAC, 0x8D, 0xA4, 0x8D, 0xA4, 0x6C, 0xA4, 0xAD, 0xAC,
    0xAD, 0xAC, 0x8D, 0xA4, 0xAD, 0xAC, 0xAD, 0xAC, 0xAD, 0xAC, 0x6C, 0xA4, 0x6C, 0xA4, 0xAD, 0xAC,
    0xAD, 0xAC, 0x8D, 0xAC, 0x0C, 0xA4, 0x6B, 0x9B, 0x8D, 0xA3, 0x6C, 0x9B, 0x4C, 0x9B, 0x4B, 0x9B,
    0x8C, 0x9B, 0xAD, 0xA3, 0xAC, 0x9B, 0xAC, 0x9B, 0x8C, 0x9B, 0xAC, 0x9B, 0xAC, 0x9B, 0xAC, 0x9B,
    0xCC, 0x9B, 0x87, 0x82, 0xA4, 0x71, 0x84, 0x69, 0xA4, 0x69, 0x25, 0x72, 0xC8, 0x8A, 0x6B, 0xAB,
    0xCD, 0xBB, 0x4F, 0xC4, 0xB1, 0xCC, 0x12, 0xD5, 0x12, 0xD5, 0xD1, 0xCC, 0x6F, 0xC4, 0x0D, 0xB4,
    0x89, 0x8B, 0xA4, 0x52, 0x85, 0x63, 0xC6, 0x6B, 0xE6, 0x6B, 0x06, 0x74, 0x89, 0x84, 0xE7, 0x6B,
    0xE5, 0x4A, 0xE5, 0x4A, 0x06, 0x53, 0x84, 0x42, 0x44, 0x3A, 0x64, 0x3A, 0xA5, 0x42, 0x84, 0x42,
    0xA8, 0x8B, 0x6A, 0xBC, 0xE9, 0xB3, 0x2A, 0xB4, 0x49, 0xB4, 0x29, 0xB4, 0x6A, 0xB4, 0x4A, 0xBC,
    0x2A, 0xB4, 0xC5, 0x8A, 0x67, 0x9B, 0x09, 0xB4, 0x29, 0xBC, 0x29, 0xBC, 0x2A, 0xBC, 0x2A, 0xBC,
    0x09, 0xB4, 0x09, 0xB4, 0x2A, 0xBC, 0x4A, 0xBC, 0x6B, 0xC4, 0x8B, 0xC4, 0x6B, 0xC4, 0x4A, 0xBC,
    0x4A, 0xBC, 0x4A, 0xBC, 0x09, 0xB4, 0x2A, 0xBC, 0x4B, 0xBC, 0x4B, 0xBC, 0x6B, 0xBC, 0xC9, 0xA3,
    0x69, 0x93, 0x49, 0x8B, 0x69, 0x83, 0x27, 0x5B, 0x46, 0x63, 0x26, 0x6B, 0x05, 0x73, 0xE5, 0x72,
    0x84, 0x52, 0x27, 0x53, 0x27, 0x53, 0xC5, 0x42, 0xE6, 0x4A, 0x48, 0x5B, 0x88, 0x63, 0x6B, 0x7C,
    0x88, 0x5B, 0x88, 0x63, 0x88, 0x63, 0xED, 0x9C, 0x4F, 0xAD, 0x2F, 0xAD, 0xCD, 0x9C, 0x6C, 0x8C,
    0x8D, 0x8C, 0x6C, 0x84, 0x0C, 0x74, 0xAC, 0x6B, 0xAA, 0x63, 0x4B, 0x84, 0x4B, 0x94, 0x4B, 0x8C,
    0xA9, 0x73, 0x89, 0x73, 0xAA, 0x73, 0xA9, 0x6B, 0x0A, 0x6C, 0x4B, 0x7C, 0x6C, 0x8C, 0x4C, 0x94,
    0x2C, 0x9C, 0x2D, 0xA4, 0x0D, 0x9C, 0xAC, 0x93, 0x4B, 0x83, 0x2B, 0x83, 0xEB, 0x7A, 0xCA, 0x72,
    0xE9, 0x6A, 0xCA, 0x6B, 0x0A, 0x6C, 0x4A, 0x74, 0x09, 0x6C, 0x4B, 0x74, 0x4B, 0x74, 0x0A, 0x6C,
    0x05, 0x4B, 0x66, 0x53, 0xA7, 0x5B, 0x25, 0x4B, 0x25, 0x4B, 0x05, 0x43, 0xC4, 0x3A, 0xA7, 0x5B,
    0xC7, 0x5B, 0xC7, 0x5B, 0x87, 0x5B, 0xCC, 0x73, 0xD0, 0x83, 0x90, 0x8B, 0xB0, 0x93, 0xD0, 0x9B,
    0xCD, 0x83, 0xA5, 0x4A, 0x05, 0x4B, 0x46, 0x4B, 0xC4, 0x3A, 0x26, 0x4B, 0x05, 0x43, 0x25, 0x4B,
    0x66, 0x53, 0xA7, 0x5B, 0xC7, 0x63, 0xA6, 0x5B, 0xC7, 0x63, 0xA7, 0x5B, 0x87, 0x5B, 0xA7, 0x5B,
    0x87, 0x5B, 0x26, 0x4B, 0x67, 0x53, 0x66, 0x53, 0x66, 0x53, 0x66, 0x5B, 0x86, 0x5B, 0x26, 0x4B,
    0xC6, 0x42, 0x67, 0x53, 0x86, 0x5B, 0x87, 0x5B, 0x67, 0x5B, 0x25, 0x4B, 0x46, 0x53, 0x25, 0x4B,
    0x05, 0x4B, 0x25, 0x53, 0x45, 0x53, 0x05, 0x4B, 0x05, 0x4B, 0xE5, 0x42, 0xA5, 0x3A, 0x47, 0x4B,
    0x47, 0x53, 0x27, 0x4B, 0xC6, 0x3A, 0x25, 0x2A, 0xC7, 0x42, 0x08, 0x43, 0x25, 0x2A, 0x84, 0x19,
    0x44, 0x21, 0x25, 0x29, 0x66, 0x31, 0x86, 0x39, 0x65, 0x39, 0x44, 0x31, 0xA4, 0x31, 0x04, 0x3A,
    0x45, 0x3A, 0x85, 0x42, 0x65, 0x42, 0x64, 0x3A, 0x23, 0x32, 0x84, 0x32, 0x06, 0x4B, 0xE5, 0x42,
    0x05, 0x4B, 0x25, 0x4B, 0x66, 0x53, 0x25, 0x4B, 0x06, 0x4B, 0xA7, 0x63, 0xC7, 0x63, 0x66, 0x5B,
    0xA7, 0x5B, 0x66, 0x5B, 0x45, 0x53, 0x04, 0x4B, 0x66, 0x53, 0x66, 0x5B, 0x46, 0x53, 0xC3, 0x42,
    0xA3, 0x42, 0xC4, 0x42, 0x05, 0x4B, 0xC4, 0x4A, 0xA4, 0x42, 0xC5, 0x4A, 0xE6, 0x4A, 0xC5, 0x4A,
    0xC5, 0x42, 0xC5, 0x4A, 0xC5, 0x42, 0x64, 0x3A, 0x64, 0x3A, 0x64, 0x3A, 0x44, 0x3A, 0x02, 0x32,
    0x23, 0x32, 0x65, 0x3A, 0x43, 0x32, 0x84, 0x3A, 0x84, 0x3A, 0x43, 0x32, 0xC5, 0x42, 0xC5, 0x3A,
    0xE5, 0x4A, 0xAA, 0x83, 0xD0, 0xC4, 0x2E, 0xB4, 0xCD, 0xAB, 0xCC, 0xA3, 0xCC, 0xA3, 0xAC, 0xA3,
    0xAC, 0xA3, 0x4B, 0x93, 0xEA, 0x82, 0x0B, 0x93, 0xEA, 0x82, 0x6B, 0x8B, 0x6E, 0xA4, 0x2C, 0x94,
    0x2D, 0x94, 0x2D, 0x94, 0x0C, 0x94, 0x0C, 0x94, 0xEC, 0x8B, 0x0C, 0x94, 0x0C, 0x94, 0x2C, 0x94,
    0x2C, 0x94, 0x2C, 0x94, 0x2C, 0x94, 0x2C, 0x94, 0x2C, 0x94, 0x2C, 0x94, 0x2C, 0x94, 0x4C, 0x9C,
    0x6D, 0x9C, 0x2C, 0x94, 0x0B, 0x94, 0x4D, 0x9C, 0x4D, 0x9C, 0x4D, 0x9C, 0x4C, 0x9C, 0x6D, 0x9C,
    0x6D, 0xA4, 0x4D, 0x9C, 0x4D, 0x9C, 0x6D, 0xA4, 0x6D, 0xA4, 0x6C, 0xA4, 0x6D, 0xA4, 0x6D, 0xA4,
    0x6D, 0xA4, 0x6D, 0xA4, 0x4C, 0xA4, 0x4C, 0xA4, 0x6D, 0xA4, 0x8D, 0xA4, 0x8D, 0xAC, 0x8D, 0xAC,
    0x8D, 0xA4, 0x6D, 0xA4, 0xAD, 0xAC, 0x4C, 0xA4, 0x4C, 0xA4, 0x6D, 0xA4, 0x6D, 0xA4, 0x6C, 0xA4,
    0x8D, 0xAC, 0x6D, 0xAC, 0xCC, 0xA3, 0x4B, 0x9B, 0x6C, 0xA3, 0x8C, 0xA3, 0x6C, 0x9B, 0x2B, 0x93,
    0x6C, 0x9B, 0xAC, 0x9B, 0xCD, 0x9B, 0x8C, 0x93, 0x8C, 0x93, 0x8C, 0x93, 0x8B, 0x93, 0xAC, 0x93,
    0x8B, 0x9B, 0x46, 0x7A, 0xC4, 0x69, 0xA4, 0x69, 0xA4, 0x61, 0x04, 0x6A, 0x46, 0x72, 0xC8, 0x8A,
    0x6B, 0xA3, 0xCD, 0xB3, 0xEE, 0xBB, 0x2F, 0xC4, 0x4F, 0xC4, 0x0E, 0xBC, 0xCC, 0xA3, 0x89, 0x93,
    0x05, 0x6B, 0x24, 0x63, 0x26, 0x7C, 0x25, 0x7C, 0x05, 0x74, 0x05, 0x74, 0xC5, 0x73, 0x64, 0x63,
    0xA6, 0x6B, 0xE7, 0x7B, 0x28, 0x7C, 0x08, 0x7C, 0x46, 0x5B, 0xE6, 0x4A, 0xC5, 0x4A, 0x43, 0x42,
    0x87, 0x83, 0x6A, 0xBC, 0x09, 0xB4, 0x49, 0xB4, 0x8A, 0xAC, 0x89, 0xA4, 0x69, 0xA4, 0x49, 0xAC,
    0x09, 0xAC, 0x67, 0x93, 0x2A, 0xAC, 0xCB, 0xC4, 0x8A, 0xBC, 0x4A, 0xBC, 0x4A, 0xC4, 0x29, 0xBC,
    0x2A, 0xBC, 0x29, 0xBC, 0x09, 0xB4, 0x09, 0xB4, 0x09, 0xB4, 0x09, 0xB4, 0x2A, 0xBC, 0x4A, 0xBC,
    0x4A, 0xBC, 0x2A, 0xBC, 0x09, 0xB4, 0x4B, 0xBC, 0x6B, 0xBC, 0x4B, 0xBC, 0x6B, 0xBC, 0xA9, 0x9B,
    0x48, 0x8B, 0x49, 0x8B, 0x48, 0x7B, 0xE6, 0x4A, 0xE5, 0x3A, 0x26, 0x4B, 0x05, 0x53, 0x26, 0x5B,
    0x26, 0x53, 0x88, 0x53, 0x47, 0x4B, 0x27, 0x53, 0xA8, 0x5B, 0xA8, 0x5B, 0xE8, 0x6B, 0x49, 0x74,
    0xA8, 0x63, 0x87, 0x5B, 0xA8, 0x63, 0xE9, 0x6B, 0x2A, 0x7C, 0x8B, 0x8C, 0x2A, 0x84, 0xE9, 0x73,
    0xE9, 0x73, 0xA9, 0x6B, 0x69, 0x5B, 0xE8, 0x4A, 0x28, 0x4B, 0x06, 0x4B, 0x68, 0x63, 0x89, 0x6B,
    0x07, 0x5B, 0x27, 0x5B, 0xC6, 0x4A, 0xE6, 0x4A, 0x67, 0x53, 0xC8, 0x63, 0x2A, 0x74, 0xE9, 0x6B,
    0x2A, 0x7C, 0x6C, 0x8C, 0x4B, 0x84, 0x4C, 0x8C, 0x0B, 0x84, 0xEB, 0x83, 0x8A, 0x7B, 0x09, 0x6B,
    0x08, 0x63, 0xA9, 0x6B, 0xC9, 0x63, 0xE9, 0x6B, 0xC8, 0x63, 0x09, 0x6C, 0x4A, 0x74, 0x6B, 0x7C,
    0x86, 0x5B, 0xC7, 0x5B, 0xC7, 0x5B, 0x25, 0x4B, 0x05, 0x43, 0x26, 0x4B, 0x66, 0x53, 0xA7, 0x5B,
    0x45, 0x4B, 0x25, 0x4B, 0xE5, 0x42, 0xA8, 0x4A, 0xCC, 0x62, 0xCE, 0x72, 0x0E, 0x83, 0x4D, 0x8B,
    0x4B, 0x73, 0x07, 0x53, 0x46, 0x53, 0x45, 0x4B, 0x05, 0x43, 0x25, 0x4B, 0x87, 0x53, 0x86, 0x5B,
    0xE8, 0x63, 0xC7, 0x63, 0x66, 0x53, 0x65, 0x53, 0xA6, 0x5B, 0x86, 0x5B, 0x45, 0x4B, 0x25, 0x4B,
    0x46, 0x4B, 0xE5, 0x42, 0x87, 0x53, 0xC8, 0x63, 0xA7, 0x63, 0xE7, 0x63, 0xC7, 0x63, 0x26, 0x4B,
    0xC6, 0x42, 0xA7, 0x5B, 0x86, 0x5B, 0x46, 0x53, 0x46, 0x53, 0x46, 0x53, 0x66, 0x53, 0x46, 0x53,
    0x67, 0x53, 0x46, 0x53, 0x87, 0x5B, 0x87, 0x5B, 0xE5, 0x42, 0x06, 0x4B, 0xC5, 0x3A, 0x84, 0x32,
    0x46, 0x4B, 0x26, 0x4B, 0xA6, 0x3A, 0x45, 0x2A, 0x86, 0x3A, 0x07, 0x43, 0xC7, 0x3A, 0x86, 0x3A,
    0x25, 0x32, 0xA4, 0x31, 0x63, 0x29, 0x83, 0x29, 0xA4, 0x29, 0xA3, 0x29, 0x04, 0x32, 0x24, 0x32,
    0x64, 0x3A, 0x85, 0x3A, 0xA5, 0x42, 0xC5, 0x42, 0xC5, 0x42, 0xC6, 0x3A, 0xC6, 0x3A, 0x06, 0x4B,
    0x26, 0x4B, 0x05, 0x43, 0x25, 0x4B, 0x46, 0x4B, 0x26, 0x4B, 0x66, 0x5B, 0xA7, 0x63, 0x46, 0x53,
    0x87, 0x5B, 0x86, 0x5B, 0xA7, 0x5B, 0x86, 0x5B, 0x66, 0x5B, 0xC7, 0x63, 0x45, 0x5B, 0x24, 0x4B,
    0x04, 0x4B, 0xC3, 0x42, 0xE4, 0x4A, 0x25, 0x53, 0x05, 0x53, 0xC4, 0x4A, 0xA4, 0x42, 0xC5, 0x4A,
    0xA5, 0x42, 0xA4, 0x42, 0xC5, 0x4A, 0xC5, 0x4A, 0xA5, 0x42, 0x03, 0x32, 0x03, 0x32, 0x43, 0x3A,
    0x81, 0x19, 0xE3, 0x29, 0x44, 0x32, 0x23, 0x32, 0x43, 0x32, 0x85, 0x3A, 0xA4, 0x3A, 0x84, 0x3A,
    0x05, 0x43, 0xE6, 0x5A, 0x8E, 0xB4, 0x4E, 0xB4, 0xAC, 0xA3, 0xED, 0xAB, 0xCC, 0xA3, 0x8C, 0x9B,
    0x6B, 0x93, 0x8C, 0x9B, 0x2B, 0x8B, 0xEB, 0x82, 0xEB, 0x82, 0x2B, 0x83, 0x0D, 0x94, 0x2C, 0x94,
    0x0C, 0x94, 0x0C, 0x94, 0xEB, 0x8B, 0xEB, 0x8B, 0x0C, 0x94, 0x2D, 0x94, 0x2C, 0x94, 0x0B, 0x8C,
    0x0C, 0x94, 0x0C, 0x94, 0x0C, 0x94, 0x2C, 0x94, 0x0C, 0x94, 0x2C, 0x94, 0x0C, 0x94, 0x0B, 0x94,
    0xEB, 0x8B, 0x2C, 0x94, 0x2C, 0x94, 0x2C, 0x9C, 0x2C, 0x9C, 0x0C, 0x94, 0x2C, 0x9C, 0x2C, 0x94,
    0x4C, 0x9C, 0x2C, 0x9C, 0x2C, 0x9C, 0x6D, 0xA4, 0x4D, 0xA4, 0x2C, 0x9C, 0x4C, 0x9C, 0x4C, 0x9C,
    0x4C, 0x9C, 0x2B, 0x9C, 0x4C, 0x9C, 0x6C, 0xA4, 0x6C, 0xA4, 0x4C, 0x9C, 0x6C, 0xA4, 0x6C, 0xA4,
    0x8D, 0xAC, 0x6D, 0xA4, 0x6C, 0xA4, 0x6C, 0xA4, 0x8D, 0xA4, 0x6C, 0xA4, 0x4C, 0xA4, 0x4C, 0x9C,
    0x6D, 0xA4, 0x0D, 0xA4, 0x8B, 0x9B, 0x6C, 0x9B, 0x4B, 0x9B, 0x8C, 0x9B, 0x4C, 0x93, 0x6C, 0x93,
    0x6B, 0x93, 0x4B, 0x93, 0x6B, 0x93, 0x8B, 0x93, 0x6B, 0x93, 0x6B, 0x93, 0x6B, 0x8B, 0x8A, 0x8B,
    0x89, 0x8B, 0x47, 0x83, 0xE6, 0x72, 0x85, 0x6A, 0xA5, 0x72, 0x46, 0x7B, 0x47, 0x83, 0xA5, 0x72,
    0xC7, 0x82, 0xE9, 0x8A, 0x6A, 0x9B, 0x6A, 0x9B, 0x6A, 0x9B, 0x49, 0x8B, 0x68, 0x83, 0x46, 0x73,
    0x65, 0x63, 0xC5, 0x73, 0x06, 0x84, 0xC4, 0x73, 0x05, 0x7C, 0x46, 0x84, 0x06, 0x7C, 0xE6, 0x7B,
    0x07, 0x7C, 0xC6, 0x73, 0xC5, 0x73, 0x06, 0x7C, 0x27, 0x84, 0xE7, 0x7B, 0xE8, 0x7B, 0xA7, 0x73,
    0x09, 0x9C, 0x6A, 0xBC, 0x09, 0xB4, 0x8A, 0xAC, 0x48, 0x94, 0xA5, 0x73, 0xA5, 0x73, 0x86, 0x83,
    0xAB, 0xAC, 0xB0, 0xCD, 0xCF, 0xCD, 0x6E, 0xC5, 0x2D, 0xBD, 0x4A, 0xAC, 0xC8, 0xA3, 0x09, 0xAC,
    0x29, 0xB4, 0x49, 0xBC, 0x2A, 0xBC, 0x2A, 0xBC, 0x09, 0xB4, 0xC8, 0xB3, 0xC8, 0xB3, 0x4A, 0xBC,
    0x4A, 0xBC, 0x4A, 0xBC, 0x09, 0xB4, 0x6B, 0xBC, 0x6B, 0xBC, 0x4B, 0xBC, 0x4B, 0xBC, 0x89, 0x9B,
    0x48, 0x8B, 0x69, 0x8B, 0x28, 0x6B, 0xC6, 0x42, 0xA5, 0x3A, 0xA5, 0x3A, 0xE6, 0x42, 0x06, 0x4B,
    0xE6, 0x42, 0x47, 0x4B, 0x88, 0x5B, 0x87, 0x5B, 0xC8, 0x63, 0xE8, 0x63, 0x09, 0x74, 0xE8, 0x6B,
    0x46, 0x53, 0x87, 0x5B, 0xE9, 0x63, 0xC8, 0x63, 0xA7, 0x63, 0xE8, 0x73, 0xA7, 0x63, 0x25, 0x53,
    0x46, 0x5B, 0x46, 0x5B, 0x87, 0x5B, 0x47, 0x53, 0x88, 0x5B, 0x88, 0x5B, 0x88, 0x5B, 0x0A, 0x74,
    0xE9, 0x6B, 0x88, 0x63, 0x47, 0x5B, 0x67, 0x5B, 0x06, 0x43, 0x26, 0x4B, 0xA8, 0x5B, 0x09, 0x6C,
    0x49, 0x74, 0x29, 0x74, 0x09, 0x6C, 0x6B, 0x7C, 0x4B, 0x7C, 0x4B, 0x7C, 0x8C, 0x84, 0x4B, 0x84,
    0x2B, 0x7C, 0x2B, 0x74, 0x2A, 0x74, 0x09, 0x6C, 0x2A, 0x74, 0x2A, 0x74, 0x09, 0x6C, 0xC8, 0x6B,
    0x07, 0x6C, 0xE7, 0x63, 0x66, 0x53, 0xA3, 0x3A, 0xA4, 0x3A, 0xA7, 0x5B, 0x86, 0x5B, 0x66, 0x53,
    0x86, 0x53, 0x05, 0x43, 0x64, 0x32, 0xA4, 0x29, 0xC7, 0x39, 0x08, 0x4A, 0x48, 0x5A, 0xA8, 0x5A,
    0x07, 0x5B, 0x46, 0x53, 0x86, 0x5B, 0x86, 0x53, 0x46, 0x4B, 0x86, 0x53, 0xC7, 0x63, 0x86, 0x53,
    0x25, 0x4B, 0x04, 0x4B, 0x45, 0x53, 0x45, 0x4B, 0x45, 0x4B, 0x86, 0x53, 0x86, 0x53, 0xA7, 0x5B,
    0xA7, 0x5B, 0x67, 0x53, 0x25, 0x4B, 0x46, 0x53, 0x66, 0x53, 0x86, 0x5B, 0xA7, 0x5B, 0x46, 0x53,
    0x88, 0x53, 0x87, 0x5B, 0x66, 0x53, 0x46, 0x53, 0x66, 0x53, 0x05, 0x43, 0x05, 0x4B, 0x46, 0x53,
    0x67, 0x5B, 0xE5, 0x42, 0xE5, 0x42, 0x67, 0x53, 0x26, 0x4B, 0x26, 0x4B, 0x06, 0x43, 0x84, 0x32,
    0xE6, 0x42, 0xE5, 0x42, 0x64, 0x32, 0x86, 0x32, 0xE7, 0x42, 0xC6, 0x3A, 0xE6, 0x3A, 0x07, 0x4B,
    0xE6, 0x4A, 0x85, 0x3A, 0x65, 0x3A, 0x85, 0x3A, 0x85, 0x3A, 0x24, 0x32, 0x23, 0x32, 0x64, 0x32,
    0x84, 0x3A, 0xA5, 0x3A, 0x85, 0x3A, 0xA5, 0x3A, 0xC6, 0x42, 0xC6, 0x3A, 0x85, 0x32, 0xA5, 0x3A,
    0xE6, 0x42, 0x27, 0x4B, 0xC5, 0x3A, 0x06, 0x43, 0x26, 0x53, 0x47, 0x53, 0x26, 0x53, 0x87, 0x5B,
    0x46, 0x53, 0x26, 0x4B, 0x87, 0x5B, 0x66, 0x53, 0x05, 0x4B, 0xA7, 0x63, 0x86, 0x63, 0x45, 0x53,
    0x04, 0x4B, 0x24, 0x53, 0x04, 0x4B, 0x04, 0x4B, 0xC4, 0x4A, 0xE4, 0x4A, 0xC4, 0x4A, 0xA4, 0x42,
    0xE5, 0x4A, 0xA4, 0x42, 0x05, 0x4B, 0xE5, 0x4A, 0x84, 0x42, 0x44, 0x3A, 0x23, 0x3A, 0x63, 0x42,
    0x02, 0x32, 0x81, 0x21, 0x03, 0x32, 0x64, 0x3A, 0x23, 0x32, 0x44, 0x32, 0x43, 0x32, 0xA4, 0x3A,
    0xA4, 0x3A, 0x84, 0x42, 0xEB, 0x8B, 0x8F, 0xB4, 0xCC, 0xAB, 0xED, 0xAB, 0xCC, 0xA3, 0xAC, 0xA3,
    0xAC, 0x9B, 0x6C, 0x93, 0x0B, 0x83, 0xCA, 0x82, 0xCA, 0x82, 0xCA, 0x7A, 0x6B, 0x83, 0x0C, 0x94,
    0xCB, 0x8B, 0x0C, 0x8C, 0x0C, 0x8C, 0x2C, 0x94, 0x0C, 0x94, 0x0C, 0x94, 0x0B, 0x94, 0xEB, 0x8B,
    0xEB, 0x8B, 0x0B, 0x8C, 0x0C, 0x94, 0x0C, 0x94, 0xEB, 0x8B, 0x0B, 0x8C, 0x2C, 0x94, 0x2C, 0x94,
    0x0C, 0x94, 0x2C, 0x94, 0x2C, 0x94, 0x0B, 0x94, 0x0C, 0x94, 0x2C, 0x94, 0x4D, 0x9C, 0x2C, 0x94,
    0x0B, 0x94, 0x2C, 0x94, 0x2C, 0x94, 0x2C, 0x9C, 0x4C, 0x9C, 0x4C, 0x9C, 0x2C, 0x9C, 0x4C, 0x9C,
    0x6D, 0xA4, 0x4C, 0x9C, 0x2B, 0x9C, 0x6C, 0xA4, 0x6C, 0x9C, 0x6C, 0xA4, 0x6C, 0xA4, 0x6C, 0xA4,
    0xAD, 0xA4, 0x6C, 0x9C, 0x8D, 0xA4, 0x8D, 0xA4, 0x4C, 0xA4, 0x4C, 0x9C, 0x4C, 0x9C, 0x4C, 0x9C,
    0x2C, 0x9C, 0xEC, 0x9B, 0x8C, 0x9B, 0x4B, 0x93, 0x6C, 0x9B, 0x8C, 0x9B, 0x4B, 0x93, 0x6C, 0x93,
    0x8C, 0x9B, 0x6B, 0x93, 0x6B, 0x93, 0x4A, 0x8B, 0x2A, 0x8B, 0x2A, 0x8B, 0x6A, 0x8B, 0x69, 0x7B,
    0x66, 0x73, 0x86, 0x73, 0x45, 0x6B, 0x45, 0x6B, 0xA6, 0x73, 0xC6, 0x73, 0x28, 0x84, 0xC7, 0x7B,
    0x26, 0x73, 0x06, 0x73, 0x27, 0x7B, 0x06, 0x73, 0x47, 0x7B, 0x67, 0x73, 0x65, 0x6B, 0x65, 0x63,
    0x64, 0x63, 0x06, 0x74, 0x26, 0x7C, 0x06, 0x7C, 0x66, 0x84, 0x46, 0x84, 0x26, 0x7C, 0x06, 0x7C,
    0xA4, 0x73, 0xA5, 0x73, 0xA5, 0x6B, 0x47, 0x84, 0x26, 0x84, 0x27, 0x84, 0x67, 0x8C, 0x48, 0x8C,
    0x68, 0x9C, 0x69, 0xB4, 0x28, 0xAC, 0x07, 0x94, 0x65, 0x6B, 0x45, 0x63, 0xE3, 0x52, 0xA6, 0x7B,
    0xCF, 0xC5, 0xAF, 0xC5, 0x6E, 0xBD, 0x2C, 0xAD, 0xCB, 0xA4, 0x8B, 0x9C, 0x63, 0x52, 0x84, 0x5A,
    0x27, 0x7B, 0x88, 0x93, 0x0A, 0xAC, 0x4A, 0xBC, 0x6A, 0xC4, 0x29, 0xBC, 0xE9, 0xB3, 0x2A, 0xBC,
    0x4A, 0xBC, 0x4B, 0xBC, 0x2A, 0xB4, 0x6B, 0xBC, 0x6B, 0xBC, 0x4B, 0xBC, 0x4B, 0xB4, 0x89, 0x9B,
    0x69, 0x8B, 0x8A, 0x93, 0xE7, 0x62, 0x24, 0x32, 0xC6, 0x42, 0xA6, 0x3A, 0xC6, 0x3A, 0xA5, 0x32,
    0x64, 0x2A, 0x44, 0x2A, 0x06, 0x43, 0x46, 0x4B, 0x86, 0x53, 0xE8, 0x6B, 0x6A, 0x7C, 0x09, 0x74,
    0xC7, 0x63, 0x87, 0x5B, 0x87, 0x5B, 0xE8, 0x6B, 0xC7, 0x63, 0xC8, 0x6B, 0xA8, 0x6B, 0x87, 0x63,
    0xC7, 0x6B, 0x07, 0x6C, 0x08, 0x74, 0x29, 0x74, 0x29, 0x74, 0x2A, 0x74, 0xE8, 0x6B, 0x09, 0x6C,
    0x6A, 0x7C, 0x6A, 0x7C, 0x4A, 0x74, 0x09, 0x6C, 0xC8, 0x63, 0x47, 0x53, 0x67, 0x5B, 0x2A, 0x74,
    0x4A, 0x74, 0xC8, 0x63, 0x46, 0x53, 0xC8, 0x63, 0xA8, 0x63, 0x09, 0x6C, 0x29, 0x74, 0x4A, 0x7C,
    0x6A, 0x7C, 0x6A, 0x7C, 0x6A, 0x74, 0x2A, 0x74, 0x4B, 0x7C, 0x0A, 0x74, 0x0A, 0x74, 0x2A, 0x74,
    0xC7, 0x63, 0x24, 0x4B, 0x45, 0x4B, 0xC8, 0x5B, 0x46, 0x53, 0x66, 0x53, 0xE8, 0x63, 0xA7, 0x5B,
    0x66, 0x53, 0x67, 0x53, 0xC5, 0x3A, 0x65, 0x3A, 0xA4, 0x29, 0xA4, 0x29, 0x45, 0x42, 0x85, 0x42,
    0x84, 0x42, 0x05, 0x4B, 0x86, 0x53, 0x25, 0x4B, 0x46, 0x4B, 0xA7, 0x5B, 0xE7, 0x63, 0xC7, 0x63,
    0x66, 0x53, 0x86, 0x53, 0x86, 0x53, 0x66, 0x53, 0x66, 0x4B, 0xA7, 0x5B, 0x46, 0x4B, 0x66, 0x53,
    0x86, 0x53, 0xA7, 0x5B, 0x66, 0x53, 0x66, 0x53, 0x65, 0x53, 0x66, 0x53, 0x05, 0x4B, 0xC4, 0x3A,
    0x26, 0x4B, 0xA7, 0x5B, 0x87, 0x5B, 0x46, 0x53, 0x46, 0x53, 0x46, 0x4B, 0xC5, 0x42, 0xA4, 0x42,
    0xE5, 0x4A, 0x26, 0x4B, 0xE5, 0x4A, 0x06, 0x4B, 0x06, 0x43, 0x27, 0x4B, 0xE6, 0x42, 0xC5, 0x3A,
    0x27, 0x4B, 0x06, 0x43, 0x85, 0x32, 0x45, 0x2A, 0xC6, 0x3A, 0xC6, 0x3A, 0xE6, 0x42, 0x27, 0x4B,
    0xA5, 0x3A, 0x64, 0x32, 0x44, 0x32, 0xA5, 0x3A, 0xA5, 0x3A, 0x85, 0x32, 0x23, 0x2A, 0x23, 0x2A,
    0x44, 0x2A, 0x44, 0x32, 0x23, 0x2A, 0x24, 0x2A, 0x85, 0x3A, 0xC6, 0x3A, 0x85, 0x3A, 0xC6, 0x42,
    0xE6, 0x42, 0x06, 0x43, 0xE6, 0x42, 0xC5, 0x42, 0xE6, 0x42, 0xC5, 0x42, 0x84, 0x3A, 0xA5, 0x42,
    0x06, 0x4B, 0x06, 0x4B, 0x46, 0x53, 0x47, 0x53, 0x05, 0x4B, 0x25, 0x53, 0x86, 0x5B, 0x45, 0x53,
    0x04, 0x4B, 0xE3, 0x4A, 0x24, 0x53, 0xE3, 0x4A, 0xA3, 0x42, 0xA3, 0x42, 0xA4, 0x42, 0x62, 0x3A,
    0xC4, 0x42, 0xC5, 0x4A, 0x83, 0x3A, 0xC4, 0x42, 0x02, 0x32, 0xE2, 0x29, 0x43, 0x3A, 0x84, 0x4A,
    0x64, 0x42, 0xC2, 0x29, 0xE2, 0x31, 0x43, 0x3A, 0x84, 0x3A, 0x23, 0x32, 0x23, 0x2A, 0x84, 0x3A,
    0xE5, 0x42, 0xA5, 0x42, 0xA5, 0x52, 0x8E, 0xAC, 0x0D, 0xAC, 0x8B, 0x9B, 0x8B, 0x9B, 0x4B, 0x93,
    0x8C, 0x93, 0x2B, 0x8B, 0x2B, 0x8B, 0xEA, 0x7A, 0xAA, 0x7A, 0xCA, 0x7A, 0xEA, 0x7A, 0xAA, 0x83,
    0xEB, 0x8B, 0xEB, 0x8B, 0xEB, 0x8B, 0xEB, 0x8B, 0xCB, 0x83, 0xEB, 0x8B, 0xEB, 0x8B, 0xEB, 0x8B,
    0x0B, 0x8C, 0x0B, 0x8C, 0x2C, 0x94, 0x2C, 0x94, 0x2C, 0x94, 0xEB, 0x8B, 0xEB, 0x8B, 0xEB, 0x8B,
    0x0B, 0x94, 0x0B, 0x94, 0xEB, 0x8B, 0x0B, 0x94, 0x0B, 0x94, 0x4C, 0x94, 0x2C, 0x94, 0x2C, 0x94,
    0x2C, 0x94, 0x0B, 0x94, 0x2C, 0x9C, 0x2C, 0x94, 0x0B, 0x94, 0x2B, 0x94, 0x2C, 0x9C, 0x4C, 0x9C,
    0x4C, 0x9C, 0x4C, 0x9C, 0x2C, 0x9C, 0x2B, 0x9C, 0x2B, 0x94, 0x0B, 0x94, 0x4C, 0x9C, 0x2B, 0x9C,
    0x2B, 0x9C, 0x6C, 0xA4, 0x6C, 0xA4, 0x4C, 0x9C, 0x4C, 0x9C, 0x4C, 0x9C, 0x4C, 0x9C, 0x2C, 0x9C,
    0xEB, 0x93, 0x4A, 0x8B, 0x4B, 0x93, 0x4B, 0x93, 0x4B, 0x93, 0x6B, 0x93, 0x4B, 0x8B, 0x4B, 0x8B,
    0x6B, 0x93, 0x2A, 0x8B, 0x6B, 0x93, 0x4B, 0x8B, 0x4B, 0x8B, 0x4B, 0x8B, 0x6A, 0x83, 0x47, 0x6B,
    0x25, 0x63, 0x85, 0x63, 0xE3, 0x4A, 0x44, 0x5B, 0xC5, 0x6B, 0xC5, 0x6B, 0x47, 0x7C, 0xE6, 0x73,
    0xC6, 0x73, 0xC6, 0x73, 0x65, 0x6B, 0x25, 0x63, 0x45, 0x63, 0x65, 0x63, 0x65, 0x63, 0x44, 0x5B,
    0x85, 0x63, 0xE6, 0x73, 0xA4, 0x63, 0x05, 0x7C, 0x67, 0x84, 0x06, 0x7C, 0x43, 0x63, 0x64, 0x63,
    0x06, 0x7C, 0x06, 0x7C, 0xC5, 0x73, 0x06, 0x7C, 0x27, 0x84, 0x87, 0x8C, 0x86, 0x8C, 0x46, 0x84,
    0x26, 0x8C, 0x47, 0x9C, 0x48, 0x9C, 0x07, 0x84, 0x65, 0x6B, 0xE4, 0x52, 0x83, 0x4A, 0x49, 0x8C,
    0xCF, 0xC5, 0x4E, 0xB5, 0x2D, 0xAD, 0xCB, 0x9C, 0x49, 0x8C, 0x4A, 0x8C, 0xA5, 0x4A, 0x82, 0x21,
    0x03, 0x32, 0x84, 0x4A, 0xE5, 0x6A, 0x47, 0x83, 0xA8, 0x9B, 0x2A, 0xB4, 0x4A, 0xBC, 0x2A, 0xBC,
    0x4A, 0xBC, 0x6B, 0xBC, 0x2A, 0xB4, 0x6B, 0xBC, 0x4B, 0xBC, 0x6B, 0xBC, 0x4B, 0xB4, 0x89, 0x93,
    0x48, 0x8B, 0x6A, 0x8B, 0xA7, 0x5A, 0x04, 0x2A, 0x85, 0x32, 0xE6, 0x3A, 0xC6, 0x3A, 0x44, 0x2A,
    0x65, 0x32, 0xE6, 0x3A, 0xE6, 0x3A, 0x47, 0x4B, 0x87, 0x53, 0x46, 0x53, 0xC7, 0x63, 0x08, 0x6C,
    0x08, 0x6C, 0x29, 0x74, 0xA7, 0x63, 0xC8, 0x6B, 0x0A, 0x7C, 0x6C, 0x94, 0x8D, 0x94, 0x4B, 0x84,
    0x08, 0x7C, 0x69, 0x7C, 0x69, 0x7C, 0xE7, 0x6B, 0xE8, 0x6B, 0xE8, 0x6B, 0x46, 0x53, 0xA8, 0x63,
    0x09, 0x6C, 0x09, 0x74, 0x6A, 0x7C, 0xAB, 0x84, 0x8A, 0x84, 0x29, 0x74, 0xC8, 0x63, 0x29, 0x6C,
    0x29, 0x6C, 0x87, 0x63, 0xE8, 0x6B, 0x29, 0x6C, 0xA7, 0x5B, 0xC7, 0x63, 0x28, 0x6C, 0x28, 0x74,
    0x08, 0x6C, 0xA6, 0x5B, 0xC8, 0x63, 0x29, 0x74, 0x2A, 0x74, 0xE9, 0x6B, 0xC9, 0x6B, 0xCA, 0x6B,
    0x25, 0x4B, 0xC3, 0x3A, 0x66, 0x53, 0x46, 0x53, 0xC4, 0x42, 0x05, 0x43, 0xC8, 0x5B, 0x45, 0x4B,
    0xE4, 0x42, 0x06, 0x4B, 0x46, 0x4B, 0x47, 0x4B, 0x47, 0x4B, 0x07, 0x4B, 0x27, 0x53, 0x87, 0x5B,
    0x25, 0x4B, 0xC4, 0x42, 0x25, 0x4B, 0x46, 0x4B, 0x26, 0x4B, 0xA7, 0x5B, 0xC6, 0x5B, 0x86, 0x5B,
    0x45, 0x4B, 0xA6, 0x53, 0x86, 0x53, 0x86, 0x53, 0x65, 0x53, 0xC7, 0x5B, 0x86, 0x53, 0x86, 0x53,
    0x86, 0x53, 0xC7, 0x5B, 0xA7, 0x63, 0xE7, 0x63, 0xA7, 0x5B, 0x66, 0x53, 0x46, 0x4B, 0x06, 0x4B,
    0x63, 0x32, 0xE5, 0x42, 0x87, 0x53, 0x46, 0x53, 0x46, 0x53, 0x66, 0x53, 0x05, 0x4B, 0x26, 0x4B,
    0x26, 0x4B, 0x05, 0x4B, 0xE5, 0x42, 0xC5, 0x42, 0xC6, 0x3A, 0x27, 0x4B, 0xE6, 0x42, 0xE6, 0x42,
    0x26, 0x43, 0xE6, 0x3A, 0x86, 0x32, 0xC7, 0x3A, 0x28, 0x4B, 0x27, 0x4B, 0x27, 0x4B, 0xA5, 0x3A,
    0xA5, 0x3A, 0xA5, 0x3A, 0xA5, 0x3A, 0xC6, 0x3A, 0x65, 0x32, 0xA5, 0x3A, 0x65, 0x32, 0xE3, 0x21,
    0x24, 0x2A, 0x64, 0x32, 0x65, 0x32, 0x44, 0x32, 0x85, 0x32, 0x85, 0x32, 0x85, 0x32, 0xC6, 0x3A,
    0x07, 0x43, 0xC6, 0x3A, 0x85, 0x32, 0x85, 0x32, 0xC6, 0x3A, 0x07, 0x4B, 0x07, 0x43, 0xC5, 0x42,
    0x05, 0x4B, 0xE5, 0x4A, 0xA4, 0x42, 0xC5, 0x42, 0x26, 0x4B, 0x05, 0x4B, 0x66, 0x5B, 0x25, 0x53,
    0xA2, 0x42, 0xA3, 0x42, 0xE3, 0x4A, 0xE3, 0x4A, 0xE4, 0x52, 0x83, 0x42, 0xA3, 0x42, 0xC3, 0x42,
    0xA4, 0x42, 0xA4, 0x42, 0x63, 0x3A, 0x63, 0x3A, 0x23, 0x32, 0xA1, 0x21, 0x22, 0x3A, 0xA4, 0x4A,
    0x64, 0x42, 0xA1, 0x29, 0x03, 0x32, 0x02, 0x32, 0x64, 0x3A, 0x84, 0x3A, 0x43, 0x32, 0x22, 0x32,
    0x83, 0x3A, 0x84, 0x3A, 0x44, 0x42, 0x4D, 0xA4, 0x6E, 0xBC, 0x8B, 0x9B, 0x6B, 0x9B, 0x4B, 0x93,
    0x6B, 0x93, 0x2A, 0x8B, 0x0A, 0x83, 0x0B, 0x83, 0xCA, 0x7A, 0xCA, 0x7A, 0x89, 0x72, 0xE9, 0x7A,
    0xAB, 0x8B, 0xCB, 0x83, 0xCA, 0x83, 0xAA, 0x7B, 0xAA, 0x7B, 0xCB, 0x83, 0xEB, 0x83, 0xEB, 0x83,
    0xEB, 0x83, 0xEB, 0x83, 0xEB, 0x83, 0xEB, 0x83, 0xEB, 0x83, 0x0B, 0x8C, 0xEA, 0x8B, 0xCA, 0x8B,
    0xCA, 0x8B, 0xCA, 0x8B, 0xCA, 0x8B, 0xEB, 0x8B, 0xEB, 0x8B, 0xEB, 0x8B, 0xCA, 0x8B, 0x0B, 0x8C,
    0x2B, 0x94, 0x2C, 0x94, 0x2B, 0x94, 0x0B, 0x94, 0x0B, 0x94, 0x0B, 0x94, 0x2B, 0x94, 0x0B, 0x94,
    0x0B, 0x94, 0x4C, 0x9C, 0x4C, 0x9C, 0x2B, 0x9C, 0xEA, 0x93, 0x0B, 0x94, 0x0B, 0x94, 0x0B, 0x94,
    0x2B, 0x94, 0x2B, 0x9C, 0x2B, 0x94, 0x0B, 0x94, 0x0B, 0x94, 0x2B, 0x94, 0x0A, 0x8C, 0x0B, 0x94,
    0xAB, 0x93, 0x6B, 0x8B, 0x4B, 0x93, 0x0A, 0x8B, 0x0A, 0x83, 0x2A, 0x8B, 0x6B, 0x8B, 0x4A, 0x8B,
    0x4B, 0x8B, 0x2A, 0x8B, 0x2A, 0x83, 0x0A, 0x83, 0x2A, 0x83, 0x6B, 0x8B, 0x8A, 0x83, 0x46, 0x63,
    0x04, 0x53, 0xC3, 0x4A, 0x41, 0x3A, 0x24, 0x5B, 0xA5, 0x6B, 0x85, 0x6B, 0xC6, 0x6B, 0x85, 0x63,
    0xC6, 0x6B, 0xA5, 0x6B, 0xC6, 0x73, 0xE6, 0x73, 0x44, 0x5B, 0x44, 0x5B, 0x03, 0x5B, 0x44, 0x63,
    0xC6, 0x6B, 0xC6, 0x6B, 0xE5, 0x73, 0x26, 0x7C, 0x26, 0x84, 0x46, 0x84, 0xC5, 0x73, 0xE6, 0x73,
    0xE5, 0x73, 0xA4, 0x6B, 0x46, 0x84, 0x46, 0x84, 0x26, 0x84, 0x05, 0x7C, 0x26, 0x84, 0x66, 0x8C,
    0x25, 0x7C, 0x47, 0x84, 0x68, 0x94, 0xC6, 0x7B, 0x86, 0x6B, 0x05, 0x5B, 0x83, 0x4A, 0x09, 0x84,
    0x6E, 0xB5, 0xEC, 0xA4, 0x8A, 0x9C, 0x29, 0x8C, 0xE8, 0x83, 0xC8, 0x7B, 0xC5, 0x52, 0xC2, 0x21,
    0x03, 0x2A, 0xE3, 0x29, 0xA1, 0x21, 0xC2, 0x31, 0x64, 0x52, 0xC5, 0x62, 0x88, 0x93, 0x4A, 0xBC,
    0x4A, 0xBC, 0x4B, 0xBC, 0x2A, 0xB4, 0x6B, 0xBC, 0x6B, 0xBC, 0x6C, 0xBC, 0x4C, 0xAC, 0xEB, 0x9B,
    0x2E, 0x9C, 0x90, 0xA4, 0x4F, 0x8C, 0x4B, 0x5B, 0x87, 0x3A, 0x44, 0x2A, 0xA5, 0x3A, 0xC6, 0x3A,
    0xA6, 0x32, 0x27, 0x43, 0xE6, 0x3A, 0xC6, 0x3A, 0x67, 0x53, 0x87, 0x53, 0xA7, 0x5B, 0x87, 0x53,
    0x08, 0x6C, 0x29, 0x74, 0x08, 0x74, 0xE9, 0x7B, 0x8E, 0xAC, 0xB0, 0xBC, 0x70, 0xB4, 0x6F, 0x9C,
    0x2B, 0x84, 0x49, 0x7C, 0xAA, 0x84, 0x49, 0x7C, 0x08, 0x74, 0x29, 0x74, 0xE8, 0x6B, 0xC8, 0x63,
    0x66, 0x53, 0x46, 0x53, 0xA7, 0x63, 0x8A, 0x7C, 0xCB, 0x8C, 0xAB, 0x84, 0x6A, 0x7C, 0x8A, 0x7C,
    0x6A, 0x7C, 0x6A, 0x84, 0xCB, 0x8C, 0x49, 0x74, 0xC7, 0x63, 0x28, 0x6C, 0x89, 0x7C, 0x48, 0x74,
    0xE7, 0x63, 0x86, 0x53, 0x08, 0x64, 0x49, 0x74, 0x49, 0x74, 0x8A, 0x7C, 0x8B, 0x84, 0x8B, 0x84,
    0x86, 0x53, 0x86, 0x53, 0xA7, 0x5B, 0xA7, 0x5B, 0x87, 0x53, 0x46, 0x4B, 0x66, 0x53, 0x46, 0x53,
    0x05, 0x43, 0x43, 0x32, 0xE5, 0x42, 0x87, 0x53, 0x66, 0x53, 0x05, 0x4B, 0x46, 0x53, 0x86, 0x5B,
    0x86, 0x5B, 0x25, 0x4B, 0xE5, 0x42, 0x46, 0x4B, 0x66, 0x53, 0xE8, 0x63, 0x07, 0x64, 0xC6, 0x5B,
    0x66, 0x53, 0x65, 0x53, 0x45, 0x4B, 0x86, 0x53, 0x45, 0x4B, 0x85, 0x53, 0x65, 0x53, 0x86, 0x53,
    0x86, 0x53, 0x86, 0x53, 0xA6, 0x5B, 0xC7, 0x63, 0xE8, 0x63, 0x66, 0x53, 0x46, 0x4B, 0xC7, 0x5B,
    0x05, 0x43, 0xC4, 0x3A, 0x05, 0x43, 0x46, 0x4B, 0x46, 0x53, 0xA7, 0x5B, 0x05, 0x43, 0xA4, 0x3A,
    0x26, 0x4B, 0xA4, 0x3A, 0xA5, 0x3A, 0x85, 0x3A, 0x64, 0x32, 0xC6, 0x3A, 0xE6, 0x42, 0xE6, 0x42,
    0xC5, 0x3A, 0x85, 0x32, 0x45, 0x2A, 0xC6, 0x3A, 0xE6, 0x42, 0xC6, 0x3A, 0xE6, 0x42, 0x85, 0x32,
    0xA5, 0x3A, 0xC6, 0x42, 0xA6, 0x3A, 0x86, 0x3A, 0x65, 0x32, 0x65, 0x32, 0x85, 0x32, 0x44, 0x32,
    0x85, 0x32, 0xA5, 0x3A, 0xC6, 0x3A, 0xA6, 0x3A, 0x85, 0x32, 0x85, 0x3A, 0xA5, 0x3A, 0x44, 0x32,
    0x85, 0x3A, 0x27, 0x4B, 0xC6, 0x3A, 0xA5, 0x32, 0xA5, 0x3A, 0x06, 0x43, 0x07, 0x4B, 0xC5, 0x42,
    0xC4, 0x42, 0x26, 0x53, 0x26, 0x53, 0x05, 0x4B, 0xE5, 0x4A, 0x26, 0x53, 0x67, 0x5B, 0xC8, 0x63,
    0x87, 0x5B, 0x25, 0x53, 0x24, 0x53, 0x44, 0x53, 0x25, 0x53, 0xA4, 0x4A, 0x62, 0x3A, 0xA3, 0x42,
    0x63, 0x3A, 0x84, 0x42, 0x64, 0x3A, 0x02, 0x32, 0x43, 0x3A, 0x63, 0x3A, 0x83, 0x42, 0x83, 0x4A,
    0xA4, 0x4A, 0x03, 0x32, 0xE2, 0x29, 0x02, 0x32, 0x03, 0x32, 0x85, 0x3A, 0x43, 0x32, 0x22, 0x32,
    0x63, 0x3A, 0x84, 0x3A, 0x03, 0x3A, 0xAA, 0x8B, 0xF0, 0xC4, 0xCC, 0xAB, 0x6B, 0x93, 0x4B, 0x8B,
    0x2A, 0x8B, 0x0A, 0x83, 0xC9, 0x7A, 0xCA, 0x7A, 0xA9, 0x7A, 0x68, 0x72, 0x89, 0x72, 0xA9, 0x6A,
    0x4A, 0x7B, 0xAA, 0x83, 0x89, 0x7B, 0xAA, 0x7B, 0xAA, 0x7B, 0xCA, 0x83, 0xAA, 0x7B, 0xEB, 0x83,
    0xCA, 0x83, 0xAA, 0x7B, 0xAA, 0x7B, 0xAA, 0x83, 0xCA, 0x83, 0xCA, 0x83, 0xCA, 0x83, 0xEA, 0x8B,
    0xCA, 0x83, 0xCA, 0x83, 0xCA, 0x83, 0xEB, 0x8B, 0xCA, 0x83, 0xCA, 0x83, 0xCA, 0x83, 0xCA, 0x83,
    0xAA, 0x83, 0xEA, 0x8B, 0xEA, 0x8B, 0xEB, 0x8B, 0x0B, 0x94, 0xEA, 0x8B, 0x0B, 0x94, 0x0B, 0x94,
    0x0A, 0x8C, 0x0A, 0x8C, 0x2B, 0x94, 0x0A, 0x8C, 0x0B, 0x94, 0x2B, 0x94, 0x0A, 0x8C, 0x0B, 0x94,
    0xEA, 0x93, 0xEA, 0x93, 0x0B, 0x94, 0x0B, 0x94, 0xEB, 0x93, 0xEA, 0x8B, 0xCA, 0x8B, 0xCB, 0x93,
    0x4A, 0x8B, 0x4A, 0x8B, 0x09, 0x83, 0xE9, 0x82, 0xE9, 0x82, 0x2A, 0x8B, 0x2A, 0x83, 0x0A, 0x83,
    0xE9, 0x82, 0x09, 0x83, 0x09, 0x83, 0x09, 0x83, 0x2A, 0x83, 0x8B, 0x8B, 0x68, 0x73, 0xC4, 0x52,
    0xC3, 0x4A, 0xC4, 0x4A, 0xE3, 0x4A, 0xA5, 0x63, 0xA4, 0x6B, 0xC5, 0x6B, 0xA5, 0x6B, 0x64, 0x63,
    0xA5, 0x6B, 0xA5, 0x6B, 0xE5, 0x73, 0x85, 0x6B, 0x64, 0x63, 0xC6, 0x6B, 0xE6, 0x73, 0xC6, 0x6B,
    0xA6, 0x6B, 0xA5, 0x6B, 0xE5, 0x73, 0x26, 0x7C, 0xE5, 0x73, 0x26, 0x7C, 0x47, 0x84, 0xE6, 0x73,
    0xC4, 0x6B, 0x05, 0x7C, 0x46, 0x84, 0x46, 0x84, 0x67, 0x8C, 0x87, 0x8C, 0x87, 0x8C, 0x05, 0x7C,
    0x25, 0x7C, 0x87, 0x8C, 0x47, 0x8C, 0x24, 0x63, 0x41, 0x42, 0xA3, 0x4A, 0xA3, 0x4A, 0xC4, 0x52,
    0xAB, 0x9C, 0xE8, 0x83, 0xC8, 0x7B, 0xC8, 0x7B, 0x67, 0x6B, 0x05, 0x5B, 0x23, 0x3A, 0xC5, 0x4A,
    0xA4, 0x42, 0x84, 0x42, 0xA4, 0x42, 0x43, 0x32, 0x03, 0x2A, 0x81, 0x21, 0x65, 0x62, 0x8C, 0xBC,
    0x6B, 0xBC, 0x4A, 0xBC, 0x2A, 0xB4, 0x8C, 0xC4, 0x6B, 0xBC, 0x8E, 0xB4, 0x11, 0xB5, 0x74, 0xB5,
    0x95, 0xB5, 0x75, 0xB5, 0x55, 0xAD, 0x14, 0x9D, 0xB2, 0x8C, 0xAC, 0x63, 0xC7, 0x3A, 0x64, 0x2A,
    0x44, 0x2A, 0x85, 0x32, 0x27, 0x43, 0x27, 0x43, 0x27, 0x4B, 0xA8, 0x53, 0xA8, 0x5B, 0x46, 0x4B,
    0x67, 0x53, 0x08, 0x6C, 0x28, 0x74, 0x0A, 0x84, 0x2D, 0xAC, 0xCE, 0xB3, 0xAE, 0xAB, 0x4C, 0x8B,
    0xAB, 0x7B, 0x49, 0x7C, 0x49, 0x7C, 0x28, 0x74, 0xE8, 0x6B, 0x09, 0x6C, 0x8A, 0x7C, 0x8A, 0x7C,
    0x29, 0x74, 0x6A, 0x74, 0x69, 0x74, 0x49, 0x74, 0x8A, 0x7C, 0x49, 0x7C, 0x8A, 0x7C, 0xCB, 0x84,
    0xCA, 0x84, 0xEB, 0x94, 0xEB, 0x8C, 0x49, 0x74, 0x49, 0x74, 0xA9, 0x84, 0xA9, 0x84, 0xA9, 0x84,
    0x89, 0x7C, 0xE7, 0x63, 0xC7, 0x63, 0x08, 0x6C, 0x28, 0x74, 0x49, 0x74, 0x28, 0x74, 0x29, 0x74,
    0x66, 0x53, 0x86, 0x53, 0x66, 0x53, 0x05, 0x43, 0xE5, 0x42, 0xA8, 0x5B, 0x87, 0x5B, 0xE5, 0x42,
    0x46, 0x4B, 0x06, 0x4B, 0x05, 0x43, 0x46, 0x4B, 0x05, 0x43, 0xC4, 0x3A, 0x26, 0x4B, 0xA7, 0x5B,
    0x86, 0x53, 0x25, 0x4B, 0xC5, 0x3A, 0x26, 0x4B, 0x87, 0x53, 0x08, 0x64, 0x07, 0x64, 0xC7, 0x5B,
    0x86, 0x53, 0x65, 0x53, 0xA6, 0x5B, 0xC7, 0x5B, 0x45, 0x4B, 0xA6, 0x53, 0x86, 0x53, 0x45, 0x4B,
    0x65, 0x4B, 0x86, 0x53, 0x65, 0x53, 0x45, 0x53, 0x66, 0x53, 0x25, 0x4B, 0x46, 0x4B, 0xA7, 0x53,
    0xA7, 0x5B, 0x86, 0x53, 0x66, 0x53, 0x46, 0x53, 0x26, 0x4B, 0x46, 0x4B, 0x87, 0x53, 0xE5, 0x42,
    0xC5, 0x3A, 0xA5, 0x3A, 0x85, 0x32, 0xE6, 0x42, 0xA6, 0x3A, 0xA5, 0x3A, 0xE6, 0x42, 0xE6, 0x42,
    0xC5, 0x3A, 0x65, 0x32, 0x66, 0x32, 0xA6, 0x3A, 0xC6, 0x3A, 0xC6, 0x3A, 0x85, 0x32, 0x85, 0x32,
    0x65, 0x32, 0xC6, 0x3A, 0xC6, 0x42, 0xC6, 0x3A, 0xA6, 0x3A, 0xA5, 0x3A, 0xA6, 0x3A, 0x85, 0x3A,
    0xA6, 0x3A, 0xA6, 0x3A, 0x64, 0x32, 0x85, 0x32, 0x44, 0x2A, 0x85, 0x32, 0x85, 0x3A, 0x85, 0x32,
    0x85, 0x3A, 0xC6, 0x42, 0xE7, 0x42, 0xA6, 0x3A, 0x44, 0x2A, 0x84, 0x32, 0xC5, 0x3A, 0x06, 0x4B,
    0xC5, 0x42, 0xE5, 0x4A, 0x05, 0x4B, 0x26, 0x53, 0x26, 0x53, 0x06, 0x4B, 0x26, 0x4B, 0x67, 0x53,
    0x67, 0x5B, 0x05, 0x4B, 0xE4, 0x4A, 0xE3, 0x4A, 0x05, 0x53, 0xC4, 0x4A, 0x62, 0x42, 0x83, 0x42,
    0x63, 0x3A, 0x63, 0x3A, 0xE5, 0x4A, 0x22, 0x32, 0x43, 0x3A, 0xA4, 0x4A, 0xA4, 0x4A, 0x63, 0x42,
    0x63, 0x42, 0x23, 0x3A, 0xA1, 0x21, 0x23, 0x3A, 0x03, 0x32, 0x85, 0x3A, 0x23, 0x32, 0x22, 0x32,
    0x63, 0x3A, 0x84, 0x42, 0x43, 0x3A, 0x89, 0x7B, 0x11, 0xCD, 0xED, 0xAB, 0x8C, 0x9B, 0x2A, 0x8B,
    0x2A, 0x83, 0x09, 0x83, 0xA9, 0x7A, 0xC9, 0x7A, 0x89, 0x7A, 0x89, 0x72, 0x89, 0x7A, 0xA9, 0x72,
    0xE9, 0x72, 0x8A, 0x83, 0x89, 0x7B, 0xA9, 0x7B, 0xAA, 0x7B, 0xAA, 0x7B, 0xAA, 0x7B, 0x89, 0x7B,
    0xCA, 0x83, 0xCA, 0x83, 0xCA, 0x83, 0xCA, 0x83, 0xA9, 0x7B, 0xA9, 0x7B, 0xA9, 0x83, 0xA9, 0x83,
    0xA9, 0x83, 0xA9, 0x83, 0xCA, 0x83, 0xCA, 0x83, 0xEA, 0x8B, 0xEA, 0x8B, 0xCA, 0x83, 0x89, 0x83,
    0xA9, 0x83, 0xCA, 0x83, 0xCA, 0x83, 0xCA, 0x83, 0x0A, 0x8C, 0x2B, 0x94, 0x2B, 0x94, 0x0A, 0x8C,
    0xEA, 0x8B, 0xEA, 0x8B, 0x2B, 0x94, 0xEA, 0x8B, 0xCA, 0x8B, 0xEA, 0x8B, 0xEA, 0x8B, 0xEA, 0x8B,
    0xEA, 0x8B, 0xCA, 0x8B, 0x0A, 0x8C, 0xEA, 0x8B, 0xEA, 0x8B, 0xCA, 0x8B, 0xCA, 0x8B, 0x6A, 0x8B,
    0x29, 0x83, 0x09, 0x83, 0xC8, 0x7A, 0xE9, 0x82, 0x09, 0x83, 0x2A, 0x8B, 0x09, 0x83, 0x09, 0x83,
    0xE9, 0x7A, 0x0A, 0x83, 0xE9, 0x7A, 0x0A, 0x83, 0x4A, 0x8B, 0x8A, 0x8B, 0x06, 0x63, 0x62, 0x42,
    0xA3, 0x42, 0x25, 0x53, 0xA6, 0x6B, 0xC5, 0x6B, 0xA5, 0x6B, 0x85, 0x63, 0x44, 0x5B, 0x44, 0x5B,
    0xA5, 0x6B, 0xA5, 0x6B, 0xA5, 0x63, 0x64, 0x63, 0xE6, 0x73, 0x27, 0x7C, 0xA5, 0x6B, 0xA5, 0x6B,
    0xA5, 0x6B, 0x64, 0x63, 0xC5, 0x6B, 0x06, 0x7C, 0x06, 0x74, 0x06, 0x7C, 0xC5, 0x73, 0xE6, 0x73,
    0x67, 0x84, 0x87, 0x8C, 0x87, 0x84, 0xA7, 0x94, 0xA7, 0x8C, 0xE8, 0x9C, 0xC8, 0x94, 0xC7, 0x94,
    0xE7, 0x94, 0xA7, 0x8C, 0x87, 0x8C, 0x06, 0x7C, 0x03, 0x5B, 0x45, 0x5B, 0xE4, 0x52, 0x43, 0x42,
    0x84, 0x4A, 0xA4, 0x5A, 0x42, 0x4A, 0xC4, 0x5A, 0x04, 0x5B, 0x04, 0x53, 0xE4, 0x4A, 0x86, 0x63,
    0x45, 0x5B, 0xC7, 0x73, 0x69, 0x8C, 0xC7, 0x73, 0x47, 0x5B, 0x02, 0x32, 0x85, 0x62, 0xAC, 0xC4,
    0x6B, 0xBC, 0x4A, 0xBC, 0x2A, 0xB4, 0x8C, 0xBC, 0x8E, 0xAC, 0x73, 0xBD, 0x74, 0xB5, 0x75, 0xAD,
    0x55, 0xA5, 0x14, 0x9D, 0xD4, 0x94, 0xB4, 0x94, 0xF4, 0x94, 0xF3, 0x94, 0x2E, 0x7C, 0x4D, 0x7C,
    0xEA, 0x6B, 0xA5, 0x3A, 0xC5, 0x3A, 0x27, 0x43, 0xE5, 0x3A, 0x88, 0x53, 0xC8, 0x53, 0x67, 0x4B,
    0x47, 0x4B, 0x66, 0x53, 0xC7, 0x63, 0x88, 0x73, 0x09, 0x83, 0x4B, 0x9B, 0x8C, 0xA3, 0x0B, 0x83,
    0xE8, 0x5A, 0xC8, 0x63, 0x08, 0x6C, 0xE8, 0x6B, 0x09, 0x6C, 0xC8, 0x63, 0xC8, 0x63, 0x29, 0x74,
    0x6A, 0x74, 0x6A, 0x74, 0x89, 0x7C, 0x08, 0x6C, 0x49, 0x74, 0x49, 0x74, 0x28, 0x74, 0xC7, 0x6B,
    0xE8, 0x6B, 0xAA, 0x84, 0xCA, 0x84, 0x89, 0x7C, 0x49, 0x74, 0x89, 0x7C, 0xA9, 0x84, 0xA9, 0x84,
    0xA9, 0x84, 0x89, 0x7C, 0x48, 0x74, 0x49, 0x74, 0x89, 0x7C, 0x48, 0x7C, 0x07, 0x74, 0x48, 0x7C,
    0xA6, 0x5B, 0x86, 0x5B, 0xE4, 0x42, 0x01, 0x22, 0x84, 0x32, 0x66, 0x53, 0x25, 0x4B, 0x04, 0x43,
    0x87, 0x53, 0x87, 0x53, 0x67, 0x53, 0xE6, 0x42, 0xE6, 0x42, 0xE6, 0x42, 0x25, 0x4B, 0x66, 0x4B,
    0xA7, 0x5B, 0x46, 0x4B, 0x26, 0x4B, 0xA5, 0x3A, 0x06, 0x43, 0xC8, 0x63, 0x29, 0x6C, 0x29, 0x6C,
    0x08, 0x64, 0xE7, 0x63, 0xE8, 0x63, 0x86, 0x53, 0x45, 0x4B, 0xC7, 0x5B, 0xA6, 0x5B, 0x04, 0x43,
    0xC3, 0x3A, 0x05, 0x43, 0x66, 0x53, 0x65, 0x53, 0x45, 0x4B, 0x05, 0x43, 0xE5, 0x42, 0x25, 0x43,
    0x05, 0x43, 0x25, 0x4B, 0x66, 0x53, 0x26, 0x4B, 0x06, 0x43, 0x06, 0x43, 0x26, 0x4B, 0x66, 0x4B,
    0xE5, 0x42, 0xE6, 0x42, 0xC6, 0x3A, 0x07, 0x43, 0xC6, 0x3A, 0xC6, 0x3A, 0x85, 0x32, 0xA5, 0x3A,
    0xC6, 0x42, 0x65, 0x32, 0xA7, 0x3A, 0xE7, 0x42, 0xE6, 0x42, 0x65, 0x32, 0x65, 0x32, 0xA6, 0x3A,
    0xC7, 0x42, 0xA6, 0x3A, 0xA5, 0x3A, 0x85, 0x32, 0xC6, 0x3A, 0xC6, 0x3A, 0xA5, 0x3A, 0xE6, 0x42,
    0xA6, 0x3A, 0xC6, 0x3A, 0xA5, 0x3A, 0x85, 0x32, 0x86, 0x3A, 0x45, 0x2A, 0x24, 0x2A, 0x24, 0x2A,
    0x44, 0x2A, 0x24, 0x2A, 0x24, 0x2A, 0xA6, 0x3A, 0x85, 0x3A, 0x44, 0x2A, 0x85, 0x3A, 0xC5, 0x42,
    0x26, 0x53, 0x05, 0x4B, 0xE5, 0x4A, 0x05, 0x4B, 0x87, 0x5B, 0x67, 0x5B, 0x05, 0x4B, 0x06, 0x4B,
    0x05, 0x4B, 0xC5, 0x42, 0x05, 0x4B, 0xA3, 0x42, 0x42, 0x32, 0xE5, 0x4A, 0xE4, 0x52, 0xA3, 0x4A,
    0x63, 0x3A, 0x63, 0x3A, 0xC4, 0x4A, 0x43, 0x3A, 0xE1, 0x31, 0x02, 0x3A, 0x84, 0x4A, 0x83, 0x42,
    0x63, 0x42, 0x43, 0x3A, 0xA1, 0x21, 0x03, 0x32, 0x03, 0x2A, 0x04, 0x32, 0x23, 0x2A, 0x23, 0x32,
    0x23, 0x32, 0x43, 0x3A, 0x43, 0x3A, 0x07, 0x63, 0x11, 0xC5, 0x8F, 0xC4, 0x8C, 0xA3, 0x2B, 0x93,
    0x0A, 0x83, 0x09, 0x83, 0xC9, 0x82, 0xC9, 0x7A, 0xA8, 0x7A, 0x88, 0x7A, 0x89, 0x7A, 0xC9, 0x7A,
    0x88, 0x6A, 0xE9, 0x7A, 0x8A, 0x7B, 0xA9, 0x7B, 0xAA, 0x7B, 0x89, 0x73, 0xA9, 0x7B, 0xA9, 0x7B,
    0xA9, 0x7B, 0xA9, 0x7B, 0xA9, 0x7B, 0xA9, 0x7B, 0xA9, 0x7B, 0x89, 0x7B, 0xA9, 0x7B, 0xA9, 0x83,
    0x89, 0x7B, 0xA9, 0x83, 0xA9, 0x7B, 0xA9, 0x83, 0xC9, 0x83, 0xC9, 0x83, 0xCA, 0x83, 0xC9, 0x83,
    0xA9, 0x83, 0xA9, 0x83, 0xC9, 0x83, 0xC9, 0x83, 0xCA, 0x83, 0xEA, 0x8B, 0xC9, 0x83, 0xEA, 0x8B,
    0xEA, 0x8B, 0xA9, 0x83, 0xC9, 0x83, 0xC9, 0x83, 0x0A, 0x8C, 0xEA, 0x8B, 0xC9, 0x83, 0xCA, 0x8B,
    0xCA, 0x83, 0xCA, 0x83, 0xA9, 0x83, 0xEA, 0x8B, 0xC9, 0x83, 0xA9, 0x83, 0x69, 0x83, 0xE8, 0x7A,
    0xE9, 0x82, 0x09, 0x83, 0xC8, 0x7A, 0xC9, 0x7A, 0xC8, 0x7A, 0x09, 0x83, 0xE9, 0x7A, 0xE9, 0x7A,
    0x09, 0x83, 0xE9, 0x7A, 0x09, 0x7B, 0x6B, 0x8B, 0x6B, 0x93, 0xAA, 0x83, 0x66, 0x63, 0x04, 0x53,
    0xE3, 0x4A, 0x65, 0x5B, 0x85, 0x63, 0x64, 0x63, 0x85, 0x63, 0xC6, 0x6B, 0x44, 0x5B, 0xA6, 0x6B,
    0x06, 0x74, 0xE6, 0x73, 0x85, 0x63, 0x24, 0x5B, 0x06, 0x74, 0x64, 0x63, 0x84, 0x6B, 0x47, 0x7C,
    0x06, 0x74, 0xA4, 0x6B, 0x06, 0x74, 0xE5, 0x73, 0xC5, 0x6B, 0xC5, 0x73, 0xA5, 0x6B, 0x43, 0x63,
    0x05, 0x7C, 0x05, 0x7C, 0x05, 0x7C, 0x87, 0x8C, 0xA7, 0x8C, 0xC8, 0x94, 0xC8, 0x94, 0xE8, 0x94,
    0x08, 0x9D, 0xA7, 0x8C, 0xC8, 0x94, 0xC8, 0x94, 0x47, 0x84, 0xE6, 0x73, 0x04, 0x5B, 0xC4, 0x52,
    0x02, 0x3A, 0x22, 0x42, 0x65, 0x6B, 0x85, 0x6B, 0xC6, 0x73, 0x85, 0x63, 0xA5, 0x6B, 0x06, 0x74,
    0xC5, 0x73, 0xE6, 0x73, 0x27, 0x84, 0x06, 0x7C, 0x28, 0x84, 0x65, 0x63, 0x66, 0x7B, 0xAC, 0xC4,
    0x6B, 0xBC, 0x4A, 0xBC, 0x4B, 0xB4, 0x8D, 0xB4, 0x32, 0xB5, 0x75, 0xB5, 0x34, 0xAD, 0x54, 0xA5,
    0x34, 0xA5, 0xD3, 0x94, 0xD3, 0x94, 0xB4, 0x94, 0x93, 0x84, 0x93, 0x84, 0x92, 0x8C, 0x73, 0xAD,
    0xB2, 0xB5, 0xCD, 0x8C, 0x27, 0x4B, 0x84, 0x32, 0x64, 0x32, 0x84, 0x32, 0x47, 0x4B, 0x26, 0x43,
    0x67, 0x4B, 0xC8, 0x5B, 0xA7, 0x53, 0x46, 0x53, 0x44, 0x52, 0x66, 0x6A, 0xC8, 0x72, 0x26, 0x52,
    0x62, 0x29, 0x44, 0x32, 0xA8, 0x5B, 0x29, 0x6C, 0xE8, 0x6B, 0xE8, 0x6B, 0x67, 0x5B, 0xE5, 0x4A,
    0x26, 0x4B, 0xE8, 0x63, 0x28, 0x6C, 0x49, 0x6C, 0x49, 0x74, 0x08, 0x6C, 0xE8, 0x6B, 0xA8, 0x63,
    0xC8, 0x6B, 0x49, 0x74, 0x8A, 0x7C, 0x8A, 0x7C, 0x8A, 0x7C, 0xA9, 0x84, 0x89, 0x84, 0x89, 0x7C,
    0x48, 0x74, 0x69, 0x7C, 0xA9, 0x84, 0x69, 0x7C, 0xA9, 0x84, 0x89, 0x84, 0xA9, 0x84, 0xCA, 0x8C,
    0xA7, 0x5B, 0x87, 0x5B, 0x26, 0x4B, 0x06, 0x43, 0x88, 0x53, 0x86, 0x53, 0x45, 0x4B, 0x86, 0x53,
    0x46, 0x4B, 0x26, 0x4B, 0x06, 0x43, 0xA5, 0x3A, 0xA5, 0x3A, 0x06, 0x43, 0x66, 0x4B, 0x05, 0x43,
    0x25, 0x4B, 0x46, 0x4B, 0x67, 0x53, 0x84, 0x3A, 0x43, 0x32, 0xA4, 0x3A, 0x04, 0x43, 0x66, 0x53,
    0xC7, 0x5B, 0xE8, 0x63, 0xE8, 0x63, 0x86, 0x53, 0x05, 0x43, 0x66, 0x53, 0xC7, 0x63, 0x45, 0x4B,
    0x05, 0x43, 0xE4, 0x42, 0xE4, 0x42, 0x45, 0x53, 0x66, 0x53, 0x46, 0x4B, 0x06, 0x43, 0xE5, 0x42,
    0xC5, 0x3A, 0xC4, 0x3A, 0xE5, 0x42, 0xC5, 0x3A, 0xE6, 0x42, 0xC5, 0x3A, 0xA4, 0x3A, 0x26, 0x43,
    0x26, 0x4B, 0xC5, 0x42, 0x65, 0x32, 0x85, 0x32, 0xC6, 0x42, 0x06, 0x43, 0x06, 0x43, 0xC5, 0x3A,
    0x64, 0x32, 0x04, 0x2A, 0x86, 0x32, 0xE6, 0x42, 0xC6, 0x3A, 0x65, 0x32, 0x24, 0x2A, 0x65, 0x32,
    0xA6, 0x3A, 0x64, 0x32, 0x85, 0x3A, 0x85, 0x32, 0xC6, 0x3A, 0x85, 0x32, 0x84, 0x32, 0xA5, 0x3A,
    0x64, 0x32, 0xC6, 0x3A, 0xC6, 0x3A, 0x65, 0x32, 0x45, 0x32, 0xE3, 0x21, 0x24, 0x2A, 0x64, 0x32,
    0x03, 0x22, 0x44, 0x32, 0x44, 0x32, 0x24, 0x32, 0x44, 0x32, 0x85, 0x3A, 0x85, 0x3A, 0x02, 0x2A,
    0xC4, 0x42, 0x05, 0x4B, 0x05, 0x4B, 0x46, 0x53, 0x25, 0x53, 0x66, 0x5B, 0x66, 0x53, 0x46, 0x53,
    0x88, 0x5B, 0xE5, 0x4A, 0xE5, 0x4A, 0x46, 0x5B, 0xC4, 0x42, 0x43, 0x3A, 0x63, 0x42, 0x62, 0x42,
    0x62, 0x42, 0x63, 0x3A, 0xA4, 0x4A, 0x83, 0x42, 0x22, 0x3A, 0xE2, 0x31, 0x22, 0x3A, 0x83, 0x42,
    0x43, 0x3A, 0x43, 0x3A, 0xC2, 0x29, 0xC2, 0x29, 0xC3, 0x21, 0xA2, 0x21, 0xC2, 0x21, 0x03, 0x2A,
    0x23, 0x32, 0x64, 0x3A, 0x63, 0x3A, 0x44, 0x42, 0xAF, 0xB4, 0xF1, 0xCC, 0xED, 0xB3, 0x2B, 0x9B,
    0x2A, 0x8B, 0xC9, 0x7A, 0xC9, 0x7A, 0xC9, 0x7A, 0xA8, 0x72, 0x88, 0x72, 0x88, 0x72, 0x88, 0x72,
    0x68, 0x72, 0x68, 0x6A, 0xE8, 0x72, 0x89, 0x7B, 0xA9, 0x7B, 0x69, 0x73, 0x89, 0x73, 0x89, 0x73,
    0x68, 0x73, 0x88, 0x73, 0x89, 0x7B, 0x88, 0x7B, 0x88, 0x7B, 0x88, 0x7B, 0x88, 0x7B, 0x88, 0x7B,
    0x68, 0x7B, 0x88, 0x7B, 0x88, 0x7B, 0x89, 0x7B, 0x89, 0x7B, 0xA9, 0x7B, 0x88, 0x7B, 0x88, 0x7B,
    0x89, 0x7B, 0xA9, 0x83, 0xA9, 0x7B, 0x89, 0x7B, 0x89, 0x7B, 0xA9, 0x83, 0xA9, 0x7B, 0xA9, 0x7B,
    0xC9, 0x83, 0xA8, 0x7B, 0xA9, 0x83, 0xA9, 0x83, 0xA9, 0x83, 0xA9, 0x83, 0xA9, 0x83, 0xA9, 0x83,
    0xA9, 0x83, 0xA9, 0x83, 0xC9, 0x83, 0xC9, 0x83, 0xA9, 0x83, 0x69, 0x83, 0xE8, 0x7A, 0xC8, 0x7A,
    0xA8, 0x7A, 0xC8, 0x7A, 0xA8, 0x72, 0xC8, 0x7A, 0xC8, 0x7A, 0xC8, 0x7A, 0xC8, 0x7A, 0xC8, 0x72,
    0xC8, 0x7A, 0xC9, 0x7A, 0x0A, 0x83, 0x4B, 0x8B, 0x8C, 0x93, 0xEA, 0x8B, 0xC7, 0x73, 0x24, 0x53,
    0x44, 0x5B, 0xA5, 0x63, 0x84, 0x63, 0x44, 0x5B, 0x44, 0x5B, 0x24, 0x5B, 0x85, 0x63, 0x85, 0x63,
    0x84, 0x63, 0xE6, 0x6B, 0x85, 0x63, 0x64, 0x5B, 0x27, 0x7C, 0x06, 0x7C, 0x06, 0x7C, 0x47, 0x84,
    0xE5, 0x73, 0xC5, 0x6B, 0x06, 0x74, 0xC4, 0x6B, 0xC4, 0x6B, 0x05, 0x74, 0xC5, 0x73, 0x26, 0x7C,
    0x87, 0x8C, 0x25, 0x84, 0x46, 0x84, 0x46, 0x84, 0x87, 0x8C, 0x86, 0x8C, 0xC7, 0x94, 0xC7, 0x94,
    0x46, 0x84, 0x46, 0x84, 0x47, 0x84, 0x67, 0x84, 0x66, 0x84, 0x46, 0x84, 0x06, 0x74, 0xE6, 0x73,
    0xE7, 0x73, 0x27, 0x7C, 0x67, 0x8C, 0x67, 0x8C, 0xA4, 0x6B, 0x64, 0x63, 0x46, 0x7C, 0x66, 0x84,
    0x67, 0x84, 0x26, 0x84, 0x27, 0x84, 0x26, 0x84, 0x27, 0x84, 0x86, 0x73, 0xE8, 0x93, 0xAB, 0xC4,
    0x8A, 0xBC, 0x4A, 0xBC, 0x4B, 0xB4, 0xEF, 0xBC, 0x53, 0xB5, 0x13, 0xAD, 0x13, 0xA5, 0xF3, 0x9C,
    0xD3, 0x94, 0xF4, 0x9C, 0x92, 0x8C, 0x31, 0x7C, 0x32, 0x7C, 0x31, 0x74, 0x11, 0x6C, 0x51, 0x84,
    0x11, 0xA5, 0x0F, 0xA5, 0x0B, 0x7C, 0xA5, 0x42, 0xE6, 0x42, 0xC5, 0x3A, 0x26, 0x43, 0x06, 0x43,
    0x06, 0x3B, 0x47, 0x4B, 0x46, 0x43, 0xA8, 0x5B, 0x88, 0x63, 0x06, 0x5B, 0x85, 0x52, 0x64, 0x42,
    0xA5, 0x42, 0xE6, 0x42, 0x67, 0x53, 0xC8, 0x5B, 0xA7, 0x5B, 0x68, 0x5B, 0xCE, 0x94, 0x8E, 0x84,
    0x06, 0x4B, 0x05, 0x43, 0x66, 0x53, 0xA7, 0x53, 0xE8, 0x63, 0x08, 0x6C, 0xE8, 0x6B, 0x2F, 0x9D,
    0x71, 0xA5, 0x6C, 0x7C, 0x09, 0x6C, 0x29, 0x74, 0xAB, 0x84, 0xCB, 0x8C, 0x8A, 0x7C, 0x08, 0x6C,
    0x48, 0x74, 0x68, 0x7C, 0x89, 0x84, 0x68, 0x7C, 0x68, 0x7C, 0x48, 0x74, 0x48, 0x7C, 0x28, 0x74,
    0x46, 0x4B, 0xE4, 0x42, 0xE5, 0x42, 0x25, 0x4B, 0x87, 0x53, 0x86, 0x53, 0x46, 0x4B, 0x05, 0x43,
    0x46, 0x4B, 0xA4, 0x3A, 0x84, 0x32, 0x64, 0x32, 0x64, 0x32, 0x67, 0x53, 0xE4, 0x42, 0x83, 0x32,
    0xC5, 0x3A, 0xE5, 0x42, 0x66, 0x53, 0x67, 0x53, 0x46, 0x4B, 0x25, 0x43, 0xE3, 0x42, 0xE3, 0x42,
    0x45, 0x4B, 0x46, 0x4B, 0xC7, 0x5B, 0xC8, 0x5B, 0xE4, 0x42, 0x45, 0x4B, 0x66, 0x53, 0xA7, 0x5B,
    0xC8, 0x5B, 0x66, 0x53, 0x25, 0x4B, 0x66, 0x53, 0x66, 0x53, 0x66, 0x4B, 0x05, 0x43, 0x47, 0x4B,
    0x06, 0x4B, 0xE5, 0x42, 0xA4, 0x3A, 0xA5, 0x3A, 0xA5, 0x3A, 0x85, 0x3A, 0xA5, 0x3A, 0xC5, 0x3A,
    0xE6, 0x42, 0x69, 0x5B, 0x4E, 0x7C, 0x6F, 0x7C, 0x49, 0x53, 0xE6, 0x42, 0x47, 0x4B, 0x06, 0x43,
    0x44, 0x2A, 0xC3, 0x21, 0x45, 0x32, 0xE6, 0x42, 0xC6, 0x3A, 0xC6, 0x3A, 0x86, 0x32, 0x44, 0x2A,
    0x85, 0x32, 0xA6, 0x3A, 0xC6, 0x3A, 0xC6, 0x3A, 0x85, 0x32, 0x03, 0x22, 0x64, 0x32, 0x84, 0x32,
    0x64, 0x32, 0xA5, 0x3A, 0xC6, 0x3A, 0xA5, 0x3A, 0x85, 0x32, 0xA6, 0x3A, 0xA6, 0x3A, 0x65, 0x32,
    0x44, 0x2A, 0xE2, 0x21, 0x84, 0x32, 0x84, 0x3A, 0x02, 0x2A, 0x23, 0x2A, 0xC5, 0x3A, 0xE5, 0x42,
    0x46, 0x53, 0x87, 0x5B, 0x25, 0x53, 0x05, 0x4B, 0x25, 0x53, 0x04, 0x4B, 0x66, 0x5B, 0x04, 0x4B,
    0x05, 0x4B, 0x46, 0x5B, 0xE5, 0x52, 0xE4, 0x4A, 0xE4, 0x4A, 0x63, 0x42, 0x62, 0x42, 0xA3, 0x4A,
    0x43, 0x42, 0x02, 0x3A, 0x42, 0x42, 0x63, 0x42, 0x21, 0x3A, 0x42, 0x42, 0x63, 0x42, 0x63, 0x42,
    0x02, 0x32, 0x02, 0x32, 0xE2, 0x29, 0xC2, 0x21, 0xE3, 0x29, 0xA2, 0x21, 0xC3, 0x21, 0xC3, 0x29,
    0x03, 0x32, 0x64, 0x3A, 0x43, 0x3A, 0x02, 0x32, 0xEC, 0x93, 0x11, 0xD5, 0x0E, 0xBC, 0x4B, 0xA3,
    0x4B, 0x93, 0xA9, 0x7A, 0x88, 0x72, 0xC9, 0x7A, 0xC8, 0x7A, 0xA8, 0x72, 0x88, 0x72, 0x88, 0x72,
    0x68, 0x72, 0x88, 0x72, 0xA8, 0x72, 0x09, 0x73, 0x89, 0x7B, 0x68, 0x73, 0x88, 0x73, 0x68, 0x73,
    0x68, 0x73, 0x88, 0x73, 0x88, 0x73, 0x68, 0x73, 0x68, 0x73, 0x88, 0x7B, 0x68, 0x7B, 0x68, 0x73,
    0x68, 0x73, 0x68, 0x7B, 0x88, 0x7B, 0x88, 0x7B, 0x88, 0x7B, 0x88, 0x7B, 0x88, 0x7B, 0xA8, 0x7B,
    0x89, 0x7B, 0x88, 0x7B, 0x89, 0x7B, 0x68, 0x7B, 0xA9, 0x7B, 0x89, 0x7B, 0x89, 0x7B, 0x88, 0x7B,
    0x88, 0x7B, 0x88, 0x7B, 0x68, 0x7B, 0x89, 0x7B, 0x89, 0x7B, 0x68, 0x7B, 0x89, 0x83, 0x88, 0x7B,
    0x68, 0x7B, 0x88, 0x7B, 0x88, 0x7B, 0x68, 0x7B, 0x69, 0x83, 0xE8, 0x7A, 0xA8, 0x72, 0xA8, 0x72,
    0xC9, 0x7A, 0xA8, 0x72, 0x87, 0x72, 0xC8, 0x72, 0xC8, 0x7A, 0xA7, 0x72, 0xA7, 0x72, 0xA8, 0x72,
    0xA8, 0x7A, 0x0A, 0x8B, 0x2B, 0x8B, 0x2B, 0x93, 0x8C, 0x93, 0x88, 0x7B, 0x44, 0x63, 0x03, 0x53,
    0x85, 0x63, 0xC6, 0x6B, 0xA5, 0x63, 0x85, 0x63, 0x85, 0x63, 0x64, 0x63, 0xC6, 0x6B, 0x84, 0x63,
    0x64, 0x63, 0x27, 0x7C, 0xE6, 0x6B, 0xA5, 0x6B, 0x67, 0x84, 0x46, 0x7C, 0xE5, 0x73, 0x46, 0x7C,
    0x05, 0x74, 0xE5, 0x73, 0xE5, 0x73, 0x26, 0x7C, 0x26, 0x7C, 0xE5, 0x73, 0x87, 0x8C, 0xA8, 0x94,
    0xA7, 0x94, 0xA7, 0x94, 0xC7, 0x94, 0x87, 0x8C, 0x46, 0x84, 0x86, 0x8C, 0x87, 0x8C, 0x87, 0x8C,
    0x67, 0x84, 0x06, 0x74, 0xE6, 0x73, 0x88, 0x8C, 0xA7, 0x8C, 0x87, 0x8C, 0x46, 0x84, 0x67, 0x84,
    0x47, 0x7C, 0x05, 0x7C, 0x66, 0x84, 0x66, 0x84, 0x25, 0x7C, 0x46, 0x7C, 0x66, 0x84, 0x87, 0x8C,
    0x67, 0x8C, 0x25, 0x7C, 0x46, 0x84, 0x67, 0x8C, 0x27, 0x84, 0x27, 0x84, 0x49, 0x9C, 0x8B, 0xBC,
    0x6A, 0xBC, 0x4A, 0xB4, 0x6B, 0xB4, 0x11, 0xBD, 0x13, 0xAD, 0xD2, 0x9C, 0xD2, 0x94, 0x92, 0x8C,
    0x92, 0x8C, 0x92, 0x8C, 0x51, 0x84, 0x72, 0x84, 0x52, 0x7C, 0x52, 0x7C, 0xF1, 0x6B, 0x10, 0x6C,
    0x4F, 0x84, 0x8D, 0x94, 0x2C, 0x84, 0x27, 0x53, 0x46, 0x4B, 0x67, 0x4B, 0x67, 0x4B, 0x47, 0x4B,
    0x67, 0x4B, 0x88, 0x53, 0x67, 0x53, 0x67, 0x53, 0xA8, 0x5B, 0xC8, 0x63, 0xA8, 0x63, 0x87, 0x5B,
    0xA8, 0x5B, 0x67, 0x53, 0x67, 0x53, 0x87, 0x53, 0x67, 0x53, 0xEE, 0x9C, 0x14, 0xCE, 0x93, 0xBD,
    0xCF, 0x94, 0xE8, 0x63, 0x2A, 0x6C, 0xE8, 0x63, 0xC7, 0x5B, 0x69, 0x74, 0xAC, 0x8C, 0xD4, 0xB5,
    0xB6, 0xB5, 0xF1, 0x8C, 0x2A, 0x74, 0x49, 0x74, 0x49, 0x74, 0x8A, 0x84, 0xCB, 0x8C, 0xAA, 0x84,
    0xAA, 0x84, 0x0B, 0x95, 0xAA, 0x84, 0xA9, 0x8C, 0xCA, 0x8C, 0x8A, 0x84, 0x86, 0x63, 0xC7, 0x6B,
    0x05, 0x4B, 0x46, 0x4B, 0x87, 0x5B, 0x87, 0x5B, 0x66, 0x53, 0x25, 0x4B, 0xE4, 0x3A, 0xA3, 0x3A,
    0x26, 0x4B, 0xE5, 0x42, 0x06, 0x43, 0xA4, 0x3A, 0xA5, 0x3A, 0x46, 0x53, 0x66, 0x53, 0x26, 0x4B,
    0x47, 0x4B, 0xE5, 0x42, 0xE4, 0x42, 0xE5, 0x42, 0xA7, 0x5B, 0xC7, 0x63, 0xE7, 0x63, 0x08, 0x64,
    0x25, 0x43, 0x05, 0x43, 0xE8, 0x63, 0xC7, 0x5B, 0x25, 0x4B, 0x46, 0x4B, 0xE4, 0x42, 0xA4, 0x3A,
    0xE5, 0x42, 0x46, 0x4B, 0x25, 0x4B, 0x04, 0x43, 0x46, 0x4B, 0x05, 0x43, 0x63, 0x32, 0xE6, 0x3A,
    0x06, 0x43, 0xE6, 0x42, 0xA5, 0x3A, 0x44, 0x32, 0x86, 0x3A, 0x44, 0x32, 0x85, 0x32, 0x27, 0x4B,
    0x49, 0x53, 0xB1, 0x84, 0x13, 0x9D, 0x13, 0x9D, 0xB1, 0x8C, 0xC7, 0x4A, 0xC5, 0x42, 0xE5, 0x42,
    0x85, 0x32, 0xE3, 0x21, 0x04, 0x22, 0x44, 0x32, 0xA5, 0x3A, 0xC6, 0x3A, 0xC6, 0x3A, 0xA5, 0x3A,
    0x85, 0x32, 0x85, 0x32, 0xA5, 0x3A, 0xE6, 0x42, 0xC5, 0x3A, 0xC5, 0x3A, 0xE6, 0x42, 0x07, 0x4B,
    0xC6, 0x3A, 0x85, 0x32, 0x64, 0x32, 0x85, 0x32, 0x85, 0x32, 0x03, 0x2A, 0x44, 0x2A, 0x23, 0x2A,
    0x65, 0x32, 0x44, 0x2A, 0x84, 0x32, 0x84, 0x32, 0x42, 0x2A, 0x43, 0x2A, 0x43, 0x2A, 0x83, 0x32,
    0xE5, 0x4A, 0x05, 0x53, 0xE4, 0x4A, 0xA3, 0x42, 0x86, 0x5B, 0xA7, 0x5B, 0x66, 0x53, 0x46, 0x53,
    0xC4, 0x42, 0x66, 0x5B, 0x87, 0x63, 0xC4, 0x42, 0x01, 0x32, 0xA4, 0x4A, 0x83, 0x42, 0xE4, 0x52,
    0x63, 0x42, 0x02, 0x32, 0x02, 0x3A, 0xA4, 0x4A, 0x42, 0x42, 0x02, 0x3A, 0x63, 0x42, 0x63, 0x42,
    0x22, 0x3A, 0xC2, 0x31, 0xC1, 0x29, 0x61, 0x21, 0x61, 0x19, 0xC3, 0x29, 0x61, 0x19, 0xC3, 0x29,
    0x03, 0x32, 0x43, 0x3A, 0x84, 0x42, 0x84, 0x42, 0x49, 0x7B, 0x11, 0xCD, 0x2E, 0xBC, 0xAD, 0xAB,
    0x8C, 0xA3, 0xA9, 0x82, 0xA9, 0x7A, 0xA8, 0x72, 0xA8, 0x72, 0xA8, 0x72, 0xA8, 0x72, 0x87, 0x72,
    0x67, 0x72, 0x88, 0x72, 0x88, 0x72, 0xA8, 0x72, 0xC7, 0x72, 0x48, 0x7B, 0x68, 0x73, 0x67, 0x73,
    0x67, 0x73, 0x68, 0x73, 0x67, 0x73, 0x67, 0x73, 0x68, 0x73, 0x88, 0x7B, 0x68, 0x73, 0x67, 0x73,
    0x68, 0x73, 0x88, 0x7B, 0x88, 0x7B, 0x88, 0x7B, 0x88, 0x7B, 0x88, 0x7B, 0x68, 0x73, 0x67, 0x73,
    0x68, 0x73, 0x67, 0x73, 0x88, 0x7B, 0x68, 0x73, 0x88, 0x7B, 0x68, 0x7B, 0x88, 0x7B, 0x88, 0x7B,
    0x88, 0x7B, 0x88, 0x7B, 0x88, 0x7B, 0x68, 0x73, 0xA8, 0x7B, 0x88, 0x7B, 0x88, 0x7B, 0x68, 0x7B,
    0x67, 0x73, 0x67, 0x73, 0x48, 0x7B, 0x28, 0x7B, 0xC7, 0x72, 0xA7, 0x72, 0x87, 0x72, 0xA7, 0x72,
    0xA8, 0x72, 0xA7, 0x72, 0xA7, 0x72, 0xA7, 0x72, 0x87, 0x72, 0x88, 0x72, 0x88, 0x72, 0xA9, 0x7A,
    0xC9, 0x82, 0xEA, 0x82, 0x4B, 0x93, 0x6C, 0x93, 0xAB, 0x93, 0xA7, 0x7B, 0xC5, 0x6B, 0x65, 0x5B,
    0x44, 0x5B, 0x24, 0x53, 0x23, 0x53, 0x65, 0x5B, 0x85, 0x63, 0xC5, 0x6B, 0xE6, 0x73, 0xC6, 0x6B,
    0x64, 0x63, 0xA5, 0x6B, 0xA5, 0x6B, 0xA5, 0x6B, 0x67, 0x84, 0x06, 0x7C, 0x05, 0x74, 0xA8, 0x8C,
    0x26, 0x7C, 0xE5, 0x73, 0xE5, 0x73, 0x46, 0x7C, 0x46, 0x7C, 0x66, 0x84, 0xC8, 0x94, 0x87, 0x8C,
    0xE8, 0x9C, 0x08, 0x9D, 0xA7, 0x8C, 0x25, 0x7C, 0x66, 0x84, 0xC8, 0x94, 0xA7, 0x94, 0x66, 0x84,
    0x06, 0x74, 0xC5, 0x6B, 0xA5, 0x6B, 0x27, 0x7C, 0xA8, 0x8C, 0x67, 0x84, 0x26, 0x7C, 0x46, 0x7C,
    0x06, 0x74, 0x46, 0x84, 0x46, 0x84, 0x66, 0x84, 0x46, 0x84, 0x25, 0x7C, 0x46, 0x84, 0x46, 0x84,
    0x87, 0x8C, 0x46, 0x84, 0x05, 0x7C, 0x47, 0x84, 0x47, 0x84, 0xE6, 0x7B, 0xE7, 0x83, 0x8A, 0xAC,
    0x8A, 0xB4, 0x4A, 0xB4, 0x8C, 0xB4, 0x11, 0xB5, 0xB1, 0x9C, 0x91, 0x94, 0x72, 0x8C, 0x71, 0x84,
    0x31, 0x7C, 0xF0, 0x73, 0xF0, 0x73, 0x31, 0x7C, 0x11, 0x74, 0x11, 0x74, 0xD0, 0x63, 0x6F, 0x5B,
    0xAD, 0x6B, 0x0C, 0x84, 0x89, 0x6B, 0x06, 0x4B, 0xE5, 0x42, 0x26, 0x4B, 0x46, 0x4B, 0x47, 0x4B,
    0x06, 0x43, 0x06, 0x43, 0x47, 0x4B, 0x26, 0x4B, 0x47, 0x53, 0x67, 0x5B, 0xA8, 0x5B, 0xA8, 0x5B,
    0x46, 0x53, 0x87, 0x53, 0xA8, 0x5B, 0x87, 0x53, 0x26, 0x4B, 0x0E, 0x9D, 0x71, 0xBD, 0xF0, 0xAC,
    0xCF, 0x94, 0xC9, 0x63, 0x67, 0x53, 0x05, 0x4B, 0x08, 0x6C, 0x69, 0x7C, 0x8B, 0x84, 0xF0, 0x94,
    0xB2, 0x94, 0x2E, 0x74, 0x2B, 0x6C, 0x8A, 0x74, 0xCA, 0x84, 0x89, 0x7C, 0xAA, 0x84, 0xCB, 0x8C,
    0xCA, 0x84, 0xCA, 0x84, 0xA9, 0x84, 0xCA, 0x8C, 0xCB, 0x8C, 0x8A, 0x84, 0x28, 0x74, 0xA7, 0x63,
    0xA4, 0x3A, 0xE5, 0x42, 0x04, 0x43, 0x25, 0x4B, 0xA7, 0x5B, 0x86, 0x53, 0x26, 0x4B, 0x26, 0x4B,
    0x67, 0x53, 0xE5, 0x42, 0x46, 0x4B, 0x47, 0x53, 0x47, 0x53, 0x67, 0x53, 0x25, 0x4B, 0x63, 0x32,
    0x84, 0x32, 0xE5, 0x42, 0x46, 0x4B, 0x05, 0x43, 0x25, 0x4B, 0x86, 0x53, 0xE7, 0x63, 0xC7, 0x5B,
    0x25, 0x4B, 0x26, 0x4B, 0x66, 0x53, 0x66, 0x53, 0x05, 0x43, 0x66, 0x53, 0x26, 0x4B, 0x83, 0x32,
    0x63, 0x32, 0xA4, 0x3A, 0x05, 0x43, 0x05, 0x43, 0xE4, 0x42, 0x46, 0x4B, 0xE6, 0x42, 0x85, 0x32,
    0x84, 0x32, 0x84, 0x32, 0xC5, 0x3A, 0x24, 0x2A, 0x66, 0x32, 0x85, 0x3A, 0x84, 0x32, 0xE6, 0x42,
    0x4A, 0x53, 0x72, 0x84, 0x72, 0x8C, 0x31, 0x8C, 0x71, 0x8C, 0x29, 0x5B, 0x63, 0x32, 0x06, 0x43,
    0xA5, 0x3A, 0xE3, 0x21, 0xE3, 0x21, 0x24, 0x2A, 0x44, 0x2A, 0x23, 0x2A, 0x85, 0x32, 0xC6, 0x3A,
    0xE6, 0x42, 0xC6, 0x3A, 0x85, 0x32, 0xA6, 0x3A, 0xC6, 0x42, 0xE6, 0x42, 0xE6, 0x42, 0xE6, 0x42,
    0xC6, 0x3A, 0x44, 0x2A, 0x03, 0x2A, 0x44, 0x2A, 0x24, 0x2A, 0x23, 0x2A, 0x44, 0x2A, 0x24, 0x2A,
    0xE3, 0x21, 0x65, 0x32, 0x64, 0x32, 0x64, 0x32, 0x02, 0x2A, 0x22, 0x2A, 0x63, 0x32, 0x63, 0x32,
    0xA3, 0x42, 0xA3, 0x42, 0x83, 0x3A, 0xC4, 0x42, 0x05, 0x4B, 0xE4, 0x4A, 0x46, 0x53, 0x67, 0x5B,
    0x46, 0x53, 0x06, 0x53, 0x67, 0x5B, 0x67, 0x5B, 0x63, 0x3A, 0xE2, 0x29, 0x83, 0x42, 0xA3, 0x4A,
    0x22, 0x3A, 0x22, 0x3A, 0x02, 0x32, 0xA5, 0x4A, 0x84, 0x4A, 0x42, 0x3A, 0x22, 0x3A, 0x22, 0x3A,
    0x22, 0x3A, 0xE2, 0x31, 0xE2, 0x31, 0xA2, 0x29, 0x21, 0x19, 0xC3, 0x29, 0x62, 0x21, 0x62, 0x21,
    0x03, 0x32, 0x02, 0x2A, 0x43, 0x3A, 0x63, 0x3A, 0xC6, 0x5A, 0xCF, 0xBC, 0x6F, 0xC4, 0xEE, 0xBB,
    0x6B, 0x9B, 0xEA, 0x8A, 0xCA, 0x82, 0x89, 0x7A, 0xA9, 0x7A, 0x88, 0x72, 0x88, 0x72, 0x87, 0x72,
    0x87, 0x72, 0x87, 0x72, 0x87, 0x72, 0x87, 0x72, 0x87, 0x72, 0xC7, 0x72, 0x08, 0x73, 0x68, 0x7B,
    0x67, 0x73, 0x68, 0x73, 0x47, 0x73, 0x67, 0x73, 0x67, 0x73, 0x67, 0x73, 0x68, 0x73, 0x67, 0x73,
    0x88, 0x73, 0x88, 0x7B, 0x67, 0x73, 0x68, 0x73, 0x68, 0x73, 0x88, 0x7B, 0x67, 0x73, 0x47, 0x73,
    0x68, 0x73, 0x88, 0x73, 0x88, 0x73, 0x88, 0x73, 0x67, 0x73, 0x68, 0x73, 0x68, 0x73, 0x68, 0x73,
    0x88, 0x73, 0x88, 0x73, 0x68, 0x73, 0x67, 0x73, 0x67, 0x73, 0x67, 0x73, 0x88, 0x7B, 0x68, 0x73,
    0x68, 0x73, 0x48, 0x73, 0x07, 0x73, 0xA7, 0x72, 0xA7, 0x72, 0xA7, 0x72, 0xA8, 0x72, 0xA8, 0x72,
    0xC8, 0x72, 0xC8, 0x7A, 0xA7, 0x72, 0x87, 0x72, 0x88, 0x72, 0x88, 0x72, 0x89, 0x7A, 0xEA, 0x82,
    0x0B, 0x8B, 0x2B, 0x8B, 0x2A, 0x8B, 0x6B, 0x93, 0xCA, 0x8B, 0xC7, 0x73, 0xA5, 0x6B, 0x23, 0x53,
    0x24, 0x53, 0x65, 0x5B, 0xA5, 0x63, 0x65, 0x63, 0x45, 0x5B, 0x64, 0x63, 0xC6, 0x6B, 0x65, 0x63,
    0x44, 0x5B, 0x85, 0x63, 0x23, 0x5B, 0x84, 0x63, 0x26, 0x7C, 0x05, 0x74, 0x05, 0x74, 0x26, 0x84,
    0x06, 0x7C, 0x06, 0x7C, 0x05, 0x74, 0x66, 0x84, 0x05, 0x7C, 0x46, 0x84, 0xC7, 0x94, 0xA7, 0x94,
    0xA7, 0x8C, 0x46, 0x84, 0x25, 0x7C, 0x46, 0x7C, 0x46, 0x84, 0x87, 0x8C, 0x86, 0x8C, 0x05, 0x7C,
    0x06, 0x74, 0xA5, 0x6B, 0x65, 0x63, 0x85, 0x6B, 0xA5, 0x6B, 0x26, 0x7C, 0x26, 0x7C, 0xE5, 0x73,
    0xE5, 0x73, 0x26, 0x7C, 0x67, 0x84, 0x87, 0x8C, 0x25, 0x7C, 0x05, 0x7C, 0xA8, 0x8C, 0x87, 0x8C,
    0xA7, 0x8C, 0x46, 0x84, 0x26, 0x7C, 0x47, 0x84, 0x47, 0x7C, 0xE6, 0x73, 0x48, 0x8C, 0x48, 0x94,
    0x48, 0x94, 0x29, 0x9C, 0xAC, 0xAC, 0x11, 0xAD, 0x90, 0x94, 0x2F, 0x84, 0x10, 0x7C, 0xF0, 0x73,
    0x10, 0x7C, 0xF0, 0x73, 0xF0, 0x73, 0xF0, 0x73, 0xD0, 0x6B, 0x8E, 0x5B, 0x8F, 0x5B, 0x6F, 0x53,
    0x6D, 0x63, 0x6A, 0x63, 0x07, 0x53, 0x27, 0x53, 0x67, 0x53, 0x46, 0x4B, 0x27, 0x4B, 0xE6, 0x42,
    0xE6, 0x42, 0xE6, 0x42, 0xE6, 0x42, 0x27, 0x4B, 0x47, 0x4B, 0x47, 0x53, 0x87, 0x53, 0x87, 0x53,
    0xA7, 0x53, 0xE9, 0x63, 0xA8, 0x5B, 0x46, 0x43, 0x26, 0x43, 0x06, 0x53, 0x0A, 0x84, 0x0C, 0x8C,
    0x49, 0x63, 0xE6, 0x42, 0x47, 0x4B, 0xA8, 0x5B, 0xC8, 0x63, 0x08, 0x6C, 0x6A, 0x7C, 0x0A, 0x74,
    0x28, 0x5B, 0xC6, 0x42, 0x26, 0x4B, 0x86, 0x53, 0xE8, 0x63, 0xE8, 0x6B, 0x49, 0x74, 0x29, 0x74,
    0x29, 0x74, 0xAB, 0x84, 0xCB, 0x84, 0x8A, 0x84, 0x8A, 0x7C, 0x28, 0x74, 0x49, 0x7C, 0x8A, 0x84,
    0xA4, 0x3A, 0xE5, 0x42, 0x46, 0x4B, 0xC3, 0x3A, 0x04, 0x43, 0x66, 0x53, 0x05, 0x43, 0x26, 0x43,
    0x05, 0x43, 0x87, 0x53, 0x05, 0x4B, 0x83, 0x3A, 0xA4, 0x3A, 0xA4, 0x3A, 0x42, 0x2A, 0x63, 0x32,
    0x84, 0x32, 0x87, 0x53, 0x66, 0x53, 0xC5, 0x3A, 0xA4, 0x3A, 0x82, 0x32, 0x65, 0x53, 0x46, 0x53,
    0x05, 0x43, 0x67, 0x53, 0x87, 0x53, 0x26, 0x4B, 0x67, 0x53, 0xA7, 0x5B, 0x05, 0x4B, 0xA4, 0x3A,
    0xE6, 0x42, 0xE5, 0x42, 0xE5, 0x42, 0xE5, 0x3A, 0xC4, 0x3A, 0xA4, 0x32, 0xC5, 0x3A, 0xC6, 0x3A,
    0xC5, 0x3A, 0x23, 0x2A, 0x64, 0x32, 0x65, 0x32, 0x24, 0x2A, 0x85, 0x3A, 0xC5, 0x3A, 0x65, 0x32,
    0x67, 0x3A, 0x4E, 0x5B, 0xAF, 0x73, 0xCF, 0x7B, 0x0E, 0x7C, 0x08, 0x53, 0x23, 0x2A, 0xC4, 0x3A,
    0x26, 0x4B, 0xC5, 0x3A, 0x85, 0x3A, 0xE6, 0x42, 0xE6, 0x42, 0xA6, 0x3A, 0x44, 0x32, 0x64, 0x32,
    0xA5, 0x3A, 0xA6, 0x3A, 0xA5, 0x3A, 0x64, 0x32, 0x44, 0x2A, 0x44, 0x2A, 0x64, 0x32, 0x84, 0x32,
    0x85, 0x3A, 0x44, 0x2A, 0x65, 0x32, 0x44, 0x2A, 0x24, 0x2A, 0xE2, 0x21, 0x03, 0x2A, 0x03, 0x22,
    0xA2, 0x19, 0xA2, 0x19, 0xC2, 0x21, 0x84, 0x3A, 0xC5, 0x42, 0x43, 0x32, 0xA4, 0x3A, 0x26, 0x4B,
    0x26, 0x4B, 0x05, 0x4B, 0xC4, 0x42, 0xE5, 0x4A, 0x26, 0x53, 0x05, 0x4B, 0x05, 0x4B, 0x06, 0x4B,
    0x06, 0x4B, 0x47, 0x53, 0x27, 0x53, 0xC5, 0x4A, 0x47, 0x53, 0x23, 0x32, 0xA0, 0x29, 0x42, 0x42,
    0x22, 0x3A, 0x02, 0x32, 0xE2, 0x31, 0xE2, 0x31, 0x03, 0x3A, 0x43, 0x3A, 0xE2, 0x31, 0x23, 0x3A,
    0x23, 0x3A, 0xE2, 0x31, 0xA1, 0x29, 0xE3, 0x31, 0x41, 0x19, 0x21, 0x19, 0xC3, 0x29, 0x41, 0x19,
    0xA2, 0x21, 0x03, 0x2A, 0x23, 0x3A, 0x43, 0x3A, 0x02, 0x3A, 0x4D, 0xA4, 0x8F, 0xC4, 0xCD, 0xB3,
    0x8C, 0xA3, 0x0A, 0x93, 0xEA, 0x8A, 0xA9, 0x7A, 0xCA, 0x7A, 0xA9, 0x7A, 0x68, 0x72, 0x47, 0x6A,
    0x67, 0x72, 0x46, 0x6A, 0x67, 0x6A, 0x87, 0x72, 0x67, 0x6A, 0x66, 0x6A, 0x86, 0x6A, 0xE7, 0x72,
    0x27, 0x73, 0x47, 0x73, 0x47, 0x73, 0x67, 0x73, 0x67, 0x73, 0x47, 0x73, 0x67, 0x73, 0x67, 0x73,
    0x67, 0x73, 0x47, 0x73, 0x47, 0x73, 0x67, 0x73, 0x67, 0x73, 0x67, 0x73, 0x67, 0x73, 0x47, 0x73,
    0x67, 0x73, 0x47, 0x73, 0x67, 0x73, 0x47, 0x73, 0x67, 0x73, 0x68, 0x73, 0x47, 0x73, 0x47, 0x73,
    0x67, 0x73, 0x67, 0x73, 0x67, 0x73, 0x67, 0x73, 0x47, 0x73, 0x47, 0x6B, 0x47, 0x6B, 0x27, 0x73,
    0x07, 0x73, 0xE7, 0x72, 0x86, 0x6A, 0x87, 0x6A, 0x87, 0x72, 0xA7, 0x72, 0x87, 0x72, 0x87, 0x72,
    0x87, 0x72, 0x67, 0x6A, 0x47, 0x6A, 0x68, 0x72, 0xA9, 0x7A, 0xCA, 0x82, 0xCA, 0x82, 0xEB, 0x8A,
    0x0B, 0x8B, 0x0A, 0x8B, 0x4B, 0x93, 0x8B, 0x93, 0xA8, 0x83, 0xA6, 0x6B, 0x85, 0x63, 0xC2, 0x42,
    0x65, 0x5B, 0xE6, 0x6B, 0x64, 0x5B, 0x64, 0x63, 0xA6, 0x6B, 0xA6, 0x6B, 0x24, 0x53, 0x03, 0x53,
    0xC6, 0x6B, 0x85, 0x63, 0x85, 0x63, 0x06, 0x74, 0x06, 0x7C, 0x26, 0x7C, 0x26, 0x7C, 0x47, 0x84,
    0x67, 0x8C, 0x47, 0x84, 0x46, 0x84, 0x67, 0x84, 0x46, 0x84, 0x66, 0x8C, 0xA7, 0x94, 0xA7, 0x8C,
    0x45, 0x7C, 0x25, 0x7C, 0x87, 0x84, 0xE4, 0x73, 0x66, 0x84, 0x87, 0x8C, 0x87, 0x8C, 0x84, 0x6B,
    0x64, 0x5B, 0x44, 0x5B, 0x03, 0x53, 0xC6, 0x73, 0xE6, 0x73, 0x67, 0x84, 0x67, 0x84, 0x84, 0x63,
    0xC5, 0x6B, 0x47, 0x7C, 0x46, 0x84, 0x25, 0x7C, 0x46, 0x7C, 0x47, 0x84, 0x46, 0x84, 0x87, 0x8C,
    0x87, 0x8C, 0x87, 0x84, 0x67, 0x84, 0x47, 0x84, 0x47, 0x84, 0x47, 0x84, 0x88, 0x8C, 0x27, 0x84,
    0x68, 0x8C, 0x68, 0x8C, 0x6A, 0x94, 0xAF, 0x9C, 0x4F, 0x8C, 0xCE, 0x73, 0xCE, 0x73, 0xAE, 0x6B,
    0x8E, 0x63, 0x8E, 0x6B, 0xCF, 0x6B, 0xCF, 0x6B, 0xAF, 0x63, 0x8F, 0x5B, 0x8F, 0x5B, 0x4E, 0x53,
    0x0A, 0x53, 0x65, 0x3A, 0x85, 0x3A, 0xE6, 0x42, 0x06, 0x4B, 0x27, 0x4B, 0x06, 0x43, 0xA5, 0x3A,
    0x64, 0x32, 0x64, 0x32, 0xE5, 0x42, 0x47, 0x4B, 0x67, 0x53, 0x87, 0x53, 0xC8, 0x5B, 0xA8, 0x53,
    0x87, 0x53, 0x87, 0x53, 0xE8, 0x63, 0xA7, 0x53, 0x46, 0x43, 0xE5, 0x42, 0xA4, 0x42, 0x64, 0x42,
    0x44, 0x32, 0xE5, 0x42, 0x47, 0x4B, 0xE8, 0x5B, 0x29, 0x6C, 0xE8, 0x63, 0xC7, 0x63, 0x28, 0x74,
    0xA7, 0x63, 0x86, 0x5B, 0x08, 0x6C, 0xE7, 0x63, 0x86, 0x53, 0xA7, 0x5B, 0x66, 0x53, 0xA7, 0x5B,
    0xC8, 0x63, 0x29, 0x6C, 0x8A, 0x7C, 0x8A, 0x7C, 0x8A, 0x7C, 0x08, 0x6C, 0xE8, 0x6B, 0xE8, 0x6B,
    0x26, 0x4B, 0x87, 0x53, 0x87, 0x53, 0x05, 0x43, 0x66, 0x4B, 0x45, 0x4B, 0x66, 0x53, 0x87, 0x53,
    0x05, 0x43, 0x05, 0x43, 0x66, 0x53, 0x83, 0x3A, 0x63, 0x32, 0xE5, 0x42, 0xE5, 0x42, 0xE5, 0x42,
    0xA4, 0x3A, 0xA7, 0x5B, 0x25, 0x4B, 0x43, 0x2A, 0x84, 0x32, 0x46, 0x4B, 0x66, 0x53, 0x05, 0x43,
    0xA5, 0x3A, 0x06, 0x43, 0x26, 0x4B, 0xE5, 0x42, 0xE5, 0x42, 0x25, 0x4B, 0x67, 0x53, 0xC5, 0x3A,
    0xA5, 0x3A, 0xC5, 0x3A, 0xC5, 0x3A, 0x05, 0x43, 0x06, 0x43, 0x84, 0x32, 0x43, 0x2A, 0x85, 0x32,
    0xA5, 0x3A, 0x85, 0x3A, 0xC5, 0x3A, 0xE6, 0x42, 0x64, 0x32, 0x64, 0x32, 0xA5, 0x3A, 0xC6, 0x3A,
    0xA4, 0x21, 0xC6, 0x29, 0x69, 0x42, 0x88, 0x42, 0xA7, 0x4A, 0xC6, 0x42, 0xC4, 0x3A, 0xC4, 0x3A,
    0x26, 0x4B, 0x06, 0x43, 0xA5, 0x3A, 0xC5, 0x3A, 0xE7, 0x42, 0xE7, 0x42, 0xC6, 0x42, 0xA5, 0x3A,
    0x85, 0x3A, 0x64, 0x32, 0x85, 0x32, 0x85, 0x32, 0x23, 0x2A, 0x45, 0x32, 0xC6, 0x3A, 0xA5, 0x3A,
    0xA5, 0x3A, 0xC5, 0x3A, 0x44, 0x32, 0x24, 0x2A, 0x03, 0x2A, 0x23, 0x2A, 0x23, 0x2A, 0xE2, 0x21,
    0x02, 0x22, 0x23, 0x2A, 0xC1, 0x21, 0x23, 0x32, 0x83, 0x3A, 0x02, 0x2A, 0x22, 0x2A, 0xA4, 0x3A,
    0xC4, 0x42, 0xE5, 0x4A, 0xA4, 0x42, 0xA5, 0x42, 0xE5, 0x4A, 0x46, 0x53, 0x46, 0x53, 0xA4, 0x42,
    0xA4, 0x42, 0x26, 0x53, 0x47, 0x5B, 0x06, 0x53, 0xE5, 0x4A, 0x27, 0x53, 0x63, 0x42, 0x22, 0x3A,
    0x23, 0x3A, 0x23, 0x3A, 0xC1, 0x29, 0xC2, 0x31, 0xE2, 0x31, 0x23, 0x3A, 0xE2, 0x31, 0x23, 0x32,
    0x03, 0x32, 0xC2, 0x29, 0x61, 0x21, 0xC2, 0x29, 0x82, 0x21, 0x21, 0x19, 0x82, 0x21, 0x82, 0x21,
    0x82, 0x21, 0xC2, 0x21, 0x44, 0x3A, 0x23, 0x3A, 0x02, 0x3A, 0xCA, 0x8B, 0xAF, 0xC4, 0xAC, 0xAB,
    0xED, 0xAB, 0x2A, 0x93, 0xEA, 0x8A, 0xCA, 0x82, 0xA9, 0x7A, 0xA9, 0x7A, 0x89, 0x72, 0x47, 0x6A,
    0x47, 0x6A, 0x67, 0x6A, 0x66, 0x6A, 0x66, 0x6A, 0x66, 0x6A, 0x46, 0x6A, 0x46, 0x6A, 0x86, 0x6A,
    0xA5, 0x6A, 0x07, 0x73, 0x27, 0x73, 0x47, 0x73, 0x47, 0x73, 0x67, 0x73, 0x46, 0x73, 0x46, 0x73,
    0x46, 0x73, 0x46, 0x73, 0x67, 0x73, 0x26, 0x6B, 0x47, 0x73, 0x47, 0x73, 0x46, 0x73, 0x46, 0x6B,
    0x46, 0x6B, 0x46, 0x6B, 0x47, 0x73, 0x46, 0x6B, 0x46, 0x6B, 0x27, 0x6B, 0x47, 0x73, 0x47, 0x73,
    0x47, 0x6B, 0x47, 0x73, 0x47, 0x73, 0x47, 0x73, 0x47, 0x73, 0x47, 0x73, 0x27, 0x73, 0x27, 0x73,
    0xA6, 0x6A, 0x86, 0x6A, 0x66, 0x6A, 0x87, 0x72, 0x87, 0x72, 0x46, 0x6A, 0x46, 0x6A, 0x47, 0x6A,
    0x27, 0x6A, 0x47, 0x6A, 0x88, 0x72, 0x89, 0x72, 0xCA, 0x82, 0x0B, 0x83, 0xC9, 0x82, 0x0A, 0x8B,
    0x2B, 0x8B, 0x0A, 0x8B, 0x4B, 0x93, 0x8B, 0x8B, 0x87, 0x73, 0x44, 0x5B, 0x24, 0x53, 0x24, 0x53,
    0xC6, 0x6B, 0xE6, 0x6B, 0xE6, 0x6B, 0xE6, 0x73, 0xC6, 0x6B, 0x65, 0x63, 0x65, 0x63, 0x85, 0x63,
    0x07, 0x74, 0xA5, 0x6B, 0xA5, 0x63, 0xE6, 0x73, 0x06, 0x74, 0x46, 0x7C, 0x47, 0x7C, 0x27, 0x7C,
    0xC5, 0x73, 0x05, 0x7C, 0xA8, 0x94, 0x87, 0x8C, 0x26, 0x7C, 0x66, 0x8C, 0xA7, 0x94, 0xA7, 0x8C,
    0x46, 0x7C, 0x25, 0x7C, 0x46, 0x7C, 0xC4, 0x73, 0x67, 0x8C, 0xE8, 0x94, 0xC8, 0x94, 0x26, 0x7C,
    0x85, 0x63, 0x85, 0x63, 0xE7, 0x73, 0x07, 0x74, 0x47, 0x7C, 0x46, 0x7C, 0x26, 0x7C, 0xC5, 0x6B,
    0x27, 0x7C, 0xC5, 0x6B, 0xA4, 0x6B, 0x05, 0x7C, 0x87, 0x8C, 0xE5, 0x73, 0x46, 0x84, 0x87, 0x8C,
    0x46, 0x7C, 0x26, 0x7C, 0x46, 0x7C, 0x88, 0x8C, 0x88, 0x8C, 0x88, 0x8C, 0x88, 0x8C, 0xA8, 0x94,
    0xA8, 0x94, 0x67, 0x8C, 0x28, 0x8C, 0x4C, 0x94, 0xED, 0x7B, 0x6C, 0x6B, 0x4C, 0x63, 0x8D, 0x63,
    0x8E, 0x63, 0x4D, 0x5B, 0x8E, 0x63, 0x6E, 0x5B, 0x2D, 0x53, 0x4E, 0x5B, 0x2E, 0x53, 0xEC, 0x4A,
    0x67, 0x3A, 0x24, 0x32, 0x64, 0x32, 0xA5, 0x3A, 0x84, 0x32, 0x84, 0x32, 0xA5, 0x3A, 0x64, 0x32,
    0x06, 0x43, 0x68, 0x53, 0x05, 0x43, 0x46, 0x4B, 0x26, 0x4B, 0x87, 0x53, 0xC8, 0x5B, 0x46, 0x4B,
    0xC4, 0x3A, 0x46, 0x4B, 0xC8, 0x63, 0x29, 0x6C, 0x46, 0x4B, 0x66, 0x53, 0x87, 0x53, 0x67, 0x53,
    0xA8, 0x5B, 0xA7, 0x5B, 0x46, 0x4B, 0x67, 0x4B, 0x66, 0x4B, 0x26, 0x4B, 0x87, 0x5B, 0xC8, 0x63,
    0xE8, 0x6B, 0x49, 0x74, 0x08, 0x6C, 0x08, 0x64, 0xE7, 0x63, 0xE8, 0x63, 0xA7, 0x5B, 0x66, 0x53,
    0xC7, 0x63, 0x29, 0x6C, 0xC7, 0x63, 0x08, 0x6C, 0xC8, 0x63, 0xE8, 0x63, 0x6A, 0x7C, 0x6A, 0x74,
    0x26, 0x4B, 0x46, 0x4B, 0x05, 0x43, 0xE4, 0x3A, 0xE5, 0x42, 0x46, 0x4B, 0xE7, 0x63, 0xA7, 0x5B,
    0x46, 0x4B, 0xC4, 0x3A, 0x46, 0x4B, 0x46, 0x4B, 0x05, 0x4B, 0x67, 0x53, 0x46, 0x53, 0x84, 0x32,
    0x43, 0x2A, 0x05, 0x43, 0x87, 0x53, 0x66, 0x4B, 0xE5, 0x42, 0x63, 0x32, 0x63, 0x32, 0x63, 0x32,
    0x23, 0x2A, 0x84, 0x3A, 0xE5, 0x42, 0xA4, 0x3A, 0x46, 0x4B, 0x46, 0x4B, 0x46, 0x4B, 0x87, 0x53,
    0x46, 0x4B, 0x26, 0x43, 0xA5, 0x3A, 0x05, 0x43, 0x06, 0x43, 0xA5, 0x3A, 0x85, 0x3A, 0x03, 0x2A,
    0xA3, 0x21, 0xE4, 0x29, 0x24, 0x2A, 0x44, 0x2A, 0x85, 0x32, 0x23, 0x2A, 0x84, 0x32, 0xE6, 0x42,
    0x25, 0x2A, 0xA4, 0x21, 0x63, 0x19, 0xA3, 0x21, 0x24, 0x2A, 0xA4, 0x3A, 0x05, 0x43, 0xE4, 0x42,
    0xE4, 0x42, 0x25, 0x4B, 0x84, 0x32, 0x84, 0x32, 0xA5, 0x3A, 0xA5, 0x3A, 0xA5, 0x3A, 0xC6, 0x3A,
    0x06, 0x43, 0x44, 0x32, 0x24, 0x2A, 0x64, 0x32, 0x64, 0x32, 0x85, 0x3A, 0xE6, 0x42, 0xE6, 0x42,
    0xE6, 0x42, 0xE6, 0x42, 0x64, 0x32, 0x64, 0x32, 0x85, 0x32, 0x23, 0x2A, 0x23, 0x2A, 0x23, 0x2A,
    0x64, 0x32, 0x63, 0x32, 0xA4, 0x3A, 0xE5, 0x42, 0xC5, 0x42, 0xC5, 0x42, 0x63, 0x32, 0x22, 0x2A,
    0x84, 0x3A, 0x46, 0x53, 0xC5, 0x42, 0x85, 0x3A, 0xA4, 0x3A, 0xA3, 0x42, 0x05, 0x4B, 0xE5, 0x4A,
    0xC4, 0x42, 0x26, 0x53, 0x05, 0x53, 0x87, 0x63, 0x26, 0x53, 0x46, 0x53, 0x26, 0x53, 0x63, 0x42,
    0x23, 0x3A, 0x85, 0x42, 0x23, 0x3A, 0x02, 0x32, 0xC2, 0x29, 0xE2, 0x31, 0xA2, 0x29, 0xE2, 0x31,
    0xC2, 0x29, 0xA2, 0x21, 0x82, 0x21, 0x82, 0x21, 0xA3, 0x29, 0x83, 0x21, 0x62, 0x21, 0xA2, 0x21,
    0x82, 0x21, 0x82, 0x21, 0xE3, 0x29, 0x23, 0x3A, 0xE2, 0x31, 0xE7, 0x62, 0xD0, 0xC4, 0xED, 0xAB,
    0xCD, 0xAB, 0x4B, 0x9B, 0x2B, 0x93, 0x0A, 0x8B, 0xA9, 0x7A, 0xCA, 0x7A, 0x89, 0x7A, 0x68, 0x72,
    0x88, 0x72, 0x88, 0x72, 0x67, 0x72, 0x66, 0x6A, 0x46, 0x6A, 0x46, 0x6A, 0x45, 0x6A, 0x66, 0x6A,
    0x65, 0x6A, 0x86, 0x6A, 0xA6, 0x6A, 0xE6, 0x72, 0x26, 0x73, 0x26, 0x73, 0x26, 0x6B, 0x26, 0x6B,
    0x46, 0x6B, 0x46, 0x6B, 0x46, 0x6B, 0x26, 0x6B, 0x26, 0x6B, 0x26, 0x6B, 0x26, 0x6B, 0x26, 0x6B,
    0x25, 0x6B, 0x25, 0x6B, 0x26, 0x6B, 0x26, 0x6B, 0x26, 0x6B, 0x46, 0x6B, 0x46, 0x6B, 0x26, 0x6B,
    0x26, 0x6B, 0x26, 0x6B, 0x26, 0x6B, 0x26, 0x6B, 0x27, 0x73, 0xE6, 0x6A, 0xA6, 0x6A, 0xA6, 0x6A,
    0x66, 0x6A, 0x66, 0x6A, 0x45, 0x6A, 0x46, 0x6A, 0x26, 0x6A, 0x26, 0x62, 0x26, 0x62, 0x68, 0x72,
    0x68, 0x72, 0x68, 0x72, 0xA9, 0x7A, 0xA9, 0x7A, 0xEA, 0x82, 0xEA, 0x82, 0xEA, 0x8A, 0x4B, 0x93,
    0x4B, 0x93, 0x2B, 0x93, 0x2B, 0x8B, 0x8A, 0x8B, 0x87, 0x73, 0x65, 0x5B, 0x24, 0x53, 0x04, 0x53,
    0x04, 0x4B, 0x85, 0x63, 0x06, 0x74, 0x65, 0x63, 0x85, 0x63, 0xE6, 0x6B, 0xE6, 0x6B, 0xC6, 0x6B,
    0x85, 0x63, 0x44, 0x5B, 0x24, 0x5B, 0xA5, 0x6B, 0xC5, 0x6B, 0x06, 0x74, 0xC5, 0x6B, 0x44, 0x5B,
    0x84, 0x6B, 0x67, 0x84, 0xA8, 0x94, 0xA7, 0x94, 0x87, 0x8C, 0xA7, 0x94, 0xE7, 0x94, 0xE8, 0x94,
    0x47, 0x84, 0x66, 0x84, 0x87, 0x8C, 0x87, 0x8C, 0xC8, 0x94, 0x87, 0x8C, 0xE5, 0x73, 0x44, 0x63,
    0x24, 0x5B, 0xE6, 0x73, 0x06, 0x74, 0x27, 0x7C, 0xC6, 0x73, 0xC5, 0x73, 0x47, 0x84, 0x87, 0x84,
    0x67, 0x84, 0x46, 0x84, 0x67, 0x84, 0x87, 0x8C, 0x66, 0x84, 0xA7, 0x8C, 0xA7, 0x8C, 0x87, 0x8C,
    0x67, 0x84, 0x87, 0x8C, 0xA8, 0x94, 0xA7, 0x8C, 0x87, 0x8C, 0xE9, 0x9C, 0xC8, 0x94, 0xA8, 0x94,
    0xC9, 0x94, 0xA8, 0x94, 0x89, 0x94, 0x8B, 0x94, 0x0C, 0x84, 0x8C, 0x73, 0x2B, 0x5B, 0xCA, 0x4A,
    0xCA, 0x4A, 0x2C, 0x53, 0x2C, 0x53, 0xAB, 0x42, 0xEC, 0x4A, 0x0C, 0x4B, 0x8B, 0x3A, 0x28, 0x32,
    0xE4, 0x21, 0x65, 0x32, 0x85, 0x3A, 0xA5, 0x3A, 0xC6, 0x42, 0xA5, 0x3A, 0x85, 0x3A, 0xA5, 0x3A,
    0xC5, 0x42, 0x47, 0x4B, 0x67, 0x53, 0x87, 0x5B, 0xA7, 0x5B, 0x46, 0x4B, 0xE5, 0x42, 0x47, 0x4B,
    0xA8, 0x5B, 0x46, 0x53, 0x87, 0x5B, 0xA7, 0x63, 0xE8, 0x6B, 0xE8, 0x6B, 0x46, 0x53, 0x26, 0x53,
    0x67, 0x5B, 0x88, 0x63, 0x2A, 0x74, 0x8C, 0x7C, 0x4B, 0x7C, 0x2B, 0x74, 0x4B, 0x7C, 0x4B, 0x7C,
    0xEA, 0x73, 0xC9, 0x6B, 0x87, 0x5B, 0x05, 0x4B, 0x66, 0x53, 0x49, 0x6C, 0x8A, 0x74, 0x69, 0x74,
    0x69, 0x74, 0x8A, 0x74, 0xC7, 0x5B, 0xC7, 0x5B, 0x09, 0x6C, 0xE9, 0x6B, 0xE8, 0x6B, 0x49, 0x74,
    0xA4, 0x3A, 0x63, 0x32, 0x83, 0x32, 0xA4, 0x3A, 0xA4, 0x3A, 0x45, 0x4B, 0x86, 0x53, 0xA4, 0x3A,
    0x23, 0x2A, 0x84, 0x3A, 0xE5, 0x42, 0x67, 0x53, 0x26, 0x4B, 0x25, 0x4B, 0xE5, 0x42, 0x06, 0x43,
    0xE6, 0x42, 0xC5, 0x3A, 0x05, 0x43, 0x25, 0x4B, 0xA5, 0x3A, 0x84, 0x32, 0xA5, 0x3A, 0xA5, 0x3A,
    0x84, 0x32, 0x05, 0x43, 0x26, 0x4B, 0xE5, 0x42, 0xE5, 0x3A, 0x26, 0x4B, 0x26, 0x4B, 0x05, 0x43,
    0x67, 0x53, 0x26, 0x4B, 0xC5, 0x3A, 0xC6, 0x42, 0x07, 0x4B, 0x49, 0x53, 0xED, 0x6B, 0x90, 0x84,
    0xB1, 0x8C, 0x90, 0x84, 0x2E, 0x74, 0x29, 0x53, 0x66, 0x3A, 0x04, 0x2A, 0x03, 0x22, 0x64, 0x32,
    0x45, 0x32, 0xE5, 0x21, 0x05, 0x2A, 0xE4, 0x29, 0x24, 0x2A, 0xA5, 0x3A, 0x05, 0x43, 0x25, 0x4B,
    0x25, 0x4B, 0x46, 0x4B, 0xE5, 0x42, 0x84, 0x32, 0x44, 0x2A, 0x64, 0x32, 0x64, 0x32, 0xA5, 0x3A,
    0xC6, 0x3A, 0x65, 0x32, 0x45, 0x32, 0xC6, 0x3A, 0xA5, 0x3A, 0x44, 0x32, 0x23, 0x2A, 0x03, 0x2A,
    0x44, 0x32, 0x64, 0x32, 0x03, 0x2A, 0x03, 0x22, 0xE2, 0x21, 0x44, 0x2A, 0x84, 0x32, 0x43, 0x2A,
    0x02, 0x2A, 0x84, 0x3A, 0x84, 0x3A, 0xE2, 0x21, 0x22, 0x2A, 0x63, 0x32, 0x84, 0x3A, 0x84, 0x3A,
    0x64, 0x3A, 0xA4, 0x42, 0x84, 0x3A, 0x85, 0x3A, 0xA5, 0x3A, 0xC4, 0x42, 0x43, 0x32, 0xA4, 0x42,
    0xE5, 0x4A, 0xC5, 0x4A, 0x46, 0x5B, 0xE5, 0x4A, 0x25, 0x53, 0x87, 0x5B, 0x66, 0x5B, 0xC4, 0x52,
    0xC2, 0x31, 0xE2, 0x31, 0x02, 0x32, 0xC2, 0x31, 0x81, 0x21, 0x81, 0x21, 0x61, 0x21, 0x81, 0x21,
    0xC2, 0x29, 0xC2, 0x29, 0xA2, 0x29, 0xA2, 0x29, 0x62, 0x21, 0x21, 0x19, 0x83, 0x21, 0xA3, 0x21,
    0x62, 0x19, 0x82, 0x21, 0xA2, 0x21, 0x23, 0x32, 0xE2, 0x31, 0xE3, 0x39, 0x2D, 0xAC, 0x0E, 0xB4,
    0x4B, 0x9B, 0x4B, 0x9B, 0x2B, 0x93, 0xCA, 0x82, 0xC9, 0x7A, 0xCA, 0x7A, 0xA9, 0x7A, 0x89, 0x72,
    0x68, 0x72, 0x68, 0x72, 0x47, 0x6A, 0x47, 0x6A, 0x46, 0x6A, 0x46, 0x6A, 0x25, 0x62, 0x25, 0x62,
    0x05, 0x62, 0x45, 0x6A, 0x65, 0x6A, 0x86, 0x6A, 0xA6, 0x6A, 0xC6, 0x6A, 0xE6, 0x6A, 0x06, 0x6B,
    0x26, 0x6B, 0x26, 0x6B, 0x26, 0x6B, 0x46, 0x6B, 0x46, 0x6B, 0x26, 0x6B, 0x26, 0x6B, 0x25, 0x6B,
    0x25, 0x6B, 0x26, 0x6B, 0x26, 0x6B, 0x26, 0x6B, 0x46, 0x6B, 0x46, 0x6B, 0x26, 0x6B, 0x26, 0x6B,
    0x06, 0x6B, 0x06, 0x6B, 0x06, 0x73, 0xC6, 0x6A, 0xA6, 0x6A, 0x85, 0x6A, 0x65, 0x6A, 0x45, 0x6A,
    0x45, 0x6A, 0x25, 0x62, 0x25, 0x62, 0x46, 0x6A, 0x46, 0x6A, 0x67, 0x72, 0x47, 0x6A, 0x47, 0x6A,
    0x89, 0x72, 0xA9, 0x7A, 0xCA, 0x82, 0xCA, 0x82, 0xA9, 0x82, 0xCA, 0x8A, 0xEA, 0x8A, 0x4B, 0x93,
    0x2B, 0x8B, 0x0B, 0x8B, 0x4B, 0x8B, 0x69, 0x7B, 0x05, 0x5B, 0x24, 0x53, 0xA3, 0x42, 0x83, 0x3A,
    0x24, 0x53, 0xA6, 0x63, 0x45, 0x5B, 0xC3, 0x4A, 0x65, 0x5B, 0xC6, 0x6B, 0x04, 0x53, 0x85, 0x63,
    0xC5, 0x6B, 0xA6, 0x6B, 0x24, 0x53, 0x25, 0x53, 0x45, 0x5B, 0xC6, 0x6B, 0xC5, 0x6B, 0xA5, 0x6B,
    0xA5, 0x6B, 0xA5, 0x6B, 0x46, 0x7C, 0x67, 0x84, 0xC8, 0x94, 0xC8, 0x94, 0xC8, 0x94, 0x25, 0x7C,
    0x67, 0x8C, 0x08, 0x9D, 0xC8, 0x94, 0x87, 0x8C, 0x46, 0x84, 0x84, 0x6B, 0x44, 0x63, 0x24, 0x5B,
    0x85, 0x6B, 0xA5, 0x6B, 0x44, 0x63, 0x85, 0x63, 0xA6, 0x6B, 0x68, 0x84, 0xA8, 0x8C, 0xC8, 0x94,
    0x87, 0x8C, 0xA7, 0x8C, 0x66, 0x84, 0x66, 0x84, 0xA7, 0x8C, 0xA8, 0x8C, 0x87, 0x84, 0xA8, 0x8C,
    0xA8, 0x8C, 0xC8, 0x94, 0xE8, 0x94, 0x87, 0x8C, 0xC8, 0x94, 0xE9, 0x94, 0xC8, 0x94, 0xC8, 0x94,
    0xC9, 0x94, 0xC9, 0x9C, 0xA8, 0x94, 0x28, 0x84, 0xCA, 0x7B, 0x4A, 0x6B, 0xCA, 0x52, 0xA9, 0x4A,
    0xAA, 0x42, 0xAA, 0x42, 0x0B, 0x4B, 0x0C, 0x4B, 0xEC, 0x4A, 0x8A, 0x3A, 0xC6, 0x21, 0xA4, 0x19,
    0x04, 0x2A, 0xA6, 0x3A, 0xC7, 0x42, 0x45, 0x32, 0x45, 0x32, 0xA6, 0x3A, 0xA5, 0x3A, 0xA5, 0x3A,
    0x64, 0x32, 0xC5, 0x3A, 0x87, 0x53, 0x46, 0x53, 0x66, 0x5B, 0x66, 0x53, 0x25, 0x43, 0xC4, 0x3A,
    0x46, 0x4B, 0x66, 0x53, 0x66, 0x53, 0x87, 0x5B, 0x67, 0x5B, 0x2A, 0x7C, 0x2A, 0x7C, 0xAE, 0x94,
    0x50, 0xA5, 0x71, 0xAD, 0xF3, 0xBD, 0x14, 0xC6, 0x13, 0xBE, 0xF3, 0xBD, 0xD2, 0xB5, 0xF3, 0xBD,
    0xD3, 0xBD, 0x50, 0xA5, 0xCE, 0x94, 0xAD, 0x8C, 0xEA, 0x6B, 0xA8, 0x63, 0x87, 0x5B, 0x09, 0x6C,
    0x6A, 0x74, 0x87, 0x53, 0x66, 0x53, 0x66, 0x53, 0xC8, 0x5B, 0x2A, 0x6C, 0x2A, 0x6C, 0x09, 0x6C,
    0x22, 0x2A, 0xC5, 0x42, 0x06, 0x43, 0xE6, 0x42, 0xC5, 0x3A, 0x46, 0x4B, 0x46, 0x53, 0xC5, 0x3A,
    0xC2, 0x19, 0x23, 0x2A, 0x64, 0x32, 0x63, 0x32, 0x26, 0x4B, 0x46, 0x4B, 0xE5, 0x42, 0x06, 0x4B,
    0x07, 0x4B, 0x26, 0x4B, 0xE5, 0x3A, 0xC5, 0x3A, 0x06, 0x4B, 0x85, 0x3A, 0x64, 0x32, 0xA5, 0x3A,
    0xE5, 0x42, 0x05, 0x43, 0x05, 0x43, 0x84, 0x32, 0x43, 0x2A, 0xC5, 0x3A, 0x27, 0x4B, 0xC5, 0x3A,
    0xC5, 0x3A, 0x07, 0x4B, 0xA6, 0x42, 0xED, 0x6B, 0x12, 0x95, 0xB6, 0xAD, 0xF8, 0xB5, 0xF8, 0xB5,
    0x18, 0xBE, 0x18, 0xBE, 0x38, 0xBE, 0x17, 0xBE, 0x33, 0x9D, 0xCD, 0x6B, 0x05, 0x2A, 0x03, 0x2A,
    0xE3, 0x21, 0x62, 0x11, 0xC3, 0x19, 0x65, 0x32, 0xC6, 0x3A, 0xE6, 0x42, 0xA4, 0x3A, 0x05, 0x43,
    0xA3, 0x3A, 0x83, 0x32, 0xA4, 0x3A, 0x44, 0x32, 0xA5, 0x3A, 0xA5, 0x3A, 0x23, 0x2A, 0x44, 0x32,
    0xE6, 0x42, 0x65, 0x32, 0x86, 0x3A, 0xC6, 0x42, 0x85, 0x32, 0x23, 0x2A, 0x24, 0x2A, 0xA2, 0x21,
    0x03, 0x2A, 0x24, 0x32, 0x24, 0x32, 0x64, 0x32, 0x64, 0x32, 0x24, 0x2A, 0xA5, 0x3A, 0x84, 0x3A,
    0xA5, 0x3A, 0x64, 0x32, 0x43, 0x2A, 0x02, 0x22, 0x84, 0x32, 0xE4, 0x42, 0xA4, 0x42, 0xA4, 0x42,
    0xA4, 0x42, 0xE5, 0x4A, 0xA5, 0x42, 0x64, 0x3A, 0xA5, 0x42, 0xE5, 0x4A, 0xC5, 0x4A, 0x64, 0x3A,
    0xA5, 0x42, 0xE5, 0x4A, 0xE6, 0x4A, 0x06, 0x53, 0x46, 0x53, 0x66, 0x5B, 0x86, 0x63, 0x46, 0x5B,
    0x02, 0x3A, 0x80, 0x21, 0xA1, 0x29, 0xA2, 0x29, 0xC2, 0x29, 0x61, 0x21, 0x41, 0x19, 0xA2, 0x21,
    0xC2, 0x29, 0xE3, 0x31, 0xE3, 0x31, 0x61, 0x21, 0x41, 0x21, 0x41, 0x19, 0x41, 0x19, 0xA2, 0x21,
    0x62, 0x21, 0x62, 0x19, 0x82, 0x21, 0xA2, 0x21, 0x44, 0x3A, 0x03, 0x3A, 0xEC, 0x93, 0x2E, 0xBC,
    0x4B, 0x9B, 0x2B, 0x93, 0x2B, 0x93, 0xCA, 0x82, 0xC9, 0x7A, 0xA9, 0x7A, 0x89, 0x7A, 0x69, 0x72,
    0x68, 0x72, 0x68, 0x72, 0x48, 0x72, 0x27, 0x6A, 0x26, 0x6A, 0x46, 0x6A, 0x46, 0x6A, 0x26, 0x6A,
    0x05, 0x62, 0x05, 0x62, 0x25, 0x62, 0x25, 0x62, 0x25, 0x62, 0x24, 0x62, 0x65, 0x62, 0x85, 0x6A,
    0xA6, 0x6A, 0xE6, 0x6A, 0xC5, 0x6A, 0xE5, 0x62, 0xE6, 0x6A, 0x06, 0x6B, 0x26, 0x6B, 0x06, 0x6B,
    0x06, 0x6B, 0x06, 0x6B, 0x06, 0x6B, 0x06, 0x6B, 0xE6, 0x6A, 0xC5, 0x62, 0xA5, 0x62, 0xC6, 0x6A,
    0xA6, 0x6A, 0x85, 0x6A, 0x45, 0x62, 0x45, 0x62, 0x04, 0x62, 0x05, 0x62, 0x05, 0x62, 0x05, 0x62,
    0x05, 0x62, 0x26, 0x62, 0x26, 0x6A, 0x26, 0x6A, 0x26, 0x6A, 0x47, 0x6A, 0x47, 0x6A, 0x48, 0x72,
    0x89, 0x7A, 0xA9, 0x82, 0xA9, 0x82, 0xA9, 0x82, 0xA9, 0x82, 0xC9, 0x8A, 0x2A, 0x93, 0x4B, 0x93,
    0x2B, 0x93, 0xEA, 0x8A, 0x6B, 0x8B, 0x68, 0x73, 0xE5, 0x52, 0x63, 0x3A, 0x22, 0x32, 0x84, 0x42,
    0x45, 0x5B, 0x24, 0x53, 0x82, 0x42, 0xE4, 0x4A, 0x45, 0x53, 0xE3, 0x4A, 0xC4, 0x4A, 0xA6, 0x63,
    0xE5, 0x6B, 0x64, 0x5B, 0x04, 0x53, 0xC4, 0x4A, 0x42, 0x3A, 0x44, 0x5B, 0xE6, 0x6B, 0x07, 0x74,
    0xC6, 0x6B, 0xC5, 0x6B, 0x06, 0x74, 0x05, 0x74, 0xA7, 0x8C, 0x67, 0x8C, 0x46, 0x84, 0x67, 0x8C,
    0x09, 0x9D, 0xE8, 0x9C, 0xC7, 0x94, 0x67, 0x84, 0xC5, 0x73, 0x48, 0x84, 0x8B, 0x8C, 0x0D, 0xA5,
    0x2E, 0xA5, 0xEC, 0x9C, 0x8B, 0x8C, 0xE9, 0x7B, 0x69, 0x84, 0x26, 0x7C, 0x66, 0x84, 0xE8, 0x94,
    0x46, 0x84, 0xA7, 0x8C, 0xC8, 0x94, 0xE8, 0x94, 0xC8, 0x94, 0x87, 0x8C, 0x87, 0x8C, 0x87, 0x84,
    0x47, 0x84, 0x67, 0x84, 0xA8, 0x94, 0x87, 0x8C, 0x67, 0x8C, 0x67, 0x8C, 0xA8, 0x94, 0xC8, 0x94,
    0x88, 0x8C, 0x67, 0x8C, 0x47, 0x84, 0x27, 0x84, 0xE7, 0x7B, 0x06, 0x5B, 0x46, 0x42, 0x06, 0x32,
    0x27, 0x3A, 0x07, 0x2A, 0xE6, 0x29, 0xC6, 0x21, 0x85, 0x19, 0x84, 0x19, 0xA3, 0x19, 0x45, 0x32,
    0xE6, 0x42, 0x07, 0x43, 0xA6, 0x3A, 0x86, 0x3A, 0x45, 0x32, 0xA6, 0x3A, 0xC6, 0x42, 0xA5, 0x3A,
    0xC6, 0x3A, 0x27, 0x4B, 0x67, 0x53, 0x87, 0x5B, 0x66, 0x5B, 0x46, 0x53, 0xA7, 0x5B, 0x46, 0x53,
    0x05, 0x4B, 0x46, 0x53, 0x47, 0x5B, 0xEA, 0x73, 0xAD, 0x8C, 0xB2, 0xB5, 0x13, 0xC6, 0x34, 0xC6,
    0x14, 0xC6, 0x14, 0xC6, 0x34, 0xCE, 0x34, 0xCE, 0x14, 0xC6, 0xF3, 0xBD, 0x13, 0xC6, 0x14, 0xC6,
    0x14, 0xC6, 0x14, 0xC6, 0x14, 0xC6, 0x34, 0xC6, 0xF3, 0xB5, 0x50, 0xA5, 0xEE, 0x94, 0xAC, 0x8C,
    0x4B, 0x7C, 0x46, 0x53, 0x26, 0x4B, 0x25, 0x4B, 0xC4, 0x3A, 0x84, 0x32, 0x67, 0x53, 0x88, 0x5B,
    0x26, 0x4B, 0xE6, 0x42, 0x64, 0x32, 0xA5, 0x3A, 0x47, 0x4B, 0x66, 0x53, 0x46, 0x4B, 0xE6, 0x42,
    0x85, 0x32, 0x44, 0x2A, 0xE6, 0x42, 0x83, 0x32, 0xA4, 0x3A, 0xA8, 0x5B, 0x26, 0x4B, 0xC6, 0x42,
    0xC6, 0x42, 0x85, 0x3A, 0xE2, 0x21, 0xC1, 0x19, 0xA4, 0x3A, 0x84, 0x32, 0x43, 0x32, 0x43, 0x2A,
    0xA5, 0x3A, 0x46, 0x4B, 0x26, 0x4B, 0x84, 0x32, 0xA4, 0x3A, 0xC5, 0x3A, 0xA4, 0x32, 0xE6, 0x42,
    0x44, 0x2A, 0xC7, 0x42, 0xB1, 0x84, 0xD7, 0xAD, 0xD7, 0xB5, 0xB7, 0xB5, 0x97, 0xAD, 0xB7, 0xB5,
    0xB7, 0xB5, 0xB7, 0xB5, 0xD7, 0xB5, 0xD7, 0xB5, 0xF8, 0xBD, 0xF7, 0xB5, 0x90, 0x84, 0x46, 0x3A,
    0xC3, 0x21, 0xA3, 0x21, 0x45, 0x2A, 0xA6, 0x3A, 0x85, 0x32, 0x84, 0x32, 0x43, 0x2A, 0xA4, 0x3A,
    0xC5, 0x3A, 0xA4, 0x3A, 0xC5, 0x3A, 0xC5, 0x3A, 0x26, 0x4B, 0x47, 0x4B, 0xE5, 0x42, 0x02, 0x22,
    0xA5, 0x3A, 0xA5, 0x3A, 0x04, 0x2A, 0x85, 0x32, 0xC6, 0x42, 0xA6, 0x3A, 0x65, 0x3A, 0x45, 0x32,
    0x85, 0x3A, 0x65, 0x32, 0x44, 0x32, 0xC2, 0x21, 0xE3, 0x21, 0xE3, 0x21, 0x23, 0x2A, 0xC5, 0x3A,
    0xE5, 0x42, 0xE5, 0x42, 0xA4, 0x3A, 0xE5, 0x42, 0xE5, 0x42, 0xE4, 0x42, 0xA3, 0x42, 0x63, 0x3A,
    0x84, 0x42, 0x84, 0x42, 0xE5, 0x4A, 0x64, 0x3A, 0x43, 0x32, 0xE5, 0x42, 0xC5, 0x42, 0xC5, 0x42,
    0x23, 0x32, 0x84, 0x3A, 0x84, 0x42, 0xA5, 0x42, 0xE5, 0x4A, 0x05, 0x53, 0x86, 0x63, 0x66, 0x63,
    0xC4, 0x4A, 0xC2, 0x29, 0xA1, 0x29, 0xE3, 0x31, 0xE3, 0x31, 0xA2, 0x29, 0x41, 0x19, 0xC2, 0x29,
    0xA2, 0x29, 0xC2, 0x29, 0xA2, 0x29, 0xA2, 0x29, 0xC3, 0x29, 0x62, 0x21, 0x21, 0x19, 0x41, 0x19,
    0xA2, 0x21, 0x41, 0x19, 0xA3, 0x21, 0x82, 0x19, 0x03, 0x2A, 0xE3, 0x31, 0x28, 0x6B, 0x4F, 0xB4,
    0x8C, 0xA3, 0x6B, 0x9B, 0xEA, 0x92, 0xA9, 0x82, 0x89, 0x7A, 0xA9, 0x7A, 0x69, 0x72, 0x68, 0x72,
    0x89, 0x72, 0x68, 0x72, 0x68, 0x72, 0x48, 0x72, 0x47, 0x6A, 0x47, 0x6A, 0x47, 0x72, 0x67, 0x72,
    0x06, 0x6A, 0x05, 0x62, 0xE5, 0x61, 0xE5, 0x61, 0xE4, 0x61, 0xE4, 0x59, 0xC4, 0x59, 0xE4, 0x59,
    0xE4, 0x59, 0xE3, 0x51, 0x64, 0x5A, 0xC5, 0x62, 0xC5, 0x62, 0xC5, 0x62, 0xA5, 0x62, 0xA5, 0x62,
    0xA4, 0x62, 0xA5, 0x62, 0xA5, 0x62, 0xC5, 0x62, 0xC5, 0x62, 0xC5, 0x5A, 0x06, 0x6B, 0x85, 0x62,
    0xC3, 0x51, 0xC4, 0x59, 0xC4, 0x51, 0xE4, 0x59, 0xC4, 0x59, 0xE5, 0x59, 0xE5, 0x61, 0x26, 0x62,
    0x26, 0x6A, 0x46, 0x6A, 0x26, 0x6A, 0x06, 0x6A, 0x27, 0x6A, 0x47, 0x6A, 0x47, 0x72, 0x68, 0x7A,
    0x68, 0x7A, 0x48, 0x7A, 0xA9, 0x82, 0x89, 0x82, 0xC9, 0x8A, 0xC9, 0x8A, 0x2A, 0x93, 0x4B, 0x93,
    0x4C, 0x93, 0x2B, 0x8B, 0x6A, 0x83, 0xE6, 0x5A, 0x43, 0x3A, 0x84, 0x42, 0xA5, 0x4A, 0x83, 0x42,
    0x25, 0x53, 0x04, 0x53, 0xE4, 0x4A, 0x26, 0x53, 0x86, 0x5B, 0x04, 0x4B, 0xA3, 0x42, 0xE3, 0x4A,
    0x85, 0x5B, 0x65, 0x5B, 0x45, 0x5B, 0x86, 0x63, 0x65, 0x5B, 0x65, 0x63, 0xE6, 0x6B, 0xC5, 0x6B,
    0xE5, 0x73, 0x67, 0x84, 0xE5, 0x73, 0x26, 0x7C, 0x88, 0x8C, 0x67, 0x8C, 0xE9, 0x9C, 0x4A, 0xA5,
    0x2A, 0xA5, 0x67, 0x84, 0x06, 0x7C, 0x28, 0x84, 0xEC, 0x9C, 0xB0, 0xB5, 0xB1, 0xB5, 0x91, 0xB5,
    0x70, 0xAD, 0x91, 0xAD, 0x92, 0xB5, 0x70, 0xAD, 0x0E, 0xA5, 0xCA, 0x94, 0xC9, 0x94, 0xE9, 0x94,
    0xE8, 0x94, 0xC8, 0x94, 0x66, 0x84, 0xA8, 0x8C, 0xA7, 0x8C, 0x66, 0x84, 0x67, 0x84, 0x67, 0x84,
    0x26, 0x7C, 0x87, 0x8C, 0xE8, 0x9C, 0xC8, 0x94, 0x66, 0x84, 0x05, 0x7C, 0x87, 0x8C, 0x46, 0x84,
    0x06, 0x7C, 0xA5, 0x6B, 0xC5, 0x6B, 0x27, 0x7C, 0xC5, 0x73, 0xA7, 0x6B, 0xE5, 0x52, 0x02, 0x32,
    0x82, 0x21, 0x82, 0x21, 0x62, 0x19, 0x63, 0x19, 0xC3, 0x21, 0x85, 0x32, 0xE6, 0x42, 0xC6, 0x42,
    0x84, 0x32, 0xC5, 0x3A, 0xC6, 0x42, 0xA6, 0x3A, 0xA6, 0x3A, 0xC6, 0x3A, 0xC6, 0x42, 0xE6, 0x42,
    0xE6, 0x42, 0x06, 0x4B, 0x26, 0x53, 0x66, 0x53, 0x87, 0x5B, 0x46, 0x53, 0x46, 0x53, 0x46, 0x53,
    0xEA, 0x73, 0x0F, 0x9D, 0xB1, 0xB5, 0x13, 0xC6, 0x55, 0xCE, 0x34, 0xCE, 0x13, 0xC6, 0x13, 0xC6,
    0x13, 0xC6, 0x33, 0xC6, 0x34, 0xCE, 0x13, 0xC6, 0x13, 0xC6, 0xF3, 0xBD, 0xF2, 0xBD, 0xF3, 0xBD,
    0xD2, 0xBD, 0xB2, 0xB5, 0xD2, 0xBD, 0xD3, 0xBD, 0xF3, 0xBD, 0x13, 0xC6, 0x13, 0xBE, 0xF3, 0xB5,
    0x50, 0xA5, 0x8C, 0x84, 0xC8, 0x63, 0x26, 0x4B, 0x05, 0x43, 0xA4, 0x3A, 0x26, 0x4B, 0x67, 0x5B,
    0x05, 0x4B, 0xA4, 0x3A, 0x03, 0x2A, 0xE2, 0x21, 0x84, 0x32, 0xE5, 0x42, 0x63, 0x32, 0x43, 0x2A,
    0xE6, 0x42, 0xA5, 0x3A, 0x44, 0x2A, 0xC5, 0x42, 0xA5, 0x3A, 0x06, 0x4B, 0xE6, 0x42, 0x44, 0x32,
    0xC2, 0x19, 0x23, 0x2A, 0x84, 0x32, 0xA5, 0x3A, 0xE5, 0x42, 0x47, 0x4B, 0x06, 0x43, 0xA5, 0x3A,
    0x64, 0x32, 0x23, 0x2A, 0x84, 0x32, 0x26, 0x4B, 0x27, 0x4B, 0x84, 0x32, 0x84, 0x32, 0xC6, 0x3A,
    0x8A, 0x5B, 0x13, 0x95, 0xB7, 0xAD, 0x76, 0xAD, 0x97, 0xAD, 0x76, 0xAD, 0x96, 0xAD, 0xB7, 0xAD,
    0x96, 0xAD, 0xB6, 0xAD, 0x96, 0xAD, 0xB7, 0xB5, 0x96, 0xAD, 0x76, 0xAD, 0xD6, 0xB5, 0x4F, 0x84,
    0x05, 0x32, 0x25, 0x32, 0x85, 0x32, 0xA6, 0x3A, 0xC6, 0x3A, 0xA5, 0x3A, 0xE5, 0x42, 0xC5, 0x42,
    0xC5, 0x3A, 0xC5, 0x3A, 0x84, 0x32, 0xA5, 0x3A, 0x26, 0x4B, 0x05, 0x43, 0x05, 0x43, 0x84, 0x32,
    0x44, 0x32, 0xE6, 0x42, 0x24, 0x2A, 0x23, 0x2A, 0x85, 0x3A, 0x64, 0x32, 0x24, 0x32, 0xA2, 0x19,
    0x44, 0x2A, 0x65, 0x32, 0x24, 0x2A, 0x44, 0x2A, 0x24, 0x2A, 0xE3, 0x21, 0xC2, 0x19, 0x23, 0x2A,
    0xC4, 0x3A, 0x05, 0x43, 0x05, 0x43, 0xA4, 0x3A, 0x42, 0x2A, 0xA3, 0x3A, 0x63, 0x3A, 0x22, 0x32,
    0x84, 0x42, 0xC5, 0x4A, 0x05, 0x53, 0x06, 0x53, 0x43, 0x3A, 0xA4, 0x42, 0x63, 0x3A, 0xA5, 0x42,
    0xA4, 0x42, 0x84, 0x3A, 0xC5, 0x4A, 0xE5, 0x4A, 0xC5, 0x4A, 0x25, 0x53, 0x46, 0x5B, 0x66, 0x5B,
    0x05, 0x53, 0xC2, 0x29, 0x40, 0x19, 0xA2, 0x29, 0x81, 0x21, 0x81, 0x21, 0x81, 0x21, 0xA2, 0x29,
    0x81, 0x29, 0x81, 0x21, 0x82, 0x21, 0xA2, 0x29, 0xA2, 0x29, 0x21, 0x19, 0x41, 0x19, 0x61, 0x21,
    0xC3, 0x29, 0x61, 0x19, 0xA3, 0x21, 0xA3, 0x21, 0xC3, 0x29, 0x03, 0x32, 0x04, 0x42, 0x2E, 0xAC,
    0xCD, 0xAB, 0x0A, 0x93, 0xEA, 0x8A, 0xCA, 0x8A, 0xA9, 0x82, 0xAA, 0x7A, 0x89, 0x7A, 0x68, 0x72,
    0x68, 0x72, 0x68, 0x72, 0x68, 0x72, 0x47, 0x6A, 0x47, 0x6A, 0x47, 0x72, 0x47, 0x72, 0x27, 0x6A,
    0x26, 0x6A, 0x26, 0x6A, 0x05, 0x62, 0xE5, 0x61, 0xE5, 0x61, 0x05, 0x62, 0xC4, 0x59, 0xA3, 0x51,
    0x83, 0x49, 0x82, 0x41, 0xE6, 0x62, 0xE8, 0x73, 0xA7, 0x6B, 0x66, 0x63, 0x66, 0x63, 0x87, 0x6B,
    0xC7, 0x73, 0xA7, 0x6B, 0xA7, 0x6B, 0xA7, 0x6B, 0x86, 0x6B, 0x66, 0x63, 0xE8, 0x7B, 0x47, 0x6B,
    0xA2, 0x41, 0xA4, 0x51, 0xC4, 0x59, 0xE5, 0x59, 0xE5, 0x59, 0xE5, 0x59, 0xE5, 0x59, 0xE5, 0x59,
    0x26, 0x62, 0x27, 0x6A, 0x27, 0x6A, 0x47, 0x72, 0x68, 0x72, 0x68, 0x72, 0x47, 0x72, 0x68, 0x72,
    0x68, 0x7A, 0x68, 0x7A, 0x88, 0x82, 0xA8, 0x82, 0xC9, 0x82, 0x0A, 0x8B, 0xEA, 0x8A, 0x2B, 0x93,
    0x2C, 0x93, 0x2B, 0x8B, 0x49, 0x7B, 0x64, 0x42, 0x64, 0x3A, 0x03, 0x32, 0x22, 0x32, 0x45, 0x5B,
    0xC6, 0x6B, 0x45, 0x5B, 0xA3, 0x42, 0xA3, 0x42, 0x25, 0x53, 0x25, 0x53, 0x45, 0x53, 0x65, 0x5B,
    0x44, 0x5B, 0xC6, 0x63, 0xC6, 0x6B, 0x65, 0x63, 0xA5, 0x63, 0xC6, 0x6B, 0xE5, 0x73, 0x06, 0x74,
    0x06, 0x74, 0x26, 0x7C, 0x47, 0x84, 0x46, 0x7C, 0x06, 0x7C, 0x46, 0x84, 0xC8, 0x94, 0xE9, 0x9C,
    0xC9, 0x94, 0xAA, 0x94, 0x0D, 0x9D, 0x4F, 0xAD, 0x30, 0xA5, 0x50, 0xAD, 0x50, 0xAD, 0x50, 0xAD,
    0x50, 0xAD, 0x4F, 0xA5, 0x50, 0xAD, 0x50, 0xA5, 0x71, 0xAD, 0x50, 0xAD, 0x2D, 0xA5, 0x0A, 0x9D,
    0xC8, 0x94, 0xA8, 0x8C, 0xE9, 0x94, 0xC8, 0x8C, 0x87, 0x84, 0xA8, 0x8C, 0x87, 0x84, 0x26, 0x7C,
    0x47, 0x84, 0x47, 0x84, 0x87, 0x8C, 0x87, 0x8C, 0x87, 0x8C, 0x66, 0x8C, 0x26, 0x84, 0x26, 0x7C,
    0xE6, 0x73, 0x07, 0x74, 0x06, 0x74, 0xA5, 0x63, 0x85, 0x63, 0x44, 0x5B, 0x85, 0x63, 0xE7, 0x6B,
    0x66, 0x63, 0x47, 0x63, 0xA5, 0x4A, 0x85, 0x42, 0xC6, 0x42, 0xA5, 0x3A, 0x85, 0x3A, 0x84, 0x3A,
    0xA5, 0x3A, 0x64, 0x32, 0xA5, 0x3A, 0xE6, 0x42, 0xC6, 0x42, 0xA5, 0x3A, 0xC6, 0x42, 0xE6, 0x42,
    0xC5, 0x42, 0xC5, 0x42, 0xE5, 0x4A, 0xE5, 0x4A, 0xC5, 0x42, 0x25, 0x53, 0x67, 0x5B, 0x2B, 0x7C,
    0xD2, 0xB5, 0x34, 0xCE, 0x34, 0xCE, 0x34, 0xCE, 0x14, 0xCE, 0x34, 0xCE, 0x13, 0xC6, 0x33, 0xC6,
    0x13, 0xC6, 0x13, 0xC6, 0x13, 0xC6, 0xF3, 0xC5, 0xF3, 0xC5, 0x13, 0xC6, 0xF3, 0xBD, 0xF2, 0xBD,
    0xF2, 0xBD, 0xD2, 0xBD, 0xD2, 0xBD, 0xB2, 0xB5, 0x91, 0xB5, 0xB2, 0xB5, 0xD3, 0xBD, 0xF3, 0xBD,
    0xF3, 0xBD, 0xB1, 0xAD, 0x2F, 0x9D, 0xE9, 0x6B, 0xA4, 0x3A, 0xC4, 0x3A, 0x46, 0x4B, 0xE8, 0x6B,
    0xA4, 0x3A, 0x84, 0x32, 0x85, 0x3A, 0x85, 0x32, 0xA5, 0x3A, 0x06, 0x43, 0x06, 0x43, 0xA4, 0x3A,
    0xA5, 0x3A, 0xE7, 0x42, 0x24, 0x2A, 0xA6, 0x3A, 0x86, 0x3A, 0x65, 0x32, 0x24, 0x32, 0x45, 0x32,
    0x44, 0x32, 0xC6, 0x3A, 0xC6, 0x3A, 0xA5, 0x3A, 0x06, 0x43, 0x46, 0x4B, 0xC4, 0x3A, 0xC5, 0x3A,
    0x43, 0x2A, 0x84, 0x32, 0xA5, 0x3A, 0x23, 0x2A, 0x23, 0x2A, 0x03, 0x22, 0x23, 0x22, 0x87, 0x3A,
    0x33, 0x95, 0xB6, 0xAD, 0x76, 0xA5, 0x76, 0xAD, 0x97, 0xAD, 0x76, 0xA5, 0x76, 0xA5, 0x76, 0xA5,
    0x96, 0xAD, 0x96, 0xAD, 0x76, 0xAD, 0x96, 0xAD, 0x76, 0xAD, 0x55, 0xA5, 0x55, 0xAD, 0x75, 0xAD,
    0x2A, 0x5B, 0x82, 0x19, 0xE3, 0x21, 0x65, 0x32, 0x85, 0x32, 0xE5, 0x42, 0xE5, 0x42, 0xC5, 0x3A,
    0xA4, 0x3A, 0xA4, 0x3A, 0xE2, 0x21, 0x24, 0x2A, 0x27, 0x4B, 0xC5, 0x42, 0xE5, 0x42, 0x06, 0x43,
    0xA5, 0x32, 0x85, 0x32, 0xE6, 0x42, 0x64, 0x32, 0x64, 0x32, 0x84, 0x32, 0x85, 0x32, 0x03, 0x22,
    0xE3, 0x21, 0x45, 0x32, 0x24, 0x2A, 0x65, 0x32, 0xA5, 0x3A, 0x24, 0x2A, 0x45, 0x32, 0xC5, 0x3A,
    0xA4, 0x3A, 0xA4, 0x3A, 0x43, 0x2A, 0x23, 0x2A, 0xC4, 0x3A, 0xC4, 0x42, 0xC4, 0x42, 0xC4, 0x42,
    0xC4, 0x42, 0xC4, 0x4A, 0xC5, 0x4A, 0x06, 0x53, 0xC5, 0x4A, 0xC5, 0x4A, 0xC5, 0x4A, 0x84, 0x3A,
    0x06, 0x53, 0xA4, 0x42, 0xE5, 0x52, 0x05, 0x53, 0x05, 0x4B, 0x26, 0x53, 0xE5, 0x52, 0x46, 0x5B,
    0x46, 0x5B, 0xC1, 0x29, 0x21, 0x19, 0x82, 0x21, 0xC2, 0x29, 0xA2, 0x29, 0xA2, 0x29, 0xA2, 0x29,
    0xA2, 0x29, 0xA2, 0x29, 0x81, 0x21, 0xC3, 0x29, 0xA2, 0x29, 0x21, 0x19, 0x82, 0x21, 0x82, 0x21,
    0xC3, 0x29, 0x61, 0x19, 0x62, 0x19, 0xA3, 0x21, 0x04, 0x2A, 0x44, 0x32, 0x24, 0x3A, 0xEC, 0x93,
    0x0D, 0xB4, 0x0A, 0x93, 0xEA, 0x8A, 0xCA, 0x82, 0xAA, 0x7A, 0xAA, 0x7A, 0x69, 0x7A, 0x69, 0x72,
    0x69, 0x72, 0x68, 0x72, 0x68, 0x72, 0x48, 0x72, 0x48, 0x72, 0x88, 0x72, 0x68, 0x72, 0x67, 0x6A,
    0x47, 0x6A, 0x26, 0x6A, 0x26, 0x6A, 0x06, 0x6A, 0xE5, 0x59, 0xE5, 0x59, 0xC5, 0x59, 0xA4, 0x51,
    0xA3, 0x51, 0xE4, 0x49, 0x87, 0x6B, 0x08, 0x74, 0x08, 0x74, 0xE8, 0x6B, 0x45, 0x53, 0x66, 0x5B,
    0xE7, 0x6B, 0xC7, 0x6B, 0xA6, 0x63, 0x86, 0x63, 0x86, 0x63, 0xA6, 0x63, 0xE7, 0x73, 0xE9, 0x7B,
    0x44, 0x52, 0xA3, 0x51, 0xC4, 0x59, 0xE5, 0x59, 0xE5, 0x59, 0xE5, 0x61, 0x06, 0x62, 0x26, 0x6A,
    0x06, 0x62, 0x27, 0x6A, 0x47, 0x6A, 0x68, 0x72, 0x48, 0x72, 0x48, 0x72, 0x68, 0x72, 0x68, 0x7A,
    0x48, 0x7A, 0x88, 0x82, 0xA9, 0x82, 0xA9, 0x82, 0xC9, 0x82, 0xEA, 0x8A, 0xEA, 0x8A, 0x0B, 0x8B,
    0x0A, 0x8B, 0x4A, 0x83, 0x48, 0x73, 0xC4, 0x4A, 0x05, 0x53, 0xA4, 0x42, 0xC4, 0x4A, 0x25, 0x53,
    0x24, 0x53, 0x45, 0x53, 0xE4, 0x4A, 0x63, 0x3A, 0x04, 0x53, 0xA6, 0x63, 0x07, 0x6C, 0x85, 0x63,
    0x65, 0x63, 0x27, 0x7C, 0xA5, 0x63, 0xE3, 0x52, 0xC6, 0x6B, 0xA5, 0x6B, 0xE5, 0x73, 0x46, 0x7C,
    0x27, 0x7C, 0x27, 0x7C, 0x67, 0x84, 0x46, 0x84, 0x26, 0x7C, 0x47, 0x84, 0x67, 0x84, 0xA8, 0x94,
    0x4D, 0xAD, 0x4F, 0xAD, 0x2F, 0xA5, 0x50, 0xAD, 0x50, 0xA5, 0x50, 0xAD, 0x4F, 0xAD, 0x2F, 0xA5,
    0x2F, 0xA5, 0x4F, 0xA5, 0x4F, 0xA5, 0x2F, 0xA5, 0x2F, 0xA5, 0x30, 0xA5, 0x50, 0xA5, 0x0D, 0x9D,
    0x68, 0x8C, 0xE8, 0x94, 0xA8, 0x8C, 0xA8, 0x8C, 0xC8, 0x8C, 0x09, 0x95, 0x87, 0x8C, 0x06, 0x74,
    0x47, 0x7C, 0x46, 0x7C, 0x67, 0x84, 0x47, 0x84, 0x47, 0x84, 0x26, 0x84, 0x26, 0x7C, 0x27, 0x7C,
    0x07, 0x74, 0xE7, 0x6B, 0xC6, 0x6B, 0xA6, 0x63, 0xA6, 0x63, 0xC6, 0x6B, 0xC6, 0x63, 0x65, 0x5B,
    0x65, 0x5B, 0x46, 0x5B, 0x84, 0x42, 0xC5, 0x4A, 0xA5, 0x3A, 0xC6, 0x42, 0x85, 0x3A, 0x85, 0x3A,
    0xE6, 0x4A, 0xA6, 0x42, 0xC8, 0x4A, 0x49, 0x5B, 0xE8, 0x4A, 0x86, 0x42, 0xC6, 0x42, 0xE6, 0x4A,
    0xA5, 0x3A, 0xA4, 0x3A, 0xC5, 0x42, 0xA4, 0x42, 0xC5, 0x42, 0x67, 0x63, 0xCD, 0x94, 0x34, 0xC6,
    0x54, 0xCE, 0x14, 0xC6, 0x14, 0xC6, 0x34, 0xCE, 0x13, 0xC6, 0x34, 0xCE, 0xF2, 0xC5, 0x13, 0xC6,
    0x13, 0xC6, 0x13, 0xC6, 0x33, 0xC6, 0xF2, 0xBD, 0xD2, 0xBD, 0xD2, 0xBD, 0xD2, 0xBD, 0xD2, 0xBD,
    0xB2, 0xB5, 0xD2, 0xBD, 0xD2, 0xBD, 0xD2, 0xB5, 0x91, 0xAD, 0x90, 0xAD, 0x91, 0xAD, 0xB2, 0xAD,
    0x92, 0xAD, 0x71, 0xAD, 0x92, 0xAD, 0x50, 0xA5, 0xCA, 0x6B, 0x06, 0x4B, 0x05, 0x43, 0xC8, 0x63,
    0xE5, 0x42, 0x84, 0x3A, 0x84, 0x32, 0xC5, 0x3A, 0xC5, 0x3A, 0xC5, 0x3A, 0x47, 0x4B, 0x06, 0x4B,
    0xC6, 0x42, 0xE9, 0x4A, 0xAC, 0x63, 0xAD, 0x63, 0x90, 0x7C, 0x2F, 0x74, 0x8D, 0x63, 0xAD, 0x63,
    0xAC, 0x63, 0xCC, 0x63, 0x09, 0x4B, 0x46, 0x32, 0x44, 0x32, 0x84, 0x3A, 0x23, 0x2A, 0x23, 0x2A,
    0xE6, 0x42, 0xE5, 0x42, 0xA4, 0x3A, 0x23, 0x2A, 0xC2, 0x19, 0x24, 0x2A, 0xE3, 0x21, 0x4B, 0x53,
    0x76, 0xA5, 0x35, 0x9D, 0x76, 0xA5, 0x76, 0xA5, 0x76, 0xA5, 0x56, 0xA5, 0x35, 0x9D, 0x56, 0xA5,
    0x55, 0xA5, 0x56, 0xAD, 0x35, 0xA5, 0x55, 0xA5, 0x76, 0xAD, 0x76, 0xAD, 0x55, 0xAD, 0x75, 0xAD,
    0xB1, 0x94, 0xE4, 0x29, 0x82, 0x19, 0x44, 0x32, 0x64, 0x32, 0xA4, 0x32, 0xA5, 0x3A, 0xC5, 0x42,
    0x26, 0x4B, 0xE5, 0x42, 0x03, 0x2A, 0xA2, 0x19, 0x85, 0x3A, 0xC6, 0x4A, 0xA5, 0x42, 0xA6, 0x42,
    0x86, 0x3A, 0x85, 0x3A, 0xE7, 0x42, 0xE6, 0x42, 0xA5, 0x3A, 0xA5, 0x3A, 0x84, 0x32, 0x23, 0x22,
    0xE2, 0x21, 0x44, 0x2A, 0x44, 0x2A, 0x65, 0x32, 0x85, 0x32, 0x86, 0x3A, 0x03, 0x22, 0x84, 0x3A,
    0xA4, 0x3A, 0x84, 0x32, 0x23, 0x2A, 0x64, 0x32, 0xE5, 0x42, 0x05, 0x4B, 0x25, 0x53, 0xE4, 0x4A,
    0xC4, 0x4A, 0x25, 0x53, 0x63, 0x3A, 0x84, 0x42, 0xC5, 0x4A, 0xA4, 0x4A, 0xC5, 0x4A, 0xA1, 0x21,
    0x84, 0x42, 0x63, 0x3A, 0x83, 0x42, 0x83, 0x42, 0x63, 0x3A, 0xA4, 0x42, 0xE4, 0x4A, 0xC4, 0x4A,
    0x05, 0x53, 0x43, 0x3A, 0x61, 0x21, 0x82, 0x21, 0x61, 0x21, 0xC2, 0x29, 0xA2, 0x29, 0x03, 0x32,
    0x61, 0x21, 0xC3, 0x29, 0xC3, 0x29, 0x81, 0x21, 0x82, 0x21, 0x21, 0x11, 0x62, 0x21, 0x82, 0x21,
    0x81, 0x21, 0xA2, 0x21, 0xA2, 0x21, 0xE3, 0x29, 0x03, 0x2A, 0x44, 0x2A, 0x24, 0x32, 0x28, 0x73,
    0x6E, 0xB4, 0x2B, 0x9B, 0x88, 0x82, 0xA9, 0x82, 0x89, 0x7A, 0x69, 0x72, 0x68, 0x72, 0x89, 0x72,
    0x48, 0x72, 0x68, 0x72, 0x68, 0x72, 0x88, 0x72, 0x68, 0x72, 0x48, 0x6A, 0x68, 0x72, 0x47, 0x6A,
    0x47, 0x6A, 0x27, 0x6A, 0x26, 0x6A, 0xE5, 0x61, 0xE5, 0x61, 0xE5, 0x59, 0xC5, 0x59, 0xC5, 0x51,
    0x84, 0x49, 0x24, 0x52, 0xC8, 0x73, 0x08, 0x74, 0xE8, 0x6B, 0xC8, 0x6B, 0xA7, 0x6B, 0xA7, 0x63,
    0xC7, 0x6B, 0xC7, 0x6B, 0x28, 0x74, 0x28, 0x74, 0x08, 0x74, 0xE8, 0x6B, 0x86, 0x63, 0x87, 0x6B,
    0x85, 0x5A, 0xC4, 0x51, 0xC5, 0x59, 0xC5, 0x59, 0xE5, 0x59, 0xE5, 0x61, 0x26, 0x6A, 0x26, 0x6A,
    0x26, 0x62, 0x27, 0x6A, 0x48, 0x72, 0x68, 0x72, 0x48, 0x72, 0x48, 0x72, 0x68, 0x72, 0x89, 0x7A,
    0xA9, 0x82, 0x68, 0x7A, 0xA9, 0x82, 0xC9, 0x82, 0xA9, 0x82, 0xE9, 0x82, 0xC9, 0x7A, 0xC9, 0x7A,
    0x2A, 0x8B, 0x6A, 0x83, 0x47, 0x6B, 0xC4, 0x4A, 0x84, 0x42, 0x84, 0x3A, 0xC4, 0x4A, 0x45, 0x53,
    0x83, 0x42, 0x83, 0x42, 0xE4, 0x4A, 0x45, 0x53, 0x65, 0x5B, 0x65, 0x5B, 0xA6, 0x63, 0x24, 0x5B,
    0x45, 0x5B, 0x27, 0x7C, 0xA5, 0x63, 0x65, 0x5B, 0xC6, 0x6B, 0x26, 0x74, 0x67, 0x7C, 0x47, 0x7C,
    0xC5, 0x6B, 0xE6, 0x73, 0x26, 0x74, 0x47, 0x7C, 0x06, 0x7C, 0x27, 0x7C, 0x27, 0x84, 0xCB, 0x9C,
    0x0D, 0xA5, 0xEE, 0x9C, 0xEE, 0x9C, 0xEE, 0x9C, 0x50, 0xA5, 0x2F, 0xA5, 0x2F, 0xA5, 0x2F, 0xA5,
    0x0E, 0x9D, 0x2F, 0xA5, 0x2F, 0xA5, 0x0F, 0xA5, 0x0E, 0x9D, 0xEE, 0x9C, 0x0F, 0xA5, 0x0E, 0x9D,
    0xEC, 0x9C, 0xA9, 0x94, 0x87, 0x8C, 0xE9, 0x94, 0x09, 0x9D, 0xE8, 0x94, 0xA7, 0x8C, 0x87, 0x8C,
    0xA8, 0x8C, 0xA8, 0x8C, 0x67, 0x84, 0x26, 0x7C, 0x47, 0x84, 0x06, 0x74, 0x27, 0x7C, 0xC6, 0x63,
    0xA5, 0x63, 0x85, 0x5B, 0x86, 0x5B, 0xC7, 0x63, 0xA6, 0x63, 0xC6, 0x63, 0xA6, 0x63, 0x45, 0x53,
    0x04, 0x4B, 0xE4, 0x4A, 0xE5, 0x4A, 0xC5, 0x42, 0x63, 0x3A, 0xA5, 0x42, 0xE6, 0x52, 0x6A, 0x6B,
    0x0E, 0x84, 0x30, 0x8C, 0x52, 0x94, 0x72, 0x94, 0x52, 0x94, 0x30, 0x84, 0xCD, 0x7B, 0x49, 0x63,
    0xE6, 0x4A, 0x26, 0x4B, 0x26, 0x4B, 0x05, 0x4B, 0xA8, 0x63, 0x0E, 0x9D, 0xF3, 0xBD, 0x96, 0xD6,
    0x75, 0xD6, 0xF3, 0xC5, 0x13, 0xC6, 0x13, 0xC6, 0xF3, 0xC5, 0xF3, 0xC5, 0x13, 0xC6, 0x13, 0xC6,
    0xF3, 0xC5, 0x13, 0xC6, 0xF2, 0xBD, 0xD1, 0xB5, 0xD2, 0xBD, 0xD2, 0xBD, 0xF2, 0xBD, 0xB2, 0xB5,
    0xB2, 0xB5, 0xB2, 0xB5, 0xB2, 0xB5, 0xD2, 0xB5, 0xD2, 0xBD, 0xB1, 0xB5, 0x91, 0xAD, 0x71, 0xAD,
    0x30, 0xA5, 0x30, 0xA5, 0x71, 0xA5, 0x71, 0xA5, 0x71, 0xA5, 0xCE, 0x8C, 0x68, 0x5B, 0x26, 0x53,
    0x64, 0x32, 0x85, 0x3A, 0x02, 0x22, 0xE3, 0x21, 0x65, 0x32, 0xC6, 0x3A, 0x6A, 0x5B, 0x6F, 0x7C,
    0x91, 0x84, 0xD2, 0x8C, 0x96, 0xA5, 0xB7, 0xAD, 0x97, 0xA5, 0x56, 0x9D, 0x77, 0xA5, 0x77, 0xA5,
    0x76, 0xA5, 0x76, 0xA5, 0x14, 0x95, 0x50, 0x7C, 0xAD, 0x63, 0x6B, 0x5B, 0x08, 0x4B, 0x86, 0x3A,
    0xA5, 0x3A, 0xA4, 0x3A, 0x05, 0x43, 0x84, 0x3A, 0xE3, 0x21, 0x82, 0x19, 0x87, 0x32, 0x14, 0x95,
    0x15, 0x9D, 0x15, 0x9D, 0x56, 0xA5, 0x35, 0x9D, 0xF5, 0x94, 0x35, 0x9D, 0x35, 0x9D, 0x35, 0x9D,
    0x56, 0xA5, 0x35, 0xA5, 0x55, 0xA5, 0x55, 0xAD, 0x35, 0xA5, 0x34, 0xA5, 0x55, 0xAD, 0x55, 0xAD,
    0x95, 0xAD, 0x6B, 0x63, 0x03, 0x2A, 0x64, 0x32, 0x64, 0x32, 0x64, 0x32, 0x64, 0x32, 0x43, 0x2A,
    0x64, 0x3A, 0x65, 0x42, 0x09, 0x5B, 0x2B, 0x6B, 0x8D, 0x7B, 0xCD, 0x83, 0x0E, 0x84, 0xEE, 0x83,
    0xCD, 0x7B, 0xE9, 0x52, 0x66, 0x42, 0x86, 0x42, 0x24, 0x32, 0x64, 0x3A, 0xA5, 0x42, 0x64, 0x32,
    0x43, 0x2A, 0x85, 0x32, 0xA6, 0x3A, 0x85, 0x32, 0x44, 0x2A, 0x86, 0x3A, 0x24, 0x2A, 0x85, 0x32,
    0x43, 0x32, 0xE2, 0x21, 0x64, 0x32, 0x63, 0x32, 0xC5, 0x42, 0x45, 0x53, 0x86, 0x5B, 0x66, 0x5B,
    0x05, 0x53, 0x05, 0x53, 0x05, 0x53, 0x63, 0x42, 0xA4, 0x4A, 0xE5, 0x52, 0x26, 0x5B, 0x23, 0x32,
    0x02, 0x32, 0x22, 0x32, 0x01, 0x2A, 0x63, 0x3A, 0x63, 0x3A, 0xE5, 0x4A, 0xA4, 0x4A, 0x63, 0x42,
    0xA4, 0x4A, 0x63, 0x42, 0x61, 0x21, 0xC3, 0x29, 0x61, 0x21, 0xA2, 0x29, 0x61, 0x21, 0xE3, 0x31,
    0x61, 0x21, 0x61, 0x21, 0x82, 0x21, 0x82, 0x21, 0x62, 0x21, 0x62, 0x19, 0x21, 0x19, 0x82, 0x21,
    0xC2, 0x29, 0x03, 0x32, 0x04, 0x32, 0x45, 0x32, 0x65, 0x3A, 0xA5, 0x3A, 0x85, 0x3A, 0xE7, 0x5A,
    0xAF, 0xB4, 0x8C, 0xA3, 0xEA, 0x8A, 0x89, 0x7A, 0x48, 0x72, 0x69, 0x72, 0x89, 0x7A, 0x89, 0x7A,
    0x48, 0x72, 0x89, 0x7A, 0x89, 0x72, 0x68, 0x72, 0x48, 0x72, 0x48, 0x72, 0x48, 0x6A, 0x27, 0x6A,
    0x48, 0x6A, 0x27, 0x6A, 0x06, 0x62, 0xE6, 0x61, 0x06, 0x62, 0xE6, 0x59, 0xC6, 0x59, 0xC5, 0x59,
    0x83, 0x49, 0x85, 0x5A, 0xC8, 0x73, 0x66, 0x63, 0xE4, 0x52, 0x46, 0x5B, 0x86, 0x63, 0xE7, 0x6B,
    0xC7, 0x6B, 0xA7, 0x63, 0xC7, 0x6B, 0xC7, 0x6B, 0xA6, 0x63, 0xC7, 0x6B, 0x65, 0x63, 0xA7, 0x6B,
    0x27, 0x63, 0xE5, 0x51, 0xE6, 0x59, 0xC5, 0x59, 0xC5, 0x59, 0xC5, 0x59, 0x27, 0x6A, 0x47, 0x6A,
    0x27, 0x6A, 0x27, 0x6A, 0x47, 0x72, 0x47, 0x72, 0x48, 0x72, 0x68, 0x7A, 0x68, 0x7A, 0x68, 0x7A,
    0xA9, 0x82, 0xA8, 0x82, 0x88, 0x7A, 0x88, 0x7A, 0xA8, 0x7A, 0xE9, 0x82, 0x0A, 0x83, 0xEA, 0x82,
    0x2A, 0x8B, 0x49, 0x7B, 0xC5, 0x52, 0x43, 0x32, 0x43, 0x3A, 0xA4, 0x42, 0x25, 0x53, 0x86, 0x5B,
    0xA6, 0x63, 0x45, 0x53, 0xE5, 0x4A, 0x25, 0x53, 0x04, 0x53, 0x45, 0x53, 0x65, 0x5B, 0x04, 0x53,
    0xE4, 0x4A, 0x85, 0x63, 0x85, 0x63, 0x07, 0x74, 0x27, 0x74, 0x47, 0x7C, 0x47, 0x7C, 0x47, 0x7C,
    0x47, 0x7C, 0x06, 0x74, 0x06, 0x74, 0xE6, 0x73, 0xA5, 0x6B, 0x06, 0x7C, 0xEA, 0x94, 0xCC, 0x9C,
    0x8D, 0x94, 0x8D, 0x8C, 0xAD, 0x94, 0xCD, 0x94, 0xAD, 0x94, 0xEE, 0x9C, 0x2F, 0xA5, 0x0F, 0x9D,
    0x0E, 0x9D, 0x0F, 0x9D, 0xEE, 0x9C, 0x0F, 0x9D, 0x2E, 0xA5, 0x2E, 0x9D, 0xEE, 0x9C, 0x0F, 0x9D,
    0xAD, 0x94, 0x8A, 0x8C, 0xA8, 0x8C, 0x87, 0x8C, 0x87, 0x8C, 0x66, 0x84, 0xC8, 0x8C, 0x06, 0x7C,
    0x26, 0x7C, 0xE9, 0x94, 0x68, 0x84, 0x07, 0x74, 0x07, 0x74, 0xE6, 0x6B, 0xE7, 0x6B, 0xC7, 0x63,
    0xC7, 0x63, 0x86, 0x5B, 0x04, 0x4B, 0xA3, 0x3A, 0xE4, 0x4A, 0x04, 0x4B, 0x86, 0x5B, 0x65, 0x53,
    0x65, 0x53, 0x45, 0x53, 0x25, 0x4B, 0xE4, 0x4A, 0xC5, 0x4A, 0xE8, 0x5A, 0x8D, 0x7B, 0x31, 0x94,
    0x53, 0x9C, 0x13, 0x9C, 0xF3, 0x9B, 0x13, 0x9C, 0x33, 0x9C, 0x53, 0x9C, 0x53, 0x9C, 0x52, 0x9C,
    0xCD, 0x7B, 0xE8, 0x52, 0xE6, 0x4A, 0x88, 0x63, 0x50, 0xA5, 0x34, 0xCE, 0x14, 0xCE, 0x96, 0xD6,
    0xB6, 0xD6, 0xD2, 0xBD, 0xF2, 0xC5, 0x13, 0xC6, 0x13, 0xC6, 0xF3, 0xC5, 0x13, 0xC6, 0x33, 0xC6,
    0x13, 0xC6, 0xF2, 0xBD, 0x12, 0xBE, 0x12, 0xBE, 0xD1, 0xBD, 0xB1, 0xB5, 0xD2, 0xBD, 0xD2, 0xBD,
    0xF2, 0xBD, 0xF2, 0xBD, 0xF2, 0xBD, 0xB1, 0xB5, 0xB1, 0xB5, 0xD2, 0xBD, 0xB1, 0xB5, 0x91, 0xAD,
    0x91, 0xAD, 0x91, 0xAD, 0x50, 0xA5, 0x30, 0x9D, 0x30, 0xA5, 0x71, 0xAD, 0xCE, 0x8C, 0x27, 0x53,
    0x23, 0x2A, 0xA5, 0x3A, 0x65, 0x32, 0x46, 0x32, 0xC8, 0x42, 0x0E, 0x74, 0x54, 0x9D, 0xB7, 0xAD,
    0x97, 0xA5, 0x97, 0xA5, 0x56, 0xA5, 0x57, 0x9D, 0x36, 0x9D, 0x57, 0x9D, 0x77, 0x9D, 0x57, 0x9D,
    0x77, 0x9D, 0x76, 0x9D, 0x77, 0xA5, 0x97, 0xA5, 0x97, 0xA5, 0x96, 0xA5, 0xF3, 0x94, 0x0E, 0x74,
    0xE8, 0x4A, 0x24, 0x32, 0x03, 0x2A, 0xE2, 0x21, 0x24, 0x32, 0x41, 0x11, 0x0B, 0x4B, 0x56, 0x9D,
    0xD5, 0x94, 0xF5, 0x94, 0x36, 0x9D, 0x15, 0x95, 0xF4, 0x94, 0x15, 0x95, 0x35, 0x9D, 0x35, 0x9D,
    0x35, 0x9D, 0x35, 0x9D, 0x14, 0x9D, 0x55, 0xA5, 0x55, 0xAD, 0x55, 0xAD, 0x75, 0xAD, 0x35, 0xA5,
    0x75, 0xAD, 0x2F, 0x84, 0xC3, 0x29, 0x24, 0x2A, 0x65, 0x32, 0x45, 0x32, 0x65, 0x3A, 0xA8, 0x4A,
    0xAC, 0x73, 0x50, 0x94, 0xF3, 0xAC, 0x15, 0xBD, 0x56, 0xC5, 0x36, 0xC5, 0x15, 0xC5, 0x56, 0xC5,
    0x56, 0xC5, 0xF3, 0xAC, 0x30, 0x94, 0xEF, 0x8B, 0x4B, 0x6B, 0xA8, 0x52, 0x25, 0x3A, 0x86, 0x3A,
    0xA5, 0x3A, 0x64, 0x32, 0x65, 0x32, 0x44, 0x2A, 0x64, 0x32, 0x65, 0x32, 0x04, 0x2A, 0xA5, 0x3A,
    0x85, 0x3A, 0x64, 0x32, 0x84, 0x3A, 0xC4, 0x42, 0x25, 0x53, 0x65, 0x5B, 0x65, 0x5B, 0x65, 0x5B,
    0x66, 0x5B, 0x04, 0x53, 0x45, 0x5B, 0xC4, 0x4A, 0x43, 0x3A, 0xC5, 0x4A, 0x26, 0x53, 0x06, 0x53,
    0x02, 0x32, 0x43, 0x3A, 0x63, 0x3A, 0x43, 0x32, 0x02, 0x32, 0xC5, 0x4A, 0xC5, 0x4A, 0xA4, 0x42,
    0xE5, 0x52, 0xC5, 0x52, 0xC2, 0x29, 0xE3, 0x31, 0xE3, 0x31, 0x82, 0x21, 0x61, 0x19, 0x41, 0x19,
    0xA2, 0x29, 0x41, 0x19, 0x41, 0x19, 0x41, 0x19, 0x62, 0x19, 0x82, 0x21, 0x81, 0x21, 0x03, 0x32,
    0x64, 0x3A, 0x44, 0x3A, 0x64, 0x32, 0x64, 0x32, 0xA5, 0x3A, 0xC6, 0x42, 0xC5, 0x3A, 0xC5, 0x4A,
    0x4D, 0x9C, 0x0D, 0xAC, 0x0A, 0x93, 0x89, 0x7A, 0x48, 0x72, 0x68, 0x72, 0x89, 0x72, 0x69, 0x72,
    0x68, 0x72, 0x69, 0x72, 0x47, 0x6A, 0x48, 0x6A, 0x28, 0x6A, 0x48, 0x72, 0x48, 0x6A, 0x27, 0x6A,
    0x27, 0x6A, 0x48, 0x6A, 0x07, 0x6A, 0x07, 0x62, 0xE6, 0x61, 0x06, 0x5A, 0xE6, 0x59, 0xC6, 0x51,
    0xA4, 0x49, 0xE6, 0x62, 0x25, 0x5B, 0x04, 0x53, 0x46, 0x5B, 0x26, 0x5B, 0x86, 0x63, 0xE8, 0x6B,
    0xA7, 0x63, 0x08, 0x74, 0xC7, 0x6B, 0x65, 0x5B, 0x45, 0x5B, 0x07, 0x74, 0x69, 0x84, 0x69, 0x84,
    0xC8, 0x7B, 0x05, 0x52, 0xE6, 0x59, 0xE6, 0x59, 0xE6, 0x59, 0xE6, 0x61, 0x27, 0x6A, 0x27, 0x6A,
    0x27, 0x6A, 0x27, 0x6A, 0x48, 0x72, 0x27, 0x6A, 0x47, 0x72, 0x48, 0x72, 0x88, 0x7A, 0xA9, 0x82,
    0x88, 0x7A, 0xA9, 0x82, 0x88, 0x7A, 0xA8, 0x7A, 0xA9, 0x7A, 0xE9, 0x82, 0x0A, 0x83, 0xE9, 0x7A,
    0x4A, 0x83, 0x48, 0x6B, 0x04, 0x4B, 0x04, 0x4B, 0xC7, 0x6B, 0xC7, 0x6B, 0x86, 0x63, 0x65, 0x5B,
    0x85, 0x63, 0x86, 0x63, 0x66, 0x5B, 0x25, 0x53, 0x45, 0x5B, 0xA6, 0x63, 0x24, 0x53, 0xA6, 0x63,
    0xC7, 0x6B, 0xA5, 0x63, 0xC6, 0x6B, 0xC6, 0x6B, 0xE6, 0x73, 0x27, 0x7C, 0x68, 0x84, 0x88, 0x84,
    0x68, 0x84, 0x27, 0x7C, 0x47, 0x7C, 0xC5, 0x73, 0x47, 0x84, 0xEA, 0x9C, 0xEC, 0x9C, 0x8C, 0x94,
    0xCE, 0x94, 0xAD, 0x94, 0x8D, 0x8C, 0xAD, 0x94, 0xCE, 0x94, 0xCE, 0x94, 0xAD, 0x94, 0xAD, 0x8C,
    0xAD, 0x8C, 0xEE, 0x94, 0xEE, 0x9C, 0x0E, 0x9D, 0x0E, 0x9D, 0xEE, 0x94, 0xEE, 0x9C, 0xEE, 0x9C,
    0xAD, 0x8C, 0x8B, 0x8C, 0x0B, 0x9D, 0xE9, 0x94, 0xC9, 0x94, 0xE9, 0x94, 0xA8, 0x8C, 0x68, 0x84,
    0x88, 0x84, 0x68, 0x84, 0xC6, 0x6B, 0x85, 0x5B, 0xC6, 0x63, 0xA6, 0x5B, 0xE7, 0x63, 0xA6, 0x5B,
    0x24, 0x4B, 0x45, 0x53, 0x45, 0x53, 0x25, 0x4B, 0x45, 0x53, 0x65, 0x53, 0x66, 0x53, 0x25, 0x4B,
    0x04, 0x4B, 0x04, 0x4B, 0x25, 0x4B, 0x87, 0x5B, 0x28, 0x63, 0xEF, 0x8B, 0x33, 0x9C, 0xD2, 0x93,
    0xB2, 0x93, 0x92, 0x93, 0x91, 0x93, 0x91, 0x93, 0xB2, 0x93, 0xD2, 0x93, 0xF3, 0x93, 0xF2, 0x93,
    0x32, 0x94, 0xCE, 0x83, 0x4A, 0x63, 0x50, 0xA5, 0x34, 0xCE, 0xF3, 0xC5, 0x76, 0xD6, 0xB7, 0xD6,
    0xB6, 0xD6, 0x55, 0xCE, 0x13, 0xC6, 0x13, 0xC6, 0xF2, 0xC5, 0x13, 0xC6, 0x13, 0xC6, 0xF2, 0xBD,
    0xD1, 0xBD, 0xD1, 0xBD, 0xF2, 0xBD, 0xD1, 0xB5, 0x90, 0xAD, 0xB1, 0xB5, 0xF2, 0xBD, 0xF2, 0xBD,
    0xD1, 0xB5, 0xD2, 0xB5, 0xF2, 0xBD, 0xB1, 0xB5, 0xD2, 0xB5, 0x91, 0xAD, 0x90, 0xAD, 0xB1, 0xAD,
    0xB2, 0xB5, 0x91, 0xAD, 0x50, 0xA5, 0x71, 0xA5, 0x30, 0xA5, 0x50, 0xA5, 0x71, 0xAD, 0xEF, 0x94,
    0x23, 0x2A, 0x65, 0x32, 0x09, 0x4B, 0x50, 0x7C, 0x75, 0xA5, 0x97, 0xAD, 0x77, 0xA5, 0x56, 0xA5,
    0x16, 0x95, 0xF5, 0x94, 0x36, 0x95, 0x36, 0x9D, 0xF6, 0x94, 0x36, 0x95, 0x15, 0x95, 0xD5, 0x8C,
    0x16, 0x95, 0x57, 0x9D, 0x57, 0x9D, 0x57, 0x9D, 0x36, 0x9D, 0x36, 0x9D, 0x77, 0xA5, 0x76, 0x9D,
    0xF3, 0x8C, 0x6D, 0x5B, 0xA4, 0x21, 0xE3, 0x21, 0xE3, 0x29, 0xA4, 0x21, 0xCF, 0x6B, 0xF5, 0x94,
    0xF5, 0x94, 0x36, 0x9D, 0xF5, 0x94, 0xF5, 0x8C, 0xF4, 0x94, 0xF4, 0x94, 0xB3, 0x84, 0xD4, 0x8C,
    0x14, 0x95, 0x14, 0x9D, 0xF4, 0x94, 0xF4, 0x9C, 0x55, 0xA5, 0x55, 0xA5, 0x14, 0xA5, 0xF4, 0x9C,
    0x75, 0xAD, 0x50, 0x84, 0x63, 0x19, 0x62, 0x19, 0xA4, 0x21, 0x47, 0x42, 0xAD, 0x7B, 0xB3, 0xA4,
    0x36, 0xBD, 0x16, 0xBD, 0xF6, 0xBC, 0xF6, 0xBC, 0xD5, 0xBC, 0xF5, 0xBC, 0xF6, 0xC4, 0x16, 0xC5,
    0xF5, 0xBC, 0x15, 0xBD, 0x36, 0xC5, 0x56, 0xC5, 0x35, 0xBD, 0xB2, 0xA4, 0x2B, 0x6B, 0xC4, 0x31,
    0x04, 0x2A, 0x65, 0x32, 0x44, 0x2A, 0x24, 0x2A, 0x44, 0x32, 0x44, 0x2A, 0x04, 0x2A, 0xA6, 0x3A,
    0xE6, 0x42, 0xE5, 0x42, 0xE4, 0x42, 0x25, 0x53, 0x25, 0x53, 0x65, 0x5B, 0x65, 0x5B, 0x24, 0x53,
    0x24, 0x53, 0x04, 0x53, 0x04, 0x53, 0x46, 0x5B, 0x63, 0x42, 0x83, 0x42, 0xE5, 0x52, 0xA4, 0x42,
    0xC1, 0x21, 0xC1, 0x21, 0x43, 0x3A, 0x64, 0x3A, 0x23, 0x32, 0x63, 0x3A, 0xA5, 0x4A, 0xC5, 0x4A,
    0xC5, 0x52, 0xC4, 0x4A, 0x03, 0x32, 0x81, 0x21, 0xE3, 0x29, 0xA2, 0x21, 0x82, 0x21, 0x81, 0x21,
    0xC3, 0x29, 0x62, 0x21, 0x41, 0x19, 0x21, 0x11, 0x82, 0x21, 0x24, 0x32, 0x85, 0x3A, 0xA5, 0x42,
    0xA5, 0x42, 0xC6, 0x42, 0xA6, 0x3A, 0xA5, 0x3A, 0xC6, 0x42, 0xC6, 0x42, 0xA5, 0x3A, 0xA5, 0x42,
    0x49, 0x73, 0x2E, 0xAC, 0xA9, 0x82, 0x89, 0x7A, 0x89, 0x7A, 0x89, 0x7A, 0x68, 0x72, 0x48, 0x72,
    0x68, 0x72, 0x48, 0x72, 0x27, 0x6A, 0x27, 0x6A, 0x27, 0x6A, 0x48, 0x72, 0x07, 0x6A, 0x27, 0x6A,
    0x27, 0x6A, 0x27, 0x6A, 0x27, 0x6A, 0x07, 0x62, 0x07, 0x62, 0x06, 0x62, 0xE6, 0x59, 0xC5, 0x51,
    0x25, 0x52, 0xA8, 0x73, 0xA7, 0x6B, 0xA6, 0x63, 0xC7, 0x6B, 0x87, 0x63, 0x66, 0x63, 0x66, 0x5B,
    0x25, 0x5B, 0xA7, 0x63, 0xA7, 0x63, 0xC7, 0x6B, 0x28, 0x74, 0x07, 0x74, 0x28, 0x7C, 0x27, 0x74,
    0xE8, 0x7B, 0x86, 0x5A, 0xE5, 0x59, 0x06, 0x5A, 0xE6, 0x59, 0xE6, 0x61, 0x07, 0x6A, 0x28, 0x6A,
    0x48, 0x6A, 0x27, 0x6A, 0x48, 0x72, 0x68, 0x72, 0x68, 0x7A, 0x48, 0x72, 0x68, 0x7A, 0x88, 0x7A,
    0x68, 0x7A, 0xA8, 0x82, 0x88, 0x7A, 0xA8, 0x7A, 0xA9, 0x7A, 0xA8, 0x7A, 0xE9, 0x82, 0x09, 0x83,
    0x69, 0x7B, 0xA7, 0x73, 0xC6, 0x6B, 0x06, 0x6C, 0x27, 0x74, 0x06, 0x74, 0xC6, 0x6B, 0xC6, 0x6B,
    0x27, 0x74, 0xC6, 0x6B, 0xA6, 0x6B, 0xE7, 0x73, 0x27, 0x7C, 0x47, 0x7C, 0x27, 0x7C, 0x07, 0x7C,
    0x27, 0x7C, 0x27, 0x7C, 0x47, 0x84, 0x68, 0x84, 0x88, 0x8C, 0x47, 0x84, 0x07, 0x7C, 0xE6, 0x73,
    0x06, 0x7C, 0x68, 0x84, 0xC9, 0x94, 0xC9, 0x94, 0x2A, 0xA5, 0x4C, 0xAD, 0xAC, 0x94, 0x6C, 0x8C,
    0x2B, 0x7C, 0x8C, 0x8C, 0x8C, 0x8C, 0x6C, 0x84, 0x8D, 0x8C, 0xCE, 0x94, 0xEE, 0x9C, 0xCE, 0x94,
    0xCD, 0x94, 0x0E, 0x9D, 0xEE, 0x9C, 0xED, 0x94, 0xCD, 0x94, 0xCD, 0x94, 0xCE, 0x94, 0xCD, 0x94,
    0xCD, 0x94, 0xAD, 0x94, 0xCC, 0x94, 0xC9, 0x94, 0xA9, 0x94, 0x88, 0x8C, 0x27, 0x74, 0x68, 0x7C,
    0x07, 0x74, 0xA6, 0x63, 0xA6, 0x63, 0xC7, 0x63, 0xC7, 0x63, 0xC7, 0x5B, 0xC7, 0x63, 0x86, 0x53,
    0x04, 0x4B, 0x86, 0x53, 0x66, 0x53, 0x25, 0x4B, 0xE4, 0x42, 0x05, 0x4B, 0x45, 0x4B, 0x05, 0x4B,
    0x04, 0x43, 0x05, 0x4B, 0x05, 0x4B, 0x27, 0x5B, 0x0E, 0x8C, 0x32, 0x9C, 0xD2, 0x93, 0x91, 0x8B,
    0x71, 0x8B, 0x91, 0x8B, 0x91, 0x8B, 0x71, 0x8B, 0x91, 0x8B, 0x70, 0x8B, 0x91, 0x8B, 0x71, 0x8B,
    0x51, 0x83, 0xF0, 0x8B, 0x11, 0xAD, 0xF3, 0xC5, 0xD2, 0xBD, 0x54, 0xCE, 0xB6, 0xD6, 0x96, 0xD6,
    0x96, 0xD6, 0x96, 0xD6, 0x34, 0xCE, 0xF2, 0xC5, 0xF2, 0xC5, 0x12, 0xC6, 0xD1, 0xBD, 0xB1, 0xB5,
    0xB1, 0xB5, 0x90, 0xAD, 0xD1, 0xB5, 0xB1, 0xB5, 0xD2, 0xBD, 0xF2, 0xBD, 0xD2, 0xBD, 0x90, 0xAD,
    0x90, 0xB5, 0xD2, 0xB5, 0xB1, 0xB5, 0x4F, 0xA5, 0x90, 0xAD, 0x70, 0xA5, 0x50, 0xA5, 0xB1, 0xB5,
    0xB2, 0xB5, 0x92, 0xAD, 0x0F, 0x9D, 0xEE, 0x94, 0x0F, 0x95, 0x50, 0xA5, 0x50, 0xA5, 0x51, 0xA5,
    0xC7, 0x42, 0xAC, 0x63, 0x13, 0x95, 0x76, 0x9D, 0x77, 0xA5, 0x16, 0x9D, 0x36, 0x9D, 0x37, 0x9D,
    0xF6, 0x94, 0xD5, 0x8C, 0x15, 0x95, 0x36, 0x9D, 0xF6, 0x94, 0xB5, 0x8C, 0xF5, 0x8C, 0xD5, 0x8C,
    0xD5, 0x8C, 0xF5, 0x94, 0x16, 0x95, 0xF5, 0x94, 0x16, 0x95, 0x16, 0x95, 0x16, 0x95, 0x56, 0x9D,
    0x56, 0x9D, 0x55, 0x95, 0x71, 0x7C, 0x2A, 0x4B, 0xC4, 0x21, 0x27, 0x32, 0x52, 0x74, 0xD4, 0x8C,
    0xB4, 0x8C, 0xF5, 0x94, 0xB4, 0x8C, 0x93, 0x84, 0x93, 0x84, 0x93, 0x84, 0x93, 0x84, 0xB3, 0x8C,
    0xD4, 0x8C, 0xD3, 0x94, 0xF4, 0x94, 0x14, 0x9D, 0x14, 0x9D, 0x55, 0xAD, 0x34, 0xA5, 0x14, 0xA5,
    0x55, 0xAD, 0xB1, 0x94, 0x06, 0x32, 0xA4, 0x29, 0x0B, 0x63, 0xB3, 0xA4, 0xD5, 0xB4, 0xD5, 0xBC,
    0xD5, 0xB4, 0xD5, 0xBC, 0xD5, 0xBC, 0xD5, 0xBC, 0xB5, 0xBC, 0x16, 0xC5, 0xD5, 0xBC, 0xB4, 0xB4,
    0xD5, 0xBC, 0x36, 0xC5, 0xF5, 0xC4, 0xD4, 0xBC, 0x14, 0xC5, 0x55, 0xC5, 0x76, 0xC5, 0x30, 0x94,
    0xE9, 0x5A, 0x66, 0x3A, 0xA5, 0x3A, 0x85, 0x32, 0x44, 0x2A, 0x85, 0x32, 0x64, 0x32, 0x03, 0x22,
    0x84, 0x3A, 0x46, 0x53, 0x86, 0x5B, 0x25, 0x53, 0x65, 0x5B, 0x85, 0x63, 0x85, 0x63, 0x45, 0x5B,
    0x04, 0x53, 0x25, 0x53, 0xC4, 0x4A, 0xE5, 0x52, 0xC4, 0x4A, 0x83, 0x42, 0x05, 0x53, 0xA3, 0x42,
    0x23, 0x32, 0xC2, 0x21, 0xE2, 0x21, 0x43, 0x32, 0x64, 0x3A, 0x84, 0x42, 0x23, 0x3A, 0x65, 0x4A,
    0xC7, 0x52, 0xA6, 0x52, 0x04, 0x3A, 0x21, 0x19, 0x21, 0x19, 0x61, 0x19, 0x61, 0x19, 0x81, 0x21,
    0xA2, 0x29, 0x61, 0x21, 0x61, 0x19, 0xE2, 0x29, 0x64, 0x3A, 0x64, 0x3A, 0x64, 0x3A, 0x85, 0x3A,
    0xA5, 0x3A, 0xC6, 0x3A, 0xC6, 0x3A, 0xC6, 0x3A, 0xE6, 0x42, 0xE6, 0x42, 0xE6, 0x42, 0x06, 0x4B,
    0x27, 0x63, 0x2D, 0xA4, 0x4B, 0x93, 0xA9, 0x82, 0x68, 0x72, 0x89, 0x7A, 0x68, 0x72, 0x48, 0x72,
    0x68, 0x72, 0x68, 0x72, 0x68, 0x72, 0x48, 0x72, 0x68, 0x72, 0x27, 0x6A, 0x27, 0x6A, 0x27, 0x6A,
    0x07, 0x6A, 0x47, 0x6A, 0x07, 0x62, 0x27, 0x62, 0x07, 0x62, 0xE6, 0x61, 0xE6, 0x59, 0xE5, 0x59,
    0x65, 0x5A, 0x29, 0x84, 0x29, 0x7C, 0x08, 0x74, 0xA7, 0x6B, 0xC7, 0x6B, 0xC7, 0x73, 0xC7, 0x6B,
    0x86, 0x63, 0xC7, 0x6B, 0xC7, 0x6B, 0xA6, 0x63, 0x86, 0x63, 0xE7, 0x6B, 0xC7, 0x6B, 0xC6, 0x63,
    0xA7, 0x6B, 0x07, 0x6B, 0x06, 0x5A, 0x07, 0x62, 0xE6, 0x59, 0x06, 0x62, 0x07, 0x62, 0x27, 0x6A,
    0x27, 0x6A, 0x27, 0x6A, 0x27, 0x72, 0x48, 0x72, 0x48, 0x72, 0x48, 0x72, 0x68, 0x7A, 0x88, 0x7A,
    0x68, 0x7A, 0x88, 0x7A, 0x88, 0x7A, 0xA9, 0x82, 0x88, 0x7A, 0xA9, 0x7A, 0x0A, 0x83, 0x09, 0x83,
    0x88, 0x7B, 0xA6, 0x6B, 0x85, 0x63, 0x47, 0x7C, 0x06, 0x74, 0xE5, 0x6B, 0x26, 0x74, 0x26, 0x74,
    0xE6, 0x73, 0x85, 0x63, 0x27, 0x7C, 0xC9, 0x94, 0xC8, 0x94, 0xA8, 0x8C, 0xE9, 0x94, 0xA8, 0x8C,
    0x67, 0x84, 0x47, 0x84, 0x09, 0x95, 0xC9, 0x94, 0xA8, 0x8C, 0xC9, 0x94, 0x68, 0x84, 0x27, 0x7C,
    0xC9, 0x94, 0xEA, 0x9C, 0xC9, 0x94, 0x09, 0xA5, 0x2A, 0xA5, 0xEB, 0x9C, 0x4C, 0x8C, 0x6C, 0x8C,
    0x4B, 0x84, 0x6C, 0x84, 0xAD, 0x8C, 0x8D, 0x8C, 0x8C, 0x84, 0x4B, 0x84, 0xAD, 0x8C, 0xEE, 0x94,
    0xCD, 0x94, 0xAD, 0x8C, 0xAD, 0x8C, 0xAC, 0x8C, 0x8C, 0x8C, 0x6B, 0x84, 0x8C, 0x8C, 0xAD, 0x8C,
    0xAD, 0x8C, 0x8D, 0x8C, 0x6B, 0x84, 0x28, 0x7C, 0x48, 0x7C, 0xE6, 0x6B, 0xC6, 0x63, 0xA7, 0x63,
    0x87, 0x63, 0xA7, 0x63, 0xC7, 0x63, 0xA6, 0x5B, 0xC6, 0x5B, 0xC7, 0x5B, 0x86, 0x5B, 0x45, 0x4B,
    0x66, 0x53, 0xE4, 0x42, 0x83, 0x3A, 0xC4, 0x3A, 0xC4, 0x3A, 0xE5, 0x42, 0xE5, 0x42, 0x46, 0x53,
    0x66, 0x53, 0x66, 0x53, 0x05, 0x4B, 0x8B, 0x73, 0x52, 0x9C, 0xF2, 0x93, 0xB1, 0x93, 0x91, 0x8B,
    0x70, 0x8B, 0x70, 0x8B, 0x91, 0x8B, 0x70, 0x8B, 0x4F, 0x83, 0xEE, 0x7A, 0x50, 0x83, 0x50, 0x83,
    0x0E, 0x7B, 0x71, 0x9C, 0xD3, 0xBD, 0xF3, 0xC5, 0x55, 0xCE, 0x96, 0xD6, 0x96, 0xD6, 0x96, 0xD6,
    0x96, 0xD6, 0x96, 0xD6, 0xB7, 0xDE, 0x75, 0xCE, 0xF2, 0xC5, 0xD1, 0xBD, 0x6F, 0xAD, 0xB0, 0xB5,
    0x90, 0xB5, 0x6F, 0xAD, 0xB0, 0xB5, 0x90, 0xB5, 0xB1, 0xB5, 0xB1, 0xB5, 0xB1, 0xB5, 0x70, 0xAD,
    0xB1, 0xB5, 0xD1, 0xB5, 0x70, 0xA5, 0x4F, 0xA5, 0x0F, 0x9D, 0x0E, 0x9D, 0x2F, 0xA5, 0x70, 0xAD,
    0x71, 0xAD, 0x71, 0xAD, 0x30, 0xA5, 0x50, 0x9D, 0x0F, 0x9D, 0x30, 0x9D, 0x0F, 0x9D, 0x10, 0x9D,
    0x50, 0x7C, 0x55, 0x9D, 0x76, 0xA5, 0x16, 0x9D, 0xB4, 0x8C, 0xD5, 0x94, 0xF5, 0x94, 0xB4, 0x8C,
    0x94, 0x84, 0xD5, 0x8C, 0xD5, 0x8C, 0x15, 0x95, 0xF5, 0x94, 0xD5, 0x8C, 0x16, 0x95, 0xF5, 0x94,
    0xD5, 0x94, 0xF5, 0x94, 0xD5, 0x8C, 0xF5, 0x94, 0xD5, 0x8C, 0xD5, 0x8C, 0xB4, 0x84, 0xD4, 0x8C,
    0xF5, 0x8C, 0xF5, 0x94, 0x15, 0x95, 0xB2, 0x84, 0x8E, 0x63, 0xCB, 0x4A, 0x52, 0x7C, 0xD5, 0x8C,
    0x73, 0x84, 0x53, 0x7C, 0x52, 0x7C, 0x52, 0x74, 0x73, 0x7C, 0xB4, 0x8C, 0xD4, 0x8C, 0x52, 0x7C,
    0x72, 0x84, 0xD4, 0x94, 0xF4, 0x94, 0xF4, 0x9C, 0xD3, 0x94, 0xF3, 0x9C, 0xF3, 0x9C, 0xF3, 0x9C,
    0x54, 0xAD, 0x30, 0x8C, 0x68, 0x52, 0xAF, 0x83, 0xB4, 0xAC, 0x94, 0xAC, 0xB4, 0xB4, 0xD5, 0xB4,
    0xB5, 0xB4, 0x94, 0xB4, 0x94, 0xB4, 0xB5, 0xBC, 0xF6, 0xBC, 0xD5, 0xBC, 0xD5, 0xBC, 0xF5, 0xBC,
    0xF5, 0xC4, 0x36, 0xC5, 0x15, 0xC5, 0xF5, 0xC4, 0x15, 0xC5, 0x15, 0xC5, 0x35, 0xC5, 0x55, 0xC5,
    0xF3, 0xB4, 0x6C, 0x73, 0xE4, 0x31, 0x85, 0x32, 0xA6, 0x3A, 0x64, 0x32, 0x43, 0x2A, 0x84, 0x3A,
    0xE5, 0x4A, 0x86, 0x63, 0xC7, 0x63, 0x45, 0x5B, 0x45, 0x5B, 0x44, 0x5B, 0x65, 0x5B, 0xA6, 0x63,
    0x86, 0x63, 0x25, 0x5B, 0x25, 0x5B, 0x83, 0x42, 0xC4, 0x4A, 0xA4, 0x4A, 0x62, 0x3A, 0x63, 0x3A,
    0x23, 0x32, 0x40, 0x19, 0xE3, 0x29, 0xE3, 0x29, 0xA2, 0x21, 0x24, 0x3A, 0xA7, 0x5A, 0x4C, 0x73,
    0xCF, 0x8B, 0x31, 0x94, 0x51, 0x94, 0xAF, 0x83, 0xA9, 0x5A, 0x83, 0x29, 0x41, 0x19, 0xC2, 0x29,
    0x23, 0x32, 0x65, 0x3A, 0x65, 0x3A, 0x84, 0x3A, 0xC5, 0x42, 0xA5, 0x42, 0xA6, 0x3A, 0xA5, 0x3A,
    0xA5, 0x3A, 0x85, 0x3A, 0x85, 0x3A, 0xA6, 0x3A, 0xC6, 0x42, 0xE6, 0x42, 0x27, 0x4B, 0x06, 0x4B,
    0x47, 0x63, 0x0B, 0x94, 0xAC, 0x9B, 0xA9, 0x82, 0x69, 0x7A, 0x89, 0x7A, 0x89, 0x7A, 0x48, 0x72,
    0x28, 0x72, 0x48, 0x72, 0x68, 0x72, 0x48, 0x72, 0x68, 0x72, 0x48, 0x72, 0x48, 0x6A, 0x28, 0x6A,
    0x28, 0x6A, 0x27, 0x6A, 0x07, 0x62, 0x07, 0x62, 0xE6, 0x61, 0xE6, 0x59, 0xE6, 0x59, 0xE5, 0x59,
    0xA6, 0x62, 0xA7, 0x73, 0x86, 0x6B, 0xE4, 0x52, 0xC4, 0x4A, 0x25, 0x5B, 0xC7, 0x6B, 0xC7, 0x73,
    0x86, 0x63, 0xC7, 0x6B, 0xE8, 0x73, 0xE7, 0x6B, 0xE7, 0x6B, 0xC7, 0x6B, 0xA6, 0x6B, 0xC6, 0x6B,
    0xC7, 0x6B, 0x68, 0x73, 0x46, 0x5A, 0x06, 0x5A, 0x06, 0x62, 0x06, 0x62, 0x07, 0x6A, 0x07, 0x6A,
    0x27, 0x6A, 0x48, 0x72, 0x47, 0x72, 0x27, 0x72, 0x47, 0x72, 0x48, 0x72, 0x88, 0x7A, 0x68, 0x7A,
    0x68, 0x7A, 0xA9, 0x82, 0xA9, 0x82, 0xEA, 0x82, 0xC9, 0x82, 0x88, 0x7A, 0xA8, 0x7A, 0x08, 0x7B,
    0x88, 0x73, 0x65, 0x63, 0x85, 0x63, 0x06, 0x74, 0xC6, 0x6B, 0xC5, 0x6B, 0xA5, 0x6B, 0x06, 0x7C,
    0x46, 0x7C, 0x47, 0x84, 0xC9, 0x94, 0xC8, 0x94, 0xA8, 0x94, 0xC8, 0x94, 0xA8, 0x8C, 0xC8, 0x94,
    0xC9, 0x94, 0xA8, 0x8C, 0xC8, 0x8C, 0x88, 0x8C, 0x68, 0x84, 0x69, 0x84, 0x49, 0x7C, 0x28, 0x7C,
    0x07, 0x74, 0x27, 0x7C, 0xC9, 0x94, 0xC8, 0x94, 0xC9, 0x94, 0x6A, 0x8C, 0x0A, 0x7C, 0x4B, 0x84,
    0x6C, 0x84, 0x2B, 0x7C, 0x0A, 0x74, 0x0A, 0x7C, 0xAC, 0x8C, 0x6C, 0x84, 0x4B, 0x84, 0x8C, 0x84,
    0xAD, 0x8C, 0xCD, 0x94, 0x6C, 0x84, 0x6B, 0x84, 0xCD, 0x94, 0x8C, 0x8C, 0x8C, 0x8C, 0xAD, 0x8C,
    0x8D, 0x8C, 0x4C, 0x84, 0x6B, 0x84, 0xC7, 0x6B, 0xA6, 0x63, 0x86, 0x63, 0xC9, 0x73, 0x4D, 0x8C,
    0xAF, 0x9C, 0xAE, 0x94, 0x0B, 0x7C, 0x67, 0x5B, 0x86, 0x53, 0x86, 0x53, 0x26, 0x4B, 0xE5, 0x42,
    0x05, 0x43, 0x25, 0x4B, 0x25, 0x4B, 0x66, 0x53, 0x66, 0x53, 0x25, 0x4B, 0x25, 0x4B, 0x05, 0x43,
    0x25, 0x4B, 0x46, 0x53, 0x48, 0x5B, 0x10, 0x8C, 0xD1, 0x93, 0x91, 0x8B, 0x70, 0x8B, 0x70, 0x8B,
    0x50, 0x83, 0x50, 0x83, 0x0F, 0x7B, 0xEE, 0x7A, 0xEE, 0x7A, 0x0F, 0x83, 0x2F, 0x83, 0x2F, 0x7B,
    0xAF, 0x8B, 0xB4, 0xBD, 0x55, 0xCE, 0x96, 0xD6, 0xB6, 0xD6, 0x76, 0xD6, 0x76, 0xD6, 0x96, 0xD6,
    0x96, 0xD6, 0xB6, 0xD6, 0x76, 0xD6, 0x75, 0xD6, 0x54, 0xCE, 0x33, 0xC6, 0xF2, 0xBD, 0xD1, 0xBD,
    0xB1, 0xB5, 0x90, 0xB5, 0x70, 0xAD, 0x70, 0xAD, 0xB0, 0xB5, 0xB1, 0xB5, 0xB1, 0xB5, 0x70, 0xAD,
    0x70, 0xAD, 0x70, 0xAD, 0xB1, 0xAD, 0x50, 0xA5, 0x70, 0xAD, 0x70, 0xAD, 0x50, 0xA5, 0x70, 0xAD,
    0x91, 0xAD, 0x70, 0xA5, 0x0F, 0x9D, 0x2F, 0x9D, 0x91, 0xAD, 0x30, 0x9D, 0xEF, 0x94, 0xEF, 0x94,
    0x16, 0x9D, 0x16, 0x9D, 0xB5, 0x94, 0xB5, 0x8C, 0xF6, 0x94, 0xF5, 0x94, 0xD5, 0x8C, 0x94, 0x84,
    0xF5, 0x94, 0x16, 0x95, 0x16, 0x95, 0x36, 0x95, 0x56, 0x9D, 0x57, 0x9D, 0x56, 0x9D, 0x36, 0x9D,
    0xB4, 0x8C, 0xD5, 0x8C, 0x36, 0x9D, 0x16, 0x95, 0xF6, 0x94, 0xD5, 0x8C, 0xB5, 0x84, 0xD5, 0x8C,
    0xD5, 0x8C, 0xD5, 0x8C, 0xF5, 0x94, 0xB4, 0x8C, 0xF4, 0x8C, 0x11, 0x74, 0x52, 0x7C, 0xB4, 0x84,
    0x73, 0x7C, 0x53, 0x7C, 0xF1, 0x6B, 0x32, 0x74, 0x32, 0x74, 0x52, 0x7C, 0x52, 0x7C, 0x52, 0x7C,
    0x31, 0x7C, 0x92, 0x84, 0x92, 0x8C, 0x92, 0x8C, 0x92, 0x8C, 0xB2, 0x94, 0xD3, 0x94, 0xB2, 0x94,
    0xD3, 0x9C, 0x30, 0x8C, 0xCF, 0x8B, 0x53, 0xAC, 0x33, 0xAC, 0x74, 0xAC, 0x54, 0xAC, 0x74, 0xAC,
    0x74, 0xAC, 0x74, 0xAC, 0xB4, 0xB4, 0x16, 0xC5, 0xD5, 0xBC, 0xB4, 0xBC, 0xD5, 0xBC, 0xD5, 0xBC,
    0xF5, 0xC4, 0xF5, 0xC4, 0x15, 0xC5, 0x15, 0xC5, 0x15, 0xC5, 0xF4, 0xC4, 0xF4, 0xBC, 0xD4, 0xBC,
    0xD4, 0xC4, 0x14, 0xBD, 0x0B, 0x63, 0xE4, 0x29, 0x65, 0x3A, 0x23, 0x2A, 0xC4, 0x42, 0x46, 0x53,
    0x25, 0x53, 0x04, 0x53, 0x65, 0x5B, 0x24, 0x53, 0x04, 0x53, 0x44, 0x5B, 0x44, 0x5B, 0x24, 0x5B,
    0x66, 0x63, 0x25, 0x5B, 0x25, 0x5B, 0xC4, 0x4A, 0xA3, 0x42, 0xA4, 0x4A, 0xA3, 0x42, 0xA4, 0x4A,
    0x64, 0x3A, 0xE2, 0x29, 0x24, 0x32, 0x03, 0x32, 0x62, 0x21, 0x68, 0x52, 0xB0, 0x8B, 0xD1, 0x93,
    0xD1, 0x93, 0xD1, 0x93, 0x13, 0x9C, 0x53, 0xA4, 0x51, 0x9C, 0x6D, 0x7B, 0x25, 0x42, 0x64, 0x42,
    0xA4, 0x42, 0xA5, 0x42, 0xC5, 0x42, 0xE5, 0x42, 0xC5, 0x42, 0xA5, 0x3A, 0x85, 0x3A, 0x85, 0x3A,
    0x85, 0x3A, 0xA6, 0x3A, 0xA5, 0x3A, 0xE6, 0x42, 0x07, 0x4B, 0x06, 0x4B, 0xC5, 0x42, 0x26, 0x53,
    0x87, 0x63, 0x88, 0x73, 0x0C, 0xA4, 0x0A, 0x93, 0x69, 0x7A, 0x89, 0x7A, 0x89, 0x7A, 0x89, 0x7A,
    0x89, 0x7A, 0x48, 0x72, 0x27, 0x6A, 0x48, 0x72, 0x48, 0x72, 0x68, 0x72, 0x48, 0x72, 0x07, 0x62,
    0xE7, 0x61, 0x07, 0x62, 0x27, 0x62, 0x27, 0x62, 0x07, 0x62, 0x07, 0x5A, 0xE6, 0x59, 0xE5, 0x51,
    0x67, 0x73, 0x08, 0x74, 0xC7, 0x6B, 0x26, 0x5B, 0x42, 0x3A, 0x25, 0x5B, 0xC7, 0x6B, 0x86, 0x63,
    0x86, 0x63, 0x86, 0x63, 0x65, 0x63, 0x04, 0x53, 0x86, 0x63, 0xA7, 0x6B, 0xA7, 0x6B, 0x85, 0x63,
    0x85, 0x63, 0x87, 0x6B, 0x86, 0x5A, 0xE6, 0x59, 0x07, 0x5A, 0x06, 0x5A, 0x27, 0x6A, 0x07, 0x62,
    0x27, 0x6A, 0x27, 0x6A, 0x27, 0x72, 0x48, 0x72, 0x48, 0x72, 0x47, 0x72, 0x68, 0x7A, 0x88, 0x7A,
    0x89, 0x82, 0x88, 0x82, 0xA9, 0x82, 0xEA, 0x8A, 0xC9, 0x82, 0xA9, 0x7A, 0xC8, 0x7A, 0x27, 0x73,
    0xA7, 0x6B, 0xA6, 0x6B, 0x44, 0x63, 0x86, 0x6B, 0xC6, 0x6B, 0x64, 0x63, 0xA5, 0x6B, 0x47, 0x7C,
    0xA8, 0x8C, 0x67, 0x84, 0x88, 0x8C, 0x88, 0x8C, 0x67, 0x8C, 0x47, 0x84, 0x06, 0x7C, 0x67, 0x84,
    0x68, 0x84, 0x07, 0x7C, 0xE7, 0x73, 0xE8, 0x73, 0x0A, 0x7C, 0x2C, 0x7C, 0x2E, 0x7C, 0x4E, 0x7C,
    0xEB, 0x73, 0xC8, 0x6B, 0x28, 0x7C, 0xE6, 0x73, 0x47, 0x7C, 0x29, 0x7C, 0x0B, 0x7C, 0x0A, 0x7C,
    0xEA, 0x7B, 0x4B, 0x84, 0x6C, 0x84, 0x2B, 0x7C, 0x0A, 0x74, 0x6B, 0x84, 0x8C, 0x8C, 0x8C, 0x84,
    0x2B, 0x7C, 0x2A, 0x7C, 0x4B, 0x7C, 0x6B, 0x84, 0x4B, 0x84, 0xAD, 0x8C, 0xCE, 0x94, 0x6C, 0x84,
    0x6C, 0x84, 0x4C, 0x84, 0x6C, 0x84, 0xC9, 0x6B, 0x66, 0x5B, 0xC9, 0x73, 0x11, 0xAD, 0x54, 0xC5,
    0x54, 0xC5, 0x54, 0xBD, 0x33, 0xB5, 0x4D, 0x84, 0x06, 0x4B, 0x05, 0x43, 0xE5, 0x42, 0xE5, 0x42,
    0xC4, 0x3A, 0xC4, 0x3A, 0x04, 0x43, 0xA6, 0x5B, 0xA7, 0x5B, 0x66, 0x53, 0xC4, 0x42, 0xA3, 0x3A,
    0x04, 0x43, 0x25, 0x4B, 0x8A, 0x6B, 0xB0, 0x8B, 0x30, 0x83, 0x0F, 0x83, 0x2F, 0x83, 0x2F, 0x83,
    0x2F, 0x83, 0x2F, 0x83, 0x8D, 0x6A, 0xAD, 0x72, 0xCE, 0x7A, 0x0F, 0x83, 0xEF, 0x7A, 0x4E, 0x83,
    0x11, 0xAD, 0xD3, 0xBD, 0xF3, 0xC5, 0x55, 0xCE, 0x96, 0xD6, 0x96, 0xD6, 0x75, 0xCE, 0x96, 0xD6,
    0x96, 0xD6, 0x75, 0xCE, 0x76, 0xD6, 0x75, 0xD6, 0x33, 0xC6, 0xF2, 0xBD, 0xD2, 0xBD, 0xB1, 0xB5,
    0x90, 0xAD, 0x90, 0xB5, 0xD1, 0xBD, 0xD1, 0xB5, 0xB1, 0xB5, 0xB1, 0xB5, 0xD2, 0xB5, 0xB1, 0xB5,
    0x91, 0xB5, 0x70, 0xAD, 0x50, 0xA5, 0x4F, 0xA5, 0x90, 0xAD, 0x70, 0xAD, 0x2F, 0xA5, 0x2F, 0x9D,
    0x4F, 0xA5, 0x4F, 0xA5, 0x0F, 0x9D, 0xAD, 0x8C, 0x0F, 0x9D, 0x0F, 0x9D, 0xCF, 0x94, 0xAE, 0x8C,
    0xD5, 0x94, 0x94, 0x8C, 0x94, 0x8C, 0xF6, 0x94, 0x16, 0x95, 0x36, 0x9D, 0x16, 0x95, 0x36, 0x9D,
    0x36, 0x95, 0xF5, 0x8C, 0xF6, 0x94, 0xF5, 0x8C, 0xF5, 0x8C, 0xF6, 0x94, 0xF5, 0x94, 0x16, 0x9D,
    0xF5, 0x94, 0xF5, 0x94, 0xD5, 0x94, 0x94, 0x8C, 0xB5, 0x8C, 0xF5, 0x94, 0xF6, 0x94, 0xF6, 0x94,
    0xD5, 0x8C, 0xD5, 0x8C, 0xD5, 0x8C, 0xB4, 0x8C, 0xB4, 0x8C, 0x93, 0x84, 0x32, 0x7C, 0x53, 0x7C,
    0x12, 0x74, 0x12, 0x6C, 0xD1, 0x63, 0xF1, 0x63, 0xF1, 0x6B, 0xF0, 0x6B, 0x31, 0x7C, 0x72, 0x84,
    0x72, 0x84, 0x10, 0x7C, 0x92, 0x8C, 0x92, 0x8C, 0xD3, 0x94, 0xF3, 0x9C, 0xB2, 0x94, 0x71, 0x8C,
    0x92, 0x9C, 0x73, 0xA4, 0x53, 0xA4, 0x12, 0xA4, 0x54, 0xAC, 0x74, 0xAC, 0x74, 0xAC, 0x33, 0xAC,
    0x74, 0xB4, 0xD5, 0xBC, 0xD5, 0xBC, 0x94, 0xB4, 0x94, 0xB4, 0xB4, 0xBC, 0xD5, 0xBC, 0xB5, 0xBC,
    0x94, 0xB4, 0x94, 0xBC, 0xD4, 0xBC, 0xF4, 0xBC, 0xF4, 0xBC, 0xD4, 0xBC, 0xD4, 0xBC, 0xB3, 0xBC,
    0x93, 0xBC, 0xF4, 0xBC, 0xF3, 0xB4, 0xC9, 0x62, 0xA3, 0x29, 0xC5, 0x42, 0x86, 0x5B, 0x45, 0x5B,
    0x24, 0x53, 0x24, 0x53, 0x04, 0x53, 0xE3, 0x4A, 0x24, 0x53, 0x85, 0x5B, 0x65, 0x5B, 0x24, 0x53,
    0x65, 0x5B, 0x04, 0x53, 0xE4, 0x52, 0xA3, 0x4A, 0x01, 0x32, 0x42, 0x3A, 0x83, 0x42, 0xE4, 0x52,
    0xC4, 0x4A, 0xE3, 0x29, 0x81, 0x21, 0xC3, 0x29, 0x27, 0x42, 0x6F, 0x7B, 0x50, 0x83, 0x50, 0x8B,
    0xB1, 0x93, 0xD1, 0x93, 0xB1, 0x93, 0x70, 0x8B, 0x6F, 0x8B, 0x8F, 0x8B, 0x6C, 0x73, 0xE7, 0x52,
    0xC5, 0x4A, 0xE5, 0x42, 0xC5, 0x42, 0x84, 0x3A, 0x64, 0x32, 0x64, 0x32, 0x64, 0x32, 0x85, 0x32,
    0xA6, 0x3A, 0xA5, 0x3A, 0x64, 0x32, 0xE6, 0x42, 0x06, 0x4B, 0x06, 0x4B, 0x47, 0x5B, 0x46, 0x5B,
    0x46, 0x5B, 0x66, 0x6B, 0x2B, 0x9C, 0x6B, 0x93, 0x89, 0x7A, 0xA9, 0x7A, 0xCA, 0x7A, 0xA9, 0x7A,
    0x89, 0x7A, 0x89, 0x7A, 0x68, 0x72, 0x27, 0x6A, 0x07, 0x6A, 0x07, 0x6A, 0x28, 0x6A, 0x07, 0x62,
    0x28, 0x6A, 0x07, 0x62, 0xE7, 0x61, 0x07, 0x62, 0xE7, 0x59, 0xE6, 0x59, 0xE6, 0x59, 0x45, 0x5A,
    0x87, 0x73, 0xE6, 0x6B, 0xE7, 0x73, 0xC7, 0x6B, 0x46, 0x5B, 0x67, 0x63, 0x25, 0x5B, 0x04, 0x53,
    0x86, 0x63, 0xE7, 0x73, 0x45, 0x63, 0x45, 0x63, 0xC6, 0x6B, 0xE7, 0x73, 0x86, 0x6B, 0x85, 0x63,
    0x65, 0x5B, 0x26, 0x63, 0xE7, 0x62, 0x06, 0x5A, 0xC6, 0x51, 0x06, 0x5A, 0x07, 0x62, 0x27, 0x6A,
    0x48, 0x72, 0x48, 0x72, 0x27, 0x6A, 0x68, 0x7A, 0x89, 0x7A, 0x68, 0x7A, 0x88, 0x82, 0xA9, 0x82,
    0xA9, 0x82, 0x88, 0x82, 0xA9, 0x82, 0xC9, 0x82, 0xEA, 0x82, 0x0A, 0x83, 0x09, 0x7B, 0x87, 0x73,
    0xE6, 0x73, 0x07, 0x74, 0x65, 0x63, 0x45, 0x5B, 0x65, 0x63, 0xC6, 0x6B, 0x48, 0x7C, 0x68, 0x84,
    0x27, 0x7C, 0xE7, 0x73, 0xA6, 0x6B, 0xC6, 0x6B, 0xE7, 0x73, 0xA6, 0x6B, 0xE6, 0x73, 0x27, 0x7C,
    0xE7, 0x73, 0x86, 0x63, 0x88, 0x63, 0xEC, 0x73, 0x0F, 0x7C, 0x31, 0x84, 0x32, 0x84, 0x11, 0x7C,
    0x51, 0x84, 0x70, 0x84, 0x2C, 0x7C, 0xA7, 0x6B, 0xC7, 0x6B, 0xC8, 0x73, 0xA9, 0x6B, 0xC9, 0x73,
    0x2B, 0x7C, 0x4B, 0x84, 0xAC, 0x8C, 0x8C, 0x8C, 0x4B, 0x7C, 0x4B, 0x7C, 0x6B, 0x84, 0x6B, 0x84,
    0x4B, 0x7C, 0xE9, 0x73, 0x4B, 0x7C, 0x4B, 0x84, 0x0A, 0x7C, 0x4B, 0x7C, 0x6C, 0x84, 0x4B, 0x7C,
    0x2B, 0x7C, 0x4C, 0x84, 0x2B, 0x7C, 0xEA, 0x73, 0x47, 0x5B, 0x4D, 0x94, 0xF2, 0xBC, 0xB2, 0xB4,
    0xB2, 0xB4, 0xB2, 0xBC, 0x92, 0xB4, 0xF2, 0xAC, 0xAA, 0x6B, 0x06, 0x4B, 0x26, 0x4B, 0x05, 0x43,
    0xC4, 0x3A, 0xE4, 0x42, 0x25, 0x4B, 0xE4, 0x42, 0xE4, 0x42, 0x05, 0x4B, 0x66, 0x53, 0x46, 0x53,
    0x45, 0x4B, 0x87, 0x5B, 0x8C, 0x73, 0xEE, 0x7A, 0x30, 0x83, 0xEF, 0x7A, 0x0F, 0x7B, 0x2F, 0x83,
    0xEE, 0x7A, 0xEE, 0x7A, 0x0F, 0x7B, 0x0F, 0x7B, 0xEE, 0x7A, 0x0F, 0x83, 0xEE, 0x7A, 0x50, 0x9C,
    0xD3, 0xBD, 0xB1, 0xB5, 0xB1, 0xB5, 0xD2, 0xBD, 0x34, 0xCE, 0x96, 0xD6, 0x96, 0xD6, 0x76, 0xCE,
    0x75, 0xCE, 0x96, 0xD6, 0x75, 0xD6, 0x13, 0xC6, 0xB1, 0xB5, 0x90, 0xB5, 0x90, 0xB5, 0x90, 0xB5,
    0x90, 0xAD, 0x90, 0xAD, 0xD1, 0xB5, 0x90, 0xAD, 0x90, 0xAD, 0x70, 0xAD, 0x91, 0xAD, 0xD2, 0xB5,
    0xB1, 0xB5, 0x91, 0xAD, 0x70, 0xA5, 0x4F, 0xA5, 0x4F, 0xA5, 0x2F, 0x9D, 0xCD, 0x94, 0xEE, 0x94,
    0x2F, 0x9D, 0x4F, 0xA5, 0xCE, 0x94, 0xAD, 0x8C, 0xCE, 0x94, 0xEF, 0x94, 0xAE, 0x8C, 0xCF, 0x94,
    0xD5, 0x94, 0xB4, 0x8C, 0x16, 0x95, 0x56, 0x9D, 0xF5, 0x94, 0xD5, 0x8C, 0xF5, 0x8C, 0x16, 0x95,
    0xF5, 0x8C, 0xF6, 0x94, 0xB5, 0x84, 0x74, 0x7C, 0x94, 0x84, 0x94, 0x8C, 0x94, 0x8C, 0x73, 0x84,
    0xB4, 0x8C, 0xF5, 0x94, 0xF6, 0x94, 0x94, 0x8C, 0xB4, 0x8C, 0xB4, 0x8C, 0x74, 0x84, 0xB5, 0x8C,
    0xB4, 0x8C, 0xD5, 0x8C, 0xB5, 0x8C, 0xD5, 0x8C, 0xB4, 0x8C, 0xD5, 0x94, 0x33, 0x7C, 0x2E, 0x53,
    0x90, 0x5B, 0xD1, 0x63, 0xB0, 0x63, 0xF1, 0x6B, 0xF1, 0x6B, 0x11, 0x6C, 0x52, 0x7C, 0x92, 0x84,
    0x72, 0x84, 0x51, 0x84, 0xB2, 0x8C, 0x92, 0x8C, 0x71, 0x8C, 0x30, 0x84, 0x30, 0x84, 0x51, 0x8C,
    0x11, 0x94, 0xD1, 0x93, 0x53, 0xAC, 0x33, 0xA4, 0x53, 0xA4, 0x53, 0xA4, 0x54, 0xAC, 0x74, 0xB4,
    0x95, 0xB4, 0x94, 0xB4, 0x94, 0xB4, 0x94, 0xB4, 0xB5, 0xBC, 0xB4, 0xBC, 0xB5, 0xBC, 0xB4, 0xBC,
    0xB4, 0xBC, 0x94, 0xB4, 0xB4, 0xB4, 0xF5, 0xBC, 0xB3, 0xBC, 0x93, 0xB4, 0xB4, 0xBC, 0xB4, 0xBC,
    0xB4, 0xBC, 0xB3, 0xBC, 0xD4, 0xBC, 0xD3, 0xB4, 0xE9, 0x62, 0x23, 0x32, 0x04, 0x4B, 0x65, 0x5B,
    0xA6, 0x63, 0xC6, 0x63, 0x45, 0x5B, 0xA3, 0x42, 0x24, 0x53, 0x44, 0x5B, 0x04, 0x53, 0xC3, 0x4A,
    0x04, 0x53, 0xA3, 0x42, 0x83, 0x42, 0x83, 0x42, 0x22, 0x32, 0x22, 0x3A, 0x42, 0x3A, 0x42, 0x3A,
    0x02, 0x32, 0x61, 0x21, 0x21, 0x11, 0x43, 0x21, 0xCB, 0x62, 0x4F, 0x83, 0x50, 0x8B, 0x70, 0x8B,
    0x70, 0x83, 0x4F, 0x83, 0x50, 0x8B, 0x70, 0x8B, 0x2E, 0x83, 0xCD, 0x7A, 0x6D, 0x83, 0xE8, 0x62,
    0xA5, 0x42, 0xA5, 0x3A, 0x64, 0x32, 0x65, 0x3A, 0x85, 0x3A, 0xC6, 0x3A, 0xC6, 0x3A, 0xE6, 0x42,
    0xC6, 0x3A, 0x85, 0x32, 0x84, 0x3A, 0xC5, 0x42, 0x05, 0x53, 0x25, 0x53, 0x05, 0x5B, 0xE4, 0x52,
    0x66, 0x63, 0xE9, 0x73, 0xEA, 0x83, 0x8B, 0x93, 0xA9, 0x82, 0xA9, 0x7A, 0x89, 0x7A, 0x68, 0x72,
    0x68, 0x72, 0x89, 0x7A, 0x89, 0x72, 0x48, 0x72, 0x27, 0x6A, 0x48, 0x6A, 0x07, 0x6A, 0x07, 0x62,
    0x08, 0x6A, 0xE7, 0x61, 0x07, 0x62, 0xE7, 0x59, 0xE6, 0x59, 0xE6, 0x59, 0xE6, 0x51, 0xA6, 0x62,
    0x87, 0x73, 0x86, 0x63, 0xA6, 0x63, 0x05, 0x53, 0x21, 0x3A, 0x43, 0x42, 0xC5, 0x52, 0x66, 0x63,
    0x86, 0x6B, 0x65, 0x63, 0x25, 0x5B, 0x86, 0x63, 0x65, 0x63, 0x86, 0x63, 0xE7, 0x73, 0x08, 0x74,
    0xA7, 0x63, 0x46, 0x5B, 0x07, 0x63, 0x06, 0x52, 0xC6, 0x51, 0xE7, 0x59, 0xE6, 0x59, 0xE6, 0x61,
    0x27, 0x6A, 0x48, 0x72, 0x48, 0x72, 0x48, 0x72, 0x48, 0x7A, 0x48, 0x7A, 0x48, 0x7A, 0x88, 0x82,
    0x89, 0x82, 0x68, 0x7A, 0x48, 0x7A, 0x89, 0x82, 0x89, 0x7A, 0x88, 0x7A, 0x08, 0x73, 0x66, 0x6B,
    0xC6, 0x73, 0xA6, 0x6B, 0xA6, 0x63, 0x66, 0x5B, 0x86, 0x63, 0xE8, 0x6B, 0x65, 0x5B, 0x45, 0x5B,
    0x65, 0x5B, 0x45, 0x53, 0x04, 0x4B, 0x04, 0x4B, 0x25, 0x53, 0x45, 0x5B, 0x86, 0x63, 0xA6, 0x63,
    0x66, 0x5B, 0x47, 0x5B, 0xCD, 0x6B, 0xEF, 0x73, 0xF1, 0x7B, 0xF1, 0x7B, 0x11, 0x7C, 0x32, 0x84,
    0x12, 0x7C, 0x11, 0x7C, 0x30, 0x7C, 0xCA, 0x6B, 0x66, 0x5B, 0x87, 0x63, 0xA9, 0x6B, 0xC9, 0x73,
    0x0A, 0x7C, 0xC9, 0x73, 0x0A, 0x74, 0x0A, 0x7C, 0x4B, 0x7C, 0x8C, 0x84, 0x8C, 0x84, 0x6B, 0x84,
    0x2A, 0x7C, 0x2A, 0x7C, 0x2B, 0x7C, 0x4B, 0x84, 0x6B, 0x84, 0x0A, 0x7C, 0xC9, 0x6B, 0xCA, 0x73,
    0x2B, 0x7C, 0xEA, 0x73, 0xEA, 0x73, 0x68, 0x63, 0x47, 0x63, 0xED, 0x93, 0x2F, 0xAC, 0x70, 0xB4,
    0x90, 0xB4, 0x71, 0xB4, 0x30, 0xAC, 0x70, 0xAC, 0xED, 0x83, 0xA6, 0x42, 0x05, 0x43, 0xC4, 0x3A,
    0x46, 0x4B, 0x46, 0x4B, 0x25, 0x4B, 0x25, 0x4B, 0x25, 0x4B, 0x46, 0x4B, 0x66, 0x53, 0x04, 0x4B,
    0x04, 0x4B, 0x26, 0x53, 0x2B, 0x6B, 0xEE, 0x7A, 0x0F, 0x83, 0x0F, 0x7B, 0xEE, 0x7A, 0xEE, 0x7A,
    0x0F, 0x7B, 0x0E, 0x7B, 0x2F, 0x83, 0xCE, 0x72, 0xCE, 0x72, 0xAD, 0x72, 0x2D, 0x7B, 0x31, 0xAD,
    0x91, 0xB5, 0xD2, 0xBD, 0xF2, 0xC5, 0x12, 0xC6, 0xD2, 0xBD, 0x13, 0xC6, 0x75, 0xCE, 0x55, 0xCE,
    0x75, 0xCE, 0x95, 0xD6, 0x12, 0xC6, 0xB0, 0xB5, 0xB0, 0xB5, 0xB0, 0xB5, 0xB0, 0xB5, 0xB0, 0xB5,
    0xB0, 0xB5, 0x2E, 0xA5, 0xED, 0x9C, 0x6F, 0xAD, 0x6F, 0xAD, 0x6F, 0xAD, 0x2F, 0xA5, 0x30, 0xA5,
    0x50, 0xA5, 0x0F, 0x9D, 0x0E, 0x95, 0x0E, 0x95, 0x2F, 0x9D, 0x0E, 0x9D, 0xAD, 0x8C, 0x4F, 0xA5,
    0x4F, 0xA5, 0xEE, 0x94, 0xCE, 0x94, 0x50, 0x9D, 0x50, 0xA5, 0x30, 0x9D, 0xAE, 0x8C, 0xF0, 0x94,
    0xF5, 0x94, 0x16, 0x95, 0xB4, 0x84, 0x73, 0x7C, 0x16, 0x95, 0x94, 0x84, 0x33, 0x74, 0x94, 0x84,
    0x74, 0x84, 0x74, 0x84, 0x74, 0x84, 0x54, 0x7C, 0x74, 0x84, 0xD5, 0x94, 0xB4, 0x8C, 0x94, 0x8C,
    0xB4, 0x8C, 0x94, 0x84, 0xD5, 0x94, 0xD5, 0x94, 0xB4, 0x8C, 0xB4, 0x8C, 0x53, 0x84, 0x73, 0x84,
    0x94, 0x84, 0x94, 0x8C, 0x94, 0x8C, 0xB4, 0x8C, 0x94, 0x8C, 0xB4, 0x94, 0xB4, 0x8C, 0x6F, 0x5B,
    0xEE, 0x4A, 0x70, 0x5B, 0x70, 0x5B, 0xB0, 0x63, 0xB0, 0x63, 0xAF, 0x63, 0xF0, 0x6B, 0x31, 0x7C,
    0x51, 0x7C, 0x30, 0x7C, 0x30, 0x7C, 0x30, 0x7C, 0xEF, 0x7B, 0xEF, 0x7B, 0x10, 0x84, 0x8F, 0x7B,
    0xEE, 0x72, 0x2F, 0x8B, 0xB1, 0x9B, 0xD2, 0x9B, 0x13, 0xA4, 0x13, 0xA4, 0x54, 0xAC, 0x75, 0xB4,
    0x13, 0xA4, 0xF2, 0xA3, 0x33, 0xAC, 0x94, 0xB4, 0xB5, 0xBC, 0x74, 0xB4, 0x94, 0xBC, 0x94, 0xBC,
    0x94, 0xB4, 0x94, 0xB4, 0x94, 0xB4, 0xB4, 0xBC, 0x73, 0xB4, 0x73, 0xB4, 0x93, 0xBC, 0x73, 0xB4,
    0x73, 0xB4, 0x93, 0xBC, 0xB4, 0xBC, 0xB3, 0xB4, 0x90, 0xA4, 0x48, 0x5B, 0xC3, 0x42, 0x44, 0x53,
    0xA5, 0x63, 0x44, 0x53, 0x65, 0x5B, 0x04, 0x4B, 0xC3, 0x42, 0x44, 0x53, 0x04, 0x4B, 0xE3, 0x4A,
    0xE4, 0x52, 0xE4, 0x52, 0xA3, 0x42, 0x83, 0x42, 0x22, 0x3A, 0x02, 0x32, 0x43, 0x3A, 0x02, 0x32,
    0xC2, 0x29, 0x61, 0x19, 0x01, 0x11, 0xA5, 0x31, 0xED, 0x6A, 0xCD, 0x72, 0x8C, 0x6A, 0xEE, 0x7A,
    0x4F, 0x83, 0x2E, 0x83, 0xED, 0x7A, 0xED, 0x7A, 0xCD, 0x7A, 0xAC, 0x7A, 0xEC, 0x7A, 0xEA, 0x6A,
    0x85, 0x42, 0xA4, 0x42, 0x44, 0x32, 0xA5, 0x42, 0xA5, 0x42, 0xA5, 0x3A, 0xA5, 0x3A, 0xA5, 0x3A,
    0xC5, 0x3A, 0xC5, 0x42, 0xA4, 0x42, 0x46, 0x53, 0x66, 0x5B, 0x46, 0x5B, 0x67, 0x63, 0x05, 0x53,
    0x67, 0x63, 0x46, 0x5B, 0x05, 0x5B, 0xAB, 0x93, 0x0A, 0x8B, 0x69, 0x7A, 0x07, 0x72, 0x07, 0x6A,
    0x07, 0x6A, 0xE7, 0x61, 0xE7, 0x61, 0xE6, 0x61, 0x07, 0x62, 0x07, 0x6A, 0xC7, 0x61, 0xE7, 0x61,
    0xE7, 0x61, 0xE7, 0x61, 0xE7, 0x59, 0xC7, 0x59, 0xA6, 0x51, 0xA6, 0x51, 0xE6, 0x51, 0x85, 0x52,
    0xA3, 0x4A, 0xC3, 0x52, 0x45, 0x5B, 0x66, 0x63, 0xE5, 0x52, 0xE5, 0x52, 0x05, 0x5B, 0x05, 0x5B,
    0x25, 0x5B, 0x45, 0x63, 0xA6, 0x6B, 0x45, 0x5B, 0xA3, 0x4A, 0x22, 0x3A, 0xE4, 0x52, 0x05, 0x53,
    0x05, 0x53, 0xC4, 0x4A, 0x24, 0x42, 0x46, 0x52, 0xC6, 0x51, 0xC7, 0x59, 0xE7, 0x61, 0xE6, 0x61,
    0xE6, 0x61, 0xE7, 0x69, 0x07, 0x72, 0x07, 0x6A, 0x07, 0x72, 0x07, 0x72, 0x07, 0x72, 0x28, 0x7A,
    0x48, 0x7A, 0x48, 0x7A, 0x68, 0x82, 0x68, 0x82, 0x69, 0x7A, 0x47, 0x6A, 0x86, 0x62, 0x43, 0x3A,
    0xE4, 0x52, 0xE4, 0x4A, 0xA4, 0x42, 0xC4, 0x42, 0xE5, 0x4A, 0xA4, 0x42, 0xC4, 0x4A, 0xC4, 0x4A,
    0x05, 0x4B, 0x46, 0x53, 0x05, 0x4B, 0x25, 0x53, 0x46, 0x53, 0x25, 0x53, 0x45, 0x53, 0xC4, 0x42,
    0xE5, 0x4A, 0x8B, 0x6B, 0x8E, 0x73, 0xAF, 0x73, 0xB0, 0x73, 0xD0, 0x7B, 0xF1, 0x7B, 0xF1, 0x7B,
    0x32, 0x84, 0x32, 0x84, 0x11, 0x84, 0x0F, 0x7C, 0x89, 0x63, 0x47, 0x5B, 0x47, 0x63, 0x88, 0x6B,
    0xEA, 0x73, 0xC9, 0x6B, 0xE9, 0x73, 0x2A, 0x7C, 0xEA, 0x73, 0xEA, 0x73, 0x0A, 0x7C, 0x2B, 0x7C,
    0x8C, 0x84, 0x4B, 0x7C, 0x4B, 0x7C, 0x8C, 0x84, 0x4B, 0x7C, 0x2A, 0x7C, 0x4B, 0x7C, 0x2B, 0x7C,
    0x0A, 0x7C, 0xC9, 0x6B, 0xCA, 0x6B, 0xA8, 0x6B, 0x88, 0x73, 0x8B, 0x83, 0xEE, 0x9B, 0xEF, 0xAB,
    0xEE, 0xA3, 0x2F, 0xAC, 0x2F, 0xA4, 0xEF, 0x9B, 0x8C, 0x7B, 0xC6, 0x4A, 0x05, 0x43, 0x25, 0x4B,
    0x46, 0x4B, 0x46, 0x4B, 0x87, 0x53, 0x25, 0x4B, 0x05, 0x43, 0x46, 0x4B, 0x46, 0x4B, 0x66, 0x53,
    0x25, 0x4B, 0x06, 0x4B, 0x2B, 0x63, 0xCE, 0x72, 0xAE, 0x72, 0x6C, 0x62, 0x8C, 0x6A, 0x8D, 0x6A,
    0xCE, 0x72, 0xAD, 0x72, 0xAD, 0x72, 0x8D, 0x6A, 0x4C, 0x62, 0x8C, 0x6A, 0x2F, 0x94, 0x51, 0xAD,
    0x90, 0xB5, 0xF2, 0xC5, 0xD1, 0xBD, 0x90, 0xB5, 0xD1, 0xBD, 0xF2, 0xC5, 0x33, 0xCE, 0x34, 0xC6,
    0x55, 0xCE, 0x33, 0xC6, 0xB1, 0xBD, 0xB0, 0xB5, 0x90, 0xB5, 0xB0, 0xB5, 0xD1, 0xB5, 0xB0, 0xB5,
    0x6F, 0xAD, 0xCC, 0x94, 0xCC, 0x94, 0x6F, 0xAD, 0x90, 0xAD, 0x2E, 0xA5, 0x0E, 0xA5, 0x2F, 0xA5,
    0x0F, 0xA5, 0xCE, 0x94, 0xAD, 0x8C, 0x0F, 0x9D, 0x2F, 0xA5, 0xAD, 0x8C, 0xAD, 0x8C, 0x2F, 0x9D,
    0x2F, 0x9D, 0xCE, 0x8C, 0xEF, 0x94, 0xEF, 0x94, 0xAD, 0x8C, 0xEF, 0x94, 0xCE, 0x8C, 0xAE, 0x8C,
    0x94, 0x8C, 0x54, 0x7C, 0x54, 0x7C, 0x33, 0x74, 0x74, 0x7C, 0x53, 0x7C, 0x53, 0x7C, 0x74, 0x84,
    0x94, 0x84, 0xB5, 0x8C, 0xD5, 0x8C, 0xB5, 0x8C, 0xB5, 0x8C, 0xD5, 0x8C, 0xB5, 0x8C, 0x94, 0x84,
    0x94, 0x84, 0x94, 0x84, 0xB5, 0x8C, 0xD5, 0x94, 0x74, 0x84, 0xD5, 0x94, 0xB5, 0x8C, 0x94, 0x84,
    0x74, 0x84, 0x73, 0x84, 0x73, 0x84, 0x73, 0x84, 0xB4, 0x8C, 0x73, 0x84, 0x94, 0x8C, 0x32, 0x74,
    0x2B, 0x32, 0xAD, 0x42, 0x4F, 0x53, 0x6F, 0x53, 0x8F, 0x5B, 0x8F, 0x5B, 0x8E, 0x5B, 0xAF, 0x63,
    0xAF, 0x6B, 0xCF, 0x6B, 0x30, 0x7C, 0x30, 0x84, 0x30, 0x84, 0xCF, 0x7B, 0x8E, 0x73, 0xAC, 0x62,
    0xEE, 0x72, 0x50, 0x8B, 0x70, 0x8B, 0xD2, 0x9B, 0x13, 0xA4, 0x13, 0xA4, 0x54, 0xAC, 0xF2, 0xA3,
    0x13, 0xA4, 0x74, 0xB4, 0x54, 0xB4, 0x12, 0xA4, 0x33, 0xAC, 0x74, 0xB4, 0x54, 0xB4, 0x53, 0xAC,
    0x73, 0xB4, 0x53, 0xB4, 0x73, 0xB4, 0x53, 0xB4, 0xB4, 0xBC, 0x93, 0xBC, 0x53, 0xB4, 0x53, 0xB4,
    0x73, 0xB4, 0x93, 0xB4, 0x72, 0xB4, 0x73, 0xB4, 0xD2, 0xB4, 0x0C, 0x84, 0x25, 0x53, 0x23, 0x53,
    0x85, 0x5B, 0x64, 0x5B, 0xA6, 0x63, 0xA6, 0x63, 0x04, 0x53, 0xC2, 0x42, 0xC3, 0x4A, 0xE4, 0x4A,
    0xE4, 0x52, 0xC3, 0x4A, 0x21, 0x32, 0x02, 0x32, 0x02, 0x32, 0x02, 0x32, 0xA4, 0x4A, 0x43, 0x42,
    0xE3, 0x31, 0x41, 0x19, 0xE0, 0x10, 0x86, 0x31, 0x8C, 0x62, 0x6C, 0x62, 0x4B, 0x62, 0x8C, 0x6A,
    0xCD, 0x72, 0xAD, 0x72, 0xCD, 0x72, 0xED, 0x7A, 0xCD, 0x7A, 0xAC, 0x7A, 0x8B, 0x72, 0x2B, 0x73,
    0xE6, 0x52, 0xA4, 0x42, 0x64, 0x3A, 0xA5, 0x42, 0xA5, 0x42, 0x84, 0x3A, 0xC5, 0x42, 0xE6, 0x4A,
    0x05, 0x4B, 0x66, 0x5B, 0x87, 0x63, 0xE8, 0x6B, 0x86, 0x63, 0x05, 0x53, 0x46, 0x5B, 0xC5, 0x4A,
    0xC5, 0x4A, 0xA4, 0x42, 0x05, 0x5B, 0xCA, 0x8B, 0x4B, 0x9B, 0xCA, 0x92, 0x89, 0x8A, 0x28, 0x7A,
    0x08, 0x72, 0xE8, 0x69, 0xE7, 0x69, 0xC6, 0x61, 0xC6, 0x61, 0xC6, 0x59, 0x86, 0x59, 0x86, 0x59,
    0xA6, 0x59, 0xA6, 0x59, 0x86, 0x51, 0x86, 0x51, 0x65, 0x49, 0x85, 0x49, 0xC6, 0x49, 0xA5, 0x52,
    0xE4, 0x52, 0x45, 0x63, 0x66, 0x63, 0x25, 0x5B, 0x26, 0x5B, 0x83, 0x42, 0x83, 0x42, 0xE4, 0x52,
    0xE4, 0x52, 0xA3, 0x4A, 0x04, 0x53, 0x45, 0x5B, 0xA3, 0x4A, 0x23, 0x3A, 0x23, 0x3A, 0xE2, 0x31,
    0xE2, 0x31, 0x44, 0x3A, 0xE3, 0x31, 0x05, 0x4A, 0xC6, 0x51, 0xA6, 0x51, 0xA6, 0x59, 0x86, 0x59,
    0x86, 0x59, 0xC6, 0x69, 0xE7, 0x69, 0x07, 0x72, 0x68, 0x82, 0x89, 0x8A, 0x89, 0x8A, 0xA9, 0x92,
    0xA9, 0x8A, 0xCA, 0x92, 0xEA, 0x92, 0xEA, 0x92, 0xC9, 0x82, 0x68, 0x6A, 0x25, 0x4A, 0x64, 0x3A,
    0x84, 0x42, 0x84, 0x42, 0xA4, 0x42, 0xA4, 0x42, 0xE5, 0x4A, 0xE5, 0x4A, 0xE5, 0x4A, 0xE5, 0x4A,
    0x25, 0x53, 0x45, 0x53, 0x66, 0x5B, 0x66, 0x5B, 0x86, 0x5B, 0x66, 0x5B, 0x45, 0x53, 0xE5, 0x4A,
    0x28, 0x5B, 0x4C, 0x63, 0x0D, 0x5B, 0x2D, 0x63, 0x6F, 0x6B, 0xD0, 0x73, 0x11, 0x7C, 0xF0, 0x7B,
    0xD0, 0x7B, 0xD0, 0x7B, 0xB0, 0x73, 0xCF, 0x7B, 0xCC, 0x73, 0x69, 0x6B, 0x88, 0x6B, 0x07, 0x5B,
    0x27, 0x5B, 0xC9, 0x73, 0xE9, 0x73, 0x0A, 0x74, 0xA9, 0x6B, 0x88, 0x6B, 0xC9, 0x6B, 0xE9, 0x73,
    0xA9, 0x6B, 0xEA, 0x73, 0x2B, 0x7C, 0xC9, 0x6B, 0x88, 0x63, 0x88, 0x63, 0xC9, 0x6B, 0xC9, 0x6B,
    0xA9, 0x6B, 0xA9, 0x6B, 0xA9, 0x63, 0xE8, 0x6B, 0x88, 0x6B, 0xA7, 0x62, 0x0B, 0x83, 0x8D, 0x93,
    0xAD, 0x9B, 0xAD, 0x93, 0x8C, 0x8B, 0x4C, 0x83, 0x2A, 0x6B, 0xE6, 0x4A, 0x26, 0x4B, 0x47, 0x4B,
    0x26, 0x4B, 0x26, 0x4B, 0x46, 0x4B, 0x05, 0x43, 0xA4, 0x3A, 0x05, 0x43, 0x46, 0x4B, 0x46, 0x4B,
    0x46, 0x4B, 0x06, 0x4B, 0xE9, 0x5A, 0x8C, 0x6A, 0x2B, 0x62, 0x2B, 0x5A, 0x2B, 0x5A, 0x4B, 0x62,
    0x6C, 0x62, 0x6C, 0x6A, 0x8D, 0x6A, 0xCE, 0x72, 0x4B, 0x62, 0xAB, 0x6A, 0xD1, 0xA4, 0x91, 0xB5,
    0xB1, 0xBD, 0xF2, 0xC5, 0xB1, 0xBD, 0x90, 0xB5, 0xD1, 0xBD, 0xD1, 0xBD, 0xD1, 0xBD, 0x74, 0xCE,
    0x54, 0xCE, 0xB1, 0xB5, 0x90, 0xB5, 0x6F, 0xAD, 0x6F, 0xB5, 0x90, 0xB5, 0x8F, 0xAD, 0x90, 0xB5,
    0x90, 0xB5, 0x6F, 0xAD, 0x6F, 0xAD, 0x90, 0xAD, 0x6F, 0xAD, 0x0E, 0x9D, 0x4F, 0xA5, 0x2F, 0xA5,
    0x0F, 0x9D, 0xEE, 0x9C, 0x2F, 0xA5, 0x70, 0xA5, 0x70, 0xA5, 0xEE, 0x94, 0xEE, 0x94, 0x0F, 0x9D,
    0x0E, 0x95, 0x6C, 0x84, 0xAE, 0x8C, 0xAD, 0x8C, 0x8D, 0x84, 0xAE, 0x8C, 0x8D, 0x84, 0x6D, 0x7C,
    0x94, 0x84, 0x53, 0x7C, 0x33, 0x7C, 0x53, 0x7C, 0x74, 0x7C, 0xB5, 0x8C, 0xD5, 0x8C, 0x53, 0x7C,
    0x94, 0x84, 0xF5, 0x8C, 0xB4, 0x8C, 0xB4, 0x8C, 0x94, 0x84, 0x33, 0x7C, 0x74, 0x84, 0x74, 0x7C,
    0x74, 0x7C, 0x74, 0x84, 0x74, 0x84, 0xB4, 0x8C, 0x94, 0x8C, 0x94, 0x8C, 0xB4, 0x8C, 0x94, 0x84,
    0x94, 0x84, 0x94, 0x8C, 0x94, 0x84, 0x12, 0x74, 0x73, 0x84, 0x73, 0x84, 0x73, 0x84, 0x94, 0x84,
    0xEE, 0x4A, 0xEA, 0x21, 0x0E, 0x43, 0x2E, 0x4B, 0x2E, 0x4B, 0x4E, 0x53, 0x4E, 0x53, 0x8F, 0x63,
    0xAE, 0x63, 0x8E, 0x63, 0x30, 0x7C, 0xEF, 0x7B, 0xCF, 0x7B, 0x6E, 0x73, 0x4A, 0x52, 0x2B, 0x5A,
    0xCE, 0x7A, 0x71, 0x93, 0xB2, 0x9B, 0x13, 0xA4, 0x33, 0xA4, 0x13, 0xA4, 0xD2, 0x9B, 0x13, 0xA4,
    0x74, 0xB4, 0x33, 0xAC, 0x33, 0xAC, 0x53, 0xAC, 0x54, 0xAC, 0x33, 0xAC, 0x13, 0xAC, 0x53, 0xB4,
    0x74, 0xB4, 0x33, 0xAC, 0x74, 0xB4, 0x53, 0xB4, 0x12, 0xAC, 0x32, 0xAC, 0x53, 0xB4, 0x73, 0xB4,
    0x73, 0xB4, 0x72, 0xB4, 0x73, 0xB4, 0x73, 0xBC, 0x92, 0xB4, 0x6F, 0x9C, 0x47, 0x63, 0xE3, 0x4A,
    0x64, 0x5B, 0x85, 0x5B, 0x64, 0x5B, 0x85, 0x5B, 0x85, 0x5B, 0xE3, 0x4A, 0xA2, 0x42, 0x82, 0x42,
    0x82, 0x42, 0xA3, 0x42, 0xE1, 0x31, 0x22, 0x3A, 0x43, 0x3A, 0xC1, 0x29, 0x43, 0x3A, 0x43, 0x3A,
    0x03, 0x3A, 0x82, 0x29, 0x42, 0x19, 0xA6, 0x39, 0x09, 0x4A, 0x4B, 0x5A, 0x6C, 0x62, 0x6C, 0x6A,
    0x8C, 0x6A, 0xAC, 0x72, 0xCC, 0x72, 0xCD, 0x7A, 0xAC, 0x72, 0x8C, 0x72, 0x6A, 0x6A, 0xEA, 0x6A,
    0xC6, 0x52, 0xC4, 0x4A, 0xA4, 0x42, 0xC5, 0x4A, 0x06, 0x53, 0x26, 0x53, 0x67, 0x5B, 0x47, 0x5B,
    0x87, 0x63, 0x87, 0x63, 0x66, 0x5B, 0x25, 0x53, 0x05, 0x53, 0x66, 0x5B, 0xE5, 0x52, 0xC5, 0x4A,
    0x47, 0x5B, 0xA8, 0x6B, 0xA7, 0x6B, 0x88, 0x7B, 0x0D, 0xAC, 0x0E, 0xBC, 0xCD, 0xB3, 0x0B, 0x93,
    0x8A, 0x8A, 0x6A, 0x7A, 0xE8, 0x69, 0x08, 0x6A, 0x08, 0x6A, 0x28, 0x6A, 0xE7, 0x61, 0xA7, 0x59,
    0xA7, 0x59, 0x86, 0x51, 0x86, 0x51, 0x45, 0x49, 0x45, 0x41, 0x65, 0x41, 0x05, 0x4A, 0x27, 0x5B,
    0xE4, 0x52, 0xE2, 0x31, 0xA2, 0x29, 0x81, 0x21, 0xE2, 0x29, 0x44, 0x3A, 0x84, 0x42, 0x84, 0x42,
    0x23, 0x3A, 0x03, 0x32, 0x23, 0x3A, 0x43, 0x3A, 0x23, 0x3A, 0xC3, 0x29, 0xE3, 0x29, 0xA3, 0x21,
    0x21, 0x19, 0x62, 0x19, 0x82, 0x21, 0x83, 0x31, 0xE6, 0x49, 0x85, 0x49, 0x45, 0x51, 0x65, 0x51,
    0xE7, 0x69, 0x08, 0x72, 0x69, 0x82, 0x69, 0x82, 0x89, 0x8A, 0xA9, 0x92, 0x68, 0x8A, 0x89, 0x8A,
    0x0B, 0x9B, 0x0B, 0x9B, 0x0B, 0x9B, 0x2B, 0x9B, 0x4B, 0x9B, 0x0A, 0x83, 0x04, 0x42, 0x43, 0x3A,
    0xC4, 0x42, 0xE5, 0x4A, 0x46, 0x53, 0x25, 0x53, 0x26, 0x53, 0x05, 0x53, 0xE4, 0x4A, 0x04, 0x4B,
    0x86, 0x5B, 0x86, 0x5B, 0x65, 0x5B, 0x66, 0x5B, 0x65, 0x5B, 0x45, 0x53, 0x46, 0x53, 0x05, 0x53,
    0x29, 0x5B, 0xEC, 0x5A, 0x2E, 0x63, 0x0D, 0x5B, 0x2E, 0x63, 0x8F, 0x73, 0xB0, 0x73, 0xF1, 0x7B,
    0xF1, 0x7B, 0xAF, 0x73, 0xCF, 0x7B, 0x71, 0x94, 0xD1, 0x9C, 0x11, 0xA5, 0x30, 0xA5, 0x6D, 0x8C,
    0x48, 0x63, 0x27, 0x5B, 0x68, 0x63, 0x88, 0x6B, 0xA8, 0x63, 0x47, 0x5B, 0x88, 0x63, 0xA8, 0x63,
    0x67, 0x63, 0x47, 0x5B, 0x68, 0x63, 0x47, 0x5B, 0xA8, 0x63, 0x67, 0x5B, 0x27, 0x53, 0x27, 0x53,
    0x27, 0x5B, 0x68, 0x5B, 0x48, 0x5B, 0x67, 0x5B, 0x26, 0x5B, 0xE3, 0x41, 0xE5, 0x49, 0xA8, 0x6A,
    0xE9, 0x72, 0xEA, 0x72, 0xA8, 0x6A, 0x27, 0x52, 0x67, 0x4A, 0xE6, 0x4A, 0x26, 0x4B, 0xE5, 0x42,
    0xC5, 0x3A, 0x06, 0x43, 0xC5, 0x42, 0x27, 0x4B, 0x47, 0x4B, 0x06, 0x4B, 0x06, 0x43, 0xE5, 0x42,
    0xC4, 0x3A, 0xC5, 0x42, 0xE9, 0x52, 0x4A, 0x5A, 0xEA, 0x51, 0x0A, 0x5A, 0x2A, 0x5A, 0x0A, 0x5A,
    0x2B, 0x5A, 0x6C, 0x62, 0x4C, 0x62, 0xEB, 0x59, 0xAD, 0x6A, 0xCE, 0x8B, 0x51, 0xAD, 0x91, 0xB5,
    0xD2, 0xBD, 0xD1, 0xBD, 0xB1, 0xBD, 0xF1, 0xC5, 0x90, 0xB5, 0x6F, 0xB5, 0xB0, 0xB5, 0x53, 0xCE,
    0x13, 0xC6, 0x70, 0xAD, 0x90, 0xB5, 0xB0, 0xBD, 0x90, 0xB5, 0x2E, 0xA5, 0x0E, 0xA5, 0x2F, 0xA5,
    0x2F, 0xA5, 0x2E, 0xA5, 0x6F, 0xAD, 0x90, 0xAD, 0x4F, 0xA5, 0x2E, 0xA5, 0x6F, 0xAD, 0x4F, 0xA5,
    0x2F, 0xA5, 0x2F, 0xA5, 0x2F, 0xA5, 0x4F, 0x9D, 0x0E, 0x95, 0x8D, 0x8C, 0xCE, 0x94, 0xAD, 0x8C,
    0x8D, 0x84, 0x8D, 0x84, 0x0F, 0x95, 0xEE, 0x94, 0xEF, 0x94, 0xEF, 0x94, 0xEF, 0x94, 0xAE, 0x84,
    0xB4, 0x8C, 0x94, 0x84, 0x12, 0x74, 0x74, 0x7C, 0xD5, 0x8C, 0x94, 0x84, 0xF2, 0x73, 0x33, 0x74,
    0x94, 0x84, 0x53, 0x7C, 0xF1, 0x6B, 0x74, 0x84, 0x53, 0x7C, 0xF2, 0x73, 0x74, 0x84, 0x94, 0x84,
    0x53, 0x7C, 0x74, 0x84, 0x13, 0x7C, 0x53, 0x84, 0xB4, 0x8C, 0x94, 0x8C, 0x94, 0x8C, 0x73, 0x84,
    0x53, 0x84, 0x94, 0x8C, 0x73, 0x84, 0x73, 0x84, 0x32, 0x7C, 0x94, 0x84, 0x73, 0x84, 0x32, 0x7C,
    0x12, 0x74, 0xE9, 0x29, 0x4A, 0x32, 0x0D, 0x4B, 0x0D, 0x4B, 0x2D, 0x53, 0x6E, 0x5B, 0xAE, 0x63,
    0x8E, 0x63, 0x4D, 0x5B, 0x4D, 0x63, 0x4D, 0x63, 0x2C, 0x63, 0x09, 0x4A, 0x68, 0x41, 0xAE, 0x72,
    0x30, 0x8B, 0xB2, 0x93, 0xF3, 0x9B, 0xB2, 0x9B, 0xB2, 0x9B, 0x91, 0x93, 0xB2, 0x9B, 0x54, 0xAC,
    0x13, 0xA4, 0xB1, 0x9B, 0xB2, 0x9B, 0x54, 0xAC, 0x54, 0xAC, 0x33, 0xAC, 0xF2, 0xA3, 0x12, 0xAC,
    0x53, 0xAC, 0xF2, 0xAB, 0x12, 0xAC, 0x33, 0xB4, 0xF2, 0xAB, 0x32, 0xB4, 0x73, 0xB4, 0x93, 0xBC,
    0x93, 0xB4, 0x52, 0xB4, 0x93, 0xBC, 0x73, 0xB4, 0x52, 0xB4, 0x70, 0xA4, 0xA9, 0x73, 0xA6, 0x6B,
    0xA5, 0x63, 0xE6, 0x6B, 0xC5, 0x6B, 0xA5, 0x63, 0x85, 0x63, 0x85, 0x63, 0x45, 0x5B, 0x82, 0x42,
    0x01, 0x32, 0x42, 0x3A, 0x43, 0x3A, 0x02, 0x32, 0x22, 0x3A, 0x02, 0x32, 0xC2, 0x31, 0x02, 0x3A,
    0xC2, 0x31, 0x81, 0x21, 0x82, 0x21, 0x65, 0x29, 0x87, 0x39, 0x2A, 0x52, 0x6B, 0x62, 0x6B, 0x62,
    0x4B, 0x62, 0x4B, 0x62, 0x8B, 0x6A, 0x8C, 0x6A, 0x6B, 0x6A, 0x6B, 0x6A, 0x8A, 0x6A, 0x88, 0x5A,
    0xA5, 0x4A, 0xC4, 0x4A, 0xE5, 0x4A, 0x06, 0x53, 0x67, 0x63, 0x46, 0x5B, 0x26, 0x5B, 0x26, 0x5B,
    0x46, 0x5B, 0x46, 0x5B, 0xE5, 0x52, 0xE5, 0x52, 0x26, 0x53, 0x66, 0x63, 0x05, 0x53, 0xA4, 0x4A,
    0x46, 0x5B, 0x67, 0x63, 0x66, 0x63, 0x46, 0x6B, 0x2C, 0xAC, 0x2F, 0xC4, 0xCD, 0xB3, 0x6C, 0xA3,
    0xEB, 0x92, 0x29, 0x7A, 0xE7, 0x69, 0xA7, 0x61, 0x08, 0x6A, 0x69, 0x72, 0x49, 0x6A, 0x08, 0x62,
    0xC7, 0x59, 0xA6, 0x51, 0x66, 0x49, 0x45, 0x49, 0x45, 0x41, 0x65, 0x41, 0x83, 0x31, 0xC2, 0x29,
    0xE3, 0x31, 0x00, 0x11, 0x01, 0x11, 0x21, 0x11, 0x62, 0x19, 0x62, 0x19, 0xC3, 0x29, 0xC3, 0x29,
    0x21, 0x19, 0x21, 0x11, 0x42, 0x19, 0x62, 0x19, 0x21, 0x11, 0x21, 0x11, 0x42, 0x19, 0x63, 0x19,
    0x83, 0x21, 0x63, 0x21, 0x62, 0x21, 0x63, 0x29, 0xA5, 0x41, 0x65, 0x41, 0x85, 0x49, 0xC7, 0x59,
    0x28, 0x6A, 0x49, 0x7A, 0x48, 0x7A, 0x68, 0x82, 0xA9, 0x8A, 0xA9, 0x82, 0xC6, 0x69, 0xE6, 0x71,
    0xC9, 0x8A, 0x0A, 0x9B, 0x2B, 0x9B, 0x0A, 0x93, 0x2A, 0x93, 0x09, 0x83, 0x65, 0x52, 0x84, 0x42,
    0xC4, 0x4A, 0xE4, 0x4A, 0x25, 0x53, 0x04, 0x4B, 0x25, 0x53, 0x45, 0x53, 0x45, 0x53, 0xA6, 0x5B,
    0xC7, 0x6B, 0x86, 0x63, 0x66, 0x5B, 0x66, 0x5B, 0x66, 0x53, 0x45, 0x53, 0x46, 0x5B, 0x46, 0x5B,
    0x09, 0x5B, 0xEC, 0x5A, 0xED, 0x5A, 0x0D, 0x63, 0x0D, 0x63, 0x0D, 0x5B, 0x2E, 0x63, 0x4F, 0x63,
    0x0D, 0x63, 0xCE, 0x7B, 0xB0, 0x9C, 0xD0, 0x9C, 0xF0, 0x9C, 0xF0, 0xA4, 0xF0, 0xA4, 0x31, 0xAD,
    0x8D, 0x94, 0xC6, 0x52, 0x07, 0x5B, 0x27, 0x5B, 0x47, 0x5B, 0x88, 0x63, 0x26, 0x53, 0x88, 0x63,
    0xA8, 0x63, 0x27, 0x5B, 0x48, 0x5B, 0x89, 0x63, 0xA9, 0x63, 0x88, 0x63, 0x48, 0x5B, 0x68, 0x5B,
    0x48, 0x5B, 0x28, 0x53, 0xC6, 0x4A, 0x26, 0x53, 0x06, 0x53, 0x64, 0x42, 0x44, 0x42, 0x65, 0x4A,
    0x65, 0x4A, 0x86, 0x52, 0x46, 0x4A, 0xC4, 0x39, 0x45, 0x3A, 0xE6, 0x42, 0xC5, 0x42, 0xA5, 0x3A,
    0x64, 0x32, 0x85, 0x32, 0x07, 0x43, 0x06, 0x43, 0xE6, 0x42, 0x06, 0x4B, 0x47, 0x4B, 0x47, 0x4B,
    0x06, 0x43, 0x06, 0x4B, 0xE8, 0x52, 0x48, 0x52, 0x29, 0x52, 0x4B, 0x5A, 0xEA, 0x51, 0xE9, 0x51,
    0x0A, 0x52, 0x0A, 0x5A, 0x0A, 0x5A, 0x0B, 0x5A, 0x8C, 0x62, 0x70, 0x9C, 0x91, 0xB5, 0x91, 0xB5,
    0xF2, 0xC5, 0xD1, 0xBD, 0xD1, 0xBD, 0x8F, 0xB5, 0x2E, 0xAD, 0x6F, 0xB5, 0x8F, 0xB5, 0x90, 0xB5,
    0x90, 0xB5, 0x6F, 0xB5, 0x6F, 0xAD, 0xB0, 0xB5, 0x90, 0xB5, 0x4F, 0xAD, 0x0E, 0x9D, 0xED, 0x9C,
    0x2E, 0xA5, 0x4F, 0xAD, 0x90, 0xB5, 0x70, 0xAD, 0x0E, 0x9D, 0xED, 0x94, 0x0D, 0x9D, 0x2E, 0x9D,
    0x0F, 0x9D, 0xCE, 0x94, 0xCD, 0x94, 0xAD, 0x8C, 0xAD, 0x8C, 0x8C, 0x84, 0xAD, 0x8C, 0xCE, 0x8C,
    0xAE, 0x84, 0xAE, 0x84, 0xCE, 0x8C, 0x8D, 0x84, 0x8E, 0x8C, 0xAE, 0x8C, 0x8D, 0x84, 0x2D, 0x7C,
    0x74, 0x84, 0x33, 0x74, 0x33, 0x74, 0x74, 0x7C, 0x74, 0x7C, 0xB5, 0x84, 0x74, 0x84, 0x94, 0x84,
    0x74, 0x84, 0x53, 0x7C, 0xF2, 0x73, 0x74, 0x7C, 0x33, 0x74, 0x33, 0x7C, 0x53, 0x7C, 0x32, 0x7C,
    0xF1, 0x73, 0x53, 0x84, 0x53, 0x7C, 0x53, 0x84, 0xB4, 0x8C, 0xD5, 0x94, 0xB4, 0x8C, 0x94, 0x8C,
    0x94, 0x8C, 0x94, 0x8C, 0x73, 0x84, 0x73, 0x84, 0x73, 0x84, 0x73, 0x84, 0x53, 0x84, 0x12, 0x7C,
    0x32, 0x7C, 0x0D, 0x53, 0x87, 0x21, 0x4A, 0x32, 0xAB, 0x42, 0xCB, 0x42, 0xEC, 0x4A, 0x0C, 0x4B,
    0xEB, 0x4A, 0xEB, 0x52, 0x0B, 0x53, 0xAA, 0x4A, 0x28, 0x42, 0x66, 0x31, 0x2A, 0x5A, 0x8E, 0x72,
    0xCF, 0x7A, 0xEF, 0x82, 0x30, 0x8B, 0x92, 0x93, 0x92, 0x93, 0x71, 0x93, 0xD3, 0xA3, 0x33, 0xAC,
    0xD2, 0x9B, 0xF2, 0xA3, 0x34, 0xAC, 0xF3, 0xA3, 0x33, 0xAC, 0x95, 0xB4, 0xF2, 0xA3, 0xB1, 0x9B,
    0x12, 0xAC, 0xD1, 0xA3, 0xF2, 0xA3, 0x33, 0xB4, 0x33, 0xB4, 0x12, 0xAC, 0x32, 0xB4, 0x53, 0xB4,
    0x93, 0xBC, 0x73, 0xB4, 0x52, 0xAC, 0x31, 0xAC, 0x52, 0xB4, 0x51, 0xAC, 0xEB, 0x83, 0xA6, 0x6B,
    0xE6, 0x6B, 0x06, 0x6C, 0x06, 0x74, 0xE6, 0x6B, 0x44, 0x5B, 0xE3, 0x4A, 0x04, 0x53, 0x83, 0x42,
    0xE1, 0x31, 0xE1, 0x29, 0x43, 0x3A, 0xE1, 0x31, 0xE1, 0x31, 0x43, 0x3A, 0x23, 0x3A, 0x03, 0x3A,
    0x84, 0x42, 0x64, 0x3A, 0xA2, 0x21, 0x43, 0x21, 0x66, 0x31, 0xA8, 0x41, 0x0A, 0x52, 0x0A, 0x5A,
    0x2B, 0x62, 0x4A, 0x62, 0x6B, 0x62, 0x8B, 0x6A, 0x6B, 0x6A, 0x29, 0x62, 0x08, 0x5A, 0x67, 0x52,
    0x26, 0x5B, 0x26, 0x53, 0xC5, 0x4A, 0x06, 0x4B, 0x46, 0x5B, 0x87, 0x63, 0x67, 0x63, 0x66, 0x5B,
    0x66, 0x5B, 0x67, 0x5B, 0x84, 0x42, 0x46, 0x5B, 0xA7, 0x63, 0x25, 0x5B, 0x46, 0x5B, 0x46, 0x5B,
    0x62, 0x42, 0xC4, 0x4A, 0xE4, 0x52, 0xE5, 0x62, 0x2C, 0xAC, 0x2E, 0xBC, 0x8C, 0xAB, 0x0B, 0x9B,
    0xCA, 0x92, 0x28, 0x72, 0xA6, 0x59, 0x24, 0x49, 0xC7, 0x61, 0x69, 0x7A, 0x48, 0x6A, 0x28, 0x6A,
    0xE8, 0x59, 0xC7, 0x59, 0x86, 0x51, 0x86, 0x49, 0x66, 0x41, 0x45, 0x39, 0xE2, 0x18, 0xC0, 0x08,
    0x01, 0x11, 0x42, 0x19, 0x62, 0x19, 0x42, 0x11, 0x21, 0x11, 0x21, 0x11, 0x42, 0x19, 0x42, 0x11,
    0x22, 0x11, 0x22, 0x11, 0x63, 0x19, 0x43, 0x19, 0x42, 0x19, 0x42, 0x19, 0x63, 0x19, 0x63, 0x19,
    0x42, 0x19, 0x42, 0x19, 0x62, 0x19, 0x22, 0x19, 0x03, 0x21, 0x65, 0x39, 0xC7, 0x51, 0xE7, 0x59,
    0x07, 0x62, 0x48, 0x72, 0x48, 0x7A, 0x68, 0x82, 0xCA, 0x8A, 0x89, 0x82, 0xA5, 0x61, 0x85, 0x59,
    0x47, 0x72, 0xC9, 0x8A, 0x0A, 0x93, 0xC9, 0x92, 0xC9, 0x8A, 0xC8, 0x7A, 0xE3, 0x49, 0x43, 0x3A,
    0x05, 0x53, 0xC4, 0x52, 0xC4, 0x4A, 0x25, 0x53, 0x66, 0x5B, 0x45, 0x5B, 0x45, 0x53, 0xC6, 0x63,
    0xA6, 0x63, 0x86, 0x63, 0x66, 0x5B, 0x66, 0x5B, 0x66, 0x5B, 0x25, 0x53, 0x25, 0x53, 0xA8, 0x6B,
    0xC8, 0x52, 0x4A, 0x42, 0x8B, 0x4A, 0xCD, 0x5A, 0x4E, 0x63, 0x2E, 0x63, 0x0D, 0x5B, 0x2E, 0x63,
    0x0C, 0x5B, 0x2F, 0x84, 0x4E, 0x8C, 0x6E, 0x94, 0xAF, 0x9C, 0xCF, 0x9C, 0xAF, 0x9C, 0xAF, 0x9C,
    0xCF, 0xA4, 0xEB, 0x7B, 0x85, 0x4A, 0xC5, 0x4A, 0x06, 0x53, 0xE6, 0x4A, 0xE6, 0x4A, 0xA5, 0x42,
    0xC5, 0x4A, 0xC6, 0x4A, 0xC6, 0x4A, 0x27, 0x5B, 0xE6, 0x52, 0x85, 0x42, 0xA6, 0x4A, 0xE7, 0x52,
    0xA7, 0x4A, 0x66, 0x42, 0x44, 0x3A, 0x26, 0x53, 0x46, 0x53, 0x26, 0x4B, 0x06, 0x4B, 0x46, 0x53,
    0x26, 0x53, 0x84, 0x42, 0xA5, 0x42, 0xC7, 0x4A, 0x07, 0x43, 0x27, 0x4B, 0x27, 0x4B, 0x06, 0x43,
    0xE6, 0x42, 0xA5, 0x3A, 0xC6, 0x42, 0x06, 0x43, 0x84, 0x32, 0x84, 0x32, 0x06, 0x43, 0xE6, 0x42,
    0x26, 0x4B, 0x46, 0x4B, 0xC6, 0x42, 0x47, 0x42, 0x08, 0x4A, 0xE9, 0x49, 0x09, 0x52, 0xC9, 0x49,
    0xA9, 0x49, 0x0A, 0x52, 0x0A, 0x52, 0xA8, 0x49, 0x49, 0x5A, 0xF0, 0xA4, 0x90, 0xB5, 0x91, 0xB5,
    0xD2, 0xBD, 0xB1, 0xBD, 0x4F, 0xAD, 0x2E, 0xA5, 0x6F, 0xAD, 0x6F, 0xB5, 0xB0, 0xB5, 0x8F, 0xB5,
    0x8F, 0xB5, 0x4E, 0xAD, 0x6F, 0xAD, 0x6F, 0xAD, 0x6F, 0xAD, 0x90, 0xB5, 0x90, 0xAD, 0x4F, 0xA5,
    0x6F, 0xAD, 0xB0, 0xB5, 0x90, 0xB5, 0xCD, 0x9C, 0x8C, 0x8C, 0xCC, 0x94, 0xED, 0x94, 0x0E, 0x9D,
    0xCE, 0x94, 0x6C, 0x84, 0x0A, 0x7C, 0x8D, 0x8C, 0x0E, 0x9D, 0xEE, 0x94, 0xEE, 0x94, 0xCE, 0x8C,
    0x6D, 0x7C, 0x4C, 0x7C, 0x0B, 0x74, 0xCB, 0x6B, 0x2C, 0x7C, 0xCB, 0x73, 0xAB, 0x6B, 0xAB, 0x6B,
    0x54, 0x7C, 0x74, 0x84, 0x54, 0x7C, 0x33, 0x74, 0x33, 0x74, 0x53, 0x7C, 0xB5, 0x8C, 0x94, 0x84,
    0x74, 0x84, 0x53, 0x7C, 0x33, 0x74, 0xF2, 0x6B, 0xD2, 0x6B, 0x12, 0x74, 0x33, 0x7C, 0x32, 0x7C,
    0xD1, 0x6B, 0x53, 0x7C, 0x53, 0x7C, 0x13, 0x7C, 0x74, 0x84, 0xB5, 0x8C, 0x94, 0x8C, 0x94, 0x84,
    0x53, 0x7C, 0x33, 0x7C, 0x53, 0x84, 0x12, 0x7C, 0x52, 0x7C, 0x32, 0x7C, 0x33, 0x7C, 0x53, 0x84,
    0x32, 0x7C, 0xD0, 0x73, 0x49, 0x3A, 0x85, 0x19, 0x28, 0x32, 0x49, 0x3A, 0x8A, 0x3A, 0xAA, 0x42,
    0x89, 0x42, 0x48, 0x3A, 0x47, 0x3A, 0xA4, 0x21, 0x65, 0x29, 0xC8, 0x41, 0x4C, 0x62, 0x6D, 0x6A,
    0xAE, 0x72, 0xCF, 0x7A, 0xCF, 0x7A, 0x71, 0x93, 0x71, 0x93, 0x92, 0x9B, 0xB2, 0x9B, 0x13, 0xA4,
    0x33, 0xAC, 0xF3, 0xA3, 0xD2, 0x9B, 0x91, 0x93, 0x50, 0x8B, 0xD2, 0x9B, 0x33, 0xAC, 0x12, 0xAC,
    0xB1, 0xA3, 0xF2, 0xA3, 0x90, 0x9B, 0xB0, 0x9B, 0xF2, 0xAB, 0xF1, 0xA3, 0xD1, 0xA3, 0xF2, 0xAB,
    0x32, 0xAC, 0x12, 0xAC, 0x11, 0xAC, 0x31, 0xAC, 0x72, 0xB4, 0x31, 0xAC, 0x2D, 0x94, 0xA7, 0x6B,
    0xC5, 0x63, 0xC5, 0x63, 0x85, 0x63, 0x44, 0x53, 0xC2, 0x42, 0x82, 0x42, 0xE4, 0x4A, 0x82, 0x42,
    0x83, 0x42, 0xC1, 0x29, 0x02, 0x32, 0x23, 0x3A, 0x02, 0x3A, 0x84, 0x4A, 0xA4, 0x4A, 0xA4, 0x4A,
    0xC5, 0x4A, 0x64, 0x42, 0x41, 0x19, 0xC1, 0x10, 0x24, 0x29, 0x66, 0x31, 0xA7, 0x41, 0xC8, 0x49,
    0xE9, 0x51, 0x08, 0x52, 0x28, 0x52, 0xE8, 0x49, 0xC7, 0x49, 0xC6, 0x49, 0xE5, 0x41, 0x85, 0x4A,
    0xC5, 0x4A, 0x26, 0x53, 0x06, 0x4B, 0x47, 0x53, 0x67, 0x5B, 0xA7, 0x63, 0x87, 0x63, 0x66, 0x5B,
    0x87, 0x63, 0x46, 0x5B, 0xE5, 0x4A, 0xC4, 0x4A, 0xE5, 0x4A, 0x83, 0x42, 0xC4, 0x4A, 0xA7, 0x6B,
    0x46, 0x5B, 0x46, 0x63, 0xC4, 0x52, 0x64, 0x52, 0x8A, 0x93, 0xED, 0xB3, 0xAC, 0xAB, 0x0B, 0x9B,
    0x69, 0x82, 0xE7, 0x69, 0x86, 0x51, 0xC3, 0x38, 0x86, 0x59, 0x69, 0x72, 0x69, 0x72, 0x28, 0x6A,
    0x28, 0x6A, 0xE7, 0x59, 0x86, 0x51, 0x66, 0x49, 0x45, 0x39, 0xC2, 0x18, 0xA1, 0x08, 0xE1, 0x10,
    0x21, 0x11, 0x21, 0x11, 0x01, 0x11, 0xC1, 0x08, 0x02, 0x11, 0x01, 0x11, 0x01, 0x11, 0x22, 0x11,
    0x01, 0x11, 0x22, 0x11, 0x22, 0x11, 0x02, 0x11, 0x01, 0x11, 0x22, 0x11, 0x63, 0x19, 0x42, 0x19,
    0x01, 0x11, 0x42, 0x19, 0x62, 0x19, 0x42, 0x19, 0xE1, 0x18, 0x03, 0x29, 0xA6, 0x49, 0xE7, 0x59,
    0xE7, 0x61, 0x68, 0x72, 0x89, 0x7A, 0x68, 0x7A, 0xA9, 0x82, 0x68, 0x72, 0xA5, 0x51, 0x64, 0x51,
    0xE6, 0x61, 0x67, 0x72, 0xC9, 0x82, 0xC9, 0x8A, 0xC8, 0x7A, 0x86, 0x62, 0x44, 0x4A, 0x64, 0x42,
    0xC4, 0x4A, 0xA4, 0x4A, 0xC4, 0x4A, 0x25, 0x53, 0xC7, 0x6B, 0xC7, 0x6B, 0xA6, 0x63, 0x65, 0x5B,
    0x65, 0x5B, 0x24, 0x4B, 0xC3, 0x42, 0x05, 0x53, 0x25, 0x53, 0x26, 0x53, 0x25, 0x53, 0x67, 0x5B,
    0xA7, 0x4A, 0xE8, 0x39, 0x09, 0x3A, 0x0A, 0x3A, 0x2A, 0x42, 0x4B, 0x4A, 0x8B, 0x4A, 0xAC, 0x52,
    0x2C, 0x63, 0x0E, 0x84, 0x4E, 0x8C, 0x6E, 0x94, 0x6D, 0x8C, 0x6E, 0x94, 0xAE, 0x9C, 0x4D, 0x8C,
    0x6E, 0x94, 0x0C, 0x84, 0x44, 0x42, 0x43, 0x3A, 0x64, 0x3A, 0x84, 0x3A, 0xA5, 0x42, 0x85, 0x42,
    0xA5, 0x42, 0xA6, 0x42, 0x65, 0x42, 0x44, 0x3A, 0xC7, 0x52, 0xAC, 0x7B, 0x4F, 0x8C, 0x90, 0x94,
    0x8D, 0x7B, 0xE9, 0x5A, 0x86, 0x4A, 0xA5, 0x42, 0x26, 0x53, 0x66, 0x53, 0x87, 0x53, 0x87, 0x5B,
    0xA8, 0x5B, 0x26, 0x4B, 0xA5, 0x3A, 0x06, 0x43, 0x47, 0x4B, 0x27, 0x4B, 0x47, 0x4B, 0x27, 0x4B,
    0xC5, 0x3A, 0x06, 0x43, 0xE6, 0x42, 0x26, 0x43, 0x06, 0x43, 0xE6, 0x3A, 0xE6, 0x42, 0x06, 0x43,
    0xE6, 0x42, 0x06, 0x43, 0xC6, 0x42, 0x25, 0x32, 0xE6, 0x39, 0xA7, 0x41, 0xE8, 0x49, 0xC9, 0x49,
    0xC9, 0x49, 0xA8, 0x41, 0x87, 0x39, 0x46, 0x39, 0x69, 0x5A, 0xEF, 0xA4, 0x50, 0xAD, 0x70, 0xB5,
    0xB1, 0xBD, 0xB0, 0xBD, 0x90, 0xB5, 0x90, 0xB5, 0x6F, 0xB5, 0x6F, 0xB5, 0xB0, 0xBD, 0xB0, 0xB5,
    0x4E, 0xAD, 0x4E, 0xAD, 0x4E, 0xAD, 0xED, 0x9C, 0x0D, 0x9D, 0x0D, 0x9D, 0x6F, 0xAD, 0xB0, 0xB5,
    0xB0, 0xB5, 0x90, 0xAD, 0x2E, 0xA5, 0xCD, 0x94, 0xED, 0x94, 0x0D, 0x9D, 0x0E, 0x9D, 0xCD, 0x94,
    0x8C, 0x8C, 0xCD, 0x94, 0xCE, 0x94, 0x2F, 0x9D, 0x8C, 0x84, 0x4B, 0x7C, 0x2C, 0x7C, 0x8D, 0x84,
    0xAE, 0x84, 0x8D, 0x84, 0x4C, 0x7C, 0x4C, 0x7C, 0x2C, 0x7C, 0x4D, 0x7C, 0xEC, 0x73, 0xEC, 0x6B,
    0x95, 0x84, 0x94, 0x84, 0x54, 0x7C, 0x53, 0x7C, 0xF2, 0x6B, 0x13, 0x6C, 0xF2, 0x6B, 0x33, 0x74,
    0x33, 0x74, 0xF2, 0x6B, 0x12, 0x74, 0x33, 0x74, 0xF2, 0x73, 0x33, 0x7C, 0x53, 0x7C, 0x73, 0x7C,
    0x12, 0x74, 0x12, 0x74, 0x33, 0x74, 0x13, 0x74, 0x32, 0x7C, 0xB4, 0x8C, 0x73, 0x84, 0x32, 0x74,
    0x33, 0x7C, 0x33, 0x7C, 0x32, 0x7C, 0x32, 0x7C, 0xF1, 0x73, 0x12, 0x74, 0x73, 0x84, 0x52, 0x7C,
    0x32, 0x7C, 0x31, 0x7C, 0xCB, 0x52, 0x03, 0x11, 0x23, 0x11, 0x64, 0x19, 0xA5, 0x21, 0xA5, 0x21,
    0xC5, 0x21, 0x84, 0x21, 0x83, 0x21, 0x62, 0x19, 0xA5, 0x31, 0x09, 0x4A, 0x4C, 0x62, 0xAE, 0x72,
    0x0F, 0x7B, 0x51, 0x8B, 0x91, 0x93, 0x91, 0x93, 0x71, 0x93, 0xB2, 0x9B, 0x92, 0x9B, 0x91, 0x9B,
    0x91, 0x93, 0x71, 0x93, 0x91, 0x9B, 0x50, 0x93, 0x71, 0x93, 0x50, 0x93, 0xD2, 0xA3, 0xF2, 0xA3,
    0xF2, 0xA3, 0x33, 0xAC, 0x33, 0xAC, 0xF1, 0xA3, 0xF2, 0xAB, 0xD1, 0xA3, 0xD1, 0xA3, 0x32, 0xB4,
    0x32, 0xB4, 0x11, 0xAC, 0x52, 0xB4, 0x52, 0xAC, 0x52, 0xAC, 0x31, 0xA4, 0x4F, 0x9C, 0x2A, 0x7C,
    0xC7, 0x63, 0xC7, 0x63, 0xA6, 0x63, 0x64, 0x5B, 0x03, 0x53, 0xC3, 0x4A, 0x45, 0x5B, 0xA3, 0x42,
    0x83, 0x42, 0x63, 0x42, 0x22, 0x3A, 0xC4, 0x4A, 0x84, 0x4A, 0xA4, 0x4A, 0xC5, 0x52, 0xC5, 0x52,
    0x84, 0x4A, 0x64, 0x42, 0x24, 0x3A, 0x62, 0x21, 0x63, 0x29, 0x84, 0x31, 0xE5, 0x39, 0x06, 0x42,
    0xE6, 0x41, 0xC5, 0x39, 0x46, 0x4A, 0x66, 0x52, 0xC4, 0x39, 0x04, 0x42, 0x85, 0x52, 0xE5, 0x52,
    0xA4, 0x42, 0xA3, 0x3A, 0xE5, 0x4A, 0xE5, 0x4A, 0x46, 0x5B, 0xA7, 0x63, 0x87, 0x63, 0x66, 0x5B,
    0x66, 0x5B, 0x46, 0x5B, 0x46, 0x5B, 0x05, 0x53, 0x05, 0x4B, 0x26, 0x53, 0x05, 0x53, 0xE5, 0x52,
    0x26, 0x5B, 0x26, 0x5B, 0xE5, 0x52, 0x63, 0x4A, 0xA5, 0x62, 0x8A, 0x93, 0x4A, 0x93, 0x88, 0x82,
    0x06, 0x6A, 0xC6, 0x59, 0x44, 0x41, 0xA2, 0x28, 0x64, 0x41, 0x28, 0x62, 0x69, 0x72, 0x48, 0x6A,
    0x08, 0x5A, 0xE7, 0x59, 0xA6, 0x49, 0x45, 0x39, 0xC2, 0x20, 0x80, 0x08, 0x80, 0x00, 0xE1, 0x08,
    0xE1, 0x08, 0xC0, 0x08, 0xC1, 0x08, 0x22, 0x11, 0xC0, 0x00, 0xC0, 0x08, 0x22, 0x11, 0x42, 0x11,
    0x62, 0x19, 0x62, 0x19, 0x62, 0x19, 0x42, 0x11, 0x21, 0x11, 0x42, 0x11, 0xA3, 0x21, 0xA3, 0x21,
    0x62, 0x19, 0xA3, 0x21, 0xE3, 0x29, 0xE4, 0x29, 0xC4, 0x29, 0x02, 0x21, 0x64, 0x31, 0xC5, 0x49,
    0xE6, 0x59, 0xE7, 0x61, 0x27, 0x6A, 0x88, 0x72, 0x87, 0x6A, 0x26, 0x5A, 0xC4, 0x49, 0x83, 0x41,
    0xE4, 0x51, 0x86, 0x62, 0x66, 0x62, 0xC7, 0x72, 0xC7, 0x62, 0x85, 0x52, 0x84, 0x4A, 0x83, 0x3A,
    0xC4, 0x42, 0x45, 0x53, 0xA7, 0x63, 0xA6, 0x63, 0xE7, 0x6B, 0xE7, 0x6B, 0x85, 0x5B, 0x86, 0x5B,
    0x86, 0x5B, 0x25, 0x53, 0xA3, 0x42, 0x05, 0x4B, 0xE4, 0x4A, 0x04, 0x4B, 0x25, 0x4B, 0xA4, 0x42,
    0x65, 0x3A, 0x07, 0x3A, 0xA7, 0x31, 0xE8, 0x31, 0x2A, 0x3A, 0x4A, 0x42, 0x8B, 0x4A, 0x4B, 0x42,
    0xCB, 0x5A, 0xCD, 0x7B, 0x0C, 0x84, 0x2D, 0x8C, 0x2C, 0x84, 0x0C, 0x84, 0x2C, 0x84, 0x2C, 0x84,
    0x0C, 0x84, 0xEB, 0x7B, 0x24, 0x42, 0xC2, 0x29, 0x03, 0x32, 0x44, 0x3A, 0x84, 0x3A, 0x64, 0x42,
    0x44, 0x3A, 0x03, 0x32, 0x04, 0x3A, 0xA9, 0x5A, 0x51, 0x9C, 0x35, 0xBD, 0x36, 0xBD, 0x36, 0xBD,
    0x55, 0xBD, 0x14, 0xB5, 0x70, 0x94, 0x29, 0x5B, 0x07, 0x53, 0x46, 0x4B, 0x66, 0x53, 0x87, 0x5B,
    0x67, 0x53, 0x47, 0x4B, 0x47, 0x4B, 0x27, 0x4B, 0xE6, 0x42, 0x05, 0x43, 0xA4, 0x3A, 0xA5, 0x3A,
    0xC5, 0x3A, 0x26, 0x4B, 0x06, 0x4B, 0x07, 0x4B, 0xE7, 0x4A, 0x08, 0x4B, 0xE7, 0x42, 0xC6, 0x42,
    0xE7, 0x42, 0x07, 0x4B, 0x06, 0x4B, 0x85, 0x3A, 0x25, 0x3A, 0xC5, 0x31, 0xE6, 0x39, 0xA6, 0x39,
    0x25, 0x29, 0x25, 0x29, 0x25, 0x29, 0x04, 0x29, 0xEA, 0x6A, 0x10, 0xAD, 0x50, 0xAD, 0xD1, 0xBD,
    0xD1, 0xBD, 0xB1, 0xBD, 0xB1, 0xBD, 0xB1, 0xBD, 0xB0, 0xBD, 0x90, 0xB5, 0x90, 0xB5, 0x8F, 0xB5,
    0x0D, 0xA5, 0x0D, 0xA5, 0x0D, 0xA5, 0xED, 0x9C, 0xCD, 0x94, 0xCD, 0x94, 0xCD, 0x94, 0xAC, 0x8C,
    0x8B, 0x8C, 0x8C, 0x8C, 0xCD, 0x94, 0xAC, 0x94, 0xCD, 0x94, 0xCD, 0x94, 0x8C, 0x8C, 0x8C, 0x8C,
    0x4B, 0x84, 0x8C, 0x8C, 0xEE, 0x94, 0xAD, 0x8C, 0x0B, 0x74, 0x0B, 0x74, 0xEB, 0x73, 0x6D, 0x7C,
    0x2C, 0x7C, 0x0B, 0x74, 0x0C, 0x74, 0x6D, 0x84, 0x6D, 0x7C, 0x6D, 0x7C, 0x2D, 0x74, 0x0C, 0x74,
    0x74, 0x7C, 0xD2, 0x6B, 0x13, 0x74, 0xF2, 0x6B, 0xF2, 0x6B, 0xF2, 0x6B, 0xD1, 0x63, 0xF2, 0x63,
    0x33, 0x74, 0x13, 0x74, 0x13, 0x6C, 0x54, 0x7C, 0x13, 0x74, 0x90, 0x63, 0xF1, 0x6B, 0x53, 0x84,
    0x32, 0x7C, 0x32, 0x7C, 0x53, 0x7C, 0x33, 0x7C, 0xF2, 0x73, 0x32, 0x7C, 0x32, 0x7C, 0x53, 0x7C,
    0x53, 0x7C, 0x53, 0x7C, 0x53, 0x84, 0x52, 0x84, 0x11, 0x7C, 0x11, 0x74, 0x32, 0x7C, 0x52, 0x7C,
    0x31, 0x7C, 0x52, 0x84, 0x8E, 0x6B, 0xA5, 0x29, 0xE2, 0x10, 0xE1, 0x10, 0xE1, 0x10, 0x01, 0x11,
    0x42, 0x19, 0x22, 0x19, 0x21, 0x11, 0x83, 0x21, 0xC6, 0x39, 0xC9, 0x41, 0x0B, 0x52, 0x6D, 0x62,
    0xEF, 0x72, 0x51, 0x8B, 0x71, 0x8B, 0x71, 0x93, 0x71, 0x93, 0x71, 0x93, 0xF0, 0x82, 0x91, 0x93,
    0xB2, 0x9B, 0x71, 0x93, 0x91, 0x93, 0xB2, 0x9B, 0x71, 0x93, 0x91, 0x93, 0x91, 0x9B, 0xB1, 0x9B,
    0xF2, 0xA3, 0x12, 0xA4, 0xF1, 0xA3, 0x12, 0xAC, 0x12, 0xAC, 0xF2, 0xAB, 0xF1, 0xA3, 0xF1, 0xA3,
    0xF1, 0xA3, 0xF1, 0xA3, 0x32, 0xAC, 0x32, 0xAC, 0x31, 0xAC, 0x31, 0xAC, 0x2F, 0x94, 0xCA, 0x6B,
    0xC9, 0x63, 0xEA, 0x63, 0xE9, 0x6B, 0x86, 0x63, 0x44, 0x5B, 0xE3, 0x4A, 0xE3, 0x52, 0xA2, 0x42,
    0xA3, 0x4A, 0x83, 0x42, 0x83, 0x42, 0xE5, 0x52, 0xC4, 0x52, 0xC4, 0x52, 0x26, 0x5B, 0xE6, 0x52,
    0xE5, 0x52, 0xC5, 0x4A, 0xC6, 0x4A, 0xA5, 0x42, 0xC6, 0x4A, 0xE6, 0x52, 0xE6, 0x52, 0x85, 0x42,
    0x65, 0x42, 0xA5, 0x4A, 0x26, 0x5B, 0x26, 0x5B, 0x06, 0x53, 0xC5, 0x4A, 0xE5, 0x52, 0x25, 0x53,
    0x05, 0x4B, 0x05, 0x4B, 0x26, 0x53, 0xE5, 0x4A, 0x66, 0x5B, 0x45, 0x53, 0x25, 0x53, 0x25, 0x53,
    0x25, 0x53, 0x05, 0x53, 0xE4, 0x4A, 0x05, 0x53, 0x05, 0x53, 0x05, 0x53, 0x05, 0x53, 0x05, 0x53,
    0x67, 0x63, 0x05, 0x53, 0x05, 0x53, 0x05, 0x5B, 0x26, 0x63, 0x06, 0x6B, 0x86, 0x6A, 0x65, 0x62,
    0x25, 0x52, 0xC4, 0x41, 0x42, 0x29, 0xC0, 0x18, 0xE2, 0x20, 0x85, 0x41, 0x08, 0x5A, 0xC6, 0x49,
    0x44, 0x39, 0x85, 0x39, 0x85, 0x39, 0x43, 0x29, 0xE1, 0x10, 0x63, 0x19, 0x62, 0x19, 0x21, 0x11,
    0x42, 0x11, 0x22, 0x11, 0x22, 0x19, 0x22, 0x11, 0x21, 0x11, 0x62, 0x19, 0x83, 0x21, 0x62, 0x19,
    0xA2, 0x21, 0x82, 0x19, 0xA3, 0x21, 0xC3, 0x21, 0xC3, 0x21, 0xA2, 0x21, 0xE3, 0x29, 0x03, 0x2A,
    0x24, 0x32, 0x24, 0x32, 0x03, 0x32, 0x04, 0x32, 0x04, 0x32, 0xE3, 0x31, 0xE4, 0x31, 0x25, 0x42,
    0xC4, 0x41, 0x63, 0x41, 0xE5, 0x51, 0x45, 0x52, 0x45, 0x4A, 0x65, 0x4A, 0xA5, 0x4A, 0x84, 0x4A,
    0x84, 0x4A, 0xA5, 0x4A, 0x85, 0x4A, 0xA5, 0x52, 0xC5, 0x52, 0xE5, 0x4A, 0xE4, 0x4A, 0x05, 0x4B,
    0x25, 0x4B, 0x65, 0x53, 0xA6, 0x5B, 0xA6, 0x5B, 0xC7, 0x63, 0x86, 0x5B, 0x45, 0x53, 0x45, 0x53,
    0x25, 0x53, 0x66, 0x53, 0x05, 0x4B, 0x05, 0x4B, 0xE5, 0x4A, 0xC4, 0x42, 0x06, 0x4B, 0xA4, 0x42,
    0xE3, 0x29, 0xA5, 0x21, 0xC7, 0x29, 0x09, 0x3A, 0x29, 0x3A, 0x09, 0x3A, 0x09, 0x32, 0xE8, 0x31,
    0x89, 0x4A, 0x8B, 0x73, 0x8A, 0x6B, 0x8A, 0x73, 0xCB, 0x73, 0xEC, 0x7B, 0xCB, 0x7B, 0x0C, 0x84,
    0xAB, 0x73, 0xAB, 0x73, 0x04, 0x3A, 0x61, 0x21, 0xC2, 0x29, 0xE2, 0x29, 0x23, 0x32, 0x23, 0x32,
    0x63, 0x3A, 0x24, 0x32, 0xE9, 0x62, 0x72, 0xA4, 0xB3, 0xB4, 0xB4, 0xB4, 0xD5, 0xB4, 0xD5, 0xB4,
    0xD4, 0xB4, 0xD5, 0xB4, 0xD4, 0xB4, 0x91, 0x9C, 0x49, 0x63, 0x27, 0x53, 0xA8, 0x5B, 0xC8, 0x63,
    0x87, 0x53, 0x06, 0x4B, 0xC6, 0x42, 0x07, 0x43, 0xE6, 0x42, 0xE6, 0x42, 0x26, 0x4B, 0x47, 0x4B,
    0x67, 0x53, 0x89, 0x5B, 0xCB, 0x63, 0xED, 0x6B, 0x4F, 0x7C, 0x70, 0x7C, 0x6F, 0x7C, 0x2F, 0x74,
    0x0D, 0x6C, 0x6A, 0x5B, 0x28, 0x53, 0xE6, 0x42, 0xC5, 0x42, 0x65, 0x3A, 0x05, 0x32, 0xC4, 0x29,
    0x23, 0x19, 0x64, 0x29, 0x64, 0x29, 0x23, 0x21, 0x4A, 0x6B, 0x51, 0xAD, 0x70, 0xAD, 0xF2, 0xC5,
    0xD2, 0xC5, 0xB1, 0xBD, 0x90, 0xBD, 0x90, 0xBD, 0x90, 0xBD, 0x90, 0xB5, 0xB0, 0xBD, 0x6F, 0xAD,
    0x2E, 0xA5, 0xCC, 0x9C, 0x0D, 0xA5, 0x6F, 0xAD, 0x0D, 0x9D, 0xED, 0x9C, 0x0D, 0x9D, 0x8B, 0x8C,
    0x2A, 0x7C, 0x8C, 0x8C, 0xCD, 0x94, 0xCD, 0x94, 0x0E, 0x9D, 0xAD, 0x94, 0xCD, 0x94, 0xCD, 0x8C,
    0x8C, 0x84, 0x6C, 0x84, 0x2B, 0x7C, 0xEA, 0x6B, 0xEA, 0x6B, 0x2B, 0x74, 0x6D, 0x7C, 0x6D, 0x7C,
    0xEB, 0x6B, 0x0C, 0x74, 0xEB, 0x6B, 0x0B, 0x74, 0x0C, 0x74, 0x6D, 0x7C, 0xEB, 0x6B, 0xCB, 0x63,
    0x50, 0x5B, 0x90, 0x63, 0xB1, 0x63, 0x70, 0x5B, 0xF2, 0x6B, 0x91, 0x5B, 0xB1, 0x5B, 0xB1, 0x5B,
    0x13, 0x74, 0xD2, 0x6B, 0x50, 0x53, 0x13, 0x74, 0x53, 0x7C, 0xB1, 0x6B, 0x12, 0x74, 0x74, 0x84,
    0x53, 0x7C, 0x32, 0x7C, 0x12, 0x74, 0xF2, 0x6B, 0x12, 0x74, 0x33, 0x7C, 0x12, 0x7C, 0x73, 0x84,
    0x12, 0x74, 0xF1, 0x6B, 0x53, 0x84, 0x32, 0x84, 0x73, 0x84, 0xF1, 0x73, 0xF1, 0x73, 0x52, 0x84,
    0x31, 0x7C, 0xF0, 0x73, 0xCF, 0x73, 0xC6, 0x31, 0x60, 0x00, 0xA0, 0x08, 0xE1, 0x08, 0x21, 0x11,
    0x01, 0x11, 0xA1, 0x08, 0x80, 0x00, 0xE2, 0x10, 0x86, 0x31, 0xA9, 0x41, 0x0B, 0x52, 0x6D, 0x62,
    0xCF, 0x72, 0xEF, 0x7A, 0xEF, 0x7A, 0xEF, 0x7A, 0x10, 0x83, 0x71, 0x8B, 0x10, 0x83, 0x50, 0x8B,
    0xD2, 0xA3, 0xB2, 0x9B, 0xB2, 0x9B, 0xF2, 0xA3, 0x71, 0x93, 0x91, 0x93, 0x91, 0x93, 0xB1, 0x9B,
    0x90, 0x9B, 0xD1, 0xA3, 0xF2, 0xA3, 0xB1, 0x9B, 0xD1, 0xA3, 0xD1, 0xA3, 0xB0, 0x9B, 0x6F, 0x93,
    0xB0, 0x9B, 0xB0, 0x9B, 0xF1, 0xA3, 0x31, 0xA4, 0x11, 0xAC, 0x31, 0xAC, 0x0F, 0x94, 0x8A, 0x63,
    0x8A, 0x53, 0xCA, 0x5B, 0xAA, 0x63, 0x87, 0x5B, 0xE3, 0x52, 0x82, 0x42, 0xC3, 0x4A, 0xC3, 0x4A,
    0x04, 0x4B, 0x05, 0x53, 0x25, 0x53, 0x46, 0x5B, 0x46, 0x5B, 0x46, 0x5B, 0x46, 0x5B, 0xC4, 0x4A,
    0xE5, 0x4A, 0x27, 0x53, 0xE6, 0x4A, 0x06, 0x4B, 0x26, 0x4B, 0x26, 0x53, 0x05, 0x4B, 0xC4, 0x42,
    0xE5, 0x4A, 0x06, 0x53, 0x46, 0x5B, 0x87, 0x5B, 0x25, 0x53, 0x86, 0x5B, 0x86, 0x5B, 0x46, 0x5B,
    0x45, 0x53, 0xA7, 0x63, 0xA8, 0x63, 0x87, 0x63, 0xC8, 0x63, 0x87, 0x5B, 0x66, 0x5B, 0x86, 0x5B,
    0x87, 0x63, 0x46, 0x53, 0x05, 0x4B, 0x46, 0x5B, 0x46, 0x5B, 0x25, 0x53, 0x46, 0x5B, 0x66, 0x5B,
    0x46, 0x5B, 0xA4, 0x42, 0xC4, 0x4A, 0x25, 0x53, 0x45, 0x5B, 0x05, 0x5B, 0x05, 0x5B, 0x87, 0x6B,
    0x46, 0x63, 0xA4, 0x4A, 0xE5, 0x52, 0x64, 0x42, 0xC3, 0x31, 0xA3, 0x39, 0x63, 0x31, 0xE1, 0x20,
    0x42, 0x29, 0xA2, 0x29, 0xE3, 0x31, 0x03, 0x32, 0x24, 0x32, 0x24, 0x32, 0xA3, 0x21, 0x00, 0x09,
    0x21, 0x11, 0x62, 0x19, 0x82, 0x21, 0x62, 0x19, 0x82, 0x19, 0xA3, 0x21, 0xC3, 0x29, 0x81, 0x21,
    0xC2, 0x21, 0xE2, 0x21, 0xE2, 0x21, 0x23, 0x2A, 0x44, 0x32, 0x23, 0x32, 0x64, 0x3A, 0x64, 0x3A,
    0x43, 0x32, 0x23, 0x32, 0x02, 0x2A, 0x43, 0x3A, 0x23, 0x32, 0x23, 0x32, 0x43, 0x3A, 0x84, 0x42,
    0x64, 0x42, 0x44, 0x42, 0x64, 0x42, 0x84, 0x4A, 0xA4, 0x4A, 0xC5, 0x4A, 0xE4, 0x4A, 0xE5, 0x4A,
    0xE5, 0x4A, 0xE5, 0x4A, 0xE5, 0x4A, 0xE5, 0x4A, 0xA4, 0x42, 0x05, 0x4B, 0x46, 0x53, 0x45, 0x53,
    0x25, 0x4B, 0x86, 0x5B, 0x86, 0x5B, 0x86, 0x5B, 0x86, 0x63, 0x04, 0x4B, 0x45, 0x53, 0x24, 0x4B,
    0x25, 0x4B, 0x46, 0x53, 0x66, 0x5B, 0x66, 0x5B, 0x46, 0x53, 0xE5, 0x4A, 0xC5, 0x42, 0x84, 0x3A,
    0xE3, 0x21, 0x63, 0x19, 0xE5, 0x29, 0xA5, 0x21, 0x86, 0x21, 0xC6, 0x29, 0xA6, 0x29, 0x85, 0x21,
    0xC5, 0x29, 0xC8, 0x52, 0xE8, 0x5A, 0x09, 0x5B, 0xE8, 0x5A, 0x29, 0x63, 0x4A, 0x63, 0x6A, 0x6B,
    0x29, 0x63, 0x08, 0x5B, 0x65, 0x42, 0x44, 0x3A, 0xE2, 0x29, 0x43, 0x32, 0x06, 0x4B, 0x26, 0x4B,
    0x05, 0x4B, 0x49, 0x63, 0x51, 0x9C, 0x52, 0xAC, 0x73, 0xAC, 0x73, 0xAC, 0xD4, 0xB4, 0x93, 0xAC,
    0x94, 0xAC, 0x94, 0xB4, 0x53, 0xA4, 0x72, 0xA4, 0x2F, 0x8C, 0x28, 0x5B, 0x47, 0x53, 0xA7, 0x5B,
    0xE8, 0x63, 0x88, 0x53, 0xE6, 0x42, 0x06, 0x43, 0x47, 0x53, 0x47, 0x4B, 0x47, 0x4B, 0x47, 0x53,
    0x48, 0x53, 0x2E, 0x74, 0x13, 0x95, 0x34, 0x95, 0x35, 0x95, 0x35, 0x9D, 0x55, 0x9D, 0x34, 0x95,
    0x14, 0x95, 0xD2, 0x8C, 0x2E, 0x74, 0x08, 0x4B, 0xA5, 0x3A, 0xE6, 0x42, 0xA5, 0x42, 0xA6, 0x42,
    0x85, 0x3A, 0x86, 0x42, 0x25, 0x32, 0xE4, 0x31, 0xEC, 0x83, 0x50, 0xAD, 0x4F, 0xAD, 0xB1, 0xBD,
    0xB1, 0xBD, 0x90, 0xBD, 0xB0, 0xBD, 0x90, 0xBD, 0xD1, 0xBD, 0xB0, 0xBD, 0x4F, 0xAD, 0x2E, 0xA5,
    0x0E, 0xA5, 0x0D, 0xA5, 0x2E, 0xAD, 0x2E, 0xA5, 0xED, 0x9C, 0xED, 0x9C, 0xEE, 0x9C, 0x4E, 0xA5,
    0xED, 0x9C, 0xED, 0x9C, 0x8C, 0x8C, 0xCD, 0x94, 0x0E, 0x9D, 0x0E, 0x9D, 0xCD, 0x94, 0x8C, 0x84,
    0x4C, 0x84, 0x8D, 0x8C, 0x6C, 0x84, 0x0A, 0x74, 0xCA, 0x63, 0xAA, 0x63, 0x0B, 0x74, 0x0B, 0x74,
    0xEB, 0x6B, 0xCB, 0x6B, 0xAA, 0x63, 0xEB, 0x73, 0xCB, 0x6B, 0x2C, 0x74, 0xCB, 0x6B, 0xEC, 0x6B,
    0x12, 0x6C, 0x33, 0x74, 0x74, 0x7C, 0x91, 0x63, 0x70, 0x5B, 0x91, 0x5B, 0xF2, 0x63, 0xD1, 0x63,
    0x33, 0x74, 0xD2, 0x6B, 0x0F, 0x4B, 0x50, 0x5B, 0xF2, 0x6B, 0x12, 0x74, 0xD1, 0x6B, 0x32, 0x7C,
    0x53, 0x7C, 0x12, 0x74, 0x12, 0x74, 0xD2, 0x6B, 0xD1, 0x6B, 0x32, 0x74, 0xF1, 0x73, 0xB0, 0x63,
    0xD1, 0x6B, 0x6F, 0x5B, 0x32, 0x7C, 0x11, 0x7C, 0x52, 0x84, 0x52, 0x84, 0x32, 0x84, 0x32, 0x84,
    0x31, 0x7C, 0xF0, 0x73, 0xD0, 0x73, 0xC7, 0x31, 0x40, 0x00, 0xA1, 0x08, 0xA0, 0x08, 0xE1, 0x08,
    0xE1, 0x08, 0x60, 0x00, 0x60, 0x00, 0xA2, 0x10, 0x67, 0x31, 0xA9, 0x41, 0x4C, 0x5A, 0x6D, 0x5A,
    0x6E, 0x62, 0x6E, 0x6A, 0xCF, 0x7A, 0x30, 0x83, 0x10, 0x83, 0x91, 0x93, 0x51, 0x8B, 0x71, 0x93,
    0xD2, 0xA3, 0x91, 0x93, 0x50, 0x93, 0x91, 0x9B, 0x70, 0x93, 0x91, 0x93, 0xB1, 0x9B, 0x70, 0x93,
    0x70, 0x93, 0xB1, 0x9B, 0xD1, 0xA3, 0xD1, 0xA3, 0xB1, 0xA3, 0xD1, 0xA3, 0x11, 0xA4, 0x90, 0x93,
    0x8F, 0x93, 0xD0, 0xA3, 0xB0, 0x9B, 0xD0, 0x9B, 0xF0, 0xA3, 0xCF, 0x9B, 0x0F, 0x94, 0x8B, 0x63,
    0x28, 0x4B, 0x69, 0x53, 0x28, 0x4B, 0x26, 0x4B, 0xA3, 0x42, 0x62, 0x3A, 0x25, 0x53, 0xA7, 0x63,
    0x86, 0x5B, 0xC8, 0x63, 0xC8, 0x63, 0xA7, 0x63, 0x67, 0x5B, 0x06, 0x53, 0x27, 0x53, 0x0B, 0x74,
    0xAF, 0x8C, 0x11, 0x9D, 0xF0, 0x94, 0x4D, 0x7C, 0x88, 0x5B, 0x88, 0x5B, 0x87, 0x5B, 0x66, 0x53,
    0x26, 0x53, 0x67, 0x5B, 0x87, 0x5B, 0x88, 0x63, 0x67, 0x5B, 0x45, 0x53, 0x25, 0x53, 0xA7, 0x63,
    0xC7, 0x63, 0x66, 0x5B, 0x46, 0x5B, 0x87, 0x63, 0x46, 0x53, 0x25, 0x53, 0x66, 0x5B, 0xA6, 0x63,
    0xA6, 0x63, 0x65, 0x5B, 0x86, 0x63, 0x86, 0x63, 0x86, 0x63, 0x66, 0x5B, 0x46, 0x5B, 0x25, 0x53,
    0x46, 0x5B, 0x05, 0x53, 0xC4, 0x4A, 0x25, 0x53, 0x25, 0x5B, 0x65, 0x5B, 0x86, 0x63, 0x24, 0x53,
    0x65, 0x5B, 0xA6, 0x6B, 0x86, 0x6B, 0x65, 0x63, 0x45, 0x5B, 0x26, 0x5B, 0xA4, 0x4A, 0x63, 0x42,
    0xC5, 0x52, 0x25, 0x5B, 0x25, 0x5B, 0x45, 0x5B, 0xC4, 0x4A, 0x43, 0x3A, 0xE2, 0x29, 0xA2, 0x21,
    0xC3, 0x21, 0xC3, 0x21, 0xE3, 0x29, 0xE3, 0x29, 0xC3, 0x29, 0xE3, 0x29, 0xE2, 0x29, 0x44, 0x3A,
    0xA4, 0x3A, 0x84, 0x3A, 0x64, 0x32, 0x43, 0x32, 0x63, 0x32, 0x84, 0x3A, 0x83, 0x3A, 0x84, 0x3A,
    0x63, 0x3A, 0x83, 0x3A, 0x84, 0x3A, 0xA4, 0x42, 0x84, 0x3A, 0xA4, 0x42, 0xE5, 0x4A, 0xE4, 0x4A,
    0x05, 0x4B, 0x05, 0x4B, 0x46, 0x53, 0x45, 0x53, 0xE4, 0x4A, 0x05, 0x4B, 0x25, 0x53, 0x05, 0x53,
    0x26, 0x53, 0xE4, 0x4A, 0xC4, 0x42, 0xE5, 0x42, 0xE4, 0x42, 0x05, 0x4B, 0x45, 0x4B, 0xE4, 0x42,
    0x04, 0x4B, 0x24, 0x4B, 0x65, 0x53, 0x46, 0x53, 0xA4, 0x42, 0x83, 0x42, 0x25, 0x4B, 0x66, 0x53,
    0x45, 0x53, 0x45, 0x53, 0x66, 0x5B, 0x86, 0x5B, 0x66, 0x53, 0x46, 0x53, 0xE5, 0x4A, 0xC5, 0x4A,
    0xA5, 0x42, 0xA6, 0x42, 0x85, 0x3A, 0x25, 0x32, 0xE4, 0x29, 0xA4, 0x21, 0xC4, 0x21, 0x05, 0x2A,
    0xA4, 0x21, 0xE4, 0x31, 0x87, 0x4A, 0x67, 0x42, 0x67, 0x4A, 0xA8, 0x52, 0xA7, 0x4A, 0xA7, 0x52,
    0xC7, 0x52, 0x45, 0x3A, 0x44, 0x3A, 0xA5, 0x42, 0xC5, 0x42, 0xE6, 0x42, 0x87, 0x53, 0xA7, 0x5B,
    0x05, 0x4B, 0xCC, 0x73, 0x52, 0xA4, 0x33, 0xAC, 0x53, 0xAC, 0x32, 0xA4, 0x53, 0xA4, 0x12, 0xA4,
    0x32, 0xA4, 0x73, 0xA4, 0x11, 0x9C, 0x12, 0x9C, 0x52, 0x9C, 0xCC, 0x73, 0x26, 0x4B, 0x66, 0x53,
    0x86, 0x53, 0xA7, 0x5B, 0xC8, 0x5B, 0x87, 0x53, 0xA8, 0x5B, 0x46, 0x4B, 0xE6, 0x42, 0x69, 0x53,
    0x6F, 0x7C, 0xF3, 0x8C, 0xD4, 0x8C, 0xD4, 0x8C, 0xF4, 0x8C, 0xF4, 0x8C, 0xF4, 0x8C, 0xD4, 0x8C,
    0xB3, 0x8C, 0xD3, 0x8C, 0xF3, 0x94, 0x70, 0x84, 0x8B, 0x63, 0x27, 0x53, 0x06, 0x4B, 0x26, 0x4B,
    0xE5, 0x42, 0xE6, 0x42, 0xE6, 0x42, 0x48, 0x5B, 0xAD, 0x94, 0x0E, 0xA5, 0x6F, 0xB5, 0x90, 0xBD,
    0x8F, 0xB5, 0x6F, 0xB5, 0x6F, 0xB5, 0x6F, 0xB5, 0x6F, 0xB5, 0x4E, 0xAD, 0x2E, 0xA5, 0x0E, 0xA5,
    0x2E, 0xAD, 0x4F, 0xAD, 0x6F, 0xAD, 0xAC, 0x94, 0x2A, 0x84, 0x0A, 0x84, 0x6B, 0x8C, 0x0E, 0xA5,
    0x4E, 0xA5, 0x4F, 0xA5, 0xCD, 0x94, 0x4B, 0x84, 0x4B, 0x84, 0x2B, 0x7C, 0xAD, 0x8C, 0x0E, 0x9D,
    0xAD, 0x8C, 0xAD, 0x8C, 0x6C, 0x84, 0x4B, 0x7C, 0x0B, 0x74, 0x0B, 0x74, 0x2C, 0x74, 0x2C, 0x74,
    0xEB, 0x6B, 0x69, 0x5B, 0xEB, 0x6B, 0xEB, 0x6B, 0xAA, 0x63, 0x8A, 0x63, 0x8A, 0x5B, 0xAB, 0x63,
    0xD2, 0x63, 0x70, 0x5B, 0x13, 0x74, 0xF2, 0x6B, 0x91, 0x63, 0xB1, 0x5B, 0x91, 0x5B, 0x2F, 0x4B,
    0x13, 0x74, 0xF2, 0x73, 0x91, 0x63, 0x30, 0x53, 0x91, 0x63, 0xF2, 0x6B, 0xF2, 0x73, 0xD1, 0x6B,
    0xF1, 0x73, 0xD1, 0x6B, 0xB1, 0x6B, 0xF2, 0x6B, 0xF1, 0x6B, 0x12, 0x74, 0x12, 0x74, 0x90, 0x63,
    0xB1, 0x63, 0xF1, 0x6B, 0x11, 0x74, 0x12, 0x7C, 0xF1, 0x73, 0x12, 0x7C, 0x11, 0x74, 0x11, 0x7C,
    0x31, 0x84, 0xD0, 0x73, 0xF0, 0x73, 0x49, 0x42, 0x40, 0x00, 0x80, 0x00, 0xE1, 0x08, 0x22, 0x11,
    0x42, 0x19, 0xE2, 0x10, 0x60, 0x00, 0x81, 0x08, 0x67, 0x31, 0xEA, 0x41, 0x0B, 0x52, 0x2C, 0x52,
    0x2C, 0x5A, 0x6E, 0x6A, 0xAE, 0x72, 0x51, 0x8B, 0x30, 0x8B, 0x50, 0x8B, 0x50, 0x8B, 0x30, 0x8B,
    0x51, 0x93, 0xEF, 0x82, 0x0F, 0x8B, 0x50, 0x93, 0x70, 0x93, 0x50, 0x93, 0x90, 0x93, 0x91, 0x9B,
    0x0F, 0x8B, 0x0E, 0x8B, 0x4F, 0x93, 0x4F, 0x93, 0xD1, 0xA3, 0xB0, 0x9B, 0xD0, 0x9B, 0xF1, 0xA3,
    0xD1, 0x9B, 0x90, 0x9B, 0xD0, 0x9B, 0xAF, 0x9B, 0xD0, 0x9B, 0xF0, 0x9B, 0x0E, 0x8C, 0x69, 0x5B,
    0x48, 0x4B, 0x69, 0x53, 0x48, 0x4B, 0x68, 0x53, 0x67, 0x5B, 0x66, 0x5B, 0x87, 0x5B, 0xA7, 0x63,
    0xA7, 0x63, 0xC7, 0x63, 0xC8, 0x63, 0xA7, 0x5B, 0x67, 0x5B, 0x48, 0x5B, 0xF0, 0x94, 0x36, 0xC6,
    0x37, 0xC6, 0x37, 0xC6, 0x17, 0xBE, 0xF6, 0xBD, 0xF0, 0x94, 0x89, 0x5B, 0x87, 0x5B, 0xA7, 0x5B,
    0x88, 0x5B, 0x88, 0x5B, 0x88, 0x5B, 0x67, 0x5B, 0xC8, 0x63, 0x66, 0x5B, 0x86, 0x5B, 0x66, 0x5B,
    0x87, 0x63, 0x46, 0x53, 0x45, 0x53, 0x46, 0x53, 0x66, 0x5B, 0x66, 0x5B, 0xA6, 0x63, 0xA6, 0x63,
    0x85, 0x5B, 0xA6, 0x63, 0xA6, 0x63, 0xA6, 0x63, 0x66, 0x5B, 0xE4, 0x4A, 0xE4, 0x4A, 0x45, 0x53,
    0xA7, 0x63, 0x45, 0x53, 0x45, 0x5B, 0x66, 0x5B, 0x87, 0x63, 0xA7, 0x63, 0xA6, 0x63, 0x65, 0x5B,
    0xA6, 0x63, 0xC6, 0x73, 0x65, 0x63, 0x24, 0x53, 0x45, 0x5B, 0xA6, 0x63, 0xC6, 0x6B, 0xC6, 0x6B,
    0xE7, 0x73, 0x27, 0x7C, 0x06, 0x74, 0x68, 0x7C, 0xA6, 0x6B, 0x45, 0x5B, 0xE5, 0x4A, 0xE2, 0x29,
    0xC2, 0x21, 0x23, 0x32, 0x44, 0x3A, 0x44, 0x32, 0x64, 0x3A, 0xC5, 0x4A, 0xE6, 0x4A, 0xE5, 0x4A,
    0xC4, 0x42, 0x84, 0x3A, 0x63, 0x32, 0xA4, 0x3A, 0xA4, 0x3A, 0xC4, 0x42, 0xE4, 0x42, 0x25, 0x53,
    0x25, 0x4B, 0x04, 0x4B, 0xE4, 0x4A, 0xC3, 0x42, 0x25, 0x4B, 0x25, 0x53, 0x05, 0x4B, 0x45, 0x53,
    0x45, 0x53, 0x45, 0x53, 0x45, 0x53, 0x66, 0x5B, 0x05, 0x4B, 0xE4, 0x4A, 0x05, 0x4B, 0xE4, 0x4A,
    0x05, 0x53, 0xE4, 0x4A, 0xC4, 0x42, 0x05, 0x4B, 0xE4, 0x42, 0xC4, 0x42, 0xE4, 0x42, 0x45, 0x53,
    0x66, 0x5B, 0x25, 0x4B, 0x04, 0x43, 0xA4, 0x3A, 0x64, 0x3A, 0x84, 0x3A, 0xC4, 0x42, 0x46, 0x53,
    0x45, 0x53, 0x45, 0x53, 0xA6, 0x5B, 0x66, 0x53, 0x25, 0x4B, 0x26, 0x53, 0xE5, 0x42, 0xE6, 0x42,
    0xC6, 0x42, 0xA5, 0x3A, 0xA5, 0x42, 0xA5, 0x3A, 0xA6, 0x3A, 0x85, 0x3A, 0xA6, 0x3A, 0x85, 0x3A,
    0x24, 0x2A, 0xA3, 0x21, 0xC3, 0x29, 0xA4, 0x29, 0x83, 0x29, 0x05, 0x32, 0x25, 0x3A, 0x25, 0x3A,
    0xA6, 0x42, 0xE7, 0x4A, 0x07, 0x4B, 0x06, 0x4B, 0x06, 0x4B, 0x26, 0x4B, 0x46, 0x53, 0x66, 0x53,
    0x67, 0x53, 0x0E, 0x84, 0x52, 0xA4, 0x32, 0xA4, 0x52, 0xA4, 0x12, 0x9C, 0x32, 0x9C, 0xF1, 0x9B,
    0x32, 0x9C, 0x12, 0x9C, 0xF1, 0x93, 0xD0, 0x93, 0xD0, 0x93, 0x0E, 0x84, 0x88, 0x5B, 0x86, 0x53,
    0x86, 0x5B, 0xE7, 0x63, 0x86, 0x5B, 0xA7, 0x53, 0x87, 0x53, 0x88, 0x53, 0x89, 0x5B, 0x6F, 0x7C,
    0xF2, 0x8C, 0xD3, 0x8C, 0x93, 0x84, 0xB3, 0x84, 0xD4, 0x8C, 0xF4, 0x94, 0xD4, 0x94, 0xF4, 0x94,
    0xF4, 0x94, 0xB3, 0x8C, 0x93, 0x84, 0xD3, 0x94, 0xB1, 0x84, 0x6A, 0x5B, 0x07, 0x43, 0x26, 0x43,
    0x26, 0x4B, 0x47, 0x53, 0x47, 0x53, 0xA8, 0x63, 0xAD, 0x94, 0x0E, 0xA5, 0x4F, 0xB5, 0x6F, 0xB5,
    0x8F, 0xB5, 0x4E, 0xB5, 0xCC, 0xA4, 0x2E, 0xAD, 0x2E, 0xA5, 0xCC, 0x9C, 0xED, 0xA4, 0x4E, 0xAD,
    0x4F, 0xAD, 0x0E, 0xA5, 0x0E, 0xA5, 0x2E, 0xA5, 0x6B, 0x8C, 0x8B, 0x8C, 0xED, 0x9C, 0xCD, 0x9C,
    0xAC, 0x8C, 0xAB, 0x8C, 0x6B, 0x84, 0x0A, 0x74, 0xEA, 0x73, 0xEA, 0x73, 0x6C, 0x84, 0x6C, 0x7C,
    0x2B, 0x74, 0x2B, 0x74, 0x0B, 0x74, 0xCA, 0x6B, 0x0B, 0x74, 0x6C, 0x7C, 0x6D, 0x84, 0x2C, 0x74,
    0xCA, 0x6B, 0xCB, 0x6B, 0x2C, 0x74, 0xEB, 0x6B, 0xCB, 0x6B, 0x6A, 0x5B, 0x6A, 0x5B, 0xCB, 0x63,
    0xEE, 0x42, 0x50, 0x53, 0xF2, 0x6B, 0xD2, 0x6B, 0x91, 0x63, 0x91, 0x5B, 0x70, 0x53, 0x50, 0x53,
    0xF2, 0x6B, 0x12, 0x74, 0x13, 0x74, 0xB2, 0x63, 0x71, 0x5B, 0x91, 0x63, 0x12, 0x74, 0x12, 0x74,
    0x32, 0x7C, 0xF1, 0x73, 0xD1, 0x6B, 0x12, 0x74, 0x53, 0x7C, 0x32, 0x7C, 0x32, 0x74, 0x53, 0x7C,
    0x53, 0x7C, 0x32, 0x7C, 0x12, 0x74, 0x32, 0x7C, 0x12, 0x74, 0xD1, 0x6B, 0xD1, 0x73, 0x11, 0x7C,
    0x52, 0x84, 0x11, 0x7C, 0xF0, 0x73, 0x28, 0x3A, 0x40, 0x00, 0xC1, 0x08, 0xE1, 0x08, 0x01, 0x09,
    0x01, 0x09, 0xE1, 0x08, 0xC1, 0x08, 0xC2, 0x10, 0x66, 0x29, 0xEA, 0x41, 0xCA, 0x49, 0x2C, 0x52,
    0x6D, 0x62, 0xAE, 0x72, 0x8E, 0x72, 0x10, 0x83, 0x30, 0x83, 0x10, 0x83, 0xEF, 0x7A, 0xCE, 0x7A,
    0x30, 0x8B, 0x91, 0x93, 0x71, 0x93, 0xB2, 0x9B, 0x91, 0x93, 0x91, 0x93, 0x70, 0x93, 0x70, 0x93,
    0x2F, 0x8B, 0xEE, 0x82, 0x4F, 0x8B, 0x0E, 0x83, 0x4F, 0x8B, 0x8F, 0x93, 0xD0, 0x9B, 0xD1, 0x9B,
    0xD1, 0x9B, 0xF1, 0xA3, 0xF1, 0xA3, 0xD0, 0x9B, 0xD0, 0x9B, 0xAF, 0x93, 0xAC, 0x7B, 0x68, 0x5B,
    0xC9, 0x5B, 0xA9, 0x5B, 0x69, 0x53, 0x88, 0x5B, 0xA8, 0x5B, 0xC7, 0x63, 0x46, 0x53, 0x46, 0x53,
    0x87, 0x5B, 0xA7, 0x63, 0xC8, 0x63, 0xA7, 0x63, 0x47, 0x5B, 0xF0, 0x94, 0x16, 0xBE, 0xF6, 0xBD,
    0xB6, 0xB5, 0xB6, 0xB5, 0x96, 0xAD, 0xB6, 0xB5, 0xD5, 0xB5, 0xD0, 0x8C, 0x67, 0x5B, 0x46, 0x53,
    0xA8, 0x5B, 0x88, 0x5B, 0x88, 0x5B, 0x09, 0x6C, 0x09, 0x6C, 0xE8, 0x63, 0xC8, 0x63, 0xC8, 0x63,
    0xA7, 0x63, 0xA7, 0x63, 0xC7, 0x63, 0xE8, 0x63, 0xC7, 0x63, 0xE8, 0x6B, 0xC7, 0x63, 0xA6, 0x5B,
    0x45, 0x53, 0x45, 0x53, 0x86, 0x5B, 0x66, 0x5B, 0x86, 0x63, 0x86, 0x5B, 0x66, 0x5B, 0x66, 0x5B,
    0x66, 0x5B, 0xA7, 0x63, 0xC7, 0x6B, 0xA7, 0x63, 0xA7, 0x63, 0x86, 0x63, 0x86, 0x63, 0xA6, 0x63,
    0xA6, 0x63, 0xC6, 0x6B, 0x64, 0x5B, 0x65, 0x5B, 0xA6, 0x63, 0xA5, 0x63, 0xC6, 0x6B, 0x06, 0x74,
    0x27, 0x7C, 0x07, 0x7C, 0xE6, 0x73, 0xC5, 0x6B, 0xE6, 0x73, 0x08, 0x74, 0xE7, 0x6B, 0x05, 0x53,
    0xC5, 0x4A, 0x05, 0x53, 0xE5, 0x52, 0xA4, 0x42, 0xA4, 0x42, 0xA4, 0x42, 0xC4, 0x42, 0xC4, 0x42,
    0xC4, 0x42, 0xA4, 0x42, 0xC4, 0x42, 0xC5, 0x42, 0xE4, 0x42, 0x04, 0x4B, 0x25, 0x4B, 0x45, 0x53,
    0x65, 0x5B, 0x65, 0x53, 0x45, 0x53, 0x24, 0x53, 0x65, 0x5B, 0x65, 0x53, 0x45, 0x53, 0x65, 0x5B,
    0xA6, 0x5B, 0xA6, 0x5B, 0x65, 0x5B, 0x86, 0x5B, 0x65, 0x5B, 0x45, 0x53, 0x45, 0x53, 0x45, 0x53,
    0x46, 0x53, 0x05, 0x4B, 0xC4, 0x42, 0xE4, 0x42, 0xE4, 0x42, 0xE4, 0x42, 0xE4, 0x42, 0x46, 0x53,
    0xE4, 0x42, 0x83, 0x3A, 0xA4, 0x3A, 0xA4, 0x3A, 0xC5, 0x3A, 0xA5, 0x3A, 0xA4, 0x3A, 0xE4, 0x42,
    0x05, 0x4B, 0xE4, 0x42, 0x66, 0x53, 0x46, 0x53, 0x25, 0x4B, 0xE4, 0x42, 0xA4, 0x3A, 0xA5, 0x3A,
    0xC6, 0x42, 0xC5, 0x3A, 0xC6, 0x42, 0xC6, 0x42, 0xC6, 0x3A, 0xE6, 0x42, 0x07, 0x43, 0xC6, 0x3A,
    0x64, 0x32, 0x85, 0x3A, 0x65, 0x3A, 0x44, 0x32, 0x03, 0x2A, 0x44, 0x32, 0x85, 0x3A, 0xE6, 0x42,
    0x47, 0x4B, 0x47, 0x4B, 0x27, 0x53, 0x27, 0x4B, 0x27, 0x53, 0x67, 0x5B, 0x67, 0x5B, 0x67, 0x53,
    0xA8, 0x63, 0xCD, 0x7B, 0xF2, 0x93, 0xF1, 0x9B, 0xF1, 0x9B, 0xB0, 0x93, 0xB0, 0x93, 0xB0, 0x93,
    0xD0, 0x93, 0xD1, 0x93, 0xF1, 0x9B, 0xD1, 0x93, 0xD0, 0x93, 0x8D, 0x7B, 0xA9, 0x63, 0xC8, 0x63,
    0xC7, 0x63, 0xC7, 0x5B, 0x87, 0x53, 0x66, 0x53, 0xA7, 0x5B, 0xC9, 0x63, 0x2D, 0x74, 0xD2, 0x8C,
    0xB2, 0x84, 0xB3, 0x84, 0x93, 0x84, 0xB3, 0x84, 0xD4, 0x8C, 0xF4, 0x94, 0xD4, 0x94, 0xD4, 0x94,
    0xF4, 0x94, 0xD4, 0x94, 0x93, 0x8C, 0x72, 0x84, 0x71, 0x84, 0x2F, 0x74, 0x28, 0x4B, 0xA4, 0x3A,
    0x25, 0x4B, 0x47, 0x53, 0x26, 0x4B, 0x67, 0x5B, 0xAD, 0x94, 0x50, 0xAD, 0x4F, 0xB5, 0x6F, 0xB5,
    0x2E, 0xAD, 0x2E, 0xAD, 0x2E, 0xAD, 0x4E, 0xAD, 0x2E, 0xA5, 0xCC, 0x9C, 0xED, 0xA4, 0x6F, 0xAD,
    0x4F, 0xAD, 0xED, 0xA4, 0xCC, 0x94, 0xAC, 0x8C, 0x6F, 0xA5, 0x6F, 0xAD, 0x2E, 0xA5, 0xED, 0x9C,
    0x4A, 0x84, 0xE9, 0x73, 0xE9, 0x73, 0x4B, 0x7C, 0x8D, 0x84, 0x8D, 0x84, 0x2B, 0x7C, 0xEA, 0x73,
    0x4B, 0x7C, 0x2B, 0x74, 0xEB, 0x73, 0x4C, 0x7C, 0x6D, 0x84, 0x6C, 0x7C, 0x8D, 0x84, 0x0B, 0x74,
    0xCA, 0x63, 0x0C, 0x74, 0xCB, 0x6B, 0x8A, 0x63, 0x8A, 0x63, 0x69, 0x5B, 0xCB, 0x63, 0x0C, 0x6C,
    0xEF, 0x42, 0x30, 0x4B, 0x70, 0x53, 0xB1, 0x63, 0xF2, 0x6B, 0x91, 0x5B, 0x2F, 0x4B, 0x50, 0x53,
    0xD2, 0x63, 0xD2, 0x6B, 0xB1, 0x63, 0x91, 0x5B, 0x50, 0x53, 0x2F, 0x53, 0x70, 0x5B, 0xB1, 0x63,
    0x12, 0x74, 0x53, 0x7C, 0x12, 0x74, 0xD1, 0x6B, 0x12, 0x74, 0x32, 0x7C, 0xF1, 0x73, 0xD1, 0x6B,
    0xF1, 0x73, 0x11, 0x74, 0xF1, 0x73, 0xF1, 0x73, 0xD1, 0x6B, 0xF1, 0x6B, 0xF1, 0x73, 0xF1, 0x73,
    0xF0, 0x73, 0xF0, 0x73, 0xD0, 0x73, 0x28, 0x3A, 0x40, 0x00, 0xA1, 0x00, 0xC1, 0x00, 0x01, 0x09,
    0xE1, 0x08, 0xA0, 0x00, 0xA0, 0x00, 0xE2, 0x10, 0x46, 0x29, 0xC9, 0x41, 0xEA, 0x49, 0x2C, 0x52,
    0x4D, 0x5A, 0x6D, 0x6A, 0xAE, 0x72, 0x8D, 0x72, 0x30, 0x83, 0x30, 0x83, 0x30, 0x8B, 0xAE, 0x7A,
    0xAE, 0x72, 0xEF, 0x7A, 0xEF, 0x82, 0x50, 0x8B, 0x4F, 0x8B, 0x0E, 0x83, 0x0E, 0x83, 0x4F, 0x8B,
    0x70, 0x93, 0x2F, 0x8B, 0x4F, 0x8B, 0x70, 0x93, 0x2E, 0x8B, 0x4F, 0x8B, 0x90, 0x93, 0xB0, 0x9B,
    0xB0, 0x9B, 0xD0, 0x9B, 0xB0, 0x9B, 0xB0, 0x93, 0x6F, 0x93, 0xCF, 0x93, 0x8B, 0x73, 0x88, 0x5B,
    0xC9, 0x63, 0x88, 0x5B, 0x27, 0x4B, 0x47, 0x53, 0x46, 0x53, 0xA7, 0x5B, 0x87, 0x5B, 0x67, 0x53,
    0x67, 0x53, 0x87, 0x5B, 0xC8, 0x63, 0xC8, 0x63, 0x2C, 0x7C, 0xD6, 0xBD, 0xB6, 0xB5, 0x95, 0xAD,
    0x96, 0xB5, 0x96, 0xAD, 0x75, 0xA5, 0x55, 0xA5, 0x14, 0x9D, 0x33, 0x9D, 0x2C, 0x74, 0x88, 0x5B,
    0xA8, 0x5B, 0x88, 0x53, 0xA8, 0x5B, 0xE9, 0x63, 0x87, 0x5B, 0xA7, 0x5B, 0xA7, 0x5B, 0xA7, 0x5B,
    0x87, 0x5B, 0x86, 0x5B, 0xA7, 0x63, 0xE7, 0x63, 0xC7, 0x63, 0xA7, 0x63, 0x86, 0x5B, 0x86, 0x5B,
    0xC7, 0x63, 0xC7, 0x63, 0xC7, 0x63, 0x66, 0x5B, 0x86, 0x5B, 0x86, 0x5B, 0xA7, 0x63, 0x66, 0x5B,
    0x86, 0x63, 0x86, 0x63, 0x86, 0x63, 0x65, 0x5B, 0x25, 0x53, 0xA6, 0x63, 0xA6, 0x63, 0x65, 0x5B,
    0x44, 0x5B, 0xC6, 0x6B, 0xE6, 0x6B, 0xA6, 0x63, 0x85, 0x63, 0xA5, 0x63, 0x06, 0x74, 0x06, 0x74,
    0xC5, 0x6B, 0xE6, 0x73, 0x67, 0x84, 0x27, 0x7C, 0x07, 0x7C, 0xC6, 0x73, 0xA5, 0x6B, 0x86, 0x63,
    0xE7, 0x6B, 0x28, 0x7C, 0xC7, 0x6B, 0x45, 0x5B, 0xE5, 0x52, 0x84, 0x42, 0x05, 0x53, 0x45, 0x5B,
    0x86, 0x5B, 0x66, 0x5B, 0x25, 0x53, 0xE4, 0x42, 0xE4, 0x42, 0x46, 0x53, 0x87, 0x5B, 0xA6, 0x5B,
    0xA6, 0x63, 0xA6, 0x5B, 0x65, 0x5B, 0x65, 0x5B, 0x25, 0x53, 0x66, 0x5B, 0x86, 0x5B, 0xC6, 0x63,
    0xE7, 0x6B, 0xE7, 0x63, 0xC6, 0x63, 0xE7, 0x6B, 0xC6, 0x63, 0xA6, 0x5B, 0x65, 0x5B, 0x65, 0x53,
    0x46, 0x53, 0x25, 0x53, 0x25, 0x4B, 0xE4, 0x42, 0x46, 0x53, 0x66, 0x53, 0x04, 0x43, 0xC4, 0x42,
    0xA4, 0x42, 0x84, 0x3A, 0xA5, 0x3A, 0xA4, 0x3A, 0xC5, 0x3A, 0xE6, 0x42, 0xE5, 0x42, 0xE5, 0x42,
    0x05, 0x4B, 0x05, 0x43, 0xC4, 0x42, 0xC4, 0x3A, 0x05, 0x43, 0x46, 0x4B, 0x05, 0x43, 0xE6, 0x42,
    0xC5, 0x42, 0xE6, 0x42, 0x07, 0x4B, 0xC6, 0x42, 0xA5, 0x3A, 0xE6, 0x42, 0xE6, 0x42, 0xE6, 0x42,
    0xE6, 0x3A, 0x06, 0x43, 0x06, 0x4B, 0x06, 0x43, 0x47, 0x4B, 0x26, 0x43, 0x06, 0x43, 0x47, 0x4B,
    0x47, 0x4B, 0x06, 0x43, 0x27, 0x4B, 0xCC, 0x6B, 0x4E, 0x7C, 0x4F, 0x7C, 0x0D, 0x74, 0x69, 0x5B,
    0x27, 0x5B, 0x8C, 0x73, 0x4F, 0x83, 0x8F, 0x8B, 0xD0, 0x93, 0xF1, 0x9B, 0x6F, 0x8B, 0x4F, 0x8B,
    0x6F, 0x8B, 0x6F, 0x8B, 0x4F, 0x83, 0x6F, 0x8B, 0x0E, 0x7B, 0x2C, 0x73, 0x89, 0x63, 0x87, 0x5B,
    0xC8, 0x63, 0xE7, 0x63, 0xC7, 0x5B, 0x66, 0x53, 0x67, 0x53, 0xAA, 0x63, 0x70, 0x7C, 0xB3, 0x84,
    0x93, 0x84, 0x73, 0x7C, 0x93, 0x84, 0xB3, 0x84, 0xF4, 0x94, 0xD4, 0x94, 0xF4, 0x9C, 0xD4, 0x94,
    0xB3, 0x8C, 0x72, 0x84, 0x73, 0x84, 0x93, 0x84, 0x72, 0x84, 0x71, 0x84, 0xCC, 0x63, 0x27, 0x53,
    0x67, 0x53, 0xC8, 0x63, 0xE8, 0x63, 0xA7, 0x63, 0x8C, 0x8C, 0x4F, 0xAD, 0x4F, 0xB5, 0x6F, 0xB5,
    0x2E, 0xAD, 0x0D, 0xAD, 0x6F, 0xB5, 0x4E, 0xAD, 0x0D, 0xA5, 0x2D, 0xA5, 0x0D, 0xA5, 0x0D, 0xA5,
    0x0D, 0xA5, 0xED, 0x9C, 0xAC, 0x8C, 0x2A, 0x7C, 0x6B, 0x8C, 0xCC, 0x94, 0xCD, 0x9C, 0xAC, 0x94,
    0xAC, 0x8C, 0x2A, 0x7C, 0xE9, 0x73, 0x4C, 0x7C, 0x6C, 0x84, 0x4B, 0x7C, 0xCA, 0x6B, 0xEA, 0x73,
    0x8C, 0x84, 0x4C, 0x7C, 0x4C, 0x7C, 0x4C, 0x7C, 0x0B, 0x74, 0x4C, 0x74, 0x2C, 0x74, 0xCA, 0x63,
    0x0C, 0x6C, 0xAA, 0x63, 0x49, 0x5B, 0x8A, 0x5B, 0xAA, 0x63, 0x8A, 0x5B, 0x49, 0x53, 0x6A, 0x5B,
    0x0F, 0x43, 0x8D, 0x32, 0xCE, 0x3A, 0x0F, 0x4B, 0xD1, 0x63, 0xD2, 0x6B, 0xB1, 0x5B, 0x0F, 0x4B,
    0x2F, 0x53, 0xB1, 0x63, 0x70, 0x5B, 0x91, 0x63, 0xB1, 0x63, 0x50, 0x53, 0x2F, 0x53, 0x0E, 0x4B,
    0x6F, 0x5B, 0xB0, 0x6B, 0xF1, 0x73, 0xF1, 0x6B, 0xD1, 0x6B, 0xF1, 0x73, 0xD1, 0x73, 0xB0, 0x6B,
    0x8F, 0x63, 0x11, 0x74, 0x11, 0x74, 0xB0, 0x63, 0x8F, 0x63, 0xF1, 0x6B, 0xB0, 0x63, 0x6F, 0x63,
    0xF0, 0x73, 0xD0, 0x73, 0xD0, 0x73, 0xC7, 0x31, 0x20, 0x00, 0x60, 0x00, 0x80, 0x00, 0xC1, 0x08,
    0xC1, 0x08, 0xA1, 0x08, 0x02, 0x19, 0x23, 0x19, 0x65, 0x29, 0x87, 0x31, 0xC9, 0x49, 0x0B, 0x4A,
    0x2C, 0x5A, 0x2C, 0x62, 0x4C, 0x6A, 0xAE, 0x72, 0xCE, 0x72, 0xCE, 0x72, 0xCE, 0x7A, 0x30, 0x8B,
    0xAD, 0x72, 0x4C, 0x6A, 0xAD, 0x7A, 0xEE, 0x82, 0x2F, 0x83, 0x4F, 0x8B, 0x70, 0x93, 0x4F, 0x8B,
    0xB0, 0x9B, 0xB1, 0x9B, 0xD1, 0x9B, 0x90, 0x93, 0x6F, 0x93, 0x8F, 0x93, 0x90, 0x93, 0xB0, 0x9B,
    0xAF, 0x93, 0x6E, 0x93, 0x8F, 0x93, 0x6E, 0x8B, 0x6E, 0x8B, 0xCE, 0x8B, 0x49, 0x63, 0x26, 0x53,
    0x05, 0x4B, 0xC5, 0x42, 0x47, 0x53, 0x67, 0x53, 0x25, 0x4B, 0x66, 0x53, 0x88, 0x53, 0x88, 0x5B,
    0x88, 0x53, 0x88, 0x53, 0xA7, 0x5B, 0xA8, 0x63, 0xD0, 0x8C, 0x96, 0xAD, 0x55, 0xA5, 0x35, 0x9D,
    0x34, 0x9D, 0x14, 0x9D, 0x14, 0x95, 0xF4, 0x94, 0x14, 0x9D, 0x33, 0x9D, 0xAF, 0x8C, 0xC9, 0x63,
    0xA8, 0x5B, 0x87, 0x53, 0xA8, 0x5B, 0xA7, 0x5B, 0xC8, 0x63, 0xC8, 0x63, 0xE8, 0x63, 0xE8, 0x63,
    0xE8, 0x6B, 0xE8, 0x63, 0xA7, 0x5B, 0xA7, 0x5B, 0x45, 0x53, 0x87, 0x5B, 0xA7, 0x5B, 0xA7, 0x5B,
    0x86, 0x5B, 0x66, 0x5B, 0x86, 0x5B, 0xA6, 0x63, 0x86, 0x63, 0x86, 0x63, 0xA6, 0x63, 0xC7, 0x6B,
    0x86, 0x63, 0x45, 0x5B, 0x86, 0x63, 0xC7, 0x6B, 0xC7, 0x6B, 0xC6, 0x6B, 0x07, 0x74, 0x27, 0x7C,
    0x27, 0x7C, 0x48, 0x7C, 0x48, 0x7C, 0x07, 0x74, 0x85, 0x5B, 0xA5, 0x63, 0xE6, 0x6B, 0x47, 0x7C,
    0xC5, 0x6B, 0x07, 0x7C, 0x88, 0x84, 0x88, 0x84, 0x68, 0x84, 0x68, 0x84, 0x47, 0x84, 0x28, 0x7C,
    0xC6, 0x6B, 0xC6, 0x6B, 0x07, 0x74, 0x08, 0x74, 0x28, 0x7C, 0x28, 0x7C, 0x08, 0x7C, 0x45, 0x5B,
    0x24, 0x53, 0x45, 0x5B, 0xA6, 0x6B, 0xA6, 0x63, 0x86, 0x5B, 0x86, 0x5B, 0x86, 0x5B, 0xA7, 0x5B,
    0xE7, 0x63, 0xC7, 0x63, 0x86, 0x5B, 0x25, 0x4B, 0x83, 0x3A, 0xE5, 0x4A, 0x05, 0x4B, 0xA6, 0x63,
    0xA6, 0x63, 0xC6, 0x5B, 0xC6, 0x63, 0xE7, 0x63, 0xA6, 0x5B, 0x65, 0x53, 0x86, 0x5B, 0x86, 0x5B,
    0x65, 0x53, 0x45, 0x53, 0x25, 0x4B, 0x45, 0x53, 0x05, 0x4B, 0xC4, 0x42, 0xE5, 0x42, 0xA4, 0x3A,
    0xC5, 0x42, 0xA5, 0x3A, 0xA5, 0x3A, 0xA4, 0x3A, 0xC5, 0x3A, 0xC5, 0x3A, 0x64, 0x32, 0xC5, 0x3A,
    0x26, 0x4B, 0x26, 0x4B, 0x46, 0x4B, 0x46, 0x4B, 0x26, 0x4B, 0xE5, 0x42, 0xE5, 0x42, 0x06, 0x43,
    0x06, 0x43, 0x26, 0x4B, 0x27, 0x4B, 0x06, 0x43, 0x84, 0x32, 0xA5, 0x3A, 0xC6, 0x42, 0xE6, 0x42,
    0x06, 0x43, 0x06, 0x43, 0x06, 0x43, 0x67, 0x53, 0x67, 0x53, 0x67, 0x53, 0xA8, 0x5B, 0xA8, 0x5B,
    0x87, 0x5B, 0x89, 0x5B, 0x4E, 0x7C, 0xF3, 0x94, 0xF4, 0x94, 0xD4, 0x94, 0xF4, 0x94, 0xD2, 0x8C,
    0xED, 0x73, 0x0B, 0x63, 0xEC, 0x6A, 0x2E, 0x7B, 0x2E, 0x7B, 0x4E, 0x83, 0x4E, 0x83, 0x6F, 0x8B,
    0x4F, 0x83, 0x0D, 0x7B, 0xCC, 0x72, 0xCC, 0x72, 0xAC, 0x6A, 0xCA, 0x62, 0x68, 0x5B, 0x66, 0x53,
    0x87, 0x63, 0xA7, 0x5B, 0x86, 0x53, 0xA7, 0x5B, 0xE9, 0x63, 0x0C, 0x6C, 0x71, 0x7C, 0x52, 0x7C,
    0x52, 0x7C, 0x11, 0x6C, 0x52, 0x7C, 0x93, 0x84, 0x72, 0x84, 0x72, 0x84, 0xB4, 0x94, 0x93, 0x8C,
    0x52, 0x84, 0x11, 0x7C, 0x32, 0x7C, 0x72, 0x84, 0x31, 0x7C, 0x31, 0x7C, 0x0E, 0x74, 0x89, 0x5B,
    0x87, 0x5B, 0xE8, 0x63, 0xA7, 0x5B, 0xC8, 0x63, 0x8B, 0x84, 0x2F, 0xAD, 0x70, 0xB5, 0xB0, 0xBD,
    0xB0, 0xBD, 0x2E, 0xB5, 0x4E, 0xB5, 0x4E, 0xB5, 0xEC, 0xA4, 0xCC, 0x9C, 0xCC, 0x9C, 0x8B, 0x94,
    0xAC, 0x94, 0xCC, 0x94, 0xCD, 0x94, 0xCC, 0x94, 0x6B, 0x84, 0x8C, 0x8C, 0xAC, 0x8C, 0x8C, 0x8C,
    0xAC, 0x8C, 0x2B, 0x7C, 0x4B, 0x7C, 0x8C, 0x84, 0x0A, 0x74, 0xEA, 0x6B, 0xEA, 0x6B, 0x4C, 0x7C,
    0x4C, 0x7C, 0xEA, 0x73, 0x6C, 0x7C, 0x0B, 0x74, 0x89, 0x63, 0x89, 0x5B, 0x48, 0x53, 0x28, 0x4B,
    0x48, 0x53, 0x49, 0x53, 0xAA, 0x63, 0x8A, 0x5B, 0xAA, 0x5B, 0x6A, 0x5B, 0x69, 0x53, 0xCB, 0x63,
    0xEE, 0x3A, 0xEF, 0x3A, 0x2F, 0x43, 0x2F, 0x43, 0x0F, 0x4B, 0x0F, 0x4B, 0x50, 0x53, 0x2F, 0x4B,
    0x0F, 0x4B, 0x91, 0x63, 0x70, 0x5B, 0x91, 0x63, 0x70, 0x5B, 0x50, 0x5B, 0x91, 0x5B, 0x4F, 0x53,
    0x6F, 0x53, 0x6F, 0x5B, 0x6F, 0x5B, 0xB0, 0x63, 0xB0, 0x63, 0xD1, 0x6B, 0x32, 0x7C, 0x11, 0x7C,
    0xD0, 0x6B, 0xB0, 0x63, 0xF1, 0x6B, 0x11, 0x74, 0x12, 0x74, 0xD1, 0x6B, 0xB0, 0x63, 0x8F, 0x63,
    0xD0, 0x73, 0x6E, 0x63, 0x6F, 0x63, 0xE8, 0x39, 0x20, 0x00, 0x60, 0x00, 0x43, 0x19, 0xC8, 0x4A,
    0xCC, 0x73, 0x6E, 0x8C, 0xD0, 0x94, 0xF0, 0x94, 0x90, 0x94, 0xCE, 0x7B, 0x6D, 0x73, 0xEC, 0x6A,
    0x0A, 0x52, 0x0B, 0x5A, 0x2C, 0x62, 0x6C, 0x6A, 0x8D, 0x6A, 0x8D, 0x6A, 0xCE, 0x7A, 0x30, 0x83,
    0xB1, 0x93, 0x50, 0x8B, 0xCE, 0x7A, 0xCE, 0x7A, 0x2F, 0x83, 0x2E, 0x83, 0x2F, 0x83, 0x6F, 0x8B,
    0x4F, 0x8B, 0x4F, 0x8B, 0x6F, 0x8B, 0x4F, 0x8B, 0xD0, 0x9B, 0xB0, 0x93, 0x4F, 0x8B, 0x6F, 0x8B,
    0xAF, 0x93, 0x6E, 0x8B, 0x2D, 0x83, 0x8E, 0x8B, 0x8E, 0x8B, 0xAD, 0x83, 0xC6, 0x52, 0xC5, 0x42,
    0xC4, 0x3A, 0x47, 0x53, 0xA8, 0x5B, 0x66, 0x53, 0x66, 0x53, 0xA8, 0x5B, 0x67, 0x53, 0x06, 0x4B,
    0x27, 0x4B, 0x67, 0x53, 0x67, 0x5B, 0xA8, 0x63, 0xD0, 0x8C, 0xF4, 0x94, 0xD3, 0x8C, 0xB2, 0x8C,
    0x92, 0x84, 0xD3, 0x94, 0xB2, 0x8C, 0xB2, 0x8C, 0xD2, 0x94, 0xF2, 0x94, 0xAF, 0x8C, 0x0A, 0x74,
    0xE9, 0x63, 0x08, 0x6C, 0xE8, 0x6B, 0xE8, 0x6B, 0x6A, 0x7C, 0x6A, 0x74, 0x4A, 0x74, 0x08, 0x6C,
    0xC8, 0x63, 0xA8, 0x5B, 0x67, 0x53, 0x66, 0x5B, 0x25, 0x4B, 0x26, 0x53, 0x46, 0x53, 0x66, 0x5B,
    0xA7, 0x63, 0xA7, 0x63, 0xC7, 0x63, 0xA6, 0x63, 0xC7, 0x63, 0xC7, 0x6B, 0x86, 0x63, 0x86, 0x63,
    0x86, 0x63, 0xC7, 0x6B, 0xC7, 0x6B, 0xA7, 0x6B, 0x07, 0x7C, 0x88, 0x84, 0xA8, 0x8C, 0xA8, 0x8C,
    0x88, 0x8C, 0xC6, 0x6B, 0x85, 0x6B, 0xC6, 0x6B, 0xE7, 0x6B, 0xA5, 0x63, 0x06, 0x74, 0x47, 0x7C,
    0xE6, 0x73, 0x07, 0x74, 0x07, 0x74, 0xE6, 0x73, 0x07, 0x7C, 0x68, 0x84, 0xA9, 0x8C, 0x89, 0x84,
    0x27, 0x74, 0xA5, 0x63, 0xA6, 0x63, 0xA6, 0x63, 0xE6, 0x6B, 0xA5, 0x63, 0xA6, 0x63, 0x65, 0x5B,
    0x65, 0x5B, 0x85, 0x63, 0x48, 0x7C, 0x69, 0x84, 0x07, 0x74, 0xE7, 0x6B, 0xA6, 0x63, 0x85, 0x5B,
    0xA6, 0x5B, 0xA6, 0x63, 0xA6, 0x5B, 0x65, 0x53, 0x46, 0x53, 0x25, 0x53, 0x45, 0x53, 0xA7, 0x63,
    0xA6, 0x5B, 0x45, 0x53, 0x45, 0x53, 0x65, 0x53, 0x65, 0x5B, 0x45, 0x53, 0x65, 0x53, 0x45, 0x53,
    0x04, 0x4B, 0xC3, 0x3A, 0x05, 0x43, 0x25, 0x4B, 0xA4, 0x3A, 0x63, 0x32, 0xE5, 0x42, 0x26, 0x4B,
    0xE5, 0x42, 0xE5, 0x42, 0xA5, 0x3A, 0xA5, 0x3A, 0xC5, 0x3A, 0xE5, 0x3A, 0xA4, 0x32, 0x64, 0x32,
    0xA4, 0x3A, 0x05, 0x43, 0x46, 0x4B, 0x26, 0x4B, 0x46, 0x4B, 0x05, 0x43, 0x05, 0x43, 0x26, 0x4B,
    0x26, 0x4B, 0x47, 0x4B, 0x27, 0x4B, 0xE5, 0x42, 0x06, 0x4B, 0x06, 0x4B, 0xE6, 0x42, 0xC6, 0x42,
    0xE6, 0x42, 0x26, 0x4B, 0x87, 0x53, 0x46, 0x4B, 0x26, 0x43, 0x87, 0x53, 0xE8, 0x5B, 0xC8, 0x5B,
    0x88, 0x5B, 0x0D, 0x74, 0x91, 0x84, 0x72, 0x84, 0xB3, 0x8C, 0xB3, 0x8C, 0x73, 0x84, 0x93, 0x84,
    0x91, 0x84, 0x0C, 0x63, 0x29, 0x52, 0xCC, 0x6A, 0xED, 0x72, 0xCD, 0x72, 0xAC, 0x6A, 0x6B, 0x6A,
    0x6B, 0x62, 0x8B, 0x6A, 0xAC, 0x6A, 0xED, 0x72, 0x8B, 0x62, 0xE9, 0x5A, 0xA8, 0x63, 0xC7, 0x63,
    0xE8, 0x6B, 0xA7, 0x5B, 0xA7, 0x5B, 0xC7, 0x63, 0x87, 0x5B, 0xEC, 0x6B, 0x51, 0x74, 0x11, 0x6C,
    0x11, 0x6C, 0x31, 0x74, 0x93, 0x84, 0xB3, 0x84, 0x93, 0x84, 0x93, 0x8C, 0x93, 0x8C, 0x52, 0x84,
    0x31, 0x7C, 0x31, 0x74, 0x72, 0x84, 0x11, 0x7C, 0x11, 0x7C, 0x11, 0x7C, 0xAE, 0x63, 0x28, 0x53,
    0x26, 0x4B, 0x46, 0x4B, 0x05, 0x43, 0x25, 0x53, 0x2A, 0x7C, 0x2F, 0xA5, 0x70, 0xB5, 0x90, 0xBD,
    0x4F, 0xB5, 0x2F, 0xB5, 0x2E, 0xB5, 0x4E, 0xB5, 0xAC, 0x9C, 0xAC, 0x9C, 0x0D, 0xA5, 0x6B, 0x8C,
    0x2A, 0x84, 0xAC, 0x94, 0x0E, 0xA5, 0xED, 0x9C, 0xAC, 0x8C, 0xCC, 0x94, 0xCC, 0x94, 0x8C, 0x8C,
    0x6B, 0x84, 0x0B, 0x74, 0x0A, 0x74, 0x6B, 0x7C, 0x0A, 0x6C, 0xEA, 0x6B, 0xEA, 0x6B, 0x0B, 0x74,
    0x0B, 0x74, 0x69, 0x5B, 0x69, 0x5B, 0x89, 0x63, 0xCA, 0x63, 0x8A, 0x5B, 0x28, 0x4B, 0xE7, 0x42,
    0xC7, 0x42, 0xAA, 0x5B, 0xAA, 0x63, 0x69, 0x5B, 0x8A, 0x5B, 0x69, 0x53, 0x8A, 0x5B, 0xAA, 0x5B,
    0xCE, 0x32, 0x2F, 0x43, 0x71, 0x4B, 0xEF, 0x3A, 0xCE, 0x3A, 0x0F, 0x43, 0x2F, 0x4B, 0xEF, 0x42,
    0x0F, 0x4B, 0x50, 0x5B, 0xEE, 0x4A, 0x2F, 0x53, 0x50, 0x53, 0x50, 0x5B, 0x2F, 0x53, 0xCE, 0x42,
    0xEE, 0x4A, 0x2E, 0x53, 0xED, 0x4A, 0x2E, 0x53, 0x4F, 0x53, 0x4F, 0x5B, 0x11, 0x74, 0x52, 0x7C,
    0xF0, 0x73, 0xD0, 0x6B, 0xF1, 0x73, 0xF0, 0x73, 0x11, 0x74, 0xB0, 0x6B, 0xB0, 0x6B, 0xAF, 0x6B,
    0x6E, 0x63, 0x6E, 0x63, 0x6E, 0x6B, 0x65, 0x29, 0xA1, 0x08, 0x47, 0x42, 0x6E, 0x84, 0x72, 0xAD,
    0x92, 0xB5, 0x92, 0xB5, 0x92, 0xAD, 0x92, 0xAD, 0x92, 0xAD, 0x93, 0xB5, 0x73, 0xAD, 0x12, 0xA5,
    0x10, 0x8C, 0xAB, 0x6A, 0xEA, 0x51, 0x2B, 0x5A, 0x8C, 0x6A, 0x8D, 0x6A, 0xEE, 0x7A, 0xAE, 0x72,
    0xEE, 0x7A, 0x0F, 0x83, 0xEE, 0x7A, 0xCE, 0x7A, 0xCD, 0x7A, 0xCD, 0x72, 0xAC, 0x6A, 0x2E, 0x83,
    0x6F, 0x8B, 0xED, 0x7A, 0x0D, 0x83, 0x4F, 0x8B, 0x2E, 0x83, 0x6F, 0x8B, 0x4F, 0x8B, 0x0D, 0x83,
    0x0D, 0x83, 0x4E, 0x8B, 0x2D, 0x83, 0x2D, 0x83, 0x4D, 0x83, 0x09, 0x6B, 0x85, 0x42, 0xE6, 0x4A,
    0xE5, 0x42, 0x46, 0x53, 0xC8, 0x63, 0x87, 0x5B, 0x66, 0x53, 0x46, 0x53, 0x47, 0x53, 0x67, 0x5B,
    0x67, 0x5B, 0x87, 0x5B, 0x67, 0x5B, 0x88, 0x63, 0x6F, 0x84, 0x72, 0x84, 0x31, 0x7C, 0x72, 0x7C,
    0x92, 0x84, 0xB2, 0x8C, 0xD2, 0x8C, 0xD2, 0x94, 0x71, 0x8C, 0x91, 0x8C, 0x8E, 0x8C, 0x6B, 0x7C,
    0x8A, 0x7C, 0x49, 0x74, 0xE8, 0x6B, 0xE8, 0x6B, 0x09, 0x6C, 0xE9, 0x6B, 0xC8, 0x63, 0x67, 0x5B,
    0x26, 0x4B, 0x06, 0x4B, 0x26, 0x4B, 0x46, 0x53, 0x67, 0x5B, 0x87, 0x5B, 0x87, 0x5B, 0xC7, 0x63,
    0xA7, 0x63, 0xA7, 0x63, 0x66, 0x5B, 0x66, 0x5B, 0xA7, 0x63, 0x04, 0x53, 0x24, 0x53, 0x08, 0x74,
    0x28, 0x74, 0x48, 0x7C, 0x69, 0x84, 0x89, 0x8C, 0xEA, 0x94, 0xA9, 0x8C, 0x67, 0x84, 0x47, 0x7C,
    0x48, 0x84, 0x48, 0x84, 0x48, 0x84, 0x27, 0x7C, 0x27, 0x74, 0x07, 0x74, 0xC6, 0x6B, 0xC6, 0x6B,
    0x85, 0x63, 0x86, 0x63, 0x07, 0x74, 0xE7, 0x73, 0x49, 0x84, 0x48, 0x7C, 0x68, 0x84, 0x07, 0x7C,
    0x85, 0x63, 0x24, 0x53, 0xC6, 0x63, 0xE6, 0x6B, 0xC6, 0x63, 0xA6, 0x63, 0xE7, 0x6B, 0x28, 0x74,
    0x27, 0x7C, 0x07, 0x74, 0x68, 0x84, 0x27, 0x7C, 0xE7, 0x73, 0x68, 0x84, 0x68, 0x84, 0x07, 0x74,
    0x07, 0x74, 0xE6, 0x6B, 0xA6, 0x63, 0xC7, 0x6B, 0xC7, 0x63, 0x86, 0x5B, 0x45, 0x53, 0x86, 0x5B,
    0xC7, 0x63, 0xA6, 0x5B, 0x86, 0x5B, 0xA7, 0x5B, 0xA6, 0x5B, 0x65, 0x53, 0x45, 0x53, 0x45, 0x53,
    0x04, 0x4B, 0xA4, 0x3A, 0x84, 0x32, 0xC4, 0x3A, 0xC5, 0x42, 0xE5, 0x42, 0xC5, 0x42, 0x05, 0x4B,
    0x05, 0x43, 0x84, 0x3A, 0x23, 0x2A, 0xA5, 0x3A, 0x64, 0x32, 0x43, 0x2A, 0xE6, 0x42, 0x06, 0x43,
    0x06, 0x43, 0x26, 0x43, 0x26, 0x43, 0xE5, 0x3A, 0xC4, 0x3A, 0x26, 0x4B, 0x46, 0x4B, 0x26, 0x4B,
    0xA7, 0x5B, 0x87, 0x5B, 0x67, 0x53, 0x26, 0x4B, 0x46, 0x4B, 0x67, 0x53, 0x67, 0x53, 0x27, 0x4B,
    0x06, 0x4B, 0x46, 0x4B, 0xA8, 0x5B, 0xA7, 0x5B, 0x46, 0x4B, 0x26, 0x4B, 0x46, 0x4B, 0x46, 0x4B,
    0x27, 0x53, 0xED, 0x73, 0x10, 0x7C, 0x31, 0x7C, 0x52, 0x84, 0x31, 0x7C, 0x11, 0x7C, 0x11, 0x74,
    0x31, 0x7C, 0x8E, 0x6B, 0x09, 0x42, 0xE8, 0x49, 0xE8, 0x49, 0x29, 0x52, 0x8A, 0x62, 0xEC, 0x6A,
    0xEB, 0x6A, 0x8A, 0x62, 0x29, 0x5A, 0x49, 0x5A, 0x48, 0x52, 0x87, 0x4A, 0x06, 0x4B, 0xA6, 0x5B,
    0x08, 0x6C, 0x09, 0x6C, 0xE8, 0x63, 0xE8, 0x63, 0xC8, 0x63, 0x0C, 0x6C, 0xF0, 0x6B, 0xAF, 0x63,
    0xF0, 0x6B, 0x31, 0x74, 0x72, 0x7C, 0x93, 0x84, 0x93, 0x8C, 0x52, 0x84, 0x31, 0x7C, 0x31, 0x7C,
    0xF1, 0x73, 0x10, 0x74, 0x11, 0x7C, 0x11, 0x7C, 0x11, 0x7C, 0xAF, 0x6B, 0xAD, 0x63, 0x49, 0x53,
    0x26, 0x4B, 0x66, 0x53, 0x66, 0x53, 0x66, 0x53, 0x09, 0x74, 0xCD, 0x9C, 0x2F, 0xAD, 0x4F, 0xB5,
    0xEE, 0xAC, 0x0E, 0xAD, 0x0E, 0xAD, 0x2E, 0xAD, 0x6F, 0xB5, 0x4E, 0xAD, 0xAC, 0x9C, 0x2A, 0x84,
    0x8B, 0x8C, 0xAC, 0x94, 0xAC, 0x94, 0x8C, 0x8C, 0x6B, 0x8C, 0x6B, 0x84, 0x8C, 0x8C, 0x6C, 0x84,
    0x8C, 0x84, 0x6C, 0x84, 0x6C, 0x84, 0x2B, 0x74, 0xA9, 0x6B, 0xC9, 0x6B, 0xA9, 0x63, 0x4C, 0x7C,
    0x4C, 0x7C, 0xEA, 0x73, 0xEB, 0x6B, 0xEB, 0x6B, 0xEB, 0x63, 0x69, 0x53, 0x49, 0x53, 0x8A, 0x5B,
    0x8A, 0x5B, 0x8A, 0x5B, 0x8A, 0x5B, 0xCB, 0x63, 0x8A, 0x5B, 0x29, 0x53, 0xAA, 0x5B, 0xCB, 0x63,
    0x8D, 0x2A, 0x8C, 0x2A, 0xEE, 0x3A, 0xCE, 0x3A, 0xCE, 0x3A, 0xEE, 0x42, 0x50, 0x53, 0xEE, 0x42,
    0xAE, 0x3A, 0x30, 0x53, 0x50, 0x53, 0x2F, 0x4B, 0x2F, 0x53, 0x70, 0x5B, 0x4F, 0x53, 0xEE, 0x4A,
    0x2F, 0x53, 0x4F, 0x5B, 0xED, 0x4A, 0xED, 0x4A, 0x4E, 0x53, 0x2E, 0x53, 0x8F, 0x63, 0xD0, 0x6B,
    0xF0, 0x6B, 0xF1, 0x73, 0xF0, 0x6B, 0xD0, 0x6B, 0xF0, 0x6B, 0xB0, 0x6B, 0xD0, 0x73, 0xAF, 0x6B,
    0x4E, 0x63, 0x6E, 0x63, 0x0C, 0x5B, 0xA5, 0x31, 0x2B, 0x5B, 0xD0, 0x94, 0x51, 0xA5, 0x51, 0xA5,
    0x71, 0xAD, 0x71, 0xAD, 0x71, 0xAD, 0x51, 0xA5, 0x51, 0xA5, 0x51, 0xAD, 0x71, 0xAD, 0x72, 0xAD,
    0x52, 0xAD, 0xB1, 0xA4, 0x4D, 0x7B, 0x6B, 0x62, 0x2B, 0x5A, 0x2B, 0x5A, 0x6C, 0x6A, 0x8D, 0x6A,
    0x6C, 0x6A, 0x6C, 0x6A, 0x8D, 0x72, 0xAD, 0x72, 0xAD, 0x72, 0xCD, 0x72, 0xED, 0x72, 0xAC, 0x72,
    0x4F, 0x83, 0x8F, 0x8B, 0x2E, 0x83, 0x0E, 0x83, 0x4E, 0x8B, 0x2E, 0x83, 0xED, 0x7A, 0xED, 0x7A,
    0x0C, 0x7B, 0x2D, 0x83, 0x2C, 0x83, 0xEC, 0x7A, 0x2B, 0x7B, 0xC7, 0x5A, 0xE6, 0x4A, 0x27, 0x53,
    0x67, 0x5B, 0x66, 0x5B, 0x86, 0x5B, 0x45, 0x53, 0x46, 0x53, 0x46, 0x53, 0x68, 0x5B, 0x88, 0x63,
    0x68, 0x5B, 0x26, 0x53, 0x87, 0x63, 0xC8, 0x63, 0xEC, 0x6B, 0xCF, 0x6B, 0xCF, 0x63, 0x8E, 0x5B,
    0xF0, 0x6B, 0x50, 0x74, 0x2F, 0x74, 0x50, 0x7C, 0x30, 0x7C, 0x4F, 0x84, 0x6C, 0x84, 0x29, 0x74,
    0xC7, 0x63, 0xA7, 0x5B, 0xC8, 0x63, 0x87, 0x5B, 0xC8, 0x63, 0xA8, 0x5B, 0x87, 0x53, 0x26, 0x4B,
    0x87, 0x5B, 0x87, 0x5B, 0x67, 0x53, 0x87, 0x5B, 0x67, 0x5B, 0x46, 0x53, 0x66, 0x5B, 0x87, 0x63,
    0xA7, 0x63, 0x87, 0x5B, 0x87, 0x63, 0x87, 0x63, 0x08, 0x74, 0x68, 0x7C, 0x89, 0x84, 0xAA, 0x8C,
    0x68, 0x84, 0x88, 0x84, 0x48, 0x7C, 0x27, 0x7C, 0xA9, 0x8C, 0x88, 0x8C, 0x68, 0x84, 0x68, 0x84,
    0x68, 0x84, 0xEA, 0x94, 0xC9, 0x8C, 0x48, 0x7C, 0xC6, 0x63, 0xC6, 0x63, 0xA6, 0x63, 0xC7, 0x6B,
    0xA7, 0x6B, 0xC6, 0x6B, 0x28, 0x7C, 0xC7, 0x6B, 0x87, 0x63, 0x66, 0x5B, 0xE7, 0x6B, 0x08, 0x74,
    0x45, 0x53, 0x45, 0x53, 0xE7, 0x6B, 0x65, 0x5B, 0x85, 0x5B, 0xA5, 0x63, 0xC6, 0x6B, 0x07, 0x74,
    0x27, 0x7C, 0x48, 0x7C, 0x07, 0x74, 0xE6, 0x6B, 0x89, 0x84, 0xC9, 0x8C, 0x88, 0x84, 0x06, 0x74,
    0x27, 0x7C, 0x27, 0x7C, 0x48, 0x7C, 0xC6, 0x6B, 0x04, 0x4B, 0x25, 0x53, 0x45, 0x53, 0x24, 0x53,
    0x86, 0x5B, 0xA6, 0x5B, 0x66, 0x53, 0x25, 0x4B, 0x04, 0x43, 0x66, 0x53, 0x86, 0x5B, 0x86, 0x5B,
    0x05, 0x43, 0x84, 0x32, 0x84, 0x32, 0xC5, 0x3A, 0x05, 0x43, 0x84, 0x32, 0x84, 0x3A, 0xE5, 0x42,
    0x05, 0x43, 0xA4, 0x3A, 0x64, 0x32, 0xC5, 0x42, 0xE6, 0x42, 0x85, 0x3A, 0xA5, 0x3A, 0xC5, 0x42,
    0xC5, 0x3A, 0xE5, 0x42, 0x05, 0x43, 0x46, 0x4B, 0x66, 0x4B, 0x46, 0x4B, 0x87, 0x53, 0x86, 0x53,
    0x87, 0x53, 0x66, 0x4B, 0x66, 0x53, 0x46, 0x4B, 0x26, 0x4B, 0x26, 0x4B, 0x67, 0x4B, 0x67, 0x4B,
    0x47, 0x53, 0x47, 0x53, 0x68, 0x5B, 0xC9, 0x6B, 0x67, 0x5B, 0x46, 0x53, 0x87, 0x53, 0x46, 0x4B,
    0x68, 0x53, 0xAC, 0x6B, 0xCF, 0x73, 0xF0, 0x73, 0xF0, 0x73, 0xF0, 0x73, 0xD0, 0x73, 0xAF, 0x63,
    0x6E, 0x63, 0x0C, 0x5B, 0xA6, 0x31, 0x85, 0x31, 0x68, 0x52, 0xEE, 0x8B, 0x12, 0xAD, 0x52, 0xB5,
    0x52, 0xB5, 0xD1, 0xA4, 0x4C, 0x73, 0x27, 0x4A, 0xC5, 0x39, 0x24, 0x3A, 0xE5, 0x4A, 0x87, 0x53,
    0xA8, 0x63, 0xE8, 0x6B, 0xA7, 0x5B, 0x67, 0x5B, 0x88, 0x63, 0xAC, 0x63, 0xAF, 0x63, 0x11, 0x74,
    0x11, 0x6C, 0xF0, 0x6B, 0x11, 0x74, 0x11, 0x74, 0x31, 0x74, 0x11, 0x74, 0x11, 0x74, 0x11, 0x74,
    0xD0, 0x6B, 0xCF, 0x6B, 0xF0, 0x73, 0xAF, 0x73, 0xAF, 0x73, 0xAF, 0x73, 0x8D, 0x73, 0x8A, 0x6B,
    0x68, 0x63, 0xA9, 0x6B, 0xA8, 0x63, 0x26, 0x53, 0xC8, 0x6B, 0xAC, 0x94, 0x2F, 0xAD, 0x4F, 0xB5,
    0xEE, 0xAC, 0x2F, 0xB5, 0x2E, 0xAD, 0xCD, 0xA4, 0xED, 0xA4, 0x0E, 0xAD, 0xAC, 0x9C, 0x2A, 0x84,
    0x6B, 0x8C, 0xCD, 0x9C, 0x6B, 0x8C, 0xED, 0x9C, 0xAD, 0x94, 0x8C, 0x8C, 0x4B, 0x84, 0x4B, 0x7C,
    0x6B, 0x84, 0xEA, 0x73, 0x2B, 0x74, 0x2B, 0x74, 0xEA, 0x6B, 0x2B, 0x7C, 0x2B, 0x7C, 0x4C, 0x7C,
    0xEA, 0x73, 0x4C, 0x7C, 0x2C, 0x74, 0xCB, 0x6B, 0x49, 0x53, 0x08, 0x4B, 0x6A, 0x5B, 0xCB, 0x63,
    0x6A, 0x5B, 0x49, 0x53, 0x69, 0x5B, 0xAA, 0x5B, 0x8A, 0x5B, 0x49, 0x53, 0x49, 0x53, 0x49, 0x53,
    0x8C, 0x22, 0xAD, 0x2A, 0x0E, 0x3B, 0xEE, 0x3A, 0x2F, 0x4B, 0x2F, 0x4B, 0x2F, 0x4B, 0x4F, 0x53,
    0xAD, 0x3A, 0xEF, 0x42, 0xCE, 0x42, 0xEE, 0x3A, 0xEE, 0x42, 0x70, 0x5B, 0x70, 0x5B, 0x70, 0x5B,
    0x90, 0x63, 0x90, 0x63, 0x4E, 0x5B, 0x0E, 0x53, 0x4E, 0x53, 0x4F, 0x5B, 0x6F, 0x5B, 0x6F, 0x5B,
    0xD0, 0x6B, 0x8F, 0x63, 0x8F, 0x63, 0xB0, 0x6B, 0xF1, 0x73, 0xD0, 0x6B, 0xB0, 0x6B, 0x8F, 0x6B,
    0x2E, 0x63, 0xCC, 0x52, 0x0C, 0x63, 0x0E, 0x7C, 0xD0, 0x94, 0x30, 0x9D, 0x50, 0xA5, 0x71, 0xAD,
    0x50, 0xA5, 0x91, 0xAD, 0x71, 0xAD, 0x51, 0xAD, 0x71, 0xAD, 0x30, 0xA5, 0x10, 0xA5, 0x51, 0xAD,
    0x31, 0xA5, 0x31, 0xAD, 0x12, 0xAD, 0xAE, 0x83, 0x2A, 0x5A, 0x0B, 0x5A, 0x4B, 0x62, 0x8D, 0x6A,
    0x4B, 0x62, 0x6C, 0x6A, 0x8C, 0x6A, 0x6C, 0x6A, 0x6C, 0x6A, 0xEE, 0x7A, 0x0E, 0x7B, 0xED, 0x72,
    0x0E, 0x7B, 0xED, 0x7A, 0xCC, 0x72, 0x8B, 0x6A, 0xCC, 0x72, 0xED, 0x7A, 0xCC, 0x72, 0xAB, 0x72,
    0x8A, 0x6A, 0xEC, 0x7A, 0x2C, 0x7B, 0xEA, 0x72, 0x6A, 0x73, 0x88, 0x6B, 0x87, 0x63, 0x67, 0x5B,
    0x87, 0x5B, 0x86, 0x5B, 0xA7, 0x63, 0x87, 0x63, 0x89, 0x63, 0xCC, 0x73, 0x0E, 0x84, 0x4F, 0x8C,
    0x4F, 0x8C, 0xCD, 0x7B, 0x48, 0x63, 0xA5, 0x4A, 0x29, 0x53, 0x6C, 0x5B, 0x0C, 0x4B, 0x0C, 0x4B,
    0x2C, 0x4B, 0x8E, 0x5B, 0xCF, 0x63, 0xEF, 0x6B, 0x0E, 0x74, 0xCC, 0x6B, 0xA8, 0x63, 0xC7, 0x63,
    0x66, 0x53, 0x46, 0x4B, 0xC8, 0x5B, 0xC8, 0x5B, 0xA8, 0x5B, 0x88, 0x5B, 0x67, 0x53, 0x66, 0x53,
    0xA7, 0x5B, 0x46, 0x53, 0x66, 0x53, 0xA7, 0x63, 0x86, 0x5B, 0x46, 0x53, 0xA7, 0x63, 0xC7, 0x6B,
    0xC7, 0x63, 0x46, 0x53, 0x66, 0x5B, 0xC8, 0x6B, 0x69, 0x7C, 0xCA, 0x8C, 0x69, 0x84, 0x48, 0x7C,
    0x89, 0x84, 0xA9, 0x8C, 0x68, 0x84, 0x47, 0x7C, 0x27, 0x7C, 0x68, 0x84, 0xC9, 0x94, 0xA9, 0x8C,
    0x88, 0x8C, 0x88, 0x84, 0x88, 0x84, 0x48, 0x7C, 0x86, 0x5B, 0xA6, 0x63, 0xE8, 0x6B, 0xE8, 0x6B,
    0x66, 0x5B, 0xA7, 0x63, 0xC7, 0x6B, 0x87, 0x63, 0x46, 0x53, 0x45, 0x53, 0x45, 0x5B, 0x86, 0x63,
    0x86, 0x63, 0x04, 0x4B, 0x45, 0x53, 0xA6, 0x5B, 0x85, 0x5B, 0xE6, 0x6B, 0x68, 0x84, 0x27, 0x7C,
    0x68, 0x84, 0x48, 0x7C, 0x07, 0x74, 0x48, 0x7C, 0xC9, 0x8C, 0xC9, 0x8C, 0x07, 0x74, 0xC6, 0x6B,
    0x27, 0x74, 0x27, 0x74, 0x07, 0x74, 0x28, 0x74, 0x44, 0x53, 0x45, 0x53, 0x04, 0x4B, 0xA7, 0x63,
    0x86, 0x5B, 0x86, 0x5B, 0x45, 0x53, 0xE4, 0x42, 0xE4, 0x42, 0x24, 0x4B, 0x85, 0x53, 0x86, 0x5B,
    0x05, 0x43, 0xE5, 0x42, 0xA5, 0x3A, 0xA4, 0x3A, 0xE5, 0x42, 0xE6, 0x42, 0xE5, 0x42, 0xA4, 0x3A,
    0xC5, 0x42, 0xC5, 0x3A, 0xE5, 0x42, 0xE5, 0x42, 0x26, 0x4B, 0x67, 0x53, 0x46, 0x53, 0x05, 0x4B,
    0x26, 0x4B, 0x67, 0x53, 0x46, 0x4B, 0xA7, 0x5B, 0xA7, 0x53, 0x86, 0x53, 0x66, 0x53, 0xA7, 0x53,
    0x66, 0x53, 0xC7, 0x5B, 0xE7, 0x63, 0xA7, 0x5B, 0x86, 0x53, 0x25, 0x43, 0x47, 0x4B, 0x47, 0x5B,
    0xCA, 0x6B, 0x8E, 0x94, 0x31, 0xAD, 0x31, 0xAD, 0xAF, 0x9C, 0x0B, 0x7C, 0x87, 0x5B, 0x87, 0x5B,
    0xA9, 0x63, 0x6B, 0x63, 0x6D, 0x63, 0x8E, 0x63, 0x8F, 0x63, 0x8F, 0x63, 0x8E, 0x63, 0x8F, 0x63,
    0x4D, 0x5B, 0xEB, 0x52, 0xA5, 0x31, 0x67, 0x4A, 0xF0, 0xA4, 0x92, 0xB5, 0x91, 0xB5, 0x70, 0xAD,
    0x70, 0xAD, 0x91, 0xB5, 0x72, 0xB5, 0x8F, 0x8C, 0x66, 0x4A, 0xC6, 0x42, 0x46, 0x53, 0x67, 0x53,
    0x88, 0x5B, 0x87, 0x5B, 0x46, 0x53, 0x06, 0x4B, 0x47, 0x5B, 0x4A, 0x5B, 0x8E, 0x63, 0x8F, 0x63,
    0xAF, 0x63, 0xF0, 0x6B, 0x11, 0x6C, 0xF0, 0x6B, 0x10, 0x6C, 0xAF, 0x63, 0x8F, 0x63, 0xB0, 0x6B,
    0xF0, 0x73, 0xD0, 0x7B, 0xF0, 0x83, 0x51, 0x9C, 0xD3, 0xAC, 0x35, 0xBD, 0x34, 0xBD, 0x33, 0xBD,
    0x32, 0xB5, 0xF1, 0xAC, 0x6E, 0x9C, 0xCA, 0x7B, 0xA9, 0x73, 0x6B, 0x8C, 0x0E, 0xA5, 0x0F, 0xB5,
    0x2F, 0xB5, 0x90, 0xBD, 0x2F, 0xB5, 0xCD, 0xA4, 0x4B, 0x94, 0xCD, 0x9C, 0xAC, 0x9C, 0x6B, 0x94,
    0x6B, 0x94, 0x6B, 0x94, 0x4B, 0x84, 0x0A, 0x84, 0x6C, 0x84, 0x4B, 0x84, 0x2B, 0x7C, 0x4B, 0x7C,
    0xA9, 0x6B, 0xC9, 0x6B, 0xEA, 0x6B, 0xC9, 0x6B, 0x88, 0x5B, 0xC9, 0x63, 0xEA, 0x63, 0x68, 0x5B,
    0x27, 0x53, 0x48, 0x5B, 0xA9, 0x63, 0x89, 0x5B, 0xE7, 0x4A, 0x49, 0x53, 0x49, 0x53, 0x29, 0x53,
    0x49, 0x53, 0x8A, 0x5B, 0xAB, 0x63, 0x8A, 0x5B, 0x28, 0x4B, 0x49, 0x53, 0x69, 0x53, 0x29, 0x4B,
    0xAD, 0x32, 0xEE, 0x32, 0x2F, 0x3B, 0xCE, 0x32, 0x2F, 0x4B, 0xCE, 0x3A, 0xCD, 0x3A, 0x2F, 0x4B,
    0xEE, 0x42, 0x0F, 0x43, 0xEE, 0x42, 0xCD, 0x3A, 0xCE, 0x42, 0x4F, 0x53, 0x0E, 0x4B, 0x2F, 0x53,
    0x4F, 0x5B, 0xB0, 0x6B, 0xD0, 0x6B, 0xD0, 0x6B, 0xF1, 0x6B, 0xB0, 0x63, 0x4F, 0x5B, 0x4F, 0x5B,
    0x4E, 0x5B, 0x4E, 0x5B, 0x8F, 0x63, 0x4F, 0x5B, 0x8F, 0x63, 0xD0, 0x6B, 0xAF, 0x6B, 0x6E, 0x63,
    0x4E, 0x5B, 0xEC, 0x5A, 0x2F, 0x7C, 0xAF, 0x8C, 0xAF, 0x8C, 0x50, 0xA5, 0x0F, 0xA5, 0x0F, 0x9D,
    0x2F, 0xA5, 0x50, 0xA5, 0x30, 0xA5, 0x71, 0xAD, 0x50, 0xA5, 0x30, 0xA5, 0x30, 0xA5, 0x30, 0xA5,
    0x30, 0xA5, 0x10, 0xA5, 0x30, 0xAD, 0x11, 0xA5, 0x2C, 0x73, 0x09, 0x52, 0x0A, 0x5A, 0x2A, 0x5A,
    0x2A, 0x5A, 0x6B, 0x62, 0x6B, 0x62, 0x6B, 0x62, 0x8C, 0x6A, 0x4B, 0x62, 0xAC, 0x6A, 0x8B, 0x6A,
    0x8C, 0x6A, 0xAB, 0x6A, 0x4A, 0x62, 0x6A, 0x62, 0x8B, 0x6A, 0xAB, 0x72, 0xEC, 0x7A, 0x2D, 0x83,
    0xEC, 0x72, 0xAA, 0x6A, 0x0C, 0x7B, 0x4A, 0x73, 0x48, 0x63, 0x86, 0x63, 0x86, 0x63, 0xA7, 0x5B,
    0xA7, 0x63, 0xA7, 0x63, 0x09, 0x74, 0xAA, 0x73, 0x2F, 0x94, 0x72, 0x9C, 0x32, 0x9C, 0x32, 0x9C,
    0x32, 0x9C, 0x52, 0x9C, 0x30, 0x8C, 0x0A, 0x63, 0x25, 0x3A, 0x87, 0x42, 0x48, 0x3A, 0x48, 0x32,
    0xA9, 0x3A, 0x0A, 0x4B, 0x2A, 0x4B, 0x2A, 0x53, 0x2A, 0x53, 0xA7, 0x42, 0xE6, 0x4A, 0x67, 0x53,
    0x27, 0x4B, 0x47, 0x4B, 0x67, 0x53, 0x47, 0x4B, 0x67, 0x53, 0xA7, 0x5B, 0xC8, 0x63, 0x08, 0x6C,
    0x49, 0x74, 0x29, 0x74, 0x29, 0x74, 0x29, 0x74, 0x08, 0x6C, 0x08, 0x6C, 0x08, 0x6C, 0xE8, 0x6B,
    0xE8, 0x6B, 0xE8, 0x6B, 0x2A, 0x74, 0x29, 0x74, 0x08, 0x6C, 0x07, 0x74, 0x69, 0x7C, 0x89, 0x84,
    0xAA, 0x8C, 0x89, 0x8C, 0x89, 0x84, 0x48, 0x7C, 0x68, 0x7C, 0xC9, 0x8C, 0xE9, 0x94, 0xA9, 0x8C,
    0xE9, 0x94, 0xC9, 0x8C, 0x28, 0x74, 0x86, 0x63, 0x66, 0x53, 0x86, 0x5B, 0x46, 0x53, 0x05, 0x4B,
    0x05, 0x4B, 0x25, 0x53, 0x05, 0x53, 0x26, 0x5B, 0xA7, 0x63, 0x08, 0x6C, 0x07, 0x74, 0x07, 0x74,
    0xA6, 0x63, 0x24, 0x53, 0xA3, 0x42, 0x65, 0x53, 0xE6, 0x6B, 0x06, 0x74, 0x26, 0x74, 0x06, 0x74,
    0x48, 0x7C, 0xE7, 0x73, 0xC6, 0x6B, 0x88, 0x84, 0xA9, 0x8C, 0x27, 0x74, 0xC6, 0x6B, 0xE6, 0x6B,
    0xA5, 0x5B, 0xA5, 0x63, 0xC6, 0x6B, 0xC6, 0x6B, 0xA6, 0x63, 0xC7, 0x63, 0x66, 0x5B, 0x45, 0x53,
    0x65, 0x5B, 0xE7, 0x6B, 0x86, 0x5B, 0x25, 0x53, 0x66, 0x53, 0x65, 0x53, 0x86, 0x5B, 0x66, 0x53,
    0x87, 0x5B, 0x66, 0x53, 0x26, 0x4B, 0xE5, 0x42, 0xE5, 0x42, 0xE6, 0x42, 0x06, 0x4B, 0x26, 0x4B,
    0x06, 0x4B, 0xE5, 0x42, 0x05, 0x43, 0x25, 0x4B, 0x45, 0x4B, 0x87, 0x5B, 0xA7, 0x5B, 0xC7, 0x5B,
    0xC8, 0x5B, 0xA7, 0x5B, 0x45, 0x4B, 0x86, 0x53, 0x66, 0x53, 0x45, 0x4B, 0x66, 0x53, 0x86, 0x53,
    0xE7, 0x63, 0x08, 0x6C, 0x08, 0x6C, 0xE8, 0x63, 0xC7, 0x5B, 0x46, 0x4B, 0x06, 0x53, 0x0B, 0x84,
    0xB4, 0xC5, 0xF6, 0xD5, 0xB6, 0xD5, 0x95, 0xD5, 0xB6, 0xD5, 0x74, 0xC5, 0x6E, 0x94, 0x88, 0x63,
    0x47, 0x5B, 0xE8, 0x4A, 0xEB, 0x52, 0x0B, 0x53, 0x0C, 0x53, 0xEC, 0x4A, 0xCB, 0x4A, 0xCB, 0x4A,
    0xEB, 0x52, 0x87, 0x42, 0xC7, 0x52, 0xCE, 0x94, 0x50, 0xAD, 0x2F, 0xA5, 0x2F, 0xAD, 0x0E, 0xA5,
    0x0E, 0xA5, 0xEE, 0x9C, 0xCE, 0x9C, 0x50, 0xA5, 0x6D, 0x84, 0x26, 0x53, 0x66, 0x53, 0xA7, 0x5B,
    0x47, 0x53, 0x26, 0x4B, 0x05, 0x4B, 0x46, 0x53, 0xA8, 0x63, 0x6A, 0x5B, 0x4C, 0x53, 0x4D, 0x5B,
    0x4D, 0x5B, 0xAF, 0x6B, 0xD0, 0x6B, 0x6E, 0x5B, 0xAF, 0x63, 0x6E, 0x5B, 0xCC, 0x52, 0x2E, 0x6B,
    0xCF, 0x83, 0xD3, 0xAC, 0x96, 0xCD, 0xB6, 0xD5, 0xD7, 0xDD, 0xD6, 0xDD, 0xB6, 0xDD, 0xB6, 0xDD,
    0xB6, 0xD5, 0x96, 0xD5, 0x95, 0xD5, 0x73, 0xC5, 0xD0, 0xAC, 0xAE, 0xA4, 0xAE, 0xA4, 0xCE, 0xAC,
    0x0E, 0xB5, 0x2F, 0xB5, 0xAC, 0xA4, 0xCD, 0xA4, 0xAD, 0x9C, 0x8C, 0x9C, 0x2A, 0x84, 0x6B, 0x8C,
    0x8C, 0x94, 0x4B, 0x8C, 0x4A, 0x84, 0xA9, 0x73, 0x88, 0x6B, 0x68, 0x63, 0xCA, 0x6B, 0xC9, 0x6B,
    0x88, 0x63, 0xEA, 0x73, 0xEA, 0x6B, 0xEA, 0x6B, 0x88, 0x5B, 0x88, 0x5B, 0x48, 0x53, 0x48, 0x4B,
    0x48, 0x4B, 0x28, 0x53, 0x07, 0x4B, 0x89, 0x5B, 0x8A, 0x5B, 0xAA, 0x63, 0x49, 0x53, 0xE8, 0x42,
    0x08, 0x43, 0x08, 0x4B, 0x49, 0x4B, 0x08, 0x43, 0xE8, 0x42, 0x29, 0x4B, 0x49, 0x53, 0x8A, 0x5B,
    0xEE, 0x3A, 0xEE, 0x3A, 0xAD, 0x2A, 0x8D, 0x2A, 0xCE, 0x3A, 0x0F, 0x43, 0xCE, 0x3A, 0xEE, 0x42,
    0x0F, 0x4B, 0x0F, 0x4B, 0x2F, 0x4B, 0xEE, 0x3A, 0x8C, 0x32, 0xAD, 0x42, 0xEE, 0x4A, 0x4F, 0x53,
    0x2F, 0x53, 0x2E, 0x5B, 0x8F, 0x63, 0x6F, 0x5B, 0x4F, 0x5B, 0xB0, 0x6B, 0xB0, 0x63, 0x4F, 0x5B,
    0x2E, 0x53, 0x6E, 0x5B, 0xAF, 0x63, 0xED, 0x4A, 0x6F, 0x5B, 0xD0, 0x6B, 0x8F, 0x63, 0x4E, 0x5B,
    0xEC, 0x52, 0x6D, 0x63, 0x4F, 0x84, 0x6E, 0x7C, 0xAE, 0x8C, 0x0F, 0x9D, 0x0F, 0x9D, 0xEF, 0x9C,
    0xEE, 0x9C, 0xEE, 0x9C, 0x0F, 0x9D, 0x30, 0xA5, 0x10, 0xA5, 0x0F, 0xA5, 0x50, 0xA5, 0xEE, 0x9C,
    0xEE, 0x9C, 0x0F, 0x9D, 0x10, 0xA5, 0x31, 0xAD, 0x4F, 0x94, 0x08, 0x52, 0xA8, 0x49, 0x09, 0x52,
    0x09, 0x52, 0x09, 0x52, 0x09, 0x52, 0x4A, 0x5A, 0x4A, 0x62, 0x09, 0x5A, 0x8B, 0x62, 0x6B, 0x62,
    0x4A, 0x62, 0x8B, 0x62, 0x8B, 0x62, 0x8B, 0x6A, 0xAB, 0x6A, 0x8B, 0x6A, 0x8A, 0x6A, 0xAB, 0x6A,
    0xAB, 0x6A, 0xCA, 0x6A, 0xEA, 0x6A, 0xE8, 0x62, 0x26, 0x53, 0xA7, 0x63, 0xE7, 0x6B, 0xC6, 0x63,
    0x08, 0x6C, 0x86, 0x63, 0x47, 0x63, 0xCE, 0x83, 0x12, 0x94, 0xB1, 0x93, 0xB1, 0x93, 0x91, 0x8B,
    0xD2, 0x93, 0xF2, 0x93, 0xD1, 0x93, 0xEF, 0x8B, 0x28, 0x63, 0x84, 0x42, 0x65, 0x3A, 0x05, 0x2A,
    0x87, 0x3A, 0xC8, 0x42, 0xC7, 0x42, 0xE7, 0x42, 0xC6, 0x42, 0x07, 0x4B, 0x48, 0x53, 0x26, 0x4B,
    0xC6, 0x3A, 0xE6, 0x42, 0x27, 0x4B, 0x46, 0x53, 0x87, 0x5B, 0x66, 0x5B, 0xA7, 0x63, 0x6A, 0x7C,
    0x49, 0x74, 0xE8, 0x6B, 0xA8, 0x63, 0x66, 0x5B, 0xA7, 0x63, 0xC8, 0x63, 0xC8, 0x63, 0xC8, 0x6B,
    0x29, 0x74, 0x29, 0x74, 0xA7, 0x63, 0xA7, 0x63, 0xC7, 0x6B, 0x28, 0x74, 0x89, 0x84, 0x48, 0x7C,
    0x68, 0x84, 0xA9, 0x8C, 0x28, 0x7C, 0x07, 0x74, 0xA9, 0x84, 0xC9, 0x8C, 0xA8, 0x8C, 0xEA, 0x94,
    0xC9, 0x8C, 0x89, 0x8C, 0xA6, 0x6B, 0x05, 0x4B, 0x46, 0x53, 0x66, 0x5B, 0x66, 0x5B, 0x86, 0x5B,
    0xC7, 0x63, 0xE8, 0x6B, 0xC7, 0x63, 0x67, 0x5B, 0x46, 0x53, 0x25, 0x53, 0xA5, 0x63, 0x47, 0x7C,
    0xE6, 0x6B, 0xC6, 0x63, 0xA6, 0x63, 0x85, 0x5B, 0xE5, 0x6B, 0x46, 0x7C, 0x26, 0x74, 0x47, 0x7C,
    0x06, 0x74, 0xC5, 0x6B, 0xE6, 0x6B, 0xA8, 0x84, 0x87, 0x84, 0x67, 0x7C, 0x27, 0x7C, 0x47, 0x7C,
    0x07, 0x74, 0xC6, 0x6B, 0x28, 0x7C, 0x48, 0x7C, 0x48, 0x74, 0xC7, 0x63, 0x25, 0x53, 0x86, 0x5B,
    0x49, 0x7C, 0x48, 0x7C, 0xA6, 0x63, 0x66, 0x5B, 0x66, 0x5B, 0x86, 0x5B, 0x66, 0x5B, 0x45, 0x53,
    0xE7, 0x63, 0x65, 0x53, 0x05, 0x4B, 0x87, 0x5B, 0x87, 0x53, 0x06, 0x4B, 0x05, 0x4B, 0x26, 0x4B,
    0xA7, 0x5B, 0x86, 0x53, 0x46, 0x53, 0x26, 0x4B, 0x05, 0x43, 0x05, 0x43, 0x25, 0x4B, 0x46, 0x4B,
    0x46, 0x53, 0x66, 0x53, 0x66, 0x53, 0x86, 0x53, 0x66, 0x53, 0x86, 0x53, 0xC7, 0x5B, 0xE8, 0x63,
    0x49, 0x74, 0xE7, 0x6B, 0x87, 0x5B, 0x87, 0x5B, 0xC8, 0x63, 0xE8, 0x6B, 0xEA, 0x7B, 0x93, 0xC5,
    0xF6, 0xD5, 0x75, 0xD5, 0x14, 0xCD, 0xF3, 0xC4, 0x13, 0xCD, 0x14, 0xC5, 0x33, 0xBD, 0x0C, 0x84,
    0xE6, 0x4A, 0x65, 0x3A, 0x47, 0x3A, 0x68, 0x3A, 0x89, 0x3A, 0x49, 0x3A, 0x08, 0x32, 0x07, 0x32,
    0x05, 0x32, 0x65, 0x42, 0xEA, 0x73, 0x0E, 0x9D, 0x0F, 0xA5, 0xEE, 0xA4, 0xEE, 0xA4, 0xCD, 0x9C,
    0xAD, 0x94, 0x4B, 0x8C, 0x6C, 0x8C, 0x8D, 0x8C, 0xAE, 0x8C, 0xA9, 0x63, 0x25, 0x4B, 0x87, 0x5B,
    0xA8, 0x5B, 0x67, 0x53, 0x46, 0x53, 0x86, 0x53, 0x87, 0x5B, 0x69, 0x53, 0x2B, 0x53, 0x4D, 0x53,
    0x0D, 0x53, 0x2D, 0x5B, 0x2D, 0x53, 0x2D, 0x53, 0x8F, 0x63, 0x4E, 0x63, 0x0D, 0x63, 0x52, 0x9C,
    0x96, 0xCD, 0xD6, 0xD5, 0xD6, 0xD5, 0xB6, 0xD5, 0xB6, 0xD5, 0x75, 0xD5, 0x75, 0xCD, 0x95, 0xD5,
    0x96, 0xD5, 0x96, 0xD5, 0x75, 0xCD, 0x75, 0xCD, 0x74, 0xCD, 0x53, 0xCD, 0xF0, 0xB4, 0xAE, 0xAC,
    0xAD, 0xA4, 0xAD, 0xA4, 0xCD, 0xAC, 0xCD, 0xA4, 0xCD, 0xA4, 0x6B, 0x94, 0xE9, 0x7B, 0x2A, 0x84,
    0x6B, 0x8C, 0x8B, 0x8C, 0x4B, 0x84, 0x4B, 0x84, 0x2B, 0x7C, 0xC9, 0x6B, 0xA9, 0x63, 0xEA, 0x6B,
    0xEA, 0x6B, 0xA9, 0x63, 0x89, 0x63, 0xA9, 0x63, 0x69, 0x5B, 0x68, 0x5B, 0x48, 0x53, 0x89, 0x5B,
    0x89, 0x53, 0x69, 0x53, 0x48, 0x53, 0x48, 0x53, 0x8A, 0x5B, 0x8A, 0x5B, 0x28, 0x4B, 0xE8, 0x42,
    0x28, 0x4B, 0xE8, 0x42, 0x08, 0x3B, 0xE7, 0x3A, 0xE8, 0x42, 0x08, 0x43, 0x28, 0x4B, 0x28, 0x4B,
    0xCE, 0x32, 0xCD, 0x32, 0xCD, 0x32, 0xCD, 0x32, 0xEE, 0x3A, 0xEE, 0x3A, 0x0F, 0x43, 0xAD, 0x3A,
    0xEE, 0x42, 0xAD, 0x3A, 0xCE, 0x3A, 0xCD, 0x3A, 0xCD, 0x3A, 0xCE, 0x3A, 0xCE, 0x42, 0x4F, 0x53,
    0x4F, 0x5B, 0x0E, 0x53, 0x6F, 0x5B, 0x2E, 0x53, 0xED, 0x4A, 0xB0, 0x6B, 0xD0, 0x6B, 0x4E, 0x5B,
    0x2E, 0x53, 0xEC, 0x4A, 0x2D, 0x53, 0x6F, 0x5B, 0x6E, 0x5B, 0x2D, 0x53, 0x4E, 0x63, 0x2D, 0x5B,
    0xEB, 0x52, 0xEE, 0x73, 0x0D, 0x74, 0x6E, 0x7C, 0xEF, 0x94, 0x0F, 0x9D, 0x0F, 0x9D, 0xCF, 0x94,
    0x8D, 0x8C, 0xCE, 0x94, 0xEE, 0x94, 0xAD, 0x8C, 0xAE, 0x94, 0xAD, 0x8C, 0xCE, 0x94, 0x0F, 0xA5,
    0xEF, 0x9C, 0xCE, 0x94, 0x0F, 0x9D, 0xCF, 0x9C, 0x8F, 0x9C, 0x89, 0x5A, 0x66, 0x39, 0xC8, 0x41,
    0xC8, 0x49, 0xC8, 0x49, 0xE8, 0x49, 0x09, 0x52, 0x29, 0x5A, 0xE9, 0x51, 0x09, 0x52, 0x2A, 0x5A,
    0x4A, 0x5A, 0x6A, 0x62, 0x8B, 0x62, 0x6A, 0x62, 0x6A, 0x62, 0x6A, 0x62, 0x8A, 0x6A, 0x08, 0x5A,
    0xAB, 0x6A, 0xEA, 0x6A, 0x66, 0x52, 0x85, 0x42, 0xA5, 0x42, 0x25, 0x4B, 0x46, 0x53, 0xA7, 0x63,
    0xC7, 0x63, 0xE8, 0x6B, 0xAB, 0x73, 0x8F, 0x83, 0x70, 0x83, 0x50, 0x8B, 0x91, 0x8B, 0x70, 0x8B,
    0x70, 0x83, 0x70, 0x83, 0x4F, 0x83, 0x8F, 0x83, 0xCC, 0x7B, 0x88, 0x63, 0x47, 0x53, 0xE6, 0x4A,
    0xA5, 0x3A, 0xE6, 0x42, 0x07, 0x4B, 0x27, 0x4B, 0x27, 0x4B, 0x47, 0x4B, 0x27, 0x4B, 0x26, 0x4B,
    0x26, 0x4B, 0xE5, 0x42, 0xA7, 0x5B, 0x69, 0x7C, 0x49, 0x7C, 0x29, 0x74, 0x08, 0x6C, 0xE8, 0x6B,
    0xA7, 0x63, 0xA7, 0x63, 0x67, 0x5B, 0x67, 0x5B, 0xC8, 0x63, 0xA7, 0x63, 0xA7, 0x63, 0xA8, 0x63,
    0xA7, 0x63, 0x46, 0x5B, 0xA7, 0x63, 0xE8, 0x6B, 0x48, 0x7C, 0xCA, 0x8C, 0x28, 0x7C, 0x07, 0x74,
    0xCA, 0x8C, 0x89, 0x8C, 0x48, 0x7C, 0x48, 0x7C, 0x89, 0x7C, 0x88, 0x84, 0xA8, 0x8C, 0xE9, 0x94,
    0x88, 0x84, 0x48, 0x84, 0xE7, 0x73, 0x86, 0x5B, 0xC7, 0x63, 0x69, 0x7C, 0x08, 0x74, 0xC7, 0x6B,
    0x86, 0x5B, 0x65, 0x5B, 0x86, 0x5B, 0x66, 0x5B, 0x05, 0x4B, 0xE4, 0x4A, 0xA6, 0x63, 0x48, 0x7C,
    0x26, 0x74, 0x27, 0x74, 0x27, 0x74, 0x64, 0x5B, 0xA5, 0x63, 0x67, 0x7C, 0x06, 0x74, 0xA5, 0x63,
    0xC6, 0x63, 0x06, 0x74, 0x88, 0x84, 0xA8, 0x84, 0x88, 0x84, 0x47, 0x7C, 0xA5, 0x63, 0x26, 0x74,
    0x88, 0x84, 0x27, 0x74, 0x68, 0x7C, 0x68, 0x84, 0x07, 0x74, 0xA6, 0x63, 0xA7, 0x5B, 0x08, 0x74,
    0xC7, 0x6B, 0xE7, 0x6B, 0xA6, 0x63, 0xA6, 0x5B, 0x45, 0x53, 0x66, 0x5B, 0x66, 0x53, 0xA7, 0x5B,
    0x08, 0x6C, 0xE7, 0x63, 0x28, 0x6C, 0xC7, 0x63, 0x66, 0x5B, 0x25, 0x4B, 0x25, 0x4B, 0xA6, 0x5B,
    0x08, 0x6C, 0x08, 0x6C, 0x66, 0x53, 0x05, 0x43, 0x26, 0x4B, 0x66, 0x4B, 0x66, 0x53, 0x66, 0x53,
    0x66, 0x53, 0x86, 0x53, 0xC7, 0x5B, 0xE7, 0x63, 0xC7, 0x63, 0xE7, 0x63, 0x08, 0x6C, 0x28, 0x74,
    0x49, 0x74, 0x08, 0x6C, 0xC7, 0x63, 0x66, 0x53, 0xC8, 0x63, 0xA8, 0x63, 0xCE, 0xA4, 0xB4, 0xD5,
    0x94, 0xD5, 0x54, 0xCD, 0xF3, 0xC4, 0xD2, 0xC4, 0xD2, 0xBC, 0xB2, 0xBC, 0xB2, 0xBC, 0x90, 0xA4,
    0x89, 0x63, 0x06, 0x4B, 0xA6, 0x42, 0x04, 0x2A, 0x26, 0x32, 0x47, 0x32, 0xE5, 0x29, 0x25, 0x32,
    0x85, 0x42, 0x26, 0x53, 0x6B, 0x7C, 0x0E, 0x9D, 0x0E, 0xA5, 0xAD, 0x9C, 0x8C, 0x94, 0x4B, 0x8C,
    0x4B, 0x8C, 0x4B, 0x84, 0x2B, 0x84, 0x2B, 0x84, 0x6C, 0x8C, 0xEA, 0x73, 0xC4, 0x4A, 0xE5, 0x4A,
    0x67, 0x53, 0xC8, 0x63, 0xC8, 0x63, 0xC7, 0x63, 0x86, 0x5B, 0x27, 0x53, 0x09, 0x4B, 0xEB, 0x4A,
    0x0C, 0x4B, 0xEC, 0x4A, 0x2D, 0x53, 0x8E, 0x5B, 0x6E, 0x5B, 0xAB, 0x52, 0xF0, 0x8B, 0xB6, 0xCD,
    0xD6, 0xDD, 0xB6, 0xD5, 0x96, 0xD5, 0x96, 0xD5, 0x96, 0xD5, 0x75, 0xD5, 0x75, 0xD5, 0xB6, 0xD5,
    0xB6, 0xD5, 0x75, 0xD5, 0x54, 0xCD, 0x54, 0xCD, 0x54, 0xCD, 0x34, 0xCD, 0x33, 0xC5, 0xF1, 0xBC,
    0xCE, 0xB4, 0xAC, 0xAC, 0xCD, 0xAC, 0xAD, 0xA4, 0xCC, 0xA4, 0x8B, 0x94, 0x4B, 0x8C, 0x0A, 0x84,
    0x6B, 0x94, 0x8C, 0x94, 0x0A, 0x7C, 0x68, 0x63, 0xEA, 0x6B, 0xC9, 0x6B, 0x88, 0x63, 0xA9, 0x63,
    0x68, 0x5B, 0xE6, 0x42, 0x48, 0x53, 0x89, 0x63, 0xA9, 0x63, 0xAA, 0x63, 0xCA, 0x63, 0x89, 0x5B,
    0x07, 0x43, 0x28, 0x43, 0x89, 0x53, 0x07, 0x4B, 0x28, 0x4B, 0x69, 0x53, 0x28, 0x4B, 0x28, 0x4B,
    0x08, 0x43, 0x28, 0x43, 0xE7, 0x3A, 0xE7, 0x3A, 0x08, 0x43, 0xC7, 0x3A, 0xC7, 0x3A, 0xC7, 0x3A,
    0x8D, 0x2A, 0x8C, 0x2A, 0x8C, 0x2A, 0xAD, 0x32, 0xEE, 0x3A, 0xCD, 0x3A, 0x2F, 0x4B, 0x50, 0x53,
    0x2F, 0x53, 0x0E, 0x4B, 0xCE, 0x42, 0x8D, 0x32, 0x2F, 0x4B, 0x50, 0x53, 0xCE, 0x42, 0xED, 0x4A,
    0x0E, 0x53, 0x4E, 0x53, 0x6F, 0x5B, 0x4E, 0x53, 0x0E, 0x53, 0x0E, 0x53, 0x6F, 0x63, 0x4E, 0x5B,
    0x2D, 0x53, 0x0C, 0x4B, 0x2D, 0x53, 0x6E, 0x63, 0x0D, 0x53, 0xAC, 0x4A, 0x8B, 0x4A, 0xAB, 0x4A,
    0x4C, 0x5B, 0xCD, 0x6B, 0x0D, 0x74, 0x2D, 0x7C, 0x8E, 0x8C, 0xCE, 0x94, 0xAE, 0x94, 0x8D, 0x8C,
    0x6D, 0x84, 0x8D, 0x8C, 0xCE, 0x94, 0xCE, 0x94, 0xCE, 0x94, 0x8D, 0x8C, 0x8D, 0x8C, 0xEE, 0x9C,
    0xCE, 0x9C, 0xCE, 0x9C, 0xCE, 0x94, 0x8D, 0x94, 0xAF, 0x9C, 0x0A, 0x6B, 0x45, 0x31, 0x66, 0x39,
    0xA7, 0x41, 0xA7, 0x41, 0xC8, 0x49, 0xE8, 0x51, 0xE8, 0x51, 0xE8, 0x49, 0xE8, 0x49, 0x09, 0x52,
    0x09, 0x52, 0x29, 0x5A, 0x29, 0x5A, 0x29, 0x5A, 0x6A, 0x5A, 0x29, 0x5A, 0x49, 0x5A, 0x08, 0x52,
    0x68, 0x5A, 0x05, 0x42, 0x44, 0x42, 0x64, 0x42, 0xA5, 0x42, 0x06, 0x4B, 0x06, 0x4B, 0x26, 0x53,
    0x46, 0x53, 0x67, 0x63, 0x0A, 0x63, 0xCD, 0x6A, 0xEE, 0x7A, 0x70, 0x8B, 0x70, 0x8B, 0x4F, 0x83,
    0x0E, 0x7B, 0x0E, 0x7B, 0x2F, 0x7B, 0x4F, 0x83, 0xAC, 0x7B, 0x68, 0x63, 0x26, 0x53, 0x46, 0x53,
    0x46, 0x53, 0x47, 0x53, 0x26, 0x53, 0xC9, 0x63, 0xA8, 0x5B, 0x67, 0x53, 0xA8, 0x63, 0x08, 0x6C,
    0x49, 0x74, 0x69, 0x7C, 0x8A, 0x84, 0x89, 0x84, 0xE7, 0x6B, 0x08, 0x6C, 0x28, 0x74, 0xA7, 0x63,
    0xE8, 0x6B, 0xC8, 0x63, 0x87, 0x5B, 0x09, 0x6C, 0x08, 0x6C, 0xE8, 0x63, 0x87, 0x5B, 0x46, 0x53,
    0x46, 0x53, 0x45, 0x53, 0xC7, 0x6B, 0x08, 0x74, 0x89, 0x84, 0x68, 0x84, 0x48, 0x7C, 0xA9, 0x84,
    0xA9, 0x8C, 0x48, 0x7C, 0x48, 0x7C, 0x48, 0x7C, 0x68, 0x84, 0xA9, 0x8C, 0xA9, 0x8C, 0x87, 0x84,
    0xC9, 0x8C, 0xC9, 0x8C, 0x49, 0x7C, 0x29, 0x6C, 0xC7, 0x6B, 0x28, 0x74, 0xC7, 0x6B, 0x86, 0x63,
    0x45, 0x53, 0xA7, 0x63, 0x86, 0x5B, 0xE4, 0x4A, 0xC4, 0x42, 0x87, 0x5B, 0x49, 0x7C, 0x85, 0x63,
    0xA6, 0x63, 0xC7, 0x6B, 0xE7, 0x6B, 0x48, 0x74, 0x07, 0x6C, 0x68, 0x74, 0xE6, 0x63, 0xE2, 0x4A,
    0xE6, 0x6B, 0xE5, 0x6B, 0x67, 0x7C, 0xE5, 0x73, 0x06, 0x74, 0x26, 0x74, 0x64, 0x5B, 0x06, 0x74,
    0x68, 0x84, 0x07, 0x74, 0x65, 0x5B, 0xE7, 0x73, 0xE7, 0x6B, 0x66, 0x5B, 0x86, 0x5B, 0xC7, 0x6B,
    0xC7, 0x6B, 0x48, 0x7C, 0x07, 0x6C, 0xA6, 0x63, 0xE7, 0x6B, 0xA7, 0x63, 0x66, 0x53, 0xE7, 0x63,
    0x07, 0x6C, 0x07, 0x6C, 0x28, 0x6C, 0xC7, 0x63, 0xC7, 0x63, 0x86, 0x5B, 0x86, 0x5B, 0x08, 0x6C,
    0x68, 0x7C, 0x49, 0x74, 0x86, 0x5B, 0x25, 0x4B, 0x26, 0x4B, 0x46, 0x4B, 0x66, 0x53, 0xC7, 0x5B,
    0xC7, 0x63, 0xC7, 0x63, 0xE7, 0x63, 0x08, 0x6C, 0xE7, 0x6B, 0xE7, 0x63, 0xC7, 0x63, 0x07, 0x6C,
    0x07, 0x6C, 0x08, 0x6C, 0x29, 0x74, 0x08, 0x6C, 0xE8, 0x6B, 0xE9, 0x73, 0x51, 0xBD, 0x73, 0xCD,
    0x33, 0xCD, 0x13, 0xCD, 0xB2, 0xBC, 0x92, 0xBC, 0x71, 0xB4, 0x71, 0xB4, 0x31, 0xAC, 0x70, 0xA4,
    0xCA, 0x73, 0x46, 0x53, 0x67, 0x5B, 0x47, 0x53, 0x47, 0x53, 0x89, 0x5B, 0x88, 0x5B, 0x46, 0x53,
    0xA7, 0x63, 0xA8, 0x63, 0x2A, 0x7C, 0x8C, 0x8C, 0x6C, 0x8C, 0x0A, 0x84, 0xC9, 0x7B, 0x0A, 0x84,
    0x0A, 0x7C, 0xA8, 0x73, 0xCA, 0x73, 0xEA, 0x73, 0x0A, 0x7C, 0x0A, 0x74, 0x67, 0x5B, 0x26, 0x53,
    0x26, 0x4B, 0x46, 0x53, 0x87, 0x5B, 0x87, 0x5B, 0x67, 0x5B, 0x07, 0x4B, 0x87, 0x3A, 0xEA, 0x42,
    0x4C, 0x53, 0x0C, 0x4B, 0xEC, 0x4A, 0x4D, 0x53, 0xCB, 0x52, 0xEC, 0x6A, 0x55, 0xC5, 0xB6, 0xD5,
    0x96, 0xD5, 0xB6, 0xD5, 0x96, 0xD5, 0xB6, 0xD5, 0x95, 0xD5, 0x75, 0xD5, 0x75, 0xD5, 0x75, 0xD5,
    0x75, 0xD5, 0x55, 0xCD, 0x54, 0xCD, 0x54, 0xCD, 0x14, 0xC5, 0x14, 0xC5, 0xF3, 0xC4, 0xD1, 0xBC,
    0xAF, 0xB4, 0xAD, 0xAC, 0xAC, 0xAC, 0xCC, 0xA4, 0x6B, 0x9C, 0x6B, 0x94, 0x2A, 0x8C, 0xC9, 0x7B,
    0x2A, 0x8C, 0x0A, 0x7C, 0xCA, 0x73, 0xCA, 0x73, 0xA9, 0x63, 0x07, 0x53, 0x48, 0x5B, 0x68, 0x5B,
    0x07, 0x4B, 0x27, 0x4B, 0x89, 0x5B, 0x68, 0x5B, 0x89, 0x5B, 0xA9, 0x63, 0xEA, 0x6B, 0x68, 0x53,
    0xE7, 0x42, 0x07, 0x43, 0x07, 0x43, 0xC6, 0x42, 0x08, 0x4B, 0x08, 0x4B, 0xE7, 0x42, 0x08, 0x43,
    0xC7, 0x3A, 0x08, 0x43, 0x08, 0x43, 0xC7, 0x3A, 0x08, 0x43, 0xA6, 0x32, 0xA6, 0x32, 0xE7, 0x42,
    0x4B, 0x1A, 0x4B, 0x22, 0x4B, 0x22, 0xAC, 0x32, 0xAC, 0x3A, 0x0E, 0x43, 0xEE, 0x42, 0xEE, 0x4A,
    0x2F, 0x53, 0x0E, 0x4B, 0x2F, 0x53, 0x50, 0x53, 0x2F, 0x4B, 0x0F, 0x4B, 0xCD, 0x4A, 0xCD, 0x42,
    0xCC, 0x42, 0xAC, 0x42, 0x0D, 0x4B, 0x2E, 0x53, 0xED, 0x4A, 0xED, 0x4A, 0x4E, 0x53, 0x8F, 0x5B,
    0x6E, 0x5B, 0x6E, 0x5B, 0x6E, 0x5B, 0x6E, 0x63, 0x0D, 0x5B, 0xAC, 0x52, 0x6A, 0x4A, 0x69, 0x42,
    0x4C, 0x5B, 0xCC, 0x63, 0x0D, 0x74, 0x0C, 0x74, 0xAE, 0x8C, 0xAE, 0x94, 0x6D, 0x84, 0x8E, 0x8C,
    0x4C, 0x7C, 0xEB, 0x73, 0x6D, 0x84, 0xCE, 0x94, 0x0F, 0x9D, 0xEF, 0x9C, 0xCE, 0x9C, 0x8E, 0x94,
    0xAD, 0x94, 0xAE, 0x94, 0xAD, 0x94, 0xAD, 0x94, 0xCF, 0x9C, 0x2A, 0x73, 0x24, 0x29, 0x25, 0x31,
    0x46, 0x39, 0x66, 0x39, 0x66, 0x39, 0x66, 0x39, 0xA7, 0x41, 0xC8, 0x41, 0x87, 0x39, 0xC8, 0x49,
    0xC7, 0x49, 0xC7, 0x49, 0xE7, 0x49, 0xA6, 0x41, 0xE7, 0x49, 0x08, 0x52, 0x28, 0x52, 0xE6, 0x41,
    0x83, 0x29, 0xC3, 0x31, 0x84, 0x42, 0x05, 0x4B, 0xE5, 0x42, 0xC5, 0x42, 0xE5, 0x42, 0x06, 0x4B,
    0x46, 0x53, 0x69, 0x5B, 0x89, 0x52, 0x4B, 0x5A, 0xAD, 0x6A, 0x0E, 0x7B, 0x8C, 0x6A, 0xCD, 0x72,
    0x0E, 0x7B, 0xED, 0x72, 0xED, 0x72, 0x2E, 0x7B, 0x6C, 0x73, 0x48, 0x63, 0x26, 0x53, 0x87, 0x63,
    0x09, 0x6C, 0xC8, 0x63, 0xA8, 0x63, 0xC8, 0x63, 0x67, 0x5B, 0x87, 0x5B, 0xE7, 0x6B, 0x07, 0x74,
    0x89, 0x84, 0xAA, 0x8C, 0x89, 0x84, 0x48, 0x74, 0xE7, 0x6B, 0x08, 0x6C, 0x08, 0x6C, 0x28, 0x74,
    0x49, 0x74, 0x49, 0x74, 0xE8, 0x6B, 0x09, 0x6C, 0xE8, 0x63, 0x87, 0x5B, 0x87, 0x5B, 0x87, 0x5B,
    0xE8, 0x6B, 0x89, 0x7C, 0x89, 0x84, 0xC9, 0x8C, 0xEA, 0x94, 0xC9, 0x8C, 0xEA, 0x94, 0xEA, 0x94,
    0x68, 0x84, 0x48, 0x7C, 0x48, 0x7C, 0xA9, 0x84, 0xEA, 0x8C, 0xA9, 0x8C, 0x88, 0x84, 0xA9, 0x8C,
    0x89, 0x84, 0x08, 0x74, 0xA7, 0x63, 0xA7, 0x5B, 0xC7, 0x63, 0x07, 0x6C, 0x08, 0x74, 0xC7, 0x63,
    0x45, 0x53, 0xE7, 0x6B, 0xE8, 0x6B, 0x87, 0x5B, 0x06, 0x53, 0xA7, 0x63, 0xE7, 0x6B, 0xA6, 0x63,
    0x66, 0x5B, 0x45, 0x5B, 0x07, 0x74, 0xE7, 0x6B, 0x44, 0x53, 0xE7, 0x6B, 0xC6, 0x63, 0x85, 0x5B,
    0x67, 0x7C, 0xA8, 0x8C, 0x47, 0x7C, 0x07, 0x74, 0xE6, 0x73, 0x07, 0x74, 0xE6, 0x6B, 0xE6, 0x6B,
    0x47, 0x7C, 0xC6, 0x6B, 0x65, 0x5B, 0xC7, 0x6B, 0xE7, 0x6B, 0xA7, 0x63, 0xC7, 0x6B, 0x28, 0x74,
    0x08, 0x74, 0x08, 0x74, 0xC7, 0x63, 0xE7, 0x63, 0x49, 0x74, 0xE7, 0x6B, 0x86, 0x5B, 0x28, 0x74,
    0x89, 0x7C, 0xE7, 0x6B, 0xA7, 0x63, 0xC7, 0x63, 0xC7, 0x63, 0xE8, 0x6B, 0xC7, 0x63, 0xE7, 0x6B,
    0x48, 0x7C, 0x28, 0x74, 0xE7, 0x63, 0xC7, 0x5B, 0x46, 0x4B, 0x05, 0x43, 0x45, 0x53, 0xC6, 0x63,
    0xE7, 0x6B, 0xE7, 0x6B, 0xE7, 0x6B, 0x28, 0x74, 0xE7, 0x6B, 0xC7, 0x63, 0xE7, 0x6B, 0x28, 0x74,
    0xC7, 0x63, 0xE7, 0x6B, 0x48, 0x74, 0x49, 0x74, 0xE7, 0x6B, 0xC8, 0x6B, 0xF0, 0xB4, 0x32, 0xCD,
    0xB1, 0xBC, 0x91, 0xBC, 0x30, 0xAC, 0xCF, 0xA3, 0x0F, 0xAC, 0x0F, 0xAC, 0xCF, 0xA3, 0xEF, 0x9B,
    0xCB, 0x7B, 0x46, 0x5B, 0xA7, 0x63, 0xE8, 0x6B, 0xA7, 0x63, 0x86, 0x5B, 0x46, 0x53, 0x66, 0x53,
    0x86, 0x5B, 0xE8, 0x73, 0x09, 0x7C, 0xEA, 0x7B, 0x0A, 0x84, 0xC9, 0x7B, 0xA8, 0x73, 0xA8, 0x73,
    0x67, 0x63, 0x26, 0x5B, 0x88, 0x6B, 0x88, 0x6B, 0x68, 0x63, 0xA8, 0x63, 0x66, 0x5B, 0x87, 0x5B,
    0x67, 0x53, 0x25, 0x4B, 0x46, 0x53, 0x26, 0x4B, 0xC5, 0x42, 0xE6, 0x42, 0x45, 0x32, 0x67, 0x32,
    0xA9, 0x42, 0x8A, 0x3A, 0x6A, 0x3A, 0x69, 0x3A, 0xCB, 0x5A, 0xF3, 0xB4, 0xB6, 0xDD, 0x95, 0xD5,
    0x96, 0xDD, 0x75, 0xD5, 0x75, 0xD5, 0x55, 0xD5, 0x34, 0xCD, 0x55, 0xCD, 0x55, 0xD5, 0x34, 0xCD,
    0x75, 0xD5, 0x55, 0xD5, 0xF3, 0xC4, 0xD3, 0xC4, 0x92, 0xBC, 0xD3, 0xBC, 0xD3, 0xC4, 0xB2, 0xBC,
    0x90, 0xB4, 0x8E, 0xAC, 0x6B, 0xA4, 0x6A, 0x9C, 0x29, 0x94, 0x4A, 0x94, 0x2A, 0x8C, 0x4B, 0x8C,
    0x6B, 0x94, 0x88, 0x73, 0x48, 0x63, 0xC9, 0x6B, 0x88, 0x63, 0x68, 0x5B, 0x48, 0x5B, 0x68, 0x5B,
    0xE6, 0x4A, 0xA6, 0x42, 0x07, 0x4B, 0x68, 0x5B, 0x48, 0x53, 0x07, 0x4B, 0x48, 0x53, 0x28, 0x4B,
    0x07, 0x43, 0x08, 0x4B, 0xE7, 0x42, 0x07, 0x43, 0x08, 0x43, 0xE7, 0x42, 0xC7, 0x3A, 0x08, 0x43,
    0xC7, 0x3A, 0x86, 0x32, 0xE7, 0x3A, 0xC7, 0x3A, 0xC7, 0x3A, 0xC7, 0x3A, 0x07, 0x43, 0x07, 0x43,
    0x4B, 0x1A, 0x6C, 0x22, 0x8C, 0x22, 0xCD, 0x32, 0x4B, 0x22, 0x8C, 0x32, 0xCD, 0x3A, 0xAC, 0x3A,
    0x8C, 0x3A, 0x6C, 0x3A, 0xCD, 0x42, 0xCD, 0x42, 0xAC, 0x3A, 0x8C, 0x3A, 0x6B, 0x3A, 0xCD, 0x42,
    0x0E, 0x4B, 0x0D, 0x4B, 0x4E, 0x53, 0x2E, 0x53, 0x0D, 0x4B, 0x0E, 0x4B, 0x0D, 0x4B, 0x4E, 0x5B,
    0x4D, 0x5B, 0x2D, 0x53, 0x4E, 0x5B, 0x2D, 0x5B, 0xAB, 0x52, 0x4A, 0x42, 0x08, 0x3A, 0x07, 0x32,
    0x2A, 0x53, 0x8B, 0x5B, 0xEC, 0x63, 0x0C, 0x6C, 0x2D, 0x74, 0x0C, 0x74, 0x2C, 0x74, 0x6D, 0x84,
    0xAE, 0x8C, 0x6D, 0x84, 0x2C, 0x7C, 0x4C, 0x8C, 0x8D, 0x94, 0x6C, 0x8C, 0x2C, 0x84, 0x8D, 0x94,
    0xAE, 0x94, 0x8D, 0x8C, 0xAE, 0x94, 0xCE, 0x9C, 0xAE, 0x9C, 0xAB, 0x7B, 0x43, 0x29, 0x04, 0x29,
    0x24, 0x29, 0x04, 0x29, 0x66, 0x31, 0xAB, 0x5A, 0xAF, 0x7B, 0xD0, 0x7B, 0x6E, 0x73, 0x6A, 0x5A,
    0x87, 0x41, 0x66, 0x39, 0xA6, 0x39, 0xA6, 0x39, 0xA5, 0x39, 0xA5, 0x39, 0x84, 0x31, 0xA3, 0x29,
    0x03, 0x32, 0x84, 0x3A, 0xE5, 0x4A, 0xE5, 0x42, 0xC4, 0x3A, 0xC5, 0x3A, 0xC5, 0x3A, 0xA5, 0x3A,
    0x47, 0x4B, 0x08, 0x53, 0x28, 0x42, 0x0A, 0x4A, 0x6C, 0x5A, 0xAC, 0x62, 0xCD, 0x6A, 0x8C, 0x6A,
    0x8C, 0x6A, 0xAC, 0x6A, 0xCC, 0x6A, 0xED, 0x72, 0x4B, 0x73, 0x68, 0x63, 0xA8, 0x63, 0xC8, 0x63,
    0xC8, 0x63, 0xE9, 0x6B, 0xE9, 0x63, 0xA8, 0x5B, 0xA7, 0x63, 0x29, 0x74, 0x49, 0x74, 0x48, 0x7C,
    0x28, 0x7C, 0x28, 0x74, 0x08, 0x74, 0xA6, 0x63, 0xA6, 0x63, 0xE8, 0x6B, 0x08, 0x74, 0x6A, 0x7C,
    0x08, 0x74, 0x08, 0x6C, 0xE8, 0x6B, 0xE8, 0x63, 0xC8, 0x63, 0xA7, 0x5B, 0xE8, 0x6B, 0x4A, 0x74,
    0x08, 0x6C, 0xC9, 0x8C, 0x0A, 0x95, 0xEA, 0x94, 0xC9, 0x8C, 0x89, 0x8C, 0xA9, 0x8C, 0xA9, 0x8C,
    0x47, 0x7C, 0xA9, 0x8C, 0xEA, 0x94, 0x0B, 0x95, 0x2B, 0x9D, 0xA9, 0x8C, 0x68, 0x84, 0xA9, 0x84,
    0x08, 0x74, 0x45, 0x5B, 0x86, 0x5B, 0x45, 0x5B, 0xE7, 0x6B, 0x28, 0x74, 0xC7, 0x6B, 0x46, 0x53,
    0xA7, 0x5B, 0xA6, 0x5B, 0xA6, 0x5B, 0x87, 0x5B, 0x47, 0x53, 0x25, 0x53, 0xC6, 0x6B, 0x28, 0x74,
    0xE7, 0x6B, 0x08, 0x74, 0x89, 0x84, 0xC6, 0x63, 0x65, 0x5B, 0x86, 0x5B, 0xA6, 0x63, 0x27, 0x74,
    0xA9, 0x8C, 0x88, 0x84, 0x48, 0x7C, 0x27, 0x7C, 0xE6, 0x73, 0xA5, 0x63, 0x07, 0x6C, 0x27, 0x74,
    0x27, 0x74, 0xA6, 0x63, 0xE7, 0x6B, 0x27, 0x74, 0xC6, 0x63, 0x08, 0x6C, 0xE7, 0x6B, 0xE8, 0x6B,
    0xE7, 0x6B, 0x08, 0x6C, 0xA6, 0x5B, 0xA6, 0x5B, 0xC7, 0x63, 0xA6, 0x5B, 0xC7, 0x63, 0x28, 0x74,
    0x48, 0x7C, 0x07, 0x6C, 0xA7, 0x5B, 0xA7, 0x5B, 0xE8, 0x6B, 0x08, 0x6C, 0xC7, 0x63, 0xE7, 0x6B,
    0x48, 0x74, 0x08, 0x6C, 0xE8, 0x6B, 0xC7, 0x63, 0xC7, 0x63, 0xA7, 0x5B, 0xC7, 0x63, 0x27, 0x6C,
    0x68, 0x7C, 0x89, 0x84, 0x28, 0x74, 0x69, 0x7C, 0x89, 0x84, 0x69, 0x7C, 0x69, 0x7C, 0x27, 0x74,
    0xC6, 0x63, 0xE7, 0x6B, 0x07, 0x6C, 0xC6, 0x63, 0x07, 0x6C, 0x29, 0x7C, 0x8D, 0xA4, 0x6F, 0xB4,
    0xEE, 0xA3, 0x0F, 0xA4, 0xEF, 0x9B, 0x0F, 0xA4, 0xEE, 0x9B, 0xCE, 0x9B, 0xCE, 0x9B, 0xAD, 0x8B,
    0xAA, 0x73, 0x87, 0x5B, 0x86, 0x5B, 0x86, 0x5B, 0xA7, 0x63, 0xA7, 0x63, 0x87, 0x5B, 0xC8, 0x63,
    0x08, 0x6C, 0xC8, 0x6B, 0x88, 0x6B, 0x88, 0x6B, 0xC9, 0x73, 0x88, 0x6B, 0xA8, 0x6B, 0x67, 0x63,
    0x26, 0x53, 0x26, 0x53, 0xE6, 0x52, 0x07, 0x53, 0xC6, 0x52, 0x67, 0x5B, 0x66, 0x5B, 0x86, 0x5B,
    0xE8, 0x63, 0xC7, 0x63, 0xA7, 0x5B, 0xA8, 0x5B, 0x67, 0x53, 0x67, 0x53, 0x07, 0x43, 0x45, 0x32,
    0x25, 0x2A, 0x27, 0x2A, 0x28, 0x32, 0x27, 0x3A, 0xCE, 0x8B, 0xB6, 0xD5, 0x74, 0xD5, 0x95, 0xD5,
    0x75, 0xD5, 0x55, 0xCD, 0x54, 0xCD, 0x34, 0xCD, 0x55, 0xD5, 0x54, 0xCD, 0xF3, 0xC4, 0x14, 0xCD,
    0x55, 0xD5, 0x14, 0xCD, 0x92, 0xBC, 0xB2, 0xBC, 0x92, 0xBC, 0xB2, 0xBC, 0x92, 0xBC, 0x72, 0xB4,
    0x71, 0xB4, 0x2F, 0xA4, 0x2C, 0x9C, 0x4A, 0x9C, 0x4A, 0x9C, 0x4A, 0x94, 0xC9, 0x7B, 0x0A, 0x84,
    0x0A, 0x84, 0x68, 0x6B, 0x48, 0x63, 0x07, 0x5B, 0x27, 0x53, 0xA9, 0x63, 0x28, 0x53, 0x27, 0x53,
    0x48, 0x53, 0x07, 0x4B, 0x28, 0x53, 0x48, 0x53, 0x06, 0x43, 0xC6, 0x42, 0xE6, 0x42, 0x07, 0x4B,
    0xE7, 0x42, 0xE7, 0x42, 0x07, 0x43, 0xE7, 0x42, 0xE7, 0x3A, 0xE7, 0x3A, 0xC7, 0x3A, 0xC7, 0x3A,
    0xA6, 0x3A, 0x85, 0x32, 0xA6, 0x32, 0xA6, 0x32, 0xA6, 0x3A, 0xE7, 0x3A, 0xE7, 0x3A, 0xE6, 0x3A,
    0x4B, 0x1A, 0x4B, 0x1A, 0x6B, 0x1A, 0x6C, 0x22, 0x4B, 0x1A, 0x6B, 0x2A, 0x8C, 0x2A, 0x6B, 0x2A,
    0xAC, 0x32, 0xAC, 0x3A, 0x8C, 0x3A, 0x8C, 0x32, 0xAC, 0x3A, 0xAC, 0x3A, 0xED, 0x4A, 0x0E, 0x4B,
    0xED, 0x42, 0xCC, 0x42, 0x0D, 0x4B, 0xAC, 0x42, 0xCC, 0x42, 0xED, 0x4A, 0xCC, 0x42, 0x0D, 0x53,
    0x2D, 0x53, 0x0D, 0x53, 0xCC, 0x52, 0xAB, 0x4A, 0x49, 0x42, 0xC7, 0x31, 0xA6, 0x29, 0xE6, 0x29,
    0x0A, 0x4B, 0x6A, 0x53, 0x49, 0x53, 0x28, 0x4B, 0x49, 0x53, 0xEB, 0x63, 0x2C, 0x74, 0x0B, 0x74,
    0x0B, 0x74, 0x6D, 0x84, 0x4C, 0x84, 0x4C, 0x84, 0x8D, 0x8C, 0x4C, 0x84, 0x2C, 0x84, 0x8E, 0x94,
    0xCE, 0x9C, 0xCE, 0x9C, 0xAD, 0x94, 0x8D, 0x94, 0x8D, 0x94, 0xCC, 0x7B, 0x23, 0x29, 0x81, 0x10,
    0xC2, 0x18, 0x04, 0x21, 0xAE, 0x7B, 0xD4, 0x9C, 0x93, 0x94, 0x93, 0x94, 0x93, 0x94, 0x72, 0x94,
    0xAB, 0x5A, 0x24, 0x29, 0xE3, 0x18, 0x03, 0x19, 0xE2, 0x18, 0x01, 0x19, 0xC3, 0x29, 0x44, 0x3A,
    0xA4, 0x3A, 0xE5, 0x42, 0x06, 0x4B, 0xC5, 0x42, 0xE6, 0x42, 0x27, 0x4B, 0xE7, 0x42, 0xA6, 0x3A,
    0xE6, 0x42, 0xC6, 0x42, 0x07, 0x3A, 0xC8, 0x39, 0xC9, 0x39, 0x0A, 0x4A, 0x6B, 0x5A, 0x6C, 0x62,
    0x8C, 0x62, 0x6B, 0x5A, 0x8B, 0x62, 0xAB, 0x62, 0xC8, 0x5A, 0x47, 0x5B, 0x88, 0x5B, 0xA8, 0x5B,
    0x88, 0x5B, 0x67, 0x53, 0x67, 0x53, 0x87, 0x5B, 0x29, 0x74, 0x49, 0x7C, 0x28, 0x74, 0x28, 0x74,
    0x08, 0x6C, 0x08, 0x6C, 0x46, 0x53, 0x04, 0x4B, 0xC7, 0x6B, 0xE8, 0x6B, 0xC7, 0x63, 0x86, 0x5B,
    0xE8, 0x6B, 0xC7, 0x63, 0xC7, 0x63, 0xA7, 0x63, 0x66, 0x5B, 0xC8, 0x63, 0x09, 0x6C, 0xE8, 0x6B,
    0x08, 0x74, 0xCA, 0x8C, 0xA8, 0x8C, 0xEA, 0x94, 0xA9, 0x8C, 0xE7, 0x73, 0x48, 0x7C, 0x48, 0x84,
    0x68, 0x84, 0x0A, 0x95, 0xCA, 0x94, 0x68, 0x84, 0x48, 0x7C, 0x28, 0x7C, 0x48, 0x7C, 0x07, 0x74,
    0xC6, 0x63, 0x08, 0x6C, 0x49, 0x74, 0x48, 0x7C, 0x89, 0x84, 0x27, 0x74, 0xA6, 0x63, 0xE4, 0x42,
    0xE4, 0x42, 0x86, 0x5B, 0x45, 0x53, 0x04, 0x4B, 0x05, 0x4B, 0xE4, 0x4A, 0x28, 0x74, 0x68, 0x7C,
    0x06, 0x6C, 0x68, 0x7C, 0xC9, 0x8C, 0x68, 0x7C, 0x28, 0x74, 0xE7, 0x6B, 0xC5, 0x63, 0xA9, 0x84,
    0xC9, 0x8C, 0xE6, 0x73, 0xA6, 0x6B, 0x28, 0x7C, 0x07, 0x74, 0x85, 0x63, 0xA6, 0x63, 0xE7, 0x6B,
    0xA5, 0x63, 0xE6, 0x6B, 0x68, 0x7C, 0x47, 0x74, 0xC6, 0x63, 0xC7, 0x63, 0xE7, 0x63, 0xC7, 0x63,
    0x28, 0x6C, 0xC7, 0x63, 0xA6, 0x5B, 0xE7, 0x63, 0xE7, 0x63, 0xC7, 0x63, 0xA7, 0x63, 0x07, 0x6C,
    0x48, 0x7C, 0xE7, 0x6B, 0x86, 0x5B, 0x86, 0x5B, 0xE7, 0x63, 0x07, 0x6C, 0xC7, 0x63, 0xE7, 0x6B,
    0x28, 0x74, 0x08, 0x6C, 0xA7, 0x63, 0x66, 0x53, 0xE8, 0x63, 0x28, 0x6C, 0x49, 0x74, 0x48, 0x74,
    0x89, 0x84, 0xCA, 0x8C, 0xAA, 0x8C, 0x89, 0x84, 0x69, 0x84, 0x48, 0x7C, 0x28, 0x74, 0x28, 0x74,
    0x68, 0x7C, 0x69, 0x7C, 0x69, 0x84, 0x48, 0x7C, 0x48, 0x7C, 0x49, 0x84, 0x4B, 0x9C, 0x4E, 0xAC,
    0x0E, 0xA4, 0xAE, 0x9B, 0x2C, 0x83, 0x2B, 0x83, 0x4C, 0x83, 0x8D, 0x8B, 0x4C, 0x83, 0x4A, 0x73,
    0x47, 0x63, 0xA7, 0x5B, 0xA6, 0x5B, 0x86, 0x5B, 0xE7, 0x63, 0x08, 0x6C, 0x28, 0x74, 0xE8, 0x6B,
    0x08, 0x6C, 0xA7, 0x63, 0x67, 0x63, 0x67, 0x63, 0x88, 0x6B, 0x26, 0x5B, 0x05, 0x5B, 0x05, 0x53,
    0xC4, 0x42, 0x63, 0x3A, 0x84, 0x42, 0x85, 0x42, 0xA5, 0x4A, 0x05, 0x53, 0xC7, 0x63, 0xC7, 0x63,
    0x66, 0x53, 0xE8, 0x63, 0x08, 0x64, 0xA7, 0x5B, 0x86, 0x5B, 0x87, 0x53, 0x47, 0x4B, 0xA5, 0x3A,
    0x44, 0x2A, 0x24, 0x2A, 0xC4, 0x29, 0xC5, 0x39, 0xB1, 0xAC, 0x95, 0xD5, 0x54, 0xCD, 0x74, 0xD5,
    0x34, 0xCD, 0x34, 0xCD, 0x55, 0xD5, 0x34, 0xCD, 0x34, 0xCD, 0x14, 0xCD, 0x14, 0xCD, 0x14, 0xCD,
    0xF4, 0xCC, 0xD3, 0xC4, 0xD3, 0xC4, 0xD3, 0xC4, 0xB2, 0xBC, 0x71, 0xBC, 0x71, 0xB4, 0x91, 0xB4,
    0x71, 0xB4, 0x0F, 0xA4, 0xCC, 0x93, 0x2B, 0x9C, 0x09, 0x8C, 0xC8, 0x83, 0x68, 0x73, 0xA8, 0x7B,
    0x88, 0x73, 0x89, 0x6B, 0x28, 0x5B, 0xE7, 0x52, 0x27, 0x53, 0xE7, 0x4A, 0x07, 0x53, 0x07, 0x53,
    0xC6, 0x42, 0xE7, 0x4A, 0x48, 0x53, 0x07, 0x4B, 0xE6, 0x42, 0xA5, 0x3A, 0xC6, 0x3A, 0xC6, 0x3A,
    0x07, 0x43, 0xE7, 0x42, 0xC6, 0x3A, 0xE7, 0x3A, 0xE7, 0x42, 0xE7, 0x3A, 0xE7, 0x42, 0xA6, 0x3A,
    0xA6, 0x32, 0xA6, 0x32, 0x85, 0x2A, 0xA6, 0x32, 0xA6, 0x32, 0xE7, 0x3A, 0x07, 0x43, 0xE7, 0x3A,
    0x6B, 0x1A, 0x6B, 0x22, 0x6C, 0x22, 0x4B, 0x1A, 0x6B, 0x22, 0x8C, 0x2A, 0x8C, 0x2A, 0x6C, 0x2A,
    0xAC, 0x3A, 0xED, 0x42, 0xCC, 0x3A, 0x8C, 0x32, 0xEE, 0x42, 0xAC, 0x3A, 0xAC, 0x42, 0xED, 0x42,
    0x6B, 0x3A, 0x4A, 0x3A, 0x6B, 0x3A, 0x8B, 0x3A, 0xAC, 0x42, 0xCC, 0x42, 0x8B, 0x3A, 0xAC, 0x42,
    0xAB, 0x42, 0x4A, 0x3A, 0x6A, 0x42, 0x6A, 0x42, 0xC7, 0x31, 0x86, 0x29, 0xA5, 0x29, 0xE5, 0x29,
    0xC8, 0x42, 0x49, 0x4B, 0x69, 0x53, 0x49, 0x4B, 0x49, 0x4B, 0x28, 0x4B, 0xAA, 0x63, 0x0B, 0x74,
    0x0C, 0x74, 0x2C, 0x7C, 0x4C, 0x7C, 0x2C, 0x7C, 0x8D, 0x8C, 0x8D, 0x8C, 0x6D, 0x8C, 0x4D, 0x8C,
    0x6D, 0x8C, 0x6D, 0x8C, 0x4C, 0x8C, 0x4C, 0x8C, 0x6D, 0x8C, 0xAC, 0x7B, 0x03, 0x21, 0x61, 0x08,
    0x40, 0x08, 0x48, 0x4A, 0xD3, 0x9C, 0x51, 0x8C, 0x11, 0x84, 0x31, 0x84, 0x31, 0x84, 0x51, 0x8C,
    0x10, 0x84, 0xC6, 0x39, 0xE1, 0x10, 0xC1, 0x08, 0x82, 0x21, 0x03, 0x2A, 0xA5, 0x3A, 0xC5, 0x42,
    0xC5, 0x3A, 0xC5, 0x42, 0xA5, 0x3A, 0xC6, 0x42, 0x06, 0x43, 0xA5, 0x3A, 0xA6, 0x3A, 0xC7, 0x42,
    0x44, 0x2A, 0x25, 0x2A, 0xA5, 0x21, 0x86, 0x29, 0x88, 0x31, 0xA8, 0x39, 0xA8, 0x39, 0xE9, 0x49,
    0x2A, 0x52, 0x2A, 0x52, 0x29, 0x52, 0x68, 0x52, 0xC6, 0x4A, 0xC5, 0x42, 0xE5, 0x42, 0x47, 0x4B,
    0x26, 0x4B, 0x26, 0x53, 0xC8, 0x63, 0x29, 0x74, 0x2A, 0x74, 0x29, 0x74, 0xA7, 0x63, 0xA7, 0x63,
    0xA7, 0x5B, 0x66, 0x53, 0x87, 0x5B, 0x6A, 0x7C, 0xE7, 0x6B, 0x86, 0x5B, 0x66, 0x5B, 0x66, 0x5B,
    0xC7, 0x6B, 0x08, 0x6C, 0x49, 0x74, 0x29, 0x74, 0xE8, 0x6B, 0xC8, 0x63, 0x09, 0x74, 0x08, 0x74,
    0x69, 0x84, 0xEA, 0x94, 0xC9, 0x94, 0x89, 0x8C, 0xA9, 0x8C, 0x07, 0x74, 0xCA, 0x8C, 0x0A, 0x9D,
    0x0A, 0x9D, 0xCA, 0x94, 0x69, 0x84, 0x07, 0x74, 0x48, 0x7C, 0x69, 0x84, 0x28, 0x74, 0x86, 0x63,
    0xA6, 0x63, 0x28, 0x74, 0xA9, 0x84, 0xCA, 0x8C, 0x68, 0x84, 0x85, 0x5B, 0x66, 0x5B, 0x86, 0x5B,
    0x86, 0x5B, 0xA6, 0x5B, 0x05, 0x4B, 0xA4, 0x3A, 0x25, 0x4B, 0x08, 0x6C, 0x89, 0x7C, 0xE7, 0x6B,
    0xE6, 0x6B, 0x68, 0x7C, 0x88, 0x84, 0x88, 0x84, 0x88, 0x84, 0x48, 0x7C, 0x07, 0x74, 0xA9, 0x8C,
    0x07, 0x74, 0x45, 0x5B, 0xC6, 0x6B, 0x48, 0x7C, 0xE7, 0x6B, 0x65, 0x5B, 0xC7, 0x63, 0x68, 0x7C,
    0x27, 0x74, 0x88, 0x84, 0xA8, 0x84, 0x88, 0x84, 0x27, 0x74, 0xC7, 0x63, 0xE7, 0x63, 0xE8, 0x6B,
    0xE7, 0x6B, 0xE7, 0x6B, 0xE7, 0x6B, 0xE7, 0x6B, 0x48, 0x74, 0xE8, 0x6B, 0x86, 0x53, 0xA7, 0x5B,
    0x08, 0x6C, 0xA6, 0x63, 0xC7, 0x63, 0xE7, 0x63, 0xE7, 0x63, 0x28, 0x74, 0xE8, 0x6B, 0xC7, 0x63,
    0xA7, 0x63, 0xC7, 0x63, 0x87, 0x5B, 0xA7, 0x63, 0xE8, 0x6B, 0xC7, 0x63, 0x08, 0x6C, 0x48, 0x7C,
    0xA9, 0x84, 0x89, 0x84, 0x48, 0x7C, 0x28, 0x7C, 0x69, 0x7C, 0x49, 0x7C, 0x69, 0x7C, 0xAA, 0x84,
    0x89, 0x84, 0xA9, 0x84, 0x68, 0x84, 0x27, 0x74, 0x27, 0x74, 0x28, 0x7C, 0xE8, 0x7B, 0xCA, 0x8B,
    0x4A, 0x83, 0x0B, 0x7B, 0xEA, 0x72, 0x0A, 0x73, 0xE9, 0x6A, 0xA9, 0x62, 0xA9, 0x62, 0xA7, 0x52,
    0x26, 0x5B, 0x66, 0x5B, 0x86, 0x5B, 0xA7, 0x5B, 0xC7, 0x63, 0xE8, 0x6B, 0x29, 0x74, 0xE8, 0x6B,
    0x66, 0x5B, 0x66, 0x5B, 0x46, 0x5B, 0xC5, 0x4A, 0xA5, 0x4A, 0xA5, 0x4A, 0x84, 0x42, 0x84, 0x42,
    0x84, 0x3A, 0x64, 0x32, 0x64, 0x3A, 0x44, 0x32, 0x23, 0x32, 0x04, 0x4B, 0xC7, 0x6B, 0x29, 0x74,
    0xA7, 0x5B, 0x87, 0x5B, 0xA7, 0x5B, 0xE8, 0x63, 0xC7, 0x5B, 0x86, 0x53, 0x66, 0x53, 0x87, 0x53,
    0x06, 0x43, 0xE6, 0x42, 0x85, 0x3A, 0xE9, 0x62, 0x33, 0xBD, 0x74, 0xD5, 0x54, 0xD5, 0x34, 0xD5,
    0x34, 0xCD, 0x54, 0xCD, 0x54, 0xCD, 0x34, 0xCD, 0x14, 0xCD, 0xF4, 0xCC, 0xD3, 0xC4, 0xB3, 0xC4,
    0xB2, 0xC4, 0xD3, 0xCC, 0xB3, 0xC4, 0x72, 0xBC, 0x51, 0xB4, 0x31, 0xB4, 0x30, 0xAC, 0x51, 0xAC,
    0x10, 0xAC, 0x10, 0xA4, 0xCE, 0x9B, 0x08, 0x73, 0xA8, 0x83, 0x67, 0x73, 0x06, 0x63, 0x68, 0x73,
    0x06, 0x5B, 0x27, 0x5B, 0xE6, 0x4A, 0x85, 0x42, 0xA6, 0x42, 0xE7, 0x4A, 0x07, 0x4B, 0xC6, 0x42,
    0xA6, 0x42, 0xE7, 0x4A, 0x27, 0x53, 0xE6, 0x42, 0xE6, 0x42, 0xC6, 0x3A, 0xC6, 0x3A, 0xC6, 0x42,
    0xE7, 0x42, 0xE6, 0x42, 0xA5, 0x3A, 0xA6, 0x3A, 0xE6, 0x3A, 0xE6, 0x3A, 0x27, 0x43, 0xE7, 0x3A,
    0xC7, 0x3A, 0x85, 0x32, 0x85, 0x2A, 0xA6, 0x32, 0xC6, 0x3A, 0x07, 0x3B, 0x07, 0x3B, 0xC6, 0x3A,
    0x8B, 0x22, 0x6B, 0x22, 0xAC, 0x2A, 0x8C, 0x2A, 0x4B, 0x22, 0x6B, 0x2A, 0xAC, 0x2A, 0x6B, 0x22,
    0x6B, 0x2A, 0x8B, 0x3A, 0xAB, 0x3A, 0x8B, 0x32, 0xAC, 0x3A, 0x4A, 0x32, 0x6A, 0x32, 0x6A, 0x32,
    0x6A, 0x3A, 0xAB, 0x42, 0x6B, 0x3A, 0x4A, 0x32, 0x8B, 0x3A, 0xAB, 0x42, 0xAB, 0x42, 0xCB, 0x42,
    0x4A, 0x3A, 0xC7, 0x29, 0x08, 0x32, 0x08, 0x32, 0x85, 0x21, 0x24, 0x19, 0x43, 0x19, 0x05, 0x2A,
    0xA7, 0x3A, 0xE8, 0x42, 0x49, 0x4B, 0x69, 0x53, 0x69, 0x53, 0x49, 0x53, 0xEB, 0x6B, 0x0C, 0x74,
    0x4C, 0x7C, 0x2C, 0x7C, 0x8D, 0x84, 0x8D, 0x8C, 0x8D, 0x8C, 0x8D, 0x8C, 0x2C, 0x84, 0x0C, 0x84,
    0x4C, 0x8C, 0x0B, 0x84, 0x2B, 0x84, 0x2C, 0x84, 0xEB, 0x7B, 0x09, 0x63, 0xC1, 0x10, 0x40, 0x00,
    0x81, 0x08, 0x0B, 0x63, 0xEF, 0x83, 0x10, 0x84, 0x10, 0x84, 0xCF, 0x7B, 0xF0, 0x7B, 0xF0, 0x7B,
    0x10, 0x84, 0xEA, 0x5A, 0xA3, 0x29, 0xC3, 0x29, 0x64, 0x3A, 0xC5, 0x42, 0xA5, 0x3A, 0x84, 0x3A,
    0xA5, 0x3A, 0xA5, 0x3A, 0x44, 0x2A, 0x85, 0x32, 0xC6, 0x42, 0x06, 0x43, 0x07, 0x4B, 0xE7, 0x42,
    0x45, 0x32, 0xE4, 0x21, 0x83, 0x19, 0x44, 0x19, 0x24, 0x21, 0x66, 0x29, 0x66, 0x31, 0x66, 0x31,
    0x66, 0x39, 0xE7, 0x41, 0x07, 0x42, 0x46, 0x42, 0xA5, 0x42, 0xE6, 0x42, 0xE6, 0x42, 0x06, 0x4B,
    0xA8, 0x5B, 0xE8, 0x6B, 0x29, 0x74, 0x29, 0x74, 0x29, 0x74, 0x08, 0x6C, 0x29, 0x74, 0x86, 0x5B,
    0xE4, 0x4A, 0x66, 0x53, 0x08, 0x6C, 0x6A, 0x84, 0x08, 0x74, 0xE8, 0x6B, 0xE8, 0x6B, 0x08, 0x6C,
    0x49, 0x74, 0x49, 0x7C, 0x28, 0x74, 0xE8, 0x6B, 0x66, 0x53, 0x25, 0x53, 0x09, 0x74, 0x69, 0x84,
    0x89, 0x84, 0x0B, 0x95, 0xEA, 0x9C, 0xEA, 0x94, 0x0B, 0x9D, 0xEA, 0x94, 0x0B, 0x95, 0x68, 0x84,
    0x68, 0x84, 0x68, 0x84, 0x28, 0x7C, 0x48, 0x7C, 0xA9, 0x84, 0x89, 0x84, 0x07, 0x74, 0xC7, 0x6B,
    0xE7, 0x6B, 0x07, 0x6C, 0x89, 0x84, 0x89, 0x84, 0x28, 0x74, 0xA7, 0x63, 0xC4, 0x42, 0x04, 0x4B,
    0xA6, 0x63, 0x86, 0x5B, 0x45, 0x53, 0x25, 0x4B, 0x25, 0x53, 0xC6, 0x63, 0xE7, 0x6B, 0xC7, 0x6B,
    0xC6, 0x63, 0x27, 0x74, 0x47, 0x7C, 0x68, 0x7C, 0x27, 0x74, 0xA5, 0x63, 0x85, 0x5B, 0x28, 0x74,
    0x65, 0x5B, 0x66, 0x5B, 0x08, 0x74, 0xC7, 0x6B, 0x66, 0x63, 0xA7, 0x63, 0x28, 0x74, 0x68, 0x7C,
    0x89, 0x84, 0x47, 0x7C, 0x47, 0x7C, 0x88, 0x84, 0x07, 0x6C, 0xA6, 0x5B, 0xC7, 0x63, 0x28, 0x74,
    0xE7, 0x6B, 0xE7, 0x6B, 0x48, 0x74, 0x68, 0x74, 0x28, 0x74, 0xC7, 0x63, 0x86, 0x5B, 0x87, 0x5B,
    0xC7, 0x63, 0xE7, 0x6B, 0x08, 0x6C, 0x08, 0x6C, 0x86, 0x5B, 0x07, 0x6C, 0xC7, 0x63, 0x08, 0x6C,
    0x08, 0x6C, 0xC7, 0x63, 0xC7, 0x63, 0x08, 0x6C, 0x28, 0x6C, 0x69, 0x7C, 0x69, 0x7C, 0x69, 0x74,
    0x48, 0x74, 0x69, 0x7C, 0x48, 0x7C, 0x48, 0x7C, 0x48, 0x7C, 0x48, 0x7C, 0x89, 0x84, 0x69, 0x7C,
    0x27, 0x74, 0x68, 0x7C, 0x48, 0x7C, 0x48, 0x7C, 0x48, 0x7C, 0x68, 0x84, 0x48, 0x84, 0x46, 0x73,
    0x04, 0x52, 0x66, 0x5A, 0x66, 0x5A, 0x66, 0x52, 0x66, 0x52, 0x86, 0x52, 0x24, 0x42, 0x64, 0x42,
    0x87, 0x63, 0xE8, 0x6B, 0xE7, 0x63, 0xC7, 0x63, 0xC7, 0x63, 0xC7, 0x63, 0xE7, 0x6B, 0x08, 0x74,
    0x86, 0x63, 0x45, 0x5B, 0x46, 0x5B, 0xE5, 0x4A, 0x84, 0x42, 0xA4, 0x42, 0x02, 0x32, 0x03, 0x32,
    0x03, 0x2A, 0xE3, 0x29, 0xC3, 0x21, 0x81, 0x21, 0x02, 0x2A, 0x46, 0x53, 0xC7, 0x63, 0xE8, 0x6B,
    0xE8, 0x63, 0x87, 0x5B, 0x05, 0x4B, 0x86, 0x53, 0xC7, 0x5B, 0xC8, 0x63, 0x66, 0x53, 0x86, 0x53,
    0x87, 0x5B, 0xE5, 0x42, 0x84, 0x3A, 0x8A, 0x73, 0x53, 0xC5, 0x33, 0xCD, 0x54, 0xD5, 0x34, 0xCD,
    0x14, 0xCD, 0x34, 0xD5, 0xF3, 0xC4, 0xF3, 0xC4, 0xF3, 0xCC, 0xB3, 0xC4, 0x92, 0xBC, 0x92, 0xBC,
    0x92, 0xBC, 0xB3, 0xC4, 0x71, 0xBC, 0x71, 0xBC, 0x10, 0xAC, 0x10, 0xAC, 0xEF, 0xA3, 0xF0, 0xA3,
    0xAF, 0x9B, 0xEF, 0xA3, 0x2F, 0xA4, 0x09, 0x73, 0xE6, 0x6A, 0x27, 0x6B, 0x07, 0x63, 0xA9, 0x7B,
    0x47, 0x6B, 0xC6, 0x52, 0xE7, 0x52, 0x07, 0x53, 0xA5, 0x42, 0xC6, 0x4A, 0x27, 0x53, 0x07, 0x4B,
    0x48, 0x53, 0x07, 0x4B, 0xE6, 0x4A, 0xE6, 0x42, 0xC6, 0x3A, 0xC5, 0x3A, 0x07, 0x4B, 0x06, 0x43,
    0xA5, 0x3A, 0xA6, 0x3A, 0xA6, 0x3A, 0xA6, 0x3A, 0xC6, 0x3A, 0xC6, 0x32, 0xA6, 0x32, 0xA6, 0x32,
    0xC6, 0x3A, 0xA6, 0x32, 0xA6, 0x32, 0xC6, 0x32, 0xC6, 0x3A, 0xC6, 0x3A, 0xE6, 0x3A, 0xE7, 0x3A,
    0x2A, 0x1A, 0x4A, 0x1A, 0x6B, 0x22, 0x6B, 0x2A, 0x6B, 0x2A, 0x6B, 0x2A, 0x6B, 0x22, 0x4A, 0x22,
    0x2A, 0x22, 0x6A, 0x32, 0x49, 0x2A, 0x8A, 0x32, 0x6A, 0x32, 0x29, 0x2A, 0x8A, 0x32, 0x4A, 0x32,
    0x4A, 0x32, 0x6A, 0x3A, 0x6A, 0x32, 0x29, 0x2A, 0x29, 0x2A, 0x29, 0x32, 0x6A, 0x3A, 0xAA, 0x42,
    0x29, 0x32, 0xE8, 0x31, 0xC7, 0x29, 0x45, 0x19, 0xE2, 0x10, 0x02, 0x19, 0x62, 0x21, 0x05, 0x2A,
    0xC8, 0x3A, 0x09, 0x43, 0x08, 0x43, 0x08, 0x4B, 0x49, 0x4B, 0x49, 0x53, 0x8A, 0x5B, 0xAA, 0x63,
    0xCB, 0x6B, 0x2C, 0x7C, 0xEB, 0x73, 0xEB, 0x7B, 0x0C, 0x7C, 0xEB, 0x7B, 0x0C, 0x7C, 0x2C, 0x84,
    0x2C, 0x84, 0x6C, 0x8C, 0x4C, 0x84, 0x0B, 0x84, 0xEB, 0x7B, 0x87, 0x52, 0xE1, 0x18, 0x01, 0x11,
    0x63, 0x21, 0x0B, 0x5B, 0xAE, 0x73, 0x8E, 0x73, 0x6E, 0x6B, 0x8E, 0x73, 0x8E, 0x6B, 0x6E, 0x6B,
    0xCF, 0x7B, 0x0A, 0x5B, 0x03, 0x32, 0xA4, 0x42, 0xE5, 0x4A, 0xC5, 0x42, 0x64, 0x3A, 0xA5, 0x3A,
    0xC6, 0x42, 0x84, 0x32, 0x44, 0x32, 0xA5, 0x3A, 0xE6, 0x42, 0x26, 0x4B, 0x47, 0x4B, 0x27, 0x4B,
    0xC6, 0x3A, 0xA6, 0x3A, 0x45, 0x32, 0x25, 0x32, 0xC4, 0x29, 0x85, 0x29, 0x03, 0x21, 0xE3, 0x18,
    0x64, 0x29, 0x46, 0x3A, 0xC7, 0x4A, 0xC6, 0x42, 0xA5, 0x3A, 0x06, 0x4B, 0x07, 0x4B, 0x26, 0x4B,
    0xE9, 0x6B, 0xE8, 0x6B, 0xC7, 0x6B, 0x09, 0x74, 0xA7, 0x63, 0xA7, 0x63, 0x29, 0x74, 0x29, 0x74,
    0x09, 0x6C, 0xE8, 0x6B, 0x29, 0x74, 0x29, 0x74, 0x29, 0x74, 0x49, 0x74, 0x08, 0x6C, 0x29, 0x74,
    0x6A, 0x7C, 0x29, 0x74, 0x49, 0x74, 0x49, 0x74, 0x08, 0x6C, 0x08, 0x6C, 0xA7, 0x63, 0x08, 0x74,
    0xAA, 0x8C, 0xCA, 0x8C, 0xEA, 0x94, 0x2B, 0xA5, 0xCA, 0x94, 0xCA, 0x94, 0xA9, 0x8C, 0x07, 0x74,
    0x69, 0x84, 0x48, 0x7C, 0x28, 0x7C, 0x69, 0x84, 0x69, 0x84, 0x89, 0x84, 0x8A, 0x84, 0x49, 0x7C,
    0xE7, 0x6B, 0x08, 0x74, 0x08, 0x74, 0x28, 0x7C, 0xA7, 0x6B, 0x66, 0x5B, 0xE5, 0x4A, 0x05, 0x4B,
    0x45, 0x53, 0x65, 0x5B, 0x86, 0x5B, 0x65, 0x53, 0xA6, 0x63, 0xE7, 0x6B, 0x08, 0x74, 0x28, 0x7C,
    0x28, 0x74, 0x27, 0x74, 0x47, 0x7C, 0x47, 0x7C, 0xE6, 0x6B, 0xC6, 0x63, 0x65, 0x5B, 0x45, 0x53,
    0x45, 0x5B, 0x66, 0x5B, 0x87, 0x63, 0x87, 0x5B, 0xC8, 0x63, 0xC7, 0x6B, 0xE7, 0x6B, 0x68, 0x7C,
    0x89, 0x84, 0x28, 0x7C, 0x68, 0x7C, 0x89, 0x84, 0x48, 0x7C, 0x27, 0x74, 0x49, 0x74, 0x07, 0x74,
    0x48, 0x7C, 0x68, 0x7C, 0xE6, 0x6B, 0xC6, 0x63, 0xE7, 0x6B, 0xC7, 0x63, 0xE8, 0x6B, 0xA7, 0x63,
    0x45, 0x53, 0x86, 0x63, 0x28, 0x74, 0x28, 0x74, 0x08, 0x6C, 0x69, 0x7C, 0x08, 0x6C, 0xA7, 0x63,
    0x87, 0x63, 0x87, 0x5B, 0x87, 0x5B, 0x28, 0x74, 0x49, 0x74, 0x49, 0x74, 0x28, 0x74, 0xE8, 0x6B,
    0xC7, 0x6B, 0x28, 0x74, 0x69, 0x84, 0x89, 0x84, 0xCA, 0x8C, 0x89, 0x84, 0xAA, 0x8C, 0xA9, 0x84,
    0x28, 0x7C, 0x48, 0x7C, 0x48, 0x7C, 0x48, 0x7C, 0x88, 0x84, 0xC9, 0x8C, 0xC9, 0x94, 0x28, 0x84,
    0x46, 0x63, 0xC9, 0x7B, 0xE9, 0x7B, 0xA5, 0x52, 0xC6, 0x52, 0xA7, 0x63, 0xA7, 0x63, 0xC7, 0x63,
    0x86, 0x5B, 0x65, 0x5B, 0xA6, 0x5B, 0xA6, 0x5B, 0xA6, 0x5B, 0xE7, 0x6B, 0x49, 0x7C, 0x69, 0x7C,
    0x28, 0x7C, 0x29, 0x7C, 0x49, 0x7C, 0x8A, 0x84, 0x49, 0x7C, 0xA7, 0x6B, 0xA4, 0x42, 0x43, 0x32,
    0xC2, 0x21, 0x41, 0x19, 0x81, 0x21, 0xE2, 0x29, 0x25, 0x53, 0xA7, 0x63, 0xA7, 0x63, 0x87, 0x5B,
    0x87, 0x5B, 0x87, 0x5B, 0xA7, 0x5B, 0x87, 0x5B, 0x65, 0x53, 0x66, 0x53, 0xA7, 0x5B, 0xA7, 0x5B,
    0xA7, 0x63, 0x66, 0x5B, 0x05, 0x4B, 0xAB, 0x7B, 0x53, 0xC5, 0x33, 0xCD, 0x13, 0xCD, 0xD2, 0xC4,
    0xD2, 0xC4, 0xB2, 0xC4, 0x92, 0xBC, 0xB2, 0xC4, 0xB2, 0xC4, 0x71, 0xBC, 0xB3, 0xC4, 0xB2, 0xC4,
    0x71, 0xBC, 0xB2, 0xC4, 0x92, 0xBC, 0x51, 0xB4, 0xF0, 0xAB, 0xF0, 0xA3, 0x10, 0xA4, 0xEF, 0xA3,
    0xAE, 0x93, 0xAF, 0x9B, 0xCE, 0x9B, 0x2A, 0x7B, 0xE3, 0x49, 0x44, 0x52, 0x85, 0x52, 0x68, 0x73,
    0x48, 0x6B, 0x65, 0x4A, 0xC7, 0x52, 0x28, 0x5B, 0xA6, 0x42, 0x85, 0x42, 0xE6, 0x4A, 0x07, 0x4B,
    0xE6, 0x42, 0x06, 0x4B, 0x27, 0x4B, 0xE6, 0x42, 0x85, 0x3A, 0xC6, 0x3A, 0xE6, 0x42, 0xC6, 0x3A,
    0xE6, 0x42, 0xC6, 0x3A, 0xA5, 0x3A, 0xC6, 0x3A, 0xC6, 0x3A, 0xE6, 0x3A, 0xA6, 0x32, 0xA6, 0x32,
    0xC6, 0x32, 0x86, 0x32, 0xE7, 0x3A, 0xE7, 0x3A, 0xA6, 0x32, 0x85, 0x32, 0xA5, 0x32, 0xC6, 0x32,
    0x2A, 0x1A, 0x6B, 0x22, 0x6B, 0x2A, 0x6B, 0x2A, 0x6B, 0x2A, 0x4A, 0x22, 0x2A, 0x22, 0x4A, 0x22,
    0x4A, 0x22, 0x6A, 0x32, 0x8A, 0x32, 0x6A, 0x32, 0x4A, 0x32, 0x29, 0x2A, 0x29, 0x22, 0x49, 0x2A,
    0x6A, 0x32, 0x4A, 0x32, 0x29, 0x2A, 0x29, 0x2A, 0x29, 0x2A, 0x29, 0x32, 0x29, 0x32, 0x8A, 0x3A,
    0x69, 0x3A, 0xE7, 0x29, 0x65, 0x21, 0xC2, 0x10, 0x02, 0x11, 0x63, 0x21, 0x83, 0x21, 0x04, 0x2A,
    0xA7, 0x3A, 0x09, 0x43, 0xE8, 0x42, 0x08, 0x43, 0x69, 0x53, 0x28, 0x4B, 0x49, 0x53, 0x69, 0x53,
    0xAA, 0x63, 0xAA, 0x63, 0x28, 0x5B, 0x28, 0x5B, 0xAA, 0x6B, 0xCA, 0x73, 0xCB, 0x73, 0x2C, 0x84,
    0x2C, 0x84, 0x4C, 0x84, 0xEB, 0x7B, 0xCB, 0x7B, 0xEB, 0x7B, 0x66, 0x4A, 0xA3, 0x29, 0xA3, 0x29,
    0xE5, 0x31, 0xA9, 0x52, 0x0C, 0x63, 0x4D, 0x6B, 0x0C, 0x63, 0x0C, 0x63, 0x6E, 0x6B, 0x6E, 0x6B,
    0x6E, 0x73, 0x09, 0x5B, 0x85, 0x42, 0x05, 0x53, 0x05, 0x4B, 0xE5, 0x42, 0xE6, 0x4A, 0x06, 0x4B,
    0x06, 0x4B, 0x47, 0x4B, 0xE6, 0x42, 0xC5, 0x3A, 0xA5, 0x3A, 0xE5, 0x42, 0x47, 0x4B, 0x68, 0x53,
    0x27, 0x4B, 0xE6, 0x42, 0x65, 0x32, 0x85, 0x32, 0xE7, 0x4A, 0xE8, 0x52, 0xC5, 0x31, 0xA5, 0x29,
    0x26, 0x3A, 0x86, 0x3A, 0xC6, 0x42, 0x06, 0x43, 0x06, 0x4B, 0x67, 0x53, 0x88, 0x5B, 0x27, 0x53,
    0x87, 0x5B, 0x86, 0x5B, 0xE8, 0x6B, 0x29, 0x74, 0xC8, 0x6B, 0xC8, 0x6B, 0x49, 0x74, 0x29, 0x74,
    0xC8, 0x6B, 0xC8, 0x63, 0x29, 0x74, 0x49, 0x74, 0x49, 0x74, 0x29, 0x74, 0x08, 0x6C, 0x09, 0x6C,
    0xC8, 0x63, 0x87, 0x5B, 0xE8, 0x6B, 0x49, 0x7C, 0x49, 0x7C, 0x08, 0x74, 0xE7, 0x6B, 0x8A, 0x84,
    0x8A, 0x8C, 0x89, 0x8C, 0xEA, 0x94, 0x0B, 0x9D, 0x0B, 0x9D, 0xEB, 0x94, 0x89, 0x84, 0xA9, 0x84,
    0xEA, 0x8C, 0xCA, 0x8C, 0xCA, 0x8C, 0xAA, 0x8C, 0x89, 0x84, 0x28, 0x74, 0x08, 0x74, 0x29, 0x7C,
    0xE8, 0x6B, 0x08, 0x74, 0x49, 0x7C, 0x6A, 0x84, 0xA7, 0x63, 0x05, 0x4B, 0x26, 0x53, 0xC8, 0x63,
    0xC7, 0x6B, 0x28, 0x74, 0xA7, 0x63, 0x45, 0x53, 0xA6, 0x63, 0xE7, 0x6B, 0x48, 0x7C, 0x69, 0x7C,
    0x07, 0x74, 0x68, 0x84, 0xA9, 0x8C, 0x68, 0x84, 0xC6, 0x6B, 0xC6, 0x63, 0xE7, 0x63, 0xA6, 0x63,
    0x65, 0x5B, 0x86, 0x5B, 0x67, 0x5B, 0x67, 0x5B, 0x67, 0x5B, 0xE7, 0x6B, 0x89, 0x84, 0xA9, 0x8C,
    0xA9, 0x8C, 0x89, 0x84, 0xA9, 0x84, 0xAA, 0x84, 0x89, 0x84, 0x08, 0x74, 0x08, 0x74, 0xE7, 0x6B,
    0x89, 0x84, 0x89, 0x84, 0xC6, 0x63, 0xE7, 0x6B, 0xE7, 0x63, 0xA7, 0x63, 0xE8, 0x6B, 0xE8, 0x6B,
    0xA7, 0x63, 0x08, 0x74, 0x49, 0x7C, 0x69, 0x7C, 0x69, 0x7C, 0x08, 0x74, 0x08, 0x6C, 0x45, 0x53,
    0x26, 0x53, 0xE8, 0x6B, 0x09, 0x74, 0x69, 0x7C, 0x49, 0x7C, 0xE8, 0x6B, 0x86, 0x5B, 0x09, 0x6C,
    0x29, 0x74, 0x8A, 0x84, 0xEB, 0x94, 0xEA, 0x94, 0xCA, 0x8C, 0xCA, 0x8C, 0xCA, 0x8C, 0xCA, 0x8C,
    0xEB, 0x94, 0xCA, 0x8C, 0x89, 0x84, 0x89, 0x84, 0xCA, 0x8C, 0xEA, 0x94, 0x89, 0x84, 0x89, 0x84,
    0xCB, 0x94, 0xAA, 0x8C, 0x69, 0x84, 0x29, 0x7C, 0x09, 0x7C, 0x49, 0x7C, 0x48, 0x74, 0x48, 0x74,
    0x28, 0x74, 0x07, 0x6C, 0x07, 0x6C, 0x07, 0x6C, 0x28, 0x74, 0x28, 0x74, 0x69, 0x7C, 0x89, 0x84,
    0x69, 0x84, 0x89, 0x84, 0x8A, 0x84, 0xA9, 0x8C, 0xCA, 0x8C, 0x69, 0x7C, 0xA6, 0x63, 0x26, 0x53,
    0x47, 0x53, 0x06, 0x53, 0x47, 0x5B, 0x26, 0x53, 0x86, 0x5B, 0xE7, 0x6B, 0x86, 0x5B, 0x66, 0x53,
    0xC8, 0x63, 0xE8, 0x63, 0xE8, 0x6B, 0xE8, 0x6B, 0x08, 0x6C, 0x08, 0x6C, 0x29, 0x6C, 0xE8, 0x6B,
    0xA7, 0x63, 0xA7, 0x63, 0x87, 0x5B, 0x0C, 0x8C, 0x33, 0xC5, 0x33, 0xC5, 0x13, 0xC5, 0xB2, 0xBC,
    0x92, 0xC4, 0xB2, 0xC4, 0xB2, 0xC4, 0x92, 0xC4, 0x72, 0xBC, 0x92, 0xC4, 0x72, 0xBC, 0x31, 0xB4,
    0x51, 0xB4, 0x72, 0xBC, 0x51, 0xB4, 0xF0, 0xAB, 0xEF, 0xA3, 0x10, 0xAC, 0xEF, 0xA3, 0xAE, 0x9B,
    0xAF, 0x9B, 0xCF, 0x9B, 0x8D, 0x93, 0x8B, 0x83, 0x45, 0x52, 0xA2, 0x39, 0xE3, 0x39, 0xA6, 0x5A,
    0xE6, 0x5A, 0x44, 0x42, 0x65, 0x42, 0xA6, 0x4A, 0x65, 0x42, 0x84, 0x3A, 0xA5, 0x42, 0x84, 0x3A,
    0xC5, 0x3A, 0xE6, 0x42, 0xE5, 0x42, 0xC5, 0x3A, 0xC5, 0x3A, 0x06, 0x43, 0xC6, 0x42, 0xC5, 0x3A,
    0xC6, 0x42, 0xA5, 0x3A, 0xC6, 0x3A, 0xC6, 0x3A, 0xA5, 0x32, 0xC6, 0x32, 0xC6, 0x32, 0xC6, 0x3A,
    0xC6, 0x32, 0xC6, 0x32, 0xE7, 0x3A, 0xC6, 0x32, 0xC6, 0x32, 0xA5, 0x32, 0xC6, 0x32, 0xE6, 0x3A,
};

const lv_image_dsc_t buddy_bg_day = {
    .header = {
        .magic = LV_IMAGE_HEADER_MAGIC,
        .cf = LV_COLOR_FORMAT_RGB565,
        .flags = 0,
        .w = 320,
        .h = 240,
        .stride = 640,
        .reserved_2 = 0,
    },
    .data_size = sizeof(buddy_bg_day_map),
    .data = buddy_bg_day_map,
    .reserved = NULL,
};
