#include "lvgl.h"

#ifndef LV_ATTRIBUTE_MEM_ALIGN
#define LV_ATTRIBUTE_MEM_ALIGN
#endif

const LV_ATTRIBUTE_MEM_ALIGN uint8_t buddy_bg_tutor_map[] = {
    0xD3, 0xA2, 0xD3, 0xA2, 0xD3, 0xA2, 0xD3, 0xA2, 0xD3, 0xA2, 0xD3, 0xA2, 0xD3, 0xA2, 0xD3, 0xA2,
    0xD3, 0xA2, 0xD3, 0xA2, 0xD3, 0xA2, 0xD3, 0xA2, 0xD3, 0xA2, 0xD3, 0xA2, 0xD3, 0xA2, 0xD3, 0xA2,
    0xD3, 0xA2, 0xD3, 0xA2, 0xD3, 0xA2, 0xD3, 0xA2, 0xD3, 0xA2, 0xD3, 0xA2, 0xD3, 0xA2, 0xD3, 0xA2,
    0xD3, 0xA2, 0xD3, 0xA2, 0xD3, 0xA2, 0xD3, 0xA2, 0xD3, 0xA2, 0xD3, 0xA2, 0xD3, 0xA2, 0xD3, 0xA2,
    0xD3, 0xA2, 0xD3, 0xA2, 0xD3, 0xA2, 0xD3, 0xA2, 0xD3, 0xA2, 0xD3, 0xA2, 0xD3, 0xA2, 0xD3, 0xA2,
    0xD3, 0xA2, 0xD3, 0xA2, 0xD3, 0xA2, 0xD3, 0xA2, 0xD3, 0xA2, 0xD3, 0xA2, 0xD3, 0xA2, 0xD3, 0xA2,
    0xD3, 0xA2, 0xD3, 0xA2, 0xD3, 0xA2, 0xD3, 0xA2, 0xD3, 0xA2, 0xD3, 0xA2, 0xD3, 0xA2, 0xD3, 0xA2,
    0xD3, 0xA2, 0xD3, 0xA2, 0xD3, 0xA2, 0xD3, 0xA2, 0xD3, 0xA2, 0xD3, 0xA2, 0xD3, 0xA2, 0xD3, 0xA2,
    0xD3, 0xA2, 0xD3, 0xA2, 0xD3, 0xA2, 0xD3, 0xA2, 0xD3, 0xA2, 0xD3, 0xA2, 0xD3, 0xA2, 0xD3, 0xA2,
    0xD3, 0xA2, 0xD3, 0xA2, 0xD3, 0xA2, 0xD3, 0xA2, 0xD3, 0xA2, 0xD3, 0xA2, 0xD3, 0xA2, 0xD3, 0xA2,
    0xD3, 0xA2, 0xD3, 0xA2, 0xD3, 0xA2, 0xD3, 0xA2, 0xD3, 0xA2, 0xD3, 0xA2, 0xD3, 0xA2, 0xD3, 0xA2,
    0xD3, 0xA2, 0xD3, 0xA2, 0xD3, 0xA2, 0xD3, 0xA2, 0xD3, 0xA2, 0xD3, 0xA2, 0xD3, 0xA2, 0xD3, 0xA2,
    0xD3, 0xA2, 0xD3, 0xA2, 0xD3, 0xA2, 0xD3, 0xA2, 0xD3, 0xA2, 0xD3, 0xA2, 0xD3, 0xA2, 0xD3, 0xA2,
    0xD3, 0xA2, 0xD3, 0xA2, 0xD3, 0xA2, 0xD3, 0xA2, 0xD3, 0xA2, 0xD3, 0xA2, 0xD3, 0xA2, 0xD3, 0xA2,
    0xD3, 0xA2, 0xD3, 0xA2, 0xD3, 0xA2, 0xD3, 0xA2, 0xD3, 0xA2, 0xD3, 0xA2, 0xD3, 0xA2, 0xD3, 0xA2,
    0xD3, 0xA2, 0xD3, 0xA2, 0xD3, 0xA2, 0xD3, 0xA2, 0xD3, 0xA2, 0xD3, 0xA2, 0xD3, 0xA2, 0xD3, 0xA2,
    0xD3, 0xA2, 0xD3, 0xA2, 0xD3, 0xA2, 0xD3, 0xA2, 0xD3, 0xA2, 0xD3, 0xA2, 0xD3, 0xA2, 0xD3, 0xA2,
    0xD3, 0xA2, 0xD3, 0xA2, 0xD3, 0xA2, 0xD3, 0xA2, 0xD3, 0xA2, 0xD3, 0xA2, 0xD3, 0xA2, 0xD3, 0xA2,
    0xD3, 0xA2, 0xD3, 0xA2, 0xD3, 0xA2, 0xD3, 0xA2, 0xD3, 0xA2, 0xD3, 0xA2, 0xD3, 0xA2, 0xD3, 0xA2,
    0xD3, 0xA2, 0xD3, 0xA2, 0xD3, 0xA2, 0xD3, 0xA2, 0xD3, 0xA2, 0xD3, 0xA2, 0xD3, 0xA2, 0xD3, 0xA2,
    0xD3, 0xA2, 0xD3, 0xA2, 0xD3, 0xA2, 0xD3, 0xA2, 0xD3, 0xA2, 0xD3, 0xA2, 0xD3, 0xA2, 0xD3, 0xA2,
    0xD3, 0xA2, 0xD3, 0xA2, 0xD3, 0xA2, 0xD3, 0xA2, 0xD3, 0xA2, 0xD3, 0xA2, 0xD3, 0xA2, 0xD3, 0xA2,
    0xD3, 0xA2, 0xD3, 0xA2, 0xD3, 0xA2, 0xD3, 0xA2, 0xD3, 0xA2, 0xD3, 0xA2, 0xD3, 0xA2, 0xD3, 0xA2,
    0xD3, 0xA2, 0xD3, 0xA2, 0xD3, 0xA2, 0xD3, 0xA2, 0xD3, 0xA2, 0xD3, 0xA2, 0xD3, 0xA2, 0xD3, 0xA2,
    0xD3, 0xA2, 0xD3, 0xA2, 0xD3, 0xA2, 0xD3, 0xA2, 0xD3, 0xA2, 0xD3, 0xA2, 0xD3, 0xA2, 0xD3, 0xA2,
    0xD3, 0xA2, 0xD3, 0xA2, 0xD3, 0xA2, 0xD3, 0xA2, 0xD3, 0xA2, 0xD3, 0xA2, 0xD3, 0xA2, 0xD3, 0xA2,
    0xD3, 0xA2, 0xD3, 0xA2, 0xD3, 0xA2, 0xD3, 0xA2, 0xD3, 0xA2, 0xD3, 0xA2, 0xD3, 0xA2, 0xD3, 0xA2,
    0xD3, 0xA2, 0xD3, 0xA2, 0xD3, 0xA2, 0xD3, 0xA2, 0xD3, 0xA2, 0xD3, 0xA2, 0xD3, 0xA2, 0xD3, 0xA2,
    0xD3, 0xA2, 0xD3, 0xA2, 0xD3, 0xA2, 0xD3, 0xA2, 0xD3, 0xA2, 0xD3, 0xA2, 0xD3, 0xA2, 0xD3, 0xA2,
    0xD3, 0xA2, 0xD3, 0xA2, 0xD3, 0xA2, 0xD3, 0xA2, 0xD3, 0xA2, 0xD3, 0xA2, 0xD3, 0xA2, 0xD3, 0xA2,
    0xD3, 0xA2, 0xD3, 0xA2, 0xD3, 0xA2, 0xD3, 0xA2, 0xD3, 0xA2, 0xD3, 0xA2, 0xD3, 0xA2, 0xD3, 0xA2,
    0xD3, 0xA2, 0xD3, 0xA2, 0xD3, 0xA2, 0xD3, 0xA2, 0xD3, 0xA2, 0xD3, 0xA2, 0xD3, 0xA2, 0xD3, 0xA2,
    0xD3, 0xA2, 0xD3, 0xA2, 0xD3, 0xA2, 0xD3, 0xA2, 0xD3, 0xA2, 0xD3, 0xA2, 0xD3, 0xA2, 0xD3, 0xA2,
    0xD3, 0xA2, 0xD3, 0xA2, 0xD3, 0xA2, 0xD3, 0xA2, 0xD3, 0xA2, 0xD3, 0xA2, 0xD3, 0xA2, 0xD3, 0xA2,
    0xD3, 0xA2, 0xD3, 0xA2, 0xD3, 0xA2, 0xD3, 0xA2, 0xD3, 0xA2, 0xD3, 0xA2, 0xD3, 0xA2, 0xD3, 0xA2,
    0xD3, 0xA2, 0xD3, 0xA2, 0xD3, 0xA2, 0xD3, 0xA2, 0xD3, 0xA2, 0xD3, 0xA2, 0xD3, 0xA2, 0xD3, 0xA2,
    0xD3, 0xA2, 0xD3, 0xA2, 0xD3, 0xA2, 0xD3, 0xA2, 0xD3, 0xA2, 0xD3, 0xA2, 0xD3, 0xA2, 0xD3, 0xA2,
    0xD3, 0xA2, 0xD3, 0xA2, 0xD3, 0xA2, 0xD3, 0xA2, 0xD3, 0xA2, 0xD3, 0xA2, 0xD3, 0xA2, 0xD3, 0xA2,
    0xD3, 0xA2, 0xD3, 0xA2, 0xD3, 0xA2, 0xD3, 0xA2, 0xD3, 0xA2, 0xD3, 0xA2, 0xD3, 0xA2, 0xD3, 0xA2,
    0xD3, 0xA2, 0xD3, 0xA2, 0xD3, 0xA2, 0xD3, 0xA2, 0xD3, 0xA2, 0xD3, 0xA2, 0xD3, 0xA2, 0xD3, 0xA2,
    0xD3, 0xA2, 0xD3, 0xA2, 0xD3, 0xA2, 0xD3, 0xA2, 0xD3, 0xA2, 0xD3, 0xA2, 0xD3, 0xA2, 0xD3, 0xA2,
    0xD3, 0xA2, 0xD3, 0xA2, 0xD3, 0xA2, 0xD3, 0xA2, 0xD3, 0xA2, 0xD3, 0xA2, 0xD3, 0xA2, 0xD3, 0xA2,
    0xD3, 0xA2, 0xD3, 0xA2, 0xD3, 0xA2, 0xD3, 0xA2, 0xD3, 0xA2, 0xD3, 0xA2, 0xD3, 0xA2, 0xD3, 0xA2,
    0xD3, 0xA2, 0xD3, 0xA2, 0xD3, 0xA2, 0xD3, 0xA2, 0xD3, 0xA2, 0xD3, 0xA2, 0xD3, 0xA2, 0xD3, 0xA2,
    0xD3, 0xA2, 0xD3, 0xA2, 0xD3, 0xA2, 0xD3, 0xA2, 0xD3, 0xA2, 0xD3, 0xA2, 0xD3, 0xA2, 0xD3, 0xA2,
    0xD3, 0xA2, 0xD3, 0xA2, 0xD3, 0xA2, 0xD3, 0xA2, 0xD3, 0xA2, 0xD3, 0xA2, 0xD3, 0xA2, 0xD3, 0xA2,
    0xD3, 0xA2, 0xD3, 0xA2, 0xD3, 0xA2, 0xD3, 0xA2, 0xD3, 0xA2, 0xD3, 0xA2, 0xD3, 0xA2, 0xD3, 0xA2,
    0xD3, 0xA2, 0xD3, 0xA2, 0xD3, 0xA2, 0xD3, 0xA2, 0xD3, 0xA2, 0xD3, 0xA2, 0xD3, 0xA2, 0xD3, 0xA2,
    0xD3, 0xA2, 0xD3, 0xA2, 0xD3, 0xA2, 0xD3, 0xA2, 0xD3, 0xA2, 0xD3, 0xA2, 0xD3, 0xA2, 0xD3, 0xA2,
    0xD3, 0xA2, 0xD3, 0xA2, 0xD3, 0xA2, 0xD3, 0xA2, 0xD3, 0xA2, 0xD3, 0xA2, 0xD3, 0xA2, 0xD3, 0xA2,
    0xD3, 0xA2, 0xD3, 0xA2, 0xD3, 0xA2, 0xD3, 0xA2, 0xD3, 0xA2, 0xD3, 0xA2, 0xD3, 0xA2, 0xD3, 0xA2,
    0xD3, 0xA2, 0xD3, 0xA2, 0xD3, 0xA2, 0xD3, 0xA2, 0xD3, 0xA2, 0xD3, 0xA2, 0xD3, 0xA2, 0xD3, 0xA2,
    0xD3, 0xA2, 0xD3, 0xA2, 0xD3, 0xA2, 0xD3, 0xA2, 0xD3, 0xA2, 0xD3, 0xA2, 0xD3, 0xA2, 0xD3, 0xA2,
    0xD3, 0xA2, 0xD3, 0xA2, 0xD3, 0xA2, 0xD3, 0xA2, 0xD3, 0xA2, 0xD3, 0xA2, 0xD3, 0xA2, 0xD3, 0xA2,
    0xD3, 0xA2, 0xD3, 0xA2, 0xD3, 0xA2, 0xD3, 0xA2, 0xD3, 0xA2, 0xD3, 0xA2, 0xD3, 0xA2, 0xD3, 0xA2,
    0xD3, 0xA2, 0xD3, 0xA2, 0xD3, 0xA2, 0xD3, 0xA2, 0xD3, 0xA2, 0xD3, 0xA2, 0xD3, 0xA2, 0xD3, 0xA2,
    0xD3, 0xA2, 0xD3, 0xA2, 0xD3, 0xA2, 0xD3, 0xA2, 0xD3, 0xA2, 0xD3, 0xA2, 0xD3, 0xA2, 0xD3, 0xA2,
    0xD3, 0xA2, 0xD3, 0xA2, 0xD3, 0xA2, 0xD3, 0xA2, 0xD3, 0xA2, 0xD3, 0xA2, 0xD3, 0xA2, 0xD3, 0xA2,
    0xD3, 0xA2, 0xD3, 0xA2, 0xD3, 0xA2, 0xD3, 0xA2, 0xD3, 0xA2, 0xD3, 0xA2, 0xD3, 0xA2, 0xD3, 0xA2,
    0xD3, 0xA2, 0xD3, 0xA2, 0xD3, 0xA2, 0xD3, 0xA2, 0xD3, 0xA2, 0xD3, 0xA2, 0xD3, 0xA2, 0xD3, 0xA2,
    0xD3, 0xA2, 0xD3, 0xA2, 0xD3, 0xA2, 0xD3, 0xA2, 0xD3, 0xA2, 0xD3, 0xA2, 0xD3, 0xA2, 0xD3, 0xA2,
    0xD3, 0xA2, 0xD3, 0xA2, 0xD3, 0xA2, 0xD3, 0xA2, 0xD3, 0xA2, 0xD3, 0xA2, 0xD3, 0xA2, 0xD3, 0xA2,
    0xD3, 0xA2, 0xD3, 0xA2, 0xD3, 0xA2, 0xD3, 0xA2, 0xD3, 0xA2, 0xD3, 0xA2, 0xD3, 0xA2, 0xD3, 0xA2,
    0xD3, 0xA2, 0xD3, 0xA2, 0xD3, 0xA2, 0xD3, 0xA2, 0xD3, 0xA2, 0xD3, 0xA2, 0xD3, 0xA2, 0xD3, 0xA2,
    0xD3, 0xA2, 0xD3, 0xA2, 0xD3, 0xA2, 0xD3, 0xA2, 0xD3, 0xA2, 0xD3, 0xA2, 0xD3, 0xA2, 0xD3, 0xA2,
    0xD3, 0xA2, 0xD3, 0xA2, 0xD3, 0xA2, 0xD3, 0xA2, 0xD3, 0xA2, 0xD3, 0xA2, 0xD3, 0xA2, 0xD3, 0xA2,
    0xD3, 0xA2, 0xD3, 0xA2, 0xD3, 0xA2, 0xD3, 0xA2, 0xD3, 0xA2, 0xD3, 0xA2, 0xD3, 0xA2, 0xD3, 0xA2,
    0xD3, 0xA2, 0xD3, 0xA2, 0xD3, 0xA2, 0xD3, 0xA2, 0xD3, 0xA2, 0xD3, 0xA2, 0xD3, 0xA2, 0xD3, 0xA2,
    0xD3, 0xA2, 0xD3, 0xA2, 0xD3, 0xA2, 0xD3, 0xA2, 0xD3, 0xA2, 0xD3, 0xA2, 0xD3, 0xA2, 0xD3, 0xA2,
    0xD3, 0xA2, 0xD3, 0xA2, 0xD3, 0xA2, 0xD3, 0xA2, 0xD3, 0xA2, 0xD3, 0xA2, 0xD3, 0xA2, 0xD3, 0xA2,
    0xD3, 0xA2, 0xD3, 0xA2, 0xD3, 0xA2, 0xD3, 0xA2, 0xD3, 0xA2, 0xD3, 0xA2, 0xD3, 0xA2, 0xD3, 0xA2,
    0xD3, 0xA2, 0xD3, 0xA2, 0xD3, 0xA2, 0xD3, 0xA2, 0xD3, 0xA2, 0xD3, 0xA2, 0xD3, 0xA2, 0xD3, 0xA2,
    0xD3, 0xA2, 0xD3, 0xA2, 0xD3, 0xA2, 0xD3, 0xA2, 0xD3, 0xA2, 0xD3, 0xA2, 0xD3, 0xA2, 0xD3, 0xA2,
    0xD3, 0xA2, 0xD3, 0xA2, 0xD3, 0xA2, 0xD3, 0xA2, 0xD3, 0xA2, 0xD3, 0xA2, 0xD3, 0xA2, 0xD3, 0xA2,
    0xD3, 0xA2, 0xD3, 0xA2, 0xD3, 0xA2, 0xD3, 0xA2, 0xD3, 0xA2, 0xD3, 0xA2, 0xD3, 0xA2, 0xD3, 0xA2,
    0xD3, 0xA2, 0xD3, 0xA2, 0xD3, 0xA2, 0xD3, 0xA2, 0xD3, 0xA2, 0xD3, 0xA2, 0xD3, 0xA2, 0xD3, 0xA2,
    0xD3, 0xA2, 0xD3, 0xA2, 0xD3, 0xA2, 0xD3, 0xA2, 0xD3, 0xA2, 0xD3, 0xA2, 0xD3, 0xA2, 0xD3, 0xA2,
    0xD3, 0xA2, 0xD3, 0xA2, 0xD3, 0xA2, 0xD3, 0xA2, 0xD3, 0xA2, 0xD3, 0xA2, 0xD3, 0xA2, 0xD3, 0xA2,
    0xD3, 0xA2, 0xD3, 0xA2, 0xD3, 0xA2, 0xD3, 0xA2, 0xD3, 0xA2, 0xD3, 0xA2, 0xD3, 0xA2, 0xD3, 0xA2,
    0xD3, 0xA2, 0xD3, 0xA2, 0xD3, 0xA2, 0xD3, 0xA2, 0xD3, 0xA2, 0xD3, 0xA2, 0xD3, 0xA2, 0xD3, 0xA2,
    0xD3, 0xA2, 0xD3, 0xA2, 0xD3, 0xA2, 0xD3, 0xA2, 0xD3, 0xA2, 0xD3, 0xA2, 0xD3, 0xA2, 0xD3, 0xA2,
    0xD3, 0xA2, 0xD3, 0xA2, 0xD3, 0xA2, 0xD3, 0xA2, 0xD3, 0xA2, 0xD3, 0xA2, 0xD3, 0xA2, 0xD3, 0xA2,
    0xD3, 0xA2, 0xD3, 0xA2, 0xD3, 0xA2, 0xD3, 0xA2, 0xD3, 0xA2, 0xD3, 0xA2, 0xD3, 0xA2, 0xD3, 0xA2,
    0xD3, 0xA2, 0xD3, 0xA2, 0xD3, 0xA2, 0xD3, 0xA2, 0xD3, 0xA2, 0xD3, 0xA2, 0xD3, 0xA2, 0xD3, 0xA2,
    0xD3, 0xA2, 0xD3, 0xA2, 0xD3, 0xA2, 0xD3, 0xA2, 0xD3, 0xA2, 0xD3, 0xA2, 0xD3, 0xA2, 0xD3, 0xA2,
    0xD3, 0xA2, 0xD3, 0xA2, 0xD3, 0xA2, 0xD3, 0xA2, 0xD3, 0xA2, 0xD3, 0xA2, 0xD3, 0xA2, 0xD3, 0xA2,
    0xD3, 0xA2, 0xD3, 0xA2, 0xD3, 0xA2, 0xD3, 0xA2, 0xD3, 0xA2, 0xD3, 0xA2, 0xD3, 0xA2, 0xD3, 0xA2,
    0xD3, 0xA2, 0xD3, 0xA2, 0xD3, 0xA2, 0xD3, 0xA2, 0xD3, 0xA2, 0xD3, 0xA2, 0xD3, 0xA2, 0xD3, 0xA2,
    0xD3, 0xA2, 0xD3, 0xA2, 0xD3, 0xA2, 0xD3, 0xA2, 0xD3, 0xA2, 0xD3, 0xA2, 0xD3, 0xA2, 0xD3, 0xA2,
    0xD3, 0xA2, 0xD3, 0xA2, 0xD3, 0xA2, 0xD3, 0xA2, 0xD3, 0xA2, 0xD3, 0xA2, 0xD3, 0xA2, 0xD3, 0xA2,
    0xD3, 0xA2, 0xD3, 0xA2, 0xD3, 0xA2, 0xD3, 0xA2, 0xD3, 0xA2, 0xD3, 0xA2, 0xD3, 0xA2, 0xD3, 0xA2,
    0xD3, 0xA2, 0xD3, 0xA2, 0xD3, 0xA2, 0xD3, 0xA2, 0xD3, 0xA2, 0xD3, 0xA2, 0xD3, 0xA2, 0xD3, 0xA2,
    0xD3, 0xA2, 0xD3, 0xA2, 0xD3, 0xA2, 0xD3, 0xA2, 0xD3, 0xA2, 0xD3, 0xA2, 0xD3, 0xA2, 0xD3, 0xA2,
    0xD3, 0xA2, 0xD3, 0xA2, 0xD3, 0xA2, 0xD3, 0xA2, 0xD3, 0xA2, 0xD3, 0xA2, 0xD3, 0xA2, 0xD3, 0xA2,
    0xD3, 0xA2, 0xD3, 0xA2, 0xD3, 0xA2, 0xD3, 0xA2, 0xD3, 0xA2, 0xD3, 0xA2, 0xD3, 0xA2, 0xD3, 0xA2,
    0xD3, 0xA2, 0xD3, 0xA2, 0xD3, 0xA2, 0xD3, 0xA2, 0xD3, 0xA2, 0xD3, 0xA2, 0xD3, 0xA2, 0xD3, 0xA2,
    0xD3, 0xA2, 0xD3, 0xA2, 0xD3, 0xA2, 0xD3, 0xA2, 0xD3, 0xA2, 0xD3, 0xA2, 0xD3, 0xA2, 0xD3, 0xA2,
    0xD3, 0xA2, 0xD3, 0xA2, 0xD3, 0xA2, 0xD3, 0xA2, 0xD3, 0xA2, 0xD3, 0xA2, 0xD3, 0xA2, 0xD3, 0xA2,
    0xD3, 0xA2, 0xD3, 0xA2, 0xD3, 0xA2, 0xD3, 0xA2, 0xD3, 0xA2, 0xD3, 0xA2, 0xD3, 0xA2, 0xD3, 0xA2,
    0xD3, 0xA2, 0xD3, 0xA2, 0xD3, 0xA2, 0xD3, 0xA2, 0xD3, 0xA2, 0xD3, 0xA2, 0xD3, 0xA2, 0xD3, 0xA2,
    0xD3, 0xA2, 0xD3, 0xA2, 0xD3, 0xA2, 0xD3, 0xA2, 0xD3, 0xA2, 0xD3, 0xA2, 0xD3, 0xA2, 0xD3, 0xA2,
    0xD3, 0xA2, 0xD3, 0xA2, 0xD3, 0xA2, 0xD3, 0xA2, 0xD3, 0xA2, 0xD3, 0xA2, 0xD3, 0xA2, 0xD3, 0xA2,
    0xD3, 0xA2, 0xD3, 0xA2, 0xD3, 0xA2, 0xD3, 0xA2, 0xD3, 0xA2, 0xD3, 0xA2, 0xD3, 0xA2, 0xD3, 0xA2,
    0xD3, 0xA2, 0xD3, 0xA2, 0xD3, 0xA2, 0xD3, 0xA2, 0xD3, 0xA2, 0xD3, 0xA2, 0xD3, 0xA2, 0xD3, 0xA2,
    0xD3, 0xA2, 0xD3, 0xA2, 0xD3, 0xA2, 0xD3, 0xA2, 0xD3, 0xA2, 0xD3, 0xA2, 0xD3, 0xA2, 0xD3, 0xA2,
    0xD3, 0xA2, 0xD3, 0xA2, 0xD3, 0xA2, 0xD3, 0xA2, 0xD3, 0xA2, 0xD3, 0xA2, 0xD3, 0xA2, 0xD3, 0xA2,
    0xD3, 0xA2, 0xD3, 0xA2, 0xD3, 0xA2, 0xD3, 0xA2, 0xD3, 0xA2, 0xD3, 0xA2, 0xD3, 0xA2, 0xD3, 0xA2,
    0xD3, 0xA2, 0xD3, 0xA2, 0xD3, 0xA2, 0xD3, 0xA2, 0xD3, 0xA2, 0xD3, 0xA2, 0xD3, 0xA2, 0xD3, 0xA2,
    0xD3, 0xA2, 0xD3, 0xA2, 0xD3, 0xA2, 0xD3, 0xA2, 0xD3, 0xA2, 0xD3, 0xA2, 0xD3, 0xA2, 0xD3, 0xA2,
    0xD3, 0xA2, 0xD3, 0xA2, 0xD3, 0xA2, 0xD3, 0xA2, 0xD3, 0xA2, 0xD3, 0xA2, 0xD3, 0xA2, 0xD3, 0xA2,
    0xD3, 0xA2, 0xD3, 0xA2, 0xD3, 0xA2, 0xD3, 0xA2, 0xD3, 0xA2, 0xD3, 0xA2, 0xD3, 0xA2, 0xD3, 0xA2,
    0xD3, 0xA2, 0xD3, 0xA2, 0xD3, 0xA2, 0xD3, 0xA2, 0xD3, 0xA2, 0xD3, 0xA2, 0xD3, 0xA2, 0xD3, 0xA2,
    0xD3, 0xA2, 0xD3, 0xA2, 0xD3, 0xA2, 0xD3, 0xA2, 0xD3, 0xA2, 0xD3, 0xA2, 0xD3, 0xA2, 0xD3, 0xA2,
    0xD3, 0xA2, 0xD3, 0xA2, 0xD3, 0xA2, 0xD3, 0xA2, 0xD3, 0xA2, 0xD3, 0xA2, 0xD3, 0xA2, 0xD3, 0xA2,
    0xD3, 0xA2, 0xD3, 0xA2, 0xD3, 0xA2, 0xD3, 0xA2, 0xD3, 0xA2, 0xD3, 0xA2, 0xD3, 0xA2, 0xD3, 0xA2,
    0xD3, 0xA2, 0xD3, 0xA2, 0xD3, 0xA2, 0xD3, 0xA2, 0xD3, 0xA2, 0xD3, 0xA2, 0xD3, 0xA2, 0xD3, 0xA2,
    0xD3, 0xA2, 0xD3, 0xA2, 0xD3, 0xA2, 0xD3, 0xA2, 0xD3, 0xA2, 0xD3, 0xA2, 0xD3, 0xA2, 0xD3, 0xA2,
    0xD3, 0xA2, 0xD3, 0xA2, 0xD3, 0xA2, 0xD3, 0xA2, 0xD3, 0xA2, 0xD3, 0xA2, 0xD3, 0xA2, 0xD3, 0xA2,
    0xD3, 0xA2, 0xD3, 0xA2, 0xD3, 0xA2, 0xD3, 0xA2, 0xD3, 0xA2, 0xD3, 0xA2, 0xD3, 0xA2, 0xD3, 0xA2,
    0xD3, 0xA2, 0xD3, 0xA2, 0xD3, 0xA2, 0xD3, 0xA2, 0xD3, 0xA2, 0xD3, 0xA2, 0xD3, 0xA2, 0xD3, 0xA2,
    0xD3, 0xA2, 0xD3, 0xA2, 0xD3, 0xA2, 0xD3, 0xA2, 0xD3, 0xA2, 0xD3, 0xA2, 0xD3, 0xA2, 0xD3, 0xA2,
    0xD3, 0xA2, 0xD3, 0xA2, 0xD3, 0xA2, 0xD3, 0xA2, 0xD3, 0xA2, 0xD3, 0xA2, 0xD3, 0xA2, 0xD3, 0xA2,
    0xD3, 0xA2, 0xD3, 0xA2, 0xD3, 0xA2, 0xD3, 0xA2, 0xD3, 0xA2, 0xD3, 0xA2, 0xD3, 0xA2, 0xD3, 0xA2,
    0xD3, 0xA2, 0xD3, 0xA2, 0xD3, 0xA2, 0xD3, 0xA2, 0xD3, 0xA2, 0xD3, 0xA2, 0xD3, 0xA2, 0xD3, 0xA2,
    0xD3, 0xA2, 0xD3, 0xA2, 0xD3, 0xA2, 0xD3, 0xA2, 0xD3, 0xA2, 0xD3, 0xA2, 0xD3, 0xA2, 0xD3, 0xA2,
    0xD3, 0xA2, 0xD3, 0xA2, 0xD3, 0xA2, 0xD3, 0xA2, 0xD3, 0xA2, 0xD3, 0xA2, 0xD3, 0xA2, 0xD3, 0xA2,
    0xD3, 0xA2, 0xD3, 0xA2, 0xD3, 0xA2, 0xD3, 0xA2, 0xD3, 0xA2, 0xD3, 0xA2, 0xD3, 0xA2, 0xD3, 0xA2,
    0xD3, 0xA2, 0xD3, 0xA2, 0xD3, 0xA2, 0xD3, 0xA2, 0xD3, 0xA2, 0xD3, 0xA2, 0xD3, 0xA2, 0xD3, 0xA2,
    0xD3, 0xA2, 0xD3, 0xA2, 0xD3, 0xA2, 0xD3, 0xA2, 0xD3, 0xA2, 0xD3, 0xA2, 0xD3, 0xA2, 0xD3, 0xA2,
    0xD3, 0xA2, 0xD3, 0xA2, 0xD3, 0xA2, 0xD3, 0xA2, 0xD3, 0xA2, 0xD3, 0xA2, 0xD3, 0xA2, 0xD3, 0xA2,
    0xD3, 0xA2, 0xD3, 0xA2, 0xD3, 0xA2, 0xD3, 0xA2, 0xD3, 0xA2, 0xD3, 0xA2, 0xD3, 0xA2, 0xD3, 0xA2,
    0xD3, 0xA2, 0xD3, 0xA2, 0xD3, 0xA2, 0xD3, 0xA2, 0xD3, 0xA2, 0xD3, 0xA2, 0xD3, 0xA2, 0xD3, 0xA2,
    0xD3, 0xA2, 0xD3, 0xA2, 0xD3, 0xA2, 0xD3, 0xA2, 0xD3, 0xA2, 0xD3, 0xA2, 0xD3, 0xA2, 0xD3, 0xA2,
    0xD3, 0xA2, 0xD3, 0xA2, 0xD3, 0xA2, 0xD3, 0xA2, 0xD3, 0xA2, 0xD3, 0xA2, 0xD3, 0xA2, 0xD3, 0xA2,
    0xD3, 0xA2, 0xD3, 0xA2, 0xD3, 0xA2, 0xD3, 0xA2, 0xD3, 0xA2, 0xD3, 0xA2, 0xD3, 0xA2, 0xD3, 0xA2,
    0xD3, 0xA2, 0xD3, 0xA2, 0xD3, 0xA2, 0xD3, 0xA2, 0xD3, 0xA2, 0xD3, 0xA2, 0xD3, 0xA2, 0xD3, 0xA2,
    0xD3, 0xA2, 0xD3, 0xA2, 0xD3, 0xA2, 0xD3, 0xA2, 0xD3, 0xA2, 0xD3, 0xA2, 0xD3, 0xA2, 0xD3, 0xA2,
    0xD3, 0xA2, 0xD3, 0xA2, 0xD3, 0xA2, 0xD3, 0xA2, 0xD3, 0xA2, 0xD3, 0xA2, 0xD3, 0xA2, 0xD3, 0xA2,
    0xD3, 0xA2, 0xD3, 0xA2, 0xD3, 0xA2, 0xD3, 0xA2, 0xD3, 0xA2, 0xD3, 0xA2, 0xD3, 0xA2, 0xD3, 0xA2,
    0xD3, 0xA2, 0xD3, 0xA2, 0xD3, 0xA2, 0xD3, 0xA2, 0xD3, 0xA2, 0xD3, 0xA2, 0xD3, 0xA2, 0xD3, 0xA2,
    0xD3, 0xA2, 0xD3, 0xA2, 0xD3, 0xA2, 0xD3, 0xA2, 0xD3, 0xA2, 0xD3, 0xA2, 0xD3, 0xA2, 0xD3, 0xA2,
    0xD3, 0xA2, 0xD3, 0xA2, 0xD3, 0xA2, 0xD3, 0xA2, 0xD3, 0xA2, 0xD3, 0xA2, 0xD3, 0xA2, 0xD3, 0xA2,
    0xD3, 0xA2, 0xD3, 0xA2, 0xD3, 0xA2, 0xD3, 0xA2, 0xD3, 0xA2, 0xD3, 0xA2, 0xD3, 0xA2, 0xD3, 0xA2,
    0xD3, 0xA2, 0xD3, 0xA2, 0xD3, 0xA2, 0xD3, 0xA2, 0xD3, 0xA2, 0xD3, 0xA2, 0xD3, 0xA2, 0xD3, 0xA2,
    0xD3, 0xA2, 0xD3, 0xA2, 0xD3, 0xA2, 0xD3, 0xA2, 0xD3, 0xA2, 0xD3, 0xA2, 0xD3, 0xA2, 0xD3, 0xA2,
    0xD3, 0xA2, 0xD3, 0xA2, 0xD3, 0xA2, 0xD3, 0xA2, 0xD3, 0xA2, 0xD3, 0xA2, 0xD3, 0xA2, 0xD3, 0xA2,
    0xD3, 0xA2, 0xD3, 0xA2, 0xD3, 0xA2, 0xD3, 0xA2, 0xD3, 0xA2, 0xD3, 0xA2, 0xD3, 0xA2, 0xD3, 0xA2,
    0xD3, 0xA2, 0xD3, 0xA2, 0xD3, 0xA2, 0xD3, 0xA2, 0xD3, 0xA2, 0xD3, 0xA2, 0xD3, 0xA2, 0xD3, 0xA2,
    0xD3, 0xA2, 0xD3, 0xA2, 0xD3, 0xA2, 0xD3, 0xA2, 0xD3, 0xA2, 0xD3, 0xA2, 0xD3, 0xA2, 0xD3, 0xA2,
    0xD3, 0xA2, 0xD3, 0xA2, 0xD3, 0xA2, 0xD3, 0xA2, 0xD3, 0xA2, 0xD3, 0xA2, 0xD3, 0xA2, 0xD3, 0xA2,
    0xD3, 0xA2, 0xD3, 0xA2, 0xD3, 0xA2, 0xD3, 0xA2, 0xD3, 0xA2, 0xD3, 0xA2, 0xD3, 0xA2, 0xD3, 0xA2,
    0xD3, 0xA2, 0xD3, 0xA2, 0xD3, 0xA2, 0xD3, 0xA2, 0xD3, 0xA2, 0xD3, 0xA2, 0xD3, 0xA2, 0xD3, 0xA2,
    0xD3, 0xA2, 0xD3, 0xA2, 0xD3, 0xA2, 0xD3, 0xA2, 0xD3, 0xA2, 0xD3, 0xA2, 0xD3, 0xA2, 0xD3, 0xA2,
    0xD3, 0xA2, 0xD3, 0xA2, 0xD3, 0xA2, 0xD3, 0xA2, 0xD3, 0xA2, 0xD3, 0xA2, 0xD3, 0xA2, 0xD3, 0xA2,
    0xD3, 0xA2, 0xD3, 0xA2, 0xD3, 0xA2, 0xD3, 0xA2, 0xD3, 0xA2, 0xD3, 0xA2, 0xD3, 0xA2, 0xD3, 0xA2,
    0xD3, 0xA2, 0xD3, 0xA2, 0xD3, 0xA2, 0xD3, 0xA2, 0xD3, 0xA2, 0xD3, 0xA2, 0xD3, 0xA2, 0xD3, 0xA2,
    0xD3, 0xA2, 0xD3, 0xA2, 0xD3, 0xA2, 0xD3, 0xA2, 0xD3, 0xA2, 0xD3, 0xA2, 0xD3, 0xA2, 0xD3, 0xA2,
    0xD3, 0xA2, 0xD3, 0xA2, 0xD3, 0xA2, 0xD3, 0xA2, 0xD3, 0xA2, 0xD3, 0xA2, 0xD3, 0xA2, 0xD3, 0xA2,
    0xD3, 0xA2, 0xD3, 0xA2, 0xD3, 0xA2, 0xD3, 0xA2, 0xD3, 0xA2, 0xD3, 0xA2, 0xD3, 0xA2, 0xD3, 0xA2,
    0xD3, 0xA2, 0xD3, 0xA2, 0xD3, 0xA2, 0xD3, 0xA2, 0xD3, 0xA2, 0xD3, 0xA2, 0xD3, 0xA2, 0xD3, 0xA2,
    0xD3, 0xA2, 0xD3, 0xA2, 0xD3, 0xA2, 0xD3, 0xA2, 0xD3, 0xA2, 0xD3, 0xA2, 0xD3, 0xA2, 0xD3, 0xA2,
    0xD3, 0xA2, 0xD3, 0xA2, 0xD3, 0xA2, 0xD3, 0xA2, 0xD3, 0xA2, 0xD3, 0xA2, 0xD3, 0xA2, 0xD3, 0xA2,
    0xD3, 0xA2, 0xD3, 0xA2, 0xD3, 0xA2, 0xD3, 0xA2, 0xD3, 0xA2, 0xD3, 0xA2, 0xD3, 0xA2, 0xD3, 0xA2,
    0xD3, 0xA2, 0xD3, 0xA2, 0xD3, 0xA2, 0xD3, 0xA2, 0xD3, 0xA2, 0xD3, 0xA2, 0xD3, 0xA2, 0xD3, 0xA2,
    0xD3, 0xA2, 0xD3, 0xA2, 0xD3, 0xA2, 0xD3, 0xA2, 0xD3, 0xA2, 0xD3, 0xA2, 0xD3, 0xA2, 0xD3, 0xA2,
    0xD3, 0xA2, 0xD3, 0xA2, 0xD3, 0xA2, 0xD3, 0xA2, 0xD3, 0xA2, 0xD3, 0xA2, 0xD3, 0xA2, 0xD3, 0xA2,
    0xD3, 0xA2, 0xD3, 0xA2, 0xD3, 0xA2, 0xD3, 0xA2, 0xD3, 0xA2, 0xD3, 0xA2, 0xD3, 0xA2, 0xD3, 0xA2,
    0xD3, 0xA2, 0xD3, 0xA2, 0xD3, 0xA2, 0xD3, 0xA2, 0xD3, 0xA2, 0xD3, 0xA2, 0xD3, 0xA2, 0xD3, 0xA2,
    0xD3, 0xA2, 0xD3, 0xA2, 0xD3, 0xA2, 0xD3, 0xA2, 0xD3, 0xA2, 0xD3, 0xA2, 0xD3, 0xA2, 0xD3, 0xA2,
    0xD3, 0xA2, 0xD3, 0xA2, 0xD3, 0xA2, 0xD3, 0xA2, 0xD3, 0xA2, 0xD3, 0xA2, 0xD3, 0xA2, 0xD3, 0xA2,
    0xD3, 0xA2, 0xD3, 0xA2, 0xD3, 0xA2, 0xD3, 0xA2, 0xD3, 0xA2, 0xD3, 0xA2, 0xD3, 0xA2, 0xD3, 0xA2,
    0xD3, 0xA2, 0xD3, 0xA2, 0xD3, 0xA2, 0xD3, 0xA2, 0xD3, 0xA2, 0xD3, 0xA2, 0xD3, 0xA2, 0xD3, 0xA2,
    0xD3, 0xA2, 0xD3, 0xA2, 0xD3, 0xA2, 0xD3, 0xA2, 0xD3, 0xA2, 0xD3, 0xA2, 0xD3, 0xA2, 0xD3, 0xA2,
    0xD3, 0xA2, 0xD3, 0xA2, 0xD3, 0xA2, 0xD3, 0xA2, 0xD3, 0xA2, 0xD3, 0xA2, 0xD3, 0xA2, 0xD3, 0xA2,
    0xD3, 0xA2, 0xD3, 0xA2, 0xD3, 0xA2, 0xD3, 0xA2, 0xD3, 0xA2, 0xD3, 0xA2, 0xD3, 0xA2, 0xD3, 0xA2,
    0xD3, 0xA2, 0xD3, 0xA2, 0xD3, 0xA2, 0xD3, 0xA2, 0xD3, 0xA2, 0xD3, 0xA2, 0xD3, 0xA2, 0xD3, 0xA2,
    0xD3, 0xA2, 0xD3, 0xA2, 0xD3, 0xA2, 0xD3, 0xA2, 0xD3, 0xA2, 0xD3, 0xA2, 0xD3, 0xA2, 0xD3, 0xA2,
    0xD3, 0xA2, 0xD3, 0xA2, 0xD3, 0xA2, 0xD3, 0xA2, 0xD3, 0xA2, 0xD3, 0xA2, 0xD3, 0xA2, 0xD3, 0xA2,
    0xD3, 0xA2, 0xD3, 0xA2, 0xD3, 0xA2, 0xD3, 0xA2, 0xD3, 0xA2, 0xD3, 0xA2, 0xD3, 0xA2, 0xD3, 0xA2,
    0xD3, 0xA2, 0xD3, 0xA2, 0xD3, 0xA2, 0xD3, 0xA2, 0xD3, 0xA2, 0xD3, 0xA2, 0xD3, 0xA2, 0xD3, 0xA2,
    0xD3, 0xA2, 0xD3, 0xA2, 0xD3, 0xA2, 0xD3, 0xA2, 0xD3, 0xA2, 0xD3, 0xA2, 0xD3, 0xA2, 0xD3, 0xA2,
    0xD3, 0xA2, 0xD3, 0xA2, 0xD3, 0xA2, 0xD3, 0xA2, 0xD3, 0xA2, 0xD3, 0xA2, 0xD3, 0xA2, 0xD3, 0xA2,
    0xD3, 0xA2, 0xD3, 0xA2, 0xD3, 0xA2, 0xD3, 0xA2, 0xD3, 0xA2, 0xD3, 0xA2, 0xD3, 0xA2, 0xD3, 0xA2,
    0xD3, 0xA2, 0xD3, 0xA2, 0xD3, 0xA2, 0xD3, 0xA2, 0xD3, 0xA2, 0xD3, 0xA2, 0xD3, 0xA2, 0xD3, 0xA2,
    0xD3, 0xA2, 0xD3, 0xA2, 0xD3, 0xA2, 0xD3, 0xA2, 0xD3, 0xA2, 0xD3, 0xA2, 0xD3, 0xA2, 0xD3, 0xA2,
    0xD3, 0xA2, 0xD3, 0xA2, 0xD3, 0xA2, 0xD3, 0xA2, 0xD3, 0xA2, 0xD3, 0xA2, 0xD3, 0xA2, 0xD3, 0xA2,
    0xD3, 0xA2, 0xD3, 0xA2, 0xD3, 0xA2, 0xD3, 0xA2, 0xD3, 0xA2, 0xD3, 0xA2, 0xD3, 0xA2, 0xD3, 0xA2,
    0xD3, 0xA2, 0xD3, 0xA2, 0xD3, 0xA2, 0xD3, 0xA2, 0xD3, 0xA2, 0xD3, 0xA2, 0xD3, 0xA2, 0xD3, 0xA2,
    0xD3, 0xA2, 0xD3, 0xA2, 0xD3, 0xA2, 0xD3, 0xA2, 0xD3, 0xA2, 0xD3, 0xA2, 0xD3, 0xA2, 0xD3, 0xA2,
    0xD3, 0xA2, 0xD3, 0xA2, 0xD3, 0xA2, 0xD3, 0xA2, 0xD3, 0xA2, 0xD3, 0xA2, 0xD3, 0xA2, 0xD3, 0xA2,
    0xD3, 0xA2, 0xD3, 0xA2, 0xD3, 0xA2, 0xD3, 0xA2, 0xD3, 0xA2, 0xD3, 0xA2, 0xD3, 0xA2, 0xD3, 0xA2,
    0xD3, 0xA2, 0xD3, 0xA2, 0xD3, 0xA2, 0xD3, 0xA2, 0xD3, 0xA2, 0xD3, 0xA2, 0xD3, 0xA2, 0xD3, 0xA2,
    0xD3, 0xA2, 0xD3, 0xA2, 0xD3, 0xA2, 0xD3, 0xA2, 0xD3, 0xA2, 0xD3, 0xA2, 0xD3, 0xA2, 0xD3, 0xA2,
    0xD3, 0xA2, 0xD3, 0xA2, 0xD3, 0xA2, 0xD3, 0xA2, 0xD3, 0xA2, 0xD3, 0xA2, 0xD3, 0xA2, 0xD3, 0xA2,
    0xD3, 0xA2, 0xD3, 0xA2, 0xD3, 0xA2, 0xD3, 0xA2, 0xD3, 0xA2, 0xD3, 0xA2, 0xD3, 0xA2, 0xD3, 0xA2,
    0xD3, 0xA2, 0xD3, 0xA2, 0xD3, 0xA2, 0xD3, 0xA2, 0xD3, 0xA2, 0xD3, 0xA2, 0xD3, 0xA2, 0xD3, 0xA2,
    0xD3, 0xA2, 0xD3, 0xA2, 0xD3, 0xA2, 0xD3, 0xA2, 0xD3, 0xA2, 0xD3, 0xA2, 0xD3, 0xA2, 0xD3, 0xA2,
    0xD3, 0xA2, 0xD3, 0xA2, 0xD3, 0xA2, 0xD3, 0xA2, 0xD3, 0xA2, 0xD3, 0xA2, 0xD3, 0xA2, 0xD3, 0xA2,
    0xD3, 0xA2, 0xD3, 0xA2, 0xD3, 0xA2, 0xD3, 0xA2, 0xD3, 0xA2, 0xD3, 0xA2, 0xD3, 0xA2, 0xD3, 0xA2,
    0xD3, 0xA2, 0xD3, 0xA2, 0xD3, 0xA2, 0xD3, 0xA2, 0xD3, 0xA2, 0xD3, 0xA2, 0xD3, 0xA2, 0xD3, 0xA2,
    0xD3, 0xA2, 0xD3, 0xA2, 0xD3, 0xA2, 0xD3, 0xA2, 0xD3, 0xA2, 0xD3, 0xA2, 0xD3, 0xA2, 0xD3, 0xA2,
    0xD3, 0xA2, 0xD3, 0xA2, 0xD3, 0xA2, 0xD3, 0xA2, 0xD3, 0xA2, 0xD3, 0xA2, 0xD3, 0xA2, 0xD3, 0xA2,
    0xD3, 0xA2, 0xD3, 0xA2, 0xD3, 0xA2, 0xD3, 0xA2, 0xD3, 0xA2, 0xD3, 0xA2, 0xD3, 0xA2, 0xD3, 0xA2,
    0xD3, 0xA2, 0xD3, 0xA2, 0xD3, 0xA2, 0xD3, 0xA2, 0xD3, 0xA2, 0xD3, 0xA2, 0xD3, 0xA2, 0xD3, 0xA2,
    0xD3, 0xA2, 0xD3, 0xA2, 0xD3, 0xA2, 0xD3, 0xA2, 0xD3, 0xA2, 0xD3, 0xA2, 0xD3, 0xA2, 0xD3, 0xA2,
    0xD3, 0xA2, 0xD3, 0xA2, 0xD3, 0xA2, 0xD3, 0xA2, 0xD3, 0xA2, 0xD3, 0xA2, 0xD3, 0xA2, 0xD3, 0xA2,
    0xD3, 0xA2, 0xD3, 0xA2, 0xD3, 0xA2, 0xD3, 0xA2, 0xD3, 0xA2, 0xD3, 0xA2, 0xD3, 0xA2, 0xD3, 0xA2,
    0xD3, 0xA2, 0xD3, 0xA2, 0xD3, 0xA2, 0xD3, 0xA2, 0xD3, 0xA2, 0xD3, 0xA2, 0xD3, 0xA2, 0xD3, 0xA2,
    0xD3, 0xA2, 0xD3, 0xA2, 0xD3, 0xA2, 0xD3, 0xA2, 0xD3, 0xA2, 0xD3, 0xA2, 0xD3, 0xA2, 0xD3, 0xA2,
    0xD3, 0xA2, 0xD3, 0xA2, 0xD3, 0xA2, 0xD3, 0xA2, 0xD3, 0xA2, 0xD3, 0xA2, 0xD3, 0xA2, 0xD3, 0xA2,
    0xD3, 0xA2, 0xD3, 0xA2, 0xD3, 0xA2, 0xD3, 0xA2, 0xD3, 0xA2, 0xD3, 0xA2, 0xD3, 0xA2, 0xD3, 0xA2,
    0xD3, 0xA2, 0xD3, 0xA2, 0xD3, 0xA2, 0xD3, 0xA2, 0xD3, 0xA2, 0xD3, 0xA2, 0xD3, 0xA2, 0xD3, 0xA2,
    0xD3, 0xA2, 0xD3, 0xA2, 0xD3, 0xA2, 0xD3, 0xA2, 0xD3, 0xA2, 0xD3, 0xA2, 0xD3, 0xA2, 0xD3, 0xA2,
    0xD3, 0xA2, 0xD3, 0xA2, 0xD3, 0xA2, 0xD3, 0xA2, 0xD3, 0xA2, 0xD3, 0xA2, 0xD3, 0xA2, 0xD3, 0xA2,
    0xD3, 0xA2, 0xD3, 0xA2, 0xD3, 0xA2, 0xD3, 0xA2, 0xD3, 0xA2, 0xD3, 0xA2, 0xD3, 0xA2, 0xD3, 0xA2,
    0xD3, 0xA2, 0xD3, 0xA2, 0xD3, 0xA2, 0xD3, 0xA2, 0xD3, 0xA2, 0xD3, 0xA2, 0xD3, 0xA2, 0xD3, 0xA2,
    0xD3, 0xA2, 0xD3, 0xA2, 0xD3, 0xA2, 0xD3, 0xA2, 0xD3, 0xA2, 0xD3, 0xA2, 0xD3, 0xA2, 0xD3, 0xA2,
    0xD3, 0xA2, 0xD3, 0xA2, 0xD3, 0xA2, 0xD3, 0xA2, 0xD3, 0xA2, 0xD3, 0xA2, 0xD3, 0xA2, 0xD3, 0xA2,
    0xD3, 0xA2, 0xD3, 0xA2, 0xD3, 0xA2, 0xD3, 0xA2, 0xD3, 0xA2, 0xD3, 0xA2, 0xD3, 0xA2, 0xD3, 0xA2,
    0xD3, 0xA2, 0xD3, 0xA2, 0xD3, 0xA2, 0xD3, 0xA2, 0xD3, 0xA2, 0xD3, 0xA2, 0xD3, 0xA2, 0xD3, 0xA2,
    0xD3, 0xA2, 0xD3, 0xA2, 0xD3, 0xA2, 0xD3, 0xA2, 0xD3, 0xA2, 0xD3, 0xA2, 0xD3, 0xA2, 0xD3, 0xA2,
    0xD3, 0xA2, 0xD3, 0xA2, 0xD3, 0xA2, 0xD3, 0xA2, 0xD3, 0xA2, 0xD3, 0xA2, 0xD3, 0xA2, 0xD3, 0xA2,
    0xD3, 0xA2, 0xD3, 0xA2, 0xD3, 0xA2, 0xD3, 0xA2, 0xD3, 0xA2, 0xD3, 0xA2, 0xD3, 0xA2, 0xD3, 0xA2,
    0xD3, 0xA2, 0xD3, 0xA2, 0xD3, 0xA2, 0xD3, 0xA2, 0xD3, 0xA2, 0xD3, 0xA2, 0xD3, 0xA2, 0xD3, 0xA2,
    0xD3, 0xA2, 0xD3, 0xA2, 0xD3, 0xA2, 0xD3, 0xA2, 0xD3, 0xA2, 0xD3, 0xA2, 0xD3, 0xA2, 0xD3, 0xA2,
    0xD3, 0xA2, 0xD3, 0xA2, 0xD3, 0xA2, 0xD3, 0xA2, 0xD3, 0xA2, 0xD3, 0xA2, 0xD3, 0xA2, 0xD3, 0xA2,
    0xD3, 0xA2, 0xD3, 0xA2, 0xD3, 0xA2, 0xD3, 0xA2, 0xD3, 0xA2, 0xD3, 0xA2, 0xD3, 0xA2, 0xD3, 0xA2,
    0xD3, 0xA2, 0xD3, 0xA2, 0xD3, 0xA2, 0xD3, 0xA2, 0xD3, 0xA2, 0xD3, 0xA2, 0xD3, 0xA2, 0xD3, 0xA2,
    0xD3, 0xA2, 0xD3, 0xA2, 0xD3, 0xA2, 0xD3, 0xA2, 0xD3, 0xA2, 0xD3, 0xA2, 0xD3, 0xA2, 0xD3, 0xA2,
    0xD3, 0xA2, 0xD3, 0xA2, 0xD3, 0xA2, 0xD3, 0xA2, 0xD3, 0xA2, 0xD3, 0xA2, 0xD3, 0xA2, 0xD3, 0xA2,
    0xD3, 0xA2, 0xD3, 0xA2, 0xD3, 0xA2, 0xD3, 0xA2, 0xD3, 0xA2, 0xD3, 0xA2, 0xD3, 0xA2, 0xD3, 0xA2,
    0xD3, 0xA2, 0xD3, 0xA2, 0xD3, 0xA2, 0xD3, 0xA2, 0xD3, 0xA2, 0xD3, 0xA2, 0xD3, 0xA2, 0xD3, 0xA2,
    0xD3, 0xA2, 0xD3, 0xA2, 0xD3, 0xA2, 0xD3, 0xA2, 0xD3, 0xA2, 0xD3, 0xA2, 0xD3, 0xA2, 0xD3, 0xA2,
    0xD3, 0xA2, 0xD3, 0xA2, 0xD3, 0xA2, 0xD3, 0xA2, 0xD3, 0xA2, 0xD3, 0xA2, 0xD3, 0xA2, 0xD3, 0xA2,
    0xD3, 0xA2, 0xD3, 0xA2, 0xD3, 0xA2, 0xD3, 0xA2, 0xD3, 0xA2, 0xD3, 0xA2, 0xD3, 0xA2, 0xD3, 0xA2,
    0xD3, 0xA2, 0xD3, 0xA2, 0xD3, 0xA2, 0xD3, 0xA2, 0xD3, 0xA2, 0xD3, 0xA2, 0xD3, 0xA2, 0xD3, 0xA2,
    0xD3, 0xA2, 0xD3, 0xA2, 0xD3, 0xA2, 0xD3, 0xA2, 0xD3, 0xA2, 0xD3, 0xA2, 0xD3, 0xA2, 0xD3, 0xA2,
    0xD3, 0xA2, 0xD3, 0xA2, 0xD3, 0xA2, 0xD3, 0xA2, 0xD3, 0xA2, 0xD3, 0xA2, 0xD3, 0xA2, 0xD3, 0xA2,
    0xD3, 0xA2, 0xD3, 0xA2, 0xD3, 0xA2, 0xD3, 0xA2, 0xD3, 0xA2, 0xD3, 0xA2, 0xD3, 0xA2, 0xD3, 0xA2,
    0xD3, 0xA2, 0xD3, 0xA2, 0xD3, 0xA2, 0xD3, 0xA2, 0xD3, 0xA2, 0xD3, 0xA2, 0xD3, 0xA2, 0xD3, 0xA2,
    0xD3, 0xA2, 0xD3, 0xA2, 0xD3, 0xA2, 0xD3, 0xA2, 0xD3, 0xA2, 0xD3, 0xA2, 0xD3, 0xA2, 0xD3, 0xA2,
    0xD3, 0xA2, 0xD3, 0xA2, 0xD3, 0xA2, 0xD3, 0xA2, 0xD3, 0xA2, 0xD3, 0xA2, 0xD3, 0xA2, 0xD3, 0xA2,
    0xD3, 0xA2, 0xD3, 0xA2, 0xD3, 0xA2, 0xD3, 0xA2, 0xD3, 0xA2, 0xD3, 0xA2, 0xD3, 0xA2, 0xD3, 0xA2,
    0xD3, 0xA2, 0xD3, 0xA2, 0xD3, 0xA2, 0xD3, 0xA2, 0xD3, 0xA2, 0xD3, 0xA2, 0xD3, 0xA2, 0xD3, 0xA2,
    0xD3, 0xA2, 0xD3, 0xA2, 0xD3, 0xA2, 0xD3, 0xA2, 0xD3, 0xA2, 0xD3, 0xA2, 0xD3, 0xA2, 0xD3, 0xA2,
    0xD3, 0xA2, 0xD3, 0xA2, 0xD3, 0xA2, 0xD3, 0xA2, 0xD3, 0xA2, 0xD3, 0xA2, 0xD3, 0xA2, 0xD3, 0xA2,
    0xD3, 0xA2, 0xD3, 0xA2, 0xD3, 0xA2, 0xD3, 0xA2, 0xD3, 0xA2, 0xD3, 0xA2, 0xD3, 0xA2, 0xD3, 0xA2,
    0xD3, 0xA2, 0xD3, 0xA2, 0xD3, 0xA2, 0xD3, 0xA2, 0xD3, 0xA2, 0xD3, 0xA2, 0xD3, 0xA2, 0xD3, 0xA2,
    0xD3, 0xA2, 0xD3, 0xA2, 0xD3, 0xA2, 0xD3, 0xA2, 0xD3, 0xA2, 0xD3, 0xA2, 0xD3, 0xA2, 0xD3, 0xA2,
    0xD3, 0xA2, 0xD3, 0xA2, 0xD3, 0xA2, 0xD3, 0xA2, 0xD3, 0xA2, 0xD3, 0xA2, 0xD3, 0xA2, 0xD3, 0xA2,
    0xD3, 0xA2, 0xD3, 0xA2, 0xD3, 0xA2, 0xD3, 0xA2, 0xD3, 0xA2, 0xD3, 0xA2, 0xD3, 0xA2, 0xD3, 0xA2,
    0xD3, 0xA2, 0xD3, 0xA2, 0xD3, 0xA2, 0xD3, 0xA2, 0xD3, 0xA2, 0xD3, 0xA2, 0xD3, 0xA2, 0xD3, 0xA2,
    0xD3, 0xA2, 0xD3, 0xA2, 0xD3, 0xA2, 0xD3, 0xA2, 0xD3, 0xA2, 0xD3, 0xA2, 0xD3, 0xA2, 0xD3, 0xA2,
    0xD3, 0xA2, 0xD3, 0xA2, 0xD3, 0xA2, 0xD3, 0xA2, 0xD3, 0xA2, 0xD3, 0xA2, 0xD3, 0xA2, 0xD3, 0xA2,
    0xD3, 0xA2, 0xD3, 0xA2, 0xD3, 0xA2, 0xD3, 0xA2, 0xD3, 0xA2, 0xD3, 0xA2, 0xD3, 0xA2, 0xD3, 0xA2,
    0xD3, 0xA2, 0xD3, 0xA2, 0xD3, 0xA2, 0xD3, 0xA2, 0xD3, 0xA2, 0xD3, 0xA2, 0xD3, 0xA2, 0xD3, 0xA2,
    0xD3, 0xA2, 0xD3, 0xA2, 0xD3, 0xA2, 0xD3, 0xA2, 0xD3, 0xA2, 0xD3, 0xA2, 0xD3, 0xA2, 0xD3, 0xA2,
    0xD3, 0xA2, 0xD3, 0xA2, 0xD3, 0xA2, 0xD3, 0xA2, 0xD3, 0xA2, 0xD3, 0xA2, 0xD3, 0xA2, 0xD3, 0xA2,
    0xD3, 0xA2, 0xD3, 0xA2, 0xD3, 0xA2, 0xD3, 0xA2, 0xD3, 0xA2, 0xD3, 0xA2, 0xD3, 0xA2, 0xD3, 0xA2,
    0xD3, 0xA2, 0xD3, 0xA2, 0xD3, 0xA2, 0xD3, 0xA2, 0xD3, 0xA2, 0xD3, 0xA2, 0xD3, 0xA2, 0xD3, 0xA2,
    0xD3, 0xA2, 0xD3, 0xA2, 0xD3, 0xA2, 0xD3, 0xA2, 0xD3, 0xA2, 0xD3, 0xA2, 0xD3, 0xA2, 0xD3, 0xA2,
    0xD3, 0xA2, 0xD3, 0xA2, 0xD3, 0xA2, 0xD3, 0xA2, 0xD3, 0xA2, 0xD3, 0xA2, 0xD3, 0xA2, 0xD3, 0xA2,
    0xD3, 0xA2, 0xD3, 0xA2, 0xD3, 0xA2, 0xD3, 0xA2, 0xD3, 0xA2, 0xD3, 0xA2, 0xD3, 0xA2, 0xD3, 0xA2,
    0xD3, 0xA2, 0xD3, 0xA2, 0xD3, 0xA2, 0xD3, 0xA2, 0xD3, 0xA2, 0xD3, 0xA2, 0xD3, 0xA2, 0xD3, 0xA2,
    0xD3, 0xA2, 0xD3, 0xA2, 0xD3, 0xA2, 0xD3, 0xA2, 0xD3, 0xA2, 0xD3, 0xA2, 0xD3, 0xA2, 0xD3, 0xA2,
    0xD3, 0xA2, 0xD3, 0xA2, 0xD3, 0xA2, 0xD3, 0xA2, 0xD3, 0xA2, 0xD3, 0xA2, 0xD3, 0xA2, 0xD3, 0xA2,
    0xD3, 0xA2, 0xD3, 0xA2, 0xD3, 0xA2, 0xD3, 0xA2, 0xD3, 0xA2, 0xD3, 0xA2, 0xD3, 0xA2, 0xD3, 0xA2,
    0xD3, 0xA2, 0xD3, 0xA2, 0xD3, 0xA2, 0xD3, 0xA2, 0xD3, 0xA2, 0xD3, 0xA2, 0xD3, 0xA2, 0xD3, 0xA2,
    0xD3, 0xA2, 0xD3, 0xA2, 0xD3, 0xA2, 0xD3, 0xA2, 0xD3, 0xA2, 0xD3, 0xA2, 0xD3, 0xA2, 0xD3, 0xA2,
    0xD3, 0xA2, 0xD3, 0xA2, 0xD3, 0xA2, 0xD3, 0xA2, 0xD3, 0xA2, 0xD3, 0xA2, 0xD3, 0xA2, 0xD3, 0xA2,
    0xD3, 0xA2, 0xD3, 0xA2, 0xD3, 0xA2, 0xD3, 0xA2, 0xD3, 0xA2, 0xD3, 0xA2, 0xD3, 0xA2, 0xD3, 0xA2,
    0xD3, 0xA2, 0xD3, 0xA2, 0xD3, 0xA2, 0xD3, 0xA2, 0xD3, 0xA2, 0xD3, 0xA2, 0xD3, 0xA2, 0xD3, 0xA2,
    0xD3, 0xA2, 0xD3, 0xA2, 0xD3, 0xA2, 0xD3, 0xA2, 0xD3, 0xA2, 0xD3, 0xA2, 0xD3, 0xA2, 0xD3, 0xA2,
    0xD3, 0xA2, 0xD3, 0xA2, 0xD3, 0xA2, 0xD3, 0xA2, 0xD3, 0xA2, 0xD3, 0xA2, 0xD3, 0xA2, 0xD3, 0xA2,
    0xD3, 0xA2, 0xD3, 0xA2, 0xD3, 0xA2, 0xD3, 0xA2, 0xD3, 0xA2, 0xD3, 0xA2, 0xD3, 0xA2, 0xD3, 0xA2,
    0xD3, 0xA2, 0xD3, 0xA2, 0xD3, 0xA2, 0xD3, 0xA2, 0xD3, 0xA2, 0xD3, 0xA2, 0xD3, 0xA2, 0xD3, 0xA2,
    0xD3, 0xA2, 0xD3, 0xA2, 0xD3, 0xA2, 0xD3, 0xA2, 0xD3, 0xA2, 0xD3, 0xA2, 0xD3, 0xA2, 0xD3, 0xA2,
    0xD3, 0xA2, 0xD3, 0xA2, 0xD3, 0xA2, 0xD3, 0xA2, 0xD3, 0xA2, 0xD3, 0xA2, 0xD3, 0xA2, 0xD3, 0xA2,
    0xD3, 0xA2, 0xD3, 0xA2, 0xD3, 0xA2, 0xD3, 0xA2, 0xD3, 0xA2, 0xD3, 0xA2, 0xD3, 0xA2, 0xD3, 0xA2,
    0xD3, 0xA2, 0xD3, 0xA2, 0xD3, 0xA2, 0xD3, 0xA2, 0xD3, 0xA2, 0xD3, 0xA2, 0xD3, 0xA2, 0xD3, 0xA2,
    0xD3, 0xA2, 0xD3, 0xA2, 0xD3, 0xA2, 0xD3, 0xA2, 0xD3, 0xA2, 0xD3, 0xA2, 0xD3, 0xA2, 0xD3, 0xA2,
    0xD3, 0xA2, 0xD3, 0xA2, 0xD3, 0xA2, 0xD3, 0xA2, 0xD3, 0xA2, 0xD3, 0xA2, 0xD3, 0xA2, 0xD3, 0xA2,
    0xD3, 0xA2, 0xD3, 0xA2, 0xD3, 0xA2, 0xD3, 0xA2, 0xD3, 0xA2, 0xD3, 0xA2, 0xD3, 0xA2, 0xD3, 0xA2,
    0xD3, 0xA2, 0xD3, 0xA2, 0xD3, 0xA2, 0xD3, 0xA2, 0xD3, 0xA2, 0xD3, 0xA2, 0xD3, 0xA2, 0xD3, 0xA2,
    0xD3, 0xA2, 0xD3, 0xA2, 0xD3, 0xA2, 0xD3, 0xA2, 0xD3, 0xA2, 0xD3, 0xA2, 0xD3, 0xA2, 0xD3, 0xA2,
    0xD3, 0xA2, 0xD3, 0xA2, 0xD3, 0xA2, 0xD3, 0xA2, 0xD3, 0xA2, 0xD3, 0xA2, 0xD3, 0xA2, 0xD3, 0xA2,
    0xD3, 0xA2, 0xD3, 0xA2, 0xD3, 0xA2, 0xD3, 0xA2, 0xD3, 0xA2, 0xD3, 0xA2, 0xD3, 0xA2, 0xD3, 0xA2,
    0xD3, 0xA2, 0xD3, 0xA2, 0xD3, 0xA2, 0xD3, 0xA2, 0xD3, 0xA2, 0xD3, 0xA2, 0xD3, 0xA2, 0xD3, 0xA2,
    0xD3, 0xA2, 0xD3, 0xA2, 0xD3, 0xA2, 0xD3, 0xA2, 0xD3, 0xA2, 0xD3, 0xA2, 0xD3, 0xA2, 0xD3, 0xA2,
    0xD3, 0xA2, 0xD3, 0xA2, 0xD3, 0xA2, 0xD3, 0xA2, 0xD3, 0xA2, 0xD3, 0xA2, 0xD3, 0xA2, 0xD3, 0xA2,
    0xD3, 0xA2, 0xD3, 0xA2, 0xD3, 0xA2, 0xD3, 0xA2, 0xD3, 0xA2, 0xD3, 0xA2, 0xD3, 0xA2, 0xD3, 0xA2,
    0xD3, 0xA2, 0xD3, 0xA2, 0xD3, 0xA2, 0xD3, 0xA2, 0xD3, 0xA2, 0xD3, 0xA2, 0xD3, 0xA2, 0xD3, 0xA2,
    0xD3, 0xA2, 0xD3, 0xA2, 0xD3, 0xA2, 0xD3, 0xA2, 0xD3, 0xA2, 0xD3, 0xA2, 0xD3, 0xA2, 0xD3, 0xA2,
    0xD3, 0xA2, 0xD3, 0xA2, 0xD3, 0xA2, 0xD3, 0xA2, 0xD3, 0xA2, 0xD3, 0xA2, 0xD3, 0xA2, 0xD3, 0xA2,
    0xD3, 0xA2, 0xD3, 0xA2, 0xD3, 0xA2, 0xD3, 0xA2, 0xD3, 0xA2, 0xD3, 0xA2, 0xD3, 0xA2, 0xD3, 0xA2,
    0xD3, 0xA2, 0xD3, 0xA2, 0xD3, 0xA2, 0xD3, 0xA2, 0xD3, 0xA2, 0xD3, 0xA2, 0xD3, 0xA2, 0xD3, 0xA2,
    0xD3, 0xA2, 0xD3, 0xA2, 0xD3, 0xA2, 0xD3, 0xA2, 0xD3, 0xA2, 0xD3, 0xA2, 0xD3, 0xA2, 0xD3, 0xA2,
    0xD3, 0xA2, 0xD3, 0xA2, 0xD3, 0xA2, 0xD3, 0xA2, 0xD3, 0xA2, 0xD3, 0xA2, 0xD3, 0xA2, 0xD3, 0xA2,
    0xD3, 0xA2, 0xD3, 0xA2, 0xD3, 0xA2, 0xD3, 0xA2, 0xD3, 0xA2, 0xD3, 0xA2, 0xD3, 0xA2, 0xD3, 0xA2,
    0xD3, 0xA2, 0xD3, 0xA2, 0xD3, 0xA2, 0xD3, 0xA2, 0xD3, 0xA2, 0xD3, 0xA2, 0xD3, 0xA2, 0xD3, 0xA2,
    0xD3, 0xA2, 0xD3, 0xA2, 0xD3, 0xA2, 0xD3, 0xA2, 0xD3, 0xA2, 0xD3, 0xA2, 0xD3, 0xA2, 0xD3, 0xA2,
    0xD3, 0xA2, 0xD3, 0xA2, 0xD3, 0xA2, 0xD3, 0xA2, 0xD3, 0xA2, 0xD3, 0xA2, 0xD3, 0xA2, 0xD3, 0xA2,
    0xD3, 0xA2, 0xD3, 0xA2, 0xD3, 0xA2, 0xD3, 0xA2, 0xD3, 0xA2, 0xD3, 0xA2, 0xD3, 0xA2, 0xD3, 0xA2,
    0xD3, 0xA2, 0xD3, 0xA2, 0xD3, 0xA2, 0xD3, 0xA2, 0xD3, 0xA2, 0xD3, 0xA2, 0xD3, 0xA2, 0xD3, 0xA2,
    0xD3, 0xA2, 0xD3, 0xA2, 0xD3, 0xA2, 0xD3, 0xA2, 0xD3, 0xA2, 0xD3, 0xA2, 0xD3, 0xA2, 0xD3, 0xA2,
    0xD3, 0xA2, 0xD3, 0xA2, 0xD3, 0xA2, 0xD3, 0xA2, 0xD3, 0xA2, 0xD3, 0xA2, 0xD3, 0xA2, 0xD3, 0xA2,
    0xD3, 0xA2, 0xD3, 0xA2, 0xD3, 0xA2, 0xD3, 0xA2, 0xD3, 0xA2, 0xD3, 0xA2, 0xD3, 0xA2, 0xD3, 0xA2,
    0xD3, 0xA2, 0xD3, 0xA2, 0xD3, 0xA2, 0xD3, 0xA2, 0xD3, 0xA2, 0xD3, 0xA2, 0xD3, 0xA2, 0xD3, 0xA2,
    0xD3, 0xA2, 0xD3, 0xA2, 0xD3, 0xA2, 0xD3, 0xA2, 0xD3, 0xA2, 0xD3, 0xA2, 0xD3, 0xA2, 0xD3, 0xA2,
    0xD3, 0xA2, 0xD3, 0xA2, 0xD3, 0xA2, 0xD3, 0xA2, 0xD3, 0xA2, 0xD3, 0xA2, 0xD3, 0xA2, 0xD3, 0xA2,
    0xD3, 0xA2, 0xD3, 0xA2, 0xD3, 0xA2, 0xD3, 0xA2, 0xD3, 0xA2, 0xD3, 0xA2, 0xD3, 0xA2, 0xD3, 0xA2,
    0xD3, 0xA2, 0xD3, 0xA2, 0xD3, 0xA2, 0xD3, 0xA2, 0xD3, 0xA2, 0xD3, 0xA2, 0xD3, 0xA2, 0xD3, 0xA2,
    0xD3, 0xA2, 0xD3, 0xA2, 0xD3, 0xA2, 0xD3, 0xA2, 0xD3, 0xA2, 0xD3, 0xA2, 0xD3, 0xA2, 0xD3, 0xA2,
    0xD3, 0xA2, 0xD3, 0xA2, 0xD3, 0xA2, 0xD3, 0xA2, 0xD3, 0xA2, 0xD3, 0xA2, 0xD3, 0xA2, 0xD3, 0xA2,
    0xD3, 0xA2, 0xD3, 0xA2, 0xD3, 0xA2, 0xD3, 0xA2, 0xD3, 0xA2, 0xD3, 0xA2, 0xD3, 0xA2, 0xD3, 0xA2,
    0xD3, 0xA2, 0xD3, 0xA2, 0xD3, 0xA2, 0xD3, 0xA2, 0xD3, 0xA2, 0xD3, 0xA2, 0xD3, 0xA2, 0xD3, 0xA2,
    0xD3, 0xA2, 0xD3, 0xA2, 0xD3, 0xA2, 0xD3, 0xA2, 0xD3, 0xA2, 0xD3, 0xA2, 0xD3, 0xA2, 0xD3, 0xA2,
    0xD3, 0xA2, 0xD3, 0xA2, 0xD3, 0xA2, 0xD3, 0xA2, 0xD3, 0xA2, 0xD3, 0xA2, 0xD3, 0xA2, 0xD3, 0xA2,
    0xD3, 0xA2, 0xD3, 0xA2, 0xD3, 0xA2, 0xD3, 0xA2, 0xD3, 0xA2, 0xD3, 0xA2, 0xD3, 0xA2, 0xD3, 0xA2,
    0xD3, 0xA2, 0xD3, 0xA2, 0xD3, 0xA2, 0xD3, 0xA2, 0xD3, 0xA2, 0xD3, 0xA2, 0xD3, 0xA2, 0xD3, 0xA2,
    0xD3, 0xA2, 0xD3, 0xA2, 0xD3, 0xA2, 0xD3, 0xA2, 0xD3, 0xA2, 0xD3, 0xA2, 0xD3, 0xA2, 0xD3, 0xA2,
    0xD3, 0xA2, 0xD3, 0xA2, 0xD3, 0xA2, 0xD3, 0xA2, 0xD3, 0xA2, 0xD3, 0xA2, 0xD3, 0xA2, 0xD3, 0xA2,
    0xD3, 0xA2, 0xD3, 0xA2, 0xD3, 0xA2, 0xD3, 0xA2, 0xD3, 0xA2, 0xD3, 0xA2, 0xD3, 0xA2, 0xD3, 0xA2,
    0xD3, 0xA2, 0xD3, 0xA2, 0xD3, 0xA2, 0xD3, 0xA2, 0xD3, 0xA2, 0xD3, 0xA2, 0xD3, 0xA2, 0xD3, 0xA2,
    0xD3, 0xA2, 0xD3, 0xA2, 0xD3, 0xA2, 0xD3, 0xA2, 0xD3, 0xA2, 0xD3, 0xA2, 0xD3, 0xA2, 0xD3, 0xA2,
    0xD3, 0xA2, 0xD3, 0xA2, 0xD3, 0xA2, 0xD3, 0xA2, 0xD3, 0xA2, 0xD3, 0xA2, 0xD3, 0xA2, 0xD3, 0xA2,
    0xD3, 0xA2, 0xD3, 0xA2, 0xD3, 0xA2, 0xD3, 0xA2, 0xD3, 0xA2, 0xD3, 0xA2, 0xD3, 0xA2, 0xD3, 0xA2,
    0xD3, 0xA2, 0xD3, 0xA2, 0xD3, 0xA2, 0xD3, 0xA2, 0xD3, 0xA2, 0xD3, 0xA2, 0xD3, 0xA2, 0xD3, 0xA2,
    0xD3, 0xA2, 0xD3, 0xA2, 0xD3, 0xA2, 0xD3, 0xA2, 0xD3, 0xA2, 0xD3, 0xA2, 0xD3, 0xA2, 0xD3, 0xA2,
    0xD3, 0xA2, 0xD3, 0xA2, 0xD3, 0xA2, 0xD3, 0xA2, 0xD3, 0xA2, 0xD3, 0xA2, 0xD3, 0xA2, 0xD3, 0xA2,
    0xD3, 0xA2, 0xD3, 0xA2, 0xD3, 0xA2, 0xD3, 0xA2, 0xD3, 0xA2, 0xD3, 0xA2, 0xD3, 0xA2, 0xD3, 0xA2,
    0xD3, 0xA2, 0xD3, 0xA2, 0xD3, 0xA2, 0xD3, 0xA2, 0xD3, 0xA2, 0xD3, 0xA2, 0xD3, 0xA2, 0xD3, 0xA2,
    0xD3, 0xA2, 0xD3, 0xA2, 0xD3, 0xA2, 0xD3, 0xA2, 0xD3, 0xA2, 0xD3, 0xA2, 0xD3, 0xA2, 0xD3, 0xA2,
    0xD3, 0xA2, 0xD3, 0xA2, 0xD3, 0xA2, 0xD3, 0xA2, 0xD3, 0xA2, 0xD3, 0xA2, 0xD3, 0xA2, 0xD3, 0xA2,
    0xD3, 0xA2, 0xD3, 0xA2, 0xD3, 0xA2, 0xD3, 0xA2, 0xD3, 0xA2, 0xD3, 0xA2, 0xD3, 0xA2, 0xD3, 0xA2,
    0xD3, 0xA2, 0xD3, 0xA2, 0xD3, 0xA2, 0xD3, 0xA2, 0xD3, 0xA2, 0xD3, 0xA2, 0xD3, 0xA2, 0xD3, 0xA2,
    0xD3, 0xA2, 0xD3, 0xA2, 0xD3, 0xA2, 0xD3, 0xA2, 0xD3, 0xA2, 0xD3, 0xA2, 0xD3, 0xA2, 0xD3, 0xA2,
    0xD3, 0xA2, 0xD3, 0xA2, 0xD3, 0xA2, 0xD3, 0xA2, 0xD3, 0xA2, 0xD3, 0xA2, 0xD3, 0xA2, 0xD3, 0xA2,
    0xD3, 0xA2, 0xD3, 0xA2, 0xD3, 0xA2, 0xD3, 0xA2, 0xD3, 0xA2, 0xD3, 0xA2, 0xD3, 0xA2, 0xD3, 0xA2,
    0xD3, 0xA2, 0xD3, 0xA2, 0xD3, 0xA2, 0xD3, 0xA2, 0xD3, 0xA2, 0xD3, 0xA2, 0xD3, 0xA2, 0xD3, 0xA2,
    0xD3, 0xA2, 0xD3, 0xA2, 0xD3, 0xA2, 0xD3, 0xA2, 0xD3, 0xA2, 0xD3, 0xA2, 0xD3, 0xA2, 0xD3, 0xA2,
    0xD3, 0xA2, 0xD3, 0xA2, 0xD3, 0xA2, 0xD3, 0xA2, 0xD3, 0xA2, 0xD3, 0xA2, 0xD3, 0xA2, 0xD3, 0xA2,
    0xD3, 0xA2, 0xD3, 0xA2, 0xD3, 0xA2, 0xD3, 0xA2, 0xD3, 0xA2, 0xD3, 0xA2, 0xD3, 0xA2, 0xD3, 0xA2,
    0xD3, 0xA2, 0xD3, 0xA2, 0xD3, 0xA2, 0xD3, 0xA2, 0xD3, 0xA2, 0xD3, 0xA2, 0xD3, 0xA2, 0xD3, 0xA2,
    0xD3, 0xA2, 0xD3, 0xA2, 0xD3, 0xA2, 0xD3, 0xA2, 0xD3, 0xA2, 0xD3, 0xA2, 0xD3, 0xA2, 0xD3, 0xA2,
    0xD3, 0xA2, 0xD3, 0xA2, 0xD3, 0xA2, 0xD3, 0xA2, 0xD3, 0xA2, 0xD3, 0xA2, 0xD3, 0xA2, 0xD3, 0xA2,
    0xD3, 0xA2, 0xD3, 0xA2, 0xD3, 0xA2, 0xD3, 0xA2, 0xD3, 0xA2, 0xD3, 0xA2, 0xD3, 0xA2, 0xD3, 0xA2,
    0xD3, 0xA2, 0xD3, 0xA2, 0xD3, 0xA2, 0xD3, 0xA2, 0xD3, 0xA2, 0xD3, 0xA2, 0xD3, 0xA2, 0xD3, 0xA2,
    0xD3, 0xA2, 0xD3, 0xA2, 0xD3, 0xA2, 0xD3, 0xA2, 0xD3, 0xA2, 0xD3, 0xA2, 0xD3, 0xA2, 0xD3, 0xA2,
    0xD3, 0xA2, 0xD3, 0xA2, 0xD3, 0xA2, 0xD3, 0xA2, 0xD3, 0xA2, 0xD3, 0xA2, 0xD3, 0xA2, 0xD3, 0xA2,
    0xD3, 0xA2, 0xD3, 0xA2, 0xD3, 0xA2, 0xD3, 0xA2, 0xD3, 0xA2, 0xD3, 0xA2, 0xD3, 0xA2, 0xD3, 0xA2,
    0xD3, 0xA2, 0xD3, 0xA2, 0xD3, 0xA2, 0xD3, 0xA2, 0xD3, 0xA2, 0xD3, 0xA2, 0xD3, 0xA2, 0xD3, 0xA2,
    0xD3, 0xA2, 0xD3, 0xA2, 0xD3, 0xA2, 0xD3, 0xA2, 0xD3, 0xA2, 0xD3, 0xA2, 0xD3, 0xA2, 0xD3, 0xA2,
    0xD3, 0xA2, 0xD3, 0xA2, 0xD3, 0xA2, 0xD3, 0xA2, 0xD3, 0xA2, 0xD3, 0xA2, 0xD3, 0xA2, 0xD3, 0xA2,
    0xD3, 0xA2, 0xD3, 0xA2, 0xD3, 0xA2, 0xD3, 0xA2, 0xD3, 0xA2, 0xD3, 0xA2, 0xD3, 0xA2, 0xD3, 0xA2,
    0xD3, 0xA2, 0xD3, 0xA2, 0xD3, 0xA2, 0xD3, 0xA2, 0xD3, 0xA2, 0xD3, 0xA2, 0xD3, 0xA2, 0xD3, 0xA2,
    0xD3, 0xA2, 0xD3, 0xA2, 0xD3, 0xA2, 0xD3, 0xA2, 0xD3, 0xA2, 0xD3, 0xA2, 0xD3, 0xA2, 0xD3, 0xA2,
    0xD3, 0xA2, 0xD3, 0xA2, 0xD3, 0xA2, 0xD3, 0xA2, 0xD3, 0xA2, 0xD3, 0xA2, 0xD3, 0xA2, 0xD3, 0xA2,
    0xD3, 0xA2, 0xD3, 0xA2, 0xD3, 0xA2, 0xD3, 0xA2, 0xD3, 0xA2, 0xD3, 0xA2, 0xD3, 0xA2, 0xD3, 0xA2,
    0xD3, 0xA2, 0xD3, 0xA2, 0xD3, 0xA2, 0xD3, 0xA2, 0xD3, 0xA2, 0xD3, 0xA2, 0xD3, 0xA2, 0xD3, 0xA2,
    0xD3, 0xA2, 0xD3, 0xA2, 0xD3, 0xA2, 0xD3, 0xA2, 0xD3, 0xA2, 0xD3, 0xA2, 0xD3, 0xA2, 0xD3, 0xA2,
    0xD3, 0xA2, 0xD3, 0xA2, 0xD3, 0xA2, 0xD3, 0xA2, 0xD3, 0xA2, 0xD3, 0xA2, 0xD3, 0xA2, 0xD3, 0xA2,
    0xD3, 0xA2, 0xD3, 0xA2, 0xD3, 0xA2, 0xD3, 0xA2, 0xD3, 0xA2, 0xD3, 0xA2, 0xD3, 0xA2, 0xD3, 0xA2,
    0xD3, 0xA2, 0xD3, 0xA2, 0xD3, 0xA2, 0xD3, 0xA2, 0xD3, 0xA2, 0xD3, 0xA2, 0xD3, 0xA2, 0xD3, 0xA2,
    0xD3, 0xA2, 0xD3, 0xA2, 0xD3, 0xA2, 0xD3, 0xA2, 0xD3, 0xA2, 0xD3, 0xA2, 0xD3, 0xA2, 0xD3, 0xA2,
    0xD3, 0xA2, 0xD3, 0xA2, 0xD3, 0xA2, 0xD3, 0xA2, 0xD3, 0xA2, 0xD3, 0xA2, 0xD3, 0xA2, 0xD3, 0xA2,
    0xD3, 0xA2, 0xD3, 0xA2, 0xD3, 0xA2, 0xD3, 0xA2, 0xD3, 0xA2, 0xD3, 0xA2, 0xD3, 0xA2, 0xD3, 0xA2,
    0xD3, 0xA2, 0xD3, 0xA2, 0xD3, 0xA2, 0xD3, 0xA2, 0xD3, 0xA2, 0xD3, 0xA2, 0xD3, 0xA2, 0xD3, 0xA2,
    0xD3, 0xA2, 0xD3, 0xA2, 0xD3, 0xA2, 0xD3, 0xA2, 0xD3, 0xA2, 0xD3, 0xA2, 0xD3, 0xA2, 0xD3, 0xA2,
    0xD3, 0xA2, 0xD3, 0xA2, 0xD3, 0xA2, 0xD3, 0xA2, 0xD3, 0xA2, 0xD3, 0xA2, 0xD3, 0xA2, 0xD3, 0xA2,
    0xD3, 0xA2, 0xD3, 0xA2, 0xD3, 0xA2, 0xD3, 0xA2, 0xD3, 0xA2, 0xD3, 0xA2, 0xD3, 0xA2, 0xD3, 0xA2,
    0xD3, 0xA2, 0xD3, 0xA2, 0xD3, 0xA2, 0xD3, 0xA2, 0xD3, 0xA2, 0xD3, 0xA2, 0xD3, 0xA2, 0xD3, 0xA2,
    0xD3, 0xA2, 0xD3, 0xA2, 0xD3, 0xA2, 0xD3, 0xA2, 0xD3, 0xA2, 0xD3, 0xA2, 0xD3, 0xA2, 0xD3, 0xA2,
    0xD3, 0xA2, 0xD3, 0xA2, 0xD3, 0xA2, 0xD3, 0xA2, 0xD3, 0xA2, 0xD3, 0xA2, 0xD3, 0xA2, 0xD3, 0xA2,
    0xD3, 0xA2, 0xD3, 0xA2, 0xD3, 0xA2, 0xD3, 0xA2, 0xD3, 0xA2, 0xD3, 0xA2, 0xD3, 0xA2, 0xD3, 0xA2,
    0xD3, 0xA2, 0xD3, 0xA2, 0xD3, 0xA2, 0xD3, 0xA2, 0xD3, 0xA2, 0xD3, 0xA2, 0xD3, 0xA2, 0xD3, 0xA2,
    0xD3, 0xA2, 0xD3, 0xA2, 0xD3, 0xA2, 0xD3, 0xA2, 0xD3, 0xA2, 0xD3, 0xA2, 0xD3, 0xA2, 0xD3, 0xA2,
    0xD3, 0xA2, 0xD3, 0xA2, 0xD3, 0xA2, 0xD3, 0xA2, 0xD3, 0xA2, 0xD3, 0xA2, 0xD3, 0xA2, 0xD3, 0xA2,
    0xD3, 0xA2, 0xD3, 0xA2, 0xD3, 0xA2, 0xD3, 0xA2, 0xD3, 0xA2, 0xD3, 0xA2, 0xD3, 0xA2, 0xD3, 0xA2,
    0xD3, 0xA2, 0xD3, 0xA2, 0xD3, 0xA2, 0xD3, 0xA2, 0xD3, 0xA2, 0xD3, 0xA2, 0xD3, 0xA2, 0xD3, 0xA2,
    0xD3, 0xA2, 0xD3, 0xA2, 0xD3, 0xA2, 0xD3, 0xA2, 0xD3, 0xA2, 0xD3, 0xA2, 0xD3, 0xA2, 0xD3, 0xA2,
    0xD3, 0xA2, 0xD3, 0xA2, 0xD3, 0xA2, 0xD3, 0xA2, 0xD3, 0xA2, 0xD3, 0xA2, 0xD3, 0xA2, 0xD3, 0xA2,
    0xD3, 0xA2, 0xD3, 0xA2, 0xD3, 0xA2, 0xD3, 0xA2, 0xD3, 0xA2, 0xD3, 0xA2, 0xD3, 0xA2, 0xD3, 0xA2,
    0xD3, 0xA2, 0xD3, 0xA2, 0xD3, 0xA2, 0xD3, 0xA2, 0xD3, 0xA2, 0xD3, 0xA2, 0xD3, 0xA2, 0xD3, 0xA2,
    0xD3, 0xA2, 0xD3, 0xA2, 0xD3, 0xA2, 0xD3, 0xA2, 0xD3, 0xA2, 0xD3, 0xA2, 0xD3, 0xA2, 0xD3, 0xA2,
    0xD3, 0xA2, 0xD3, 0xA2, 0xD3, 0xA2, 0xD3, 0xA2, 0xD3, 0xA2, 0xD3, 0xA2, 0xD3, 0xA2, 0xD3, 0xA2,
    0xD3, 0xA2, 0xD3, 0xA2, 0xD3, 0xA2, 0xD3, 0xA2, 0xD3, 0xA2, 0xD3, 0xA2, 0xD3, 0xA2, 0xD3, 0xA2,
    0xD3, 0xA2, 0xD3, 0xA2, 0xD3, 0xA2, 0xD3, 0xA2, 0xD3, 0xA2, 0xD3, 0xA2, 0xD3, 0xA2, 0xD3, 0xA2,
    0xD3, 0xA2, 0xD3, 0xA2, 0xD3, 0xA2, 0xD3, 0xA2, 0xD3, 0xA2, 0xD3, 0xA2, 0xD3, 0xA2, 0xD3, 0xA2,
    0xD3, 0xA2, 0xD3, 0xA2, 0xD3, 0xA2, 0xD3, 0xA2, 0xD3, 0xA2, 0xD3, 0xA2, 0xD3, 0xA2, 0xD3, 0xA2,
    0xD3, 0xA2, 0xD3, 0xA2, 0xD3, 0xA2, 0xD3, 0xA2, 0xD3, 0xA2, 0xD3, 0xA2, 0xD3, 0xA2, 0xD3, 0xA2,
    0xD3, 0xA2, 0xD3, 0xA2, 0xD3, 0xA2, 0xD3, 0xA2, 0xD3, 0xA2, 0xD3, 0xA2, 0xD3, 0xA2, 0xD3, 0xA2,
    0xD3, 0xA2, 0xD3, 0xA2, 0xD3, 0xA2, 0xD3, 0xA2, 0xD3, 0xA2, 0xD3, 0xA2, 0xD3, 0xA2, 0xD3, 0xA2,
    0xD3, 0xA2, 0xD3, 0xA2, 0xD3, 0xA2, 0xD3, 0xA2, 0xD3, 0xA2, 0xD3, 0xA2, 0xD3, 0xA2, 0xD3, 0xA2,
    0xD3, 0xA2, 0xD3, 0xA2, 0xD3, 0xA2, 0xD3, 0xA2, 0xD3, 0xA2, 0xD3, 0xA2, 0xD3, 0xA2, 0xD3, 0xA2,
    0xD3, 0xA2, 0xD3, 0xA2, 0xD3, 0xA2, 0xD3, 0xA2, 0xD3, 0xA2, 0xD3, 0xA2, 0xD3, 0xA2, 0xD3, 0xA2,
    0xD3, 0xA2, 0xD3, 0xA2, 0xD3, 0xA2, 0xD3, 0xA2, 0xD3, 0xA2, 0xD3, 0xA2, 0xD3, 0xA2, 0xD3, 0xA2,
    0xD3, 0xA2, 0xD3, 0xA2, 0xD3, 0xA2, 0xD3, 0xA2, 0xD3, 0xA2, 0xD3, 0xA2, 0xD3, 0xA2, 0xD3, 0xA2,
    0xD3, 0xA2, 0xD3, 0xA2, 0xD3, 0xA2, 0xD3, 0xA2, 0xD3, 0xA2, 0xD3, 0xA2, 0xD3, 0xA2, 0xD3, 0xA2,
    0xD3, 0xA2, 0xD3, 0xA2, 0xD3, 0xA2, 0xD3, 0xA2, 0xD3, 0xA2, 0xD3, 0xA2, 0xD3, 0xA2, 0xD3, 0xA2,
    0xD3, 0xA2, 0xD3, 0xA2, 0xD3, 0xA2, 0xD3, 0xA2, 0xD3, 0xA2, 0xD3, 0xA2, 0xD3, 0xA2, 0xD3, 0xA2,
    0xD3, 0xA2, 0xD3, 0xA2, 0xD3, 0xA2, 0xD3, 0xA2, 0xD3, 0xA2, 0xD3, 0xA2, 0xD3, 0xA2, 0xD3, 0xA2,
    0xD3, 0xA2, 0xD3, 0xA2, 0xD3, 0xA2, 0xD3, 0xA2, 0xD3, 0xA2, 0xD3, 0xA2, 0xD3, 0xA2, 0xD3, 0xA2,
    0xD3, 0xA2, 0xD3, 0xA2, 0xD3, 0xA2, 0xD3, 0xA2, 0xD3, 0xA2, 0xD3, 0xA2, 0xD3, 0xA2, 0xD3, 0xA2,
    0xD3, 0xA2, 0xD3, 0xA2, 0xD3, 0xA2, 0xD3, 0xA2, 0xD3, 0xA2, 0xD3, 0xA2, 0xD3, 0xA2, 0xD3, 0xA2,
    0xD3, 0xA2, 0xD3, 0xA2, 0xD3, 0xA2, 0xD3, 0xA2, 0xD3, 0xA2, 0xD3, 0xA2, 0xD3, 0xA2, 0xD3, 0xA2,
    0xD3, 0xA2, 0xD3, 0xA2, 0xD3, 0xA2, 0xD3, 0xA2, 0xD3, 0xA2, 0xD3, 0xA2, 0xD3, 0xA2, 0xD3, 0xA2,
    0xD3, 0xA2, 0xD3, 0xA2, 0xD3, 0xA2, 0xD3, 0xA2, 0xD3, 0xA2, 0xD3, 0xA2, 0xD3, 0xA2, 0xD3, 0xA2,
    0xD3, 0xA2, 0xD3, 0xA2, 0xD3, 0xA2, 0xD3, 0xA2, 0xD3, 0xA2, 0xD3, 0xA2, 0xD3, 0xA2, 0xD3, 0xA2,
    0xD3, 0xA2, 0xD3, 0xA2, 0xD3, 0xA2, 0xD3, 0xA2, 0xD3, 0xA2, 0xD3, 0xA2, 0xD3, 0xA2, 0xD3, 0xA2,
    0xD3, 0xA2, 0xD3, 0xA2, 0xD3, 0xA2, 0xD3, 0xA2, 0xD3, 0xA2, 0xD3, 0xA2, 0xD3, 0xA2, 0xD3, 0xA2,
    0xD3, 0xA2, 0xD3, 0xA2, 0xD3, 0xA2, 0xD3, 0xA2, 0xD3, 0xA2, 0xD3, 0xA2, 0xD3, 0xA2, 0xD3, 0xA2,
    0xD3, 0xA2, 0xD3, 0xA2, 0xD3, 0xA2, 0xD3, 0xA2, 0xD3, 0xA2, 0xD3, 0xA2, 0xD3, 0xA2, 0xD3, 0xA2,
    0xD3, 0xA2, 0xD3, 0xA2, 0xD3, 0xA2, 0xD3, 0xA2, 0xD3, 0xA2, 0xD3, 0xA2, 0xD3, 0xA2, 0xD3, 0xA2,
    0xD3, 0xA2, 0xD3, 0xA2, 0xD3, 0xA2, 0xD3, 0xA2, 0xD3, 0xA2, 0xD3, 0xA2, 0xD3, 0xA2, 0xD3, 0xA2,
    0xD3, 0xA2, 0xD3, 0xA2, 0xD3, 0xA2, 0xD3, 0xA2, 0xD3, 0xA2, 0xD3, 0xA2, 0xD3, 0xA2, 0xD3, 0xA2,
    0xD3, 0xA2, 0xD3, 0xA2, 0xD3, 0xA2, 0xD3, 0xA2, 0xD3, 0xA2, 0xD3, 0xA2, 0xD3, 0xA2, 0xD3, 0xA2,
    0xD3, 0xA2, 0xD3, 0xA2, 0xD3, 0xA2, 0xD3, 0xA2, 0xD3, 0xA2, 0xD3, 0xA2, 0xD3, 0xA2, 0xD3, 0xA2,
    0xD3, 0xA2, 0xD3, 0xA2, 0xD3, 0xA2, 0xD3, 0xA2, 0xD3, 0xA2, 0xD3, 0xA2, 0xD3, 0xA2, 0xD3, 0xA2,
    0xD3, 0xA2, 0xD3, 0xA2, 0xD3, 0xA2, 0xD3, 0xA2, 0xD3, 0xA2, 0xD3, 0xA2, 0xD3, 0xA2, 0xD3, 0xA2,
    0xD3, 0xA2, 0xD3, 0xA2, 0xD3, 0xA2, 0xD3, 0xA2, 0xD3, 0xA2, 0xD3, 0xA2, 0xD3, 0xA2, 0xD3, 0xA2,
    0xD3, 0xA2, 0xD3, 0xA2, 0xD3, 0xA2, 0xD3, 0xA2, 0xD3, 0xA2, 0xD3, 0xA2, 0xD3, 0xA2, 0xD3, 0xA2,
    0xD3, 0xA2, 0xD3, 0xA2, 0xD3, 0xA2, 0xD3, 0xA2, 0xD3, 0xA2, 0xD3, 0xA2, 0xD3, 0xA2, 0xD3, 0xA2,
    0xD3, 0xA2, 0xD3, 0xA2, 0xD3, 0xA2, 0xD3, 0xA2, 0xD3, 0xA2, 0xD3, 0xA2, 0xD3, 0xA2, 0xD3, 0xA2,
    0xD3, 0xA2, 0xD3, 0xA2, 0xD3, 0xA2, 0xD3, 0xA2, 0xD3, 0xA2, 0xD3, 0xA2, 0xD3, 0xA2, 0xD3, 0xA2,
    0xD3, 0xA2, 0xD3, 0xA2, 0xD3, 0xA2, 0xD3, 0xA2, 0xD3, 0xA2, 0xD3, 0xA2, 0xD3, 0xA2, 0xD3, 0xA2,
    0xD3, 0xA2, 0xD3, 0xA2, 0xD3, 0xA2, 0xD3, 0xA2, 0xD3, 0xA2, 0xD3, 0xA2, 0xD3, 0xA2, 0xD3, 0xA2,
    0xD3, 0xA2, 0xD3, 0xA2, 0xD3, 0xA2, 0xD3, 0xA2, 0xD3, 0xA2, 0xD3, 0xA2, 0xD3, 0xA2, 0xD3, 0xA2,
    0xD3, 0xA2, 0xD3, 0xA2, 0xD3, 0xA2, 0xD3, 0xA2, 0xD3, 0xA2, 0xD3, 0xA2, 0xD3, 0xA2, 0xD3, 0xA2,
    0xD3, 0xA2, 0xD3, 0xA2, 0xD3, 0xA2, 0xD3, 0xA2, 0xD3, 0xA2, 0xD3, 0xA2, 0xD3, 0xA2, 0xD3, 0xA2,
    0xD3, 0xA2, 0xD3, 0xA2, 0xD3, 0xA2, 0xD3, 0xA2, 0xD3, 0xA2, 0xD3, 0xA2, 0xD3, 0xA2, 0xD3, 0xA2,
    0xD3, 0xA2, 0xD3, 0xA2, 0xD3, 0xA2, 0xD3, 0xA2, 0xD3, 0xA2, 0xD3, 0xA2, 0xD3, 0xA2, 0xD3, 0xA2,
    0xD3, 0xA2, 0xD3, 0xA2, 0xD3, 0xA2, 0xD3, 0xA2, 0xD3, 0xA2, 0xD3, 0xA2, 0xD3, 0xA2, 0xD3, 0xA2,
    0xD3, 0xA2, 0xD3, 0xA2, 0xD3, 0xA2, 0xD3, 0xA2, 0xD3, 0xA2, 0xD3, 0xA2, 0xD3, 0xA2, 0xD3, 0xA2,
    0xD3, 0xA2, 0xD3, 0xA2, 0xD3, 0xA2, 0xD3, 0xA2, 0xD3, 0xA2, 0xD3, 0xA2, 0xD3, 0xA2, 0xD3, 0xA2,
    0xD3, 0xA2, 0xD3, 0xA2, 0xD3, 0xA2, 0xD3, 0xA2, 0xD3, 0xA2, 0xD3, 0xA2, 0xD3, 0xA2, 0xD3, 0xA2,
    0xD3, 0xA2, 0xD3, 0xA2, 0xD3, 0xA2, 0xD3, 0xA2, 0xD3, 0xA2, 0xD3, 0xA2, 0xD3, 0xA2, 0xD3, 0xA2,
    0xD3, 0xA2, 0xD3, 0xA2, 0xD3, 0xA2, 0xD3, 0xA2, 0xD3, 0xA2, 0xD3, 0xA2, 0xD3, 0xA2, 0xD3, 0xA2,
    0xD3, 0xA2, 0xD3, 0xA2, 0xD3, 0xA2, 0xD3, 0xA2, 0xD3, 0xA2, 0xD3, 0xA2, 0xD3, 0xA2, 0xD3, 0xA2,
    0xD3, 0xA2, 0xD3, 0xA2, 0xD3, 0xA2, 0xD3, 0xA2, 0xD3, 0xA2, 0xD3, 0xA2, 0xD3, 0xA2, 0xD3, 0xA2,
    0xD3, 0xA2, 0xD3, 0xA2, 0xD3, 0xA2, 0xD3, 0xA2, 0xD3, 0xA2, 0xD3, 0xA2, 0xD3, 0xA2, 0xD3, 0xA2,
    0xD3, 0xA2, 0xD3, 0xA2, 0xD3, 0xA2, 0xD3, 0xA2, 0xD3, 0xA2, 0xD3, 0xA2, 0xD3, 0xA2, 0xD3, 0xA2,
    0xD3, 0xA2, 0xD3, 0xA2, 0xD3, 0xA2, 0xD3, 0xA2, 0xD3, 0xA2, 0xD3, 0xA2, 0xD3, 0xA2, 0xD3, 0xA2,
    0xD3, 0xA2, 0xD3, 0xA2, 0xD3, 0xA2, 0xD3, 0xA2, 0xD3, 0xA2, 0xD3, 0xA2, 0xD3, 0xA2, 0xD3, 0xA2,
    0xD3, 0xA2, 0xD3, 0xA2, 0xD3, 0xA2, 0xD3, 0xA2, 0xD3, 0xA2, 0xD3, 0xA2, 0xD3, 0xA2, 0xD3, 0xA2,
    0xD3, 0xA2, 0xD3, 0xA2, 0xD3, 0xA2, 0xD3, 0xA2, 0xD3, 0xA2, 0xD3, 0xA2, 0xD3, 0xA2, 0xD3, 0xA2,
    0xD3, 0xA2, 0xD3, 0xA2, 0xD3, 0xA2, 0xD3, 0xA2, 0xD3, 0xA2, 0xD3, 0xA2, 0xD3, 0xA2, 0xD3, 0xA2,
    0xD3, 0xA2, 0xD3, 0xA2, 0xD3, 0xA2, 0xD3, 0xA2, 0xD3, 0xA2, 0xD3, 0xA2, 0xD3, 0xA2, 0xD3, 0xA2,
    0xD3, 0xA2, 0xD3, 0xA2, 0xD3, 0xA2, 0xD3, 0xA2, 0xD3, 0xA2, 0xD3, 0xA2, 0xD3, 0xA2, 0xD3, 0xA2,
    0xD3, 0xA2, 0xD3, 0xA2, 0xD3, 0xA2, 0xD3, 0xA2, 0xD3, 0xA2, 0xD3, 0xA2, 0xD3, 0xA2, 0xD3, 0xA2,
    0xD3, 0xA2, 0xD3, 0xA2, 0xD3, 0xA2, 0xD3, 0xA2, 0xD3, 0xA2, 0xD3, 0xA2, 0xD3, 0xA2, 0xD3, 0xA2,
    0xD3, 0xA2, 0xD3, 0xA2, 0xD3, 0xA2, 0xD3, 0xA2, 0xD3, 0xA2, 0xD3, 0xA2, 0xD3, 0xA2, 0xD3, 0xA2,
    0xD3, 0xA2, 0xD3, 0xA2, 0xD3, 0xA2, 0xD3, 0xA2, 0xD3, 0xA2, 0xD3, 0xA2, 0xD3, 0xA2, 0xD3, 0xA2,
    0xD3, 0xA2, 0xD3, 0xA2, 0xD3, 0xA2, 0xD3, 0xA2, 0xD3, 0xA2, 0xD3, 0xA2, 0xD3, 0xA2, 0xD3, 0xA2,
    0xD3, 0xA2, 0xD3, 0xA2, 0xD3, 0xA2, 0xD3, 0xA2, 0xD3, 0xA2, 0xD3, 0xA2, 0xD3, 0xA2, 0xD3, 0xA2,
    0xD3, 0xA2, 0xD3, 0xA2, 0xD3, 0xA2, 0xD3, 0xA2, 0xD3, 0xA2, 0xD3, 0xA2, 0xD3, 0xA2, 0xD3, 0xA2,
    0xD3, 0xA2, 0xD3, 0xA2, 0xD3, 0xA2, 0xD3, 0xA2, 0xD3, 0xA2, 0xD3, 0xA2, 0xD3, 0xA2, 0xD3, 0xA2,
    0xD3, 0xA2, 0xD3, 0xA2, 0xD3, 0xA2, 0xD3, 0xA2, 0xD3, 0xA2, 0xD3, 0xA2, 0xD3, 0xA2, 0xD3, 0xA2,
    0xD3, 0xA2, 0xD3, 0xA2, 0xD3, 0xA2, 0xD3, 0xA2, 0xD3, 0xA2, 0xD3, 0xA2, 0xD3, 0xA2, 0xD3, 0xA2,
    0xD3, 0xA2, 0xD3, 0xA2, 0xD3, 0xA2, 0xD3, 0xA2, 0xD3, 0xA2, 0xD3, 0xA2, 0xD3, 0xA2, 0xD3, 0xA2,
    0xD3, 0xA2, 0xD3, 0xA2, 0xD3, 0xA2, 0xD3, 0xA2, 0xD3, 0xA2, 0xD3, 0xA2, 0xD3, 0xA2, 0xD3, 0xA2,
    0xD3, 0xA2, 0xD3, 0xA2, 0xD3, 0xA2, 0xD3, 0xA2, 0xD3, 0xA2, 0xD3, 0xA2, 0xD3, 0xA2, 0xD3, 0xA2,
    0xD3, 0xA2, 0xD3, 0xA2, 0xD3, 0xA2, 0xD3, 0xA2, 0xD3, 0xA2, 0xD3, 0xA2, 0xD3, 0xA2, 0xD3, 0xA2,
    0xD3, 0xA2, 0xD3, 0xA2, 0xD3, 0xA2, 0xD3, 0xA2, 0xD3, 0xA2, 0xD3, 0xA2, 0xD3, 0xA2, 0xD3, 0xA2,
    0xD3, 0xA2, 0xD3, 0xA2, 0xD3, 0xA2, 0xD3, 0xA2, 0xD3, 0xA2, 0xD3, 0xA2, 0xD3, 0xA2, 0xD3, 0xA2,
    0xD3, 0xA2, 0xD3, 0xA2, 0xD3, 0xA2, 0xD3, 0xA2, 0xD3, 0xA2, 0xD3, 0xA2, 0xD3, 0xA2, 0xD3, 0xA2,
    0xD3, 0xA2, 0xD3, 0xA2, 0xD3, 0xA2, 0xD3, 0xA2, 0xD3, 0xA2, 0xD3, 0xA2, 0xD3, 0xA2, 0xD3, 0xA2,
    0xD3, 0xA2, 0xD3, 0xA2, 0xD3, 0xA2, 0xD3, 0xA2, 0xD3, 0xA2, 0xD3, 0xA2, 0xD3, 0xA2, 0xD3, 0xA2,
    0xD3, 0xA2, 0xD3, 0xA2, 0xD3, 0xA2, 0xD3, 0xA2, 0xD3, 0xA2, 0xD3, 0xA2, 0xD3, 0xA2, 0xD3, 0xA2,
    0xD3, 0xA2, 0xD3, 0xA2, 0xD3, 0xA2, 0xD3, 0xA2, 0xD3, 0xA2, 0xD3, 0xA2, 0xD3, 0xA2, 0xD3, 0xA2,
    0xD3, 0xA2, 0xD3, 0xA2, 0xD3, 0xA2, 0xD3, 0xA2, 0xD3, 0xA2, 0xD3, 0xA2, 0xD3, 0xA2, 0xD3, 0xA2,
    0xD3, 0xA2, 0xD3, 0xA2, 0xD3, 0xA2, 0xD3, 0xA2, 0xD3, 0xA2, 0xD3, 0xA2, 0xD3, 0xA2, 0xD3, 0xA2,
    0xD3, 0xA2, 0xD3, 0xA2, 0xD3, 0xA2, 0xD3, 0xA2, 0xD3, 0xA2, 0xD3, 0xA2, 0xD3, 0xA2, 0xD3, 0xA2,
    0xD3, 0xA2, 0xD3, 0xA2, 0xD3, 0xA2, 0xD3, 0xA2, 0xD3, 0xA2, 0xD3, 0xA2, 0xD3, 0xA2, 0xD3, 0xA2,
    0xD3, 0xA2, 0xD3, 0xA2, 0xD3, 0xA2, 0xD3, 0xA2, 0xD3, 0xA2, 0xD3, 0xA2, 0xD3, 0xA2, 0xD3, 0xA2,
    0xD3, 0xA2, 0xD3, 0xA2, 0xD3, 0xA2, 0xD3, 0xA2, 0xD3, 0xA2, 0xD3, 0xA2, 0xD3, 0xA2, 0xD3, 0xA2,
    0xD3, 0xA2, 0xD3, 0xA2, 0xD3, 0xA2, 0xD3, 0xA2, 0xD3, 0xA2, 0xD3, 0xA2, 0xD3, 0xA2, 0xD3, 0xA2,
    0xD3, 0xA2, 0xD3, 0xA2, 0xD3, 0xA2, 0xD3, 0xA2, 0xD3, 0xA2, 0xD3, 0xA2, 0xD3, 0xA2, 0xD3, 0xA2,
    0xD3, 0xA2, 0xD3, 0xA2, 0xD3, 0xA2, 0xD3, 0xA2, 0xD3, 0xA2, 0xD3, 0xA2, 0xD3, 0xA2, 0xD3, 0xA2,
    0xD3, 0xA2, 0xD3, 0xA2, 0xD3, 0xA2, 0xD3, 0xA2, 0xD3, 0xA2, 0xD3, 0xA2, 0xD3, 0xA2, 0xD3, 0xA2,
    0xD3, 0xA2, 0xD3, 0xA2, 0xD3, 0xA2, 0xD3, 0xA2, 0xD3, 0xA2, 0xD3, 0xA2, 0xD3, 0xA2, 0xD3, 0xA2,
    0xD3, 0xA2, 0xD3, 0xA2, 0xD3, 0xA2, 0xD3, 0xA2, 0xD3, 0xA2, 0xD3, 0xA2, 0xD3, 0xA2, 0xD3, 0xA2,
    0xD3, 0xA2, 0xD3, 0xA2, 0xD3, 0xA2, 0xD3, 0xA2, 0xD3, 0xA2, 0xD3, 0xA2, 0xD3, 0xA2, 0xD3, 0xA2,
    0xD3, 0xA2, 0xD3, 0xA2, 0xD3, 0xA2, 0xD3, 0xA2, 0xD3, 0xA2, 0xD3, 0xA2, 0xD3, 0xA2, 0xD3, 0xA2,
    0xD3, 0xA2, 0xD3, 0xA2, 0xD3, 0xA2, 0xD3, 0xA2, 0xD3, 0xA2, 0xD3, 0xA2, 0xD3, 0xA2, 0xD3, 0xA2,
    0xD3, 0xA2, 0xD3, 0xA2, 0xD3, 0xA2, 0xD3, 0xA2, 0xD3, 0xA2, 0xD3, 0xA2, 0xD3, 0xA2, 0xD3, 0xA2,
    0xD3, 0xA2, 0xD3, 0xA2, 0xD3, 0xA2, 0xD3, 0xA2, 0xD3, 0xA2, 0xD3, 0xA2, 0xD3, 0xA2, 0xD3, 0xA2,
    0xD3, 0xA2, 0xD3, 0xA2, 0xD3, 0xA2, 0xD3, 0xA2, 0xD3, 0xA2, 0xD3, 0xA2, 0xD3, 0xA2, 0xD3, 0xA2,
    0xD3, 0xA2, 0xD3, 0xA2, 0xD3, 0xA2, 0xD3, 0xA2, 0xD3, 0xA2, 0xD3, 0xA2, 0xD3, 0xA2, 0xD3, 0xA2,
    0xD3, 0xA2, 0xD3, 0xA2, 0xD3, 0xA2, 0xD3, 0xA2, 0xD3, 0xA2, 0xD3, 0xA2, 0xD3, 0xA2, 0xD3, 0xA2,
    0xD3, 0xA2, 0xD3, 0xA2, 0xD3, 0xA2, 0xD3, 0xA2, 0xD3, 0xA2, 0xD3, 0xA2, 0xD3, 0xA2, 0xD3, 0xA2,
    0xD3, 0xA2, 0xD3, 0xA2, 0xD3, 0xA2, 0xD3, 0xA2, 0xD3, 0xA2, 0xD3, 0xA2, 0xD3, 0xA2, 0xD3, 0xA2,
    0xD3, 0xA2, 0xD3, 0xA2, 0xD3, 0xA2, 0xD3, 0xA2, 0xD3, 0xA2, 0xD3, 0xA2, 0xD3, 0xA2, 0xD3, 0xA2,
    0xD3, 0xA2, 0xD3, 0xA2, 0xD3, 0xA2, 0xD3, 0xA2, 0xD3, 0xA2, 0xD3, 0xA2, 0xD3, 0xA2, 0xD3, 0xA2,
    0xD3, 0xA2, 0xD3, 0xA2, 0xD3, 0xA2, 0xD3, 0xA2, 0xD3, 0xA2, 0xD3, 0xA2, 0xD3, 0xA2, 0xD3, 0xA2,
    0xD3, 0xA2, 0xD3, 0xA2, 0xD3, 0xA2, 0xD3, 0xA2, 0xD3, 0xA2, 0xD3, 0xA2, 0xD3, 0xA2, 0xD3, 0xA2,
    0xD3, 0xA2, 0xD3, 0xA2, 0xD3, 0xA2, 0xD3, 0xA2, 0xD3, 0xA2, 0xD3, 0xA2, 0xD3, 0xA2, 0xD3, 0xA2,
    0xD3, 0xA2, 0xD3, 0xA2, 0xD3, 0xA2, 0xD3, 0xA2, 0xD3, 0xA2, 0xD3, 0xA2, 0xD3, 0xA2, 0xD3, 0xA2,
    0xD3, 0xA2, 0xD3, 0xA2, 0xD3, 0xA2, 0xD3, 0xA2, 0xD3, 0xA2, 0xD3, 0xA2, 0xD3, 0xA2, 0xD3, 0xA2,
    0xD3, 0xA2, 0xD3, 0xA2, 0xD3, 0xA2, 0xD3, 0xA2, 0xD3, 0xA2, 0xD3, 0xA2, 0xD3, 0xA2, 0xD3, 0xA2,
    0xD3, 0xA2, 0xD3, 0xA2, 0xD3, 0xA2, 0xD3, 0xA2, 0xD3, 0xA2, 0xD3, 0xA2, 0xD3, 0xA2, 0xD3, 0xA2,
    0xD3, 0xA2, 0xD3, 0xA2, 0xD3, 0xA2, 0xD3, 0xA2, 0xD3, 0xA2, 0xD3, 0xA2, 0xD3, 0xA2, 0xD3, 0xA2,
    0xD3, 0xA2, 0xD3, 0xA2, 0xD3, 0xA2, 0xD3, 0xA2, 0xD3, 0xA2, 0xD3, 0xA2, 0xD3, 0xA2, 0xD3, 0xA2,
    0xD3, 0xA2, 0xD3, 0xA2, 0xD3, 0xA2, 0xD3, 0xA2, 0xD3, 0xA2, 0xD3, 0xA2, 0xD3, 0xA2, 0xD3, 0xA2,
    0xD3, 0xA2, 0xD3, 0xA2, 0xD3, 0xA2, 0xD3, 0xA2, 0xD3, 0xA2, 0xD3, 0xA2, 0xD3, 0xA2, 0xD3, 0xA2,
    0xD3, 0xA2, 0xD3, 0xA2, 0xD3, 0xA2, 0xD3, 0xA2, 0xD3, 0xA2, 0xD3, 0xA2, 0xD3, 0xA2, 0xD3, 0xA2,
    0xD3, 0xA2, 0xD3, 0xA2, 0xD3, 0xA2, 0xD3, 0xA2, 0xD3, 0xA2, 0xD3, 0xA2, 0xD3, 0xA2, 0xD3, 0xA2,
    0xD3, 0xA2, 0xD3, 0xA2, 0xD3, 0xA2, 0xD3, 0xA2, 0xD3, 0xA2, 0xD3, 0xA2, 0xD3, 0xA2, 0xD3, 0xA2,
    0xD3, 0xA2, 0xD3, 0xA2, 0xD3, 0xA2, 0xD3, 0xA2, 0xD3, 0xA2, 0xD3, 0xA2, 0xD3, 0xA2, 0xD3, 0xA2,
    0xD3, 0xA2, 0xD3, 0xA2, 0xD3, 0xA2, 0xD3, 0xA2, 0xD3, 0xA2, 0xD3, 0xA2, 0xD3, 0xA2, 0xD3, 0xA2,
    0xD3, 0xA2, 0xD3, 0xA2, 0xD3, 0xA2, 0xD3, 0xA2, 0xD3, 0xA2, 0xD3, 0xA2, 0xD3, 0xA2, 0xD3, 0xA2,
    0xD3, 0xA2, 0xD3, 0xA2, 0xD3, 0xA2, 0xD3, 0xA2, 0xD3, 0xA2, 0xD3, 0xA2, 0xD3, 0xA2, 0xD3, 0xA2,
    0xD3, 0xA2, 0xD3, 0xA2, 0xD3, 0xA2, 0xD3, 0xA2, 0xD3, 0xA2, 0xD3, 0xA2, 0xD3, 0xA2, 0xD3, 0xA2,
    0xD3, 0xA2, 0xD3, 0xA2, 0xD3, 0xA2, 0xD3, 0xA2, 0xD3, 0xA2, 0xD3, 0xA2, 0xD3, 0xA2, 0xD3, 0xA2,
    0xD3, 0xA2, 0xD3, 0xA2, 0xD3, 0xA2, 0xD3, 0xA2, 0xD3, 0xA2, 0xD3, 0xA2, 0xD3, 0xA2, 0xD3, 0xA2,
    0xD3, 0xA2, 0xD3, 0xA2, 0xD3, 0xA2, 0xD3, 0xA2, 0xD3, 0xA2, 0xD3, 0xA2, 0xD3, 0xA2, 0xD3, 0xA2,
    0xD3, 0xA2, 0xD3, 0xA2, 0xD3, 0xA2, 0xD3, 0xA2, 0xD3, 0xA2, 0xD3, 0xA2, 0xD3, 0xA2, 0xD3, 0xA2,
    0xD3, 0xA2, 0xD3, 0xA2, 0xD3, 0xA2, 0xD3, 0xA2, 0xD3, 0xA2, 0xD3, 0xA2, 0xD3, 0xA2, 0xD3, 0xA2,
    0xD3, 0xA2, 0xD3, 0xA2, 0xD3, 0xA2, 0xD3, 0xA2, 0xD3, 0xA2, 0xD3, 0xA2, 0xD3, 0xA2, 0xD3, 0xA2,
    0xD3, 0xA2, 0xD3, 0xA2, 0xD3, 0xA2, 0xD3, 0xA2, 0xD3, 0xA2, 0xD3, 0xA2, 0xD3, 0xA2, 0xD3, 0xA2,
    0xD3, 0xA2, 0xD3, 0xA2, 0xD3, 0xA2, 0xD3, 0xA2, 0xD3, 0xA2, 0xD3, 0xA2, 0xD3, 0xA2, 0xD3, 0xA2,
    0xD3, 0xA2, 0xD3, 0xA2, 0xD3, 0xA2, 0xD3, 0xA2, 0xD3, 0xA2, 0xD3, 0xA2, 0xD3, 0xA2, 0xD3, 0xA2,
    0xD3, 0xA2, 0xD3, 0xA2, 0xD3, 0xA2, 0xD3, 0xA2, 0xD3, 0xA2, 0xD3, 0xA2, 0xD3, 0xA2, 0xD3, 0xA2,
    0xD3, 0xA2, 0xD3, 0xA2, 0xD3, 0xA2, 0xD3, 0xA2, 0xD3, 0xA2, 0xD3, 0xA2, 0xD3, 0xA2, 0xD3, 0xA2,
    0xD3, 0xA2, 0xD3, 0xA2, 0xD3, 0xA2, 0xD3, 0xA2, 0xD3, 0xA2, 0xD3, 0xA2, 0xD3, 0xA2, 0xD3, 0xA2,
    0xD3, 0xA2, 0xD3, 0xA2, 0xD3, 0xA2, 0xD3, 0xA2, 0xD3, 0xA2, 0xD3, 0xA2, 0xD3, 0xA2, 0xD3, 0xA2,
    0xD3, 0xA2, 0xD3, 0xA2, 0xD3, 0xA2, 0xD3, 0xA2, 0xD3, 0xA2, 0xD3, 0xA2, 0xD3, 0xA2, 0xD3, 0xA2,
    0xD3, 0xA2, 0xD3, 0xA2, 0xD3, 0xA2, 0xD3, 0xA2, 0xD3, 0xA2, 0xD3, 0xA2, 0xD3, 0xA2, 0xD3, 0xA2,
    0xD3, 0xA2, 0xD3, 0xA2, 0xD3, 0xA2, 0xD3, 0xA2, 0xD3, 0xA2, 0xD3, 0xA2, 0xD3, 0xA2, 0xD3, 0xA2,
    0xD3, 0xA2, 0xD3, 0xA2, 0xD3, 0xA2, 0xD3, 0xA2, 0xD3, 0xA2, 0xD3, 0xA2, 0xD3, 0xA2, 0xD3, 0xA2,
    0xD3, 0xA2, 0xD3, 0xA2, 0xD3, 0xA2, 0xD3, 0xA2, 0xD3, 0xA2, 0xD3, 0xA2, 0xD3, 0xA2, 0xD3, 0xA2,
    0xD3, 0xA2, 0xD3, 0xA2, 0xD3, 0xA2, 0xD3, 0xA2, 0xD3, 0xA2, 0xD3, 0xA2, 0xD3, 0xA2, 0xD3, 0xA2,
    0xD3, 0xA2, 0xD3, 0xA2, 0xD3, 0xA2, 0xD3, 0xA2, 0xD3, 0xA2, 0xD3, 0xA2, 0xD3, 0xA2, 0xD3, 0xA2,
    0xD3, 0xA2, 0xD3, 0xA2, 0xD3, 0xA2, 0xD3, 0xA2, 0xD3, 0xA2, 0xD3, 0xA2, 0xD3, 0xA2, 0xD3, 0xA2,
    0xD3, 0xA2, 0xD3, 0xA2, 0xD3, 0xA2, 0xD3, 0xA2, 0xD3, 0xA2, 0xD3, 0xA2, 0xD3, 0xA2, 0xD3, 0xA2,
    0xD3, 0xA2, 0xD3, 0xA2, 0xD3, 0xA2, 0xD3, 0xA2, 0xD3, 0xA2, 0xD3, 0xA2, 0xD3, 0xA2, 0xD3, 0xA2,
    0xD3, 0xA2, 0xD3, 0xA2, 0xD3, 0xA2, 0xD3, 0xA2, 0xD3, 0xA2, 0xD3, 0xA2, 0xD3, 0xA2, 0xD3, 0xA2,
    0xD3, 0xA2, 0xD3, 0xA2, 0xD3, 0xA2, 0xD3, 0xA2, 0xD3, 0xA2, 0xD3, 0xA2, 0xD3, 0xA2, 0xD3, 0xA2,
    0xD3, 0xA2, 0xD3, 0xA2, 0xD3, 0xA2, 0xD3, 0xA2, 0xD3, 0xA2, 0xD3, 0xA2, 0xD3, 0xA2, 0xD3, 0xA2,
    0xD3, 0xA2, 0xD3, 0xA2, 0xD3, 0xA2, 0xD3, 0xA2, 0xD3, 0xA2, 0xD3, 0xA2, 0xD3, 0xA2, 0xD3, 0xA2,
    0xD3, 0xA2, 0xD3, 0xA2, 0xD3, 0xA2, 0xD3, 0xA2, 0xD3, 0xA2, 0xD3, 0xA2, 0xD3, 0xA2, 0xD3, 0xA2,
    0xD3, 0xA2, 0xD3, 0xA2, 0xD3, 0xA2, 0xD3, 0xA2, 0xD3, 0xA2, 0xD3, 0xA2, 0xD3, 0xA2, 0xD3, 0xA2,
    0xD3, 0xA2, 0xD3, 0xA2, 0xD3, 0xA2, 0xD3, 0xA2, 0xD3, 0xA2, 0xD3, 0xA2, 0xD3, 0xA2, 0xD3, 0xA2,
    0xD3, 0xA2, 0xD3, 0xA2, 0xD3, 0xA2, 0xD3, 0xA2, 0xD3, 0xA2, 0xD3, 0xA2, 0xD3, 0xA2, 0xD3, 0xA2,
    0xD3, 0xA2, 0xD3, 0xA2, 0xD3, 0xA2, 0xD3, 0xA2, 0xD3, 0xA2, 0xD3, 0xA2, 0xD3, 0xA2, 0xD3, 0xA2,
    0xD3, 0xA2, 0xD3, 0xA2, 0xD3, 0xA2, 0xD3, 0xA2, 0xD3, 0xA2, 0xD3, 0xA2, 0xD3, 0xA2, 0xD3, 0xA2,
    0xD3, 0xA2, 0xD3, 0xA2, 0xD3, 0xA2, 0xD3, 0xA2, 0xD3, 0xA2, 0xD3, 0xA2, 0xD3, 0xA2, 0xD3, 0xA2,
    0xD3, 0xA2, 0xD3, 0xA2, 0xD3, 0xA2, 0xD3, 0xA2, 0xD3, 0xA2, 0xD3, 0xA2, 0xD3, 0xA2, 0xD3, 0xA2,
    0xD3, 0xA2, 0xD3, 0xA2, 0xD3, 0xA2, 0xD3, 0xA2, 0xD3, 0xA2, 0xD3, 0xA2, 0xD3, 0xA2, 0xD3, 0xA2,
    0xD3, 0xA2, 0xD3, 0xA2, 0xD3, 0xA2, 0xD3, 0xA2, 0xD3, 0xA2, 0xD3, 0xA2, 0xD3, 0xA2, 0xD3, 0xA2,
    0xD3, 0xA2, 0xD3, 0xA2, 0xD3, 0xA2, 0xD3, 0xA2, 0xD3, 0xA2, 0xD3, 0xA2, 0xD3, 0xA2, 0xD3, 0xA2,
    0xD3, 0xA2, 0xD3, 0xA2, 0xD3, 0xA2, 0xD3, 0xA2, 0xD3, 0xA2, 0xD3, 0xA2, 0xD3, 0xA2, 0xD3, 0xA2,
    0xD3, 0xA2, 0xD3, 0xA2, 0xD3, 0xA2, 0xD3, 0xA2, 0xD3, 0xA2, 0xD3, 0xA2, 0xD3, 0xA2, 0xD3, 0xA2,
    0xD3, 0xA2, 0xD3, 0xA2, 0xD3, 0xA2, 0xD3, 0xA2, 0xD3, 0xA2, 0xD3, 0xA2, 0xD3, 0xA2, 0xD3, 0xA2,
    0xD3, 0xA2, 0xD3, 0xA2, 0xD3, 0xA2, 0xD3, 0xA2, 0xD3, 0xA2, 0xD3, 0xA2, 0xD3, 0xA2, 0xD3, 0xA2,
    0xD3, 0xA2, 0xD3, 0xA2, 0xD3, 0xA2, 0xD3, 0xA2, 0xD3, 0xA2, 0xD3, 0xA2, 0xD3, 0xA2, 0xD3, 0xA2,
    0xD3, 0xA2, 0xD3, 0xA2, 0xD3, 0xA2, 0xD3, 0xA2, 0xD3, 0xA2, 0xD3, 0xA2, 0xD3, 0xA2, 0xD3, 0xA2,
    0xD3, 0xA2, 0xD3, 0xA2, 0xD3, 0xA2, 0xD3, 0xA2, 0xD3, 0xA2, 0xD3, 0xA2, 0xD3, 0xA2, 0xD3, 0xA2,
    0xD3, 0xA2, 0xD3, 0xA2, 0xD3, 0xA2, 0xD3, 0xA2, 0xD3, 0xA2, 0xD3, 0xA2, 0xD3, 0xA2, 0xD3, 0xA2,
    0xD3, 0xA2, 0xD3, 0xA2, 0xD3, 0xA2, 0xD3, 0xA2, 0xD3, 0xA2, 0xD3, 0xA2, 0xD3, 0xA2, 0xD3, 0xA2,
    0xD3, 0xA2, 0xD3, 0xA2, 0xD3, 0xA2, 0xD3, 0xA2, 0xD3, 0xA2, 0xD3, 0xA2, 0xD3, 0xA2, 0xD3, 0xA2,
    0xD3, 0xA2, 0xD3, 0xA2, 0xD3, 0xA2, 0xD3, 0xA2, 0xD3, 0xA2, 0xD3, 0xA2, 0xD3, 0xA2, 0xD3, 0xA2,
    0xD3, 0xA2, 0xD3, 0xA2, 0xD3, 0xA2, 0xD3, 0xA2, 0xD3, 0xA2, 0xD3, 0xA2, 0xD3, 0xA2, 0xD3, 0xA2,
    0xD3, 0xA2, 0xD3, 0xA2, 0xD3, 0xA2, 0xD3, 0xA2, 0xD3, 0xA2, 0xD3, 0xA2, 0xD3, 0xA2, 0xD3, 0xA2,
    0xD3, 0xA2, 0xD3, 0xA2, 0xD3, 0xA2, 0xD3, 0xA2, 0xD3, 0xA2, 0xD3, 0xA2, 0xD3, 0xA2, 0xD3, 0xA2,
    0xD3, 0xA2, 0xD3, 0xA2, 0xD3, 0xA2, 0xD3, 0xA2, 0xD3, 0xA2, 0xD3, 0xA2, 0xD3, 0xA2, 0xD3, 0xA2,
    0xD3, 0xA2, 0xD3, 0xA2, 0xD3, 0xA2, 0xD3, 0xA2, 0xD3, 0xA2, 0xD3, 0xA2, 0xD3, 0xA2, 0xD3, 0xA2,
    0xD3, 0xA2, 0xD3, 0xA2, 0xD3, 0xA2, 0xD3, 0xA2, 0xD3, 0xA2, 0xD3, 0xA2, 0xD3, 0xA2, 0xD3, 0xA2,
    0xD3, 0xA2, 0xD3, 0xA2, 0xD3, 0xA2, 0xD3, 0xA2, 0xD3, 0xA2, 0xD3, 0xA2, 0xD3, 0xA2, 0xD3, 0xA2,
    0xD3, 0xA2, 0xD3, 0xA2, 0xD3, 0xA2, 0xD3, 0xA2, 0xD3, 0xA2, 0xD3, 0xA2, 0xD3, 0xA2, 0xD3, 0xA2,
    0xD3, 0xA2, 0xD3, 0xA2, 0xD3, 0xA2, 0xD3, 0xA2, 0xD3, 0xA2, 0xD3, 0xA2, 0xD3, 0xA2, 0xD3, 0xA2,
    0xD3, 0xA2, 0xD3, 0xA2, 0xD3, 0xA2, 0xD3, 0xA2, 0xD3, 0xA2, 0xD3, 0xA2, 0xD3, 0xA2, 0xD3, 0xA2,
    0xD3, 0xA2, 0xD3, 0xA2, 0xD3, 0xA2, 0xD3, 0xA2, 0xD3, 0xA2, 0xD3, 0xA2, 0xD3, 0xA2, 0xD3, 0xA2,
    0xD3, 0xA2, 0xD3, 0xA2, 0xD3, 0xA2, 0xD3, 0xA2, 0xD3, 0xA2, 0xD3, 0xA2, 0xD3, 0xA2, 0xD3, 0xA2,
    0xD3, 0xA2, 0xD3, 0xA2, 0xD3, 0xA2, 0xD3, 0xA2, 0xD3, 0xA2, 0xD3, 0xA2, 0xD3, 0xA2, 0xD3, 0xA2,
    0xD3, 0xA2, 0xD3, 0xA2, 0xD3, 0xA2, 0xD3, 0xA2, 0xD3, 0xA2, 0xD3, 0xA2, 0xD3, 0xA2, 0xD3, 0xA2,
    0xD3, 0xA2, 0xD3, 0xA2, 0xD3, 0xA2, 0xD3, 0xA2, 0xD3, 0xA2, 0xD3, 0xA2, 0xD3, 0xA2, 0xD3, 0xA2,
    0xD3, 0xA2, 0xD3, 0xA2, 0xD3, 0xA2, 0xD3, 0xA2, 0xD3, 0xA2, 0xD3, 0xA2, 0xD3, 0xA2, 0xD3, 0xA2,
    0xD3, 0xA2, 0xD3, 0xA2, 0xD3, 0xA2, 0xD3, 0xA2, 0xD3, 0xA2, 0xD3, 0xA2, 0xD3, 0xA2, 0xD3, 0xA2,
    0xD3, 0xA2, 0xD3, 0xA2, 0xD3, 0xA2, 0xD3, 0xA2, 0xD3, 0xA2, 0xD3, 0xA2, 0xD3, 0xA2, 0xD3, 0xA2,
    0xD3, 0xA2, 0xD3, 0xA2, 0xD3, 0xA2, 0xD3, 0xA2, 0xD3, 0xA2, 0xD3, 0xA2, 0xD3, 0xA2, 0xD3, 0xA2,
    0xD3, 0xA2, 0xD3, 0xA2, 0xD3, 0xA2, 0xD3, 0xA2, 0xD3, 0xA2, 0xD3, 0xA2, 0xD3, 0xA2, 0xD3, 0xA2,
    0xD3, 0xA2, 0xD3, 0xA2, 0xD3, 0xA2, 0xD3, 0xA2, 0xD3, 0xA2, 0xD3, 0xA2, 0xD3, 0xA2, 0xD3, 0xA2,
    0xD3, 0xA2, 0xD3, 0xA2, 0xD3, 0xA2, 0xD3, 0xA2, 0xD3, 0xA2, 0xD3, 0xA2, 0xD3, 0xA2, 0xD3, 0xA2,
    0xD3, 0xA2, 0xD3, 0xA2, 0xD3, 0xA2, 0xD3, 0xA2, 0xD3, 0xA2, 0xD3, 0xA2, 0xD3, 0xA2, 0xD3, 0xA2,
    0xD3, 0xA2, 0xD3, 0xA2, 0xD3, 0xA2, 0xD3, 0xA2, 0xD3, 0xA2, 0xD3, 0xA2, 0xD3, 0xA2, 0xD3, 0xA2,
    0xD3, 0xA2, 0xD3, 0xA2, 0xD3, 0xA2, 0xD3, 0xA2, 0xD3, 0xA2, 0xD3, 0xA2, 0xD3, 0xA2, 0xD3, 0xA2,
    0xD3, 0xA2, 0xD3, 0xA2, 0xD3, 0xA2, 0xD3, 0xA2, 0xD3, 0xA2, 0xD3, 0xA2, 0xD3, 0xA2, 0xD3, 0xA2,
    0xD3, 0xA2, 0xD3, 0xA2, 0xD3, 0xA2, 0xD3, 0xA2, 0xD3, 0xA2, 0xD3, 0xA2, 0xD3, 0xA2, 0xD3, 0xA2,
    0xD3, 0xA2, 0xD3, 0xA2, 0xD3, 0xA2, 0xD3, 0xA2, 0xD3, 0xA2, 0xD3, 0xA2, 0xD3, 0xA2, 0xD3, 0xA2,
    0xD3, 0xA2, 0xD3, 0xA2, 0xD3, 0xA2, 0xD3, 0xA2, 0xD3, 0xA2, 0xD3, 0xA2, 0xD3, 0xA2, 0xD3, 0xA2,
    0xD3, 0xA2, 0xD3, 0xA2, 0xD3, 0xA2, 0xD3, 0xA2, 0xD3, 0xA2, 0xD3, 0xA2, 0xD3, 0xA2, 0xD3, 0xA2,
    0xD3, 0xA2, 0xD3, 0xA2, 0xD3, 0xA2, 0xD3, 0xA2, 0xD3, 0xA2, 0xD3, 0xA2, 0xD3, 0xA2, 0xD3, 0xA2,
    0xD3, 0xA2, 0xD3, 0xA2, 0xD3, 0xA2, 0xD3, 0xA2, 0xD3, 0xA2, 0xD3, 0xA2, 0xD3, 0xA2, 0xD3, 0xA2,
    0xD3, 0xA2, 0xD3, 0xA2, 0xD3, 0xA2, 0xD3, 0xA2, 0xD3, 0xA2, 0xD3, 0xA2, 0xD3, 0xA2, 0xD3, 0xA2,
    0xD3, 0xA2, 0xD3, 0xA2, 0xD3, 0xA2, 0xD3, 0xA2, 0xD3, 0xA2, 0xD3, 0xA2, 0xD3, 0xA2, 0xD3, 0xA2,
    0xD3, 0xA2, 0xD3, 0xA2, 0xD3, 0xA2, 0xD3, 0xA2, 0xD3, 0xA2, 0xD3, 0xA2, 0xD3, 0xA2, 0xD3, 0xA2,
    0xD3, 0xA2, 0xD3, 0xA2, 0xD3, 0xA2, 0xD3, 0xA2, 0xD3, 0xA2, 0xD3, 0xA2, 0xD3, 0xA2, 0xD3, 0xA2,
    0xD3, 0xA2, 0xD3, 0xA2, 0xD3, 0xA2, 0xD3, 0xA2, 0xD3, 0xA2, 0xD3, 0xA2, 0xD3, 0xA2, 0xD3, 0xA2,
    0xD3, 0xA2, 0xD3, 0xA2, 0xD3, 0xA2, 0xD3, 0xA2, 0xD3, 0xA2, 0xD3, 0xA2, 0xD3, 0xA2, 0xD3, 0xA2,
    0xD3, 0xA2, 0xD3, 0xA2, 0xD3, 0xA2, 0xD3, 0xA2, 0xD3, 0xA2, 0xD3, 0xA2, 0xD3, 0xA2, 0xD3, 0xA2,
    0xD3, 0xA2, 0xD3, 0xA2, 0xD3, 0xA2, 0xD3, 0xA2, 0xD3, 0xA2, 0xD3, 0xA2, 0xD3, 0xA2, 0xD3, 0xA2,
    0xD3, 0xA2, 0xD3, 0xA2, 0xD3, 0xA2, 0xD3, 0xA2, 0xD3, 0xA2, 0xD3, 0xA2, 0xD3, 0xA2, 0xD3, 0xA2,
    0xD3, 0xA2, 0xD3, 0xA2, 0xD3, 0xA2, 0xD3, 0xA2, 0xD3, 0xA2, 0xD3, 0xA2, 0xD3, 0xA2, 0xD3, 0xA2,
    0xD3, 0xA2, 0xD3, 0xA2, 0xD3, 0xA2, 0xD3, 0xA2, 0xD3, 0xA2, 0xD3, 0xA2, 0xD3, 0xA2, 0xD3, 0xA2,
    0xD3, 0xA2, 0xD3, 0xA2, 0xD3, 0xA2, 0xD3, 0xA2, 0xD3, 0xA2, 0xD3, 0xA2, 0xD3, 0xA2, 0xD3, 0xA2,
    0xD3, 0xA2, 0xD3, 0xA2, 0xD3, 0xA2, 0xD3, 0xA2, 0xD3, 0xA2, 0xD3, 0xA2, 0xD3, 0xA2, 0xD3, 0xA2,
    0xD3, 0xA2, 0xD3, 0xA2, 0xD3, 0xA2, 0xD3, 0xA2, 0xD3, 0xA2, 0xD3, 0xA2, 0xD3, 0xA2, 0xD3, 0xA2,
    0xD3, 0xA2, 0xD3, 0xA2, 0xD3, 0xA2, 0xD3, 0xA2, 0xD3, 0xA2, 0xD3, 0xA2, 0xD3, 0xA2, 0xD3, 0xA2,
    0xD3, 0xA2, 0xD3, 0xA2, 0xD3, 0xA2, 0xD3, 0xA2, 0xD3, 0xA2, 0xD3, 0xA2, 0xD3, 0xA2, 0xD3, 0xA2,
    0xD3, 0xA2, 0xD3, 0xA2, 0xD3, 0xA2, 0xD3, 0xA2, 0xD3, 0xA2, 0xD3, 0xA2, 0xD3, 0xA2, 0xD3, 0xA2,
    0xD3, 0xA2, 0xD3, 0xA2, 0xD3, 0xA2, 0xD3, 0xA2, 0xD3, 0xA2, 0xD3, 0xA2, 0xD3, 0xA2, 0xD3, 0xA2,
    0xD3, 0xA2, 0xD3, 0xA2, 0xD3, 0xA2, 0xD3, 0xA2, 0xD3, 0xA2, 0xD3, 0xA2, 0xD3, 0xA2, 0xD3, 0xA2,
    0xD3, 0xA2, 0xD3, 0xA2, 0xD3, 0xA2, 0xD3, 0xA2, 0xD3, 0xA2, 0xD3, 0xA2, 0xD3, 0xA2, 0xD3, 0xA2,
    0xD3, 0xA2, 0xD3, 0xA2, 0xD3, 0xA2, 0xD3, 0xA2, 0xD3, 0xA2, 0xD3, 0xA2, 0xD3, 0xA2, 0xD3, 0xA2,
    0xD3, 0xA2, 0xD3, 0xA2, 0xD3, 0xA2, 0xD3, 0xA2, 0xD3, 0xA2, 0xD3, 0xA2, 0xD3, 0xA2, 0xD3, 0xA2,
    0xD3, 0xA2, 0xD3, 0xA2, 0xD3, 0xA2, 0xD3, 0xA2, 0xD3, 0xA2, 0xD3, 0xA2, 0xD3, 0xA2, 0xD3, 0xA2,
    0xD3, 0xA2, 0xD3, 0xA2, 0xD3, 0xA2, 0xD3, 0xA2, 0xD3, 0xA2, 0xD3, 0xA2, 0xD3, 0xA2, 0xD3, 0xA2,
    0xD3, 0xA2, 0xD3, 0xA2, 0xD3, 0xA2, 0xD3, 0xA2, 0xD3, 0xA2, 0xD3, 0xA2, 0xD3, 0xA2, 0xD3, 0xA2,
    0xD3, 0xA2, 0xD3, 0xA2, 0xD3, 0xA2, 0xD3, 0xA2, 0xD3, 0xA2, 0xD3, 0xA2, 0xD3, 0xA2, 0xD3, 0xA2,
    0xD3, 0xA2, 0xD3, 0xA2, 0xD3, 0xA2, 0xD3, 0xA2, 0xD3, 0xA2, 0xD3, 0xA2, 0xD3, 0xA2, 0xD3, 0xA2,
    0xD3, 0xA2, 0xD3, 0xA2, 0xD3, 0xA2, 0xD3, 0xA2, 0xD3, 0xA2, 0xD3, 0xA2, 0xD3, 0xA2, 0xD3, 0xA2,
    0xD3, 0xA2, 0xD3, 0xA2, 0xD3, 0xA2, 0xD3, 0xA2, 0xD3, 0xA2, 0xD3, 0xA2, 0xD3, 0xA2, 0xD3, 0xA2,
    0xD3, 0xA2, 0xD3, 0xA2, 0xD3, 0xA2, 0xD3, 0xA2, 0xD3, 0xA2, 0xD3, 0xA2, 0xD3, 0xA2, 0xD3, 0xA2,
    0xD3, 0xA2, 0xD3, 0xA2, 0xD3, 0xA2, 0xD3, 0xA2, 0xD3, 0xA2, 0xD3, 0xA2, 0xD3, 0xA2, 0xD3, 0xA2,
    0xD3, 0xA2, 0xD3, 0xA2, 0xD3, 0xA2, 0xD3, 0xA2, 0xD3, 0xA2, 0xD3, 0xA2, 0xD3, 0xA2, 0xD3, 0xA2,
    0xD3, 0xA2, 0xD3, 0xA2, 0xD3, 0xA2, 0xD3, 0xA2, 0xD3, 0xA2, 0xD3, 0xA2, 0xD3, 0xA2, 0xD3, 0xA2,
    0xD3, 0xA2, 0xD3, 0xA2, 0xD3, 0xA2, 0xD3, 0xA2, 0xD3, 0xA2, 0xD3, 0xA2, 0xD3, 0xA2, 0xD3, 0xA2,
    0xD3, 0xA2, 0xD3, 0xA2, 0xD3, 0xA2, 0xD3, 0xA2, 0xD3, 0xA2, 0xD3, 0xA2, 0xD3, 0xA2, 0xD3, 0xA2,
    0xD3, 0xA2, 0xD3, 0xA2, 0xD3, 0xA2, 0xD3, 0xA2, 0xD3, 0xA2, 0xD3, 0xA2, 0xD3, 0xA2, 0xD3, 0xA2,
    0xD3, 0xA2, 0xD3, 0xA2, 0xD3, 0xA2, 0xD3, 0xA2, 0xD3, 0xA2, 0xD3, 0xA2, 0xD3, 0xA2, 0xD3, 0xA2,
    0xD3, 0xA2, 0xD3, 0xA2, 0xD3, 0xA2, 0xD3, 0xA2, 0xD3, 0xA2, 0xD3, 0xA2, 0xD3, 0xA2, 0xD3, 0xA2,
    0xD3, 0xA2, 0xD3, 0xA2, 0xD3, 0xA2, 0xD3, 0xA2, 0xD3, 0xA2, 0xD3, 0xA2, 0xD3, 0xA2, 0xD3, 0xA2,
    0xD3, 0xA2, 0xD3, 0xA2, 0xD3, 0xA2, 0xD3, 0xA2, 0xD3, 0xA2, 0xD3, 0xA2, 0xD3, 0xA2, 0xD3, 0xA2,
    0xD3, 0xA2, 0xD3, 0xA2, 0xD3, 0xA2, 0xD3, 0xA2, 0xD3, 0xA2, 0xD3, 0xA2, 0xD3, 0xA2, 0xD3, 0xA2,
    0xD3, 0xA2, 0xD3, 0xA2, 0xD3, 0xA2, 0xD3, 0xA2, 0xD3, 0xA2, 0xD3, 0xA2, 0xD3, 0xA2, 0xD3, 0xA2,
    0xD3, 0xA2, 0xD3, 0xA2, 0xD3, 0xA2, 0xD3, 0xA2, 0xD3, 0xA2, 0xD3, 0xA2, 0xD3, 0xA2, 0xD3, 0xA2,
    0xD3, 0xA2, 0xD3, 0xA2, 0xD3, 0xA2, 0xD3, 0xA2, 0xD3, 0xA2, 0xD3, 0xA2, 0xD3, 0xA2, 0xD3, 0xA2,
    0xD3, 0xA2, 0xD3, 0xA2, 0xD3, 0xA2, 0xD3, 0xA2, 0xD3, 0xA2, 0xD3, 0xA2, 0xD3, 0xA2, 0xD3, 0xA2,
    0xD3, 0xA2, 0xD3, 0xA2, 0xD3, 0xA2, 0xD3, 0xA2, 0xD3, 0xA2, 0xD3, 0xA2, 0xD3, 0xA2, 0xD3, 0xA2,
    0xD3, 0xA2, 0xD3, 0xA2, 0xD3, 0xA2, 0xD3, 0xA2, 0xD3, 0xA2, 0xD3, 0xA2, 0xD3, 0xA2, 0xD3, 0xA2,
    0xD3, 0xA2, 0xD3, 0xA2, 0xD3, 0xA2, 0xD3, 0xA2, 0xD3, 0xA2, 0xD3, 0xA2, 0xD3, 0xA2, 0xD3, 0xA2,
    0xD3, 0xA2, 0xD3, 0xA2, 0xD3, 0xA2, 0xD3, 0xA2, 0xD3, 0xA2, 0xD3, 0xA2, 0xD3, 0xA2, 0xD3, 0xA2,
    0xD3, 0xA2, 0xD3, 0xA2, 0xD3, 0xA2, 0xD3, 0xA2, 0xD3, 0xA2, 0xD3, 0xA2, 0xD3, 0xA2, 0xD3, 0xA2,
    0xD3, 0xA2, 0xD3, 0xA2, 0xD3, 0xA2, 0xD3, 0xA2, 0xD3, 0xA2, 0xD3, 0xA2, 0xD3, 0xA2, 0xD3, 0xA2,
    0xD3, 0xA2, 0xD3, 0xA2, 0xD3, 0xA2, 0xD3, 0xA2, 0xD3, 0xA2, 0xD3, 0xA2, 0xD3, 0xA2, 0xD3, 0xA2,
    0xD3, 0xA2, 0xD3, 0xA2, 0xD3, 0xA2, 0xD3, 0xA2, 0xD3, 0xA2, 0xD3, 0xA2, 0xD3, 0xA2, 0xD3, 0xA2,
    0xD3, 0xA2, 0xD3, 0xA2, 0xD3, 0xA2, 0xD3, 0xA2, 0xD3, 0xA2, 0xD3, 0xA2, 0xD3, 0xA2, 0xD3, 0xA2,
    0xD3, 0xA2, 0xD3, 0xA2, 0xD3, 0xA2, 0xD3, 0xA2, 0xD3, 0xA2, 0xD3, 0xA2, 0xD3, 0xA2, 0xD3, 0xA2,
    0xD3, 0xA2, 0xD3, 0xA2, 0xD3, 0xA2, 0xD3, 0xA2, 0xD3, 0xA2, 0xD3, 0xA2, 0xD3, 0xA2, 0xD3, 0xA2,
    0xD3, 0xA2, 0xD3, 0xA2, 0xD3, 0xA2, 0xD3, 0xA2, 0xD3, 0xA2, 0xD3, 0xA2, 0xD3, 0xA2, 0xD3, 0xA2,
    0xD3, 0xA2, 0xD3, 0xA2, 0xD3, 0xA2, 0xD3, 0xA2, 0xD3, 0xA2, 0xD3, 0xA2, 0xD3, 0xA2, 0xD3, 0xA2,
    0xD3, 0xA2, 0xD3, 0xA2, 0xD3, 0xA2, 0xD3, 0xA2, 0xD3, 0xA2, 0xD3, 0xA2, 0xD3, 0xA2, 0xD3, 0xA2,
    0xD3, 0xA2, 0xD3, 0xA2, 0xD3, 0xA2, 0xD3, 0xA2, 0xD3, 0xA2, 0xD3, 0xA2, 0xD3, 0xA2, 0xD3, 0xA2,
    0xD3, 0xA2, 0xD3, 0xA2, 0xD3, 0xA2, 0xD3, 0xA2, 0xD3, 0xA2, 0xD3, 0xA2, 0xD3, 0xA2, 0xD3, 0xA2,
    0xD3, 0xA2, 0xD3, 0xA2, 0xD3, 0xA2, 0xD3, 0xA2, 0xD3, 0xA2, 0xD3, 0xA2, 0xD3, 0xA2, 0xD3, 0xA2,
    0xD3, 0xA2, 0xD3, 0xA2, 0xD3, 0xA2, 0xD3, 0xA2, 0xD3, 0xA2, 0xD3, 0xA2, 0xD3, 0xA2, 0xD3, 0xA2,
    0xD3, 0xA2, 0xD3, 0xA2, 0xD3, 0xA2, 0xD3, 0xA2, 0xD3, 0xA2, 0xD3, 0xA2, 0xD3, 0xA2, 0xD3, 0xA2,
    0xD3, 0xA2, 0xD3, 0xA2, 0xD3, 0xA2, 0xD3, 0xA2, 0xD3, 0xA2, 0xD3, 0xA2, 0xD3, 0xA2, 0xD3, 0xA2,
    0xD3, 0xA2, 0xD3, 0xA2, 0xD3, 0xA2, 0xD3, 0xA2, 0xD3, 0xA2, 0xD3, 0xA2, 0xD3, 0xA2, 0xD3, 0xA2,
    0xD3, 0xA2, 0xD3, 0xA2, 0xD3, 0xA2, 0xD3, 0xA2, 0xD3, 0xA2, 0xD3, 0xA2, 0xD3, 0xA2, 0xD3, 0xA2,
    0xD3, 0xA2, 0xD3, 0xA2, 0xD3, 0xA2, 0xD3, 0xA2, 0xD3, 0xA2, 0xD3, 0xA2, 0xD3, 0xA2, 0xD3, 0xA2,
    0xD3, 0xA2, 0xD3, 0xA2, 0xD3, 0xA2, 0xD3, 0xA2, 0xD3, 0xA2, 0xD3, 0xA2, 0xD3, 0xA2, 0xD3, 0xA2,
    0xD3, 0xA2, 0xD3, 0xA2, 0xD3, 0xA2, 0xD3, 0xA2, 0xD3, 0xA2, 0xD3, 0xA2, 0xD3, 0xA2, 0xD3, 0xA2,
    0xD3, 0xA2, 0xD3, 0xA2, 0xD3, 0xA2, 0xD3, 0xA2, 0xD3, 0xA2, 0xD3, 0xA2, 0xD3, 0xA2, 0xD3, 0xA2,
    0xD3, 0xA2, 0xD3, 0xA2, 0xD3, 0xA2, 0xD3, 0xA2, 0xD3, 0xA2, 0xD3, 0xA2, 0xD3, 0xA2, 0xD3, 0xA2,
    0xD3, 0xA2, 0xD3, 0xA2, 0xD3, 0xA2, 0xD3, 0xA2, 0xD3, 0xA2, 0xD3, 0xA2, 0xD3, 0xA2, 0xD3, 0xA2,
    0xD3, 0xA2, 0xD3, 0xA2, 0xD3, 0xA2, 0xD3, 0xA2, 0xD3, 0xA2, 0xD3, 0xA2, 0xD3, 0xA2, 0xD3, 0xA2,
    0xD3, 0xA2, 0xD3, 0xA2, 0xD3, 0xA2, 0xD3, 0xA2, 0xD3, 0xA2, 0xD3, 0xA2, 0xD3, 0xA2, 0xD3, 0xA2,
    0xD3, 0xA2, 0xD3, 0xA2, 0xD3, 0xA2, 0xD3, 0xA2, 0xD3, 0xA2, 0xD3, 0xA2, 0xD3, 0xA2, 0xD3, 0xA2,
    0xD3, 0xA2, 0xD3, 0xA2, 0xD3, 0xA2, 0xD3, 0xA2, 0xD3, 0xA2, 0xD3, 0xA2, 0xD3, 0xA2, 0xD3, 0xA2,
    0xD3, 0xA2, 0xD3, 0xA2, 0xD3, 0xA2, 0xD3, 0xA2, 0xD3, 0xA2, 0xD3, 0xA2, 0xD3, 0xA2, 0xD3, 0xA2,
    0xD3, 0xA2, 0xD3, 0xA2, 0xD3, 0xA2, 0xD3, 0xA2, 0xD3, 0xA2, 0xD3, 0xA2, 0xD3, 0xA2, 0xD3, 0xA2,
    0xD3, 0xA2, 0xD3, 0xA2, 0xD3, 0xA2, 0xD3, 0xA2, 0xD3, 0xA2, 0xD3, 0xA2, 0xD3, 0xA2, 0xD3, 0xA2,
    0xD3, 0xA2, 0xD3, 0xA2, 0xD3, 0xA2, 0xD3, 0xA2, 0xD3, 0xA2, 0xD3, 0xA2, 0xD3, 0xA2, 0xD3, 0xA2,
    0xD3, 0xA2, 0xD3, 0xA2, 0xD3, 0xA2, 0xD3, 0xA2, 0xD3, 0xA2, 0xD3, 0xA2, 0xD3, 0xA2, 0xD3, 0xA2,
    0xD3, 0xA2, 0xD3, 0xA2, 0xD3, 0xA2, 0xD3, 0xA2, 0xD3, 0xA2, 0xD3, 0xA2, 0xD3, 0xA2, 0xD3, 0xA2,
    0xD3, 0xA2, 0xD3, 0xA2, 0xD3, 0xA2, 0xD3, 0xA2, 0xD3, 0xA2, 0xD3, 0xA2, 0xD3, 0xA2, 0xD3, 0xA2,
    0xD3, 0xA2, 0xD3, 0xA2, 0xD3, 0xA2, 0xD3, 0xA2, 0xD3, 0xA2, 0xD3, 0xA2, 0xD3, 0xA2, 0xD3, 0xA2,
    0xD3, 0xA2, 0xD3, 0xA2, 0xD3, 0xA2, 0xD3, 0xA2, 0xD3, 0xA2, 0xD3, 0xA2, 0xD3, 0xA2, 0xD3, 0xA2,
    0xD3, 0xA2, 0xD3, 0xA2, 0xD3, 0xA2, 0xD3, 0xA2, 0xD3, 0xA2, 0xD3, 0xA2, 0xD3, 0xA2, 0xD3, 0xA2,
    0xD3, 0xA2, 0xD3, 0xA2, 0xD3, 0xA2, 0xD3, 0xA2, 0xD3, 0xA2, 0xD3, 0xA2, 0xD3, 0xA2, 0xD3, 0xA2,
    0xD3, 0xA2, 0xD3, 0xA2, 0xD3, 0xA2, 0xD3, 0xA2, 0xD3, 0xA2, 0xD3, 0xA2, 0xD3, 0xA2, 0xD3, 0xA2,
    0xD3, 0xA2, 0xD3, 0xA2, 0xD3, 0xA2, 0xD3, 0xA2, 0xD3, 0xA2, 0xD3, 0xA2, 0xD3, 0xA2, 0xD3, 0xA2,
    0xD3, 0xA2, 0xD3, 0xA2, 0xD3, 0xA2, 0xD3, 0xA2, 0xD3, 0xA2, 0xD3, 0xA2, 0xD3, 0xA2, 0xD3, 0xA2,
    0xD3, 0xA2, 0xD3, 0xA2, 0xD3, 0xA2, 0xD3, 0xA2, 0xD3, 0xA2, 0xD3, 0xA2, 0xD3, 0xA2, 0xD3, 0xA2,
    0xD3, 0xA2, 0xD3, 0xA2, 0xD3, 0xA2, 0xD3, 0xA2, 0xD3, 0xA2, 0xD3, 0xA2, 0xD3, 0xA2, 0xD3, 0xA2,
    0xD3, 0xA2, 0xD3, 0xA2, 0xD3, 0xA2, 0xD3, 0xA2, 0xD3, 0xA2, 0xD3, 0xA2, 0xD3, 0xA2, 0xD3, 0xA2,
    0xD3, 0xA2, 0xD3, 0xA2, 0xD3, 0xA2, 0xD3, 0xA2, 0xD3, 0xA2, 0xD3, 0xA2, 0xD3, 0xA2, 0xD3, 0xA2,
    0xD3, 0xA2, 0xD3, 0xA2, 0xD3, 0xA2, 0xD3, 0xA2, 0xD3, 0xA2, 0xD3, 0xA2, 0xD3, 0xA2, 0xD3, 0xA2,
    0xD3, 0xA2, 0xD3, 0xA2, 0xD3, 0xA2, 0xD3, 0xA2, 0xD3, 0xA2, 0xD3, 0xA2, 0xD3, 0xA2, 0xD3, 0xA2,
    0xD3, 0xA2, 0xD3, 0xA2, 0xD3, 0xA2, 0xD3, 0xA2, 0xD3, 0xA2, 0xD3, 0xA2, 0xD3, 0xA2, 0xD3, 0xA2,
    0xD3, 0xA2, 0xD3, 0xA2, 0xD3, 0xA2, 0xD3, 0xA2, 0xD3, 0xA2, 0xD3, 0xA2, 0xD3, 0xA2, 0xD3, 0xA2,
    0xD3, 0xA2, 0xD3, 0xA2, 0xD3, 0xA2, 0xD3, 0xA2, 0xD3, 0xA2, 0xD3, 0xA2, 0xD3, 0xA2, 0xD3, 0xA2,
    0xD3, 0xA2, 0xD3, 0xA2, 0xD3, 0xA2, 0xD3, 0xA2, 0xD3, 0xA2, 0xD3, 0xA2, 0xD3, 0xA2, 0xD3, 0xA2,
    0xD3, 0xA2, 0xD3, 0xA2, 0xD3, 0xA2, 0xD3, 0xA2, 0xD3, 0xA2, 0xD3, 0xA2, 0xD3, 0xA2, 0xD3, 0xA2,
    0xD3, 0xA2, 0xD3, 0xA2, 0xD3, 0xA2, 0xD3, 0xA2, 0xD3, 0xA2, 0xD3, 0xA2, 0xD3, 0xA2, 0xD3, 0xA2,
    0xD3, 0xA2, 0xD3, 0xA2, 0xD3, 0xA2, 0xD3, 0xA2, 0xD3, 0xA2, 0xD3, 0xA2, 0xD3, 0xA2, 0xD3, 0xA2,
    0xD3, 0xA2, 0xD3, 0xA2, 0xD3, 0xA2, 0xD3, 0xA2, 0xD3, 0xA2, 0xD3, 0xA2, 0xD3, 0xA2, 0xD3, 0xA2,
    0xD3, 0xA2, 0xD3, 0xA2, 0xD3, 0xA2, 0xD3, 0xA2, 0xD3, 0xA2, 0xD3, 0xA2, 0xD3, 0xA2, 0xD3, 0xA2,
    0xD3, 0xA2, 0xD3, 0xA2, 0xD3, 0xA2, 0xD3, 0xA2, 0xD3, 0xA2, 0xD3, 0xA2, 0xD3, 0xA2, 0xD3, 0xA2,
    0xD3, 0xA2, 0xD3, 0xA2, 0xD3, 0xA2, 0xD3, 0xA2, 0xD3, 0xA2, 0xD3, 0xA2, 0xD3, 0xA2, 0xD3, 0xA2,
    0xD3, 0xA2, 0xD3, 0xA2, 0xD3, 0xA2, 0xD3, 0xA2, 0xD3, 0xA2, 0xD3, 0xA2, 0xD3, 0xA2, 0xD3, 0xA2,
    0xD3, 0xA2, 0xD3, 0xA2, 0xD3, 0xA2, 0xD3, 0xA2, 0xD3, 0xA2, 0xD3, 0xA2, 0xD3, 0xA2, 0xD3, 0xA2,
    0xD3, 0xA2, 0xD3, 0xA2, 0xD3, 0xA2, 0xD3, 0xA2, 0xD3, 0xA2, 0xD3, 0xA2, 0xD3, 0xA2, 0xD3, 0xA2,
    0xD3, 0xA2, 0xD3, 0xA2, 0xD3, 0xA2, 0xD3, 0xA2, 0xD3, 0xA2, 0xD3, 0xA2, 0xD3, 0xA2, 0xD3, 0xA2,
    0xD3, 0xA2, 0xD3, 0xA2, 0xD3, 0xA2, 0xD3, 0xA2, 0xD3, 0xA2, 0xD3, 0xA2, 0xD3, 0xA2, 0xD3, 0xA2,
    0xD3, 0xA2, 0xD3, 0xA2, 0xD3, 0xA2, 0xD3, 0xA2, 0xD3, 0xA2, 0xD3, 0xA2, 0xD3, 0xA2, 0xD3, 0xA2,
    0xD3, 0xA2, 0xD3, 0xA2, 0xD3, 0xA2, 0xD3, 0xA2, 0xD3, 0xA2, 0xD3, 0xA2, 0xD3, 0xA2, 0xD3, 0xA2,
    0xD3, 0xA2, 0xD3, 0xA2, 0xD3, 0xA2, 0xD3, 0xA2, 0xD3, 0xA2, 0xD3, 0xA2, 0xD3, 0xA2, 0xD3, 0xA2,
    0xD3, 0xA2, 0xD3, 0xA2, 0xD3, 0xA2, 0xD3, 0xA2, 0xD3, 0xA2, 0xD3, 0xA2, 0xD3, 0xA2, 0xD3, 0xA2,
    0xD3, 0xA2, 0xD3, 0xA2, 0xD3, 0xA2, 0xD3, 0xA2, 0xD3, 0xA2, 0xD3, 0xA2, 0xD3, 0xA2, 0xD3, 0xA2,
    0xD3, 0xA2, 0xD3, 0xA2, 0xD3, 0xA2, 0xD3, 0xA2, 0xD3, 0xA2, 0xD3, 0xA2, 0xD3, 0xA2, 0xD3, 0xA2,
    0xD3, 0xA2, 0xD3, 0xA2, 0xD3, 0xA2, 0xD3, 0xA2, 0xD3, 0xA2, 0xD3, 0xA2, 0xD3, 0xA2, 0xD3, 0xA2,
    0xD3, 0xA2, 0xD3, 0xA2, 0xD3, 0xA2, 0xD3, 0xA2, 0xD3, 0xA2, 0xD3, 0xA2, 0xD3, 0xA2, 0xD3, 0xA2,
    0xD3, 0xA2, 0xD3, 0xA2, 0xD3, 0xA2, 0xD3, 0xA2, 0xD3, 0xA2, 0xD3, 0xA2, 0xD3, 0xA2, 0xD3, 0xA2,
    0xD3, 0xA2, 0xD3, 0xA2, 0xD3, 0xA2, 0xD3, 0xA2, 0xD3, 0xA2, 0xD3, 0xA2, 0xD3, 0xA2, 0xD3, 0xA2,
    0xD3, 0xA2, 0xD3, 0xA2, 0xD3, 0xA2, 0xD3, 0xA2, 0xD3, 0xA2, 0xD3, 0xA2, 0xD3, 0xA2, 0xD3, 0xA2,
    0xD3, 0xA2, 0xD3, 0xA2, 0xD3, 0xA2, 0xD3, 0xA2, 0xD3, 0xA2, 0xD3, 0xA2, 0xD3, 0xA2, 0xD3, 0xA2,
    0xD3, 0xA2, 0xD3, 0xA2, 0xD3, 0xA2, 0xD3, 0xA2, 0xD3, 0xA2, 0xD3, 0xA2, 0xD3, 0xA2, 0xD3, 0xA2,
    0xD3, 0xA2, 0xD3, 0xA2, 0xD3, 0xA2, 0xD3, 0xA2, 0xD3, 0xA2, 0xD3, 0xA2, 0xD3, 0xA2, 0xD3, 0xA2,
    0xD3, 0xA2, 0xD3, 0xA2, 0xD3, 0xA2, 0xD3, 0xA2, 0xD3, 0xA2, 0xD3, 0xA2, 0xD3, 0xA2, 0xD3, 0xA2,
    0xD3, 0xA2, 0xD3, 0xA2, 0xD3, 0xA2, 0xD3, 0xA2, 0xD3, 0xA2, 0xD3, 0xA2, 0xD3, 0xA2, 0xD3, 0xA2,
    0xD3, 0xA2, 0xD3, 0xA2, 0xD3, 0xA2, 0xD3, 0xA2, 0xD3, 0xA2, 0xD3, 0xA2, 0xD3, 0xA2, 0xD3, 0xA2,
    0xD3, 0xA2, 0xD3, 0xA2, 0xD3, 0xA2, 0xD3, 0xA2, 0xD3, 0xA2, 0xD3, 0xA2, 0xD3, 0xA2, 0xD3, 0xA2,
    0xD3, 0xA2, 0xD3, 0xA2, 0xD3, 0xA2, 0xD3, 0xA2, 0xD3, 0xA2, 0xD3, 0xA2, 0xD3, 0xA2, 0xD3, 0xA2,
    0xD3, 0xA2, 0xD3, 0xA2, 0xD3, 0xA2, 0xD3, 0xA2, 0xD3, 0xA2, 0xD3, 0xA2, 0xD3, 0xA2, 0xD3, 0xA2,
    0xD3, 0xA2, 0xD3, 0xA2, 0xD3, 0xA2, 0xD3, 0xA2, 0xD3, 0xA2, 0xD3, 0xA2, 0xD3, 0xA2, 0xD3, 0xA2,
    0xD3, 0xA2, 0xD3, 0xA2, 0xD3, 0xA2, 0xD3, 0xA2, 0xD3, 0xA2, 0xD3, 0xA2, 0xD3, 0xA2, 0xD3, 0xA2,
    0xD3, 0xA2, 0xD3, 0xA2, 0xD3, 0xA2, 0xD3, 0xA2, 0xD3, 0xA2, 0xD3, 0xA2, 0xD3, 0xA2, 0xD3, 0xA2,
    0xD3, 0xA2, 0xD3, 0xA2, 0xD3, 0xA2, 0xD3, 0xA2, 0xD3, 0xA2, 0xD3, 0xA2, 0xD3, 0xA2, 0xD3, 0xA2,
    0xD3, 0xA2, 0xD3, 0xA2, 0xD3, 0xA2, 0xD3, 0xA2, 0xD3, 0xA2, 0xD3, 0xA2, 0xD3, 0xA2, 0xD3, 0xA2,
    0xD3, 0xA2, 0xD3, 0xA2, 0xD3, 0xA2, 0xD3, 0xA2, 0xD3, 0xA2, 0xD3, 0xA2, 0xD3, 0xA2, 0xD3, 0xA2,
    0xD3, 0xA2, 0xD3, 0xA2, 0xD3, 0xA2, 0xD3, 0xA2, 0xD3, 0xA2, 0xD3, 0xA2, 0xD3, 0xA2, 0xD3, 0xA2,
    0xD3, 0xA2, 0xD3, 0xA2, 0xD3, 0xA2, 0xD3, 0xA2, 0xD3, 0xA2, 0xD3, 0xA2, 0xD3, 0xA2, 0xD3, 0xA2,
    0xD3, 0xA2, 0xD3, 0xA2, 0xD3, 0xA2, 0xD3, 0xA2, 0xD3, 0xA2, 0xD3, 0xA2, 0xD3, 0xA2, 0xD3, 0xA2,
    0xD3, 0xA2, 0xD3, 0xA2, 0xD3, 0xA2, 0xD3, 0xA2, 0xD3, 0xA2, 0xD3, 0xA2, 0xD3, 0xA2, 0xD3, 0xA2,
    0xD3, 0xA2, 0xD3, 0xA2, 0xD3, 0xA2, 0xD3, 0xA2, 0xD3, 0xA2, 0xD3, 0xA2, 0xD3, 0xA2, 0xD3, 0xA2,
    0xD3, 0xA2, 0xD3, 0xA2, 0xD3, 0xA2, 0xD3, 0xA2, 0xD3, 0xA2, 0xD3, 0xA2, 0xD3, 0xA2, 0xD3, 0xA2,
    0xD3, 0xA2, 0xD3, 0xA2, 0xD3, 0xA2, 0xD3, 0xA2, 0xD3, 0xA2, 0xD3, 0xA2, 0xD3, 0xA2, 0xD3, 0xA2,
    0xD3, 0xA2, 0xD3, 0xA2, 0xD3, 0xA2, 0xD3, 0xA2, 0xD3, 0xA2, 0xD3, 0xA2, 0xD3, 0xA2, 0xD3, 0xA2,
    0xD3, 0xA2, 0xD3, 0xA2, 0xD3, 0xA2, 0xD3, 0xA2, 0xD3, 0xA2, 0xD3, 0xA2, 0xD3, 0xA2, 0xD3, 0xA2,
    0xD3, 0xA2, 0xD3, 0xA2, 0xD3, 0xA2, 0xD3, 0xA2, 0xD3, 0xA2, 0xD3, 0xA2, 0xD3, 0xA2, 0xD3, 0xA2,
    0xD3, 0xA2, 0xD3, 0xA2, 0xD3, 0xA2, 0xD3, 0xA2, 0xD3, 0xA2, 0xD3, 0xA2, 0xD3, 0xA2, 0xD3, 0xA2,
    0xD3, 0xA2, 0xD3, 0xA2, 0xD3, 0xA2, 0xD3, 0xA2, 0xD3, 0xA2, 0xD3, 0xA2, 0xD3, 0xA2, 0xD3, 0xA2,
    0xD3, 0xA2, 0xD3, 0xA2, 0xD3, 0xA2, 0xD3, 0xA2, 0xD3, 0xA2, 0xD3, 0xA2, 0xD3, 0xA2, 0xD3, 0xA2,
    0xD3, 0xA2, 0xD3, 0xA2, 0xD3, 0xA2, 0xD3, 0xA2, 0xD3, 0xA2, 0xD3, 0xA2, 0xD3, 0xA2, 0xD3, 0xA2,
    0xD3, 0xA2, 0xD3, 0xA2, 0xD3, 0xA2, 0xD3, 0xA2, 0xD3, 0xA2, 0xD3, 0xA2, 0xD3, 0xA2, 0xD3, 0xA2,
    0xD3, 0xA2, 0xD3, 0xA2, 0xD3, 0xA2, 0xD3, 0xA2, 0xD3, 0xA2, 0xD3, 0xA2, 0xD3, 0xA2, 0xD3, 0xA2,
    0xD3, 0xA2, 0xD3, 0xA2, 0xD3, 0xA2, 0xD3, 0xA2, 0xD3, 0xA2, 0xD3, 0xA2, 0xD3, 0xA2, 0xD3, 0xA2,
    0xD3, 0xA2, 0xD3, 0xA2, 0xD3, 0xA2, 0xD3, 0xA2, 0xD3, 0xA2, 0xD3, 0xA2, 0xD3, 0xA2, 0xD3, 0xA2,
    0xD3, 0xA2, 0xD3, 0xA2, 0xD3, 0xA2, 0xD3, 0xA2, 0xD3, 0xA2, 0xD3, 0xA2, 0xD3, 0xA2, 0xD3, 0xA2,
    0xD3, 0xA2, 0xD3, 0xA2, 0xD3, 0xA2, 0xD3, 0xA2, 0xD3, 0xA2, 0xD3, 0xA2, 0xD3, 0xA2, 0xD3, 0xA2,
    0xD3, 0xA2, 0xD3, 0xA2, 0xD3, 0xA2, 0xD3, 0xA2, 0xD3, 0xA2, 0xD3, 0xA2, 0xD3, 0xA2, 0xD3, 0xA2,
    0xD3, 0xA2, 0xD3, 0xA2, 0xD3, 0xA2, 0xD3, 0xA2, 0xD3, 0xA2, 0xD3, 0xA2, 0xD3, 0xA2, 0xD3, 0xA2,
    0xD3, 0xA2, 0xD3, 0xA2, 0xD3, 0xA2, 0xD3, 0xA2, 0xD3, 0xA2, 0xD3, 0xA2, 0xD3, 0xA2, 0xD3, 0xA2,
    0xD3, 0xA2, 0xD3, 0xA2, 0xD3, 0xA2, 0xD3, 0xA2, 0xD3, 0xA2, 0xD3, 0xA2, 0xD3, 0xA2, 0xD3, 0xA2,
    0xD3, 0xA2, 0xD3, 0xA2, 0xD3, 0xA2, 0xD3, 0xA2, 0xD3, 0xA2, 0xD3, 0xA2, 0xD3, 0xA2, 0xD3, 0xA2,
    0xD3, 0xA2, 0xD3, 0xA2, 0xD3, 0xA2, 0xD3, 0xA2, 0xD3, 0xA2, 0xD3, 0xA2, 0xD3, 0xA2, 0xD3, 0xA2,
    0xD3, 0xA2, 0xD3, 0xA2, 0xD3, 0xA2, 0xD3, 0xA2, 0xD3, 0xA2, 0xD3, 0xA2, 0xD3, 0xA2, 0xD3, 0xA2,
    0xD3, 0xA2, 0xD3, 0xA2, 0xD3, 0xA2, 0xD3, 0xA2, 0xD3, 0xA2, 0xD3, 0xA2, 0xD3, 0xA2, 0xD3, 0xA2,
    0xD3, 0xA2, 0xD3, 0xA2, 0xD3, 0xA2, 0xD3, 0xA2, 0xD3, 0xA2, 0xD3, 0xA2, 0xD3, 0xA2, 0xD3, 0xA2,
    0xD3, 0xA2, 0xD3, 0xA2, 0xD3, 0xA2, 0xD3, 0xA2, 0xD3, 0xA2, 0xD3, 0xA2, 0xD3, 0xA2, 0xD3, 0xA2,
    0xD3, 0xA2, 0xD3, 0xA2, 0xD3, 0xA2, 0xD3, 0xA2, 0xD3, 0xA2, 0xD3, 0xA2, 0xD3, 0xA2, 0xD3, 0xA2,
    0xD3, 0xA2, 0xD3, 0xA2, 0xD3, 0xA2, 0xD3, 0xA2, 0xD3, 0xA2, 0xD3, 0xA2, 0xD3, 0xA2, 0xD3, 0xA2,
    0xD3, 0xA2, 0xD3, 0xA2, 0xD3, 0xA2, 0xD3, 0xA2, 0xD3, 0xA2, 0xD3, 0xA2, 0xD3, 0xA2, 0xD3, 0xA2,
    0xD3, 0xA2, 0xD3, 0xA2, 0xD3, 0xA2, 0xD3, 0xA2, 0xD3, 0xA2, 0xD3, 0xA2, 0xD3, 0xA2, 0xD3, 0xA2,
    0xD3, 0xA2, 0xD3, 0xA2, 0xD3, 0xA2, 0xD3, 0xA2, 0xD3, 0xA2, 0xD3, 0xA2, 0xD3, 0xA2, 0xD3, 0xA2,
    0xD3, 0xA2, 0xD3, 0xA2, 0xD3, 0xA2, 0xD3, 0xA2, 0xD3, 0xA2, 0xD3, 0xA2, 0xD3, 0xA2, 0xD3, 0xA2,
    0xD3, 0xA2, 0xD3, 0xA2, 0xD3, 0xA2, 0xD3, 0xA2, 0xD3, 0xA2, 0xD3, 0xA2, 0xD3, 0xA2, 0xD3, 0xA2,
    0xD3, 0xA2, 0xD3, 0xA2, 0xD3, 0xA2, 0xD3, 0xA2, 0xD3, 0xA2, 0xD3, 0xA2, 0xD3, 0xA2, 0xD3, 0xA2,
    0xD3, 0xA2, 0xD3, 0xA2, 0xD3, 0xA2, 0xD3, 0xA2, 0xD3, 0xA2, 0xD3, 0xA2, 0xD3, 0xA2, 0xD3, 0xA2,
    0xD3, 0xA2, 0xD3, 0xA2, 0xD3, 0xA2, 0xD3, 0xA2, 0xD3, 0xA2, 0xD3, 0xA2, 0xD3, 0xA2, 0xD3, 0xA2,
    0xD3, 0xA2, 0xD3, 0xA2, 0xD3, 0xA2, 0xD3, 0xA2, 0xD3, 0xA2, 0xD3, 0xA2, 0xD3, 0xA2, 0xD3, 0xA2,
    0xD3, 0xA2, 0xD3, 0xA2, 0xD3, 0xA2, 0xD3, 0xA2, 0xD3, 0xA2, 0xD3, 0xA2, 0xD3, 0xA2, 0xD3, 0xA2,
    0xD3, 0xA2, 0xD3, 0xA2, 0xD3, 0xA2, 0xD3, 0xA2, 0xD3, 0xA2, 0xD3, 0xA2, 0xD3, 0xA2, 0xD3, 0xA2,
    0xD3, 0xA2, 0xD3, 0xA2, 0xD3, 0xA2, 0xD3, 0xA2, 0xD3, 0xA2, 0xD3, 0xA2, 0xD3, 0xA2, 0xD3, 0xA2,
    0xD3, 0xA2, 0xD3, 0xA2, 0xD3, 0xA2, 0xD3, 0xA2, 0xD3, 0xA2, 0xD3, 0xA2, 0xD3, 0xA2, 0xD3, 0xA2,
    0xD3, 0xA2, 0xD3, 0xA2, 0xD3, 0xA2, 0xD3, 0xA2, 0xD3, 0xA2, 0xD3, 0xA2, 0xD3, 0xA2, 0xD3, 0xA2,
    0xD3, 0xA2, 0xD3, 0xA2, 0xD3, 0xA2, 0xD3, 0xA2, 0xD3, 0xA2, 0xD3, 0xA2, 0xD3, 0xA2, 0xD3, 0xA2,
    0xD3, 0xA2, 0xD3, 0xA2, 0xD3, 0xA2, 0xD3, 0xA2, 0xD3, 0xA2, 0xD3, 0xA2, 0xD3, 0xA2, 0xD3, 0xA2,
    0xD3, 0xA2, 0xD3, 0xA2, 0xD3, 0xA2, 0xD3, 0xA2, 0xD3, 0xA2, 0xD3, 0xA2, 0xD3, 0xA2, 0xD3, 0xA2,
    0xD3, 0xA2, 0xD3, 0xA2, 0xD3, 0xA2, 0xD3, 0xA2, 0xD3, 0xA2, 0xD3, 0xA2, 0xD3, 0xA2, 0xD3, 0xA2,
    0xD3, 0xA2, 0xD3, 0xA2, 0xD3, 0xA2, 0xD3, 0xA2, 0xD3, 0xA2, 0xD3, 0xA2, 0xD3, 0xA2, 0xD3, 0xA2,
    0xD3, 0xA2, 0xD3, 0xA2, 0xD3, 0xA2, 0xD3, 0xA2, 0xD3, 0xA2, 0xD3, 0xA2, 0xD3, 0xA2, 0xD3, 0xA2,
    0xD3, 0xA2, 0xD3, 0xA2, 0xD3, 0xA2, 0xD3, 0xA2, 0xD3, 0xA2, 0xD3, 0xA2, 0xD3, 0xA2, 0xD3, 0xA2,
    0xD3, 0xA2, 0xD3, 0xA2, 0xD3, 0xA2, 0xD3, 0xA2, 0xD3, 0xA2, 0xD3, 0xA2, 0xD3, 0xA2, 0xD3, 0xA2,
    0xD3, 0xA2, 0xD3, 0xA2, 0xD3, 0xA2, 0xD3, 0xA2, 0xD3, 0xA2, 0xD3, 0xA2, 0xD3, 0xA2, 0xD3, 0xA2,
    0xD3, 0xA2, 0xD3, 0xA2, 0xD3, 0xA2, 0xD3, 0xA2, 0xD3, 0xA2, 0xD3, 0xA2, 0xD3, 0xA2, 0xD3, 0xA2,
    0xD3, 0xA2, 0xD3, 0xA2, 0xD3, 0xA2, 0xD3, 0xA2, 0xD3, 0xA2, 0xD3, 0xA2, 0xD3, 0xA2, 0xD3, 0xA2,
    0xD3, 0xA2, 0xD3, 0xA2, 0xD3, 0xA2, 0xD3, 0xA2, 0xD3, 0xA2, 0xD3, 0xA2, 0xD3, 0xA2, 0xD3, 0xA2,
    0xD3, 0xA2, 0xD3, 0xA2, 0xD3, 0xA2, 0xD3, 0xA2, 0xD3, 0xA2, 0xD3, 0xA2, 0xD3, 0xA2, 0xD3, 0xA2,
    0xD3, 0xA2, 0xD3, 0xA2, 0xD3, 0xA2, 0xD3, 0xA2, 0xD3, 0xA2, 0xD3, 0xA2, 0xD3, 0xA2, 0xD3, 0xA2,
    0xD3, 0xA2, 0xD3, 0xA2, 0xD3, 0xA2, 0xD3, 0xA2, 0xD3, 0xA2, 0xD3, 0xA2, 0xD3, 0xA2, 0xD3, 0xA2,
    0xD3, 0xA2, 0xD3, 0xA2, 0xD3, 0xA2, 0xD3, 0xA2, 0xD3, 0xA2, 0xD3, 0xA2, 0xD3, 0xA2, 0xD3, 0xA2,
    0xD3, 0xA2, 0xD3, 0xA2, 0xD3, 0xA2, 0xD3, 0xA2, 0xD3, 0xA2, 0xD3, 0xA2, 0xD3, 0xA2, 0xD3, 0xA2,
    0xD3, 0xA2, 0xD3, 0xA2, 0xD3, 0xA2, 0xD3, 0xA2, 0xD3, 0xA2, 0xD3, 0xA2, 0xD3, 0xA2, 0xD3, 0xA2,
    0xD3, 0xA2, 0xD3, 0xA2, 0xD3, 0xA2, 0xD3, 0xA2, 0xD3, 0xA2, 0xD3, 0xA2, 0xD3, 0xA2, 0xD3, 0xA2,
    0xD3, 0xA2, 0xD3, 0xA2, 0xD3, 0xA2, 0xD3, 0xA2, 0xD3, 0xA2, 0xD3, 0xA2, 0xD3, 0xA2, 0xD3, 0xA2,
    0xD3, 0xA2, 0xD3, 0xA2, 0xD3, 0xA2, 0xD3, 0xA2, 0xD3, 0xA2, 0xD3, 0xA2, 0xD3, 0xA2, 0xD3, 0xA2,
    0xF3, 0xA2, 0xF3, 0xA2, 0xF3, 0xA2, 0xF3, 0xA2, 0xF3, 0xA2, 0xF3, 0xA2, 0xF3, 0xA2, 0xF3, 0xA2,
    0xF3, 0xA2, 0xF3, 0xA2, 0xF3, 0xA2, 0xF3, 0xA2, 0xF3, 0xA2, 0xF3, 0xA2, 0xF3, 0xA2, 0xF3, 0xA2,
    0xF3, 0xA2, 0xF3, 0xA2, 0xF3, 0xA2, 0xF3, 0xA2, 0xF3, 0xA2, 0xF3, 0xA2, 0xF3, 0xA2, 0xF3, 0xA2,
    0xF3, 0xA2, 0xF3, 0xA2, 0xF3, 0xA2, 0xF3, 0xA2, 0xF3, 0xA2, 0xF3, 0xA2, 0xF3, 0xA2, 0xF3, 0xA2,
    0xF3, 0xA2, 0xF3, 0xA2, 0xF3, 0xA2, 0xF3, 0xA2, 0xF3, 0xA2, 0xF3, 0xA2, 0xF3, 0xA2, 0xF3, 0xA2,
    0xF3, 0xA2, 0xF3, 0xA2, 0xF3, 0xA2, 0xF3, 0xA2, 0xF3, 0xA2, 0xF3, 0xA2, 0xF3, 0xA2, 0xF3, 0xA2,
    0xF3, 0xA2, 0xF3, 0xA2, 0xF3, 0xA2, 0xF3, 0xA2, 0xF3, 0xA2, 0xF3, 0xA2, 0xF3, 0xA2, 0xF3, 0xA2,
    0xF3, 0xA2, 0xF3, 0xA2, 0xF3, 0xA2, 0xF3, 0xA2, 0xF3, 0xA2, 0xF3, 0xA2, 0xF3, 0xA2, 0xF3, 0xA2,
    0xF3, 0xA2, 0xF3, 0xA2, 0xF3, 0xA2, 0xF3, 0xA2, 0xF3, 0xA2, 0xF3, 0xA2, 0xF3, 0xA2, 0xF3, 0xA2,
    0xF3, 0xA2, 0xF3, 0xA2, 0xF3, 0xA2, 0xF3, 0xA2, 0xF3, 0xA2, 0xF3, 0xA2, 0xF3, 0xA2, 0xF3, 0xA2,
    0xF3, 0xA2, 0xF3, 0xA2, 0xF3, 0xA2, 0xF3, 0xA2, 0xF3, 0xA2, 0xF3, 0xA2, 0xF3, 0xA2, 0xF3, 0xA2,
    0xF3, 0xA2, 0xF3, 0xA2, 0xF3, 0xA2, 0xF3, 0xA2, 0xF3, 0xA2, 0xF3, 0xA2, 0xF3, 0xA2, 0xF3, 0xA2,
    0xF3, 0xA2, 0xF3, 0xA2, 0xF3, 0xA2, 0xF3, 0xA2, 0xF3, 0xA2, 0xF3, 0xA2, 0xF3, 0xA2, 0xF3, 0xA2,
    0xF3, 0xA2, 0xF3, 0xA2, 0xF3, 0xA2, 0xF3, 0xA2, 0xF3, 0xA2, 0xF3, 0xA2, 0xF3, 0xA2, 0xF3, 0xA2,
    0xF3, 0xA2, 0xF3, 0xA2, 0xF3, 0xA2, 0xF3, 0xA2, 0xF3, 0xA2, 0xF3, 0xA2, 0xF3, 0xA2, 0xF3, 0xA2,
    0xF3, 0xA2, 0xF3, 0xA2, 0xF3, 0xA2, 0xF3, 0xA2, 0xF3, 0xA2, 0xF3, 0xA2, 0xF3, 0xA2, 0xF3, 0xA2,
    0xF3, 0xA2, 0xF3, 0xA2, 0xF3, 0xA2, 0xF3, 0xA2, 0xF3, 0xA2, 0xF3, 0xA2, 0xF3, 0xA2, 0xF3, 0xA2,
    0xF3, 0xA2, 0xF3, 0xA2, 0xF3, 0xA2, 0xF3, 0xA2, 0xF3, 0xA2, 0xF3, 0xA2, 0xF3, 0xA2, 0xF3, 0xA2,
    0xF3, 0xA2, 0xF3, 0xA2, 0xF3, 0xA2, 0xF3, 0xA2, 0xF3, 0xA2, 0xF3, 0xA2, 0xF3, 0xA2, 0xF3, 0xA2,
    0xF3, 0xA2, 0xF3, 0xA2, 0xF3, 0xA2, 0xF3, 0xA2, 0xF3, 0xA2, 0xF3, 0xA2, 0xF3, 0xA2, 0xF3, 0xA2,
    0xF3, 0xA2, 0xF3, 0xA2, 0xF3, 0xA2, 0xF3, 0xA2, 0xF3, 0xA2, 0xF3, 0xA2, 0xF3, 0xA2, 0xF3, 0xA2,
    0xF3, 0xA2, 0xF3, 0xA2, 0xF3, 0xA2, 0xF3, 0xA2, 0xF3, 0xA2, 0xF3, 0xA2, 0xF3, 0xA2, 0xF3, 0xA2,
    0xF3, 0xA2, 0xF3, 0xA2, 0xF3, 0xA2, 0xF3, 0xA2, 0xF3, 0xA2, 0xF3, 0xA2, 0xF3, 0xA2, 0xF3, 0xA2,
    0xF3, 0xA2, 0xF3, 0xA2, 0xF3, 0xA2, 0xF3, 0xA2, 0xF3, 0xA2, 0xF3, 0xA2, 0xF3, 0xA2, 0xF3, 0xA2,
    0xF3, 0xA2, 0xF3, 0xA2, 0xF3, 0xA2, 0xF3, 0xA2, 0xF3, 0xA2, 0xF3, 0xA2, 0xF3, 0xA2, 0xF3, 0xA2,
    0xF3, 0xA2, 0xF3, 0xA2, 0xF3, 0xA2, 0xF3, 0xA2, 0xF3, 0xA2, 0xF3, 0xA2, 0xF3, 0xA2, 0xF3, 0xA2,
    0xF3, 0xA2, 0xF3, 0xA2, 0xF3, 0xA2, 0xF3, 0xA2, 0xF3, 0xA2, 0xF3, 0xA2, 0xF3, 0xA2, 0xF3, 0xA2,
    0xF3, 0xA2, 0xF3, 0xA2, 0xF3, 0xA2, 0xF3, 0xA2, 0xF3, 0xA2, 0xF3, 0xA2, 0xF3, 0xA2, 0xF3, 0xA2,
    0xF3, 0xA2, 0xF3, 0xA2, 0xF3, 0xA2, 0xF3, 0xA2, 0xF3, 0xA2, 0xF3, 0xA2, 0xF3, 0xA2, 0xF3, 0xA2,
    0xF3, 0xA2, 0xF3, 0xA2, 0xF3, 0xA2, 0xF3, 0xA2, 0xF3, 0xA2, 0xF3, 0xA2, 0xF3, 0xA2, 0xF3, 0xA2,
    0xF3, 0xA2, 0xF3, 0xA2, 0xF3, 0xA2, 0xF3, 0xA2, 0xF3, 0xA2, 0xF3, 0xA2, 0xF3, 0xA2, 0xF3, 0xA2,
    0xF3, 0xA2, 0xF3, 0xA2, 0xF3, 0xA2, 0xF3, 0xA2, 0xF3, 0xA2, 0xF3, 0xA2, 0xF3, 0xA2, 0xF3, 0xA2,
    0xF3, 0xA2, 0xF3, 0xA2, 0xF3, 0xA2, 0xF3, 0xA2, 0xF3, 0xA2, 0xF3, 0xA2, 0xF3, 0xA2, 0xF3, 0xA2,
    0xF3, 0xA2, 0xF3, 0xA2, 0xF3, 0xA2, 0xF3, 0xA2, 0xF3, 0xA2, 0xF3, 0xA2, 0xF3, 0xA2, 0xF3, 0xA2,
    0xF3, 0xA2, 0xF3, 0xA2, 0xF3, 0xA2, 0xF3, 0xA2, 0xF3, 0xA2, 0xF3, 0xA2, 0xF3, 0xA2, 0xF3, 0xA2,
    0xF3, 0xA2, 0xF3, 0xA2, 0xF3, 0xA2, 0xF3, 0xA2, 0xF3, 0xA2, 0xF3, 0xA2, 0xF3, 0xA2, 0xF3, 0xA2,
    0xF3, 0xA2, 0xF3, 0xA2, 0xF3, 0xA2, 0xF3, 0xA2, 0xF3, 0xA2, 0xF3, 0xA2, 0xF3, 0xA2, 0xF3, 0xA2,
    0xF3, 0xA2, 0xF3, 0xA2, 0xF3, 0xA2, 0xF3, 0xA2, 0xF3, 0xA2, 0xF3, 0xA2, 0xF3, 0xA2, 0xF3, 0xA2,
    0xF3, 0xA2, 0xF3, 0xA2, 0xF3, 0xA2, 0xF3, 0xA2, 0xF3, 0xA2, 0xF3, 0xA2, 0xF3, 0xA2, 0xF3, 0xA2,
    0xF3, 0xA2, 0xF3, 0xA2, 0xF3, 0xA2, 0xF3, 0xA2, 0xF3, 0xA2, 0xF3, 0xA2, 0xF3, 0xA2, 0xF3, 0xA2,
    0xF3, 0xA2, 0xF3, 0xA2, 0xF3, 0xA2, 0xF3, 0xA2, 0xF3, 0xA2, 0xF3, 0xA2, 0xF3, 0xA2, 0xF3, 0xA2,
    0xF3, 0xA2, 0xF3, 0xA2, 0xF3, 0xA2, 0xF3, 0xA2, 0xF3, 0xA2, 0xF3, 0xA2, 0xF3, 0xA2, 0xF3, 0xA2,
    0xF3, 0xA2, 0xF3, 0xA2, 0xF3, 0xA2, 0xF3, 0xA2, 0xF3, 0xA2, 0xF3, 0xA2, 0xF3, 0xA2, 0xF3, 0xA2,
    0xF3, 0xA2, 0xF3, 0xA2, 0xF3, 0xA2, 0xF3, 0xA2, 0xF3, 0xA2, 0xF3, 0xA2, 0xF3, 0xA2, 0xF3, 0xA2,
    0xF3, 0xA2, 0xF3, 0xA2, 0xF3, 0xA2, 0xF3, 0xA2, 0xF3, 0xA2, 0xF3, 0xA2, 0xF3, 0xA2, 0xF3, 0xA2,
    0xF3, 0xA2, 0xF3, 0xA2, 0xF3, 0xA2, 0xF3, 0xA2, 0xF3, 0xA2, 0xF3, 0xA2, 0xF3, 0xA2, 0xF3, 0xA2,
    0xF3, 0xA2, 0xF3, 0xA2, 0xF3, 0xA2, 0xF3, 0xA2, 0xF3, 0xA2, 0xF3, 0xA2, 0xF3, 0xA2, 0xF3, 0xA2,
    0xF3, 0xA2, 0xF3, 0xA2, 0xF3, 0xA2, 0xF3, 0xA2, 0xF3, 0xA2, 0xF3, 0xA2, 0xF3, 0xA2, 0xF3, 0xA2,
    0xF3, 0xA2, 0xF3, 0xA2, 0xF3, 0xA2, 0xF3, 0xA2, 0xF3, 0xA2, 0xF3, 0xA2, 0xF3, 0xA2, 0xF3, 0xA2,
    0xF3, 0xA2, 0xF3, 0xA2, 0xF3, 0xA2, 0xF3, 0xA2, 0xF3, 0xA2, 0xF3, 0xA2, 0xF3, 0xA2, 0xF3, 0xA2,
    0xF3, 0xA2, 0xF3, 0xA2, 0xF3, 0xA2, 0xF3, 0xA2, 0xF3, 0xA2, 0xF3, 0xA2, 0xF3, 0xA2, 0xF3, 0xA2,
    0xF3, 0xA2, 0xF3, 0xA2, 0xF3, 0xA2, 0xF3, 0xA2, 0xF3, 0xA2, 0xF3, 0xA2, 0xF3, 0xA2, 0xF3, 0xA2,
    0xF3, 0xA2, 0xF3, 0xA2, 0xF3, 0xA2, 0xF3, 0xA2, 0xF3, 0xA2, 0xF3, 0xA2, 0xF3, 0xA2, 0xF3, 0xA2,
    0xF3, 0xA2, 0xF3, 0xA2, 0xF3, 0xA2, 0xF3, 0xA2, 0xF3, 0xA2, 0xF3, 0xA2, 0xF3, 0xA2, 0xF3, 0xA2,
    0xF3, 0xA2, 0xF3, 0xA2, 0xF3, 0xA2, 0xF3, 0xA2, 0xF3, 0xA2, 0xF3, 0xA2, 0xF3, 0xA2, 0xF3, 0xA2,
    0xF3, 0xA2, 0xF3, 0xA2, 0xF3, 0xA2, 0xF3, 0xA2, 0xF3, 0xA2, 0xF3, 0xA2, 0xF3, 0xA2, 0xF3, 0xA2,
    0xF3, 0xA2, 0xF3, 0xA2, 0xF3, 0xA2, 0xF3, 0xA2, 0xF3, 0xA2, 0xF3, 0xA2, 0xF3, 0xA2, 0xF3, 0xA2,
    0xF3, 0xA2, 0xF3, 0xA2, 0xF3, 0xA2, 0xF3, 0xA2, 0xF3, 0xA2, 0xF3, 0xA2, 0xF3, 0xA2, 0xF3, 0xA2,
    0xF3, 0xA2, 0xF3, 0xA2, 0xF3, 0xA2, 0xF3, 0xA2, 0xF3, 0xA2, 0xF3, 0xA2, 0xF3, 0xA2, 0xF3, 0xA2,
    0xF3, 0xA2, 0xF3, 0xA2, 0xF3, 0xA2, 0xF3, 0xA2, 0xF3, 0xA2, 0xF3, 0xA2, 0xF3, 0xA2, 0xF3, 0xA2,
    0xF3, 0xA2, 0xF3, 0xA2, 0xF3, 0xA2, 0xF3, 0xA2, 0xF3, 0xA2, 0xF3, 0xA2, 0xF3, 0xA2, 0xF3, 0xA2,
    0xF3, 0xA2, 0xF3, 0xA2, 0xF3, 0xA2, 0xF3, 0xA2, 0xF3, 0xA2, 0xF3, 0xA2, 0xF3, 0xA2, 0xF3, 0xA2,
    0xF3, 0xA2, 0xF3, 0xA2, 0xF3, 0xA2, 0xF3, 0xA2, 0xF3, 0xA2, 0xF3, 0xA2, 0xF3, 0xA2, 0xF3, 0xA2,
    0xF3, 0xA2, 0xF3, 0xA2, 0xF3, 0xA2, 0xF3, 0xA2, 0xF3, 0xA2, 0xF3, 0xA2, 0xF3, 0xA2, 0xF3, 0xA2,
    0xF3, 0xA2, 0xF3, 0xA2, 0xF3, 0xA2, 0xF3, 0xA2, 0xF3, 0xA2, 0xF3, 0xA2, 0xF3, 0xA2, 0xF3, 0xA2,
    0xF3, 0xA2, 0xF3, 0xA2, 0xF3, 0xA2, 0xF3, 0xA2, 0xF3, 0xA2, 0xF3, 0xA2, 0xF3, 0xA2, 0xF3, 0xA2,
    0xF3, 0xA2, 0xF3, 0xA2, 0xF3, 0xA2, 0xF3, 0xA2, 0xF3, 0xA2, 0xF3, 0xA2, 0xF3, 0xA2, 0xF3, 0xA2,
    0xF3, 0xA2, 0xF3, 0xA2, 0xF3, 0xA2, 0xF3, 0xA2, 0xF3, 0xA2, 0xF3, 0xA2, 0xF3, 0xA2, 0xF3, 0xA2,
    0xF3, 0xA2, 0xF3, 0xA2, 0xF3, 0xA2, 0xF3, 0xA2, 0xF3, 0xA2, 0xF3, 0xA2, 0xF3, 0xA2, 0xF3, 0xA2,
    0xF3, 0xA2, 0xF3, 0xA2, 0xF3, 0xA2, 0xF3, 0xA2, 0xF3, 0xA2, 0xF3, 0xA2, 0xF3, 0xA2, 0xF3, 0xA2,
    0xF3, 0xA2, 0xF3, 0xA2, 0xF3, 0xA2, 0xF3, 0xA2, 0xF3, 0xA2, 0xF3, 0xA2, 0xF3, 0xA2, 0xF3, 0xA2,
    0xF3, 0xA2, 0xF3, 0xA2, 0xF3, 0xA2, 0xF3, 0xA2, 0xF3, 0xA2, 0xF3, 0xA2, 0xF3, 0xA2, 0xF3, 0xA2,
    0xF3, 0xA2, 0xF3, 0xA2, 0xF3, 0xA2, 0xF3, 0xA2, 0xF3, 0xA2, 0xF3, 0xA2, 0xF3, 0xA2, 0xF3, 0xA2,
    0xF3, 0xA2, 0xF3, 0xA2, 0xF3, 0xA2, 0xF3, 0xA2, 0xF3, 0xA2, 0xF3, 0xA2, 0xF3, 0xA2, 0xF3, 0xA2,
    0xF3, 0xA2, 0xF3, 0xA2, 0xF3, 0xA2, 0xF3, 0xA2, 0xF3, 0xA2, 0xF3, 0xA2, 0xF3, 0xA2, 0xF3, 0xA2,
    0xF3, 0xA2, 0xF3, 0xA2, 0xF3, 0xA2, 0xF3, 0xA2, 0xF3, 0xA2, 0xF3, 0xA2, 0xF3, 0xA2, 0xF3, 0xA2,
    0xF3, 0xA2, 0xF3, 0xA2, 0xF3, 0xA2, 0xF3, 0xA2, 0xF3, 0xA2, 0xF3, 0xA2, 0xF3, 0xA2, 0xF3, 0xA2,
    0xF3, 0xA2, 0xF3, 0xA2, 0xF3, 0xA2, 0xF3, 0xA2, 0xF3, 0xA2, 0xF3, 0xA2, 0xF3, 0xA2, 0xF3, 0xA2,
    0xF3, 0xA2, 0xF3, 0xA2, 0xF3, 0xA2, 0xF3, 0xA2, 0xF3, 0xA2, 0xF3, 0xA2, 0xF3, 0xA2, 0xF3, 0xA2,
    0xF3, 0xA2, 0xF3, 0xA2, 0xF3, 0xA2, 0xF3, 0xA2, 0xF3, 0xA2, 0xF3, 0xA2, 0xF3, 0xA2, 0xF3, 0xA2,
    0xF3, 0xA2, 0xF3, 0xA2, 0xF3, 0xA2, 0xF3, 0xA2, 0xF3, 0xA2, 0xF3, 0xA2, 0xF3, 0xA2, 0xF3, 0xA2,
    0xF3, 0xA2, 0xF3, 0xA2, 0xF3, 0xA2, 0xF3, 0xA2, 0xF3, 0xA2, 0xF3, 0xA2, 0xF3, 0xA2, 0xF3, 0xA2,
    0xF3, 0xA2, 0xF3, 0xA2, 0xF3, 0xA2, 0xF3, 0xA2, 0xF3, 0xA2, 0xF3, 0xA2, 0xF3, 0xA2, 0xF3, 0xA2,
    0xF3, 0xA2, 0xF3, 0xA2, 0xF3, 0xA2, 0xF3, 0xA2, 0xF3, 0xA2, 0xF3, 0xA2, 0xF3, 0xA2, 0xF3, 0xA2,
    0xF3, 0xA2, 0xF3, 0xA2, 0xF3, 0xA2, 0xF3, 0xA2, 0xF3, 0xA2, 0xF3, 0xA2, 0xF3, 0xA2, 0xF3, 0xA2,
    0xF3, 0xA2, 0xF3, 0xA2, 0xF3, 0xA2, 0xF3, 0xA2, 0xF3, 0xA2, 0xF3, 0xA2, 0xF3, 0xA2, 0xF3, 0xA2,
    0xF3, 0xA2, 0xF3, 0xA2, 0xF3, 0xA2, 0xF3, 0xA2, 0xF3, 0xA2, 0xF3, 0xA2, 0xF3, 0xA2, 0xF3, 0xA2,
    0xF3, 0xA2, 0xF3, 0xA2, 0xF3, 0xA2, 0xF3, 0xA2, 0xF3, 0xA2, 0xF3, 0xA2, 0xF3, 0xA2, 0xF3, 0xA2,
    0xF3, 0xA2, 0xF3, 0xA2, 0xF3, 0xA2, 0xF3, 0xA2, 0xF3, 0xA2, 0xF3, 0xA2, 0xF3, 0xA2, 0xF3, 0xA2,
    0xF3, 0xA2, 0xF3, 0xA2, 0xF3, 0xA2, 0xF3, 0xA2, 0xF3, 0xA2, 0xF3, 0xA2, 0xF3, 0xA2, 0xF3, 0xA2,
    0xF3, 0xA2, 0xF3, 0xA2, 0xF3, 0xA2, 0xF3, 0xA2, 0xF3, 0xA2, 0xF3, 0xA2, 0xF3, 0xA2, 0xF3, 0xA2,
    0xF3, 0xA2, 0xF3, 0xA2, 0xF3, 0xA2, 0xF3, 0xA2, 0xF3, 0xA2, 0xF3, 0xA2, 0xF3, 0xA2, 0xF3, 0xA2,
    0xF3, 0xA2, 0xF3, 0xA2, 0xF3, 0xA2, 0xF3, 0xA2, 0xF3, 0xA2, 0xF3, 0xA2, 0xF3, 0xA2, 0xF3, 0xA2,
    0xF3, 0xA2, 0xF3, 0xA2, 0xF3, 0xA2, 0xF3, 0xA2, 0xF3, 0xA2, 0xF3, 0xA2, 0xF3, 0xA2, 0xF3, 0xA2,
    0xF3, 0xA2, 0xF3, 0xA2, 0xF3, 0xA2, 0xF3, 0xA2, 0xF3, 0xA2, 0xF3, 0xA2, 0xF3, 0xA2, 0xF3, 0xA2,
    0xF3, 0xA2, 0xF3, 0xA2, 0xF3, 0xA2, 0xF3, 0xA2, 0xF3, 0xA2, 0xF3, 0xA2, 0xF3, 0xA2, 0xF3, 0xA2,
    0xF3, 0xA2, 0xF3, 0xA2, 0xF3, 0xA2, 0xF3, 0xA2, 0xF3, 0xA2, 0xF3, 0xA2, 0xF3, 0xA2, 0xF3, 0xA2,
    0xF3, 0xA2, 0xF3, 0xA2, 0xF3, 0xA2, 0xF3, 0xA2, 0xF3, 0xA2, 0xF3, 0xA2, 0xF3, 0xA2, 0xF3, 0xA2,
    0xF3, 0xA2, 0xF3, 0xA2, 0xF3, 0xA2, 0xF3, 0xA2, 0xF3, 0xA2, 0xF3, 0xA2, 0xF3, 0xA2, 0xF3, 0xA2,
    0xF3, 0xA2, 0xF3, 0xA2, 0xF3, 0xA2, 0xF3, 0xA2, 0xF3, 0xA2, 0xF3, 0xA2, 0xF3, 0xA2, 0xF3, 0xA2,
    0xF3, 0xA2, 0xF3, 0xA2, 0xF3, 0xA2, 0xF3, 0xA2, 0xF3, 0xA2, 0xF3, 0xA2, 0xF3, 0xA2, 0xF3, 0xA2,
    0xF3, 0xA2, 0xF3, 0xA2, 0xF3, 0xA2, 0xF3, 0xA2, 0xF3, 0xA2, 0xF3, 0xA2, 0xF3, 0xA2, 0xF3, 0xA2,
    0xF3, 0xA2, 0xF3, 0xA2, 0xF3, 0xA2, 0xF3, 0xA2, 0xF3, 0xA2, 0xF3, 0xA2, 0xF3, 0xA2, 0xF3, 0xA2,
    0xF3, 0xA2, 0xF3, 0xA2, 0xF3, 0xA2, 0xF3, 0xA2, 0xF3, 0xA2, 0xF3, 0xA2, 0xF3, 0xA2, 0xF3, 0xA2,
    0xF3, 0xA2, 0xF3, 0xA2, 0xF3, 0xA2, 0xF3, 0xA2, 0xF3, 0xA2, 0xF3, 0xA2, 0xF3, 0xA2, 0xF3, 0xA2,
    0xF3, 0xA2, 0xF3, 0xA2, 0xF3, 0xA2, 0xF3, 0xA2, 0xF3, 0xA2, 0xF3, 0xA2, 0xF3, 0xA2, 0xF3, 0xA2,
    0xF3, 0xA2, 0xF3, 0xA2, 0xF3, 0xA2, 0xF3, 0xA2, 0xF3, 0xA2, 0xF3, 0xA2, 0xF3, 0xA2, 0xF3, 0xA2,
    0xF3, 0xA2, 0xF3, 0xA2, 0xF3, 0xA2, 0xF3, 0xA2, 0xF3, 0xA2, 0xF3, 0xA2, 0xF3, 0xA2, 0xF3, 0xA2,
    0xF3, 0xA2, 0xF3, 0xA2, 0xF3, 0xA2, 0xF3, 0xA2, 0xF3, 0xA2, 0xF3, 0xA2, 0xF3, 0xA2, 0xF3, 0xA2,
    0xF3, 0xA2, 0xF3, 0xA2, 0xF3, 0xA2, 0xF3, 0xA2, 0xF3, 0xA2, 0xF3, 0xA2, 0xF3, 0xA2, 0xF3, 0xA2,
    0xF3, 0xA2, 0xF3, 0xA2, 0xF3, 0xA2, 0xF3, 0xA2, 0xF3, 0xA2, 0xF3, 0xA2, 0xF3, 0xA2, 0xF3, 0xA2,
    0xF3, 0xA2, 0xF3, 0xA2, 0xF3, 0xA2, 0xF3, 0xA2, 0xF3, 0xA2, 0xF3, 0xA2, 0xF3, 0xA2, 0xF3, 0xA2,
    0xF3, 0xA2, 0xF3, 0xA2, 0xF3, 0xA2, 0xF3, 0xA2, 0xF3, 0xA2, 0xF3, 0xA2, 0xF3, 0xA2, 0xF3, 0xA2,
    0xF3, 0xA2, 0xF3, 0xA2, 0xF3, 0xA2, 0xF3, 0xA2, 0xF3, 0xA2, 0xF3, 0xA2, 0xF3, 0xA2, 0xF3, 0xA2,
    0xF3, 0xA2, 0xF3, 0xA2, 0xF3, 0xA2, 0xF3, 0xA2, 0xF3, 0xA2, 0xF3, 0xA2, 0xF3, 0xA2, 0xF3, 0xA2,
    0xF3, 0xA2, 0xF3, 0xA2, 0xF3, 0xA2, 0xF3, 0xA2, 0xF3, 0xA2, 0xF3, 0xA2, 0xF3, 0xA2, 0xF3, 0xA2,
    0xF3, 0xA2, 0xF3, 0xA2, 0xF3, 0xA2, 0xF3, 0xA2, 0xF3, 0xA2, 0xF3, 0xA2, 0xF3, 0xA2, 0xF3, 0xA2,
    0xF3, 0xA2, 0xF3, 0xA2, 0xF3, 0xA2, 0xF3, 0xA2, 0xF3, 0xA2, 0xF3, 0xA2, 0xF3, 0xA2, 0xF3, 0xA2,
    0xF3, 0xA2, 0xF3, 0xA2, 0xF3, 0xA2, 0xF3, 0xA2, 0xF3, 0xA2, 0xF3, 0xA2, 0xF3, 0xA2, 0xF3, 0xA2,
    0xF3, 0xA2, 0xF3, 0xA2, 0xF3, 0xA2, 0xF3, 0xA2, 0xF3, 0xA2, 0xF3, 0xA2, 0xF3, 0xA2, 0xF3, 0xA2,
    0xF3, 0xA2, 0xF3, 0xA2, 0xF3, 0xA2, 0xF3, 0xA2, 0xF3, 0xA2, 0xF3, 0xA2, 0xF3, 0xA2, 0xF3, 0xA2,
    0xF3, 0xA2, 0xF3, 0xA2, 0xF3, 0xA2, 0xF3, 0xA2, 0xF3, 0xA2, 0xF3, 0xA2, 0xF3, 0xA2, 0xF3, 0xA2,
    0xF3, 0xA2, 0xF3, 0xA2, 0xF3, 0xA2, 0xF3, 0xA2, 0xF3, 0xA2, 0xF3, 0xA2, 0xF3, 0xA2, 0xF3, 0xA2,
    0xF3, 0xA2, 0xF3, 0xA2, 0xF3, 0xA2, 0xF3, 0xA2, 0xF3, 0xA2, 0xF3, 0xA2, 0xF3, 0xA2, 0xF3, 0xA2,
    0xF3, 0xA2, 0xF3, 0xA2, 0xF3, 0xA2, 0xF3, 0xA2, 0xF3, 0xA2, 0xF3, 0xA2, 0xF3, 0xA2, 0xF3, 0xA2,
    0xF3, 0xA2, 0xF3, 0xA2, 0xF3, 0xA2, 0xF3, 0xA2, 0xF3, 0xA2, 0xF3, 0xA2, 0xF3, 0xA2, 0xF3, 0xA2,
    0xF3, 0xA2, 0xF3, 0xA2, 0xF3, 0xA2, 0xF3, 0xA2, 0xF3, 0xA2, 0xF3, 0xA2, 0xF3, 0xA2, 0xF3, 0xA2,
    0xF3, 0xA2, 0xF3, 0xA2, 0xF3, 0xA2, 0xF3, 0xA2, 0xF3, 0xA2, 0xF3, 0xA2, 0xF3, 0xA2, 0xF3, 0xA2,
    0xF3, 0xA2, 0xF3, 0xA2, 0xF3, 0xA2, 0xF3, 0xA2, 0xF3, 0xA2, 0xF3, 0xA2, 0xF3, 0xA2, 0xF3, 0xA2,
    0xF3, 0xA2, 0xF3, 0xA2, 0xF3, 0xA2, 0xF3, 0xA2, 0xF3, 0xA2, 0xF3, 0xA2, 0xF3, 0xA2, 0xF3, 0xA2,
    0xF3, 0xA2, 0xF3, 0xA2, 0xF3, 0xA2, 0xF3, 0xA2, 0xF3, 0xA2, 0xF3, 0xA2, 0xF3, 0xA2, 0xF3, 0xA2,
    0xF3, 0xA2, 0xF3, 0xA2, 0xF3, 0xA2, 0xF3, 0xA2, 0xF3, 0xA2, 0xF3, 0xA2, 0xF3, 0xA2, 0xF3, 0xA2,
    0xF3, 0xA2, 0xF3, 0xA2, 0xF3, 0xA2, 0xF3, 0xA2, 0xF3, 0xA2, 0xF3, 0xA2, 0xF3, 0xA2, 0xF3, 0xA2,
    0xF3, 0xA2, 0xF3, 0xA2, 0xF3, 0xA2, 0xF3, 0xA2, 0xF3, 0xA2, 0xF3, 0xA2, 0xF3, 0xA2, 0xF3, 0xA2,
    0xF3, 0xA2, 0xF3, 0xA2, 0xF3, 0xA2, 0xF3, 0xA2, 0xF3, 0xA2, 0xF3, 0xA2, 0xF3, 0xA2, 0xF3, 0xA2,
    0xF3, 0xA2, 0xF3, 0xA2, 0xF3, 0xA2, 0xF3, 0xA2, 0xF3, 0xA2, 0xF3, 0xA2, 0xF3, 0xA2, 0xF3, 0xA2,
    0xF3, 0xA2, 0xF3, 0xA2, 0xF3, 0xA2, 0xF3, 0xA2, 0xF3, 0xA2, 0xF3, 0xA2, 0xF3, 0xA2, 0xF3, 0xA2,
    0xF3, 0xA2, 0xF3, 0xA2, 0xF3, 0xA2, 0xF3, 0xA2, 0xF3, 0xA2, 0xF3, 0xA2, 0xF3, 0xA2, 0xF3, 0xA2,
    0xF3, 0xA2, 0xF3, 0xA2, 0xF3, 0xA2, 0xF3, 0xA2, 0xF3, 0xA2, 0xF3, 0xA2, 0xF3, 0xA2, 0xF3, 0xA2,
    0xF3, 0xA2, 0xF3, 0xA2, 0xF3, 0xA2, 0xF3, 0xA2, 0xF3, 0xA2, 0xF3, 0xA2, 0xF3, 0xA2, 0xF3, 0xA2,
    0xF3, 0xA2, 0xF3, 0xA2, 0xF3, 0xA2, 0xF3, 0xA2, 0xF3, 0xA2, 0xF3, 0xA2, 0xF3, 0xA2, 0xF3, 0xA2,
    0xF3, 0xA2, 0xF3, 0xA2, 0xF3, 0xA2, 0xF3, 0xA2, 0xF3, 0xA2, 0xF3, 0xA2, 0xF3, 0xA2, 0xF3, 0xA2,
    0xF3, 0xA2, 0xF3, 0xA2, 0xF3, 0xA2, 0xF3, 0xA2, 0xF3, 0xA2, 0xF3, 0xA2, 0xF3, 0xA2, 0xF3, 0xA2,
    0xF3, 0xA2, 0xF3, 0xA2, 0xF3, 0xA2, 0xF3, 0xA2, 0xF3, 0xA2, 0xF3, 0xA2, 0xF3, 0xA2, 0xF3, 0xA2,
    0xF3, 0xA2, 0xF3, 0xA2, 0xF3, 0xA2, 0xF3, 0xA2, 0xF3, 0xA2, 0xF3, 0xA2, 0xF3, 0xA2, 0xF3, 0xA2,
    0xF3, 0xA2, 0xF3, 0xA2, 0xF3, 0xA2, 0xF3, 0xA2, 0xF3, 0xA2, 0xF3, 0xA2, 0xF3, 0xA2, 0xF3, 0xA2,
    0xF3, 0xA2, 0xF3, 0xA2, 0xF3, 0xA2, 0xF3, 0xA2, 0xF3, 0xA2, 0xF3, 0xA2, 0xF3, 0xA2, 0xF3, 0xA2,
    0xF3, 0xA2, 0xF3, 0xA2, 0xF3, 0xA2, 0xF3, 0xA2, 0xF3, 0xA2, 0xF3, 0xA2, 0xF3, 0xA2, 0xF3, 0xA2,
    0xF3, 0xA2, 0xF3, 0xA2, 0xF3, 0xA2, 0xF3, 0xA2, 0xF3, 0xA2, 0xF3, 0xA2, 0xF3, 0xA2, 0xF3, 0xA2,
    0xF3, 0xA2, 0xF3, 0xA2, 0xF3, 0xA2, 0xF3, 0xA2, 0xF3, 0xA2, 0xF3, 0xA2, 0xF3, 0xA2, 0xF3, 0xA2,
    0xF3, 0xA2, 0xF3, 0xA2, 0xF3, 0xA2, 0xF3, 0xA2, 0xF3, 0xA2, 0xF3, 0xA2, 0xF3, 0xA2, 0xF3, 0xA2,
    0xF3, 0xA2, 0xF3, 0xA2, 0xF3, 0xA2, 0xF3, 0xA2, 0xF3, 0xA2, 0xF3, 0xA2, 0xF3, 0xA2, 0xF3, 0xA2,
    0xF3, 0xA2, 0xF3, 0xA2, 0xF3, 0xA2, 0xF3, 0xA2, 0xF3, 0xA2, 0xF3, 0xA2, 0xF3, 0xA2, 0xF3, 0xA2,
    0xF3, 0xA2, 0xF3, 0xA2, 0xF3, 0xA2, 0xF3, 0xA2, 0xF3, 0xA2, 0xF3, 0xA2, 0xF3, 0xA2, 0xF3, 0xA2,
    0xF3, 0xA2, 0xF3, 0xA2, 0xF3, 0xA2, 0xF3, 0xA2, 0xF3, 0xA2, 0xF3, 0xA2, 0xF3, 0xA2, 0xF3, 0xA2,
    0xF3, 0xA2, 0xF3, 0xA2, 0xF3, 0xA2, 0xF3, 0xA2, 0xF3, 0xA2, 0xF3, 0xA2, 0xF3, 0xA2, 0xF3, 0xA2,
    0xF3, 0xA2, 0xF3, 0xA2, 0xF3, 0xA2, 0xF3, 0xA2, 0xF3, 0xA2, 0xF3, 0xA2, 0xF3, 0xA2, 0xF3, 0xA2,
    0xF3, 0xA2, 0xF3, 0xA2, 0xF3, 0xA2, 0xF3, 0xA2, 0xF3, 0xA2, 0xF3, 0xA2, 0xF3, 0xA2, 0xF3, 0xA2,
    0xF3, 0xA2, 0xF3, 0xA2, 0xF3, 0xA2, 0xF3, 0xA2, 0xF3, 0xA2, 0xF3, 0xA2, 0xF3, 0xA2, 0xF3, 0xA2,
    0xF3, 0xA2, 0xF3, 0xA2, 0xF3, 0xA2, 0xF3, 0xA2, 0xF3, 0xA2, 0xF3, 0xA2, 0xF3, 0xA2, 0xF3, 0xA2,
    0xF4, 0xA2, 0xF4, 0xA2, 0xF4, 0xA2, 0xF4, 0xA2, 0xF4, 0xA2, 0xF4, 0xA2, 0xF4, 0xA2, 0xF4, 0xA2,
    0xF4, 0xA2, 0xF4, 0xA2, 0xF4, 0xA2, 0xF4, 0xA2, 0xF4, 0xA2, 0xF4, 0xA2, 0xF4, 0xA2, 0xF4, 0xA2,
    0xF4, 0xA2, 0xF4, 0xA2, 0xF4, 0xA2, 0xF4, 0xA2, 0xF4, 0xA2, 0xF4, 0xA2, 0xF4, 0xA2, 0xF4, 0xA2,
    0xF4, 0xA2, 0xF4, 0xA2, 0xF4, 0xA2, 0xF4, 0xA2, 0xF4, 0xA2, 0xF4, 0xA2, 0xF4, 0xA2, 0xF4, 0xA2,
    0xF4, 0xA2, 0xF4, 0xA2, 0xF4, 0xA2, 0xF4, 0xA2, 0xF4, 0xA2, 0xF4, 0xA2, 0xF4, 0xA2, 0xF4, 0xA2,
    0xF4, 0xA2, 0xF4, 0xA2, 0xF4, 0xA2, 0xF4, 0xA2, 0xF4, 0xA2, 0xF4, 0xA2, 0xF4, 0xA2, 0xF4, 0xA2,
    0xF4, 0xA2, 0xF4, 0xA2, 0xF4, 0xA2, 0xF4, 0xA2, 0xF4, 0xA2, 0xF4, 0xA2, 0xF4, 0xA2, 0xF4, 0xA2,
    0xF4, 0xA2, 0xF4, 0xA2, 0xF4, 0xA2, 0xF4, 0xA2, 0xF4, 0xA2, 0xF4, 0xA2, 0xF4, 0xA2, 0x14, 0xA3,
    0x55, 0xA3, 0x75, 0xA3, 0x35, 0x9B, 0xB6, 0x9B, 0xF7, 0x9B, 0xD6, 0x93, 0xD7, 0x93, 0xD7, 0x9B,
    0x17, 0x9C, 0x75, 0x9B, 0x55, 0x9B, 0x75, 0xA3, 0x14, 0xAB, 0xF4, 0xA2, 0xF4, 0xA2, 0xF4, 0xA2,
    0xF4, 0xA2, 0xF3, 0xA2, 0xF4, 0xA2, 0xF4, 0xA2, 0xF4, 0xA2, 0xF4, 0xA2, 0xF4, 0xA2, 0xF4, 0xA2,
    0xF4, 0xA2, 0xF4, 0xA2, 0xF4, 0xA2, 0xF4, 0xA2, 0xF4, 0xA2, 0xF4, 0xA2, 0xF4, 0xA2, 0xF4, 0xA2,
    0xF4, 0xA2, 0x54, 0xAB, 0x75, 0xA3, 0xD6, 0x9B, 0x79, 0x94, 0x99, 0x84, 0x1B, 0x7D, 0xDB, 0x74,
    0xDB, 0x64, 0x9E, 0x75, 0x5D, 0x6D, 0x3D, 0x65, 0xFD, 0x5C, 0x5C, 0x7D, 0x5C, 0x7D, 0xBA, 0x74,
    0x1B, 0x7D, 0xBA, 0x84, 0x38, 0x8C, 0xB6, 0x9B, 0x14, 0xA3, 0xF4, 0xA2, 0xF4, 0xA2, 0xF4, 0xA2,
    0xF4, 0xA2, 0xF4, 0xA2, 0xF4, 0xA2, 0xF4, 0xA2, 0xF4, 0xA2, 0xF4, 0xA2, 0xF4, 0xA2, 0xF4, 0xA2,
    0xF4, 0xA2, 0xF4, 0xA2, 0xF4, 0xA2, 0xF4, 0xA2, 0xF4, 0xA2, 0xF4, 0xA2, 0xF4, 0xA2, 0xF4, 0xA2,
    0xF4, 0xA2, 0xF4, 0xA2, 0xF4, 0xA2, 0xF4, 0xA2, 0xF4, 0xA2, 0xF4, 0xA2, 0xF4, 0xA2, 0xF4, 0xA2,
    0xF4, 0xA2, 0xF4, 0xA2, 0xF4, 0xA2, 0xF4, 0xA2, 0xF4, 0xA2, 0xF4, 0xA2, 0xF4, 0xA2, 0xF4, 0xA2,
    0xF4, 0xA2, 0xF4, 0xA2, 0xF4, 0xA2, 0xF4, 0xA2, 0xF4, 0xA2, 0xF4, 0xA2, 0xF4, 0xA2, 0xF4, 0xA2,
    0xF4, 0xA2, 0xF4, 0xA2, 0xF4, 0xA2, 0xF4, 0xA2, 0xF4, 0xA2, 0xF4, 0xA2, 0xF4, 0xA2, 0xF4, 0xA2,
    0xF4, 0xA2, 0xF4, 0xA2, 0xF4, 0xA2, 0xF4, 0xA2, 0xF4, 0xA2, 0xF4, 0xA2, 0xF4, 0xA2, 0xF4, 0xA2,
    0xF4, 0xA2, 0xF4, 0xA2, 0xF4, 0xA2, 0xF4, 0xA2, 0xF4, 0xA2, 0xF4, 0xA2, 0xF4, 0xA2, 0xF4, 0xA2,
    0xF4, 0xA2, 0xF4, 0xA2, 0xF4, 0xA2, 0xF4, 0xA2, 0xF4, 0xA2, 0xF4, 0xA2, 0xF4, 0xA2, 0xF4, 0xA2,
    0xF4, 0xA2, 0xF4, 0xA2, 0xF4, 0xA2, 0xF4, 0xA2, 0xF4, 0xA2, 0xF4, 0xA2, 0xF4, 0xA2, 0xF4, 0xA2,
    0xF4, 0xA2, 0xF4, 0xA2, 0xF4, 0xA2, 0xF4, 0xA2, 0xF4, 0xA2, 0xF4, 0xA2, 0xF4, 0xA2, 0xF4, 0xA2,
    0xF4, 0xA2, 0xF4, 0xA2, 0xF4, 0xA2, 0xF4, 0xA2, 0xF4, 0xA2, 0xF4, 0xA2, 0xF4, 0xA2, 0xF4, 0xA2,
    0xF4, 0xA2, 0xF4, 0xA2, 0xF4, 0xA2, 0xF4, 0xA2, 0xF4, 0xA2, 0xF4, 0xA2, 0xF4, 0xA2, 0xF4, 0xA2,
    0xF4, 0xA2, 0xF4, 0xA2, 0xF4, 0xA2, 0xF4, 0xA2, 0xF4, 0xA2, 0xF4, 0xA2, 0xF4, 0xA2, 0xF4, 0xA2,
    0xF4, 0xA2, 0xF4, 0xA2, 0xF4, 0xA2, 0xF4, 0xA2, 0xF4, 0xA2, 0xF4, 0xA2, 0xF4, 0xA2, 0xF4, 0xA2,
    0xF4, 0xA2, 0xF4, 0xA2, 0xF4, 0xA2, 0xF4, 0xA2, 0xF4, 0xA2, 0xF4, 0xA2, 0xF4, 0xA2, 0xF4, 0xA2,
    0xF4, 0xA2, 0xF4, 0xA2, 0xF4, 0xA2, 0xF4, 0xA2, 0xF4, 0xA2, 0xF4, 0xA2, 0xF4, 0xA2, 0xF4, 0xA2,
    0xF4, 0xA2, 0xF4, 0xA2, 0xF4, 0xA2, 0xF4, 0xA2, 0xF4, 0xA2, 0xF4, 0xA2, 0xF4, 0xA2, 0xF4, 0xA2,
    0xF4, 0xA2, 0xF4, 0xA2, 0xF4, 0xA2, 0xF4, 0xA2, 0xF4, 0xA2, 0xF4, 0xA2, 0xF4, 0xA2, 0xF4, 0xA2,
    0xF4, 0xA2, 0xF4, 0xA2, 0xF4, 0xA2, 0xF4, 0xA2, 0xF4, 0xA2, 0xF4, 0xA2, 0xF4, 0xA2, 0xF4, 0xA2,
    0xF4, 0xA2, 0xF4, 0xA2, 0xF4, 0xA2, 0xF4, 0xA2, 0xF4, 0xA2, 0xF4, 0xA2, 0xF4, 0xA2, 0xF4, 0xA2,
    0xF4, 0xA2, 0xF4, 0xA2, 0xF4, 0xA2, 0xF4, 0xA2, 0xF4, 0xA2, 0xF4, 0xA2, 0xF4, 0xA2, 0xF4, 0xA2,
    0xF4, 0xA2, 0xF4, 0xA2, 0xF4, 0xA2, 0xF4, 0xA2, 0xF4, 0xA2, 0xF4, 0xA2, 0xF4, 0xA2, 0xF4, 0xA2,
    0xF4, 0xA2, 0xF4, 0xA2, 0xF4, 0xA2, 0xF4, 0xA2, 0xF4, 0xA2, 0xF4, 0xA2, 0xF4, 0xA2, 0xF4, 0xA2,
    0xF4, 0xA2, 0xF4, 0xA2, 0xF4, 0xA2, 0xF4, 0xA2, 0xF4, 0xA2, 0xF4, 0xA2, 0xF4, 0xA2, 0xF4, 0xA2,
    0xF4, 0xA2, 0xF4, 0xA2, 0xF4, 0xA2, 0xF4, 0xA2, 0xF4, 0xA2, 0xF4, 0xA2, 0xF4, 0xA2, 0xF4, 0xA2,
    0xF4, 0xA2, 0xF4, 0xA2, 0xF4, 0xA2, 0xF4, 0xA2, 0xF4, 0xA2, 0xF4, 0xA2, 0xF4, 0xA2, 0xF4, 0xA2,
    0xF4, 0xA2, 0xF4, 0xA2, 0xF4, 0xA2, 0xF4, 0xA2, 0xF4, 0xA2, 0xF4, 0xA2, 0xF4, 0xA2, 0xF4, 0xA2,
    0xF4, 0xA2, 0xF4, 0xA2, 0xF4, 0xA2, 0xF4, 0xA2, 0xF4, 0xA2, 0xF4, 0xA2, 0xF4, 0xA2, 0xF4, 0xA2,
    0xF4, 0xA2, 0xF4, 0xA2, 0xF4, 0xA2, 0xF4, 0xA2, 0xF4, 0xA2, 0xF4, 0xA2, 0xF4, 0xA2, 0xF4, 0xA2,
    0xF4, 0xA2, 0xF4, 0xA2, 0xF4, 0xA2, 0xF4, 0xA2, 0xF4, 0xA2, 0xF4, 0xA2, 0xF4, 0xA2, 0xF4, 0xA2,
    0xF4, 0xA2, 0xF4, 0xA2, 0xF4, 0xA2, 0xF4, 0xA2, 0xF4, 0xA2, 0xF4, 0xA2, 0xF4, 0xA2, 0xF4, 0xA2,
    0x34, 0xAB, 0x95, 0xA3, 0xB6, 0x9B, 0x38, 0x94, 0xBA, 0x8C, 0x59, 0x7C, 0x9A, 0x74, 0xBB, 0x6C,
    0xDB, 0x64, 0xFC, 0x64, 0xDB, 0x5C, 0xFC, 0x64, 0x1D, 0x65, 0x1D, 0x65, 0x1D, 0x65, 0x1D, 0x65,
    0x3D, 0x65, 0xDC, 0x5C, 0xDC, 0x5C, 0xFB, 0x6C, 0xBA, 0x74, 0xDB, 0x7C, 0x59, 0x8C, 0xB6, 0x9B,
    0x95, 0xA3, 0xF4, 0xA2, 0xF4, 0xA2, 0xF4, 0xA2, 0xF4, 0xA2, 0xF4, 0xA2, 0xF4, 0xA2, 0xF4, 0xA2,
    0xF4, 0xA2, 0xF4, 0xA2, 0xF4, 0xA2, 0xF4, 0xA2, 0xF4, 0xA2, 0x54, 0xAB, 0xF7, 0xA3, 0xBA, 0x8C,
    0x1B, 0x7D, 0xFC, 0x6C, 0x3D, 0x65, 0x1D, 0x65, 0xDB, 0x64, 0xFC, 0x6C, 0xBA, 0x7C, 0x99, 0x84,
    0x18, 0x8C, 0x58, 0x94, 0xD7, 0x93, 0x96, 0x93, 0x17, 0x9C, 0x95, 0xAB, 0x55, 0xAB, 0xB6, 0xA3,
    0xD6, 0x9B, 0x58, 0x8C, 0xBA, 0x84, 0xBA, 0x74, 0xBB, 0x7C, 0x59, 0x84, 0xD6, 0x9B, 0xF4, 0xA2,
    0xF4, 0xA2, 0xF4, 0xA2, 0xF4, 0xA2, 0xF4, 0xA2, 0xF4, 0xA2, 0xF4, 0xA2, 0xF4, 0xA2, 0xF4, 0xA2,
    0xF4, 0xA2, 0xF4, 0xA2, 0xF4, 0xA2, 0xF4, 0xA2, 0xF4, 0xA2, 0xF4, 0xA2, 0xF4, 0xA2, 0xF4, 0xA2,
    0xF4, 0xA2, 0xF4, 0xA2, 0xF4, 0xA2, 0xF4, 0xA2, 0xF4, 0xA2, 0xF4, 0xA2, 0xF4, 0xA2, 0xF4, 0xA2,
    0xF4, 0xA2, 0xF4, 0xA2, 0xF4, 0xA2, 0xF4, 0xA2, 0xF4, 0xA2, 0xF4, 0xA2, 0xF4, 0xA2, 0xF4, 0xA2,
    0xF4, 0xA2, 0xF4, 0xA2, 0xF4, 0xA2, 0xF4, 0xA2, 0xF4, 0xA2, 0xF4, 0xA2, 0xF4, 0xA2, 0xF4, 0xA2,
    0xF4, 0xA2, 0xF4, 0xA2, 0xF4, 0xA2, 0xF4, 0xA2, 0xF4, 0xA2, 0xF4, 0xA2, 0xF4, 0xA2, 0xF4, 0xA2,
    0xF4, 0xA2, 0xF4, 0xA2, 0xF4, 0xA2, 0xF4, 0xA2, 0xF4, 0xA2, 0xF4, 0xA2, 0xF4, 0xA2, 0xF4, 0xA2,
    0xF4, 0xA2, 0xF4, 0xA2, 0xF4, 0xA2, 0xF4, 0xA2, 0xF4, 0xA2, 0xF4, 0xA2, 0xF4, 0xA2, 0xF4, 0xA2,
    0xF4, 0xA2, 0xF4, 0xA2, 0xF4, 0xA2, 0xF4, 0xA2, 0xF4, 0xA2, 0xF4, 0xA2, 0xF4, 0xA2, 0xF4, 0xA2,
    0xF4, 0xA2, 0xF4, 0xA2, 0xF4, 0xA2, 0xF4, 0xA2, 0xF4, 0xA2, 0xF4, 0xA2, 0xF4, 0xA2, 0xF4, 0xA2,
    0xF4, 0xA2, 0xF4, 0xA2, 0xF4, 0xA2, 0xF4, 0xA2, 0xF4, 0xA2, 0xF4, 0xA2, 0xF4, 0xA2, 0xF4, 0xA2,
    0xF4, 0xA2, 0xF4, 0xA2, 0xF4, 0xA2, 0xF4, 0xA2, 0xF4, 0xA2, 0xF4, 0xA2, 0xF4, 0xA2, 0xF4, 0xA2,
    0xF4, 0xA2, 0xF4, 0xA2, 0xF4, 0xA2, 0xF4, 0xA2, 0xF4, 0xA2, 0xF4, 0xA2, 0xF4, 0xA2, 0xF4, 0xA2,
    0xF4, 0xA2, 0xF4, 0xA2, 0xF4, 0xA2, 0xF4, 0xA2, 0xF4, 0xA2, 0xF4, 0xA2, 0xF4, 0xA2, 0xF4, 0xA2,
    0xF4, 0xA2, 0xF4, 0xA2, 0xF4, 0xA2, 0xF4, 0xA2, 0xF4, 0xA2, 0xF4, 0xA2, 0xF4, 0xA2, 0xF4, 0xA2,
    0xF4, 0xA2, 0xF4, 0xA2, 0xF4, 0xA2, 0xF4, 0xA2, 0xF4, 0xA2, 0xF4, 0xA2, 0xF4, 0xA2, 0xF4, 0xA2,
    0xF4, 0xA2, 0xF4, 0xA2, 0xF4, 0xA2, 0xF4, 0xA2, 0xF4, 0xA2, 0xF4, 0xA2, 0xF4, 0xA2, 0xF4, 0xA2,
    0xF4, 0xA2, 0xF4, 0xA2, 0xF4, 0xA2, 0xF4, 0xA2, 0xF4, 0xA2, 0xF4, 0xA2, 0xF4, 0xA2, 0xF4, 0xA2,
    0xF4, 0xA2, 0xF4, 0xA2, 0xF4, 0xA2, 0xF4, 0xA2, 0xF4, 0xA2, 0xF4, 0xA2, 0xF4, 0xA2, 0xF4, 0xA2,
    0xF4, 0xA2, 0xF4, 0xA2, 0xF4, 0xA2, 0xF4, 0xA2, 0xF4, 0xA2, 0xF4, 0xA2, 0xF4, 0xA2, 0xF4, 0xA2,
    0xF4, 0xA2, 0xF4, 0xA2, 0xF4, 0xA2, 0xF4, 0xA2, 0xF4, 0xA2, 0xF4, 0xA2, 0xF4, 0xA2, 0xF4, 0xA2,
    0xF4, 0xA2, 0xF4, 0xA2, 0xF4, 0xA2, 0xF4, 0xA2, 0xF4, 0xA2, 0xF4, 0xA2, 0xF4, 0xA2, 0xF4, 0xA2,
    0xF4, 0xA2, 0xF4, 0xA2, 0xF4, 0xA2, 0xF4, 0xA2, 0xF4, 0xA2, 0xF4, 0xA2, 0xF4, 0xA2, 0xF4, 0xA2,
    0xF4, 0xA2, 0xF4, 0xA2, 0xF4, 0xA2, 0xF4, 0xA2, 0xF4, 0xA2, 0xF4, 0xA2, 0xF4, 0xA2, 0xF4, 0xA2,
    0xF4, 0xA2, 0xF4, 0xA2, 0xF4, 0xA2, 0xF4, 0xA2, 0xF4, 0xA2, 0xF4, 0xA2, 0xF4, 0xA2, 0xF4, 0xA2,
    0xF4, 0xA2, 0xF4, 0xA2, 0xF4, 0xA2, 0xF4, 0xA2, 0xF4, 0xA2, 0xF4, 0xA2, 0xF4, 0xA2, 0xF4, 0xA2,
    0xF4, 0xA2, 0xF4, 0xA2, 0xF4, 0xA2, 0xF4, 0xA2, 0xF4, 0xA2, 0xF4, 0xA2, 0xF4, 0xA2, 0xF4, 0xA2,
    0xF4, 0xA2, 0xF4, 0xA2, 0xF4, 0xA2, 0xF4, 0xA2, 0xF4, 0xA2, 0xF4, 0xA2, 0xF4, 0xA2, 0xF4, 0xA2,
    0xF4, 0xA2, 0xF4, 0xA2, 0xF4, 0xA2, 0xF4, 0xA2, 0xF4, 0xA2, 0xF4, 0xA2, 0xF4, 0xA2, 0xF4, 0xA2,
    0xF4, 0xA2, 0xF4, 0xA2, 0xF4, 0xA2, 0xF4, 0xA2, 0xF4, 0xA2, 0xF4, 0xA2, 0xF4, 0xA2, 0xF4, 0xA2,
    0xF4, 0xA2, 0xF4, 0xA2, 0xF4, 0xA2, 0xF4, 0xA2, 0xF4, 0xA2, 0xF4, 0xA2, 0xF4, 0xA2, 0xF4, 0xA2,
    0xF4, 0xA2, 0xF4, 0xA2, 0xF4, 0xA2, 0x14, 0xAB, 0x75, 0xA3, 0xD7, 0x93, 0x38, 0x84, 0x7A, 0x74,
    0xFB, 0x6C, 0x1D, 0x6D, 0x3D, 0x65, 0x3E, 0x65, 0x3E, 0x65, 0x5E, 0x6D, 0x3D, 0x65, 0x1D, 0x65,
    0xFC, 0x5C, 0xFC, 0x5C, 0xFC, 0x64, 0xDC, 0x5C, 0xDB, 0x5C, 0xDB, 0x5C, 0xDB, 0x5C, 0xDB, 0x5C,
    0xBB, 0x5C, 0xBC, 0x5C, 0xDC, 0x5C, 0xFD, 0x5C, 0xFD, 0x5C, 0x1D, 0x65, 0x3E, 0x65, 0x3D, 0x65,
    0x1C, 0x65, 0x9A, 0x7C, 0x58, 0x9C, 0x95, 0xAB, 0xF4, 0xA2, 0xF4, 0xA2, 0xF4, 0xA2, 0xF4, 0xA2,
    0xF4, 0xA2, 0xF4, 0xA2, 0x75, 0xA3, 0x58, 0x94, 0xBA, 0x7C, 0x3D, 0x65, 0x7E, 0x6D, 0xFC, 0x64,
    0xBA, 0x7C, 0x38, 0x8C, 0xB6, 0x93, 0xB6, 0x9B, 0xB6, 0xA3, 0x37, 0xA4, 0x17, 0x9C, 0x58, 0x94,
    0xF8, 0x83, 0x79, 0x7C, 0x59, 0x6C, 0x59, 0x6C, 0xFB, 0x74, 0x7A, 0x6C, 0x39, 0x6C, 0x7A, 0x74,
    0x39, 0x7C, 0xF7, 0x83, 0x78, 0x94, 0x38, 0x9C, 0x78, 0x9C, 0xF8, 0x8B, 0x1B, 0x85, 0xFB, 0x7C,
    0x38, 0x94, 0xB6, 0xA3, 0x34, 0xAB, 0xF4, 0xA2, 0xF4, 0xA2, 0xF4, 0xA2, 0xF4, 0xA2, 0xF4, 0xA2,
    0xF4, 0xA2, 0xF4, 0xA2, 0xF4, 0xA2, 0xF4, 0xA2, 0xF4, 0xA2, 0xF4, 0xA2, 0xF4, 0xA2, 0xF4, 0xA2,
    0xF4, 0xA2, 0xF4, 0xA2, 0xF4, 0xA2, 0xF4, 0xA2, 0xF4, 0xA2, 0xF4, 0xA2, 0xF4, 0xA2, 0xF4, 0xA2,
    0xF4, 0xA2, 0xF4, 0xA2, 0xF4, 0xA2, 0xF4, 0xA2, 0xF4, 0xA2, 0xF4, 0xA2, 0xF4, 0xA2, 0xF4, 0xA2,
    0xF4, 0xA2, 0xF4, 0xA2, 0xF4, 0xA2, 0xF4, 0xA2, 0xF4, 0xA2, 0xF4, 0xA2, 0xF4, 0xA2, 0xF4, 0xA2,
    0xF4, 0xA2, 0xF4, 0xA2, 0xF4, 0xA2, 0xF4, 0xA2, 0xF4, 0xA2, 0xF4, 0xA2, 0xF4, 0xA2, 0xF4, 0xA2,
    0xF4, 0xA2, 0xF4, 0xA2, 0xF4, 0xA2, 0xF4, 0xA2, 0xF4, 0xA2, 0xF4, 0xA2, 0xF4, 0xA2, 0xF4, 0xA2,
    0xF4, 0xA2, 0xF4, 0xA2, 0xF4, 0xA2, 0xF4, 0xA2, 0xF4, 0xA2, 0xF4, 0xA2, 0xF4, 0xA2, 0xF4, 0xA2,
    0xF4, 0xA2, 0xF4, 0xA2, 0xF4, 0xA2, 0xF4, 0xA2, 0xF4, 0xA2, 0xF4, 0xA2, 0xF4, 0xA2, 0xF4, 0xA2,
    0xF4, 0xA2, 0xF4, 0xA2, 0xF4, 0xA2, 0xF4, 0xA2, 0xF4, 0xA2, 0xF4, 0xA2, 0xF4, 0xA2, 0xF4, 0xA2,
    0xF4, 0xA2, 0xF4, 0xA2, 0xF4, 0xA2, 0xF4, 0xA2, 0xF4, 0xA2, 0xF4, 0xA2, 0xF4, 0xA2, 0xF4, 0xA2,
    0xF4, 0xA2, 0xF4, 0xA2, 0xF4, 0xA2, 0xF4, 0xA2, 0xF4, 0xA2, 0xF4, 0xA2, 0xF4, 0xA2, 0xF4, 0xA2,
    0xF4, 0xA2, 0xF4, 0xA2, 0xF4, 0xA2, 0xF4, 0xA2, 0xF4, 0xA2, 0xF4, 0xA2, 0xF4, 0xA2, 0xF4, 0xA2,
    0xF4, 0xA2, 0xF4, 0xA2, 0xF4, 0xA2, 0xF4, 0xA2, 0xF4, 0xA2, 0xF4, 0xA2, 0xF4, 0xA2, 0xF4, 0xA2,
    0xF4, 0xA2, 0xF4, 0xA2, 0xF4, 0xA2, 0xF4, 0xA2, 0xF4, 0xA2, 0xF4, 0xA2, 0xF4, 0xA2, 0xF4, 0xA2,
    0xF4, 0xA2, 0xF4, 0xA2, 0xF4, 0xA2, 0xF4, 0xA2, 0xF4, 0xA2, 0xF4, 0xA2, 0xF4, 0xA2, 0xF4, 0xA2,
    0xF4, 0xA2, 0xF4, 0xA2, 0xF4, 0xA2, 0xF4, 0xA2, 0xF4, 0xA2, 0xF4, 0xA2, 0xF4, 0xA2, 0xF4, 0xA2,
    0xF4, 0xA2, 0xF4, 0xA2, 0xF4, 0xA2, 0xF4, 0xA2, 0xF4, 0xA2, 0xF4, 0xA2, 0xF4, 0xA2, 0xF4, 0xA2,
    0xF4, 0xA2, 0xF4, 0xA2, 0xF4, 0xA2, 0xF4, 0xA2, 0xF4, 0xA2, 0xF4, 0xA2, 0xF4, 0xA2, 0xF4, 0xA2,
    0xF4, 0xA2, 0xF4, 0xA2, 0xF4, 0xA2, 0xF4, 0xA2, 0xF4, 0xA2, 0xF4, 0xA2, 0xF4, 0xA2, 0xF4, 0xA2,
    0xF4, 0xA2, 0xF4, 0xA2, 0xF4, 0xA2, 0xF4, 0xA2, 0xF4, 0xA2, 0xF4, 0xA2, 0xF4, 0xA2, 0xF4, 0xA2,
    0xF4, 0xA2, 0xF4, 0xA2, 0xF4, 0xA2, 0xF4, 0xA2, 0xF4, 0xA2, 0xF4, 0xA2, 0xF4, 0xA2, 0xF4, 0xA2,
    0xF4, 0xA2, 0xF4, 0xA2, 0xF4, 0xA2, 0xF4, 0xA2, 0xF4, 0xA2, 0xF4, 0xA2, 0xF4, 0xA2, 0xF4, 0xA2,
    0xF4, 0xA2, 0xF4, 0xA2, 0xF4, 0xA2, 0xF4, 0xA2, 0xF4, 0xA2, 0xF4, 0xA2, 0xF4, 0xA2, 0xF4, 0xA2,
    0xF4, 0xA2, 0xF4, 0xA2, 0xF4, 0xA2, 0xF4, 0xA2, 0xF4, 0xA2, 0xF4, 0xA2, 0xF4, 0xA2, 0xF4, 0xA2,
    0xF4, 0xA2, 0xF4, 0xA2, 0xF4, 0xA2, 0xF4, 0xA2, 0xF4, 0xA2, 0xF4, 0xA2, 0xF4, 0xA2, 0xF4, 0xA2,
    0xF4, 0xA2, 0xF4, 0xA2, 0xF4, 0xA2, 0xF4, 0xA2, 0xF4, 0xA2, 0xF4, 0xA2, 0xF4, 0xA2, 0xF4, 0xA2,
    0xF4, 0xA2, 0xF4, 0xA2, 0xF4, 0xA2, 0xF4, 0xA2, 0xF4, 0xA2, 0xF4, 0xA2, 0xF4, 0xA2, 0xF4, 0xA2,
    0xF4, 0xA2, 0xF4, 0xA2, 0xF4, 0xA2, 0xF4, 0xA2, 0xF4, 0xA2, 0xF4, 0xA2, 0xF4, 0xA2, 0xF4, 0xA2,
    0xF4, 0xA2, 0xF4, 0xA2, 0xF4, 0xA2, 0xF4, 0xA2, 0xF4, 0xA2, 0xF4, 0xA2, 0xF4, 0xA2, 0xF4, 0xA2,
    0xF4, 0xA2, 0xF4, 0xA2, 0xF4, 0xA2, 0xF4, 0xA2, 0xF4, 0xA2, 0xF4, 0xA2, 0xF4, 0xA2, 0xF4, 0xA2,
    0x75, 0xAB, 0x17, 0xA4, 0x9A, 0x8C, 0xFB, 0x7C, 0x7C, 0x7D, 0x3D, 0x65, 0x3E, 0x65, 0x1D, 0x65,
    0xFC, 0x5C, 0xDC, 0x5C, 0xDC, 0x64, 0xDC, 0x64, 0xFC, 0x64, 0x1C, 0x6D, 0xFB, 0x64, 0xFB, 0x64,
    0xDC, 0x5C, 0xDC, 0x5C, 0xDC, 0x5C, 0xDC, 0x5C, 0xFC, 0x64, 0xFC, 0x64, 0x1C, 0x6D, 0x3C, 0x6D,
    0x3C, 0x75, 0x5C, 0x75, 0x1C, 0x75, 0xBA, 0x6C, 0xFB, 0x6C, 0xFC, 0x64, 0xDB, 0x64, 0xFC, 0x5C,
    0x1D, 0x5D, 0x3E, 0x65, 0x5E, 0x65, 0x1C, 0x6D, 0x79, 0x8C, 0x95, 0xAB, 0xF4, 0xA2, 0xF4, 0xA2,
    0xB6, 0x9B, 0x7A, 0x7C, 0x5E, 0x6D, 0x5E, 0x65, 0xBB, 0x6C, 0x79, 0x8C, 0x37, 0x9C, 0x17, 0xA4,
    0x17, 0x94, 0x38, 0x84, 0x59, 0x7C, 0xDB, 0x6C, 0xFC, 0x64, 0x1D, 0x65, 0x3E, 0x65, 0x3E, 0x65,
    0x3E, 0x65, 0x1E, 0x65, 0x1E, 0x65, 0x1D, 0x65, 0xFC, 0x5C, 0x1D, 0x65, 0x1D, 0x65, 0x1D, 0x65,
    0x3E, 0x65, 0x3E, 0x65, 0x3E, 0x65, 0x3D, 0x65, 0xFC, 0x64, 0xBB, 0x74, 0xDA, 0x74, 0x3D, 0x65,
    0x3E, 0x6D, 0x3D, 0x6D, 0xFC, 0x74, 0x38, 0x84, 0xB6, 0x9B, 0x54, 0xAB, 0xF4, 0xA2, 0xF4, 0xA2,
    0xF4, 0xA2, 0xF4, 0xA2, 0xF4, 0xA2, 0xF4, 0xA2, 0xF4, 0xA2, 0xF4, 0xA2, 0xF4, 0xA2, 0xF4, 0xA2,
    0xF4, 0xA2, 0xF4, 0xA2, 0xF4, 0xA2, 0xF4, 0xA2, 0xF4, 0xA2, 0xF4, 0xA2, 0xF4, 0xA2, 0xF4, 0xA2,
    0xF4, 0xA2, 0xF4, 0xA2, 0xF4, 0xA2, 0xF4, 0xA2, 0xF4, 0xA2, 0xF4, 0xA2, 0xF4, 0xA2, 0xF4, 0xA2,
    0xF4, 0xA2, 0xF4, 0xA2, 0xF4, 0xA2, 0xF4, 0xA2, 0xF4, 0xA2, 0xF4, 0xA2, 0xF4, 0xA2, 0xF4, 0xA2,
    0xF4, 0xA2, 0xF4, 0xA2, 0xF4, 0xA2, 0xF4, 0xA2, 0xF4, 0xA2, 0xF4, 0xA2, 0xF4, 0xA2, 0xF4, 0xA2,
    0xF4, 0xA2, 0xF4, 0xA2, 0xF4, 0xA2, 0xF4, 0xA2, 0xF4, 0xA2, 0xF4, 0xA2, 0xF4, 0xA2, 0xF4, 0xA2,
    0xF4, 0xA2, 0xF4, 0xA2, 0xF4, 0xA2, 0xF4, 0xA2, 0xF4, 0xA2, 0xF4, 0xA2, 0xF4, 0xA2, 0xF4, 0xA2,
    0xF4, 0xA2, 0xF4, 0xA2, 0xF4, 0xA2, 0xF4, 0xA2, 0xF4, 0xA2, 0xF4, 0xA2, 0xF4, 0xA2, 0xF4, 0xA2,
    0xF4, 0xA2, 0xF4, 0xA2, 0xF4, 0xA2, 0xF4, 0xA2, 0xF4, 0xA2, 0xF4, 0xA2, 0xF4, 0xA2, 0xF4, 0xA2,
    0xF4, 0xA2, 0xF4, 0xA2, 0xF4, 0xA2, 0xF4, 0xA2, 0xF4, 0xA2, 0xF4, 0xA2, 0xF4, 0xA2, 0xF4, 0xA2,
    0xF4, 0xA2, 0xF4, 0xA2, 0xF4, 0xA2, 0xF4, 0xA2, 0xF4, 0xA2, 0xF4, 0xA2, 0xF4, 0xA2, 0xF4, 0xA2,
    0xF4, 0xA2, 0xF4, 0xA2, 0xF4, 0xA2, 0xF4, 0xA2, 0xF4, 0xA2, 0xF4, 0xA2, 0xF4, 0xA2, 0xF4, 0xA2,
    0xF4, 0xA2, 0xF4, 0xA2, 0xF4, 0xA2, 0xF4, 0xA2, 0xF4, 0xA2, 0xF4, 0xA2, 0xF4, 0xA2, 0xF4, 0xA2,
    0xF4, 0xA2, 0xF4, 0xA2, 0xF4, 0xA2, 0xF4, 0xA2, 0xF4, 0xA2, 0xF4, 0xA2, 0xF4, 0xA2, 0xF4, 0xA2,
    0xF4, 0xA2, 0xF4, 0xA2, 0xF4, 0xA2, 0xF4, 0xA2, 0xF4, 0xA2, 0xF4, 0xA2, 0xF4, 0xA2, 0xF4, 0xA2,
    0xF4, 0xA2, 0xF4, 0xA2, 0xF4, 0xA2, 0xF4, 0xA2, 0xF4, 0xA2, 0xF4, 0xA2, 0xF4, 0xA2, 0xF4, 0xA2,
    0xF4, 0xA2, 0xF4, 0xA2, 0xF4, 0xA2, 0xF4, 0xA2, 0xF4, 0xA2, 0xF4, 0xA2, 0xF4, 0xA2, 0xF4, 0xA2,
    0xF4, 0xA2, 0xF4, 0xA2, 0xF4, 0xA2, 0xF4, 0xA2, 0xF4, 0xA2, 0xF4, 0xA2, 0xF4, 0xA2, 0xF4, 0xA2,
    0xF4, 0xA2, 0xF4, 0xA2, 0xF4, 0xA2, 0xF4, 0xA2, 0xF4, 0xA2, 0xF4, 0xA2, 0xF4, 0xA2, 0xF4, 0xA2,
    0xF4, 0xA2, 0xF4, 0xA2, 0xF4, 0xA2, 0xF4, 0xA2, 0xF4, 0xA2, 0xF4, 0xA2, 0xF4, 0xA2, 0xF4, 0xA2,
    0xF4, 0xA2, 0xF4, 0xA2, 0xF4, 0xA2, 0xF4, 0xA2, 0xF4, 0xA2, 0xF4, 0xA2, 0xF4, 0xA2, 0xF4, 0xA2,
    0xF4, 0xA2, 0xF4, 0xA2, 0xF4, 0xA2, 0xF4, 0xA2, 0xF4, 0xA2, 0xF4, 0xA2, 0xF4, 0xA2, 0xF4, 0xA2,
    0xF4, 0xA2, 0xF4, 0xA2, 0xF4, 0xA2, 0xF4, 0xA2, 0xF4, 0xA2, 0xF4, 0xA2, 0xF4, 0xA2, 0xF4, 0xA2,
    0xF4, 0xA2, 0xF4, 0xA2, 0xF4, 0xA2, 0xF4, 0xA2, 0xF4, 0xA2, 0xF4, 0xA2, 0xF4, 0xA2, 0xF4, 0xA2,
    0xF4, 0xA2, 0xF4, 0xA2, 0xF4, 0xA2, 0xF4, 0xA2, 0xF4, 0xA2, 0xF4, 0xA2, 0xF4, 0xA2, 0xF4, 0xA2,
    0xF4, 0xA2, 0xF4, 0xA2, 0xF4, 0xA2, 0xF4, 0xA2, 0xF4, 0xA2, 0xF4, 0xA2, 0xF4, 0xA2, 0xF4, 0xA2,
    0xF4, 0xA2, 0xF4, 0xA2, 0xF4, 0xA2, 0xF4, 0xA2, 0xF4, 0xA2, 0xF4, 0xA2, 0xF4, 0xA2, 0xF4, 0xA2,
    0xF4, 0xA2, 0xF4, 0xA2, 0xF4, 0xA2, 0xF4, 0xA2, 0xF4, 0xA2, 0xF4, 0xA2, 0xF4, 0xA2, 0xF4, 0xA2,
    0xF4, 0xA2, 0xF4, 0xA2, 0xF4, 0xA2, 0xF4, 0xA2, 0xF4, 0xA2, 0xF4, 0xA2, 0xF4, 0xA2, 0xF4, 0xA2,
    0xF3, 0xA2, 0xF4, 0xA2, 0xF4, 0xA2, 0xF4, 0xA2, 0xF4, 0xA2, 0x54, 0xAB, 0x57, 0x9C, 0x7A, 0x7C,
    0x3D, 0x6D, 0x5D, 0x6D, 0xBE, 0x7D, 0x3D, 0x6D, 0x3C, 0x6D, 0x1C, 0x6D, 0xDC, 0x5C, 0xDB, 0x5C,
    0xFC, 0x64, 0xFC, 0x64, 0xDC, 0x5C, 0xDC, 0x5C, 0xDC, 0x5C, 0xDC, 0x5C, 0xDC, 0x5C, 0xDC, 0x5C,
    0xDC, 0x5C, 0xDC, 0x5C, 0xDC, 0x5C, 0xDC, 0x5C, 0xFC, 0x64, 0xFC, 0x64, 0xFC, 0x64, 0x1C, 0x6D,
    0x1C, 0x6D, 0x3C, 0x75, 0x1C, 0x75, 0xDB, 0x7C, 0x1B, 0x7D, 0x1B, 0x85, 0xFA, 0x8C, 0xBA, 0x8C,
    0xBA, 0x84, 0xBB, 0x74, 0xDB, 0x64, 0x1C, 0x65, 0x3E, 0x5D, 0x3C, 0x6D, 0x78, 0x94, 0x99, 0x7C,
    0x7F, 0x6D, 0xDC, 0x64, 0x39, 0x84, 0x17, 0x9C, 0x58, 0x9C, 0x9A, 0x84, 0xDB, 0x6C, 0xFC, 0x64,
    0x3E, 0x65, 0x3E, 0x65, 0x3E, 0x65, 0xFD, 0x64, 0xFC, 0x64, 0xFC, 0x5C, 0xDC, 0x64, 0xDC, 0x64,
    0xDC, 0x64, 0xDC, 0x64, 0xDC, 0x64, 0xDC, 0x64, 0xDC, 0x64, 0xDC, 0x64, 0xDC, 0x64, 0xDC, 0x64,
    0xDC, 0x64, 0xDC, 0x64, 0xDC, 0x5C, 0xDC, 0x64, 0xDC, 0x64, 0x1D, 0x65, 0xFD, 0x5C, 0xDB, 0x5C,
    0xDB, 0x64, 0xDB, 0x5C, 0xFC, 0x5C, 0x1E, 0x65, 0x3E, 0x6D, 0xFB, 0x74, 0x59, 0x84, 0x76, 0x9B,
    0xF4, 0xAA, 0xF4, 0xA2, 0xF4, 0xA2, 0xF4, 0xA2, 0xF4, 0xA2, 0xF4, 0xA2, 0xF4, 0xA2, 0xF4, 0xA2,
    0xF4, 0xA2, 0xF4, 0xA2, 0xF4, 0xA2, 0xF4, 0xA2, 0xF4, 0xA2, 0xF4, 0xA2, 0xF4, 0xA2, 0xF4, 0xA2,
    0xF4, 0xA2, 0xF4, 0xA2, 0xF4, 0xA2, 0xF4, 0xA2, 0xF4, 0xA2, 0xF4, 0xA2, 0xF4, 0xA2, 0xF4, 0xA2,
    0xF4, 0xA2, 0xF4, 0xA2, 0xF4, 0xA2, 0xF4, 0xA2, 0xF4, 0xA2, 0xF4, 0xA2, 0xF4, 0xA2, 0xF4, 0xA2,
    0xF4, 0xA2, 0xF4, 0xA2, 0xF4, 0xA2, 0xF4, 0xA2, 0xF4, 0xA2, 0xF4, 0xA2, 0xF4, 0xA2, 0xF4, 0xA2,
    0xF4, 0xA2, 0xF4, 0xA2, 0xF4, 0xA2, 0xF4, 0xA2, 0xF4, 0xA2, 0xF4, 0xA2, 0xF4, 0xA2, 0xF4, 0xA2,
    0xF4, 0xA2, 0xF4, 0xA2, 0xF4, 0xA2, 0xF4, 0xA2, 0xF4, 0xA2, 0xF4, 0xA2, 0xF4, 0xA2, 0xF4, 0xA2,
    0xF4, 0xA2, 0xF4, 0xA2, 0xF4, 0xA2, 0xF4, 0xA2, 0xF4, 0xA2, 0xF4, 0xA2, 0xF4, 0xA2, 0xF4, 0xA2,
    0xF4, 0xA2, 0xF4, 0xA2, 0xF4, 0xA2, 0xF4, 0xA2, 0xF4, 0xA2, 0xF4, 0xA2, 0xF4, 0xA2, 0xF4, 0xA2,
    0xF4, 0xA2, 0xF4, 0xA2, 0xF4, 0xA2, 0xF4, 0xA2, 0xF4, 0xA2, 0xF4, 0xA2, 0xF4, 0xA2, 0xF4, 0xA2,
    0xF4, 0xA2, 0xF4, 0xA2, 0xF4, 0xA2, 0xF4, 0xA2, 0xF4, 0xA2, 0xF4, 0xA2, 0xF4, 0xA2, 0xF4, 0xA2,
    0xF4, 0xA2, 0xF4, 0xA2, 0xF4, 0xA2, 0xF4, 0xA2, 0xF4, 0xA2, 0xF4, 0xA2, 0xF4, 0xA2, 0xF4, 0xA2,
    0xF4, 0xA2, 0xF4, 0xA2, 0xF4, 0xA2, 0xF4, 0xA2, 0xF4, 0xA2, 0xF4, 0xA2, 0xF4, 0xA2, 0xF4, 0xA2,
    0xF4, 0xA2, 0xF4, 0xA2, 0xF4, 0xA2, 0xF4, 0xA2, 0xF4, 0xA2, 0xF4, 0xA2, 0xF4, 0xA2, 0xF4, 0xA2,
    0xF4, 0xA2, 0xF4, 0xA2, 0xF4, 0xA2, 0xF4, 0xA2, 0xF4, 0xA2, 0xF4, 0xA2, 0xF4, 0xA2, 0xF4, 0xA2,
    0xF4, 0xA2, 0xF4, 0xA2, 0xF4, 0xA2, 0xF4, 0xA2, 0xF4, 0xA2, 0xF4, 0xA2, 0xF4, 0xA2, 0xF4, 0xA2,
    0xF4, 0xA2, 0xF4, 0xA2, 0xF4, 0xA2, 0xF4, 0xA2, 0xF4, 0xA2, 0xF4, 0xA2, 0xF4, 0xA2, 0xF4, 0xA2,
    0xF4, 0xA2, 0xF4, 0xA2, 0xF4, 0xA2, 0xF4, 0xA2, 0xF4, 0xA2, 0xF4, 0xA2, 0xF4, 0xA2, 0xF4, 0xA2,
    0xF4, 0xA2, 0xF4, 0xA2, 0xF4, 0xA2, 0xF4, 0xA2, 0xF4, 0xA2, 0xF4, 0xA2, 0xF4, 0xA2, 0xF4, 0xA2,
    0xF4, 0xA2, 0xF4, 0xA2, 0xF4, 0xA2, 0xF4, 0xA2, 0xF4, 0xA2, 0xF4, 0xA2, 0xF4, 0xA2, 0xF4, 0xA2,
    0xF4, 0xA2, 0xF4, 0xA2, 0xF4, 0xA2, 0xF4, 0xA2, 0xF4, 0xA2, 0xF4, 0xA2, 0xF4, 0xA2, 0xF4, 0xA2,
    0xF4, 0xA2, 0xF4, 0xA2, 0xF4, 0xA2, 0xF4, 0xA2, 0xF4, 0xA2, 0xF4, 0xA2, 0xF4, 0xA2, 0xF4, 0xA2,
    0xF4, 0xA2, 0xF4, 0xA2, 0xF4, 0xA2, 0xF4, 0xA2, 0xF4, 0xA2, 0xF4, 0xA2, 0xF4, 0xA2, 0xF4, 0xA2,
    0xF4, 0xA2, 0xF4, 0xA2, 0xF4, 0xA2, 0xF4, 0xA2, 0xF4, 0xA2, 0xF4, 0xA2, 0xF4, 0xA2, 0xF4, 0xA2,
    0xF4, 0xA2, 0xF4, 0xA2, 0xF4, 0xA2, 0xF4, 0xA2, 0xF4, 0xA2, 0xF4, 0xA2, 0xF4, 0xA2, 0xF4, 0xA2,
    0xF4, 0xA2, 0xF4, 0xA2, 0xF4, 0xA2, 0xF4, 0xA2, 0xF4, 0xA2, 0xF4, 0xA2, 0xF4, 0xA2, 0xF4, 0xA2,
    0xF4, 0xA2, 0xF4, 0xA2, 0xF4, 0xA2, 0xF4, 0xA2, 0xF4, 0xA2, 0xF4, 0xA2, 0xF4, 0xA2, 0xF4, 0xA2,
    0xF4, 0xA2, 0xF4, 0xA2, 0xF4, 0xA2, 0xF4, 0xA2, 0xF4, 0xA2, 0xF4, 0xA2, 0xF4, 0xA2, 0xF4, 0xA2,
    0xF4, 0xA2, 0xF4, 0xA2, 0xF4, 0xA2, 0xF4, 0xA2, 0xF4, 0xA2, 0xF4, 0xA2, 0xF4, 0xA2, 0xF4, 0xA2,
    0xF4, 0xA2, 0xF4, 0xA2, 0xF4, 0xA2, 0x17, 0xA4, 0xFB, 0x84, 0x3C, 0x75, 0x3C, 0x6D, 0xDC, 0x6C,
    0xBA, 0x84, 0x3B, 0x8D, 0xBC, 0x8D, 0x3C, 0x75, 0xDC, 0x5C, 0xFC, 0x64, 0xDC, 0x5C, 0xFC, 0x64,
    0xFB, 0x64, 0xFC, 0x5C, 0xFC, 0x64, 0xFC, 0x64, 0xFC, 0x64, 0xDC, 0x64, 0xDC, 0x5C, 0xDC, 0x5C,
    0xDC, 0x5C, 0xDC, 0x5C, 0xDC, 0x5C, 0xDC, 0x5C, 0xDC, 0x5C, 0xDC, 0x5C, 0xDC, 0x5C, 0xDC, 0x5C,
    0xDC, 0x5C, 0xDC, 0x5C, 0xDC, 0x5C, 0x1D, 0x65, 0x1D, 0x65, 0xFC, 0x5C, 0xDC, 0x64, 0xDB, 0x6C,
    0xBB, 0x74, 0x9A, 0x84, 0x59, 0x8C, 0xBA, 0x8C, 0x1B, 0x85, 0xDC, 0x5C, 0x1E, 0x65, 0x5E, 0x65,
    0xD9, 0x94, 0x37, 0xA4, 0x7A, 0x84, 0xDB, 0x64, 0x3D, 0x65, 0x3E, 0x65, 0xFD, 0x64, 0xDC, 0x5C,
    0xBB, 0x5C, 0x9B, 0x54, 0x9B, 0x54, 0x9B, 0x54, 0x9B, 0x54, 0x9C, 0x54, 0xBC, 0x54, 0xBC, 0x54,
    0xBC, 0x54, 0xBC, 0x54, 0xBC, 0x54, 0xBC, 0x54, 0xBC, 0x54, 0x9B, 0x54, 0x9C, 0x54, 0xBC, 0x54,
    0xBC, 0x54, 0xDC, 0x5C, 0xDC, 0x5C, 0xFC, 0x64, 0xDC, 0x64, 0xDB, 0x64, 0xFB, 0x64, 0xFC, 0x64,
    0xFC, 0x64, 0xFB, 0x64, 0xFC, 0x64, 0xDC, 0x64, 0xDC, 0x5C, 0xFD, 0x5C, 0x3E, 0x65, 0xFC, 0x64,
    0xDB, 0x74, 0x38, 0x94, 0x75, 0xA3, 0xF4, 0xA2, 0xF4, 0xA2, 0xF4, 0xA2, 0xF4, 0xA2, 0xF4, 0xA2,
    0xF4, 0xA2, 0xF4, 0xA2, 0xF4, 0xA2, 0xF4, 0xA2, 0xF4, 0xA2, 0xF4, 0xA2, 0xF4, 0xA2, 0xF4, 0xA2,
    0xF4, 0xA2, 0xF4, 0xA2, 0xF4, 0xA2, 0xF4, 0xA2, 0xF4, 0xA2, 0xF4, 0xA2, 0xF4, 0xA2, 0xF4, 0xA2,
    0xF4, 0xA2, 0xF4, 0xA2, 0xF4, 0xA2, 0xF4, 0xA2, 0xF4, 0xA2, 0xF4, 0xA2, 0xF4, 0xA2, 0xF4, 0xA2,
    0xF4, 0xA2, 0xF4, 0xA2, 0xF4, 0xA2, 0xF4, 0xA2, 0xF4, 0xA2, 0xF4, 0xA2, 0xF4, 0xA2, 0xF4, 0xA2,
    0xF4, 0xA2, 0xF4, 0xA2, 0xF4, 0xA2, 0xF4, 0xA2, 0xF4, 0xA2, 0xF4, 0xA2, 0xF4, 0xA2, 0xF4, 0xA2,
    0xF4, 0xA2, 0xF4, 0xA2, 0xF4, 0xA2, 0xF4, 0xA2, 0xF4, 0xA2, 0xF4, 0xA2, 0xF4, 0xA2, 0xF4, 0xA2,
    0xF4, 0xA2, 0xF4, 0xA2, 0xF4, 0xA2, 0xF4, 0xA2, 0xF4, 0xA2, 0xF4, 0xA2, 0xF4, 0xA2, 0xF4, 0xA2,
    0xF4, 0xA2, 0xF4, 0xA2, 0xF4, 0xA2, 0xF4, 0xA2, 0xF4, 0xA2, 0xF4, 0xA2, 0xF4, 0xA2, 0xF4, 0xA2,
    0xF4, 0xA2, 0xF4, 0xA2, 0xF4, 0xA2, 0xF4, 0xA2, 0xF4, 0xA2, 0xF4, 0xA2, 0xF4, 0xA2, 0xF4, 0xA2,
    0xF4, 0xA2, 0xF4, 0xA2, 0xF4, 0xA2, 0xF4, 0xA2, 0xF4, 0xA2, 0xF4, 0xA2, 0xF4, 0xA2, 0xF4, 0xA2,
    0xF4, 0xA2, 0xF4, 0xA2, 0xF4, 0xA2, 0xF4, 0xA2, 0xF4, 0xA2, 0xF4, 0xA2, 0xF4, 0xA2, 0xF4, 0xA2,
    0xF4, 0xA2, 0xF4, 0xA2, 0xF4, 0xA2, 0xF4, 0xA2, 0xF4, 0xA2, 0xF4, 0xA2, 0xF4, 0xA2, 0xF4, 0xA2,
    0xF4, 0xA2, 0xF4, 0xA2, 0xF4, 0xA2, 0xF4, 0xA2, 0xF4, 0xA2, 0xF4, 0xA2, 0xF4, 0xA2, 0xF4, 0xA2,
    0xF4, 0xA2, 0xF4, 0xA2, 0xF4, 0xA2, 0xF4, 0xA2, 0xF4, 0xA2, 0xF4, 0xA2, 0xF4, 0xA2, 0xF4, 0xA2,
    0xF4, 0xA2, 0xF4, 0xA2, 0xF4, 0xA2, 0xF4, 0xA2, 0xF4, 0xA2, 0xF4, 0xA2, 0xF4, 0xA2, 0xF4, 0xA2,
    0xF4, 0xA2, 0xF4, 0xA2, 0xF4, 0xA2, 0xF4, 0xA2, 0xF4, 0xA2, 0xF4, 0xA2, 0xF4, 0xA2, 0xF4, 0xA2,
    0xF4, 0xA2, 0xF4, 0xA2, 0xF4, 0xA2, 0xF4, 0xA2, 0xF4, 0xA2, 0xF4, 0xA2, 0xF4, 0xA2, 0xF4, 0xA2,
    0xF4, 0xA2, 0xF4, 0xA2, 0xF4, 0xA2, 0xF4, 0xA2, 0xF4, 0xA2, 0xF4, 0xA2, 0xF4, 0xA2, 0xF4, 0xA2,
    0xF4, 0xA2, 0xF4, 0xA2, 0xF4, 0xA2, 0xF4, 0xA2, 0xF4, 0xA2, 0xF4, 0xA2, 0xF4, 0xA2, 0xF4, 0xA2,
    0xF4, 0xA2, 0xF4, 0xA2, 0xF4, 0xA2, 0xF4, 0xA2, 0xF4, 0xA2, 0xF4, 0xA2, 0xF4, 0xA2, 0xF4, 0xA2,
    0xF4, 0xA2, 0xF4, 0xA2, 0xF4, 0xA2, 0xF4, 0xA2, 0xF4, 0xA2, 0xF4, 0xA2, 0xF4, 0xA2, 0xF4, 0xA2,
    0xF4, 0xA2, 0xF4, 0xA2, 0xF4, 0xA2, 0xF4, 0xA2, 0xF4, 0xA2, 0xF4, 0xA2, 0xF4, 0xA2, 0xF4, 0xA2,
    0xF4, 0xA2, 0xF4, 0xA2, 0xF4, 0xA2, 0xF4, 0xA2, 0xF4, 0xA2, 0xF4, 0xA2, 0xF4, 0xA2, 0xF4, 0xA2,
    0xF4, 0xA2, 0xF4, 0xA2, 0xF4, 0xA2, 0xF4, 0xA2, 0xF4, 0xA2, 0xF4, 0xA2, 0xF4, 0xA2, 0xF4, 0xA2,
    0xF4, 0xA2, 0xF4, 0xA2, 0xF4, 0xA2, 0xF4, 0xA2, 0xF4, 0xA2, 0xF4, 0xA2, 0xF4, 0xA2, 0xF4, 0xA2,
    0xF4, 0xA2, 0xF4, 0xA2, 0xF4, 0xA2, 0xF4, 0xA2, 0xF4, 0xA2, 0xF4, 0xA2, 0xF4, 0xA2, 0xF4, 0xA2,
    0xF4, 0xA2, 0xF4, 0xA2, 0xF4, 0xA2, 0xF4, 0xA2, 0xF4, 0xA2, 0xF4, 0xA2, 0xF4, 0xA2, 0xF4, 0xA2,
    0xF4, 0xA2, 0xF4, 0xA2, 0xF4, 0xA2, 0xF4, 0xA2, 0xF4, 0xA2, 0xF4, 0xA2, 0xF4, 0xA2, 0xF4, 0xA2,
    0xF4, 0xA2, 0xF7, 0x9B, 0xFB, 0x74, 0x5E, 0x65, 0xFB, 0x7C, 0x5B, 0x9D, 0x1A, 0x95, 0x58, 0x94,
    0xBA, 0x7C, 0xDC, 0x64, 0x3C, 0x6D, 0x1C, 0x65, 0xDC, 0x5C, 0xDC, 0x64, 0xFC, 0x64, 0xDC, 0x5C,
    0xDC, 0x5C, 0xBC, 0x54, 0x9B, 0x54, 0x9B, 0x54, 0xBC, 0x54, 0xBC, 0x5C, 0xDC, 0x5C, 0xFC, 0x64,
    0x1C, 0x6D, 0x1C, 0x6D, 0x1C, 0x6D, 0x1C, 0x6D, 0x1C, 0x6D, 0xFC, 0x64, 0xFC, 0x64, 0xFC, 0x64,
    0xDC, 0x5C, 0xBC, 0x5C, 0xBC, 0x54, 0x9B, 0x54, 0xBB, 0x54, 0xBC, 0x5C, 0xDC, 0x5C, 0xFC, 0x5C,
    0x1D, 0x65, 0x1D, 0x65, 0xFC, 0x5C, 0xBB, 0x64, 0x1B, 0x7D, 0xFC, 0x64, 0xFB, 0x7C, 0xFB, 0x74,
    0xFB, 0x74, 0xFC, 0x64, 0x3E, 0x65, 0xFC, 0x64, 0xBC, 0x5C, 0x9C, 0x54, 0xBB, 0x54, 0xDC, 0x5C,
    0x3C, 0x75, 0xBD, 0x8D, 0x1D, 0xA6, 0x7E, 0xAE, 0xDE, 0xC6, 0xFE, 0xCE, 0x3E, 0xD7, 0x3F, 0xD7,
    0x3E, 0xD7, 0x3F, 0xD7, 0x1E, 0xD7, 0x1E, 0xD7, 0x1E, 0xCF, 0xDE, 0xC6, 0x5D, 0xAE, 0xFD, 0x95,
    0x9C, 0x7D, 0x1C, 0x6D, 0xDB, 0x5C, 0x9C, 0x54, 0xBC, 0x54, 0xBC, 0x5C, 0xDC, 0x5C, 0xDC, 0x64,
    0xDC, 0x64, 0xFC, 0x64, 0xFC, 0x64, 0xFC, 0x64, 0xFC, 0x64, 0xDC, 0x64, 0xDC, 0x64, 0xFC, 0x5C,
    0x1D, 0x65, 0x3E, 0x65, 0xFC, 0x6C, 0x59, 0x84, 0xD6, 0xA3, 0xF4, 0xA2, 0xF4, 0xA2, 0xF4, 0xA2,
    0xF4, 0xA2, 0xF4, 0xA2, 0xF4, 0xA2, 0xF4, 0xA2, 0xF4, 0xA2, 0xF4, 0xA2, 0xF4, 0xA2, 0xF4, 0xA2,
    0xF4, 0xA2, 0xF4, 0xA2, 0xF4, 0xA2, 0xF4, 0xA2, 0xF4, 0xA2, 0xF4, 0xA2, 0xF4, 0xA2, 0xF4, 0xA2,
    0xF4, 0xA2, 0xF4, 0xA2, 0xF4, 0xA2, 0xF4, 0xA2, 0xF4, 0xA2, 0xF4, 0xA2, 0xF4, 0xA2, 0xF4, 0xA2,
    0xF4, 0xA2, 0xF4, 0xA2, 0xF4, 0xA2, 0xF4, 0xA2, 0xF4, 0xA2, 0xF4, 0xA2, 0xF4, 0xA2, 0xF4, 0xA2,
    0xF4, 0xA2, 0xF4, 0xA2, 0xF4, 0xA2, 0xF4, 0xA2, 0xF4, 0xA2, 0xF4, 0xA2, 0xF4, 0xA2, 0xF4, 0xA2,
    0xF4, 0xA2, 0xF4, 0xA2, 0xF4, 0xA2, 0xF4, 0xA2, 0xF4, 0xA2, 0xF4, 0xA2, 0xF4, 0xA2, 0xF4, 0xA2,
    0xF4, 0xA2, 0xF4, 0xA2, 0xF4, 0xA2, 0xF4, 0xA2, 0xF4, 0xA2, 0xF4, 0xA2, 0xF4, 0xA2, 0xF4, 0xA2,
    0xF4, 0xA2, 0xF4, 0xA2, 0xF4, 0xA2, 0xF4, 0xA2, 0xF4, 0xA2, 0xF4, 0xA2, 0xF4, 0xA2, 0xF4, 0xA2,
    0xF4, 0xA2, 0xF4, 0xA2, 0xF4, 0xA2, 0xF4, 0xA2, 0xF4, 0xA2, 0xF4, 0xA2, 0xF4, 0xA2, 0xF4, 0xA2,
    0xF4, 0xA2, 0xF4, 0xA2, 0xF4, 0xA2, 0xF4, 0xA2, 0xF4, 0xA2, 0xF4, 0xA2, 0xF4, 0xA2, 0xF4, 0xA2,
    0xF4, 0xA2, 0xF4, 0xA2, 0xF4, 0xA2, 0xF4, 0xA2, 0xF4, 0xA2, 0xF4, 0xA2, 0xF4, 0xA2, 0xF4, 0xA2,
    0xF4, 0xA2, 0xF4, 0xA2, 0xF4, 0xA2, 0xF4, 0xA2, 0xF4, 0xA2, 0xF4, 0xA2, 0xF4, 0xA2, 0xF4, 0xA2,
    0xF4, 0xA2, 0xF4, 0xA2, 0xF4, 0xA2, 0xF4, 0xA2, 0xF4, 0xA2, 0xF4, 0xA2, 0xF4, 0xA2, 0xF4, 0xA2,
    0xF4, 0xA2, 0xF4, 0xA2, 0xF4, 0xA2, 0xF4, 0xA2, 0xF4, 0xA2, 0xF4, 0xA2, 0xF4, 0xA2, 0xF4, 0xA2,
    0xF4, 0xA2, 0xF4, 0xA2, 0xF4, 0xA2, 0xF4, 0xA2, 0xF4, 0xA2, 0xF4, 0xA2, 0xF4, 0xA2, 0xF4, 0xA2,
    0xF4, 0xA2, 0xF4, 0xA2, 0xF4, 0xA2, 0xF4, 0xA2, 0xF4, 0xA2, 0xF4, 0xA2, 0xF4, 0xA2, 0xF4, 0xA2,
    0xF4, 0xA2, 0xF4, 0xA2, 0xF4, 0xA2, 0xF4, 0xA2, 0xF4, 0xA2, 0xF4, 0xA2, 0xF4, 0xA2, 0xF4, 0xA2,
    0xF4, 0xA2, 0xF4, 0xA2, 0xF4, 0xA2, 0xF4, 0xA2, 0xF4, 0xA2, 0xF4, 0xA2, 0xF4, 0xA2, 0xF4, 0xA2,
    0xF4, 0xA2, 0xF4, 0xA2, 0xF4, 0xA2, 0xF4, 0xA2, 0xF4, 0xA2, 0xF4, 0xA2, 0xF4, 0xA2, 0xF4, 0xA2,
    0xF4, 0xA2, 0xF4, 0xA2, 0xF4, 0xA2, 0xF4, 0xA2, 0xF4, 0xA2, 0xF4, 0xA2, 0xF4, 0xA2, 0xF4, 0xA2,
    0xF4, 0xA2, 0xF4, 0xA2, 0xF4, 0xA2, 0xF4, 0xA2, 0xF4, 0xA2, 0xF4, 0xA2, 0xF4, 0xA2, 0xF4, 0xA2,
    0xF4, 0xA2, 0xF4, 0xA2, 0xF4, 0xA2, 0xF4, 0xA2, 0xF4, 0xA2, 0xF4, 0xA2, 0xF4, 0xA2, 0xF4, 0xA2,
    0xF4, 0xA2, 0xF4, 0xA2, 0xF4, 0xA2, 0xF4, 0xA2, 0xF4, 0xA2, 0xF4, 0xA2, 0xF4, 0xA2, 0xF4, 0xA2,
    0xF4, 0xA2, 0xF4, 0xA2, 0xF4, 0xA2, 0xF4, 0xA2, 0xF4, 0xA2, 0xF4, 0xA2, 0xF4, 0xA2, 0xF4, 0xA2,
    0xF4, 0xA2, 0xF4, 0xA2, 0xF4, 0xA2, 0xF4, 0xA2, 0xF4, 0xA2, 0xF4, 0xA2, 0xF4, 0xA2, 0xF4, 0xA2,
    0xF4, 0xA2, 0xF4, 0xA2, 0xF4, 0xA2, 0xF4, 0xA2, 0xF4, 0xA2, 0xF4, 0xA2, 0xF4, 0xA2, 0xF4, 0xA2,
    0xF4, 0xA2, 0xF4, 0xA2, 0xF4, 0xA2, 0xF4, 0xA2, 0xF4, 0xA2, 0xF4, 0xA2, 0xF4, 0xA2, 0xF4, 0xA2,
    0xF4, 0xA2, 0xF4, 0xA2, 0xF4, 0xA2, 0xF4, 0xA2, 0xF4, 0xA2, 0xF4, 0xA2, 0xF4, 0xA2, 0xD7, 0x9B,
    0xBB, 0x6C, 0x5E, 0x6D, 0x39, 0x7C, 0x17, 0x9C, 0x99, 0x94, 0xFC, 0x74, 0x7D, 0x7D, 0x5D, 0x6D,
    0xFC, 0x5C, 0x3D, 0x6D, 0x7D, 0x75, 0xFC, 0x64, 0xDC, 0x5C, 0xBC, 0x54, 0x9B, 0x54, 0xBB, 0x5C,
    0x1C, 0x65, 0x7C, 0x7D, 0x5D, 0xA6, 0x7E, 0xB6, 0xFE, 0xC6, 0x5F, 0xDF, 0x7F, 0xE7, 0x9F, 0xEF,
    0xDF, 0xF7, 0xDF, 0xF7, 0xDF, 0xF7, 0xDF, 0xF7, 0xDF, 0xF7, 0xBF, 0xEF, 0xBF, 0xEF, 0x9F, 0xEF,
    0x7F, 0xE7, 0x3F, 0xDF, 0xDE, 0xC6, 0x7E, 0xB6, 0x1D, 0xA6, 0x7C, 0x7D, 0x1C, 0x65, 0xBC, 0x5C,
    0xBB, 0x54, 0x9B, 0x54, 0xDC, 0x5C, 0x1D, 0x65, 0xFC, 0x64, 0xFC, 0x5C, 0xDB, 0x6C, 0xFC, 0x6C,
    0xFD, 0x5C, 0xDC, 0x5C, 0xDB, 0x5C, 0x9B, 0x54, 0xFC, 0x64, 0xBC, 0x95, 0xBE, 0xC6, 0x7F, 0xE7,
    0xFF, 0xFF, 0xFF, 0xFF, 0xFF, 0xFF, 0xFF, 0xFF, 0xFF, 0xFF, 0xFF, 0xFF, 0xFF, 0xFF, 0xFF, 0xFF,
    0xFF, 0xFF, 0xFF, 0xFF, 0xFF, 0xFF, 0xFF, 0xFF, 0xFF, 0xFF, 0xFF, 0xFF, 0xFF, 0xFF, 0xFF, 0xFF,
    0xFF, 0xFF, 0xDF, 0xF7, 0x5F, 0xDF, 0xBE, 0xBE, 0xFC, 0x95, 0x5C, 0x75, 0xDC, 0x5C, 0x9B, 0x54,
    0xBC, 0x54, 0xDC, 0x5C, 0xFC, 0x64, 0xFC, 0x64, 0xDC, 0x64, 0xDC, 0x5C, 0xDC, 0x5C, 0xDC, 0x5C,
    0xDC, 0x5C, 0xDC, 0x5C, 0xFC, 0x5C, 0x3D, 0x65, 0x3D, 0x6D, 0x59, 0x7C, 0xD6, 0xA3, 0xF4, 0xA2,
    0xF4, 0xA2, 0xF4, 0xA2, 0xF4, 0xA2, 0xF4, 0xA2, 0xF4, 0xA2, 0xF4, 0xA2, 0xF4, 0xA2, 0xF4, 0xA2,
    0xF4, 0xA2, 0xF4, 0xA2, 0xF4, 0xA2, 0xF4, 0xA2, 0xF4, 0xA2, 0xF4, 0xA2, 0xF4, 0xA2, 0xF4, 0xA2,
    0xF4, 0xA2, 0xF4, 0xA2, 0xF4, 0xA2, 0xF4, 0xA2, 0xF4, 0xA2, 0xF4, 0xA2, 0xF4, 0xA2, 0xF4, 0xA2,
    0xF4, 0xA2, 0xF4, 0xA2, 0xF4, 0xA2, 0xF4, 0xA2, 0xF4, 0xA2, 0xF4, 0xA2, 0xF4, 0xA2, 0xF4, 0xA2,
    0xF4, 0xA2, 0xF4, 0xA2, 0xF4, 0xA2, 0xF4, 0xA2, 0xF4, 0xA2, 0xF4, 0xA2, 0xF4, 0xA2, 0xF4, 0xA2,
    0xF4, 0xA2, 0xF4, 0xA2, 0xF4, 0xA2, 0xF4, 0xA2, 0xF4, 0xA2, 0xF4, 0xA2, 0xF4, 0xA2, 0xF4, 0xA2,
    0xF4, 0xA2, 0xF4, 0xA2, 0xF4, 0xA2, 0xF4, 0xA2, 0xF4, 0xA2, 0xF4, 0xA2, 0xF4, 0xA2, 0xF4, 0xA2,
    0xF4, 0xA2, 0xF4, 0xA2, 0xF4, 0xA2, 0xF4, 0xA2, 0xF4, 0xA2, 0xF4, 0xA2, 0xF4, 0xA2, 0xF4, 0xA2,
    0xF4, 0xA2, 0xF4, 0xA2, 0xF4, 0xA2, 0xF4, 0xA2, 0xF4, 0xA2, 0xF4, 0xA2, 0xF4, 0xA2, 0xF4, 0xA2,
    0xF4, 0xA2, 0xF4, 0xA2, 0xF4, 0xA2, 0xF4, 0xA2, 0xF4, 0xA2, 0xF4, 0xA2, 0xF4, 0xA2, 0xF4, 0xA2,
    0xF4, 0xA2, 0xF4, 0xA2, 0xF4, 0xA2, 0xF4, 0xA2, 0xF4, 0xA2, 0xF4, 0xA2, 0xF4, 0xA2, 0xF4, 0xA2,
    0xF4, 0xA2, 0xF4, 0xA2, 0xF4, 0xA2, 0xF4, 0xA2, 0xF4, 0xA2, 0xF4, 0xA2, 0xF4, 0xA2, 0xF4, 0xA2,
    0xF4, 0xA2, 0xF4, 0xA2, 0xF4, 0xA2, 0xF4, 0xA2, 0xF4, 0xA2, 0xF4, 0xA2, 0xF4, 0xA2, 0xF4, 0xA2,
    0xF4, 0xA2, 0xF4, 0xA2, 0xF4, 0xA2, 0xF4, 0xA2, 0xF4, 0xA2, 0xF4, 0xA2, 0xF4, 0xA2, 0xF4, 0xA2,
    0xF4, 0xA2, 0xF4, 0xA2, 0xF4, 0xA2, 0xF4, 0xA2, 0xF4, 0xA2, 0xF4, 0xA2, 0xF4, 0xA2, 0xF4, 0xA2,
    0xF4, 0xA2, 0xF4, 0xA2, 0xF4, 0xA2, 0xF4, 0xA2, 0xF4, 0xA2, 0xF4, 0xA2, 0xF4, 0xA2, 0xF4, 0xA2,
    0xF4, 0xA2, 0xF4, 0xA2, 0xF4, 0xA2, 0xF4, 0xA2, 0xF4, 0xA2, 0xF4, 0xA2, 0xF4, 0xA2, 0xF4, 0xA2,
    0xF4, 0xA2, 0xF4, 0xA2, 0xF4, 0xA2, 0xF4, 0xA2, 0xF4, 0xA2, 0xF4, 0xA2, 0xF4, 0xA2, 0xF4, 0xA2,
    0xF4, 0xA2, 0xF4, 0xA2, 0xF4, 0xA2, 0xF4, 0xA2, 0xF4, 0xA2, 0xF4, 0xA2, 0xF4, 0xA2, 0xF4, 0xA2,
    0xF4, 0xA2, 0xF4, 0xA2, 0xF4, 0xA2, 0xF4, 0xA2, 0xF4, 0xA2, 0xF4, 0xA2, 0xF4, 0xA2, 0xF4, 0xA2,
    0xF4, 0xA2, 0xF4, 0xA2, 0xF4, 0xA2, 0xF4, 0xA2, 0xF4, 0xA2, 0xF4, 0xA2, 0xF4, 0xA2, 0xF4, 0xA2,
    0xF4, 0xA2, 0xF4, 0xA2, 0xF4, 0xA2, 0xF4, 0xA2, 0xF4, 0xA2, 0xF4, 0xA2, 0xF4, 0xA2, 0xF4, 0xA2,
    0xF4, 0xA2, 0xF4, 0xA2, 0xF4, 0xA2, 0xF4, 0xA2, 0xF4, 0xA2, 0xF4, 0xA2, 0xF4, 0xA2, 0xF4, 0xA2,
    0xF4, 0xA2, 0xF4, 0xA2, 0xF4, 0xA2, 0xF4, 0xA2, 0xF4, 0xA2, 0xF4, 0xA2, 0xF4, 0xA2, 0xF4, 0xA2,
    0xF4, 0xA2, 0xF4, 0xA2, 0xF4, 0xA2, 0xF4, 0xA2, 0xF4, 0xA2, 0xF4, 0xA2, 0xF4, 0xA2, 0xF4, 0xA2,
    0xF4, 0xA2, 0xF4, 0xA2, 0xF4, 0xA2, 0xF4, 0xA2, 0xF4, 0xA2, 0xF4, 0xA2, 0xF4, 0xA2, 0xF4, 0xA2,
    0xF4, 0xA2, 0xF4, 0xA2, 0xF4, 0xA2, 0xF4, 0xA2, 0xF4, 0xA2, 0xF4, 0xA2, 0xF4, 0xA2, 0xF4, 0xA2,
    0xF4, 0xA2, 0xF4, 0xA2, 0xF4, 0xA2, 0xF4, 0xA2, 0xF4, 0xA2, 0x55, 0xAB, 0x79, 0x8C, 0x9F, 0x6D,
    0xBA, 0x7C, 0xD6, 0xA3, 0x38, 0x94, 0xFB, 0x6C, 0x3D, 0x65, 0xFD, 0x5C, 0xFB, 0x64, 0x7C, 0x75,
    0x3C, 0x6D, 0x5C, 0x75, 0xBB, 0x5C, 0x9B, 0x54, 0xDC, 0x64, 0x9C, 0x85, 0x7D, 0xAE, 0x3E, 0xD7,
    0xBF, 0xF7, 0xFF, 0xFF, 0xFF, 0xFF, 0xFF, 0xFF, 0xFF, 0xFF, 0xFF, 0xFF, 0xFF, 0xFF, 0xFF, 0xFF,
    0xFF, 0xFF, 0xFF, 0xFF, 0xFF, 0xFF, 0xFF, 0xFF, 0xFF, 0xFF, 0xFF, 0xFF, 0xFF, 0xFF, 0xFF, 0xFF,
    0xFF, 0xFF, 0xFF, 0xFF, 0xFF, 0xFF, 0xFF, 0xFF, 0xFF, 0xFF, 0xFF, 0xFF, 0xBF, 0xF7, 0x3E, 0xDF,
    0x9E, 0xB6, 0xBD, 0x8D, 0xFC, 0x64, 0xBB, 0x54, 0xBB, 0x54, 0xDC, 0x5C, 0xFC, 0x5C, 0xDC, 0x5C,
    0xFC, 0x64, 0xBC, 0x54, 0x1C, 0x6D, 0x7D, 0xB6, 0x9F, 0xEF, 0xFF, 0xFF, 0xFF, 0xFF, 0xFF, 0xFF,
    0xFF, 0xFF, 0xFF, 0xFF, 0xFF, 0xFF, 0xFF, 0xFF, 0xFF, 0xFF, 0xFF, 0xFF, 0xFF, 0xFF, 0xFF, 0xFF,
    0xFF, 0xFF, 0xFF, 0xFF, 0xFF, 0xFF, 0xFF, 0xFF, 0xFF, 0xFF, 0xFF, 0xFF, 0xFF, 0xFF, 0xFF, 0xFF,
    0xFF, 0xFF, 0xFF, 0xFF, 0xFF, 0xFF, 0xFF, 0xFF, 0xFF, 0xFF, 0xFF, 0xFF, 0x7F, 0xE7, 0xBD, 0xBE,
    0xBC, 0x8D, 0xFC, 0x64, 0xBC, 0x54, 0x9C, 0x54, 0xDC, 0x5C, 0xDC, 0x64, 0xDC, 0x64, 0xDC, 0x5C,
    0xDC, 0x5C, 0xDC, 0x5C, 0xFC, 0x5C, 0xDB, 0x64, 0xFC, 0x64, 0x3E, 0x65, 0x1D, 0x65, 0x7A, 0x7C,
    0x95, 0x9B, 0xF4, 0xA2, 0xF4, 0xA2, 0xF4, 0xA2, 0xF4, 0xA2, 0xF4, 0xA2, 0xF4, 0xA2, 0xF4, 0xA2,
    0xF4, 0xA2, 0xF4, 0xA2, 0xF4, 0xA2, 0xF4, 0xA2, 0xF4, 0xA2, 0xF4, 0xA2, 0xF4, 0xA2, 0xF4, 0xA2,
    0xF4, 0xA2, 0xF4, 0xA2, 0xF4, 0xA2, 0xF4, 0xA2, 0xF4, 0xA2, 0xF4, 0xA2, 0xF4, 0xA2, 0xF4, 0xA2,
    0xF4, 0xA2, 0xF4, 0xA2, 0xF4, 0xA2, 0xF4, 0xA2, 0xF4, 0xA2, 0xF4, 0xA2, 0xF4, 0xA2, 0xF4, 0xA2,
    0xF4, 0xA2, 0xF4, 0xA2, 0xF4, 0xA2, 0xF4, 0xA2, 0xF4, 0xA2, 0xF4, 0xA2, 0xF4, 0xA2, 0xF4, 0xA2,
    0xF4, 0xA2, 0xF4, 0xA2, 0xF4, 0xA2, 0xF4, 0xA2, 0xF4, 0xA2, 0xF4, 0xA2, 0xF4, 0xA2, 0xF4, 0xA2,
    0xF4, 0xA2, 0xF4, 0xA2, 0xF4, 0xA2, 0xF4, 0xA2, 0xF4, 0xA2, 0xF4, 0xA2, 0xF4, 0xA2, 0xF4, 0xA2,
    0xF4, 0xA2, 0xF4, 0xA2, 0xF4, 0xA2, 0xF4, 0xA2, 0xF4, 0xA2, 0xF4, 0xA2, 0xF4, 0xA2, 0xF4, 0xA2,
    0xF4, 0xA2, 0xF4, 0xA2, 0xF4, 0xA2, 0xF4, 0xA2, 0xF4, 0xA2, 0xF4, 0xA2, 0xF4, 0xA2, 0xF4, 0xA2,
    0xF4, 0xA2, 0xF4, 0xA2, 0xF4, 0xA2, 0xF4, 0xA2, 0xF4, 0xA2, 0xF4, 0xA2, 0xF4, 0xA2, 0xF4, 0xA2,
    0xF4, 0xA2, 0xF4, 0xA2, 0xF4, 0xA2, 0xF4, 0xA2, 0xF4, 0xA2, 0xF4, 0xA2, 0xF4, 0xA2, 0xF4, 0xA2,
    0xF4, 0xA2, 0xF4, 0xA2, 0xF4, 0xA2, 0xF4, 0xA2, 0xF4, 0xA2, 0xF4, 0xA2, 0xF4, 0xA2, 0xF4, 0xA2,
    0xF4, 0xA2, 0xF4, 0xA2, 0xF4, 0xA2, 0xF4, 0xA2, 0xF4, 0xA2, 0xF4, 0xA2, 0xF4, 0xA2, 0xF4, 0xA2,
    0xF4, 0xA2, 0xF4, 0xA2, 0xF4, 0xA2, 0xF4, 0xA2, 0xF4, 0xA2, 0xF4, 0xA2, 0xF4, 0xA2, 0xF4, 0xA2,
    0xF4, 0xA2, 0xF4, 0xA2, 0xF4, 0xA2, 0xF4, 0xA2, 0xF4, 0xA2, 0xF4, 0xA2, 0xF4, 0xA2, 0xF4, 0xA2,
    0xF4, 0xA2, 0xF4, 0xA2, 0xF4, 0xA2, 0xF4, 0xA2, 0xF4, 0xA2, 0xF4, 0xA2, 0xF4, 0xA2, 0xF4, 0xA2,
    0xF4, 0xA2, 0xF4, 0xA2, 0xF4, 0xA2, 0xF4, 0xA2, 0xF4, 0xA2, 0xF4, 0xA2, 0xF4, 0xA2, 0xF4, 0xA2,
    0xF4, 0xA2, 0xF4, 0xA2, 0xF4, 0xA2, 0xF4, 0xA2, 0xF4, 0xA2, 0xF4, 0xA2, 0xF4, 0xA2, 0xF4, 0xA2,
    0xF4, 0xA2, 0xF4, 0xA2, 0xF4, 0xA2, 0xF4, 0xA2, 0xF4, 0xA2, 0xF4, 0xA2, 0xF4, 0xA2, 0xF4, 0xA2,
    0xF4, 0xA2, 0xF4, 0xA2, 0xF4, 0xA2, 0xF4, 0xA2, 0xF4, 0xA2, 0xF4, 0xA2, 0xF4, 0xA2, 0xF4, 0xA2,
    0xF4, 0xA2, 0xF4, 0xA2, 0xF4, 0xA2, 0xF4, 0xA2, 0xF4, 0xA2, 0xF4, 0xA2, 0xF4, 0xA2, 0xF4, 0xA2,
    0xF4, 0xA2, 0xF4, 0xA2, 0xF4, 0xA2, 0xF4, 0xA2, 0xF4, 0xA2, 0xF4, 0xA2, 0xF4, 0xA2, 0xF4, 0xA2,
    0xF4, 0xA2, 0xF4, 0xA2, 0xF4, 0xA2, 0xF4, 0xA2, 0xF4, 0xA2, 0xF4, 0xA2, 0xF4, 0xA2, 0xF4, 0xA2,
    0xF4, 0xA2, 0xF4, 0xA2, 0xF4, 0xA2, 0xF4, 0xA2, 0xF4, 0xA2, 0xF4, 0xA2, 0xF4, 0xA2, 0xF4, 0xA2,
    0xF4, 0xA2, 0xF4, 0xA2, 0xF4, 0xA2, 0xF4, 0xA2, 0xF4, 0xA2, 0xF4, 0xA2, 0xF4, 0xA2, 0xF4, 0xA2,
    0xF4, 0xA2, 0xF4, 0xA2, 0xF4, 0xA2, 0xF4, 0xA2, 0xF4, 0xA2, 0xF4, 0xA2, 0xF4, 0xA2, 0xF4, 0xA2,
    0xF4, 0xA2, 0xF4, 0xA2, 0xF4, 0xA2, 0xF4, 0xA2, 0xF4, 0xA2, 0xF4, 0xA2, 0xF4, 0xA2, 0xF4, 0xA2,
    0xF4, 0xA2, 0xF4, 0xA2, 0xF4, 0xA2, 0x34, 0xAB, 0x99, 0x8C, 0x3D, 0x6D, 0xDB, 0x84, 0xB6, 0xA3,
    0xF7, 0x9B, 0xFB, 0x74, 0x3E, 0x65, 0xFD, 0x5C, 0xDC, 0x5C, 0xDC, 0x5C, 0xFB, 0x5C, 0x1C, 0x65,
    0x3C, 0x6D, 0xDB, 0x5C, 0x5C, 0x7D, 0x9D, 0xB6, 0x9F, 0xEF, 0xFF, 0xFF, 0xFF, 0xFF, 0xFF, 0xFF,
    0xFF, 0xFF, 0xFF, 0xFF, 0xFF, 0xFF, 0xFF, 0xFF, 0xFF, 0xFF, 0xFF, 0xFF, 0xFF, 0xFF, 0xFF, 0xFF,
    0xFF, 0xFF, 0xFF, 0xFF, 0xFF, 0xFF, 0xFF, 0xFF, 0xFF, 0xFF, 0xFF, 0xFF, 0xFF, 0xFF, 0xFF, 0xFF,
    0xFF, 0xFF, 0xFF, 0xFF, 0xFF, 0xFF, 0xFF, 0xFF, 0xFF, 0xFF, 0xFF, 0xFF, 0xFF, 0xFF, 0xFF, 0xFF,
    0xFF, 0xFF, 0xFF, 0xFF, 0xBF, 0xF7, 0xFE, 0xC6, 0xFD, 0x95, 0xFC, 0x64, 0xBC, 0x54, 0xBC, 0x5C,
    0x9B, 0x54, 0xFD, 0x9D, 0xBF, 0xF7, 0xFF, 0xFF, 0xFF, 0xFF, 0xFF, 0xFF, 0xFF, 0xFF, 0xFF, 0xFF,
    0xFF, 0xFF, 0xFF, 0xFF, 0xFF, 0xFF, 0xFF, 0xFF, 0xFF, 0xFF, 0xFF, 0xFF, 0xFF, 0xFF, 0xFF, 0xFF,
    0xFF, 0xFF, 0xFF, 0xFF, 0xFF, 0xFF, 0xFF, 0xFF, 0xFF, 0xFF, 0xFF, 0xFF, 0xFF, 0xFF, 0xFF, 0xFF,
    0xFF, 0xFF, 0xFF, 0xFF, 0xFF, 0xFF, 0xFF, 0xFF, 0xFF, 0xFF, 0xFF, 0xFF, 0xFF, 0xFF, 0xFF, 0xFF,
    0xFF, 0xFF, 0xBF, 0xF7, 0xFE, 0xCE, 0xDD, 0x95, 0xFC, 0x64, 0xBC, 0x54, 0xBC, 0x54, 0xDC, 0x5C,
    0xFC, 0x64, 0xDC, 0x5C, 0xDC, 0x5C, 0xDC, 0x5C, 0xDC, 0x5C, 0xDB, 0x64, 0xFC, 0x6C, 0x3D, 0x6D,
    0xFC, 0x5C, 0xBA, 0x84, 0x96, 0xAB, 0xF4, 0xA2, 0xF4, 0xA2, 0x14, 0xA3, 0xF4, 0xA2, 0xF4, 0xA2,
    0xF4, 0xA2, 0xF4, 0xA2, 0xF4, 0xA2, 0xF4, 0xA2, 0xF4, 0xA2, 0xF4, 0xA2, 0xF4, 0xA2, 0xF4, 0xA2,
    0xF4, 0xA2, 0xF4, 0xA2, 0xF4, 0xA2, 0xF4, 0xA2, 0xF4, 0xA2, 0xF4, 0xA2, 0xF4, 0xA2, 0xF4, 0xA2,
    0xF4, 0xA2, 0xF4, 0xA2, 0xF4, 0xA2, 0xF4, 0xA2, 0xF4, 0xA2, 0xF4, 0xA2, 0xF4, 0xA2, 0xF4, 0xA2,
    0xF4, 0xA2, 0xF4, 0xA2, 0xF4, 0xA2, 0xF4, 0xA2, 0xF4, 0xA2, 0xF4, 0xA2, 0xF4, 0xA2, 0xF4, 0xA2,
    0xF4, 0xA2, 0xF4, 0xA2, 0xF4, 0xA2, 0xF4, 0xA2, 0xF4, 0xA2, 0xF4, 0xA2, 0xF4, 0xA2, 0xF4, 0xA2,
    0xF4, 0xA2, 0xF4, 0xA2, 0xF4, 0xA2, 0xF4, 0xA2, 0xF4, 0xA2, 0xF4, 0xA2, 0xF4, 0xA2, 0xF4, 0xA2,
    0xF4, 0xA2, 0xF4, 0xA2, 0xF4, 0xA2, 0xF4, 0xA2, 0xF4, 0xA2, 0xF4, 0xA2, 0xF4, 0xA2, 0xF4, 0xA2,
    0xF4, 0xA2, 0xF4, 0xA2, 0xF4, 0xA2, 0xF4, 0xA2, 0xF4, 0xA2, 0xF4, 0xA2, 0xF4, 0xA2, 0xF4, 0xA2,
    0xF4, 0xA2, 0xF4, 0xA2, 0xF4, 0xA2, 0xF4, 0xA2, 0xF4, 0xA2, 0xF4, 0xA2, 0xF4, 0xA2, 0xF4, 0xA2,
    0xF4, 0xA2, 0xF4, 0xA2, 0xF4, 0xA2, 0xF4, 0xA2, 0xF4, 0xA2, 0xF4, 0xA2, 0xF4, 0xA2, 0xF4, 0xA2,
    0xF4, 0xA2, 0xF4, 0xA2, 0xF4, 0xA2, 0xF4, 0xA2, 0xF4, 0xA2, 0xF4, 0xA2, 0xF4, 0xA2, 0xF4, 0xA2,
    0xF4, 0xA2, 0xF4, 0xA2, 0xF4, 0xA2, 0xF4, 0xA2, 0xF4, 0xA2, 0xF4, 0xA2, 0xF4, 0xA2, 0xF4, 0xA2,
    0xF4, 0xA2, 0xF4, 0xA2, 0xF4, 0xA2, 0xF4, 0xA2, 0xF4, 0xA2, 0xF4, 0xA2, 0xF4, 0xA2, 0xF4, 0xA2,
    0xF4, 0xA2, 0xF4, 0xA2, 0xF4, 0xA2, 0xF4, 0xA2, 0xF4, 0xA2, 0xF4, 0xA2, 0xF4, 0xA2, 0xF4, 0xA2,
    0xF4, 0xA2, 0xF4, 0xA2, 0xF4, 0xA2, 0xF4, 0xA2, 0xF4, 0xA2, 0xF4, 0xA2, 0xF4, 0xA2, 0xF4, 0xA2,
    0xF4, 0xA2, 0xF4, 0xA2, 0xF4, 0xA2, 0xF4, 0xA2, 0xF4, 0xA2, 0xF4, 0xA2, 0xF4, 0xA2, 0xF4, 0xA2,
    0xF4, 0xA2, 0xF4, 0xA2, 0xF4, 0xA2, 0xF4, 0xA2, 0xF4, 0xA2, 0xF4, 0xA2, 0xF4, 0xA2, 0xF4, 0xA2,
    0xF4, 0xA2, 0xF4, 0xA2, 0xF4, 0xA2, 0xF4, 0xA2, 0xF4, 0xA2, 0xF4, 0xA2, 0xF4, 0xA2, 0xF4, 0xA2,
    0xF4, 0xA2, 0xF4, 0xA2, 0xF4, 0xA2, 0xF4, 0xA2, 0xF4, 0xA2, 0xF4, 0xA2, 0xF4, 0xA2, 0xF4, 0xA2,
    0xF4, 0xA2, 0xF4, 0xA2, 0xF4, 0xA2, 0xF4, 0xA2, 0xF4, 0xA2, 0xF4, 0xA2, 0xF4, 0xA2, 0xF4, 0xA2,
    0xF4, 0xA2, 0xF4, 0xA2, 0xF4, 0xA2, 0xF4, 0xA2, 0xF4, 0xA2, 0xF4, 0xA2, 0xF4, 0xA2, 0xF4, 0xA2,
    0xF4, 0xA2, 0xF4, 0xA2, 0xF4, 0xA2, 0xF4, 0xA2, 0xF4, 0xA2, 0xF4, 0xA2, 0xF4, 0xA2, 0xF4, 0xA2,
    0xF4, 0xA2, 0xF4, 0xA2, 0xF4, 0xA2, 0xF4, 0xA2, 0xF4, 0xA2, 0xF4, 0xA2, 0xF4, 0xA2, 0xF4, 0xA2,
    0xF4, 0xA2, 0xF4, 0xA2, 0xF4, 0xA2, 0xF4, 0xA2, 0xF4, 0xA2, 0xF4, 0xA2, 0xF4, 0xA2, 0xF4, 0xA2,
    0xF4, 0xA2, 0xF4, 0xA2, 0xF4, 0xA2, 0xF4, 0xA2, 0xF4, 0xA2, 0xF4, 0xA2, 0xF4, 0xA2, 0xF4, 0xA2,
    0xF4, 0xA2, 0xF4, 0xA2, 0xF4, 0xA2, 0xF4, 0xA2, 0xF4, 0xA2, 0xF4, 0xA2, 0xF4, 0xA2, 0x14, 0xA3,
    0x14, 0xA3, 0xF4, 0xA2, 0xF7, 0xA3, 0x3D, 0x75, 0x1C, 0x6D, 0xF6, 0x9B, 0xB6, 0xA3, 0xBA, 0x7C,
    0x3D, 0x65, 0xFD, 0x5C, 0xDC, 0x5C, 0xDC, 0x5C, 0xFC, 0x64, 0xDC, 0x5C, 0xBB, 0x54, 0xDB, 0x5C,
    0xFD, 0x9D, 0x3E, 0xDF, 0xFF, 0xFF, 0xFF, 0xFF, 0xFF, 0xFF, 0xFF, 0xFF, 0xFF, 0xFF, 0xFF, 0xFF,
    0xFF, 0xFF, 0xFF, 0xFF, 0xFF, 0xFF, 0xFF, 0xFF, 0xFF, 0xFF, 0xFF, 0xFF, 0xFF, 0xFF, 0xFF, 0xFF,
    0xFF, 0xFF, 0xFF, 0xFF, 0xFF, 0xFF, 0xFF, 0xFF, 0xFF, 0xFF, 0xFF, 0xFF, 0xFF, 0xFF, 0xFF, 0xFF,
    0xFF, 0xFF, 0xFF, 0xFF, 0xFF, 0xFF, 0xFF, 0xFF, 0xFF, 0xFF, 0xFF, 0xFF, 0xFF, 0xFF, 0xFF, 0xFF,
    0xFF, 0xFF, 0xFF, 0xFF, 0xFF, 0xFF, 0xFF, 0xFF, 0xFF, 0xFF, 0xBF, 0xEF, 0xBD, 0x85, 0x9C, 0x85,
    0xDE, 0xC6, 0xFF, 0xFF, 0xFF, 0xFF, 0xFF, 0xFF, 0xFF, 0xFF, 0xFF, 0xFF, 0xFF, 0xFF, 0xFF, 0xFF,
    0xFF, 0xFF, 0xFF, 0xFF, 0xFF, 0xFF, 0xFF, 0xFF, 0xFF, 0xFF, 0xFF, 0xFF, 0xFF, 0xFF, 0xFF, 0xFF,
    0xFF, 0xFF, 0xFF, 0xFF, 0xFF, 0xFF, 0xFF, 0xFF, 0xFF, 0xFF, 0xFF, 0xFF, 0xFF, 0xFF, 0xFF, 0xFF,
    0xFF, 0xFF, 0xFF, 0xFF, 0xFF, 0xFF, 0xFF, 0xFF, 0xFF, 0xFF, 0xFF, 0xFF, 0xFF, 0xFF, 0xFF, 0xFF,
    0xFF, 0xFF, 0xFF, 0xFF, 0xFF, 0xFF, 0xFF, 0xFF, 0xBF, 0xF7, 0xBE, 0xBE, 0x9C, 0x85, 0xDC, 0x5C,
    0x9B, 0x54, 0xDC, 0x5C, 0xFC, 0x64, 0xDC, 0x5C, 0xDC, 0x5C, 0xDC, 0x5C, 0xDC, 0x5C, 0x3C, 0x75,
    0x5B, 0x7D, 0xFC, 0x5C, 0x1D, 0x65, 0x99, 0x94, 0x55, 0xAB, 0xF4, 0xA2, 0x14, 0xA3, 0xF4, 0xA2,
    0xF4, 0xA2, 0xF4, 0xA2, 0xF4, 0xA2, 0xF4, 0xA2, 0xF4, 0xA2, 0xF4, 0xA2, 0xF4, 0xA2, 0xF4, 0xA2,
    0xF4, 0xA2, 0xF4, 0xA2, 0xF4, 0xA2, 0xF4, 0xA2, 0xF4, 0xA2, 0xF4, 0xA2, 0xF4, 0xA2, 0xF4, 0xA2,
    0xF4, 0xA2, 0xF4, 0xA2, 0xF4, 0xA2, 0xF4, 0xA2, 0xF4, 0xA2, 0xF4, 0xA2, 0xF4, 0xA2, 0xF4, 0xA2,
    0xF4, 0xA2, 0xF4, 0xA2, 0xF4, 0xA2, 0xF4, 0xA2, 0xF4, 0xA2, 0xF4, 0xA2, 0xF4, 0xA2, 0xF4, 0xA2,
    0xF4, 0xA2, 0xF4, 0xA2, 0xF4, 0xA2, 0xF4, 0xA2, 0xF4, 0xA2, 0xF4, 0xA2, 0xF4, 0xA2, 0xF4, 0xA2,
    0xF4, 0xA2, 0xF4, 0xA2, 0xF4, 0xA2, 0xF4, 0xA2, 0xF4, 0xA2, 0xF4, 0xA2, 0xF4, 0xA2, 0xF4, 0xA2,
    0xF4, 0xA2, 0xF4, 0xA2, 0xF4, 0xA2, 0xF4, 0xA2, 0xF4, 0xA2, 0xF4, 0xA2, 0xF4, 0xA2, 0xF4, 0xA2,
    0xF4, 0xA2, 0xF4, 0xA2, 0xF4, 0xA2, 0xF4, 0xA2, 0xF4, 0xA2, 0xF4, 0xA2, 0xF4, 0xA2, 0xF4, 0xA2,
    0xF4, 0xA2, 0xF4, 0xA2, 0xF4, 0xA2, 0xF4, 0xA2, 0xF4, 0xA2, 0xF4, 0xA2, 0xF4, 0xA2, 0xF4, 0xA2,
    0xF4, 0xA2, 0xF4, 0xA2, 0xF4, 0xA2, 0xF4, 0xA2, 0xF4, 0xA2, 0xF4, 0xA2, 0xF4, 0xA2, 0xF4, 0xA2,
    0xF4, 0xA2, 0xF4, 0xA2, 0xF4, 0xA2, 0xF4, 0xA2, 0xF4, 0xA2, 0xF4, 0xA2, 0xF4, 0xA2, 0xF4, 0xA2,
    0xF4, 0xA2, 0xF4, 0xA2, 0xF4, 0xA2, 0xF4, 0xA2, 0xF4, 0xA2, 0xF4, 0xA2, 0xF4, 0xA2, 0xF4, 0xA2,
    0xF4, 0xA2, 0xF4, 0xA2, 0xF4, 0xA2, 0xF4, 0xA2, 0xF4, 0xA2, 0xF4, 0xA2, 0xF4, 0xA2, 0xF4, 0xA2,
    0xF4, 0xA2, 0xF4, 0xA2, 0xF4, 0xA2, 0xF4, 0xA2, 0xF4, 0xA2, 0xF4, 0xA2, 0xF4, 0xA2, 0xF4, 0xA2,
    0xF4, 0xA2, 0xF4, 0xA2, 0xF4, 0xA2, 0xF4, 0xA2, 0xF4, 0xA2, 0xF4, 0xA2, 0xF4, 0xA2, 0xF4, 0xA2,
    0xF4, 0xA2, 0xF4, 0xA2, 0xF4, 0xA2, 0xF4, 0xA2, 0xF4, 0xA2, 0xF4, 0xA2, 0xF4, 0xA2, 0xF4, 0xA2,
    0xF4, 0xA2, 0xF4, 0xA2, 0xF4, 0xA2, 0xF4, 0xA2, 0xF4, 0xA2, 0xF4, 0xA2, 0xF4, 0xA2, 0xF4, 0xA2,
    0xF4, 0xA2, 0xF4, 0xA2, 0xF4, 0xA2, 0xF4, 0xA2, 0xF4, 0xA2, 0xF4, 0xA2, 0xF4, 0xA2, 0xF4, 0xA2,
    0xF4, 0xA2, 0xF4, 0xA2, 0xF4, 0xA2, 0xF4, 0xA2, 0xF4, 0xA2, 0xF4, 0xA2, 0xF4, 0xA2, 0xF4, 0xA2,
    0xF4, 0xA2, 0xF4, 0xA2, 0xF4, 0xA2, 0xF4, 0xA2, 0xF4, 0xA2, 0xF4, 0xA2, 0xF4, 0xA2, 0xF4, 0xA2,
    0xF4, 0xA2, 0xF4, 0xA2, 0xF4, 0xA2, 0xF4, 0xA2, 0xF4, 0xA2, 0xF4, 0xA2, 0xF4, 0xA2, 0xF4, 0xA2,
    0xF4, 0xA2, 0xF4, 0xA2, 0xF4, 0xA2, 0xF4, 0xA2, 0xF4, 0xA2, 0xF4, 0xA2, 0xF4, 0xA2, 0xF4, 0xA2,
    0xF4, 0xAA, 0xF4, 0xAA, 0xF4, 0xAA, 0xF4, 0xAA, 0xF4, 0xAA, 0xF4, 0xAA, 0xF4, 0xAA, 0xF4, 0xAA,
    0xF4, 0xAA, 0xF4, 0xAA, 0xF4, 0xAA, 0xF4, 0xAA, 0xF4, 0xAA, 0xF4, 0xAA, 0xF4, 0xAA, 0xF4, 0xAA,
    0xF4, 0xAA, 0xF4, 0xAA, 0xF4, 0xAA, 0xF4, 0xAA, 0xF4, 0xAA, 0xF4, 0xAA, 0xF4, 0xAA, 0xF4, 0xAA,
    0xF4, 0xAA, 0xF4, 0xAA, 0xF4, 0xAA, 0xF4, 0xAA, 0xF4, 0xAA, 0xF4, 0xAA, 0x14, 0xAB, 0xF4, 0xA2,
    0xF4, 0xAA, 0x58, 0x9C, 0xBF, 0x75, 0xBA, 0x8C, 0xF5, 0xB3, 0x18, 0x8C, 0x3D, 0x65, 0x1D, 0x65,
    0xDB, 0x64, 0xDC, 0x5C, 0xDC, 0x5C, 0xFC, 0x64, 0xBB, 0x54, 0xDC, 0x5C, 0xFD, 0x9D, 0x7E, 0xE7,
    0xFF, 0xFF, 0xFF, 0xFF, 0xFF, 0xFF, 0xFF, 0xFF, 0xFF, 0xFF, 0xFF, 0xFF, 0xFF, 0xFF, 0xFF, 0xFF,
    0xFF, 0xFF, 0xFF, 0xFF, 0xFF, 0xFF, 0xFF, 0xFF, 0xFF, 0xFF, 0xFF, 0xFF, 0xFF, 0xFF, 0xFF, 0xFF,
    0xFF, 0xFF, 0xFF, 0xFF, 0xFF, 0xFF, 0xFF, 0xFF, 0xFF, 0xFF, 0xFF, 0xFF, 0xFF, 0xFF, 0xFF, 0xFF,
    0xFF, 0xFF, 0xFF, 0xFF, 0xFF, 0xFF, 0xFF, 0xFF, 0xFF, 0xFF, 0xFF, 0xFF, 0xFF, 0xFF, 0xFF, 0xFF,
    0xFF, 0xFF, 0xFF, 0xFF, 0xFF, 0xFF, 0xFF, 0xFF, 0xFF, 0xFF, 0xFF, 0xFF, 0xFF, 0xFF, 0xFF, 0xFF,
    0xFF, 0xFF, 0xFF, 0xFF, 0xFF, 0xFF, 0xFF, 0xFF, 0xFF, 0xFF, 0xFF, 0xFF, 0xFF, 0xFF, 0xFF, 0xFF,
    0xFF, 0xFF, 0xFF, 0xFF, 0xFF, 0xFF, 0xFF, 0xFF, 0xFF, 0xFF, 0xFF, 0xFF, 0xFF, 0xFF, 0xFF, 0xFF,
    0xFF, 0xFF, 0xFF, 0xFF, 0xFF, 0xFF, 0xFF, 0xFF, 0xFF, 0xFF, 0xFF, 0xFF, 0xFF, 0xFF, 0xFF, 0xFF,
    0xFF, 0xFF, 0xFF, 0xFF, 0xFF, 0xFF, 0xFF, 0xFF, 0xFF, 0xFF, 0xFF, 0xFF, 0xFF, 0xFF, 0xFF, 0xFF,
    0xFF, 0xFF, 0xFF, 0xFF, 0xFF, 0xFF, 0xFF, 0xFF, 0xFF, 0xFF, 0xFF, 0xFF, 0xFF, 0xFF, 0x5E, 0xDF,
    0xFD, 0x9D, 0xFC, 0x64, 0x9B, 0x54, 0xDC, 0x5C, 0xFC, 0x64, 0xDC, 0x5C, 0xDC, 0x5C, 0xDC, 0x5C,
    0xDB, 0x64, 0x3A, 0x85, 0x3A, 0x7D, 0x3E, 0x5D, 0x1C, 0x75, 0x17, 0xA4, 0xF4, 0xAA, 0xF4, 0xAA,
    0x14, 0xAB, 0xF4, 0xAA, 0xF4, 0xAA, 0xF4, 0xAA, 0xF4, 0xAA, 0xF4, 0xAA, 0xF4, 0xAA, 0xF4, 0xAA,
    0xF4, 0xAA, 0xF4, 0xAA, 0xF4, 0xAA, 0xF4, 0xAA, 0xF4, 0xAA, 0xF4, 0xAA, 0xF4, 0xAA, 0xF4, 0xAA,
    0xF4, 0xAA, 0xF4, 0xAA, 0xF4, 0xAA, 0xF4, 0xAA, 0xF4, 0xAA, 0xF4, 0xAA, 0xF4, 0xAA, 0xF4, 0xAA,
    0xF4, 0xAA, 0xF4, 0xAA, 0xF4, 0xAA, 0xF4, 0xAA, 0xF4, 0xAA, 0xF4, 0xAA, 0xF4, 0xAA, 0xF4, 0xAA,
    0xF4, 0xAA, 0xF4, 0xAA, 0xF4, 0xAA, 0xF4, 0xAA, 0xF4, 0xAA, 0xF4, 0xAA, 0xF4, 0xAA, 0xF4, 0xAA,
    0xF4, 0xAA, 0xF4, 0xAA, 0xF4, 0xAA, 0xF4, 0xAA, 0xF4, 0xAA, 0xF4, 0xAA, 0xF4, 0xAA, 0xF4, 0xAA,
    0xF4, 0xAA, 0xF4, 0xAA, 0xF4, 0xAA, 0xF4, 0xAA, 0xF4, 0xAA, 0xF4, 0xAA, 0xF4, 0xAA, 0xF4, 0xAA,
    0xF4, 0xAA, 0xF4, 0xAA, 0xF4, 0xAA, 0xF4, 0xAA, 0xF4, 0xAA, 0xF4, 0xAA, 0xF4, 0xAA, 0xF4, 0xAA,
    0xF4, 0xAA, 0xF4, 0xAA, 0xF4, 0xAA, 0xF4, 0xAA, 0xF4, 0xAA, 0xF4, 0xAA, 0xF4, 0xAA, 0xF4, 0xAA,
    0xF4, 0xAA, 0xF4, 0xAA, 0xF4, 0xAA, 0xF4, 0xAA, 0xF4, 0xAA, 0xF4, 0xAA, 0xF4, 0xAA, 0xF4, 0xAA,
    0xF4, 0xAA, 0xF4, 0xAA, 0xF4, 0xAA, 0xF4, 0xAA, 0xF4, 0xAA, 0xF4, 0xAA, 0xF4, 0xAA, 0xF4, 0xAA,
    0xF4, 0xAA, 0xF4, 0xAA, 0xF4, 0xAA, 0xF4, 0xAA, 0xF4, 0xAA, 0xF4, 0xAA, 0xF4, 0xAA, 0xF4, 0xAA,
    0xF4, 0xAA, 0xF4, 0xAA, 0xF4, 0xAA, 0xF4, 0xAA, 0xF4, 0xAA, 0xF4, 0xAA, 0xF4, 0xAA, 0xF4, 0xAA,
    0xF4, 0xAA, 0xF4, 0xAA, 0xF4, 0xAA, 0xF4, 0xAA, 0xF4, 0xAA, 0xF4, 0xAA, 0xF4, 0xAA, 0xF4, 0xAA,
    0xF4, 0xAA, 0xF4, 0xAA, 0xF4, 0xAA, 0xF4, 0xAA, 0xF4, 0xAA, 0xF4, 0xAA, 0xF4, 0xAA, 0xF4, 0xAA,
    0xF4, 0xAA, 0xF4, 0xAA, 0xF4, 0xAA, 0xF4, 0xAA, 0xF4, 0xAA, 0xF4, 0xAA, 0xF4, 0xAA, 0xF4, 0xAA,
    0xF4, 0xAA, 0xF4, 0xAA, 0xF4, 0xAA, 0xF4, 0xAA, 0xF4, 0xAA, 0xF4, 0xAA, 0xF4, 0xAA, 0xF4, 0xAA,
    0xF4, 0xAA, 0xF4, 0xAA, 0xF4, 0xAA, 0xF4, 0xAA, 0xF4, 0xAA, 0xF4, 0xAA, 0xF4, 0xAA, 0xF4, 0xAA,
    0xF4, 0xAA, 0xF4, 0xAA, 0xF4, 0xAA, 0xF4, 0xAA, 0xF4, 0xAA, 0xF4, 0xAA, 0xF4, 0xAA, 0xF4, 0xAA,
    0xF4, 0xAA, 0xF4, 0xAA, 0xF4, 0xAA, 0xF4, 0xAA, 0xF4, 0xAA, 0xF4, 0xAA, 0xF4, 0xAA, 0xF4, 0xAA,
    0xF4, 0xAA, 0xF4, 0xAA, 0xF4, 0xAA, 0xF4, 0xAA, 0xF4, 0xAA, 0xF4, 0xAA, 0xF4, 0xAA, 0xF4, 0xAA,
    0xF4, 0xAA, 0xF4, 0xAA, 0xF4, 0xAA, 0xF4, 0xAA, 0xF4, 0xAA, 0xF4, 0xAA, 0xF4, 0xAA, 0xF4, 0xAA,
    0xF4, 0xAA, 0xF4, 0xAA, 0xF4, 0xAA, 0xF4, 0xAA, 0xF4, 0xAA, 0xF4, 0xAA, 0xF4, 0xAA, 0xF4, 0xAA,
    0xF4, 0xAA, 0xF4, 0xAA, 0xF4, 0xAA, 0xF4, 0xAA, 0xF4, 0xAA, 0xF4, 0xAA, 0xF4, 0xAA, 0xF4, 0xAA,
    0xF4, 0xAA, 0xF4, 0xAA, 0xF4, 0xAA, 0xF4, 0xAA, 0xF4, 0xAA, 0xF4, 0xAA, 0xF4, 0xAA, 0xF4, 0xAA,
    0xF4, 0xAA, 0xF4, 0xAA, 0xF4, 0xAA, 0xF4, 0xAA, 0xF4, 0xAA, 0x14, 0xAB, 0xF4, 0xA2, 0x14, 0xAB,
    0x99, 0x94, 0x5E, 0x6D, 0x58, 0x9C, 0xD6, 0xA3, 0xFB, 0x6C, 0x3E, 0x65, 0xDC, 0x5C, 0xDC, 0x5C,
    0xDC, 0x5C, 0xDC, 0x64, 0xDC, 0x5C, 0xBB, 0x54, 0x9C, 0x85, 0x5F, 0xDF, 0xFF, 0xFF, 0xFF, 0xFF,
    0xFF, 0xFF, 0xFF, 0xFF, 0xFF, 0xFF, 0xFF, 0xFF, 0xFF, 0xFF, 0xFF, 0xFF, 0xFF, 0xFF, 0xFF, 0xFF,
    0xFF, 0xFF, 0xFF, 0xFF, 0xFF, 0xFF, 0xFF, 0xFF, 0xFF, 0xFF, 0xFF, 0xFF, 0xFF, 0xFF, 0xFF, 0xFF,
    0xFF, 0xFF, 0xFF, 0xFF, 0xFF, 0xFF, 0xFF, 0xFF, 0xFF, 0xFF, 0xFF, 0xFF, 0xFF, 0xFF, 0xFF, 0xFF,
    0xFF, 0xFF, 0xFF, 0xFF, 0xFF, 0xFF, 0xFF, 0xFF, 0xFF, 0xFF, 0xFF, 0xFF, 0xFF, 0xFF, 0xFF, 0xFF,
    0xFF, 0xFF, 0xFF, 0xFF, 0xFF, 0xFF, 0xFF, 0xFF, 0xFF, 0xFF, 0xFF, 0xFF, 0xFF, 0xFF, 0xFF, 0xFF,
    0xFF, 0xFF, 0xFF, 0xFF, 0xFF, 0xFF, 0xFF, 0xFF, 0xFF, 0xFF, 0xFF, 0xFF, 0xFF, 0xFF, 0xFF, 0xFF,
    0xFF, 0xFF, 0xFF, 0xFF, 0xFF, 0xFF, 0xFF, 0xFF, 0xFF, 0xFF, 0xFF, 0xFF, 0xFF, 0xFF, 0xFF, 0xFF,
    0xFF, 0xFF, 0xFF, 0xFF, 0xFF, 0xFF, 0xFF, 0xFF, 0xFF, 0xFF, 0xFF, 0xFF, 0xFF, 0xFF, 0xFF, 0xFF,
    0xFF, 0xFF, 0xFF, 0xFF, 0xFF, 0xFF, 0xFF, 0xFF, 0xFF, 0xFF, 0xFF, 0xFF, 0xFF, 0xFF, 0xFF, 0xFF,
    0xFF, 0xFF, 0xFF, 0xFF, 0xFF, 0xFF, 0xFF, 0xFF, 0xFF, 0xFF, 0xFF, 0xFF, 0xFF, 0xFF, 0xFF, 0xFF,
    0xFF, 0xFF, 0x9F, 0xEF, 0x5D, 0xAE, 0x1C, 0x65, 0xBB, 0x54, 0xDC, 0x5C, 0xFC, 0x64, 0xDC, 0x5C,
    0xDC, 0x5C, 0xFD, 0x64, 0xFB, 0x7C, 0xDA, 0x94, 0xFC, 0x64, 0x9F, 0x6D, 0x58, 0x8C, 0x75, 0xAB,
    0xF4, 0xAA, 0x14, 0xA3, 0xF4, 0xA2, 0xF4, 0xAA, 0xF4, 0xAA, 0xF4, 0xAA, 0xF4, 0xAA, 0xF4, 0xAA,
    0xF4, 0xAA, 0xF4, 0xAA, 0xF4, 0xAA, 0xF4, 0xAA, 0xF4, 0xAA, 0xF4, 0xAA, 0xF4, 0xAA, 0xF4, 0xAA,
    0xF4, 0xAA, 0xF4, 0xAA, 0xF4, 0xAA, 0xF4, 0xAA, 0xF4, 0xAA, 0xF4, 0xAA, 0xF4, 0xAA, 0xF4, 0xAA,
    0xF4, 0xAA, 0xF4, 0xAA, 0xF4, 0xAA, 0xF4, 0xAA, 0xF4, 0xAA, 0xF4, 0xAA, 0xF4, 0xAA, 0xF4, 0xAA,
    0xF4, 0xAA, 0xF4, 0xAA, 0xF4, 0xAA, 0xF4, 0xAA, 0xF4, 0xAA, 0xF4, 0xAA, 0xF4, 0xAA, 0xF4, 0xAA,
    0xF4, 0xAA, 0xF4, 0xAA, 0xF4, 0xAA, 0xF4, 0xAA, 0xF4, 0xAA, 0xF4, 0xAA, 0xF4, 0xAA, 0xF4, 0xAA,
    0xF4, 0xAA, 0xF4, 0xAA, 0xF4, 0xAA, 0xF4, 0xAA, 0xF4, 0xAA, 0xF4, 0xAA, 0xF4, 0xAA, 0xF4, 0xAA,
    0xF4, 0xAA, 0xF4, 0xAA, 0xF4, 0xAA, 0xF4, 0xAA, 0xF4, 0xAA, 0xF4, 0xAA, 0xF4, 0xAA, 0xF4, 0xAA,
    0xF4, 0xAA, 0xF4, 0xAA, 0xF4, 0xAA, 0xF4, 0xAA, 0xF4, 0xAA, 0xF4, 0xAA, 0xF4, 0xAA, 0xF4, 0xAA,
    0xF4, 0xAA, 0xF4, 0xAA, 0xF4, 0xAA, 0xF4, 0xAA, 0xF4, 0xAA, 0xF4, 0xAA, 0xF4, 0xAA, 0xF4, 0xAA,
    0xF4, 0xAA, 0xF4, 0xAA, 0xF4, 0xAA, 0xF4, 0xAA, 0xF4, 0xAA, 0xF4, 0xAA, 0xF4, 0xAA, 0xF4, 0xAA,
    0xF4, 0xAA, 0xF4, 0xAA, 0xF4, 0xAA, 0xF4, 0xAA, 0xF4, 0xAA, 0xF4, 0xAA, 0xF4, 0xAA, 0xF4, 0xAA,
    0xF4, 0xAA, 0xF4, 0xAA, 0xF4, 0xAA, 0xF4, 0xAA, 0xF4, 0xAA, 0xF4, 0xAA, 0xF4, 0xAA, 0xF4, 0xAA,
    0xF4, 0xAA, 0xF4, 0xAA, 0xF4, 0xAA, 0xF4, 0xAA, 0xF4, 0xAA, 0xF4, 0xAA, 0xF4, 0xAA, 0xF4, 0xAA,
    0xF4, 0xAA, 0xF4, 0xAA, 0xF4, 0xAA, 0xF4, 0xAA, 0xF4, 0xAA, 0xF4, 0xAA, 0xF4, 0xAA, 0xF4, 0xAA,
    0xF4, 0xAA, 0xF4, 0xAA, 0xF4, 0xAA, 0xF4, 0xAA, 0xF4, 0xAA, 0xF4, 0xAA, 0xF4, 0xAA, 0xF4, 0xAA,
    0xF4, 0xAA, 0xF4, 0xAA, 0xF4, 0xAA, 0xF4, 0xAA, 0xF4, 0xAA, 0xF4, 0xAA, 0xF4, 0xAA, 0xF4, 0xAA,
    0xF4, 0xAA, 0xF4, 0xAA, 0xF4, 0xAA, 0xF4, 0xAA, 0xF4, 0xAA, 0xF4, 0xAA, 0xF4, 0xAA, 0xF4, 0xAA,
    0xF4, 0xAA, 0xF4, 0xAA, 0xF4, 0xAA, 0xF4, 0xAA, 0xF4, 0xAA, 0xF4, 0xAA, 0xF4, 0xAA, 0xF4, 0xAA,
    0xF4, 0xAA, 0xF4, 0xAA, 0xF4, 0xAA, 0xF4, 0xAA, 0xF4, 0xAA, 0xF4, 0xAA, 0xF4, 0xAA, 0xF4, 0xAA,
    0xF4, 0xAA, 0xF4, 0xAA, 0xF4, 0xAA, 0xF4, 0xAA, 0xF4, 0xAA, 0xF4, 0xAA, 0xF4, 0xAA, 0xF4, 0xAA,
    0xF4, 0xAA, 0xF4, 0xAA, 0xF4, 0xAA, 0xF4, 0xAA, 0xF4, 0xAA, 0xF4, 0xAA, 0xF4, 0xAA, 0xF4, 0xAA,
    0xF4, 0xAA, 0xF4, 0xAA, 0xF4, 0xAA, 0xF4, 0xAA, 0xF4, 0xAA, 0xF4, 0xAA, 0xF4, 0xAA, 0xF4, 0xAA,
    0xF4, 0xAA, 0xF4, 0xAA, 0xF4, 0xAA, 0xF4, 0xAA, 0xF4, 0xAA, 0xF4, 0xAA, 0xF4, 0xAA, 0xF4, 0xAA,
    0xF4, 0xAA, 0xF4, 0xAA, 0xF4, 0xAA, 0xF4, 0xAA, 0xF4, 0xAA, 0xF4, 0xAA, 0xF4, 0xAA, 0xF4, 0xAA,
    0xF4, 0xAA, 0xF4, 0xAA, 0xF4, 0xAA, 0xF4, 0xAA, 0x14, 0xAB, 0x14, 0xA3, 0xF4, 0xAA, 0x99, 0x94,
    0x5E, 0x6D, 0x37, 0xA4, 0x79, 0x9C, 0x7E, 0x75, 0x1C, 0x65, 0xDB, 0x64, 0xDC, 0x5C, 0xDC, 0x64,
    0xFC, 0x64, 0xBC, 0x54, 0x1B, 0x6D, 0xDE, 0xC6, 0xFF, 0xFF, 0xFF, 0xFF, 0xFF, 0xFF, 0xFF, 0xFF,
    0xFF, 0xFF, 0xFF, 0xFF, 0xFF, 0xFF, 0xFF, 0xFF, 0xFF, 0xFF, 0xFF, 0xFF, 0xFF, 0xFF, 0xFF, 0xFF,
    0xFF, 0xFF, 0xFF, 0xFF, 0xFF, 0xFF, 0xFF, 0xFF, 0xFF, 0xFF, 0xFF, 0xFF, 0xFF, 0xFF, 0xFF, 0xFF,
    0xFF, 0xFF, 0xFF, 0xFF, 0xFF, 0xFF, 0xFF, 0xFF, 0xFF, 0xFF, 0xFF, 0xFF, 0xFF, 0xFF, 0xFF, 0xFF,
    0xFF, 0xFF, 0xFF, 0xFF, 0xFF, 0xFF, 0xFF, 0xFF, 0xFF, 0xFF, 0xFF, 0xFF, 0xFF, 0xFF, 0xFF, 0xFF,
    0xFF, 0xFF, 0xFF, 0xFF, 0xFF, 0xFF, 0xFF, 0xFF, 0xFF, 0xFF, 0xFF, 0xFF, 0xFF, 0xFF, 0xFF, 0xFF,
    0xFF, 0xFF, 0xFF, 0xFF, 0xFF, 0xFF, 0xFF, 0xFF, 0xFF, 0xFF, 0xFF, 0xFF, 0xFF, 0xFF, 0xFF, 0xFF,
    0xFF, 0xFF, 0xFF, 0xFF, 0xFF, 0xFF, 0xFF, 0xFF, 0xFF, 0xFF, 0xFF, 0xFF, 0xFF, 0xFF, 0xFF, 0xFF,
    0xFF, 0xFF, 0xFF, 0xFF, 0xFF, 0xFF, 0xFF, 0xFF, 0xFF, 0xFF, 0xFF, 0xFF, 0xFF, 0xFF, 0xFF, 0xFF,
    0xFF, 0xFF, 0xFF, 0xFF, 0xFF, 0xFF, 0xFF, 0xFF, 0xFF, 0xFF, 0xFF, 0xFF, 0xFF, 0xFF, 0xFF, 0xFF,
    0xFF, 0xFF, 0xFF, 0xFF, 0xFF, 0xFF, 0xFF, 0xFF, 0xFF, 0xFF, 0xFF, 0xFF, 0xFF, 0xFF, 0xFF, 0xFF,
    0xFF, 0xFF, 0xFF, 0xFF, 0xFF, 0xFF, 0xBF, 0xF7, 0x5D, 0xAE, 0xFC, 0x64, 0x9B, 0x54, 0xDC, 0x5C,
    0xFC, 0x64, 0xDC, 0x5C, 0xFD, 0x5C, 0xFC, 0x6C, 0x58, 0x94, 0x7A, 0x84, 0x9F, 0x65, 0x1C, 0x75,
    0x17, 0xA4, 0xF4, 0xAA, 0xF4, 0xA2, 0xF4, 0xAA, 0xF4, 0xAA, 0xF4, 0xAA, 0xF4, 0xAA, 0xF4, 0xAA,
    0xF4, 0xAA, 0xF4, 0xAA, 0xF4, 0xAA, 0xF4, 0xAA, 0xF4, 0xAA, 0xF4, 0xAA, 0xF4, 0xAA, 0xF4, 0xAA,
    0xF4, 0xAA, 0xF4, 0xAA, 0xF4, 0xAA, 0xF4, 0xAA, 0xF4, 0xAA, 0xF4, 0xAA, 0xF4, 0xAA, 0xF4, 0xAA,
    0xF4, 0xAA, 0xF4, 0xAA, 0xF4, 0xAA, 0xF4, 0xAA, 0xF4, 0xAA, 0xF4, 0xAA, 0xF4, 0xAA, 0xF4, 0xAA,
    0xF4, 0xAA, 0xF4, 0xAA, 0xF4, 0xAA, 0xF4, 0xAA, 0xF4, 0xAA, 0xF4, 0xAA, 0xF4, 0xAA, 0xF4, 0xAA,
    0xF4, 0xAA, 0xF4, 0xAA, 0xF4, 0xAA, 0xF4, 0xAA, 0xF4, 0xAA, 0xF4, 0xAA, 0xF4, 0xAA, 0xF4, 0xAA,
    0xF4, 0xAA, 0xF4, 0xAA, 0xF4, 0xAA, 0xF4, 0xAA, 0xF4, 0xAA, 0xF4, 0xAA, 0xF4, 0xAA, 0xF4, 0xAA,
    0xF4, 0xAA, 0xF4, 0xAA, 0xF4, 0xAA, 0xF4, 0xAA, 0xF4, 0xAA, 0xF4, 0xAA, 0xF4, 0xAA, 0xF4, 0xAA,
    0xF4, 0xAA, 0xF4, 0xAA, 0xF4, 0xAA, 0xF4, 0xAA, 0xF4, 0xAA, 0xF4, 0xAA, 0xF4, 0xAA, 0xF4, 0xAA,
    0xF4, 0xAA, 0xF4, 0xAA, 0xF4, 0xAA, 0xF4, 0xAA, 0xF4, 0xAA, 0xF4, 0xAA, 0xF4, 0xAA, 0xF4, 0xAA,
    0xF4, 0xAA, 0xF4, 0xAA, 0xF4, 0xAA, 0xF4, 0xAA, 0xF4, 0xAA, 0xF4, 0xAA, 0xF4, 0xAA, 0xF4, 0xAA,
    0xF4, 0xAA, 0xF4, 0xAA, 0xF4, 0xAA, 0xF4, 0xAA, 0xF4, 0xAA, 0xF4, 0xAA, 0xF4, 0xAA, 0xF4, 0xAA,
    0xF4, 0xAA, 0xF4, 0xAA, 0xF4, 0xAA, 0xF4, 0xAA, 0xF4, 0xAA, 0xF4, 0xAA, 0xF4, 0xAA, 0xF4, 0xAA,
    0xF4, 0xAA, 0xF4, 0xAA, 0xF4, 0xAA, 0xF4, 0xAA, 0xF4, 0xAA, 0xF4, 0xAA, 0xF4, 0xAA, 0xF4, 0xAA,
    0xF4, 0xAA, 0xF4, 0xAA, 0xF4, 0xAA, 0xF4, 0xAA, 0xF4, 0xAA, 0xF4, 0xAA, 0xF4, 0xAA, 0xF4, 0xAA,
    0xF4, 0xAA, 0xF4, 0xAA, 0xF4, 0xAA, 0xF4, 0xAA, 0xF4, 0xAA, 0xF4, 0xAA, 0xF4, 0xAA, 0xF4, 0xAA,
    0xF4, 0xAA, 0xF4, 0xAA, 0xF4, 0xAA, 0xF4, 0xAA, 0xF4, 0xAA, 0xF4, 0xAA, 0xF4, 0xAA, 0xF4, 0xAA,
    0xF4, 0xAA, 0xF4, 0xAA, 0xF4, 0xAA, 0xF4, 0xAA, 0xF4, 0xAA, 0xF4, 0xAA, 0xF4, 0xAA, 0xF4, 0xAA,
    0xF4, 0xAA, 0xF4, 0xAA, 0xF4, 0xAA, 0xF4, 0xAA, 0xF4, 0xAA, 0xF4, 0xAA, 0xF4, 0xAA, 0xF4, 0xAA,
    0xF4, 0xAA, 0xF4, 0xAA, 0xF4, 0xAA, 0xF4, 0xAA, 0xF4, 0xAA, 0xF4, 0xAA, 0xF4, 0xAA, 0xF4, 0xAA,
    0xF4, 0xAA, 0xF4, 0xAA, 0xF4, 0xAA, 0xF4, 0xAA, 0xF4, 0xAA, 0xF4, 0xAA, 0xF4, 0xAA, 0xF4, 0xAA,
    0xF4, 0xAA, 0xF4, 0xAA, 0xF4, 0xAA, 0xF4, 0xAA, 0xF4, 0xAA, 0xF4, 0xAA, 0xF4, 0xAA, 0xF4, 0xAA,
    0xF4, 0xAA, 0xF4, 0xAA, 0xF4, 0xAA, 0xF4, 0xAA, 0xF4, 0xAA, 0xF4, 0xAA, 0xF4, 0xAA, 0xF4, 0xAA,
    0xF4, 0xAA, 0xF4, 0xAA, 0xF4, 0xAA, 0xF4, 0xAA, 0xF4, 0xAA, 0xF4, 0xAA, 0xF4, 0xAA, 0xF4, 0xAA,
    0xF4, 0xAA, 0xF4, 0xAA, 0xF4, 0xAA, 0xF4, 0xAA, 0xF4, 0xAA, 0xF4, 0xAA, 0xF4, 0xAA, 0xF4, 0xAA,
    0xF4, 0xAA, 0xF4, 0xAA, 0xF4, 0xAA, 0xF4, 0xAA, 0x14, 0xA3, 0xF4, 0xAA, 0x79, 0x94, 0x5D, 0x6D,
    0x99, 0xA4, 0x1A, 0x95, 0xDF, 0x7D, 0x5C, 0x7D, 0x7C, 0x7D, 0x5C, 0x75, 0x3C, 0x6D, 0xFC, 0x5C,
    0xBC, 0x54, 0xDC, 0x8D, 0xBF, 0xEF, 0xFF, 0xFF, 0xFF, 0xFF, 0xFF, 0xFF, 0xFF, 0xFF, 0xFF, 0xFF,
    0xFF, 0xFF, 0xFF, 0xFF, 0xFF, 0xFF, 0xFF, 0xFF, 0xFF, 0xFF, 0xFF, 0xFF, 0xFF, 0xFF, 0xFF, 0xFF,
    0xFF, 0xFF, 0xFF, 0xFF, 0xFF, 0xFF, 0xFF, 0xFF, 0xFF, 0xFF, 0xFF, 0xFF, 0xFF, 0xFF, 0xFF, 0xFF,
    0xFF, 0xFF, 0xFF, 0xFF, 0xFF, 0xFF, 0xFF, 0xFF, 0xFF, 0xFF, 0xFF, 0xFF, 0xFF, 0xFF, 0xFF, 0xFF,
    0xFF, 0xFF, 0xFF, 0xFF, 0xFF, 0xFF, 0xFF, 0xFF, 0xFF, 0xFF, 0xFF, 0xFF, 0xFF, 0xFF, 0xFF, 0xFF,
    0xFF, 0xFF, 0xFF, 0xFF, 0xFF, 0xFF, 0xFF, 0xFF, 0xFF, 0xFF, 0xFF, 0xFF, 0xFF, 0xFF, 0xFF, 0xFF,
    0xFF, 0xFF, 0xFF, 0xFF, 0xFF, 0xFF, 0xFF, 0xFF, 0xFF, 0xFF, 0xFF, 0xFF, 0xFF, 0xFF, 0xFF, 0xFF,
    0xFF, 0xFF, 0xFF, 0xFF, 0xFF, 0xFF, 0xFF, 0xFF, 0xFF, 0xFF, 0xFF, 0xFF, 0xFF, 0xFF, 0xFF, 0xFF,
    0xFF, 0xFF, 0xFF, 0xFF, 0xFF, 0xFF, 0xFF, 0xFF, 0xFF, 0xFF, 0xFF, 0xFF, 0xFF, 0xFF, 0xFF, 0xFF,
    0xFF, 0xFF, 0xFF, 0xFF, 0xFF, 0xFF, 0xFF, 0xFF, 0xFF, 0xFF, 0xFF, 0xFF, 0xFF, 0xFF, 0xFF, 0xFF,
    0xFF, 0xFF, 0xFF, 0xFF, 0xFF, 0xFF, 0xFF, 0xFF, 0xFF, 0xFF, 0xFF, 0xFF, 0xFF, 0xFF, 0xFF, 0xFF,
    0xFF, 0xFF, 0xFF, 0xFF, 0xFF, 0xFF, 0xFF, 0xFF, 0xFF, 0xFF, 0xBF, 0xEF, 0x3D, 0xA6, 0xFC, 0x64,
    0x9C, 0x54, 0xDC, 0x5C, 0xDC, 0x64, 0xFC, 0x5C, 0x1C, 0x65, 0x58, 0x9C, 0x37, 0xA4, 0x1D, 0x65,
    0x9F, 0x75, 0x98, 0xA4, 0x14, 0xAB, 0xF4, 0xAA, 0x14, 0xAB, 0xF4, 0xAA, 0xF4, 0xAA, 0xF4, 0xAA,
    0xF4, 0xAA, 0xF4, 0xAA, 0xF4, 0xAA, 0xF4, 0xAA, 0xF4, 0xAA, 0xF4, 0xAA, 0xF4, 0xAA, 0xF4, 0xAA,
    0xF4, 0xAA, 0xF4, 0xAA, 0xF4, 0xAA, 0xF4, 0xAA, 0xF4, 0xAA, 0xF4, 0xAA, 0xF4, 0xAA, 0xF4, 0xAA,
    0xF4, 0xAA, 0xF4, 0xAA, 0xF4, 0xAA, 0xF4, 0xAA, 0xF4, 0xAA, 0xF4, 0xAA, 0xF4, 0xAA, 0xF4, 0xAA,
    0xF4, 0xAA, 0xF4, 0xAA, 0xF4, 0xAA, 0xF4, 0xAA, 0xF4, 0xAA, 0xF4, 0xAA, 0xF4, 0xAA, 0xF4, 0xAA,
    0xF4, 0xAA, 0xF4, 0xAA, 0xF4, 0xAA, 0xF4, 0xAA, 0xF4, 0xAA, 0xF4, 0xAA, 0xF4, 0xAA, 0xF4, 0xAA,
    0xF4, 0xAA, 0xF4, 0xAA, 0xF4, 0xAA, 0xF4, 0xAA, 0xF4, 0xAA, 0xF4, 0xAA, 0xF4, 0xAA, 0xF4, 0xAA,
    0xF4, 0xAA, 0xF4, 0xAA, 0xF4, 0xAA, 0xF4, 0xAA, 0xF4, 0xAA, 0xF4, 0xAA, 0xF4, 0xAA, 0xF4, 0xAA,
    0xF4, 0xAA, 0xF4, 0xAA, 0xF4, 0xAA, 0xF4, 0xAA, 0xF4, 0xAA, 0xF4, 0xAA, 0xF4, 0xAA, 0xF4, 0xAA,
    0xF4, 0xAA, 0xF4, 0xAA, 0xF4, 0xAA, 0xF4, 0xAA, 0xF4, 0xAA, 0xF4, 0xAA, 0xF4, 0xAA, 0xF4, 0xAA,
    0xF4, 0xAA, 0xF4, 0xAA, 0xF4, 0xAA, 0xF4, 0xAA, 0xF4, 0xAA, 0xF4, 0xAA, 0xF4, 0xAA, 0xF4, 0xAA,
    0xF4, 0xAA, 0xF4, 0xAA, 0xF4, 0xAA, 0xF4, 0xAA, 0xF4, 0xAA, 0xF4, 0xAA, 0xF4, 0xAA, 0xF4, 0xAA,
    0xF4, 0xAA, 0xF4, 0xAA, 0xF4, 0xAA, 0xF4, 0xAA, 0xF4, 0xAA, 0xF4, 0xAA, 0xF4, 0xAA, 0xF4, 0xAA,
    0xF4, 0xAA, 0xF4, 0xAA, 0xF4, 0xAA, 0xF4, 0xAA, 0xF4, 0xAA, 0xF4, 0xAA, 0xF4, 0xAA, 0xF4, 0xAA,
    0xF4, 0xAA, 0xF4, 0xAA, 0xF4, 0xAA, 0xF4, 0xAA, 0xF4, 0xAA, 0xF4, 0xAA, 0xF4, 0xAA, 0xF4, 0xAA,
    0xF4, 0xAA, 0xF4, 0xAA, 0xF4, 0xAA, 0xF4, 0xAA, 0xF4, 0xAA, 0xF4, 0xAA, 0xF4, 0xAA, 0xF4, 0xAA,
    0xF4, 0xAA, 0xF4, 0xAA, 0xF4, 0xAA, 0xF4, 0xAA, 0xF4, 0xAA, 0xF4, 0xAA, 0xF4, 0xAA, 0xF4, 0xAA,
    0xF4, 0xAA, 0xF4, 0xAA, 0xF4, 0xAA, 0xF4, 0xAA, 0xF4, 0xAA, 0xF4, 0xAA, 0xF4, 0xAA, 0xF4, 0xAA,
    0xF4, 0xAA, 0xF4, 0xAA, 0xF4, 0xAA, 0xF4, 0xAA, 0xF4, 0xAA, 0xF4, 0xAA, 0xF4, 0xAA, 0xF4, 0xAA,
    0xF4, 0xAA, 0xF4, 0xAA, 0xF4, 0xAA, 0xF4, 0xAA, 0xF4, 0xAA, 0xF4, 0xAA, 0xF4, 0xAA, 0xF4, 0xAA,
    0xF4, 0xAA, 0xF4, 0xAA, 0xF4, 0xAA, 0xF4, 0xAA, 0xF4, 0xAA, 0xF4, 0xAA, 0xF4, 0xAA, 0xF4, 0xAA,
    0xF4, 0xAA, 0xF4, 0xAA, 0xF4, 0xAA, 0xF4, 0xAA, 0xF4, 0xAA, 0xF4, 0xAA, 0xF4, 0xAA, 0xF4, 0xAA,
    0x14, 0xAB, 0x14, 0xAB, 0x14, 0xAB, 0x14, 0xAB, 0x14, 0xAB, 0x14, 0xAB, 0x14, 0xAB, 0x14, 0xAB,
    0x14, 0xAB, 0x14, 0xAB, 0x14, 0xAB, 0x14, 0xAB, 0x14, 0xAB, 0x14, 0xAB, 0x14, 0xAB, 0x14, 0xAB,
    0x14, 0xAB, 0x14, 0xAB, 0x14, 0xAB, 0x14, 0xAB, 0x14, 0xAB, 0x14, 0xAB, 0x14, 0xAB, 0x14, 0xAB,
    0x14, 0xAB, 0x14, 0xAB, 0x14, 0xAB, 0x14, 0xA3, 0x14, 0xAB, 0x79, 0x94, 0x7E, 0x75, 0xD9, 0x9C,
    0x3C, 0x85, 0x3E, 0x6D, 0xDB, 0x64, 0x1C, 0x65, 0x3C, 0x75, 0x7C, 0x7D, 0x5C, 0x75, 0x3C, 0x6D,
    0x9D, 0xB6, 0xFF, 0xFF, 0xFF, 0xFF, 0xFF, 0xFF, 0xFF, 0xFF, 0xFF, 0xFF, 0xFF, 0xFF, 0xFF, 0xFF,
    0xFF, 0xFF, 0xFF, 0xFF, 0xFF, 0xFF, 0xFF, 0xFF, 0xFF, 0xFF, 0xFF, 0xFF, 0xFF, 0xFF, 0xFF, 0xFF,
    0xFF, 0xFF, 0xFF, 0xFF, 0xFF, 0xFF, 0xFF, 0xFF, 0xFF, 0xFF, 0xFF, 0xFF, 0xFF, 0xFF, 0xFF, 0xFF,
    0xFF, 0xFF, 0xFF, 0xFF, 0xFF, 0xFF, 0xFF, 0xFF, 0xFF, 0xFF, 0xFF, 0xFF, 0xFF, 0xFF, 0xFF, 0xFF,
    0xFF, 0xFF, 0xFF, 0xFF, 0xFF, 0xFF, 0xFF, 0xFF, 0xFF, 0xFF, 0xFF, 0xFF, 0xFF, 0xFF, 0xFF, 0xFF,
    0xFF, 0xFF, 0xFF, 0xFF, 0xFF, 0xFF, 0xFF, 0xFF, 0xFF, 0xFF, 0xFF, 0xFF, 0xFF, 0xFF, 0xFF, 0xFF,
    0xFF, 0xFF, 0xFF, 0xFF, 0xFF, 0xFF, 0xFF, 0xFF, 0xFF, 0xFF, 0xFF, 0xFF, 0xFF, 0xFF, 0xFF, 0xFF,
    0xFF, 0xFF, 0xFF, 0xFF, 0xFF, 0xFF, 0xFF, 0xFF, 0xFF, 0xFF, 0xFF, 0xFF, 0xFF, 0xFF, 0xFF, 0xFF,
    0xFF, 0xFF, 0xFF, 0xFF, 0xFF, 0xFF, 0xFF, 0xFF, 0xFF, 0xFF, 0xFF, 0xFF, 0xFF, 0xFF, 0xFF, 0xFF,
    0xFF, 0xFF, 0xFF, 0xFF, 0xFF, 0xFF, 0xFF, 0xFF, 0xFF, 0xFF, 0xFF, 0xFF, 0xFF, 0xFF, 0xFF, 0xFF,
    0xFF, 0xFF, 0xFF, 0xFF, 0xFF, 0xFF, 0xFF, 0xFF, 0xFF, 0xFF, 0xFF, 0xFF, 0xFF, 0xFF, 0xFF, 0xFF,
    0xFF, 0xFF, 0xFF, 0xFF, 0xFF, 0xFF, 0xFF, 0xFF, 0xFF, 0xFF, 0xFF, 0xFF, 0xFF, 0xFF, 0x9F, 0xEF,
    0xFD, 0x9D, 0xBC, 0x54, 0xBC, 0x5C, 0xDC, 0x64, 0xDC, 0x5C, 0x7E, 0x6D, 0x78, 0x9C, 0x95, 0xAB,
    0x3B, 0x8D, 0xDF, 0x7D, 0xBA, 0x84, 0x95, 0xAB, 0x14, 0xAB, 0x14, 0xAB, 0x14, 0xAB, 0x14, 0xAB,
    0x14, 0xAB, 0x14, 0xAB, 0x14, 0xAB, 0x14, 0xAB, 0x14, 0xAB, 0x14, 0xAB, 0x14, 0xAB, 0x14, 0xAB,
    0x14, 0xAB, 0x14, 0xAB, 0x14, 0xAB, 0x14, 0xAB, 0x14, 0xAB, 0x14, 0xAB, 0x14, 0xAB, 0x14, 0xAB,
    0x14, 0xAB, 0x14, 0xAB, 0x14, 0xAB, 0x14, 0xAB, 0x14, 0xAB, 0x14, 0xAB, 0x14, 0xAB, 0x14, 0xAB,
    0x14, 0xAB, 0x14, 0xAB, 0x14, 0xAB, 0x14, 0xAB, 0x14, 0xAB, 0x14, 0xAB, 0x14, 0xAB, 0x14, 0xAB,
    0x14, 0xAB, 0x14, 0xAB, 0x14, 0xAB, 0x14, 0xAB, 0x14, 0xAB, 0x14, 0xAB, 0x14, 0xAB, 0x14, 0xAB,
    0x14, 0xAB, 0x14, 0xAB, 0x14, 0xAB, 0x14, 0xAB, 0x14, 0xAB, 0x14, 0xAB, 0x14, 0xAB, 0x14, 0xAB,
    0x14, 0xAB, 0x14, 0xAB, 0x14, 0xAB, 0x14, 0xAB, 0x14, 0xAB, 0x14, 0xAB, 0x14, 0xAB, 0x14, 0xAB,
    0x14, 0xAB, 0x14, 0xAB, 0x14, 0xAB, 0x14, 0xAB, 0x14, 0xAB, 0x14, 0xAB, 0x14, 0xAB, 0x14, 0xAB,
    0x14, 0xAB, 0x14, 0xAB, 0x14, 0xAB, 0x14, 0xAB, 0x14, 0xAB, 0x14, 0xAB, 0x14, 0xAB, 0x14, 0xAB,
    0x14, 0xAB, 0x14, 0xAB, 0x14, 0xAB, 0x14, 0xAB, 0x14, 0xAB, 0x14, 0xAB, 0x14, 0xAB, 0x14, 0xAB,
    0x14, 0xAB, 0x14, 0xAB, 0x14, 0xAB, 0x14, 0xAB, 0x14, 0xAB, 0x14, 0xAB, 0x14, 0xAB, 0x14, 0xAB,
    0x14, 0xAB, 0x14, 0xAB, 0x14, 0xAB, 0x14, 0xAB, 0x14, 0xAB, 0x14, 0xAB, 0x14, 0xAB, 0x14, 0xAB,
    0x14, 0xAB, 0x14, 0xAB, 0x14, 0xAB, 0x14, 0xAB, 0x14, 0xAB, 0x14, 0xAB, 0x14, 0xAB, 0x14, 0xAB,
    0x14, 0xAB, 0x14, 0xAB, 0x14, 0xAB, 0x14, 0xAB, 0x14, 0xAB, 0x14, 0xAB, 0x14, 0xAB, 0x14, 0xAB,
    0x14, 0xAB, 0x14, 0xAB, 0x14, 0xAB, 0x14, 0xAB, 0x14, 0xAB, 0x14, 0xAB, 0x14, 0xAB, 0x14, 0xAB,
    0x14, 0xAB, 0x14, 0xAB, 0x14, 0xAB, 0x14, 0xAB, 0x14, 0xAB, 0x14, 0xAB, 0x14, 0xAB, 0x14, 0xAB,
    0x14, 0xAB, 0x14, 0xAB, 0x14, 0xAB, 0x14, 0xAB, 0x14, 0xAB, 0x14, 0xAB, 0x14, 0xAB, 0x14, 0xAB,
    0x14, 0xAB, 0x14, 0xAB, 0x14, 0xAB, 0x14, 0xAB, 0x14, 0xAB, 0x14, 0xAB, 0x14, 0xAB, 0x14, 0xAB,
    0x14, 0xAB, 0x14, 0xAB, 0x14, 0xAB, 0x14, 0xAB, 0x14, 0xAB, 0x14, 0xAB, 0x14, 0xAB, 0x14, 0xAB,
    0x14, 0xAB, 0x14, 0xAB, 0x14, 0xAB, 0x14, 0xAB, 0x14, 0xAB, 0x14, 0xAB, 0x14, 0xAB, 0x14, 0xAB,
    0x14, 0xAB, 0x14, 0xAB, 0x14, 0xAB, 0x14, 0xAB, 0x14, 0xAB, 0x14, 0xAB, 0x14, 0xAB, 0x14, 0xAB,
    0x14, 0xAB, 0x14, 0xAB, 0x14, 0xAB, 0x14, 0xAB, 0x14, 0xAB, 0x14, 0xAB, 0x14, 0xAB, 0x14, 0xAB,
    0x14, 0xAB, 0x14, 0xAB, 0x14, 0xAB, 0x14, 0xAB, 0x14, 0xAB, 0x14, 0xAB, 0x14, 0xAB, 0x14, 0xAB,
    0x14, 0xAB, 0x14, 0xAB, 0x14, 0xAB, 0x14, 0xAB, 0x14, 0xAB, 0x14, 0xAB, 0x14, 0xAB, 0x14, 0xAB,
    0x14, 0xAB, 0x14, 0xAB, 0x14, 0xA3, 0x14, 0xAB, 0x17, 0xA4, 0x7E, 0x75, 0xB8, 0x9C, 0xFC, 0x7C,
    0xFD, 0x5C, 0xBB, 0x5C, 0xFC, 0x64, 0xDB, 0x5C, 0xDC, 0x64, 0x1C, 0x65, 0x9C, 0x85, 0x7E, 0xE7,
    0xFF, 0xFF, 0xFF, 0xFF, 0xFF, 0xFF, 0xFF, 0xFF, 0xFF, 0xFF, 0xFF, 0xFF, 0xFF, 0xFF, 0xFF, 0xFF,
    0xFF, 0xFF, 0xFF, 0xFF, 0xFF, 0xFF, 0xFF, 0xFF, 0xFF, 0xFF, 0xFF, 0xFF, 0xFF, 0xFF, 0xFF, 0xFF,
    0xFF, 0xFF, 0xFF, 0xFF, 0xFF, 0xFF, 0xFF, 0xFF, 0xFF, 0xFF, 0xFF, 0xFF, 0xFF, 0xFF, 0xFF, 0xFF,
    0xFF, 0xFF, 0xFF, 0xFF, 0xFF, 0xFF, 0xFF, 0xFF, 0xFF, 0xFF, 0xFF, 0xFF, 0xFF, 0xFF, 0xFF, 0xFF,
    0xFF, 0xFF, 0xFF, 0xFF, 0xFF, 0xFF, 0xFF, 0xFF, 0xFF, 0xFF, 0xFF, 0xFF, 0xFF, 0xFF, 0xFF, 0xFF,
    0xFF, 0xFF, 0xFF, 0xFF, 0xFF, 0xFF, 0xFF, 0xFF, 0xFF, 0xFF, 0xFF, 0xFF, 0xFF, 0xFF, 0xFF, 0xFF,
    0xFF, 0xFF, 0xFF, 0xFF, 0xFF, 0xFF, 0xFF, 0xFF, 0xFF, 0xFF, 0xFF, 0xFF, 0xFF, 0xFF, 0xFF, 0xFF,
    0xFF, 0xFF, 0xFF, 0xFF, 0xFF, 0xFF, 0xFF, 0xFF, 0xFF, 0xFF, 0xFF, 0xFF, 0xFF, 0xFF, 0xFF, 0xFF,
    0xFF, 0xFF, 0xFF, 0xFF, 0xFF, 0xFF, 0xFF, 0xFF, 0xFF, 0xFF, 0xFF, 0xFF, 0xFF, 0xFF, 0xFF, 0xFF,
    0xFF, 0xFF, 0xFF, 0xFF, 0xFF, 0xFF, 0xFF, 0xFF, 0xFF, 0xFF, 0xFF, 0xFF, 0xFF, 0xFF, 0xFF, 0xFF,
    0xFF, 0xFF, 0xFF, 0xFF, 0xFF, 0xFF, 0xFF, 0xFF, 0xFF, 0xFF, 0xFF, 0xFF, 0xFF, 0xFF, 0xFF, 0xFF,
    0xFF, 0xFF, 0xFF, 0xFF, 0xFF, 0xFF, 0xFF, 0xFF, 0xFF, 0xFF, 0xFF, 0xFF, 0xFF, 0xFF, 0xFF, 0xFF,
    0xFF, 0xFF, 0x3E, 0xD7, 0x5C, 0x75, 0xBC, 0x54, 0xFC, 0x64, 0xBC, 0x5C, 0x7E, 0x75, 0xDA, 0x94,
    0x95, 0xAB, 0x79, 0x8C, 0x9F, 0x6D, 0xFB, 0x74, 0xB5, 0xAB, 0x14, 0xAB, 0x14, 0xA3, 0x14, 0xAB,
    0x14, 0xAB, 0x14, 0xAB, 0x14, 0xAB, 0x14, 0xAB, 0x14, 0xAB, 0x14, 0xAB, 0x14, 0xAB, 0x14, 0xAB,
    0x14, 0xAB, 0x14, 0xAB, 0x14, 0xAB, 0x14, 0xAB, 0x14, 0xAB, 0x14, 0xAB, 0x14, 0xAB, 0x14, 0xAB,
    0x14, 0xAB, 0x14, 0xAB, 0x14, 0xAB, 0x14, 0xAB, 0x14, 0xAB, 0x14, 0xAB, 0x14, 0xAB, 0x14, 0xAB,
    0x14, 0xAB, 0x14, 0xAB, 0x14, 0xAB, 0x14, 0xAB, 0x14, 0xAB, 0x14, 0xAB, 0x14, 0xAB, 0x14, 0xAB,
    0x14, 0xAB, 0x14, 0xAB, 0x14, 0xAB, 0x14, 0xAB, 0x14, 0xAB, 0x14, 0xAB, 0x14, 0xAB, 0x14, 0xAB,
    0x14, 0xAB, 0x14, 0xAB, 0x14, 0xAB, 0x14, 0xAB, 0x14, 0xAB, 0x14, 0xAB, 0x14, 0xAB, 0x14, 0xAB,
    0x14, 0xAB, 0x14, 0xAB, 0x14, 0xAB, 0x14, 0xAB, 0x14, 0xAB, 0x14, 0xAB, 0x14, 0xAB, 0x14, 0xAB,
    0x14, 0xAB, 0x14, 0xAB, 0x14, 0xAB, 0x14, 0xAB, 0x14, 0xAB, 0x14, 0xAB, 0x14, 0xAB, 0x14, 0xAB,
    0x14, 0xAB, 0x14, 0xAB, 0x14, 0xAB, 0x14, 0xAB, 0x14, 0xAB, 0x14, 0xAB, 0x14, 0xAB, 0x14, 0xAB,
    0x14, 0xAB, 0x14, 0xAB, 0x14, 0xAB, 0x14, 0xAB, 0x14, 0xAB, 0x14, 0xAB, 0x14, 0xAB, 0x14, 0xAB,
    0x14, 0xAB, 0x14, 0xAB, 0x14, 0xAB, 0x14, 0xAB, 0x14, 0xAB, 0x14, 0xAB, 0x14, 0xAB, 0x14, 0xAB,
    0x14, 0xAB, 0x14, 0xAB, 0x14, 0xAB, 0x14, 0xAB, 0x14, 0xAB, 0x14, 0xAB, 0x14, 0xAB, 0x14, 0xAB,
    0x14, 0xAB, 0x14, 0xAB, 0x14, 0xAB, 0x14, 0xAB, 0x14, 0xAB, 0x14, 0xAB, 0x14, 0xAB, 0x14, 0xAB,
    0x14, 0xAB, 0x14, 0xAB, 0x14, 0xAB, 0x14, 0xAB, 0x14, 0xAB, 0x14, 0xAB, 0x14, 0xAB, 0x14, 0xAB,
    0x14, 0xAB, 0x14, 0xAB, 0x14, 0xAB, 0x14, 0xAB, 0x14, 0xAB, 0x14, 0xAB, 0x14, 0xAB, 0x14, 0xAB,
    0x14, 0xAB, 0x14, 0xAB, 0x14, 0xAB, 0x14, 0xAB, 0x14, 0xAB, 0x14, 0xAB, 0x14, 0xAB, 0x14, 0xAB,
    0x14, 0xAB, 0x14, 0xAB, 0x14, 0xAB, 0x14, 0xAB, 0x14, 0xAB, 0x14, 0xAB, 0x14, 0xAB, 0x14, 0xAB,
    0x14, 0xAB, 0x14, 0xAB, 0x14, 0xAB, 0x14, 0xAB, 0x14, 0xAB, 0x14, 0xAB, 0x14, 0xAB, 0x14, 0xAB,
    0x14, 0xAB, 0x14, 0xAB, 0x14, 0xAB, 0x14, 0xAB, 0x14, 0xAB, 0x14, 0xAB, 0x14, 0xAB, 0x14, 0xAB,
    0x14, 0xAB, 0x14, 0xAB, 0x14, 0xAB, 0x14, 0xAB, 0x14, 0xAB, 0x14, 0xAB, 0x14, 0xAB, 0x14, 0xAB,
    0x14, 0xAB, 0x14, 0xAB, 0x14, 0xAB, 0x14, 0xAB, 0x14, 0xAB, 0x14, 0xAB, 0x14, 0xAB, 0x14, 0xAB,
    0x14, 0xAB, 0x14, 0xAB, 0x14, 0xAB, 0x14, 0xAB, 0x14, 0xAB, 0x14, 0xAB, 0x14, 0xAB, 0x14, 0xAB,
    0x14, 0xAB, 0x14, 0xAB, 0x14, 0xAB, 0x14, 0xAB, 0x14, 0xAB, 0x14, 0xAB, 0x14, 0xAB, 0x14, 0xAB,
    0x14, 0xAB, 0x14, 0xAB, 0x14, 0xAB, 0x14, 0xAB, 0x14, 0xAB, 0x14, 0xAB, 0x14, 0xAB, 0x14, 0xAB,
    0x14, 0xAB, 0x14, 0xAB, 0x14, 0xAB, 0xB6, 0xAB, 0x5D, 0x6D, 0xFA, 0x8C, 0x3B, 0x85, 0x1D, 0x65,
    0xDC, 0x64, 0xFC, 0x64, 0xFC, 0x64, 0xFC, 0x64, 0xBC, 0x54, 0x3C, 0x6D, 0x9F, 0xEF, 0xFF, 0xFF,
    0xFF, 0xFF, 0xFF, 0xFF, 0xFF, 0xFF, 0xFF, 0xFF, 0xFF, 0xFF, 0xFF, 0xFF, 0xFF, 0xFF, 0xFF, 0xFF,
    0xFF, 0xFF, 0xFF, 0xFF, 0xFF, 0xFF, 0xFF, 0xFF, 0xFF, 0xFF, 0xFF, 0xFF, 0xFF, 0xFF, 0xFF, 0xFF,
    0xFF, 0xFF, 0xFF, 0xFF, 0xFF, 0xFF, 0xFF, 0xFF, 0xFF, 0xFF, 0xFF, 0xFF, 0xFF, 0xFF, 0xFF, 0xFF,
    0xFF, 0xFF, 0xFF, 0xFF, 0xFF, 0xFF, 0xFF, 0xFF, 0xFF, 0xFF, 0xFF, 0xFF, 0xFF, 0xFF, 0xFF, 0xFF,
    0xFF, 0xFF, 0xFF, 0xFF, 0xFF, 0xFF, 0xFF, 0xFF, 0xFF, 0xFF, 0xFF, 0xFF, 0xFF, 0xFF, 0xFF, 0xFF,
    0xFF, 0xFF, 0xFF, 0xFF, 0xFF, 0xFF, 0xFF, 0xFF, 0xFF, 0xFF, 0xFF, 0xFF, 0xFF, 0xFF, 0xFF, 0xFF,
    0xFF, 0xFF, 0xFF, 0xFF, 0xFF, 0xFF, 0xFF, 0xFF, 0xFF, 0xFF, 0xFF, 0xFF, 0xFF, 0xFF, 0xFF, 0xFF,
    0xFF, 0xFF, 0xFF, 0xFF, 0xFF, 0xFF, 0xFF, 0xFF, 0xFF, 0xFF, 0xFF, 0xFF, 0xFF, 0xFF, 0xFF, 0xFF,
    0xFF, 0xFF, 0xFF, 0xFF, 0xFF, 0xFF, 0xFF, 0xFF, 0xFF, 0xFF, 0xFF, 0xFF, 0xFF, 0xFF, 0xFF, 0xFF,
    0xFF, 0xFF, 0xFF, 0xFF, 0xFF, 0xFF, 0xFF, 0xFF, 0xFF, 0xFF, 0xFF, 0xFF, 0xFF, 0xFF, 0xFF, 0xFF,
    0xFF, 0xFF, 0xFF, 0xFF, 0xFF, 0xFF, 0xFF, 0xFF, 0xFF, 0xFF, 0xFF, 0xFF, 0xFF, 0xFF, 0xFF, 0xFF,
    0xFF, 0xFF, 0xFF, 0xFF, 0xFF, 0xFF, 0xFF, 0xFF, 0xFF, 0xFF, 0xFF, 0xFF, 0xFF, 0xFF, 0xFF, 0xFF,
    0xFF, 0xFF, 0xFF, 0xFF, 0xFF, 0xFF, 0x5D, 0xAE, 0xBB, 0x5C, 0xDB, 0x5C, 0x5C, 0x7D, 0x9E, 0x75,
    0x1B, 0x75, 0xB5, 0xAB, 0x38, 0x9C, 0x7F, 0x6D, 0x5D, 0x75, 0xD6, 0xA3, 0x14, 0xAB, 0x14, 0xAB,
    0x14, 0xAB, 0x14, 0xAB, 0x14, 0xAB, 0x14, 0xAB, 0x14, 0xAB, 0x14, 0xAB, 0x14, 0xAB, 0x14, 0xAB,
    0x14, 0xAB, 0x14, 0xAB, 0x14, 0xAB, 0x14, 0xAB, 0x14, 0xAB, 0x14, 0xAB, 0x14, 0xAB, 0x14, 0xAB,
    0x14, 0xAB, 0x14, 0xAB, 0x14, 0xAB, 0x14, 0xAB, 0x14, 0xAB, 0x14, 0xAB, 0x14, 0xAB, 0x14, 0xAB,
    0x14, 0xAB, 0x14, 0xAB, 0x14, 0xAB, 0x14, 0xAB, 0x14, 0xAB, 0x14, 0xAB, 0x14, 0xAB, 0x14, 0xAB,
    0x14, 0xAB, 0x14, 0xAB, 0x14, 0xAB, 0x14, 0xAB, 0x14, 0xAB, 0x14, 0xAB, 0x14, 0xAB, 0x14, 0xAB,
    0x14, 0xAB, 0x14, 0xAB, 0x14, 0xAB, 0x14, 0xAB, 0x14, 0xAB, 0x14, 0xAB, 0x14, 0xAB, 0x14, 0xAB,
    0x14, 0xAB, 0x14, 0xAB, 0x14, 0xAB, 0x14, 0xAB, 0x14, 0xAB, 0x14, 0xAB, 0x14, 0xAB, 0x14, 0xAB,
    0x14, 0xAB, 0x14, 0xAB, 0x14, 0xAB, 0x14, 0xAB, 0x14, 0xAB, 0x14, 0xAB, 0x14, 0xAB, 0x14, 0xAB,
    0x14, 0xAB, 0x14, 0xAB, 0x14, 0xAB, 0x14, 0xAB, 0x14, 0xAB, 0x14, 0xAB, 0x14, 0xAB, 0x14, 0xAB,
    0x14, 0xAB, 0x14, 0xAB, 0x14, 0xAB, 0x14, 0xAB, 0x14, 0xAB, 0x14, 0xAB, 0x14, 0xAB, 0x14, 0xAB,
    0x14, 0xAB, 0x14, 0xAB, 0x14, 0xAB, 0x14, 0xAB, 0x14, 0xAB, 0x14, 0xAB, 0x14, 0xAB, 0x14, 0xAB,
    0x14, 0xAB, 0x14, 0xAB, 0x14, 0xAB, 0x14, 0xAB, 0x14, 0xAB, 0x14, 0xAB, 0x14, 0xAB, 0x14, 0xAB,
    0x14, 0xAB, 0x14, 0xAB, 0x14, 0xAB, 0x14, 0xAB, 0x14, 0xAB, 0x14, 0xAB, 0x14, 0xAB, 0x14, 0xAB,
    0x14, 0xAB, 0x14, 0xAB, 0x14, 0xAB, 0x14, 0xAB, 0x14, 0xAB, 0x14, 0xAB, 0x14, 0xAB, 0x14, 0xAB,
    0x14, 0xAB, 0x14, 0xAB, 0x14, 0xAB, 0x14, 0xAB, 0x14, 0xAB, 0x14, 0xAB, 0x14, 0xAB, 0x14, 0xAB,
    0x14, 0xAB, 0x14, 0xAB, 0x14, 0xAB, 0x14, 0xAB, 0x14, 0xAB, 0x14, 0xAB, 0x14, 0xAB, 0x14, 0xAB,
    0x14, 0xAB, 0x14, 0xAB, 0x14, 0xAB, 0x14, 0xAB, 0x14, 0xAB, 0x14, 0xAB, 0x14, 0xAB, 0x14, 0xAB,
    0x14, 0xAB, 0x14, 0xAB, 0x14, 0xAB, 0x14, 0xAB, 0x14, 0xAB, 0x14, 0xAB, 0x14, 0xAB, 0x14, 0xAB,
    0x14, 0xAB, 0x14, 0xAB, 0x14, 0xAB, 0x14, 0xAB, 0x14, 0xAB, 0x14, 0xAB, 0x14, 0xAB, 0x14, 0xAB,
    0x14, 0xAB, 0x14, 0xAB, 0x14, 0xAB, 0x14, 0xAB, 0x14, 0xAB, 0x14, 0xAB, 0x14, 0xAB, 0x14, 0xAB,
    0x14, 0xAB, 0x14, 0xAB, 0x14, 0xAB, 0x14, 0xAB, 0x14, 0xAB, 0x14, 0xAB, 0x14, 0xAB, 0x14, 0xAB,
    0x14, 0xAB, 0x14, 0xAB, 0x14, 0xAB, 0x14, 0xAB, 0x14, 0xAB, 0x14, 0xAB, 0x14, 0xAB, 0x14, 0xAB,
    0x14, 0xAB, 0x14, 0xAB, 0x14, 0xAB, 0x14, 0xAB, 0x14, 0xAB, 0x14, 0xAB, 0x14, 0xAB, 0x14, 0xAB,
    0x14, 0xAB, 0x14, 0xAB, 0x14, 0xAB, 0x14, 0xAB, 0x14, 0xAB, 0x14, 0xAB, 0x14, 0xAB, 0x14, 0xAB,
    0x14, 0xAB, 0x14, 0xAB, 0x54, 0xAB, 0x1B, 0x75, 0x1B, 0x7D, 0x7B, 0x8D, 0x3D, 0x6D, 0xFB, 0x64,
    0x3C, 0x6D, 0xDB, 0x5C, 0x7C, 0x7D, 0xDC, 0x5C, 0x3C, 0x75, 0xBF, 0xEF, 0xFF, 0xFF, 0xFF, 0xFF,
    0xFF, 0xFF, 0xFF, 0xFF, 0xFF, 0xFF, 0xFF, 0xFF, 0xFF, 0xFF, 0xFF, 0xFF, 0xFF, 0xFF, 0xFF, 0xFF,
    0xFF, 0xFF, 0xFF, 0xFF, 0xFF, 0xFF, 0xFF, 0xFF, 0xFF, 0xFF, 0xFF, 0xFF, 0xFF, 0xFF, 0xFF, 0xFF,
    0xFF, 0xFF, 0xFF, 0xFF, 0xFF, 0xFF, 0xFF, 0xFF, 0xFF, 0xFF, 0xFF, 0xFF, 0xFF, 0xFF, 0xFF, 0xFF,
    0xFF, 0xFF, 0xFF, 0xFF, 0xFF, 0xFF, 0xFF, 0xFF, 0xFF, 0xFF, 0xFF, 0xFF, 0xFF, 0xFF, 0xFF, 0xFF,
    0xFF, 0xFF, 0xFF, 0xFF, 0xFF, 0xFF, 0xFF, 0xFF, 0xFF, 0xFF, 0xFF, 0xFF, 0xFF, 0xFF, 0xFF, 0xFF,
    0xFF, 0xFF, 0xFF, 0xFF, 0xFF, 0xFF, 0xFF, 0xFF, 0xFF, 0xFF, 0xFF, 0xFF, 0xFF, 0xFF, 0xFF, 0xFF,
    0xFF, 0xFF, 0xFF, 0xFF, 0xFF, 0xFF, 0xFF, 0xFF, 0xFF, 0xFF, 0xFF, 0xFF, 0xFF, 0xFF, 0xFF, 0xFF,
    0xFF, 0xFF, 0xFF, 0xFF, 0xFF, 0xFF, 0xFF, 0xFF, 0xFF, 0xFF, 0xFF, 0xFF, 0xFF, 0xFF, 0xFF, 0xFF,
    0xFF, 0xFF, 0xFF, 0xFF, 0xFF, 0xFF, 0xFF, 0xFF, 0xFF, 0xFF, 0xFF, 0xFF, 0xFF, 0xFF, 0xFF, 0xFF,
    0xFF, 0xFF, 0xFF, 0xFF, 0xFF, 0xFF, 0xFF, 0xFF, 0xFF, 0xFF, 0xFF, 0xFF, 0xFF, 0xFF, 0xFF, 0xFF,
    0xFF, 0xFF, 0xFF, 0xFF, 0xFF, 0xFF, 0xFF, 0xFF, 0xFF, 0xFF, 0xFF, 0xFF, 0xFF, 0xFF, 0xFF, 0xFF,
    0xFF, 0xFF, 0xFF, 0xFF, 0xFF, 0xFF, 0xFF, 0xFF, 0xFF, 0xFF, 0xFF, 0xFF, 0xFF, 0xFF, 0xFF, 0xFF,
    0xFF, 0xFF, 0xFF, 0xFF, 0xFF, 0xFF, 0xFF, 0xFF, 0x3E, 0xD7, 0x7C, 0x7D, 0x3C, 0x6D, 0x1C, 0x6D,
    0xFD, 0x5C, 0x3D, 0x6D, 0xD6, 0xA3, 0xD6, 0xAB, 0x5D, 0x6D, 0x1C, 0x6D, 0xD6, 0xA3, 0x14, 0xAB,
    0x14, 0xAB, 0x14, 0xAB, 0x14, 0xAB, 0x14, 0xAB, 0x14, 0xAB, 0x14, 0xAB, 0x14, 0xAB, 0x14, 0xAB,
    0x14, 0xAB, 0x14, 0xAB, 0x14, 0xAB, 0x14, 0xAB, 0x14, 0xAB, 0x14, 0xAB, 0x14, 0xAB, 0x14, 0xAB,
    0x14, 0xAB, 0x14, 0xAB, 0x14, 0xAB, 0x14, 0xAB, 0x14, 0xAB, 0x14, 0xAB, 0x14, 0xAB, 0x14, 0xAB,
    0x14, 0xAB, 0x14, 0xAB, 0x14, 0xAB, 0x14, 0xAB, 0x14, 0xAB, 0x14, 0xAB, 0x14, 0xAB, 0x14, 0xAB,
    0x14, 0xAB, 0x14, 0xAB, 0x14, 0xAB, 0x14, 0xAB, 0x14, 0xAB, 0x14, 0xAB, 0x14, 0xAB, 0x14, 0xAB,
    0x14, 0xAB, 0x14, 0xAB, 0x14, 0xAB, 0x14, 0xAB, 0x14, 0xAB, 0x14, 0xAB, 0x14, 0xAB, 0x14, 0xAB,
    0x14, 0xAB, 0x14, 0xAB, 0x14, 0xAB, 0x14, 0xAB, 0x14, 0xAB, 0x14, 0xAB, 0x14, 0xAB, 0x14, 0xAB,
    0x14, 0xAB, 0x14, 0xAB, 0x14, 0xAB, 0x14, 0xAB, 0x14, 0xAB, 0x14, 0xAB, 0x14, 0xAB, 0x14, 0xAB,
    0x14, 0xAB, 0x14, 0xAB, 0x14, 0xAB, 0x14, 0xAB, 0x14, 0xAB, 0x14, 0xAB, 0x14, 0xAB, 0x14, 0xAB,
    0x14, 0xAB, 0x14, 0xAB, 0x14, 0xAB, 0xF3, 0xA2, 0xB3, 0xA2, 0xB3, 0xA2, 0xB3, 0xA2, 0xB3, 0xA2,
    0xB3, 0xA2, 0xB3, 0xA2, 0xB3, 0xA2, 0xB3, 0xA2, 0xB3, 0xA2, 0xB3, 0xA2, 0xB3, 0xA2, 0xD3, 0xA2,
    0xF3, 0xA2, 0x14, 0xAB, 0x14, 0xAB, 0x14, 0xAB, 0x14, 0xAB, 0x14, 0xAB, 0x14, 0xAB, 0x14, 0xAB,
    0x14, 0xAB, 0x14, 0xAB, 0x14, 0xAB, 0x14, 0xAB, 0x14, 0xAB, 0x14, 0xAB, 0x14, 0xAB, 0x14, 0xAB,
    0x14, 0xAB, 0x14, 0xAB, 0x14, 0xAB, 0x14, 0xAB, 0x14, 0xAB, 0x14, 0xAB, 0x14, 0xAB, 0x14, 0xAB,
    0x14, 0xAB, 0x14, 0xAB, 0x14, 0xAB, 0x14, 0xAB, 0x14, 0xAB, 0x14, 0xAB, 0x14, 0xAB, 0x14, 0xAB,
    0x14, 0xAB, 0x14, 0xAB, 0x14, 0xAB, 0x14, 0xAB, 0x14, 0xAB, 0x14, 0xAB, 0x14, 0xAB, 0x14, 0xAB,
    0x14, 0xAB, 0x14, 0xAB, 0x14, 0xAB, 0x14, 0xAB, 0x14, 0xAB, 0x14, 0xAB, 0x14, 0xAB, 0x14, 0xAB,
    0x14, 0xAB, 0x14, 0xAB, 0x14, 0xAB, 0x14, 0xAB, 0x14, 0xAB, 0x14, 0xAB, 0x14, 0xAB, 0x14, 0xAB,
    0x14, 0xAB, 0x14, 0xAB, 0x14, 0xAB, 0x14, 0xAB, 0x14, 0xAB, 0x14, 0xAB, 0x14, 0xAB, 0x14, 0xAB,
    0x14, 0xAB, 0x14, 0xAB, 0x14, 0xAB, 0x14, 0xAB, 0x14, 0xAB, 0x14, 0xAB, 0x14, 0xAB, 0x14, 0xAB,
    0x14, 0xAB, 0x14, 0xAB, 0x14, 0xAB, 0x14, 0xAB, 0x14, 0xAB, 0x14, 0xAB, 0x14, 0xAB, 0x14, 0xAB,
    0x14, 0xAB, 0x14, 0xAB, 0x14, 0xAB, 0x14, 0xAB, 0x14, 0xAB, 0x14, 0xAB, 0x14, 0xAB, 0x14, 0xAB,
    0x14, 0xAB, 0x14, 0xAB, 0x14, 0xAB, 0x14, 0xAB, 0x14, 0xAB, 0x14, 0xAB, 0x14, 0xAB, 0x14, 0xAB,
    0x14, 0xAB, 0x14, 0xAB, 0x14, 0xAB, 0x14, 0xAB, 0x14, 0xAB, 0x14, 0xAB, 0x14, 0xAB, 0x14, 0xAB,
    0x14, 0xAB, 0x14, 0xAB, 0x99, 0x8C, 0x1C, 0x6D, 0x5B, 0x95, 0x5D, 0x75, 0x3C, 0x75, 0x5C, 0x75,
    0xDB, 0x5C, 0x3C, 0x6D, 0x5C, 0x75, 0x7C, 0x85, 0xBF, 0xEF, 0xFF, 0xFF, 0xFF, 0xFF, 0xFF, 0xFF,
    0xFF, 0xFF, 0xFF, 0xFF, 0xFF, 0xFF, 0xFF, 0xFF, 0xFF, 0xFF, 0xFF, 0xFF, 0xFF, 0xFF, 0xFF, 0xFF,
    0xFF, 0xFF, 0xFF, 0xFF, 0xFF, 0xFF, 0xFF, 0xFF, 0xFF, 0xFF, 0xFF, 0xFF, 0xFF, 0xFF, 0xFF, 0xFF,
    0xFF, 0xFF, 0xFF, 0xFF, 0xFF, 0xFF, 0xFF, 0xFF, 0xFF, 0xFF, 0xFF, 0xFF, 0xFF, 0xFF, 0xFF, 0xFF,
    0xFF, 0xFF, 0xFF, 0xFF, 0xFF, 0xFF, 0xFF, 0xFF, 0xFF, 0xFF, 0xFF, 0xFF, 0xFF, 0xFF, 0xFF, 0xFF,
    0xFF, 0xFF, 0xFF, 0xFF, 0xFF, 0xFF, 0xFF, 0xFF, 0xFF, 0xFF, 0xFF, 0xFF, 0xFF, 0xFF, 0xFF, 0xFF,
    0xFF, 0xFF, 0xFF, 0xFF, 0xFF, 0xFF, 0xFF, 0xFF, 0xFF, 0xFF, 0xFF, 0xFF, 0xFF, 0xFF, 0xFF, 0xFF,
    0xFF, 0xFF, 0xFF, 0xFF, 0xFF, 0xFF, 0xFF, 0xFF, 0xFF, 0xFF, 0xFF, 0xFF, 0xFF, 0xFF, 0xFF, 0xFF,
    0xFF, 0xFF, 0xFF, 0xFF, 0xFF, 0xFF, 0xFF, 0xFF, 0xFF, 0xFF, 0xFF, 0xFF, 0xFF, 0xFF, 0xFF, 0xFF,
    0xFF, 0xFF, 0xFF, 0xFF, 0xFF, 0xFF, 0xFF, 0xFF, 0xFF, 0xFF, 0xFF, 0xFF, 0xFF, 0xFF, 0xFF, 0xFF,
    0xFF, 0xFF, 0xFF, 0xFF, 0xFF, 0xFF, 0xFF, 0xFF, 0xFF, 0xFF, 0xFF, 0xFF, 0xFF, 0xFF, 0xFF, 0xFF,
    0xFF, 0xFF, 0xFF, 0xFF, 0xFF, 0xFF, 0xFF, 0xFF, 0xFF, 0xFF, 0xFF, 0xFF, 0xFF, 0xFF, 0xFF, 0xFF,
    0xFF, 0xFF, 0xFF, 0xFF, 0xFF, 0xFF, 0xFF, 0xFF, 0xFF, 0xFF, 0xFF, 0xFF, 0xFF, 0xFF, 0xFF, 0xFF,
    0xFF, 0xFF, 0xFF, 0xFF, 0xFF, 0xFF, 0xFF, 0xFF, 0xFF, 0xFF, 0xDF, 0xFF, 0x3D, 0xA6, 0xFC, 0x64,
    0xDC, 0x5C, 0xFC, 0x5C, 0x7E, 0x75, 0xF7, 0xA3, 0xD6, 0xAB, 0x1D, 0x6D, 0x5D, 0x75, 0x96, 0xAB,
    0x14, 0xAB, 0x14, 0xAB, 0x14, 0xAB, 0x14, 0xAB, 0x14, 0xAB, 0x14, 0xAB, 0x14, 0xAB, 0x14, 0xAB,
    0x14, 0xA3, 0x14, 0xAB, 0x14, 0xAB, 0x14, 0xAB, 0x14, 0xAB, 0x14, 0xAB, 0x14, 0xAB, 0x14, 0xAB,
    0x14, 0xAB, 0x14, 0xAB, 0x14, 0xAB, 0x14, 0xAB, 0x14, 0xAB, 0x14, 0xAB, 0x14, 0xAB, 0x14, 0xAB,
    0x14, 0xAB, 0x14, 0xAB, 0x14, 0xAB, 0x14, 0xAB, 0x14, 0xAB, 0x14, 0xAB, 0x14, 0xAB, 0x14, 0xAB,
    0x14, 0xAB, 0x14, 0xAB, 0x14, 0xAB, 0x14, 0xAB, 0x14, 0xAB, 0x14, 0xAB, 0x14, 0xAB, 0x14, 0xAB,
    0x14, 0xAB, 0x14, 0xAB, 0x14, 0xAB, 0x14, 0xAB, 0x14, 0xAB, 0x14, 0xAB, 0x14, 0xAB, 0x14, 0xAB,
    0x14, 0xAB, 0x14, 0xAB, 0x14, 0xAB, 0x14, 0xAB, 0x14, 0xAB, 0x14, 0xAB, 0x14, 0xAB, 0x14, 0xAB,
    0x14, 0xAB, 0x14, 0xAB, 0x14, 0xAB, 0x14, 0xAB, 0x14, 0xAB, 0x14, 0xAB, 0x14, 0xAB, 0x14, 0xAB,
    0x14, 0xAB, 0x14, 0xAB, 0x14, 0xAB, 0x14, 0xAB, 0xB3, 0xA2, 0xB3, 0xA2, 0xD3, 0xA2, 0x14, 0xA3,
    0x54, 0xAB, 0xD5, 0xB3, 0x37, 0xBC, 0x97, 0xBC, 0x18, 0xC5, 0x59, 0xCD, 0x79, 0xCD, 0xBA, 0xD5,
    0xBA, 0xD5, 0xBA, 0xD5, 0xBA, 0xD5, 0xBA, 0xD5, 0x9A, 0xD5, 0x79, 0xCD, 0x39, 0xCD, 0xF8, 0xC4,
    0x77, 0xBC, 0x16, 0xB4, 0x95, 0xAB, 0x34, 0xAB, 0x14, 0xA3, 0xD3, 0xA2, 0xB3, 0xA2, 0xD3, 0xA2,
    0x14, 0xAB, 0x14, 0xAB, 0x14, 0xAB, 0x14, 0xAB, 0x14, 0xAB, 0x14, 0xAB, 0x14, 0xAB, 0x14, 0xAB,
    0x14, 0xAB, 0x14, 0xAB, 0x14, 0xAB, 0x14, 0xAB, 0x14, 0xAB, 0x14, 0xAB, 0x14, 0xAB, 0x14, 0xAB,
    0x14, 0xAB, 0x14, 0xAB, 0x14, 0xAB, 0x14, 0xAB, 0x14, 0xAB, 0x14, 0xAB, 0x14, 0xAB, 0x14, 0xAB,
    0x14, 0xAB, 0x14, 0xAB, 0x14, 0xAB, 0x14, 0xAB, 0x14, 0xAB, 0x14, 0xAB, 0x14, 0xAB, 0x14, 0xAB,
    0x14, 0xAB, 0x14, 0xAB, 0x14, 0xAB, 0x14, 0xAB, 0x14, 0xAB, 0x14, 0xAB, 0x14, 0xAB, 0x14, 0xAB,
    0x14, 0xAB, 0x14, 0xAB, 0x14, 0xAB, 0x14, 0xAB, 0x14, 0xAB, 0x14, 0xAB, 0x14, 0xAB, 0x14, 0xAB,
    0x14, 0xAB, 0x14, 0xAB, 0x14, 0xAB, 0x14, 0xAB, 0x14, 0xAB, 0x14, 0xAB, 0x14, 0xAB, 0x14, 0xAB,
    0x14, 0xAB, 0x14, 0xAB, 0x14, 0xAB, 0x14, 0xAB, 0x14, 0xAB, 0x14, 0xAB, 0x14, 0xAB, 0x14, 0xAB,
    0x14, 0xAB, 0x14, 0xAB, 0x14, 0xAB, 0x14, 0xAB, 0x14, 0xAB, 0x14, 0xAB, 0x14, 0xAB, 0x14, 0xAB,
    0x14, 0xAB, 0x14, 0xAB, 0x14, 0xAB, 0x14, 0xAB, 0x14, 0xAB, 0x14, 0xAB, 0x14, 0xAB, 0x14, 0xAB,
    0x14, 0xAB, 0x14, 0xAB, 0x14, 0xAB, 0x14, 0xAB, 0x14, 0xAB, 0x14, 0xAB, 0x14, 0xAB, 0x14, 0xAB,
    0x14, 0xAB, 0x14, 0xAB, 0x14, 0xAB, 0x14, 0xAB, 0x14, 0xAB, 0x14, 0xAB, 0x14, 0xAB, 0x14, 0xAB,
    0x14, 0xAB, 0x17, 0xA4, 0x9E, 0x7D, 0x1A, 0x85, 0x1C, 0x6D, 0x5C, 0x7D, 0xDC, 0x8D, 0xFB, 0x64,
    0xFB, 0x5C, 0x3C, 0x6D, 0x9C, 0x85, 0xBF, 0xF7, 0xFF, 0xFF, 0xFF, 0xFF, 0xFF, 0xFF, 0xFF, 0xFF,
    0xFF, 0xFF, 0xFF, 0xFF, 0xFF, 0xFF, 0xFF, 0xFF, 0xFF, 0xFF, 0xFF, 0xFF, 0xFF, 0xFF, 0xFF, 0xFF,
    0xFF, 0xFF, 0xFF, 0xFF, 0xFF, 0xFF, 0xFF, 0xFF, 0xFF, 0xFF, 0xFF, 0xFF, 0xFF, 0xFF, 0xFF, 0xFF,
    0xFF, 0xFF, 0xFF, 0xFF, 0xFF, 0xFF, 0xFF, 0xFF, 0xFF, 0xFF, 0xFF, 0xFF, 0xFF, 0xFF, 0xFF, 0xFF,
    0xFF, 0xFF, 0xFF, 0xFF, 0xFF, 0xFF, 0xFF, 0xFF, 0xFF, 0xFF, 0xFF, 0xFF, 0xFF, 0xFF, 0xFF, 0xFF,
    0xFF, 0xFF, 0xFF, 0xFF, 0xFF, 0xFF, 0xFF, 0xFF, 0xFF, 0xFF, 0xFF, 0xFF, 0xFF, 0xFF, 0xFF, 0xFF,
    0xFF, 0xFF, 0xFF, 0xFF, 0xFF, 0xFF, 0xFF, 0xFF, 0xFF, 0xFF, 0xFF, 0xFF, 0xFF, 0xFF, 0xFF, 0xFF,
    0xFF, 0xFF, 0xFF, 0xFF, 0xFF, 0xFF, 0xFF, 0xFF, 0xFF, 0xFF, 0xFF, 0xFF, 0xFF, 0xFF, 0xFF, 0xFF,
    0xFF, 0xFF, 0xFF, 0xFF, 0xFF, 0xFF, 0xFF, 0xFF, 0xFF, 0xFF, 0xFF, 0xFF, 0xFF, 0xFF, 0xFF, 0xFF,
    0xFF, 0xFF, 0xFF, 0xFF, 0xFF, 0xFF, 0xFF, 0xFF, 0xFF, 0xFF, 0xFF, 0xFF, 0xFF, 0xFF, 0xFF, 0xFF,
    0xFF, 0xFF, 0xFF, 0xFF, 0xFF, 0xFF, 0xFF, 0xFF, 0xFF, 0xFF, 0xFF, 0xFF, 0xFF, 0xFF, 0xFF, 0xFF,
    0xFF, 0xFF, 0xFF, 0xFF, 0xFF, 0xFF, 0xFF, 0xFF, 0xFF, 0xFF, 0xFF, 0xFF, 0xFF, 0xFF, 0xFF, 0xFF,
    0xFF, 0xFF, 0xFF, 0xFF, 0xFF, 0xFF, 0xFF, 0xFF, 0xFF, 0xFF, 0xFF, 0xFF, 0xFF, 0xFF, 0xFF, 0xFF,
    0xFF, 0xFF, 0xFF, 0xFF, 0xFF, 0xFF, 0xFF, 0xFF, 0xFF, 0xFF, 0xFF, 0xFF, 0xFF, 0xFF, 0xBE, 0xBE,
    0xDB, 0x5C, 0xDC, 0x64, 0x5C, 0x75, 0xDF, 0x85, 0x79, 0x94, 0xF6, 0xAB, 0x7D, 0x7D, 0x7C, 0x95,
    0x95, 0xB3, 0x96, 0xAB, 0x96, 0xA3, 0x96, 0x9B, 0xB6, 0xA3, 0x55, 0xAB, 0x34, 0xAB, 0x14, 0xAB,
    0x14, 0xAB, 0x14, 0xAB, 0x14, 0xAB, 0x14, 0xAB, 0x14, 0xAB, 0x14, 0xAB, 0x14, 0xAB, 0x14, 0xAB,
    0x14, 0xAB, 0x14, 0xAB, 0x14, 0xAB, 0x14, 0xAB, 0x14, 0xAB, 0x14, 0xAB, 0x14, 0xAB, 0x14, 0xAB,
    0x14, 0xAB, 0x14, 0xAB, 0x14, 0xAB, 0x14, 0xAB, 0x14, 0xAB, 0x14, 0xAB, 0x14, 0xAB, 0x14, 0xAB,
    0x14, 0xAB, 0x14, 0xAB, 0x14, 0xAB, 0x14, 0xAB, 0x14, 0xAB, 0x14, 0xAB, 0x14, 0xAB, 0x14, 0xAB,
    0x14, 0xAB, 0x14, 0xAB, 0x14, 0xAB, 0x14, 0xAB, 0x14, 0xAB, 0x14, 0xAB, 0x14, 0xAB, 0x14, 0xAB,
    0x14, 0xAB, 0x14, 0xAB, 0x14, 0xAB, 0x14, 0xAB, 0x14, 0xAB, 0x14, 0xAB, 0x14, 0xAB, 0x14, 0xAB,
    0x14, 0xAB, 0x14, 0xAB, 0x14, 0xAB, 0x14, 0xAB, 0x14, 0xAB, 0x14, 0xAB, 0x14, 0xAB, 0xD3, 0xA2,
    0xB3, 0xA2, 0xF3, 0xA2, 0x95, 0xAB, 0x36, 0xB4, 0xF8, 0xC4, 0xDA, 0xD5, 0xBD, 0xE6, 0x3F, 0xF7,
    0x9F, 0xF7, 0xFF, 0xFF, 0xFF, 0xFF, 0xFF, 0xFF, 0xFF, 0xFF, 0xFF, 0xFF, 0xFF, 0xFF, 0xFF, 0xF7,
    0xFF, 0xF7, 0xFF, 0xF7, 0xFF, 0xF7, 0xFF, 0xF7, 0xFF, 0xF7, 0xFF, 0xFF, 0xFF, 0xFF, 0xFF, 0xFF,
    0xFF, 0xFF, 0xFF, 0xFF, 0xDF, 0xFF, 0x7F, 0xF7, 0xFE, 0xEE, 0x5C, 0xDE, 0x59, 0xC5, 0x97, 0xBC,
    0xD5, 0xB3, 0x34, 0xA3, 0xD3, 0xA2, 0xB3, 0xA2, 0x14, 0xAB, 0x14, 0xAB, 0x14, 0xAB, 0x14, 0xAB,
    0x14, 0xAB, 0x14, 0xAB, 0x14, 0xAB, 0x14, 0xAB, 0x14, 0xAB, 0x14, 0xAB, 0x14, 0xAB, 0x14, 0xAB,
    0x14, 0xAB, 0x14, 0xAB, 0x14, 0xAB, 0x14, 0xAB, 0x14, 0xAB, 0x14, 0xAB, 0x14, 0xAB, 0x14, 0xAB,
    0x14, 0xAB, 0x14, 0xAB, 0x14, 0xAB, 0x14, 0xAB, 0x14, 0xAB, 0x14, 0xAB, 0x14, 0xAB, 0x14, 0xAB,
    0x14, 0xAB, 0x14, 0xAB, 0x14, 0xAB, 0x14, 0xAB, 0x14, 0xAB, 0x14, 0xAB, 0x14, 0xAB, 0x14, 0xAB,
    0x14, 0xAB, 0x14, 0xAB, 0x14, 0xAB, 0x14, 0xAB, 0x14, 0xAB, 0x14, 0xAB, 0x14, 0xAB, 0x14, 0xAB,
    0x14, 0xAB, 0x14, 0xAB, 0x14, 0xAB, 0x14, 0xAB, 0x14, 0xAB, 0x14, 0xAB, 0x14, 0xAB, 0x14, 0xAB,
    0x14, 0xAB, 0x14, 0xAB, 0x14, 0xAB, 0x14, 0xAB, 0x14, 0xAB, 0x14, 0xAB, 0x14, 0xAB, 0x14, 0xAB,
    0x14, 0xAB, 0x14, 0xAB, 0x14, 0xAB, 0x14, 0xAB, 0x14, 0xAB, 0x14, 0xAB, 0x14, 0xAB, 0x14, 0xAB,
    0x14, 0xAB, 0x14, 0xAB, 0x14, 0xAB, 0x14, 0xAB, 0x14, 0xAB, 0x14, 0xAB, 0x14, 0xAB, 0x14, 0xAB,
    0x14, 0xAB, 0x14, 0xAB, 0x14, 0xAB, 0x14, 0xAB, 0x14, 0xAB, 0x14, 0xAB, 0x14, 0xAB, 0x14, 0xAB,
    0x14, 0xAB, 0x14, 0xAB, 0x14, 0xAB, 0x14, 0xAB, 0x14, 0xAB, 0x14, 0xAB, 0x14, 0xAB, 0x14, 0xAB,
    0x55, 0xAB, 0xDB, 0x6C, 0x1A, 0x85, 0xFB, 0x64, 0x1C, 0x65, 0xBC, 0x85, 0x7C, 0x7D, 0x3C, 0x6D,
    0xDB, 0x5C, 0x5C, 0x7D, 0x9F, 0xEF, 0xFF, 0xFF, 0xFF, 0xFF, 0xFF, 0xFF, 0xFF, 0xFF, 0xFF, 0xFF,
    0xFF, 0xFF, 0xFF, 0xFF, 0xFF, 0xFF, 0xFF, 0xFF, 0xFF, 0xFF, 0xFF, 0xFF, 0xFF, 0xFF, 0xFF, 0xFF,
    0xFF, 0xFF, 0xFF, 0xFF, 0xFF, 0xFF, 0xFF, 0xFF, 0xFF, 0xFF, 0xFF, 0xFF, 0xFF, 0xFF, 0xFF, 0xFF,
    0xFF, 0xFF, 0xFF, 0xFF, 0xFF, 0xFF, 0xFF, 0xFF, 0xFF, 0xFF, 0xFF, 0xFF, 0xFF, 0xFF, 0xFF, 0xFF,
    0xFF, 0xFF, 0xFF, 0xFF, 0xFF, 0xFF, 0xFF, 0xFF, 0xFF, 0xFF, 0xFF, 0xFF, 0xFF, 0xFF, 0xFF, 0xFF,
    0xFF, 0xFF, 0xFF, 0xFF, 0xFF, 0xFF, 0xFF, 0xFF, 0xFF, 0xFF, 0xFF, 0xFF, 0xFF, 0xFF, 0xFF, 0xFF,
    0xFF, 0xFF, 0xFF, 0xFF, 0xFF, 0xFF, 0xFF, 0xFF, 0xFF, 0xFF, 0xFF, 0xFF, 0xFF, 0xFF, 0xFF, 0xFF,
    0xFF, 0xFF, 0xFF, 0xFF, 0xFF, 0xFF, 0xFF, 0xFF, 0xFF, 0xFF, 0xFF, 0xFF, 0xFF, 0xFF, 0xFF, 0xFF,
    0xFF, 0xFF, 0xFF, 0xFF, 0xFF, 0xFF, 0xFF, 0xFF, 0xFF, 0xFF, 0xFF, 0xFF, 0xFF, 0xFF, 0xFF, 0xFF,
    0xFF, 0xFF, 0xFF, 0xFF, 0xFF, 0xFF, 0xFF, 0xFF, 0xFF, 0xFF, 0xFF, 0xFF, 0xFF, 0xFF, 0xFF, 0xFF,
    0xFF, 0xFF, 0xFF, 0xFF, 0xFF, 0xFF, 0xFF, 0xFF, 0xFF, 0xFF, 0xFF, 0xFF, 0xFF, 0xFF, 0xFF, 0xFF,
    0xFF, 0xFF, 0xFF, 0xFF, 0xFF, 0xFF, 0xFF, 0xFF, 0xFF, 0xFF, 0xFF, 0xFF, 0xFF, 0xFF, 0xFF, 0xFF,
    0xFF, 0xFF, 0xFF, 0xFF, 0xFF, 0xFF, 0xFF, 0xFF, 0xFF, 0xFF, 0xFF, 0xFF, 0xFF, 0xFF, 0xFF, 0xFF,
    0xFF, 0xFF, 0xFF, 0xFF, 0xFF, 0xFF, 0xFF, 0xFF, 0xFF, 0xFF, 0xFF, 0xFF, 0xFF, 0xFF, 0xFF, 0xFF,
    0xFE, 0xC6, 0xDB, 0x5C, 0x5C, 0x75, 0x5C, 0x75, 0x7F, 0x6D, 0xB9, 0x94, 0xF6, 0xB3, 0x9D, 0x85,
    0x5B, 0x85, 0x7C, 0x85, 0x1B, 0x75, 0xDB, 0x64, 0x5D, 0x6D, 0xFC, 0x64, 0xDB, 0x64, 0x7A, 0x74,
    0x38, 0x84, 0xB7, 0x9B, 0x75, 0xAB, 0x14, 0xAB, 0x14, 0xAB, 0x14, 0xAB, 0x14, 0xAB, 0x14, 0xAB,
    0x14, 0xAB, 0x14, 0xAB, 0x14, 0xAB, 0x14, 0xAB, 0x14, 0xAB, 0x14, 0xAB, 0x14, 0xAB, 0x14, 0xAB,
    0x14, 0xAB, 0x14, 0xAB, 0x14, 0xAB, 0x14, 0xAB, 0x14, 0xAB, 0x14, 0xAB, 0x14, 0xAB, 0x14, 0xAB,
    0x14, 0xAB, 0x14, 0xAB, 0x14, 0xAB, 0x14, 0xAB, 0x14, 0xAB, 0x14, 0xAB, 0x14, 0xAB, 0x14, 0xAB,
    0x14, 0xAB, 0x14, 0xAB, 0x14, 0xAB, 0x14, 0xAB, 0x14, 0xAB, 0x14, 0xAB, 0x14, 0xAB, 0x14, 0xAB,
    0x14, 0xAB, 0x14, 0xAB, 0x14, 0xAB, 0x14, 0xAB, 0x14, 0xAB, 0x14, 0xAB, 0x14, 0xAB, 0x14, 0xAB,
    0x14, 0xAB, 0x14, 0xAB, 0x14, 0xAB, 0xF4, 0xA2, 0xB3, 0xA2, 0xF3, 0xA2, 0xB5, 0xAB, 0xD8, 0xC4,
    0xDA, 0xD5, 0xFE, 0xEE, 0xBF, 0xF7, 0xFF, 0xFF, 0xFF, 0xF7, 0xFF, 0xF7, 0xFF, 0xF7, 0xDF, 0xEF,
    0xBF, 0xEF, 0x9F, 0xEF, 0x9F, 0xEF, 0x9F, 0xEF, 0x9F, 0xEF, 0x7F, 0xEF, 0x7F, 0xEF, 0x9F, 0xEF,
    0x7F, 0xEF, 0x7F, 0xEF, 0x7F, 0xEF, 0x7F, 0xEF, 0x7F, 0xEF, 0x7E, 0xEF, 0x7E, 0xE7, 0x7E, 0xEF,
    0x7E, 0xEF, 0x5E, 0xE7, 0x5E, 0xE7, 0x7E, 0xE7, 0xBF, 0xEF, 0xDF, 0xEF, 0xFF, 0xF7, 0xFF, 0xFF,
    0xDF, 0xFF, 0x7F, 0xF7, 0x7C, 0xDE, 0x18, 0xC5, 0xB5, 0xAB, 0xD3, 0xA2, 0xB3, 0xA2, 0x14, 0xAB,
    0x14, 0xAB, 0x14, 0xAB, 0x14, 0xAB, 0x14, 0xAB, 0x14, 0xAB, 0x14, 0xAB, 0x14, 0xAB, 0x14, 0xAB,
    0x14, 0xAB, 0x14, 0xAB, 0x14, 0xAB, 0x14, 0xAB, 0x14, 0xAB, 0x14, 0xAB, 0x14, 0xAB, 0x14, 0xAB,
    0x14, 0xAB, 0x14, 0xAB, 0x14, 0xAB, 0x14, 0xAB, 0x14, 0xAB, 0x14, 0xAB, 0x14, 0xAB, 0x14, 0xAB,
    0x14, 0xAB, 0x14, 0xAB, 0x14, 0xAB, 0x14, 0xAB, 0x14, 0xAB, 0x14, 0xAB, 0x14, 0xAB, 0x14, 0xAB,
    0x14, 0xAB, 0x14, 0xAB, 0x14, 0xAB, 0x14, 0xAB, 0x14, 0xAB, 0x14, 0xAB, 0x14, 0xAB, 0x14, 0xAB,
    0x14, 0xAB, 0x14, 0xAB, 0x14, 0xAB, 0x14, 0xAB, 0x14, 0xAB, 0x14, 0xAB, 0x14, 0xAB, 0x14, 0xAB,
    0x14, 0xAB, 0x14, 0xAB, 0x14, 0xAB, 0x14, 0xAB, 0x14, 0xAB, 0x14, 0xAB, 0x14, 0xAB, 0x14, 0xAB,
    0x14, 0xAB, 0x14, 0xAB, 0x14, 0xAB, 0x14, 0xAB, 0x14, 0xAB, 0x14, 0xAB, 0x14, 0xAB, 0x14, 0xAB,
    0x14, 0xAB, 0x14, 0xAB, 0x14, 0xAB, 0x14, 0xAB, 0x14, 0xAB, 0x14, 0xAB, 0x14, 0xAB, 0x14, 0xAB,
    0x14, 0xAB, 0x14, 0xAB, 0x14, 0xAB, 0x14, 0xAB, 0x14, 0xAB, 0x14, 0xAB, 0x14, 0xAB, 0x14, 0xAB,
    0x14, 0xAB, 0x14, 0xAB, 0x14, 0xAB, 0x14, 0xAB, 0x14, 0xAB, 0x14, 0xAB, 0x14, 0xAB, 0x14, 0xAB,
    0x79, 0x8C, 0xFB, 0x74, 0xFA, 0x84, 0xFC, 0x5C, 0x3C, 0x6D, 0x9C, 0x7D, 0x5C, 0x75, 0x7C, 0x75,
    0x3B, 0x6D, 0x5E, 0xDF, 0xFF, 0xFF, 0xFF, 0xFF, 0xFF, 0xFF, 0xFF, 0xFF, 0xFF, 0xFF, 0xFF, 0xFF,
    0xFF, 0xFF, 0xFF, 0xFF, 0xFF, 0xFF, 0xFF, 0xFF, 0xFF, 0xFF, 0xFF, 0xFF, 0xFF, 0xFF, 0xFF, 0xFF,
    0xFF, 0xFF, 0xFF, 0xFF, 0xFF, 0xFF, 0xFF, 0xFF, 0xFF, 0xFF, 0xFF, 0xFF, 0xFF, 0xFF, 0xFF, 0xFF,
    0xFF, 0xFF, 0xFF, 0xFF, 0xFF, 0xFF, 0xFF, 0xFF, 0xFF, 0xFF, 0xFF, 0xFF, 0xFF, 0xFF, 0xFF, 0xFF,
    0xFF, 0xFF, 0xFF, 0xFF, 0xFF, 0xFF, 0xFF, 0xFF, 0xFF, 0xFF, 0xFF, 0xFF, 0xFF, 0xFF, 0xFF, 0xFF,
    0xFF, 0xFF, 0xFF, 0xFF, 0xFF, 0xFF, 0xFF, 0xFF, 0xFF, 0xFF, 0xFF, 0xFF, 0xFF, 0xFF, 0xFF, 0xFF,
    0xFF, 0xFF, 0xFF, 0xFF, 0xFF, 0xFF, 0xFF, 0xFF, 0xFF, 0xFF, 0xFF, 0xFF, 0xFF, 0xFF, 0xFF, 0xFF,
    0xFF, 0xFF, 0xFF, 0xFF, 0xFF, 0xFF, 0xFF, 0xFF, 0xFF, 0xFF, 0xFF, 0xFF, 0xFF, 0xFF, 0xFF, 0xFF,
    0xFF, 0xFF, 0xFF, 0xFF, 0xFF, 0xFF, 0xFF, 0xFF, 0xFF, 0xFF, 0xFF, 0xFF, 0xFF, 0xFF, 0xFF, 0xFF,
    0xFF, 0xFF, 0xFF, 0xFF, 0xFF, 0xFF, 0xFF, 0xFF, 0xFF, 0xFF, 0xFF, 0xFF, 0xFF, 0xFF, 0xFF, 0xFF,
    0xFF, 0xFF, 0xFF, 0xFF, 0xFF, 0xFF, 0xFF, 0xFF, 0xFF, 0xFF, 0xFF, 0xFF, 0xFF, 0xFF, 0xFF, 0xFF,
    0xFF, 0xFF, 0xFF, 0xFF, 0xFF, 0xFF, 0xFF, 0xFF, 0xFF, 0xFF, 0xFF, 0xFF, 0xFF, 0xFF, 0xFF, 0xFF,
    0xFF, 0xFF, 0xFF, 0xFF, 0xFF, 0xFF, 0xFF, 0xFF, 0xFF, 0xFF, 0xFF, 0xFF, 0xFF, 0xFF, 0xFF, 0xFF,
    0xFF, 0xFF, 0xFF, 0xFF, 0xFF, 0xFF, 0xFF, 0xFF, 0xFF, 0xFF, 0xFF, 0xFF, 0xFF, 0xFF, 0xFF, 0xFF,
    0xFF, 0xFF, 0x3E, 0xDF, 0x7C, 0x7D, 0x1C, 0x6D, 0x3C, 0x75, 0xDE, 0x85, 0xB9, 0x9C, 0x99, 0x94,
    0xBE, 0x7D, 0xDA, 0x8C, 0x59, 0x8C, 0x99, 0x8C, 0xB9, 0x94, 0xBA, 0x84, 0xBA, 0x7C, 0xFB, 0x6C,
    0x7E, 0x75, 0x1D, 0x65, 0x1C, 0x65, 0xBA, 0x7C, 0x18, 0x94, 0x95, 0xAB, 0x14, 0xAB, 0x14, 0xAB,
    0x14, 0xAB, 0x14, 0xAB, 0x14, 0xAB, 0x14, 0xAB, 0x14, 0xAB, 0x14, 0xAB, 0x14, 0xAB, 0x14, 0xAB,
    0x14, 0xAB, 0x14, 0xAB, 0x14, 0xAB, 0x14, 0xAB, 0x14, 0xAB, 0x14, 0xAB, 0x14, 0xAB, 0x14, 0xAB,
    0x14, 0xAB, 0x14, 0xAB, 0x14, 0xAB, 0x14, 0xAB, 0x14, 0xAB, 0x14, 0xAB, 0x14, 0xAB, 0x14, 0xAB,
    0x14, 0xAB, 0x14, 0xAB, 0x14, 0xAB, 0x14, 0xAB, 0x14, 0xAB, 0x14, 0xAB, 0x14, 0xAB, 0x14, 0xAB,
    0x14, 0xAB, 0x14, 0xAB, 0x14, 0xAB, 0x14, 0xAB, 0x14, 0xAB, 0x14, 0xAB, 0x14, 0xAB, 0x14, 0xAB,
    0x14, 0xAB, 0xB3, 0xA2, 0x14, 0xA3, 0xF6, 0xB3, 0x79, 0xCD, 0xFE, 0xEE, 0xDF, 0xFF, 0xFF, 0xFF,
    0xFF, 0xF7, 0xDF, 0xEF, 0xBF, 0xEF, 0x9F, 0xEF, 0x7F, 0xEF, 0x9F, 0xEF, 0x9F, 0xEF, 0x9F, 0xEF,
    0x9F, 0xEF, 0x9F, 0xEF, 0x9F, 0xEF, 0x9F, 0xEF, 0x9F, 0xEF, 0x9F, 0xEF, 0x9F, 0xEF, 0x9F, 0xEF,
    0x9F, 0xEF, 0x9F, 0xEF, 0x9F, 0xEF, 0x9F, 0xEF, 0x9F, 0xEF, 0x7E, 0xE7, 0x9F, 0xEF, 0x5E, 0xE7,
    0xFC, 0xDE, 0x3D, 0xE7, 0x7E, 0xE7, 0x9F, 0xE7, 0x9F, 0xEF, 0x9F, 0xEF, 0x9F, 0xEF, 0x9F, 0xEF,
    0xBF, 0xEF, 0xDF, 0xEF, 0xFF, 0xF7, 0xFF, 0xFF, 0xDF, 0xF7, 0xDD, 0xE6, 0x18, 0xC5, 0x95, 0xAB,
    0xD3, 0xA2, 0xF3, 0xA2, 0x14, 0xAB, 0x14, 0xAB, 0x14, 0xAB, 0x14, 0xAB, 0x14, 0xAB, 0x14, 0xAB,
    0x14, 0xAB, 0x14, 0xAB, 0x14, 0xAB, 0x14, 0xAB, 0x14, 0xAB, 0x14, 0xAB, 0x14, 0xAB, 0x14, 0xAB,
    0x14, 0xAB, 0x14, 0xAB, 0x14, 0xAB, 0x14, 0xAB, 0x14, 0xAB, 0x14, 0xAB, 0x14, 0xAB, 0x14, 0xAB,
    0x14, 0xAB, 0x14, 0xAB, 0x14, 0xAB, 0x14, 0xAB, 0x14, 0xAB, 0x14, 0xAB, 0x14, 0xAB, 0x14, 0xAB,
    0x14, 0xAB, 0x14, 0xAB, 0x14, 0xAB, 0x14, 0xAB, 0x14, 0xAB, 0x14, 0xAB, 0x14, 0xAB, 0x14, 0xAB,
    0x14, 0xAB, 0x14, 0xAB, 0x14, 0xAB, 0x14, 0xAB, 0x14, 0xAB, 0x14, 0xAB, 0x14, 0xAB, 0x14, 0xAB,
    0x14, 0xAB, 0x14, 0xAB, 0x14, 0xAB, 0x14, 0xAB, 0x14, 0xAB, 0x14, 0xAB, 0x14, 0xAB, 0x14, 0xAB,
    0x14, 0xAB, 0x14, 0xAB, 0x14, 0xAB, 0x14, 0xAB, 0x14, 0xAB, 0x14, 0xAB, 0x14, 0xAB, 0x14, 0xAB,
    0x14, 0xAB, 0x14, 0xAB, 0x14, 0xAB, 0x14, 0xAB, 0x14, 0xAB, 0x14, 0xAB, 0x14, 0xAB, 0x14, 0xAB,
    0x14, 0xAB, 0x14, 0xAB, 0x14, 0xAB, 0x14, 0xAB, 0x14, 0xAB, 0x14, 0xAB, 0x14, 0xAB, 0x14, 0xAB,
    0x14, 0xAB, 0x14, 0xAB, 0x14, 0xAB, 0x14, 0xAB, 0x14, 0xAB, 0x14, 0xAB, 0x14, 0xAB, 0x96, 0xA3,
    0xFB, 0x6C, 0xF9, 0x8C, 0x1C, 0x65, 0xFC, 0x64, 0x1C, 0x65, 0x5C, 0x75, 0x7C, 0x7D, 0x3C, 0x6D,
    0x1E, 0xCF, 0xFF, 0xFF, 0xFF, 0xFF, 0xFF, 0xFF, 0xFF, 0xFF, 0xFF, 0xFF, 0xFF, 0xFF, 0xFF, 0xFF,
    0xFF, 0xFF, 0xFF, 0xFF, 0xFF, 0xFF, 0xFF, 0xFF, 0xFF, 0xFF, 0xFF, 0xFF, 0xFF, 0xFF, 0xFF, 0xFF,
    0xFF, 0xFF, 0xFF, 0xFF, 0xFF, 0xFF, 0xFF, 0xFF, 0xFF, 0xFF, 0xFF, 0xFF, 0xFF, 0xFF, 0xFF, 0xFF,
    0xFF, 0xFF, 0xFF, 0xFF, 0xFF, 0xFF, 0xFF, 0xFF, 0xFF, 0xFF, 0xFF, 0xFF, 0xFF, 0xFF, 0xFF, 0xFF,
    0xFF, 0xFF, 0xFF, 0xFF, 0xFF, 0xFF, 0xFF, 0xFF, 0xFF, 0xFF, 0xFF, 0xFF, 0xFF, 0xFF, 0xFF, 0xFF,
    0xFF, 0xFF, 0xFF, 0xFF, 0xFF, 0xFF, 0xFF, 0xFF, 0xFF, 0xFF, 0xFF, 0xFF, 0xFF, 0xFF, 0xFF, 0xFF,
    0xFF, 0xFF, 0xFF, 0xFF, 0xFF, 0xFF, 0xFF, 0xFF, 0xFF, 0xFF, 0xFF, 0xFF, 0xFF, 0xFF, 0xFF, 0xFF,
    0xFF, 0xFF, 0xFF, 0xFF, 0xFF, 0xFF, 0xFF, 0xFF, 0xFF, 0xFF, 0xFF, 0xFF, 0xFF, 0xFF, 0xFF, 0xFF,
    0xFF, 0xFF, 0xFF, 0xFF, 0xFF, 0xFF, 0xFF, 0xFF, 0xFF, 0xFF, 0xFF, 0xFF, 0xFF, 0xFF, 0xFF, 0xFF,
    0xFF, 0xFF, 0xFF, 0xFF, 0xFF, 0xFF, 0xFF, 0xFF, 0xFF, 0xFF, 0xFF, 0xFF, 0xFF, 0xFF, 0xFF, 0xFF,
    0xFF, 0xFF, 0xFF, 0xFF, 0xFF, 0xFF, 0xFF, 0xFF, 0xFF, 0xFF, 0xFF, 0xFF, 0xFF, 0xFF, 0xFF, 0xFF,
    0xFF, 0xFF, 0xFF, 0xFF, 0xFF, 0xFF, 0xFF, 0xFF, 0xFF, 0xFF, 0xFF, 0xFF, 0xFF, 0xFF, 0xFF, 0xFF,
    0xFF, 0xFF, 0xFF, 0xFF, 0xFF, 0xFF, 0xFF, 0xFF, 0xFF, 0xFF, 0xFF, 0xFF, 0xFF, 0xFF, 0xFF, 0xFF,
    0xFF, 0xFF, 0xFF, 0xFF, 0xFF, 0xFF, 0xFF, 0xFF, 0xFF, 0xFF, 0xFF, 0xFF, 0xFF, 0xFF, 0xFF, 0xFF,
    0xFF, 0xFF, 0xFF, 0xFF, 0x7E, 0xE7, 0x5C, 0x75, 0x5C, 0x75, 0x5C, 0x75, 0x9D, 0x7D, 0x5C, 0x75,
    0x5C, 0x7D, 0x5C, 0x6D, 0xFD, 0x64, 0x1D, 0x65, 0xBB, 0x5C, 0xDB, 0x64, 0xBB, 0x6C, 0x1B, 0x75,
    0xBC, 0x8D, 0x5B, 0x85, 0xDB, 0x74, 0xFC, 0x5C, 0x3E, 0x65, 0xFC, 0x64, 0x9A, 0x8C, 0xB6, 0xA3,
    0x14, 0xAB, 0x14, 0xAB, 0x14, 0xAB, 0x14, 0xAB, 0x14, 0xAB, 0x14, 0xAB, 0x14, 0xAB, 0x14, 0xAB,
    0x14, 0xAB, 0x14, 0xAB, 0x14, 0xAB, 0x14, 0xAB, 0x14, 0xAB, 0x14, 0xAB, 0x14, 0xAB, 0x14, 0xAB,
    0x14, 0xAB, 0x14, 0xAB, 0x14, 0xAB, 0x14, 0xAB, 0x14, 0xAB, 0x14, 0xAB, 0x14, 0xAB, 0x14, 0xAB,
    0x14, 0xAB, 0x14, 0xAB, 0x14, 0xAB, 0x14, 0xAB, 0x14, 0xAB, 0x14, 0xAB, 0x14, 0xAB, 0x14, 0xAB,
    0x14, 0xAB, 0x14, 0xAB, 0x14, 0xAB, 0x14, 0xAB, 0x14, 0xAB, 0x14, 0xAB, 0xF4, 0xA2, 0xB3, 0xA2,
    0x95, 0xAB, 0x39, 0xC5, 0x1E, 0xEF, 0xFF, 0xFF, 0xFF, 0xF7, 0xDF, 0xEF, 0xBF, 0xEF, 0x9F, 0xEF,
    0x9F, 0xEF, 0x9F, 0xEF, 0x9F, 0xEF, 0x9F, 0xEF, 0x9F, 0xEF, 0x9F, 0xEF, 0x9F, 0xEF, 0x9F, 0xEF,
    0x9F, 0xEF, 0x9F, 0xEF, 0x9F, 0xEF, 0x9F, 0xEF, 0x9F, 0xEF, 0x9F, 0xEF, 0x9F, 0xEF, 0x9F, 0xEF,
    0x9F, 0xEF, 0x9F, 0xEF, 0x9F, 0xEF, 0x9F, 0xEF, 0x7E, 0xE7, 0x9F, 0xEF, 0xFD, 0xDE, 0xBB, 0xD6,
    0x5E, 0xE7, 0x9E, 0xEF, 0x9F, 0xEF, 0x9F, 0xEF, 0x9F, 0xEF, 0x9F, 0xEF, 0x9F, 0xEF, 0x9F, 0xEF,
    0x9F, 0xEF, 0xBF, 0xEF, 0x9F, 0xEF, 0x9F, 0xEF, 0xBF, 0xEF, 0xFF, 0xF7, 0xFF, 0xF7, 0x9F, 0xF7,
    0x1B, 0xD6, 0x36, 0xB4, 0xF3, 0xA2, 0xB3, 0xA2, 0x14, 0xAB, 0x14, 0xAB, 0x14, 0xAB, 0x14, 0xAB,
    0x14, 0xAB, 0x14, 0xAB, 0x14, 0xAB, 0x14, 0xAB, 0x14, 0xAB, 0x14, 0xAB, 0x14, 0xAB, 0x14, 0xAB,
    0x14, 0xAB, 0x14, 0xAB, 0x14, 0xAB, 0x14, 0xAB, 0x14, 0xAB, 0x14, 0xAB, 0x14, 0xAB, 0x14, 0xAB,
    0x14, 0xAB, 0x14, 0xAB, 0x14, 0xAB, 0x14, 0xAB, 0x14, 0xAB, 0x14, 0xAB, 0x14, 0xAB, 0x14, 0xAB,
    0x14, 0xAB, 0x14, 0xAB, 0x14, 0xAB, 0x14, 0xAB, 0x14, 0xAB, 0x14, 0xAB, 0x14, 0xAB, 0x14, 0xAB,
    0x14, 0xAB, 0x14, 0xAB, 0x14, 0xAB, 0x14, 0xAB, 0x14, 0xAB, 0x14, 0xAB, 0x14, 0xAB, 0x14, 0xAB,
    0x14, 0xAB, 0x14, 0xAB, 0x14, 0xAB, 0x14, 0xAB, 0x14, 0xAB, 0x14, 0xAB, 0x14, 0xAB, 0x14, 0xAB,
    0x14, 0xAB, 0x14, 0xAB, 0x14, 0xAB, 0x14, 0xAB, 0x14, 0xAB, 0x14, 0xAB, 0x14, 0xAB, 0x14, 0xAB,
    0x14, 0xAB, 0x14, 0xAB, 0x14, 0xAB, 0x14, 0xAB, 0x14, 0xAB, 0x14, 0xAB, 0x14, 0xAB, 0x14, 0xAB,
    0x14, 0xAB, 0x14, 0xAB, 0x14, 0xAB, 0x14, 0xAB, 0x14, 0xAB, 0x14, 0xAB, 0x14, 0xAB, 0x14, 0xAB,
    0x14, 0xAB, 0x14, 0xAB, 0x14, 0xAB, 0x14, 0xAB, 0x14, 0xAB, 0x14, 0xAB, 0x14, 0xAB, 0xDA, 0x7C,
    0xDA, 0x8C, 0xB9, 0x7C, 0x1D, 0x65, 0xFC, 0x64, 0xDB, 0x5C, 0x1C, 0x6D, 0x3C, 0x6D, 0x7E, 0xB6,
    0xFF, 0xFF, 0xFF, 0xFF, 0xFF, 0xFF, 0xFF, 0xFF, 0xFF, 0xFF, 0xFF, 0xFF, 0xFF, 0xFF, 0xFF, 0xFF,
    0xFF, 0xFF, 0xFF, 0xFF, 0xFF, 0xFF, 0xFF, 0xFF, 0xFF, 0xFF, 0xFF, 0xFF, 0xFF, 0xFF, 0xFF, 0xFF,
    0xFF, 0xFF, 0xFF, 0xFF, 0xFF, 0xFF, 0xFF, 0xFF, 0xFF, 0xFF, 0xFF, 0xFF, 0xFF, 0xFF, 0xFF, 0xFF,
    0xFF, 0xFF, 0xFF, 0xFF, 0xFF, 0xFF, 0xFF, 0xFF, 0xFF, 0xFF, 0xFF, 0xFF, 0xFF, 0xFF, 0xFF, 0xFF,
    0xFF, 0xFF, 0xFF, 0xFF, 0xFF, 0xFF, 0xFF, 0xFF, 0xFF, 0xFF, 0xFF, 0xFF, 0xFF, 0xFF, 0xFF, 0xFF,
    0xFF, 0xFF, 0xFF, 0xFF, 0xFF, 0xFF, 0xFF, 0xFF, 0xFF, 0xFF, 0xFF, 0xFF, 0xFF, 0xFF, 0xFF, 0xFF,
    0xFF, 0xFF, 0xFF, 0xFF, 0xFF, 0xFF, 0xFF, 0xFF, 0xFF, 0xFF, 0xFF, 0xFF, 0xFF, 0xFF, 0xFF, 0xFF,
    0xFF, 0xFF, 0xFF, 0xFF, 0xFF, 0xFF, 0xFF, 0xFF, 0xFF, 0xFF, 0xFF, 0xFF, 0xFF, 0xFF, 0xFF, 0xFF,
    0xFF, 0xFF, 0xFF, 0xFF, 0xFF, 0xFF, 0xFF, 0xFF, 0xFF, 0xFF, 0xFF, 0xFF, 0xFF, 0xFF, 0xFF, 0xFF,
    0xFF, 0xFF, 0xFF, 0xFF, 0xFF, 0xFF, 0xFF, 0xFF, 0xFF, 0xFF, 0xFF, 0xFF, 0xFF, 0xFF, 0xFF, 0xFF,
    0xFF, 0xFF, 0xFF, 0xFF, 0xFF, 0xFF, 0xFF, 0xFF, 0xFF, 0xFF, 0xFF, 0xFF, 0xFF, 0xFF, 0xFF, 0xFF,
    0xFF, 0xFF, 0xFF, 0xFF, 0xFF, 0xFF, 0xFF, 0xFF, 0xFF, 0xFF, 0xFF, 0xFF, 0xFF, 0xFF, 0xFF, 0xFF,
    0xFF, 0xFF, 0xFF, 0xFF, 0xFF, 0xFF, 0xFF, 0xFF, 0xFF, 0xFF, 0xFF, 0xFF, 0xFF, 0xFF, 0xFF, 0xFF,
    0xFF, 0xFF, 0xFF, 0xFF, 0xFF, 0xFF, 0xFF, 0xFF, 0xFF, 0xFF, 0xFF, 0xFF, 0xFF, 0xFF, 0xFF, 0xFF,
    0xFF, 0xFF, 0x9F, 0xEF, 0xBC, 0x8D, 0x3C, 0x6D, 0x7C, 0x7D, 0x5C, 0x7D, 0x5C, 0x75, 0x5C, 0x75,
    0x3C, 0x6D, 0xBC, 0x5C, 0xBC, 0x5C, 0xBC, 0x5C, 0xDC, 0x5C, 0xDC, 0x5C, 0xFD, 0x64, 0xFC, 0x5C,
    0xBC, 0x5C, 0xDC, 0x64, 0xDB, 0x6C, 0x1B, 0x7D, 0xBC, 0x85, 0x1B, 0x6D, 0xFD, 0x5C, 0xFC, 0x64,
    0xDA, 0x8C, 0x37, 0xAC, 0x14, 0xAB, 0x14, 0xAB, 0x14, 0xAB, 0x14, 0xAB, 0x14, 0xAB, 0x14, 0xAB,
    0x14, 0xAB, 0x14, 0xAB, 0x14, 0xAB, 0x14, 0xAB, 0x14, 0xAB, 0x14, 0xAB, 0x14, 0xAB, 0x14, 0xAB,
    0x14, 0xAB, 0x14, 0xAB, 0x14, 0xAB, 0x14, 0xAB, 0x14, 0xAB, 0x14, 0xAB, 0x14, 0xAB, 0x14, 0xAB,
    0x14, 0xAB, 0x14, 0xAB, 0x14, 0xAB, 0x14, 0xAB, 0x14, 0xAB, 0x14, 0xAB, 0x14, 0xAB, 0x14, 0xAB,
    0x14, 0xAB, 0x14, 0xAB, 0x14, 0xAB, 0x14, 0xAB, 0xF3, 0xA2, 0xD3, 0xA2, 0x16, 0xB4, 0x3B, 0xDE,
    0x9F, 0xF7, 0xFF, 0xF7, 0xBF, 0xEF, 0x9F, 0xEF, 0x9F, 0xEF, 0x9F, 0xEF, 0x9F, 0xEF, 0x9F, 0xEF,
    0x9F, 0xEF, 0x9F, 0xEF, 0x9F, 0xEF, 0x9F, 0xEF, 0x9F, 0xEF, 0x9F, 0xEF, 0x9F, 0xEF, 0x9F, 0xEF,
    0x9F, 0xEF, 0x9F, 0xEF, 0x9F, 0xEF, 0x9F, 0xEF, 0x9F, 0xE7, 0x9F, 0xEF, 0x9F, 0xE7, 0x9F, 0xE7,
    0x9E, 0xE7, 0x7E, 0xE7, 0x7F, 0xE7, 0x5E, 0xE7, 0x7E, 0xEF, 0xBB, 0xD6, 0x5A, 0xCE, 0x5E, 0xE7,
    0x7E, 0xE7, 0x7E, 0xE7, 0x9F, 0xEF, 0x9F, 0xEF, 0x9F, 0xEF, 0x9F, 0xEF, 0x9F, 0xEF, 0xBF, 0xEF,
    0xBF, 0xEF, 0x9F, 0xEF, 0x9F, 0xEF, 0x9F, 0xEF, 0xBF, 0xEF, 0xBF, 0xEF, 0x9F, 0xEF, 0xBF, 0xEF,
    0xFF, 0xF7, 0xFF, 0xF7, 0xDD, 0xE6, 0x97, 0xBC, 0x14, 0xA3, 0xD3, 0xA2, 0x14, 0xAB, 0x14, 0xAB,
    0x14, 0xAB, 0x14, 0xAB, 0x14, 0xAB, 0x14, 0xAB, 0x14, 0xAB, 0x14, 0xAB, 0x14, 0xAB, 0x14, 0xAB,
    0x14, 0xAB, 0x14, 0xAB, 0x14, 0xAB, 0x14, 0xAB, 0x14, 0xAB, 0x14, 0xAB, 0x14, 0xAB, 0x14, 0xAB,
    0x14, 0xAB, 0x14, 0xAB, 0x14, 0xAB, 0x14, 0xAB, 0x14, 0xAB, 0x14, 0xAB, 0x14, 0xAB, 0x14, 0xAB,
    0x14, 0xAB, 0x14, 0xAB, 0x14, 0xAB, 0x14, 0xAB, 0x14, 0xAB, 0x14, 0xAB, 0x14, 0xAB, 0x14, 0xAB,
    0x14, 0xAB, 0x14, 0xAB, 0x14, 0xAB, 0x14, 0xAB, 0x14, 0xAB, 0x14, 0xAB, 0x14, 0xAB, 0x14, 0xAB,
    0x14, 0xAB, 0x14, 0xAB, 0x14, 0xAB, 0x14, 0xAB, 0x14, 0xAB, 0x14, 0xAB, 0x14, 0xAB, 0x14, 0xAB,
    0x14, 0xAB, 0x14, 0xAB, 0x14, 0xAB, 0x14, 0xAB, 0x14, 0xAB, 0x14, 0xAB, 0x14, 0xAB, 0x14, 0xAB,
    0x14, 0xAB, 0x14, 0xAB, 0x14, 0xAB, 0x14, 0xAB, 0x14, 0xAB, 0x14, 0xAB, 0x14, 0xAB, 0x14, 0xAB,
    0x14, 0xAB, 0x14, 0xAB, 0x14, 0xAB, 0x14, 0xAB, 0x14, 0xAB, 0x14, 0xAB, 0x14, 0xAB, 0x14, 0xAB,
    0x14, 0xAB, 0x14, 0xAB, 0x14, 0xAB, 0x14, 0xAB, 0x14, 0xAB, 0x14, 0xAB, 0xD6, 0xA3, 0x1C, 0x6D,
    0x79, 0x9C, 0x1D, 0x65, 0xDC, 0x64, 0xDC, 0x5C, 0xFC, 0x64, 0xBB, 0x54, 0x9D, 0x85, 0xFF, 0xFF,
    0xFF, 0xFF, 0xFF, 0xFF, 0xFF, 0xFF, 0xFF, 0xFF, 0xFF, 0xFF, 0xFF, 0xFF, 0xFF, 0xFF, 0xFF, 0xFF,
    0xFF, 0xFF, 0xFF, 0xFF, 0xFF, 0xFF, 0xFF, 0xFF, 0xFF, 0xFF, 0xFF, 0xFF, 0xFF, 0xFF, 0xFF, 0xFF,
    0xFF, 0xFF, 0xFF, 0xFF, 0xFF, 0xFF, 0xFF, 0xFF, 0xFF, 0xFF, 0xFF, 0xFF, 0xFF, 0xFF, 0xFF, 0xFF,
    0xFF, 0xFF, 0xFF, 0xFF, 0xFF, 0xFF, 0xFF, 0xFF, 0xFF, 0xFF, 0xFF, 0xFF, 0xFF, 0xFF, 0xFF, 0xFF,
    0xFF, 0xFF, 0xFF, 0xFF, 0xFF, 0xFF, 0xFF, 0xFF, 0xFF, 0xFF, 0xFF, 0xFF, 0xFF, 0xFF, 0xFF, 0xFF,
    0xFF, 0xFF, 0xFF, 0xFF, 0xFF, 0xFF, 0xFF, 0xFF, 0xFF, 0xFF, 0xFF, 0xFF, 0xFF, 0xFF, 0xFF, 0xFF,
    0xFF, 0xFF, 0xFF, 0xFF, 0xFF, 0xFF, 0xFF, 0xFF, 0xFF, 0xFF, 0xFF, 0xFF, 0xFF, 0xFF, 0xFF, 0xFF,
    0xFF, 0xFF, 0xFF, 0xFF, 0xFF, 0xFF, 0xFF, 0xFF, 0xFF, 0xFF, 0xFF, 0xFF, 0xFF, 0xFF, 0xFF, 0xFF,
    0xFF, 0xFF, 0xFF, 0xFF, 0xFF, 0xFF, 0xFF, 0xFF, 0xFF, 0xFF, 0xFF, 0xFF, 0xFF, 0xFF, 0xFF, 0xFF,
    0xFF, 0xFF, 0xFF, 0xFF, 0xFF, 0xFF, 0xFF, 0xFF, 0xFF, 0xFF, 0xFF, 0xFF, 0xFF, 0xFF, 0xFF, 0xFF,
    0xFF, 0xFF, 0xFF, 0xFF, 0xFF, 0xFF, 0xFF, 0xFF, 0xFF, 0xFF, 0xFF, 0xFF, 0xFF, 0xFF, 0xFF, 0xFF,
    0xFF, 0xFF, 0xFF, 0xFF, 0xFF, 0xFF, 0xFF, 0xFF, 0xFF, 0xFF, 0xFF, 0xFF, 0xFF, 0xFF, 0xFF, 0xFF,
    0xFF, 0xFF, 0xFF, 0xFF, 0xFF, 0xFF, 0xFF, 0xFF, 0xFF, 0xFF, 0xFF, 0xFF, 0xFF, 0xFF, 0xFF, 0xFF,
    0xFF, 0xFF, 0xFF, 0xFF, 0xFF, 0xFF, 0xFF, 0xFF, 0xFF, 0xFF, 0xFF, 0xFF, 0xFF, 0xFF, 0xFF, 0xFF,
    0xDF, 0xFF, 0xDC, 0x8D, 0x1C, 0x6D, 0x1C, 0x65, 0x1C, 0x65, 0x3C, 0x6D, 0x5C, 0x75, 0x3C, 0x6D,
    0x5C, 0x75, 0x7C, 0x7D, 0x7C, 0x7D, 0x5C, 0x75, 0x3C, 0x6D, 0xFC, 0x64, 0xBB, 0x54, 0x9B, 0x54,
    0xBC, 0x54, 0xDB, 0x5C, 0xFC, 0x64, 0xDC, 0x64, 0x1C, 0x6D, 0xFA, 0x74, 0x1A, 0x85, 0x3C, 0x75,
    0x1E, 0x5D, 0x5E, 0x6D, 0xDA, 0x8C, 0xD6, 0xAB, 0x14, 0xAB, 0x14, 0xAB, 0x14, 0xAB, 0x14, 0xAB,
    0x14, 0xAB, 0x14, 0xAB, 0x14, 0xAB, 0x14, 0xAB, 0x14, 0xAB, 0x14, 0xAB, 0x14, 0xAB, 0x14, 0xAB,
    0x14, 0xAB, 0x14, 0xAB, 0x14, 0xAB, 0x14, 0xAB, 0x14, 0xAB, 0x14, 0xAB, 0x14, 0xAB, 0x14, 0xAB,
    0x14, 0xAB, 0x14, 0xAB, 0x14, 0xAB, 0x14, 0xAB, 0x14, 0xAB, 0x14, 0xAB, 0x14, 0xAB, 0x14, 0xAB,
    0x14, 0xAB, 0x14, 0xAB, 0xD3, 0xA2, 0xD3, 0xA2, 0x37, 0xBC, 0x9D, 0xEE, 0xFF, 0xFF, 0xBE, 0xEF,
    0x9F, 0xEF, 0x7F, 0xEF, 0x9F, 0xEF, 0x9F, 0xEF, 0x9F, 0xEF, 0x9F, 0xEF, 0x9F, 0xEF, 0x9F, 0xEF,
    0x9F, 0xEF, 0x9F, 0xEF, 0x9F, 0xEF, 0x9E, 0xE7, 0x9E, 0xE7, 0x9E, 0xE7, 0x9E, 0xE7, 0x7E, 0xE7,
    0x7E, 0xE7, 0x7E, 0xE7, 0x7E, 0xE7, 0x7E, 0xE7, 0x7E, 0xE7, 0x7E, 0xE7, 0x7E, 0xE7, 0x7E, 0xE7,
    0x7E, 0xE7, 0x7E, 0xE7, 0x5E, 0xE7, 0x7E, 0xEF, 0xBB, 0xD6, 0x19, 0xBE, 0x5E, 0xE7, 0x5E, 0xE7,
    0x7E, 0xE7, 0x7F, 0xE7, 0x9F, 0xE7, 0x9F, 0xE7, 0x9F, 0xEF, 0x9F, 0xEF, 0x9F, 0xEF, 0x9F, 0xEF,
    0xBF, 0xEF, 0x9F, 0xEF, 0x9F, 0xEF, 0x9F, 0xEF, 0x9F, 0xEF, 0xBF, 0xEF, 0xBF, 0xEF, 0xBF, 0xEF,
    0x9F, 0xEF, 0xBF, 0xEF, 0xFF, 0xF7, 0xFF, 0xF7, 0x1E, 0xEF, 0xB7, 0xBC, 0x13, 0xA3, 0xD3, 0xA2,
    0x14, 0xAB, 0x14, 0xAB, 0x14, 0xAB, 0x14, 0xAB, 0x14, 0xAB, 0x14, 0xAB, 0x14, 0xAB, 0x14, 0xAB,
    0x14, 0xAB, 0x14, 0xAB, 0x14, 0xAB, 0x14, 0xAB, 0x14, 0xAB, 0x14, 0xAB, 0x14, 0xAB, 0x14, 0xAB,
    0x14, 0xAB, 0x14, 0xAB, 0x14, 0xAB, 0x14, 0xAB, 0x14, 0xAB, 0x14, 0xAB, 0x14, 0xAB, 0x14, 0xAB,
    0x14, 0xAB, 0x14, 0xAB, 0x14, 0xAB, 0x14, 0xAB, 0x14, 0xAB, 0x14, 0xAB, 0x14, 0xAB, 0x14, 0xAB,
    0x14, 0xAB, 0x14, 0xAB, 0x14, 0xAB, 0x14, 0xAB, 0x14, 0xAB, 0x14, 0xAB, 0x14, 0xAB, 0x14, 0xAB,
    0x14, 0xAB, 0x14, 0xAB, 0x14, 0xAB, 0x14, 0xAB, 0x14, 0xAB, 0x14, 0xAB, 0x14, 0xAB, 0x14, 0xAB,
    0x14, 0xAB, 0x14, 0xAB, 0x14, 0xAB, 0x14, 0xAB, 0x14, 0xAB, 0x14, 0xAB, 0x14, 0xAB, 0x14, 0xAB,
    0x14, 0xAB, 0x14, 0xAB, 0x14, 0xAB, 0x14, 0xAB, 0x14, 0xAB, 0x14, 0xAB, 0x14, 0xAB, 0x14, 0xAB,
    0x14, 0xAB, 0x14, 0xAB, 0x14, 0xAB, 0x14, 0xAB, 0x14, 0xAB, 0x14, 0xAB, 0x14, 0xAB, 0x14, 0xAB,
    0x14, 0xAB, 0x14, 0xAB, 0x14, 0xAB, 0x14, 0xAB, 0x14, 0xAB, 0x14, 0xAB, 0x99, 0x7C, 0xB9, 0x94,
    0xBA, 0x7C, 0xFD, 0x5C, 0xDC, 0x5C, 0xDC, 0x5C, 0xDC, 0x5C, 0xDC, 0x5C, 0x7F, 0xE7, 0xFF, 0xFF,
    0xFF, 0xFF, 0xFF, 0xFF, 0xFF, 0xFF, 0xFF, 0xFF, 0xFF, 0xFF, 0xFF, 0xFF, 0xFF, 0xFF, 0xFF, 0xFF,
    0xFF, 0xFF, 0xFF, 0xFF, 0xFF, 0xFF, 0xFF, 0xFF, 0xFF, 0xFF, 0xFF, 0xFF, 0xFF, 0xFF, 0xFF, 0xFF,
    0xFF, 0xFF, 0xFF, 0xFF, 0xFF, 0xFF, 0xFF, 0xFF, 0xFF, 0xFF, 0xFF, 0xFF, 0xFF, 0xFF, 0xFF, 0xFF,
    0xFF, 0xFF, 0xFF, 0xFF, 0xFF, 0xFF, 0xFF, 0xFF, 0xFF, 0xFF, 0xFF, 0xFF, 0xFF, 0xFF, 0xFF, 0xFF,
    0xFF, 0xFF, 0xFF, 0xFF, 0xFF, 0xFF, 0xFF, 0xFF, 0xFF, 0xFF, 0xFF, 0xFF, 0xFF, 0xFF, 0xFF, 0xFF,
    0xFF, 0xFF, 0xFF, 0xFF, 0xFF, 0xFF, 0xFF, 0xFF, 0xFF, 0xFF, 0xFF, 0xFF, 0xFF, 0xFF, 0xFF, 0xFF,
    0xFF, 0xFF, 0xFF, 0xFF, 0xFF, 0xFF, 0xFF, 0xFF, 0xFF, 0xFF, 0xFF, 0xFF, 0xFF, 0xFF, 0xFF, 0xFF,
    0xFF, 0xFF, 0xFF, 0xFF, 0xFF, 0xFF, 0xFF, 0xFF, 0xFF, 0xFF, 0xFF, 0xFF, 0xFF, 0xFF, 0xFF, 0xFF,
    0xFF, 0xFF, 0xFF, 0xFF, 0xFF, 0xFF, 0xFF, 0xFF, 0xFF, 0xFF, 0xFF, 0xFF, 0xFF, 0xFF, 0xFF, 0xFF,
    0xFF, 0xFF, 0xFF, 0xFF, 0xFF, 0xFF, 0xFF, 0xFF, 0xFF, 0xFF, 0xFF, 0xFF, 0xFF, 0xFF, 0xFF, 0xFF,
    0xFF, 0xFF, 0xFF, 0xFF, 0xFF, 0xFF, 0xFF, 0xFF, 0xFF, 0xFF, 0xFF, 0xFF, 0xFF, 0xFF, 0xFF, 0xFF,
    0xFF, 0xFF, 0xFF, 0xFF, 0xFF, 0xFF, 0xFF, 0xFF, 0xFF, 0xFF, 0xFF, 0xFF, 0xFF, 0xFF, 0xFF, 0xFF,
    0xFF, 0xFF, 0xFF, 0xFF, 0xFF, 0xFF, 0xFF, 0xFF, 0xFF, 0xFF, 0xFF, 0xFF, 0xFF, 0xFF, 0xFF, 0xFF,
    0xFF, 0xFF, 0xFF, 0xFF, 0xFF, 0xFF, 0xFF, 0xFF, 0xFF, 0xFF, 0xFF, 0xFF, 0xFF, 0xFF, 0xFF, 0xFF,
    0x3F, 0xD7, 0xFC, 0x64, 0xDD, 0x8D, 0x3D, 0xAE, 0xBE, 0xBE, 0x1E, 0xD7, 0x5E, 0xDF, 0x7F, 0xE7,
    0xFF, 0xFF, 0xFF, 0xFF, 0xFF, 0xFF, 0xFF, 0xFF, 0xFF, 0xFF, 0xBF, 0xEF, 0x3E, 0xDF, 0x9D, 0xB6,
    0xBC, 0x85, 0xFC, 0x64, 0x9C, 0x54, 0xBC, 0x5C, 0xDC, 0x5C, 0xDC, 0x5C, 0x1C, 0x65, 0x3B, 0x7D,
    0xDA, 0x8C, 0xDB, 0x74, 0x5F, 0x65, 0x3C, 0x6D, 0x37, 0x94, 0x54, 0xAB, 0x14, 0xAB, 0x14, 0xAB,
    0x14, 0xAB, 0x14, 0xAB, 0x14, 0xAB, 0x14, 0xAB, 0x14, 0xAB, 0x14, 0xAB, 0x14, 0xAB, 0x14, 0xAB,
    0x14, 0xAB, 0x14, 0xAB, 0x14, 0xAB, 0x14, 0xAB, 0x14, 0xAB, 0x14, 0xAB, 0x14, 0xAB, 0x14, 0xAB,
    0x14, 0xAB, 0x14, 0xAB, 0x14, 0xAB, 0x14, 0xAB, 0x14, 0xAB, 0x14, 0xAB, 0x14, 0xAB, 0x14, 0xAB,
    0xF4, 0xA2, 0xB3, 0xA2, 0x16, 0xB4, 0xBD, 0xEE, 0xFF, 0xFF, 0xFF, 0xF7, 0x3D, 0xE7, 0x5E, 0xEF,
    0x9F, 0xEF, 0x9F, 0xEF, 0x9F, 0xEF, 0x9F, 0xEF, 0x9F, 0xEF, 0x9F, 0xEF, 0x9E, 0xE7, 0x9F, 0xE7,
    0x9E, 0xE7, 0x7E, 0xE7, 0x7E, 0xE7, 0x7E, 0xE7, 0x7E, 0xE7, 0x7E, 0xE7, 0x7E, 0xE7, 0x7E, 0xE7,
    0x7E, 0xE7, 0x7E, 0xE7, 0x7E, 0xE7, 0x7E, 0xE7, 0x7E, 0xE7, 0x7E, 0xE7, 0x7E, 0xE7, 0x5E, 0xE7,
    0x5E, 0xE7, 0x3E, 0xE7, 0x5E, 0xE7, 0xDC, 0xD6, 0xB7, 0xB5, 0x5E, 0xE7, 0x5E, 0xE7, 0x5E, 0xE7,
    0x7E, 0xE7, 0x7E, 0xE7, 0x7E, 0xE7, 0x7E, 0xE7, 0x7F, 0xE7, 0x9F, 0xE7, 0x9F, 0xEF, 0x9F, 0xEF,
    0x9F, 0xEF, 0x9F, 0xEF, 0xBF, 0xEF, 0xBF, 0xEF, 0xBF, 0xEF, 0x9F, 0xEF, 0x9F, 0xEF, 0xBF, 0xEF,
    0xBF, 0xEF, 0xBF, 0xEF, 0xBF, 0xEF, 0x9F, 0xEF, 0xDF, 0xEF, 0xFF, 0xF7, 0xFE, 0xEE, 0x77, 0xBC,
    0xD3, 0xA2, 0xD3, 0xA2, 0x14, 0xAB, 0x14, 0xAB, 0x14, 0xAB, 0x14, 0xAB, 0x14, 0xAB, 0x14, 0xAB,
    0x14, 0xAB, 0x14, 0xAB, 0x14, 0xAB, 0x14, 0xAB, 0x14, 0xAB, 0x14, 0xAB, 0x14, 0xAB, 0x14, 0xAB,
    0x14, 0xAB, 0x14, 0xAB, 0x14, 0xAB, 0x14, 0xAB, 0x14, 0xAB, 0x14, 0xAB, 0x14, 0xAB, 0x14, 0xAB,
    0x14, 0xAB, 0x14, 0xAB, 0x14, 0xAB, 0x14, 0xAB, 0x14, 0xAB, 0x14, 0xAB, 0x14, 0xAB, 0x14, 0xAB,
    0x14, 0xAB, 0x14, 0xAB, 0x14, 0xAB, 0x14, 0xAB, 0x14, 0xAB, 0x14, 0xAB, 0x14, 0xAB, 0x14, 0xAB,
    0x14, 0xAB, 0x14, 0xAB, 0x14, 0xAB, 0x14, 0xAB, 0x14, 0xAB, 0x14, 0xAB, 0x14, 0xAB, 0x14, 0xAB,
    0x14, 0xAB, 0x14, 0xAB, 0x14, 0xAB, 0x14, 0xAB, 0x14, 0xAB, 0x14, 0xAB, 0x14, 0xAB, 0x14, 0xAB,
    0x14, 0xAB, 0x14, 0xAB, 0x14, 0xAB, 0x14, 0xAB, 0x14, 0xAB, 0x14, 0xAB, 0x14, 0xAB, 0x14, 0xAB,
    0x14, 0xAB, 0x14, 0xAB, 0x14, 0xAB, 0x14, 0xAB, 0x14, 0xAB, 0x14, 0xAB, 0x14, 0xAB, 0x14, 0xAB,
    0x14, 0xAB, 0x14, 0xAB, 0x14, 0xAB, 0x14, 0xAB, 0x14, 0xAB, 0x96, 0xA3, 0xFB, 0x74, 0x99, 0xA4,
    0x1D, 0x65, 0xDC, 0x5C, 0xDC, 0x5C, 0xFC, 0x64, 0x9B, 0x54, 0x9E, 0xB6, 0xFF, 0xFF, 0xFF, 0xFF,
    0xFF, 0xFF, 0xFF, 0xFF, 0xFF, 0xFF, 0xFF, 0xFF, 0xFF, 0xFF, 0xFF, 0xFF, 0xFF, 0xFF, 0xFF, 0xFF,
    0xFF, 0xFF, 0xFF, 0xFF, 0xFF, 0xFF, 0xFF, 0xFF, 0xFF, 0xFF, 0xFF, 0xFF, 0xFF, 0xFF, 0xFF, 0xFF,
    0xFF, 0xFF, 0xFF, 0xFF, 0xFF, 0xFF, 0xFF, 0xFF, 0xFF, 0xFF, 0xFF, 0xFF, 0xFF, 0xFF, 0xFF, 0xFF,
    0xFF, 0xFF, 0xFF, 0xFF, 0xFF, 0xFF, 0xFF, 0xFF, 0xFF, 0xFF, 0xFF, 0xFF, 0xFF, 0xFF, 0xFF, 0xFF,
    0xFF, 0xFF, 0xFF, 0xFF, 0xFF, 0xFF, 0xFF, 0xFF, 0xFF, 0xFF, 0xFF, 0xFF, 0xFF, 0xFF, 0xFF, 0xFF,
    0xFF, 0xFF, 0xFF, 0xFF, 0xFF, 0xFF, 0xFF, 0xFF, 0xFF, 0xFF, 0xFF, 0xFF, 0xFF, 0xFF, 0xFF, 0xFF,
    0xFF, 0xFF, 0xFF, 0xFF, 0xFF, 0xFF, 0xFF, 0xFF, 0xFF, 0xFF, 0xFF, 0xFF, 0xFF, 0xFF, 0xFF, 0xFF,
    0xFF, 0xFF, 0xFF, 0xFF, 0xFF, 0xFF, 0xFF, 0xFF, 0xFF, 0xFF, 0xFF, 0xFF, 0xFF, 0xFF, 0xFF, 0xFF,
    0xFF, 0xFF, 0xFF, 0xFF, 0xFF, 0xFF, 0xFF, 0xFF, 0xFF, 0xFF, 0xFF, 0xFF, 0xFF, 0xFF, 0xFF, 0xFF,
    0xFF, 0xFF, 0xFF, 0xFF, 0xFF, 0xFF, 0xFF, 0xFF, 0xFF, 0xFF, 0xFF, 0xFF, 0xFF, 0xFF, 0xFF, 0xFF,
    0xFF, 0xFF, 0xFF, 0xFF, 0xFF, 0xFF, 0xFF, 0xFF, 0xFF, 0xFF, 0xFF, 0xFF, 0xFF, 0xFF, 0xFF, 0xFF,
    0xFF, 0xFF, 0xFF, 0xFF, 0xFF, 0xFF, 0xFF, 0xFF, 0xFF, 0xFF, 0xFF, 0xFF, 0xFF, 0xFF, 0xFF, 0xFF,
    0xFF, 0xFF, 0xFF, 0xFF, 0xFF, 0xFF, 0xFF, 0xFF, 0xFF, 0xFF, 0xFF, 0xFF, 0xFF, 0xFF, 0xFF, 0xFF,
    0xFF, 0xFF, 0xFF, 0xFF, 0xFF, 0xFF, 0xFF, 0xFF, 0xFF, 0xFF, 0xFF, 0xFF, 0xFF, 0xFF, 0xFF, 0xFF,
    0xDF, 0xF7, 0x7F, 0xE7, 0xFF, 0xFF, 0xFF, 0xFF, 0xFF, 0xFF, 0xFF, 0xFF, 0xFF, 0xFF, 0xFF, 0xFF,
    0xFF, 0xFF, 0xFF, 0xFF, 0xFF, 0xFF, 0xFF, 0xFF, 0xFF, 0xFF, 0xFF, 0xFF, 0xFF, 0xFF, 0xFF, 0xFF,
    0xFF, 0xFF, 0x9F, 0xEF, 0x9E, 0xB6, 0x5C, 0x75, 0xBB, 0x54, 0xBC, 0x5C, 0xDC, 0x5C, 0xDC, 0x5C,
    0x1C, 0x6D, 0xB9, 0x8C, 0x58, 0x8C, 0xFC, 0x64, 0x3E, 0x65, 0x1B, 0x85, 0xD6, 0xAB, 0x14, 0xAB,
    0x14, 0xAB, 0x14, 0xAB, 0x14, 0xAB, 0x14, 0xAB, 0x14, 0xAB, 0x14, 0xAB, 0x14, 0xAB, 0x14, 0xAB,
    0x14, 0xAB, 0x14, 0xAB, 0x14, 0xAB, 0x14, 0xAB, 0x14, 0xAB, 0x14, 0xAB, 0x14, 0xAB, 0x14, 0xAB,
    0x14, 0xAB, 0x14, 0xAB, 0x14, 0xAB, 0x14, 0xAB, 0x14, 0xAB, 0x14, 0xAB, 0x14, 0xAB, 0xB3, 0xA2,
    0xB5, 0xAB, 0x5C, 0xE6, 0xFF, 0xFF, 0xFF, 0xFF, 0xBF, 0xF7, 0x3D, 0xE7, 0x3D, 0xE7, 0x9F, 0xEF,
    0x9F, 0xE7, 0x9F, 0xEF, 0x9E, 0xEF, 0x9E, 0xE7, 0x9E, 0xE7, 0x7E, 0xE7, 0x7E, 0xE7, 0x5E, 0xE7,
    0x5E, 0xE7, 0x5E, 0xE7, 0x5E, 0xE7, 0x5D, 0xE7, 0x3E, 0xE7, 0x5E, 0xE7, 0x5E, 0xE7, 0x5E, 0xE7,
    0x5E, 0xE7, 0x5E, 0xE7, 0x5E, 0xE7, 0x5E, 0xE7, 0x5E, 0xE7, 0x5E, 0xE7, 0x5E, 0xE7, 0x5D, 0xE7,
    0x3D, 0xE7, 0x3D, 0xE7, 0x1D, 0xDF, 0x96, 0xAD, 0x1D, 0xDF, 0x5E, 0xDF, 0x5E, 0xE7, 0x5E, 0xE7,
    0x5E, 0xE7, 0x7E, 0xE7, 0x7E, 0xE7, 0x7E, 0xE7, 0x7E, 0xE7, 0x7E, 0xE7, 0x7F, 0xE7, 0x9F, 0xE7,
    0x9F, 0xEF, 0x9F, 0xEF, 0x9F, 0xEF, 0x9F, 0xEF, 0xBF, 0xEF, 0xBF, 0xEF, 0xBF, 0xEF, 0x9F, 0xEF,
    0x9F, 0xEF, 0xBF, 0xEF, 0xBF, 0xEF, 0xBF, 0xEF, 0xBF, 0xEF, 0xBF, 0xEF, 0xDF, 0xF7, 0xDF, 0xF7,
    0x9D, 0xE6, 0xF6, 0xB3, 0xB3, 0xA2, 0x14, 0xAB, 0x14, 0xAB, 0x14, 0xAB, 0x14, 0xAB, 0x14, 0xAB,
    0x14, 0xAB, 0x14, 0xAB, 0x14, 0xAB, 0x14, 0xAB, 0x14, 0xAB, 0x14, 0xAB, 0x14, 0xAB, 0x14, 0xAB,
    0x14, 0xAB, 0x14, 0xAB, 0x14, 0xAB, 0x14, 0xAB, 0x14, 0xAB, 0x14, 0xAB, 0x14, 0xAB, 0x14, 0xAB,
    0x14, 0xAB, 0x14, 0xAB, 0x14, 0xAB, 0x14, 0xAB, 0x14, 0xAB, 0x14, 0xAB, 0x14, 0xAB, 0x14, 0xAB,
    0x14, 0xAB, 0x14, 0xAB, 0x14, 0xAB, 0x14, 0xAB, 0x14, 0xAB, 0x14, 0xAB, 0x14, 0xAB, 0x14, 0xAB,
    0x14, 0xAB, 0x14, 0xAB, 0x14, 0xAB, 0x14, 0xAB, 0x14, 0xAB, 0x14, 0xAB, 0x14, 0xAB, 0x14, 0xAB,
    0x14, 0xAB, 0x14, 0xAB, 0x14, 0xAB, 0x14, 0xAB, 0x14, 0xAB, 0x14, 0xAB, 0x14, 0xAB, 0x14, 0xAB,
    0x14, 0xAB, 0x14, 0xAB, 0x14, 0xAB, 0x14, 0xAB, 0x14, 0xAB, 0x14, 0xAB, 0x14, 0xAB, 0x14, 0xAB,
    0x14, 0xAB, 0x14, 0xAB, 0x14, 0xAB, 0x14, 0xAB, 0x14, 0xAB, 0x14, 0xAB, 0x14, 0xAB, 0x14, 0xAB,
    0x14, 0xAB, 0x14, 0xAB, 0x14, 0xAB, 0x14, 0xAB, 0x14, 0xAB, 0xB9, 0x8C, 0x99, 0x94, 0x9A, 0x84,
    0x1D, 0x65, 0xDC, 0x5C, 0xDC, 0x64, 0xBC, 0x5C, 0x7C, 0x7D, 0xFF, 0xFF, 0xFF, 0xFF, 0xFF, 0xFF,
    0xFF, 0xFF, 0xFF, 0xFF, 0xFF, 0xFF, 0xFF, 0xFF, 0xFF, 0xFF, 0xFF, 0xFF, 0xFF, 0xFF, 0xFF, 0xFF,
    0xFF, 0xFF, 0xFF, 0xFF, 0xFF, 0xFF, 0xFF, 0xFF, 0xFF, 0xFF, 0xFF, 0xFF, 0xFF, 0xFF, 0xFF, 0xFF,
    0xFF, 0xFF, 0xFF, 0xFF, 0xFF, 0xFF, 0xFF, 0xFF, 0xFF, 0xFF, 0xFF, 0xFF, 0xFF, 0xFF, 0xFF, 0xFF,
    0xFF, 0xFF, 0xFF, 0xFF, 0xFF, 0xFF, 0xFF, 0xFF, 0xFF, 0xFF, 0xFF, 0xFF, 0xFF, 0xFF, 0xFF, 0xFF,
    0xFF, 0xFF, 0xFF, 0xFF, 0xFF, 0xFF, 0xFF, 0xFF, 0xFF, 0xFF, 0xFF, 0xFF, 0xFF, 0xFF, 0xFF, 0xFF,
    0xFF, 0xFF, 0xFF, 0xFF, 0xFF, 0xFF, 0xFF, 0xFF, 0xFF, 0xFF, 0xFF, 0xFF, 0xFF, 0xFF, 0xFF, 0xFF,
    0xFF, 0xFF, 0xFF, 0xFF, 0xFF, 0xFF, 0xFF, 0xFF, 0xFF, 0xFF, 0xFF, 0xFF, 0xFF, 0xFF, 0xFF, 0xFF,
    0xFF, 0xFF, 0xFF, 0xFF, 0xFF, 0xFF, 0xFF, 0xFF, 0xFF, 0xFF, 0xFF, 0xFF, 0xFF, 0xFF, 0xFF, 0xFF,
    0xFF, 0xFF, 0xFF, 0xFF, 0xFF, 0xFF, 0xFF, 0xFF, 0xFF, 0xFF, 0xFF, 0xFF, 0xFF, 0xFF, 0xFF, 0xFF,
    0xFF, 0xFF, 0xFF, 0xFF, 0xFF, 0xFF, 0xFF, 0xFF, 0xFF, 0xFF, 0xFF, 0xFF, 0xFF, 0xFF, 0xFF, 0xFF,
    0xFF, 0xFF, 0xFF, 0xFF, 0xFF, 0xFF, 0xFF, 0xFF, 0xFF, 0xFF, 0xFF, 0xFF, 0xFF, 0xFF, 0xFF, 0xFF,
    0xFF, 0xFF, 0xFF, 0xFF, 0xFF, 0xFF, 0xFF, 0xFF, 0xFF, 0xFF, 0xFF, 0xFF, 0xFF, 0xFF, 0xFF, 0xFF,
    0xFF, 0xFF, 0xFF, 0xFF, 0xFF, 0xFF, 0xFF, 0xFF, 0xFF, 0xFF, 0xFF, 0xFF, 0xFF, 0xFF, 0xFF, 0xFF,
    0xFF, 0xFF, 0xFF, 0xFF, 0xFF, 0xFF, 0xFF, 0xFF, 0xFF, 0xFF, 0xFF, 0xFF, 0xFF, 0xFF, 0xFF, 0xFF,
    0xFF, 0xFF, 0xFF, 0xFF, 0xFF, 0xFF, 0xFF, 0xFF, 0xFF, 0xFF, 0xFF, 0xFF, 0xFF, 0xFF, 0xFF, 0xFF,
    0xFF, 0xFF, 0xFF, 0xFF, 0xFF, 0xFF, 0xFF, 0xFF, 0xFF, 0xFF, 0xFF, 0xFF, 0xFF, 0xFF, 0xFF, 0xFF,
    0xFF, 0xFF, 0xFF, 0xFF, 0xFF, 0xFF, 0xFF, 0xFF, 0xDE, 0xC6, 0x5C, 0x7D, 0x9B, 0x54, 0xDC, 0x5C,
    0xFC, 0x64, 0xFD, 0x5C, 0xDB, 0x7C, 0x78, 0x9C, 0xFB, 0x7C, 0x3F, 0x5D, 0x3C, 0x6D, 0x17, 0xA4,
    0x14, 0xAB, 0x14, 0xAB, 0x14, 0xAB, 0x14, 0xAB, 0x14, 0xAB, 0x14, 0xAB, 0x14, 0xAB, 0x14, 0xAB,
    0x14, 0xAB, 0x14, 0xAB, 0x14, 0xAB, 0x14, 0xAB, 0x14, 0xAB, 0x14, 0xAB, 0x14, 0xAB, 0x14, 0xAB,
    0x14, 0xAB, 0x14, 0xAB, 0x14, 0xAB, 0x14, 0xAB, 0x14, 0xAB, 0xD3, 0xA2, 0x14, 0xA3, 0x79, 0xCD,
    0xDF, 0xFF, 0xFF, 0xFF, 0xDF, 0xF7, 0xBF, 0xEF, 0x5E, 0xE7, 0xFC, 0xDE, 0x7F, 0xEF, 0x7E, 0xE7,
    0x7F, 0xE7, 0x7E, 0xE7, 0x7E, 0xE7, 0x7E, 0xE7, 0x7E, 0xE7, 0x7E, 0xE7, 0x7E, 0xE7, 0xDF, 0xF7,
    0xDF, 0xF7, 0xDF, 0xF7, 0xDF, 0xF7, 0xDF, 0xEF, 0xBF, 0xEF, 0x7E, 0xE7, 0x5D, 0xDF, 0x5E, 0xDF,
    0x5E, 0xE7, 0x5E, 0xE7, 0x5E, 0xE7, 0x5D, 0xDF, 0x5E, 0xDF, 0x5D, 0xE7, 0x3D, 0xE7, 0x3D, 0xDF,
    0x1D, 0xDF, 0x5D, 0xE7, 0xB7, 0xB5, 0x7B, 0xCE, 0x5E, 0xE7, 0x3D, 0xDF, 0x5D, 0xDF, 0x5E, 0xE7,
    0x5E, 0xE7, 0x5E, 0xE7, 0x5E, 0xE7, 0x5E, 0xE7, 0x7E, 0xE7, 0x7E, 0xE7, 0x7E, 0xE7, 0x7E, 0xE7,
    0x7F, 0xE7, 0x9F, 0xE7, 0x9F, 0xEF, 0x9F, 0xEF, 0x9F, 0xEF, 0x9F, 0xEF, 0xBF, 0xEF, 0xBF, 0xEF,
    0xBF, 0xEF, 0x9F, 0xEF, 0x9F, 0xEF, 0xBF, 0xEF, 0xBF, 0xEF, 0xBF, 0xEF, 0xBF, 0xEF, 0x9F, 0xEF,
    0xDF, 0xEF, 0xBF, 0xF7, 0xDB, 0xD5, 0x54, 0xAB, 0xB3, 0xA2, 0x14, 0xAB, 0x14, 0xAB, 0x14, 0xAB,
    0x14, 0xAB, 0x14, 0xAB, 0x14, 0xAB, 0x14, 0xAB, 0x14, 0xAB, 0x14, 0xAB, 0x14, 0xAB, 0x14, 0xAB,
    0x14, 0xAB, 0x14, 0xAB, 0x14, 0xAB, 0x14, 0xAB, 0x14, 0xAB, 0x14, 0xAB, 0x14, 0xAB, 0x14, 0xAB,
    0x14, 0xAB, 0x14, 0xAB, 0x14, 0xAB, 0x14, 0xAB, 0x14, 0xAB, 0x14, 0xAB, 0x14, 0xAB, 0x14, 0xAB,
    0x14, 0xAB, 0x14, 0xAB, 0x14, 0xAB, 0x14, 0xAB, 0x14, 0xAB, 0x14, 0xAB, 0x14, 0xAB, 0x14, 0xAB,
    0x14, 0xAB, 0x14, 0xAB, 0x14, 0xAB, 0x14, 0xAB, 0x14, 0xAB, 0x14, 0xAB, 0x14, 0xAB, 0x14, 0xAB,
    0x14, 0xAB, 0x14, 0xAB, 0x14, 0xAB, 0x14, 0xAB, 0x14, 0xAB, 0x14, 0xAB, 0x14, 0xAB, 0x14, 0xAB,
    0x14, 0xAB, 0x14, 0xAB, 0x14, 0xAB, 0x14, 0xAB, 0x14, 0xAB, 0x14, 0xAB, 0x14, 0xAB, 0x14, 0xAB,
    0x14, 0xAB, 0x14, 0xAB, 0x14, 0xAB, 0x14, 0xAB, 0x14, 0xAB, 0x14, 0xAB, 0x14, 0xAB, 0x14, 0xAB,
    0x14, 0xAB, 0x14, 0xAB, 0x14, 0xAB, 0x14, 0xAB, 0x55, 0xAB, 0xDA, 0x84, 0x58, 0x9C, 0x1D, 0x65,
    0xDC, 0x5C, 0xDC, 0x5C, 0xDC, 0x64, 0xBB, 0x54, 0x3E, 0xD7, 0xFF, 0xFF, 0xFF, 0xFF, 0xFF, 0xFF,
    0xFF, 0xFF, 0xFF, 0xFF, 0xFF, 0xFF, 0xFF, 0xFF, 0xFF, 0xFF, 0xFF, 0xFF, 0xFF, 0xFF, 0xFF, 0xFF,
    0xFF, 0xFF, 0xFF, 0xFF, 0xFF, 0xFF, 0xFF, 0xFF, 0xFF, 0xFF, 0xFF, 0xFF, 0xFF, 0xFF, 0xFF, 0xFF,
    0xFF, 0xFF, 0xFF, 0xFF, 0xFF, 0xFF, 0xFF, 0xFF, 0xFF, 0xFF, 0xFF, 0xFF, 0xFF, 0xFF, 0xFF, 0xFF,
    0xFF, 0xFF, 0xFF, 0xFF, 0xFF, 0xFF, 0xFF, 0xFF, 0xFF, 0xFF, 0xFF, 0xFF, 0xFF, 0xFF, 0xFF, 0xFF,
    0xFF, 0xFF, 0xFF, 0xFF, 0xFF, 0xFF, 0xFF, 0xFF, 0xFF, 0xFF, 0xFF, 0xFF, 0xFF, 0xFF, 0xFF, 0xFF,
    0xFF, 0xFF, 0xFF, 0xFF, 0xFF, 0xFF, 0xFF, 0xFF, 0xFF, 0xFF, 0xFF, 0xFF, 0xFF, 0xFF, 0xFF, 0xFF,
    0xFF, 0xFF, 0xFF, 0xFF, 0xFF, 0xFF, 0xFF, 0xFF, 0xFF, 0xFF, 0xFF, 0xFF, 0xFF, 0xFF, 0xFF, 0xFF,
    0xFF, 0xFF, 0xFF, 0xFF, 0xFF, 0xFF, 0xFF, 0xFF, 0xFF, 0xFF, 0xFF, 0xFF, 0xFF, 0xFF, 0xFF, 0xFF,
    0xFF, 0xFF, 0xFF, 0xFF, 0xFF, 0xFF, 0xFF, 0xFF, 0xFF, 0xFF, 0xFF, 0xFF, 0xFF, 0xFF, 0xFF, 0xFF,
    0xFF, 0xFF, 0xFF, 0xFF, 0xFF, 0xFF, 0xFF, 0xFF, 0xFF, 0xFF, 0xFF, 0xFF, 0xFF, 0xFF, 0xFF, 0xFF,
    0xFF, 0xFF, 0xFF, 0xFF, 0xFF, 0xFF, 0xFF, 0xFF, 0xFF, 0xFF, 0xFF, 0xFF, 0xFF, 0xFF, 0xFF, 0xFF,
    0xFF, 0xFF, 0xFF, 0xFF, 0xFF, 0xFF, 0xFF, 0xFF, 0xFF, 0xFF, 0xFF, 0xFF, 0xFF, 0xFF, 0xFF, 0xFF,
    0xFF, 0xFF, 0xFF, 0xFF, 0xFF, 0xFF, 0xFF, 0xFF, 0xFF, 0xFF, 0xFF, 0xFF, 0xFF, 0xFF, 0xFF, 0xFF,
    0xFF, 0xFF, 0xFF, 0xFF, 0xFF, 0xFF, 0xFF, 0xFF, 0xFF, 0xFF, 0xFF, 0xFF, 0xFF, 0xFF, 0xFF, 0xFF,
    0xFF, 0xFF, 0xFF, 0xFF, 0xFF, 0xFF, 0xFF, 0xFF, 0xFF, 0xFF, 0xFF, 0xFF, 0xFF, 0xFF, 0xFF, 0xFF,
    0xFF, 0xFF, 0xFF, 0xFF, 0xFF, 0xFF, 0xFF, 0xFF, 0xFF, 0xFF, 0xFF, 0xFF, 0xFF, 0xFF, 0xFF, 0xFF,
    0xFF, 0xFF, 0xFF, 0xFF, 0xFF, 0xFF, 0xFF, 0xFF, 0xFF, 0xFF, 0xFF, 0xFF, 0x9D, 0xB6, 0xFC, 0x64,
    0x9B, 0x54, 0xFC, 0x64, 0x1D, 0x65, 0xDC, 0x6C, 0x37, 0xA4, 0x9A, 0x94, 0x3E, 0x65, 0x1C, 0x65,
    0x17, 0x9C, 0x14, 0xAB, 0x14, 0xAB, 0x14, 0xAB, 0x14, 0xAB, 0x14, 0xAB, 0x14, 0xAB, 0x14, 0xAB,
    0x14, 0xAB, 0x14, 0xAB, 0x14, 0xAB, 0x14, 0xAB, 0x14, 0xAB, 0x14, 0xAB, 0x14, 0xAB, 0x14, 0xAB,
    0x14, 0xAB, 0x14, 0xAB, 0x14, 0xAB, 0x14, 0xAB, 0xB3, 0xA2, 0x57, 0xBC, 0x5E, 0xF7, 0xFF, 0xFF,
    0xDF, 0xF7, 0xBF, 0xF7, 0xBF, 0xEF, 0x9F, 0xEF, 0xFC, 0xDE, 0x3D, 0xE7, 0x7E, 0xE7, 0x7E, 0xE7,
    0x7E, 0xE7, 0x7E, 0xE7, 0x7E, 0xE7, 0x5E, 0xE7, 0x5E, 0xE7, 0x7E, 0xE7, 0xDC, 0xD6, 0xF5, 0x9C,
    0x93, 0x8C, 0x11, 0x7C, 0xB0, 0x6B, 0x4E, 0x63, 0xAB, 0x4A, 0x76, 0xA5, 0x7E, 0xEF, 0x1D, 0xDF,
    0x3D, 0xDF, 0x3D, 0xDF, 0x3D, 0xDF, 0x3D, 0xDF, 0x3D, 0xDF, 0x3D, 0xDF, 0x3D, 0xDF, 0x1D, 0xDF,
    0x3D, 0xE7, 0x39, 0xC6, 0xB8, 0xB5, 0x5E, 0xE7, 0x1D, 0xDF, 0x3D, 0xDF, 0x3D, 0xDF, 0x5D, 0xDF,
    0x5D, 0xE7, 0x5E, 0xE7, 0x5E, 0xE7, 0x5E, 0xE7, 0x5E, 0xE7, 0x5E, 0xE7, 0x9F, 0xEF, 0x9F, 0xEF,
    0x5E, 0xE7, 0x7E, 0xE7, 0x7E, 0xE7, 0x9E, 0xE7, 0x9F, 0xEF, 0x9F, 0xEF, 0x9F, 0xEF, 0x9F, 0xEF,
    0xBF, 0xEF, 0xBF, 0xEF, 0x9F, 0xEF, 0x9F, 0xEF, 0x9F, 0xEF, 0x9F, 0xEF, 0x9F, 0xEF, 0xBF, 0xEF,
    0x9F, 0xEF, 0xBF, 0xEF, 0xFF, 0xEF, 0x5F, 0xEF, 0xB7, 0xBC, 0xD3, 0xA2, 0xF4, 0xA2, 0x14, 0xAB,
    0x14, 0xAB, 0x14, 0xAB, 0x14, 0xAB, 0x14, 0xAB, 0x14, 0xAB, 0x14, 0xAB, 0x14, 0xAB, 0x14, 0xAB,
    0x14, 0xAB, 0x14, 0xAB, 0x14, 0xAB, 0x14, 0xAB, 0x14, 0xAB, 0x14, 0xAB, 0x14, 0xAB, 0x14, 0xAB,
    0x14, 0xAB, 0x14, 0xAB, 0x14, 0xAB, 0x14, 0xAB, 0x14, 0xAB, 0x14, 0xAB, 0x14, 0xAB, 0x14, 0xAB,
    0x14, 0xAB, 0x14, 0xAB, 0x14, 0xAB, 0x14, 0xAB, 0x14, 0xAB, 0x14, 0xAB, 0x14, 0xAB, 0x14, 0xAB,
    0x14, 0xAB, 0x14, 0xAB, 0x14, 0xAB, 0x14, 0xAB, 0x14, 0xAB, 0x14, 0xAB, 0x14, 0xAB, 0x14, 0xAB,
    0x14, 0xAB, 0x14, 0xAB, 0x14, 0xAB, 0x14, 0xAB, 0x14, 0xAB, 0x14, 0xAB, 0x14, 0xAB, 0x14, 0xAB,
    0x14, 0xAB, 0x14, 0xAB, 0x14, 0xAB, 0x14, 0xAB, 0x14, 0xAB, 0x14, 0xAB, 0x14, 0xAB, 0x14, 0xAB,
    0x14, 0xAB, 0x14, 0xAB, 0x14, 0xAB, 0x14, 0xAB, 0x14, 0xAB, 0x14, 0xAB, 0x14, 0xAB, 0x14, 0xAB,
    0x14, 0xAB, 0x14, 0xAB, 0x34, 0xAB, 0x14, 0xAB, 0xB7, 0x9B, 0xB9, 0x8C, 0x58, 0x84, 0x3E, 0x65,
    0xDC, 0x64, 0xFC, 0x64, 0x9C, 0x54, 0xBD, 0x8D, 0xFF, 0xFF, 0xFF, 0xFF, 0xFF, 0xFF, 0xFF, 0xFF,
    0xFF, 0xFF, 0xFF, 0xFF, 0xFF, 0xFF, 0xFF, 0xFF, 0xFF, 0xFF, 0xFF, 0xFF, 0xFF, 0xFF, 0xFF, 0xFF,
    0xFF, 0xFF, 0xFF, 0xFF, 0xFF, 0xFF, 0xFF, 0xFF, 0xFF, 0xFF, 0xFF, 0xFF, 0xFF, 0xFF, 0xFF, 0xFF,
    0xFF, 0xFF, 0xFF, 0xFF, 0xFF, 0xFF, 0xFF, 0xFF, 0xFF, 0xFF, 0xFF, 0xFF, 0xFF, 0xFF, 0xFF, 0xFF,
    0xFF, 0xFF, 0xFF, 0xFF, 0xFF, 0xFF, 0xFF, 0xFF, 0xFF, 0xFF, 0xFF, 0xFF, 0xFF, 0xFF, 0xFF, 0xFF,
    0xFF, 0xFF, 0xFF, 0xFF, 0xFF, 0xFF, 0xFF, 0xFF, 0xFF, 0xFF, 0xFF, 0xFF, 0xFF, 0xFF, 0xFF, 0xFF,
    0xFF, 0xFF, 0xFF, 0xFF, 0xFF, 0xFF, 0xFF, 0xFF, 0xFF, 0xFF, 0xFF, 0xFF, 0xFF, 0xFF, 0xFF, 0xFF,
    0xFF, 0xFF, 0xFF, 0xFF, 0xFF, 0xFF, 0xFF, 0xFF, 0xFF, 0xFF, 0xFF, 0xFF, 0xFF, 0xFF, 0xFF, 0xFF,
    0xFF, 0xFF, 0xFF, 0xFF, 0xFF, 0xFF, 0xFF, 0xFF, 0xFF, 0xFF, 0xFF, 0xFF, 0xFF, 0xFF, 0xFF, 0xFF,
    0xFF, 0xFF, 0xFF, 0xFF, 0xFF, 0xFF, 0xFF, 0xFF, 0xFF, 0xFF, 0xFF, 0xFF, 0xFF, 0xFF, 0xFF, 0xFF,
    0xFF, 0xFF, 0xFF, 0xFF, 0xFF, 0xFF, 0xFF, 0xFF, 0xFF, 0xFF, 0xFF, 0xFF, 0xFF, 0xFF, 0xFF, 0xFF,
    0xFF, 0xFF, 0xFF, 0xFF, 0xFF, 0xFF, 0xFF, 0xFF, 0xFF, 0xFF, 0xFF, 0xFF, 0xFF, 0xFF, 0xFF, 0xFF,
    0xFF, 0xFF, 0xFF, 0xFF, 0xFF, 0xFF, 0xFF, 0xFF, 0xFF, 0xFF, 0xFF, 0xFF, 0xFF, 0xFF, 0xFF, 0xFF,
    0xFF, 0xFF, 0xFF, 0xFF, 0xFF, 0xFF, 0xFF, 0xFF, 0xFF, 0xFF, 0xFF, 0xFF, 0xFF, 0xFF, 0xFF, 0xFF,
    0xFF, 0xFF, 0xFF, 0xFF, 0xFF, 0xFF, 0xFF, 0xFF, 0xFF, 0xFF, 0xFF, 0xFF, 0xFF, 0xFF, 0xFF, 0xFF,
    0xFF, 0xFF, 0xFF, 0xFF, 0xFF, 0xFF, 0xFF, 0xFF, 0xFF, 0xFF, 0xFF, 0xFF, 0xFF, 0xFF, 0xFF, 0xFF,
    0xFF, 0xFF, 0xFF, 0xFF, 0xFF, 0xFF, 0xFF, 0xFF, 0xFF, 0xFF, 0xFF, 0xFF, 0xFF, 0xFF, 0xFF, 0xFF,
    0xFF, 0xFF, 0xFF, 0xFF, 0xFF, 0xFF, 0xFF, 0xFF, 0xFF, 0xFF, 0xFF, 0xFF, 0xFF, 0xFF, 0x9F, 0xEF,
    0x9C, 0x8D, 0xBC, 0x54, 0xDC, 0x64, 0xFD, 0x64, 0x1D, 0x65, 0x98, 0xA4, 0x58, 0x9C, 0x3E, 0x65,
    0x3D, 0x65, 0x58, 0x9C, 0x34, 0xAB, 0x34, 0xAB, 0x14, 0xAB, 0x14, 0xAB, 0x14, 0xAB, 0x14, 0xAB,
    0x14, 0xAB, 0x14, 0xAB, 0x14, 0xAB, 0x14, 0xAB, 0x14, 0xAB, 0x14, 0xAB, 0x14, 0xAB, 0x14, 0xAB,
    0x14, 0xAB, 0x14, 0xAB, 0xD4, 0xA2, 0x14, 0xA3, 0xDA, 0xD5, 0xFF, 0xFF, 0xFF, 0xF7, 0xDF, 0xF7,
    0xBF, 0xEF, 0xBF, 0xEF, 0x9F, 0xEF, 0x3D, 0xE7, 0xDC, 0xDE, 0x7E, 0xEF, 0x5E, 0xE7, 0x5E, 0xE7,
    0x5E, 0xE7, 0x5E, 0xE7, 0x5E, 0xE7, 0x5E, 0xE7, 0x3D, 0xDF, 0xBF, 0xF7, 0x8E, 0x6B, 0x00, 0x00,
    0x00, 0x00, 0x00, 0x00, 0x21, 0x00, 0x62, 0x08, 0x04, 0x21, 0x5A, 0xC6, 0x3D, 0xE7, 0x1C, 0xDF,
    0x1D, 0xDF, 0x1D, 0xDF, 0x1D, 0xDF, 0x1D, 0xDF, 0x1D, 0xDF, 0x1D, 0xDF, 0x1D, 0xDF, 0xFD, 0xDE,
    0xFC, 0xDE, 0x35, 0xA5, 0xFC, 0xD6, 0x1D, 0xDF, 0x1D, 0xDF, 0x1D, 0xDF, 0x3D, 0xDF, 0x3D, 0xDF,
    0x3D, 0xDF, 0x3D, 0xDF, 0x3D, 0xDF, 0x3D, 0xDF, 0x5E, 0xE7, 0x3E, 0xDF, 0x5B, 0xC6, 0xBC, 0xCE,
    0x9F, 0xEF, 0x7E, 0xE7, 0x7E, 0xE7, 0x7E, 0xE7, 0x7E, 0xE7, 0x9E, 0xE7, 0x9F, 0xEF, 0x9F, 0xEF,
    0x9F, 0xEF, 0x9F, 0xEF, 0x9F, 0xEF, 0x9F, 0xEF, 0x9F, 0xEF, 0x9F, 0xEF, 0x9F, 0xEF, 0x9F, 0xEF,
    0x9F, 0xEF, 0x9F, 0xEF, 0x7F, 0xEF, 0xDF, 0xF7, 0xFF, 0xFF, 0xDE, 0xEE, 0xF6, 0xB3, 0xB3, 0x9A,
    0x14, 0xAB, 0x14, 0xAB, 0x14, 0xAB, 0x14, 0xAB, 0x14, 0xAB, 0x14, 0xAB, 0x14, 0xAB, 0x14, 0xAB,
    0x14, 0xAB, 0x14, 0xAB, 0x14, 0xAB, 0x14, 0xAB, 0x14, 0xAB, 0x14, 0xAB, 0x14, 0xAB, 0x14, 0xAB,
    0x14, 0xAB, 0x14, 0xAB, 0x14, 0xAB, 0x14, 0xAB, 0x14, 0xAB, 0x14, 0xAB, 0x14, 0xAB, 0x14, 0xAB,
    0x14, 0xAB, 0x14, 0xAB, 0x14, 0xAB, 0x14, 0xAB, 0x14, 0xAB, 0x14, 0xAB, 0x14, 0xAB, 0x14, 0xAB,
    0x14, 0xAB, 0x14, 0xAB, 0x14, 0xAB, 0x14, 0xAB, 0x14, 0xAB, 0x14, 0xAB, 0x14, 0xAB, 0x14, 0xAB,
    0x14, 0xAB, 0x14, 0xAB, 0x14, 0xAB, 0x14, 0xAB, 0x14, 0xAB, 0x14, 0xAB, 0x14, 0xAB, 0x14, 0xAB,
    0x14, 0xAB, 0x14, 0xAB, 0x14, 0xAB, 0x14, 0xAB, 0x14, 0xAB, 0x14, 0xAB, 0x14, 0xAB, 0x14, 0xAB,
    0x14, 0xAB, 0x14, 0xAB, 0x14, 0xAB, 0x14, 0xAB, 0x14, 0xAB, 0x14, 0xAB, 0x14, 0xAB, 0x14, 0xAB,
    0x14, 0xAB, 0x14, 0xAB, 0x14, 0xAB, 0x14, 0xAB, 0x99, 0x94, 0x78, 0xA4, 0x1C, 0x75, 0xDC, 0x5C,
    0xDC, 0x5C, 0xDC, 0x64, 0xBB, 0x5C, 0x5F, 0xDF, 0xFF, 0xFF, 0xFF, 0xFF, 0xFF, 0xFF, 0xFF, 0xFF,
    0xFF, 0xFF, 0xFF, 0xFF, 0xFF, 0xFF, 0xFF, 0xFF, 0xFF, 0xFF, 0xFF, 0xFF, 0xFF, 0xFF, 0xFF, 0xFF,
    0xFF, 0xFF, 0xFF, 0xFF, 0xFF, 0xFF, 0xFF, 0xFF, 0xFF, 0xFF, 0xFF, 0xFF, 0xFF, 0xFF, 0xFF, 0xFF,
    0xFF, 0xFF, 0xFF, 0xFF, 0xFF, 0xFF, 0xFF, 0xFF, 0xFF, 0xFF, 0xFF, 0xFF, 0xFF, 0xFF, 0xFF, 0xFF,
    0xFF, 0xFF, 0xFF, 0xFF, 0xFF, 0xFF, 0xFF, 0xFF, 0xFF, 0xFF, 0xFF, 0xFF, 0xFF, 0xFF, 0xFF, 0xFF,
    0xFF, 0xFF, 0xFF, 0xFF, 0xFF, 0xFF, 0xFF, 0xFF, 0xFF, 0xFF, 0xFF, 0xFF, 0xFF, 0xFF, 0xFF, 0xFF,
    0xFF, 0xFF, 0xFF, 0xFF, 0xFF, 0xFF, 0xFF, 0xFF, 0xFF, 0xFF, 0xFF, 0xFF, 0xFF, 0xFF, 0xFF, 0xFF,
    0xFF, 0xFF, 0xFF, 0xFF, 0xFF, 0xFF, 0xFF, 0xFF, 0xFF, 0xFF, 0xFF, 0xFF, 0xFF, 0xFF, 0xFF, 0xFF,
    0xFF, 0xFF, 0xFF, 0xFF, 0xFF, 0xFF, 0xFF, 0xFF, 0xFF, 0xFF, 0xFF, 0xFF, 0xFF, 0xFF, 0xFF, 0xFF,
    0xFF, 0xFF, 0xFF, 0xFF, 0xFF, 0xFF, 0xFF, 0xFF, 0xFF, 0xFF, 0xFF, 0xFF, 0xFF, 0xFF, 0xFF, 0xFF,
    0xFF, 0xFF, 0xFF, 0xFF, 0xFF, 0xFF, 0xFF, 0xFF, 0xFF, 0xFF, 0xFF, 0xFF, 0xFF, 0xFF, 0xFF, 0xFF,
    0xFF, 0xFF, 0xFF, 0xFF, 0xFF, 0xFF, 0xFF, 0xFF, 0xFF, 0xFF, 0xFF, 0xFF, 0xFF, 0xFF, 0xFF, 0xFF,
    0xFF, 0xFF, 0xFF, 0xFF, 0xFF, 0xFF, 0xFF, 0xFF, 0xFF, 0xFF, 0xFF, 0xFF, 0xFF, 0xFF, 0xFF, 0xFF,
    0xFF, 0xFF, 0xFF, 0xFF, 0xFF, 0xFF, 0xFF, 0xFF, 0xFF, 0xFF, 0xFF, 0xFF, 0xFF, 0xFF, 0xFF, 0xFF,
    0xFF, 0xFF, 0xFF, 0xFF, 0xFF, 0xFF, 0xFF, 0xFF, 0xFF, 0xFF, 0xFF, 0xFF, 0xFF, 0xFF, 0xFF, 0xFF,
    0xFF, 0xFF, 0xFF, 0xFF, 0xFF, 0xFF, 0xFF, 0xFF, 0xFF, 0xFF, 0xFF, 0xFF, 0xFF, 0xFF, 0xFF, 0xFF,
    0xFF, 0xFF, 0xFF, 0xFF, 0xFF, 0xFF, 0xFF, 0xFF, 0xFF, 0xFF, 0xFF, 0xFF, 0xFF, 0xFF, 0xFF, 0xFF,
    0xFF, 0xFF, 0xFF, 0xFF, 0xFF, 0xFF, 0xFF, 0xFF, 0xFF, 0xFF, 0xFF, 0xFF, 0xFF, 0xFF, 0xFF, 0xFF,
    0xFF, 0xFF, 0x7D, 0xB6, 0xBC, 0x54, 0xDB, 0x5C, 0xDC, 0x5C, 0x3E, 0x65, 0x78, 0x9C, 0xD6, 0xA3,
    0x1D, 0x65, 0x5E, 0x6D, 0x17, 0x9C, 0x14, 0xAB, 0x34, 0xAB, 0x14, 0xAB, 0x14, 0xAB, 0x14, 0xAB,
    0x14, 0xAB, 0x14, 0xAB, 0x14, 0xAB, 0x14, 0xAB, 0x14, 0xAB, 0x14, 0xAB, 0x14, 0xAB, 0x14, 0xAB,
    0x14, 0xAB, 0xB3, 0xA2, 0xB5, 0xAB, 0x1E, 0xF7, 0xFF, 0xFF, 0xDF, 0xF7, 0xDF, 0xEF, 0xBF, 0xEF,
    0x9F, 0xEF, 0x9F, 0xEF, 0x7E, 0xEF, 0xBB, 0xD6, 0x3D, 0xE7, 0x5E, 0xE7, 0x5E, 0xE7, 0x5E, 0xE7,
    0x3D, 0xE7, 0x3D, 0xE7, 0x3D, 0xE7, 0x3D, 0xE7, 0x3D, 0xE7, 0x3D, 0xE7, 0xF8, 0xBD, 0xD7, 0xBD,
    0x59, 0xCE, 0x9B, 0xD6, 0xBC, 0xDE, 0xFC, 0xDE, 0x3D, 0xE7, 0x3D, 0xE7, 0x1D, 0xE7, 0x1D, 0xE7,
    0x1D, 0xE7, 0x1D, 0xE7, 0x1D, 0xE7, 0x1D, 0xE7, 0x1D, 0xE7, 0x1D, 0xE7, 0xFC, 0xDE, 0x3D, 0xE7,
    0x56, 0xAD, 0x19, 0xBE, 0x1D, 0xDF, 0xFC, 0xD6, 0x1D, 0xDF, 0x1D, 0xDF, 0x1D, 0xDF, 0x1D, 0xDF,
    0x3D, 0xDF, 0x3D, 0xDF, 0x3D, 0xDF, 0x3D, 0xDF, 0x3D, 0xE7, 0x51, 0x8C, 0xAB, 0x52, 0xAF, 0x73,
    0x36, 0x9D, 0x7E, 0xE7, 0x5E, 0xE7, 0x7E, 0xE7, 0x7E, 0xE7, 0x7E, 0xE7, 0x9E, 0xE7, 0x9E, 0xE7,
    0x9F, 0xE7, 0x9F, 0xEF, 0x9F, 0xEF, 0x9F, 0xEF, 0x9F, 0xEF, 0x9F, 0xEF, 0x9F, 0xEF, 0x7E, 0xEF,
    0x7E, 0xEF, 0xDF, 0xF7, 0xBF, 0xF7, 0xDB, 0xD6, 0x59, 0xC6, 0xBB, 0xCE, 0x3D, 0xE7, 0xBA, 0xD5,
    0x54, 0xAB, 0xD3, 0xA2, 0x14, 0xAB, 0x14, 0xAB, 0x14, 0xAB, 0x14, 0xAB, 0x14, 0xAB, 0x14, 0xAB,
    0x14, 0xAB, 0x14, 0xAB, 0x14, 0xAB, 0x14, 0xAB, 0x14, 0xAB, 0x14, 0xAB, 0x14, 0xAB, 0x14, 0xAB,
    0x14, 0xAB, 0x14, 0xAB, 0x14, 0xAB, 0x14, 0xAB, 0x14, 0xAB, 0x14, 0xAB, 0x14, 0xAB, 0x14, 0xAB,
    0x14, 0xAB, 0x14, 0xAB, 0x14, 0xAB, 0x14, 0xAB, 0x14, 0xAB, 0x14, 0xAB, 0x14, 0xAB, 0x14, 0xAB,
    0x14, 0xAB, 0x14, 0xAB, 0x14, 0xAB, 0x14, 0xAB, 0x14, 0xAB, 0x14, 0xAB, 0x14, 0xAB, 0x14, 0xAB,
    0x14, 0xAB, 0x14, 0xAB, 0x14, 0xAB, 0x14, 0xAB, 0x14, 0xAB, 0x14, 0xAB, 0x14, 0xAB, 0x14, 0xAB,
    0x14, 0xAB, 0x14, 0xAB, 0x14, 0xAB, 0x14, 0xAB, 0x14, 0xAB, 0x14, 0xAB, 0x14, 0xAB, 0x14, 0xAB,
    0x14, 0xAB, 0x14, 0xAB, 0x14, 0xAB, 0x14, 0xAB, 0x14, 0xAB, 0x14, 0xAB, 0x14, 0xAB, 0x14, 0xAB,
    0x14, 0xAB, 0x34, 0xAB, 0x14, 0xAB, 0x75, 0xAB, 0xB9, 0x84, 0xB9, 0x9C, 0x9E, 0x7D, 0xFC, 0x64,
    0xDC, 0x64, 0xBB, 0x54, 0xDC, 0x8D, 0xFF, 0xFF, 0xFF, 0xFF, 0xFF, 0xFF, 0xFF, 0xFF, 0xFF, 0xFF,
    0xFF, 0xFF, 0xFF, 0xFF, 0xFF, 0xFF, 0xFF, 0xFF, 0xFF, 0xFF, 0xFF, 0xFF, 0xFF, 0xFF, 0xFF, 0xFF,
    0xFF, 0xFF, 0xFF, 0xFF, 0xFF, 0xFF, 0xFF, 0xFF, 0xFF, 0xFF, 0xFF, 0xFF, 0xFF, 0xFF, 0xFF, 0xFF,
    0xFF, 0xFF, 0xFF, 0xFF, 0xFF, 0xFF, 0xFF, 0xFF, 0xFF, 0xFF, 0xFF, 0xFF, 0xFF, 0xFF, 0xFF, 0xFF,
    0xFF, 0xFF, 0xFF, 0xFF, 0xFF, 0xFF, 0xFF, 0xFF, 0xFF, 0xFF, 0xFF, 0xFF, 0xFF, 0xFF, 0xFF, 0xFF,
    0xFF, 0xFF, 0xFF, 0xFF, 0xFF, 0xFF, 0xFF, 0xFF, 0xFF, 0xFF, 0xFF, 0xFF, 0xFF, 0xFF, 0xFF, 0xFF,
    0xFF, 0xFF, 0xFF, 0xFF, 0xFF, 0xFF, 0xFF, 0xFF, 0xFF, 0xFF, 0xFF, 0xFF, 0xFF, 0xFF, 0xFF, 0xFF,
    0xFF, 0xFF, 0xFF, 0xFF, 0xFF, 0xFF, 0xFF, 0xFF, 0xFF, 0xFF, 0xFF, 0xFF, 0xFF, 0xFF, 0xFF, 0xFF,
    0xFF, 0xFF, 0xFF, 0xFF, 0xFF, 0xFF, 0xFF, 0xFF, 0xFF, 0xFF, 0xFF, 0xFF, 0xFF, 0xFF, 0xFF, 0xFF,
    0xFF, 0xFF, 0xFF, 0xFF, 0xFF, 0xFF, 0xFF, 0xFF, 0xFF, 0xFF, 0xFF, 0xFF, 0xFF, 0xFF, 0xFF, 0xFF,
    0xFF, 0xFF, 0xFF, 0xFF, 0xFF, 0xFF, 0xFF, 0xFF, 0xFF, 0xFF, 0xFF, 0xFF, 0xFF, 0xFF, 0xFF, 0xFF,
    0xFF, 0xFF, 0xFF, 0xFF, 0xFF, 0xFF, 0xFF, 0xFF, 0xFF, 0xFF, 0xFF, 0xFF, 0xFF, 0xFF, 0xFF, 0xFF,
    0xFF, 0xFF, 0xFF, 0xFF, 0xFF, 0xFF, 0xFF, 0xFF, 0xFF, 0xFF, 0xFF, 0xFF, 0xFF, 0xFF, 0xFF, 0xFF,
    0xFF, 0xFF, 0xFF, 0xFF, 0xFF, 0xFF, 0xFF, 0xFF, 0xFF, 0xFF, 0xFF, 0xFF, 0xFF, 0xFF, 0xFF, 0xFF,
    0xFF, 0xFF, 0xFF, 0xFF, 0xFF, 0xFF, 0xFF, 0xFF, 0xFF, 0xFF, 0xFF, 0xFF, 0xFF, 0xFF, 0xFF, 0xFF,
    0xFF, 0xFF, 0xFF, 0xFF, 0xFF, 0xFF, 0xFF, 0xFF, 0xFF, 0xFF, 0xFF, 0xFF, 0xFF, 0xFF, 0xFF, 0xFF,
    0xFF, 0xFF, 0xFF, 0xFF, 0xFF, 0xFF, 0xFF, 0xFF, 0xFF, 0xFF, 0xFF, 0xFF, 0xFF, 0xFF, 0xFF, 0xFF,
    0xFF, 0xFF, 0xFF, 0xFF, 0xFF, 0xFF, 0xFF, 0xFF, 0xFF, 0xFF, 0xFF, 0xFF, 0xFF, 0xFF, 0xFF, 0xFF,
    0xFF, 0xFF, 0xFF, 0xFF, 0xFE, 0xCE, 0xDC, 0x5C, 0xBB, 0x5C, 0xDC, 0x64, 0x5E, 0x65, 0x58, 0x9C,
    0x58, 0xA4, 0x3D, 0x65, 0x3C, 0x6D, 0xF7, 0xAB, 0x14, 0xAB, 0x34, 0xAB, 0x14, 0xAB, 0x14, 0xAB,
    0x14, 0xAB, 0x14, 0xAB, 0x14, 0xAB, 0x14, 0xAB, 0x14, 0xAB, 0x14, 0xAB, 0x14, 0xAB, 0x14, 0xAB,
    0xB3, 0x9A, 0x97, 0xBC, 0xFF, 0xFF, 0xFF, 0xFF, 0xBF, 0xF7, 0xBF, 0xEF, 0xBF, 0xEF, 0x9F, 0xEF,
    0x9F, 0xEF, 0x7E, 0xEF, 0x3D, 0xE7, 0xBB, 0xD6, 0x7E, 0xEF, 0x5D, 0xE7, 0x7E, 0xEF, 0x5D, 0xE7,
    0x5D, 0xE7, 0x1D, 0xDF, 0xFC, 0xDE, 0xBB, 0xD6, 0x5A, 0xCE, 0x19, 0xBE, 0x19, 0xC6, 0xF8, 0xBD,
    0x97, 0xB5, 0x56, 0xAD, 0x36, 0xA5, 0xF5, 0x9C, 0xD5, 0x94, 0xB4, 0x94, 0xB4, 0x8C, 0xB4, 0x8C,
    0xB4, 0x8C, 0xD5, 0x94, 0xF5, 0x94, 0xF6, 0x94, 0x16, 0x9D, 0x57, 0xA5, 0x98, 0xAD, 0x36, 0xA5,
    0xD4, 0x9C, 0xFD, 0xDE, 0xDC, 0xD6, 0xFC, 0xD6, 0xFC, 0xD6, 0x1D, 0xD7, 0x1D, 0xDF, 0x1D, 0xDF,
    0x1D, 0xDF, 0x1D, 0xDF, 0x1D, 0xDF, 0x1D, 0xDF, 0x3D, 0xE7, 0xAA, 0x5A, 0x24, 0x29, 0x89, 0x5A,
    0x6F, 0x6B, 0xDC, 0xD6, 0x7E, 0xE7, 0x5E, 0xE7, 0x7E, 0xE7, 0x7E, 0xE7, 0x7E, 0xE7, 0x7E, 0xE7,
    0x9E, 0xE7, 0x9E, 0xE7, 0x9E, 0xEF, 0x9F, 0xEF, 0x9F, 0xEF, 0x9F, 0xEF, 0x7E, 0xE7, 0xBF, 0xF7,
    0x9E, 0xF7, 0xB7, 0xB5, 0x71, 0x8C, 0x92, 0x8C, 0x35, 0xA5, 0x76, 0xAD, 0x56, 0xA5, 0xF8, 0xB5,
    0x5B, 0xD6, 0x37, 0xBC, 0xD3, 0xA2, 0x14, 0xAB, 0x14, 0xAB, 0x14, 0xAB, 0x14, 0xAB, 0x14, 0xAB,
    0x14, 0xAB, 0x14, 0xAB, 0x14, 0xAB, 0x14, 0xAB, 0x14, 0xAB, 0x14, 0xAB, 0x14, 0xAB, 0x14, 0xAB,
    0x14, 0xAB, 0x14, 0xAB, 0x14, 0xAB, 0x14, 0xAB, 0x14, 0xAB, 0x14, 0xAB, 0x14, 0xAB, 0x14, 0xAB,
    0x14, 0xAB, 0x14, 0xAB, 0x14, 0xAB, 0x14, 0xAB, 0x14, 0xAB, 0x14, 0xAB, 0x14, 0xAB, 0x14, 0xAB,
    0x14, 0xAB, 0x14, 0xAB, 0x14, 0xAB, 0x14, 0xAB, 0x14, 0xAB, 0x14, 0xAB, 0x14, 0xAB, 0x14, 0xAB,
    0x14, 0xAB, 0x14, 0xAB, 0x14, 0xAB, 0x14, 0xAB, 0x14, 0xAB, 0x14, 0xAB, 0x14, 0xAB, 0x14, 0xAB,
    0x14, 0xAB, 0x14, 0xAB, 0x14, 0xAB, 0x14, 0xAB, 0x14, 0xAB, 0x14, 0xAB, 0x14, 0xAB, 0x14, 0xAB,
    0x14, 0xAB, 0x14, 0xAB, 0x14, 0xAB, 0x14, 0xAB, 0x14, 0xAB, 0x14, 0xAB, 0x14, 0xAB, 0x14, 0xAB,
    0x14, 0xAB, 0x14, 0xAB, 0x14, 0xAB, 0x55, 0xAB, 0xB5, 0xB3, 0xBA, 0x74, 0x5D, 0x6D, 0x3C, 0x6D,
    0xDC, 0x5C, 0xBB, 0x54, 0x1E, 0xD7, 0xFF, 0xFF, 0xFF, 0xFF, 0xFF, 0xFF, 0xFF, 0xFF, 0xFF, 0xFF,
    0xFF, 0xFF, 0xFF, 0xFF, 0xFF, 0xFF, 0xFF, 0xFF, 0xFF, 0xFF, 0xFF, 0xFF, 0xFF, 0xFF, 0xFF, 0xFF,
    0xFF, 0xFF, 0xFF, 0xFF, 0xFF, 0xFF, 0xFF, 0xFF, 0xFF, 0xFF, 0xFF, 0xFF, 0xFF, 0xFF, 0xFF, 0xFF,
    0xFF, 0xFF, 0xFF, 0xFF, 0xFF, 0xFF, 0xFF, 0xFF, 0xFF, 0xFF, 0xFF, 0xFF, 0xFF, 0xFF, 0xFF, 0xFF,
    0xFF, 0xFF, 0xFF, 0xFF, 0xFF, 0xFF, 0xFF, 0xFF, 0xFF, 0xFF, 0xFF, 0xFF, 0xFF, 0xFF, 0xFF, 0xFF,
    0xFF, 0xFF, 0xFF, 0xFF, 0xFF, 0xFF, 0xFF, 0xFF, 0xFF, 0xFF, 0xFF, 0xFF, 0xFF, 0xFF, 0xFF, 0xFF,
    0xFF, 0xFF, 0xFF, 0xFF, 0xFF, 0xFF, 0xFF, 0xFF, 0xFF, 0xFF, 0xFF, 0xFF, 0xFF, 0xFF, 0xFF, 0xFF,
    0xFF, 0xFF, 0xFF, 0xFF, 0xFF, 0xFF, 0xFF, 0xFF, 0xFF, 0xFF, 0xFF, 0xFF, 0xFF, 0xFF, 0xFF, 0xFF,
    0xFF, 0xFF, 0xFF, 0xFF, 0xFF, 0xFF, 0xFF, 0xFF, 0xFF, 0xFF, 0xFF, 0xFF, 0xFF, 0xFF, 0xFF, 0xFF,
    0xFF, 0xFF, 0xFF, 0xFF, 0xFF, 0xFF, 0xFF, 0xFF, 0xFF, 0xFF, 0xFF, 0xFF, 0xFF, 0xFF, 0xFF, 0xFF,
    0xFF, 0xFF, 0xFF, 0xFF, 0xFF, 0xFF, 0xFF, 0xFF, 0xFF, 0xFF, 0xFF, 0xFF, 0xFF, 0xFF, 0xFF, 0xFF,
    0xFF, 0xFF, 0xFF, 0xFF, 0xFF, 0xFF, 0xFF, 0xFF, 0xFF, 0xFF, 0xFF, 0xFF, 0xFF, 0xFF, 0xFF, 0xFF,
    0xFF, 0xFF, 0xFF, 0xFF, 0xFF, 0xFF, 0xFF, 0xFF, 0xFF, 0xFF, 0xFF, 0xFF, 0xFF, 0xFF, 0xFF, 0xFF,
    0xFF, 0xFF, 0xFF, 0xFF, 0xFF, 0xFF, 0xFF, 0xFF, 0xFF, 0xFF, 0xFF, 0xFF, 0xFF, 0xFF, 0xFF, 0xFF,
    0xFF, 0xFF, 0xFF, 0xFF, 0xFF, 0xFF, 0xFF, 0xFF, 0xFF, 0xFF, 0xFF, 0xFF, 0xFF, 0xFF, 0xFF, 0xFF,
    0xFF, 0xFF, 0xFF, 0xFF, 0xFF, 0xFF, 0xFF, 0xFF, 0xFF, 0xFF, 0xFF, 0xFF, 0xFF, 0xFF, 0xFF, 0xFF,
    0xFF, 0xFF, 0xFF, 0xFF, 0xFF, 0xFF, 0xFF, 0xFF, 0xFF, 0xFF, 0xFF, 0xFF, 0xFF, 0xFF, 0xFF, 0xFF,
    0xFF, 0xFF, 0xFF, 0xFF, 0xFF, 0xFF, 0xFF, 0xFF, 0xFF, 0xFF, 0xFF, 0xFF, 0xFF, 0xFF, 0xFF, 0xFF,
    0xFF, 0xFF, 0xFF, 0xFF, 0xFF, 0xFF, 0x5E, 0xDF, 0xFB, 0x64, 0xDC, 0x5C, 0xDC, 0x5C, 0x5E, 0x6D,
    0x98, 0xA4, 0x58, 0x94, 0x7F, 0x65, 0xBA, 0x74, 0x34, 0xAB, 0x14, 0xAB, 0x14, 0xAB, 0x14, 0xAB,
    0x14, 0xAB, 0x14, 0xAB, 0x14, 0xAB, 0x14, 0xAB, 0x14, 0xAB, 0x35, 0xAB, 0x14, 0xAB, 0xB3, 0x9A,
    0x59, 0xCD, 0xFF, 0xFF, 0xDB, 0xDE, 0x9E, 0xEF, 0xBF, 0xEF, 0x9F, 0xEF, 0x9F, 0xEF, 0x9F, 0xEF,
    0x7E, 0xEF, 0x7E, 0xEF, 0xBB, 0xD6, 0x9B, 0xD6, 0x9B, 0xCE, 0xF9, 0xB5, 0x77, 0xA5, 0x16, 0x9D,
    0xD4, 0x94, 0x73, 0x84, 0x32, 0x7C, 0x32, 0x7C, 0x32, 0x7C, 0x53, 0x84, 0x53, 0x84, 0x73, 0x84,
    0x93, 0x8C, 0xB4, 0x8C, 0xB4, 0x8C, 0xB4, 0x8C, 0xB4, 0x8C, 0xB4, 0x8C, 0xB4, 0x8C, 0x94, 0x8C,
    0x74, 0x84, 0x53, 0x84, 0x53, 0x7C, 0xD1, 0x6B, 0x12, 0x74, 0xD1, 0x6B, 0xD2, 0x6B, 0x74, 0x84,
    0x7A, 0xCE, 0xBB, 0xD6, 0xBC, 0xD6, 0xDC, 0xD6, 0xDC, 0xD6, 0xFC, 0xD6, 0xFC, 0xD6, 0xFD, 0xD6,
    0x1D, 0xD7, 0x1D, 0xD7, 0x1D, 0xD7, 0x1C, 0xD7, 0x3D, 0xDF, 0x39, 0xC6, 0x8F, 0x73, 0x8F, 0x6B,
    0xF9, 0xBD, 0x3D, 0xDF, 0x5E, 0xE7, 0x5E, 0xE7, 0x5E, 0xE7, 0x7E, 0xE7, 0x7E, 0xE7, 0x7E, 0xE7,
    0x7E, 0xE7, 0x7E, 0xE7, 0x7E, 0xE7, 0x7E, 0xE7, 0x7E, 0xE7, 0x5E, 0xE7, 0xDF, 0xF7, 0xBB, 0xD6,
    0x51, 0x8C, 0x35, 0x9D, 0xFC, 0xDE, 0xBF, 0xEF, 0xFF, 0xF7, 0xFF, 0xF7, 0xDF, 0xF7, 0x3D, 0xDF,
    0x5A, 0xC6, 0x9B, 0xCE, 0xD8, 0xC4, 0xD3, 0xA2, 0x14, 0xAB, 0x14, 0xAB, 0x14, 0xAB, 0x14, 0xAB,
    0x14, 0xAB, 0x14, 0xAB, 0x14, 0xAB, 0x14, 0xAB, 0x14, 0xAB, 0x14, 0xAB, 0x14, 0xAB, 0x14, 0xAB,
    0x14, 0xAB, 0x14, 0xAB, 0x14, 0xAB, 0x14, 0xAB, 0x14, 0xAB, 0x14, 0xAB, 0x14, 0xAB, 0x14, 0xAB,
    0x14, 0xAB, 0x14, 0xAB, 0x14, 0xAB, 0x14, 0xAB, 0x14, 0xAB, 0x14, 0xAB, 0x14, 0xAB, 0x14, 0xAB,
    0x14, 0xAB, 0x14, 0xAB, 0x14, 0xAB, 0x14, 0xAB, 0x14, 0xAB, 0x14, 0xAB, 0x14, 0xAB, 0x14, 0xAB,
    0x14, 0xAB, 0x14, 0xAB, 0x14, 0xAB, 0x14, 0xAB, 0x14, 0xAB, 0x14, 0xAB, 0x14, 0xAB, 0x14, 0xAB,
    0x34, 0xAB, 0x34, 0xAB, 0x34, 0xAB, 0x34, 0xAB, 0x34, 0xAB, 0x34, 0xAB, 0x34, 0xAB, 0x34, 0xAB,
    0x34, 0xAB, 0x34, 0xAB, 0x34, 0xAB, 0x34, 0xAB, 0x34, 0xAB, 0x34, 0xAB, 0x34, 0xAB, 0x34, 0xAB,
    0x34, 0xAB, 0x34, 0xAB, 0x34, 0xAB, 0x34, 0xAB, 0x79, 0x84, 0xDC, 0x5C, 0x3C, 0x75, 0x1C, 0x6D,
    0xBC, 0x54, 0x5C, 0x75, 0xFF, 0xFF, 0xFF, 0xFF, 0xFF, 0xFF, 0xFF, 0xFF, 0xFF, 0xFF, 0xFF, 0xFF,
    0xFF, 0xFF, 0xFF, 0xFF, 0xFF, 0xFF, 0xFF, 0xFF, 0xFF, 0xFF, 0xFF, 0xFF, 0xFF, 0xFF, 0xFF, 0xFF,
    0xFF, 0xFF, 0xFF, 0xFF, 0xFF, 0xFF, 0xFF, 0xFF, 0xFF, 0xFF, 0xFF, 0xFF, 0xFF, 0xFF, 0xFF, 0xFF,
    0xFF, 0xFF, 0xFF, 0xFF, 0xFF, 0xFF, 0xFF, 0xFF, 0xFF, 0xFF, 0xFF, 0xFF, 0xFF, 0xFF, 0xFF, 0xFF,
    0xFF, 0xFF, 0xFF, 0xFF, 0xFF, 0xFF, 0xFF, 0xFF, 0xFF, 0xFF, 0xFF, 0xFF, 0xFF, 0xFF, 0xFF, 0xFF,
    0xFF, 0xFF, 0xFF, 0xFF, 0xFF, 0xFF, 0xFF, 0xFF, 0xFF, 0xFF, 0xFF, 0xFF, 0xFF, 0xFF, 0xFF, 0xFF,
    0xFF, 0xFF, 0xFF, 0xFF, 0xFF, 0xFF, 0xFF, 0xFF, 0xFF, 0xFF, 0xFF, 0xFF, 0xFF, 0xFF, 0xFF, 0xFF,
    0xFF, 0xFF, 0xFF, 0xFF, 0xFF, 0xFF, 0xFF, 0xFF, 0xFF, 0xFF, 0xFF, 0xFF, 0xFF, 0xFF, 0xFF, 0xFF,
    0xFF, 0xFF, 0xFF, 0xFF, 0xFF, 0xFF, 0xFF, 0xFF, 0xFF, 0xFF, 0xFF, 0xFF, 0xFF, 0xFF, 0xFF, 0xFF,
    0xFF, 0xFF, 0xFF, 0xFF, 0xFF, 0xFF, 0xFF, 0xFF, 0xFF, 0xFF, 0xFF, 0xFF, 0xFF, 0xFF, 0xFF, 0xFF,
    0xFF, 0xFF, 0xFF, 0xFF, 0xFF, 0xFF, 0xFF, 0xFF, 0xFF, 0xFF, 0xFF, 0xFF, 0xFF, 0xFF, 0xFF, 0xFF,
    0xFF, 0xFF, 0xFF, 0xFF, 0xFF, 0xFF, 0xFF, 0xFF, 0xFF, 0xFF, 0xFF, 0xFF, 0xFF, 0xFF, 0xFF, 0xFF,
    0xFF, 0xFF, 0xFF, 0xFF, 0xFF, 0xFF, 0xFF, 0xFF, 0xFF, 0xFF, 0xFF, 0xFF, 0xFF, 0xFF, 0xFF, 0xFF,
    0xFF, 0xFF, 0xFF, 0xFF, 0xFF, 0xFF, 0xFF, 0xFF, 0xFF, 0xFF, 0xFF, 0xFF, 0xFF, 0xFF, 0xFF, 0xFF,
    0xFF, 0xFF, 0xFF, 0xFF, 0xFF, 0xFF, 0xFF, 0xFF, 0xFF, 0xFF, 0xFF, 0xFF, 0xFF, 0xFF, 0xFF, 0xFF,
    0xFF, 0xFF, 0xFF, 0xFF, 0xFF, 0xFF, 0xFF, 0xFF, 0xFF, 0xFF, 0xFF, 0xFF, 0xFF, 0xFF, 0xFF, 0xFF,
    0xFF, 0xFF, 0xFF, 0xFF, 0xFF, 0xFF, 0xFF, 0xFF, 0xFF, 0xFF, 0xFF, 0xFF, 0xFF, 0xFF, 0xFF, 0xFF,
    0xFF, 0xFF, 0xFF, 0xFF, 0xFF, 0xFF, 0xFF, 0xFF, 0xFF, 0xFF, 0xFF, 0xFF, 0xFF, 0xFF, 0xFF, 0xFF,
    0xFF, 0xFF, 0xFF, 0xFF, 0xFF, 0xFF, 0xFF, 0xFF, 0x7F, 0xDF, 0xFC, 0x64, 0xDC, 0x5C, 0xDC, 0x64,
    0xFC, 0x64, 0x78, 0xAC, 0xDB, 0x7C, 0x3E, 0x5D, 0xF7, 0x93, 0x34, 0xAB, 0x34, 0xAB, 0x34, 0xAB,
    0x34, 0xAB, 0x34, 0xAB, 0x34, 0xAB, 0x34, 0xAB, 0x34, 0xAB, 0x34, 0xAB, 0xD3, 0xA2, 0xFB, 0xDD,
    0xFF, 0xFF, 0x71, 0x94, 0x8E, 0x73, 0xBF, 0xEF, 0x9F, 0xEF, 0x9F, 0xEF, 0x9E, 0xEF, 0x7E, 0xEF,
    0x5E, 0xE7, 0x5E, 0xE7, 0x19, 0xC6, 0x74, 0x84, 0x95, 0x8C, 0xB5, 0x8C, 0xD5, 0x94, 0xD8, 0xB5,
    0x39, 0xBE, 0x9A, 0xCE, 0xDC, 0xD6, 0x1D, 0xE7, 0x5D, 0xE7, 0x5D, 0xE7, 0x5D, 0xE7, 0x5D, 0xE7,
    0x5D, 0xE7, 0x5D, 0xE7, 0x3D, 0xE7, 0x3D, 0xE7, 0x3D, 0xE7, 0x5D, 0xE7, 0x5D, 0xE7, 0x5D, 0xE7,
    0x5D, 0xE7, 0x5D, 0xE7, 0x5D, 0xE7, 0x3D, 0xE7, 0x5D, 0xEF, 0x3D, 0xE7, 0x1D, 0xE7, 0x1D, 0xE7,
    0xFC, 0xDE, 0xDC, 0xD6, 0xDC, 0xD6, 0xBC, 0xD6, 0xBC, 0xD6, 0xBC, 0xD6, 0xBB, 0xD6, 0xDC, 0xD6,
    0xDC, 0xD6, 0xFC, 0xD6, 0xFC, 0xD6, 0xFC, 0xD6, 0xFD, 0xD6, 0x3D, 0xDF, 0x7F, 0xE7, 0x7E, 0xE7,
    0x5E, 0xE7, 0x3E, 0xDF, 0x5E, 0xDF, 0x5E, 0xE7, 0x5E, 0xE7, 0x5E, 0xE7, 0x5E, 0xE7, 0x7E, 0xE7,
    0x7E, 0xE7, 0x7E, 0xE7, 0x7E, 0xE7, 0x7E, 0xE7, 0x5E, 0xE7, 0xDF, 0xF7, 0xF8, 0xBD, 0x51, 0x84,
    0xDC, 0xD6, 0xDF, 0xF7, 0x9F, 0xEF, 0xBF, 0xEF, 0xBF, 0xF7, 0x9F, 0xEF, 0x9F, 0xEF, 0xBF, 0xF7,
    0xDF, 0xF7, 0x3D, 0xDF, 0xFC, 0xD6, 0x18, 0xC5, 0xD3, 0xA2, 0x34, 0xAB, 0x34, 0xAB, 0x34, 0xAB,
    0x34, 0xAB, 0x34, 0xAB, 0x34, 0xAB, 0x34, 0xAB, 0x34, 0xAB, 0x34, 0xAB, 0x34, 0xAB, 0x34, 0xAB,
    0x34, 0xAB, 0x34, 0xAB, 0x34, 0xAB, 0x34, 0xAB, 0x34, 0xAB, 0x34, 0xAB, 0x34, 0xAB, 0x34, 0xAB,
    0x34, 0xAB, 0x34, 0xAB, 0x34, 0xAB, 0x34, 0xAB, 0x34, 0xAB, 0x34, 0xAB, 0x34, 0xAB, 0x34, 0xAB,
    0x34, 0xAB, 0x34, 0xAB, 0x34, 0xAB, 0x34, 0xAB, 0x34, 0xAB, 0x34, 0xAB, 0x34, 0xAB, 0x34, 0xAB,
    0x34, 0xAB, 0x34, 0xAB, 0x34, 0xAB, 0x34, 0xAB, 0x34, 0xAB, 0x34, 0xAB, 0x34, 0xAB, 0x34, 0xAB,
    0x34, 0xAB, 0x34, 0xAB, 0x34, 0xAB, 0x34, 0xAB, 0x34, 0xAB, 0x34, 0xAB, 0x34, 0xAB, 0x34, 0xAB,
    0x34, 0xAB, 0x34, 0xAB, 0x34, 0xAB, 0x34, 0xAB, 0x34, 0xAB, 0x34, 0xAB, 0x34, 0xAB, 0x34, 0xAB,
    0x34, 0xAB, 0x34, 0xAB, 0x34, 0xAB, 0x38, 0xA4, 0xBF, 0x7D, 0x5C, 0x75, 0x5C, 0x75, 0xFC, 0x64,
    0x9B, 0x54, 0x5D, 0xAE, 0xFF, 0xFF, 0xFF, 0xFF, 0xFF, 0xFF, 0xFF, 0xFF, 0xFF, 0xFF, 0xFF, 0xFF,
    0xFF, 0xFF, 0xFF, 0xFF, 0xFF, 0xFF, 0xFF, 0xFF, 0xFF, 0xFF, 0xFF, 0xFF, 0xFF, 0xFF, 0xFF, 0xFF,
    0xFF, 0xFF, 0xFF, 0xFF, 0xFF, 0xFF, 0xFF, 0xFF, 0xFF, 0xFF, 0xFF, 0xFF, 0xFF, 0xFF, 0xFF, 0xFF,
    0xFF, 0xFF, 0xFF, 0xFF, 0xFF, 0xFF, 0xFF, 0xFF, 0xFF, 0xFF, 0xFF, 0xFF, 0xFF, 0xFF, 0xFF, 0xFF,
    0xFF, 0xFF, 0xFF, 0xFF, 0xFF, 0xFF, 0xFF, 0xFF, 0xFF, 0xFF, 0xFF, 0xFF, 0xFF, 0xFF, 0xFF, 0xFF,
    0xFF, 0xFF, 0xFF, 0xFF, 0xFF, 0xFF, 0xFF, 0xFF, 0xFF, 0xFF, 0xFF, 0xFF, 0xFF, 0xFF, 0xFF, 0xFF,
    0xFF, 0xFF, 0xFF, 0xFF, 0xFF, 0xFF, 0xFF, 0xFF, 0xFF, 0xFF, 0xFF, 0xFF, 0xFF, 0xFF, 0xFF, 0xFF,
    0xFF, 0xFF, 0xFF, 0xFF, 0xFF, 0xFF, 0xFF, 0xFF, 0xFF, 0xFF, 0xFF, 0xFF, 0xFF, 0xFF, 0xFF, 0xFF,
    0xFF, 0xFF, 0xFF, 0xFF, 0xFF, 0xFF, 0xFF, 0xFF, 0xFF, 0xFF, 0xFF, 0xFF, 0xFF, 0xFF, 0xFF, 0xFF,
    0xFF, 0xFF, 0xFF, 0xFF, 0xFF, 0xFF, 0xFF, 0xFF, 0xFF, 0xFF, 0xFF, 0xFF, 0xFF, 0xFF, 0xFF, 0xFF,
    0xFF, 0xFF, 0xFF, 0xFF, 0xFF, 0xFF, 0xFF, 0xFF, 0xFF, 0xFF, 0xFF, 0xFF, 0xFF, 0xFF, 0xFF, 0xFF,
    0xFF, 0xFF, 0xFF, 0xFF, 0xFF, 0xFF, 0xFF, 0xFF, 0xFF, 0xFF, 0xFF, 0xFF, 0xFF, 0xFF, 0xFF, 0xFF,
    0xFF, 0xFF, 0xFF, 0xFF, 0xFF, 0xFF, 0xFF, 0xFF, 0xFF, 0xFF, 0xFF, 0xFF, 0xFF, 0xFF, 0xFF, 0xFF,
    0xFF, 0xFF, 0xFF, 0xFF, 0xFF, 0xFF, 0xFF, 0xFF, 0xFF, 0xFF, 0xFF, 0xFF, 0xFF, 0xFF, 0xFF, 0xFF,
    0xFF, 0xFF, 0xFF, 0xFF, 0xFF, 0xFF, 0xFF, 0xFF, 0xFF, 0xFF, 0xFF, 0xFF, 0xFF, 0xFF, 0xFF, 0xFF,
    0xFF, 0xFF, 0xFF, 0xFF, 0xFF, 0xFF, 0xFF, 0xFF, 0xFF, 0xFF, 0xFF, 0xFF, 0xFF, 0xFF, 0xFF, 0xFF,
    0xFF, 0xFF, 0xFF, 0xFF, 0xFF, 0xFF, 0xFF, 0xFF, 0xFF, 0xFF, 0xFF, 0xFF, 0xFF, 0xFF, 0xFF, 0xFF,
    0xFF, 0xFF, 0xFF, 0xFF, 0xFF, 0xFF, 0xFF, 0xFF, 0xFF, 0xFF, 0xFF, 0xFF, 0xFF, 0xFF, 0xFF, 0xFF,
    0xFF, 0xFF, 0xFF, 0xFF, 0xFF, 0xFF, 0xFF, 0xFF, 0xFF, 0xFF, 0x3E, 0xDF, 0xDB, 0x5C, 0xDC, 0x5C,
    0xDC, 0x5C, 0x1C, 0x65, 0x1A, 0x85, 0x1C, 0x65, 0xFB, 0x6C, 0x75, 0xAB, 0x34, 0xAB, 0x34, 0xAB,
    0x34, 0xAB, 0x34, 0xAB, 0x34, 0xAB, 0x34, 0xAB, 0x34, 0xAB, 0xD3, 0xA2, 0xFB, 0xDD, 0xFF, 0xFF,
    0x31, 0x8C, 0x2D, 0x63, 0xDC, 0xDE, 0xBF, 0xEF, 0x7E, 0xE7, 0x7E, 0xE7, 0x5E, 0xE7, 0x5E, 0xE7,
    0x3D, 0xE7, 0x3D, 0xE7, 0x3D, 0xE7, 0x1D, 0xDF, 0x5D, 0xEF, 0x7D, 0xEF, 0x5D, 0xEF, 0x1C, 0xEF,
    0xDC, 0xE6, 0xBB, 0xD6, 0x7A, 0xCE, 0x59, 0xC6, 0x19, 0xB6, 0xD8, 0xAD, 0xB8, 0xA5, 0x98, 0x9D,
    0x98, 0x95, 0x78, 0x8D, 0x78, 0x85, 0x78, 0x85, 0x58, 0x85, 0x58, 0x85, 0x58, 0x85, 0x57, 0x8D,
    0x57, 0x8D, 0x57, 0x8D, 0x57, 0x95, 0x77, 0x9D, 0x77, 0xA5, 0x97, 0xAD, 0xB8, 0xB5, 0xD8, 0xB5,
    0x19, 0xC6, 0x5A, 0xCE, 0x9B, 0xD6, 0xBB, 0xD6, 0xDC, 0xDE, 0xFC, 0xDE, 0xFC, 0xDE, 0xFC, 0xDE,
    0xDC, 0xD6, 0xDC, 0xD6, 0xBC, 0xD6, 0xDC, 0xD6, 0xDC, 0xD6, 0xDC, 0xD6, 0xFC, 0xD6, 0xFD, 0xD6,
    0x1D, 0xDF, 0x3D, 0xDF, 0x3E, 0xDF, 0x5E, 0xDF, 0x5E, 0xE7, 0x5E, 0xE7, 0x5E, 0xE7, 0x5E, 0xE7,
    0x5E, 0xE7, 0x5E, 0xE7, 0x7E, 0xE7, 0x5E, 0xE7, 0xBF, 0xF7, 0xB7, 0xB5, 0x92, 0x94, 0x7E, 0xEF,
    0x9F, 0xEF, 0x7E, 0xEF, 0x7E, 0xEF, 0xBC, 0xCE, 0x7B, 0xC6, 0xBF, 0xF7, 0xDF, 0xF7, 0xDF, 0xF7,
    0xDF, 0xF7, 0xDF, 0xF7, 0x7E, 0xE7, 0x3D, 0xDF, 0xF8, 0xC4, 0xD3, 0xA2, 0x34, 0xAB, 0x34, 0xAB,
    0x34, 0xAB, 0x34, 0xAB, 0x34, 0xAB, 0x34, 0xAB, 0x34, 0xAB, 0x34, 0xAB, 0x34, 0xAB, 0x34, 0xAB,
    0x34, 0xAB, 0x34, 0xAB, 0x34, 0xAB, 0x34, 0xAB, 0x34, 0xAB, 0x34, 0xAB, 0x34, 0xAB, 0x34, 0xAB,
    0x34, 0xAB, 0x34, 0xAB, 0x34, 0xAB, 0x34, 0xAB, 0x34, 0xAB, 0x34, 0xAB, 0x34, 0xAB, 0x34, 0xAB,
    0x34, 0xAB, 0x34, 0xAB, 0x34, 0xAB, 0x34, 0xAB, 0x34, 0xAB, 0x34, 0xAB, 0x34, 0xAB, 0x34, 0xAB,
    0x34, 0xAB, 0x34, 0xAB, 0x34, 0xAB, 0x34, 0xAB, 0x34, 0xAB, 0x34, 0xAB, 0x34, 0xAB, 0x34, 0xAB,
    0x34, 0xAB, 0x34, 0xAB, 0x34, 0xAB, 0x34, 0xAB, 0x34, 0xAB, 0x34, 0xAB, 0x34, 0xAB, 0x34, 0xAB,
    0x34, 0xAB, 0x34, 0xAB, 0x34, 0xAB, 0x34, 0xAB, 0x34, 0xAB, 0x34, 0xAB, 0x34, 0xAB, 0x34, 0xAB,
    0x34, 0xAB, 0x34, 0xAB, 0x34, 0xAB, 0xDA, 0x84, 0x5D, 0x75, 0x1B, 0x6D, 0xDC, 0x5C, 0xDC, 0x64,
    0xBB, 0x5C, 0x3E, 0xD7, 0xFF, 0xFF, 0xFF, 0xFF, 0xFF, 0xFF, 0xFF, 0xFF, 0xFF, 0xFF, 0xFF, 0xFF,
    0xFF, 0xFF, 0xFF, 0xFF, 0xFF, 0xFF, 0xFF, 0xFF, 0xFF, 0xFF, 0xFF, 0xFF, 0xFF, 0xFF, 0xFF, 0xFF,
    0xFF, 0xFF, 0xFF, 0xFF, 0xFF, 0xFF, 0xFF, 0xFF, 0xFF, 0xFF, 0xFF, 0xFF, 0xFF, 0xFF, 0xFF, 0xFF,
    0xFF, 0xFF, 0xFF, 0xFF, 0xFF, 0xFF, 0xFF, 0xFF, 0xFF, 0xFF, 0xFF, 0xFF, 0xFF, 0xFF, 0xFF, 0xFF,
    0xFF, 0xFF, 0xFF, 0xFF, 0xFF, 0xFF, 0xFF, 0xFF, 0xFF, 0xFF, 0xFF, 0xFF, 0xFF, 0xFF, 0xFF, 0xFF,
    0xFF, 0xFF, 0xFF, 0xFF, 0xFF, 0xFF, 0xFF, 0xFF, 0xFF, 0xFF, 0xFF, 0xFF, 0xFF, 0xFF, 0xFF, 0xFF,
    0xFF, 0xFF, 0xFF, 0xFF, 0xFF, 0xFF, 0xFF, 0xFF, 0xFF, 0xFF, 0xFF, 0xFF, 0xFF, 0xFF, 0xFF, 0xFF,
    0xFF, 0xFF, 0xFF, 0xFF, 0xFF, 0xFF, 0xFF, 0xFF, 0xFF, 0xFF, 0xFF, 0xFF, 0xFF, 0xFF, 0xFF, 0xFF,
    0xFF, 0xFF, 0xFF, 0xFF, 0xFF, 0xFF, 0xFF, 0xFF, 0xFF, 0xFF, 0xFF, 0xFF, 0xFF, 0xFF, 0xFF, 0xFF,
    0xFF, 0xFF, 0xFF, 0xFF, 0xFF, 0xFF, 0xFF, 0xFF, 0xFF, 0xFF, 0xFF, 0xFF, 0xFF, 0xFF, 0xFF, 0xFF,
    0xFF, 0xFF, 0xFF, 0xFF, 0xFF, 0xFF, 0xFF, 0xFF, 0xFF, 0xFF, 0xFF, 0xFF, 0xFF, 0xFF, 0xFF, 0xFF,
    0xFF, 0xFF, 0xFF, 0xFF, 0xFF, 0xFF, 0xFF, 0xFF, 0xFF, 0xFF, 0xFF, 0xFF, 0xFF, 0xFF, 0xFF, 0xFF,
    0xFF, 0xFF, 0xFF, 0xFF, 0xFF, 0xFF, 0xFF, 0xFF, 0xFF, 0xFF, 0xFF, 0xFF, 0xFF, 0xFF, 0xFF, 0xFF,
    0xFF, 0xFF, 0xFF, 0xFF, 0xFF, 0xFF, 0xFF, 0xFF, 0xFF, 0xFF, 0xFF, 0xFF, 0xFF, 0xFF, 0xFF, 0xFF,
    0xFF, 0xFF, 0xFF, 0xFF, 0xFF, 0xFF, 0xFF, 0xFF, 0xFF, 0xFF, 0xFF, 0xFF, 0xFF, 0xFF, 0xFF, 0xFF,
    0xFF, 0xFF, 0xFF, 0xFF, 0xFF, 0xFF, 0xFF, 0xFF, 0xFF, 0xFF, 0xFF, 0xFF, 0xFF, 0xFF, 0xFF, 0xFF,
    0xFF, 0xFF, 0xFF, 0xFF, 0xFF, 0xFF, 0xFF, 0xFF, 0xFF, 0xFF, 0xFF, 0xFF, 0xFF, 0xFF, 0xFF, 0xFF,
    0xFF, 0xFF, 0xFF, 0xFF, 0xFF, 0xFF, 0xFF, 0xFF, 0xFF, 0xFF, 0xFF, 0xFF, 0xFF, 0xFF, 0xFF, 0xFF,
    0xFF, 0xFF, 0xFF, 0xFF, 0xFF, 0xFF, 0xFF, 0xFF, 0xFF, 0xFF, 0xFF, 0xFF, 0xDD, 0xC6, 0x9B, 0x54,
    0xDC, 0x64, 0xDC, 0x5C, 0xFD, 0x5C, 0xDB, 0x5C, 0x3E, 0x65, 0x58, 0x94, 0x34, 0xAB, 0x34, 0xAB,
    0x34, 0xAB, 0x34, 0xAB, 0x34, 0xAB, 0x34, 0xAB, 0xD3, 0xA2, 0xFB, 0xDD, 0xFF, 0xFF, 0x7D, 0xEF,
    0x59, 0xCE, 0xBF, 0xF7, 0xBF, 0xEF, 0x5E, 0xE7, 0x7E, 0xE7, 0x7E, 0xE7, 0x7E, 0xEF, 0x5E, 0xEF,
    0x3D, 0xE7, 0xFC, 0xE6, 0xDB, 0xD6, 0x9B, 0xCE, 0x5A, 0xBE, 0x19, 0xB6, 0xFA, 0xA5, 0xD9, 0x9D,
    0xDA, 0x8D, 0xDA, 0x7D, 0xBA, 0x75, 0x9A, 0x6D, 0x5A, 0x5D, 0x19, 0x55, 0xF9, 0x4C, 0xB8, 0x44,
    0x97, 0x3C, 0x77, 0x3C, 0x57, 0x34, 0x56, 0x34, 0x36, 0x34, 0x16, 0x34, 0x16, 0x34, 0x16, 0x34,
    0x36, 0x2C, 0x57, 0x2C, 0x77, 0x34, 0x97, 0x34, 0xB8, 0x3C, 0xB8, 0x44, 0xD9, 0x4C, 0xD9, 0x54,
    0xF9, 0x64, 0xF8, 0x6C, 0x18, 0x7D, 0x58, 0x8D, 0x78, 0x9D, 0xB8, 0xAD, 0xF9, 0xBD, 0x5A, 0xC6,
    0x9B, 0xD6, 0xDC, 0xDE, 0xFC, 0xDE, 0xFC, 0xDE, 0xFC, 0xDE, 0xDC, 0xD6, 0xDC, 0xD6, 0xDC, 0xD6,
    0xFD, 0xD6, 0x1D, 0xDF, 0x3D, 0xDF, 0x3D, 0xDF, 0x3D, 0xDF, 0x5D, 0xE7, 0x5E, 0xE7, 0x5E, 0xE7,
    0x5E, 0xE7, 0x5E, 0xE7, 0x3D, 0xDF, 0x9F, 0xEF, 0x18, 0xBE, 0xD3, 0x94, 0x9F, 0xEF, 0x7E, 0xE7,
    0x5E, 0xE7, 0xDC, 0xCE, 0x19, 0xB6, 0x99, 0xA5, 0x58, 0x9D, 0x9B, 0xC6, 0xFF, 0xFF, 0xFF, 0xFF,
    0xFF, 0xFF, 0xFF, 0xFF, 0xBF, 0xEF, 0x9F, 0xE7, 0x5E, 0xE7, 0x77, 0xBC, 0xD3, 0xA2, 0x34, 0xAB,
    0x35, 0xAB, 0x34, 0xAB, 0x34, 0xAB, 0x34, 0xAB, 0x34, 0xAB, 0x34, 0xAB, 0x34, 0xAB, 0x34, 0xAB,
    0x34, 0xAB, 0x34, 0xAB, 0x34, 0xAB, 0x34, 0xAB, 0x34, 0xAB, 0x34, 0xAB, 0x34, 0xAB, 0x34, 0xAB,
    0x34, 0xAB, 0x34, 0xAB, 0x34, 0xAB, 0x34, 0xAB, 0x34, 0xAB, 0x34, 0xAB, 0x34, 0xAB, 0x34, 0xAB,
    0x34, 0xAB, 0x34, 0xAB, 0x34, 0xAB, 0x34, 0xAB, 0x34, 0xAB, 0x34, 0xAB, 0x34, 0xAB, 0x34, 0xAB,
    0x34, 0xAB, 0x34, 0xAB, 0x34, 0xAB, 0x34, 0xAB, 0x34, 0xAB, 0x34, 0xAB, 0x34, 0xAB, 0x34, 0xAB,
    0x35, 0xAB, 0x35, 0xAB, 0x35, 0xAB, 0x35, 0xAB, 0x35, 0xAB, 0x35, 0xAB, 0x35, 0xAB, 0x35, 0xAB,
    0x35, 0xAB, 0x35, 0xAB, 0x35, 0xAB, 0x35, 0xAB, 0x35, 0xAB, 0x35, 0xAB, 0x35, 0xAB, 0x35, 0xAB,
    0x35, 0xAB, 0x35, 0xAB, 0x96, 0xA3, 0x1C, 0x6D, 0xFC, 0x64, 0xDC, 0x5C, 0xDC, 0x64, 0xDC, 0x5C,
    0xFC, 0x64, 0xBF, 0xF7, 0xFF, 0xFF, 0xFF, 0xFF, 0xFF, 0xFF, 0xFF, 0xFF, 0xFF, 0xFF, 0xFF, 0xFF,
    0xFF, 0xFF, 0xFF, 0xFF, 0xFF, 0xFF, 0xFF, 0xFF, 0xFF, 0xFF, 0xFF, 0xFF, 0xFF, 0xFF, 0xFF, 0xFF,
    0xFF, 0xFF, 0xFF, 0xFF, 0xFF, 0xFF, 0xFF, 0xFF, 0xFF, 0xFF, 0xFF, 0xFF, 0xFF, 0xFF, 0xFF, 0xFF,
    0xFF, 0xFF, 0xFF, 0xFF, 0xFF, 0xFF, 0xFF, 0xFF, 0xFF, 0xFF, 0xFF, 0xFF, 0xFF, 0xFF, 0xFF, 0xFF,
    0xFF, 0xFF, 0xFF, 0xFF, 0xFF, 0xFF, 0xFF, 0xFF, 0xFF, 0xFF, 0xFF, 0xFF, 0xFF, 0xFF, 0xFF, 0xFF,
    0xFF, 0xFF, 0xFF, 0xFF, 0xFF, 0xFF, 0xFF, 0xFF, 0xFF, 0xFF, 0xFF, 0xFF, 0xFF, 0xFF, 0xFF, 0xFF,
    0xFF, 0xFF, 0xFF, 0xFF, 0xFF, 0xFF, 0xFF, 0xFF, 0xFF, 0xFF, 0xFF, 0xFF, 0xFF, 0xFF, 0xFF, 0xFF,
    0xFF, 0xFF, 0xFF, 0xFF, 0xFF, 0xFF, 0xFF, 0xFF, 0xFF, 0xFF, 0xFF, 0xFF, 0xFF, 0xFF, 0xFF, 0xFF,
    0xFF, 0xFF, 0xFF, 0xFF, 0xFF, 0xFF, 0xFF, 0xFF, 0xFF, 0xFF, 0xFF, 0xFF, 0xFF, 0xFF, 0xFF, 0xFF,
    0xFF, 0xFF, 0xFF, 0xFF, 0xFF, 0xFF, 0xFF, 0xFF, 0xFF, 0xFF, 0xFF, 0xFF, 0xFF, 0xFF, 0xFF, 0xFF,
    0xFF, 0xFF, 0xFF, 0xFF, 0xFF, 0xFF, 0xFF, 0xFF, 0xFF, 0xFF, 0xFF, 0xFF, 0xFF, 0xFF, 0xFF, 0xFF,
    0xFF, 0xFF, 0xFF, 0xFF, 0xFF, 0xFF, 0xFF, 0xFF, 0xFF, 0xFF, 0xFF, 0xFF, 0xFF, 0xFF, 0xFF, 0xFF,
    0xFF, 0xFF, 0xFF, 0xFF, 0xFF, 0xFF, 0xFF, 0xFF, 0xFF, 0xFF, 0xFF, 0xFF, 0xFF, 0xFF, 0xFF, 0xFF,
    0xFF, 0xFF, 0xFF, 0xFF, 0xFF, 0xFF, 0xFF, 0xFF, 0xFF, 0xFF, 0xFF, 0xFF, 0xFF, 0xFF, 0xFF, 0xFF,
    0xFF, 0xFF, 0xFF, 0xFF, 0xFF, 0xFF, 0xFF, 0xFF, 0xFF, 0xFF, 0xFF, 0xFF, 0xFF, 0xFF, 0xFF, 0xFF,
    0xFF, 0xFF, 0xFF, 0xFF, 0xFF, 0xFF, 0xFF, 0xFF, 0xFF, 0xFF, 0xFF, 0xFF, 0xFF, 0xFF, 0xFF, 0xFF,
    0xFF, 0xFF, 0xFF, 0xFF, 0xFF, 0xFF, 0xFF, 0xFF, 0xFF, 0xFF, 0xFF, 0xFF, 0xFF, 0xFF, 0xFF, 0xFF,
    0xFF, 0xFF, 0xFF, 0xFF, 0xFF, 0xFF, 0xFF, 0xFF, 0xFF, 0xFF, 0xFF, 0xFF, 0xFF, 0xFF, 0xFF, 0xFF,
    0xFF, 0xFF, 0xFF, 0xFF, 0xFF, 0xFF, 0xFF, 0xFF, 0xFF, 0xFF, 0xFF, 0xFF, 0xFF, 0xFF, 0x3D, 0xA6,
    0x9B, 0x54, 0xFC, 0x64, 0xDC, 0x5C, 0xDC, 0x5C, 0xFD, 0x5C, 0xDB, 0x74, 0x35, 0xAB, 0x35, 0xAB,
    0x35, 0xAB, 0x35, 0xAB, 0x35, 0xAB, 0xB3, 0xA2, 0x9A, 0xD5, 0xFF, 0xFF, 0xDF, 0xFF, 0xDF, 0xF7,
    0xDF, 0xF7, 0x7E, 0xEF, 0x7E, 0xE7, 0x7E, 0xEF, 0x7E, 0xEF, 0x3D, 0xE7, 0xDB, 0xDE, 0x7A, 0xCE,
    0x3A, 0xB6, 0x1A, 0xA6, 0xFB, 0x95, 0xFB, 0x85, 0xDB, 0x75, 0x9A, 0x6D, 0x18, 0x5D, 0x96, 0x4C,
    0x13, 0x3C, 0x71, 0x33, 0xCF, 0x2A, 0x4C, 0x22, 0xEB, 0x19, 0xAA, 0x11, 0x68, 0x11, 0x48, 0x11,
    0x27, 0x11, 0x06, 0x09, 0xE6, 0x08, 0xE6, 0x08, 0xE6, 0x08, 0xC6, 0x08, 0xE6, 0x08, 0xE6, 0x08,
    0xE6, 0x08, 0x06, 0x09, 0x27, 0x09, 0x48, 0x09, 0x68, 0x09, 0xA9, 0x09, 0xCB, 0x11, 0x2D, 0x12,
    0xAF, 0x1A, 0x11, 0x1B, 0x73, 0x23, 0xF5, 0x33, 0x56, 0x3C, 0xB7, 0x44, 0xD8, 0x54, 0x18, 0x6D,
    0x38, 0x85, 0x77, 0x95, 0xB8, 0xAD, 0x19, 0xBE, 0x7A, 0xCE, 0xDC, 0xDE, 0xFC, 0xDE, 0xFC, 0xDE,
    0xFC, 0xD6, 0xFC, 0xD6, 0xFD, 0xD6, 0x1D, 0xDF, 0x3D, 0xDF, 0x3D, 0xDF, 0x5D, 0xDF, 0x5D, 0xDF,
    0x5D, 0xE7, 0x3D, 0xDF, 0x7E, 0xE7, 0x7A, 0xCE, 0xD3, 0x94, 0x7E, 0xE7, 0x5E, 0xE7, 0x7F, 0xE7,
    0x1D, 0xDF, 0x57, 0x9D, 0x99, 0xA5, 0x79, 0x9D, 0x99, 0xA5, 0x38, 0x9D, 0xDC, 0xD6, 0xFF, 0xFF,
    0xFF, 0xFF, 0xFF, 0xFF, 0xDF, 0xF7, 0x9F, 0xEF, 0x9F, 0xEF, 0x3D, 0xE7, 0x95, 0xAB, 0xF4, 0xAA,
    0x35, 0xAB, 0x35, 0xAB, 0x35, 0xAB, 0x35, 0xAB, 0x35, 0xAB, 0x35, 0xAB, 0x35, 0xAB, 0x35, 0xAB,
    0x35, 0xAB, 0x35, 0xAB, 0x35, 0xAB, 0x35, 0xAB, 0x35, 0xAB, 0x35, 0xAB, 0x35, 0xAB, 0x35, 0xAB,
    0x35, 0xAB, 0x35, 0xAB, 0x35, 0xAB, 0x35, 0xAB, 0x35, 0xAB, 0x35, 0xAB, 0x35, 0xAB, 0x35, 0xAB,
    0x35, 0xAB, 0x35, 0xAB, 0x35, 0xAB, 0x35, 0xAB, 0x35, 0xAB, 0x35, 0xAB, 0x35, 0xAB, 0x35, 0xAB,
    0x35, 0xAB, 0x35, 0xAB, 0x34, 0xAB, 0x35, 0xAB, 0x35, 0xAB, 0x35, 0xAB, 0x35, 0xAB, 0x35, 0xAB,
    0x35, 0xAB, 0x35, 0xAB, 0x35, 0xAB, 0x35, 0xAB, 0x35, 0xAB, 0x35, 0xAB, 0x35, 0xAB, 0x35, 0xAB,
    0x35, 0xAB, 0x35, 0xAB, 0x35, 0xAB, 0x35, 0xAB, 0x35, 0xAB, 0x35, 0xAB, 0x35, 0xAB, 0x35, 0xAB,
    0x35, 0xAB, 0x35, 0xAB, 0x58, 0x9C, 0x9E, 0x7D, 0xFC, 0x6C, 0xFC, 0x64, 0xDC, 0x64, 0xBC, 0x5C,
    0x5C, 0x75, 0xFF, 0xFF, 0xFF, 0xFF, 0xFF, 0xFF, 0xFF, 0xFF, 0xFF, 0xFF, 0xFF, 0xFF, 0xFF, 0xFF,
    0xFF, 0xFF, 0xFF, 0xFF, 0xFF, 0xFF, 0xFF, 0xFF, 0xFF, 0xFF, 0xFF, 0xFF, 0xFF, 0xFF, 0xFF, 0xFF,
    0xFF, 0xFF, 0xFF, 0xFF, 0xFF, 0xFF, 0xFF, 0xFF, 0xFF, 0xFF, 0xFF, 0xFF, 0xFF, 0xFF, 0xFF, 0xFF,
    0xFF, 0xFF, 0xFF, 0xFF, 0xFF, 0xFF, 0xFF, 0xFF, 0xFF, 0xFF, 0xFF, 0xFF, 0xFF, 0xFF, 0xFF, 0xFF,
    0xFF, 0xFF, 0xFF, 0xFF, 0xFF, 0xFF, 0xFF, 0xFF, 0xFF, 0xFF, 0xFF, 0xFF, 0xFF, 0xFF, 0xFF, 0xFF,
    0xFF, 0xFF, 0xFF, 0xFF, 0xFF, 0xFF, 0xFF, 0xFF, 0xFF, 0xFF, 0xFF, 0xFF, 0xFF, 0xFF, 0xFF, 0xFF,
    0xFF, 0xFF, 0xFF, 0xFF, 0xFF, 0xFF, 0xFF, 0xFF, 0xFF, 0xFF, 0xFF, 0xFF, 0xFF, 0xFF, 0xFF, 0xFF,
    0xFF, 0xFF, 0xFF, 0xFF, 0xFF, 0xFF, 0xFF, 0xFF, 0xFF, 0xFF, 0xFF, 0xFF, 0xFF, 0xFF, 0xFF, 0xFF,
    0xFF, 0xFF, 0xFF, 0xFF, 0xFF, 0xFF, 0xFF, 0xFF, 0xFF, 0xFF, 0xFF, 0xFF, 0xFF, 0xFF, 0xFF, 0xFF,
    0xFF, 0xFF, 0xFF, 0xFF, 0xFF, 0xFF, 0xFF, 0xFF, 0xFF, 0xFF, 0xFF, 0xFF, 0xFF, 0xFF, 0xFF, 0xFF,
    0xFF, 0xFF, 0xFF, 0xFF, 0xFF, 0xFF, 0xFF, 0xFF, 0xFF, 0xFF, 0xFF, 0xFF, 0xFF, 0xFF, 0xFF, 0xFF,
    0xFF, 0xFF, 0xFF, 0xFF, 0xFF, 0xFF, 0xFF, 0xFF, 0xFF, 0xFF, 0xFF, 0xFF, 0xFF, 0xFF, 0xFF, 0xFF,
    0xFF, 0xFF, 0xFF, 0xFF, 0xFF, 0xFF, 0xFF, 0xFF, 0xFF, 0xFF, 0xFF, 0xFF, 0xFF, 0xFF, 0xFF, 0xFF,
    0xFF, 0xFF, 0xFF, 0xFF, 0xFF, 0xFF, 0xFF, 0xFF, 0xFF, 0xFF, 0xFF, 0xFF, 0xFF, 0xFF, 0xFF, 0xFF,
    0xFF, 0xFF, 0xFF, 0xFF, 0xFF, 0xFF, 0xFF, 0xFF, 0xFF, 0xFF, 0xFF, 0xFF, 0xFF, 0xFF, 0xFF, 0xFF,
    0xFF, 0xFF, 0xFF, 0xFF, 0xFF, 0xFF, 0xFF, 0xFF, 0xFF, 0xFF, 0xFF, 0xFF, 0xFF, 0xFF, 0xFF, 0xFF,
    0xFF, 0xFF, 0xFF, 0xFF, 0xFF, 0xFF, 0xFF, 0xFF, 0xFF, 0xFF, 0xFF, 0xFF, 0xFF, 0xFF, 0xFF, 0xFF,
    0xFF, 0xFF, 0xFF, 0xFF, 0xFF, 0xFF, 0xFF, 0xFF, 0xFF, 0xFF, 0xFF, 0xFF, 0xFF, 0xFF, 0xFF, 0xFF,
    0xFF, 0xFF, 0xFF, 0xFF, 0xFF, 0xFF, 0xFF, 0xFF, 0xFF, 0xFF, 0xFF, 0xFF, 0xFF, 0xFF, 0xFF, 0xFF,
    0x5C, 0x7D, 0xBC, 0x5C, 0xDC, 0x64, 0xDC, 0x5C, 0xDC, 0x5C, 0xFC, 0x64, 0x96, 0xAB, 0x35, 0xAB,
    0x35, 0xAB, 0x35, 0xAB, 0xB3, 0xA2, 0xD8, 0xC4, 0xFF, 0xFF, 0xDF, 0xFF, 0xDF, 0xF7, 0xBF, 0xEF,
    0x9E, 0xEF, 0x7E, 0xEF, 0x3D, 0xE7, 0xDC, 0xD6, 0x7B, 0xC6, 0x3B, 0xA6, 0x1B, 0x96, 0xDB, 0x85,
    0x9A, 0x6D, 0xD7, 0x5C, 0xF3, 0x43, 0x10, 0x33, 0x4D, 0x22, 0xAA, 0x19, 0x28, 0x11, 0x07, 0x09,
    0xE6, 0x08, 0xE6, 0x10, 0xE6, 0x10, 0xE6, 0x10, 0xE5, 0x10, 0xE5, 0x10, 0xC5, 0x10, 0xC5, 0x08,
    0xA4, 0x08, 0xA4, 0x08, 0xA4, 0x08, 0x84, 0x08, 0x84, 0x08, 0x84, 0x08, 0x84, 0x08, 0x84, 0x00,
    0x84, 0x00, 0x84, 0x00, 0x84, 0x00, 0x84, 0x00, 0x63, 0x08, 0x63, 0x00, 0x63, 0x00, 0x63, 0x00,
    0x63, 0x00, 0x84, 0x00, 0xA5, 0x00, 0xC5, 0x00, 0x07, 0x09, 0x89, 0x09, 0x2C, 0x12, 0xCF, 0x1A,
    0x73, 0x23, 0x36, 0x34, 0xB8, 0x4C, 0x18, 0x65, 0x58, 0x7D, 0x98, 0x9D, 0xF9, 0xB5, 0x7A, 0xCE,
    0xDC, 0xD6, 0x1D, 0xDF, 0x1D, 0xDF, 0xFC, 0xDE, 0xFD, 0xDE, 0x1D, 0xDF, 0x3D, 0xDF, 0x3D, 0xDF,
    0x3D, 0xDF, 0x5D, 0xE7, 0x1C, 0xDF, 0xD3, 0x94, 0x1D, 0xDF, 0x5E, 0xE7, 0x7E, 0xE7, 0x7E, 0xE7,
    0xBF, 0xEF, 0xBC, 0xCE, 0x58, 0x9D, 0x38, 0x9D, 0x78, 0xA5, 0xBC, 0xCE, 0x7E, 0xE7, 0xDF, 0xF7,
    0xDF, 0xF7, 0xFF, 0xFF, 0xFF, 0xFF, 0xBF, 0xEF, 0x7F, 0xE7, 0xBF, 0xEF, 0x7C, 0xDE, 0xF4, 0xA2,
    0x35, 0xAB, 0x35, 0xAB, 0x35, 0xAB, 0x35, 0xAB, 0x35, 0xAB, 0x35, 0xAB, 0x35, 0xAB, 0x35, 0xAB,
    0x35, 0xAB, 0x35, 0xAB, 0x35, 0xAB, 0x35, 0xAB, 0x35, 0xAB, 0x35, 0xAB, 0x35, 0xAB, 0x35, 0xAB,
    0x35, 0xAB, 0x35, 0xAB, 0x35, 0xAB, 0x35, 0xAB, 0x35, 0xAB, 0x35, 0xAB, 0x35, 0xAB, 0x35, 0xAB,
    0x35, 0xAB, 0x35, 0xAB, 0x35, 0xAB, 0x35, 0xAB, 0x35, 0xAB, 0x35, 0xAB, 0x35, 0xAB, 0x35, 0xAB,
    0x35, 0xAB, 0x35, 0xAB, 0x35, 0xAB, 0x35, 0xAB, 0x35, 0xAB, 0x35, 0xAB, 0x35, 0xAB, 0x35, 0xAB,
    0x35, 0xAB, 0x35, 0xAB, 0x35, 0xAB, 0x35, 0xAB, 0x35, 0xAB, 0x35, 0xAB, 0x35, 0xAB, 0x35, 0xAB,
    0x35, 0xAB, 0x35, 0xAB, 0x35, 0xAB, 0x35, 0xAB, 0x35, 0xAB, 0x35, 0xAB, 0x35, 0xAB, 0x35, 0xAB,
    0x35, 0xAB, 0x35, 0xAB, 0x79, 0x84, 0x3C, 0x75, 0xDB, 0x64, 0x1C, 0x65, 0xDC, 0x64, 0xBC, 0x54,
    0x9D, 0x85, 0xFF, 0xFF, 0xFF, 0xFF, 0xFF, 0xFF, 0xFF, 0xFF, 0xFF, 0xFF, 0xFF, 0xFF, 0xFF, 0xFF,
    0xFF, 0xFF, 0xFF, 0xFF, 0xFF, 0xFF, 0xFF, 0xFF, 0xFF, 0xFF, 0xFF, 0xFF, 0xFF, 0xFF, 0xFF, 0xFF,
    0xFF, 0xFF, 0xFF, 0xFF, 0xFF, 0xFF, 0xFF, 0xFF, 0xFF, 0xFF, 0xFF, 0xFF, 0xFF, 0xFF, 0xFF, 0xFF,
    0xFF, 0xFF, 0xFF, 0xFF, 0xFF, 0xFF, 0xFF, 0xFF, 0xFF, 0xFF, 0xFF, 0xFF, 0xFF, 0xFF, 0xFF, 0xFF,
    0xFF, 0xFF, 0xFF, 0xFF, 0xFF, 0xFF, 0xFF, 0xFF, 0xFF, 0xFF, 0xFF, 0xFF, 0xFF, 0xFF, 0xFF, 0xFF,
    0xFF, 0xFF, 0xFF, 0xFF, 0xFF, 0xFF, 0xFF, 0xFF, 0xFF, 0xFF, 0xFF, 0xFF, 0xFF, 0xFF, 0xFF, 0xFF,
    0xFF, 0xFF, 0xFF, 0xFF, 0xFF, 0xFF, 0xFF, 0xFF, 0xFF, 0xFF, 0xFF, 0xFF, 0xFF, 0xFF, 0xFF, 0xFF,
    0xFF, 0xFF, 0xFF, 0xFF, 0xFF, 0xFF, 0xFF, 0xFF, 0xFF, 0xFF, 0xFF, 0xFF, 0xFF, 0xFF, 0xFF, 0xFF,
    0xFF, 0xFF, 0xFF, 0xFF, 0xFF, 0xFF, 0xFF, 0xFF, 0xFF, 0xFF, 0xFF, 0xFF, 0xFF, 0xFF, 0xFF, 0xFF,
    0xFF, 0xFF, 0xFF, 0xFF, 0xFF, 0xFF, 0xFF, 0xFF, 0xFF, 0xFF, 0xFF, 0xFF, 0xFF, 0xFF, 0xFF, 0xFF,
    0xFF, 0xFF, 0xFF, 0xFF, 0xFF, 0xFF, 0xFF, 0xFF, 0xFF, 0xFF, 0xFF, 0xFF, 0xFF, 0xFF, 0xFF, 0xFF,
    0xFF, 0xFF, 0xFF, 0xFF, 0xFF, 0xFF, 0xFF, 0xFF, 0xFF, 0xFF, 0xFF, 0xFF, 0xFF, 0xFF, 0xFF, 0xFF,
    0xFF, 0xFF, 0xFF, 0xFF, 0xFF, 0xFF, 0xFF, 0xFF, 0xFF, 0xFF, 0xFF, 0xFF, 0xFF, 0xFF, 0xFF, 0xFF,
    0xFF, 0xFF, 0xFF, 0xFF, 0xFF, 0xFF, 0xFF, 0xFF, 0xFF, 0xFF, 0xFF, 0xFF, 0xFF, 0xFF, 0xFF, 0xFF,
    0xFF, 0xFF, 0xFF, 0xFF, 0xFF, 0xFF, 0xFF, 0xFF, 0xFF, 0xFF, 0xFF, 0xFF, 0xFF, 0xFF, 0xFF, 0xFF,
    0xFF, 0xFF, 0xFF, 0xFF, 0xFF, 0xFF, 0xFF, 0xFF, 0xFF, 0xFF, 0xFF, 0xFF, 0xFF, 0xFF, 0xFF, 0xFF,
    0xFF, 0xFF, 0xFF, 0xFF, 0xFF, 0xFF, 0xFF, 0xFF, 0xFF, 0xFF, 0xFF, 0xFF, 0xFF, 0xFF, 0xFF, 0xFF,
    0xFF, 0xFF, 0xFF, 0xFF, 0xFF, 0xFF, 0xFF, 0xFF, 0xFF, 0xFF, 0xFF, 0xFF, 0xFF, 0xFF, 0xFF, 0xFF,
    0xFF, 0xFF, 0xFF, 0xFF, 0xFF, 0xFF, 0xFF, 0xFF, 0xFF, 0xFF, 0xFF, 0xFF, 0xFF, 0xFF, 0xFF, 0xFF,
    0x5E, 0xDF, 0xBB, 0x5C, 0xDC, 0x5C, 0xDC, 0x5C, 0xDB, 0x64, 0x5D, 0x65, 0x18, 0x94, 0x35, 0xAB,
    0x35, 0xAB, 0xF4, 0xA2, 0x16, 0xB4, 0xFF, 0xFF, 0xDF, 0xFF, 0xDF, 0xF7, 0xBF, 0xF7, 0x9E, 0xEF,
    0x1D, 0xDF, 0x9B, 0xC6, 0x3B, 0xAE, 0x1C, 0x8E, 0xBB, 0x7D, 0xF8, 0x5C, 0xD3, 0x43, 0x8E, 0x2A,
    0xAA, 0x19, 0x27, 0x11, 0xE6, 0x10, 0xE7, 0x10, 0x27, 0x19, 0x67, 0x21, 0x67, 0x21, 0x47, 0x21,
    0x27, 0x19, 0x26, 0x19, 0x06, 0x19, 0xE5, 0x10, 0xC5, 0x10, 0xC5, 0x10, 0xA4, 0x08, 0xA4, 0x08,
    0xA4, 0x08, 0xA4, 0x08, 0xA4, 0x08, 0xA4, 0x08, 0xA4, 0x08, 0xA4, 0x08, 0xA4, 0x08, 0xA4, 0x08,
    0x84, 0x08, 0x84, 0x08, 0x84, 0x08, 0x84, 0x08, 0x84, 0x08, 0x84, 0x08, 0x84, 0x08, 0x84, 0x08,
    0x84, 0x08, 0x84, 0x08, 0x84, 0x08, 0x84, 0x00, 0x63, 0x00, 0x63, 0x00, 0x63, 0x00, 0x63, 0x00,
    0xA4, 0x00, 0x07, 0x09, 0x8A, 0x09, 0x6D, 0x12, 0x72, 0x23, 0x56, 0x3C, 0xF8, 0x54, 0x59, 0x75,
    0x98, 0x9D, 0x19, 0xBE, 0x9B, 0xD6, 0xFD, 0xDE, 0x1D, 0xDF, 0xFD, 0xDE, 0xFD, 0xDE, 0x1D, 0xDF,
    0x1D, 0xDF, 0x7E, 0xE7, 0x35, 0xA5, 0x9B, 0xCE, 0x7E, 0xE7, 0x5E, 0xE7, 0x7E, 0xE7, 0x7E, 0xE7,
    0x7E, 0xE7, 0xBF, 0xF7, 0xBC, 0xCE, 0x5B, 0xC6, 0x9E, 0xEF, 0xDF, 0xF7, 0xDF, 0xF7, 0xDF, 0xF7,
    0xDF, 0xF7, 0xFF, 0xF7, 0xFF, 0xFF, 0xDF, 0xF7, 0x9F, 0xEF, 0x7F, 0xE7, 0xDF, 0xF7, 0x18, 0xC5,
    0xD3, 0xA2, 0x35, 0xAB, 0x35, 0xAB, 0x35, 0xAB, 0x35, 0xAB, 0x35, 0xAB, 0x34, 0xAB, 0x35, 0xAB,
    0x35, 0xAB, 0x35, 0xAB, 0x35, 0xAB, 0x35, 0xAB, 0x35, 0xAB, 0x35, 0xAB, 0x35, 0xAB, 0x35, 0xAB,
    0x35, 0xAB, 0x35, 0xAB, 0x35, 0xAB, 0x35, 0xAB, 0x35, 0xAB, 0x35, 0xAB, 0x35, 0xAB, 0x35, 0xAB,
    0x35, 0xAB, 0x35, 0xAB, 0x35, 0xAB, 0x35, 0xAB, 0x35, 0xAB, 0x35, 0xAB, 0x35, 0xAB, 0x35, 0xAB,
    0x35, 0xAB, 0x35, 0xAB, 0x35, 0xAB, 0x35, 0xAB, 0x35, 0xAB, 0x35, 0xAB, 0x35, 0xAB, 0x35, 0xAB,
    0x35, 0xAB, 0x35, 0xAB, 0x35, 0xAB, 0x35, 0xAB, 0x35, 0xAB, 0x35, 0xAB, 0x35, 0xAB, 0x35, 0xAB,
    0x35, 0xAB, 0x35, 0xAB, 0x35, 0xAB, 0x35, 0xAB, 0x35, 0xAB, 0x35, 0xAB, 0x35, 0xAB, 0x35, 0xAB,
    0x35, 0xAB, 0xD6, 0xAB, 0xDC, 0x64, 0x3D, 0x65, 0xFC, 0x5C, 0x1B, 0x6D, 0xDC, 0x64, 0xBC, 0x54,
    0x7C, 0x7D, 0xFF, 0xFF, 0xFF, 0xFF, 0xFF, 0xFF, 0xFF, 0xFF, 0xFF, 0xFF, 0xFF, 0xFF, 0xFF, 0xFF,
    0xFF, 0xFF, 0xFF, 0xFF, 0xFF, 0xFF, 0xFF, 0xFF, 0xFF, 0xFF, 0xFF, 0xFF, 0xFF, 0xFF, 0xFF, 0xFF,
    0xFF, 0xFF, 0xFF, 0xFF, 0xFF, 0xFF, 0xFF, 0xFF, 0xFF, 0xFF, 0xFF, 0xFF, 0xFF, 0xFF, 0xFF, 0xFF,
    0xFF, 0xFF, 0xFF, 0xFF, 0xFF, 0xFF, 0xFF, 0xFF, 0xFF, 0xFF, 0xFF, 0xFF, 0xFF, 0xFF, 0xFF, 0xFF,
    0xFF, 0xFF, 0xFF, 0xFF, 0xFF, 0xFF, 0xFF, 0xFF, 0xFF, 0xFF, 0xFF, 0xFF, 0xFF, 0xFF, 0xFF, 0xFF,
    0xFF, 0xFF, 0xFF, 0xFF, 0xFF, 0xFF, 0xFF, 0xFF, 0xFF, 0xFF, 0xFF, 0xFF, 0xFF, 0xFF, 0xFF, 0xFF,
    0xFF, 0xFF, 0xFF, 0xFF, 0xFF, 0xFF, 0xFF, 0xFF, 0xFF, 0xFF, 0xFF, 0xFF, 0xFF, 0xFF, 0xFF, 0xFF,
    0xFF, 0xFF, 0xFF, 0xFF, 0xFF, 0xFF, 0xFF, 0xFF, 0xFF, 0xFF, 0xFF, 0xFF, 0xFF, 0xFF, 0xFF, 0xFF,
    0xFF, 0xFF, 0xFF, 0xFF, 0xFF, 0xFF, 0xFF, 0xFF, 0xFF, 0xFF, 0xFF, 0xFF, 0xFF, 0xFF, 0xFF, 0xFF,
    0xFF, 0xFF, 0xFF, 0xFF, 0xFF, 0xFF, 0xFF, 0xFF, 0xFF, 0xFF, 0xFF, 0xFF, 0xFF, 0xFF, 0xFF, 0xFF,
    0xFF, 0xFF, 0xFF, 0xFF, 0xFF, 0xFF, 0xFF, 0xFF, 0xFF, 0xFF, 0xFF, 0xFF, 0xFF, 0xFF, 0xFF, 0xFF,
    0xFF, 0xFF, 0xFF, 0xFF, 0xFF, 0xFF, 0xFF, 0xFF, 0xFF, 0xFF, 0xFF, 0xFF, 0xFF, 0xFF, 0xFF, 0xFF,
    0xFF, 0xFF, 0xFF, 0xFF, 0xFF, 0xFF, 0xFF, 0xFF, 0xFF, 0xFF, 0xFF, 0xFF, 0xFF, 0xFF, 0xFF, 0xFF,
    0xFF, 0xFF, 0xFF, 0xFF, 0xFF, 0xFF, 0xFF, 0xFF, 0xFF, 0xFF, 0xFF, 0xFF, 0xFF, 0xFF, 0xFF, 0xFF,
    0xFF, 0xFF, 0xFF, 0xFF, 0xFF, 0xFF, 0xFF, 0xFF, 0xFF, 0xFF, 0xFF, 0xFF, 0xFF, 0xFF, 0xFF, 0xFF,
    0xFF, 0xFF, 0xFF, 0xFF, 0xFF, 0xFF, 0xFF, 0xFF, 0xFF, 0xFF, 0xFF, 0xFF, 0xFF, 0xFF, 0xFF, 0xFF,
    0xFF, 0xFF, 0xFF, 0xFF, 0xFF, 0xFF, 0xFF, 0xFF, 0xFF, 0xFF, 0xFF, 0xFF, 0xFF, 0xFF, 0xFF, 0xFF,
    0xFF, 0xFF, 0xFF, 0xFF, 0xFF, 0xFF, 0xFF, 0xFF, 0xFF, 0xFF, 0xFF, 0xFF, 0xFF, 0xFF, 0xFF, 0xFF,
    0xFF, 0xFF, 0xFF, 0xFF, 0xFF, 0xFF, 0xFF, 0xFF, 0xFF, 0xFF, 0xFF, 0xFF, 0xFF, 0xFF, 0xFF, 0xFF,
    0xFF, 0xFF, 0x1D, 0x9E, 0x9B, 0x54, 0xFC, 0x64, 0xDC, 0x5C, 0xFC, 0x5C, 0xFC, 0x74, 0x95, 0xAB,
    0x34, 0xAB, 0x54, 0xAB, 0x7F, 0xFF, 0xFF, 0xFF, 0xDF, 0xFF, 0xBE, 0xF7, 0x1C, 0xDF, 0x5B, 0xB6,
    0x1B, 0x96, 0xDB, 0x75, 0x19, 0x5D, 0xB3, 0x3B, 0x2C, 0x22, 0x27, 0x09, 0xE6, 0x08, 0x27, 0x19,
    0x88, 0x29, 0xC9, 0x31, 0x09, 0x3A, 0xE9, 0x31, 0xA8, 0x29, 0x67, 0x21, 0x26, 0x19, 0xE6, 0x10,
    0xE6, 0x10, 0xE5, 0x10, 0xE5, 0x10, 0xC5, 0x10, 0xC5, 0x10, 0xC5, 0x10, 0xC5, 0x10, 0xC5, 0x10,
    0xC5, 0x10, 0xC5, 0x10, 0xC5, 0x10, 0xC5, 0x08, 0xC5, 0x08, 0xC4, 0x08, 0xC4, 0x08, 0xC4, 0x08,
    0xC4, 0x08, 0xC4, 0x08, 0xC5, 0x08, 0xA4, 0x08, 0xC4, 0x08, 0xA4, 0x08, 0xA4, 0x08, 0xA4, 0x08,
    0xA4, 0x08, 0xA4, 0x08, 0xA4, 0x08, 0xA4, 0x08, 0xA3, 0x08, 0xA3, 0x08, 0xA4, 0x08, 0xA4, 0x08,
    0xA4, 0x08, 0x84, 0x00, 0x84, 0x00, 0x64, 0x00, 0xA4, 0x00, 0x07, 0x09, 0xEB, 0x11, 0x11, 0x1B,
    0x57, 0x34, 0x1A, 0x5D, 0x79, 0x85, 0xD9, 0xAD, 0x7A, 0xCE, 0xFC, 0xDE, 0x1D, 0xDF, 0xFC, 0xDE,
    0x3D, 0xE7, 0xF8, 0xBD, 0xF8, 0xB5, 0x7F, 0xE7, 0x3D, 0xDF, 0x5E, 0xE7, 0x7E, 0xE7, 0x7E, 0xE7,
    0x7F, 0xE7, 0x7E, 0xE7, 0x9F, 0xEF, 0xBF, 0xEF, 0xBF, 0xEF, 0x9F, 0xEF, 0xBF, 0xEF, 0xBF, 0xEF,
    0xDF, 0xF7, 0xFF, 0xF7, 0xFF, 0xFF, 0xFF, 0xFF, 0xDF, 0xF7, 0x9F, 0xE7, 0x9F, 0xEF, 0x9F, 0xF7,
    0x95, 0xAB, 0x14, 0xAB, 0x35, 0xAB, 0x35, 0xAB, 0x35, 0xAB, 0x35, 0xAB, 0x35, 0xAB, 0x35, 0xAB,
    0x35, 0xAB, 0x35, 0xAB, 0x35, 0xAB, 0x35, 0xAB, 0x35, 0xAB, 0x35, 0xAB, 0x35, 0xAB, 0x35, 0xAB,
    0x35, 0xAB, 0x35, 0xAB, 0x35, 0xAB, 0x35, 0xAB, 0x35, 0xAB, 0x35, 0xAB, 0x35, 0xAB, 0x35, 0xAB,
    0x35, 0xAB, 0x35, 0xAB, 0x35, 0xAB, 0x35, 0xAB, 0x35, 0xAB, 0x35, 0xAB, 0x35, 0xAB, 0x35, 0xAB,
    0x35, 0xAB, 0x35, 0xAB, 0x35, 0xAB, 0x35, 0xAB, 0x35, 0xAB, 0x35, 0xAB, 0x35, 0xAB, 0x35, 0xAB,
    0x35, 0xAB, 0x35, 0xAB, 0x35, 0xAB, 0x35, 0xAB, 0x35, 0xAB, 0x35, 0xAB, 0x35, 0xAB, 0x35, 0xAB,
    0x35, 0xAB, 0x35, 0xAB, 0x35, 0xAB, 0x35, 0xAB, 0x35, 0xAB, 0x35, 0xAB, 0x35, 0xAB, 0x35, 0xAB,
    0x37, 0xA4, 0x3D, 0x6D, 0xFC, 0x64, 0xD9, 0x8C, 0xFC, 0x5C, 0x1A, 0x8D, 0xFC, 0x5C, 0xDC, 0x5C,
    0x3C, 0x6D, 0xFF, 0xFF, 0xFF, 0xFF, 0xFF, 0xFF, 0xFF, 0xFF, 0xFF, 0xFF, 0xFF, 0xFF, 0xFF, 0xFF,
    0xFF, 0xFF, 0xFF, 0xFF, 0xFF, 0xFF, 0xFF, 0xFF, 0xFF, 0xFF, 0xFF, 0xFF, 0xFF, 0xFF, 0xFF, 0xFF,
    0xFF, 0xFF, 0xFF, 0xFF, 0xFF, 0xFF, 0xFF, 0xFF, 0xFF, 0xFF, 0xFF, 0xFF, 0xFF, 0xFF, 0xFF, 0xFF,
    0xFF, 0xFF, 0xFF, 0xFF, 0xFF, 0xFF, 0xFF, 0xFF, 0xFF, 0xFF, 0xFF, 0xFF, 0xFF, 0xFF, 0xFF, 0xFF,
    0xFF, 0xFF, 0xFF, 0xFF, 0xFF, 0xFF, 0xFF, 0xFF, 0xFF, 0xFF, 0xFF, 0xFF, 0xFF, 0xFF, 0xFF, 0xFF,
    0xFF, 0xFF, 0xFF, 0xFF, 0xFF, 0xFF, 0xFF, 0xFF, 0xFF, 0xFF, 0xFF, 0xFF, 0xFF, 0xFF, 0xFF, 0xFF,
    0xFF, 0xFF, 0xFF, 0xFF, 0xFF, 0xFF, 0xFF, 0xFF, 0xFF, 0xFF, 0xFF, 0xFF, 0xFF, 0xFF, 0xFF, 0xFF,
    0xFF, 0xFF, 0xFF, 0xFF, 0xFF, 0xFF, 0xFF, 0xFF, 0xFF, 0xFF, 0xFF, 0xFF, 0xFF, 0xFF, 0xFF, 0xFF,
    0xFF, 0xFF, 0xFF, 0xFF, 0xFF, 0xFF, 0xFF, 0xFF, 0xFF, 0xFF, 0xFF, 0xFF, 0xFF, 0xFF, 0xFF, 0xFF,
    0xFF, 0xFF, 0xFF, 0xFF, 0xFF, 0xFF, 0xFF, 0xFF, 0xFF, 0xFF, 0xFF, 0xFF, 0xFF, 0xFF, 0xFF, 0xFF,
    0xFF, 0xFF, 0xFF, 0xFF, 0xFF, 0xFF, 0xFF, 0xFF, 0xFF, 0xFF, 0xFF, 0xFF, 0xFF, 0xFF, 0xFF, 0xFF,
    0xFF, 0xFF, 0xFF, 0xFF, 0xFF, 0xFF, 0xFF, 0xFF, 0xFF, 0xFF, 0xFF, 0xFF, 0xFF, 0xFF, 0xFF, 0xFF,
    0xFF, 0xFF, 0xFF, 0xFF, 0xFF, 0xFF, 0xFF, 0xFF, 0xFF, 0xFF, 0xFF, 0xFF, 0xFF, 0xFF, 0xFF, 0xFF,
    0xFF, 0xFF, 0xFF, 0xFF, 0xFF, 0xFF, 0xFF, 0xFF, 0xFF, 0xFF, 0xFF, 0xFF, 0xFF, 0xFF, 0xFF, 0xFF,
    0xFF, 0xFF, 0xFF, 0xFF, 0xFF, 0xFF, 0xFF, 0xFF, 0xFF, 0xFF, 0xFF, 0xFF, 0xFF, 0xFF, 0xFF, 0xFF,
    0xFF, 0xFF, 0xFF, 0xFF, 0xFF, 0xFF, 0xFF, 0xFF, 0xFF, 0xFF, 0xFF, 0xFF, 0xFF, 0xFF, 0xFF, 0xFF,
    0xFF, 0xFF, 0xFF, 0xFF, 0xFF, 0xFF, 0xFF, 0xFF, 0xFF, 0xFF, 0xFF, 0xFF, 0xFF, 0xFF, 0xFF, 0xFF,
    0xFF, 0xFF, 0xFF, 0xFF, 0xFF, 0xFF, 0xFF, 0xFF, 0xFF, 0xFF, 0xFF, 0xFF, 0xFF, 0xFF, 0xFF, 0xFF,
    0xFF, 0xFF, 0xFF, 0xFF, 0xFF, 0xFF, 0xFF, 0xFF, 0xFF, 0xFF, 0xFF, 0xFF, 0xFF, 0xFF, 0xFF, 0xFF,
    0xFF, 0xFF, 0xBF, 0xEF, 0xFC, 0x64, 0xDC, 0x5C, 0xDC, 0x5C, 0xDC, 0x5C, 0x3E, 0x65, 0x79, 0x8C,
    0xD3, 0xA2, 0x7C, 0xE6, 0xFF, 0xFF, 0xBF, 0xF7, 0x3D, 0xDF, 0x5B, 0xAE, 0xDB, 0x85, 0x7B, 0x65,
    0x56, 0x4C, 0x8E, 0x22, 0x27, 0x09, 0xC6, 0x10, 0x67, 0x29, 0x09, 0x42, 0x4A, 0x4A, 0x4A, 0x4A,
    0x29, 0x42, 0xE8, 0x39, 0x87, 0x29, 0x47, 0x19, 0x06, 0x11, 0x06, 0x11, 0xE6, 0x10, 0xE6, 0x10,
    0xE5, 0x10, 0xE5, 0x10, 0xE5, 0x10, 0xE5, 0x10, 0xE5, 0x10, 0xC5, 0x10, 0xC5, 0x10, 0xC5, 0x10,
    0xC5, 0x10, 0xC5, 0x10, 0xC5, 0x10, 0xC5, 0x08, 0xC5, 0x08, 0xC5, 0x08, 0xC5, 0x08, 0xC5, 0x08,
    0xC5, 0x08, 0xC5, 0x10, 0xC5, 0x10, 0xC5, 0x10, 0xC5, 0x10, 0xC5, 0x10, 0xC5, 0x10, 0xC5, 0x10,
    0xC5, 0x08, 0xC5, 0x08, 0xC4, 0x10, 0xC4, 0x08, 0xA4, 0x10, 0xC4, 0x10, 0xC4, 0x10, 0xA4, 0x08,
    0xA4, 0x08, 0xA4, 0x08, 0xA4, 0x08, 0xA4, 0x08, 0xA4, 0x08, 0xA4, 0x00, 0x84, 0x00, 0x84, 0x00,
    0xE6, 0x08, 0x0C, 0x12, 0x93, 0x23, 0xD9, 0x44, 0x79, 0x75, 0xB9, 0xA5, 0x7A, 0xCE, 0x3D, 0xDF,
    0xFC, 0xDE, 0xD8, 0xB5, 0x5E, 0xDF, 0x3E, 0xDF, 0x5E, 0xE7, 0x5E, 0xE7, 0x7E, 0xE7, 0x7E, 0xE7,
    0x7F, 0xE7, 0x7F, 0xE7, 0x9F, 0xE7, 0x9F, 0xE7, 0x9F, 0xEF, 0xBF, 0xEF, 0xBF, 0xEF, 0xBF, 0xEF,
    0xDF, 0xF7, 0xDF, 0xF7, 0xFF, 0xF7, 0xFF, 0xFF, 0xFF, 0xFF, 0xBF, 0xEF, 0x7F, 0xE7, 0xFF, 0xF7,
    0x3C, 0xDE, 0xD3, 0xA2, 0x35, 0xAB, 0x35, 0xAB, 0x35, 0xAB, 0x35, 0xAB, 0x14, 0xAB, 0x35, 0xAB,
    0x14, 0xAB, 0x35, 0xAB, 0x35, 0xAB, 0x35, 0xAB, 0x35, 0xAB, 0x35, 0xAB, 0x35, 0xAB, 0x35, 0xAB,
    0x35, 0xAB, 0x35, 0xAB, 0x35, 0xAB, 0x35, 0xAB, 0x35, 0xAB, 0x35, 0xAB, 0x35, 0xAB, 0x35, 0xAB,
    0x35, 0xAB, 0x35, 0xAB, 0x35, 0xAB, 0x35, 0xAB, 0x35, 0xAB, 0x35, 0xAB, 0x35, 0xAB, 0x35, 0xAB,
    0x35, 0xAB, 0x35, 0xAB, 0x35, 0xAB, 0x35, 0xAB, 0x35, 0xAB, 0x35, 0xAB, 0x35, 0xAB, 0x35, 0xAB,
    0x35, 0xAB, 0x35, 0xAB, 0x35, 0xAB, 0x35, 0xAB, 0x35, 0xAB, 0x35, 0xAB, 0x35, 0xAB, 0x35, 0xAB,
    0x35, 0xAB, 0x35, 0xAB, 0x35, 0xAB, 0x35, 0xAB, 0x35, 0xAB, 0x35, 0xAB, 0x35, 0xAB, 0x38, 0x9C,
    0x3D, 0x65, 0x3C, 0x75, 0x1C, 0x6D, 0xDA, 0x7C, 0xFC, 0x5C, 0x1B, 0x6D, 0xFC, 0x64, 0xBC, 0x5C,
    0xDC, 0x5C, 0xBF, 0xF7, 0xFF, 0xFF, 0xFF, 0xFF, 0xFF, 0xFF, 0xFF, 0xFF, 0xFF, 0xFF, 0xFF, 0xFF,
    0xFF, 0xFF, 0xFF, 0xFF, 0xFF, 0xFF, 0xFF, 0xFF, 0xFF, 0xFF, 0xFF, 0xFF, 0xFF, 0xFF, 0xFF, 0xFF,
    0xFF, 0xFF, 0xFF, 0xFF, 0xFF, 0xFF, 0xFF, 0xFF, 0xFF, 0xFF, 0xFF, 0xFF, 0xFF, 0xFF, 0xFF, 0xFF,
    0xFF, 0xFF, 0xFF, 0xFF, 0xFF, 0xFF, 0xFF, 0xFF, 0xFF, 0xFF, 0xFF, 0xFF, 0xFF, 0xFF, 0xFF, 0xFF,
    0xFF, 0xFF, 0xFF, 0xFF, 0xFF, 0xFF, 0xFF, 0xFF, 0xFF, 0xFF, 0xFF, 0xFF, 0xFF, 0xFF, 0xFF, 0xFF,
    0xFF, 0xFF, 0xFF, 0xFF, 0xFF, 0xFF, 0xFF, 0xFF, 0xFF, 0xFF, 0xFF, 0xFF, 0xFF, 0xFF, 0xFF, 0xFF,
    0xFF, 0xFF, 0xFF, 0xFF, 0xFF, 0xFF, 0xFF, 0xFF, 0xFF, 0xFF, 0xFF, 0xFF, 0xFF, 0xFF, 0xFF, 0xFF,
    0xFF, 0xFF, 0xFF, 0xFF, 0xFF, 0xFF, 0xFF, 0xFF, 0xFF, 0xFF, 0xFF, 0xFF, 0xFF, 0xFF, 0xFF, 0xFF,
    0xFF, 0xFF, 0xFF, 0xFF, 0xFF, 0xFF, 0xFF, 0xFF, 0xFF, 0xFF, 0xFF, 0xFF, 0xFF, 0xFF, 0xFF, 0xFF,
    0xFF, 0xFF, 0xFF, 0xFF, 0xFF, 0xFF, 0xFF, 0xFF, 0xFF, 0xFF, 0xFF, 0xFF, 0xFF, 0xFF, 0xFF, 0xFF,
    0xFF, 0xFF, 0xFF, 0xFF, 0xFF, 0xFF, 0xFF, 0xFF, 0xFF, 0xFF, 0xFF, 0xFF, 0xFF, 0xFF, 0xFF, 0xFF,
    0xFF, 0xFF, 0xFF, 0xFF, 0xFF, 0xFF, 0xFF, 0xFF, 0xFF, 0xFF, 0xFF, 0xFF, 0xFF, 0xFF, 0xFF, 0xFF,
    0xFF, 0xFF, 0xFF, 0xFF, 0xFF, 0xFF, 0xFF, 0xFF, 0xFF, 0xFF, 0xFF, 0xFF, 0xFF, 0xFF, 0xFF, 0xFF,
    0xFF, 0xFF, 0xFF, 0xFF, 0xFF, 0xFF, 0xFF, 0xFF, 0xFF, 0xFF, 0xFF, 0xFF, 0xFF, 0xFF, 0xFF, 0xFF,
    0xFF, 0xFF, 0xFF, 0xFF, 0xFF, 0xFF, 0xFF, 0xFF, 0xFF, 0xFF, 0xFF, 0xFF, 0xFF, 0xFF, 0xFF, 0xFF,
    0xFF, 0xFF, 0xFF, 0xFF, 0xFF, 0xFF, 0xFF, 0xFF, 0xFF, 0xFF, 0xFF, 0xFF, 0xFF, 0xFF, 0xFF, 0xFF,
    0xFF, 0xFF, 0xFF, 0xFF, 0xFF, 0xFF, 0xFF, 0xFF, 0xFF, 0xFF, 0xFF, 0xFF, 0xFF, 0xFF, 0xFF, 0xFF,
    0xFF, 0xFF, 0xFF, 0xFF, 0xFF, 0xFF, 0xFF, 0xFF, 0xFF, 0xFF, 0xFF, 0xFF, 0xFF, 0xFF, 0xFF, 0xFF,
    0xFF, 0xFF, 0xFF, 0xFF, 0xFF, 0xFF, 0xFF, 0xFF, 0xFF, 0xFF, 0xFF, 0xFF, 0xFF, 0xFF, 0xFF, 0xFF,
    0xFF, 0xFF, 0xFF, 0xFF, 0x5D, 0xAE, 0xBB, 0x54, 0xFC, 0x64, 0xDC, 0x5C, 0xDC, 0x5C, 0x1C, 0x6D,
    0x19, 0xC5, 0xFF, 0xFF, 0x7E, 0xEF, 0x7B, 0xBE, 0xBB, 0x7D, 0x5B, 0x65, 0x56, 0x44, 0x2C, 0x1A,
    0xA5, 0x00, 0x26, 0x21, 0x4A, 0x52, 0x0B, 0x73, 0xEB, 0x72, 0x8A, 0x5A, 0x29, 0x4A, 0xC8, 0x39,
    0x67, 0x29, 0x27, 0x19, 0x06, 0x11, 0x06, 0x19, 0x06, 0x19, 0xE5, 0x10, 0xE5, 0x10, 0xE5, 0x10,
    0xE5, 0x10, 0xE5, 0x10, 0xE5, 0x10, 0xE5, 0x10, 0xE5, 0x10, 0xE5, 0x10, 0xE5, 0x10, 0xE5, 0x10,
    0xE5, 0x10, 0xE5, 0x10, 0xE5, 0x10, 0xC5, 0x10, 0xC5, 0x10, 0xC5, 0x10, 0xC5, 0x08, 0xC5, 0x10,
    0xC5, 0x08, 0xC5, 0x10, 0xC5, 0x10, 0xC5, 0x10, 0xC5, 0x10, 0xC5, 0x10, 0xC5, 0x10, 0xC5, 0x10,
    0xC5, 0x10, 0xC5, 0x10, 0xC5, 0x10, 0xC5, 0x10, 0xC5, 0x10, 0xC5, 0x10, 0xC5, 0x10, 0xC5, 0x10,
    0xC4, 0x10, 0xC4, 0x10, 0xC4, 0x10, 0xC4, 0x10, 0xA4, 0x10, 0xA4, 0x10, 0xA4, 0x08, 0xA4, 0x08,
    0xA4, 0x08, 0x84, 0x00, 0xA5, 0x00, 0x69, 0x09, 0x32, 0x1B, 0xD8, 0x3C, 0x59, 0x6D, 0xD9, 0xAD,
    0x9B, 0xD6, 0x3D, 0xDF, 0x3D, 0xDF, 0x3E, 0xDF, 0x5E, 0xE7, 0x5E, 0xE7, 0x7E, 0xE7, 0x7E, 0xE7,
    0x7E, 0xE7, 0x7F, 0xE7, 0x9F, 0xE7, 0x9F, 0xE7, 0x9F, 0xEF, 0xBF, 0xEF, 0xBF, 0xEF, 0xBF, 0xEF,
    0xBF, 0xEF, 0xDF, 0xF7, 0xDF, 0xF7, 0xFF, 0xFF, 0xFF, 0xFF, 0xFF, 0xFF, 0x9F, 0xEF, 0x7F, 0xE7,
    0xFF, 0xFF, 0x36, 0xB4, 0xF4, 0xA2, 0x35, 0xAB, 0x35, 0xAB, 0x35, 0xAB, 0x34, 0xAB, 0x54, 0xA4,
    0x55, 0xAC, 0x14, 0xAB, 0x35, 0xAB, 0x35, 0xAB, 0x35, 0xAB, 0x35, 0xAB, 0x35, 0xAB, 0x35, 0xAB,
    0x35, 0xAB, 0x35, 0xAB, 0x35, 0xAB, 0x35, 0xAB, 0x35, 0xAB, 0x35, 0xAB, 0x35, 0xAB, 0x35, 0xAB,
    0x35, 0xAB, 0x35, 0xAB, 0x35, 0xAB, 0x35, 0xAB, 0x35, 0xAB, 0x35, 0xAB, 0x35, 0xAB, 0x35, 0xAB,
    0x35, 0xAB, 0x35, 0xAB, 0x35, 0xAB, 0x35, 0xAB, 0x35, 0xAB, 0x35, 0xAB, 0x35, 0xAB, 0x35, 0xAB,
    0x35, 0xAB, 0x35, 0xAB, 0x35, 0xAB, 0x35, 0xAB, 0x35, 0xAB, 0x35, 0xAB, 0x35, 0xAB, 0x35, 0xAB,
    0x35, 0xAB, 0x35, 0xAB, 0x35, 0xAB, 0x35, 0xAB, 0x35, 0xAB, 0x35, 0xAB, 0x57, 0x9C, 0x3D, 0x65,
    0x7B, 0x8D, 0x1B, 0x7D, 0xDC, 0x5C, 0xFD, 0x64, 0xFC, 0x5C, 0xBC, 0x54, 0xBC, 0x5C, 0x3C, 0x6D,
    0x3D, 0xA6, 0xFF, 0xFF, 0xFF, 0xFF, 0xFF, 0xFF, 0xFF, 0xFF, 0xFF, 0xFF, 0xFF, 0xFF, 0xFF, 0xFF,
    0xFF, 0xFF, 0xFF, 0xFF, 0xFF, 0xFF, 0xFF, 0xFF, 0xFF, 0xFF, 0xFF, 0xFF, 0xFF, 0xFF, 0xFF, 0xFF,
    0xFF, 0xFF, 0xFF, 0xFF, 0xFF, 0xFF, 0xFF, 0xFF, 0xFF, 0xFF, 0xFF, 0xFF, 0xFF, 0xFF, 0xFF, 0xFF,
    0xFF, 0xFF, 0xFF, 0xFF, 0xFF, 0xFF, 0xFF, 0xFF, 0xFF, 0xFF, 0xFF, 0xFF, 0xFF, 0xFF, 0xFF, 0xFF,
    0xFF, 0xFF, 0xFF, 0xFF, 0xFF, 0xFF, 0xFF, 0xFF, 0xFF, 0xFF, 0xFF, 0xFF, 0xFF, 0xFF, 0xFF, 0xFF,
    0xFF, 0xFF, 0xFF, 0xFF, 0xFF, 0xFF, 0xFF, 0xFF, 0xFF, 0xFF, 0xFF, 0xFF, 0xFF, 0xFF, 0xFF, 0xFF,
    0xFF, 0xFF, 0xFF, 0xFF, 0xFF, 0xFF, 0xFF, 0xFF, 0xFF, 0xFF, 0xFF, 0xFF, 0xFF, 0xFF, 0xFF, 0xFF,
    0xFF, 0xFF, 0xFF, 0xFF, 0xFF, 0xFF, 0xFF, 0xFF, 0xFF, 0xFF, 0xFF, 0xFF, 0xFF, 0xFF, 0xFF, 0xFF,
    0xFF, 0xFF, 0xFF, 0xFF, 0xFF, 0xFF, 0xFF, 0xFF, 0xFF, 0xFF, 0xFF, 0xFF, 0xFF, 0xFF, 0xFF, 0xFF,
    0xFF, 0xFF, 0xFF, 0xFF, 0xFF, 0xFF, 0xFF, 0xFF, 0xFF, 0xFF, 0xFF, 0xFF, 0xFF, 0xFF, 0xFF, 0xFF,
    0xFF, 0xFF, 0xFF, 0xFF, 0xFF, 0xFF, 0xFF, 0xFF, 0xFF, 0xFF, 0xFF, 0xFF, 0xFF, 0xFF, 0xFF, 0xFF,
    0xFF, 0xFF, 0xFF, 0xFF, 0xFF, 0xFF, 0xFF, 0xFF, 0xFF, 0xFF, 0xFF, 0xFF, 0xFF, 0xFF, 0xFF, 0xFF,
    0xFF, 0xFF, 0xFF, 0xFF, 0xFF, 0xFF, 0xFF, 0xFF, 0xFF, 0xFF, 0xFF, 0xFF, 0xFF, 0xFF, 0xFF, 0xFF,
    0xFF, 0xFF, 0xFF, 0xFF, 0xFF, 0xFF, 0xFF, 0xFF, 0xFF, 0xFF, 0xFF, 0xFF, 0xFF, 0xFF, 0xFF, 0xFF,
    0xFF, 0xFF, 0xFF, 0xFF, 0xFF, 0xFF, 0xFF, 0xFF, 0xFF, 0xFF, 0xFF, 0xFF, 0xFF, 0xFF, 0xFF, 0xFF,
    0xFF, 0xFF, 0xFF, 0xFF, 0xFF, 0xFF, 0xFF, 0xFF, 0xFF, 0xFF, 0xFF, 0xFF, 0xFF, 0xFF, 0xFF, 0xFF,
    0xFF, 0xFF, 0xFF, 0xFF, 0xFF, 0xFF, 0xFF, 0xFF, 0xFF, 0xFF, 0xFF, 0xFF, 0xFF, 0xFF, 0xFF, 0xFF,
    0xFF, 0xFF, 0xFF, 0xFF, 0xFF, 0xFF, 0xFF, 0xFF, 0xFF, 0xFF, 0xFF, 0xFF, 0xFF, 0xFF, 0xFF, 0xFF,
    0xFF, 0xFF, 0xFF, 0xFF, 0xFF, 0xFF, 0xFF, 0xFF, 0xFF, 0xFF, 0xFF, 0xFF, 0xFF, 0xFF, 0xFF, 0xFF,
    0xFF, 0xFF, 0xFF, 0xFF, 0xBF, 0xEF, 0xFC, 0x64, 0xDC, 0x5C, 0xDC, 0x5C, 0xFC, 0x64, 0x3D, 0x65,
    0xBE, 0xC6, 0x1D, 0xD7, 0xBA, 0x8D, 0x5B, 0x5D, 0xD9, 0x4C, 0xAE, 0x22, 0xC6, 0x00, 0x67, 0x29,
    0x2C, 0x7B, 0xED, 0x9B, 0x8C, 0x93, 0xCA, 0x6A, 0x49, 0x52, 0x08, 0x42, 0x87, 0x29, 0x47, 0x19,
    0x06, 0x19, 0x06, 0x19, 0x06, 0x19, 0xE6, 0x10, 0xE6, 0x10, 0xE5, 0x10, 0xE5, 0x10, 0xE5, 0x10,
    0xE5, 0x10, 0xE5, 0x10, 0xE5, 0x10, 0xE5, 0x10, 0xE5, 0x10, 0xE5, 0x10, 0xE5, 0x10, 0xE5, 0x10,
    0xE5, 0x10, 0xE5, 0x10, 0xE5, 0x10, 0xE5, 0x10, 0xE5, 0x10, 0xE5, 0x10, 0xE5, 0x10, 0xE5, 0x10,
    0xE5, 0x10, 0xC5, 0x10, 0xE5, 0x08, 0xC5, 0x08, 0xC5, 0x10, 0xC5, 0x10, 0xC5, 0x10, 0xC5, 0x10,
    0xC5, 0x10, 0xC5, 0x10, 0xC5, 0x10, 0xC5, 0x10, 0xE5, 0x10, 0xC5, 0x10, 0xC5, 0x10, 0xC5, 0x10,
    0xC5, 0x10, 0xC5, 0x10, 0xC5, 0x10, 0xC5, 0x10, 0xC5, 0x10, 0xC5, 0x10, 0xC4, 0x10, 0xC4, 0x10,
    0xA4, 0x10, 0xA4, 0x08, 0xC5, 0x08, 0xA4, 0x00, 0xA4, 0x00, 0x8A, 0x09, 0x94, 0x1B, 0xF9, 0x44,
    0x78, 0x8D, 0x5A, 0xC6, 0x1D, 0xDF, 0x5E, 0xDF, 0x5E, 0xDF, 0x5E, 0xE7, 0x5E, 0xE7, 0x7E, 0xE7,
    0x7E, 0xE7, 0x7F, 0xE7, 0x9F, 0xE7, 0x9F, 0xE7, 0x9F, 0xEF, 0x9F, 0xEF, 0xBF, 0xEF, 0xBF, 0xEF,
    0xBF, 0xEF, 0xBF, 0xF7, 0xDF, 0xF7, 0xFF, 0xF7, 0xFF, 0xFF, 0xFF, 0xFF, 0xFF, 0xFF, 0x9F, 0xE7,
    0xDF, 0xEF, 0xDD, 0xEE, 0xF4, 0xA2, 0x35, 0xAB, 0x35, 0xAB, 0x35, 0xAB, 0xF6, 0xBB, 0x8B, 0x4A,
    0x91, 0x73, 0x96, 0xB3, 0x35, 0xAB, 0x35, 0xAB, 0x35, 0xAB, 0x35, 0xAB, 0x35, 0xAB, 0x35, 0xAB,
    0x35, 0xAB, 0x35, 0xAB, 0x35, 0xAB, 0x35, 0xAB, 0x35, 0xAB, 0x35, 0xAB, 0x35, 0xAB, 0x35, 0xAB,
    0x35, 0xAB, 0x35, 0xAB, 0x35, 0xAB, 0x35, 0xAB, 0x35, 0xAB, 0x35, 0xAB, 0x35, 0xAB, 0x35, 0xAB,
    0x35, 0xAB, 0x35, 0xAB, 0x35, 0xAB, 0x35, 0xAB, 0x35, 0xAB, 0x35, 0xAB, 0x35, 0xAB, 0x35, 0xAB,
    0x35, 0xAB, 0x35, 0xAB, 0x35, 0xAB, 0x35, 0xAB, 0x35, 0xAB, 0x35, 0xAB, 0x35, 0xAB, 0x35, 0xAB,
    0x35, 0xAB, 0x35, 0xAB, 0x35, 0xAB, 0x35, 0xAB, 0x35, 0xAB, 0x17, 0xA4, 0x7E, 0x75, 0x3B, 0x85,
    0x1B, 0x75, 0xDC, 0x5C, 0xFC, 0x64, 0xBB, 0x54, 0xDC, 0x5C, 0xBC, 0x8D, 0x1E, 0xD7, 0xFF, 0xFF,
    0xFF, 0xFF, 0xFF, 0xFF, 0xFF, 0xFF, 0xFF, 0xFF, 0xFF, 0xFF, 0xFF, 0xFF, 0xFF, 0xFF, 0xFF, 0xFF,
    0xFF, 0xFF, 0xFF, 0xFF, 0xFF, 0xFF, 0xFF, 0xFF, 0xFF, 0xFF, 0xFF, 0xFF, 0xFF, 0xFF, 0xFF, 0xFF,
    0xFF, 0xFF, 0xFF, 0xFF, 0xFF, 0xFF, 0xFF, 0xFF, 0xFF, 0xFF, 0xFF, 0xFF, 0xFF, 0xFF, 0xFF, 0xFF,
    0xFF, 0xFF, 0xFF, 0xFF, 0xFF, 0xFF, 0xFF, 0xFF, 0xFF, 0xFF, 0xFF, 0xFF, 0xFF, 0xFF, 0xFF, 0xFF,
    0xFF, 0xFF, 0xFF, 0xFF, 0xFF, 0xFF, 0xFF, 0xFF, 0xFF, 0xFF, 0xFF, 0xFF, 0xFF, 0xFF, 0xFF, 0xFF,
    0xFF, 0xFF, 0xFF, 0xFF, 0xFF, 0xFF, 0xFF, 0xFF, 0xFF, 0xFF, 0xFF, 0xFF, 0xFF, 0xFF, 0xFF, 0xFF,
    0xFF, 0xFF, 0xFF, 0xFF, 0xFF, 0xFF, 0xFF, 0xFF, 0xFF, 0xFF, 0xFF, 0xFF, 0xFF, 0xFF, 0xFF, 0xFF,
    0xFF, 0xFF, 0xFF, 0xFF, 0xFF, 0xFF, 0xFF, 0xFF, 0xFF, 0xFF, 0xFF, 0xFF, 0xFF, 0xFF, 0xFF, 0xFF,
    0xFF, 0xFF, 0xFF, 0xFF, 0xFF, 0xFF, 0xFF, 0xFF, 0xFF, 0xFF, 0xFF, 0xFF, 0xFF, 0xFF, 0xFF, 0xFF,
    0xFF, 0xFF, 0xFF, 0xFF, 0xFF, 0xFF, 0xFF, 0xFF, 0xFF, 0xFF, 0xFF, 0xFF, 0xFF, 0xFF, 0xFF, 0xFF,
    0xFF, 0xFF, 0xFF, 0xFF, 0xFF, 0xFF, 0xFF, 0xFF, 0xFF, 0xFF, 0xFF, 0xFF, 0xFF, 0xFF, 0xFF, 0xFF,
    0xFF, 0xFF, 0xFF, 0xFF, 0xFF, 0xFF, 0xFF, 0xFF, 0xFF, 0xFF, 0xFF, 0xFF, 0xFF, 0xFF, 0xFF, 0xFF,
    0xFF, 0xFF, 0xFF, 0xFF, 0xFF, 0xFF, 0xFF, 0xFF, 0xFF, 0xFF, 0xFF, 0xFF, 0xFF, 0xFF, 0xFF, 0xFF,
    0xFF, 0xFF, 0xFF, 0xFF, 0xFF, 0xFF, 0xFF, 0xFF, 0xFF, 0xFF, 0xFF, 0xFF, 0xFF, 0xFF, 0xFF, 0xFF,
    0xFF, 0xFF, 0xFF, 0xFF, 0xFF, 0xFF, 0xFF, 0xFF, 0xFF, 0xFF, 0xFF, 0xFF, 0xFF, 0xFF, 0xFF, 0xFF,
    0xFF, 0xFF, 0xFF, 0xFF, 0xFF, 0xFF, 0xFF, 0xFF, 0xFF, 0xFF, 0xFF, 0xFF, 0xFF, 0xFF, 0xFF, 0xFF,
    0xFF, 0xFF, 0xFF, 0xFF, 0xFF, 0xFF, 0xFF, 0xFF, 0xFF, 0xFF, 0xFF, 0xFF, 0xFF, 0xFF, 0xFF, 0xFF,
    0xFF, 0xFF, 0xFF, 0xFF, 0xFF, 0xFF, 0xFF, 0xFF, 0xFF, 0xFF, 0xFF, 0xFF, 0xFF, 0xFF, 0xFF, 0xFF,
    0xFF, 0xFF, 0xFF, 0xFF, 0xFF, 0xFF, 0xFF, 0xFF, 0xFF, 0xFF, 0xFF, 0xFF, 0xFF, 0xFF, 0xFF, 0xFF,
    0xFF, 0xFF, 0xFF, 0xFF, 0xFF, 0xFF, 0xDD, 0x95, 0xBC, 0x54, 0xDC, 0x5C, 0x5B, 0x75, 0x5D, 0x75,
    0x3C, 0x75, 0x39, 0x6D, 0x3B, 0x55, 0x15, 0x3C, 0x48, 0x09, 0x06, 0x19, 0x4C, 0x7B, 0xAF, 0xBC,
    0x2E, 0xB4, 0x4B, 0x8B, 0x8A, 0x62, 0x49, 0x52, 0xE8, 0x39, 0x67, 0x21, 0x06, 0x19, 0x06, 0x19,
    0x06, 0x19, 0xE5, 0x18, 0xE5, 0x10, 0xE5, 0x10, 0xE5, 0x10, 0xE5, 0x10, 0xE5, 0x10, 0xE5, 0x10,
    0xE5, 0x10, 0xE5, 0x10, 0xE5, 0x10, 0xE5, 0x10, 0xE5, 0x10, 0xE5, 0x10, 0xE5, 0x10, 0xE5, 0x10,
    0xE5, 0x10, 0xE5, 0x10, 0xE5, 0x10, 0xE5, 0x10, 0xE5, 0x10, 0xE5, 0x10, 0xE5, 0x10, 0xC5, 0x10,
    0xE5, 0x10, 0xE5, 0x10, 0xE5, 0x10, 0xE5, 0x10, 0xE5, 0x10, 0xE5, 0x10, 0xC5, 0x10, 0xE5, 0x10,
    0xC5, 0x10, 0xC5, 0x10, 0xE5, 0x10, 0xE5, 0x10, 0xE5, 0x10, 0xE5, 0x10, 0xE5, 0x10, 0xE5, 0x10,
    0xE5, 0x10, 0xE5, 0x10, 0xE5, 0x10, 0xE5, 0x10, 0xC5, 0x10, 0xC5, 0x10, 0xE5, 0x10, 0xE5, 0x10,
    0xC4, 0x10, 0xC4, 0x10, 0xA4, 0x10, 0xA4, 0x10, 0xC5, 0x08, 0xA4, 0x00, 0x85, 0x00, 0x2D, 0x12,
    0x98, 0x2C, 0x59, 0x75, 0x19, 0xBE, 0x1D, 0xDF, 0x5E, 0xE7, 0x5E, 0xE7, 0x5E, 0xE7, 0x7E, 0xE7,
    0x7E, 0xE7, 0x7F, 0xE7, 0x7F, 0xE7, 0x9F, 0xE7, 0x9F, 0xE7, 0x9F, 0xEF, 0x9F, 0xEF, 0xBF, 0xEF,
    0xBF, 0xEF, 0xBF, 0xEF, 0xDF, 0xF7, 0xDF, 0xF7, 0xFF, 0xFF, 0xFF, 0xFF, 0xFF, 0xFF, 0xDF, 0xF7,
    0x7E, 0xE7, 0xFF, 0xF7, 0xB7, 0xC4, 0xF4, 0xA2, 0x35, 0xAB, 0x35, 0xAB, 0x16, 0xBC, 0x4E, 0x6B,
    0x74, 0x94, 0x96, 0xB3, 0x35, 0xAB, 0x35, 0xAB, 0x35, 0xAB, 0x35, 0xAB, 0x35, 0xAB, 0x35, 0xAB,
    0x35, 0xAB, 0x35, 0xAB, 0x35, 0xAB, 0x35, 0xAB, 0x35, 0xAB, 0x35, 0xAB, 0x35, 0xAB, 0x35, 0xAB,
    0x35, 0xAB, 0x35, 0xAB, 0x35, 0xAB, 0x35, 0xAB, 0x35, 0xAB, 0x35, 0xAB, 0x35, 0xAB, 0x35, 0xAB,
    0x35, 0xAB, 0x35, 0xAB, 0x35, 0xAB, 0x35, 0xAB, 0x35, 0xAB, 0x35, 0xAB, 0x35, 0xAB, 0x35, 0xAB,
    0x35, 0xAB, 0x35, 0xAB, 0x35, 0xAB, 0x35, 0xAB, 0x35, 0xAB, 0x35, 0xAB, 0x35, 0xAB, 0x35, 0xAB,
    0x35, 0xAB, 0x35, 0xAB, 0x35, 0xAB, 0x35, 0xAB, 0xF7, 0xAB, 0x3C, 0x6D, 0x1B, 0x85, 0x3B, 0x75,
    0xDC, 0x54, 0xFC, 0x64, 0xBB, 0x54, 0x9C, 0x85, 0x3E, 0xD7, 0xFF, 0xFF, 0xFF, 0xFF, 0xFF, 0xFF,
    0xFF, 0xFF, 0xFF, 0xFF, 0xFF, 0xFF, 0xFF, 0xFF, 0xFF, 0xFF, 0xFF, 0xFF, 0xFF, 0xFF, 0xFF, 0xFF,
    0xFF, 0xFF, 0xFF, 0xFF, 0xFF, 0xFF, 0xFF, 0xFF, 0xFF, 0xFF, 0xFF, 0xFF, 0xFF, 0xFF, 0xFF, 0xFF,
    0xFF, 0xFF, 0xFF, 0xFF, 0xFF, 0xFF, 0xFF, 0xFF, 0xFF, 0xFF, 0xFF, 0xFF, 0xFF, 0xFF, 0xFF, 0xFF,
    0xFF, 0xFF, 0xFF, 0xFF, 0xFF, 0xFF, 0xFF, 0xFF, 0xFF, 0xFF, 0xFF, 0xFF, 0xFF, 0xFF, 0xFF, 0xFF,
    0xFF, 0xFF, 0xFF, 0xFF, 0xFF, 0xFF, 0xFF, 0xFF, 0xFF, 0xFF, 0xFF, 0xFF, 0xFF, 0xFF, 0xFF, 0xFF,
    0xFF, 0xFF, 0xFF, 0xFF, 0xFF, 0xFF, 0xFF, 0xFF, 0xFF, 0xFF, 0xFF, 0xFF, 0xFF, 0xFF, 0xFF, 0xFF,
    0xFF, 0xFF, 0xFF, 0xFF, 0xFF, 0xFF, 0xFF, 0xFF, 0xFF, 0xFF, 0xFF, 0xFF, 0xFF, 0xFF, 0xFF, 0xFF,
    0xFF, 0xFF, 0xFF, 0xFF, 0xFF, 0xFF, 0xFF, 0xFF, 0xFF, 0xFF, 0xFF, 0xFF, 0xFF, 0xFF, 0xFF, 0xFF,
    0xFF, 0xFF, 0xFF, 0xFF, 0xFF, 0xFF, 0xFF, 0xFF, 0xFF, 0xFF, 0xFF, 0xFF, 0xFF, 0xFF, 0xFF, 0xFF,
    0xFF, 0xFF, 0xFF, 0xFF, 0xFF, 0xFF, 0xFF, 0xFF, 0xFF, 0xFF, 0xFF, 0xFF, 0xFF, 0xFF, 0xFF, 0xFF,
    0xFF, 0xFF, 0xFF, 0xFF, 0xFF, 0xFF, 0xFF, 0xFF, 0xFF, 0xFF, 0xFF, 0xFF, 0xFF, 0xFF, 0xFF, 0xFF,
    0xFF, 0xFF, 0xFF, 0xFF, 0xFF, 0xFF, 0xFF, 0xFF, 0xFF, 0xFF, 0xFF, 0xFF, 0xFF, 0xFF, 0xFF, 0xFF,
    0xFF, 0xFF, 0xFF, 0xFF, 0xFF, 0xFF, 0xFF, 0xFF, 0xFF, 0xFF, 0xFF, 0xFF, 0xFF, 0xFF, 0xFF, 0xFF,
    0xFF, 0xFF, 0xFF, 0xFF, 0xFF, 0xFF, 0xFF, 0xFF, 0xFF, 0xFF, 0xFF, 0xFF, 0xFF, 0xFF, 0xFF, 0xFF,
    0xFF, 0xFF, 0xFF, 0xFF, 0xFF, 0xFF, 0xFF, 0xFF, 0xFF, 0xFF, 0xFF, 0xFF, 0xFF, 0xFF, 0xFF, 0xFF,
    0xFF, 0xFF, 0xFF, 0xFF, 0xFF, 0xFF, 0xFF, 0xFF, 0xFF, 0xFF, 0xFF, 0xFF, 0xFF, 0xFF, 0xFF, 0xFF,
    0xFF, 0xFF, 0xFF, 0xFF, 0xFF, 0xFF, 0xFF, 0xFF, 0xFF, 0xFF, 0xFF, 0xFF, 0xFF, 0xFF, 0xFF, 0xFF,
    0xFF, 0xFF, 0xFF, 0xFF, 0xFF, 0xFF, 0xFF, 0xFF, 0xFF, 0xFF, 0xFF, 0xFF, 0xFF, 0xFF, 0xFF, 0xFF,
    0xFF, 0xFF, 0xFF, 0xFF, 0xFF, 0xFF, 0xFF, 0xFF, 0xFF, 0xFF, 0xFF, 0xFF, 0xFF, 0xFF, 0xFF, 0xFF,
    0xFF, 0xFF, 0xFF, 0xFF, 0xFF, 0xFF, 0xFE, 0xCE, 0xBC, 0x54, 0xFC, 0x64, 0x1B, 0x6D, 0x9C, 0x85,
    0x1D, 0x65, 0x5B, 0x65, 0x72, 0x33, 0xC6, 0x00, 0x49, 0x52, 0xF0, 0xBC, 0xF0, 0xCC, 0xED, 0xAB,
    0x2B, 0x8B, 0xAA, 0x6A, 0x49, 0x52, 0xC8, 0x39, 0x26, 0x21, 0x06, 0x19, 0x06, 0x19, 0xE5, 0x18,
    0xE5, 0x18, 0xE5, 0x10, 0xE5, 0x10, 0xE6, 0x10, 0xE6, 0x10, 0xE5, 0x10, 0xE5, 0x10, 0xE5, 0x10,
    0xE5, 0x10, 0xE5, 0x10, 0xE5, 0x10, 0xE5, 0x10, 0xE5, 0x10, 0xE5, 0x10, 0xE5, 0x10, 0xE5, 0x10,
    0xE5, 0x10, 0xE5, 0x10, 0xE5, 0x10, 0xE5, 0x10, 0xE5, 0x10, 0xE5, 0x08, 0xE5, 0x10, 0xE5, 0x10,
    0xE5, 0x10, 0xE5, 0x10, 0xE5, 0x10, 0xE5, 0x10, 0xE5, 0x10, 0xE5, 0x10, 0xE5, 0x10, 0xE5, 0x10,
    0xE5, 0x10, 0xE6, 0x10, 0xE6, 0x10, 0x06, 0x11, 0x06, 0x11, 0x06, 0x11, 0xE6, 0x10, 0xE5, 0x10,
    0xE5, 0x10, 0xE5, 0x10, 0xE5, 0x10, 0xE5, 0x10, 0xE5, 0x10, 0xC5, 0x10, 0xE5, 0x10, 0xE5, 0x10,
    0xE5, 0x10, 0xE5, 0x10, 0xC5, 0x10, 0xC4, 0x10, 0xA4, 0x08, 0x05, 0x21, 0x26, 0x21, 0x44, 0x00,
    0x48, 0x09, 0xF5, 0x23, 0x59, 0x65, 0xF9, 0xBD, 0x1D, 0xDF, 0x5E, 0xE7, 0x5E, 0xE7, 0x5E, 0xE7,
    0x7E, 0xE7, 0x7E, 0xE7, 0x7F, 0xE7, 0x9F, 0xE7, 0x9F, 0xE7, 0x9F, 0xEF, 0x9F, 0xEF, 0x9F, 0xEF,
    0xBF, 0xEF, 0xBF, 0xEF, 0xDF, 0xF7, 0xDF, 0xF7, 0xFF, 0xFF, 0xFF, 0xFF, 0xFF, 0xFF, 0xFF, 0xFF,
    0xBF, 0xEF, 0xBF, 0xEF, 0x5E, 0xF7, 0x34, 0xA3, 0x35, 0xAB, 0x35, 0xAB, 0x17, 0xBC, 0x4E, 0x63,
    0xD9, 0xB5, 0xB6, 0xB3, 0x35, 0xAB, 0x35, 0xAB, 0x35, 0xAB, 0x35, 0xAB, 0x35, 0xAB, 0x35, 0xAB,
    0x35, 0xAB, 0x35, 0xAB, 0x35, 0xAB, 0x35, 0xAB, 0x35, 0xAB, 0x35, 0xAB, 0x35, 0xAB, 0x35, 0xAB,
    0x35, 0xAB, 0x35, 0xAB, 0x35, 0xAB, 0x35, 0xAB, 0x35, 0xAB, 0x35, 0xAB, 0x35, 0xAB, 0x35, 0xAB,
    0x35, 0xAB, 0x35, 0xAB, 0x35, 0xAB, 0x35, 0xAB, 0x35, 0xAB, 0x35, 0xAB, 0x35, 0xAB, 0x35, 0xAB,
    0x35, 0xAB, 0x35, 0xAB, 0x35, 0xAB, 0x35, 0xAB, 0x35, 0xAB, 0x35, 0xAB, 0x35, 0xAB, 0x35, 0xAB,
    0x35, 0xAB, 0x35, 0xAB, 0x35, 0xAB, 0x55, 0xB3, 0xFB, 0x74, 0x5C, 0x7D, 0xFB, 0x7C, 0xDC, 0x5C,
    0xDC, 0x5C, 0xBC, 0x54, 0x7D, 0xB6, 0xFF, 0xFF, 0xFF, 0xFF, 0xFF, 0xFF, 0xFF, 0xFF, 0xFF, 0xFF,
    0xFF, 0xFF, 0xFF, 0xFF, 0xFF, 0xFF, 0xFF, 0xFF, 0xFF, 0xFF, 0xFF, 0xFF, 0xFF, 0xFF, 0xFF, 0xFF,
    0xFF, 0xFF, 0xFF, 0xFF, 0xFF, 0xFF, 0xFF, 0xFF, 0xFF, 0xFF, 0xFF, 0xFF, 0xFF, 0xFF, 0xFF, 0xFF,
    0xFF, 0xFF, 0xFF, 0xFF, 0xFF, 0xFF, 0xFF, 0xFF, 0xFF, 0xFF, 0xFF, 0xFF, 0xFF, 0xFF, 0xFF, 0xFF,
    0xFF, 0xFF, 0xFF, 0xFF, 0xFF, 0xFF, 0xFF, 0xFF, 0xFF, 0xFF, 0xFF, 0xFF, 0xFF, 0xFF, 0xFF, 0xFF,
    0xFF, 0xFF, 0xFF, 0xFF, 0xFF, 0xFF, 0xFF, 0xFF, 0xFF, 0xFF, 0xFF, 0xFF, 0xFF, 0xFF, 0xFF, 0xFF,
    0xFF, 0xFF, 0xFF, 0xFF, 0xFF, 0xFF, 0xFF, 0xFF, 0xFF, 0xFF, 0xFF, 0xFF, 0xFF, 0xFF, 0xFF, 0xFF,
    0xFF, 0xFF, 0xFF, 0xFF, 0xFF, 0xFF, 0xFF, 0xFF, 0xFF, 0xFF, 0xFF, 0xFF, 0xFF, 0xFF, 0xFF, 0xFF,
    0xFF, 0xFF, 0xFF, 0xFF, 0xFF, 0xFF, 0xFF, 0xFF, 0xFF, 0xFF, 0xFF, 0xFF, 0xFF, 0xFF, 0xFF, 0xFF,
    0xFF, 0xFF, 0xFF, 0xFF, 0xFF, 0xFF, 0xFF, 0xFF, 0xFF, 0xFF, 0xFF, 0xFF, 0xFF, 0xFF, 0xFF, 0xFF,
    0xFF, 0xFF, 0xFF, 0xFF, 0xFF, 0xFF, 0xFF, 0xFF, 0xFF, 0xFF, 0xFF, 0xFF, 0xFF, 0xFF, 0xFF, 0xFF,
    0xFF, 0xFF, 0xFF, 0xFF, 0xFF, 0xFF, 0xFF, 0xFF, 0xFF, 0xFF, 0xFF, 0xFF, 0xFF, 0xFF, 0xFF, 0xFF,
    0xFF, 0xFF, 0xFF, 0xFF, 0xFF, 0xFF, 0xFF, 0xFF, 0xFF, 0xFF, 0xFF, 0xFF, 0xFF, 0xFF, 0xFF, 0xFF,
    0xFF, 0xFF, 0xFF, 0xFF, 0xFF, 0xFF, 0xFF, 0xFF, 0xFF, 0xFF, 0xFF, 0xFF, 0xFF, 0xFF, 0xFF, 0xFF,
    0xFF, 0xFF, 0xFF, 0xFF, 0xFF, 0xFF, 0xFF, 0xFF, 0xFF, 0xFF, 0xFF, 0xFF, 0xFF, 0xFF, 0xFF, 0xFF,
    0xFF, 0xFF, 0xFF, 0xFF, 0xFF, 0xFF, 0xFF, 0xFF, 0xFF, 0xFF, 0xFF, 0xFF, 0xFF, 0xFF, 0xFF, 0xFF,
    0xFF, 0xFF, 0xFF, 0xFF, 0xFF, 0xFF, 0xFF, 0xFF, 0xFF, 0xFF, 0xFF, 0xFF, 0xFF, 0xFF, 0xFF, 0xFF,
    0xFF, 0xFF, 0xFF, 0xFF, 0xFF, 0xFF, 0xFF, 0xFF, 0xFF, 0xFF, 0xFF, 0xFF, 0xFF, 0xFF, 0xFF, 0xFF,
    0xFF, 0xFF, 0xFF, 0xFF, 0xFF, 0xFF, 0xFF, 0xFF, 0xFF, 0xFF, 0xFF, 0xFF, 0xFF, 0xFF, 0xFF, 0xFF,
    0xFF, 0xFF, 0xFF, 0xFF, 0xFF, 0xFF, 0xFF, 0xFF, 0xFF, 0xFF, 0xFF, 0xFF, 0xFF, 0xFF, 0xFF, 0xFF,
    0xFF, 0xFF, 0xFF, 0xFF, 0xFF, 0xFF, 0xDF, 0xF7, 0x1C, 0x6D, 0xDC, 0x5C, 0xDC, 0x64, 0x3B, 0x6D,
    0x1D, 0x65, 0xB8, 0x5C, 0xE6, 0x08, 0x8C, 0x7B, 0x92, 0xDD, 0xCF, 0xC4, 0xED, 0xA3, 0x4B, 0x8B,
    0xCA, 0x72, 0x69, 0x5A, 0xA8, 0x39, 0x47, 0x21, 0x47, 0x19, 0x27, 0x19, 0x06, 0x19, 0x06, 0x19,
    0xE5, 0x10, 0xE5, 0x10, 0xE5, 0x10, 0xE6, 0x10, 0xE6, 0x10, 0xE6, 0x10, 0xE5, 0x10, 0xE5, 0x10,
    0xE5, 0x10, 0xE5, 0x10, 0xE5, 0x10, 0xE5, 0x10, 0xE5, 0x10, 0xE5, 0x10, 0xE5, 0x10, 0xE5, 0x10,
    0xE5, 0x10, 0xE5, 0x10, 0xE5, 0x10, 0xE5, 0x10, 0xE5, 0x10, 0xE5, 0x10, 0xE5, 0x10, 0xE5, 0x10,
    0xE5, 0x10, 0xE5, 0x10, 0xE5, 0x10, 0xE5, 0x08, 0xE5, 0x10, 0xE5, 0x08, 0xE5, 0x10, 0xE5, 0x10,
    0xE6, 0x10, 0x07, 0x11, 0x48, 0x11, 0x69, 0x11, 0x69, 0x11, 0x89, 0x11, 0x68, 0x11, 0x27, 0x11,
    0x06, 0x11, 0xE5, 0x10, 0xE5, 0x10, 0xE5, 0x10, 0xE5, 0x10, 0xE5, 0x10, 0xE5, 0x10, 0xE5, 0x10,
    0xE5, 0x10, 0xE5, 0x10, 0xE5, 0x10, 0xE5, 0x10, 0xC5, 0x10, 0x25, 0x29, 0x07, 0x5A, 0xA8, 0x41,
    0x64, 0x00, 0xE6, 0x00, 0xB4, 0x13, 0x59, 0x65, 0x3A, 0xBE, 0x3D, 0xDF, 0x5E, 0xDF, 0x5E, 0xE7,
    0x7E, 0xE7, 0x7E, 0xE7, 0x7E, 0xE7, 0x9F, 0xE7, 0x9F, 0xE7, 0x9F, 0xEF, 0x9F, 0xEF, 0x9F, 0xEF,
    0xBF, 0xEF, 0xBF, 0xEF, 0xBF, 0xEF, 0xDF, 0xF7, 0xDF, 0xF7, 0xFF, 0xFF, 0xFF, 0xFF, 0xFF, 0xFF,
    0xFF, 0xFF, 0x7F, 0xE7, 0xFF, 0xF7, 0x39, 0xCD, 0xF4, 0xA2, 0x35, 0xAB, 0x17, 0xBC, 0x4E, 0x63,
    0x98, 0xB5, 0xB6, 0xB3, 0x35, 0xAB, 0x35, 0xAB, 0x35, 0xAB, 0x35, 0xAB, 0x35, 0xAB, 0x35, 0xAB,
    0x35, 0xAB, 0x35, 0xAB, 0x35, 0xAB, 0x35, 0xAB, 0x35, 0xAB, 0x35, 0xAB, 0x35, 0xAB, 0x35, 0xAB,
    0x35, 0xAB, 0x35, 0xAB, 0x35, 0xAB, 0x35, 0xAB, 0x35, 0xAB, 0x35, 0xAB, 0x35, 0xAB, 0x35, 0xAB,
    0x35, 0xAB, 0x35, 0xAB, 0x35, 0xAB, 0x35, 0xAB, 0x35, 0xAB, 0x35, 0xAB, 0x35, 0xAB, 0x35, 0xAB,
    0x35, 0xAB, 0x35, 0xAB, 0x35, 0xAB, 0x35, 0xAB, 0x35, 0xAB, 0x35, 0xAB, 0x35, 0xAB, 0x35, 0xAB,
    0x35, 0xAB, 0x35, 0xAB, 0x35, 0xAB, 0x18, 0x8C, 0xFB, 0x74, 0xDA, 0x8C, 0x1D, 0x5D, 0xDC, 0x64,
    0xBB, 0x54, 0xBD, 0xBE, 0xFF, 0xFF, 0xFF, 0xFF, 0xFF, 0xFF, 0xFF, 0xFF, 0xFF, 0xFF, 0xFF, 0xFF,
    0xFF, 0xFF, 0xFF, 0xFF, 0xFF, 0xFF, 0xFF, 0xFF, 0xFF, 0xFF, 0xFF, 0xFF, 0xFF, 0xFF, 0xFF, 0xFF,
    0xFF, 0xFF, 0xFF, 0xFF, 0xFF, 0xFF, 0xFF, 0xFF, 0xFF, 0xFF, 0xFF, 0xFF, 0xFF, 0xFF, 0xFF, 0xFF,
    0xFF, 0xFF, 0xFF, 0xFF, 0xFF, 0xFF, 0xFF, 0xFF, 0xFF, 0xFF, 0xFF, 0xFF, 0xFF, 0xFF, 0xFF, 0xFF,
    0xFF, 0xFF, 0xFF, 0xFF, 0xFF, 0xFF, 0xFF, 0xFF, 0xFF, 0xFF, 0xFF, 0xFF, 0xFF, 0xFF, 0xFF, 0xFF,
    0xFF, 0xFF, 0xFF, 0xFF, 0xFF, 0xFF, 0xFF, 0xFF, 0xFF, 0xFF, 0xFF, 0xFF, 0xFF, 0xFF, 0xFF, 0xFF,
    0xFF, 0xFF, 0xFF, 0xFF, 0xFF, 0xFF, 0xFF, 0xFF, 0xFF, 0xFF, 0xFF, 0xFF, 0xFF, 0xFF, 0xFF, 0xFF,
    0xFF, 0xFF, 0xFF, 0xFF, 0xFF, 0xFF, 0xFF, 0xFF, 0xFF, 0xFF, 0xFF, 0xFF, 0xFF, 0xFF, 0xFF, 0xFF,
    0xFF, 0xFF, 0xFF, 0xFF, 0xFF, 0xFF, 0xFF, 0xFF, 0xFF, 0xFF, 0xFF, 0xFF, 0xFF, 0xFF, 0xFF, 0xFF,
    0xFF, 0xFF, 0xFF, 0xFF, 0xFF, 0xFF, 0xFF, 0xFF, 0xFF, 0xFF, 0xFF, 0xFF, 0xFF, 0xFF, 0xFF, 0xFF,
    0xFF, 0xFF, 0xFF, 0xFF, 0xFF, 0xFF, 0xFF, 0xFF, 0xFF, 0xFF, 0xFF, 0xFF, 0xFF, 0xFF, 0xFF, 0xFF,
    0xFF, 0xFF, 0xFF, 0xFF, 0xFF, 0xFF, 0xFF, 0xFF, 0xFF, 0xFF, 0xFF, 0xFF, 0xFF, 0xFF, 0xFF, 0xFF,
    0xFF, 0xFF, 0xFF, 0xFF, 0xFF, 0xFF, 0xFF, 0xFF, 0xFF, 0xFF, 0xFF, 0xFF, 0xFF, 0xFF, 0xFF, 0xFF,
    0xFF, 0xFF, 0xFF, 0xFF, 0xFF, 0xFF, 0xFF, 0xFF, 0xFF, 0xFF, 0xFF, 0xFF, 0xFF, 0xFF, 0xFF, 0xFF,
    0xFF, 0xFF, 0xFF, 0xFF, 0xFF, 0xFF, 0xFF, 0xFF, 0xFF, 0xFF, 0xFF, 0xFF, 0xFF, 0xFF, 0xFF, 0xFF,
    0xFF, 0xFF, 0xFF, 0xFF, 0xFF, 0xFF, 0xFF, 0xFF, 0xFF, 0xFF, 0xFF, 0xFF, 0xFF, 0xFF, 0xFF, 0xFF,
    0xFF, 0xFF, 0xFF, 0xFF, 0xFF, 0xFF, 0xFF, 0xFF, 0xFF, 0xFF, 0xFF, 0xFF, 0xFF, 0xFF, 0xFF, 0xFF,
    0xFF, 0xFF, 0xFF, 0xFF, 0xFF, 0xFF, 0xFF, 0xFF, 0xFF, 0xFF, 0xFF, 0xFF, 0xFF, 0xFF, 0xFF, 0xFF,
    0xFF, 0xFF, 0xFF, 0xFF, 0xFF, 0xFF, 0xFF, 0xFF, 0xFF, 0xFF, 0xFF, 0xFF, 0xFF, 0xFF, 0xFF, 0xFF,
    0xFF, 0xFF, 0xFF, 0xFF, 0xFF, 0xFF, 0xFF, 0xFF, 0xFF, 0xFF, 0xFF, 0xFF, 0xFF, 0xFF, 0xFF, 0xFF,
    0xFF, 0xFF, 0xFF, 0xFF, 0xFF, 0xFF, 0xFF, 0xFF, 0xBC, 0x8D, 0xBC, 0x54, 0xFD, 0x5C, 0x3B, 0x6D,
    0xFB, 0x64, 0x99, 0x64, 0x2F, 0x94, 0xD2, 0xE5, 0xAF, 0xC4, 0x0D, 0xAC, 0x4B, 0x93, 0x0B, 0x83,
    0x8A, 0x6A, 0xE8, 0x39, 0xA9, 0x21, 0xAA, 0x19, 0x8A, 0x11, 0x69, 0x09, 0x48, 0x19, 0x06, 0x19,
    0xE5, 0x18, 0xE6, 0x10, 0xE5, 0x10, 0xE6, 0x10, 0xE6, 0x10, 0xE5, 0x10, 0xE5, 0x10, 0xE5, 0x10,
    0xE5, 0x10, 0xE5, 0x10, 0xE5, 0x10, 0xE5, 0x10, 0xE5, 0x10, 0xE5, 0x10, 0xE5, 0x10, 0xE5, 0x10,
    0xE5, 0x10, 0xE5, 0x10, 0xE5, 0x10, 0xE5, 0x10, 0xE5, 0x10, 0xE5, 0x10, 0xE5, 0x10, 0xE5, 0x10,
    0xE5, 0x10, 0xE5, 0x10, 0xE5, 0x10, 0xE5, 0x10, 0xE5, 0x10, 0xE5, 0x10, 0xE5, 0x10, 0xE5, 0x10,
    0x06, 0x11, 0x68, 0x11, 0xEB, 0x11, 0xCE, 0x2A, 0xEE, 0x2A, 0x2D, 0x1A, 0xAA, 0x09, 0x8A, 0x11,
    0x48, 0x11, 0x06, 0x11, 0xE5, 0x10, 0xE5, 0x10, 0xE5, 0x10, 0xE5, 0x10, 0xE5, 0x10, 0xE5, 0x10,
    0xE5, 0x10, 0xE5, 0x10, 0xE5, 0x10, 0xE5, 0x10, 0xE5, 0x18, 0x25, 0x29, 0xC7, 0x49, 0x69, 0x7A,
    0x08, 0x5A, 0x84, 0x08, 0xC6, 0x00, 0xB5, 0x1B, 0x79, 0x7D, 0x5A, 0xC6, 0x3E, 0xDF, 0x5E, 0xDF,
    0x5E, 0xE7, 0x7E, 0xE7, 0x7E, 0xE7, 0x7F, 0xE7, 0x9F, 0xE7, 0x9F, 0xEF, 0x9F, 0xEF, 0x9F, 0xEF,
    0x9F, 0xEF, 0xBF, 0xEF, 0xBF, 0xEF, 0xBF, 0xF7, 0xDF, 0xF7, 0xFF, 0xFF, 0xFF, 0xFF, 0xFF, 0xFF,
    0xFF, 0xFF, 0xDF, 0xF7, 0x9F, 0xE7, 0x7F, 0xF7, 0x54, 0xAB, 0x35, 0xAB, 0x37, 0xBC, 0x6F, 0x6B,
    0xB8, 0xB5, 0xD6, 0xB3, 0x35, 0xAB, 0x35, 0xAB, 0x35, 0xAB, 0x35, 0xAB, 0x35, 0xAB, 0x35, 0xAB,
    0x35, 0xAB, 0x35, 0xAB, 0x35, 0xAB, 0x35, 0xAB, 0x35, 0xAB, 0x35, 0xAB, 0x35, 0xAB, 0x35, 0xAB,
    0x35, 0xAB, 0x35, 0xAB, 0x35, 0xAB, 0x35, 0xAB, 0x35, 0xAB, 0x35, 0xAB, 0x35, 0xAB, 0x35, 0xAB,
    0x35, 0xAB, 0x35, 0xAB, 0x35, 0xAB, 0x35, 0xAB, 0x35, 0xAB, 0x35, 0xAB, 0x35, 0xAB, 0x35, 0xAB,
    0x35, 0xAB, 0x35, 0xAB, 0x35, 0xAB, 0x35, 0xAB, 0x35, 0xAB, 0x35, 0xAB, 0x35, 0xAB, 0x35, 0xAB,
    0x55, 0xAB, 0x35, 0xAB, 0xB6, 0xAB, 0xDB, 0x6C, 0xB9, 0x94, 0xFC, 0x64, 0xFC, 0x64, 0x9B, 0x54,
    0x3D, 0xA6, 0xFF, 0xFF, 0xFF, 0xFF, 0xFF, 0xFF, 0xFF, 0xFF, 0xFF, 0xFF, 0xFF, 0xFF, 0xFF, 0xFF,
    0xFF, 0xFF, 0xFF, 0xFF, 0xFF, 0xFF, 0xFF, 0xFF, 0xFF, 0xFF, 0xFF, 0xFF, 0xFF, 0xFF, 0xFF, 0xFF,
    0xFF, 0xFF, 0xFF, 0xFF, 0xFF, 0xFF, 0xFF, 0xFF, 0xFF, 0xFF, 0xFF, 0xFF, 0xFF, 0xFF, 0xFF, 0xFF,
    0xFF, 0xFF, 0xFF, 0xFF, 0xFF, 0xFF, 0xFF, 0xFF, 0xFF, 0xFF, 0xFF, 0xFF, 0xFF, 0xFF, 0xFF, 0xFF,
    0xFF, 0xFF, 0xFF, 0xFF, 0xFF, 0xFF, 0xFF, 0xFF, 0xFF, 0xFF, 0xFF, 0xFF, 0xFF, 0xFF, 0xFF, 0xFF,
    0xFF, 0xFF, 0xFF, 0xFF, 0xFF, 0xFF, 0xFF, 0xFF, 0xFF, 0xFF, 0xFF, 0xFF, 0xFF, 0xFF, 0xFF, 0xFF,
    0xFF, 0xFF, 0xFF, 0xFF, 0xFF, 0xFF, 0xFF, 0xFF, 0xFF, 0xFF, 0xFF, 0xFF, 0xFF, 0xFF, 0xFF, 0xFF,
    0xFF, 0xFF, 0xFF, 0xFF, 0xFF, 0xFF, 0xFF, 0xFF, 0xFF, 0xFF, 0xFF, 0xFF, 0xFF, 0xFF, 0xFF, 0xFF,
    0xFF, 0xFF, 0xFF, 0xFF, 0xFF, 0xFF, 0xFF, 0xFF, 0xFF, 0xFF, 0xFF, 0xFF, 0xFF, 0xFF, 0xFF, 0xFF,
    0xFF, 0xFF, 0xFF, 0xFF, 0xFF, 0xFF, 0xFF, 0xFF, 0xFF, 0xFF, 0xFF, 0xFF, 0xFF, 0xFF, 0xFF, 0xFF,
    0xFF, 0xFF, 0xFF, 0xFF, 0xFF, 0xFF, 0xFF, 0xFF, 0xFF, 0xFF, 0xFF, 0xFF, 0xFF, 0xFF, 0xFF, 0xFF,
    0xFF, 0xFF, 0xFF, 0xFF, 0xFF, 0xFF, 0xFF, 0xFF, 0xFF, 0xFF, 0xFF, 0xFF, 0xFF, 0xFF, 0xFF, 0xFF,
    0xFF, 0xFF, 0xFF, 0xFF, 0xFF, 0xFF, 0xFF, 0xFF, 0xFF, 0xFF, 0xFF, 0xFF, 0xFF, 0xFF, 0xFF, 0xFF,
    0xFF, 0xFF, 0xFF, 0xFF, 0xFF, 0xFF, 0xFF, 0xFF, 0xFF, 0xFF, 0xFF, 0xFF, 0xFF, 0xFF, 0xFF, 0xFF,
    0xFF, 0xFF, 0xFF, 0xFF, 0xFF, 0xFF, 0xFF, 0xFF, 0xFF, 0xFF, 0xFF, 0xFF, 0xFF, 0xFF, 0xFF, 0xFF,
    0xFF, 0xFF, 0xFF, 0xFF, 0xFF, 0xFF, 0xFF, 0xFF, 0xFF, 0xFF, 0xFF, 0xFF, 0xFF, 0xFF, 0xFF, 0xFF,
    0xFF, 0xFF, 0xFF, 0xFF, 0xFF, 0xFF, 0xFF, 0xFF, 0xFF, 0xFF, 0xFF, 0xFF, 0xFF, 0xFF, 0xFF, 0xFF,
    0xFF, 0xFF, 0xFF, 0xFF, 0xFF, 0xFF, 0xFF, 0xFF, 0xFF, 0xFF, 0xFF, 0xFF, 0xFF, 0xFF, 0xFF, 0xFF,
    0xFF, 0xFF, 0xFF, 0xFF, 0xFF, 0xFF, 0xFF, 0xFF, 0xFF, 0xFF, 0xFF, 0xFF, 0xFF, 0xFF, 0xFF, 0xFF,
    0xFF, 0xFF, 0xFF, 0xFF, 0xFF, 0xFF, 0xFF, 0xFF, 0xFF, 0xFF, 0xFF, 0xFF, 0xFF, 0xFF, 0xFF, 0xFF,
    0xFF, 0xFF, 0xFF, 0xFF, 0xFF, 0xFF, 0xFF, 0xFF, 0x7D, 0xAE, 0x9B, 0x54, 0xFC, 0x5C, 0x1B, 0x6D,
    0xFA, 0x6C, 0x3C, 0x6D, 0x34, 0xEE, 0xCF, 0xCC, 0x2D, 0xB4, 0x6C, 0x9B, 0x4B, 0x93, 0xCA, 0x7A,
    0x09, 0x4A, 0xA9, 0x21, 0xCB, 0x09, 0xAE, 0x22, 0xB1, 0x43, 0xD1, 0x4B, 0x0A, 0x22, 0x27, 0x11,
    0x06, 0x19, 0xE6, 0x10, 0xE6, 0x10, 0xE6, 0x10, 0xE6, 0x10, 0xE5, 0x10, 0xE5, 0x10, 0xE5, 0x10,
    0xE5, 0x10, 0xE5, 0x10, 0xE5, 0x10, 0xE5, 0x10, 0xE5, 0x10, 0xE5, 0x10, 0xE5, 0x10, 0xE5, 0x10,
    0xE5, 0x10, 0xE5, 0x10, 0xE5, 0x10, 0xE5, 0x10, 0xE5, 0x10, 0xE5, 0x10, 0xE5, 0x10, 0xE5, 0x10,
    0xE5, 0x10, 0xE5, 0x10, 0xE5, 0x10, 0xE5, 0x10, 0xE5, 0x10, 0xE5, 0x10, 0xE5, 0x10, 0xE5, 0x10,
    0x06, 0x11, 0x48, 0x09, 0x74, 0x85, 0xFF, 0xE7, 0xBE, 0xCF, 0xDB, 0xB6, 0x14, 0x75, 0x6C, 0x22,
    0x49, 0x09, 0x48, 0x11, 0xE6, 0x10, 0xE6, 0x10, 0xE5, 0x10, 0xE5, 0x10, 0xE5, 0x10, 0xE5, 0x10,
    0xE5, 0x10, 0xE5, 0x10, 0xE5, 0x10, 0xE5, 0x18, 0xE5, 0x18, 0x25, 0x29, 0xA6, 0x41, 0x28, 0x62,
    0xA9, 0x82, 0x28, 0x5A, 0x84, 0x08, 0x07, 0x01, 0x16, 0x24, 0xB9, 0x95, 0xBC, 0xD6, 0x5E, 0xE7,
    0x5E, 0xDF, 0x7E, 0xE7, 0x7E, 0xE7, 0x7F, 0xE7, 0x9F, 0xE7, 0x9F, 0xE7, 0x9F, 0xEF, 0x9F, 0xEF,
    0x9F, 0xEF, 0xBF, 0xEF, 0xBF, 0xEF, 0xBF, 0xEF, 0xDF, 0xF7, 0xFF, 0xF7, 0xFF, 0xFF, 0xFF, 0xFF,
    0xFF, 0xFF, 0xFF, 0xFF, 0x7F, 0xEF, 0xDF, 0xF7, 0x59, 0xCD, 0xD3, 0xA2, 0x57, 0xBC, 0x90, 0x73,
    0xB8, 0xB5, 0x17, 0xBC, 0x35, 0xAB, 0x55, 0xAB, 0x35, 0xAB, 0x35, 0xAB, 0x35, 0xAB, 0x35, 0xAB,
    0x35, 0xAB, 0x35, 0xAB, 0x35, 0xAB, 0x35, 0xAB, 0x35, 0xAB, 0x35, 0xAB, 0x35, 0xAB, 0x35, 0xAB,
    0x35, 0xAB, 0x35, 0xAB, 0x35, 0xAB, 0x35, 0xAB, 0x35, 0xAB, 0x35, 0xAB, 0x35, 0xAB, 0x35, 0xAB,
    0x35, 0xAB, 0x35, 0xAB, 0x35, 0xAB, 0x35, 0xAB, 0x35, 0xAB, 0x35, 0xAB, 0x35, 0xAB, 0x35, 0xAB,
    0x35, 0xAB, 0x35, 0xAB, 0x35, 0xAB, 0x35, 0xAB, 0x35, 0xAB, 0x35, 0xAB, 0x35, 0xAB, 0x35, 0xAB,
    0x35, 0xAB, 0x55, 0xAB, 0xBA, 0x7C, 0x1B, 0x85, 0xBA, 0x74, 0x1D, 0x65, 0xDC, 0x5C, 0x3C, 0x75,
    0xDF, 0xF7, 0xFF, 0xFF, 0xFF, 0xFF, 0xFF, 0xFF, 0xFF, 0xFF, 0xFF, 0xFF, 0xFF, 0xFF, 0xFF, 0xFF,
    0xFF, 0xFF, 0xFF, 0xFF, 0xFF, 0xFF, 0xFF, 0xFF, 0xFF, 0xFF, 0xFF, 0xFF, 0xFF, 0xFF, 0xFF, 0xFF,
    0xFF, 0xFF, 0xFF, 0xFF, 0xFF, 0xFF, 0xFF, 0xFF, 0xFF, 0xFF, 0xFF, 0xFF, 0xFF, 0xFF, 0xFF, 0xFF,
    0xFF, 0xFF, 0xFF, 0xFF, 0xFF, 0xFF, 0xFF, 0xFF, 0xFF, 0xFF, 0xFF, 0xFF, 0xFF, 0xFF, 0xFF, 0xFF,
    0xFF, 0xFF, 0xFF, 0xFF, 0xFF, 0xFF, 0xFF, 0xFF, 0xFF, 0xFF, 0xFF, 0xFF, 0xFF, 0xFF, 0xFF, 0xFF,
    0xFF, 0xFF, 0xFF, 0xFF, 0xFF, 0xFF, 0xFF, 0xFF, 0xFF, 0xFF, 0xFF, 0xFF, 0xFF, 0xFF, 0xFF, 0xFF,
    0xFF, 0xFF, 0xFF, 0xFF, 0xFF, 0xFF, 0xFF, 0xFF, 0xFF, 0xFF, 0xFF, 0xFF, 0xFF, 0xFF, 0xFF, 0xFF,
    0xFF, 0xFF, 0xFF, 0xFF, 0xFF, 0xFF, 0xFF, 0xFF, 0xFF, 0xFF, 0xFF, 0xFF, 0xFF, 0xFF, 0xFF, 0xFF,
    0xFF, 0xFF, 0xFF, 0xFF, 0xFF, 0xFF, 0xFF, 0xFF, 0xFF, 0xFF, 0xFF, 0xFF, 0xFF, 0xFF, 0xFF, 0xFF,
    0xFF, 0xFF, 0xFF, 0xFF, 0xFF, 0xFF, 0xFF, 0xFF, 0xFF, 0xFF, 0xFF, 0xFF, 0xFF, 0xFF, 0xFF, 0xFF,
    0xFF, 0xFF, 0xFF, 0xFF, 0xFF, 0xFF, 0xFF, 0xFF, 0xFF, 0xFF, 0xFF, 0xFF, 0xFF, 0xFF, 0xFF, 0xFF,
    0xFF, 0xFF, 0xFF, 0xFF, 0xFF, 0xFF, 0xFF, 0xFF, 0xFF, 0xFF, 0xFF, 0xFF, 0xFF, 0xFF, 0xFF, 0xFF,
    0xFF, 0xFF, 0xFF, 0xFF, 0xFF, 0xFF, 0xFF, 0xFF, 0xFF, 0xFF, 0xFF, 0xFF, 0xFF, 0xFF, 0xFF, 0xFF,
    0xFF, 0xFF, 0xFF, 0xFF, 0xFF, 0xFF, 0xFF, 0xFF, 0xFF, 0xFF, 0xFF, 0xFF, 0xFF, 0xFF, 0xFF, 0xFF,
    0xFF, 0xFF, 0xFF, 0xFF, 0xFF, 0xFF, 0xFF, 0xFF, 0xFF, 0xFF, 0xFF, 0xFF, 0xFF, 0xFF, 0xFF, 0xFF,
    0xFF, 0xFF, 0xFF, 0xFF, 0xFF, 0xFF, 0xFF, 0xFF, 0xFF, 0xFF, 0xFF, 0xFF, 0xFF, 0xFF, 0xFF, 0xFF,
    0xFF, 0xFF, 0xFF, 0xFF, 0xFF, 0xFF, 0xFF, 0xFF, 0xFF, 0xFF, 0xFF, 0xFF, 0xFF, 0xFF, 0xFF, 0xFF,
    0xFF, 0xFF, 0xFF, 0xFF, 0xFF, 0xFF, 0xFF, 0xFF, 0xFF, 0xFF, 0xFF, 0xFF, 0xFF, 0xFF, 0xFF, 0xFF,
    0xFF, 0xFF, 0xFF, 0xFF, 0xFF, 0xFF, 0xFF, 0xFF, 0xFF, 0xFF, 0xFF, 0xFF, 0xFF, 0xFF, 0xFF, 0xFF,
    0xFF, 0xFF, 0xFF, 0xFF, 0xFF, 0xFF, 0xFF, 0xFF, 0xFF, 0xFF, 0xFF, 0xFF, 0xFF, 0xFF, 0xFF, 0xFF,
    0xFF, 0xFF, 0xFF, 0xFF, 0xFF, 0xFF, 0xFF, 0xFF, 0x1E, 0xCF, 0xBB, 0x54, 0xDC, 0x5C, 0xFB, 0x6C,
    0xF9, 0x74, 0xFC, 0x5C, 0x30, 0xD5, 0x6E, 0xBC, 0xAC, 0xA3, 0x6B, 0x9B, 0x0B, 0x8B, 0x49, 0x5A,
    0x88, 0x21, 0xCA, 0x19, 0xF5, 0x74, 0x5D, 0xCF, 0xFF, 0xF7, 0xDC, 0xD7, 0xAB, 0x32, 0x07, 0x11,
    0x06, 0x19, 0x06, 0x11, 0xE6, 0x10, 0xE6, 0x10, 0xE5, 0x10, 0xE5, 0x10, 0xE5, 0x10, 0xE5, 0x10,
    0xE5, 0x10, 0xE5, 0x10, 0xE5, 0x10, 0xE5, 0x10, 0xE5, 0x10, 0xE5, 0x10, 0xE5, 0x10, 0xE5, 0x10,
    0xE5, 0x10, 0xE5, 0x10, 0xE5, 0x10, 0xE5, 0x10, 0xE5, 0x10, 0xE5, 0x10, 0xE5, 0x10, 0xE5, 0x10,
    0xE5, 0x10, 0xE5, 0x10, 0xE5, 0x08, 0xE5, 0x10, 0xE5, 0x10, 0xE5, 0x10, 0xE5, 0x08, 0xE5, 0x10,
    0x06, 0x11, 0x48, 0x11, 0xEC, 0x3A, 0x56, 0x9E, 0xDD, 0xCF, 0xFF, 0xDF, 0xFF, 0xEF, 0x9D, 0xCF,
    0x2E, 0x43, 0x27, 0x09, 0x07, 0x11, 0xE6, 0x10, 0xE5, 0x10, 0xE5, 0x10, 0xE5, 0x10, 0xE6, 0x10,
    0xE6, 0x10, 0xE5, 0x10, 0xE5, 0x10, 0xE5, 0x18, 0xE5, 0x18, 0x05, 0x21, 0x66, 0x39, 0x07, 0x5A,
    0x48, 0x6A, 0xCA, 0x8A, 0xE8, 0x51, 0x63, 0x00, 0xAA, 0x09, 0xD8, 0x44, 0xF9, 0xB5, 0x1D, 0xDF,
    0x5E, 0xDF, 0x5E, 0xE7, 0x7E, 0xE7, 0x7F, 0xE7, 0x7F, 0xE7, 0x9F, 0xE7, 0x9F, 0xEF, 0x9F, 0xEF,
    0xBF, 0xEF, 0x9F, 0xEF, 0xBF, 0xEF, 0xBF, 0xEF, 0xDF, 0xF7, 0xFF, 0xF7, 0xFF, 0xFF, 0xFF, 0xFF,
    0xFF, 0xFF, 0xFF, 0xFF, 0xDF, 0xF7, 0x7F, 0xE7, 0x7F, 0xF7, 0x14, 0xA3, 0x37, 0xBC, 0xB0, 0x73,
    0xB8, 0xB5, 0x17, 0xBC, 0x35, 0xAB, 0x55, 0xAB, 0x35, 0xAB, 0x35, 0xAB, 0x35, 0xAB, 0x35, 0xAB,
    0x35, 0xAB, 0x35, 0xAB, 0x35, 0xAB, 0x35, 0xAB, 0x35, 0xAB, 0x35, 0xAB, 0x35, 0xAB, 0x35, 0xAB,
    0x35, 0xAB, 0x35, 0xAB, 0x35, 0xAB, 0x35, 0xAB, 0x35, 0xAB, 0x35, 0xAB, 0x35, 0xAB, 0x35, 0xAB,
    0x35, 0xAB, 0x35, 0xAB, 0x35, 0xAB, 0x35, 0xAB, 0x35, 0xAB, 0x35, 0xAB, 0x35, 0xAB, 0x35, 0xAB,
    0x35, 0xAB, 0x35, 0xAB, 0x35, 0xAB, 0x35, 0xAB, 0x35, 0xAB, 0x35, 0xAB, 0x35, 0xAB, 0x55, 0xAB,
    0x55, 0xAB, 0xF7, 0xAB, 0x3D, 0x6D, 0xFC, 0x5C, 0xFC, 0x64, 0xDC, 0x5C, 0xBC, 0x54, 0x1E, 0xD7,
    0xFF, 0xFF, 0xFF, 0xFF, 0xFF, 0xFF, 0xFF, 0xFF, 0xFF, 0xFF, 0xFF, 0xFF, 0xFF, 0xFF, 0xFF, 0xFF,
    0xFF, 0xFF, 0xFF, 0xFF, 0xFF, 0xFF, 0xFF, 0xFF, 0xFF, 0xFF, 0xFF, 0xFF, 0xFF, 0xFF, 0xFF, 0xFF,
    0xFF, 0xFF, 0xFF, 0xFF, 0xFF, 0xFF, 0xFF, 0xFF, 0xFF, 0xFF, 0xFF, 0xFF, 0xFF, 0xFF, 0xFF, 0xFF,
    0xFF, 0xFF, 0xFF, 0xFF, 0xFF, 0xFF, 0xFF, 0xFF, 0xFF, 0xFF, 0xFF, 0xFF, 0xFF, 0xFF, 0xFF, 0xFF,
    0xFF, 0xFF, 0xFF, 0xFF, 0xFF, 0xFF, 0xFF, 0xFF, 0xFF, 0xFF, 0xFF, 0xFF, 0xFF, 0xFF, 0xFF, 0xFF,
    0xFF, 0xFF, 0xFF, 0xFF, 0xFF, 0xFF, 0xFF, 0xFF, 0xFF, 0xFF, 0xFF, 0xFF, 0xFF, 0xFF, 0xFF, 0xFF,
    0xFF, 0xFF, 0xFF, 0xFF, 0xFF, 0xFF, 0xFF, 0xFF, 0xFF, 0xFF, 0xFF, 0xFF, 0xFF, 0xFF, 0xFF, 0xFF,
    0xFF, 0xFF, 0xFF, 0xFF, 0xFF, 0xFF, 0xFF, 0xFF, 0xFF, 0xFF, 0xFF, 0xFF, 0xFF, 0xFF, 0xFF, 0xFF,
    0xFF, 0xFF, 0xFF, 0xFF, 0xFF, 0xFF, 0xFF, 0xFF, 0xFF, 0xFF, 0xFF, 0xFF, 0xFF, 0xFF, 0xFF, 0xFF,
    0xFF, 0xFF, 0xFF, 0xFF, 0xFF, 0xFF, 0xFF, 0xFF, 0xFF, 0xFF, 0xFF, 0xFF, 0xFF, 0xFF, 0xFF, 0xFF,
    0xFF, 0xFF, 0xFF, 0xFF, 0xFF, 0xFF, 0xFF, 0xFF, 0xFF, 0xFF, 0xFF, 0xFF, 0xFF, 0xFF, 0xFF, 0xFF,
    0xFF, 0xFF, 0xFF, 0xFF, 0xFF, 0xFF, 0xFF, 0xFF, 0xFF, 0xFF, 0xFF, 0xFF, 0xFF, 0xFF, 0xFF, 0xFF,
    0xFF, 0xFF, 0xFF, 0xFF, 0xFF, 0xFF, 0xFF, 0xFF, 0xFF, 0xFF, 0xFF, 0xFF, 0xFF, 0xFF, 0xFF, 0xFF,
    0xFF, 0xFF, 0xFF, 0xFF, 0xFF, 0xFF, 0xFF, 0xFF, 0xFF, 0xFF, 0xFF, 0xFF, 0xFF, 0xFF, 0xFF, 0xFF,
    0xFF, 0xFF, 0xFF, 0xFF, 0xFF, 0xFF, 0xFF, 0xFF, 0xFF, 0xFF, 0xFF, 0xFF, 0xFF, 0xFF, 0xFF, 0xFF,
    0xFF, 0xFF, 0xFF, 0xFF, 0xFF, 0xFF, 0xFF, 0xFF, 0xFF, 0xFF, 0xFF, 0xFF, 0xFF, 0xFF, 0xFF, 0xFF,
    0xFF, 0xFF, 0xFF, 0xFF, 0xFF, 0xFF, 0xFF, 0xFF, 0xFF, 0xFF, 0xFF, 0xFF, 0xFF, 0xFF, 0xFF, 0xFF,
    0xFF, 0xFF, 0xFF, 0xFF, 0xFF, 0xFF, 0xFF, 0xFF, 0xFF, 0xFF, 0xFF, 0xFF, 0xFF, 0xFF, 0xFF, 0xFF,
    0xFF, 0xFF, 0xFF, 0xFF, 0xFF, 0xFF, 0xFF, 0xFF, 0xFF, 0xFF, 0xFF, 0xFF, 0xFF, 0xFF, 0xFF, 0xFF,
    0xFF, 0xFF, 0xFF, 0xFF, 0xFF, 0xFF, 0xFF, 0xFF, 0xFF, 0xFF, 0xFF, 0xFF, 0xFF, 0xFF, 0xFF, 0xFF,
    0xFF, 0xFF, 0xFF, 0xFF, 0xFF, 0xFF, 0xFF, 0xFF, 0x7F, 0xE7, 0xDB, 0x5C, 0xDC, 0x5C, 0xDB, 0x64,
    0x7A, 0x8D, 0xDC, 0x54, 0xAE, 0xCC, 0xCC, 0xAB, 0x8C, 0xA3, 0x6B, 0x9B, 0xA9, 0x72, 0x87, 0x31,
    0xC9, 0x29, 0x78, 0xAE, 0xFF, 0xF7, 0xDD, 0xDF, 0x77, 0xAE, 0x4C, 0x3B, 0x68, 0x11, 0x27, 0x19,
    0x06, 0x11, 0xE6, 0x10, 0xE6, 0x10, 0xE6, 0x10, 0xE5, 0x10, 0xE5, 0x10, 0xE5, 0x10, 0xE5, 0x10,
    0xE5, 0x10, 0xE5, 0x10, 0xE5, 0x10, 0xE5, 0x10, 0xE5, 0x10, 0xE5, 0x10, 0xE5, 0x10, 0xE5, 0x10,
    0xE5, 0x10, 0xE5, 0x10, 0xE5, 0x10, 0xE5, 0x08, 0xE5, 0x10, 0xE5, 0x10, 0xE5, 0x10, 0xE5, 0x08,
    0xE5, 0x10, 0xE5, 0x08, 0xE5, 0x08, 0xE5, 0x10, 0xE5, 0x10, 0xE5, 0x10, 0xE5, 0x10, 0xE5, 0x10,
    0xE5, 0x10, 0x27, 0x11, 0x48, 0x09, 0xC9, 0x11, 0xEC, 0x32, 0xCE, 0x4B, 0x50, 0x5C, 0x34, 0x85,
    0x94, 0x9D, 0xE8, 0x29, 0xE6, 0x08, 0xE6, 0x10, 0xE5, 0x10, 0xE5, 0x10, 0xE5, 0x10, 0xE5, 0x10,
    0xE5, 0x10, 0xE5, 0x10, 0xE5, 0x10, 0xE5, 0x10, 0x05, 0x19, 0xE5, 0x18, 0x25, 0x29, 0xC7, 0x49,
    0x48, 0x6A, 0x69, 0x7A, 0x0A, 0x8B, 0x66, 0x31, 0x63, 0x00, 0xD0, 0x12, 0x79, 0x7D, 0x9B, 0xCE,
    0x5E, 0xE7, 0x3E, 0xDF, 0x7E, 0xE7, 0x7E, 0xE7, 0x7F, 0xE7, 0x7F, 0xE7, 0x9F, 0xEF, 0x9F, 0xEF,
    0x9F, 0xEF, 0xBF, 0xEF, 0xBF, 0xEF, 0xBF, 0xEF, 0xBF, 0xF7, 0xDF, 0xF7, 0xFF, 0xFF, 0xFF, 0xFF,
    0xFF, 0xFF, 0xFF, 0xFF, 0xDF, 0xFF, 0x5E, 0xE7, 0xDF, 0xEF, 0xF8, 0xC4, 0xD6, 0xB3, 0x90, 0x6B,
    0xD8, 0xBD, 0x37, 0xBC, 0x35, 0xAB, 0x55, 0xAB, 0x35, 0xAB, 0x35, 0xAB, 0x35, 0xAB, 0x35, 0xAB,
    0x35, 0xAB, 0x35, 0xAB, 0x35, 0xAB, 0x35, 0xAB, 0x35, 0xAB, 0x35, 0xAB, 0x35, 0xAB, 0x35, 0xAB,
    0x35, 0xAB, 0x35, 0xAB, 0x35, 0xAB, 0x35, 0xAB, 0x35, 0xAB, 0x35, 0xAB, 0x35, 0xAB, 0x35, 0xAB,
    0x35, 0xAB, 0x35, 0xAB, 0x35, 0xAB, 0x35, 0xAB, 0x35, 0xAB, 0x35, 0xAB, 0x35, 0xAB, 0x35, 0xAB,
    0x35, 0xAB, 0x35, 0xAB, 0x35, 0xAB, 0x35, 0xAB, 0x35, 0xAB, 0x35, 0xAB, 0x35, 0xAB, 0x55, 0xAB,
    0x35, 0xAB, 0x99, 0x94, 0x1D, 0x65, 0xBC, 0x5C, 0xDC, 0x64, 0xBC, 0x54, 0xDD, 0x8D, 0xFF, 0xFF,
    0xFF, 0xFF, 0xFF, 0xFF, 0xFF, 0xFF, 0xFF, 0xFF, 0xFF, 0xFF, 0xFF, 0xFF, 0xFF, 0xFF, 0xFF, 0xFF,
    0xFF, 0xFF, 0xFF, 0xFF, 0xFF, 0xFF, 0xFF, 0xFF, 0xFF, 0xFF, 0xFF, 0xFF, 0xFF, 0xFF, 0xFF, 0xFF,
    0xFF, 0xFF, 0xFF, 0xFF, 0xFF, 0xFF, 0xFF, 0xFF, 0xFF, 0xFF, 0xFF, 0xFF, 0xFF, 0xFF, 0xFF, 0xFF,
    0xFF, 0xFF, 0xFF, 0xFF, 0xFF, 0xFF, 0xFF, 0xFF, 0xFF, 0xFF, 0xFF, 0xFF, 0xFF, 0xFF, 0xFF, 0xFF,
    0xFF, 0xFF, 0xFF, 0xFF, 0xFF, 0xFF, 0xFF, 0xFF, 0xFF, 0xFF, 0xFF, 0xFF, 0xFF, 0xFF, 0xFF, 0xFF,
    0xFF, 0xFF, 0xFF, 0xFF, 0xFF, 0xFF, 0xFF, 0xFF, 0xFF, 0xFF, 0xFF, 0xFF, 0xFF, 0xFF, 0xFF, 0xFF,
    0xFF, 0xFF, 0xFF, 0xFF, 0xFF, 0xFF, 0xFF, 0xFF, 0xFF, 0xFF, 0xFF, 0xFF, 0xFF, 0xFF, 0xFF, 0xFF,
    0xFF, 0xFF, 0xFF, 0xFF, 0xFF, 0xFF, 0xFF, 0xFF, 0xFF, 0xFF, 0xFF, 0xFF, 0xFF, 0xFF, 0xFF, 0xFF,
    0xFF, 0xFF, 0xFF, 0xFF, 0xFF, 0xFF, 0xFF, 0xFF, 0xFF, 0xFF, 0xFF, 0xFF, 0xFF, 0xFF, 0xFF, 0xFF,
    0xFF, 0xFF, 0xFF, 0xFF, 0xFF, 0xFF, 0xFF, 0xFF, 0xFF, 0xFF, 0xFF, 0xFF, 0xFF, 0xFF, 0xFF, 0xFF,
    0xFF, 0xFF, 0xFF, 0xFF, 0xFF, 0xFF, 0xFF, 0xFF, 0xFF, 0xFF, 0xFF, 0xFF, 0xFF, 0xFF, 0xFF, 0xFF,
    0xFF, 0xFF, 0xFF, 0xFF, 0xFF, 0xFF, 0xFF, 0xFF, 0xFF, 0xFF, 0xFF, 0xFF, 0xFF, 0xFF, 0xFF, 0xFF,
    0xFF, 0xFF, 0xFF, 0xFF, 0xFF, 0xFF, 0xFF, 0xFF, 0xFF, 0xFF, 0xFF, 0xFF, 0xFF, 0xFF, 0xFF, 0xFF,
    0xFF, 0xFF, 0xFF, 0xFF, 0xFF, 0xFF, 0xFF, 0xFF, 0xFF, 0xFF, 0xFF, 0xFF, 0xFF, 0xFF, 0xFF, 0xFF,
    0xFF, 0xFF, 0xFF, 0xFF, 0xFF, 0xFF, 0xFF, 0xFF, 0xFF, 0xFF, 0xFF, 0xFF, 0xFF, 0xFF, 0xFF, 0xFF,
    0xFF, 0xFF, 0xFF, 0xFF, 0xFF, 0xFF, 0xFF, 0xFF, 0xFF, 0xFF, 0xFF, 0xFF, 0xFF, 0xFF, 0xFF, 0xFF,
    0xFF, 0xFF, 0xFF, 0xFF, 0xFF, 0xFF, 0xFF, 0xFF, 0xFF, 0xFF, 0xFF, 0xFF, 0xFF, 0xFF, 0xFF, 0xFF,
    0xFF, 0xFF, 0xFF, 0xFF, 0xFF, 0xFF, 0xFF, 0xFF, 0xFF, 0xFF, 0xFF, 0xFF, 0xFF, 0xFF, 0xFF, 0xFF,
    0xFF, 0xFF, 0xFF, 0xFF, 0xFF, 0xFF, 0xFF, 0xFF, 0xFF, 0xFF, 0xFF, 0xFF, 0xFF, 0xFF, 0xFF, 0xFF,
    0xFF, 0xFF, 0xFF, 0xFF, 0xFF, 0xFF, 0xFF, 0xFF, 0xFF, 0xFF, 0xFF, 0xFF, 0xFF, 0xFF, 0xFF, 0xFF,
    0xFF, 0xFF, 0xFF, 0xFF, 0xFF, 0xFF, 0xFF, 0xFF, 0xDF, 0xF7, 0x1C, 0x65, 0xDC, 0x5C, 0xDB, 0x64,
    0x9B, 0x8D, 0xDC, 0x5C, 0x2D, 0xBC, 0xAC, 0xA3, 0x8C, 0xA3, 0x0A, 0x8B, 0xE7, 0x49, 0x06, 0x19,
    0xCD, 0x63, 0xF1, 0x7C, 0x6D, 0x4B, 0xEB, 0x32, 0x09, 0x1A, 0x69, 0x11, 0x47, 0x19, 0x06, 0x11,
    0xE6, 0x10, 0xE6, 0x10, 0xE5, 0x10, 0xE6, 0x10, 0xE5, 0x10, 0xE5, 0x10, 0xE5, 0x10, 0xE5, 0x10,
    0xE5, 0x10, 0xE5, 0x10, 0xE5, 0x10, 0xE5, 0x10, 0xE5, 0x10, 0xE5, 0x10, 0xE5, 0x10, 0xE5, 0x10,
    0xE5, 0x10, 0xE5, 0x10, 0xE5, 0x10, 0xE5, 0x08, 0xE5, 0x10, 0xE5, 0x08, 0xE5, 0x08, 0xE5, 0x10,
    0xE5, 0x08, 0xE5, 0x08, 0xE5, 0x10, 0xE5, 0x08, 0xE5, 0x08, 0xE5, 0x08, 0xE5, 0x10, 0xE5, 0x10,
    0xE5, 0x10, 0xE6, 0x10, 0x07, 0x11, 0x48, 0x11, 0x49, 0x09, 0x48, 0x09, 0x48, 0x09, 0x07, 0x09,
    0x67, 0x11, 0x88, 0x19, 0xE6, 0x10, 0xE5, 0x10, 0xE5, 0x10, 0xE5, 0x10, 0xE5, 0x10, 0xE5, 0x10,
    0xE5, 0x10, 0xE6, 0x10, 0xE5, 0x10, 0xE5, 0x10, 0x05, 0x19, 0xE5, 0x18, 0x05, 0x21, 0x87, 0x41,
    0x28, 0x62, 0x68, 0x72, 0xC9, 0x82, 0xC9, 0x7A, 0xA4, 0x10, 0xE6, 0x00, 0x36, 0x3C, 0xFA, 0xAD,
    0x1D, 0xDF, 0x3E, 0xDF, 0x5E, 0xE7, 0x7E, 0xE7, 0x7F, 0xE7, 0x7F, 0xE7, 0x9F, 0xEF, 0x9F, 0xEF,
    0x9F, 0xEF, 0xBF, 0xEF, 0xBF, 0xEF, 0xBF, 0xEF, 0xBF, 0xEF, 0xDF, 0xF7, 0xFF, 0xFF, 0xFF, 0xFF,
    0xFF, 0xFF, 0xFF, 0xFF, 0xDF, 0xF7, 0xBF, 0xEF, 0x7F, 0xE7, 0xFD, 0xE6, 0x77, 0xB4, 0x10, 0x84,
    0x59, 0xCE, 0x37, 0xBC, 0x35, 0xAB, 0x55, 0xAB, 0x35, 0xAB, 0x35, 0xAB, 0x35, 0xAB, 0x35, 0xAB,
    0x35, 0xAB, 0x35, 0xAB, 0x35, 0xAB, 0x35, 0xAB, 0x35, 0xAB, 0x35, 0xAB, 0x35, 0xAB, 0x35, 0xAB,
    0x35, 0xAB, 0x35, 0xAB, 0x35, 0xAB, 0x35, 0xAB, 0x35, 0xAB, 0x35, 0xAB, 0x35, 0xAB, 0x35, 0xAB,
    0x35, 0xAB, 0x35, 0xAB, 0x35, 0xAB, 0x35, 0xAB, 0x35, 0xAB, 0x35, 0xAB, 0x35, 0xAB, 0x35, 0xAB,
    0x35, 0xAB, 0x35, 0xAB, 0x35, 0xAB, 0x35, 0xAB, 0x35, 0xAB, 0x35, 0xAB, 0x55, 0xAB, 0x35, 0xAB,
    0xD6, 0xAB, 0x1D, 0x6D, 0xDC, 0x5C, 0xDC, 0x5C, 0xDC, 0x5C, 0xDC, 0x5C, 0x7F, 0xE7, 0xFF, 0xFF,
    0xFF, 0xFF, 0xFF, 0xFF, 0xFF, 0xFF, 0xFF, 0xFF, 0xFF, 0xFF, 0xFF, 0xFF, 0xFF, 0xFF, 0xFF, 0xFF,
    0xFF, 0xFF, 0xFF, 0xFF, 0xFF, 0xFF, 0xFF, 0xFF, 0xFF, 0xFF, 0xFF, 0xFF, 0xFF, 0xFF, 0xFF, 0xFF,
    0xFF, 0xFF, 0xFF, 0xFF, 0xFF, 0xFF, 0xFF, 0xFF, 0xFF, 0xFF, 0xFF, 0xFF, 0xFF, 0xFF, 0xFF, 0xFF,
    0xFF, 0xFF, 0xFF, 0xFF, 0xFF, 0xFF, 0xFF, 0xFF, 0xFF, 0xFF, 0xFF, 0xFF, 0xFF, 0xFF, 0xFF, 0xFF,
    0xFF, 0xFF, 0xFF, 0xFF, 0xFF, 0xFF, 0xFF, 0xFF, 0xFF, 0xFF, 0xFF, 0xFF, 0xFF, 0xFF, 0xFF, 0xFF,
    0xFF, 0xFF, 0xFF, 0xFF, 0xFF, 0xFF, 0xFF, 0xFF, 0xFF, 0xFF, 0xFF, 0xFF, 0xFF, 0xFF, 0xFF, 0xFF,
    0xFF, 0xFF, 0xFF, 0xFF, 0xFF, 0xFF, 0xFF, 0xFF, 0xFF, 0xFF, 0xFF, 0xFF, 0xFF, 0xFF, 0xFF, 0xFF,
    0xFF, 0xFF, 0xFF, 0xFF, 0xFF, 0xFF, 0xFF, 0xFF, 0xFF, 0xFF, 0xFF, 0xFF, 0xFF, 0xFF, 0xFF, 0xFF,
    0xFF, 0xFF, 0xFF, 0xFF, 0xFF, 0xFF, 0xFF, 0xFF, 0xFF, 0xFF, 0xFF, 0xFF, 0xFF, 0xFF, 0xFF, 0xFF,
    0xFF, 0xFF, 0xFF, 0xFF, 0xFF, 0xFF, 0xFF, 0xFF, 0xFF, 0xFF, 0xFF, 0xFF, 0xFF, 0xFF, 0xFF, 0xFF,
    0xFF, 0xFF, 0xFF, 0xFF, 0xFF, 0xFF, 0xFF, 0xFF, 0xFF, 0xFF, 0xFF, 0xFF, 0xFF, 0xFF, 0xFF, 0xFF,
    0xFF, 0xFF, 0xFF, 0xFF, 0xFF, 0xFF, 0xFF, 0xFF, 0xFF, 0xFF, 0xFF, 0xFF, 0xFF, 0xFF, 0xFF, 0xFF,
    0xFF, 0xFF, 0xFF, 0xFF, 0xFF, 0xFF, 0xFF, 0xFF, 0xFF, 0xFF, 0xFF, 0xFF, 0xFF, 0xFF, 0xFF, 0xFF,
    0xFF, 0xFF, 0xFF, 0xFF, 0xFF, 0xFF, 0xFF, 0xFF, 0xFF, 0xFF, 0xFF, 0xFF, 0xFF, 0xFF, 0xFF, 0xFF,
    0xFF, 0xFF, 0xFF, 0xFF, 0xFF, 0xFF, 0xFF, 0xFF, 0xFF, 0xFF, 0xFF, 0xFF, 0xFF, 0xFF, 0xFF, 0xFF,
    0xFF, 0xFF, 0xFF, 0xFF, 0xFF, 0xFF, 0xFF, 0xFF, 0xFF, 0xFF, 0xFF, 0xFF, 0xFF, 0xFF, 0xFF, 0xFF,
    0xFF, 0xFF, 0xFF, 0xFF, 0xFF, 0xFF, 0xFF, 0xFF, 0xFF, 0xFF, 0xFF, 0xFF, 0xFF, 0xFF, 0xFF, 0xFF,
    0xFF, 0xFF, 0xFF, 0xFF, 0xFF, 0xFF, 0xFF, 0xFF, 0xFF, 0xFF, 0xFF, 0xFF, 0xFF, 0xFF, 0xFF, 0xFF,
    0xFF, 0xFF, 0xFF, 0xFF, 0xFF, 0xFF, 0xFF, 0xFF, 0xFF, 0xFF, 0xFF, 0xFF, 0xFF, 0xFF, 0xFF, 0xFF,
    0xFF, 0xFF, 0xFF, 0xFF, 0xFF, 0xFF, 0xFF, 0xFF, 0xFF, 0xFF, 0xFF, 0xFF, 0xFF, 0xFF, 0xFF, 0xFF,
    0xFF, 0xFF, 0xFF, 0xFF, 0xFF, 0xFF, 0xFF, 0xFF, 0xFF, 0xFF, 0x5C, 0x75, 0xBC, 0x5C, 0xFC, 0x64,
    0x9B, 0x8D, 0xBB, 0x5C, 0xEC, 0xB3, 0xAC, 0xAB, 0x8B, 0xA3, 0x89, 0x72, 0x46, 0x29, 0x26, 0x19,
    0x67, 0x21, 0x07, 0x09, 0x48, 0x11, 0x48, 0x19, 0x68, 0x19, 0x27, 0x19, 0x06, 0x11, 0x06, 0x11,
    0xE6, 0x10, 0xE6, 0x10, 0xE5, 0x10, 0xE6, 0x10, 0xE5, 0x10, 0xE5, 0x10, 0xE5, 0x10, 0xE5, 0x10,
    0xE5, 0x10, 0xE5, 0x10, 0xE5, 0x10, 0xE5, 0x10, 0xE5, 0x10, 0xE5, 0x10, 0xE5, 0x10, 0xE5, 0x10,
    0xE5, 0x10, 0xE5, 0x10, 0xE5, 0x08, 0xE5, 0x08, 0xE5, 0x08, 0xE5, 0x08, 0xE5, 0x08, 0xE5, 0x08,
    0xE5, 0x08, 0xE5, 0x08, 0xE5, 0x08, 0xE5, 0x08, 0xE5, 0x08, 0xE5, 0x08, 0xE5, 0x08, 0xE5, 0x08,
    0xE5, 0x10, 0xE5, 0x10, 0xE5, 0x10, 0xE6, 0x10, 0x06, 0x11, 0x06, 0x11, 0x27, 0x11, 0x27, 0x11,
    0x06, 0x11, 0xE6, 0x08, 0xE6, 0x10, 0xE5, 0x10, 0xE5, 0x10, 0xE5, 0x10, 0xE5, 0x10, 0xE5, 0x10,
    0xE5, 0x10, 0xE6, 0x10, 0xE5, 0x10, 0xE5, 0x10, 0xE5, 0x18, 0xE5, 0x18, 0xE5, 0x18, 0x46, 0x31,
    0xE7, 0x51, 0x48, 0x6A, 0x68, 0x72, 0x0A, 0x93, 0xC7, 0x49, 0x43, 0x00, 0x4E, 0x12, 0x79, 0x85,
    0xBB, 0xCE, 0x5E, 0xDF, 0x5E, 0xDF, 0x7E, 0xE7, 0x7E, 0xE7, 0x7F, 0xE7, 0x9F, 0xE7, 0x9F, 0xEF,
    0x9F, 0xEF, 0xBF, 0xEF, 0xBF, 0xEF, 0xBF, 0xEF, 0xBF, 0xEF, 0xDF, 0xF7, 0xFF, 0xFF, 0xFF, 0xFF,
    0xFF, 0xFF, 0xFF, 0xFF, 0xBF, 0xF7, 0x5E, 0xE7, 0xBB, 0xCE, 0x1D, 0xDF, 0x7C, 0xBE, 0xC9, 0xB4,
    0x91, 0xF6, 0x17, 0xB4, 0x35, 0xAB, 0x55, 0xAB, 0x35, 0xAB, 0x35, 0xAB, 0x35, 0xAB, 0x35, 0xAB,
    0x35, 0xAB, 0x35, 0xAB, 0x35, 0xAB, 0x35, 0xAB, 0x35, 0xAB, 0x35, 0xAB, 0x35, 0xAB, 0x35, 0xAB,
    0x35, 0xAB, 0x35, 0xAB, 0x35, 0xAB, 0x35, 0xAB, 0x35, 0xAB, 0x35, 0xAB, 0x35, 0xAB, 0x35, 0xAB,
    0x35, 0xAB, 0x35, 0xAB, 0x35, 0xAB, 0x35, 0xAB, 0x35, 0xAB, 0x35, 0xAB, 0x35, 0xAB, 0x35, 0xAB,
    0x55, 0xAB, 0x55, 0xAB, 0x55, 0xAB, 0x55, 0xAB, 0x55, 0xAB, 0x55, 0xAB, 0x55, 0xAB, 0x55, 0xAB,
    0xBA, 0x7C, 0x3D, 0x6D, 0xFC, 0x6C, 0xDC, 0x64, 0xBC, 0x54, 0xFD, 0x95, 0xFF, 0xFF, 0xFF, 0xFF,
    0xFF, 0xFF, 0xFF, 0xFF, 0xFF, 0xFF, 0xFF, 0xFF, 0xFF, 0xFF, 0xFF, 0xFF, 0xFF, 0xFF, 0xFF, 0xFF,
    0xFF, 0xFF, 0xFF, 0xFF, 0xFF, 0xFF, 0xFF, 0xFF, 0xFF, 0xFF, 0xFF, 0xFF, 0xFF, 0xFF, 0xFF, 0xFF,
    0xFF, 0xFF, 0xFF, 0xFF, 0xFF, 0xFF, 0xFF, 0xFF, 0xFF, 0xFF, 0xFF, 0xFF, 0xFF, 0xFF, 0xFF, 0xFF,
    0xFF, 0xFF, 0xFF, 0xFF, 0xFF, 0xFF, 0xFF, 0xFF, 0xFF, 0xFF, 0xFF, 0xFF, 0xFF, 0xFF, 0xFF, 0xFF,
    0xFF, 0xFF, 0xFF, 0xFF, 0xFF, 0xFF, 0xFF, 0xFF, 0xFF, 0xFF, 0xFF, 0xFF, 0xFF, 0xFF, 0xFF, 0xFF,
    0xFF, 0xFF, 0xFF, 0xFF, 0xFF, 0xFF, 0xFF, 0xFF, 0xFF, 0xFF, 0xFF, 0xFF, 0xFF, 0xFF, 0xFF, 0xFF,
    0xFF, 0xFF, 0xFF, 0xFF, 0xFF, 0xFF, 0xFF, 0xFF, 0xFF, 0xFF, 0xFF, 0xFF, 0xFF, 0xFF, 0xFF, 0xFF,
    0xFF, 0xFF, 0xFF, 0xFF, 0xFF, 0xFF, 0xFF, 0xFF, 0xFF, 0xFF, 0xFF, 0xFF, 0xFF, 0xFF, 0xFF, 0xFF,
    0xFF, 0xFF, 0xFF, 0xFF, 0xFF, 0xFF, 0xFF, 0xFF, 0xFF, 0xFF, 0xFF, 0xFF, 0xFF, 0xFF, 0xFF, 0xFF,
    0xFF, 0xFF, 0xFF, 0xFF, 0xFF, 0xFF, 0xFF, 0xFF, 0xFF, 0xFF, 0xFF, 0xFF, 0xFF, 0xFF, 0xFF, 0xFF,
    0xFF, 0xFF, 0xFF, 0xFF, 0xFF, 0xFF, 0xFF, 0xFF, 0xFF, 0xFF, 0xFF, 0xFF, 0xFF, 0xFF, 0xFF, 0xFF,
    0xFF, 0xFF, 0xFF, 0xFF, 0xFF, 0xFF, 0xFF, 0xFF, 0xFF, 0xFF, 0xFF, 0xFF, 0xFF, 0xFF, 0xFF, 0xFF,
    0xFF, 0xFF, 0xFF, 0xFF, 0xFF, 0xFF, 0xFF, 0xFF, 0xFF, 0xFF, 0xFF, 0xFF, 0xFF, 0xFF, 0xFF, 0xFF,
    0xFF, 0xFF, 0xFF, 0xFF, 0xFF, 0xFF, 0xFF, 0xFF, 0xFF, 0xFF, 0xFF, 0xFF, 0xFF, 0xFF, 0xFF, 0xFF,
    0xFF, 0xFF, 0xFF, 0xFF, 0xFF, 0xFF, 0xFF, 0xFF, 0xFF, 0xFF, 0xFF, 0xFF, 0xFF, 0xFF, 0xFF, 0xFF,
    0xFF, 0xFF, 0xFF, 0xFF, 0xFF, 0xFF, 0xFF, 0xFF, 0xFF, 0xFF, 0xFF, 0xFF, 0xFF, 0xFF, 0xFF, 0xFF,
    0xFF, 0xFF, 0xFF, 0xFF, 0xFF, 0xFF, 0xFF, 0xFF, 0xFF, 0xFF, 0xFF, 0xFF, 0xFF, 0xFF, 0xFF, 0xFF,
    0xFF, 0xFF, 0xFF, 0xFF, 0xFF, 0xFF, 0xFF, 0xFF, 0xFF, 0xFF, 0xFF, 0xFF, 0xFF, 0xFF, 0xFF, 0xFF,
    0xFF, 0xFF, 0xFF, 0xFF, 0xFF, 0xFF, 0xFF, 0xFF, 0xFF, 0xFF, 0xFF, 0xFF, 0xFF, 0xFF, 0xFF, 0xFF,
    0xFF, 0xFF, 0xFF, 0xFF, 0xFF, 0xFF, 0xFF, 0xFF, 0xFF, 0xFF, 0xFF, 0xFF, 0xFF, 0xFF, 0xFF, 0xFF,
    0xFF, 0xFF, 0xFF, 0xFF, 0xFF, 0xFF, 0xFF, 0xFF, 0xFF, 0xFF, 0x9D, 0x85, 0xBC, 0x5C, 0x1C, 0x65,
    0x19, 0x85, 0xDB, 0x5C, 0xCC, 0xAB, 0xAC, 0xAB, 0x4A, 0x93, 0xE7, 0x51, 0x05, 0x19, 0x06, 0x19,
    0x06, 0x19, 0x26, 0x19, 0x26, 0x19, 0x06, 0x19, 0x06, 0x19, 0xE5, 0x18, 0xE5, 0x10, 0xE6, 0x10,
    0xE5, 0x10, 0xE6, 0x10, 0xE5, 0x10, 0xE5, 0x10, 0xE5, 0x10, 0xE5, 0x10, 0xE5, 0x10, 0xE5, 0x10,
    0xE5, 0x10, 0xE5, 0x10, 0xE5, 0x10, 0xE5, 0x10, 0xE5, 0x10, 0xE5, 0x10, 0xE5, 0x10, 0xE5, 0x10,
    0xE5, 0x10, 0xE5, 0x10, 0xE5, 0x08, 0xE5, 0x08, 0xE5, 0x08, 0xE5, 0x08, 0xE5, 0x08, 0xE5, 0x08,
    0xE5, 0x08, 0xE5, 0x08, 0xE5, 0x08, 0xE5, 0x08, 0xE5, 0x08, 0xE5, 0x08, 0xE5, 0x08, 0xE5, 0x08,
    0xE5, 0x08, 0xE5, 0x08, 0xE5, 0x10, 0xE5, 0x08, 0xE5, 0x10, 0xE5, 0x10, 0xE5, 0x10, 0xE5, 0x10,
    0xE5, 0x10, 0xE5, 0x10, 0xE5, 0x10, 0xE5, 0x10, 0xE5, 0x10, 0xE5, 0x10, 0xE5, 0x10, 0xE5, 0x10,
    0xE5, 0x10, 0xE6, 0x10, 0xE6, 0x10, 0xE6, 0x10, 0xE5, 0x10, 0x05, 0x19, 0xE5, 0x18, 0x25, 0x21,
    0xC7, 0x49, 0x28, 0x62, 0x68, 0x72, 0xA9, 0x82, 0xA9, 0x7A, 0xA4, 0x08, 0xE7, 0x00, 0x55, 0x4C,
    0x3A, 0xBE, 0x3D, 0xDF, 0x3E, 0xDF, 0x5E, 0xE7, 0x7E, 0xE7, 0x7F, 0xE7, 0x9F, 0xE7, 0x9F, 0xEF,
    0x9F, 0xEF, 0xBF, 0xEF, 0xBF, 0xEF, 0xBF, 0xEF, 0xBF, 0xEF, 0xBF, 0xF7, 0xFF, 0xFF, 0xFF, 0xFF,
    0xFF, 0xFF, 0xDF, 0xF7, 0x9A, 0xCE, 0xB7, 0xB5, 0xD7, 0xB5, 0xD7, 0xBD, 0x76, 0xA5, 0xEB, 0x9B,
    0x94, 0xE6, 0x57, 0xBC, 0x35, 0xAB, 0x55, 0xAB, 0x55, 0xAB, 0x55, 0xAB, 0x55, 0xAB, 0x55, 0xAB,
    0x55, 0xAB, 0x55, 0xAB, 0x55, 0xAB, 0x55, 0xAB, 0x55, 0xAB, 0x55, 0xAB, 0x55, 0xAB, 0x55, 0xAB,
    0x55, 0xAB, 0x55, 0xAB, 0x55, 0xAB, 0x55, 0xAB, 0x55, 0xAB, 0x55, 0xAB, 0x55, 0xAB, 0x55, 0xAB,
    0x55, 0xAB, 0x55, 0xAB, 0x55, 0xAB, 0x55, 0xAB, 0x55, 0xAB, 0x55, 0xAB, 0x55, 0xAB, 0x55, 0xAB,
    0x55, 0xAB, 0x55, 0xAB, 0x55, 0xAB, 0x55, 0xAB, 0x55, 0xAB, 0x55, 0xAB, 0x55, 0xAB, 0x17, 0xA4,
    0x1D, 0x65, 0x5B, 0x7D, 0xFC, 0x64, 0xDC, 0x5C, 0xDB, 0x5C, 0x7E, 0xE7, 0xFF, 0xFF, 0xFF, 0xFF,
    0xFF, 0xFF, 0xFF, 0xFF, 0xFF, 0xFF, 0xFF, 0xFF, 0xFF, 0xFF, 0xFF, 0xFF, 0xFF, 0xFF, 0xFF, 0xFF,
    0xFF, 0xFF, 0xFF, 0xFF, 0xFF, 0xFF, 0xFF, 0xFF, 0xFF, 0xFF, 0xFF, 0xFF, 0xFF, 0xFF, 0xFF, 0xFF,
    0xFF, 0xFF, 0xFF, 0xFF, 0xFF, 0xFF, 0xFF, 0xFF, 0xFF, 0xFF, 0xFF, 0xFF, 0xFF, 0xFF, 0xFF, 0xFF,
    0xFF, 0xFF, 0xFF, 0xFF, 0xFF, 0xFF, 0xFF, 0xFF, 0xFF, 0xFF, 0xFF, 0xFF, 0xFF, 0xFF, 0xFF, 0xFF,
    0xFF, 0xFF, 0xFF, 0xFF, 0xFF, 0xFF, 0xFF, 0xFF, 0xFF, 0xFF, 0xFF, 0xFF, 0xFF, 0xFF, 0xFF, 0xFF,
    0xFF, 0xFF, 0xFF, 0xFF, 0xFF, 0xFF, 0xFF, 0xFF, 0xFF, 0xFF, 0xFF, 0xFF, 0xFF, 0xFF, 0xFF, 0xFF,
    0xFF, 0xFF, 0xFF, 0xFF, 0xFF, 0xFF, 0xFF, 0xFF, 0xFF, 0xFF, 0xFF, 0xFF, 0xFF, 0xFF, 0xFF, 0xFF,
    0xFF, 0xFF, 0xFF, 0xFF, 0xFF, 0xFF, 0xFF, 0xFF, 0xFF, 0xFF, 0xFF, 0xFF, 0xFF, 0xFF, 0xFF, 0xFF,
    0xFF, 0xFF, 0xFF, 0xFF, 0xFF, 0xFF, 0xFF, 0xFF, 0xFF, 0xFF, 0xFF, 0xFF, 0xFF, 0xFF, 0xFF, 0xFF,
    0xFF, 0xFF, 0xFF, 0xFF, 0xFF, 0xFF, 0xFF, 0xFF, 0xFF, 0xFF, 0xFF, 0xFF, 0xFF, 0xFF, 0xFF, 0xFF,
    0xFF, 0xFF, 0xFF, 0xFF, 0xFF, 0xFF, 0xFF, 0xFF, 0xFF, 0xFF, 0xFF, 0xFF, 0xFF, 0xFF, 0xFF, 0xFF,
    0xFF, 0xFF, 0xFF, 0xFF, 0xFF, 0xFF, 0xFF, 0xFF, 0xFF, 0xFF, 0xFF, 0xFF, 0xFF, 0xFF, 0xFF, 0xFF,
    0xFF, 0xFF, 0xFF, 0xFF, 0xFF, 0xFF, 0xFF, 0xFF, 0xFF, 0xFF, 0xFF, 0xFF, 0xFF, 0xFF, 0xFF, 0xFF,
    0xFF, 0xFF, 0xFF, 0xFF, 0xFF, 0xFF, 0xFF, 0xFF, 0xFF, 0xFF, 0xFF, 0xFF, 0xFF, 0xFF, 0xFF, 0xFF,
    0xFF, 0xFF, 0xFF, 0xFF, 0xFF, 0xFF, 0xFF, 0xFF, 0xFF, 0xFF, 0xFF, 0xFF, 0xFF, 0xFF, 0xFF, 0xFF,
    0xFF, 0xFF, 0xFF, 0xFF, 0xFF, 0xFF, 0xFF, 0xFF, 0xFF, 0xFF, 0xFF, 0xFF, 0xFF, 0xFF, 0xFF, 0xFF,
    0xFF, 0xFF, 0xFF, 0xFF, 0xFF, 0xFF, 0xFF, 0xFF, 0xFF, 0xFF, 0xFF, 0xFF, 0xFF, 0xFF, 0xFF, 0xFF,
    0xFF, 0xFF, 0xFF, 0xFF, 0xFF, 0xFF, 0xFF, 0xFF, 0xFF, 0xFF, 0xFF, 0xFF, 0xFF, 0xFF, 0xFF, 0xFF,
    0xFF, 0xFF, 0xFF, 0xFF, 0xFF, 0xFF, 0xFF, 0xFF, 0xFF, 0xFF, 0xFF, 0xFF, 0xFF, 0xFF, 0xFF, 0xFF,
    0xFF, 0xFF, 0xFF, 0xFF, 0xFF, 0xFF, 0xFF, 0xFF, 0xFF, 0xFF, 0xFF, 0xFF, 0xFF, 0xFF, 0xFF, 0xFF,
    0xFF, 0xFF, 0xFF, 0xFF, 0xFF, 0xFF, 0xFF, 0xFF, 0xFF, 0xFF, 0x9C, 0x85, 0xDC, 0x5C, 0x1C, 0x65,
    0x5C, 0x7D, 0xDA, 0x6C, 0xCC, 0xAB, 0xAC, 0xAB, 0xC9, 0x82, 0x66, 0x39, 0xE5, 0x18, 0x05, 0x19,
    0x05, 0x19, 0x05, 0x19, 0x05, 0x19, 0xE5, 0x18, 0xE5, 0x18, 0xE5, 0x10, 0xE5, 0x10, 0xE5, 0x10,
    0xE5, 0x10, 0xE5, 0x10, 0xE5, 0x10, 0xE5, 0x10, 0xE5, 0x10, 0xE5, 0x10, 0xE5, 0x10, 0xE5, 0x10,
    0xE5, 0x10, 0xE5, 0x10, 0xE5, 0x10, 0xE5, 0x10, 0xE5, 0x10, 0xE5, 0x10, 0xE5, 0x10, 0xE5, 0x10,
    0xE5, 0x08, 0xE5, 0x08, 0xE5, 0x08, 0xE5, 0x08, 0xE5, 0x08, 0xE5, 0x08, 0xE5, 0x08, 0xE5, 0x08,
    0xE5, 0x08, 0xE5, 0x08, 0xE5, 0x08, 0xE5, 0x08, 0xE5, 0x08, 0xE5, 0x08, 0xE5, 0x08, 0xE5, 0x08,
    0xE5, 0x08, 0xE5, 0x08, 0xE5, 0x08, 0xE5, 0x08, 0xE5, 0x10, 0xE5, 0x10, 0xE5, 0x10, 0xE5, 0x10,
    0xE5, 0x08, 0xE5, 0x10, 0xE5, 0x10, 0xE5, 0x10, 0xE5, 0x10, 0xE5, 0x10, 0xE5, 0x10, 0xE5, 0x10,
    0xE5, 0x10, 0xE5, 0x10, 0xE6, 0x10, 0xE6, 0x10, 0xE5, 0x10, 0x05, 0x19, 0xE5, 0x18, 0x05, 0x19,
    0x86, 0x39, 0x08, 0x5A, 0x48, 0x6A, 0x69, 0x72, 0x0A, 0x8B, 0x66, 0x31, 0x64, 0x00, 0xF0, 0x22,
    0xB9, 0x9D, 0xFD, 0xD6, 0x3E, 0xDF, 0x5E, 0xDF, 0x7E, 0xE7, 0x7F, 0xE7, 0x9F, 0xE7, 0x9F, 0xEF,
    0x9F, 0xEF, 0xBF, 0xEF, 0xBF, 0xEF, 0xBF, 0xEF, 0xBF, 0xEF, 0xBF, 0xEF, 0xDF, 0xF7, 0xFF, 0xFF,
    0xFF, 0xF7, 0x9B, 0xCE, 0x55, 0xB5, 0xD6, 0xBD, 0x17, 0xC6, 0x18, 0xC6, 0x18, 0xC6, 0x39, 0xC6,
    0x35, 0x9D, 0x0E, 0x6B, 0xD1, 0x82, 0x34, 0xAB, 0x14, 0xAB, 0x55, 0xAB, 0x55, 0xAB, 0x55, 0xAB,
    0x55, 0xAB, 0x55, 0xAB, 0x55, 0xAB, 0x55, 0xAB, 0x55, 0xAB, 0x55, 0xAB, 0x55, 0xAB, 0x55, 0xAB,
    0x55, 0xAB, 0x55, 0xAB, 0x55, 0xAB, 0x55, 0xAB, 0x55, 0xAB, 0x55, 0xAB, 0x55, 0xAB, 0x55, 0xAB,
    0x55, 0xAB, 0x55, 0xAB, 0x55, 0xAB, 0x55, 0xAB, 0x55, 0xAB, 0x55, 0xAB, 0x55, 0xAB, 0x55, 0xAB,
    0x55, 0xAB, 0x55, 0xAB, 0x55, 0xAB, 0x55, 0xAB, 0x55, 0xAB, 0x55, 0xAB, 0x55, 0xAB, 0xDB, 0x7C,
    0x7D, 0x75, 0x5B, 0x7D, 0xDC, 0x5C, 0xBC, 0x54, 0x9C, 0x85, 0xFF, 0xFF, 0xFF, 0xFF, 0xFF, 0xFF,
    0xFF, 0xFF, 0xFF, 0xFF, 0xFF, 0xFF, 0xFF, 0xFF, 0xFF, 0xFF, 0xFF, 0xFF, 0xFF, 0xFF, 0xFF, 0xFF,
    0xFF, 0xFF, 0xFF, 0xFF, 0xFF, 0xFF, 0xFF, 0xFF, 0xFF, 0xFF, 0xFF, 0xFF, 0xFF, 0xFF, 0xFF, 0xFF,
    0xFF, 0xFF, 0xFF, 0xFF, 0xFF, 0xFF, 0xFF, 0xFF, 0xFF, 0xFF, 0xFF, 0xFF, 0xFF, 0xFF, 0xFF, 0xFF,
    0xFF, 0xFF, 0xFF, 0xFF, 0xFF, 0xFF, 0xFF, 0xFF, 0xFF, 0xFF, 0xFF, 0xFF, 0xFF, 0xFF, 0xFF, 0xFF,
    0xFF, 0xFF, 0xFF, 0xFF, 0xFF, 0xFF, 0xFF, 0xFF, 0xFF, 0xFF, 0xFF, 0xFF, 0xFF, 0xFF, 0xFF, 0xFF,
    0xFF, 0xFF, 0xFF, 0xFF, 0xFF, 0xFF, 0xFF, 0xFF, 0xFF, 0xFF, 0xFF, 0xFF, 0xFF, 0xFF, 0xFF, 0xFF,
    0xFF, 0xFF, 0xFF, 0xFF, 0xFF, 0xFF, 0xFF, 0xFF, 0xFF, 0xFF, 0xFF, 0xFF, 0xFF, 0xFF, 0xFF, 0xFF,
    0xFF, 0xFF, 0xFF, 0xFF, 0xFF, 0xFF, 0xFF, 0xFF, 0xFF, 0xFF, 0xFF, 0xFF, 0xFF, 0xFF, 0xFF, 0xFF,
    0xFF, 0xFF, 0xFF, 0xFF, 0xFF, 0xFF, 0xFF, 0xFF, 0xFF, 0xFF, 0xFF, 0xFF, 0xFF, 0xFF, 0xFF, 0xFF,
    0xFF, 0xFF, 0xFF, 0xFF, 0xFF, 0xFF, 0xFF, 0xFF, 0xFF, 0xFF, 0xFF, 0xFF, 0xFF, 0xFF, 0xFF, 0xFF,
    0xFF, 0xFF, 0xFF, 0xFF, 0xFF, 0xFF, 0xFF, 0xFF, 0xFF, 0xFF, 0xFF, 0xFF, 0xFF, 0xFF, 0xFF, 0xFF,
    0xFF, 0xFF, 0xFF, 0xFF, 0xFF, 0xFF, 0xFF, 0xFF, 0xFF, 0xFF, 0xFF, 0xFF, 0xFF, 0xFF, 0xFF, 0xFF,
    0xFF, 0xFF, 0xFF, 0xFF, 0xFF, 0xFF, 0xFF, 0xFF, 0xFF, 0xFF, 0xFF, 0xFF, 0xFF, 0xFF, 0xFF, 0xFF,
    0xFF, 0xFF, 0xFF, 0xFF, 0xFF, 0xFF, 0xFF, 0xFF, 0xFF, 0xFF, 0xFF, 0xFF, 0xFF, 0xFF, 0xFF, 0xFF,
    0xFF, 0xFF, 0xFF, 0xFF, 0xFF, 0xFF, 0xFF, 0xFF, 0xFF, 0xFF, 0xFF, 0xFF, 0xFF, 0xFF, 0xFF, 0xFF,
    0xFF, 0xFF, 0xFF, 0xFF, 0xFF, 0xFF, 0xFF, 0xFF, 0xFF, 0xFF, 0xFF, 0xFF, 0xFF, 0xFF, 0xFF, 0xFF,
    0xFF, 0xFF, 0xFF, 0xFF, 0xFF, 0xFF, 0xFF, 0xFF, 0xFF, 0xFF, 0xFF, 0xFF, 0xFF, 0xFF, 0xFF, 0xFF,
    0xFF, 0xFF, 0xFF, 0xFF, 0xFF, 0xFF, 0xFF, 0xFF, 0xFF, 0xFF, 0xFF, 0xFF, 0xFF, 0xFF, 0xFF, 0xFF,
    0xFF, 0xFF, 0xFF, 0xFF, 0xFF, 0xFF, 0xFF, 0xFF, 0xFF, 0xFF, 0xFF, 0xFF, 0xFF, 0xFF, 0xFF, 0xFF,
    0xFF, 0xFF, 0xFF, 0xFF, 0xFF, 0xFF, 0xFF, 0xFF, 0xFF, 0xFF, 0xFF, 0xFF, 0xFF, 0xFF, 0xFF, 0xFF,
    0xFF, 0xFF, 0xFF, 0xFF, 0xFF, 0xFF, 0xFF, 0xFF, 0xFF, 0xFF, 0x9C, 0x85, 0xBC, 0x54, 0x1C, 0x6D,
    0x9E, 0x7D, 0xD7, 0x84, 0xEC, 0xAB, 0x6B, 0xA3, 0x48, 0x6A, 0x25, 0x21, 0x05, 0x19, 0x05, 0x19,
    0x05, 0x19, 0x05, 0x19, 0xE5, 0x18, 0xE5, 0x18, 0xE5, 0x10, 0xE5, 0x10, 0xE5, 0x10, 0xE6, 0x10,
    0xE6, 0x10, 0xE5, 0x10, 0xE5, 0x10, 0xE5, 0x10, 0xE5, 0x10, 0xE5, 0x10, 0xE5, 0x10, 0xE5, 0x10,
    0xE5, 0x10, 0xE5, 0x10, 0xE5, 0x10, 0xE5, 0x10, 0xE5, 0x10, 0xE5, 0x10, 0xE5, 0x10, 0xE5, 0x08,
    0xE5, 0x08, 0xE5, 0x08, 0xE5, 0x08, 0xE5, 0x08, 0xE5, 0x08, 0xE5, 0x08, 0xE5, 0x08, 0xE5, 0x08,
    0xE5, 0x08, 0xE5, 0x08, 0xE5, 0x08, 0xE5, 0x08, 0xE5, 0x08, 0xE5, 0x08, 0xE5, 0x08, 0xE5, 0x08,
    0xC5, 0x08, 0xC5, 0x08, 0xC5, 0x08, 0xE5, 0x08, 0xE5, 0x08, 0xE5, 0x08, 0xE5, 0x08, 0xE5, 0x08,
    0xE5, 0x10, 0xE5, 0x08, 0xE5, 0x10, 0xE5, 0x10, 0xE5, 0x10, 0xE5, 0x10, 0xE5, 0x10, 0xE5, 0x10,
    0xE5, 0x10, 0xE5, 0x10, 0xE5, 0x10, 0xE6, 0x10, 0xE5, 0x18, 0xE5, 0x18, 0x05, 0x19, 0xE5, 0x18,
    0x66, 0x31, 0xE7, 0x51, 0x48, 0x62, 0x68, 0x6A, 0xC9, 0x82, 0x28, 0x5A, 0x63, 0x00, 0xAB, 0x09,
    0x18, 0x7D, 0x9B, 0xCE, 0x3E, 0xDF, 0x5E, 0xDF, 0x7E, 0xE7, 0x7F, 0xE7, 0x9F, 0xE7, 0x9F, 0xEF,
    0x9F, 0xEF, 0xBF, 0xEF, 0xBF, 0xEF, 0xBF, 0xEF, 0xBF, 0xEF, 0xBF, 0xEF, 0xDF, 0xF7, 0xFF, 0xFF,
    0x3D, 0xDF, 0x34, 0xAD, 0x75, 0xB5, 0x95, 0xB5, 0x96, 0xBD, 0x17, 0xC6, 0x1B, 0xE7, 0x38, 0xCE,
    0x55, 0xAD, 0x50, 0x84, 0x6E, 0x6B, 0xD3, 0x7B, 0x17, 0x94, 0xF4, 0xA2, 0x55, 0xAB, 0x55, 0xAB,
    0x55, 0xAB, 0x55, 0xAB, 0x55, 0xAB, 0x55, 0xAB, 0x55, 0xAB, 0x55, 0xAB, 0x55, 0xAB, 0x55, 0xAB,
    0x55, 0xAB, 0x55, 0xAB, 0x55, 0xAB, 0x55, 0xAB, 0x55, 0xAB, 0x55, 0xAB, 0x55, 0xAB, 0x55, 0xAB,
    0x55, 0xAB, 0x55, 0xAB, 0x55, 0xAB, 0x55, 0xAB, 0x55, 0xAB, 0x55, 0xAB, 0x55, 0xAB, 0x55, 0xAB,
    0x55, 0xAB, 0x55, 0xAB, 0x55, 0xAB, 0x55, 0xAB, 0x55, 0xAB, 0x55, 0xAB, 0x37, 0xAC, 0x3D, 0x65,
    0x3A, 0x8D, 0xFC, 0x6C, 0xDC, 0x5C, 0x9C, 0x54, 0xDE, 0xC6, 0xFF, 0xFF, 0xFF, 0xFF, 0xFF, 0xFF,
    0xFF, 0xFF, 0xFF, 0xFF, 0xFF, 0xFF, 0xFF, 0xFF, 0xFF, 0xFF, 0xFF, 0xFF, 0xFF, 0xFF, 0xFF, 0xFF,
    0xFF, 0xFF, 0xFF, 0xFF, 0xFF, 0xFF, 0xFF, 0xFF, 0xFF, 0xFF, 0xFF, 0xFF, 0xFF, 0xFF, 0xFF, 0xFF,
    0xFF, 0xFF, 0xFF, 0xFF, 0xFF, 0xFF, 0xFF, 0xFF, 0xFF, 0xFF, 0xFF, 0xFF, 0xFF, 0xFF, 0xFF, 0xFF,
    0xFF, 0xFF, 0xFF, 0xFF, 0xFF, 0xFF, 0xFF, 0xFF, 0xFF, 0xFF, 0xFF, 0xFF, 0xFF, 0xFF, 0xFF, 0xFF,
    0xFF, 0xFF, 0xFF, 0xFF, 0xFF, 0xFF, 0xFF, 0xFF, 0xFF, 0xFF, 0xFF, 0xFF, 0xFF, 0xFF, 0xFF, 0xFF,
    0xFF, 0xFF, 0xFF, 0xFF, 0xFF, 0xFF, 0xFF, 0xFF, 0xFF, 0xFF, 0xFF, 0xFF, 0xFF, 0xFF, 0xFF, 0xFF,
    0xFF, 0xFF, 0xFF, 0xFF, 0xFF, 0xFF, 0xFF, 0xFF, 0xFF, 0xFF, 0xFF, 0xFF, 0xFF, 0xFF, 0xFF, 0xFF,
    0xFF, 0xFF, 0xFF, 0xFF, 0xFF, 0xFF, 0xFF, 0xFF, 0xFF, 0xFF, 0xFF, 0xFF, 0xFF, 0xFF, 0xFF, 0xFF,
    0xFF, 0xFF, 0xFF, 0xFF, 0xFF, 0xFF, 0xFF, 0xFF, 0xFF, 0xFF, 0xFF, 0xFF, 0xFF, 0xFF, 0xFF, 0xFF,
    0xFF, 0xFF, 0xFF, 0xFF, 0xFF, 0xFF, 0xFF, 0xFF, 0xFF, 0xFF, 0xFF, 0xFF, 0xFF, 0xFF, 0xFF, 0xFF,
    0xFF, 0xFF, 0xFF, 0xFF, 0xFF, 0xFF, 0xFF, 0xFF, 0xFF, 0xFF, 0xFF, 0xFF, 0xFF, 0xFF, 0xFF, 0xFF,
    0xFF, 0xFF, 0xFF, 0xFF, 0xFF, 0xFF, 0xFF, 0xFF, 0xFF, 0xFF, 0xFF, 0xFF, 0xFF, 0xFF, 0xFF, 0xFF,
    0xFF, 0xFF, 0xFF, 0xFF, 0xFF, 0xFF, 0xFF, 0xFF, 0xFF, 0xFF, 0xFF, 0xFF, 0xFF, 0xFF, 0xFF, 0xFF,
    0xFF, 0xFF, 0xFF, 0xFF, 0xFF, 0xFF, 0xFF, 0xFF, 0xFF, 0xFF, 0xFF, 0xFF, 0xFF, 0xFF, 0xFF, 0xFF,
    0xFF, 0xFF, 0xFF, 0xFF, 0xFF, 0xFF, 0xFF, 0xFF, 0xFF, 0xFF, 0xFF, 0xFF, 0xFF, 0xFF, 0xFF, 0xFF,
    0xFF, 0xFF, 0xFF, 0xFF, 0xFF, 0xFF, 0xFF, 0xFF, 0xFF, 0xFF, 0xFF, 0xFF, 0xFF, 0xFF, 0xFF, 0xFF,
    0xFF, 0xFF, 0xFF, 0xFF, 0xFF, 0xFF, 0xFF, 0xFF, 0xFF, 0xFF, 0xFF, 0xFF, 0xFF, 0xFF, 0xFF, 0xFF,
    0xFF, 0xFF, 0xFF, 0xFF, 0xFF, 0xFF, 0xFF, 0xFF, 0xFF, 0xFF, 0xFF, 0xFF, 0xFF, 0xFF, 0xFF, 0xFF,
    0xFF, 0xFF, 0xFF, 0xFF, 0xFF, 0xFF, 0xFF, 0xFF, 0xFF, 0xFF, 0xFF, 0xFF, 0xFF, 0xFF, 0xFF, 0xFF,
    0xFF, 0xFF, 0xFF, 0xFF, 0xFF, 0xFF, 0xFF, 0xFF, 0xFF, 0xFF, 0xFF, 0xFF, 0xFF, 0xFF, 0xFF, 0xFF,
    0xFF, 0xFF, 0xFF, 0xFF, 0xFF, 0xFF, 0xFF, 0xFF, 0xFF, 0xFF, 0x9D, 0x85, 0xBC, 0x54, 0xFC, 0x5C,
    0x7C, 0x7D, 0x71, 0xAC, 0xCC, 0xAB, 0x2A, 0x93, 0xC7, 0x51, 0x05, 0x19, 0x05, 0x19, 0x05, 0x19,
    0x05, 0x19, 0xE5, 0x18, 0xE5, 0x18, 0xE5, 0x10, 0xE5, 0x10, 0xE5, 0x10, 0xE6, 0x10, 0xE5, 0x10,
    0xE5, 0x10, 0xE5, 0x10, 0xE5, 0x10, 0xE5, 0x10, 0xE5, 0x10, 0xE5, 0x10, 0xE5, 0x10, 0xE5, 0x10,
    0xE5, 0x10, 0xE5, 0x10, 0xE5, 0x10, 0xE5, 0x08, 0xE5, 0x10, 0xE5, 0x08, 0xE5, 0x10, 0xE5, 0x08,
    0xE5, 0x08, 0xE5, 0x08, 0xE5, 0x08, 0xE5, 0x08, 0xE5, 0x08, 0xE5, 0x08, 0xE5, 0x08, 0xC5, 0x08,
    0xE5, 0x08, 0xE5, 0x08, 0xC5, 0x08, 0xE5, 0x08, 0xE5, 0x08, 0xE5, 0x08, 0xC5, 0x08, 0xE5, 0x08,
    0xC5, 0x08, 0xC5, 0x08, 0xC5, 0x08, 0xE5, 0x08, 0xE5, 0x08, 0xE5, 0x08, 0xE5, 0x08, 0xE5, 0x08,
    0xE5, 0x08, 0xE5, 0x08, 0xE5, 0x08, 0xE5, 0x08, 0xE5, 0x10, 0xE5, 0x10, 0xE5, 0x10, 0xE5, 0x10,
    0xE5, 0x10, 0xE5, 0x10, 0xE5, 0x10, 0xE6, 0x10, 0xE6, 0x10, 0xE5, 0x10, 0xE5, 0x18, 0xE5, 0x18,
    0x25, 0x29, 0xC7, 0x49, 0x28, 0x62, 0x48, 0x6A, 0x89, 0x7A, 0xA9, 0x7A, 0xC5, 0x10, 0xE7, 0x00,
    0x56, 0x54, 0x5A, 0xBE, 0x3D, 0xDF, 0x3E, 0xDF, 0x5E, 0xE7, 0x7F, 0xE7, 0x7F, 0xE7, 0x9F, 0xE7,
    0x9F, 0xEF, 0x9F, 0xEF, 0xBF, 0xEF, 0xBF, 0xEF, 0xBF, 0xEF, 0x9F, 0xEF, 0xDF, 0xF7, 0xBF, 0xEF,
    0xD8, 0xBD, 0xD2, 0xA4, 0x34, 0xAD, 0x54, 0xAD, 0x54, 0xB5, 0xBA, 0xDE, 0x79, 0xD6, 0x38, 0xCE,
    0x58, 0xD6, 0x58, 0xCE, 0x38, 0xCE, 0x1B, 0xDF, 0xFF, 0xF7, 0xDB, 0xDD, 0xF4, 0xA2, 0x55, 0xAB,
    0x55, 0xAB, 0x55, 0xAB, 0x55, 0xAB, 0x55, 0xAB, 0x55, 0xAB, 0x55, 0xAB, 0x55, 0xAB, 0x55, 0xAB,
    0x55, 0xAB, 0x55, 0xAB, 0x55, 0xAB, 0x55, 0xAB, 0x55, 0xAB, 0x55, 0xAB, 0x55, 0xAB, 0x55, 0xAB,
    0x55, 0xAB, 0x55, 0xAB, 0x55, 0xAB, 0x55, 0xAB, 0x55, 0xAB, 0x55, 0xAB, 0x55, 0xAB, 0x55, 0xAB,
    0x55, 0xAB, 0x55, 0xAB, 0x55, 0xAB, 0x55, 0xAB, 0x55, 0xAB, 0x55, 0xAB, 0xDA, 0x84, 0xFB, 0x64,
    0xB9, 0x94, 0xFD, 0x64, 0xDC, 0x5C, 0x1C, 0x6D, 0xDF, 0xF7, 0xFF, 0xFF, 0xFF, 0xFF, 0xFF, 0xFF,
    0xFF, 0xFF, 0xFF, 0xFF, 0xFF, 0xFF, 0xFF, 0xFF, 0xFF, 0xFF, 0xFF, 0xFF, 0xFF, 0xFF, 0xFF, 0xFF,
    0xFF, 0xFF, 0xFF, 0xFF, 0xFF, 0xFF, 0xFF, 0xFF, 0xFF, 0xFF, 0xFF, 0xFF, 0xFF, 0xFF, 0xFF, 0xFF,
    0xFF, 0xFF, 0xFF, 0xFF, 0xFF, 0xFF, 0xFF, 0xFF, 0xFF, 0xFF, 0xFF, 0xFF, 0xFF, 0xFF, 0xFF, 0xFF,
    0xFF, 0xFF, 0xFF, 0xFF, 0xFF, 0xFF, 0xFF, 0xFF, 0xFF, 0xFF, 0xFF, 0xFF, 0xFF, 0xFF, 0xFF, 0xFF,
    0xFF, 0xFF, 0xFF, 0xFF, 0xFF, 0xFF, 0xFF, 0xFF, 0xFF, 0xFF, 0xFF, 0xFF, 0xFF, 0xFF, 0xFF, 0xFF,
    0xFF, 0xFF, 0xFF, 0xFF, 0xFF, 0xFF, 0xFF, 0xFF, 0xFF, 0xFF, 0xFF, 0xFF, 0xFF, 0xFF, 0xFF, 0xFF,
    0xFF, 0xFF, 0xFF, 0xFF, 0xFF, 0xFF, 0xFF, 0xFF, 0xFF, 0xFF, 0xFF, 0xFF, 0xFF, 0xFF, 0xFF, 0xFF,
    0xFF, 0xFF, 0xFF, 0xFF, 0xFF, 0xFF, 0xFF, 0xFF, 0xFF, 0xFF, 0xFF, 0xFF, 0xFF, 0xFF, 0xFF, 0xFF,
    0xFF, 0xFF, 0xFF, 0xFF, 0xFF, 0xFF, 0xFF, 0xFF, 0xFF, 0xFF, 0xFF, 0xFF, 0xFF, 0xFF, 0xFF, 0xFF,
    0xFF, 0xFF, 0xFF, 0xFF, 0xFF, 0xFF, 0xFF, 0xFF, 0xFF, 0xFF, 0xFF, 0xFF, 0xFF, 0xFF, 0xFF, 0xFF,
    0xFF, 0xFF, 0xFF, 0xFF, 0xFF, 0xFF, 0xFF, 0xFF, 0xFF, 0xFF, 0xFF, 0xFF, 0xFF, 0xFF, 0xFF, 0xFF,
    0xFF, 0xFF, 0xFF, 0xFF, 0xFF, 0xFF, 0xFF, 0xFF, 0xFF, 0xFF, 0xFF, 0xFF, 0xFF, 0xFF, 0xFF, 0xFF,
    0xFF, 0xFF, 0xFF, 0xFF, 0xFF, 0xFF, 0xFF, 0xFF, 0xFF, 0xFF, 0xFF, 0xFF, 0xFF, 0xFF, 0xFF, 0xFF,
    0xFF, 0xFF, 0xFF, 0xFF, 0xFF, 0xFF, 0xFF, 0xFF, 0xFF, 0xFF, 0xFF, 0xFF, 0xFF, 0xFF, 0xFF, 0xFF,
    0xFF, 0xFF, 0xFF, 0xFF, 0xFF, 0xFF, 0xFF, 0xFF, 0xFF, 0xFF, 0xFF, 0xFF, 0xFF, 0xFF, 0xFF, 0xFF,
    0xFF, 0xFF, 0xFF, 0xFF, 0xFF, 0xFF, 0xFF, 0xFF, 0xFF, 0xFF, 0xFF, 0xFF, 0xFF, 0xFF, 0xFF, 0xFF,
    0xFF, 0xFF, 0xFF, 0xFF, 0xFF, 0xFF, 0xFF, 0xFF, 0xFF, 0xFF, 0xFF, 0xFF, 0xFF, 0xFF, 0xFF, 0xFF,
    0xFF, 0xFF, 0xFF, 0xFF, 0xFF, 0xFF, 0xFF, 0xFF, 0xFF, 0xFF, 0xFF, 0xFF, 0xFF, 0xFF, 0xFF, 0xFF,
    0xFF, 0xFF, 0xFF, 0xFF, 0xFF, 0xFF, 0xFF, 0xFF, 0xFF, 0xFF, 0xFF, 0xFF, 0xFF, 0xFF, 0xFF, 0xFF,
    0xFF, 0xFF, 0xFF, 0xFF, 0xFF, 0xFF, 0xFF, 0xFF, 0xFF, 0xFF, 0xFF, 0xFF, 0xFF, 0xFF, 0xFF, 0xFF,
    0xFF, 0xFF, 0xFF, 0xFF, 0xFF, 0xFF, 0xFF, 0xFF, 0xFF, 0xFF, 0x7C, 0x7D, 0xBB, 0x5C, 0x5E, 0x65,
    0xD4, 0xA4, 0xEC, 0xB3, 0xAB, 0xAB, 0xA9, 0x82, 0x66, 0x39, 0xE5, 0x18, 0x05, 0x19, 0x05, 0x19,
    0xE5, 0x18, 0xE5, 0x18, 0xE5, 0x10, 0xE5, 0x10, 0xE5, 0x10, 0xE5, 0x10, 0xE5, 0x10, 0xE5, 0x10,
    0xE5, 0x10, 0xE5, 0x10, 0xE5, 0x10, 0xE5, 0x10, 0xE5, 0x10, 0xE5, 0x10, 0xE5, 0x10, 0xE5, 0x10,
    0xE5, 0x10, 0xE5, 0x10, 0xE5, 0x10, 0xE5, 0x08, 0xE5, 0x08, 0xE5, 0x08, 0xE5, 0x08, 0xE5, 0x08,
    0xE5, 0x08, 0xE5, 0x08, 0xC5, 0x08, 0xE5, 0x08, 0xC5, 0x08, 0xC5, 0x08, 0xC5, 0x08, 0xE5, 0x08,
    0xC5, 0x08, 0xC5, 0x08, 0xC5, 0x08, 0xC5, 0x08, 0xC5, 0x08, 0xC5, 0x08, 0xC5, 0x08, 0xC5, 0x08,
    0xC5, 0x08, 0xC5, 0x08, 0xC5, 0x08, 0xC5, 0x08, 0xE5, 0x08, 0xE5, 0x08, 0xE5, 0x08, 0xC5, 0x08,
    0xC5, 0x08, 0xE5, 0x08, 0xE5, 0x08, 0xC5, 0x10, 0xE5, 0x10, 0xE5, 0x10, 0xE5, 0x10, 0xE5, 0x10,
    0xE5, 0x10, 0xE5, 0x10, 0xE5, 0x10, 0xE6, 0x10, 0xE6, 0x10, 0xE5, 0x10, 0x05, 0x19, 0xE5, 0x18,
    0x05, 0x21, 0xA7, 0x41, 0x08, 0x5A, 0x48, 0x62, 0x68, 0x72, 0xC9, 0x82, 0x26, 0x21, 0x64, 0x00,
    0x72, 0x33, 0xFA, 0xAD, 0x1D, 0xDF, 0x3D, 0xDF, 0x5E, 0xE7, 0x7E, 0xE7, 0x7F, 0xE7, 0x9F, 0xE7,
    0x9F, 0xEF, 0x9F, 0xEF, 0xBF, 0xEF, 0xBF, 0xEF, 0x9F, 0xEF, 0x9F, 0xEF, 0xBF, 0xEF, 0x1D, 0xDF,
    0xF3, 0xA4, 0xD2, 0xA4, 0x13, 0xA5, 0xF3, 0xA4, 0x17, 0xC6, 0xDA, 0xDE, 0x37, 0xCE, 0x58, 0xD6,
    0x99, 0xDE, 0x16, 0xCE, 0xD9, 0xE6, 0xFF, 0xFF, 0xBC, 0xB6, 0x3E, 0xC7, 0xD8, 0xC4, 0xF4, 0xA2,
    0x55, 0xAB, 0x55, 0xAB, 0x55, 0xAB, 0x55, 0xAB, 0x55, 0xAB, 0x55, 0xAB, 0x55, 0xAB, 0x55, 0xAB,
    0x55, 0xAB, 0x55, 0xAB, 0x55, 0xAB, 0x55, 0xAB, 0x55, 0xAB, 0x55, 0xAB, 0x55, 0xAB, 0x55, 0xAB,
    0x55, 0xAB, 0x55, 0xAB, 0x55, 0xAB, 0x55, 0xAB, 0x55, 0xAB, 0x55, 0xAB, 0x55, 0xAB, 0x55, 0xAB,
    0x55, 0xAB, 0x55, 0xAB, 0x55, 0xAB, 0x55, 0xAB, 0x55, 0xAB, 0xD6, 0xAB, 0x3E, 0x65, 0xDA, 0x8C,
    0x9A, 0x74, 0x1D, 0x65, 0xBB, 0x54, 0x1D, 0xA6, 0xFF, 0xFF, 0xFF, 0xFF, 0xFF, 0xFF, 0xFF, 0xFF,
    0xFF, 0xFF, 0xFF, 0xFF, 0xFF, 0xFF, 0xFF, 0xFF, 0xFF, 0xFF, 0xFF, 0xFF, 0xFF, 0xFF, 0xFF, 0xFF,
    0xFF, 0xFF, 0xFF, 0xFF, 0xFF, 0xFF, 0xFF, 0xFF, 0xFF, 0xFF, 0xFF, 0xFF, 0xFF, 0xFF, 0xFF, 0xFF,
    0xFF, 0xFF, 0xFF, 0xFF, 0xFF, 0xFF, 0xFF, 0xFF, 0xFF, 0xFF, 0xFF, 0xFF, 0xFF, 0xFF, 0xFF, 0xFF,
    0xFF, 0xFF, 0xFF, 0xFF, 0xFF, 0xFF, 0xFF, 0xFF, 0xFF, 0xFF, 0xFF, 0xFF, 0xFF, 0xFF, 0xFF, 0xFF,
    0xFF, 0xFF, 0xFF, 0xFF, 0xFF, 0xFF, 0xFF, 0xFF, 0xFF, 0xFF, 0xFF, 0xFF, 0xFF, 0xFF, 0xFF, 0xFF,
    0xFF, 0xFF, 0xFF, 0xFF, 0xFF, 0xFF, 0xFF, 0xFF, 0xFF, 0xFF, 0xFF, 0xFF, 0xFF, 0xFF, 0xFF, 0xFF,
    0xFF, 0xFF, 0xFF, 0xFF, 0xFF, 0xFF, 0xFF, 0xFF, 0xFF, 0xFF, 0xFF, 0xFF, 0xFF, 0xFF, 0xFF, 0xFF,
    0xFF, 0xFF, 0xFF, 0xFF, 0xFF, 0xFF, 0xFF, 0xFF, 0xFF, 0xFF, 0xFF, 0xFF, 0xFF, 0xFF, 0xFF, 0xFF,
    0xFF, 0xFF, 0xFF, 0xFF, 0xFF, 0xFF, 0xFF, 0xFF, 0xFF, 0xFF, 0xFF, 0xFF, 0xFF, 0xFF, 0xFF, 0xFF,
    0xFF, 0xFF, 0xFF, 0xFF, 0xFF, 0xFF, 0xFF, 0xFF, 0xFF, 0xFF, 0xFF, 0xFF, 0xFF, 0xFF, 0xFF, 0xFF,
    0xFF, 0xFF, 0xFF, 0xFF, 0xFF, 0xFF, 0xFF, 0xFF, 0xFF, 0xFF, 0xFF, 0xFF, 0xFF, 0xFF, 0xFF, 0xFF,
    0xFF, 0xFF, 0xFF, 0xFF, 0xFF, 0xFF, 0xFF, 0xFF, 0xFF, 0xFF, 0xFF, 0xFF, 0xFF, 0xFF, 0xFF, 0xFF,
    0xFF, 0xFF, 0xFF, 0xFF, 0xFF, 0xFF, 0xFF, 0xFF, 0xFF, 0xFF, 0xFF, 0xFF, 0xFF, 0xFF, 0xFF, 0xFF,
    0xFF, 0xFF, 0xFF, 0xFF, 0xFF, 0xFF, 0xFF, 0xFF, 0xFF, 0xFF, 0xFF, 0xFF, 0xFF, 0xFF, 0xFF, 0xFF,
    0xFF, 0xFF, 0xFF, 0xFF, 0xFF, 0xFF, 0xFF, 0xFF, 0xFF, 0xFF, 0xFF, 0xFF, 0xFF, 0xFF, 0xFF, 0xFF,
    0xFF, 0xFF, 0xFF, 0xFF, 0xFF, 0xFF, 0xFF, 0xFF, 0xFF, 0xFF, 0xFF, 0xFF, 0xFF, 0xFF, 0xFF, 0xFF,
    0xFF, 0xFF, 0xFF, 0xFF, 0xFF, 0xFF, 0xFF, 0xFF, 0xFF, 0xFF, 0xFF, 0xFF, 0xFF, 0xFF, 0xFF, 0xFF,
    0xFF, 0xFF, 0xFF, 0xFF, 0xFF, 0xFF, 0xFF, 0xFF, 0xFF, 0xFF, 0xFF, 0xFF, 0xFF, 0xFF, 0xFF, 0xFF,
    0xFF, 0xFF, 0xFF, 0xFF, 0xFF, 0xFF, 0xFF, 0xFF, 0xFF, 0xFF, 0xFF, 0xFF, 0xFF, 0xFF, 0xFF, 0xFF,
    0xFF, 0xFF, 0xFF, 0xFF, 0xFF, 0xFF, 0xFF, 0xFF, 0xFF, 0xFF, 0xFF, 0xFF, 0xFF, 0xFF, 0xFF, 0xFF,
    0xFF, 0xFF, 0xFF, 0xFF, 0xFF, 0xFF, 0xFF, 0xFF, 0xFF, 0xFF, 0x5C, 0x7D, 0xBB, 0x5C, 0x5E, 0x6D,
    0xD4, 0xA4, 0xEC, 0xB3, 0x6B, 0xA3, 0x48, 0x6A, 0x26, 0x29, 0xE5, 0x18, 0x05, 0x19, 0xE5, 0x18,
    0xE5, 0x18, 0xE5, 0x10, 0xE5, 0x10, 0xE5, 0x10, 0xE5, 0x10, 0xE5, 0x10, 0xE5, 0x10, 0xE5, 0x10,
    0xE5, 0x10, 0xE5, 0x10, 0xE5, 0x10, 0xE5, 0x10, 0xE5, 0x10, 0xE5, 0x10, 0xE5, 0x10, 0xE5, 0x10,
    0xE5, 0x10, 0xE5, 0x10, 0xE5, 0x08, 0xE5, 0x08, 0xE5, 0x08, 0xE5, 0x08, 0xE5, 0x08, 0xE5, 0x08,
    0xE5, 0x08, 0xC5, 0x08, 0xC5, 0x08, 0xC5, 0x08, 0xC5, 0x08, 0xC5, 0x08, 0xC5, 0x08, 0xC5, 0x08,
    0xC5, 0x08, 0xC5, 0x08, 0xC5, 0x08, 0xC5, 0x08, 0xC5, 0x08, 0xC5, 0x08, 0xC5, 0x08, 0xC5, 0x08,
    0xC5, 0x08, 0xC5, 0x08, 0xC5, 0x08, 0xC5, 0x08, 0xC5, 0x08, 0xC5, 0x08, 0xC5, 0x08, 0xC5, 0x08,
    0xC5, 0x08, 0xC5, 0x08, 0xE5, 0x08, 0xC5, 0x08, 0xC5, 0x10, 0xE5, 0x10, 0xE5, 0x10, 0xE5, 0x10,
    0xE5, 0x10, 0xE5, 0x10, 0xE5, 0x10, 0xE6, 0x10, 0xE6, 0x10, 0xE5, 0x10, 0x05, 0x19, 0xE5, 0x18,
    0x05, 0x19, 0x66, 0x39, 0xE7, 0x51, 0x28, 0x62, 0x48, 0x6A, 0xA9, 0x7A, 0x87, 0x31, 0x44, 0x00,
    0x8E, 0x22, 0x99, 0x9D, 0xDC, 0xD6, 0x3E, 0xDF, 0x5E, 0xDF, 0x7E, 0xE7, 0x7F, 0xE7, 0x9F, 0xE7,
    0x9F, 0xEF, 0x9F, 0xEF, 0xBF, 0xEF, 0xBF, 0xEF, 0x9F, 0xEF, 0x9F, 0xEF, 0x9F, 0xE7, 0x5A, 0xC6,
    0x91, 0x9C, 0xF3, 0xA4, 0xF3, 0xA4, 0x13, 0xAD, 0xDA, 0xDE, 0x58, 0xD6, 0x58, 0xD6, 0x99, 0xDE,
    0x37, 0xD6, 0x6F, 0x9C, 0x1B, 0xE7, 0x94, 0x6C, 0x10, 0x1B, 0x92, 0x1B, 0x59, 0x9D, 0x55, 0xB3,
    0x55, 0xAB, 0x55, 0xAB, 0x55, 0xAB, 0x55, 0xAB, 0x55, 0xAB, 0x55, 0xAB, 0x55, 0xAB, 0x55, 0xAB,
    0x55, 0xAB, 0x55, 0xAB, 0x55, 0xAB, 0x55, 0xAB, 0x55, 0xAB, 0x55, 0xAB, 0x55, 0xAB, 0x55, 0xAB,
    0x55, 0xAB, 0x55, 0xAB, 0x55, 0xAB, 0x55, 0xAB, 0x55, 0xAB, 0x55, 0xAB, 0x55, 0xAB, 0x55, 0xAB,
    0x55, 0xAB, 0x55, 0xAB, 0x55, 0xAB, 0x55, 0xAB, 0x55, 0xAB, 0x99, 0x8C, 0x3D, 0x65, 0x78, 0xA4,
    0xDC, 0x64, 0xFC, 0x64, 0xBB, 0x54, 0x1E, 0xD7, 0xFF, 0xFF, 0xFF, 0xFF, 0xFF, 0xFF, 0xFF, 0xFF,
    0xFF, 0xFF, 0xFF, 0xFF, 0xFF, 0xFF, 0xFF, 0xFF, 0xFF, 0xFF, 0xFF, 0xFF, 0xFF, 0xFF, 0xFF, 0xFF,
    0xFF, 0xFF, 0xFF, 0xFF, 0xFF, 0xFF, 0xFF, 0xFF, 0xFF, 0xFF, 0xFF, 0xFF, 0xFF, 0xFF, 0xFF, 0xFF,
    0xFF, 0xFF, 0xFF, 0xFF, 0xFF, 0xFF, 0xFF, 0xFF, 0xFF, 0xFF, 0xFF, 0xFF, 0xFF, 0xFF, 0xFF, 0xFF,
    0xFF, 0xFF, 0xFF, 0xFF, 0xFF, 0xFF, 0xFF, 0xFF, 0xFF, 0xFF, 0xFF, 0xFF, 0xFF, 0xFF, 0xFF, 0xFF,
    0xFF, 0xFF, 0xFF, 0xFF, 0xFF, 0xFF, 0xFF, 0xFF, 0xFF, 0xFF, 0xFF, 0xFF, 0xFF, 0xFF, 0xFF, 0xFF,
    0xFF, 0xFF, 0xFF, 0xFF, 0xFF, 0xFF, 0xFF, 0xFF, 0xFF, 0xFF, 0xFF, 0xFF, 0xFF, 0xFF, 0xFF, 0xFF,
    0xFF, 0xFF, 0xFF, 0xFF, 0xFF, 0xFF, 0xFF, 0xFF, 0xFF, 0xFF, 0xFF, 0xFF, 0xFF, 0xFF, 0xFF, 0xFF,
    0xFF, 0xFF, 0xFF, 0xFF, 0xFF, 0xFF, 0xFF, 0xFF, 0xFF, 0xFF, 0xFF, 0xFF, 0xFF, 0xFF, 0xFF, 0xFF,
    0xFF, 0xFF, 0xFF, 0xFF, 0xFF, 0xFF, 0xFF, 0xFF, 0xFF, 0xFF, 0xFF, 0xFF, 0xFF, 0xFF, 0xFF, 0xFF,
    0xFF, 0xFF, 0xFF, 0xFF, 0xFF, 0xFF, 0xFF, 0xFF, 0xFF, 0xFF, 0xFF, 0xFF, 0xFF, 0xFF, 0xFF, 0xFF,
    0xFF, 0xFF, 0xFF, 0xFF, 0xFF, 0xFF, 0xFF, 0xFF, 0xFF, 0xFF, 0xFF, 0xFF, 0xFF, 0xFF, 0xFF, 0xFF,
    0xFF, 0xFF, 0xFF, 0xFF, 0xFF, 0xFF, 0xFF, 0xFF, 0xFF, 0xFF, 0xFF, 0xFF, 0xFF, 0xFF, 0xFF, 0xFF,
    0xFF, 0xFF, 0xFF, 0xFF, 0xFF, 0xFF, 0xFF, 0xFF, 0xFF, 0xFF, 0xFF, 0xFF, 0xFF, 0xFF, 0xFF, 0xFF,
    0xFF, 0xFF, 0xFF, 0xFF, 0xFF, 0xFF, 0xFF, 0xFF, 0xFF, 0xFF, 0xFF, 0xFF, 0xFF, 0xFF, 0xFF, 0xFF,
    0xFF, 0xFF, 0xFF, 0xFF, 0xFF, 0xFF, 0xFF, 0xFF, 0xFF, 0xFF, 0xFF, 0xFF, 0xFF, 0xFF, 0xFF, 0xFF,
    0xFF, 0xFF, 0xFF, 0xFF, 0xFF, 0xFF, 0xFF, 0xFF, 0xFF, 0xFF, 0xFF, 0xFF, 0xFF, 0xFF, 0xFF, 0xFF,
    0xFF, 0xFF, 0xFF, 0xFF, 0xFF, 0xFF, 0xFF, 0xFF, 0xFF, 0xFF, 0xFF, 0xFF, 0xFF, 0xFF, 0xFF, 0xFF,
    0xFF, 0xFF, 0xFF, 0xFF, 0xFF, 0xFF, 0xFF, 0xFF, 0xFF, 0xFF, 0xFF, 0xFF, 0xFF, 0xFF, 0xFF, 0xFF,
    0xFF, 0xFF, 0xFF, 0xFF, 0xFF, 0xFF, 0xFF, 0xFF, 0xFF, 0xFF, 0xFF, 0xFF, 0xFF, 0xFF, 0xFF, 0xFF,
    0xFF, 0xFF, 0xFF, 0xFF, 0xFF, 0xFF, 0xFF, 0xFF, 0xFF, 0xFF, 0xFF, 0xFF, 0xFF, 0xFF, 0xFF, 0xFF,
    0xFF, 0xFF, 0xFF, 0xFF, 0xFF, 0xFF, 0xFF, 0xFF, 0xDF, 0xF7, 0x1C, 0x65, 0xDC, 0x5C, 0x5E, 0x6D,
    0xD3, 0xAC, 0xCC, 0xB3, 0x2A, 0x93, 0xC7, 0x51, 0x05, 0x19, 0xE5, 0x18, 0xE5, 0x18, 0xE5, 0x18,
    0xE5, 0x10, 0xE5, 0x10, 0xE5, 0x10, 0xE5, 0x10, 0xE5, 0x10, 0xE5, 0x10, 0xE5, 0x10, 0xE5, 0x10,
    0xE5, 0x10, 0xE5, 0x10, 0xE5, 0x10, 0xE5, 0x10, 0xE5, 0x10, 0xE5, 0x10, 0xE5, 0x10, 0xE5, 0x10,
    0xE5, 0x08, 0xE5, 0x08, 0xE5, 0x08, 0xE5, 0x08, 0xE5, 0x08, 0xE5, 0x08, 0xE5, 0x08, 0xC5, 0x08,
    0xC5, 0x08, 0xC5, 0x08, 0xC5, 0x08, 0xC5, 0x08, 0xC5, 0x08, 0xC5, 0x08, 0xC5, 0x08, 0xC5, 0x08,
    0xC5, 0x08, 0xC5, 0x08, 0xC5, 0x08, 0xC5, 0x08, 0xC5, 0x08, 0xC5, 0x08, 0xC5, 0x08, 0xC5, 0x08,
    0xC5, 0x08, 0xC5, 0x08, 0xC5, 0x08, 0xC5, 0x08, 0xC5, 0x08, 0xC5, 0x08, 0xC5, 0x08, 0xC5, 0x08,
    0xC5, 0x08, 0xC5, 0x08, 0xC5, 0x08, 0xC5, 0x08, 0xC5, 0x08, 0xE5, 0x08, 0xE5, 0x10, 0xE5, 0x10,
    0xE5, 0x10, 0xE5, 0x10, 0xE5, 0x10, 0xE5, 0x10, 0xE6, 0x10, 0xE5, 0x10, 0xE5, 0x10, 0xE5, 0x18,
    0xE5, 0x18, 0x66, 0x31, 0xC7, 0x49, 0x08, 0x5A, 0x28, 0x62, 0x89, 0x72, 0xC7, 0x41, 0x64, 0x00,
    0xEC, 0x11, 0x38, 0x85, 0xBC, 0xCE, 0x3E, 0xDF, 0x5E, 0xDF, 0x7E, 0xE7, 0x7F, 0xE7, 0x7F, 0xE7,
    0x9F, 0xE7, 0x9F, 0xEF, 0x9F, 0xEF, 0xBF, 0xEF, 0x9F, 0xEF, 0x7F, 0xE7, 0x7E, 0xE7, 0x96, 0xB5,
    0x71, 0x9C, 0xF3, 0xA4, 0xB2, 0xA4, 0xF6, 0xC5, 0xDA, 0xDE, 0x58, 0xD6, 0x78, 0xD6, 0xD9, 0xE6,
    0xEE, 0x8B, 0x74, 0xBD, 0x51, 0x84, 0x88, 0x21, 0x0A, 0x2A, 0x8E, 0x12, 0x92, 0x3B, 0xB5, 0xAB,
    0x55, 0xB3, 0x55, 0xAB, 0x55, 0xAB, 0x55, 0xAB, 0x55, 0xAB, 0x55, 0xAB, 0x55, 0xAB, 0x55, 0xAB,
    0x55, 0xAB, 0x55, 0xAB, 0x55, 0xAB, 0x55, 0xAB, 0x55, 0xAB, 0x55, 0xAB, 0x55, 0xAB, 0x55, 0xAB,
    0x55, 0xAB, 0x55, 0xAB, 0x55, 0xAB, 0x55, 0xAB, 0x55, 0xAB, 0x55, 0xAB, 0x55, 0xAB, 0x55, 0xAB,
    0x55, 0xAB, 0x55, 0xAB, 0x55, 0xAB, 0x55, 0xAB, 0x75, 0xB3, 0xDC, 0x64, 0xBA, 0x7C, 0x99, 0x9C,
    0x3E, 0x65, 0xBB, 0x5C, 0x1C, 0x65, 0xDF, 0xF7, 0xFF, 0xFF, 0xFF, 0xFF, 0xFF, 0xFF, 0xFF, 0xFF,
    0xFF, 0xFF, 0xFF, 0xFF, 0xFF, 0xFF, 0xFF, 0xFF, 0xFF, 0xFF, 0xFF, 0xFF, 0xFF, 0xFF, 0xFF, 0xFF,
    0xFF, 0xFF, 0xFF, 0xFF, 0xFF, 0xFF, 0xFF, 0xFF, 0xFF, 0xFF, 0xFF, 0xFF, 0xFF, 0xFF, 0xFF, 0xFF,
    0xFF, 0xFF, 0xFF, 0xFF, 0xFF, 0xFF, 0xFF, 0xFF, 0xFF, 0xFF, 0xFF, 0xFF, 0xFF, 0xFF, 0xFF, 0xFF,
    0xFF, 0xFF, 0xFF, 0xFF, 0xFF, 0xFF, 0xFF, 0xFF, 0xFF, 0xFF, 0xFF, 0xFF, 0xFF, 0xFF, 0xFF, 0xFF,
    0xFF, 0xFF, 0xFF, 0xFF, 0xFF, 0xFF, 0xFF, 0xFF, 0xFF, 0xFF, 0xFF, 0xFF, 0xFF, 0xFF, 0xFF, 0xFF,
    0xFF, 0xFF, 0xFF, 0xFF, 0xFF, 0xFF, 0xFF, 0xFF, 0xFF, 0xFF, 0xFF, 0xFF, 0xFF, 0xFF, 0xFF, 0xFF,
    0xFF, 0xFF, 0xFF, 0xFF, 0xFF, 0xFF, 0xFF, 0xFF, 0xFF, 0xFF, 0xFF, 0xFF, 0xFF, 0xFF, 0xFF, 0xFF,
    0xFF, 0xFF, 0xFF, 0xFF, 0xFF, 0xFF, 0xFF, 0xFF, 0xFF, 0xFF, 0xFF, 0xFF, 0xFF, 0xFF, 0xFF, 0xFF,
    0xFF, 0xFF, 0xFF, 0xFF, 0xFF, 0xFF, 0xFF, 0xFF, 0xFF, 0xFF, 0xFF, 0xFF, 0xFF, 0xFF, 0xFF, 0xFF,
    0xFF, 0xFF, 0xFF, 0xFF, 0xFF, 0xFF, 0xFF, 0xFF, 0xFF, 0xFF, 0xFF, 0xFF, 0xFF, 0xFF, 0xFF, 0xFF,
    0xFF, 0xFF, 0xFF, 0xFF, 0xFF, 0xFF, 0xFF, 0xFF, 0xFF, 0xFF, 0xFF, 0xFF, 0xFF, 0xFF, 0xFF, 0xFF,
    0xFF, 0xFF, 0xFF, 0xFF, 0xFF, 0xFF, 0xFF, 0xFF, 0xFF, 0xFF, 0xFF, 0xFF, 0xFF, 0xFF, 0xFF, 0xFF,
    0xFF, 0xFF, 0xFF, 0xFF, 0xFF, 0xFF, 0xFF, 0xFF, 0xFF, 0xFF, 0xFF, 0xFF, 0xFF, 0xFF, 0xFF, 0xFF,
    0xFF, 0xFF, 0xFF, 0xFF, 0xFF, 0xFF, 0xFF, 0xFF, 0xFF, 0xFF, 0xFF, 0xFF, 0xFF, 0xFF, 0xFF, 0xFF,
    0xFF, 0xFF, 0xFF, 0xFF, 0xFF, 0xFF, 0xFF, 0xFF, 0xFF, 0xFF, 0xFF, 0xFF, 0xFF, 0xFF, 0xFF, 0xFF,
    0xFF, 0xFF, 0xFF, 0xFF, 0xFF, 0xFF, 0xFF, 0xFF, 0xFF, 0xFF, 0xFF, 0xFF, 0xFF, 0xFF, 0xFF, 0xFF,
    0xFF, 0xFF, 0xFF, 0xFF, 0xFF, 0xFF, 0xFF, 0xFF, 0xFF, 0xFF, 0xFF, 0xFF, 0xFF, 0xFF, 0xFF, 0xFF,
    0xFF, 0xFF, 0xFF, 0xFF, 0xFF, 0xFF, 0xFF, 0xFF, 0xFF, 0xFF, 0xFF, 0xFF, 0xFF, 0xFF, 0xFF, 0xFF,
    0xFF, 0xFF, 0xFF, 0xFF, 0xFF, 0xFF, 0xFF, 0xFF, 0xFF, 0xFF, 0xFF, 0xFF, 0xFF, 0xFF, 0xFF, 0xFF,
    0xFF, 0xFF, 0xFF, 0xFF, 0xFF, 0xFF, 0xFF, 0xFF, 0xFF, 0xFF, 0xFF, 0xFF, 0xFF, 0xFF, 0xFF, 0xFF,
    0xFF, 0xFF, 0xFF, 0xFF, 0xFF, 0xFF, 0xFF, 0xFF, 0x7F, 0xE7, 0xDC, 0x5C, 0xDC, 0x5C, 0x3D, 0x6D,
    0x70, 0xAC, 0xAB, 0xAB, 0xA9, 0x82, 0x66, 0x41, 0xE5, 0x18, 0xE5, 0x18, 0xE5, 0x18, 0xE5, 0x10,
    0xE5, 0x10, 0xE5, 0x10, 0xE5, 0x10, 0xE5, 0x10, 0xE5, 0x10, 0xE5, 0x10, 0xE5, 0x10, 0xE5, 0x10,
    0xE5, 0x10, 0xE5, 0x10, 0xE5, 0x10, 0xE5, 0x10, 0xE5, 0x10, 0xE5, 0x10, 0xE5, 0x10, 0xE5, 0x08,
    0xE5, 0x08, 0xE5, 0x08, 0xE5, 0x08, 0xE5, 0x08, 0xE5, 0x08, 0xC5, 0x08, 0xE5, 0x08, 0xE5, 0x08,
    0xE5, 0x08, 0xC5, 0x08, 0xC5, 0x08, 0xE5, 0x08, 0xC5, 0x08, 0xC5, 0x08, 0xC5, 0x08, 0xC5, 0x08,
    0xC5, 0x08, 0xC5, 0x08, 0xC5, 0x08, 0xC5, 0x08, 0xC5, 0x08, 0xC5, 0x08, 0xC5, 0x08, 0xC5, 0x08,
    0xC5, 0x08, 0xC5, 0x08, 0xC5, 0x08, 0xC5, 0x08, 0xC5, 0x08, 0xC5, 0x08, 0xC5, 0x08, 0xC5, 0x08,
    0xC5, 0x08, 0xC5, 0x08, 0xC5, 0x08, 0xC5, 0x08, 0xC5, 0x08, 0xC5, 0x08, 0xC5, 0x08, 0xE5, 0x10,
    0xE5, 0x10, 0xE5, 0x10, 0xE5, 0x10, 0xE5, 0x10, 0xE5, 0x10, 0xE6, 0x10, 0xE5, 0x10, 0xE5, 0x18,
    0xE5, 0x18, 0x46, 0x29, 0xA7, 0x41, 0x07, 0x52, 0x08, 0x5A, 0x68, 0x6A, 0xC7, 0x49, 0x64, 0x00,
    0x6A, 0x09, 0xD7, 0x74, 0x7B, 0xC6, 0x3D, 0xDF, 0x3E, 0xDF, 0x5E, 0xE7, 0x7E, 0xE7, 0x9F, 0xE7,
    0x9F, 0xEF, 0x9F, 0xEF, 0x9F, 0xEF, 0x9F, 0xEF, 0x9F, 0xEF, 0x7E, 0xE7, 0x3D, 0xDF, 0xD3, 0xA4,
    0x91, 0x9C, 0xD2, 0xA4, 0xD2, 0xA4, 0xB9, 0xDE, 0xD8, 0xDE, 0x13, 0xDE, 0x98, 0xE6, 0xB5, 0xBD,
    0x6C, 0x7B, 0x33, 0xAD, 0xC8, 0x29, 0xC9, 0x31, 0xE9, 0x29, 0x6D, 0x22, 0x10, 0x1B, 0x52, 0x83,
    0x35, 0xB3, 0x55, 0xAB, 0x55, 0xAB, 0x55, 0xAB, 0x55, 0xAB, 0x55, 0xAB, 0x55, 0xAB, 0x55, 0xAB,
    0x55, 0xAB, 0x55, 0xAB, 0x55, 0xAB, 0x55, 0xAB, 0x55, 0xAB, 0x55, 0xAB, 0x55, 0xAB, 0x55, 0xAB,
    0x55, 0xAB, 0x55, 0xAB, 0x55, 0xAB, 0x55, 0xAB, 0x55, 0xAB, 0x55, 0xAB, 0x55, 0xAB, 0x55, 0xAB,
    0x55, 0xAB, 0x55, 0xAB, 0x55, 0xAB, 0x55, 0xAB, 0xF7, 0xA3, 0x7F, 0x6D, 0x78, 0x9C, 0x9A, 0x7C,
    0x3E, 0x65, 0x9B, 0x54, 0xDD, 0x95, 0xFF, 0xFF, 0xFF, 0xFF, 0xFF, 0xFF, 0xFF, 0xFF, 0xFF, 0xFF,
    0xFF, 0xFF, 0xFF, 0xFF, 0xFF, 0xFF, 0xFF, 0xFF, 0xFF, 0xFF, 0xFF, 0xFF, 0xFF, 0xFF, 0xFF, 0xFF,
    0xFF, 0xFF, 0xFF, 0xFF, 0xFF, 0xFF, 0xFF, 0xFF, 0xFF, 0xFF, 0xFF, 0xFF, 0xFF, 0xFF, 0xFF, 0xFF,
    0xFF, 0xFF, 0xFF, 0xFF, 0xFF, 0xFF, 0xFF, 0xFF, 0xFF, 0xFF, 0xFF, 0xFF, 0xFF, 0xFF, 0xFF, 0xFF,
    0xFF, 0xFF, 0xFF, 0xFF, 0xFF, 0xFF, 0xFF, 0xFF, 0xFF, 0xFF, 0xFF, 0xFF, 0xFF, 0xFF, 0xFF, 0xFF,
    0xFF, 0xFF, 0xFF, 0xFF, 0xFF, 0xFF, 0xFF, 0xFF, 0xFF, 0xFF, 0xFF, 0xFF, 0xFF, 0xFF, 0xFF, 0xFF,
    0xFF, 0xFF, 0xFF, 0xFF, 0xFF, 0xFF, 0xFF, 0xFF, 0xFF, 0xFF, 0xFF, 0xFF, 0xFF, 0xFF, 0xFF, 0xFF,
    0xFF, 0xFF, 0xFF, 0xFF, 0xFF, 0xFF, 0xFF, 0xFF, 0xFF, 0xFF, 0xFF, 0xFF, 0xFF, 0xFF, 0xFF, 0xFF,
    0xFF, 0xFF, 0xFF, 0xFF, 0xFF, 0xFF, 0xFF, 0xFF, 0xFF, 0xFF, 0xFF, 0xFF, 0xFF, 0xFF, 0xFF, 0xFF,
    0xFF, 0xFF, 0xFF, 0xFF, 0xFF, 0xFF, 0xFF, 0xFF, 0xFF, 0xFF, 0xFF, 0xFF, 0xFF, 0xFF, 0xFF, 0xFF,
    0xFF, 0xFF, 0xFF, 0xFF, 0xFF, 0xFF, 0xFF, 0xFF, 0xFF, 0xFF, 0xFF, 0xFF, 0xFF, 0xFF, 0xFF, 0xFF,
    0xFF, 0xFF, 0xFF, 0xFF, 0xFF, 0xFF, 0xFF, 0xFF, 0xFF, 0xFF, 0xFF, 0xFF, 0xFF, 0xFF, 0xFF, 0xFF,
    0xFF, 0xFF, 0xFF, 0xFF, 0xFF, 0xFF, 0xFF, 0xFF, 0xFF, 0xFF, 0xFF, 0xFF, 0xFF, 0xFF, 0xFF, 0xFF,
    0xFF, 0xFF, 0xFF, 0xFF, 0xFF, 0xFF, 0xFF, 0xFF, 0xFF, 0xFF, 0xFF, 0xFF, 0xFF, 0xFF, 0xFF, 0xFF,
    0xFF, 0xFF, 0xFF, 0xFF, 0xFF, 0xFF, 0xFF, 0xFF, 0xFF, 0xFF, 0xFF, 0xFF, 0xFF, 0xFF, 0xFF, 0xFF,
    0xFF, 0xFF, 0xFF, 0xFF, 0xFF, 0xFF, 0xFF, 0xFF, 0xFF, 0xFF, 0xFF, 0xFF, 0xFF, 0xFF, 0xFF, 0xFF,
    0xFF, 0xFF, 0xFF, 0xFF, 0xFF, 0xFF, 0xFF, 0xFF, 0xFF, 0xFF, 0xFF, 0xFF, 0xFF, 0xFF, 0xFF, 0xFF,
    0xFF, 0xFF, 0xFF, 0xFF, 0xFF, 0xFF, 0xFF, 0xFF, 0xFF, 0xFF, 0xFF, 0xFF, 0xFF, 0xFF, 0xFF, 0xFF,
    0xFF, 0xFF, 0xFF, 0xFF, 0xFF, 0xFF, 0xFF, 0xFF, 0xFF, 0xFF, 0xFF, 0xFF, 0xFF, 0xFF, 0xFF, 0xFF,
    0xFF, 0xFF, 0xFF, 0xFF, 0xFF, 0xFF, 0xFF, 0xFF, 0xFF, 0xFF, 0xFF, 0xFF, 0xFF, 0xFF, 0xFF, 0xFF,
    0xFF, 0xFF, 0xFF, 0xFF, 0xFF, 0xFF, 0xFF, 0xFF, 0xFF, 0xFF, 0xFF, 0xFF, 0xFF, 0xFF, 0xFF, 0xFF,
    0xFF, 0xFF, 0xFF, 0xFF, 0xFF, 0xFF, 0xFF, 0xFF, 0xFE, 0xC6, 0xBB, 0x54, 0xDC, 0x5C, 0x1C, 0x6D,
    0x4E, 0xBC, 0x6B, 0xA3, 0x48, 0x6A, 0x26, 0x29, 0xE5, 0x18, 0xE6, 0x18, 0xE5, 0x10, 0xE5, 0x10,
    0xE5, 0x10, 0xE5, 0x10, 0xE5, 0x10, 0xE5, 0x10, 0xE5, 0x10, 0xE5, 0x10, 0xE5, 0x10, 0xE5, 0x10,
    0xE5, 0x10, 0xE5, 0x10, 0xE5, 0x10, 0xC5, 0x10, 0xE5, 0x10, 0xE5, 0x08, 0xE5, 0x08, 0xE5, 0x08,
    0xE5, 0x08, 0xE5, 0x08, 0xC5, 0x08, 0xE5, 0x08, 0xE5, 0x08, 0xC5, 0x08, 0xE5, 0x08, 0xE5, 0x08,
    0xE5, 0x08, 0xE5, 0x08, 0xC5, 0x08, 0xC5, 0x08, 0xC5, 0x08, 0xC5, 0x08, 0xC5, 0x08, 0xC5, 0x08,
    0xC5, 0x08, 0xC5, 0x08, 0xC5, 0x08, 0xC5, 0x08, 0xC5, 0x08, 0xC5, 0x08, 0xC5, 0x08, 0xC5, 0x08,
    0xC5, 0x08, 0xC5, 0x08, 0xA5, 0x08, 0xC5, 0x08, 0xC5, 0x08, 0xC5, 0x08, 0xC5, 0x08, 0xC5, 0x08,
    0xC5, 0x08, 0xC5, 0x08, 0xC5, 0x08, 0xC5, 0x08, 0xC5, 0x08, 0xC5, 0x08, 0xC5, 0x08, 0xC5, 0x08,
    0xE5, 0x10, 0xE5, 0x10, 0xE5, 0x10, 0xE5, 0x10, 0xE6, 0x10, 0xE5, 0x10, 0xE5, 0x10, 0xE5, 0x18,
    0xE5, 0x10, 0x25, 0x21, 0x87, 0x39, 0xE7, 0x49, 0xE7, 0x51, 0x28, 0x62, 0xE7, 0x49, 0x85, 0x00,
    0x28, 0x09, 0x76, 0x64, 0x5A, 0xBE, 0x1D, 0xD7, 0x3E, 0xDF, 0x5E, 0xE7, 0x7E, 0xE7, 0x7F, 0xE7,
    0x9F, 0xE7, 0x9F, 0xEF, 0x9F, 0xEF, 0x9F, 0xEF, 0x7F, 0xE7, 0x7E, 0xE7, 0xDC, 0xD6, 0xCF, 0x83,
    0xEF, 0x8B, 0x2F, 0x94, 0x12, 0xAD, 0x1B, 0xE7, 0x53, 0xDE, 0x69, 0xED, 0x93, 0xFE, 0xCE, 0x83,
    0x70, 0x9C, 0xEB, 0x5A, 0x87, 0x29, 0x67, 0x21, 0xA9, 0x21, 0x4D, 0x1A, 0xAF, 0x12, 0x51, 0x6B,
    0x55, 0xB3, 0x55, 0xAB, 0x55, 0xAB, 0x55, 0xAB, 0x55, 0xAB, 0x55, 0xAB, 0x55, 0xAB, 0x55, 0xAB,
    0x55, 0xAB, 0x55, 0xAB, 0x55, 0xAB, 0x55, 0xAB, 0x55, 0xAB, 0x55, 0xAB, 0x55, 0xAB, 0x55, 0xAB,
    0x55, 0xAB, 0x55, 0xAB, 0x55, 0xAB, 0x55, 0xAB, 0x55, 0xAB, 0x55, 0xAB, 0x55, 0xAB, 0x55, 0xAB,
    0x55, 0xAB, 0x55, 0xAB, 0x55, 0xAB, 0x55, 0xAB, 0x59, 0x84, 0x7E, 0x6D, 0x58, 0xAC, 0xBB, 0x6C,
    0xFD, 0x64, 0xBC, 0x54, 0xBE, 0xC6, 0xFF, 0xFF, 0xFF, 0xFF, 0xFF, 0xFF, 0xFF, 0xFF, 0xFF, 0xFF,
    0xFF, 0xFF, 0xFF, 0xFF, 0xFF, 0xFF, 0xFF, 0xFF, 0xFF, 0xFF, 0xFF, 0xFF, 0xFF, 0xFF, 0xFF, 0xFF,
    0xFF, 0xFF, 0xFF, 0xFF, 0xFF, 0xFF, 0xFF, 0xFF, 0xFF, 0xFF, 0xFF, 0xFF, 0xFF, 0xFF, 0xFF, 0xFF,
    0xFF, 0xFF, 0xFF, 0xFF, 0xFF, 0xFF, 0xFF, 0xFF, 0xFF, 0xFF, 0xFF, 0xFF, 0xFF, 0xFF, 0xFF, 0xFF,
    0xFF, 0xFF, 0xFF, 0xFF, 0xFF, 0xFF, 0xFF, 0xFF, 0xFF, 0xFF, 0xFF, 0xFF, 0xFF, 0xFF, 0xFF, 0xFF,
    0xFF, 0xFF, 0xFF, 0xFF, 0xFF, 0xFF, 0xFF, 0xFF, 0xFF, 0xFF, 0xFF, 0xFF, 0xFF, 0xFF, 0xFF, 0xFF,
    0xFF, 0xFF, 0xFF, 0xFF, 0xFF, 0xFF, 0xFF, 0xFF, 0xFF, 0xFF, 0xFF, 0xFF, 0xFF, 0xFF, 0xFF, 0xFF,
    0xFF, 0xFF, 0xFF, 0xFF, 0xFF, 0xFF, 0xFF, 0xFF, 0xFF, 0xFF, 0xFF, 0xFF, 0xFF, 0xFF, 0xFF, 0xFF,
    0xFF, 0xFF, 0xFF, 0xFF, 0xFF, 0xFF, 0xFF, 0xFF, 0xFF, 0xFF, 0xFF, 0xFF, 0xFF, 0xFF, 0xFF, 0xFF,
    0xFF, 0xFF, 0xFF, 0xFF, 0xFF, 0xFF, 0xFF, 0xFF, 0xFF, 0xFF, 0xFF, 0xFF, 0xFF, 0xFF, 0xFF, 0xFF,
    0xFF, 0xFF, 0xFF, 0xFF, 0xFF, 0xFF, 0xFF, 0xFF, 0xFF, 0xFF, 0xFF, 0xFF, 0xFF, 0xFF, 0xFF, 0xFF,
    0xFF, 0xFF, 0xFF, 0xFF, 0xFF, 0xFF, 0xFF, 0xFF, 0xFF, 0xFF, 0xFF, 0xFF, 0xFF, 0xFF, 0xFF, 0xFF,
    0xFF, 0xFF, 0xFF, 0xFF, 0xFF, 0xFF, 0xFF, 0xFF, 0xFF, 0xFF, 0xFF, 0xFF, 0xFF, 0xFF, 0xFF, 0xFF,
    0xFF, 0xFF, 0xFF, 0xFF, 0xFF, 0xFF, 0xFF, 0xFF, 0xFF, 0xFF, 0xFF, 0xFF, 0xFF, 0xFF, 0xFF, 0xFF,
    0xFF, 0xFF, 0xFF, 0xFF, 0xFF, 0xFF, 0xFF, 0xFF, 0xFF, 0xFF, 0xFF, 0xFF, 0xFF, 0xFF, 0xFF, 0xFF,
    0xFF, 0xFF, 0xFF, 0xFF, 0xFF, 0xFF, 0xFF, 0xFF, 0xFF, 0xFF, 0xFF, 0xFF, 0xFF, 0xFF, 0xFF, 0xFF,
    0xFF, 0xFF, 0xFF, 0xFF, 0xFF, 0xFF, 0xFF, 0xFF, 0xFF, 0xFF, 0xFF, 0xFF, 0xFF, 0xFF, 0xFF, 0xFF,
    0xFF, 0xFF, 0xFF, 0xFF, 0xFF, 0xFF, 0xFF, 0xFF, 0xFF, 0xFF, 0xFF, 0xFF, 0xFF, 0xFF, 0xFF, 0xFF,
    0xFF, 0xFF, 0xFF, 0xFF, 0xFF, 0xFF, 0xFF, 0xFF, 0xFF, 0xFF, 0xFF, 0xFF, 0xFF, 0xFF, 0xFF, 0xFF,
    0xFF, 0xFF, 0xFF, 0xFF, 0xFF, 0xFF, 0xFF, 0xFF, 0xFF, 0xFF, 0xFF, 0xFF, 0xFF, 0xFF, 0xFF, 0xFF,
    0xFF, 0xFF, 0xFF, 0xFF, 0xFF, 0xFF, 0xFF, 0xFF, 0xFF, 0xFF, 0xFF, 0xFF, 0xFF, 0xFF, 0xFF, 0xFF,
    0xFF, 0xFF, 0xFF, 0xFF, 0xFF, 0xFF, 0xFF, 0xFF, 0x3D, 0xA6, 0xBB, 0x54, 0xFD, 0x64, 0xFA, 0x7C,
    0xEC, 0xB3, 0x0A, 0x93, 0xC7, 0x51, 0x05, 0x21, 0xE5, 0x18, 0xE5, 0x18, 0xE5, 0x10, 0xE5, 0x10,
    0xE5, 0x10, 0xE5, 0x10, 0xE5, 0x10, 0xE5, 0x10, 0xE5, 0x10, 0xE5, 0x10, 0xE5, 0x10, 0xE5, 0x10,
    0xE5, 0x10, 0xC5, 0x10, 0xC5, 0x10, 0xC5, 0x10, 0xC5, 0x08, 0xE5, 0x08, 0xC5, 0x08, 0xE5, 0x08,
    0xE5, 0x08, 0xE5, 0x08, 0xC5, 0x08, 0xE5, 0x08, 0xC5, 0x08, 0xC5, 0x08, 0xE5, 0x08, 0xE5, 0x08,
    0xC5, 0x08, 0xE5, 0x08, 0xC5, 0x08, 0xC5, 0x08, 0xC5, 0x08, 0xC5, 0x08, 0xC5, 0x08, 0xC5, 0x08,
    0xC5, 0x08, 0xC5, 0x08, 0xC5, 0x08, 0xC5, 0x08, 0xC5, 0x08, 0xC5, 0x08, 0xC5, 0x08, 0xC5, 0x08,
    0xC5, 0x08, 0xC5, 0x08, 0xA5, 0x08, 0xA5, 0x08, 0xC5, 0x08, 0xC5, 0x08, 0xC5, 0x08, 0xC5, 0x08,
    0xC5, 0x08, 0xC5, 0x08, 0xC5, 0x08, 0xC5, 0x08, 0xC5, 0x08, 0xC5, 0x08, 0xC5, 0x08, 0xC5, 0x08,
    0xE5, 0x10, 0xE5, 0x10, 0xE5, 0x10, 0xE5, 0x10, 0xE5, 0x10, 0xE5, 0x10, 0xE5, 0x10, 0xE5, 0x10,
    0xE5, 0x10, 0x05, 0x21, 0x66, 0x39, 0xC7, 0x49, 0xE7, 0x51, 0x08, 0x5A, 0xC7, 0x49, 0xA5, 0x08,
    0x07, 0x01, 0x35, 0x54, 0x3A, 0xB6, 0x1D, 0xD7, 0x3E, 0xDF, 0x5E, 0xDF, 0x7E, 0xE7, 0x7F, 0xE7,
    0x9F, 0xE7, 0x9F, 0xEF, 0x9F, 0xEF, 0x9F, 0xEF, 0x7E, 0xE7, 0x7E, 0xE7, 0x19, 0xBE, 0x6A, 0x5A,
    0xEB, 0x6A, 0xCB, 0x6A, 0x33, 0xAD, 0x19, 0xE7, 0xF1, 0xDD, 0x8D, 0xED, 0x12, 0xE6, 0x4C, 0x6B,
    0x2F, 0x94, 0x46, 0x29, 0xC9, 0x29, 0x4E, 0x63, 0x71, 0x9C, 0x32, 0x7C, 0xAF, 0x12, 0x11, 0x53,
    0x55, 0xB3, 0x55, 0xAB, 0x55, 0xAB, 0x55, 0xAB, 0x55, 0xAB, 0x55, 0xAB, 0x55, 0xAB, 0x55, 0xAB,
    0x55, 0xAB, 0x55, 0xAB, 0x55, 0xAB, 0x55, 0xAB, 0x55, 0xAB, 0x55, 0xAB, 0x55, 0xAB, 0x55, 0xAB,
    0x55, 0xAB, 0x55, 0xAB, 0x55, 0xAB, 0x55, 0xAB, 0x55, 0xAB, 0x55, 0xAB, 0x55, 0xAB, 0x55, 0xAB,
    0x55, 0xAB, 0x55, 0xAB, 0x55, 0xAB, 0x55, 0xAB, 0x7A, 0x64, 0xFC, 0x74, 0x78, 0xAC, 0x1D, 0x65,
    0xDC, 0x5C, 0xDB, 0x5C, 0x7F, 0xE7, 0xFF, 0xFF, 0xFF, 0xFF, 0xFF, 0xFF, 0xFF, 0xFF, 0xFF, 0xFF,
    0xFF, 0xFF, 0xFF, 0xFF, 0xFF, 0xFF, 0xFF, 0xFF, 0xFF, 0xFF, 0xFF, 0xFF, 0xFF, 0xFF, 0xFF, 0xFF,
    0xFF, 0xFF, 0xFF, 0xFF, 0xFF, 0xFF, 0xFF, 0xFF, 0xFF, 0xFF, 0xFF, 0xFF, 0xFF, 0xFF, 0xFF, 0xFF,
    0xFF, 0xFF, 0xFF, 0xFF, 0xFF, 0xFF, 0xFF, 0xFF, 0xFF, 0xFF, 0xFF, 0xFF, 0xFF, 0xFF, 0xFF, 0xFF,
    0xFF, 0xFF, 0xFF, 0xFF, 0xFF, 0xFF, 0xFF, 0xFF, 0xFF, 0xFF, 0xFF, 0xFF, 0xFF, 0xFF, 0xFF, 0xFF,
    0xFF, 0xFF, 0xFF, 0xFF, 0xFF, 0xFF, 0xFF, 0xFF, 0xFF, 0xFF, 0xFF, 0xFF, 0xFF, 0xFF, 0xFF, 0xFF,
    0xFF, 0xFF, 0xFF, 0xFF, 0xFF, 0xFF, 0xFF, 0xFF, 0xFF, 0xFF, 0xFF, 0xFF, 0xFF, 0xFF, 0xFF, 0xFF,
    0xFF, 0xFF, 0xFF, 0xFF, 0xFF, 0xFF, 0xFF, 0xFF, 0xFF, 0xFF, 0xFF, 0xFF, 0xFF, 0xFF, 0xFF, 0xFF,
    0xFF, 0xFF, 0xFF, 0xFF, 0xFF, 0xFF, 0xFF, 0xFF, 0xFF, 0xFF, 0xFF, 0xFF, 0xFF, 0xFF, 0xFF, 0xFF,
    0xFF, 0xFF, 0xFF, 0xFF, 0xFF, 0xFF, 0xFF, 0xFF, 0xFF, 0xFF, 0xFF, 0xFF, 0xFF, 0xFF, 0xFF, 0xFF,
    0xFF, 0xFF, 0xFF, 0xFF, 0xFF, 0xFF, 0xFF, 0xFF, 0xFF, 0xFF, 0xFF, 0xFF, 0xFF, 0xFF, 0xFF, 0xFF,
    0xFF, 0xFF, 0xFF, 0xFF, 0xFF, 0xFF, 0xFF, 0xFF, 0xFF, 0xFF, 0xFF, 0xFF, 0xFF, 0xFF, 0xFF, 0xFF,
    0xFF, 0xFF, 0xFF, 0xFF, 0xFF, 0xFF, 0xFF, 0xFF, 0xFF, 0xFF, 0xFF, 0xFF, 0xFF, 0xFF, 0xFF, 0xFF,
    0xFF, 0xFF, 0xFF, 0xFF, 0xFF, 0xFF, 0xFF, 0xFF, 0xFF, 0xFF, 0xFF, 0xFF, 0xFF, 0xFF, 0xFF, 0xFF,
    0xFF, 0xFF, 0xFF, 0xFF, 0xFF, 0xFF, 0xFF, 0xFF, 0xFF, 0xFF, 0xFF, 0xFF, 0xFF, 0xFF, 0xFF, 0xFF,
    0xFF, 0xFF, 0xFF, 0xFF, 0xFF, 0xFF, 0xFF, 0xFF, 0xFF, 0xFF, 0xFF, 0xFF, 0xFF, 0xFF, 0xFF, 0xFF,
    0xFF, 0xFF, 0xFF, 0xFF, 0xFF, 0xFF, 0xFF, 0xFF, 0xFF, 0xFF, 0xFF, 0xFF, 0xFF, 0xFF, 0xFF, 0xFF,
    0xFF, 0xFF, 0xFF, 0xFF, 0xFF, 0xFF, 0xFF, 0xFF, 0xFF, 0xFF, 0xFF, 0xFF, 0xFF, 0xFF, 0xFF, 0xFF,
    0xFF, 0xFF, 0xFF, 0xFF, 0xFF, 0xFF, 0xFF, 0xFF, 0xFF, 0xFF, 0xFF, 0xFF, 0xFF, 0xFF, 0xFF, 0xFF,
    0xFF, 0xFF, 0xFF, 0xFF, 0xFF, 0xFF, 0xFF, 0xFF, 0xFF, 0xFF, 0xFF, 0xFF, 0xFF, 0xFF, 0xFF, 0xFF,
    0xFF, 0xFF, 0xFF, 0xFF, 0xFF, 0xFF, 0xFF, 0xFF, 0xFF, 0xFF, 0xFF, 0xFF, 0xFF, 0xFF, 0xFF, 0xFF,
    0xFF, 0xFF, 0xFF, 0xFF, 0xFF, 0xFF, 0xFF, 0xFF, 0x7C, 0x7D, 0xDB, 0x5C, 0x3E, 0x65, 0xD6, 0x8C,
    0x8B, 0xA3, 0x89, 0x7A, 0x86, 0x41, 0xE5, 0x18, 0xE5, 0x18, 0xE5, 0x18, 0xE5, 0x10, 0xE5, 0x10,
    0xE5, 0x10, 0xE5, 0x10, 0xE5, 0x10, 0xC5, 0x10, 0xC5, 0x10, 0xC5, 0x10, 0xC5, 0x10, 0xC5, 0x10,
    0xC5, 0x08, 0xC5, 0x08, 0xC5, 0x08, 0xC5, 0x08, 0xC5, 0x08, 0xC5, 0x08, 0xC5, 0x08, 0xC5, 0x08,
    0xC5, 0x08, 0xE5, 0x08, 0xC5, 0x08, 0xC5, 0x08, 0xE5, 0x08, 0xE5, 0x08, 0xC5, 0x08, 0xC5, 0x08,
    0xC5, 0x08, 0xC5, 0x08, 0xC5, 0x08, 0xC5, 0x08, 0xC5, 0x08, 0xC5, 0x08, 0xC5, 0x08, 0xC5, 0x08,
    0xC5, 0x08, 0xC5, 0x08, 0xC5, 0x08, 0xC5, 0x08, 0xC5, 0x08, 0xA5, 0x08, 0xC5, 0x08, 0xA4, 0x00,
    0xA4, 0x00, 0xA4, 0x00, 0xA4, 0x00, 0xA4, 0x00, 0xA4, 0x00, 0xA4, 0x08, 0xA4, 0x08, 0xA4, 0x08,
    0xC5, 0x00, 0xC5, 0x08, 0xC5, 0x08, 0xC5, 0x08, 0xC5, 0x08, 0xC5, 0x08, 0xC5, 0x08, 0xC5, 0x08,
    0xC5, 0x10, 0xE5, 0x10, 0xE5, 0x10, 0xE5, 0x10, 0xE6, 0x10, 0xE5, 0x10, 0xE5, 0x10, 0xE5, 0x10,
    0xE5, 0x10, 0x05, 0x19, 0x66, 0x31, 0xA7, 0x41, 0xC7, 0x49, 0xE7, 0x51, 0xA7, 0x41, 0xA5, 0x08,
    0xE6, 0x00, 0xF4, 0x53, 0x19, 0xB6, 0x1D, 0xD7, 0x1E, 0xD7, 0x5E, 0xDF, 0x7E, 0xE7, 0x7F, 0xE7,
    0x9F, 0xE7, 0x9F, 0xEF, 0x9F, 0xEF, 0x9F, 0xE7, 0x5E, 0xE7, 0x9F, 0xE7, 0x15, 0x9D, 0x46, 0x31,
    0x08, 0x4A, 0xC8, 0x41, 0xB6, 0xBD, 0x97, 0xDE, 0x2C, 0xE5, 0x6C, 0xF5, 0xAF, 0xAC, 0xAE, 0x83,
    0xCA, 0x62, 0x67, 0x21, 0xED, 0x4A, 0xB3, 0xCD, 0xEE, 0xC4, 0x6D, 0x7B, 0xF2, 0x5B, 0x8F, 0x42,
    0x54, 0xAB, 0x55, 0xAB, 0x55, 0xAB, 0x55, 0xAB, 0x55, 0xAB, 0x55, 0xAB, 0x55, 0xAB, 0x55, 0xAB,
    0x55, 0xAB, 0x55, 0xAB, 0x55, 0xAB, 0x55, 0xAB, 0x55, 0xAB, 0x55, 0xAB, 0x55, 0xAB, 0x55, 0xAB,
    0x55, 0xAB, 0x55, 0xAB, 0x55, 0xAB, 0x55, 0xAB, 0x55, 0xAB, 0x55, 0xAB, 0x55, 0xAB, 0x55, 0xAB,
    0x55, 0xAB, 0x55, 0xAB, 0x55, 0xAB, 0xD6, 0xAB, 0x5E, 0x6D, 0x58, 0x8C, 0x18, 0x9C, 0x5E, 0x65,
    0xBB, 0x5C, 0x3C, 0x6D, 0xFF, 0xFF, 0xFF, 0xFF, 0xFF, 0xFF, 0xFF, 0xFF, 0xFF, 0xFF, 0xFF, 0xFF,
    0xFF, 0xFF, 0xFF, 0xFF, 0xFF, 0xFF, 0xFF, 0xFF, 0xFF, 0xFF, 0xFF, 0xFF, 0xFF, 0xFF, 0xFF, 0xFF,
    0xFF, 0xFF, 0xFF, 0xFF, 0xFF, 0xFF, 0xFF, 0xFF, 0xFF, 0xFF, 0xFF, 0xFF, 0xFF, 0xFF, 0xFF, 0xFF,
    0xFF, 0xFF, 0xFF, 0xFF, 0xFF, 0xFF, 0xFF, 0xFF, 0xFF, 0xFF, 0xFF, 0xFF, 0xFF, 0xFF, 0xFF, 0xFF,
    0xFF, 0xFF, 0xFF, 0xFF, 0xFF, 0xFF, 0xFF, 0xFF, 0xFF, 0xFF, 0xFF, 0xFF, 0xFF, 0xFF, 0xFF, 0xFF,
    0xFF, 0xFF, 0xFF, 0xFF, 0xFF, 0xFF, 0xFF, 0xFF, 0xFF, 0xFF, 0xFF, 0xFF, 0xFF, 0xFF, 0xFF, 0xFF,
    0xFF, 0xFF, 0xFF, 0xFF, 0xFF, 0xFF, 0xFF, 0xFF, 0xFF, 0xFF, 0xFF, 0xFF, 0xFF, 0xFF, 0xFF, 0xFF,
    0xFF, 0xFF, 0xFF, 0xFF, 0xFF, 0xFF, 0xFF, 0xFF, 0xFF, 0xFF, 0xFF, 0xFF, 0xFF, 0xFF, 0xFF, 0xFF,
    0xFF, 0xFF, 0xFF, 0xFF, 0xFF, 0xFF, 0xFF, 0xFF, 0xFF, 0xFF, 0xFF, 0xFF, 0xFF, 0xFF, 0xFF, 0xFF,
    0xFF, 0xFF, 0xFF, 0xFF, 0xFF, 0xFF, 0xFF, 0xFF, 0xFF, 0xFF, 0xFF, 0xFF, 0xFF, 0xFF, 0xFF, 0xFF,
    0xFF, 0xFF, 0xFF, 0xFF, 0xFF, 0xFF, 0xFF, 0xFF, 0xFF, 0xFF, 0xFF, 0xFF, 0xFF, 0xFF, 0xFF, 0xFF,
    0xFF, 0xFF, 0xFF, 0xFF, 0xFF, 0xFF, 0xFF, 0xFF, 0xFF, 0xFF, 0xFF, 0xFF, 0xFF, 0xFF, 0xFF, 0xFF,
    0xFF, 0xFF, 0xFF, 0xFF, 0xFF, 0xFF, 0xFF, 0xFF, 0xFF, 0xFF, 0xFF, 0xFF, 0xFF, 0xFF, 0xFF, 0xFF,
    0xFF, 0xFF, 0xFF, 0xFF, 0xFF, 0xFF, 0xFF, 0xFF, 0xFF, 0xFF, 0xFF, 0xFF, 0xFF, 0xFF, 0xFF, 0xFF,
    0xFF, 0xFF, 0xFF, 0xFF, 0xFF, 0xFF, 0xFF, 0xFF, 0xFF, 0xFF, 0xFF, 0xFF, 0xFF, 0xFF, 0xFF, 0xFF,
    0xFF, 0xFF, 0xFF, 0xFF, 0xFF, 0xFF, 0xFF, 0xFF, 0xFF, 0xFF, 0xFF, 0xFF, 0xFF, 0xFF, 0xFF, 0xFF,
    0xFF, 0xFF, 0xFF, 0xFF, 0xFF, 0xFF, 0xFF, 0xFF, 0xFF, 0xFF, 0xFF, 0xFF, 0xFF, 0xFF, 0xFF, 0xFF,
    0xFF, 0xFF, 0xFF, 0xFF, 0xFF, 0xFF, 0xFF, 0xFF, 0xFF, 0xFF, 0xFF, 0xFF, 0xFF, 0xFF, 0xFF, 0xFF,
    0xFF, 0xFF, 0xFF, 0xFF, 0xFF, 0xFF, 0xFF, 0xFF, 0xFF, 0xFF, 0xFF, 0xFF, 0xFF, 0xFF, 0xFF, 0xFF,
    0xFF, 0xFF, 0xFF, 0xFF, 0xFF, 0xFF, 0xFF, 0xFF, 0xFF, 0xFF, 0xFF, 0xFF, 0xFF, 0xFF, 0xFF, 0xFF,
    0xFF, 0xFF, 0xFF, 0xFF, 0xFF, 0xFF, 0xFF, 0xFF, 0xFF, 0xFF, 0xFF, 0xFF, 0xFF, 0xFF, 0xFF, 0xFF,
    0xFF, 0xFF, 0xFF, 0xFF, 0xFF, 0xFF, 0x7F, 0xEF, 0xDC, 0x5C, 0xDC, 0x5C, 0xFD, 0x64, 0x30, 0xA4,
    0x0A, 0x93, 0x08, 0x62, 0x26, 0x29, 0xE5, 0x10, 0xE5, 0x10, 0xE5, 0x10, 0xE5, 0x10, 0xC5, 0x10,
    0xE5, 0x10, 0xC5, 0x10, 0xC5, 0x10, 0xC5, 0x10, 0xC5, 0x10, 0xC5, 0x10, 0xC5, 0x10, 0xC5, 0x08,
    0xC5, 0x08, 0xC5, 0x08, 0xC5, 0x08, 0xC5, 0x08, 0xC5, 0x08, 0xC5, 0x08, 0xC5, 0x08, 0xC5, 0x08,
    0xC5, 0x08, 0xC5, 0x08, 0xC5, 0x08, 0xC5, 0x08, 0xC5, 0x08, 0xE5, 0x08, 0xC5, 0x08, 0xC5, 0x08,
    0xC5, 0x08, 0xC5, 0x08, 0xC5, 0x08, 0xC5, 0x08, 0xC5, 0x08, 0xC5, 0x08, 0xC5, 0x08, 0xC5, 0x08,
    0xC5, 0x08, 0xA5, 0x08, 0xA5, 0x08, 0xC5, 0x08, 0xA5, 0x00, 0xA5, 0x00, 0xA4, 0x00, 0xA4, 0x00,
    0xA4, 0x00, 0xA4, 0x08, 0xA4, 0x00, 0xA4, 0x00, 0xA4, 0x00, 0xA4, 0x08, 0xA4, 0x08, 0xA4, 0x08,
    0xA4, 0x08, 0xA4, 0x00, 0xC5, 0x08, 0xC5, 0x08, 0xC5, 0x08, 0xC5, 0x08, 0xC5, 0x08, 0xC5, 0x08,
    0xC5, 0x08, 0xE5, 0x10, 0xE5, 0x10, 0xE5, 0x10, 0xE5, 0x10, 0xE5, 0x10, 0xE5, 0x10, 0xE5, 0x10,
    0xE5, 0x10, 0xE5, 0x18, 0x46, 0x29, 0x86, 0x39, 0xA7, 0x41, 0xC7, 0x49, 0x87, 0x39, 0xA5, 0x08,
    0xC6, 0x00, 0xD4, 0x4B, 0xF9, 0xB5, 0xFD, 0xD6, 0x1E, 0xD7, 0x5E, 0xDF, 0x7E, 0xE7, 0x7F, 0xE7,
    0x9F, 0xE7, 0x9F, 0xE7, 0x9F, 0xE7, 0x9F, 0xE7, 0x5E, 0xDF, 0x9F, 0xE7, 0xF0, 0x7B, 0xA4, 0x10,
    0x25, 0x21, 0xA7, 0x31, 0x57, 0xCE, 0xD4, 0xCD, 0x92, 0xCD, 0xB1, 0xE5, 0x8D, 0x83, 0xAD, 0x83,
    0x86, 0x31, 0x2A, 0x32, 0xEF, 0x83, 0x67, 0x62, 0x2A, 0x9C, 0x6C, 0xAC, 0x91, 0x63, 0x30, 0x5B,
    0x14, 0xA3, 0x55, 0xAB, 0x55, 0xAB, 0x55, 0xAB, 0x55, 0xAB, 0x55, 0xAB, 0x55, 0xAB, 0x55, 0xAB,
    0x55, 0xAB, 0x55, 0xAB, 0x55, 0xAB, 0x55, 0xAB, 0x55, 0xAB, 0x55, 0xAB, 0x55, 0xAB, 0x55, 0xAB,
    0x55, 0xAB, 0x55, 0xAB, 0x55, 0xAB, 0x55, 0xAB, 0x55, 0xAB, 0x55, 0xAB, 0x55, 0xAB, 0x55, 0xAB,
    0x55, 0xB3, 0x55, 0xB3, 0x55, 0xB3, 0x38, 0x9C, 0xBF, 0x75, 0x18, 0xA4, 0x79, 0x8C, 0x3E, 0x6D,
    0x9B, 0x54, 0xBC, 0x8D, 0xFF, 0xFF, 0xFF, 0xFF, 0xFF, 0xFF, 0xFF, 0xFF, 0xFF, 0xFF, 0xFF, 0xFF,
    0xFF, 0xFF, 0xFF, 0xFF, 0xFF, 0xFF, 0xFF, 0xFF, 0xFF, 0xFF, 0xFF, 0xFF, 0xFF, 0xFF, 0xFF, 0xFF,
    0xFF, 0xFF, 0xFF, 0xFF, 0xFF, 0xFF, 0xFF, 0xFF, 0xFF, 0xFF, 0xFF, 0xFF, 0xFF, 0xFF, 0xFF, 0xFF,
    0xFF, 0xFF, 0xFF, 0xFF, 0xFF, 0xFF, 0xFF, 0xFF, 0xFF, 0xFF, 0xFF, 0xFF, 0xFF, 0xFF, 0xFF, 0xFF,
    0xFF, 0xFF, 0xFF, 0xFF, 0xFF, 0xFF, 0xFF, 0xFF, 0xFF, 0xFF, 0xFF, 0xFF, 0xFF, 0xFF, 0xFF, 0xFF,
    0xFF, 0xFF, 0xFF, 0xFF, 0xFF, 0xFF, 0xFF, 0xFF, 0xFF, 0xFF, 0xFF, 0xFF, 0xFF, 0xFF, 0xFF, 0xFF,
    0xFF, 0xFF, 0xFF, 0xFF, 0xFF, 0xFF, 0xFF, 0xFF, 0xFF, 0xFF, 0xFF, 0xFF, 0xFF, 0xFF, 0xFF, 0xFF,
    0xFF, 0xFF, 0xFF, 0xFF, 0xFF, 0xFF, 0xFF, 0xFF, 0xFF, 0xFF, 0xFF, 0xFF, 0xFF, 0xFF, 0xFF, 0xFF,
    0xFF, 0xFF, 0xFF, 0xFF, 0xFF, 0xFF, 0xFF, 0xFF, 0xFF, 0xFF, 0xFF, 0xFF, 0xFF, 0xFF, 0xFF, 0xFF,
    0xFF, 0xFF, 0xFF, 0xFF, 0xFF, 0xFF, 0xFF, 0xFF, 0xFF, 0xFF, 0xFF, 0xFF, 0xFF, 0xFF, 0xFF, 0xFF,
    0xFF, 0xFF, 0xFF, 0xFF, 0xFF, 0xFF, 0xFF, 0xFF, 0xFF, 0xFF, 0xFF, 0xFF, 0xFF, 0xFF, 0xFF, 0xFF,
    0xFF, 0xFF, 0xFF, 0xFF, 0xFF, 0xFF, 0xFF, 0xFF, 0xFF, 0xFF, 0xFF, 0xFF, 0xFF, 0xFF, 0xFF, 0xFF,
    0xFF, 0xFF, 0xFF, 0xFF, 0xFF, 0xFF, 0xFF, 0xFF, 0xFF, 0xFF, 0xFF, 0xFF, 0xFF, 0xFF, 0xFF, 0xFF,
    0xFF, 0xFF, 0xFF, 0xFF, 0xFF, 0xFF, 0xFF, 0xFF, 0xFF, 0xFF, 0xFF, 0xFF, 0xFF, 0xFF, 0xFF, 0xFF,
    0xFF, 0xFF, 0xFF, 0xFF, 0xFF, 0xFF, 0xFF, 0xFF, 0xFF, 0xFF, 0xFF, 0xFF, 0xFF, 0xFF, 0xFF, 0xFF,
    0xFF, 0xFF, 0xFF, 0xFF, 0xFF, 0xFF, 0xFF, 0xFF, 0xFF, 0xFF, 0xFF, 0xFF, 0xFF, 0xFF, 0xFF, 0xFF,
    0xFF, 0xFF, 0xFF, 0xFF, 0xFF, 0xFF, 0xFF, 0xFF, 0xFF, 0xFF, 0xFF, 0xFF, 0xFF, 0xFF, 0xFF, 0xFF,
    0xFF, 0xFF, 0xFF, 0xFF, 0xFF, 0xFF, 0xFF, 0xFF, 0xFF, 0xFF, 0xFF, 0xFF, 0xFF, 0xFF, 0xFF, 0xFF,
    0xFF, 0xFF, 0xFF, 0xFF, 0xFF, 0xFF, 0xFF, 0xFF, 0xFF, 0xFF, 0xFF, 0xFF, 0xFF, 0xFF, 0xFF, 0xFF,
    0xFF, 0xFF, 0xFF, 0xFF, 0xFF, 0xFF, 0xFF, 0xFF, 0xFF, 0xFF, 0xFF, 0xFF, 0xFF, 0xFF, 0xFF, 0xFF,
    0xFF, 0xFF, 0xFF, 0xFF, 0xFF, 0xFF, 0xFF, 0xFF, 0xFF, 0xFF, 0xFF, 0xFF, 0xFF, 0xFF, 0xFF, 0xFF,
    0xFF, 0xFF, 0xFF, 0xFF, 0xFF, 0xFF, 0x7D, 0xB6, 0x9B, 0x54, 0xFC, 0x64, 0x1C, 0x6D, 0xAC, 0xAB,
    0xA9, 0x82, 0xA7, 0x49, 0x05, 0x19, 0xE5, 0x10, 0xE5, 0x10, 0xE5, 0x10, 0xE5, 0x10, 0xC5, 0x10,
    0xC5, 0x10, 0xC5, 0x10, 0xC5, 0x10, 0xC5, 0x10, 0xC5, 0x10, 0xC5, 0x10, 0xC5, 0x10, 0xC5, 0x08,
    0xC5, 0x08, 0xC5, 0x08, 0xC5, 0x08, 0xC5, 0x08, 0xC5, 0x08, 0xC5, 0x08, 0xC5, 0x08, 0xC5, 0x08,
    0xC5, 0x08, 0xC5, 0x08, 0xC5, 0x08, 0xC5, 0x08, 0xC5, 0x08, 0xC5, 0x08, 0xC5, 0x08, 0xC5, 0x08,
    0xC5, 0x08, 0xC5, 0x08, 0xC5, 0x08, 0xC5, 0x08, 0xC5, 0x08, 0xC5, 0x08, 0xC5, 0x08, 0xC5, 0x08,
    0xC5, 0x08, 0xC5, 0x08, 0xA5, 0x08, 0xA4, 0x00, 0xA5, 0x00, 0xA4, 0x00, 0xA4, 0x00, 0xA4, 0x00,
    0xA4, 0x00, 0xA4, 0x00, 0xA4, 0x00, 0xA4, 0x00, 0xA4, 0x00, 0xA4, 0x00, 0xA4, 0x00, 0xA4, 0x08,
    0xA4, 0x00, 0xA4, 0x00, 0xA4, 0x00, 0xA5, 0x08, 0xC5, 0x08, 0xC5, 0x08, 0xC5, 0x08, 0xC5, 0x08,
    0xC5, 0x08, 0xC5, 0x08, 0xE5, 0x10, 0xE5, 0x10, 0xE5, 0x10, 0xE5, 0x10, 0xE5, 0x10, 0xE5, 0x10,
    0xE5, 0x10, 0xE5, 0x18, 0x25, 0x21, 0x66, 0x31, 0x86, 0x39, 0x87, 0x39, 0x66, 0x31, 0xA5, 0x08,
    0xC6, 0x00, 0xD3, 0x4B, 0xF9, 0xAD, 0xFD, 0xD6, 0x1E, 0xD7, 0x5E, 0xDF, 0x7E, 0xDF, 0x7E, 0xE7,
    0x9F, 0xE7, 0x9F, 0xE7, 0x9F, 0xE7, 0x7F, 0xE7, 0x5E, 0xDF, 0x7E, 0xE7, 0x0D, 0x5B, 0x42, 0x00,
    0x63, 0x08, 0x29, 0x42, 0x37, 0xD6, 0x32, 0xBD, 0x52, 0xBD, 0x32, 0xB5, 0x4C, 0x73, 0x2C, 0x6B,
    0x67, 0x21, 0x4B, 0x3A, 0xD0, 0xA4, 0x0C, 0xAC, 0xC5, 0x49, 0x6E, 0xD5, 0x6F, 0x6B, 0x72, 0x6B,
    0x14, 0x9B, 0x55, 0xB3, 0x55, 0xB3, 0x55, 0xB3, 0x55, 0xB3, 0x55, 0xB3, 0x55, 0xB3, 0x55, 0xB3,
    0x55, 0xB3, 0x55, 0xB3, 0x55, 0xB3, 0x55, 0xB3, 0x55, 0xB3, 0x55, 0xB3, 0x55, 0xB3, 0x55, 0xB3,
    0x55, 0xB3, 0x55, 0xB3, 0x55, 0xB3, 0x55, 0xB3, 0x55, 0xB3, 0x55, 0xB3, 0x55, 0xB3, 0x55, 0xB3,
    0x55, 0xB3, 0x55, 0xB3, 0x55, 0xB3, 0x79, 0x8C, 0x7F, 0x6D, 0xF7, 0xAB, 0x9A, 0x74, 0x3D, 0x65,
    0x9C, 0x54, 0x5D, 0xAE, 0xFF, 0xFF, 0xFF, 0xFF, 0xFF, 0xFF, 0xFF, 0xFF, 0xFF, 0xFF, 0xFF, 0xFF,
    0xFF, 0xFF, 0xFF, 0xFF, 0xFF, 0xFF, 0xFF, 0xFF, 0xFF, 0xFF, 0xFF, 0xFF, 0xFF, 0xFF, 0xFF, 0xFF,
    0xFF, 0xFF, 0xFF, 0xFF, 0xFF, 0xFF, 0xFF, 0xFF, 0xFF, 0xFF, 0xFF, 0xFF, 0xFF, 0xFF, 0xFF, 0xFF,
    0xFF, 0xFF, 0xFF, 0xFF, 0xFF, 0xFF, 0xFF, 0xFF, 0xFF, 0xFF, 0xFF, 0xFF, 0xFF, 0xFF, 0xFF, 0xFF,
    0xFF, 0xFF, 0xFF, 0xFF, 0xFF, 0xFF, 0xFF, 0xFF, 0xFF, 0xFF, 0xFF, 0xFF, 0xFF, 0xFF, 0xFF, 0xFF,
    0xFF, 0xFF, 0xFF, 0xFF, 0xFF, 0xFF, 0xFF, 0xFF, 0xFF, 0xFF, 0xFF, 0xFF, 0xFF, 0xFF, 0xFF, 0xFF,
    0xFF, 0xFF, 0xFF, 0xFF, 0xFF, 0xFF, 0xFF, 0xFF, 0xFF, 0xFF, 0xFF, 0xFF, 0xFF, 0xFF, 0xFF, 0xFF,
    0xFF, 0xFF, 0xFF, 0xFF, 0xFF, 0xFF, 0xFF, 0xFF, 0xFF, 0xFF, 0xFF, 0xFF, 0xFF, 0xFF, 0xFF, 0xFF,
    0xFF, 0xFF, 0xFF, 0xFF, 0xFF, 0xFF, 0xFF, 0xFF, 0xFF, 0xFF, 0xFF, 0xFF, 0xFF, 0xFF, 0xFF, 0xFF,
    0xFF, 0xFF, 0xFF, 0xFF, 0xFF, 0xFF, 0xFF, 0xFF, 0xFF, 0xFF, 0xFF, 0xFF, 0xFF, 0xFF, 0xFF, 0xFF,
    0xFF, 0xFF, 0xFF, 0xFF, 0xFF, 0xFF, 0xFF, 0xFF, 0xFF, 0xFF, 0xFF, 0xFF, 0xFF, 0xFF, 0xFF, 0xFF,
    0xFF, 0xFF, 0xFF, 0xFF, 0xFF, 0xFF, 0xFF, 0xFF, 0xFF, 0xFF, 0xFF, 0xFF, 0xFF, 0xFF, 0xFF, 0xFF,
    0xFF, 0xFF, 0xFF, 0xFF, 0xFF, 0xFF, 0xFF, 0xFF, 0xFF, 0xFF, 0xFF, 0xFF, 0xFF, 0xFF, 0xFF, 0xFF,
    0xFF, 0xFF, 0xFF, 0xFF, 0xFF, 0xFF, 0xFF, 0xFF, 0xFF, 0xFF, 0xFF, 0xFF, 0xFF, 0xFF, 0xFF, 0xFF,
    0xFF, 0xFF, 0xFF, 0xFF, 0xFF, 0xFF, 0xFF, 0xFF, 0xFF, 0xFF, 0xFF, 0xFF, 0xFF, 0xFF, 0xFF, 0xFF,
    0xFF, 0xFF, 0xFF, 0xFF, 0xFF, 0xFF, 0xFF, 0xFF, 0xFF, 0xFF, 0xFF, 0xFF, 0xFF, 0xFF, 0xFF, 0xFF,
    0xFF, 0xFF, 0xFF, 0xFF, 0xFF, 0xFF, 0xFF, 0xFF, 0xFF, 0xFF, 0xFF, 0xFF, 0xFF, 0xFF, 0xFF, 0xFF,
    0xFF, 0xFF, 0xFF, 0xFF, 0xFF, 0xFF, 0xFF, 0xFF, 0xFF, 0xFF, 0xFF, 0xFF, 0xFF, 0xFF, 0xFF, 0xFF,
    0xFF, 0xFF, 0xFF, 0xFF, 0xFF, 0xFF, 0xFF, 0xFF, 0xFF, 0xFF, 0xFF, 0xFF, 0xFF, 0xFF, 0xFF, 0xFF,
    0xFF, 0xFF, 0xFF, 0xFF, 0xFF, 0xFF, 0xFF, 0xFF, 0xFF, 0xFF, 0xFF, 0xFF, 0xFF, 0xFF, 0xFF, 0xFF,
    0xFF, 0xFF, 0xFF, 0xFF, 0xFF, 0xFF, 0xFF, 0xFF, 0xFF, 0xFF, 0xFF, 0xFF, 0xFF, 0xFF, 0xFF, 0xFF,
    0xFF, 0xFF, 0xFF, 0xFF, 0xFF, 0xFF, 0x7C, 0x7D, 0xBC, 0x5C, 0x1D, 0x65, 0x39, 0x8D, 0x0A, 0x93,
    0x28, 0x6A, 0x46, 0x31, 0xE5, 0x18, 0xE5, 0x10, 0xE5, 0x10, 0xE5, 0x10, 0xC5, 0x10, 0xC5, 0x10,
    0xC5, 0x10, 0xC5, 0x10, 0xC5, 0x10, 0xC5, 0x10, 0xC5, 0x08, 0xC5, 0x08, 0xC5, 0x08, 0xC5, 0x08,
    0xC5, 0x08, 0xC5, 0x08, 0xC5, 0x08, 0xC5, 0x08, 0xC5, 0x08, 0xC5, 0x08, 0xC5, 0x08, 0xC5, 0x08,
    0xC5, 0x08, 0xC5, 0x08, 0xC5, 0x08, 0xC5, 0x08, 0xC5, 0x08, 0xC5, 0x08, 0xC5, 0x08, 0xC5, 0x08,
    0xC5, 0x08, 0xC5, 0x08, 0xC5, 0x08, 0xC5, 0x08, 0xC5, 0x08, 0xC5, 0x08, 0xC5, 0x08, 0xC5, 0x08,
    0xC5, 0x08, 0xA5, 0x08, 0xA5, 0x00, 0xA4, 0x00, 0xA4, 0x00, 0xA4, 0x00, 0xA4, 0x00, 0x84, 0x00,
    0x84, 0x00, 0xA4, 0x00, 0xA4, 0x00, 0xA5, 0x00, 0xA5, 0x00, 0xA5, 0x08, 0xA5, 0x08, 0xA5, 0x00,
    0xA5, 0x00, 0xA4, 0x00, 0xA4, 0x00, 0xA4, 0x00, 0xC5, 0x08, 0xC5, 0x08, 0xC5, 0x08, 0xC5, 0x08,
    0xC5, 0x08, 0xC5, 0x08, 0xE5, 0x10, 0xE5, 0x10, 0xE5, 0x10, 0xE5, 0x10, 0xE5, 0x10, 0xE5, 0x10,
    0xE5, 0x10, 0xE5, 0x10, 0x05, 0x21, 0x46, 0x29, 0x66, 0x31, 0x66, 0x31, 0x46, 0x29, 0xA5, 0x08,
    0xE6, 0x08, 0xD3, 0x4B, 0xF9, 0xAD, 0xFD, 0xD6, 0x1D, 0xD7, 0x5E, 0xDF, 0x7E, 0xDF, 0x7E, 0xE7,
    0x9F, 0xE7, 0x9F, 0xE7, 0x7F, 0xE7, 0x7E, 0xE7, 0x3E, 0xDF, 0x3D, 0xDF, 0x29, 0x42, 0x42, 0x00,
    0x01, 0x00, 0x2D, 0x6B, 0x94, 0xC5, 0x90, 0xA4, 0xD0, 0xB4, 0x2E, 0x9C, 0x2C, 0x73, 0x49, 0x4A,
    0x88, 0x21, 0xAB, 0x52, 0xC8, 0x31, 0x6D, 0x73, 0x88, 0x6A, 0xAB, 0xAC, 0x0E, 0x8C, 0xB4, 0x6B,
    0x34, 0xA3, 0x55, 0xB3, 0x55, 0xB3, 0x55, 0xB3, 0x55, 0xB3, 0x55, 0xB3, 0x55, 0xB3, 0x55, 0xB3,
    0x55, 0xB3, 0x55, 0xB3, 0x55, 0xB3, 0x55, 0xB3, 0x55, 0xB3, 0x55, 0xB3, 0x55, 0xB3, 0x55, 0xB3,
    0x55, 0xB3, 0x55, 0xB3, 0x55, 0xB3, 0x55, 0xB3, 0x55, 0xB3, 0x55, 0xB3, 0x55, 0xB3, 0x55, 0xB3,
    0x55, 0xB3, 0x55, 0xB3, 0x55, 0xB3, 0xBB, 0x74, 0xDB, 0x64, 0x96, 0xB3, 0xDB, 0x6C, 0xFD, 0x64,
    0x9B, 0x54, 0xFE, 0xCE, 0xFF, 0xFF, 0xFF, 0xFF, 0xFF, 0xFF, 0xFF, 0xFF, 0xFF, 0xFF, 0xFF, 0xFF,
    0xFF, 0xFF, 0xFF, 0xFF, 0xFF, 0xFF, 0xFF, 0xFF, 0xFF, 0xFF, 0xFF, 0xFF, 0xFF, 0xFF, 0xFF, 0xFF,
    0xFF, 0xFF, 0xFF, 0xFF, 0xFF, 0xFF, 0xFF, 0xFF, 0xFF, 0xFF, 0xFF, 0xFF, 0xFF, 0xFF, 0xFF, 0xFF,
    0xFF, 0xFF, 0xFF, 0xFF, 0xFF, 0xFF, 0xFF, 0xFF, 0xFF, 0xFF, 0xFF, 0xFF, 0xFF, 0xFF, 0xFF, 0xFF,
    0xFF, 0xFF, 0xFF, 0xFF, 0xFF, 0xFF, 0xFF, 0xFF, 0xFF, 0xFF, 0xFF, 0xFF, 0xFF, 0xFF, 0xFF, 0xFF,
    0xFF, 0xFF, 0xFF, 0xFF, 0xFF, 0xFF, 0xFF, 0xFF, 0xFF, 0xFF, 0xFF, 0xFF, 0xFF, 0xFF, 0xFF, 0xFF,
    0xFF, 0xFF, 0xFF, 0xFF, 0xFF, 0xFF, 0xFF, 0xFF, 0xFF, 0xFF, 0xFF, 0xFF, 0xFF, 0xFF, 0xFF, 0xFF,
    0xFF, 0xFF, 0xFF, 0xFF, 0xFF, 0xFF, 0xFF, 0xFF, 0xFF, 0xFF, 0xFF, 0xFF, 0xFF, 0xFF, 0xFF, 0xFF,
    0xFF, 0xFF, 0xFF, 0xFF, 0xFF, 0xFF, 0xFF, 0xFF, 0xFF, 0xFF, 0xFF, 0xFF, 0xFF, 0xFF, 0xFF, 0xFF,
    0xFF, 0xFF, 0xFF, 0xFF, 0xFF, 0xFF, 0xFF, 0xFF, 0xFF, 0xFF, 0xFF, 0xFF, 0xFF, 0xFF, 0xFF, 0xFF,
    0xFF, 0xFF, 0xFF, 0xFF, 0xFF, 0xFF, 0xFF, 0xFF, 0xFF, 0xFF, 0xFF, 0xFF, 0xFF, 0xFF, 0xFF, 0xFF,
    0xFF, 0xFF, 0xFF, 0xFF, 0xFF, 0xFF, 0xFF, 0xFF, 0xFF, 0xFF, 0xFF, 0xFF, 0xFF, 0xFF, 0xFF, 0xFF,
    0xFF, 0xFF, 0xFF, 0xFF, 0xFF, 0xFF, 0xFF, 0xFF, 0xFF, 0xFF, 0xFF, 0xFF, 0xFF, 0xFF, 0xFF, 0xFF,
    0xFF, 0xFF, 0xFF, 0xFF, 0xFF, 0xFF, 0xFF, 0xFF, 0xFF, 0xFF, 0xFF, 0xFF, 0xFF, 0xFF, 0xFF, 0xFF,
    0xFF, 0xFF, 0xFF, 0xFF, 0xFF, 0xFF, 0xFF, 0xFF, 0xFF, 0xFF, 0xFF, 0xFF, 0xFF, 0xFF, 0xFF, 0xFF,
    0xFF, 0xFF, 0xFF, 0xFF, 0xFF, 0xFF, 0xFF, 0xFF, 0xFF, 0xFF, 0xFF, 0xFF, 0xFF, 0xFF, 0xFF, 0xFF,
    0xFF, 0xFF, 0xFF, 0xFF, 0xFF, 0xFF, 0xFF, 0xFF, 0xFF, 0xFF, 0xFF, 0xFF, 0xFF, 0xFF, 0xFF, 0xFF,
    0xFF, 0xFF, 0xFF, 0xFF, 0xFF, 0xFF, 0xFF, 0xFF, 0xFF, 0xFF, 0xFF, 0xFF, 0xFF, 0xFF, 0xFF, 0xFF,
    0xFF, 0xFF, 0xFF, 0xFF, 0xFF, 0xFF, 0xFF, 0xFF, 0xFF, 0xFF, 0xFF, 0xFF, 0xFF, 0xFF, 0xFF, 0xFF,
    0xFF, 0xFF, 0xFF, 0xFF, 0xFF, 0xFF, 0xFF, 0xFF, 0xFF, 0xFF, 0xFF, 0xFF, 0xFF, 0xFF, 0xFF, 0xFF,
    0xFF, 0xFF, 0xFF, 0xFF, 0xFF, 0xFF, 0xFF, 0xFF, 0xFF, 0xFF, 0xFF, 0xFF, 0xFF, 0xFF, 0xFF, 0xFF,
    0xFF, 0xFF, 0xFF, 0xFF, 0x5E, 0xDF, 0xDC, 0x5C, 0xDC, 0x64, 0x3D, 0x65, 0xD3, 0xA4, 0x89, 0x7A,
    0xA7, 0x49, 0x26, 0x21, 0xE5, 0x10, 0xE5, 0x10, 0xE5, 0x10, 0xC5, 0x10, 0xC5, 0x10, 0xE5, 0x10,
    0xE5, 0x10, 0x06, 0x11, 0x06, 0x11, 0xE6, 0x10, 0xE5, 0x08, 0xC5, 0x08, 0xC5, 0x08, 0xA5, 0x08,
    0xA5, 0x08, 0xC5, 0x08, 0xA5, 0x08, 0xA5, 0x08, 0xC5, 0x08, 0xC5, 0x08, 0xC5, 0x08, 0xC5, 0x08,
    0xC5, 0x08, 0xC5, 0x08, 0xC5, 0x08, 0xC5, 0x08, 0xC5, 0x08, 0xC5, 0x08, 0xC5, 0x08, 0xC5, 0x08,
    0xC5, 0x08, 0xC5, 0x08, 0xC5, 0x08, 0xC5, 0x08, 0xC5, 0x08, 0xC5, 0x08, 0xC5, 0x08, 0xA5, 0x08,
    0xA5, 0x00, 0xA5, 0x00, 0xA4, 0x00, 0xA4, 0x00, 0xA4, 0x00, 0xA4, 0x00, 0xA4, 0x00, 0x84, 0x00,
    0x84, 0x00, 0xA5, 0x00, 0xE6, 0x08, 0xE6, 0x08, 0x06, 0x09, 0x07, 0x09, 0x06, 0x09, 0x06, 0x09,
    0xE6, 0x08, 0xC5, 0x08, 0xA5, 0x00, 0xA4, 0x08, 0xA4, 0x00, 0xC5, 0x08, 0xC5, 0x08, 0xC5, 0x08,
    0xC5, 0x08, 0xC5, 0x08, 0xE5, 0x10, 0xE5, 0x10, 0xE5, 0x10, 0xE5, 0x10, 0xE5, 0x10, 0xE5, 0x10,
    0xE5, 0x10, 0xE5, 0x10, 0x05, 0x19, 0x25, 0x21, 0x46, 0x29, 0x46, 0x29, 0x06, 0x21, 0xC5, 0x08,
    0xE7, 0x08, 0xD3, 0x53, 0xF9, 0xAD, 0xFD, 0xD6, 0x1D, 0xD7, 0x3E, 0xDF, 0x5E, 0xDF, 0x7E, 0xE7,
    0x7F, 0xE7, 0x7F, 0xE7, 0x7F, 0xE7, 0x7E, 0xE7, 0x5E, 0xDF, 0xDC, 0xD6, 0x67, 0x29, 0x42, 0x00,
    0x01, 0x00, 0x50, 0x8C, 0x90, 0xAC, 0xCD, 0x93, 0x4E, 0xA4, 0x8C, 0x83, 0x2C, 0x6B, 0xA7, 0x31,
    0xC9, 0x29, 0x6A, 0x4A, 0x84, 0x08, 0x89, 0x19, 0xAB, 0x5A, 0xE9, 0x93, 0xAE, 0xAC, 0x93, 0x73,
    0x75, 0xAB, 0x55, 0xB3, 0x55, 0xB3, 0x55, 0xB3, 0x55, 0xB3, 0x55, 0xB3, 0x55, 0xB3, 0x55, 0xB3,
    0x55, 0xB3, 0x55, 0xB3, 0x55, 0xB3, 0x55, 0xB3, 0x55, 0xB3, 0x55, 0xB3, 0x55, 0xB3, 0x55, 0xB3,
    0x55, 0xB3, 0x55, 0xB3, 0x55, 0xB3, 0x55, 0xB3, 0x55, 0xB3, 0x55, 0xB3, 0x55, 0xB3, 0x55, 0xB3,
    0x55, 0xB3, 0x55, 0xB3, 0x75, 0xB3, 0xBB, 0x64, 0x9A, 0x74, 0xB6, 0xB3, 0xFC, 0x64, 0xDC, 0x5C,
    0xBC, 0x5C, 0x5F, 0xE7, 0xFF, 0xFF, 0xFF, 0xFF, 0xFF, 0xFF, 0xFF, 0xFF, 0xFF, 0xFF, 0xFF, 0xFF,
    0xFF, 0xFF, 0xFF, 0xFF, 0xFF, 0xFF, 0xFF, 0xFF, 0xFF, 0xFF, 0xFF, 0xFF, 0xFF, 0xFF, 0xFF, 0xFF,
    0xFF, 0xFF, 0xFF, 0xFF, 0xFF, 0xFF, 0xFF, 0xFF, 0xFF, 0xFF, 0xFF, 0xFF, 0xFF, 0xFF, 0xFF, 0xFF,
    0xFF, 0xFF, 0xFF, 0xFF, 0xFF, 0xFF, 0xFF, 0xFF, 0xFF, 0xFF, 0xFF, 0xFF, 0xFF, 0xFF, 0xFF, 0xFF,
    0xFF, 0xFF, 0xFF, 0xFF, 0xFF, 0xFF, 0xFF, 0xFF, 0xFF, 0xFF, 0xFF, 0xFF, 0xFF, 0xFF, 0xFF, 0xFF,
    0xFF, 0xFF, 0xFF, 0xFF, 0xFF, 0xFF, 0xFF, 0xFF, 0xFF, 0xFF, 0xFF, 0xFF, 0xFF, 0xFF, 0xFF, 0xFF,
    0xFF, 0xFF, 0xFF, 0xFF, 0xFF, 0xFF, 0xFF, 0xFF, 0xFF, 0xFF, 0xFF, 0xFF, 0xFF, 0xFF, 0xFF, 0xFF,
    0xFF, 0xFF, 0xFF, 0xFF, 0xFF, 0xFF, 0xFF, 0xFF, 0xFF, 0xFF, 0xFF, 0xFF, 0xFF, 0xFF, 0xFF, 0xFF,
    0xFF, 0xFF, 0xFF, 0xFF, 0xFF, 0xFF, 0xFF, 0xFF, 0xFF, 0xFF, 0xFF, 0xFF, 0xFF, 0xFF, 0xFF, 0xFF,
    0xFF, 0xFF, 0xFF, 0xFF, 0xFF, 0xFF, 0xFF, 0xFF, 0xFF, 0xFF, 0xFF, 0xFF, 0xFF, 0xFF, 0xFF, 0xFF,
    0xFF, 0xFF, 0xFF, 0xFF, 0xFF, 0xFF, 0xFF, 0xFF, 0xFF, 0xFF, 0xFF, 0xFF, 0xFF, 0xFF, 0xFF, 0xFF,
    0xFF, 0xFF, 0xFF, 0xFF, 0xFF, 0xFF, 0xFF, 0xFF, 0xFF, 0xFF, 0xFF, 0xFF, 0xFF, 0xFF, 0xFF, 0xFF,
    0xFF, 0xFF, 0xFF, 0xFF, 0xFF, 0xFF, 0xFF, 0xFF, 0xFF, 0xFF, 0xFF, 0xFF, 0xFF, 0xFF, 0xFF, 0xFF,
    0xFF, 0xFF, 0xFF, 0xFF, 0xFF, 0xFF, 0xFF, 0xFF, 0xFF, 0xFF, 0xFF, 0xFF, 0xFF, 0xFF, 0xFF, 0xFF,
    0xFF, 0xFF, 0xFF, 0xFF, 0xFF, 0xFF, 0xFF, 0xFF, 0xFF, 0xFF, 0xFF, 0xFF, 0xFF, 0xFF, 0xFF, 0xFF,
    0xFF, 0xFF, 0xFF, 0xFF, 0xFF, 0xFF, 0xFF, 0xFF, 0xFF, 0xFF, 0xFF, 0xFF, 0xFF, 0xFF, 0xFF, 0xFF,
    0xFF, 0xFF, 0xFF, 0xFF, 0xFF, 0xFF, 0xFF, 0xFF, 0xFF, 0xFF, 0xFF, 0xFF, 0xFF, 0xFF, 0xFF, 0xFF,
    0xFF, 0xFF, 0xFF, 0xFF, 0xFF, 0xFF, 0xFF, 0xFF, 0xFF, 0xFF, 0xFF, 0xFF, 0xFF, 0xFF, 0xFF, 0xFF,
    0xFF, 0xFF, 0xFF, 0xFF, 0xFF, 0xFF, 0xFF, 0xFF, 0xFF, 0xFF, 0xFF, 0xFF, 0xFF, 0xFF, 0xFF, 0xFF,
    0xFF, 0xFF, 0xFF, 0xFF, 0xFF, 0xFF, 0xFF, 0xFF, 0xFF, 0xFF, 0xFF, 0xFF, 0xFF, 0xFF, 0xFF, 0xFF,
    0xFF, 0xFF, 0xFF, 0xFF, 0xFF, 0xFF, 0xFF, 0xFF, 0xFF, 0xFF, 0xFF, 0xFF, 0xFF, 0xFF, 0xFF, 0xFF,
    0xFF, 0xFF, 0xFF, 0xFF, 0x3E, 0xA6, 0x9B, 0x54, 0xFD, 0x64, 0x3C, 0x6D, 0x70, 0xAC, 0x08, 0x5A,
    0x66, 0x31, 0xE5, 0x18, 0xE5, 0x10, 0xE5, 0x10, 0xE5, 0x10, 0xE5, 0x10, 0xE6, 0x10, 0x27, 0x11,
    0x68, 0x11, 0x89, 0x09, 0xAA, 0x09, 0x89, 0x09, 0x27, 0x09, 0x06, 0x11, 0xC5, 0x08, 0xA5, 0x08,
    0xA5, 0x08, 0xC5, 0x08, 0xC5, 0x08, 0xA5, 0x08, 0xC5, 0x08, 0xC5, 0x08, 0xC5, 0x08, 0xC5, 0x08,
    0xC5, 0x08, 0xC5, 0x08, 0xC5, 0x08, 0xC5, 0x08, 0xC5, 0x08, 0xC5, 0x08, 0xC5, 0x08, 0xC5, 0x08,
    0xC5, 0x08, 0xC5, 0x08, 0xC5, 0x08, 0xC5, 0x08, 0xC5, 0x08, 0xC5, 0x08, 0xA5, 0x08, 0xA5, 0x08,
    0xA5, 0x00, 0xA4, 0x00, 0xA4, 0x00, 0xA4, 0x00, 0x84, 0x00, 0x84, 0x00, 0x84, 0x00, 0xA5, 0x00,
    0xE6, 0x08, 0x27, 0x09, 0xAA, 0x01, 0x8D, 0x12, 0x50, 0x23, 0x91, 0x2B, 0x70, 0x23, 0xAE, 0x12,
    0xCA, 0x09, 0x47, 0x09, 0xE6, 0x08, 0xC5, 0x08, 0xA5, 0x00, 0xA5, 0x08, 0xA5, 0x08, 0xC5, 0x08,
    0xC5, 0x08, 0xC5, 0x08, 0xE5, 0x10, 0xE5, 0x10, 0xE5, 0x10, 0xE5, 0x10, 0xE5, 0x10, 0xE5, 0x10,
    0xE5, 0x10, 0xE5, 0x10, 0xE5, 0x18, 0x05, 0x21, 0x05, 0x21, 0x25, 0x21, 0xE5, 0x18, 0xC5, 0x08,
    0x27, 0x09, 0xF4, 0x53, 0xF9, 0xB5, 0xFD, 0xD6, 0x1D, 0xD7, 0x5E, 0xDF, 0x5E, 0xDF, 0x7E, 0xE7,
    0x7E, 0xE7, 0x7E, 0xE7, 0x7E, 0xE7, 0x5E, 0xE7, 0x5E, 0xDF, 0x5A, 0xC6, 0xA4, 0x10, 0x01, 0x00,
    0x22, 0x00, 0xB2, 0x9C, 0x4C, 0x83, 0x2B, 0x7B, 0x8C, 0x8B, 0x0B, 0x73, 0xCB, 0x5A, 0x46, 0x21,
    0xE9, 0x29, 0x09, 0x3A, 0x84, 0x08, 0xC6, 0x08, 0x2B, 0x32, 0xC8, 0x6A, 0x8D, 0xAC, 0x71, 0x73,
    0x95, 0xAB, 0x55, 0xB3, 0x55, 0xB3, 0x55, 0xB3, 0x55, 0xB3, 0x55, 0xB3, 0x55, 0xB3, 0x55, 0xB3,
    0x55, 0xB3, 0x55, 0xB3, 0x55, 0xB3, 0x55, 0xB3, 0x55, 0xB3, 0x55, 0xB3, 0x55, 0xB3, 0x55, 0xB3,
    0x55, 0xB3, 0x55, 0xB3, 0x55, 0xB3, 0x55, 0xB3, 0x55, 0xB3, 0x55, 0xB3, 0x55, 0xB3, 0x55, 0xB3,
    0x55, 0xB3, 0x55, 0xB3, 0xD7, 0xA3, 0x3E, 0x65, 0x59, 0x84, 0xD6, 0xAB, 0x3D, 0x65, 0xDC, 0x5C,
    0xFC, 0x64, 0xBF, 0xF7, 0xFF, 0xFF, 0xFF, 0xFF, 0xFF, 0xFF, 0xFF, 0xFF, 0xFF, 0xFF, 0xFF, 0xFF,
    0xFF, 0xFF, 0xFF, 0xFF, 0xFF, 0xFF, 0xFF, 0xFF, 0xFF, 0xFF, 0xFF, 0xFF, 0xFF, 0xFF, 0xFF, 0xFF,
    0xFF, 0xFF, 0xFF, 0xFF, 0xFF, 0xFF, 0xFF, 0xFF, 0xFF, 0xFF, 0xFF, 0xFF, 0xFF, 0xFF, 0xFF, 0xFF,
    0xFF, 0xFF, 0xFF, 0xFF, 0xFF, 0xFF, 0xFF, 0xFF, 0xFF, 0xFF, 0xFF, 0xFF, 0xFF, 0xFF, 0xFF, 0xFF,
    0xFF, 0xFF, 0xFF, 0xFF, 0xFF, 0xFF, 0xFF, 0xFF, 0xFF, 0xFF, 0xFF, 0xFF, 0xFF, 0xFF, 0xFF, 0xFF,
    0xFF, 0xFF, 0xFF, 0xFF, 0xFF, 0xFF, 0xFF, 0xFF, 0xFF, 0xFF, 0xFF, 0xFF, 0xFF, 0xFF, 0xFF, 0xFF,
    0xFF, 0xFF, 0xFF, 0xFF, 0xFF, 0xFF, 0xFF, 0xFF, 0xFF, 0xFF, 0xFF, 0xFF, 0xFF, 0xFF, 0xFF, 0xFF,
    0xFF, 0xFF, 0xFF, 0xFF, 0xFF, 0xFF, 0xFF, 0xFF, 0xFF, 0xFF, 0xFF, 0xFF, 0xFF, 0xFF, 0xFF, 0xFF,
    0xFF, 0xFF, 0xFF, 0xFF, 0xFF, 0xFF, 0xFF, 0xFF, 0xFF, 0xFF, 0xFF, 0xFF, 0xFF, 0xFF, 0xFF, 0xFF,
    0xFF, 0xFF, 0xFF, 0xFF, 0xFF, 0xFF, 0xFF, 0xFF, 0xFF, 0xFF, 0xFF, 0xFF, 0xFF, 0xFF, 0xFF, 0xFF,
    0xFF, 0xFF, 0xFF, 0xFF, 0xFF, 0xFF, 0xFF, 0xFF, 0xFF, 0xFF, 0xFF, 0xFF, 0xFF, 0xFF, 0xFF, 0xFF,
    0xFF, 0xFF, 0xFF, 0xFF, 0xFF, 0xFF, 0xFF, 0xFF, 0xFF, 0xFF, 0xFF, 0xFF, 0xFF, 0xFF, 0xFF, 0xFF,
    0xFF, 0xFF, 0xFF, 0xFF, 0xFF, 0xFF, 0xFF, 0xFF, 0xFF, 0xFF, 0xFF, 0xFF, 0xFF, 0xFF, 0xFF, 0xFF,
    0xFF, 0xFF, 0xFF, 0xFF, 0xFF, 0xFF, 0xFF, 0xFF, 0xFF, 0xFF, 0xFF, 0xFF, 0xFF, 0xFF, 0xFF, 0xFF,
    0xFF, 0xFF, 0xFF, 0xFF, 0xFF, 0xFF, 0xFF, 0xFF, 0xFF, 0xFF, 0xFF, 0xFF, 0xFF, 0xFF, 0xFF, 0xFF,
    0xFF, 0xFF, 0xFF, 0xFF, 0xFF, 0xFF, 0xFF, 0xFF, 0xFF, 0xFF, 0xFF, 0xFF, 0xFF, 0xFF, 0xFF, 0xFF,
    0xFF, 0xFF, 0xFF, 0xFF, 0xFF, 0xFF, 0xFF, 0xFF, 0xFF, 0xFF, 0xFF, 0xFF, 0xFF, 0xFF, 0xFF, 0xFF,
    0xFF, 0xFF, 0xFF, 0xFF, 0xFF, 0xFF, 0xFF, 0xFF, 0xFF, 0xFF, 0xFF, 0xFF, 0xFF, 0xFF, 0xFF, 0xFF,
    0xFF, 0xFF, 0xFF, 0xFF, 0xFF, 0xFF, 0xFF, 0xFF, 0xFF, 0xFF, 0xFF, 0xFF, 0xFF, 0xFF, 0xFF, 0xFF,
    0xFF, 0xFF, 0xFF, 0xFF, 0xFF, 0xFF, 0xFF, 0xFF, 0xFF, 0xFF, 0xFF, 0xFF, 0xFF, 0xFF, 0xFF, 0xFF,
    0xFF, 0xFF, 0xFF, 0xFF, 0xFF, 0xFF, 0xFF, 0xFF, 0xFF, 0xFF, 0xFF, 0xFF, 0xFF, 0xFF, 0xFF, 0xFF,
    0xFF, 0xFF, 0x9F, 0xEF, 0xFC, 0x64, 0xDB, 0x5C, 0x3E, 0x65, 0x79, 0x8D, 0x0F, 0x8C, 0xA7, 0x41,
    0x06, 0x21, 0xE5, 0x10, 0xE5, 0x10, 0xE5, 0x10, 0xE5, 0x10, 0x06, 0x11, 0x89, 0x11, 0x2C, 0x0A,
    0xB2, 0x23, 0x17, 0x45, 0xB9, 0x55, 0x57, 0x4D, 0xF2, 0x2B, 0x0B, 0x0A, 0x27, 0x11, 0xE5, 0x08,
    0xA5, 0x08, 0xA5, 0x08, 0xA5, 0x08, 0xA5, 0x08, 0xA5, 0x08, 0xC5, 0x08, 0xC5, 0x08, 0xC5, 0x08,
    0xC5, 0x08, 0xC5, 0x08, 0xC5, 0x08, 0xC5, 0x08, 0xC5, 0x08, 0xC5, 0x08, 0xC5, 0x08, 0xC5, 0x08,
    0xC5, 0x08, 0xC5, 0x08, 0xC5, 0x08, 0xC5, 0x08, 0xC5, 0x08, 0xC5, 0x08, 0xA5, 0x08, 0xA5, 0x00,
    0xA5, 0x00, 0xA4, 0x00, 0xA4, 0x00, 0x84, 0x00, 0x84, 0x00, 0x84, 0x00, 0xA5, 0x00, 0x06, 0x09,
    0xA9, 0x09, 0x50, 0x13, 0xB9, 0x55, 0x3D, 0x8F, 0xDF, 0xAF, 0xFF, 0xB7, 0xDF, 0xB7, 0x7E, 0x9F,
    0x3A, 0x6E, 0x33, 0x2C, 0x0A, 0x0A, 0x27, 0x11, 0xC5, 0x08, 0xA5, 0x08, 0xA4, 0x08, 0xC5, 0x08,
    0xC5, 0x08, 0xC5, 0x08, 0xE5, 0x10, 0xE5, 0x10, 0xE5, 0x10, 0xE5, 0x10, 0xE5, 0x10, 0xE5, 0x10,
    0xE5, 0x10, 0xE5, 0x10, 0xE5, 0x10, 0xE5, 0x18, 0xE5, 0x18, 0xE5, 0x18, 0xE5, 0x10, 0xC5, 0x08,
    0x48, 0x11, 0x34, 0x5C, 0x1A, 0xB6, 0xFD, 0xD6, 0x1D, 0xD7, 0x3E, 0xDF, 0x5E, 0xDF, 0x7E, 0xE7,
    0x7E, 0xE7, 0x7E, 0xE7, 0x7E, 0xE7, 0x5E, 0xDF, 0x5E, 0xE7, 0xD8, 0xB5, 0x22, 0x00, 0x00, 0x00,
    0xC3, 0x10, 0x71, 0x94, 0x28, 0x5A, 0x89, 0x62, 0xEA, 0x72, 0xAA, 0x62, 0x4A, 0x4A, 0x47, 0x19,
    0xE9, 0x29, 0xE8, 0x39, 0x84, 0x08, 0xC5, 0x08, 0x89, 0x19, 0x46, 0x19, 0x68, 0x21, 0x71, 0x6B,
    0x95, 0xAB, 0x55, 0xB3, 0x55, 0xB3, 0x55, 0xB3, 0x55, 0xB3, 0x55, 0xB3, 0x55, 0xB3, 0x55, 0xB3,
    0x55, 0xB3, 0x55, 0xB3, 0x55, 0xB3, 0x55, 0xB3, 0x55, 0xB3, 0x55, 0xB3, 0x55, 0xB3, 0x55, 0xB3,
    0x55, 0xB3, 0x55, 0xB3, 0x55, 0xB3, 0x55, 0xB3, 0x55, 0xB3, 0x55, 0xB3, 0x55, 0xB3, 0x55, 0xB3,
    0x55, 0xB3, 0x55, 0xB3, 0x18, 0x9C, 0x7F, 0x6D, 0x18, 0x94, 0xF7, 0x9B, 0x3E, 0x6D, 0xBC, 0x5C,
    0x3C, 0x75, 0xFF, 0xFF, 0xFF, 0xFF, 0xFF, 0xFF, 0xFF, 0xFF, 0xFF, 0xFF, 0xFF, 0xFF, 0xFF, 0xFF,
    0xFF, 0xFF, 0xFF, 0xFF, 0xFF, 0xFF, 0xFF, 0xFF, 0xFF, 0xFF, 0xFF, 0xFF, 0xFF, 0xFF, 0xFF, 0xFF,
    0xFF, 0xFF, 0xFF, 0xFF, 0xFF, 0xFF, 0xFF, 0xFF, 0xFF, 0xFF, 0xFF, 0xFF, 0xFF, 0xFF, 0xFF, 0xFF,
    0xFF, 0xFF, 0xFF, 0xFF, 0xFF, 0xFF, 0xFF, 0xFF, 0xFF, 0xFF, 0xFF, 0xFF, 0xFF, 0xFF, 0xFF, 0xFF,
    0xFF, 0xFF, 0xFF, 0xFF, 0xFF, 0xFF, 0xFF, 0xFF, 0xFF, 0xFF, 0xFF, 0xFF, 0xFF, 0xFF, 0xFF, 0xFF,
    0xFF, 0xFF, 0xFF, 0xFF, 0xFF, 0xFF, 0xFF, 0xFF, 0xFF, 0xFF, 0xFF, 0xFF, 0xFF, 0xFF, 0xFF, 0xFF,
    0xFF, 0xFF, 0xFF, 0xFF, 0xFF, 0xFF, 0xFF, 0xFF, 0xFF, 0xFF, 0xFF, 0xFF, 0xFF, 0xFF, 0xFF, 0xFF,
    0xFF, 0xFF, 0xFF, 0xFF, 0xFF, 0xFF, 0xFF, 0xFF, 0xFF, 0xFF, 0xFF, 0xFF, 0xFF, 0xFF, 0xFF, 0xFF,
    0xFF, 0xFF, 0xFF, 0xFF, 0xFF, 0xFF, 0xFF, 0xFF, 0xFF, 0xFF, 0xFF, 0xFF, 0xFF, 0xFF, 0xFF, 0xFF,
    0xFF, 0xFF, 0xFF, 0xFF, 0xFF, 0xFF, 0xFF, 0xFF, 0xFF, 0xFF, 0xFF, 0xFF, 0xFF, 0xFF, 0xFF, 0xFF,
    0xFF, 0xFF, 0xFF, 0xFF, 0xFF, 0xFF, 0xFF, 0xFF, 0xFF, 0xFF, 0xFF, 0xFF, 0xFF, 0xFF, 0xFF, 0xFF,
    0xFF, 0xFF, 0xFF, 0xFF, 0xFF, 0xFF, 0xFF, 0xFF, 0xFF, 0xFF, 0xFF, 0xFF, 0xFF, 0xFF, 0xFF, 0xFF,
    0xFF, 0xFF, 0xFF, 0xFF, 0xFF, 0xFF, 0xFF, 0xFF, 0xFF, 0xFF, 0xFF, 0xFF, 0xFF, 0xFF, 0xFF, 0xFF,
    0xFF, 0xFF, 0xFF, 0xFF, 0xFF, 0xFF, 0xFF, 0xFF, 0xFF, 0xFF, 0xFF, 0xFF, 0xFF, 0xFF, 0xFF, 0xFF,
    0xFF, 0xFF, 0xFF, 0xFF, 0xFF, 0xFF, 0xFF, 0xFF, 0xFF, 0xFF, 0xFF, 0xFF, 0xFF, 0xFF, 0xFF, 0xFF,
    0xFF, 0xFF, 0xFF, 0xFF, 0xFF, 0xFF, 0xFF, 0xFF, 0xFF, 0xFF, 0xFF, 0xFF, 0xFF, 0xFF, 0xFF, 0xFF,
    0xFF, 0xFF, 0xFF, 0xFF, 0xFF, 0xFF, 0xFF, 0xFF, 0xFF, 0xFF, 0xFF, 0xFF, 0xFF, 0xFF, 0xFF, 0xFF,
    0xFF, 0xFF, 0xFF, 0xFF, 0xFF, 0xFF, 0xFF, 0xFF, 0xFF, 0xFF, 0xFF, 0xFF, 0xFF, 0xFF, 0xFF, 0xFF,
    0xFF, 0xFF, 0xFF, 0xFF, 0xFF, 0xFF, 0xFF, 0xFF, 0xFF, 0xFF, 0xFF, 0xFF, 0xFF, 0xFF, 0xFF, 0xFF,
    0xFF, 0xFF, 0xFF, 0xFF, 0xFF, 0xFF, 0xFF, 0xFF, 0xFF, 0xFF, 0xFF, 0xFF, 0xFF, 0xFF, 0xFF, 0xFF,
    0xFF, 0xFF, 0xFF, 0xFF, 0xFF, 0xFF, 0xFF, 0xFF, 0xFF, 0xFF, 0xFF, 0xFF, 0xFF, 0xFF, 0xFF, 0xFF,
    0xFF, 0xFF, 0x1D, 0xA6, 0x9B, 0x54, 0xDC, 0x5C, 0x1C, 0x65, 0x58, 0x85, 0xD0, 0x73, 0x87, 0x31,
    0xE5, 0x18, 0xE5, 0x18, 0xE5, 0x10, 0xE5, 0x10, 0x27, 0x11, 0xCA, 0x11, 0x31, 0x13, 0x1A, 0x5E,
    0xDF, 0xAF, 0xFF, 0xBF, 0xFF, 0xC7, 0xFF, 0xC7, 0xFF, 0xB7, 0x7A, 0x6E, 0xED, 0x12, 0x27, 0x11,
    0xC5, 0x08, 0xA5, 0x08, 0xA4, 0x08, 0xA5, 0x08, 0xC5, 0x08, 0xC5, 0x08, 0xC5, 0x08, 0xC5, 0x08,
    0xC5, 0x08, 0xC5, 0x08, 0xC5, 0x08, 0xC5, 0x08, 0xC5, 0x08, 0xC5, 0x08, 0xC5, 0x08, 0xC5, 0x08,
    0xC5, 0x08, 0xC5, 0x08, 0xC5, 0x08, 0xC5, 0x08, 0xC5, 0x08, 0xA5, 0x08, 0xA5, 0x00, 0xA5, 0x00,
    0xA4, 0x00, 0xA4, 0x08, 0xA4, 0x00, 0x84, 0x00, 0x84, 0x00, 0x85, 0x00, 0x06, 0x09, 0xEA, 0x09,
    0xB5, 0x2C, 0x9F, 0x9F, 0xFF, 0xCF, 0xFF, 0xCF, 0xFF, 0xCF, 0xFF, 0xCF, 0xFF, 0xCF, 0xFF, 0xCF,
    0xFF, 0xCF, 0xFF, 0xBF, 0x3A, 0x66, 0xCD, 0x12, 0x47, 0x09, 0xC5, 0x08, 0xA5, 0x08, 0xC5, 0x08,
    0xC5, 0x08, 0xC5, 0x08, 0xC5, 0x08, 0xE5, 0x10, 0xE5, 0x10, 0xE5, 0x10, 0xE5, 0x10, 0xE5, 0x10,
    0xE5, 0x10, 0xE5, 0x10, 0xE5, 0x10, 0xC5, 0x10, 0xE5, 0x10, 0xC4, 0x10, 0xC5, 0x10, 0xA5, 0x08,
    0x69, 0x11, 0x55, 0x64, 0x3A, 0xB6, 0xFD, 0xD6, 0x1D, 0xD7, 0x3E, 0xDF, 0x5E, 0xDF, 0x7E, 0xE7,
    0x7E, 0xE7, 0x7E, 0xE7, 0x7E, 0xE7, 0x3E, 0xDF, 0x5E, 0xE7, 0x56, 0xA5, 0x01, 0x00, 0x00, 0x00,
    0x45, 0x21, 0xF0, 0x83, 0x66, 0x39, 0xE8, 0x49, 0x69, 0x5A, 0x8A, 0x52, 0x09, 0x3A, 0x27, 0x19,
    0xE9, 0x31, 0xA8, 0x29, 0xA5, 0x08, 0xE6, 0x10, 0x47, 0x19, 0x06, 0x11, 0xE7, 0x08, 0x30, 0x63,
    0x95, 0xAB, 0x55, 0xB3, 0x55, 0xB3, 0x55, 0xB3, 0x55, 0xB3, 0x55, 0xB3, 0x55, 0xB3, 0x55, 0xB3,
    0x55, 0xB3, 0x55, 0xB3, 0x55, 0xB3, 0x55, 0xB3, 0x55, 0xB3, 0x55, 0xB3, 0x55, 0xB3, 0x55, 0xB3,
    0x55, 0xB3, 0x55, 0xB3, 0x55, 0xB3, 0x55, 0xB3, 0x55, 0xB3, 0x55, 0xB3, 0x55, 0xB3, 0x55, 0xB3,
    0x55, 0xB3, 0x55, 0xB3, 0x59, 0x94, 0x9F, 0x6D, 0xF7, 0x9B, 0x18, 0x8C, 0x5E, 0x6D, 0xBC, 0x54,
    0x7C, 0x7D, 0xFF, 0xFF, 0xFF, 0xFF, 0xFF, 0xFF, 0xFF, 0xFF, 0xFF, 0xFF, 0xFF, 0xFF, 0xFF, 0xFF,
    0xFF, 0xFF, 0xFF, 0xFF, 0xFF, 0xFF, 0xFF, 0xFF, 0xFF, 0xFF, 0xFF, 0xFF, 0xFF, 0xFF, 0xFF, 0xFF,
    0xFF, 0xFF, 0xFF, 0xFF, 0xFF, 0xFF, 0xFF, 0xFF, 0xFF, 0xFF, 0xFF, 0xFF, 0xFF, 0xFF, 0xFF, 0xFF,
    0xFF, 0xFF, 0xFF, 0xFF, 0xFF, 0xFF, 0xFF, 0xFF, 0xFF, 0xFF, 0xFF, 0xFF, 0xFF, 0xFF, 0xFF, 0xFF,
    0xFF, 0xFF, 0xFF, 0xFF, 0xFF, 0xFF, 0xFF, 0xFF, 0xFF, 0xFF, 0xFF, 0xFF, 0xFF, 0xFF, 0xFF, 0xFF,
    0xFF, 0xFF, 0xFF, 0xFF, 0xFF, 0xFF, 0xFF, 0xFF, 0xFF, 0xFF, 0xFF, 0xFF, 0xFF, 0xFF, 0xFF, 0xFF,
    0xFF, 0xFF, 0xFF, 0xFF, 0xFF, 0xFF, 0xFF, 0xFF, 0xFF, 0xFF, 0xFF, 0xFF, 0xFF, 0xFF, 0xFF, 0xFF,
    0xFF, 0xFF, 0xFF, 0xFF, 0xFF, 0xFF, 0xFF, 0xFF, 0xFF, 0xFF, 0xFF, 0xFF, 0xFF, 0xFF, 0xFF, 0xFF,
    0xFF, 0xFF, 0xFF, 0xFF, 0xFF, 0xFF, 0xFF, 0xFF, 0xFF, 0xFF, 0xFF, 0xFF, 0xFF, 0xFF, 0xFF, 0xFF,
    0xFF, 0xFF, 0xFF, 0xFF, 0xFF, 0xFF, 0xFF, 0xFF, 0xFF, 0xFF, 0xFF, 0xFF, 0xFF, 0xFF, 0xFF, 0xFF,
    0xFF, 0xFF, 0xFF, 0xFF, 0xFF, 0xFF, 0xFF, 0xFF, 0xFF, 0xFF, 0xFF, 0xFF, 0xFF, 0xFF, 0xFF, 0xFF,
    0xFF, 0xFF, 0xFF, 0xFF, 0xFF, 0xFF, 0xFF, 0xFF, 0xFF, 0xFF, 0xFF, 0xFF, 0xFF, 0xFF, 0xFF, 0xFF,
    0xFF, 0xFF, 0xFF, 0xFF, 0xFF, 0xFF, 0xFF, 0xFF, 0xFF, 0xFF, 0xFF, 0xFF, 0xFF, 0xFF, 0xFF, 0xFF,
    0xFF, 0xFF, 0xFF, 0xFF, 0xFF, 0xFF, 0xFF, 0xFF, 0xFF, 0xFF, 0xFF, 0xFF, 0xFF, 0xFF, 0xFF, 0xFF,
    0xFF, 0xFF, 0xFF, 0xFF, 0xFF, 0xFF, 0xFF, 0xFF, 0xFF, 0xFF, 0xFF, 0xFF, 0xFF, 0xFF, 0xFF, 0xFF,
    0xFF, 0xFF, 0xFF, 0xFF, 0xFF, 0xFF, 0xFF, 0xFF, 0xFF, 0xFF, 0xFF, 0xFF, 0xFF, 0xFF, 0xFF, 0xFF,
    0xFF, 0xFF, 0xFF, 0xFF, 0xFF, 0xFF, 0xFF, 0xFF, 0xFF, 0xFF, 0xFF, 0xFF, 0xFF, 0xFF, 0xFF, 0xFF,
    0xFF, 0xFF, 0xFF, 0xFF, 0xFF, 0xFF, 0xFF, 0xFF, 0xFF, 0xFF, 0xFF, 0xFF, 0xFF, 0xFF, 0xFF, 0xFF,
    0xFF, 0xFF, 0xFF, 0xFF, 0xFF, 0xFF, 0xFF, 0xFF, 0xFF, 0xFF, 0xFF, 0xFF, 0xFF, 0xFF, 0xFF, 0xFF,
    0xFF, 0xFF, 0xFF, 0xFF, 0xFF, 0xFF, 0xFF, 0xFF, 0xFF, 0xFF, 0xFF, 0xFF, 0xFF, 0xFF, 0xFF, 0xFF,
    0xFF, 0xFF, 0xFF, 0xFF, 0xFF, 0xFF, 0xFF, 0xFF, 0xFF, 0xFF, 0xFF, 0xFF, 0xFF, 0xFF, 0xFF, 0xFF,
    0x9F, 0xEF, 0xFC, 0x5C, 0xDC, 0x5C, 0x3E, 0x65, 0x5B, 0x65, 0xF9, 0x5C, 0xB2, 0x53, 0x67, 0x21,
    0xE5, 0x18, 0xE6, 0x18, 0xE5, 0x10, 0x06, 0x11, 0xCA, 0x11, 0x93, 0x13, 0x1D, 0x87, 0xFF, 0xC7,
    0xFF, 0xC7, 0xFF, 0xCF, 0xFF, 0xCF, 0xFF, 0xCF, 0xFF, 0xCF, 0xFF, 0xCF, 0x1C, 0x87, 0xCD, 0x12,
    0x06, 0x11, 0xA5, 0x08, 0xA4, 0x08, 0xA4, 0x08, 0xA5, 0x08, 0xA5, 0x08, 0xC5, 0x08, 0xC5, 0x08,
    0xC5, 0x08, 0xC5, 0x08, 0xC5, 0x08, 0xC5, 0x08, 0xC5, 0x08, 0xC5, 0x08, 0xC5, 0x08, 0xC5, 0x08,
    0xC5, 0x08, 0xC5, 0x08, 0xC5, 0x08, 0xC5, 0x08, 0xC5, 0x08, 0xA5, 0x08, 0xA5, 0x00, 0xA4, 0x00,
    0xA4, 0x00, 0xA4, 0x00, 0xA4, 0x00, 0x84, 0x00, 0x84, 0x00, 0xE6, 0x08, 0xC9, 0x09, 0xD6, 0x34,
    0xFF, 0xBF, 0xFF, 0xD7, 0xFF, 0xC7, 0xFF, 0xAF, 0x7E, 0x9F, 0x5D, 0x97, 0xBE, 0xA7, 0xFF, 0xBF,
    0xFF, 0xCF, 0xFF, 0xCF, 0xFF, 0xD7, 0x1D, 0x8F, 0x0E, 0x13, 0x27, 0x11, 0xC5, 0x08, 0xC5, 0x08,
    0xC5, 0x08, 0xC5, 0x08, 0xC5, 0x08, 0xE5, 0x10, 0xE5, 0x10, 0xE5, 0x10, 0xE5, 0x10, 0xE5, 0x10,
    0xE5, 0x10, 0xE5, 0x10, 0xE5, 0x10, 0xC5, 0x10, 0xC5, 0x10, 0xA4, 0x10, 0xC5, 0x08, 0xA5, 0x08,
    0xAA, 0x19, 0x95, 0x6C, 0x5B, 0xBE, 0xFD, 0xCE, 0x1E, 0xD7, 0x3E, 0xDF, 0x5E, 0xDF, 0x7E, 0xDF,
    0x7E, 0xE7, 0x7E, 0xE7, 0x7E, 0xDF, 0x3D, 0xDF, 0x5E, 0xE7, 0xD4, 0x94, 0x01, 0x00, 0x00, 0x00,
    0xE8, 0x39, 0x4E, 0x6B, 0xE5, 0x20, 0x87, 0x39, 0xE8, 0x49, 0x6A, 0x4A, 0xC8, 0x29, 0x47, 0x11,
    0xC9, 0x29, 0x47, 0x21, 0xA5, 0x08, 0xE6, 0x10, 0x47, 0x19, 0x06, 0x11, 0x06, 0x11, 0x10, 0x63,
    0x75, 0xAB, 0x55, 0xB3, 0x55, 0xB3, 0x55, 0xB3, 0x55, 0xB3, 0x55, 0xB3, 0x55, 0xB3, 0x55, 0xB3,
    0x55, 0xB3, 0x55, 0xB3, 0x55, 0xB3, 0x55, 0xB3, 0x55, 0xB3, 0x55, 0xB3, 0x55, 0xB3, 0x55, 0xB3,
    0x55, 0xB3, 0x55, 0xB3, 0x55, 0xB3, 0x55, 0xB3, 0x55, 0xB3, 0x55, 0xB3, 0x55, 0xB3, 0x55, 0xB3,
    0x75, 0xB3, 0x75, 0xB3, 0xDA, 0x8C, 0x3E, 0x65, 0xD7, 0xAB, 0xDA, 0x7C, 0x1D, 0x65, 0xBC, 0x54,
    0xBC, 0x85, 0xFF, 0xFF, 0xFF, 0xFF, 0xFF, 0xFF, 0xFF, 0xFF, 0xFF, 0xFF, 0xFF, 0xFF, 0xFF, 0xFF,
    0xFF, 0xFF, 0xFF, 0xFF, 0xFF, 0xFF, 0xFF, 0xFF, 0xFF, 0xFF, 0xFF, 0xFF, 0xFF, 0xFF, 0xFF, 0xFF,
    0xFF, 0xFF, 0xFF, 0xFF, 0xFF, 0xFF, 0xFF, 0xFF, 0xFF, 0xFF, 0xFF, 0xFF, 0xFF, 0xFF, 0xFF, 0xFF,
    0xFF, 0xFF, 0xFF, 0xFF, 0xFF, 0xFF, 0xFF, 0xFF, 0xFF, 0xFF, 0xFF, 0xFF, 0xFF, 0xFF, 0xFF, 0xFF,
    0xFF, 0xFF, 0xFF, 0xFF, 0xFF, 0xFF, 0xFF, 0xFF, 0xFF, 0xFF, 0xFF, 0xFF, 0xFF, 0xFF, 0xFF, 0xFF,
    0xFF, 0xFF, 0xFF, 0xFF, 0xFF, 0xFF, 0xFF, 0xFF, 0xFF, 0xFF, 0xFF, 0xFF, 0xFF, 0xFF, 0xFF, 0xFF,
    0xFF, 0xFF, 0xFF, 0xFF, 0xFF, 0xFF, 0xFF, 0xFF, 0xFF, 0xFF, 0xFF, 0xFF, 0xFF, 0xFF, 0xFF, 0xFF,
    0xFF, 0xFF, 0xFF, 0xFF, 0xFF, 0xFF, 0xFF, 0xFF, 0xFF, 0xFF, 0xFF, 0xFF, 0xFF, 0xFF, 0xFF, 0xFF,
    0xFF, 0xFF, 0xFF, 0xFF, 0xFF, 0xFF, 0xFF, 0xFF, 0xFF, 0xFF, 0xFF, 0xFF, 0xFF, 0xFF, 0xFF, 0xFF,
    0xFF, 0xFF, 0xFF, 0xFF, 0xFF, 0xFF, 0xFF, 0xFF, 0xFF, 0xFF, 0xFF, 0xFF, 0xFF, 0xFF, 0xFF, 0xFF,
    0xFF, 0xFF, 0xFF, 0xFF, 0xFF, 0xFF, 0xFF, 0xFF, 0xFF, 0xFF, 0xFF, 0xFF, 0xFF, 0xFF, 0xFF, 0xFF,
    0xFF, 0xFF, 0xFF, 0xFF, 0xFF, 0xFF, 0xFF, 0xFF, 0xFF, 0xFF, 0xFF, 0xFF, 0xFF, 0xFF, 0xFF, 0xFF,
    0xFF, 0xFF, 0xFF, 0xFF, 0xFF, 0xFF, 0xFF, 0xFF, 0xFF, 0xFF, 0xFF, 0xFF, 0xFF, 0xFF, 0xFF, 0xFF,
    0xFF, 0xFF, 0xFF, 0xFF, 0xFF, 0xFF, 0xFF, 0xFF, 0xFF, 0xFF, 0xFF, 0xFF, 0xFF, 0xFF, 0xFF, 0xFF,
    0xFF, 0xFF, 0xFF, 0xFF, 0xFF, 0xFF, 0xFF, 0xFF, 0xFF, 0xFF, 0xFF, 0xFF, 0xFF, 0xFF, 0xFF, 0xFF,
    0xFF, 0xFF, 0xFF, 0xFF, 0xFF, 0xFF, 0xFF, 0xFF, 0xFF, 0xFF, 0xFF, 0xFF, 0xFF, 0xFF, 0xFF, 0xFF,
    0xFF, 0xFF, 0xFF, 0xFF, 0xFF, 0xFF, 0xFF, 0xFF, 0xFF, 0xFF, 0xFF, 0xFF, 0xFF, 0xFF, 0xFF, 0xFF,
    0xFF, 0xFF, 0xFF, 0xFF, 0xFF, 0xFF, 0xFF, 0xFF, 0xFF, 0xFF, 0xFF, 0xFF, 0xFF, 0xFF, 0xFF, 0xFF,
    0xFF, 0xFF, 0xFF, 0xFF, 0xFF, 0xFF, 0xFF, 0xFF, 0xFF, 0xFF, 0xFF, 0xFF, 0xFF, 0xFF, 0xFF, 0xFF,
    0xFF, 0xFF, 0xFF, 0xFF, 0xFF, 0xFF, 0xFF, 0xFF, 0xFF, 0xFF, 0xFF, 0xFF, 0xFF, 0xFF, 0xFF, 0xFF,
    0xFF, 0xFF, 0xFF, 0xFF, 0xFF, 0xFF, 0xFF, 0xFF, 0xFF, 0xFF, 0xFF, 0xFF, 0xFF, 0xFF, 0xFF, 0xFF,
    0xFD, 0x95, 0x9C, 0x54, 0xDC, 0x5C, 0xFC, 0x64, 0x5C, 0x45, 0x99, 0x34, 0x72, 0x33, 0x88, 0x19,
    0xE5, 0x18, 0xE6, 0x18, 0x06, 0x11, 0x89, 0x11, 0x31, 0x0B, 0xFD, 0x76, 0xFF, 0xCF, 0xFF, 0xCF,
    0xFF, 0xAF, 0x1C, 0x7F, 0x5A, 0x6E, 0x7A, 0x6E, 0x7E, 0x97, 0xFF, 0xC7, 0xFF, 0xD7, 0x5A, 0x6E,
    0xE9, 0x09, 0xC6, 0x08, 0xA4, 0x08, 0xA4, 0x08, 0xA4, 0x08, 0xA5, 0x08, 0xC5, 0x08, 0xC5, 0x08,
    0xC5, 0x08, 0xC5, 0x08, 0xC5, 0x08, 0xC5, 0x08, 0xC5, 0x08, 0xC5, 0x08, 0xC5, 0x08, 0xC5, 0x08,
    0xC5, 0x08, 0xC5, 0x08, 0xC5, 0x08, 0xA5, 0x08, 0xA5, 0x08, 0xA5, 0x00, 0xA5, 0x00, 0xA4, 0x00,
    0xA4, 0x08, 0x84, 0x00, 0x84, 0x00, 0x84, 0x00, 0xA5, 0x00, 0x47, 0x09, 0xD2, 0x1B, 0xBF, 0xB7,
    0xFF, 0xDF, 0x7E, 0x97, 0x76, 0x45, 0xB0, 0x1B, 0xED, 0x12, 0xCD, 0x12, 0x2E, 0x1B, 0x53, 0x2C,
    0x39, 0x66, 0xFF, 0xAF, 0xFF, 0xD7, 0xFF, 0xDF, 0xDC, 0x7E, 0x8C, 0x0A, 0x06, 0x11, 0xC5, 0x08,
    0xC5, 0x08, 0xC5, 0x08, 0xC5, 0x08, 0xE5, 0x10, 0xE5, 0x10, 0xE5, 0x10, 0xE5, 0x10, 0xE5, 0x18,
    0xE5, 0x18, 0xE5, 0x10, 0xE5, 0x10, 0xE5, 0x10, 0xC4, 0x10, 0xA4, 0x08, 0xC6, 0x08, 0xA5, 0x08,
    0xEB, 0x19, 0xB6, 0x74, 0x7B, 0xBE, 0xFD, 0xCE, 0x1E, 0xD7, 0x3E, 0xDF, 0x5E, 0xDF, 0x7E, 0xDF,
    0x7E, 0xDF, 0x7E, 0xE7, 0x7E, 0xDF, 0x3D, 0xDF, 0x5E, 0xDF, 0x52, 0x84, 0x02, 0x00, 0x01, 0x00,
    0x8B, 0x4A, 0xEC, 0x5A, 0xA4, 0x10, 0x46, 0x31, 0x87, 0x39, 0x4A, 0x42, 0x87, 0x21, 0x47, 0x19,
    0xC9, 0x29, 0x06, 0x19, 0xA5, 0x08, 0xC5, 0x08, 0x27, 0x19, 0x06, 0x11, 0xE6, 0x10, 0x0F, 0x63,
    0x95, 0xAB, 0x75, 0xB3, 0x75, 0xB3, 0x75, 0xB3, 0x75, 0xB3, 0x75, 0xB3, 0x75, 0xB3, 0x75, 0xB3,
    0x75, 0xB3, 0x75, 0xB3, 0x75, 0xB3, 0x75, 0xB3, 0x75, 0xB3, 0x75, 0xB3, 0x75, 0xB3, 0x75, 0xB3,
    0x75, 0xB3, 0x75, 0xB3, 0x75, 0xB3, 0x75, 0xB3, 0x75, 0xB3, 0x75, 0xB3, 0x75, 0xB3, 0x75, 0xB3,
    0x75, 0xB3, 0x75, 0xB3, 0x1B, 0x85, 0x1D, 0x65, 0x17, 0xAC, 0xDB, 0x74, 0xFD, 0x64, 0xBB, 0x54,
    0xDD, 0x8D, 0xFF, 0xFF, 0xFF, 0xFF, 0xFF, 0xFF, 0xFF, 0xFF, 0xFF, 0xFF, 0xFF, 0xFF, 0xFF, 0xFF,
    0xFF, 0xFF, 0xFF, 0xFF, 0xFF, 0xFF, 0xFF, 0xFF, 0xFF, 0xFF, 0xFF, 0xFF, 0xFF, 0xFF, 0xFF, 0xFF,
    0xFF, 0xFF, 0xFF, 0xFF, 0xFF, 0xFF, 0xFF, 0xFF, 0xFF, 0xFF, 0xFF, 0xFF, 0xFF, 0xFF, 0xFF, 0xFF,
    0xFF, 0xFF, 0xFF, 0xFF, 0xFF, 0xFF, 0xFF, 0xFF, 0xFF, 0xFF, 0xFF, 0xFF, 0xFF, 0xFF, 0xFF, 0xFF,
    0xFF, 0xFF, 0xFF, 0xFF, 0xFF, 0xFF, 0xFF, 0xFF, 0xFF, 0xFF, 0xFF, 0xFF, 0xFF, 0xFF, 0xFF, 0xFF,
    0xFF, 0xFF, 0xFF, 0xFF, 0xFF, 0xFF, 0xFF, 0xFF, 0xFF, 0xFF, 0xFF, 0xFF, 0xFF, 0xFF, 0xFF, 0xFF,
    0xFF, 0xFF, 0xFF, 0xFF, 0xFF, 0xFF, 0xFF, 0xFF, 0xFF, 0xFF, 0xFF, 0xFF, 0xFF, 0xFF, 0xFF, 0xFF,
    0xFF, 0xFF, 0xFF, 0xFF, 0xFF, 0xFF, 0xFF, 0xFF, 0xFF, 0xFF, 0xFF, 0xFF, 0xFF, 0xFF, 0xFF, 0xFF,
    0xFF, 0xFF, 0xFF, 0xFF, 0xFF, 0xFF, 0xFF, 0xFF, 0xFF, 0xFF, 0xFF, 0xFF, 0xFF, 0xFF, 0xFF, 0xFF,
    0xFF, 0xFF, 0xFF, 0xFF, 0xFF, 0xFF, 0xFF, 0xFF, 0xFF, 0xFF, 0xFF, 0xFF, 0xFF, 0xFF, 0xFF, 0xFF,
    0xFF, 0xFF, 0xFF, 0xFF, 0xFF, 0xFF, 0xFF, 0xFF, 0xFF, 0xFF, 0xFF, 0xFF, 0xFF, 0xFF, 0xFF, 0xFF,
    0xFF, 0xFF, 0xFF, 0xFF, 0xFF, 0xFF, 0xFF, 0xFF, 0xFF, 0xFF, 0xFF, 0xFF, 0xFF, 0xFF, 0xFF, 0xFF,
    0xFF, 0xFF, 0xFF, 0xFF, 0xFF, 0xFF, 0xFF, 0xFF, 0xFF, 0xFF, 0xFF, 0xFF, 0xFF, 0xFF, 0xFF, 0xFF,
    0xFF, 0xFF, 0xFF, 0xFF, 0xFF, 0xFF, 0xFF, 0xFF, 0xFF, 0xFF, 0xFF, 0xFF, 0xFF, 0xFF, 0xFF, 0xFF,
    0xFF, 0xFF, 0xFF, 0xFF, 0xFF, 0xFF, 0xFF, 0xFF, 0xFF, 0xFF, 0xFF, 0xFF, 0xFF, 0xFF, 0xFF, 0xFF,
    0xFF, 0xFF, 0xFF, 0xFF, 0xFF, 0xFF, 0xFF, 0xFF, 0xFF, 0xFF, 0xFF, 0xFF, 0xFF, 0xFF, 0xFF, 0xFF,
    0xFF, 0xFF, 0xFF, 0xFF, 0xFF, 0xFF, 0xFF, 0xFF, 0xFF, 0xFF, 0xFF, 0xFF, 0xFF, 0xFF, 0xFF, 0xFF,
    0xFF, 0xFF, 0xFF, 0xFF, 0xFF, 0xFF, 0xFF, 0xFF, 0xFF, 0xFF, 0xFF, 0xFF, 0xFF, 0xFF, 0xFF, 0xFF,
    0xFF, 0xFF, 0xFF, 0xFF, 0xFF, 0xFF, 0xFF, 0xFF, 0xFF, 0xFF, 0xFF, 0xFF, 0xFF, 0xFF, 0xFF, 0xFF,
    0xFF, 0xFF, 0xFF, 0xFF, 0xFF, 0xFF, 0xFF, 0xFF, 0xFF, 0xFF, 0xFF, 0xFF, 0xFF, 0xFF, 0xFF, 0xFF,
    0xFF, 0xFF, 0xFF, 0xFF, 0xFF, 0xFF, 0xFF, 0xFF, 0xFF, 0xFF, 0xFF, 0xFF, 0xFF, 0xFF, 0x5E, 0xDF,
    0xBB, 0x5C, 0xDB, 0x5C, 0x3E, 0x65, 0x16, 0x54, 0xFB, 0x24, 0x99, 0x1C, 0x73, 0x1B, 0xCA, 0x19,
    0xE6, 0x18, 0x06, 0x11, 0x47, 0x11, 0x4E, 0x0A, 0xBA, 0x4D, 0xFF, 0xCF, 0xFF, 0xCF, 0x1C, 0x7F,
    0x32, 0x24, 0x8C, 0x12, 0xEA, 0x09, 0x0A, 0x0A, 0xED, 0x12, 0x56, 0x45, 0xDF, 0xB7, 0xFF, 0xCF,
    0x11, 0x2C, 0x06, 0x09, 0xA5, 0x08, 0xA4, 0x08, 0xA4, 0x00, 0xA4, 0x08, 0xA4, 0x08, 0xC5, 0x08,
    0xC5, 0x08, 0xC5, 0x08, 0xC5, 0x08, 0xC5, 0x08, 0xC5, 0x08, 0xC5, 0x08, 0xC5, 0x08, 0xC5, 0x08,
    0xC5, 0x08, 0xC5, 0x08, 0xC5, 0x08, 0xA5, 0x08, 0xA5, 0x08, 0xA5, 0x00, 0xA5, 0x00, 0xA4, 0x00,
    0xA4, 0x00, 0x84, 0x00, 0x84, 0x00, 0x84, 0x00, 0xE6, 0x08, 0x2B, 0x02, 0x7B, 0x76, 0xFF, 0xEF,
    0x7A, 0x66, 0x2E, 0x0B, 0x88, 0x09, 0x06, 0x09, 0xE6, 0x08, 0xE6, 0x08, 0xE6, 0x08, 0x27, 0x09,
    0xE9, 0x09, 0x11, 0x24, 0x3D, 0x87, 0xFF, 0xD7, 0xFF, 0xDF, 0xB7, 0x55, 0xC9, 0x09, 0xE6, 0x10,
    0xC5, 0x08, 0xC5, 0x08, 0xC5, 0x08, 0xE5, 0x10, 0xE5, 0x10, 0xE5, 0x10, 0xE5, 0x10, 0xE5, 0x18,
    0xE5, 0x18, 0xE5, 0x18, 0xE5, 0x10, 0xE5, 0x10, 0xC4, 0x10, 0xA4, 0x08, 0xE6, 0x08, 0xA5, 0x08,
    0x4C, 0x22, 0xF6, 0x7C, 0x9B, 0xC6, 0xFD, 0xCE, 0x1E, 0xD7, 0x3E, 0xDF, 0x5E, 0xDF, 0x7E, 0xDF,
    0x7E, 0xDF, 0x7E, 0xE7, 0x5E, 0xDF, 0x3D, 0xD7, 0x5E, 0xDF, 0xF1, 0x73, 0x63, 0x00, 0x64, 0x00,
    0x2D, 0x5B, 0xAC, 0x4A, 0xC5, 0x08, 0x26, 0x21, 0x46, 0x29, 0x4A, 0x3A, 0x46, 0x21, 0x48, 0x19,
    0xC9, 0x29, 0xE5, 0x10, 0xA4, 0x08, 0xA5, 0x08, 0x26, 0x19, 0xE5, 0x10, 0xE6, 0x10, 0x2F, 0x6B,
    0x95, 0xAB, 0x75, 0xB3, 0x75, 0xB3, 0x75, 0xB3, 0x75, 0xB3, 0x75, 0xB3, 0x75, 0xB3, 0x75, 0xB3,
    0x75, 0xB3, 0x75, 0xB3, 0x75, 0xB3, 0x75, 0xB3, 0x75, 0xB3, 0x75, 0xB3, 0x75, 0xB3, 0x75, 0xB3,
    0x75, 0xB3, 0x75, 0xB3, 0x75, 0xB3, 0x75, 0xB3, 0x75, 0xB3, 0x75, 0xB3, 0x75, 0xB3, 0x75, 0xB3,
    0x75, 0xB3, 0x75, 0xB3, 0xDB, 0x74, 0xBB, 0x64, 0x17, 0xAC, 0x1C, 0x6D, 0xDC, 0x5C, 0xBB, 0x54,
    0xFD, 0x95, 0xFF, 0xFF, 0xFF, 0xFF, 0xFF, 0xFF, 0xFF, 0xFF, 0xFF, 0xFF, 0xFF, 0xFF, 0xFF, 0xFF,
    0xFF, 0xFF, 0xFF, 0xFF, 0xFF, 0xFF, 0xFF, 0xFF, 0xFF, 0xFF, 0xFF, 0xFF, 0xFF, 0xFF, 0xFF, 0xFF,
    0xFF, 0xFF, 0xFF, 0xFF, 0xFF, 0xFF, 0xFF, 0xFF, 0xFF, 0xFF, 0xFF, 0xFF, 0xFF, 0xFF, 0xFF, 0xFF,
    0xFF, 0xFF, 0xFF, 0xFF, 0xFF, 0xFF, 0xFF, 0xFF, 0xFF, 0xFF, 0xFF, 0xFF, 0xFF, 0xFF, 0xFF, 0xFF,
    0xFF, 0xFF, 0xFF, 0xFF, 0xFF, 0xFF, 0xFF, 0xFF, 0xFF, 0xFF, 0xFF, 0xFF, 0xFF, 0xFF, 0xFF, 0xFF,
    0xFF, 0xFF, 0xFF, 0xFF, 0xFF, 0xFF, 0xFF, 0xFF, 0xFF, 0xFF, 0xFF, 0xFF, 0xFF, 0xFF, 0xFF, 0xFF,
    0xFF, 0xFF, 0xFF, 0xFF, 0xFF, 0xFF, 0xFF, 0xFF, 0xFF, 0xFF, 0xFF, 0xFF, 0xFF, 0xFF, 0xFF, 0xFF,
    0xFF, 0xFF, 0xFF, 0xFF, 0xFF, 0xFF, 0xFF, 0xFF, 0xFF, 0xFF, 0xFF, 0xFF, 0xFF, 0xFF, 0xFF, 0xFF,
    0xFF, 0xFF, 0xFF, 0xFF, 0xFF, 0xFF, 0xFF, 0xFF, 0xFF, 0xFF, 0xFF, 0xFF, 0xFF, 0xFF, 0xFF, 0xFF,
    0xFF, 0xFF, 0xFF, 0xFF, 0xFF, 0xFF, 0xFF, 0xFF, 0xFF, 0xFF, 0xFF, 0xFF, 0xFF, 0xFF, 0xFF, 0xFF,
    0xFF, 0xFF, 0xFF, 0xFF, 0xFF, 0xFF, 0xFF, 0xFF, 0xFF, 0xFF, 0xFF, 0xFF, 0xFF, 0xFF, 0xFF, 0xFF,
    0xFF, 0xFF, 0xFF, 0xFF, 0xFF, 0xFF, 0xFF, 0xFF, 0xFF, 0xFF, 0xFF, 0xFF, 0xFF, 0xFF, 0xFF, 0xFF,
    0xFF, 0xFF, 0xFF, 0xFF, 0xFF, 0xFF, 0xFF, 0xFF, 0xFF, 0xFF, 0xFF, 0xFF, 0xFF, 0xFF, 0xFF, 0xFF,
    0xFF, 0xFF, 0xFF, 0xFF, 0xFF, 0xFF, 0xFF, 0xFF, 0xFF, 0xFF, 0xFF, 0xFF, 0xFF, 0xFF, 0xFF, 0xFF,
    0xFF, 0xFF, 0xFF, 0xFF, 0xFF, 0xFF, 0xFF, 0xFF, 0xFF, 0xFF, 0xFF, 0xFF, 0xFF, 0xFF, 0xFF, 0xFF,
    0xFF, 0xFF, 0xFF, 0xFF, 0xFF, 0xFF, 0xFF, 0xFF, 0xFF, 0xFF, 0xFF, 0xFF, 0xFF, 0xFF, 0xFF, 0xFF,
    0xFF, 0xFF, 0xFF, 0xFF, 0xFF, 0xFF, 0xFF, 0xFF, 0xFF, 0xFF, 0xFF, 0xFF, 0xFF, 0xFF, 0xFF, 0xFF,
    0xFF, 0xFF, 0xFF, 0xFF, 0xFF, 0xFF, 0xFF, 0xFF, 0xFF, 0xFF, 0xFF, 0xFF, 0xFF, 0xFF, 0xFF, 0xFF,
    0xFF, 0xFF, 0xFF, 0xFF, 0xFF, 0xFF, 0xFF, 0xFF, 0xFF, 0xFF, 0xFF, 0xFF, 0xFF, 0xFF, 0xFF, 0xFF,
    0xFF, 0xFF, 0xFF, 0xFF, 0xFF, 0xFF, 0xFF, 0xFF, 0xFF, 0xFF, 0xFF, 0xFF, 0xFF, 0xFF, 0xFF, 0xFF,
    0xFF, 0xFF, 0xFF, 0xFF, 0xFF, 0xFF, 0xFF, 0xFF, 0xFF, 0xFF, 0xFF, 0xFF, 0xFF, 0xFF, 0x7C, 0x85,
    0xBB, 0x54, 0xFC, 0x64, 0xDB, 0x5C, 0x8D, 0x32, 0xDB, 0x24, 0x7A, 0x14, 0x74, 0x1B, 0x0B, 0x1A,
    0x06, 0x11, 0x06, 0x11, 0x89, 0x11, 0xB4, 0x13, 0x9F, 0x9F, 0xFF, 0xD7, 0xDB, 0x6E, 0x0D, 0x0B,
    0x67, 0x11, 0x06, 0x09, 0xC5, 0x08, 0xC5, 0x08, 0x26, 0x11, 0xC9, 0x09, 0x94, 0x2C, 0xFF, 0xCF,
    0x59, 0x76, 0xC9, 0x01, 0xC5, 0x08, 0xA4, 0x00, 0xA4, 0x00, 0xA4, 0x08, 0xA4, 0x08, 0xC5, 0x08,
    0xC5, 0x08, 0xC5, 0x08, 0xC5, 0x08, 0xC5, 0x08, 0xC5, 0x08, 0xC5, 0x08, 0xC5, 0x08, 0xC5, 0x08,
    0xC5, 0x08, 0xC5, 0x08, 0xC5, 0x08, 0xA5, 0x08, 0xA5, 0x08, 0xA5, 0x00, 0xA5, 0x00, 0xA4, 0x00,
    0xA4, 0x00, 0x84, 0x00, 0x84, 0x00, 0xA4, 0x00, 0x27, 0x09, 0x91, 0x1B, 0xFF, 0xCF, 0xBB, 0x7E,
    0x8B, 0x02, 0x26, 0x11, 0xA5, 0x00, 0x64, 0x00, 0x63, 0x00, 0x63, 0x00, 0x63, 0x00, 0x84, 0x00,
    0xC5, 0x08, 0x47, 0x11, 0x2F, 0x13, 0xFC, 0x7E, 0xFF, 0xE7, 0xDF, 0xB7, 0xB0, 0x1B, 0x27, 0x11,
    0xC5, 0x08, 0xC5, 0x08, 0xC5, 0x08, 0xE5, 0x10, 0xE5, 0x10, 0xE5, 0x10, 0xE5, 0x10, 0x05, 0x19,
    0xE5, 0x18, 0xE5, 0x18, 0xE5, 0x18, 0xE5, 0x10, 0xC4, 0x10, 0xA4, 0x08, 0xE6, 0x08, 0xA5, 0x08,
    0xAE, 0x2A, 0x37, 0x8D, 0xBC, 0xC6, 0xFD, 0xCE, 0x1E, 0xD7, 0x3E, 0xD7, 0x5E, 0xDF, 0x5E, 0xDF,
    0x7E, 0xDF, 0x7E, 0xDF, 0x5E, 0xDF, 0x1D, 0xD7, 0x5E, 0xDF, 0xB0, 0x63, 0xC6, 0x00, 0xC6, 0x00,
    0x90, 0x63, 0x6B, 0x42, 0xE6, 0x08, 0x27, 0x19, 0x47, 0x19, 0x2A, 0x32, 0x46, 0x21, 0x48, 0x19,
    0xC8, 0x29, 0xC5, 0x10, 0xA5, 0x08, 0xC5, 0x10, 0x26, 0x19, 0xE5, 0x10, 0x06, 0x11, 0x50, 0x73,
    0x95, 0xAB, 0x75, 0xB3, 0x75, 0xB3, 0x75, 0xB3, 0x75, 0xB3, 0x75, 0xB3, 0x75, 0xB3, 0x75, 0xB3,
    0x75, 0xB3, 0x75, 0xB3, 0x75, 0xB3, 0x75, 0xB3, 0x75, 0xB3, 0x75, 0xB3, 0x75, 0xB3, 0x75, 0xB3,
    0x75, 0xB3, 0x75, 0xB3, 0x75, 0xB3, 0x75, 0xB3, 0x75, 0xB3, 0x75, 0xB3, 0x75, 0xB3, 0x75, 0xB3,
    0x76, 0xB3, 0x76, 0xB3, 0xBA, 0x6C, 0xBB, 0x64, 0xD7, 0xAB, 0xFC, 0x64, 0xDC, 0x64, 0xBC, 0x54,
    0x1D, 0x9E, 0xFF, 0xFF, 0xFF, 0xFF, 0xFF, 0xFF, 0xFF, 0xFF, 0xFF, 0xFF, 0xFF, 0xFF, 0xFF, 0xFF,
    0xFF, 0xFF, 0xFF, 0xFF, 0xFF, 0xFF, 0xFF, 0xFF, 0xFF, 0xFF, 0xFF, 0xFF, 0xFF, 0xFF, 0xFF, 0xFF,
    0xFF, 0xFF, 0xFF, 0xFF, 0xFF, 0xFF, 0xFF, 0xFF, 0xFF, 0xFF, 0xFF, 0xFF, 0xFF, 0xFF, 0xFF, 0xFF,
    0xFF, 0xFF, 0xFF, 0xFF, 0xFF, 0xFF, 0xFF, 0xFF, 0xFF, 0xFF, 0xFF, 0xFF, 0xFF, 0xFF, 0xFF, 0xFF,
    0xFF, 0xFF, 0xFF, 0xFF, 0xFF, 0xFF, 0xFF, 0xFF, 0xFF, 0xFF, 0xFF, 0xFF, 0xFF, 0xFF, 0xFF, 0xFF,
    0xFF, 0xFF, 0xFF, 0xFF, 0xFF, 0xFF, 0xFF, 0xFF, 0xFF, 0xFF, 0xFF, 0xFF, 0xFF, 0xFF, 0xFF, 0xFF,
    0xFF, 0xFF, 0xFF, 0xFF, 0xFF, 0xFF, 0xFF, 0xFF, 0xFF, 0xFF, 0xFF, 0xFF, 0xFF, 0xFF, 0xFF, 0xFF,
    0xFF, 0xFF, 0xFF, 0xFF, 0xFF, 0xFF, 0xFF, 0xFF, 0xFF, 0xFF, 0xFF, 0xFF, 0xFF, 0xFF, 0xFF, 0xFF,
    0xFF, 0xFF, 0xFF, 0xFF, 0xFF, 0xFF, 0xFF, 0xFF, 0xFF, 0xFF, 0xFF, 0xFF, 0xFF, 0xFF, 0xFF, 0xFF,
    0xFF, 0xFF, 0xFF, 0xFF, 0xFF, 0xFF, 0xFF, 0xFF, 0xFF, 0xFF, 0xFF, 0xFF, 0xFF, 0xFF, 0xFF, 0xFF,
    0xFF, 0xFF, 0xFF, 0xFF, 0xFF, 0xFF, 0xFF, 0xFF, 0xFF, 0xFF, 0xFF, 0xFF, 0xFF, 0xFF, 0xFF, 0xFF,
    0xFF, 0xFF, 0xFF, 0xFF, 0xFF, 0xFF, 0xFF, 0xFF, 0xFF, 0xFF, 0xFF, 0xFF, 0xFF, 0xFF, 0xFF, 0xFF,
    0xFF, 0xFF, 0xFF, 0xFF, 0xFF, 0xFF, 0xFF, 0xFF, 0xFF, 0xFF, 0xFF, 0xFF, 0xFF, 0xFF, 0xFF, 0xFF,
    0xFF, 0xFF, 0xFF, 0xFF, 0xFF, 0xFF, 0xFF, 0xFF, 0xFF, 0xFF, 0xFF, 0xFF, 0xFF, 0xFF, 0xFF, 0xFF,
    0xFF, 0xFF, 0xFF, 0xFF, 0xFF, 0xFF, 0xFF, 0xFF, 0xFF, 0xFF, 0xFF, 0xFF, 0xFF, 0xFF, 0xFF, 0xFF,
    0xFF, 0xFF, 0xFF, 0xFF, 0xFF, 0xFF, 0xFF, 0xFF, 0xFF, 0xFF, 0xFF, 0xFF, 0xFF, 0xFF, 0xFF, 0xFF,
    0xFF, 0xFF, 0xFF, 0xFF, 0xFF, 0xFF, 0xFF, 0xFF, 0xFF, 0xFF, 0xFF, 0xFF, 0xFF, 0xFF, 0xFF, 0xFF,
    0xFF, 0xFF, 0xFF, 0xFF, 0xFF, 0xFF, 0xFF, 0xFF, 0xFF, 0xFF, 0xFF, 0xFF, 0xFF, 0xFF, 0xFF, 0xFF,
    0xFF, 0xFF, 0xFF, 0xFF, 0xFF, 0xFF, 0xFF, 0xFF, 0xFF, 0xFF, 0xFF, 0xFF, 0xFF, 0xFF, 0xFF, 0xFF,
    0xFF, 0xFF, 0xFF, 0xFF, 0xFF, 0xFF, 0xFF, 0xFF, 0xFF, 0xFF, 0xFF, 0xFF, 0xFF, 0xFF, 0xFF, 0xFF,
    0xFF, 0xFF, 0xFF, 0xFF, 0xFF, 0xFF, 0xFF, 0xFF, 0xFF, 0xFF, 0xFF, 0xFF, 0x9D, 0xBE, 0x9B, 0x54,
    0xFC, 0x64, 0x3D, 0x65, 0xB4, 0x53, 0xCA, 0x19, 0xBA, 0x1C, 0x9A, 0x14, 0x95, 0x13, 0x4D, 0x12,
    0x27, 0x11, 0x27, 0x11, 0x0D, 0x0A, 0x59, 0x3D, 0xFF, 0xD7, 0x7E, 0x97, 0x6F, 0x13, 0x67, 0x11,
    0xC5, 0x08, 0x84, 0x00, 0x64, 0x00, 0x63, 0x00, 0x84, 0x00, 0xE6, 0x08, 0xC9, 0x09, 0xB8, 0x55,
    0xDF, 0xB7, 0xCD, 0x12, 0xC5, 0x08, 0xA5, 0x00, 0xA4, 0x00, 0xA4, 0x00, 0xA5, 0x00, 0xC5, 0x08,
    0xC5, 0x08, 0xC5, 0x08, 0xC5, 0x08, 0xC5, 0x08, 0xC5, 0x08, 0xC5, 0x08, 0xC5, 0x08, 0xC5, 0x08,
    0xC5, 0x08, 0xC5, 0x08, 0xC5, 0x08, 0xC5, 0x08, 0xA5, 0x00, 0xA5, 0x00, 0xA5, 0x00, 0xA5, 0x00,
    0xA4, 0x00, 0x84, 0x00, 0x84, 0x00, 0xA5, 0x08, 0x68, 0x01, 0x57, 0x55, 0xDF, 0xB7, 0x4E, 0x0B,
    0x26, 0x09, 0x84, 0x00, 0x43, 0x00, 0x43, 0x00, 0x43, 0x00, 0x43, 0x00, 0x43, 0x00, 0x43, 0x00,
    0x63, 0x00, 0xA5, 0x08, 0x67, 0x11, 0xB0, 0x1B, 0x7E, 0xA7, 0xFF, 0xEF, 0x18, 0x5E, 0xC9, 0x09,
    0xE6, 0x10, 0xC5, 0x08, 0xC5, 0x08, 0xE5, 0x10, 0xE5, 0x10, 0xE5, 0x10, 0xE5, 0x18, 0x05, 0x19,
    0x05, 0x19, 0x05, 0x19, 0xE5, 0x18, 0xE5, 0x10, 0xC4, 0x10, 0xA4, 0x08, 0xE6, 0x08, 0xC5, 0x08,
    0x10, 0x3B, 0x58, 0x95, 0xDC, 0xCE, 0xFD, 0xCE, 0x3E, 0xD7, 0x3E, 0xD7, 0x5E, 0xDF, 0x5E, 0xDF,
    0x7E, 0xDF, 0x5E, 0xDF, 0x5E, 0xDF, 0x1D, 0xD7, 0x3D, 0xDF, 0x6F, 0x5B, 0x27, 0x09, 0x27, 0x09,
    0xD1, 0x6B, 0x6C, 0x32, 0x27, 0x09, 0x48, 0x19, 0x47, 0x11, 0x0A, 0x2A, 0x46, 0x21, 0x68, 0x19,
    0xC8, 0x31, 0xC4, 0x10, 0xA5, 0x08, 0xC5, 0x10, 0x46, 0x21, 0xE5, 0x10, 0x26, 0x19, 0x70, 0x7B,
    0x75, 0xAB, 0x76, 0xB3, 0x76, 0xB3, 0x76, 0xB3, 0x76, 0xB3, 0x76, 0xB3, 0x76, 0xB3, 0x76, 0xB3,
    0x76, 0xB3, 0x76, 0xB3, 0x76, 0xB3, 0x76, 0xB3, 0x76, 0xB3, 0x76, 0xB3, 0x76, 0xB3, 0x76, 0xB3,
    0x76, 0xB3, 0x76, 0xB3, 0x76, 0xB3, 0x76, 0xB3, 0x76, 0xB3, 0x76, 0xB3, 0x76, 0xB3, 0x76, 0xB3,
    0x76, 0xB3, 0x76, 0xB3, 0x1C, 0x75, 0xDB, 0x6C, 0xF7, 0xAB, 0xDC, 0x5C, 0xFC, 0x64, 0xBB, 0x54,
    0x1C, 0xA6, 0xFF, 0xFF, 0xFF, 0xFF, 0xFF, 0xFF, 0xFF, 0xFF, 0xFF, 0xFF, 0xFF, 0xFF, 0xFF, 0xFF,
    0xFF, 0xFF, 0xFF, 0xFF, 0xFF, 0xFF, 0xFF, 0xFF, 0xFF, 0xFF, 0xFF, 0xFF, 0xFF, 0xFF, 0xFF, 0xFF,
    0xFF, 0xFF, 0xFF, 0xFF, 0xFF, 0xFF, 0xFF, 0xFF, 0xFF, 0xFF, 0xFF, 0xFF, 0xFF, 0xFF, 0xFF, 0xFF,
    0xFF, 0xFF, 0xFF, 0xFF, 0xFF, 0xFF, 0xFF, 0xFF, 0xFF, 0xFF, 0xFF, 0xFF, 0xFF, 0xFF, 0xFF, 0xFF,
    0xFF, 0xFF, 0xFF, 0xFF, 0xFF, 0xFF, 0xFF, 0xFF, 0xFF, 0xFF, 0xFF, 0xFF, 0xFF, 0xFF, 0xFF, 0xFF,
    0xFF, 0xFF, 0xFF, 0xFF, 0xFF, 0xFF, 0xFF, 0xFF, 0xFF, 0xFF, 0xFF, 0xFF, 0xFF, 0xFF, 0xFF, 0xFF,
    0xFF, 0xFF, 0xFF, 0xFF, 0xFF, 0xFF, 0xFF, 0xFF, 0xFF, 0xFF, 0xFF, 0xFF, 0xFF, 0xFF, 0xFF, 0xFF,
    0xFF, 0xFF, 0xFF, 0xFF, 0xFF, 0xFF, 0xFF, 0xFF, 0xFF, 0xFF, 0xFF, 0xFF, 0xFF, 0xFF, 0xFF, 0xFF,
    0xFF, 0xFF, 0xFF, 0xFF, 0xFF, 0xFF, 0xFF, 0xFF, 0xFF, 0xFF, 0xFF, 0xFF, 0xFF, 0xFF, 0xFF, 0xFF,
    0xFF, 0xFF, 0xFF, 0xFF, 0xFF, 0xFF, 0xFF, 0xFF, 0xFF, 0xFF, 0xFF, 0xFF, 0xFF, 0xFF, 0xFF, 0xFF,
    0xFF, 0xFF, 0xFF, 0xFF, 0xFF, 0xFF, 0xFF, 0xFF, 0xFF, 0xFF, 0xFF, 0xFF, 0xFF, 0xFF, 0xFF, 0xFF,
    0xFF, 0xFF, 0xFF, 0xFF, 0xFF, 0xFF, 0xFF, 0xFF, 0xFF, 0xFF, 0xFF, 0xFF, 0xFF, 0xFF, 0xFF, 0xFF,
    0xFF, 0xFF, 0xFF, 0xFF, 0xFF, 0xFF, 0xFF, 0xFF, 0xFF, 0xFF, 0xFF, 0xFF, 0xFF, 0xFF, 0xFF, 0xFF,
    0xFF, 0xFF, 0xFF, 0xFF, 0xFF, 0xFF, 0xFF, 0xFF, 0xFF, 0xFF, 0xFF, 0xFF, 0xFF, 0xFF, 0xFF, 0xFF,
    0xFF, 0xFF, 0xFF, 0xFF, 0xFF, 0xFF, 0xFF, 0xFF, 0xFF, 0xFF, 0xFF, 0xFF, 0xFF, 0xFF, 0xFF, 0xFF,
    0xFF, 0xFF, 0xFF, 0xFF, 0xFF, 0xFF, 0xFF, 0xFF, 0xFF, 0xFF, 0xFF, 0xFF, 0xFF, 0xFF, 0xFF, 0xFF,
    0xFF, 0xFF, 0xFF, 0xFF, 0xFF, 0xFF, 0xFF, 0xFF, 0xFF, 0xFF, 0xFF, 0xFF, 0xFF, 0xFF, 0xFF, 0xFF,
    0xFF, 0xFF, 0xFF, 0xFF, 0xFF, 0xFF, 0xFF, 0xFF, 0xFF, 0xFF, 0xFF, 0xFF, 0xFF, 0xFF, 0xFF, 0xFF,
    0xFF, 0xFF, 0xFF, 0xFF, 0xFF, 0xFF, 0xFF, 0xFF, 0xFF, 0xFF, 0xFF, 0xFF, 0xFF, 0xFF, 0xFF, 0xFF,
    0xFF, 0xFF, 0xFF, 0xFF, 0xFF, 0xFF, 0xFF, 0xFF, 0xFF, 0xFF, 0xFF, 0xFF, 0xFF, 0xFF, 0xFF, 0xFF,
    0xFF, 0xFF, 0xFF, 0xFF, 0xFF, 0xFF, 0xFF, 0xFF, 0xFF, 0xFF, 0x9F, 0xEF, 0xFC, 0x64, 0xDC, 0x5C,
    0xDC, 0x64, 0x3E, 0x65, 0x94, 0x43, 0xA9, 0x19, 0x79, 0x14, 0x9A, 0x14, 0xB6, 0x13, 0x8F, 0x12,
    0x48, 0x11, 0x48, 0x11, 0xB0, 0x02, 0x9C, 0x7E, 0xFF, 0xD7, 0xF5, 0x34, 0xA8, 0x11, 0xC5, 0x08,
    0x84, 0x00, 0x84, 0x00, 0x84, 0x00, 0x63, 0x00, 0x63, 0x00, 0x84, 0x00, 0x05, 0x09, 0x0E, 0x13,
    0x7E, 0x97, 0xF1, 0x33, 0xE6, 0x00, 0xA5, 0x08, 0xA5, 0x00, 0xA5, 0x00, 0xA5, 0x00, 0xA5, 0x08,
    0xC5, 0x08, 0xC5, 0x08, 0xC5, 0x08, 0xC5, 0x08, 0xC5, 0x08, 0xC5, 0x08, 0xC6, 0x08, 0xC6, 0x08,
    0xC5, 0x08, 0xC5, 0x08, 0xC5, 0x08, 0xC5, 0x08, 0xC5, 0x08, 0xC5, 0x08, 0xA5, 0x08, 0xA5, 0x00,
    0xA4, 0x00, 0xA4, 0x00, 0xA4, 0x00, 0xC6, 0x08, 0xCA, 0x01, 0xBC, 0x86, 0xB7, 0x5D, 0x67, 0x01,
    0xA5, 0x00, 0x63, 0x00, 0x43, 0x00, 0x43, 0x00, 0x43, 0x00, 0x43, 0x00, 0x63, 0x00, 0x43, 0x00,
    0x63, 0x00, 0x64, 0x00, 0xC5, 0x08, 0xC9, 0x11, 0x36, 0x3D, 0xFF, 0xE7, 0x9E, 0xA7, 0x0D, 0x13,
    0x06, 0x11, 0xC5, 0x08, 0xE5, 0x10, 0xE5, 0x10, 0xE5, 0x10, 0xE5, 0x10, 0xE6, 0x18, 0x06, 0x19,
    0x05, 0x19, 0x05, 0x19, 0xE5, 0x18, 0xE5, 0x10, 0xA4, 0x10, 0xA4, 0x08, 0xC5, 0x08, 0xE6, 0x08,
    0x72, 0x4B, 0x99, 0xA5, 0xDD, 0xCE, 0xFD, 0xCE, 0x3E, 0xD7, 0x3E, 0xD7, 0x5E, 0xDF, 0x5E, 0xDF,
    0x5E, 0xDF, 0x5E, 0xDF, 0x5E, 0xDF, 0x1D, 0xD7, 0x1D, 0xD7, 0x4F, 0x5B, 0x68, 0x11, 0x89, 0x11,
    0x12, 0x6C, 0x6C, 0x32, 0x69, 0x09, 0xA9, 0x19, 0x68, 0x11, 0x09, 0x32, 0x67, 0x21, 0x89, 0x21,
    0xC8, 0x31, 0xC4, 0x10, 0xC5, 0x10, 0x05, 0x19, 0xA7, 0x31, 0xE5, 0x18, 0x66, 0x29, 0x91, 0x8B,
    0x75, 0xAB, 0x76, 0xB3, 0x76, 0xB3, 0x76, 0xB3, 0x76, 0xB3, 0x76, 0xB3, 0x76, 0xB3, 0x76, 0xB3,
    0x76, 0xB3, 0x76, 0xB3, 0x76, 0xB3, 0x76, 0xB3, 0x76, 0xB3, 0x76, 0xB3, 0x76, 0xB3, 0x76, 0xB3,
    0x76, 0xB3, 0x76, 0xB3, 0x76, 0xB3, 0x76, 0xB3, 0x76, 0xB3, 0x76, 0xB3, 0x76, 0xB3, 0x76, 0xB3,
    0x76, 0xB3, 0x76, 0xB3, 0x7D, 0x75, 0xBB, 0x6C, 0x78, 0xA4, 0x1D, 0x65, 0xDC, 0x64, 0xBC, 0x54,
    0x1C, 0xA6, 0xFF, 0xFF, 0xFF, 0xFF, 0xFF, 0xFF, 0xFF, 0xFF, 0xFF, 0xFF, 0xFF, 0xFF, 0xFF, 0xFF,
    0xFF, 0xFF, 0xFF, 0xFF, 0xFF, 0xFF, 0xFF, 0xFF, 0xFF, 0xFF, 0xFF, 0xFF, 0xFF, 0xFF, 0xFF, 0xFF,
    0xFF, 0xFF, 0xFF, 0xFF, 0xFF, 0xFF, 0xFF, 0xFF, 0xFF, 0xFF, 0xFF, 0xFF, 0xFF, 0xFF, 0xFF, 0xFF,
    0xFF, 0xFF, 0xFF, 0xFF, 0xFF, 0xFF, 0xFF, 0xFF, 0xFF, 0xFF, 0xFF, 0xFF, 0xFF, 0xFF, 0xFF, 0xFF,
    0xFF, 0xFF, 0xFF, 0xFF, 0xFF, 0xFF, 0xFF, 0xFF, 0xFF, 0xFF, 0xFF, 0xFF, 0xFF, 0xFF, 0xFF, 0xFF,
    0xFF, 0xFF, 0xFF, 0xFF, 0xFF, 0xFF, 0xFF, 0xFF, 0xFF, 0xFF, 0xFF, 0xFF, 0xFF, 0xFF, 0xFF, 0xFF,
    0xFF, 0xFF, 0xFF, 0xFF, 0xFF, 0xFF, 0xFF, 0xFF, 0xFF, 0xFF, 0xFF, 0xFF, 0xFF, 0xFF, 0xFF, 0xFF,
    0xFF, 0xFF, 0xFF, 0xFF, 0xFF, 0xFF, 0xFF, 0xFF, 0xFF, 0xFF, 0xFF, 0xFF, 0xFF, 0xFF, 0xFF, 0xFF,
    0xFF, 0xFF, 0xFF, 0xFF, 0xFF, 0xFF, 0xFF, 0xFF, 0xFF, 0xFF, 0xFF, 0xFF, 0xFF, 0xFF, 0xFF, 0xFF,
    0xFF, 0xFF, 0xFF, 0xFF, 0xFF, 0xFF, 0xFF, 0xFF, 0xFF, 0xFF, 0xFF, 0xFF, 0xFF, 0xFF, 0xFF, 0xFF,
    0xFF, 0xFF, 0xFF, 0xFF, 0xFF, 0xFF, 0xFF, 0xFF, 0xFF, 0xFF, 0xFF, 0xFF, 0xFF, 0xFF, 0xFF, 0xFF,
    0xFF, 0xFF, 0xFF, 0xFF, 0xFF, 0xFF, 0xFF, 0xFF, 0xFF, 0xFF, 0xFF, 0xFF, 0xFF, 0xFF, 0xFF, 0xFF,
    0xFF, 0xFF, 0xFF, 0xFF, 0xFF, 0xFF, 0xFF, 0xFF, 0xFF, 0xFF, 0xFF, 0xFF, 0xFF, 0xFF, 0xFF, 0xFF,
    0xFF, 0xFF, 0xFF, 0xFF, 0xFF, 0xFF, 0xFF, 0xFF, 0xFF, 0xFF, 0xFF, 0xFF, 0xFF, 0xFF, 0xFF, 0xFF,
    0xFF, 0xFF, 0xFF, 0xFF, 0xFF, 0xFF, 0xFF, 0xFF, 0xFF, 0xFF, 0xFF, 0xFF, 0xFF, 0xFF, 0xFF, 0xFF,
    0xFF, 0xFF, 0xFF, 0xFF, 0xFF, 0xFF, 0xFF, 0xFF, 0xFF, 0xFF, 0xFF, 0xFF, 0xFF, 0xFF, 0xFF, 0xFF,
    0xFF, 0xFF, 0xFF, 0xFF, 0xFF, 0xFF, 0xFF, 0xFF, 0xFF, 0xFF, 0xFF, 0xFF, 0xFF, 0xFF, 0xFF, 0xFF,
    0xFF, 0xFF, 0xFF, 0xFF, 0xFF, 0xFF, 0xFF, 0xFF, 0xFF, 0xFF, 0xFF, 0xFF, 0xFF, 0xFF, 0xFF, 0xFF,
    0xFF, 0xFF, 0xFF, 0xFF, 0xFF, 0xFF, 0xFF, 0xFF, 0xFF, 0xFF, 0xFF, 0xFF, 0xFF, 0xFF, 0xFF, 0xFF,
    0xFF, 0xFF, 0xFF, 0xFF, 0xFF, 0xFF, 0xFF, 0xFF, 0xFF, 0xFF, 0xFF, 0xFF, 0xFF, 0xFF, 0xFF, 0xFF,
    0xFF, 0xFF, 0xFF, 0xFF, 0xFF, 0xFF, 0xFF, 0xFF, 0xFF, 0xFF, 0xBC, 0x8D, 0xBC, 0x54, 0xDC, 0x64,
    0xDC, 0x5C, 0x3E, 0x65, 0x52, 0x43, 0x88, 0x21, 0x38, 0x14, 0x9B, 0x14, 0xB6, 0x13, 0xB0, 0x12,
    0x89, 0x11, 0x69, 0x11, 0x73, 0x0B, 0x9F, 0xAF, 0x7D, 0x9F, 0xED, 0x12, 0x06, 0x11, 0xA5, 0x00,
    0x84, 0x00, 0x84, 0x00, 0x84, 0x00, 0x64, 0x00, 0x64, 0x00, 0x64, 0x00, 0xA4, 0x08, 0xA9, 0x09,
    0xF9, 0x65, 0xF4, 0x4C, 0x06, 0x01, 0xC5, 0x08, 0xA5, 0x00, 0xA5, 0x00, 0xA5, 0x08, 0xC5, 0x08,
    0xC5, 0x08, 0xC5, 0x08, 0xE5, 0x08, 0xE6, 0x08, 0xE6, 0x08, 0xE6, 0x08, 0xE6, 0x08, 0xE6, 0x08,
    0xE6, 0x08, 0xE6, 0x08, 0xE6, 0x08, 0xC6, 0x08, 0xC5, 0x08, 0xC5, 0x08, 0xC5, 0x08, 0xC5, 0x00,
    0xA5, 0x00, 0xA5, 0x00, 0xA5, 0x00, 0xE6, 0x08, 0x6C, 0x12, 0xDC, 0x86, 0x8E, 0x23, 0xE5, 0x00,
    0x84, 0x00, 0x63, 0x00, 0x43, 0x00, 0x63, 0x00, 0x63, 0x00, 0x63, 0x00, 0x63, 0x00, 0x63, 0x00,
    0x63, 0x00, 0x63, 0x00, 0x84, 0x00, 0x26, 0x11, 0x2E, 0x13, 0x5E, 0xA7, 0xFF, 0xDF, 0x72, 0x2C,
    0x47, 0x11, 0xE5, 0x10, 0xE5, 0x10, 0xE5, 0x10, 0xE6, 0x10, 0x06, 0x19, 0x05, 0x19, 0x05, 0x19,
    0x05, 0x19, 0x05, 0x19, 0xE5, 0x18, 0xE5, 0x10, 0xA4, 0x08, 0xC5, 0x08, 0xC5, 0x08, 0x27, 0x11,
    0xF3, 0x53, 0xDA, 0xAD, 0xDD, 0xCE, 0xFD, 0xCE, 0x3E, 0xD7, 0x5E, 0xD7, 0x5E, 0xDF, 0x5E, 0xDF,
    0x5E, 0xDF, 0x5E, 0xDF, 0x5E, 0xDF, 0x1D, 0xD7, 0x1D, 0xD7, 0x4F, 0x53, 0xA9, 0x19, 0xA9, 0x19,
    0x32, 0x74, 0x8D, 0x32, 0xAA, 0x11, 0xEA, 0x19, 0x89, 0x11, 0x2A, 0x32, 0x87, 0x21, 0xA9, 0x21,
    0xE8, 0x31, 0x05, 0x19, 0xE5, 0x10, 0x87, 0x31, 0xC7, 0x41, 0xE5, 0x20, 0xE8, 0x49, 0xB2, 0x93,
    0x56, 0xB3, 0x76, 0xB3, 0x76, 0xB3, 0x76, 0xB3, 0x76, 0xB3, 0x76, 0xB3, 0x76, 0xB3, 0x76, 0xB3,
    0x76, 0xB3, 0x76, 0xB3, 0x76, 0xB3, 0x76, 0xB3, 0x76, 0xB3, 0x76, 0xB3, 0x76, 0xB3, 0x76, 0xB3,
    0x76, 0xB3, 0x76, 0xB3, 0x76, 0xB3, 0x76, 0xB3, 0x76, 0xB3, 0x76, 0xB3, 0x76, 0xB3, 0x76, 0xB3,
    0x76, 0xB3, 0x76, 0xB3, 0x3C, 0x6D, 0xBB, 0x74, 0x58, 0x9C, 0x1D, 0x65, 0xDC, 0x64, 0xBC, 0x54,
    0x1C, 0x9E, 0xFF, 0xFF, 0xFF, 0xFF, 0xFF, 0xFF, 0xFF, 0xFF, 0xFF, 0xFF, 0xFF, 0xFF, 0xFF, 0xFF,
    0xFF, 0xFF, 0xFF, 0xFF, 0xFF, 0xFF, 0xFF, 0xFF, 0xFF, 0xFF, 0xFF, 0xFF, 0xFF, 0xFF, 0xFF, 0xFF,
    0xFF, 0xFF, 0xFF, 0xFF, 0xFF, 0xFF, 0xFF, 0xFF, 0xFF, 0xFF, 0xFF, 0xFF, 0xFF, 0xFF, 0xFF, 0xFF,
    0xFF, 0xFF, 0xFF, 0xFF, 0xFF, 0xFF, 0xFF, 0xFF, 0xFF, 0xFF, 0xFF, 0xFF, 0xFF, 0xFF, 0xFF, 0xFF,
    0xFF, 0xFF, 0xFF, 0xFF, 0xFF, 0xFF, 0xFF, 0xFF, 0xFF, 0xFF, 0xFF, 0xFF, 0xFF, 0xFF, 0xFF, 0xFF,
    0xFF, 0xFF, 0xFF, 0xFF, 0xFF, 0xFF, 0xFF, 0xFF, 0xFF, 0xFF, 0xFF, 0xFF, 0xFF, 0xFF, 0xFF, 0xFF,
    0xFF, 0xFF, 0xFF, 0xFF, 0xFF, 0xFF, 0xFF, 0xFF, 0xFF, 0xFF, 0xFF, 0xFF, 0xFF, 0xFF, 0xFF, 0xFF,
    0xFF, 0xFF, 0xFF, 0xFF, 0xFF, 0xFF, 0xFF, 0xFF, 0xFF, 0xFF, 0xFF, 0xFF, 0xFF, 0xFF, 0xFF, 0xFF,
    0xFF, 0xFF, 0xFF, 0xFF, 0xFF, 0xFF, 0xFF, 0xFF, 0xFF, 0xFF, 0xFF, 0xFF, 0xFF, 0xFF, 0xFF, 0xFF,
    0xFF, 0xFF, 0xFF, 0xFF, 0xFF, 0xFF, 0xFF, 0xFF, 0xFF, 0xFF, 0xFF, 0xFF, 0xFF, 0xFF, 0xFF, 0xFF,
    0xFF, 0xFF, 0xFF, 0xFF, 0xFF, 0xFF, 0xFF, 0xFF, 0xFF, 0xFF, 0xFF, 0xFF, 0xFF, 0xFF, 0xFF, 0xFF,
    0xFF, 0xFF, 0xFF, 0xFF, 0xFF, 0xFF, 0xFF, 0xFF, 0xFF, 0xFF, 0xFF, 0xFF, 0xFF, 0xFF, 0xFF, 0xFF,
    0xFF, 0xFF, 0xFF, 0xFF, 0xFF, 0xFF, 0xFF, 0xFF, 0xFF, 0xFF, 0xFF, 0xFF, 0xFF, 0xFF, 0xFF, 0xFF,
    0xFF, 0xFF, 0xFF, 0xFF, 0xFF, 0xFF, 0xFF, 0xFF, 0xFF, 0xFF, 0xFF, 0xFF, 0xFF, 0xFF, 0xFF, 0xFF,
    0xFF, 0xFF, 0xFF, 0xFF, 0xFF, 0xFF, 0xFF, 0xFF, 0xFF, 0xFF, 0xFF, 0xFF, 0xFF, 0xFF, 0xFF, 0xFF,
    0xFF, 0xFF, 0xFF, 0xFF, 0xFF, 0xFF, 0xFF, 0xFF, 0xFF, 0xFF, 0xFF, 0xFF, 0xFF, 0xFF, 0xFF, 0xFF,
    0xFF, 0xFF, 0xFF, 0xFF, 0xFF, 0xFF, 0xFF, 0xFF, 0xFF, 0xFF, 0xFF, 0xFF, 0xFF, 0xFF, 0xFF, 0xFF,
    0xFF, 0xFF, 0xFF, 0xFF, 0xFF, 0xFF, 0xFF, 0xFF, 0xFF, 0xFF, 0xFF, 0xFF, 0xFF, 0xFF, 0xFF, 0xFF,
    0xFF, 0xFF, 0xFF, 0xFF, 0xFF, 0xFF, 0xFF, 0xFF, 0xFF, 0xFF, 0xFF, 0xFF, 0xFF, 0xFF, 0xFF, 0xFF,
    0xFF, 0xFF, 0xFF, 0xFF, 0xFF, 0xFF, 0xFF, 0xFF, 0xFF, 0xFF, 0xFF, 0xFF, 0xFF, 0xFF, 0xFF, 0xFF,
    0xFF, 0xFF, 0xFF, 0xFF, 0xFF, 0xFF, 0xFF, 0xFF, 0x9D, 0xBE, 0x9C, 0x54, 0xFC, 0x64, 0xDC, 0x5C,
    0x3B, 0x6D, 0xFC, 0x64, 0xAE, 0x3A, 0x68, 0x21, 0xD5, 0x13, 0xBB, 0x0C, 0xD7, 0x0B, 0xF1, 0x12,
    0xCA, 0x11, 0xAA, 0x11, 0x16, 0x14, 0xFF, 0xCF, 0xF8, 0x65, 0xE9, 0x09, 0xC5, 0x08, 0xA4, 0x00,
    0x84, 0x00, 0x84, 0x00, 0x84, 0x00, 0x84, 0x00, 0x84, 0x00, 0x84, 0x00, 0xA4, 0x00, 0x06, 0x09,
    0x54, 0x34, 0x56, 0x4D, 0x47, 0x09, 0xC5, 0x08, 0xC5, 0x00, 0xC5, 0x08, 0xC5, 0x08, 0xC6, 0x08,
    0xE6, 0x08, 0xE6, 0x08, 0xE6, 0x08, 0xE6, 0x08, 0x06, 0x09, 0x06, 0x09, 0x07, 0x09, 0x07, 0x09,
    0x07, 0x09, 0x07, 0x09, 0x06, 0x09, 0xE6, 0x08, 0xE6, 0x08, 0xE6, 0x08, 0xE6, 0x08, 0xE6, 0x08,
    0xC6, 0x08, 0xC5, 0x08, 0xC5, 0x08, 0x06, 0x09, 0x0F, 0x1B, 0x3A, 0x6E, 0x29, 0x0A, 0xC5, 0x08,
    0x84, 0x00, 0x64, 0x00, 0x63, 0x00, 0x63, 0x00, 0x63, 0x00, 0x63, 0x00, 0x63, 0x00, 0x63, 0x00,
    0x64, 0x00, 0x84, 0x00, 0x84, 0x00, 0xC5, 0x08, 0x0A, 0x12, 0xF9, 0x65, 0xFF, 0xF7, 0x96, 0x4D,
    0xA8, 0x11, 0x06, 0x11, 0xE5, 0x10, 0x05, 0x11, 0x05, 0x19, 0x06, 0x19, 0x06, 0x19, 0x06, 0x19,
    0x06, 0x19, 0x06, 0x19, 0xE6, 0x10, 0xE6, 0x10, 0xC5, 0x08, 0xE5, 0x08, 0xA5, 0x08, 0x89, 0x19,
    0x55, 0x64, 0x3A, 0xB6, 0xFD, 0xCE, 0xFD, 0xCE, 0x3E, 0xD7, 0x5E, 0xD7, 0x5E, 0xDF, 0x5E, 0xDF,
    0x5E, 0xDF, 0x5E, 0xDF, 0x5E, 0xDF, 0x1D, 0xD7, 0xFC, 0xCE, 0x2F, 0x53, 0xC9, 0x19, 0xCA, 0x19,
    0x53, 0x74, 0xAD, 0x3A, 0xEB, 0x19, 0x0B, 0x22, 0xCA, 0x19, 0x4A, 0x3A, 0x87, 0x29, 0x89, 0x21,
    0xE9, 0x39, 0x25, 0x29, 0x05, 0x19, 0x29, 0x4A, 0x86, 0x41, 0x45, 0x39, 0x0C, 0x7B, 0xB3, 0x9B,
    0x56, 0xB3, 0x76, 0xB3, 0x76, 0xB3, 0x76, 0xB3, 0x76, 0xB3, 0x76, 0xB3, 0x76, 0xB3, 0x76, 0xB3,
    0x76, 0xB3, 0x76, 0xB3, 0x76, 0xB3, 0x76, 0xB3, 0x76, 0xB3, 0x76, 0xB3, 0x76, 0xB3, 0x76, 0xB3,
    0x76, 0xB3, 0x76, 0xB3, 0x76, 0xB3, 0x76, 0xB3, 0x76, 0xB3, 0x76, 0xB3, 0x76, 0xB3, 0x76, 0xB3,
    0x76, 0xB3, 0x76, 0xB3, 0x3D, 0x6D, 0xBB, 0x6C, 0x58, 0x9C, 0x1D, 0x65, 0xDC, 0x64, 0xBC, 0x54,
    0xFD, 0x95, 0xFF, 0xFF, 0xFF, 0xFF, 0xFF, 0xFF, 0xFF, 0xFF, 0xFF, 0xFF, 0xFF, 0xFF, 0xFF, 0xFF,
    0xFF, 0xFF, 0xFF, 0xFF, 0xFF, 0xFF, 0xFF, 0xFF, 0xFF, 0xFF, 0xFF, 0xFF, 0xFF, 0xFF, 0xFF, 0xFF,
    0xFF, 0xFF, 0xFF, 0xFF, 0xFF, 0xFF, 0xFF, 0xFF, 0xFF, 0xFF, 0xFF, 0xFF, 0xFF, 0xFF, 0xFF, 0xFF,
    0xFF, 0xFF, 0xFF, 0xFF, 0xFF, 0xFF, 0xFF, 0xFF, 0xFF, 0xFF, 0xFF, 0xFF, 0xFF, 0xFF, 0xFF, 0xFF,
    0xFF, 0xFF, 0xFF, 0xFF, 0xFF, 0xFF, 0xFF, 0xFF, 0xFF, 0xFF, 0xFF, 0xFF, 0xFF, 0xFF, 0xFF, 0xFF,
    0xFF, 0xFF, 0xFF, 0xFF, 0xFF, 0xFF, 0xFF, 0xFF, 0xFF, 0xFF, 0xFF, 0xFF, 0xFF, 0xFF, 0xFF, 0xFF,
    0xFF, 0xFF, 0xFF, 0xFF, 0xFF, 0xFF, 0xFF, 0xFF, 0xFF, 0xFF, 0xFF, 0xFF, 0xFF, 0xFF, 0xFF, 0xFF,
    0xFF, 0xFF, 0xFF, 0xFF, 0xFF, 0xFF, 0xFF, 0xFF, 0xFF, 0xFF, 0xFF, 0xFF, 0xFF, 0xFF, 0xFF, 0xFF,
    0xFF, 0xFF, 0xFF, 0xFF, 0xFF, 0xFF, 0xFF, 0xFF, 0xFF, 0xFF, 0xFF, 0xFF, 0xFF, 0xFF, 0xFF, 0xFF,
    0xFF, 0xFF, 0xFF, 0xFF, 0xFF, 0xFF, 0xFF, 0xFF, 0xFF, 0xFF, 0xFF, 0xFF, 0xFF, 0xFF, 0xFF, 0xFF,
    0xFF, 0xFF, 0xFF, 0xFF, 0xFF, 0xFF, 0xFF, 0xFF, 0xFF, 0xFF, 0xFF, 0xFF, 0xFF, 0xFF, 0xFF, 0xFF,
    0xFF, 0xFF, 0xFF, 0xFF, 0xFF, 0xFF, 0xFF, 0xFF, 0xFF, 0xFF, 0xFF, 0xFF, 0xFF, 0xFF, 0xFF, 0xFF,
    0xFF, 0xFF, 0xFF, 0xFF, 0xFF, 0xFF, 0xFF, 0xFF, 0xFF, 0xFF, 0xFF, 0xFF, 0xFF, 0xFF, 0xFF, 0xFF,
    0xFF, 0xFF, 0xFF, 0xFF, 0xFF, 0xFF, 0xFF, 0xFF, 0xFF, 0xFF, 0xFF, 0xFF, 0xFF, 0xFF, 0xFF, 0xFF,
    0xFF, 0xFF, 0xFF, 0xFF, 0xFF, 0xFF, 0xFF, 0xFF, 0xFF, 0xFF, 0xFF, 0xFF, 0xFF, 0xFF, 0xFF, 0xFF,
    0xFF, 0xFF, 0xFF, 0xFF, 0xFF, 0xFF, 0xFF, 0xFF, 0xFF, 0xFF, 0xFF, 0xFF, 0xFF, 0xFF, 0xFF, 0xFF,
    0xFF, 0xFF, 0xFF, 0xFF, 0xFF, 0xFF, 0xFF, 0xFF, 0xFF, 0xFF, 0xFF, 0xFF, 0xFF, 0xFF, 0xFF, 0xFF,
    0xFF, 0xFF, 0xFF, 0xFF, 0xFF, 0xFF, 0xFF, 0xFF, 0xFF, 0xFF, 0xFF, 0xFF, 0xFF, 0xFF, 0xFF, 0xFF,
    0xFF, 0xFF, 0xFF, 0xFF, 0xFF, 0xFF, 0xFF, 0xFF, 0xFF, 0xFF, 0xFF, 0xFF, 0xFF, 0xFF, 0xFF, 0xFF,
    0xFF, 0xFF, 0xFF, 0xFF, 0xFF, 0xFF, 0xFF, 0xFF, 0xFF, 0xFF, 0xFF, 0xFF, 0xFF, 0xFF, 0xFF, 0xFF,
    0xFF, 0xFF, 0xFF, 0xFF, 0xFF, 0xFF, 0x3E, 0xDF, 0xBB, 0x5C, 0xDC, 0x64, 0xDC, 0x5C, 0x1B, 0x75,
    0x5C, 0x75, 0x98, 0x64, 0x0B, 0x2A, 0x68, 0x21, 0x73, 0x13, 0xDB, 0x0C, 0xD7, 0x0B, 0x12, 0x13,
    0x0C, 0x1A, 0xEC, 0x09, 0x97, 0x24, 0xFF, 0xCF, 0xD3, 0x3C, 0x67, 0x09, 0xC5, 0x08, 0xA4, 0x08,
    0xA4, 0x00, 0x84, 0x00, 0x84, 0x00, 0x84, 0x00, 0x84, 0x00, 0x84, 0x00, 0xA4, 0x00, 0xE5, 0x08,
    0x50, 0x23, 0x56, 0x4D, 0x87, 0x09, 0xE6, 0x08, 0xC6, 0x08, 0xC6, 0x08, 0xE6, 0x08, 0xE6, 0x08,
    0xE6, 0x08, 0x07, 0x09, 0x07, 0x09, 0x07, 0x09, 0x07, 0x09, 0x27, 0x09, 0x27, 0x09, 0x27, 0x09,
    0x27, 0x09, 0x27, 0x09, 0x27, 0x09, 0x07, 0x09, 0x07, 0x09, 0x07, 0x09, 0x07, 0x09, 0xE6, 0x08,
    0xE6, 0x08, 0xE6, 0x08, 0xE6, 0x08, 0x07, 0x09, 0x71, 0x23, 0x76, 0x55, 0x87, 0x09, 0xC6, 0x08,
    0xA5, 0x00, 0x85, 0x00, 0x84, 0x00, 0x84, 0x00, 0x84, 0x00, 0x84, 0x00, 0x84, 0x00, 0x84, 0x00,
    0x84, 0x00, 0x84, 0x00, 0xA5, 0x00, 0xC5, 0x08, 0x88, 0x11, 0xB5, 0x34, 0xFF, 0xE7, 0x18, 0x6E,
    0x0A, 0x0A, 0x26, 0x19, 0x06, 0x11, 0x06, 0x11, 0x26, 0x11, 0x27, 0x19, 0x27, 0x19, 0x47, 0x19,
    0x48, 0x19, 0x48, 0x19, 0x47, 0x19, 0x27, 0x11, 0x27, 0x11, 0x06, 0x09, 0xA4, 0x08, 0x0B, 0x22,
    0xB6, 0x74, 0x7B, 0xBE, 0xFD, 0xCE, 0x1D, 0xCF, 0x3E, 0xD7, 0x5E, 0xD7, 0x5E, 0xDF, 0x5E, 0xDF,
    0x5E, 0xDF, 0x5E, 0xDF, 0x3E, 0xDF, 0x1D, 0xD7, 0xDC, 0xCE, 0x0E, 0x4B, 0xCA, 0x19, 0xCA, 0x19,
    0x52, 0x74, 0xCD, 0x3A, 0x0B, 0x1A, 0x2C, 0x2A, 0xEB, 0x21, 0x4A, 0x3A, 0x87, 0x62, 0xCC, 0x8B,
    0x09, 0x42, 0x05, 0x21, 0x46, 0x29, 0x6C, 0x83, 0x24, 0x39, 0x86, 0x49, 0x30, 0xA4, 0x94, 0xA3,
    0x76, 0xB3, 0x75, 0xB3, 0x76, 0xB3, 0x76, 0xB3, 0x76, 0xB3, 0x76, 0xB3, 0x76, 0xB3, 0x76, 0xB3,
    0x76, 0xB3, 0x76, 0xB3, 0x76, 0xB3, 0x76, 0xB3, 0x76, 0xB3, 0x76, 0xB3, 0x76, 0xB3, 0x76, 0xB3,
    0x76, 0xB3, 0x76, 0xB3, 0x76, 0xB3, 0x76, 0xB3, 0x76, 0xB3, 0x76, 0xB3, 0x76, 0xB3, 0x76, 0xB3,
    0x76, 0xB3, 0x76, 0xB3, 0x5D, 0x75, 0xBB, 0x6C, 0x58, 0x9C, 0x1D, 0x65, 0xDC, 0x64, 0xBC, 0x54,
    0xFD, 0x95, 0xFF, 0xFF, 0xFF, 0xFF, 0xFF, 0xFF, 0xFF, 0xFF, 0xFF, 0xFF, 0xFF, 0xFF, 0xFF, 0xFF,
    0xFF, 0xFF, 0xFF, 0xFF, 0xFF, 0xFF, 0xFF, 0xFF, 0xFF, 0xFF, 0xFF, 0xFF, 0xFF, 0xFF, 0xFF, 0xFF,
    0xFF, 0xFF, 0xFF, 0xFF, 0xFF, 0xFF, 0xFF, 0xFF, 0xFF, 0xFF, 0xFF, 0xFF, 0xFF, 0xFF, 0xFF, 0xFF,
    0xFF, 0xFF, 0xFF, 0xFF, 0xFF, 0xFF, 0xFF, 0xFF, 0xFF, 0xFF, 0xFF, 0xFF, 0xFF, 0xFF, 0xFF, 0xFF,
    0xFF, 0xFF, 0xFF, 0xFF, 0xFF, 0xFF, 0xFF, 0xFF, 0xFF, 0xFF, 0xFF, 0xFF, 0xFF, 0xFF, 0xFF, 0xFF,
    0xFF, 0xFF, 0xFF, 0xFF, 0xFF, 0xFF, 0xFF, 0xFF, 0xFF, 0xFF, 0xFF, 0xFF, 0xFF, 0xFF, 0xFF, 0xFF,
    0xFF, 0xFF, 0xFF, 0xFF, 0xFF, 0xFF, 0xFF, 0xFF, 0xFF, 0xFF, 0xFF, 0xFF, 0xFF, 0xFF, 0xFF, 0xFF,
    0xFF, 0xFF, 0xFF, 0xFF, 0xFF, 0xFF, 0xFF, 0xFF, 0xFF, 0xFF, 0xFF, 0xFF, 0xFF, 0xFF, 0xFF, 0xFF,
    0xFF, 0xFF, 0xFF, 0xFF, 0xFF, 0xFF, 0xFF, 0xFF, 0xFF, 0xFF, 0xFF, 0xFF, 0xFF, 0xFF, 0xFF, 0xFF,
    0xFF, 0xFF, 0xFF, 0xFF, 0xFF, 0xFF, 0xFF, 0xFF, 0xFF, 0xFF, 0xFF, 0xFF, 0xFF, 0xFF, 0xFF, 0xFF,
    0xFF, 0xFF, 0xFF, 0xFF, 0xFF, 0xFF, 0xFF, 0xFF, 0xFF, 0xFF, 0xFF, 0xFF, 0xFF, 0xFF, 0xFF, 0xFF,
    0xFF, 0xFF, 0xFF, 0xFF, 0xFF, 0xFF, 0xFF, 0xFF, 0xFF, 0xFF, 0xFF, 0xFF, 0xFF, 0xFF, 0xFF, 0xFF,
    0xFF, 0xFF, 0xFF, 0xFF, 0xFF, 0xFF, 0xFF, 0xFF, 0xFF, 0xFF, 0xFF, 0xFF, 0xFF, 0xFF, 0xFF, 0xFF,
    0xFF, 0xFF, 0xFF, 0xFF, 0xFF, 0xFF, 0xFF, 0xFF, 0xFF, 0xFF, 0xFF, 0xFF, 0xFF, 0xFF, 0xFF, 0xFF,
    0xFF, 0xFF, 0xFF, 0xFF, 0xFF, 0xFF, 0xFF, 0xFF, 0xFF, 0xFF, 0xFF, 0xFF, 0xFF, 0xFF, 0xFF, 0xFF,
    0xFF, 0xFF, 0xFF, 0xFF, 0xFF, 0xFF, 0xFF, 0xFF, 0xFF, 0xFF, 0xFF, 0xFF, 0xFF, 0xFF, 0xFF, 0xFF,
    0xFF, 0xFF, 0xFF, 0xFF, 0xFF, 0xFF, 0xFF, 0xFF, 0xFF, 0xFF, 0xFF, 0xFF, 0xFF, 0xFF, 0xFF, 0xFF,
    0xFF, 0xFF, 0xFF, 0xFF, 0xFF, 0xFF, 0xFF, 0xFF, 0xFF, 0xFF, 0xFF, 0xFF, 0xFF, 0xFF, 0xFF, 0xFF,
    0xFF, 0xFF, 0xFF, 0xFF, 0xFF, 0xFF, 0xFF, 0xFF, 0xFF, 0xFF, 0xFF, 0xFF, 0xFF, 0xFF, 0xFF, 0xFF,
    0xFF, 0xFF, 0xFF, 0xFF, 0xFF, 0xFF, 0xFF, 0xFF, 0xFF, 0xFF, 0xFF, 0xFF, 0xFF, 0xFF, 0xFF, 0xFF,
    0xFF, 0xFF, 0xFF, 0xFF, 0xBF, 0xF7, 0x3C, 0x6D, 0xBC, 0x5C, 0xFC, 0x64, 0x1C, 0x6D, 0xD9, 0x84,
    0x1D, 0x5D, 0x13, 0x64, 0x0B, 0x2A, 0x68, 0x21, 0xF0, 0x12, 0xDC, 0x0C, 0xF8, 0x0B, 0x33, 0x13,
    0x2D, 0x1A, 0x0D, 0x0A, 0xD8, 0x2C, 0xFF, 0xBF, 0x11, 0x2C, 0x47, 0x11, 0xC5, 0x08, 0xA5, 0x08,
    0xA4, 0x08, 0xA4, 0x08, 0xA4, 0x00, 0xA4, 0x00, 0xA4, 0x08, 0xA4, 0x08, 0xA5, 0x08, 0xE5, 0x08,
    0xAD, 0x12, 0xF5, 0x3C, 0xA8, 0x09, 0xE6, 0x08, 0xE6, 0x08, 0xE6, 0x08, 0x07, 0x09, 0x07, 0x09,
    0x07, 0x09, 0x27, 0x09, 0x27, 0x09, 0x27, 0x09, 0x27, 0x09, 0x27, 0x09, 0x27, 0x09, 0x27, 0x09,
    0x27, 0x09, 0x27, 0x09, 0x47, 0x09, 0x47, 0x09, 0x47, 0x09, 0x27, 0x09, 0x27, 0x09, 0x27, 0x09,
    0x27, 0x09, 0x07, 0x09, 0x27, 0x09, 0x27, 0x09, 0x92, 0x23, 0xD4, 0x44, 0x47, 0x01, 0xE6, 0x08,
    0xC6, 0x00, 0xC5, 0x00, 0xC5, 0x00, 0xC5, 0x00, 0xC5, 0x00, 0xC5, 0x00, 0xC5, 0x00, 0xA5, 0x00,
    0xA5, 0x00, 0xC5, 0x00, 0xC5, 0x08, 0xC6, 0x08, 0x68, 0x11, 0x13, 0x24, 0xFF, 0xDF, 0x79, 0x7E,
    0x2A, 0x0A, 0x48, 0x19, 0x47, 0x11, 0x48, 0x19, 0x68, 0x19, 0x68, 0x19, 0x89, 0x19, 0x89, 0x21,
    0xA9, 0x21, 0xA9, 0x19, 0xA9, 0x19, 0x89, 0x19, 0x89, 0x19, 0xE6, 0x08, 0xA4, 0x08, 0x8E, 0x32,
    0x17, 0x85, 0x9C, 0xC6, 0xFD, 0xCE, 0x1E, 0xCF, 0x3E, 0xD7, 0x5E, 0xD7, 0x5F, 0xDF, 0x5E, 0xDF,
    0x5E, 0xDF, 0x5E, 0xDF, 0x3E, 0xD7, 0x1D, 0xD7, 0xDC, 0xCE, 0x0E, 0x4B, 0xCA, 0x21, 0xCA, 0x19,
    0x52, 0x7C, 0xEE, 0x42, 0x0B, 0x22, 0x4C, 0x2A, 0x2C, 0x22, 0x4A, 0x42, 0x27, 0x83, 0xAE, 0xD5,
    0x6A, 0x52, 0xA6, 0x39, 0xAD, 0x83, 0xEA, 0x8A, 0x64, 0x41, 0x0A, 0x83, 0x73, 0xAC, 0x75, 0xAB,
    0x76, 0xB3, 0x76, 0xB3, 0x76, 0xB3, 0x76, 0xB3, 0x76, 0xB3, 0x76, 0xB3, 0x76, 0xB3, 0x76, 0xB3,
    0x76, 0xB3, 0x76, 0xB3, 0x76, 0xB3, 0x76, 0xB3, 0x76, 0xB3, 0x76, 0xB3, 0x76, 0xB3, 0x76, 0xB3,
    0x76, 0xB3, 0x76, 0xB3, 0x76, 0xB3, 0x76, 0xB3, 0x76, 0xB3, 0x76, 0xB3, 0x76, 0xB3, 0x76, 0xB3,
    0x76, 0xB3, 0x76, 0xB3, 0x5D, 0x75, 0x9B, 0x64, 0x58, 0xA4, 0x3D, 0x65, 0xDC, 0x64, 0xBB, 0x54,
    0xBD, 0x8D, 0xFF, 0xFF, 0xFF, 0xFF, 0xFF, 0xFF, 0xFF, 0xFF, 0xFF, 0xFF, 0xFF, 0xFF, 0xFF, 0xFF,
    0xFF, 0xFF, 0xFF, 0xFF, 0xFF, 0xFF, 0xFF, 0xFF, 0xFF, 0xFF, 0xFF, 0xFF, 0xFF, 0xFF, 0xFF, 0xFF,
    0xFF, 0xFF, 0xFF, 0xFF, 0xFF, 0xFF, 0xFF, 0xFF, 0xFF, 0xFF, 0xFF, 0xFF, 0xFF, 0xFF, 0xFF, 0xFF,
    0xFF, 0xFF, 0xFF, 0xFF, 0xFF, 0xFF, 0xFF, 0xFF, 0xFF, 0xFF, 0xFF, 0xFF, 0xFF, 0xFF, 0xFF, 0xFF,
    0xFF, 0xFF, 0xFF, 0xFF, 0xFF, 0xFF, 0xFF, 0xFF, 0xFF, 0xFF, 0xFF, 0xFF, 0xFF, 0xFF, 0xFF, 0xFF,
    0xFF, 0xFF, 0xFF, 0xFF, 0xFF, 0xFF, 0xFF, 0xFF, 0xFF, 0xFF, 0xFF, 0xFF, 0xFF, 0xFF, 0xFF, 0xFF,
    0xFF, 0xFF, 0xFF, 0xFF, 0xFF, 0xFF, 0xFF, 0xFF, 0xFF, 0xFF, 0xFF, 0xFF, 0xFF, 0xFF, 0xFF, 0xFF,
    0xFF, 0xFF, 0xFF, 0xFF, 0xFF, 0xFF, 0xFF, 0xFF, 0xFF, 0xFF, 0xFF, 0xFF, 0xFF, 0xFF, 0xFF, 0xFF,
    0xFF, 0xFF, 0xFF, 0xFF, 0xFF, 0xFF, 0xFF, 0xFF, 0xFF, 0xFF, 0xFF, 0xFF, 0xFF, 0xFF, 0xFF, 0xFF,
    0xFF, 0xFF, 0xFF, 0xFF, 0xFF, 0xFF, 0xFF, 0xFF, 0xFF, 0xFF, 0xFF, 0xFF, 0xFF, 0xFF, 0xFF, 0xFF,
    0xFF, 0xFF, 0xFF, 0xFF, 0xFF, 0xFF, 0xFF, 0xFF, 0xFF, 0xFF, 0xFF, 0xFF, 0xFF, 0xFF, 0xFF, 0xFF,
    0xFF, 0xFF, 0xFF, 0xFF, 0xFF, 0xFF, 0xFF, 0xFF, 0xFF, 0xFF, 0xFF, 0xFF, 0xFF, 0xFF, 0xFF, 0xFF,
    0xFF, 0xFF, 0xFF, 0xFF, 0xFF, 0xFF, 0xFF, 0xFF, 0xFF, 0xFF, 0xFF, 0xFF, 0xFF, 0xFF, 0xFF, 0xFF,
    0xFF, 0xFF, 0xFF, 0xFF, 0xFF, 0xFF, 0xFF, 0xFF, 0xFF, 0xFF, 0xFF, 0xFF, 0xFF, 0xFF, 0xFF, 0xFF,
    0xFF, 0xFF, 0xFF, 0xFF, 0xFF, 0xFF, 0xFF, 0xFF, 0xFF, 0xFF, 0xFF, 0xFF, 0xFF, 0xFF, 0xFF, 0xFF,
    0xFF, 0xFF, 0xFF, 0xFF, 0xFF, 0xFF, 0xFF, 0xFF, 0xFF, 0xFF, 0xFF, 0xFF, 0xFF, 0xFF, 0xFF, 0xFF,
    0xFF, 0xFF, 0xFF, 0xFF, 0xFF, 0xFF, 0xFF, 0xFF, 0xFF, 0xFF, 0xFF, 0xFF, 0xFF, 0xFF, 0xFF, 0xFF,
    0xFF, 0xFF, 0xFF, 0xFF, 0xFF, 0xFF, 0xFF, 0xFF, 0xFF, 0xFF, 0xFF, 0xFF, 0xFF, 0xFF, 0xFF, 0xFF,
    0xFF, 0xFF, 0xFF, 0xFF, 0xFF, 0xFF, 0xFF, 0xFF, 0xFF, 0xFF, 0xFF, 0xFF, 0xFF, 0xFF, 0xFF, 0xFF,
    0xFF, 0xFF, 0xFF, 0xFF, 0xFF, 0xFF, 0xFF, 0xFF, 0xFF, 0xFF, 0xFF, 0xFF, 0xFF, 0xFF, 0xFF, 0xFF,
    0xFF, 0xFF, 0xFF, 0xFF, 0x9C, 0x85, 0xBC, 0x54, 0xFC, 0x64, 0xFC, 0x5C, 0xD9, 0xA4, 0x1C, 0x6D,
    0x9C, 0x7D, 0x53, 0x6C, 0x0B, 0x2A, 0x88, 0x21, 0x4D, 0x12, 0xDB, 0x0C, 0x18, 0x0C, 0x54, 0x13,
    0x6E, 0x12, 0x2D, 0x0A, 0xD8, 0x2C, 0xFF, 0xAF, 0xCF, 0x23, 0x27, 0x11, 0xC6, 0x08, 0xC5, 0x08,
    0xC5, 0x08, 0xC5, 0x08, 0xC5, 0x08, 0xC5, 0x08, 0xC5, 0x08, 0xC5, 0x08, 0xC5, 0x08, 0xE6, 0x08,
    0x2B, 0x12, 0x93, 0x34, 0x88, 0x11, 0x07, 0x09, 0x07, 0x09, 0x07, 0x09, 0x27, 0x09, 0x27, 0x09,
    0x27, 0x11, 0x27, 0x11, 0x47, 0x09, 0x47, 0x11, 0x48, 0x11, 0x48, 0x09, 0x48, 0x09, 0x48, 0x09,
    0x48, 0x09, 0x48, 0x09, 0x48, 0x09, 0x48, 0x09, 0x48, 0x09, 0x48, 0x09, 0x47, 0x09, 0x47, 0x09,
    0x27, 0x09, 0x47, 0x09, 0x47, 0x11, 0x27, 0x09, 0x51, 0x23, 0x12, 0x34, 0x27, 0x09, 0x07, 0x09,
    0x07, 0x09, 0xE6, 0x08, 0xE6, 0x08, 0xE6, 0x08, 0xE6, 0x08, 0xE6, 0x08, 0xE6, 0x08, 0xE6, 0x08,
    0xE6, 0x08, 0xE6, 0x08, 0xE6, 0x08, 0x07, 0x09, 0x89, 0x11, 0xD3, 0x1B, 0xFF, 0xD7, 0x38, 0x76,
    0x2B, 0x12, 0x89, 0x21, 0x89, 0x19, 0x89, 0x19, 0xA9, 0x21, 0xA9, 0x21, 0xCA, 0x21, 0xCA, 0x21,
    0xCA, 0x21, 0xEA, 0x21, 0xEA, 0x21, 0xEA, 0x21, 0xA9, 0x19, 0xC5, 0x08, 0xC5, 0x08, 0x31, 0x43,
    0x99, 0x95, 0xBC, 0xC6, 0xFD, 0xC6, 0x1E, 0xCF, 0x3E, 0xD7, 0x5E, 0xD7, 0x5F, 0xDF, 0x5E, 0xDF,
    0x5F, 0xDF, 0x5E, 0xDF, 0x3E, 0xD7, 0x1D, 0xCF, 0xDC, 0xC6, 0x0E, 0x4B, 0xA9, 0x19, 0xA9, 0x19,
    0x32, 0x74, 0x0E, 0x4B, 0x0B, 0x22, 0x6C, 0x2A, 0x4C, 0x2A, 0x8B, 0x42, 0xC7, 0x72, 0x6C, 0xCD,
    0x6D, 0x7B, 0x57, 0xDE, 0xAF, 0xBC, 0xE6, 0x59, 0x0C, 0x9C, 0x52, 0xCD, 0x34, 0xA4, 0x55, 0xB3,
    0x76, 0xB3, 0x76, 0xB3, 0x76, 0xB3, 0x76, 0xB3, 0x76, 0xB3, 0x76, 0xB3, 0x76, 0xB3, 0x76, 0xB3,
    0x76, 0xB3, 0x76, 0xB3, 0x76, 0xB3, 0x76, 0xB3, 0x76, 0xB3, 0x76, 0xB3, 0x76, 0xB3, 0x76, 0xB3,
    0x76, 0xB3, 0x76, 0xB3, 0x76, 0xB3, 0x76, 0xB3, 0x76, 0xB3, 0x76, 0xB3, 0x76, 0xB3, 0x76, 0xB3,
    0x76, 0xB3, 0x76, 0xB3, 0xFB, 0x74, 0xBB, 0x64, 0xD9, 0xA4, 0x1D, 0x65, 0xDC, 0x5C, 0xBB, 0x54,
    0xBC, 0x85, 0xFF, 0xFF, 0xFF, 0xFF, 0xFF, 0xFF, 0xFF, 0xFF, 0xFF, 0xFF, 0xFF, 0xFF, 0xFF, 0xFF,
    0xFF, 0xFF, 0xFF, 0xFF, 0xFF, 0xFF, 0xFF, 0xFF, 0xFF, 0xFF, 0xFF, 0xFF, 0xFF, 0xFF, 0xFF, 0xFF,
    0xFF, 0xFF, 0xFF, 0xFF, 0xFF, 0xFF, 0xFF, 0xFF, 0xFF, 0xFF, 0xFF, 0xFF, 0xFF, 0xFF, 0xFF, 0xFF,
    0xFF, 0xFF, 0xFF, 0xFF, 0xFF, 0xFF, 0xFF, 0xFF, 0xFF, 0xFF, 0xFF, 0xFF, 0xFF, 0xFF, 0xFF, 0xFF,
    0xFF, 0xFF, 0xFF, 0xFF, 0xFF, 0xFF, 0xFF, 0xFF, 0xFF, 0xFF, 0xFF, 0xFF, 0xFF, 0xFF, 0xFF, 0xFF,
    0xFF, 0xFF, 0xFF, 0xFF, 0xFF, 0xFF, 0xFF, 0xFF, 0xFF, 0xFF, 0xFF, 0xFF, 0xFF, 0xFF, 0xFF, 0xFF,
    0xFF, 0xFF, 0xFF, 0xFF, 0xFF, 0xFF, 0xFF, 0xFF, 0xFF, 0xFF, 0xFF, 0xFF, 0xFF, 0xFF, 0xFF, 0xFF,
    0xFF, 0xFF, 0xFF, 0xFF, 0xFF, 0xFF, 0xFF, 0xFF, 0xFF, 0xFF, 0xFF, 0xFF, 0xFF, 0xFF, 0xFF, 0xFF,
    0xFF, 0xFF, 0xFF, 0xFF, 0xFF, 0xFF, 0xFF, 0xFF, 0xFF, 0xFF, 0xFF, 0xFF, 0xFF, 0xFF, 0xFF, 0xFF,
    0xFF, 0xFF, 0xFF, 0xFF, 0xFF, 0xFF, 0xFF, 0xFF, 0xFF, 0xFF, 0xFF, 0xFF, 0xFF, 0xFF, 0xFF, 0xFF,
    0xFF, 0xFF, 0xFF, 0xFF, 0xFF, 0xFF, 0xFF, 0xFF, 0xFF, 0xFF, 0xFF, 0xFF, 0xFF, 0xFF, 0xFF, 0xFF,
    0xFF, 0xFF, 0xFF, 0xFF, 0xFF, 0xFF, 0xFF, 0xFF, 0xFF, 0xFF, 0xFF, 0xFF, 0xFF, 0xFF, 0xFF, 0xFF,
    0xFF, 0xFF, 0xFF, 0xFF, 0xFF, 0xFF, 0xFF, 0xFF, 0xFF, 0xFF, 0xFF, 0xFF, 0xFF, 0xFF, 0xFF, 0xFF,
    0xFF, 0xFF, 0xFF, 0xFF, 0xFF, 0xFF, 0xFF, 0xFF, 0xFF, 0xFF, 0xFF, 0xFF, 0xFF, 0xFF, 0xFF, 0xFF,
    0xFF, 0xFF, 0xFF, 0xFF, 0xFF, 0xFF, 0xFF, 0xFF, 0xFF, 0xFF, 0xFF, 0xFF, 0xFF, 0xFF, 0xFF, 0xFF,
    0xFF, 0xFF, 0xFF, 0xFF, 0xFF, 0xFF, 0xFF, 0xFF, 0xFF, 0xFF, 0xFF, 0xFF, 0xFF, 0xFF, 0xFF, 0xFF,
    0xFF, 0xFF, 0xFF, 0xFF, 0xFF, 0xFF, 0xFF, 0xFF, 0xFF, 0xFF, 0xFF, 0xFF, 0xFF, 0xFF, 0xFF, 0xFF,
    0xFF, 0xFF, 0xFF, 0xFF, 0xFF, 0xFF, 0xFF, 0xFF, 0xFF, 0xFF, 0xFF, 0xFF, 0xFF, 0xFF, 0xFF, 0xFF,
    0xFF, 0xFF, 0xFF, 0xFF, 0xFF, 0xFF, 0xFF, 0xFF, 0xFF, 0xFF, 0xFF, 0xFF, 0xFF, 0xFF, 0xFF, 0xFF,
    0xFF, 0xFF, 0xFF, 0xFF, 0xFF, 0xFF, 0xFF, 0xFF, 0xFF, 0xFF, 0xFF, 0xFF, 0xFF, 0xFF, 0xFF, 0xFF,
    0xFF, 0xFF, 0xDD, 0x95, 0x9C, 0x54, 0xFC, 0x64, 0x3E, 0x65, 0x99, 0x94, 0xB9, 0x84, 0x3D, 0x65,
    0xDC, 0x9D, 0x16, 0x7D, 0x0B, 0x2A, 0xA9, 0x21, 0xAA, 0x11, 0x9A, 0x14, 0x39, 0x0C, 0x75, 0x0B,
    0xB0, 0x12, 0x2D, 0x12, 0x77, 0x24, 0xDF, 0xAF, 0xD0, 0x2B, 0x47, 0x11, 0xE6, 0x08, 0xE6, 0x08,
    0xC6, 0x08, 0xC6, 0x08, 0xE6, 0x08, 0xE6, 0x08, 0xE6, 0x08, 0xE6, 0x08, 0xE6, 0x08, 0x06, 0x09,
    0x89, 0x11, 0xED, 0x22, 0x68, 0x11, 0x27, 0x09, 0x27, 0x09, 0x27, 0x09, 0x27, 0x09, 0x27, 0x09,
    0x27, 0x11, 0x48, 0x11, 0x48, 0x11, 0x48, 0x11, 0x48, 0x11, 0x48, 0x11, 0x48, 0x11, 0x48, 0x11,
    0x48, 0x11, 0x48, 0x11, 0x48, 0x11, 0x48, 0x11, 0x48, 0x11, 0x48, 0x11, 0x48, 0x11, 0x48, 0x11,
    0x48, 0x11, 0x48, 0x11, 0x48, 0x11, 0x47, 0x11, 0x4C, 0x12, 0x8C, 0x1A, 0x47, 0x09, 0x28, 0x09,
    0x27, 0x09, 0x27, 0x09, 0x27, 0x09, 0x27, 0x09, 0x27, 0x09, 0x27, 0x09, 0x27, 0x09, 0x27, 0x09,
    0x27, 0x09, 0x27, 0x09, 0x27, 0x09, 0x27, 0x11, 0xA9, 0x11, 0xF3, 0x1B, 0xFF, 0xCF, 0xB6, 0x5D,
    0x0A, 0x1A, 0xC9, 0x21, 0xA9, 0x21, 0xA9, 0x21, 0xCA, 0x21, 0xCA, 0x21, 0xCA, 0x21, 0xEA, 0x29,
    0xEA, 0x29, 0xEA, 0x29, 0xEA, 0x29, 0x0B, 0x2A, 0x88, 0x19, 0x84, 0x00, 0x27, 0x11, 0xD3, 0x53,
    0xFA, 0xAD, 0xDD, 0xC6, 0xFD, 0xC6, 0x1E, 0xCF, 0x3E, 0xD7, 0x5E, 0xD7, 0x5F, 0xDF, 0x5F, 0xDF,
    0x5F, 0xDF, 0x5E, 0xDF, 0x3E, 0xD7, 0x1D, 0xCF, 0xDC, 0xC6, 0x0E, 0x4B, 0xA9, 0x19, 0xA9, 0x19,
    0x11, 0x74, 0x2E, 0x4B, 0x0B, 0x22, 0x6C, 0x2A, 0x4C, 0x2A, 0xAC, 0x42, 0x66, 0x62, 0xAC, 0xD5,
    0x6C, 0x83, 0x56, 0xE6, 0x8E, 0xB4, 0xC6, 0x51, 0xF2, 0xE5, 0x54, 0xBD, 0x36, 0xAC, 0x55, 0xB3,
    0x76, 0xB3, 0x76, 0xB3, 0x76, 0xB3, 0x76, 0xB3, 0x76, 0xB3, 0x76, 0xB3, 0x76, 0xB3, 0x76, 0xB3,
    0x76, 0xB3, 0x76, 0xB3, 0x76, 0xB3, 0x76, 0xB3, 0x76, 0xB3, 0x76, 0xB3, 0x76, 0xB3, 0x76, 0xB3,
    0x76, 0xB3, 0x76, 0xB3, 0x76, 0xB3, 0x76, 0xB3, 0x76, 0xB3, 0x76, 0xB3, 0x76, 0xB3, 0x76, 0xB3,
    0x76, 0xB3, 0x76, 0xB3, 0xBA, 0x7C, 0xFC, 0x5C, 0x99, 0xA4, 0xFC, 0x64, 0xDC, 0x5C, 0xBC, 0x5C,
    0x7C, 0x7D, 0xFF, 0xFF, 0xFF, 0xFF, 0xFF, 0xFF, 0xFF, 0xFF, 0xFF, 0xFF, 0xFF, 0xFF, 0xFF, 0xFF,
    0xFF, 0xFF, 0xFF, 0xFF, 0xFF, 0xFF, 0xFF, 0xFF, 0xFF, 0xFF, 0xFF, 0xFF, 0xFF, 0xFF, 0xFF, 0xFF,
    0xFF, 0xFF, 0xFF, 0xFF, 0xFF, 0xFF, 0xFF, 0xFF, 0xFF, 0xFF, 0xFF, 0xFF, 0xFF, 0xFF, 0xFF, 0xFF,
    0xFF, 0xFF, 0xFF, 0xFF, 0xFF, 0xFF, 0xFF, 0xFF, 0xFF, 0xFF, 0xFF, 0xFF, 0xFF, 0xFF, 0xFF, 0xFF,
    0xFF, 0xFF, 0xFF, 0xFF, 0xFF, 0xFF, 0xFF, 0xFF, 0xFF, 0xFF, 0xFF, 0xFF, 0xFF, 0xFF, 0xFF, 0xFF,
    0xFF, 0xFF, 0xFF, 0xFF, 0xFF, 0xFF, 0xFF, 0xFF, 0xFF, 0xFF, 0xFF, 0xFF, 0xFF, 0xFF, 0xFF, 0xFF,
    0xFF, 0xFF, 0xFF, 0xFF, 0xFF, 0xFF, 0xFF, 0xFF, 0xFF, 0xFF, 0xFF, 0xFF, 0xFF, 0xFF, 0xFF, 0xFF,
    0xFF, 0xFF, 0xFF, 0xFF, 0xFF, 0xFF, 0xFF, 0xFF, 0xFF, 0xFF, 0xFF, 0xFF, 0xFF, 0xFF, 0xFF, 0xFF,
    0xFF, 0xFF, 0xFF, 0xFF, 0xFF, 0xFF, 0xFF, 0xFF, 0xFF, 0xFF, 0xFF, 0xFF, 0xFF, 0xFF, 0xFF, 0xFF,
    0xFF, 0xFF, 0xFF, 0xFF, 0xFF, 0xFF, 0xFF, 0xFF, 0xFF, 0xFF, 0xFF, 0xFF, 0xFF, 0xFF, 0xFF, 0xFF,
    0xFF, 0xFF, 0xFF, 0xFF, 0xFF, 0xFF, 0xFF, 0xFF, 0xFF, 0xFF, 0xFF, 0xFF, 0xFF, 0xFF, 0xFF, 0xFF,
    0xFF, 0xFF, 0xFF, 0xFF, 0xFF, 0xFF, 0xFF, 0xFF, 0xFF, 0xFF, 0xFF, 0xFF, 0xFF, 0xFF, 0xFF, 0xFF,
    0xFF, 0xFF, 0xFF, 0xFF, 0xFF, 0xFF, 0xFF, 0xFF, 0xFF, 0xFF, 0xFF, 0xFF, 0xFF, 0xFF, 0xFF, 0xFF,
    0xFF, 0xFF, 0xFF, 0xFF, 0xFF, 0xFF, 0xFF, 0xFF, 0xFF, 0xFF, 0xFF, 0xFF, 0xFF, 0xFF, 0xFF, 0xFF,
    0xFF, 0xFF, 0xFF, 0xFF, 0xFF, 0xFF, 0xFF, 0xFF, 0xFF, 0xFF, 0xFF, 0xFF, 0xFF, 0xFF, 0xFF, 0xFF,
    0xFF, 0xFF, 0xFF, 0xFF, 0xFF, 0xFF, 0xFF, 0xFF, 0xFF, 0xFF, 0xFF, 0xFF, 0xFF, 0xFF, 0xFF, 0xFF,
    0xFF, 0xFF, 0xFF, 0xFF, 0xFF, 0xFF, 0xFF, 0xFF, 0xFF, 0xFF, 0xFF, 0xFF, 0xFF, 0xFF, 0xFF, 0xFF,
    0xFF, 0xFF, 0xFF, 0xFF, 0xFF, 0xFF, 0xFF, 0xFF, 0xFF, 0xFF, 0xFF, 0xFF, 0xFF, 0xFF, 0xFF, 0xFF,
    0xFF, 0xFF, 0xFF, 0xFF, 0xFF, 0xFF, 0xFF, 0xFF, 0xFF, 0xFF, 0xFF, 0xFF, 0xFF, 0xFF, 0xFF, 0xFF,
    0xFF, 0xFF, 0xFF, 0xFF, 0xFF, 0xFF, 0xFF, 0xFF, 0xFF, 0xFF, 0xFF, 0xFF, 0xFF, 0xFF, 0xFF, 0xFF,
    0x3D, 0xA6, 0x9B, 0x54, 0xDC, 0x64, 0x3E, 0x65, 0xDA, 0x84, 0x99, 0xA4, 0x9F, 0x6D, 0x38, 0x9C,
    0x98, 0x94, 0xD9, 0x95, 0x0B, 0x2A, 0xCA, 0x21, 0x48, 0x11, 0x17, 0x14, 0x7A, 0x0C, 0x96, 0x0B,
    0xF2, 0x12, 0x2D, 0x12, 0x73, 0x13, 0x9F, 0x9F, 0x31, 0x34, 0x68, 0x11, 0x07, 0x09, 0xE6, 0x08,
    0xE6, 0x08, 0xE6, 0x08, 0xE6, 0x08, 0x06, 0x09, 0x07, 0x09, 0x07, 0x09, 0x07, 0x09, 0x27, 0x11,
    0x27, 0x11, 0x47, 0x09, 0x48, 0x11, 0x27, 0x11, 0x27, 0x11, 0x27, 0x11, 0x48, 0x11, 0x48, 0x11,
    0x68, 0x11, 0x68, 0x11, 0x68, 0x11, 0x68, 0x11, 0x68, 0x11, 0x68, 0x11, 0x68, 0x11, 0x68, 0x11,
    0x68, 0x11, 0x68, 0x11, 0x68, 0x11, 0x68, 0x11, 0x68, 0x11, 0x68, 0x11, 0x68, 0x11, 0x68, 0x11,
    0x68, 0x11, 0x68, 0x11, 0x68, 0x11, 0x68, 0x11, 0x68, 0x11, 0x68, 0x11, 0x68, 0x11, 0x48, 0x11,
    0x48, 0x09, 0x48, 0x09, 0x48, 0x09, 0x48, 0x09, 0x48, 0x09, 0x48, 0x09, 0x48, 0x09, 0x48, 0x11,
    0x48, 0x09, 0x48, 0x11, 0x48, 0x11, 0x68, 0x11, 0xEA, 0x11, 0x75, 0x2C, 0xFF, 0xCF, 0x72, 0x34,
    0xEA, 0x21, 0xCA, 0x21, 0xCA, 0x21, 0xCA, 0x21, 0xCA, 0x21, 0xCA, 0x21, 0xEA, 0x29, 0xEA, 0x29,
    0x0B, 0x2A, 0x0B, 0x2A, 0x0B, 0x2A, 0x2B, 0x2A, 0x27, 0x11, 0x84, 0x00, 0xCB, 0x21, 0x76, 0x6C,
    0x5B, 0xB6, 0xDD, 0xC6, 0x1E, 0xCF, 0x3E, 0xCF, 0x3E, 0xD7, 0x5E, 0xD7, 0x5F, 0xDF, 0x5F, 0xDF,
    0x5E, 0xDF, 0x5E, 0xD7, 0x3E, 0xD7, 0x1D, 0xCF, 0xBC, 0xC6, 0x0F, 0x4B, 0xA9, 0x19, 0xA9, 0x19,
    0xF1, 0x6B, 0x6F, 0x5B, 0xEA, 0x21, 0x6C, 0x2A, 0x4C, 0x2A, 0xED, 0x42, 0x05, 0x52, 0xAC, 0xD5,
    0xAC, 0x93, 0x4B, 0x83, 0x43, 0x49, 0xAE, 0xB4, 0x34, 0xDE, 0xD9, 0xC5, 0x95, 0xAB, 0x76, 0xB3,
    0x76, 0xB3, 0x76, 0xB3, 0x76, 0xB3, 0x76, 0xB3, 0x76, 0xB3, 0x76, 0xB3, 0x76, 0xB3, 0x76, 0xB3,
    0x76, 0xB3, 0x76, 0xB3, 0x76, 0xB3, 0x76, 0xB3, 0x76, 0xB3, 0x76, 0xB3, 0x76, 0xB3, 0x76, 0xB3,
    0x76, 0xB3, 0x76, 0xB3, 0x76, 0xB3, 0x76, 0xB3, 0x76, 0xB3, 0x76, 0xB3, 0x76, 0xB3, 0x76, 0xB3,
    0x76, 0xB3, 0x76, 0xB3, 0x99, 0x8C, 0x3E, 0x65, 0x99, 0x9C, 0xFC, 0x6C, 0xDC, 0x5C, 0xDC, 0x5C,
    0x3C, 0x75, 0xFF, 0xFF, 0xFF, 0xFF, 0xFF, 0xFF, 0xFF, 0xFF, 0xFF, 0xFF, 0xFF, 0xFF, 0xFF, 0xFF,
    0xFF, 0xFF, 0xFF, 0xFF, 0xFF, 0xFF, 0xFF, 0xFF, 0xFF, 0xFF, 0xFF, 0xFF, 0xFF, 0xFF, 0xFF, 0xFF,
    0xFF, 0xFF, 0xFF, 0xFF, 0xFF, 0xFF, 0xFF, 0xFF, 0xFF, 0xFF, 0xFF, 0xFF, 0xFF, 0xFF, 0xFF, 0xFF,
    0xFF, 0xFF, 0xFF, 0xFF, 0xFF, 0xFF, 0xFF, 0xFF, 0xFF, 0xFF, 0xFF, 0xFF, 0xFF, 0xFF, 0xFF, 0xFF,
    0xFF, 0xFF, 0xFF, 0xFF, 0xFF, 0xFF, 0xFF, 0xFF, 0xFF, 0xFF, 0xFF, 0xFF, 0xFF, 0xFF, 0xFF, 0xFF,
    0xFF, 0xFF, 0xFF, 0xFF, 0xFF, 0xFF, 0xFF, 0xFF, 0xFF, 0xFF, 0xFF, 0xFF, 0xFF, 0xFF, 0xFF, 0xFF,
    0xFF, 0xFF, 0xFF, 0xFF, 0xFF, 0xFF, 0xFF, 0xFF, 0xFF, 0xFF, 0xFF, 0xFF, 0xFF, 0xFF, 0xFF, 0xFF,
    0xFF, 0xFF, 0xFF, 0xFF, 0xFF, 0xFF, 0xFF, 0xFF, 0xFF, 0xFF, 0xFF, 0xFF, 0xFF, 0xFF, 0xFF, 0xFF,
    0xFF, 0xFF, 0xFF, 0xFF, 0xFF, 0xFF, 0xFF, 0xFF, 0xFF, 0xFF, 0xFF, 0xFF, 0xFF, 0xFF, 0xFF, 0xFF,
    0xFF, 0xFF, 0xFF, 0xFF, 0xFF, 0xFF, 0xFF, 0xFF, 0xFF, 0xFF, 0xFF, 0xFF, 0xFF, 0xFF, 0xFF, 0xFF,
    0xFF, 0xFF, 0xFF, 0xFF, 0xFF, 0xFF, 0xFF, 0xFF, 0xFF, 0xFF, 0xFF, 0xFF, 0xFF, 0xFF, 0xFF, 0xFF,
    0xFF, 0xFF, 0xFF, 0xFF, 0xFF, 0xFF, 0xFF, 0xFF, 0xFF, 0xFF, 0xFF, 0xFF, 0xFF, 0xFF, 0xFF, 0xFF,
    0xFF, 0xFF, 0xFF, 0xFF, 0xFF, 0xFF, 0xFF, 0xFF, 0xFF, 0xFF, 0xFF, 0xFF, 0xFF, 0xFF, 0xFF, 0xFF,
    0xFF, 0xFF, 0xFF, 0xFF, 0xFF, 0xFF, 0xFF, 0xFF, 0xFF, 0xFF, 0xFF, 0xFF, 0xFF, 0xFF, 0xFF, 0xFF,
    0xFF, 0xFF, 0xFF, 0xFF, 0xFF, 0xFF, 0xFF, 0xFF, 0xFF, 0xFF, 0xFF, 0xFF, 0xFF, 0xFF, 0xFF, 0xFF,
    0xFF, 0xFF, 0xFF, 0xFF, 0xFF, 0xFF, 0xFF, 0xFF, 0xFF, 0xFF, 0xFF, 0xFF, 0xFF, 0xFF, 0xFF, 0xFF,
    0xFF, 0xFF, 0xFF, 0xFF, 0xFF, 0xFF, 0xFF, 0xFF, 0xFF, 0xFF, 0xFF, 0xFF, 0xFF, 0xFF, 0xFF, 0xFF,
    0xFF, 0xFF, 0xFF, 0xFF, 0xFF, 0xFF, 0xFF, 0xFF, 0xFF, 0xFF, 0xFF, 0xFF, 0xFF, 0xFF, 0xFF, 0xFF,
    0xFF, 0xFF, 0xFF, 0xFF, 0xFF, 0xFF, 0xFF, 0xFF, 0xFF, 0xFF, 0xFF, 0xFF, 0xFF, 0xFF, 0xFF, 0xFF,
    0xFF, 0xFF, 0xFF, 0xFF, 0xFF, 0xFF, 0xFF, 0xFF, 0xFF, 0xFF, 0xFF, 0xFF, 0xFF, 0xFF, 0x5D, 0xAE,
    0x9B, 0x54, 0xDB, 0x64, 0x1E, 0x65, 0xBB, 0x74, 0x78, 0xAC, 0x5E, 0x6D, 0xFB, 0x84, 0x76, 0xB3,
    0xD6, 0x93, 0x5B, 0xA6, 0x6D, 0x32, 0xCA, 0x21, 0x06, 0x11, 0x53, 0x13, 0xBB, 0x0C, 0xD7, 0x0B,
    0x33, 0x13, 0x6E, 0x1A, 0x6E, 0x0A, 0x5C, 0x66, 0x13, 0x4D, 0x68, 0x09, 0x27, 0x11, 0x07, 0x09,
    0x07, 0x09, 0x07, 0x09, 0x27, 0x09, 0x27, 0x09, 0x27, 0x09, 0x27, 0x09, 0x27, 0x11, 0x27, 0x11,
    0x27, 0x11, 0x48, 0x11, 0x48, 0x11, 0x48, 0x11, 0x48, 0x11, 0x48, 0x11, 0x68, 0x11, 0x89, 0x11,
    0xA9, 0x11, 0xA9, 0x19, 0xA9, 0x11, 0x89, 0x11, 0x88, 0x11, 0x68, 0x11, 0x68, 0x11, 0x88, 0x11,
    0x88, 0x11, 0x89, 0x11, 0xA9, 0x19, 0xA9, 0x19, 0xC9, 0x19, 0xA9, 0x11, 0x89, 0x11, 0x88, 0x11,
    0x68, 0x11, 0x68, 0x11, 0x68, 0x11, 0x68, 0x11, 0x68, 0x11, 0x68, 0x11, 0x68, 0x11, 0x68, 0x11,
    0x68, 0x11, 0x68, 0x11, 0x68, 0x11, 0x68, 0x11, 0x68, 0x11, 0x68, 0x11, 0x68, 0x11, 0x68, 0x11,
    0x68, 0x11, 0x68, 0x11, 0x68, 0x11, 0x89, 0x11, 0xEB, 0x09, 0x79, 0x5D, 0x1B, 0x8F, 0xCC, 0x1A,
    0xEA, 0x29, 0xCA, 0x21, 0xCA, 0x21, 0xCA, 0x21, 0xCA, 0x21, 0xEA, 0x29, 0xEA, 0x29, 0xEB, 0x29,
    0x0B, 0x2A, 0x0B, 0x2A, 0x2B, 0x32, 0xEA, 0x29, 0xC5, 0x08, 0xA5, 0x08, 0xAF, 0x3A, 0x38, 0x8D,
    0xBC, 0xBE, 0xFD, 0xC6, 0x1E, 0xCF, 0x3E, 0xCF, 0x5E, 0xD7, 0x5E, 0xD7, 0x5F, 0xDF, 0x5F, 0xDF,
    0x5E, 0xDF, 0x5E, 0xD7, 0x3E, 0xD7, 0xFD, 0xCE, 0xBD, 0xC6, 0x2F, 0x4B, 0xA9, 0x19, 0xA9, 0x19,
    0x90, 0x63, 0x90, 0x63, 0xEA, 0x21, 0x4C, 0x2A, 0x4C, 0x2A, 0x0E, 0x43, 0xC5, 0x49, 0xEA, 0xB4,
    0x4B, 0xA4, 0x8F, 0x83, 0xEF, 0xBC, 0x54, 0xE6, 0x38, 0xCE, 0xF8, 0xBC, 0x35, 0xAB, 0x76, 0xB3,
    0x76, 0xB3, 0x76, 0xB3, 0x76, 0xB3, 0x76, 0xB3, 0x76, 0xB3, 0x76, 0xB3, 0x76, 0xB3, 0x76, 0xB3,
    0x76, 0xB3, 0x76, 0xB3, 0x76, 0xB3, 0x76, 0xB3, 0x76, 0xB3, 0x76, 0xB3, 0x76, 0xB3, 0x76, 0xB3,
    0x76, 0xB3, 0x76, 0xB3, 0x76, 0xB3, 0x76, 0xB3, 0x76, 0xB3, 0x76, 0xB3, 0x76, 0xB3, 0x76, 0xB3,
    0x76, 0xB3, 0x76, 0xB3, 0x59, 0x94, 0x5E, 0x65, 0xBA, 0x94, 0xDB, 0x74, 0xFD, 0x64, 0xDC, 0x5C,
    0xFC, 0x64, 0xBF, 0xEF, 0xFF, 0xFF, 0xFF, 0xFF, 0xFF, 0xFF, 0xFF, 0xFF, 0xFF, 0xFF, 0xFF, 0xFF,
    0xFF, 0xFF, 0xFF, 0xFF, 0xFF, 0xFF, 0xFF, 0xFF, 0xFF, 0xFF, 0xFF, 0xFF, 0xFF, 0xFF, 0xFF, 0xFF,
    0xFF, 0xFF, 0xFF, 0xFF, 0xFF, 0xFF, 0xFF, 0xFF, 0xFF, 0xFF, 0xFF, 0xFF, 0xFF, 0xFF, 0xFF, 0xFF,
    0xFF, 0xFF, 0xFF, 0xFF, 0xFF, 0xFF, 0xFF, 0xFF, 0xFF, 0xFF, 0xFF, 0xFF, 0xFF, 0xFF, 0xFF, 0xFF,
    0xFF, 0xFF, 0xFF, 0xFF, 0xFF, 0xFF, 0xFF, 0xFF, 0xFF, 0xFF, 0xFF, 0xFF, 0xFF, 0xFF, 0xFF, 0xFF,
    0xFF, 0xFF, 0xFF, 0xFF, 0xFF, 0xFF, 0xFF, 0xFF, 0xFF, 0xFF, 0xFF, 0xFF, 0xFF, 0xFF, 0xFF, 0xFF,
    0xFF, 0xFF, 0xFF, 0xFF, 0xFF, 0xFF, 0xFF, 0xFF, 0xFF, 0xFF, 0xFF, 0xFF, 0xFF, 0xFF, 0xFF, 0xFF,
    0xFF, 0xFF, 0xFF, 0xFF, 0xFF, 0xFF, 0xFF, 0xFF, 0xFF, 0xFF, 0xFF, 0xFF, 0xFF, 0xFF, 0xFF, 0xFF,
    0xFF, 0xFF, 0xFF, 0xFF, 0xFF, 0xFF, 0xFF, 0xFF, 0xFF, 0xFF, 0xFF, 0xFF, 0xFF, 0xFF, 0xFF, 0xFF,
    0xFF, 0xFF, 0xFF, 0xFF, 0xFF, 0xFF, 0xFF, 0xFF, 0xFF, 0xFF, 0xFF, 0xFF, 0xFF, 0xFF, 0xFF, 0xFF,
    0xFF, 0xFF, 0xFF, 0xFF, 0xFF, 0xFF, 0xFF, 0xFF, 0xFF, 0xFF, 0xFF, 0xFF, 0xFF, 0xFF, 0xFF, 0xFF,
    0xFF, 0xFF, 0xFF, 0xFF, 0xFF, 0xFF, 0xFF, 0xFF, 0xFF, 0xFF, 0xFF, 0xFF, 0xFF, 0xFF, 0xFF, 0xFF,
    0xFF, 0xFF, 0xFF, 0xFF, 0xFF, 0xFF, 0xFF, 0xFF, 0xFF, 0xFF, 0xFF, 0xFF, 0xFF, 0xFF, 0xFF, 0xFF,
    0xFF, 0xFF, 0xFF, 0xFF, 0xFF, 0xFF, 0xFF, 0xFF, 0xFF, 0xFF, 0xFF, 0xFF, 0xFF, 0xFF, 0xFF, 0xFF,
    0xFF, 0xFF, 0xFF, 0xFF, 0xFF, 0xFF, 0xFF, 0xFF, 0xFF, 0xFF, 0xFF, 0xFF, 0xFF, 0xFF, 0xFF, 0xFF,
    0xFF, 0xFF, 0xFF, 0xFF, 0xFF, 0xFF, 0xFF, 0xFF, 0xFF, 0xFF, 0xFF, 0xFF, 0xFF, 0xFF, 0xFF, 0xFF,
    0xFF, 0xFF, 0xFF, 0xFF, 0xFF, 0xFF, 0xFF, 0xFF, 0xFF, 0xFF, 0xFF, 0xFF, 0xFF, 0xFF, 0xFF, 0xFF,
    0xFF, 0xFF, 0xFF, 0xFF, 0xFF, 0xFF, 0xFF, 0xFF, 0xFF, 0xFF, 0xFF, 0xFF, 0xFF, 0xFF, 0xFF, 0xFF,
    0xFF, 0xFF, 0xFF, 0xFF, 0xFF, 0xFF, 0xFF, 0xFF, 0xFF, 0xFF, 0xFF, 0xFF, 0xFF, 0xFF, 0xFF, 0xFF,
    0xFF, 0xFF, 0xFF, 0xFF, 0xFF, 0xFF, 0xFF, 0xFF, 0xFF, 0xFF, 0xFF, 0xFF, 0x5D, 0xAE, 0x9B, 0x54,
    0xDC, 0x64, 0x1D, 0x65, 0xFC, 0x74, 0x78, 0xAC, 0x1D, 0x6D, 0x1C, 0x75, 0xD7, 0xB3, 0x76, 0xB3,
    0x35, 0xA3, 0x1C, 0xC6, 0x2F, 0x4B, 0xCA, 0x21, 0x06, 0x19, 0x4D, 0x12, 0xBB, 0x0C, 0xF7, 0x0B,
    0x54, 0x13, 0xB0, 0x12, 0x0C, 0x12, 0xB3, 0x2B, 0x15, 0x4D, 0x88, 0x09, 0x48, 0x11, 0x27, 0x09,
    0x27, 0x11, 0x27, 0x11, 0x27, 0x11, 0x47, 0x11, 0x47, 0x11, 0x48, 0x11, 0x48, 0x11, 0x48, 0x11,
    0x48, 0x11, 0x48, 0x11, 0x48, 0x11, 0x48, 0x11, 0x68, 0x11, 0x68, 0x11, 0xCA, 0x11, 0xAE, 0x1A,
    0xD0, 0x0A, 0x6E, 0x0A, 0x2C, 0x12, 0x0B, 0x1A, 0xEA, 0x19, 0xCA, 0x19, 0xCA, 0x19, 0xCA, 0x19,
    0xEA, 0x19, 0xEB, 0x19, 0x0C, 0x12, 0x4D, 0x0A, 0xAE, 0x0A, 0x10, 0x13, 0xCE, 0x1A, 0xEA, 0x11,
    0x89, 0x11, 0x89, 0x11, 0x89, 0x11, 0x88, 0x11, 0x88, 0x11, 0x88, 0x11, 0x88, 0x11, 0x88, 0x11,
    0x68, 0x11, 0x68, 0x11, 0x68, 0x11, 0x88, 0x11, 0x88, 0x11, 0x88, 0x11, 0x88, 0x11, 0x88, 0x11,
    0x88, 0x11, 0x88, 0x11, 0x88, 0x11, 0x89, 0x11, 0xEB, 0x11, 0x57, 0x55, 0xF0, 0x33, 0xEA, 0x21,
    0xEA, 0x21, 0xCA, 0x21, 0xCA, 0x21, 0xCA, 0x21, 0xCA, 0x21, 0xEA, 0x29, 0xEA, 0x29, 0x0B, 0x2A,
    0x0B, 0x2A, 0x0B, 0x2A, 0x4C, 0x32, 0x68, 0x19, 0x84, 0x08, 0x27, 0x11, 0xB3, 0x5B, 0xDA, 0xA5,
    0xDD, 0xC6, 0xFD, 0xC6, 0x1E, 0xCF, 0x3E, 0xCF, 0x5E, 0xD7, 0x5E, 0xD7, 0x5F, 0xDF, 0x5F, 0xDF,
    0x5F, 0xDF, 0x5E, 0xD7, 0x3E, 0xD7, 0xFD, 0xCE, 0xBD, 0xBE, 0x70, 0x53, 0xAA, 0x19, 0xAA, 0x19,
    0x2F, 0x53, 0xD1, 0x6B, 0xCA, 0x19, 0x4C, 0x2A, 0x4C, 0x2A, 0xEE, 0x3A, 0x27, 0x52, 0xA7, 0xBC,
    0x6A, 0xCD, 0xF0, 0x93, 0x78, 0xCE, 0x59, 0xCE, 0xFA, 0xD5, 0x55, 0xAB, 0x76, 0xB3, 0x76, 0xB3,
    0x76, 0xB3, 0x76, 0xB3, 0x76, 0xB3, 0x76, 0xB3, 0x76, 0xB3, 0x76, 0xB3, 0x76, 0xB3, 0x76, 0xB3,
    0x76, 0xB3, 0x76, 0xB3, 0x76, 0xB3, 0x76, 0xB3, 0x76, 0xB3, 0x76, 0xB3, 0x76, 0xB3, 0x76, 0xB3,
    0x76, 0xB3, 0x76, 0xB3, 0x76, 0xB3, 0x76, 0xB3, 0x76, 0xB3, 0x76, 0xB3, 0x76, 0xB3, 0x76, 0xB3,
    0x76, 0xB3, 0x76, 0xB3, 0xD7, 0xA3, 0x3E, 0x65, 0x9A, 0x84, 0xBA, 0x7C, 0x1D, 0x65, 0xDC, 0x64,
    0xBB, 0x54, 0x5E, 0xDF, 0xFF, 0xFF, 0xFF, 0xFF, 0xFF, 0xFF, 0xFF, 0xFF, 0xFF, 0xFF, 0xFF, 0xFF,
    0xFF, 0xFF, 0xFF, 0xFF, 0xFF, 0xFF, 0xFF, 0xFF, 0xFF, 0xFF, 0xFF, 0xFF, 0xFF, 0xFF, 0xFF, 0xFF,
    0xFF, 0xFF, 0xFF, 0xFF, 0xFF, 0xFF, 0xFF, 0xFF, 0xFF, 0xFF, 0xFF, 0xFF, 0xFF, 0xFF, 0xFF, 0xFF,
    0xFF, 0xFF, 0xFF, 0xFF, 0xFF, 0xFF, 0xFF, 0xFF, 0xFF, 0xFF, 0xFF, 0xFF, 0xFF, 0xFF, 0xFF, 0xFF,
    0xFF, 0xFF, 0xFF, 0xFF, 0xFF, 0xFF, 0xFF, 0xFF, 0xFF, 0xFF, 0xFF, 0xFF, 0xFF, 0xFF, 0xFF, 0xFF,
    0xFF, 0xFF, 0xFF, 0xFF, 0xFF, 0xFF, 0xFF, 0xFF, 0xFF, 0xFF, 0xFF, 0xFF, 0xFF, 0xFF, 0xFF, 0xFF,
    0xFF, 0xFF, 0xFF, 0xFF, 0xFF, 0xFF, 0xFF, 0xFF, 0xFF, 0xFF, 0xFF, 0xFF, 0xFF, 0xFF, 0xFF, 0xFF,
    0xFF, 0xFF, 0xFF, 0xFF, 0xFF, 0xFF, 0xFF, 0xFF, 0xFF, 0xFF, 0xFF, 0xFF, 0xFF, 0xFF, 0xFF, 0xFF,
    0xFF, 0xFF, 0xFF, 0xFF, 0xFF, 0xFF, 0xFF, 0xFF, 0xFF, 0xFF, 0xFF, 0xFF, 0xFF, 0xFF, 0xFF, 0xFF,
    0xFF, 0xFF, 0xFF, 0xFF, 0xFF, 0xFF, 0xFF, 0xFF, 0xFF, 0xFF, 0xFF, 0xFF, 0xFF, 0xFF, 0xFF, 0xFF,
    0xFF, 0xFF, 0xFF, 0xFF, 0xFF, 0xFF, 0xFF, 0xFF, 0xFF, 0xFF, 0xFF, 0xFF, 0xFF, 0xFF, 0xFF, 0xFF,
    0xFF, 0xFF, 0xFF, 0xFF, 0xFF, 0xFF, 0xFF, 0xFF, 0xFF, 0xFF, 0xFF, 0xFF, 0xFF, 0xFF, 0xFF, 0xFF,
    0xFF, 0xFF, 0xFF, 0xFF, 0xFF, 0xFF, 0xFF, 0xFF, 0xFF, 0xFF, 0xFF, 0xFF, 0xFF, 0xFF, 0xFF, 0xFF,
    0xFF, 0xFF, 0xFF, 0xFF, 0xFF, 0xFF, 0xFF, 0xFF, 0xFF, 0xFF, 0xFF, 0xFF, 0xFF, 0xFF, 0xFF, 0xFF,
    0xFF, 0xFF, 0xFF, 0xFF, 0xFF, 0xFF, 0xFF, 0xFF, 0xFF, 0xFF, 0xFF, 0xFF, 0xFF, 0xFF, 0xFF, 0xFF,
    0xFF, 0xFF, 0xFF, 0xFF, 0xFF, 0xFF, 0xFF, 0xFF, 0xFF, 0xFF, 0xFF, 0xFF, 0xFF, 0xFF, 0xFF, 0xFF,
    0xFF, 0xFF, 0xFF, 0xFF, 0xFF, 0xFF, 0xFF, 0xFF, 0xFF, 0xFF, 0xFF, 0xFF, 0xFF, 0xFF, 0xFF, 0xFF,
    0xFF, 0xFF, 0xFF, 0xFF, 0xFF, 0xFF, 0xFF, 0xFF, 0xFF, 0xFF, 0xFF, 0xFF, 0xFF, 0xFF, 0xFF, 0xFF,
    0xFF, 0xFF, 0xFF, 0xFF, 0xFF, 0xFF, 0xFF, 0xFF, 0xFF, 0xFF, 0xFF, 0xFF, 0xFF, 0xFF, 0xFF, 0xFF,
    0xFF, 0xFF, 0xFF, 0xFF, 0xFF, 0xFF, 0xFF, 0xFF, 0xFF, 0xFF, 0x3D, 0xA6, 0x9B, 0x54, 0xDB, 0x64,
    0x1D, 0x65, 0xFC, 0x6C, 0x78, 0xAC, 0xFC, 0x74, 0x5D, 0x6D, 0xF7, 0xAB, 0x76, 0xB3, 0x96, 0xB3,
    0x35, 0xAB, 0x39, 0xBD, 0x73, 0x6C, 0xAA, 0x21, 0x68, 0x21, 0x68, 0x11, 0x38, 0x14, 0x39, 0x0C,
    0x75, 0x0B, 0xD1, 0x12, 0x4D, 0x1A, 0xEB, 0x11, 0x6C, 0x1A, 0xA9, 0x11, 0x48, 0x11, 0x48, 0x09,
    0x48, 0x11, 0x48, 0x11, 0x48, 0x11, 0x48, 0x11, 0x48, 0x11, 0x48, 0x11, 0x48, 0x11, 0x68, 0x11,
    0x68, 0x11, 0x68, 0x11, 0x68, 0x11, 0x68, 0x11, 0x68, 0x11, 0x89, 0x19, 0xCA, 0x11, 0xFA, 0x75,
    0x9F, 0xBF, 0x3B, 0x76, 0xF7, 0x3C, 0xB3, 0x13, 0xF0, 0x0A, 0x8E, 0x0A, 0x6E, 0x0A, 0x6E, 0x0A,
    0xCF, 0x0A, 0x51, 0x0B, 0x55, 0x24, 0x99, 0x4D, 0x9C, 0x86, 0x9F, 0xC7, 0xDC, 0x8E, 0x6C, 0x12,
    0x89, 0x19, 0x89, 0x11, 0x89, 0x11, 0x88, 0x11, 0x89, 0x11, 0x89, 0x11, 0x89, 0x11, 0x89, 0x11,
    0x88, 0x11, 0x89, 0x11, 0x89, 0x11, 0x89, 0x11, 0x88, 0x11, 0x88, 0x11, 0x89, 0x11, 0x89, 0x11,
    0x89, 0x11, 0x89, 0x11, 0x89, 0x11, 0xA9, 0x19, 0xCA, 0x19, 0x4C, 0x1A, 0x0A, 0x1A, 0xEA, 0x21,
    0xCA, 0x21, 0xCA, 0x21, 0xCA, 0x21, 0xEA, 0x21, 0xEA, 0x21, 0xEA, 0x29, 0x0B, 0x2A, 0x0B, 0x2A,
    0x0B, 0x2A, 0x2B, 0x2A, 0xEA, 0x29, 0xC5, 0x08, 0x84, 0x08, 0x2C, 0x2A, 0xB6, 0x7C, 0x7C, 0xB6,
    0xDD, 0xBE, 0xFD, 0xC6, 0x3E, 0xCF, 0x3E, 0xD7, 0x5E, 0xD7, 0x5F, 0xD7, 0x5F, 0xDF, 0x5F, 0xDF,
    0x5F, 0xD7, 0x5E, 0xD7, 0x3E, 0xCF, 0xFD, 0xCE, 0xDD, 0xBE, 0xD2, 0x5B, 0xEB, 0x21, 0x0B, 0x22,
    0xCD, 0x42, 0x11, 0x74, 0xCA, 0x19, 0x4C, 0x2A, 0x2C, 0x22, 0xCE, 0x32, 0x69, 0x4A, 0xE8, 0xA3,
    0x2E, 0xEE, 0xB4, 0xBD, 0x18, 0xBE, 0x19, 0xD6, 0x55, 0xAB, 0x76, 0xB3, 0x76, 0xB3, 0x76, 0xB3,
    0x76, 0xB3, 0x76, 0xB3, 0x76, 0xB3, 0x76, 0xB3, 0x76, 0xB3, 0x76, 0xB3, 0x76, 0xB3, 0x76, 0xB3,
    0x76, 0xB3, 0x76, 0xB3, 0x76, 0xB3, 0x76, 0xB3, 0x76, 0xB3, 0x76, 0xB3, 0x76, 0xB3, 0x76, 0xB3,
    0x76, 0xB3, 0x76, 0xB3, 0x76, 0xB3, 0x76, 0xB3, 0x76, 0xB3, 0x76, 0xB3, 0x76, 0xB3, 0x76, 0xB3,
    0x76, 0xB3, 0x76, 0xB3, 0xB6, 0xB3, 0xDC, 0x64, 0xDA, 0x74, 0xB9, 0x8C, 0x1D, 0x65, 0xDC, 0x64,
    0x9B, 0x54, 0xBE, 0xBE, 0xFF, 0xFF, 0xFF, 0xFF, 0xFF, 0xFF, 0xFF, 0xFF, 0xFF, 0xFF, 0xFF, 0xFF,
    0xFF, 0xFF, 0xFF, 0xFF, 0xFF, 0xFF, 0xFF, 0xFF, 0xFF, 0xFF, 0xFF, 0xFF, 0xFF, 0xFF, 0xFF, 0xFF,
    0xFF, 0xFF, 0xFF, 0xFF, 0xFF, 0xFF, 0xFF, 0xFF, 0xFF, 0xFF, 0xFF, 0xFF, 0xFF, 0xFF, 0xFF, 0xFF,
    0xFF, 0xFF, 0xFF, 0xFF, 0xFF, 0xFF, 0xFF, 0xFF, 0xFF, 0xFF, 0xFF, 0xFF, 0xFF, 0xFF, 0xFF, 0xFF,
    0xFF, 0xFF, 0xFF, 0xFF, 0xFF, 0xFF, 0xFF, 0xFF, 0xFF, 0xFF, 0xFF, 0xFF, 0xFF, 0xFF, 0xFF, 0xFF,
    0xFF, 0xFF, 0xFF, 0xFF, 0xFF, 0xFF, 0xFF, 0xFF, 0xFF, 0xFF, 0xFF, 0xFF, 0xFF, 0xFF, 0xFF, 0xFF,
    0xFF, 0xFF, 0xFF, 0xFF, 0xFF, 0xFF, 0xFF, 0xFF, 0xFF, 0xFF, 0xFF, 0xFF, 0xFF, 0xFF, 0xFF, 0xFF,
    0xFF, 0xFF, 0xFF, 0xFF, 0xFF, 0xFF, 0xFF, 0xFF, 0xFF, 0xFF, 0xFF, 0xFF, 0xFF, 0xFF, 0xFF, 0xFF,
    0xFF, 0xFF, 0xFF, 0xFF, 0xFF, 0xFF, 0xFF, 0xFF, 0xFF, 0xFF, 0xFF, 0xFF, 0xFF, 0xFF, 0xFF, 0xFF,
    0xFF, 0xFF, 0xFF, 0xFF, 0xFF, 0xFF, 0xFF, 0xFF, 0xFF, 0xFF, 0xFF, 0xFF, 0xFF, 0xFF, 0xFF, 0xFF,
    0xFF, 0xFF, 0xFF, 0xFF, 0xFF, 0xFF, 0xFF, 0xFF, 0xFF, 0xFF, 0xFF, 0xFF, 0xFF, 0xFF, 0xFF, 0xFF,
    0xFF, 0xFF, 0xFF, 0xFF, 0xFF, 0xFF, 0xFF, 0xFF, 0xFF, 0xFF, 0xFF, 0xFF, 0xFF, 0xFF, 0xFF, 0xFF,
    0xFF, 0xFF, 0xFF, 0xFF, 0xFF, 0xFF, 0xFF, 0xFF, 0xFF, 0xFF, 0xFF, 0xFF, 0xFF, 0xFF, 0xFF, 0xFF,
    0xFF, 0xFF, 0xFF, 0xFF, 0xFF, 0xFF, 0xFF, 0xFF, 0xFF, 0xFF, 0xFF, 0xFF, 0xFF, 0xFF, 0xFF, 0xFF,
    0xFF, 0xFF, 0xFF, 0xFF, 0xFF, 0xFF, 0xFF, 0xFF, 0xFF, 0xFF, 0xFF, 0xFF, 0xFF, 0xFF, 0xFF, 0xFF,
    0xFF, 0xFF, 0xFF, 0xFF, 0xFF, 0xFF, 0xFF, 0xFF, 0xFF, 0xFF, 0xFF, 0xFF, 0xFF, 0xFF, 0xFF, 0xFF,
    0xFF, 0xFF, 0xFF, 0xFF, 0xFF, 0xFF, 0xFF, 0xFF, 0xFF, 0xFF, 0xFF, 0xFF, 0xFF, 0xFF, 0xFF, 0xFF,
    0xFF, 0xFF, 0xFF, 0xFF, 0xFF, 0xFF, 0xFF, 0xFF, 0xFF, 0xFF, 0xFF, 0xFF, 0xFF, 0xFF, 0xFF, 0xFF,
    0xFF, 0xFF, 0xFF, 0xFF, 0xFF, 0xFF, 0xFF, 0xFF, 0xFF, 0xFF, 0xFF, 0xFF, 0xFF, 0xFF, 0xFF, 0xFF,
    0xFF, 0xFF, 0xFF, 0xFF, 0xFF, 0xFF, 0xFF, 0xFF, 0xDC, 0x95, 0x9C, 0x54, 0xDC, 0x64, 0x1D, 0x65,
    0xFB, 0x74, 0x98, 0xAC, 0x1C, 0x75, 0x3D, 0x6D, 0x37, 0xAC, 0x76, 0xB3, 0x96, 0xB3, 0x96, 0xB3,
    0x76, 0xB3, 0x37, 0xBC, 0xB9, 0xA5, 0xEB, 0x29, 0xA9, 0x21, 0xE5, 0x18, 0x32, 0x13, 0x9A, 0x14,
    0x96, 0x0B, 0x13, 0x13, 0x8F, 0x12, 0x0B, 0x12, 0xAA, 0x11, 0x89, 0x11, 0x68, 0x11, 0x68, 0x11,
    0x68, 0x11, 0x68, 0x11, 0x68, 0x11, 0x68, 0x11, 0x68, 0x11, 0x68, 0x11, 0x68, 0x11, 0x68, 0x11,
    0x68, 0x11, 0x68, 0x11, 0x68, 0x11, 0x88, 0x11, 0x88, 0x11, 0xA9, 0x19, 0x27, 0x11, 0xEF, 0x2A,
    0x1D, 0xA7, 0xFF, 0xEF, 0xFF, 0xEF, 0xBF, 0xBF, 0xBD, 0x86, 0x1B, 0x5E, 0xDA, 0x4D, 0xFA, 0x5D,
    0x7B, 0x76, 0x3D, 0x9F, 0xFF, 0xCF, 0xFF, 0xF7, 0xFF, 0xEF, 0x5D, 0xAF, 0x12, 0x4C, 0x89, 0x21,
    0xA9, 0x11, 0x89, 0x11, 0x89, 0x11, 0x89, 0x11, 0x89, 0x11, 0x89, 0x11, 0xA9, 0x19, 0xA9, 0x19,
    0xA9, 0x19, 0xA9, 0x19, 0xA9, 0x19, 0xA9, 0x19, 0x89, 0x19, 0xA9, 0x19, 0xA9, 0x19, 0xA9, 0x19,
    0xA9, 0x11, 0xA9, 0x11, 0xA9, 0x19, 0xA9, 0x19, 0xA9, 0x19, 0xA9, 0x19, 0xCA, 0x21, 0xCA, 0x21,
    0xCA, 0x21, 0xCA, 0x21, 0xCA, 0x21, 0xEA, 0x21, 0xEA, 0x21, 0xEA, 0x29, 0x0B, 0x2A, 0x0B, 0x2A,
    0x0B, 0x2A, 0x2B, 0x32, 0x27, 0x19, 0x63, 0x08, 0x27, 0x19, 0x72, 0x53, 0xB9, 0x9D, 0xBD, 0xBE,
    0xDD, 0xBE, 0x1E, 0xCF, 0x3E, 0xCF, 0x3E, 0xD7, 0x5E, 0xD7, 0x5F, 0xD7, 0x5F, 0xDF, 0x5F, 0xDF,
    0x5F, 0xD7, 0x5E, 0xD7, 0x3E, 0xCF, 0xFD, 0xC6, 0xDD, 0xBE, 0x34, 0x64, 0x2B, 0x2A, 0x6C, 0x32,
    0x8C, 0x3A, 0x73, 0x7C, 0x0B, 0x22, 0x2C, 0x22, 0x2C, 0x22, 0x8D, 0x2A, 0xCC, 0x4A, 0xA8, 0x62,
    0x90, 0xCD, 0x39, 0xF7, 0xF9, 0xE6, 0xD4, 0xA3, 0x56, 0xB3, 0x76, 0xB3, 0x76, 0xB3, 0x76, 0xB3,
    0x76, 0xB3, 0x76, 0xB3, 0x76, 0xB3, 0x76, 0xB3, 0x76, 0xB3, 0x76, 0xB3, 0x76, 0xB3, 0x76, 0xB3,
    0x76, 0xB3, 0x76, 0xB3, 0x76, 0xB3, 0x76, 0xB3, 0x76, 0xB3, 0x76, 0xB3, 0x76, 0xB3, 0x76, 0xB3,
    0x76, 0xB3, 0x76, 0xB3, 0x76, 0xB3, 0x76, 0xB3, 0x76, 0xB3, 0x76, 0xB3, 0x76, 0xB3, 0x76, 0xB3,
    0x76, 0xB3, 0x76, 0xB3, 0x76, 0xB3, 0xBA, 0x74, 0x1C, 0x6D, 0x99, 0x94, 0xDC, 0x5C, 0xFC, 0x64,
    0xBC, 0x54, 0xFD, 0x95, 0xFF, 0xFF, 0xFF, 0xFF, 0xFF, 0xFF, 0xFF, 0xFF, 0xFF, 0xFF, 0xFF, 0xFF,
    0xFF, 0xFF, 0xFF, 0xFF, 0xFF, 0xFF, 0xFF, 0xFF, 0xFF, 0xFF, 0xFF, 0xFF, 0xFF, 0xFF, 0xFF, 0xFF,
    0xFF, 0xFF, 0xFF, 0xFF, 0xFF, 0xFF, 0xFF, 0xFF, 0xFF, 0xFF, 0xFF, 0xFF, 0xFF, 0xFF, 0xFF, 0xFF,
    0xFF, 0xFF, 0xFF, 0xFF, 0xFF, 0xFF, 0xFF, 0xFF, 0xFF, 0xFF, 0xFF, 0xFF, 0xFF, 0xFF, 0xFF, 0xFF,
    0xFF, 0xFF, 0xFF, 0xFF, 0xFF, 0xFF, 0xFF, 0xFF, 0xFF, 0xFF, 0xFF, 0xFF, 0xFF, 0xFF, 0xFF, 0xFF,
    0xFF, 0xFF, 0xFF, 0xFF, 0xFF, 0xFF, 0xFF, 0xFF, 0xFF, 0xFF, 0xFF, 0xFF, 0xFF, 0xFF, 0xFF, 0xFF,
    0xFF, 0xFF, 0xFF, 0xFF, 0xFF, 0xFF, 0xFF, 0xFF, 0xFF, 0xFF, 0xFF, 0xFF, 0xFF, 0xFF, 0xFF, 0xFF,
    0xFF, 0xFF, 0xFF, 0xFF, 0xFF, 0xFF, 0xFF, 0xFF, 0xFF, 0xFF, 0xFF, 0xFF, 0xFF, 0xFF, 0xFF, 0xFF,
    0xFF, 0xFF, 0xFF, 0xFF, 0xFF, 0xFF, 0xFF, 0xFF, 0xFF, 0xFF, 0xFF, 0xFF, 0xFF, 0xFF, 0xFF, 0xFF,
    0xFF, 0xFF, 0xFF, 0xFF, 0xFF, 0xFF, 0xFF, 0xFF, 0xFF, 0xFF, 0xFF, 0xFF, 0xFF, 0xFF, 0xFF, 0xFF,
    0xFF, 0xFF, 0xFF, 0xFF, 0xFF, 0xFF, 0xFF, 0xFF, 0xFF, 0xFF, 0xFF, 0xFF, 0xFF, 0xFF, 0xFF, 0xFF,
    0xFF, 0xFF, 0xFF, 0xFF, 0xFF, 0xFF, 0xFF, 0xFF, 0xFF, 0xFF, 0xFF, 0xFF, 0xFF, 0xFF, 0xFF, 0xFF,
    0xFF, 0xFF, 0xFF, 0xFF, 0xFF, 0xFF, 0xFF, 0xFF, 0xFF, 0xFF, 0xFF, 0xFF, 0xFF, 0xFF, 0xFF, 0xFF,
    0xFF, 0xFF, 0xFF, 0xFF, 0xFF, 0xFF, 0xFF, 0xFF, 0xFF, 0xFF, 0xFF, 0xFF, 0xFF, 0xFF, 0xFF, 0xFF,
    0xFF, 0xFF, 0xFF, 0xFF, 0xFF, 0xFF, 0xFF, 0xFF, 0xFF, 0xFF, 0xFF, 0xFF, 0xFF, 0xFF, 0xFF, 0xFF,
    0xFF, 0xFF, 0xFF, 0xFF, 0xFF, 0xFF, 0xFF, 0xFF, 0xFF, 0xFF, 0xFF, 0xFF, 0xFF, 0xFF, 0xFF, 0xFF,
    0xFF, 0xFF, 0xFF, 0xFF, 0xFF, 0xFF, 0xFF, 0xFF, 0xFF, 0xFF, 0xFF, 0xFF, 0xFF, 0xFF, 0xFF, 0xFF,
    0xFF, 0xFF, 0xFF, 0xFF, 0xFF, 0xFF, 0xFF, 0xFF, 0xFF, 0xFF, 0xFF, 0xFF, 0xFF, 0xFF, 0xFF, 0xFF,
    0xFF, 0xFF, 0xFF, 0xFF, 0xFF, 0xFF, 0xFF, 0xFF, 0xFF, 0xFF, 0xFF, 0xFF, 0xFF, 0xFF, 0xFF, 0xFF,
    0xFF, 0xFF, 0xFF, 0xFF, 0x9F, 0xEF, 0x7C, 0x7D, 0xBC, 0x54, 0xDC, 0x64, 0x1E, 0x5D, 0xFC, 0x74,
    0x98, 0xAC, 0x1C, 0x75, 0x3D, 0x6D, 0x17, 0xAC, 0x76, 0xB3, 0x96, 0xB3, 0x76, 0xB3, 0x96, 0xB3,
    0x76, 0xB3, 0x55, 0xAB, 0x1B, 0xC6, 0xCE, 0x42, 0xCA, 0x29, 0x06, 0x19, 0xCA, 0x19, 0x59, 0x14,
    0xD7, 0x0B, 0x34, 0x13, 0xB0, 0x12, 0x2D, 0x12, 0xEA, 0x11, 0xA9, 0x11, 0x89, 0x11, 0x89, 0x11,
    0x88, 0x11, 0x88, 0x11, 0x68, 0x11, 0x88, 0x11, 0x88, 0x11, 0x88, 0x11, 0x88, 0x11, 0x88, 0x11,
    0x88, 0x11, 0x88, 0x11, 0x88, 0x11, 0x88, 0x11, 0x88, 0x11, 0xA9, 0x19, 0x67, 0x19, 0xC6, 0x18,
    0x4C, 0x22, 0xF6, 0x54, 0xFD, 0x8E, 0xFF, 0xC7, 0xFF, 0xEF, 0xFF, 0xEF, 0xFF, 0xE7, 0xFF, 0xEF,
    0xFF, 0xEF, 0xFF, 0xEF, 0xFF, 0xCF, 0x1C, 0x8F, 0x55, 0x45, 0xCD, 0x2A, 0x47, 0x31, 0x68, 0x21,
    0xA9, 0x11, 0xA9, 0x19, 0xA9, 0x19, 0xA9, 0x19, 0xA9, 0x19, 0xA9, 0x19, 0xA9, 0x19, 0xA9, 0x19,
    0xA9, 0x19, 0xA9, 0x19, 0xA9, 0x19, 0xA9, 0x19, 0xA9, 0x19, 0xA9, 0x19, 0xA9, 0x19, 0xA9, 0x19,
    0xA9, 0x19, 0xA9, 0x19, 0xA9, 0x19, 0xA9, 0x19, 0xC9, 0x19, 0xC9, 0x19, 0xCA, 0x19, 0xCA, 0x21,
    0xCA, 0x21, 0xCA, 0x21, 0xEA, 0x21, 0xEA, 0x21, 0xEA, 0x21, 0xEA, 0x29, 0x0B, 0x2A, 0x0B, 0x2A,
    0x4B, 0x2A, 0x88, 0x19, 0x84, 0x08, 0xA5, 0x08, 0x6D, 0x3A, 0xD7, 0x7C, 0x5C, 0xB6, 0xBD, 0xBE,
    0xFD, 0xC6, 0x1E, 0xCF, 0x3E, 0xCF, 0x3E, 0xD7, 0x5E, 0xD7, 0x5F, 0xD7, 0x7F, 0xD7, 0x5F, 0xD7,
    0x5F, 0xD7, 0x5E, 0xD7, 0x3E, 0xCF, 0xFD, 0xC6, 0xDD, 0xBE, 0x95, 0x74, 0x4C, 0x32, 0x8C, 0x42,
    0x6C, 0x32, 0x94, 0x7C, 0x6D, 0x22, 0x2C, 0x1A, 0x2C, 0x1A, 0x2D, 0x1A, 0x4F, 0x4B, 0x69, 0x4A,
    0xCC, 0x83, 0x31, 0xB5, 0x11, 0x94, 0x34, 0xA3, 0x76, 0xB3, 0x76, 0xB3, 0x76, 0xB3, 0x76, 0xB3,
    0x76, 0xB3, 0x76, 0xB3, 0x76, 0xB3, 0x76, 0xB3, 0x76, 0xB3, 0x76, 0xB3, 0x76, 0xB3, 0x76, 0xB3,
    0x76, 0xB3, 0x76, 0xB3, 0x76, 0xB3, 0x76, 0xB3, 0x76, 0xB3, 0x76, 0xB3, 0x76, 0xB3, 0x76, 0xB3,
    0x76, 0xB3, 0x76, 0xB3, 0x76, 0xB3, 0x76, 0xB3, 0x76, 0xB3, 0x76, 0xB3, 0x76, 0xB3, 0x76, 0xB3,
    0x76, 0xB3, 0x76, 0xB3, 0x76, 0xB3, 0x79, 0x8C, 0x5E, 0x6D, 0x79, 0x8C, 0xDB, 0x64, 0xFC, 0x64,
    0xBC, 0x5C, 0x3C, 0x75, 0xFF, 0xFF, 0xFF, 0xFF, 0xFF, 0xFF, 0xFF, 0xFF, 0xFF, 0xFF, 0xFF, 0xFF,
    0xFF, 0xFF, 0xFF, 0xFF, 0xFF, 0xFF, 0xFF, 0xFF, 0xFF, 0xFF, 0xFF, 0xFF, 0xFF, 0xFF, 0xFF, 0xFF,
    0xFF, 0xFF, 0xFF, 0xFF, 0xFF, 0xFF, 0xFF, 0xFF, 0xFF, 0xFF, 0xFF, 0xFF, 0xFF, 0xFF, 0xFF, 0xFF,
    0xFF, 0xFF, 0xFF, 0xFF, 0xFF, 0xFF, 0xFF, 0xFF, 0xFF, 0xFF, 0xFF, 0xFF, 0xFF, 0xFF, 0xFF, 0xFF,
    0xFF, 0xFF, 0xFF, 0xFF, 0xFF, 0xFF, 0xFF, 0xFF, 0xFF, 0xFF, 0xFF, 0xFF, 0xFF, 0xFF, 0xFF, 0xFF,
    0xFF, 0xFF, 0xFF, 0xFF, 0xFF, 0xFF, 0xFF, 0xFF, 0xFF, 0xFF, 0xFF, 0xFF, 0xFF, 0xFF, 0xFF, 0xFF,
    0xFF, 0xFF, 0xFF, 0xFF, 0xFF, 0xFF, 0xFF, 0xFF, 0xFF, 0xFF, 0xFF, 0xFF, 0xFF, 0xFF, 0xFF, 0xFF,
    0xFF, 0xFF, 0xFF, 0xFF, 0xFF, 0xFF, 0xFF, 0xFF, 0xFF, 0xFF, 0xFF, 0xFF, 0xFF, 0xFF, 0xFF, 0xFF,
    0xFF, 0xFF, 0xFF, 0xFF, 0xFF, 0xFF, 0xFF, 0xFF, 0xFF, 0xFF, 0xFF, 0xFF, 0xFF, 0xFF, 0xFF, 0xFF,
    0xFF, 0xFF, 0xFF, 0xFF, 0xFF, 0xFF, 0xFF, 0xFF, 0xFF, 0xFF, 0xFF, 0xFF, 0xFF, 0xFF, 0xFF, 0xFF,
    0xFF, 0xFF, 0xFF, 0xFF, 0xFF, 0xFF, 0xFF, 0xFF, 0xFF, 0xFF, 0xFF, 0xFF, 0xFF, 0xFF, 0xFF, 0xFF,
    0xFF, 0xFF, 0xFF, 0xFF, 0xFF, 0xFF, 0xFF, 0xFF, 0xFF, 0xFF, 0xFF, 0xFF, 0xFF, 0xFF, 0xFF, 0xFF,
    0xFF, 0xFF, 0xFF, 0xFF, 0xFF, 0xFF, 0xFF, 0xFF, 0xFF, 0xFF, 0xFF, 0xFF, 0xFF, 0xFF, 0xFF, 0xFF,
    0xFF, 0xFF, 0xFF, 0xFF, 0xFF, 0xFF, 0xFF, 0xFF, 0xFF, 0xFF, 0xFF, 0xFF, 0xFF, 0xFF, 0xFF, 0xFF,
    0xFF, 0xFF, 0xFF, 0xFF, 0xFF, 0xFF, 0xFF, 0xFF, 0xFF, 0xFF, 0xFF, 0xFF, 0xFF, 0xFF, 0xFF, 0xFF,
    0xFF, 0xFF, 0xFF, 0xFF, 0xFF, 0xFF, 0xFF, 0xFF, 0xFF, 0xFF, 0xFF, 0xFF, 0xFF, 0xFF, 0xFF, 0xFF,
    0xFF, 0xFF, 0xFF, 0xFF, 0xFF, 0xFF, 0xFF, 0xFF, 0xFF, 0xFF, 0xFF, 0xFF, 0xFF, 0xFF, 0xFF, 0xFF,
    0xFF, 0xFF, 0xFF, 0xFF, 0xFF, 0xFF, 0xFF, 0xFF, 0xFF, 0xFF, 0xFF, 0xFF, 0xFF, 0xFF, 0xFF, 0xFF,
    0xFF, 0xFF, 0xFF, 0xFF, 0xFF, 0xFF, 0xFF, 0xFF, 0xFF, 0xFF, 0xFF, 0xFF, 0xFF, 0xFF, 0xFF, 0xFF,
    0xFF, 0xFF, 0x1E, 0xD7, 0x1C, 0x6D, 0xBC, 0x54, 0xDC, 0x64, 0xFD, 0x5C, 0xFB, 0x84, 0xB9, 0xA4,
    0x1D, 0x6D, 0x3C, 0x6D, 0x37, 0xB4, 0x76, 0xB3, 0x96, 0xB3, 0x76, 0xB3, 0x76, 0xB3, 0x76, 0xB3,
    0x76, 0xB3, 0x35, 0xAB, 0x5A, 0xC5, 0xB4, 0x84, 0xEA, 0x31, 0x88, 0x21, 0x05, 0x21, 0x31, 0x23,
    0x38, 0x0C, 0x54, 0x13, 0xD1, 0x12, 0x6E, 0x12, 0x0C, 0x1A, 0xCA, 0x11, 0xA9, 0x11, 0x89, 0x11,
    0x89, 0x11, 0x89, 0x11, 0x89, 0x19, 0x89, 0x19, 0x89, 0x19, 0xA9, 0x19, 0x89, 0x19, 0xA9, 0x19,
    0xA9, 0x19, 0xA9, 0x19, 0xA9, 0x19, 0xA9, 0x19, 0xA9, 0x19, 0xA9, 0x19, 0xA9, 0x19, 0x26, 0x11,
    0xC5, 0x20, 0x68, 0x31, 0x8D, 0x32, 0x13, 0x34, 0x98, 0x5D, 0xDC, 0x86, 0x5D, 0x9F, 0x5D, 0x9F,
    0xFC, 0x86, 0xF8, 0x65, 0x72, 0x3C, 0xCC, 0x32, 0xE9, 0x49, 0x47, 0x59, 0x48, 0x31, 0xA9, 0x11,
    0xA9, 0x19, 0xA9, 0x19, 0xA9, 0x19, 0xA9, 0x19, 0xA9, 0x19, 0xA9, 0x19, 0xA9, 0x19, 0xA9, 0x19,
    0xA9, 0x19, 0xA9, 0x19, 0xA9, 0x19, 0xA9, 0x19, 0xA9, 0x19, 0xA9, 0x19, 0xA9, 0x19, 0xA9, 0x19,
    0xA9, 0x19, 0xA9, 0x19, 0xC9, 0x19, 0xC9, 0x19, 0xC9, 0x19, 0xC9, 0x19, 0xC9, 0x19, 0xCA, 0x21,
    0xCA, 0x21, 0xCA, 0x21, 0xEA, 0x21, 0xEA, 0x21, 0xEA, 0x21, 0xEA, 0x29, 0x0A, 0x2A, 0x2B, 0x2A,
    0xC9, 0x21, 0xA4, 0x08, 0x63, 0x08, 0xAA, 0x29, 0xF3, 0x63, 0xDA, 0x9D, 0xBD, 0xB6, 0xDD, 0xBE,
    0x1E, 0xC7, 0x1E, 0xCF, 0x3E, 0xCF, 0x5E, 0xD7, 0x5F, 0xD7, 0x5F, 0xD7, 0x7F, 0xD7, 0x7F, 0xD7,
    0x5F, 0xD7, 0x5E, 0xD7, 0x3E, 0xCF, 0xFD, 0xC6, 0xDE, 0xB6, 0x18, 0x75, 0x2D, 0x22, 0x6E, 0x22,
    0x0C, 0x12, 0xF2, 0x53, 0x0F, 0x33, 0x0C, 0x0A, 0x4D, 0x1A, 0x2D, 0x12, 0xAE, 0x2A, 0xAF, 0x6B,
    0x0B, 0x53, 0x2E, 0x63, 0x13, 0x93, 0x76, 0xB3, 0x76, 0xB3, 0x76, 0xB3, 0x76, 0xB3, 0x76, 0xB3,
    0x76, 0xB3, 0x76, 0xB3, 0x76, 0xB3, 0x76, 0xB3, 0x76, 0xB3, 0x76, 0xB3, 0x76, 0xB3, 0x76, 0xB3,
    0x76, 0xB3, 0x76, 0xB3, 0x76, 0xB3, 0x76, 0xB3, 0x76, 0xB3, 0x76, 0xB3, 0x76, 0xB3, 0x76, 0xB3,
    0x76, 0xB3, 0x76, 0xB3, 0x76, 0xB3, 0x76, 0xB3, 0x76, 0xB3, 0x76, 0xB3, 0x76, 0xB3, 0x76, 0xB3,
    0x76, 0xB3, 0x76, 0xB3, 0x76, 0xB3, 0x18, 0xA4, 0x5F, 0x6D, 0xBA, 0x7C, 0xDB, 0x74, 0xFD, 0x5C,
    0xDC, 0x5C, 0xDC, 0x5C, 0x5F, 0xDF, 0xFF, 0xFF, 0xFF, 0xFF, 0xFF, 0xFF, 0xFF, 0xFF, 0xFF, 0xFF,
    0xFF, 0xFF, 0xFF, 0xFF, 0xFF, 0xFF, 0xFF, 0xFF, 0xFF, 0xFF, 0xFF, 0xFF, 0xFF, 0xFF, 0xFF, 0xFF,
    0xFF, 0xFF, 0xFF, 0xFF, 0xFF, 0xFF, 0xFF, 0xFF, 0xFF, 0xFF, 0xFF, 0xFF, 0xFF, 0xFF, 0xFF, 0xFF,
    0xFF, 0xFF, 0xFF, 0xFF, 0xFF, 0xFF, 0xFF, 0xFF, 0xFF, 0xFF, 0xFF, 0xFF, 0xFF, 0xFF, 0xFF, 0xFF,
    0xFF, 0xFF, 0xFF, 0xFF, 0xFF, 0xFF, 0xFF, 0xFF, 0xFF, 0xFF, 0xFF, 0xFF, 0xFF, 0xFF, 0xFF, 0xFF,
    0xFF, 0xFF, 0xFF, 0xFF, 0xFF, 0xFF, 0xFF, 0xFF, 0xFF, 0xFF, 0xFF, 0xFF, 0xFF, 0xFF, 0xFF, 0xFF,
    0xFF, 0xFF, 0xFF, 0xFF, 0xFF, 0xFF, 0xFF, 0xFF, 0xFF, 0xFF, 0xFF, 0xFF, 0xFF, 0xFF, 0xFF, 0xFF,
    0xFF, 0xFF, 0xFF, 0xFF, 0xFF, 0xFF, 0xFF, 0xFF, 0xFF, 0xFF, 0xFF, 0xFF, 0xFF, 0xFF, 0xFF, 0xFF,
    0xFF, 0xFF, 0xFF, 0xFF, 0xFF, 0xFF, 0xFF, 0xFF, 0xFF, 0xFF, 0xFF, 0xFF, 0xFF, 0xFF, 0xFF, 0xFF,
    0xFF, 0xFF, 0xFF, 0xFF, 0xFF, 0xFF, 0xFF, 0xFF, 0xFF, 0xFF, 0xFF, 0xFF, 0xFF, 0xFF, 0xFF, 0xFF,
    0xFF, 0xFF, 0xFF, 0xFF, 0xFF, 0xFF, 0xFF, 0xFF, 0xFF, 0xFF, 0xFF, 0xFF, 0xFF, 0xFF, 0xFF, 0xFF,
    0xFF, 0xFF, 0xFF, 0xFF, 0xFF, 0xFF, 0xFF, 0xFF, 0xFF, 0xFF, 0xFF, 0xFF, 0xFF, 0xFF, 0xFF, 0xFF,
    0xFF, 0xFF, 0xFF, 0xFF, 0xFF, 0xFF, 0xFF, 0xFF, 0xFF, 0xFF, 0xFF, 0xFF, 0xFF, 0xFF, 0xFF, 0xFF,
    0xFF, 0xFF, 0xFF, 0xFF, 0xFF, 0xFF, 0xFF, 0xFF, 0xFF, 0xFF, 0xFF, 0xFF, 0xFF, 0xFF, 0xFF, 0xFF,
    0xFF, 0xFF, 0xFF, 0xFF, 0xFF, 0xFF, 0xFF, 0xFF, 0xFF, 0xFF, 0xFF, 0xFF, 0xFF, 0xFF, 0xFF, 0xFF,
    0xFF, 0xFF, 0xFF, 0xFF, 0xFF, 0xFF, 0xFF, 0xFF, 0xFF, 0xFF, 0xFF, 0xFF, 0xFF, 0xFF, 0xFF, 0xFF,
    0xFF, 0xFF, 0xFF, 0xFF, 0xFF, 0xFF, 0xFF, 0xFF, 0xFF, 0xFF, 0xFF, 0xFF, 0xFF, 0xFF, 0xFF, 0xFF,
    0xFF, 0xFF, 0xFF, 0xFF, 0xFF, 0xFF, 0xFF, 0xFF, 0xFF, 0xFF, 0xFF, 0xFF, 0xFF, 0xFF, 0xFF, 0xFF,
    0xFF, 0xFF, 0xFF, 0xFF, 0xFF, 0xFF, 0xFF, 0xFF, 0xFF, 0xFF, 0xFF, 0xFF, 0xFF, 0xFF, 0xDF, 0xF7,
    0x3D, 0xA6, 0xBB, 0x54, 0xDC, 0x5C, 0xDC, 0x64, 0xFC, 0x5C, 0x1B, 0x8D, 0x99, 0x9C, 0x1D, 0x65,
    0x1C, 0x75, 0xB6, 0xAB, 0x76, 0xB3, 0x76, 0xB3, 0x76, 0xB3, 0x76, 0xB3, 0x76, 0xB3, 0x76, 0xB3,
    0x96, 0xB3, 0x76, 0xB3, 0xF7, 0xB3, 0x5B, 0xC6, 0x8D, 0x4A, 0x0A, 0x3A, 0x05, 0x21, 0xC8, 0x39,
    0xD5, 0x23, 0xB6, 0x13, 0x12, 0x13, 0x8F, 0x12, 0x4D, 0x12, 0xEB, 0x19, 0xCA, 0x11, 0xA9, 0x11,
    0xA9, 0x19, 0xA9, 0x19, 0xA9, 0x19, 0xA9, 0x19, 0xA9, 0x19, 0xA9, 0x19, 0xA9, 0x19, 0xA9, 0x19,
    0xA9, 0x19, 0xA9, 0x19, 0xA9, 0x19, 0x89, 0x19, 0xA9, 0x19, 0xA9, 0x19, 0xA9, 0x19, 0xA9, 0x19,
    0xE5, 0x10, 0x85, 0x28, 0x07, 0x49, 0xA9, 0x59, 0x0A, 0x4A, 0x8C, 0x42, 0xED, 0x42, 0xED, 0x42,
    0xAC, 0x4A, 0x0A, 0x52, 0xC9, 0x59, 0xC9, 0x69, 0x48, 0x69, 0xE7, 0x40, 0x89, 0x19, 0xA9, 0x19,
    0xA9, 0x19, 0xA9, 0x19, 0xA9, 0x19, 0xA9, 0x19, 0xA9, 0x19, 0xA9, 0x19, 0xA9, 0x19, 0xA9, 0x19,
    0xA9, 0x19, 0xA9, 0x19, 0xA9, 0x19, 0xA9, 0x19, 0xA9, 0x19, 0xA9, 0x19, 0xA9, 0x19, 0xA9, 0x19,
    0xA9, 0x19, 0xC9, 0x19, 0xC9, 0x19, 0xC9, 0x19, 0xC9, 0x19, 0xC9, 0x19, 0xCA, 0x19, 0xCA, 0x21,
    0xCA, 0x21, 0xCA, 0x21, 0xEA, 0x21, 0xEA, 0x21, 0xEA, 0x21, 0xEA, 0x21, 0x2B, 0x2A, 0xA9, 0x21,
    0xC5, 0x08, 0x63, 0x08, 0x68, 0x21, 0x71, 0x5B, 0x79, 0x8D, 0x7C, 0xAE, 0xBD, 0xB6, 0xFE, 0xBE,
    0x1E, 0xC7, 0x3E, 0xCF, 0x3E, 0xCF, 0x5E, 0xD7, 0x5F, 0xD7, 0x5F, 0xD7, 0x7F, 0xD7, 0x7F, 0xD7,
    0x5F, 0xD7, 0x5E, 0xD7, 0x3E, 0xCF, 0xFE, 0xC6, 0xDD, 0xB6, 0xDB, 0x8D, 0xAF, 0x1A, 0x6F, 0x12,
    0x8F, 0x0A, 0x11, 0x23, 0x33, 0x5C, 0x2D, 0x0A, 0x8E, 0x1A, 0x6E, 0x1A, 0x4E, 0x12, 0xCF, 0x22,
    0x92, 0x5B, 0x54, 0x9B, 0x76, 0xB3, 0x76, 0xB3, 0x76, 0xB3, 0x76, 0xB3, 0x76, 0xB3, 0x76, 0xB3,
    0x76, 0xB3, 0x76, 0xB3, 0x76, 0xB3, 0x76, 0xB3, 0x76, 0xB3, 0x76, 0xB3, 0x76, 0xB3, 0x76, 0xB3,
    0x76, 0xB3, 0x76, 0xB3, 0x76, 0xB3, 0x76, 0xB3, 0x76, 0xB3, 0x76, 0xB3, 0x76, 0xB3, 0x76, 0xB3,
    0x76, 0xB3, 0x76, 0xB3, 0x76, 0xB3, 0x76, 0xB3, 0x76, 0xB3, 0x76, 0xB3, 0x76, 0xB3, 0x76, 0xB3,
    0x96, 0xB3, 0x96, 0xB3, 0x96, 0xB3, 0x96, 0xB3, 0xBB, 0x6C, 0xFB, 0x6C, 0x1B, 0x85, 0xFD, 0x5C,
    0xFC, 0x64, 0x9B, 0x54, 0x5D, 0xAE, 0xFF, 0xFF, 0xFF, 0xFF, 0xFF, 0xFF, 0xFF, 0xFF, 0xFF, 0xFF,
    0xFF, 0xFF, 0xFF, 0xFF, 0xFF, 0xFF, 0xFF, 0xFF, 0xFF, 0xFF, 0xFF, 0xFF, 0xFF, 0xFF, 0xFF, 0xFF,
    0xFF, 0xFF, 0xFF, 0xFF, 0xFF, 0xFF, 0xFF, 0xFF, 0xFF, 0xFF, 0xFF, 0xFF, 0xFF, 0xFF, 0xFF, 0xFF,
    0xFF, 0xFF, 0xFF, 0xFF, 0xFF, 0xFF, 0xFF, 0xFF, 0xFF, 0xFF, 0xFF, 0xFF, 0xFF, 0xFF, 0xFF, 0xFF,
    0xFF, 0xFF, 0xFF, 0xFF, 0xFF, 0xFF, 0xFF, 0xFF, 0xFF, 0xFF, 0xFF, 0xFF, 0xFF, 0xFF, 0xFF, 0xFF,
    0xFF, 0xFF, 0xFF, 0xFF, 0xFF, 0xFF, 0xFF, 0xFF, 0xFF, 0xFF, 0xFF, 0xFF, 0xFF, 0xFF, 0xFF, 0xFF,
    0xFF, 0xFF, 0xFF, 0xFF, 0xFF, 0xFF, 0xFF, 0xFF, 0xFF, 0xFF, 0xFF, 0xFF, 0xFF, 0xFF, 0xFF, 0xFF,
    0xFF, 0xFF, 0xFF, 0xFF, 0xFF, 0xFF, 0xFF, 0xFF, 0xFF, 0xFF, 0xFF, 0xFF, 0xFF, 0xFF, 0xFF, 0xFF,
    0xFF, 0xFF, 0xFF, 0xFF, 0xFF, 0xFF, 0xFF, 0xFF, 0xFF, 0xFF, 0xFF, 0xFF, 0xFF, 0xFF, 0xFF, 0xFF,
    0xFF, 0xFF, 0xFF, 0xFF, 0xFF, 0xFF, 0xFF, 0xFF, 0xFF, 0xFF, 0xFF, 0xFF, 0xFF, 0xFF, 0xFF, 0xFF,
    0xFF, 0xFF, 0xFF, 0xFF, 0xFF, 0xFF, 0xFF, 0xFF, 0xFF, 0xFF, 0xFF, 0xFF, 0xFF, 0xFF, 0xFF, 0xFF,
    0xFF, 0xFF, 0xFF, 0xFF, 0xFF, 0xFF, 0xFF, 0xFF, 0xFF, 0xFF, 0xFF, 0xFF, 0xFF, 0xFF, 0xFF, 0xFF,
    0xFF, 0xFF, 0xFF, 0xFF, 0xFF, 0xFF, 0xFF, 0xFF, 0xFF, 0xFF, 0xFF, 0xFF, 0xFF, 0xFF, 0xFF, 0xFF,
    0xFF, 0xFF, 0xFF, 0xFF, 0xFF, 0xFF, 0xFF, 0xFF, 0xFF, 0xFF, 0xFF, 0xFF, 0xFF, 0xFF, 0xFF, 0xFF,
    0xFF, 0xFF, 0xFF, 0xFF, 0xFF, 0xFF, 0xFF, 0xFF, 0xFF, 0xFF, 0xFF, 0xFF, 0xFF, 0xFF, 0xFF, 0xFF,
    0xFF, 0xFF, 0xFF, 0xFF, 0xFF, 0xFF, 0xFF, 0xFF, 0xFF, 0xFF, 0xFF, 0xFF, 0xFF, 0xFF, 0xFF, 0xFF,
    0xFF, 0xFF, 0xFF, 0xFF, 0xFF, 0xFF, 0xFF, 0xFF, 0xFF, 0xFF, 0xFF, 0xFF, 0xFF, 0xFF, 0xFF, 0xFF,
    0xFF, 0xFF, 0xFF, 0xFF, 0xFF, 0xFF, 0xFF, 0xFF, 0xFF, 0xFF, 0xFF, 0xFF, 0xFF, 0xFF, 0xFF, 0xFF,
    0xFF, 0xFF, 0xFF, 0xFF, 0xFF, 0xFF, 0xFF, 0xFF, 0xFF, 0xFF, 0xFF, 0xFF, 0x1E, 0xCF, 0x3C, 0x75,
    0x9B, 0x54, 0xDC, 0x64, 0xFC, 0x5C, 0x1C, 0x65, 0x1A, 0x95, 0xFB, 0x84, 0x9F, 0x6D, 0xDA, 0x84,
    0xD6, 0xB3, 0x96, 0xB3, 0x96, 0xB3, 0x96, 0xB3, 0x96, 0xB3, 0x96, 0xB3, 0x96, 0xB3, 0x96, 0xB3,
    0x96, 0xB3, 0x96, 0xB3, 0x15, 0xAB, 0xFC, 0xCD, 0x94, 0x84, 0x6C, 0x4A, 0xA9, 0x31, 0x25, 0x31,
    0x8B, 0x52, 0xB5, 0x23, 0x54, 0x0B, 0xD1, 0x12, 0x6E, 0x1A, 0x2C, 0x1A, 0xEB, 0x19, 0xCA, 0x19,
    0xCA, 0x19, 0xA9, 0x19, 0xA9, 0x19, 0xA9, 0x19, 0xA9, 0x19, 0xA9, 0x19, 0xA9, 0x21, 0xA9, 0x19,
    0xA9, 0x21, 0xA9, 0x19, 0xA9, 0x19, 0xA9, 0x19, 0xA9, 0x19, 0xA9, 0x19, 0xA9, 0x19, 0xA9, 0x19,
    0xA9, 0x19, 0xE5, 0x18, 0x64, 0x28, 0xC6, 0x48, 0x68, 0x61, 0xA9, 0x69, 0xA9, 0x69, 0xC9, 0x71,
    0xCA, 0x71, 0xAA, 0x71, 0x89, 0x71, 0xE6, 0x60, 0xA6, 0x38, 0x89, 0x19, 0xAA, 0x19, 0xA9, 0x19,
    0xA9, 0x19, 0xA9, 0x19, 0xA9, 0x19, 0xA9, 0x19, 0xA9, 0x19, 0xA9, 0x19, 0xA9, 0x19, 0xA9, 0x19,
    0xA9, 0x19, 0xA9, 0x19, 0xA9, 0x19, 0xA9, 0x19, 0xA9, 0x19, 0xC9, 0x19, 0xA9, 0x19, 0xC9, 0x19,
    0xC9, 0x19, 0xC9, 0x19, 0xC9, 0x19, 0xC9, 0x19, 0xC9, 0x19, 0xCA, 0x19, 0xCA, 0x19, 0xCA, 0x19,
    0xCA, 0x21, 0xCA, 0x21, 0xCA, 0x21, 0xEA, 0x21, 0xEA, 0x21, 0x0B, 0x2A, 0x88, 0x19, 0xA5, 0x08,
    0x63, 0x08, 0x47, 0x21, 0x30, 0x5B, 0x18, 0x85, 0x3C, 0xA6, 0xBD, 0xAE, 0xDD, 0xB6, 0x1E, 0xC7,
    0x1E, 0xC7, 0x3E, 0xCF, 0x5E, 0xCF, 0x5E, 0xD7, 0x5F, 0xD7, 0x7F, 0xD7, 0x7F, 0xD7, 0x5F, 0xD7,
    0x5F, 0xD7, 0x5E, 0xD7, 0x3E, 0xCF, 0x1E, 0xC7, 0xBD, 0xB6, 0x5D, 0x9E, 0x15, 0x4C, 0x6F, 0x0A,
    0xF1, 0x12, 0xB0, 0x02, 0x13, 0x3C, 0xD2, 0x3B, 0xAF, 0x0A, 0xF0, 0x1A, 0x11, 0x2B, 0x13, 0x5B,
    0x35, 0x9B, 0x76, 0xB3, 0x96, 0xB3, 0x96, 0xB3, 0x96, 0xB3, 0x96, 0xB3, 0x96, 0xB3, 0x96, 0xB3,
    0x96, 0xB3, 0x96, 0xB3, 0x96, 0xB3, 0x96, 0xB3, 0x96, 0xB3, 0x96, 0xB3, 0x96, 0xB3, 0x96, 0xB3,
    0x96, 0xB3, 0x96, 0xB3, 0x96, 0xB3, 0x96, 0xB3, 0x96, 0xB3, 0x96, 0xB3, 0x96, 0xB3, 0x96, 0xB3,
    0x96, 0xB3, 0x96, 0xB3, 0x96, 0xB3, 0x96, 0xB3, 0x96, 0xB3, 0x96, 0xB3, 0x96, 0xB3, 0x96, 0xB3,
    0x96, 0xB3, 0x96, 0xB3, 0x96, 0xB3, 0x96, 0xB3, 0x99, 0x8C, 0x5E, 0x65, 0x5B, 0x85, 0xDC, 0x5C,
    0xDC, 0x64, 0xBC, 0x5C, 0x5C, 0x75, 0xFF, 0xFF, 0xFF, 0xFF, 0xFF, 0xFF, 0xFF, 0xFF, 0xFF, 0xFF,
    0xFF, 0xFF, 0xFF, 0xFF, 0xFF, 0xFF, 0xFF, 0xFF, 0xFF, 0xFF, 0xFF, 0xFF, 0xFF, 0xFF, 0xFF, 0xFF,
    0xFF, 0xFF, 0xFF, 0xFF, 0xFF, 0xFF, 0xFF, 0xFF, 0xFF, 0xFF, 0xFF, 0xFF, 0xFF, 0xFF, 0xFF, 0xFF,
    0xFF, 0xFF, 0xFF, 0xFF, 0xFF, 0xFF, 0xFF, 0xFF, 0xFF, 0xFF, 0xFF, 0xFF, 0xFF, 0xFF, 0xFF, 0xFF,
    0xFF, 0xFF, 0xFF, 0xFF, 0xFF, 0xFF, 0xFF, 0xFF, 0xFF, 0xFF, 0xFF, 0xFF, 0xFF, 0xFF, 0xFF, 0xFF,
    0xFF, 0xFF, 0xFF, 0xFF, 0xFF, 0xFF, 0xFF, 0xFF, 0xFF, 0xFF, 0xFF, 0xFF, 0xFF, 0xFF, 0xFF, 0xFF,
    0xFF, 0xFF, 0xFF, 0xFF, 0xFF, 0xFF, 0xFF, 0xFF, 0xFF, 0xFF, 0xFF, 0xFF, 0xFF, 0xFF, 0xFF, 0xFF,
    0xFF, 0xFF, 0xFF, 0xFF, 0xFF, 0xFF, 0xFF, 0xFF, 0xFF, 0xFF, 0xFF, 0xFF, 0xFF, 0xFF, 0xFF, 0xFF,
    0xFF, 0xFF, 0xFF, 0xFF, 0xFF, 0xFF, 0xFF, 0xFF, 0xFF, 0xFF, 0xFF, 0xFF, 0xFF, 0xFF, 0xFF, 0xFF,
    0xFF, 0xFF, 0xFF, 0xFF, 0xFF, 0xFF, 0xFF, 0xFF, 0xFF, 0xFF, 0xFF, 0xFF, 0xFF, 0xFF, 0xFF, 0xFF,
    0xFF, 0xFF, 0xFF, 0xFF, 0xFF, 0xFF, 0xFF, 0xFF, 0xFF, 0xFF, 0xFF, 0xFF, 0xFF, 0xFF, 0xFF, 0xFF,
    0xFF, 0xFF, 0xFF, 0xFF, 0xFF, 0xFF, 0xFF, 0xFF, 0xFF, 0xFF, 0xFF, 0xFF, 0xFF, 0xFF, 0xFF, 0xFF,
    0xFF, 0xFF, 0xFF, 0xFF, 0xFF, 0xFF, 0xFF, 0xFF, 0xFF, 0xFF, 0xFF, 0xFF, 0xFF, 0xFF, 0xFF, 0xFF,
    0xFF, 0xFF, 0xFF, 0xFF, 0xFF, 0xFF, 0xFF, 0xFF, 0xFF, 0xFF, 0xFF, 0xFF, 0xFF, 0xFF, 0xFF, 0xFF,
    0xFF, 0xFF, 0xFF, 0xFF, 0xFF, 0xFF, 0xFF, 0xFF, 0xFF, 0xFF, 0xFF, 0xFF, 0xFF, 0xFF, 0xFF, 0xFF,
    0xFF, 0xFF, 0xFF, 0xFF, 0xFF, 0xFF, 0xFF, 0xFF, 0xFF, 0xFF, 0xFF, 0xFF, 0xFF, 0xFF, 0xFF, 0xFF,
    0xFF, 0xFF, 0xFF, 0xFF, 0xFF, 0xFF, 0xFF, 0xFF, 0xFF, 0xFF, 0xFF, 0xFF, 0xFF, 0xFF, 0xFF, 0xFF,
    0xFF, 0xFF, 0xFF, 0xFF, 0xFF, 0xFF, 0xFF, 0xFF, 0xFF, 0xFF, 0xFF, 0xFF, 0xFF, 0xFF, 0xFF, 0xFF,
    0xFF, 0xFF, 0xFF, 0xFF, 0xFF, 0xFF, 0xFF, 0xFF, 0x3E, 0xDF, 0xBC, 0x85, 0xBC, 0x54, 0xBC, 0x5C,
    0xFC, 0x64, 0xFD, 0x5C, 0xFB, 0x74, 0x1A, 0x95, 0x1C, 0x75, 0x1D, 0x65, 0x99, 0x9C, 0xB6, 0xB3,
    0x96, 0xB3, 0x96, 0xB3, 0x96, 0xB3, 0x96, 0xB3, 0x96, 0xB3, 0x96, 0xB3, 0x96, 0xB3, 0x96, 0xB3,
    0x96, 0xB3, 0x96, 0xB3, 0x76, 0xB3, 0x17, 0xB4, 0xBC, 0xCE, 0x6F, 0x6B, 0xCD, 0x5A, 0x67, 0x31,
    0x86, 0x49, 0xAC, 0x52, 0x53, 0x23, 0x12, 0x13, 0xB0, 0x1A, 0x6E, 0x1A, 0x2C, 0x1A, 0x0B, 0x1A,
    0xEA, 0x19, 0xCA, 0x19, 0xCA, 0x19, 0xA9, 0x21, 0xA9, 0x21, 0xA9, 0x21, 0xA9, 0x21, 0xA9, 0x21,
    0xA9, 0x21, 0xA9, 0x21, 0xA9, 0x21, 0xA9, 0x21, 0xA9, 0x19, 0xA9, 0x19, 0xA9, 0x19, 0xA9, 0x19,
    0xA9, 0x19, 0xA9, 0x19, 0x27, 0x11, 0x64, 0x20, 0x44, 0x38, 0x65, 0x50, 0xA6, 0x58, 0xC6, 0x60,
    0xA6, 0x60, 0x85, 0x58, 0x64, 0x48, 0xC6, 0x28, 0xA9, 0x19, 0xA9, 0x19, 0xA9, 0x19, 0xA9, 0x19,
    0xA9, 0x19, 0xA9, 0x19, 0xA9, 0x19, 0xA9, 0x19, 0xA9, 0x19, 0xA9, 0x19, 0xA9, 0x19, 0xA9, 0x19,
    0xA9, 0x19, 0xA9, 0x19, 0xA9, 0x19, 0xA9, 0x19, 0xA9, 0x19, 0xC9, 0x19, 0xC9, 0x19, 0xC9, 0x19,
    0xC9, 0x19, 0xC9, 0x19, 0xC9, 0x19, 0xC9, 0x19, 0xC9, 0x19, 0xCA, 0x19, 0xCA, 0x19, 0xCA, 0x21,
    0xCA, 0x21, 0xCA, 0x21, 0xEA, 0x21, 0xEB, 0x21, 0xEA, 0x21, 0x47, 0x19, 0x84, 0x08, 0x83, 0x08,
    0x68, 0x29, 0x30, 0x5B, 0xF7, 0x84, 0x1B, 0xA6, 0x9D, 0xAE, 0xBD, 0xB6, 0xFE, 0xBE, 0x1E, 0xC7,
    0x3E, 0xC7, 0x3E, 0xCF, 0x5F, 0xCF, 0x5F, 0xD7, 0x5F, 0xD7, 0x7F, 0xD7, 0x7F, 0xD7, 0x7F, 0xD7,
    0x5F, 0xD7, 0x5E, 0xCF, 0x3E, 0xCF, 0x1E, 0xC7, 0xDD, 0xB6, 0x7D, 0x9E, 0xDB, 0x7D, 0x15, 0x44,
    0x52, 0x1B, 0xB3, 0x2B, 0xD4, 0x3B, 0x76, 0x6C, 0x15, 0x6C, 0x94, 0x7B, 0x75, 0x9B, 0x76, 0xB3,
    0x96, 0xB3, 0x96, 0xB3, 0x96, 0xB3, 0x96, 0xB3, 0x96, 0xB3, 0x96, 0xB3, 0x96, 0xB3, 0x96, 0xB3,
    0x96, 0xB3, 0x96, 0xB3, 0x96, 0xB3, 0x96, 0xB3, 0x96, 0xB3, 0x96, 0xB3, 0x96, 0xB3, 0x96, 0xB3,
    0x96, 0xB3, 0x96, 0xB3, 0x96, 0xB3, 0x96, 0xB3, 0x96, 0xB3, 0x96, 0xB3, 0x96, 0xB3, 0x96, 0xB3,
    0x96, 0xB3, 0x96, 0xB3, 0x96, 0xB3, 0x96, 0xB3, 0x96, 0xB3, 0x96, 0xB3, 0x96, 0xB3, 0x96, 0xB3,
    0x96, 0xB3, 0x96, 0xB3, 0x96, 0xB3, 0x96, 0xB3, 0x38, 0xAC, 0x1D, 0x65, 0x1B, 0x6D, 0xFC, 0x64,
    0xDC, 0x5C, 0xDC, 0x64, 0xBB, 0x54, 0x3E, 0xD7, 0xFF, 0xFF, 0xFF, 0xFF, 0xFF, 0xFF, 0xFF, 0xFF,
    0xFF, 0xFF, 0xFF, 0xFF, 0xFF, 0xFF, 0xFF, 0xFF, 0xFF, 0xFF, 0xFF, 0xFF, 0xFF, 0xFF, 0xFF, 0xFF,
    0xFF, 0xFF, 0xFF, 0xFF, 0xFF, 0xFF, 0xFF, 0xFF, 0xFF, 0xFF, 0xFF, 0xFF, 0xFF, 0xFF, 0xFF, 0xFF,
    0xFF, 0xFF, 0xFF, 0xFF, 0xFF, 0xFF, 0xFF, 0xFF, 0xFF, 0xFF, 0xFF, 0xFF, 0xFF, 0xFF, 0xFF, 0xFF,
    0xFF, 0xFF, 0xFF, 0xFF, 0xFF, 0xFF, 0xFF, 0xFF, 0xFF, 0xFF, 0xFF, 0xFF, 0xFF, 0xFF, 0xFF, 0xFF,
    0xFF, 0xFF, 0xFF, 0xFF, 0xFF, 0xFF, 0xFF, 0xFF, 0xFF, 0xFF, 0xFF, 0xFF, 0xFF, 0xFF, 0xFF, 0xFF,
    0xFF, 0xFF, 0xFF, 0xFF, 0xFF, 0xFF, 0xFF, 0xFF, 0xFF, 0xFF, 0xFF, 0xFF, 0xFF, 0xFF, 0xFF, 0xFF,
    0xFF, 0xFF, 0xFF, 0xFF, 0xFF, 0xFF, 0xFF, 0xFF, 0xFF, 0xFF, 0xFF, 0xFF, 0xFF, 0xFF, 0xFF, 0xFF,
    0xFF, 0xFF, 0xFF, 0xFF, 0xFF, 0xFF, 0xFF, 0xFF, 0xFF, 0xFF, 0xFF, 0xFF, 0xFF, 0xFF, 0xFF, 0xFF,
    0xFF, 0xFF, 0xFF, 0xFF, 0xFF, 0xFF, 0xFF, 0xFF, 0xFF, 0xFF, 0xFF, 0xFF, 0xFF, 0xFF, 0xFF, 0xFF,
    0xFF, 0xFF, 0xFF, 0xFF, 0xFF, 0xFF, 0xFF, 0xFF, 0xFF, 0xFF, 0xFF, 0xFF, 0xFF, 0xFF, 0xFF, 0xFF,
    0xFF, 0xFF, 0xFF, 0xFF, 0xFF, 0xFF, 0xFF, 0xFF, 0xFF, 0xFF, 0xFF, 0xFF, 0xFF, 0xFF, 0xFF, 0xFF,
    0xFF, 0xFF, 0xFF, 0xFF, 0xFF, 0xFF, 0xFF, 0xFF, 0xFF, 0xFF, 0xFF, 0xFF, 0xFF, 0xFF, 0xFF, 0xFF,
    0xFF, 0xFF, 0xFF, 0xFF, 0xFF, 0xFF, 0xFF, 0xFF, 0xFF, 0xFF, 0xFF, 0xFF, 0xFF, 0xFF, 0xFF, 0xFF,
    0xFF, 0xFF, 0xFF, 0xFF, 0xFF, 0xFF, 0xFF, 0xFF, 0xFF, 0xFF, 0xFF, 0xFF, 0xFF, 0xFF, 0xFF, 0xFF,
    0xFF, 0xFF, 0xFF, 0xFF, 0xFF, 0xFF, 0xFF, 0xFF, 0xFF, 0xFF, 0xFF, 0xFF, 0xFF, 0xFF, 0xFF, 0xFF,
    0xFF, 0xFF, 0xFF, 0xFF, 0xFF, 0xFF, 0xFF, 0xFF, 0xFF, 0xFF, 0xFF, 0xFF, 0xFF, 0xFF, 0xFF, 0xFF,
    0xFF, 0xFF, 0xFF, 0xFF, 0xFF, 0xFF, 0xFF, 0xFF, 0xFF, 0xFF, 0xFF, 0xFF, 0xFF, 0xFF, 0xFF, 0xFF,
    0xFF, 0xFF, 0xFF, 0xFF, 0x1E, 0xD7, 0xBC, 0x8D, 0xDB, 0x5C, 0xBC, 0x54, 0xDC, 0x64, 0xDC, 0x5C,
    0xFC, 0x64, 0x3B, 0x85, 0x3B, 0x85, 0xFD, 0x5C, 0xFC, 0x74, 0x17, 0xAC, 0x96, 0xB3, 0x96, 0xB3,
    0x96, 0xB3, 0x96, 0xB3, 0x96, 0xB3, 0x96, 0xB3, 0x96, 0xB3, 0x96, 0xB3, 0x96, 0xB3, 0x96, 0xB3,
    0x96, 0xB3, 0x96, 0xB3, 0x96, 0xB3, 0x15, 0xAB, 0xDC, 0xCD, 0xD8, 0xAD, 0x6F, 0x73, 0xED, 0x62,
    0x66, 0x31, 0xC6, 0x51, 0x8B, 0x52, 0x11, 0x2B, 0xF2, 0x12, 0x8F, 0x1A, 0x4D, 0x1A, 0x2C, 0x1A,
    0x0B, 0x1A, 0xEB, 0x19, 0xEA, 0x19, 0xCA, 0x21, 0xCA, 0x21, 0xCA, 0x21, 0xCA, 0x21, 0xC9, 0x21,
    0xA9, 0x21, 0xA9, 0x21, 0xA9, 0x21, 0xA9, 0x21, 0xA9, 0x19, 0xA9, 0x19, 0xA9, 0x19, 0xA9, 0x19,
    0xA9, 0x19, 0xA9, 0x19, 0xA9, 0x19, 0x89, 0x11, 0x47, 0x19, 0xE6, 0x20, 0xA5, 0x28, 0xA5, 0x30,
    0xC5, 0x28, 0x06, 0x21, 0x68, 0x19, 0xA9, 0x11, 0xA9, 0x19, 0xA9, 0x19, 0xA9, 0x19, 0xA9, 0x19,
    0xA9, 0x19, 0xA9, 0x19, 0xA9, 0x19, 0xA9, 0x19, 0xA9, 0x19, 0xA9, 0x19, 0xA9, 0x19, 0xA9, 0x19,
    0xA9, 0x19, 0xA9, 0x19, 0xA9, 0x19, 0xA9, 0x19, 0xC9, 0x19, 0xC9, 0x19, 0xC9, 0x19, 0xC9, 0x19,
    0xC9, 0x19, 0xC9, 0x19, 0xC9, 0x19, 0xC9, 0x19, 0xCA, 0x19, 0xC9, 0x19, 0xCA, 0x19, 0xCA, 0x19,
    0xCA, 0x21, 0xEA, 0x21, 0xEA, 0x21, 0x68, 0x19, 0xE5, 0x10, 0x63, 0x00, 0xA4, 0x10, 0xEA, 0x39,
    0x91, 0x63, 0x18, 0x85, 0xFB, 0x9D, 0x7D, 0xA6, 0xBD, 0xAE, 0xFD, 0xB6, 0x1E, 0xBF, 0x1E, 0xC7,
    0x3E, 0xCF, 0x5E, 0xCF, 0x5F, 0xCF, 0x5F, 0xD7, 0x5F, 0xD7, 0x7F, 0xD7, 0x7F, 0xD7, 0x7F, 0xD7,
    0x7F, 0xD7, 0x5E, 0xD7, 0x3E, 0xCF, 0x1E, 0xC7, 0xFE, 0xB6, 0x9D, 0xA6, 0x1C, 0x8E, 0x5C, 0x8E,
    0xDB, 0xAD, 0x95, 0x9B, 0xB6, 0xAB, 0x55, 0xAB, 0x76, 0xB3, 0x76, 0xBB, 0x96, 0xB3, 0x96, 0xB3,
    0x96, 0xB3, 0x96, 0xB3, 0x96, 0xB3, 0x96, 0xB3, 0x96, 0xB3, 0x96, 0xB3, 0x96, 0xB3, 0x96, 0xB3,
    0x96, 0xB3, 0x96, 0xB3, 0x96, 0xB3, 0x96, 0xB3, 0x96, 0xB3, 0x96, 0xB3, 0x96, 0xB3, 0x96, 0xB3,
    0x96, 0xB3, 0x96, 0xB3, 0x96, 0xB3, 0x96, 0xB3, 0x96, 0xB3, 0x96, 0xB3, 0x96, 0xB3, 0x96, 0xB3,
    0x96, 0xB3, 0x96, 0xB3, 0x96, 0xB3, 0x96, 0xB3, 0x96, 0xB3, 0x96, 0xB3, 0x96, 0xB3, 0x96, 0xB3,
    0x96, 0xB3, 0x96, 0xB3, 0x96, 0xB3, 0x96, 0xB3, 0xB6, 0xB3, 0xFB, 0x74, 0xFD, 0x64, 0xFC, 0x64,
    0xDC, 0x5C, 0xDC, 0x64, 0xBB, 0x54, 0xDD, 0x95, 0xFF, 0xFF, 0xFF, 0xFF, 0xFF, 0xFF, 0xFF, 0xFF,
    0xFF, 0xFF, 0xFF, 0xFF, 0xFF, 0xFF, 0xFF, 0xFF, 0xFF, 0xFF, 0xFF, 0xFF, 0xFF, 0xFF, 0xFF, 0xFF,
    0xFF, 0xFF, 0xFF, 0xFF, 0xFF, 0xFF, 0xFF, 0xFF, 0xFF, 0xFF, 0xFF, 0xFF, 0xFF, 0xFF, 0xFF, 0xFF,
    0xFF, 0xFF, 0xFF, 0xFF, 0xFF, 0xFF, 0xFF, 0xFF, 0xFF, 0xFF, 0xFF, 0xFF, 0xFF, 0xFF, 0xFF, 0xFF,
    0xFF, 0xFF, 0xFF, 0xFF, 0xFF, 0xFF, 0xFF, 0xFF, 0xFF, 0xFF, 0xFF, 0xFF, 0xFF, 0xFF, 0xFF, 0xFF,
    0xFF, 0xFF, 0xFF, 0xFF, 0xFF, 0xFF, 0xFF, 0xFF, 0xFF, 0xFF, 0xFF, 0xFF, 0xFF, 0xFF, 0xFF, 0xFF,
    0xFF, 0xFF, 0xFF, 0xFF, 0xFF, 0xFF, 0xFF, 0xFF, 0xFF, 0xFF, 0xFF, 0xFF, 0xFF, 0xFF, 0xFF, 0xFF,
    0xFF, 0xFF, 0xFF, 0xFF, 0xFF, 0xFF, 0xFF, 0xFF, 0xFF, 0xFF, 0xFF, 0xFF, 0xFF, 0xFF, 0xFF, 0xFF,
    0xFF, 0xFF, 0xFF, 0xFF, 0xFF, 0xFF, 0xFF, 0xFF, 0xFF, 0xFF, 0xFF, 0xFF, 0xFF, 0xFF, 0xFF, 0xFF,
    0xFF, 0xFF, 0xFF, 0xFF, 0xFF, 0xFF, 0xFF, 0xFF, 0xFF, 0xFF, 0xFF, 0xFF, 0xFF, 0xFF, 0xFF, 0xFF,
    0xFF, 0xFF, 0xFF, 0xFF, 0xFF, 0xFF, 0xFF, 0xFF, 0xFF, 0xFF, 0xFF, 0xFF, 0xFF, 0xFF, 0xFF, 0xFF,
    0xFF, 0xFF, 0xFF, 0xFF, 0xFF, 0xFF, 0xFF, 0xFF, 0xFF, 0xFF, 0xFF, 0xFF, 0xFF, 0xFF, 0xFF, 0xFF,
    0xFF, 0xFF, 0xFF, 0xFF, 0xFF, 0xFF, 0xFF, 0xFF, 0xFF, 0xFF, 0xFF, 0xFF, 0xFF, 0xFF, 0xFF, 0xFF,
    0xFF, 0xFF, 0xFF, 0xFF, 0xFF, 0xFF, 0xFF, 0xFF, 0xFF, 0xFF, 0xFF, 0xFF, 0xFF, 0xFF, 0xFF, 0xFF,
    0xFF, 0xFF, 0xFF, 0xFF, 0xFF, 0xFF, 0xFF, 0xFF, 0xFF, 0xFF, 0xFF, 0xFF, 0xFF, 0xFF, 0xFF, 0xFF,
    0xFF, 0xFF, 0xFF, 0xFF, 0xFF, 0xFF, 0xFF, 0xFF, 0xFF, 0xFF, 0xFF, 0xFF, 0xFF, 0xFF, 0xFF, 0xFF,
    0xFF, 0xFF, 0xFF, 0xFF, 0xFF, 0xFF, 0xFF, 0xFF, 0xFF, 0xFF, 0xFF, 0xFF, 0xFF, 0xFF, 0xFF, 0xFF,
    0xFF, 0xFF, 0xFF, 0xFF, 0xFF, 0xFF, 0xFF, 0xFF, 0xFF, 0xFF, 0xFF, 0xFF, 0xDF, 0xFF, 0x5F, 0xDF,
    0x5D, 0xAE, 0x7C, 0x7D, 0xDB, 0x5C, 0xBC, 0x54, 0xDC, 0x5C, 0xDC, 0x5C, 0xFC, 0x5C, 0x5C, 0x75,
    0x1B, 0x85, 0xFC, 0x64, 0x5D, 0x6D, 0xBA, 0x94, 0xD6, 0xBB, 0x96, 0xB3, 0x96, 0xB3, 0x96, 0xB3,
    0x96, 0xB3, 0x96, 0xB3, 0x96, 0xB3, 0x96, 0xB3, 0x96, 0xB3, 0x96, 0xB3, 0x96, 0xB3, 0x96, 0xB3,
    0x96, 0xB3, 0x96, 0xB3, 0x96, 0xB3, 0x76, 0xB3, 0x96, 0xAB, 0xFE, 0xDE, 0x36, 0xA5, 0xF1, 0x83,
    0x4E, 0x6B, 0x66, 0x39, 0x86, 0x49, 0x29, 0x52, 0xAE, 0x3A, 0xD0, 0x1A, 0x8F, 0x1A, 0x4D, 0x1A,
    0x2C, 0x22, 0x0B, 0x22, 0x0B, 0x22, 0xEB, 0x19, 0xEA, 0x21, 0xCA, 0x21, 0xCA, 0x21, 0xCA, 0x21,
    0xCA, 0x21, 0xCA, 0x21, 0xC9, 0x21, 0xC9, 0x19, 0xA9, 0x19, 0xA9, 0x19, 0xA9, 0x19, 0xA9, 0x19,
    0xA9, 0x19, 0xA9, 0x19, 0xA9, 0x19, 0xA9, 0x19, 0xAA, 0x11, 0xCA, 0x11, 0xAA, 0x11, 0xA9, 0x11,
    0xAA, 0x11, 0xCA, 0x11, 0xAA, 0x11, 0xA9, 0x11, 0xA9, 0x11, 0xA9, 0x11, 0xA9, 0x11, 0xA9, 0x19,
    0xA9, 0x19, 0xA9, 0x19, 0xA9, 0x19, 0xA9, 0x19, 0xA9, 0x19, 0xA9, 0x19, 0xA9, 0x19, 0xA9, 0x19,
    0xA9, 0x19, 0xC9, 0x19, 0xA9, 0x19, 0xA9, 0x19, 0xA9, 0x19, 0xC9, 0x19, 0xC9, 0x19, 0xC9, 0x19,
    0xC9, 0x19, 0xC9, 0x19, 0xC9, 0x19, 0xC9, 0x19, 0xC9, 0x19, 0xCA, 0x19, 0xCA, 0x21, 0xEA, 0x21,
    0xC9, 0x21, 0x68, 0x19, 0x06, 0x11, 0x84, 0x08, 0x63, 0x08, 0x47, 0x21, 0xAD, 0x52, 0x13, 0x6C,
    0x59, 0x85, 0xFB, 0x95, 0x7D, 0x9E, 0x9D, 0xA6, 0xDD, 0xB6, 0xFE, 0xBE, 0x1E, 0xBF, 0x3E, 0xC7,
    0x3E, 0xCF, 0x5E, 0xCF, 0x5F, 0xD7, 0x5F, 0xD7, 0x7F, 0xD7, 0x7F, 0xD7, 0x7F, 0xD7, 0x7F, 0xD7,
    0x5F, 0xD7, 0x5F, 0xD7, 0x3E, 0xCF, 0x1E, 0xC7, 0xFE, 0xBE, 0xBD, 0xAE, 0x7D, 0xA6, 0xBE, 0xBE,
    0xD6, 0xB3, 0x56, 0xB3, 0x96, 0xB3, 0x96, 0xB3, 0x96, 0xB3, 0x96, 0xB3, 0x96, 0xB3, 0x96, 0xB3,
    0x96, 0xB3, 0x96, 0xB3, 0x96, 0xB3, 0x96, 0xB3, 0x96, 0xB3, 0x96, 0xB3, 0x96, 0xB3, 0x96, 0xB3,
    0x96, 0xB3, 0x96, 0xB3, 0x96, 0xB3, 0x96, 0xB3, 0x96, 0xB3, 0x96, 0xB3, 0x96, 0xB3, 0x96, 0xB3,
    0x96, 0xB3, 0x96, 0xB3, 0x96, 0xB3, 0x96, 0xB3, 0x96, 0xB3, 0x96, 0xB3, 0x96, 0xB3, 0x96, 0xB3,
    0x96, 0xB3, 0x96, 0xB3, 0x96, 0xB3, 0x96, 0xB3, 0x96, 0xB3, 0x96, 0xB3, 0x96, 0xB3, 0x96, 0xB3,
    0x96, 0xB3, 0x96, 0xB3, 0x96, 0xB3, 0x96, 0xB3, 0x96, 0xB3, 0x58, 0x9C, 0x3D, 0x65, 0xDB, 0x64,
    0xDB, 0x5C, 0xDC, 0x5C, 0xDC, 0x5C, 0xDB, 0x5C, 0x7E, 0xE7, 0xFF, 0xFF, 0xFF, 0xFF, 0xFF, 0xFF,
    0xFF, 0xFF, 0xFF, 0xFF, 0xFF, 0xFF, 0xFF, 0xFF, 0xFF, 0xFF, 0xFF, 0xFF, 0xFF, 0xFF, 0xFF, 0xFF,
    0xFF, 0xFF, 0xFF, 0xFF, 0xFF, 0xFF, 0xFF, 0xFF, 0xFF, 0xFF, 0xFF, 0xFF, 0xFF, 0xFF, 0xFF, 0xFF,
    0xFF, 0xFF, 0xFF, 0xFF, 0xFF, 0xFF, 0xFF, 0xFF, 0xFF, 0xFF, 0xFF, 0xFF, 0xFF, 0xFF, 0xFF, 0xFF,
    0xFF, 0xFF, 0xFF, 0xFF, 0xFF, 0xFF, 0xFF, 0xFF, 0xFF, 0xFF, 0xFF, 0xFF, 0xFF, 0xFF, 0xFF, 0xFF,
    0xFF, 0xFF, 0xFF, 0xFF, 0xFF, 0xFF, 0xFF, 0xFF, 0xFF, 0xFF, 0xFF, 0xFF, 0xFF, 0xFF, 0xFF, 0xFF,
    0xFF, 0xFF, 0xFF, 0xFF, 0xFF, 0xFF, 0xFF, 0xFF, 0xFF, 0xFF, 0xFF, 0xFF, 0xFF, 0xFF, 0xFF, 0xFF,
    0xFF, 0xFF, 0xFF, 0xFF, 0xFF, 0xFF, 0xFF, 0xFF, 0xFF, 0xFF, 0xFF, 0xFF, 0xFF, 0xFF, 0xFF, 0xFF,
    0xFF, 0xFF, 0xFF, 0xFF, 0xFF, 0xFF, 0xFF, 0xFF, 0xFF, 0xFF, 0xFF, 0xFF, 0xFF, 0xFF, 0xFF, 0xFF,
    0xFF, 0xFF, 0xFF, 0xFF, 0xFF, 0xFF, 0xFF, 0xFF, 0xFF, 0xFF, 0xFF, 0xFF, 0xFF, 0xFF, 0xFF, 0xFF,
    0xFF, 0xFF, 0xFF, 0xFF, 0xFF, 0xFF, 0xFF, 0xFF, 0xFF, 0xFF, 0xFF, 0xFF, 0xFF, 0xFF, 0xFF, 0xFF,
    0xFF, 0xFF, 0xFF, 0xFF, 0xFF, 0xFF, 0xFF, 0xFF, 0xFF, 0xFF, 0xFF, 0xFF, 0xFF, 0xFF, 0xFF, 0xFF,
    0xFF, 0xFF, 0xFF, 0xFF, 0xFF, 0xFF, 0xFF, 0xFF, 0xFF, 0xFF, 0xFF, 0xFF, 0xFF, 0xFF, 0xFF, 0xFF,
    0xFF, 0xFF, 0xFF, 0xFF, 0xFF, 0xFF, 0xFF, 0xFF, 0xFF, 0xFF, 0xFF, 0xFF, 0xFF, 0xFF, 0xFF, 0xFF,
    0xFF, 0xFF, 0xFF, 0xFF, 0xFF, 0xFF, 0xFF, 0xFF, 0xFF, 0xFF, 0xFF, 0xFF, 0xFF, 0xFF, 0xFF, 0xFF,
    0xFF, 0xFF, 0xFF, 0xFF, 0xFF, 0xFF, 0xFF, 0xFF, 0xFF, 0xFF, 0xFF, 0xFF, 0xFF, 0xFF, 0xFF, 0xFF,
    0xFF, 0xFF, 0xFF, 0xFF, 0xFF, 0xFF, 0xFF, 0xFF, 0x9D, 0xB6, 0xDE, 0xBE, 0x1E, 0xCF, 0x3E, 0xDF,
    0x5F, 0xDF, 0x5F, 0xDF, 0x5F, 0xDF, 0x3E, 0xD7, 0xBE, 0xC6, 0xFD, 0x95, 0x3C, 0x6D, 0xDC, 0x5C,
    0xBB, 0x54, 0xBC, 0x54, 0xDC, 0x5C, 0xDC, 0x5C, 0xDC, 0x64, 0x1C, 0x6D, 0x5C, 0x75, 0x5D, 0x6D,
    0x5E, 0x6D, 0xFB, 0x7C, 0x38, 0xB4, 0x96, 0xB3, 0x96, 0xB3, 0x96, 0xB3, 0x96, 0xB3, 0x96, 0xB3,
    0x96, 0xB3, 0x96, 0xB3, 0x96, 0xB3, 0x96, 0xB3, 0x96, 0xB3, 0x96, 0xB3, 0x96, 0xB3, 0x96, 0xB3,
    0x96, 0xB3, 0x96, 0xB3, 0x96, 0xB3, 0x96, 0xB3, 0x35, 0xAB, 0x98, 0xB4, 0x1D, 0xCF, 0x56, 0xAD,
    0xB4, 0x9C, 0xD0, 0x83, 0xC8, 0x41, 0x45, 0x31, 0xC7, 0x49, 0x2A, 0x42, 0x6D, 0x32, 0x8E, 0x22,
    0x6E, 0x1A, 0x4D, 0x1A, 0x2C, 0x22, 0x0B, 0x22, 0x0B, 0x1A, 0xEB, 0x19, 0xEA, 0x19, 0xEA, 0x19,
    0xCA, 0x21, 0xCA, 0x19, 0xCA, 0x19, 0xC9, 0x19, 0xA9, 0x19, 0xA9, 0x19, 0xA9, 0x19, 0xA9, 0x19,
    0xA9, 0x19, 0xA9, 0x19, 0xA9, 0x19, 0xA9, 0x19, 0x89, 0x11, 0x89, 0x11, 0xA9, 0x11, 0xA9, 0x11,
    0xA9, 0x11, 0xA9, 0x11, 0xA9, 0x11, 0xA9, 0x11, 0xA9, 0x11, 0xA9, 0x11, 0xA9, 0x11, 0xA9, 0x11,
    0xA9, 0x19, 0xA9, 0x19, 0xA9, 0x19, 0xA9, 0x19, 0xA9, 0x19, 0xA9, 0x19, 0xA9, 0x19, 0xA9, 0x19,
    0xA9, 0x19, 0xA9, 0x19, 0xA9, 0x19, 0xA9, 0x19, 0xA9, 0x19, 0xA9, 0x19, 0xC9, 0x19, 0xC9, 0x19,
    0xC9, 0x19, 0xA9, 0x19, 0xA9, 0x19, 0xCA, 0x19, 0xCA, 0x19, 0xA9, 0x19, 0x88, 0x19, 0x27, 0x11,
    0xC5, 0x08, 0x64, 0x00, 0x63, 0x00, 0x26, 0x21, 0x8C, 0x4A, 0xD2, 0x6B, 0xB6, 0x74, 0x79, 0x85,
    0x1C, 0x96, 0x5D, 0x9E, 0x9D, 0xA6, 0xDD, 0xAE, 0xFD, 0xB6, 0xFE, 0xBE, 0x1E, 0xC7, 0x3E, 0xC7,
    0x3F, 0xCF, 0x5F, 0xCF, 0x5F, 0xD7, 0x5F, 0xD7, 0x7F, 0xD7, 0x7F, 0xD7, 0x7F, 0xD7, 0x7F, 0xD7,
    0x5F, 0xD7, 0x5F, 0xD7, 0x5E, 0xCF, 0x3E, 0xC7, 0x1E, 0xBF, 0xBD, 0xB6, 0x1E, 0xBF, 0xB8, 0xB4,
    0x35, 0xAB, 0x96, 0xB3, 0x96, 0xB3, 0x96, 0xB3, 0x96, 0xB3, 0x96, 0xB3, 0x96, 0xB3, 0x96, 0xB3,
    0x96, 0xB3, 0x96, 0xB3, 0x96, 0xB3, 0x96, 0xB3, 0x96, 0xB3, 0x96, 0xB3, 0x96, 0xB3, 0x96, 0xB3,
    0x96, 0xB3, 0x96, 0xB3, 0x96, 0xB3, 0x96, 0xB3, 0x96, 0xB3, 0x96, 0xB3, 0x96, 0xB3, 0x96, 0xB3,
    0x96, 0xB3, 0x96, 0xB3, 0x96, 0xB3, 0x96, 0xB3, 0x96, 0xB3, 0x96, 0xB3, 0x96, 0xB3, 0x96, 0xB3,
    0x96, 0xB3, 0x96, 0xB3, 0x96, 0xB3, 0x96, 0xB3, 0x96, 0xB3, 0x96, 0xB3, 0x96, 0xB3, 0x96, 0xB3,
    0x96, 0xB3, 0x96, 0xB3, 0x96, 0xB3, 0x96, 0xB3, 0x96, 0xB3, 0xD6, 0xB3, 0x1B, 0x75, 0xFC, 0x5C,
    0xDC, 0x5C, 0xDC, 0x5C, 0xFC, 0x64, 0x9C, 0x54, 0xDD, 0x95, 0xFF, 0xFF, 0xFF, 0xFF, 0xFF, 0xFF,
    0xFF, 0xFF, 0xFF, 0xFF, 0xFF, 0xFF, 0xFF, 0xFF, 0xFF, 0xFF, 0xFF, 0xFF, 0xFF, 0xFF, 0xFF, 0xFF,
    0xFF, 0xFF, 0xFF, 0xFF, 0xFF, 0xFF, 0xFF, 0xFF, 0xFF, 0xFF, 0xFF, 0xFF, 0xFF, 0xFF, 0xFF, 0xFF,
    0xFF, 0xFF, 0xFF, 0xFF, 0xFF, 0xFF, 0xFF, 0xFF, 0xFF, 0xFF, 0xFF, 0xFF, 0xFF, 0xFF, 0xFF, 0xFF,
    0xFF, 0xFF, 0xFF, 0xFF, 0xFF, 0xFF, 0xFF, 0xFF, 0xFF, 0xFF, 0xFF, 0xFF, 0xFF, 0xFF, 0xFF, 0xFF,
    0xFF, 0xFF, 0xFF, 0xFF, 0xFF, 0xFF, 0xFF, 0xFF, 0xFF, 0xFF, 0xFF, 0xFF, 0xFF, 0xFF, 0xFF, 0xFF,
    0xFF, 0xFF, 0xFF, 0xFF, 0xFF, 0xFF, 0xFF, 0xFF, 0xFF, 0xFF, 0xFF, 0xFF, 0xFF, 0xFF, 0xFF, 0xFF,
    0xFF, 0xFF, 0xFF, 0xFF, 0xFF, 0xFF, 0xFF, 0xFF, 0xFF, 0xFF, 0xFF, 0xFF, 0xFF, 0xFF, 0xFF, 0xFF,
    0xFF, 0xFF, 0xFF, 0xFF, 0xFF, 0xFF, 0xFF, 0xFF, 0xFF, 0xFF, 0xFF, 0xFF, 0xFF, 0xFF, 0xFF, 0xFF,
    0xFF, 0xFF, 0xFF, 0xFF, 0xFF, 0xFF, 0xFF, 0xFF, 0xFF, 0xFF, 0xFF, 0xFF, 0xFF, 0xFF, 0xFF, 0xFF,
    0xFF, 0xFF, 0xFF, 0xFF, 0xFF, 0xFF, 0xFF, 0xFF, 0xFF, 0xFF, 0xFF, 0xFF, 0xFF, 0xFF, 0xFF, 0xFF,
    0xFF, 0xFF, 0xFF, 0xFF, 0xFF, 0xFF, 0xFF, 0xFF, 0xFF, 0xFF, 0xFF, 0xFF, 0xFF, 0xFF, 0xFF, 0xFF,
    0xFF, 0xFF, 0xFF, 0xFF, 0xFF, 0xFF, 0xFF, 0xFF, 0xFF, 0xFF, 0xFF, 0xFF, 0xFF, 0xFF, 0xFF, 0xFF,
    0xFF, 0xFF, 0xFF, 0xFF, 0xFF, 0xFF, 0xFF, 0xFF, 0xFF, 0xFF, 0xFF, 0xFF, 0xFF, 0xFF, 0xFF, 0xFF,
    0xFF, 0xFF, 0xFF, 0xFF, 0xFF, 0xFF, 0xFF, 0xFF, 0xFF, 0xFF, 0xFF, 0xFF, 0xFF, 0xFF, 0xFF, 0xFF,
    0xFF, 0xFF, 0xFF, 0xFF, 0xFF, 0xFF, 0xFF, 0xFF, 0xFF, 0xFF, 0xFF, 0xFF, 0xFF, 0xFF, 0xFF, 0xFF,
    0xFF, 0xFF, 0xFF, 0xFF, 0xFF, 0xFF, 0xBD, 0x8D, 0x9C, 0x4C, 0xBB, 0x54, 0xBB, 0x54, 0xBB, 0x5C,
    0xDB, 0x5C, 0xDB, 0x5C, 0xDB, 0x5C, 0xBC, 0x54, 0xBC, 0x54, 0xBC, 0x54, 0xBC, 0x5C, 0xDC, 0x5C,
    0xDC, 0x5C, 0xDC, 0x64, 0xFC, 0x64, 0x1B, 0x6D, 0x3B, 0x75, 0x5D, 0x6D, 0x1D, 0x65, 0xFB, 0x84,
    0x79, 0xAC, 0x96, 0xB3, 0x96, 0xB3, 0x96, 0xB3, 0x96, 0xB3, 0x96, 0xB3, 0x96, 0xB3, 0x96, 0xB3,
    0x96, 0xB3, 0x96, 0xB3, 0x96, 0xB3, 0x96, 0xB3, 0x96, 0xB3, 0x96, 0xB3, 0x96, 0xB3, 0x96, 0xB3,
    0x96, 0xB3, 0x96, 0xB3, 0x96, 0xB3, 0x96, 0xB3, 0x96, 0xB3, 0x35, 0xAB, 0xBB, 0xC5, 0xFD, 0xCE,
    0xD8, 0xB5, 0x56, 0xAD, 0xD4, 0x9C, 0xED, 0x62, 0x66, 0x31, 0x25, 0x31, 0xA7, 0x39, 0xE9, 0x39,
    0x2B, 0x32, 0x4D, 0x2A, 0x4D, 0x22, 0x4D, 0x22, 0x2D, 0x1A, 0x0C, 0x1A, 0x0B, 0x1A, 0xEB, 0x19,
    0xEA, 0x19, 0xCA, 0x19, 0xCA, 0x19, 0xCA, 0x19, 0xCA, 0x19, 0xA9, 0x19, 0xA9, 0x19, 0xA9, 0x19,
    0xA9, 0x19, 0xA9, 0x11, 0xA9, 0x11, 0xA9, 0x11, 0x89, 0x11, 0x89, 0x11, 0x89, 0x11, 0x89, 0x11,
    0x89, 0x11, 0x89, 0x11, 0x89, 0x11, 0x89, 0x11, 0x89, 0x11, 0xA9, 0x11, 0x89, 0x11, 0xA9, 0x11,
    0xA9, 0x11, 0xA9, 0x11, 0xA9, 0x11, 0x89, 0x11, 0x89, 0x11, 0x89, 0x11, 0x89, 0x11, 0x89, 0x11,
    0xA9, 0x11, 0xA9, 0x11, 0xA9, 0x11, 0xA9, 0x11, 0xA9, 0x19, 0xA9, 0x19, 0xA9, 0x19, 0xC9, 0x19,
    0xC9, 0x19, 0xA9, 0x19, 0x68, 0x19, 0x47, 0x19, 0x06, 0x11, 0xA5, 0x08, 0x63, 0x00, 0x63, 0x00,
    0xA4, 0x10, 0x88, 0x31, 0xED, 0x5A, 0x13, 0x74, 0xB6, 0x74, 0x19, 0x75, 0xBA, 0x85, 0x1C, 0x8E,
    0x5D, 0x96, 0x7D, 0x9E, 0xBD, 0xA6, 0xDE, 0xAE, 0xFE, 0xB6, 0x1E, 0xBF, 0x1E, 0xC7, 0x3F, 0xC7,
    0x5F, 0xCF, 0x5F, 0xCF, 0x7F, 0xD7, 0x7F, 0xD7, 0x7F, 0xD7, 0x7F, 0xD7, 0x7F, 0xD7, 0x7F, 0xD7,
    0x5F, 0xD7, 0x5E, 0xD7, 0x5E, 0xCF, 0x3E, 0xC7, 0xFE, 0xBE, 0x3E, 0xC7, 0xBB, 0xC5, 0x35, 0xAB,
    0x96, 0xB3, 0x96, 0xB3, 0x96, 0xB3, 0x96, 0xB3, 0x96, 0xB3, 0x96, 0xB3, 0x96, 0xB3, 0x96, 0xB3,
    0x96, 0xB3, 0x96, 0xB3, 0x96, 0xB3, 0x96, 0xB3, 0x96, 0xB3, 0x96, 0xB3, 0x96, 0xB3, 0x96, 0xB3,
    0x96, 0xB3, 0x96, 0xB3, 0x96, 0xB3, 0x96, 0xB3, 0x96, 0xB3, 0x96, 0xB3, 0x96, 0xB3, 0x96, 0xB3,
    0x96, 0xB3, 0x96, 0xB3, 0x96, 0xB3, 0x96, 0xB3, 0x96, 0xB3, 0x96, 0xB3, 0x96, 0xB3, 0x96, 0xB3,
    0x96, 0xB3, 0x96, 0xB3, 0x96, 0xB3, 0x96, 0xB3, 0x96, 0xB3, 0x96, 0xB3, 0x96, 0xB3, 0x96, 0xB3,
    0x96, 0xB3, 0x96, 0xB3, 0x96, 0xB3, 0x96, 0xB3, 0x96, 0xB3, 0x96, 0xB3, 0x99, 0xA4, 0x3E, 0x6D,
    0xDC, 0x64, 0xFC, 0x64, 0xDC, 0x5C, 0xDC, 0x64, 0xBB, 0x5C, 0x3E, 0xDF, 0xFF, 0xFF, 0xFF, 0xFF,
    0xFF, 0xFF, 0xFF, 0xFF, 0xFF, 0xFF, 0xFF, 0xFF, 0xFF, 0xFF, 0xFF, 0xFF, 0xFF, 0xFF, 0xFF, 0xFF,
    0xFF, 0xFF, 0xFF, 0xFF, 0xFF, 0xFF, 0xFF, 0xFF, 0xFF, 0xFF, 0xFF, 0xFF, 0xFF, 0xFF, 0xFF, 0xFF,
    0xFF, 0xFF, 0xFF, 0xFF, 0xFF, 0xFF, 0xFF, 0xFF, 0xFF, 0xFF, 0xFF, 0xFF, 0xFF, 0xFF, 0xFF, 0xFF,
    0xFF, 0xFF, 0xFF, 0xFF, 0xFF, 0xFF, 0xFF, 0xFF, 0xFF, 0xFF, 0xFF, 0xFF, 0xFF, 0xFF, 0xFF, 0xFF,
    0xFF, 0xFF, 0xFF, 0xFF, 0xFF, 0xFF, 0xFF, 0xFF, 0xFF, 0xFF, 0xFF, 0xFF, 0xFF, 0xFF, 0xFF, 0xFF,
    0xFF, 0xFF, 0xFF, 0xFF, 0xFF, 0xFF, 0xFF, 0xFF, 0xFF, 0xFF, 0xFF, 0xFF, 0xFF, 0xFF, 0xFF, 0xFF,
    0xFF, 0xFF, 0xFF, 0xFF, 0xFF, 0xFF, 0xFF, 0xFF, 0xFF, 0xFF, 0xFF, 0xFF, 0xFF, 0xFF, 0xFF, 0xFF,
    0xFF, 0xFF, 0xFF, 0xFF, 0xFF, 0xFF, 0xFF, 0xFF, 0xFF, 0xFF, 0xFF, 0xFF, 0xFF, 0xFF, 0xFF, 0xFF,
    0xFF, 0xFF, 0xFF, 0xFF, 0xFF, 0xFF, 0xFF, 0xFF, 0xFF, 0xFF, 0xFF, 0xFF, 0xFF, 0xFF, 0xFF, 0xFF,
    0xFF, 0xFF, 0xFF, 0xFF, 0xFF, 0xFF, 0xFF, 0xFF, 0xFF, 0xFF, 0xFF, 0xFF, 0xFF, 0xFF, 0xFF, 0xFF,
    0xFF, 0xFF, 0xFF, 0xFF, 0xFF, 0xFF, 0xFF, 0xFF, 0xFF, 0xFF, 0xFF, 0xFF, 0xFF, 0xFF, 0xFF, 0xFF,
    0xFF, 0xFF, 0xFF, 0xFF, 0xFF, 0xFF, 0xFF, 0xFF, 0xFF, 0xFF, 0xFF, 0xFF, 0xFF, 0xFF, 0xFF, 0xFF,
    0xFF, 0xFF, 0xFF, 0xFF, 0xFF, 0xFF, 0xFF, 0xFF, 0xFF, 0xFF, 0xFF, 0xFF, 0xFF, 0xFF, 0xFF, 0xFF,
    0xFF, 0xFF, 0xFF, 0xFF, 0xFF, 0xFF, 0xFF, 0xFF, 0xFF, 0xFF, 0xFF, 0xFF, 0xFF, 0xFF, 0xFF, 0xFF,
    0xFF, 0xFF, 0xFF, 0xFF, 0xFF, 0xFF, 0xFF, 0xFF, 0xFF, 0xFF, 0xFF, 0xFF, 0xFF, 0xFF, 0xFF, 0xFF,
    0xFF, 0xFF, 0xFF, 0xFF, 0xBD, 0x8D, 0x9C, 0x54, 0xFC, 0x64, 0xDC, 0x64, 0xFC, 0x64, 0xFC, 0x5C,
    0xDC, 0x5C, 0xDC, 0x5C, 0xDC, 0x5C, 0xFC, 0x64, 0xFC, 0x64, 0xFC, 0x64, 0xFC, 0x64, 0xDC, 0x64,
    0xFC, 0x64, 0x1C, 0x6D, 0x3D, 0x6D, 0x5D, 0x6D, 0x1C, 0x65, 0xFB, 0x84, 0x58, 0xA4, 0x96, 0xB3,
    0x96, 0xB3, 0x96, 0xB3, 0x96, 0xB3, 0x96, 0xB3, 0x96, 0xB3, 0x96, 0xB3, 0x96, 0xB3, 0x96, 0xB3,
    0x96, 0xB3, 0x96, 0xB3, 0x96, 0xB3, 0x96, 0xB3, 0x96, 0xB3, 0x96, 0xB3, 0x96, 0xB3, 0x96, 0xB3,
    0x96, 0xB3, 0x96, 0xB3, 0x96, 0xB3, 0x96, 0xB3, 0x96, 0xB3, 0x96, 0xB3, 0x75, 0xAB, 0xDE, 0xCE,
    0xDC, 0xBE, 0x1A, 0xBE, 0xF8, 0xBD, 0xD7, 0xBD, 0xD4, 0x9C, 0x0D, 0x63, 0xA7, 0x31, 0x05, 0x21,
    0x25, 0x29, 0x67, 0x29, 0xA9, 0x29, 0xEA, 0x29, 0x0B, 0x2A, 0x2C, 0x22, 0x2C, 0x22, 0x0C, 0x1A,
    0x0C, 0x1A, 0x0B, 0x1A, 0xEB, 0x19, 0xEB, 0x19, 0xCA, 0x19, 0xCA, 0x19, 0xAA, 0x19, 0xAA, 0x19,
    0xAA, 0x19, 0xAA, 0x11, 0xA9, 0x11, 0x89, 0x11, 0x89, 0x11, 0x89, 0x11, 0x89, 0x11, 0x89, 0x11,
    0x89, 0x11, 0x89, 0x11, 0x89, 0x11, 0x89, 0x11, 0x89, 0x11, 0x89, 0x11, 0x89, 0x11, 0x89, 0x11,
    0x89, 0x11, 0x89, 0x11, 0x89, 0x11, 0x69, 0x11, 0x69, 0x09, 0x89, 0x09, 0x89, 0x09, 0x89, 0x09,
    0x89, 0x09, 0x89, 0x11, 0x89, 0x11, 0x89, 0x11, 0x68, 0x11, 0x88, 0x19, 0x89, 0x19, 0x89, 0x19,
    0x89, 0x19, 0x68, 0x19, 0xA4, 0x08, 0x43, 0x00, 0x83, 0x08, 0xE5, 0x18, 0xC8, 0x39, 0xED, 0x5A,
    0xF1, 0x7B, 0xB4, 0x84, 0xF7, 0x7C, 0x19, 0x6D, 0x5A, 0x75, 0xDC, 0x85, 0x1C, 0x8E, 0x5D, 0x8E,
    0x9D, 0x9E, 0xBD, 0xA6, 0xDE, 0xAE, 0xFE, 0xB6, 0xFE, 0xBE, 0x1E, 0xBF, 0x1E, 0xC7, 0x3F, 0xC7,
    0x5F, 0xCF, 0x5F, 0xD7, 0x7F, 0xD7, 0x7F, 0xD7, 0x7F, 0xD7, 0x7F, 0xD7, 0x7F, 0xD7, 0x7F, 0xD7,
    0x7F, 0xD7, 0x5E, 0xD7, 0x5E, 0xCF, 0x1E, 0xC7, 0x3E, 0xC7, 0x9E, 0xCE, 0x55, 0xAB, 0x96, 0xB3,
    0x96, 0xB3, 0x96, 0xB3, 0x96, 0xB3, 0x96, 0xB3, 0x96, 0xB3, 0x96, 0xB3, 0x96, 0xB3, 0x96, 0xB3,
    0x96, 0xB3, 0x96, 0xB3, 0x96, 0xB3, 0x96, 0xB3, 0x96, 0xB3, 0x96, 0xB3, 0x96, 0xB3, 0x96, 0xB3,
    0x96, 0xB3, 0x96, 0xB3, 0x96, 0xB3, 0x96, 0xB3, 0x96, 0xB3, 0x96, 0xB3, 0x96, 0xB3, 0x96, 0xB3,
    0x96, 0xB3, 0x96, 0xB3, 0x96, 0xB3, 0x96, 0xB3, 0x96, 0xB3, 0x96, 0xB3, 0x96, 0xB3, 0x96, 0xB3,
    0x96, 0xB3, 0x96, 0xB3, 0x96, 0xB3, 0x96, 0xB3, 0x96, 0xB3, 0x96, 0xB3, 0x96, 0xB3, 0x96, 0xB3,
    0x96, 0xB3, 0x96, 0xB3, 0x96, 0xB3, 0x96, 0xB3, 0x96, 0xB3, 0x96, 0xB3, 0xB6, 0xB3, 0xBB, 0x7C,
    0x1D, 0x65, 0xDC, 0x64, 0xDC, 0x5C, 0xDC, 0x5C, 0xBC, 0x5C, 0x7C, 0x7D, 0xFF, 0xFF, 0xFF, 0xFF,
    0xFF, 0xFF, 0xFF, 0xFF, 0xFF, 0xFF, 0xFF, 0xFF, 0xFF, 0xFF, 0xFF, 0xFF, 0xFF, 0xFF, 0xFF, 0xFF,
    0xFF, 0xFF, 0xFF, 0xFF, 0xFF, 0xFF, 0xFF, 0xFF, 0xFF, 0xFF, 0xFF, 0xFF, 0xFF, 0xFF, 0xFF, 0xFF,
    0xFF, 0xFF, 0xFF, 0xFF, 0xFF, 0xFF, 0xFF, 0xFF, 0xFF, 0xFF, 0xFF, 0xFF, 0xFF, 0xFF, 0xFF, 0xFF,
    0xFF, 0xFF, 0xFF, 0xFF, 0xFF, 0xFF, 0xFF, 0xFF, 0xFF, 0xFF, 0xFF, 0xFF, 0xFF, 0xFF, 0xFF, 0xFF,
    0xFF, 0xFF, 0xFF, 0xFF, 0xFF, 0xFF, 0xFF, 0xFF, 0xFF, 0xFF, 0xFF, 0xFF, 0xFF, 0xFF, 0xFF, 0xFF,
    0xFF, 0xFF, 0xFF, 0xFF, 0xFF, 0xFF, 0xFF, 0xFF, 0xFF, 0xFF, 0xFF, 0xFF, 0xFF, 0xFF, 0xFF, 0xFF,
    0xFF, 0xFF, 0xFF, 0xFF, 0xFF, 0xFF, 0xFF, 0xFF, 0xFF, 0xFF, 0xFF, 0xFF, 0xFF, 0xFF, 0xFF, 0xFF,
    0xFF, 0xFF, 0xFF, 0xFF, 0xFF, 0xFF, 0xFF, 0xFF, 0xFF, 0xFF, 0xFF, 0xFF, 0xFF, 0xFF, 0xFF, 0xFF,
    0xFF, 0xFF, 0xFF, 0xFF, 0xFF, 0xFF, 0xFF, 0xFF, 0xFF, 0xFF, 0xFF, 0xFF, 0xFF, 0xFF, 0xFF, 0xFF,
    0xFF, 0xFF, 0xFF, 0xFF, 0xFF, 0xFF, 0xFF, 0xFF, 0xFF, 0xFF, 0xFF, 0xFF, 0xFF, 0xFF, 0xFF, 0xFF,
    0xFF, 0xFF, 0xFF, 0xFF, 0xFF, 0xFF, 0xFF, 0xFF, 0xFF, 0xFF, 0xFF, 0xFF, 0xFF, 0xFF, 0xFF, 0xFF,
    0xFF, 0xFF, 0xFF, 0xFF, 0xFF, 0xFF, 0xFF, 0xFF, 0xFF, 0xFF, 0xFF, 0xFF, 0xFF, 0xFF, 0xFF, 0xFF,
    0xFF, 0xFF, 0xFF, 0xFF, 0xFF, 0xFF, 0xFF, 0xFF, 0xFF, 0xFF, 0xFF, 0xFF, 0xFF, 0xFF, 0xFF, 0xFF,
    0xFF, 0xFF, 0xFF, 0xFF, 0xFF, 0xFF, 0xFF, 0xFF, 0xFF, 0xFF, 0xFF, 0xFF, 0xFF, 0xFF, 0xFF, 0xFF,
    0xFF, 0xFF, 0xFF, 0xFF, 0xFF, 0xFF, 0xFF, 0xFF, 0xFF, 0xFF, 0xFF, 0xFF, 0xFF, 0xFF, 0xFF, 0xFF,
    0xDF, 0xF7, 0x9C, 0x85, 0xBC, 0x54, 0xFC, 0x64, 0xDC, 0x5C, 0xDC, 0x64, 0xDB, 0x6C, 0xFB, 0x6C,
    0x3C, 0x75, 0x1C, 0x6D, 0xDC, 0x64, 0xFB, 0x64, 0xDC, 0x5C, 0xFC, 0x64, 0x1D, 0x65, 0x3E, 0x65,
    0x5E, 0x65, 0xFC, 0x64, 0xFC, 0x74, 0xBA, 0x94, 0x38, 0xAC, 0x96, 0xB3, 0x96, 0xB3, 0x96, 0xB3,
    0x96, 0xB3, 0x96, 0xB3, 0x96, 0xB3, 0x96, 0xB3, 0x96, 0xB3, 0x96, 0xB3, 0x96, 0xB3, 0x96, 0xB3,
    0x96, 0xB3, 0x96, 0xB3, 0x96, 0xB3, 0x96, 0xB3, 0x96, 0xB3, 0x96, 0xB3, 0x96, 0xB3, 0x96, 0xB3,
    0x96, 0xB3, 0x96, 0xB3, 0x96, 0xB3, 0x96, 0xB3, 0x96, 0xB3, 0x96, 0xB3, 0x56, 0xB3, 0x37, 0xAC,
    0x5F, 0xBF, 0x9D, 0xAE, 0x3B, 0xB6, 0x1A, 0xB6, 0x39, 0xC6, 0x39, 0xC6, 0x96, 0xB5, 0x51, 0x8C,
    0xCC, 0x5A, 0xA8, 0x39, 0xE5, 0x20, 0xC4, 0x18, 0xE5, 0x18, 0x26, 0x21, 0x47, 0x21, 0x88, 0x21,
    0xA9, 0x21, 0xCA, 0x21, 0xEA, 0x21, 0xEB, 0x21, 0xEB, 0x19, 0xCB, 0x19, 0xCA, 0x19, 0xCA, 0x19,
    0xCA, 0x19, 0xAA, 0x19, 0xAA, 0x11, 0xA9, 0x11, 0x89, 0x11, 0x89, 0x11, 0x89, 0x11, 0x89, 0x11,
    0x89, 0x11, 0x69, 0x11, 0x69, 0x11, 0x69, 0x11, 0x69, 0x11, 0x69, 0x11, 0x69, 0x11, 0x69, 0x11,
    0x69, 0x09, 0x69, 0x09, 0x69, 0x11, 0x68, 0x11, 0x48, 0x11, 0x48, 0x11, 0x48, 0x11, 0x48, 0x11,
    0x27, 0x11, 0x07, 0x09, 0xE6, 0x08, 0xC5, 0x08, 0xA4, 0x08, 0x26, 0x11, 0x48, 0x19, 0x48, 0x11,
    0x48, 0x11, 0x27, 0x11, 0xC8, 0x39, 0x0D, 0x63, 0xD0, 0x7B, 0x73, 0x8C, 0xD5, 0x94, 0xF6, 0x84,
    0x18, 0x75, 0x19, 0x65, 0x5A, 0x65, 0xDB, 0x75, 0xFC, 0x7D, 0x1C, 0x7E, 0x5D, 0x86, 0x7D, 0x96,
    0x9D, 0x9E, 0xBD, 0xA6, 0xDE, 0xAE, 0xFE, 0xB6, 0xFE, 0xBE, 0x1E, 0xBF, 0x3E, 0xC7, 0x3F, 0xCF,
    0x5F, 0xCF, 0x7F, 0xD7, 0x7F, 0xD7, 0x7F, 0xD7, 0x7F, 0xDF, 0x7F, 0xDF, 0x7F, 0xDF, 0x7F, 0xD7,
    0x7F, 0xD7, 0x5F, 0xD7, 0x5E, 0xCF, 0x3E, 0xC7, 0xFE, 0xD6, 0xB6, 0xAB, 0x76, 0xB3, 0x96, 0xB3,
    0x96, 0xB3, 0x96, 0xB3, 0x96, 0xB3, 0x96, 0xB3, 0x96, 0xB3, 0x96, 0xB3, 0x96, 0xB3, 0x96, 0xB3,
    0x96, 0xB3, 0x96, 0xB3, 0x96, 0xB3, 0x96, 0xB3, 0x96, 0xB3, 0x96, 0xB3, 0x96, 0xB3, 0x96, 0xB3,
    0x96, 0xB3, 0x96, 0xB3, 0x96, 0xB3, 0x96, 0xB3, 0x96, 0xB3, 0x96, 0xB3, 0x96, 0xB3, 0x96, 0xB3,
    0x96, 0xB3, 0x96, 0xB3, 0x96, 0xB3, 0x96, 0xB3, 0x96, 0xB3, 0x96, 0xB3, 0x96, 0xB3, 0x96, 0xB3,
    0x96, 0xB3, 0x96, 0xB3, 0x96, 0xB3, 0x96, 0xB3, 0x96, 0xB3, 0x96, 0xB3, 0x96, 0xB3, 0x96, 0xB3,
    0x96, 0xB3, 0x96, 0xB3, 0x96, 0xB3, 0x96, 0xB3, 0x96, 0xB3, 0x96, 0xB3, 0x96, 0xB3, 0x17, 0xAC,
    0x3D, 0x6D, 0xDC, 0x5C, 0x1C, 0x6D, 0xDC, 0x64, 0xDC, 0x64, 0xBB, 0x4C, 0x7E, 0xB6, 0xFF, 0xFF,
    0xFF, 0xFF, 0xFF, 0xFF, 0xFF, 0xFF, 0xFF, 0xFF, 0xFF, 0xFF, 0xFF, 0xFF, 0xFF, 0xFF, 0xFF, 0xFF,
    0xFF, 0xFF, 0xFF, 0xFF, 0xFF, 0xFF, 0xFF, 0xFF, 0xFF, 0xFF, 0xFF, 0xFF, 0xFF, 0xFF, 0xFF, 0xFF,
    0xFF, 0xFF, 0xFF, 0xFF, 0xFF, 0xFF, 0xFF, 0xFF, 0xFF, 0xFF, 0xFF, 0xFF, 0xFF, 0xFF, 0xFF, 0xFF,
    0xFF, 0xFF, 0xFF, 0xFF, 0xFF, 0xFF, 0xFF, 0xFF, 0xFF, 0xFF, 0xFF, 0xFF, 0xFF, 0xFF, 0xFF, 0xFF,
    0xFF, 0xFF, 0xFF, 0xFF, 0xFF, 0xFF, 0xFF, 0xFF, 0xFF, 0xFF, 0xFF, 0xFF, 0xFF, 0xFF, 0xFF, 0xFF,
    0xFF, 0xFF, 0xFF, 0xFF, 0xFF, 0xFF, 0xFF, 0xFF, 0xFF, 0xFF, 0xFF, 0xFF, 0xFF, 0xFF, 0xFF, 0xFF,
    0xFF, 0xFF, 0xFF, 0xFF, 0xFF, 0xFF, 0xFF, 0xFF, 0xFF, 0xFF, 0xFF, 0xFF, 0xFF, 0xFF, 0xFF, 0xFF,
    0xFF, 0xFF, 0xFF, 0xFF, 0xFF, 0xFF, 0xFF, 0xFF, 0xFF, 0xFF, 0xFF, 0xFF, 0xFF, 0xFF, 0xFF, 0xFF,
    0xFF, 0xFF, 0xFF, 0xFF, 0xFF, 0xFF, 0xFF, 0xFF, 0xFF, 0xFF, 0xFF, 0xFF, 0xFF, 0xFF, 0xFF, 0xFF,
    0xFF, 0xFF, 0xFF, 0xFF, 0xFF, 0xFF, 0xFF, 0xFF, 0xFF, 0xFF, 0xFF, 0xFF, 0xFF, 0xFF, 0xFF, 0xFF,
    0xFF, 0xFF, 0xFF, 0xFF, 0xFF, 0xFF, 0xFF, 0xFF, 0xFF, 0xFF, 0xFF, 0xFF, 0xFF, 0xFF, 0xFF, 0xFF,
    0xFF, 0xFF, 0xFF, 0xFF, 0xFF, 0xFF, 0xFF, 0xFF, 0xFF, 0xFF, 0xFF, 0xFF, 0xFF, 0xFF, 0xFF, 0xFF,
    0xFF, 0xFF, 0xFF, 0xFF, 0xFF, 0xFF, 0xFF, 0xFF, 0xFF, 0xFF, 0xFF, 0xFF, 0xFF, 0xFF, 0xFF, 0xFF,
    0xFF, 0xFF, 0xFF, 0xFF, 0xFF, 0xFF, 0xFF, 0xFF, 0xFF, 0xFF, 0xFF, 0xFF, 0xFF, 0xFF, 0xFF, 0xFF,
    0xFF, 0xFF, 0xFF, 0xFF, 0xFF, 0xFF, 0xFF, 0xFF, 0xFF, 0xFF, 0xFF, 0xFF, 0xFF, 0xFF, 0xBF, 0xF7,
    0x5C, 0x7D, 0x9C, 0x54, 0xFC, 0x64, 0xDC, 0x5C, 0xDC, 0x5C, 0x5E, 0x65, 0xDB, 0x64, 0xDB, 0x64,
    0x7E, 0x75, 0x5E, 0x6D, 0x3D, 0x6D, 0x1D, 0x65, 0x1C, 0x65, 0xFC, 0x6C, 0xDB, 0x7C, 0x9A, 0x8C,
    0x59, 0x9C, 0xF7, 0xAB, 0xB6, 0xB3, 0x96, 0xB3, 0x96, 0xB3, 0x96, 0xB3, 0x96, 0xB3, 0x96, 0xB3,
    0x96, 0xB3, 0x96, 0xB3, 0x96, 0xB3, 0x96, 0xB3, 0x96, 0xB3, 0x96, 0xB3, 0x96, 0xB3, 0x96, 0xB3,
    0x96, 0xB3, 0x96, 0xB3, 0x96, 0xB3, 0x96, 0xB3, 0x96, 0xB3, 0x96, 0xB3, 0x96, 0xB3, 0x96, 0xB3,
    0x96, 0xB3, 0x96, 0xB3, 0x96, 0xB3, 0x96, 0xB3, 0x96, 0xB3, 0x96, 0xB3, 0x96, 0xB3, 0x35, 0xAB,
    0x3A, 0xB5, 0x5F, 0xAF, 0xBD, 0xA6, 0x5C, 0xA6, 0xFA, 0xAD, 0xF9, 0xAD, 0x1A, 0xB6, 0x5A, 0xC6,
    0x39, 0xC6, 0xD7, 0xBD, 0xD4, 0x9C, 0xCF, 0x7B, 0xCC, 0x5A, 0xC8, 0x39, 0x26, 0x29, 0xE4, 0x18,
    0xA4, 0x10, 0xA4, 0x10, 0xA4, 0x10, 0xC5, 0x10, 0xE5, 0x18, 0x06, 0x19, 0x26, 0x19, 0x27, 0x19,
    0x47, 0x19, 0x47, 0x19, 0x47, 0x19, 0x67, 0x19, 0x68, 0x19, 0x68, 0x19, 0x68, 0x19, 0x68, 0x19,
    0x47, 0x19, 0x47, 0x19, 0x47, 0x19, 0x47, 0x19, 0x47, 0x11, 0x27, 0x11, 0x27, 0x11, 0x06, 0x11,
    0x06, 0x11, 0xE5, 0x08, 0xC5, 0x08, 0xA5, 0x08, 0x84, 0x00, 0x84, 0x00, 0x63, 0x00, 0x43, 0x00,
    0x43, 0x00, 0x63, 0x00, 0x83, 0x08, 0xC4, 0x10, 0x05, 0x21, 0x26, 0x19, 0x68, 0x11, 0x68, 0x19,
    0x89, 0x19, 0x27, 0x11, 0xD1, 0x6B, 0x78, 0x95, 0xF7, 0x74, 0xF8, 0x64, 0xF9, 0x5C, 0x3A, 0x5D,
    0x7B, 0x5D, 0xBC, 0x6D, 0xFC, 0x6D, 0x1C, 0x76, 0x3C, 0x7E, 0x5D, 0x86, 0x7D, 0x8E, 0x9D, 0x96,
    0xBD, 0x9E, 0xBD, 0xA6, 0xDE, 0xAE, 0xFE, 0xB6, 0x1E, 0xBF, 0x1E, 0xBF, 0x3F, 0xC7, 0x5F, 0xCF,
    0x5F, 0xCF, 0x7F, 0xD7, 0x7F, 0xD7, 0x7F, 0xD7, 0x7F, 0xDF, 0x7F, 0xDF, 0x7F, 0xDF, 0x7F, 0xDF,
    0x7F, 0xD7, 0x5F, 0xD7, 0x3E, 0xCF, 0x5F, 0xD7, 0x57, 0xB4, 0x55, 0xB3, 0x96, 0xB3, 0x96, 0xB3,
    0x96, 0xB3, 0x96, 0xB3, 0x96, 0xB3, 0x96, 0xB3, 0x96, 0xB3, 0x96, 0xB3, 0x96, 0xB3, 0x96, 0xB3,
    0x96, 0xB3, 0x96, 0xB3, 0x96, 0xB3, 0x96, 0xB3, 0x96, 0xB3, 0x96, 0xB3, 0x96, 0xB3, 0x96, 0xB3,
    0x96, 0xB3, 0x96, 0xB3, 0x96, 0xB3, 0x96, 0xB3, 0x96, 0xB3, 0x96, 0xB3, 0x96, 0xB3, 0x96, 0xB3,
    0x96, 0xB3, 0x96, 0xB3, 0x96, 0xB3, 0x96, 0xB3, 0x96, 0xB3, 0x96, 0xB3, 0x96, 0xB3, 0x96, 0xB3,
    0x96, 0xB3, 0x96, 0xB3, 0x96, 0xB3, 0x96, 0xB3, 0x96, 0xB3, 0x96, 0xB3, 0x96, 0xB3, 0x96, 0xB3,
    0x96, 0xB3, 0x96, 0xB3, 0x96, 0xB3, 0x96, 0xB3, 0x96, 0xB3, 0x96, 0xB3, 0x96, 0xB3, 0x96, 0xB3,
    0x99, 0x9C, 0x3E, 0x65, 0x1B, 0x65, 0x7C, 0x75, 0xDC, 0x5C, 0xDC, 0x5C, 0xDB, 0x5C, 0x3E, 0xDF,
    0xFF, 0xFF, 0xFF, 0xFF, 0xFF, 0xFF, 0xFF, 0xFF, 0xFF, 0xFF, 0xFF, 0xFF, 0xFF, 0xFF, 0xFF, 0xFF,
    0xFF, 0xFF, 0xFF, 0xFF, 0xFF, 0xFF, 0xFF, 0xFF, 0xFF, 0xFF, 0xFF, 0xFF, 0xFF, 0xFF, 0xFF, 0xFF,
    0xFF, 0xFF, 0xFF, 0xFF, 0xFF, 0xFF, 0xFF, 0xFF, 0xFF, 0xFF, 0xFF, 0xFF, 0xFF, 0xFF, 0xFF, 0xFF,
    0xFF, 0xFF, 0xFF, 0xFF, 0xFF, 0xFF, 0xFF, 0xFF, 0xFF, 0xFF, 0xFF, 0xFF, 0xFF, 0xFF, 0xFF, 0xFF,
    0xFF, 0xFF, 0xFF, 0xFF, 0xFF, 0xFF, 0xFF, 0xFF, 0xFF, 0xFF, 0xFF, 0xFF, 0xFF, 0xFF, 0xFF, 0xFF,
    0xFF, 0xFF, 0xFF, 0xFF, 0xFF, 0xFF, 0xFF, 0xFF, 0xFF, 0xFF, 0xFF, 0xFF, 0xFF, 0xFF, 0xFF, 0xFF,
    0xFF, 0xFF, 0xFF, 0xFF, 0xFF, 0xFF, 0xFF, 0xFF, 0xFF, 0xFF, 0xFF, 0xFF, 0xFF, 0xFF, 0xFF, 0xFF,
    0xFF, 0xFF, 0xFF, 0xFF, 0xFF, 0xFF, 0xFF, 0xFF, 0xFF, 0xFF, 0xFF, 0xFF, 0xFF, 0xFF, 0xFF, 0xFF,
    0xFF, 0xFF, 0xFF, 0xFF, 0xFF, 0xFF, 0xFF, 0xFF, 0xFF, 0xFF, 0xFF, 0xFF, 0xFF, 0xFF, 0xFF, 0xFF,
    0xFF, 0xFF, 0xFF, 0xFF, 0xFF, 0xFF, 0xFF, 0xFF, 0xFF, 0xFF, 0xFF, 0xFF, 0xFF, 0xFF, 0xFF, 0xFF,
    0xFF, 0xFF, 0xFF, 0xFF, 0xFF, 0xFF, 0xFF, 0xFF, 0xFF, 0xFF, 0xFF, 0xFF, 0xFF, 0xFF, 0xFF, 0xFF,
    0xFF, 0xFF, 0xFF, 0xFF, 0xFF, 0xFF, 0xFF, 0xFF, 0xFF, 0xFF, 0xFF, 0xFF, 0xFF, 0xFF, 0xFF, 0xFF,
    0xFF, 0xFF, 0xFF, 0xFF, 0xFF, 0xFF, 0xFF, 0xFF, 0xFF, 0xFF, 0xFF, 0xFF, 0xFF, 0xFF, 0xFF, 0xFF,
    0xFF, 0xFF, 0xFF, 0xFF, 0xFF, 0xFF, 0xFF, 0xFF, 0xFF, 0xFF, 0xFF, 0xFF, 0xFF, 0xFF, 0xFF, 0xFF,
    0xFF, 0xFF, 0xFF, 0xFF, 0xFF, 0xFF, 0xFF, 0xFF, 0xFF, 0xFF, 0xFF, 0xFF, 0x9F, 0xE7, 0x3C, 0x75,
    0xBB, 0x54, 0xFC, 0x64, 0xDC, 0x64, 0xFC, 0x5C, 0x1B, 0x6D, 0x18, 0x8C, 0x99, 0x94, 0xD9, 0x94,
    0x18, 0x8C, 0x38, 0x94, 0x79, 0xA4, 0xF8, 0xA3, 0x17, 0xB4, 0xD7, 0xB3, 0x96, 0xB3, 0x96, 0xB3,
    0x96, 0xB3, 0x96, 0xB3, 0x96, 0xB3, 0x96, 0xB3, 0x96, 0xB3, 0x96, 0xB3, 0x96, 0xB3, 0x96, 0xB3,
    0x96, 0xB3, 0x96, 0xB3, 0x96, 0xB3, 0x96, 0xB3, 0x96, 0xB3, 0x96, 0xB3, 0x96, 0xB3, 0x96, 0xB3,
    0x96, 0xB3, 0x96, 0xB3, 0x96, 0xB3, 0x96, 0xB3, 0x96, 0xB3, 0x96, 0xB3, 0x96, 0xB3, 0x96, 0xB3,
    0x96, 0xB3, 0x96, 0xB3, 0x96, 0xB3, 0x96, 0xB3, 0x96, 0xB3, 0x96, 0xB3, 0x96, 0xB3, 0x96, 0xB3,
    0x35, 0xAB, 0xFD, 0xB5, 0x5F, 0xA7, 0xDE, 0x9E, 0x7D, 0x96, 0x3B, 0x9E, 0xFA, 0x9D, 0xB9, 0x9D,
    0xB9, 0x9D, 0xD9, 0xA5, 0x3A, 0xB6, 0x5A, 0xC6, 0x39, 0xC6, 0xF8, 0xBD, 0x55, 0xAD, 0xD3, 0x9C,
    0x10, 0x84, 0x4D, 0x6B, 0xAB, 0x52, 0x09, 0x42, 0xA7, 0x39, 0x66, 0x29, 0x25, 0x21, 0x05, 0x21,
    0xC4, 0x18, 0xA4, 0x10, 0xA4, 0x10, 0x83, 0x10, 0x83, 0x08, 0x83, 0x08, 0x83, 0x08, 0x63, 0x08,
    0x63, 0x08, 0x63, 0x08, 0x63, 0x08, 0x63, 0x08, 0x63, 0x08, 0x83, 0x08, 0x83, 0x08, 0xA4, 0x10,
    0xC4, 0x10, 0xE4, 0x18, 0x05, 0x21, 0x46, 0x29, 0x87, 0x31, 0xC8, 0x39, 0x29, 0x4A, 0x8B, 0x52,
    0x0D, 0x6B, 0x6E, 0x7B, 0xF0, 0x83, 0x32, 0x8C, 0xD4, 0x9C, 0x4B, 0x3A, 0x88, 0x11, 0xC9, 0x19,
    0xC9, 0x19, 0x68, 0x11, 0x50, 0x43, 0x5A, 0x5D, 0x3A, 0x55, 0x7B, 0x5D, 0xBB, 0x65, 0xDC, 0x65,
    0xDC, 0x65, 0xFC, 0x6D, 0xFC, 0x6D, 0x3D, 0x76, 0x5D, 0x7E, 0x5D, 0x86, 0x7D, 0x8E, 0x9D, 0x9E,
    0xBD, 0x9E, 0xBD, 0xA6, 0xDE, 0xAE, 0xFE, 0xB6, 0x1E, 0xBF, 0x1E, 0xBF, 0x3F, 0xC7, 0x5F, 0xCF,
    0x5F, 0xD7, 0x7F, 0xD7, 0x7F, 0xD7, 0x9F, 0xDF, 0x7F, 0xDF, 0x7F, 0xDF, 0x7F, 0xDF, 0x7F, 0xDF,
    0x5F, 0xD7, 0x3E, 0xCF, 0x7F, 0xD7, 0xD9, 0xBC, 0x35, 0xAB, 0x96, 0xB3, 0x96, 0xB3, 0x96, 0xB3,
    0x96, 0xB3, 0x96, 0xB3, 0x96, 0xB3, 0x96, 0xB3, 0x96, 0xB3, 0x96, 0xB3, 0x96, 0xB3, 0x96, 0xB3,
    0x96, 0xB3, 0x96, 0xB3, 0x96, 0xB3, 0x96, 0xB3, 0x96, 0xB3, 0x96, 0xB3, 0x96, 0xB3, 0x96, 0xB3,
    0x96, 0xB3, 0x96, 0xB3, 0x96, 0xB3, 0x96, 0xB3, 0x96, 0xB3, 0x96, 0xB3, 0x96, 0xB3, 0x96, 0xB3,
    0x96, 0xB3, 0x96, 0xB3, 0x96, 0xB3, 0x96, 0xB3, 0x96, 0xB3, 0x96, 0xB3, 0x96, 0xB3, 0x96, 0xB3,
    0x96, 0xB3, 0x96, 0xB3, 0x96, 0xB3, 0x96, 0xB3, 0x96, 0xB3, 0x96, 0xB3, 0x96, 0xB3, 0x96, 0xB3,
    0x96, 0xB3, 0x96, 0xB3, 0x96, 0xB3, 0x96, 0xB3, 0x96, 0xB3, 0x96, 0xB3, 0x96, 0xB3, 0x96, 0xB3,
    0xB6, 0xB3, 0xDB, 0x84, 0x1D, 0x5D, 0x3A, 0x85, 0xFC, 0x6C, 0xFC, 0x64, 0xDC, 0x5C, 0x1B, 0x6D,
    0xBF, 0xF7, 0xFF, 0xFF, 0xFF, 0xFF, 0xFF, 0xFF, 0xFF, 0xFF, 0xFF, 0xFF, 0xFF, 0xFF, 0xFF, 0xFF,
    0xFF, 0xFF, 0xFF, 0xFF, 0xFF, 0xFF, 0xFF, 0xFF, 0xFF, 0xFF, 0xFF, 0xFF, 0xFF, 0xFF, 0xFF, 0xFF,
    0xFF, 0xFF, 0xFF, 0xFF, 0xFF, 0xFF, 0xFF, 0xFF, 0xFF, 0xFF, 0xFF, 0xFF, 0xFF, 0xFF, 0xFF, 0xFF,
    0xFF, 0xFF, 0xFF, 0xFF, 0xFF, 0xFF, 0xFF, 0xFF, 0xFF, 0xFF, 0xFF, 0xFF, 0xFF, 0xFF, 0xFF, 0xFF,
    0xFF, 0xFF, 0xFF, 0xFF, 0xFF, 0xFF, 0xFF, 0xFF, 0xFF, 0xFF, 0xFF, 0xFF, 0xFF, 0xFF, 0xFF, 0xFF,
    0xFF, 0xFF, 0xFF, 0xFF, 0xFF, 0xFF, 0xFF, 0xFF, 0xFF, 0xFF, 0xFF, 0xFF, 0xFF, 0xFF, 0xFF, 0xFF,
    0xFF, 0xFF, 0xFF, 0xFF, 0xFF, 0xFF, 0xFF, 0xFF, 0xFF, 0xFF, 0xFF, 0xFF, 0xFF, 0xFF, 0xFF, 0xFF,
    0xFF, 0xFF, 0xFF, 0xFF, 0xFF, 0xFF, 0xFF, 0xFF, 0xFF, 0xFF, 0xFF, 0xFF, 0xFF, 0xFF, 0xFF, 0xFF,
    0xFF, 0xFF, 0xFF, 0xFF, 0xFF, 0xFF, 0xFF, 0xFF, 0xFF, 0xFF, 0xFF, 0xFF, 0xFF, 0xFF, 0xFF, 0xFF,
    0xFF, 0xFF, 0xFF, 0xFF, 0xFF, 0xFF, 0xFF, 0xFF, 0xFF, 0xFF, 0xFF, 0xFF, 0xFF, 0xFF, 0xFF, 0xFF,
    0xFF, 0xFF, 0xFF, 0xFF, 0xFF, 0xFF, 0xFF, 0xFF, 0xFF, 0xFF, 0xFF, 0xFF, 0xFF, 0xFF, 0xFF, 0xFF,
    0xFF, 0xFF, 0xFF, 0xFF, 0xFF, 0xFF, 0xFF, 0xFF, 0xFF, 0xFF, 0xFF, 0xFF, 0xFF, 0xFF, 0xFF, 0xFF,
    0xFF, 0xFF, 0xFF, 0xFF, 0xFF, 0xFF, 0xFF, 0xFF, 0xFF, 0xFF, 0xFF, 0xFF, 0xFF, 0xFF, 0xFF, 0xFF,
    0xFF, 0xFF, 0xFF, 0xFF, 0xFF, 0xFF, 0xFF, 0xFF, 0xFF, 0xFF, 0xFF, 0xFF, 0xFF, 0xFF, 0xFF, 0xFF,
    0xFF, 0xFF, 0xFF, 0xFF, 0xFF, 0xFF, 0xFF, 0xFF, 0xFF, 0xFF, 0x5E, 0xDF, 0x1C, 0x6D, 0xBB, 0x5C,
    0xFC, 0x64, 0xDB, 0x5C, 0xFC, 0x64, 0x5E, 0x6D, 0x78, 0xAC, 0x96, 0xB3, 0x96, 0xB3, 0x96, 0xB3,
    0x96, 0xB3, 0x96, 0xB3, 0x96, 0xB3, 0x96, 0xB3, 0x96, 0xB3, 0x96, 0xB3, 0x96, 0xB3, 0x96, 0xB3,
    0x96, 0xB3, 0x96, 0xB3, 0x96, 0xB3, 0x96, 0xB3, 0x96, 0xB3, 0x96, 0xB3, 0x96, 0xB3, 0x96, 0xB3,
    0x96, 0xB3, 0x96, 0xB3, 0x96, 0xB3, 0x96, 0xB3, 0x96, 0xB3, 0x96, 0xB3, 0x96, 0xB3, 0x96, 0xB3,
    0x96, 0xB3, 0x96, 0xB3, 0x96, 0xB3, 0x96, 0xB3, 0x96, 0xB3, 0x96, 0xB3, 0x96, 0xB3, 0x96, 0xB3,
    0x96, 0xB3, 0x96, 0xB3, 0x96, 0xB3, 0x96, 0xB3, 0x96, 0xB3, 0x96, 0xB3, 0x96, 0xB3, 0x96, 0xB3,
    0x96, 0xB3, 0x75, 0xAB, 0x7E, 0xB6, 0x3F, 0xA7, 0x7D, 0x8E, 0x9E, 0x8E, 0x9E, 0x8E, 0x5C, 0x8E,
    0x1B, 0x8E, 0xDB, 0x85, 0xBA, 0x85, 0xFB, 0x95, 0xBA, 0x8D, 0xDA, 0x95, 0xFA, 0x9D, 0xF9, 0xAD,
    0x19, 0xB6, 0x19, 0xB6, 0xF8, 0xBD, 0xD8, 0xBD, 0xB7, 0xBD, 0x96, 0xB5, 0x56, 0xAD, 0x35, 0xAD,
    0xF4, 0xA4, 0xB3, 0x9C, 0x92, 0x94, 0x51, 0x94, 0x11, 0x8C, 0x10, 0x8C, 0xF0, 0x83, 0xD0, 0x83,
    0xD0, 0x83, 0xD0, 0x83, 0xF0, 0x83, 0xF0, 0x8B, 0x11, 0x8C, 0x31, 0x8C, 0x52, 0x94, 0x72, 0x94,
    0xB3, 0x9C, 0xD4, 0x9C, 0xF5, 0x9C, 0xF5, 0x9C, 0xF5, 0x94, 0x16, 0x95, 0x16, 0x8D, 0x17, 0x85,
    0x17, 0x7D, 0xF7, 0x74, 0xD7, 0x6C, 0xB7, 0x54, 0x59, 0x7D, 0xED, 0x4A, 0x48, 0x09, 0xA9, 0x19,
    0x89, 0x11, 0x47, 0x11, 0xAE, 0x2A, 0xDC, 0x5D, 0xBC, 0x5D, 0xDD, 0x5D, 0x9B, 0x5D, 0xBB, 0x5D,
    0xFD, 0x65, 0x1C, 0x6E, 0x1D, 0x76, 0x3D, 0x7E, 0x5D, 0x7E, 0x5D, 0x86, 0x7D, 0x8E, 0x9D, 0x96,
    0xBD, 0x9E, 0xBD, 0xA6, 0xDE, 0xAE, 0xFE, 0xB6, 0x1E, 0xBF, 0x1E, 0xC7, 0x3E, 0xC7, 0x5F, 0xCF,
    0x5F, 0xD7, 0x7F, 0xD7, 0x7F, 0xD7, 0x7F, 0xDF, 0x7F, 0xDF, 0x7F, 0xDF, 0x7F, 0xDF, 0x7F, 0xD7,
    0x3E, 0xCF, 0x7F, 0xD7, 0x5A, 0xC5, 0x35, 0xAB, 0x96, 0xB3, 0x96, 0xB3, 0x96, 0xB3, 0x96, 0xB3,
    0x96, 0xB3, 0x96, 0xB3, 0x96, 0xB3, 0x96, 0xB3, 0x96, 0xB3, 0x96, 0xB3, 0x96, 0xB3, 0x96, 0xB3,
    0x96, 0xB3, 0x96, 0xB3, 0x96, 0xB3, 0x96, 0xB3, 0x96, 0xB3, 0x96, 0xB3, 0x96, 0xB3, 0x96, 0xB3,
    0x96, 0xB3, 0x96, 0xB3, 0x96, 0xB3, 0x96, 0xB3, 0x96, 0xB3, 0x96, 0xB3, 0x96, 0xB3, 0x96, 0xB3,
    0x96, 0xB3, 0x96, 0xB3, 0x96, 0xB3, 0x96, 0xB3, 0x96, 0xB3, 0x96, 0xB3, 0x96, 0xB3, 0x96, 0xB3,
    0x96, 0xB3, 0x96, 0xB3, 0x96, 0xB3, 0x96, 0xB3, 0x96, 0xB3, 0x96, 0xB3, 0x96, 0xB3, 0x96, 0xB3,
    0x96, 0xB3, 0x96, 0xB3, 0x96, 0xB3, 0x96, 0xB3, 0x96, 0xB3, 0x96, 0xB3, 0x96, 0xB3, 0x96, 0xB3,
    0x96, 0xB3, 0xD7, 0xB3, 0x1B, 0x75, 0xFD, 0x5C, 0x1A, 0x8D, 0xDC, 0x64, 0xFC, 0x64, 0xBC, 0x54,
    0x5C, 0x7D, 0xDF, 0xF7, 0xFF, 0xFF, 0xFF, 0xFF, 0xFF, 0xFF, 0xFF, 0xFF, 0xFF, 0xFF, 0xFF, 0xFF,
    0xFF, 0xFF, 0xFF, 0xFF, 0xFF, 0xFF, 0xFF, 0xFF, 0xFF, 0xFF, 0xFF, 0xFF, 0xFF, 0xFF, 0xFF, 0xFF,
    0xFF, 0xFF, 0xFF, 0xFF, 0xFF, 0xFF, 0xFF, 0xFF, 0xFF, 0xFF, 0xFF, 0xFF, 0xFF, 0xFF, 0xFF, 0xFF,
    0xFF, 0xFF, 0xFF, 0xFF, 0xFF, 0xFF, 0xFF, 0xFF, 0xFF, 0xFF, 0xFF, 0xFF, 0xFF, 0xFF, 0xFF, 0xFF,
    0xFF, 0xFF, 0xFF, 0xFF, 0xFF, 0xFF, 0xFF, 0xFF, 0xFF, 0xFF, 0xFF, 0xFF, 0xFF, 0xFF, 0xFF, 0xFF,
    0xFF, 0xFF, 0xFF, 0xFF, 0xFF, 0xFF, 0xFF, 0xFF, 0xFF, 0xFF, 0xFF, 0xFF, 0xFF, 0xFF, 0xFF, 0xFF,
    0xFF, 0xFF, 0xFF, 0xFF, 0xFF, 0xFF, 0xFF, 0xFF, 0xFF, 0xFF, 0xFF, 0xFF, 0xFF, 0xFF, 0xFF, 0xFF,
    0xFF, 0xFF, 0xFF, 0xFF, 0xFF, 0xFF, 0xFF, 0xFF, 0xFF, 0xFF, 0xFF, 0xFF, 0xFF, 0xFF, 0xFF, 0xFF,
    0xFF, 0xFF, 0xFF, 0xFF, 0xFF, 0xFF, 0xFF, 0xFF, 0xFF, 0xFF, 0xFF, 0xFF, 0xFF, 0xFF, 0xFF, 0xFF,
    0xFF, 0xFF, 0xFF, 0xFF, 0xFF, 0xFF, 0xFF, 0xFF, 0xFF, 0xFF, 0xFF, 0xFF, 0xFF, 0xFF, 0xFF, 0xFF,
    0xFF, 0xFF, 0xFF, 0xFF, 0xFF, 0xFF, 0xFF, 0xFF, 0xFF, 0xFF, 0xFF, 0xFF, 0xFF, 0xFF, 0xFF, 0xFF,
    0xFF, 0xFF, 0xFF, 0xFF, 0xFF, 0xFF, 0xFF, 0xFF, 0xFF, 0xFF, 0xFF, 0xFF, 0xFF, 0xFF, 0xFF, 0xFF,
    0xFF, 0xFF, 0xFF, 0xFF, 0xFF, 0xFF, 0xFF, 0xFF, 0xFF, 0xFF, 0xFF, 0xFF, 0xFF, 0xFF, 0xFF, 0xFF,
    0xFF, 0xFF, 0xFF, 0xFF, 0xFF, 0xFF, 0xFF, 0xFF, 0xFF, 0xFF, 0xFF, 0xFF, 0xFF, 0xFF, 0xFF, 0xFF,
    0xFF, 0xFF, 0xFF, 0xFF, 0xFF, 0xFF, 0xFF, 0xFF, 0x1E, 0xCF, 0xFB, 0x64, 0xBC, 0x5C, 0xDC, 0x64,
    0xDB, 0x5C, 0xFC, 0x64, 0x1D, 0x5D, 0x58, 0x9C, 0x96, 0xB3, 0x96, 0xB3, 0x96, 0xB3, 0x96, 0xB3,
    0x96, 0xB3, 0x96, 0xB3, 0x96, 0xB3, 0x96, 0xB3, 0x96, 0xB3, 0x96, 0xB3, 0x96, 0xB3, 0x96, 0xB3,
    0x96, 0xB3, 0x96, 0xB3, 0x96, 0xB3, 0x96, 0xB3, 0x96, 0xB3, 0x96, 0xB3, 0x96, 0xB3, 0x96, 0xB3,
    0x96, 0xB3, 0x96, 0xB3, 0x96, 0xB3, 0x96, 0xB3, 0x96, 0xB3, 0x96, 0xB3, 0x96, 0xB3, 0x96, 0xB3,
    0x96, 0xB3, 0x96, 0xB3, 0x96, 0xB3, 0x96, 0xB3, 0x96, 0xB3, 0x96, 0xB3, 0x96, 0xB3, 0x96, 0xB3,
    0x96, 0xB3, 0x96, 0xB3, 0x96, 0xB3, 0x96, 0xB3, 0x96, 0xB3, 0x96, 0xB3, 0x96, 0xB3, 0x96, 0xB3,
    0x96, 0xB3, 0x76, 0xB3, 0xB6, 0xAB, 0xBF, 0xB6, 0xFF, 0x9E, 0x5D, 0x8E, 0xBE, 0x96, 0x7E, 0x86,
    0x5D, 0x7E, 0x3D, 0x7E, 0x3D, 0x86, 0x1C, 0x8E, 0x9A, 0x75, 0x9A, 0x75, 0x9A, 0x75, 0x7A, 0x75,
    0x7A, 0x7D, 0x7A, 0x7D, 0x7A, 0x7D, 0x5A, 0x7D, 0x5A, 0x7D, 0x7A, 0x85, 0x79, 0x85, 0x79, 0x85,
    0x79, 0x8D, 0x79, 0x8D, 0x99, 0x8D, 0x99, 0x8D, 0x99, 0x8D, 0x99, 0x8D, 0x99, 0x8D, 0x99, 0x8D,
    0x79, 0x8D, 0x79, 0x8D, 0x79, 0x85, 0x59, 0x85, 0x59, 0x7D, 0x39, 0x7D, 0x39, 0x75, 0x19, 0x6D,
    0x19, 0x65, 0xF8, 0x5C, 0xF9, 0x54, 0xD9, 0x54, 0xD9, 0x4C, 0xD9, 0x44, 0xF9, 0x44, 0xFA, 0x3C,
    0xFA, 0x3C, 0x1A, 0x45, 0x3B, 0x45, 0x3B, 0x45, 0xBC, 0x75, 0x0E, 0x53, 0xE6, 0x00, 0x47, 0x09,
    0x27, 0x09, 0x06, 0x09, 0x8A, 0x09, 0x5A, 0x4D, 0xDC, 0x5D, 0xDC, 0x5D, 0xBC, 0x5D, 0x7A, 0x5D,
    0x1D, 0x6E, 0x1C, 0x6E, 0x3D, 0x76, 0x3D, 0x7E, 0x5D, 0x7E, 0x5D, 0x86, 0x7D, 0x8E, 0x7D, 0x96,
    0x9D, 0x9E, 0xBD, 0xA6, 0xDE, 0xAE, 0xFE, 0xB6, 0x1E, 0xBF, 0x1E, 0xBF, 0x3E, 0xC7, 0x5F, 0xCF,
    0x5F, 0xD7, 0x7F, 0xD7, 0x7F, 0xDF, 0x7F, 0xDF, 0x7F, 0xDF, 0x7F, 0xDF, 0x7F, 0xD7, 0x3E, 0xD7,
    0x7F, 0xD7, 0xDC, 0xCD, 0x35, 0xAB, 0x96, 0xB3, 0x96, 0xB3, 0x96, 0xB3, 0x96, 0xB3, 0x96, 0xB3,
    0x96, 0xB3, 0x96, 0xB3, 0x96, 0xB3, 0x96, 0xB3, 0x96, 0xB3, 0x96, 0xB3, 0x96, 0xB3, 0x96, 0xB3,
    0x96, 0xB3, 0x96, 0xB3, 0x96, 0xB3, 0x96, 0xB3, 0x96, 0xB3, 0x96, 0xB3, 0x96, 0xB3, 0x96, 0xB3,
    0x96, 0xB3, 0x96, 0xB3, 0x96, 0xB3, 0x96, 0xB3, 0x96, 0xB3, 0x96, 0xB3, 0x96, 0xB3, 0x96, 0xB3,
    0x96, 0xB3, 0x96, 0xB3, 0x96, 0xB3, 0x96, 0xB3, 0x96, 0xB3, 0x96, 0xB3, 0x96, 0xB3, 0x96, 0xB3,
    0x96, 0xB3, 0x96, 0xB3, 0x96, 0xB3, 0x96, 0xB3, 0x96, 0xB3, 0x96, 0xB3, 0x96, 0xB3, 0x96, 0xB3,
    0x96, 0xB3, 0x96, 0xB3, 0x96, 0xB3, 0x96, 0xB3, 0x96, 0xB3, 0x96, 0xB3, 0x96, 0xB3, 0x96, 0xB3,
    0x96, 0xB3, 0x96, 0xB3, 0x17, 0xB4, 0x1C, 0x75, 0xFC, 0x64, 0x5B, 0x7D, 0xDC, 0x5C, 0xFC, 0x64,
    0xBC, 0x54, 0x7C, 0x7D, 0xDF, 0xF7, 0xFF, 0xFF, 0xFF, 0xFF, 0xFF, 0xFF, 0xFF, 0xFF, 0xFF, 0xFF,
    0xFF, 0xFF, 0xFF, 0xFF, 0xFF, 0xFF, 0xFF, 0xFF, 0xFF, 0xFF, 0xFF, 0xFF, 0xFF, 0xFF, 0xFF, 0xFF,
    0xFF, 0xFF, 0xFF, 0xFF, 0xFF, 0xFF, 0xFF, 0xFF, 0xFF, 0xFF, 0xFF, 0xFF, 0xFF, 0xFF, 0xFF, 0xFF,
    0xFF, 0xFF, 0xFF, 0xFF, 0xFF, 0xFF, 0xFF, 0xFF, 0xFF, 0xFF, 0xFF, 0xFF, 0xFF, 0xFF, 0xFF, 0xFF,
    0xFF, 0xFF, 0xFF, 0xFF, 0xFF, 0xFF, 0xFF, 0xFF, 0xFF, 0xFF, 0xFF, 0xFF, 0xFF, 0xFF, 0xFF, 0xFF,
    0xFF, 0xFF, 0xFF, 0xFF, 0xFF, 0xFF, 0xFF, 0xFF, 0xFF, 0xFF, 0xFF, 0xFF, 0xFF, 0xFF, 0xFF, 0xFF,
    0xFF, 0xFF, 0xFF, 0xFF, 0xFF, 0xFF, 0xFF, 0xFF, 0xFF, 0xFF, 0xFF, 0xFF, 0xFF, 0xFF, 0xFF, 0xFF,
    0xFF, 0xFF, 0xFF, 0xFF, 0xFF, 0xFF, 0xFF, 0xFF, 0xFF, 0xFF, 0xFF, 0xFF, 0xFF, 0xFF, 0xFF, 0xFF,
    0xFF, 0xFF, 0xFF, 0xFF, 0xFF, 0xFF, 0xFF, 0xFF, 0xFF, 0xFF, 0xFF, 0xFF, 0xFF, 0xFF, 0xFF, 0xFF,
    0xFF, 0xFF, 0xFF, 0xFF, 0xFF, 0xFF, 0xFF, 0xFF, 0xFF, 0xFF, 0xFF, 0xFF, 0xFF, 0xFF, 0xFF, 0xFF,
    0xFF, 0xFF, 0xFF, 0xFF, 0xFF, 0xFF, 0xFF, 0xFF, 0xFF, 0xFF, 0xFF, 0xFF, 0xFF, 0xFF, 0xFF, 0xFF,
    0xFF, 0xFF, 0xFF, 0xFF, 0xFF, 0xFF, 0xFF, 0xFF, 0xFF, 0xFF, 0xFF, 0xFF, 0xFF, 0xFF, 0xFF, 0xFF,
    0xFF, 0xFF, 0xFF, 0xFF, 0xFF, 0xFF, 0xFF, 0xFF, 0xFF, 0xFF, 0xFF, 0xFF, 0xFF, 0xFF, 0xFF, 0xFF,
    0xFF, 0xFF, 0xFF, 0xFF, 0xFF, 0xFF, 0xFF, 0xFF, 0xFF, 0xFF, 0xFF, 0xFF, 0xFF, 0xFF, 0xFF, 0xFF,
    0xFF, 0xFF, 0xFF, 0xFF, 0xFF, 0xFF, 0x9D, 0xB6, 0xBB, 0x5C, 0xDC, 0x5C, 0xDC, 0x64, 0xDB, 0x5C,
    0xFC, 0x64, 0x3D, 0x65, 0x38, 0x9C, 0x96, 0xB3, 0x96, 0xB3, 0x96, 0xB3, 0x96, 0xB3, 0x96, 0xB3,
    0x96, 0xB3, 0x96, 0xB3, 0x96, 0xB3, 0x96, 0xB3, 0x96, 0xB3, 0x96, 0xB3, 0x96, 0xB3, 0x96, 0xB3,
    0x96, 0xB3, 0x96, 0xB3, 0x96, 0xB3, 0x96, 0xB3, 0x96, 0xB3, 0x96, 0xB3, 0x96, 0xB3, 0x96, 0xB3,
    0x96, 0xB3, 0x96, 0xB3, 0x96, 0xB3, 0x96, 0xB3, 0x96, 0xB3, 0x96, 0xB3, 0x96, 0xB3, 0x96, 0xB3,
    0x96, 0xB3, 0x96, 0xB3, 0x96, 0xB3, 0x96, 0xB3, 0x96, 0xB3, 0x96, 0xB3, 0x96, 0xB3, 0x96, 0xB3,
    0x96, 0xB3, 0x96, 0xB3, 0x96, 0xB3, 0x96, 0xB3, 0x96, 0xB3, 0x96, 0xB3, 0x96, 0xB3, 0x96, 0xB3,
    0x96, 0xB3, 0x96, 0xB3, 0x56, 0xB3, 0xD7, 0xAB, 0xBF, 0xB6, 0xDE, 0x96, 0x7D, 0x96, 0xDE, 0xA6,
    0x9D, 0x8E, 0x5D, 0x7E, 0x5D, 0x7E, 0x1C, 0x86, 0x7A, 0x65, 0x9B, 0x65, 0x9A, 0x6D, 0x9B, 0x6D,
    0x7B, 0x65, 0x5A, 0x5D, 0x5B, 0x5D, 0x9C, 0x5D, 0xBC, 0x65, 0x9C, 0x65, 0x9B, 0x65, 0x9B, 0x5D,
    0x7B, 0x5D, 0x7B, 0x5D, 0x7B, 0x5D, 0x7B, 0x5D, 0x7B, 0x5D, 0x7B, 0x5D, 0x7B, 0x55, 0x5B, 0x55,
    0x5B, 0x55, 0x5B, 0x55, 0x5B, 0x55, 0x5B, 0x55, 0x5B, 0x55, 0x5B, 0x4D, 0x5B, 0x4D, 0x5B, 0x4D,
    0x5B, 0x4D, 0x5C, 0x4D, 0x7C, 0x4D, 0x7C, 0x4D, 0x9C, 0x4D, 0x9C, 0x4D, 0x9C, 0x4D, 0x9C, 0x4D,
    0x9C, 0x55, 0xBC, 0x55, 0x9C, 0x55, 0x9C, 0x4D, 0xFD, 0x5D, 0x0F, 0x43, 0x23, 0x00, 0xC5, 0x00,
    0xA5, 0x00, 0x43, 0x00, 0xA6, 0x00, 0x3A, 0x4D, 0xFD, 0x5D, 0xDC, 0x65, 0xFD, 0x65, 0x7A, 0x5D,
    0xFC, 0x6D, 0x1D, 0x6E, 0x3D, 0x76, 0x3D, 0x7E, 0x3D, 0x7E, 0x5D, 0x86, 0x7D, 0x8E, 0x7D, 0x8E,
    0x9D, 0x96, 0xBD, 0x9E, 0xBD, 0xA6, 0xDE, 0xB6, 0x1E, 0xBF, 0x1E, 0xC7, 0x3E, 0xC7, 0x5F, 0xCF,
    0x5F, 0xCF, 0x7F, 0xD7, 0x7F, 0xD7, 0x7F, 0xD7, 0x7F, 0xDF, 0x7F, 0xD7, 0x3E, 0xCF, 0x7F, 0xD7,
    0x1C, 0xCE, 0x55, 0xAB, 0x96, 0xB3, 0x96, 0xB3, 0x96, 0xB3, 0x96, 0xB3, 0x96, 0xB3, 0x96, 0xB3,
    0x96, 0xB3, 0x96, 0xB3, 0x96, 0xB3, 0x96, 0xB3, 0x96, 0xB3, 0x96, 0xB3, 0x96, 0xB3, 0x96, 0xB3,
    0x96, 0xB3, 0x96, 0xB3, 0x96, 0xB3, 0x96, 0xB3, 0x96, 0xB3, 0x96, 0xB3, 0x96, 0xB3, 0x96, 0xB3,
    0x96, 0xB3, 0x96, 0xB3, 0x96, 0xB3, 0x96, 0xB3, 0x96, 0xB3, 0x96, 0xB3, 0x96, 0xB3, 0x96, 0xB3,
    0x96, 0xB3, 0x96, 0xB3, 0x96, 0xB3, 0x96, 0xB3, 0x96, 0xB3, 0x96, 0xB3, 0x96, 0xB3, 0x96, 0xB3,
    0x96, 0xB3, 0x96, 0xB3, 0x96, 0xB3, 0x96, 0xB3, 0x96, 0xB3, 0x96, 0xB3, 0x96, 0xB3, 0x96, 0xB3,
    0x96, 0xB3, 0x96, 0xB3, 0x96, 0xB3, 0x96, 0xB3, 0x96, 0xB3, 0x96, 0xB3, 0x96, 0xB3, 0x96, 0xB3,
    0x96, 0xB3, 0x96, 0xB3, 0x96, 0xB3, 0xF7, 0xB3, 0x1C, 0x75, 0x3D, 0x65, 0x1C, 0x6D, 0xDC, 0x5C,
    0xFC, 0x64, 0xBB, 0x54, 0x3C, 0x75, 0x7F, 0xE7, 0xFF, 0xFF, 0xFF, 0xFF, 0xFF, 0xFF, 0xFF, 0xFF,
    0xFF, 0xFF, 0xFF, 0xFF, 0xFF, 0xFF, 0xFF, 0xFF, 0xFF, 0xFF, 0xFF, 0xFF, 0xFF, 0xFF, 0xFF, 0xFF,
    0xFF, 0xFF, 0xFF, 0xFF, 0xFF, 0xFF, 0xFF, 0xFF, 0xFF, 0xFF, 0xFF, 0xFF, 0xFF, 0xFF, 0xFF, 0xFF,
    0xFF, 0xFF, 0xFF, 0xFF, 0xFF, 0xFF, 0xFF, 0xFF, 0xFF, 0xFF, 0xFF, 0xFF, 0xFF, 0xFF, 0xFF, 0xFF,
    0xFF, 0xFF, 0xFF, 0xFF, 0xFF, 0xFF, 0xFF, 0xFF, 0xFF, 0xFF, 0xFF, 0xFF, 0xFF, 0xFF, 0xFF, 0xFF,
    0xFF, 0xFF, 0xFF, 0xFF, 0xFF, 0xFF, 0xFF, 0xFF, 0xFF, 0xFF, 0xFF, 0xFF, 0xFF, 0xFF, 0xFF, 0xFF,
    0xFF, 0xFF, 0xFF, 0xFF, 0xFF, 0xFF, 0xFF, 0xFF, 0xFF, 0xFF, 0xFF, 0xFF, 0xFF, 0xFF, 0xFF, 0xFF,
    0xFF, 0xFF, 0xFF, 0xFF, 0xFF, 0xFF, 0xFF, 0xFF, 0xFF, 0xFF, 0xFF, 0xFF, 0xFF, 0xFF, 0xFF, 0xFF,
    0xFF, 0xFF, 0xFF, 0xFF, 0xFF, 0xFF, 0xFF, 0xFF, 0xFF, 0xFF, 0xFF, 0xFF, 0xFF, 0xFF, 0xFF, 0xFF,
    0xFF, 0xFF, 0xFF, 0xFF, 0xFF, 0xFF, 0xFF, 0xFF, 0xFF, 0xFF, 0xFF, 0xFF, 0xFF, 0xFF, 0xFF, 0xFF,
    0xFF, 0xFF, 0xFF, 0xFF, 0xFF, 0xFF, 0xFF, 0xFF, 0xFF, 0xFF, 0xFF, 0xFF, 0xFF, 0xFF, 0xFF, 0xFF,
    0xFF, 0xFF, 0xFF, 0xFF, 0xFF, 0xFF, 0xFF, 0xFF, 0xFF, 0xFF, 0xFF, 0xFF, 0xFF, 0xFF, 0xFF, 0xFF,
    0xFF, 0xFF, 0xFF, 0xFF, 0xFF, 0xFF, 0xFF, 0xFF, 0xFF, 0xFF, 0xFF, 0xFF, 0xFF, 0xFF, 0xFF, 0xFF,
    0xFF, 0xFF, 0xFF, 0xFF, 0xFF, 0xFF, 0xFF, 0xFF, 0xFF, 0xFF, 0xFF, 0xFF, 0xFF, 0xFF, 0xFF, 0xFF,
    0xFF, 0xFF, 0xFF, 0xFF, 0xFD, 0x9D, 0x9B, 0x54, 0xDC, 0x64, 0xDC, 0x5C, 0xFC, 0x64, 0xFC, 0x5C,
    0x1D, 0x65, 0x58, 0x9C, 0x96, 0xB3, 0x96, 0xB3, 0x96, 0xB3, 0x96, 0xB3, 0x96, 0xB3, 0x96, 0xB3,
    0x96, 0xB3, 0x96, 0xB3, 0x96, 0xB3, 0x96, 0xB3, 0x96, 0xB3, 0x96, 0xB3, 0x96, 0xB3, 0x96, 0xB3,
    0x96, 0xB3, 0x96, 0xB3, 0x96, 0xB3, 0x96, 0xB3, 0x96, 0xB3, 0x96, 0xB3, 0x96, 0xB3, 0x96, 0xB3,
    0x96, 0xB3, 0x96, 0xB3, 0x96, 0xB3, 0x96, 0xB3, 0x96, 0xB3, 0x96, 0xB3, 0x96, 0xB3, 0x96, 0xB3,
    0x96, 0xB3, 0x96, 0xB3, 0x96, 0xB3, 0x96, 0xB3, 0x96, 0xB3, 0x96, 0xB3, 0x96, 0xB3, 0x96, 0xB3,
    0x96, 0xB3, 0x96, 0xB3, 0x96, 0xB3, 0x96, 0xB3, 0x96, 0xB3, 0x96, 0xB3, 0x96, 0xB3, 0x96, 0xB3,
    0x96, 0xB3, 0x96, 0xB3, 0x96, 0xB3, 0x55, 0xB3, 0xD6, 0xAB, 0xBF, 0xB6, 0xDE, 0x9E, 0xDD, 0xAE,
    0xFE, 0xB6, 0x7D, 0x8E, 0x5D, 0x7E, 0x3D, 0x86, 0xBB, 0x6D, 0x9B, 0x6D, 0xBB, 0x6D, 0xBB, 0x6D,
    0xBB, 0x6D, 0xDB, 0x6D, 0xBC, 0x5D, 0xDC, 0x55, 0xFD, 0x5D, 0xFD, 0x5D, 0xFD, 0x5D, 0xDD, 0x5D,
    0xDD, 0x5D, 0xDC, 0x5D, 0xDC, 0x5D, 0xDC, 0x5D, 0xDC, 0x5D, 0xDC, 0x5D, 0xBC, 0x55, 0xBC, 0x55,
    0xBC, 0x55, 0xBC, 0x55, 0xBC, 0x55, 0xBC, 0x55, 0xBC, 0x55, 0xBC, 0x55, 0xBC, 0x55, 0xBC, 0x55,
    0x9C, 0x55, 0x9C, 0x55, 0x9C, 0x55, 0x9C, 0x55, 0x9C, 0x55, 0x9C, 0x55, 0x9C, 0x55, 0x9C, 0x55,
    0x9C, 0x55, 0x9C, 0x55, 0x9C, 0x55, 0x9C, 0x55, 0xDD, 0x55, 0x97, 0x44, 0xC6, 0x00, 0x24, 0x00,
    0x44, 0x00, 0xC6, 0x00, 0x93, 0x2B, 0xFD, 0x5D, 0xDC, 0x5D, 0xDC, 0x65, 0x1D, 0x66, 0xBB, 0x65,
    0x9B, 0x65, 0x3D, 0x76, 0x1C, 0x76, 0x3C, 0x76, 0x3C, 0x7E, 0x5D, 0x86, 0x5D, 0x8E, 0x7D, 0x8E,
    0x7D, 0x96, 0x9D, 0x9E, 0xBD, 0xA6, 0xDE, 0xB6, 0x1E, 0xC7, 0x1E, 0xC7, 0x1E, 0xC7, 0x3F, 0xCF,
    0x5F, 0xCF, 0x7E, 0xD7, 0x7F, 0xD7, 0x7F, 0xD7, 0x5F, 0xD7, 0x5E, 0xCF, 0x7F, 0xD7, 0x5A, 0xC5,
    0x55, 0xAB, 0x96, 0xB3, 0x96, 0xB3, 0x96, 0xB3, 0x96, 0xB3, 0x96, 0xB3, 0x96, 0xB3, 0x96, 0xB3,
    0x96, 0xB3, 0x96, 0xB3, 0x96, 0xB3, 0x96, 0xB3, 0x96, 0xB3, 0x96, 0xB3, 0x96, 0xB3, 0x96, 0xB3,
    0x96, 0xB3, 0x96, 0xB3, 0x96, 0xB3, 0x96, 0xB3, 0x96, 0xB3, 0x96, 0xB3, 0x96, 0xB3, 0x96, 0xB3,
    0x96, 0xB3, 0x96, 0xB3, 0x96, 0xB3, 0x96, 0xB3, 0x96, 0xB3, 0x96, 0xB3, 0x96, 0xB3, 0x96, 0xB3,
    0x96, 0xB3, 0x96, 0xB3, 0x96, 0xB3, 0x96, 0xB3, 0x96, 0xB3, 0x96, 0xB3, 0x96, 0xB3, 0x96, 0xB3,
    0x96, 0xB3, 0x96, 0xB3, 0x96, 0xB3, 0x96, 0xB3, 0x96, 0xB3, 0x96, 0xB3, 0x96, 0xB3, 0x96, 0xB3,
    0x96, 0xB3, 0x96, 0xB3, 0x96, 0xB3, 0x96, 0xB3, 0x96, 0xB3, 0x96, 0xB3, 0x96, 0xB3, 0x96, 0xB3,
    0x96, 0xB3, 0x96, 0xB3, 0x96, 0xB3, 0x96, 0xB3, 0x17, 0xB4, 0x1C, 0x75, 0xFC, 0x5C, 0xDC, 0x5C,
    0xDC, 0x5C, 0xDC, 0x64, 0xBC, 0x5C, 0xFC, 0x64, 0xDD, 0xCE, 0xFF, 0xFF, 0xFF, 0xFF, 0xFF, 0xFF,
    0xFF, 0xFF, 0xFF, 0xFF, 0xFF, 0xFF, 0xFF, 0xFF, 0xFF, 0xFF, 0xFF, 0xFF, 0xFF, 0xFF, 0xFF, 0xFF,
    0xFF, 0xFF, 0xFF, 0xFF, 0xFF, 0xFF, 0xFF, 0xFF, 0xFF, 0xFF, 0xFF, 0xFF, 0xFF, 0xFF, 0xFF, 0xFF,
    0xFF, 0xFF, 0xFF, 0xFF, 0xFF, 0xFF, 0xFF, 0xFF, 0xFF, 0xFF, 0xFF, 0xFF, 0xFF, 0xFF, 0xFF, 0xFF,
    0xFF, 0xFF, 0xFF, 0xFF, 0xFF, 0xFF, 0xFF, 0xFF, 0xFF, 0xFF, 0xFF, 0xFF, 0xFF, 0xFF, 0xFF, 0xFF,
    0xFF, 0xFF, 0xFF, 0xFF, 0xFF, 0xFF, 0xFF, 0xFF, 0xFF, 0xFF, 0xFF, 0xFF, 0xFF, 0xFF, 0xFF, 0xFF,
    0xFF, 0xFF, 0xFF, 0xFF, 0xFF, 0xFF, 0xFF, 0xFF, 0xFF, 0xFF, 0xFF, 0xFF, 0xFF, 0xFF, 0xFF, 0xFF,
    0xFF, 0xFF, 0xFF, 0xFF, 0xFF, 0xFF, 0xFF, 0xFF, 0xFF, 0xFF, 0xFF, 0xFF, 0xFF, 0xFF, 0xFF, 0xFF,
    0xFF, 0xFF, 0xFF, 0xFF, 0xFF, 0xFF, 0xFF, 0xFF, 0xFF, 0xFF, 0xFF, 0xFF, 0xFF, 0xFF, 0xFF, 0xFF,
    0xFF, 0xFF, 0xFF, 0xFF, 0xFF, 0xFF, 0xFF, 0xFF, 0xFF, 0xFF, 0xFF, 0xFF, 0xFF, 0xFF, 0xFF, 0xFF,
    0xFF, 0xFF, 0xFF, 0xFF, 0xFF, 0xFF, 0xFF, 0xFF, 0xFF, 0xFF, 0xFF, 0xFF, 0xFF, 0xFF, 0xFF, 0xFF,
    0xFF, 0xFF, 0xFF, 0xFF, 0xFF, 0xFF, 0xFF, 0xFF, 0xFF, 0xFF, 0xFF, 0xFF, 0xFF, 0xFF, 0xFF, 0xFF,
    0xFF, 0xFF, 0xFF, 0xFF, 0xFF, 0xFF, 0xFF, 0xFF, 0xFF, 0xFF, 0xFF, 0xFF, 0xFF, 0xFF, 0xFF, 0xFF,
    0xFF, 0xFF, 0xFF, 0xFF, 0xFF, 0xFF, 0xFF, 0xFF, 0xFF, 0xFF, 0xFF, 0xFF, 0xFF, 0xFF, 0xFF, 0xFF,
    0x7F, 0xE7, 0x5C, 0x7D, 0x9C, 0x54, 0xFC, 0x64, 0xFC, 0x64, 0xFC, 0x64, 0x1C, 0x65, 0x3C, 0x6D,
    0x58, 0xA4, 0x96, 0xB3, 0x96, 0xB3, 0x96, 0xB3, 0x96, 0xB3, 0x96, 0xB3, 0x96, 0xB3, 0x96, 0xB3,
    0x96, 0xB3, 0x96, 0xB3, 0x96, 0xB3, 0x96, 0xB3, 0x96, 0xB3, 0x96, 0xB3, 0x96, 0xB3, 0x96, 0xB3,
    0x96, 0xB3, 0x96, 0xB3, 0x96, 0xB3, 0x96, 0xB3, 0x96, 0xB3, 0x96, 0xB3, 0x96, 0xB3, 0x96, 0xB3,
    0x96, 0xB3, 0x96, 0xB3, 0x96, 0xB3, 0x96, 0xB3, 0x96, 0xB3, 0x96, 0xB3, 0x96, 0xB3, 0x96, 0xB3,
    0x96, 0xB3, 0x96, 0xB3, 0x96, 0xB3, 0x96, 0xB3, 0x96, 0xB3, 0x96, 0xB3, 0x96, 0xB3, 0x96, 0xB3,
    0x96, 0xB3, 0x96, 0xB3, 0x96, 0xB3, 0x96, 0xB3, 0x96, 0xB3, 0x96, 0xB3, 0x96, 0xB3, 0x96, 0xB3,
    0x96, 0xB3, 0x96, 0xB3, 0x96, 0xB3, 0x96, 0xB3, 0x56, 0xB3, 0xB6, 0xAB, 0x7E, 0xBE, 0xFE, 0xA6,
    0xFE, 0xB6, 0xBE, 0xA6, 0x5D, 0x86, 0x3C, 0x7E, 0x1C, 0x76, 0xDB, 0x6D, 0xBB, 0x6D, 0x9B, 0x6D,
    0xBB, 0x6D, 0xFC, 0x75, 0x3D, 0x76, 0xFD, 0x5D, 0xFD, 0x5D, 0xFD, 0x5D, 0xFD, 0x65, 0xFD, 0x5D,
    0xFD, 0x5D, 0xFD, 0x5D, 0xDC, 0x5D, 0xDC, 0x5D, 0xDC, 0x5D, 0xDC, 0x5D, 0xDC, 0x55, 0xDC, 0x55,
    0xBC, 0x55, 0xDC, 0x5D, 0xDC, 0x55, 0xBC, 0x55, 0xBC, 0x55, 0xBC, 0x55, 0xBC, 0x55, 0x9C, 0x55,
    0x9C, 0x55, 0x9C, 0x55, 0xBC, 0x55, 0xBC, 0x55, 0xBC, 0x55, 0xBC, 0x55, 0xBC, 0x55, 0xBC, 0x55,
    0xBC, 0x55, 0xBC, 0x55, 0xBC, 0x55, 0xBC, 0x55, 0xBC, 0x55, 0xFD, 0x55, 0x3B, 0x4D, 0x36, 0x3C,
    0x36, 0x3C, 0x5A, 0x4D, 0x1D, 0x5E, 0xDC, 0x5D, 0xDD, 0x65, 0xFD, 0x65, 0xFD, 0x65, 0xFD, 0x6D,
    0x5A, 0x5D, 0x1C, 0x6E, 0x1C, 0x76, 0x1C, 0x76, 0x3C, 0x7E, 0x3D, 0x86, 0x5D, 0x86, 0x5D, 0x86,
    0x7D, 0x96, 0x9D, 0x96, 0xBD, 0xA6, 0xDE, 0xB6, 0x1E, 0xC7, 0x1E, 0xC7, 0x1E, 0xBF, 0x3E, 0xC7,
    0x5E, 0xCF, 0x5E, 0xD7, 0x5F, 0xD7, 0x5E, 0xCF, 0x7F, 0xD7, 0x5F, 0xDF, 0xB8, 0xBC, 0x35, 0xAB,
    0x96, 0xB3, 0x96, 0xB3, 0x96, 0xB3, 0x96, 0xB3, 0x96, 0xB3, 0x96, 0xB3, 0x96, 0xB3, 0x96, 0xB3,
    0x96, 0xB3, 0x96, 0xB3, 0x96, 0xB3, 0x96, 0xB3, 0x96, 0xB3, 0x96, 0xB3, 0x96, 0xB3, 0x96, 0xB3,
    0x96, 0xB3, 0x96, 0xB3, 0x96, 0xB3, 0x96, 0xB3, 0x96, 0xB3, 0x96, 0xB3, 0x96, 0xB3, 0x96, 0xB3,
    0x96, 0xB3, 0x96, 0xB3, 0x96, 0xB3, 0x96, 0xB3, 0x96, 0xB3, 0x96, 0xB3, 0x96, 0xB3, 0x96, 0xB3,
    0x96, 0xB3, 0x96, 0xB3, 0x96, 0xB3, 0x96, 0xB3, 0x96, 0xB3, 0x96, 0xB3, 0x96, 0xB3, 0x96, 0xB3,
    0x96, 0xB3, 0x96, 0xB3, 0x96, 0xB3, 0x96, 0xB3, 0x96, 0xB3, 0x96, 0xB3, 0x96, 0xB3, 0x96, 0xB3,
    0x96, 0xB3, 0x96, 0xB3, 0x96, 0xB3, 0x96, 0xB3, 0x96, 0xB3, 0x96, 0xB3, 0x96, 0xB3, 0x96, 0xB3,
    0x96, 0xB3, 0x96, 0xB3, 0xB6, 0xB3, 0x96, 0xB3, 0x17, 0xB4, 0x3D, 0x6D, 0xFC, 0x64, 0x1C, 0x6D,
    0xFC, 0x5C, 0xFC, 0x5C, 0xFC, 0x64, 0xDC, 0x5C, 0xBB, 0x54, 0xDD, 0x95, 0xBF, 0xEF, 0xFF, 0xFF,
    0xFF, 0xFF, 0xFF, 0xFF, 0xFF, 0xFF, 0xFF, 0xFF, 0xFF, 0xFF, 0xFF, 0xFF, 0xFF, 0xFF, 0xFF, 0xFF,
    0xFF, 0xFF, 0xFF, 0xFF, 0xFF, 0xFF, 0xFF, 0xFF, 0xFF, 0xFF, 0xFF, 0xFF, 0xFF, 0xFF, 0xFF, 0xFF,
    0xFF, 0xFF, 0xFF, 0xFF, 0xFF, 0xFF, 0xFF, 0xFF, 0xFF, 0xFF, 0xFF, 0xFF, 0xFF, 0xFF, 0xFF, 0xFF,
    0xFF, 0xFF, 0xFF, 0xFF, 0xFF, 0xFF, 0xFF, 0xFF, 0xFF, 0xFF, 0xFF, 0xFF, 0xFF, 0xFF, 0xFF, 0xFF,
    0x5F, 0xE7, 0x1D, 0x9E, 0x9D, 0xB6, 0xFF, 0xFF, 0xFF, 0xFF, 0xFF, 0xFF, 0xFF, 0xFF, 0xFF, 0xFF,
    0xFF, 0xFF, 0xFF, 0xFF, 0xFF, 0xFF, 0xFF, 0xFF, 0xFF, 0xFF, 0xFF, 0xFF, 0xFF, 0xFF, 0xFF, 0xFF,
    0xFF, 0xFF, 0xFF, 0xFF, 0xFF, 0xFF, 0xFF, 0xFF, 0xFF, 0xFF, 0xFF, 0xFF, 0xFF, 0xFF, 0xFF, 0xFF,
    0xFF, 0xFF, 0xFF, 0xFF, 0xFF, 0xFF, 0xFF, 0xFF, 0xFF, 0xFF, 0xFF, 0xFF, 0xFF, 0xFF, 0xFF, 0xFF,
    0xFF, 0xFF, 0xFF, 0xFF, 0xFF, 0xFF, 0xFF, 0xFF, 0xFF, 0xFF, 0xFF, 0xFF, 0xFF, 0xFF, 0xFF, 0xFF,
    0xFF, 0xFF, 0xFF, 0xFF, 0xFF, 0xFF, 0xFF, 0xFF, 0xFF, 0xFF, 0xFF, 0xFF, 0xFF, 0xFF, 0xFF, 0xFF,
    0xFF, 0xFF, 0xFF, 0xFF, 0xFF, 0xFF, 0xFF, 0xFF, 0xFF, 0xFF, 0xFF, 0xFF, 0xFF, 0xFF, 0xFF, 0xFF,
    0xFF, 0xFF, 0xFF, 0xFF, 0xFF, 0xFF, 0xFF, 0xFF, 0xFF, 0xFF, 0xFF, 0xFF, 0xFF, 0xFF, 0xFF, 0xFF,
    0xFF, 0xFF, 0xFF, 0xFF, 0xFF, 0xFF, 0xFF, 0xFF, 0xFF, 0xFF, 0xFF, 0xFF, 0xFF, 0xFF, 0xBE, 0xBE,
    0xDC, 0x64, 0xBC, 0x54, 0xFC, 0x64, 0xDC, 0x5C, 0xFB, 0x64, 0x3D, 0x65, 0xFC, 0x6C, 0x17, 0xAC,
    0x96, 0xB3, 0x96, 0xB3, 0x96, 0xB3, 0x96, 0xB3, 0x96, 0xB3, 0x96, 0xB3, 0x96, 0xB3, 0x96, 0xB3,
    0x96, 0xB3, 0x96, 0xB3, 0x96, 0xB3, 0x96, 0xB3, 0x96, 0xB3, 0x96, 0xB3, 0x96, 0xB3, 0x96, 0xB3,
    0x96, 0xB3, 0x96, 0xB3, 0x96, 0xB3, 0x96, 0xB3, 0x96, 0xB3, 0x96, 0xB3, 0x96, 0xB3, 0x96, 0xB3,
    0x96, 0xB3, 0x96, 0xB3, 0x96, 0xB3, 0x96, 0xB3, 0x96, 0xB3, 0x96, 0xB3, 0x96, 0xB3, 0x96, 0xB3,
    0x96, 0xB3, 0x96, 0xB3, 0x96, 0xB3, 0x96, 0xB3, 0x96, 0xB3, 0x96, 0xB3, 0x96, 0xB3, 0x96, 0xB3,
    0x96, 0xB3, 0x96, 0xB3, 0x96, 0xB3, 0x96, 0xB3, 0x96, 0xB3, 0x96, 0xB3, 0x96, 0xB3, 0x96, 0xB3,
    0x96, 0xB3, 0x96, 0xB3, 0x96, 0xB3, 0x96, 0xB3, 0x96, 0xB3, 0x76, 0xB3, 0x76, 0xAB, 0xFD, 0xBD,
    0x7F, 0xC7, 0xFE, 0xAE, 0x7D, 0x96, 0x5D, 0x86, 0x1C, 0x76, 0xFC, 0x75, 0xFC, 0x6D, 0xFC, 0x6D,
    0xFC, 0x6D, 0xFD, 0x65, 0xFD, 0x65, 0x1D, 0x66, 0xFD, 0x5D, 0xFD, 0x5D, 0xFD, 0x65, 0x1D, 0x66,
    0x1D, 0x66, 0x1D, 0x66, 0xFD, 0x65, 0xFD, 0x5D, 0xFD, 0x5D, 0xFD, 0x5D, 0xFD, 0x5D, 0xFD, 0x5D,
    0xFD, 0x5D, 0xFD, 0x5D, 0xDC, 0x5D, 0xBC, 0x55, 0xBC, 0x55, 0xBC, 0x55, 0xBC, 0x55, 0xBC, 0x55,
    0xBC, 0x55, 0xBC, 0x55, 0x9C, 0x4D, 0x9C, 0x4D, 0xBC, 0x55, 0xBC, 0x55, 0xBC, 0x55, 0xBC, 0x55,
    0xBC, 0x55, 0xBC, 0x55, 0xBC, 0x55, 0xBC, 0x55, 0xBC, 0x55, 0xBC, 0x55, 0xDD, 0x5D, 0x1D, 0x5E,
    0x1D, 0x5E, 0xFD, 0x5D, 0xDC, 0x5D, 0xDC, 0x5D, 0xFD, 0x65, 0xFD, 0x65, 0xFD, 0x65, 0x1D, 0x6E,
    0x9B, 0x65, 0xBB, 0x6D, 0x1D, 0x6E, 0x1C, 0x76, 0x3C, 0x7E, 0x1C, 0x7E, 0x3C, 0x7E, 0x5D, 0x86,
    0x5D, 0x8E, 0x7D, 0x9E, 0xBD, 0xA6, 0xBD, 0xAE, 0xDD, 0xB6, 0x1E, 0xC7, 0x1E, 0xBF, 0x1E, 0xC7,
    0x3E, 0xCF, 0x3E, 0xCF, 0x3E, 0xCF, 0x7F, 0xD7, 0xFE, 0xDE, 0x37, 0xB4, 0x35, 0xAB, 0x96, 0xB3,
    0x96, 0xB3, 0x96, 0xB3, 0x96, 0xB3, 0x96, 0xB3, 0x96, 0xB3, 0x96, 0xB3, 0x96, 0xB3, 0x96, 0xB3,
    0x96, 0xB3, 0x96, 0xB3, 0x96, 0xB3, 0x96, 0xB3, 0x96, 0xB3, 0x96, 0xB3, 0x96, 0xB3, 0x96, 0xB3,
    0x96, 0xB3, 0x96, 0xB3, 0x96, 0xB3, 0x96, 0xB3, 0x96, 0xB3, 0x96, 0xB3, 0x96, 0xB3, 0x96, 0xB3,
    0x96, 0xB3, 0x96, 0xB3, 0x96, 0xB3, 0x96, 0xB3, 0x96, 0xB3, 0x96, 0xB3, 0x96, 0xB3, 0x96, 0xB3,
    0x96, 0xB3, 0x96, 0xB3, 0x96, 0xB3, 0x96, 0xB3, 0x96, 0xB3, 0x96, 0xB3, 0x96, 0xB3, 0x96, 0xB3,
    0x96, 0xB3, 0x96, 0xB3, 0x96, 0xB3, 0x96, 0xB3, 0x96, 0xB3, 0x96, 0xB3, 0x96, 0xB3, 0x96, 0xB3,
    0x96, 0xB3, 0x96, 0xB3, 0x96, 0xB3, 0x96, 0xB3, 0x96, 0xB3, 0x96, 0xB3, 0x96, 0xB3, 0x96, 0xB3,
    0x96, 0xB3, 0x96, 0xB3, 0x96, 0xB3, 0xB6, 0xB3, 0xB7, 0xB3, 0x79, 0xA4, 0x3D, 0x6D, 0x7C, 0x7D,
    0x7B, 0x85, 0xDB, 0x6C, 0x1D, 0x5D, 0xDC, 0x64, 0xDC, 0x64, 0x9B, 0x54, 0xFC, 0x64, 0x7D, 0xB6,
    0xBF, 0xF7, 0xFF, 0xFF, 0xFF, 0xFF, 0xFF, 0xFF, 0xFF, 0xFF, 0xFF, 0xFF, 0xFF, 0xFF, 0xFF, 0xFF,
    0xFF, 0xFF, 0xFF, 0xFF, 0xFF, 0xFF, 0xFF, 0xFF, 0xFF, 0xFF, 0xFF, 0xFF, 0xFF, 0xFF, 0xFF, 0xFF,
    0xFF, 0xFF, 0xFF, 0xFF, 0xFF, 0xFF, 0xFF, 0xFF, 0xFF, 0xFF, 0xFF, 0xFF, 0xFF, 0xFF, 0xFF, 0xFF,
    0xFF, 0xFF, 0xFF, 0xFF, 0xFF, 0xFF, 0xFF, 0xFF, 0xDF, 0xF7, 0x3E, 0xDF, 0x5D, 0xAE, 0xDD, 0x8D,
    0x1C, 0x6D, 0xBB, 0x54, 0xDC, 0x5C, 0xDD, 0x8D, 0x5E, 0xDF, 0xFF, 0xFF, 0xFF, 0xFF, 0xFF, 0xFF,
    0xFF, 0xFF, 0xFF, 0xFF, 0xFF, 0xFF, 0xFF, 0xFF, 0xFF, 0xFF, 0xFF, 0xFF, 0xFF, 0xFF, 0xFF, 0xFF,
    0xFF, 0xFF, 0xFF, 0xFF, 0xFF, 0xFF, 0xFF, 0xFF, 0xFF, 0xFF, 0xFF, 0xFF, 0xFF, 0xFF, 0xFF, 0xFF,
    0xFF, 0xFF, 0xFF, 0xFF, 0xFF, 0xFF, 0xFF, 0xFF, 0xFF, 0xFF, 0xFF, 0xFF, 0xFF, 0xFF, 0xFF, 0xFF,
    0xFF, 0xFF, 0xFF, 0xFF, 0xFF, 0xFF, 0xFF, 0xFF, 0xFF, 0xFF, 0xFF, 0xFF, 0xFF, 0xFF, 0xFF, 0xFF,
    0xFF, 0xFF, 0xFF, 0xFF, 0xFF, 0xFF, 0xFF, 0xFF, 0xFF, 0xFF, 0xFF, 0xFF, 0xFF, 0xFF, 0xFF, 0xFF,
    0xFF, 0xFF, 0xFF, 0xFF, 0xFF, 0xFF, 0xFF, 0xFF, 0xFF, 0xFF, 0xFF, 0xFF, 0xFF, 0xFF, 0xFF, 0xFF,
    0xFF, 0xFF, 0xFF, 0xFF, 0xFF, 0xFF, 0xFF, 0xFF, 0xFF, 0xFF, 0xFF, 0xFF, 0xFF, 0xFF, 0xFF, 0xFF,
    0xFF, 0xFF, 0xFF, 0xFF, 0xFF, 0xFF, 0xFF, 0xFF, 0xFF, 0xFF, 0x9F, 0xEF, 0xDD, 0x8D, 0x9C, 0x54,
    0xDC, 0x64, 0xDC, 0x64, 0xDC, 0x5C, 0xFC, 0x64, 0x3D, 0x65, 0xFB, 0x74, 0x17, 0xB4, 0x96, 0xB3,
    0xB6, 0xB3, 0x96, 0xB3, 0x96, 0xB3, 0x96, 0xB3, 0x96, 0xB3, 0x96, 0xB3, 0x96, 0xB3, 0x96, 0xB3,
    0x96, 0xB3, 0x96, 0xB3, 0x96, 0xB3, 0x96, 0xB3, 0x96, 0xB3, 0x96, 0xB3, 0x96, 0xB3, 0x96, 0xB3,
    0x96, 0xB3, 0x96, 0xB3, 0x96, 0xB3, 0x96, 0xB3, 0x96, 0xB3, 0x96, 0xB3, 0x96, 0xB3, 0x96, 0xB3,
    0x96, 0xB3, 0x96, 0xB3, 0x96, 0xB3, 0x96, 0xB3, 0x96, 0xB3, 0x96, 0xB3, 0x96, 0xB3, 0x96, 0xB3,
    0x96, 0xB3, 0x96, 0xB3, 0x96, 0xB3, 0x96, 0xB3, 0x96, 0xB3, 0x96, 0xB3, 0x96, 0xB3, 0x96, 0xB3,
    0x96, 0xB3, 0x96, 0xB3, 0x96, 0xB3, 0x96, 0xB3, 0x96, 0xB3, 0x96, 0xB3, 0x96, 0xB3, 0x96, 0xB3,
    0x96, 0xB3, 0x96, 0xB3, 0x96, 0xB3, 0x96, 0xB3, 0x96, 0xB3, 0x96, 0xB3, 0x96, 0xB3, 0x35, 0xAB,
    0xF9, 0xBC, 0x5F, 0xCF, 0xFE, 0xA6, 0x7D, 0x96, 0x3C, 0x86, 0xFC, 0x75, 0xFC, 0x6D, 0xDC, 0x6D,
    0xDC, 0x6D, 0xDC, 0x65, 0xFC, 0x65, 0x1D, 0x66, 0x1D, 0x66, 0x1D, 0x66, 0x1D, 0x66, 0x1D, 0x66,
    0xFD, 0x65, 0xFD, 0x5D, 0xFD, 0x5D, 0xFD, 0x5D, 0xFD, 0x5D, 0xFD, 0x5D, 0xFD, 0x5D, 0xFD, 0x5D,
    0xBD, 0x55, 0x9D, 0x4D, 0x9C, 0x4D, 0xBC, 0x4D, 0xDD, 0x4D, 0xDD, 0x55, 0xBD, 0x4D, 0xBC, 0x4D,
    0xBC, 0x4D, 0xBC, 0x4D, 0xBC, 0x55, 0x9C, 0x4D, 0x9C, 0x55, 0xBC, 0x55, 0xBC, 0x55, 0xBC, 0x55,
    0xBC, 0x55, 0xBD, 0x55, 0xBC, 0x55, 0xDC, 0x55, 0xDC, 0x5D, 0xDC, 0x5D, 0xDC, 0x5D, 0xDC, 0x5D,
    0xDC, 0x5D, 0xDC, 0x65, 0xFD, 0x65, 0xFD, 0x65, 0xFD, 0x65, 0xFD, 0x65, 0xFD, 0x65, 0xFD, 0x65,
    0xFC, 0x6D, 0x7A, 0x5D, 0xFC, 0x6D, 0xFC, 0x6D, 0xFC, 0x75, 0x1C, 0x76, 0x1C, 0x7E, 0x3C, 0x86,
    0x5C, 0x8E, 0x7D, 0x9E, 0x9D, 0xA6, 0xBD, 0xAE, 0xFE, 0xBE, 0xFE, 0xBE, 0xFE, 0xB6, 0x1E, 0xBF,
    0x1E, 0xC7, 0x7F, 0xD7, 0x9F, 0xDF, 0xDB, 0xCD, 0x96, 0xB3, 0x56, 0xB3, 0x96, 0xB3, 0x96, 0xB3,
    0x96, 0xB3, 0x96, 0xB3, 0x96, 0xB3, 0x96, 0xB3, 0x96, 0xB3, 0x96, 0xB3, 0x96, 0xB3, 0x96, 0xB3,
    0x96, 0xB3, 0x96, 0xB3, 0x96, 0xB3, 0x96, 0xB3, 0x96, 0xB3, 0x96, 0xB3, 0x96, 0xB3, 0x96, 0xB3,
    0x96, 0xB3, 0x96, 0xB3, 0x96, 0xB3, 0x96, 0xB3, 0x96, 0xB3, 0x96, 0xB3, 0x96, 0xB3, 0x96, 0xB3,
    0x96, 0xB3, 0x96, 0xB3, 0x96, 0xB3, 0x96, 0xB3, 0x96, 0xB3, 0x96, 0xB3, 0x96, 0xB3, 0x96, 0xB3,
    0x96, 0xB3, 0x96, 0xB3, 0x96, 0xB3, 0x96, 0xB3, 0x96, 0xB3, 0x96, 0xB3, 0x96, 0xB3, 0x96, 0xB3,
    0x96, 0xB3, 0x96, 0xB3, 0x96, 0xB3, 0x96, 0xB3, 0x96, 0xB3, 0x96, 0xB3, 0x96, 0xB3, 0x96, 0xB3,
    0x96, 0xB3, 0x96, 0xB3, 0x96, 0xB3, 0x96, 0xB3, 0x96, 0xB3, 0x96, 0xB3, 0x96, 0xB3, 0x96, 0xB3,
    0x96, 0xB3, 0x96, 0xB3, 0x96, 0xB3, 0x96, 0xB3, 0x96, 0xB3, 0x96, 0xB3, 0x38, 0xAC, 0xFC, 0x74,
    0x3D, 0x75, 0xDA, 0x8C, 0xFA, 0x8C, 0xFC, 0x64, 0x1D, 0x5D, 0xFC, 0x64, 0xDC, 0x5C, 0x9C, 0x54,
    0x1C, 0x6D, 0x7D, 0xAE, 0x9F, 0xEF, 0xFF, 0xFF, 0xFF, 0xFF, 0xFF, 0xFF, 0xFF, 0xFF, 0xFF, 0xFF,
    0xFF, 0xFF, 0xFF, 0xFF, 0xFF, 0xFF, 0xFF, 0xFF, 0xFF, 0xFF, 0xFF, 0xFF, 0xFF, 0xFF, 0xFF, 0xFF,
    0xFF, 0xFF, 0xFF, 0xFF, 0xFF, 0xFF, 0xFF, 0xFF, 0xFF, 0xFF, 0xFF, 0xFF, 0xFF, 0xFF, 0xFF, 0xFF,
    0xFF, 0xFF, 0xFF, 0xFF, 0xDF, 0xF7, 0x9D, 0xB6, 0x1C, 0x6D, 0xBC, 0x54, 0xBC, 0x54, 0x3C, 0x6D,
    0xFC, 0x64, 0xDC, 0x5C, 0xFC, 0x64, 0xDC, 0x5C, 0x1C, 0x6D, 0xDC, 0x95, 0x7E, 0xE7, 0xFF, 0xFF,
    0xFF, 0xFF, 0xFF, 0xFF, 0xFF, 0xFF, 0xFF, 0xFF, 0xFF, 0xFF, 0xFF, 0xFF, 0xFF, 0xFF, 0xFF, 0xFF,
    0xFF, 0xFF, 0xFF, 0xFF, 0xFF, 0xFF, 0xFF, 0xFF, 0xFF, 0xFF, 0xFF, 0xFF, 0xFF, 0xFF, 0xFF, 0xFF,
    0xFF, 0xFF, 0xFF, 0xFF, 0xFF, 0xFF, 0xFF, 0xFF, 0xFF, 0xFF, 0xFF, 0xFF, 0xFF, 0xFF, 0xFF, 0xFF,
    0xFF, 0xFF, 0xFF, 0xFF, 0xFF, 0xFF, 0xFF, 0xFF, 0xFF, 0xFF, 0xFF, 0xFF, 0xFF, 0xFF, 0xFF, 0xFF,
    0xFF, 0xFF, 0xFF, 0xFF, 0xFF, 0xFF, 0xFF, 0xFF, 0xFF, 0xFF, 0xFF, 0xFF, 0xFF, 0xFF, 0xFF, 0xFF,
    0xFF, 0xFF, 0xFF, 0xFF, 0xFF, 0xFF, 0xFF, 0xFF, 0xFF, 0xFF, 0xFF, 0xFF, 0xFF, 0xFF, 0xFF, 0xFF,
    0xFF, 0xFF, 0xFF, 0xFF, 0xFF, 0xFF, 0xFF, 0xFF, 0xFF, 0xFF, 0xFF, 0xFF, 0xFF, 0xFF, 0xFF, 0xFF,
    0xFF, 0xFF, 0xFF, 0xFF, 0xFF, 0xFF, 0xFF, 0xFF, 0xBD, 0xBE, 0xFB, 0x64, 0xBC, 0x54, 0xFC, 0x64,
    0xDC, 0x5C, 0xFC, 0x64, 0xFC, 0x64, 0x3E, 0x65, 0xFB, 0x84, 0xD7, 0xB3, 0x96, 0xB3, 0xB7, 0xB3,
    0x96, 0xB3, 0x96, 0xB3, 0x96, 0xB3, 0x96, 0xB3, 0x96, 0xB3, 0x96, 0xB3, 0x96, 0xB3, 0x96, 0xB3,
    0x96, 0xB3, 0x96, 0xB3, 0x96, 0xB3, 0x96, 0xB3, 0x96, 0xB3, 0x96, 0xB3, 0x96, 0xB3, 0x96, 0xB3,
    0x96, 0xB3, 0x96, 0xB3, 0x96, 0xB3, 0x96, 0xB3, 0x96, 0xB3, 0x96, 0xB3, 0x96, 0xB3, 0x96, 0xB3,
    0x96, 0xB3, 0x96, 0xB3, 0x96, 0xB3, 0x96, 0xB3, 0x96, 0xB3, 0x96, 0xB3, 0x96, 0xB3, 0x96, 0xB3,
    0x96, 0xB3, 0x96, 0xB3, 0x96, 0xB3, 0x96, 0xB3, 0x96, 0xB3, 0x96, 0xB3, 0x96, 0xB3, 0x96, 0xB3,
    0x96, 0xB3, 0x96, 0xB3, 0x96, 0xB3, 0x96, 0xB3, 0x96, 0xB3, 0x96, 0xB3, 0x96, 0xB3, 0x96, 0xB3,
    0x96, 0xB3, 0x96, 0xB3, 0x96, 0xB3, 0x96, 0xB3, 0x96, 0xB3, 0x96, 0xB3, 0xB6, 0xB3, 0x96, 0xB3,
    0x35, 0xAB, 0xF7, 0xAB, 0x7E, 0xBE, 0x3F, 0xB7, 0xFE, 0xAE, 0x5C, 0x8E, 0xDC, 0x6D, 0xDC, 0x6D,
    0xFC, 0x6D, 0xFC, 0x6D, 0xFC, 0x6D, 0xFC, 0x6D, 0x1D, 0x6E, 0x1D, 0x6E, 0x1D, 0x66, 0x1D, 0x66,
    0x1D, 0x66, 0x1D, 0x66, 0x1D, 0x66, 0x1D, 0x66, 0x1D, 0x66, 0xFD, 0x65, 0xFD, 0x5D, 0x7B, 0x44,
    0x9A, 0x64, 0xBB, 0x6C, 0xBB, 0x64, 0x9B, 0x5C, 0xBB, 0x54, 0xDA, 0x44, 0x9C, 0x4D, 0xDD, 0x55,
    0xBC, 0x55, 0xBC, 0x55, 0xBC, 0x55, 0xBC, 0x55, 0xBC, 0x55, 0xBC, 0x55, 0xBC, 0x55, 0xBC, 0x55,
    0xDC, 0x55, 0xDC, 0x5D, 0xDC, 0x5D, 0xDC, 0x5D, 0xDC, 0x5D, 0xDC, 0x5D, 0xFC, 0x5D, 0xDC, 0x5D,
    0xDC, 0x5D, 0xFD, 0x65, 0xFD, 0x65, 0x1D, 0x6E, 0x1D, 0x6E, 0x1D, 0x6E, 0x1D, 0x6E, 0xFC, 0x65,
    0xFD, 0x65, 0x9B, 0x65, 0x7A, 0x65, 0x1C, 0x76, 0xFC, 0x6D, 0xFC, 0x75, 0x1C, 0x7E, 0x3C, 0x86,
    0x3C, 0x8E, 0x5C, 0x96, 0x7C, 0xA6, 0xBD, 0xB6, 0xBD, 0xB6, 0xBD, 0xAE, 0xFE, 0xBE, 0x5E, 0xCF,
    0x9F, 0xDF, 0xBE, 0xDE, 0x98, 0xBC, 0x35, 0xAB, 0x96, 0xB3, 0x96, 0xB3, 0x96, 0xB3, 0x96, 0xB3,
    0x96, 0xB3, 0x96, 0xB3, 0x96, 0xB3, 0x96, 0xB3, 0x96, 0xB3, 0x96, 0xB3, 0x96, 0xB3, 0x96, 0xB3,
    0x96, 0xB3, 0x96, 0xB3, 0x96, 0xB3, 0x96, 0xB3, 0x96, 0xB3, 0x96, 0xB3, 0x96, 0xB3, 0x96, 0xB3,
    0x96, 0xB3, 0x96, 0xB3, 0x96, 0xB3, 0x96, 0xB3, 0x96, 0xB3, 0x96, 0xB3, 0x96, 0xB3, 0x96, 0xB3,
    0x96, 0xB3, 0x96, 0xB3, 0x96, 0xB3, 0x96, 0xB3, 0x96, 0xB3, 0x96, 0xB3, 0x96, 0xB3, 0x96, 0xB3,
    0x96, 0xB3, 0x96, 0xB3, 0x96, 0xB3, 0x96, 0xB3, 0x96, 0xB3, 0x96, 0xB3, 0x96, 0xB3, 0x96, 0xB3,
    0x96, 0xB3, 0x96, 0xB3, 0x96, 0xB3, 0x96, 0xB3, 0x96, 0xB3, 0x96, 0xB3, 0x96, 0xB3, 0x96, 0xB3,
    0x96, 0xB3, 0x96, 0xB3, 0x96, 0xB3, 0x96, 0xB3, 0x96, 0xB3, 0x96, 0xB3, 0x96, 0xB3, 0x96, 0xB3,
    0x96, 0xB3, 0x96, 0xB3, 0x96, 0xB3, 0x96, 0xB3, 0x96, 0xB3, 0x96, 0xB3, 0x96, 0xB3, 0xD7, 0xBB,
    0xFA, 0x94, 0x5E, 0x6D, 0xFB, 0x74, 0xDA, 0x94, 0xDA, 0x8C, 0xFC, 0x64, 0xDC, 0x5C, 0xFC, 0x64,
    0xDC, 0x5C, 0x9C, 0x54, 0xDC, 0x64, 0xBD, 0x8D, 0xDE, 0xC6, 0xBF, 0xEF, 0xFF, 0xFF, 0xFF, 0xFF,
    0xFF, 0xFF, 0xFF, 0xFF, 0xFF, 0xFF, 0xFF, 0xFF, 0xFF, 0xFF, 0xFF, 0xFF, 0xFF, 0xFF, 0xFF, 0xFF,
    0xFF, 0xFF, 0xFF, 0xFF, 0xFF, 0xFF, 0xFF, 0xFF, 0xFF, 0xFF, 0xFF, 0xFF, 0xFF, 0xFF, 0xDF, 0xF7,
    0x1E, 0xCF, 0xFD, 0x95, 0x1C, 0x6D, 0xBB, 0x54, 0xDB, 0x5C, 0xDB, 0x5C, 0xFC, 0x64, 0x5C, 0x75,
    0x3C, 0x6D, 0x7B, 0x75, 0xFB, 0x64, 0xFC, 0x64, 0x5D, 0x75, 0x1C, 0x65, 0xDC, 0x5C, 0x1D, 0x9E,
    0x9F, 0xEF, 0xFF, 0xFF, 0xFF, 0xFF, 0xFF, 0xFF, 0xFF, 0xFF, 0xFF, 0xFF, 0xFF, 0xFF, 0xFF, 0xFF,
    0xFF, 0xFF, 0xFF, 0xFF, 0xFF, 0xFF, 0xFF, 0xFF, 0xFF, 0xFF, 0xFF, 0xFF, 0xFF, 0xFF, 0xFF, 0xFF,
    0xFF, 0xFF, 0xFF, 0xFF, 0xFF, 0xFF, 0xFF, 0xFF, 0xFF, 0xFF, 0xFF, 0xFF, 0xFF, 0xFF, 0xFF, 0xFF,
    0xFF, 0xFF, 0xFF, 0xFF, 0xFF, 0xFF, 0xFF, 0xFF, 0xFF, 0xFF, 0xFF, 0xFF, 0xFF, 0xFF, 0xFF, 0xFF,
    0xFF, 0xFF, 0xFF, 0xFF, 0xFF, 0xFF, 0xFF, 0xFF, 0xFF, 0xFF, 0xFF, 0xFF, 0xFF, 0xFF, 0xFF, 0xFF,
    0xFF, 0xFF, 0xFF, 0xFF, 0xFF, 0xFF, 0xFF, 0xFF, 0xFF, 0xFF, 0xFF, 0xFF, 0xFF, 0xFF, 0xFF, 0xFF,
    0xFF, 0xFF, 0xFF, 0xFF, 0xFF, 0xFF, 0xFF, 0xFF, 0xFF, 0xFF, 0xFF, 0xFF, 0xFF, 0xFF, 0xFF, 0xFF,
    0xFF, 0xFF, 0xFF, 0xFF, 0x3E, 0xDF, 0x7C, 0x7D, 0xBB, 0x5C, 0xDC, 0x5C, 0xFC, 0x64, 0xFC, 0x64,
    0xFC, 0x6C, 0x1C, 0x65, 0x3D, 0x65, 0xB9, 0x94, 0xB6, 0xB3, 0x96, 0xB3, 0xB6, 0xB3, 0x96, 0xB3,
    0x96, 0xB3, 0x96, 0xB3, 0x96, 0xB3, 0x96, 0xB3, 0x96, 0xB3, 0x96, 0xB3, 0x96, 0xB3, 0x96, 0xB3,
    0x96, 0xB3, 0x96, 0xB3, 0x96, 0xB3, 0x96, 0xB3, 0x96, 0xB3, 0x96, 0xB3, 0x96, 0xB3, 0x96, 0xB3,
    0x96, 0xB3, 0x96, 0xB3, 0x96, 0xB3, 0x96, 0xB3, 0x96, 0xB3, 0x96, 0xB3, 0x96, 0xB3, 0x96, 0xB3,
    0x96, 0xB3, 0x96, 0xB3, 0x96, 0xB3, 0x96, 0xB3, 0x96, 0xB3, 0x96, 0xB3, 0x96, 0xB3, 0x96, 0xB3,
    0x96, 0xB3, 0x96, 0xB3, 0x96, 0xB3, 0x96, 0xB3, 0x96, 0xB3, 0x96, 0xB3, 0x96, 0xB3, 0x96, 0xB3,
    0x96, 0xB3, 0x96, 0xB3, 0x96, 0xB3, 0x96, 0xB3, 0x96, 0xB3, 0x96, 0xB3, 0x96, 0xB3, 0x96, 0xB3,
    0x96, 0xB3, 0x96, 0xB3, 0x96, 0xB3, 0x96, 0xB3, 0x96, 0xB3, 0x96, 0xB3, 0x96, 0xB3, 0x96, 0xB3,
    0x96, 0xB3, 0x76, 0xB3, 0x76, 0xB3, 0x19, 0xBD, 0xFE, 0xC6, 0x3E, 0xAF, 0x9D, 0x96, 0xFC, 0x6D,
    0xBC, 0x65, 0xBC, 0x65, 0xDC, 0x65, 0xDC, 0x6D, 0xFC, 0x6D, 0x3D, 0x76, 0x3D, 0x76, 0x3D, 0x76,
    0x3D, 0x76, 0x1D, 0x76, 0x1D, 0x6E, 0xFD, 0x6D, 0xFD, 0x65, 0xFD, 0x65, 0xFD, 0x5D, 0x5C, 0x4D,
    0xDB, 0x75, 0x7C, 0xA6, 0xBD, 0xAE, 0xBD, 0xB6, 0x5C, 0xA6, 0x59, 0x3C, 0x3B, 0x3D, 0xDD, 0x55,
    0xBC, 0x55, 0xBC, 0x55, 0xBC, 0x55, 0xBC, 0x55, 0xDC, 0x55, 0xDC, 0x5D, 0xBC, 0x5D, 0xBC, 0x5D,
    0xDC, 0x5D, 0xDC, 0x5D, 0xDC, 0x5D, 0xDC, 0x5D, 0xDC, 0x5D, 0xDC, 0x5D, 0xDC, 0x5D, 0xFC, 0x5D,
    0xFD, 0x65, 0xFC, 0x65, 0xFC, 0x65, 0xFC, 0x65, 0xFD, 0x65, 0xFD, 0x6D, 0x1D, 0x6E, 0x1C, 0x6E,
    0xFC, 0x65, 0xDC, 0x65, 0x5A, 0x5D, 0xBB, 0x6D, 0x3C, 0x7E, 0x3C, 0x7E, 0x1C, 0x7E, 0xFB, 0x7D,
    0x1C, 0x86, 0x3C, 0x96, 0x7C, 0xA6, 0x9D, 0xA6, 0xDD, 0xAE, 0x3F, 0xC7, 0x3F, 0xDF, 0x3C, 0xD6,
    0x98, 0xBC, 0x55, 0xAB, 0x56, 0xB3, 0x96, 0xB3, 0xB6, 0xB3, 0x96, 0xB3, 0x96, 0xB3, 0x96, 0xB3,
    0x96, 0xB3, 0x96, 0xB3, 0x96, 0xB3, 0x96, 0xB3, 0x96, 0xB3, 0x96, 0xB3, 0x96, 0xB3, 0x96, 0xB3,
    0x96, 0xB3, 0x96, 0xB3, 0x96, 0xB3, 0x96, 0xB3, 0x96, 0xB3, 0x96, 0xB3, 0x96, 0xB3, 0x96, 0xB3,
    0x96, 0xB3, 0x96, 0xB3, 0x96, 0xB3, 0x96, 0xB3, 0x96, 0xB3, 0x96, 0xB3, 0x96, 0xB3, 0x96, 0xB3,
    0x96, 0xB3, 0x96, 0xB3, 0x96, 0xB3, 0x96, 0xB3, 0x96, 0xB3, 0x96, 0xB3, 0x96, 0xB3, 0x96, 0xB3,
    0x96, 0xB3, 0x96, 0xB3, 0x96, 0xB3, 0x96, 0xB3, 0x96, 0xB3, 0x96, 0xB3, 0x96, 0xB3, 0x96, 0xB3,
    0x96, 0xB3, 0x96, 0xB3, 0x96, 0xB3, 0x96, 0xB3, 0x96, 0xB3, 0x96, 0xB3, 0x96, 0xB3, 0x96, 0xB3,
    0xB6, 0xB3, 0xB6, 0xB3, 0xB6, 0xB3, 0xB6, 0xB3, 0xB6, 0xB3, 0xB6, 0xB3, 0xB6, 0xB3, 0xB6, 0xB3,
    0xB6, 0xB3, 0xB6, 0xB3, 0xB6, 0xB3, 0xB6, 0xB3, 0xB6, 0xB3, 0xB6, 0xB3, 0xB6, 0xB3, 0xB6, 0xB3,
    0xB6, 0xB3, 0x58, 0xB4, 0x9A, 0x7C, 0xFC, 0x64, 0xFB, 0x74, 0x3A, 0x8D, 0x1C, 0x75, 0xDC, 0x5C,
    0xDC, 0x5C, 0xFC, 0x64, 0xDC, 0x5C, 0xBB, 0x54, 0xBB, 0x54, 0xFC, 0x64, 0x7C, 0x7D, 0xFD, 0x9D,
    0xBE, 0xBE, 0x3E, 0xD7, 0x9F, 0xEF, 0xDF, 0xF7, 0xDF, 0xFF, 0xFF, 0xFF, 0xFF, 0xFF, 0xFF, 0xFF,
    0xDF, 0xFF, 0xDF, 0xF7, 0xBF, 0xEF, 0x5F, 0xDF, 0xFE, 0xC6, 0x5D, 0xAE, 0xBC, 0x8D, 0x1C, 0x6D,
    0xBB, 0x54, 0xBC, 0x54, 0xDC, 0x5C, 0xFC, 0x64, 0x5E, 0x6D, 0x7E, 0x75, 0xFC, 0x64, 0x3C, 0x6D,
    0x3C, 0x75, 0x3C, 0x6D, 0x5C, 0x75, 0x5C, 0x75, 0x5C, 0x75, 0x3C, 0x75, 0xDC, 0x5C, 0x9B, 0x54,
    0xFC, 0x64, 0x5D, 0xA6, 0xBF, 0xF7, 0xFF, 0xFF, 0xFF, 0xFF, 0xFF, 0xFF, 0xFF, 0xFF, 0xFF, 0xFF,
    0xFF, 0xFF, 0xFF, 0xFF, 0xFF, 0xFF, 0xFF, 0xFF, 0xFF, 0xFF, 0xFF, 0xFF, 0xFF, 0xFF, 0xFF, 0xFF,
    0xFF, 0xFF, 0xFF, 0xFF, 0xFF, 0xFF, 0xFF, 0xFF, 0xFF, 0xFF, 0xFF, 0xFF, 0xFF, 0xFF, 0xFF, 0xFF,
    0xFF, 0xFF, 0xFF, 0xFF, 0xFF, 0xFF, 0xFF, 0xFF, 0xFF, 0xFF, 0xFF, 0xFF, 0xFF, 0xFF, 0xFF, 0xFF,
    0xFF, 0xFF, 0xFF, 0xFF, 0xFF, 0xFF, 0xFF, 0xFF, 0xFF, 0xFF, 0xFF, 0xFF, 0xFF, 0xFF, 0xFF, 0xFF,
    0xFF, 0xFF, 0xFF, 0xFF, 0xFF, 0xFF, 0xFF, 0xFF, 0xFF, 0xFF, 0xFF, 0xFF, 0xFF, 0xFF, 0xFF, 0xFF,
    0xFF, 0xFF, 0xFF, 0xFF, 0xFF, 0xFF, 0xFF, 0xFF, 0xFF, 0xFF, 0xFF, 0xFF, 0xFF, 0xFF, 0xFF, 0xFF,
    0x9F, 0xEF, 0x1D, 0x9E, 0xBC, 0x5C, 0xBC, 0x5C, 0xFC, 0x64, 0xFC, 0x64, 0xFC, 0x64, 0x3C, 0x6D,
    0x3D, 0x65, 0x1C, 0x6D, 0x58, 0xA4, 0xB6, 0xB3, 0xB6, 0xB3, 0xB6, 0xB3, 0xB6, 0xB3, 0xB6, 0xB3,
    0xB6, 0xB3, 0xB6, 0xB3, 0xB6, 0xB3, 0xB6, 0xB3, 0xB6, 0xB3, 0xB6, 0xB3, 0xB6, 0xB3, 0xB6, 0xB3,
    0xB6, 0xB3, 0xB6, 0xB3, 0xB6, 0xB3, 0xB6, 0xB3, 0xB6, 0xB3, 0xB6, 0xB3, 0xB6, 0xB3, 0xB6, 0xB3,
    0xB6, 0xB3, 0xB6, 0xB3, 0xB6, 0xB3, 0xB6, 0xB3, 0xB6, 0xB3, 0xB6, 0xB3, 0xB6, 0xB3, 0xB6, 0xB3,
    0xB6, 0xB3, 0xB6, 0xB3, 0xB6, 0xB3, 0xB6, 0xB3, 0xB6, 0xB3, 0xB6, 0xB3, 0xB6, 0xB3, 0xB6, 0xB3,
    0xB6, 0xB3, 0xB6, 0xB3, 0xB6, 0xB3, 0xB6, 0xB3, 0xB6, 0xB3, 0xB6, 0xB3, 0xB6, 0xB3, 0xB6, 0xB3,
    0xB6, 0xB3, 0xB6, 0xB3, 0xB6, 0xB3, 0xB6, 0xB3, 0xB6, 0xB3, 0xB6, 0xB3, 0xB6, 0xB3, 0xB6, 0xB3,
    0xB6, 0xB3, 0xB6, 0xB3, 0xB6, 0xB3, 0xB6, 0xB3, 0xB6, 0xB3, 0xB6, 0xB3, 0xB6, 0xB3, 0xB6, 0xB3,
    0x96, 0xB3, 0xB6, 0xB3, 0xB6, 0xB3, 0x55, 0xAB, 0xB6, 0xB3, 0x39, 0xAD, 0x9E, 0xB6, 0xDF, 0x9E,
    0x5D, 0x7E, 0xDC, 0x6D, 0xDC, 0x6D, 0xBB, 0x65, 0x9B, 0x5D, 0xBC, 0x65, 0x5D, 0x86, 0x5D, 0x7E,
    0xFC, 0x6D, 0xFD, 0x6D, 0xFD, 0x6D, 0xFD, 0x6D, 0x1D, 0x6E, 0xFD, 0x65, 0xFD, 0x65, 0x1D, 0x5E,
    0xDD, 0x4D, 0xBD, 0x45, 0xBD, 0x45, 0xBD, 0x4D, 0xBD, 0x4D, 0x1D, 0x56, 0xDD, 0x55, 0xDD, 0x55,
    0xDD, 0x55, 0xDD, 0x5D, 0xBC, 0x5D, 0xDC, 0x5D, 0xDC, 0x5D, 0xDC, 0x5D, 0xDC, 0x5D, 0xDC, 0x5D,
    0xDC, 0x5D, 0xDC, 0x5D, 0xDC, 0x5D, 0xDC, 0x5D, 0xDC, 0x5D, 0xDC, 0x5D, 0xDC, 0x5D, 0xDC, 0x65,
    0xFC, 0x65, 0xFC, 0x65, 0xFD, 0x65, 0xFD, 0x65, 0xFD, 0x65, 0xDC, 0x65, 0xDC, 0x65, 0xDC, 0x6D,
    0xFC, 0x6D, 0xDC, 0x6D, 0xBC, 0x5D, 0x3A, 0x5D, 0x9B, 0x6D, 0xBB, 0x6D, 0xBB, 0x6D, 0xDB, 0x75,
    0x1C, 0x8E, 0x7D, 0x9E, 0xDE, 0xB6, 0xDE, 0xCE, 0x3D, 0xCE, 0x39, 0xC5, 0xF7, 0xB3, 0x56, 0xAB,
    0x76, 0xB3, 0xB6, 0xB3, 0xB6, 0xB3, 0xB6, 0xB3, 0xB6, 0xB3, 0xB6, 0xB3, 0xB6, 0xB3, 0xB6, 0xB3,
    0xB6, 0xB3, 0xB6, 0xB3, 0xB6, 0xB3, 0xB6, 0xB3, 0xB6, 0xB3, 0xB6, 0xB3, 0xB6, 0xB3, 0xB6, 0xB3,
    0xB6, 0xB3, 0xB6, 0xB3, 0xB6, 0xB3, 0xB6, 0xB3, 0xB6, 0xB3, 0xB6, 0xB3, 0xB6, 0xB3, 0xB6, 0xB3,
    0xB6, 0xB3, 0xB6, 0xB3, 0xB6, 0xB3, 0xB6, 0xB3, 0xB6, 0xB3, 0xB6, 0xB3, 0xB6, 0xB3, 0xB6, 0xB3,
    0xB6, 0xB3, 0xB6, 0xB3, 0xB6, 0xB3, 0xB6, 0xB3, 0xB6, 0xB3, 0xB6, 0xB3, 0xB6, 0xB3, 0xB6, 0xB3,
    0xB6, 0xB3, 0xB6, 0xB3, 0xB6, 0xB3, 0xB6, 0xB3, 0xB6, 0xB3, 0xB6, 0xB3, 0xB6, 0xB3, 0xB6, 0xB3,
    0xB6, 0xB3, 0xB6, 0xB3, 0xB6, 0xB3, 0xB6, 0xB3, 0xB6, 0xB3, 0xB6, 0xB3, 0xB6, 0xB3, 0xB6, 0xB3,
    0xB6, 0xB3, 0xB6, 0xB3, 0xB6, 0xB3, 0xB6, 0xB3, 0xB6, 0xB3, 0xB6, 0xB3, 0xB6, 0xB3, 0xB6, 0xB3,
    0xB6, 0xB3, 0xB6, 0xB3, 0xB6, 0xB3, 0xB6, 0xB3, 0xB6, 0xB3, 0xB6, 0xB3, 0xB6, 0xB3, 0xB6, 0xB3,
    0xB6, 0xB3, 0xB6, 0xB3, 0xB6, 0xB3, 0x58, 0xAC, 0x1B, 0x7D, 0xFC, 0x64, 0x3D, 0x6D, 0xFD, 0x64,
    0xDC, 0x5C, 0xDC, 0x5C, 0xDC, 0x5C, 0xDC, 0x64, 0xDC, 0x64, 0xDC, 0x5C, 0xBC, 0x54, 0xBB, 0x54,
    0xBB, 0x54, 0xBB, 0x54, 0xDB, 0x64, 0xFC, 0x64, 0x3C, 0x6D, 0x5C, 0x75, 0x5C, 0x75, 0x5C, 0x75,
    0x3C, 0x6D, 0x1C, 0x6D, 0xFC, 0x64, 0xDB, 0x5C, 0x9B, 0x54, 0xBB, 0x54, 0xBB, 0x54, 0xDC, 0x5C,
    0xFC, 0x64, 0x1D, 0x65, 0x3E, 0x65, 0x5C, 0x75, 0x5C, 0x9D, 0x78, 0xB4, 0xB9, 0xAC, 0x5C, 0x75,
    0x1C, 0x6D, 0x3D, 0x75, 0x3C, 0x75, 0x1B, 0x6D, 0x7C, 0x7D, 0x3C, 0x6D, 0xDC, 0x5C, 0xDC, 0x64,
    0xDC, 0x5C, 0x9B, 0x54, 0x1C, 0x6D, 0x7E, 0xAE, 0xBF, 0xF7, 0xFF, 0xFF, 0xFF, 0xFF, 0xFF, 0xFF,
    0xFF, 0xFF, 0xFF, 0xFF, 0xFF, 0xFF, 0xFF, 0xFF, 0xFF, 0xFF, 0xFF, 0xFF, 0xFF, 0xFF, 0xFF, 0xFF,
    0xFF, 0xFF, 0xFF, 0xFF, 0xFF, 0xFF, 0xFF, 0xFF, 0xFF, 0xFF, 0xFF, 0xFF, 0xFF, 0xFF, 0xFF, 0xFF,
    0xFF, 0xFF, 0xFF, 0xFF, 0xFF, 0xFF, 0xFF, 0xFF, 0xFF, 0xFF, 0xFF, 0xFF, 0xFF, 0xFF, 0xFF, 0xFF,
    0xFF, 0xFF, 0xFF, 0xFF, 0xFF, 0xFF, 0xFF, 0xFF, 0xFF, 0xFF, 0xFF, 0xFF, 0xFF, 0xFF, 0xFF, 0xFF,
    0xFF, 0xFF, 0xFF, 0xFF, 0xFF, 0xFF, 0xFF, 0xFF, 0xFF, 0xFF, 0xFF, 0xFF, 0xFF, 0xFF, 0xFF, 0xFF,
    0xFF, 0xFF, 0xFF, 0xFF, 0xFF, 0xFF, 0xFF, 0xFF, 0xFF, 0xFF, 0xFF, 0xFF, 0xDF, 0xF7, 0x5D, 0xAE,
    0x1C, 0x65, 0xBC, 0x54, 0xDC, 0x5C, 0xDC, 0x5C, 0xDC, 0x5C, 0x3C, 0x75, 0x5C, 0x75, 0x5E, 0x6D,
    0xFB, 0x84, 0x38, 0xB4, 0xB6, 0xB3, 0xB7, 0xB3, 0xB6, 0xB3, 0xB6, 0xB3, 0xB6, 0xB3, 0xB6, 0xB3,
    0xB6, 0xB3, 0xB6, 0xB3, 0xB6, 0xB3, 0xB6, 0xB3, 0xB6, 0xB3, 0xB7, 0xB3, 0xB7, 0xB3, 0xB7, 0xB3,
    0xB7, 0xB3, 0xB6, 0xB3, 0xB6, 0xB3, 0xB6, 0xB3, 0xB6, 0xB3, 0xB6, 0xB3, 0xB6, 0xB3, 0xB6, 0xB3,
    0xB6, 0xB3, 0xB6, 0xB3, 0xB6, 0xB3, 0xB6, 0xB3, 0xB6, 0xB3, 0xB6, 0xB3, 0xB6, 0xB3, 0xB6, 0xB3,
    0xB6, 0xB3, 0xB6, 0xB3, 0xB6, 0xB3, 0xB6, 0xB3, 0xB6, 0xB3, 0xB6, 0xB3, 0xB6, 0xB3, 0xB6, 0xB3,
    0xB6, 0xB3, 0xB6, 0xB3, 0xB6, 0xB3, 0xB6, 0xB3, 0xB6, 0xB3, 0xB6, 0xB3, 0xB6, 0xB3, 0xB6, 0xB3,
    0xB6, 0xB3, 0xB6, 0xB3, 0xB6, 0xB3, 0xB6, 0xB3, 0xB6, 0xB3, 0xB6, 0xB3, 0xB6, 0xB3, 0xB6, 0xB3,
    0xB6, 0xB3, 0xB6, 0xB3, 0xB6, 0xB3, 0xB6, 0xB3, 0xB6, 0xB3, 0xB6, 0xB3, 0xB6, 0xB3, 0xB6, 0xB3,
    0xB6, 0xB3, 0xB6, 0xB3, 0xB7, 0xB3, 0xB6, 0xB3, 0xB6, 0xB3, 0x56, 0xB3, 0xB6, 0xAB, 0x98, 0xAC,
    0xDC, 0xAD, 0x5E, 0x96, 0x3D, 0x7E, 0xDC, 0x65, 0xBB, 0x5D, 0x7B, 0x55, 0x7B, 0x55, 0xFC, 0x6D,
    0x7D, 0x96, 0x7D, 0x86, 0x5D, 0x7E, 0x5D, 0x7E, 0x3D, 0x7E, 0x1D, 0x76, 0xFD, 0x6D, 0xDC, 0x65,
    0xDC, 0x5D, 0xDD, 0x5D, 0xDD, 0x5D, 0xDD, 0x55, 0xDD, 0x55, 0xBC, 0x55, 0xBC, 0x55, 0xBC, 0x55,
    0xBC, 0x55, 0xBC, 0x55, 0x9C, 0x55, 0x9C, 0x55, 0xBC, 0x55, 0xBC, 0x55, 0x9C, 0x55, 0x9C, 0x55,
    0x9C, 0x55, 0x9C, 0x55, 0x9C, 0x55, 0x9C, 0x55, 0xBC, 0x5D, 0xBC, 0x5D, 0xBC, 0x5D, 0xBC, 0x5D,
    0xBC, 0x5D, 0xBC, 0x65, 0xDC, 0x65, 0xDC, 0x65, 0xDC, 0x65, 0xDC, 0x6D, 0xFC, 0x6D, 0xFC, 0x75,
    0x1C, 0x7E, 0x1C, 0x7E, 0xFC, 0x75, 0xDC, 0x6D, 0xBB, 0x75, 0xBB, 0x75, 0xFB, 0x8D, 0x7C, 0xA6,
    0x5C, 0xBE, 0xDB, 0xC5, 0xF9, 0xC4, 0x17, 0xBC, 0x76, 0xB3, 0x56, 0xB3, 0xB6, 0xB3, 0xB6, 0xB3,
    0xB6, 0xB3, 0xB6, 0xB3, 0xB6, 0xB3, 0xB6, 0xB3, 0xB6, 0xB3, 0xB6, 0xB3, 0xB6, 0xB3, 0xB6, 0xB3,
    0xB6, 0xB3, 0xB6, 0xB3, 0xB6, 0xB3, 0xB6, 0xB3, 0xB6, 0xB3, 0xB6, 0xB3, 0xB6, 0xB3, 0xB6, 0xB3,
    0xB6, 0xB3, 0xB6, 0xB3, 0xB6, 0xB3, 0xB6, 0xB3, 0xB6, 0xB3, 0xB6, 0xB3, 0xB6, 0xB3, 0xB6, 0xB3,
    0xB6, 0xB3, 0xB6, 0xB3, 0xB6, 0xB3, 0xB6, 0xB3, 0xB6, 0xB3, 0xB6, 0xB3, 0xB6, 0xB3, 0xB6, 0xB3,
    0xB6, 0xB3, 0xB6, 0xB3, 0xB6, 0xB3, 0xB6, 0xB3, 0xB6, 0xB3, 0xB6, 0xB3, 0xB6, 0xB3, 0xB6, 0xB3,
    0xB6, 0xB3, 0xB6, 0xB3, 0xB6, 0xB3, 0xB6, 0xB3, 0xB6, 0xB3, 0xB6, 0xB3, 0xB6, 0xB3, 0xB6, 0xB3,
    0xB6, 0xB3, 0xB6, 0xB3, 0xB6, 0xB3, 0xB6, 0xB3, 0xB6, 0xB3, 0xB6, 0xB3, 0xB6, 0xB3, 0xB6, 0xB3,
    0xB7, 0xB3, 0xB7, 0xB3, 0xB7, 0xB3, 0xB7, 0xB3, 0xB7, 0xB3, 0xB7, 0xB3, 0xB7, 0xB3, 0xB7, 0xB3,
    0xB7, 0xB3, 0xB7, 0xB3, 0xB7, 0xB3, 0xB7, 0xB3, 0xB7, 0xB3, 0xB7, 0xB3, 0xB7, 0xB3, 0xB7, 0xB3,
    0xB7, 0xB3, 0xB7, 0xB3, 0xB7, 0xB3, 0xB7, 0xB3, 0xB7, 0xB3, 0xF8, 0xAB, 0xBA, 0x8C, 0xFB, 0x6C,
    0x1D, 0x65, 0x3E, 0x65, 0x1C, 0x65, 0xDC, 0x5C, 0xDC, 0x5C, 0xDC, 0x5C, 0xDC, 0x64, 0xFC, 0x64,
    0xFC, 0x64, 0xDC, 0x64, 0xDC, 0x5C, 0xDC, 0x5C, 0xDC, 0x5C, 0xBC, 0x5C, 0xBC, 0x5C, 0xBC, 0x5C,
    0xBC, 0x5C, 0xDC, 0x5C, 0xDC, 0x5C, 0xFC, 0x5C, 0xFC, 0x5C, 0x1D, 0x65, 0xFD, 0x64, 0xDC, 0x5C,
    0xDB, 0x64, 0x1C, 0x85, 0xBA, 0x9C, 0xD9, 0xB4, 0x99, 0xAC, 0xBB, 0x84, 0xFB, 0x6C, 0xDF, 0x85,
    0x1C, 0x75, 0xFC, 0x6C, 0x1E, 0x65, 0xBC, 0x5C, 0xDC, 0x64, 0x1C, 0x65, 0x1C, 0x65, 0xFC, 0x64,
    0xFC, 0x64, 0xFC, 0x64, 0xDC, 0x5C, 0x9C, 0x54, 0x1C, 0x6D, 0x3D, 0xA6, 0x5E, 0xDF, 0xFF, 0xFF,
    0xFF, 0xFF, 0xFF, 0xFF, 0xFF, 0xFF, 0xFF, 0xFF, 0xFF, 0xFF, 0xFF, 0xFF, 0xFF, 0xFF, 0xFF, 0xFF,
    0xFF, 0xFF, 0xFF, 0xFF, 0xFF, 0xFF, 0xFF, 0xFF, 0xFF, 0xFF, 0xFF, 0xFF, 0xFF, 0xFF, 0xFF, 0xFF,
    0xFF, 0xFF, 0xFF, 0xFF, 0xFF, 0xFF, 0xFF, 0xFF, 0xFF, 0xFF, 0xFF, 0xFF, 0xFF, 0xFF, 0xFF, 0xFF,
    0xFF, 0xFF, 0xFF, 0xFF, 0xFF, 0xFF, 0xFF, 0xFF, 0xFF, 0xFF, 0xFF, 0xFF, 0xFF, 0xFF, 0xFF, 0xFF,
    0xFF, 0xFF, 0xFF, 0xFF, 0xFF, 0xFF, 0xFF, 0xFF, 0xFF, 0xFF, 0xFF, 0xFF, 0xFF, 0xFF, 0xFF, 0xFF,
    0xFF, 0xFF, 0xFF, 0xFF, 0xFF, 0xFF, 0xFF, 0xFF, 0x9F, 0xEF, 0x5D, 0xAE, 0x3C, 0x6D, 0x9B, 0x54,
    0xDC, 0x5C, 0xDC, 0x5C, 0xDC, 0x5C, 0x3B, 0x75, 0x5B, 0x7D, 0x3D, 0x6D, 0xFC, 0x6C, 0x79, 0xA4,
    0xB7, 0xBB, 0xB7, 0xB3, 0xB7, 0xB3, 0xB7, 0xB3, 0xB7, 0xB3, 0xB7, 0xB3, 0xB7, 0xB3, 0xB7, 0xB3,
    0xB7, 0xB3, 0xB7, 0xB3, 0xB7, 0xB3, 0xB7, 0xB3, 0xB7, 0xB3, 0xB7, 0xB3, 0xB7, 0xB3, 0xB7, 0xB3,
    0xB7, 0xB3, 0xB7, 0xB3, 0xB7, 0xB3, 0xB7, 0xB3, 0xB7, 0xB3, 0xB7, 0xB3, 0xB7, 0xB3, 0xB7, 0xB3,
    0xB7, 0xB3, 0xB7, 0xB3, 0xB7, 0xB3, 0xB7, 0xB3, 0xB7, 0xB3, 0xB7, 0xB3, 0xB7, 0xB3, 0xB7, 0xB3,
    0xB7, 0xB3, 0xB7, 0xB3, 0xB7, 0xB3, 0xB7, 0xB3, 0xB7, 0xB3, 0xB7, 0xB3, 0xB7, 0xB3, 0xB7, 0xB3,
    0xB7, 0xB3, 0xB7, 0xB3, 0xB7, 0xB3, 0xB7, 0xB3, 0xB7, 0xB3, 0xB7, 0xB3, 0xB7, 0xB3, 0xB7, 0xB3,
    0xB7, 0xB3, 0xB7, 0xB3, 0xB7, 0xB3, 0xB7, 0xB3, 0xB7, 0xB3, 0xB7, 0xB3, 0xB7, 0xB3, 0xB7, 0xB3,
    0xB7, 0xB3, 0xB7, 0xB3, 0xB7, 0xB3, 0xB7, 0xB3, 0xB7, 0xB3, 0xB7, 0xB3, 0xB7, 0xB3, 0xB7, 0xB3,
    0x96, 0xB3, 0xB7, 0xB3, 0xB7, 0xB3, 0xB7, 0xB3, 0xB7, 0xB3, 0xB7, 0xB3, 0xB7, 0xB3, 0x76, 0xB3,
    0x76, 0xB3, 0xD7, 0xAB, 0x78, 0xAC, 0xF9, 0x9C, 0x7B, 0x95, 0xDC, 0x8D, 0x1D, 0x86, 0x3D, 0x86,
    0xBE, 0x9E, 0x9E, 0x96, 0xBE, 0x8E, 0xBE, 0x86, 0x9E, 0x7E, 0x5D, 0x7E, 0x1D, 0x6E, 0xDC, 0x5D,
    0xBC, 0x55, 0x9C, 0x4D, 0x9C, 0x4D, 0x9C, 0x55, 0xBD, 0x55, 0xBD, 0x55, 0xBC, 0x55, 0xBC, 0x55,
    0x9C, 0x55, 0xBC, 0x55, 0x9C, 0x55, 0x9C, 0x55, 0x9C, 0x55, 0x9C, 0x4D, 0x9C, 0x4D, 0x9C, 0x4D,
    0x9C, 0x4D, 0x9C, 0x4D, 0x9C, 0x55, 0x9C, 0x55, 0x9C, 0x55, 0x9C, 0x55, 0x9C, 0x55, 0x9C, 0x55,
    0x9C, 0x5D, 0x9C, 0x5D, 0x9C, 0x5D, 0xBC, 0x65, 0xDC, 0x6D, 0xDC, 0x6D, 0xFC, 0x6D, 0xFC, 0x75,
    0xFB, 0x85, 0xDB, 0x85, 0x79, 0x7D, 0x38, 0x7D, 0x59, 0x7D, 0x58, 0x85, 0x57, 0x95, 0x7B, 0xBE,
    0xB8, 0xBC, 0xF4, 0xAA, 0x76, 0xB3, 0xB7, 0xB3, 0xB7, 0xB3, 0xB7, 0xB3, 0xB7, 0xB3, 0xB7, 0xB3,
    0xB7, 0xB3, 0xB7, 0xB3, 0xB7, 0xB3, 0xB7, 0xB3, 0xB7, 0xB3, 0xB7, 0xB3, 0xB7, 0xB3, 0xB7, 0xB3,
    0xB7, 0xB3, 0xB7, 0xB3, 0xB7, 0xB3, 0xB7, 0xB3, 0xB7, 0xB3, 0xB7, 0xB3, 0xB7, 0xB3, 0xB7, 0xB3,
    0xB7, 0xB3, 0xB7, 0xB3, 0xB7, 0xB3, 0xB7, 0xB3, 0xB7, 0xB3, 0xB7, 0xB3, 0xB7, 0xB3, 0xB7, 0xB3,
    0xB7, 0xB3, 0xB7, 0xB3, 0xB7, 0xB3, 0xB7, 0xB3, 0xB7, 0xB3, 0xB7, 0xB3, 0xB7, 0xB3, 0xB7, 0xB3,
    0xB7, 0xB3, 0xB7, 0xB3, 0xB7, 0xB3, 0xB7, 0xB3, 0xB7, 0xB3, 0xB7, 0xB3, 0xB7, 0xB3, 0xB7, 0xB3,
    0xB7, 0xB3, 0xB7, 0xB3, 0xB7, 0xB3, 0xB7, 0xB3, 0xB7, 0xB3, 0xB7, 0xB3, 0xB7, 0xB3, 0xB7, 0xB3,
    0xB7, 0xB3, 0xB7, 0xB3, 0xB7, 0xB3, 0xB7, 0xB3, 0xB7, 0xB3, 0xB7, 0xB3, 0xB7, 0xB3, 0xB7, 0xB3,
    0xB7, 0xB3, 0xB7, 0xB3, 0xB7, 0xB3, 0xB7, 0xB3, 0xB7, 0xB3, 0xB7, 0xB3, 0xB7, 0xB3, 0xB7, 0xB3,
    0xB7, 0xB3, 0xB7, 0xB3, 0xB7, 0xB3, 0xB7, 0xB3, 0xB7, 0xB3, 0xB7, 0xB3, 0xB7, 0xB3, 0xB7, 0xB3,
    0xB7, 0xB3, 0xB7, 0xB3, 0xB7, 0xB3, 0xB7, 0xB3, 0xB7, 0xB3, 0xB7, 0xB3, 0xB7, 0xB3, 0xD7, 0xB3,
    0x79, 0xA4, 0xDA, 0x8C, 0xDB, 0x74, 0x3D, 0x6D, 0x1D, 0x65, 0x3E, 0x65, 0xFD, 0x5C, 0xFD, 0x5C,
    0xDC, 0x5C, 0xDC, 0x5C, 0xDC, 0x5C, 0xDC, 0x64, 0xDC, 0x64, 0xDC, 0x64, 0xDC, 0x5C, 0xDC, 0x5C,
    0xDC, 0x64, 0xFC, 0x64, 0x1C, 0x6D, 0xFC, 0x6C, 0x3C, 0x75, 0xDB, 0x7C, 0xFB, 0x84, 0xFA, 0x94,
    0xFA, 0x9C, 0xDA, 0x94, 0xFB, 0x84, 0x3C, 0x6D, 0x9F, 0x6D, 0x3E, 0x6D, 0xBB, 0x74, 0xBA, 0x9C,
    0x38, 0xBC, 0x17, 0xB4, 0x9A, 0x8C, 0x3D, 0x65, 0x1D, 0x65, 0xBC, 0x5C, 0xDC, 0x5C, 0xFC, 0x64,
    0xFC, 0x64, 0xDC, 0x5C, 0xDC, 0x5C, 0xDC, 0x64, 0xDC, 0x5C, 0x9B, 0x54, 0xBB, 0x5C, 0xBD, 0x85,
    0xDE, 0xC6, 0xDF, 0xF7, 0xFF, 0xFF, 0xFF, 0xFF, 0xFF, 0xFF, 0xFF, 0xFF, 0xFF, 0xFF, 0xFF, 0xFF,
    0xFF, 0xFF, 0xFF, 0xFF, 0xFF, 0xFF, 0xFF, 0xFF, 0xFF, 0xFF, 0xFF, 0xFF, 0xFF, 0xFF, 0xFF, 0xFF,
    0xFF, 0xFF, 0xFF, 0xFF, 0xFF, 0xFF, 0xFF, 0xFF, 0xFF, 0xFF, 0xFF, 0xFF, 0xFF, 0xFF, 0xFF, 0xFF,
    0xFF, 0xFF, 0xFF, 0xFF, 0xFF, 0xFF, 0xFF, 0xFF, 0xFF, 0xFF, 0xFF, 0xFF, 0xFF, 0xFF, 0xFF, 0xFF,
    0xFF, 0xFF, 0xFF, 0xFF, 0xFF, 0xFF, 0xFF, 0xFF, 0xFF, 0xFF, 0xFF, 0xFF, 0xFF, 0xFF, 0xFF, 0xFF,
    0xFF, 0xFF, 0xFF, 0xFF, 0x7E, 0xE7, 0x3D, 0xA6, 0xFB, 0x64, 0x9B, 0x54, 0xDC, 0x5C, 0xDC, 0x5C,
    0xDC, 0x5C, 0x1C, 0x6D, 0x5C, 0x7D, 0x5C, 0x75, 0x5E, 0x65, 0xFB, 0x84, 0x17, 0xB4, 0xB7, 0xB3,
    0xB7, 0xB3, 0xB7, 0xB3, 0xB7, 0xB3, 0xB7, 0xB3, 0xB7, 0xB3, 0xB7, 0xB3, 0xB7, 0xB3, 0xB7, 0xB3,
    0xB7, 0xB3, 0xB7, 0xB3, 0xB7, 0xB3, 0xB7, 0xB3, 0xF7, 0xB3, 0x58, 0xAC, 0xB9, 0xAC, 0xB9, 0xAC,
    0x38, 0xB4, 0xD7, 0xBB, 0xB7, 0xB3, 0xB7, 0xB3, 0xB7, 0xB3, 0xB7, 0xB3, 0xB7, 0xB3, 0xB7, 0xB3,
    0xB7, 0xB3, 0xB7, 0xB3, 0xB7, 0xB3, 0xB7, 0xB3, 0xB7, 0xB3, 0xB7, 0xB3, 0xB7, 0xB3, 0xB7, 0xB3,
    0xB7, 0xB3, 0xB7, 0xB3, 0xB7, 0xB3, 0xB7, 0xB3, 0xB7, 0xB3, 0xB7, 0xB3, 0xB7, 0xB3, 0xB7, 0xB3,
    0xB7, 0xB3, 0xB7, 0xB3, 0xB7, 0xB3, 0xB7, 0xB3, 0xB7, 0xB3, 0xB7, 0xB3, 0xB7, 0xB3, 0xB7, 0xB3,
    0xB7, 0xB3, 0xB7, 0xB3, 0xB7, 0xB3, 0xB7, 0xB3, 0xB7, 0xB3, 0xB7, 0xB3, 0xB7, 0xB3, 0xB7, 0xB3,
    0xB7, 0xB3, 0xB7, 0xB3, 0xB7, 0xB3, 0xB7, 0xB3, 0xB7, 0xB3, 0xB7, 0xB3, 0xB6, 0xB3, 0xB7, 0xB3,
    0x96, 0xB3, 0x96, 0xB3, 0xB7, 0xB3, 0xB7, 0xB3, 0xB7, 0xBB, 0xB7, 0xB3, 0xB7, 0xB3, 0xB7, 0xB3,
    0xB7, 0xB3, 0xB7, 0xB3, 0x76, 0xB3, 0x76, 0xB3, 0x76, 0xB3, 0x96, 0xB3, 0xF7, 0xAB, 0x78, 0xAC,
    0x78, 0x9C, 0x98, 0x9C, 0x98, 0x9C, 0xB9, 0x9C, 0xFA, 0x94, 0x1A, 0x95, 0xD9, 0x84, 0x37, 0x6C,
    0x17, 0x64, 0x77, 0x6C, 0xB8, 0x74, 0x57, 0x4C, 0xF5, 0x2B, 0x16, 0x34, 0x15, 0x34, 0x15, 0x34,
    0x15, 0x34, 0x15, 0x2C, 0x15, 0x2C, 0x15, 0x2C, 0xF5, 0x2B, 0xF5, 0x2B, 0xD4, 0x2B, 0xD4, 0x2B,
    0xD4, 0x2B, 0xB4, 0x2B, 0xB4, 0x2B, 0xB3, 0x2B, 0x93, 0x2B, 0x93, 0x2B, 0x93, 0x2B, 0x93, 0x2B,
    0x93, 0x33, 0x73, 0x33, 0x92, 0x33, 0x51, 0x33, 0x10, 0x33, 0xCF, 0x2A, 0xAE, 0x2A, 0xAE, 0x2A,
    0xAE, 0x32, 0x8E, 0x3A, 0xCE, 0x42, 0x71, 0x5B, 0x34, 0x6C, 0x95, 0x74, 0x78, 0x95, 0x7C, 0xB6,
    0x5C, 0xBE, 0xD8, 0xBC, 0x76, 0xB3, 0x76, 0xB3, 0xB7, 0xB3, 0xB6, 0xB3, 0xB7, 0xB3, 0xB6, 0xB3,
    0xB7, 0xB3, 0xB7, 0xB3, 0xB7, 0xB3, 0xB7, 0xB3, 0xB7, 0xB3, 0xB7, 0xBB, 0xB6, 0xB3, 0xB7, 0xB3,
    0xB7, 0xB3, 0xB7, 0xB3, 0xB7, 0xB3, 0xB7, 0xB3, 0xB7, 0xB3, 0xB7, 0xB3, 0xB7, 0xB3, 0xB7, 0xB3,
    0xB7, 0xB3, 0xB7, 0xB3, 0xB7, 0xB3, 0xB7, 0xB3, 0xB7, 0xB3, 0xB7, 0xB3, 0xB7, 0xB3, 0xB7, 0xB3,
    0xB7, 0xB3, 0xB7, 0xB3, 0xB7, 0xB3, 0xB7, 0xB3, 0xB7, 0xB3, 0xB7, 0xB3, 0xB7, 0xB3, 0xB7, 0xB3,
    0xB7, 0xB3, 0xB7, 0xB3, 0xB7, 0xB3, 0xB7, 0xB3, 0xB7, 0xB3, 0xB7, 0xB3, 0xB7, 0xB3, 0xB7, 0xB3,
    0xB7, 0xB3, 0xB7, 0xB3, 0xB7, 0xB3, 0xB7, 0xB3, 0xB7, 0xB3, 0xB7, 0xB3, 0xB7, 0xB3, 0xB7, 0xB3,
    0xB7, 0xB3, 0xB7, 0xB3, 0xB7, 0xB3, 0xB7, 0xB3, 0xB7, 0xB3, 0xB7, 0xB3, 0xB7, 0xB3, 0xB7, 0xB3,
    0xB7, 0xB3, 0xB7, 0xB3, 0xB7, 0xB3, 0xB7, 0xB3, 0xB7, 0xB3, 0xB7, 0xB3, 0xB7, 0xB3, 0xB7, 0xB3,
    0xB7, 0xB3, 0xB7, 0xB3, 0xB7, 0xB3, 0xB7, 0xB3, 0xB7, 0xB3, 0xB7, 0xB3, 0xB7, 0xB3, 0xB7, 0xB3,
    0xB7, 0xB3, 0xB7, 0xB3, 0xB7, 0xB3, 0xB7, 0xB3, 0xB7, 0xB3, 0xB7, 0xB3, 0xB7, 0xB3, 0xB7, 0xB3,
    0xB7, 0xB3, 0xB7, 0xB3, 0xB7, 0xBB, 0x38, 0xB4, 0x38, 0x9C, 0x9A, 0x8C, 0xFB, 0x7C, 0xDB, 0x6C,
    0x1C, 0x65, 0x3D, 0x6D, 0x3E, 0x65, 0x1D, 0x65, 0x1D, 0x65, 0xFC, 0x5C, 0xFC, 0x5C, 0x1C, 0x65,
    0xFC, 0x64, 0x3C, 0x6D, 0x5C, 0x75, 0xFB, 0x74, 0x5C, 0x75, 0xFB, 0x6C, 0xFC, 0x64, 0x1D, 0x65,
    0x5E, 0x6D, 0x7F, 0x65, 0x7D, 0x75, 0x1B, 0x85, 0x9A, 0x94, 0x18, 0xAC, 0xB7, 0xB3, 0xB7, 0xB3,
    0xB7, 0xB3, 0xB7, 0xB3, 0xB7, 0xB3, 0x38, 0xAC, 0xFB, 0x84, 0x5E, 0x6D, 0xFD, 0x5C, 0xDC, 0x5C,
    0xFC, 0x64, 0xFC, 0x64, 0xDC, 0x5C, 0xDC, 0x5C, 0xDC, 0x5C, 0xFC, 0x64, 0xDC, 0x5C, 0xBB, 0x54,
    0xBB, 0x54, 0x1C, 0x6D, 0xFC, 0x95, 0x1E, 0xCF, 0xDF, 0xF7, 0xFF, 0xFF, 0xFF, 0xFF, 0xFF, 0xFF,
    0xFF, 0xFF, 0xFF, 0xFF, 0xFF, 0xFF, 0xFF, 0xFF, 0xFF, 0xFF, 0xFF, 0xFF, 0xFF, 0xFF, 0xFF, 0xFF,
    0xFF, 0xFF, 0xFF, 0xFF, 0xFF, 0xFF, 0xFF, 0xFF, 0xFF, 0xFF, 0xFF, 0xFF, 0xFF, 0xFF, 0xFF, 0xFF,
    0xFF, 0xFF, 0xFF, 0xFF, 0xFF, 0xFF, 0xFF, 0xFF, 0xFF, 0xFF, 0xFF, 0xFF, 0xFF, 0xFF, 0xFF, 0xFF,
    0xFF, 0xFF, 0xFF, 0xFF, 0xFF, 0xFF, 0xFF, 0xFF, 0xFF, 0xFF, 0xFF, 0xFF, 0xFF, 0xFF, 0xBF, 0xF7,
    0xDE, 0xC6, 0xBC, 0x8D, 0xFC, 0x5C, 0x9B, 0x54, 0xDC, 0x5C, 0xDC, 0x5C, 0xDC, 0x5C, 0xFC, 0x64,
    0x5B, 0x7D, 0x5C, 0x75, 0x5E, 0x6D, 0xFB, 0x74, 0x79, 0xA4, 0xB6, 0xB3, 0xB7, 0xB3, 0xB7, 0xB3,
    0xB6, 0xB3, 0xB7, 0xB3, 0xB7, 0xB3, 0xB7, 0xB3, 0xB7, 0xB3, 0xB7, 0xB3, 0xB7, 0xB3, 0xB7, 0xB3,
    0xB7, 0xB3, 0xB7, 0xB3, 0x18, 0xAC, 0xDB, 0x84, 0x1C, 0x6D, 0x3D, 0x6D, 0x5E, 0x6D, 0x5E, 0x6D,
    0x3D, 0x6D, 0xFB, 0x6C, 0xDA, 0x8C, 0x17, 0xB4, 0xB7, 0xB3, 0xB7, 0xB3, 0xB7, 0xB3, 0xB7, 0xB3,
    0xB7, 0xB3, 0xB7, 0xB3, 0xB7, 0xB3, 0xB7, 0xB3, 0xB7, 0xB3, 0xB7, 0xB3, 0xB7, 0xB3, 0xB7, 0xB3,
    0xB7, 0xB3, 0xB7, 0xB3, 0xB7, 0xB3, 0xB7, 0xB3, 0xB7, 0xB3, 0xB7, 0xB3, 0xB7, 0xB3, 0xB7, 0xB3,
    0xB7, 0xB3, 0xB7, 0xB3, 0xB7, 0xB3, 0xB7, 0xB3, 0xB7, 0xB3, 0xB7, 0xB3, 0xB7, 0xB3, 0xB7, 0xB3,
    0xB7, 0xB3, 0xB7, 0xB3, 0xB7, 0xB3, 0xB7, 0xB3, 0xB7, 0xB3, 0xB7, 0xB3, 0xB7, 0xB3, 0xB7, 0xB3,
    0xB7, 0xB3, 0xB7, 0xB3, 0xB7, 0xB3, 0xB7, 0xB3, 0xB7, 0xB3, 0xB7, 0xB3, 0xB7, 0xB3, 0xB7, 0xB3,
    0xB7, 0xB3, 0xB7, 0xB3, 0xB7, 0xB3, 0xB7, 0xB3, 0xB7, 0xB3, 0x76, 0xB3, 0x76, 0xB3, 0x56, 0xAB,
    0x76, 0xB3, 0xB7, 0xB3, 0xB7, 0xB3, 0xB7, 0xB3, 0xB7, 0xB3, 0xB7, 0xB3, 0xB7, 0xB3, 0xB7, 0xB3,
    0x76, 0xBB, 0x76, 0xB3, 0x76, 0xBB, 0x36, 0xB3, 0x15, 0xB3, 0x35, 0xAB, 0x76, 0xAB, 0x57, 0xB4,
    0x7A, 0xB5, 0x9B, 0x95, 0x1A, 0x65, 0xD4, 0x3B, 0xCB, 0x11, 0x69, 0x01, 0x28, 0x01, 0x07, 0x01,
    0x07, 0x01, 0x08, 0x01, 0x07, 0x01, 0xE7, 0x00, 0x07, 0x01, 0x07, 0x01, 0xE7, 0x00, 0xC6, 0x00,
    0xC6, 0x00, 0xC5, 0x00, 0xC6, 0x00, 0xC6, 0x00, 0xC6, 0x08, 0xC5, 0x08, 0xC5, 0x08, 0xC6, 0x08,
    0xC6, 0x08, 0xC5, 0x08, 0x83, 0x00, 0x01, 0x00, 0x22, 0x00, 0x84, 0x08, 0xE6, 0x10, 0x27, 0x19,
    0x88, 0x29, 0x0B, 0x3A, 0xEE, 0x52, 0x91, 0x63, 0x54, 0x7C, 0x36, 0x9D, 0x3A, 0xBE, 0x3B, 0xB6,
    0xB9, 0x9D, 0xFC, 0xCE, 0x1E, 0xF7, 0x17, 0xBC, 0x35, 0xAB, 0xB7, 0xB3, 0xB7, 0xB3, 0xB7, 0xB3,
    0xB7, 0xB3, 0xB7, 0xBB, 0xB7, 0xBB, 0xB7, 0xB3, 0xB7, 0xB3, 0xB7, 0xB3, 0xB7, 0xB3, 0xB7, 0xB3,
    0xB7, 0xB3, 0xB7, 0xB3, 0xB7, 0xB3, 0xB7, 0xB3, 0xB7, 0xB3, 0xB7, 0xB3, 0xB7, 0xB3, 0xB7, 0xB3,
    0xB7, 0xB3, 0xB7, 0xB3, 0xB7, 0xB3, 0xB7, 0xB3, 0xB7, 0xB3, 0xB7, 0xB3, 0xB7, 0xB3, 0xB7, 0xB3,
    0xB7, 0xB3, 0xB7, 0xB3, 0xB7, 0xB3, 0xB7, 0xB3, 0xB7, 0xB3, 0xB7, 0xB3, 0xB7, 0xB3, 0xB7, 0xB3,
    0xB7, 0xB3, 0xB7, 0xB3, 0xB7, 0xB3, 0xB7, 0xB3, 0xB7, 0xB3, 0xB7, 0xB3, 0xB7, 0xB3, 0xB7, 0xB3,
    0xB7, 0xB3, 0xB7, 0xB3, 0xB7, 0xB3, 0xB7, 0xB3, 0xB7, 0xB3, 0xB7, 0xB3, 0xB7, 0xB3, 0xB7, 0xB3,
    0xB7, 0xB3, 0xB7, 0xB3, 0xB7, 0xB3, 0xB7, 0xB3, 0xB7, 0xB3, 0xB7, 0xB3, 0xB7, 0xB3, 0xB7, 0xB3,
    0xB7, 0xB3, 0xB7, 0xB3, 0xB7, 0xB3, 0xB7, 0xB3, 0xB7, 0xB3, 0xB7, 0xB3, 0xB7, 0xB3, 0xB7, 0xB3,
    0xB7, 0xB3, 0xB7, 0xB3, 0xB7, 0xB3, 0xB7, 0xB3, 0xB7, 0xB3, 0xB7, 0xB3, 0xB7, 0xB3, 0xB7, 0xB3,
    0xB7, 0xB3, 0xB7, 0xB3, 0xB7, 0xB3, 0xB7, 0xB3, 0xB7, 0xB3, 0xB7, 0xB3, 0xB7, 0xB3, 0xB7, 0xB3,
    0xB7, 0xB3, 0xB7, 0xB3, 0xB7, 0xB3, 0xB7, 0xB3, 0xB7, 0xB3, 0xB7, 0xB3, 0xB7, 0xB3, 0xD7, 0xBB,
    0x18, 0xB4, 0x38, 0xA4, 0x99, 0x94, 0xBB, 0x84, 0x9A, 0x74, 0xDB, 0x6C, 0xDB, 0x6C, 0xBB, 0x64,
    0xFC, 0x64, 0x1C, 0x65, 0x9B, 0x5C, 0xBB, 0x5C, 0xBC, 0x64, 0xDB, 0x6C, 0xBB, 0x7C, 0xBA, 0x8C,
    0xDA, 0xA4, 0x99, 0xAC, 0x17, 0xB4, 0xB7, 0xB3, 0xB7, 0xB3, 0xB7, 0xB3, 0xB7, 0xB3, 0xB7, 0xB3,
    0xB7, 0xB3, 0xB7, 0xB3, 0xB7, 0xB3, 0xB7, 0xB3, 0xB7, 0xB3, 0x79, 0xAC, 0xDB, 0x7C, 0x3D, 0x65,
    0xFD, 0x64, 0xDC, 0x5C, 0xDC, 0x64, 0xDC, 0x64, 0xDC, 0x5C, 0xDC, 0x5C, 0xDC, 0x5C, 0xDC, 0x64,
    0xFC, 0x64, 0xDC, 0x5C, 0x9B, 0x54, 0xBB, 0x54, 0x3C, 0x6D, 0xFD, 0x95, 0xDE, 0xC6, 0x9F, 0xEF,
    0xFF, 0xFF, 0xFF, 0xFF, 0xFF, 0xFF, 0xFF, 0xFF, 0xFF, 0xFF, 0xFF, 0xFF, 0xFF, 0xFF, 0xFF, 0xFF,
    0xFF, 0xFF, 0xFF, 0xFF, 0xFF, 0xFF, 0xFF, 0xFF, 0xFF, 0xFF, 0xFF, 0xFF, 0xFF, 0xFF, 0xFF, 0xFF,
    0xFF, 0xFF, 0xFF, 0xFF, 0xFF, 0xFF, 0xFF, 0xFF, 0xFF, 0xFF, 0xFF, 0xFF, 0xFF, 0xFF, 0xFF, 0xFF,
    0xFF, 0xFF, 0xFF, 0xFF, 0xFF, 0xFF, 0xFF, 0xFF, 0xBF, 0xF7, 0xFE, 0xC6, 0xFD, 0x95, 0x1C, 0x6D,
    0xBB, 0x54, 0xBC, 0x54, 0xDC, 0x5C, 0xFC, 0x64, 0xDB, 0x5C, 0xFB, 0x64, 0x3C, 0x75, 0x5C, 0x75,
    0x5E, 0x6D, 0xDC, 0x6C, 0x99, 0x9C, 0xF7, 0xBB, 0xB7, 0xB3, 0xB7, 0xB3, 0xB7, 0xB3, 0xB7, 0xB3,
    0xB7, 0xB3, 0xB7, 0xB3, 0xB7, 0xB3, 0xB7, 0xB3, 0xB7, 0xB3, 0xB7, 0xB3, 0xB7, 0xB3, 0xB7, 0xB3,
    0xB6, 0xBB, 0x9A, 0x94, 0x1D, 0x6D, 0x1D, 0x5D, 0xBC, 0x54, 0x9B, 0x54, 0x9B, 0x54, 0x9B, 0x54,
    0xDC, 0x5C, 0xFC, 0x64, 0x1D, 0x65, 0x1D, 0x6D, 0x79, 0xA4, 0xB7, 0xB3, 0xB7, 0xB3, 0xB7, 0xB3,
    0xB7, 0xB3, 0xB7, 0xB3, 0xB7, 0xB3, 0xB7, 0xB3, 0xB7, 0xB3, 0xB7, 0xB3, 0xB7, 0xB3, 0xB7, 0xB3,
    0xB7, 0xB3, 0xB7, 0xB3, 0xB7, 0xB3, 0xB7, 0xB3, 0xB7, 0xB3, 0xB7, 0xB3, 0xB7, 0xB3, 0xB7, 0xB3,
    0xB7, 0xB3, 0xB7, 0xB3, 0xB7, 0xB3, 0xB7, 0xB3, 0xB7, 0xB3, 0xB7, 0xB3, 0xB7, 0xB3, 0xB7, 0xB3,
    0xB7, 0xB3, 0xB7, 0xB3, 0xB7, 0xB3, 0xB7, 0xB3, 0xB7, 0xB3, 0xB7, 0xB3, 0xB7, 0xB3, 0xB7, 0xB3,
    0xB7, 0xB3, 0xB7, 0xB3, 0xB7, 0xB3, 0xB7, 0xB3, 0xB7, 0xB3, 0xB7, 0xB3, 0xB7, 0xB3, 0xB7, 0xB3,
    0xB7, 0xB3, 0xB6, 0xB3, 0xB7, 0xB3, 0x76, 0xB3, 0xF7, 0xBB, 0xF5, 0xAB, 0x14, 0x9C, 0x9A, 0xCD,
    0x37, 0xB4, 0x17, 0xBC, 0xF7, 0xBB, 0xD6, 0xB3, 0xF7, 0xBB, 0xF7, 0xBB, 0xB6, 0xBB, 0x76, 0xB3,
    0x76, 0xB3, 0xB7, 0xB3, 0x76, 0xB3, 0xF7, 0xB3, 0x19, 0xB5, 0xBA, 0xB5, 0x5C, 0xBE, 0x3B, 0x9E,
    0x19, 0x55, 0x37, 0x24, 0xF6, 0x1B, 0x72, 0x33, 0xEB, 0x21, 0x06, 0x11, 0xA5, 0x08, 0x63, 0x00,
    0x42, 0x00, 0x63, 0x08, 0x63, 0x00, 0x83, 0x08, 0x42, 0x00, 0x42, 0x00, 0x42, 0x00, 0xA4, 0x08,
    0xA4, 0x08, 0x42, 0x00, 0x83, 0x08, 0x62, 0x00, 0x63, 0x08, 0x83, 0x08, 0x42, 0x00, 0x42, 0x00,
    0x62, 0x00, 0x42, 0x00, 0x64, 0x00, 0x07, 0x11, 0x89, 0x19, 0xA9, 0x21, 0xEA, 0x31, 0x6C, 0x4A,
    0x2F, 0x5B, 0x90, 0x6B, 0xB1, 0x6B, 0x6F, 0x6B, 0x51, 0xA4, 0x59, 0xD6, 0x3C, 0xE7, 0x5D, 0xE7,
    0xFC, 0xDE, 0x9B, 0xCE, 0xBE, 0xF7, 0xDF, 0xFF, 0xF9, 0xC4, 0x35, 0xAB, 0x76, 0xB3, 0xB6, 0xB3,
    0xB7, 0xB3, 0xB7, 0xB3, 0xB7, 0xB3, 0xB7, 0xBB, 0x96, 0xB3, 0x76, 0xB3, 0xB7, 0xB3, 0xB7, 0xB3,
    0xB7, 0xB3, 0xB7, 0xB3, 0xB7, 0xB3, 0xB7, 0xB3, 0xB7, 0xB3, 0xB7, 0xB3, 0xB7, 0xB3, 0xB7, 0xB3,
    0xB7, 0xB3, 0xB7, 0xB3, 0xB7, 0xB3, 0xB7, 0xB3, 0xB7, 0xB3, 0xB7, 0xB3, 0xB7, 0xB3, 0xB7, 0xB3,
    0xB7, 0xB3, 0xB7, 0xB3, 0xB7, 0xB3, 0xB7, 0xB3, 0xB7, 0xB3, 0xB7, 0xB3, 0xB7, 0xB3, 0xB7, 0xB3,
    0xB7, 0xB3, 0xB7, 0xB3, 0xB7, 0xB3, 0xB7, 0xB3, 0xB7, 0xB3, 0xB7, 0xB3, 0xB7, 0xB3, 0xB7, 0xB3,
    0xB7, 0xB3, 0xB7, 0xB3, 0xB7, 0xB3, 0xB7, 0xB3, 0xB7, 0xB3, 0xB7, 0xB3, 0xB7, 0xB3, 0xB7, 0xB3,
    0xB7, 0xB3, 0xB7, 0xB3, 0xB7, 0xB3, 0xB7, 0xB3, 0xB7, 0xB3, 0xB7, 0xB3, 0xB7, 0xB3, 0xB7, 0xB3,
    0xB7, 0xB3, 0xB7, 0xB3, 0xB7, 0xB3, 0xB7, 0xB3, 0xB7, 0xB3, 0xB7, 0xB3, 0xB7, 0xB3, 0xB7, 0xB3,
    0xB7, 0xB3, 0xB7, 0xB3, 0xB7, 0xB3, 0xB7, 0xB3, 0xB7, 0xB3, 0xB7, 0xB3, 0xB7, 0xB3, 0xB7, 0xB3,
    0xB7, 0xB3, 0xB7, 0xB3, 0xB7, 0xB3, 0xB7, 0xB3, 0xB7, 0xB3, 0xB7, 0xB3, 0xB7, 0xB3, 0xB7, 0xB3,
    0xB7, 0xB3, 0xB7, 0xB3, 0xB7, 0xB3, 0xB7, 0xB3, 0xB7, 0xB3, 0xB7, 0xB3, 0xB7, 0xB3, 0xB7, 0xB3,
    0xB7, 0xB3, 0xB7, 0xB3, 0xB7, 0xB3, 0xB7, 0xB3, 0xB7, 0xB3, 0xD7, 0xBB, 0xD7, 0xB3, 0xB7, 0xB3,
    0x18, 0xB4, 0x38, 0xB4, 0xB7, 0xB3, 0xB7, 0xB3, 0xD7, 0xB3, 0xD7, 0xBB, 0xB7, 0xB3, 0xB7, 0xB3,
    0xB7, 0xB3, 0xB7, 0xB3, 0xB7, 0xB3, 0xB7, 0xB3, 0xB7, 0xB3, 0xB7, 0xB3, 0xB7, 0xB3, 0xB7, 0xB3,
    0xB7, 0xB3, 0xB7, 0xB3, 0xB7, 0xB3, 0xB7, 0xB3, 0xB7, 0xB3, 0xB7, 0xB3, 0xB7, 0xB3, 0x79, 0xAC,
    0x1B, 0x85, 0x1D, 0x65, 0x1D, 0x65, 0xFC, 0x5C, 0xFC, 0x64, 0xDC, 0x5C, 0xDC, 0x5C, 0xDC, 0x5C,
    0xDC, 0x5C, 0xDC, 0x5C, 0xFC, 0x64, 0xDC, 0x64, 0xDC, 0x5C, 0xBB, 0x54, 0xBC, 0x54, 0xFB, 0x64,
    0x7C, 0x7D, 0x1D, 0x9E, 0xDE, 0xC6, 0x5F, 0xDF, 0xDF, 0xF7, 0xFF, 0xFF, 0xFF, 0xFF, 0xFF, 0xFF,
    0xFF, 0xFF, 0xFF, 0xFF, 0xFF, 0xFF, 0xFF, 0xFF, 0xFF, 0xFF, 0xFF, 0xFF, 0xFF, 0xFF, 0xFF, 0xFF,
    0xFF, 0xFF, 0xFF, 0xFF, 0xFF, 0xFF, 0xFF, 0xFF, 0xFF, 0xFF, 0xFF, 0xFF, 0xFF, 0xFF, 0xFF, 0xFF,
    0xBF, 0xF7, 0x3E, 0xD7, 0x9E, 0xB6, 0xBC, 0x8D, 0x1C, 0x65, 0x9B, 0x54, 0xBC, 0x54, 0xDC, 0x5C,
    0xFC, 0x64, 0xFC, 0x64, 0xDC, 0x5C, 0xFC, 0x64, 0x1C, 0x65, 0x3D, 0x6D, 0x5E, 0x6D, 0xDB, 0x6C,
    0xBA, 0x94, 0x17, 0xBC, 0xB7, 0xB3, 0xB7, 0xB3, 0xB7, 0xB3, 0xB7, 0xB3, 0xB7, 0xB3, 0xB7, 0xB3,
    0xB7, 0xB3, 0xB7, 0xB3, 0xB7, 0xB3, 0xB7, 0xB3, 0xB7, 0xB3, 0xB7, 0xB3, 0xB7, 0xB3, 0xD7, 0xB3,
    0x9A, 0x84, 0x3E, 0x65, 0x9B, 0x54, 0xDB, 0x64, 0x5C, 0x7D, 0xFD, 0x95, 0x1D, 0xA6, 0xDD, 0x95,
    0x1C, 0x6D, 0xDC, 0x54, 0xDC, 0x64, 0xDC, 0x5C, 0x5E, 0x6D, 0x38, 0xAC, 0xB7, 0xB3, 0xB7, 0xB3,
    0xB7, 0xB3, 0xB7, 0xB3, 0xB7, 0xB3, 0xB7, 0xB3, 0xB7, 0xB3, 0xB7, 0xB3, 0xB7, 0xB3, 0xB7, 0xB3,
    0xB7, 0xB3, 0xB7, 0xB3, 0xB7, 0xB3, 0xB7, 0xB3, 0xB7, 0xB3, 0xB7, 0xB3, 0xB7, 0xB3, 0xB7, 0xB3,
    0xB7, 0xB3, 0xB7, 0xB3, 0xB7, 0xB3, 0xB7, 0xB3, 0xB7, 0xB3, 0xB7, 0xB3, 0xB7, 0xB3, 0xB7, 0xB3,
    0xB7, 0xB3, 0xB7, 0xB3, 0xB7, 0xB3, 0xB7, 0xB3, 0xB7, 0xB3, 0xB7, 0xB3, 0xB7, 0xB3, 0xB7, 0xB3,
    0xB7, 0xB3, 0xB7, 0xB3, 0xB7, 0xB3, 0xB7, 0xB3, 0xB7, 0xB3, 0xB7, 0xB3, 0xB7, 0xB3, 0xB6, 0xB3,
    0xB7, 0xB3, 0xB7, 0xB3, 0x56, 0xB3, 0x58, 0xBC, 0x9F, 0xFF, 0x5E, 0xE7, 0x9F, 0xEF, 0xFF, 0xFF,
    0xFF, 0xFF, 0xDF, 0xFF, 0xBF, 0xF7, 0x9F, 0xEF, 0x3E, 0xE7, 0xDD, 0xDE, 0x5C, 0xC6, 0x7A, 0xAD,
    0x98, 0xB4, 0x17, 0xB4, 0xF8, 0xB4, 0x9D, 0xC6, 0xBC, 0xB6, 0x7B, 0xAE, 0x9A, 0x7D, 0x37, 0x34,
    0xB6, 0x1B, 0x54, 0x23, 0x8E, 0x2A, 0x28, 0x09, 0x64, 0x00, 0x22, 0x00, 0x22, 0x00, 0x21, 0x00,
    0x01, 0x00, 0x01, 0x00, 0x01, 0x00, 0x01, 0x00, 0x00, 0x00, 0x00, 0x00, 0x00, 0x00, 0x01, 0x00,
    0x00, 0x00, 0x00, 0x00, 0x01, 0x00, 0x01, 0x00, 0x21, 0x00, 0x42, 0x00, 0x42, 0x00, 0x43, 0x00,
    0xA4, 0x08, 0x48, 0x19, 0xCA, 0x21, 0xEA, 0x29, 0x2A, 0x3A, 0xCD, 0x52, 0x70, 0x6B, 0xF2, 0x73,
    0x33, 0x7C, 0x94, 0x84, 0x56, 0x95, 0x52, 0x8C, 0xF8, 0xBD, 0x9B, 0xC6, 0x5A, 0xBE, 0x7B, 0xC6,
    0xDC, 0xD6, 0x3D, 0xE7, 0x3D, 0xE7, 0x7E, 0xEF, 0xBF, 0xF7, 0xDB, 0xD5, 0x19, 0xC5, 0xD8, 0xC4,
    0x77, 0xBC, 0x17, 0xBC, 0xD7, 0xBB, 0x53, 0x9B, 0x13, 0x94, 0x56, 0x9C, 0x35, 0xA3, 0x96, 0xB3,
    0xB7, 0xB3, 0xB7, 0xB3, 0xB7, 0xB3, 0xB7, 0xB3, 0xB7, 0xB3, 0xB7, 0xB3, 0xB7, 0xB3, 0xB7, 0xB3,
    0xB7, 0xB3, 0xB7, 0xB3, 0xB7, 0xB3, 0xB7, 0xB3, 0xB7, 0xB3, 0xB7, 0xB3, 0xB7, 0xB3, 0xB7, 0xB3,
    0xB7, 0xB3, 0xB7, 0xB3, 0xB7, 0xB3, 0xB7, 0xB3, 0xB7, 0xB3, 0xB7, 0xB3, 0xB7, 0xB3, 0xB7, 0xB3,
    0xB7, 0xB3, 0xB7, 0xB3, 0xB7, 0xB3, 0xB7, 0xB3, 0xB7, 0xB3, 0xB7, 0xB3, 0xB7, 0xB3, 0xB7, 0xB3,
    0xB7, 0xB3, 0xB7, 0xB3, 0xB7, 0xB3, 0xB7, 0xB3, 0xB7, 0xB3, 0xB7, 0xB3, 0xB7, 0xB3, 0xB7, 0xB3,
    0xB7, 0xB3, 0xB7, 0xB3, 0xB7, 0xB3, 0xB7, 0xB3, 0xB7, 0xB3, 0xB7, 0xB3, 0xB7, 0xB3, 0xB7, 0xB3,
    0xB7, 0xB3, 0xB7, 0xB3, 0xB7, 0xB3, 0xB7, 0xB3, 0xB7, 0xB3, 0xB7, 0xB3, 0xB7, 0xB3, 0xB7, 0xB3,
    0xB7, 0xB3, 0xB7, 0xB3, 0xB7, 0xB3, 0xB7, 0xB3, 0xB7, 0xB3, 0xB7, 0xB3, 0xB7, 0xB3, 0xB7, 0xB3,
    0xB7, 0xB3, 0xB7, 0xB3, 0xB7, 0xB3, 0xB7, 0xB3, 0xB7, 0xB3, 0xB7, 0xB3, 0xB7, 0xB3, 0xB7, 0xB3,
    0xB7, 0xB3, 0xB7, 0xB3, 0xB7, 0xB3, 0xB7, 0xB3, 0xB7, 0xB3, 0xB7, 0xB3, 0xB7, 0xB3, 0xB7, 0xB3,
    0xB7, 0xB3, 0xB7, 0xB3, 0xB7, 0xB3, 0xB7, 0xB3, 0xB7, 0xB3, 0xB7, 0xB3, 0xB7, 0xB3, 0xB7, 0xB3,
    0xB7, 0xB3, 0xB7, 0xB3, 0xB7, 0xB3, 0xB7, 0xB3, 0xB7, 0xB3, 0xB7, 0xB3, 0xB7, 0xB3, 0xB7, 0xB3,
    0xB7, 0xB3, 0xB7, 0xB3, 0xB7, 0xB3, 0xB7, 0xB3, 0xB7, 0xB3, 0xB7, 0xB3, 0xB7, 0xB3, 0xB7, 0xB3,
    0xB7, 0xB3, 0xB7, 0xB3, 0xB7, 0xB3, 0xB7, 0xB3, 0xB7, 0xB3, 0xB7, 0xB3, 0xB7, 0xB3, 0xB7, 0xB3,
    0xD7, 0xBB, 0x38, 0xAC, 0xFB, 0x84, 0x1C, 0x65, 0x3D, 0x65, 0xFC, 0x64, 0xDB, 0x64, 0xDB, 0x64,
    0xDC, 0x5C, 0xDC, 0x5C, 0xDC, 0x5C, 0xDC, 0x5C, 0xDC, 0x5C, 0xFC, 0x64, 0xDC, 0x64, 0xDC, 0x5C,
    0xBC, 0x54, 0xBC, 0x54, 0xBB, 0x54, 0xDB, 0x5C, 0x1C, 0x6D, 0x7C, 0x7D, 0xFD, 0x95, 0x3D, 0xA6,
    0x9E, 0xB6, 0xDE, 0xC6, 0x1E, 0xCF, 0x3F, 0xDF, 0x5F, 0xDF, 0x5F, 0xDF, 0x5E, 0xE7, 0x5F, 0xDF,
    0x5E, 0xDF, 0x3E, 0xD7, 0x1E, 0xCF, 0xDE, 0xC6, 0xBE, 0xBE, 0x3D, 0xA6, 0xFD, 0x95, 0x7C, 0x7D,
    0xFC, 0x64, 0xBB, 0x5C, 0x9B, 0x54, 0xBC, 0x54, 0xDC, 0x5C, 0xFC, 0x64, 0xDC, 0x64, 0xFC, 0x64,
    0xDC, 0x64, 0xDC, 0x5C, 0xFC, 0x5C, 0x3D, 0x65, 0x1C, 0x65, 0x1B, 0x7D, 0xBA, 0x9C, 0xF7, 0xBB,
    0xB7, 0xB3, 0xB7, 0xB3, 0xB7, 0xB3, 0xB7, 0xB3, 0xB7, 0xB3, 0xB7, 0xB3, 0xB7, 0xB3, 0xB7, 0xB3,
    0xB7, 0xB3, 0xB7, 0xB3, 0xB7, 0xB3, 0xB7, 0xB3, 0xB7, 0xB3, 0xB7, 0xB3, 0x17, 0xB4, 0xFB, 0x7C,
    0x1D, 0x5D, 0xFC, 0x64, 0x5D, 0xAE, 0x7F, 0xE7, 0xFF, 0xFF, 0xFF, 0xFF, 0xFF, 0xFF, 0xFF, 0xFF,
    0xBF, 0xF7, 0xFC, 0xA5, 0xBB, 0x5C, 0xFC, 0x64, 0x1D, 0x65, 0xDA, 0x84, 0xB7, 0xB3, 0xB7, 0xB3,
    0xB7, 0xB3, 0xB7, 0xB3, 0xB7, 0xB3, 0xB7, 0xB3, 0xB7, 0xB3, 0xB7, 0xB3, 0xB7, 0xB3, 0xB7, 0xB3,
    0xB7, 0xB3, 0xB7, 0xB3, 0xB7, 0xB3, 0xB7, 0xB3, 0xB7, 0xB3, 0xB7, 0xB3, 0xB7, 0xB3, 0xB7, 0xB3,
    0xB7, 0xB3, 0xB7, 0xB3, 0xB7, 0xB3, 0xB7, 0xB3, 0xB7, 0xB3, 0xB7, 0xB3, 0xB7, 0xB3, 0xB7, 0xB3,
    0xB7, 0xB3, 0xB7, 0xB3, 0xB7, 0xB3, 0xB7, 0xB3, 0xB7, 0xB3, 0xB7, 0xB3, 0xB7, 0xB3, 0xB7, 0xB3,
    0xB7, 0xBB, 0xB7, 0xBB, 0xB7, 0xB3, 0xB7, 0xB3, 0xB7, 0xB3, 0xB7, 0xB3, 0xB7, 0xB3, 0xB7, 0xB3,
    0xB7, 0xB3, 0x56, 0xAB, 0xF7, 0xB3, 0xFD, 0xEE, 0xFF, 0xF7, 0xFC, 0xDE, 0xB7, 0xAD, 0x94, 0x8C,
    0xB0, 0x6B, 0x0E, 0x53, 0xCD, 0x4A, 0x0E, 0x4B, 0x16, 0x8D, 0x3B, 0xAE, 0xBA, 0x85, 0x9B, 0x5D,
    0x9C, 0xAE, 0xBD, 0xCE, 0xBC, 0xBE, 0x7C, 0xB6, 0x3B, 0xAE, 0xFA, 0x9D, 0x98, 0x3C, 0x58, 0x2C,
    0x33, 0x23, 0xA9, 0x19, 0x0B, 0x2A, 0xC7, 0x00, 0xC5, 0x00, 0xA5, 0x00, 0xA5, 0x00, 0x85, 0x00,
    0x84, 0x00, 0x84, 0x00, 0x84, 0x00, 0x64, 0x00, 0x64, 0x00, 0x64, 0x00, 0x64, 0x00, 0x63, 0x00,
    0x63, 0x00, 0x63, 0x00, 0x43, 0x00, 0x43, 0x00, 0xA4, 0x08, 0xE5, 0x10, 0x47, 0x19, 0x0B, 0x2A,
    0x8D, 0x3A, 0x6C, 0x3A, 0x6C, 0x42, 0x2F, 0x5B, 0xF2, 0x73, 0x54, 0x7C, 0x95, 0x84, 0xB5, 0x84,
    0x33, 0x7C, 0x12, 0x74, 0x10, 0x7C, 0x56, 0xA5, 0x3A, 0xBE, 0x19, 0xB6, 0xF9, 0xB5, 0xF9, 0xB5,
    0x3A, 0xBE, 0x5A, 0xBE, 0x99, 0x9D, 0xD7, 0x7C, 0xB6, 0x7C, 0xB9, 0x9D, 0x7C, 0xB6, 0xDD, 0xCE,
    0x1E, 0xDF, 0xFE, 0xDE, 0x5F, 0xEF, 0x15, 0xA5, 0x87, 0x29, 0x55, 0xA5, 0xBD, 0xDE, 0x95, 0xA3,
    0x76, 0xB3, 0xB7, 0xB3, 0xB7, 0xB3, 0xB7, 0xB3, 0xB7, 0xB3, 0xB7, 0xB3, 0xB7, 0xB3, 0xB7, 0xB3,
    0xB7, 0xB3, 0xB7, 0xB3, 0xB7, 0xB3, 0xB7, 0xB3, 0xB7, 0xB3, 0xB7, 0xB3, 0xB7, 0xB3, 0xB7, 0xB3,
    0xB7, 0xB3, 0xB7, 0xB3, 0xB7, 0xB3, 0xB7, 0xB3, 0xB7, 0xB3, 0xB7, 0xB3, 0xB7, 0xB3, 0xB7, 0xB3,
    0xB7, 0xB3, 0xB7, 0xB3, 0xB7, 0xB3, 0xB7, 0xB3, 0xB7, 0xB3, 0xB7, 0xB3, 0xB7, 0xB3, 0xB7, 0xB3,
    0xB7, 0xB3, 0xB7, 0xB3, 0xB7, 0xB3, 0xB7, 0xB3, 0xB7, 0xB3, 0xB7, 0xB3, 0xB7, 0xB3, 0xB7, 0xB3,
    0xB7, 0xB3, 0xB7, 0xB3, 0xB7, 0xB3, 0xB7, 0xB3, 0xB7, 0xB3, 0xB7, 0xB3, 0xB7, 0xB3, 0xB7, 0xB3,
    0xB7, 0xB3, 0xB7, 0xB3, 0xB7, 0xB3, 0xB7, 0xB3, 0xB7, 0xB3, 0xB7, 0xB3, 0xB7, 0xB3, 0xB7, 0xB3,
    0xB7, 0xB3, 0xB7, 0xB3, 0xB7, 0xB3, 0xB7, 0xB3, 0xB7, 0xB3, 0xB7, 0xB3, 0xB7, 0xB3, 0xB7, 0xB3,
    0xB7, 0xB3, 0xB7, 0xB3, 0xB7, 0xB3, 0xB7, 0xB3, 0xB7, 0xB3, 0xB7, 0xB3, 0xB7, 0xB3, 0xB7, 0xB3,
    0xB7, 0xB3, 0xB7, 0xB3, 0xB7, 0xB3, 0xB7, 0xB3, 0xB7, 0xB3, 0xB7, 0xB3, 0xB7, 0xB3, 0xB7, 0xB3,
    0xB7, 0xB3, 0xB7, 0xB3, 0xB7, 0xB3, 0xB7, 0xB3, 0xB7, 0xB3, 0xB7, 0xB3, 0xB7, 0xB3, 0xB7, 0xB3,
    0xB7, 0xB3, 0xB7, 0xB3, 0xB7, 0xB3, 0xB7, 0xB3, 0xB7, 0xB3, 0xB7, 0xB3, 0xB7, 0xB3, 0xB7, 0xB3,
    0xB7, 0xB3, 0xB7, 0xB3, 0xB7, 0xB3, 0xB7, 0xB3, 0xB7, 0xB3, 0xB7, 0xB3, 0xB7, 0xB3, 0xB7, 0xB3,
    0xB7, 0xB3, 0xB7, 0xB3, 0xB7, 0xB3, 0xB7, 0xB3, 0xB7, 0xB3, 0xB7, 0xB3, 0xB7, 0xB3, 0xB7, 0xB3,
    0xB7, 0xB3, 0xB7, 0xB3, 0xB7, 0xB3, 0x18, 0xB4, 0x9A, 0x8C, 0xFB, 0x6C, 0x5D, 0x65, 0x3E, 0x65,
    0xFD, 0x64, 0xDC, 0x5C, 0xDB, 0x64, 0xFC, 0x5C, 0xDC, 0x5C, 0xDC, 0x5C, 0xFC, 0x5C, 0xFC, 0x64,
    0xFC, 0x64, 0xFC, 0x64, 0xFC, 0x64, 0xDC, 0x5C, 0xDC, 0x5C, 0xBC, 0x5C, 0xBC, 0x54, 0x9C, 0x54,
    0x9C, 0x54, 0x9C, 0x54, 0xBC, 0x54, 0xBC, 0x5C, 0xBC, 0x5C, 0xDC, 0x5C, 0xDC, 0x5C, 0xDC, 0x5C,
    0xBC, 0x5C, 0xBB, 0x54, 0xBC, 0x54, 0xBC, 0x54, 0x9B, 0x54, 0x9C, 0x54, 0x9C, 0x54, 0xBC, 0x5C,
    0xDC, 0x5C, 0xDC, 0x5C, 0xDC, 0x64, 0xDC, 0x64, 0xDC, 0x64, 0xDC, 0x5C, 0xDC, 0x5C, 0xFD, 0x64,
    0x3E, 0x65, 0x5D, 0x6D, 0xFB, 0x74, 0xBA, 0x94, 0x38, 0xAC, 0xD7, 0xBB, 0xB7, 0xB3, 0xB7, 0xB3,
    0xB7, 0xB3, 0xB7, 0xB3, 0xB7, 0xB3, 0xB7, 0xB3, 0xB7, 0xB3, 0xB7, 0xB3, 0xB7, 0xB3, 0xB7, 0xB3,
    0xB7, 0xB3, 0xB7, 0xB3, 0xB7, 0xB3, 0xB7, 0xB3, 0xB7, 0xB3, 0x58, 0xB4, 0x5C, 0x7D, 0xDD, 0x5C,
    0xFB, 0x6C, 0x7F, 0xE7, 0xFF, 0xFF, 0xFF, 0xFF, 0xFF, 0xFF, 0xFF, 0xFF, 0xFF, 0xFF, 0xDF, 0xFF,
    0xFF, 0xFF, 0x9D, 0xEE, 0x58, 0x9C, 0x3E, 0x65, 0xDC, 0x5C, 0x1C, 0x65, 0x17, 0xB4, 0xB7, 0xB3,
    0xB7, 0xB3, 0xB7, 0xB3, 0xB7, 0xB3, 0xB7, 0xB3, 0xB7, 0xB3, 0xB7, 0xB3, 0xB7, 0xB3, 0xB7, 0xB3,
    0xB7, 0xB3, 0xB7, 0xB3, 0xB7, 0xB3, 0xB7, 0xB3, 0xB7, 0xB3, 0xB7, 0xB3, 0xB7, 0xB3, 0xB7, 0xB3,
    0xB7, 0xB3, 0xB7, 0xB3, 0xB7, 0xB3, 0xB7, 0xB3, 0xB7, 0xB3, 0xB7, 0xB3, 0xB7, 0xB3, 0xB7, 0xB3,
    0xB7, 0xB3, 0xB7, 0xB3, 0xB7, 0xB3, 0xB7, 0xB3, 0xB7, 0xB3, 0xB7, 0xB3, 0xB7, 0xB3, 0xB7, 0xB3,
    0xB7, 0xB3, 0xB7, 0xB3, 0xB7, 0xB3, 0xB7, 0xB3, 0xB7, 0xB3, 0xB7, 0xB3, 0xB7, 0xB3, 0x97, 0xB3,
    0x96, 0xAB, 0x1C, 0xD6, 0xBF, 0xF7, 0x3D, 0xDF, 0x11, 0x7C, 0x4B, 0x3A, 0x2B, 0x32, 0x2B, 0x32,
    0x0A, 0x32, 0xCA, 0x29, 0x68, 0x19, 0xC6, 0x08, 0xA5, 0x00, 0x13, 0x6C, 0x1B, 0xA6, 0x5B, 0xAE,
    0x7B, 0xBE, 0x9C, 0xBE, 0x7C, 0xB6, 0x5B, 0xAE, 0x1A, 0xA6, 0x97, 0x9D, 0xD9, 0x4C, 0xDA, 0x44,
    0x57, 0x3C, 0x11, 0x2B, 0xD0, 0x2A, 0x6E, 0x1A, 0x2D, 0x1A, 0x2D, 0x1A, 0x0C, 0x1A, 0x0C, 0x1A,
    0x0C, 0x12, 0xEB, 0x11, 0xEB, 0x19, 0xEB, 0x19, 0xCB, 0x19, 0xCB, 0x19, 0xCB, 0x19, 0xAA, 0x19,
    0xAA, 0x19, 0xCA, 0x19, 0xCA, 0x19, 0x0B, 0x2A, 0x8D, 0x3A, 0x10, 0x43, 0x30, 0x4B, 0xEE, 0x4A,
    0x0E, 0x53, 0x91, 0x63, 0x54, 0x7C, 0xB5, 0x84, 0xB6, 0x84, 0xB5, 0x84, 0x94, 0x84, 0x73, 0x84,
    0x56, 0x9D, 0x30, 0x8C, 0x14, 0xA5, 0x77, 0xA5, 0xD8, 0xB5, 0xF9, 0xB5, 0xB8, 0xB5, 0x98, 0xAD,
    0x37, 0x9D, 0x95, 0x74, 0xCE, 0x42, 0x47, 0x19, 0x27, 0x11, 0x68, 0x19, 0xEA, 0x31, 0xCE, 0x4A,
    0xB1, 0x63, 0xF6, 0x8C, 0xFA, 0xA5, 0xDD, 0xCE, 0xD8, 0xB5, 0x6B, 0x4A, 0xD0, 0x73, 0x78, 0xAD,
    0x75, 0xA3, 0x97, 0xBB, 0xB7, 0xB3, 0xB7, 0xB3, 0xB7, 0xB3, 0xB7, 0xB3, 0xB7, 0xB3, 0xB7, 0xB3,
    0xB7, 0xB3, 0xB7, 0xB3, 0xB7, 0xB3, 0xB7, 0xB3, 0xB7, 0xB3, 0xB7, 0xB3, 0xB7, 0xB3, 0xB7, 0xB3,
    0xB7, 0xB3, 0xB7, 0xB3, 0xB7, 0xB3, 0xB7, 0xB3, 0xB7, 0xB3, 0xB7, 0xB3, 0xB7, 0xB3, 0xB7, 0xB3,
    0xB7, 0xB3, 0xB7, 0xB3, 0xB7, 0xB3, 0xB7, 0xB3, 0xB7, 0xB3, 0xB7, 0xB3, 0xB7, 0xB3, 0xB7, 0xB3,
    0xB7, 0xB3, 0xB7, 0xB3, 0xB7, 0xB3, 0xB7, 0xB3, 0xB7, 0xB3, 0xB7, 0xB3, 0xB7, 0xB3, 0xB7, 0xB3,
    0xB7, 0xB3, 0xB7, 0xB3, 0xB7, 0xB3, 0xB7, 0xB3, 0xB7, 0xB3, 0xB7, 0xB3, 0xB7, 0xB3, 0xB7, 0xB3,
    0xB7, 0xB3, 0xB7, 0xB3, 0xB7, 0xB3, 0xB7, 0xB3, 0xB7, 0xB3, 0xB7, 0xB3, 0xB7, 0xB3, 0xB7, 0xB3,
    0xB7, 0xB3, 0xB7, 0xB3, 0xB7, 0xB3, 0xB7, 0xB3, 0xB7, 0xB3, 0xB7, 0xB3, 0xB7, 0xB3, 0xB7, 0xB3,
    0xB7, 0xB3, 0xB7, 0xB3, 0xB7, 0xB3, 0xB7, 0xB3, 0xB7, 0xB3, 0xB7, 0xB3, 0xB7, 0xB3, 0xB7, 0xB3,
    0xB7, 0xB3, 0xB7, 0xB3, 0xB7, 0xB3, 0xB7, 0xB3, 0xB7, 0xB3, 0xB7, 0xB3, 0xB7, 0xB3, 0xB7, 0xB3,
    0xB7, 0xB3, 0xB7, 0xB3, 0xB7, 0xB3, 0xB7, 0xB3, 0xB7, 0xB3, 0xB7, 0xB3, 0xB7, 0xB3, 0xB7, 0xB3,
    0xB7, 0xB3, 0xB7, 0xB3, 0xB7, 0xB3, 0xB7, 0xB3, 0xB7, 0xB3, 0xB7, 0xB3, 0xB7, 0xB3, 0xB7, 0xB3,
    0xB7, 0xB3, 0xB7, 0xB3, 0xB7, 0xB3, 0xB7, 0xB3, 0xB7, 0xB3, 0xB7, 0xB3, 0xB7, 0xB3, 0xB7, 0xB3,
    0xB7, 0xB3, 0xB7, 0xB3, 0xB7, 0xB3, 0xB7, 0xB3, 0xB7, 0xB3, 0xB7, 0xB3, 0xB7, 0xB3, 0xB7, 0xB3,
    0xB7, 0xB3, 0xB7, 0xB3, 0xB7, 0xB3, 0xB7, 0xB3, 0xB7, 0xB3, 0xF7, 0xB3, 0x59, 0xA4, 0xBA, 0x84,
    0xDB, 0x6C, 0x3D, 0x65, 0x3D, 0x65, 0x1D, 0x65, 0x1C, 0x65, 0xFC, 0x64, 0xDC, 0x64, 0xFC, 0x5C,
    0xFD, 0x64, 0xDC, 0x5C, 0xDC, 0x64, 0xDC, 0x5C, 0xDC, 0x64, 0xDC, 0x5C, 0xDC, 0x64, 0xDC, 0x64,
    0xDC, 0x64, 0xDC, 0x64, 0xDC, 0x64, 0xDC, 0x64, 0xDC, 0x64, 0xDC, 0x5C, 0xDC, 0x5C, 0xDC, 0x5C,
    0xDC, 0x64, 0xDC, 0x64, 0xDC, 0x64, 0xDC, 0x64, 0xDC, 0x64, 0xDC, 0x64, 0xDC, 0x64, 0xDC, 0x64,
    0xDC, 0x64, 0xDC, 0x5C, 0xFC, 0x5C, 0x1D, 0x65, 0x1D, 0x65, 0x3E, 0x65, 0x1C, 0x65, 0xFB, 0x74,
    0x9A, 0x8C, 0x79, 0xAC, 0xF7, 0xBB, 0xB7, 0xB3, 0xB7, 0xB3, 0xB7, 0xB3, 0xB7, 0xB3, 0xB7, 0xB3,
    0xB7, 0xB3, 0xB7, 0xB3, 0xB7, 0xB3, 0xB7, 0xB3, 0xB7, 0xB3, 0xB7, 0xB3, 0xB7, 0xB3, 0xB7, 0xB3,
    0xB7, 0xB3, 0xB7, 0xB3, 0xB7, 0xB3, 0xB7, 0xB3, 0x38, 0xB4, 0x5C, 0x75, 0xFC, 0x5C, 0xDB, 0x5C,
    0x5F, 0xDF, 0xFF, 0xFF, 0xFF, 0xFF, 0xFF, 0xFF, 0xFF, 0xFF, 0xFF, 0xFF, 0xFF, 0xFF, 0xFF, 0xFF,
    0xFF, 0xFF, 0x7E, 0xF7, 0xF7, 0xBB, 0xFB, 0x74, 0xDD, 0x5C, 0x3D, 0x6D, 0x38, 0xA4, 0xB7, 0xB3,
    0xB7, 0xB3, 0xB7, 0xB3, 0xB7, 0xB3, 0xB7, 0xB3, 0xB7, 0xB3, 0xB7, 0xB3, 0xB7, 0xB3, 0xB7, 0xB3,
    0xB7, 0xB3, 0xB7, 0xB3, 0xB7, 0xB3, 0xB7, 0xB3, 0xB7, 0xB3, 0xB7, 0xB3, 0xB7, 0xB3, 0xB7, 0xB3,
    0xB7, 0xB3, 0xB7, 0xB3, 0xB7, 0xB3, 0xB7, 0xB3, 0xB7, 0xB3, 0xB7, 0xB3, 0xB7, 0xB3, 0xB7, 0xB3,
    0xB7, 0xB3, 0xB7, 0xB3, 0xB7, 0xB3, 0xB7, 0xB3, 0xB7, 0xB3, 0x76, 0xB3, 0x56, 0xAB, 0xB6, 0xB3,
    0x58, 0xBC, 0x58, 0xBC, 0x96, 0xAB, 0x96, 0xB3, 0x76, 0xB3, 0x56, 0xB3, 0xB7, 0xB3, 0x55, 0xAB,
    0x9D, 0xE6, 0xFF, 0xEF, 0xBC, 0xCE, 0xA8, 0x29, 0x47, 0x19, 0xAD, 0x42, 0x2C, 0x32, 0xA9, 0x21,
    0xC9, 0x31, 0xEA, 0x31, 0x2B, 0x3A, 0x2B, 0x32, 0x68, 0x19, 0x64, 0x00, 0x94, 0x7C, 0xDC, 0xCE,
    0x9C, 0xC6, 0xFA, 0xAD, 0x3A, 0xAE, 0x5B, 0xAE, 0xFB, 0x9D, 0x36, 0x95, 0x53, 0x74, 0x77, 0x54,
    0xD8, 0x54, 0x1A, 0x55, 0xF9, 0x54, 0xD9, 0x54, 0xD8, 0x54, 0xB8, 0x54, 0xB8, 0x5C, 0xB7, 0x5C,
    0xB7, 0x5C, 0xB7, 0x5C, 0x97, 0x5C, 0x97, 0x5C, 0x76, 0x5C, 0x76, 0x5C, 0x76, 0x5C, 0x55, 0x5C,
    0x35, 0x5C, 0x14, 0x5C, 0xF3, 0x5B, 0xB2, 0x5B, 0x50, 0x53, 0x0F, 0x4B, 0x2F, 0x53, 0xF2, 0x6B,
    0x95, 0x7C, 0xF7, 0x84, 0x17, 0x8D, 0xF6, 0x8C, 0x36, 0x95, 0x16, 0x95, 0x57, 0x9D, 0x1A, 0xB6,
    0x55, 0xAD, 0xF3, 0xA4, 0x59, 0xC6, 0xF0, 0x73, 0x19, 0xB6, 0xD8, 0xB5, 0xF0, 0x83, 0xCC, 0x5A,
    0x4F, 0x53, 0x0C, 0x2A, 0x48, 0x11, 0xAA, 0x21, 0xCA, 0x21, 0xA9, 0x21, 0xA9, 0x21, 0xC9, 0x29,
    0xA8, 0x21, 0x47, 0x19, 0x8C, 0x42, 0x17, 0x8D, 0x9C, 0xBE, 0xBC, 0xCE, 0x53, 0x84, 0xF6, 0x8C,
    0xBA, 0xC5, 0x55, 0xAB, 0xB7, 0xB3, 0xB7, 0xB3, 0xB7, 0xB3, 0xB7, 0xB3, 0xB7, 0xB3, 0xB7, 0xB3,
    0xB7, 0xB3, 0xB7, 0xB3, 0xB7, 0xB3, 0xB7, 0xB3, 0xB7, 0xB3, 0xB7, 0xB3, 0xB7, 0xB3, 0xB7, 0xB3,
    0xB7, 0xB3, 0xB7, 0xB3, 0xB7, 0xB3, 0xB7, 0xB3, 0xB7, 0xB3, 0xB7, 0xB3, 0xB7, 0xB3, 0xB7, 0xB3,
    0xB7, 0xB3, 0xB7, 0xB3, 0xB7, 0xB3, 0xB7, 0xB3, 0xB7, 0xB3, 0xB7, 0xB3, 0xB7, 0xB3, 0xB7, 0xB3,
    0xB7, 0xB3, 0xB7, 0xB3, 0xB7, 0xB3, 0xB7, 0xB3, 0xB7, 0xB3, 0xB7, 0xB3, 0xB7, 0xB3, 0xB7, 0xB3,
    0xB7, 0xB3, 0xB7, 0xB3, 0xB7, 0xB3, 0xB7, 0xB3, 0xB7, 0xB3, 0xB7, 0xB3, 0xB7, 0xB3, 0xB7, 0xB3,
    0xB7, 0xBB, 0xB7, 0xBB, 0xB7, 0xBB, 0xB7, 0xBB, 0xB7, 0xBB, 0xB7, 0xBB, 0xB7, 0xBB, 0xB7, 0xBB,
    0xB7, 0xBB, 0xB7, 0xBB, 0xB7, 0xBB, 0xB7, 0xBB, 0xB7, 0xBB, 0xB7, 0xBB, 0xB7, 0xBB, 0xB7, 0xBB,
    0xB7, 0xBB, 0xB7, 0xBB, 0xB7, 0xBB, 0xB7, 0xBB, 0xB7, 0xBB, 0xB7, 0xBB, 0xB7, 0xBB, 0xB7, 0xBB,
    0xB7, 0xBB, 0xB7, 0xBB, 0xB7, 0xBB, 0xB7, 0xBB, 0xB7, 0xBB, 0xB7, 0xBB, 0xB7, 0xBB, 0xB7, 0xBB,
    0xB7, 0xBB, 0xB7, 0xBB, 0xB7, 0xBB, 0xB7, 0xBB, 0xB7, 0xBB, 0xB7, 0xBB, 0xB7, 0xBB, 0xB7, 0xBB,
    0xB7, 0xBB, 0xB7, 0xBB, 0xB7, 0xBB, 0xB7, 0xBB, 0xB7, 0xBB, 0xB7, 0xBB, 0xB7, 0xBB, 0xB7, 0xBB,
    0xB7, 0xBB, 0xB7, 0xBB, 0xB7, 0xBB, 0xB7, 0xBB, 0xB7, 0xBB, 0xB7, 0xBB, 0xB7, 0xBB, 0xB7, 0xBB,
    0xB7, 0xBB, 0xB7, 0xBB, 0xB7, 0xBB, 0xB7, 0xBB, 0xB7, 0xBB, 0xB7, 0xBB, 0xB7, 0xBB, 0xB7, 0xBB,
    0xB7, 0xBB, 0xB7, 0xBB, 0xB7, 0xBB, 0xB7, 0xBB, 0xB7, 0xB3, 0xB7, 0xBB, 0xB7, 0xBB, 0xB7, 0xBB,
    0xF7, 0xBB, 0x79, 0xAC, 0xDA, 0x94, 0xFB, 0x7C, 0xBB, 0x64, 0x5D, 0x6D, 0x9E, 0x75, 0x3B, 0x7D,
    0xDB, 0x74, 0x1D, 0x65, 0x3E, 0x65, 0x3E, 0x65, 0xFD, 0x5C, 0xDC, 0x5C, 0xDC, 0x5C, 0x3E, 0x65,
    0x3E, 0x65, 0x1D, 0x65, 0x1E, 0x65, 0x1E, 0x65, 0x1E, 0x65, 0x1E, 0x65, 0x1E, 0x65, 0x1E, 0x65,
    0x1D, 0x65, 0x1D, 0x65, 0x1E, 0x65, 0x1E, 0x65, 0x1D, 0x65, 0x3E, 0x65, 0x3E, 0x65, 0x5E, 0x65,
    0x3D, 0x65, 0xFD, 0x64, 0xDB, 0x64, 0xBB, 0x6C, 0xDB, 0x84, 0x79, 0x9C, 0x38, 0xB4, 0xF7, 0xBB,
    0xB7, 0xBB, 0xB7, 0xBB, 0xB7, 0xBB, 0xB7, 0xB3, 0xB7, 0xB3, 0xB7, 0xB3, 0xB7, 0xBB, 0xB7, 0xBB,
    0xB7, 0xBB, 0xB7, 0xBB, 0xB7, 0xBB, 0xB7, 0xBB, 0xB7, 0xBB, 0xB7, 0xBB, 0xB7, 0xBB, 0xB7, 0xBB,
    0xB7, 0xBB, 0xB7, 0xBB, 0xB7, 0xBB, 0xD7, 0xBB, 0xFB, 0x74, 0x1D, 0x65, 0x9B, 0x54, 0xFD, 0xCE,
    0xFF, 0xFF, 0xFF, 0xFF, 0xFF, 0xFF, 0xFF, 0xFF, 0xFF, 0xFF, 0xFF, 0xFF, 0xFF, 0xFF, 0xFF, 0xFF,
    0xFF, 0xFF, 0x9F, 0xF7, 0xD7, 0xBB, 0x99, 0x8C, 0x1D, 0x65, 0x1D, 0x65, 0x59, 0x94, 0xB7, 0xBB,
    0xB7, 0xB3, 0xB7, 0xBB, 0xB7, 0xBB, 0xB7, 0xBB, 0xB7, 0xBB, 0xB7, 0xBB, 0xB7, 0xBB, 0xB7, 0xBB,
    0xB7, 0xBB, 0xB7, 0xBB, 0xB7, 0xBB, 0xB7, 0xBB, 0xB7, 0xBB, 0xB7, 0xBB, 0xB7, 0xBB, 0xB7, 0xBB,
    0xB7, 0xBB, 0xB7, 0xBB, 0xB7, 0xBB, 0xB7, 0xBB, 0xB7, 0xBB, 0xB7, 0xBB, 0xB7, 0xBB, 0xB7, 0xBB,
    0xB7, 0xBB, 0xB7, 0xBB, 0xB7, 0xBB, 0x76, 0xB3, 0x76, 0xAB, 0x78, 0xB4, 0xFB, 0xD5, 0x7F, 0xF7,
    0x7F, 0xEF, 0x9C, 0xC6, 0xFE, 0xE6, 0x1E, 0xEF, 0xBE, 0xE6, 0x3A, 0xC5, 0x96, 0xB3, 0x39, 0xCD,
    0x9F, 0xE7, 0x7F, 0xE7, 0x4B, 0x3A, 0x06, 0x11, 0xCF, 0x42, 0x48, 0x11, 0x06, 0x21, 0x49, 0x62,
    0xCB, 0x72, 0x0D, 0x6B, 0xEE, 0x52, 0xAD, 0x42, 0x4B, 0x32, 0xCA, 0x29, 0x7B, 0xC6, 0x1D, 0xD7,
    0xBC, 0xCE, 0xF9, 0xAD, 0x7B, 0xBE, 0x3B, 0xB6, 0xFB, 0xA5, 0xDA, 0x9D, 0xF6, 0x84, 0x12, 0x6C,
    0xB1, 0x5B, 0x91, 0x53, 0x91, 0x4B, 0xB2, 0x4B, 0xB2, 0x4B, 0xB2, 0x4B, 0xB2, 0x4B, 0xB2, 0x4B,
    0xB2, 0x4B, 0x91, 0x4B, 0x91, 0x4B, 0x71, 0x4B, 0x50, 0x4B, 0x30, 0x4B, 0x0F, 0x43, 0xEF, 0x42,
    0xEE, 0x42, 0xCE, 0x42, 0xEF, 0x4A, 0x50, 0x53, 0xD2, 0x63, 0x95, 0x74, 0x18, 0x85, 0x38, 0x8D,
    0x38, 0x95, 0x78, 0x9D, 0x78, 0x9D, 0xF5, 0x8C, 0xD9, 0xAD, 0x3B, 0xB6, 0x5B, 0xBE, 0x5A, 0xBE,
    0x33, 0xAD, 0xDB, 0xD6, 0xFD, 0xD6, 0xD8, 0xB5, 0x3A, 0xBE, 0xAF, 0x7B, 0xA4, 0x18, 0x63, 0x08,
    0x89, 0x11, 0x0C, 0x22, 0xAA, 0x21, 0x28, 0x11, 0x48, 0x11, 0x89, 0x19, 0xAA, 0x19, 0xCA, 0x19,
    0xEA, 0x21, 0x0B, 0x2A, 0x27, 0x11, 0x26, 0x11, 0x53, 0x74, 0x3B, 0xB6, 0xDC, 0xCE, 0xFD, 0xDE,
    0x9F, 0xEF, 0x7A, 0xCD, 0x56, 0xAB, 0xB7, 0xBB, 0xB7, 0xBB, 0xB7, 0xBB, 0xB7, 0xBB, 0xB7, 0xBB,
    0xB7, 0xBB, 0xB7, 0xBB, 0xB7, 0xBB, 0xB7, 0xBB, 0xB7, 0xBB, 0xB7, 0xBB, 0xB7, 0xBB, 0xB7, 0xBB,
    0xB7, 0xBB, 0xB7, 0xBB, 0xB7, 0xBB, 0xB7, 0xBB, 0xB7, 0xBB, 0xB7, 0xBB, 0xB7, 0xBB, 0xB7, 0xBB,
    0xB7, 0xBB, 0xB7, 0xBB, 0xB7, 0xBB, 0xB7, 0xBB, 0xB7, 0xBB, 0xB7, 0xBB, 0xB7, 0xBB, 0xB7, 0xBB,
    0xB7, 0xBB, 0xB7, 0xBB, 0xB7, 0xBB, 0xB7, 0xBB, 0xB7, 0xBB, 0xB7, 0xBB, 0xB7, 0xBB, 0xB7, 0xBB,
    0xB7, 0xBB, 0xB7, 0xBB, 0xB7, 0xBB, 0xB7, 0xBB, 0xB7, 0xBB, 0xB7, 0xBB, 0xB7, 0xBB, 0xB7, 0xBB,
    0xB7, 0xBB, 0xB7, 0xBB, 0xB7, 0xBB, 0xB7, 0xBB, 0xB7, 0xBB, 0xB7, 0xBB, 0xB7, 0xBB, 0xB7, 0xBB,
    0xB7, 0xBB, 0xB7, 0xBB, 0xB7, 0xBB, 0xB7, 0xBB, 0xB7, 0xBB, 0xB7, 0xBB, 0xB7, 0xBB, 0xB7, 0xBB,
    0xB7, 0xBB, 0xB7, 0xBB, 0xB7, 0xBB, 0xB7, 0xBB, 0xB7, 0xBB, 0xB7, 0xBB, 0xB7, 0xBB, 0xB7, 0xBB,
    0xB7, 0xBB, 0xB7, 0xBB, 0xB7, 0xBB, 0xB7, 0xBB, 0xB7, 0xBB, 0xB7, 0xBB, 0xB7, 0xBB, 0xB7, 0xBB,
    0xB7, 0xBB, 0xB7, 0xBB, 0xB7, 0xBB, 0xB7, 0xBB, 0xB7, 0xBB, 0xB7, 0xBB, 0xB7, 0xBB, 0xB7, 0xBB,
    0xB7, 0xBB, 0xB7, 0xBB, 0xB7, 0xBB, 0xB7, 0xBB, 0xB7, 0xBB, 0xB7, 0xBB, 0xB7, 0xBB, 0xB7, 0xBB,
    0xB7, 0xBB, 0xB7, 0xBB, 0xB7, 0xBB, 0xB7, 0xBB, 0xB7, 0xBB, 0xB7, 0xBB, 0xB7, 0xBB, 0xB7, 0xBB,
    0xB7, 0xBB, 0xB7, 0xBB, 0xB7, 0xBB, 0xB7, 0xBB, 0xB7, 0xBB, 0xB7, 0xBB, 0xB7, 0xBB, 0xB7, 0xBB,
    0xB7, 0xBB, 0xB7, 0xBB, 0xB7, 0xBB, 0xB7, 0xBB, 0xB7, 0xBB, 0xB7, 0xBB, 0xB7, 0xB3, 0xB7, 0xB3,
    0xB7, 0xBB, 0xB7, 0xBB, 0xB7, 0xBB, 0xB7, 0xBB, 0xD7, 0xB3, 0x38, 0xA4, 0xBA, 0x9C, 0x38, 0xB4,
    0xD7, 0xBB, 0x18, 0xAC, 0x59, 0x9C, 0xBB, 0x8C, 0x1B, 0x7D, 0xFC, 0x6C, 0x1C, 0x6D, 0x99, 0x9C,
    0x79, 0x94, 0x1B, 0x95, 0xFB, 0x8C, 0xDA, 0x84, 0xBA, 0x84, 0xBA, 0x84, 0x9A, 0x84, 0x9A, 0x84,
    0xBA, 0x84, 0xBA, 0x84, 0xDA, 0x8C, 0xDA, 0x8C, 0xFB, 0x94, 0x9A, 0x94, 0x59, 0x94, 0x9A, 0x9C,
    0x59, 0xA4, 0x18, 0xAC, 0xD7, 0xB3, 0xB7, 0xBB, 0xB7, 0xBB, 0xB7, 0xBB, 0xB7, 0xBB, 0xB7, 0xBB,
    0xB7, 0xB3, 0xB7, 0xBB, 0xB7, 0xBB, 0xB7, 0xBB, 0xB7, 0xBB, 0xB7, 0xBB, 0xB7, 0xBB, 0xB7, 0xBB,
    0xB7, 0xBB, 0xB7, 0xBB, 0xB7, 0xBB, 0xB7, 0xBB, 0xB7, 0xBB, 0xB7, 0xBB, 0xB7, 0xBB, 0xB7, 0xBB,
    0xB7, 0xBB, 0xB7, 0xB3, 0xB7, 0xBB, 0x9A, 0x8C, 0x3E, 0x65, 0x9B, 0x54, 0x1C, 0xA6, 0xFF, 0xFF,
    0xFF, 0xFF, 0xFF, 0xFF, 0xFF, 0xFF, 0xFF, 0xFF, 0xFF, 0xFF, 0xFF, 0xFF, 0xFF, 0xFF, 0xFF, 0xFF,
    0xFF, 0xFF, 0x9F, 0xF7, 0xD7, 0xBB, 0xBA, 0x9C, 0x3D, 0x65, 0x3D, 0x6D, 0xB9, 0xA4, 0xB7, 0xBB,
    0xB7, 0xB3, 0xB7, 0xBB, 0xB7, 0xBB, 0xB7, 0xBB, 0xB7, 0xBB, 0xB7, 0xBB, 0xB7, 0xBB, 0xB7, 0xBB,
    0xB7, 0xBB, 0xB7, 0xBB, 0xB7, 0xBB, 0xB7, 0xBB, 0xB7, 0xBB, 0xB7, 0xBB, 0xB7, 0xBB, 0xB7, 0xBB,
    0xB7, 0xBB, 0xB7, 0xBB, 0xB7, 0xBB, 0xB7, 0xBB, 0xB7, 0xBB, 0xB7, 0xBB, 0xB7, 0xBB, 0xB7, 0xBB,
    0xB7, 0xBB, 0xB7, 0xBB, 0x55, 0xAB, 0x37, 0xB4, 0xDE, 0xE6, 0xDF, 0xF7, 0xBF, 0xEF, 0xBF, 0xEF,
    0x3E, 0xDF, 0xFD, 0xD6, 0x5E, 0xDF, 0x5E, 0xE7, 0x7E, 0xE7, 0x7E, 0xDF, 0xBD, 0xDE, 0x5E, 0xEF,
    0x7E, 0xE7, 0xB4, 0x84, 0x83, 0x08, 0x6D, 0x3A, 0x28, 0x09, 0x06, 0x21, 0x8A, 0x6A, 0x4D, 0x7B,
    0x4F, 0x63, 0x0B, 0x2A, 0x69, 0x19, 0xCA, 0x21, 0x0B, 0x2A, 0x57, 0x95, 0xFF, 0xFF, 0x7E, 0xEF,
    0xDC, 0xD6, 0xBC, 0xC6, 0x9C, 0xC6, 0x5B, 0xB6, 0x1B, 0xAE, 0xFA, 0xA5, 0xFA, 0x9D, 0xDA, 0x95,
    0x79, 0x8D, 0x38, 0x85, 0xF7, 0x7C, 0xD7, 0x74, 0xD7, 0x74, 0xB6, 0x74, 0x96, 0x6C, 0x76, 0x6C,
    0x76, 0x6C, 0x76, 0x6C, 0x75, 0x6C, 0x75, 0x6C, 0x55, 0x6C, 0x55, 0x6C, 0x76, 0x6C, 0x96, 0x74,
    0xB6, 0x74, 0xF7, 0x7C, 0x38, 0x85, 0x59, 0x8D, 0x59, 0x8D, 0x59, 0x95, 0x58, 0x95, 0x78, 0x9D,
    0x99, 0xA5, 0xD9, 0xAD, 0x1A, 0xB6, 0xD9, 0xAD, 0xF9, 0xAD, 0x7B, 0xC6, 0x7B, 0xC6, 0xBB, 0xCE,
    0xFC, 0xDE, 0x3D, 0xDF, 0xDC, 0xD6, 0xBC, 0xCE, 0xB8, 0xB5, 0x66, 0x29, 0x01, 0x00, 0xC4, 0x08,
    0x2D, 0x2A, 0x27, 0x11, 0xC5, 0x08, 0xA9, 0x19, 0xEA, 0x21, 0xCA, 0x19, 0x89, 0x11, 0xCA, 0x19,
    0x0B, 0x22, 0xA9, 0x19, 0x4C, 0x2A, 0xA9, 0x21, 0x83, 0x00, 0xF2, 0x6B, 0x3B, 0xB6, 0x3A, 0xBE,
    0x1D, 0xDF, 0xFF, 0xFF, 0xF9, 0xC4, 0x56, 0xB3, 0xB7, 0xBB, 0xB7, 0xBB, 0xB7, 0xBB, 0xB7, 0xBB,
    0xB7, 0xBB, 0xB7, 0xBB, 0xB7, 0xBB, 0xB7, 0xBB, 0xB7, 0xBB, 0xB7, 0xBB, 0xB7, 0xBB, 0xB7, 0xBB,
    0xB7, 0xBB, 0xB7, 0xBB, 0xB7, 0xBB, 0xB7, 0xBB, 0xB7, 0xBB, 0xB7, 0xBB, 0xB7, 0xBB, 0xB7, 0xBB,
    0xB7, 0xBB, 0xB7, 0xBB, 0xB7, 0xBB, 0xB7, 0xBB, 0xB7, 0xBB, 0xB7, 0xBB, 0xB7, 0xBB, 0xB7, 0xBB,
    0xB7, 0xBB, 0xB7, 0xBB, 0xB7, 0xBB, 0xB7, 0xBB, 0xB7, 0xBB, 0xB7, 0xBB, 0xB7, 0xBB, 0xB7, 0xBB,
    0xB7, 0xBB, 0xB7, 0xBB, 0xB7, 0xBB, 0xB7, 0xBB, 0xB7, 0xBB, 0xB7, 0xBB, 0xB7, 0xBB, 0xB7, 0xBB,
    0xB7, 0xBB, 0xB7, 0xBB, 0xB7, 0xBB, 0xB7, 0xBB, 0xB7, 0xBB, 0xB7, 0xBB, 0xB7, 0xBB, 0xB7, 0xBB,
    0xB7, 0xBB, 0xB7, 0xBB, 0xB7, 0xBB, 0xB7, 0xBB, 0xB7, 0xBB, 0xB7, 0xBB, 0xB7, 0xBB, 0xB7, 0xBB,
    0xB7, 0xBB, 0xB7, 0xBB, 0xB7, 0xBB, 0xB7, 0xBB, 0xB7, 0xBB, 0xB7, 0xBB, 0xB7, 0xBB, 0xB7, 0xBB,
    0xB7, 0xBB, 0xB7, 0xBB, 0xB7, 0xBB, 0xB7, 0xBB, 0xB7, 0xBB, 0xB7, 0xBB, 0xB7, 0xBB, 0xB7, 0xBB,
    0xB7, 0xBB, 0xB7, 0xBB, 0xB7, 0xBB, 0xB7, 0xBB, 0xB7, 0xBB, 0xB7, 0xBB, 0xB7, 0xBB, 0xB7, 0xBB,
    0xB7, 0xBB, 0xB7, 0xBB, 0xB7, 0xBB, 0xB7, 0xBB, 0xB7, 0xBB, 0xB7, 0xBB, 0xB7, 0xBB, 0xB7, 0xBB,
    0xB7, 0xBB, 0xB7, 0xBB, 0xB7, 0xBB, 0xB7, 0xBB, 0xB7, 0xBB, 0xB7, 0xBB, 0xB7, 0xBB, 0xB7, 0xBB,
    0xB7, 0xBB, 0xB7, 0xBB, 0xB7, 0xBB, 0xB7, 0xBB, 0xB7, 0xBB, 0xB7, 0xBB, 0xB7, 0xBB, 0xB7, 0xBB,
    0xB7, 0xBB, 0xB7, 0xBB, 0xB7, 0xBB, 0xB7, 0xBB, 0xB7, 0xBB, 0xB7, 0xBB, 0xB7, 0xBB, 0xB7, 0xBB,
    0xB7, 0xBB, 0xB7, 0xBB, 0xB7, 0xB3, 0xB7, 0xB3, 0xB7, 0xBB, 0xB7, 0xBB, 0xB7, 0xBB, 0xB7, 0xBB,
    0xB7, 0xBB, 0xB7, 0xBB, 0xB7, 0xBB, 0xB7, 0xBB, 0xB7, 0xBB, 0xF8, 0xBB, 0x17, 0xB4, 0xB7, 0xBB,
    0xB7, 0xBB, 0xB7, 0xBB, 0xB7, 0xBB, 0xB7, 0xBB, 0xB7, 0xBB, 0xB7, 0xBB, 0xB7, 0xBB, 0xB7, 0xBB,
    0xB7, 0xBB, 0xB7, 0xBB, 0xB7, 0xBB, 0xB7, 0xBB, 0xB7, 0xBB, 0xB7, 0xBB, 0xB7, 0xBB, 0xB7, 0xBB,
    0xB7, 0xBB, 0xB7, 0xBB, 0xB7, 0xBB, 0xB7, 0xBB, 0xB7, 0xB3, 0xB7, 0xB3, 0xB7, 0xB3, 0xB7, 0xBB,
    0xB7, 0xBB, 0xB7, 0xBB, 0xB7, 0xBB, 0xB7, 0xBB, 0xB7, 0xBB, 0xB7, 0xBB, 0xB7, 0xBB, 0xB7, 0xBB,
    0xB7, 0xBB, 0xB7, 0xBB, 0xB7, 0xBB, 0xB7, 0xBB, 0xB7, 0xBB, 0xB7, 0xBB, 0xB7, 0xBB, 0xB7, 0xBB,
    0xB7, 0xBB, 0xB7, 0xBB, 0x99, 0xA4, 0x5E, 0x6D, 0xBC, 0x5C, 0x3B, 0x75, 0xDF, 0xFF, 0xFF, 0xFF,
    0xFF, 0xFF, 0xFF, 0xFF, 0xFF, 0xFF, 0xFF, 0xFF, 0xFF, 0xFF, 0xFF, 0xFF, 0xFF, 0xFF, 0xFF, 0xFF,
    0xFF, 0xFF, 0x9F, 0xF7, 0xB7, 0xBB, 0x9A, 0x94, 0x3D, 0x65, 0x1C, 0x65, 0xDA, 0x7C, 0xB7, 0xBB,
    0xB7, 0xB3, 0xB7, 0xBB, 0xB7, 0xBB, 0xB7, 0xBB, 0xB7, 0xBB, 0xB7, 0xBB, 0xB7, 0xBB, 0xB7, 0xBB,
    0xB7, 0xBB, 0xB7, 0xBB, 0xB7, 0xBB, 0xB7, 0xBB, 0xB7, 0xBB, 0xB7, 0xBB, 0xB7, 0xBB, 0xB7, 0xBB,
    0xB7, 0xBB, 0xB7, 0xBB, 0xB7, 0xBB, 0xB7, 0xBB, 0xB7, 0xBB, 0xB7, 0xBB, 0xB7, 0xBB, 0xB7, 0xBB,
    0x76, 0xB3, 0x96, 0xAB, 0xDB, 0xD5, 0xFF, 0xFF, 0xFF, 0xF7, 0x7E, 0xE7, 0xFD, 0xD6, 0x3E, 0xDF,
    0x3D, 0xDF, 0x1D, 0xDF, 0xFD, 0xD6, 0xFD, 0xD6, 0xDC, 0xCE, 0xDC, 0xCE, 0xFD, 0xCE, 0x9C, 0xCE,
    0x5E, 0xE7, 0x29, 0x3A, 0x68, 0x21, 0x48, 0x11, 0xA5, 0x08, 0xEA, 0x31, 0x52, 0x84, 0x57, 0x9D,
    0x8F, 0x63, 0x08, 0x3A, 0x67, 0x21, 0x64, 0x00, 0x89, 0x29, 0x5D, 0xDF, 0xBF, 0xF7, 0x5D, 0xE7,
    0x5D, 0xE7, 0x7E, 0xEF, 0x1D, 0xDF, 0xDC, 0xCE, 0x7B, 0xBE, 0x1B, 0xAE, 0xFA, 0xA5, 0xDA, 0x9D,
    0xDA, 0x9D, 0xBA, 0x95, 0xBA, 0x95, 0x9A, 0x8D, 0x99, 0x8D, 0x9A, 0x8D, 0x9A, 0x8D, 0x9A, 0x8D,
    0x79, 0x8D, 0x59, 0x85, 0x59, 0x85, 0x39, 0x85, 0x39, 0x85, 0x39, 0x85, 0x38, 0x85, 0x38, 0x85,
    0x38, 0x85, 0x38, 0x8D, 0x38, 0x8D, 0x38, 0x8D, 0x58, 0x95, 0x78, 0x95, 0x78, 0x9D, 0x99, 0xA5,
    0xD9, 0xAD, 0xFA, 0xAD, 0xD9, 0xAD, 0xF9, 0xAD, 0xFA, 0xB5, 0x7A, 0xC6, 0xFD, 0xD6, 0x1D, 0xDF,
    0x1D, 0xDF, 0xFC, 0xD6, 0x9B, 0xCE, 0x7B, 0xC6, 0x93, 0x8C, 0x83, 0x10, 0x42, 0x00, 0xEB, 0x21,
    0x68, 0x19, 0xA4, 0x08, 0x0B, 0x22, 0xCA, 0x21, 0x27, 0x11, 0xE6, 0x08, 0xC5, 0x08, 0x84, 0x08,
    0xE6, 0x08, 0x6D, 0x2A, 0xEA, 0x21, 0x4C, 0x32, 0xE9, 0x29, 0x63, 0x00, 0x94, 0x84, 0x5B, 0xB6,
    0xF9, 0xAD, 0x5D, 0xE7, 0xBF, 0xFF, 0xB6, 0xB3, 0xB7, 0xB3, 0xB7, 0xBB, 0xB7, 0xBB, 0xB7, 0xBB,
    0xB7, 0xBB, 0xB7, 0xBB, 0xB7, 0xBB, 0xB7, 0xBB, 0xB7, 0xBB, 0xB7, 0xBB, 0xB7, 0xBB, 0xB7, 0xBB,
    0xB7, 0xBB, 0xB7, 0xBB, 0xB7, 0xBB, 0xB7, 0xBB, 0xB7, 0xBB, 0xB7, 0xBB, 0xB7, 0xBB, 0xB7, 0xBB,
    0xB7, 0xBB, 0xB7, 0xBB, 0xB7, 0xBB, 0xB7, 0xBB, 0xB7, 0xBB, 0xB7, 0xBB, 0xB7, 0xBB, 0xB7, 0xBB,
    0xB7, 0xBB, 0xB7, 0xBB, 0xB7, 0xBB, 0xB7, 0xBB, 0xB7, 0xBB, 0xB7, 0xBB, 0xB7, 0xBB, 0xB7, 0xBB,
    0xB7, 0xBB, 0xB7, 0xBB, 0xB7, 0xBB, 0xB7, 0xBB, 0xB7, 0xBB, 0xB7, 0xBB, 0xB7, 0xBB, 0xB7, 0xBB,
    0xB7, 0xBB, 0xB7, 0xBB, 0xB7, 0xBB, 0xB7, 0xBB, 0xB7, 0xBB, 0xB7, 0xBB, 0xB7, 0xBB, 0xB7, 0xBB,
    0xB7, 0xBB, 0xB7, 0xBB, 0xB7, 0xBB, 0xB7, 0xBB, 0xB7, 0xBB, 0xB7, 0xBB, 0xB7, 0xBB, 0xB7, 0xBB,
    0xB7, 0xBB, 0xB7, 0xBB, 0xB7, 0xBB, 0xB7, 0xBB, 0xB7, 0xBB, 0xB7, 0xBB, 0xB7, 0xBB, 0xB7, 0xBB,
    0xB7, 0xBB, 0xB7, 0xBB, 0xB7, 0xBB, 0xB7, 0xBB, 0xB7, 0xBB, 0xB7, 0xBB, 0xB7, 0xBB, 0xB7, 0xBB,
    0xB7, 0xBB, 0xB7, 0xBB, 0xB7, 0xBB, 0xB7, 0xBB, 0xB7, 0xBB, 0xB7, 0xBB, 0xB7, 0xBB, 0xB7, 0xBB,
    0xB7, 0xBB, 0xB7, 0xBB, 0xB7, 0xBB, 0xB7, 0xBB, 0xB7, 0xBB, 0xB7, 0xBB, 0xB7, 0xBB, 0xB7, 0xBB,
    0xB7, 0xBB, 0xB7, 0xBB, 0xB7, 0xBB, 0xB7, 0xBB, 0xB7, 0xBB, 0xB7, 0xBB, 0xB7, 0xBB, 0xB7, 0xBB,
    0xB7, 0xBB, 0xB7, 0xBB, 0xB7, 0xBB, 0xB7, 0xBB, 0xB7, 0xBB, 0xB7, 0xBB, 0xB7, 0xBB, 0xB7, 0xBB,
    0xB7, 0xBB, 0xB7, 0xBB, 0xB7, 0xBB, 0xB7, 0xBB, 0xB7, 0xBB, 0xB7, 0xBB, 0xB7, 0xBB, 0xB7, 0xBB,
    0xB7, 0xBB, 0xB7, 0xBB, 0xB7, 0xBB, 0xB7, 0xBB, 0xB7, 0xBB, 0xB7, 0xB3, 0xB7, 0xB3, 0xB7, 0xBB,
    0xB7, 0xBB, 0xB7, 0xB3, 0xB7, 0xB3, 0xB7, 0xB3, 0xB7, 0xBB, 0xB7, 0xBB, 0xB7, 0xBB, 0xB7, 0xB3,
    0xB7, 0xB3, 0xB7, 0xB3, 0xB7, 0xB3, 0xB7, 0xB3, 0xB7, 0xB3, 0xB7, 0xB3, 0xB7, 0xB3, 0xB7, 0xB3,
    0xB7, 0xB3, 0xB7, 0xB3, 0xB7, 0xB3, 0xB7, 0xB3, 0xB7, 0xB3, 0xB7, 0xB3, 0xB7, 0xB3, 0xB7, 0xB3,
    0xB7, 0xB3, 0xB7, 0xB3, 0xB7, 0xBB, 0xB7, 0xB3, 0xB7, 0xBB, 0xB7, 0xBB, 0xB7, 0xBB, 0xB7, 0xBB,
    0xB7, 0xBB, 0xB7, 0xBB, 0xB7, 0xBB, 0xB7, 0xBB, 0xB7, 0xBB, 0xB7, 0xBB, 0xB7, 0xBB, 0xB7, 0xBB,
    0xB7, 0xBB, 0xB7, 0xBB, 0xB7, 0xBB, 0xB7, 0xBB, 0xB7, 0xBB, 0xB7, 0xBB, 0xB7, 0xBB, 0xB7, 0xBB,
    0xB7, 0xB3, 0x18, 0xBC, 0x3C, 0x75, 0xFC, 0x64, 0xBB, 0x54, 0x1E, 0xCF, 0xFF, 0xFF, 0xFF, 0xFF,
    0xFF, 0xFF, 0xFF, 0xFF, 0xFF, 0xFF, 0xFF, 0xFF, 0xFF, 0xFF, 0xFF, 0xFF, 0xFF, 0xFF, 0xFF, 0xFF,
    0xFF, 0xFF, 0xDD, 0xEE, 0xB7, 0xBB, 0xDA, 0x84, 0x1D, 0x65, 0xFD, 0x64, 0xDB, 0x7C, 0xB7, 0xBB,
    0xB7, 0xB3, 0xB7, 0xBB, 0xB7, 0xBB, 0xB7, 0xBB, 0xB7, 0xBB, 0xB7, 0xBB, 0xB7, 0xBB, 0xB7, 0xBB,
    0xB7, 0xBB, 0xB7, 0xBB, 0xB7, 0xBB, 0xB7, 0xBB, 0xB7, 0xBB, 0xB7, 0xBB, 0xB7, 0xBB, 0xB7, 0xBB,
    0xB7, 0xBB, 0xB7, 0xBB, 0xB7, 0xBB, 0xB7, 0xBB, 0xB7, 0xBB, 0xB7, 0xBB, 0xB7, 0xBB, 0x56, 0xAB,
    0x37, 0xB4, 0x5F, 0xF7, 0xFF, 0xFF, 0xBF, 0xEF, 0x5E, 0xE7, 0x3D, 0xDF, 0xDC, 0xCE, 0x5B, 0xB6,
    0x7B, 0xBE, 0xBC, 0xCE, 0xBC, 0xC6, 0xBC, 0xCE, 0x7B, 0xBE, 0x5B, 0xB6, 0xBC, 0xCE, 0x9B, 0xBE,
    0x9C, 0xC6, 0x90, 0x63, 0xE6, 0x08, 0x83, 0x08, 0xC7, 0x00, 0xF2, 0x5B, 0xD5, 0x84, 0x68, 0x19,
    0xC5, 0x00, 0x47, 0x11, 0x2A, 0x3A, 0x26, 0x19, 0x8B, 0x4A, 0xBF, 0xEF, 0x5D, 0xE7, 0x7E, 0xE7,
    0x5A, 0xBE, 0x9B, 0xC6, 0x5E, 0xE7, 0xFD, 0xD6, 0xDC, 0xCE, 0x7B, 0xBE, 0x3B, 0xAE, 0xFA, 0xA5,
    0xDA, 0xA5, 0xD9, 0x9D, 0xB9, 0x9D, 0xDA, 0xA5, 0x3B, 0xAE, 0x7C, 0xB6, 0x7C, 0xB6, 0x3B, 0xAE,
    0xFA, 0xA5, 0xB9, 0xA5, 0x78, 0x9D, 0x38, 0x95, 0x18, 0x8D, 0x17, 0x85, 0xF7, 0x84, 0x17, 0x85,
    0x17, 0x85, 0x18, 0x85, 0x38, 0x8D, 0x38, 0x8D, 0x38, 0x95, 0x58, 0x95, 0x78, 0x9D, 0xB9, 0x9D,
    0x98, 0xA5, 0x36, 0x95, 0x98, 0xA5, 0x57, 0x9D, 0x77, 0x9D, 0x37, 0x9D, 0xD9, 0xAD, 0x1D, 0xDF,
    0xDC, 0xCE, 0xBB, 0xCE, 0x5A, 0xC6, 0x5B, 0xC6, 0x6F, 0x6B, 0x21, 0x00, 0xE5, 0x10, 0x0B, 0x22,
    0x84, 0x00, 0xAA, 0x19, 0x0B, 0x2A, 0x27, 0x11, 0xA5, 0x08, 0xA5, 0x08, 0xC5, 0x08, 0x27, 0x09,
    0xE5, 0x10, 0xA5, 0x08, 0xEE, 0x42, 0xEA, 0x29, 0x6C, 0x3A, 0x68, 0x21, 0xA4, 0x08, 0x57, 0x9D,
    0x5A, 0xBE, 0xDC, 0xD6, 0xFF, 0xFF, 0xFB, 0xDD, 0x55, 0xAB, 0xB7, 0xBB, 0xB7, 0xBB, 0xB7, 0xB3,
    0xB7, 0xBB, 0xB7, 0xBB, 0xB7, 0xBB, 0xB7, 0xBB, 0xB7, 0xBB, 0xB7, 0xBB, 0xB7, 0xBB, 0xB7, 0xBB,
    0xB7, 0xBB, 0xB7, 0xBB, 0xB7, 0xBB, 0xB7, 0xBB, 0xB7, 0xBB, 0xB7, 0xBB, 0xB7, 0xBB, 0xB7, 0xBB,
    0xB7, 0xBB, 0xB7, 0xBB, 0xB7, 0xBB, 0xB7, 0xBB, 0xB7, 0xBB, 0xB7, 0xBB, 0xB7, 0xBB, 0xB7, 0xBB,
    0xB7, 0xBB, 0xB7, 0xBB, 0xB7, 0xBB, 0xB7, 0xBB, 0xB7, 0xBB, 0xB7, 0xBB, 0xB7, 0xBB, 0xB7, 0xBB,
    0xB7, 0xBB, 0xB7, 0xBB, 0xB7, 0xBB, 0xB7, 0xBB, 0xB7, 0xBB, 0xB7, 0xBB, 0xB7, 0xBB, 0xB7, 0xBB,
    0xB7, 0xBB, 0xB7, 0xBB, 0xB7, 0xBB, 0xB7, 0xBB, 0xB7, 0xBB, 0xB7, 0xBB, 0xB7, 0xBB, 0xB7, 0xBB,
    0xB7, 0xBB, 0xB7, 0xBB, 0xB7, 0xBB, 0xB7, 0xBB, 0xB7, 0xBB, 0xB7, 0xBB, 0xB7, 0xBB, 0xB7, 0xBB,
    0xB7, 0xBB, 0xB7, 0xBB, 0xB7, 0xBB, 0xB7, 0xBB, 0xB7, 0xBB, 0xB7, 0xBB, 0xB7, 0xBB, 0xB7, 0xBB,
    0xB7, 0xBB, 0xB7, 0xBB, 0xB7, 0xBB, 0xB7, 0xBB, 0xB7, 0xBB, 0xB7, 0xBB, 0xB7, 0xBB, 0xB7, 0xBB,
    0xB7, 0xBB, 0xB7, 0xBB, 0xB7, 0xBB, 0xB7, 0xBB, 0xB7, 0xBB, 0xB7, 0xBB, 0xB7, 0xBB, 0xB7, 0xBB,
    0xB7, 0xBB, 0xB7, 0xBB, 0xB7, 0xBB, 0xB7, 0xBB, 0xB7, 0xBB, 0xB7, 0xBB, 0xB7, 0xBB, 0xB7, 0xBB,
    0xB7, 0xBB, 0xB7, 0xBB, 0xB7, 0xBB, 0xB7, 0xBB, 0xB7, 0xBB, 0xB7, 0xBB, 0xB7, 0xBB, 0xB7, 0xBB,
    0xB7, 0xBB, 0xB7, 0xBB, 0xB7, 0xBB, 0xB7, 0xBB, 0xB7, 0xBB, 0xB7, 0xBB, 0xB7, 0xBB, 0xB7, 0xBB,
    0xB7, 0xBB, 0xB7, 0xBB, 0xB7, 0xBB, 0xB7, 0xBB, 0xB7, 0xBB, 0xB7, 0xBB, 0xB7, 0xBB, 0xB7, 0xBB,
    0xB7, 0xBB, 0xB7, 0xBB, 0xB7, 0xBB, 0xB7, 0xBB, 0xB7, 0xBB, 0xB7, 0xBB, 0xB7, 0xBB, 0xB7, 0xBB,
    0xB7, 0xBB, 0xB7, 0xBB, 0xB7, 0xBB, 0xB7, 0xBB, 0xB7, 0xB3, 0xB7, 0xBB, 0xB7, 0xBB, 0xB7, 0xBB,
    0xB7, 0xBB, 0xB7, 0xBB, 0xB7, 0xBB, 0xB7, 0xBB, 0xB7, 0xBB, 0xB7, 0xBB, 0xB7, 0xBB, 0xB7, 0xBB,
    0xB7, 0xBB, 0xB7, 0xBB, 0xB7, 0xBB, 0xB7, 0xBB, 0xB7, 0xBB, 0xB7, 0xBB, 0xB7, 0xBB, 0xB7, 0xBB,
    0xB7, 0xBB, 0xB7, 0xBB, 0xB7, 0xBB, 0xB7, 0xBB, 0xB7, 0xBB, 0xB7, 0xBB, 0xB7, 0xBB, 0xB7, 0xBB,
    0xB7, 0xBB, 0xB7, 0xBB, 0xB7, 0xBB, 0xB7, 0xBB, 0xB7, 0xBB, 0xB7, 0xBB, 0xB7, 0xBB, 0xB7, 0xBB,
    0xB7, 0xBB, 0xB7, 0xBB, 0xB7, 0xBB, 0xB7, 0xBB, 0xB7, 0xBB, 0xB7, 0xBB, 0xB7, 0xBB, 0xB7, 0xB3,
    0xB7, 0xBB, 0xB9, 0x9C, 0x3E, 0x65, 0xBB, 0x54, 0x7C, 0x85, 0xFF, 0xFF, 0xFF, 0xFF, 0xFF, 0xFF,
    0xFF, 0xFF, 0xFF, 0xFF, 0xFF, 0xFF, 0xFF, 0xFF, 0xFF, 0xFF, 0xFF, 0xFF, 0xFF, 0xFF, 0xFF, 0xFF,
    0xFF, 0xFF, 0x5A, 0xD5, 0xD7, 0xB3, 0x1C, 0x6D, 0xDC, 0x64, 0x3E, 0x65, 0x9A, 0x94, 0xB7, 0xBB,
    0xB7, 0xB3, 0xB7, 0xBB, 0xB7, 0xBB, 0xB7, 0xBB, 0xB7, 0xBB, 0xB7, 0xBB, 0xB7, 0xBB, 0xB7, 0xBB,
    0xB7, 0xBB, 0xB7, 0xBB, 0xB7, 0xBB, 0xB7, 0xBB, 0xB7, 0xBB, 0xB7, 0xBB, 0xB7, 0xBB, 0xB7, 0xBB,
    0xB7, 0xBB, 0xB7, 0xBB, 0xB7, 0xBB, 0xB7, 0xBB, 0xB7, 0xBB, 0xB7, 0xBB, 0x55, 0xAB, 0xD8, 0xC4,
    0xDF, 0xFF, 0xFF, 0xFF, 0x9F, 0xEF, 0xDC, 0xCE, 0x3A, 0xB6, 0xFA, 0xAD, 0xFA, 0xAD, 0xFA, 0xAD,
    0x99, 0x9D, 0xD9, 0xA5, 0x3A, 0xB6, 0x3A, 0xB6, 0x5B, 0xBE, 0x1A, 0xAE, 0x1A, 0xAE, 0x7C, 0xBE,
    0x5B, 0xB6, 0xFA, 0x9D, 0x2B, 0x32, 0x01, 0x00, 0xCC, 0x19, 0x33, 0x6C, 0x07, 0x09, 0x07, 0x11,
    0x27, 0x11, 0xE7, 0x08, 0x27, 0x11, 0xA8, 0x21, 0x90, 0x63, 0x9E, 0xEF, 0x5D, 0xE7, 0x74, 0x7C,
    0xD5, 0x84, 0x19, 0xB6, 0x1D, 0xDF, 0xDC, 0xCE, 0xDC, 0xCE, 0xBC, 0xC6, 0x5B, 0xB6, 0x3A, 0xAE,
    0x1A, 0xAE, 0x3A, 0xB6, 0xDC, 0xCE, 0x7C, 0xB6, 0x78, 0x95, 0xB5, 0x74, 0x54, 0x6C, 0x95, 0x7C,
    0x37, 0x8D, 0xFA, 0xAD, 0x1A, 0xB6, 0xD9, 0xAD, 0x98, 0xA5, 0x38, 0x8D, 0xF7, 0x84, 0xF7, 0x7C,
    0xF7, 0x7C, 0xF7, 0x84, 0x18, 0x85, 0x18, 0x85, 0x38, 0x8D, 0x58, 0x8D, 0x58, 0x95, 0x78, 0x9D,
    0xF6, 0x84, 0x33, 0x74, 0xF2, 0x6B, 0x1A, 0xAE, 0x7B, 0xBE, 0x9C, 0xC6, 0xF6, 0x8C, 0xBC, 0xCE,
    0xBB, 0xCE, 0x7B, 0xC6, 0x1A, 0xBE, 0x1A, 0xBE, 0xAC, 0x4A, 0x01, 0x00, 0x68, 0x19, 0x68, 0x11,
    0xA5, 0x00, 0xEA, 0x29, 0x89, 0x21, 0xA5, 0x00, 0xE6, 0x10, 0x47, 0x19, 0x47, 0x19, 0xE5, 0x10,
    0x68, 0x11, 0x26, 0x19, 0xE6, 0x08, 0x0F, 0x43, 0xA9, 0x21, 0x2B, 0x3A, 0x4A, 0x3A, 0x97, 0xAD,
    0x3D, 0xDF, 0x1D, 0xDF, 0x7E, 0xEF, 0xDF, 0xFF, 0xF6, 0xB3, 0xB7, 0xBB, 0xB7, 0xBB, 0xB7, 0xBB,
    0xB7, 0xBB, 0xB7, 0xBB, 0xB7, 0xBB, 0xB7, 0xBB, 0xB7, 0xBB, 0xB7, 0xBB, 0xB7, 0xBB, 0xB7, 0xBB,
    0xB7, 0xBB, 0xB7, 0xBB, 0xB7, 0xBB, 0xB7, 0xBB, 0xB7, 0xBB, 0xB7, 0xBB, 0xB7, 0xBB, 0xB7, 0xBB,
    0xB7, 0xBB, 0xB7, 0xBB, 0xB7, 0xBB, 0xB7, 0xBB, 0xB7, 0xBB, 0xB7, 0xBB, 0xB7, 0xBB, 0xB7, 0xBB,
    0xB7, 0xBB, 0xB7, 0xBB, 0xB7, 0xBB, 0xB7, 0xBB, 0xB7, 0xBB, 0xB7, 0xBB, 0xB7, 0xBB, 0xB7, 0xBB,
    0xB7, 0xBB, 0xB7, 0xBB, 0xB7, 0xBB, 0xB7, 0xBB, 0xB7, 0xBB, 0xB7, 0xBB, 0xB7, 0xBB, 0xB7, 0xBB,
    0xB7, 0xBB, 0xB7, 0xBB, 0xB7, 0xBB, 0xB7, 0xBB, 0xB7, 0xBB, 0xB7, 0xBB, 0xB7, 0xBB, 0xB7, 0xBB,
    0xB7, 0xBB, 0xB7, 0xBB, 0xB7, 0xBB, 0xB7, 0xBB, 0xB7, 0xBB, 0xB7, 0xBB, 0xB7, 0xBB, 0xB7, 0xBB,
    0xB7, 0xBB, 0xB7, 0xBB, 0xB7, 0xBB, 0xB7, 0xBB, 0xB7, 0xBB, 0xB7, 0xBB, 0xB7, 0xBB, 0xB7, 0xBB,
    0xB7, 0xBB, 0xB7, 0xBB, 0xB7, 0xBB, 0xB7, 0xBB, 0xB7, 0xBB, 0xB7, 0xBB, 0xB7, 0xBB, 0xB7, 0xBB,
    0xB7, 0xBB, 0xB7, 0xBB, 0xB7, 0xBB, 0xB7, 0xBB, 0xB7, 0xBB, 0xB7, 0xBB, 0xB7, 0xBB, 0xB7, 0xBB,
    0xB7, 0xBB, 0xB7, 0xBB, 0xB7, 0xBB, 0xB7, 0xBB, 0xB7, 0xBB, 0xB7, 0xBB, 0xB7, 0xBB, 0xB7, 0xBB,
    0xB7, 0xBB, 0xB7, 0xBB, 0xB7, 0xBB, 0xB7, 0xBB, 0xB7, 0xBB, 0xB7, 0xBB, 0xB7, 0xBB, 0xB7, 0xBB,
    0xB7, 0xBB, 0xB7, 0xBB, 0xB7, 0xBB, 0xB7, 0xBB, 0xB7, 0xBB, 0xB7, 0xBB, 0xB7, 0xBB, 0xB7, 0xBB,
    0xB7, 0xBB, 0xB7, 0xBB, 0xB7, 0xBB, 0xB7, 0xBB, 0xB7, 0xBB, 0xB7, 0xBB, 0xB7, 0xBB, 0xB7, 0xBB,
    0xB7, 0xBB, 0xB7, 0xBB, 0xB7, 0xBB, 0xB7, 0xBB, 0xB7, 0xBB, 0xB7, 0xBB, 0xB7, 0xBB, 0xB7, 0xBB,
    0xB7, 0xBB, 0xB7, 0xBB, 0xB7, 0xBB, 0xB7, 0xBB, 0xB7, 0xBB, 0xB7, 0xBB, 0xB7, 0xBB, 0xB7, 0xBB,
    0xB7, 0xBB, 0xB7, 0xBB, 0xB7, 0xBB, 0xB7, 0xBB, 0xB7, 0xBB, 0xB7, 0xBB, 0xB7, 0xBB, 0xB7, 0xBB,
    0xB7, 0xBB, 0xB7, 0xBB, 0xB7, 0xBB, 0xB7, 0xBB, 0xB7, 0xBB, 0xB7, 0xBB, 0xB7, 0xBB, 0xB7, 0xBB,
    0xB7, 0xBB, 0xB7, 0xBB, 0xB7, 0xBB, 0xB7, 0xBB, 0xB7, 0xBB, 0xB7, 0xBB, 0xB7, 0xBB, 0xB7, 0xBB,
    0xB7, 0xBB, 0xB7, 0xBB, 0xB7, 0xBB, 0xB7, 0xBB, 0xB7, 0xBB, 0xB7, 0xBB, 0xB7, 0xBB, 0xB7, 0xBB,
    0xB7, 0xBB, 0xB7, 0xBB, 0xB7, 0xBB, 0xB7, 0xBB, 0xB7, 0xBB, 0xB7, 0xBB, 0xD7, 0xBB, 0xB7, 0xB3,
    0xF7, 0xBB, 0xFC, 0x74, 0xFC, 0x5C, 0xBB, 0x5C, 0xFE, 0xCE, 0xFF, 0xFF, 0xFF, 0xFF, 0xFF, 0xFF,
    0xFF, 0xFF, 0xFF, 0xFF, 0xFF, 0xFF, 0xFF, 0xFF, 0xFF, 0xFF, 0xFF, 0xFF, 0xFF, 0xFF, 0xFF, 0xFF,
    0x7F, 0xF7, 0xB7, 0xBB, 0x99, 0x94, 0x3E, 0x65, 0xDC, 0x64, 0xFC, 0x64, 0x38, 0xAC, 0xB7, 0xBB,
    0xD7, 0xB3, 0xB7, 0xBB, 0xB7, 0xBB, 0xB7, 0xBB, 0xB7, 0xBB, 0xB7, 0xBB, 0xB7, 0xBB, 0xB7, 0xBB,
    0xB7, 0xBB, 0xB7, 0xBB, 0xB7, 0xBB, 0xB7, 0xBB, 0xB7, 0xBB, 0xB7, 0xBB, 0xB7, 0xBB, 0xB7, 0xBB,
    0xB7, 0xBB, 0xB7, 0xBB, 0xB7, 0xBB, 0xB7, 0xBB, 0xB7, 0xBB, 0x56, 0xAB, 0x19, 0xCD, 0xFF, 0xFF,
    0xFF, 0xFF, 0x9C, 0xF7, 0x9B, 0xC6, 0x37, 0x95, 0x37, 0x95, 0x78, 0x9D, 0x78, 0x9D, 0x98, 0xA5,
    0xB9, 0xA5, 0x58, 0x95, 0x58, 0x8D, 0xFA, 0xA5, 0xF9, 0xA5, 0x76, 0xB5, 0x78, 0x9D, 0x5B, 0xB6,
    0xFA, 0xAD, 0xFA, 0xA5, 0xF7, 0x7C, 0xE7, 0x08, 0x8F, 0x2A, 0xCA, 0x21, 0xE6, 0x10, 0x68, 0x19,
    0x48, 0x11, 0x27, 0x11, 0x07, 0x11, 0x27, 0x09, 0x73, 0x84, 0x7E, 0xEF, 0x1D, 0xD7, 0x2C, 0x32,
    0x0C, 0x22, 0x1A, 0xB6, 0x1D, 0xD7, 0xDC, 0xCE, 0xBC, 0xC6, 0x7B, 0xB6, 0x1A, 0xA6, 0x5B, 0xB6,
    0xFC, 0xD6, 0x3E, 0xD7, 0xD6, 0x7C, 0xCE, 0x42, 0xAD, 0x42, 0x6C, 0x42, 0xEA, 0x31, 0xC9, 0x31,
    0xEA, 0x31, 0xAD, 0x42, 0x53, 0x74, 0x1A, 0xAE, 0x3A, 0xBE, 0xD9, 0xAD, 0x38, 0x95, 0xD7, 0x7C,
    0xD7, 0x74, 0xF7, 0x7C, 0xF7, 0x7C, 0x18, 0x85, 0x18, 0x85, 0x38, 0x8D, 0x58, 0x8D, 0x17, 0x95,
    0x76, 0x6C, 0x6A, 0x11, 0x00, 0x00, 0x36, 0x95, 0x9C, 0xBE, 0xD9, 0xAD, 0x97, 0xA5, 0xBC, 0xC6,
    0x7B, 0xC6, 0x5A, 0xC6, 0x19, 0xB6, 0xF9, 0xB5, 0x0A, 0x3A, 0x00, 0x00, 0x89, 0x19, 0x06, 0x09,
    0xA5, 0x08, 0xC9, 0x21, 0x27, 0x11, 0xE7, 0x08, 0x48, 0x11, 0x68, 0x19, 0xA9, 0x21, 0xC9, 0x31,
    0x47, 0x19, 0x88, 0x21, 0xC5, 0x08, 0xEB, 0x21, 0x2F, 0x4B, 0xF5, 0x94, 0x5B, 0xB6, 0x3A, 0xB6,
    0xBB, 0xCE, 0xDC, 0xD6, 0x3D, 0xE7, 0xFF, 0xF7, 0x5C, 0xE6, 0x35, 0xAB, 0x76, 0xB3, 0xB6, 0xB3,
    0xB7, 0xBB, 0xB7, 0xBB, 0xB7, 0xBB, 0xB7, 0xBB, 0xB7, 0xBB, 0xB7, 0xBB, 0xB7, 0xBB, 0xB7, 0xBB,
    0xB7, 0xBB, 0xB7, 0xBB, 0xB7, 0xBB, 0xB7, 0xBB, 0xB7, 0xBB, 0xB7, 0xBB, 0xB7, 0xBB, 0xB7, 0xBB,
    0xB7, 0xBB, 0xB7, 0xBB, 0xB7, 0xBB, 0xB7, 0xBB, 0xB7, 0xBB, 0xB7, 0xBB, 0xB7, 0xBB, 0xB7, 0xBB,
    0xB7, 0xBB, 0xB7, 0xBB, 0xB7, 0xBB, 0xB7, 0xBB, 0xB7, 0xBB, 0xB7, 0xBB, 0xB7, 0xBB, 0xB7, 0xBB,
    0xB7, 0xBB, 0xB7, 0xBB, 0xB7, 0xBB, 0xB7, 0xBB, 0xB7, 0xBB, 0xB7, 0xBB, 0xB7, 0xBB, 0xB7, 0xBB,
    0xB7, 0xBB, 0xB7, 0xBB, 0xB7, 0xBB, 0xB7, 0xBB, 0xB7, 0xBB, 0xB7, 0xBB, 0xB7, 0xBB, 0xB7, 0xBB,
    0xB7, 0xBB, 0xB7, 0xBB, 0xB7, 0xBB, 0xB7, 0xBB, 0xB7, 0xBB, 0xB7, 0xBB, 0xB7, 0xBB, 0xB7, 0xBB,
    0xB7, 0xBB, 0xB7, 0xBB, 0xB7, 0xBB, 0xB7, 0xBB, 0xB7, 0xBB, 0xB7, 0xBB, 0xB7, 0xBB, 0xB7, 0xBB,
    0xB7, 0xBB, 0xB7, 0xBB, 0xB7, 0xBB, 0xB7, 0xBB, 0xB7, 0xBB, 0xB7, 0xBB, 0xB7, 0xBB, 0xB7, 0xBB,
    0xB7, 0xBB, 0xB7, 0xBB, 0xB7, 0xBB, 0xB7, 0xBB, 0xB7, 0xBB, 0xB7, 0xBB, 0xB7, 0xBB, 0xB7, 0xBB,
    0xB7, 0xBB, 0xB7, 0xBB, 0xB7, 0xBB, 0xB7, 0xBB, 0xB7, 0xBB, 0xB7, 0xBB, 0xB7, 0xBB, 0xB7, 0xBB,
    0xB7, 0xBB, 0xB7, 0xBB, 0xB7, 0xBB, 0xB7, 0xBB, 0xB7, 0xBB, 0xB7, 0xBB, 0xB7, 0xBB, 0xB7, 0xBB,
    0xB7, 0xBB, 0xB7, 0xBB, 0xB7, 0xBB, 0xB7, 0xBB, 0xB7, 0xBB, 0xB7, 0xBB, 0xB7, 0xBB, 0xB7, 0xBB,
    0xB7, 0xBB, 0xB7, 0xBB, 0xB7, 0xBB, 0xB7, 0xBB, 0xB7, 0xBB, 0xB7, 0xBB, 0xB7, 0xBB, 0xB7, 0xBB,
    0xB7, 0xBB, 0xB7, 0xBB, 0xB7, 0xBB, 0xB7, 0xBB, 0xB7, 0xBB, 0xB7, 0xBB, 0xB7, 0xBB, 0xB7, 0xBB,
    0xB7, 0xBB, 0xB7, 0xBB, 0xB7, 0xBB, 0xB7, 0xBB, 0xB7, 0xBB, 0xB7, 0xBB, 0xB7, 0xBB, 0xB7, 0xBB,
    0xB7, 0xBB, 0xB7, 0xBB, 0xB7, 0xBB, 0xB7, 0xBB, 0xB7, 0xBB, 0xB7, 0xBB, 0xB7, 0xBB, 0xB7, 0xBB,
    0xB7, 0xBB, 0xB7, 0xBB, 0xB7, 0xBB, 0xB7, 0xBB, 0xB7, 0xBB, 0xB7, 0xBB, 0xB7, 0xBB, 0xB7, 0xBB,
    0xB7, 0xBB, 0xB7, 0xBB, 0xB7, 0xBB, 0xB7, 0xBB, 0xB7, 0xBB, 0xB7, 0xBB, 0xB7, 0xBB, 0xB7, 0xBB,
    0xB7, 0xBB, 0xB7, 0xBB, 0xB7, 0xBB, 0xB7, 0xBB, 0xB7, 0xBB, 0xB7, 0xBB, 0xB7, 0xBB, 0xB7, 0xBB,
    0xB7, 0xBB, 0xB7, 0xBB, 0xB7, 0xBB, 0xB7, 0xBB, 0xB7, 0xBB, 0xB7, 0xBB, 0xD7, 0xBB, 0xB7, 0xBB,
    0x78, 0xAC, 0x3D, 0x6D, 0xDC, 0x5C, 0x3C, 0x6D, 0xDF, 0xFF, 0xFF, 0xFF, 0xFF, 0xFF, 0xFF, 0xFF,
    0xFF, 0xFF, 0xFF, 0xFF, 0xFF, 0xFF, 0xFF, 0xFF, 0xFF, 0xFF, 0xFF, 0xFF, 0xFF, 0xFF, 0xFF, 0xFF,
    0x1A, 0xCD, 0xF7, 0xB3, 0x9D, 0x85, 0x5C, 0x75, 0x9E, 0x7D, 0x1B, 0x85, 0xB7, 0xBB, 0xB7, 0xB3,
    0xB7, 0xBB, 0xB7, 0xBB, 0xB7, 0xBB, 0xB7, 0xBB, 0xB7, 0xBB, 0xB7, 0xBB, 0xB7, 0xBB, 0xB7, 0xBB,
    0xB7, 0xBB, 0xB7, 0xBB, 0xB7, 0xBB, 0xB7, 0xBB, 0xB7, 0xBB, 0xB7, 0xBB, 0xB7, 0xBB, 0xB7, 0xBB,
    0xB7, 0xBB, 0xB7, 0xBB, 0xB7, 0xBB, 0xB7, 0xBB, 0x56, 0xB3, 0xD9, 0xC4, 0xFF, 0xFF, 0xDF, 0xF7,
    0xDF, 0xEF, 0x77, 0xE6, 0x35, 0x9D, 0xB6, 0x7C, 0x17, 0x95, 0x37, 0x95, 0x37, 0x95, 0x57, 0x95,
    0x57, 0x9D, 0x78, 0x9D, 0x17, 0x8D, 0x38, 0x85, 0x99, 0x9D, 0x2B, 0xBB, 0xF6, 0x9C, 0x1B, 0x9E,
    0xB9, 0x9D, 0x99, 0x95, 0x99, 0x8D, 0x72, 0x43, 0x8E, 0x2A, 0x06, 0x11, 0x06, 0x11, 0x47, 0x19,
    0x68, 0x19, 0x68, 0x19, 0x48, 0x11, 0xC6, 0x00, 0x73, 0x84, 0x9E, 0xEF, 0xDC, 0xCE, 0xFD, 0xD6,
    0xB9, 0xA5, 0xF9, 0xAD, 0x1D, 0xD7, 0xBC, 0xC6, 0x9C, 0xBE, 0x5B, 0xB6, 0x3B, 0xB6, 0x1D, 0xDF,
    0x3E, 0xD7, 0x91, 0x4B, 0x70, 0x5B, 0xD8, 0xBD, 0x7B, 0xD6, 0xF5, 0x9C, 0x0E, 0x63, 0x4B, 0x4A,
    0x4B, 0x4A, 0x2A, 0x42, 0xC9, 0x31, 0xCD, 0x4A, 0x98, 0x9D, 0x7B, 0xC6, 0x1A, 0xB6, 0x58, 0x8D,
    0xD7, 0x74, 0xD7, 0x74, 0xF8, 0x7C, 0x18, 0x7D, 0x18, 0x7D, 0x38, 0x85, 0x59, 0x8D, 0xD6, 0x84,
    0x15, 0x5C, 0xD4, 0x4B, 0x13, 0x6C, 0x3A, 0xB6, 0xB8, 0xA5, 0x16, 0x95, 0x5B, 0xBE, 0x7B, 0xBE,
    0x7B, 0xC6, 0x5A, 0xBE, 0xF9, 0xB5, 0xB8, 0xAD, 0xC9, 0x31, 0x00, 0x00, 0x89, 0x19, 0x06, 0x09,
    0x84, 0x00, 0xA9, 0x21, 0x48, 0x11, 0x48, 0x19, 0x68, 0x19, 0x88, 0x19, 0x88, 0x21, 0xA8, 0x29,
    0xE9, 0x31, 0xA7, 0x29, 0x26, 0x19, 0xC6, 0x08, 0x78, 0x95, 0x3B, 0xAE, 0xDA, 0xA5, 0xB9, 0x9D,
    0x3A, 0xBE, 0xDC, 0xD6, 0xFC, 0xD6, 0x1D, 0xD7, 0x5E, 0xE7, 0x7A, 0xCD, 0x5A, 0xCD, 0x57, 0xBC,
    0x76, 0xB3, 0xB7, 0xB3, 0xB7, 0xBB, 0xB7, 0xBB, 0xB7, 0xBB, 0xB7, 0xBB, 0xB7, 0xBB, 0xB7, 0xBB,
    0xB7, 0xBB, 0xB7, 0xBB, 0xB7, 0xBB, 0xB7, 0xBB, 0xB7, 0xBB, 0xB7, 0xBB, 0xB7, 0xBB, 0xB7, 0xBB,
    0xB7, 0xBB, 0xB7, 0xBB, 0xB7, 0xBB, 0xB7, 0xBB, 0xB7, 0xBB, 0xB7, 0xBB, 0xB7, 0xBB, 0xB7, 0xBB,
    0xB7, 0xBB, 0xB7, 0xBB, 0xB7, 0xBB, 0xB7, 0xBB, 0xB7, 0xBB, 0xB7, 0xBB, 0xB7, 0xBB, 0xB7, 0xBB,
    0xB7, 0xBB, 0xB7, 0xBB, 0xB7, 0xBB, 0xB7, 0xBB, 0xB7, 0xBB, 0xB7, 0xBB, 0xB7, 0xBB, 0xB7, 0xBB,
    0xB7, 0xBB, 0xB7, 0xBB, 0xB7, 0xBB, 0xB7, 0xBB, 0xB7, 0xBB, 0xB7, 0xBB, 0xB7, 0xBB, 0xB7, 0xBB,
    0xB7, 0xBB, 0xB7, 0xBB, 0xB7, 0xBB, 0xB7, 0xBB, 0xB7, 0xBB, 0xB7, 0xBB, 0xB7, 0xBB, 0xB7, 0xBB,
    0xB7, 0xBB, 0xB7, 0xBB, 0xB7, 0xBB, 0xB7, 0xBB, 0xB7, 0xBB, 0xB7, 0xBB, 0xB7, 0xBB, 0xB7, 0xBB,
    0xB7, 0xBB, 0xB7, 0xBB, 0xB7, 0xBB, 0xB7, 0xBB, 0xB7, 0xBB, 0xB7, 0xBB, 0xB7, 0xBB, 0xB7, 0xBB,
    0xB7, 0xBB, 0xB7, 0xBB, 0xB7, 0xBB, 0xB7, 0xBB, 0xB7, 0xBB, 0xB7, 0xBB, 0xB7, 0xBB, 0xB7, 0xBB,
    0xB7, 0xBB, 0xB7, 0xBB, 0xB7, 0xBB, 0xB7, 0xBB, 0xB7, 0xBB, 0xB7, 0xBB, 0xB7, 0xBB, 0xB7, 0xBB,
    0xB7, 0xBB, 0xB7, 0xBB, 0xB7, 0xBB, 0xB7, 0xBB, 0xB7, 0xBB, 0xB7, 0xBB, 0xB7, 0xBB, 0xB7, 0xBB,
    0xB7, 0xBB, 0xB7, 0xBB, 0xB7, 0xBB, 0xB7, 0xBB, 0xB7, 0xBB, 0xB7, 0xBB, 0xB7, 0xBB, 0xB7, 0xBB,
    0xB7, 0xBB, 0xB7, 0xBB, 0xB7, 0xBB, 0xB7, 0xBB, 0xB7, 0xBB, 0xB7, 0xBB, 0xB7, 0xBB, 0xB7, 0xBB,
    0xB7, 0xBB, 0xB7, 0xBB, 0xB7, 0xBB, 0xB7, 0xBB, 0xB7, 0xBB, 0xB7, 0xBB, 0xB7, 0xBB, 0xB7, 0xBB,
    0xB7, 0xBB, 0xB7, 0xBB, 0xB7, 0xBB, 0xB7, 0xBB, 0xB7, 0xBB, 0xB7, 0xBB, 0xB7, 0xBB, 0xB7, 0xBB,
    0xB7, 0xBB, 0xB7, 0xBB, 0xB7, 0xBB, 0xB7, 0xBB, 0xB7, 0xBB, 0xB7, 0xBB, 0xB7, 0xBB, 0xB7, 0xBB,
    0xB7, 0xBB, 0xB7, 0xBB, 0xB7, 0xBB, 0xB7, 0xBB, 0xB7, 0xBB, 0xB7, 0xBB, 0xB7, 0xBB, 0xB7, 0xBB,
    0xB7, 0xBB, 0xB7, 0xBB, 0xB7, 0xBB, 0xB7, 0xBB, 0xB7, 0xBB, 0xB7, 0xBB, 0xB7, 0xBB, 0xB7, 0xBB,
    0xB7, 0xBB, 0xB7, 0xBB, 0xB7, 0xBB, 0xB7, 0xBB, 0xB7, 0xBB, 0xB7, 0xBB, 0xB7, 0xBB, 0xB7, 0xBB,
    0xB7, 0xBB, 0xB7, 0xBB, 0xB7, 0xBB, 0xB7, 0xBB, 0xB7, 0xBB, 0xB7, 0xBB, 0xD7, 0xBB, 0xB7, 0xBB,
    0x39, 0x94, 0x3E, 0x65, 0xBB, 0x5C, 0x1C, 0x6D, 0xDF, 0xF7, 0xFF, 0xFF, 0xFF, 0xFF, 0xFF, 0xFF,
    0xFF, 0xFF, 0xFF, 0xFF, 0xFF, 0xFF, 0xFF, 0xFF, 0xFF, 0xFF, 0xFF, 0xFF, 0xFF, 0xFF, 0xDB, 0xDD,
    0xB7, 0xBB, 0x1B, 0x95, 0x5D, 0x75, 0x1C, 0x75, 0xBE, 0x7D, 0xB9, 0xAC, 0xB7, 0xBB, 0xD7, 0xBB,
    0xB7, 0xBB, 0xB7, 0xBB, 0xB7, 0xBB, 0xB7, 0xBB, 0xB7, 0xBB, 0xB7, 0xBB, 0xB7, 0xBB, 0xB7, 0xBB,
    0xB7, 0xBB, 0xB7, 0xBB, 0xB7, 0xBB, 0xB7, 0xBB, 0xB7, 0xBB, 0xB7, 0xBB, 0xB7, 0xBB, 0xB7, 0xBB,
    0xB7, 0xBB, 0xB7, 0xBB, 0xD7, 0xBB, 0x97, 0xB3, 0xF6, 0xB3, 0xDF, 0xFF, 0xBF, 0xE7, 0x7F, 0xD7,
    0x3E, 0xC7, 0x9C, 0xAE, 0x17, 0x7D, 0xD6, 0x7C, 0xF7, 0x8C, 0x17, 0x8D, 0x17, 0x8D, 0x17, 0x8D,
    0x17, 0x95, 0x37, 0x95, 0x57, 0x95, 0xD6, 0x7C, 0x17, 0x7D, 0x38, 0x8D, 0x59, 0x85, 0x79, 0x8D,
    0x99, 0x8D, 0x99, 0x8D, 0x18, 0x7D, 0x76, 0x64, 0x31, 0x3B, 0xA5, 0x00, 0xE6, 0x08, 0x06, 0x11,
    0x27, 0x11, 0x67, 0x19, 0x88, 0x21, 0x07, 0x09, 0x93, 0x84, 0x9F, 0xEF, 0xBC, 0xCE, 0x5A, 0xBE,
    0x19, 0xAE, 0x9B, 0xC6, 0xDC, 0xC6, 0x9C, 0xBE, 0x9C, 0xBE, 0x3B, 0xAE, 0xDC, 0xCE, 0x5E, 0xDF,
    0x71, 0x43, 0x73, 0x7C, 0xBF, 0xF7, 0xBF, 0xE7, 0x1A, 0x96, 0xAC, 0x3A, 0x4C, 0x32, 0x13, 0x6C,
    0x90, 0x63, 0x6C, 0x4A, 0x4B, 0x4A, 0xC9, 0x39, 0x4B, 0x42, 0x78, 0x9D, 0x9B, 0xCE, 0x1A, 0xB6,
    0x17, 0x85, 0xD7, 0x6C, 0xF8, 0x74, 0x18, 0x7D, 0x18, 0x7D, 0x38, 0x85, 0x59, 0x85, 0x38, 0x8D,
    0xF3, 0x63, 0x18, 0x7D, 0xB9, 0x9D, 0x16, 0x95, 0x37, 0x95, 0x3A, 0xB6, 0x5B, 0xBE, 0x5B, 0xBE,
    0x5B, 0xBE, 0x3A, 0xBE, 0xD9, 0xB5, 0x98, 0xA5, 0xC9, 0x29, 0x00, 0x00, 0x68, 0x19, 0x07, 0x11,
    0x84, 0x08, 0x88, 0x21, 0xC9, 0x29, 0xC9, 0x39, 0xE9, 0x39, 0xE9, 0x39, 0xC9, 0x39, 0xC8, 0x39,
    0xC8, 0x39, 0x28, 0x4A, 0x05, 0x19, 0xE6, 0x08, 0xD3, 0x5B, 0x33, 0x6C, 0x2F, 0x4B, 0xB2, 0x63,
    0x98, 0xA5, 0x7B, 0xC6, 0x9B, 0xC6, 0x3A, 0xBE, 0xFC, 0xD6, 0x9E, 0xE7, 0xDF, 0xF7, 0xBF, 0xF7,
    0x1C, 0xD6, 0xD7, 0xB3, 0x96, 0xB3, 0xB7, 0xBB, 0xB7, 0xBB, 0xB7, 0xBB, 0xB7, 0xBB, 0xB7, 0xBB,
    0xB7, 0xBB, 0xB7, 0xBB, 0xB7, 0xBB, 0xB7, 0xBB, 0xB7, 0xBB, 0xB7, 0xBB, 0xB7, 0xBB, 0xB7, 0xBB,
    0xB7, 0xBB, 0xB7, 0xBB, 0xB7, 0xBB, 0xB7, 0xBB, 0xB7, 0xBB, 0xB7, 0xBB, 0xB7, 0xBB, 0xB7, 0xBB,
    0xB7, 0xBB, 0xB7, 0xBB, 0xB7, 0xBB, 0xB7, 0xBB, 0xB7, 0xBB, 0xB7, 0xBB, 0xB7, 0xBB, 0xB7, 0xBB,
    0xB7, 0xBB, 0xB7, 0xBB, 0xB7, 0xBB, 0xB7, 0xBB, 0xB7, 0xBB, 0xB7, 0xBB, 0xB7, 0xBB, 0xB7, 0xBB,
    0xB7, 0xBB, 0xB7, 0xBB, 0xB7, 0xBB, 0xB7, 0xBB, 0xB7, 0xBB, 0xB7, 0xBB, 0xB7, 0xBB, 0xB7, 0xBB,
    0xB7, 0xBB, 0xB7, 0xBB, 0xB7, 0xBB, 0xB7, 0xBB, 0xB7, 0xBB, 0xB7, 0xBB, 0xB7, 0xBB, 0xB7, 0xBB,
    0xB7, 0xBB, 0xB7, 0xBB, 0xB7, 0xBB, 0xB7, 0xBB, 0xB7, 0xBB, 0xB7, 0xBB, 0xB7, 0xBB, 0xB7, 0xBB,
    0xB7, 0xBB, 0xB7, 0xBB, 0xB7, 0xBB, 0xB7, 0xBB, 0xB7, 0xBB, 0xB7, 0xBB, 0xB7, 0xBB, 0xB7, 0xBB,
    0xB7, 0xBB, 0xB7, 0xBB, 0xB7, 0xBB, 0xB7, 0xBB, 0xB7, 0xBB, 0xB7, 0xBB, 0xB7, 0xBB, 0xB7, 0xBB,
    0xB7, 0xBB, 0xB7, 0xBB, 0xB7, 0xBB, 0xB7, 0xBB, 0xB7, 0xBB, 0xB7, 0xBB, 0xB7, 0xBB, 0xB7, 0xBB,
    0xB7, 0xBB, 0xB7, 0xBB, 0xB7, 0xBB, 0xB7, 0xBB, 0xB7, 0xBB, 0xB7, 0xBB, 0xB7, 0xBB, 0xB7, 0xBB,
    0xB7, 0xBB, 0xB7, 0xBB, 0xB7, 0xBB, 0xB7, 0xBB, 0xB7, 0xBB, 0xB7, 0xBB, 0xB7, 0xBB, 0xB7, 0xBB,
    0xB7, 0xBB, 0xB7, 0xBB, 0xB7, 0xBB, 0xB7, 0xBB, 0xB7, 0xBB, 0xB7, 0xBB, 0xB7, 0xBB, 0xB7, 0xBB,
    0xB7, 0xBB, 0xB7, 0xBB, 0xB7, 0xBB, 0xB7, 0xBB, 0xB7, 0xBB, 0xB7, 0xBB, 0xB7, 0xBB, 0xB7, 0xBB,
    0xB7, 0xBB, 0xB7, 0xBB, 0xB7, 0xBB, 0xB7, 0xBB, 0xB7, 0xBB, 0xB7, 0xBB, 0xB7, 0xBB, 0xB7, 0xBB,
    0xB7, 0xBB, 0xB7, 0xBB, 0xB7, 0xBB, 0xB7, 0xBB, 0xB7, 0xBB, 0xB7, 0xBB, 0xB7, 0xBB, 0xB7, 0xBB,
    0xB7, 0xBB, 0xB7, 0xBB, 0xB7, 0xBB, 0xB7, 0xBB, 0xB7, 0xBB, 0xB7, 0xBB, 0xB7, 0xBB, 0xB7, 0xBB,
    0xB7, 0xBB, 0xB7, 0xBB, 0xB7, 0xBB, 0xB7, 0xBB, 0xB7, 0xBB, 0xB7, 0xBB, 0xB7, 0xBB, 0xB7, 0xBB,
    0xB7, 0xBB, 0xB7, 0xBB, 0xB7, 0xBB, 0xB7, 0xBB, 0xB7, 0xBB, 0xB7, 0xBB, 0xB7, 0xBB, 0xB7, 0xBB,
    0xB7, 0xBB, 0xB7, 0xBB, 0xB7, 0xBB, 0xB7, 0xBB, 0xB7, 0xBB, 0xB7, 0xBB, 0xD7, 0xBB, 0xB7, 0xBB,
    0x59, 0x94, 0x3E, 0x65, 0xDB, 0x5C, 0xBB, 0x54, 0x3E, 0xD7, 0xFF, 0xFF, 0xFF, 0xFF, 0xFF, 0xFF,
    0xFF, 0xFF, 0xFF, 0xFF, 0xFF, 0xFF, 0xFF, 0xFF, 0xFF, 0xFF, 0xFF, 0xFF, 0xDB, 0xDD, 0xB7, 0xBB,
    0xFA, 0x8C, 0x5E, 0x6D, 0xDB, 0x64, 0x1E, 0x65, 0x1B, 0x85, 0xF7, 0xBB, 0xD7, 0xBB, 0xD7, 0xBB,
    0xB7, 0xBB, 0xB7, 0xBB, 0xB7, 0xBB, 0xB7, 0xBB, 0xB7, 0xBB, 0xB7, 0xBB, 0xB7, 0xBB, 0xB7, 0xBB,
    0xB7, 0xBB, 0xB7, 0xBB, 0xB7, 0xBB, 0xB7, 0xBB, 0xB7, 0xBB, 0xB7, 0xBB, 0xB7, 0xBB, 0xB7, 0xBB,
    0xB7, 0xBB, 0xB7, 0xBB, 0xB7, 0xBB, 0x56, 0xAB, 0xBD, 0xE6, 0xDF, 0xDF, 0x3E, 0xC7, 0xFE, 0xB6,
    0xDD, 0xAE, 0x9D, 0x9E, 0x9A, 0x85, 0xF7, 0x7C, 0xF7, 0x84, 0xF6, 0x84, 0xD6, 0x84, 0xD6, 0x84,
    0xD6, 0x7C, 0xD6, 0x84, 0xF6, 0x84, 0x37, 0x8D, 0x95, 0x74, 0x18, 0x7D, 0x38, 0x7D, 0x38, 0x85,
    0x79, 0x8D, 0x38, 0x7D, 0xF8, 0x74, 0x96, 0x64, 0xF4, 0x4B, 0xC6, 0x08, 0xA4, 0x00, 0x06, 0x09,
    0x06, 0x11, 0x27, 0x11, 0x68, 0x19, 0x27, 0x09, 0xD5, 0x84, 0x5E, 0xE7, 0x1D, 0xD7, 0xBC, 0xCE,
    0x9C, 0xC6, 0xDC, 0xCE, 0x9C, 0xBE, 0x9C, 0xC6, 0x9C, 0xBE, 0x5B, 0xB6, 0x9F, 0xE7, 0x54, 0x64,
    0x53, 0x74, 0xDF, 0xF7, 0x5E, 0xB7, 0xD9, 0x55, 0x2F, 0x0B, 0x06, 0x01, 0x88, 0x01, 0xF3, 0x33,
    0xB9, 0x75, 0x1A, 0x8E, 0x33, 0x6C, 0x8C, 0x42, 0xC9, 0x39, 0x8C, 0x42, 0x1A, 0xAE, 0xBC, 0xCE,
    0xD9, 0xA5, 0xD7, 0x74, 0xF8, 0x74, 0x18, 0x7D, 0x18, 0x7D, 0x38, 0x85, 0x38, 0x85, 0x79, 0x8D,
    0x38, 0x8D, 0xB6, 0x7C, 0xF7, 0x84, 0x99, 0x9D, 0x3B, 0xB6, 0x1A, 0xB6, 0x3A, 0xB6, 0x5B, 0xBE,
    0x5A, 0xBE, 0x1A, 0xBE, 0xB8, 0xAD, 0x77, 0x9D, 0xEA, 0x31, 0x01, 0x00, 0x47, 0x11, 0x48, 0x11,
    0x07, 0x11, 0x48, 0x11, 0x0A, 0x32, 0x29, 0x4A, 0x29, 0x4A, 0x29, 0x4A, 0x09, 0x4A, 0x08, 0x42,
    0xC8, 0x31, 0x09, 0x42, 0xC4, 0x18, 0x48, 0x11, 0x6D, 0x32, 0xC6, 0x10, 0xAE, 0x3A, 0x98, 0xA5,
    0x7B, 0xC6, 0x5A, 0xC6, 0x9B, 0xCE, 0x9B, 0xCE, 0x3A, 0xBE, 0x3D, 0xDF, 0x3E, 0xE7, 0xFD, 0xD6,
    0x3E, 0xD7, 0xFE, 0xDE, 0x37, 0xB4, 0x76, 0xB3, 0xB7, 0xBB, 0xB7, 0xBB, 0xB7, 0xBB, 0xB7, 0xBB,
    0xB7, 0xBB, 0xB7, 0xBB, 0xB7, 0xBB, 0xB7, 0xBB, 0xB7, 0xBB, 0xB7, 0xBB, 0xB7, 0xBB, 0xB7, 0xBB,
    0xB7, 0xBB, 0xB7, 0xBB, 0xB7, 0xBB, 0xB7, 0xBB, 0xB7, 0xBB, 0xB7, 0xBB, 0xB7, 0xBB, 0xB7, 0xBB,
    0xB7, 0xBB, 0xB7, 0xBB, 0xB7, 0xBB, 0xB7, 0xBB, 0xB7, 0xBB, 0xB7, 0xBB, 0xB7, 0xBB, 0xB7, 0xBB,
    0xB7, 0xBB, 0xB7, 0xBB, 0xB7, 0xBB, 0xB7, 0xBB, 0xB7, 0xBB, 0xB7, 0xBB, 0xB7, 0xBB, 0xB7, 0xBB,
    0xD7, 0xBB, 0xD7, 0xBB, 0xD7, 0xBB, 0xD7, 0xBB, 0xD7, 0xBB, 0xD7, 0xBB, 0xD7, 0xBB, 0xD7, 0xBB,
    0xD7, 0xBB, 0xD7, 0xBB, 0xD7, 0xBB, 0xD7, 0xBB, 0xD7, 0xBB, 0xD7, 0xBB, 0xD7, 0xBB, 0xD7, 0xBB,
    0xD7, 0xBB, 0xD7, 0xBB, 0xD7, 0xBB, 0xD7, 0xBB, 0xD7, 0xBB, 0xD7, 0xBB, 0xD7, 0xBB, 0xD7, 0xBB,
    0xD7, 0xBB, 0xD7, 0xBB, 0xD7, 0xBB, 0xD7, 0xBB, 0xD7, 0xBB, 0xD7, 0xBB, 0xD7, 0xBB, 0xD7, 0xBB,
    0xD7, 0xBB, 0xD7, 0xBB, 0xD7, 0xBB, 0xD7, 0xBB, 0xD7, 0xBB, 0xD7, 0xBB, 0xD7, 0xBB, 0xD7, 0xBB,
    0xD7, 0xBB, 0xD7, 0xBB, 0xD7, 0xBB, 0xD7, 0xBB, 0xD7, 0xBB, 0xD7, 0xBB, 0xD7, 0xBB, 0xD7, 0xBB,
    0xD7, 0xBB, 0xD7, 0xBB, 0xD7, 0xBB, 0xD7, 0xBB, 0xD7, 0xBB, 0xD7, 0xBB, 0xD7, 0xBB, 0xD7, 0xBB,
    0xD7, 0xBB, 0xD7, 0xBB, 0xD7, 0xBB, 0xD7, 0xBB, 0xD7, 0xBB, 0xD7, 0xBB, 0xD7, 0xBB, 0xD7, 0xBB,
    0xD7, 0xBB, 0xD7, 0xBB, 0xD7, 0xBB, 0xD7, 0xBB, 0xD7, 0xBB, 0xD7, 0xBB, 0xD7, 0xBB, 0xD7, 0xBB,
    0xD7, 0xBB, 0xD7, 0xBB, 0xD7, 0xBB, 0xD7, 0xBB, 0xD7, 0xBB, 0xD7, 0xBB, 0xD7, 0xBB, 0xD7, 0xBB,
    0xD7, 0xBB, 0xD7, 0xBB, 0xD7, 0xBB, 0xD7, 0xBB, 0xD7, 0xBB, 0xD7, 0xBB, 0xD7, 0xBB, 0xD7, 0xBB,
    0xD7, 0xBB, 0xD7, 0xBB, 0xD7, 0xBB, 0xD7, 0xBB, 0xD7, 0xBB, 0xD7, 0xBB, 0xD7, 0xBB, 0xD7, 0xBB,
    0xD7, 0xBB, 0xD7, 0xBB, 0xD7, 0xBB, 0xD7, 0xBB, 0xD7, 0xBB, 0xD7, 0xBB, 0xD7, 0xBB, 0xD7, 0xBB,
    0xD7, 0xBB, 0xD7, 0xBB, 0xD7, 0xBB, 0xD7, 0xBB, 0xD7, 0xBB, 0xD7, 0xBB, 0xD7, 0xBB, 0xD7, 0xBB,
    0xD7, 0xBB, 0xD7, 0xBB, 0xD7, 0xBB, 0xD7, 0xBB, 0xD7, 0xBB, 0xD7, 0xBB, 0xD7, 0xBB, 0xD7, 0xBB,
    0xD7, 0xBB, 0xD7, 0xBB, 0xD7, 0xBB, 0xD7, 0xBB, 0xD7, 0xBB, 0xD7, 0xBB, 0xD7, 0xBB, 0xD7, 0xBB,
    0x59, 0xAC, 0x3E, 0x6D, 0xDB, 0x5C, 0xBC, 0x5C, 0x5C, 0x75, 0x9F, 0xEF, 0xFF, 0xFF, 0xFF, 0xFF,
    0xFF, 0xFF, 0xFF, 0xFF, 0xFF, 0xFF, 0xFF, 0xFF, 0xBD, 0xEE, 0xB9, 0xCC, 0x18, 0xB4, 0x5C, 0x8D,
    0x3D, 0x65, 0xDC, 0x64, 0xBC, 0x54, 0xFC, 0x6C, 0x18, 0xB4, 0xD7, 0xBB, 0xD7, 0xBB, 0xD7, 0xBB,
    0xD7, 0xBB, 0xD7, 0xBB, 0xD7, 0xBB, 0xD7, 0xBB, 0xD7, 0xBB, 0xD7, 0xBB, 0xD7, 0xBB, 0xD7, 0xBB,
    0xD7, 0xBB, 0xD7, 0xBB, 0xD7, 0xBB, 0xD7, 0xBB, 0xD7, 0xBB, 0xD7, 0xBB, 0xD7, 0xBB, 0xD7, 0xBB,
    0xD7, 0xBB, 0xD7, 0xBB, 0x96, 0xB3, 0xB8, 0xC4, 0xDF, 0xE7, 0x1E, 0xBF, 0xDE, 0xAE, 0xFF, 0xAE,
    0xDE, 0xA6, 0x7D, 0x96, 0x1C, 0x8E, 0x59, 0x7D, 0xD6, 0x74, 0xB6, 0x6C, 0xB7, 0x5C, 0x76, 0x54,
    0x56, 0x4C, 0x76, 0x5C, 0xB6, 0x6C, 0xF7, 0x7C, 0xD7, 0x7C, 0x96, 0x6C, 0x38, 0x7D, 0x58, 0x85,
    0x58, 0x85, 0x38, 0x7D, 0xF8, 0x6C, 0x96, 0x64, 0x76, 0x5C, 0xAE, 0x32, 0x43, 0x00, 0xC5, 0x08,
    0xE6, 0x08, 0x07, 0x11, 0xC6, 0x00, 0x2C, 0x1A, 0x7B, 0xBE, 0x1D, 0xDF, 0xFD, 0xD6, 0x1D, 0xD7,
    0xFD, 0xCE, 0xBC, 0xC6, 0x9C, 0xBE, 0xBC, 0xC6, 0x5B, 0xB6, 0xDD, 0xC6, 0x5B, 0xAE, 0x50, 0x4B,
    0x5D, 0xDF, 0x5E, 0xA7, 0xF6, 0x34, 0x0C, 0x02, 0xE6, 0x00, 0xA5, 0x00, 0xA5, 0x00, 0xE7, 0x00,
    0xAA, 0x01, 0x91, 0x23, 0x7B, 0x86, 0x16, 0x7D, 0x6D, 0x3A, 0x88, 0x29, 0xD1, 0x6B, 0xBC, 0xCE,
    0x9B, 0xC6, 0x38, 0x7D, 0xD8, 0x6C, 0x18, 0x7D, 0x18, 0x7D, 0x39, 0x85, 0x59, 0x85, 0x59, 0x8D,
    0x79, 0x95, 0xBA, 0x9D, 0xDA, 0x9D, 0xFA, 0xA5, 0xFA, 0xAD, 0x1A, 0xAE, 0x3A, 0xB6, 0x3A, 0xBE,
    0x3A, 0xBE, 0x19, 0xB6, 0xB8, 0xAD, 0x57, 0x95, 0x2B, 0x32, 0x01, 0x00, 0xE6, 0x08, 0x69, 0x11,
    0x29, 0x09, 0x48, 0x11, 0xA9, 0x21, 0x29, 0x42, 0x29, 0x4A, 0x08, 0x42, 0xE8, 0x39, 0xA8, 0x21,
    0x89, 0x11, 0x68, 0x19, 0xA4, 0x10, 0xA9, 0x19, 0xCF, 0x3A, 0xD3, 0x63, 0xBA, 0x9D, 0x78, 0x9D,
    0x1A, 0xB6, 0x3A, 0xBE, 0x5A, 0xC6, 0xBB, 0xD6, 0x7B, 0xC6, 0xDC, 0xCE, 0x5E, 0xE7, 0xFD, 0xD6,
    0x3E, 0xDF, 0x9E, 0xEF, 0x1E, 0xEF, 0xB6, 0xB3, 0x76, 0xB3, 0xD7, 0xBB, 0xD7, 0xBB, 0xD7, 0xBB,
    0xD7, 0xBB, 0xD7, 0xBB, 0xD7, 0xBB, 0xD7, 0xBB, 0xD7, 0xBB, 0xD7, 0xBB, 0xD7, 0xBB, 0xD7, 0xBB,
    0xD7, 0xBB, 0xD7, 0xBB, 0xD7, 0xBB, 0xD7, 0xBB, 0xD7, 0xBB, 0xD7, 0xBB, 0xD7, 0xBB, 0xD7, 0xBB,
    0xD7, 0xBB, 0xD7, 0xBB, 0xD7, 0xBB, 0xD7, 0xBB, 0xD7, 0xBB, 0xD7, 0xBB, 0xD7, 0xBB, 0xD7, 0xBB,
    0xD7, 0xBB, 0xD7, 0xBB, 0xD7, 0xBB, 0xD7, 0xBB, 0xD7, 0xBB, 0xD7, 0xBB, 0xD7, 0xBB, 0xD7, 0xBB,
    0xD7, 0xBB, 0xD7, 0xBB, 0xD7, 0xBB, 0xD7, 0xBB, 0xD7, 0xBB, 0xD7, 0xBB, 0xD7, 0xBB, 0xD7, 0xBB,
    0xD7, 0xBB, 0xD7, 0xBB, 0xD7, 0xBB, 0xD7, 0xBB, 0xD7, 0xBB, 0xD7, 0xBB, 0xD7, 0xBB, 0xD7, 0xBB,
    0xD7, 0xBB, 0xD7, 0xBB, 0xD7, 0xBB, 0xD7, 0xBB, 0xD7, 0xBB, 0xD7, 0xBB, 0xD7, 0xBB, 0xD7, 0xBB,
    0xD7, 0xBB, 0xD7, 0xBB, 0xD7, 0xBB, 0xD7, 0xBB, 0xD7, 0xBB, 0xD7, 0xBB, 0xD7, 0xBB, 0xD7, 0xBB,
    0xD7, 0xBB, 0xD7, 0xBB, 0xD7, 0xBB, 0xD7, 0xBB, 0xD7, 0xBB, 0xD7, 0xBB, 0xD7, 0xBB, 0xD7, 0xBB,
    0xD7, 0xBB, 0xD7, 0xBB, 0xD7, 0xBB, 0xD7, 0xBB, 0xD7, 0xBB, 0xD7, 0xBB, 0xD7, 0xBB, 0xD7, 0xBB,
    0xD7, 0xBB, 0xD7, 0xBB, 0xD7, 0xBB, 0xD7, 0xBB, 0xD7, 0xBB, 0xD7, 0xBB, 0xD7, 0xBB, 0xD7, 0xBB,
    0xD7, 0xBB, 0xD7, 0xBB, 0xD7, 0xBB, 0xD7, 0xBB, 0xD7, 0xBB, 0xD7, 0xBB, 0xD7, 0xBB, 0xD7, 0xBB,
    0xD7, 0xBB, 0xD7, 0xBB, 0xD7, 0xBB, 0xD7, 0xBB, 0xD7, 0xBB, 0xD7, 0xBB, 0xD7, 0xBB, 0xD7, 0xBB,
    0xD7, 0xBB, 0xD7, 0xBB, 0xD7, 0xBB, 0xD7, 0xBB, 0xD7, 0xBB, 0xD7, 0xBB, 0xD7, 0xBB, 0xD7, 0xBB,
    0xD7, 0xBB, 0xD7, 0xBB, 0xD7, 0xBB, 0xD7, 0xBB, 0xD7, 0xBB, 0xD7, 0xBB, 0xD7, 0xBB, 0xD7, 0xBB,
    0xD7, 0xBB, 0xD7, 0xBB, 0xD7, 0xBB, 0xD7, 0xBB, 0xD7, 0xBB, 0xD7, 0xBB, 0xD7, 0xBB, 0xD7, 0xBB,
    0xD7, 0xBB, 0xD7, 0xBB, 0xD7, 0xBB, 0xD7, 0xBB, 0xD7, 0xBB, 0xD7, 0xBB, 0xD7, 0xBB, 0xD7, 0xBB,
    0xD7, 0xBB, 0xD7, 0xBB, 0xD7, 0xBB, 0xD7, 0xBB, 0xD7, 0xBB, 0xD7, 0xBB, 0xD7, 0xBB, 0xD7, 0xBB,
    0xD7, 0xBB, 0xD7, 0xBB, 0xD7, 0xBB, 0xD7, 0xBB, 0xD7, 0xBB, 0xD7, 0xBB, 0xD7, 0xBB, 0xD7, 0xBB,
    0xD7, 0xBB, 0xD7, 0xBB, 0xD7, 0xBB, 0xD7, 0xBB, 0xD7, 0xBB, 0xD7, 0xBB, 0xD7, 0xBB, 0xD7, 0xBB,
    0xF7, 0xBB, 0xDB, 0x7C, 0x1E, 0x65, 0xDB, 0x64, 0xBC, 0x5C, 0xFC, 0x64, 0x7D, 0xBE, 0xBD, 0xEE,
    0x7C, 0xE6, 0x5C, 0xE6, 0xBB, 0xDD, 0x19, 0xCD, 0x79, 0xAC, 0x9A, 0x8C, 0x7C, 0x7D, 0x7D, 0x75,
    0xDC, 0x5C, 0x9C, 0x54, 0x9C, 0x85, 0x5C, 0xD6, 0x1C, 0xE6, 0xFB, 0xDD, 0xD9, 0xCC, 0xD7, 0xBB,
    0xD7, 0xBB, 0xD7, 0xBB, 0xD7, 0xBB, 0xD7, 0xBB, 0xD7, 0xBB, 0xD7, 0xBB, 0xD7, 0xBB, 0xD7, 0xBB,
    0xD7, 0xBB, 0xD7, 0xBB, 0xD7, 0xBB, 0xD7, 0xBB, 0xD7, 0xBB, 0xD7, 0xBB, 0xD7, 0xBB, 0xD7, 0xBB,
    0xD7, 0xBB, 0xD7, 0xBB, 0x76, 0xB3, 0xBB, 0xC5, 0x7F, 0xC7, 0xDE, 0xA6, 0x9E, 0x9E, 0x17, 0x7D,
    0x59, 0x7D, 0x9E, 0x96, 0x7E, 0x8E, 0x9A, 0x7D, 0xB7, 0x5C, 0xB7, 0x4C, 0x35, 0x44, 0xB3, 0x43,
    0x30, 0x33, 0x4D, 0x22, 0xF0, 0x3A, 0x76, 0x64, 0xD7, 0x74, 0x75, 0x6C, 0xF7, 0x74, 0x38, 0x7D,
    0x38, 0x7D, 0x59, 0x7D, 0xF7, 0x6C, 0xB7, 0x64, 0x56, 0x5C, 0x14, 0x54, 0x0C, 0x2A, 0xE7, 0x08,
    0xE6, 0x08, 0x07, 0x09, 0x8D, 0x2A, 0x3A, 0x9E, 0xBC, 0xC6, 0xFD, 0xD6, 0xFD, 0xD6, 0xBC, 0xCE,
    0xBC, 0xC6, 0xBC, 0xC6, 0x9C, 0xBE, 0xBC, 0xBE, 0x5B, 0xAE, 0x3E, 0xCF, 0x33, 0x64, 0x16, 0x95,
    0xBF, 0xC7, 0x78, 0x45, 0xEC, 0x01, 0xE7, 0x00, 0x84, 0x00, 0x64, 0x00, 0x64, 0x00, 0x85, 0x00,
    0xC5, 0x08, 0x27, 0x01, 0x6D, 0x02, 0x3B, 0x76, 0xB5, 0x6C, 0x0A, 0x32, 0xC9, 0x31, 0xB8, 0xA5,
    0xDC, 0xD6, 0xB9, 0x95, 0xD8, 0x6C, 0x18, 0x75, 0x38, 0x7D, 0x39, 0x7D, 0x59, 0x85, 0x59, 0x8D,
    0x79, 0x8D, 0xBA, 0x95, 0xFB, 0x9D, 0xDA, 0xA5, 0xFA, 0xA5, 0x1A, 0xAE, 0x3A, 0xB6, 0x3A, 0xB6,
    0x3A, 0xBE, 0xF9, 0xB5, 0x98, 0xA5, 0x37, 0x95, 0x8D, 0x3A, 0x22, 0x00, 0x84, 0x00, 0x89, 0x11,
    0x8A, 0x09, 0x0C, 0x1A, 0x07, 0x09, 0xAA, 0x21, 0xE9, 0x31, 0xC9, 0x29, 0xA9, 0x19, 0x89, 0x11,
    0xA9, 0x11, 0x06, 0x11, 0xE5, 0x10, 0x2D, 0x1A, 0xB7, 0x6C, 0x59, 0x8D, 0x58, 0x95, 0x58, 0x95,
    0xF9, 0xAD, 0x19, 0xB6, 0x5A, 0xC6, 0x9B, 0xCE, 0xF9, 0xB5, 0x7A, 0xC6, 0xDC, 0xD6, 0xDC, 0xD6,
    0x3D, 0xDF, 0x5E, 0xE7, 0xDF, 0xF7, 0x1E, 0xEF, 0x17, 0xBC, 0x76, 0xB3, 0xD7, 0xBB, 0xD7, 0xBB,
    0xD7, 0xBB, 0xD7, 0xBB, 0xD7, 0xBB, 0xD7, 0xBB, 0xD7, 0xBB, 0xD7, 0xBB, 0xD7, 0xBB, 0xD7, 0xBB,
    0xD7, 0xBB, 0xD7, 0xBB, 0xD7, 0xBB, 0xD7, 0xBB, 0xD7, 0xBB, 0xD7, 0xBB, 0xD7, 0xBB, 0xD7, 0xBB,
    0xD7, 0xBB, 0xD7, 0xBB, 0xD7, 0xBB, 0xD7, 0xBB, 0xD7, 0xBB, 0xD7, 0xBB, 0xD7, 0xBB, 0xD7, 0xBB,
    0xD7, 0xBB, 0xD7, 0xBB, 0xD7, 0xBB, 0xD7, 0xBB, 0xD7, 0xBB, 0xD7, 0xBB, 0xD7, 0xBB, 0xD7, 0xBB,
    0xD7, 0xBB, 0xD7, 0xBB, 0xD7, 0xBB, 0xD7, 0xBB, 0xD7, 0xBB, 0xD7, 0xBB, 0xD7, 0xBB, 0xD7, 0xBB,
    0xD7, 0xBB, 0xD7, 0xBB, 0xD7, 0xBB, 0xD7, 0xBB, 0xD7, 0xBB, 0xD7, 0xBB, 0xD7, 0xBB, 0xD7, 0xBB,
    0xD7, 0xBB, 0xD7, 0xBB, 0xD7, 0xBB, 0xD7, 0xBB, 0xD7, 0xBB, 0xD7, 0xBB, 0xD7, 0xBB, 0xD7, 0xBB,
    0xD7, 0xBB, 0xD7, 0xBB, 0xD7, 0xBB, 0xD7, 0xBB, 0xD7, 0xBB, 0xD7, 0xBB, 0xD7, 0xBB, 0xD7, 0xBB,
    0xD7, 0xBB, 0xD7, 0xBB, 0xD7, 0xBB, 0xD7, 0xBB, 0xD7, 0xBB, 0xD7, 0xBB, 0xD7, 0xBB, 0xD7, 0xBB,
    0xD7, 0xBB, 0xD7, 0xBB, 0xD7, 0xBB, 0xD7, 0xBB, 0xD7, 0xBB, 0xD7, 0xBB, 0xD7, 0xBB, 0xD7, 0xBB,
    0xD7, 0xBB, 0xD7, 0xBB, 0xD7, 0xBB, 0xD7, 0xBB, 0xD7, 0xBB, 0xD7, 0xBB, 0xD7, 0xBB, 0xD7, 0xBB,
    0xD7, 0xBB, 0xD7, 0xBB, 0xD7, 0xBB, 0xD7, 0xBB, 0xD7, 0xBB, 0xD7, 0xBB, 0xD7, 0xBB, 0xD7, 0xBB,
    0xD7, 0xBB, 0xD7, 0xBB, 0xD7, 0xBB, 0xD7, 0xBB, 0xD7, 0xBB, 0xD7, 0xBB, 0xD7, 0xBB, 0xD7, 0xBB,
    0xD7, 0xBB, 0xD7, 0xBB, 0xD7, 0xBB, 0xD7, 0xBB, 0xD7, 0xBB, 0xD7, 0xBB, 0xD7, 0xBB, 0xD7, 0xBB,
    0xD7, 0xBB, 0xD7, 0xBB, 0xD7, 0xBB, 0xD7, 0xBB, 0xD7, 0xBB, 0xD7, 0xBB, 0xD7, 0xBB, 0xD7, 0xBB,
    0xD7, 0xBB, 0xD7, 0xBB, 0xD7, 0xBB, 0xD7, 0xBB, 0xD7, 0xBB, 0xD7, 0xBB, 0xD7, 0xBB, 0xD7, 0xBB,
    0xD7, 0xBB, 0xD7, 0xBB, 0xD7, 0xBB, 0xD7, 0xBB, 0xD7, 0xBB, 0xD7, 0xBB, 0xD7, 0xBB, 0xD7, 0xBB,
    0xD7, 0xBB, 0xD7, 0xBB, 0xD7, 0xBB, 0xD7, 0xBB, 0xD7, 0xBB, 0xD7, 0xBB, 0xD7, 0xBB, 0xD7, 0xBB,
    0xD7, 0xBB, 0xD7, 0xBB, 0xD7, 0xBB, 0xD7, 0xBB, 0xD7, 0xBB, 0xD7, 0xBB, 0xD7, 0xBB, 0xD7, 0xBB,
    0xD7, 0xBB, 0xD7, 0xBB, 0xD7, 0xBB, 0xD7, 0xBB, 0xD7, 0xBB, 0xD7, 0xBB, 0xD7, 0xBB, 0xD7, 0xBB,
    0xD7, 0xBB, 0x38, 0xBC, 0x3C, 0x7D, 0x3E, 0x65, 0xDC, 0x5C, 0xDC, 0x5C, 0xBC, 0x54, 0x9A, 0x7C,
    0x59, 0x9C, 0x18, 0x94, 0x5A, 0x84, 0xDB, 0x6C, 0x3D, 0x65, 0x7E, 0x75, 0x7C, 0x7D, 0x1C, 0x65,
    0xBB, 0x54, 0xFC, 0x9D, 0xDF, 0xFF, 0xFF, 0xFF, 0xFF, 0xFF, 0xFF, 0xFF, 0xFF, 0xFF, 0xFD, 0xEE,
    0x99, 0xC4, 0xD7, 0xBB, 0xD7, 0xBB, 0xD7, 0xBB, 0xD7, 0xBB, 0xD7, 0xBB, 0xD7, 0xBB, 0xD7, 0xBB,
    0xD7, 0xBB, 0xD7, 0xBB, 0xD7, 0xBB, 0xD7, 0xBB, 0xD7, 0xBB, 0xD7, 0xBB, 0xD7, 0xBB, 0xD7, 0xBB,
    0xD7, 0xBB, 0xD7, 0xBB, 0x76, 0xB3, 0x3A, 0xBD, 0x3F, 0xB7, 0xBE, 0x9E, 0xDA, 0x9D, 0x6E, 0x73,
    0xAF, 0x73, 0x11, 0x74, 0x0F, 0x3B, 0xD8, 0x54, 0xD8, 0x54, 0x55, 0x4C, 0xB3, 0x43, 0x51, 0x43,
    0xCA, 0x19, 0x87, 0x31, 0x08, 0x42, 0x2C, 0x2A, 0x96, 0x64, 0x96, 0x6C, 0x76, 0x64, 0x18, 0x75,
    0x38, 0x7D, 0x18, 0x75, 0xF8, 0x74, 0xD7, 0x6C, 0x56, 0x5C, 0x15, 0x4C, 0x6E, 0x2A, 0x0D, 0x1A,
    0x6F, 0x12, 0x52, 0x2B, 0x99, 0x7D, 0x14, 0x4C, 0x99, 0x95, 0x1D, 0xDF, 0x3D, 0xDF, 0x57, 0x9D,
    0x98, 0x9D, 0xFD, 0xCE, 0x9C, 0xBE, 0x9C, 0xBE, 0x7C, 0xB6, 0xBC, 0xBE, 0x50, 0x4B, 0x5B, 0xAE,
    0xFD, 0x8E, 0x31, 0x0B, 0x28, 0x01, 0xA5, 0x00, 0x84, 0x00, 0x84, 0x00, 0x84, 0x00, 0x84, 0x00,
    0xA5, 0x00, 0xC6, 0x08, 0x27, 0x09, 0xCF, 0x0A, 0x5B, 0x86, 0x50, 0x53, 0x47, 0x21, 0xF2, 0x6B,
    0xDC, 0xCE, 0x1A, 0xAE, 0xF8, 0x6C, 0xF8, 0x74, 0x38, 0x7D, 0x39, 0x7D, 0x59, 0x85, 0x59, 0x8D,
    0xBA, 0x95, 0x17, 0x85, 0x91, 0x5B, 0xFB, 0xA5, 0xFA, 0xA5, 0x1A, 0xAE, 0x1A, 0xB6, 0x1A, 0xB6,
    0x1A, 0xB6, 0xF9, 0xB5, 0x78, 0xA5, 0x17, 0x8D, 0x6D, 0x32, 0x64, 0x00, 0x22, 0x00, 0x48, 0x11,
    0xEC, 0x19, 0xB4, 0x33, 0xAF, 0x22, 0xAA, 0x11, 0x8A, 0x11, 0x89, 0x11, 0x89, 0x11, 0x88, 0x11,
    0x27, 0x11, 0xE5, 0x10, 0xAB, 0x11, 0x16, 0x4C, 0xF8, 0x74, 0x18, 0x85, 0x58, 0x95, 0x37, 0x8D,
    0xD9, 0xA5, 0xD9, 0xAD, 0x19, 0xBE, 0x5A, 0xC6, 0x97, 0xA5, 0x7A, 0xC6, 0x3D, 0xDF, 0xFD, 0xD6,
    0x1D, 0xDF, 0x3D, 0xE7, 0xFC, 0xDE, 0xFC, 0xD6, 0x7C, 0xD6, 0x37, 0xB4, 0x96, 0xB3, 0xD7, 0xBB,
    0xD7, 0xBB, 0xD7, 0xBB, 0xD7, 0xBB, 0xD7, 0xBB, 0xD7, 0xBB, 0xD7, 0xBB, 0xD7, 0xBB, 0xD7, 0xBB,
    0xD7, 0xBB, 0xD7, 0xBB, 0xD7, 0xBB, 0xD7, 0xBB, 0xD7, 0xBB, 0xD7, 0xBB, 0xD7, 0xBB, 0xD7, 0xBB,
    0xD7, 0xBB, 0xD7, 0xBB, 0xD7, 0xBB, 0xD7, 0xBB, 0xD7, 0xBB, 0xD7, 0xBB, 0xD7, 0xBB, 0xD7, 0xBB,
    0xD7, 0xBB, 0xD7, 0xBB, 0xD7, 0xBB, 0xD7, 0xBB, 0xD7, 0xBB, 0xD7, 0xBB, 0xD7, 0xBB, 0xD7, 0xBB,
    0xD7, 0xBB, 0xD7, 0xBB, 0xD7, 0xBB, 0xD7, 0xBB, 0xD7, 0xBB, 0xD7, 0xBB, 0xD7, 0xBB, 0xD7, 0xBB,
    0xD7, 0xBB, 0xD7, 0xBB, 0xD7, 0xBB, 0xD7, 0xBB, 0xD7, 0xBB, 0xD7, 0xBB, 0xD7, 0xBB, 0xD7, 0xBB,
    0xD7, 0xBB, 0xD7, 0xBB, 0xD7, 0xBB, 0xD7, 0xBB, 0xD7, 0xBB, 0xD7, 0xBB, 0xD7, 0xBB, 0xD7, 0xBB,
    0xD7, 0xBB, 0xD7, 0xBB, 0xD7, 0xBB, 0xD7, 0xBB, 0xD7, 0xBB, 0xD7, 0xBB, 0xD7, 0xBB, 0xD7, 0xBB,
    0xD7, 0xBB, 0xD7, 0xBB, 0xD7, 0xBB, 0xD7, 0xBB, 0xD7, 0xBB, 0xD7, 0xBB, 0xD7, 0xBB, 0xD7, 0xBB,
    0xD7, 0xBB, 0xD7, 0xBB, 0xD7, 0xBB, 0xD7, 0xBB, 0xD7, 0xBB, 0xD7, 0xBB, 0xD7, 0xBB, 0xD7, 0xBB,
    0xD7, 0xBB, 0xD7, 0xBB, 0xD7, 0xBB, 0xD7, 0xBB, 0xD7, 0xBB, 0xD7, 0xBB, 0xD7, 0xBB, 0xD7, 0xBB,
    0xD7, 0xBB, 0xD7, 0xBB, 0xD7, 0xBB, 0xD7, 0xBB, 0xD7, 0xBB, 0xD7, 0xBB, 0xD7, 0xBB, 0xD7, 0xBB,
    0xD7, 0xBB, 0xD7, 0xBB, 0xD7, 0xBB, 0xD7, 0xBB, 0xD7, 0xBB, 0xD7, 0xBB, 0xD7, 0xBB, 0xD7, 0xBB,
    0xD7, 0xBB, 0xD7, 0xBB, 0xD7, 0xBB, 0xD7, 0xBB, 0xD7, 0xBB, 0xD7, 0xBB, 0xD7, 0xBB, 0xD7, 0xBB,
    0xD7, 0xBB, 0xD7, 0xBB, 0xD7, 0xBB, 0xD7, 0xBB, 0xD7, 0xBB, 0xD7, 0xBB, 0xD7, 0xBB, 0xD7, 0xBB,
    0xD7, 0xBB, 0xD7, 0xBB, 0xD7, 0xBB, 0xD7, 0xBB, 0xD7, 0xBB, 0xD7, 0xBB, 0xD7, 0xBB, 0xD7, 0xBB,
    0xD7, 0xBB, 0xD7, 0xBB, 0xD7, 0xBB, 0xD7, 0xBB, 0xD7, 0xBB, 0xD7, 0xBB, 0xD7, 0xBB, 0xD7, 0xBB,
    0xD7, 0xBB, 0xD7, 0xBB, 0xD7, 0xBB, 0xD7, 0xBB, 0xD7, 0xBB, 0xD7, 0xBB, 0xD7, 0xBB, 0xD7, 0xBB,
    0xD7, 0xBB, 0xD7, 0xBB, 0xD7, 0xBB, 0xD7, 0xBB, 0xD7, 0xBB, 0xD7, 0xBB, 0xD7, 0xBB, 0xD7, 0xBB,
    0xD7, 0xBB, 0xD7, 0xBB, 0xD7, 0xBB, 0xD7, 0xBB, 0xD7, 0xBB, 0xD7, 0xBB, 0xD7, 0xBB, 0xD7, 0xBB,
    0xD7, 0xBB, 0xD7, 0xBB, 0x17, 0xBC, 0xDA, 0x9C, 0x1C, 0x6D, 0xFC, 0x64, 0xFC, 0x64, 0x1D, 0x65,
    0x5E, 0x6D, 0x5E, 0x6D, 0x3E, 0x65, 0xFC, 0x5C, 0xBB, 0x5C, 0x5C, 0x6D, 0x7D, 0x75, 0x7C, 0x7D,
    0xFE, 0xCE, 0xFF, 0xFF, 0xFF, 0xFF, 0xFF, 0xFF, 0xFF, 0xFF, 0xFF, 0xFF, 0xFF, 0xFF, 0xFF, 0xFF,
    0xDF, 0xFF, 0xB9, 0xCC, 0xD7, 0xBB, 0xD7, 0xBB, 0xD7, 0xBB, 0xD7, 0xBB, 0xD7, 0xBB, 0xD7, 0xBB,
    0xD7, 0xBB, 0xD7, 0xBB, 0xD7, 0xBB, 0xD7, 0xBB, 0xD7, 0xBB, 0xD7, 0xBB, 0xD7, 0xBB, 0xD7, 0xBB,
    0xD7, 0xBB, 0xD7, 0xBB, 0xB7, 0xBB, 0x38, 0xB4, 0xFF, 0xB6, 0x5C, 0x9E, 0xD8, 0xBD, 0xF3, 0xAC,
    0xD7, 0xC5, 0xA8, 0x31, 0x00, 0x00, 0xAA, 0x19, 0xF4, 0x3B, 0x36, 0x4C, 0xF4, 0x43, 0x72, 0x3B,
    0xEA, 0x29, 0x6D, 0x7B, 0x47, 0x21, 0x64, 0x00, 0x72, 0x43, 0xB7, 0x64, 0x55, 0x5C, 0xB6, 0x6C,
    0xF8, 0x74, 0xF8, 0x74, 0xF8, 0x6C, 0xB7, 0x64, 0x96, 0x5C, 0x56, 0x54, 0xD0, 0x2A, 0xC6, 0x00,
    0x8A, 0x09, 0xEC, 0x09, 0x2E, 0x02, 0x90, 0x0A, 0x3A, 0xAE, 0xFD, 0xD6, 0x1D, 0xD7, 0x1A, 0xB6,
    0x3A, 0xB6, 0xDD, 0xC6, 0x9C, 0xBE, 0x9C, 0xB6, 0xBC, 0xBE, 0xF9, 0x9D, 0x71, 0x53, 0xFE, 0xAE,
    0xBA, 0x5D, 0x0D, 0x02, 0x07, 0x01, 0xC6, 0x00, 0xA5, 0x00, 0xA5, 0x00, 0xA5, 0x00, 0xA5, 0x00,
    0xC5, 0x00, 0xE6, 0x08, 0x07, 0x09, 0x48, 0x01, 0xB6, 0x44, 0xF6, 0x7C, 0x68, 0x21, 0xAD, 0x4A,
    0x7B, 0xBE, 0x5B, 0xB6, 0x18, 0x75, 0xF8, 0x6C, 0x39, 0x7D, 0x39, 0x7D, 0x59, 0x85, 0x59, 0x85,
    0xBA, 0x95, 0xF6, 0x84, 0xCE, 0x42, 0x1B, 0xA6, 0xDA, 0xA5, 0xFA, 0xAD, 0x1A, 0xAE, 0x1A, 0xB6,
    0x1A, 0xB6, 0xD9, 0xAD, 0x78, 0xA5, 0x96, 0x7C, 0xAF, 0x3A, 0xE6, 0x08, 0x23, 0x00, 0xC5, 0x08,
    0x69, 0x11, 0x31, 0x33, 0x98, 0x4C, 0xF5, 0x3B, 0xF1, 0x2A, 0x6E, 0x22, 0xEB, 0x19, 0xAB, 0x19,
    0xEB, 0x19, 0x4E, 0x12, 0xF5, 0x3B, 0xD7, 0x64, 0xD7, 0x74, 0x38, 0x8D, 0x78, 0x95, 0x37, 0x8D,
    0x99, 0xA5, 0xB9, 0xA5, 0xD9, 0xB5, 0x19, 0xBE, 0x5A, 0xC6, 0x7B, 0xCE, 0xFC, 0xD6, 0x3D, 0xDF,
    0xDC, 0xD6, 0xFC, 0xD6, 0x7E, 0xEF, 0x9F, 0xEF, 0x1D, 0xDF, 0x3B, 0xCE, 0xF7, 0xB3, 0x97, 0xB3,
    0xD7, 0xBB, 0xD7, 0xBB, 0xD7, 0xBB, 0xD7, 0xBB, 0xD7, 0xBB, 0xD7, 0xBB, 0xD7, 0xBB, 0xD7, 0xBB,
    0xD7, 0xBB, 0xD7, 0xBB, 0xD7, 0xBB, 0xD7, 0xBB, 0xD7, 0xBB, 0xD7, 0xBB, 0xD7, 0xBB, 0xD7, 0xBB,
    0xD7, 0xBB, 0xD7, 0xBB, 0xD7, 0xBB, 0xD7, 0xBB, 0xD7, 0xBB, 0xD7, 0xBB, 0xD7, 0xBB, 0xD7, 0xBB,
    0xD7, 0xBB, 0xD7, 0xBB, 0xD7, 0xBB, 0xD7, 0xBB, 0xD7, 0xBB, 0xD7, 0xBB, 0xD7, 0xBB, 0xD7, 0xBB,
    0xD7, 0xBB, 0xD7, 0xBB, 0xD7, 0xBB, 0xD7, 0xBB, 0xD7, 0xBB, 0xD7, 0xBB, 0xD7, 0xBB, 0xD7, 0xBB,
    0xD7, 0xBB, 0xD7, 0xBB, 0xD7, 0xBB, 0xD7, 0xBB, 0xD7, 0xBB, 0xD7, 0xBB, 0xD7, 0xBB, 0xD7, 0xBB,
    0xD7, 0xBB, 0xD7, 0xBB, 0xD7, 0xBB, 0xD7, 0xBB, 0xD7, 0xBB, 0xD7, 0xBB, 0xD7, 0xBB, 0xD7, 0xBB,
    0xD7, 0xBB, 0xD7, 0xBB, 0xD7, 0xBB, 0xD7, 0xBB, 0xD7, 0xBB, 0xD7, 0xBB, 0xD7, 0xBB, 0xD7, 0xBB,
    0xD7, 0xBB, 0xD7, 0xBB, 0xD7, 0xBB, 0xD7, 0xBB, 0xD7, 0xBB, 0xD7, 0xBB, 0xD7, 0xBB, 0xD7, 0xBB,
    0xD7, 0xBB, 0xD7, 0xBB, 0xD7, 0xBB, 0xD7, 0xBB, 0xD7, 0xBB, 0xD7, 0xBB, 0xD7, 0xBB, 0xD7, 0xBB,
    0xD7, 0xBB, 0xD7, 0xBB, 0xD7, 0xBB, 0xD7, 0xBB, 0xD7, 0xBB, 0xD7, 0xBB, 0xD7, 0xBB, 0xD7, 0xBB,
    0xD7, 0xBB, 0xD7, 0xBB, 0xD7, 0xBB, 0xD7, 0xBB, 0xD7, 0xBB, 0xD7, 0xBB, 0xD7, 0xBB, 0xD7, 0xBB,
    0xD7, 0xBB, 0xD7, 0xBB, 0xD7, 0xBB, 0xD7, 0xBB, 0xD7, 0xBB, 0xD7, 0xBB, 0xD7, 0xBB, 0xD7, 0xBB,
    0xD7, 0xBB, 0xD7, 0xBB, 0xD7, 0xBB, 0xD7, 0xBB, 0xD7, 0xBB, 0xD7, 0xBB, 0xD7, 0xBB, 0xD7, 0xBB,
    0xD7, 0xBB, 0xD7, 0xBB, 0xD7, 0xBB, 0xD7, 0xBB, 0xD7, 0xBB, 0xD7, 0xBB, 0xD7, 0xBB, 0xD7, 0xBB,
    0xD7, 0xBB, 0xD7, 0xBB, 0xD7, 0xBB, 0xD7, 0xBB, 0xD7, 0xBB, 0xD7, 0xBB, 0xD7, 0xBB, 0xD7, 0xBB,
    0xD7, 0xBB, 0xD7, 0xBB, 0xD7, 0xBB, 0xD7, 0xBB, 0xD7, 0xBB, 0xD7, 0xBB, 0xD7, 0xBB, 0xD7, 0xBB,
    0xD7, 0xBB, 0xD7, 0xBB, 0xD7, 0xBB, 0xD7, 0xBB, 0xD7, 0xBB, 0xD7, 0xBB, 0xD7, 0xBB, 0xD7, 0xBB,
    0xD7, 0xBB, 0xD7, 0xBB, 0xD7, 0xBB, 0xD7, 0xBB, 0xD7, 0xBB, 0xD7, 0xBB, 0xD7, 0xBB, 0xD7, 0xBB,
    0xD7, 0xBB, 0xD7, 0xBB, 0xD7, 0xBB, 0xD7, 0xBB, 0xD7, 0xBB, 0xD7, 0xBB, 0xD7, 0xBB, 0xD7, 0xBB,
    0xD7, 0xBB, 0xD7, 0xBB, 0xD7, 0xBB, 0xD7, 0xBB, 0x1B, 0x7D, 0x7E, 0x75, 0x5B, 0x7D, 0xBD, 0x85,
    0x5C, 0x75, 0x1C, 0x65, 0xFC, 0x64, 0x1D, 0x65, 0x5E, 0x6D, 0x1B, 0x7D, 0xFC, 0xBD, 0xFF, 0xFF,
    0xFF, 0xFF, 0xFF, 0xFF, 0xFF, 0xFF, 0xFF, 0xFF, 0xFF, 0xFF, 0xFF, 0xFF, 0xFF, 0xFF, 0xFF, 0xFF,
    0xFF, 0xFF, 0x5E, 0xF7, 0xF7, 0xBB, 0xD7, 0xBB, 0xD7, 0xBB, 0xD7, 0xBB, 0xD7, 0xBB, 0xD7, 0xBB,
    0xD7, 0xBB, 0xD7, 0xBB, 0xD7, 0xBB, 0xD7, 0xBB, 0xD7, 0xBB, 0xD7, 0xBB, 0xD7, 0xBB, 0xD7, 0xBB,
    0xD7, 0xBB, 0xD7, 0xBB, 0xD7, 0xBB, 0x56, 0xB3, 0xDC, 0xBD, 0x9A, 0xBE, 0x10, 0x8C, 0xCB, 0x5A,
    0x2A, 0x42, 0xE5, 0x10, 0x83, 0x08, 0x42, 0x00, 0x2C, 0x1A, 0x16, 0x3C, 0x36, 0x4C, 0x72, 0x33,
    0xAB, 0x5A, 0x29, 0x42, 0xA6, 0x00, 0xE6, 0x08, 0x6D, 0x2A, 0xB8, 0x5C, 0x96, 0x5C, 0x56, 0x5C,
    0xF8, 0x6C, 0xF8, 0x6C, 0xF8, 0x6C, 0xD8, 0x64, 0x56, 0x54, 0xF4, 0x43, 0x93, 0x3B, 0x4E, 0x12,
    0xEC, 0x09, 0x0D, 0x0A, 0x11, 0x13, 0xD5, 0x2B, 0x5B, 0xAE, 0xFD, 0xD6, 0xDC, 0xCE, 0x1D, 0xD7,
    0xDD, 0xC6, 0x9C, 0xBE, 0x9C, 0xBE, 0x9C, 0xB6, 0xDD, 0xBE, 0x77, 0x8D, 0xB2, 0x5B, 0x3F, 0xAF,
    0xD7, 0x3C, 0xCC, 0x01, 0x69, 0x09, 0x49, 0x01, 0x28, 0x01, 0xE6, 0x08, 0xC6, 0x08, 0x07, 0x09,
    0x49, 0x01, 0x49, 0x01, 0x28, 0x11, 0x27, 0x11, 0x2C, 0x1A, 0xF3, 0x5B, 0x0B, 0x32, 0xEA, 0x31,
    0xFA, 0xAD, 0x5B, 0xBE, 0x39, 0x7D, 0xF8, 0x6C, 0x19, 0x75, 0x39, 0x7D, 0x59, 0x85, 0x59, 0x85,
    0x79, 0x8D, 0x99, 0x95, 0xB9, 0x95, 0xDA, 0x9D, 0xDA, 0xA5, 0xFA, 0xA5, 0xFA, 0xAD, 0xFA, 0xAD,
    0xF9, 0xAD, 0xB9, 0xAD, 0x98, 0x9D, 0x34, 0x6C, 0xB3, 0x53, 0xCB, 0x21, 0xA6, 0x00, 0x64, 0x00,
    0xAC, 0x11, 0x72, 0x43, 0x55, 0x64, 0xB8, 0x5C, 0xD9, 0x5C, 0x98, 0x4C, 0x37, 0x3C, 0x16, 0x2C,
    0x37, 0x2C, 0x57, 0x3C, 0x97, 0x5C, 0xB7, 0x64, 0x18, 0x7D, 0x59, 0x8D, 0x38, 0x8D, 0x17, 0x85,
    0x78, 0x9D, 0x98, 0xA5, 0xB8, 0xAD, 0xD9, 0xB5, 0x19, 0xBE, 0x5A, 0xC6, 0xBB, 0xCE, 0x9B, 0xC6,
    0xDC, 0xD6, 0x5E, 0xE7, 0x3E, 0xE7, 0x9E, 0xEF, 0xDF, 0xF7, 0xFC, 0xD6, 0xFB, 0xCD, 0x96, 0xB3,
    0xD7, 0xBB, 0xD7, 0xBB, 0xD7, 0xBB, 0xD7, 0xBB, 0xD7, 0xBB, 0xD7, 0xBB, 0xD7, 0xBB, 0xD7, 0xBB,
    0xD7, 0xBB, 0xD7, 0xBB, 0xD7, 0xBB, 0xD7, 0xBB, 0xD7, 0xBB, 0xD7, 0xBB, 0xD7, 0xBB, 0xD7, 0xBB,
    0xD7, 0xBB, 0xD7, 0xBB, 0xD7, 0xBB, 0xD7, 0xBB, 0xD7, 0xBB, 0xD7, 0xBB, 0xD7, 0xBB, 0xD7, 0xBB,
    0xD7, 0xBB, 0xD7, 0xBB, 0xD7, 0xBB, 0xD7, 0xBB, 0xD7, 0xBB, 0xD7, 0xBB, 0xD7, 0xBB, 0xD7, 0xBB,
    0xD7, 0xBB, 0xD7, 0xBB, 0xD7, 0xBB, 0xD7, 0xBB, 0xD7, 0xBB, 0xD7, 0xBB, 0xD7, 0xBB, 0xD7, 0xBB,
    0xD7, 0xBB, 0xD7, 0xBB, 0xD7, 0xBB, 0xD7, 0xBB, 0xD7, 0xBB, 0xD7, 0xBB, 0xD7, 0xBB, 0xD7, 0xBB,
    0xD7, 0xBB, 0xD7, 0xBB, 0xD7, 0xBB, 0xD7, 0xBB, 0xD7, 0xBB, 0xD7, 0xBB, 0xD7, 0xBB, 0xD7, 0xBB,
    0xD7, 0xBB, 0xD7, 0xBB, 0xD7, 0xBB, 0xD7, 0xBB, 0xD7, 0xBB, 0xD7, 0xBB, 0xD7, 0xBB, 0xD7, 0xBB,
    0xD7, 0xBB, 0xD7, 0xBB, 0xD7, 0xBB, 0xD7, 0xBB, 0xD7, 0xBB, 0xD7, 0xBB, 0xD7, 0xBB, 0xD7, 0xBB,
    0xD7, 0xBB, 0xD7, 0xBB, 0xD7, 0xBB, 0xD7, 0xBB, 0xD7, 0xBB, 0xD7, 0xBB, 0xD7, 0xBB, 0xD7, 0xBB,
    0xD7, 0xBB, 0xD7, 0xBB, 0xD7, 0xBB, 0xD7, 0xBB, 0xD7, 0xBB, 0xD7, 0xBB, 0xD7, 0xBB, 0xD7, 0xBB,
    0xD7, 0xBB, 0xD7, 0xBB, 0xD7, 0xBB, 0xD7, 0xBB, 0xD7, 0xBB, 0xD7, 0xBB, 0xD7, 0xBB, 0xD7, 0xBB,
    0xD7, 0xBB, 0xD7, 0xBB, 0xD7, 0xBB, 0xD7, 0xBB, 0xD7, 0xBB, 0xD7, 0xBB, 0xD7, 0xBB, 0xD7, 0xBB,
    0xD7, 0xBB, 0xD7, 0xBB, 0xD7, 0xBB, 0xD7, 0xBB, 0xD7, 0xBB, 0xD7, 0xBB, 0xD7, 0xBB, 0xD7, 0xBB,
    0xD7, 0xBB, 0xD7, 0xBB, 0xD7, 0xBB, 0xD7, 0xBB, 0xD7, 0xBB, 0xD7, 0xBB, 0xD7, 0xBB, 0xD7, 0xBB,
    0xD7, 0xBB, 0xD7, 0xBB, 0xD7, 0xBB, 0xD7, 0xBB, 0xD7, 0xBB, 0xD7, 0xBB, 0xD7, 0xBB, 0xD7, 0xBB,
    0xD7, 0xBB, 0xD7, 0xBB, 0xD7, 0xBB, 0xD7, 0xBB, 0xD7, 0xBB, 0xD7, 0xBB, 0xD7, 0xBB, 0xD7, 0xBB,
    0xD7, 0xBB, 0xD7, 0xBB, 0xD7, 0xBB, 0xD7, 0xBB, 0xD7, 0xBB, 0xD7, 0xBB, 0xD7, 0xBB, 0xD7, 0xBB,
    0xD7, 0xBB, 0xD7, 0xBB, 0xD7, 0xBB, 0xD7, 0xBB, 0xD7, 0xBB, 0xD7, 0xBB, 0xD7, 0xBB, 0xD7, 0xBB,
    0xD7, 0xBB, 0xD7, 0xBB, 0xD7, 0xBB, 0xD7, 0xBB, 0xD7, 0xBB, 0xD7, 0xBB, 0xD7, 0xBB, 0xD7, 0xBB,
    0xD7, 0xBB, 0xD7, 0xBB, 0xD7, 0xBB, 0xD7, 0xBB, 0x38, 0xB4, 0xFA, 0x94, 0xDB, 0x74, 0xFB, 0x64,
    0x1C, 0x6D, 0xDB, 0x6C, 0x1B, 0x85, 0x99, 0x94, 0xBA, 0xAC, 0x18, 0xBC, 0x1E, 0xF7, 0xFF, 0xFF,
    0xDF, 0xFF, 0xFF, 0xFF, 0xFF, 0xFF, 0xFF, 0xFF, 0xFF, 0xFF, 0xFF, 0xFF, 0xFF, 0xFF, 0xFF, 0xFF,
    0xDF, 0xFF, 0xFF, 0xFF, 0x5A, 0xD5, 0xD7, 0xBB, 0xD7, 0xBB, 0xD7, 0xBB, 0xD7, 0xBB, 0xD7, 0xBB,
    0xD7, 0xBB, 0xD7, 0xBB, 0xD7, 0xBB, 0xD7, 0xBB, 0xD7, 0xBB, 0xD7, 0xBB, 0xD7, 0xBB, 0xD7, 0xBB,
    0xD7, 0xBB, 0xD7, 0xBB, 0x97, 0xB3, 0x75, 0xAB, 0x57, 0xBD, 0xB9, 0xDE, 0xB2, 0x9C, 0x0D, 0x63,
    0x47, 0x21, 0xE6, 0x08, 0x06, 0x09, 0x63, 0x00, 0x48, 0x11, 0x16, 0x34, 0x36, 0x3C, 0x53, 0x6C,
    0xAB, 0x5A, 0xE6, 0x08, 0x28, 0x09, 0x84, 0x00, 0xCA, 0x19, 0xB8, 0x54, 0xB7, 0x5C, 0x56, 0x54,
    0xD7, 0x64, 0xF8, 0x6C, 0x18, 0x6D, 0xB7, 0x64, 0x56, 0x54, 0xB8, 0x54, 0x77, 0x4C, 0x1A, 0x4D,
    0x5A, 0x4D, 0x5A, 0x55, 0xDC, 0x65, 0x3C, 0x76, 0xBC, 0xB6, 0xDC, 0xCE, 0xDC, 0xCE, 0xDC, 0xCE,
    0xBC, 0xC6, 0xBC, 0xBE, 0xBC, 0xBE, 0x7C, 0xB6, 0xFE, 0xBE, 0x16, 0x7D, 0xD3, 0x53, 0x1F, 0xA7,
    0x56, 0x34, 0xAC, 0x01, 0x6E, 0x12, 0x99, 0x65, 0xCF, 0x1A, 0x07, 0x09, 0x07, 0x09, 0x8B, 0x01,
    0x55, 0x44, 0x79, 0x6D, 0x4D, 0x12, 0x47, 0x19, 0x46, 0x19, 0x6D, 0x42, 0x4C, 0x3A, 0xA9, 0x21,
    0x99, 0x9D, 0x9C, 0xC6, 0x79, 0x85, 0x19, 0x6D, 0x39, 0x75, 0x59, 0x7D, 0x59, 0x85, 0x7A, 0x85,
    0x9A, 0x8D, 0xBA, 0x95, 0xDA, 0x9D, 0xDA, 0x9D, 0xFA, 0xA5, 0x1A, 0xAE, 0x1A, 0xAE, 0x1A, 0xB6,
    0x1A, 0xB6, 0xF9, 0xAD, 0x57, 0x95, 0x14, 0x64, 0x15, 0x64, 0xAF, 0x32, 0xEC, 0x21, 0xCB, 0x19,
    0x11, 0x43, 0xD5, 0x43, 0x96, 0x64, 0x37, 0x8D, 0x17, 0x85, 0x18, 0x7D, 0x38, 0x75, 0x38, 0x75,
    0x18, 0x75, 0x97, 0x54, 0xB7, 0x5C, 0xF8, 0x6C, 0x38, 0x7D, 0xF7, 0x7C, 0xD7, 0x7C, 0x38, 0x8D,
    0x58, 0x95, 0x78, 0x9D, 0x98, 0xA5, 0xB8, 0xAD, 0xF9, 0xB5, 0x3A, 0xBE, 0x3A, 0xBE, 0x3A, 0xBE,
    0x3D, 0xDF, 0x3D, 0xDF, 0x3D, 0xDF, 0x9E, 0xEF, 0xFF, 0xFF, 0xBF, 0xF7, 0xDB, 0xCE, 0xF9, 0xBC,
    0x96, 0xB3, 0xD7, 0xBB, 0xD7, 0xBB, 0xD7, 0xBB, 0xD7, 0xBB, 0xD7, 0xBB, 0xD7, 0xBB, 0xD7, 0xBB,
    0xD7, 0xBB, 0xD7, 0xBB, 0xD7, 0xBB, 0xD7, 0xBB, 0xD7, 0xBB, 0xD7, 0xBB, 0xD7, 0xBB, 0xD7, 0xBB,
    0xD7, 0xBB, 0xD7, 0xBB, 0xD7, 0xBB, 0xD7, 0xBB, 0xD7, 0xBB, 0xD7, 0xBB, 0xD7, 0xBB, 0xD7, 0xBB,
    0xD7, 0xBB, 0xD7, 0xBB, 0xD7, 0xBB, 0xD7, 0xBB, 0xD7, 0xBB, 0xD7, 0xBB, 0xD7, 0xBB, 0xD7, 0xBB,
    0xD7, 0xBB, 0xD7, 0xBB, 0xD7, 0xBB, 0xD7, 0xBB, 0xD7, 0xBB, 0xD7, 0xBB, 0xD7, 0xBB, 0xD7, 0xBB,
    0xD7, 0xBB, 0xD7, 0xBB, 0xD7, 0xBB, 0xD7, 0xBB, 0xD7, 0xBB, 0xD7, 0xBB, 0xD7, 0xBB, 0xD7, 0xBB,
    0xD7, 0xBB, 0xD7, 0xBB, 0xD7, 0xBB, 0xD7, 0xBB, 0xD7, 0xBB, 0xD7, 0xBB, 0xD7, 0xBB, 0xD7, 0xBB,
    0xD7, 0xBB, 0xD7, 0xBB, 0xD7, 0xBB, 0xD7, 0xBB, 0xD7, 0xBB, 0xD7, 0xBB, 0xD7, 0xBB, 0xD7, 0xBB,
    0xD7, 0xBB, 0xD7, 0xBB, 0xD7, 0xBB, 0xD7, 0xBB, 0xD7, 0xBB, 0xD7, 0xBB, 0xD7, 0xBB, 0xD7, 0xBB,
    0xD7, 0xBB, 0xD7, 0xBB, 0xD7, 0xBB, 0xD7, 0xBB, 0xD7, 0xBB, 0xD7, 0xBB, 0xD7, 0xBB, 0xD7, 0xBB,
    0xD7, 0xBB, 0xD7, 0xBB, 0xD7, 0xBB, 0xD7, 0xBB, 0xD7, 0xBB, 0xD7, 0xBB, 0xD7, 0xBB, 0xD7, 0xBB,
    0xD7, 0xBB, 0xD7, 0xBB, 0xD7, 0xBB, 0xD7, 0xBB, 0xD7, 0xBB, 0xD7, 0xBB, 0xD7, 0xBB, 0xD7, 0xBB,
    0xD7, 0xBB, 0xD7, 0xBB, 0xD7, 0xBB, 0xD7, 0xBB, 0xD7, 0xBB, 0xD7, 0xBB, 0xD7, 0xBB, 0xD7, 0xBB,
    0xD7, 0xBB, 0xD7, 0xBB, 0xD7, 0xBB, 0xD7, 0xBB, 0xD7, 0xBB, 0xD7, 0xBB, 0xD7, 0xBB, 0xD7, 0xBB,
    0xD7, 0xBB, 0xD7, 0xBB, 0xD7, 0xBB, 0xD7, 0xBB, 0xD7, 0xBB, 0xD7, 0xBB, 0xD7, 0xBB, 0xD7, 0xBB,
    0xD7, 0xBB, 0xD7, 0xBB, 0xD7, 0xBB, 0xD7, 0xBB, 0xD7, 0xBB, 0xD7, 0xBB, 0xD7, 0xBB, 0xD7, 0xBB,
    0xD7, 0xBB, 0xD7, 0xBB, 0xD7, 0xBB, 0xD7, 0xBB, 0xD7, 0xBB, 0xD7, 0xBB, 0xD7, 0xBB, 0xD7, 0xBB,
    0xD7, 0xBB, 0xD7, 0xBB, 0xD7, 0xBB, 0xD7, 0xBB, 0xD7, 0xBB, 0xD7, 0xBB, 0xD7, 0xBB, 0xD7, 0xBB,
    0xD7, 0xBB, 0xD7, 0xBB, 0xD7, 0xBB, 0xD7, 0xBB, 0xD7, 0xBB, 0xD7, 0xBB, 0xD7, 0xBB, 0xD7, 0xBB,
    0xD7, 0xBB, 0xD7, 0xBB, 0xD7, 0xBB, 0xD7, 0xBB, 0xD7, 0xBB, 0xD7, 0xBB, 0xD7, 0xBB, 0xD7, 0xBB,
    0xD7, 0xBB, 0xD7, 0xBB, 0xD7, 0xBB, 0xD7, 0xBB, 0xD7, 0xBB, 0xD7, 0xBB, 0xD7, 0xBB, 0x18, 0xBC,
    0x38, 0xBC, 0xF7, 0xBB, 0xD7, 0xBB, 0xD7, 0xBB, 0xD7, 0xBB, 0x99, 0xC4, 0xFF, 0xFF, 0xFF, 0xFF,
    0xFF, 0xFF, 0xFF, 0xFF, 0xFF, 0xFF, 0xFF, 0xFF, 0xFF, 0xFF, 0xFF, 0xFF, 0xFF, 0xFF, 0xFF, 0xFF,
    0xFF, 0xFF, 0xFF, 0xFF, 0xBD, 0xEE, 0xD7, 0xBB, 0xD7, 0xBB, 0xD7, 0xBB, 0xD7, 0xBB, 0xD7, 0xBB,
    0xD7, 0xBB, 0xD7, 0xBB, 0xD7, 0xBB, 0xD7, 0xBB, 0xD7, 0xBB, 0xD7, 0xBB, 0xD7, 0xBB, 0xD7, 0xBB,
    0xD7, 0xBB, 0x76, 0xB3, 0xB8, 0xC4, 0x96, 0xBD, 0x4C, 0x63, 0x93, 0x8C, 0x88, 0x29, 0xC5, 0x10,
    0x27, 0x11, 0x07, 0x09, 0xC6, 0x00, 0xE6, 0x08, 0x4D, 0x22, 0x77, 0x3C, 0x32, 0x64, 0xF6, 0xC5,
    0x09, 0x3A, 0x29, 0x01, 0x07, 0x09, 0x43, 0x00, 0xCA, 0x19, 0xD9, 0x54, 0xB8, 0x54, 0x97, 0x54,
    0x97, 0x54, 0xF8, 0x64, 0xD8, 0x64, 0x76, 0x5C, 0xD8, 0x64, 0x19, 0x65, 0x3A, 0x5D, 0xDD, 0x6D,
    0x1E, 0x76, 0x5E, 0x7E, 0x7E, 0x7E, 0x5D, 0x7E, 0x1A, 0xA6, 0x19, 0xB6, 0x1A, 0xB6, 0x1A, 0xAE,
    0xFA, 0xA5, 0xFA, 0xA5, 0xFA, 0xA5, 0xB9, 0x95, 0x1B, 0xA6, 0x74, 0x6C, 0xB3, 0x4B, 0xFE, 0xA6,
    0x75, 0x3C, 0x8B, 0x01, 0x6E, 0x12, 0x1E, 0x8F, 0x72, 0x23, 0x07, 0x01, 0x28, 0x11, 0xCC, 0x01,
    0x5C, 0x76, 0xBF, 0xAF, 0xCF, 0x1A, 0x88, 0x21, 0x88, 0x21, 0x8D, 0x42, 0x4C, 0x3A, 0x89, 0x21,
    0xB6, 0x7C, 0xFA, 0xA5, 0xD7, 0x6C, 0x97, 0x5C, 0xB7, 0x64, 0xD7, 0x6C, 0xD7, 0x6C, 0xF7, 0x74,
    0xF7, 0x7C, 0x17, 0x7D, 0x38, 0x85, 0x38, 0x8D, 0x58, 0x8D, 0x58, 0x95, 0x78, 0x95, 0x77, 0x9D,
    0x57, 0x9D, 0x57, 0x9D, 0x95, 0x7C, 0x75, 0x74, 0x15, 0x5C, 0x32, 0x3B, 0x8F, 0x2A, 0xAF, 0x2A,
    0xF4, 0x63, 0xD7, 0x7C, 0x56, 0x54, 0xF7, 0x74, 0x78, 0x95, 0x78, 0x95, 0x78, 0x95, 0xDA, 0xA5,
    0x38, 0x7D, 0x77, 0x54, 0xD8, 0x64, 0x18, 0x75, 0x18, 0x75, 0xF7, 0x74, 0x38, 0x85, 0x38, 0x85,
    0x38, 0x8D, 0x38, 0x8D, 0x58, 0x95, 0x98, 0x9D, 0xD8, 0xAD, 0x19, 0xB6, 0xB8, 0xAD, 0x9B, 0xCE,
    0xFC, 0xD6, 0x3D, 0xDF, 0x3D, 0xDF, 0x3D, 0xDF, 0xBF, 0xF7, 0xFF, 0xFF, 0x5E, 0xE7, 0x7B, 0xD6,
    0x17, 0xB4, 0xB7, 0xBB, 0xD7, 0xBB, 0xD7, 0xBB, 0xD7, 0xBB, 0xD7, 0xBB, 0xD7, 0xBB, 0xD7, 0xBB,
    0xD7, 0xBB, 0xD7, 0xBB, 0xD7, 0xBB, 0xD7, 0xBB, 0xD7, 0xBB, 0xD7, 0xBB, 0xD7, 0xBB, 0xD7, 0xBB,
    0xD7, 0xBB, 0xD7, 0xBB, 0xD7, 0xBB, 0xD7, 0xBB, 0xD7, 0xBB, 0xD7, 0xBB, 0xD7, 0xBB, 0xD7, 0xBB,
    0xD7, 0xBB, 0xD7, 0xBB, 0xD7, 0xBB, 0xD7, 0xBB, 0xD7, 0xBB, 0xD7, 0xBB, 0xD7, 0xBB, 0xD7, 0xBB,
    0xD7, 0xBB, 0xD7, 0xBB, 0xD7, 0xBB, 0xD7, 0xBB, 0xD7, 0xBB, 0xD7, 0xBB, 0xD7, 0xBB, 0xD7, 0xBB,
    0xD7, 0xBB, 0xD7, 0xBB, 0xD7, 0xBB, 0xD7, 0xBB, 0xD7, 0xBB, 0xD7, 0xBB, 0xD7, 0xBB, 0xD7, 0xBB,
    0xD7, 0xBB, 0xD7, 0xBB, 0xD7, 0xBB, 0xD7, 0xBB, 0xD7, 0xBB, 0xD7, 0xBB, 0xD7, 0xBB, 0xD7, 0xBB,
    0xD7, 0xBB, 0xD7, 0xBB, 0xD7, 0xBB, 0xD7, 0xBB, 0xD7, 0xBB, 0xD7, 0xBB, 0xD7, 0xBB, 0xD7, 0xBB,
    0xD7, 0xBB, 0xD7, 0xBB, 0xD7, 0xBB, 0xD7, 0xBB, 0xD7, 0xBB, 0xD7, 0xBB, 0xD7, 0xBB, 0xD7, 0xBB,
    0xD7, 0xBB, 0xD7, 0xBB, 0xD7, 0xBB, 0xD7, 0xBB, 0xD7, 0xBB, 0xD7, 0xBB, 0xD7, 0xBB, 0xD7, 0xBB,
    0xD7, 0xBB, 0xD7, 0xBB, 0xD7, 0xBB, 0xD7, 0xBB, 0xD7, 0xBB, 0xD7, 0xBB, 0xD7, 0xBB, 0xD7, 0xBB,
    0xD7, 0xBB, 0xD7, 0xBB, 0xD7, 0xBB, 0xD7, 0xBB, 0xD7, 0xBB, 0xD7, 0xBB, 0xD7, 0xBB, 0xD7, 0xBB,
    0xD7, 0xBB, 0xD7, 0xBB, 0xD7, 0xBB, 0xD7, 0xBB, 0xD7, 0xBB, 0xD7, 0xBB, 0xD7, 0xBB, 0xD7, 0xBB,
    0xD7, 0xBB, 0xD7, 0xBB, 0xD7, 0xBB, 0xD7, 0xBB, 0xD7, 0xBB, 0xD7, 0xBB, 0xD7, 0xBB, 0xD7, 0xBB,
    0xD7, 0xBB, 0xD7, 0xBB, 0xD7, 0xBB, 0xD7, 0xBB, 0xD7, 0xBB, 0xD7, 0xBB, 0xD7, 0xBB, 0xD7, 0xBB,
    0xD7, 0xBB, 0xD7, 0xBB, 0xD7, 0xBB, 0xD7, 0xBB, 0xD7, 0xBB, 0xD7, 0xBB, 0xD7, 0xBB, 0xD7, 0xBB,
    0xD7, 0xBB, 0xD7, 0xBB, 0xD7, 0xBB, 0xD7, 0xBB, 0xD7, 0xBB, 0xD7, 0xBB, 0xD7, 0xBB, 0xD7, 0xBB,
    0xD7, 0xBB, 0xD7, 0xBB, 0xD7, 0xBB, 0xD7, 0xBB, 0xD7, 0xBB, 0xD7, 0xBB, 0xD7, 0xBB, 0xD7, 0xBB,
    0xD7, 0xBB, 0xD7, 0xBB, 0xD7, 0xBB, 0xD7, 0xBB, 0xD7, 0xBB, 0xD7, 0xBB, 0xD7, 0xBB, 0xD7, 0xBB,
    0xD7, 0xBB, 0xD7, 0xBB, 0xD7, 0xBB, 0xD7, 0xBB, 0xD7, 0xBB, 0xD7, 0xBB, 0xD7, 0xBB, 0xD7, 0xBB,
    0xD7, 0xBB, 0xD7, 0xBB, 0xD7, 0xBB, 0xD7, 0xBB, 0xD7, 0xBB, 0xD7, 0xBB, 0xD7, 0xBB, 0xD7, 0xBB,
    0xD7, 0xBB, 0xD7, 0xBB, 0xD7, 0xBB, 0xD7, 0xBB, 0xD7, 0xBB, 0x1A, 0xCD, 0xFF, 0xFF, 0xFF, 0xFF,
    0xFF, 0xFF, 0xFF, 0xFF, 0xFF, 0xFF, 0xFF, 0xFF, 0xFF, 0xFF, 0x9F, 0xEF, 0x7D, 0xB6, 0x3E, 0xD7,
    0xBD, 0xC6, 0x3D, 0xA6, 0xFC, 0xAD, 0x9A, 0xAC, 0x17, 0xBC, 0xD7, 0xBB, 0xD7, 0xBB, 0xD7, 0xBB,
    0xD7, 0xBB, 0xD7, 0xBB, 0xD7, 0xBB, 0xD7, 0xBB, 0xD7, 0xBB, 0xD7, 0xBB, 0xD7, 0xBB, 0xD7, 0xBB,
    0x97, 0xB3, 0x16, 0xB4, 0x1A, 0xEF, 0x30, 0x84, 0xA9, 0x21, 0x6E, 0x22, 0xA5, 0x00, 0xE5, 0x10,
    0x27, 0x11, 0x10, 0x2B, 0x92, 0x33, 0x92, 0x33, 0x36, 0x44, 0x0E, 0x43, 0x89, 0x52, 0xB5, 0xBD,
    0x0F, 0x84, 0xE6, 0x08, 0xE7, 0x08, 0x22, 0x00, 0x31, 0x33, 0xF9, 0x54, 0xD8, 0x4C, 0xB8, 0x54,
    0x56, 0x4C, 0xF8, 0x5C, 0xD8, 0x5C, 0xD8, 0x5C, 0x19, 0x65, 0x7A, 0x65, 0xFB, 0x7C, 0xB7, 0xA3,
    0xF7, 0xA3, 0x18, 0xA4, 0x18, 0x9C, 0x78, 0x9C, 0xBC, 0xC6, 0xBC, 0xC6, 0xBC, 0xC6, 0xBC, 0xC6,
    0x9C, 0xBE, 0x9C, 0xB6, 0x9C, 0xB6, 0x5C, 0xAE, 0xBD, 0xB6, 0x78, 0x8D, 0x72, 0x43, 0xDE, 0x9E,
    0xD6, 0x54, 0xAC, 0x01, 0x8A, 0x09, 0x2E, 0x02, 0xAB, 0x01, 0x29, 0x01, 0x29, 0x01, 0x6A, 0x09,
    0x6F, 0x0A, 0xF0, 0x1A, 0xCA, 0x21, 0xA9, 0x21, 0xCA, 0x21, 0xEF, 0x3A, 0x2C, 0x32, 0xA9, 0x21,
    0x17, 0x7D, 0xBA, 0x9D, 0xB7, 0x64, 0x77, 0x54, 0xB7, 0x64, 0xB7, 0x64, 0xD7, 0x6C, 0xF7, 0x74,
    0xF7, 0x74, 0x17, 0x7D, 0x17, 0x85, 0x37, 0x85, 0x57, 0x8D, 0x58, 0x8D, 0x58, 0x95, 0x57, 0x95,
    0x57, 0x95, 0x37, 0x95, 0xB6, 0x7C, 0xB7, 0x7C, 0xF4, 0x5B, 0x73, 0x43, 0x52, 0x3B, 0x52, 0x43,
    0x14, 0x64, 0x58, 0x9D, 0xFA, 0xB5, 0xFB, 0xA5, 0x5B, 0xAE, 0xBC, 0xBE, 0x9C, 0xC6, 0x37, 0x9C,
    0x77, 0x6C, 0xB7, 0x54, 0xD8, 0x64, 0x5A, 0x6D, 0x94, 0x8C, 0x73, 0x9C, 0x39, 0x7D, 0x18, 0x7D,
    0x18, 0x85, 0x38, 0x85, 0x58, 0x95, 0x78, 0x9D, 0x98, 0x9D, 0x77, 0x9D, 0x19, 0xB6, 0x9B, 0xC6,
    0xBB, 0xCE, 0xFD, 0xD6, 0x3D, 0xDF, 0x3D, 0xDF, 0x5E, 0xE7, 0xDF, 0xF7, 0xDF, 0xF7, 0xFC, 0xD6,
    0x9A, 0xCD, 0x96, 0xB3, 0xD7, 0xBB, 0xD7, 0xBB, 0xD7, 0xBB, 0xD7, 0xBB, 0xD7, 0xBB, 0xD7, 0xBB,
    0xD7, 0xBB, 0xD7, 0xBB, 0xD7, 0xBB, 0xD7, 0xBB, 0xD7, 0xBB, 0xD7, 0xBB, 0xD7, 0xBB, 0xD7, 0xBB,
    0xD7, 0xBB, 0xD7, 0xBB, 0xD7, 0xBB, 0xD7, 0xBB, 0xD7, 0xBB, 0xD7, 0xBB, 0xD7, 0xBB, 0xD7, 0xBB,
    0xD7, 0xBB, 0xD7, 0xBB, 0xD7, 0xBB, 0xD7, 0xBB, 0xD7, 0xBB, 0xD7, 0xBB, 0xD7, 0xBB, 0xD7, 0xBB,
    0xD7, 0xBB, 0xD7, 0xBB, 0xD7, 0xBB, 0xD7, 0xBB, 0xD7, 0xBB, 0xD7, 0xBB, 0xD7, 0xBB, 0xD7, 0xBB,
    0xD7, 0xBB, 0xD7, 0xBB, 0xD7, 0xBB, 0xD7, 0xBB, 0xD7, 0xBB, 0xD7, 0xBB, 0xD7, 0xBB, 0xD7, 0xBB,
    0xD7, 0xBB, 0xD7, 0xBB, 0xD7, 0xBB, 0xD7, 0xBB, 0xD7, 0xBB, 0xD7, 0xBB, 0xD7, 0xBB, 0xD7, 0xBB,
    0xD7, 0xBB, 0xD7, 0xBB, 0xD7, 0xBB, 0xD7, 0xBB, 0xD7, 0xBB, 0xD7, 0xBB, 0xD7, 0xBB, 0xD7, 0xBB,
    0xD7, 0xBB, 0xD7, 0xBB, 0xD7, 0xBB, 0xD7, 0xBB, 0xD7, 0xBB, 0xD7, 0xBB, 0xD7, 0xBB, 0xD7, 0xBB,
    0xD7, 0xBB, 0xD7, 0xBB, 0xD7, 0xBB, 0xD7, 0xBB, 0xD7, 0xBB, 0xD7, 0xBB, 0xD7, 0xBB, 0xD7, 0xBB,
    0xD7, 0xBB, 0xD7, 0xBB, 0xD7, 0xBB, 0xD7, 0xBB, 0xD7, 0xBB, 0xD7, 0xBB, 0xD7, 0xBB, 0xD7, 0xBB,
    0xD7, 0xBB, 0xD7, 0xBB, 0xD7, 0xBB, 0xD7, 0xBB, 0xD7, 0xBB, 0xD7, 0xBB, 0xD7, 0xBB, 0xD7, 0xBB,
    0xD7, 0xBB, 0xD7, 0xBB, 0xD7, 0xBB, 0xD7, 0xBB, 0xD7, 0xBB, 0xD7, 0xBB, 0xD7, 0xBB, 0xD7, 0xBB,
    0xD7, 0xBB, 0xD7, 0xBB, 0xD7, 0xBB, 0xD7, 0xBB, 0xD7, 0xBB, 0xD7, 0xBB, 0xD7, 0xBB, 0xD7, 0xBB,
    0xD7, 0xBB, 0xD7, 0xBB, 0xD7, 0xBB, 0xD7, 0xBB, 0xD7, 0xBB, 0xD7, 0xBB, 0xD7, 0xBB, 0xD7, 0xBB,
    0xD7, 0xBB, 0xD7, 0xBB, 0xD7, 0xBB, 0xD7, 0xBB, 0xD7, 0xBB, 0xD7, 0xBB, 0xD7, 0xBB, 0xD7, 0xBB,
    0xD7, 0xBB, 0xD7, 0xBB, 0xD7, 0xBB, 0xD7, 0xBB, 0xD7, 0xBB, 0xD7, 0xBB, 0xD7, 0xBB, 0xD7, 0xBB,
    0xD7, 0xBB, 0xD7, 0xBB, 0xD7, 0xBB, 0xD7, 0xBB, 0xD7, 0xBB, 0xD7, 0xBB, 0xD7, 0xBB, 0xD7, 0xBB,
    0xD7, 0xBB, 0xD7, 0xBB, 0xD7, 0xBB, 0xD7, 0xBB, 0xD7, 0xBB, 0xD7, 0xBB, 0xD7, 0xBB, 0xD7, 0xBB,
    0xD7, 0xBB, 0xD7, 0xBB, 0xD7, 0xBB, 0xD7, 0xBB, 0xD7, 0xBB, 0xD7, 0xBB, 0xD7, 0xBB, 0xD7, 0xBB,
    0xD7, 0xBB, 0xD7, 0xBB, 0xD7, 0xBB, 0xD7, 0xBB, 0xD7, 0xBB, 0xD7, 0xBB, 0xD7, 0xBB, 0xD7, 0xBB,
    0xD7, 0xBB, 0xD7, 0xBB, 0xD7, 0xBB, 0xD7, 0xBB, 0xD7, 0xBB, 0xF9, 0xCC, 0xFF, 0xFF, 0xFF, 0xFF,
    0xFF, 0xFF, 0xFF, 0xFF, 0xFF, 0xFF, 0xFF, 0xFF, 0x3E, 0xD7, 0x5C, 0x75, 0x5C, 0x75, 0x3B, 0x6D,
    0xFD, 0x5C, 0xFE, 0x5C, 0xFD, 0x5C, 0x3E, 0x6D, 0x1C, 0x75, 0x58, 0xA4, 0xD7, 0xBB, 0xD7, 0xBB,
    0xD7, 0xBB, 0xD7, 0xBB, 0xD7, 0xBB, 0xD7, 0xBB, 0xD7, 0xBB, 0xD7, 0xBB, 0xD7, 0xBB, 0xD7, 0xBB,
    0x97, 0xB3, 0x75, 0xA4, 0xAF, 0x5B, 0x6A, 0x01, 0xE8, 0x00, 0x8E, 0x2A, 0xC9, 0x21, 0xE5, 0x08,
    0xE6, 0x10, 0xD7, 0x5C, 0x9A, 0x5D, 0x39, 0x55, 0xD7, 0x5C, 0x47, 0x21, 0xE7, 0x08, 0x2E, 0x43,
    0x54, 0x9D, 0x6C, 0x2A, 0x28, 0x09, 0x6D, 0x22, 0xB8, 0x4C, 0xF9, 0x54, 0x19, 0x55, 0x19, 0x55,
    0x97, 0x4C, 0xF9, 0x5C, 0x19, 0x5D, 0x19, 0x65, 0x5A, 0x6D, 0xDC, 0x75, 0xF8, 0x9B, 0x96, 0xBB,
    0xD7, 0xBB, 0xB7, 0xBB, 0xD7, 0xBB, 0xB6, 0xB3, 0x9D, 0xCE, 0x1E, 0xD7, 0xDD, 0xCE, 0xBC, 0xBE,
    0x9C, 0xB6, 0x7C, 0xB6, 0x7C, 0xAE, 0x5C, 0xAE, 0x9C, 0xAE, 0xFA, 0x95, 0x30, 0x3B, 0x5D, 0x86,
    0xB9, 0x75, 0xED, 0x01, 0x6A, 0x09, 0x49, 0x01, 0x4D, 0x12, 0x31, 0x1B, 0x11, 0x13, 0x32, 0x1B,
    0x4E, 0x12, 0x69, 0x11, 0x89, 0x19, 0x68, 0x19, 0x6D, 0x22, 0x72, 0x43, 0xEA, 0x29, 0x0B, 0x2A,
    0xDB, 0x95, 0x1B, 0x9E, 0x19, 0x6D, 0xF8, 0x5C, 0x19, 0x6D, 0x39, 0x6D, 0x39, 0x75, 0x59, 0x7D,
    0x59, 0x85, 0x79, 0x8D, 0x99, 0x8D, 0x99, 0x95, 0xBA, 0x9D, 0xDA, 0x9D, 0xFA, 0xA5, 0xFB, 0xA5,
    0x1B, 0xAE, 0xDA, 0xA5, 0x18, 0x8D, 0x96, 0x74, 0xF4, 0x53, 0x93, 0x43, 0x73, 0x43, 0xB3, 0x4B,
    0x35, 0x64, 0x57, 0x95, 0x1A, 0xBE, 0xDC, 0xD6, 0x3D, 0xE7, 0x7E, 0xE7, 0x3D, 0xE7, 0x76, 0xB3,
    0x37, 0x6C, 0xD8, 0x54, 0xD8, 0x64, 0x5A, 0x6D, 0x32, 0x9C, 0xB0, 0x9B, 0x7A, 0x7D, 0x39, 0x85,
    0x18, 0x7D, 0xF8, 0x74, 0xD7, 0x6C, 0xD7, 0x74, 0xF7, 0x7C, 0x98, 0x9D, 0x1A, 0xB6, 0x5A, 0xBE,
    0x9B, 0xC6, 0xDC, 0xCE, 0x1D, 0xDF, 0x3D, 0xDF, 0x3D, 0xDF, 0x9E, 0xEF, 0xBF, 0xF7, 0x5E, 0xE7,
    0xDC, 0xDE, 0x37, 0xBC, 0xD7, 0xBB, 0xD7, 0xBB, 0xD7, 0xBB, 0xD7, 0xBB, 0xD7, 0xBB, 0xD7, 0xBB,
    0xD7, 0xBB, 0xD7, 0xBB, 0xD7, 0xBB, 0xD7, 0xBB, 0xD7, 0xBB, 0xD7, 0xBB, 0xD7, 0xBB, 0xD7, 0xBB,
    0xD7, 0xBB, 0xD7, 0xBB, 0xD7, 0xBB, 0xD7, 0xBB, 0xD7, 0xBB, 0xD7, 0xBB, 0xD7, 0xBB, 0xD7, 0xBB,
    0xD7, 0xBB, 0xD7, 0xBB, 0xD7, 0xBB, 0xD7, 0xBB, 0xD7, 0xBB, 0xD7, 0xBB, 0xD7, 0xBB, 0xD7, 0xBB,
    0xD7, 0xBB, 0xD7, 0xBB, 0xD7, 0xBB, 0xD7, 0xBB, 0xD7, 0xBB, 0xD7, 0xBB, 0xD7, 0xBB, 0xD7, 0xBB,
    0xD7, 0xBB, 0xD7, 0xBB, 0xD7, 0xBB, 0xD7, 0xBB, 0xD7, 0xBB, 0xD7, 0xBB, 0xD7, 0xBB, 0xD7, 0xBB,
    0xD7, 0xBB, 0xD7, 0xBB, 0xD7, 0xBB, 0xD7, 0xBB, 0xD7, 0xBB, 0xD7, 0xBB, 0xD7, 0xBB, 0xD7, 0xBB,
    0xD7, 0xBB, 0xD7, 0xBB, 0xD7, 0xBB, 0xD7, 0xBB, 0xD7, 0xBB, 0xD7, 0xBB, 0xD7, 0xBB, 0xD7, 0xBB,
    0xD7, 0xBB, 0xD7, 0xBB, 0xD7, 0xBB, 0xD7, 0xBB, 0xD7, 0xBB, 0xD7, 0xBB, 0xD7, 0xBB, 0xD7, 0xBB,
    0xD7, 0xBB, 0xD7, 0xBB, 0xD7, 0xBB, 0xD7, 0xBB, 0xD7, 0xBB, 0xD7, 0xBB, 0xD7, 0xBB, 0xD7, 0xBB,
    0xD7, 0xBB, 0xD7, 0xBB, 0xD7, 0xBB, 0xD7, 0xBB, 0xD7, 0xBB, 0xD7, 0xBB, 0xD7, 0xBB, 0xD7, 0xBB,
    0xD7, 0xBB, 0xD7, 0xBB, 0xD7, 0xBB, 0xD7, 0xBB, 0xD7, 0xBB, 0xD7, 0xBB, 0xD7, 0xBB, 0xD7, 0xBB,
    0xD7, 0xBB, 0xD7, 0xBB, 0xD7, 0xBB, 0xD7, 0xBB, 0xD7, 0xBB, 0xD7, 0xBB, 0xD7, 0xBB, 0xD7, 0xBB,
    0xD7, 0xBB, 0xD7, 0xBB, 0xD7, 0xBB, 0xD7, 0xBB, 0xD7, 0xBB, 0xD7, 0xBB, 0xD7, 0xBB, 0xD7, 0xBB,
    0xD7, 0xBB, 0xD7, 0xBB, 0xD7, 0xBB, 0xD7, 0xBB, 0xD7, 0xBB, 0xD7, 0xBB, 0xD7, 0xBB, 0xD7, 0xBB,
    0xD7, 0xBB, 0xD7, 0xBB, 0xD7, 0xBB, 0xD7, 0xBB, 0xD7, 0xBB, 0xD7, 0xBB, 0xD7, 0xBB, 0xD7, 0xBB,
    0xD7, 0xBB, 0xD7, 0xBB, 0xD7, 0xBB, 0xD7, 0xBB, 0xD7, 0xBB, 0xD7, 0xBB, 0xD7, 0xBB, 0xD7, 0xBB,
    0xD7, 0xBB, 0xD7, 0xBB, 0xD7, 0xBB, 0xD7, 0xBB, 0xD7, 0xBB, 0xD7, 0xBB, 0xD7, 0xBB, 0xD7, 0xBB,
    0xD7, 0xBB, 0xD7, 0xBB, 0xD7, 0xBB, 0xD7, 0xBB, 0xD7, 0xBB, 0xD7, 0xBB, 0xD7, 0xBB, 0xD7, 0xBB,
    0xD7, 0xBB, 0xD7, 0xBB, 0xD7, 0xBB, 0xD7, 0xBB, 0xD7, 0xBB, 0xD7, 0xBB, 0xD7, 0xBB, 0xD7, 0xBB,
    0xD7, 0xBB, 0xD7, 0xBB, 0xD7, 0xBB, 0xD7, 0xBB, 0xD7, 0xBB, 0xD7, 0xBB, 0xD7, 0xBB, 0xD7, 0xBB,
    0xD7, 0xBB, 0xD7, 0xBB, 0xD7, 0xBB, 0xD7, 0xBB, 0xD7, 0xBB, 0x99, 0xC4, 0xFF, 0xFF, 0xFF, 0xFF,
    0xFF, 0xFF, 0xFF, 0xFF, 0xFF, 0xFF, 0x7E, 0xE7, 0x3C, 0x75, 0x7C, 0x7D, 0x5C, 0x7D, 0x5E, 0x6D,
    0x1B, 0x8D, 0x1B, 0xA5, 0xFB, 0x94, 0xFC, 0x6C, 0xFD, 0x5C, 0x1C, 0x65, 0x38, 0xB4, 0xD7, 0xBB,
    0xD7, 0xBB, 0xD7, 0xBB, 0xD7, 0xBB, 0xD7, 0xBB, 0xD7, 0xBB, 0xD7, 0xBB, 0xD7, 0xBB, 0xD7, 0xBB,
    0xB7, 0xBB, 0xB6, 0xAB, 0xD1, 0x2A, 0xCC, 0x01, 0xE7, 0x00, 0xC9, 0x19, 0x4F, 0x53, 0x09, 0x3A,
    0x4A, 0x4A, 0x56, 0x8C, 0xDB, 0x85, 0x1C, 0x66, 0x9A, 0x5D, 0x71, 0x3B, 0x96, 0x4C, 0xB8, 0x44,
    0x97, 0x44, 0x77, 0x34, 0x98, 0x3C, 0x1A, 0x4D, 0x3A, 0x55, 0x5A, 0x5D, 0x19, 0x55, 0x5A, 0x5D,
    0xD8, 0x54, 0x19, 0x5D, 0x5A, 0x5D, 0x5A, 0x65, 0xDC, 0x6D, 0x1C, 0x95, 0x76, 0xB3, 0xD7, 0xBB,
    0xD7, 0xBB, 0xD7, 0xBB, 0xD7, 0xBB, 0x18, 0xB4, 0x95, 0x8C, 0x71, 0x8C, 0x39, 0xBE, 0x9B, 0xBE,
    0x9C, 0xB6, 0x9D, 0xB6, 0x7C, 0xAE, 0x5B, 0xA6, 0x5C, 0xA6, 0x9D, 0xAE, 0x30, 0x43, 0xF8, 0x5C,
    0xBC, 0x8E, 0xAF, 0x0A, 0x6A, 0x09, 0x29, 0x01, 0xCF, 0x1A, 0x9C, 0x86, 0x9C, 0x7E, 0xFD, 0x8E,
    0x31, 0x23, 0x49, 0x01, 0x89, 0x11, 0x89, 0x09, 0xD3, 0x3B, 0x52, 0x3B, 0x69, 0x19, 0xCF, 0x3A,
    0x1B, 0x96, 0xBA, 0x85, 0xD8, 0x5C, 0xF8, 0x5C, 0x18, 0x65, 0x18, 0x6D, 0x19, 0x6D, 0x59, 0x75,
    0x7A, 0x7D, 0x7A, 0x85, 0x9A, 0x8D, 0x9A, 0x95, 0x9A, 0x9D, 0x99, 0x9D, 0x78, 0x9D, 0x36, 0x95,
    0xB4, 0x8C, 0x73, 0x7C, 0x18, 0x85, 0x96, 0x6C, 0x15, 0x54, 0xB4, 0x43, 0x93, 0x43, 0xB4, 0x43,
    0x55, 0x5C, 0x38, 0x8D, 0x1A, 0xB6, 0xBB, 0xC6, 0x1D, 0xD7, 0x5D, 0xDF, 0xFD, 0xDE, 0xB6, 0xAB,
    0x57, 0x64, 0xD8, 0x54, 0xF8, 0x5C, 0x19, 0x65, 0x5A, 0x6D, 0x39, 0x6D, 0xD8, 0x6C, 0x97, 0x64,
    0x97, 0x64, 0xB7, 0x64, 0xB7, 0x6C, 0xF7, 0x74, 0x37, 0x85, 0x78, 0x95, 0xD9, 0xA5, 0x3A, 0xB6,
    0x7B, 0xBE, 0xBB, 0xCE, 0xFC, 0xD6, 0x3D, 0xDF, 0x3D, 0xDF, 0x5E, 0xE7, 0x5E, 0xE7, 0xDC, 0xCE,
    0x5D, 0xDF, 0xBA, 0xCD, 0x76, 0xB3, 0xD7, 0xBB, 0xD7, 0xBB, 0xD7, 0xBB, 0xD7, 0xBB, 0xD7, 0xBB,
    0xD7, 0xBB, 0xD7, 0xBB, 0xD7, 0xBB, 0xD7, 0xBB, 0xD7, 0xBB, 0xD7, 0xBB, 0xD7, 0xBB, 0xD7, 0xBB,
    0xD7, 0xBB, 0xD7, 0xBB, 0xD7, 0xBB, 0xD7, 0xBB, 0xD7, 0xBB, 0xD7, 0xBB, 0xD7, 0xBB, 0xD7, 0xBB,
    0xD7, 0xBB, 0xD7, 0xBB, 0xD7, 0xBB, 0xD7, 0xBB, 0xD7, 0xBB, 0xD7, 0xBB, 0xD7, 0xBB, 0xD7, 0xBB,
    0xD7, 0xBB, 0xD7, 0xBB, 0xD7, 0xBB, 0xD7, 0xBB, 0xD7, 0xBB, 0xD7, 0xBB, 0xD7, 0xBB, 0xD7, 0xBB,
    0xD7, 0xBB, 0xD7, 0xBB, 0xD7, 0xBB, 0xD7, 0xBB, 0xD7, 0xBB, 0xD7, 0xBB, 0xD7, 0xBB, 0xD7, 0xBB,
    0xD7, 0xBB, 0xD7, 0xBB, 0xD7, 0xBB, 0xD7, 0xBB, 0xD7, 0xBB, 0xD7, 0xBB, 0xD7, 0xBB, 0xD7, 0xBB,
    0xD7, 0xBB, 0xD7, 0xBB, 0xD7, 0xBB, 0xD7, 0xBB, 0xD7, 0xBB, 0xD7, 0xBB, 0xD7, 0xBB, 0xD7, 0xBB,
    0xD7, 0xBB, 0xD7, 0xBB, 0xD7, 0xBB, 0xD7, 0xBB, 0xD7, 0xBB, 0xD7, 0xBB, 0xD7, 0xBB, 0xD7, 0xBB,
    0xD7, 0xBB, 0xD7, 0xBB, 0xD7, 0xBB, 0xD7, 0xBB, 0xD7, 0xBB, 0xD7, 0xBB, 0xD7, 0xBB, 0xD7, 0xBB,
    0xD7, 0xBB, 0xD7, 0xBB, 0xD7, 0xBB, 0xD7, 0xBB, 0xD7, 0xBB, 0xD7, 0xBB, 0xD7, 0xBB, 0xD7, 0xBB,
    0xD7, 0xBB, 0xD7, 0xBB, 0xD7, 0xBB, 0xD7, 0xBB, 0xD7, 0xBB, 0xD7, 0xBB, 0xD7, 0xBB, 0xD7, 0xBB,
    0xD7, 0xBB, 0xD7, 0xBB, 0xD7, 0xBB, 0xD7, 0xBB, 0xD7, 0xBB, 0xD7, 0xBB, 0xD7, 0xBB, 0xD7, 0xBB,
    0xD7, 0xBB, 0xD7, 0xBB, 0xD7, 0xBB, 0xD7, 0xBB, 0xD7, 0xBB, 0xD7, 0xBB, 0xD7, 0xBB, 0xD7, 0xBB,
    0xD7, 0xBB, 0xD7, 0xBB, 0xD7, 0xBB, 0xD7, 0xBB, 0xD7, 0xBB, 0xD7, 0xBB, 0xD7, 0xBB, 0xD7, 0xBB,
    0xD7, 0xBB, 0xD7, 0xBB, 0xD7, 0xBB, 0xD7, 0xBB, 0xD7, 0xBB, 0xD7, 0xBB, 0xD7, 0xBB, 0xD7, 0xBB,
    0xD7, 0xBB, 0xD7, 0xBB, 0xD7, 0xBB, 0xD7, 0xBB, 0xD7, 0xBB, 0xD7, 0xBB, 0xD7, 0xBB, 0xD7, 0xBB,
    0xD7, 0xBB, 0xD7, 0xBB, 0xD7, 0xBB, 0xD7, 0xBB, 0xD7, 0xBB, 0xD7, 0xBB, 0xD7, 0xBB, 0xD7, 0xBB,
    0xD7, 0xBB, 0xD7, 0xBB, 0xD7, 0xBB, 0xD7, 0xBB, 0xD7, 0xBB, 0xD7, 0xBB, 0xD7, 0xBB, 0xD7, 0xBB,
    0xD7, 0xBB, 0xD7, 0xBB, 0xD7, 0xBB, 0xD7, 0xBB, 0xD7, 0xBB, 0xD7, 0xBB, 0xD7, 0xBB, 0xD7, 0xBB,
    0xD7, 0xBB, 0xD7, 0xBB, 0xD7, 0xBB, 0xD7, 0xBB, 0xD7, 0xBB, 0xD7, 0xBB, 0xD7, 0xBB, 0xD7, 0xBB,
    0xD7, 0xBB, 0xD7, 0xBB, 0xD7, 0xBB, 0xD7, 0xBB, 0xD7, 0xBB, 0xD7, 0xBB, 0x3E, 0xF7, 0xFF, 0xFF,
    0xFF, 0xFF, 0xFF, 0xFF, 0xFF, 0xFF, 0x9C, 0x8D, 0xDC, 0x5C, 0xFC, 0x64, 0x1D, 0x65, 0x9A, 0x9C,
    0xD7, 0xBB, 0xD7, 0xBB, 0xD7, 0xBB, 0x58, 0xAC, 0xFC, 0x64, 0x3E, 0x65, 0xFB, 0x8C, 0xD7, 0xBB,
    0xD7, 0xBB, 0xD7, 0xBB, 0xD7, 0xBB, 0xD7, 0xBB, 0xD7, 0xBB, 0xD7, 0xBB, 0xD7, 0xBB, 0xD7, 0xBB,
    0xD7, 0xBB, 0xB7, 0xC3, 0x75, 0x7B, 0x6E, 0x0A, 0x4B, 0x2A, 0x87, 0x21, 0x10, 0x84, 0x50, 0x94,
    0x6A, 0x42, 0x0C, 0x52, 0xD7, 0xAB, 0xFC, 0x95, 0x7D, 0x6E, 0x1D, 0x66, 0x9E, 0x86, 0x7E, 0x86,
    0xFD, 0x6D, 0xDC, 0x5D, 0xBC, 0x5D, 0x9B, 0x5D, 0x9B, 0x5D, 0xBB, 0x65, 0x3A, 0x5D, 0x9B, 0x5D,
    0x3A, 0x55, 0x3A, 0x5D, 0xBB, 0x65, 0x9C, 0x5D, 0x9C, 0x6C, 0x97, 0xAB, 0xD7, 0xBB, 0xD7, 0xBB,
    0xD7, 0xBB, 0xD7, 0xBB, 0xD7, 0xBB, 0xF7, 0xB3, 0x5D, 0xB6, 0x72, 0x74, 0xF3, 0x8C, 0x74, 0x95,
    0x54, 0x95, 0x76, 0x9D, 0x19, 0xA6, 0x7C, 0xAE, 0x1B, 0x9E, 0xDE, 0xAE, 0x55, 0x64, 0x52, 0x43,
    0x5D, 0x7E, 0xF7, 0x54, 0x8C, 0x01, 0x6A, 0x09, 0x6A, 0x01, 0xD0, 0x12, 0x35, 0x3C, 0x51, 0x23,
    0x8A, 0x01, 0x69, 0x11, 0x49, 0x01, 0xF0, 0x22, 0x96, 0x4C, 0x6F, 0x1A, 0x48, 0x19, 0xF4, 0x53,
    0x1C, 0x96, 0x59, 0x75, 0xD8, 0x54, 0xF9, 0x5C, 0x19, 0x65, 0x3A, 0x6D, 0xF9, 0x6C, 0xD7, 0x6C,
    0x95, 0x74, 0x73, 0x74, 0x72, 0x7C, 0x51, 0x7C, 0x30, 0x7C, 0x2F, 0x7C, 0x0E, 0x74, 0xEF, 0x73,
    0xF1, 0x6B, 0xB5, 0x7C, 0x18, 0x85, 0x96, 0x6C, 0x15, 0x4C, 0xF5, 0x43, 0xD4, 0x43, 0xF5, 0x43,
    0x56, 0x5C, 0x38, 0x85, 0x3A, 0xB6, 0xBC, 0xCE, 0x1D, 0xDF, 0x7E, 0xE7, 0xFD, 0xDE, 0xB6, 0xAB,
    0x57, 0x5C, 0xB8, 0x54, 0xF8, 0x5C, 0x19, 0x65, 0xB7, 0x5C, 0x97, 0x5C, 0xB7, 0x64, 0xD8, 0x6C,
    0xF8, 0x6C, 0xF8, 0x6C, 0xF8, 0x6C, 0xF7, 0x6C, 0xD7, 0x74, 0xF7, 0x7C, 0x78, 0x95, 0xFA, 0xA5,
    0x5B, 0xB6, 0x9B, 0xC6, 0xBC, 0xCE, 0x1D, 0xD7, 0x3D, 0xDF, 0x5E, 0xDF, 0x5D, 0xE7, 0xBF, 0xF7,
    0xDF, 0xEF, 0xFE, 0xE6, 0x96, 0xB3, 0xD7, 0xBB, 0xD7, 0xBB, 0xD7, 0xBB, 0xD7, 0xBB, 0xD7, 0xBB,
    0xD7, 0xBB, 0xD7, 0xBB, 0xD7, 0xBB, 0xD7, 0xBB, 0xD7, 0xBB, 0xD7, 0xBB, 0xD7, 0xBB, 0xD7, 0xBB,
    0xD7, 0xBB, 0xD7, 0xBB, 0xD7, 0xBB, 0xD7, 0xBB, 0xD7, 0xBB, 0xD7, 0xBB, 0xD7, 0xBB, 0xD7, 0xBB,
    0xD7, 0xBB, 0xD7, 0xBB, 0xD7, 0xBB, 0xD7, 0xBB, 0xD7, 0xBB, 0xD7, 0xBB, 0xD7, 0xBB, 0xD7, 0xBB,
    0xD7, 0xBB, 0xD7, 0xBB, 0xD7, 0xBB, 0xD7, 0xBB, 0xD7, 0xBB, 0xD7, 0xBB, 0xD7, 0xBB, 0xD7, 0xBB,
    0xD7, 0xBB, 0xD7, 0xBB, 0xD7, 0xBB, 0xD7, 0xBB, 0xD7, 0xBB, 0xD7, 0xBB, 0xD7, 0xBB, 0xD7, 0xBB,
    0xD7, 0xBB, 0xD7, 0xBB, 0xD7, 0xBB, 0xD7, 0xBB, 0xD7, 0xBB, 0xD7, 0xBB, 0xD7, 0xBB, 0xD7, 0xBB,
    0xD7, 0xBB, 0xD7, 0xBB, 0xD7, 0xBB, 0xD7, 0xBB, 0xD7, 0xBB, 0xD7, 0xBB, 0xD7, 0xBB, 0xD7, 0xBB,
    0xD7, 0xBB, 0xD7, 0xBB, 0xD7, 0xBB, 0xD7, 0xBB, 0xD7, 0xBB, 0xD7, 0xBB, 0xD7, 0xBB, 0xD7, 0xBB,
    0xD7, 0xBB, 0xD7, 0xBB, 0xD7, 0xBB, 0xD7, 0xBB, 0xD7, 0xBB, 0xD7, 0xBB, 0xD7, 0xBB, 0xD7, 0xBB,
    0xD7, 0xBB, 0xD7, 0xBB, 0xD7, 0xBB, 0xD7, 0xBB, 0xD7, 0xBB, 0xD7, 0xBB, 0xD7, 0xBB, 0xD7, 0xBB,
    0xD7, 0xBB, 0xD7, 0xBB, 0xD7, 0xBB, 0xD7, 0xBB, 0xD7, 0xBB, 0xD7, 0xBB, 0xD7, 0xBB, 0xD7, 0xBB,
    0xD7, 0xBB, 0xD7, 0xBB, 0xD7, 0xBB, 0xD7, 0xBB, 0xD7, 0xBB, 0xD7, 0xBB, 0xD7, 0xBB, 0xD7, 0xBB,
    0xD7, 0xBB, 0xD7, 0xBB, 0xD7, 0xBB, 0xD7, 0xBB, 0xD7, 0xBB, 0xD7, 0xBB, 0xD7, 0xBB, 0xD7, 0xBB,
    0xD7, 0xBB, 0xD7, 0xBB, 0xD7, 0xBB, 0xD7, 0xBB, 0xD7, 0xBB, 0xD7, 0xBB, 0xD7, 0xBB, 0xD7, 0xBB,
    0xD7, 0xBB, 0xD7, 0xBB, 0xD7, 0xBB, 0xD7, 0xBB, 0xD7, 0xBB, 0xD7, 0xBB, 0xD7, 0xBB, 0xD7, 0xBB,
    0xD7, 0xBB, 0xD7, 0xBB, 0xD7, 0xBB, 0xD7, 0xBB, 0xD7, 0xBB, 0xD7, 0xBB, 0xD7, 0xBB, 0xD7, 0xBB,
    0xD7, 0xBB, 0xD7, 0xBB, 0xD7, 0xBB, 0xD7, 0xBB, 0xD7, 0xBB, 0xD7, 0xBB, 0xD7, 0xBB, 0xD7, 0xBB,
    0xD7, 0xBB, 0xD7, 0xBB, 0xD7, 0xBB, 0xD7, 0xBB, 0xD7, 0xBB, 0xD7, 0xBB, 0xD7, 0xBB, 0xD7, 0xBB,
    0xD7, 0xBB, 0xD7, 0xBB, 0xD7, 0xBB, 0xD7, 0xBB, 0xD7, 0xBB, 0xD7, 0xBB, 0xD7, 0xBB, 0xD7, 0xBB,
    0xD7, 0xBB, 0xD7, 0xBB, 0xD7, 0xBB, 0xD7, 0xBB, 0xD7, 0xBB, 0xD7, 0xBB, 0xD7, 0xBB, 0xD7, 0xBB,
    0xD7, 0xBB, 0xD7, 0xBB, 0xD7, 0xBB, 0xD7, 0xBB, 0xF7, 0xBB, 0xD7, 0xBB, 0x1A, 0xCD, 0xFF, 0xFF,
    0xDF, 0xFF, 0xFF, 0xFF, 0x3E, 0xD7, 0xBB, 0x54, 0xDC, 0x64, 0x1E, 0x65, 0x1B, 0x8D, 0xD7, 0xBB,
    0xD7, 0xBB, 0xD7, 0xBB, 0xD7, 0xBB, 0xF7, 0xBB, 0x1B, 0x7D, 0x3E, 0x65, 0xBA, 0x8C, 0xD7, 0xBB,
    0xD7, 0xBB, 0xD7, 0xBB, 0xD7, 0xBB, 0xD7, 0xBB, 0xD7, 0xBB, 0xD7, 0xBB, 0xD7, 0xBB, 0xD7, 0xBB,
    0xD7, 0xBB, 0xD7, 0xBB, 0x97, 0xB3, 0xB4, 0x5B, 0xCF, 0x6B, 0x8E, 0x6B, 0x6F, 0x5B, 0xED, 0x52,
    0x85, 0x00, 0x69, 0x21, 0x35, 0xA3, 0x96, 0xB3, 0xDA, 0x9C, 0x3D, 0x86, 0x3D, 0x6E, 0x5D, 0x7E,
    0x9D, 0x86, 0x7E, 0x7E, 0x3D, 0x76, 0x1C, 0x6E, 0xFC, 0x6D, 0xDC, 0x6D, 0x7A, 0x65, 0xFC, 0x6D,
    0x9B, 0x65, 0x7B, 0x65, 0x5D, 0x6E, 0x9C, 0x95, 0x77, 0xAB, 0xB7, 0xBB, 0xD7, 0xBB, 0xD7, 0xBB,
    0xD7, 0xBB, 0xD7, 0xBB, 0xD7, 0xBB, 0x96, 0xB3, 0x3E, 0xB6, 0xFF, 0x9E, 0x5D, 0x8E, 0xFA, 0x85,
    0xB8, 0x85, 0x55, 0x85, 0xD0, 0x84, 0x96, 0x95, 0x3C, 0x9E, 0x5C, 0x9E, 0x1C, 0x8E, 0xAF, 0x32,
    0x76, 0x54, 0x7C, 0x76, 0x55, 0x44, 0x8C, 0x01, 0x6B, 0x01, 0x6A, 0x01, 0x6A, 0x01, 0x6A, 0x01,
    0x8A, 0x09, 0x8A, 0x01, 0xD0, 0x12, 0x17, 0x5D, 0x32, 0x1B, 0xAA, 0x11, 0xCA, 0x29, 0x3A, 0x6D,
    0xBB, 0x7D, 0xF9, 0x5C, 0xD8, 0x4C, 0x19, 0x5D, 0xF8, 0x5C, 0xF2, 0x5B, 0x8E, 0x5B, 0xAE, 0x5B,
    0x0E, 0x64, 0x30, 0x64, 0x71, 0x64, 0xD3, 0x6C, 0xF5, 0x6C, 0x36, 0x75, 0x58, 0x7D, 0x9A, 0x85,
    0x9A, 0x8D, 0x59, 0x85, 0xF8, 0x7C, 0x97, 0x5C, 0x56, 0x44, 0x36, 0x44, 0x36, 0x44, 0x56, 0x44,
    0x77, 0x54, 0x18, 0x75, 0x1A, 0xA6, 0xBC, 0xC6, 0x1D, 0xD7, 0x7E, 0xE7, 0xDD, 0xDE, 0xB6, 0xA3,
    0x77, 0x5C, 0xD8, 0x54, 0xB8, 0x54, 0x97, 0x4C, 0xB7, 0x5C, 0xD8, 0x64, 0xF8, 0x64, 0xF8, 0x64,
    0xD8, 0x5C, 0xD8, 0x5C, 0xD8, 0x5C, 0xD8, 0x5C, 0xD8, 0x5C, 0xF8, 0x64, 0x18, 0x75, 0xB9, 0x95,
    0x1A, 0xAE, 0x7B, 0xBE, 0xBC, 0xC6, 0xFC, 0xCE, 0x1D, 0xDF, 0x3D, 0xDF, 0x5E, 0xE7, 0x9F, 0xEF,
    0x9E, 0xE7, 0x9F, 0xEF, 0x37, 0xBC, 0xD7, 0xBB, 0xD7, 0xBB, 0xD7, 0xBB, 0xD7, 0xBB, 0xD7, 0xBB,
    0xD7, 0xBB, 0xD7, 0xBB, 0xD7, 0xBB, 0xD7, 0xBB, 0xD7, 0xBB, 0xD7, 0xBB, 0xD7, 0xBB, 0xD7, 0xBB,
    0xD7, 0xBB, 0xD7, 0xBB, 0xD7, 0xBB, 0xD7, 0xBB, 0xD7, 0xBB, 0xD7, 0xBB, 0xD7, 0xBB, 0xD7, 0xBB,
    0xD7, 0xBB, 0xD7, 0xBB, 0xD7, 0xBB, 0xD7, 0xBB, 0xD7, 0xBB, 0xD7, 0xBB, 0xD7, 0xBB, 0xD7, 0xBB,
    0xD7, 0xBB, 0xD7, 0xBB, 0xD7, 0xBB, 0xD7, 0xBB, 0xD7, 0xBB, 0xD7, 0xBB, 0xD7, 0xBB, 0xD7, 0xBB,
    0xD7, 0xBB, 0xD7, 0xBB, 0xD7, 0xBB, 0xD7, 0xBB, 0xD7, 0xBB, 0xD7, 0xBB, 0xD7, 0xBB, 0xD7, 0xBB,
    0xD7, 0xBB, 0xD7, 0xBB, 0xD7, 0xBB, 0xD7, 0xBB, 0xD7, 0xBB, 0xD7, 0xBB, 0xD7, 0xBB, 0xD7, 0xBB,
    0xD7, 0xBB, 0xD7, 0xBB, 0xD7, 0xBB, 0xD7, 0xBB, 0xD7, 0xBB, 0xD7, 0xBB, 0xD7, 0xBB, 0xD7, 0xBB,
    0xD7, 0xBB, 0xD7, 0xBB, 0xD7, 0xBB, 0xD7, 0xBB, 0xD7, 0xBB, 0xD7, 0xBB, 0xD7, 0xBB, 0xD7, 0xBB,
    0xD7, 0xBB, 0xD7, 0xBB, 0xD7, 0xBB, 0xD7, 0xBB, 0xD7, 0xBB, 0xD7, 0xBB, 0xD7, 0xBB, 0xD7, 0xBB,
    0xD7, 0xBB, 0xD7, 0xBB, 0xD7, 0xBB, 0xD7, 0xBB, 0xD7, 0xBB, 0xD7, 0xBB, 0xD7, 0xBB, 0xD7, 0xBB,
    0xD7, 0xBB, 0xD7, 0xBB, 0xD7, 0xBB, 0xD7, 0xBB, 0xD7, 0xBB, 0xD7, 0xBB, 0xD7, 0xBB, 0xD7, 0xBB,
    0xD7, 0xBB, 0xD7, 0xBB, 0xD7, 0xBB, 0xD7, 0xBB, 0xD7, 0xBB, 0xD7, 0xBB, 0xD7, 0xBB, 0xD7, 0xBB,
    0xD7, 0xBB, 0xD7, 0xBB, 0xD7, 0xBB, 0xD7, 0xBB, 0xD7, 0xBB, 0xD7, 0xBB, 0xD7, 0xBB, 0xD7, 0xBB,
    0xD7, 0xBB, 0xD7, 0xBB, 0xD7, 0xBB, 0xD7, 0xBB, 0xD7, 0xBB, 0xD7, 0xBB, 0xD7, 0xBB, 0xD7, 0xBB,
    0xD7, 0xBB, 0xD7, 0xBB, 0xD7, 0xBB, 0xD7, 0xBB, 0xD7, 0xBB, 0xD7, 0xBB, 0xD7, 0xBB, 0xD7, 0xBB,
    0xD7, 0xBB, 0xD7, 0xBB, 0xD7, 0xBB, 0xD7, 0xBB, 0xD7, 0xBB, 0xD7, 0xBB, 0xD7, 0xBB, 0xD7, 0xBB,
    0xD7, 0xBB, 0xD7, 0xBB, 0xD7, 0xBB, 0xD7, 0xBB, 0xD7, 0xBB, 0xD7, 0xBB, 0xD7, 0xBB, 0xD7, 0xBB,
    0xD7, 0xBB, 0xD7, 0xBB, 0xD7, 0xBB, 0xD7, 0xBB, 0xD7, 0xBB, 0xD7, 0xBB, 0xD7, 0xBB, 0xD7, 0xBB,
    0xD7, 0xBB, 0xD7, 0xBB, 0xD7, 0xBB, 0xD7, 0xBB, 0xD7, 0xBB, 0xD7, 0xBB, 0xD7, 0xBB, 0xD7, 0xBB,
    0xD7, 0xBB, 0xD7, 0xBB, 0xD7, 0xBB, 0xD7, 0xBB, 0xD7, 0xBB, 0xD7, 0xBB, 0xD7, 0xBB, 0xD7, 0xBB,
    0xD7, 0xBB, 0xD7, 0xBB, 0xD7, 0xBB, 0xD7, 0xBB, 0xD7, 0xBB, 0xD7, 0xBB, 0xD7, 0xBB, 0xFB, 0xDD,
    0xFF, 0xFF, 0xFF, 0xFF, 0xBC, 0x8D, 0x9C, 0x54, 0xFC, 0x64, 0x1D, 0x65, 0x79, 0xAC, 0xD7, 0xBB,
    0xD7, 0xBB, 0xD7, 0xBB, 0xD7, 0xBB, 0xF8, 0xBB, 0x1B, 0x7D, 0x3E, 0x65, 0x39, 0xAC, 0xD7, 0xBB,
    0xD7, 0xBB, 0xD7, 0xBB, 0xD7, 0xBB, 0xD7, 0xBB, 0xD7, 0xBB, 0xD7, 0xBB, 0xD7, 0xBB, 0xD7, 0xBB,
    0xD7, 0xBB, 0xD7, 0xBB, 0x97, 0xBB, 0xD8, 0xB4, 0x91, 0x7C, 0x2B, 0x2A, 0x4A, 0x09, 0x0F, 0x4B,
    0x06, 0x09, 0x69, 0x29, 0x75, 0xA3, 0xD7, 0xBB, 0x76, 0xB3, 0xD7, 0xAB, 0x5B, 0x9D, 0x5E, 0x8E,
    0xBE, 0x86, 0xBE, 0x86, 0xBE, 0x86, 0x7E, 0x7E, 0x5D, 0x7E, 0x3D, 0x76, 0x1D, 0x76, 0x3D, 0x76,
    0xFC, 0x6D, 0x5D, 0x76, 0xDD, 0x9D, 0xB7, 0xAB, 0xB7, 0xBB, 0xD7, 0xBB, 0xD7, 0xBB, 0xD7, 0xBB,
    0xD7, 0xBB, 0xD7, 0xBB, 0xD7, 0xBB, 0x97, 0xBB, 0x99, 0xA4, 0xBE, 0x96, 0x5D, 0x7E, 0x3D, 0x7E,
    0x1D, 0x7E, 0x1C, 0x7E, 0xD9, 0x85, 0xB0, 0x84, 0xD9, 0x95, 0xFB, 0x95, 0xBE, 0xA6, 0x76, 0x54,
    0x8E, 0x32, 0x97, 0x44, 0x9C, 0x86, 0x79, 0x65, 0x12, 0x13, 0x4F, 0x02, 0x2E, 0x02, 0x4E, 0x02,
    0xF0, 0x0A, 0xB6, 0x44, 0xDA, 0x75, 0x93, 0x2B, 0xED, 0x11, 0x07, 0x19, 0xD3, 0x4B, 0x9B, 0x6D,
    0x39, 0x65, 0xD9, 0x4C, 0xF9, 0x4C, 0xF9, 0x54, 0xAF, 0x53, 0xCE, 0x63, 0x93, 0x5C, 0xF7, 0x54,
    0x19, 0x55, 0x3A, 0x55, 0x3A, 0x5D, 0x5A, 0x65, 0x5A, 0x65, 0x5A, 0x6D, 0x5A, 0x75, 0x79, 0x75,
    0x39, 0x75, 0x18, 0x75, 0xF8, 0x64, 0xD8, 0x54, 0xF9, 0x4C, 0x19, 0x55, 0x1A, 0x55, 0x39, 0x55,
    0x3A, 0x5D, 0x5A, 0x6D, 0xFB, 0x8D, 0x9C, 0xBE, 0xFD, 0xD6, 0x9E, 0xE7, 0xBD, 0xDE, 0x96, 0xAB,
    0x78, 0x64, 0x97, 0x4C, 0x56, 0x44, 0xD8, 0x5C, 0x19, 0x5D, 0x1A, 0x5D, 0x1A, 0x55, 0xFA, 0x54,
    0xD8, 0x54, 0xD9, 0x54, 0xD8, 0x54, 0xD8, 0x54, 0xD8, 0x54, 0xD8, 0x54, 0xF8, 0x64, 0x59, 0x85,
    0xFA, 0xA5, 0x5B, 0xB6, 0x9B, 0xBE, 0xDC, 0xC6, 0x1D, 0xD7, 0x3D, 0xDF, 0x5E, 0xDF, 0x5E, 0xE7,
    0x5E, 0xE7, 0xBF, 0xEF, 0xD9, 0xBC, 0xD7, 0xBB, 0xD7, 0xBB, 0xD7, 0xBB, 0xD7, 0xBB, 0xD7, 0xBB,
    0xD7, 0xBB, 0xD7, 0xBB, 0xD7, 0xBB, 0xD7, 0xBB, 0xD7, 0xBB, 0xD7, 0xBB, 0xD7, 0xBB, 0xD7, 0xBB,
    0xD7, 0xBB, 0xD7, 0xBB, 0xD7, 0xBB, 0xD7, 0xBB, 0xD7, 0xBB, 0xD7, 0xBB, 0xD7, 0xBB, 0xD7, 0xBB,
    0xD7, 0xBB, 0xD7, 0xBB, 0xD7, 0xBB, 0xD7, 0xBB, 0xD7, 0xBB, 0xD7, 0xBB, 0xD7, 0xBB, 0xD7, 0xBB,
    0xD7, 0xBB, 0xD7, 0xBB, 0xD7, 0xBB, 0xD7, 0xBB, 0xD7, 0xBB, 0xD7, 0xBB, 0xD7, 0xBB, 0xD7, 0xBB,
    0xD7, 0xBB, 0xD7, 0xBB, 0xD7, 0xBB, 0xD7, 0xBB, 0xD7, 0xBB, 0xD7, 0xBB, 0xD7, 0xBB, 0xD7, 0xBB,
    0xD7, 0xBB, 0xD7, 0xBB, 0xD7, 0xBB, 0xD7, 0xBB, 0xD7, 0xBB, 0xD7, 0xBB, 0xD7, 0xBB, 0xD7, 0xBB,
    0xD7, 0xBB, 0xD7, 0xBB, 0xD7, 0xBB, 0xD7, 0xBB, 0xD7, 0xBB, 0xD7, 0xBB, 0xD7, 0xBB, 0xD7, 0xBB,
    0xD7, 0xBB, 0xD7, 0xBB, 0xD7, 0xBB, 0xD7, 0xBB, 0xD7, 0xBB, 0xD7, 0xBB, 0xD7, 0xBB, 0xD7, 0xBB,
    0xD7, 0xBB, 0xD7, 0xBB, 0xD7, 0xBB, 0xD7, 0xBB, 0xD7, 0xBB, 0xD7, 0xBB, 0xD7, 0xBB, 0xD7, 0xBB,
    0xD7, 0xBB, 0xD7, 0xBB, 0xD7, 0xBB, 0xD7, 0xBB, 0xD7, 0xBB, 0xD7, 0xBB, 0xD7, 0xBB, 0xD7, 0xBB,
    0xD7, 0xBB, 0xD7, 0xBB, 0xD7, 0xBB, 0xD7, 0xBB, 0xD7, 0xBB, 0xD7, 0xBB, 0xD7, 0xBB, 0xD7, 0xBB,
    0xD7, 0xBB, 0xD7, 0xBB, 0xD7, 0xBB, 0xD7, 0xBB, 0xD7, 0xBB, 0xD7, 0xBB, 0xD7, 0xBB, 0xD7, 0xBB,
    0xD7, 0xBB, 0xD7, 0xBB, 0xD7, 0xBB, 0xD7, 0xBB, 0xD7, 0xBB, 0xD7, 0xBB, 0xD7, 0xBB, 0xD7, 0xBB,
    0xD7, 0xBB, 0xD7, 0xBB, 0xD7, 0xBB, 0xD7, 0xBB, 0xD7, 0xBB, 0xD7, 0xBB, 0xD7, 0xBB, 0xD7, 0xBB,
    0xD7, 0xBB, 0xD7, 0xBB, 0xD7, 0xBB, 0xD7, 0xBB, 0xD7, 0xBB, 0xD7, 0xBB, 0xD7, 0xBB, 0xD7, 0xBB,
    0xD7, 0xBB, 0xD7, 0xBB, 0xD7, 0xBB, 0xD7, 0xBB, 0xD7, 0xBB, 0xD7, 0xBB, 0xD7, 0xBB, 0xD7, 0xBB,
    0xD7, 0xBB, 0xD7, 0xBB, 0xD7, 0xBB, 0xD7, 0xBB, 0xD7, 0xBB, 0xD7, 0xBB, 0xD7, 0xBB, 0xD7, 0xBB,
    0xD7, 0xBB, 0xD7, 0xBB, 0xD7, 0xBB, 0xD7, 0xBB, 0xD7, 0xBB, 0xD7, 0xBB, 0xD7, 0xBB, 0xD7, 0xBB,
    0xD7, 0xBB, 0xD7, 0xBB, 0xD7, 0xBB, 0xD7, 0xBB, 0xD7, 0xBB, 0xD7, 0xBB, 0xD7, 0xBB, 0xD7, 0xBB,
    0xD7, 0xBB, 0xD7, 0xBB, 0xD7, 0xBB, 0xD7, 0xBB, 0xD7, 0xBB, 0xD7, 0xBB, 0xD7, 0xBB, 0xD7, 0xBB,
    0xD7, 0xBB, 0xD7, 0xBB, 0xD7, 0xBB, 0xD7, 0xBB, 0xD7, 0xBB, 0xD7, 0xBB, 0xD7, 0xBB, 0xD7, 0xBB,
    0x5A, 0xD5, 0x3E, 0xEF, 0x1C, 0x6D, 0xDC, 0x5C, 0xFD, 0x5C, 0xFB, 0x74, 0xF7, 0xBB, 0xD7, 0xBB,
    0xD7, 0xBB, 0xD7, 0xBB, 0xD7, 0xBB, 0x38, 0xB4, 0x1C, 0x65, 0xFC, 0x64, 0x18, 0xBC, 0xD7, 0xBB,
    0xD7, 0xBB, 0xD7, 0xBB, 0xD7, 0xBB, 0xD7, 0xBB, 0xD7, 0xBB, 0xD7, 0xBB, 0xD7, 0xBB, 0xD7, 0xBB,
    0xD7, 0xBB, 0xD7, 0xBB, 0xD7, 0xBB, 0xB6, 0xB3, 0x15, 0x8C, 0xD0, 0x32, 0x49, 0x01, 0xEA, 0x21,
    0x4A, 0x42, 0xEB, 0x41, 0x96, 0xB3, 0xD7, 0xBB, 0xD7, 0xBB, 0xB7, 0xBB, 0x76, 0xB3, 0xF7, 0xAB,
    0xFA, 0x9C, 0x1D, 0xA6, 0xDF, 0x9E, 0xFF, 0x8E, 0xDF, 0x86, 0xDE, 0x86, 0xBE, 0x86, 0xBE, 0x86,
    0x5E, 0x8E, 0xDA, 0x9C, 0x76, 0xB3, 0xB7, 0xBB, 0xD7, 0xBB, 0xD7, 0xBB, 0xD7, 0xBB, 0xD7, 0xBB,
    0xD7, 0xBB, 0xD7, 0xBB, 0xD7, 0xBB, 0xD7, 0xBB, 0x96, 0xB3, 0xDA, 0xA4, 0x3E, 0x9E, 0x7E, 0x8E,
    0x5D, 0x86, 0x3D, 0x7E, 0x5E, 0x7E, 0x96, 0x85, 0xF3, 0x84, 0xFB, 0x8D, 0xFB, 0x8D, 0x7D, 0x8E,
    0x72, 0x3B, 0x2C, 0x32, 0xB4, 0x33, 0xDB, 0x6D, 0xBD, 0x8E, 0x3C, 0x7E, 0xDB, 0x6D, 0x3B, 0x76,
    0x5C, 0x86, 0x9A, 0x75, 0x32, 0x23, 0xEE, 0x09, 0x07, 0x11, 0xCF, 0x3A, 0x3A, 0x5D, 0x3A, 0x5D,
    0xF9, 0x4C, 0xD8, 0x44, 0x19, 0x4D, 0x13, 0x54, 0xAD, 0x63, 0xF7, 0x5C, 0x1A, 0x4D, 0x1A, 0x4D,
    0xFA, 0x4C, 0xF9, 0x4C, 0xF9, 0x4C, 0xF9, 0x54, 0x19, 0x55, 0x39, 0x5D, 0x3A, 0x5D, 0x3A, 0x5D,
    0x3A, 0x5D, 0x3A, 0x5D, 0x5A, 0x5D, 0x9B, 0x65, 0x9B, 0x65, 0xBC, 0x65, 0x1D, 0x76, 0x5D, 0x7E,
    0x3D, 0x7E, 0x1C, 0x76, 0xDB, 0x75, 0x3C, 0x9E, 0xFD, 0xC6, 0x9E, 0xDF, 0x7C, 0xD6, 0x56, 0xB3,
    0x37, 0x6C, 0x77, 0x3C, 0xB7, 0x54, 0xF9, 0x5C, 0xD4, 0x3B, 0x8E, 0x22, 0xF0, 0x2A, 0x56, 0x44,
    0x1A, 0x4D, 0xD9, 0x4C, 0xD9, 0x4C, 0xD8, 0x4C, 0xD8, 0x4C, 0xD8, 0x4C, 0xB8, 0x54, 0x59, 0x6D,
    0xFB, 0x95, 0x3B, 0xA6, 0x7C, 0xB6, 0xBC, 0xBE, 0xFD, 0xCE, 0x1D, 0xD7, 0x3D, 0xDF, 0x5E, 0xDF,
    0x5E, 0xDF, 0xBF, 0xE7, 0x1A, 0xC5, 0x97, 0xB3, 0xD7, 0xBB, 0xD7, 0xBB, 0xD7, 0xBB, 0xD7, 0xBB,
    0xD7, 0xBB, 0xD7, 0xBB, 0xD7, 0xBB, 0xD7, 0xBB, 0xD7, 0xBB, 0xD7, 0xBB, 0xD7, 0xBB, 0xD7, 0xBB,
    0xD7, 0xBB, 0xD7, 0xBB, 0xD7, 0xBB, 0xD7, 0xBB, 0xD7, 0xBB, 0xD7, 0xBB, 0xD7, 0xBB, 0xD7, 0xBB,
    0xD7, 0xBB, 0xD7, 0xBB, 0xD7, 0xBB, 0xD7, 0xBB, 0xD7, 0xBB, 0xD7, 0xBB, 0xD7, 0xBB, 0xD7, 0xBB,
    0xD7, 0xBB, 0xD7, 0xBB, 0xD7, 0xBB, 0xD7, 0xBB, 0xD7, 0xBB, 0xD7, 0xBB, 0xD7, 0xBB, 0xD7, 0xBB,
    0xD7, 0xBB, 0xD7, 0xBB, 0xD7, 0xBB, 0xD7, 0xBB, 0xD7, 0xBB, 0xD7, 0xBB, 0xD7, 0xBB, 0xD7, 0xBB,
    0xD7, 0xBB, 0xD7, 0xBB, 0xD7, 0xBB, 0xD7, 0xBB, 0xD7, 0xBB, 0xD7, 0xBB, 0xD7, 0xBB, 0xD7, 0xBB,
    0xD7, 0xBB, 0xD7, 0xBB, 0xD7, 0xBB, 0xD7, 0xBB, 0xD7, 0xBB, 0xD7, 0xBB, 0xD7, 0xBB, 0xD7, 0xBB,
    0xD7, 0xBB, 0xD7, 0xBB, 0xD7, 0xBB, 0xD7, 0xBB, 0xD7, 0xBB, 0xD7, 0xBB, 0xD7, 0xBB, 0xD7, 0xBB,
    0xD7, 0xBB, 0xD7, 0xBB, 0xD7, 0xBB, 0xD7, 0xBB, 0xD7, 0xBB, 0xD7, 0xBB, 0xD7, 0xBB, 0xD7, 0xBB,
    0xD7, 0xBB, 0xD7, 0xBB, 0xD7, 0xBB, 0xD7, 0xBB, 0xD7, 0xBB, 0xD7, 0xBB, 0xD7, 0xBB, 0xD7, 0xBB,
    0xD7, 0xBB, 0xD7, 0xBB, 0xD7, 0xBB, 0xD7, 0xBB, 0xD7, 0xBB, 0xD7, 0xBB, 0xD7, 0xBB, 0xD7, 0xBB,
    0xD7, 0xBB, 0xD7, 0xBB, 0xD7, 0xBB, 0xD7, 0xBB, 0xD7, 0xBB, 0xD7, 0xBB, 0xD7, 0xBB, 0xD7, 0xBB,
    0xD7, 0xBB, 0xD7, 0xBB, 0xD7, 0xBB, 0xD7, 0xBB, 0xD7, 0xBB, 0xD7, 0xBB, 0xD7, 0xBB, 0xD7, 0xBB,
    0xD7, 0xBB, 0xD7, 0xBB, 0xD7, 0xBB, 0xD7, 0xBB, 0xD7, 0xBB, 0xD7, 0xBB, 0xD7, 0xBB, 0xD7, 0xBB,
    0xD7, 0xBB, 0xD7, 0xBB, 0xD7, 0xBB, 0xD7, 0xBB, 0xD7, 0xBB, 0xD7, 0xBB, 0xD7, 0xBB, 0xD7, 0xBB,
    0xD7, 0xBB, 0xD7, 0xBB, 0xD7, 0xBB, 0xD7, 0xBB, 0xD7, 0xBB, 0xD7, 0xBB, 0xD7, 0xBB, 0xD7, 0xBB,
    0xD7, 0xBB, 0xD7, 0xBB, 0xD7, 0xBB, 0xD7, 0xBB, 0xD7, 0xBB, 0xD7, 0xBB, 0xD7, 0xBB, 0xD7, 0xBB,
    0xD7, 0xBB, 0xD7, 0xBB, 0xD7, 0xBB, 0xD7, 0xBB, 0xD7, 0xBB, 0xD7, 0xBB, 0xD7, 0xBB, 0xD7, 0xBB,
    0xD7, 0xBB, 0xD7, 0xBB, 0xD7, 0xBB, 0xD7, 0xBB, 0xD7, 0xBB, 0xD7, 0xBB, 0xD7, 0xBB, 0xD7, 0xBB,
    0xD7, 0xBB, 0xD7, 0xBB, 0xD7, 0xBB, 0xD7, 0xBB, 0xD7, 0xBB, 0xD7, 0xBB, 0xD7, 0xBB, 0xD7, 0xBB,
    0xD7, 0xBB, 0xD7, 0xBB, 0xD7, 0xBB, 0xD7, 0xBB, 0xD7, 0xBB, 0xD7, 0xBB, 0xD7, 0xBB, 0xF7, 0xBB,
    0xD7, 0xBB, 0x58, 0xAC, 0x3D, 0x6D, 0xDC, 0x64, 0xFC, 0x5C, 0x3B, 0x85, 0xD7, 0xBB, 0xD7, 0xBB,
    0xD7, 0xBB, 0xD7, 0xBB, 0x18, 0xBC, 0xDB, 0x84, 0x3E, 0x65, 0xDA, 0x8C, 0xD7, 0xBB, 0xD7, 0xBB,
    0xD7, 0xBB, 0xD7, 0xBB, 0xD7, 0xBB, 0xD7, 0xBB, 0xD7, 0xBB, 0xD7, 0xBB, 0xD7, 0xBB, 0xD7, 0xBB,
    0xD7, 0xBB, 0xD7, 0xBB, 0xD7, 0xBB, 0xD7, 0xBB, 0x97, 0xBB, 0xD7, 0xA3, 0x12, 0x53, 0xCB, 0x11,
    0x47, 0x11, 0x48, 0x09, 0xF3, 0x82, 0xF8, 0xBB, 0xD7, 0xBB, 0xD7, 0xBB, 0xD7, 0xBB, 0xD7, 0xBB,
    0x96, 0xBB, 0x96, 0xB3, 0xF7, 0xAB, 0x99, 0xA4, 0x9C, 0xA5, 0x5E, 0xA6, 0x3E, 0xA6, 0xFA, 0x9C,
    0xD7, 0xAB, 0x76, 0xBB, 0xD7, 0xBB, 0xD7, 0xBB, 0xD7, 0xBB, 0xD7, 0xBB, 0xD7, 0xBB, 0xD7, 0xBB,
    0xD7, 0xBB, 0xD7, 0xBB, 0xD7, 0xBB, 0xD7, 0xBB, 0xD7, 0xBB, 0x97, 0xBB, 0xB7, 0xB3, 0x38, 0xAC,
    0x58, 0xA4, 0x79, 0x9C, 0x7C, 0x9D, 0x5D, 0x8E, 0xF2, 0x84, 0x98, 0x85, 0xDB, 0x85, 0xFB, 0x8D,
    0xFC, 0x7D, 0x52, 0x3B, 0xCB, 0x29, 0x4F, 0x22, 0x94, 0x2B, 0x77, 0x44, 0x98, 0x4C, 0x57, 0x3C,
    0x53, 0x1B, 0x2F, 0x0A, 0xAB, 0x09, 0x48, 0x19, 0xEF, 0x42, 0xF9, 0x54, 0x1A, 0x55, 0xF9, 0x4C,
    0xB9, 0x44, 0xF9, 0x44, 0xB8, 0x4C, 0x8D, 0x5B, 0x94, 0x5C, 0x3B, 0x4D, 0xF9, 0x4C, 0xF9, 0x4C,
    0xD9, 0x4C, 0xF9, 0x4C, 0x1A, 0x4D, 0x1A, 0x4D, 0xD8, 0x4C, 0x76, 0x44, 0xF5, 0x43, 0xD4, 0x3B,
    0xF4, 0x3B, 0xB4, 0x3B, 0x52, 0x33, 0x73, 0x2B, 0xB5, 0x2B, 0x16, 0x34, 0xB8, 0x44, 0x9B, 0x65,
    0x7E, 0x86, 0x9E, 0x8E, 0x5D, 0x7E, 0xFC, 0x7D, 0x9D, 0xAE, 0x9F, 0xDF, 0xDB, 0xCD, 0x76, 0xB3,
    0xB6, 0x9B, 0xB8, 0x5C, 0xF8, 0x4C, 0x56, 0x4C, 0x06, 0x09, 0x43, 0x00, 0x43, 0x00, 0xA5, 0x00,
    0xAF, 0x2A, 0xF9, 0x44, 0xB9, 0x44, 0xB8, 0x44, 0xB8, 0x44, 0xB8, 0x44, 0xF9, 0x4C, 0xF1, 0x8B,
    0x93, 0xA4, 0x5D, 0x9E, 0x7C, 0xAE, 0xBC, 0xB6, 0xDD, 0xC6, 0x1D, 0xCF, 0x3E, 0xD7, 0x5E, 0xDF,
    0x5E, 0xDF, 0xDF, 0xE7, 0x3A, 0xC5, 0x96, 0xB3, 0xD7, 0xBB, 0xD7, 0xBB, 0xD7, 0xBB, 0xD7, 0xBB,
    0xD7, 0xBB, 0xD7, 0xBB, 0xD7, 0xBB, 0xD7, 0xBB, 0xD7, 0xBB, 0xD7, 0xBB, 0xD7, 0xBB, 0xD7, 0xBB,
    0xD7, 0xBB, 0xD7, 0xBB, 0xD7, 0xBB, 0xD7, 0xBB, 0xD7, 0xBB, 0xD7, 0xBB, 0xD7, 0xBB, 0xD7, 0xBB,
    0xD7, 0xBB, 0xD7, 0xBB, 0xD7, 0xBB, 0xD7, 0xBB, 0xD7, 0xBB, 0xD7, 0xBB, 0xD7, 0xBB, 0xD7, 0xBB,
    0xD7, 0xBB, 0xD7, 0xBB, 0xD7, 0xBB, 0xD7, 0xBB, 0xD7, 0xBB, 0xD7, 0xBB, 0xD7, 0xBB, 0xD7, 0xBB,
    0xD7, 0xBB, 0xD7, 0xBB, 0xD7, 0xBB, 0xD7, 0xBB, 0xD7, 0xBB, 0xD7, 0xBB, 0xD7, 0xBB, 0xD7, 0xBB,
    0xD7, 0xBB, 0xD7, 0xBB, 0xD7, 0xBB, 0xD7, 0xBB, 0xD7, 0xBB, 0xD7, 0xBB, 0xD7, 0xBB, 0xD7, 0xBB,
    0xD7, 0xBB, 0xD7, 0xBB, 0xD7, 0xBB, 0xD7, 0xBB, 0xD7, 0xBB, 0xD7, 0xBB, 0xD7, 0xBB, 0xD7, 0xBB,
    0xD7, 0xBB, 0xD7, 0xBB, 0xD7, 0xBB, 0xD7, 0xBB, 0xD7, 0xBB, 0xD7, 0xBB, 0xD7, 0xBB, 0xD7, 0xBB,
    0xD7, 0xBB, 0xD7, 0xBB, 0xD7, 0xBB, 0xD7, 0xBB, 0xD7, 0xBB, 0xD7, 0xBB, 0xD7, 0xBB, 0xD7, 0xBB,
    0xD7, 0xBB, 0xD7, 0xBB, 0xD7, 0xBB, 0xD7, 0xBB, 0xD7, 0xBB, 0xD7, 0xBB, 0xD7, 0xBB, 0xD7, 0xBB,
    0xD7, 0xBB, 0xD7, 0xBB, 0xD7, 0xBB, 0xD7, 0xBB, 0xD7, 0xBB, 0xD7, 0xBB, 0xD7, 0xBB, 0xD7, 0xBB,
    0xD7, 0xBB, 0xD7, 0xBB, 0xD7, 0xBB, 0xD7, 0xBB, 0xD7, 0xBB, 0xD7, 0xBB, 0xD7, 0xBB, 0xD7, 0xBB,
    0xD7, 0xBB, 0xD7, 0xBB, 0xD7, 0xBB, 0xD7, 0xBB, 0xD7, 0xBB, 0xD7, 0xBB, 0xD7, 0xBB, 0xD7, 0xBB,
    0xD7, 0xBB, 0xD7, 0xBB, 0xD7, 0xBB, 0xD7, 0xBB, 0xD7, 0xBB, 0xD7, 0xBB, 0xD7, 0xBB, 0xD7, 0xBB,
    0xD7, 0xBB, 0xD7, 0xBB, 0xD7, 0xBB, 0xD7, 0xBB, 0xD7, 0xBB, 0xD7, 0xBB, 0xD7, 0xBB, 0xD7, 0xBB,
    0xD7, 0xBB, 0xD7, 0xBB, 0xD7, 0xBB, 0xD7, 0xBB, 0xD7, 0xBB, 0xD7, 0xBB, 0xD7, 0xBB, 0xD7, 0xBB,
    0xD7, 0xBB, 0xD7, 0xBB, 0xD7, 0xBB, 0xD7, 0xBB, 0xD7, 0xBB, 0xD7, 0xBB, 0xD7, 0xBB, 0xD7, 0xBB,
    0xD7, 0xBB, 0xD7, 0xBB, 0xD7, 0xBB, 0xD7, 0xBB, 0xD7, 0xBB, 0xD7, 0xBB, 0xD7, 0xBB, 0xD7, 0xBB,
    0xD7, 0xBB, 0xD7, 0xBB, 0xD7, 0xBB, 0xD7, 0xBB, 0xD7, 0xBB, 0xD7, 0xBB, 0xD7, 0xBB, 0xD7, 0xBB,
    0xD7, 0xBB, 0xD7, 0xBB, 0xD7, 0xBB, 0xD7, 0xBB, 0xD7, 0xBB, 0xD7, 0xBB, 0xD7, 0xBB, 0xD7, 0xBB,
    0xD7, 0xBB, 0xD7, 0xBB, 0xD7, 0xBB, 0xD7, 0xBB, 0xD7, 0xBB, 0xD7, 0xBB, 0xD7, 0xBB, 0xF7, 0xBB,
    0xF7, 0xBB, 0x99, 0xB4, 0x5E, 0x6D, 0xDB, 0x5C, 0xDC, 0x5C, 0xFB, 0x64, 0xB9, 0xAC, 0x79, 0xB4,
    0x79, 0xB4, 0xBA, 0xA4, 0x1B, 0x7D, 0xFC, 0x5C, 0x3D, 0x65, 0x99, 0xAC, 0xD7, 0xBB, 0xF7, 0xBB,
    0xD7, 0xBB, 0xD7, 0xBB, 0xD7, 0xBB, 0xD7, 0xBB, 0xD7, 0xBB, 0xD7, 0xBB, 0xD7, 0xBB, 0xD7, 0xBB,
    0xD7, 0xBB, 0xD7, 0xBB, 0xD7, 0xBB, 0xD7, 0xBB, 0xD7, 0xBB, 0xB7, 0xBB, 0xD8, 0xBB, 0xB6, 0x8B,
    0xB0, 0x32, 0xED, 0x31, 0x75, 0xA3, 0xF7, 0xBB, 0xD7, 0xBB, 0xD7, 0xBB, 0xD7, 0xBB, 0xD7, 0xBB,
    0xD7, 0xBB, 0xD7, 0xBB, 0xD7, 0xBB, 0x97, 0xBB, 0x96, 0xB3, 0xB7, 0xB3, 0x97, 0xB3, 0x97, 0xBB,
    0xD7, 0xBB, 0xD7, 0xBB, 0xD7, 0xBB, 0xD7, 0xBB, 0xD7, 0xBB, 0xD7, 0xBB, 0xD7, 0xBB, 0xD7, 0xBB,
    0xD7, 0xBB, 0xD7, 0xBB, 0xD7, 0xBB, 0xD7, 0xBB, 0xF7, 0xBB, 0xD7, 0xBB, 0xD7, 0xBB, 0xD7, 0xBB,
    0xB7, 0xBB, 0x97, 0xBB, 0x76, 0xB3, 0x79, 0xAC, 0x97, 0x9D, 0xD2, 0x7C, 0xDB, 0x85, 0x9A, 0x7D,
    0xDB, 0x7D, 0xDC, 0x75, 0x36, 0x4C, 0x6D, 0x32, 0xCB, 0x21, 0x8B, 0x19, 0xAB, 0x11, 0x8B, 0x09,
    0x6A, 0x11, 0x69, 0x19, 0x0B, 0x2A, 0xD3, 0x4B, 0x1A, 0x4D, 0x1A, 0x45, 0xF9, 0x44, 0xB9, 0x3C,
    0xD8, 0x3C, 0xFA, 0x44, 0x13, 0x4C, 0xCE, 0x5B, 0x19, 0x5D, 0xF9, 0x54, 0xF9, 0x54, 0xD8, 0x4C,
    0xD9, 0x4C, 0x56, 0x44, 0x30, 0x33, 0x0B, 0x22, 0x26, 0x11, 0x83, 0x08, 0x22, 0x00, 0x63, 0x00,
    0x28, 0x11, 0xAB, 0x19, 0x8A, 0x19, 0x8A, 0x11, 0xF1, 0x1A, 0x74, 0x23, 0x17, 0x34, 0xD9, 0x44,
    0xBB, 0x65, 0x5D, 0x7E, 0x7E, 0x8E, 0x3D, 0x7E, 0x3C, 0x8E, 0x9F, 0xD7, 0x5A, 0xC5, 0x97, 0xB3,
    0xB7, 0xBB, 0xB7, 0x9B, 0xFA, 0x5C, 0x10, 0x2B, 0x84, 0x08, 0xA4, 0x08, 0xE6, 0x08, 0x63, 0x00,
    0xE6, 0x08, 0x16, 0x34, 0xD9, 0x44, 0xB8, 0x44, 0xB8, 0x44, 0xB8, 0x44, 0xD9, 0x44, 0x34, 0x74,
    0xD6, 0x84, 0x3D, 0x86, 0x3C, 0x96, 0x9C, 0xA6, 0xBD, 0xB6, 0xFD, 0xBE, 0x1E, 0xCF, 0x5E, 0xD7,
    0x3E, 0xD7, 0x9F, 0xDF, 0xD9, 0xBC, 0xB7, 0xBB, 0xD7, 0xBB, 0xD7, 0xBB, 0xD7, 0xBB, 0xD7, 0xBB,
    0xD7, 0xBB, 0xD7, 0xBB, 0xD7, 0xBB, 0xD7, 0xBB, 0xD7, 0xBB, 0xD7, 0xBB, 0xD7, 0xBB, 0xD7, 0xBB,
    0xD7, 0xBB, 0xD7, 0xBB, 0xD7, 0xBB, 0xD7, 0xBB, 0xD7, 0xBB, 0xD7, 0xBB, 0xD7, 0xBB, 0xD7, 0xBB,
    0xD7, 0xBB, 0xD7, 0xBB, 0xD7, 0xBB, 0xD7, 0xBB, 0xD7, 0xBB, 0xD7, 0xBB, 0xD7, 0xBB, 0xD7, 0xBB,
    0xD7, 0xBB, 0xD7, 0xBB, 0xD7, 0xBB, 0xD7, 0xBB, 0xD7, 0xBB, 0xD7, 0xBB, 0xD7, 0xBB, 0xD7, 0xBB,
    0xD7, 0xBB, 0xD7, 0xBB, 0xD7, 0xBB, 0xD7, 0xBB, 0xD7, 0xBB, 0xD7, 0xBB, 0xD7, 0xBB, 0xD7, 0xBB,
    0xD7, 0xBB, 0xD7, 0xBB, 0xD7, 0xBB, 0xD7, 0xBB, 0xD7, 0xBB, 0xD7, 0xBB, 0xD7, 0xBB, 0xD7, 0xBB,
    0xD7, 0xBB, 0xD7, 0xBB, 0xD7, 0xBB, 0xD7, 0xBB, 0xD7, 0xBB, 0xD7, 0xBB, 0xD7, 0xBB, 0xD7, 0xBB,
    0xD7, 0xBB, 0xD7, 0xBB, 0xD7, 0xBB, 0xD7, 0xBB, 0xD7, 0xBB, 0xD7, 0xBB, 0xD7, 0xBB, 0xD7, 0xBB,
    0xD7, 0xBB, 0xD7, 0xBB, 0xD7, 0xBB, 0xD7, 0xBB, 0xD7, 0xBB, 0xD7, 0xBB, 0xD7, 0xBB, 0xD7, 0xBB,
    0xD7, 0xBB, 0xD7, 0xBB, 0xD7, 0xBB, 0xD7, 0xBB, 0xD7, 0xBB, 0xD7, 0xBB, 0xD7, 0xBB, 0xD7, 0xBB,
    0xD7, 0xBB, 0xD7, 0xBB, 0xD7, 0xBB, 0xD7, 0xBB, 0xD7, 0xBB, 0xD7, 0xBB, 0xD7, 0xBB, 0xD7, 0xBB,
    0xD7, 0xBB, 0xD7, 0xBB, 0xD7, 0xBB, 0xD7, 0xBB, 0xD7, 0xBB, 0xD7, 0xBB, 0xD7, 0xBB, 0xD7, 0xBB,
    0xD7, 0xBB, 0xD7, 0xBB, 0xD7, 0xBB, 0xD7, 0xBB, 0xD7, 0xBB, 0xD7, 0xBB, 0xD7, 0xBB, 0xD7, 0xBB,
    0xD7, 0xBB, 0xD7, 0xBB, 0xD7, 0xBB, 0xD7, 0xBB, 0xD7, 0xBB, 0xD7, 0xBB, 0xD7, 0xBB, 0xD7, 0xBB,
    0xD7, 0xBB, 0xD7, 0xBB, 0xD7, 0xBB, 0xD7, 0xBB, 0xD7, 0xBB, 0xD7, 0xBB, 0xD7, 0xBB, 0xD7, 0xBB,
    0xD7, 0xBB, 0xD7, 0xBB, 0xD7, 0xBB, 0xD7, 0xBB, 0xD7, 0xBB, 0xD7, 0xBB, 0xD7, 0xBB, 0xD7, 0xBB,
    0xD7, 0xBB, 0xD7, 0xBB, 0xD7, 0xBB, 0xD7, 0xBB, 0xD7, 0xBB, 0xD7, 0xBB, 0xD7, 0xBB, 0xD7, 0xBB,
    0xD7, 0xBB, 0xD7, 0xBB, 0xD7, 0xBB, 0xD7, 0xBB, 0xD7, 0xBB, 0xD7, 0xBB, 0xD7, 0xBB, 0xD7, 0xBB,
    0xD7, 0xBB, 0xD7, 0xBB, 0xD7, 0xBB, 0xD7, 0xBB, 0xD7, 0xBB, 0xD7, 0xBB, 0xD7, 0xBB, 0xD7, 0xBB,
    0xD7, 0xBB, 0xD7, 0xBB, 0xD7, 0xBB, 0xD7, 0xBB, 0xD7, 0xBB, 0xD7, 0xBB, 0xD7, 0xBB, 0xD7, 0xBB,
    0xD7, 0xBB, 0xD7, 0xBB, 0xD7, 0xBB, 0xD7, 0xBB, 0xD7, 0xBB, 0xD7, 0xBB, 0xD7, 0xBB, 0xF7, 0xBB,
    0xF7, 0xBB, 0x18, 0xBC, 0xFB, 0x6C, 0x3D, 0x6D, 0x1C, 0x65, 0xDC, 0x5C, 0x3D, 0x6D, 0x1C, 0x65,
    0x3D, 0x6D, 0x3D, 0x65, 0xDC, 0x5C, 0xDC, 0x5C, 0x5D, 0x75, 0x59, 0xB4, 0xD7, 0xBB, 0xF8, 0xBB,
    0xD7, 0xBB, 0xD7, 0xBB, 0xD7, 0xBB, 0xD7, 0xBB, 0xD7, 0xBB, 0xD7, 0xBB, 0xD7, 0xBB, 0xD7, 0xBB,
    0xD7, 0xBB, 0xD7, 0xBB, 0xD7, 0xBB, 0xD7, 0xBB, 0xD7, 0xBB, 0xD7, 0xBB, 0xD7, 0xBB, 0xD7, 0xC3,
    0x76, 0xA3, 0x55, 0xA3, 0xD8, 0xBB, 0xD7, 0xBB, 0xD7, 0xBB, 0xD7, 0xBB, 0xD7, 0xBB, 0xD7, 0xBB,
    0xD8, 0xBB, 0xF7, 0xBB, 0xF7, 0xBB, 0xD7, 0xBB, 0xD7, 0xBB, 0xD7, 0xBB, 0xD7, 0xBB, 0xD7, 0xBB,
    0xD7, 0xBB, 0xD7, 0xBB, 0xD7, 0xBB, 0xD7, 0xBB, 0xD7, 0xBB, 0xD7, 0xBB, 0xD7, 0xBB, 0xD7, 0xBB,
    0xD7, 0xBB, 0xD7, 0xBB, 0xD7, 0xBB, 0xD7, 0xBB, 0xD7, 0xBB, 0xD8, 0xBB, 0xF7, 0xBB, 0xF7, 0xBB,
    0xD7, 0xBB, 0xD7, 0xBB, 0xD7, 0xBB, 0x36, 0xB3, 0x58, 0xAC, 0xD2, 0x8C, 0x57, 0x7D, 0xBB, 0x7D,
    0x7A, 0x75, 0x7A, 0x6D, 0x9B, 0x6D, 0x3A, 0x5D, 0x56, 0x54, 0x71, 0x43, 0x10, 0x3B, 0xF0, 0x3A,
    0x51, 0x43, 0xF4, 0x4B, 0xD9, 0x4C, 0x1A, 0x45, 0x1A, 0x3D, 0xF9, 0x3C, 0xB9, 0x3C, 0xB9, 0x3C,
    0xD9, 0x3C, 0xD8, 0x44, 0x6E, 0x4B, 0x53, 0x5C, 0x1A, 0x5D, 0xF9, 0x54, 0xD8, 0x54, 0x97, 0x54,
    0xEF, 0x32, 0x07, 0x09, 0x63, 0x00, 0x01, 0x00, 0x42, 0x00, 0x84, 0x00, 0x84, 0x00, 0x63, 0x00,
    0xC5, 0x08, 0x89, 0x19, 0xEA, 0x21, 0x89, 0x19, 0x4D, 0x1A, 0xB5, 0x23, 0xF6, 0x2B, 0x78, 0x3C,
    0x1A, 0x55, 0xDC, 0x6D, 0x3D, 0x7E, 0x5D, 0x7E, 0x1C, 0x7E, 0x5F, 0xCF, 0xD9, 0xC4, 0xB7, 0xB3,
    0xD7, 0xBB, 0x97, 0xBB, 0x39, 0x9C, 0x4C, 0x2A, 0x64, 0x00, 0xE6, 0x08, 0x07, 0x09, 0x07, 0x09,
    0xF5, 0x3B, 0xD9, 0x44, 0xD9, 0x44, 0xD9, 0x44, 0xF9, 0x44, 0x1A, 0x4D, 0x3B, 0x4D, 0xBD, 0x55,
    0xFD, 0x5D, 0xDC, 0x65, 0x1C, 0x76, 0x3C, 0x8E, 0x7D, 0x9E, 0xBD, 0xAE, 0xFE, 0xBE, 0x3E, 0xC7,
    0x1E, 0xC7, 0x5F, 0xD7, 0x37, 0xB4, 0xD7, 0xBB, 0xF7, 0xBB, 0xD7, 0xBB, 0xD7, 0xBB, 0xD7, 0xBB,
    0xD7, 0xBB, 0xD7, 0xBB, 0xD7, 0xBB, 0xD7, 0xBB, 0xD7, 0xBB, 0xD7, 0xBB, 0xD7, 0xBB, 0xD7, 0xBB,
    0xD7, 0xBB, 0xD7, 0xBB, 0xD7, 0xBB, 0xD7, 0xBB, 0xD7, 0xBB, 0xD7, 0xBB, 0xD7, 0xBB, 0xD7, 0xBB,
    0xD7, 0xBB, 0xD7, 0xBB, 0xD7, 0xBB, 0xD7, 0xBB, 0xD7, 0xBB, 0xD7, 0xBB, 0xD7, 0xBB, 0xD7, 0xBB,
    0xD7, 0xBB, 0xD7, 0xBB, 0xD7, 0xBB, 0xD7, 0xBB, 0xD7, 0xBB, 0xD7, 0xBB, 0xD7, 0xBB, 0xD7, 0xBB,
    0xD7, 0xBB, 0xD7, 0xBB, 0xD7, 0xBB, 0xD7, 0xBB, 0xD7, 0xBB, 0xD7, 0xBB, 0xD7, 0xBB, 0xD7, 0xBB,
    0xD7, 0xBB, 0xD7, 0xBB, 0xD7, 0xBB, 0xD7, 0xBB, 0xD7, 0xBB, 0xD7, 0xBB, 0xD7, 0xBB, 0xD7, 0xBB,
    0xD7, 0xBB, 0xD7, 0xBB, 0xD7, 0xBB, 0xD7, 0xBB, 0xD7, 0xBB, 0xD7, 0xBB, 0xD7, 0xBB, 0xD7, 0xBB,
    0xD7, 0xBB, 0xD7, 0xBB, 0xD7, 0xBB, 0xD7, 0xBB, 0xD7, 0xBB, 0xD7, 0xBB, 0xD7, 0xBB, 0xD7, 0xBB,
    0xD7, 0xBB, 0xD7, 0xBB, 0xD7, 0xBB, 0xD7, 0xBB, 0xD7, 0xBB, 0xD7, 0xBB, 0xD7, 0xBB, 0xD7, 0xBB,
    0xD7, 0xBB, 0xD7, 0xBB, 0xD7, 0xBB, 0xD7, 0xBB, 0xD7, 0xBB, 0xD7, 0xBB, 0xD7, 0xBB, 0xD7, 0xBB,
    0xD7, 0xBB, 0xD7, 0xBB, 0xD7, 0xBB, 0xD7, 0xBB, 0xD7, 0xBB, 0xD7, 0xBB, 0xD7, 0xBB, 0xD7, 0xBB,
    0xD7, 0xBB, 0xD7, 0xBB, 0xD7, 0xBB, 0xD7, 0xBB, 0xD7, 0xBB, 0xD7, 0xBB, 0xD7, 0xBB, 0xD7, 0xBB,
    0xD7, 0xBB, 0xD7, 0xBB, 0xD7, 0xBB, 0xD7, 0xBB, 0xD7, 0xBB, 0xD7, 0xBB, 0xD7, 0xBB, 0xD7, 0xBB,
    0xD7, 0xBB, 0xD7, 0xBB, 0xD7, 0xBB, 0xD7, 0xBB, 0xD7, 0xBB, 0xD7, 0xBB, 0xD7, 0xBB, 0xD7, 0xBB,
    0xD7, 0xBB, 0xD7, 0xBB, 0xD7, 0xBB, 0xD7, 0xBB, 0xD7, 0xBB, 0xD7, 0xBB, 0xD7, 0xBB, 0xD7, 0xBB,
    0xD7, 0xBB, 0xD7, 0xBB, 0xD7, 0xBB, 0xD7, 0xBB, 0xD7, 0xBB, 0xD7, 0xBB, 0xD7, 0xBB, 0xD7, 0xBB,
    0xD7, 0xBB, 0xD7, 0xBB, 0xD7, 0xBB, 0xD7, 0xBB, 0xD7, 0xBB, 0xD7, 0xBB, 0xD7, 0xBB, 0xD7, 0xBB,
    0xD7, 0xBB, 0xD7, 0xBB, 0xD7, 0xBB, 0xD7, 0xBB, 0xD7, 0xBB, 0xD7, 0xBB, 0xD7, 0xBB, 0xD7, 0xBB,
    0xD7, 0xBB, 0xD7, 0xBB, 0xD7, 0xBB, 0xD7, 0xBB, 0xD7, 0xBB, 0xD7, 0xBB, 0xD7, 0xBB, 0xD7, 0xBB,
    0xD7, 0xBB, 0xD7, 0xBB, 0xD7, 0xBB, 0xD7, 0xBB, 0xD7, 0xBB, 0xD7, 0xBB, 0xD7, 0xBB, 0xD7, 0xBB,
    0xD7, 0xBB, 0xD7, 0xBB, 0xD7, 0xBB, 0xD7, 0xBB, 0xD7, 0xBB, 0xD7, 0xBB, 0xD7, 0xBB, 0xD7, 0xBB,
    0xF7, 0xBB, 0xD7, 0xBB, 0x59, 0xAC, 0x3C, 0x7D, 0x5D, 0x6D, 0x1D, 0x65, 0xDC, 0x5C, 0xDC, 0x5C,
    0xDC, 0x5C, 0xFC, 0x5C, 0x3D, 0x65, 0x3C, 0x75, 0x99, 0xAC, 0xD7, 0xBB, 0xD8, 0xBB, 0xD7, 0xBB,
    0xD7, 0xBB, 0xD7, 0xBB, 0xD7, 0xBB, 0xD7, 0xBB, 0xD7, 0xBB, 0xD7, 0xBB, 0xD7, 0xBB, 0xD7, 0xBB,
    0xD7, 0xBB, 0xD7, 0xBB, 0xD7, 0xBB, 0xD7, 0xBB, 0xD7, 0xBB, 0xD7, 0xBB, 0xD8, 0xBB, 0xD7, 0xBB,
    0xD7, 0xBB, 0xD7, 0xBB, 0xD7, 0xBB, 0xD7, 0xBB, 0xD7, 0xBB, 0xD7, 0xBB, 0xD7, 0xBB, 0xD7, 0xBB,
    0xD7, 0xBB, 0xD7, 0xBB, 0xD7, 0xBB, 0xF7, 0xBB, 0xD7, 0xBB, 0xF8, 0xBB, 0xF8, 0xBB, 0xD8, 0xBB,
    0xD7, 0xBB, 0xD7, 0xBB, 0xD7, 0xBB, 0xD7, 0xBB, 0xD7, 0xBB, 0xD7, 0xBB, 0xD7, 0xBB, 0xD7, 0xBB,
    0xD7, 0xBB, 0xD7, 0xBB, 0xD7, 0xBB, 0xD7, 0xBB, 0xD7, 0xBB, 0xD7, 0xBB, 0xD7, 0xBB, 0xD8, 0xBB,
    0xD7, 0xBB, 0x97, 0xB3, 0xF7, 0xAB, 0x5A, 0x9D, 0x57, 0x6C, 0xB3, 0x84, 0xD3, 0x84, 0xBB, 0x75,
    0x7A, 0x6D, 0x5A, 0x65, 0x39, 0x5D, 0x3A, 0x5D, 0x5B, 0x55, 0x3B, 0x4D, 0x1A, 0x45, 0x1A, 0x45,
    0x1A, 0x45, 0x1A, 0x3D, 0xFA, 0x3C, 0xD9, 0x3C, 0xD9, 0x3C, 0xB9, 0x34, 0xB9, 0x34, 0xB8, 0x3C,
    0xF9, 0x3C, 0x54, 0x44, 0x6D, 0x53, 0xF8, 0x5C, 0x19, 0x5D, 0xD8, 0x5C, 0xB7, 0x54, 0x8E, 0x2A,
    0x07, 0x01, 0xE6, 0x08, 0xE6, 0x08, 0xA4, 0x08, 0x42, 0x00, 0x42, 0x00, 0xA4, 0x08, 0xA5, 0x00,
    0xE6, 0x08, 0x68, 0x19, 0xA9, 0x21, 0x68, 0x19, 0x0D, 0x12, 0x32, 0x23, 0x95, 0x23, 0x78, 0x34,
    0xFA, 0x44, 0x7B, 0x5D, 0xDC, 0x6D, 0x3D, 0x7E, 0x1C, 0x7E, 0x1F, 0xC7, 0x37, 0xBC, 0xD7, 0xBB,
    0xD7, 0xBB, 0xB7, 0xBB, 0x72, 0x93, 0xE8, 0x39, 0x67, 0x21, 0x07, 0x11, 0x68, 0x11, 0xB7, 0x4C,
    0xDC, 0x65, 0xBC, 0x65, 0x5A, 0x55, 0x1A, 0x4D, 0x7B, 0x55, 0x7B, 0x4D, 0x7B, 0x55, 0x9C, 0x5D,
    0xFD, 0x65, 0x3E, 0x66, 0x3D, 0x6E, 0x1D, 0x76, 0x5D, 0x7E, 0x7D, 0x8E, 0xBD, 0xA6, 0xFE, 0xB6,
    0x7F, 0xC7, 0x3D, 0xCE, 0x96, 0xB3, 0xD7, 0xBB, 0xF7, 0xBB, 0xD7, 0xBB, 0xD7, 0xBB, 0xD7, 0xBB,
    0xD7, 0xBB, 0xD7, 0xBB, 0xD7, 0xBB, 0xD7, 0xBB, 0xD7, 0xBB, 0xD7, 0xBB, 0xD7, 0xBB, 0xD7, 0xBB,
    0xD7, 0xBB, 0xD7, 0xBB, 0xD7, 0xBB, 0xD7, 0xBB, 0xD7, 0xBB, 0xD7, 0xBB, 0xD7, 0xBB, 0xD7, 0xBB,
    0xD7, 0xBB, 0xD7, 0xBB, 0xD7, 0xBB, 0xD7, 0xBB, 0xD7, 0xBB, 0xD7, 0xBB, 0xD7, 0xBB, 0xD7, 0xBB,
    0xD7, 0xBB, 0xD7, 0xBB, 0xD7, 0xBB, 0xD7, 0xBB, 0xD7, 0xBB, 0xD7, 0xBB, 0xD7, 0xBB, 0xD7, 0xBB,
    0xD7, 0xBB, 0xD7, 0xBB, 0xD7, 0xBB, 0xD7, 0xBB, 0xD7, 0xBB, 0xD7, 0xBB, 0xD7, 0xBB, 0xD7, 0xBB,
    0xD7, 0xBB, 0xD7, 0xBB, 0xD7, 0xBB, 0xD7, 0xBB, 0xD7, 0xBB, 0xD7, 0xBB, 0xD7, 0xBB, 0xD7, 0xBB,
    0xD7, 0xBB, 0xD7, 0xBB, 0xD7, 0xBB, 0xD7, 0xBB, 0xD7, 0xBB, 0xD7, 0xBB, 0xD7, 0xBB, 0xD7, 0xBB,
    0xD7, 0xBB, 0xD7, 0xBB, 0xD7, 0xBB, 0xD7, 0xBB, 0xD7, 0xBB, 0xD7, 0xBB, 0xD7, 0xBB, 0xD7, 0xBB,
    0xD7, 0xBB, 0xD7, 0xBB, 0xD7, 0xBB, 0xD7, 0xBB, 0xD7, 0xBB, 0xD7, 0xBB, 0xD7, 0xBB, 0xD7, 0xBB,
    0xD7, 0xBB, 0xD7, 0xBB, 0xD7, 0xBB, 0xD7, 0xBB, 0xD7, 0xBB, 0xD7, 0xBB, 0xD7, 0xBB, 0xD7, 0xBB,
    0xD7, 0xBB, 0xD7, 0xBB, 0xD7, 0xBB, 0xD7, 0xBB, 0xD7, 0xBB, 0xD7, 0xBB, 0xD7, 0xBB, 0xD7, 0xBB,
    0xD7, 0xBB, 0xD7, 0xBB, 0xD7, 0xBB, 0xD7, 0xBB, 0xD7, 0xBB, 0xD7, 0xBB, 0xD7, 0xBB, 0xD7, 0xBB,
    0xD7, 0xBB, 0xD7, 0xBB, 0xD7, 0xBB, 0xD7, 0xBB, 0xD7, 0xBB, 0xD7, 0xBB, 0xD7, 0xBB, 0xD7, 0xBB,
    0xD7, 0xBB, 0xD7, 0xBB, 0xD7, 0xBB, 0xD7, 0xBB, 0xD7, 0xBB, 0xD7, 0xBB, 0xD7, 0xBB, 0xD7, 0xBB,
    0xD7, 0xBB, 0xD7, 0xBB, 0xD7, 0xBB, 0xD7, 0xBB, 0xD7, 0xBB, 0xD7, 0xBB, 0xD7, 0xBB, 0xD7, 0xBB,
    0xD7, 0xBB, 0xD7, 0xBB, 0xD7, 0xBB, 0xD7, 0xBB, 0xD7, 0xBB, 0xD7, 0xBB, 0xD7, 0xBB, 0xD7, 0xBB,
    0xD7, 0xBB, 0xD7, 0xBB, 0xD7, 0xBB, 0xD7, 0xBB, 0xD7, 0xBB, 0xD7, 0xBB, 0xD7, 0xBB, 0xD7, 0xBB,
    0xD7, 0xBB, 0xD7, 0xBB, 0xD7, 0xBB, 0xD7, 0xBB, 0xD7, 0xBB, 0xD7, 0xBB, 0xD7, 0xBB, 0xD7, 0xBB,
    0xD7, 0xBB, 0xD7, 0xBB, 0xD7, 0xBB, 0xD7, 0xBB, 0xD7, 0xBB, 0xD7, 0xBB, 0xD7, 0xBB, 0xD7, 0xBB,
    0xD7, 0xBB, 0xD7, 0xBB, 0xD7, 0xBB, 0xD7, 0xBB, 0xD7, 0xBB, 0xD7, 0xBB, 0xD7, 0xBB, 0xD7, 0xBB,
    0xD7, 0xBB, 0xD7, 0xBB, 0xD7, 0xBB, 0xD7, 0xBB, 0xD7, 0xBB, 0xD7, 0xBB, 0xD7, 0xBB, 0xD7, 0xBB,
    0xD7, 0xBB, 0xF7, 0xBB, 0xD7, 0xBB, 0x18, 0xBC, 0x7A, 0xAC, 0xFB, 0x8C, 0x1C, 0x65, 0xFB, 0x64,
    0x1B, 0x6D, 0xFB, 0x84, 0xDA, 0xA4, 0x58, 0xBC, 0xD7, 0xBB, 0xD8, 0xBB, 0xD7, 0xBB, 0xD7, 0xBB,
    0xD7, 0xBB, 0xD7, 0xBB, 0xD7, 0xBB, 0xD7, 0xBB, 0xD7, 0xBB, 0xD7, 0xBB, 0xD7, 0xBB, 0xD7, 0xBB,
    0xD7, 0xBB, 0xD7, 0xBB, 0xD7, 0xBB, 0xD7, 0xBB, 0xD7, 0xBB, 0xD7, 0xBB, 0xD7, 0xBB, 0xD8, 0xBB,
    0xD7, 0xBB, 0xD7, 0xBB, 0xF7, 0xBB, 0xD7, 0xBB, 0xD7, 0xBB, 0xD7, 0xBB, 0xD7, 0xBB, 0xD7, 0xBB,
    0xD7, 0xBB, 0xD7, 0xBB, 0xD7, 0xBB, 0xD7, 0xBB, 0xD7, 0xBB, 0xD7, 0xBB, 0xD7, 0xBB, 0xD7, 0xBB,
    0xD7, 0xBB, 0xD7, 0xBB, 0xD7, 0xBB, 0xD7, 0xBB, 0xD7, 0xBB, 0xD7, 0xBB, 0xD7, 0xBB, 0xD7, 0xBB,
    0xD7, 0xBB, 0xD7, 0xBB, 0xD7, 0xBB, 0xD7, 0xBB, 0xD7, 0xBB, 0xD7, 0xBB, 0xD7, 0xBB, 0xD7, 0xBB,
    0x97, 0xBB, 0x58, 0xA4, 0x1B, 0x96, 0xB1, 0x4B, 0xE6, 0x08, 0xC9, 0x31, 0xB2, 0x8C, 0x38, 0x75,
    0x7B, 0x6D, 0x5A, 0x65, 0x3A, 0x5D, 0x1A, 0x55, 0x1A, 0x4D, 0xFA, 0x44, 0xFA, 0x44, 0xFA, 0x3C,
    0xD9, 0x3C, 0xD9, 0x3C, 0xD9, 0x3C, 0xD9, 0x3C, 0xD9, 0x3C, 0xD9, 0x3C, 0xF9, 0x3C, 0xF9, 0x3C,
    0x1A, 0x3D, 0x8F, 0x43, 0xD1, 0x5B, 0x1A, 0x65, 0xD8, 0x5C, 0xD8, 0x5C, 0xAE, 0x32, 0x84, 0x00,
    0x07, 0x09, 0x63, 0x00, 0x21, 0x00, 0x84, 0x08, 0x63, 0x00, 0x63, 0x00, 0xA4, 0x08, 0x63, 0x08,
    0x63, 0x00, 0x63, 0x08, 0xA5, 0x08, 0xE6, 0x08, 0xCB, 0x11, 0xAA, 0x11, 0x0C, 0x12, 0xD0, 0x22,
    0xF5, 0x3B, 0x3A, 0x55, 0xBC, 0x65, 0xFC, 0x75, 0x3C, 0x7E, 0x7D, 0xC6, 0x96, 0xB3, 0xD7, 0xBB,
    0xD7, 0xBB, 0xD7, 0xBB, 0xAD, 0x62, 0xC7, 0x39, 0x2C, 0x73, 0xE8, 0x39, 0xDA, 0x6D, 0xDF, 0x7E,
    0x7D, 0x7E, 0xDE, 0x8E, 0xBE, 0x86, 0x5A, 0x55, 0xAF, 0x1A, 0x48, 0x09, 0x06, 0x09, 0x47, 0x09,
    0x10, 0x23, 0x76, 0x44, 0x9B, 0x5D, 0x5E, 0x76, 0x9E, 0x7E, 0x9E, 0x86, 0xBE, 0x86, 0x1E, 0x9F,
    0x7E, 0xC6, 0xB6, 0xB3, 0xB7, 0xBB, 0xF7, 0xBB, 0xD7, 0xBB, 0xD7, 0xBB, 0xD7, 0xBB, 0xD7, 0xBB,
    0xD7, 0xBB, 0xD7, 0xBB, 0xD7, 0xBB, 0xD7, 0xBB, 0xD7, 0xBB, 0xD7, 0xBB, 0xD7, 0xBB, 0xD7, 0xBB,
    0xD7, 0xBB, 0xD7, 0xBB, 0xD7, 0xBB, 0xD7, 0xBB, 0xD7, 0xBB, 0xD7, 0xBB, 0xD7, 0xBB, 0xD7, 0xBB,
    0xD7, 0xBB, 0xD7, 0xBB, 0xD7, 0xBB, 0xD7, 0xBB, 0xD7, 0xBB, 0xD7, 0xBB, 0xD7, 0xBB, 0xD7, 0xBB,
    0xD7, 0xBB, 0xD7, 0xBB, 0xD7, 0xBB, 0xD7, 0xBB, 0xD7, 0xBB, 0xD7, 0xBB, 0xD7, 0xBB, 0xD7, 0xBB,
    0xD7, 0xBB, 0xD7, 0xBB, 0xD7, 0xBB, 0xD7, 0xBB, 0xD7, 0xBB, 0xD7, 0xBB, 0xD7, 0xBB, 0xD7, 0xBB,
    0xD7, 0xBB, 0xD7, 0xBB, 0xD7, 0xBB, 0xD7, 0xBB, 0xD7, 0xBB, 0xD7, 0xBB, 0xD7, 0xBB, 0xD7, 0xBB,
    0xD7, 0xBB, 0xD7, 0xBB, 0xD7, 0xBB, 0xD7, 0xBB, 0xD7, 0xBB, 0xD7, 0xBB, 0xD7, 0xBB, 0xD7, 0xBB,
    0xD7, 0xBB, 0xD7, 0xBB, 0xD7, 0xBB, 0xD7, 0xBB, 0xD7, 0xBB, 0xD7, 0xBB, 0xD7, 0xBB, 0xD7, 0xBB,
    0xD7, 0xBB, 0xD7, 0xBB, 0xD7, 0xBB, 0xD7, 0xBB, 0xD7, 0xBB, 0xD7, 0xBB, 0xD7, 0xBB, 0xD7, 0xBB,
    0xD7, 0xBB, 0xD7, 0xBB, 0xD7, 0xBB, 0xD7, 0xBB, 0xD7, 0xBB, 0xD7, 0xBB, 0xD7, 0xBB, 0xD7, 0xBB,
    0xD7, 0xBB, 0xD7, 0xBB, 0xD7, 0xBB, 0xD7, 0xBB, 0xD7, 0xBB, 0xD7, 0xBB, 0xD7, 0xBB, 0xD7, 0xBB,
    0xD7, 0xBB, 0xD7, 0xBB, 0xD7, 0xBB, 0xD7, 0xBB, 0xD7, 0xBB, 0xD7, 0xBB, 0xD7, 0xBB, 0xD7, 0xBB,
    0xD7, 0xBB, 0xD7, 0xBB, 0xD7, 0xBB, 0xD7, 0xBB, 0xD7, 0xBB, 0xD7, 0xBB, 0xD7, 0xBB, 0xD7, 0xBB,
    0xD7, 0xBB, 0xD7, 0xBB, 0xD7, 0xBB, 0xD7, 0xBB, 0xD7, 0xBB, 0xD7, 0xBB, 0xD7, 0xBB, 0xD7, 0xBB,
    0xD7, 0xBB, 0xD7, 0xBB, 0xD7, 0xBB, 0xD7, 0xBB, 0xD7, 0xBB, 0xD7, 0xBB, 0xD7, 0xBB, 0xD7, 0xBB,
    0xD7, 0xBB, 0xD7, 0xBB, 0xD7, 0xBB, 0xD7, 0xBB, 0xD7, 0xBB, 0xD7, 0xBB, 0xD7, 0xBB, 0xD7, 0xBB,
    0xD7, 0xBB, 0xD7, 0xBB, 0xD7, 0xBB, 0xD7, 0xBB, 0xD7, 0xBB, 0xD7, 0xBB, 0xD7, 0xBB, 0xD7, 0xBB,
    0xD7, 0xBB, 0xD7, 0xBB, 0xD7, 0xBB, 0xD7, 0xBB, 0xD7, 0xBB, 0xD7, 0xBB, 0xD7, 0xBB, 0xD7, 0xBB,
    0xD7, 0xBB, 0xD7, 0xBB, 0xD7, 0xBB, 0xD7, 0xBB, 0xD7, 0xBB, 0xD7, 0xBB, 0xD7, 0xBB, 0xD7, 0xBB,
    0xD7, 0xBB, 0xD7, 0xBB, 0xD7, 0xBB, 0xD7, 0xBB, 0xD7, 0xBB, 0xD7, 0xBB, 0xD7, 0xBB, 0xD7, 0xBB,
    0xD7, 0xBB, 0xD7, 0xBB, 0xD7, 0xBB, 0xD7, 0xBB, 0xD7, 0xBB, 0xD7, 0xBB, 0xD7, 0xBB, 0xD7, 0xBB,
    0xD7, 0xBB, 0xD7, 0xBB, 0xD7, 0xBB, 0xD7, 0xBB, 0xD7, 0xBB, 0xD7, 0xBB, 0xD7, 0xBB, 0xD7, 0xBB,
    0xD7, 0xBB, 0xD7, 0xBB, 0xD7, 0xBB, 0xD7, 0xBB, 0xD7, 0xBB, 0xD7, 0xBB, 0xD7, 0xBB, 0xD7, 0xBB,
    0xD7, 0xBB, 0xD7, 0xBB, 0xD7, 0xBB, 0xD7, 0xBB, 0xD7, 0xBB, 0xD7, 0xBB, 0xD7, 0xBB, 0xD7, 0xBB,
    0xD7, 0xBB, 0xD7, 0xBB, 0xD7, 0xBB, 0xD7, 0xBB, 0xD7, 0xBB, 0xD7, 0xBB, 0xD7, 0xBB, 0xD7, 0xBB,
    0xD7, 0xBB, 0xD7, 0xBB, 0xD7, 0xBB, 0xD7, 0xBB, 0xD7, 0xBB, 0xD7, 0xBB, 0xD7, 0xBB, 0xD7, 0xBB,
    0xD7, 0xBB, 0xD7, 0xBB, 0xD7, 0xBB, 0xD7, 0xBB, 0xD7, 0xBB, 0xD7, 0xBB, 0xD7, 0xBB, 0xD7, 0xBB,
    0xD7, 0xBB, 0xD7, 0xBB, 0xD7, 0xBB, 0xD7, 0xBB, 0xD7, 0xBB, 0xD7, 0xBB, 0xD7, 0xBB, 0xD7, 0xBB,
    0xD7, 0xBB, 0xD7, 0xBB, 0xD7, 0xBB, 0xD7, 0xBB, 0xD7, 0xBB, 0xD7, 0xBB, 0xD7, 0xBB, 0xD7, 0xBB,
    0xD7, 0xAB, 0x5C, 0xAE, 0x2F, 0x3B, 0x84, 0x00, 0xE6, 0x08, 0x29, 0x09, 0x8E, 0x6B, 0x72, 0x7C,
    0x97, 0x5C, 0x97, 0x54, 0x76, 0x54, 0x56, 0x4C, 0x56, 0x4C, 0x56, 0x44, 0x56, 0x3C, 0x36, 0x34,
    0x36, 0x34, 0x16, 0x34, 0xF6, 0x33, 0xF5, 0x2B, 0xF5, 0x2B, 0xF5, 0x33, 0xF5, 0x33, 0x16, 0x34,
    0x15, 0x3C, 0x2C, 0x4B, 0x95, 0x5C, 0x19, 0x65, 0xF8, 0x64, 0xD3, 0x4B, 0x42, 0x00, 0x22, 0x00,
    0x43, 0x00, 0x43, 0x00, 0x22, 0x00, 0x42, 0x00, 0x84, 0x00, 0xA4, 0x00, 0x63, 0x00, 0x22, 0x00,
    0x42, 0x00, 0x64, 0x00, 0x85, 0x00, 0x28, 0x09, 0x06, 0x11, 0x63, 0x00, 0x27, 0x11, 0xA9, 0x19,
    0xEE, 0x42, 0x94, 0x7C, 0x79, 0x75, 0xDC, 0x6D, 0x7D, 0x8E, 0x1A, 0xB5, 0x97, 0xBB, 0xD7, 0xBB,
    0xD7, 0xBB, 0xD7, 0xBB, 0xCC, 0x39, 0xAA, 0x09, 0xCA, 0x21, 0x52, 0x6B, 0x9C, 0xA5, 0x5B, 0x9D,
    0x3A, 0x9D, 0x5A, 0x9D, 0x7B, 0xA5, 0x3D, 0xAE, 0x0A, 0x2A, 0xC5, 0x08, 0x84, 0x08, 0xE6, 0x08,
    0x0C, 0x0A, 0x8A, 0x09, 0x89, 0x11, 0x31, 0x2B, 0xD7, 0x54, 0x1C, 0x76, 0x1D, 0x9E, 0xFA, 0xA4,
    0x96, 0xB3, 0xB7, 0xBB, 0xD7, 0xBB, 0xD7, 0xBB, 0xD7, 0xBB, 0xD7, 0xBB, 0xD7, 0xBB, 0xD7, 0xBB,
    0xD7, 0xBB, 0xD7, 0xBB, 0xD7, 0xBB, 0xD7, 0xBB, 0xD7, 0xBB, 0xD7, 0xBB, 0xD7, 0xBB, 0xD7, 0xBB,
    0xD7, 0xBB, 0xD7, 0xBB, 0xD7, 0xBB, 0xD7, 0xBB, 0xD7, 0xBB, 0xD7, 0xBB, 0xD7, 0xBB, 0xD7, 0xBB,
    0xD7, 0xBB, 0xD7, 0xBB, 0xD7, 0xBB, 0xD7, 0xBB, 0xD7, 0xBB, 0xD7, 0xBB, 0xD7, 0xBB, 0xD7, 0xBB,
    0xF7, 0xBB, 0xF7, 0xBB, 0xF7, 0xBB, 0xF7, 0xBB, 0xF7, 0xBB, 0xF7, 0xBB, 0xF7, 0xBB, 0xF7, 0xBB,
    0xF7, 0xBB, 0xF7, 0xBB, 0xF7, 0xBB, 0xF7, 0xBB, 0xF7, 0xBB, 0xF7, 0xBB, 0xF7, 0xBB, 0xF7, 0xBB,
    0xF7, 0xBB, 0xF7, 0xBB, 0xF7, 0xBB, 0xF7, 0xBB, 0xF7, 0xBB, 0xF7, 0xBB, 0xF7, 0xBB, 0xF7, 0xBB,
    0xF7, 0xBB, 0xF7, 0xBB, 0xF7, 0xBB, 0xF7, 0xBB, 0xF7, 0xBB, 0xF7, 0xBB, 0xF7, 0xBB, 0xF7, 0xBB,
    0xF7, 0xBB, 0xF7, 0xBB, 0xF7, 0xBB, 0xF7, 0xBB, 0xF7, 0xBB, 0xF7, 0xBB, 0xF7, 0xBB, 0xF7, 0xBB,
    0xF7, 0xBB, 0xF7, 0xBB, 0xF7, 0xBB, 0xF7, 0xBB, 0xF7, 0xBB, 0xF7, 0xBB, 0xF7, 0xBB, 0xF7, 0xBB,
    0xF7, 0xBB, 0xF7, 0xBB, 0xF7, 0xBB, 0xF7, 0xBB, 0xF7, 0xBB, 0xF7, 0xBB, 0xF7, 0xBB, 0xF7, 0xBB,
    0xF7, 0xBB, 0xF7, 0xBB, 0xF7, 0xBB, 0xF7, 0xBB, 0xF7, 0xBB, 0xF7, 0xBB, 0xF7, 0xBB, 0xF7, 0xBB,
    0xF7, 0xBB, 0xF7, 0xBB, 0xF7, 0xBB, 0xF7, 0xBB, 0xF7, 0xBB, 0xF7, 0xBB, 0xF7, 0xBB, 0xF7, 0xBB,
    0xF7, 0xBB, 0xF7, 0xBB, 0xF7, 0xBB, 0xF7, 0xBB, 0xF7, 0xBB, 0xF7, 0xBB, 0xF7, 0xBB, 0xF7, 0xBB,
    0xF7, 0xBB, 0xF7, 0xBB, 0xF7, 0xBB, 0xF7, 0xBB, 0xF7, 0xBB, 0xF7, 0xBB, 0xF7, 0xBB, 0xF7, 0xBB,
    0xF7, 0xBB, 0xF7, 0xBB, 0xF7, 0xBB, 0xF7, 0xBB, 0xF7, 0xBB, 0xF7, 0xBB, 0xF7, 0xBB, 0xF7, 0xBB,
    0xF7, 0xBB, 0xF7, 0xBB, 0xF7, 0xBB, 0xF7, 0xBB, 0xF7, 0xBB, 0xF7, 0xBB, 0xF7, 0xBB, 0xF7, 0xBB,
    0xF7, 0xBB, 0xF7, 0xBB, 0xF7, 0xBB, 0xF7, 0xBB, 0xF7, 0xBB, 0xF7, 0xBB, 0xF7, 0xBB, 0xF7, 0xBB,
    0xF7, 0xBB, 0xF7, 0xBB, 0xF7, 0xBB, 0xF7, 0xBB, 0xF7, 0xBB, 0xF7, 0xBB, 0xF7, 0xBB, 0xF7, 0xBB,
    0xF7, 0xBB, 0xF7, 0xBB, 0xF7, 0xBB, 0xF7, 0xBB, 0xF7, 0xBB, 0xF7, 0xBB, 0xF7, 0xBB, 0xF7, 0xBB,
    0xF7, 0xBB, 0xF7, 0xBB, 0xF7, 0xBB, 0xF7, 0xBB, 0xF7, 0xBB, 0xF7, 0xBB, 0xF7, 0xBB, 0xF7, 0xBB,
    0xF7, 0xBB, 0xF7, 0xBB, 0xF7, 0xBB, 0xF7, 0xBB, 0xF7, 0xBB, 0xF7, 0xBB, 0xF7, 0xBB, 0xF7, 0xBB,
    0xF7, 0xBB, 0xF7, 0xBB, 0xF7, 0xBB, 0xF7, 0xBB, 0xF7, 0xBB, 0xF7, 0xBB, 0xF7, 0xBB, 0xF7, 0xBB,
    0xF7, 0xBB, 0xF7, 0xBB, 0xF7, 0xBB, 0xF7, 0xBB, 0xF7, 0xBB, 0xF7, 0xBB, 0xF7, 0xBB, 0xF7, 0xBB,
    0xF7, 0xBB, 0xF7, 0xBB, 0xF7, 0xBB, 0xF7, 0xBB, 0xF7, 0xBB, 0xF7, 0xBB, 0xF7, 0xBB, 0xF7, 0xBB,
    0xF7, 0xBB, 0xF7, 0xBB, 0xF7, 0xBB, 0xF7, 0xBB, 0xF7, 0xBB, 0xF7, 0xBB, 0xF7, 0xBB, 0xF7, 0xBB,
    0xF7, 0xBB, 0xF7, 0xBB, 0xF7, 0xBB, 0xF7, 0xBB, 0xF7, 0xBB, 0xF7, 0xBB, 0xF7, 0xBB, 0xF7, 0xBB,
    0xF7, 0xBB, 0xF7, 0xBB, 0xF7, 0xBB, 0xF7, 0xBB, 0xF7, 0xBB, 0xF7, 0xBB, 0xF7, 0xBB, 0xF7, 0xBB,
    0xF7, 0xBB, 0xF7, 0xBB, 0xF7, 0xBB, 0xF7, 0xBB, 0xF7, 0xBB, 0xF7, 0xBB, 0xF7, 0xBB, 0xF7, 0xBB,
    0xF7, 0xBB, 0xF7, 0xBB, 0xF7, 0xBB, 0xF7, 0xBB, 0xF7, 0xBB, 0xF7, 0xBB, 0xF7, 0xBB, 0x96, 0xB3,
    0x1C, 0xCE, 0xD6, 0x6C, 0xAA, 0x11, 0x8D, 0x2A, 0x71, 0x43, 0xEE, 0x4A, 0x8C, 0x3A, 0x0F, 0x84,
    0xD7, 0x74, 0x19, 0x6D, 0xF8, 0x64, 0xD8, 0x5C, 0xB7, 0x5C, 0x97, 0x54, 0x77, 0x4C, 0x77, 0x44,
    0x57, 0x3C, 0x57, 0x34, 0x37, 0x34, 0x36, 0x2C, 0x36, 0x34, 0x36, 0x34, 0x36, 0x34, 0x58, 0x34,
    0xB1, 0x3B, 0x4D, 0x53, 0xF8, 0x64, 0xD8, 0x64, 0xB7, 0x64, 0x67, 0x19, 0x00, 0x00, 0x01, 0x00,
    0x00, 0x00, 0x01, 0x00, 0x42, 0x00, 0x22, 0x00, 0x21, 0x00, 0x42, 0x00, 0x42, 0x00, 0x42, 0x00,
    0x84, 0x00, 0xE7, 0x00, 0x28, 0x09, 0x4C, 0x2A, 0xB1, 0x5B, 0x09, 0x3A, 0x06, 0x11, 0x8C, 0x3A,
    0x12, 0x6C, 0xB0, 0xB4, 0x33, 0xAD, 0xDB, 0x7D, 0x1E, 0xA6, 0xB7, 0xB3, 0xF7, 0xBB, 0xF7, 0xBB,
    0xF7, 0xBB, 0xD8, 0xBB, 0x4E, 0x4A, 0x69, 0x01, 0x49, 0x21, 0x75, 0xAB, 0x97, 0xBB, 0x96, 0xBB,
    0x97, 0xBB, 0x97, 0xBB, 0x96, 0xB3, 0xD8, 0xBB, 0xCB, 0x49, 0x63, 0x00, 0x63, 0x00, 0xA4, 0x00,
    0xEB, 0x11, 0x68, 0x11, 0xAA, 0x19, 0x89, 0x11, 0xD0, 0x0A, 0xB6, 0x73, 0x96, 0xBB, 0x96, 0xBB,
    0xF7, 0xBB, 0xF7, 0xBB, 0xF7, 0xBB, 0xF7, 0xBB, 0xF7, 0xBB, 0xF7, 0xBB, 0xF7, 0xBB, 0xF7, 0xBB,
    0xF7, 0xBB, 0xF7, 0xBB, 0xF7, 0xBB, 0xF7, 0xBB, 0xF7, 0xBB, 0xF7, 0xBB, 0xF7, 0xBB, 0xF7, 0xBB,
    0xF7, 0xBB, 0xF7, 0xBB, 0xF7, 0xBB, 0xF7, 0xBB, 0xF7, 0xBB, 0xF7, 0xBB, 0xF7, 0xBB, 0xF7, 0xBB,
    0xF7, 0xBB, 0xF7, 0xBB, 0xF7, 0xBB, 0xF7, 0xBB, 0xF7, 0xBB, 0xF7, 0xBB, 0xF7, 0xBB, 0xF7, 0xBB,
    0xF8, 0xBB, 0xF8, 0xBB, 0xF8, 0xBB, 0xF8, 0xBB, 0xF8, 0xBB, 0xF8, 0xBB, 0xF8, 0xBB, 0xF8, 0xBB,
    0xF8, 0xBB, 0xF8, 0xBB, 0xF8, 0xBB, 0xF8, 0xBB, 0xF8, 0xBB, 0xF8, 0xBB, 0xF8, 0xBB, 0xF8, 0xBB,
    0xF8, 0xBB, 0xF8, 0xBB, 0xF8, 0xBB, 0xF8, 0xBB, 0xF8, 0xBB, 0xF8, 0xBB, 0xF8, 0xBB, 0xF8, 0xBB,
    0xF8, 0xBB, 0xF8, 0xBB, 0xF8, 0xBB, 0xF8, 0xBB, 0xF8, 0xBB, 0xF8, 0xBB, 0xF8, 0xBB, 0xF8, 0xBB,
    0xF8, 0xBB, 0xF8, 0xBB, 0xF8, 0xBB, 0xF8, 0xBB, 0xF8, 0xBB, 0xF8, 0xBB, 0xF8, 0xBB, 0xF8, 0xBB,
    0xF8, 0xBB, 0xF8, 0xBB, 0xF8, 0xBB, 0xF8, 0xBB, 0xF8, 0xBB, 0xF8, 0xBB, 0xF8, 0xBB, 0xF8, 0xBB,
    0xF8, 0xBB, 0xF8, 0xBB, 0xF8, 0xBB, 0xF8, 0xBB, 0xF8, 0xBB, 0xF8, 0xBB, 0xF8, 0xBB, 0xF8, 0xBB,
    0xF8, 0xBB, 0xF8, 0xBB, 0xF8, 0xBB, 0xF8, 0xBB, 0xF8, 0xBB, 0xF8, 0xBB, 0xF8, 0xBB, 0xF8, 0xBB,
    0xF8, 0xBB, 0xF8, 0xBB, 0xF8, 0xBB, 0xF8, 0xBB, 0xF8, 0xBB, 0xF8, 0xBB, 0xF8, 0xBB, 0xF8, 0xBB,
    0xF8, 0xBB, 0xF8, 0xBB, 0xF8, 0xBB, 0xF8, 0xBB, 0xF8, 0xBB, 0xF8, 0xBB, 0xF8, 0xBB, 0xF8, 0xBB,
    0xF8, 0xBB, 0xF8, 0xBB, 0xF8, 0xBB, 0xF8, 0xBB, 0xF8, 0xBB, 0xF8, 0xBB, 0xF8, 0xBB, 0xF8, 0xBB,
    0xF8, 0xBB, 0xF8, 0xBB, 0xF8, 0xBB, 0xF8, 0xBB, 0xF8, 0xBB, 0xF8, 0xBB, 0xF8, 0xBB, 0xF8, 0xBB,
    0xF8, 0xBB, 0xF8, 0xBB, 0xF8, 0xBB, 0xF8, 0xBB, 0xF8, 0xBB, 0xF8, 0xBB, 0xF8, 0xBB, 0xF8, 0xBB,
    0xF8, 0xBB, 0xF8, 0xBB, 0xF8, 0xBB, 0xF8, 0xBB, 0xF8, 0xBB, 0xF8, 0xBB, 0xF8, 0xBB, 0xF8, 0xBB,
    0xF8, 0xBB, 0xF8, 0xBB, 0xF8, 0xBB, 0xF8, 0xBB, 0xF8, 0xBB, 0xF8, 0xBB, 0xF8, 0xBB, 0xF8, 0xBB,
    0xF8, 0xBB, 0xF8, 0xBB, 0xF8, 0xBB, 0xF8, 0xBB, 0xF8, 0xBB, 0xF8, 0xBB, 0xF8, 0xBB, 0xF8, 0xBB,
    0xF8, 0xBB, 0xF8, 0xBB, 0xF8, 0xBB, 0xF8, 0xBB, 0xF8, 0xBB, 0xF8, 0xBB, 0xF8, 0xBB, 0xF8, 0xBB,
    0xF8, 0xBB, 0xF8, 0xBB, 0xF8, 0xBB, 0xF8, 0xBB, 0xF8, 0xBB, 0xF8, 0xBB, 0xF8, 0xBB, 0xF8, 0xBB,
    0xF8, 0xBB, 0xF8, 0xBB, 0xF8, 0xBB, 0xF8, 0xBB, 0xF8, 0xBB, 0xF8, 0xBB, 0xF8, 0xBB, 0xF8, 0xBB,
    0xF8, 0xBB, 0xF8, 0xBB, 0xF8, 0xBB, 0xF8, 0xBB, 0xF8, 0xBB, 0xF8, 0xBB, 0xF8, 0xBB, 0xF8, 0xBB,
    0xF8, 0xBB, 0xF8, 0xBB, 0xF8, 0xBB, 0xF8, 0xBB, 0xF8, 0xBB, 0xF8, 0xBB, 0xF8, 0xBB, 0xF8, 0xBB,
    0xF8, 0xBB, 0xF8, 0xBB, 0xF8, 0xBB, 0xF8, 0xBB, 0xF8, 0xBB, 0xF8, 0xBB, 0xF8, 0xBB, 0xF8, 0xBB,
    0xF8, 0xBB, 0xF8, 0xBB, 0xF8, 0xBB, 0xF8, 0xBB, 0xF8, 0xBB, 0xF8, 0xBB, 0xF8, 0xBB, 0xF8, 0xBB,
    0xF8, 0xBB, 0xF8, 0xBB, 0xF8, 0xBB, 0xF8, 0xBB, 0xF8, 0xBB, 0xF8, 0xBB, 0xF8, 0xBB, 0xF8, 0xBB,
    0xF8, 0xBB, 0xF8, 0xBB, 0xF8, 0xBB, 0xF8, 0xBB, 0xF8, 0xBB, 0xF8, 0xBB, 0xF8, 0xBB, 0xF8, 0xBB,
    0xF8, 0xBB, 0xF8, 0xBB, 0xF8, 0xBB, 0xF8, 0xBB, 0xF8, 0xBB, 0xF8, 0xBB, 0xD7, 0xBB, 0x58, 0xBC,
    0xFD, 0xBE, 0x50, 0x3B, 0x90, 0x5B, 0x96, 0x5C, 0x35, 0x9D, 0xB1, 0xA4, 0xC9, 0x21, 0xEB, 0x52,
    0x72, 0x7C, 0x1A, 0x65, 0xF9, 0x64, 0xF8, 0x5C, 0xD8, 0x5C, 0xB8, 0x54, 0xB8, 0x4C, 0x98, 0x44,
    0x98, 0x3C, 0x98, 0x34, 0x78, 0x34, 0x78, 0x34, 0x78, 0x34, 0x98, 0x34, 0x98, 0x34, 0x99, 0x3C,
    0x4E, 0x43, 0xD1, 0x53, 0x19, 0x65, 0xD8, 0x64, 0x91, 0x4B, 0x00, 0x00, 0x22, 0x00, 0x42, 0x00,
    0x42, 0x00, 0x27, 0x19, 0xC4, 0x08, 0x00, 0x00, 0x01, 0x00, 0x00, 0x00, 0x00, 0x00, 0x22, 0x00,
    0xC5, 0x08, 0x06, 0x11, 0x88, 0x21, 0x2A, 0x3A, 0x94, 0x74, 0xAF, 0x6B, 0xAB, 0x52, 0xC9, 0x21,
    0x33, 0x64, 0x70, 0x94, 0x30, 0xC5, 0x1A, 0xBE, 0xF8, 0xAB, 0xB7, 0xBB, 0xF8, 0xBB, 0xF8, 0xBB,
    0xF8, 0xBB, 0xF8, 0xC3, 0xB1, 0x62, 0x49, 0x09, 0x4F, 0x6A, 0xF8, 0xC3, 0xF8, 0xBB, 0xF8, 0xBB,
    0xF8, 0xBB, 0xF8, 0xBB, 0xF8, 0xBB, 0xF8, 0xC3, 0xEC, 0x51, 0x42, 0x00, 0x21, 0x00, 0xE7, 0x00,
    0xAA, 0x09, 0x47, 0x11, 0xEB, 0x19, 0x0B, 0x12, 0xB5, 0x53, 0xB7, 0xB3, 0xF8, 0xBB, 0xF8, 0xBB,
    0xF7, 0xBB, 0xF8, 0xBB, 0xF8, 0xBB, 0xF8, 0xBB, 0xF8, 0xBB, 0xF8, 0xBB, 0xF8, 0xBB, 0xF8, 0xBB,
    0xF8, 0xBB, 0xF8, 0xBB, 0xF8, 0xBB, 0xF8, 0xBB, 0xF8, 0xBB, 0xF8, 0xBB, 0xF8, 0xBB, 0xF8, 0xBB,
    0xF8, 0xBB, 0xF8, 0xBB, 0xF8, 0xBB, 0xF8, 0xBB, 0xF8, 0xBB, 0xF8, 0xBB, 0xF8, 0xBB, 0xF8, 0xBB,
    0xF8, 0xBB, 0xF8, 0xBB, 0xF8, 0xBB, 0xF8, 0xBB, 0xF8, 0xBB, 0xF8, 0xBB, 0xF8, 0xBB, 0xF8, 0xBB,
    0xF8, 0xBB, 0xF8, 0xBB, 0xF8, 0xBB, 0xF8, 0xBB, 0xF8, 0xBB, 0xF8, 0xBB, 0xF8, 0xBB, 0xF8, 0xBB,
    0xF8, 0xBB, 0xF8, 0xBB, 0xF8, 0xBB, 0xF8, 0xBB, 0xF8, 0xBB, 0xF8, 0xBB, 0xF8, 0xBB, 0xF8, 0xBB,
    0xF8, 0xBB, 0xF8, 0xBB, 0xF8, 0xBB, 0xF8, 0xBB, 0xF8, 0xBB, 0xF8, 0xBB, 0xF8, 0xBB, 0xF8, 0xBB,
    0xF8, 0xBB, 0xF8, 0xBB, 0xF8, 0xBB, 0xF8, 0xBB, 0xF8, 0xBB, 0xF8, 0xBB, 0xF8, 0xBB, 0xF8, 0xBB,
    0xF8, 0xBB, 0xF8, 0xBB, 0xF8, 0xBB, 0xF8, 0xBB, 0xF8, 0xBB, 0xF8, 0xBB, 0xF8, 0xBB, 0xF8, 0xBB,
    0xF8, 0xBB, 0xF8, 0xBB, 0xF8, 0xBB, 0xF8, 0xBB, 0xF8, 0xBB, 0xF8, 0xBB, 0xF8, 0xBB, 0xF8, 0xBB,
    0xF8, 0xBB, 0xF8, 0xBB, 0xF8, 0xBB, 0xF8, 0xBB, 0xF8, 0xBB, 0xF8, 0xBB, 0xF8, 0xBB, 0xF8, 0xBB,
    0xF8, 0xBB, 0xF8, 0xBB, 0xF8, 0xBB, 0xF8, 0xBB, 0xF8, 0xBB, 0xF8, 0xBB, 0xF8, 0xBB, 0xF8, 0xBB,
    0xF8, 0xBB, 0xF8, 0xBB, 0xF8, 0xBB, 0xF8, 0xBB, 0xF8, 0xBB, 0xF8, 0xBB, 0xF8, 0xBB, 0xF8, 0xBB,
    0xF8, 0xBB, 0xF8, 0xBB, 0xF8, 0xBB, 0xF8, 0xBB, 0xF8, 0xBB, 0xF8, 0xBB, 0xF8, 0xBB, 0xF8, 0xBB,
    0xF8, 0xBB, 0xF8, 0xBB, 0xF8, 0xBB, 0xF8, 0xBB, 0xF8, 0xBB, 0xF8, 0xBB, 0xF8, 0xBB, 0xF8, 0xBB,
    0xF8, 0xBB, 0xF8, 0xBB, 0xF8, 0xBB, 0xF8, 0xBB, 0xF8, 0xBB, 0xF8, 0xBB, 0xF8, 0xBB, 0xF8, 0xBB,
    0xF8, 0xBB, 0xF8, 0xBB, 0xF8, 0xBB, 0xF8, 0xBB, 0xF8, 0xBB, 0xF8, 0xBB, 0xF8, 0xBB, 0xF8, 0xBB,
    0xF8, 0xBB, 0xF8, 0xBB, 0xF8, 0xBB, 0xF8, 0xBB, 0xF8, 0xBB, 0xF8, 0xBB, 0xF8, 0xBB, 0xF8, 0xBB,
    0xF8, 0xBB, 0xF8, 0xBB, 0xF8, 0xBB, 0xF8, 0xBB, 0xF8, 0xBB, 0xF8, 0xBB, 0xF8, 0xBB, 0xF8, 0xBB,
    0xF8, 0xBB, 0xF8, 0xBB, 0xF8, 0xBB, 0xF8, 0xBB, 0xF8, 0xBB, 0xF8, 0xBB, 0xF8, 0xBB, 0xF8, 0xBB,
    0xF8, 0xBB, 0xF8, 0xBB, 0xF8, 0xBB, 0xF8, 0xBB, 0xF8, 0xBB, 0xF8, 0xBB, 0xF8, 0xBB, 0xF8, 0xBB,
    0xF8, 0xBB, 0xF8, 0xBB, 0xF8, 0xBB, 0xF8, 0xBB, 0xF8, 0xBB, 0xF8, 0xBB, 0xF8, 0xBB, 0xF8, 0xBB,
    0xF8, 0xBB, 0xF8, 0xBB, 0xF8, 0xBB, 0xF8, 0xBB, 0xF8, 0xBB, 0xF8, 0xBB, 0xF8, 0xBB, 0xF8, 0xBB,
    0xF8, 0xBB, 0xF8, 0xBB, 0xF8, 0xBB, 0xF8, 0xBB, 0xF8, 0xBB, 0xF8, 0xBB, 0xF8, 0xBB, 0xF8, 0xBB,
    0xF8, 0xBB, 0xF8, 0xBB, 0xF8, 0xBB, 0xF8, 0xBB, 0xF8, 0xBB, 0xF8, 0xBB, 0xF8, 0xBB, 0xF8, 0xBB,
    0xF8, 0xBB, 0xF8, 0xBB, 0xF8, 0xBB, 0xF8, 0xBB, 0xF8, 0xBB, 0xF8, 0xBB, 0xF8, 0xBB, 0xF8, 0xBB,
    0xF8, 0xBB, 0xF8, 0xBB, 0xF8, 0xBB, 0xF8, 0xBB, 0xF8, 0xBB, 0xF8, 0xBB, 0xF8, 0xBB, 0xF8, 0xBB,
    0xF8, 0xBB, 0xF8, 0xBB, 0xF8, 0xBB, 0xF8, 0xBB, 0xF8, 0xBB, 0xF8, 0xBB, 0xF8, 0xBB, 0xF8, 0xBB,
    0xF8, 0xBB, 0xF8, 0xBB, 0xF8, 0xBB, 0xF8, 0xBB, 0xF8, 0xBB, 0xF8, 0xBB, 0xF8, 0xBB, 0xF8, 0xBB,
    0xF8, 0xBB, 0xF8, 0xBB, 0xF8, 0xBB, 0xF8, 0xBB, 0xF7, 0xBB, 0xF8, 0xBB, 0x97, 0xB3, 0x59, 0xBD,
    0xF9, 0x8D, 0x4F, 0x4B, 0xB5, 0x6C, 0x38, 0x75, 0x34, 0xAD, 0x6D, 0x6B, 0x06, 0x19, 0x05, 0x19,
    0x8D, 0x73, 0xD8, 0x6C, 0xF9, 0x5C, 0xD8, 0x5C, 0xD8, 0x54, 0xB8, 0x4C, 0xB8, 0x44, 0x98, 0x44,
    0x98, 0x3C, 0x78, 0x34, 0x78, 0x34, 0x78, 0x34, 0x78, 0x34, 0x78, 0x34, 0x98, 0x34, 0x77, 0x3C,
    0xEC, 0x3A, 0x54, 0x5C, 0xD8, 0x64, 0xB7, 0x64, 0xC9, 0x21, 0x00, 0x00, 0x63, 0x00, 0xE7, 0x10,
    0x84, 0x08, 0x63, 0x00, 0x21, 0x00, 0x01, 0x00, 0x01, 0x00, 0x01, 0x00, 0x42, 0x00, 0x84, 0x00,
    0xC5, 0x08, 0xE5, 0x10, 0x26, 0x19, 0x67, 0x21, 0xF2, 0x5B, 0xED, 0x4A, 0x6A, 0x4A, 0x67, 0x19,
    0xEE, 0x3A, 0x12, 0x74, 0xAB, 0x8B, 0x51, 0xA4, 0xB7, 0xB3, 0xF8, 0xBB, 0xF8, 0xBB, 0xF7, 0xBB,
    0xF8, 0xBB, 0xF8, 0xBB, 0x75, 0xA3, 0x34, 0x93, 0xB7, 0xB3, 0xF8, 0xBB, 0xF7, 0xBB, 0xF8, 0xBB,
    0xF8, 0xBB, 0xF8, 0xBB, 0x19, 0xC4, 0x34, 0x9B, 0x06, 0x19, 0x66, 0x21, 0xE4, 0x18, 0xA9, 0x11,
    0x89, 0x11, 0x68, 0x11, 0xEB, 0x19, 0x4D, 0x1A, 0x75, 0x8B, 0xD8, 0xC3, 0xF8, 0xBB, 0xF8, 0xBB,
    0xF8, 0xBB, 0xF8, 0xBB, 0xF8, 0xBB, 0xF8, 0xBB, 0xF8, 0xBB, 0xF8, 0xBB, 0xF8, 0xBB, 0xF8, 0xBB,
    0xF8, 0xBB, 0xF8, 0xBB, 0xF8, 0xBB, 0xF8, 0xBB, 0xF8, 0xBB, 0xF8, 0xBB, 0xF8, 0xBB, 0xF8, 0xBB,
    0xF8, 0xBB, 0xF8, 0xBB, 0xF8, 0xBB, 0xF8, 0xBB, 0xF8, 0xBB, 0xF8, 0xBB, 0xF8, 0xBB, 0xF8, 0xBB,
    0xF8, 0xBB, 0xF8, 0xBB, 0xF8, 0xBB, 0xF8, 0xBB, 0xF8, 0xBB, 0xF8, 0xBB, 0xF8, 0xBB, 0xF8, 0xBB,
    0xF8, 0xBB, 0xF8, 0xBB, 0xF8, 0xBB, 0xF8, 0xBB, 0xF8, 0xBB, 0xF8, 0xBB, 0xF8, 0xBB, 0xF8, 0xBB,
    0xF8, 0xBB, 0xF8, 0xBB, 0xF8, 0xBB, 0xF8, 0xBB, 0xF8, 0xBB, 0xF8, 0xBB, 0xF8, 0xBB, 0xF8, 0xBB,
    0xF8, 0xBB, 0xF8, 0xBB, 0xF8, 0xBB, 0xF8, 0xBB, 0xF8, 0xBB, 0xF8, 0xBB, 0xF8, 0xBB, 0xF8, 0xBB,
    0xF8, 0xBB, 0xF8, 0xBB, 0xF8, 0xBB, 0xF8, 0xBB, 0xF8, 0xBB, 0xF8, 0xBB, 0xF8, 0xBB, 0xF8, 0xBB,
    0xF8, 0xBB, 0xF8, 0xBB, 0xF8, 0xBB, 0xF8, 0xBB, 0xF8, 0xBB, 0xF8, 0xBB, 0xF8, 0xBB, 0xF8, 0xBB,
    0xF8, 0xBB, 0xF8, 0xBB, 0xF8, 0xBB, 0xF8, 0xBB, 0xF8, 0xBB, 0xF8, 0xBB, 0xF8, 0xBB, 0xF8, 0xBB,
    0xF8, 0xBB, 0xF8, 0xBB, 0xF8, 0xBB, 0xF8, 0xBB, 0xF8, 0xBB, 0xF8, 0xBB, 0xF8, 0xBB, 0xF8, 0xBB,
    0xF8, 0xBB, 0xF8, 0xBB, 0xF8, 0xBB, 0xF8, 0xBB, 0xF8, 0xBB, 0xF8, 0xBB, 0xF8, 0xBB, 0xF8, 0xBB,
    0xF8, 0xBB, 0xF8, 0xBB, 0xF8, 0xBB, 0xF8, 0xBB, 0xF8, 0xBB, 0xF8, 0xBB, 0xF8, 0xBB, 0xF8, 0xBB,
    0xF8, 0xBB, 0xF8, 0xBB, 0xF8, 0xBB, 0xF8, 0xBB, 0xF8, 0xBB, 0xF8, 0xBB, 0xF8, 0xBB, 0xF8, 0xBB,
    0xF8, 0xBB, 0xF8, 0xBB, 0xF8, 0xBB, 0xF8, 0xBB, 0xF8, 0xBB, 0xF8, 0xBB, 0xF8, 0xBB, 0xF8, 0xBB,
    0xF8, 0xBB, 0xF8, 0xBB, 0xF8, 0xBB, 0xF8, 0xBB, 0xF8, 0xBB, 0xF8, 0xBB, 0xF8, 0xBB, 0xF8, 0xBB,
    0xF8, 0xBB, 0xF8, 0xBB, 0xF8, 0xBB, 0xF8, 0xBB, 0xF8, 0xBB, 0xF8, 0xBB, 0xF8, 0xBB, 0xF8, 0xBB,
    0xF8, 0xBB, 0xF8, 0xBB, 0xF8, 0xBB, 0xF8, 0xBB, 0xF8, 0xBB, 0xF8, 0xBB, 0xF8, 0xBB, 0xF8, 0xBB,
    0xF8, 0xBB, 0xF8, 0xBB, 0xF8, 0xBB, 0xF8, 0xBB, 0xF8, 0xBB, 0xF8, 0xBB, 0xF8, 0xBB, 0xF8, 0xBB,
    0xF8, 0xBB, 0xF8, 0xBB, 0xF8, 0xBB, 0xF8, 0xBB, 0xF8, 0xBB, 0xF8, 0xBB, 0xF8, 0xBB, 0xF8, 0xBB,
    0xF8, 0xBB, 0xF8, 0xBB, 0xF8, 0xBB, 0xF8, 0xBB, 0xF8, 0xBB, 0xF8, 0xBB, 0xF8, 0xBB, 0xF8, 0xBB,
    0xF8, 0xBB, 0xF8, 0xBB, 0xF8, 0xBB, 0xF8, 0xBB, 0xF8, 0xBB, 0xF8, 0xBB, 0xF8, 0xBB, 0xF8, 0xBB,
    0xF8, 0xBB, 0xF8, 0xBB, 0xF8, 0xBB, 0xF8, 0xBB, 0xF8, 0xBB, 0xF8, 0xBB, 0xF8, 0xBB, 0xF8, 0xBB,
    0xF8, 0xBB, 0xF8, 0xBB, 0xF8, 0xBB, 0xF8, 0xBB, 0xF8, 0xBB, 0xF8, 0xBB, 0xF8, 0xBB, 0xF8, 0xBB,
    0xF8, 0xBB, 0xF8, 0xBB, 0xF8, 0xBB, 0xF8, 0xBB, 0xF8, 0xBB, 0xF8, 0xBB, 0xF8, 0xBB, 0xF8, 0xBB,
    0xF8, 0xBB, 0xF8, 0xBB, 0xF8, 0xBB, 0xF8, 0xBB, 0xF8, 0xBB, 0xF8, 0xBB, 0xF8, 0xBB, 0xF8, 0xBB,
    0xF8, 0xBB, 0xF8, 0xBB, 0xF8, 0xBB, 0xF8, 0xBB, 0xF8, 0xBB, 0xF8, 0xBB, 0xF8, 0xBB, 0xF8, 0xBB,
    0xF8, 0xBB, 0xF8, 0xBB, 0xF8, 0xBB, 0xF8, 0xBB, 0xF8, 0xBB, 0xF8, 0xBB, 0xF8, 0xBB, 0xF8, 0xBB,
    0xF8, 0xBB, 0xF8, 0xBB, 0xF8, 0xBB, 0xF8, 0xBB, 0xF8, 0xBB, 0xF8, 0xBB, 0xF8, 0xBB, 0xF8, 0xBB,
    0xF8, 0xBB, 0xF8, 0xBB, 0xF8, 0xBB, 0xF8, 0xBB, 0xF7, 0xBB, 0xF8, 0xBB, 0x97, 0xBB, 0x7B, 0xB5,
    0xF6, 0x6C, 0x0E, 0x4B, 0xB5, 0x5C, 0xD6, 0x7C, 0xEF, 0x83, 0x6A, 0x4A, 0x27, 0x11, 0xA5, 0x00,
    0xE7, 0x41, 0x53, 0x74, 0x1A, 0x5D, 0xD8, 0x54, 0xD8, 0x54, 0xB8, 0x4C, 0x98, 0x44, 0x98, 0x3C,
    0x98, 0x34, 0x98, 0x34, 0x78, 0x34, 0x78, 0x2C, 0x78, 0x2C, 0x78, 0x2C, 0x99, 0x34, 0x14, 0x34,
    0xEC, 0x3A, 0xB7, 0x64, 0xB7, 0x64, 0x55, 0x5C, 0x68, 0x19, 0x64, 0x00, 0x85, 0x08, 0x07, 0x09,
    0xA4, 0x08, 0x84, 0x08, 0x00, 0x00, 0x00, 0x00, 0x00, 0x00, 0x01, 0x00, 0x64, 0x00, 0xE6, 0x08,
    0xC5, 0x08, 0xE5, 0x08, 0xE6, 0x10, 0xE5, 0x18, 0x2F, 0x43, 0xAD, 0x32, 0x26, 0x19, 0x26, 0x19,
    0xCA, 0x21, 0x91, 0x5B, 0x89, 0x5A, 0x2C, 0x73, 0xD6, 0xAB, 0xF8, 0xBB, 0xF8, 0xBB, 0xF8, 0xBB,
    0xF8, 0xBB, 0xF8, 0xBB, 0xF8, 0xBB, 0xF8, 0xBB, 0xF8, 0xBB, 0xF8, 0xBB, 0xF8, 0xBB, 0xF8, 0xC3,
    0xD8, 0xBB, 0x96, 0xAB, 0x90, 0x72, 0x47, 0x29, 0x62, 0x08, 0x07, 0x3A, 0x86, 0x29, 0x49, 0x42,
    0xE6, 0x08, 0x89, 0x19, 0xEB, 0x19, 0xAF, 0x2A, 0x96, 0x9B, 0xF8, 0xBB, 0xF7, 0xBB, 0xF8, 0xBB,
    0xF8, 0xBB, 0xF8, 0xBB, 0xF8, 0xBB, 0xF8, 0xBB, 0xF8, 0xBB, 0xF8, 0xBB, 0xF8, 0xBB, 0xF8, 0xBB,
    0xF8, 0xBB, 0xF8, 0xBB, 0xF8, 0xBB, 0xF8, 0xBB, 0xF8, 0xBB, 0xF8, 0xBB, 0xF8, 0xBB, 0xF8, 0xBB,
    0xF8, 0xBB, 0xF8, 0xBB, 0xF8, 0xBB, 0xF8, 0xBB, 0xF8, 0xBB, 0xF8, 0xBB, 0xF8, 0xBB, 0xF8, 0xBB,
    0xF8, 0xBB, 0xF8, 0xBB, 0xF8, 0xBB, 0xF8, 0xBB, 0xF8, 0xBB, 0xF8, 0xBB, 0xF8, 0xBB, 0xF8, 0xBB,
    0xF8, 0xBB, 0xF8, 0xBB, 0xF8, 0xBB, 0xF8, 0xBB, 0xF8, 0xBB, 0xF8, 0xBB, 0xF8, 0xBB, 0xF8, 0xBB,
    0xF8, 0xBB, 0xF8, 0xBB, 0xF8, 0xBB, 0xF8, 0xBB, 0xF8, 0xBB, 0xF8, 0xBB, 0xF8, 0xBB, 0xF8, 0xBB,
    0xF8, 0xBB, 0xF8, 0xBB, 0xF8, 0xBB, 0xF8, 0xBB, 0xF8, 0xBB, 0xF8, 0xBB, 0xF8, 0xBB, 0xF8, 0xBB,
    0xF8, 0xBB, 0xF8, 0xBB, 0xF8, 0xBB, 0xF8, 0xBB, 0xF8, 0xBB, 0xF8, 0xBB, 0xF8, 0xBB, 0xF8, 0xBB,
    0xF8, 0xBB, 0xF8, 0xBB, 0xF8, 0xBB, 0xF8, 0xBB, 0xF8, 0xBB, 0xF8, 0xBB, 0xF8, 0xBB, 0xF8, 0xBB,
    0xF8, 0xBB, 0xF8, 0xBB, 0xF8, 0xBB, 0xF8, 0xBB, 0xF8, 0xBB, 0xF8, 0xBB, 0xF8, 0xBB, 0xF8, 0xBB,
    0xF8, 0xBB, 0xF8, 0xBB, 0xF8, 0xBB, 0xF8, 0xBB, 0xF8, 0xBB, 0xF8, 0xBB, 0xF8, 0xBB, 0xF8, 0xBB,
    0xF8, 0xBB, 0xF8, 0xBB, 0xF8, 0xBB, 0xF8, 0xBB, 0xF8, 0xBB, 0xF8, 0xBB, 0xF8, 0xBB, 0xF8, 0xBB,
    0xF8, 0xBB, 0xF8, 0xBB, 0xF8, 0xBB, 0xF8, 0xBB, 0xF8, 0xBB, 0xF8, 0xBB, 0xF8, 0xBB, 0xF8, 0xBB,
    0xF8, 0xBB, 0xF8, 0xBB, 0xF8, 0xBB, 0xF8, 0xBB, 0xF8, 0xBB, 0xF8, 0xBB, 0xF8, 0xBB, 0xF8, 0xBB,
    0xF8, 0xBB, 0xF8, 0xBB, 0xF8, 0xBB, 0xF8, 0xBB, 0xF8, 0xBB, 0xF8, 0xBB, 0xF8, 0xBB, 0xF8, 0xBB,
    0xF8, 0xBB, 0xF8, 0xBB, 0xF8, 0xBB, 0xF8, 0xBB, 0xF8, 0xBB, 0xF8, 0xBB, 0xF8, 0xBB, 0xF8, 0xBB,
    0xF8, 0xBB, 0xF8, 0xBB, 0xF8, 0xBB, 0xF8, 0xBB, 0xF8, 0xBB, 0xF8, 0xBB, 0xF8, 0xBB, 0xF8, 0xBB,
    0xF8, 0xBB, 0xF8, 0xBB, 0xF8, 0xBB, 0xF8, 0xBB, 0xF8, 0xBB, 0xF8, 0xBB, 0xF8, 0xBB, 0xF8, 0xBB,
    0xF8, 0xBB, 0xF8, 0xBB, 0xF8, 0xBB, 0xF8, 0xBB, 0xF8, 0xBB, 0xF8, 0xBB, 0xF8, 0xBB, 0xF8, 0xBB,
    0xF8, 0xBB, 0xF8, 0xBB, 0xF8, 0xBB, 0xF8, 0xBB, 0xF8, 0xBB, 0xF8, 0xBB, 0xF8, 0xBB, 0xF8, 0xBB,
    0xF8, 0xBB, 0xF8, 0xBB, 0xF8, 0xBB, 0xF8, 0xBB, 0xF8, 0xBB, 0xF8, 0xBB, 0xF8, 0xBB, 0xF8, 0xBB,
    0xF8, 0xBB, 0xF8, 0xBB, 0xF8, 0xBB, 0xF8, 0xBB, 0xF8, 0xBB, 0xF8, 0xBB, 0xF8, 0xBB, 0xF8, 0xBB,
    0xF8, 0xBB, 0xF8, 0xBB, 0xF8, 0xBB, 0xF8, 0xBB, 0xF8, 0xBB, 0xF8, 0xBB, 0xF8, 0xBB, 0xF8, 0xBB,
    0xF8, 0xBB, 0xF8, 0xBB, 0xF8, 0xBB, 0xF8, 0xBB, 0xF8, 0xBB, 0xF8, 0xBB, 0xF8, 0xBB, 0xF8, 0xBB,
    0xF8, 0xBB, 0xF8, 0xBB, 0xF8, 0xBB, 0xF8, 0xBB, 0xF8, 0xBB, 0xF8, 0xBB, 0xF8, 0xBB, 0xF8, 0xBB,
    0xF8, 0xBB, 0xF8, 0xBB, 0xF8, 0xBB, 0xF8, 0xBB, 0xF8, 0xBB, 0xF8, 0xBB, 0xF8, 0xBB, 0xF8, 0xBB,
    0xF8, 0xBB, 0xF8, 0xBB, 0xF8, 0xBB, 0xF8, 0xBB, 0xF8, 0xBB, 0xF8, 0xBB, 0xF8, 0xBB, 0xF8, 0xBB,
    0xF8, 0xBB, 0xF8, 0xBB, 0xF8, 0xBB, 0xF8, 0xBB, 0xF8, 0xBB, 0xF8, 0xBB, 0xF8, 0xBB, 0xF8, 0xBB,
    0xF8, 0xBB, 0xF8, 0xBB, 0xF8, 0xBB, 0xF8, 0xBB, 0xF8, 0xBB, 0xF8, 0xBB, 0xF8, 0xBB, 0xF8, 0xBB,
    0xF8, 0xBB, 0xF8, 0xBB, 0xF8, 0xBB, 0xF8, 0xBB, 0xF7, 0xBB, 0xF8, 0xBB, 0xB7, 0xBB, 0x1A, 0xA5,
    0x54, 0x5C, 0xCD, 0x42, 0x75, 0x4C, 0x94, 0x74, 0x2D, 0x6B, 0x2A, 0x3A, 0x48, 0x11, 0xE6, 0x08,
    0x06, 0x11, 0x2D, 0x63, 0xF9, 0x5C, 0xD9, 0x54, 0xD9, 0x4C, 0xB8, 0x44, 0xB8, 0x44, 0x98, 0x3C,
    0x98, 0x34, 0x98, 0x34, 0x78, 0x2C, 0x78, 0x2C, 0x78, 0x2C, 0x78, 0x2C, 0xB9, 0x34, 0xD2, 0x33,
    0xEC, 0x42, 0xB7, 0x64, 0xB6, 0x64, 0xD3, 0x53, 0xCB, 0x19, 0x08, 0x09, 0x84, 0x00, 0x28, 0x11,
    0xC5, 0x08, 0xA9, 0x19, 0x06, 0x09, 0x84, 0x00, 0x43, 0x00, 0x63, 0x00, 0xC6, 0x08, 0xCA, 0x21,
    0x47, 0x11, 0x07, 0x09, 0x47, 0x19, 0x26, 0x19, 0x0F, 0x3B, 0xEE, 0x32, 0x46, 0x21, 0x46, 0x19,
    0xA9, 0x29, 0x92, 0x5B, 0xAC, 0x42, 0xCD, 0x4A, 0xB5, 0xA3, 0xF8, 0xBB, 0xF7, 0xBB, 0xF8, 0xBB,
    0xF8, 0xBB, 0xF8, 0xBB, 0xF7, 0xBB, 0xF7, 0xBB, 0xF7, 0xBB, 0xD8, 0xBB, 0x55, 0x9B, 0x90, 0x6A,
    0xCB, 0x41, 0x27, 0x29, 0x26, 0x19, 0xC4, 0x10, 0x84, 0x00, 0x67, 0x21, 0xAA, 0x4A, 0xAE, 0x73,
    0x6B, 0x42, 0x27, 0x11, 0x47, 0x09, 0xF0, 0x4A, 0xF7, 0xB3, 0xF8, 0xBB, 0xF8, 0xBB, 0xF8, 0xBB,
    0xF8, 0xBB, 0xF8, 0xBB, 0xF8, 0xBB, 0xF8, 0xBB, 0xF8, 0xBB, 0xF8, 0xBB, 0xF8, 0xBB, 0xF8, 0xBB,
    0xF8, 0xBB, 0xF8, 0xBB, 0xF8, 0xBB, 0xF8, 0xBB, 0xF8, 0xBB, 0xF8, 0xBB, 0xF8, 0xBB, 0xF8, 0xBB,
    0xF8, 0xBB, 0xF8, 0xBB, 0xF8, 0xBB, 0xF8, 0xBB, 0xF8, 0xBB, 0xF8, 0xBB, 0xF8, 0xBB, 0xF8, 0xBB,
    0xF8, 0xBB, 0xF8, 0xBB, 0xF8, 0xBB, 0xF8, 0xBB, 0xF8, 0xBB, 0xF8, 0xBB, 0xF8, 0xBB, 0xF8, 0xBB,
    0xF8, 0xBB, 0xF8, 0xBB, 0xF8, 0xBB, 0xF8, 0xBB, 0xF8, 0xBB, 0xF8, 0xBB, 0xF8, 0xBB, 0xF8, 0xBB,
    0xF8, 0xBB, 0xF8, 0xBB, 0xF8, 0xBB, 0xF8, 0xBB, 0xF8, 0xBB, 0xF8, 0xBB, 0xF8, 0xBB, 0xF8, 0xBB,
    0xF8, 0xBB, 0xF8, 0xBB, 0xF8, 0xBB, 0xF8, 0xBB, 0xF8, 0xBB, 0xF8, 0xBB, 0xF8, 0xBB, 0xF8, 0xBB,
    0xF8, 0xBB, 0xF8, 0xBB, 0xF8, 0xBB, 0xF8, 0xBB, 0xF8, 0xBB, 0xF8, 0xBB, 0xF8, 0xBB, 0xF8, 0xBB,
    0xF8, 0xBB, 0xF8, 0xBB, 0xF8, 0xBB, 0xF8, 0xBB, 0xF8, 0xBB, 0xF8, 0xBB, 0xF8, 0xBB, 0xF8, 0xBB,
    0xF8, 0xBB, 0xF8, 0xBB, 0xF8, 0xBB, 0xF8, 0xBB, 0xF8, 0xBB, 0xF8, 0xBB, 0xF8, 0xBB, 0xF8, 0xBB,
    0xF8, 0xBB, 0xF8, 0xBB, 0xF8, 0xBB, 0xF8, 0xBB, 0xF8, 0xBB, 0xF8, 0xBB, 0xF8, 0xBB, 0xF8, 0xBB,
    0xF8, 0xBB, 0xF8, 0xBB, 0xF8, 0xBB, 0xF8, 0xBB, 0xF8, 0xBB, 0xF8, 0xBB, 0xF8, 0xBB, 0xF8, 0xBB,
    0xF8, 0xBB, 0xF8, 0xBB, 0xF8, 0xBB, 0xF8, 0xBB, 0xF8, 0xBB, 0xF8, 0xBB, 0xF8, 0xBB, 0xF8, 0xBB,
    0xF8, 0xBB, 0xF8, 0xBB, 0xF8, 0xBB, 0xF8, 0xBB, 0xF8, 0xBB, 0xF8, 0xBB, 0xF8, 0xBB, 0xF8, 0xBB,
    0xF8, 0xBB, 0xF8, 0xBB, 0xF8, 0xBB, 0xF8, 0xBB, 0xF8, 0xBB, 0xF8, 0xBB, 0xF8, 0xBB, 0xF8, 0xBB,
    0xF8, 0xBB, 0xF8, 0xBB, 0xF8, 0xBB, 0xF8, 0xBB, 0xF8, 0xBB, 0xF8, 0xBB, 0xF8, 0xBB, 0xF8, 0xBB,
    0xF8, 0xBB, 0xF8, 0xBB, 0xF8, 0xBB, 0xF8, 0xBB, 0xF8, 0xBB, 0xF8, 0xBB, 0xF8, 0xBB, 0xF8, 0xBB,
    0xF8, 0xBB, 0xF8, 0xBB, 0xF8, 0xBB, 0xF8, 0xBB, 0xF8, 0xBB, 0xF8, 0xBB, 0xF8, 0xBB, 0xF8, 0xBB,
    0xF8, 0xBB, 0xF8, 0xBB, 0xF8, 0xBB, 0xF8, 0xBB, 0xF8, 0xBB, 0xF8, 0xBB, 0xF8, 0xBB, 0xF8, 0xBB,
    0xF8, 0xBB, 0xF8, 0xBB, 0xF8, 0xBB, 0xF8, 0xBB, 0xF8, 0xBB, 0xF8, 0xBB, 0xF8, 0xBB, 0xF8, 0xBB,
    0xF8, 0xBB, 0xF8, 0xBB, 0xF8, 0xBB, 0xF8, 0xBB, 0xF8, 0xBB, 0xF8, 0xBB, 0xF8, 0xBB, 0xF8, 0xBB,
    0xF8, 0xBB, 0xF8, 0xBB, 0xF8, 0xBB, 0xF8, 0xBB, 0xF8, 0xBB, 0xF8, 0xBB, 0xF8, 0xBB, 0xF8, 0xBB,
    0xF8, 0xBB, 0xF8, 0xBB, 0xF8, 0xBB, 0xF8, 0xBB, 0xF8, 0xBB, 0xF8, 0xBB, 0xF8, 0xBB, 0xF8, 0xBB,
    0xF8, 0xBB, 0xF8, 0xBB, 0xF8, 0xBB, 0xF8, 0xBB, 0xF8, 0xBB, 0xF8, 0xBB, 0xF8, 0xBB, 0xF8, 0xBB,
    0xF8, 0xBB, 0xF8, 0xBB, 0xF8, 0xBB, 0xF8, 0xBB, 0xF8, 0xBB, 0xF8, 0xBB, 0xF8, 0xBB, 0xF8, 0xBB,
    0xF8, 0xBB, 0xF8, 0xBB, 0xF8, 0xBB, 0xF8, 0xBB, 0xF8, 0xBB, 0xF8, 0xBB, 0xF8, 0xBB, 0xF8, 0xBB,
    0xF8, 0xBB, 0xF8, 0xBB, 0xF8, 0xBB, 0xF8, 0xBB, 0xF8, 0xBB, 0xF8, 0xBB, 0xF8, 0xBB, 0xF8, 0xBB,
    0xF8, 0xBB, 0xF8, 0xBB, 0xF8, 0xBB, 0xF8, 0xBB, 0xF8, 0xBB, 0xF8, 0xBB, 0xF8, 0xBB, 0xF8, 0xBB,
    0xF8, 0xBB, 0xF8, 0xBB, 0xF8, 0xBB, 0xF8, 0xBB, 0xF8, 0xBB, 0xF8, 0xBB, 0xF8, 0xBB, 0xF8, 0xBB,
    0xF8, 0xBB, 0xF8, 0xBB, 0xF8, 0xBB, 0xF8, 0xBB, 0xF8, 0xBB, 0xF8, 0xBB, 0xD7, 0xBB, 0xBA, 0x9C,
    0x13, 0x4C, 0x6C, 0x3A, 0x14, 0x44, 0x13, 0x64, 0x8C, 0x4A, 0x0B, 0x2A, 0x89, 0x11, 0x27, 0x11,
    0xE7, 0x00, 0xC8, 0x39, 0x33, 0x64, 0xFA, 0x4C, 0xB9, 0x4C, 0xB8, 0x44, 0xB8, 0x3C, 0x98, 0x34,
    0x98, 0x34, 0x98, 0x2C, 0x78, 0x2C, 0x78, 0x2C, 0x78, 0x2C, 0x78, 0x2C, 0xB9, 0x2C, 0xB2, 0x33,
    0xCC, 0x42, 0xB7, 0x6C, 0x96, 0x64, 0x92, 0x43, 0xE6, 0x08, 0xC6, 0x08, 0x43, 0x00, 0x84, 0x08,
    0x68, 0x11, 0x89, 0x09, 0x69, 0x09, 0xCB, 0x11, 0xCB, 0x11, 0xE6, 0x00, 0x07, 0x09, 0xEA, 0x21,
    0x69, 0x11, 0x89, 0x11, 0xCA, 0x21, 0x88, 0x29, 0x50, 0x3B, 0x2F, 0x33, 0x09, 0x3A, 0xC8, 0x31,
    0x2B, 0x3A, 0xD2, 0x5B, 0xAE, 0x3A, 0xF0, 0x42, 0x95, 0xA3, 0xF8, 0xBB, 0xF7, 0xBB, 0xF8, 0xBB,
    0xF8, 0xBB, 0xF8, 0xBB, 0xF8, 0xBB, 0xF7, 0xBB, 0xF8, 0xBB, 0x55, 0xA3, 0x07, 0x21, 0x26, 0x09,
    0x25, 0x19, 0x8B, 0x42, 0x4B, 0x3A, 0x06, 0x11, 0xC5, 0x08, 0x63, 0x00, 0x26, 0x11, 0xF0, 0x6B,
    0x10, 0x74, 0x4A, 0x3A, 0xCA, 0x52, 0x11, 0x9C, 0xD7, 0xBB, 0xF8, 0xBB, 0xF8, 0xBB, 0xF8, 0xBB,
    0xF8, 0xBB, 0xF8, 0xBB, 0xF8, 0xBB, 0xF8, 0xBB, 0xF8, 0xBB, 0xF8, 0xBB, 0xF8, 0xBB, 0xF8, 0xBB,
    0xF8, 0xBB, 0xF8, 0xBB, 0xF8, 0xBB, 0xF8, 0xBB, 0xF8, 0xBB, 0xF8, 0xBB, 0xF8, 0xBB, 0xF8, 0xBB,
    0xF8, 0xBB, 0xF8, 0xBB, 0xF8, 0xBB, 0xF8, 0xBB, 0xF8, 0xBB, 0xF8, 0xBB, 0xF8, 0xBB, 0xF8, 0xBB,
    0xF8, 0xBB, 0xF8, 0xBB, 0xF8, 0xBB, 0xF8, 0xBB, 0xF8, 0xBB, 0xF8, 0xBB, 0xF8, 0xBB, 0xF8, 0xBB,
    0xF8, 0xBB, 0xF8, 0xBB, 0xF8, 0xBB, 0xF8, 0xBB, 0xF8, 0xBB, 0xF8, 0xBB, 0xF8, 0xBB, 0xF8, 0xBB,
    0xF8, 0xBB, 0xF8, 0xBB, 0xF8, 0xBB, 0xF8, 0xBB, 0xF8, 0xBB, 0xF8, 0xBB, 0xF8, 0xBB, 0xF8, 0xBB,
    0xF8, 0xBB, 0xF8, 0xBB, 0xF8, 0xBB, 0xF8, 0xBB, 0xF8, 0xBB, 0xF8, 0xBB, 0xF8, 0xBB, 0xF8, 0xBB,
    0xF8, 0xBB, 0xF8, 0xBB, 0xF8, 0xBB, 0xF8, 0xBB, 0xF8, 0xBB, 0xF8, 0xBB, 0xF8, 0xBB, 0xF8, 0xBB,
    0xF8, 0xBB, 0xF8, 0xBB, 0xF8, 0xBB, 0xF8, 0xBB, 0xF8, 0xBB, 0xF8, 0xBB, 0xF8, 0xBB, 0xF8, 0xBB,
    0xF8, 0xBB, 0xF8, 0xBB, 0xF8, 0xBB, 0xF8, 0xBB, 0xF8, 0xBB, 0xF8, 0xBB, 0xF8, 0xBB, 0xF8, 0xBB,
    0xF8, 0xBB, 0xF8, 0xBB, 0xF8, 0xBB, 0xF8, 0xBB, 0xF8, 0xBB, 0xF8, 0xBB, 0xF8, 0xBB, 0xF8, 0xBB,
    0xF8, 0xBB, 0xF8, 0xBB, 0xF8, 0xBB, 0xF8, 0xBB, 0xF8, 0xBB, 0xF8, 0xBB, 0xF8, 0xBB, 0xF8, 0xBB,
    0xF8, 0xBB, 0xF8, 0xBB, 0xF8, 0xBB, 0xF8, 0xBB, 0xF8, 0xBB, 0xF8, 0xBB, 0xF8, 0xBB, 0xF8, 0xBB,
    0xF8, 0xBB, 0xF8, 0xBB, 0xF8, 0xBB, 0xF8, 0xBB, 0xF8, 0xBB, 0xF8, 0xBB, 0xF8, 0xBB, 0xF8, 0xBB,
    0xF8, 0xBB, 0xF8, 0xBB, 0xF8, 0xBB, 0xF8, 0xBB, 0xF8, 0xBB, 0xF8, 0xBB, 0xF8, 0xBB, 0xF8, 0xBB,
    0xF8, 0xBB, 0xF8, 0xBB, 0xF8, 0xBB, 0xF8, 0xBB, 0xF8, 0xBB, 0xF8, 0xBB, 0xF8, 0xBB, 0xF8, 0xBB,
    0xF8, 0xBB, 0xF8, 0xBB, 0xF8, 0xBB, 0xF8, 0xBB, 0xF8, 0xBB, 0xF8, 0xBB, 0xF8, 0xBB, 0xF8, 0xBB,
    0xF8, 0xBB, 0xF8, 0xBB, 0xF8, 0xBB, 0xF8, 0xBB, 0xF8, 0xBB, 0xF8, 0xBB, 0xF8, 0xBB, 0xF8, 0xBB,
    0xF8, 0xBB, 0xF8, 0xBB, 0xF8, 0xBB, 0xF8, 0xBB, 0xF8, 0xBB, 0xF8, 0xBB, 0xF8, 0xBB, 0xF8, 0xBB,
    0xF8, 0xBB, 0xF8, 0xBB, 0xF8, 0xBB, 0xF8, 0xBB, 0xF8, 0xBB, 0xF8, 0xBB, 0xF8, 0xBB, 0xF8, 0xBB,
    0xF8, 0xBB, 0xF8, 0xBB, 0xF8, 0xBB, 0xF8, 0xBB, 0xF8, 0xBB, 0xF8, 0xBB, 0xF8, 0xBB, 0xF8, 0xBB,
    0xF8, 0xBB, 0xF8, 0xBB, 0xF8, 0xBB, 0xF8, 0xBB, 0xF8, 0xBB, 0xF8, 0xBB, 0xF8, 0xBB, 0xF8, 0xBB,
    0xF8, 0xBB, 0xF8, 0xBB, 0xF8, 0xBB, 0xF8, 0xBB, 0xF8, 0xBB, 0xF8, 0xBB, 0xF8, 0xBB, 0xF8, 0xBB,
    0xF8, 0xBB, 0xF8, 0xBB, 0xF8, 0xBB, 0xF8, 0xBB, 0xF8, 0xBB, 0xF8, 0xBB, 0xF8, 0xBB, 0xF8, 0xBB,
    0xF8, 0xBB, 0xF8, 0xBB, 0xF8, 0xBB, 0xF8, 0xBB, 0xF8, 0xBB, 0xF8, 0xBB, 0xF8, 0xBB, 0xF8, 0xBB,
    0xF8, 0xBB, 0xF8, 0xBB, 0xF8, 0xBB, 0xF8, 0xBB, 0xF8, 0xBB, 0xF8, 0xBB, 0xF8, 0xBB, 0xF8, 0xBB,
    0xF8, 0xBB, 0xF8, 0xBB, 0xF8, 0xBB, 0xF8, 0xBB, 0xF8, 0xBB, 0xF8, 0xBB, 0xF8, 0xBB, 0xF8, 0xBB,
    0xF8, 0xBB, 0xF8, 0xBB, 0xF8, 0xBB, 0xF8, 0xBB, 0xF8, 0xBB, 0xF8, 0xBB, 0xF8, 0xBB, 0xF8, 0xBB,
    0xF8, 0xBB, 0xF8, 0xBB, 0xF8, 0xBB, 0xF8, 0xBB, 0xF8, 0xBB, 0xF8, 0xBB, 0xF8, 0xBB, 0xF8, 0xBB,
    0xF8, 0xBB, 0xF8, 0xBB, 0xF8, 0xBB, 0xF8, 0xBB, 0xF8, 0xBB, 0xF8, 0xBB, 0xB7, 0xBB, 0x79, 0x9C,
    0x55, 0x54, 0x4B, 0x42, 0xEF, 0x2A, 0xEF, 0x3A, 0xA8, 0x21, 0xEB, 0x19, 0x69, 0x11, 0x27, 0x11,
    0xE6, 0x08, 0x07, 0x09, 0x8A, 0x52, 0x97, 0x54, 0xD9, 0x44, 0xB8, 0x44, 0xB8, 0x3C, 0x98, 0x34,
    0x98, 0x34, 0x98, 0x2C, 0x98, 0x2C, 0x78, 0x2C, 0x78, 0x2C, 0x78, 0x2C, 0x99, 0x2C, 0x15, 0x34,
    0x8A, 0x32, 0x34, 0x5C, 0x76, 0x64, 0x93, 0x43, 0xA4, 0x08, 0x00, 0x00, 0x23, 0x00, 0x63, 0x00,
    0x89, 0x11, 0xCF, 0x22, 0x8E, 0x1A, 0x0C, 0x12, 0xCA, 0x11, 0x27, 0x09, 0x27, 0x09, 0x69, 0x11,
    0xAA, 0x11, 0xCB, 0x19, 0x0B, 0x2A, 0xC9, 0x29, 0xF2, 0x43, 0x70, 0x3B, 0x4A, 0x42, 0x09, 0x3A,
    0xAD, 0x42, 0xF3, 0x5B, 0xCE, 0x3A, 0x51, 0x53, 0xB6, 0xAB, 0xF8, 0xBB, 0xF8, 0xBB, 0xF8, 0xBB,
    0xF8, 0xBB, 0xF8, 0xBB, 0xF8, 0xBB, 0xF8, 0xBB, 0xF8, 0xBB, 0xB6, 0xAB, 0xF0, 0x6A, 0x2B, 0x32,
    0x87, 0x21, 0x0E, 0x53, 0x6F, 0x5B, 0x2B, 0x32, 0xA6, 0x00, 0x69, 0x09, 0x8A, 0x09, 0x48, 0x19,
    0x0E, 0x4B, 0x2D, 0x5B, 0xF1, 0x93, 0x14, 0xAC, 0xB7, 0xB3, 0xF8, 0xBB, 0xF8, 0xBB, 0xF8, 0xBB,
    0xF8, 0xBB, 0xF8, 0xBB, 0xF8, 0xBB, 0xF8, 0xBB, 0xF8, 0xBB, 0xF8, 0xBB, 0xF8, 0xBB, 0xF8, 0xBB,
    0xF8, 0xBB, 0xF8, 0xBB, 0xF8, 0xBB, 0xF8, 0xBB, 0xF8, 0xBB, 0xF8, 0xBB, 0xF8, 0xBB, 0xF8, 0xBB,
    0xF8, 0xBB, 0xF8, 0xBB, 0xF8, 0xBB, 0xF8, 0xBB, 0xF8, 0xBB, 0xF8, 0xBB, 0xF8, 0xBB, 0xF8, 0xBB,
    0xF8, 0xBB, 0xF8, 0xBB, 0xF8, 0xBB, 0xF8, 0xBB, 0xF8, 0xBB, 0xF8, 0xBB, 0xF8, 0xBB, 0xF8, 0xBB,
    0xF8, 0xBB, 0xF8, 0xBB, 0xF8, 0xBB, 0xF8, 0xBB, 0xF8, 0xBB, 0xF8, 0xBB, 0xF8, 0xBB, 0xF8, 0xBB,
    0xF8, 0xBB, 0xF8, 0xBB, 0xF8, 0xBB, 0xF8, 0xBB, 0xF8, 0xBB, 0xF8, 0xBB, 0xF8, 0xBB, 0xF8, 0xBB,
    0xF8, 0xBB, 0xF8, 0xBB, 0xF8, 0xBB, 0xF8, 0xBB, 0xF8, 0xBB, 0xF8, 0xBB, 0xF8, 0xBB, 0xF8, 0xBB,
    0xF8, 0xBB, 0xF8, 0xBB, 0xF8, 0xBB, 0xF8, 0xBB, 0xF8, 0xBB, 0xF8, 0xBB, 0xF8, 0xBB, 0xF8, 0xBB,
    0xF8, 0xBB, 0xF8, 0xBB, 0xF8, 0xBB, 0xF8, 0xBB, 0xF8, 0xBB, 0xF8, 0xBB, 0xF8, 0xBB, 0xF8, 0xBB,
    0xF8, 0xBB, 0xF8, 0xBB, 0xF8, 0xBB, 0xF8, 0xBB, 0xF8, 0xBB, 0xF8, 0xBB, 0xF8, 0xBB, 0xF8, 0xBB,
    0xF8, 0xBB, 0xF8, 0xBB, 0xF8, 0xBB, 0xF8, 0xBB, 0xF8, 0xBB, 0xF8, 0xBB, 0xF8, 0xBB, 0xF8, 0xBB,
    0xF8, 0xBB, 0xF8, 0xBB, 0xF8, 0xBB, 0xF8, 0xBB, 0xF8, 0xBB, 0xF8, 0xBB, 0xF8, 0xBB, 0xF8, 0xBB,
    0xF8, 0xBB, 0xF8, 0xBB, 0xF8, 0xBB, 0xF8, 0xBB, 0xF8, 0xBB, 0xF8, 0xBB, 0xF8, 0xBB, 0xF8, 0xBB,
    0xF8, 0xBB, 0xF8, 0xBB, 0xF8, 0xBB, 0xF8, 0xBB, 0xF8, 0xBB, 0xF8, 0xBB, 0xF8, 0xBB, 0xF8, 0xBB,
    0xF8, 0xBB, 0xF8, 0xBB, 0xF8, 0xBB, 0xF8, 0xBB, 0xF8, 0xBB, 0xF8, 0xBB, 0xF8, 0xBB, 0xF8, 0xBB,
    0xF8, 0xBB, 0xF8, 0xBB, 0xF8, 0xBB, 0xF8, 0xBB, 0xF8, 0xBB, 0xF8, 0xBB, 0xF8, 0xBB, 0xF8, 0xBB,
    0xF8, 0xBB, 0xF8, 0xBB, 0xF8, 0xBB, 0xF8, 0xBB, 0xF8, 0xBB, 0xF8, 0xBB, 0xF8, 0xBB, 0xF8, 0xBB,
    0xF8, 0xBB, 0xF8, 0xBB, 0xF8, 0xBB, 0xF8, 0xBB, 0xF8, 0xBB, 0xF8, 0xBB, 0xF8, 0xBB, 0xF8, 0xBB,
    0xF8, 0xBB, 0xF8, 0xBB, 0xF8, 0xBB, 0xF8, 0xBB, 0xF8, 0xBB, 0xF8, 0xBB, 0xF8, 0xBB, 0xF8, 0xBB,
    0xF8, 0xBB, 0xF8, 0xBB, 0xF8, 0xBB, 0xF8, 0xBB, 0xF8, 0xBB, 0xF8, 0xBB, 0xF8, 0xBB, 0xF8, 0xBB,
    0xF8, 0xBB, 0xF8, 0xBB, 0xF8, 0xBB, 0xF8, 0xBB, 0xF8, 0xBB, 0xF8, 0xBB, 0xF8, 0xBB, 0xF8, 0xBB,
    0xF8, 0xBB, 0xF8, 0xBB, 0xF8, 0xBB, 0xF8, 0xBB, 0xF8, 0xBB, 0xF8, 0xBB, 0xF8, 0xBB, 0xF8, 0xBB,
    0xF8, 0xBB, 0xF8, 0xBB, 0xF8, 0xBB, 0xF8, 0xBB, 0xF8, 0xBB, 0xF8, 0xBB, 0xF8, 0xBB, 0xF8, 0xBB,
    0xF8, 0xBB, 0xF8, 0xBB, 0xF8, 0xBB, 0xF8, 0xBB, 0xF8, 0xBB, 0xF8, 0xBB, 0xF8, 0xBB, 0xF8, 0xBB,
    0xF8, 0xBB, 0xF8, 0xBB, 0xF8, 0xBB, 0xF8, 0xBB, 0xF8, 0xBB, 0xF8, 0xBB, 0xF8, 0xBB, 0xF8, 0xBB,
    0xF8, 0xBB, 0xF8, 0xBB, 0xF8, 0xBB, 0xF8, 0xBB, 0xF8, 0xBB, 0xF8, 0xBB, 0xF8, 0xBB, 0xF8, 0xBB,
    0xF8, 0xBB, 0xF8, 0xBB, 0xF8, 0xBB, 0xF8, 0xBB, 0xF8, 0xBB, 0xF8, 0xBB, 0xF8, 0xBB, 0xF8, 0xBB,
    0xF8, 0xBB, 0xF8, 0xBB, 0xF8, 0xBB, 0xF8, 0xBB, 0xF8, 0xBB, 0xF8, 0xBB, 0xF8, 0xBB, 0xF8, 0xBB,
    0xF8, 0xBB, 0xF8, 0xBB, 0xF8, 0xBB, 0xF8, 0xBB, 0xF8, 0xBB, 0xF8, 0xBB, 0xF8, 0xBB, 0xF8, 0xBB,
    0xF8, 0xBB, 0xF8, 0xBB, 0xF8, 0xBB, 0xF8, 0xBB, 0xB7, 0xBB, 0xD7, 0xBB, 0x78, 0xC4, 0xBB, 0xBD,
    0x1A, 0x9E, 0x73, 0x84, 0xCD, 0x4A, 0x67, 0x21, 0xA4, 0x10, 0x89, 0x11, 0xA9, 0x11, 0x07, 0x09,
    0x06, 0x09, 0xE7, 0x00, 0x46, 0x21, 0xEC, 0x52, 0xB8, 0x4C, 0xB9, 0x3C, 0x98, 0x3C, 0x98, 0x34,
    0x98, 0x34, 0x98, 0x2C, 0x98, 0x2C, 0x98, 0x2C, 0x98, 0x2C, 0x98, 0x2C, 0x99, 0x2C, 0x99, 0x2C,
    0x0E, 0x33, 0xCC, 0x42, 0x14, 0x54, 0x73, 0x3B, 0x6E, 0x22, 0x27, 0x09, 0x27, 0x09, 0x49, 0x09,
    0x6A, 0x09, 0xD0, 0x22, 0xB5, 0x2B, 0x78, 0x34, 0x93, 0x2B, 0x48, 0x09, 0x48, 0x11, 0x27, 0x09,
    0xA9, 0x11, 0xAA, 0x19, 0xEA, 0x21, 0x67, 0x21, 0xC9, 0x19, 0x0B, 0x2A, 0xE9, 0x31, 0xA8, 0x29,
    0x8C, 0x42, 0x91, 0x4B, 0x8D, 0x2A, 0x93, 0x63, 0xD7, 0xB3, 0xF8, 0xBB, 0xF8, 0xBB, 0xF8, 0xBB,
    0xF8, 0xBB, 0xF8, 0xBB, 0xF8, 0xBB, 0xF8, 0xBB, 0xF8, 0xBB, 0xF8, 0xBB, 0x18, 0xC4, 0xF6, 0x9B,
    0x8E, 0x52, 0x2C, 0x3A, 0x2B, 0x3A, 0x4A, 0x42, 0xCC, 0x4A, 0x6A, 0x09, 0xA5, 0x00, 0xE7, 0x00,
    0x0E, 0x3A, 0x94, 0x93, 0xD7, 0xB3, 0xD8, 0xBB, 0xF8, 0xBB, 0xF8, 0xBB, 0xF8, 0xBB, 0xF8, 0xBB,
    0xF8, 0xBB, 0xF8, 0xBB, 0xF8, 0xBB, 0xF8, 0xBB, 0xF8, 0xBB, 0xF8, 0xBB, 0xF8, 0xBB, 0xF8, 0xBB,
    0xF8, 0xBB, 0xF8, 0xBB, 0xF8, 0xBB, 0xF8, 0xBB, 0xF8, 0xBB, 0xF8, 0xBB, 0xF8, 0xBB, 0xF8, 0xBB,
    0xF8, 0xBB, 0xF8, 0xBB, 0xF8, 0xBB, 0xF8, 0xBB, 0xF8, 0xBB, 0xF8, 0xBB, 0xF8, 0xBB, 0xF8, 0xBB,
    0xF8, 0xBB, 0xF8, 0xBB, 0xF8, 0xBB, 0xF8, 0xBB, 0xF8, 0xBB, 0xF8, 0xBB, 0xF8, 0xBB, 0xF8, 0xBB,
    0xF8, 0xBB, 0xF8, 0xBB, 0xF8, 0xBB, 0xF8, 0xBB, 0xF8, 0xBB, 0xF8, 0xBB, 0xF8, 0xBB, 0xF8, 0xBB,
    0xF8, 0xBB, 0xF8, 0xBB, 0xF8, 0xBB, 0xF8, 0xBB, 0xF8, 0xBB, 0xF8, 0xBB, 0xF8, 0xBB, 0xF8, 0xBB,
    0xF8, 0xBB, 0xF8, 0xBB, 0xF8, 0xBB, 0xF8, 0xBB, 0xF8, 0xBB, 0xF8, 0xBB, 0xF8, 0xBB, 0xF8, 0xBB,
    0xF8, 0xBB, 0xF8, 0xBB, 0xF8, 0xBB, 0xF8, 0xBB, 0xF8, 0xBB, 0xF8, 0xBB, 0xF8, 0xBB, 0xF8, 0xBB,
    0xF8, 0xBB, 0xF8, 0xBB, 0xF8, 0xBB, 0xF8, 0xBB, 0xF8, 0xBB, 0xF8, 0xBB, 0xF8, 0xBB, 0xF8, 0xBB,
    0xF8, 0xBB, 0xF8, 0xBB, 0xF8, 0xBB, 0xF8, 0xBB, 0xF8, 0xBB, 0xF8, 0xBB, 0xF8, 0xBB, 0xF8, 0xBB,
    0xF8, 0xBB, 0xF8, 0xBB, 0xF8, 0xBB, 0xF8, 0xBB, 0xF8, 0xBB, 0xF8, 0xBB, 0xF8, 0xBB, 0xF8, 0xBB,
    0xF8, 0xBB, 0xF8, 0xBB, 0xF8, 0xBB, 0xF8, 0xBB, 0xF8, 0xBB, 0xF8, 0xBB, 0xF8, 0xBB, 0xF8, 0xBB,
    0xF8, 0xBB, 0xF8, 0xBB, 0xF8, 0xBB, 0xF8, 0xBB, 0xF8, 0xBB, 0xF8, 0xBB, 0xF8, 0xBB, 0xF8, 0xBB,
    0xF8, 0xBB, 0xF8, 0xBB, 0xF8, 0xBB, 0xF8, 0xBB, 0xF8, 0xBB, 0xF8, 0xBB, 0xF8, 0xBB, 0xF8, 0xBB,
    0xF8, 0xBB, 0xF8, 0xBB, 0xF8, 0xBB, 0xF8, 0xBB, 0xF8, 0xBB, 0xF8, 0xBB, 0xF8, 0xBB, 0xF8, 0xBB,
    0xF8, 0xBB, 0xF8, 0xBB, 0xF8, 0xBB, 0xF8, 0xBB, 0xF8, 0xBB, 0xF8, 0xBB, 0xF8, 0xBB, 0xF8, 0xBB,
    0xF8, 0xBB, 0xF8, 0xBB, 0xF8, 0xBB, 0xF8, 0xBB, 0xF8, 0xBB, 0xF8, 0xBB, 0xF8, 0xBB, 0xF8, 0xBB,
    0xF8, 0xBB, 0xF8, 0xBB, 0xF8, 0xBB, 0xF8, 0xBB, 0xF8, 0xBB, 0xF8, 0xBB, 0xF8, 0xBB, 0xF8, 0xBB,
    0xF8, 0xBB, 0xF8, 0xBB, 0xF8, 0xBB, 0xF8, 0xBB, 0xF8, 0xBB, 0xF8, 0xBB, 0xF8, 0xBB, 0xF8, 0xBB,
    0xF8, 0xBB, 0xF8, 0xBB, 0xF8, 0xBB, 0xF8, 0xBB, 0xF8, 0xBB, 0xF8, 0xBB, 0xF8, 0xBB, 0xF8, 0xBB,
    0xF8, 0xBB, 0xF8, 0xBB, 0xF8, 0xBB, 0xF8, 0xBB, 0xF8, 0xBB, 0xF8, 0xBB, 0xF8, 0xBB, 0xF8, 0xBB,
    0xF8, 0xBB, 0xF8, 0xBB, 0xF8, 0xBB, 0xF8, 0xBB, 0xF8, 0xBB, 0xF8, 0xBB, 0xF8, 0xBB, 0xF8, 0xBB,
    0xF8, 0xBB, 0xF8, 0xBB, 0xF8, 0xBB, 0xF8, 0xBB, 0xF8, 0xBB, 0xF8, 0xBB, 0xF8, 0xBB, 0xF8, 0xBB,
    0xF8, 0xBB, 0xF8, 0xBB, 0xF8, 0xBB, 0xF8, 0xBB, 0xF8, 0xBB, 0xF8, 0xBB, 0xF8, 0xBB, 0xF8, 0xBB,
    0xF8, 0xBB, 0xF8, 0xBB, 0xF8, 0xBB, 0xF8, 0xBB, 0xF8, 0xBB, 0xF8, 0xBB, 0xF8, 0xBB, 0xF8, 0xBB,
    0xF8, 0xBB, 0xF8, 0xBB, 0xF8, 0xBB, 0xF8, 0xBB, 0xF8, 0xBB, 0xF8, 0xBB, 0xF8, 0xBB, 0xF8, 0xBB,
    0xF8, 0xBB, 0xF8, 0xBB, 0xF8, 0xBB, 0xF8, 0xBB, 0xF8, 0xBB, 0xF8, 0xBB, 0xF8, 0xBB, 0xF8, 0xBB,
    0xF8, 0xBB, 0xF8, 0xBB, 0xF8, 0xBB, 0xF8, 0xBB, 0xF8, 0xBB, 0xF8, 0xBB, 0xF8, 0xBB, 0xF8, 0xBB,
    0xF8, 0xBB, 0xF8, 0xBB, 0xF8, 0xBB, 0xF8, 0xBB, 0xF8, 0xBB, 0xF8, 0xBB, 0xF8, 0xBB, 0xF8, 0xBB,
    0xF8, 0xBB, 0xF8, 0xBB, 0xF7, 0xBB, 0xB7, 0xB3, 0xD9, 0xC4, 0x5D, 0xD6, 0xBD, 0xC6, 0x1B, 0xAE,
    0x58, 0x95, 0xD6, 0x84, 0x95, 0x84, 0xD2, 0x6B, 0x6B, 0x42, 0xC4, 0x08, 0xC5, 0x08, 0xE6, 0x08,
    0x27, 0x09, 0xE6, 0x08, 0xC6, 0x00, 0x67, 0x21, 0xED, 0x52, 0x76, 0x54, 0x98, 0x44, 0x98, 0x3C,
    0xB8, 0x34, 0xB9, 0x2C, 0xB9, 0x2C, 0xB9, 0x2C, 0xB9, 0x24, 0xB9, 0x24, 0x99, 0x24, 0xB9, 0x24,
    0x78, 0x2C, 0x70, 0x2B, 0x0E, 0x33, 0x11, 0x2B, 0xD1, 0x1A, 0xF1, 0x1A, 0x12, 0x1B, 0x74, 0x1B,
    0xF6, 0x1B, 0x78, 0x24, 0xFA, 0x34, 0xBC, 0x55, 0xFF, 0x86, 0x35, 0x3C, 0x07, 0x09, 0x89, 0x11,
    0x68, 0x11, 0xE6, 0x08, 0xE5, 0x10, 0xA9, 0x29, 0x6B, 0x42, 0xD1, 0x73, 0x52, 0x84, 0x93, 0x8C,
    0xD5, 0x94, 0x17, 0x8D, 0x71, 0x43, 0x33, 0x5B, 0xF8, 0xBB, 0xF8, 0xBB, 0xF8, 0xBB, 0xF8, 0xBB,
    0xF8, 0xBB, 0xF8, 0xBB, 0xF8, 0xBB, 0xF8, 0xBB, 0xF8, 0xBB, 0xF8, 0xBB, 0xF8, 0xBB, 0xD8, 0xBB,
    0xB7, 0xB3, 0xD7, 0xAB, 0x94, 0x93, 0x8E, 0x6B, 0x6C, 0x63, 0x4A, 0x3A, 0x4E, 0x42, 0x55, 0x8B,
    0xF8, 0xBB, 0xF8, 0xC3, 0xF8, 0xBB, 0xF8, 0xBB, 0xF8, 0xBB, 0xF8, 0xBB, 0xF8, 0xBB, 0xF8, 0xBB,
    0xF8, 0xBB, 0xF8, 0xBB, 0xF8, 0xBB, 0xF8, 0xBB, 0xF8, 0xBB, 0xF8, 0xBB, 0xF8, 0xBB, 0xF8, 0xBB,
    0xF8, 0xBB, 0xF8, 0xBB, 0xF8, 0xBB, 0xF8, 0xBB, 0xF8, 0xBB, 0xF8, 0xBB, 0xF8, 0xBB, 0xF8, 0xBB,
    0xF8, 0xBB, 0xF8, 0xBB, 0xF8, 0xBB, 0xF8, 0xBB, 0xF8, 0xBB, 0xF8, 0xBB, 0xF8, 0xBB, 0xF8, 0xBB,
    0xF8, 0xBB, 0xF8, 0xBB, 0xF8, 0xBB, 0xF8, 0xBB, 0xF8, 0xBB, 0xF8, 0xBB, 0xF8, 0xBB, 0xF8, 0xBB,
    0xF8, 0xBB, 0xF8, 0xBB, 0xF8, 0xBB, 0xF8, 0xBB, 0xF8, 0xBB, 0xF8, 0xBB, 0xF8, 0xBB, 0xF8, 0xBB,
    0xF8, 0xBB, 0xF8, 0xBB, 0xF8, 0xBB, 0xF8, 0xBB, 0xF8, 0xBB, 0xF8, 0xBB, 0xF8, 0xBB, 0xF8, 0xBB,
    0xF8, 0xBB, 0xF8, 0xBB, 0xF8, 0xBB, 0xF8, 0xBB, 0xF8, 0xBB, 0xF8, 0xBB, 0xF8, 0xBB, 0xF8, 0xBB,
    0xF8, 0xBB, 0xF8, 0xBB, 0xF8, 0xBB, 0xF8, 0xBB, 0xF8, 0xBB, 0xF8, 0xBB, 0xF8, 0xBB, 0xF8, 0xBB,
    0xF8, 0xBB, 0xF8, 0xBB, 0xF8, 0xBB, 0xF8, 0xBB, 0xF8, 0xBB, 0xF8, 0xBB, 0xF8, 0xBB, 0xF8, 0xBB,
    0xF8, 0xBB, 0xF8, 0xBB, 0xF8, 0xBB, 0xF8, 0xBB, 0xF8, 0xBB, 0xF8, 0xBB, 0xF8, 0xBB, 0xF8, 0xBB,
    0xF8, 0xBB, 0xF8, 0xBB, 0xF8, 0xBB, 0xF8, 0xBB, 0xF8, 0xBB, 0xF8, 0xBB, 0xF8, 0xBB, 0xF8, 0xBB,
    0xF8, 0xBB, 0xF8, 0xBB, 0xF8, 0xBB, 0xF8, 0xBB, 0xF8, 0xBB, 0xF8, 0xBB, 0xF8, 0xBB, 0xF8, 0xBB,
    0xF8, 0xBB, 0xF8, 0xBB, 0xF8, 0xBB, 0xF8, 0xBB, 0xF8, 0xBB, 0xF8, 0xBB, 0xF8, 0xBB, 0xF8, 0xBB,
    0xF8, 0xBB, 0xF8, 0xBB, 0xF8, 0xBB, 0xF8, 0xBB, 0xF8, 0xBB, 0xF8, 0xBB, 0xF8, 0xBB, 0xF8, 0xBB,
    0xF8, 0xBB, 0xF8, 0xBB, 0xF8, 0xBB, 0xF8, 0xBB, 0xF8, 0xBB, 0xF8, 0xBB, 0xF8, 0xBB, 0xF8, 0xBB,
    0xF8, 0xBB, 0xF8, 0xBB, 0xF8, 0xBB, 0xF8, 0xBB, 0xF8, 0xBB, 0xF8, 0xBB, 0xF8, 0xBB, 0xF8, 0xBB,
    0xF8, 0xBB, 0xF8, 0xBB, 0xF8, 0xBB, 0xF8, 0xBB, 0xF8, 0xBB, 0xF8, 0xBB, 0xF8, 0xBB, 0xF8, 0xBB,
    0xF8, 0xBB, 0xF8, 0xBB, 0xF8, 0xBB, 0xF8, 0xBB, 0xF8, 0xBB, 0xF8, 0xBB, 0xF8, 0xBB, 0xF8, 0xBB,
    0xF8, 0xBB, 0xF8, 0xBB, 0xF8, 0xBB, 0xF8, 0xBB, 0xF8, 0xBB, 0xF8, 0xBB, 0xF8, 0xBB, 0xF8, 0xBB,
    0xF8, 0xBB, 0xF8, 0xBB, 0xF8, 0xBB, 0xF8, 0xBB, 0xF8, 0xBB, 0xF8, 0xBB, 0xF8, 0xBB, 0xF8, 0xBB,
    0xF8, 0xBB, 0xF8, 0xBB, 0xF8, 0xBB, 0xF8, 0xBB, 0xF8, 0xBB, 0xF8, 0xBB, 0xF8, 0xBB, 0xF8, 0xBB,
    0xF8, 0xBB, 0xF8, 0xBB, 0xF8, 0xBB, 0xF8, 0xBB, 0xF8, 0xBB, 0xF8, 0xBB, 0xF8, 0xBB, 0xF8, 0xBB,
    0xF8, 0xBB, 0xF8, 0xBB, 0xF8, 0xBB, 0xF8, 0xBB, 0xF8, 0xBB, 0xF8, 0xBB, 0xF8, 0xBB, 0xF8, 0xBB,
    0xF8, 0xBB, 0xF8, 0xBB, 0xF8, 0xBB, 0xF8, 0xBB, 0xF8, 0xBB, 0xF8, 0xBB, 0xF8, 0xBB, 0xF8, 0xBB,
    0xF8, 0xBB, 0xF8, 0xBB, 0xF8, 0xBB, 0xF8, 0xBB, 0xF8, 0xBB, 0xF8, 0xBB, 0xF8, 0xBB, 0xF8, 0xBB,
    0xF8, 0xBB, 0xF8, 0xBB, 0xF8, 0xBB, 0xF8, 0xBB, 0xF8, 0xBB, 0xF8, 0xBB, 0xF8, 0xBB, 0xF8, 0xBB,
    0xF8, 0xBB, 0xF8, 0xBB, 0xF8, 0xBB, 0xF8, 0xBB, 0xF8, 0xBB, 0xF8, 0xBB, 0xF8, 0xBB, 0xF8, 0xBB,
    0xF8, 0xBB, 0xF8, 0xBB, 0xF8, 0xBB, 0xF8, 0xBB, 0xF8, 0xBB, 0xF8, 0xBB, 0xF8, 0xBB, 0xF8, 0xBB,
    0xF8, 0xBB, 0xF8, 0xBB, 0xF8, 0xBB, 0xF8, 0xBB, 0xF8, 0xBB, 0xF8, 0xBB, 0xF8, 0xBB, 0xF8, 0xBB,
    0xF8, 0xBB, 0xB7, 0xBB, 0x79, 0xC4, 0x3D, 0xD6, 0xDD, 0xC6, 0x1B, 0xA6, 0x58, 0x95, 0x38, 0x8D,
    0x96, 0x7C, 0x14, 0x6C, 0xD2, 0x6B, 0xB2, 0x63, 0xB1, 0x5B, 0xCE, 0x4A, 0x06, 0x11, 0xA4, 0x00,
    0xE6, 0x08, 0x27, 0x09, 0xE6, 0x08, 0xC6, 0x00, 0x06, 0x11, 0xEA, 0x29, 0x30, 0x3B, 0x15, 0x5C,
    0x58, 0x6C, 0x99, 0x64, 0xDA, 0x5C, 0xFB, 0x5C, 0x5C, 0x55, 0x5C, 0x55, 0x5C, 0x55, 0x3C, 0x55,
    0x3C, 0x4D, 0x3D, 0x4D, 0xBA, 0x4C, 0x79, 0x4C, 0x59, 0x4C, 0x59, 0x4C, 0x59, 0x54, 0x7A, 0x5C,
    0xBB, 0x64, 0xDB, 0x74, 0xFA, 0x8C, 0x3A, 0xA5, 0x3A, 0xB5, 0x99, 0x8C, 0xAF, 0x2A, 0xAA, 0x11,
    0xA5, 0x00, 0xEA, 0x29, 0x91, 0x63, 0xB5, 0x84, 0x17, 0x95, 0x98, 0xA5, 0x98, 0xA5, 0xD9, 0xAD,
    0x19, 0xB6, 0x9B, 0xC6, 0xFD, 0xC6, 0xBA, 0xB5, 0x18, 0xBC, 0xD7, 0xBB, 0xF8, 0xBB, 0xF8, 0xBB,
    0xF8, 0xBB, 0xF8, 0xBB, 0xF8, 0xBB, 0xF8, 0xBB, 0xF8, 0xBB, 0xF8, 0xBB, 0xF8, 0xBB, 0xF8, 0xBB,
    0xF8, 0xBB, 0xF8, 0xBB, 0x19, 0xC4, 0x94, 0x93, 0xD0, 0x62, 0xF6, 0x9B, 0x18, 0xBC, 0x18, 0xC4,
    0xF8, 0xBB, 0xF8, 0xBB, 0xF8, 0xBB, 0xF8, 0xBB, 0xF8, 0xBB, 0xF8, 0xBB, 0xF8, 0xBB, 0xF8, 0xBB,
    0xF8, 0xBB, 0xF8, 0xBB, 0xF8, 0xBB, 0xF8, 0xBB, 0xF8, 0xBB, 0xF8, 0xBB, 0xF8, 0xBB, 0xF8, 0xBB,
    0xF8, 0xBB, 0xF8, 0xBB, 0xF8, 0xBB, 0xF8, 0xBB, 0xF8, 0xBB, 0xF8, 0xBB, 0xF8, 0xBB, 0xF8, 0xBB,
    0xF8, 0xBB, 0xF8, 0xBB, 0xF8, 0xBB, 0xF8, 0xBB, 0xF8, 0xBB, 0xF8, 0xBB, 0xF8, 0xBB, 0xF8, 0xBB,
    0xF8, 0xBB, 0xF8, 0xBB, 0xF8, 0xBB, 0xF8, 0xBB, 0xF8, 0xBB, 0xF8, 0xBB, 0xF8, 0xBB, 0xF8, 0xBB,
    0xF8, 0xBB, 0xF8, 0xBB, 0xF8, 0xBB, 0xF8, 0xBB, 0xF8, 0xBB, 0xF8, 0xBB, 0xF8, 0xBB, 0xF8, 0xBB,
    0xF8, 0xBB, 0xF8, 0xBB, 0xF8, 0xBB, 0xF8, 0xBB, 0xF8, 0xBB, 0xF8, 0xBB, 0xF8, 0xBB, 0xF8, 0xBB,
    0xF8, 0xBB, 0xF8, 0xBB, 0xF8, 0xBB, 0xF8, 0xBB, 0xF8, 0xBB, 0xF8, 0xBB, 0xF8, 0xBB, 0xF8, 0xBB,
    0xF8, 0xBB, 0xF8, 0xBB, 0xF8, 0xBB, 0xF8, 0xBB, 0xF8, 0xBB, 0xF8, 0xBB, 0xF8, 0xBB, 0xF8, 0xBB,
    0xF8, 0xBB, 0xF8, 0xBB, 0xF8, 0xBB, 0xF8, 0xBB, 0xF8, 0xBB, 0xF8, 0xBB, 0xF8, 0xBB, 0xF8, 0xBB,
    0xF8, 0xBB, 0xF8, 0xBB, 0xF8, 0xBB, 0xF8, 0xBB, 0xF8, 0xBB, 0xF8, 0xBB, 0xF8, 0xBB, 0xF8, 0xBB,
    0xF8, 0xBB, 0xF8, 0xBB, 0xF8, 0xBB, 0xF8, 0xBB, 0xF8, 0xBB, 0xF8, 0xBB, 0xF8, 0xBB, 0xF8, 0xBB,
    0xF8, 0xBB, 0xF8, 0xBB, 0xF8, 0xBB, 0xF8, 0xBB, 0xF8, 0xBB, 0xF8, 0xBB, 0xF8, 0xBB, 0xF8, 0xBB,
    0xF8, 0xBB, 0xF8, 0xBB, 0xF8, 0xBB, 0xF8, 0xBB, 0xF8, 0xBB, 0xF8, 0xBB, 0xF8, 0xBB, 0xF8, 0xBB,
    0xF8, 0xBB, 0xF8, 0xBB, 0xF8, 0xBB, 0xF8, 0xBB, 0xF8, 0xBB, 0xF8, 0xBB, 0xF8, 0xBB, 0xF8, 0xBB,
    0xF8, 0xBB, 0xF8, 0xBB, 0xF8, 0xBB, 0xF8, 0xBB, 0xF8, 0xBB, 0xF8, 0xBB, 0xF8, 0xBB, 0xF8, 0xBB,
    0xF8, 0xBB, 0xF8, 0xBB, 0xF8, 0xBB, 0xF8, 0xBB, 0xF8, 0xBB, 0xF8, 0xBB, 0xF8, 0xBB, 0xF8, 0xBB,
    0xF8, 0xBB, 0xF8, 0xBB, 0xF8, 0xBB, 0xF8, 0xBB, 0xF8, 0xBB, 0xF8, 0xBB, 0xF8, 0xBB, 0xF8, 0xBB,
    0xF8, 0xBB, 0xF8, 0xBB, 0xF8, 0xBB, 0xF8, 0xBB, 0xF8, 0xBB, 0xF8, 0xBB, 0xF8, 0xBB, 0xF8, 0xBB,
    0xF8, 0xBB, 0xF8, 0xBB, 0xF8, 0xBB, 0xF8, 0xBB, 0xF8, 0xBB, 0xF8, 0xBB, 0xF8, 0xBB, 0xF8, 0xBB,
    0xF8, 0xBB, 0xF8, 0xBB, 0xF8, 0xBB, 0xF8, 0xBB, 0xF8, 0xBB, 0xF8, 0xBB, 0xF8, 0xBB, 0xF8, 0xBB,
    0xF8, 0xBB, 0xF8, 0xBB, 0xF8, 0xBB, 0xF8, 0xBB, 0xF8, 0xBB, 0xF8, 0xBB, 0xF8, 0xBB, 0xF8, 0xBB,
    0xF8, 0xBB, 0xF8, 0xBB, 0xF8, 0xBB, 0xF8, 0xBB, 0xF8, 0xBB, 0xF8, 0xBB, 0xF8, 0xBB, 0xF8, 0xBB,
    0xF8, 0xBB, 0xF8, 0xBB, 0xF8, 0xBB, 0xF8, 0xBB, 0xF8, 0xBB, 0xF8, 0xBB, 0xF8, 0xBB, 0xF8, 0xBB,
    0xF8, 0xBB, 0xF8, 0xBB, 0xF8, 0xBB, 0xF8, 0xBB, 0xF8, 0xBB, 0xF8, 0xBB, 0xF8, 0xBB, 0xF8, 0xBB,
    0xF8, 0xBB, 0xF8, 0xBB, 0xF8, 0xBB, 0xF8, 0xBB, 0xF8, 0xBB, 0xF8, 0xBB, 0xF8, 0xBB, 0xF8, 0xBB,
    0xF8, 0xBB, 0xF8, 0xBB, 0xF8, 0xBB, 0xF8, 0xBB, 0xF8, 0xBB, 0xF8, 0xBB, 0xF8, 0xBB, 0xF8, 0xBB,
    0xF8, 0xBB, 0xF8, 0xBB, 0xF8, 0xBB, 0xF8, 0xBB, 0xF8, 0xBB, 0xF8, 0xBB, 0xF8, 0xBB, 0xF8, 0xBB,
    0xF8, 0xBB, 0xF8, 0xBB, 0xF8, 0xBB, 0xF8, 0xBB, 0xF8, 0xBB, 0xF8, 0xBB, 0xF8, 0xBB, 0xF8, 0xBB,
    0xF8, 0xBB, 0xF8, 0xBB, 0xF8, 0xBB, 0xF8, 0xBB, 0xF8, 0xBB, 0xF8, 0xBB, 0xF8, 0xBB, 0xD7, 0xBB,
    0xF8, 0xBB, 0xBB, 0xCD, 0xFE, 0xD6, 0x5B, 0xB6, 0x99, 0x9D, 0x58, 0x95, 0x38, 0x8D, 0xD7, 0x7C,
    0x34, 0x6C, 0xF3, 0x63, 0xB2, 0x63, 0x91, 0x5B, 0x50, 0x53, 0x51, 0x53, 0x0F, 0x4B, 0x47, 0x19,
    0x84, 0x00, 0xE6, 0x08, 0x27, 0x09, 0x07, 0x09, 0x27, 0x09, 0x27, 0x09, 0x6E, 0x42, 0xD6, 0xA3,
    0xF8, 0xC3, 0xF8, 0xBB, 0xF8, 0xB3, 0x18, 0xB4, 0x19, 0xB4, 0x19, 0xB4, 0x19, 0xB4, 0x19, 0xB4,
    0x18, 0xB4, 0x18, 0xB4, 0x39, 0xAC, 0x39, 0xB4, 0x39, 0xB4, 0x39, 0xBC, 0x19, 0xBC, 0x19, 0xBC,
    0xF8, 0xC3, 0xF8, 0xC3, 0xD8, 0xC3, 0xD7, 0xBB, 0xB7, 0xBB, 0xD8, 0xC3, 0x54, 0x5B, 0xAA, 0x09,
    0xEE, 0x4A, 0xB6, 0x7C, 0xF6, 0x8C, 0xF6, 0x8C, 0x17, 0x8D, 0x37, 0x95, 0x78, 0x9D, 0x98, 0xA5,
    0xD9, 0xAD, 0xD9, 0xAD, 0x7B, 0xBE, 0x7E, 0xDF, 0xFE, 0xE6, 0x58, 0xC4, 0xB7, 0xBB, 0xF8, 0xBB,
    0xF8, 0xBB, 0xF8, 0xBB, 0xF8, 0xBB, 0xF8, 0xBB, 0xF8, 0xBB, 0xF8, 0xBB, 0xF8, 0xBB, 0xF8, 0xBB,
    0xF8, 0xBB, 0xF8, 0xBB, 0xF8, 0xBB, 0x18, 0xC4, 0x19, 0xC4, 0xF8, 0xC3, 0xF8, 0xBB, 0xF8, 0xBB,
    0xF8, 0xBB, 0xF8, 0xBB, 0xF8, 0xBB, 0xF8, 0xBB, 0xF8, 0xBB, 0xF8, 0xBB, 0xF8, 0xBB, 0xF8, 0xBB,
    0xF8, 0xBB, 0xF8, 0xBB, 0xF8, 0xBB, 0xF8, 0xBB, 0xF8, 0xBB, 0xF8, 0xBB, 0xF8, 0xBB, 0xF8, 0xBB,
    0xF8, 0xBB, 0xF8, 0xBB, 0xF8, 0xBB, 0xF8, 0xBB, 0xF8, 0xBB, 0xF8, 0xBB, 0xF8, 0xBB, 0xF8, 0xBB,
    0xF8, 0xBB, 0xF8, 0xBB, 0xF8, 0xBB, 0xF8, 0xBB, 0xF8, 0xBB, 0xF8, 0xBB, 0xF8, 0xBB, 0xF8, 0xBB,
    0xF8, 0xBB, 0xF8, 0xBB, 0xF8, 0xBB, 0xF8, 0xBB, 0xF8, 0xBB, 0xF8, 0xBB, 0xF8, 0xBB, 0xF8, 0xBB,
    0xF8, 0xBB, 0xF8, 0xBB, 0xF8, 0xBB, 0xF8, 0xBB, 0xF8, 0xBB, 0xF8, 0xBB, 0xF8, 0xBB, 0xF8, 0xBB,
    0xF8, 0xBB, 0xF8, 0xBB, 0xF8, 0xBB, 0xF8, 0xBB, 0xF8, 0xBB, 0xF8, 0xBB, 0xF8, 0xBB, 0xF8, 0xBB,
    0xF8, 0xBB, 0xF8, 0xBB, 0xF8, 0xBB, 0xF8, 0xBB, 0xF8, 0xBB, 0xF8, 0xBB, 0xF8, 0xBB, 0xF8, 0xBB,
    0xF8, 0xBB, 0xF8, 0xBB, 0xF8, 0xBB, 0xF8, 0xBB, 0xF8, 0xBB, 0xF8, 0xBB, 0xF8, 0xBB, 0xF8, 0xBB,
    0xF8, 0xBB, 0xF8, 0xBB, 0xF8, 0xBB, 0xF8, 0xBB, 0xF8, 0xBB, 0xF8, 0xBB, 0xF8, 0xBB, 0xF8, 0xBB,
    0xF8, 0xBB, 0xF8, 0xBB, 0xF8, 0xBB, 0xF8, 0xBB, 0xF8, 0xBB, 0xF8, 0xBB, 0xF8, 0xBB, 0xF8, 0xBB,
    0xF8, 0xBB, 0xF8, 0xBB, 0xF8, 0xBB, 0xF8, 0xBB, 0xF8, 0xBB, 0xF8, 0xBB, 0xF8, 0xBB, 0xF8, 0xBB,
    0xF8, 0xBB, 0xF8, 0xBB, 0xF8, 0xBB, 0xF8, 0xBB, 0xF8, 0xBB, 0xF8, 0xBB, 0xF8, 0xBB, 0xF8, 0xBB,
    0xF8, 0xBB, 0xF8, 0xBB, 0xF8, 0xBB, 0xF8, 0xBB, 0xF8, 0xBB, 0xF8, 0xBB, 0xF8, 0xBB, 0xF8, 0xBB,
    0xF8, 0xBB, 0xF8, 0xBB, 0xF8, 0xBB, 0xF8, 0xBB, 0xF8, 0xBB, 0xF8, 0xBB, 0xF8, 0xBB, 0xF8, 0xBB,
    0xF8, 0xBB, 0xF8, 0xBB, 0xF8, 0xBB, 0xF8, 0xBB, 0xF8, 0xBB, 0xF8, 0xBB, 0xF8, 0xBB, 0xF8, 0xBB,
    0xF8, 0xBB, 0xF8, 0xBB, 0xF8, 0xBB, 0xF8, 0xBB, 0xF8, 0xBB, 0xF8, 0xBB, 0xF8, 0xBB, 0xF8, 0xBB,
    0xF8, 0xBB, 0xF8, 0xBB, 0xF8, 0xBB, 0xF8, 0xBB, 0xF8, 0xBB, 0xF8, 0xBB, 0xF8, 0xBB, 0xF8, 0xBB,
    0xF8, 0xBB, 0xF8, 0xBB, 0xF8, 0xBB, 0xF8, 0xBB, 0xF8, 0xBB, 0xF8, 0xBB, 0xF8, 0xBB, 0xF8, 0xBB,
    0xF8, 0xBB, 0xF8, 0xBB, 0xF8, 0xBB, 0xF8, 0xBB, 0xF8, 0xBB, 0xF8, 0xBB, 0xF8, 0xBB, 0xF8, 0xBB,
    0xF8, 0xBB, 0xF8, 0xBB, 0xF8, 0xBB, 0xF8, 0xBB, 0xF8, 0xBB, 0xF8, 0xBB, 0xF8, 0xBB, 0xF8, 0xBB,
    0xF8, 0xBB, 0xF8, 0xBB, 0xF8, 0xBB, 0xF8, 0xBB, 0xF8, 0xBB, 0xF8, 0xBB, 0xF8, 0xBB, 0xF8, 0xBB,
    0xF8, 0xBB, 0xF8, 0xBB, 0xF8, 0xBB, 0xF8, 0xBB, 0xF8, 0xBB, 0xF8, 0xBB, 0xF8, 0xBB, 0xF8, 0xBB,
    0xF8, 0xBB, 0xF8, 0xBB, 0xF8, 0xBB, 0xF8, 0xBB, 0xF8, 0xBB, 0xF8, 0xBB, 0xF8, 0xBB, 0xF8, 0xBB,
    0xF8, 0xBB, 0xF8, 0xBB, 0xF8, 0xBB, 0xF8, 0xBB, 0xF8, 0xBB, 0xF8, 0xBB, 0xF8, 0xBB, 0xF8, 0xBB,
    0xF8, 0xBB, 0xF8, 0xBB, 0xF8, 0xBB, 0xF8, 0xBB, 0xF8, 0xBB, 0xF8, 0xBB, 0xF8, 0xBB, 0xF8, 0xBB,
    0xF8, 0xBB, 0xF8, 0xBB, 0xF8, 0xBB, 0xF8, 0xBB, 0xF8, 0xBB, 0xF8, 0xBB, 0xF8, 0xBB, 0xF8, 0xBB,
    0xF8, 0xBB, 0xF8, 0xBB, 0xF8, 0xBB, 0xF8, 0xBB, 0xF8, 0xBB, 0xF8, 0xBB, 0xF8, 0xBB, 0xF8, 0xBB,
    0xF8, 0xBB, 0xF8, 0xBB, 0xF8, 0xBB, 0xF8, 0xBB, 0xF8, 0xBB, 0xF8, 0xBB, 0xF8, 0xBB, 0xF8, 0xBB,
    0xF8, 0xBB, 0xF8, 0xBB, 0xF8, 0xBB, 0xF8, 0xBB, 0xF8, 0xBB, 0xF8, 0xBB, 0xB7, 0xB3, 0xBA, 0xC4,
    0xFE, 0xE6, 0xDC, 0xC6, 0x1B, 0xAE, 0xBA, 0x9D, 0x79, 0x95, 0x38, 0x8D, 0xB6, 0x74, 0x55, 0x6C,
    0x34, 0x64, 0x14, 0x5C, 0xD3, 0x5B, 0x92, 0x5B, 0x71, 0x53, 0x30, 0x4B, 0x10, 0x4B, 0xF0, 0x4A,
    0x47, 0x19, 0xA4, 0x00, 0x07, 0x09, 0x68, 0x11, 0xA9, 0x19, 0x6E, 0x4A, 0xB7, 0xAB, 0xF8, 0xC3,
    0xF8, 0xBB, 0xF8, 0xBB, 0xF8, 0xBB, 0xF8, 0xBB, 0xF8, 0xBB, 0xF8, 0xBB, 0xF8, 0xBB, 0xF8, 0xBB,
    0xF8, 0xBB, 0xF8, 0xBB, 0xF8, 0xBB, 0xF8, 0xBB, 0xF8, 0xBB, 0xF8, 0xBB, 0xF8, 0xBB, 0xF8, 0xBB,
    0xF8, 0xBB, 0xF8, 0xBB, 0xF8, 0xBB, 0xF8, 0xBB, 0xF8, 0xBB, 0x18, 0xC4, 0xF7, 0x9B, 0x35, 0x64,
    0xD6, 0x84, 0xF7, 0x84, 0x17, 0x8D, 0x37, 0x95, 0x58, 0x95, 0x58, 0x95, 0x78, 0x9D, 0x98, 0xA5,
    0xB8, 0xA5, 0xD9, 0xAD, 0xD9, 0xAD, 0x3A, 0xB6, 0x3E, 0xD7, 0x5F, 0xE7, 0xFA, 0xC4, 0xB7, 0xBB,
    0xF8, 0xBB, 0xF8, 0xBB, 0xF8, 0xBB, 0xF8, 0xBB, 0xF8, 0xBB, 0xF8, 0xBB, 0xF8, 0xBB, 0xF8, 0xBB,
    0xF8, 0xBB, 0xF8, 0xBB, 0xF8, 0xBB, 0xF8, 0xBB, 0xF8, 0xBB, 0xF8, 0xBB, 0xF8, 0xBB, 0xF8, 0xBB,
    0xF8, 0xBB, 0xF8, 0xBB, 0xF8, 0xBB, 0xF8, 0xBB, 0xF8, 0xBB, 0xF8, 0xBB, 0xF8, 0xBB, 0xF8, 0xBB,
    0xF8, 0xBB, 0xF8, 0xBB, 0xF8, 0xBB, 0xF8, 0xBB, 0xF8, 0xBB, 0xF8, 0xBB, 0xF8, 0xBB, 0xF8, 0xBB,
    0xF8, 0xBB, 0xF8, 0xBB, 0xF8, 0xBB, 0xF8, 0xBB, 0xF8, 0xBB, 0xF8, 0xBB, 0xF8, 0xBB, 0xF8, 0xBB,
    0xF8, 0xBB, 0xF8, 0xBB, 0xF8, 0xBB, 0xF8, 0xBB, 0xF8, 0xBB, 0xF8, 0xBB, 0xF8, 0xBB, 0xF8, 0xBB,
    0xF8, 0xBB, 0xF8, 0xBB, 0xF8, 0xBB, 0xF8, 0xBB, 0xF8, 0xBB, 0xF8, 0xBB, 0xF8, 0xBB, 0xF8, 0xBB,
    0xF8, 0xBB, 0xF8, 0xBB, 0xF8, 0xBB, 0xF8, 0xBB, 0xF8, 0xBB, 0xF8, 0xBB, 0xF8, 0xBB, 0xF8, 0xBB,
    0xF8, 0xBB, 0xF8, 0xBB, 0xF8, 0xBB, 0xF8, 0xBB, 0xF8, 0xBB, 0xF8, 0xBB, 0xF8, 0xBB, 0xF8, 0xBB,
    0xF8, 0xBB, 0xF8, 0xBB, 0xF8, 0xBB, 0xF8, 0xBB, 0xF8, 0xBB, 0xF8, 0xBB, 0xF8, 0xBB, 0xF8, 0xBB,
    0xF8, 0xBB, 0xF8, 0xBB, 0xF8, 0xBB, 0xF8, 0xBB, 0xF8, 0xBB, 0xF8, 0xBB, 0xF8, 0xBB, 0xF8, 0xBB,
    0xF8, 0xBB, 0xF8, 0xBB, 0xF8, 0xBB, 0xF8, 0xBB, 0xF8, 0xBB, 0xF8, 0xBB, 0xF8, 0xBB, 0xF8, 0xBB,
    0xF8, 0xBB, 0xF8, 0xBB, 0xF8, 0xBB, 0xF8, 0xBB, 0xF8, 0xBB, 0xF8, 0xBB, 0xF8, 0xBB, 0xF8, 0xBB,
    0xF8, 0xBB, 0xF8, 0xBB, 0xF8, 0xBB, 0xF8, 0xBB, 0xF8, 0xBB, 0xF8, 0xBB, 0xF8, 0xBB, 0xF8, 0xBB,
    0xF8, 0xBB, 0xF8, 0xBB, 0xF8, 0xBB, 0xF8, 0xBB, 0xF8, 0xBB, 0xF8, 0xBB, 0xF8, 0xBB, 0xF8, 0xBB,
    0xF8, 0xBB, 0xF8, 0xBB, 0xF8, 0xBB, 0xF8, 0xBB, 0xF8, 0xBB, 0xF8, 0xBB, 0xF8, 0xBB, 0xF8, 0xBB,
    0xF8, 0xBB, 0xF8, 0xBB, 0xF8, 0xBB, 0xF8, 0xBB, 0xF8, 0xBB, 0xF8, 0xBB, 0xF8, 0xBB, 0xF8, 0xBB,
    0xF8, 0xBB, 0xF8, 0xBB, 0xF8, 0xBB, 0xF8, 0xBB, 0xF8, 0xBB, 0xF8, 0xBB, 0xF8, 0xBB, 0xF8, 0xBB,
    0xF8, 0xBB, 0xF8, 0xBB, 0xF8, 0xBB, 0xF8, 0xBB, 0xF8, 0xBB, 0xF8, 0xBB, 0xF8, 0xBB, 0xF8, 0xBB,
    0xF8, 0xBB, 0xF8, 0xBB, 0xF8, 0xBB, 0xF8, 0xBB, 0xF8, 0xBB, 0xF8, 0xBB, 0xF8, 0xBB, 0xF8, 0xBB,
    0xF8, 0xBB, 0xF8, 0xBB, 0xF8, 0xBB, 0xF8, 0xBB, 0xF8, 0xBB, 0xF8, 0xBB, 0xF8, 0xBB, 0xF8, 0xBB,
    0xF8, 0xBB, 0xF8, 0xBB, 0xF8, 0xBB, 0xF8, 0xBB, 0xF8, 0xBB, 0xF8, 0xBB, 0xF8, 0xBB, 0xF8, 0xBB,
    0xF8, 0xBB, 0xF8, 0xBB, 0xF8, 0xBB, 0xF8, 0xBB, 0xF8, 0xBB, 0xF8, 0xBB, 0xF8, 0xBB, 0xF8, 0xBB,
    0xF8, 0xBB, 0xF8, 0xBB, 0xF8, 0xBB, 0xF8, 0xBB, 0xF8, 0xBB, 0xF8, 0xBB, 0xF8, 0xBB, 0xF8, 0xBB,
    0xF8, 0xBB, 0xF8, 0xBB, 0xF8, 0xBB, 0xF8, 0xBB, 0xF8, 0xBB, 0xF8, 0xBB, 0xF8, 0xBB, 0xF8, 0xBB,
    0xF8, 0xBB, 0xF8, 0xBB, 0xF8, 0xBB, 0xF8, 0xBB, 0xF8, 0xBB, 0xF8, 0xBB, 0xF8, 0xBB, 0xF8, 0xBB,
    0xF8, 0xBB, 0xF8, 0xBB, 0xF8, 0xBB, 0xF8, 0xBB, 0xF8, 0xBB, 0xF8, 0xBB, 0xF8, 0xBB, 0xF8, 0xBB,
    0xF8, 0xBB, 0xF8, 0xBB, 0xF8, 0xBB, 0xF8, 0xBB, 0xF8, 0xBB, 0xF8, 0xBB, 0xF8, 0xBB, 0xF8, 0xBB,
    0xF8, 0xBB, 0xF8, 0xBB, 0xF8, 0xBB, 0xF8, 0xBB, 0xF8, 0xBB, 0xF8, 0xBB, 0xF8, 0xBB, 0xF8, 0xBB,
    0xF8, 0xBB, 0xF8, 0xBB, 0xF8, 0xBB, 0xF8, 0xBB, 0xF8, 0xBB, 0xF8, 0xBB, 0xF8, 0xBB, 0xF8, 0xBB,
    0xF8, 0xBB, 0xF8, 0xBB, 0xF8, 0xBB, 0xF8, 0xBB, 0xF8, 0xBB, 0xF8, 0xBB, 0xF8, 0xBB, 0xF8, 0xBB,
    0xF8, 0xBB, 0xF8, 0xBB, 0xF8, 0xBB, 0xF8, 0xBB, 0xF8, 0xBB, 0xB7, 0xBB, 0x3A, 0xCD, 0x9F, 0xEF,
    0xDC, 0xC6, 0x1B, 0xAE, 0xFA, 0xAD, 0xFA, 0xA5, 0xFA, 0xAD, 0xB9, 0x9D, 0x76, 0x74, 0x35, 0x6C,
    0x34, 0x64, 0xF4, 0x5B, 0xF3, 0x5B, 0xD3, 0x53, 0xB3, 0x53, 0x92, 0x4B, 0x51, 0x4B, 0x31, 0x4B,
    0x10, 0x43, 0x48, 0x19, 0xC6, 0x08, 0x68, 0x19, 0xCC, 0x5A, 0xB7, 0xBC, 0xBA, 0xCC, 0x99, 0xC4,
    0x99, 0xC4, 0x99, 0xC4, 0x18, 0xBC, 0xF8, 0xBB, 0xF8, 0xBB, 0xF8, 0xBB, 0xF8, 0xBB, 0xF8, 0xBB,
    0xF8, 0xBB, 0xF8, 0xBB, 0xF8, 0xBB, 0xF8, 0xBB, 0xF8, 0xBB, 0xF8, 0xBB, 0xF8, 0xBB, 0xF8, 0xBB,
    0xF8, 0xBB, 0xF8, 0xBB, 0xF8, 0xBB, 0xF8, 0xBB, 0xD8, 0xBB, 0xF8, 0xBB, 0xB9, 0xA4, 0x17, 0x85,
    0x17, 0x8D, 0x58, 0x95, 0x78, 0x95, 0x58, 0x95, 0x78, 0x9D, 0x78, 0x9D, 0x98, 0x9D, 0x98, 0xA5,
    0xB8, 0xA5, 0xB9, 0xA5, 0xD9, 0xAD, 0xD9, 0xAD, 0x3A, 0xB6, 0x1E, 0xD7, 0x9F, 0xE7, 0x5B, 0xCD,
    0xD7, 0xBB, 0xF8, 0xBB, 0xF8, 0xBB, 0xF8, 0xBB, 0xF8, 0xBB, 0xF8, 0xBB, 0xF8, 0xBB, 0xF8, 0xBB,
    0xF8, 0xBB, 0xF8, 0xBB, 0xF8, 0xBB, 0xF8, 0xBB, 0xF8, 0xBB, 0xF8, 0xBB, 0xF8, 0xBB, 0xF8, 0xBB,
    0xF8, 0xBB, 0xF8, 0xBB, 0xF8, 0xBB, 0xF8, 0xBB, 0xF8, 0xBB, 0xF8, 0xBB, 0xF8, 0xBB, 0xF8, 0xBB,
    0xF8, 0xBB, 0xF8, 0xBB, 0xF8, 0xBB, 0xF8, 0xBB, 0xF8, 0xBB, 0xF8, 0xBB, 0xF8, 0xBB, 0xF8, 0xBB,
    0xF8, 0xBB, 0xF8, 0xBB, 0xF8, 0xBB, 0xF8, 0xBB, 0xF8, 0xBB, 0xF8, 0xBB, 0xF8, 0xBB, 0xF8, 0xBB,
    0xF8, 0xBB, 0xF8, 0xBB, 0xF8, 0xBB, 0xF8, 0xBB, 0xF8, 0xBB, 0xF8, 0xBB, 0xF8, 0xBB, 0xF8, 0xBB,
    0xF8, 0xBB, 0xF8, 0xBB, 0xF8, 0xBB, 0xF8, 0xBB, 0xF8, 0xBB, 0xF8, 0xBB, 0xF8, 0xBB, 0xF8, 0xBB,
    0xF8, 0xBB, 0xF8, 0xBB, 0xF8, 0xBB, 0xF8, 0xBB, 0xF8, 0xBB, 0xF8, 0xBB, 0xF8, 0xBB, 0xF8, 0xBB,
    0xF8, 0xBB, 0xF8, 0xBB, 0xF8, 0xBB, 0xF8, 0xBB, 0xF8, 0xBB, 0xF8, 0xBB, 0xF8, 0xBB, 0xF8, 0xBB,
    0xF8, 0xBB, 0xF8, 0xBB, 0xF8, 0xBB, 0xF8, 0xBB, 0xF8, 0xBB, 0xF8, 0xBB, 0xF8, 0xBB, 0xF8, 0xBB,
    0xF8, 0xBB, 0xF8, 0xBB, 0xF8, 0xBB, 0xF8, 0xBB, 0xF8, 0xBB, 0xF8, 0xBB, 0xF8, 0xBB, 0xF8, 0xBB,
    0xF8, 0xBB, 0xF8, 0xBB, 0xF8, 0xBB, 0xF8, 0xBB, 0xF8, 0xBB, 0xF8, 0xBB, 0xF8, 0xBB, 0xF8, 0xBB,
    0xF8, 0xBB, 0xF8, 0xBB, 0xF8, 0xBB, 0xF8, 0xBB, 0xF8, 0xBB, 0xF8, 0xBB, 0xF8, 0xBB, 0xF8, 0xBB,
    0xF8, 0xBB, 0xF8, 0xBB, 0xF8, 0xBB, 0xF8, 0xBB, 0xF8, 0xBB, 0xF8, 0xBB, 0xF8, 0xBB, 0xF8, 0xBB,
    0xF8, 0xBB, 0xF8, 0xBB, 0xF8, 0xBB, 0xF8, 0xBB, 0xF8, 0xBB, 0xF8, 0xBB, 0xF8, 0xBB, 0xF8, 0xBB,
    0xF8, 0xBB, 0xF8, 0xBB, 0xF8, 0xBB, 0xF8, 0xBB, 0xF8, 0xBB, 0xF8, 0xBB, 0xF8, 0xBB, 0xF8, 0xBB,
    0xF8, 0xBB, 0xF8, 0xBB, 0xF8, 0xBB, 0xF8, 0xBB, 0xF8, 0xBB, 0xF8, 0xBB, 0xF8, 0xBB, 0xF8, 0xBB,
    0xF8, 0xBB, 0xF8, 0xBB, 0xF8, 0xBB, 0xF8, 0xBB, 0xF8, 0xBB, 0xF8, 0xBB, 0xF8, 0xBB, 0xF8, 0xBB,
    0xF8, 0xBB, 0xF8, 0xBB, 0xF8, 0xBB, 0xF8, 0xBB, 0xF8, 0xBB, 0xF8, 0xBB, 0xF8, 0xBB, 0xF8, 0xBB,
    0xF8, 0xBB, 0xF8, 0xBB, 0xF8, 0xBB, 0xF8, 0xBB, 0xF8, 0xBB, 0xF8, 0xBB, 0xF8, 0xBB, 0xF8, 0xBB,
    0xF8, 0xBB, 0xF8, 0xBB, 0xF8, 0xBB, 0xF8, 0xBB, 0xF8, 0xBB, 0xF8, 0xBB, 0xF8, 0xBB, 0xF8, 0xBB,
    0xF8, 0xBB, 0xF8, 0xBB, 0xF8, 0xBB, 0xF8, 0xBB, 0xF8, 0xBB, 0xF8, 0xBB, 0xF8, 0xBB, 0xF8, 0xBB,
    0xF8, 0xBB, 0xF8, 0xBB, 0xF8, 0xBB, 0xF8, 0xBB, 0xF8, 0xBB, 0xF8, 0xBB, 0xF8, 0xBB, 0xF8, 0xBB,
    0xF8, 0xBB, 0xF8, 0xBB, 0xF8, 0xBB, 0xF8, 0xBB, 0xF8, 0xBB, 0xF8, 0xBB, 0xF8, 0xBB, 0xF8, 0xBB,
    0xF8, 0xBB, 0xF8, 0xBB, 0xF8, 0xBB, 0xF8, 0xBB, 0xF8, 0xBB, 0xF8, 0xBB, 0xF8, 0xBB, 0xF8, 0xBB,
    0xF8, 0xBB, 0xF8, 0xBB, 0xF8, 0xBB, 0xF8, 0xBB, 0xF8, 0xBB, 0xF8, 0xBB, 0xF8, 0xBB, 0xF8, 0xBB,
    0xF8, 0xBB, 0xF8, 0xBB, 0xF8, 0xBB, 0xF8, 0xBB, 0xF8, 0xBB, 0xF8, 0xBB, 0xF8, 0xBB, 0xF8, 0xBB,
    0xF8, 0xBB, 0xF8, 0xBB, 0xF8, 0xBB, 0xF8, 0xBB, 0xF8, 0xBB, 0xF8, 0xBB, 0xF8, 0xBB, 0xF8, 0xBB,
    0xF8, 0xBB, 0xF8, 0xBB, 0xF8, 0xBB, 0xF8, 0xBB, 0xF8, 0xBB, 0xF8, 0xBB, 0xF8, 0xBB, 0xF8, 0xBB,
    0xF8, 0xBB, 0xF8, 0xBB, 0xF8, 0xBB, 0xF8, 0xBB, 0xF8, 0xBB, 0xF8, 0xBB, 0xF8, 0xBB, 0xF8, 0xBB,
    0xF8, 0xBB, 0xF8, 0xBB, 0xF8, 0xBB, 0xF8, 0xBB, 0xF8, 0xBB, 0xF8, 0xBB, 0xF8, 0xBB, 0xF8, 0xBB,
    0xF8, 0xBB, 0xF8, 0xBB, 0xF8, 0xBB, 0xF8, 0xBB, 0xD7, 0xBB, 0xFA, 0xC4, 0xFF, 0xFF, 0x5E, 0xDF,
    0x7C, 0xBE, 0x7B, 0xBE, 0x7B, 0xBE, 0x3B, 0xB6, 0xB9, 0xA5, 0x37, 0x8D, 0x95, 0x74, 0x55, 0x6C,
    0x34, 0x64, 0x14, 0x64, 0x14, 0x5C, 0xF4, 0x5B, 0xF3, 0x5B, 0xD3, 0x53, 0xB3, 0x53, 0x92, 0x4B,
    0x72, 0x4B, 0x71, 0x4B, 0x10, 0x43, 0x50, 0x4B, 0xB4, 0x8C, 0x97, 0xAD, 0x3A, 0xC6, 0x5E, 0xEF,
    0xFF, 0xFF, 0xFF, 0xFF, 0x5F, 0xFF, 0x38, 0xBC, 0xF8, 0xBB, 0xF8, 0xBB, 0xF8, 0xBB, 0xF8, 0xBB,
    0xF8, 0xBB, 0xF8, 0xBB, 0xF8, 0xBB, 0xF8, 0xBB, 0xF8, 0xBB, 0xF8, 0xBB, 0xF8, 0xBB, 0xF8, 0xBB,
    0xF8, 0xBB, 0xF8, 0xBB, 0xF8, 0xBB, 0x18, 0xC4, 0xBC, 0xD5, 0x5D, 0xC6, 0xDB, 0x95, 0x78, 0x95,
    0x99, 0x95, 0x99, 0x9D, 0xB9, 0x9D, 0xD9, 0xA5, 0xB9, 0xA5, 0x98, 0x9D, 0x98, 0xA5, 0xB9, 0xA5,
    0xB8, 0xA5, 0xB9, 0xA5, 0xD9, 0xA5, 0xD9, 0xAD, 0x1A, 0xAE, 0x5B, 0xBE, 0x3D, 0xD7, 0x9F, 0xE7,
    0x7B, 0xCD, 0xD8, 0xBB, 0x18, 0xBC, 0xF8, 0xBB, 0xF8, 0xBB, 0xF8, 0xBB, 0xF8, 0xBB, 0xF8, 0xBB,
    0xF8, 0xBB, 0xF8, 0xBB, 0xF8, 0xBB, 0xF8, 0xBB, 0xF8, 0xBB, 0xF8, 0xBB, 0xF8, 0xBB, 0xF8, 0xBB,
    0xF8, 0xBB, 0xF8, 0xBB, 0xF8, 0xBB, 0xF8, 0xBB, 0xF8, 0xBB, 0xF8, 0xBB, 0xF8, 0xBB, 0xF8, 0xBB,
    0xF8, 0xBB, 0xF8, 0xBB, 0xF8, 0xBB, 0xF8, 0xBB, 0xF8, 0xBB, 0xF8, 0xBB, 0xF8, 0xBB, 0xF8, 0xBB,
    0xF8, 0xBB, 0xF8, 0xBB, 0xF8, 0xBB, 0xF8, 0xBB, 0xF8, 0xBB, 0xF8, 0xBB, 0xF8, 0xBB, 0xF8, 0xBB,
    0xF8, 0xBB, 0xF8, 0xBB, 0xF8, 0xBB, 0xF8, 0xBB, 0xF8, 0xBB, 0xF8, 0xBB, 0xF8, 0xBB, 0xF8, 0xBB,
    0xF8, 0xBB, 0xF8, 0xBB, 0xF8, 0xBB, 0xF8, 0xBB, 0xF8, 0xBB, 0xF8, 0xBB, 0xF8, 0xBB, 0xF8, 0xBB,
    0xF8, 0xBB, 0xF8, 0xBB, 0xF8, 0xBB, 0xF8, 0xBB, 0xF8, 0xBB, 0xF8, 0xBB, 0xF8, 0xBB, 0xF8, 0xBB,
    0xF8, 0xBB, 0xF8, 0xBB, 0xF8, 0xBB, 0xF8, 0xBB, 0xF8, 0xBB, 0xF8, 0xBB, 0xF8, 0xBB, 0xF8, 0xBB,
    0xF8, 0xBB, 0xF8, 0xBB, 0xF8, 0xBB, 0xF8, 0xBB, 0xF8, 0xBB, 0xF8, 0xBB, 0xF8, 0xBB, 0xF8, 0xBB,
    0xF8, 0xBB, 0xF8, 0xBB, 0xF8, 0xBB, 0xF8, 0xBB, 0xF8, 0xBB, 0xF8, 0xBB, 0xF8, 0xBB, 0xF8, 0xBB,
    0xF8, 0xBB, 0xF8, 0xBB, 0xF8, 0xBB, 0xF8, 0xBB, 0xF8, 0xBB, 0xF8, 0xBB, 0xF8, 0xBB, 0xF8, 0xBB,
    0xF8, 0xBB, 0xF8, 0xBB, 0xF8, 0xBB, 0xF8, 0xBB, 0xF8, 0xBB, 0xF8, 0xBB, 0xF8, 0xBB, 0xF8, 0xBB,
    0xF8, 0xBB, 0xF8, 0xBB, 0xF8, 0xBB, 0xF8, 0xBB, 0xF8, 0xBB, 0xF8, 0xBB, 0xF8, 0xBB, 0xF8, 0xBB,
    0xF8, 0xBB, 0xF8, 0xBB, 0xF8, 0xBB, 0xF8, 0xBB, 0xF8, 0xBB, 0xF8, 0xBB, 0xF8, 0xBB, 0xF8, 0xBB,
    0xF8, 0xBB, 0xF8, 0xBB, 0xF8, 0xBB, 0xF8, 0xBB, 0xF8, 0xBB, 0xF8, 0xBB, 0xF8, 0xBB, 0xF8, 0xBB,
    0xF8, 0xBB, 0xF8, 0xBB, 0xF8, 0xBB, 0xF8, 0xBB, 0xF8, 0xBB, 0xF8, 0xBB, 0xF8, 0xBB, 0xF8, 0xBB,
    0xF8, 0xBB, 0xF8, 0xBB, 0xF8, 0xBB, 0xF8, 0xBB, 0xF8, 0xBB, 0xF8, 0xBB, 0xF8, 0xBB, 0xF8, 0xBB,
    0xF8, 0xBB, 0xF8, 0xBB, 0xF8, 0xBB, 0xF8, 0xBB, 0xF8, 0xBB, 0xF8, 0xBB, 0xF8, 0xBB, 0xF8, 0xBB,
    0xF8, 0xBB, 0xF8, 0xBB, 0xF8, 0xBB, 0xF8, 0xBB, 0xF8, 0xBB, 0xF8, 0xBB, 0xF8, 0xBB, 0xF8, 0xBB,
    0xF8, 0xBB, 0xF8, 0xBB, 0xF8, 0xBB, 0xF8, 0xBB, 0xF8, 0xBB, 0xF8, 0xBB, 0xF8, 0xBB, 0xF8, 0xBB,
    0xF8, 0xBB, 0xF8, 0xBB, 0xF8, 0xBB, 0xF8, 0xBB, 0xF8, 0xBB, 0xF8, 0xBB, 0xF8, 0xBB, 0xF8, 0xBB,
    0xF8, 0xBB, 0xF8, 0xBB, 0xF8, 0xBB, 0xF8, 0xBB, 0xF8, 0xBB, 0xF8, 0xBB, 0xF8, 0xBB, 0xF8, 0xBB,
    0xF8, 0xBB, 0xF8, 0xBB, 0xF8, 0xBB, 0xF8, 0xBB, 0xF8, 0xBB, 0xF8, 0xBB, 0xF8, 0xBB, 0xF8, 0xBB,
    0xF8, 0xBB, 0xF8, 0xBB, 0xF8, 0xBB, 0xF8, 0xBB, 0xF8, 0xBB, 0xF8, 0xBB, 0xF8, 0xBB, 0xF8, 0xBB,
    0xF8, 0xBB, 0xF8, 0xBB, 0xF8, 0xBB, 0xF8, 0xBB, 0xF8, 0xBB, 0xF8, 0xBB, 0xF8, 0xBB, 0xF8, 0xBB,
    0xF8, 0xBB, 0xF8, 0xBB, 0xF8, 0xBB, 0xF8, 0xBB, 0xF8, 0xBB, 0xF8, 0xBB, 0xF8, 0xBB, 0xF8, 0xBB,
    0xF8, 0xBB, 0xF8, 0xBB, 0xF8, 0xBB, 0xF8, 0xBB, 0xF8, 0xBB, 0xF8, 0xBB, 0xF8, 0xBB, 0xF8, 0xBB,
    0xF8, 0xBB, 0xF8, 0xBB, 0xF8, 0xBB, 0xF8, 0xBB, 0xF8, 0xBB, 0xF8, 0xBB, 0xF8, 0xBB, 0xF8, 0xBB,
    0xF8, 0xBB, 0xF8, 0xBB, 0xF8, 0xBB, 0xF8, 0xBB, 0xF8, 0xBB, 0xF8, 0xBB, 0xF8, 0xBB, 0xF8, 0xBB,
    0xF8, 0xBB, 0xF8, 0xBB, 0xF8, 0xBB, 0xF8, 0xBB, 0xF8, 0xBB, 0xF8, 0xBB, 0xF8, 0xBB, 0xF8, 0xBB,
    0xF8, 0xBB, 0xF8, 0xBB, 0x18, 0xBC, 0xF8, 0xBB, 0x38, 0xBC, 0x7F, 0xEF, 0x7E, 0xDF, 0x5B, 0xB6,
    0x7B, 0xBE, 0x3B, 0xB6, 0x99, 0x9D, 0x17, 0x8D, 0xD6, 0x7C, 0x96, 0x74, 0x75, 0x74, 0x55, 0x6C,
    0x55, 0x64, 0x34, 0x64, 0x34, 0x64, 0x14, 0x64, 0x14, 0x5C, 0x14, 0x5C, 0xF4, 0x5B, 0xD3, 0x53,
    0xB3, 0x53, 0xB3, 0x4B, 0x93, 0x4B, 0x92, 0x4B, 0x14, 0x5C, 0xB5, 0x74, 0x36, 0x8D, 0xB8, 0xA5,
    0x5A, 0xBE, 0xFC, 0xD6, 0x9E, 0xE7, 0xFB, 0xDD, 0xD8, 0xBB, 0x18, 0xBC, 0xF8, 0xBB, 0x18, 0xBC,
    0x18, 0xBC, 0xF8, 0xBB, 0xF8, 0xBB, 0xF8, 0xBB, 0x18, 0xBC, 0xF8, 0xBB, 0xF8, 0xBB, 0xF8, 0xBB,
    0xF8, 0xBB, 0x18, 0xBC, 0xD8, 0xBB, 0xDC, 0xCD, 0xDD, 0xB6, 0x9C, 0xAE, 0xFA, 0x9D, 0xBA, 0x9D,
    0xB9, 0x9D, 0xFA, 0xAD, 0x5B, 0xB6, 0x5B, 0xBE, 0x3A, 0xB6, 0xD9, 0xAD, 0x99, 0xA5, 0xB9, 0xA5,
    0xD9, 0xAD, 0xF9, 0xAD, 0x1A, 0xB6, 0xFA, 0xB5, 0xF9, 0xAD, 0xF9, 0xAD, 0x3A, 0xB6, 0x3D, 0xDF,
    0xBF, 0xEF, 0x3A, 0xCD, 0xF8, 0xBB, 0x18, 0xC4, 0x18, 0xBC, 0x18, 0xBC, 0x18, 0xBC, 0x18, 0xBC,
    0x18, 0xBC, 0x18, 0xBC, 0x18, 0xBC, 0x18, 0xC4, 0x18, 0xC4, 0x18, 0xBC, 0x18, 0xBC, 0x18, 0xC4,
    0x18, 0xBC, 0x18, 0xBC, 0x18, 0xC4, 0x18, 0xC4, 0x18, 0xC4, 0x18, 0xBC, 0x18, 0xBC, 0x18, 0xC4,
    0x18, 0xBC, 0x18, 0xC4, 0x18, 0xC4, 0x18, 0xC4, 0x18, 0xC4, 0x18, 0xBC, 0x18, 0xC4, 0x18, 0xC4,
    0x18, 0xC4, 0x18, 0xC4, 0x18, 0xC4, 0x18, 0xBC, 0x18, 0xBC, 0x18, 0xBC, 0x18, 0xBC, 0x18, 0xBC,
    0x18, 0xC4, 0x18, 0xC4, 0x18, 0xC4, 0x18, 0xC4, 0x18, 0xBC, 0x18, 0xBC, 0x18, 0xC4, 0x18, 0xBC,
    0x18, 0xBC, 0x18, 0xBC, 0x18, 0xBC, 0x18, 0xC4, 0x18, 0xC4, 0x18, 0xC4, 0x18, 0xC4, 0x18, 0xC4,
    0xF8, 0xBB, 0xF8, 0xBB, 0xF8, 0xBB, 0xF8, 0xBB, 0xF8, 0xBB, 0xF8, 0xBB, 0xF8, 0xBB, 0xF8, 0xBB,
    0xF8, 0xBB, 0xF8, 0xBB, 0xF8, 0xBB, 0xF8, 0xBB, 0xF8, 0xBB, 0xF8, 0xBB, 0xF8, 0xBB, 0xF8, 0xBB,
    0xF8, 0xBB, 0xF8, 0xBB, 0xF8, 0xBB, 0xF8, 0xBB, 0xF8, 0xBB, 0xF8, 0xBB, 0xF8, 0xBB, 0xF8, 0xBB,
    0xF8, 0xBB, 0xF8, 0xBB, 0xF8, 0xBB, 0xF8, 0xBB, 0xF8, 0xBB, 0xF8, 0xBB, 0xF8, 0xBB, 0xF8, 0xBB,
    0xF8, 0xBB, 0xF8, 0xBB, 0xF8, 0xBB, 0xF8, 0xBB, 0xF8, 0xBB, 0xF8, 0xBB, 0xF8, 0xBB, 0xF8, 0xBB,
    0xF8, 0xBB, 0xF8, 0xBB, 0xF8, 0xBB, 0xF8, 0xBB, 0xF8, 0xBB, 0xF8, 0xBB, 0xF8, 0xBB, 0xF8, 0xBB,
    0xF8, 0xBB, 0xF8, 0xBB, 0xF8, 0xBB, 0xF8, 0xBB, 0xF8, 0xBB, 0xF8, 0xBB, 0xF8, 0xBB, 0xF8, 0xBB,
    0xF8, 0xBB, 0xF8, 0xBB, 0xF8, 0xBB, 0xF8, 0xBB, 0xF8, 0xBB, 0xF8, 0xBB, 0xF8, 0xBB, 0xF8, 0xBB,
    0xF8, 0xBB, 0xF8, 0xBB, 0xF8, 0xBB, 0xF8, 0xBB, 0xF8, 0xBB, 0xF8, 0xBB, 0xF8, 0xBB, 0xF8, 0xBB,
    0xF8, 0xBB, 0xF8, 0xBB, 0xF8, 0xBB, 0xF8, 0xBB, 0xF8, 0xBB, 0xF8, 0xBB, 0xF8, 0xBB, 0xF8, 0xBB,
    0xF8, 0xBB, 0xF8, 0xBB, 0xF8, 0xBB, 0xF8, 0xBB, 0xF8, 0xBB, 0xF8, 0xBB, 0xF8, 0xBB, 0xF8, 0xBB,
    0xF8, 0xBB, 0xF8, 0xBB, 0xF8, 0xBB, 0xF8, 0xBB, 0xF8, 0xBB, 0xF8, 0xBB, 0xF8, 0xBB, 0xF8, 0xBB,
    0xF8, 0xBB, 0xF8, 0xBB, 0xF8, 0xBB, 0xF8, 0xBB, 0xF8, 0xBB, 0xF8, 0xBB, 0xF8, 0xBB, 0xF8, 0xBB,
    0xF8, 0xBB, 0xF8, 0xBB, 0xF8, 0xBB, 0xF8, 0xBB, 0xF8, 0xBB, 0xF8, 0xBB, 0xF8, 0xBB, 0xF8, 0xBB,
    0xF8, 0xBB, 0xF8, 0xBB, 0xF8, 0xBB, 0xF8, 0xBB, 0xF8, 0xBB, 0xF8, 0xBB, 0xF8, 0xBB, 0xF8, 0xBB,
    0xF8, 0xBB, 0xF8, 0xBB, 0xF8, 0xBB, 0xF8, 0xBB, 0xF8, 0xBB, 0xF8, 0xBB, 0xF8, 0xBB, 0xF8, 0xBB,
    0xF8, 0xBB, 0xF8, 0xBB, 0xF8, 0xBB, 0xF8, 0xBB, 0xF8, 0xBB, 0xF8, 0xBB, 0xF8, 0xBB, 0xF8, 0xBB,
    0xF8, 0xBB, 0xF8, 0xBB, 0xF8, 0xBB, 0xF8, 0xBB, 0xF8, 0xBB, 0xF8, 0xBB, 0xF8, 0xBB, 0xF8, 0xBB,
    0xF8, 0xBB, 0xF8, 0xBB, 0xF8, 0xBB, 0xF8, 0xBB, 0xF8, 0xBB, 0xF8, 0xBB, 0xF8, 0xBB, 0xF8, 0xBB,
    0xF8, 0xBB, 0xF8, 0xBB, 0xF8, 0xBB, 0xF8, 0xBB, 0xF8, 0xBB, 0xF8, 0xBB, 0xF8, 0xBB, 0xF8, 0xBB,
    0xF8, 0xBB, 0xF8, 0xBB, 0xF8, 0xBB, 0xF8, 0xBB, 0xF8, 0xBB, 0xF8, 0xBB, 0xF8, 0xBB, 0xF8, 0xBB,
    0xF8, 0xBB, 0xF8, 0xBB, 0xF8, 0xBB, 0xF8, 0xBB, 0xF8, 0xBB, 0xF8, 0xBB, 0xF8, 0xBB, 0xF8, 0xBB,
    0xF8, 0xBB, 0xF8, 0xBB, 0xF8, 0xBB, 0xF8, 0xBB, 0xF8, 0xBB, 0xF8, 0xBB, 0xF8, 0xBB, 0xF8, 0xBB,
    0xF8, 0xBB, 0x18, 0xBC, 0x18, 0xBC, 0xF8, 0xBB, 0x18, 0xBC, 0xF8, 0xBB, 0x18, 0xBC, 0xF8, 0xBB,
    0xF8, 0xBB, 0x18, 0xBC, 0x18, 0xC4, 0xD8, 0xBB, 0x7B, 0xCD, 0xDF, 0xE7, 0x78, 0x95, 0x1A, 0xAE,
    0x5B, 0xB6, 0x99, 0x95, 0x38, 0x8D, 0xF7, 0x84, 0xB6, 0x7C, 0x75, 0x6C, 0x55, 0x6C, 0x55, 0x64,
    0x35, 0x64, 0x35, 0x64, 0x55, 0x64, 0x75, 0x6C, 0x75, 0x6C, 0x35, 0x64, 0x35, 0x64, 0x14, 0x5C,
    0x14, 0x5C, 0xD3, 0x53, 0x92, 0x4B, 0xD3, 0x53, 0x14, 0x5C, 0x95, 0x74, 0x57, 0x9D, 0xF8, 0xB5,
    0x19, 0xBE, 0x7A, 0xC6, 0xFC, 0xCE, 0xDD, 0xDE, 0x38, 0xC4, 0xF8, 0xBB, 0x18, 0xBC, 0xF8, 0xBB,
    0xF8, 0xBB, 0x18, 0xBC, 0x18, 0xBC, 0xF8, 0xBB, 0x18, 0xBC, 0x18, 0xBC, 0x18, 0xBC, 0x18, 0xBC,
    0x18, 0xBC, 0xF8, 0xBB, 0x99, 0xC4, 0x1A, 0xAE, 0x1B, 0x9E, 0x1B, 0x9E, 0xFA, 0x9D, 0xDA, 0xA5,
    0x3A, 0xB6, 0x5B, 0xB6, 0xFA, 0xAD, 0x99, 0xA5, 0x78, 0x9D, 0x78, 0x9D, 0x78, 0x9D, 0x78, 0x9D,
    0x78, 0x95, 0xF7, 0x84, 0xB6, 0x74, 0x98, 0x95, 0x3A, 0xB6, 0x1A, 0xB6, 0x1A, 0xB6, 0x7B, 0xC6,
    0x9E, 0xEF, 0x3F, 0xEF, 0x59, 0xC4, 0x18, 0xC4, 0x18, 0xC4, 0x18, 0xC4, 0x18, 0xC4, 0x18, 0xC4,
    0x18, 0xC4, 0x18, 0xC4, 0x18, 0xC4, 0x19, 0xC4, 0x18, 0xC4, 0x18, 0xC4, 0x18, 0xC4, 0x18, 0xC4,
    0x18, 0xC4, 0x18, 0xC4, 0x19, 0xC4, 0x18, 0xC4, 0x18, 0xC4, 0x18, 0xC4, 0x19, 0xC4, 0x18, 0xC4,
    0x18, 0xC4, 0x18, 0xC4, 0x18, 0xC4, 0x18, 0xC4, 0x18, 0xC4, 0x18, 0xC4, 0x19, 0xC4, 0x18, 0xC4,
    0x18, 0xC4, 0x19, 0xC4, 0x19, 0xC4, 0x19, 0xC4, 0x18, 0xC4, 0x18, 0xC4, 0x39, 0xC4, 0x18, 0xC4,
    0x18, 0xC4, 0x18, 0xC4, 0x18, 0xC4, 0x18, 0xC4, 0x19, 0xC4, 0x18, 0xC4, 0x18, 0xC4, 0x18, 0xC4,
    0x18, 0xC4, 0x18, 0xC4, 0x18, 0xC4, 0x19, 0xC4, 0x18, 0xC4, 0x19, 0xC4, 0x19, 0xC4, 0x19, 0xC4,
    0xF8, 0xBB, 0xF8, 0xBB, 0xF8, 0xBB, 0xF8, 0xBB, 0xF8, 0xBB, 0xF8, 0xBB, 0xF8, 0xBB, 0xF8, 0xBB,
    0xF8, 0xBB, 0xF8, 0xBB, 0xF8, 0xBB, 0xF8, 0xBB, 0xF8, 0xBB, 0xF8, 0xBB, 0xF8, 0xBB, 0xF8, 0xBB,
    0xF8, 0xBB, 0xF8, 0xBB, 0xF8, 0xBB, 0xF8, 0xBB, 0xF8, 0xBB, 0xF8, 0xBB, 0xF8, 0xBB, 0xF8, 0xBB,
    0xF8, 0xBB, 0xF8, 0xBB, 0xF8, 0xBB, 0xF8, 0xBB, 0xF8, 0xBB, 0xF8, 0xBB, 0xF8, 0xBB, 0xF8, 0xBB,
    0xF8, 0xBB, 0xF8, 0xBB, 0xF8, 0xBB, 0xF8, 0xBB, 0xF8, 0xBB, 0xF8, 0xBB, 0xF8, 0xBB, 0xF8, 0xBB,
    0xF8, 0xBB, 0xF8, 0xBB, 0xF8, 0xBB, 0xF8, 0xBB, 0xF8, 0xBB, 0xF8, 0xBB, 0xF8, 0xBB, 0xF8, 0xBB,
    0xF8, 0xBB, 0xF8, 0xBB, 0xF8, 0xBB, 0xF8, 0xBB, 0xF8, 0xBB, 0xF8, 0xBB, 0xF8, 0xBB, 0xF8, 0xBB,
    0xF8, 0xBB, 0xF8, 0xBB, 0xF8, 0xBB, 0xF8, 0xBB, 0xF8, 0xBB, 0xF8, 0xBB, 0xF8, 0xBB, 0xF8, 0xBB,
    0xF8, 0xBB, 0xF8, 0xBB, 0xF8, 0xBB, 0xF8, 0xBB, 0xF8, 0xBB, 0xF8, 0xBB, 0xF8, 0xBB, 0xF8, 0xBB,
    0xF8, 0xBB, 0xF8, 0xBB, 0xF8, 0xBB, 0xF8, 0xBB, 0xF8, 0xBB, 0xF8, 0xBB, 0xF8, 0xBB, 0xF8, 0xBB,
    0xF8, 0xBB, 0xF8, 0xBB, 0xF8, 0xBB, 0xF8, 0xBB, 0xF8, 0xBB, 0xF8, 0xBB, 0xF8, 0xBB, 0xF8, 0xBB,
    0xF8, 0xBB, 0xF8, 0xBB, 0xF8, 0xBB, 0xF8, 0xBB, 0xF8, 0xBB, 0xF8, 0xBB, 0xF8, 0xBB, 0xF8, 0xBB,
    0xF8, 0xBB, 0xF8, 0xBB, 0xF8, 0xBB, 0xF8, 0xBB, 0xF8, 0xBB, 0xF8, 0xBB, 0xF8, 0xBB, 0xF8, 0xBB,
    0xF8, 0xBB, 0xF8, 0xBB, 0xF8, 0xBB, 0xF8, 0xBB, 0xF8, 0xBB, 0xF8, 0xBB, 0xF8, 0xBB, 0xF8, 0xBB,
    0xF8, 0xBB, 0xF8, 0xBB, 0xF8, 0xBB, 0xF8, 0xBB, 0xF8, 0xBB, 0xF8, 0xBB, 0xF8, 0xBB, 0xF8, 0xBB,
    0xF8, 0xBB, 0xF8, 0xBB, 0xF8, 0xBB, 0xF8, 0xBB, 0xF8, 0xBB, 0xF8, 0xBB, 0xF8, 0xBB, 0xF8, 0xBB,
    0xF8, 0xBB, 0xF8, 0xBB, 0xF8, 0xBB, 0xF8, 0xBB, 0xF8, 0xBB, 0xF8, 0xBB, 0xF8, 0xBB, 0xF8, 0xBB,
    0xF8, 0xBB, 0xF8, 0xBB, 0xF8, 0xBB, 0xF8, 0xBB, 0xF8, 0xBB, 0xF8, 0xBB, 0xF8, 0xBB, 0xF8, 0xBB,
    0xF8, 0xBB, 0xF8, 0xBB, 0xF8, 0xBB, 0xF8, 0xBB, 0xF8, 0xBB, 0xF8, 0xBB, 0xF8, 0xBB, 0xF8, 0xBB,
    0xF8, 0xBB, 0xF8, 0xBB, 0xF8, 0xBB, 0xF8, 0xBB, 0xF8, 0xBB, 0xF8, 0xBB, 0xF8, 0xBB, 0xF8, 0xBB,
    0xF8, 0xBB, 0xF8, 0xBB, 0xF8, 0xBB, 0xF8, 0xBB, 0xF8, 0xBB, 0xF8, 0xBB, 0xF8, 0xBB, 0xF8, 0xBB,
    0xF8, 0xBB, 0xF8, 0xBB, 0xF8, 0xBB, 0xF8, 0xBB, 0xF8, 0xBB, 0xF8, 0xBB, 0xF8, 0xBB, 0xF8, 0xBB,
    0xF8, 0xBB, 0xF8, 0xBB, 0xF8, 0xBB, 0xF8, 0xBB, 0xF8, 0xBB, 0xF8, 0xBB, 0xF8, 0xBB, 0xF8, 0xBB,
    0xF8, 0xBB, 0xF8, 0xBB, 0xF8, 0xBB, 0x18, 0xBC, 0xF8, 0xBB, 0xF8, 0xBB, 0xF8, 0xBB, 0xF8, 0xBB,
    0xF8, 0xBB, 0xF8, 0xBB, 0x18, 0xBC, 0xF8, 0xBB, 0xBE, 0xE6, 0x5E, 0xD7, 0x3A, 0xB6, 0xBF, 0xEF,
    0x7B, 0xBE, 0x58, 0x8D, 0x17, 0x85, 0xB6, 0x74, 0x75, 0x64, 0x35, 0x5C, 0x35, 0x5C, 0x35, 0x5C,
    0x35, 0x5C, 0x35, 0x5C, 0x35, 0x5C, 0x55, 0x64, 0x75, 0x6C, 0x95, 0x74, 0x55, 0x6C, 0x35, 0x64,
    0x35, 0x5C, 0xD3, 0x53, 0x35, 0x5C, 0x55, 0x64, 0x96, 0x6C, 0xF7, 0x7C, 0x98, 0x9D, 0x1A, 0xB6,
    0xBC, 0xCE, 0x9A, 0xCE, 0x9B, 0xBE, 0x7F, 0xDF, 0xDA, 0xC4, 0xF8, 0xBB, 0x18, 0xBC, 0x18, 0xC4,
    0x18, 0xC4, 0x18, 0xC4, 0x18, 0xC4, 0x18, 0xC4, 0x18, 0xBC, 0x18, 0xBC, 0x18, 0xBC, 0x18, 0xC4,
    0x18, 0xC4, 0xF8, 0xBB, 0x7B, 0xBD, 0xBD, 0xAE, 0xFB, 0x9D, 0xFB, 0x9D, 0xDA, 0xA5, 0x3B, 0xAE,
    0xFA, 0xA5, 0x98, 0x9D, 0x58, 0x95, 0x58, 0x95, 0x58, 0x95, 0x37, 0x95, 0x37, 0x8D, 0x58, 0x95,
    0x78, 0x95, 0x58, 0x95, 0x37, 0x8D, 0x34, 0x64, 0x99, 0x9D, 0x7B, 0xBE, 0x9B, 0xC6, 0x9B, 0xC6,
    0xDC, 0xCE, 0xBF, 0xEF, 0x5B, 0xCD, 0xF8, 0xC3, 0x39, 0xC4, 0x39, 0xC4, 0x39, 0xC4, 0x19, 0xC4,
    0x19, 0xC4, 0x39, 0xC4, 0x39, 0xC4, 0x39, 0xC4, 0x19, 0xC4, 0x39, 0xC4, 0x39, 0xC4, 0x19, 0xC4,
    0x39, 0xC4, 0x39, 0xC4, 0x39, 0xC4, 0x39, 0xC4, 0x39, 0xC4, 0x39, 0xC4, 0x39, 0xC4, 0x39, 0xC4,
    0x39, 0xC4, 0x19, 0xC4, 0x39, 0xC4, 0x39, 0xC4, 0x39, 0xC4, 0x39, 0xC4, 0x39, 0xC4, 0x39, 0xC4,
    0x39, 0xC4, 0x39, 0xC4, 0x39, 0xC4, 0x39, 0xC4, 0x39, 0xC4, 0x39, 0xC4, 0x39, 0xC4, 0x39, 0xC4,
    0x39, 0xC4, 0x39, 0xC4, 0x39, 0xC4, 0x39, 0xC4, 0x39, 0xC4, 0x39, 0xC4, 0x39, 0xC4, 0x39, 0xC4,
    0x39, 0xC4, 0x39, 0xC4, 0x39, 0xC4, 0x39, 0xC4, 0x39, 0xC4, 0x39, 0xC4, 0x39, 0xC4, 0x39, 0xC4,
    0xF8, 0xBB, 0xF8, 0xBB, 0xF8, 0xBB, 0xF8, 0xBB, 0xF8, 0xBB, 0xF8, 0xBB, 0xF8, 0xBB, 0xF8, 0xBB,
    0xF8, 0xBB, 0xF8, 0xBB, 0xF8, 0xBB, 0xF8, 0xBB, 0xF8, 0xBB, 0xF8, 0xBB, 0xF8, 0xBB, 0xF8, 0xBB,
    0xF8, 0xBB, 0xF8, 0xBB, 0xF8, 0xBB, 0xF8, 0xBB, 0xF8, 0xBB, 0xF8, 0xBB, 0xF8, 0xBB, 0xF8, 0xBB,
    0xF8, 0xBB, 0xF8, 0xBB, 0xF8, 0xBB, 0xF8, 0xBB, 0xF8, 0xBB, 0xF8, 0xBB, 0xF8, 0xBB, 0xF8, 0xBB,
    0xF8, 0xBB, 0xF8, 0xBB, 0xF8, 0xBB, 0xF8, 0xBB, 0xF8, 0xBB, 0xF8, 0xBB, 0xF8, 0xBB, 0xF8, 0xBB,
    0xF8, 0xBB, 0xF8, 0xBB, 0xF8, 0xBB, 0xF8, 0xBB, 0xF8, 0xBB, 0xF8, 0xBB, 0xF8, 0xBB, 0xF8, 0xBB,
    0xF8, 0xBB, 0xF8, 0xBB, 0xF8, 0xBB, 0xF8, 0xBB, 0xF8, 0xBB, 0xF8, 0xBB, 0xF8, 0xBB, 0xF8, 0xBB,
    0xF8, 0xBB, 0xF8, 0xBB, 0xF8, 0xBB, 0xF8, 0xBB, 0xF8, 0xBB, 0xF8, 0xBB, 0xF8, 0xBB, 0xF8, 0xBB,
    0xF8, 0xBB, 0xF8, 0xBB, 0xF8, 0xBB, 0xF8, 0xBB, 0xF8, 0xBB, 0xF8, 0xBB, 0xF8, 0xBB, 0xF8, 0xBB,
    0xF8, 0xBB, 0xF8, 0xBB, 0xF8, 0xBB, 0xF8, 0xBB, 0xF8, 0xBB, 0xF8, 0xBB, 0xF8, 0xBB, 0xF8, 0xBB,
    0xF8, 0xBB, 0xF8, 0xBB, 0xF8, 0xBB, 0xF8, 0xBB, 0xF8, 0xBB, 0xF8, 0xBB, 0xF8, 0xBB, 0xF8, 0xBB,
    0xF8, 0xBB, 0xF8, 0xBB, 0xF8, 0xBB, 0xF8, 0xBB, 0xF8, 0xBB, 0xF8, 0xBB, 0xF8, 0xBB, 0xF8, 0xBB,
    0xF8, 0xBB, 0xF8, 0xBB, 0xF8, 0xBB, 0xF8, 0xBB, 0xF8, 0xBB, 0xF8, 0xBB, 0xF8, 0xBB, 0xF8, 0xBB,
    0xF8, 0xBB, 0xF8, 0xBB, 0xF8, 0xBB, 0xF8, 0xBB, 0xF8, 0xBB, 0xF8, 0xBB, 0xF8, 0xBB, 0xF8, 0xBB,
    0xF8, 0xBB, 0xF8, 0xBB, 0xF8, 0xBB, 0xF8, 0xBB, 0xF8, 0xBB, 0xF8, 0xBB, 0xF8, 0xBB, 0xF8, 0xBB,
    0xF8, 0xBB, 0xF8, 0xBB, 0xF8, 0xBB, 0xF8, 0xBB, 0xF8, 0xBB, 0xF8, 0xBB, 0xF8, 0xBB, 0xF8, 0xBB,
    0xF8, 0xBB, 0xF8, 0xBB, 0xF8, 0xBB, 0xF8, 0xBB, 0xF8, 0xBB, 0xF8, 0xBB, 0xF8, 0xBB, 0xF8, 0xBB,
    0xF8, 0xBB, 0xF8, 0xBB, 0xF8, 0xBB, 0xF8, 0xBB, 0xF8, 0xBB, 0xF8, 0xBB, 0xF8, 0xBB, 0xF8, 0xBB,
    0xF8, 0xBB, 0xF8, 0xBB, 0xF8, 0xBB, 0xF8, 0xBB, 0xF8, 0xBB, 0xF8, 0xBB, 0xF8, 0xBB, 0xF8, 0xBB,
    0xF8, 0xBB, 0xF8, 0xBB, 0xF8, 0xBB, 0xF8, 0xBB, 0xF8, 0xBB, 0xF8, 0xBB, 0xF8, 0xBB, 0xF8, 0xBB,
    0xF8, 0xBB, 0xF8, 0xBB, 0xF8, 0xBB, 0xF8, 0xBB, 0xF8, 0xBB, 0xF8, 0xBB, 0xF8, 0xBB, 0xF8, 0xBB,
    0xF8, 0xBB, 0xF8, 0xBB, 0xF8, 0xBB, 0xF8, 0xBB, 0xF8, 0xBB, 0xF8, 0xBB, 0xF8, 0xBB, 0xF8, 0xBB,
    0xF8, 0xBB, 0xF8, 0xBB, 0xF8, 0xBB, 0xF8, 0xBB, 0xF8, 0xBB, 0xF8, 0xBB, 0xF8, 0xBB, 0xF8, 0xBB,
    0xF8, 0xBB, 0xF8, 0xBB, 0xF8, 0xBB, 0xF8, 0xBB, 0xF8, 0xBB, 0x18, 0xBC, 0xF8, 0xBB, 0x18, 0xBC,
    0x18, 0xBC, 0x18, 0xBC, 0xF8, 0xBB, 0x59, 0xC4, 0x5F, 0xE7, 0x5E, 0xD7, 0xDD, 0xC6, 0x5B, 0xAE,
    0x99, 0x8D, 0x59, 0x85, 0xD7, 0x74, 0x56, 0x5C, 0x35, 0x54, 0x15, 0x54, 0x15, 0x54, 0x15, 0x54,
    0x15, 0x5C, 0x35, 0x5C, 0x35, 0x5C, 0x35, 0x5C, 0x35, 0x64, 0x55, 0x64, 0x75, 0x64, 0x55, 0x64,
    0x14, 0x5C, 0xF4, 0x53, 0x35, 0x5C, 0x35, 0x5C, 0x96, 0x6C, 0xF7, 0x7C, 0x78, 0x95, 0xF9, 0xAD,
    0x7A, 0xC6, 0xDC, 0xD6, 0x17, 0xBE, 0xDA, 0xD6, 0x5B, 0xCD, 0xD8, 0xBB, 0x18, 0xC4, 0x18, 0xC4,
    0x18, 0xC4, 0x18, 0xC4, 0x18, 0xC4, 0x18, 0xC4, 0x18, 0xC4, 0x18, 0xC4, 0x18, 0xC4, 0x18, 0xC4,
    0x18, 0xC4, 0x18, 0xC4, 0x3B, 0x9D, 0xBB, 0x7D, 0xBA, 0x95, 0x78, 0x95, 0xB9, 0x9D, 0x3B, 0x9E,
    0x99, 0x95, 0x58, 0x95, 0x58, 0x8D, 0x37, 0x8D, 0x17, 0x85, 0xF7, 0x84, 0x17, 0x85, 0x37, 0x85,
    0x98, 0x95, 0xF9, 0xB5, 0x5A, 0xBE, 0x78, 0x9D, 0x99, 0x9D, 0x5B, 0xBE, 0x7B, 0xBE, 0xBB, 0xC6,
    0xBC, 0xCE, 0x5E, 0xDF, 0xFC, 0xD5, 0xF8, 0xC3, 0x39, 0xC4, 0x39, 0xC4, 0x39, 0xC4, 0x39, 0xC4,
    0x39, 0xC4, 0x39, 0xC4, 0x39, 0xC4, 0x39, 0xC4, 0x39, 0xC4, 0x39, 0xC4, 0x39, 0xC4, 0x39, 0xC4,
    0x39, 0xC4, 0x39, 0xC4, 0x39, 0xC4, 0x39, 0xC4, 0x39, 0xC4, 0x39, 0xC4, 0x39, 0xC4, 0x39, 0xC4,
    0x39, 0xC4, 0x39, 0xC4, 0x39, 0xC4, 0x39, 0xC4, 0x39, 0xC4, 0x39, 0xC4, 0x39, 0xC4, 0x39, 0xC4,
    0x39, 0xC4, 0x39, 0xC4, 0x39, 0xC4, 0x39, 0xC4, 0x39, 0xC4, 0x39, 0xC4, 0x39, 0xC4, 0x39, 0xC4,
    0x39, 0xC4, 0x39, 0xC4, 0x39, 0xC4, 0x39, 0xC4, 0x39, 0xC4, 0x39, 0xC4, 0x39, 0xC4, 0x39, 0xC4,
    0x39, 0xC4, 0x39, 0xC4, 0x39, 0xC4, 0x39, 0xC4, 0x39, 0xC4, 0x39, 0xC4, 0x39, 0xC4, 0x39, 0xC4,
    0xF8, 0xBB, 0xF8, 0xBB, 0xF8, 0xBB, 0xF8, 0xBB, 0xF8, 0xBB, 0xF8, 0xBB, 0xF8, 0xBB, 0xF8, 0xBB,
    0xF8, 0xBB, 0xF8, 0xBB, 0xF8, 0xBB, 0xF8, 0xBB, 0xF8, 0xBB, 0xF8, 0xBB, 0xF8, 0xBB, 0xF8, 0xBB,
    0xF8, 0xBB, 0xF8, 0xBB, 0xF8, 0xBB, 0xF8, 0xBB, 0xF8, 0xBB, 0xF8, 0xBB, 0xF8, 0xBB, 0xF8, 0xBB,
    0xF8, 0xBB, 0xF8, 0xBB, 0xF8, 0xBB, 0xF8, 0xBB, 0xF8, 0xBB, 0xF8, 0xBB, 0xF8, 0xBB, 0xF8, 0xBB,
    0xF8, 0xBB, 0xF8, 0xBB, 0xF8, 0xBB, 0xF8, 0xBB, 0xF8, 0xBB, 0xF8, 0xBB, 0xF8, 0xBB, 0xF8, 0xBB,
    0xF8, 0xBB, 0xF8, 0xBB, 0xF8, 0xBB, 0xF8, 0xBB, 0xF8, 0xBB, 0xF8, 0xBB, 0xF8, 0xBB, 0xF8, 0xBB,
    0xF8, 0xBB, 0xF8, 0xBB, 0xF8, 0xBB, 0xF8, 0xBB, 0xF8, 0xBB, 0xF8, 0xBB, 0xF8, 0xBB, 0xF8, 0xBB,
    0xF8, 0xBB, 0xF8, 0xBB, 0xF8, 0xBB, 0xF8, 0xBB, 0xF8, 0xBB, 0xF8, 0xBB, 0xF8, 0xBB, 0xF8, 0xBB,
    0xF8, 0xBB, 0xF8, 0xBB, 0xF8, 0xBB, 0xF8, 0xBB, 0xF8, 0xBB, 0xF8, 0xBB, 0xF8, 0xBB, 0xF8, 0xBB,
    0xF8, 0xBB, 0xF8, 0xBB, 0xF8, 0xBB, 0xF8, 0xBB, 0xF8, 0xBB, 0xF8, 0xBB, 0xF8, 0xBB, 0xF8, 0xBB,
    0xF8, 0xBB, 0xF8, 0xBB, 0xF8, 0xBB, 0xF8, 0xBB, 0xF8, 0xBB, 0xF8, 0xBB, 0xF8, 0xBB, 0xF8, 0xBB,
    0xF8, 0xBB, 0xF8, 0xBB, 0xF8, 0xBB, 0xF8, 0xBB, 0xF8, 0xBB, 0xF8, 0xBB, 0xF8, 0xBB, 0xF8, 0xBB,
    0xF8, 0xBB, 0xF8, 0xBB, 0xF8, 0xBB, 0xF8, 0xBB, 0xF8, 0xBB, 0xF8, 0xBB, 0xF8, 0xBB, 0xF8, 0xBB,
    0xF8, 0xBB, 0xF8, 0xBB, 0xF8, 0xBB, 0xF8, 0xBB, 0xF8, 0xBB, 0xF8, 0xBB, 0xF8, 0xBB, 0xF8, 0xBB,
    0xF8, 0xBB, 0xF8, 0xBB, 0xF8, 0xBB, 0xF8, 0xBB, 0xF8, 0xBB, 0xF8, 0xBB, 0xF8, 0xBB, 0xF8, 0xBB,
    0xF8, 0xBB, 0xF8, 0xBB, 0xF8, 0xBB, 0xF8, 0xBB, 0xF8, 0xBB, 0xF8, 0xBB, 0xF8, 0xBB, 0xF8, 0xBB,
    0xF8, 0xBB, 0xF8, 0xBB, 0xF8, 0xBB, 0xF8, 0xBB, 0xF8, 0xBB, 0xF8, 0xBB, 0xF8, 0xBB, 0xF8, 0xBB,
    0xF8, 0xBB, 0xF8, 0xBB, 0xF8, 0xBB, 0xF8, 0xBB, 0xF8, 0xBB, 0xF8, 0xBB, 0xF8, 0xBB, 0xF8, 0xBB,
    0xF8, 0xBB, 0xF8, 0xBB, 0xF8, 0xBB, 0xF8, 0xBB, 0xF8, 0xBB, 0xF8, 0xBB, 0xF8, 0xBB, 0xF8, 0xBB,
    0xF8, 0xBB, 0xF8, 0xBB, 0xF8, 0xBB, 0xF8, 0xBB, 0xF8, 0xBB, 0xF8, 0xBB, 0xF8, 0xBB, 0xF8, 0xBB,
    0xF8, 0xBB, 0xF8, 0xBB, 0xF8, 0xBB, 0xF8, 0xBB, 0xF8, 0xBB, 0xF8, 0xBB, 0xF8, 0xBB, 0xF8, 0xBB,
    0xF8, 0xBB, 0xF8, 0xBB, 0xF8, 0xBB, 0xF8, 0xBB, 0xF8, 0xBB, 0xF8, 0xBB, 0xF8, 0xBB, 0xF8, 0xBB,
    0xF8, 0xBB, 0xF8, 0xBB, 0xF8, 0xBB, 0xF8, 0xBB, 0xF8, 0xBB, 0xF8, 0xBB, 0xF8, 0xBB, 0xF8, 0xBB,
    0xF8, 0xBB, 0xF8, 0xBB, 0xF8, 0xBB, 0xF8, 0xBB, 0xF8, 0xBB, 0xF8, 0xBB, 0xF8, 0xBB, 0xF8, 0xBB,
    0xF8, 0xBB, 0x18, 0xBC, 0xF8, 0xBB, 0x99, 0xC4, 0x9F, 0xDF, 0xFE, 0xC6, 0x9D, 0xAE, 0x1B, 0x96,
    0xBA, 0x85, 0x39, 0x75, 0xB7, 0x5C, 0x36, 0x4C, 0x15, 0x44, 0x15, 0x44, 0x15, 0x4C, 0x15, 0x4C,
    0x15, 0x4C, 0x35, 0x54, 0x55, 0x5C, 0x55, 0x5C, 0x55, 0x64, 0x55, 0x64, 0x55, 0x64, 0x55, 0x64,
    0x14, 0x54, 0x35, 0x5C, 0x55, 0x5C, 0x55, 0x5C, 0x96, 0x64, 0xF7, 0x7C, 0x78, 0x95, 0xFA, 0xAD,
    0x7B, 0xBE, 0xDC, 0xCE, 0x38, 0xBE, 0xD9, 0xDE, 0x3B, 0xCD, 0xD8, 0xBB, 0x18, 0xC4, 0x18, 0xC4,
    0x18, 0xC4, 0x18, 0xC4, 0x18, 0xC4, 0x18, 0xC4, 0x18, 0xC4, 0x18, 0xC4, 0x18, 0xC4, 0x18, 0xC4,
    0x18, 0xBC, 0x18, 0xC4, 0x5B, 0x9D, 0xDB, 0x7D, 0x58, 0x8D, 0x37, 0x8D, 0x9A, 0x8D, 0xFC, 0x8D,
    0xBA, 0x8D, 0x58, 0x85, 0x18, 0x7D, 0xD7, 0x7C, 0xB7, 0x74, 0xB7, 0x6C, 0xD7, 0x6C, 0xF7, 0x74,
    0x18, 0x7D, 0x58, 0x85, 0x78, 0x95, 0xB9, 0x9D, 0xFA, 0xA5, 0x3A, 0xAE, 0x5B, 0xBE, 0x9B, 0xC6,
    0xBC, 0xC6, 0x1D, 0xD7, 0x3C, 0xD6, 0x19, 0xC4, 0x39, 0xC4, 0x39, 0xC4, 0x39, 0xC4, 0x39, 0xC4,
    0x39, 0xC4, 0x39, 0xC4, 0x39, 0xC4, 0x39, 0xC4, 0x39, 0xC4, 0x39, 0xC4, 0x39, 0xC4, 0x39, 0xC4,
    0x39, 0xC4, 0x39, 0xC4, 0x39, 0xC4, 0x39, 0xC4, 0x39, 0xC4, 0x39, 0xC4, 0x39, 0xC4, 0x39, 0xC4,
    0x39, 0xC4, 0x39, 0xC4, 0x39, 0xC4, 0x39, 0xC4, 0x39, 0xC4, 0x39, 0xC4, 0x39, 0xC4, 0x39, 0xC4,
    0x39, 0xC4, 0x39, 0xC4, 0x39, 0xC4, 0x39, 0xC4, 0x39, 0xC4, 0x39, 0xC4, 0x39, 0xC4, 0x39, 0xC4,
    0x59, 0xC4, 0x39, 0xC4, 0x39, 0xC4, 0x59, 0xC4, 0x39, 0xC4, 0x39, 0xC4, 0x39, 0xC4, 0x39, 0xC4,
    0x39, 0xC4, 0x39, 0xC4, 0x39, 0xC4, 0x39, 0xC4, 0x39, 0xC4, 0x39, 0xC4, 0x39, 0xC4, 0x39, 0xC4,
    0x18, 0xBC, 0x18, 0xBC, 0x18, 0xBC, 0x18, 0xBC, 0x18, 0xBC, 0x18, 0xBC, 0x18, 0xBC, 0x18, 0xBC,
    0x18, 0xBC, 0x18, 0xBC, 0x18, 0xBC, 0x18, 0xBC, 0x18, 0xBC, 0x18, 0xBC, 0x18, 0xBC, 0x18, 0xBC,
    0x18, 0xBC, 0x18, 0xBC, 0x18, 0xBC, 0x18, 0xBC, 0x18, 0xBC, 0x18, 0xBC, 0x18, 0xBC, 0x18, 0xBC,
    0x18, 0xBC, 0x18, 0xBC, 0x18, 0xBC, 0x18, 0xBC, 0x18, 0xBC, 0x18, 0xBC, 0x18, 0xBC, 0x18, 0xBC,
    0x18, 0xBC, 0x18, 0xBC, 0x18, 0xBC, 0x18, 0xBC, 0x18, 0xBC, 0x18, 0xBC, 0x18, 0xBC, 0x18, 0xBC,
    0x18, 0xBC, 0x18, 0xBC, 0x18, 0xBC, 0x18, 0xBC, 0x18, 0xBC, 0x18, 0xBC, 0x18, 0xBC, 0x18, 0xBC,
    0x18, 0xBC, 0x18, 0xBC, 0x18, 0xBC, 0x18, 0xBC, 0x18, 0xBC, 0x18, 0xBC, 0x18, 0xBC, 0x18, 0xBC,
    0x18, 0xBC, 0x18, 0xBC, 0x18, 0xBC, 0x18, 0xBC, 0x18, 0xBC, 0x18, 0xBC, 0x18, 0xBC, 0x18, 0xBC,
    0x18, 0xBC, 0x18, 0xBC, 0x18, 0xBC, 0x18, 0xBC, 0x18, 0xBC, 0x18, 0xBC, 0x18, 0xBC, 0x18, 0xBC,
    0x18, 0xBC, 0x18, 0xBC, 0x18, 0xBC, 0x18, 0xBC, 0x18, 0xBC, 0x18, 0xBC, 0x18, 0xBC, 0x18, 0xBC,
    0x18, 0xBC, 0x18, 0xBC, 0x18, 0xBC, 0x18, 0xBC, 0x18, 0xBC, 0x18, 0xBC, 0x18, 0xBC, 0x18, 0xBC,
    0x18, 0xBC, 0x18, 0xBC, 0x18, 0xBC, 0x18, 0xBC, 0x18, 0xBC, 0x18, 0xBC, 0x18, 0xBC, 0x18, 0xBC,
    0x18, 0xBC, 0x18, 0xBC, 0x18, 0xBC, 0x18, 0xBC, 0x18, 0xBC, 0x18, 0xBC, 0x18, 0xBC, 0x18, 0xBC,
    0x18, 0xBC, 0x18, 0xBC, 0x18, 0xBC, 0x18, 0xBC, 0x18, 0xBC, 0x18, 0xBC, 0x18, 0xBC, 0x18, 0xBC,
    0x18, 0xBC, 0x18, 0xBC, 0x18, 0xBC, 0x18, 0xBC, 0x18, 0xBC, 0x18, 0xBC, 0x18, 0xBC, 0x18, 0xBC,
    0x18, 0xBC, 0x18, 0xBC, 0x18, 0xBC, 0x18, 0xBC, 0x18, 0xBC, 0x18, 0xBC, 0x18, 0xBC, 0x18, 0xBC,
    0x18, 0xBC, 0x18, 0xBC, 0x18, 0xBC, 0x18, 0xBC, 0x18, 0xBC, 0x18, 0xBC, 0x18, 0xBC, 0x18, 0xBC,
    0x18, 0xBC, 0x18, 0xBC, 0x18, 0xBC, 0x18, 0xBC, 0x18, 0xBC, 0x18, 0xBC, 0x18, 0xBC, 0x18, 0xBC,
    0x18, 0xBC, 0x18, 0xBC, 0x18, 0xBC, 0x18, 0xBC, 0x18, 0xBC, 0x18, 0xBC, 0x18, 0xBC, 0x18, 0xBC,
    0x18, 0xBC, 0x18, 0xBC, 0x18, 0xBC, 0x18, 0xBC, 0x18, 0xBC, 0x18, 0xBC, 0x18, 0xBC, 0x18, 0xBC,
    0x18, 0xBC, 0x18, 0xBC, 0x18, 0xBC, 0x18, 0xBC, 0x18, 0xBC, 0x18, 0xBC, 0x18, 0xBC, 0x18, 0xBC,
    0x18, 0xBC, 0x18, 0xBC, 0x18, 0xBC, 0x18, 0xBC, 0x18, 0xBC, 0x18, 0xBC, 0x18, 0xBC, 0x18, 0xBC,
    0x18, 0xBC, 0x18, 0xBC, 0x18, 0xBC, 0x18, 0xBC, 0x18, 0xBC, 0x18, 0xBC, 0x18, 0xBC, 0x18, 0xBC,
    0x18, 0xBC, 0x18, 0xBC, 0x18, 0xBC, 0x18, 0xBC, 0x18, 0xBC, 0x18, 0xBC, 0x18, 0xBC, 0x18, 0xBC,
    0x18, 0xBC, 0x18, 0xBC, 0x18, 0xBC, 0xD9, 0xC4, 0x5F, 0xD7, 0xBD, 0xAE, 0x7D, 0xA6, 0x3C, 0x8E,
    0xBB, 0x7D, 0x39, 0x65, 0xB8, 0x4C, 0x57, 0x3C, 0x36, 0x3C, 0x36, 0x3C, 0xD4, 0x43, 0x52, 0x33,
    0xD4, 0x3B, 0xD4, 0x43, 0x55, 0x5C, 0x35, 0x5C, 0x55, 0x5C, 0x55, 0x5C, 0x35, 0x5C, 0x55, 0x5C,
    0xD3, 0x43, 0x51, 0x3B, 0x35, 0x5C, 0x56, 0x5C, 0xB6, 0x64, 0xF7, 0x74, 0x58, 0x8D, 0xD9, 0x9D,
    0x3A, 0xB6, 0x9B, 0xBE, 0xDD, 0xBE, 0xBF, 0xE7, 0x3A, 0xCD, 0xF8, 0xBB, 0x38, 0xC4, 0x18, 0xC4,
    0x18, 0xC4, 0x18, 0xC4, 0x18, 0xC4, 0x18, 0xC4, 0x18, 0xC4, 0x18, 0xC4, 0x18, 0xC4, 0x18, 0xC4,
    0x18, 0xC4, 0x39, 0xC4, 0xBC, 0x9D, 0x99, 0x6D, 0x37, 0x85, 0x58, 0x8D, 0x99, 0x8D, 0xBB, 0x85,
    0x39, 0x75, 0x59, 0x7D, 0xF8, 0x74, 0xB7, 0x64, 0x97, 0x5C, 0x97, 0x5C, 0xD7, 0x64, 0xF8, 0x64,
    0x38, 0x6D, 0x79, 0x7D, 0x99, 0x85, 0xBA, 0x8D, 0xFA, 0x9D, 0x3B, 0xA6, 0x5B, 0xAE, 0x9C, 0xBE,
    0xDC, 0xC6, 0x1D, 0xCF, 0x3C, 0xD6, 0x39, 0xC4, 0x39, 0xC4, 0x39, 0xC4, 0x39, 0xC4, 0x39, 0xC4,
    0x39, 0xC4, 0x39, 0xC4, 0x39, 0xC4, 0x39, 0xC4, 0x39, 0xC4, 0x39, 0xC4, 0x39, 0xC4, 0x39, 0xC4,
    0x39, 0xC4, 0x39, 0xC4, 0x39, 0xC4, 0x39, 0xC4, 0x39, 0xC4, 0x39, 0xC4, 0x39, 0xC4, 0x39, 0xC4,
    0x39, 0xC4, 0x39, 0xC4, 0x39, 0xC4, 0x39, 0xC4, 0x39, 0xC4, 0x39, 0xC4, 0x39, 0xC4, 0x39, 0xC4,
    0x39, 0xC4, 0x39, 0xC4, 0x59, 0xC4, 0x39, 0xC4, 0x39, 0xC4, 0x39, 0xC4, 0x39, 0xC4, 0x39, 0xC4,
    0x39, 0xC4, 0x39, 0xC4, 0x39, 0xC4, 0x59, 0xC4, 0x59, 0xC4, 0x59, 0xC4, 0x39, 0xC4, 0x39, 0xC4,
    0x39, 0xC4, 0x39, 0xC4, 0x59, 0xC4, 0x39, 0xC4, 0x39, 0xC4, 0x39, 0xC4, 0x59, 0xC4, 0x59, 0xC4,
    0x18, 0xBC, 0x18, 0xBC, 0x18, 0xBC, 0x18, 0xBC, 0x18, 0xBC, 0x18, 0xBC, 0x18, 0xBC, 0x18, 0xBC,
    0x18, 0xBC, 0x18, 0xBC, 0x18, 0xBC, 0x18, 0xBC, 0x18, 0xBC, 0x18, 0xBC, 0x18, 0xBC, 0x18, 0xBC,
    0x18, 0xBC, 0x18, 0xBC, 0x18, 0xBC, 0x18, 0xBC, 0x18, 0xBC, 0x18, 0xBC, 0x18, 0xBC, 0x18, 0xBC,
    0x18, 0xBC, 0x18, 0xBC, 0x18, 0xBC, 0x18, 0xBC, 0x18, 0xBC, 0x18, 0xBC, 0x18, 0xBC, 0x18, 0xBC,
    0x18, 0xBC, 0x18, 0xBC, 0x18, 0xBC, 0x18, 0xBC, 0x18, 0xBC, 0x18, 0xBC, 0x18, 0xBC, 0x18, 0xBC,
    0x18, 0xBC, 0x18, 0xBC, 0x18, 0xBC, 0x18, 0xBC, 0x18, 0xBC, 0x18, 0xBC, 0x18, 0xBC, 0x18, 0xBC,
    0x18, 0xBC, 0x18, 0xBC, 0x18, 0xBC, 0x18, 0xBC, 0x18, 0xBC, 0x18, 0xBC, 0x18, 0xBC, 0x18, 0xBC,
    0x18, 0xBC, 0x18, 0xBC, 0x18, 0xBC, 0x18, 0xBC, 0x18, 0xBC, 0x18, 0xBC, 0x18, 0xBC, 0x18, 0xBC,
    0x18, 0xBC, 0x18, 0xBC, 0x18, 0xBC, 0x18, 0xBC, 0x18, 0xBC, 0x18, 0xBC, 0x18, 0xBC, 0x18, 0xBC,
    0x18, 0xBC, 0x18, 0xBC, 0x18, 0xBC, 0x18, 0xBC, 0x18, 0xBC, 0x18, 0xBC, 0x18, 0xBC, 0x18, 0xBC,
    0x18, 0xBC, 0x18, 0xBC, 0x18, 0xBC, 0x18, 0xBC, 0x18, 0xBC, 0x18, 0xBC, 0x18, 0xBC, 0x18, 0xBC,
    0x18, 0xBC, 0x18, 0xBC, 0x18, 0xBC, 0x18, 0xBC, 0x18, 0xBC, 0x18, 0xBC, 0x18, 0xBC, 0x18, 0xBC,
    0x18, 0xBC, 0x18, 0xBC, 0x18, 0xBC, 0x18, 0xBC, 0x18, 0xBC, 0x18, 0xBC, 0x18, 0xBC, 0x18, 0xBC,
    0x18, 0xBC, 0x18, 0xBC, 0x18, 0xBC, 0x18, 0xBC, 0x18, 0xBC, 0x18, 0xBC, 0x18, 0xBC, 0x18, 0xBC,
    0x18, 0xBC, 0x18, 0xBC, 0x18, 0xBC, 0x18, 0xBC, 0x18, 0xBC, 0x18, 0xBC, 0x18, 0xBC, 0x18, 0xBC,
    0x18, 0xBC, 0x18, 0xBC, 0x18, 0xBC, 0x18, 0xBC, 0x18, 0xBC, 0x18, 0xBC, 0x18, 0xBC, 0x18, 0xBC,
    0x18, 0xBC, 0x18, 0xBC, 0x18, 0xBC, 0x18, 0xBC, 0x18, 0xBC, 0x18, 0xBC, 0x18, 0xBC, 0x18, 0xBC,
    0x18, 0xBC, 0x18, 0xBC, 0x18, 0xBC, 0x18, 0xBC, 0x18, 0xBC, 0x18, 0xBC, 0x18, 0xBC, 0x18, 0xBC,
    0x18, 0xBC, 0x18, 0xBC, 0x18, 0xBC, 0x18, 0xBC, 0x18, 0xBC, 0x18, 0xBC, 0x18, 0xBC, 0x18, 0xBC,
    0x18, 0xBC, 0x18, 0xBC, 0x18, 0xBC, 0x18, 0xBC, 0x18, 0xBC, 0x18, 0xBC, 0x18, 0xBC, 0x18, 0xBC,
    0x18, 0xBC, 0x18, 0xBC, 0x18, 0xBC, 0x18, 0xBC, 0x18, 0xBC, 0x18, 0xBC, 0x18, 0xBC, 0x18, 0xBC,
    0x18, 0xBC, 0x18, 0xBC, 0x18, 0xBC, 0x18, 0xBC, 0x18, 0xBC, 0x18, 0xBC, 0x18, 0xBC, 0x18, 0xBC,
    0x18, 0xBC, 0x18, 0xBC, 0x18, 0xBC, 0x18, 0xBC, 0x18, 0xBC, 0x18, 0xBC, 0x18, 0xBC, 0x18, 0xBC,
    0x18, 0xBC, 0x18, 0xBC, 0x18, 0xBC, 0x18, 0xBC, 0x18, 0xBC, 0x18, 0xBC, 0x18, 0xBC, 0x18, 0xBC,
    0x18, 0xBC, 0x18, 0xC4, 0x18, 0xBC, 0x99, 0xC4, 0xFF, 0xB6, 0x1C, 0x7E, 0x9B, 0x6D, 0x3A, 0x5D,
    0x3A, 0x55, 0x1A, 0x55, 0xB9, 0x44, 0x77, 0x34, 0x36, 0x2C, 0x16, 0x34, 0x16, 0x34, 0x16, 0x3C,
    0xB4, 0x33, 0xB4, 0x3B, 0x35, 0x4C, 0x35, 0x54, 0x35, 0x54, 0x15, 0x54, 0x14, 0x54, 0x35, 0x54,
    0x92, 0x3B, 0xCF, 0x2A, 0xF4, 0x4B, 0x73, 0x3B, 0x51, 0x33, 0x56, 0x5C, 0x59, 0x7D, 0x99, 0x95,
    0x1B, 0xAE, 0x5B, 0xB6, 0xBC, 0xBE, 0x9F, 0xDF, 0x1A, 0xCD, 0xF8, 0xC3, 0x38, 0xC4, 0x18, 0xC4,
    0x18, 0xC4, 0x18, 0xC4, 0x18, 0xC4, 0x18, 0xC4, 0x18, 0xC4, 0x18, 0xC4, 0x18, 0xC4, 0x18, 0xC4,
    0x18, 0xC4, 0x39, 0xC4, 0x9C, 0x95, 0xD7, 0x54, 0x17, 0x7D, 0x58, 0x8D, 0x38, 0x85, 0xF8, 0x6C,
    0x96, 0x5C, 0xF8, 0x6C, 0xF8, 0x64, 0x97, 0x54, 0x97, 0x4C, 0x97, 0x4C, 0xB7, 0x54, 0xD7, 0x54,
    0xF8, 0x5C, 0x18, 0x65, 0x59, 0x6D, 0x79, 0x7D, 0xBA, 0x85, 0xFB, 0x95, 0x3B, 0xA6, 0x7C, 0xB6,
    0xDD, 0xC6, 0xDC, 0xC6, 0x3C, 0xD6, 0x19, 0xC4, 0x39, 0xC4, 0x39, 0xC4, 0x39, 0xC4, 0x39, 0xC4,
    0x39, 0xC4, 0x39, 0xC4, 0x39, 0xC4, 0x39, 0xC4, 0x39, 0xC4, 0x39, 0xC4, 0x39, 0xC4, 0x39, 0xC4,
    0x39, 0xC4, 0x39, 0xC4, 0x39, 0xC4, 0x39, 0xC4, 0x39, 0xC4, 0x39, 0xC4, 0x39, 0xC4, 0x39, 0xC4,
    0x39, 0xC4, 0x39, 0xC4, 0x39, 0xC4, 0x39, 0xC4, 0x39, 0xC4, 0x39, 0xC4, 0x39, 0xC4, 0x39, 0xC4,
    0x39, 0xC4, 0x59, 0xC4, 0x39, 0xC4, 0x39, 0xC4, 0x39, 0xC4, 0x39, 0xC4, 0x39, 0xC4, 0x39, 0xC4,
    0x39, 0xC4, 0x39, 0xC4, 0x59, 0xC4, 0x59, 0xC4, 0x39, 0xC4, 0x39, 0xC4, 0x39, 0xC4, 0x39, 0xC4,
    0x39, 0xC4, 0x39, 0xC4, 0x59, 0xC4, 0x59, 0xC4, 0x39, 0xC4, 0x39, 0xC4, 0x59, 0xC4, 0x39, 0xC4,
    0x18, 0xBC, 0x18, 0xBC, 0x18, 0xBC, 0x18, 0xBC, 0x18, 0xBC, 0x18, 0xBC, 0x18, 0xBC, 0x18, 0xBC,
    0x18, 0xBC, 0x18, 0xBC, 0x18, 0xBC, 0x18, 0xBC, 0x18, 0xBC, 0x18, 0xBC, 0x18, 0xBC, 0x18, 0xBC,
    0x18, 0xBC, 0x18, 0xBC, 0x18, 0xBC, 0x18, 0xBC, 0x18, 0xBC, 0x18, 0xBC, 0x18, 0xBC, 0x18, 0xBC,
    0x18, 0xBC, 0x18, 0xBC, 0x18, 0xBC, 0x18, 0xBC, 0x18, 0xBC, 0x18, 0xBC, 0x18, 0xBC, 0x18, 0xBC,
    0x18, 0xBC, 0x18, 0xBC, 0x18, 0xBC, 0x18, 0xBC, 0x18, 0xBC, 0x18, 0xBC, 0x18, 0xBC, 0x18, 0xBC,
    0x18, 0xBC, 0x18, 0xBC, 0x18, 0xBC, 0x18, 0xBC, 0x18, 0xBC, 0x18, 0xBC, 0x18, 0xBC, 0x18, 0xBC,
    0x18, 0xBC, 0x18, 0xBC, 0x18, 0xBC, 0x18, 0xBC, 0x18, 0xBC, 0x18, 0xBC, 0x18, 0xBC, 0x18, 0xBC,
    0x18, 0xBC, 0x18, 0xBC, 0x18, 0xBC, 0x18, 0xBC, 0x18, 0xBC, 0x18, 0xBC, 0x18, 0xBC, 0x18, 0xBC,
    0x18, 0xBC, 0x18, 0xBC, 0x18, 0xBC, 0x18, 0xBC, 0x18, 0xBC, 0x18, 0xBC, 0x18, 0xBC, 0x18, 0xBC,
    0x18, 0xBC, 0x18, 0xBC, 0x18, 0xBC, 0x18, 0xBC, 0x18, 0xBC, 0x18, 0xBC, 0x18, 0xBC, 0x18, 0xBC,
    0x18, 0xBC, 0x18, 0xBC, 0x18, 0xBC, 0x18, 0xBC, 0x18, 0xBC, 0x18, 0xBC, 0x18, 0xBC, 0x18, 0xBC,
    0x18, 0xBC, 0x18, 0xBC, 0x18, 0xBC, 0x18, 0xBC, 0x18, 0xBC, 0x18, 0xBC, 0x18, 0xBC, 0x18, 0xBC,
    0x18, 0xBC, 0x18, 0xBC, 0x18, 0xBC, 0x18, 0xBC, 0x18, 0xBC, 0x18, 0xBC, 0x18, 0xBC, 0x18, 0xBC,
    0x18, 0xBC, 0x18, 0xBC, 0x18, 0xBC, 0x18, 0xBC, 0x18, 0xBC, 0x18, 0xBC, 0x18, 0xBC, 0x18, 0xBC,
    0x18, 0xBC, 0x18, 0xBC, 0x18, 0xBC, 0x18, 0xBC, 0x18, 0xBC, 0x18, 0xBC, 0x18, 0xBC, 0x18, 0xBC,
    0x18, 0xBC, 0x18, 0xBC, 0x18, 0xBC, 0x18, 0xBC, 0x18, 0xBC, 0x18, 0xBC, 0x18, 0xBC, 0x18, 0xBC,
    0x18, 0xBC, 0x18, 0xBC, 0x18, 0xBC, 0x18, 0xBC, 0x18, 0xBC, 0x18, 0xBC, 0x18, 0xBC, 0x18, 0xBC,
    0x18, 0xBC, 0x18, 0xBC, 0x18, 0xBC, 0x18, 0xBC, 0x18, 0xBC, 0x18, 0xBC, 0x18, 0xBC, 0x18, 0xBC,
    0x18, 0xBC, 0x18, 0xBC, 0x18, 0xBC, 0x18, 0xBC, 0x18, 0xBC, 0x18, 0xBC, 0x18, 0xBC, 0x18, 0xBC,
    0x18, 0xBC, 0x18, 0xBC, 0x18, 0xBC, 0x18, 0xBC, 0x18, 0xBC, 0x18, 0xBC, 0x18, 0xBC, 0x18, 0xBC,
    0x18, 0xBC, 0x18, 0xBC, 0x18, 0xBC, 0x18, 0xBC, 0x18, 0xBC, 0x18, 0xBC, 0x18, 0xBC, 0x18, 0xBC,
    0x18, 0xBC, 0x18, 0xBC, 0x18, 0xBC, 0x18, 0xBC, 0x18, 0xBC, 0x18, 0xBC, 0x18, 0xBC, 0x18, 0xBC,
    0x18, 0xBC, 0x18, 0xBC, 0x18, 0xBC, 0x18, 0xBC, 0x18, 0xBC, 0x18, 0xBC, 0x18, 0xBC, 0x18, 0xBC,
    0x18, 0xBC, 0x18, 0xBC, 0x18, 0xBC, 0x18, 0xBC, 0x18, 0xBC, 0x18, 0xBC, 0x18, 0xBC, 0x18, 0xBC,
    0x18, 0xBC, 0x18, 0xBC, 0x18, 0xBC, 0x38, 0xC4, 0xBC, 0xA5, 0x36, 0x34, 0xB7, 0x5C, 0x18, 0x75,
    0x55, 0x54, 0x72, 0x43, 0x93, 0x33, 0x57, 0x34, 0x57, 0x2C, 0x37, 0x2C, 0x16, 0x2C, 0x16, 0x34,
    0x36, 0x3C, 0x15, 0x44, 0xF4, 0x43, 0x15, 0x4C, 0xF4, 0x4B, 0xF4, 0x4B, 0x14, 0x4C, 0xF4, 0x4B,
    0xB3, 0x43, 0x30, 0x33, 0x72, 0x33, 0xB4, 0x3B, 0x93, 0x33, 0x56, 0x54, 0x39, 0x75, 0x39, 0x7D,
    0xD6, 0x6C, 0x1B, 0xA6, 0xBD, 0xB6, 0x3F, 0xCF, 0xBA, 0xC4, 0xF8, 0xC3, 0x18, 0xC4, 0x18, 0xC4,
    0x18, 0xC4, 0x18, 0xC4, 0x18, 0xC4, 0x18, 0xC4, 0x18, 0xC4, 0x18, 0xC4, 0x18, 0xC4, 0x18, 0xC4,
    0x18, 0xBC, 0x59, 0xCC, 0x97, 0x74, 0x14, 0x3C, 0xD7, 0x74, 0x37, 0x85, 0x17, 0x7D, 0xF7, 0x6C,
    0x38, 0x75, 0xF8, 0x64, 0x97, 0x4C, 0x57, 0x3C, 0x36, 0x34, 0x36, 0x34, 0x57, 0x34, 0x57, 0x3C,
    0x77, 0x3C, 0xB8, 0x44, 0xF8, 0x4C, 0xF8, 0x54, 0x18, 0x5D, 0x79, 0x75, 0xDA, 0x85, 0x3B, 0x96,
    0x9C, 0xAE, 0x5E, 0xCF, 0x7D, 0xD6, 0x19, 0xC4, 0x39, 0xC4, 0x39, 0xC4, 0x39, 0xC4, 0x39, 0xC4,
    0x39, 0xC4, 0x39, 0xC4, 0x39, 0xC4, 0x39, 0xC4, 0x39, 0xC4, 0x39, 0xC4, 0x39, 0xC4, 0x39, 0xC4,
    0x39, 0xC4, 0x39, 0xC4, 0x39, 0xC4, 0x39, 0xC4, 0x39, 0xC4, 0x39, 0xC4, 0x39, 0xC4, 0x39, 0xC4,
    0x39, 0xC4, 0x39, 0xC4, 0x39, 0xC4, 0x39, 0xC4, 0x39, 0xC4, 0x39, 0xC4, 0x39, 0xC4, 0x39, 0xC4,
    0x39, 0xC4, 0x39, 0xC4, 0x39, 0xC4, 0x39, 0xC4, 0x39, 0xC4, 0x39, 0xC4, 0x39, 0xC4, 0x39, 0xC4,
    0x39, 0xC4, 0x39, 0xC4, 0x39, 0xC4, 0x39, 0xC4, 0x39, 0xC4, 0x39, 0xC4, 0x39, 0xC4, 0x39, 0xC4,
    0x39, 0xC4, 0x39, 0xC4, 0x39, 0xC4, 0x39, 0xC4, 0x39, 0xC4, 0x59, 0xC4, 0x39, 0xC4, 0x39, 0xC4,
    0x18, 0xBC, 0x18, 0xBC, 0x18, 0xBC, 0x18, 0xBC, 0x18, 0xBC, 0x18, 0xBC, 0x18, 0xBC, 0x18, 0xBC,
    0x18, 0xBC, 0x18, 0xBC, 0x18, 0xBC, 0x18, 0xBC, 0x18, 0xBC, 0x18, 0xBC, 0x18, 0xBC, 0x18, 0xBC,
    0x18, 0xBC, 0x18, 0xBC, 0x18, 0xBC, 0x18, 0xBC, 0x18, 0xBC, 0x18, 0xBC, 0x18, 0xBC, 0x18, 0xBC,
    0x18, 0xBC, 0x18, 0xBC, 0x18, 0xBC, 0x18, 0xBC, 0x18, 0xBC, 0x18, 0xBC, 0x18, 0xBC, 0x18, 0xBC,
    0x18, 0xBC, 0x18, 0xBC, 0x18, 0xBC, 0x18, 0xBC, 0x18, 0xBC, 0x18, 0xBC, 0x18, 0xBC, 0x18, 0xBC,
    0x18, 0xBC, 0x18, 0xBC, 0x18, 0xBC, 0x18, 0xBC, 0x18, 0xBC, 0x18, 0xBC, 0x18, 0xBC, 0x18, 0xBC,
    0x18, 0xBC, 0x18, 0xBC, 0x18, 0xBC, 0x18, 0xBC, 0x18, 0xBC, 0x18, 0xBC, 0x18, 0xBC, 0x18, 0xBC,
    0x18, 0xBC, 0x18, 0xBC, 0x18, 0xBC, 0x18, 0xBC, 0x18, 0xBC, 0x18, 0xBC, 0x18, 0xBC, 0x18, 0xBC,
    0x18, 0xBC, 0x18, 0xBC, 0x18, 0xBC, 0x18, 0xBC, 0x18, 0xBC, 0x18, 0xBC, 0x18, 0xBC, 0x18, 0xBC,
    0x18, 0xBC, 0x18, 0xBC, 0x18, 0xBC, 0x18, 0xBC, 0x18, 0xBC, 0x18, 0xBC, 0x18, 0xBC, 0x18, 0xBC,
    0x18, 0xBC, 0x18, 0xBC, 0x18, 0xBC, 0x18, 0xBC, 0x18, 0xBC, 0x18, 0xBC, 0x18, 0xBC, 0x18, 0xBC,
    0x18, 0xBC, 0x18, 0xBC, 0x18, 0xBC, 0x18, 0xBC, 0x18, 0xBC, 0x18, 0xBC, 0x18, 0xBC, 0x18, 0xBC,
    0x18, 0xBC, 0x18, 0xBC, 0x18, 0xBC, 0x18, 0xBC, 0x18, 0xBC, 0x18, 0xBC, 0x18, 0xBC, 0x18, 0xBC,
    0x18, 0xBC, 0x18, 0xBC, 0x18, 0xBC, 0x18, 0xBC, 0x18, 0xBC, 0x18, 0xBC, 0x18, 0xBC, 0x18, 0xBC,
    0x18, 0xBC, 0x18, 0xBC, 0x18, 0xBC, 0x18, 0xBC, 0x18, 0xBC, 0x18, 0xBC, 0x18, 0xBC, 0x18, 0xBC,
    0x18, 0xBC, 0x18, 0xBC, 0x18, 0xBC, 0x18, 0xBC, 0x18, 0xBC, 0x18, 0xBC, 0x18, 0xBC, 0x18, 0xBC,
    0x18, 0xBC, 0x18, 0xBC, 0x18, 0xBC, 0x18, 0xBC, 0x18, 0xBC, 0x18, 0xBC, 0x18, 0xBC, 0x18, 0xBC,
    0x18, 0xBC, 0x18, 0xBC, 0x18, 0xBC, 0x18, 0xBC, 0x18, 0xBC, 0x18, 0xBC, 0x18, 0xBC, 0x18, 0xBC,
    0x18, 0xBC, 0x18, 0xBC, 0x18, 0xBC, 0x18, 0xBC, 0x18, 0xBC, 0x18, 0xBC, 0x18, 0xBC, 0x18, 0xBC,
    0x18, 0xBC, 0x18, 0xBC, 0x18, 0xBC, 0x18, 0xBC, 0x18, 0xBC, 0x18, 0xBC, 0x18, 0xBC, 0x18, 0xBC,
    0x18, 0xBC, 0x18, 0xBC, 0x18, 0xBC, 0x18, 0xBC, 0x18, 0xBC, 0x18, 0xBC, 0x18, 0xBC, 0x18, 0xBC,
    0x18, 0xBC, 0x18, 0xBC, 0x18, 0xBC, 0x18, 0xBC, 0x18, 0xBC, 0x18, 0xBC, 0x18, 0xBC, 0x18, 0xBC,
    0x18, 0xBC, 0x18, 0xBC, 0x18, 0xBC, 0x18, 0xBC, 0x18, 0xBC, 0x18, 0xBC, 0x18, 0xBC, 0x18, 0xBC,
    0x18, 0xBC, 0x18, 0xBC, 0x18, 0xBC, 0x18, 0xBC, 0x18, 0xBC, 0x18, 0xBC, 0x18, 0xBC, 0x18, 0xBC,
    0x18, 0xBC, 0x18, 0xBC, 0x18, 0xBC, 0xF8, 0xC3, 0xFA, 0xAC, 0xF7, 0x64, 0xFC, 0xCE, 0xFF, 0xFF,
    0x56, 0xA5, 0x88, 0x29, 0xEA, 0x29, 0x51, 0x3B, 0xF5, 0x33, 0x52, 0x23, 0x11, 0x23, 0xF0, 0x22,
    0xF0, 0x22, 0x31, 0x2B, 0x73, 0x33, 0x93, 0x33, 0x93, 0x3B, 0xB3, 0x43, 0xB3, 0x3B, 0x93, 0x3B,
    0x72, 0x33, 0xB3, 0x3B, 0xF4, 0x3B, 0x76, 0x4C, 0xB7, 0x54, 0xF8, 0x5C, 0x18, 0x65, 0x59, 0x6D,
    0x59, 0x6D, 0xBA, 0x7D, 0xBA, 0x7D, 0x79, 0x9D, 0x59, 0xC4, 0x18, 0xC4, 0x18, 0xBC, 0x18, 0xC4,
    0x18, 0xC4, 0x18, 0xC4, 0x18, 0xC4, 0x18, 0xC4, 0x18, 0xC4, 0x18, 0xC4, 0x18, 0xC4, 0x18, 0xC4,
    0x18, 0xBC, 0x39, 0xCC, 0x58, 0x94, 0xD3, 0x3B, 0x55, 0x54, 0x95, 0x64, 0xB6, 0x6C, 0x97, 0x64,
    0xB7, 0x5C, 0x97, 0x4C, 0x36, 0x34, 0xF6, 0x2B, 0x16, 0x2C, 0x16, 0x2C, 0x72, 0x2B, 0x0C, 0x1A,
    0xAE, 0x2A, 0xEE, 0x32, 0x0F, 0x3B, 0x94, 0x6C, 0xD8, 0x9D, 0x17, 0x85, 0x18, 0x75, 0xDA, 0x8D,
    0x1B, 0x96, 0x1D, 0xBF, 0x1C, 0xCE, 0x19, 0xC4, 0x39, 0xC4, 0x39, 0xC4, 0x39, 0xC4, 0x39, 0xC4,
    0x39, 0xC4, 0x39, 0xC4, 0x39, 0xC4, 0x39, 0xC4, 0x39, 0xC4, 0x39, 0xC4, 0x39, 0xC4, 0x39, 0xC4,
    0x39, 0xC4, 0x39, 0xC4, 0x39, 0xC4, 0x39, 0xC4, 0x39, 0xC4, 0x39, 0xC4, 0x39, 0xC4, 0x39, 0xC4,
    0x39, 0xC4, 0x39, 0xC4, 0x39, 0xC4, 0x39, 0xC4, 0x39, 0xC4, 0x39, 0xC4, 0x39, 0xC4, 0x39, 0xC4,
    0x39, 0xC4, 0x39, 0xC4, 0x39, 0xC4, 0x39, 0xC4, 0x39, 0xC4, 0x39, 0xC4, 0x39, 0xC4, 0x39, 0xC4,
    0x39, 0xC4, 0x39, 0xC4, 0x39, 0xC4, 0x39, 0xC4, 0x39, 0xC4, 0x39, 0xC4, 0x39, 0xC4, 0x39, 0xC4,
    0x39, 0xC4, 0x39, 0xC4, 0x39, 0xC4, 0x59, 0xC4, 0x59, 0xC4, 0x39, 0xC4, 0x59, 0xC4, 0x59, 0xC4,
    0x18, 0xBC, 0x18, 0xBC, 0x18, 0xBC, 0x18, 0xBC, 0x18, 0xBC, 0x18, 0xBC, 0x18, 0xBC, 0x18, 0xBC,
    0x18, 0xBC, 0x18, 0xBC, 0x18, 0xBC, 0x18, 0xBC, 0x18, 0xBC, 0x18, 0xBC, 0x18, 0xBC, 0x18, 0xBC,
    0x18, 0xBC, 0x18, 0xBC, 0x18, 0xBC, 0x18, 0xBC, 0x18, 0xBC, 0x18, 0xBC, 0x18, 0xBC, 0x18, 0xBC,
    0x18, 0xBC, 0x18, 0xBC, 0x18, 0xBC, 0x18, 0xBC, 0x18, 0xBC, 0x18, 0xBC, 0x18, 0xBC, 0x18, 0xBC,
    0x18, 0xBC, 0x18, 0xBC, 0x18, 0xBC, 0x18, 0xBC, 0x18, 0xBC, 0x18, 0xBC, 0x18, 0xBC, 0x18, 0xBC,
    0x18, 0xBC, 0x18, 0xBC, 0x18, 0xBC, 0x18, 0xBC, 0x18, 0xBC, 0x18, 0xBC, 0x18, 0xBC, 0x18, 0xBC,
    0x18, 0xBC, 0x18, 0xBC, 0x18, 0xBC, 0x18, 0xBC, 0x18, 0xBC, 0x18, 0xBC, 0x18, 0xBC, 0x18, 0xBC,
    0x18, 0xBC, 0x18, 0xBC, 0x18, 0xBC, 0x18, 0xBC, 0x18, 0xBC, 0x18, 0xBC, 0x18, 0xBC, 0x18, 0xBC,
    0x18, 0xBC, 0x18, 0xBC, 0x18, 0xBC, 0x18, 0xBC, 0x18, 0xBC, 0x18, 0xBC, 0x18, 0xBC, 0x18, 0xBC,
    0x18, 0xBC, 0x18, 0xBC, 0x18, 0xBC, 0x18, 0xBC, 0x18, 0xBC, 0x18, 0xBC, 0x18, 0xBC, 0x18, 0xBC,
    0x18, 0xBC, 0x18, 0xBC, 0x18, 0xBC, 0x18, 0xBC, 0x18, 0xBC, 0x18, 0xBC, 0x18, 0xBC, 0x18, 0xBC,
    0x18, 0xBC, 0x18, 0xBC, 0x18, 0xBC, 0x18, 0xBC, 0x18, 0xBC, 0x18, 0xBC, 0x18, 0xBC, 0x18, 0xBC,
    0x18, 0xBC, 0x18, 0xBC, 0x18, 0xBC, 0x18, 0xBC, 0x18, 0xBC, 0x18, 0xBC, 0x18, 0xBC, 0x18, 0xBC,
    0x18, 0xBC, 0x18, 0xBC, 0x18, 0xBC, 0x18, 0xBC, 0x18, 0xBC, 0x18, 0xBC, 0x18, 0xBC, 0x18, 0xBC,
    0x18, 0xBC, 0x18, 0xBC, 0x18, 0xBC, 0x18, 0xBC, 0x18, 0xBC, 0x18, 0xBC, 0x18, 0xBC, 0x18, 0xBC,
    0x18, 0xBC, 0x18, 0xBC, 0x18, 0xBC, 0x18, 0xBC, 0x18, 0xBC, 0x18, 0xBC, 0x18, 0xBC, 0x18, 0xBC,
    0x18, 0xBC, 0x18, 0xBC, 0x18, 0xBC, 0x18, 0xBC, 0x18, 0xBC, 0x18, 0xBC, 0x18, 0xBC, 0x18, 0xBC,
    0x18, 0xBC, 0x18, 0xBC, 0x18, 0xBC, 0x18, 0xBC, 0x18, 0xBC, 0x18, 0xBC, 0x18, 0xBC, 0x18, 0xBC,
    0x18, 0xBC, 0x18, 0xBC, 0x18, 0xBC, 0x18, 0xBC, 0x18, 0xBC, 0x18, 0xBC, 0x18, 0xBC, 0x18, 0xBC,
    0x18, 0xBC, 0x18, 0xBC, 0x18, 0xBC, 0x18, 0xBC, 0x18, 0xBC, 0x18, 0xBC, 0x18, 0xBC, 0x18, 0xBC,
    0x18, 0xBC, 0x18, 0xBC, 0x18, 0xBC, 0x18, 0xBC, 0x18, 0xBC, 0x18, 0xBC, 0x18, 0xBC, 0x18, 0xBC,
    0x18, 0xBC, 0x18, 0xBC, 0x18, 0xBC, 0x18, 0xBC, 0x18, 0xBC, 0x18, 0xBC, 0x18, 0xBC, 0x18, 0xBC,
    0x18, 0xBC, 0x18, 0xBC, 0x18, 0xBC, 0x18, 0xBC, 0x18, 0xBC, 0x18, 0xBC, 0x18, 0xBC, 0x18, 0xBC,
    0x18, 0xBC, 0x18, 0xBC, 0x18, 0xBC, 0x18, 0xBC, 0x18, 0xBC, 0x18, 0xBC, 0x18, 0xBC, 0x18, 0xBC,
    0x18, 0xBC, 0x18, 0xBC, 0x18, 0xBC, 0x18, 0xC4, 0xD9, 0xA4, 0x3A, 0x9E, 0x9E, 0xE7, 0x3C, 0xDF,
    0x31, 0x7C, 0xC9, 0x29, 0x2F, 0x4B, 0x31, 0x3B, 0x30, 0x43, 0xCE, 0x3A, 0x69, 0x11, 0xAA, 0x11,
    0x8D, 0x2A, 0x51, 0x43, 0x72, 0x43, 0x8D, 0x2A, 0xCF, 0x1A, 0x31, 0x23, 0x32, 0x23, 0x73, 0x2B,
    0xB4, 0x2B, 0x15, 0x34, 0xB3, 0x3B, 0x72, 0x33, 0x92, 0x3B, 0x92, 0x3B, 0x92, 0x3B, 0x72, 0x3B,
    0x91, 0x3B, 0xF2, 0x53, 0x33, 0x5C, 0x53, 0x94, 0x59, 0xC4, 0x18, 0xBC, 0x18, 0xBC, 0x18, 0xC4,
    0x18, 0xC4, 0x18, 0xC4, 0x18, 0xC4, 0x18, 0xBC, 0x18, 0xBC, 0x18, 0xC4, 0x18, 0xC4, 0x18, 0xC4,
    0x18, 0xC4, 0x18, 0xC4, 0x59, 0xCC, 0x37, 0x9C, 0x93, 0x53, 0x72, 0x43, 0xD3, 0x43, 0x92, 0x3B,
    0xEF, 0x32, 0xCF, 0x2A, 0x4E, 0x1A, 0xAF, 0x1A, 0x32, 0x23, 0x11, 0x23, 0x8C, 0x32, 0x87, 0x21,
    0x8A, 0x52, 0x0A, 0x6B, 0x6B, 0x83, 0x30, 0xBD, 0xD3, 0xD5, 0x6C, 0x7B, 0x51, 0x43, 0x77, 0x5C,
    0x36, 0x54, 0x5B, 0xA6, 0x9B, 0xCD, 0x18, 0xC4, 0x38, 0xC4, 0x38, 0xC4, 0x39, 0xC4, 0x39, 0xC4,
    0x38, 0xC4, 0x39, 0xC4, 0x39, 0xC4, 0x39, 0xC4, 0x39, 0xC4, 0x39, 0xC4, 0x39, 0xC4, 0x39, 0xC4,
    0x39, 0xC4, 0x39, 0xC4, 0x39, 0xC4, 0x39, 0xC4, 0x39, 0xC4, 0x39, 0xC4, 0x39, 0xC4, 0x39, 0xC4,
    0x39, 0xC4, 0x39, 0xC4, 0x39, 0xC4, 0x39, 0xC4, 0x39, 0xC4, 0x39, 0xC4, 0x39, 0xC4, 0x39, 0xC4,
    0x39, 0xC4, 0x39, 0xC4, 0x39, 0xC4, 0x39, 0xC4, 0x39, 0xC4, 0x39, 0xC4, 0x39, 0xC4, 0x39, 0xC4,
    0x39, 0xC4, 0x39, 0xC4, 0x39, 0xC4, 0x39, 0xC4, 0x39, 0xC4, 0x39, 0xC4, 0x39, 0xC4, 0x39, 0xC4,
    0x39, 0xC4, 0x39, 0xC4, 0x39, 0xC4, 0x39, 0xC4, 0x39, 0xC4, 0x39, 0xC4, 0x39, 0xC4, 0x39, 0xC4,
    0x18, 0xBC, 0x18, 0xBC, 0x18, 0xBC, 0x18, 0xBC, 0x18, 0xBC, 0x18, 0xBC, 0x18, 0xBC, 0x18, 0xBC,
    0x18, 0xBC, 0x18, 0xBC, 0x18, 0xBC, 0x18, 0xBC, 0x18, 0xBC, 0x18, 0xBC, 0x18, 0xBC, 0x18, 0xBC,
    0x18, 0xBC, 0x18, 0xBC, 0x18, 0xBC, 0x18, 0xBC, 0x18, 0xBC, 0x18, 0xBC, 0x18, 0xBC, 0x18, 0xBC,
    0x18, 0xBC, 0x18, 0xBC, 0x18, 0xBC, 0x18, 0xBC, 0x18, 0xBC, 0x18, 0xBC, 0x18, 0xBC, 0x18, 0xBC,
    0x18, 0xBC, 0x18, 0xBC, 0x18, 0xBC, 0x18, 0xBC, 0x18, 0xBC, 0x18, 0xBC, 0x18, 0xBC, 0x18, 0xBC,
    0x18, 0xBC, 0x18, 0xBC, 0x18, 0xBC, 0x18, 0xBC, 0x18, 0xBC, 0x18, 0xBC, 0x18, 0xBC, 0x18, 0xBC,
    0x18, 0xBC, 0x18, 0xBC, 0x18, 0xBC, 0x18, 0xBC, 0x18, 0xBC, 0x18, 0xBC, 0x18, 0xBC, 0x18, 0xBC,
    0x18, 0xBC, 0x18, 0xBC, 0x18, 0xBC, 0x18, 0xBC, 0x18, 0xBC, 0x18, 0xBC, 0x18, 0xBC, 0x18, 0xBC,
    0x18, 0xBC, 0x18, 0xBC, 0x18, 0xBC, 0x18, 0xBC, 0x18, 0xBC, 0x18, 0xBC, 0x18, 0xBC, 0x18, 0xBC,
    0x18, 0xBC, 0x18, 0xBC, 0x18, 0xBC, 0x18, 0xBC, 0x18, 0xBC, 0x18, 0xBC, 0x18, 0xBC, 0x18, 0xBC,
    0x18, 0xBC, 0x18, 0xBC, 0x18, 0xBC, 0x18, 0xBC, 0x18, 0xBC, 0x18, 0xBC, 0x18, 0xBC, 0x18, 0xBC,
    0x18, 0xBC, 0x18, 0xBC, 0x18, 0xBC, 0x18, 0xBC, 0x18, 0xBC, 0x18, 0xBC, 0x18, 0xBC, 0x18, 0xBC,
    0x18, 0xBC, 0x18, 0xBC, 0x18, 0xBC, 0x18, 0xBC, 0x18, 0xBC, 0x18, 0xBC, 0x18, 0xBC, 0x18, 0xBC,
    0x18, 0xBC, 0x18, 0xBC, 0x18, 0xBC, 0x18, 0xBC, 0x18, 0xBC, 0x18, 0xBC, 0x18, 0xBC, 0x18, 0xBC,
    0x18, 0xBC, 0x18, 0xBC, 0x18, 0xBC, 0x18, 0xBC, 0x18, 0xBC, 0x18, 0xBC, 0x18, 0xBC, 0x18, 0xBC,
    0x18, 0xBC, 0x18, 0xBC, 0x18, 0xBC, 0x18, 0xBC, 0x18, 0xBC, 0x18, 0xBC, 0x18, 0xBC, 0x18, 0xBC,
    0x18, 0xBC, 0x18, 0xBC, 0x18, 0xBC, 0x18, 0xBC, 0x18, 0xBC, 0x18, 0xBC, 0x18, 0xBC, 0x18, 0xBC,
    0x18, 0xBC, 0x18, 0xBC, 0x18, 0xBC, 0x18, 0xBC, 0x18, 0xBC, 0x18, 0xBC, 0x18, 0xBC, 0x18, 0xBC,
    0x18, 0xBC, 0x18, 0xBC, 0x18, 0xBC, 0x18, 0xBC, 0x18, 0xBC, 0x18, 0xBC, 0x18, 0xBC, 0x18, 0xBC,
    0x18, 0xBC, 0x18, 0xBC, 0x18, 0xBC, 0x18, 0xBC, 0x18, 0xBC, 0x18, 0xBC, 0x18, 0xBC, 0x18, 0xBC,
    0x18, 0xBC, 0x18, 0xBC, 0x18, 0xBC, 0x18, 0xBC, 0x18, 0xBC, 0x18, 0xBC, 0x18, 0xBC, 0x18, 0xBC,
    0x18, 0xBC, 0x18, 0xBC, 0x18, 0xBC, 0x18, 0xBC, 0x18, 0xBC, 0x18, 0xBC, 0x18, 0xBC, 0x18, 0xBC,
    0x18, 0xBC, 0x18, 0xBC, 0x18, 0xBC, 0x18, 0xBC, 0x18, 0xBC, 0x18, 0xBC, 0x18, 0xBC, 0x18, 0xBC,
    0x18, 0xBC, 0x18, 0xBC, 0x18, 0xBC, 0x18, 0xBC, 0x18, 0xBC, 0x18, 0xBC, 0x18, 0xBC, 0x18, 0xBC,
    0x18, 0xBC, 0x18, 0xBC, 0x18, 0xBC, 0x18, 0xC4, 0xD9, 0xA4, 0x39, 0x9D, 0x55, 0x94, 0x31, 0x7B,
    0xF1, 0x72, 0xD5, 0x93, 0xF6, 0x9B, 0xF6, 0x93, 0x75, 0x84, 0x2A, 0x3A, 0x27, 0x19, 0xA8, 0x31,
    0xAB, 0x52, 0xCF, 0x7B, 0x6D, 0x6B, 0x8B, 0x4A, 0x32, 0x63, 0x95, 0x6B, 0xB5, 0x73, 0xF7, 0x8B,
    0x18, 0x94, 0x17, 0x94, 0x74, 0x83, 0x13, 0x7B, 0x53, 0x83, 0x54, 0x8B, 0x54, 0x8B, 0x33, 0x83,
    0x53, 0x8B, 0x74, 0x93, 0xB5, 0x93, 0x17, 0xAC, 0x38, 0xC4, 0x18, 0xBC, 0x18, 0xBC, 0x18, 0xBC,
    0x18, 0xBC, 0x18, 0xBC, 0x18, 0xBC, 0x18, 0xBC, 0x18, 0xBC, 0x18, 0xBC, 0x18, 0xBC, 0x18, 0xBC,
    0x18, 0xBC, 0x18, 0xBC, 0x18, 0xBC, 0x39, 0xC4, 0x38, 0xBC, 0xF6, 0x9B, 0xB4, 0x6B, 0xAD, 0x32,
    0xED, 0x4A, 0xCD, 0x4A, 0xEA, 0x29, 0xA9, 0x21, 0xCE, 0x3A, 0x0C, 0x22, 0x4C, 0x3A, 0x88, 0x19,
    0x69, 0x4A, 0x0D, 0x94, 0x51, 0xC5, 0x14, 0xD6, 0x92, 0xCD, 0x0A, 0x63, 0x18, 0x7D, 0xF0, 0x42,
    0x72, 0x7C, 0x54, 0xA5, 0xD8, 0xC4, 0x19, 0xC4, 0x38, 0xC4, 0x18, 0xC4, 0x18, 0xC4, 0x18, 0xC4,
    0x38, 0xC4, 0x18, 0xC4, 0x39, 0xC4, 0x38, 0xC4, 0x38, 0xC4, 0x39, 0xC4, 0x39, 0xC4, 0x18, 0xC4,
    0x19, 0xC4, 0x39, 0xC4, 0x18, 0xC4, 0x39, 0xC4, 0x39, 0xC4, 0x39, 0xC4, 0x18, 0xC4, 0x18, 0xC4,
    0x39, 0xC4, 0x39, 0xC4, 0x39, 0xC4, 0x39, 0xC4, 0x38, 0xC4, 0x39, 0xC4, 0x39, 0xC4, 0x39, 0xC4,
    0x39, 0xC4, 0x39, 0xC4, 0x38, 0xC4, 0x39, 0xC4, 0x38, 0xC4, 0x39, 0xC4, 0x39, 0xC4, 0x39, 0xC4,
    0x39, 0xC4, 0x38, 0xC4, 0x38, 0xC4, 0x39, 0xC4, 0x39, 0xC4, 0x39, 0xC4, 0x39, 0xC4, 0x39, 0xC4,
    0x39, 0xC4, 0x39, 0xC4, 0x39, 0xC4, 0x39, 0xC4, 0x39, 0xC4, 0x39, 0xC4, 0x39, 0xC4, 0x39, 0xC4,
    0x18, 0xBC, 0x18, 0xBC, 0x18, 0xBC, 0x18, 0xBC, 0x18, 0xBC, 0x18, 0xBC, 0x18, 0xBC, 0x18, 0xBC,
    0x18, 0xBC, 0x18, 0xBC, 0x18, 0xBC, 0x18, 0xBC, 0x18, 0xBC, 0x18, 0xBC, 0x18, 0xBC, 0x18, 0xBC,
    0x18, 0xBC, 0x18, 0xBC, 0x18, 0xBC, 0x18, 0xBC, 0x18, 0xBC, 0x18, 0xBC, 0x18, 0xBC, 0x18, 0xBC,
    0x18, 0xBC, 0x18, 0xBC, 0x18, 0xBC, 0x18, 0xBC, 0x18, 0xBC, 0x18, 0xBC, 0x18, 0xBC, 0x18, 0xBC,
    0x18, 0xBC, 0x18, 0xBC, 0x18, 0xBC, 0x18, 0xBC, 0x18, 0xBC, 0x18, 0xBC, 0x18, 0xBC, 0x18, 0xBC,
    0x18, 0xBC, 0x18, 0xBC, 0x18, 0xBC, 0x18, 0xBC, 0x18, 0xBC, 0x18, 0xBC, 0x18, 0xBC, 0x18, 0xBC,
    0x18, 0xBC, 0x18, 0xBC, 0x18, 0xBC, 0x18, 0xBC, 0x18, 0xBC, 0x18, 0xBC, 0x18, 0xBC, 0x18, 0xBC,
    0x18, 0xBC, 0x18, 0xBC, 0x18, 0xBC, 0x18, 0xBC, 0x18, 0xBC, 0x18, 0xBC, 0x18, 0xBC, 0x18, 0xBC,
    0x18, 0xBC, 0x18, 0xBC, 0x18, 0xBC, 0x18, 0xBC, 0x18, 0xBC, 0x18, 0xBC, 0x18, 0xBC, 0x18, 0xBC,
    0x18, 0xBC, 0x18, 0xBC, 0x18, 0xBC, 0x18, 0xBC, 0x18, 0xBC, 0x18, 0xBC, 0x18, 0xBC, 0x18, 0xBC,
    0x18, 0xBC, 0x18, 0xBC, 0x18, 0xBC, 0x18, 0xBC, 0x18, 0xBC, 0x18, 0xBC, 0x18, 0xBC, 0x18, 0xBC,
    0x18, 0xBC, 0x18, 0xBC, 0x18, 0xBC, 0x18, 0xBC, 0x18, 0xBC, 0x18, 0xBC, 0x18, 0xBC, 0x18, 0xBC,
    0x18, 0xBC, 0x18, 0xBC, 0x18, 0xBC, 0x18, 0xBC, 0x18, 0xBC, 0x18, 0xBC, 0x18, 0xBC, 0x18, 0xBC,
    0x18, 0xBC, 0x18, 0xBC, 0x18, 0xBC, 0x18, 0xBC, 0x18, 0xBC, 0x18, 0xBC, 0x18, 0xBC, 0x18, 0xBC,
    0x18, 0xBC, 0x18, 0xBC, 0x18, 0xBC, 0x18, 0xBC, 0x18, 0xBC, 0x18, 0xBC, 0x18, 0xBC, 0x18, 0xBC,
    0x18, 0xBC, 0x18, 0xBC, 0x18, 0xBC, 0x18, 0xBC, 0x18, 0xBC, 0x18, 0xBC, 0x18, 0xBC, 0x18, 0xBC,
    0x18, 0xBC, 0x18, 0xBC, 0x18, 0xBC, 0x18, 0xBC, 0x18, 0xBC, 0x18, 0xBC, 0x18, 0xBC, 0x18, 0xBC,
    0x18, 0xBC, 0x18, 0xBC, 0x18, 0xBC, 0x18, 0xBC, 0x18, 0xBC, 0x18, 0xBC, 0x18, 0xBC, 0x18, 0xBC,
    0x18, 0xBC, 0x18, 0xBC, 0x18, 0xBC, 0x18, 0xBC, 0x18, 0xBC, 0x18, 0xBC, 0x18, 0xBC, 0x18, 0xBC,
    0x18, 0xBC, 0x18, 0xBC, 0x18, 0xBC, 0x18, 0xBC, 0x18, 0xBC, 0x18, 0xBC, 0x18, 0xBC, 0x18, 0xBC,
    0x18, 0xBC, 0x18, 0xBC, 0x18, 0xBC, 0x18, 0xBC, 0x18, 0xBC, 0x18, 0xBC, 0x18, 0xBC, 0x18, 0xBC,
    0x18, 0xBC, 0x18, 0xBC, 0x18, 0xBC, 0x18, 0xBC, 0x18, 0xBC, 0x18, 0xBC, 0x18, 0xBC, 0x18, 0xBC,
    0x18, 0xBC, 0x18, 0xBC, 0x18, 0xBC, 0x18, 0xBC, 0x18, 0xBC, 0x18, 0xBC, 0x18, 0xBC, 0x18, 0xBC,
    0x18, 0xBC, 0x18, 0xBC, 0x18, 0xBC, 0x18, 0xBC, 0x18, 0xBC, 0x18, 0xBC, 0x18, 0xBC, 0x18, 0xBC,
    0x18, 0xBC, 0x18, 0xBC, 0x18, 0xBC, 0x18, 0xC4, 0x18, 0xBC, 0xF8, 0xB3, 0xF8, 0xBB, 0x19, 0xC4,
    0x39, 0xC4, 0x39, 0xC4, 0x18, 0xBC, 0x39, 0xCC, 0x17, 0xB4, 0x94, 0x9B, 0xB5, 0xA3, 0xB5, 0xA3,
    0xB4, 0xA3, 0xB4, 0xA3, 0x94, 0x9B, 0xD6, 0xA3, 0x39, 0xC4, 0x39, 0xCC, 0x39, 0xCC, 0x39, 0xC4,
    0x18, 0xC4, 0x18, 0xC4, 0x18, 0xC4, 0x18, 0xC4, 0x18, 0xC4, 0x18, 0xBC, 0x18, 0xBC, 0x18, 0xBC,
    0x18, 0xBC, 0x18, 0xBC, 0x18, 0xBC, 0x18, 0xBC, 0x18, 0xBC, 0x18, 0xBC, 0x18, 0xBC, 0x18, 0xBC,
    0x18, 0xBC, 0x18, 0xBC, 0x18, 0xBC, 0x18, 0xBC, 0x18, 0xBC, 0x18, 0xBC, 0x18, 0xBC, 0x18, 0xBC,
    0x18, 0xBC, 0x18, 0xBC, 0x18, 0xBC, 0x18, 0xBC, 0x18, 0xC4, 0x59, 0xCC, 0x59, 0xC4, 0xCF, 0x5A,
    0x70, 0x63, 0xB1, 0x73, 0xED, 0x62, 0xE9, 0x49, 0x2E, 0x73, 0x53, 0x8B, 0xF6, 0xA3, 0x32, 0x7B,
    0xAF, 0x72, 0xAF, 0x72, 0x10, 0x83, 0xD4, 0xA3, 0xD4, 0xAB, 0x14, 0x94, 0xD5, 0x63, 0x91, 0x6B,
    0xD4, 0xD5, 0x2B, 0xA4, 0x56, 0xBC, 0x39, 0xC4, 0x38, 0xC4, 0x18, 0xC4, 0x18, 0xC4, 0x38, 0xC4,
    0x18, 0xC4, 0x38, 0xC4, 0x39, 0xC4, 0x39, 0xC4, 0x39, 0xC4, 0x39, 0xC4, 0x18, 0xC4, 0x39, 0xC4,
    0x39, 0xC4, 0x18, 0xC4, 0x18, 0xC4, 0x19, 0xC4, 0x18, 0xC4, 0x18, 0xC4, 0x18, 0xC4, 0x18, 0xC4,
    0x38, 0xC4, 0x39, 0xC4, 0x39, 0xC4, 0x39, 0xC4, 0x39, 0xC4, 0x39, 0xC4, 0x39, 0xC4, 0x38, 0xC4,
    0x39, 0xC4, 0x18, 0xC4, 0x18, 0xC4, 0x38, 0xC4, 0x39, 0xC4, 0x38, 0xC4, 0x38, 0xC4, 0x39, 0xC4,
    0x39, 0xC4, 0x39, 0xC4, 0x39, 0xC4, 0x39, 0xC4, 0x39, 0xC4, 0x39, 0xC4, 0x39, 0xC4, 0x39, 0xC4,
    0x39, 0xC4, 0x39, 0xC4, 0x39, 0xC4, 0x39, 0xC4, 0x39, 0xC4, 0x39, 0xC4, 0x39, 0xC4, 0x39, 0xC4,
    0x18, 0xC4, 0x18, 0xC4, 0x18, 0xC4, 0x18, 0xC4, 0x18, 0xC4, 0x18, 0xC4, 0x18, 0xC4, 0x18, 0xC4,
    0x18, 0xC4, 0x18, 0xC4, 0x18, 0xC4, 0x18, 0xC4, 0x18, 0xC4, 0x18, 0xC4, 0x18, 0xC4, 0x18, 0xC4,
    0x18, 0xC4, 0x18, 0xC4, 0x18, 0xC4, 0x18, 0xC4, 0x18, 0xC4, 0x18, 0xC4, 0x18, 0xC4, 0x18, 0xC4,
    0x18, 0xC4, 0x18, 0xC4, 0x18, 0xC4, 0x18, 0xC4, 0x18, 0xC4, 0x18, 0xC4, 0x18, 0xC4, 0x18, 0xC4,
    0x18, 0xC4, 0x18, 0xC4, 0x18, 0xC4, 0x18, 0xC4, 0x18, 0xC4, 0x18, 0xC4, 0x18, 0xC4, 0x18, 0xC4,
    0x18, 0xC4, 0x18, 0xC4, 0x18, 0xC4, 0x18, 0xC4, 0x18, 0xC4, 0x18, 0xC4, 0x18, 0xC4, 0x18, 0xC4,
    0x18, 0xC4, 0x18, 0xC4, 0x18, 0xC4, 0x18, 0xC4, 0x18, 0xC4, 0x18, 0xC4, 0x18, 0xC4, 0x18, 0xC4,
    0x18, 0xC4, 0x18, 0xC4, 0x18, 0xC4, 0x18, 0xC4, 0x18, 0xC4, 0x18, 0xC4, 0x18, 0xC4, 0x18, 0xC4,
    0x18, 0xC4, 0x18, 0xC4, 0x18, 0xC4, 0x18, 0xC4, 0x18, 0xC4, 0x18, 0xC4, 0x18, 0xC4, 0x18, 0xC4,
    0x18, 0xC4, 0x18, 0xC4, 0x18, 0xC4, 0x18, 0xC4, 0x18, 0xC4, 0x18, 0xC4, 0x18, 0xC4, 0x18, 0xC4,
    0x18, 0xC4, 0x18, 0xC4, 0x18, 0xC4, 0x18, 0xC4, 0x18, 0xC4, 0x18, 0xC4, 0x18, 0xC4, 0x18, 0xC4,
    0x18, 0xC4, 0x18, 0xC4, 0x18, 0xC4, 0x18, 0xC4, 0x18, 0xC4, 0x18, 0xC4, 0x18, 0xC4, 0x18, 0xC4,
    0x18, 0xC4, 0x18, 0xC4, 0x18, 0xC4, 0x18, 0xC4, 0x18, 0xC4, 0x18, 0xC4, 0x18, 0xC4, 0x18, 0xC4,
    0x18, 0xC4, 0x18, 0xC4, 0x18, 0xC4, 0x18, 0xC4, 0x18, 0xC4, 0x18, 0xC4, 0x18, 0xC4, 0x18, 0xC4,
    0x18, 0xC4, 0x18, 0xC4, 0x18, 0xC4, 0x18, 0xC4, 0x18, 0xC4, 0x18, 0xC4, 0x18, 0xC4, 0x18, 0xC4,
    0x18, 0xC4, 0x18, 0xC4, 0x18, 0xC4, 0x18, 0xC4, 0x18, 0xC4, 0x18, 0xC4, 0x18, 0xC4, 0x18, 0xC4,
    0x18, 0xC4, 0x18, 0xC4, 0x18, 0xC4, 0x18, 0xC4, 0x18, 0xC4, 0x18, 0xC4, 0x18, 0xC4, 0x18, 0xC4,
    0x18, 0xC4, 0x18, 0xC4, 0x18, 0xC4, 0x18, 0xC4, 0x18, 0xC4, 0x18, 0xC4, 0x18, 0xC4, 0x18, 0xC4,
    0x18, 0xC4, 0x18, 0xC4, 0x18, 0xC4, 0x18, 0xC4, 0x18, 0xC4, 0x18, 0xC4, 0x18, 0xC4, 0x18, 0xC4,
    0x18, 0xC4, 0x18, 0xC4, 0x18, 0xC4, 0x18, 0xC4, 0x18, 0xC4, 0x18, 0xC4, 0x18, 0xC4, 0x18, 0xC4,
    0x18, 0xC4, 0x18, 0xC4, 0x18, 0xC4, 0x18, 0xC4, 0x18, 0xC4, 0x18, 0xC4, 0x18, 0xC4, 0x18, 0xC4,
    0x18, 0xC4, 0x18, 0xC4, 0x18, 0xC4, 0x18, 0xC4, 0x18, 0xC4, 0x18, 0xC4, 0x18, 0xC4, 0x18, 0xC4,
    0x18, 0xC4, 0x18, 0xC4, 0x18, 0xC4, 0x18, 0xC4, 0x18, 0xC4, 0x18, 0xC4, 0x18, 0xC4, 0x18, 0xC4,
    0x18, 0xC4, 0x18, 0xC4, 0x18, 0xC4, 0x18, 0xC4, 0x18, 0xC4, 0x18, 0xC4, 0x18, 0xC4, 0x18, 0xC4,
    0x18, 0xC4, 0x18, 0xC4, 0x18, 0xC4, 0x18, 0xC4, 0x18, 0xC4, 0x18, 0xC4, 0x18, 0xC4, 0x18, 0xC4,
    0x18, 0xC4, 0x18, 0xC4, 0x18, 0xC4, 0x18, 0xC4, 0x18, 0xC4, 0x18, 0xC4, 0x18, 0xC4, 0x18, 0xC4,
    0x18, 0xC4, 0x18, 0xC4, 0x18, 0xC4, 0x18, 0xC4, 0x18, 0xC4, 0x18, 0xC4, 0x18, 0xC4, 0x18, 0xC4,
    0x18, 0xC4, 0x18, 0xC4, 0x18, 0xC4, 0x18, 0xC4, 0x18, 0xC4, 0x18, 0xC4, 0x18, 0xC4, 0x18, 0xC4,
    0x18, 0xC4, 0x18, 0xC4, 0x18, 0xBC, 0x18, 0xC4, 0x18, 0xC4, 0x18, 0xC4, 0x18, 0xC4, 0x18, 0xC4,
    0x18, 0xC4, 0x18, 0xC4, 0x18, 0xC4, 0x18, 0xC4, 0x18, 0xC4, 0x18, 0xC4, 0x18, 0xC4, 0x18, 0xC4,
    0x18, 0xC4, 0x18, 0xC4, 0x18, 0xC4, 0x18, 0xC4, 0x18, 0xBC, 0x18, 0xC4, 0x38, 0xC4, 0x38, 0xBC,
    0x18, 0xB4, 0x18, 0xB4, 0x18, 0xBC, 0x18, 0xBC, 0x38, 0xBC, 0x59, 0xCC, 0x39, 0xC4, 0x5A, 0xCC,
    0x7A, 0xCC, 0x7A, 0xCC, 0x5A, 0xCC, 0x59, 0xC4, 0x39, 0xC4, 0x5A, 0xCC, 0x39, 0xC4, 0x18, 0xB4,
    0x37, 0xBC, 0x37, 0xBC, 0x59, 0xC4, 0x39, 0xC4, 0x18, 0xC4, 0x18, 0xC4, 0x18, 0xC4, 0x18, 0xC4,
    0x18, 0xC4, 0x18, 0xC4, 0x38, 0xC4, 0x39, 0xC4, 0x38, 0xC4, 0x18, 0xC4, 0x18, 0xC4, 0x18, 0xC4,
    0x39, 0xC4, 0x18, 0xC4, 0x38, 0xC4, 0x38, 0xC4, 0x18, 0xC4, 0x18, 0xC4, 0x38, 0xC4, 0x38, 0xC4,
    0x38, 0xC4, 0x39, 0xC4, 0x39, 0xC4, 0x39, 0xC4, 0x39, 0xC4, 0x39, 0xC4, 0x19, 0xC4, 0x18, 0xC4,
    0x39, 0xC4, 0x39, 0xC4, 0x18, 0xC4, 0x39, 0xC4, 0x38, 0xC4, 0x38, 0xC4, 0x38, 0xC4, 0x18, 0xC4,
    0x38, 0xC4, 0x39, 0xC4, 0x38, 0xC4, 0x18, 0xC4, 0x39, 0xC4, 0x39, 0xC4, 0x38, 0xC4, 0x39, 0xC4,
    0x38, 0xC4, 0x38, 0xC4, 0x39, 0xC4, 0x39, 0xC4, 0x39, 0xC4, 0x39, 0xC4, 0x39, 0xC4, 0x39, 0xC4,
    0x18, 0xC4, 0x18, 0xC4, 0x18, 0xC4, 0x18, 0xC4, 0x18, 0xC4, 0x18, 0xC4, 0x18, 0xC4, 0x18, 0xC4,
    0x18, 0xC4, 0x18, 0xC4, 0x18, 0xC4, 0x18, 0xC4, 0x18, 0xC4, 0x18, 0xC4, 0x18, 0xC4, 0x18, 0xC4,
    0x18, 0xC4, 0x18, 0xC4, 0x18, 0xC4, 0x18, 0xC4, 0x18, 0xC4, 0x18, 0xC4, 0x18, 0xC4, 0x18, 0xC4,
    0x18, 0xC4, 0x18, 0xC4, 0x18, 0xC4, 0x18, 0xC4, 0x18, 0xC4, 0x18, 0xC4, 0x18, 0xC4, 0x18, 0xC4,
    0x18, 0xC4, 0x18, 0xC4, 0x18, 0xC4, 0x18, 0xC4, 0x18, 0xC4, 0x18, 0xC4, 0x18, 0xC4, 0x18, 0xC4,
    0x18, 0xC4, 0x18, 0xC4, 0x18, 0xC4, 0x18, 0xC4, 0x18, 0xC4, 0x18, 0xC4, 0x18, 0xC4, 0x18, 0xC4,
    0x18, 0xC4, 0x18, 0xC4, 0x18, 0xC4, 0x18, 0xC4, 0x18, 0xC4, 0x18, 0xC4, 0x18, 0xC4, 0x18, 0xC4,
    0x18, 0xC4, 0x18, 0xC4, 0x18, 0xC4, 0x18, 0xC4, 0x18, 0xC4, 0x18, 0xC4, 0x18, 0xC4, 0x18, 0xC4,
    0x18, 0xC4, 0x18, 0xC4, 0x18, 0xC4, 0x18, 0xC4, 0x18, 0xC4, 0x18, 0xC4, 0x18, 0xC4, 0x18, 0xC4,
    0x18, 0xC4, 0x18, 0xC4, 0x18, 0xC4, 0x18, 0xC4, 0x18, 0xC4, 0x18, 0xC4, 0x18, 0xC4, 0x18, 0xC4,
    0x18, 0xC4, 0x18, 0xC4, 0x18, 0xC4, 0x18, 0xC4, 0x18, 0xC4, 0x18, 0xC4, 0x18, 0xC4, 0x18, 0xC4,
    0x18, 0xC4, 0x18, 0xC4, 0x18, 0xC4, 0x18, 0xC4, 0x18, 0xC4, 0x18, 0xC4, 0x18, 0xC4, 0x18, 0xC4,
    0x18, 0xC4, 0x18, 0xC4, 0x18, 0xC4, 0x18, 0xC4, 0x18, 0xC4, 0x18, 0xC4, 0x18, 0xC4, 0x18, 0xC4,
    0x18, 0xC4, 0x18, 0xC4, 0x18, 0xC4, 0x18, 0xC4, 0x18, 0xC4, 0x18, 0xC4, 0x18, 0xC4, 0x18, 0xC4,
    0x18, 0xC4, 0x18, 0xC4, 0x18, 0xC4, 0x18, 0xC4, 0x18, 0xC4, 0x18, 0xC4, 0x18, 0xC4, 0x18, 0xC4,
    0x18, 0xC4, 0x18, 0xC4, 0x18, 0xC4, 0x18, 0xC4, 0x18, 0xC4, 0x18, 0xC4, 0x18, 0xC4, 0x18, 0xC4,
    0x18, 0xC4, 0x18, 0xC4, 0x18, 0xC4, 0x18, 0xC4, 0x18, 0xC4, 0x18, 0xC4, 0x18, 0xC4, 0x18, 0xC4,
    0x18, 0xC4, 0x18, 0xC4, 0x18, 0xC4, 0x18, 0xC4, 0x18, 0xC4, 0x18, 0xC4, 0x18, 0xC4, 0x18, 0xC4,
    0x18, 0xC4, 0x18, 0xC4, 0x18, 0xC4, 0x18, 0xC4, 0x18, 0xC4, 0x18, 0xC4, 0x18, 0xC4, 0x18, 0xC4,
    0x18, 0xC4, 0x18, 0xC4, 0x18, 0xC4, 0x18, 0xC4, 0x18, 0xC4, 0x18, 0xC4, 0x18, 0xC4, 0x18, 0xC4,
    0x18, 0xC4, 0x18, 0xC4, 0x18, 0xC4, 0x18, 0xC4, 0x18, 0xC4, 0x18, 0xC4, 0x18, 0xC4, 0x18, 0xC4,
    0x18, 0xC4, 0x18, 0xC4, 0x18, 0xC4, 0x18, 0xC4, 0x18, 0xC4, 0x18, 0xC4, 0x18, 0xC4, 0x18, 0xC4,
    0x18, 0xC4, 0x18, 0xC4, 0x18, 0xC4, 0x18, 0xC4, 0x18, 0xC4, 0x18, 0xC4, 0x18, 0xC4, 0x18, 0xC4,
    0x18, 0xC4, 0x18, 0xC4, 0x18, 0xC4, 0x18, 0xC4, 0x18, 0xC4, 0x18, 0xC4, 0x18, 0xC4, 0x18, 0xC4,
    0x18, 0xC4, 0x18, 0xC4, 0x18, 0xC4, 0x18, 0xC4, 0x18, 0xC4, 0x18, 0xC4, 0x18, 0xC4, 0x18, 0xC4,
    0x18, 0xBC, 0x18, 0xC4, 0x18, 0xBC, 0x18, 0xBC, 0x18, 0xBC, 0x18, 0xBC, 0x18, 0xBC, 0x18, 0xBC,
    0x18, 0xBC, 0x18, 0xBC, 0x18, 0xBC, 0x18, 0xBC, 0x18, 0xC4, 0x18, 0xC4, 0x18, 0xC4, 0x18, 0xBC,
    0x18, 0xC4, 0x18, 0xC4, 0x18, 0xC4, 0x18, 0xC4, 0x18, 0xC4, 0x18, 0xC4, 0x18, 0xC4, 0x18, 0xC4,
    0x18, 0xC4, 0x18, 0xC4, 0x18, 0xC4, 0x18, 0xC4, 0x18, 0xC4, 0x18, 0xC4, 0x18, 0xC4, 0x18, 0xC4,
    0x18, 0xC4, 0x18, 0xC4, 0x18, 0xC4, 0x18, 0xC4, 0x18, 0xBC, 0x18, 0xC4, 0x18, 0xC4, 0x18, 0xC4,
    0x18, 0xBC, 0x18, 0xC4, 0x18, 0xC4, 0x18, 0xC4, 0x18, 0xC4, 0x18, 0xC4, 0x18, 0xC4, 0x18, 0xC4,
    0x18, 0xC4, 0x18, 0xC4, 0x18, 0xC4, 0x18, 0xC4, 0x19, 0xC4, 0x18, 0xC4, 0x18, 0xC4, 0x18, 0xC4,
    0x18, 0xBC, 0x18, 0xBC, 0x18, 0xC4, 0x18, 0xC4, 0x18, 0xC4, 0x18, 0xC4, 0x19, 0xC4, 0x39, 0xC4,
    0x39, 0xC4, 0x39, 0xC4, 0x19, 0xC4, 0x18, 0xC4, 0x18, 0xC4, 0x18, 0xC4, 0x19, 0xC4, 0x18, 0xC4,
    0x18, 0xC4, 0x18, 0xC4, 0x18, 0xC4, 0x18, 0xC4, 0x18, 0xC4, 0x38, 0xC4, 0x38, 0xC4, 0x39, 0xC4,
    0x38, 0xC4, 0x38, 0xC4, 0x39, 0xC4, 0x39, 0xC4, 0x39, 0xC4, 0x39, 0xC4, 0x39, 0xC4, 0x39, 0xC4,
    0x39, 0xC4, 0x39, 0xC4, 0x39, 0xC4, 0x39, 0xC4, 0x39, 0xC4, 0x39, 0xC4, 0x39, 0xC4, 0x39, 0xC4,
    0x39, 0xC4, 0x39, 0xC4, 0x39, 0xC4, 0x39, 0xC4, 0x39, 0xC4, 0x39, 0xC4, 0x39, 0xC4, 0x39, 0xC4,
    0x39, 0xC4, 0x39, 0xC4, 0x39, 0xC4, 0x39, 0xC4, 0x39, 0xC4, 0x39, 0xC4, 0x39, 0xC4, 0x39, 0xC4,
    0x39, 0xC4, 0x39, 0xC4, 0x39, 0xC4, 0x39, 0xC4, 0x39, 0xC4, 0x39, 0xC4, 0x39, 0xC4, 0x39, 0xC4,
    0x18, 0xC4, 0x18, 0xC4, 0x18, 0xC4, 0x18, 0xC4, 0x18, 0xC4, 0x18, 0xC4, 0x18, 0xC4, 0x18, 0xC4,
    0x18, 0xC4, 0x18, 0xC4, 0x18, 0xC4, 0x18, 0xC4, 0x18, 0xC4, 0x18, 0xC4, 0x18, 0xC4, 0x18, 0xC4,
    0x18, 0xC4, 0x18, 0xC4, 0x18, 0xC4, 0x18, 0xC4, 0x18, 0xC4, 0x18, 0xC4, 0x18, 0xC4, 0x18, 0xC4,
    0x18, 0xC4, 0x18, 0xC4, 0x18, 0xC4, 0x18, 0xC4, 0x18, 0xC4, 0x18, 0xC4, 0x18, 0xC4, 0x18, 0xC4,
    0x18, 0xC4, 0x18, 0xC4, 0x18, 0xC4, 0x18, 0xC4, 0x18, 0xC4, 0x18, 0xC4, 0x18, 0xC4, 0x18, 0xC4,
    0x18, 0xC4, 0x18, 0xC4, 0x18, 0xC4, 0x18, 0xC4, 0x18, 0xC4, 0x18, 0xC4, 0x18, 0xC4, 0x18, 0xC4,
    0x18, 0xC4, 0x18, 0xC4, 0x18, 0xC4, 0x18, 0xC4, 0x18, 0xC4, 0x18, 0xC4, 0x18, 0xC4, 0x18, 0xC4,
    0x18, 0xC4, 0x18, 0xC4, 0x18, 0xC4, 0x18, 0xC4, 0x18, 0xC4, 0x18, 0xC4, 0x18, 0xC4, 0x18, 0xC4,
    0x18, 0xC4, 0x18, 0xC4, 0x18, 0xC4, 0x18, 0xC4, 0x18, 0xC4, 0x18, 0xC4, 0x18, 0xC4, 0x18, 0xC4,
    0x18, 0xC4, 0x18, 0xC4, 0x18, 0xC4, 0x18, 0xC4, 0x18, 0xC4, 0x18, 0xC4, 0x18, 0xC4, 0x18, 0xC4,
    0x18, 0xC4, 0x18, 0xC4, 0x18, 0xC4, 0x18, 0xC4, 0x18, 0xC4, 0x18, 0xC4, 0x18, 0xC4, 0x18, 0xC4,
    0x18, 0xC4, 0x18, 0xC4, 0x18, 0xC4, 0x18, 0xC4, 0x18, 0xC4, 0x18, 0xC4, 0x18, 0xC4, 0x18, 0xC4,
    0x18, 0xC4, 0x18, 0xC4, 0x18, 0xC4, 0x18, 0xC4, 0x18, 0xC4, 0x18, 0xC4, 0x18, 0xC4, 0x18, 0xC4,
    0x18, 0xC4, 0x18, 0xC4, 0x18, 0xC4, 0x18, 0xC4, 0x18, 0xC4, 0x18, 0xC4, 0x18, 0xC4, 0x18, 0xC4,
    0x18, 0xC4, 0x18, 0xC4, 0x18, 0xC4, 0x18, 0xC4, 0x18, 0xC4, 0x18, 0xC4, 0x18, 0xC4, 0x18, 0xC4,
    0x18, 0xC4, 0x18, 0xC4, 0x18, 0xC4, 0x18, 0xC4, 0x18, 0xC4, 0x18, 0xC4, 0x18, 0xC4, 0x18, 0xC4,
    0x18, 0xC4, 0x18, 0xC4, 0x18, 0xC4, 0x18, 0xC4, 0x18, 0xC4, 0x18, 0xC4, 0x18, 0xC4, 0x18, 0xC4,
    0x18, 0xC4, 0x18, 0xC4, 0x18, 0xC4, 0x18, 0xC4, 0x18, 0xC4, 0x18, 0xC4, 0x18, 0xC4, 0x18, 0xC4,
    0x18, 0xC4, 0x18, 0xC4, 0x18, 0xC4, 0x18, 0xC4, 0x18, 0xC4, 0x18, 0xC4, 0x18, 0xC4, 0x18, 0xC4,
    0x18, 0xC4, 0x18, 0xC4, 0x18, 0xC4, 0x18, 0xC4, 0x18, 0xC4, 0x18, 0xC4, 0x18, 0xC4, 0x18, 0xC4,
    0x18, 0xC4, 0x18, 0xC4, 0x18, 0xC4, 0x18, 0xC4, 0x18, 0xC4, 0x18, 0xC4, 0x18, 0xC4, 0x18, 0xC4,
    0x18, 0xC4, 0x18, 0xC4, 0x18, 0xC4, 0x18, 0xC4, 0x18, 0xC4, 0x18, 0xC4, 0x18, 0xC4, 0x18, 0xC4,
    0x18, 0xC4, 0x18, 0xC4, 0x18, 0xC4, 0x18, 0xC4, 0x18, 0xC4, 0x18, 0xC4, 0x18, 0xC4, 0x18, 0xC4,
    0x18, 0xC4, 0x18, 0xC4, 0x18, 0xC4, 0x18, 0xC4, 0x18, 0xC4, 0x18, 0xC4, 0x18, 0xC4, 0x18, 0xC4,
    0x18, 0xC4, 0x18, 0xC4, 0x18, 0xC4, 0x18, 0xC4, 0x18, 0xC4, 0x18, 0xC4, 0x18, 0xC4, 0x18, 0xC4,
    0x18, 0xC4, 0x18, 0xC4, 0x18, 0xC4, 0x18, 0xC4, 0x18, 0xC4, 0x18, 0xC4, 0x18, 0xC4, 0x18, 0xC4,
    0x18, 0xC4, 0x18, 0xC4, 0x18, 0xC4, 0x18, 0xC4, 0x18, 0xC4, 0x18, 0xC4, 0x18, 0xC4, 0x18, 0xC4,
    0x18, 0xC4, 0x18, 0xC4, 0x18, 0xC4, 0x18, 0xC4, 0x18, 0xC4, 0x18, 0xC4, 0x18, 0xC4, 0x18, 0xC4,
    0x18, 0xC4, 0x18, 0xC4, 0x18, 0xC4, 0x18, 0xC4, 0x18, 0xC4, 0x18, 0xC4, 0x18, 0xC4, 0x18, 0xC4,
    0x18, 0xC4, 0x18, 0xC4, 0x18, 0xC4, 0x18, 0xC4, 0x18, 0xC4, 0x18, 0xC4, 0x18, 0xC4, 0x18, 0xC4,
    0x18, 0xC4, 0x18, 0xBC, 0x18, 0xC4, 0x18, 0xC4, 0x18, 0xC4, 0x18, 0xC4, 0x18, 0xC4, 0x38, 0xC4,
    0x38, 0xC4, 0x18, 0xC4, 0x18, 0xC4, 0x38, 0xC4, 0x38, 0xC4, 0x38, 0xC4, 0x18, 0xC4, 0x18, 0xC4,
    0x18, 0xC4, 0x38, 0xC4, 0x38, 0xC4, 0x18, 0xC4, 0x18, 0xC4, 0x18, 0xC4, 0x18, 0xC4, 0x18, 0xC4,
    0x38, 0xC4, 0x18, 0xC4, 0x18, 0xC4, 0x18, 0xC4, 0x18, 0xC4, 0x38, 0xC4, 0x18, 0xC4, 0x38, 0xC4,
    0x38, 0xC4, 0x18, 0xC4, 0x18, 0xC4, 0x38, 0xC4, 0x38, 0xC4, 0x38, 0xC4, 0x38, 0xC4, 0x39, 0xC4,
    0x39, 0xC4, 0x39, 0xC4, 0x39, 0xC4, 0x38, 0xC4, 0x38, 0xC4, 0x38, 0xC4, 0x38, 0xC4, 0x38, 0xC4,
    0x39, 0xC4, 0x38, 0xC4, 0x39, 0xC4, 0x39, 0xC4, 0x39, 0xC4, 0x39, 0xC4, 0x39, 0xC4, 0x39, 0xC4,
    0x39, 0xC4, 0x39, 0xC4, 0x39, 0xC4, 0x39, 0xC4, 0x39, 0xC4, 0x39, 0xC4, 0x39, 0xC4, 0x39, 0xC4,
    0x39, 0xC4, 0x39, 0xC4, 0x39, 0xC4, 0x39, 0xC4, 0x39, 0xC4, 0x39, 0xC4, 0x39, 0xC4, 0x39, 0xC4,
    0x39, 0xC4, 0x39, 0xC4, 0x39, 0xC4, 0x39, 0xC4, 0x39, 0xC4, 0x39, 0xC4, 0x39, 0xC4, 0x39, 0xC4,
    0x18, 0xC4, 0x18, 0xC4, 0x18, 0xC4, 0x18, 0xC4, 0x18, 0xC4, 0x18, 0xC4, 0x18, 0xC4, 0x18, 0xC4,
    0x18, 0xC4, 0x18, 0xC4, 0x18, 0xC4, 0x18, 0xC4, 0x18, 0xC4, 0x18, 0xC4, 0x18, 0xC4, 0x18, 0xC4,
    0x18, 0xC4, 0x18, 0xC4, 0x18, 0xC4, 0x18, 0xC4, 0x18, 0xC4, 0x18, 0xC4, 0x18, 0xC4, 0x18, 0xC4,
    0x18, 0xC4, 0x18, 0xC4, 0x18, 0xC4, 0x18, 0xC4, 0x18, 0xC4, 0x18, 0xC4, 0x18, 0xC4, 0x18, 0xC4,
    0x18, 0xC4, 0x18, 0xC4, 0x18, 0xC4, 0x18, 0xC4, 0x18, 0xC4, 0x18, 0xC4, 0x18, 0xC4, 0x18, 0xC4,
    0x18, 0xC4, 0x18, 0xC4, 0x18, 0xC4, 0x18, 0xC4, 0x18, 0xC4, 0x18, 0xC4, 0x18, 0xC4, 0x18, 0xC4,
    0x18, 0xC4, 0x18, 0xC4, 0x18, 0xC4, 0x18, 0xC4, 0x18, 0xC4, 0x18, 0xC4, 0x18, 0xC4, 0x18, 0xC4,
    0x18, 0xC4, 0x18, 0xC4, 0x18, 0xC4, 0x18, 0xC4, 0x18, 0xC4, 0x18, 0xC4, 0x18, 0xC4, 0x18, 0xC4,
    0x18, 0xC4, 0x18, 0xC4, 0x18, 0xC4, 0x18, 0xC4, 0x18, 0xC4, 0x18, 0xC4, 0x18, 0xC4, 0x18, 0xC4,
    0x18, 0xC4, 0x18, 0xC4, 0x18, 0xC4, 0x18, 0xC4, 0x18, 0xC4, 0x18, 0xC4, 0x18, 0xC4, 0x18, 0xC4,
    0x18, 0xC4, 0x18, 0xC4, 0x18, 0xC4, 0x18, 0xC4, 0x18, 0xC4, 0x18, 0xC4, 0x18, 0xC4, 0x18, 0xC4,
    0x18, 0xC4, 0x18, 0xC4, 0x18, 0xC4, 0x18, 0xC4, 0x18, 0xC4, 0x18, 0xC4, 0x18, 0xC4, 0x18, 0xC4,
    0x18, 0xC4, 0x18, 0xC4, 0x18, 0xC4, 0x18, 0xC4, 0x18, 0xC4, 0x18, 0xC4, 0x18, 0xC4, 0x18, 0xC4,
    0x18, 0xC4, 0x18, 0xC4, 0x18, 0xC4, 0x18, 0xC4, 0x18, 0xC4, 0x18, 0xC4, 0x18, 0xC4, 0x18, 0xC4,
    0x18, 0xC4, 0x18, 0xC4, 0x18, 0xC4, 0x18, 0xC4, 0x18, 0xC4, 0x18, 0xC4, 0x18, 0xC4, 0x18, 0xC4,
    0x18, 0xC4, 0x18, 0xC4, 0x18, 0xC4, 0x18, 0xC4, 0x18, 0xC4, 0x18, 0xC4, 0x18, 0xC4, 0x18, 0xC4,
    0x18, 0xC4, 0x18, 0xC4, 0x18, 0xC4, 0x18, 0xC4, 0x18, 0xC4, 0x18, 0xC4, 0x18, 0xC4, 0x18, 0xC4,
    0x18, 0xC4, 0x18, 0xC4, 0x18, 0xC4, 0x18, 0xC4, 0x18, 0xC4, 0x18, 0xC4, 0x18, 0xC4, 0x18, 0xC4,
    0x18, 0xC4, 0x18, 0xC4, 0x18, 0xC4, 0x18, 0xC4, 0x18, 0xC4, 0x18, 0xC4, 0x18, 0xC4, 0x18, 0xC4,
    0x18, 0xC4, 0x18, 0xC4, 0x18, 0xC4, 0x18, 0xC4, 0x18, 0xC4, 0x18, 0xC4, 0x18, 0xC4, 0x18, 0xC4,
    0x18, 0xC4, 0x18, 0xC4, 0x18, 0xC4, 0x18, 0xC4, 0x18, 0xC4, 0x18, 0xC4, 0x18, 0xC4, 0x18, 0xC4,
    0x18, 0xC4, 0x18, 0xC4, 0x18, 0xC4, 0x18, 0xC4, 0x18, 0xC4, 0x18, 0xC4, 0x18, 0xC4, 0x18, 0xC4,
    0x18, 0xC4, 0x18, 0xC4, 0x18, 0xC4, 0x18, 0xC4, 0x18, 0xC4, 0x18, 0xC4, 0x18, 0xC4, 0x18, 0xC4,
    0x18, 0xC4, 0x18, 0xC4, 0x18, 0xC4, 0x18, 0xC4, 0x18, 0xC4, 0x18, 0xC4, 0x18, 0xC4, 0x18, 0xC4,
    0x18, 0xC4, 0x18, 0xC4, 0x18, 0xC4, 0x18, 0xC4, 0x18, 0xC4, 0x18, 0xC4, 0x18, 0xC4, 0x18, 0xC4,
    0x18, 0xC4, 0x18, 0xC4, 0x18, 0xC4, 0x18, 0xC4, 0x18, 0xC4, 0x18, 0xC4, 0x18, 0xC4, 0x18, 0xC4,
    0x18, 0xC4, 0x18, 0xC4, 0x18, 0xC4, 0x18, 0xC4, 0x18, 0xC4, 0x18, 0xC4, 0x18, 0xC4, 0x18, 0xC4,
    0x18, 0xC4, 0x18, 0xC4, 0x18, 0xBC, 0x18, 0xC4, 0x18, 0xC4, 0x18, 0xC4, 0x18, 0xC4, 0x18, 0xC4,
    0x18, 0xC4, 0x18, 0xC4, 0x18, 0xC4, 0x18, 0xC4, 0x18, 0xBC, 0x18, 0xC4, 0x18, 0xC4, 0x18, 0xC4,
    0x18, 0xC4, 0x18, 0xC4, 0x18, 0xC4, 0x18, 0xC4, 0x18, 0xC4, 0x18, 0xC4, 0x18, 0xC4, 0x18, 0xC4,
    0x18, 0xC4, 0x18, 0xC4, 0x18, 0xC4, 0x18, 0xBC, 0x18, 0xC4, 0x18, 0xC4, 0x18, 0xC4, 0x18, 0xC4,
    0x18, 0xC4, 0x18, 0xC4, 0x18, 0xC4, 0x38, 0xC4, 0x38, 0xC4, 0x18, 0xC4, 0x18, 0xC4, 0x18, 0xC4,
    0x18, 0xC4, 0x18, 0xC4, 0x18, 0xC4, 0x18, 0xC4, 0x18, 0xC4, 0x18, 0xC4, 0x18, 0xC4, 0x18, 0xC4,
    0x18, 0xC4, 0x18, 0xC4, 0x18, 0xC4, 0x18, 0xC4, 0x18, 0xC4, 0x18, 0xC4, 0x18, 0xC4, 0x18, 0xC4,
    0x39, 0xC4, 0x18, 0xC4, 0x38, 0xC4, 0x38, 0xC4, 0x39, 0xC4, 0x38, 0xC4, 0x39, 0xC4, 0x38, 0xC4,
    0x39, 0xC4, 0x19, 0xC4, 0x39, 0xC4, 0x18, 0xC4, 0x39, 0xC4, 0x39, 0xC4, 0x39, 0xC4, 0x38, 0xC4,
    0x39, 0xC4, 0x38, 0xC4, 0x39, 0xC4, 0x18, 0xC4, 0x38, 0xC4, 0x38, 0xC4, 0x38, 0xC4, 0x39, 0xC4,
    0x39, 0xC4, 0x39, 0xC4, 0x39, 0xC4, 0x39, 0xC4, 0x38, 0xC4, 0x39, 0xC4, 0x39, 0xC4, 0x39, 0xC4,
    0x39, 0xC4, 0x39, 0xC4, 0x39, 0xC4, 0x39, 0xC4, 0x39, 0xC4, 0x39, 0xC4, 0x39, 0xC4, 0x39, 0xC4,
    0x39, 0xC4, 0x39, 0xC4, 0x39, 0xC4, 0x39, 0xC4, 0x39, 0xC4, 0x39, 0xC4, 0x39, 0xC4, 0x39, 0xC4,
    0x18, 0xC4, 0x18, 0xC4, 0x18, 0xC4, 0x18, 0xC4, 0x18, 0xC4, 0x18, 0xC4, 0x18, 0xC4, 0x18, 0xC4,
    0x18, 0xC4, 0x18, 0xC4, 0x18, 0xC4, 0x18, 0xC4, 0x18, 0xC4, 0x18, 0xC4, 0x18, 0xC4, 0x18, 0xC4,
    0x18, 0xC4, 0x18, 0xC4, 0x18, 0xC4, 0x18, 0xC4, 0x18, 0xC4, 0x18, 0xC4, 0x18, 0xC4, 0x18, 0xC4,
    0x18, 0xC4, 0x18, 0xC4, 0x18, 0xC4, 0x18, 0xC4, 0x18, 0xC4, 0x18, 0xC4, 0x18, 0xC4, 0x18, 0xC4,
    0x18, 0xC4, 0x18, 0xC4, 0x18, 0xC4, 0x18, 0xC4, 0x18, 0xC4, 0x18, 0xC4, 0x18, 0xC4, 0x18, 0xC4,
    0x18, 0xC4, 0x18, 0xC4, 0x18, 0xC4, 0x18, 0xC4, 0x18, 0xC4, 0x18, 0xC4, 0x18, 0xC4, 0x18, 0xC4,
    0x18, 0xC4, 0x18, 0xC4, 0x18, 0xC4, 0x18, 0xC4, 0x18, 0xC4, 0x18, 0xC4, 0x18, 0xC4, 0x18, 0xC4,
    0x18, 0xC4, 0x18, 0xC4, 0x18, 0xC4, 0x18, 0xC4, 0x18, 0xC4, 0x18, 0xC4, 0x18, 0xC4, 0x18, 0xC4,
    0x18, 0xC4, 0x18, 0xC4, 0x18, 0xC4, 0x18, 0xC4, 0x18, 0xC4, 0x18, 0xC4, 0x18, 0xC4, 0x18, 0xC4,
    0x18, 0xC4, 0x18, 0xC4, 0x18, 0xC4, 0x18, 0xC4, 0x18, 0xC4, 0x18, 0xC4, 0x18, 0xC4, 0x18, 0xC4,
    0x18, 0xC4, 0x18, 0xC4, 0x18, 0xC4, 0x18, 0xC4, 0x18, 0xC4, 0x18, 0xC4, 0x18, 0xC4, 0x18, 0xC4,
    0x18, 0xC4, 0x18, 0xC4, 0x18, 0xC4, 0x18, 0xC4, 0x18, 0xC4, 0x18, 0xC4, 0x18, 0xC4, 0x18, 0xC4,
    0x18, 0xC4, 0x18, 0xC4, 0x18, 0xC4, 0x18, 0xC4, 0x18, 0xC4, 0x18, 0xC4, 0x18, 0xC4, 0x18, 0xC4,
    0x18, 0xC4, 0x18, 0xC4, 0x18, 0xC4, 0x18, 0xC4, 0x18, 0xC4, 0x18, 0xC4, 0x18, 0xC4, 0x18, 0xC4,
    0x18, 0xC4, 0x18, 0xC4, 0x18, 0xC4, 0x18, 0xC4, 0x18, 0xC4, 0x18, 0xC4, 0x18, 0xC4, 0x18, 0xC4,
    0x18, 0xC4, 0x18, 0xC4, 0x18, 0xC4, 0x18, 0xC4, 0x18, 0xC4, 0x18, 0xC4, 0x18, 0xC4, 0x18, 0xC4,
    0x18, 0xC4, 0x18, 0xC4, 0x18, 0xC4, 0x18, 0xC4, 0x18, 0xC4, 0x18, 0xC4, 0x18, 0xC4, 0x18, 0xC4,
    0x18, 0xC4, 0x18, 0xC4, 0x18, 0xC4, 0x18, 0xC4, 0x18, 0xC4, 0x18, 0xC4, 0x18, 0xC4, 0x18, 0xC4,
    0x18, 0xC4, 0x18, 0xC4, 0x18, 0xC4, 0x18, 0xC4, 0x18, 0xC4, 0x18, 0xC4, 0x18, 0xC4, 0x18, 0xC4,
    0x18, 0xC4, 0x18, 0xC4, 0x18, 0xC4, 0x18, 0xC4, 0x18, 0xC4, 0x18, 0xC4, 0x18, 0xC4, 0x18, 0xC4,
    0x18, 0xC4, 0x18, 0xC4, 0x18, 0xC4, 0x18, 0xC4, 0x18, 0xC4, 0x18, 0xC4, 0x18, 0xC4, 0x18, 0xC4,
    0x18, 0xC4, 0x18, 0xC4, 0x18, 0xC4, 0x18, 0xC4, 0x18, 0xC4, 0x18, 0xC4, 0x18, 0xC4, 0x18, 0xC4,
    0x18, 0xC4, 0x18, 0xC4, 0x18, 0xC4, 0x18, 0xC4, 0x18, 0xC4, 0x18, 0xC4, 0x18, 0xC4, 0x18, 0xC4,
    0x18, 0xC4, 0x18, 0xC4, 0x18, 0xC4, 0x18, 0xC4, 0x18, 0xC4, 0x18, 0xC4, 0x18, 0xC4, 0x18, 0xC4,
    0x18, 0xC4, 0x18, 0xC4, 0x18, 0xC4, 0x18, 0xC4, 0x18, 0xC4, 0x18, 0xC4, 0x18, 0xC4, 0x18, 0xC4,
    0x18, 0xC4, 0x18, 0xC4, 0x18, 0xC4, 0x18, 0xC4, 0x18, 0xC4, 0x18, 0xC4, 0x18, 0xC4, 0x18, 0xC4,
    0x18, 0xC4, 0x18, 0xC4, 0x18, 0xC4, 0x18, 0xC4, 0x18, 0xC4, 0x18, 0xC4, 0x18, 0xC4, 0x18, 0xC4,
    0x18, 0xC4, 0x18, 0xC4, 0x18, 0xC4, 0x18, 0xC4, 0x18, 0xC4, 0x18, 0xC4, 0x18, 0xC4, 0x18, 0xC4,
    0x18, 0xC4, 0x18, 0xC4, 0x18, 0xC4, 0x18, 0xC4, 0x18, 0xC4, 0x18, 0xC4, 0x18, 0xC4, 0x18, 0xC4,
    0x18, 0xC4, 0x18, 0xC4, 0x18, 0xC4, 0x18, 0xC4, 0x18, 0xC4, 0x18, 0xC4, 0x18, 0xC4, 0x18, 0xC4,
    0x18, 0xC4, 0x18, 0xC4, 0x18, 0xC4, 0x18, 0xC4, 0x18, 0xC4, 0x18, 0xC4, 0x18, 0xC4, 0x18, 0xC4,
    0x18, 0xBC, 0x18, 0xC4, 0x18, 0xC4, 0x18, 0xC4, 0x18, 0xC4, 0x18, 0xC4, 0x18, 0xC4, 0x38, 0xC4,
    0x18, 0xC4, 0x18, 0xC4, 0x18, 0xC4, 0x18, 0xC4, 0x18, 0xC4, 0x18, 0xC4, 0x18, 0xC4, 0x18, 0xC4,
    0x18, 0xC4, 0x18, 0xC4, 0x18, 0xC4, 0x18, 0xC4, 0x19, 0xC4, 0x18, 0xC4, 0x18, 0xC4, 0x18, 0xC4,
    0x18, 0xC4, 0x18, 0xC4, 0x18, 0xC4, 0x18, 0xC4, 0x18, 0xC4, 0x18, 0xC4, 0x18, 0xC4, 0x18, 0xC4,
    0x18, 0xC4, 0x18, 0xC4, 0x18, 0xC4, 0x18, 0xC4, 0x38, 0xC4, 0x38, 0xC4, 0x18, 0xC4, 0x18, 0xC4,
    0x18, 0xC4, 0x38, 0xC4, 0x18, 0xC4, 0x18, 0xC4, 0x18, 0xC4, 0x18, 0xC4, 0x18, 0xC4, 0x39, 0xC4,
    0x38, 0xC4, 0x39, 0xC4, 0x18, 0xC4, 0x18, 0xC4, 0x19, 0xC4, 0x39, 0xC4, 0x39, 0xC4, 0x39, 0xC4,
    0x18, 0xC4, 0x18, 0xC4, 0x39, 0xC4, 0x38, 0xC4, 0x39, 0xC4, 0x38, 0xC4, 0x39, 0xC4, 0x39, 0xC4,
    0x39, 0xC4, 0x39, 0xC4, 0x39, 0xC4, 0x18, 0xC4, 0x39, 0xC4, 0x39, 0xC4, 0x38, 0xC4, 0x39, 0xC4,
    0x18, 0xC4, 0x18, 0xC4, 0x18, 0xC4, 0x18, 0xC4, 0x18, 0xC4, 0x18, 0xC4, 0x18, 0xC4, 0x18, 0xC4,
    0x18, 0xC4, 0x18, 0xC4, 0x18, 0xC4, 0x18, 0xC4, 0x18, 0xC4, 0x18, 0xC4, 0x18, 0xC4, 0x18, 0xC4,
    0x18, 0xC4, 0x18, 0xC4, 0x18, 0xC4, 0x18, 0xC4, 0x18, 0xC4, 0x18, 0xC4, 0x18, 0xC4, 0x18, 0xC4,
    0x18, 0xC4, 0x18, 0xC4, 0x18, 0xC4, 0x18, 0xC4, 0x18, 0xC4, 0x18, 0xC4, 0x18, 0xC4, 0x18, 0xC4,
    0x18, 0xC4, 0x18, 0xC4, 0x18, 0xC4, 0x18, 0xC4, 0x18, 0xC4, 0x18, 0xC4, 0x18, 0xC4, 0x18, 0xC4,
    0x18, 0xC4, 0x18, 0xC4, 0x18, 0xC4, 0x18, 0xC4, 0x18, 0xC4, 0x18, 0xC4, 0x18, 0xC4, 0x18, 0xC4,
    0x18, 0xC4, 0x18, 0xC4, 0x18, 0xC4, 0x18, 0xC4, 0x18, 0xC4, 0x18, 0xC4, 0x18, 0xC4, 0x18, 0xC4,
    0x18, 0xC4, 0x18, 0xC4, 0x18, 0xC4, 0x18, 0xC4, 0x18, 0xC4, 0x18, 0xC4, 0x18, 0xC4, 0x18, 0xC4,
    0x18, 0xC4, 0x18, 0xC4, 0x18, 0xC4, 0x18, 0xC4, 0x18, 0xC4, 0x18, 0xC4, 0x18, 0xC4, 0x18, 0xC4,
    0x18, 0xC4, 0x18, 0xC4, 0x18, 0xC4, 0x18, 0xC4, 0x18, 0xC4, 0x18, 0xC4, 0x18, 0xC4, 0x18, 0xC4,
    0x18, 0xC4, 0x18, 0xC4, 0x18, 0xC4, 0x18, 0xC4, 0x18, 0xC4, 0x18, 0xC4, 0x18, 0xC4, 0x18, 0xC4,
    0x18, 0xC4, 0x18, 0xC4, 0x18, 0xC4, 0x18, 0xC4, 0x18, 0xC4, 0x18, 0xC4, 0x18, 0xC4, 0x18, 0xC4,
    0x18, 0xC4, 0x18, 0xC4, 0x18, 0xC4, 0x18, 0xC4, 0x18, 0xC4, 0x18, 0xC4, 0x18, 0xC4, 0x18, 0xC4,
    0x18, 0xC4, 0x18, 0xC4, 0x18, 0xC4, 0x18, 0xC4, 0x18, 0xC4, 0x18, 0xC4, 0x18, 0xC4, 0x18, 0xC4,
    0x18, 0xC4, 0x18, 0xC4, 0x18, 0xC4, 0x18, 0xC4, 0x18, 0xC4, 0x18, 0xC4, 0x18, 0xC4, 0x18, 0xC4,
    0x18, 0xC4, 0x18, 0xC4, 0x18, 0xC4, 0x18, 0xC4, 0x18, 0xC4, 0x18, 0xC4, 0x18, 0xC4, 0x18, 0xC4,
    0x18, 0xC4, 0x18, 0xC4, 0x18, 0xC4, 0x18, 0xC4, 0x18, 0xC4, 0x18, 0xC4, 0x18, 0xC4, 0x18, 0xC4,
    0x18, 0xC4, 0x18, 0xC4, 0x18, 0xC4, 0x18, 0xC4, 0x18, 0xC4, 0x18, 0xC4, 0x18, 0xC4, 0x18, 0xC4,
    0x18, 0xC4, 0x18, 0xC4, 0x18, 0xC4, 0x18, 0xC4, 0x18, 0xC4, 0x18, 0xC4, 0x18, 0xC4, 0x18, 0xC4,
    0x18, 0xC4, 0x18, 0xC4, 0x18, 0xC4, 0x18, 0xC4, 0x18, 0xC4, 0x18, 0xC4, 0x18, 0xC4, 0x18, 0xC4,
    0x18, 0xC4, 0x18, 0xC4, 0x18, 0xC4, 0x18, 0xC4, 0x18, 0xC4, 0x18, 0xC4, 0x18, 0xC4, 0x18, 0xC4,
    0x18, 0xC4, 0x18, 0xC4, 0x18, 0xC4, 0x18, 0xC4, 0x18, 0xC4, 0x18, 0xC4, 0x18, 0xC4, 0x18, 0xC4,
    0x18, 0xC4, 0x18, 0xC4, 0x18, 0xC4, 0x18, 0xC4, 0x18, 0xC4, 0x18, 0xC4, 0x18, 0xC4, 0x18, 0xC4,
    0x18, 0xC4, 0x18, 0xC4, 0x18, 0xC4, 0x18, 0xC4, 0x18, 0xC4, 0x18, 0xC4, 0x18, 0xC4, 0x18, 0xC4,
    0x18, 0xC4, 0x18, 0xC4, 0x18, 0xC4, 0x18, 0xC4, 0x18, 0xC4, 0x18, 0xC4, 0x18, 0xC4, 0x18, 0xC4,
    0x18, 0xC4, 0x18, 0xC4, 0x18, 0xC4, 0x18, 0xC4, 0x18, 0xC4, 0x18, 0xC4, 0x18, 0xC4, 0x18, 0xC4,
    0x18, 0xC4, 0x18, 0xC4, 0x18, 0xC4, 0x18, 0xC4, 0x18, 0xC4, 0x18, 0xC4, 0x18, 0xC4, 0x18, 0xC4,
    0x18, 0xC4, 0x18, 0xC4, 0x18, 0xC4, 0x18, 0xC4, 0x18, 0xC4, 0x18, 0xC4, 0x18, 0xC4, 0x18, 0xC4,
    0x18, 0xC4, 0x18, 0xC4, 0x18, 0xC4, 0x18, 0xC4, 0x18, 0xC4, 0x18, 0xC4, 0x18, 0xC4, 0x18, 0xC4,
    0x18, 0xC4, 0x18, 0xC4, 0x18, 0xC4, 0x18, 0xC4, 0x18, 0xC4, 0x18, 0xC4, 0x18, 0xC4, 0x18, 0xC4,
    0x18, 0xC4, 0x18, 0xC4, 0x18, 0xC4, 0x18, 0xC4, 0x18, 0xC4, 0x18, 0xC4, 0x18, 0xC4, 0x18, 0xC4,
    0x18, 0xC4, 0x18, 0xC4, 0x18, 0xBC, 0x18, 0xC4, 0x18, 0xC4, 0x18, 0xC4, 0x18, 0xC4, 0x18, 0xC4,
    0x18, 0xC4, 0x18, 0xC4, 0x18, 0xC4, 0x18, 0xC4, 0x18, 0xC4, 0x18, 0xC4, 0x19, 0xC4, 0x18, 0xC4,
    0x18, 0xC4, 0x18, 0xC4, 0x18, 0xC4, 0x19, 0xC4, 0x18, 0xC4, 0x18, 0xC4, 0x18, 0xC4, 0x18, 0xC4,
    0x38, 0xC4, 0x18, 0xC4, 0x18, 0xC4, 0x18, 0xC4, 0x18, 0xC4, 0x18, 0xC4, 0x18, 0xC4, 0x18, 0xC4,
    0x18, 0xC4, 0x18, 0xC4, 0x18, 0xC4, 0x18, 0xC4, 0x19, 0xC4, 0x38, 0xC4, 0x18, 0xC4, 0x18, 0xC4,
    0x39, 0xC4, 0x19, 0xC4, 0x18, 0xC4, 0x38, 0xC4, 0x18, 0xC4, 0x18, 0xC4, 0x39, 0xC4, 0x38, 0xC4,
    0x39, 0xC4, 0x38, 0xC4, 0x38, 0xC4, 0x39, 0xC4, 0x39, 0xC4, 0x18, 0xC4, 0x39, 0xC4, 0x18, 0xC4,
    0x38, 0xC4, 0x39, 0xC4, 0x39, 0xC4, 0x39, 0xC4, 0x18, 0xC4, 0x18, 0xC4, 0x39, 0xC4, 0x39, 0xC4,
    0x38, 0xC4, 0x39, 0xC4, 0x38, 0xC4, 0x38, 0xC4, 0x18, 0xC4, 0x39, 0xC4, 0x39, 0xC4, 0x39, 0xC4,
    0x18, 0xC4, 0x18, 0xC4, 0x18, 0xC4, 0x18, 0xC4, 0x18, 0xC4, 0x18, 0xC4, 0x18, 0xC4, 0x18, 0xC4,
    0x18, 0xC4, 0x18, 0xC4, 0x18, 0xC4, 0x18, 0xC4, 0x18, 0xC4, 0x18, 0xC4, 0x18, 0xC4, 0x18, 0xC4,
    0x18, 0xC4, 0x18, 0xC4, 0x18, 0xC4, 0x18, 0xC4, 0x18, 0xC4, 0x18, 0xC4, 0x18, 0xC4, 0x18, 0xC4,
    0x18, 0xC4, 0x18, 0xC4, 0x18, 0xC4, 0x18, 0xC4, 0x18, 0xC4, 0x18, 0xC4, 0x18, 0xC4, 0x18, 0xC4,
    0x18, 0xC4, 0x18, 0xC4, 0x18, 0xC4, 0x18, 0xC4, 0x18, 0xC4, 0x18, 0xC4, 0x18, 0xC4, 0x18, 0xC4,
    0x18, 0xC4, 0x18, 0xC4, 0x18, 0xC4, 0x18, 0xC4, 0x18, 0xC4, 0x18, 0xC4, 0x18, 0xC4, 0x18, 0xC4,
    0x18, 0xC4, 0x18, 0xC4, 0x18, 0xC4, 0x18, 0xC4, 0x18, 0xC4, 0x18, 0xC4, 0x18, 0xC4, 0x18, 0xC4,
    0x18, 0xC4, 0x18, 0xC4, 0x18, 0xC4, 0x18, 0xC4, 0x18, 0xC4, 0x18, 0xC4, 0x18, 0xC4, 0x18, 0xC4,
    0x18, 0xC4, 0x18, 0xC4, 0x18, 0xC4, 0x18, 0xC4, 0x18, 0xC4, 0x18, 0xC4, 0x18, 0xC4, 0x18, 0xC4,
    0x18, 0xC4, 0x18, 0xC4, 0x18, 0xC4, 0x18, 0xC4, 0x18, 0xC4, 0x18, 0xC4, 0x18, 0xC4, 0x18, 0xC4,
    0x18, 0xC4, 0x18, 0xC4, 0x18, 0xC4, 0x18, 0xC4, 0x18, 0xC4, 0x18, 0xC4, 0x18, 0xC4, 0x18, 0xC4,
    0x18, 0xC4, 0x18, 0xC4, 0x18, 0xC4, 0x18, 0xC4, 0x18, 0xC4, 0x18, 0xC4, 0x18, 0xC4, 0x18, 0xC4,
    0x18, 0xC4, 0x18, 0xC4, 0x18, 0xC4, 0x18, 0xC4, 0x18, 0xC4, 0x18, 0xC4, 0x18, 0xC4, 0x18, 0xC4,
    0x18, 0xC4, 0x18, 0xC4, 0x18, 0xC4, 0x18, 0xC4, 0x18, 0xC4, 0x18, 0xC4, 0x18, 0xC4, 0x18, 0xC4,
    0x18, 0xC4, 0x18, 0xC4, 0x18, 0xC4, 0x18, 0xC4, 0x18, 0xC4, 0x18, 0xC4, 0x18, 0xC4, 0x18, 0xC4,
    0x18, 0xC4, 0x18, 0xC4, 0x18, 0xC4, 0x18, 0xC4, 0x18, 0xC4, 0x18, 0xC4, 0x18, 0xC4, 0x18, 0xC4,
    0x18, 0xC4, 0x18, 0xC4, 0x18, 0xC4, 0x18, 0xC4, 0x18, 0xC4, 0x18, 0xC4, 0x18, 0xC4, 0x18, 0xC4,
    0x18, 0xC4, 0x18, 0xC4, 0x18, 0xC4, 0x18, 0xC4, 0x18, 0xC4, 0x18, 0xC4, 0x18, 0xC4, 0x18, 0xC4,
    0x18, 0xC4, 0x18, 0xC4, 0x18, 0xC4, 0x18, 0xC4, 0x18, 0xC4, 0x18, 0xC4, 0x18, 0xC4, 0x18, 0xC4,
    0x18, 0xC4, 0x18, 0xC4, 0x18, 0xC4, 0x18, 0xC4, 0x18, 0xC4, 0x18, 0xC4, 0x18, 0xC4, 0x18, 0xC4,
    0x18, 0xC4, 0x18, 0xC4, 0x18, 0xC4, 0x18, 0xC4, 0x18, 0xC4, 0x18, 0xC4, 0x18, 0xC4, 0x18, 0xC4,
    0x18, 0xC4, 0x18, 0xC4, 0x18, 0xC4, 0x18, 0xC4, 0x18, 0xC4, 0x18, 0xC4, 0x18, 0xC4, 0x18, 0xC4,
    0x18, 0xC4, 0x18, 0xC4, 0x18, 0xC4, 0x18, 0xC4, 0x18, 0xC4, 0x18, 0xC4, 0x18, 0xC4, 0x18, 0xC4,
    0x18, 0xC4, 0x18, 0xC4, 0x18, 0xC4, 0x18, 0xC4, 0x18, 0xC4, 0x18, 0xC4, 0x18, 0xC4, 0x18, 0xC4,
    0x18, 0xC4, 0x18, 0xC4, 0x18, 0xC4, 0x18, 0xC4, 0x18, 0xC4, 0x18, 0xC4, 0x18, 0xC4, 0x18, 0xC4,
    0x18, 0xC4, 0x18, 0xC4, 0x18, 0xC4, 0x18, 0xC4, 0x18, 0xC4, 0x18, 0xC4, 0x18, 0xC4, 0x18, 0xC4,
    0x18, 0xC4, 0x18, 0xC4, 0x18, 0xC4, 0x18, 0xC4, 0x18, 0xC4, 0x18, 0xC4, 0x18, 0xC4, 0x18, 0xC4,
    0x18, 0xC4, 0x18, 0xC4, 0x18, 0xC4, 0x18, 0xC4, 0x18, 0xC4, 0x18, 0xC4, 0x18, 0xC4, 0x18, 0xC4,
    0x18, 0xC4, 0x18, 0xC4, 0x18, 0xC4, 0x18, 0xC4, 0x18, 0xC4, 0x18, 0xC4, 0x18, 0xC4, 0x18, 0xC4,
    0x18, 0xC4, 0x18, 0xC4, 0x18, 0xC4, 0x18, 0xC4, 0x18, 0xC4, 0x18, 0xC4, 0x18, 0xC4, 0x18, 0xC4,
    0x18, 0xC4, 0x18, 0xC4, 0x18, 0xC4, 0x18, 0xC4, 0x18, 0xC4, 0x18, 0xC4, 0x18, 0xC4, 0x18, 0xC4,
    0x18, 0xC4, 0x18, 0xC4, 0x18, 0xC4, 0x18, 0xC4, 0x18, 0xC4, 0x18, 0xC4, 0x18, 0xC4, 0x18, 0xC4,
    0x18, 0xC4, 0x18, 0xC4, 0x18, 0xC4, 0x18, 0xC4, 0x18, 0xC4, 0x18, 0xC4, 0x18, 0xC4, 0x18, 0xC4,
    0x18, 0xC4, 0x18, 0xC4, 0x18, 0xC4, 0x18, 0xC4, 0x18, 0xC4, 0x18, 0xC4, 0x18, 0xC4, 0x18, 0xC4,
    0x18, 0xC4, 0x18, 0xC4, 0x38, 0xC4, 0x18, 0xC4, 0x18, 0xC4, 0x18, 0xC4, 0x18, 0xC4, 0x18, 0xC4,
    0x18, 0xC4, 0x18, 0xC4, 0x18, 0xC4, 0x39, 0xC4, 0x38, 0xC4, 0x19, 0xC4, 0x39, 0xC4, 0x38, 0xC4,
    0x18, 0xC4, 0x18, 0xC4, 0x18, 0xC4, 0x18, 0xC4, 0x39, 0xC4, 0x18, 0xC4, 0x38, 0xC4, 0x38, 0xC4,
    0x39, 0xC4, 0x39, 0xC4, 0x38, 0xC4, 0x18, 0xC4, 0x18, 0xC4, 0x18, 0xC4, 0x39, 0xC4, 0x18, 0xC4,
    0x18, 0xC4, 0x39, 0xC4, 0x39, 0xC4, 0x39, 0xC4, 0x38, 0xC4, 0x39, 0xC4, 0x38, 0xC4, 0x38, 0xC4,
    0x39, 0xC4, 0x39, 0xC4, 0x19, 0xC4, 0x39, 0xC4, 0x39, 0xC4, 0x39, 0xC4, 0x38, 0xC4, 0x38, 0xC4,
    0x18, 0xC4, 0x18, 0xC4, 0x18, 0xC4, 0x18, 0xC4, 0x18, 0xC4, 0x18, 0xC4, 0x18, 0xC4, 0x18, 0xC4,
    0x18, 0xC4, 0x18, 0xC4, 0x18, 0xC4, 0x18, 0xC4, 0x18, 0xC4, 0x18, 0xC4, 0x18, 0xC4, 0x18, 0xC4,
    0x18, 0xC4, 0x18, 0xC4, 0x18, 0xC4, 0x18, 0xC4, 0x18, 0xC4, 0x18, 0xC4, 0x18, 0xC4, 0x18, 0xC4,
    0x18, 0xC4, 0x18, 0xC4, 0x18, 0xC4, 0x18, 0xC4, 0x18, 0xC4, 0x18, 0xC4, 0x18, 0xC4, 0x18, 0xC4,
    0x18, 0xC4, 0x18, 0xC4, 0x18, 0xC4, 0x18, 0xC4, 0x18, 0xC4, 0x18, 0xC4, 0x18, 0xC4, 0x18, 0xC4,
    0x18, 0xC4, 0x18, 0xC4, 0x18, 0xC4, 0x18, 0xC4, 0x18, 0xC4, 0x18, 0xC4, 0x18, 0xC4, 0x18, 0xC4,
    0x18, 0xC4, 0x18, 0xC4, 0x18, 0xC4, 0x18, 0xC4, 0x18, 0xC4, 0x18, 0xC4, 0x18, 0xC4, 0x18, 0xC4,
    0x18, 0xC4, 0x18, 0xC4, 0x18, 0xC4, 0x18, 0xC4, 0x18, 0xC4, 0x18, 0xC4, 0x18, 0xC4, 0x18, 0xC4,
    0x18, 0xC4, 0x18, 0xC4, 0x18, 0xC4, 0x18, 0xC4, 0x18, 0xC4, 0x18, 0xC4, 0x18, 0xC4, 0x18, 0xC4,
    0x18, 0xC4, 0x18, 0xC4, 0x18, 0xC4, 0x18, 0xC4, 0x18, 0xC4, 0x18, 0xC4, 0x18, 0xC4, 0x18, 0xC4,
    0x18, 0xC4, 0x18, 0xC4, 0x18, 0xC4, 0x18, 0xC4, 0x18, 0xC4, 0x18, 0xC4, 0x18, 0xC4, 0x18, 0xC4,
    0x18, 0xC4, 0x18, 0xC4, 0x18, 0xC4, 0x18, 0xC4, 0x18, 0xC4, 0x18, 0xC4, 0x18, 0xC4, 0x18, 0xC4,
    0x18, 0xC4, 0x18, 0xC4, 0x18, 0xC4, 0x18, 0xC4, 0x18, 0xC4, 0x18, 0xC4, 0x18, 0xC4, 0x18, 0xC4,
    0x18, 0xC4, 0x18, 0xC4, 0x18, 0xC4, 0x18, 0xC4, 0x18, 0xC4, 0x18, 0xC4, 0x18, 0xC4, 0x18, 0xC4,
    0x18, 0xC4, 0x18, 0xC4, 0x18, 0xC4, 0x18, 0xC4, 0x18, 0xC4, 0x18, 0xC4, 0x18, 0xC4, 0x18, 0xC4,
    0x18, 0xC4, 0x18, 0xC4, 0x18, 0xC4, 0x18, 0xC4, 0x18, 0xC4, 0x18, 0xC4, 0x18, 0xC4, 0x18, 0xC4,
    0x18, 0xC4, 0x18, 0xC4, 0x18, 0xC4, 0x18, 0xC4, 0x18, 0xC4, 0x18, 0xC4, 0x18, 0xC4, 0x18, 0xC4,
    0x18, 0xC4, 0x18, 0xC4, 0x18, 0xC4, 0x18, 0xC4, 0x18, 0xC4, 0x18, 0xC4, 0x18, 0xC4, 0x18, 0xC4,
    0x18, 0xC4, 0x18, 0xC4, 0x18, 0xC4, 0x18, 0xC4, 0x18, 0xC4, 0x18, 0xC4, 0x18, 0xC4, 0x18, 0xC4,
    0x18, 0xC4, 0x18, 0xC4, 0x18, 0xC4, 0x18, 0xC4, 0x18, 0xC4, 0x18, 0xC4, 0x18, 0xC4, 0x18, 0xC4,
    0x18, 0xC4, 0x18, 0xC4, 0x18, 0xC4, 0x18, 0xC4, 0x18, 0xC4, 0x18, 0xC4, 0x18, 0xC4, 0x18, 0xC4,
    0x18, 0xC4, 0x18, 0xC4, 0x18, 0xC4, 0x18, 0xC4, 0x18, 0xC4, 0x18, 0xC4, 0x18, 0xC4, 0x18, 0xC4,
    0x18, 0xC4, 0x18, 0xC4, 0x18, 0xC4, 0x18, 0xC4, 0x18, 0xC4, 0x18, 0xC4, 0x18, 0xC4, 0x18, 0xC4,
    0x18, 0xC4, 0x18, 0xC4, 0x18, 0xC4, 0x18, 0xC4, 0x18, 0xC4, 0x18, 0xC4, 0x18, 0xC4, 0x18, 0xC4,
    0x18, 0xC4, 0x18, 0xC4, 0x18, 0xC4, 0x18, 0xC4, 0x18, 0xC4, 0x18, 0xC4, 0x18, 0xC4, 0x18, 0xC4,
    0x18, 0xC4, 0x18, 0xC4, 0x18, 0xC4, 0x18, 0xC4, 0x18, 0xC4, 0x18, 0xC4, 0x18, 0xC4, 0x18, 0xC4,
    0x18, 0xC4, 0x18, 0xC4, 0x18, 0xC4, 0x18, 0xC4, 0x18, 0xC4, 0x18, 0xC4, 0x18, 0xC4, 0x18, 0xC4,
    0x18, 0xC4, 0x18, 0xC4, 0x18, 0xC4, 0x18, 0xC4, 0x18, 0xC4, 0x18, 0xC4, 0x18, 0xC4, 0x18, 0xC4,
    0x18, 0xC4, 0x18, 0xC4, 0x18, 0xC4, 0x18, 0xC4, 0x18, 0xC4, 0x18, 0xC4, 0x18, 0xC4, 0x18, 0xC4,
    0x18, 0xC4, 0x18, 0xC4, 0x18, 0xC4, 0x18, 0xC4, 0x18, 0xC4, 0x18, 0xC4, 0x18, 0xC4, 0x18, 0xC4,
    0x18, 0xC4, 0x18, 0xC4, 0x18, 0xC4, 0x18, 0xC4, 0x18, 0xC4, 0x18, 0xC4, 0x18, 0xC4, 0x18, 0xC4,
    0x18, 0xC4, 0x18, 0xC4, 0x18, 0xC4, 0x18, 0xC4, 0x18, 0xC4, 0x18, 0xC4, 0x18, 0xC4, 0x18, 0xC4,
    0x18, 0xC4, 0x38, 0xC4, 0x38, 0xC4, 0x38, 0xC4, 0x18, 0xC4, 0x18, 0xC4, 0x39, 0xC4, 0x38, 0xC4,
    0x38, 0xC4, 0x38, 0xC4, 0x38, 0xC4, 0x38, 0xC4, 0x38, 0xC4, 0x38, 0xC4, 0x18, 0xC4, 0x38, 0xC4,
    0x38, 0xC4, 0x18, 0xC4, 0x38, 0xC4, 0x38, 0xC4, 0x38, 0xC4, 0x18, 0xC4, 0x38, 0xC4, 0x38, 0xC4,
    0x39, 0xC4, 0x39, 0xC4, 0x38, 0xC4, 0x38, 0xC4, 0x38, 0xC4, 0x38, 0xC4, 0x38, 0xC4, 0x38, 0xC4,
    0x39, 0xC4, 0x38, 0xC4, 0x38, 0xC4, 0x38, 0xC4, 0x39, 0xC4, 0x38, 0xC4, 0x39, 0xC4, 0x39, 0xC4,
    0x38, 0xC4, 0x38, 0xC4, 0x38, 0xC4, 0x38, 0xC4, 0x38, 0xC4, 0x38, 0xC4, 0x38, 0xC4, 0x38, 0xC4,
    0x38, 0xC4, 0x38, 0xC4, 0x38, 0xC4, 0x39, 0xC4, 0x39, 0xC4, 0x39, 0xC4, 0x38, 0xC4, 0x38, 0xC4,
    0x38, 0xC4, 0x39, 0xC4, 0x39, 0xC4, 0x39, 0xC4, 0x38, 0xC4, 0x38, 0xC4, 0x38, 0xC4, 0x39, 0xC4,
    0x18, 0xC4, 0x18, 0xC4, 0x18, 0xC4, 0x18, 0xC4, 0x18, 0xC4, 0x18, 0xC4, 0x18, 0xC4, 0x18, 0xC4,
    0x18, 0xC4, 0x18, 0xC4, 0x18, 0xC4, 0x18, 0xC4, 0x18, 0xC4, 0x18, 0xC4, 0x18, 0xC4, 0x18, 0xC4,
    0x18, 0xC4, 0x18, 0xC4, 0x18, 0xC4, 0x18, 0xC4, 0x18, 0xC4, 0x18, 0xC4, 0x18, 0xC4, 0x18, 0xC4,
    0x18, 0xC4, 0x18, 0xC4, 0x18, 0xC4, 0x18, 0xC4, 0x18, 0xC4, 0x18, 0xC4, 0x18, 0xC4, 0x18, 0xC4,
    0x18, 0xC4, 0x18, 0xC4, 0x18, 0xC4, 0x18, 0xC4, 0x18, 0xC4, 0x18, 0xC4, 0x18, 0xC4, 0x18, 0xC4,
    0x18, 0xC4, 0x18, 0xC4, 0x18, 0xC4, 0x18, 0xC4, 0x18, 0xC4, 0x18, 0xC4, 0x18, 0xC4, 0x18, 0xC4,
    0x18, 0xC4, 0x18, 0xC4, 0x18, 0xC4, 0x18, 0xC4, 0x18, 0xC4, 0x18, 0xC4, 0x18, 0xC4, 0x18, 0xC4,
    0x18, 0xC4, 0x18, 0xC4, 0x18, 0xC4, 0x18, 0xC4, 0x18, 0xC4, 0x18, 0xC4, 0x18, 0xC4, 0x18, 0xC4,
    0x18, 0xC4, 0x18, 0xC4, 0x18, 0xC4, 0x18, 0xC4, 0x18, 0xC4, 0x18, 0xC4, 0x18, 0xC4, 0x18, 0xC4,
    0x18, 0xC4, 0x18, 0xC4, 0x18, 0xC4, 0x18, 0xC4, 0x18, 0xC4, 0x18, 0xC4, 0x18, 0xC4, 0x18, 0xC4,
    0x18, 0xC4, 0x18, 0xC4, 0x18, 0xC4, 0x18, 0xC4, 0x18, 0xC4, 0x18, 0xC4, 0x18, 0xC4, 0x18, 0xC4,
    0x18, 0xC4, 0x18, 0xC4, 0x18, 0xC4, 0x18, 0xC4, 0x18, 0xC4, 0x18, 0xC4, 0x18, 0xC4, 0x18, 0xC4,
    0x18, 0xC4, 0x18, 0xC4, 0x18, 0xC4, 0x18, 0xC4, 0x18, 0xC4, 0x18, 0xC4, 0x18, 0xC4, 0x18, 0xC4,
    0x18, 0xC4, 0x18, 0xC4, 0x18, 0xC4, 0x18, 0xC4, 0x18, 0xC4, 0x18, 0xC4, 0x18, 0xC4, 0x18, 0xC4,
    0x18, 0xC4, 0x18, 0xC4, 0x18, 0xC4, 0x18, 0xC4, 0x18, 0xC4, 0x18, 0xC4, 0x18, 0xC4, 0x18, 0xC4,
    0x18, 0xC4, 0x18, 0xC4, 0x18, 0xC4, 0x18, 0xC4, 0x18, 0xC4, 0x18, 0xC4, 0x18, 0xC4, 0x18, 0xC4,
    0x18, 0xC4, 0x18, 0xC4, 0x18, 0xC4, 0x18, 0xC4, 0x18, 0xC4, 0x18, 0xC4, 0x18, 0xC4, 0x18, 0xC4,
    0x18, 0xC4, 0x18, 0xC4, 0x18, 0xC4, 0x18, 0xC4, 0x18, 0xC4, 0x18, 0xC4, 0x18, 0xC4, 0x18, 0xC4,
    0x18, 0xC4, 0x18, 0xC4, 0x18, 0xC4, 0x18, 0xC4, 0x18, 0xC4, 0x18, 0xC4, 0x18, 0xC4, 0x18, 0xC4,
    0x18, 0xC4, 0x18, 0xC4, 0x18, 0xC4, 0x18, 0xC4, 0x18, 0xC4, 0x18, 0xC4, 0x18, 0xC4, 0x18, 0xC4,
    0x18, 0xC4, 0x18, 0xC4, 0x18, 0xC4, 0x18, 0xC4, 0x18, 0xC4, 0x18, 0xC4, 0x18, 0xC4, 0x18, 0xC4,
    0x18, 0xC4, 0x18, 0xC4, 0x18, 0xC4, 0x18, 0xC4, 0x18, 0xC4, 0x18, 0xC4, 0x18, 0xC4, 0x18, 0xC4,
    0x18, 0xC4, 0x18, 0xC4, 0x18, 0xC4, 0x18, 0xC4, 0x18, 0xC4, 0x18, 0xC4, 0x18, 0xC4, 0x18, 0xC4,
    0x18, 0xC4, 0x18, 0xC4, 0x18, 0xC4, 0x18, 0xC4, 0x18, 0xC4, 0x18, 0xC4, 0x18, 0xC4, 0x18, 0xC4,
    0x18, 0xC4, 0x18, 0xC4, 0x18, 0xC4, 0x18, 0xC4, 0x18, 0xC4, 0x18, 0xC4, 0x18, 0xC4, 0x18, 0xC4,
    0x18, 0xC4, 0x18, 0xC4, 0x18, 0xC4, 0x18, 0xC4, 0x18, 0xC4, 0x18, 0xC4, 0x18, 0xC4, 0x18, 0xC4,
    0x18, 0xC4, 0x18, 0xC4, 0x18, 0xC4, 0x18, 0xC4, 0x18, 0xC4, 0x18, 0xC4, 0x18, 0xC4, 0x18, 0xC4,
    0x18, 0xC4, 0x18, 0xC4, 0x18, 0xC4, 0x18, 0xC4, 0x18, 0xC4, 0x18, 0xC4, 0x18, 0xC4, 0x18, 0xC4,
    0x18, 0xC4, 0x18, 0xC4, 0x18, 0xC4, 0x18, 0xC4, 0x18, 0xC4, 0x18, 0xC4, 0x18, 0xC4, 0x18, 0xC4,
    0x18, 0xC4, 0x18, 0xC4, 0x18, 0xC4, 0x18, 0xC4, 0x18, 0xC4, 0x18, 0xC4, 0x18, 0xC4, 0x18, 0xC4,
    0x18, 0xC4, 0x18, 0xC4, 0x18, 0xC4, 0x18, 0xC4, 0x18, 0xC4, 0x18, 0xC4, 0x18, 0xC4, 0x18, 0xC4,
    0x18, 0xC4, 0x18, 0xC4, 0x18, 0xC4, 0x18, 0xC4, 0x19, 0xC4, 0x18, 0xC4, 0x19, 0xC4, 0x19, 0xC4,
    0x19, 0xC4, 0x19, 0xC4, 0x38, 0xC4, 0x19, 0xC4, 0x19, 0xC4, 0x18, 0xC4, 0x39, 0xC4, 0x39, 0xC4,
    0x38, 0xC4, 0x39, 0xC4, 0x38, 0xC4, 0x19, 0xC4, 0x38, 0xC4, 0x18, 0xC4, 0x19, 0xC4, 0x19, 0xC4,
    0x18, 0xC4, 0x19, 0xC4, 0x18, 0xC4, 0x18, 0xC4, 0x39, 0xC4, 0x39, 0xC4, 0x39, 0xC4, 0x38, 0xC4,
    0x39, 0xC4, 0x39, 0xC4, 0x19, 0xC4, 0x39, 0xC4, 0x39, 0xC4, 0x19, 0xC4, 0x38, 0xC4, 0x38, 0xC4,
    0x39, 0xC4, 0x39, 0xC4, 0x39, 0xC4, 0x39, 0xC4, 0x39, 0xC4, 0x39, 0xC4, 0x39, 0xC4, 0x39, 0xC4,
    0x39, 0xC4, 0x39, 0xC4, 0x39, 0xC4, 0x39, 0xC4, 0x39, 0xC4, 0x39, 0xC4, 0x39, 0xC4, 0x39, 0xC4,
    0x39, 0xC4, 0x39, 0xC4, 0x39, 0xC4, 0x39, 0xC4, 0x39, 0xC4, 0x39, 0xC4, 0x39, 0xC4, 0x39, 0xC4,
    0x39, 0xC4, 0x39, 0xC4, 0x39, 0xC4, 0x39, 0xC4, 0x39, 0xC4, 0x39, 0xC4, 0x39, 0xC4, 0x39, 0xC4,
    0x18, 0xC4, 0x18, 0xC4, 0x18, 0xC4, 0x18, 0xC4, 0x18, 0xC4, 0x18, 0xC4, 0x18, 0xC4, 0x18, 0xC4,
    0x18, 0xC4, 0x18, 0xC4, 0x18, 0xC4, 0x18, 0xC4, 0x18, 0xC4, 0x18, 0xC4, 0x18, 0xC4, 0x18, 0xC4,
    0x18, 0xC4, 0x18, 0xC4, 0x18, 0xC4, 0x18, 0xC4, 0x18, 0xC4, 0x18, 0xC4, 0x18, 0xC4, 0x18, 0xC4,
    0x18, 0xC4, 0x18, 0xC4, 0x18, 0xC4, 0x18, 0xC4, 0x18, 0xC4, 0x18, 0xC4, 0x18, 0xC4, 0x18, 0xC4,
    0x18, 0xC4, 0x18, 0xC4, 0x18, 0xC4, 0x18, 0xC4, 0x18, 0xC4, 0x18, 0xC4, 0x18, 0xC4, 0x18, 0xC4,
    0x18, 0xC4, 0x18, 0xC4, 0x18, 0xC4, 0x18, 0xC4, 0x18, 0xC4, 0x18, 0xC4, 0x18, 0xC4, 0x18, 0xC4,
    0x18, 0xC4, 0x18, 0xC4, 0x18, 0xC4, 0x18, 0xC4, 0x18, 0xC4, 0x18, 0xC4, 0x18, 0xC4, 0x18, 0xC4,
    0x18, 0xC4, 0x18, 0xC4, 0x18, 0xC4, 0x18, 0xC4, 0x18, 0xC4, 0x18, 0xC4, 0x18, 0xC4, 0x18, 0xC4,
    0x18, 0xC4, 0x18, 0xC4, 0x18, 0xC4, 0x18, 0xC4, 0x18, 0xC4, 0x18, 0xC4, 0x18, 0xC4, 0x18, 0xC4,
    0x18, 0xC4, 0x18, 0xC4, 0x18, 0xC4, 0x18, 0xC4, 0x18, 0xC4, 0x18, 0xC4, 0x18, 0xC4, 0x18, 0xC4,
    0x18, 0xC4, 0x18, 0xC4, 0x18, 0xC4, 0x18, 0xC4, 0x18, 0xC4, 0x18, 0xC4, 0x18, 0xC4, 0x18, 0xC4,
    0x18, 0xC4, 0x18, 0xC4, 0x18, 0xC4, 0x18, 0xC4, 0x18, 0xC4, 0x18, 0xC4, 0x18, 0xC4, 0x18, 0xC4,
    0x18, 0xC4, 0x18, 0xC4, 0x18, 0xC4, 0x18, 0xC4, 0x18, 0xC4, 0x18, 0xC4, 0x18, 0xC4, 0x18, 0xC4,
    0x18, 0xC4, 0x18, 0xC4, 0x18, 0xC4, 0x18, 0xC4, 0x18, 0xC4, 0x18, 0xC4, 0x18, 0xC4, 0x18, 0xC4,
    0x18, 0xC4, 0x18, 0xC4, 0x18, 0xC4, 0x18, 0xC4, 0x18, 0xC4, 0x18, 0xC4, 0x18, 0xC4, 0x18, 0xC4,
    0x18, 0xC4, 0x18, 0xC4, 0x18, 0xC4, 0x18, 0xC4, 0x18, 0xC4, 0x18, 0xC4, 0x18, 0xC4, 0x18, 0xC4,
    0x18, 0xC4, 0x18, 0xC4, 0x18, 0xC4, 0x18, 0xC4, 0x18, 0xC4, 0x18, 0xC4, 0x18, 0xC4, 0x18, 0xC4,
    0x18, 0xC4, 0x18, 0xC4, 0x18, 0xC4, 0x18, 0xC4, 0x18, 0xC4, 0x18, 0xC4, 0x18, 0xC4, 0x18, 0xC4,
    0x18, 0xC4, 0x18, 0xC4, 0x18, 0xC4, 0x18, 0xC4, 0x18, 0xC4, 0x18, 0xC4, 0x18, 0xC4, 0x18, 0xC4,
    0x18, 0xC4, 0x18, 0xC4, 0x18, 0xC4, 0x18, 0xC4, 0x18, 0xC4, 0x18, 0xC4, 0x18, 0xC4, 0x18, 0xC4,
    0x18, 0xC4, 0x18, 0xC4, 0x18, 0xC4, 0x18, 0xC4, 0x18, 0xC4, 0x18, 0xC4, 0x18, 0xC4, 0x18, 0xC4,
    0x18, 0xC4, 0x18, 0xC4, 0x18, 0xC4, 0x18, 0xC4, 0x18, 0xC4, 0x18, 0xC4, 0x18, 0xC4, 0x18, 0xC4,
    0x18, 0xC4, 0x18, 0xC4, 0x18, 0xC4, 0x18, 0xC4, 0x18, 0xC4, 0x18, 0xC4, 0x18, 0xC4, 0x18, 0xC4,
    0x18, 0xC4, 0x18, 0xC4, 0x18, 0xC4, 0x18, 0xC4, 0x18, 0xC4, 0x18, 0xC4, 0x18, 0xC4, 0x18, 0xC4,
    0x18, 0xC4, 0x18, 0xC4, 0x18, 0xC4, 0x18, 0xC4, 0x18, 0xC4, 0x18, 0xC4, 0x18, 0xC4, 0x18, 0xC4,
    0x18, 0xC4, 0x18, 0xC4, 0x18, 0xC4, 0x18, 0xC4, 0x18, 0xC4, 0x18, 0xC4, 0x18, 0xC4, 0x18, 0xC4,
    0x18, 0xC4, 0x18, 0xC4, 0x18, 0xC4, 0x18, 0xC4, 0x18, 0xC4, 0x18, 0xC4, 0x18, 0xC4, 0x18, 0xC4,
    0x18, 0xC4, 0x18, 0xC4, 0x18, 0xC4, 0x18, 0xC4, 0x18, 0xC4, 0x18, 0xC4, 0x18, 0xC4, 0x18, 0xC4,
    0x18, 0xC4, 0x18, 0xC4, 0x18, 0xC4, 0x18, 0xC4, 0x18, 0xC4, 0x18, 0xC4, 0x18, 0xC4, 0x18, 0xC4,
    0x18, 0xC4, 0x18, 0xC4, 0x18, 0xC4, 0x18, 0xC4, 0x18, 0xC4, 0x18, 0xC4, 0x18, 0xC4, 0x18, 0xC4,
    0x18, 0xC4, 0x18, 0xC4, 0x18, 0xC4, 0x18, 0xC4, 0x18, 0xC4, 0x18, 0xC4, 0x18, 0xC4, 0x38, 0xC4,
    0x19, 0xC4, 0x18, 0xC4, 0x18, 0xC4, 0x18, 0xC4, 0x19, 0xC4, 0x19, 0xC4, 0x18, 0xC4, 0x18, 0xC4,
    0x38, 0xC4, 0x18, 0xC4, 0x19, 0xC4, 0x18, 0xC4, 0x18, 0xC4, 0x39, 0xC4, 0x18, 0xC4, 0x18, 0xC4,
    0x19, 0xC4, 0x38, 0xC4, 0x38, 0xC4, 0x18, 0xC4, 0x38, 0xC4, 0x39, 0xC4, 0x38, 0xC4, 0x18, 0xC4,
    0x39, 0xC4, 0x38, 0xC4, 0x18, 0xC4, 0x39, 0xC4, 0x39, 0xC4, 0x39, 0xC4, 0x39, 0xC4, 0x39, 0xC4,
    0x19, 0xC4, 0x38, 0xC4, 0x19, 0xC4, 0x39, 0xC4, 0x38, 0xC4, 0x39, 0xC4, 0x39, 0xC4, 0x39, 0xC4,
    0x19, 0xC4, 0x39, 0xC4, 0x39, 0xC4, 0x39, 0xC4, 0x39, 0xC4, 0x39, 0xC4, 0x39, 0xC4, 0x39, 0xC4,
    0x39, 0xC4, 0x39, 0xC4, 0x39, 0xC4, 0x39, 0xC4, 0x39, 0xC4, 0x39, 0xC4, 0x39, 0xC4, 0x39, 0xC4,
    0x39, 0xC4, 0x39, 0xC4, 0x39, 0xC4, 0x39, 0xC4, 0x39, 0xC4, 0x39, 0xC4, 0x39, 0xC4, 0x39, 0xC4,
    0x39, 0xC4, 0x39, 0xC4, 0x39, 0xC4, 0x39, 0xC4, 0x39, 0xC4, 0x39, 0xC4, 0x39, 0xC4, 0x39, 0xC4,
    0x18, 0xC4, 0x18, 0xC4, 0x18, 0xC4, 0x18, 0xC4, 0x18, 0xC4, 0x18, 0xC4, 0x18, 0xC4, 0x18, 0xC4,
    0x18, 0xC4, 0x18, 0xC4, 0x18, 0xC4, 0x18, 0xC4, 0x18, 0xC4, 0x18, 0xC4, 0x18, 0xC4, 0x18, 0xC4,
    0x18, 0xC4, 0x18, 0xC4, 0x18, 0xC4, 0x18, 0xC4, 0x18, 0xC4, 0x18, 0xC4, 0x18, 0xC4, 0x18, 0xC4,
    0x18, 0xC4, 0x18, 0xC4, 0x18, 0xC4, 0x18, 0xC4, 0x18, 0xC4, 0x18, 0xC4, 0x18, 0xC4, 0x18, 0xC4,
    0x18, 0xC4, 0x18, 0xC4, 0x18, 0xC4, 0x18, 0xC4, 0x18, 0xC4, 0x18, 0xC4, 0x18, 0xC4, 0x18, 0xC4,
    0x18, 0xC4, 0x18, 0xC4, 0x18, 0xC4, 0x18, 0xC4, 0x18, 0xC4, 0x18, 0xC4, 0x18, 0xC4, 0x18, 0xC4,
    0x18, 0xC4, 0x18, 0xC4, 0x18, 0xC4, 0x18, 0xC4, 0x18, 0xC4, 0x18, 0xC4, 0x18, 0xC4, 0x18, 0xC4,
    0x18, 0xC4, 0x18, 0xC4, 0x18, 0xC4, 0x18, 0xC4, 0x18, 0xC4, 0x18, 0xC4, 0x18, 0xC4, 0x18, 0xC4,
    0x18, 0xC4, 0x18, 0xC4, 0x18, 0xC4, 0x18, 0xC4, 0x18, 0xC4, 0x18, 0xC4, 0x18, 0xC4, 0x18, 0xC4,
    0x18, 0xC4, 0x18, 0xC4, 0x18, 0xC4, 0x18, 0xC4, 0x18, 0xC4, 0x18, 0xC4, 0x18, 0xC4, 0x18, 0xC4,
    0x18, 0xC4, 0x18, 0xC4, 0x18, 0xC4, 0x18, 0xC4, 0x18, 0xC4, 0x18, 0xC4, 0x18, 0xC4, 0x18, 0xC4,
    0x18, 0xC4, 0x18, 0xC4, 0x18, 0xC4, 0x18, 0xC4, 0x18, 0xC4, 0x18, 0xC4, 0x18, 0xC4, 0x18, 0xC4,
    0x18, 0xC4, 0x18, 0xC4, 0x18, 0xC4, 0x18, 0xC4, 0x18, 0xC4, 0x18, 0xC4, 0x18, 0xC4, 0x18, 0xC4,
    0x18, 0xC4, 0x18, 0xC4, 0x18, 0xC4, 0x18, 0xC4, 0x18, 0xC4, 0x18, 0xC4, 0x18, 0xC4, 0x18, 0xC4,
    0x18, 0xC4, 0x18, 0xC4, 0x18, 0xC4, 0x18, 0xC4, 0x18, 0xC4, 0x18, 0xC4, 0x18, 0xC4, 0x18, 0xC4,
    0x18, 0xC4, 0x18, 0xC4, 0x18, 0xC4, 0x18, 0xC4, 0x18, 0xC4, 0x18, 0xC4, 0x18, 0xC4, 0x18, 0xC4,
    0x18, 0xC4, 0x18, 0xC4, 0x18, 0xC4, 0x18, 0xC4, 0x18, 0xC4, 0x18, 0xC4, 0x18, 0xC4, 0x18, 0xC4,
    0x18, 0xC4, 0x18, 0xC4, 0x18, 0xC4, 0x18, 0xC4, 0x18, 0xC4, 0x18, 0xC4, 0x18, 0xC4, 0x18, 0xC4,
    0x18, 0xC4, 0x18, 0xC4, 0x18, 0xC4, 0x18, 0xC4, 0x18, 0xC4, 0x18, 0xC4, 0x18, 0xC4, 0x18, 0xC4,
    0x18, 0xC4, 0x18, 0xC4, 0x18, 0xC4, 0x18, 0xC4, 0x18, 0xC4, 0x18, 0xC4, 0x18, 0xC4, 0x18, 0xC4,
    0x18, 0xC4, 0x18, 0xC4, 0x18, 0xC4, 0x18, 0xC4, 0x18, 0xC4, 0x18, 0xC4, 0x18, 0xC4, 0x18, 0xC4,
    0x18, 0xC4, 0x18, 0xC4, 0x18, 0xC4, 0x18, 0xC4, 0x18, 0xC4, 0x18, 0xC4, 0x18, 0xC4, 0x18, 0xC4,
    0x18, 0xC4, 0x18, 0xC4, 0x18, 0xC4, 0x18, 0xC4, 0x18, 0xC4, 0x18, 0xC4, 0x18, 0xC4, 0x18, 0xC4,
    0x18, 0xC4, 0x18, 0xC4, 0x18, 0xC4, 0x18, 0xC4, 0x18, 0xC4, 0x18, 0xC4, 0x18, 0xC4, 0x18, 0xC4,
    0x18, 0xC4, 0x18, 0xC4, 0x18, 0xC4, 0x18, 0xC4, 0x18, 0xC4, 0x18, 0xC4, 0x18, 0xC4, 0x18, 0xC4,
    0x18, 0xC4, 0x18, 0xC4, 0x18, 0xC4, 0x18, 0xC4, 0x18, 0xC4, 0x18, 0xC4, 0x18, 0xC4, 0x18, 0xC4,
    0x18, 0xC4, 0x18, 0xC4, 0x18, 0xC4, 0x18, 0xC4, 0x18, 0xC4, 0x18, 0xC4, 0x18, 0xC4, 0x18, 0xC4,
    0x18, 0xC4, 0x18, 0xC4, 0x18, 0xC4, 0x18, 0xC4, 0x18, 0xC4, 0x18, 0xC4, 0x18, 0xC4, 0x18, 0xC4,
    0x18, 0xC4, 0x18, 0xC4, 0x18, 0xC4, 0x18, 0xC4, 0x18, 0xC4, 0x18, 0xC4, 0x18, 0xC4, 0x18, 0xC4,
    0x18, 0xC4, 0x18, 0xC4, 0x18, 0xC4, 0x18, 0xC4, 0x18, 0xC4, 0x18, 0xC4, 0x18, 0xC4, 0x18, 0xC4,
    0x18, 0xC4, 0x18, 0xC4, 0x18, 0xC4, 0x18, 0xC4, 0x38, 0xC4, 0x18, 0xC4, 0x18, 0xC4, 0x18, 0xC4,
    0x18, 0xC4, 0x18, 0xC4, 0x18, 0xC4, 0x18, 0xC4, 0x19, 0xC4, 0x18, 0xC4, 0x18, 0xC4, 0x19, 0xC4,
    0x18, 0xC4, 0x19, 0xC4, 0x18, 0xC4, 0x19, 0xC4, 0x39, 0xC4, 0x19, 0xC4, 0x18, 0xC4, 0x39, 0xC4,
    0x18, 0xC4, 0x39, 0xC4, 0x38, 0xC4, 0x18, 0xC4, 0x18, 0xC4, 0x39, 0xC4, 0x39, 0xC4, 0x18, 0xC4,
    0x38, 0xC4, 0x19, 0xC4, 0x38, 0xC4, 0x39, 0xC4, 0x39, 0xC4, 0x38, 0xC4, 0x39, 0xC4, 0x39, 0xC4,
    0x19, 0xC4, 0x39, 0xC4, 0x19, 0xC4, 0x38, 0xC4, 0x38, 0xC4, 0x39, 0xC4, 0x39, 0xC4, 0x39, 0xC4,
    0x19, 0xC4, 0x39, 0xC4, 0x39, 0xC4, 0x39, 0xC4, 0x18, 0xC4, 0x39, 0xC4, 0x39, 0xC4, 0x38, 0xC4,
    0x39, 0xC4, 0x38, 0xC4, 0x39, 0xC4, 0x39, 0xC4, 0x39, 0xC4, 0x39, 0xC4, 0x39, 0xC4, 0x39, 0xC4,
    0x38, 0xC4, 0x39, 0xC4, 0x39, 0xC4, 0x39, 0xC4, 0x39, 0xC4, 0x39, 0xC4, 0x39, 0xC4, 0x39, 0xC4,
    0x39, 0xC4, 0x39, 0xC4, 0x39, 0xC4, 0x39, 0xC4, 0x39, 0xC4, 0x39, 0xC4, 0x39, 0xC4, 0x39, 0xC4,
    0x18, 0xC4, 0x18, 0xC4, 0x18, 0xC4, 0x18, 0xC4, 0x18, 0xC4, 0x18, 0xC4, 0x18, 0xC4, 0x18, 0xC4,
    0x18, 0xC4, 0x18, 0xC4, 0x18, 0xC4, 0x18, 0xC4, 0x18, 0xC4, 0x18, 0xC4, 0x18, 0xC4, 0x18, 0xC4,
    0x18, 0xC4, 0x18, 0xC4, 0x18, 0xC4, 0x18, 0xC4, 0x18, 0xC4, 0x18, 0xC4, 0x18, 0xC4, 0x18, 0xC4,
    0x18, 0xC4, 0x18, 0xC4, 0x18, 0xC4, 0x18, 0xC4, 0x18, 0xC4, 0x18, 0xC4, 0x18, 0xC4, 0x18, 0xC4,
    0x18, 0xC4, 0x18, 0xC4, 0x18, 0xC4, 0x18, 0xC4, 0x18, 0xC4, 0x18, 0xC4, 0x18, 0xC4, 0x18, 0xC4,
    0x18, 0xC4, 0x18, 0xC4, 0x18, 0xC4, 0x18, 0xC4, 0x18, 0xC4, 0x18, 0xC4, 0x18, 0xC4, 0x18, 0xC4,
    0x18, 0xC4, 0x18, 0xC4, 0x18, 0xC4, 0x18, 0xC4, 0x18, 0xC4, 0x18, 0xC4, 0x18, 0xC4, 0x18, 0xC4,
    0x18, 0xC4, 0x18, 0xC4, 0x18, 0xC4, 0x18, 0xC4, 0x18, 0xC4, 0x18, 0xC4, 0x18, 0xC4, 0x18, 0xC4,
    0x18, 0xC4, 0x18, 0xC4, 0x18, 0xC4, 0x18, 0xC4, 0x18, 0xC4, 0x18, 0xC4, 0x18, 0xC4, 0x18, 0xC4,
    0x18, 0xC4, 0x18, 0xC4, 0x18, 0xC4, 0x18, 0xC4, 0x18, 0xC4, 0x18, 0xC4, 0x18, 0xC4, 0x18, 0xC4,
    0x18, 0xC4, 0x18, 0xC4, 0x18, 0xC4, 0x18, 0xC4, 0x18, 0xC4, 0x18, 0xC4, 0x18, 0xC4, 0x18, 0xC4,
    0x18, 0xC4, 0x18, 0xC4, 0x18, 0xC4, 0x18, 0xC4, 0x18, 0xC4, 0x18, 0xC4, 0x18, 0xC4, 0x18, 0xC4,
    0x18, 0xC4, 0x18, 0xC4, 0x18, 0xC4, 0x18, 0xC4, 0x18, 0xC4, 0x18, 0xC4, 0x18, 0xC4, 0x18, 0xC4,
    0x18, 0xC4, 0x18, 0xC4, 0x18, 0xC4, 0x18, 0xC4, 0x18, 0xC4, 0x18, 0xC4, 0x18, 0xC4, 0x18, 0xC4,
    0x18, 0xC4, 0x18, 0xC4, 0x18, 0xC4, 0x18, 0xC4, 0x18, 0xC4, 0x18, 0xC4, 0x18, 0xC4, 0x18, 0xC4,
    0x18, 0xC4, 0x18, 0xC4, 0x18, 0xC4, 0x18, 0xC4, 0x18, 0xC4, 0x18, 0xC4, 0x18, 0xC4, 0x18, 0xC4,
    0x18, 0xC4, 0x18, 0xC4, 0x18, 0xC4, 0x18, 0xC4, 0x18, 0xC4, 0x18, 0xC4, 0x18, 0xC4, 0x18, 0xC4,
    0x18, 0xC4, 0x18, 0xC4, 0x18, 0xC4, 0x18, 0xC4, 0x18, 0xC4, 0x18, 0xC4, 0x18, 0xC4, 0x18, 0xC4,
    0x18, 0xC4, 0x18, 0xC4, 0x18, 0xC4, 0x18, 0xC4, 0x18, 0xC4, 0x18, 0xC4, 0x18, 0xC4, 0x18, 0xC4,
    0x18, 0xC4, 0x18, 0xC4, 0x18, 0xC4, 0x18, 0xC4, 0x18, 0xC4, 0x18, 0xC4, 0x18, 0xC4, 0x18, 0xC4,
    0x18, 0xC4, 0x18, 0xC4, 0x18, 0xC4, 0x18, 0xC4, 0x18, 0xC4, 0x18, 0xC4, 0x18, 0xC4, 0x18, 0xC4,
    0x18, 0xC4, 0x18, 0xC4, 0x18, 0xC4, 0x18, 0xC4, 0x18, 0xC4, 0x18, 0xC4, 0x18, 0xC4, 0x18, 0xC4,
    0x18, 0xC4, 0x18, 0xC4, 0x18, 0xC4, 0x18, 0xC4, 0x18, 0xC4, 0x18, 0xC4, 0x18, 0xC4, 0x18, 0xC4,
    0x18, 0xC4, 0x18, 0xC4, 0x18, 0xC4, 0x18, 0xC4, 0x18, 0xC4, 0x18, 0xC4, 0x18, 0xC4, 0x18, 0xC4,
    0x18, 0xC4, 0x18, 0xC4, 0x18, 0xC4, 0x18, 0xC4, 0x18, 0xC4, 0x18, 0xC4, 0x18, 0xC4, 0x18, 0xC4,
    0x18, 0xC4, 0x18, 0xC4, 0x18, 0xC4, 0x18, 0xC4, 0x18, 0xC4, 0x18, 0xC4, 0x18, 0xC4, 0x18, 0xC4,
    0x18, 0xC4, 0x18, 0xC4, 0x18, 0xC4, 0x18, 0xC4, 0x18, 0xC4, 0x18, 0xC4, 0x18, 0xC4, 0x18, 0xC4,
    0x18, 0xC4, 0x18, 0xC4, 0x18, 0xC4, 0x18, 0xC4, 0x18, 0xC4, 0x18, 0xC4, 0x18, 0xC4, 0x18, 0xC4,
    0x18, 0xC4, 0x18, 0xC4, 0x18, 0xC4, 0x18, 0xC4, 0x18, 0xC4, 0x18, 0xC4, 0x18, 0xC4, 0x18, 0xC4,
    0x18, 0xC4, 0x18, 0xC4, 0x18, 0xC4, 0x18, 0xC4, 0x18, 0xC4, 0x18, 0xC4, 0x18, 0xC4, 0x18, 0xC4,
    0x18, 0xC4, 0x18, 0xC4, 0x18, 0xC4, 0x18, 0xC4, 0x18, 0xC4, 0x18, 0xC4, 0x18, 0xC4, 0x18, 0xC4,
    0x18, 0xC4, 0x18, 0xC4, 0x18, 0xC4, 0x18, 0xC4, 0x18, 0xC4, 0x18, 0xC4, 0x18, 0xC4, 0x18, 0xC4,
    0x18, 0xC4, 0x18, 0xC4, 0x18, 0xC4, 0x18, 0xC4, 0x18, 0xC4, 0x18, 0xC4, 0x18, 0xC4, 0x18, 0xC4,
    0x18, 0xC4, 0x18, 0xC4, 0x18, 0xC4, 0x18, 0xC4, 0x18, 0xC4, 0x18, 0xC4, 0x18, 0xC4, 0x18, 0xC4,
    0x18, 0xC4, 0x18, 0xC4, 0x18, 0xC4, 0x18, 0xC4, 0x18, 0xC4, 0x18, 0xC4, 0x18, 0xC4, 0x18, 0xC4,
    0x18, 0xC4, 0x18, 0xC4, 0x18, 0xC4, 0x18, 0xC4, 0x18, 0xC4, 0x18, 0xC4, 0x18, 0xC4, 0x18, 0xC4,
    0x18, 0xC4, 0x18, 0xC4, 0x18, 0xC4, 0x18, 0xC4, 0x18, 0xC4, 0x18, 0xC4, 0x18, 0xC4, 0x18, 0xC4,
    0x18, 0xC4, 0x18, 0xC4, 0x18, 0xC4, 0x18, 0xC4, 0x18, 0xC4, 0x18, 0xC4, 0x18, 0xC4, 0x18, 0xC4,
    0x18, 0xC4, 0x18, 0xC4, 0x18, 0xC4, 0x18, 0xC4, 0x18, 0xC4, 0x18, 0xC4, 0x18, 0xC4, 0x18, 0xC4,
    0x18, 0xC4, 0x18, 0xC4, 0x18, 0xC4, 0x18, 0xC4, 0x18, 0xC4, 0x18, 0xC4, 0x18, 0xC4, 0x18, 0xC4,
    0x39, 0xC4, 0x39, 0xC4, 0x39, 0xC4, 0x39, 0xC4, 0x39, 0xC4, 0x39, 0xC4, 0x39, 0xC4, 0x39, 0xC4,
    0x39, 0xC4, 0x39, 0xC4, 0x39, 0xC4, 0x39, 0xC4, 0x39, 0xC4, 0x39, 0xC4, 0x39, 0xC4, 0x39, 0xC4,
    0x39, 0xC4, 0x39, 0xC4, 0x39, 0xC4, 0x39, 0xC4, 0x39, 0xC4, 0x39, 0xC4, 0x39, 0xC4, 0x39, 0xC4,
    0x39, 0xC4, 0x39, 0xC4, 0x39, 0xC4, 0x39, 0xC4, 0x39, 0xC4, 0x39, 0xC4, 0x39, 0xC4, 0x39, 0xC4,
    0x39, 0xC4, 0x39, 0xC4, 0x39, 0xC4, 0x39, 0xC4, 0x39, 0xC4, 0x39, 0xC4, 0x39, 0xC4, 0x39, 0xC4,
    0x39, 0xC4, 0x39, 0xC4, 0x39, 0xC4, 0x39, 0xC4, 0x39, 0xC4, 0x39, 0xC4, 0x39, 0xC4, 0x39, 0xC4,
    0x39, 0xC4, 0x39, 0xC4, 0x39, 0xC4, 0x39, 0xC4, 0x39, 0xC4, 0x39, 0xC4, 0x39, 0xC4, 0x39, 0xC4,
    0x39, 0xC4, 0x39, 0xC4, 0x39, 0xC4, 0x39, 0xC4, 0x39, 0xC4, 0x39, 0xC4, 0x39, 0xC4, 0x39, 0xC4,
    0x39, 0xC4, 0x39, 0xC4, 0x39, 0xC4, 0x39, 0xC4, 0x39, 0xC4, 0x39, 0xC4, 0x39, 0xC4, 0x39, 0xC4,
    0x39, 0xC4, 0x39, 0xC4, 0x39, 0xC4, 0x39, 0xC4, 0x39, 0xC4, 0x39, 0xC4, 0x39, 0xC4, 0x39, 0xC4,
    0x39, 0xC4, 0x39, 0xC4, 0x39, 0xC4, 0x39, 0xC4, 0x39, 0xC4, 0x39, 0xC4, 0x39, 0xC4, 0x39, 0xC4,
    0x39, 0xC4, 0x39, 0xC4, 0x39, 0xC4, 0x39, 0xC4, 0x39, 0xC4, 0x39, 0xC4, 0x39, 0xC4, 0x39, 0xC4,
    0x39, 0xC4, 0x39, 0xC4, 0x39, 0xC4, 0x39, 0xC4, 0x39, 0xC4, 0x39, 0xC4, 0x39, 0xC4, 0x39, 0xC4,
    0x39, 0xC4, 0x39, 0xC4, 0x39, 0xC4, 0x39, 0xC4, 0x39, 0xC4, 0x39, 0xC4, 0x39, 0xC4, 0x39, 0xC4,
    0x39, 0xC4, 0x39, 0xC4, 0x39, 0xC4, 0x39, 0xC4, 0x39, 0xC4, 0x39, 0xC4, 0x39, 0xC4, 0x39, 0xC4,
    0x39, 0xC4, 0x39, 0xC4, 0x39, 0xC4, 0x39, 0xC4, 0x39, 0xC4, 0x39, 0xC4, 0x39, 0xC4, 0x39, 0xC4,
    0x39, 0xC4, 0x39, 0xC4, 0x39, 0xC4, 0x39, 0xC4, 0x39, 0xC4, 0x39, 0xC4, 0x39, 0xC4, 0x39, 0xC4,
    0x39, 0xC4, 0x39, 0xC4, 0x39, 0xC4, 0x39, 0xC4, 0x39, 0xC4, 0x39, 0xC4, 0x39, 0xC4, 0x39, 0xC4,
    0x39, 0xC4, 0x39, 0xC4, 0x39, 0xC4, 0x39, 0xC4, 0x39, 0xC4, 0x39, 0xC4, 0x39, 0xC4, 0x39, 0xC4,
    0x39, 0xC4, 0x39, 0xC4, 0x39, 0xC4, 0x39, 0xC4, 0x39, 0xC4, 0x39, 0xC4, 0x39, 0xC4, 0x39, 0xC4,
    0x39, 0xC4, 0x39, 0xC4, 0x39, 0xC4, 0x39, 0xC4, 0x39, 0xC4, 0x39, 0xC4, 0x39, 0xC4, 0x39, 0xC4,
    0x39, 0xC4, 0x39, 0xC4, 0x39, 0xC4, 0x39, 0xC4, 0x39, 0xC4, 0x39, 0xC4, 0x39, 0xC4, 0x39, 0xC4,
    0x39, 0xC4, 0x39, 0xC4, 0x39, 0xC4, 0x39, 0xC4, 0x39, 0xC4, 0x39, 0xC4, 0x39, 0xC4, 0x39, 0xC4,
    0x39, 0xC4, 0x39, 0xC4, 0x39, 0xC4, 0x39, 0xC4, 0x39, 0xC4, 0x39, 0xC4, 0x39, 0xC4, 0x39, 0xC4,
    0x39, 0xC4, 0x39, 0xC4, 0x39, 0xC4, 0x39, 0xC4, 0x39, 0xC4, 0x39, 0xC4, 0x39, 0xC4, 0x39, 0xC4,
    0x39, 0xC4, 0x39, 0xC4, 0x39, 0xC4, 0x39, 0xC4, 0x39, 0xC4, 0x39, 0xC4, 0x39, 0xC4, 0x39, 0xC4,
    0x39, 0xC4, 0x39, 0xC4, 0x39, 0xC4, 0x39, 0xC4, 0x39, 0xC4, 0x39, 0xC4, 0x39, 0xC4, 0x39, 0xC4,
    0x39, 0xC4, 0x39, 0xC4, 0x39, 0xC4, 0x39, 0xC4, 0x39, 0xC4, 0x39, 0xC4, 0x39, 0xC4, 0x39, 0xC4,
    0x39, 0xC4, 0x39, 0xC4, 0x39, 0xC4, 0x39, 0xC4, 0x39, 0xC4, 0x39, 0xC4, 0x39, 0xC4, 0x39, 0xC4,
    0x39, 0xC4, 0x39, 0xC4, 0x39, 0xC4, 0x39, 0xC4, 0x39, 0xC4, 0x39, 0xC4, 0x39, 0xC4, 0x39, 0xC4,
    0x39, 0xC4, 0x39, 0xC4, 0x39, 0xC4, 0x39, 0xC4, 0x39, 0xC4, 0x39, 0xC4, 0x39, 0xC4, 0x39, 0xC4,
    0x39, 0xC4, 0x39, 0xC4, 0x39, 0xC4, 0x39, 0xC4, 0x39, 0xC4, 0x39, 0xC4, 0x39, 0xC4, 0x39, 0xC4,
    0x39, 0xC4, 0x39, 0xC4, 0x39, 0xC4, 0x39, 0xC4, 0x39, 0xC4, 0x39, 0xC4, 0x39, 0xC4, 0x39, 0xC4,
    0x39, 0xC4, 0x39, 0xC4, 0x39, 0xC4, 0x39, 0xC4, 0x39, 0xC4, 0x39, 0xC4, 0x39, 0xC4, 0x39, 0xC4,
    0x39, 0xC4, 0x39, 0xC4, 0x39, 0xC4, 0x39, 0xC4, 0x39, 0xC4, 0x39, 0xC4, 0x39, 0xC4, 0x39, 0xC4,
    0x39, 0xC4, 0x39, 0xC4, 0x39, 0xC4, 0x39, 0xC4, 0x39, 0xC4, 0x39, 0xC4, 0x39, 0xC4, 0x39, 0xC4,
    0x39, 0xC4, 0x39, 0xC4, 0x39, 0xC4, 0x39, 0xC4, 0x39, 0xC4, 0x39, 0xC4, 0x39, 0xC4, 0x39, 0xC4,
    0x39, 0xC4, 0x39, 0xC4, 0x39, 0xC4, 0x39, 0xC4, 0x39, 0xC4, 0x39, 0xC4, 0x39, 0xC4, 0x39, 0xC4,
    0x39, 0xC4, 0x39, 0xC4, 0x39, 0xC4, 0x39, 0xC4, 0x39, 0xC4, 0x39, 0xC4, 0x39, 0xC4, 0x39, 0xC4,
    0x39, 0xC4, 0x39, 0xC4, 0x39, 0xC4, 0x39, 0xC4, 0x39, 0xC4, 0x39, 0xC4, 0x39, 0xC4, 0x39, 0xC4,
    0x39, 0xC4, 0x39, 0xC4, 0x39, 0xC4, 0x39, 0xC4, 0x39, 0xC4, 0x39, 0xC4, 0x39, 0xC4, 0x39, 0xC4,
    0x39, 0xC4, 0x39, 0xC4, 0x39, 0xC4, 0x39, 0xC4, 0x39, 0xC4, 0x39, 0xC4, 0x39, 0xC4, 0x39, 0xC4,
    0x39, 0xC4, 0x39, 0xC4, 0x39, 0xC4, 0x39, 0xC4, 0x39, 0xC4, 0x39, 0xC4, 0x39, 0xC4, 0x39, 0xC4,
    0x39, 0xC4, 0x39, 0xC4, 0x39, 0xC4, 0x39, 0xC4, 0x39, 0xC4, 0x39, 0xC4, 0x39, 0xC4, 0x39, 0xC4,
    0x39, 0xC4, 0x39, 0xC4, 0x39, 0xC4, 0x39, 0xC4, 0x39, 0xC4, 0x39, 0xC4, 0x39, 0xC4, 0x39, 0xC4,
    0x39, 0xC4, 0x39, 0xC4, 0x39, 0xC4, 0x39, 0xC4, 0x39, 0xC4, 0x39, 0xC4, 0x39, 0xC4, 0x39, 0xC4,
    0x39, 0xC4, 0x39, 0xC4, 0x39, 0xC4, 0x39, 0xC4, 0x39, 0xC4, 0x39, 0xC4, 0x39, 0xC4, 0x39, 0xC4,
    0x39, 0xC4, 0x39, 0xC4, 0x39, 0xC4, 0x39, 0xC4, 0x39, 0xC4, 0x39, 0xC4, 0x39, 0xC4, 0x39, 0xC4,
    0x39, 0xC4, 0x39, 0xC4, 0x39, 0xC4, 0x39, 0xC4, 0x39, 0xC4, 0x39, 0xC4, 0x39, 0xC4, 0x39, 0xC4,
    0x39, 0xC4, 0x39, 0xC4, 0x39, 0xC4, 0x39, 0xC4, 0x39, 0xC4, 0x39, 0xC4, 0x39, 0xC4, 0x39, 0xC4,
    0x39, 0xC4, 0x39, 0xC4, 0x39, 0xC4, 0x39, 0xC4, 0x39, 0xC4, 0x39, 0xC4, 0x39, 0xC4, 0x39, 0xC4,
    0x39, 0xC4, 0x39, 0xC4, 0x39, 0xC4, 0x39, 0xC4, 0x39, 0xC4, 0x39, 0xC4, 0x39, 0xC4, 0x39, 0xC4,
    0x39, 0xC4, 0x39, 0xC4, 0x39, 0xC4, 0x39, 0xC4, 0x39, 0xC4, 0x39, 0xC4, 0x39, 0xC4, 0x39, 0xC4,
    0x39, 0xC4, 0x39, 0xC4, 0x39, 0xC4, 0x39, 0xC4, 0x39, 0xC4, 0x39, 0xC4, 0x39, 0xC4, 0x39, 0xC4,
    0x39, 0xC4, 0x39, 0xC4, 0x39, 0xC4, 0x39, 0xC4, 0x39, 0xC4, 0x39, 0xC4, 0x39, 0xC4, 0x39, 0xC4,
    0x39, 0xC4, 0x39, 0xC4, 0x39, 0xC4, 0x39, 0xC4, 0x39, 0xC4, 0x39, 0xC4, 0x39, 0xC4, 0x39, 0xC4,
    0x39, 0xC4, 0x39, 0xC4, 0x39, 0xC4, 0x39, 0xC4, 0x39, 0xC4, 0x39, 0xC4, 0x39, 0xC4, 0x39, 0xC4,
    0x39, 0xC4, 0x39, 0xC4, 0x39, 0xC4, 0x39, 0xC4, 0x39, 0xC4, 0x39, 0xC4, 0x39, 0xC4, 0x39, 0xC4,
    0x39, 0xC4, 0x39, 0xC4, 0x39, 0xC4, 0x39, 0xC4, 0x39, 0xC4, 0x39, 0xC4, 0x39, 0xC4, 0x39, 0xC4,
    0x39, 0xC4, 0x39, 0xC4, 0x39, 0xC4, 0x39, 0xC4, 0x39, 0xC4, 0x39, 0xC4, 0x39, 0xC4, 0x39, 0xC4,
    0x39, 0xC4, 0x39, 0xC4, 0x39, 0xC4, 0x39, 0xC4, 0x39, 0xC4, 0x39, 0xC4, 0x39, 0xC4, 0x39, 0xC4,
    0x39, 0xC4, 0x39, 0xC4, 0x39, 0xC4, 0x39, 0xC4, 0x39, 0xC4, 0x39, 0xC4, 0x39, 0xC4, 0x39, 0xC4,
    0x39, 0xC4, 0x39, 0xC4, 0x39, 0xC4, 0x39, 0xC4, 0x39, 0xC4, 0x39, 0xC4, 0x39, 0xC4, 0x39, 0xC4,
    0x39, 0xC4, 0x39, 0xC4, 0x39, 0xC4, 0x39, 0xC4, 0x39, 0xC4, 0x39, 0xC4, 0x39, 0xC4, 0x39, 0xC4,
    0x39, 0xC4, 0x39, 0xC4, 0x39, 0xC4, 0x39, 0xC4, 0x39, 0xC4, 0x39, 0xC4, 0x39, 0xC4, 0x39, 0xC4,
    0x39, 0xC4, 0x39, 0xC4, 0x39, 0xC4, 0x39, 0xC4, 0x39, 0xC4, 0x39, 0xC4, 0x39, 0xC4, 0x39, 0xC4,
    0x39, 0xC4, 0x39, 0xC4, 0x39, 0xC4, 0x39, 0xC4, 0x39, 0xC4, 0x39, 0xC4, 0x39, 0xC4, 0x39, 0xC4,
    0x39, 0xC4, 0x39, 0xC4, 0x39, 0xC4, 0x39, 0xC4, 0x39, 0xC4, 0x39, 0xC4, 0x39, 0xC4, 0x39, 0xC4,
    0x39, 0xC4, 0x39, 0xC4, 0x39, 0xC4, 0x39, 0xC4, 0x39, 0xC4, 0x39, 0xC4, 0x39, 0xC4, 0x39, 0xC4,
    0x39, 0xC4, 0x39, 0xC4, 0x39, 0xC4, 0x39, 0xC4, 0x39, 0xC4, 0x39, 0xC4, 0x39, 0xC4, 0x39, 0xC4,
    0x39, 0xC4, 0x39, 0xC4, 0x39, 0xC4, 0x39, 0xC4, 0x39, 0xC4, 0x39, 0xC4, 0x39, 0xC4, 0x39, 0xC4,
    0x39, 0xC4, 0x39, 0xC4, 0x39, 0xC4, 0x39, 0xC4, 0x39, 0xC4, 0x39, 0xC4, 0x39, 0xC4, 0x39, 0xC4,
    0x39, 0xC4, 0x39, 0xC4, 0x39, 0xC4, 0x39, 0xC4, 0x39, 0xC4, 0x39, 0xC4, 0x39, 0xC4, 0x39, 0xC4,
    0x39, 0xC4, 0x39, 0xC4, 0x39, 0xC4, 0x39, 0xC4, 0x39, 0xC4, 0x39, 0xC4, 0x39, 0xC4, 0x39, 0xC4,
    0x39, 0xC4, 0x39, 0xC4, 0x39, 0xC4, 0x39, 0xC4, 0x39, 0xC4, 0x39, 0xC4, 0x39, 0xC4, 0x39, 0xC4,
    0x39, 0xC4, 0x39, 0xC4, 0x39, 0xC4, 0x39, 0xC4, 0x39, 0xC4, 0x39, 0xC4, 0x39, 0xC4, 0x39, 0xC4,
    0x39, 0xC4, 0x39, 0xC4, 0x39, 0xC4, 0x39, 0xC4, 0x39, 0xC4, 0x39, 0xC4, 0x39, 0xC4, 0x39, 0xC4,
    0x39, 0xC4, 0x39, 0xC4, 0x39, 0xC4, 0x39, 0xC4, 0x39, 0xC4, 0x39, 0xC4, 0x39, 0xC4, 0x39, 0xC4,
    0x39, 0xC4, 0x39, 0xC4, 0x39, 0xC4, 0x39, 0xC4, 0x39, 0xC4, 0x39, 0xC4, 0x39, 0xC4, 0x39, 0xC4,
    0x39, 0xC4, 0x39, 0xC4, 0x39, 0xC4, 0x39, 0xC4, 0x39, 0xC4, 0x39, 0xC4, 0x39, 0xC4, 0x39, 0xC4,
    0x39, 0xC4, 0x39, 0xC4, 0x39, 0xC4, 0x39, 0xC4, 0x39, 0xC4, 0x39, 0xC4, 0x39, 0xC4, 0x39, 0xC4,
    0x39, 0xC4, 0x39, 0xC4, 0x39, 0xC4, 0x39, 0xC4, 0x39, 0xC4, 0x39, 0xC4, 0x39, 0xC4, 0x39, 0xC4,
    0x39, 0xC4, 0x39, 0xC4, 0x39, 0xC4, 0x39, 0xC4, 0x39, 0xC4, 0x39, 0xC4, 0x39, 0xC4, 0x39, 0xC4,
    0x39, 0xC4, 0x39, 0xC4, 0x39, 0xC4, 0x39, 0xC4, 0x39, 0xC4, 0x39, 0xC4, 0x39, 0xC4, 0x39, 0xC4,
    0x39, 0xC4, 0x39, 0xC4, 0x39, 0xC4, 0x39, 0xC4, 0x39, 0xC4, 0x39, 0xC4, 0x39, 0xC4, 0x39, 0xC4,
    0x39, 0xC4, 0x39, 0xC4, 0x39, 0xC4, 0x39, 0xC4, 0x39, 0xC4, 0x39, 0xC4, 0x39, 0xC4, 0x39, 0xC4,
    0x39, 0xC4, 0x39, 0xC4, 0x39, 0xC4, 0x39, 0xC4, 0x39, 0xC4, 0x39, 0xC4, 0x39, 0xC4, 0x39, 0xC4,
    0x39, 0xC4, 0x39, 0xC4, 0x39, 0xC4, 0x39, 0xC4, 0x39, 0xC4, 0x39, 0xC4, 0x39, 0xC4, 0x39, 0xC4,
    0x39, 0xC4, 0x39, 0xC4, 0x39, 0xC4, 0x39, 0xC4, 0x39, 0xC4, 0x39, 0xC4, 0x39, 0xC4, 0x39, 0xC4,
    0x39, 0xC4, 0x39, 0xC4, 0x39, 0xC4, 0x39, 0xC4, 0x39, 0xC4, 0x39, 0xC4, 0x39, 0xC4, 0x39, 0xC4,
    0x39, 0xC4, 0x39, 0xC4, 0x39, 0xC4, 0x39, 0xC4, 0x39, 0xC4, 0x39, 0xC4, 0x39, 0xC4, 0x39, 0xC4,
    0x39, 0xC4, 0x39, 0xC4, 0x39, 0xC4, 0x39, 0xC4, 0x39, 0xC4, 0x39, 0xC4, 0x39, 0xC4, 0x39, 0xC4,
    0x39, 0xC4, 0x39, 0xC4, 0x39, 0xC4, 0x39, 0xC4, 0x39, 0xC4, 0x39, 0xC4, 0x39, 0xC4, 0x39, 0xC4,
    0x39, 0xC4, 0x39, 0xC4, 0x39, 0xC4, 0x39, 0xC4, 0x39, 0xC4, 0x39, 0xC4, 0x39, 0xC4, 0x39, 0xC4,
    0x39, 0xC4, 0x39, 0xC4, 0x39, 0xC4, 0x39, 0xC4, 0x39, 0xC4, 0x39, 0xC4, 0x39, 0xC4, 0x39, 0xC4,
    0x39, 0xC4, 0x39, 0xC4, 0x39, 0xC4, 0x39, 0xC4, 0x39, 0xC4, 0x39, 0xC4, 0x39, 0xC4, 0x39, 0xC4,
    0x39, 0xC4, 0x39, 0xC4, 0x39, 0xC4, 0x39, 0xC4, 0x39, 0xC4, 0x39, 0xC4, 0x39, 0xC4, 0x39, 0xC4,
    0x39, 0xC4, 0x39, 0xC4, 0x39, 0xC4, 0x39, 0xC4, 0x39, 0xC4, 0x39, 0xC4, 0x39, 0xC4, 0x39, 0xC4,
    0x39, 0xC4, 0x39, 0xC4, 0x39, 0xC4, 0x39, 0xC4, 0x39, 0xC4, 0x39, 0xC4, 0x39, 0xC4, 0x39, 0xC4,
    0x39, 0xC4, 0x39, 0xC4, 0x39, 0xC4, 0x39, 0xC4, 0x39, 0xC4, 0x39, 0xC4, 0x39, 0xC4, 0x39, 0xC4,
    0x39, 0xC4, 0x39, 0xC4, 0x39, 0xC4, 0x39, 0xC4, 0x39, 0xC4, 0x39, 0xC4, 0x39, 0xC4, 0x39, 0xC4,
    0x39, 0xC4, 0x39, 0xC4, 0x39, 0xC4, 0x39, 0xC4, 0x39, 0xC4, 0x39, 0xC4, 0x39, 0xC4, 0x39, 0xC4,
    0x39, 0xC4, 0x39, 0xC4, 0x39, 0xC4, 0x39, 0xC4, 0x39, 0xC4, 0x39, 0xC4, 0x39, 0xC4, 0x39, 0xC4,
    0x39, 0xC4, 0x39, 0xC4, 0x39, 0xC4, 0x39, 0xC4, 0x39, 0xC4, 0x39, 0xC4, 0x39, 0xC4, 0x39, 0xC4,
    0x39, 0xC4, 0x39, 0xC4, 0x39, 0xC4, 0x39, 0xC4, 0x39, 0xC4, 0x39, 0xC4, 0x39, 0xC4, 0x39, 0xC4,
    0x39, 0xC4, 0x39, 0xC4, 0x39, 0xC4, 0x39, 0xC4, 0x39, 0xC4, 0x39, 0xC4, 0x39, 0xC4, 0x39, 0xC4,
    0x39, 0xC4, 0x39, 0xC4, 0x39, 0xC4, 0x39, 0xC4, 0x39, 0xC4, 0x39, 0xC4, 0x39, 0xC4, 0x39, 0xC4,
    0x39, 0xC4, 0x39, 0xC4, 0x39, 0xC4, 0x39, 0xC4, 0x39, 0xC4, 0x39, 0xC4, 0x39, 0xC4, 0x39, 0xC4,
    0x39, 0xC4, 0x39, 0xC4, 0x39, 0xC4, 0x39, 0xC4, 0x39, 0xC4, 0x39, 0xC4, 0x39, 0xC4, 0x39, 0xC4,
    0x39, 0xC4, 0x39, 0xC4, 0x39, 0xC4, 0x39, 0xC4, 0x39, 0xC4, 0x39, 0xC4, 0x39, 0xC4, 0x39, 0xC4,
    0x39, 0xC4, 0x39, 0xC4, 0x39, 0xC4, 0x39, 0xC4, 0x39, 0xC4, 0x39, 0xC4, 0x39, 0xC4, 0x39, 0xC4,
    0x39, 0xC4, 0x39, 0xC4, 0x39, 0xC4, 0x39, 0xC4, 0x39, 0xC4, 0x39, 0xC4, 0x39, 0xC4, 0x39, 0xC4,
    0x39, 0xC4, 0x39, 0xC4, 0x39, 0xC4, 0x39, 0xC4, 0x39, 0xC4, 0x39, 0xC4, 0x39, 0xC4, 0x39, 0xC4,
    0x39, 0xC4, 0x39, 0xC4, 0x39, 0xC4, 0x39, 0xC4, 0x39, 0xC4, 0x39, 0xC4, 0x39, 0xC4, 0x39, 0xC4,
    0x39, 0xC4, 0x39, 0xC4, 0x39, 0xC4, 0x39, 0xC4, 0x39, 0xC4, 0x39, 0xC4, 0x39, 0xC4, 0x39, 0xC4,
    0x39, 0xC4, 0x39, 0xC4, 0x39, 0xC4, 0x39, 0xC4, 0x39, 0xC4, 0x39, 0xC4, 0x39, 0xC4, 0x39, 0xC4,
    0x39, 0xC4, 0x39, 0xC4, 0x39, 0xC4, 0x39, 0xC4, 0x39, 0xC4, 0x39, 0xC4, 0x39, 0xC4, 0x39, 0xC4,
    0x39, 0xC4, 0x39, 0xC4, 0x39, 0xC4, 0x39, 0xC4, 0x39, 0xC4, 0x39, 0xC4, 0x39, 0xC4, 0x39, 0xC4,
    0x39, 0xC4, 0x39, 0xC4, 0x39, 0xC4, 0x39, 0xC4, 0x39, 0xC4, 0x39, 0xC4, 0x39, 0xC4, 0x39, 0xC4,
    0x39, 0xC4, 0x39, 0xC4, 0x39, 0xC4, 0x39, 0xC4, 0x39, 0xC4, 0x39, 0xC4, 0x39, 0xC4, 0x39, 0xC4,
    0x39, 0xC4, 0x39, 0xC4, 0x39, 0xC4, 0x39, 0xC4, 0x39, 0xC4, 0x39, 0xC4, 0x39, 0xC4, 0x39, 0xC4,
    0x39, 0xC4, 0x39, 0xC4, 0x39, 0xC4, 0x39, 0xC4, 0x39, 0xC4, 0x39, 0xC4, 0x39, 0xC4, 0x39, 0xC4,
    0x39, 0xC4, 0x39, 0xC4, 0x39, 0xC4, 0x39, 0xC4, 0x39, 0xC4, 0x39, 0xC4, 0x39, 0xC4, 0x39, 0xC4,
    0x39, 0xC4, 0x39, 0xC4, 0x39, 0xC4, 0x39, 0xC4, 0x39, 0xC4, 0x39, 0xC4, 0x39, 0xC4, 0x39, 0xC4,
    0x39, 0xC4, 0x39, 0xC4, 0x39, 0xC4, 0x39, 0xC4, 0x39, 0xC4, 0x39, 0xC4, 0x39, 0xC4, 0x39, 0xC4,
    0x39, 0xC4, 0x39, 0xC4, 0x39, 0xC4, 0x39, 0xC4, 0x39, 0xC4, 0x39, 0xC4, 0x39, 0xC4, 0x39, 0xC4,
    0x39, 0xC4, 0x39, 0xC4, 0x39, 0xC4, 0x39, 0xC4, 0x39, 0xC4, 0x39, 0xC4, 0x39, 0xC4, 0x39, 0xC4,
    0x39, 0xC4, 0x39, 0xC4, 0x39, 0xC4, 0x39, 0xC4, 0x39, 0xC4, 0x39, 0xC4, 0x39, 0xC4, 0x39, 0xC4,
    0x39, 0xC4, 0x39, 0xC4, 0x39, 0xC4, 0x39, 0xC4, 0x39, 0xC4, 0x39, 0xC4, 0x39, 0xC4, 0x39, 0xC4,
    0x39, 0xC4, 0x39, 0xC4, 0x39, 0xC4, 0x39, 0xC4, 0x39, 0xC4, 0x39, 0xC4, 0x39, 0xC4, 0x39, 0xC4,
    0x39, 0xC4, 0x39, 0xC4, 0x39, 0xC4, 0x39, 0xC4, 0x39, 0xC4, 0x39, 0xC4, 0x39, 0xC4, 0x39, 0xC4,
    0x39, 0xC4, 0x39, 0xC4, 0x39, 0xC4, 0x39, 0xC4, 0x39, 0xC4, 0x39, 0xC4, 0x39, 0xC4, 0x39, 0xC4,
    0x39, 0xC4, 0x39, 0xC4, 0x39, 0xC4, 0x39, 0xC4, 0x39, 0xC4, 0x39, 0xC4, 0x39, 0xC4, 0x39, 0xC4,
    0x39, 0xC4, 0x39, 0xC4, 0x39, 0xC4, 0x39, 0xC4, 0x39, 0xC4, 0x39, 0xC4, 0x39, 0xC4, 0x39, 0xC4,
    0x39, 0xC4, 0x39, 0xC4, 0x39, 0xC4, 0x39, 0xC4, 0x39, 0xC4, 0x39, 0xC4, 0x39, 0xC4, 0x39, 0xC4,
    0x39, 0xC4, 0x39, 0xC4, 0x39, 0xC4, 0x39, 0xC4, 0x39, 0xC4, 0x39, 0xC4, 0x39, 0xC4, 0x39, 0xC4,
    0x39, 0xC4, 0x39, 0xC4, 0x39, 0xC4, 0x39, 0xC4, 0x39, 0xC4, 0x39, 0xC4, 0x39, 0xC4, 0x39, 0xC4,
    0x39, 0xC4, 0x39, 0xC4, 0x39, 0xC4, 0x39, 0xC4, 0x39, 0xC4, 0x39, 0xC4, 0x39, 0xC4, 0x39, 0xC4,
    0x39, 0xC4, 0x39, 0xC4, 0x39, 0xC4, 0x39, 0xC4, 0x39, 0xC4, 0x39, 0xC4, 0x39, 0xC4, 0x39, 0xC4,
    0x39, 0xC4, 0x39, 0xC4, 0x39, 0xC4, 0x39, 0xC4, 0x39, 0xC4, 0x39, 0xC4, 0x39, 0xC4, 0x39, 0xC4,
    0x39, 0xC4, 0x39, 0xC4, 0x39, 0xC4, 0x39, 0xC4, 0x39, 0xC4, 0x39, 0xC4, 0x39, 0xC4, 0x39, 0xC4,
    0x39, 0xC4, 0x39, 0xC4, 0x39, 0xC4, 0x39, 0xC4, 0x39, 0xC4, 0x39, 0xC4, 0x39, 0xC4, 0x39, 0xC4,
    0x39, 0xC4, 0x39, 0xC4, 0x39, 0xC4, 0x39, 0xC4, 0x39, 0xC4, 0x39, 0xC4, 0x39, 0xC4, 0x39, 0xC4,
    0x39, 0xC4, 0x39, 0xC4, 0x39, 0xC4, 0x39, 0xC4, 0x39, 0xC4, 0x39, 0xC4, 0x39, 0xC4, 0x39, 0xC4,
    0x39, 0xC4, 0x39, 0xC4, 0x39, 0xC4, 0x39, 0xC4, 0x39, 0xC4, 0x39, 0xC4, 0x39, 0xC4, 0x39, 0xC4,
    0x39, 0xC4, 0x39, 0xC4, 0x39, 0xC4, 0x39, 0xC4, 0x39, 0xC4, 0x39, 0xC4, 0x39, 0xC4, 0x39, 0xC4,
    0x39, 0xC4, 0x39, 0xC4, 0x39, 0xC4, 0x39, 0xC4, 0x39, 0xC4, 0x39, 0xC4, 0x39, 0xC4, 0x39, 0xC4,
    0x39, 0xC4, 0x39, 0xC4, 0x39, 0xC4, 0x39, 0xC4, 0x39, 0xC4, 0x39, 0xC4, 0x39, 0xC4, 0x39, 0xC4,
    0x39, 0xC4, 0x39, 0xC4, 0x39, 0xC4, 0x39, 0xC4, 0x39, 0xC4, 0x39, 0xC4, 0x39, 0xC4, 0x39, 0xC4,
    0x39, 0xC4, 0x39, 0xC4, 0x39, 0xC4, 0x39, 0xC4, 0x39, 0xC4, 0x39, 0xC4, 0x39, 0xC4, 0x39, 0xC4,
    0x39, 0xC4, 0x39, 0xC4, 0x39, 0xC4, 0x39, 0xC4, 0x39, 0xC4, 0x39, 0xC4, 0x39, 0xC4, 0x39, 0xC4,
    0x39, 0xC4, 0x39, 0xC4, 0x39, 0xC4, 0x39, 0xC4, 0x39, 0xC4, 0x39, 0xC4, 0x39, 0xC4, 0x39, 0xC4,
    0x39, 0xC4, 0x39, 0xC4, 0x39, 0xC4, 0x39, 0xC4, 0x39, 0xC4, 0x39, 0xC4, 0x39, 0xC4, 0x39, 0xC4,
    0x39, 0xC4, 0x39, 0xC4, 0x39, 0xC4, 0x39, 0xC4, 0x39, 0xC4, 0x39, 0xC4, 0x39, 0xC4, 0x39, 0xC4,
    0x39, 0xC4, 0x39, 0xC4, 0x39, 0xC4, 0x39, 0xC4, 0x39, 0xC4, 0x39, 0xC4, 0x39, 0xC4, 0x39, 0xC4,
    0x39, 0xC4, 0x39, 0xC4, 0x39, 0xC4, 0x39, 0xC4, 0x39, 0xC4, 0x39, 0xC4, 0x39, 0xC4, 0x39, 0xC4,
    0x39, 0xC4, 0x39, 0xC4, 0x39, 0xC4, 0x39, 0xC4, 0x39, 0xC4, 0x39, 0xC4, 0x39, 0xC4, 0x39, 0xC4,
    0x39, 0xC4, 0x39, 0xC4, 0x39, 0xC4, 0x39, 0xC4, 0x39, 0xC4, 0x39, 0xC4, 0x39, 0xC4, 0x39, 0xC4,
    0x39, 0xC4, 0x39, 0xC4, 0x39, 0xC4, 0x39, 0xC4, 0x39, 0xC4, 0x39, 0xC4, 0x39, 0xC4, 0x39, 0xC4,
    0x39, 0xC4, 0x39, 0xC4, 0x39, 0xC4, 0x39, 0xC4, 0x39, 0xC4, 0x39, 0xC4, 0x39, 0xC4, 0x39, 0xC4,
    0x39, 0xC4, 0x39, 0xC4, 0x39, 0xC4, 0x39, 0xC4, 0x39, 0xC4, 0x39, 0xC4, 0x39, 0xC4, 0x39, 0xC4,
    0x39, 0xC4, 0x39, 0xC4, 0x39, 0xC4, 0x39, 0xC4, 0x39, 0xC4, 0x39, 0xC4, 0x39, 0xC4, 0x39, 0xC4,
    0x39, 0xC4, 0x39, 0xC4, 0x39, 0xC4, 0x39, 0xC4, 0x39, 0xC4, 0x39, 0xC4, 0x39, 0xC4, 0x39, 0xC4,
    0x39, 0xC4, 0x39, 0xC4, 0x39, 0xC4, 0x39, 0xC4, 0x39, 0xC4, 0x39, 0xC4, 0x39, 0xC4, 0x39, 0xC4,
    0x39, 0xC4, 0x39, 0xC4, 0x39, 0xC4, 0x39, 0xC4, 0x39, 0xC4, 0x39, 0xC4, 0x39, 0xC4, 0x39, 0xC4,
    0x39, 0xC4, 0x39, 0xC4, 0x39, 0xC4, 0x39, 0xC4, 0x39, 0xC4, 0x39, 0xC4, 0x39, 0xC4, 0x39, 0xC4,
    0x39, 0xC4, 0x39, 0xC4, 0x39, 0xC4, 0x39, 0xC4, 0x39, 0xC4, 0x39, 0xC4, 0x39, 0xC4, 0x39, 0xC4,
    0x39, 0xC4, 0x39, 0xC4, 0x39, 0xC4, 0x39, 0xC4, 0x39, 0xC4, 0x39, 0xC4, 0x39, 0xC4, 0x39, 0xC4,
    0x39, 0xC4, 0x39, 0xC4, 0x39, 0xC4, 0x39, 0xC4, 0x39, 0xC4, 0x39, 0xC4, 0x39, 0xC4, 0x39, 0xC4,
    0x39, 0xC4, 0x39, 0xC4, 0x39, 0xC4, 0x39, 0xC4, 0x39, 0xC4, 0x39, 0xC4, 0x39, 0xC4, 0x39, 0xC4,
    0x39, 0xC4, 0x39, 0xC4, 0x39, 0xC4, 0x39, 0xC4, 0x39, 0xC4, 0x39, 0xC4, 0x39, 0xC4, 0x39, 0xC4,
    0x39, 0xC4, 0x39, 0xC4, 0x39, 0xC4, 0x39, 0xC4, 0x39, 0xC4, 0x39, 0xC4, 0x39, 0xC4, 0x39, 0xC4,
    0x39, 0xC4, 0x39, 0xC4, 0x39, 0xC4, 0x39, 0xC4, 0x39, 0xC4, 0x39, 0xC4, 0x39, 0xC4, 0x39, 0xC4,
    0x39, 0xC4, 0x39, 0xC4, 0x39, 0xC4, 0x39, 0xC4, 0x39, 0xC4, 0x39, 0xC4, 0x39, 0xC4, 0x39, 0xC4,
    0x39, 0xC4, 0x39, 0xC4, 0x39, 0xC4, 0x39, 0xC4, 0x39, 0xC4, 0x39, 0xC4, 0x39, 0xC4, 0x39, 0xC4,
    0x39, 0xC4, 0x39, 0xC4, 0x39, 0xC4, 0x39, 0xC4, 0x39, 0xC4, 0x39, 0xC4, 0x39, 0xC4, 0x39, 0xC4,
    0x39, 0xC4, 0x39, 0xC4, 0x39, 0xC4, 0x39, 0xC4, 0x39, 0xC4, 0x39, 0xC4, 0x39, 0xC4, 0x39, 0xC4,
    0x39, 0xC4, 0x39, 0xC4, 0x39, 0xC4, 0x39, 0xC4, 0x39, 0xC4, 0x39, 0xC4, 0x39, 0xC4, 0x39, 0xC4,
    0x39, 0xC4, 0x39, 0xC4, 0x39, 0xC4, 0x39, 0xC4, 0x39, 0xC4, 0x39, 0xC4, 0x39, 0xC4, 0x39, 0xC4,
    0x39, 0xC4, 0x39, 0xC4, 0x39, 0xC4, 0x39, 0xC4, 0x39, 0xC4, 0x39, 0xC4, 0x39, 0xC4, 0x39, 0xC4,
    0x39, 0xC4, 0x39, 0xC4, 0x39, 0xC4, 0x39, 0xC4, 0x39, 0xC4, 0x39, 0xC4, 0x39, 0xC4, 0x39, 0xC4,
    0x39, 0xC4, 0x39, 0xC4, 0x39, 0xC4, 0x39, 0xC4, 0x39, 0xC4, 0x39, 0xC4, 0x39, 0xC4, 0x39, 0xC4,
    0x39, 0xC4, 0x39, 0xC4, 0x39, 0xC4, 0x39, 0xC4, 0x39, 0xC4, 0x39, 0xC4, 0x39, 0xC4, 0x39, 0xC4,
    0x39, 0xC4, 0x39, 0xC4, 0x39, 0xC4, 0x39, 0xC4, 0x39, 0xC4, 0x39, 0xC4, 0x39, 0xC4, 0x39, 0xC4,
    0x39, 0xC4, 0x39, 0xC4, 0x39, 0xC4, 0x39, 0xC4, 0x39, 0xC4, 0x39, 0xC4, 0x39, 0xC4, 0x39, 0xC4,
    0x39, 0xC4, 0x39, 0xC4, 0x39, 0xC4, 0x39, 0xC4, 0x39, 0xC4, 0x39, 0xC4, 0x39, 0xC4, 0x39, 0xC4,
    0x39, 0xC4, 0x39, 0xC4, 0x39, 0xC4, 0x39, 0xC4, 0x39, 0xC4, 0x39, 0xC4, 0x39, 0xC4, 0x39, 0xC4,
    0x39, 0xC4, 0x39, 0xC4, 0x39, 0xC4, 0x39, 0xC4, 0x39, 0xC4, 0x39, 0xC4, 0x39, 0xC4, 0x39, 0xC4,
    0x39, 0xC4, 0x39, 0xC4, 0x39, 0xC4, 0x39, 0xC4, 0x39, 0xC4, 0x39, 0xC4, 0x39, 0xC4, 0x39, 0xC4,
    0x39, 0xC4, 0x39, 0xC4, 0x39, 0xC4, 0x39, 0xC4, 0x39, 0xC4, 0x39, 0xC4, 0x39, 0xC4, 0x39, 0xC4,
    0x39, 0xC4, 0x39, 0xC4, 0x39, 0xC4, 0x39, 0xC4, 0x39, 0xC4, 0x39, 0xC4, 0x39, 0xC4, 0x39, 0xC4,
    0x39, 0xC4, 0x39, 0xC4, 0x39, 0xC4, 0x39, 0xC4, 0x39, 0xC4, 0x39, 0xC4, 0x39, 0xC4, 0x39, 0xC4,
    0x39, 0xC4, 0x39, 0xC4, 0x39, 0xC4, 0x39, 0xC4, 0x39, 0xC4, 0x39, 0xC4, 0x39, 0xC4, 0x39, 0xC4,
    0x39, 0xC4, 0x39, 0xC4, 0x39, 0xC4, 0x39, 0xC4, 0x39, 0xC4, 0x39, 0xC4, 0x39, 0xC4, 0x39, 0xC4,
    0x39, 0xC4, 0x39, 0xC4, 0x39, 0xC4, 0x39, 0xC4, 0x39, 0xC4, 0x39, 0xC4, 0x39, 0xC4, 0x39, 0xC4,
    0x39, 0xC4, 0x39, 0xC4, 0x39, 0xC4, 0x39, 0xC4, 0x39, 0xC4, 0x39, 0xC4, 0x39, 0xC4, 0x39, 0xC4,
    0x39, 0xC4, 0x39, 0xC4, 0x39, 0xC4, 0x39, 0xC4, 0x39, 0xC4, 0x39, 0xC4, 0x39, 0xC4, 0x39, 0xC4,
    0x39, 0xC4, 0x39, 0xC4, 0x39, 0xC4, 0x39, 0xC4, 0x39, 0xC4, 0x39, 0xC4, 0x39, 0xC4, 0x39, 0xC4,
    0x39, 0xC4, 0x39, 0xC4, 0x39, 0xC4, 0x39, 0xC4, 0x39, 0xC4, 0x39, 0xC4, 0x39, 0xC4, 0x39, 0xC4,
    0x39, 0xC4, 0x39, 0xC4, 0x39, 0xC4, 0x39, 0xC4, 0x39, 0xC4, 0x39, 0xC4, 0x39, 0xC4, 0x39, 0xC4,
    0x39, 0xC4, 0x39, 0xC4, 0x39, 0xC4, 0x39, 0xC4, 0x39, 0xC4, 0x39, 0xC4, 0x39, 0xC4, 0x39, 0xC4,
    0x39, 0xC4, 0x39, 0xC4, 0x39, 0xC4, 0x39, 0xC4, 0x39, 0xC4, 0x39, 0xC4, 0x39, 0xC4, 0x39, 0xC4,
    0x39, 0xC4, 0x39, 0xC4, 0x39, 0xC4, 0x39, 0xC4, 0x39, 0xC4, 0x39, 0xC4, 0x39, 0xC4, 0x39, 0xC4,
    0x39, 0xC4, 0x39, 0xC4, 0x39, 0xC4, 0x39, 0xC4, 0x39, 0xC4, 0x39, 0xC4, 0x39, 0xC4, 0x39, 0xC4,
    0x39, 0xC4, 0x39, 0xC4, 0x39, 0xC4, 0x39, 0xC4, 0x39, 0xC4, 0x39, 0xC4, 0x39, 0xC4, 0x39, 0xC4,
    0x39, 0xC4, 0x39, 0xC4, 0x39, 0xC4, 0x39, 0xC4, 0x39, 0xC4, 0x39, 0xC4, 0x39, 0xC4, 0x39, 0xC4,
    0x39, 0xC4, 0x39, 0xC4, 0x39, 0xC4, 0x39, 0xC4, 0x39, 0xC4, 0x39, 0xC4, 0x39, 0xC4, 0x39, 0xC4,
    0x39, 0xC4, 0x39, 0xC4, 0x39, 0xC4, 0x39, 0xC4, 0x39, 0xC4, 0x39, 0xC4, 0x39, 0xC4, 0x39, 0xC4,
    0x39, 0xC4, 0x39, 0xC4, 0x39, 0xC4, 0x39, 0xC4, 0x39, 0xC4, 0x39, 0xC4, 0x39, 0xC4, 0x39, 0xC4,
    0x39, 0xC4, 0x39, 0xC4, 0x39, 0xC4, 0x39, 0xC4, 0x39, 0xC4, 0x39, 0xC4, 0x39, 0xC4, 0x39, 0xC4,
    0x39, 0xC4, 0x39, 0xC4, 0x39, 0xC4, 0x39, 0xC4, 0x39, 0xC4, 0x39, 0xC4, 0x39, 0xC4, 0x39, 0xC4,
    0x39, 0xC4, 0x39, 0xC4, 0x39, 0xC4, 0x39, 0xC4, 0x39, 0xC4, 0x39, 0xC4, 0x39, 0xC4, 0x39, 0xC4,
    0x39, 0xC4, 0x39, 0xC4, 0x39, 0xC4, 0x39, 0xC4, 0x39, 0xC4, 0x39, 0xC4, 0x39, 0xC4, 0x39, 0xC4,
    0x39, 0xC4, 0x39, 0xC4, 0x39, 0xC4, 0x39, 0xC4, 0x39, 0xC4, 0x39, 0xC4, 0x39, 0xC4, 0x39, 0xC4,
    0x39, 0xC4, 0x39, 0xC4, 0x39, 0xC4, 0x39, 0xC4, 0x39, 0xC4, 0x39, 0xC4, 0x39, 0xC4, 0x39, 0xC4,
    0x39, 0xC4, 0x39, 0xC4, 0x39, 0xC4, 0x39, 0xC4, 0x39, 0xC4, 0x39, 0xC4, 0x39, 0xC4, 0x39, 0xC4,
    0x39, 0xC4, 0x39, 0xC4, 0x39, 0xC4, 0x39, 0xC4, 0x39, 0xC4, 0x39, 0xC4, 0x39, 0xC4, 0x39, 0xC4,
    0x39, 0xC4, 0x39, 0xC4, 0x39, 0xC4, 0x39, 0xC4, 0x39, 0xC4, 0x39, 0xC4, 0x39, 0xC4, 0x39, 0xC4,
    0x39, 0xC4, 0x39, 0xC4, 0x39, 0xC4, 0x39, 0xC4, 0x39, 0xC4, 0x39, 0xC4, 0x39, 0xC4, 0x39, 0xC4,
    0x39, 0xC4, 0x39, 0xC4, 0x39, 0xC4, 0x39, 0xC4, 0x39, 0xC4, 0x39, 0xC4, 0x39, 0xC4, 0x39, 0xC4,
    0x39, 0xC4, 0x39, 0xC4, 0x39, 0xC4, 0x39, 0xC4, 0x39, 0xC4, 0x39, 0xC4, 0x39, 0xC4, 0x39, 0xC4,
    0x39, 0xC4, 0x39, 0xC4, 0x39, 0xC4, 0x39, 0xC4, 0x39, 0xC4, 0x39, 0xC4, 0x39, 0xC4, 0x39, 0xC4,
    0x39, 0xC4, 0x39, 0xC4, 0x39, 0xC4, 0x39, 0xC4, 0x39, 0xC4, 0x39, 0xC4, 0x39, 0xC4, 0x39, 0xC4,
    0x39, 0xC4, 0x39, 0xC4, 0x39, 0xC4, 0x39, 0xC4, 0x39, 0xC4, 0x39, 0xC4, 0x39, 0xC4, 0x39, 0xC4,
    0x39, 0xC4, 0x39, 0xC4, 0x39, 0xC4, 0x39, 0xC4, 0x39, 0xC4, 0x39, 0xC4, 0x39, 0xC4, 0x39, 0xC4,
    0x39, 0xC4, 0x39, 0xC4, 0x39, 0xC4, 0x39, 0xC4, 0x39, 0xC4, 0x39, 0xC4, 0x39, 0xC4, 0x39, 0xC4,
    0x39, 0xC4, 0x39, 0xC4, 0x39, 0xC4, 0x39, 0xC4, 0x39, 0xC4, 0x39, 0xC4, 0x39, 0xC4, 0x39, 0xC4,
    0x39, 0xC4, 0x39, 0xC4, 0x39, 0xC4, 0x39, 0xC4, 0x39, 0xC4, 0x39, 0xC4, 0x39, 0xC4, 0x39, 0xC4,
    0x39, 0xC4, 0x39, 0xC4, 0x39, 0xC4, 0x39, 0xC4, 0x39, 0xC4, 0x39, 0xC4, 0x39, 0xC4, 0x39, 0xC4,
    0x39, 0xC4, 0x39, 0xC4, 0x39, 0xC4, 0x39, 0xC4, 0x39, 0xC4, 0x39, 0xC4, 0x39, 0xC4, 0x39, 0xC4,
    0x39, 0xC4, 0x39, 0xC4, 0x39, 0xC4, 0x39, 0xC4, 0x39, 0xC4, 0x39, 0xC4, 0x39, 0xC4, 0x39, 0xC4,
    0x39, 0xC4, 0x39, 0xC4, 0x39, 0xC4, 0x39, 0xC4, 0x39, 0xC4, 0x39, 0xC4, 0x39, 0xC4, 0x39, 0xC4,
    0x39, 0xC4, 0x39, 0xC4, 0x39, 0xC4, 0x39, 0xC4, 0x39, 0xC4, 0x39, 0xC4, 0x39, 0xC4, 0x39, 0xC4,
    0x39, 0xC4, 0x39, 0xC4, 0x39, 0xC4, 0x39, 0xC4, 0x39, 0xC4, 0x39, 0xC4, 0x39, 0xC4, 0x39, 0xC4,
    0x39, 0xC4, 0x39, 0xC4, 0x39, 0xC4, 0x39, 0xC4, 0x39, 0xC4, 0x39, 0xC4, 0x39, 0xC4, 0x39, 0xC4,
    0x39, 0xC4, 0x39, 0xC4, 0x39, 0xC4, 0x39, 0xC4, 0x39, 0xC4, 0x39, 0xC4, 0x39, 0xC4, 0x39, 0xC4,
    0x39, 0xC4, 0x39, 0xC4, 0x39, 0xC4, 0x39, 0xC4, 0x39, 0xC4, 0x39, 0xC4, 0x39, 0xC4, 0x39, 0xC4,
    0x39, 0xC4, 0x39, 0xC4, 0x39, 0xC4, 0x39, 0xC4, 0x39, 0xC4, 0x39, 0xC4, 0x39, 0xC4, 0x39, 0xC4,
    0x39, 0xC4, 0x39, 0xC4, 0x39, 0xC4, 0x39, 0xC4, 0x39, 0xC4, 0x39, 0xC4, 0x39, 0xC4, 0x39, 0xC4,
    0x39, 0xC4, 0x39, 0xC4, 0x39, 0xC4, 0x39, 0xC4, 0x39, 0xC4, 0x39, 0xC4, 0x39, 0xC4, 0x39, 0xC4,
    0x39, 0xC4, 0x39, 0xC4, 0x39, 0xC4, 0x39, 0xC4, 0x39, 0xC4, 0x39, 0xC4, 0x39, 0xC4, 0x39, 0xC4,
    0x39, 0xC4, 0x39, 0xC4, 0x39, 0xC4, 0x39, 0xC4, 0x39, 0xC4, 0x39, 0xC4, 0x39, 0xC4, 0x39, 0xC4,
    0x39, 0xC4, 0x39, 0xC4, 0x39, 0xC4, 0x39, 0xC4, 0x39, 0xC4, 0x39, 0xC4, 0x39, 0xC4, 0x39, 0xC4,
    0x39, 0xC4, 0x39, 0xC4, 0x39, 0xC4, 0x39, 0xC4, 0x39, 0xC4, 0x39, 0xC4, 0x39, 0xC4, 0x39, 0xC4,
    0x39, 0xC4, 0x39, 0xC4, 0x39, 0xC4, 0x39, 0xC4, 0x39, 0xC4, 0x39, 0xC4, 0x39, 0xC4, 0x39, 0xC4,
    0x39, 0xC4, 0x39, 0xC4, 0x39, 0xC4, 0x39, 0xC4, 0x39, 0xC4, 0x39, 0xC4, 0x39, 0xC4, 0x39, 0xC4,
    0x39, 0xC4, 0x39, 0xC4, 0x39, 0xC4, 0x39, 0xC4, 0x39, 0xC4, 0x39, 0xC4, 0x39, 0xC4, 0x39, 0xC4,
    0x39, 0xC4, 0x39, 0xC4, 0x39, 0xC4, 0x39, 0xC4, 0x39, 0xC4, 0x39, 0xC4, 0x39, 0xC4, 0x39, 0xC4,
    0x39, 0xC4, 0x39, 0xC4, 0x39, 0xC4, 0x39, 0xC4, 0x39, 0xC4, 0x39, 0xC4, 0x39, 0xC4, 0x39, 0xC4,
    0x39, 0xC4, 0x39, 0xC4, 0x39, 0xC4, 0x39, 0xC4, 0x39, 0xC4, 0x39, 0xC4, 0x39, 0xC4, 0x39, 0xC4,
    0x39, 0xC4, 0x39, 0xC4, 0x39, 0xC4, 0x39, 0xC4, 0x39, 0xC4, 0x39, 0xC4, 0x39, 0xC4, 0x39, 0xC4,
    0x39, 0xC4, 0x39, 0xC4, 0x39, 0xC4, 0x39, 0xC4, 0x39, 0xC4, 0x39, 0xC4, 0x39, 0xC4, 0x39, 0xC4,
    0x39, 0xC4, 0x39, 0xC4, 0x39, 0xC4, 0x39, 0xC4, 0x39, 0xC4, 0x39, 0xC4, 0x39, 0xC4, 0x39, 0xC4,
    0x39, 0xC4, 0x39, 0xC4, 0x39, 0xC4, 0x39, 0xC4, 0x39, 0xC4, 0x39, 0xC4, 0x39, 0xC4, 0x39, 0xC4,
    0x39, 0xC4, 0x39, 0xC4, 0x39, 0xC4, 0x39, 0xC4, 0x39, 0xC4, 0x39, 0xC4, 0x39, 0xC4, 0x39, 0xC4,
    0x39, 0xC4, 0x39, 0xC4, 0x39, 0xC4, 0x39, 0xC4, 0x39, 0xC4, 0x39, 0xC4, 0x39, 0xC4, 0x39, 0xC4,
    0x39, 0xC4, 0x39, 0xC4, 0x39, 0xC4, 0x39, 0xC4, 0x39, 0xC4, 0x39, 0xC4, 0x39, 0xC4, 0x39, 0xC4,
    0x39, 0xC4, 0x39, 0xC4, 0x39, 0xC4, 0x39, 0xC4, 0x39, 0xC4, 0x39, 0xC4, 0x39, 0xC4, 0x39, 0xC4,
    0x39, 0xC4, 0x39, 0xC4, 0x39, 0xC4, 0x39, 0xC4, 0x39, 0xC4, 0x39, 0xC4, 0x39, 0xC4, 0x39, 0xC4,
    0x39, 0xC4, 0x39, 0xC4, 0x39, 0xC4, 0x39, 0xC4, 0x39, 0xC4, 0x39, 0xC4, 0x39, 0xC4, 0x39, 0xC4,
    0x39, 0xC4, 0x39, 0xC4, 0x39, 0xC4, 0x39, 0xC4, 0x39, 0xC4, 0x39, 0xC4, 0x39, 0xC4, 0x39, 0xC4,
    0x39, 0xC4, 0x39, 0xC4, 0x39, 0xC4, 0x39, 0xC4, 0x39, 0xC4, 0x39, 0xC4, 0x39, 0xC4, 0x39, 0xC4,
    0x39, 0xC4, 0x39, 0xC4, 0x39, 0xC4, 0x39, 0xC4, 0x39, 0xC4, 0x39, 0xC4, 0x39, 0xC4, 0x39, 0xC4,
    0x39, 0xC4, 0x39, 0xC4, 0x39, 0xC4, 0x39, 0xC4, 0x39, 0xC4, 0x39, 0xC4, 0x39, 0xC4, 0x39, 0xC4,
    0x39, 0xC4, 0x39, 0xC4, 0x39, 0xC4, 0x39, 0xC4, 0x39, 0xC4, 0x39, 0xC4, 0x39, 0xC4, 0x39, 0xC4,
    0x39, 0xC4, 0x39, 0xC4, 0x39, 0xC4, 0x39, 0xC4, 0x39, 0xC4, 0x39, 0xC4, 0x39, 0xC4, 0x39, 0xC4,
    0x39, 0xC4, 0x39, 0xC4, 0x39, 0xC4, 0x39, 0xC4, 0x39, 0xC4, 0x39, 0xC4, 0x39, 0xC4, 0x39, 0xC4,
    0x39, 0xC4, 0x39, 0xC4, 0x39, 0xC4, 0x39, 0xC4, 0x39, 0xC4, 0x39, 0xC4, 0x39, 0xC4, 0x39, 0xC4,
    0x39, 0xC4, 0x39, 0xC4, 0x39, 0xC4, 0x39, 0xC4, 0x39, 0xC4, 0x39, 0xC4, 0x39, 0xC4, 0x39, 0xC4,
    0x39, 0xC4, 0x39, 0xC4, 0x39, 0xC4, 0x39, 0xC4, 0x39, 0xC4, 0x39, 0xC4, 0x39, 0xC4, 0x39, 0xC4,
    0x39, 0xC4, 0x39, 0xC4, 0x39, 0xC4, 0x39, 0xC4, 0x39, 0xC4, 0x39, 0xC4, 0x39, 0xC4, 0x39, 0xC4,
    0x39, 0xC4, 0x39, 0xC4, 0x39, 0xC4, 0x39, 0xC4, 0x39, 0xC4, 0x39, 0xC4, 0x39, 0xC4, 0x39, 0xC4,
    0x39, 0xC4, 0x39, 0xC4, 0x39, 0xC4, 0x39, 0xC4, 0x39, 0xC4, 0x39, 0xC4, 0x39, 0xC4, 0x39, 0xC4,
    0x39, 0xC4, 0x39, 0xC4, 0x39, 0xC4, 0x39, 0xC4, 0x39, 0xC4, 0x39, 0xC4, 0x39, 0xC4, 0x39, 0xC4,
    0x39, 0xC4, 0x39, 0xC4, 0x39, 0xC4, 0x39, 0xC4, 0x39, 0xC4, 0x39, 0xC4, 0x39, 0xC4, 0x39, 0xC4,
    0x39, 0xC4, 0x39, 0xC4, 0x39, 0xC4, 0x39, 0xC4, 0x39, 0xC4, 0x39, 0xC4, 0x39, 0xC4, 0x39, 0xC4,
    0x39, 0xC4, 0x39, 0xC4, 0x39, 0xC4, 0x39, 0xC4, 0x39, 0xC4, 0x39, 0xC4, 0x39, 0xC4, 0x39, 0xC4,
    0x39, 0xC4, 0x39, 0xC4, 0x39, 0xC4, 0x39, 0xC4, 0x39, 0xC4, 0x39, 0xC4, 0x39, 0xC4, 0x39, 0xC4,
    0x39, 0xC4, 0x39, 0xC4, 0x39, 0xC4, 0x39, 0xC4, 0x39, 0xC4, 0x39, 0xC4, 0x39, 0xC4, 0x39, 0xC4,
    0x39, 0xC4, 0x39, 0xC4, 0x39, 0xC4, 0x39, 0xC4, 0x39, 0xC4, 0x39, 0xC4, 0x39, 0xC4, 0x39, 0xC4,
    0x39, 0xC4, 0x39, 0xC4, 0x39, 0xC4, 0x39, 0xC4, 0x39, 0xC4, 0x39, 0xC4, 0x39, 0xC4, 0x39, 0xC4,
    0x39, 0xC4, 0x39, 0xC4, 0x39, 0xC4, 0x39, 0xC4, 0x39, 0xC4, 0x39, 0xC4, 0x39, 0xC4, 0x39, 0xC4,
    0x39, 0xC4, 0x39, 0xC4, 0x39, 0xC4, 0x39, 0xC4, 0x39, 0xC4, 0x39, 0xC4, 0x39, 0xC4, 0x39, 0xC4,
    0x39, 0xC4, 0x39, 0xC4, 0x39, 0xC4, 0x39, 0xC4, 0x39, 0xC4, 0x39, 0xC4, 0x39, 0xC4, 0x39, 0xC4,
    0x39, 0xC4, 0x39, 0xC4, 0x39, 0xC4, 0x39, 0xC4, 0x39, 0xC4, 0x39, 0xC4, 0x39, 0xC4, 0x39, 0xC4,
    0x39, 0xC4, 0x39, 0xC4, 0x39, 0xC4, 0x39, 0xC4, 0x39, 0xC4, 0x39, 0xC4, 0x39, 0xC4, 0x39, 0xC4,
    0x39, 0xC4, 0x39, 0xC4, 0x39, 0xC4, 0x39, 0xC4, 0x39, 0xC4, 0x39, 0xC4, 0x39, 0xC4, 0x39, 0xC4,
    0x39, 0xC4, 0x39, 0xC4, 0x39, 0xC4, 0x39, 0xC4, 0x39, 0xC4, 0x39, 0xC4, 0x39, 0xC4, 0x39, 0xC4,
    0x39, 0xC4, 0x39, 0xC4, 0x39, 0xC4, 0x39, 0xC4, 0x39, 0xC4, 0x39, 0xC4, 0x39, 0xC4, 0x39, 0xC4,
    0x39, 0xC4, 0x39, 0xC4, 0x39, 0xC4, 0x39, 0xC4, 0x39, 0xC4, 0x39, 0xC4, 0x39, 0xC4, 0x39, 0xC4,
    0x39, 0xC4, 0x39, 0xC4, 0x39, 0xC4, 0x39, 0xC4, 0x39, 0xC4, 0x39, 0xC4, 0x39, 0xC4, 0x39, 0xC4,
    0x39, 0xC4, 0x39, 0xC4, 0x39, 0xC4, 0x39, 0xC4, 0x39, 0xC4, 0x39, 0xC4, 0x39, 0xC4, 0x39, 0xC4,
    0x39, 0xC4, 0x39, 0xC4, 0x39, 0xC4, 0x39, 0xC4, 0x39, 0xC4, 0x39, 0xC4, 0x39, 0xC4, 0x39, 0xC4,
    0x39, 0xC4, 0x39, 0xC4, 0x39, 0xC4, 0x39, 0xC4, 0x39, 0xC4, 0x39, 0xC4, 0x39, 0xC4, 0x39, 0xC4,
    0x39, 0xC4, 0x39, 0xC4, 0x39, 0xC4, 0x39, 0xC4, 0x39, 0xC4, 0x39, 0xC4, 0x39, 0xC4, 0x39, 0xC4,
    0x39, 0xC4, 0x39, 0xC4, 0x39, 0xC4, 0x39, 0xC4, 0x39, 0xC4, 0x39, 0xC4, 0x39, 0xC4, 0x39, 0xC4,
    0x39, 0xC4, 0x39, 0xC4, 0x39, 0xC4, 0x39, 0xC4, 0x39, 0xC4, 0x39, 0xC4, 0x39, 0xC4, 0x39, 0xC4,
    0x39, 0xC4, 0x39, 0xC4, 0x39, 0xC4, 0x39, 0xC4, 0x39, 0xC4, 0x39, 0xC4, 0x39, 0xC4, 0x39, 0xC4,
    0x39, 0xC4, 0x39, 0xC4, 0x39, 0xC4, 0x39, 0xC4, 0x39, 0xC4, 0x39, 0xC4, 0x39, 0xC4, 0x39, 0xC4,
    0x39, 0xC4, 0x39, 0xC4, 0x39, 0xC4, 0x39, 0xC4, 0x39, 0xC4, 0x39, 0xC4, 0x39, 0xC4, 0x39, 0xC4,
    0x39, 0xC4, 0x39, 0xC4, 0x39, 0xC4, 0x39, 0xC4, 0x39, 0xC4, 0x39, 0xC4, 0x39, 0xC4, 0x39, 0xC4,
    0x39, 0xC4, 0x39, 0xC4, 0x39, 0xC4, 0x39, 0xC4, 0x39, 0xC4, 0x39, 0xC4, 0x39, 0xC4, 0x39, 0xC4,
    0x39, 0xC4, 0x39, 0xC4, 0x39, 0xC4, 0x39, 0xC4, 0x39, 0xC4, 0x39, 0xC4, 0x39, 0xC4, 0x39, 0xC4,
    0x39, 0xC4, 0x39, 0xC4, 0x39, 0xC4, 0x39, 0xC4, 0x39, 0xC4, 0x39, 0xC4, 0x39, 0xC4, 0x39, 0xC4,
    0x39, 0xC4, 0x39, 0xC4, 0x39, 0xC4, 0x39, 0xC4, 0x39, 0xC4, 0x39, 0xC4, 0x39, 0xC4, 0x39, 0xC4,
    0x39, 0xC4, 0x39, 0xC4, 0x39, 0xC4, 0x39, 0xC4, 0x39, 0xC4, 0x39, 0xC4, 0x39, 0xC4, 0x39, 0xC4,
    0x39, 0xC4, 0x39, 0xC4, 0x39, 0xC4, 0x39, 0xC4, 0x39, 0xC4, 0x39, 0xC4, 0x39, 0xC4, 0x39, 0xC4,
    0x39, 0xC4, 0x39, 0xC4, 0x39, 0xC4, 0x39, 0xC4, 0x39, 0xC4, 0x39, 0xC4, 0x39, 0xC4, 0x39, 0xC4,
    0x39, 0xC4, 0x39, 0xC4, 0x39, 0xC4, 0x39, 0xC4, 0x39, 0xC4, 0x39, 0xC4, 0x39, 0xC4, 0x39, 0xC4,
    0x39, 0xC4, 0x39, 0xC4, 0x39, 0xC4, 0x39, 0xC4, 0x39, 0xC4, 0x39, 0xC4, 0x39, 0xC4, 0x39, 0xC4,
    0x39, 0xC4, 0x39, 0xC4, 0x39, 0xC4, 0x39, 0xC4, 0x39, 0xC4, 0x39, 0xC4, 0x39, 0xC4, 0x39, 0xC4,
    0x39, 0xC4, 0x39, 0xC4, 0x39, 0xC4, 0x39, 0xC4, 0x39, 0xC4, 0x39, 0xC4, 0x39, 0xC4, 0x39, 0xC4,
    0x39, 0xC4, 0x39, 0xC4, 0x39, 0xC4, 0x39, 0xC4, 0x39, 0xC4, 0x39, 0xC4, 0x39, 0xC4, 0x39, 0xC4,
    0x39, 0xC4, 0x39, 0xC4, 0x39, 0xC4, 0x39, 0xC4, 0x39, 0xC4, 0x39, 0xC4, 0x39, 0xC4, 0x39, 0xC4,
    0x39, 0xC4, 0x39, 0xC4, 0x39, 0xC4, 0x39, 0xC4, 0x39, 0xC4, 0x39, 0xC4, 0x39, 0xC4, 0x39, 0xC4,
    0x39, 0xC4, 0x39, 0xC4, 0x39, 0xC4, 0x39, 0xC4, 0x39, 0xC4, 0x39, 0xC4, 0x39, 0xC4, 0x39, 0xC4,
    0x39, 0xC4, 0x39, 0xC4, 0x39, 0xC4, 0x39, 0xC4, 0x39, 0xC4, 0x39, 0xC4, 0x39, 0xC4, 0x39, 0xC4,
    0x39, 0xC4, 0x39, 0xC4, 0x39, 0xC4, 0x39, 0xC4, 0x39, 0xC4, 0x39, 0xC4, 0x39, 0xC4, 0x39, 0xC4,
    0x39, 0xC4, 0x39, 0xC4, 0x39, 0xC4, 0x39, 0xC4, 0x39, 0xC4, 0x39, 0xC4, 0x39, 0xC4, 0x39, 0xC4,
    0x39, 0xC4, 0x39, 0xC4, 0x39, 0xC4, 0x39, 0xC4, 0x39, 0xC4, 0x39, 0xC4, 0x39, 0xC4, 0x39, 0xC4,
    0x39, 0xC4, 0x39, 0xC4, 0x39, 0xC4, 0x39, 0xC4, 0x39, 0xC4, 0x39, 0xC4, 0x39, 0xC4, 0x39, 0xC4,
    0x39, 0xC4, 0x39, 0xC4, 0x39, 0xC4, 0x39, 0xC4, 0x39, 0xC4, 0x39, 0xC4, 0x39, 0xC4, 0x39, 0xC4,
    0x39, 0xC4, 0x39, 0xC4, 0x39, 0xC4, 0x39, 0xC4, 0x39, 0xC4, 0x39, 0xC4, 0x39, 0xC4, 0x39, 0xC4,
    0x39, 0xC4, 0x39, 0xC4, 0x39, 0xC4, 0x39, 0xC4, 0x39, 0xC4, 0x39, 0xC4, 0x39, 0xC4, 0x39, 0xC4,
    0x39, 0xC4, 0x39, 0xC4, 0x39, 0xC4, 0x39, 0xC4, 0x39, 0xC4, 0x39, 0xC4, 0x39, 0xC4, 0x39, 0xC4,
    0x39, 0xC4, 0x39, 0xC4, 0x39, 0xC4, 0x39, 0xC4, 0x39, 0xC4, 0x39, 0xC4, 0x39, 0xC4, 0x39, 0xC4,
    0x39, 0xC4, 0x39, 0xC4, 0x39, 0xC4, 0x39, 0xC4, 0x39, 0xC4, 0x39, 0xC4, 0x39, 0xC4, 0x39, 0xC4,
    0x39, 0xC4, 0x39, 0xC4, 0x39, 0xC4, 0x39, 0xC4, 0x39, 0xC4, 0x39, 0xC4, 0x39, 0xC4, 0x39, 0xC4,
    0x39, 0xC4, 0x39, 0xC4, 0x39, 0xC4, 0x39, 0xC4, 0x39, 0xC4, 0x39, 0xC4, 0x39, 0xC4, 0x39, 0xC4,
    0x39, 0xC4, 0x39, 0xC4, 0x39, 0xC4, 0x39, 0xC4, 0x39, 0xC4, 0x39, 0xC4, 0x39, 0xC4, 0x39, 0xC4,
    0x39, 0xC4, 0x39, 0xC4, 0x39, 0xC4, 0x39, 0xC4, 0x39, 0xC4, 0x39, 0xC4, 0x39, 0xC4, 0x39, 0xC4,
    0x39, 0xC4, 0x39, 0xC4, 0x39, 0xC4, 0x39, 0xC4, 0x39, 0xC4, 0x39, 0xC4, 0x39, 0xC4, 0x39, 0xC4,
    0x39, 0xC4, 0x39, 0xC4, 0x39, 0xC4, 0x39, 0xC4, 0x39, 0xC4, 0x39, 0xC4, 0x39, 0xC4, 0x39, 0xC4,
    0x39, 0xC4, 0x39, 0xC4, 0x39, 0xC4, 0x39, 0xC4, 0x39, 0xC4, 0x39, 0xC4, 0x39, 0xC4, 0x39, 0xC4,
    0x39, 0xC4, 0x39, 0xC4, 0x39, 0xC4, 0x39, 0xC4, 0x39, 0xC4, 0x39, 0xC4, 0x39, 0xC4, 0x39, 0xC4,
    0x39, 0xC4, 0x39, 0xC4, 0x39, 0xC4, 0x39, 0xC4, 0x39, 0xC4, 0x39, 0xC4, 0x39, 0xC4, 0x39, 0xC4,
    0x39, 0xC4, 0x39, 0xC4, 0x39, 0xC4, 0x39, 0xC4, 0x39, 0xC4, 0x39, 0xC4, 0x39, 0xC4, 0x39, 0xC4,
    0x39, 0xC4, 0x39, 0xC4, 0x39, 0xC4, 0x39, 0xC4, 0x39, 0xC4, 0x39, 0xC4, 0x39, 0xC4, 0x39, 0xC4,
    0x39, 0xC4, 0x39, 0xC4, 0x39, 0xC4, 0x39, 0xC4, 0x39, 0xC4, 0x39, 0xC4, 0x39, 0xC4, 0x39, 0xC4,
    0x39, 0xC4, 0x39, 0xC4, 0x39, 0xC4, 0x39, 0xC4, 0x39, 0xC4, 0x39, 0xC4, 0x39, 0xC4, 0x39, 0xC4,
    0x39, 0xC4, 0x39, 0xC4, 0x39, 0xC4, 0x39, 0xC4, 0x39, 0xC4, 0x39, 0xC4, 0x39, 0xC4, 0x39, 0xC4,
    0x39, 0xC4, 0x39, 0xC4, 0x39, 0xC4, 0x39, 0xC4, 0x39, 0xC4, 0x39, 0xC4, 0x39, 0xC4, 0x39, 0xC4,
    0x39, 0xC4, 0x39, 0xC4, 0x39, 0xC4, 0x39, 0xC4, 0x39, 0xC4, 0x39, 0xC4, 0x39, 0xC4, 0x39, 0xC4,
    0x39, 0xC4, 0x39, 0xC4, 0x39, 0xC4, 0x39, 0xC4, 0x39, 0xC4, 0x39, 0xC4, 0x39, 0xC4, 0x39, 0xC4,
    0x39, 0xC4, 0x39, 0xC4, 0x39, 0xC4, 0x39, 0xC4, 0x39, 0xC4, 0x39, 0xC4, 0x39, 0xC4, 0x39, 0xC4,
    0x39, 0xC4, 0x39, 0xC4, 0x39, 0xC4, 0x39, 0xC4, 0x39, 0xC4, 0x39, 0xC4, 0x39, 0xC4, 0x39, 0xC4,
    0x39, 0xC4, 0x39, 0xC4, 0x39, 0xC4, 0x39, 0xC4, 0x39, 0xC4, 0x39, 0xC4, 0x39, 0xC4, 0x39, 0xC4,
    0x39, 0xC4, 0x39, 0xC4, 0x39, 0xC4, 0x39, 0xC4, 0x39, 0xC4, 0x39, 0xC4, 0x39, 0xC4, 0x39, 0xC4,
    0x39, 0xC4, 0x39, 0xC4, 0x39, 0xC4, 0x39, 0xC4, 0x39, 0xC4, 0x39, 0xC4, 0x39, 0xC4, 0x39, 0xC4,
    0x39, 0xC4, 0x39, 0xC4, 0x39, 0xC4, 0x39, 0xC4, 0x39, 0xC4, 0x39, 0xC4, 0x39, 0xC4, 0x39, 0xC4,
    0x39, 0xC4, 0x39, 0xC4, 0x39, 0xC4, 0x39, 0xC4, 0x39, 0xC4, 0x39, 0xC4, 0x39, 0xC4, 0x39, 0xC4,
    0x39, 0xC4, 0x39, 0xC4, 0x39, 0xC4, 0x39, 0xC4, 0x39, 0xC4, 0x39, 0xC4, 0x39, 0xC4, 0x39, 0xC4,
    0x39, 0xC4, 0x39, 0xC4, 0x39, 0xC4, 0x39, 0xC4, 0x39, 0xC4, 0x39, 0xC4, 0x39, 0xC4, 0x39, 0xC4,
    0x39, 0xC4, 0x39, 0xC4, 0x39, 0xC4, 0x39, 0xC4, 0x39, 0xC4, 0x39, 0xC4, 0x39, 0xC4, 0x39, 0xC4,
    0x39, 0xC4, 0x39, 0xC4, 0x39, 0xC4, 0x39, 0xC4, 0x39, 0xC4, 0x39, 0xC4, 0x39, 0xC4, 0x39, 0xC4,
    0x39, 0xC4, 0x39, 0xC4, 0x39, 0xC4, 0x39, 0xC4, 0x39, 0xC4, 0x39, 0xC4, 0x39, 0xC4, 0x39, 0xC4,
    0x39, 0xC4, 0x39, 0xC4, 0x39, 0xC4, 0x39, 0xC4, 0x39, 0xC4, 0x39, 0xC4, 0x39, 0xC4, 0x39, 0xC4,
    0x39, 0xC4, 0x39, 0xC4, 0x39, 0xC4, 0x39, 0xC4, 0x39, 0xC4, 0x39, 0xC4, 0x39, 0xC4, 0x39, 0xC4,
    0x39, 0xC4, 0x39, 0xC4, 0x39, 0xC4, 0x39, 0xC4, 0x39, 0xC4, 0x39, 0xC4, 0x39, 0xC4, 0x39, 0xC4,
    0x39, 0xC4, 0x39, 0xC4, 0x39, 0xC4, 0x39, 0xC4, 0x39, 0xC4, 0x39, 0xC4, 0x39, 0xC4, 0x39, 0xC4,
    0x39, 0xC4, 0x39, 0xC4, 0x39, 0xC4, 0x39, 0xC4, 0x39, 0xC4, 0x39, 0xC4, 0x39, 0xC4, 0x39, 0xC4,
    0x39, 0xC4, 0x39, 0xC4, 0x39, 0xC4, 0x39, 0xC4, 0x39, 0xC4, 0x39, 0xC4, 0x39, 0xC4, 0x39, 0xC4,
    0x39, 0xC4, 0x39, 0xC4, 0x39, 0xC4, 0x39, 0xC4, 0x39, 0xC4, 0x39, 0xC4, 0x39, 0xC4, 0x39, 0xC4,
    0x39, 0xC4, 0x39, 0xC4, 0x39, 0xC4, 0x39, 0xC4, 0x39, 0xC4, 0x39, 0xC4, 0x39, 0xC4, 0x39, 0xC4,
    0x39, 0xC4, 0x39, 0xC4, 0x39, 0xC4, 0x39, 0xC4, 0x39, 0xC4, 0x39, 0xC4, 0x39, 0xC4, 0x39, 0xC4,
    0x39, 0xC4, 0x39, 0xC4, 0x39, 0xC4, 0x39, 0xC4, 0x39, 0xC4, 0x39, 0xC4, 0x39, 0xC4, 0x39, 0xC4,
    0x39, 0xC4, 0x39, 0xC4, 0x39, 0xC4, 0x39, 0xC4, 0x39, 0xC4, 0x39, 0xC4, 0x39, 0xC4, 0x39, 0xC4,
    0x39, 0xC4, 0x39, 0xC4, 0x39, 0xC4, 0x39, 0xC4, 0x39, 0xC4, 0x39, 0xC4, 0x39, 0xC4, 0x39, 0xC4,
    0x39, 0xC4, 0x39, 0xC4, 0x39, 0xC4, 0x39, 0xC4, 0x39, 0xC4, 0x39, 0xC4, 0x39, 0xC4, 0x39, 0xC4,
    0x39, 0xC4, 0x39, 0xC4, 0x39, 0xC4, 0x39, 0xC4, 0x39, 0xC4, 0x39, 0xC4, 0x39, 0xC4, 0x39, 0xC4,
    0x39, 0xC4, 0x39, 0xC4, 0x39, 0xC4, 0x39, 0xC4, 0x39, 0xC4, 0x39, 0xC4, 0x39, 0xC4, 0x39, 0xC4,
    0x39, 0xC4, 0x39, 0xC4, 0x39, 0xC4, 0x39, 0xC4, 0x39, 0xC4, 0x39, 0xC4, 0x39, 0xC4, 0x39, 0xC4,
    0x39, 0xC4, 0x39, 0xC4, 0x39, 0xC4, 0x39, 0xC4, 0x39, 0xC4, 0x39, 0xC4, 0x39, 0xC4, 0x39, 0xC4,
    0x39, 0xC4, 0x39, 0xC4, 0x39, 0xC4, 0x39, 0xC4, 0x39, 0xC4, 0x39, 0xC4, 0x39, 0xC4, 0x39, 0xC4,
    0x39, 0xC4, 0x39, 0xC4, 0x39, 0xC4, 0x39, 0xC4, 0x39, 0xC4, 0x39, 0xC4, 0x39, 0xC4, 0x39, 0xC4,
    0x39, 0xC4, 0x39, 0xC4, 0x39, 0xC4, 0x39, 0xC4, 0x39, 0xC4, 0x39, 0xC4, 0x39, 0xC4, 0x39, 0xC4,
    0x39, 0xC4, 0x39, 0xC4, 0x39, 0xC4, 0x39, 0xC4, 0x39, 0xC4, 0x39, 0xC4, 0x39, 0xC4, 0x39, 0xC4,
    0x39, 0xC4, 0x39, 0xC4, 0x39, 0xC4, 0x39, 0xC4, 0x39, 0xC4, 0x39, 0xC4, 0x39, 0xC4, 0x39, 0xC4,
    0x39, 0xC4, 0x39, 0xC4, 0x39, 0xC4, 0x39, 0xC4, 0x39, 0xC4, 0x39, 0xC4, 0x39, 0xC4, 0x39, 0xC4,
    0x39, 0xC4, 0x39, 0xC4, 0x39, 0xC4, 0x39, 0xC4, 0x39, 0xC4, 0x39, 0xC4, 0x39, 0xC4, 0x39, 0xC4,
    0x39, 0xC4, 0x39, 0xC4, 0x39, 0xC4, 0x39, 0xC4, 0x39, 0xC4, 0x39, 0xC4, 0x39, 0xC4, 0x39, 0xC4,
    0x39, 0xC4, 0x39, 0xC4, 0x39, 0xC4, 0x39, 0xC4, 0x39, 0xC4, 0x39, 0xC4, 0x39, 0xC4, 0x39, 0xC4,
    0x39, 0xC4, 0x39, 0xC4, 0x39, 0xC4, 0x39, 0xC4, 0x39, 0xC4, 0x39, 0xC4, 0x39, 0xC4, 0x39, 0xC4,
    0x39, 0xC4, 0x39, 0xC4, 0x39, 0xC4, 0x39, 0xC4, 0x39, 0xC4, 0x39, 0xC4, 0x39, 0xC4, 0x39, 0xC4,
    0x39, 0xC4, 0x39, 0xC4, 0x39, 0xC4, 0x39, 0xC4, 0x39, 0xC4, 0x39, 0xC4, 0x39, 0xC4, 0x39, 0xC4,
    0x39, 0xC4, 0x39, 0xC4, 0x39, 0xC4, 0x39, 0xC4, 0x39, 0xC4, 0x39, 0xC4, 0x39, 0xC4, 0x39, 0xC4,
    0x39, 0xC4, 0x39, 0xC4, 0x39, 0xC4, 0x39, 0xC4, 0x39, 0xC4, 0x39, 0xC4, 0x39, 0xC4, 0x39, 0xC4,
    0x39, 0xC4, 0x39, 0xC4, 0x39, 0xC4, 0x39, 0xC4, 0x39, 0xC4, 0x39, 0xC4, 0x39, 0xC4, 0x39, 0xC4,
    0x39, 0xC4, 0x39, 0xC4, 0x39, 0xC4, 0x39, 0xC4, 0x39, 0xC4, 0x39, 0xC4, 0x39, 0xC4, 0x39, 0xC4,
    0x39, 0xC4, 0x39, 0xC4, 0x39, 0xC4, 0x39, 0xC4, 0x39, 0xC4, 0x39, 0xC4, 0x39, 0xC4, 0x39, 0xC4,
    0x39, 0xC4, 0x39, 0xC4, 0x39, 0xC4, 0x39, 0xC4, 0x39, 0xC4, 0x39, 0xC4, 0x39, 0xC4, 0x39, 0xC4,
    0x39, 0xC4, 0x39, 0xC4, 0x39, 0xC4, 0x39, 0xC4, 0x39, 0xC4, 0x39, 0xC4, 0x39, 0xC4, 0x39, 0xC4,
    0x39, 0xC4, 0x39, 0xC4, 0x39, 0xC4, 0x39, 0xC4, 0x39, 0xC4, 0x39, 0xC4, 0x39, 0xC4, 0x39, 0xC4,
    0x39, 0xC4, 0x39, 0xC4, 0x39, 0xC4, 0x39, 0xC4, 0x39, 0xC4, 0x39, 0xC4, 0x39, 0xC4, 0x39, 0xC4,
    0x39, 0xC4, 0x39, 0xC4, 0x39, 0xC4, 0x39, 0xC4, 0x39, 0xC4, 0x39, 0xC4, 0x39, 0xC4, 0x39, 0xC4,
    0x39, 0xC4, 0x39, 0xC4, 0x39, 0xC4, 0x39, 0xC4, 0x39, 0xC4, 0x39, 0xC4, 0x39, 0xC4, 0x39, 0xC4,
    0x39, 0xC4, 0x39, 0xC4, 0x39, 0xC4, 0x39, 0xC4, 0x39, 0xC4, 0x39, 0xC4, 0x39, 0xC4, 0x39, 0xC4,
    0x39, 0xC4, 0x39, 0xC4, 0x39, 0xC4, 0x39, 0xC4, 0x39, 0xC4, 0x39, 0xC4, 0x39, 0xC4, 0x39, 0xC4,
    0x39, 0xC4, 0x39, 0xC4, 0x39, 0xC4, 0x39, 0xC4, 0x39, 0xC4, 0x39, 0xC4, 0x39, 0xC4, 0x39, 0xC4,
    0x39, 0xC4, 0x39, 0xC4, 0x39, 0xC4, 0x39, 0xC4, 0x39, 0xC4, 0x39, 0xC4, 0x39, 0xC4, 0x39, 0xC4,
    0x39, 0xC4, 0x39, 0xC4, 0x39, 0xC4, 0x39, 0xC4, 0x39, 0xC4, 0x39, 0xC4, 0x39, 0xC4, 0x39, 0xC4,
    0x39, 0xC4, 0x39, 0xC4, 0x39, 0xC4, 0x39, 0xC4, 0x39, 0xC4, 0x39, 0xC4, 0x39, 0xC4, 0x39, 0xC4,
    0x39, 0xC4, 0x39, 0xC4, 0x39, 0xC4, 0x39, 0xC4, 0x39, 0xC4, 0x39, 0xC4, 0x39, 0xC4, 0x39, 0xC4,
    0x39, 0xC4, 0x39, 0xC4, 0x39, 0xC4, 0x39, 0xC4, 0x39, 0xC4, 0x39, 0xC4, 0x39, 0xC4, 0x39, 0xC4,
    0x39, 0xC4, 0x39, 0xC4, 0x39, 0xC4, 0x39, 0xC4, 0x39, 0xC4, 0x39, 0xC4, 0x39, 0xC4, 0x39, 0xC4,
    0x39, 0xC4, 0x39, 0xC4, 0x39, 0xC4, 0x39, 0xC4, 0x39, 0xC4, 0x39, 0xC4, 0x39, 0xC4, 0x39, 0xC4,
    0x39, 0xC4, 0x39, 0xC4, 0x39, 0xC4, 0x39, 0xC4, 0x39, 0xC4, 0x39, 0xC4, 0x39, 0xC4, 0x39, 0xC4,
    0x39, 0xC4, 0x39, 0xC4, 0x39, 0xC4, 0x39, 0xC4, 0x39, 0xC4, 0x39, 0xC4, 0x39, 0xC4, 0x39, 0xC4,
    0x39, 0xC4, 0x39, 0xC4, 0x39, 0xC4, 0x39, 0xC4, 0x39, 0xC4, 0x39, 0xC4, 0x39, 0xC4, 0x39, 0xC4,
    0x39, 0xC4, 0x39, 0xC4, 0x39, 0xC4, 0x39, 0xC4, 0x39, 0xC4, 0x39, 0xC4, 0x39, 0xC4, 0x39, 0xC4,
    0x39, 0xC4, 0x39, 0xC4, 0x39, 0xC4, 0x39, 0xC4, 0x39, 0xC4, 0x39, 0xC4, 0x39, 0xC4, 0x39, 0xC4,
    0x39, 0xC4, 0x39, 0xC4, 0x39, 0xC4, 0x39, 0xC4, 0x39, 0xC4, 0x39, 0xC4, 0x39, 0xC4, 0x39, 0xC4,
    0x39, 0xC4, 0x39, 0xC4, 0x39, 0xC4, 0x39, 0xC4, 0x39, 0xC4, 0x39, 0xC4, 0x39, 0xC4, 0x39, 0xC4,
    0x39, 0xC4, 0x39, 0xC4, 0x39, 0xC4, 0x39, 0xC4, 0x39, 0xC4, 0x39, 0xC4, 0x39, 0xC4, 0x39, 0xC4,
    0x39, 0xC4, 0x39, 0xC4, 0x39, 0xC4, 0x39, 0xC4, 0x39, 0xC4, 0x39, 0xC4, 0x39, 0xC4, 0x39, 0xC4,
    0x39, 0xC4, 0x39, 0xC4, 0x39, 0xC4, 0x39, 0xC4, 0x39, 0xC4, 0x39, 0xC4, 0x39, 0xC4, 0x39, 0xC4,
    0x39, 0xC4, 0x39, 0xC4, 0x39, 0xC4, 0x39, 0xC4, 0x39, 0xC4, 0x39, 0xC4, 0x39, 0xC4, 0x39, 0xC4,
    0x39, 0xC4, 0x39, 0xC4, 0x39, 0xC4, 0x39, 0xC4, 0x39, 0xC4, 0x39, 0xC4, 0x39, 0xC4, 0x39, 0xC4,
    0x39, 0xC4, 0x39, 0xC4, 0x39, 0xC4, 0x39, 0xC4, 0x39, 0xC4, 0x39, 0xC4, 0x39, 0xC4, 0x39, 0xC4,
    0x39, 0xC4, 0x39, 0xC4, 0x39, 0xC4, 0x39, 0xC4, 0x39, 0xC4, 0x39, 0xC4, 0x39, 0xC4, 0x39, 0xC4,
    0x39, 0xC4, 0x39, 0xC4, 0x39, 0xC4, 0x39, 0xC4, 0x39, 0xC4, 0x39, 0xC4, 0x39, 0xC4, 0x39, 0xC4,
    0x39, 0xC4, 0x39, 0xC4, 0x39, 0xC4, 0x39, 0xC4, 0x39, 0xC4, 0x39, 0xC4, 0x39, 0xC4, 0x39, 0xC4,
    0x39, 0xC4, 0x39, 0xC4, 0x39, 0xC4, 0x39, 0xC4, 0x39, 0xC4, 0x39, 0xC4, 0x39, 0xC4, 0x39, 0xC4,
    0x39, 0xC4, 0x39, 0xC4, 0x39, 0xC4, 0x39, 0xC4, 0x39, 0xC4, 0x39, 0xC4, 0x39, 0xC4, 0x39, 0xC4,
    0x39, 0xC4, 0x39, 0xC4, 0x39, 0xC4, 0x39, 0xC4, 0x39, 0xC4, 0x39, 0xC4, 0x39, 0xC4, 0x39, 0xC4,
    0x39, 0xC4, 0x39, 0xC4, 0x39, 0xC4, 0x39, 0xC4, 0x39, 0xC4, 0x39, 0xC4, 0x39, 0xC4, 0x39, 0xC4,
    0x39, 0xC4, 0x39, 0xC4, 0x39, 0xC4, 0x39, 0xC4, 0x39, 0xC4, 0x39, 0xC4, 0x39, 0xC4, 0x39, 0xC4,
    0x39, 0xC4, 0x39, 0xC4, 0x39, 0xC4, 0x39, 0xC4, 0x39, 0xC4, 0x39, 0xC4, 0x39, 0xC4, 0x39, 0xC4,
    0x39, 0xC4, 0x39, 0xC4, 0x39, 0xC4, 0x39, 0xC4, 0x39, 0xC4, 0x39, 0xC4, 0x39, 0xC4, 0x39, 0xC4,
    0x39, 0xC4, 0x39, 0xC4, 0x39, 0xC4, 0x39, 0xC4, 0x39, 0xC4, 0x39, 0xC4, 0x39, 0xC4, 0x39, 0xC4,
    0x39, 0xC4, 0x39, 0xC4, 0x39, 0xC4, 0x39, 0xC4, 0x39, 0xC4, 0x39, 0xC4, 0x39, 0xC4, 0x39, 0xC4,
    0x39, 0xC4, 0x39, 0xC4, 0x39, 0xC4, 0x39, 0xC4, 0x39, 0xC4, 0x39, 0xC4, 0x39, 0xC4, 0x39, 0xC4,
    0x39, 0xC4, 0x39, 0xC4, 0x39, 0xC4, 0x39, 0xC4, 0x39, 0xC4, 0x39, 0xC4, 0x39, 0xC4, 0x39, 0xC4,
    0x39, 0xC4, 0x39, 0xC4, 0x39, 0xC4, 0x39, 0xC4, 0x39, 0xC4, 0x39, 0xC4, 0x39, 0xC4, 0x39, 0xC4,
    0x39, 0xC4, 0x39, 0xC4, 0x39, 0xC4, 0x39, 0xC4, 0x39, 0xC4, 0x39, 0xC4, 0x39, 0xC4, 0x39, 0xC4,
    0x39, 0xC4, 0x39, 0xC4, 0x39, 0xC4, 0x39, 0xC4, 0x39, 0xC4, 0x39, 0xC4, 0x39, 0xC4, 0x39, 0xC4,
    0x39, 0xC4, 0x39, 0xC4, 0x39, 0xC4, 0x39, 0xC4, 0x39, 0xC4, 0x39, 0xC4, 0x39, 0xC4, 0x39, 0xC4,
    0x39, 0xC4, 0x39, 0xC4, 0x39, 0xC4, 0x39, 0xC4, 0x39, 0xC4, 0x39, 0xC4, 0x39, 0xC4, 0x39, 0xC4,
    0x39, 0xC4, 0x39, 0xC4, 0x39, 0xC4, 0x39, 0xC4, 0x39, 0xC4, 0x39, 0xC4, 0x39, 0xC4, 0x39, 0xC4,
    0x39, 0xC4, 0x39, 0xC4, 0x39, 0xC4, 0x39, 0xC4, 0x39, 0xC4, 0x39, 0xC4, 0x39, 0xC4, 0x39, 0xC4,
    0x39, 0xC4, 0x39, 0xC4, 0x39, 0xC4, 0x39, 0xC4, 0x39, 0xC4, 0x39, 0xC4, 0x39, 0xC4, 0x39, 0xC4,
    0x39, 0xC4, 0x39, 0xC4, 0x39, 0xC4, 0x39, 0xC4, 0x39, 0xC4, 0x39, 0xC4, 0x39, 0xC4, 0x39, 0xC4,
    0x39, 0xC4, 0x39, 0xC4, 0x39, 0xC4, 0x39, 0xC4, 0x39, 0xC4, 0x39, 0xC4, 0x39, 0xC4, 0x39, 0xC4,
    0x39, 0xC4, 0x39, 0xC4, 0x39, 0xC4, 0x39, 0xC4, 0x39, 0xC4, 0x39, 0xC4, 0x39, 0xC4, 0x39, 0xC4,
    0x39, 0xC4, 0x39, 0xC4, 0x39, 0xC4, 0x39, 0xC4, 0x39, 0xC4, 0x39, 0xC4, 0x39, 0xC4, 0x39, 0xC4,
    0x39, 0xC4, 0x39, 0xC4, 0x39, 0xC4, 0x39, 0xC4, 0x39, 0xC4, 0x39, 0xC4, 0x39, 0xC4, 0x39, 0xC4,
    0x39, 0xC4, 0x39, 0xC4, 0x39, 0xC4, 0x39, 0xC4, 0x39, 0xC4, 0x39, 0xC4, 0x39, 0xC4, 0x39, 0xC4,
    0x39, 0xC4, 0x39, 0xC4, 0x39, 0xC4, 0x39, 0xC4, 0x39, 0xC4, 0x39, 0xC4, 0x39, 0xC4, 0x39, 0xC4,
    0x39, 0xC4, 0x39, 0xC4, 0x39, 0xC4, 0x39, 0xC4, 0x39, 0xC4, 0x39, 0xC4, 0x39, 0xC4, 0x39, 0xC4,
    0x39, 0xC4, 0x39, 0xC4, 0x39, 0xC4, 0x39, 0xC4, 0x39, 0xC4, 0x39, 0xC4, 0x39, 0xC4, 0x39, 0xC4,
    0x39, 0xC4, 0x39, 0xC4, 0x39, 0xC4, 0x39, 0xC4, 0x39, 0xC4, 0x39, 0xC4, 0x39, 0xC4, 0x39, 0xC4,
    0x39, 0xC4, 0x39, 0xC4, 0x39, 0xC4, 0x39, 0xC4, 0x39, 0xC4, 0x39, 0xC4, 0x39, 0xC4, 0x39, 0xC4,
    0x39, 0xC4, 0x39, 0xC4, 0x39, 0xC4, 0x39, 0xC4, 0x39, 0xC4, 0x39, 0xC4, 0x39, 0xC4, 0x39, 0xC4,
    0x39, 0xC4, 0x39, 0xC4, 0x39, 0xC4, 0x39, 0xC4, 0x39, 0xC4, 0x39, 0xC4, 0x39, 0xC4, 0x39, 0xC4,
    0x39, 0xC4, 0x39, 0xC4, 0x39, 0xC4, 0x39, 0xC4, 0x39, 0xC4, 0x39, 0xC4, 0x39, 0xC4, 0x39, 0xC4,
    0x39, 0xC4, 0x39, 0xC4, 0x39, 0xC4, 0x39, 0xC4, 0x39, 0xC4, 0x39, 0xC4, 0x39, 0xC4, 0x39, 0xC4,
    0x39, 0xC4, 0x39, 0xC4, 0x39, 0xC4, 0x39, 0xC4, 0x39, 0xC4, 0x39, 0xC4, 0x39, 0xC4, 0x39, 0xC4,
    0x39, 0xC4, 0x39, 0xC4, 0x39, 0xC4, 0x39, 0xC4, 0x39, 0xC4, 0x39, 0xC4, 0x39, 0xC4, 0x39, 0xC4,
    0x39, 0xC4, 0x39, 0xC4, 0x39, 0xC4, 0x39, 0xC4, 0x39, 0xC4, 0x39, 0xC4, 0x39, 0xC4, 0x39, 0xC4,
    0x39, 0xC4, 0x39, 0xC4, 0x39, 0xC4, 0x39, 0xC4, 0x39, 0xC4, 0x39, 0xC4, 0x39, 0xC4, 0x39, 0xC4,
    0x39, 0xC4, 0x39, 0xC4, 0x39, 0xC4, 0x39, 0xC4, 0x39, 0xC4, 0x39, 0xC4, 0x39, 0xC4, 0x39, 0xC4,
    0x39, 0xC4, 0x39, 0xC4, 0x39, 0xC4, 0x39, 0xC4, 0x39, 0xC4, 0x39, 0xC4, 0x39, 0xC4, 0x39, 0xC4,
    0x39, 0xC4, 0x39, 0xC4, 0x39, 0xC4, 0x39, 0xC4, 0x39, 0xC4, 0x39, 0xC4, 0x39, 0xC4, 0x39, 0xC4,
    0x39, 0xC4, 0x39, 0xC4, 0x39, 0xC4, 0x39, 0xC4, 0x39, 0xC4, 0x39, 0xC4, 0x39, 0xC4, 0x39, 0xC4,
    0x39, 0xC4, 0x39, 0xC4, 0x39, 0xC4, 0x39, 0xC4, 0x39, 0xC4, 0x39, 0xC4, 0x39, 0xC4, 0x39, 0xC4,
    0x39, 0xC4, 0x39, 0xC4, 0x39, 0xC4, 0x39, 0xC4, 0x39, 0xC4, 0x39, 0xC4, 0x39, 0xC4, 0x39, 0xC4,
    0x39, 0xC4, 0x39, 0xC4, 0x39, 0xC4, 0x39, 0xC4, 0x39, 0xC4, 0x39, 0xC4, 0x39, 0xC4, 0x39, 0xC4,
    0x39, 0xC4, 0x39, 0xC4, 0x39, 0xC4, 0x39, 0xC4, 0x39, 0xC4, 0x39, 0xC4, 0x39, 0xC4, 0x39, 0xC4,
    0x39, 0xC4, 0x39, 0xC4, 0x39, 0xC4, 0x39, 0xC4, 0x39, 0xC4, 0x39, 0xC4, 0x39, 0xC4, 0x39, 0xC4,
    0x39, 0xC4, 0x39, 0xC4, 0x39, 0xC4, 0x39, 0xC4, 0x39, 0xC4, 0x39, 0xC4, 0x39, 0xC4, 0x39, 0xC4,
    0x39, 0xC4, 0x39, 0xC4, 0x39, 0xC4, 0x39, 0xC4, 0x39, 0xC4, 0x39, 0xC4, 0x39, 0xC4, 0x39, 0xC4,
    0x39, 0xC4, 0x39, 0xC4, 0x39, 0xC4, 0x39, 0xC4, 0x39, 0xC4, 0x39, 0xC4, 0x39, 0xC4, 0x39, 0xC4,
    0x39, 0xC4, 0x39, 0xC4, 0x39, 0xC4, 0x39, 0xC4, 0x39, 0xC4, 0x39, 0xC4, 0x39, 0xC4, 0x39, 0xC4,
    0x39, 0xC4, 0x39, 0xC4, 0x39, 0xC4, 0x39, 0xC4, 0x39, 0xC4, 0x39, 0xC4, 0x39, 0xC4, 0x39, 0xC4,
    0x39, 0xC4, 0x39, 0xC4, 0x39, 0xC4, 0x39, 0xC4, 0x39, 0xC4, 0x39, 0xC4, 0x39, 0xC4, 0x39, 0xC4,
    0x39, 0xC4, 0x39, 0xC4, 0x39, 0xC4, 0x39, 0xC4, 0x39, 0xC4, 0x39, 0xC4, 0x39, 0xC4, 0x39, 0xC4,
    0x39, 0xC4, 0x39, 0xC4, 0x39, 0xC4, 0x39, 0xC4, 0x39, 0xC4, 0x39, 0xC4, 0x39, 0xC4, 0x39, 0xC4,
    0x39, 0xC4, 0x39, 0xC4, 0x39, 0xC4, 0x39, 0xC4, 0x39, 0xC4, 0x39, 0xC4, 0x39, 0xC4, 0x39, 0xC4,
    0x39, 0xC4, 0x39, 0xC4, 0x39, 0xC4, 0x39, 0xC4, 0x39, 0xC4, 0x39, 0xC4, 0x39, 0xC4, 0x39, 0xC4,
    0x39, 0xC4, 0x39, 0xC4, 0x39, 0xC4, 0x39, 0xC4, 0x39, 0xC4, 0x39, 0xC4, 0x39, 0xC4, 0x39, 0xC4,
    0x39, 0xC4, 0x39, 0xC4, 0x39, 0xC4, 0x39, 0xC4, 0x39, 0xC4, 0x39, 0xC4, 0x39, 0xC4, 0x39, 0xC4,
    0x39, 0xC4, 0x39, 0xC4, 0x39, 0xC4, 0x39, 0xC4, 0x39, 0xC4, 0x39, 0xC4, 0x39, 0xC4, 0x39, 0xC4,
    0x39, 0xC4, 0x39, 0xC4, 0x39, 0xC4, 0x39, 0xC4, 0x39, 0xC4, 0x39, 0xC4, 0x39, 0xC4, 0x39, 0xC4,
    0x39, 0xC4, 0x39, 0xC4, 0x39, 0xC4, 0x39, 0xC4, 0x39, 0xC4, 0x39, 0xC4, 0x39, 0xC4, 0x39, 0xC4,
    0x39, 0xC4, 0x39, 0xC4, 0x39, 0xC4, 0x39, 0xC4, 0x39, 0xC4, 0x39, 0xC4, 0x39, 0xC4, 0x39, 0xC4,
    0x39, 0xC4, 0x39, 0xC4, 0x39, 0xC4, 0x39, 0xC4, 0x39, 0xC4, 0x39, 0xC4, 0x39, 0xC4, 0x39, 0xC4,
    0x39, 0xC4, 0x39, 0xC4, 0x39, 0xC4, 0x39, 0xC4, 0x39, 0xC4, 0x39, 0xC4, 0x39, 0xC4, 0x39, 0xC4,
    0x39, 0xC4, 0x39, 0xC4, 0x39, 0xC4, 0x39, 0xC4, 0x39, 0xC4, 0x39, 0xC4, 0x39, 0xC4, 0x39, 0xC4,
    0x39, 0xC4, 0x39, 0xC4, 0x39, 0xC4, 0x39, 0xC4, 0x39, 0xC4, 0x39, 0xC4, 0x39, 0xC4, 0x39, 0xC4,
    0x39, 0xC4, 0x39, 0xC4, 0x39, 0xC4, 0x39, 0xC4, 0x39, 0xC4, 0x39, 0xC4, 0x39, 0xC4, 0x39, 0xC4,
    0x39, 0xC4, 0x39, 0xC4, 0x39, 0xC4, 0x39, 0xC4, 0x39, 0xC4, 0x39, 0xC4, 0x39, 0xC4, 0x39, 0xC4,
    0x39, 0xC4, 0x39, 0xC4, 0x39, 0xC4, 0x39, 0xC4, 0x39, 0xC4, 0x39, 0xC4, 0x39, 0xC4, 0x39, 0xC4,
    0x39, 0xC4, 0x39, 0xC4, 0x39, 0xC4, 0x39, 0xC4, 0x39, 0xC4, 0x39, 0xC4, 0x39, 0xC4, 0x39, 0xC4,
    0x39, 0xC4, 0x39, 0xC4, 0x39, 0xC4, 0x39, 0xC4, 0x39, 0xC4, 0x39, 0xC4, 0x39, 0xC4, 0x39, 0xC4,
    0x39, 0xC4, 0x39, 0xC4, 0x39, 0xC4, 0x39, 0xC4, 0x39, 0xC4, 0x39, 0xC4, 0x39, 0xC4, 0x39, 0xC4,
    0x39, 0xC4, 0x39, 0xC4, 0x39, 0xC4, 0x39, 0xC4, 0x39, 0xC4, 0x39, 0xC4, 0x39, 0xC4, 0x39, 0xC4,
    0x39, 0xC4, 0x39, 0xC4, 0x39, 0xC4, 0x39, 0xC4, 0x39, 0xC4, 0x39, 0xC4, 0x39, 0xC4, 0x39, 0xC4,
    0x39, 0xC4, 0x39, 0xC4, 0x39, 0xC4, 0x39, 0xC4, 0x39, 0xC4, 0x39, 0xC4, 0x39, 0xC4, 0x39, 0xC4,
    0x39, 0xC4, 0x39, 0xC4, 0x39, 0xC4, 0x39, 0xC4, 0x39, 0xC4, 0x39, 0xC4, 0x39, 0xC4, 0x39, 0xC4,
    0x39, 0xC4, 0x39, 0xC4, 0x39, 0xC4, 0x39, 0xC4, 0x39, 0xC4, 0x39, 0xC4, 0x39, 0xC4, 0x39, 0xC4,
    0x39, 0xC4, 0x39, 0xC4, 0x39, 0xC4, 0x39, 0xC4, 0x39, 0xC4, 0x39, 0xC4, 0x39, 0xC4, 0x39, 0xC4,
    0x39, 0xC4, 0x39, 0xC4, 0x39, 0xC4, 0x39, 0xC4, 0x39, 0xC4, 0x39, 0xC4, 0x39, 0xC4, 0x39, 0xC4,
    0x39, 0xC4, 0x39, 0xC4, 0x39, 0xC4, 0x39, 0xC4, 0x39, 0xC4, 0x39, 0xC4, 0x39, 0xC4, 0x39, 0xC4,
    0x39, 0xC4, 0x39, 0xC4, 0x39, 0xC4, 0x39, 0xC4, 0x39, 0xC4, 0x39, 0xC4, 0x39, 0xC4, 0x39, 0xC4,
    0x39, 0xC4, 0x39, 0xC4, 0x39, 0xC4, 0x39, 0xC4, 0x39, 0xC4, 0x39, 0xC4, 0x39, 0xC4, 0x39, 0xC4,
    0x39, 0xC4, 0x39, 0xC4, 0x39, 0xC4, 0x39, 0xC4, 0x39, 0xC4, 0x39, 0xC4, 0x39, 0xC4, 0x39, 0xC4,
    0x39, 0xC4, 0x39, 0xC4, 0x39, 0xC4, 0x39, 0xC4, 0x39, 0xC4, 0x39, 0xC4, 0x39, 0xC4, 0x39, 0xC4,
    0x39, 0xC4, 0x39, 0xC4, 0x39, 0xC4, 0x39, 0xC4, 0x39, 0xC4, 0x39, 0xC4, 0x39, 0xC4, 0x39, 0xC4,
    0x39, 0xC4, 0x39, 0xC4, 0x39, 0xC4, 0x39, 0xC4, 0x39, 0xC4, 0x39, 0xC4, 0x39, 0xC4, 0x39, 0xC4,
    0x39, 0xC4, 0x39, 0xC4, 0x39, 0xC4, 0x39, 0xC4, 0x39, 0xC4, 0x39, 0xC4, 0x39, 0xC4, 0x39, 0xC4,
    0x39, 0xC4, 0x39, 0xC4, 0x39, 0xC4, 0x39, 0xC4, 0x39, 0xC4, 0x39, 0xC4, 0x39, 0xC4, 0x39, 0xC4,
    0x39, 0xC4, 0x39, 0xC4, 0x39, 0xC4, 0x39, 0xC4, 0x39, 0xC4, 0x39, 0xC4, 0x39, 0xC4, 0x39, 0xC4,
    0x39, 0xC4, 0x39, 0xC4, 0x39, 0xC4, 0x39, 0xC4, 0x39, 0xC4, 0x39, 0xC4, 0x39, 0xC4, 0x39, 0xC4,
    0x39, 0xC4, 0x39, 0xC4, 0x39, 0xC4, 0x39, 0xC4, 0x39, 0xC4, 0x39, 0xC4, 0x39, 0xC4, 0x39, 0xC4,
    0x39, 0xC4, 0x39, 0xC4, 0x39, 0xC4, 0x39, 0xC4, 0x39, 0xC4, 0x39, 0xC4, 0x39, 0xC4, 0x39, 0xC4,
    0x39, 0xC4, 0x39, 0xC4, 0x39, 0xC4, 0x39, 0xC4, 0x39, 0xC4, 0x39, 0xC4, 0x39, 0xC4, 0x39, 0xC4,
    0x39, 0xC4, 0x39, 0xC4, 0x39, 0xC4, 0x39, 0xC4, 0x39, 0xC4, 0x39, 0xC4, 0x39, 0xC4, 0x39, 0xC4,
    0x39, 0xC4, 0x39, 0xC4, 0x39, 0xC4, 0x39, 0xC4, 0x39, 0xC4, 0x39, 0xC4, 0x39, 0xC4, 0x39, 0xC4,
    0x39, 0xC4, 0x39, 0xC4, 0x39, 0xC4, 0x39, 0xC4, 0x39, 0xC4, 0x39, 0xC4, 0x39, 0xC4, 0x39, 0xC4,
    0x39, 0xC4, 0x39, 0xC4, 0x39, 0xC4, 0x39, 0xC4, 0x39, 0xC4, 0x39, 0xC4, 0x39, 0xC4, 0x39, 0xC4,
    0x39, 0xC4, 0x39, 0xC4, 0x39, 0xC4, 0x39, 0xC4, 0x39, 0xC4, 0x39, 0xC4, 0x39, 0xC4, 0x39, 0xC4,
    0x39, 0xC4, 0x39, 0xC4, 0x39, 0xC4, 0x39, 0xC4, 0x39, 0xC4, 0x39, 0xC4, 0x39, 0xC4, 0x39, 0xC4,
    0x39, 0xC4, 0x39, 0xC4, 0x39, 0xC4, 0x39, 0xC4, 0x39, 0xC4, 0x39, 0xC4, 0x39, 0xC4, 0x39, 0xC4,
    0x39, 0xC4, 0x39, 0xC4, 0x39, 0xC4, 0x39, 0xC4, 0x39, 0xC4, 0x39, 0xC4, 0x39, 0xC4, 0x39, 0xC4,
    0x39, 0xC4, 0x39, 0xC4, 0x39, 0xC4, 0x39, 0xC4, 0x39, 0xC4, 0x39, 0xC4, 0x39, 0xC4, 0x39, 0xC4,
    0x39, 0xC4, 0x39, 0xC4, 0x39, 0xC4, 0x39, 0xC4, 0x39, 0xC4, 0x39, 0xC4, 0x39, 0xC4, 0x39, 0xC4,
    0x39, 0xC4, 0x39, 0xC4, 0x39, 0xC4, 0x39, 0xC4, 0x39, 0xC4, 0x39, 0xC4, 0x39, 0xC4, 0x39, 0xC4,
    0x39, 0xC4, 0x39, 0xC4, 0x39, 0xC4, 0x39, 0xC4, 0x39, 0xC4, 0x39, 0xC4, 0x39, 0xC4, 0x39, 0xC4,
    0x39, 0xC4, 0x39, 0xC4, 0x39, 0xC4, 0x39, 0xC4, 0x39, 0xC4, 0x39, 0xC4, 0x39, 0xC4, 0x39, 0xC4,
    0x39, 0xC4, 0x39, 0xC4, 0x39, 0xC4, 0x39, 0xC4, 0x39, 0xC4, 0x39, 0xC4, 0x39, 0xC4, 0x39, 0xC4,
    0x39, 0xC4, 0x39, 0xC4, 0x39, 0xC4, 0x39, 0xC4, 0x39, 0xC4, 0x39, 0xC4, 0x39, 0xC4, 0x39, 0xC4,
    0x39, 0xC4, 0x39, 0xC4, 0x39, 0xC4, 0x39, 0xC4, 0x39, 0xC4, 0x39, 0xC4, 0x39, 0xC4, 0x39, 0xC4,
    0x39, 0xC4, 0x39, 0xC4, 0x39, 0xC4, 0x39, 0xC4, 0x39, 0xC4, 0x39, 0xC4, 0x39, 0xC4, 0x39, 0xC4,
    0x39, 0xC4, 0x39, 0xC4, 0x39, 0xC4, 0x39, 0xC4, 0x39, 0xC4, 0x39, 0xC4, 0x39, 0xC4, 0x39, 0xC4,
    0x39, 0xC4, 0x39, 0xC4, 0x39, 0xC4, 0x39, 0xC4, 0x39, 0xC4, 0x39, 0xC4, 0x39, 0xC4, 0x39, 0xC4,
    0x39, 0xC4, 0x39, 0xC4, 0x39, 0xC4, 0x39, 0xC4, 0x39, 0xC4, 0x39, 0xC4, 0x39, 0xC4, 0x39, 0xC4,
    0x39, 0xC4, 0x39, 0xC4, 0x39, 0xC4, 0x39, 0xC4, 0x39, 0xC4, 0x39, 0xC4, 0x39, 0xC4, 0x39, 0xC4,
    0x39, 0xC4, 0x39, 0xC4, 0x39, 0xC4, 0x39, 0xC4, 0x39, 0xC4, 0x39, 0xC4, 0x39, 0xC4, 0x39, 0xC4,
    0x39, 0xC4, 0x39, 0xC4, 0x39, 0xC4, 0x39, 0xC4, 0x39, 0xC4, 0x39, 0xC4, 0x39, 0xC4, 0x39, 0xC4,
    0x39, 0xC4, 0x39, 0xC4, 0x39, 0xC4, 0x39, 0xC4, 0x39, 0xC4, 0x39, 0xC4, 0x39, 0xC4, 0x39, 0xC4,
    0x39, 0xC4, 0x39, 0xC4, 0x39, 0xC4, 0x39, 0xC4, 0x39, 0xC4, 0x39, 0xC4, 0x39, 0xC4, 0x39, 0xC4,
    0x39, 0xC4, 0x39, 0xC4, 0x39, 0xC4, 0x39, 0xC4, 0x39, 0xC4, 0x39, 0xC4, 0x39, 0xC4, 0x39, 0xC4,
    0x39, 0xC4, 0x39, 0xC4, 0x39, 0xC4, 0x39, 0xC4, 0x39, 0xC4, 0x39, 0xC4, 0x39, 0xC4, 0x39, 0xC4,
    0x39, 0xC4, 0x39, 0xC4, 0x39, 0xC4, 0x39, 0xC4, 0x39, 0xC4, 0x39, 0xC4, 0x39, 0xC4, 0x39, 0xC4,
    0x39, 0xC4, 0x39, 0xC4, 0x39, 0xC4, 0x39, 0xC4, 0x39, 0xC4, 0x39, 0xC4, 0x39, 0xC4, 0x39, 0xC4,
    0x39, 0xC4, 0x39, 0xC4, 0x39, 0xC4, 0x39, 0xC4, 0x39, 0xC4, 0x39, 0xC4, 0x39, 0xC4, 0x39, 0xC4,
    0x39, 0xC4, 0x39, 0xC4, 0x39, 0xC4, 0x39, 0xC4, 0x39, 0xC4, 0x39, 0xC4, 0x39, 0xC4, 0x39, 0xC4,
    0x39, 0xC4, 0x39, 0xC4, 0x39, 0xC4, 0x39, 0xC4, 0x39, 0xC4, 0x39, 0xC4, 0x39, 0xC4, 0x39, 0xC4,
    0x39, 0xC4, 0x39, 0xC4, 0x39, 0xC4, 0x39, 0xC4, 0x39, 0xC4, 0x39, 0xC4, 0x39, 0xC4, 0x39, 0xC4,
    0x39, 0xC4, 0x39, 0xC4, 0x39, 0xC4, 0x39, 0xC4, 0x39, 0xC4, 0x39, 0xC4, 0x39, 0xC4, 0x39, 0xC4,
    0x39, 0xC4, 0x39, 0xC4, 0x39, 0xC4, 0x39, 0xC4, 0x39, 0xC4, 0x39, 0xC4, 0x39, 0xC4, 0x39, 0xC4,
    0x39, 0xC4, 0x39, 0xC4, 0x39, 0xC4, 0x39, 0xC4, 0x39, 0xC4, 0x39, 0xC4, 0x39, 0xC4, 0x39, 0xC4,
    0x39, 0xC4, 0x39, 0xC4, 0x39, 0xC4, 0x39, 0xC4, 0x39, 0xC4, 0x39, 0xC4, 0x39, 0xC4, 0x39, 0xC4,
    0x39, 0xC4, 0x39, 0xC4, 0x39, 0xC4, 0x39, 0xC4, 0x39, 0xC4, 0x39, 0xC4, 0x39, 0xC4, 0x39, 0xC4,
    0x39, 0xC4, 0x39, 0xC4, 0x39, 0xC4, 0x39, 0xC4, 0x39, 0xC4, 0x39, 0xC4, 0x39, 0xC4, 0x39, 0xC4,
    0x39, 0xC4, 0x39, 0xC4, 0x39, 0xC4, 0x39, 0xC4, 0x39, 0xC4, 0x39, 0xC4, 0x39, 0xC4, 0x39, 0xC4,
    0x39, 0xC4, 0x39, 0xC4, 0x39, 0xC4, 0x39, 0xC4, 0x39, 0xC4, 0x39, 0xC4, 0x39, 0xC4, 0x39, 0xC4,
    0x39, 0xC4, 0x39, 0xC4, 0x39, 0xC4, 0x39, 0xC4, 0x39, 0xC4, 0x39, 0xC4, 0x39, 0xC4, 0x39, 0xC4,
    0x39, 0xC4, 0x39, 0xC4, 0x39, 0xC4, 0x39, 0xC4, 0x39, 0xC4, 0x39, 0xC4, 0x39, 0xC4, 0x39, 0xC4,
    0x39, 0xC4, 0x39, 0xC4, 0x39, 0xC4, 0x39, 0xC4, 0x39, 0xC4, 0x39, 0xC4, 0x39, 0xC4, 0x39, 0xC4,
    0x39, 0xC4, 0x39, 0xC4, 0x39, 0xC4, 0x39, 0xC4, 0x39, 0xC4, 0x39, 0xC4, 0x39, 0xC4, 0x39, 0xC4,
    0x39, 0xC4, 0x39, 0xC4, 0x39, 0xC4, 0x39, 0xC4, 0x39, 0xC4, 0x39, 0xC4, 0x39, 0xC4, 0x39, 0xC4,
    0x39, 0xC4, 0x39, 0xC4, 0x39, 0xC4, 0x39, 0xC4, 0x39, 0xC4, 0x39, 0xC4, 0x39, 0xC4, 0x39, 0xC4,
    0x39, 0xC4, 0x39, 0xC4, 0x39, 0xC4, 0x39, 0xC4, 0x39, 0xC4, 0x39, 0xC4, 0x39, 0xC4, 0x39, 0xC4,
    0x39, 0xC4, 0x39, 0xC4, 0x39, 0xC4, 0x39, 0xC4, 0x39, 0xC4, 0x39, 0xC4, 0x39, 0xC4, 0x39, 0xC4,
    0x39, 0xC4, 0x39, 0xC4, 0x39, 0xC4, 0x39, 0xC4, 0x39, 0xC4, 0x39, 0xC4, 0x39, 0xC4, 0x39, 0xC4,
    0x39, 0xC4, 0x39, 0xC4, 0x39, 0xC4, 0x39, 0xC4, 0x39, 0xC4, 0x39, 0xC4, 0x39, 0xC4, 0x39, 0xC4,
    0x39, 0xC4, 0x39, 0xC4, 0x39, 0xC4, 0x39, 0xC4, 0x39, 0xC4, 0x39, 0xC4, 0x39, 0xC4, 0x39, 0xC4,
    0x39, 0xC4, 0x39, 0xC4, 0x39, 0xC4, 0x39, 0xC4, 0x39, 0xC4, 0x39, 0xC4, 0x39, 0xC4, 0x39, 0xC4,
    0x39, 0xC4, 0x39, 0xC4, 0x39, 0xC4, 0x39, 0xC4, 0x39, 0xC4, 0x39, 0xC4, 0x39, 0xC4, 0x39, 0xC4,
    0x39, 0xC4, 0x39, 0xC4, 0x39, 0xC4, 0x39, 0xC4, 0x39, 0xC4, 0x39, 0xC4, 0x39, 0xC4, 0x39, 0xC4,
    0x39, 0xC4, 0x39, 0xC4, 0x39, 0xC4, 0x39, 0xC4, 0x39, 0xC4, 0x39, 0xC4, 0x39, 0xC4, 0x39, 0xC4,
    0x39, 0xC4, 0x39, 0xC4, 0x39, 0xC4, 0x39, 0xC4, 0x39, 0xC4, 0x39, 0xC4, 0x39, 0xC4, 0x39, 0xC4,
    0x39, 0xC4, 0x39, 0xC4, 0x39, 0xC4, 0x39, 0xC4, 0x39, 0xC4, 0x39, 0xC4, 0x39, 0xC4, 0x39, 0xC4,
    0x39, 0xC4, 0x39, 0xC4, 0x39, 0xC4, 0x39, 0xC4, 0x39, 0xC4, 0x39, 0xC4, 0x39, 0xC4, 0x39, 0xC4,
    0x39, 0xC4, 0x39, 0xC4, 0x39, 0xC4, 0x39, 0xC4, 0x39, 0xC4, 0x39, 0xC4, 0x39, 0xC4, 0x39, 0xC4,
    0x39, 0xC4, 0x39, 0xC4, 0x39, 0xC4, 0x39, 0xC4, 0x39, 0xC4, 0x39, 0xC4, 0x39, 0xC4, 0x39, 0xC4,
    0x39, 0xC4, 0x39, 0xC4, 0x39, 0xC4, 0x39, 0xC4, 0x39, 0xC4, 0x39, 0xC4, 0x39, 0xC4, 0x39, 0xC4,
    0x39, 0xC4, 0x39, 0xC4, 0x39, 0xC4, 0x39, 0xC4, 0x39, 0xC4, 0x39, 0xC4, 0x39, 0xC4, 0x39, 0xC4,
    0x39, 0xC4, 0x39, 0xC4, 0x39, 0xC4, 0x39, 0xC4, 0x39, 0xC4, 0x39, 0xC4, 0x39, 0xC4, 0x39, 0xC4,
    0x39, 0xC4, 0x39, 0xC4, 0x39, 0xC4, 0x39, 0xC4, 0x39, 0xC4, 0x39, 0xC4, 0x39, 0xC4, 0x39, 0xC4,
    0x39, 0xC4, 0x39, 0xC4, 0x39, 0xC4, 0x39, 0xC4, 0x39, 0xC4, 0x39, 0xC4, 0x39, 0xC4, 0x39, 0xC4,
    0x39, 0xC4, 0x39, 0xC4, 0x39, 0xC4, 0x39, 0xC4, 0x39, 0xC4, 0x39, 0xC4, 0x39, 0xC4, 0x39, 0xC4,
    0x39, 0xC4, 0x39, 0xC4, 0x39, 0xC4, 0x39, 0xC4, 0x39, 0xC4, 0x39, 0xC4, 0x39, 0xC4, 0x39, 0xC4,
    0x39, 0xC4, 0x39, 0xC4, 0x39, 0xC4, 0x39, 0xC4, 0x39, 0xC4, 0x39, 0xC4, 0x39, 0xC4, 0x39, 0xC4,
    0x39, 0xC4, 0x39, 0xC4, 0x39, 0xC4, 0x39, 0xC4, 0x39, 0xC4, 0x39, 0xC4, 0x39, 0xC4, 0x39, 0xC4,
    0x39, 0xC4, 0x39, 0xC4, 0x39, 0xC4, 0x39, 0xC4, 0x39, 0xC4, 0x39, 0xC4, 0x39, 0xC4, 0x39, 0xC4,
    0x39, 0xC4, 0x39, 0xC4, 0x39, 0xC4, 0x39, 0xC4, 0x39, 0xC4, 0x39, 0xC4, 0x39, 0xC4, 0x39, 0xC4,
    0x39, 0xC4, 0x39, 0xC4, 0x39, 0xC4, 0x39, 0xC4, 0x39, 0xC4, 0x39, 0xC4, 0x39, 0xC4, 0x39, 0xC4,
    0x39, 0xC4, 0x39, 0xC4, 0x39, 0xC4, 0x39, 0xC4, 0x39, 0xC4, 0x39, 0xC4, 0x39, 0xC4, 0x39, 0xC4,
    0x39, 0xC4, 0x39, 0xC4, 0x39, 0xC4, 0x39, 0xC4, 0x39, 0xC4, 0x39, 0xC4, 0x39, 0xC4, 0x39, 0xC4,
    0x39, 0xC4, 0x39, 0xC4, 0x39, 0xC4, 0x39, 0xC4, 0x39, 0xC4, 0x39, 0xC4, 0x39, 0xC4, 0x39, 0xC4,
    0x39, 0xC4, 0x39, 0xC4, 0x39, 0xC4, 0x39, 0xC4, 0x39, 0xC4, 0x39, 0xC4, 0x39, 0xC4, 0x39, 0xC4,
    0x39, 0xC4, 0x39, 0xC4, 0x39, 0xC4, 0x39, 0xC4, 0x39, 0xC4, 0x39, 0xC4, 0x39, 0xC4, 0x39, 0xC4,
    0x39, 0xC4, 0x39, 0xC4, 0x39, 0xC4, 0x39, 0xC4, 0x39, 0xC4, 0x39, 0xC4, 0x39, 0xC4, 0x39, 0xC4,
    0x39, 0xC4, 0x39, 0xC4, 0x39, 0xC4, 0x39, 0xC4, 0x39, 0xC4, 0x39, 0xC4, 0x39, 0xC4, 0x39, 0xC4,
    0x39, 0xC4, 0x39, 0xC4, 0x39, 0xC4, 0x39, 0xC4, 0x39, 0xC4, 0x39, 0xC4, 0x39, 0xC4, 0x39, 0xC4,
    0x39, 0xC4, 0x39, 0xC4, 0x39, 0xC4, 0x39, 0xC4, 0x39, 0xC4, 0x39, 0xC4, 0x39, 0xC4, 0x39, 0xC4,
    0x39, 0xC4, 0x39, 0xC4, 0x39, 0xC4, 0x39, 0xC4, 0x39, 0xC4, 0x39, 0xC4, 0x39, 0xC4, 0x39, 0xC4,
    0x39, 0xC4, 0x39, 0xC4, 0x39, 0xC4, 0x39, 0xC4, 0x39, 0xC4, 0x39, 0xC4, 0x39, 0xC4, 0x39, 0xC4,
    0x39, 0xC4, 0x39, 0xC4, 0x39, 0xC4, 0x39, 0xC4, 0x39, 0xC4, 0x39, 0xC4, 0x39, 0xC4, 0x39, 0xC4,
    0x39, 0xC4, 0x39, 0xC4, 0x39, 0xC4, 0x39, 0xC4, 0x39, 0xC4, 0x39, 0xC4, 0x39, 0xC4, 0x39, 0xC4,
    0x39, 0xC4, 0x39, 0xC4, 0x39, 0xC4, 0x39, 0xC4, 0x39, 0xC4, 0x39, 0xC4, 0x39, 0xC4, 0x39, 0xC4,
    0x39, 0xC4, 0x39, 0xC4, 0x39, 0xC4, 0x39, 0xC4, 0x39, 0xC4, 0x39, 0xC4, 0x39, 0xC4, 0x39, 0xC4,
    0x39, 0xC4, 0x39, 0xC4, 0x39, 0xC4, 0x39, 0xC4, 0x39, 0xC4, 0x39, 0xC4, 0x39, 0xC4, 0x39, 0xC4,
    0x39, 0xC4, 0x39, 0xC4, 0x39, 0xC4, 0x39, 0xC4, 0x39, 0xC4, 0x39, 0xC4, 0x39, 0xC4, 0x39, 0xC4,
    0x39, 0xC4, 0x39, 0xC4, 0x39, 0xC4, 0x39, 0xC4, 0x39, 0xC4, 0x39, 0xC4, 0x39, 0xC4, 0x39, 0xC4,
    0x39, 0xC4, 0x39, 0xC4, 0x39, 0xC4, 0x39, 0xC4, 0x39, 0xC4, 0x39, 0xC4, 0x39, 0xC4, 0x39, 0xC4,
    0x39, 0xC4, 0x39, 0xC4, 0x39, 0xC4, 0x39, 0xC4, 0x39, 0xC4, 0x39, 0xC4, 0x39, 0xC4, 0x39, 0xC4,
    0x39, 0xC4, 0x39, 0xC4, 0x39, 0xC4, 0x39, 0xC4, 0x39, 0xC4, 0x39, 0xC4, 0x39, 0xC4, 0x39, 0xC4,
    0x39, 0xC4, 0x39, 0xC4, 0x39, 0xC4, 0x39, 0xC4, 0x39, 0xC4, 0x39, 0xC4, 0x39, 0xC4, 0x39, 0xC4,
    0x39, 0xC4, 0x39, 0xC4, 0x39, 0xC4, 0x39, 0xC4, 0x39, 0xC4, 0x39, 0xC4, 0x39, 0xC4, 0x39, 0xC4,
    0x39, 0xC4, 0x39, 0xC4, 0x39, 0xC4, 0x39, 0xC4, 0x39, 0xC4, 0x39, 0xC4, 0x39, 0xC4, 0x39, 0xC4,
    0x39, 0xC4, 0x39, 0xC4, 0x39, 0xC4, 0x39, 0xC4, 0x39, 0xC4, 0x39, 0xC4, 0x39, 0xC4, 0x39, 0xC4,
    0x39, 0xC4, 0x39, 0xC4, 0x39, 0xC4, 0x39, 0xC4, 0x39, 0xC4, 0x39, 0xC4, 0x39, 0xC4, 0x39, 0xC4,
    0x39, 0xC4, 0x39, 0xC4, 0x39, 0xC4, 0x39, 0xC4, 0x39, 0xC4, 0x39, 0xC4, 0x39, 0xC4, 0x39, 0xC4,
    0x39, 0xC4, 0x39, 0xC4, 0x39, 0xC4, 0x39, 0xC4, 0x39, 0xC4, 0x39, 0xC4, 0x39, 0xC4, 0x39, 0xC4,
    0x39, 0xC4, 0x39, 0xC4, 0x39, 0xC4, 0x39, 0xC4, 0x39, 0xC4, 0x39, 0xC4, 0x39, 0xC4, 0x39, 0xC4,
    0x39, 0xC4, 0x39, 0xC4, 0x39, 0xC4, 0x39, 0xC4, 0x39, 0xC4, 0x39, 0xC4, 0x39, 0xC4, 0x39, 0xC4,
    0x39, 0xC4, 0x39, 0xC4, 0x39, 0xC4, 0x39, 0xC4, 0x39, 0xC4, 0x39, 0xC4, 0x39, 0xC4, 0x39, 0xC4,
    0x39, 0xC4, 0x39, 0xC4, 0x39, 0xC4, 0x39, 0xC4, 0x39, 0xC4, 0x39, 0xC4, 0x39, 0xC4, 0x39, 0xC4,
    0x39, 0xC4, 0x39, 0xC4, 0x39, 0xC4, 0x39, 0xC4, 0x39, 0xC4, 0x39, 0xC4, 0x39, 0xC4, 0x39, 0xC4,
    0x39, 0xC4, 0x39, 0xC4, 0x39, 0xC4, 0x39, 0xC4, 0x39, 0xC4, 0x39, 0xC4, 0x39, 0xC4, 0x39, 0xC4,
    0x39, 0xC4, 0x39, 0xC4, 0x39, 0xC4, 0x39, 0xC4, 0x39, 0xC4, 0x39, 0xC4, 0x39, 0xC4, 0x39, 0xC4,
    0x39, 0xC4, 0x39, 0xC4, 0x39, 0xC4, 0x39, 0xC4, 0x39, 0xC4, 0x39, 0xC4, 0x39, 0xC4, 0x39, 0xC4,
    0x39, 0xC4, 0x39, 0xC4, 0x39, 0xC4, 0x39, 0xC4, 0x39, 0xC4, 0x39, 0xC4, 0x39, 0xC4, 0x39, 0xC4,
    0x39, 0xC4, 0x39, 0xC4, 0x39, 0xC4, 0x39, 0xC4, 0x39, 0xC4, 0x39, 0xC4, 0x39, 0xC4, 0x39, 0xC4,
    0x39, 0xC4, 0x39, 0xC4, 0x39, 0xC4, 0x39, 0xC4, 0x39, 0xC4, 0x39, 0xC4, 0x39, 0xC4, 0x39, 0xC4,
    0x39, 0xC4, 0x39, 0xC4, 0x39, 0xC4, 0x39, 0xC4, 0x39, 0xC4, 0x39, 0xC4, 0x39, 0xC4, 0x39, 0xC4,
    0x39, 0xC4, 0x39, 0xC4, 0x39, 0xC4, 0x39, 0xC4, 0x39, 0xC4, 0x39, 0xC4, 0x39, 0xC4, 0x39, 0xC4,
    0x39, 0xC4, 0x39, 0xC4, 0x39, 0xC4, 0x39, 0xC4, 0x39, 0xC4, 0x39, 0xC4, 0x39, 0xC4, 0x39, 0xC4,
    0x39, 0xC4, 0x39, 0xC4, 0x39, 0xC4, 0x39, 0xC4, 0x39, 0xC4, 0x39, 0xC4, 0x39, 0xC4, 0x39, 0xC4,
    0x39, 0xC4, 0x39, 0xC4, 0x39, 0xC4, 0x39, 0xC4, 0x39, 0xC4, 0x39, 0xC4, 0x39, 0xC4, 0x39, 0xC4,
    0x39, 0xC4, 0x39, 0xC4, 0x39, 0xC4, 0x39, 0xC4, 0x39, 0xC4, 0x39, 0xC4, 0x39, 0xC4, 0x39, 0xC4,
    0x39, 0xC4, 0x39, 0xC4, 0x39, 0xC4, 0x39, 0xC4, 0x39, 0xC4, 0x39, 0xC4, 0x39, 0xC4, 0x39, 0xC4,
    0x39, 0xC4, 0x39, 0xC4, 0x39, 0xC4, 0x39, 0xC4, 0x39, 0xC4, 0x39, 0xC4, 0x39, 0xC4, 0x39, 0xC4,
    0x39, 0xC4, 0x39, 0xC4, 0x39, 0xC4, 0x39, 0xC4, 0x39, 0xC4, 0x39, 0xC4, 0x39, 0xC4, 0x39, 0xC4,
    0x39, 0xC4, 0x39, 0xC4, 0x39, 0xC4, 0x39, 0xC4, 0x39, 0xC4, 0x39, 0xC4, 0x39, 0xC4, 0x39, 0xC4,
    0x39, 0xC4, 0x39, 0xC4, 0x39, 0xC4, 0x39, 0xC4, 0x39, 0xC4, 0x39, 0xC4, 0x39, 0xC4, 0x39, 0xC4,
    0x39, 0xC4, 0x39, 0xC4, 0x39, 0xC4, 0x39, 0xC4, 0x39, 0xC4, 0x39, 0xC4, 0x39, 0xC4, 0x39, 0xC4,
    0x39, 0xC4, 0x39, 0xC4, 0x39, 0xC4, 0x39, 0xC4, 0x39, 0xC4, 0x39, 0xC4, 0x39, 0xC4, 0x39, 0xC4,
    0x39, 0xC4, 0x39, 0xC4, 0x39, 0xC4, 0x39, 0xC4, 0x39, 0xC4, 0x39, 0xC4, 0x39, 0xC4, 0x39, 0xC4,
    0x39, 0xC4, 0x39, 0xC4, 0x39, 0xC4, 0x39, 0xC4, 0x39, 0xC4, 0x39, 0xC4, 0x39, 0xC4, 0x39, 0xC4,
    0x39, 0xC4, 0x39, 0xC4, 0x39, 0xC4, 0x39, 0xC4, 0x39, 0xC4, 0x39, 0xC4, 0x39, 0xC4, 0x39, 0xC4,
    0x39, 0xC4, 0x39, 0xC4, 0x39, 0xC4, 0x39, 0xC4, 0x39, 0xC4, 0x39, 0xC4, 0x39, 0xC4, 0x39, 0xC4,
    0x39, 0xC4, 0x39, 0xC4, 0x39, 0xC4, 0x39, 0xC4, 0x39, 0xC4, 0x39, 0xC4, 0x39, 0xC4, 0x39, 0xC4,
    0x39, 0xC4, 0x39, 0xC4, 0x39, 0xC4, 0x39, 0xC4, 0x39, 0xC4, 0x39, 0xC4, 0x39, 0xC4, 0x39, 0xC4,
    0x39, 0xC4, 0x39, 0xC4, 0x39, 0xC4, 0x39, 0xC4, 0x39, 0xC4, 0x39, 0xC4, 0x39, 0xC4, 0x39, 0xC4,
    0x39, 0xC4, 0x39, 0xC4, 0x39, 0xC4, 0x39, 0xC4, 0x39, 0xC4, 0x39, 0xC4, 0x39, 0xC4, 0x39, 0xC4,
    0x39, 0xC4, 0x39, 0xC4, 0x39, 0xC4, 0x39, 0xC4, 0x39, 0xC4, 0x39, 0xC4, 0x39, 0xC4, 0x39, 0xC4,
    0x39, 0xC4, 0x39, 0xC4, 0x39, 0xC4, 0x39, 0xC4, 0x39, 0xC4, 0x39, 0xC4, 0x39, 0xC4, 0x39, 0xC4,
    0x39, 0xC4, 0x39, 0xC4, 0x39, 0xC4, 0x39, 0xC4, 0x39, 0xC4, 0x39, 0xC4, 0x39, 0xC4, 0x39, 0xC4,
    0x39, 0xC4, 0x39, 0xC4, 0x39, 0xC4, 0x39, 0xC4, 0x39, 0xC4, 0x39, 0xC4, 0x39, 0xC4, 0x39, 0xC4,
    0x39, 0xC4, 0x39, 0xC4, 0x39, 0xC4, 0x39, 0xC4, 0x39, 0xC4, 0x39, 0xC4, 0x39, 0xC4, 0x39, 0xC4,
    0x39, 0xC4, 0x39, 0xC4, 0x39, 0xC4, 0x39, 0xC4, 0x39, 0xC4, 0x39, 0xC4, 0x39, 0xC4, 0x39, 0xC4,
    0x39, 0xC4, 0x39, 0xC4, 0x39, 0xC4, 0x39, 0xC4, 0x39, 0xC4, 0x39, 0xC4, 0x39, 0xC4, 0x39, 0xC4,
    0x39, 0xC4, 0x39, 0xC4, 0x39, 0xC4, 0x39, 0xC4, 0x39, 0xC4, 0x39, 0xC4, 0x39, 0xC4, 0x39, 0xC4,
    0x39, 0xC4, 0x39, 0xC4, 0x39, 0xC4, 0x39, 0xC4, 0x39, 0xC4, 0x39, 0xC4, 0x39, 0xC4, 0x39, 0xC4,
    0x39, 0xC4, 0x39, 0xC4, 0x39, 0xC4, 0x39, 0xC4, 0x39, 0xC4, 0x39, 0xC4, 0x39, 0xC4, 0x39, 0xC4,
    0x39, 0xC4, 0x39, 0xC4, 0x39, 0xC4, 0x39, 0xC4, 0x39, 0xC4, 0x39, 0xC4, 0x39, 0xC4, 0x39, 0xC4,
    0x39, 0xC4, 0x39, 0xC4, 0x39, 0xC4, 0x39, 0xC4, 0x39, 0xC4, 0x39, 0xC4, 0x39, 0xC4, 0x39, 0xC4,
    0x39, 0xC4, 0x39, 0xC4, 0x39, 0xC4, 0x39, 0xC4, 0x39, 0xC4, 0x39, 0xC4, 0x39, 0xC4, 0x39, 0xC4,
    0x39, 0xC4, 0x39, 0xC4, 0x39, 0xC4, 0x39, 0xC4, 0x39, 0xC4, 0x39, 0xC4, 0x39, 0xC4, 0x39, 0xC4,
    0x39, 0xC4, 0x39, 0xC4, 0x39, 0xC4, 0x39, 0xC4, 0x39, 0xC4, 0x39, 0xC4, 0x39, 0xC4, 0x39, 0xC4,
    0x39, 0xC4, 0x39, 0xC4, 0x39, 0xC4, 0x39, 0xC4, 0x39, 0xC4, 0x39, 0xC4, 0x39, 0xC4, 0x39, 0xC4,
    0x39, 0xC4, 0x39, 0xC4, 0x39, 0xC4, 0x39, 0xC4, 0x39, 0xC4, 0x39, 0xC4, 0x39, 0xC4, 0x39, 0xC4,
    0x39, 0xC4, 0x39, 0xC4, 0x39, 0xC4, 0x39, 0xC4, 0x39, 0xC4, 0x39, 0xC4, 0x39, 0xC4, 0x39, 0xC4,
    0x39, 0xC4, 0x39, 0xC4, 0x39, 0xC4, 0x39, 0xC4, 0x39, 0xC4, 0x39, 0xC4, 0x39, 0xC4, 0x39, 0xC4,
    0x39, 0xC4, 0x39, 0xC4, 0x39, 0xC4, 0x39, 0xC4, 0x39, 0xC4, 0x39, 0xC4, 0x39, 0xC4, 0x39, 0xC4,
    0x39, 0xC4, 0x39, 0xC4, 0x39, 0xC4, 0x39, 0xC4, 0x39, 0xC4, 0x39, 0xC4, 0x39, 0xC4, 0x39, 0xC4,
    0x39, 0xC4, 0x39, 0xC4, 0x39, 0xC4, 0x39, 0xC4, 0x39, 0xC4, 0x39, 0xC4, 0x39, 0xC4, 0x39, 0xC4,
    0x39, 0xC4, 0x39, 0xC4, 0x39, 0xC4, 0x39, 0xC4, 0x39, 0xC4, 0x39, 0xC4, 0x39, 0xC4, 0x39, 0xC4,
    0x39, 0xC4, 0x39, 0xC4, 0x39, 0xC4, 0x39, 0xC4, 0x39, 0xC4, 0x39, 0xC4, 0x39, 0xC4, 0x39, 0xC4,
    0x39, 0xC4, 0x39, 0xC4, 0x39, 0xC4, 0x39, 0xC4, 0x39, 0xC4, 0x39, 0xC4, 0x39, 0xC4, 0x39, 0xC4,
    0x39, 0xC4, 0x39, 0xC4, 0x39, 0xC4, 0x39, 0xC4, 0x39, 0xC4, 0x39, 0xC4, 0x39, 0xC4, 0x39, 0xC4,
    0x39, 0xC4, 0x39, 0xC4, 0x39, 0xC4, 0x39, 0xC4, 0x39, 0xC4, 0x39, 0xC4, 0x39, 0xC4, 0x39, 0xC4,
    0x39, 0xC4, 0x39, 0xC4, 0x39, 0xC4, 0x39, 0xC4, 0x39, 0xC4, 0x39, 0xC4, 0x39, 0xC4, 0x39, 0xC4,
    0x39, 0xC4, 0x39, 0xC4, 0x39, 0xC4, 0x39, 0xC4, 0x39, 0xC4, 0x39, 0xC4, 0x39, 0xC4, 0x39, 0xC4,
    0x39, 0xC4, 0x39, 0xC4, 0x39, 0xC4, 0x39, 0xC4, 0x39, 0xC4, 0x39, 0xC4, 0x39, 0xC4, 0x39, 0xC4,
    0x39, 0xC4, 0x39, 0xC4, 0x39, 0xC4, 0x39, 0xC4, 0x39, 0xC4, 0x39, 0xC4, 0x39, 0xC4, 0x39, 0xC4,
    0x39, 0xC4, 0x39, 0xC4, 0x39, 0xC4, 0x39, 0xC4, 0x39, 0xC4, 0x39, 0xC4, 0x39, 0xC4, 0x39, 0xC4,
    0x39, 0xC4, 0x39, 0xC4, 0x39, 0xC4, 0x39, 0xC4, 0x39, 0xC4, 0x39, 0xC4, 0x39, 0xC4, 0x39, 0xC4,
    0x39, 0xC4, 0x39, 0xC4, 0x39, 0xC4, 0x39, 0xC4, 0x39, 0xC4, 0x39, 0xC4, 0x39, 0xC4, 0x39, 0xC4,
    0x39, 0xC4, 0x39, 0xC4, 0x39, 0xC4, 0x39, 0xC4, 0x39, 0xC4, 0x39, 0xC4, 0x39, 0xC4, 0x39, 0xC4,
    0x39, 0xC4, 0x39, 0xC4, 0x39, 0xC4, 0x39, 0xC4, 0x39, 0xC4, 0x39, 0xC4, 0x39, 0xC4, 0x39, 0xC4,
    0x39, 0xC4, 0x39, 0xC4, 0x39, 0xC4, 0x39, 0xC4, 0x39, 0xC4, 0x39, 0xC4, 0x39, 0xC4, 0x39, 0xC4,
    0x39, 0xC4, 0x39, 0xC4, 0x39, 0xC4, 0x39, 0xC4, 0x39, 0xC4, 0x39, 0xC4, 0x39, 0xC4, 0x39, 0xC4,
    0x39, 0xC4, 0x39, 0xC4, 0x39, 0xC4, 0x39, 0xC4, 0x39, 0xC4, 0x39, 0xC4, 0x39, 0xC4, 0x39, 0xC4,
    0x39, 0xC4, 0x39, 0xC4, 0x39, 0xC4, 0x39, 0xC4, 0x39, 0xC4, 0x39, 0xC4, 0x39, 0xC4, 0x39, 0xC4,
    0x39, 0xC4, 0x39, 0xC4, 0x39, 0xC4, 0x39, 0xC4, 0x39, 0xC4, 0x39, 0xC4, 0x39, 0xC4, 0x39, 0xC4,
    0x39, 0xC4, 0x39, 0xC4, 0x39, 0xC4, 0x39, 0xC4, 0x39, 0xC4, 0x39, 0xC4, 0x39, 0xC4, 0x39, 0xC4,
    0x39, 0xC4, 0x39, 0xC4, 0x39, 0xC4, 0x39, 0xC4, 0x39, 0xC4, 0x39, 0xC4, 0x39, 0xC4, 0x39, 0xC4,
    0x39, 0xC4, 0x39, 0xC4, 0x39, 0xC4, 0x39, 0xC4, 0x39, 0xC4, 0x39, 0xC4, 0x39, 0xC4, 0x39, 0xC4,
    0x39, 0xC4, 0x39, 0xC4, 0x39, 0xC4, 0x39, 0xC4, 0x39, 0xC4, 0x39, 0xC4, 0x39, 0xC4, 0x39, 0xC4,
    0x39, 0xC4, 0x39, 0xC4, 0x39, 0xC4, 0x39, 0xC4, 0x39, 0xC4, 0x39, 0xC4, 0x39, 0xC4, 0x39, 0xC4,
    0x39, 0xC4, 0x39, 0xC4, 0x39, 0xC4, 0x39, 0xC4, 0x39, 0xC4, 0x39, 0xC4, 0x39, 0xC4, 0x39, 0xC4,
    0x39, 0xC4, 0x39, 0xC4, 0x39, 0xC4, 0x39, 0xC4, 0x39, 0xC4, 0x39, 0xC4, 0x39, 0xC4, 0x39, 0xC4,
    0x39, 0xC4, 0x39, 0xC4, 0x39, 0xC4, 0x39, 0xC4, 0x39, 0xC4, 0x39, 0xC4, 0x39, 0xC4, 0x39, 0xC4,
    0x39, 0xC4, 0x39, 0xC4, 0x39, 0xC4, 0x39, 0xC4, 0x39, 0xC4, 0x39, 0xC4, 0x39, 0xC4, 0x39, 0xC4,
    0x39, 0xC4, 0x39, 0xC4, 0x39, 0xC4, 0x39, 0xC4, 0x39, 0xC4, 0x39, 0xC4, 0x39, 0xC4, 0x39, 0xC4,
    0x39, 0xC4, 0x39, 0xC4, 0x39, 0xC4, 0x39, 0xC4, 0x39, 0xC4, 0x39, 0xC4, 0x39, 0xC4, 0x39, 0xC4,
    0x39, 0xC4, 0x39, 0xC4, 0x39, 0xC4, 0x39, 0xC4, 0x39, 0xC4, 0x39, 0xC4, 0x39, 0xC4, 0x39, 0xC4,
    0x39, 0xC4, 0x39, 0xC4, 0x39, 0xC4, 0x39, 0xC4, 0x39, 0xC4, 0x39, 0xC4, 0x39, 0xC4, 0x39, 0xC4,
    0x39, 0xC4, 0x39, 0xC4, 0x39, 0xC4, 0x39, 0xC4, 0x39, 0xC4, 0x39, 0xC4, 0x39, 0xC4, 0x39, 0xC4,
    0x39, 0xC4, 0x39, 0xC4, 0x39, 0xC4, 0x39, 0xC4, 0x39, 0xC4, 0x39, 0xC4, 0x39, 0xC4, 0x39, 0xC4,
    0x39, 0xC4, 0x39, 0xC4, 0x39, 0xC4, 0x39, 0xC4, 0x39, 0xC4, 0x39, 0xC4, 0x39, 0xC4, 0x39, 0xC4,
    0x39, 0xC4, 0x39, 0xC4, 0x39, 0xC4, 0x39, 0xC4, 0x39, 0xC4, 0x39, 0xC4, 0x39, 0xC4, 0x39, 0xC4,
    0x39, 0xC4, 0x39, 0xC4, 0x39, 0xC4, 0x39, 0xC4, 0x39, 0xC4, 0x39, 0xC4, 0x39, 0xC4, 0x39, 0xC4,
    0x39, 0xC4, 0x39, 0xC4, 0x39, 0xC4, 0x39, 0xC4, 0x39, 0xC4, 0x39, 0xC4, 0x39, 0xC4, 0x39, 0xC4,
    0x39, 0xC4, 0x39, 0xC4, 0x39, 0xC4, 0x39, 0xC4, 0x39, 0xC4, 0x39, 0xC4, 0x39, 0xC4, 0x39, 0xC4,
    0x39, 0xC4, 0x39, 0xC4, 0x39, 0xC4, 0x39, 0xC4, 0x39, 0xC4, 0x39, 0xC4, 0x39, 0xC4, 0x39, 0xC4,
    0x39, 0xC4, 0x39, 0xC4, 0x39, 0xC4, 0x39, 0xC4, 0x39, 0xC4, 0x39, 0xC4, 0x39, 0xC4, 0x39, 0xC4,
    0x39, 0xC4, 0x39, 0xC4, 0x39, 0xC4, 0x39, 0xC4, 0x39, 0xC4, 0x39, 0xC4, 0x39, 0xC4, 0x39, 0xC4,
    0x39, 0xC4, 0x39, 0xC4, 0x39, 0xC4, 0x39, 0xC4, 0x39, 0xC4, 0x39, 0xC4, 0x39, 0xC4, 0x39, 0xC4,
    0x39, 0xC4, 0x39, 0xC4, 0x39, 0xC4, 0x39, 0xC4, 0x39, 0xC4, 0x39, 0xC4, 0x39, 0xC4, 0x39, 0xC4,
    0x39, 0xC4, 0x39, 0xC4, 0x39, 0xC4, 0x39, 0xC4, 0x39, 0xC4, 0x39, 0xC4, 0x39, 0xC4, 0x39, 0xC4,
    0x39, 0xC4, 0x39, 0xC4, 0x39, 0xC4, 0x39, 0xC4, 0x39, 0xC4, 0x39, 0xC4, 0x39, 0xC4, 0x39, 0xC4,
    0x39, 0xC4, 0x39, 0xC4, 0x39, 0xC4, 0x39, 0xC4, 0x39, 0xC4, 0x39, 0xC4, 0x39, 0xC4, 0x39, 0xC4,
    0x39, 0xC4, 0x39, 0xC4, 0x39, 0xC4, 0x39, 0xC4, 0x39, 0xC4, 0x39, 0xC4, 0x39, 0xC4, 0x39, 0xC4,
    0x39, 0xC4, 0x39, 0xC4, 0x39, 0xC4, 0x39, 0xC4, 0x39, 0xC4, 0x39, 0xC4, 0x39, 0xC4, 0x39, 0xC4,
    0x39, 0xC4, 0x39, 0xC4, 0x39, 0xC4, 0x39, 0xC4, 0x39, 0xC4, 0x39, 0xC4, 0x39, 0xC4, 0x39, 0xC4,
    0x39, 0xC4, 0x39, 0xC4, 0x39, 0xC4, 0x39, 0xC4, 0x39, 0xC4, 0x39, 0xC4, 0x39, 0xC4, 0x39, 0xC4,
    0x39, 0xC4, 0x39, 0xC4, 0x39, 0xC4, 0x39, 0xC4, 0x39, 0xC4, 0x39, 0xC4, 0x39, 0xC4, 0x39, 0xC4,
    0x39, 0xC4, 0x39, 0xC4, 0x39, 0xC4, 0x39, 0xC4, 0x39, 0xC4, 0x39, 0xC4, 0x39, 0xC4, 0x39, 0xC4,
    0x39, 0xC4, 0x39, 0xC4, 0x39, 0xC4, 0x39, 0xC4, 0x39, 0xC4, 0x39, 0xC4, 0x39, 0xC4, 0x39, 0xC4,
    0x39, 0xC4, 0x39, 0xC4, 0x39, 0xC4, 0x39, 0xC4, 0x39, 0xC4, 0x39, 0xC4, 0x39, 0xC4, 0x39, 0xC4,
    0x39, 0xC4, 0x39, 0xC4, 0x39, 0xC4, 0x39, 0xC4, 0x39, 0xC4, 0x39, 0xC4, 0x39, 0xC4, 0x39, 0xC4,
    0x39, 0xC4, 0x39, 0xC4, 0x39, 0xC4, 0x39, 0xC4, 0x39, 0xC4, 0x39, 0xC4, 0x39, 0xC4, 0x39, 0xC4,
    0x39, 0xC4, 0x39, 0xC4, 0x39, 0xC4, 0x39, 0xC4, 0x39, 0xC4, 0x39, 0xC4, 0x39, 0xC4, 0x39, 0xC4,
    0x39, 0xC4, 0x39, 0xC4, 0x39, 0xC4, 0x39, 0xC4, 0x39, 0xC4, 0x39, 0xC4, 0x39, 0xC4, 0x39, 0xC4,
    0x39, 0xC4, 0x39, 0xC4, 0x39, 0xC4, 0x39, 0xC4, 0x39, 0xC4, 0x39, 0xC4, 0x39, 0xC4, 0x39, 0xC4,
    0x39, 0xC4, 0x39, 0xC4, 0x39, 0xC4, 0x39, 0xC4, 0x39, 0xC4, 0x39, 0xC4, 0x39, 0xC4, 0x39, 0xC4,
    0x39, 0xC4, 0x39, 0xC4, 0x39, 0xC4, 0x39, 0xC4, 0x39, 0xC4, 0x39, 0xC4, 0x39, 0xC4, 0x39, 0xC4,
    0x39, 0xC4, 0x39, 0xC4, 0x39, 0xC4, 0x39, 0xC4, 0x39, 0xC4, 0x39, 0xC4, 0x39, 0xC4, 0x39, 0xC4,
    0x39, 0xC4, 0x39, 0xC4, 0x39, 0xC4, 0x39, 0xC4, 0x39, 0xC4, 0x39, 0xC4, 0x39, 0xC4, 0x39, 0xC4,
    0x39, 0xC4, 0x39, 0xC4, 0x39, 0xC4, 0x39, 0xC4, 0x39, 0xC4, 0x39, 0xC4, 0x39, 0xC4, 0x39, 0xC4,
    0x39, 0xC4, 0x39, 0xC4, 0x39, 0xC4, 0x39, 0xC4, 0x39, 0xC4, 0x39, 0xC4, 0x39, 0xC4, 0x39, 0xC4,
    0x39, 0xC4, 0x39, 0xC4, 0x39, 0xC4, 0x39, 0xC4, 0x39, 0xC4, 0x39, 0xC4, 0x39, 0xC4, 0x39, 0xC4,
    0x39, 0xC4, 0x39, 0xC4, 0x39, 0xC4, 0x39, 0xC4, 0x39, 0xC4, 0x39, 0xC4, 0x39, 0xC4, 0x39, 0xC4,
    0x39, 0xC4, 0x39, 0xC4, 0x39, 0xC4, 0x39, 0xC4, 0x39, 0xC4, 0x39, 0xC4, 0x39, 0xC4, 0x39, 0xC4,
    0x39, 0xC4, 0x39, 0xC4, 0x39, 0xC4, 0x39, 0xC4, 0x39, 0xC4, 0x39, 0xC4, 0x39, 0xC4, 0x39, 0xC4,
    0x39, 0xC4, 0x39, 0xC4, 0x39, 0xC4, 0x39, 0xC4, 0x39, 0xC4, 0x39, 0xC4, 0x39, 0xC4, 0x39, 0xC4,
    0x39, 0xC4, 0x39, 0xC4, 0x39, 0xC4, 0x39, 0xC4, 0x39, 0xC4, 0x39, 0xC4, 0x39, 0xC4, 0x39, 0xC4,
    0x39, 0xC4, 0x39, 0xC4, 0x39, 0xC4, 0x39, 0xC4, 0x39, 0xC4, 0x39, 0xC4, 0x39, 0xC4, 0x39, 0xC4,
    0x39, 0xC4, 0x39, 0xC4, 0x39, 0xC4, 0x39, 0xC4, 0x39, 0xC4, 0x39, 0xC4, 0x39, 0xC4, 0x39, 0xC4,
    0x39, 0xC4, 0x39, 0xC4, 0x39, 0xC4, 0x39, 0xC4, 0x39, 0xC4, 0x39, 0xC4, 0x39, 0xC4, 0x39, 0xC4,
    0x39, 0xC4, 0x39, 0xC4, 0x39, 0xC4, 0x39, 0xC4, 0x39, 0xC4, 0x39, 0xC4, 0x39, 0xC4, 0x39, 0xC4,
    0x39, 0xC4, 0x39, 0xC4, 0x39, 0xC4, 0x39, 0xC4, 0x39, 0xC4, 0x39, 0xC4, 0x39, 0xC4, 0x39, 0xC4,
    0x39, 0xC4, 0x39, 0xC4, 0x39, 0xC4, 0x39, 0xC4, 0x39, 0xC4, 0x39, 0xC4, 0x39, 0xC4, 0x39, 0xC4,
    0x39, 0xC4, 0x39, 0xC4, 0x39, 0xC4, 0x39, 0xC4, 0x39, 0xC4, 0x39, 0xC4, 0x39, 0xC4, 0x39, 0xC4,
    0x39, 0xC4, 0x39, 0xC4, 0x39, 0xC4, 0x39, 0xC4, 0x39, 0xC4, 0x39, 0xC4, 0x39, 0xC4, 0x39, 0xC4,
    0x39, 0xC4, 0x39, 0xC4, 0x39, 0xC4, 0x39, 0xC4, 0x39, 0xC4, 0x39, 0xC4, 0x39, 0xC4, 0x39, 0xC4,
    0x39, 0xC4, 0x39, 0xC4, 0x39, 0xC4, 0x39, 0xC4, 0x39, 0xC4, 0x39, 0xC4, 0x39, 0xC4, 0x39, 0xC4,
    0x39, 0xC4, 0x39, 0xC4, 0x39, 0xC4, 0x39, 0xC4, 0x39, 0xC4, 0x39, 0xC4, 0x39, 0xC4, 0x39, 0xC4,
    0x39, 0xC4, 0x39, 0xC4, 0x39, 0xC4, 0x39, 0xC4, 0x39, 0xC4, 0x39, 0xC4, 0x39, 0xC4, 0x39, 0xC4,
    0x39, 0xC4, 0x39, 0xC4, 0x39, 0xC4, 0x39, 0xC4, 0x39, 0xC4, 0x39, 0xC4, 0x39, 0xC4, 0x39, 0xC4,
    0x39, 0xC4, 0x39, 0xC4, 0x39, 0xC4, 0x39, 0xC4, 0x39, 0xC4, 0x39, 0xC4, 0x39, 0xC4, 0x39, 0xC4,
    0x39, 0xC4, 0x39, 0xC4, 0x39, 0xC4, 0x39, 0xC4, 0x39, 0xC4, 0x39, 0xC4, 0x39, 0xC4, 0x39, 0xC4,
    0x39, 0xC4, 0x39, 0xC4, 0x39, 0xC4, 0x39, 0xC4, 0x39, 0xC4, 0x39, 0xC4, 0x39, 0xC4, 0x39, 0xC4,
    0x39, 0xC4, 0x39, 0xC4, 0x39, 0xC4, 0x39, 0xC4, 0x39, 0xC4, 0x39, 0xC4, 0x39, 0xC4, 0x39, 0xC4,
    0x59, 0xC4, 0x59, 0xC4, 0x59, 0xC4, 0x59, 0xC4, 0x59, 0xC4, 0x59, 0xC4, 0x59, 0xC4, 0x59, 0xC4,
    0x59, 0xC4, 0x59, 0xC4, 0x59, 0xC4, 0x59, 0xC4, 0x59, 0xC4, 0x59, 0xC4, 0x59, 0xC4, 0x59, 0xC4,
    0x59, 0xC4, 0x59, 0xC4, 0x59, 0xC4, 0x59, 0xC4, 0x59, 0xC4, 0x59, 0xC4, 0x59, 0xC4, 0x59, 0xC4,
    0x59, 0xC4, 0x59, 0xC4, 0x59, 0xC4, 0x59, 0xC4, 0x59, 0xC4, 0x59, 0xC4, 0x59, 0xC4, 0x59, 0xC4,
    0x59, 0xC4, 0x59, 0xC4, 0x59, 0xC4, 0x59, 0xC4, 0x59, 0xC4, 0x59, 0xC4, 0x59, 0xC4, 0x59, 0xC4,
    0x59, 0xC4, 0x59, 0xC4, 0x59, 0xC4, 0x59, 0xC4, 0x59, 0xC4, 0x59, 0xC4, 0x59, 0xC4, 0x59, 0xC4,
    0x59, 0xC4, 0x59, 0xC4, 0x59, 0xC4, 0x59, 0xC4, 0x59, 0xC4, 0x59, 0xC4, 0x59, 0xC4, 0x59, 0xC4,
    0x59, 0xC4, 0x59, 0xC4, 0x59, 0xC4, 0x59, 0xC4, 0x59, 0xC4, 0x59, 0xC4, 0x59, 0xC4, 0x59, 0xC4,
    0x59, 0xC4, 0x59, 0xC4, 0x59, 0xC4, 0x59, 0xC4, 0x59, 0xC4, 0x59, 0xC4, 0x59, 0xC4, 0x59, 0xC4,
    0x59, 0xC4, 0x59, 0xC4, 0x59, 0xC4, 0x59, 0xC4, 0x59, 0xC4, 0x59, 0xC4, 0x59, 0xC4, 0x59, 0xC4,
    0x59, 0xC4, 0x59, 0xC4, 0x59, 0xC4, 0x59, 0xC4, 0x59, 0xC4, 0x59, 0xC4, 0x59, 0xC4, 0x59, 0xC4,
    0x59, 0xC4, 0x59, 0xC4, 0x59, 0xC4, 0x59, 0xC4, 0x59, 0xC4, 0x59, 0xC4, 0x59, 0xC4, 0x59, 0xC4,
    0x59, 0xC4, 0x59, 0xC4, 0x59, 0xC4, 0x59, 0xC4, 0x59, 0xC4, 0x59, 0xC4, 0x59, 0xC4, 0x59, 0xC4,
    0x59, 0xC4, 0x59, 0xC4, 0x59, 0xC4, 0x59, 0xC4, 0x59, 0xC4, 0x59, 0xC4, 0x59, 0xC4, 0x59, 0xC4,
    0x59, 0xC4, 0x59, 0xC4, 0x59, 0xC4, 0x59, 0xC4, 0x59, 0xC4, 0x59, 0xC4, 0x59, 0xC4, 0x59, 0xC4,
    0x59, 0xC4, 0x59, 0xC4, 0x59, 0xC4, 0x59, 0xC4, 0x59, 0xC4, 0x59, 0xC4, 0x59, 0xC4, 0x59, 0xC4,
    0x59, 0xC4, 0x59, 0xC4, 0x59, 0xC4, 0x59, 0xC4, 0x59, 0xC4, 0x59, 0xC4, 0x59, 0xC4, 0x59, 0xC4,
    0x59, 0xC4, 0x59, 0xC4, 0x59, 0xC4, 0x59, 0xC4, 0x59, 0xC4, 0x59, 0xC4, 0x59, 0xC4, 0x59, 0xC4,
    0x59, 0xC4, 0x59, 0xC4, 0x59, 0xC4, 0x59, 0xC4, 0x59, 0xC4, 0x59, 0xC4, 0x59, 0xC4, 0x59, 0xC4,
    0x59, 0xC4, 0x59, 0xC4, 0x59, 0xC4, 0x59, 0xC4, 0x59, 0xC4, 0x59, 0xC4, 0x59, 0xC4, 0x59, 0xC4,
    0x59, 0xC4, 0x59, 0xC4, 0x59, 0xC4, 0x59, 0xC4, 0x59, 0xC4, 0x59, 0xC4, 0x59, 0xC4, 0x59, 0xC4,
    0x59, 0xC4, 0x59, 0xC4, 0x59, 0xC4, 0x59, 0xC4, 0x59, 0xC4, 0x59, 0xC4, 0x59, 0xC4, 0x59, 0xC4,
    0x59, 0xC4, 0x59, 0xC4, 0x59, 0xC4, 0x59, 0xC4, 0x59, 0xC4, 0x59, 0xC4, 0x59, 0xC4, 0x59, 0xC4,
    0x59, 0xC4, 0x59, 0xC4, 0x59, 0xC4, 0x59, 0xC4, 0x59, 0xC4, 0x59, 0xC4, 0x59, 0xC4, 0x59, 0xC4,
    0x59, 0xC4, 0x59, 0xC4, 0x59, 0xC4, 0x59, 0xC4, 0x59, 0xC4, 0x59, 0xC4, 0x59, 0xC4, 0x59, 0xC4,
    0x59, 0xC4, 0x59, 0xC4, 0x59, 0xC4, 0x59, 0xC4, 0x59, 0xC4, 0x59, 0xC4, 0x59, 0xC4, 0x59, 0xC4,
    0x59, 0xC4, 0x59, 0xC4, 0x59, 0xC4, 0x59, 0xC4, 0x59, 0xC4, 0x59, 0xC4, 0x59, 0xC4, 0x59, 0xC4,
    0x59, 0xC4, 0x59, 0xC4, 0x59, 0xC4, 0x59, 0xC4, 0x59, 0xC4, 0x59, 0xC4, 0x59, 0xC4, 0x59, 0xC4,
    0x59, 0xC4, 0x59, 0xC4, 0x59, 0xC4, 0x59, 0xC4, 0x59, 0xC4, 0x59, 0xC4, 0x59, 0xC4, 0x59, 0xC4,
    0x59, 0xC4, 0x59, 0xC4, 0x59, 0xC4, 0x59, 0xC4, 0x59, 0xC4, 0x59, 0xC4, 0x59, 0xC4, 0x59, 0xC4,
    0x59, 0xC4, 0x59, 0xC4, 0x59, 0xC4, 0x59, 0xC4, 0x59, 0xC4, 0x59, 0xC4, 0x59, 0xC4, 0x59, 0xC4,
    0x59, 0xC4, 0x59, 0xC4, 0x59, 0xC4, 0x59, 0xC4, 0x59, 0xC4, 0x59, 0xC4, 0x59, 0xC4, 0x59, 0xC4,
    0x59, 0xC4, 0x59, 0xC4, 0x59, 0xC4, 0x59, 0xC4, 0x59, 0xC4, 0x59, 0xC4, 0x59, 0xC4, 0x59, 0xC4,
    0x59, 0xC4, 0x59, 0xC4, 0x59, 0xC4, 0x59, 0xC4, 0x59, 0xC4, 0x59, 0xC4, 0x59, 0xC4, 0x59, 0xC4,
    0x59, 0xC4, 0x59, 0xC4, 0x59, 0xC4, 0x59, 0xC4, 0x59, 0xC4, 0x59, 0xC4, 0x59, 0xC4, 0x59, 0xC4,
    0x59, 0xC4, 0x59, 0xC4, 0x59, 0xC4, 0x59, 0xC4, 0x59, 0xC4, 0x59, 0xC4, 0x59, 0xC4, 0x59, 0xC4,
    0x59, 0xC4, 0x59, 0xC4, 0x59, 0xC4, 0x59, 0xC4, 0x59, 0xC4, 0x59, 0xC4, 0x59, 0xC4, 0x59, 0xC4,
    0x59, 0xC4, 0x59, 0xC4, 0x59, 0xC4, 0x59, 0xC4, 0x59, 0xC4, 0x59, 0xC4, 0x59, 0xC4, 0x59, 0xC4,
    0x59, 0xC4, 0x59, 0xC4, 0x59, 0xC4, 0x59, 0xC4, 0x59, 0xC4, 0x59, 0xC4, 0x59, 0xC4, 0x59, 0xC4,
    0x59, 0xC4, 0x59, 0xC4, 0x59, 0xC4, 0x59, 0xC4, 0x59, 0xC4, 0x59, 0xC4, 0x59, 0xC4, 0x59, 0xC4,
    0x59, 0xC4, 0x59, 0xC4, 0x59, 0xC4, 0x59, 0xC4, 0x59, 0xC4, 0x59, 0xC4, 0x59, 0xC4, 0x59, 0xC4,
    0x59, 0xC4, 0x59, 0xC4, 0x59, 0xC4, 0x59, 0xC4, 0x59, 0xC4, 0x59, 0xC4, 0x59, 0xC4, 0x59, 0xC4,
    0x59, 0xC4, 0x59, 0xC4, 0x59, 0xC4, 0x59, 0xC4, 0x59, 0xC4, 0x59, 0xC4, 0x59, 0xC4, 0x59, 0xC4,
    0x59, 0xC4, 0x59, 0xC4, 0x59, 0xC4, 0x59, 0xC4, 0x59, 0xC4, 0x59, 0xC4, 0x59, 0xC4, 0x59, 0xC4,
    0x59, 0xC4, 0x59, 0xC4, 0x59, 0xC4, 0x59, 0xC4, 0x59, 0xC4, 0x59, 0xC4, 0x59, 0xC4, 0x59, 0xC4,
    0x59, 0xC4, 0x59, 0xC4, 0x59, 0xC4, 0x59, 0xC4, 0x59, 0xC4, 0x59, 0xC4, 0x59, 0xC4, 0x59, 0xC4,
    0x59, 0xC4, 0x59, 0xC4, 0x59, 0xC4, 0x59, 0xC4, 0x59, 0xC4, 0x59, 0xC4, 0x59, 0xC4, 0x59, 0xC4,
    0x59, 0xC4, 0x59, 0xC4, 0x59, 0xC4, 0x59, 0xC4, 0x59, 0xC4, 0x59, 0xC4, 0x59, 0xC4, 0x59, 0xC4,
    0x59, 0xC4, 0x59, 0xC4, 0x59, 0xC4, 0x59, 0xC4, 0x59, 0xC4, 0x59, 0xC4, 0x59, 0xC4, 0x59, 0xC4,
    0x59, 0xC4, 0x59, 0xC4, 0x59, 0xC4, 0x59, 0xC4, 0x59, 0xC4, 0x59, 0xC4, 0x59, 0xC4, 0x59, 0xC4,
    0x59, 0xC4, 0x59, 0xC4, 0x59, 0xC4, 0x59, 0xC4, 0x59, 0xC4, 0x59, 0xC4, 0x59, 0xC4, 0x59, 0xC4,
    0x59, 0xC4, 0x59, 0xC4, 0x59, 0xC4, 0x59, 0xC4, 0x59, 0xC4, 0x59, 0xC4, 0x59, 0xC4, 0x59, 0xC4,
    0x59, 0xC4, 0x59, 0xC4, 0x59, 0xC4, 0x59, 0xC4, 0x59, 0xC4, 0x59, 0xC4, 0x59, 0xC4, 0x59, 0xC4,
    0x59, 0xC4, 0x59, 0xC4, 0x59, 0xC4, 0x59, 0xC4, 0x59, 0xC4, 0x59, 0xC4, 0x59, 0xC4, 0x59, 0xC4,
    0x59, 0xC4, 0x59, 0xC4, 0x59, 0xC4, 0x59, 0xC4, 0x59, 0xC4, 0x59, 0xC4, 0x59, 0xC4, 0x59, 0xC4,
    0x59, 0xC4, 0x59, 0xC4, 0x59, 0xC4, 0x59, 0xC4, 0x59, 0xC4, 0x59, 0xC4, 0x59, 0xC4, 0x59, 0xC4,
    0x59, 0xC4, 0x59, 0xC4, 0x59, 0xC4, 0x59, 0xC4, 0x59, 0xC4, 0x59, 0xC4, 0x59, 0xC4, 0x59, 0xC4,
    0x59, 0xC4, 0x59, 0xC4, 0x59, 0xC4, 0x59, 0xC4, 0x59, 0xC4, 0x59, 0xC4, 0x59, 0xC4, 0x59, 0xC4,
    0x59, 0xC4, 0x59, 0xC4, 0x59, 0xC4, 0x59, 0xC4, 0x59, 0xC4, 0x59, 0xC4, 0x59, 0xC4, 0x59, 0xC4,
    0x59, 0xC4, 0x59, 0xC4, 0x59, 0xC4, 0x59, 0xC4, 0x59, 0xC4, 0x59, 0xC4, 0x59, 0xC4, 0x59, 0xC4,
    0x59, 0xC4, 0x59, 0xC4, 0x59, 0xC4, 0x59, 0xC4, 0x59, 0xC4, 0x59, 0xC4, 0x59, 0xC4, 0x59, 0xC4,
    0x59, 0xC4, 0x59, 0xC4, 0x59, 0xC4, 0x59, 0xC4, 0x59, 0xC4, 0x59, 0xC4, 0x59, 0xC4, 0x59, 0xC4,
    0x59, 0xC4, 0x59, 0xC4, 0x59, 0xC4, 0x59, 0xC4, 0x59, 0xC4, 0x59, 0xC4, 0x59, 0xC4, 0x59, 0xC4,
    0x59, 0xC4, 0x59, 0xC4, 0x59, 0xC4, 0x59, 0xC4, 0x59, 0xC4, 0x59, 0xC4, 0x59, 0xC4, 0x59, 0xC4,
    0x59, 0xC4, 0x59, 0xC4, 0x59, 0xC4, 0x59, 0xC4, 0x59, 0xC4, 0x59, 0xC4, 0x59, 0xC4, 0x59, 0xC4,
    0x59, 0xC4, 0x59, 0xC4, 0x59, 0xC4, 0x59, 0xC4, 0x59, 0xC4, 0x59, 0xC4, 0x59, 0xC4, 0x59, 0xC4,
    0x59, 0xC4, 0x59, 0xC4, 0x59, 0xC4, 0x59, 0xC4, 0x59, 0xC4, 0x59, 0xC4, 0x59, 0xC4, 0x59, 0xC4,
    0x59, 0xC4, 0x59, 0xC4, 0x59, 0xC4, 0x59, 0xC4, 0x59, 0xC4, 0x59, 0xC4, 0x59, 0xC4, 0x59, 0xC4,
    0x59, 0xC4, 0x59, 0xC4, 0x59, 0xC4, 0x59, 0xC4, 0x59, 0xC4, 0x59, 0xC4, 0x59, 0xC4, 0x59, 0xC4,
    0x59, 0xC4, 0x59, 0xC4, 0x59, 0xC4, 0x59, 0xC4, 0x59, 0xC4, 0x59, 0xC4, 0x59, 0xC4, 0x59, 0xC4,
    0x59, 0xC4, 0x59, 0xC4, 0x59, 0xC4, 0x59, 0xC4, 0x59, 0xC4, 0x59, 0xC4, 0x59, 0xC4, 0x59, 0xC4,
    0x59, 0xC4, 0x59, 0xC4, 0x59, 0xC4, 0x59, 0xC4, 0x59, 0xC4, 0x59, 0xC4, 0x59, 0xC4, 0x59, 0xC4,
    0x59, 0xC4, 0x59, 0xC4, 0x59, 0xC4, 0x59, 0xC4, 0x59, 0xC4, 0x59, 0xC4, 0x59, 0xC4, 0x59, 0xC4,
    0x59, 0xC4, 0x59, 0xC4, 0x59, 0xC4, 0x59, 0xC4, 0x59, 0xC4, 0x59, 0xC4, 0x59, 0xC4, 0x59, 0xC4,
    0x59, 0xC4, 0x59, 0xC4, 0x59, 0xC4, 0x59, 0xC4, 0x59, 0xC4, 0x59, 0xC4, 0x59, 0xC4, 0x59, 0xC4,
    0x59, 0xC4, 0x59, 0xC4, 0x59, 0xC4, 0x59, 0xC4, 0x59, 0xC4, 0x59, 0xC4, 0x59, 0xC4, 0x59, 0xC4,
    0x59, 0xC4, 0x59, 0xC4, 0x59, 0xC4, 0x59, 0xC4, 0x59, 0xC4, 0x59, 0xC4, 0x59, 0xC4, 0x59, 0xC4,
    0x59, 0xC4, 0x59, 0xC4, 0x59, 0xC4, 0x59, 0xC4, 0x59, 0xC4, 0x59, 0xC4, 0x59, 0xC4, 0x59, 0xC4,
    0x59, 0xC4, 0x59, 0xC4, 0x59, 0xC4, 0x59, 0xC4, 0x59, 0xC4, 0x59, 0xC4, 0x59, 0xC4, 0x59, 0xC4,
    0x59, 0xC4, 0x59, 0xC4, 0x59, 0xC4, 0x59, 0xC4, 0x59, 0xC4, 0x59, 0xC4, 0x59, 0xC4, 0x59, 0xC4,
    0x59, 0xC4, 0x59, 0xC4, 0x59, 0xC4, 0x59, 0xC4, 0x59, 0xC4, 0x59, 0xC4, 0x59, 0xC4, 0x59, 0xC4,
    0x59, 0xC4, 0x59, 0xC4, 0x59, 0xC4, 0x59, 0xC4, 0x59, 0xC4, 0x59, 0xC4, 0x59, 0xC4, 0x59, 0xC4,
    0x59, 0xC4, 0x59, 0xC4, 0x59, 0xC4, 0x59, 0xC4, 0x59, 0xC4, 0x59, 0xC4, 0x59, 0xC4, 0x59, 0xC4,
    0x59, 0xC4, 0x59, 0xC4, 0x59, 0xC4, 0x59, 0xC4, 0x59, 0xC4, 0x59, 0xC4, 0x59, 0xC4, 0x59, 0xC4,
    0x59, 0xC4, 0x59, 0xC4, 0x59, 0xC4, 0x59, 0xC4, 0x59, 0xC4, 0x59, 0xC4, 0x59, 0xC4, 0x59, 0xC4,
    0x59, 0xC4, 0x59, 0xC4, 0x59, 0xC4, 0x59, 0xC4, 0x59, 0xC4, 0x59, 0xC4, 0x59, 0xC4, 0x59, 0xC4,
    0x59, 0xC4, 0x59, 0xC4, 0x59, 0xC4, 0x59, 0xC4, 0x59, 0xC4, 0x59, 0xC4, 0x59, 0xC4, 0x59, 0xC4,
    0x59, 0xC4, 0x59, 0xC4, 0x59, 0xC4, 0x59, 0xC4, 0x59, 0xC4, 0x59, 0xC4, 0x59, 0xC4, 0x59, 0xC4,
    0x59, 0xC4, 0x59, 0xC4, 0x59, 0xC4, 0x59, 0xC4, 0x59, 0xC4, 0x59, 0xC4, 0x59, 0xC4, 0x59, 0xC4,
    0x59, 0xC4, 0x59, 0xC4, 0x59, 0xC4, 0x59, 0xC4, 0x59, 0xC4, 0x59, 0xC4, 0x59, 0xC4, 0x59, 0xC4,
    0x59, 0xC4, 0x59, 0xC4, 0x59, 0xC4, 0x59, 0xC4, 0x59, 0xC4, 0x59, 0xC4, 0x59, 0xC4, 0x59, 0xC4,
    0x59, 0xC4, 0x59, 0xC4, 0x59, 0xC4, 0x59, 0xC4, 0x59, 0xC4, 0x59, 0xC4, 0x59, 0xC4, 0x59, 0xC4,
    0x59, 0xC4, 0x59, 0xC4, 0x59, 0xC4, 0x59, 0xC4, 0x59, 0xC4, 0x59, 0xC4, 0x59, 0xC4, 0x59, 0xC4,
    0x59, 0xC4, 0x59, 0xC4, 0x59, 0xC4, 0x59, 0xC4, 0x59, 0xC4, 0x59, 0xC4, 0x59, 0xC4, 0x59, 0xC4,
    0x59, 0xC4, 0x59, 0xC4, 0x59, 0xC4, 0x59, 0xC4, 0x59, 0xC4, 0x59, 0xC4, 0x59, 0xC4, 0x59, 0xC4,
    0x59, 0xC4, 0x59, 0xC4, 0x59, 0xC4, 0x59, 0xC4, 0x59, 0xC4, 0x59, 0xC4, 0x59, 0xC4, 0x59, 0xC4,
    0x59, 0xC4, 0x59, 0xC4, 0x59, 0xC4, 0x59, 0xC4, 0x59, 0xC4, 0x59, 0xC4, 0x59, 0xC4, 0x59, 0xC4,
    0x59, 0xC4, 0x59, 0xC4, 0x59, 0xC4, 0x59, 0xC4, 0x59, 0xC4, 0x59, 0xC4, 0x59, 0xC4, 0x59, 0xC4,
    0x59, 0xC4, 0x59, 0xC4, 0x59, 0xC4, 0x59, 0xC4, 0x59, 0xC4, 0x59, 0xC4, 0x59, 0xC4, 0x59, 0xC4,
    0x59, 0xC4, 0x59, 0xC4, 0x59, 0xC4, 0x59, 0xC4, 0x59, 0xC4, 0x59, 0xC4, 0x59, 0xC4, 0x59, 0xC4,
    0x59, 0xC4, 0x59, 0xC4, 0x59, 0xC4, 0x59, 0xC4, 0x59, 0xC4, 0x59, 0xC4, 0x59, 0xC4, 0x59, 0xC4,
    0x59, 0xC4, 0x59, 0xC4, 0x59, 0xC4, 0x59, 0xC4, 0x59, 0xC4, 0x59, 0xC4, 0x59, 0xC4, 0x59, 0xC4,
    0x59, 0xC4, 0x59, 0xC4, 0x59, 0xC4, 0x59, 0xC4, 0x59, 0xC4, 0x59, 0xC4, 0x59, 0xC4, 0x59, 0xC4,
    0x59, 0xC4, 0x59, 0xC4, 0x59, 0xC4, 0x59, 0xC4, 0x59, 0xC4, 0x59, 0xC4, 0x59, 0xC4, 0x59, 0xC4,
    0x59, 0xC4, 0x59, 0xC4, 0x59, 0xC4, 0x59, 0xC4, 0x59, 0xC4, 0x59, 0xC4, 0x59, 0xC4, 0x59, 0xC4,
    0x59, 0xC4, 0x59, 0xC4, 0x59, 0xC4, 0x59, 0xC4, 0x59, 0xC4, 0x59, 0xC4, 0x59, 0xC4, 0x59, 0xC4,
    0x59, 0xC4, 0x59, 0xC4, 0x59, 0xC4, 0x59, 0xC4, 0x59, 0xC4, 0x59, 0xC4, 0x59, 0xC4, 0x59, 0xC4,
    0x59, 0xC4, 0x59, 0xC4, 0x59, 0xC4, 0x59, 0xC4, 0x59, 0xC4, 0x59, 0xC4, 0x59, 0xC4, 0x59, 0xC4,
    0x59, 0xC4, 0x59, 0xC4, 0x59, 0xC4, 0x59, 0xC4, 0x59, 0xC4, 0x59, 0xC4, 0x59, 0xC4, 0x59, 0xC4,
    0x59, 0xC4, 0x59, 0xC4, 0x59, 0xC4, 0x59, 0xC4, 0x59, 0xC4, 0x59, 0xC4, 0x59, 0xC4, 0x59, 0xC4,
    0x59, 0xC4, 0x59, 0xC4, 0x59, 0xC4, 0x59, 0xC4, 0x59, 0xC4, 0x59, 0xC4, 0x59, 0xC4, 0x59, 0xC4,
    0x59, 0xC4, 0x59, 0xC4, 0x59, 0xC4, 0x59, 0xC4, 0x59, 0xC4, 0x59, 0xC4, 0x59, 0xC4, 0x59, 0xC4,
    0x59, 0xC4, 0x59, 0xC4, 0x59, 0xC4, 0x59, 0xC4, 0x59, 0xC4, 0x59, 0xC4, 0x59, 0xC4, 0x59, 0xC4,
    0x59, 0xC4, 0x59, 0xC4, 0x59, 0xC4, 0x59, 0xC4, 0x59, 0xC4, 0x59, 0xC4, 0x59, 0xC4, 0x59, 0xC4,
    0x59, 0xC4, 0x59, 0xC4, 0x59, 0xC4, 0x59, 0xC4, 0x59, 0xC4, 0x59, 0xC4, 0x59, 0xC4, 0x59, 0xC4,
    0x59, 0xC4, 0x59, 0xC4, 0x59, 0xC4, 0x59, 0xC4, 0x59, 0xC4, 0x59, 0xC4, 0x59, 0xC4, 0x59, 0xC4,
    0x59, 0xC4, 0x59, 0xC4, 0x59, 0xC4, 0x59, 0xC4, 0x59, 0xC4, 0x59, 0xC4, 0x59, 0xC4, 0x59, 0xC4,
    0x59, 0xC4, 0x59, 0xC4, 0x59, 0xC4, 0x59, 0xC4, 0x59, 0xC4, 0x59, 0xC4, 0x59, 0xC4, 0x59, 0xC4,
    0x59, 0xC4, 0x59, 0xC4, 0x59, 0xC4, 0x59, 0xC4, 0x59, 0xC4, 0x59, 0xC4, 0x59, 0xC4, 0x59, 0xC4,
    0x59, 0xC4, 0x59, 0xC4, 0x59, 0xC4, 0x59, 0xC4, 0x59, 0xC4, 0x59, 0xC4, 0x59, 0xC4, 0x59, 0xC4,
    0x59, 0xC4, 0x59, 0xC4, 0x59, 0xC4, 0x59, 0xC4, 0x59, 0xC4, 0x59, 0xC4, 0x59, 0xC4, 0x59, 0xC4,
    0x59, 0xC4, 0x59, 0xC4, 0x59, 0xC4, 0x59, 0xC4, 0x59, 0xC4, 0x59, 0xC4, 0x59, 0xC4, 0x59, 0xC4,
    0x59, 0xC4, 0x59, 0xC4, 0x59, 0xC4, 0x59, 0xC4, 0x59, 0xC4, 0x59, 0xC4, 0x59, 0xC4, 0x59, 0xC4,
    0x59, 0xC4, 0x59, 0xC4, 0x59, 0xC4, 0x59, 0xC4, 0x59, 0xC4, 0x59, 0xC4, 0x59, 0xC4, 0x59, 0xC4,
    0x59, 0xC4, 0x59, 0xC4, 0x59, 0xC4, 0x59, 0xC4, 0x59, 0xC4, 0x59, 0xC4, 0x59, 0xC4, 0x59, 0xC4,
    0x59, 0xC4, 0x59, 0xC4, 0x59, 0xC4, 0x59, 0xC4, 0x59, 0xC4, 0x59, 0xC4, 0x59, 0xC4, 0x59, 0xC4,
    0x59, 0xC4, 0x59, 0xC4, 0x59, 0xC4, 0x59, 0xC4, 0x59, 0xC4, 0x59, 0xC4, 0x59, 0xC4, 0x59, 0xC4,
    0x59, 0xC4, 0x59, 0xC4, 0x59, 0xC4, 0x59, 0xC4, 0x59, 0xC4, 0x59, 0xC4, 0x59, 0xC4, 0x59, 0xC4,
    0x59, 0xC4, 0x59, 0xC4, 0x59, 0xC4, 0x59, 0xC4, 0x59, 0xC4, 0x59, 0xC4, 0x59, 0xC4, 0x59, 0xC4,
    0x59, 0xC4, 0x59, 0xC4, 0x59, 0xC4, 0x59, 0xC4, 0x59, 0xC4, 0x59, 0xC4, 0x59, 0xC4, 0x59, 0xC4,
    0x59, 0xC4, 0x59, 0xC4, 0x59, 0xC4, 0x59, 0xC4, 0x59, 0xC4, 0x59, 0xC4, 0x59, 0xC4, 0x59, 0xC4,
    0x59, 0xC4, 0x59, 0xC4, 0x59, 0xC4, 0x59, 0xC4, 0x59, 0xC4, 0x59, 0xC4, 0x59, 0xC4, 0x59, 0xC4,
    0x59, 0xC4, 0x59, 0xC4, 0x59, 0xC4, 0x59, 0xC4, 0x59, 0xC4, 0x59, 0xC4, 0x59, 0xC4, 0x59, 0xC4,
    0x59, 0xC4, 0x59, 0xC4, 0x59, 0xC4, 0x59, 0xC4, 0x59, 0xC4, 0x59, 0xC4, 0x59, 0xC4, 0x59, 0xC4,
    0x59, 0xC4, 0x59, 0xC4, 0x59, 0xC4, 0x59, 0xC4, 0x59, 0xC4, 0x59, 0xC4, 0x59, 0xC4, 0x59, 0xC4,
    0x59, 0xC4, 0x59, 0xC4, 0x59, 0xC4, 0x59, 0xC4, 0x59, 0xC4, 0x59, 0xC4, 0x59, 0xC4, 0x59, 0xC4,
    0x59, 0xC4, 0x59, 0xC4, 0x59, 0xC4, 0x59, 0xC4, 0x59, 0xC4, 0x59, 0xC4, 0x59, 0xC4, 0x59, 0xC4,
    0x59, 0xC4, 0x59, 0xC4, 0x59, 0xC4, 0x59, 0xC4, 0x59, 0xC4, 0x59, 0xC4, 0x59, 0xC4, 0x59, 0xC4,
    0x59, 0xC4, 0x59, 0xC4, 0x59, 0xC4, 0x59, 0xC4, 0x59, 0xC4, 0x59, 0xC4, 0x59, 0xC4, 0x59, 0xC4,
    0x59, 0xC4, 0x59, 0xC4, 0x59, 0xC4, 0x59, 0xC4, 0x59, 0xC4, 0x59, 0xC4, 0x59, 0xC4, 0x59, 0xC4,
    0x59, 0xC4, 0x59, 0xC4, 0x59, 0xC4, 0x59, 0xC4, 0x59, 0xC4, 0x59, 0xC4, 0x59, 0xC4, 0x59, 0xC4,
    0x59, 0xC4, 0x59, 0xC4, 0x59, 0xC4, 0x59, 0xC4, 0x59, 0xC4, 0x59, 0xC4, 0x59, 0xC4, 0x59, 0xC4,
    0x59, 0xC4, 0x59, 0xC4, 0x59, 0xC4, 0x59, 0xC4, 0x59, 0xC4, 0x59, 0xC4, 0x59, 0xC4, 0x59, 0xC4,
    0x59, 0xC4, 0x59, 0xC4, 0x59, 0xC4, 0x59, 0xC4, 0x59, 0xC4, 0x59, 0xC4, 0x59, 0xC4, 0x59, 0xC4,
    0x59, 0xC4, 0x59, 0xC4, 0x59, 0xC4, 0x59, 0xC4, 0x59, 0xC4, 0x59, 0xC4, 0x59, 0xC4, 0x59, 0xC4,
    0x59, 0xC4, 0x59, 0xC4, 0x59, 0xC4, 0x59, 0xC4, 0x59, 0xC4, 0x59, 0xC4, 0x59, 0xC4, 0x59, 0xC4,
    0x59, 0xC4, 0x59, 0xC4, 0x59, 0xC4, 0x59, 0xC4, 0x59, 0xC4, 0x59, 0xC4, 0x59, 0xC4, 0x59, 0xC4,
    0x59, 0xC4, 0x59, 0xC4, 0x59, 0xC4, 0x59, 0xC4, 0x59, 0xC4, 0x59, 0xC4, 0x59, 0xC4, 0x59, 0xC4,
    0x59, 0xC4, 0x59, 0xC4, 0x59, 0xC4, 0x59, 0xC4, 0x59, 0xC4, 0x59, 0xC4, 0x59, 0xC4, 0x59, 0xC4,
    0x59, 0xC4, 0x59, 0xC4, 0x59, 0xC4, 0x59, 0xC4, 0x59, 0xC4, 0x59, 0xC4, 0x59, 0xC4, 0x59, 0xC4,
    0x59, 0xC4, 0x59, 0xC4, 0x59, 0xC4, 0x59, 0xC4, 0x59, 0xC4, 0x59, 0xC4, 0x59, 0xC4, 0x59, 0xC4,
    0x59, 0xC4, 0x59, 0xC4, 0x59, 0xC4, 0x59, 0xC4, 0x59, 0xC4, 0x59, 0xC4, 0x59, 0xC4, 0x59, 0xC4,
    0x59, 0xC4, 0x59, 0xC4, 0x59, 0xC4, 0x59, 0xC4, 0x59, 0xC4, 0x59, 0xC4, 0x59, 0xC4, 0x59, 0xC4,
    0x59, 0xC4, 0x59, 0xC4, 0x59, 0xC4, 0x59, 0xC4, 0x59, 0xC4, 0x59, 0xC4, 0x59, 0xC4, 0x59, 0xC4,
    0x59, 0xC4, 0x59, 0xC4, 0x59, 0xC4, 0x59, 0xC4, 0x59, 0xC4, 0x59, 0xC4, 0x59, 0xC4, 0x59, 0xC4,
    0x59, 0xC4, 0x59, 0xC4, 0x59, 0xC4, 0x59, 0xC4, 0x59, 0xC4, 0x59, 0xC4, 0x59, 0xC4, 0x59, 0xC4,
    0x59, 0xC4, 0x59, 0xC4, 0x59, 0xC4, 0x59, 0xC4, 0x59, 0xC4, 0x59, 0xC4, 0x59, 0xC4, 0x59, 0xC4,
    0x59, 0xC4, 0x59, 0xC4, 0x59, 0xC4, 0x59, 0xC4, 0x59, 0xC4, 0x59, 0xC4, 0x59, 0xC4, 0x59, 0xC4,
    0x59, 0xC4, 0x59, 0xC4, 0x59, 0xC4, 0x59, 0xC4, 0x59, 0xC4, 0x59, 0xC4, 0x59, 0xC4, 0x59, 0xC4,
    0x59, 0xC4, 0x59, 0xC4, 0x59, 0xC4, 0x59, 0xC4, 0x59, 0xC4, 0x59, 0xC4, 0x59, 0xC4, 0x59, 0xC4,
    0x59, 0xC4, 0x59, 0xC4, 0x59, 0xC4, 0x59, 0xC4, 0x59, 0xC4, 0x59, 0xC4, 0x59, 0xC4, 0x59, 0xC4,
    0x59, 0xC4, 0x59, 0xC4, 0x59, 0xC4, 0x59, 0xC4, 0x59, 0xC4, 0x59, 0xC4, 0x59, 0xC4, 0x59, 0xC4,
    0x59, 0xC4, 0x59, 0xC4, 0x59, 0xC4, 0x59, 0xC4, 0x59, 0xC4, 0x59, 0xC4, 0x59, 0xC4, 0x59, 0xC4,
    0x59, 0xC4, 0x59, 0xC4, 0x59, 0xC4, 0x59, 0xC4, 0x59, 0xC4, 0x59, 0xC4, 0x59, 0xC4, 0x59, 0xC4,
    0x59, 0xC4, 0x59, 0xC4, 0x59, 0xC4, 0x59, 0xC4, 0x59, 0xC4, 0x59, 0xC4, 0x59, 0xC4, 0x59, 0xC4,
    0x59, 0xC4, 0x59, 0xC4, 0x59, 0xC4, 0x59, 0xC4, 0x59, 0xC4, 0x59, 0xC4, 0x59, 0xC4, 0x59, 0xC4,
    0x59, 0xC4, 0x59, 0xC4, 0x59, 0xC4, 0x59, 0xC4, 0x59, 0xC4, 0x59, 0xC4, 0x59, 0xC4, 0x59, 0xC4,
    0x59, 0xC4, 0x59, 0xC4, 0x59, 0xC4, 0x59, 0xC4, 0x59, 0xC4, 0x59, 0xC4, 0x59, 0xC4, 0x59, 0xC4,
    0x59, 0xC4, 0x59, 0xC4, 0x59, 0xC4, 0x59, 0xC4, 0x59, 0xC4, 0x59, 0xC4, 0x59, 0xC4, 0x59, 0xC4,
    0x59, 0xC4, 0x59, 0xC4, 0x59, 0xC4, 0x59, 0xC4, 0x59, 0xC4, 0x59, 0xC4, 0x59, 0xC4, 0x59, 0xC4,
    0x59, 0xC4, 0x59, 0xC4, 0x59, 0xC4, 0x59, 0xC4, 0x59, 0xC4, 0x59, 0xC4, 0x59, 0xC4, 0x59, 0xC4,
    0x59, 0xC4, 0x59, 0xC4, 0x59, 0xC4, 0x59, 0xC4, 0x59, 0xC4, 0x59, 0xC4, 0x59, 0xC4, 0x59, 0xC4,
    0x59, 0xC4, 0x59, 0xC4, 0x59, 0xC4, 0x59, 0xC4, 0x59, 0xC4, 0x59, 0xC4, 0x59, 0xC4, 0x59, 0xC4,
    0x59, 0xC4, 0x59, 0xC4, 0x59, 0xC4, 0x59, 0xC4, 0x59, 0xC4, 0x59, 0xC4, 0x59, 0xC4, 0x59, 0xC4,
    0x59, 0xC4, 0x59, 0xC4, 0x59, 0xC4, 0x59, 0xC4, 0x59, 0xC4, 0x59, 0xC4, 0x59, 0xC4, 0x59, 0xC4,
    0x59, 0xC4, 0x59, 0xC4, 0x59, 0xC4, 0x59, 0xC4, 0x59, 0xC4, 0x59, 0xC4, 0x59, 0xC4, 0x59, 0xC4,
    0x59, 0xC4, 0x59, 0xC4, 0x59, 0xC4, 0x59, 0xC4, 0x59, 0xC4, 0x59, 0xC4, 0x59, 0xC4, 0x59, 0xC4,
    0x59, 0xC4, 0x59, 0xC4, 0x59, 0xC4, 0x59, 0xC4, 0x59, 0xC4, 0x59, 0xC4, 0x59, 0xC4, 0x59, 0xC4,
    0x59, 0xC4, 0x59, 0xC4, 0x59, 0xC4, 0x59, 0xC4, 0x59, 0xC4, 0x59, 0xC4, 0x59, 0xC4, 0x59, 0xC4,
    0x59, 0xC4, 0x59, 0xC4, 0x59, 0xC4, 0x59, 0xC4, 0x59, 0xC4, 0x59, 0xC4, 0x59, 0xC4, 0x59, 0xC4,
    0x59, 0xC4, 0x59, 0xC4, 0x59, 0xC4, 0x59, 0xC4, 0x59, 0xC4, 0x59, 0xC4, 0x59, 0xC4, 0x59, 0xC4,
    0x59, 0xC4, 0x59, 0xC4, 0x59, 0xC4, 0x59, 0xC4, 0x59, 0xC4, 0x59, 0xC4, 0x59, 0xC4, 0x59, 0xC4,
    0x59, 0xC4, 0x59, 0xC4, 0x59, 0xC4, 0x59, 0xC4, 0x59, 0xC4, 0x59, 0xC4, 0x59, 0xC4, 0x59, 0xC4,
    0x59, 0xC4, 0x59, 0xC4, 0x59, 0xC4, 0x59, 0xC4, 0x59, 0xC4, 0x59, 0xC4, 0x59, 0xC4, 0x59, 0xC4,
    0x59, 0xC4, 0x59, 0xC4, 0x59, 0xC4, 0x59, 0xC4, 0x59, 0xC4, 0x59, 0xC4, 0x59, 0xC4, 0x59, 0xC4,
    0x59, 0xC4, 0x59, 0xC4, 0x59, 0xC4, 0x59, 0xC4, 0x59, 0xC4, 0x59, 0xC4, 0x59, 0xC4, 0x59, 0xC4,
    0x59, 0xC4, 0x59, 0xC4, 0x59, 0xC4, 0x59, 0xC4, 0x59, 0xC4, 0x59, 0xC4, 0x59, 0xC4, 0x59, 0xC4,
    0x59, 0xC4, 0x59, 0xC4, 0x59, 0xC4, 0x59, 0xC4, 0x59, 0xC4, 0x59, 0xC4, 0x59, 0xC4, 0x59, 0xC4,
    0x59, 0xC4, 0x59, 0xC4, 0x59, 0xC4, 0x59, 0xC4, 0x59, 0xC4, 0x59, 0xC4, 0x59, 0xC4, 0x59, 0xC4,
    0x59, 0xC4, 0x59, 0xC4, 0x59, 0xC4, 0x59, 0xC4, 0x59, 0xC4, 0x59, 0xC4, 0x59, 0xC4, 0x59, 0xC4,
    0x59, 0xC4, 0x59, 0xC4, 0x59, 0xC4, 0x59, 0xC4, 0x59, 0xC4, 0x59, 0xC4, 0x59, 0xC4, 0x59, 0xC4,
    0x59, 0xC4, 0x59, 0xC4, 0x59, 0xC4, 0x59, 0xC4, 0x59, 0xC4, 0x59, 0xC4, 0x59, 0xC4, 0x59, 0xC4,
    0x59, 0xC4, 0x59, 0xC4, 0x59, 0xC4, 0x59, 0xC4, 0x59, 0xC4, 0x59, 0xC4, 0x59, 0xC4, 0x59, 0xC4,
    0x59, 0xC4, 0x59, 0xC4, 0x59, 0xC4, 0x59, 0xC4, 0x59, 0xC4, 0x59, 0xC4, 0x59, 0xC4, 0x59, 0xC4,
    0x59, 0xC4, 0x59, 0xC4, 0x59, 0xC4, 0x59, 0xC4, 0x59, 0xC4, 0x59, 0xC4, 0x59, 0xC4, 0x59, 0xC4,
    0x59, 0xC4, 0x59, 0xC4, 0x59, 0xC4, 0x59, 0xC4, 0x59, 0xC4, 0x59, 0xC4, 0x59, 0xC4, 0x59, 0xC4,
    0x59, 0xC4, 0x59, 0xC4, 0x59, 0xC4, 0x59, 0xC4, 0x59, 0xC4, 0x59, 0xC4, 0x59, 0xC4, 0x59, 0xC4,
    0x59, 0xC4, 0x59, 0xC4, 0x59, 0xC4, 0x59, 0xC4, 0x59, 0xC4, 0x59, 0xC4, 0x59, 0xC4, 0x59, 0xC4,
    0x59, 0xC4, 0x59, 0xC4, 0x59, 0xC4, 0x59, 0xC4, 0x59, 0xC4, 0x59, 0xC4, 0x59, 0xC4, 0x59, 0xC4,
    0x59, 0xC4, 0x59, 0xC4, 0x59, 0xC4, 0x59, 0xC4, 0x59, 0xC4, 0x59, 0xC4, 0x59, 0xC4, 0x59, 0xC4,
    0x59, 0xC4, 0x59, 0xC4, 0x59, 0xC4, 0x59, 0xC4, 0x59, 0xC4, 0x59, 0xC4, 0x59, 0xC4, 0x59, 0xC4,
    0x59, 0xC4, 0x59, 0xC4, 0x59, 0xC4, 0x59, 0xC4, 0x59, 0xC4, 0x59, 0xC4, 0x59, 0xC4, 0x59, 0xC4,
    0x59, 0xC4, 0x59, 0xC4, 0x59, 0xC4, 0x59, 0xC4, 0x59, 0xC4, 0x59, 0xC4, 0x59, 0xC4, 0x59, 0xC4,
    0x59, 0xC4, 0x59, 0xC4, 0x59, 0xC4, 0x59, 0xC4, 0x59, 0xC4, 0x59, 0xC4, 0x59, 0xC4, 0x59, 0xC4,
    0x59, 0xC4, 0x59, 0xC4, 0x59, 0xC4, 0x59, 0xC4, 0x59, 0xC4, 0x59, 0xC4, 0x59, 0xC4, 0x59, 0xC4,
    0x59, 0xC4, 0x59, 0xC4, 0x59, 0xC4, 0x59, 0xC4, 0x59, 0xC4, 0x59, 0xC4, 0x59, 0xC4, 0x59, 0xC4,
    0x59, 0xC4, 0x59, 0xC4, 0x59, 0xC4, 0x59, 0xC4, 0x59, 0xC4, 0x59, 0xC4, 0x59, 0xC4, 0x59, 0xC4,
    0x59, 0xC4, 0x59, 0xC4, 0x59, 0xC4, 0x59, 0xC4, 0x59, 0xC4, 0x59, 0xC4, 0x59, 0xC4, 0x59, 0xC4,
    0x59, 0xC4, 0x59, 0xC4, 0x59, 0xC4, 0x59, 0xC4, 0x59, 0xC4, 0x59, 0xC4, 0x59, 0xC4, 0x59, 0xC4,
    0x59, 0xC4, 0x59, 0xC4, 0x59, 0xC4, 0x59, 0xC4, 0x59, 0xC4, 0x59, 0xC4, 0x59, 0xC4, 0x59, 0xC4,
    0x59, 0xC4, 0x59, 0xC4, 0x59, 0xC4, 0x59, 0xC4, 0x59, 0xC4, 0x59, 0xC4, 0x59, 0xC4, 0x59, 0xC4,
    0x59, 0xC4, 0x59, 0xC4, 0x59, 0xC4, 0x59, 0xC4, 0x59, 0xC4, 0x59, 0xC4, 0x59, 0xC4, 0x59, 0xC4,
    0x59, 0xC4, 0x59, 0xC4, 0x59, 0xC4, 0x59, 0xC4, 0x59, 0xC4, 0x59, 0xC4, 0x59, 0xC4, 0x59, 0xC4,
    0x59, 0xC4, 0x59, 0xC4, 0x59, 0xC4, 0x59, 0xC4, 0x59, 0xC4, 0x59, 0xC4, 0x59, 0xC4, 0x59, 0xC4,
    0x59, 0xC4, 0x59, 0xC4, 0x59, 0xC4, 0x59, 0xC4, 0x59, 0xC4, 0x59, 0xC4, 0x59, 0xC4, 0x59, 0xC4,
    0x59, 0xC4, 0x59, 0xC4, 0x59, 0xC4, 0x59, 0xC4, 0x59, 0xC4, 0x59, 0xC4, 0x59, 0xC4, 0x59, 0xC4,
    0x59, 0xC4, 0x59, 0xC4, 0x59, 0xC4, 0x59, 0xC4, 0x59, 0xC4, 0x59, 0xC4, 0x59, 0xC4, 0x59, 0xC4,
    0x59, 0xC4, 0x59, 0xC4, 0x59, 0xC4, 0x59, 0xC4, 0x59, 0xC4, 0x59, 0xC4, 0x59, 0xC4, 0x59, 0xC4,
    0x59, 0xC4, 0x59, 0xC4, 0x59, 0xC4, 0x59, 0xC4, 0x59, 0xC4, 0x59, 0xC4, 0x59, 0xC4, 0x59, 0xC4,
    0x59, 0xC4, 0x59, 0xC4, 0x59, 0xC4, 0x59, 0xC4, 0x59, 0xC4, 0x59, 0xC4, 0x59, 0xC4, 0x59, 0xC4,
    0x59, 0xC4, 0x59, 0xC4, 0x59, 0xC4, 0x59, 0xC4, 0x59, 0xC4, 0x59, 0xC4, 0x59, 0xC4, 0x59, 0xC4,
    0x59, 0xC4, 0x59, 0xC4, 0x59, 0xC4, 0x59, 0xC4, 0x59, 0xC4, 0x59, 0xC4, 0x59, 0xC4, 0x59, 0xC4,
    0x59, 0xC4, 0x59, 0xC4, 0x59, 0xC4, 0x59, 0xC4, 0x59, 0xC4, 0x59, 0xC4, 0x59, 0xC4, 0x59, 0xC4,
    0x59, 0xC4, 0x59, 0xC4, 0x59, 0xC4, 0x59, 0xC4, 0x59, 0xC4, 0x59, 0xC4, 0x59, 0xC4, 0x59, 0xC4,
    0x59, 0xC4, 0x59, 0xC4, 0x59, 0xC4, 0x59, 0xC4, 0x59, 0xC4, 0x59, 0xC4, 0x59, 0xC4, 0x59, 0xC4,
    0x59, 0xC4, 0x59, 0xC4, 0x59, 0xC4, 0x59, 0xC4, 0x59, 0xC4, 0x59, 0xC4, 0x59, 0xC4, 0x59, 0xC4,
    0x59, 0xC4, 0x59, 0xC4, 0x59, 0xC4, 0x59, 0xC4, 0x59, 0xC4, 0x59, 0xC4, 0x59, 0xC4, 0x59, 0xC4,
    0x59, 0xC4, 0x59, 0xC4, 0x59, 0xC4, 0x59, 0xC4, 0x59, 0xC4, 0x59, 0xC4, 0x59, 0xC4, 0x59, 0xC4,
    0x59, 0xC4, 0x59, 0xC4, 0x59, 0xC4, 0x59, 0xC4, 0x59, 0xC4, 0x59, 0xC4, 0x59, 0xC4, 0x59, 0xC4,
    0x59, 0xC4, 0x59, 0xC4, 0x59, 0xC4, 0x59, 0xC4, 0x59, 0xC4, 0x59, 0xC4, 0x59, 0xC4, 0x59, 0xC4,
    0x59, 0xC4, 0x59, 0xC4, 0x59, 0xC4, 0x59, 0xC4, 0x59, 0xC4, 0x59, 0xC4, 0x59, 0xC4, 0x59, 0xC4,
    0x59, 0xC4, 0x59, 0xC4, 0x59, 0xC4, 0x59, 0xC4, 0x59, 0xC4, 0x59, 0xC4, 0x59, 0xC4, 0x59, 0xC4,
    0x59, 0xC4, 0x59, 0xC4, 0x59, 0xC4, 0x59, 0xC4, 0x59, 0xC4, 0x59, 0xC4, 0x59, 0xC4, 0x59, 0xC4,
    0x59, 0xC4, 0x59, 0xC4, 0x59, 0xC4, 0x59, 0xC4, 0x59, 0xC4, 0x59, 0xC4, 0x59, 0xC4, 0x59, 0xC4,
    0x59, 0xC4, 0x59, 0xC4, 0x59, 0xC4, 0x59, 0xC4, 0x59, 0xC4, 0x59, 0xC4, 0x59, 0xC4, 0x59, 0xC4,
    0x59, 0xC4, 0x59, 0xC4, 0x59, 0xC4, 0x59, 0xC4, 0x59, 0xC4, 0x59, 0xC4, 0x59, 0xC4, 0x59, 0xC4,
    0x59, 0xC4, 0x59, 0xC4, 0x59, 0xC4, 0x59, 0xC4, 0x59, 0xC4, 0x59, 0xC4, 0x59, 0xC4, 0x59, 0xC4,
    0x59, 0xC4, 0x59, 0xC4, 0x59, 0xC4, 0x59, 0xC4, 0x59, 0xC4, 0x59, 0xC4, 0x59, 0xC4, 0x59, 0xC4,
    0x59, 0xC4, 0x59, 0xC4, 0x59, 0xC4, 0x59, 0xC4, 0x59, 0xC4, 0x59, 0xC4, 0x59, 0xC4, 0x59, 0xC4,
    0x59, 0xC4, 0x59, 0xC4, 0x59, 0xC4, 0x59, 0xC4, 0x59, 0xC4, 0x59, 0xC4, 0x59, 0xC4, 0x59, 0xC4,
    0x59, 0xC4, 0x59, 0xC4, 0x59, 0xC4, 0x59, 0xC4, 0x59, 0xC4, 0x59, 0xC4, 0x59, 0xC4, 0x59, 0xC4,
    0x59, 0xC4, 0x59, 0xC4, 0x59, 0xC4, 0x59, 0xC4, 0x59, 0xC4, 0x59, 0xC4, 0x59, 0xC4, 0x59, 0xC4,
    0x59, 0xC4, 0x59, 0xC4, 0x59, 0xC4, 0x59, 0xC4, 0x59, 0xC4, 0x59, 0xC4, 0x59, 0xC4, 0x59, 0xC4,
    0x59, 0xC4, 0x59, 0xC4, 0x59, 0xC4, 0x59, 0xC4, 0x59, 0xC4, 0x59, 0xC4, 0x59, 0xC4, 0x59, 0xC4,
    0x59, 0xC4, 0x59, 0xC4, 0x59, 0xC4, 0x59, 0xC4, 0x59, 0xC4, 0x59, 0xC4, 0x59, 0xC4, 0x59, 0xC4,
    0x59, 0xC4, 0x59, 0xC4, 0x59, 0xC4, 0x59, 0xC4, 0x59, 0xC4, 0x59, 0xC4, 0x59, 0xC4, 0x59, 0xC4,
    0x59, 0xC4, 0x59, 0xC4, 0x59, 0xC4, 0x59, 0xC4, 0x59, 0xC4, 0x59, 0xC4, 0x59, 0xC4, 0x59, 0xC4,
    0x59, 0xC4, 0x59, 0xC4, 0x59, 0xC4, 0x59, 0xC4, 0x59, 0xC4, 0x59, 0xC4, 0x59, 0xC4, 0x59, 0xC4,
    0x59, 0xC4, 0x59, 0xC4, 0x59, 0xC4, 0x59, 0xC4, 0x59, 0xC4, 0x59, 0xC4, 0x59, 0xC4, 0x59, 0xC4,
    0x59, 0xC4, 0x59, 0xC4, 0x59, 0xC4, 0x59, 0xC4, 0x59, 0xC4, 0x59, 0xC4, 0x59, 0xC4, 0x59, 0xC4,
    0x59, 0xC4, 0x59, 0xC4, 0x59, 0xC4, 0x59, 0xC4, 0x59, 0xC4, 0x59, 0xC4, 0x59, 0xC4, 0x59, 0xC4,
    0x59, 0xC4, 0x59, 0xC4, 0x59, 0xC4, 0x59, 0xC4, 0x59, 0xC4, 0x59, 0xC4, 0x59, 0xC4, 0x59, 0xC4,
    0x59, 0xC4, 0x59, 0xC4, 0x59, 0xC4, 0x59, 0xC4, 0x59, 0xC4, 0x59, 0xC4, 0x59, 0xC4, 0x59, 0xC4,
    0x59, 0xC4, 0x59, 0xC4, 0x59, 0xC4, 0x59, 0xC4, 0x59, 0xC4, 0x59, 0xC4, 0x59, 0xC4, 0x59, 0xC4,
    0x59, 0xC4, 0x59, 0xC4, 0x59, 0xC4, 0x59, 0xC4, 0x59, 0xC4, 0x59, 0xC4, 0x59, 0xC4, 0x59, 0xC4,
    0x59, 0xC4, 0x59, 0xC4, 0x59, 0xC4, 0x59, 0xC4, 0x59, 0xC4, 0x59, 0xC4, 0x59, 0xC4, 0x59, 0xC4,
    0x59, 0xC4, 0x59, 0xC4, 0x59, 0xC4, 0x59, 0xC4, 0x59, 0xC4, 0x59, 0xC4, 0x59, 0xC4, 0x59, 0xC4,
    0x59, 0xC4, 0x59, 0xC4, 0x59, 0xC4, 0x59, 0xC4, 0x59, 0xC4, 0x59, 0xC4, 0x59, 0xC4, 0x59, 0xC4,
    0x59, 0xC4, 0x59, 0xC4, 0x59, 0xC4, 0x59, 0xC4, 0x59, 0xC4, 0x59, 0xC4, 0x59, 0xC4, 0x59, 0xC4,
    0x59, 0xC4, 0x59, 0xC4, 0x59, 0xC4, 0x59, 0xC4, 0x59, 0xC4, 0x59, 0xC4, 0x59, 0xC4, 0x59, 0xC4,
    0x59, 0xC4, 0x59, 0xC4, 0x59, 0xC4, 0x59, 0xC4, 0x59, 0xC4, 0x59, 0xC4, 0x59, 0xC4, 0x59, 0xC4,
    0x59, 0xC4, 0x59, 0xC4, 0x59, 0xC4, 0x59, 0xC4, 0x59, 0xC4, 0x59, 0xC4, 0x59, 0xC4, 0x59, 0xC4,
    0x59, 0xC4, 0x59, 0xC4, 0x59, 0xC4, 0x59, 0xC4, 0x59, 0xC4, 0x59, 0xC4, 0x59, 0xC4, 0x59, 0xC4,
    0x59, 0xC4, 0x59, 0xC4, 0x59, 0xC4, 0x59, 0xC4, 0x59, 0xC4, 0x59, 0xC4, 0x59, 0xC4, 0x59, 0xC4,
    0x59, 0xC4, 0x59, 0xC4, 0x59, 0xC4, 0x59, 0xC4, 0x59, 0xC4, 0x59, 0xC4, 0x59, 0xC4, 0x59, 0xC4,
    0x59, 0xC4, 0x59, 0xC4, 0x59, 0xC4, 0x59, 0xC4, 0x59, 0xC4, 0x59, 0xC4, 0x59, 0xC4, 0x59, 0xC4,
    0x59, 0xC4, 0x59, 0xC4, 0x59, 0xC4, 0x59, 0xC4, 0x59, 0xC4, 0x59, 0xC4, 0x59, 0xC4, 0x59, 0xC4,
    0x59, 0xC4, 0x59, 0xC4, 0x59, 0xC4, 0x59, 0xC4, 0x59, 0xC4, 0x59, 0xC4, 0x59, 0xC4, 0x59, 0xC4,
    0x59, 0xC4, 0x59, 0xC4, 0x59, 0xC4, 0x59, 0xC4, 0x59, 0xC4, 0x59, 0xC4, 0x59, 0xC4, 0x59, 0xC4,
    0x59, 0xC4, 0x59, 0xC4, 0x59, 0xC4, 0x59, 0xC4, 0x59, 0xC4, 0x59, 0xC4, 0x59, 0xC4, 0x59, 0xC4,
    0x59, 0xC4, 0x59, 0xC4, 0x59, 0xC4, 0x59, 0xC4, 0x59, 0xC4, 0x59, 0xC4, 0x59, 0xC4, 0x59, 0xC4,
    0x59, 0xC4, 0x59, 0xC4, 0x59, 0xC4, 0x59, 0xC4, 0x59, 0xC4, 0x59, 0xC4, 0x59, 0xC4, 0x59, 0xC4,
    0x59, 0xC4, 0x59, 0xC4, 0x59, 0xC4, 0x59, 0xC4, 0x59, 0xC4, 0x59, 0xC4, 0x59, 0xC4, 0x59, 0xC4,
    0x59, 0xC4, 0x59, 0xC4, 0x59, 0xC4, 0x59, 0xC4, 0x59, 0xC4, 0x59, 0xC4, 0x59, 0xC4, 0x59, 0xC4,
    0x59, 0xC4, 0x59, 0xC4, 0x59, 0xC4, 0x59, 0xC4, 0x59, 0xC4, 0x59, 0xC4, 0x59, 0xC4, 0x59, 0xC4,
    0x59, 0xC4, 0x59, 0xC4, 0x59, 0xC4, 0x59, 0xC4, 0x59, 0xC4, 0x59, 0xC4, 0x59, 0xC4, 0x59, 0xC4,
    0x59, 0xC4, 0x59, 0xC4, 0x59, 0xC4, 0x59, 0xC4, 0x59, 0xC4, 0x59, 0xC4, 0x59, 0xC4, 0x59, 0xC4,
    0x59, 0xC4, 0x59, 0xC4, 0x59, 0xC4, 0x59, 0xC4, 0x59, 0xC4, 0x59, 0xC4, 0x59, 0xC4, 0x59, 0xC4,
    0x59, 0xC4, 0x59, 0xC4, 0x59, 0xC4, 0x59, 0xC4, 0x59, 0xC4, 0x59, 0xC4, 0x59, 0xC4, 0x59, 0xC4,
    0x59, 0xC4, 0x59, 0xC4, 0x59, 0xC4, 0x59, 0xC4, 0x59, 0xC4, 0x59, 0xC4, 0x59, 0xC4, 0x59, 0xC4,
    0x59, 0xC4, 0x59, 0xC4, 0x59, 0xC4, 0x59, 0xC4, 0x59, 0xC4, 0x59, 0xC4, 0x59, 0xC4, 0x59, 0xC4,
    0x59, 0xC4, 0x59, 0xC4, 0x59, 0xC4, 0x59, 0xC4, 0x59, 0xC4, 0x59, 0xC4, 0x59, 0xC4, 0x59, 0xC4,
    0x59, 0xC4, 0x59, 0xC4, 0x59, 0xC4, 0x59, 0xC4, 0x59, 0xC4, 0x59, 0xC4, 0x59, 0xC4, 0x59, 0xC4,
    0x59, 0xC4, 0x59, 0xC4, 0x59, 0xC4, 0x59, 0xC4, 0x59, 0xC4, 0x59, 0xC4, 0x59, 0xC4, 0x59, 0xC4,
    0x59, 0xC4, 0x59, 0xC4, 0x59, 0xC4, 0x59, 0xC4, 0x59, 0xC4, 0x59, 0xC4, 0x59, 0xC4, 0x59, 0xC4,
    0x59, 0xC4, 0x59, 0xC4, 0x59, 0xC4, 0x59, 0xC4, 0x59, 0xC4, 0x59, 0xC4, 0x59, 0xC4, 0x59, 0xC4,
    0x59, 0xC4, 0x59, 0xC4, 0x59, 0xC4, 0x59, 0xC4, 0x59, 0xC4, 0x59, 0xC4, 0x59, 0xC4, 0x59, 0xC4,
    0x59, 0xC4, 0x59, 0xC4, 0x59, 0xC4, 0x59, 0xC4, 0x59, 0xC4, 0x59, 0xC4, 0x59, 0xC4, 0x59, 0xC4,
    0x59, 0xC4, 0x59, 0xC4, 0x59, 0xC4, 0x59, 0xC4, 0x59, 0xC4, 0x59, 0xC4, 0x59, 0xC4, 0x59, 0xC4,
    0x59, 0xC4, 0x59, 0xC4, 0x59, 0xC4, 0x59, 0xC4, 0x59, 0xC4, 0x59, 0xC4, 0x59, 0xC4, 0x59, 0xC4,
    0x59, 0xC4, 0x59, 0xC4, 0x59, 0xC4, 0x59, 0xC4, 0x59, 0xC4, 0x59, 0xC4, 0x59, 0xC4, 0x59, 0xC4,
    0x59, 0xC4, 0x59, 0xC4, 0x59, 0xC4, 0x59, 0xC4, 0x59, 0xC4, 0x59, 0xC4, 0x59, 0xC4, 0x59, 0xC4,
    0x59, 0xC4, 0x59, 0xC4, 0x59, 0xC4, 0x59, 0xC4, 0x59, 0xC4, 0x59, 0xC4, 0x59, 0xC4, 0x59, 0xC4,
    0x59, 0xC4, 0x59, 0xC4, 0x59, 0xC4, 0x59, 0xC4, 0x59, 0xC4, 0x59, 0xC4, 0x59, 0xC4, 0x59, 0xC4,
    0x59, 0xC4, 0x59, 0xC4, 0x59, 0xC4, 0x59, 0xC4, 0x59, 0xC4, 0x59, 0xC4, 0x59, 0xC4, 0x59, 0xC4,
    0x59, 0xC4, 0x59, 0xC4, 0x59, 0xC4, 0x59, 0xC4, 0x59, 0xC4, 0x59, 0xC4, 0x59, 0xC4, 0x59, 0xC4,
    0x59, 0xC4, 0x59, 0xC4, 0x59, 0xC4, 0x59, 0xC4, 0x59, 0xC4, 0x59, 0xC4, 0x59, 0xC4, 0x59, 0xC4,
    0x59, 0xC4, 0x59, 0xC4, 0x59, 0xC4, 0x59, 0xC4, 0x59, 0xC4, 0x59, 0xC4, 0x59, 0xC4, 0x59, 0xC4,
    0x59, 0xC4, 0x59, 0xC4, 0x59, 0xC4, 0x59, 0xC4, 0x59, 0xC4, 0x59, 0xC4, 0x59, 0xC4, 0x59, 0xC4,
    0x59, 0xC4, 0x59, 0xC4, 0x59, 0xC4, 0x59, 0xC4, 0x59, 0xC4, 0x59, 0xC4, 0x59, 0xC4, 0x59, 0xC4,
    0x59, 0xC4, 0x59, 0xC4, 0x59, 0xC4, 0x59, 0xC4, 0x59, 0xC4, 0x59, 0xC4, 0x59, 0xC4, 0x59, 0xC4,
    0x59, 0xC4, 0x59, 0xC4, 0x59, 0xC4, 0x59, 0xC4, 0x59, 0xC4, 0x59, 0xC4, 0x59, 0xC4, 0x59, 0xC4,
    0x59, 0xC4, 0x59, 0xC4, 0x59, 0xC4, 0x59, 0xC4, 0x59, 0xC4, 0x59, 0xC4, 0x59, 0xC4, 0x59, 0xC4,
    0x59, 0xC4, 0x59, 0xC4, 0x59, 0xC4, 0x59, 0xC4, 0x59, 0xC4, 0x59, 0xC4, 0x59, 0xC4, 0x59, 0xC4,
    0x59, 0xC4, 0x59, 0xC4, 0x59, 0xC4, 0x59, 0xC4, 0x59, 0xC4, 0x59, 0xC4, 0x59, 0xC4, 0x59, 0xC4,
    0x59, 0xC4, 0x59, 0xC4, 0x59, 0xC4, 0x59, 0xC4, 0x59, 0xC4, 0x59, 0xC4, 0x59, 0xC4, 0x59, 0xC4,
    0x59, 0xC4, 0x59, 0xC4, 0x59, 0xC4, 0x59, 0xC4, 0x59, 0xC4, 0x59, 0xC4, 0x59, 0xC4, 0x59, 0xC4,
    0x59, 0xC4, 0x59, 0xC4, 0x59, 0xC4, 0x59, 0xC4, 0x59, 0xC4, 0x59, 0xC4, 0x59, 0xC4, 0x59, 0xC4,
    0x59, 0xC4, 0x59, 0xC4, 0x59, 0xC4, 0x59, 0xC4, 0x59, 0xC4, 0x59, 0xC4, 0x59, 0xC4, 0x59, 0xC4,
    0x59, 0xC4, 0x59, 0xC4, 0x59, 0xC4, 0x59, 0xC4, 0x59, 0xC4, 0x59, 0xC4, 0x59, 0xC4, 0x59, 0xC4,
    0x59, 0xC4, 0x59, 0xC4, 0x59, 0xC4, 0x59, 0xC4, 0x59, 0xC4, 0x59, 0xC4, 0x59, 0xC4, 0x59, 0xC4,
    0x59, 0xC4, 0x59, 0xC4, 0x59, 0xC4, 0x59, 0xC4, 0x59, 0xC4, 0x59, 0xC4, 0x59, 0xC4, 0x59, 0xC4,
    0x59, 0xC4, 0x59, 0xC4, 0x59, 0xC4, 0x59, 0xC4, 0x59, 0xC4, 0x59, 0xC4, 0x59, 0xC4, 0x59, 0xC4,
    0x59, 0xC4, 0x59, 0xC4, 0x59, 0xC4, 0x59, 0xC4, 0x59, 0xC4, 0x59, 0xC4, 0x59, 0xC4, 0x59, 0xC4,
    0x59, 0xC4, 0x59, 0xC4, 0x59, 0xC4, 0x59, 0xC4, 0x59, 0xC4, 0x59, 0xC4, 0x59, 0xC4, 0x59, 0xC4,
    0x59, 0xC4, 0x59, 0xC4, 0x59, 0xC4, 0x59, 0xC4, 0x59, 0xC4, 0x59, 0xC4, 0x59, 0xC4, 0x59, 0xC4,
    0x59, 0xC4, 0x59, 0xC4, 0x59, 0xC4, 0x59, 0xC4, 0x59, 0xC4, 0x59, 0xC4, 0x59, 0xC4, 0x59, 0xC4,
    0x59, 0xC4, 0x59, 0xC4, 0x59, 0xC4, 0x59, 0xC4, 0x59, 0xC4, 0x59, 0xC4, 0x59, 0xC4, 0x59, 0xC4,
    0x59, 0xC4, 0x59, 0xC4, 0x59, 0xC4, 0x59, 0xC4, 0x59, 0xC4, 0x59, 0xC4, 0x59, 0xC4, 0x59, 0xC4,
    0x59, 0xC4, 0x59, 0xC4, 0x59, 0xC4, 0x59, 0xC4, 0x59, 0xC4, 0x59, 0xC4, 0x59, 0xC4, 0x59, 0xC4,
    0x59, 0xC4, 0x59, 0xC4, 0x59, 0xC4, 0x59, 0xC4, 0x59, 0xC4, 0x59, 0xC4, 0x59, 0xC4, 0x59, 0xC4,
    0x59, 0xC4, 0x59, 0xC4, 0x59, 0xC4, 0x59, 0xC4, 0x59, 0xC4, 0x59, 0xC4, 0x59, 0xC4, 0x59, 0xC4,
    0x59, 0xC4, 0x59, 0xC4, 0x59, 0xC4, 0x59, 0xC4, 0x59, 0xC4, 0x59, 0xC4, 0x59, 0xC4, 0x59, 0xC4,
    0x59, 0xC4, 0x59, 0xC4, 0x59, 0xC4, 0x59, 0xC4, 0x59, 0xC4, 0x59, 0xC4, 0x59, 0xC4, 0x59, 0xC4,
    0x59, 0xC4, 0x59, 0xC4, 0x59, 0xC4, 0x59, 0xC4, 0x59, 0xC4, 0x59, 0xC4, 0x59, 0xC4, 0x59, 0xC4,
    0x59, 0xC4, 0x59, 0xC4, 0x59, 0xC4, 0x59, 0xC4, 0x59, 0xC4, 0x59, 0xC4, 0x59, 0xC4, 0x59, 0xC4,
    0x59, 0xC4, 0x59, 0xC4, 0x59, 0xC4, 0x59, 0xC4, 0x59, 0xC4, 0x59, 0xC4, 0x59, 0xC4, 0x59, 0xC4,
    0x59, 0xC4, 0x59, 0xC4, 0x59, 0xC4, 0x59, 0xC4, 0x59, 0xC4, 0x59, 0xC4, 0x59, 0xC4, 0x59, 0xC4,
    0x59, 0xC4, 0x59, 0xC4, 0x59, 0xC4, 0x59, 0xC4, 0x59, 0xC4, 0x59, 0xC4, 0x59, 0xC4, 0x59, 0xC4,
    0x59, 0xC4, 0x59, 0xC4, 0x59, 0xC4, 0x59, 0xC4, 0x59, 0xC4, 0x59, 0xC4, 0x59, 0xC4, 0x59, 0xC4,
    0x59, 0xC4, 0x59, 0xC4, 0x59, 0xC4, 0x59, 0xC4, 0x59, 0xC4, 0x59, 0xC4, 0x59, 0xC4, 0x59, 0xC4,
    0x59, 0xC4, 0x59, 0xC4, 0x59, 0xC4, 0x59, 0xC4, 0x59, 0xC4, 0x59, 0xC4, 0x59, 0xC4, 0x59, 0xC4,
    0x59, 0xC4, 0x59, 0xC4, 0x59, 0xC4, 0x59, 0xC4, 0x59, 0xC4, 0x59, 0xC4, 0x59, 0xC4, 0x59, 0xC4,
    0x59, 0xC4, 0x59, 0xC4, 0x59, 0xC4, 0x59, 0xC4, 0x59, 0xC4, 0x59, 0xC4, 0x59, 0xC4, 0x59, 0xC4,
    0x59, 0xC4, 0x59, 0xC4, 0x59, 0xC4, 0x59, 0xC4, 0x59, 0xC4, 0x59, 0xC4, 0x59, 0xC4, 0x59, 0xC4,
    0x59, 0xC4, 0x59, 0xC4, 0x59, 0xC4, 0x59, 0xC4, 0x59, 0xC4, 0x59, 0xC4, 0x59, 0xC4, 0x59, 0xC4,
    0x59, 0xC4, 0x59, 0xC4, 0x59, 0xC4, 0x59, 0xC4, 0x59, 0xC4, 0x59, 0xC4, 0x59, 0xC4, 0x59, 0xC4,
    0x59, 0xC4, 0x59, 0xC4, 0x59, 0xC4, 0x59, 0xC4, 0x59, 0xC4, 0x59, 0xC4, 0x59, 0xC4, 0x59, 0xC4,
    0x59, 0xC4, 0x59, 0xC4, 0x59, 0xC4, 0x59, 0xC4, 0x59, 0xC4, 0x59, 0xC4, 0x59, 0xC4, 0x59, 0xC4,
    0x59, 0xC4, 0x59, 0xC4, 0x59, 0xC4, 0x59, 0xC4, 0x59, 0xC4, 0x59, 0xC4, 0x59, 0xC4, 0x59, 0xC4,
    0x59, 0xC4, 0x59, 0xC4, 0x59, 0xC4, 0x59, 0xC4, 0x59, 0xC4, 0x59, 0xC4, 0x59, 0xC4, 0x59, 0xC4,
    0x59, 0xC4, 0x59, 0xC4, 0x59, 0xC4, 0x59, 0xC4, 0x59, 0xC4, 0x59, 0xC4, 0x59, 0xC4, 0x59, 0xC4,
    0x59, 0xC4, 0x59, 0xC4, 0x59, 0xC4, 0x59, 0xC4, 0x59, 0xC4, 0x59, 0xC4, 0x59, 0xC4, 0x59, 0xC4,
    0x59, 0xC4, 0x59, 0xC4, 0x59, 0xC4, 0x59, 0xC4, 0x59, 0xC4, 0x59, 0xC4, 0x59, 0xC4, 0x59, 0xC4,
    0x59, 0xC4, 0x59, 0xC4, 0x59, 0xC4, 0x59, 0xC4, 0x59, 0xC4, 0x59, 0xC4, 0x59, 0xC4, 0x59, 0xC4,
    0x59, 0xC4, 0x59, 0xC4, 0x59, 0xC4, 0x59, 0xC4, 0x59, 0xC4, 0x59, 0xC4, 0x59, 0xC4, 0x59, 0xC4,
    0x59, 0xC4, 0x59, 0xC4, 0x59, 0xC4, 0x59, 0xC4, 0x59, 0xC4, 0x59, 0xC4, 0x59, 0xC4, 0x59, 0xC4,
    0x59, 0xC4, 0x59, 0xC4, 0x59, 0xC4, 0x59, 0xC4, 0x59, 0xC4, 0x59, 0xC4, 0x59, 0xC4, 0x59, 0xC4,
    0x59, 0xC4, 0x59, 0xC4, 0x59, 0xC4, 0x59, 0xC4, 0x59, 0xC4, 0x59, 0xC4, 0x59, 0xC4, 0x59, 0xC4,
    0x59, 0xC4, 0x59, 0xC4, 0x59, 0xC4, 0x59, 0xC4, 0x59, 0xC4, 0x59, 0xC4, 0x59, 0xC4, 0x59, 0xC4,
    0x59, 0xC4, 0x59, 0xC4, 0x59, 0xC4, 0x59, 0xC4, 0x59, 0xC4, 0x59, 0xC4, 0x59, 0xC4, 0x59, 0xC4,
    0x59, 0xC4, 0x59, 0xC4, 0x59, 0xC4, 0x59, 0xC4, 0x59, 0xC4, 0x59, 0xC4, 0x59, 0xC4, 0x59, 0xC4,
    0x59, 0xC4, 0x59, 0xC4, 0x59, 0xC4, 0x59, 0xC4, 0x59, 0xC4, 0x59, 0xC4, 0x59, 0xC4, 0x59, 0xC4,
    0x59, 0xC4, 0x59, 0xC4, 0x59, 0xC4, 0x59, 0xC4, 0x59, 0xC4, 0x59, 0xC4, 0x59, 0xC4, 0x59, 0xC4,
    0x59, 0xC4, 0x59, 0xC4, 0x59, 0xC4, 0x59, 0xC4, 0x59, 0xC4, 0x59, 0xC4, 0x59, 0xC4, 0x59, 0xC4,
    0x59, 0xC4, 0x59, 0xC4, 0x59, 0xC4, 0x59, 0xC4, 0x59, 0xC4, 0x59, 0xC4, 0x59, 0xC4, 0x59, 0xC4,
    0x59, 0xC4, 0x59, 0xC4, 0x59, 0xC4, 0x59, 0xC4, 0x59, 0xC4, 0x59, 0xC4, 0x59, 0xC4, 0x59, 0xC4,
    0x59, 0xC4, 0x59, 0xC4, 0x59, 0xC4, 0x59, 0xC4, 0x59, 0xC4, 0x59, 0xC4, 0x59, 0xC4, 0x59, 0xC4,
    0x59, 0xC4, 0x59, 0xC4, 0x59, 0xC4, 0x59, 0xC4, 0x59, 0xC4, 0x59, 0xC4, 0x59, 0xC4, 0x59, 0xC4,
    0x59, 0xC4, 0x59, 0xC4, 0x59, 0xC4, 0x59, 0xC4, 0x59, 0xC4, 0x59, 0xC4, 0x59, 0xC4, 0x59, 0xC4,
    0x59, 0xC4, 0x59, 0xC4, 0x59, 0xC4, 0x59, 0xC4, 0x59, 0xC4, 0x59, 0xC4, 0x59, 0xC4, 0x59, 0xC4,
    0x59, 0xC4, 0x59, 0xC4, 0x59, 0xC4, 0x59, 0xC4, 0x59, 0xC4, 0x59, 0xC4, 0x59, 0xC4, 0x59, 0xC4,
    0x59, 0xC4, 0x59, 0xC4, 0x59, 0xC4, 0x59, 0xC4, 0x59, 0xC4, 0x59, 0xC4, 0x59, 0xC4, 0x59, 0xC4,
    0x59, 0xC4, 0x59, 0xC4, 0x59, 0xC4, 0x59, 0xC4, 0x59, 0xC4, 0x59, 0xC4, 0x59, 0xC4, 0x59, 0xC4,
    0x59, 0xC4, 0x59, 0xC4, 0x59, 0xC4, 0x59, 0xC4, 0x59, 0xC4, 0x59, 0xC4, 0x59, 0xC4, 0x59, 0xC4,
    0x59, 0xC4, 0x59, 0xC4, 0x59, 0xC4, 0x59, 0xC4, 0x59, 0xC4, 0x59, 0xC4, 0x59, 0xC4, 0x59, 0xC4,
    0x59, 0xC4, 0x59, 0xC4, 0x59, 0xC4, 0x59, 0xC4, 0x59, 0xC4, 0x59, 0xC4, 0x59, 0xC4, 0x59, 0xC4,
    0x59, 0xC4, 0x59, 0xC4, 0x59, 0xC4, 0x59, 0xC4, 0x59, 0xC4, 0x59, 0xC4, 0x59, 0xC4, 0x59, 0xC4,
    0x59, 0xC4, 0x59, 0xC4, 0x59, 0xC4, 0x59, 0xC4, 0x59, 0xC4, 0x59, 0xC4, 0x59, 0xC4, 0x59, 0xC4,
    0x59, 0xC4, 0x59, 0xC4, 0x59, 0xC4, 0x59, 0xC4, 0x59, 0xC4, 0x59, 0xC4, 0x59, 0xC4, 0x59, 0xC4,
    0x59, 0xC4, 0x59, 0xC4, 0x59, 0xC4, 0x59, 0xC4, 0x59, 0xC4, 0x59, 0xC4, 0x59, 0xC4, 0x59, 0xC4,
    0x59, 0xC4, 0x59, 0xC4, 0x59, 0xC4, 0x59, 0xC4, 0x59, 0xC4, 0x59, 0xC4, 0x59, 0xC4, 0x59, 0xC4,
    0x59, 0xC4, 0x59, 0xC4, 0x59, 0xC4, 0x59, 0xC4, 0x59, 0xC4, 0x59, 0xC4, 0x59, 0xC4, 0x59, 0xC4,
    0x59, 0xC4, 0x59, 0xC4, 0x59, 0xC4, 0x59, 0xC4, 0x59, 0xC4, 0x59, 0xC4, 0x59, 0xC4, 0x59, 0xC4,
    0x59, 0xC4, 0x59, 0xC4, 0x59, 0xC4, 0x59, 0xC4, 0x59, 0xC4, 0x59, 0xC4, 0x59, 0xC4, 0x59, 0xC4,
    0x59, 0xC4, 0x59, 0xC4, 0x59, 0xC4, 0x59, 0xC4, 0x59, 0xC4, 0x59, 0xC4, 0x59, 0xC4, 0x59, 0xC4,
    0x59, 0xC4, 0x59, 0xC4, 0x59, 0xC4, 0x59, 0xC4, 0x59, 0xC4, 0x59, 0xC4, 0x59, 0xC4, 0x59, 0xC4,
    0x59, 0xC4, 0x59, 0xC4, 0x59, 0xC4, 0x59, 0xC4, 0x59, 0xC4, 0x59, 0xC4, 0x59, 0xC4, 0x59, 0xC4,
    0x59, 0xC4, 0x59, 0xC4, 0x59, 0xC4, 0x59, 0xC4, 0x59, 0xC4, 0x59, 0xC4, 0x59, 0xC4, 0x59, 0xC4,
    0x59, 0xC4, 0x59, 0xC4, 0x59, 0xC4, 0x59, 0xC4, 0x59, 0xC4, 0x59, 0xC4, 0x59, 0xC4, 0x59, 0xC4,
    0x59, 0xC4, 0x59, 0xC4, 0x59, 0xC4, 0x59, 0xC4, 0x59, 0xC4, 0x59, 0xC4, 0x59, 0xC4, 0x59, 0xC4,
    0x59, 0xC4, 0x59, 0xC4, 0x59, 0xC4, 0x59, 0xC4, 0x59, 0xC4, 0x59, 0xC4, 0x59, 0xC4, 0x59, 0xC4,
    0x59, 0xC4, 0x59, 0xC4, 0x59, 0xC4, 0x59, 0xC4, 0x59, 0xC4, 0x59, 0xC4, 0x59, 0xC4, 0x59, 0xC4,
    0x59, 0xC4, 0x59, 0xC4, 0x59, 0xC4, 0x59, 0xC4, 0x59, 0xC4, 0x59, 0xC4, 0x59, 0xC4, 0x59, 0xC4,
    0x59, 0xC4, 0x59, 0xC4, 0x59, 0xC4, 0x59, 0xC4, 0x59, 0xC4, 0x59, 0xC4, 0x59, 0xC4, 0x59, 0xC4,
    0x59, 0xC4, 0x59, 0xC4, 0x59, 0xC4, 0x59, 0xC4, 0x59, 0xC4, 0x59, 0xC4, 0x59, 0xC4, 0x59, 0xC4,
    0x59, 0xC4, 0x59, 0xC4, 0x59, 0xC4, 0x59, 0xC4, 0x59, 0xC4, 0x59, 0xC4, 0x59, 0xC4, 0x59, 0xC4,
    0x59, 0xC4, 0x59, 0xC4, 0x59, 0xC4, 0x59, 0xC4, 0x59, 0xC4, 0x59, 0xC4, 0x59, 0xC4, 0x59, 0xC4,
    0x59, 0xC4, 0x59, 0xC4, 0x59, 0xC4, 0x59, 0xC4, 0x59, 0xC4, 0x59, 0xC4, 0x59, 0xC4, 0x59, 0xC4,
    0x59, 0xC4, 0x59, 0xC4, 0x59, 0xC4, 0x59, 0xC4, 0x59, 0xC4, 0x59, 0xC4, 0x59, 0xC4, 0x59, 0xC4,
    0x59, 0xC4, 0x59, 0xC4, 0x59, 0xC4, 0x59, 0xC4, 0x59, 0xC4, 0x59, 0xC4, 0x59, 0xC4, 0x59, 0xC4,
    0x59, 0xC4, 0x59, 0xC4, 0x59, 0xC4, 0x59, 0xC4, 0x59, 0xC4, 0x59, 0xC4, 0x59, 0xC4, 0x59, 0xC4,
    0x59, 0xC4, 0x59, 0xC4, 0x59, 0xC4, 0x59, 0xC4, 0x59, 0xC4, 0x59, 0xC4, 0x59, 0xC4, 0x59, 0xC4,
    0x59, 0xC4, 0x59, 0xC4, 0x59, 0xC4, 0x59, 0xC4, 0x59, 0xC4, 0x59, 0xC4, 0x59, 0xC4, 0x59, 0xC4,
    0x59, 0xC4, 0x59, 0xC4, 0x59, 0xC4, 0x59, 0xC4, 0x59, 0xC4, 0x59, 0xC4, 0x59, 0xC4, 0x59, 0xC4,
    0x59, 0xC4, 0x59, 0xC4, 0x59, 0xC4, 0x59, 0xC4, 0x59, 0xC4, 0x59, 0xC4, 0x59, 0xC4, 0x59, 0xC4,
    0x59, 0xC4, 0x59, 0xC4, 0x59, 0xC4, 0x59, 0xC4, 0x59, 0xC4, 0x59, 0xC4, 0x59, 0xC4, 0x59, 0xC4,
    0x59, 0xC4, 0x59, 0xC4, 0x59, 0xC4, 0x59, 0xC4, 0x59, 0xC4, 0x59, 0xC4, 0x59, 0xC4, 0x59, 0xC4,
    0x59, 0xC4, 0x59, 0xC4, 0x59, 0xC4, 0x59, 0xC4, 0x59, 0xC4, 0x59, 0xC4, 0x59, 0xC4, 0x59, 0xC4,
    0x59, 0xC4, 0x59, 0xC4, 0x59, 0xC4, 0x59, 0xC4, 0x59, 0xC4, 0x59, 0xC4, 0x59, 0xC4, 0x59, 0xC4,
};

const lv_image_dsc_t buddy_bg_tutor = {
    .header = {
        .magic = LV_IMAGE_HEADER_MAGIC,
        .cf = LV_COLOR_FORMAT_RGB565,
        .flags = 0,
        .w = 320,
        .h = 240,
        .stride = 640,
        .reserved_2 = 0,
    },
    .data_size = sizeof(buddy_bg_tutor_map),
    .data = buddy_bg_tutor_map,
    .reserved = NULL,
};
