#include "lvgl.h"

#ifndef LV_ATTRIBUTE_MEM_ALIGN
#define LV_ATTRIBUTE_MEM_ALIGN
#endif

const LV_ATTRIBUTE_MEM_ALIGN uint8_t buddy_piggy_hungry_map[] = {
    0x64, 0x39, 0x44, 0x39, 0x64, 0x39, 0x64, 0x39, 0x64, 0x39, 0x44, 0x31, 0x23, 0x31, 0x23, 0x29,
    0x23, 0x31, 0x23, 0x31, 0x23, 0x29, 0x23, 0x29, 0x03, 0x29, 0x03, 0x29, 0xE3, 0x20, 0xC3, 0x20,
    0xC3, 0x20, 0xC2, 0x18, 0xA2, 0x18, 0xA2, 0x18, 0xA2, 0x18, 0xA2, 0x10, 0x82, 0x10, 0x82, 0x10,
    0x82, 0x10, 0x82, 0x10, 0x82, 0x10, 0x82, 0x10, 0x82, 0x10, 0x82, 0x10, 0x82, 0x10, 0x82, 0x10,
    0x82, 0x10, 0x82, 0x10, 0x82, 0x10, 0x82, 0x10, 0x82, 0x10, 0x82, 0x10, 0x82, 0x10, 0x83, 0x10,
    0xA3, 0x10, 0xA3, 0x10, 0x83, 0x10, 0x83, 0x10, 0x83, 0x10, 0x83, 0x10, 0x83, 0x10, 0x83, 0x10,
    0x83, 0x08, 0xA3, 0x10, 0xA3, 0x10, 0xA3, 0x10, 0xA3, 0x10, 0xA3, 0x10, 0xA3, 0x10, 0xA3, 0x10,
    0x83, 0x10, 0x83, 0x08, 0xA3, 0x10, 0xA3, 0x10, 0xA3, 0x10, 0xA3, 0x10, 0xA3, 0x10, 0x83, 0x10,
    0x83, 0x08, 0x83, 0x08, 0x83, 0x08, 0x83, 0x08, 0x83, 0x08, 0x83, 0x08, 0x83, 0x08, 0x83, 0x08,
    0x83, 0x08, 0x83, 0x08, 0x83, 0x08, 0x83, 0x08, 0x83, 0x08, 0x83, 0x08, 0x83, 0x08, 0x83, 0x08,
    0x83, 0x08, 0x83, 0x08, 0x83, 0x08, 0x63, 0x08, 0x63, 0x08, 0x83, 0x08, 0x83, 0x08, 0x83, 0x08,
    0x83, 0x08, 0x83, 0x08, 0x83, 0x08, 0x63, 0x08, 0x63, 0x08, 0x62, 0x08, 0x62, 0x08, 0x82, 0x08,
    0x62, 0x08, 0x62, 0x08, 0x62, 0x08, 0x62, 0x08, 0x62, 0x08, 0x62, 0x08, 0x62, 0x08, 0x42, 0x00,
    0x42, 0x00, 0x42, 0x00, 0x42, 0x00, 0x42, 0x00, 0x42, 0x00, 0x42, 0x00, 0x42, 0x00, 0x42, 0x00,
    0x42, 0x00, 0x62, 0x08, 0x84, 0x39, 0x67, 0x62, 0xC9, 0x72, 0x67, 0x62, 0xC5, 0x49, 0xE2, 0x28,
    0x41, 0x08, 0x21, 0x00, 0x21, 0x00, 0x21, 0x00, 0x61, 0x08, 0x81, 0x18, 0x81, 0x18, 0x40, 0x10,
    0x40, 0x10, 0x81, 0x18, 0x64, 0x39, 0x64, 0x39, 0x64, 0x39, 0x84, 0x39, 0x64, 0x39, 0x64, 0x39,
    0x44, 0x31, 0x23, 0x31, 0x23, 0x31, 0x23, 0x31, 0x23, 0x29, 0x03, 0x29, 0x03, 0x29, 0xE3, 0x20,
    0xE3, 0x20, 0xC3, 0x20, 0xC2, 0x20, 0xC2, 0x18, 0xA2, 0x18, 0xA2, 0x18, 0xA2, 0x18, 0xA2, 0x10,
    0xA2, 0x10, 0x82, 0x10, 0x82, 0x10, 0xA3, 0x10, 0x82, 0x10, 0x82, 0x10, 0x82, 0x10, 0x82, 0x10,
    0x82, 0x10, 0x82, 0x10, 0x82, 0x10, 0x82, 0x10, 0x82, 0x10, 0x82, 0x10, 0x82, 0x10, 0x82, 0x10,
    0x83, 0x10, 0x83, 0x10, 0xA3, 0x10, 0xA3, 0x10, 0xA3, 0x10, 0xA3, 0x10, 0xA3, 0x10, 0xA3, 0x10,
    0xA3, 0x10, 0x83, 0x10, 0x83, 0x08, 0xA3, 0x10, 0xA3, 0x10, 0xA3, 0x10, 0xA3, 0x10, 0xA3, 0x10,
    0xA3, 0x10, 0xA3, 0x10, 0xA3, 0x10, 0xA3, 0x10, 0xA3, 0x10, 0xA3, 0x10, 0xA3, 0x10, 0xA3, 0x10,
    0xA3, 0x10, 0x83, 0x08, 0x83, 0x08, 0x83, 0x08, 0x83, 0x08, 0x83, 0x08, 0x83, 0x08, 0x83, 0x08,
    0x83, 0x08, 0x83, 0x08, 0x83, 0x08, 0x83, 0x08, 0x83, 0x08, 0x83, 0x08, 0x83, 0x08, 0x83, 0x08,
    0x83, 0x08, 0x83, 0x08, 0x83, 0x08, 0x83, 0x08, 0x83, 0x08, 0x83, 0x08, 0x83, 0x08, 0x83, 0x08,
    0x83, 0x08, 0x83, 0x08, 0x83, 0x08, 0x83, 0x08, 0x83, 0x08, 0x83, 0x08, 0x83, 0x08, 0x83, 0x08,
    0x82, 0x08, 0x82, 0x08, 0x82, 0x08, 0x62, 0x08, 0x62, 0x08, 0x62, 0x08, 0x62, 0x08, 0x62, 0x08,
    0x62, 0x08, 0x62, 0x08, 0x42, 0x08, 0x42, 0x00, 0x42, 0x00, 0x42, 0x00, 0x42, 0x00, 0x42, 0x00,
    0x42, 0x00, 0x42, 0x00, 0x42, 0x00, 0x82, 0x08, 0x85, 0x39, 0x68, 0x62, 0xE9, 0x72, 0x87, 0x62,
    0xC5, 0x49, 0xE2, 0x28, 0x41, 0x08, 0x21, 0x00, 0x21, 0x00, 0x21, 0x00, 0x61, 0x10, 0x81, 0x18,
    0x61, 0x10, 0x40, 0x10, 0x41, 0x10, 0xA2, 0x18, 0x64, 0x41, 0x84, 0x41, 0x84, 0x41, 0x84, 0x41,
    0x84, 0x41, 0x64, 0x39, 0x64, 0x39, 0x44, 0x31, 0x23, 0x31, 0x23, 0x31, 0x23, 0x29, 0x03, 0x29,
    0xE3, 0x28, 0xE3, 0x20, 0xC3, 0x20, 0xC3, 0x20, 0xC2, 0x18, 0xA2, 0x18, 0xA2, 0x18, 0xA2, 0x18,
    0xA2, 0x18, 0xA2, 0x18, 0xA3, 0x10, 0xA2, 0x10, 0xA3, 0x10, 0xA3, 0x10, 0x83, 0x10, 0x83, 0x10,
    0x82, 0x10, 0x83, 0x10, 0x83, 0x10, 0x83, 0x10, 0x82, 0x10, 0x83, 0x10, 0x82, 0x10, 0x82, 0x10,
    0x83, 0x10, 0x83, 0x10, 0x83, 0x10, 0x83, 0x10, 0xA3, 0x10, 0xA3, 0x10, 0xA3, 0x10, 0xA3, 0x10,
    0xA3, 0x10, 0xA3, 0x10, 0xA3, 0x10, 0xA3, 0x10, 0xA3, 0x10, 0xA3, 0x08, 0x83, 0x10, 0xA3, 0x10,
    0xA3, 0x10, 0xA3, 0x10, 0xA3, 0x10, 0xA3, 0x10, 0xA3, 0x10, 0xA3, 0x10, 0xC3, 0x10, 0xC4, 0x10,
    0xA3, 0x10, 0xA3, 0x10, 0xA3, 0x10, 0xA3, 0x10, 0xA3, 0x10, 0x83, 0x08, 0x83, 0x08, 0x83, 0x08,
    0x83, 0x08, 0x83, 0x08, 0x83, 0x08, 0x83, 0x08, 0x83, 0x08, 0x83, 0x08, 0x83, 0x08, 0x83, 0x08,
    0x83, 0x08, 0x83, 0x08, 0x83, 0x08, 0x83, 0x08, 0x83, 0x08, 0x83, 0x08, 0x83, 0x08, 0x83, 0x08,
    0x83, 0x08, 0x83, 0x08, 0x83, 0x08, 0x83, 0x08, 0x83, 0x08, 0x83, 0x08, 0x83, 0x08, 0x83, 0x08,
    0x83, 0x08, 0x83, 0x08, 0x83, 0x08, 0x83, 0x08, 0x82, 0x08, 0x82, 0x08, 0x83, 0x08, 0x63, 0x08,
    0x63, 0x08, 0x62, 0x08, 0x62, 0x08, 0x62, 0x08, 0x62, 0x08, 0x42, 0x08, 0x42, 0x00, 0x42, 0x00,
    0x42, 0x00, 0x42, 0x00, 0x42, 0x00, 0x42, 0x00, 0x42, 0x00, 0x82, 0x10, 0x85, 0x39, 0x88, 0x62,
    0xE9, 0x72, 0x88, 0x62, 0xC5, 0x49, 0xE2, 0x28, 0x41, 0x08, 0x00, 0x00, 0x00, 0x00, 0x21, 0x00,
    0x61, 0x10, 0xA1, 0x18, 0x61, 0x10, 0x40, 0x08, 0x61, 0x10, 0xA2, 0x18, 0x84, 0x41, 0xA4, 0x41,
    0x84, 0x41, 0x84, 0x41, 0x84, 0x41, 0x64, 0x39, 0x64, 0x39, 0x44, 0x31, 0x23, 0x31, 0x23, 0x31,
    0x03, 0x29, 0x03, 0x29, 0xE3, 0x20, 0xC3, 0x20, 0xC2, 0x20, 0xC2, 0x20, 0xC2, 0x18, 0xA2, 0x18,
    0xA2, 0x18, 0xA2, 0x18, 0xA2, 0x18, 0xA2, 0x18, 0xA2, 0x18, 0xA3, 0x10, 0xA3, 0x10, 0xA3, 0x10,
    0xA3, 0x10, 0x83, 0x10, 0xA3, 0x10, 0xA3, 0x10, 0xA3, 0x10, 0xA3, 0x10, 0xA3, 0x10, 0x83, 0x10,
    0x83, 0x10, 0x83, 0x10, 0x83, 0x10, 0x83, 0x10, 0x83, 0x10, 0xA3, 0x10, 0xA3, 0x10, 0xC3, 0x10,
    0xA3, 0x10, 0xA3, 0x10, 0xA3, 0x10, 0xA3, 0x10, 0xA3, 0x10, 0xA3, 0x10, 0xA3, 0x10, 0x83, 0x10,
    0xA3, 0x10, 0xA3, 0x10, 0xA4, 0x10, 0xA3, 0x10, 0xA3, 0x10, 0xA3, 0x10, 0xA3, 0x10, 0xA3, 0x10,
    0xC4, 0x10, 0xC4, 0x10, 0xA3, 0x10, 0xA3, 0x10, 0xA3, 0x10, 0xA4, 0x10, 0xA4, 0x10, 0xA3, 0x10,
    0xA3, 0x08, 0xA3, 0x08, 0x83, 0x08, 0x83, 0x08, 0x83, 0x08, 0x83, 0x08, 0xA3, 0x10, 0xA3, 0x10,
    0xA3, 0x08, 0x83, 0x08, 0x83, 0x08, 0xA3, 0x08, 0x83, 0x08, 0x83, 0x08, 0x83, 0x08, 0x83, 0x08,
    0x83, 0x08, 0x83, 0x08, 0x83, 0x08, 0x83, 0x08, 0x83, 0x08, 0x83, 0x08, 0x83, 0x08, 0x83, 0x08,
    0x83, 0x10, 0x83, 0x08, 0x83, 0x08, 0x83, 0x08, 0x83, 0x08, 0x83, 0x08, 0x83, 0x08, 0x83, 0x08,
    0x83, 0x08, 0x63, 0x08, 0x63, 0x08, 0x63, 0x08, 0x62, 0x08, 0x62, 0x08, 0x62, 0x08, 0x62, 0x08,
    0x62, 0x08, 0x42, 0x00, 0x42, 0x00, 0x42, 0x00, 0x42, 0x00, 0x42, 0x00, 0x42, 0x00, 0x82, 0x10,
    0x85, 0x39, 0x88, 0x62, 0xE9, 0x72, 0x88, 0x62, 0xC5, 0x49, 0xE2, 0x28, 0x41, 0x08, 0x00, 0x00,
    0x00, 0x00, 0x21, 0x08, 0x61, 0x10, 0xA1, 0x18, 0x61, 0x10, 0x40, 0x10, 0x61, 0x10, 0xA2, 0x18,
    0x84, 0x41, 0xA4, 0x41, 0x84, 0x41, 0x84, 0x41, 0x64, 0x41, 0x64, 0x39, 0x44, 0x39, 0x43, 0x31,
    0x23, 0x31, 0x23, 0x31, 0x03, 0x29, 0xE3, 0x28, 0xC3, 0x20, 0xC2, 0x18, 0xC2, 0x18, 0xC2, 0x18,
    0xC2, 0x18, 0xA2, 0x18, 0xC2, 0x18, 0xC2, 0x18, 0xC3, 0x18, 0xA2, 0x18, 0xA3, 0x18, 0xA3, 0x18,
    0xA3, 0x10, 0xA3, 0x10, 0xA3, 0x10, 0xA3, 0x10, 0xA3, 0x18, 0xA3, 0x18, 0xA3, 0x18, 0xA3, 0x10,
    0xA3, 0x10, 0x83, 0x10, 0x83, 0x10, 0x83, 0x10, 0x83, 0x10, 0x83, 0x10, 0x83, 0x10, 0xA3, 0x10,
    0xA3, 0x10, 0xC3, 0x10, 0xC3, 0x18, 0xC3, 0x18, 0xC3, 0x18, 0xA3, 0x10, 0xA3, 0x10, 0xA3, 0x10,
    0x83, 0x10, 0xA3, 0x10, 0xA3, 0x10, 0xA3, 0x10, 0xA3, 0x10, 0xA3, 0x10, 0xC3, 0x10, 0xC4, 0x10,
    0xC4, 0x10, 0xC3, 0x10, 0xC4, 0x10, 0xC4, 0x10, 0xA3, 0x10, 0xA4, 0x10, 0xA4, 0x10, 0xA4, 0x10,
    0xA4, 0x10, 0xA4, 0x10, 0xA3, 0x08, 0xA3, 0x08, 0xA3, 0x08, 0x83, 0x08, 0x83, 0x08, 0xA3, 0x08,
    0xA4, 0x10, 0xA4, 0x10, 0xA3, 0x10, 0xA3, 0x08, 0x83, 0x10, 0xA3, 0x08, 0x83, 0x08, 0x83, 0x08,
    0x83, 0x08, 0x83, 0x08, 0x83, 0x08, 0x83, 0x08, 0x83, 0x08, 0x83, 0x08, 0x83, 0x08, 0x83, 0x08,
    0x83, 0x08, 0x83, 0x10, 0x83, 0x10, 0x83, 0x08, 0x83, 0x08, 0xA3, 0x10, 0xA3, 0x08, 0x83, 0x08,
    0x83, 0x08, 0x83, 0x08, 0x83, 0x08, 0x83, 0x08, 0x63, 0x08, 0x63, 0x08, 0x63, 0x08, 0x62, 0x08,
    0x62, 0x08, 0x62, 0x08, 0x62, 0x08, 0x62, 0x08, 0x42, 0x00, 0x42, 0x00, 0x42, 0x00, 0x42, 0x00,
    0x42, 0x00, 0x82, 0x10, 0xA5, 0x41, 0x88, 0x62, 0xE9, 0x72, 0x88, 0x62, 0xC5, 0x49, 0xE2, 0x28,
    0x40, 0x08, 0x00, 0x00, 0x00, 0x00, 0x21, 0x00, 0x61, 0x10, 0xA2, 0x18, 0x81, 0x18, 0x40, 0x10,
    0x61, 0x10, 0x82, 0x18, 0x84, 0x41, 0x84, 0x41, 0x84, 0x41, 0x84, 0x41, 0x64, 0x39, 0x44, 0x39,
    0x23, 0x31, 0x23, 0x31, 0x23, 0x31, 0x03, 0x29, 0x03, 0x29, 0xE3, 0x20, 0xC3, 0x20, 0xC2, 0x18,
    0xC2, 0x18, 0xC2, 0x18, 0xC2, 0x18, 0xC2, 0x18, 0xC3, 0x18, 0xC2, 0x18, 0xC3, 0x18, 0xA3, 0x18,
    0xA3, 0x18, 0xA3, 0x18, 0xA3, 0x10, 0xA3, 0x10, 0xA3, 0x10, 0xA3, 0x18, 0xC3, 0x18, 0xC3, 0x18,
    0xA3, 0x18, 0xA3, 0x10, 0xA3, 0x10, 0x83, 0x10, 0x83, 0x10, 0x83, 0x10, 0x83, 0x10, 0xA3, 0x10,
    0xA3, 0x10, 0xA3, 0x10, 0xC3, 0x18, 0xC3, 0x18, 0xC4, 0x18, 0xE4, 0x18, 0xE4, 0x18, 0xC4, 0x18,
    0xA3, 0x10, 0xA3, 0x10, 0xA3, 0x10, 0xA3, 0x10, 0xA3, 0x10, 0xA3, 0x10, 0xA4, 0x10, 0xA4, 0x10,
    0xC4, 0x10, 0xC4, 0x10, 0xC4, 0x10, 0xC4, 0x10, 0xC4, 0x10, 0xC4, 0x10, 0xC4, 0x10, 0xC4, 0x10,
    0xA4, 0x10, 0xC4, 0x10, 0xC4, 0x10, 0xA4, 0x10, 0xA4, 0x10, 0xA4, 0x08, 0xA3, 0x08, 0xA3, 0x08,
    0xA3, 0x10, 0xA3, 0x10, 0xA4, 0x10, 0xA4, 0x10, 0xA4, 0x10, 0xA3, 0x08, 0xA3, 0x10, 0x84, 0x08,
    0xA3, 0x08, 0x83, 0x08, 0x83, 0x08, 0x83, 0x08, 0x83, 0x08, 0x83, 0x08, 0x83, 0x08, 0x83, 0x08,
    0x83, 0x08, 0x83, 0x08, 0x83, 0x10, 0xA3, 0x10, 0xA3, 0x10, 0xA3, 0x10, 0xA3, 0x10, 0xA3, 0x10,
    0xA3, 0x10, 0x83, 0x08, 0x83, 0x08, 0x83, 0x08, 0x83, 0x08, 0x83, 0x08, 0x83, 0x08, 0x63, 0x08,
    0x63, 0x08, 0x62, 0x08, 0x62, 0x08, 0x62, 0x08, 0x62, 0x08, 0x62, 0x08, 0x62, 0x08, 0x42, 0x00,
    0x42, 0x00, 0x42, 0x00, 0x42, 0x00, 0x82, 0x10, 0x85, 0x39, 0x68, 0x62, 0xC9, 0x6A, 0x67, 0x62,
    0xA5, 0x41, 0xE2, 0x20, 0x40, 0x08, 0x00, 0x00, 0x00, 0x00, 0x20, 0x00, 0x61, 0x10, 0x81, 0x18,
    0x81, 0x18, 0x40, 0x10, 0x61, 0x10, 0x61, 0x10, 0x64, 0x41, 0x84, 0x41, 0x84, 0x41, 0x64, 0x41,
    0x44, 0x39, 0x23, 0x31, 0x23, 0x31, 0x03, 0x31, 0x03, 0x31, 0x03, 0x29, 0xE3, 0x28, 0xE3, 0x20,
    0xC2, 0x20, 0xC2, 0x18, 0xC2, 0x18, 0xC2, 0x18, 0xC3, 0x20, 0xC3, 0x20, 0xC3, 0x20, 0xC3, 0x20,
    0xC3, 0x18, 0xC3, 0x18, 0xA3, 0x18, 0xA3, 0x18, 0xA3, 0x18, 0xA3, 0x10, 0xA3, 0x10, 0xA3, 0x18,
    0xC3, 0x18, 0xA3, 0x18, 0xA3, 0x10, 0xA3, 0x10, 0xA3, 0x10, 0x83, 0x10, 0x83, 0x10, 0xA3, 0x10,
    0xA3, 0x10, 0xA3, 0x10, 0xA3, 0x10, 0xA3, 0x10, 0xC3, 0x18, 0xE4, 0x18, 0xE4, 0x20, 0x04, 0x21,
    0x04, 0x21, 0xE4, 0x18, 0xC3, 0x10, 0xA3, 0x10, 0xA3, 0x10, 0xA3, 0x10, 0xA3, 0x10, 0xA4, 0x10,
    0xC4, 0x10, 0xC4, 0x10, 0xC4, 0x10, 0xC4, 0x10, 0xC4, 0x10, 0xC4, 0x10, 0xC4, 0x10, 0xC4, 0x10,
    0xC4, 0x10, 0xC4, 0x10, 0xC4, 0x10, 0xC4, 0x10, 0xC4, 0x10, 0xA4, 0x10, 0xA4, 0x10, 0xA4, 0x10,
    0xA4, 0x08, 0xA4, 0x10, 0xA4, 0x10, 0xA4, 0x10, 0xA4, 0x10, 0xA4, 0x10, 0xA4, 0x10, 0xA3, 0x10,
    0xA3, 0x10, 0xA3, 0x10, 0xA3, 0x08, 0xA3, 0x08, 0x83, 0x08, 0x83, 0x08, 0x83, 0x08, 0x83, 0x08,
    0x83, 0x08, 0x83, 0x08, 0x83, 0x08, 0x83, 0x08, 0xA3, 0x10, 0xA4, 0x10, 0xA4, 0x10, 0xA4, 0x10,
    0xA4, 0x10, 0xA4, 0x10, 0xA3, 0x10, 0x83, 0x08, 0x83, 0x08, 0x83, 0x08, 0x83, 0x08, 0x83, 0x08,
    0x63, 0x08, 0x63, 0x08, 0x63, 0x08, 0x63, 0x08, 0x62, 0x08, 0x62, 0x08, 0x62, 0x08, 0x62, 0x08,
    0x42, 0x08, 0x42, 0x00, 0x42, 0x00, 0x42, 0x08, 0x42, 0x08, 0x82, 0x10, 0x64, 0x39, 0x06, 0x52,
    0x47, 0x5A, 0xE6, 0x51, 0x64, 0x39, 0xA1, 0x20, 0x20, 0x08, 0x00, 0x00, 0x00, 0x00, 0x00, 0x00,
    0x41, 0x08, 0x81, 0x10, 0x81, 0x18, 0x40, 0x08, 0x40, 0x08, 0x40, 0x08, 0x64, 0x39, 0x64, 0x39,
    0x64, 0x39, 0x44, 0x39, 0x43, 0x31, 0x23, 0x31, 0x03, 0x29, 0x03, 0x29, 0x03, 0x29, 0x03, 0x29,
    0xE3, 0x28, 0xC3, 0x20, 0xC3, 0x20, 0xC3, 0x20, 0xC3, 0x20, 0xC3, 0x20, 0xC3, 0x20, 0xC3, 0x20,
    0xC3, 0x20, 0xE3, 0x20, 0xC3, 0x20, 0xC3, 0x18, 0xA3, 0x18, 0xA3, 0x18, 0xA3, 0x18, 0xA3, 0x10,
    0xA3, 0x18, 0xA3, 0x18, 0xC3, 0x18, 0xA3, 0x18, 0xA3, 0x10, 0xA3, 0x10, 0xA3, 0x10, 0x83, 0x10,
    0xA3, 0x10, 0xA3, 0x10, 0xA3, 0x10, 0xA3, 0x10, 0xA3, 0x10, 0xA3, 0x18, 0xC4, 0x18, 0xE4, 0x20,
    0x05, 0x21, 0x05, 0x21, 0x04, 0x21, 0xE4, 0x18, 0xC4, 0x18, 0xA4, 0x10, 0xA3, 0x10, 0xA3, 0x10,
    0xA3, 0x10, 0xA4, 0x10, 0xC4, 0x10, 0xC4, 0x10, 0xC4, 0x10, 0xC4, 0x18, 0xC4, 0x18, 0xC4, 0x10,
    0xC4, 0x10, 0xC4, 0x10, 0xC4, 0x18, 0xC4, 0x18, 0xC4, 0x10, 0xC4, 0x10, 0xC4, 0x10, 0xC4, 0x10,
    0xA4, 0x10, 0xA4, 0x10, 0xA4, 0x10, 0xA4, 0x10, 0xA4, 0x10, 0xA4, 0x10, 0xA4, 0x10, 0xA4, 0x10,
    0xA4, 0x10, 0xA4, 0x10, 0xA4, 0x10, 0xA3, 0x10, 0x83, 0x10, 0xA3, 0x10, 0xA3, 0x08, 0x83, 0x08,
    0x83, 0x08, 0x83, 0x08, 0x83, 0x08, 0x83, 0x08, 0x83, 0x10, 0xA4, 0x10, 0xA4, 0x10, 0xA4, 0x10,
    0xA4, 0x10, 0xA4, 0x10, 0xA4, 0x10, 0xA4, 0x10, 0xA3, 0x10, 0x83, 0x10, 0x83, 0x08, 0x83, 0x08,
    0x83, 0x08, 0x83, 0x08, 0x63, 0x08, 0x63, 0x08, 0x63, 0x08, 0x63, 0x08, 0x63, 0x08, 0x63, 0x08,
    0x63, 0x08, 0x63, 0x08, 0x42, 0x08, 0x42, 0x08, 0x42, 0x00, 0x42, 0x08, 0x62, 0x08, 0x81, 0x10,
    0xE2, 0x28, 0x64, 0x39, 0x84, 0x41, 0x43, 0x31, 0xC2, 0x20, 0x61, 0x10, 0x20, 0x00, 0x00, 0x00,
    0x20, 0x00, 0x20, 0x00, 0x41, 0x08, 0x81, 0x10, 0x81, 0x10, 0x40, 0x08, 0x20, 0x08, 0x20, 0x08,
    0x43, 0x31, 0x43, 0x39, 0x43, 0x39, 0x43, 0x39, 0x23, 0x31, 0x03, 0x31, 0x03, 0x29, 0x03, 0x29,
    0x03, 0x29, 0xE3, 0x28, 0xE3, 0x20, 0xC3, 0x20, 0xC3, 0x20, 0xC3, 0x20, 0xC3, 0x20, 0xC3, 0x20,
    0xE3, 0x20, 0xE3, 0x20, 0xE3, 0x20, 0xE3, 0x28, 0xE3, 0x20, 0xC3, 0x20, 0xA3, 0x18, 0xA3, 0x18,
    0xA3, 0x18, 0xA3, 0x18, 0xA3, 0x18, 0xA3, 0x18, 0xA3, 0x18, 0xA3, 0x18, 0xA3, 0x10, 0xA3, 0x10,
    0xA3, 0x10, 0x83, 0x10, 0x83, 0x10, 0xA3, 0x10, 0xA3, 0x10, 0xA3, 0x10, 0xA3, 0x10, 0xC3, 0x18,
    0xE4, 0x18, 0x04, 0x21, 0x05, 0x29, 0x05, 0x21, 0x04, 0x21, 0xE4, 0x18, 0xC4, 0x10, 0xA4, 0x10,
    0xA4, 0x10, 0xA4, 0x10, 0xA4, 0x10, 0xC4, 0x10, 0xC4, 0x10, 0xC4, 0x10, 0xC4, 0x10, 0xC4, 0x18,
    0xE4, 0x18, 0xE4, 0x18, 0xE4, 0x18, 0xE4, 0x18, 0xE4, 0x18, 0xC4, 0x18, 0xC4, 0x18, 0xC4, 0x10,
    0xC4, 0x10, 0xC4, 0x10, 0xA4, 0x10, 0xA4, 0x10, 0xA4, 0x10, 0xA4, 0x10, 0xA4, 0x10, 0xA4, 0x10,
    0xA4, 0x10, 0xA4, 0x10, 0xA4, 0x10, 0xA4, 0x10, 0xA4, 0x10, 0xA4, 0x10, 0xA4, 0x10, 0xA4, 0x10,
    0xA3, 0x08, 0xA3, 0x08, 0xA3, 0x08, 0x83, 0x08, 0xA3, 0x08, 0xA3, 0x08, 0xA4, 0x10, 0xA4, 0x10,
    0xA4, 0x10, 0xC4, 0x10, 0xA4, 0x10, 0xA4, 0x10, 0xA4, 0x10, 0xA4, 0x10, 0xA3, 0x10, 0x83, 0x10,
    0x83, 0x08, 0x83, 0x08, 0x83, 0x08, 0x83, 0x08, 0x83, 0x08, 0x83, 0x08, 0x83, 0x08, 0x63, 0x08,
    0x63, 0x08, 0x63, 0x08, 0x63, 0x08, 0x63, 0x08, 0x62, 0x08, 0x42, 0x08, 0x42, 0x00, 0x42, 0x08,
    0x61, 0x08, 0x61, 0x10, 0x81, 0x18, 0xC2, 0x28, 0xE2, 0x28, 0x81, 0x18, 0x40, 0x10, 0x20, 0x08,
    0x00, 0x00, 0x00, 0x00, 0x20, 0x08, 0x40, 0x08, 0x61, 0x10, 0x61, 0x10, 0x61, 0x10, 0x41, 0x10,
    0x40, 0x08, 0x40, 0x08, 0x23, 0x31, 0x23, 0x31, 0x23, 0x31, 0x23, 0x31, 0x23, 0x31, 0x03, 0x31,
    0x03, 0x29, 0x03, 0x29, 0x03, 0x29, 0x03, 0x29, 0xE3, 0x28, 0xE3, 0x20, 0xC3, 0x20, 0xE3, 0x20,
    0xE3, 0x20, 0xE3, 0x20, 0xE3, 0x20, 0xE3, 0x20, 0xE3, 0x20, 0xE3, 0x28, 0xE3, 0x20, 0xC3, 0x20,
    0xC3, 0x18, 0xA3, 0x18, 0xA3, 0x18, 0xA3, 0x18, 0xA3, 0x18, 0xA3, 0x18, 0xA3, 0x18, 0xA3, 0x18,
    0xA3, 0x10, 0xA3, 0x10, 0xA3, 0x10, 0xA3, 0x10, 0xA3, 0x10, 0xA3, 0x10, 0xA3, 0x10, 0xA3, 0x10,
    0xC3, 0x18, 0xC3, 0x18, 0xE4, 0x18, 0xE4, 0x20, 0x04, 0x21, 0x04, 0x21, 0xE4, 0x20, 0xC4, 0x18,
    0xC4, 0x10, 0xC4, 0x10, 0xC4, 0x10, 0xC4, 0x10, 0xC4, 0x10, 0xC4, 0x10, 0xC4, 0x18, 0xC4, 0x18,
    0xC4, 0x18, 0xE4, 0x18, 0xE4, 0x18, 0xE4, 0x18, 0xE5, 0x18, 0xE4, 0x18, 0xE4, 0x18, 0xC4, 0x18,
    0xE4, 0x18, 0xC4, 0x18, 0xC4, 0x18, 0xC4, 0x10, 0xA4, 0x10, 0xA4, 0x10, 0xA4, 0x10, 0xA4, 0x10,
    0xA4, 0x10, 0xA4, 0x10, 0xA4, 0x10, 0xA4, 0x10, 0xA4, 0x10, 0xA4, 0x10, 0xA4, 0x10, 0xA4, 0x10,
    0xA4, 0x10, 0xA4, 0x10, 0xA3, 0x08, 0xA3, 0x08, 0xA3, 0x08, 0xA3, 0x08, 0xA4, 0x10, 0xA4, 0x10,
    0xA4, 0x10, 0xC4, 0x10, 0xC4, 0x10, 0xA4, 0x10, 0xA4, 0x10, 0xA4, 0x10, 0xA4, 0x10, 0xA4, 0x10,
    0xA3, 0x10, 0xA3, 0x10, 0x83, 0x08, 0x83, 0x08, 0x83, 0x08, 0x83, 0x08, 0x83, 0x08, 0x83, 0x08,
    0x63, 0x08, 0x63, 0x08, 0x63, 0x08, 0x63, 0x08, 0x63, 0x08, 0x63, 0x08, 0x62, 0x08, 0x62, 0x08,
    0x62, 0x08, 0x42, 0x08, 0x42, 0x08, 0x41, 0x08, 0x81, 0x18, 0xC2, 0x28, 0xE2, 0x28, 0xA1, 0x20,
    0x40, 0x10, 0x00, 0x00, 0x00, 0x00, 0x00, 0x00, 0x20, 0x00, 0x40, 0x08, 0x61, 0x10, 0x61, 0x10,
    0x41, 0x08, 0x41, 0x10, 0x61, 0x10, 0x61, 0x10, 0x03, 0x31, 0x23, 0x31, 0x23, 0x31, 0x23, 0x31,
    0x23, 0x31, 0x03, 0x31, 0x03, 0x31, 0x03, 0x31, 0x03, 0x31, 0x03, 0x29, 0xE3, 0x28, 0xE3, 0x28,
    0xE3, 0x20, 0xE3, 0x20, 0xE3, 0x20, 0xC3, 0x20, 0xE3, 0x20, 0xE3, 0x20, 0xE3, 0x20, 0xE3, 0x20,
    0xE3, 0x28, 0xC3, 0x20, 0xC3, 0x18, 0xA3, 0x18, 0xA3, 0x10, 0xA3, 0x10, 0xA3, 0x10, 0xA3, 0x18,
    0xA3, 0x18, 0xA3, 0x18, 0xA3, 0x18, 0xC3, 0x18, 0xC3, 0x18, 0xA3, 0x10, 0xA3, 0x10, 0xA3, 0x10,
    0xA3, 0x10, 0xC3, 0x18, 0xC3, 0x18, 0xC4, 0x18, 0xC4, 0x18, 0xE4, 0x18, 0xE4, 0x20, 0xE4, 0x18,
    0xE4, 0x18, 0xC4, 0x10, 0xC4, 0x10, 0xC4, 0x10, 0xC4, 0x10, 0xC4, 0x10, 0xC4, 0x10, 0xC4, 0x10,
    0xE4, 0x18, 0xE4, 0x18, 0xE4, 0x18, 0xE4, 0x18, 0xE4, 0x18, 0xE5, 0x18, 0x05, 0x19, 0x05, 0x19,
    0xE4, 0x18, 0xE4, 0x18, 0xE4, 0x18, 0xE4, 0x18, 0xC4, 0x18, 0xC4, 0x10, 0xC4, 0x10, 0xC4, 0x10,
    0xC4, 0x10, 0xC4, 0x10, 0xA4, 0x10, 0xA4, 0x10, 0xA4, 0x10, 0xA4, 0x10, 0xA4, 0x10, 0xA4, 0x10,
    0xA4, 0x10, 0xA4, 0x10, 0xA4, 0x10, 0xA4, 0x10, 0xA4, 0x10, 0xA4, 0x10, 0xA4, 0x08, 0xA3, 0x08,
    0xA4, 0x10, 0xA4, 0x10, 0xC4, 0x10, 0xC4, 0x10, 0xC4, 0x10, 0xC4, 0x10, 0xC4, 0x10, 0xA4, 0x10,
    0xA4, 0x10, 0xA4, 0x10, 0xA3, 0x10, 0xA3, 0x10, 0x83, 0x10, 0x83, 0x10, 0x83, 0x08, 0x83, 0x08,
    0x83, 0x08, 0x83, 0x08, 0x83, 0x08, 0x63, 0x08, 0x63, 0x08, 0x63, 0x08, 0x63, 0x08, 0x63, 0x08,
    0x62, 0x08, 0x62, 0x08, 0x42, 0x08, 0x62, 0x00, 0x42, 0x00, 0x42, 0x08, 0x82, 0x18, 0x03, 0x31,
    0x23, 0x39, 0xE2, 0x28, 0x60, 0x10, 0x00, 0x08, 0x00, 0x00, 0x00, 0x00, 0x00, 0x00, 0x40, 0x08,
    0x40, 0x10, 0x40, 0x08, 0x40, 0x08, 0x41, 0x08, 0x81, 0x18, 0xC2, 0x20, 0x03, 0x31, 0x23, 0x31,
    0x23, 0x31, 0x23, 0x31, 0x03, 0x31, 0x03, 0x31, 0x03, 0x31, 0x23, 0x31, 0x03, 0x31, 0x03, 0x29,
    0xE3, 0x28, 0xE3, 0x28, 0xE3, 0x28, 0xE3, 0x28, 0xE3, 0x20, 0xC3, 0x20, 0xC3, 0x20, 0xE3, 0x20,
    0xC3, 0x20, 0xE3, 0x20, 0xE3, 0x20, 0xC3, 0x20, 0xA3, 0x18, 0xA3, 0x18, 0xA3, 0x10, 0xA3, 0x10,
    0xA3, 0x10, 0xA3, 0x10, 0xA3, 0x18, 0xA3, 0x18, 0xC3, 0x18, 0xC3, 0x18, 0xC3, 0x18, 0xC3, 0x18,
    0xA3, 0x10, 0xA3, 0x10, 0xA3, 0x10, 0xC3, 0x18, 0xC4, 0x18, 0xC4, 0x18, 0xC4, 0x18, 0xC4, 0x18,
    0xE4, 0x18, 0xE4, 0x18, 0xC4, 0x18, 0xC4, 0x10, 0xC4, 0x10, 0xC4, 0x10, 0xC4, 0x10, 0xE4, 0x18,
    0xC4, 0x10, 0xC4, 0x10, 0xE4, 0x18, 0xE4, 0x18, 0xE4, 0x18, 0xE4, 0x18, 0xE4, 0x18, 0x05, 0x19,
    0x05, 0x19, 0x05, 0x19, 0xE5, 0x18, 0xE4, 0x18, 0xE5, 0x18, 0xE5, 0x18, 0xE5, 0x18, 0xC4, 0x18,
    0xC4, 0x10, 0xC4, 0x10, 0xC4, 0x10, 0xC4, 0x10, 0xA4, 0x10, 0xA4, 0x10, 0xA4, 0x10, 0xA4, 0x10,
    0xA4, 0x10, 0xA4, 0x10, 0xC4, 0x10, 0xC4, 0x10, 0xC4, 0x10, 0xC4, 0x10, 0xA4, 0x10, 0xA4, 0x10,
    0xA4, 0x10, 0xA4, 0x10, 0xA4, 0x10, 0xC4, 0x10, 0xC4, 0x10, 0xC4, 0x10, 0xC4, 0x10, 0xC4, 0x10,
    0xC4, 0x10, 0xA4, 0x10, 0xA4, 0x10, 0xA4, 0x10, 0xA4, 0x10, 0xA3, 0x10, 0xA3, 0x10, 0xA3, 0x10,
    0x83, 0x10, 0x83, 0x08, 0x83, 0x08, 0x83, 0x08, 0x83, 0x08, 0x63, 0x08, 0x63, 0x08, 0x63, 0x08,
    0x63, 0x08, 0x62, 0x08, 0x63, 0x08, 0x62, 0x08, 0x62, 0x08, 0x62, 0x08, 0x62, 0x08, 0x62, 0x08,
    0x82, 0x18, 0x03, 0x31, 0x23, 0x39, 0xC2, 0x28, 0x60, 0x10, 0x20, 0x08, 0x00, 0x00, 0x00, 0x00,
    0x00, 0x00, 0x20, 0x08, 0x40, 0x08, 0x20, 0x08, 0x20, 0x00, 0x41, 0x08, 0x81, 0x10, 0xC2, 0x20,
    0x03, 0x31, 0x03, 0x31, 0x03, 0x31, 0x03, 0x31, 0x03, 0x31, 0x03, 0x29, 0x03, 0x31, 0x03, 0x31,
    0x03, 0x29, 0x03, 0x29, 0xE3, 0x28, 0xE3, 0x28, 0xE3, 0x20, 0xE3, 0x20, 0xE3, 0x20, 0xE3, 0x20,
    0xE3, 0x20, 0xC3, 0x20, 0xC3, 0x20, 0xC3, 0x20, 0xC3, 0x20, 0xC3, 0x18, 0xA3, 0x18, 0xA3, 0x10,
    0xA3, 0x10, 0xA3, 0x10, 0xA3, 0x10, 0xA3, 0x10, 0xA3, 0x10, 0xA3, 0x18, 0xC3, 0x18, 0xC4, 0x18,
    0xC4, 0x18, 0xC3, 0x18, 0xC3, 0x18, 0xC3, 0x10, 0xC3, 0x18, 0xC3, 0x18, 0xC4, 0x18, 0xC4, 0x18,
    0xC4, 0x18, 0xC4, 0x18, 0xC4, 0x18, 0xC4, 0x18, 0xC4, 0x18, 0xC4, 0x10, 0xC4, 0x10, 0xC4, 0x10,
    0xC4, 0x18, 0xE4, 0x18, 0xE4, 0x18, 0xE4, 0x18, 0xE4, 0x18, 0x05, 0x19, 0x05, 0x19, 0xE5, 0x18,
    0x05, 0x19, 0x05, 0x19, 0x05, 0x19, 0x05, 0x19, 0x05, 0x19, 0xE5, 0x18, 0xE5, 0x18, 0xE5, 0x18,
    0xE5, 0x18, 0xE4, 0x18, 0xE4, 0x18, 0xE5, 0x18, 0xE5, 0x18, 0xC4, 0x10, 0xC4, 0x10, 0xA4, 0x10,
    0xC4, 0x10, 0xC4, 0x10, 0xC4, 0x10, 0xC4, 0x10, 0xC4, 0x10, 0xC4, 0x10, 0xC4, 0x10, 0xC4, 0x10,
    0xC4, 0x10, 0xA4, 0x10, 0xA4, 0x10, 0xC4, 0x10, 0xC4, 0x10, 0xC4, 0x10, 0xC4, 0x10, 0xC4, 0x10,
    0xC4, 0x10, 0xC4, 0x10, 0xC4, 0x10, 0xC4, 0x10, 0xA4, 0x10, 0xA4, 0x10, 0xA4, 0x10, 0xA4, 0x10,
    0xA3, 0x10, 0xA4, 0x10, 0xA3, 0x08, 0x83, 0x08, 0x83, 0x08, 0x83, 0x08, 0x83, 0x08, 0x83, 0x08,
    0x83, 0x08, 0x83, 0x08, 0x63, 0x08, 0x63, 0x08, 0x63, 0x08, 0x62, 0x08, 0x62, 0x08, 0x62, 0x08,
    0x62, 0x08, 0x62, 0x08, 0x82, 0x18, 0xC2, 0x20, 0xE2, 0x28, 0xA1, 0x20, 0x40, 0x10, 0x20, 0x08,
    0x00, 0x00, 0x00, 0x00, 0x20, 0x00, 0x20, 0x08, 0x20, 0x08, 0x20, 0x00, 0x00, 0x00, 0x20, 0x00,
    0x41, 0x08, 0x81, 0x10, 0xE4, 0x69, 0xA3, 0x59, 0x43, 0x41, 0x03, 0x29, 0x03, 0x29, 0x03, 0x29,
    0x03, 0x29, 0x03, 0x29, 0x03, 0x29, 0xE3, 0x28, 0xE3, 0x28, 0xE3, 0x20, 0xE3, 0x20, 0xC3, 0x20,
    0xE3, 0x20, 0xE3, 0x20, 0xC3, 0x20, 0xC3, 0x20, 0xC3, 0x20, 0xC3, 0x20, 0xC3, 0x18, 0xA3, 0x18,
    0xA3, 0x10, 0xA3, 0x10, 0xA3, 0x10, 0xA3, 0x18, 0xA3, 0x18, 0xA3, 0x18, 0xA3, 0x10, 0xA3, 0x18,
    0xC3, 0x18, 0xC4, 0x18, 0xE4, 0x18, 0xE4, 0x18, 0xE4, 0x18, 0xE4, 0x18, 0xE4, 0x18, 0xE4, 0x18,
    0xE4, 0x18, 0xC4, 0x18, 0xC4, 0x18, 0xC4, 0x10, 0xC4, 0x10, 0xC4, 0x18, 0xC4, 0x18, 0xC4, 0x18,
    0xC4, 0x10, 0xC4, 0x10, 0xE4, 0x18, 0xE4, 0x18, 0xE4, 0x18, 0xE4, 0x18, 0xE5, 0x18, 0x05, 0x19,
    0x05, 0x19, 0x05, 0x21, 0x05, 0x21, 0x25, 0x21, 0x05, 0x21, 0x05, 0x21, 0x05, 0x21, 0x05, 0x21,
    0x05, 0x21, 0x05, 0x19, 0x05, 0x19, 0x05, 0x19, 0xE5, 0x18, 0x05, 0x19, 0xE5, 0x18, 0xE5, 0x18,
    0xC4, 0x10, 0xC4, 0x10, 0xC4, 0x10, 0xC4, 0x10, 0xC4, 0x10, 0xC4, 0x10, 0xE4, 0x18, 0xE4, 0x18,
    0xC4, 0x10, 0xC4, 0x10, 0xC4, 0x10, 0xC4, 0x10, 0xC4, 0x10, 0xC4, 0x10, 0xC4, 0x18, 0xE4, 0x18,
    0xE4, 0x18, 0xE4, 0x18, 0xC4, 0x18, 0xC4, 0x18, 0xE4, 0x18, 0xC4, 0x18, 0xC4, 0x10, 0xC4, 0x10,
    0xA4, 0x10, 0xA4, 0x10, 0xA4, 0x10, 0xA4, 0x10, 0xA3, 0x10, 0x83, 0x08, 0x83, 0x08, 0x83, 0x08,
    0x83, 0x08, 0x83, 0x08, 0x83, 0x08, 0x63, 0x08, 0x63, 0x08, 0x63, 0x08, 0x83, 0x10, 0xA3, 0x18,
    0xA3, 0x18, 0x82, 0x10, 0x82, 0x10, 0x82, 0x18, 0xA2, 0x20, 0xC2, 0x28, 0xE2, 0x28, 0xA1, 0x20,
    0x81, 0x18, 0x40, 0x10, 0x40, 0x08, 0x40, 0x08, 0x40, 0x10, 0x40, 0x10, 0x40, 0x08, 0x20, 0x08,
    0x20, 0x08, 0x20, 0x08, 0x40, 0x08, 0x61, 0x10, 0x26, 0xA3, 0xC5, 0x92, 0x04, 0x72, 0x23, 0x39,
    0xE3, 0x20, 0xE3, 0x28, 0xE3, 0x28, 0x03, 0x29, 0xE3, 0x28, 0xE3, 0x20, 0xC3, 0x20, 0xC3, 0x20,
    0xC3, 0x20, 0xC3, 0x20, 0xC3, 0x20, 0xC3, 0x20, 0xC3, 0x20, 0xC3, 0x20, 0xC3, 0x20, 0xC3, 0x18,
    0xC3, 0x18, 0xA3, 0x18, 0xA3, 0x10, 0xA3, 0x10, 0xC3, 0x18, 0xC3, 0x18, 0xC3, 0x18, 0xC3, 0x18,
    0xC3, 0x18, 0xC3, 0x18, 0xC3, 0x18, 0xC4, 0x18, 0xE4, 0x20, 0xE4, 0x20, 0xE4, 0x20, 0xE4, 0x20,
    0x04, 0x21, 0x04, 0x21, 0xE4, 0x20, 0xE4, 0x18, 0xC4, 0x18, 0xC4, 0x10, 0xC4, 0x10, 0xC4, 0x10,
    0xC4, 0x18, 0xC4, 0x18, 0xC4, 0x18, 0xC4, 0x18, 0xE4, 0x18, 0xE4, 0x18, 0xE4, 0x18, 0x05, 0x21,
    0x05, 0x21, 0x05, 0x21, 0x05, 0x21, 0x25, 0x21, 0x05, 0x21, 0x05, 0x19, 0x25, 0x21, 0x46, 0x29,
    0x66, 0x31, 0x05, 0x19, 0x05, 0x21, 0x25, 0x21, 0x05, 0x19, 0x05, 0x21, 0x05, 0x19, 0x05, 0x21,
    0x05, 0x21, 0x05, 0x19, 0xE5, 0x18, 0xC4, 0x10, 0xE5, 0x18, 0xE5, 0x18, 0xE5, 0x18, 0xE4, 0x18,
    0xE4, 0x18, 0xE4, 0x18, 0xC4, 0x18, 0xC4, 0x10, 0xC4, 0x10, 0xC4, 0x10, 0xC4, 0x10, 0xC4, 0x10,
    0xE5, 0x18, 0xE5, 0x18, 0xE5, 0x18, 0xE4, 0x18, 0xE4, 0x18, 0xE5, 0x18, 0xE4, 0x18, 0xC4, 0x18,
    0xC4, 0x10, 0xA4, 0x10, 0xA4, 0x10, 0xA4, 0x10, 0xA4, 0x10, 0xA3, 0x10, 0x83, 0x10, 0x83, 0x08,
    0x83, 0x08, 0x83, 0x08, 0x83, 0x08, 0x83, 0x08, 0x83, 0x08, 0x63, 0x08, 0x83, 0x08, 0xA3, 0x18,
    0x03, 0x31, 0x23, 0x39, 0x03, 0x31, 0xC2, 0x28, 0xC2, 0x28, 0xC2, 0x28, 0xC2, 0x28, 0xE2, 0x28,
    0xE2, 0x30, 0xE2, 0x28, 0xA1, 0x28, 0xA1, 0x20, 0x81, 0x20, 0x81, 0x20, 0x81, 0x20, 0x61, 0x18,
    0x61, 0x18, 0x61, 0x18, 0x81, 0x18, 0x81, 0x18, 0x81, 0x18, 0x61, 0x18, 0x29, 0xC4, 0xA7, 0xB3,
    0xE6, 0x92, 0xA4, 0x59, 0xE3, 0x28, 0xE3, 0x28, 0xE3, 0x28, 0xE3, 0x28, 0xE3, 0x28, 0xC3, 0x20,
    0xC2, 0x20, 0xC3, 0x20, 0xC2, 0x20, 0xC2, 0x20, 0xC3, 0x20, 0xC3, 0x20, 0xC3, 0x20, 0xC3, 0x20,
    0xC3, 0x20, 0xC3, 0x18, 0xA3, 0x18, 0xA3, 0x18, 0xA3, 0x18, 0xC3, 0x18, 0xC3, 0x18, 0xE3, 0x20,
    0xE4, 0x20, 0xC4, 0x20, 0xC4, 0x18, 0xC4, 0x18, 0xC3, 0x18, 0xE4, 0x18, 0xE4, 0x20, 0xE4, 0x20,
    0x04, 0x21, 0x04, 0x21, 0x04, 0x29, 0x04, 0x29, 0x04, 0x21, 0xE4, 0x20, 0xE4, 0x18, 0xC4, 0x18,
    0xC4, 0x18, 0xC4, 0x18, 0xC4, 0x18, 0xC4, 0x18, 0xC4, 0x18, 0xE4, 0x18, 0xE4, 0x18, 0xE4, 0x18,
    0xE5, 0x18, 0x05, 0x21, 0x25, 0x21, 0x25, 0x21, 0x05, 0x21, 0x66, 0x31, 0xE7, 0x41, 0xE7, 0x49,
    0x08, 0x52, 0xC7, 0x49, 0x66, 0x31, 0xA7, 0x39, 0x46, 0x29, 0x25, 0x21, 0x46, 0x29, 0x05, 0x19,
    0x05, 0x19, 0x05, 0x21, 0x26, 0x21, 0x05, 0x21, 0xE5, 0x18, 0xE5, 0x18, 0xE5, 0x18, 0xE5, 0x18,
    0xE5, 0x18, 0xE5, 0x18, 0xE4, 0x18, 0xC4, 0x18, 0xC4, 0x10, 0xC4, 0x10, 0xC4, 0x10, 0xC4, 0x10,
    0xC4, 0x10, 0xC4, 0x10, 0xE5, 0x18, 0xE5, 0x18, 0xE5, 0x18, 0xE5, 0x18, 0xC4, 0x18, 0xC4, 0x18,
    0xC4, 0x10, 0xC4, 0x10, 0xA4, 0x10, 0xA4, 0x10, 0xA4, 0x10, 0xA4, 0x10, 0xA4, 0x10, 0xA4, 0x10,
    0xA3, 0x10, 0x83, 0x08, 0x83, 0x08, 0x83, 0x08, 0x83, 0x08, 0x83, 0x08, 0x83, 0x08, 0x83, 0x10,
    0xA2, 0x18, 0xE3, 0x30, 0x43, 0x49, 0x84, 0x51, 0x63, 0x49, 0x03, 0x39, 0xE2, 0x30, 0xC2, 0x28,
    0xC2, 0x30, 0xE2, 0x30, 0xE2, 0x30, 0xE2, 0x30, 0xC2, 0x28, 0xC2, 0x28, 0xC2, 0x28, 0xA1, 0x28,
    0xA1, 0x28, 0xA1, 0x20, 0xA1, 0x20, 0xA1, 0x20, 0xA1, 0x28, 0xA1, 0x28, 0xA1, 0x28, 0xA1, 0x20,
    0xAA, 0xCC, 0x49, 0xC4, 0x87, 0xAB, 0x44, 0x72, 0x03, 0x31, 0xE3, 0x20, 0xE3, 0x28, 0xE3, 0x28,
    0xE3, 0x28, 0xC3, 0x20, 0xC3, 0x20, 0xC3, 0x20, 0xC3, 0x20, 0xC2, 0x20, 0xC3, 0x20, 0xC3, 0x20,
    0xC3, 0x20, 0xC3, 0x20, 0xC3, 0x20, 0xC3, 0x18, 0xA3, 0x18, 0xC3, 0x18, 0xC3, 0x18, 0xC3, 0x18,
    0xC3, 0x20, 0xE4, 0x20, 0xE4, 0x20, 0xE4, 0x20, 0xE4, 0x20, 0xE4, 0x20, 0xC4, 0x18, 0xC4, 0x18,
    0xE4, 0x18, 0xE4, 0x20, 0xE4, 0x20, 0x04, 0x29, 0x04, 0x29, 0x04, 0x29, 0xE4, 0x20, 0xE4, 0x18,
    0xE4, 0x18, 0xC4, 0x18, 0xC4, 0x18, 0xC4, 0x18, 0xC4, 0x18, 0xC4, 0x18, 0xE4, 0x18, 0xE4, 0x18,
    0xE4, 0x18, 0x05, 0x21, 0x05, 0x21, 0x25, 0x21, 0x66, 0x31, 0xC7, 0x41, 0x48, 0x5A, 0x48, 0x5A,
    0xC7, 0x49, 0x6C, 0x8B, 0xF0, 0xC4, 0xB0, 0xBC, 0x0B, 0x7B, 0xA9, 0x72, 0xCD, 0x9B, 0x0B, 0x7B,
    0xEA, 0x7A, 0x48, 0x62, 0xA7, 0x41, 0x66, 0x31, 0x05, 0x21, 0xE5, 0x18, 0x05, 0x19, 0x05, 0x19,
    0x05, 0x19, 0x05, 0x19, 0xE5, 0x18, 0xE5, 0x18, 0xE5, 0x18, 0xE4, 0x18, 0xE5, 0x18, 0xE5, 0x18,
    0xC4, 0x18, 0xE4, 0x18, 0xE4, 0x18, 0xE4, 0x18, 0xE5, 0x18, 0xE5, 0x18, 0xE5, 0x18, 0xE5, 0x18,
    0xC4, 0x18, 0xC4, 0x10, 0xA4, 0x10, 0xA4, 0x10, 0xA4, 0x10, 0xA4, 0x10, 0xA4, 0x10, 0xA4, 0x10,
    0xA4, 0x10, 0xA4, 0x10, 0xA4, 0x10, 0x83, 0x10, 0x83, 0x10, 0x83, 0x08, 0x83, 0x08, 0x83, 0x08,
    0x83, 0x10, 0xA3, 0x18, 0xC2, 0x28, 0x02, 0x39, 0x63, 0x51, 0xA4, 0x51, 0x43, 0x49, 0x02, 0x39,
    0xE2, 0x30, 0xC2, 0x28, 0xC2, 0x28, 0xC2, 0x28, 0xC2, 0x28, 0xC2, 0x28, 0xC2, 0x28, 0xC2, 0x28,
    0xC1, 0x28, 0xC1, 0x28, 0xC1, 0x28, 0xC1, 0x28, 0xC1, 0x28, 0xA1, 0x28, 0xA1, 0x28, 0xA1, 0x28,
    0xA1, 0x28, 0xA1, 0x28, 0xCB, 0xD4, 0xAA, 0xD4, 0xE8, 0xBB, 0xE6, 0x92, 0x63, 0x49, 0xE2, 0x28,
    0xE3, 0x28, 0xE3, 0x28, 0xE3, 0x28, 0xE3, 0x28, 0xE3, 0x20, 0xC3, 0x20, 0xC3, 0x20, 0xC3, 0x20,
    0xC3, 0x20, 0xC3, 0x20, 0xC3, 0x20, 0xE3, 0x20, 0xC3, 0x20, 0xC3, 0x18, 0xC3, 0x18, 0xC3, 0x18,
    0xC3, 0x20, 0xE3, 0x20, 0xE3, 0x20, 0xE4, 0x20, 0xE4, 0x20, 0xE4, 0x20, 0xE4, 0x20, 0xE4, 0x20,
    0xE4, 0x20, 0xC4, 0x18, 0xC4, 0x18, 0xE4, 0x18, 0xE4, 0x20, 0x04, 0x21, 0x04, 0x29, 0x04, 0x21,
    0xE4, 0x20, 0xE4, 0x18, 0xE4, 0x18, 0xC4, 0x18, 0xE4, 0x18, 0xE4, 0x18, 0xC4, 0x18, 0xC4, 0x18,
    0xE4, 0x18, 0xE4, 0x18, 0xE4, 0x18, 0x05, 0x21, 0x05, 0x21, 0x46, 0x29, 0xA6, 0x39, 0xE7, 0x51,
    0x2A, 0x83, 0x11, 0xCD, 0x11, 0xCD, 0x11, 0xC5, 0xB3, 0xE5, 0x97, 0xF6, 0x76, 0xF6, 0xD4, 0xDD,
    0x15, 0xEE, 0x35, 0xEE, 0xB3, 0xE5, 0x52, 0xD5, 0xB0, 0xBC, 0xAD, 0x9B, 0x4B, 0x83, 0x28, 0x52,
    0x86, 0x39, 0x25, 0x21, 0xC4, 0x10, 0x05, 0x19, 0x05, 0x19, 0xE5, 0x18, 0xE5, 0x18, 0xE5, 0x18,
    0xE5, 0x18, 0xE5, 0x18, 0xE5, 0x18, 0xE5, 0x18, 0xC4, 0x10, 0xE5, 0x10, 0xE5, 0x18, 0xE5, 0x18,
    0xE5, 0x18, 0xC4, 0x18, 0xC4, 0x10, 0xC4, 0x10, 0xA4, 0x10, 0xA4, 0x10, 0xA4, 0x10, 0xA4, 0x10,
    0xA4, 0x10, 0xC4, 0x10, 0xA4, 0x10, 0xA4, 0x10, 0xA4, 0x10, 0x83, 0x10, 0x83, 0x10, 0x83, 0x08,
    0x83, 0x08, 0x83, 0x08, 0x83, 0x10, 0xA2, 0x20, 0xC2, 0x30, 0x02, 0x39, 0x43, 0x49, 0x43, 0x41,
    0x02, 0x39, 0xC2, 0x30, 0xC2, 0x28, 0xA1, 0x28, 0xA1, 0x28, 0xA1, 0x28, 0xA1, 0x28, 0xA1, 0x28,
    0xA1, 0x20, 0xA1, 0x28, 0xA1, 0x28, 0xA1, 0x28, 0xA1, 0x28, 0xA1, 0x28, 0xA1, 0x20, 0xA1, 0x20,
    0x81, 0x20, 0xA1, 0x20, 0xA1, 0x20, 0x81, 0x20, 0x0B, 0xDD, 0xEB, 0xD4, 0x6A, 0xCC, 0x67, 0xAB,
    0xE4, 0x61, 0xE2, 0x28, 0xE3, 0x28, 0xE3, 0x28, 0x03, 0x29, 0xE3, 0x28, 0xE3, 0x28, 0xC3, 0x20,
    0xC3, 0x20, 0xC3, 0x20, 0xC3, 0x20, 0xE3, 0x20, 0xE3, 0x28, 0xE3, 0x28, 0xE3, 0x20, 0xC3, 0x20,
    0xC3, 0x18, 0xC3, 0x18, 0xC3, 0x20, 0xE3, 0x20, 0xE4, 0x20, 0xE3, 0x20, 0xE3, 0x20, 0xE4, 0x20,
    0x04, 0x29, 0x04, 0x21, 0xE4, 0x20, 0xC3, 0x18, 0xC4, 0x18, 0xC4, 0x18, 0xE4, 0x18, 0xE4, 0x20,
    0x04, 0x21, 0x04, 0x21, 0xE4, 0x20, 0xE4, 0x18, 0xE4, 0x18, 0xE4, 0x18, 0xE4, 0x18, 0xE4, 0x18,
    0xE4, 0x18, 0xE4, 0x18, 0xE4, 0x18, 0x04, 0x21, 0x05, 0x21, 0x05, 0x21, 0x45, 0x31, 0x28, 0x5A,
    0xAC, 0x93, 0x4E, 0xB4, 0xF0, 0xC4, 0x93, 0xDD, 0xB7, 0xFE, 0x19, 0xFF, 0xF8, 0xFE, 0xF8, 0xFE,
    0xF9, 0xFE, 0x19, 0xFF, 0xF9, 0xFE, 0xF8, 0xFE, 0xF9, 0xFE, 0xF9, 0xFE, 0xD8, 0xFE, 0x77, 0xEE,
    0x15, 0xE6, 0xD4, 0xDD, 0x6F, 0xAC, 0x4B, 0x83, 0x48, 0x5A, 0x45, 0x29, 0x05, 0x21, 0x05, 0x19,
    0x05, 0x19, 0xE5, 0x18, 0x05, 0x21, 0x25, 0x29, 0xA6, 0x41, 0x86, 0x39, 0x46, 0x31, 0x05, 0x21,
    0xC4, 0x10, 0xC4, 0x10, 0xE5, 0x18, 0xC4, 0x10, 0xC4, 0x10, 0xC4, 0x10, 0xC4, 0x10, 0xC4, 0x10,
    0xC4, 0x10, 0xA4, 0x10, 0xA4, 0x10, 0xC4, 0x10, 0xA4, 0x10, 0xA4, 0x10, 0xA4, 0x10, 0x83, 0x10,
    0x83, 0x10, 0x83, 0x10, 0x83, 0x10, 0x83, 0x08, 0x83, 0x10, 0xA2, 0x20, 0xC2, 0x28, 0xC1, 0x30,
    0xC1, 0x30, 0xC1, 0x30, 0xA1, 0x20, 0x61, 0x18, 0x61, 0x18, 0x60, 0x18, 0x60, 0x18, 0x60, 0x18,
    0x60, 0x18, 0x60, 0x18, 0x60, 0x18, 0x60, 0x18, 0x60, 0x18, 0x60, 0x18, 0x60, 0x18, 0x60, 0x18,
    0x60, 0x18, 0x40, 0x10, 0x40, 0x10, 0x40, 0x10, 0x40, 0x18, 0x40, 0x10, 0x2C, 0xDD, 0x2C, 0xDD,
    0xCB, 0xD4, 0xE8, 0xBB, 0x85, 0x82, 0x23, 0x39, 0xE3, 0x30, 0x03, 0x31, 0x03, 0x31, 0x03, 0x31,
    0x03, 0x29, 0xE3, 0x28, 0xE3, 0x28, 0xC3, 0x20, 0xE3, 0x20, 0xE3, 0x28, 0x03, 0x29, 0x03, 0x29,
    0xE3, 0x28, 0xE3, 0x20, 0xC3, 0x20, 0xC3, 0x20, 0xE3, 0x20, 0xE3, 0x28, 0xE4, 0x28, 0xE4, 0x20,
    0xE4, 0x20, 0x04, 0x29, 0x04, 0x29, 0x04, 0x29, 0xE4, 0x20, 0xC4, 0x18, 0xC4, 0x18, 0xC4, 0x18,
    0xE4, 0x18, 0xE4, 0x20, 0x04, 0x21, 0x04, 0x21, 0xE4, 0x20, 0xE4, 0x20, 0xE4, 0x18, 0xE4, 0x18,
    0xE4, 0x18, 0xE4, 0x18, 0xE4, 0x20, 0xE5, 0x20, 0x05, 0x21, 0x05, 0x21, 0x05, 0x21, 0xE7, 0x51,
    0x2A, 0x8B, 0x0D, 0xB4, 0xF3, 0xE5, 0xB7, 0xF6, 0x39, 0xFF, 0x39, 0xFF, 0x19, 0xFF, 0xF9, 0xFE,
    0xF9, 0xFE, 0xD8, 0xFE, 0xB8, 0xFE, 0xD8, 0xFE, 0xB8, 0xFE, 0xD8, 0xFE, 0xB8, 0xF6, 0xB8, 0xF6,
    0xB8, 0xF6, 0xD9, 0xFE, 0xD9, 0xF6, 0xB8, 0xF6, 0x98, 0xF6, 0x36, 0xEE, 0xF5, 0xE5, 0x90, 0xB4,
    0x2B, 0x83, 0xC7, 0x49, 0xE4, 0x20, 0x07, 0x52, 0x0B, 0x83, 0xCD, 0x9B, 0xB0, 0xBC, 0xB1, 0xBC,
    0x90, 0xB4, 0x6D, 0x8B, 0x49, 0x5A, 0x46, 0x29, 0xE5, 0x18, 0xC4, 0x10, 0xC4, 0x10, 0xC4, 0x10,
    0xC4, 0x10, 0xC4, 0x10, 0xC4, 0x10, 0xC4, 0x10, 0xC4, 0x10, 0xC4, 0x10, 0xA4, 0x10, 0xA4, 0x10,
    0xA4, 0x10, 0xA4, 0x10, 0xA4, 0x10, 0xA4, 0x10, 0xA3, 0x10, 0x83, 0x10, 0x83, 0x10, 0x82, 0x18,
    0x82, 0x20, 0x61, 0x18, 0x40, 0x18, 0x40, 0x10, 0x20, 0x08, 0x20, 0x08, 0x20, 0x08, 0x20, 0x08,
    0x20, 0x10, 0x40, 0x10, 0x40, 0x10, 0x40, 0x10, 0x40, 0x10, 0x20, 0x08, 0x00, 0x08, 0x00, 0x08,
    0x00, 0x08, 0x00, 0x00, 0x00, 0x00, 0x00, 0x00, 0x00, 0x00, 0x00, 0x00, 0x00, 0x00, 0x00, 0x00,
    0x6D, 0xE5, 0x4D, 0xE5, 0x2C, 0xDD, 0x69, 0xCC, 0x26, 0x9B, 0xA3, 0x51, 0x02, 0x31, 0x03, 0x31,
    0x03, 0x31, 0x03, 0x31, 0x03, 0x31, 0xE3, 0x28, 0xE3, 0x28, 0xE3, 0x28, 0xE3, 0x28, 0xE3, 0x28,
    0x03, 0x29, 0x03, 0x29, 0xE3, 0x28, 0xE3, 0x20, 0xE3, 0x20, 0xC3, 0x20, 0xC3, 0x20, 0xE3, 0x20,
    0xE4, 0x20, 0xE4, 0x20, 0xE4, 0x20, 0x04, 0x29, 0x04, 0x29, 0x04, 0x29, 0xE4, 0x20, 0xE4, 0x18,
    0xC4, 0x18, 0xC4, 0x18, 0xC4, 0x18, 0xE4, 0x20, 0x04, 0x21, 0x04, 0x21, 0x04, 0x21, 0x04, 0x21,
    0xE4, 0x20, 0xE4, 0x20, 0xE4, 0x20, 0x04, 0x21, 0x05, 0x21, 0x05, 0x21, 0x05, 0x21, 0x66, 0x39,
    0x48, 0x62, 0x4E, 0xB4, 0x34, 0xEE, 0xD7, 0xF6, 0x18, 0xFF, 0x39, 0xFF, 0x19, 0xFF, 0xF9, 0xFE,
    0xD8, 0xFE, 0xD8, 0xFE, 0xD8, 0xFE, 0xD9, 0xFE, 0xB8, 0xFE, 0xB8, 0xFE, 0xB8, 0xFE, 0x98, 0xFE,
    0x98, 0xF6, 0x98, 0xF6, 0x98, 0xF6, 0x77, 0xF6, 0x57, 0xF6, 0x57, 0xF6, 0x78, 0xF6, 0x78, 0xF6,
    0x78, 0xF6, 0xB9, 0xF6, 0x36, 0xE6, 0xD1, 0xBC, 0x8C, 0x93, 0x11, 0xCD, 0x35, 0xE6, 0xD8, 0xFE,
    0x98, 0xFE, 0x57, 0xF6, 0x36, 0xEE, 0xF6, 0xE5, 0x54, 0xCD, 0xAE, 0x93, 0xA7, 0x41, 0xC4, 0x10,
    0xC4, 0x10, 0xC4, 0x10, 0xC4, 0x10, 0xC4, 0x10, 0xC4, 0x18, 0xC4, 0x10, 0xC4, 0x10, 0xA4, 0x10,
    0xA4, 0x10, 0xA4, 0x10, 0xA4, 0x10, 0xA4, 0x10, 0xA4, 0x10, 0xA4, 0x10, 0xA3, 0x10, 0xA3, 0x10,
    0x83, 0x10, 0x83, 0x10, 0x62, 0x10, 0x41, 0x08, 0x20, 0x00, 0x00, 0x00, 0x00, 0x00, 0x00, 0x00,
    0x00, 0x00, 0x00, 0x08, 0x40, 0x10, 0x61, 0x18, 0x81, 0x20, 0x61, 0x18, 0x40, 0x10, 0x20, 0x08,
    0x00, 0x00, 0x00, 0x00, 0x00, 0x00, 0x00, 0x00, 0x00, 0x00, 0x00, 0x00, 0x00, 0x00, 0x00, 0x00,
    0x00, 0x00, 0x00, 0x00, 0x8E, 0xE5, 0x6D, 0xE5, 0x6D, 0xE5, 0xEB, 0xD4, 0xC8, 0xB3, 0x24, 0x72,
    0x02, 0x39, 0x22, 0x39, 0x22, 0x39, 0x03, 0x31, 0x03, 0x31, 0x03, 0x31, 0x03, 0x31, 0x03, 0x31,
    0x03, 0x29, 0xE3, 0x28, 0x03, 0x29, 0x03, 0x29, 0xE3, 0x28, 0xE3, 0x28, 0xE3, 0x20, 0xE3, 0x20,
    0xE3, 0x20, 0xE3, 0x20, 0xE3, 0x20, 0xE4, 0x20, 0xE4, 0x20, 0x04, 0x29, 0x04, 0x29, 0x04, 0x29,
    0x04, 0x29, 0xE4, 0x20, 0xE4, 0x18, 0xE4, 0x18, 0xE4, 0x18, 0xE4, 0x20, 0x04, 0x21, 0x05, 0x21,
    0x05, 0x21, 0x05, 0x21, 0x05, 0x21, 0x04, 0x21, 0x05, 0x21, 0x05, 0x21, 0x05, 0x21, 0x25, 0x29,
    0xE7, 0x51, 0x8B, 0x93, 0xF3, 0xE5, 0xD7, 0xFE, 0x59, 0xFF, 0x39, 0xFF, 0x19, 0xFF, 0xF8, 0xFE,
    0xD8, 0xFE, 0xD8, 0xFE, 0xD8, 0xFE, 0xF9, 0xFE, 0xD8, 0xFE, 0xD8, 0xFE, 0xB8, 0xFE, 0xB8, 0xFE,
    0x98, 0xF6, 0x77, 0xF6, 0x77, 0xF6, 0x77, 0xF6, 0x77, 0xF6, 0x57, 0xF6, 0x57, 0xF6, 0x37, 0xEE,
    0x37, 0xEE, 0x17, 0xEE, 0x17, 0xEE, 0x37, 0xEE, 0x57, 0xEE, 0x57, 0xEE, 0x57, 0xEE, 0xF8, 0xFE,
    0xD8, 0xFE, 0x36, 0xF6, 0xB4, 0xED, 0x12, 0xDD, 0x2E, 0xCC, 0x6F, 0xCC, 0x33, 0xDD, 0x74, 0xDD,
    0x0F, 0xA4, 0xA7, 0x39, 0xC4, 0x10, 0xC4, 0x10, 0xC4, 0x10, 0xC4, 0x10, 0xC4, 0x10, 0xC4, 0x10,
    0xA4, 0x10, 0xA4, 0x08, 0xA4, 0x08, 0xA4, 0x08, 0xA4, 0x10, 0xA4, 0x10, 0xA4, 0x10, 0xA4, 0x10,
    0xA4, 0x10, 0xA3, 0x10, 0xA3, 0x10, 0x83, 0x08, 0x63, 0x08, 0x42, 0x00, 0x41, 0x00, 0x21, 0x00,
    0x20, 0x00, 0x00, 0x00, 0x20, 0x00, 0x20, 0x08, 0x61, 0x18, 0xA1, 0x28, 0xA1, 0x28, 0xA1, 0x20,
    0x61, 0x18, 0x20, 0x10, 0x00, 0x00, 0x00, 0x00, 0x00, 0x00, 0x00, 0x00, 0x00, 0x00, 0x00, 0x00,
    0x00, 0x00, 0x00, 0x00, 0x00, 0x00, 0x00, 0x00, 0xAE, 0xED, 0xAE, 0xE5, 0x8D, 0xE5, 0x4C, 0xDD,
    0x49, 0xC4, 0xE5, 0x8A, 0x42, 0x41, 0x22, 0x39, 0x22, 0x39, 0x23, 0x31, 0x23, 0x31, 0x23, 0x31,
    0x23, 0x31, 0x03, 0x31, 0x03, 0x31, 0x03, 0x29, 0x03, 0x29, 0xE3, 0x28, 0xE3, 0x28, 0xE3, 0x28,
    0xE3, 0x28, 0xE3, 0x28, 0xE3, 0x20, 0xC3, 0x20, 0xC4, 0x20, 0xC4, 0x20, 0xE4, 0x20, 0xE4, 0x20,
    0x04, 0x29, 0x04, 0x29, 0x04, 0x29, 0x04, 0x21, 0xE4, 0x20, 0xE4, 0x18, 0xE4, 0x18, 0x04, 0x21,
    0x04, 0x21, 0x04, 0x21, 0x05, 0x21, 0x05, 0x21, 0x05, 0x21, 0x05, 0x21, 0x05, 0x21, 0x04, 0x21,
    0x45, 0x31, 0x88, 0x72, 0xF0, 0xCC, 0xD7, 0xF6, 0x59, 0xFF, 0x59, 0xFF, 0x19, 0xFF, 0xF8, 0xFE,
    0xF9, 0xFE, 0xF9, 0xFE, 0xF9, 0xFE, 0xF9, 0xFE, 0xD8, 0xFE, 0xD8, 0xFE, 0xB8, 0xFE, 0xB8, 0xFE,
    0x98, 0xFE, 0x77, 0xF6, 0x77, 0xF6, 0x56, 0xF6, 0x56, 0xF6, 0x36, 0xF6, 0x36, 0xEE, 0x36, 0xEE,
    0x36, 0xEE, 0x16, 0xEE, 0x36, 0xEE, 0x16, 0xEE, 0x17, 0xEE, 0x16, 0xEE, 0xD6, 0xE5, 0xD6, 0xDD,
    0x17, 0xE6, 0x78, 0xEE, 0x16, 0xEE, 0x94, 0xE5, 0x32, 0xE5, 0xED, 0xC3, 0x47, 0x9A, 0x68, 0x9A,
    0x8C, 0xBB, 0xD1, 0xDC, 0x53, 0xDD, 0x50, 0xA4, 0xA7, 0x39, 0xA4, 0x10, 0xC4, 0x10, 0xC4, 0x10,
    0xC4, 0x10, 0xC4, 0x10, 0xA4, 0x10, 0xA4, 0x08, 0xA4, 0x08, 0xA4, 0x10, 0xA4, 0x10, 0xA4, 0x10,
    0xA4, 0x10, 0xA4, 0x10, 0xA4, 0x10, 0xA3, 0x10, 0xA3, 0x10, 0x83, 0x08, 0x83, 0x08, 0x63, 0x08,
    0x62, 0x08, 0x41, 0x00, 0x21, 0x00, 0x21, 0x00, 0x20, 0x08, 0x40, 0x10, 0x81, 0x20, 0xA1, 0x20,
    0x81, 0x20, 0x81, 0x20, 0x60, 0x18, 0x20, 0x08, 0x00, 0x00, 0x00, 0x00, 0x00, 0x00, 0x00, 0x00,
    0x00, 0x00, 0x00, 0x00, 0x00, 0x00, 0x00, 0x00, 0x00, 0x00, 0x00, 0x00, 0xCF, 0xED, 0xCE, 0xED,
    0xAE, 0xED, 0x8D, 0xE5, 0xCB, 0xD4, 0x87, 0xAB, 0xA3, 0x59, 0x02, 0x39, 0x23, 0x39, 0x23, 0x39,
    0x23, 0x39, 0x23, 0x39, 0x23, 0x31, 0x23, 0x31, 0x23, 0x31, 0x03, 0x31, 0x03, 0x29, 0x03, 0x29,
    0xE3, 0x28, 0xE3, 0x28, 0xE3, 0x28, 0xE3, 0x28, 0xE3, 0x20, 0xE3, 0x20, 0xC4, 0x18, 0xC4, 0x18,
    0xC4, 0x18, 0xE4, 0x20, 0xE4, 0x20, 0x04, 0x29, 0x04, 0x29, 0x04, 0x21, 0x04, 0x21, 0x04, 0x21,
    0x04, 0x21, 0x04, 0x21, 0x25, 0x29, 0x65, 0x31, 0xA6, 0x41, 0x07, 0x5A, 0xA6, 0x41, 0x86, 0x39,
    0x45, 0x31, 0x86, 0x41, 0x4A, 0x93, 0xF3, 0xE5, 0x39, 0xFF, 0x5A, 0xFF, 0x39, 0xFF, 0x19, 0xFF,
    0x19, 0xFF, 0xF9, 0xFE, 0xF9, 0xFE, 0xF9, 0xFE, 0xF8, 0xFE, 0xD8, 0xFE, 0xB8, 0xFE, 0x77, 0xFE,
    0x77, 0xFE, 0x57, 0xF6, 0x56, 0xF6, 0x15, 0xF6, 0x36, 0xF6, 0x36, 0xF6, 0xF5, 0xED, 0x36, 0xF6,
    0x36, 0xEE, 0xF5, 0xED, 0x16, 0xEE, 0xF5, 0xED, 0xF5, 0xED, 0xF6, 0xED, 0xD5, 0xE5, 0xD5, 0xE5,
    0x16, 0xE6, 0xF6, 0xE5, 0xD6, 0xDD, 0xD6, 0xDD, 0x17, 0xE6, 0x94, 0xE5, 0x4E, 0xCC, 0x4B, 0xB3,
    0xA5, 0x89, 0x23, 0x79, 0x27, 0x92, 0xAC, 0xC3, 0xD1, 0xDC, 0x54, 0xDD, 0x30, 0x9C, 0x46, 0x29,
    0xC4, 0x10, 0xC4, 0x10, 0xC4, 0x10, 0xA4, 0x10, 0xA4, 0x08, 0xA4, 0x10, 0xA4, 0x10, 0xA4, 0x10,
    0xA4, 0x10, 0xA4, 0x10, 0xC4, 0x10, 0xA4, 0x10, 0xA4, 0x10, 0xA4, 0x10, 0xA4, 0x10, 0x83, 0x08,
    0x83, 0x08, 0x83, 0x08, 0x63, 0x08, 0x62, 0x08, 0x42, 0x00, 0x41, 0x00, 0x41, 0x08, 0x61, 0x18,
    0x81, 0x20, 0x81, 0x20, 0x60, 0x18, 0x40, 0x10, 0x20, 0x10, 0x00, 0x00, 0x00, 0x00, 0x00, 0x00,
    0x00, 0x00, 0x00, 0x00, 0x00, 0x00, 0x00, 0x00, 0x00, 0x00, 0x00, 0x00, 0x00, 0x00, 0x00, 0x00,
    0xEF, 0xED, 0xCF, 0xED, 0xCE, 0xED, 0xAE, 0xED, 0x0C, 0xDD, 0x08, 0xBC, 0x44, 0x72, 0x22, 0x39,
    0x43, 0x39, 0x23, 0x39, 0x23, 0x39, 0x23, 0x39, 0x23, 0x39, 0x23, 0x31, 0x23, 0x31, 0x03, 0x31,
    0x03, 0x31, 0x03, 0x31, 0x03, 0x29, 0x03, 0x29, 0x03, 0x29, 0xE3, 0x28, 0xE3, 0x20, 0xE3, 0x20,
    0xE4, 0x20, 0xC4, 0x18, 0xE4, 0x18, 0xE4, 0x18, 0xE4, 0x20, 0xE4, 0x20, 0x04, 0x21, 0x04, 0x21,
    0x04, 0x21, 0x04, 0x21, 0x04, 0x29, 0xE6, 0x51, 0xE9, 0x7A, 0xEC, 0xA3, 0x6E, 0xBC, 0xF0, 0xC4,
    0xD0, 0xBC, 0x2D, 0xAC, 0xED, 0xA3, 0x6E, 0xBC, 0x75, 0xF6, 0x59, 0xFF, 0x59, 0xFF, 0x19, 0xFF,
    0xF9, 0xFE, 0xF8, 0xFE, 0xF9, 0xFE, 0xF8, 0xFE, 0xD8, 0xFE, 0xD8, 0xFE, 0xB8, 0xFE, 0x97, 0xFE,
    0x56, 0xFE, 0x35, 0xFE, 0x15, 0xF6, 0x15, 0xF6, 0x15, 0xF6, 0x15, 0xF6, 0xF5, 0xED, 0xF5, 0xED,
    0xF5, 0xED, 0xF5, 0xED, 0xF5, 0xED, 0xD5, 0xED, 0xD5, 0xED, 0xD5, 0xE5, 0xB4, 0xE5, 0xD4, 0xE5,
    0xD5, 0xE5, 0xD5, 0xE5, 0x16, 0xEE, 0xF5, 0xE5, 0xD5, 0xDD, 0xB5, 0xDD, 0xB6, 0xD5, 0xD6, 0xDD,
    0xF2, 0xCC, 0x0A, 0xA3, 0x64, 0x79, 0x81, 0x70, 0x23, 0x79, 0x88, 0x9A, 0xEE, 0xCB, 0xD1, 0xDC,
    0x75, 0xDD, 0x6D, 0x7B, 0xC4, 0x18, 0xC4, 0x10, 0xC4, 0x10, 0xA4, 0x10, 0xA4, 0x10, 0xA4, 0x10,
    0xA4, 0x10, 0xC4, 0x10, 0xC4, 0x10, 0xC4, 0x10, 0xA4, 0x10, 0xA4, 0x10, 0xA4, 0x10, 0xA4, 0x10,
    0xA3, 0x10, 0x83, 0x08, 0x83, 0x08, 0x83, 0x08, 0x83, 0x08, 0x63, 0x08, 0x62, 0x08, 0x62, 0x08,
    0x62, 0x08, 0x81, 0x18, 0x81, 0x20, 0x60, 0x18, 0x20, 0x10, 0x20, 0x08, 0x00, 0x08, 0x00, 0x00,
    0x00, 0x00, 0x00, 0x00, 0x00, 0x00, 0x00, 0x00, 0x00, 0x00, 0x00, 0x00, 0x00, 0x00, 0x00, 0x00,
    0x00, 0x00, 0x00, 0x00, 0xEF, 0xED, 0xEF, 0xED, 0xCE, 0xED, 0xAE, 0xED, 0x6D, 0xE5, 0x6A, 0xCC,
    0xE5, 0x92, 0x62, 0x49, 0x22, 0x39, 0x43, 0x41, 0x43, 0x39, 0x23, 0x39, 0x23, 0x39, 0x23, 0x31,
    0x23, 0x31, 0x03, 0x31, 0x03, 0x31, 0x03, 0x31, 0x03, 0x31, 0x03, 0x29, 0x03, 0x29, 0xE3, 0x28,
    0xE3, 0x20, 0xE4, 0x20, 0xE4, 0x20, 0xE4, 0x20, 0xE4, 0x20, 0xE4, 0x18, 0xE4, 0x20, 0xE4, 0x20,
    0x04, 0x21, 0x04, 0x21, 0x04, 0x21, 0xA6, 0x41, 0x6B, 0x8B, 0x10, 0xCD, 0x14, 0xF6, 0x56, 0xFE,
    0x35, 0xFE, 0x35, 0xFE, 0x76, 0xFE, 0x97, 0xFE, 0xB7, 0xFE, 0xF8, 0xFE, 0x59, 0xFF, 0x39, 0xFF,
    0xF8, 0xFE, 0xF8, 0xFE, 0xD8, 0xFE, 0xD8, 0xFE, 0xD8, 0xFE, 0xD8, 0xFE, 0xD8, 0xFE, 0xB7, 0xFE,
    0x76, 0xFE, 0x56, 0xFE, 0x36, 0xFE, 0x36, 0xFE, 0x15, 0xFE, 0x15, 0xF6, 0x15, 0xF6, 0xF5, 0xF5,
    0xF5, 0xF5, 0xF5, 0xED, 0xD4, 0xED, 0xD4, 0xED, 0xB4, 0xED, 0xD4, 0xED, 0xB4, 0xE5, 0xB4, 0xE5,
    0x73, 0xE5, 0xD5, 0xE5, 0xF5, 0xED, 0xF5, 0xED, 0xB4, 0xE5, 0xF2, 0xCC, 0x4F, 0xBC, 0x2E, 0xBC,
    0x12, 0xCD, 0xB6, 0xD5, 0xD6, 0xDD, 0xCE, 0xB3, 0x44, 0x79, 0x60, 0x68, 0x81, 0x68, 0xA5, 0x81,
    0x4B, 0xB3, 0x70, 0xD4, 0xF2, 0xDC, 0x34, 0xCD, 0xE8, 0x49, 0xA4, 0x08, 0xC4, 0x10, 0xA4, 0x10,
    0xA4, 0x10, 0xA4, 0x10, 0xC4, 0x10, 0xC4, 0x10, 0xC4, 0x10, 0xA4, 0x10, 0xA4, 0x10, 0xA4, 0x10,
    0xA4, 0x10, 0xA4, 0x10, 0xA3, 0x10, 0xA3, 0x08, 0xA3, 0x08, 0x83, 0x08, 0x83, 0x08, 0x83, 0x08,
    0x63, 0x08, 0x62, 0x08, 0x62, 0x10, 0x81, 0x20, 0x81, 0x20, 0x40, 0x18, 0x20, 0x08, 0x20, 0x08,
    0x00, 0x00, 0x00, 0x00, 0x00, 0x00, 0x00, 0x00, 0x00, 0x00, 0x00, 0x00, 0x00, 0x00, 0x00, 0x00,
    0x00, 0x00, 0x00, 0x00, 0x00, 0x00, 0x00, 0x00, 0x10, 0xEE, 0xEF, 0xED, 0xCE, 0xED, 0xAE, 0xED,
    0x8D, 0xE5, 0xCB, 0xD4, 0x67, 0xAB, 0xC3, 0x59, 0x22, 0x39, 0x43, 0x41, 0x43, 0x41, 0x43, 0x39,
    0x23, 0x39, 0x23, 0x39, 0x23, 0x31, 0x03, 0x31, 0x03, 0x31, 0x03, 0x31, 0x03, 0x31, 0x04, 0x31,
    0x03, 0x29, 0x03, 0x29, 0xE3, 0x28, 0xE4, 0x20, 0xE4, 0x20, 0xE4, 0x20, 0xE4, 0x20, 0xE4, 0x20,
    0xE4, 0x20, 0xE4, 0x20, 0x04, 0x21, 0x04, 0x21, 0x65, 0x39, 0xAC, 0x9B, 0x55, 0xEE, 0x97, 0xFE,
    0xF5, 0xF5, 0x11, 0xED, 0x8F, 0xE4, 0x8F, 0xE4, 0xF1, 0xE4, 0x52, 0xED, 0xD4, 0xED, 0x97, 0xFE,
    0xD8, 0xFE, 0xD8, 0xFE, 0xD8, 0xFE, 0xD8, 0xFE, 0xD8, 0xFE, 0xB8, 0xFE, 0xD8, 0xFE, 0xB8, 0xFE,
    0x97, 0xFE, 0x76, 0xFE, 0x77, 0xFE, 0x76, 0xFE, 0xB3, 0xED, 0xF0, 0xDC, 0x11, 0xE5, 0xD4, 0xF5,
    0x15, 0xF6, 0xF5, 0xF5, 0xD4, 0xED, 0xD4, 0xED, 0xB4, 0xED, 0xB4, 0xED, 0x94, 0xE5, 0xB4, 0xE5,
    0x94, 0xE5, 0x93, 0xE5, 0x94, 0xE5, 0xD4, 0xE5, 0xB4, 0xE5, 0xD5, 0xE5, 0x53, 0xD5, 0x2F, 0xB4,
    0x0A, 0x93, 0x47, 0x82, 0xE9, 0x92, 0x71, 0xBC, 0x96, 0xD5, 0x75, 0xCD, 0x48, 0x8A, 0x40, 0x58,
    0x60, 0x68, 0xC2, 0x70, 0x68, 0x9A, 0x0E, 0xCC, 0x90, 0xD4, 0x34, 0xDD, 0xEF, 0x93, 0xC4, 0x18,
    0xC4, 0x10, 0xC4, 0x10, 0xA4, 0x10, 0xC4, 0x10, 0xA4, 0x10, 0xA4, 0x10, 0xA4, 0x10, 0xA4, 0x10,
    0xA4, 0x10, 0xA4, 0x10, 0xA4, 0x10, 0xA4, 0x10, 0xA3, 0x08, 0xA3, 0x08, 0x83, 0x08, 0x83, 0x08,
    0x83, 0x08, 0x83, 0x08, 0x83, 0x08, 0x63, 0x08, 0x82, 0x10, 0x82, 0x20, 0x81, 0x20, 0x40, 0x18,
    0x20, 0x10, 0x20, 0x08, 0x00, 0x08, 0x00, 0x00, 0x00, 0x00, 0x00, 0x00, 0x00, 0x00, 0x00, 0x00,
    0x00, 0x00, 0x00, 0x00, 0x00, 0x00, 0x00, 0x00, 0x00, 0x00, 0x00, 0x00, 0xEF, 0xED, 0xEF, 0xED,
    0xCE, 0xED, 0xAE, 0xED, 0x8D, 0xED, 0x0C, 0xDD, 0xE8, 0xBB, 0x44, 0x7A, 0x22, 0x41, 0x42, 0x41,
    0x43, 0x41, 0x43, 0x39, 0x23, 0x39, 0x23, 0x31, 0x23, 0x39, 0x03, 0x31, 0x03, 0x31, 0x03, 0x31,
    0x03, 0x29, 0x03, 0x29, 0x03, 0x29, 0xE3, 0x28, 0xE3, 0x28, 0xE4, 0x28, 0xE4, 0x20, 0xE4, 0x20,
    0xE4, 0x20, 0xE4, 0x20, 0xE4, 0x20, 0x04, 0x21, 0x04, 0x29, 0x25, 0x31, 0x2A, 0x83, 0x35, 0xEE,
    0x97, 0xFE, 0x93, 0xF5, 0x2D, 0xDC, 0x09, 0xCB, 0xA7, 0xC2, 0x8B, 0xD3, 0x2E, 0xDC, 0x6F, 0xE4,
    0xD0, 0xE4, 0xF5, 0xF5, 0xB8, 0xFE, 0xD8, 0xFE, 0xD8, 0xFE, 0xB8, 0xFE, 0xB8, 0xFE, 0xB7, 0xFE,
    0xB7, 0xFE, 0x97, 0xFE, 0x76, 0xFE, 0xB7, 0xFE, 0x56, 0xF6, 0xD0, 0xDC, 0x8B, 0xBB, 0x4A, 0xBB,
    0xCC, 0xC3, 0xF0, 0xE4, 0xB4, 0xF5, 0xD4, 0xF5, 0xD4, 0xED, 0xB4, 0xED, 0xB4, 0xED, 0x93, 0xED,
    0x73, 0xE5, 0x93, 0xE5, 0x94, 0xE5, 0x93, 0xE5, 0x73, 0xE5, 0x94, 0xE5, 0x94, 0xE5, 0x94, 0xDD,
    0x33, 0xD5, 0x0F, 0xAC, 0x0B, 0x93, 0x48, 0x7A, 0xA5, 0x69, 0x47, 0x82, 0xCE, 0xAB, 0x55, 0xCD,
    0x71, 0xBC, 0x03, 0x69, 0x40, 0x60, 0x61, 0x68, 0x24, 0x81, 0x4C, 0xB3, 0x4F, 0xCC, 0xB1, 0xD4,
    0x14, 0xCD, 0x29, 0x52, 0x83, 0x08, 0xC4, 0x10, 0xC4, 0x10, 0xC4, 0x10, 0xA4, 0x10, 0xA4, 0x10,
    0xA4, 0x08, 0xA4, 0x08, 0xA4, 0x10, 0xA4, 0x10, 0xA4, 0x10, 0xA4, 0x10, 0xA3, 0x08, 0xA3, 0x08,
    0x83, 0x08, 0x83, 0x08, 0x83, 0x08, 0x83, 0x08, 0x83, 0x08, 0x83, 0x08, 0x82, 0x10, 0x82, 0x20,
    0x81, 0x20, 0x60, 0x18, 0x40, 0x10, 0x20, 0x10, 0x00, 0x08, 0x00, 0x00, 0x00, 0x00, 0x00, 0x00,
    0x00, 0x00, 0x00, 0x00, 0x00, 0x00, 0x00, 0x00, 0x00, 0x00, 0x01, 0x00, 0x01, 0x00, 0x01, 0x00,
    0xCF, 0xED, 0xCE, 0xED, 0xAE, 0xED, 0x8D, 0xED, 0x8D, 0xED, 0x2C, 0xDD, 0x29, 0xC4, 0xC5, 0x92,
    0x62, 0x49, 0x22, 0x39, 0x43, 0x41, 0x43, 0x41, 0x23, 0x39, 0x23, 0x39, 0x23, 0x39, 0x23, 0x31,
    0x23, 0x31, 0x03, 0x31, 0x03, 0x31, 0x03, 0x29, 0xE3, 0x28, 0xE3, 0x28, 0xE3, 0x28, 0xE4, 0x28,
    0xE4, 0x20, 0xE4, 0x20, 0xE4, 0x20, 0xE4, 0x20, 0x04, 0x21, 0x04, 0x29, 0xE4, 0x20, 0x47, 0x62,
    0xF4, 0xE5, 0x96, 0xFE, 0xB4, 0xF5, 0x4E, 0xE4, 0xC8, 0xCA, 0xE5, 0xB1, 0xC4, 0xB1, 0xE8, 0xC2,
    0xEC, 0xDB, 0x0D, 0xDC, 0xD0, 0xE4, 0x36, 0xF6, 0xB8, 0xFE, 0xB8, 0xFE, 0xB8, 0xFE, 0xB8, 0xFE,
    0xB8, 0xFE, 0x97, 0xFE, 0x77, 0xFE, 0x76, 0xFE, 0xD8, 0xFE, 0x56, 0xFE, 0x4E, 0xD4, 0xE8, 0xB2,
    0x09, 0xB3, 0xCC, 0xCB, 0x6E, 0xDC, 0xD0, 0xDC, 0x93, 0xED, 0xD4, 0xF5, 0xB4, 0xED, 0x93, 0xED,
    0x93, 0xED, 0x93, 0xED, 0x73, 0xE5, 0x93, 0xE5, 0x93, 0xE5, 0x73, 0xE5, 0x93, 0xE5, 0x73, 0xDD,
    0x73, 0xDD, 0x73, 0xDD, 0x12, 0xCD, 0x2F, 0xB4, 0x4C, 0x93, 0xAA, 0x82, 0x07, 0x72, 0xC6, 0x69,
    0xC6, 0x71, 0xEA, 0x92, 0x13, 0xC5, 0x8D, 0xA3, 0xC2, 0x68, 0x61, 0x68, 0xA2, 0x78, 0x48, 0x92,
    0xEE, 0xC3, 0x0E, 0xCC, 0xD2, 0xD4, 0x31, 0xA4, 0xC4, 0x18, 0xC4, 0x10, 0xC4, 0x10, 0xC4, 0x10,
    0xA4, 0x10, 0xA4, 0x10, 0xA4, 0x10, 0xA4, 0x08, 0xA4, 0x10, 0xA4, 0x10, 0xA4, 0x10, 0xA4, 0x10,
    0xA3, 0x08, 0xA3, 0x08, 0x83, 0x08, 0x83, 0x08, 0x83, 0x08, 0x83, 0x08, 0x83, 0x08, 0x83, 0x08,
    0x83, 0x10, 0xA2, 0x20, 0x81, 0x20, 0x60, 0x18, 0x60, 0x18, 0x40, 0x10, 0x00, 0x08, 0x00, 0x00,
    0x00, 0x00, 0x00, 0x00, 0x00, 0x00, 0x00, 0x00, 0x00, 0x00, 0x01, 0x00, 0x21, 0x00, 0x21, 0x00,
    0x21, 0x00, 0x21, 0x00, 0x8E, 0xE5, 0x8E, 0xE5, 0x8D, 0xE5, 0x6C, 0xE5, 0x4C, 0xE5, 0x2C, 0xE5,
    0x69, 0xCC, 0x46, 0xA3, 0xA3, 0x59, 0x22, 0x39, 0x43, 0x39, 0x43, 0x39, 0x23, 0x39, 0x23, 0x39,
    0x23, 0x31, 0x23, 0x31, 0x23, 0x31, 0x23, 0x31, 0x03, 0x31, 0x03, 0x29, 0xE3, 0x28, 0xE3, 0x28,
    0xE3, 0x28, 0xE4, 0x28, 0xE4, 0x28, 0xE4, 0x20, 0xE4, 0x20, 0x04, 0x21, 0x04, 0x29, 0x05, 0x29,
    0x45, 0x39, 0xAF, 0xBC, 0xF7, 0xFE, 0xF4, 0xFD, 0x11, 0xED, 0x6A, 0xD3, 0xA4, 0xB1, 0x81, 0x90,
    0x43, 0x99, 0x87, 0xBA, 0xAB, 0xD3, 0x0D, 0xDC, 0xF1, 0xE4, 0x36, 0xF6, 0x97, 0xFE, 0x97, 0xFE,
    0x97, 0xFE, 0x77, 0xFE, 0x77, 0xFE, 0x76, 0xFE, 0x97, 0xFE, 0xB7, 0xFE, 0x56, 0xFE, 0x8F, 0xDC,
    0x09, 0xB3, 0xE9, 0xB2, 0xCD, 0xCB, 0xB0, 0xDC, 0xF1, 0xE4, 0x52, 0xED, 0xB4, 0xED, 0xD4, 0xF5,
    0xB4, 0xED, 0x93, 0xED, 0x93, 0xED, 0x73, 0xED, 0x52, 0xE5, 0x93, 0xED, 0x73, 0xE5, 0x52, 0xE5,
    0x93, 0xE5, 0x32, 0xDD, 0x53, 0xDD, 0x32, 0xDD, 0xF2, 0xCC, 0x70, 0xB4, 0x8D, 0x9B, 0xEB, 0x82,
    0x28, 0x72, 0xC6, 0x69, 0xC6, 0x71, 0xE6, 0x79, 0x0B, 0x93, 0x13, 0xC5, 0x69, 0x8A, 0x60, 0x68,
    0xA1, 0x70, 0x23, 0x81, 0x0B, 0xAB, 0xEE, 0xCB, 0xEE, 0xCB, 0x14, 0xCD, 0xCC, 0x6A, 0xA4, 0x10,
    0xE5, 0x10, 0xC4, 0x10, 0xC4, 0x10, 0xA4, 0x10, 0xA4, 0x10, 0xA4, 0x10, 0xA4, 0x08, 0xA4, 0x08,
    0xA4, 0x08, 0xA4, 0x08, 0xA3, 0x08, 0x83, 0x08, 0x83, 0x08, 0x83, 0x08, 0x83, 0x08, 0x83, 0x08,
    0x83, 0x08, 0x83, 0x08, 0x83, 0x18, 0xA2, 0x20, 0xA1, 0x28, 0x81, 0x20, 0x81, 0x20, 0x40, 0x10,
    0x00, 0x08, 0x00, 0x00, 0x00, 0x00, 0x00, 0x00, 0x00, 0x00, 0x21, 0x00, 0x21, 0x00, 0x21, 0x00,
    0x21, 0x00, 0x21, 0x00, 0x21, 0x00, 0x21, 0x00, 0x6D, 0xE5, 0x6D, 0xE5, 0x4D, 0xE5, 0x2C, 0xE5,
    0x2C, 0xDD, 0x0C, 0xDD, 0xAA, 0xD4, 0x87, 0xB3, 0x04, 0x72, 0x22, 0x39, 0x22, 0x39, 0x23, 0x39,
    0x23, 0x39, 0x23, 0x31, 0x23, 0x31, 0x23, 0x31, 0x23, 0x31, 0x23, 0x31, 0x03, 0x31, 0x03, 0x29,
    0xE3, 0x28, 0xE3, 0x28, 0x04, 0x29, 0x04, 0x29, 0xE4, 0x28, 0x04, 0x29, 0x04, 0x29, 0x04, 0x29,
    0x25, 0x29, 0x04, 0x29, 0x6B, 0x8B, 0xD7, 0xFE, 0x76, 0xFE, 0xB4, 0xF5, 0x4E, 0xE4, 0x87, 0xBA,
    0x40, 0x88, 0x40, 0x80, 0x23, 0x91, 0x88, 0xB2, 0x8B, 0xCB, 0x0D, 0xDC, 0x32, 0xED, 0x56, 0xFE,
    0x97, 0xFE, 0x97, 0xFE, 0x97, 0xFE, 0x97, 0xFE, 0x77, 0xFE, 0x97, 0xFE, 0xD8, 0xFE, 0x56, 0xFE,
    0x4E, 0xD4, 0xE8, 0xB2, 0xE9, 0xB2, 0xED, 0xCB, 0xB0, 0xDC, 0x11, 0xE5, 0x32, 0xE5, 0x53, 0xED,
    0x94, 0xED, 0xD4, 0xF5, 0xB4, 0xF5, 0x93, 0xED, 0x93, 0xED, 0x73, 0xED, 0x52, 0xE5, 0x73, 0xE5,
    0x52, 0xE5, 0x52, 0xE5, 0x73, 0xE5, 0x32, 0xDD, 0x32, 0xDD, 0x12, 0xD5, 0xD1, 0xC4, 0x91, 0xBC,
    0xCF, 0xA3, 0xCB, 0x7A, 0x65, 0x59, 0x45, 0x59, 0x85, 0x61, 0x08, 0x7A, 0xAA, 0x8A, 0x30, 0xAC,
    0xB2, 0xBC, 0x85, 0x79, 0x81, 0x70, 0xC2, 0x78, 0xC6, 0x91, 0x6C, 0xBB, 0xAD, 0xC3, 0x30, 0xC4,
    0x14, 0xC5, 0xC8, 0x41, 0xA4, 0x10, 0xE5, 0x18, 0xC4, 0x10, 0xA4, 0x10, 0xA4, 0x10, 0xA4, 0x10,
    0xA4, 0x08, 0xA4, 0x08, 0xA4, 0x08, 0xA4, 0x08, 0xA4, 0x08, 0xA3, 0x08, 0x83, 0x08, 0x83, 0x08,
    0x83, 0x08, 0x83, 0x08, 0x83, 0x08, 0x83, 0x08, 0xA3, 0x18, 0xA2, 0x28, 0xA1, 0x28, 0xA1, 0x28,
    0x81, 0x20, 0x40, 0x18, 0x20, 0x08, 0x00, 0x00, 0x00, 0x00, 0x01, 0x00, 0x21, 0x00, 0x21, 0x00,
    0x21, 0x00, 0x21, 0x00, 0x21, 0x00, 0x21, 0x00, 0x21, 0x00, 0x21, 0x00, 0x2C, 0xDD, 0x2C, 0xDD,
    0x2C, 0xDD, 0x0C, 0xDD, 0x0B, 0xDD, 0x0B, 0xDD, 0xAA, 0xD4, 0xC7, 0xBB, 0x84, 0x82, 0x42, 0x41,
    0x22, 0x39, 0x22, 0x39, 0x02, 0x31, 0x03, 0x31, 0x03, 0x31, 0x23, 0x31, 0x23, 0x31, 0x03, 0x31,
    0x03, 0x29, 0x03, 0x29, 0xE3, 0x28, 0xE3, 0x28, 0x04, 0x29, 0x04, 0x29, 0x04, 0x29, 0xE4, 0x28,
    0x04, 0x29, 0x24, 0x29, 0x04, 0x29, 0x07, 0x5A, 0xF4, 0xE5, 0xF8, 0xFE, 0x15, 0xF6, 0x73, 0xF5,
    0xEC, 0xDB, 0x84, 0xA1, 0x00, 0x78, 0x40, 0x78, 0xE2, 0x80, 0x47, 0xAA, 0x6B, 0xC3, 0x6F, 0xDC,
    0xD4, 0xF5, 0x56, 0xFE, 0x76, 0xFE, 0x76, 0xFE, 0x77, 0xFE, 0x76, 0xFE, 0x76, 0xFE, 0xB8, 0xFE,
    0x35, 0xF6, 0x2D, 0xD4, 0x09, 0xB3, 0x4B, 0xBB, 0xEE, 0xCB, 0x4F, 0xD4, 0x90, 0xD4, 0xD1, 0xDC,
    0x12, 0xE5, 0x52, 0xED, 0x93, 0xED, 0xB4, 0xF5, 0xD4, 0xF5, 0x93, 0xED, 0x93, 0xED, 0x73, 0xED,
    0x52, 0xE5, 0x52, 0xE5, 0x32, 0xE5, 0x32, 0xE5, 0x32, 0xDD, 0x11, 0xDD, 0x12, 0xDD, 0x11, 0xD5,
    0xD1, 0xCC, 0xF2, 0xC4, 0x30, 0xAC, 0x8A, 0x72, 0x65, 0x49, 0x04, 0x39, 0x24, 0x41, 0xA6, 0x61,
    0x89, 0x82, 0x8D, 0x9B, 0xF3, 0xBC, 0xEB, 0x92, 0x81, 0x68, 0xA2, 0x78, 0x24, 0x81, 0x48, 0x9A,
    0x4B, 0xB3, 0x6C, 0xBB, 0x91, 0xC4, 0x51, 0xA4, 0x05, 0x21, 0xC4, 0x10, 0xC4, 0x10, 0xC4, 0x10,
    0xA4, 0x10, 0xA4, 0x08, 0xA4, 0x08, 0xA4, 0x08, 0xA4, 0x08, 0xA4, 0x08, 0xA4, 0x08, 0xA3, 0x08,
    0x83, 0x08, 0x83, 0x08, 0x83, 0x08, 0x83, 0x08, 0x83, 0x08, 0x83, 0x08, 0xA3, 0x18, 0xC2, 0x28,
    0xC1, 0x30, 0xA1, 0x28, 0xA1, 0x28, 0x40, 0x18, 0x20, 0x08, 0x00, 0x00, 0x00, 0x00, 0x21, 0x00,
    0x21, 0x00, 0x41, 0x00, 0x42, 0x00, 0x42, 0x00, 0x41, 0x00, 0x41, 0x00, 0x21, 0x00, 0x21, 0x00,
    0xEC, 0xD4, 0x0C, 0xDD, 0xEB, 0xDC, 0xCB, 0xD4, 0xEB, 0xD4, 0xCB, 0xD4, 0xAA, 0xD4, 0x08, 0xC4,
    0xC5, 0x92, 0x83, 0x51, 0x02, 0x31, 0x02, 0x31, 0x02, 0x31, 0x03, 0x31, 0x03, 0x31, 0x03, 0x31,
    0x03, 0x31, 0x03, 0x29, 0xE3, 0x28, 0xE3, 0x28, 0xE3, 0x28, 0xE3, 0x28, 0x04, 0x29, 0x04, 0x29,
    0x04, 0x29, 0x04, 0x29, 0x04, 0x29, 0x04, 0x29, 0xE4, 0x28, 0x2E, 0xA4, 0x59, 0xFF, 0x76, 0xFE,
    0x15, 0xF6, 0x32, 0xED, 0x8B, 0xD3, 0xC2, 0x90, 0x00, 0x78, 0x00, 0x70, 0xA2, 0x78, 0x27, 0xA2,
    0xAC, 0xC3, 0xF1, 0xDC, 0xF5, 0xF5, 0x56, 0xFE, 0x76, 0xFE, 0x97, 0xFE, 0x77, 0xFE, 0x76, 0xFE,
    0xB8, 0xFE, 0x36, 0xF6, 0x4E, 0xD4, 0x8B, 0xC3, 0xEE, 0xCB, 0x4B, 0xBB, 0x88, 0xA2, 0xA9, 0xAA,
    0x2B, 0xB3, 0xAC, 0xC3, 0x70, 0xD4, 0x32, 0xE5, 0x73, 0xED, 0xB4, 0xED, 0xB4, 0xF5, 0x93, 0xED,
    0x93, 0xED, 0x73, 0xED, 0x52, 0xE5, 0x52, 0xE5, 0x11, 0xE5, 0x31, 0xE5, 0x32, 0xDD, 0x11, 0xDD,
    0xF1, 0xDC, 0x32, 0xD5, 0xF2, 0xD4, 0x13, 0xCD, 0x51, 0xB4, 0x08, 0x62, 0x20, 0x08, 0x40, 0x10,
    0x81, 0x20, 0xC2, 0x30, 0xC6, 0x59, 0xEB, 0x8A, 0x51, 0xB4, 0x10, 0xAC, 0x03, 0x71, 0x81, 0x70,
    0x03, 0x81, 0xA5, 0x91, 0x68, 0xA2, 0x0A, 0xAB, 0x4C, 0xAB, 0xD2, 0xC4, 0xD0, 0x93, 0xC4, 0x18,
    0xA4, 0x10, 0xC4, 0x10, 0xA4, 0x10, 0xA4, 0x10, 0xA4, 0x10, 0xA4, 0x08, 0xA4, 0x08, 0xA4, 0x08,
    0xA4, 0x08, 0xA4, 0x08, 0x83, 0x08, 0x83, 0x08, 0x83, 0x08, 0x83, 0x08, 0xA3, 0x08, 0x83, 0x08,
    0xA3, 0x18, 0xA2, 0x28, 0xC1, 0x28, 0xA1, 0x28, 0x81, 0x20, 0x40, 0x10, 0x00, 0x08, 0x00, 0x00,
    0x21, 0x00, 0x21, 0x00, 0x42, 0x00, 0x42, 0x00, 0x42, 0x00, 0x42, 0x00, 0x42, 0x00, 0x42, 0x00,
    0x42, 0x00, 0x41, 0x00, 0xCB, 0xD4, 0xCB, 0xD4, 0xCB, 0xD4, 0xAB, 0xD4, 0xAA, 0xD4, 0xAA, 0xD4,
    0x8A, 0xD4, 0x08, 0xC4, 0x06, 0xA3, 0xC3, 0x61, 0x02, 0x31, 0x02, 0x31, 0xE2, 0x30, 0x03, 0x31,
    0x03, 0x31, 0x03, 0x29, 0x03, 0x29, 0xE3, 0x28, 0xE3, 0x20, 0xE3, 0x28, 0xE3, 0x20, 0xE4, 0x28,
    0xE4, 0x28, 0x04, 0x29, 0x04, 0x29, 0x04, 0x29, 0x24, 0x29, 0xE4, 0x28, 0xA8, 0x72, 0xD7, 0xF6,
    0xF7, 0xFE, 0x35, 0xFE, 0xD5, 0xF5, 0x32, 0xED, 0x6A, 0xCB, 0x81, 0x88, 0x00, 0x78, 0x00, 0x68,
    0x61, 0x70, 0x06, 0x92, 0x8C, 0xBB, 0x52, 0xE5, 0x35, 0xF6, 0x76, 0xFE, 0x76, 0xFE, 0x56, 0xFE,
    0x56, 0xF6, 0x77, 0xFE, 0x56, 0xF6, 0x6E, 0xD4, 0xED, 0xCB, 0x70, 0xD4, 0x2A, 0xB3, 0x2B, 0xB3,
    0xAD, 0xBB, 0xCD, 0xB3, 0xCE, 0xB3, 0x90, 0xCC, 0x70, 0xD4, 0xB0, 0xDC, 0x53, 0xED, 0x93, 0xED,
    0xB4, 0xF5, 0xB4, 0xF5, 0x93, 0xED, 0x72, 0xED, 0x52, 0xE5, 0x32, 0xE5, 0x31, 0xE5, 0x11, 0xE5,
    0xF1, 0xDC, 0xD0, 0xDC, 0x11, 0xDD, 0xF1, 0xD4, 0x12, 0xD5, 0xF2, 0xCC, 0x71, 0xBC, 0x28, 0x62,
    0x66, 0x29, 0xA2, 0x18, 0xA2, 0x20, 0xA6, 0x49, 0xE3, 0x30, 0xE7, 0x61, 0x8E, 0x9B, 0x92, 0xBC,
    0xC6, 0x81, 0x81, 0x70, 0xE2, 0x80, 0x84, 0x91, 0x06, 0x9A, 0x47, 0xA2, 0xC9, 0xA2, 0x0B, 0xA3,
    0xB2, 0xC4, 0xAF, 0x8B, 0xC4, 0x18, 0xC4, 0x10, 0xC4, 0x10, 0xC4, 0x10, 0xC4, 0x10, 0xA4, 0x10,
    0xA4, 0x08, 0xA4, 0x08, 0xA4, 0x08, 0xA4, 0x08, 0xA3, 0x08, 0xA3, 0x08, 0xA3, 0x08, 0xA3, 0x08,
    0x83, 0x08, 0x83, 0x08, 0xA3, 0x18, 0x82, 0x20, 0x81, 0x20, 0x60, 0x20, 0x60, 0x18, 0x20, 0x10,
    0x00, 0x00, 0x00, 0x00, 0x21, 0x00, 0x41, 0x00, 0x42, 0x00, 0x42, 0x00, 0x42, 0x00, 0x42, 0x00,
    0x42, 0x00, 0x42, 0x00, 0x42, 0x00, 0x42, 0x00, 0x8B, 0xCC, 0xAB, 0xCC, 0x8B, 0xCC, 0x8A, 0xCC,
    0x8A, 0xCC, 0x8A, 0xCC, 0x6A, 0xCC, 0x29, 0xC4, 0x46, 0xAB, 0x24, 0x72, 0x02, 0x39, 0xE2, 0x28,
    0xE2, 0x28, 0xE2, 0x28, 0xE3, 0x28, 0xE3, 0x28, 0xE3, 0x28, 0xE3, 0x20, 0xE3, 0x20, 0xC3, 0x20,
    0xE3, 0x20, 0xE4, 0x20, 0xE3, 0x20, 0xE4, 0x28, 0x04, 0x29, 0x24, 0x29, 0x04, 0x29, 0xA5, 0x49,
    0xD3, 0xDD, 0x38, 0xFF, 0x75, 0xFE, 0x15, 0xFE, 0xB4, 0xF5, 0x11, 0xED, 0x09, 0xC3, 0x40, 0x80,
    0x00, 0x70, 0x00, 0x68, 0x40, 0x60, 0x85, 0x81, 0xCD, 0xBB, 0x93, 0xE5, 0x35, 0xF6, 0x76, 0xFE,
    0x56, 0xFE, 0x56, 0xF6, 0x56, 0xF6, 0x76, 0xFE, 0x52, 0xE5, 0x4E, 0xD4, 0x90, 0xDC, 0x4B, 0xBB,
    0x4F, 0xCC, 0xEE, 0xB3, 0xA5, 0x61, 0xA1, 0x30, 0xC2, 0x38, 0xA5, 0x61, 0xCD, 0xAB, 0xB1, 0xDC,
    0xF1, 0xE4, 0x73, 0xED, 0xB4, 0xF5, 0xB4, 0xF5, 0xB4, 0xF5, 0x73, 0xED, 0x72, 0xED, 0x32, 0xED,
    0x11, 0xE5, 0xF0, 0xE4, 0xD0, 0xDC, 0xD0, 0xDC, 0xF1, 0xDC, 0xD0, 0xD4, 0xF1, 0xD4, 0xD1, 0xCC,
    0xB2, 0xC4, 0xAB, 0x72, 0xE9, 0x39, 0x82, 0x08, 0x00, 0x00, 0x8A, 0x52, 0x10, 0x8C, 0x24, 0x39,
    0xEB, 0x82, 0x92, 0xB4, 0xEB, 0x9A, 0xC2, 0x70, 0xE2, 0x88, 0x43, 0x91, 0xC5, 0x99, 0xE6, 0x99,
    0x06, 0xA2, 0x68, 0xA2, 0x0B, 0xAB, 0xF3, 0xC4, 0x0D, 0x6B, 0xA4, 0x10, 0xE4, 0x10, 0xC4, 0x10,
    0xC4, 0x10, 0xC4, 0x10, 0xA4, 0x08, 0xA4, 0x08, 0xA4, 0x08, 0xA4, 0x08, 0xA4, 0x08, 0xA3, 0x08,
    0xA3, 0x08, 0xA3, 0x08, 0x83, 0x08, 0x83, 0x08, 0x83, 0x10, 0x62, 0x10, 0x61, 0x10, 0x40, 0x10,
    0x20, 0x08, 0x20, 0x08, 0x00, 0x00, 0x21, 0x00, 0x21, 0x00, 0x42, 0x00, 0x42, 0x00, 0x42, 0x00,
    0x42, 0x00, 0x42, 0x00, 0x42, 0x00, 0x42, 0x00, 0x42, 0x00, 0x42, 0x00, 0xE9, 0xB3, 0x09, 0xBC,
    0x09, 0xBC, 0x09, 0xBC, 0x09, 0xBC, 0x09, 0xBC, 0x08, 0xBC, 0xE8, 0xBB, 0x46, 0xA3, 0x24, 0x7A,
    0x22, 0x41, 0xC2, 0x28, 0xC2, 0x28, 0xC2, 0x20, 0xC3, 0x20, 0xC3, 0x20, 0xE3, 0x20, 0xC3, 0x20,
    0xC3, 0x20, 0xE3, 0x20, 0xE4, 0x20, 0xE4, 0x20, 0xE4, 0x20, 0x04, 0x29, 0x04, 0x29, 0x24, 0x29,
    0x44, 0x41, 0xF0, 0xBC, 0x59, 0xFF, 0x96, 0xFE, 0x35, 0xFE, 0xF4, 0xF5, 0x94, 0xF5, 0xD0, 0xE4,
    0x88, 0xBA, 0x20, 0x80, 0x20, 0x70, 0x20, 0x68, 0x61, 0x68, 0xE6, 0x89, 0x4F, 0xCC, 0x93, 0xED,
    0x35, 0xF6, 0x56, 0xF6, 0x36, 0xF6, 0x35, 0xF6, 0x36, 0xF6, 0xF4, 0xF5, 0xF1, 0xDC, 0xF1, 0xDC,
    0xAC, 0xCB, 0x0E, 0xCC, 0xEA, 0x92, 0x03, 0x41, 0xC2, 0x38, 0x85, 0x41, 0x04, 0x31, 0xC2, 0x28,
    0xC1, 0x38, 0xCD, 0xB3, 0x12, 0xE5, 0x73, 0xED, 0xB4, 0xF5, 0xD4, 0xF5, 0xD4, 0xF5, 0x93, 0xED,
    0x72, 0xED, 0x31, 0xED, 0x11, 0xE5, 0xF0, 0xE4, 0xF0, 0xE4, 0xD0, 0xDC, 0xD0, 0xDC, 0xD0, 0xD4,
    0xF1, 0xD4, 0xB0, 0xCC, 0xD1, 0xCC, 0x6D, 0x93, 0x00, 0x08, 0x21, 0x00, 0x20, 0x00, 0x00, 0x00,
    0x30, 0x94, 0xD0, 0x8B, 0x28, 0x6A, 0x31, 0xAC, 0x10, 0xAC, 0x64, 0x89, 0x23, 0x91, 0x27, 0x9A,
    0xA9, 0x9A, 0x47, 0xA2, 0xC5, 0x99, 0xC6, 0x99, 0x27, 0x9A, 0xCE, 0xB3, 0xF4, 0xB4, 0x87, 0x31,
    0xA4, 0x08, 0xC4, 0x10, 0xC4, 0x10, 0xC4, 0x10, 0xA4, 0x08, 0xA4, 0x08, 0xA4, 0x08, 0xA4, 0x08,
    0xA4, 0x08, 0xA3, 0x08, 0xA3, 0x08, 0xA3, 0x08, 0xA3, 0x08, 0x83, 0x08, 0x83, 0x08, 0x62, 0x08,
    0x42, 0x08, 0x41, 0x08, 0x21, 0x00, 0x21, 0x00, 0x21, 0x00, 0x21, 0x00, 0x42, 0x00, 0x42, 0x00,
    0x42, 0x00, 0x42, 0x00, 0x42, 0x00, 0x42, 0x08, 0x42, 0x00, 0x42, 0x00, 0x42, 0x00, 0x42, 0x00,
    0x4A, 0xBC, 0x4A, 0xC4, 0x4A, 0xC4, 0x29, 0xBC, 0x29, 0xBC, 0x09, 0xBC, 0xE8, 0xBB, 0xC8, 0xB3,
    0x26, 0xA3, 0x24, 0x7A, 0x42, 0x41, 0xC2, 0x20, 0xC2, 0x20, 0xC2, 0x20, 0xC3, 0x20, 0xC3, 0x20,
    0xC3, 0x20, 0xC3, 0x20, 0xC3, 0x20, 0xE4, 0x20, 0xE4, 0x20, 0xE4, 0x20, 0xE4, 0x20, 0x04, 0x29,
    0x25, 0x29, 0x04, 0x31, 0x0D, 0xA4, 0x59, 0xFF, 0xB7, 0xFE, 0x56, 0xFE, 0x35, 0xFE, 0xD4, 0xF5,
    0x93, 0xF5, 0x6F, 0xE4, 0x06, 0xAA, 0x00, 0x78, 0x20, 0x70, 0x40, 0x68, 0xE3, 0x70, 0x27, 0x92,
    0x2E, 0xCC, 0xB4, 0xED, 0x15, 0xF6, 0x36, 0xF6, 0x35, 0xF6, 0x15, 0xF6, 0x15, 0xF6, 0x93, 0xED,
    0x32, 0xE5, 0xB0, 0xD4, 0x2F, 0xD4, 0xEA, 0x9A, 0xAA, 0x6A, 0x69, 0x5A, 0x95, 0xC5, 0x1B, 0xE7,
    0x46, 0x29, 0x41, 0x08, 0x40, 0x10, 0xC5, 0x69, 0xF2, 0xDC, 0x53, 0xED, 0xD4, 0xF5, 0xF5, 0xF5,
    0xD4, 0xF5, 0xB3, 0xF5, 0x52, 0xED, 0x31, 0xED, 0x31, 0xED, 0x11, 0xE5, 0x11, 0xE5, 0x11, 0xE5,
    0x11, 0xE5, 0x32, 0xE5, 0x72, 0xE5, 0x53, 0xE5, 0x74, 0xDD, 0x33, 0xCD, 0xC6, 0x59, 0x00, 0x08,
    0x00, 0x00, 0x40, 0x10, 0xE4, 0x71, 0x76, 0xBD, 0xAB, 0x72, 0x8E, 0x9B, 0x93, 0xB4, 0x68, 0x9A,
    0x07, 0x9A, 0xCB, 0x7A, 0xA8, 0x39, 0x49, 0x62, 0xCB, 0x92, 0x0B, 0xAB, 0x2B, 0xAB, 0x50, 0xBC,
    0x72, 0xA4, 0xA7, 0x39, 0xC4, 0x10, 0xC4, 0x10, 0xC4, 0x10, 0xA4, 0x10, 0xA4, 0x08, 0xA4, 0x08,
    0xA4, 0x08, 0xA4, 0x08, 0xA4, 0x08, 0xA4, 0x08, 0xA3, 0x08, 0xA4, 0x08, 0xA3, 0x08, 0x83, 0x08,
    0x83, 0x08, 0x83, 0x08, 0x63, 0x08, 0x42, 0x00, 0x42, 0x00, 0x42, 0x00, 0x42, 0x00, 0x42, 0x00,
    0x42, 0x00, 0x62, 0x00, 0x62, 0x08, 0x42, 0x08, 0x62, 0x08, 0x62, 0x08, 0x42, 0x00, 0x42, 0x00,
    0x42, 0x00, 0x42, 0x00, 0x0C, 0xD5, 0x0C, 0xD5, 0xEC, 0xCC, 0xCB, 0xCC, 0x8B, 0xCC, 0x4A, 0xC4,
    0x09, 0xBC, 0xA8, 0xAB, 0x06, 0x93, 0x04, 0x72, 0x22, 0x41, 0xA2, 0x20, 0xA2, 0x20, 0xA2, 0x20,
    0xC2, 0x20, 0xC3, 0x20, 0xC3, 0x20, 0xC3, 0x20, 0xC3, 0x20, 0xC3, 0x20, 0xE4, 0x20, 0xE4, 0x20,
    0xE4, 0x20, 0x04, 0x29, 0xE4, 0x28, 0x8B, 0x93, 0x39, 0xFF, 0xD8, 0xFE, 0x55, 0xFE, 0x35, 0xFE,
    0x35, 0xFE, 0xD4, 0xF5, 0x73, 0xED, 0xED, 0xD3, 0x64, 0x99, 0x00, 0x78, 0x20, 0x70, 0x20, 0x68,
    0xE3, 0x70, 0xEA, 0xAA, 0x90, 0xD4, 0xB3, 0xED, 0xF5, 0xF5, 0x15, 0xF6, 0xF5, 0xF5, 0xF5, 0xF5,
    0xD4, 0xED, 0x32, 0xE5, 0x11, 0xE5, 0x90, 0xD4, 0xED, 0xBB, 0xA9, 0x7A, 0x59, 0xC6, 0x89, 0x72,
    0xD2, 0xA4, 0xEB, 0x5A, 0x61, 0x08, 0x00, 0x00, 0x00, 0x00, 0x83, 0x69, 0x2E, 0xCC, 0x73, 0xED,
    0xB4, 0xF5, 0xF5, 0xF5, 0xF4, 0xF5, 0xB3, 0xF5, 0x72, 0xF5, 0x52, 0xF5, 0x31, 0xED, 0x52, 0xED,
    0xB3, 0xED, 0xF5, 0xF5, 0x36, 0xFE, 0xD4, 0xED, 0x12, 0xD5, 0xB1, 0xBC, 0x70, 0xBC, 0xD2, 0xBC,
    0xCE, 0x9B, 0x64, 0x59, 0xE1, 0x48, 0xA2, 0x71, 0x41, 0x61, 0x75, 0xAD, 0x10, 0x94, 0x4D, 0x8B,
    0x92, 0xAC, 0xEF, 0xAB, 0x2C, 0x93, 0x09, 0x52, 0xC4, 0x10, 0xA4, 0x08, 0x46, 0x21, 0x8B, 0x5A,
    0x2D, 0x73, 0x4E, 0x7B, 0x6A, 0x5A, 0x05, 0x21, 0xC4, 0x10, 0xC4, 0x10, 0xC4, 0x10, 0xA4, 0x10,
    0xA4, 0x08, 0xA4, 0x08, 0xA4, 0x08, 0xA4, 0x08, 0xA4, 0x08, 0xA4, 0x08, 0xA4, 0x08, 0xA4, 0x08,
    0xA3, 0x08, 0x83, 0x08, 0x83, 0x08, 0x83, 0x08, 0x83, 0x08, 0x83, 0x08, 0x63, 0x08, 0x63, 0x08,
    0x62, 0x08, 0x63, 0x08, 0x63, 0x08, 0x63, 0x08, 0x63, 0x08, 0x62, 0x08, 0x62, 0x08, 0x62, 0x08,
    0x62, 0x08, 0x42, 0x00, 0x42, 0x00, 0x42, 0x00, 0xEC, 0xD4, 0xEC, 0xD4, 0xCB, 0xCC, 0xAB, 0xCC,
    0x6A, 0xC4, 0x29, 0xBC, 0xC8, 0xB3, 0x47, 0xA3, 0x85, 0x82, 0xA3, 0x59, 0xE2, 0x30, 0xA2, 0x20,
    0xA2, 0x20, 0xA2, 0x20, 0xA2, 0x20, 0xC2, 0x20, 0xC3, 0x20, 0xC3, 0x20, 0xC3, 0x20, 0xE3, 0x20,
    0xE4, 0x20, 0xE4, 0x20, 0x04, 0x21, 0xC3, 0x20, 0x47, 0x62, 0xB7, 0xF6, 0xF8, 0xFE, 0x36, 0xFE,
    0x15, 0xFE, 0x15, 0xFE, 0x35, 0xFE, 0xD4, 0xF5, 0x32, 0xED, 0x4A, 0xCB, 0xC2, 0x88, 0x00, 0x78,
    0x20, 0x70, 0x60, 0x68, 0x64, 0x81, 0x4B, 0xB3, 0xB0, 0xDC, 0xB4, 0xED, 0xF4, 0xF5, 0xF4, 0xF5,
    0xD4, 0xED, 0xF4, 0xF5, 0x93, 0xED, 0x11, 0xE5, 0xB0, 0xDC, 0xB0, 0xDC, 0xC9, 0x92, 0xB5, 0xC5,
    0x7D, 0xE7, 0x48, 0x6A, 0x80, 0x40, 0x00, 0x00, 0x00, 0x00, 0x00, 0x00, 0x61, 0x18, 0xA5, 0x9A,
    0x2A, 0xA3, 0x94, 0xF5, 0xD4, 0xF5, 0x36, 0xFE, 0x15, 0xFE, 0xD4, 0xF5, 0xB3, 0xF5, 0x92, 0xF5,
    0xB3, 0xF5, 0x35, 0xFE, 0x77, 0xFE, 0x57, 0xF6, 0x54, 0xC5, 0xAE, 0x93, 0xAA, 0x7A, 0x69, 0x7A,
    0x28, 0x72, 0x07, 0x6A, 0x49, 0x6A, 0xCC, 0x6A, 0xCA, 0x72, 0x89, 0x6A, 0xCB, 0x62, 0x97, 0xB5,
    0xF0, 0x93, 0x6E, 0x93, 0x31, 0xAC, 0xB3, 0xB4, 0x8B, 0x6A, 0x06, 0x21, 0xE5, 0x10, 0xC4, 0x10,
    0xC4, 0x10, 0xA4, 0x08, 0xC4, 0x10, 0xC4, 0x10, 0xE5, 0x18, 0xC5, 0x10, 0xC4, 0x10, 0xC4, 0x10,
    0xC4, 0x10, 0xA4, 0x10, 0xA4, 0x08, 0xA4, 0x08, 0xA4, 0x08, 0xA4, 0x08, 0xA4, 0x08, 0xA4, 0x08,
    0xA4, 0x08, 0xA4, 0x08, 0xA3, 0x08, 0x83, 0x08, 0x83, 0x08, 0x83, 0x08, 0x83, 0x08, 0x83, 0x08,
    0x83, 0x08, 0x83, 0x08, 0x63, 0x08, 0x63, 0x08, 0x63, 0x08, 0x63, 0x08, 0x63, 0x08, 0x63, 0x08,
    0x62, 0x08, 0x62, 0x08, 0x62, 0x08, 0x62, 0x08, 0x42, 0x00, 0x42, 0x00, 0x47, 0x93, 0x27, 0x93,
    0x27, 0x93, 0x06, 0x8B, 0xC6, 0x82, 0xA6, 0x82, 0x65, 0x72, 0x24, 0x6A, 0xA3, 0x51, 0x22, 0x39,
    0xC2, 0x28, 0xC2, 0x20, 0xC2, 0x20, 0xC2, 0x20, 0xC3, 0x20, 0xC3, 0x20, 0xC3, 0x20, 0xE3, 0x20,
    0xE3, 0x20, 0xE4, 0x20, 0xE4, 0x20, 0xE4, 0x20, 0x04, 0x21, 0x44, 0x39, 0x31, 0xC5, 0x59, 0xFF,
    0x15, 0xF6, 0xF5, 0xF5, 0xD4, 0xF5, 0x35, 0xFE, 0x35, 0xF6, 0xD4, 0xF5, 0xB0, 0xE4, 0x87, 0xBA,
    0x40, 0x80, 0x20, 0x78, 0x20, 0x70, 0xA1, 0x70, 0xC6, 0x91, 0x6C, 0xBB, 0xD1, 0xDC, 0xB3, 0xED,
    0xD4, 0xF5, 0xF4, 0xF5, 0xB4, 0xED, 0x93, 0xED, 0x73, 0xE5, 0xD0, 0xDC, 0x90, 0xDC, 0x2E, 0xD4,
    0x2A, 0x9B, 0x1A, 0xEF, 0xDE, 0xFF, 0x72, 0x94, 0x01, 0x69, 0x62, 0x69, 0x02, 0x39, 0x42, 0x51,
    0x46, 0xB3, 0xE6, 0xA2, 0xEE, 0xA3, 0xB4, 0xF5, 0x56, 0xFE, 0x76, 0xFE, 0x36, 0xFE, 0xF4, 0xFD,
    0xB3, 0xF5, 0x15, 0xFE, 0x56, 0xFE, 0x15, 0xFE, 0xB4, 0xE5, 0xF2, 0xB4, 0x4C, 0x83, 0x89, 0x7A,
    0x48, 0x72, 0xE7, 0x61, 0xC7, 0x61, 0xA6, 0x59, 0x45, 0x49, 0x66, 0x41, 0xCC, 0x5A, 0xB3, 0xA4,
    0x51, 0xAC, 0x51, 0x94, 0x52, 0xA4, 0x31, 0xA4, 0x10, 0xA4, 0xB3, 0xBC, 0x8E, 0x83, 0x84, 0x08,
    0xC4, 0x10, 0xC5, 0x10, 0xE5, 0x10, 0xE5, 0x10, 0xE5, 0x10, 0xC4, 0x10, 0xC4, 0x10, 0xC4, 0x10,
    0xC4, 0x10, 0xC4, 0x10, 0xC4, 0x10, 0xA4, 0x10, 0xA4, 0x08, 0xA4, 0x08, 0xA4, 0x10, 0xA4, 0x10,
    0xA4, 0x10, 0xA4, 0x08, 0xA4, 0x08, 0xA4, 0x08, 0xA3, 0x08, 0x83, 0x08, 0x83, 0x08, 0x83, 0x08,
    0x83, 0x08, 0x83, 0x08, 0x83, 0x08, 0x83, 0x08, 0x63, 0x08, 0x63, 0x08, 0x63, 0x08, 0x63, 0x08,
    0x63, 0x08, 0x63, 0x08, 0x63, 0x08, 0x63, 0x08, 0x62, 0x08, 0x62, 0x08, 0x42, 0x08, 0x42, 0x00,
    0x83, 0x49, 0x83, 0x49, 0x83, 0x49, 0x63, 0x41, 0x63, 0x41, 0x43, 0x41, 0x23, 0x39, 0x02, 0x31,
    0x02, 0x31, 0xE2, 0x28, 0xE2, 0x28, 0xE2, 0x28, 0xE2, 0x28, 0xE3, 0x28, 0xE3, 0x28, 0xE3, 0x20,
    0xE3, 0x20, 0xE3, 0x20, 0xE3, 0x20, 0xE4, 0x20, 0xE4, 0x20, 0x04, 0x29, 0xE4, 0x20, 0x07, 0x5A,
    0xB7, 0xEE, 0xD7, 0xFE, 0xD4, 0xF5, 0xB3, 0xF5, 0xD4, 0xF5, 0x35, 0xFE, 0x15, 0xF6, 0xB4, 0xF5,
    0x0D, 0xD4, 0xA4, 0xA9, 0x20, 0x80, 0x20, 0x78, 0x40, 0x70, 0xC2, 0x78, 0x06, 0x9A, 0xAC, 0xBB,
    0x11, 0xDD, 0x93, 0xED, 0xB3, 0xED, 0xB3, 0xED, 0x93, 0xED, 0x93, 0xED, 0x32, 0xE5, 0xD0, 0xDC,
    0xB0, 0xDC, 0xED, 0xD3, 0xED, 0xB3, 0x3B, 0xF7, 0x5B, 0xF7, 0x3C, 0xE7, 0xCF, 0x8B, 0x05, 0x7A,
    0x85, 0x9A, 0xE6, 0xAA, 0x49, 0xA3, 0x0F, 0x9C, 0x13, 0xCD, 0x36, 0xFE, 0x97, 0xFE, 0x77, 0xFE,
    0x35, 0xFE, 0xD3, 0xFD, 0x35, 0xFE, 0x56, 0xFE, 0x15, 0xFE, 0xB4, 0xE5, 0x13, 0xBD, 0x0B, 0x83,
    0x28, 0x6A, 0xE7, 0x61, 0xC6, 0x59, 0x86, 0x51, 0x65, 0x49, 0x24, 0x41, 0xE4, 0x30, 0xE3, 0x30,
    0xE3, 0x28, 0x6A, 0x5A, 0x51, 0xB4, 0x10, 0xBC, 0x93, 0xBC, 0x15, 0xBD, 0xB2, 0xB4, 0x71, 0xB4,
    0x14, 0xC5, 0x8B, 0x62, 0x84, 0x08, 0xE5, 0x18, 0xE5, 0x10, 0xC4, 0x10, 0xC4, 0x10, 0xC4, 0x10,
    0xC4, 0x10, 0xC4, 0x10, 0xC4, 0x10, 0xC4, 0x10, 0xC4, 0x10, 0xC4, 0x10, 0xA4, 0x10, 0xA4, 0x10,
    0xC4, 0x10, 0xA4, 0x10, 0xA4, 0x10, 0xA4, 0x08, 0xA4, 0x08, 0xA4, 0x08, 0xA3, 0x08, 0x83, 0x08,
    0x83, 0x08, 0x83, 0x08, 0x83, 0x08, 0x83, 0x08, 0x83, 0x08, 0x83, 0x08, 0x83, 0x08, 0x63, 0x08,
    0x63, 0x08, 0x63, 0x08, 0x63, 0x08, 0x63, 0x08, 0x63, 0x08, 0x63, 0x08, 0x62, 0x08, 0x62, 0x08,
    0x62, 0x08, 0x42, 0x00, 0x66, 0x62, 0x66, 0x6A, 0x66, 0x6A, 0x66, 0x6A, 0x46, 0x62, 0x25, 0x5A,
    0xE5, 0x59, 0xC4, 0x51, 0xA4, 0x49, 0x63, 0x41, 0x43, 0x39, 0x23, 0x31, 0x03, 0x31, 0x03, 0x31,
    0x03, 0x29, 0xE3, 0x28, 0xE3, 0x28, 0xE3, 0x28, 0xE3, 0x20, 0xE4, 0x20, 0xE4, 0x28, 0x04, 0x29,
    0xE4, 0x20, 0x27, 0x5A, 0x96, 0xEE, 0xF7, 0xFE, 0xB3, 0xF5, 0xB3, 0xF5, 0x15, 0xFE, 0x55, 0xFE,
    0x15, 0xFE, 0xF1, 0xE4, 0x29, 0xCB, 0xE2, 0xA0, 0x40, 0x88, 0x40, 0x80, 0x81, 0x78, 0x03, 0x81,
    0x06, 0x9A, 0x6C, 0xBB, 0x11, 0xDD, 0xB4, 0xED, 0xB3, 0xED, 0xB4, 0xED, 0x93, 0xED, 0x52, 0xE5,
    0x11, 0xDD, 0xF1, 0xDC, 0xB0, 0xDC, 0x90, 0xDC, 0xB1, 0xCC, 0xD9, 0xEE, 0xDA, 0xEE, 0xDA, 0xE6,
    0xDA, 0xDE, 0xB7, 0xBD, 0xB2, 0xA4, 0x71, 0x9C, 0x13, 0xB5, 0x74, 0xDD, 0x16, 0xF6, 0xD8, 0xFE,
    0x97, 0xFE, 0x56, 0xFE, 0xF4, 0xFD, 0x35, 0xFE, 0x36, 0xFE, 0xF4, 0xFD, 0xD5, 0xED, 0x75, 0xC5,
    0x2C, 0x83, 0x86, 0x51, 0x65, 0x49, 0x65, 0x41, 0x85, 0x49, 0x85, 0x49, 0x44, 0x41, 0x24, 0x39,
    0xC3, 0x20, 0x61, 0x18, 0xA2, 0x20, 0xA2, 0x20, 0x8B, 0x5A, 0x51, 0xBC, 0xCE, 0xAB, 0x92, 0xB4,
    0xF4, 0xBC, 0x92, 0xBC, 0xF3, 0xC4, 0x34, 0xCD, 0x6A, 0x52, 0xA4, 0x10, 0xE5, 0x18, 0xC4, 0x10,
    0xC4, 0x10, 0xC4, 0x10, 0xC4, 0x10, 0xC4, 0x10, 0xC4, 0x10, 0xC4, 0x10, 0xC4, 0x10, 0xC4, 0x10,
    0xC4, 0x10, 0xA4, 0x10, 0xA4, 0x10, 0xA4, 0x10, 0xA4, 0x08, 0xA4, 0x08, 0xA4, 0x08, 0xA4, 0x08,
    0xA4, 0x08, 0xA3, 0x08, 0x83, 0x08, 0x83, 0x08, 0x83, 0x08, 0x83, 0x08, 0x83, 0x08, 0x83, 0x08,
    0x83, 0x08, 0x83, 0x08, 0x83, 0x08, 0x63, 0x08, 0x63, 0x08, 0x63, 0x08, 0x63, 0x08, 0x63, 0x08,
    0x63, 0x08, 0x62, 0x08, 0x42, 0x08, 0x42, 0x00, 0x08, 0x83, 0x28, 0x83, 0x28, 0x83, 0x08, 0x83,
    0xE8, 0x7A, 0xC7, 0x72, 0x87, 0x72, 0x66, 0x6A, 0x26, 0x62, 0xE5, 0x51, 0xA4, 0x49, 0x84, 0x41,
    0x63, 0x41, 0x43, 0x39, 0x23, 0x31, 0x23, 0x31, 0x23, 0x29, 0x04, 0x29, 0xE3, 0x28, 0xE4, 0x20,
    0xE4, 0x28, 0x04, 0x29, 0x05, 0x29, 0x45, 0x39, 0x2D, 0xAC, 0xF7, 0xFE, 0x75, 0xFE, 0xD4, 0xF5,
    0x55, 0xFE, 0x56, 0xFE, 0x73, 0xED, 0xCC, 0xD3, 0x05, 0xBA, 0x80, 0x98, 0x81, 0x90, 0x81, 0x88,
    0xC2, 0x88, 0x43, 0x89, 0x06, 0x9A, 0xAC, 0xBB, 0x52, 0xE5, 0xB3, 0xED, 0xB3, 0xED, 0xB4, 0xED,
    0x93, 0xED, 0x72, 0xE5, 0x52, 0xE5, 0x11, 0xE5, 0x53, 0xE5, 0xB4, 0xED, 0x33, 0xE5, 0xB5, 0xDD,
    0x57, 0xE6, 0x37, 0xDE, 0x58, 0xD6, 0x37, 0xD6, 0xD6, 0xCD, 0x95, 0xDD, 0x12, 0xED, 0x12, 0xED,
    0xB8, 0xFE, 0xD8, 0xFE, 0x77, 0xFE, 0x15, 0xFE, 0xF4, 0xFD, 0x36, 0xFE, 0xF4, 0xFD, 0xD4, 0xF5,
    0x74, 0xCD, 0x0F, 0x9C, 0xA6, 0x59, 0x04, 0x41, 0xA2, 0x28, 0xE3, 0x30, 0x65, 0x41, 0x86, 0x49,
    0x45, 0x41, 0xE3, 0x30, 0x82, 0x18, 0x41, 0x18, 0x61, 0x18, 0xA2, 0x20, 0x82, 0x20, 0xF0, 0x83,
    0x95, 0xDD, 0xD2, 0xC4, 0x13, 0xCD, 0x33, 0xCD, 0x13, 0xCD, 0x54, 0xD5, 0x34, 0xC5, 0xC8, 0x41,
    0xA4, 0x08, 0xE5, 0x10, 0xC5, 0x10, 0xC4, 0x10, 0xC4, 0x10, 0xC4, 0x10, 0xC4, 0x10, 0xC4, 0x10,
    0xC4, 0x10, 0xC4, 0x10, 0xC4, 0x10, 0xC4, 0x10, 0xA4, 0x10, 0xA4, 0x08, 0xA4, 0x08, 0xA4, 0x08,
    0xA4, 0x10, 0xA4, 0x08, 0xA4, 0x08, 0xA4, 0x08, 0xA3, 0x08, 0x83, 0x08, 0x83, 0x08, 0x83, 0x08,
    0x83, 0x08, 0x83, 0x08, 0x83, 0x08, 0x83, 0x08, 0x83, 0x08, 0x83, 0x08, 0x83, 0x08, 0x63, 0x08,
    0x63, 0x08, 0x63, 0x08, 0x63, 0x08, 0x63, 0x08, 0x62, 0x08, 0x42, 0x00, 0x69, 0x8B, 0x69, 0x93,
    0x6A, 0x93, 0x69, 0x8B, 0x49, 0x8B, 0x29, 0x83, 0x08, 0x83, 0xC8, 0x7A, 0xA7, 0x72, 0x66, 0x6A,
    0x25, 0x62, 0xE5, 0x51, 0xA4, 0x49, 0x84, 0x49, 0x84, 0x41, 0x64, 0x39, 0x44, 0x39, 0x44, 0x31,
    0x04, 0x29, 0x04, 0x29, 0xE4, 0x28, 0x04, 0x29, 0x04, 0x29, 0x04, 0x21, 0x85, 0x41, 0xCC, 0x93,
    0xF3, 0xE5, 0xD6, 0xFE, 0xD7, 0xFE, 0xF4, 0xF5, 0x2E, 0xD4, 0xC8, 0xC2, 0x22, 0xA9, 0xE1, 0xA0,
    0xE1, 0xA0, 0x02, 0x99, 0x43, 0x99, 0x64, 0x91, 0x27, 0x9A, 0xED, 0xCB, 0x52, 0xE5, 0xB4, 0xED,
    0xD4, 0xED, 0xF4, 0xED, 0xF5, 0xF5, 0x15, 0xF6, 0xF5, 0xF5, 0xF5, 0xF5, 0x36, 0xF6, 0x36, 0xF6,
    0xB5, 0xF5, 0x53, 0xE5, 0x94, 0xE5, 0x78, 0xEE, 0x99, 0xEE, 0x16, 0xEE, 0x94, 0xF5, 0x11, 0xED,
    0x6F, 0xE4, 0x36, 0xF6, 0xD8, 0xFE, 0x97, 0xFE, 0x56, 0xFE, 0xF4, 0xFD, 0x36, 0xFE, 0xD4, 0xF5,
    0xF4, 0xFD, 0x53, 0xDD, 0x91, 0xA4, 0x08, 0x62, 0x24, 0x41, 0x61, 0x28, 0x20, 0x18, 0xC3, 0x28,
    0x86, 0x49, 0x86, 0x41, 0x65, 0x41, 0x04, 0x31, 0xC4, 0x18, 0x00, 0x00, 0x20, 0x10, 0xA2, 0x20,
    0xA2, 0x28, 0x66, 0x39, 0x55, 0xC5, 0x94, 0xE5, 0x33, 0xDD, 0x33, 0xD5, 0x13, 0xD5, 0x13, 0xCD,
    0x95, 0xD5, 0x92, 0xAC, 0x46, 0x29, 0xC4, 0x10, 0xE5, 0x10, 0xE5, 0x10, 0xC4, 0x10, 0xC4, 0x10,
    0xC4, 0x10, 0xC4, 0x10, 0xC4, 0x10, 0xC4, 0x10, 0xC4, 0x10, 0xC4, 0x10, 0xA4, 0x10, 0xA4, 0x10,
    0xA4, 0x08, 0xA4, 0x10, 0xA4, 0x10, 0xC4, 0x10, 0xA4, 0x10, 0xA4, 0x08, 0xA4, 0x08, 0x83, 0x08,
    0x83, 0x08, 0x83, 0x08, 0x83, 0x08, 0x83, 0x08, 0x83, 0x08, 0x83, 0x08, 0x83, 0x08, 0x83, 0x08,
    0x83, 0x08, 0x83, 0x08, 0x63, 0x08, 0x63, 0x08, 0x63, 0x08, 0x63, 0x08, 0x62, 0x08, 0x42, 0x00,
    0x49, 0x8B, 0x6A, 0x8B, 0x69, 0x8B, 0x69, 0x8B, 0x69, 0x8B, 0x49, 0x8B, 0x29, 0x83, 0x08, 0x83,
    0xE8, 0x7A, 0xA7, 0x72, 0x66, 0x6A, 0x26, 0x62, 0x05, 0x5A, 0xE5, 0x51, 0xC5, 0x51, 0xC5, 0x49,
    0xA5, 0x41, 0x84, 0x41, 0x44, 0x39, 0x24, 0x31, 0x04, 0x29, 0x04, 0x29, 0x04, 0x29, 0x24, 0x29,
    0x25, 0x29, 0x25, 0x29, 0x06, 0x5A, 0x14, 0xDE, 0x18, 0xFF, 0x8F, 0xDC, 0xEB, 0xD3, 0x85, 0xC2,
    0x82, 0xB1, 0x82, 0xB1, 0x82, 0xB1, 0xA3, 0xA9, 0x04, 0xB2, 0x25, 0xA2, 0x88, 0xA2, 0x2E, 0xCC,
    0x72, 0xED, 0xF4, 0xF5, 0x15, 0xF6, 0x56, 0xF6, 0x77, 0xF6, 0x97, 0xF6, 0x97, 0xFE, 0x97, 0xFE,
    0x97, 0xFE, 0x57, 0xFE, 0x16, 0xF6, 0x16, 0xF6, 0xF5, 0xF5, 0xD5, 0xF5, 0xB4, 0xF5, 0x32, 0xED,
    0xD1, 0xE4, 0xF1, 0xE4, 0x36, 0xF6, 0xD8, 0xFE, 0x77, 0xFE, 0x56, 0xFE, 0xF4, 0xFD, 0xF4, 0xFD,
    0x15, 0xFE, 0xD4, 0xFD, 0xD5, 0xF5, 0xB1, 0xBC, 0x0B, 0x7B, 0x45, 0x41, 0xA2, 0x30, 0x20, 0x10,
    0x00, 0x00, 0xC3, 0x28, 0x08, 0x52, 0xA6, 0x49, 0x44, 0x39, 0x04, 0x29, 0x05, 0x21, 0x00, 0x00,
    0x00, 0x00, 0x62, 0x18, 0x04, 0x31, 0xC3, 0x20, 0xAF, 0x83, 0x13, 0xDD, 0xD2, 0xD4, 0xF2, 0xD4,
    0xF2, 0xD4, 0xD2, 0xCC, 0x13, 0xCD, 0x75, 0xD5, 0x4D, 0x7B, 0xE5, 0x18, 0xE5, 0x10, 0xE5, 0x10,
    0xE5, 0x10, 0xE4, 0x10, 0xC4, 0x10, 0xC4, 0x10, 0xC4, 0x10, 0xC4, 0x10, 0xC4, 0x10, 0xC4, 0x10,
    0xC4, 0x10, 0xC4, 0x10, 0xA4, 0x10, 0xA4, 0x10, 0xC4, 0x10, 0xC4, 0x10, 0xA4, 0x10, 0xA4, 0x08,
    0xA3, 0x08, 0x83, 0x08, 0x83, 0x08, 0x83, 0x08, 0x83, 0x08, 0x83, 0x08, 0x83, 0x08, 0x83, 0x08,
    0x83, 0x08, 0x83, 0x08, 0x83, 0x08, 0x63, 0x08, 0x63, 0x08, 0x63, 0x08, 0x62, 0x08, 0x62, 0x08,
    0x62, 0x00, 0x42, 0x00, 0x29, 0x83, 0x49, 0x8B, 0x49, 0x8B, 0x49, 0x8B, 0x49, 0x8B, 0x49, 0x8B,
    0x29, 0x83, 0x29, 0x83, 0x08, 0x7B, 0xC8, 0x7A, 0xA7, 0x72, 0x66, 0x6A, 0x46, 0x62, 0x25, 0x62,
    0x05, 0x5A, 0x06, 0x5A, 0xE5, 0x51, 0xC5, 0x49, 0x85, 0x41, 0x64, 0x39, 0x24, 0x31, 0x24, 0x29,
    0x24, 0x29, 0x24, 0x29, 0x24, 0x29, 0x25, 0x29, 0x04, 0x29, 0x92, 0xCD, 0xD6, 0xFE, 0xCE, 0xDC,
    0x6D, 0xC4, 0x8C, 0xD4, 0xEA, 0xD3, 0x68, 0xCB, 0x68, 0xCB, 0xC9, 0xD3, 0xAC, 0xDC, 0x8C, 0xD4,
    0x09, 0xB3, 0x8F, 0xD4, 0x93, 0xED, 0x15, 0xF6, 0x76, 0xFE, 0x97, 0xFE, 0xB8, 0xFE, 0xB8, 0xFE,
    0xB8, 0xFE, 0xB8, 0xFE, 0xB8, 0xFE, 0x98, 0xFE, 0x36, 0xF6, 0xF5, 0xF5, 0xD5, 0xF5, 0x73, 0xF5,
    0x12, 0xED, 0x11, 0xED, 0xB4, 0xF5, 0x98, 0xFE, 0xB8, 0xFE, 0x77, 0xFE, 0x97, 0xFE, 0x35, 0xFE,
    0xB3, 0xF5, 0x14, 0xFE, 0xF4, 0xF5, 0xF4, 0xFD, 0x53, 0xE5, 0x2F, 0xA4, 0x48, 0x62, 0xC3, 0x30,
    0x20, 0x18, 0x00, 0x00, 0x00, 0x00, 0xE4, 0x28, 0x8A, 0x62, 0xA6, 0x49, 0x24, 0x39, 0xE3, 0x28,
    0x46, 0x29, 0x41, 0x00, 0x00, 0x00, 0x86, 0x39, 0xC7, 0x41, 0xC3, 0x28, 0x29, 0x4A, 0x71, 0xC4,
    0x2F, 0xC4, 0x91, 0xC4, 0x91, 0xC4, 0x71, 0xC4, 0xB1, 0xC4, 0x14, 0xD5, 0x34, 0xC5, 0x29, 0x4A,
    0xC4, 0x10, 0xE5, 0x18, 0xE5, 0x10, 0xE5, 0x10, 0xE4, 0x10, 0xC4, 0x10, 0xC4, 0x10, 0xC4, 0x10,
    0xC4, 0x10, 0xC4, 0x10, 0xC4, 0x10, 0xC4, 0x10, 0xA4, 0x08, 0xC4, 0x10, 0xC4, 0x10, 0xC4, 0x10,
    0xA4, 0x10, 0xA4, 0x08, 0xA3, 0x08, 0x83, 0x08, 0x83, 0x08, 0x83, 0x08, 0x83, 0x08, 0x83, 0x08,
    0x83, 0x08, 0x83, 0x08, 0x83, 0x08, 0x83, 0x08, 0x63, 0x08, 0x63, 0x08, 0x63, 0x08, 0x63, 0x08,
    0x63, 0x08, 0x62, 0x08, 0x62, 0x08, 0x42, 0x00, 0x08, 0x7B, 0x29, 0x83, 0x29, 0x83, 0x29, 0x83,
    0x29, 0x83, 0x29, 0x83, 0x29, 0x83, 0x28, 0x83, 0xE8, 0x7A, 0xC7, 0x7A, 0x87, 0x72, 0x66, 0x6A,
    0x46, 0x62, 0x46, 0x62, 0x46, 0x62, 0x46, 0x62, 0x26, 0x5A, 0x06, 0x5A, 0xC5, 0x49, 0xA5, 0x41,
    0x65, 0x39, 0x64, 0x39, 0x44, 0x31, 0x44, 0x31, 0x25, 0x31, 0x24, 0x29, 0x65, 0x39, 0x8B, 0x93,
    0xCE, 0xC4, 0xC9, 0x72, 0xC6, 0x49, 0xA9, 0x72, 0xAB, 0x9B, 0x4C, 0xBC, 0xAD, 0xCC, 0x8A, 0x9B,
    0x6C, 0xB4, 0xF1, 0xF5, 0xEC, 0xC3, 0x11, 0xDD, 0xF4, 0xF5, 0x36, 0xF6, 0x77, 0xFE, 0xB7, 0xFE,
    0x97, 0xFE, 0xB8, 0xFE, 0x98, 0xFE, 0x97, 0xFE, 0x77, 0xFE, 0x77, 0xFE, 0x77, 0xFE, 0x36, 0xFE,
    0x36, 0xF6, 0xF5, 0xF5, 0xF5, 0xF5, 0x36, 0xFE, 0x56, 0xFE, 0x77, 0xFE, 0x57, 0xFE, 0x77, 0xFE,
    0x56, 0xFE, 0xD4, 0xF5, 0xB3, 0xF5, 0xF4, 0xFD, 0x93, 0xF5, 0xD4, 0xFD, 0xD1, 0xD4, 0x0B, 0x83,
    0xC7, 0x59, 0xC3, 0x30, 0x20, 0x10, 0x00, 0x00, 0x00, 0x00, 0x49, 0x52, 0xAE, 0x7B, 0x86, 0x41,
    0x24, 0x31, 0xC2, 0x28, 0x05, 0x21, 0x67, 0x29, 0x62, 0x10, 0xAB, 0x5A, 0x29, 0x52, 0xC3, 0x28,
    0x87, 0x31, 0xAF, 0xA3, 0xEE, 0xB3, 0x30, 0xBC, 0x50, 0xC4, 0x30, 0xBC, 0x30, 0xBC, 0x91, 0xC4,
    0x75, 0xD5, 0xCF, 0x93, 0x05, 0x19, 0xE5, 0x10, 0xE5, 0x10, 0xE4, 0x10, 0xC4, 0x10, 0xC4, 0x10,
    0xC4, 0x10, 0xC4, 0x10, 0xC4, 0x10, 0xC4, 0x10, 0xC4, 0x10, 0xC4, 0x10, 0xA4, 0x10, 0xA4, 0x10,
    0xC4, 0x10, 0xC4, 0x10, 0xA4, 0x10, 0xA4, 0x08, 0x83, 0x08, 0x83, 0x08, 0x83, 0x08, 0x83, 0x08,
    0x83, 0x08, 0x83, 0x08, 0x83, 0x08, 0x83, 0x08, 0x83, 0x08, 0x83, 0x08, 0x63, 0x08, 0x63, 0x08,
    0x63, 0x08, 0x63, 0x08, 0x63, 0x08, 0x62, 0x08, 0x62, 0x00, 0x42, 0x00, 0xE8, 0x7A, 0xE8, 0x7A,
    0x08, 0x83, 0x08, 0x7B, 0x08, 0x83, 0x08, 0x83, 0x08, 0x83, 0x08, 0x83, 0xE8, 0x7A, 0xC7, 0x7A,
    0x87, 0x72, 0x66, 0x6A, 0x46, 0x62, 0x46, 0x62, 0x66, 0x6A, 0x66, 0x6A, 0x46, 0x62, 0x26, 0x5A,
    0x06, 0x52, 0xC5, 0x49, 0xA5, 0x41, 0x85, 0x41, 0x65, 0x39, 0x65, 0x31, 0x45, 0x31, 0x45, 0x31,
    0x25, 0x29, 0x45, 0x31, 0x45, 0x31, 0xE4, 0x20, 0xE4, 0x20, 0x04, 0x21, 0xA6, 0x41, 0x47, 0x62,
    0xC6, 0x41, 0xC3, 0x20, 0x4D, 0xB4, 0x94, 0xFE, 0xCF, 0xDC, 0x72, 0xED, 0x15, 0xF6, 0x56, 0xFE,
    0x77, 0xFE, 0x97, 0xFE, 0x97, 0xFE, 0x97, 0xFE, 0x77, 0xFE, 0x36, 0xF6, 0x15, 0xF6, 0xF5, 0xF5,
    0xF5, 0xF5, 0xF5, 0xF5, 0xF5, 0xF5, 0xD5, 0xF5, 0xB4, 0xF5, 0xB4, 0xF5, 0xD5, 0xF5, 0xF5, 0xF5,
    0x15, 0xFE, 0x36, 0xFE, 0x36, 0xFE, 0xB3, 0xF5, 0x92, 0xF5, 0xD4, 0xFD, 0x52, 0xF5, 0xB3, 0xFD,
    0x6F, 0xC4, 0x89, 0x72, 0xE7, 0x51, 0x04, 0x31, 0xA2, 0x20, 0x41, 0x08, 0x66, 0x31, 0x34, 0xAD,
    0x8D, 0x7B, 0x45, 0x39, 0xE4, 0x28, 0xC3, 0x20, 0x82, 0x18, 0x67, 0x31, 0x87, 0x31, 0x86, 0x39,
    0x86, 0x41, 0xA3, 0x20, 0x25, 0x29, 0x2C, 0x8B, 0x6C, 0xA3, 0xAE, 0xAB, 0xEE, 0xB3, 0xEF, 0xBB,
    0xEF, 0xB3, 0x30, 0xB4, 0x13, 0xCD, 0x14, 0xBD, 0xC8, 0x39, 0xC4, 0x10, 0xE5, 0x10, 0xE5, 0x10,
    0xC4, 0x10, 0xC4, 0x10, 0xC4, 0x10, 0xC4, 0x10, 0xC4, 0x10, 0xC4, 0x10, 0xC4, 0x10, 0xC4, 0x10,
    0xA4, 0x08, 0xA4, 0x10, 0xC4, 0x10, 0xC4, 0x10, 0xA4, 0x08, 0xA4, 0x08, 0x83, 0x08, 0x83, 0x08,
    0x83, 0x08, 0x83, 0x08, 0x83, 0x08, 0x83, 0x08, 0x83, 0x08, 0x83, 0x08, 0x83, 0x08, 0x63, 0x08,
    0x63, 0x08, 0x63, 0x08, 0x63, 0x08, 0x63, 0x08, 0x63, 0x08, 0x62, 0x08, 0x62, 0x08, 0x42, 0x00,
    0xC8, 0x72, 0xC8, 0x7A, 0xE8, 0x7A, 0xC8, 0x7A, 0xC8, 0x7A, 0xE8, 0x7A, 0xE8, 0x7A, 0x08, 0x83,
    0xE8, 0x7A, 0xC7, 0x7A, 0x87, 0x6A, 0x66, 0x6A, 0x46, 0x62, 0x46, 0x62, 0x67, 0x6A, 0x67, 0x6A,
    0x47, 0x62, 0x46, 0x5A, 0x26, 0x5A, 0x06, 0x52, 0xE6, 0x49, 0xA5, 0x49, 0x85, 0x41, 0x65, 0x39,
    0x65, 0x39, 0x45, 0x31, 0x45, 0x31, 0x24, 0x29, 0x25, 0x29, 0x25, 0x29, 0x25, 0x29, 0x05, 0x21,
    0x05, 0x21, 0x05, 0x21, 0xE5, 0x18, 0x04, 0x29, 0x0F, 0xCD, 0xB5, 0xFE, 0x71, 0xE5, 0xD4, 0xF5,
    0x15, 0xF6, 0x56, 0xFE, 0x76, 0xFE, 0x77, 0xFE, 0x77, 0xFE, 0x56, 0xFE, 0x15, 0xF6, 0xD5, 0xF5,
    0xB4, 0xF5, 0x94, 0xF5, 0x94, 0xF5, 0x94, 0xF5, 0x73, 0xF5, 0x73, 0xF5, 0x94, 0xF5, 0xB4, 0xF5,
    0xB4, 0xF5, 0xB4, 0xF5, 0xD4, 0xF5, 0xD4, 0xF5, 0xF5, 0xF5, 0x93, 0xF5, 0x72, 0xF5, 0x93, 0xF5,
    0x11, 0xF5, 0x73, 0xFD, 0x4F, 0xCC, 0x48, 0x72, 0xC7, 0x51, 0x25, 0x39, 0x04, 0x31, 0x45, 0x39,
    0xCB, 0x62, 0xAE, 0x83, 0x08, 0x52, 0x24, 0x31, 0xE3, 0x28, 0xA2, 0x20, 0x82, 0x18, 0x82, 0x18,
    0xE4, 0x20, 0x25, 0x29, 0x04, 0x29, 0x82, 0x18, 0x04, 0x29, 0xAA, 0x82, 0xEA, 0x92, 0x2C, 0xA3,
    0x2C, 0xA3, 0x6D, 0xAB, 0xAE, 0xB3, 0xEF, 0xB3, 0x92, 0xBC, 0x55, 0xCD, 0xCC, 0x62, 0xC4, 0x10,
    0xE5, 0x10, 0xE5, 0x10, 0xC4, 0x10, 0xC4, 0x10, 0xC4, 0x10, 0xC4, 0x10, 0xC4, 0x10, 0xC4, 0x10,
    0xC4, 0x10, 0xC4, 0x10, 0xA4, 0x08, 0xA4, 0x10, 0xC4, 0x10, 0xC4, 0x10, 0xA4, 0x10, 0xA4, 0x08,
    0x83, 0x08, 0x83, 0x08, 0x83, 0x08, 0x83, 0x08, 0x83, 0x08, 0x83, 0x08, 0x83, 0x08, 0x83, 0x08,
    0x83, 0x08, 0x83, 0x08, 0x63, 0x08, 0x63, 0x08, 0x63, 0x08, 0x63, 0x08, 0x63, 0x08, 0x62, 0x08,
    0x62, 0x08, 0x42, 0x00, 0xA7, 0x72, 0xA8, 0x72, 0xC8, 0x72, 0xA7, 0x72, 0xA7, 0x72, 0xA7, 0x72,
    0xC7, 0x7A, 0xE8, 0x7A, 0xE8, 0x7A, 0xA7, 0x72, 0x87, 0x6A, 0x66, 0x62, 0x46, 0x62, 0x46, 0x62,
    0x46, 0x62, 0x46, 0x62, 0x46, 0x62, 0x46, 0x62, 0x26, 0x5A, 0x06, 0x52, 0xE6, 0x51, 0xC6, 0x49,
    0xA5, 0x41, 0x85, 0x41, 0x85, 0x39, 0x65, 0x39, 0x45, 0x31, 0x45, 0x31, 0x45, 0x31, 0x25, 0x29,
    0x25, 0x29, 0x25, 0x21, 0x05, 0x21, 0x05, 0x21, 0x05, 0x21, 0x65, 0x39, 0x70, 0xD5, 0xF6, 0xFE,
    0x13, 0xF6, 0x34, 0xF6, 0x35, 0xF6, 0x56, 0xFE, 0x36, 0xFE, 0x56, 0xFE, 0x36, 0xFE, 0x15, 0xF6,
    0xD5, 0xF5, 0xD4, 0xF5, 0x93, 0xF5, 0x73, 0xF5, 0x73, 0xF5, 0x73, 0xF5, 0x73, 0xF5, 0x73, 0xF5,
    0x73, 0xF5, 0x94, 0xF5, 0x73, 0xF5, 0x93, 0xF5, 0x93, 0xF5, 0x93, 0xF5, 0x93, 0xF5, 0x31, 0xED,
    0x32, 0xED, 0x72, 0xF5, 0xF0, 0xEC, 0x32, 0xF5, 0xB0, 0xDC, 0xE7, 0x69, 0x65, 0x49, 0x45, 0x39,
    0x24, 0x31, 0x45, 0x31, 0xC7, 0x49, 0xC7, 0x49, 0x86, 0x41, 0x04, 0x31, 0xA2, 0x20, 0xA2, 0x20,
    0x82, 0x20, 0x82, 0x18, 0x82, 0x18, 0xA3, 0x20, 0xA3, 0x20, 0x41, 0x10, 0x45, 0x41, 0x07, 0x7A,
    0x48, 0x82, 0xAA, 0x92, 0x0B, 0x9B, 0x2C, 0xA3, 0x4D, 0xA3, 0xAE, 0xAB, 0x30, 0xB4, 0x14, 0xC5,
    0x4E, 0x7B, 0xE5, 0x18, 0xE5, 0x10, 0xE5, 0x10, 0xE4, 0x10, 0xC4, 0x10, 0xC4, 0x10, 0xC4, 0x10,
    0xC4, 0x10, 0xC4, 0x10, 0xC4, 0x10, 0xC4, 0x10, 0xA4, 0x10, 0xA4, 0x10, 0xA4, 0x10, 0xA4, 0x10,
    0xA4, 0x10, 0xA4, 0x08, 0x83, 0x08, 0x83, 0x08, 0x83, 0x08, 0x83, 0x08, 0x83, 0x08, 0x83, 0x08,
    0x83, 0x08, 0x83, 0x08, 0x83, 0x08, 0x83, 0x08, 0x63, 0x08, 0x83, 0x08, 0x63, 0x08, 0x63, 0x08,
    0x63, 0x08, 0x62, 0x08, 0x42, 0x08, 0x42, 0x08, 0x87, 0x6A, 0x87, 0x6A, 0xA7, 0x6A, 0x87, 0x6A,
    0x87, 0x6A, 0x87, 0x6A, 0xA7, 0x72, 0xC7, 0x7A, 0xC7, 0x7A, 0xA7, 0x72, 0x67, 0x6A, 0x46, 0x62,
    0x46, 0x62, 0x46, 0x62, 0x26, 0x62, 0x46, 0x62, 0x46, 0x62, 0x47, 0x62, 0x26, 0x5A, 0x26, 0x5A,
    0x06, 0x52, 0xE6, 0x51, 0xC6, 0x49, 0xA5, 0x41, 0x85, 0x41, 0x85, 0x39, 0x65, 0x39, 0x65, 0x31,
    0x45, 0x31, 0x45, 0x29, 0x25, 0x29, 0x25, 0x29, 0x25, 0x21, 0x25, 0x21, 0x05, 0x21, 0xA6, 0x41,
    0xB2, 0xDD, 0x17, 0xFF, 0x75, 0xFE, 0x55, 0xFE, 0x35, 0xF6, 0x35, 0xF6, 0x15, 0xF6, 0x36, 0xFE,
    0xF5, 0xF5, 0xD4, 0xF5, 0xD5, 0xF5, 0x93, 0xF5, 0x93, 0xF5, 0x94, 0xF5, 0x73, 0xF5, 0x73, 0xF5,
    0x93, 0xF5, 0x73, 0xF5, 0x73, 0xF5, 0x53, 0xF5, 0x73, 0xF5, 0x73, 0xF5, 0x32, 0xED, 0x52, 0xED,
    0x32, 0xED, 0xD0, 0xE4, 0xF0, 0xEC, 0x52, 0xF5, 0xF0, 0xEC, 0xD0, 0xEC, 0xF1, 0xEC, 0x47, 0x8A,
    0x03, 0x41, 0x24, 0x39, 0x04, 0x31, 0xC3, 0x28, 0x45, 0x39, 0x45, 0x39, 0x24, 0x39, 0xA3, 0x28,
    0x62, 0x20, 0x82, 0x28, 0x82, 0x28, 0x82, 0x20, 0x61, 0x18, 0x41, 0x10, 0x20, 0x10, 0xE3, 0x28,
    0x49, 0x72, 0xA5, 0x69, 0xE6, 0x71, 0x28, 0x82, 0x8A, 0x8A, 0xEB, 0x9A, 0x2C, 0x9B, 0x8D, 0xA3,
    0xCF, 0xAB, 0xF4, 0xC4, 0x8F, 0x83, 0xC5, 0x10, 0xE5, 0x10, 0xE5, 0x10, 0xE4, 0x10, 0xC4, 0x10,
    0xC5, 0x10, 0xE5, 0x10, 0xC4, 0x10, 0xC4, 0x10, 0xC4, 0x10, 0xC4, 0x10, 0xA4, 0x10, 0xA4, 0x10,
    0xC4, 0x10, 0xC4, 0x10, 0xA4, 0x08, 0x83, 0x08, 0x83, 0x08, 0x83, 0x08, 0x83, 0x08, 0x83, 0x08,
    0x83, 0x08, 0x83, 0x08, 0x83, 0x08, 0x83, 0x08, 0x83, 0x08, 0x83, 0x08, 0x63, 0x08, 0x63, 0x08,
    0x63, 0x08, 0x63, 0x08, 0x63, 0x08, 0x62, 0x08, 0x42, 0x08, 0x62, 0x08, 0x67, 0x6A, 0x67, 0x6A,
    0x87, 0x6A, 0x67, 0x6A, 0x67, 0x6A, 0x67, 0x6A, 0x87, 0x6A, 0xA7, 0x72, 0xC7, 0x72, 0x87, 0x72,
    0x66, 0x6A, 0x46, 0x62, 0x46, 0x62, 0x26, 0x5A, 0x26, 0x5A, 0x26, 0x5A, 0x46, 0x5A, 0x46, 0x5A,
    0x26, 0x5A, 0x26, 0x5A, 0x06, 0x52, 0x06, 0x52, 0xE6, 0x51, 0xC6, 0x49, 0xA5, 0x41, 0xA5, 0x41,
    0x85, 0x39, 0x65, 0x39, 0x65, 0x31, 0x45, 0x31, 0x45, 0x31, 0x25, 0x29, 0x25, 0x29, 0x25, 0x29,
    0x05, 0x21, 0xA6, 0x41, 0x13, 0xE6, 0x37, 0xFF, 0x95, 0xFE, 0x75, 0xFE, 0x35, 0xF6, 0x15, 0xF6,
    0x15, 0xF6, 0xF5, 0xF5, 0xB4, 0xF5, 0xB4, 0xF5, 0x93, 0xF5, 0x73, 0xF5, 0x94, 0xF5, 0x73, 0xF5,
    0x73, 0xF5, 0x93, 0xF5, 0x52, 0xF5, 0xF1, 0xEC, 0x11, 0xED, 0x53, 0xED, 0x32, 0xED, 0x12, 0xED,
    0x11, 0xED, 0x11, 0xED, 0x11, 0xE5, 0x6E, 0xDC, 0x4E, 0xDC, 0x11, 0xED, 0x8F, 0xEC, 0x4E, 0xE4,
    0x8F, 0xE4, 0x8C, 0xC3, 0x23, 0x59, 0xA2, 0x30, 0xC2, 0x28, 0xC3, 0x28, 0xE3, 0x30, 0xA2, 0x28,
    0x82, 0x20, 0x61, 0x20, 0x61, 0x20, 0x81, 0x30, 0x81, 0x28, 0x61, 0x20, 0x61, 0x20, 0x40, 0x20,
    0x03, 0x39, 0x4D, 0x8B, 0x48, 0x7A, 0x64, 0x61, 0xA6, 0x69, 0xE7, 0x79, 0x48, 0x82, 0x8A, 0x8A,
    0x0B, 0x9B, 0x6D, 0x9B, 0x8E, 0xA3, 0x92, 0xBC, 0x10, 0x94, 0xE5, 0x18, 0xE5, 0x10, 0xE5, 0x10,
    0xE5, 0x10, 0xE5, 0x10, 0xE5, 0x10, 0xE5, 0x10, 0xC4, 0x10, 0xC4, 0x10, 0xC4, 0x10, 0xC4, 0x10,
    0xA4, 0x10, 0xC4, 0x10, 0xC4, 0x10, 0xA4, 0x10, 0xA4, 0x08, 0x83, 0x08, 0x83, 0x08, 0x83, 0x08,
    0x83, 0x08, 0x83, 0x08, 0x83, 0x08, 0x83, 0x08, 0x83, 0x08, 0x83, 0x08, 0x83, 0x08, 0x83, 0x08,
    0x83, 0x08, 0x83, 0x08, 0x63, 0x08, 0x63, 0x08, 0x62, 0x08, 0x62, 0x08, 0x42, 0x08, 0x62, 0x08,
    0x46, 0x62, 0x46, 0x62, 0x66, 0x6A, 0x66, 0x62, 0x66, 0x62, 0x66, 0x62, 0x87, 0x6A, 0xA7, 0x72,
    0xA7, 0x72, 0x67, 0x6A, 0x46, 0x62, 0x46, 0x62, 0x26, 0x62, 0x06, 0x5A, 0x06, 0x52, 0x06, 0x5A,
    0x26, 0x5A, 0x26, 0x5A, 0x06, 0x5A, 0x06, 0x52, 0x06, 0x52, 0x06, 0x52, 0xE6, 0x51, 0xE6, 0x49,
    0xC6, 0x49, 0xA5, 0x41, 0x85, 0x41, 0x85, 0x39, 0x65, 0x39, 0x65, 0x31, 0x45, 0x31, 0x45, 0x29,
    0x25, 0x29, 0x45, 0x29, 0x05, 0x21, 0xC6, 0x49, 0xF2, 0xE5, 0x58, 0xFF, 0xF6, 0xFE, 0xB6, 0xFE,
    0x35, 0xF6, 0xF5, 0xF5, 0xD4, 0xF5, 0x93, 0xF5, 0x93, 0xF5, 0x93, 0xF5, 0x73, 0xED, 0x52, 0xED,
    0x53, 0xED, 0x53, 0xED, 0x73, 0xF5, 0x73, 0xF5, 0x32, 0xED, 0x32, 0xED, 0x32, 0xED, 0xF1, 0xEC,
    0xF1, 0xEC, 0xF1, 0xE4, 0x12, 0xE5, 0xD0, 0xE4, 0xD0, 0xDC, 0x4E, 0xD4, 0xAC, 0xCB, 0x6E, 0xDC,
    0x6F, 0xE4, 0x2E, 0xDC, 0xED, 0xD3, 0xCD, 0xD3, 0x68, 0xA2, 0xE2, 0x50, 0x81, 0x30, 0x81, 0x30,
    0x81, 0x28, 0x81, 0x28, 0x81, 0x28, 0xA1, 0x30, 0xC2, 0x40, 0xC2, 0x40, 0xC1, 0x40, 0xE2, 0x48,
    0xE2, 0x48, 0xE7, 0x69, 0xAE, 0x9B, 0xEC, 0x8A, 0x65, 0x61, 0x44, 0x61, 0x85, 0x69, 0xC6, 0x71,
    0x07, 0x7A, 0x69, 0x8A, 0xCB, 0x92, 0x2C, 0x93, 0xAE, 0xA3, 0x92, 0xBC, 0xD0, 0x8B, 0x05, 0x19,
    0xE5, 0x10, 0xE5, 0x18, 0xE5, 0x10, 0xE5, 0x10, 0xE4, 0x10, 0xE4, 0x10, 0xC4, 0x10, 0xC4, 0x10,
    0xC4, 0x10, 0xC4, 0x10, 0xC4, 0x10, 0xC4, 0x10, 0xC4, 0x10, 0xA4, 0x10, 0xA3, 0x08, 0x83, 0x08,
    0x83, 0x08, 0x83, 0x08, 0x83, 0x08, 0x83, 0x08, 0x83, 0x08, 0x83, 0x08, 0x83, 0x08, 0x83, 0x08,
    0x83, 0x08, 0x83, 0x08, 0x83, 0x08, 0x83, 0x08, 0x63, 0x08, 0x63, 0x08, 0x62, 0x08, 0x62, 0x08,
    0x42, 0x08, 0x62, 0x08, 0x46, 0x62, 0x46, 0x62, 0x46, 0x62, 0x46, 0x62, 0x46, 0x62, 0x46, 0x62,
    0x66, 0x6A, 0x67, 0x6A, 0x67, 0x6A, 0x66, 0x6A, 0x26, 0x5A, 0x06, 0x5A, 0x06, 0x5A, 0x06, 0x52,
    0xE6, 0x51, 0x06, 0x52, 0x06, 0x52, 0x06, 0x52, 0x06, 0x52, 0x06, 0x52, 0x06, 0x52, 0x06, 0x52,
    0xE6, 0x51, 0xE6, 0x49, 0xC6, 0x49, 0xA5, 0x41, 0xA5, 0x41, 0x85, 0x39, 0x65, 0x39, 0x65, 0x31,
    0x65, 0x31, 0x45, 0x31, 0x45, 0x29, 0x45, 0x29, 0x25, 0x29, 0xE6, 0x51, 0x91, 0xD5, 0x79, 0xFF,
    0x17, 0xFF, 0xB6, 0xFE, 0x14, 0xF6, 0xD4, 0xF5, 0x93, 0xF5, 0x73, 0xF5, 0x53, 0xED, 0x11, 0xED,
    0x12, 0xED, 0x11, 0xED, 0x32, 0xED, 0x32, 0xED, 0x53, 0xED, 0x32, 0xED, 0xF1, 0xEC, 0x12, 0xED,
    0xD1, 0xE4, 0xD0, 0xE4, 0xD1, 0xE4, 0xF1, 0xE4, 0xB0, 0xE4, 0x8F, 0xDC, 0x8F, 0xDC, 0x0D, 0xCC,
    0xAC, 0xC3, 0xAC, 0xCB, 0x0D, 0xD4, 0xED, 0xD3, 0xCC, 0xCB, 0x6B, 0xC3, 0x0A, 0xBB, 0xE5, 0x91,
    0x02, 0x69, 0xC1, 0x50, 0xC1, 0x50, 0xE2, 0x50, 0xE2, 0x50, 0xA1, 0x40, 0x81, 0x38, 0xC2, 0x58,
    0x02, 0x69, 0x23, 0x69, 0xE6, 0x79, 0x6D, 0x9B, 0x2C, 0x93, 0xA6, 0x69, 0x24, 0x59, 0x44, 0x61,
    0x64, 0x69, 0xA6, 0x71, 0x07, 0x7A, 0x48, 0x82, 0xAA, 0x8A, 0x0C, 0x93, 0xAE, 0xA3, 0xB2, 0xBC,
    0x4E, 0x7B, 0xC4, 0x10, 0xE5, 0x10, 0xE5, 0x10, 0xE5, 0x10, 0xE5, 0x10, 0xE4, 0x10, 0xE4, 0x10,
    0xE4, 0x10, 0xC4, 0x10, 0xC4, 0x10, 0xC4, 0x10, 0xC4, 0x10, 0xC4, 0x10, 0xC4, 0x10, 0xA4, 0x08,
    0xA3, 0x08, 0xA3, 0x08, 0xA3, 0x08, 0xA3, 0x08, 0x83, 0x08, 0x83, 0x08, 0x83, 0x08, 0x83, 0x08,
    0x83, 0x08, 0x83, 0x08, 0x83, 0x08, 0x83, 0x08, 0x83, 0x08, 0x83, 0x08, 0x63, 0x08, 0x63, 0x08,
    0x62, 0x08, 0x62, 0x08, 0x62, 0x08, 0x42, 0x00, 0x26, 0x5A, 0x26, 0x5A, 0x26, 0x62, 0x26, 0x62,
    0x46, 0x62, 0x26, 0x62, 0x46, 0x62, 0x66, 0x6A, 0xE7, 0x7A, 0x48, 0x8B, 0x89, 0x9B, 0x48, 0x93,
    0xA6, 0x72, 0xE5, 0x51, 0xE5, 0x49, 0xE5, 0x51, 0xE6, 0x51, 0x06, 0x52, 0x06, 0x52, 0x06, 0x52,
    0x06, 0x52, 0xE6, 0x51, 0xE6, 0x49, 0xC6, 0x49, 0xC6, 0x41, 0xA5, 0x41, 0xA5, 0x41, 0x85, 0x39,
    0x85, 0x39, 0x65, 0x39, 0x65, 0x31, 0x45, 0x31, 0x45, 0x29, 0x45, 0x29, 0x45, 0x29, 0x65, 0x39,
    0x0F, 0xC5, 0x99, 0xFF, 0xF7, 0xFE, 0x95, 0xFE, 0x54, 0xF6, 0xD3, 0xF5, 0x52, 0xED, 0x52, 0xED,
    0x32, 0xED, 0x11, 0xED, 0x11, 0xED, 0x11, 0xED, 0x11, 0xED, 0x11, 0xED, 0xF1, 0xEC, 0xF1, 0xEC,
    0xF1, 0xEC, 0xF1, 0xEC, 0xB0, 0xE4, 0xB0, 0xE4, 0x90, 0xDC, 0x6F, 0xDC, 0x6F, 0xD4, 0x4E, 0xD4,
    0x0D, 0xCC, 0xAC, 0xC3, 0x8C, 0xC3, 0x8C, 0xBB, 0x8B, 0xC3, 0x6B, 0xC3, 0x6B, 0xC3, 0x4A, 0xBB,
    0xC9, 0xAA, 0x26, 0x9A, 0x84, 0x81, 0x43, 0x81, 0x22, 0x71, 0x81, 0x38, 0x20, 0x10, 0x00, 0x00,
    0x00, 0x00, 0x20, 0x10, 0x81, 0x50, 0x02, 0x69, 0x07, 0x7A, 0x89, 0x82, 0xC6, 0x71, 0x44, 0x61,
    0x43, 0x61, 0x43, 0x61, 0x64, 0x61, 0xA5, 0x69, 0xE7, 0x71, 0x48, 0x7A, 0x89, 0x82, 0x0B, 0x93,
    0xAF, 0xA3, 0xD3, 0xBC, 0xEC, 0x6A, 0xA4, 0x10, 0xE5, 0x18, 0xE5, 0x10, 0xE5, 0x10, 0xE5, 0x10,
    0xC4, 0x10, 0xC4, 0x10, 0xC4, 0x10, 0xC4, 0x10, 0xC4, 0x10, 0xC4, 0x10, 0xC4, 0x10, 0xC4, 0x10,
    0xA4, 0x10, 0xA4, 0x08, 0xA4, 0x08, 0xA3, 0x08, 0xA3, 0x08, 0xA3, 0x08, 0xA3, 0x08, 0xA4, 0x08,
    0xA4, 0x10, 0xA3, 0x08, 0x83, 0x08, 0x83, 0x08, 0x83, 0x08, 0x83, 0x08, 0x83, 0x08, 0x83, 0x08,
    0x63, 0x08, 0x63, 0x08, 0x62, 0x08, 0x62, 0x08, 0x62, 0x00, 0x42, 0x00, 0x05, 0x5A, 0x25, 0x5A,
    0x25, 0x5A, 0x25, 0x5A, 0x25, 0x5A, 0x26, 0x5A, 0xC7, 0x82, 0xC9, 0xA3, 0x8B, 0xC4, 0x0D, 0xCD,
    0x6E, 0xDD, 0xEC, 0xCC, 0xC9, 0xAB, 0x46, 0x62, 0xC5, 0x49, 0xE5, 0x49, 0xE5, 0x49, 0xE6, 0x51,
    0xE6, 0x51, 0xE5, 0x51, 0xE6, 0x49, 0xE6, 0x49, 0xC6, 0x49, 0xC5, 0x41, 0xC5, 0x41, 0xA5, 0x41,
    0xA5, 0x41, 0x85, 0x39, 0x85, 0x39, 0x85, 0x39, 0x65, 0x31, 0x45, 0x31, 0x45, 0x31, 0x45, 0x29,
    0x65, 0x29, 0x44, 0x31, 0xCF, 0xBC, 0x99, 0xFF, 0xF6, 0xFE, 0x95, 0xFE, 0x34, 0xF6, 0x92, 0xED,
    0x31, 0xED, 0x52, 0xED, 0x11, 0xED, 0xF1, 0xE4, 0xD0, 0xE4, 0xD0, 0xE4, 0xF1, 0xE4, 0xF1, 0xEC,
    0xF1, 0xE4, 0xD1, 0xE4, 0xB0, 0xE4, 0x90, 0xE4, 0x8F, 0xDC, 0x4E, 0xDC, 0x2E, 0xD4, 0x2E, 0xD4,
    0x0E, 0xD4, 0xED, 0xCB, 0xCD, 0xC3, 0x6B, 0xBB, 0x4B, 0xB3, 0x2A, 0xB3, 0x2A, 0xB3, 0xE9, 0xAA,
    0xE9, 0xAA, 0x88, 0xA2, 0x67, 0x9A, 0x26, 0x9A, 0x84, 0x79, 0xC2, 0x40, 0x20, 0x10, 0x00, 0x00,
    0x00, 0x00, 0x00, 0x00, 0x00, 0x00, 0x00, 0x00, 0x00, 0x08, 0x81, 0x48, 0x64, 0x69, 0x85, 0x69,
    0x44, 0x61, 0x43, 0x61, 0x43, 0x61, 0x43, 0x61, 0x43, 0x61, 0x84, 0x69, 0xE6, 0x71, 0x48, 0x7A,
    0xAA, 0x82, 0x0C, 0x93, 0xCF, 0xA3, 0x92, 0xB4, 0x4A, 0x52, 0xC4, 0x10, 0xE5, 0x18, 0xE5, 0x18,
    0xE5, 0x10, 0xC4, 0x10, 0xC4, 0x10, 0xC4, 0x10, 0xC4, 0x10, 0xC4, 0x10, 0xC4, 0x10, 0xC4, 0x10,
    0xC4, 0x10, 0xC4, 0x10, 0xA4, 0x08, 0xA4, 0x08, 0xA4, 0x08, 0xA4, 0x08, 0xA4, 0x08, 0xA4, 0x08,
    0xA4, 0x08, 0xA4, 0x10, 0xA4, 0x10, 0xA4, 0x10, 0xA3, 0x10, 0x83, 0x08, 0x83, 0x08, 0x83, 0x08,
    0x83, 0x08, 0x83, 0x08, 0x63, 0x08, 0x63, 0x08, 0x62, 0x08, 0x62, 0x00, 0x62, 0x00, 0x42, 0x00,
    0xE5, 0x51, 0x05, 0x52, 0x05, 0x52, 0x05, 0x52, 0x05, 0x52, 0x66, 0x6A, 0xC9, 0xAB, 0xAB, 0xCC,
    0x8E, 0xDD, 0xD0, 0xED, 0x10, 0xEE, 0x8E, 0xE5, 0x6A, 0xC4, 0x86, 0x72, 0xC5, 0x49, 0xC5, 0x49,
    0xE5, 0x49, 0xE5, 0x51, 0xE5, 0x49, 0xE6, 0x49, 0xC5, 0x49, 0xC6, 0x49, 0xC6, 0x49, 0xA5, 0x41,
    0xA5, 0x41, 0xA5, 0x41, 0x85, 0x41, 0x85, 0x39, 0x85, 0x39, 0x65, 0x39, 0x65, 0x31, 0x45, 0x31,
    0x45, 0x31, 0x65, 0x31, 0x65, 0x31, 0x25, 0x29, 0x2D, 0xA4, 0x79, 0xFF, 0x17, 0xFF, 0x74, 0xFE,
    0x34, 0xF6, 0x92, 0xED, 0x51, 0xED, 0x31, 0xE5, 0xF0, 0xE4, 0xD0, 0xE4, 0x90, 0xE4, 0xD0, 0xE4,
    0xD0, 0xE4, 0x8F, 0xE4, 0x6F, 0xDC, 0x6F, 0xDC, 0x4F, 0xDC, 0x6F, 0xDC, 0x2E, 0xD4, 0xED, 0xD3,
    0x0E, 0xD4, 0xED, 0xCB, 0x8C, 0xC3, 0x8C, 0xC3, 0x4B, 0xB3, 0x2A, 0xB3, 0xEA, 0xAA, 0xC9, 0xA2,
    0xA8, 0xA2, 0x88, 0x9A, 0x67, 0x9A, 0x27, 0x92, 0xE6, 0x89, 0x03, 0x59, 0x20, 0x18, 0x00, 0x00,
    0x00, 0x00, 0x00, 0x08, 0x00, 0x10, 0x00, 0x10, 0x00, 0x08, 0x00, 0x00, 0x20, 0x10, 0x41, 0x30,
    0xA1, 0x50, 0x23, 0x61, 0x43, 0x61, 0x43, 0x61, 0x43, 0x61, 0x43, 0x61, 0x64, 0x61, 0x84, 0x69,
    0xE6, 0x71, 0x48, 0x82, 0xCA, 0x8A, 0x2C, 0x93, 0x10, 0xAC, 0xF0, 0x9B, 0x46, 0x29, 0xE5, 0x10,
    0xE5, 0x10, 0xE5, 0x10, 0xC4, 0x10, 0xC4, 0x10, 0xC4, 0x10, 0xC4, 0x10, 0xC4, 0x10, 0xC4, 0x10,
    0xC4, 0x10, 0xC4, 0x10, 0xA4, 0x10, 0xC4, 0x10, 0xA4, 0x08, 0xA4, 0x08, 0xA4, 0x08, 0xA4, 0x08,
    0xA4, 0x08, 0xA4, 0x08, 0xA4, 0x08, 0xA4, 0x10, 0xA4, 0x10, 0xA4, 0x10, 0x83, 0x08, 0x83, 0x08,
    0x83, 0x08, 0x83, 0x08, 0x83, 0x08, 0x83, 0x08, 0x63, 0x08, 0x63, 0x08, 0x62, 0x08, 0x62, 0x08,
    0x62, 0x00, 0x62, 0x00, 0xE5, 0x49, 0xC5, 0x49, 0xC5, 0x49, 0xE5, 0x51, 0xE5, 0x51, 0x66, 0x6A,
    0x09, 0xB4, 0x0C, 0xD5, 0xAE, 0xE5, 0xCF, 0xED, 0xEF, 0xED, 0x4D, 0xDD, 0x09, 0xBC, 0x45, 0x6A,
    0xA5, 0x49, 0xC5, 0x49, 0xC5, 0x49, 0xC5, 0x49, 0xC5, 0x49, 0xC5, 0x49, 0xC5, 0x49, 0xA5, 0x41,
    0xA5, 0x41, 0xA5, 0x41, 0xA5, 0x41, 0xA5, 0x39, 0x85, 0x39, 0x65, 0x39, 0x65, 0x31, 0x65, 0x31,
    0x65, 0x31, 0x65, 0x31, 0x65, 0x31, 0x44, 0x29, 0x04, 0x21, 0xC6, 0x39, 0x4A, 0x8B, 0xB6, 0xF6,
    0x38, 0xFF, 0x74, 0xFE, 0x13, 0xF6, 0x71, 0xED, 0x31, 0xE5, 0xF0, 0xE4, 0xB0, 0xE4, 0xB0, 0xDC,
    0x90, 0xDC, 0x8F, 0xDC, 0x6F, 0xDC, 0x2E, 0xD4, 0x2E, 0xD4, 0x2E, 0xD4, 0x0E, 0xD4, 0x0E, 0xD4,
    0x0E, 0xD4, 0xCD, 0xCB, 0xCD, 0xCB, 0x6B, 0xBB, 0x6B, 0xBB, 0x2A, 0xB3, 0x0A, 0xAB, 0xA8, 0xA2,
    0xA8, 0x9A, 0x88, 0x9A, 0x47, 0x92, 0x06, 0x8A, 0xE5, 0x81, 0x84, 0x79, 0x81, 0x48, 0x41, 0x28,
    0xC3, 0x40, 0x24, 0x59, 0xE3, 0x50, 0x81, 0x40, 0x61, 0x40, 0x41, 0x38, 0x61, 0x38, 0x82, 0x48,
    0x08, 0x72, 0x86, 0x69, 0xC2, 0x50, 0xE2, 0x50, 0x23, 0x61, 0x43, 0x61, 0x43, 0x61, 0x43, 0x61,
    0x64, 0x69, 0xA5, 0x69, 0xE6, 0x79, 0x69, 0x82, 0xEB, 0x8A, 0x4D, 0x9B, 0x51, 0xB4, 0xAB, 0x6A,
    0xC4, 0x10, 0xE5, 0x10, 0xE4, 0x10, 0xC4, 0x10, 0xC4, 0x10, 0xC4, 0x10, 0xC4, 0x10, 0xC4, 0x10,
    0xA4, 0x10, 0xC4, 0x10, 0xC4, 0x10, 0xC4, 0x10, 0xA4, 0x10, 0xA4, 0x10, 0xA4, 0x10, 0xA4, 0x10,
    0xA4, 0x10, 0xA4, 0x08, 0x83, 0x08, 0xA4, 0x08, 0xA4, 0x08, 0xA4, 0x08, 0xA4, 0x08, 0xA3, 0x08,
    0x83, 0x08, 0x83, 0x08, 0x83, 0x08, 0x83, 0x08, 0x83, 0x08, 0x63, 0x08, 0x63, 0x08, 0x63, 0x08,
    0x62, 0x08, 0x62, 0x00, 0x62, 0x00, 0x62, 0x08, 0xA4, 0x49, 0xA4, 0x49, 0xA4, 0x49, 0xC5, 0x49,
    0xC5, 0x49, 0x25, 0x62, 0xC8, 0xAB, 0xCB, 0xD4, 0x0C, 0xDD, 0x0C, 0xDD, 0x0C, 0xDD, 0x6A, 0xCC,
    0x47, 0xA3, 0x05, 0x5A, 0xA5, 0x49, 0xC5, 0x49, 0xC5, 0x49, 0xC5, 0x49, 0xA5, 0x41, 0xA5, 0x41,
    0xA5, 0x41, 0xA5, 0x41, 0x85, 0x41, 0x85, 0x41, 0x85, 0x39, 0x85, 0x39, 0x65, 0x31, 0x45, 0x31,
    0x45, 0x31, 0x65, 0x31, 0x65, 0x31, 0x65, 0x31, 0x45, 0x31, 0x86, 0x39, 0x12, 0xB5, 0x95, 0xEE,
    0x34, 0xEE, 0xB6, 0xF6, 0x38, 0xFF, 0x54, 0xF6, 0xD2, 0xF5, 0x71, 0xED, 0x30, 0xE5, 0xCF, 0xDC,
    0x8F, 0xDC, 0x6F, 0xDC, 0x4F, 0xDC, 0x4E, 0xD4, 0x0D, 0xD4, 0xED, 0xD3, 0x0D, 0xD4, 0xED, 0xD3,
    0xED, 0xCB, 0xED, 0xCB, 0xAC, 0xC3, 0xAC, 0xC3, 0x8B, 0xBB, 0x4B, 0xBB, 0x0A, 0xB3, 0x0A, 0xAB,
    0xA8, 0xA2, 0x67, 0x9A, 0x47, 0x92, 0x26, 0x8A, 0xE6, 0x81, 0xA5, 0x79, 0x23, 0x69, 0xE2, 0x60,
    0x06, 0x8A, 0x0A, 0xB3, 0x6C, 0xBB, 0x4C, 0xBB, 0xEA, 0xB2, 0x48, 0xAA, 0xC6, 0x91, 0x44, 0x81,
    0x03, 0x79, 0x23, 0x71, 0x07, 0x7A, 0x07, 0x7A, 0x85, 0x69, 0x23, 0x59, 0x02, 0x59, 0x43, 0x61,
    0x64, 0x69, 0x63, 0x69, 0x84, 0x69, 0xC6, 0x71, 0x07, 0x7A, 0x89, 0x82, 0xEB, 0x92, 0xCE, 0xA3,
    0x10, 0xA4, 0x87, 0x31, 0xC4, 0x10, 0xE5, 0x10, 0xC4, 0x10, 0xC4, 0x10, 0xC4, 0x10, 0xC4, 0x10,
    0xC4, 0x10, 0xA4, 0x10, 0xC4, 0x10, 0xC4, 0x10, 0xC4, 0x10, 0xC4, 0x10, 0xA4, 0x10, 0xA4, 0x10,
    0xA4, 0x10, 0xA4, 0x10, 0xA4, 0x08, 0xA4, 0x08, 0xA4, 0x08, 0xA4, 0x08, 0xA4, 0x08, 0xA3, 0x08,
    0xA3, 0x08, 0xA3, 0x08, 0x83, 0x08, 0x83, 0x08, 0x83, 0x08, 0x83, 0x08, 0x83, 0x08, 0x83, 0x08,
    0x83, 0x08, 0x63, 0x08, 0x63, 0x08, 0x62, 0x08, 0x62, 0x00, 0x62, 0x00, 0xA4, 0x41, 0x84, 0x41,
    0x84, 0x41, 0xA4, 0x49, 0xA4, 0x41, 0x05, 0x62, 0x68, 0xA3, 0x4A, 0xC4, 0x8B, 0xCC, 0x6A, 0xCC,
    0x29, 0xC4, 0xA8, 0xB3, 0xA6, 0x8A, 0xC5, 0x51, 0xA5, 0x41, 0xC5, 0x49, 0xC5, 0x49, 0xC5, 0x49,
    0xA5, 0x41, 0x85, 0x39, 0x65, 0x39, 0x85, 0x39, 0x85, 0x39, 0x85, 0x39, 0x65, 0x39, 0x65, 0x31,
    0x45, 0x31, 0x45, 0x31, 0x45, 0x31, 0x65, 0x31, 0x65, 0x31, 0x85, 0x39, 0x24, 0x29, 0xD1, 0xAC,
    0xF2, 0xED, 0x28, 0x93, 0x0B, 0xAC, 0xD1, 0xE5, 0x17, 0xFF, 0x94, 0xFE, 0x13, 0xF6, 0x71, 0xE5,
    0xF0, 0xDC, 0x8F, 0xD4, 0x6E, 0xD4, 0x4E, 0xD4, 0x4E, 0xD4, 0x2E, 0xD4, 0xCD, 0xCB, 0xED, 0xCB,
    0xED, 0xCB, 0xAC, 0xC3, 0x8C, 0xC3, 0x6B, 0xC3, 0x4B, 0xBB, 0x4B, 0xBB, 0x2A, 0xB3, 0x0A, 0xB3,
    0xE9, 0xAA, 0xA8, 0x9A, 0x67, 0x92, 0x47, 0x92, 0x26, 0x8A, 0xE5, 0x81, 0xA4, 0x79, 0x43, 0x69,
    0x84, 0x71, 0x88, 0x9A, 0x4B, 0xB3, 0x8C, 0xBB, 0x4B, 0xB3, 0xE9, 0xB2, 0x87, 0xA2, 0x06, 0x9A,
    0x84, 0x89, 0x43, 0x79, 0x43, 0x79, 0xA5, 0x79, 0x28, 0x7A, 0x48, 0x7A, 0xC6, 0x71, 0x64, 0x61,
    0x43, 0x61, 0x43, 0x61, 0x64, 0x69, 0x84, 0x69, 0xA5, 0x71, 0xE6, 0x79, 0x48, 0x7A, 0x89, 0x82,
    0x4C, 0x9B, 0x30, 0xAC, 0xAB, 0x62, 0xC4, 0x10, 0xC4, 0x10, 0xC4, 0x10, 0xC4, 0x10, 0xC4, 0x10,
    0xC4, 0x10, 0xA4, 0x10, 0xA4, 0x10, 0xC4, 0x10, 0xC4, 0x10, 0xC4, 0x10, 0xC4, 0x18, 0xC4, 0x10,
    0xC4, 0x10, 0xC4, 0x10, 0xA4, 0x10, 0xA4, 0x10, 0xA4, 0x08, 0xA4, 0x08, 0xA4, 0x08, 0xA4, 0x08,
    0xA3, 0x08, 0xA4, 0x08, 0xA3, 0x08, 0x83, 0x08, 0x83, 0x08, 0x83, 0x08, 0x83, 0x08, 0x83, 0x08,
    0x83, 0x08, 0x83, 0x08, 0x83, 0x08, 0x83, 0x08, 0x63, 0x08, 0x63, 0x08, 0x62, 0x08, 0x62, 0x08,
    0x64, 0x41, 0x84, 0x41, 0x84, 0x41, 0x84, 0x41, 0xA4, 0x41, 0x05, 0x5A, 0x47, 0x9B, 0x09, 0xBC,
    0x4B, 0xC4, 0xEA, 0xBB, 0xA8, 0xB3, 0x07, 0x9B, 0x45, 0x7A, 0xA5, 0x49, 0x85, 0x41, 0xA5, 0x49,
    0xA5, 0x41, 0x43, 0x39, 0x64, 0x39, 0xA5, 0x41, 0xA5, 0x49, 0xA5, 0x49, 0x64, 0x31, 0x45, 0x31,
    0x65, 0x39, 0x45, 0x31, 0x44, 0x31, 0x44, 0x31, 0x45, 0x31, 0x45, 0x31, 0x65, 0x31, 0x65, 0x31,
    0x45, 0x31, 0x92, 0xCD, 0x4B, 0xC4, 0x24, 0x31, 0x45, 0x31, 0x6D, 0xB4, 0x38, 0xFF, 0xD6, 0xFE,
    0x33, 0xF6, 0x50, 0xE5, 0xCE, 0xDC, 0x6E, 0xD4, 0x2D, 0xCC, 0x0D, 0xCC, 0xED, 0xCB, 0xCC, 0xC3,
    0xED, 0xCB, 0xCC, 0xC3, 0xAC, 0xC3, 0x6B, 0xBB, 0x4B, 0xBB, 0xE9, 0xB2, 0x0A, 0xB3, 0xEA, 0xAA,
    0xA8, 0xA2, 0x0A, 0xAB, 0xA8, 0xA2, 0x47, 0x92, 0x26, 0x8A, 0x06, 0x8A, 0xE5, 0x81, 0xA5, 0x79,
    0x64, 0x69, 0x84, 0x71, 0x88, 0x92, 0x2A, 0xAB, 0x4B, 0xB3, 0x4B, 0xB3, 0x4B, 0xB3, 0x2A, 0xAB,
    0xA8, 0x9A, 0x26, 0x8A, 0xC5, 0x79, 0x84, 0x71, 0xA5, 0x71, 0xE6, 0x79, 0x07, 0x7A, 0x27, 0x7A,
    0xE6, 0x79, 0xA5, 0x69, 0x64, 0x69, 0x64, 0x69, 0x64, 0x69, 0x84, 0x71, 0xC5, 0x79, 0x27, 0x7A,
    0x89, 0x82, 0xCA, 0x8A, 0xCF, 0xAB, 0x4D, 0x83, 0x05, 0x21, 0xC4, 0x10, 0xC4, 0x10, 0xC4, 0x10,
    0xC4, 0x10, 0xC4, 0x10, 0xA4, 0x10, 0xA4, 0x10, 0xA4, 0x10, 0xA4, 0x10, 0xC4, 0x10, 0xC4, 0x10,
    0xE5, 0x18, 0xC4, 0x10, 0xC4, 0x10, 0xC4, 0x10, 0xA4, 0x10, 0xA4, 0x10, 0xA4, 0x10, 0xA4, 0x08,
    0xA4, 0x08, 0x84, 0x08, 0xA3, 0x08, 0x83, 0x08, 0x83, 0x08, 0x83, 0x08, 0x83, 0x08, 0x83, 0x08,
    0x83, 0x08, 0x83, 0x08, 0x83, 0x08, 0x83, 0x08, 0x83, 0x08, 0x83, 0x08, 0x83, 0x08, 0x63, 0x08,
    0x62, 0x08, 0x62, 0x00, 0x63, 0x39, 0x63, 0x39, 0x63, 0x39, 0x84, 0x41, 0x84, 0x41, 0xE5, 0x59,
    0x27, 0x93, 0xE9, 0xB3, 0x2A, 0xBC, 0xA9, 0xAB, 0x48, 0xA3, 0xC7, 0x8A, 0x05, 0x6A, 0x84, 0x49,
    0x85, 0x41, 0x64, 0x39, 0xC5, 0x49, 0xEC, 0x93, 0x4C, 0xB4, 0xCA, 0xB3, 0x48, 0xA3, 0x28, 0x9B,
    0xC7, 0x82, 0x65, 0x39, 0x44, 0x31, 0x44, 0x31, 0x24, 0x31, 0x44, 0x31, 0x44, 0x31, 0x45, 0x31,
    0x65, 0x31, 0x65, 0x31, 0x24, 0x29, 0x6B, 0x8B, 0xB0, 0xE5, 0x70, 0xD5, 0xF2, 0xDD, 0xF2, 0xE5,
    0x34, 0xEE, 0x17, 0xFF, 0x54, 0xF6, 0x50, 0xE5, 0xAE, 0xD4, 0x2D, 0xCC, 0x2D, 0xCC, 0xEC, 0xC3,
    0xCC, 0xC3, 0xAC, 0xC3, 0xAC, 0xC3, 0xAC, 0xC3, 0x8C, 0xBB, 0x6B, 0xBB, 0x0A, 0xB3, 0xE9, 0xAA,
    0x09, 0xAB, 0xA8, 0xA2, 0xC9, 0xAA, 0xA8, 0xA2, 0x47, 0x92, 0x47, 0x92, 0x26, 0x8A, 0xE5, 0x81,
    0xA4, 0x79, 0x84, 0x71, 0x84, 0x71, 0x06, 0x82, 0xC8, 0x9A, 0x0A, 0xA3, 0x6B, 0xAB, 0x4B, 0xAB,
    0x0A, 0xA3, 0xE9, 0x9A, 0xA8, 0x92, 0x06, 0x82, 0xC5, 0x79, 0xA4, 0x71, 0xA4, 0x71, 0xC5, 0x71,
    0x06, 0x7A, 0x06, 0x7A, 0xE6, 0x71, 0xA5, 0x71, 0x84, 0x69, 0x84, 0x69, 0x84, 0x71, 0xC5, 0x71,
    0x06, 0x7A, 0x68, 0x82, 0xAA, 0x8A, 0x6D, 0x9B, 0x8E, 0x93, 0x67, 0x31, 0xA4, 0x08, 0xC4, 0x10,
    0xC4, 0x10, 0xC4, 0x10, 0xC4, 0x10, 0xA4, 0x10, 0xA4, 0x10, 0xA4, 0x10, 0xA4, 0x10, 0xC4, 0x10,
    0xC4, 0x10, 0xC4, 0x10, 0xE4, 0x18, 0xC4, 0x10, 0xC4, 0x10, 0xC4, 0x10, 0xC4, 0x10, 0xA4, 0x10,
    0xA4, 0x10, 0xA4, 0x10, 0xA4, 0x08, 0xA4, 0x08, 0x83, 0x08, 0x83, 0x08, 0x83, 0x08, 0x83, 0x08,
    0x83, 0x08, 0x83, 0x08, 0x83, 0x08, 0x83, 0x08, 0x83, 0x08, 0x83, 0x08, 0x83, 0x08, 0x83, 0x08,
    0x63, 0x08, 0x63, 0x08, 0x63, 0x08, 0x42, 0x08, 0x43, 0x39, 0x43, 0x39, 0x43, 0x39, 0x64, 0x41,
    0x84, 0x41, 0xC4, 0x51, 0x07, 0x93, 0xC9, 0xB3, 0x0A, 0xB4, 0x89, 0xA3, 0x08, 0x93, 0x87, 0x82,
    0xE5, 0x61, 0x84, 0x41, 0x84, 0x39, 0x64, 0x39, 0xCE, 0xBC, 0x11, 0xF6, 0x2F, 0xD5, 0x48, 0xA3,
    0x25, 0x82, 0x05, 0x7A, 0x87, 0x92, 0x07, 0x62, 0x24, 0x29, 0x44, 0x31, 0x44, 0x31, 0x45, 0x31,
    0x45, 0x31, 0x24, 0x29, 0x04, 0x29, 0x04, 0x21, 0x24, 0x29, 0x44, 0x31, 0xC8, 0x7A, 0x0B, 0xB4,
    0x0A, 0xBC, 0xC9, 0xB3, 0xF2, 0xED, 0x38, 0xFF, 0xB5, 0xFE, 0xB1, 0xED, 0xEF, 0xDC, 0x2D, 0xCC,
    0x0C, 0xC4, 0xAB, 0xBB, 0x8B, 0xBB, 0x8B, 0xBB, 0x6B, 0xBB, 0x8B, 0xBB, 0x4A, 0xB3, 0x0A, 0xAB,
    0x2A, 0xB3, 0xC9, 0xA2, 0x88, 0x9A, 0xA8, 0xA2, 0x88, 0x9A, 0x47, 0x92, 0x47, 0x92, 0x47, 0x92,
    0x06, 0x82, 0xC5, 0x79, 0x84, 0x71, 0x84, 0x71, 0xA5, 0x79, 0x26, 0x8A, 0x88, 0x92, 0xE9, 0xA2,
    0x2A, 0xA3, 0x09, 0xA3, 0xC9, 0x9A, 0x88, 0x92, 0x67, 0x8A, 0xE5, 0x79, 0xA4, 0x71, 0xA4, 0x71,
    0xA4, 0x71, 0xC5, 0x71, 0x06, 0x7A, 0x06, 0x7A, 0xC5, 0x71, 0xA5, 0x71, 0xA4, 0x71, 0x84, 0x71,
    0xA5, 0x71, 0xE6, 0x79, 0x47, 0x82, 0x89, 0x82, 0x2C, 0x9B, 0xAE, 0x9B, 0xA7, 0x39, 0xA4, 0x08,
    0xC4, 0x10, 0xC4, 0x10, 0xC4, 0x10, 0xA4, 0x10, 0xA4, 0x10, 0xA4, 0x10, 0xA4, 0x10, 0xA4, 0x10,
    0xA4, 0x10, 0xA4, 0x10, 0xC4, 0x10, 0xC4, 0x10, 0xC4, 0x10, 0xC4, 0x10, 0xC4, 0x10, 0xC4, 0x10,
    0xA4, 0x10, 0xA4, 0x10, 0xA4, 0x10, 0xA4, 0x08, 0xA4, 0x08, 0xA3, 0x08, 0x83, 0x08, 0x83, 0x08,
    0x83, 0x08, 0x83, 0x08, 0x83, 0x08, 0x83, 0x08, 0x83, 0x08, 0x83, 0x08, 0x83, 0x08, 0x83, 0x08,
    0x83, 0x08, 0x83, 0x08, 0x63, 0x08, 0x63, 0x08, 0x62, 0x08, 0x62, 0x08, 0x43, 0x31, 0x23, 0x31,
    0x43, 0x39, 0x43, 0x39, 0x64, 0x39, 0xC4, 0x51, 0xE6, 0x8A, 0xA9, 0xAB, 0xEA, 0xB3, 0x69, 0xA3,
    0x08, 0x8B, 0x67, 0x7A, 0xE5, 0x59, 0x64, 0x41, 0x44, 0x31, 0x06, 0x52, 0x6B, 0xC4, 0xE6, 0x9A,
    0x2C, 0xB4, 0xA6, 0x92, 0xA3, 0x71, 0xC4, 0x71, 0xE5, 0x71, 0x07, 0x6A, 0x24, 0x31, 0x24, 0x31,
    0x24, 0x29, 0x04, 0x21, 0x04, 0x29, 0xA5, 0x41, 0x47, 0x6A, 0xA7, 0x7A, 0xC7, 0x8A, 0x08, 0x93,
    0xE7, 0x92, 0xC7, 0x92, 0x28, 0x9B, 0xD3, 0xDD, 0x18, 0xFF, 0xB6, 0xF6, 0xF6, 0xFE, 0x13, 0xF6,
    0x30, 0xE5, 0x8E, 0xD4, 0xCB, 0xC3, 0x8B, 0xBB, 0x6A, 0xB3, 0x6B, 0xB3, 0x4A, 0xB3, 0x2A, 0xB3,
    0xE9, 0xAA, 0xE9, 0xAA, 0xC9, 0xA2, 0x87, 0x9A, 0xA8, 0x9A, 0x67, 0x9A, 0x47, 0x92, 0x47, 0x92,
    0x26, 0x8A, 0x06, 0x82, 0xC5, 0x79, 0xA4, 0x79, 0x84, 0x71, 0x84, 0x71, 0xA5, 0x79, 0x06, 0x82,
    0x67, 0x8A, 0x88, 0x92, 0xA8, 0x92, 0xA8, 0x92, 0x67, 0x8A, 0x47, 0x8A, 0x06, 0x82, 0xC5, 0x79,
    0xA4, 0x71, 0xA4, 0x71, 0xC4, 0x71, 0xE5, 0x79, 0xE6, 0x71, 0xE6, 0x71, 0xC5, 0x71, 0xA4, 0x71,
    0xA5, 0x71, 0xC5, 0x71, 0xE6, 0x79, 0x27, 0x7A, 0x68, 0x82, 0x0B, 0x93, 0x4D, 0x93, 0xA7, 0x41,
    0xA4, 0x10, 0xC4, 0x10, 0xC4, 0x10, 0xA4, 0x10, 0xA4, 0x10, 0xA4, 0x10, 0xA4, 0x10, 0xA4, 0x10,
    0xA4, 0x10, 0xA4, 0x10, 0xA4, 0x10, 0xA4, 0x10, 0xA4, 0x10, 0xC4, 0x10, 0xC4, 0x10, 0xC4, 0x10,
    0xC4, 0x10, 0xC4, 0x10, 0xA4, 0x10, 0xA4, 0x10, 0xA4, 0x10, 0xA4, 0x08, 0xA4, 0x08, 0x83, 0x08,
    0x83, 0x08, 0x83, 0x08, 0x83, 0x08, 0x83, 0x08, 0x83, 0x08, 0x83, 0x08, 0x83, 0x08, 0x83, 0x08,
    0x83, 0x08, 0x83, 0x08, 0x83, 0x08, 0x83, 0x08, 0x83, 0x08, 0x63, 0x08, 0x63, 0x08, 0x62, 0x08,
    0x23, 0x31, 0x23, 0x31, 0x23, 0x31, 0x43, 0x31, 0x43, 0x39, 0xA4, 0x49, 0xC6, 0x82, 0x88, 0xA3,
    0xCA, 0xAB, 0x69, 0x9B, 0x08, 0x8B, 0x67, 0x72, 0xC5, 0x51, 0x64, 0x39, 0x44, 0x31, 0xE5, 0x51,
    0x67, 0xA3, 0x44, 0x82, 0x48, 0xA3, 0xA6, 0x92, 0xA3, 0x71, 0xC4, 0x71, 0xC4, 0x71, 0x27, 0x72,
    0x24, 0x31, 0x04, 0x21, 0x64, 0x39, 0x67, 0x6A, 0x89, 0xA3, 0x4B, 0xC4, 0xEA, 0xC3, 0x27, 0xAB,
    0xA6, 0x9A, 0x65, 0x8A, 0x25, 0x82, 0x65, 0x8A, 0x92, 0xDD, 0x9A, 0xFF, 0x18, 0xFF, 0x75, 0xFE,
    0x95, 0xF6, 0x95, 0xF6, 0xD2, 0xED, 0xCE, 0xD4, 0xEB, 0xC3, 0xAB, 0xBB, 0x6A, 0xB3, 0x4A, 0xB3,
    0x4A, 0xB3, 0x2A, 0xAB, 0x09, 0xAB, 0xE9, 0xA2, 0x87, 0x9A, 0x87, 0x9A, 0x88, 0x9A, 0x47, 0x92,
    0x26, 0x8A, 0x06, 0x82, 0xE5, 0x81, 0xC5, 0x79, 0xA4, 0x79, 0xA4, 0x79, 0x84, 0x71, 0xA4, 0x71,
    0xA4, 0x79, 0xE5, 0x79, 0x06, 0x82, 0x06, 0x82, 0x26, 0x82, 0x26, 0x82, 0x26, 0x82, 0x05, 0x82,
    0xC5, 0x79, 0xA4, 0x71, 0xA4, 0x71, 0xC4, 0x71, 0xC5, 0x71, 0xE5, 0x79, 0xE5, 0x71, 0xC5, 0x71,
    0xC5, 0x71, 0xC5, 0x71, 0xC5, 0x71, 0xE6, 0x79, 0x27, 0x82, 0x89, 0x82, 0x2C, 0x93, 0x0C, 0x83,
    0x87, 0x39, 0xA4, 0x08, 0xC4, 0x10, 0xC4, 0x10, 0xA4, 0x10, 0xA4, 0x10, 0xA4, 0x10, 0xA4, 0x10,
    0xA4, 0x10, 0xA4, 0x10, 0xA4, 0x10, 0xA4, 0x10, 0xA4, 0x08, 0xA4, 0x08, 0xA4, 0x10, 0xA4, 0x10,
    0xC4, 0x10, 0xC4, 0x10, 0xC4, 0x10, 0xC4, 0x10, 0xC4, 0x10, 0xA4, 0x10, 0xA4, 0x08, 0xA4, 0x08,
    0xA4, 0x08, 0x83, 0x08, 0x83, 0x08, 0x83, 0x08, 0x83, 0x08, 0x83, 0x08, 0x83, 0x08, 0x83, 0x08,
    0x83, 0x08, 0x83, 0x08, 0x83, 0x08, 0x83, 0x08, 0x83, 0x08, 0x83, 0x08, 0x83, 0x08, 0x83, 0x08,
    0x63, 0x08, 0x62, 0x08, 0x23, 0x31, 0x23, 0x31, 0x23, 0x31, 0x23, 0x31, 0x23, 0x31, 0x84, 0x49,
    0xA6, 0x82, 0x68, 0xA3, 0xA9, 0xAB, 0x69, 0x9B, 0xE8, 0x82, 0x67, 0x6A, 0xC5, 0x51, 0x44, 0x31,
    0x24, 0x29, 0x84, 0x41, 0xE6, 0x92, 0x44, 0x82, 0x48, 0xA3, 0xE7, 0x9A, 0x83, 0x69, 0xC4, 0x71,
    0xE4, 0x79, 0x06, 0x7A, 0xC6, 0x51, 0xE5, 0x61, 0x48, 0xA3, 0x0B, 0xC4, 0x68, 0xAB, 0xA6, 0x92,
    0x04, 0x82, 0xE4, 0x79, 0xE4, 0x79, 0x04, 0x7A, 0xC4, 0x71, 0x89, 0xA3, 0x18, 0xFF, 0x7A, 0xFF,
    0x18, 0xFF, 0x96, 0xFE, 0xD3, 0xED, 0x14, 0xEE, 0x54, 0xEE, 0x50, 0xE5, 0x6D, 0xD4, 0xCB, 0xBB,
    0x6A, 0xB3, 0x29, 0xAB, 0xE8, 0xA2, 0xA8, 0xA2, 0xA8, 0x9A, 0x87, 0x9A, 0x88, 0x9A, 0xA8, 0x9A,
    0x47, 0x92, 0x26, 0x8A, 0x05, 0x82, 0xE5, 0x81, 0xE5, 0x81, 0xC5, 0x79, 0xA4, 0x79, 0x84, 0x71,
    0x84, 0x71, 0xA4, 0x71, 0xA4, 0x71, 0xC4, 0x79, 0xC5, 0x79, 0xC5, 0x79, 0xE5, 0x79, 0xE5, 0x79,
    0xE5, 0x79, 0xC4, 0x71, 0xA4, 0x71, 0xA4, 0x71, 0xC4, 0x71, 0xC4, 0x71, 0xC5, 0x71, 0xC5, 0x71,
    0xE5, 0x71, 0xC5, 0x71, 0xC5, 0x71, 0xE5, 0x71, 0x06, 0x7A, 0x26, 0x7A, 0x88, 0x82, 0x2C, 0x93,
    0xCB, 0x7A, 0x46, 0x31, 0xA4, 0x08, 0xC4, 0x10, 0xC4, 0x10, 0xA4, 0x10, 0xA4, 0x10, 0xA4, 0x10,
    0xA4, 0x10, 0xA4, 0x10, 0xA4, 0x10, 0xA4, 0x08, 0xA4, 0x08, 0xA4, 0x08, 0xA4, 0x08, 0xA4, 0x08,
    0xA4, 0x08, 0xA4, 0x10, 0xA4, 0x10, 0xC4, 0x10, 0xC4, 0x10, 0xC4, 0x10, 0xC4, 0x10, 0xC4, 0x10,
    0xA4, 0x10, 0xA4, 0x10, 0xA4, 0x08, 0x83, 0x08, 0x83, 0x08, 0x83, 0x08, 0x83, 0x08, 0x83, 0x08,
    0x83, 0x08, 0x83, 0x08, 0x83, 0x08, 0x83, 0x08, 0x83, 0x08, 0x83, 0x08, 0x83, 0x08, 0x83, 0x08,
    0x83, 0x08, 0x63, 0x08, 0x63, 0x08, 0x63, 0x08, 0x03, 0x31, 0x03, 0x31, 0x23, 0x31, 0x23, 0x31,
    0x23, 0x31, 0x84, 0x49, 0x86, 0x7A, 0x68, 0xA3, 0xA9, 0xA3, 0x49, 0x93, 0xE8, 0x82, 0x67, 0x6A,
    0xC5, 0x51, 0x64, 0x41, 0x44, 0x39, 0x44, 0x39, 0x85, 0x7A, 0x44, 0x7A, 0x07, 0x9B, 0x07, 0xA3,
    0x83, 0x69, 0xC4, 0x71, 0xC4, 0x71, 0xE5, 0x71, 0xE5, 0x69, 0x05, 0x7A, 0x25, 0x82, 0x04, 0x82,
    0xE4, 0x79, 0x04, 0x82, 0x04, 0x7A, 0xE4, 0x79, 0xE4, 0x79, 0xE4, 0x79, 0x04, 0x7A, 0x0F, 0xCD,
    0x9A, 0xFF, 0x5A, 0xFF, 0x18, 0xFF, 0xB7, 0xFE, 0x35, 0xF6, 0x51, 0xE5, 0x71, 0xDD, 0xD2, 0xE5,
    0x2F, 0xDD, 0x0C, 0xC4, 0xAB, 0xBB, 0x29, 0xAB, 0xE8, 0xA2, 0xA8, 0xA2, 0x88, 0x9A, 0x67, 0x9A,
    0x87, 0x9A, 0x46, 0x92, 0x06, 0x8A, 0x06, 0x8A, 0x06, 0x82, 0xE5, 0x81, 0xC5, 0x79, 0xC5, 0x79,
    0xC5, 0x79, 0xA4, 0x79, 0xA4, 0x71, 0xA4, 0x71, 0xA4, 0x71, 0xA4, 0x71, 0xC4, 0x71, 0xC4, 0x79,
    0xC5, 0x79, 0xC4, 0x71, 0xC4, 0x79, 0xA4, 0x71, 0xC4, 0x71, 0xC4, 0x71, 0xC4, 0x71, 0xC4, 0x71,
    0xC5, 0x71, 0xC5, 0x71, 0xC5, 0x71, 0xE5, 0x71, 0xE6, 0x79, 0x06, 0x7A, 0x47, 0x7A, 0xA9, 0x8A,
    0x0B, 0x8B, 0x29, 0x5A, 0x05, 0x21, 0xA4, 0x08, 0xC4, 0x10, 0xC4, 0x10, 0xC4, 0x10, 0xC4, 0x10,
    0xA4, 0x10, 0xA4, 0x10, 0xA4, 0x10, 0xA4, 0x08, 0xA4, 0x08, 0xA4, 0x08, 0xA4, 0x08, 0xA4, 0x08,
    0xA4, 0x08, 0xA4, 0x08, 0xA4, 0x08, 0xA4, 0x10, 0xA4, 0x10, 0xA4, 0x10, 0xC4, 0x10, 0xC4, 0x10,
    0xC4, 0x10, 0xC4, 0x10, 0xA4, 0x10, 0xA4, 0x10, 0xA4, 0x08, 0xA3, 0x08, 0x83, 0x08, 0x83, 0x08,
    0x83, 0x08, 0x83, 0x08, 0x83, 0x08, 0x83, 0x08, 0x83, 0x08, 0x83, 0x08, 0x83, 0x08, 0x83, 0x08,
    0x83, 0x08, 0x83, 0x08, 0x63, 0x08, 0x63, 0x08, 0x63, 0x08, 0x63, 0x08, 0x02, 0x29, 0x03, 0x31,
    0x22, 0x39, 0x43, 0x41, 0x63, 0x49, 0xC3, 0x59, 0x85, 0x82, 0x27, 0x9B, 0x68, 0x9B, 0x08, 0x8B,
    0xA8, 0x72, 0x46, 0x62, 0x05, 0x5A, 0xC4, 0x51, 0x84, 0x49, 0x43, 0x39, 0x25, 0x72, 0x24, 0x7A,
    0x85, 0x82, 0x07, 0xA3, 0xA3, 0x71, 0xA4, 0x71, 0xA4, 0x69, 0xE5, 0x79, 0xA5, 0x69, 0x43, 0x59,
    0x83, 0x69, 0xC4, 0x71, 0xE4, 0x79, 0xE4, 0x79, 0xE4, 0x79, 0xC4, 0x79, 0xE4, 0x79, 0xC4, 0x71,
    0x86, 0x8A, 0x95, 0xEE, 0xBB, 0xFF, 0x59, 0xFF, 0xF8, 0xFE, 0xB7, 0xFE, 0x56, 0xF6, 0xD4, 0xF5,
    0xD0, 0xDC, 0xAE, 0xCC, 0x30, 0xD5, 0xEE, 0xCC, 0xEB, 0xBB, 0x49, 0xB3, 0xC8, 0xAA, 0xC8, 0xA2,
    0xA8, 0xA2, 0x87, 0x9A, 0x46, 0x92, 0x46, 0x92, 0x26, 0x8A, 0x06, 0x8A, 0xE5, 0x81, 0xE5, 0x81,
    0xC5, 0x81, 0xC5, 0x79, 0xC4, 0x79, 0xA4, 0x79, 0xA4, 0x71, 0xA4, 0x79, 0xA4, 0x71, 0xA4, 0x71,
    0xA4, 0x71, 0xC4, 0x71, 0xA4, 0x71, 0xA4, 0x71, 0xC4, 0x71, 0xC4, 0x71, 0xC4, 0x71, 0xC4, 0x71,
    0xC4, 0x71, 0xC5, 0x71, 0xC5, 0x71, 0xE5, 0x71, 0xE5, 0x71, 0x06, 0x7A, 0x27, 0x7A, 0x48, 0x7A,
    0xEB, 0x8A, 0x31, 0xAC, 0xF0, 0x93, 0x46, 0x29, 0xC4, 0x10, 0xC4, 0x10, 0xC4, 0x10, 0xC4, 0x10,
    0xC4, 0x10, 0xC4, 0x10, 0xA4, 0x10, 0xA4, 0x10, 0xA4, 0x08, 0xA4, 0x08, 0xA4, 0x08, 0xA4, 0x08,
    0xA4, 0x08, 0xA4, 0x08, 0x84, 0x08, 0xA3, 0x08, 0xA4, 0x08, 0xA4, 0x08, 0xA4, 0x10, 0xA4, 0x10,
    0xA4, 0x10, 0xC4, 0x10, 0xC4, 0x10, 0xA4, 0x10, 0xA4, 0x10, 0xA4, 0x08, 0xA4, 0x08, 0x83, 0x08,
    0x83, 0x08, 0x83, 0x08, 0x83, 0x08, 0x83, 0x08, 0x83, 0x08, 0x83, 0x08, 0x83, 0x08, 0x83, 0x08,
    0x83, 0x08, 0x83, 0x08, 0x83, 0x08, 0x83, 0x08, 0x83, 0x08, 0x83, 0x08, 0x63, 0x08, 0x63, 0x08,
    0x22, 0x39, 0x42, 0x49, 0x42, 0x51, 0x62, 0x51, 0x62, 0x51, 0x82, 0x59, 0x24, 0x72, 0x85, 0x7A,
    0xA6, 0x82, 0x66, 0x6A, 0x05, 0x5A, 0xC5, 0x51, 0xA4, 0x51, 0x83, 0x51, 0x83, 0x51, 0x43, 0x41,
    0x04, 0x6A, 0x24, 0x7A, 0x24, 0x7A, 0x27, 0xA3, 0x04, 0x7A, 0xA4, 0x71, 0xA4, 0x69, 0xE4, 0x79,
    0xC5, 0x69, 0x63, 0x61, 0xA4, 0x71, 0xC4, 0x71, 0xE4, 0x79, 0xA4, 0x71, 0xC4, 0x71, 0xE4, 0x79,
    0xE4, 0x79, 0xC4, 0x79, 0x2C, 0xBC, 0x7A, 0xFF, 0x7A, 0xFF, 0x38, 0xFF, 0xF8, 0xFE, 0xB7, 0xFE,
    0x35, 0xF6, 0xF4, 0xF5, 0x92, 0xED, 0xD0, 0xE4, 0x0D, 0xC4, 0xEC, 0xBB, 0x0B, 0xB4, 0x8A, 0xAB,
    0xE8, 0x9A, 0xA7, 0x9A, 0xA7, 0xA2, 0x87, 0x9A, 0x67, 0x9A, 0x46, 0x92, 0x26, 0x8A, 0x05, 0x8A,
    0x05, 0x82, 0xE5, 0x81, 0xE5, 0x81, 0xE5, 0x81, 0xC4, 0x79, 0xC4, 0x79, 0xC4, 0x79, 0xA4, 0x79,
    0xA4, 0x71, 0xA4, 0x79, 0xC4, 0x71, 0xA4, 0x71, 0xA4, 0x71, 0xC4, 0x71, 0xC4, 0x71, 0xC4, 0x71,
    0xC4, 0x71, 0xC4, 0x71, 0xC4, 0x71, 0xC5, 0x71, 0xE5, 0x71, 0xE6, 0x71, 0x06, 0x7A, 0x47, 0x7A,
    0x89, 0x82, 0x2C, 0x8B, 0x0F, 0x9C, 0x72, 0xB4, 0xF4, 0xBC, 0x6F, 0x83, 0xE5, 0x20, 0xA4, 0x10,
    0xC4, 0x10, 0xA4, 0x10, 0xC4, 0x10, 0xC4, 0x10, 0xA4, 0x10, 0xA4, 0x10, 0xA4, 0x08, 0xA4, 0x08,
    0xA4, 0x08, 0xA4, 0x08, 0xA4, 0x08, 0xA4, 0x08, 0xA4, 0x08, 0xA4, 0x08, 0xA3, 0x08, 0xA3, 0x10,
    0xA3, 0x08, 0xA3, 0x08, 0xA4, 0x08, 0xA4, 0x10, 0xA4, 0x10, 0xA4, 0x10, 0xA4, 0x08, 0xA4, 0x08,
    0x83, 0x08, 0x83, 0x08, 0x83, 0x08, 0x83, 0x08, 0x83, 0x08, 0x83, 0x08, 0x83, 0x08, 0x83, 0x08,
    0x83, 0x08, 0x83, 0x08, 0x83, 0x08, 0x83, 0x08, 0x83, 0x08, 0x83, 0x08, 0x83, 0x08, 0x63, 0x08,
    0x63, 0x08, 0x63, 0x08, 0x42, 0x59, 0x82, 0x69, 0xA2, 0x69, 0x82, 0x61, 0x42, 0x59, 0x21, 0x41,
    0x42, 0x49, 0x83, 0x51, 0x83, 0x49, 0x43, 0x39, 0x03, 0x31, 0xE2, 0x28, 0xE2, 0x30, 0xE2, 0x38,
    0x22, 0x41, 0x22, 0x51, 0xC3, 0x69, 0x24, 0x7A, 0xE3, 0x71, 0x27, 0xA3, 0x45, 0x8A, 0x83, 0x69,
    0xA4, 0x69, 0xC4, 0x79, 0xC5, 0x71, 0x63, 0x61, 0x83, 0x69, 0xA4, 0x71, 0xE4, 0x79, 0xC4, 0x79,
    0xC4, 0x71, 0xE4, 0x79, 0xC4, 0x79, 0x04, 0x7A, 0x71, 0xDD, 0xBB, 0xFF, 0x59, 0xFF, 0x39, 0xFF,
    0xD7, 0xFE, 0x96, 0xFE, 0x55, 0xF6, 0xF4, 0xF5, 0xD4, 0xF5, 0x72, 0xED, 0xD0, 0xE4, 0xEC, 0xCB,
    0x09, 0xAB, 0x29, 0xA3, 0x29, 0x9B, 0xE8, 0x92, 0x66, 0x82, 0x05, 0x82, 0x05, 0x82, 0x26, 0x8A,
    0x26, 0x8A, 0x26, 0x8A, 0x06, 0x8A, 0x05, 0x82, 0x05, 0x82, 0xE5, 0x81, 0xC4, 0x79, 0xC4, 0x79,
    0xC4, 0x79, 0xA4, 0x79, 0xA4, 0x71, 0xC4, 0x71, 0xC4, 0x79, 0xA4, 0x71, 0xA4, 0x71, 0xC4, 0x71,
    0xC4, 0x71, 0xA4, 0x71, 0xC4, 0x71, 0xC4, 0x71, 0xC4, 0x71, 0xC5, 0x71, 0xE5, 0x71, 0x06, 0x72,
    0x88, 0x7A, 0xAA, 0x82, 0x6D, 0x8B, 0x91, 0xA4, 0xAD, 0x8B, 0xCF, 0x9B, 0x10, 0xAC, 0xF4, 0xC4,
    0xED, 0x72, 0xE5, 0x18, 0xC4, 0x10, 0xC4, 0x10, 0xC4, 0x10, 0xC4, 0x10, 0xA4, 0x10, 0xA4, 0x10,
    0xA4, 0x10, 0xA4, 0x08, 0xA4, 0x08, 0xA4, 0x08, 0xA4, 0x08, 0xA3, 0x08, 0xA3, 0x08, 0xA3, 0x08,
    0xA4, 0x10, 0xA3, 0x10, 0xA3, 0x08, 0xA3, 0x08, 0xA4, 0x08, 0xA4, 0x10, 0xA4, 0x10, 0xA4, 0x10,
    0xA4, 0x08, 0xA4, 0x08, 0xA3, 0x08, 0xA3, 0x08, 0xA3, 0x08, 0x83, 0x08, 0x83, 0x08, 0x83, 0x08,
    0x83, 0x08, 0x83, 0x08, 0x83, 0x08, 0x83, 0x08, 0x83, 0x08, 0x83, 0x08, 0x83, 0x08, 0x83, 0x08,
    0x83, 0x08, 0x83, 0x08, 0x63, 0x08, 0x63, 0x08, 0xC2, 0x79, 0x03, 0x82, 0x03, 0x82, 0xC2, 0x71,
    0x62, 0x61, 0x01, 0x49, 0xE1, 0x38, 0xE1, 0x38, 0xE1, 0x38, 0xC1, 0x30, 0xA1, 0x30, 0xA1, 0x28,
    0xA1, 0x28, 0xC1, 0x30, 0x01, 0x49, 0x42, 0x59, 0xC3, 0x71, 0x24, 0x7A, 0xE3, 0x71, 0x07, 0x9B,
    0x85, 0x92, 0xA3, 0x71, 0xA4, 0x69, 0xE4, 0x79, 0xE5, 0x79, 0x23, 0x59, 0x83, 0x69, 0xC4, 0x71,
    0xE4, 0x79, 0xE4, 0x79, 0xE4, 0x79, 0x04, 0x82, 0xA4, 0x71, 0xA7, 0x8A, 0x96, 0xF6, 0x7A, 0xFF,
    0x39, 0xFF, 0x19, 0xFF, 0xD7, 0xFE, 0x76, 0xFE, 0x55, 0xF6, 0x35, 0xF6, 0xD4, 0xF5, 0x72, 0xED,
    0x11, 0xED, 0x8F, 0xE4, 0xED, 0xD3, 0x4A, 0xBB, 0xA8, 0xA2, 0xC8, 0x9A, 0xC7, 0x92, 0x86, 0x7A,
    0xE5, 0x69, 0x63, 0x59, 0x63, 0x59, 0x84, 0x69, 0x84, 0x69, 0xA4, 0x71, 0xC4, 0x71, 0xC4, 0x71,
    0xA4, 0x71, 0xC4, 0x71, 0xA4, 0x71, 0xA4, 0x71, 0xA4, 0x71, 0xA4, 0x71, 0xA4, 0x71, 0xA4, 0x71,
    0xA4, 0x71, 0xA4, 0x71, 0xA4, 0x71, 0xA4, 0x69, 0xC4, 0x71, 0xC4, 0x69, 0xC5, 0x69, 0xC5, 0x69,
    0x06, 0x6A, 0x68, 0x7A, 0x08, 0x62, 0x48, 0x62, 0x50, 0x9C, 0x70, 0x9C, 0xEE, 0x93, 0x8D, 0x93,
    0x4D, 0x9B, 0x72, 0xB4, 0xF4, 0xBC, 0x2A, 0x52, 0xC4, 0x10, 0xC4, 0x10, 0xC4, 0x10, 0xC4, 0x10,
    0xA4, 0x10, 0xA4, 0x10, 0xA4, 0x10, 0xA4, 0x10, 0xA4, 0x10, 0xA4, 0x08, 0xA4, 0x08, 0xA4, 0x08,
    0xA4, 0x08, 0xA4, 0x10, 0xA4, 0x10, 0xA4, 0x10, 0xA4, 0x10, 0x83, 0x10, 0xA3, 0x08, 0xA4, 0x08,
    0xA4, 0x08, 0xA3, 0x08, 0xA3, 0x08, 0xA4, 0x08, 0x83, 0x08, 0x83, 0x08, 0x83, 0x08, 0x83, 0x08,
    0x83, 0x08, 0x83, 0x08, 0x83, 0x08, 0x83, 0x08, 0x83, 0x08, 0x83, 0x08, 0x83, 0x08, 0x83, 0x08,
    0x83, 0x08, 0x83, 0x08, 0x83, 0x08, 0x63, 0x08, 0x63, 0x08, 0x63, 0x08, 0x84, 0x92, 0x84, 0x92,
    0x84, 0x92, 0x44, 0x8A, 0x03, 0x82, 0xE3, 0x71, 0xC3, 0x69, 0xA3, 0x69, 0xA2, 0x69, 0xA2, 0x69,
    0x82, 0x61, 0x82, 0x61, 0x82, 0x61, 0x82, 0x61, 0x82, 0x69, 0xA3, 0x69, 0xE3, 0x79, 0x65, 0x8A,
    0xE3, 0x71, 0xC6, 0x92, 0xE6, 0x9A, 0xA3, 0x71, 0xA4, 0x69, 0xC4, 0x79, 0xE5, 0x81, 0x43, 0x61,
    0x63, 0x61, 0x83, 0x69, 0xA4, 0x71, 0xA4, 0x71, 0xA4, 0x71, 0xC4, 0x71, 0x83, 0x69, 0xCB, 0xAB,
    0x18, 0xFF, 0x39, 0xFF, 0x18, 0xFF, 0x18, 0xFF, 0xB7, 0xFE, 0x76, 0xFE, 0x56, 0xFE, 0x15, 0xF6,
    0xD4, 0xF5, 0x92, 0xF5, 0x31, 0xED, 0xF0, 0xEC, 0x8F, 0xE4, 0x2E, 0xD4, 0x8B, 0xC3, 0xC9, 0xB2,
    0x26, 0x92, 0x26, 0x82, 0xA7, 0x82, 0xC7, 0x82, 0xC4, 0x59, 0x02, 0x41, 0x22, 0x49, 0x02, 0x49,
    0xE2, 0x40, 0xC2, 0x38, 0xE2, 0x40, 0xE2, 0x48, 0x22, 0x51, 0x43, 0x59, 0x43, 0x59, 0x43, 0x59,
    0x63, 0x61, 0x63, 0x61, 0x63, 0x61, 0x63, 0x59, 0x63, 0x61, 0x84, 0x61, 0x63, 0x59, 0x64, 0x59,
    0x84, 0x59, 0xA5, 0x59, 0x86, 0x49, 0x04, 0x39, 0x65, 0x41, 0x8D, 0x83, 0x2F, 0x9C, 0xAD, 0x8B,
    0x2F, 0x94, 0x4C, 0x8B, 0xCB, 0x8A, 0xCF, 0xA3, 0xD4, 0xBC, 0x31, 0x9C, 0x26, 0x29, 0xC4, 0x10,
    0xC4, 0x10, 0xC4, 0x10, 0xC4, 0x10, 0xC4, 0x10, 0xA4, 0x10, 0xA4, 0x10, 0xA4, 0x10, 0xA4, 0x08,
    0xA4, 0x08, 0xA4, 0x08, 0xA4, 0x08, 0xA4, 0x10, 0xA4, 0x10, 0xA4, 0x10, 0xA3, 0x10, 0xA3, 0x10,
    0xA4, 0x10, 0xA4, 0x08, 0xA3, 0x08, 0xA4, 0x08, 0xA4, 0x08, 0xA3, 0x08, 0xA3, 0x08, 0x83, 0x08,
    0x83, 0x08, 0x83, 0x08, 0x83, 0x08, 0x83, 0x08, 0x83, 0x08, 0x83, 0x08, 0x83, 0x08, 0x83, 0x08,
    0x63, 0x08, 0x63, 0x08, 0x83, 0x08, 0x63, 0x08, 0x83, 0x08, 0x63, 0x08, 0x63, 0x08, 0x63, 0x08,
    0x64, 0x8A, 0x64, 0x8A, 0x64, 0x8A, 0x44, 0x82, 0x24, 0x82, 0x04, 0x7A, 0x04, 0x7A, 0x03, 0x72,
    0xE3, 0x71, 0xE3, 0x71, 0xE3, 0x71, 0xE3, 0x71, 0xC3, 0x71, 0xC3, 0x69, 0xC3, 0x69, 0xA3, 0x69,
    0xC3, 0x71, 0x65, 0x8A, 0x04, 0x72, 0x65, 0x82, 0x27, 0xAB, 0xC4, 0x79, 0x83, 0x69, 0xA4, 0x71,
    0xE4, 0x79, 0x63, 0x61, 0x63, 0x61, 0x83, 0x69, 0xA4, 0x71, 0xA4, 0x71, 0xA4, 0x71, 0xC4, 0x71,
    0xE4, 0x79, 0xCF, 0xCC, 0x18, 0xFF, 0xF8, 0xFE, 0xF8, 0xFE, 0x18, 0xFF, 0x96, 0xFE, 0x76, 0xFE,
    0x35, 0xF6, 0x15, 0xF6, 0xF4, 0xF5, 0x93, 0xF5, 0x52, 0xED, 0x11, 0xED, 0xD0, 0xE4, 0x8F, 0xDC,
    0x0D, 0xD4, 0x8B, 0xC3, 0xE9, 0xAA, 0x47, 0x9A, 0xE6, 0x89, 0xA7, 0x8A, 0xCB, 0xA3, 0xE8, 0x82,
    0xC4, 0x59, 0xC4, 0x59, 0x84, 0x51, 0x63, 0x51, 0x02, 0x39, 0x81, 0x30, 0x60, 0x28, 0x60, 0x30,
    0x61, 0x30, 0x81, 0x30, 0xA1, 0x38, 0xA1, 0x38, 0xC1, 0x40, 0xC1, 0x40, 0xC1, 0x38, 0xC2, 0x38,
    0xC2, 0x38, 0xA2, 0x38, 0xC3, 0x38, 0xE3, 0x30, 0xE3, 0x30, 0x85, 0x49, 0x0A, 0x7B, 0x2F, 0x94,
    0x2A, 0x7B, 0x8C, 0x8B, 0x0E, 0x94, 0x2C, 0x83, 0x49, 0x7A, 0x4D, 0x93, 0x30, 0xAC, 0x35, 0xC5,
    0xCC, 0x6A, 0xA4, 0x10, 0xC4, 0x10, 0xC4, 0x10, 0xC4, 0x10, 0xC4, 0x10, 0xA4, 0x10, 0xA4, 0x10,
    0xA4, 0x10, 0xA4, 0x10, 0xA4, 0x10, 0xA4, 0x10, 0xA4, 0x10, 0xA4, 0x10, 0xA3, 0x10, 0xA3, 0x10,
    0xA4, 0x10, 0xA3, 0x10, 0xA3, 0x10, 0xA3, 0x08, 0xA3, 0x08, 0xA4, 0x08, 0xA4, 0x08, 0xA3, 0x08,
    0xA3, 0x08, 0x83, 0x08, 0x83, 0x08, 0x83, 0x08, 0x83, 0x08, 0x83, 0x08, 0x83, 0x08, 0x83, 0x08,
    0x83, 0x08, 0x63, 0x08, 0x63, 0x08, 0x63, 0x08, 0x63, 0x08, 0x63, 0x08, 0x63, 0x08, 0x63, 0x08,
    0x63, 0x08, 0x62, 0x08, 0xA3, 0x59, 0xA3, 0x59, 0xA3, 0x59, 0xA3, 0x59, 0x83, 0x59, 0x83, 0x59,
    0x83, 0x59, 0x83, 0x51, 0x83, 0x51, 0x83, 0x51, 0x83, 0x59, 0x83, 0x59, 0x83, 0x59, 0x83, 0x51,
    0x63, 0x51, 0x83, 0x51, 0x63, 0x51, 0x45, 0x7A, 0x44, 0x7A, 0x44, 0x7A, 0x06, 0xA3, 0xC4, 0x79,
    0xA4, 0x71, 0xC4, 0x79, 0xE4, 0x79, 0x63, 0x61, 0x42, 0x59, 0x83, 0x69, 0x83, 0x69, 0xA3, 0x71,
    0xA3, 0x71, 0xA3, 0x71, 0x86, 0x8A, 0xF4, 0xED, 0xF8, 0xFE, 0xB7, 0xFE, 0xD7, 0xFE, 0xD7, 0xFE,
    0x76, 0xF6, 0x76, 0xFE, 0x56, 0xF6, 0x35, 0xF6, 0xD4, 0xF5, 0x93, 0xF5, 0x73, 0xF5, 0x52, 0xED,
    0x11, 0xE5, 0xAF, 0xDC, 0x4E, 0xD4, 0xED, 0xCB, 0x8B, 0xC3, 0x0A, 0xB3, 0xC9, 0xAA, 0x06, 0x8A,
    0xA8, 0x92, 0xAE, 0xBC, 0x49, 0x8B, 0xC7, 0x7A, 0xE8, 0x82, 0x66, 0x72, 0x45, 0x6A, 0x45, 0x6A,
    0x05, 0x62, 0x83, 0x51, 0x02, 0x41, 0xC1, 0x38, 0x81, 0x30, 0x60, 0x28, 0x60, 0x28, 0x60, 0x28,
    0x60, 0x28, 0x81, 0x28, 0xE2, 0x38, 0x44, 0x41, 0x85, 0x49, 0x06, 0x5A, 0xA8, 0x72, 0x0A, 0x7B,
    0xAD, 0x8B, 0x8C, 0x83, 0x26, 0x62, 0xEE, 0x93, 0x0F, 0x94, 0x4B, 0x83, 0x08, 0x72, 0x8A, 0x82,
    0x8E, 0x9B, 0x72, 0xB4, 0xB3, 0xB4, 0x87, 0x39, 0xA4, 0x10, 0xC4, 0x10, 0xC4, 0x10, 0xC4, 0x10,
    0xA4, 0x10, 0xA4, 0x10, 0xA4, 0x10, 0xA4, 0x10, 0xA4, 0x10, 0xA4, 0x10, 0xA4, 0x10, 0xA4, 0x10,
    0xA3, 0x10, 0xA3, 0x10, 0xA4, 0x10, 0x83, 0x10, 0x83, 0x10, 0xA3, 0x08, 0x83, 0x08, 0xA3, 0x08,
    0xA3, 0x08, 0xA3, 0x08, 0xA3, 0x08, 0x83, 0x08, 0xA3, 0x08, 0x83, 0x08, 0x83, 0x08, 0x83, 0x08,
    0x83, 0x08, 0x83, 0x08, 0x83, 0x08, 0x63, 0x08, 0x63, 0x08, 0x63, 0x08, 0x63, 0x08, 0x63, 0x08,
    0x63, 0x08, 0x63, 0x08, 0x62, 0x08, 0x62, 0x00, 0xA1, 0x28, 0xA1, 0x28, 0xC1, 0x28, 0xC2, 0x28,
    0xC2, 0x28, 0xC2, 0x28, 0xC2, 0x28, 0xC2, 0x28, 0xC2, 0x28, 0xC2, 0x28, 0xC2, 0x28, 0xE2, 0x30,
    0xE2, 0x30, 0x02, 0x31, 0x02, 0x31, 0x03, 0x39, 0xE2, 0x30, 0xC4, 0x59, 0x85, 0x8A, 0x44, 0x7A,
    0xC6, 0x92, 0xE4, 0x79, 0xA3, 0x71, 0xC3, 0x79, 0xE4, 0x81, 0x83, 0x69, 0x21, 0x59, 0x62, 0x61,
    0x42, 0x59, 0x22, 0x59, 0x01, 0x51, 0xC1, 0x48, 0x4A, 0x9B, 0x97, 0xFE, 0x76, 0xF6, 0x96, 0xFE,
    0xB7, 0xFE, 0x76, 0xF6, 0x96, 0xF6, 0x76, 0xF6, 0x56, 0xF6, 0x15, 0xF6, 0xD4, 0xF5, 0xD4, 0xF5,
    0xB3, 0xF5, 0x72, 0xED, 0x32, 0xED, 0xD0, 0xE4, 0x8F, 0xDC, 0x4E, 0xD4, 0x0D, 0xCC, 0xAC, 0xC3,
    0x4A, 0xB3, 0xE9, 0xAA, 0x06, 0x8A, 0x09, 0x93, 0xEF, 0xC4, 0xCA, 0x9B, 0x0B, 0xA4, 0x0C, 0xA4,
    0x8A, 0x93, 0x08, 0x83, 0x66, 0x72, 0x66, 0x72, 0xA6, 0x7A, 0x66, 0x72, 0x46, 0x6A, 0x45, 0x6A,
    0x25, 0x6A, 0xE4, 0x61, 0x05, 0x62, 0x25, 0x6A, 0x25, 0x62, 0x66, 0x6A, 0xA7, 0x7A, 0x87, 0x72,
    0xA8, 0x72, 0x6B, 0x83, 0xEE, 0x8B, 0xA8, 0x6A, 0xE5, 0x59, 0x2F, 0x94, 0x0F, 0x94, 0x6C, 0x83,
    0x28, 0x72, 0xE7, 0x71, 0xEC, 0x8A, 0xAF, 0xA3, 0xF4, 0xC4, 0xF0, 0x93, 0xC4, 0x18, 0xC4, 0x10,
    0xC4, 0x10, 0xC4, 0x10, 0xA4, 0x10, 0xA4, 0x10, 0xC4, 0x10, 0xA4, 0x10, 0xA4, 0x10, 0xA4, 0x10,
    0xA4, 0x10, 0xA3, 0x10, 0xA4, 0x10, 0xA3, 0x10, 0xA3, 0x10, 0xA3, 0x10, 0x83, 0x10, 0xA3, 0x08,
    0xA3, 0x08, 0xA3, 0x08, 0xA3, 0x08, 0xA3, 0x08, 0xA3, 0x08, 0xA3, 0x08, 0xA3, 0x08, 0x83, 0x08,
    0x83, 0x08, 0x83, 0x08, 0x83, 0x08, 0x83, 0x08, 0x83, 0x08, 0x63, 0x08, 0x63, 0x08, 0x63, 0x08,
    0x62, 0x08, 0x63, 0x08, 0x62, 0x08, 0x62, 0x08, 0x42, 0x08, 0x42, 0x00, 0x61, 0x18, 0x61, 0x18,
    0x61, 0x18, 0x81, 0x20, 0x81, 0x20, 0x81, 0x20, 0xA1, 0x20, 0x81, 0x20, 0x81, 0x20, 0x81, 0x20,
    0x81, 0x20, 0xA1, 0x20, 0xA1, 0x28, 0xC1, 0x28, 0xC1, 0x28, 0xC2, 0x28, 0xA1, 0x20, 0x43, 0x41,
    0x85, 0x8A, 0x04, 0x72, 0x85, 0x92, 0x04, 0x82, 0x83, 0x69, 0xA3, 0x71, 0xC3, 0x79, 0x83, 0x69,
    0x40, 0x18, 0x41, 0x10, 0x82, 0x18, 0x40, 0x18, 0xA0, 0x40, 0x43, 0x59, 0x11, 0xCD, 0x76, 0xFE,
    0x56, 0xF6, 0x56, 0xF6, 0x76, 0xF6, 0x76, 0xF6, 0x76, 0xF6, 0x56, 0xF6, 0x35, 0xF6, 0xF5, 0xF5,
    0xF4, 0xF5, 0xD4, 0xF5, 0x93, 0xED, 0x93, 0xED, 0x52, 0xED, 0x11, 0xE5, 0xD0, 0xE4, 0x6F, 0xDC,
    0x4E, 0xD4, 0x2E, 0xCC, 0xAC, 0xBB, 0x2A, 0xAB, 0xA8, 0x9A, 0xC5, 0x79, 0x0C, 0xAC, 0x2F, 0xC5,
    0x0B, 0xA4, 0xEF, 0xBC, 0xEF, 0xBC, 0x8D, 0xB4, 0xEB, 0x9B, 0xE8, 0x82, 0x45, 0x6A, 0x86, 0x72,
    0xA6, 0x72, 0x86, 0x72, 0x66, 0x72, 0x66, 0x72, 0x45, 0x6A, 0x25, 0x6A, 0x05, 0x62, 0x05, 0x62,
    0x66, 0x6A, 0xC8, 0x72, 0x4B, 0x7B, 0xCD, 0x8B, 0x4B, 0x83, 0x47, 0x62, 0x88, 0x6A, 0x70, 0x9C,
    0xEE, 0x93, 0x6B, 0x83, 0x49, 0x6A, 0x45, 0x59, 0x49, 0x7A, 0x2C, 0x93, 0x31, 0xAC, 0x76, 0xCD,
    0xCC, 0x62, 0xA3, 0x10, 0xC4, 0x10, 0xC4, 0x10, 0xA4, 0x10, 0xC4, 0x10, 0xA4, 0x10, 0xA4, 0x10,
    0xA4, 0x10, 0xA3, 0x10, 0xA4, 0x10, 0xA3, 0x10, 0xA4, 0x10, 0xA3, 0x10, 0xA3, 0x10, 0xA3, 0x10,
    0xA3, 0x10, 0xA3, 0x10, 0xA3, 0x08, 0xA3, 0x08, 0xA3, 0x08, 0xA3, 0x08, 0xA3, 0x08, 0xA3, 0x08,
    0x83, 0x08, 0x83, 0x08, 0x83, 0x08, 0x83, 0x08, 0x83, 0x08, 0x83, 0x08, 0x83, 0x08, 0x63, 0x08,
    0x62, 0x08, 0x62, 0x08, 0x62, 0x08, 0x62, 0x08, 0x62, 0x08, 0x42, 0x00, 0x42, 0x00, 0x42, 0x00,
    0x20, 0x10, 0x40, 0x10, 0x40, 0x10, 0x40, 0x10, 0x40, 0x10, 0x40, 0x10, 0x40, 0x18, 0x40, 0x10,
    0x40, 0x10, 0x40, 0x10, 0x40, 0x10, 0x60, 0x18, 0x61, 0x18, 0x61, 0x18, 0x61, 0x18, 0x61, 0x18,
    0x60, 0x10, 0xA1, 0x28, 0x44, 0x7A, 0x04, 0x72, 0x64, 0x8A, 0x03, 0x82, 0x62, 0x69, 0x83, 0x69,
    0xA3, 0x71, 0xA3, 0x71, 0x41, 0x10, 0x22, 0x00, 0x82, 0x10, 0xC1, 0x30, 0x01, 0x59, 0x09, 0x9B,
    0x15, 0xEE, 0x35, 0xF6, 0x35, 0xF6, 0x15, 0xF6, 0x35, 0xF6, 0x76, 0xF6, 0x56, 0xF6, 0x35, 0xF6,
    0x35, 0xF6, 0x15, 0xF6, 0xD4, 0xF5, 0xD4, 0xF5, 0xB3, 0xED, 0x93, 0xED, 0x52, 0xED, 0x32, 0xED,
    0x11, 0xE5, 0xD0, 0xE4, 0xB0, 0xDC, 0x6F, 0xDC, 0xED, 0xCB, 0x6B, 0xB3, 0xE9, 0xA2, 0x67, 0x8A,
    0x26, 0x82, 0x71, 0xCD, 0xCE, 0xB4, 0xCE, 0xB4, 0xCE, 0xBC, 0xCE, 0xBC, 0x0F, 0xBD, 0xAE, 0xB4,
    0xCB, 0x9B, 0x08, 0x83, 0x28, 0x83, 0x28, 0x83, 0x08, 0x83, 0xE8, 0x82, 0xC7, 0x7A, 0xC7, 0x7A,
    0x08, 0x7B, 0x09, 0x83, 0x87, 0x6A, 0x06, 0x52, 0xAC, 0x8B, 0xAC, 0x83, 0x0A, 0x7B, 0xA8, 0x72,
    0x8C, 0x83, 0x91, 0xA4, 0xAD, 0x8B, 0x8C, 0x83, 0x48, 0x6A, 0xE3, 0x50, 0xC7, 0x69, 0x8A, 0x82,
    0x8E, 0x9B, 0xF4, 0xBC, 0xD4, 0xB4, 0x46, 0x31, 0x63, 0x00, 0xC4, 0x10, 0xC4, 0x10, 0xA4, 0x10,
    0xA4, 0x10, 0xA4, 0x10, 0xA4, 0x10, 0xA4, 0x10, 0xA4, 0x10, 0xA4, 0x10, 0xA3, 0x10, 0xA3, 0x10,
    0xA4, 0x10, 0xA4, 0x10, 0xA3, 0x10, 0xA3, 0x10, 0xA4, 0x10, 0xA4, 0x08, 0xA3, 0x08, 0xA3, 0x08,
    0xA3, 0x08, 0x83, 0x08, 0x83, 0x08, 0x83, 0x08, 0x83, 0x08, 0x83, 0x08, 0x83, 0x08, 0x83, 0x08,
    0x63, 0x08, 0x63, 0x08, 0x62, 0x08, 0x62, 0x08, 0x62, 0x08, 0x62, 0x00, 0x42, 0x00, 0x42, 0x00,
    0x42, 0x00, 0x42, 0x00, 0x00, 0x08, 0x00, 0x08, 0x00, 0x08, 0x20, 0x08, 0x20, 0x08, 0x20, 0x08,
    0x20, 0x08, 0x20, 0x08, 0x20, 0x08, 0x20, 0x08, 0x20, 0x08, 0x20, 0x10, 0x20, 0x10, 0x40, 0x10,
    0x40, 0x10, 0x40, 0x10, 0x20, 0x10, 0x20, 0x08, 0xE1, 0x38, 0x21, 0x51, 0x21, 0x51, 0x42, 0x59,
    0x22, 0x59, 0x63, 0x69, 0x63, 0x69, 0xA3, 0x71, 0x61, 0x18, 0x21, 0x00, 0x62, 0x08, 0xE2, 0x40,
    0x83, 0x69, 0xF1, 0xCC, 0x36, 0xF6, 0x15, 0xF6, 0x15, 0xEE, 0xD4, 0xED, 0x14, 0xEE, 0x15, 0xEE,
    0x35, 0xF6, 0x15, 0xF6, 0x15, 0xF6, 0xF4, 0xED, 0xF4, 0xF5, 0xF4, 0xF5, 0xD4, 0xED, 0xB3, 0xED,
    0x73, 0xED, 0x52, 0xED, 0x32, 0xED, 0x11, 0xE5, 0xD0, 0xE4, 0x8F, 0xDC, 0x2E, 0xD4, 0xED, 0xCB,
    0x8B, 0xBB, 0x2A, 0xA3, 0x05, 0x82, 0xED, 0xAB, 0xF3, 0xD5, 0x6D, 0xAC, 0xEE, 0xBC, 0xCE, 0xBC,
    0xAE, 0xBC, 0xCE, 0xBC, 0x0F, 0xBD, 0x8E, 0xAC, 0x8A, 0x93, 0x6A, 0x8B, 0x8A, 0x93, 0x49, 0x8B,
    0x49, 0x8B, 0x49, 0x8B, 0x05, 0x62, 0x23, 0x49, 0xA2, 0x30, 0xC5, 0x51, 0x4A, 0x83, 0x09, 0x7B,
    0x2A, 0x7B, 0x2A, 0x83, 0x2F, 0x9C, 0xCE, 0x8B, 0x4B, 0x83, 0x6C, 0x83, 0x28, 0x62, 0xA2, 0x40,
    0x45, 0x61, 0xE7, 0x71, 0xAB, 0x82, 0x8E, 0xA3, 0x92, 0xBC, 0xF0, 0x9B, 0xA7, 0x39, 0xA4, 0x10,
    0xA4, 0x08, 0xC4, 0x10, 0xC4, 0x10, 0xA4, 0x10, 0xA4, 0x10, 0xA4, 0x10, 0xA4, 0x10, 0xA4, 0x10,
    0xA4, 0x10, 0xA3, 0x10, 0xA4, 0x10, 0xA4, 0x10, 0xA4, 0x10, 0xA3, 0x10, 0xA4, 0x10, 0xA3, 0x10,
    0xA4, 0x08, 0xA3, 0x08, 0x83, 0x08, 0x83, 0x08, 0x83, 0x08, 0x83, 0x08, 0x83, 0x08, 0x83, 0x08,
    0x83, 0x08, 0x63, 0x08, 0x63, 0x08, 0x63, 0x08, 0x62, 0x08, 0x42, 0x08, 0x62, 0x00, 0x42, 0x00,
    0x42, 0x00, 0x42, 0x00, 0x42, 0x00, 0x42, 0x00, 0x20, 0x08, 0x20, 0x08, 0x20, 0x10, 0x20, 0x10,
    0x20, 0x10, 0x40, 0x10, 0x20, 0x10, 0x40, 0x10, 0x20, 0x10, 0x20, 0x10, 0x20, 0x10, 0x40, 0x10,
    0x40, 0x10, 0x40, 0x10, 0x61, 0x18, 0x41, 0x10, 0x40, 0x10, 0x20, 0x08, 0x00, 0x00, 0x20, 0x10,
    0x40, 0x18, 0x40, 0x28, 0x21, 0x51, 0x83, 0x71, 0x43, 0x61, 0x83, 0x71, 0xA2, 0x28, 0x21, 0x00,
    0x42, 0x08, 0x02, 0x41, 0x6A, 0xA3, 0x15, 0xEE, 0x15, 0xF6, 0xF5, 0xED, 0xD4, 0xED, 0xB4, 0xED,
    0xB4, 0xED, 0xB3, 0xED, 0xF4, 0xED, 0xF4, 0xED, 0xF4, 0xED, 0xD4, 0xED, 0xF5, 0xED, 0xD4, 0xED,
    0xB3, 0xED, 0xB4, 0xED, 0x93, 0xED, 0x73, 0xED, 0x73, 0xED, 0x32, 0xED, 0xF1, 0xE4, 0xD0, 0xE4,
    0x8F, 0xDC, 0x4E, 0xD4, 0x2E, 0xCC, 0x0D, 0xC4, 0x4B, 0xA3, 0x27, 0x82, 0x92, 0xCD, 0xEE, 0xBC,
    0x8D, 0xB4, 0x0F, 0xBD, 0xAD, 0xB4, 0x8D, 0xB4, 0xEF, 0xBC, 0x10, 0xBD, 0xCF, 0xB4, 0x0C, 0x9C,
    0xAB, 0x93, 0xAA, 0x93, 0xCB, 0x9B, 0x29, 0x83, 0x81, 0x30, 0x61, 0x30, 0x81, 0x30, 0x40, 0x28,
    0xA5, 0x51, 0x09, 0x83, 0xC8, 0x7A, 0x8C, 0x8B, 0x50, 0x9C, 0x0A, 0x7B, 0x0A, 0x7B, 0x4B, 0x7B,
    0x48, 0x6A, 0x61, 0x40, 0xE3, 0x50, 0x24, 0x59, 0xA6, 0x69, 0x28, 0x82, 0xEB, 0x9A, 0x10, 0xB4,
    0xB2, 0xBC, 0x4D, 0x7B, 0x26, 0x29, 0x63, 0x00, 0x83, 0x08, 0xA4, 0x10, 0xA4, 0x10, 0xA4, 0x10,
    0xA4, 0x10, 0xA3, 0x08, 0xA3, 0x08, 0xA3, 0x08, 0xA3, 0x10, 0xA4, 0x10, 0xA4, 0x10, 0xA4, 0x10,
    0xA4, 0x10, 0xA4, 0x10, 0xA3, 0x08, 0x83, 0x08, 0x83, 0x08, 0x83, 0x08, 0x83, 0x08, 0x83, 0x08,
    0x83, 0x08, 0x83, 0x08, 0x83, 0x08, 0x63, 0x08, 0x62, 0x08, 0x62, 0x08, 0x62, 0x08, 0x42, 0x08,
    0x42, 0x00, 0x42, 0x00, 0x42, 0x00, 0x42, 0x00, 0x42, 0x00, 0x42, 0x00, 0x40, 0x10, 0x40, 0x10,
    0x60, 0x18, 0x61, 0x18, 0x61, 0x18, 0x61, 0x18, 0x61, 0x18, 0x81, 0x18, 0x61, 0x18, 0x61, 0x18,
    0x40, 0x18, 0x61, 0x18, 0x81, 0x20, 0x81, 0x20, 0x81, 0x20, 0x61, 0x18, 0x41, 0x10, 0x20, 0x08,
    0x20, 0x08, 0x00, 0x08, 0xA1, 0x28, 0x01, 0x49, 0x82, 0x61, 0xC3, 0x71, 0x42, 0x61, 0x83, 0x71,
    0xE2, 0x38, 0x21, 0x00, 0x42, 0x00, 0xA5, 0x51, 0x11, 0xD5, 0x36, 0xF6, 0xF5, 0xED, 0xF4, 0xED,
    0xD4, 0xED, 0x93, 0xED, 0x72, 0xE5, 0x93, 0xE5, 0x93, 0xE5, 0xD4, 0xED, 0xF4, 0xED, 0xD4, 0xED,
    0xF4, 0xED, 0xD4, 0xED, 0xB3, 0xED, 0xB3, 0xED, 0x93, 0xED, 0x73, 0xED, 0x93, 0xED, 0x32, 0xED,
    0x31, 0xED, 0x11, 0xE5, 0xD0, 0xE4, 0x6F, 0xDC, 0x4E, 0xD4, 0x4E, 0xCC, 0x2E, 0xC4, 0x88, 0x8A,
    0x4A, 0x93, 0xF2, 0xDD, 0x8D, 0xB4, 0xEF, 0xBC, 0x30, 0xC5, 0xEF, 0xBC, 0xAD, 0xB4, 0xCE, 0xBC,
    0xEF, 0xBC, 0xCF, 0xBC, 0x2D, 0xA4, 0x0C, 0x9C, 0x2D, 0xA4, 0x0C, 0x9C, 0xC3, 0x69, 0xA0, 0x40,
    0x81, 0x30, 0x61, 0x28, 0xA1, 0x30, 0x08, 0x83, 0x09, 0x83, 0xAC, 0x8B, 0xAD, 0x8B, 0xC9, 0x72,
    0x0A, 0x73, 0x0A, 0x73, 0x27, 0x62, 0x41, 0x38, 0xC2, 0x48, 0xE3, 0x50, 0x24, 0x61, 0x85, 0x69,
    0x07, 0x7A, 0xAA, 0x8A, 0x8D, 0xA3, 0x91, 0xBC, 0xF0, 0xA3, 0x49, 0x5A, 0x46, 0x29, 0xA3, 0x10,
    0x83, 0x08, 0xA4, 0x10, 0xA4, 0x10, 0xA4, 0x10, 0xA4, 0x08, 0xA3, 0x08, 0xA4, 0x10, 0xA4, 0x10,
    0xA4, 0x10, 0xA4, 0x10, 0xA3, 0x10, 0xA3, 0x08, 0x83, 0x08, 0x83, 0x08, 0x83, 0x08, 0x83, 0x08,
    0x83, 0x08, 0x83, 0x08, 0x83, 0x08, 0x83, 0x08, 0x63, 0x08, 0x63, 0x08, 0x62, 0x08, 0x42, 0x08,
    0x42, 0x00, 0x42, 0x08, 0x42, 0x00, 0x42, 0x00, 0x42, 0x00, 0x42, 0x00, 0x42, 0x00, 0x42, 0x00,
    0x40, 0x18, 0x60, 0x18, 0x60, 0x18, 0x60, 0x18, 0x61, 0x18, 0x81, 0x20, 0x81, 0x20, 0x81, 0x20,
    0x81, 0x20, 0x61, 0x18, 0x61, 0x18, 0x81, 0x20, 0x81, 0x20, 0x81, 0x20, 0xA1, 0x20, 0x81, 0x20,
    0x41, 0x10, 0x20, 0x08, 0x20, 0x08, 0x00, 0x08, 0xA1, 0x28, 0xA2, 0x69, 0xC3, 0x69, 0xE4, 0x79,
    0x82, 0x71, 0xA3, 0x71, 0x22, 0x49, 0x21, 0x00, 0x41, 0x08, 0xCA, 0x7A, 0xF5, 0xED, 0x15, 0xEE,
    0x15, 0xEE, 0xF5, 0xED, 0xB4, 0xED, 0x72, 0xE5, 0x52, 0xE5, 0x31, 0xE5, 0x52, 0xE5, 0x93, 0xE5,
    0xD4, 0xED, 0xD4, 0xED, 0xD4, 0xED, 0xB3, 0xED, 0xD4, 0xED, 0x93, 0xED, 0xB4, 0xED, 0xB4, 0xED,
    0x73, 0xED, 0x52, 0xED, 0x52, 0xED, 0x11, 0xE5, 0xD0, 0xE4, 0xD0, 0xE4, 0x6F, 0xD4, 0x2E, 0xCC,
    0x2E, 0xC4, 0x8C, 0xAB, 0xC5, 0x71, 0x10, 0xC5, 0x91, 0xCD, 0xEF, 0xBC, 0x71, 0xC5, 0x50, 0xC5,
    0x8D, 0xB4, 0x2B, 0xAC, 0xCA, 0x9B, 0xAA, 0x9B, 0x4D, 0xAC, 0x6E, 0xA4, 0x4D, 0xA4, 0x2D, 0xA4,
    0xE3, 0x79, 0xE0, 0x60, 0x21, 0x61, 0xC0, 0x50, 0xA4, 0x51, 0x49, 0x8B, 0x2A, 0x83, 0x8C, 0x83,
    0xEA, 0x72, 0xA9, 0x72, 0xC9, 0x72, 0xE9, 0x72, 0x44, 0x49, 0x40, 0x30, 0xA2, 0x48, 0xC3, 0x50,
    0x03, 0x59, 0x44, 0x69, 0xA5, 0x71, 0x07, 0x82, 0x89, 0x8A, 0xCA, 0x9A, 0x4C, 0xAB, 0x8C, 0xB3,
    0x8D, 0xAB, 0x4D, 0x93, 0x66, 0x39, 0x83, 0x08, 0xA4, 0x10, 0xA4, 0x10, 0xA4, 0x10, 0xA3, 0x08,
    0xA4, 0x10, 0xA3, 0x10, 0xA4, 0x10, 0xA4, 0x10, 0x83, 0x10, 0x83, 0x08, 0x83, 0x08, 0x83, 0x08,
    0x83, 0x08, 0x83, 0x08, 0x83, 0x08, 0x83, 0x08, 0x63, 0x08, 0x63, 0x08, 0x63, 0x08, 0x62, 0x08,
    0x62, 0x08, 0x42, 0x08, 0x42, 0x00, 0x42, 0x00, 0x42, 0x00, 0x42, 0x00, 0x42, 0x00, 0x42, 0x00,
    0x42, 0x00, 0x42, 0x00, 0x40, 0x18, 0x40, 0x18, 0x60, 0x18, 0x60, 0x18, 0x61, 0x18, 0x81, 0x20,
    0x81, 0x20, 0x81, 0x20, 0x81, 0x20, 0x61, 0x18, 0x61, 0x18, 0x81, 0x20, 0xA1, 0x28, 0xA1, 0x28,
    0xA1, 0x28, 0x81, 0x20, 0x41, 0x10, 0x20, 0x08, 0x20, 0x08, 0x00, 0x08, 0x60, 0x18, 0xC3, 0x69,
    0xC3, 0x69, 0x24, 0x82, 0xC3, 0x79, 0xA3, 0x71, 0x43, 0x59, 0x21, 0x00, 0xA2, 0x20, 0x90, 0xBC,
    0x56, 0xF6, 0x15, 0xEE, 0x15, 0xF6, 0xF4, 0xED, 0x93, 0xED, 0x52, 0xE5, 0x11, 0xE5, 0xF0, 0xDC,
    0x11, 0xDD, 0x52, 0xE5, 0x93, 0xE5, 0x93, 0xE5, 0x93, 0xE5, 0xB4, 0xED, 0xB4, 0xED, 0xB3, 0xED,
    0xD4, 0xED, 0x93, 0xED, 0x73, 0xED, 0x72, 0xED, 0x52, 0xED, 0x31, 0xED, 0xF1, 0xE4, 0xD0, 0xE4,
    0x8F, 0xDC, 0x2E, 0xD4, 0xED, 0xC3, 0xCC, 0xBB, 0xA8, 0x92, 0x67, 0x7A, 0xD3, 0xD5, 0xF3, 0xD5,
    0x51, 0xC5, 0x71, 0xCD, 0xEE, 0xBC, 0x6D, 0xB4, 0x69, 0x93, 0x48, 0x8B, 0xCA, 0x9B, 0x2C, 0xA4,
    0x6E, 0xA4, 0x6E, 0xA4, 0xC3, 0x69, 0xE0, 0x60, 0x40, 0x69, 0x21, 0x61, 0x09, 0x83, 0x09, 0x83,
    0x09, 0x7B, 0x0A, 0x73, 0x88, 0x6A, 0xA8, 0x6A, 0x88, 0x6A, 0xA9, 0x6A, 0x61, 0x30, 0x41, 0x30,
    0x82, 0x40, 0xC3, 0x50, 0x03, 0x59, 0x44, 0x69, 0x85, 0x79, 0xE6, 0x81, 0x07, 0x8A, 0x68, 0x9A,
    0x68, 0x9A, 0x68, 0x9A, 0x0A, 0xAB, 0xAD, 0xBB, 0x10, 0xA4, 0x05, 0x21, 0xA3, 0x08, 0xC4, 0x10,
    0xA4, 0x10, 0xA4, 0x10, 0xA4, 0x10, 0xA4, 0x10, 0xA3, 0x10, 0xA4, 0x10, 0x83, 0x10, 0x83, 0x08,
    0x83, 0x08, 0x83, 0x08, 0x83, 0x08, 0x83, 0x08, 0x83, 0x08, 0x83, 0x08, 0x63, 0x08, 0x63, 0x08,
    0x63, 0x08, 0x62, 0x08, 0x42, 0x08, 0x42, 0x00, 0x42, 0x00, 0x42, 0x00, 0x42, 0x00, 0x42, 0x00,
    0x42, 0x00, 0x42, 0x00, 0x42, 0x00, 0x42, 0x00, 0x60, 0x18, 0x61, 0x18, 0x61, 0x18, 0x61, 0x20,
    0x81, 0x20, 0x81, 0x20, 0x81, 0x20, 0x81, 0x20, 0x81, 0x20, 0x61, 0x18, 0x61, 0x18, 0xA1, 0x20,
    0xC1, 0x28, 0xA1, 0x28, 0xA1, 0x28, 0x81, 0x20, 0x61, 0x18, 0x20, 0x08, 0x20, 0x08, 0x00, 0x08,
    0x20, 0x10, 0xC3, 0x61, 0x04, 0x72, 0x44, 0x8A, 0x04, 0x8A, 0x83, 0x71, 0x83, 0x69, 0x21, 0x08,
    0xE7, 0x51, 0xD4, 0xED, 0x56, 0xF6, 0x56, 0xF6, 0x15, 0xF6, 0xF4, 0xED, 0xB3, 0xED, 0x32, 0xE5,
    0xF0, 0xE4, 0xD0, 0xDC, 0xD0, 0xD4, 0x11, 0xDD, 0x52, 0xDD, 0x52, 0xE5, 0x72, 0xE5, 0x93, 0xE5,
    0xB3, 0xED, 0xB4, 0xED, 0xB4, 0xED, 0x93, 0xED, 0x93, 0xED, 0x93, 0xED, 0x52, 0xED, 0x52, 0xED,
    0x32, 0xED, 0xF1, 0xE4, 0xB0, 0xE4, 0x6F, 0xDC, 0x4E, 0xDC, 0x4E, 0xD4, 0x4F, 0xC4, 0xC9, 0x92,
    0x46, 0x72, 0x71, 0xC5, 0x51, 0xC5, 0x30, 0xC5, 0xEE, 0xBC, 0xAE, 0xB4, 0x6D, 0xAC, 0x2C, 0xA4,
    0xCB, 0x9B, 0xAA, 0x9B, 0x0C, 0x9C, 0x8E, 0xAC, 0x4A, 0x8B, 0xE0, 0x58, 0x00, 0x61, 0x05, 0x6A,
    0xE8, 0x7A, 0x47, 0x62, 0x88, 0x62, 0xC9, 0x6A, 0xA8, 0x6A, 0xC9, 0x72, 0xA9, 0x72, 0x23, 0x39,
    0x20, 0x18, 0x61, 0x30, 0xC2, 0x40, 0x23, 0x51, 0x44, 0x61, 0x85, 0x69, 0xC6, 0x79, 0xE6, 0x81,
    0xE6, 0x81, 0x68, 0x92, 0x06, 0x8A, 0xE5, 0x89, 0xC9, 0xAA, 0xC9, 0xA2, 0xCF, 0xAB, 0x6F, 0x83,
    0x43, 0x00, 0x63, 0x00, 0x83, 0x08, 0xA3, 0x08, 0xA4, 0x10, 0xA4, 0x10, 0xA3, 0x10, 0x83, 0x10,
    0x83, 0x10, 0x83, 0x08, 0x83, 0x08, 0x83, 0x08, 0x83, 0x08, 0x83, 0x08, 0x83, 0x08, 0x63, 0x08,
    0x63, 0x08, 0x63, 0x08, 0x63, 0x08, 0x62, 0x08, 0x42, 0x00, 0x42, 0x00, 0x42, 0x00, 0x42, 0x00,
    0x42, 0x00, 0x42, 0x00, 0x42, 0x00, 0x42, 0x00, 0x42, 0x00, 0x42, 0x00, 0x60, 0x18, 0x60, 0x18,
    0x61, 0x20, 0x81, 0x20, 0x81, 0x20, 0x81, 0x20, 0x81, 0x20, 0x81, 0x20, 0x81, 0x20, 0x61, 0x18,
    0x61, 0x18, 0xA1, 0x20, 0xC1, 0x30, 0xC1, 0x28, 0xA1, 0x28, 0x81, 0x20, 0x61, 0x18, 0x20, 0x08,
    0x20, 0x08, 0x20, 0x08, 0x00, 0x00, 0x83, 0x51, 0x24, 0x7A, 0x85, 0x8A, 0x44, 0x8A, 0x82, 0x71,
    0xA3, 0x71, 0x81, 0x28, 0xCD, 0x9B, 0x76, 0xFE, 0x56, 0xF6, 0x56, 0xF6, 0x15, 0xF6, 0x15, 0xF6,
    0xB4, 0xED, 0x52, 0xE5, 0x11, 0xE5, 0xD0, 0xDC, 0x8F, 0xD4, 0x8F, 0xCC, 0xF1, 0xD4, 0x32, 0xDD,
    0x72, 0xE5, 0x73, 0xE5, 0x93, 0xED, 0x93, 0xED, 0x73, 0xED, 0x93, 0xED, 0x93, 0xED, 0x73, 0xED,
    0x73, 0xED, 0x52, 0xED, 0x32, 0xED, 0x11, 0xED, 0xD0, 0xE4, 0xAF, 0xE4, 0x11, 0xED, 0x72, 0xED,
    0xB4, 0xED, 0xF5, 0xED, 0xB0, 0xC4, 0x0D, 0xAC, 0xAE, 0xB4, 0xCE, 0xBC, 0x30, 0xC5, 0xEF, 0xBC,
    0xEF, 0xBC, 0xCF, 0xB4, 0x2C, 0xA4, 0x69, 0x8B, 0xE7, 0x82, 0x08, 0x83, 0xCC, 0x93, 0xE8, 0x7A,
    0xE8, 0x7A, 0x4A, 0x83, 0xC9, 0x72, 0x88, 0x6A, 0xA9, 0x6A, 0xA8, 0x72, 0xA8, 0x72, 0xA8, 0x72,
    0x67, 0x6A, 0xE5, 0x59, 0x26, 0x62, 0x67, 0x6A, 0xA8, 0x72, 0xE9, 0x82, 0x09, 0x83, 0x29, 0x8B,
    0x29, 0x8B, 0x6A, 0x93, 0xCC, 0x9B, 0x2E, 0xAC, 0x6F, 0xB4, 0xCC, 0xA3, 0xA8, 0x8A, 0x66, 0x8A,
    0x4A, 0x9B, 0x70, 0xB4, 0xA9, 0x6A, 0xA6, 0x41, 0x45, 0x29, 0xA4, 0x10, 0x43, 0x00, 0x63, 0x08,
    0xA3, 0x10, 0x83, 0x08, 0x83, 0x08, 0x83, 0x08, 0x83, 0x08, 0x83, 0x08, 0x83, 0x08, 0x63, 0x08,
    0x63, 0x08, 0x63, 0x08, 0x63, 0x08, 0x63, 0x08, 0x63, 0x08, 0x62, 0x08, 0x42, 0x08, 0x42, 0x08,
    0x42, 0x00, 0x42, 0x00, 0x42, 0x00, 0x42, 0x00, 0x42, 0x00, 0x42, 0x00, 0x42, 0x00, 0x42, 0x00,
    0x60, 0x18, 0x61, 0x18, 0x81, 0x20, 0x81, 0x20, 0x81, 0x20, 0x81, 0x20, 0x81, 0x20, 0x81, 0x20,
    0x81, 0x20, 0x61, 0x18, 0x61, 0x18, 0xA1, 0x20, 0xC1, 0x28, 0xA1, 0x28, 0xA1, 0x28, 0x81, 0x20,
    0x61, 0x18, 0x20, 0x08, 0x00, 0x08, 0x20, 0x08, 0x00, 0x00, 0x22, 0x49, 0x04, 0x72, 0x44, 0x82,
    0x44, 0x8A, 0xA3, 0x71, 0x82, 0x69, 0x06, 0x6A, 0xB4, 0xE5, 0x96, 0xFE, 0x76, 0xF6, 0x56, 0xF6,
    0x35, 0xF6, 0xD4, 0xED, 0xB4, 0xED, 0x73, 0xED, 0x52, 0xE5, 0x11, 0xE5, 0x8F, 0xD4, 0x0D, 0xC4,
    0x8F, 0xCC, 0x11, 0xDD, 0x52, 0xDD, 0x73, 0xE5, 0x73, 0xE5, 0x73, 0xE5, 0x73, 0xE5, 0x93, 0xED,
    0x73, 0xED, 0x93, 0xED, 0x93, 0xED, 0x52, 0xED, 0x32, 0xED, 0x11, 0xED, 0x11, 0xED, 0x52, 0xED,
    0x72, 0xED, 0x93, 0xED, 0xB3, 0xED, 0xD4, 0xED, 0x36, 0xF6, 0xF5, 0xED, 0x93, 0xDD, 0x10, 0xC5,
    0xEF, 0xBC, 0xCF, 0xB4, 0x30, 0xBD, 0x30, 0xBD, 0xAE, 0xB4, 0xCB, 0x9B, 0x86, 0x72, 0xC7, 0x72,
    0x8B, 0x93, 0x2F, 0x9C, 0xD3, 0xA4, 0xAE, 0x83, 0xA9, 0x6A, 0x27, 0x5A, 0xE5, 0x59, 0xE5, 0x59,
    0x05, 0x62, 0x26, 0x62, 0x67, 0x6A, 0xA7, 0x72, 0xA8, 0x72, 0xA8, 0x72, 0xE8, 0x7A, 0x09, 0x83,
    0x6A, 0x8B, 0x8A, 0x8B, 0xAB, 0x93, 0x8A, 0x93, 0xEC, 0x9B, 0x8F, 0xAC, 0x11, 0xBD, 0x73, 0xC5,
    0x73, 0xC5, 0xCF, 0xBC, 0xCF, 0xBC, 0xAE, 0xBC, 0xEF, 0xC4, 0xCE, 0xC4, 0xCF, 0xBC, 0x2D, 0xAC,
    0x6B, 0x83, 0x45, 0x29, 0x83, 0x08, 0x83, 0x08, 0x83, 0x08, 0x83, 0x08, 0x83, 0x08, 0x83, 0x08,
    0x63, 0x08, 0x63, 0x08, 0x63, 0x08, 0x63, 0x08, 0x63, 0x08, 0x63, 0x08, 0x63, 0x08, 0x62, 0x08,
    0x62, 0x08, 0x42, 0x08, 0x42, 0x00, 0x42, 0x00, 0x42, 0x00, 0x42, 0x00, 0x42, 0x00, 0x42, 0x00,
    0x42, 0x00, 0x42, 0x00, 0x61, 0x18, 0x61, 0x18, 0x81, 0x18, 0x81, 0x20, 0x81, 0x18, 0x81, 0x18,
    0x61, 0x18, 0x81, 0x18, 0x81, 0x18, 0x61, 0x18, 0x81, 0x18, 0x81, 0x20, 0xA1, 0x28, 0xA1, 0x20,
    0x81, 0x20, 0x81, 0x20, 0x61, 0x18, 0x20, 0x08, 0x00, 0x00, 0x00, 0x08, 0x00, 0x00, 0x02, 0x39,
    0x04, 0x72, 0x24, 0x7A, 0x44, 0x8A, 0xA3, 0x79, 0x82, 0x69, 0xCC, 0xAB, 0x97, 0xF6, 0xB7, 0xFE,
    0x76, 0xF6, 0x35, 0xF6, 0xF4, 0xF5, 0xD4, 0xED, 0x93, 0xED, 0x93, 0xED, 0x93, 0xED, 0x52, 0xED,
    0xB0, 0xDC, 0x0D, 0xCC, 0x0D, 0xC4, 0xB0, 0xD4, 0x32, 0xDD, 0x52, 0xDD, 0x32, 0xDD, 0x52, 0xE5,
    0x52, 0xE5, 0x72, 0xE5, 0x93, 0xED, 0x93, 0xED, 0x93, 0xED, 0x52, 0xED, 0x52, 0xED, 0x32, 0xED,
    0x52, 0xED, 0x73, 0xED, 0x93, 0xED, 0x93, 0xED, 0xB3, 0xED, 0xB3, 0xED, 0xB3, 0xED, 0xB4, 0xED,
    0xD4, 0xED, 0x15, 0xEE, 0xB4, 0xDD, 0x8F, 0xAC, 0xAF, 0xB4, 0x30, 0xC5, 0x50, 0xC5, 0x30, 0xBD,
    0x2C, 0xA4, 0x30, 0xCD, 0x93, 0xCD, 0xAD, 0x8B, 0xCA, 0x6A, 0x07, 0x52, 0x85, 0x41, 0x84, 0x41,
    0xA4, 0x49, 0xC5, 0x51, 0x06, 0x5A, 0x46, 0x62, 0x67, 0x6A, 0xA8, 0x72, 0xC8, 0x72, 0xE8, 0x7A,
    0x09, 0x7B, 0x4A, 0x83, 0x8B, 0x8B, 0xAB, 0x93, 0xCB, 0x9B, 0xCC, 0x9B, 0x2D, 0xA4, 0x4E, 0xAC,
    0x6E, 0xAC, 0xAF, 0xB4, 0xD0, 0xB4, 0xF0, 0xBC, 0x10, 0xBD, 0x10, 0xC5, 0xCF, 0xBC, 0x10, 0xC5,
    0x10, 0xC5, 0x72, 0xCD, 0x15, 0xDE, 0xEF, 0x8B, 0x63, 0x08, 0x83, 0x08, 0x83, 0x08, 0x83, 0x08,
    0x83, 0x08, 0x83, 0x08, 0x63, 0x08, 0x63, 0x08, 0x63, 0x08, 0x63, 0x08, 0x63, 0x08, 0x63, 0x08,
    0x63, 0x08, 0x62, 0x08, 0x62, 0x08, 0x62, 0x00, 0x42, 0x00, 0x42, 0x08, 0x42, 0x00, 0x42, 0x00,
    0x42, 0x00, 0x42, 0x00, 0x42, 0x00, 0x42, 0x00, 0x40, 0x10, 0x40, 0x10, 0x60, 0x10, 0x60, 0x10,
    0x61, 0x10, 0x40, 0x10, 0x40, 0x10, 0x41, 0x10, 0x40, 0x10, 0x40, 0x10, 0x61, 0x18, 0x81, 0x20,
    0x81, 0x20, 0x81, 0x20, 0x81, 0x20, 0x81, 0x20, 0x61, 0x18, 0x20, 0x08, 0x00, 0x00, 0x00, 0x08,
    0x00, 0x00, 0xA1, 0x28, 0x24, 0x72, 0x44, 0x7A, 0x85, 0x92, 0xA2, 0x71, 0xE4, 0x79, 0x31, 0xD5,
    0xF8, 0xFE, 0x96, 0xFE, 0x55, 0xF6, 0x15, 0xF6, 0x14, 0xF6, 0xB3, 0xED, 0xB4, 0xED, 0xB3, 0xED,
    0xB3, 0xED, 0x72, 0xED, 0xF0, 0xE4, 0x6F, 0xDC, 0xED, 0xC3, 0x4E, 0xC4, 0xD0, 0xD4, 0x11, 0xDD,
    0xF1, 0xDC, 0x32, 0xDD, 0x32, 0xDD, 0x32, 0xE5, 0x73, 0xE5, 0x52, 0xE5, 0x52, 0xED, 0x52, 0xED,
    0x72, 0xED, 0x72, 0xED, 0x73, 0xED, 0x93, 0xED, 0x93, 0xED, 0xB4, 0xF5, 0xB4, 0xED, 0xB4, 0xED,
    0xB4, 0xED, 0xB3, 0xED, 0xB4, 0xED, 0xB4, 0xED, 0x35, 0xEE, 0x15, 0xE6, 0xF0, 0xBC, 0x6E, 0xAC,
    0x8E, 0xAC, 0x8E, 0xAC, 0x30, 0xBD, 0xCE, 0xC4, 0x70, 0xD5, 0xEE, 0xD4, 0xEA, 0xBB, 0xCA, 0xAB,
    0xCB, 0xA3, 0x6A, 0x93, 0x29, 0x8B, 0x09, 0x83, 0xE9, 0x7A, 0x09, 0x83, 0x29, 0x83, 0x4A, 0x83,
    0x4A, 0x8B, 0x6A, 0x8B, 0x8A, 0x8B, 0x8B, 0x93, 0xCB, 0x9B, 0x2D, 0xA4, 0x6E, 0xAC, 0x8E, 0xAC,
    0xAF, 0xB4, 0xEF, 0xBC, 0x10, 0xC5, 0x31, 0xC5, 0x52, 0xCD, 0x10, 0xBD, 0x8F, 0xB4, 0x6E, 0xAC,
    0x0D, 0xA4, 0xCC, 0x9B, 0xAD, 0x8B, 0xAE, 0x8B, 0x6E, 0x7B, 0x49, 0x52, 0x83, 0x08, 0x83, 0x08,
    0x83, 0x08, 0x83, 0x08, 0x83, 0x08, 0x83, 0x08, 0x63, 0x08, 0x63, 0x08, 0x63, 0x08, 0x63, 0x08,
    0x63, 0x08, 0x63, 0x08, 0x63, 0x08, 0x62, 0x08, 0x62, 0x08, 0x42, 0x00, 0x42, 0x00, 0x42, 0x00,
    0x42, 0x00, 0x42, 0x00, 0x42, 0x00, 0x42, 0x00, 0x42, 0x00, 0x42, 0x00, 0x00, 0x08, 0x20, 0x08,
    0x20, 0x08, 0x20, 0x08, 0x20, 0x08, 0x20, 0x08, 0x00, 0x00, 0x00, 0x08, 0x20, 0x08, 0x20, 0x08,
    0x40, 0x10, 0x61, 0x18, 0x81, 0x20, 0x81, 0x20, 0x81, 0x20, 0x81, 0x20, 0x61, 0x18, 0x20, 0x08,
    0x00, 0x00, 0x00, 0x08, 0x00, 0x08, 0x60, 0x18, 0x04, 0x72, 0x24, 0x7A, 0x64, 0x8A, 0x82, 0x71,
    0xA7, 0x92, 0x76, 0xF6, 0xF8, 0xFE, 0x96, 0xFE, 0x76, 0xF6, 0x15, 0xF6, 0xF4, 0xF5, 0xD4, 0xED,
    0x93, 0xED, 0x72, 0xED, 0x93, 0xED, 0x73, 0xED, 0x52, 0xED, 0x11, 0xE5, 0x8F, 0xDC, 0xCD, 0xC3,
    0x2E, 0xC4, 0xD0, 0xD4, 0xD0, 0xD4, 0xF1, 0xD4, 0xF1, 0xD4, 0xF1, 0xD4, 0x11, 0xDD, 0x12, 0xE5,
    0x12, 0xE5, 0x32, 0xE5, 0x32, 0xE5, 0x52, 0xE5, 0x73, 0xED, 0x93, 0xED, 0xB4, 0xED, 0xB4, 0xED,
    0xB4, 0xED, 0xB4, 0xED, 0xD4, 0xF5, 0xB4, 0xED, 0xB4, 0xED, 0xB4, 0xED, 0x93, 0xED, 0xD4, 0xED,
    0x15, 0xF6, 0xF5, 0xED, 0xB4, 0xDD, 0x2E, 0xAC, 0xA4, 0x59, 0x29, 0x8B, 0xEF, 0xC4, 0x8D, 0xBC,
    0xEA, 0xBB, 0x0B, 0xBC, 0x6C, 0xC4, 0xA9, 0xBB, 0xC9, 0xBB, 0x0B, 0xBC, 0x2C, 0xBC, 0xAE, 0xC4,
    0xF0, 0xCC, 0x30, 0xCD, 0x31, 0xCD, 0x10, 0xC5, 0xAE, 0xC4, 0x4C, 0xBC, 0x0B, 0xB4, 0xEC, 0xB3,
    0xEB, 0xAB, 0xAB, 0xA3, 0x6A, 0x9B, 0xE8, 0x8A, 0xA7, 0x82, 0x87, 0x7A, 0x46, 0x6A, 0x63, 0x51,
    0xC1, 0x40, 0xE2, 0x40, 0xE2, 0x38, 0xC2, 0x30, 0x03, 0x39, 0x23, 0x39, 0xA5, 0x51, 0xA6, 0x41,
    0x63, 0x08, 0x83, 0x08, 0x83, 0x08, 0x83, 0x08, 0x83, 0x08, 0x63, 0x08, 0x63, 0x08, 0x63, 0x08,
    0x63, 0x08, 0x63, 0x08, 0x63, 0x08, 0x63, 0x08, 0x62, 0x08, 0x62, 0x08, 0x62, 0x08, 0x42, 0x00,
    0x42, 0x00, 0x42, 0x00, 0x42, 0x00, 0x42, 0x00, 0x42, 0x00, 0x42, 0x00, 0x42, 0x00, 0x42, 0x00,
    0x00, 0x00, 0x00, 0x00, 0x00, 0x00, 0x00, 0x00, 0x00, 0x00, 0x00, 0x00, 0x00, 0x00, 0x00, 0x00,
    0x00, 0x00, 0x00, 0x00, 0x20, 0x08, 0x61, 0x18, 0x81, 0x20, 0x81, 0x20, 0x81, 0x20, 0x81, 0x20,
    0x61, 0x18, 0x20, 0x08, 0x00, 0x00, 0x00, 0x08, 0x00, 0x08, 0x20, 0x10, 0xE3, 0x69, 0x03, 0x72,
    0x65, 0x8A, 0xC2, 0x79, 0xAB, 0xAB, 0xF7, 0xFE, 0xF7, 0xFE, 0x96, 0xFE, 0x35, 0xF6, 0xF4, 0xF5,
    0xD4, 0xED, 0xB3, 0xED, 0x52, 0xED, 0x72, 0xED, 0x73, 0xED, 0x73, 0xED, 0x52, 0xED, 0x32, 0xED,
    0x11, 0xE5, 0x4E, 0xD4, 0xAC, 0xBB, 0x0E, 0xC4, 0xB0, 0xCC, 0xB0, 0xCC, 0x90, 0xCC, 0xB0, 0xD4,
    0xD0, 0xD4, 0xD0, 0xD4, 0xD1, 0xDC, 0xF1, 0xDC, 0x11, 0xDD, 0x11, 0xE5, 0x32, 0xE5, 0x52, 0xE5,
    0x73, 0xED, 0x93, 0xED, 0x93, 0xED, 0xB4, 0xED, 0xB4, 0xED, 0xB4, 0xED, 0xB4, 0xED, 0x93, 0xED,
    0x93, 0xED, 0xB3, 0xED, 0xB4, 0xED, 0xB4, 0xED, 0x52, 0xE5, 0x8F, 0xD4, 0x0A, 0x9B, 0x87, 0x7A,
    0x10, 0xC5, 0x30, 0xC5, 0xCE, 0xBC, 0xAE, 0xBC, 0xF0, 0xBC, 0x6D, 0xB4, 0x07, 0x9B, 0xE7, 0x9A,
    0x49, 0x9B, 0x69, 0x9B, 0x8A, 0x9B, 0xCB, 0x9B, 0x0C, 0xA4, 0xAB, 0x9B, 0x6A, 0x93, 0x08, 0x8B,
    0xA7, 0x7A, 0x87, 0x7A, 0x46, 0x72, 0xE5, 0x61, 0x83, 0x59, 0x43, 0x49, 0x02, 0x41, 0x02, 0x39,
    0xE1, 0x38, 0xE2, 0x38, 0x02, 0x39, 0x02, 0x39, 0x02, 0x41, 0x23, 0x41, 0x64, 0x49, 0xA5, 0x51,
    0x48, 0x6A, 0x86, 0x39, 0x42, 0x00, 0x83, 0x08, 0x83, 0x08, 0x83, 0x08, 0x83, 0x08, 0x63, 0x08,
    0x63, 0x08, 0x63, 0x08, 0x83, 0x08, 0x83, 0x08, 0x63, 0x08, 0x63, 0x08, 0x62, 0x08, 0x62, 0x08,
    0x62, 0x08, 0x42, 0x08, 0x42, 0x00, 0x42, 0x00, 0x42, 0x00, 0x42, 0x00, 0x42, 0x00, 0x42, 0x00,
    0x42, 0x00, 0x42, 0x00, 0x00, 0x00, 0x00, 0x00, 0x00, 0x00, 0x00, 0x00, 0x00, 0x00, 0x00, 0x00,
    0x00, 0x00, 0x00, 0x00, 0x00, 0x00, 0x00, 0x00, 0x20, 0x08, 0x61, 0x18, 0x81, 0x20, 0x81, 0x20,
    0x81, 0x20, 0x81, 0x20, 0x61, 0x18, 0x20, 0x08, 0x00, 0x00, 0x00, 0x08, 0x00, 0x08, 0x00, 0x08,
    0x83, 0x59, 0x24, 0x7A, 0x44, 0x82, 0xE3, 0x79, 0xAE, 0xCC, 0x39, 0xFF, 0xD7, 0xFE, 0x76, 0xF6,
    0x35, 0xF6, 0x14, 0xF6, 0xD4, 0xED, 0x93, 0xED, 0x73, 0xED, 0x72, 0xED, 0x72, 0xED, 0x52, 0xED,
    0x52, 0xED, 0x52, 0xED, 0x11, 0xE5, 0xD0, 0xE4, 0x0D, 0xD4, 0xAC, 0xC3, 0x2E, 0xC4, 0xB0, 0xCC,
    0x4F, 0xC4, 0x6F, 0xCC, 0x6F, 0xCC, 0x6F, 0xCC, 0x8F, 0xD4, 0x8F, 0xD4, 0xD0, 0xD4, 0xD0, 0xD4,
    0xF1, 0xDC, 0x11, 0xDD, 0x32, 0xDD, 0x32, 0xE5, 0x52, 0xE5, 0x73, 0xE5, 0x93, 0xED, 0x93, 0xED,
    0x93, 0xED, 0x93, 0xED, 0xD4, 0xF5, 0xD4, 0xF5, 0xD4, 0xF5, 0xD4, 0xED, 0x11, 0xDD, 0xB0, 0xD4,
    0x4E, 0xD4, 0x8B, 0xBB, 0xCB, 0xAB, 0xF0, 0xC4, 0x10, 0xC5, 0xF0, 0xBC, 0xCF, 0xBC, 0xEF, 0xBC,
    0x4D, 0xB4, 0x4D, 0xB4, 0xAF, 0xB4, 0x8E, 0xB4, 0x6E, 0xAC, 0x4D, 0xA4, 0x0D, 0xA4, 0xEC, 0x9B,
    0xAB, 0x93, 0x6A, 0x8B, 0xE8, 0x7A, 0xC8, 0x7A, 0xA8, 0x72, 0x67, 0x6A, 0x06, 0x62, 0xE5, 0x59,
    0x84, 0x49, 0x63, 0x49, 0x43, 0x41, 0x02, 0x39, 0xE2, 0x38, 0x02, 0x41, 0x22, 0x41, 0x23, 0x41,
    0x64, 0x49, 0xC6, 0x51, 0x48, 0x62, 0x04, 0x21, 0x63, 0x08, 0x83, 0x08, 0x83, 0x08, 0x83, 0x08,
    0x83, 0x08, 0x63, 0x08, 0x63, 0x08, 0x63, 0x00, 0x63, 0x00, 0x63, 0x00, 0x63, 0x00, 0x42, 0x00,
    0x42, 0x00, 0x42, 0x00, 0x42, 0x00, 0x42, 0x00, 0x42, 0x00, 0x42, 0x00, 0x42, 0x00, 0x42, 0x00,
    0x42, 0x00, 0x42, 0x00, 0x42, 0x00, 0x42, 0x00, 0x00, 0x00, 0x00, 0x00, 0x00, 0x00, 0x00, 0x00,
    0x00, 0x00, 0x00, 0x00, 0x00, 0x00, 0x00, 0x00, 0x00, 0x00, 0x00, 0x00, 0x20, 0x08, 0x61, 0x18,
    0x81, 0x20, 0x81, 0x20, 0x81, 0x20, 0x81, 0x20, 0x61, 0x18, 0x20, 0x08, 0x00, 0x00, 0x00, 0x08,
    0x20, 0x08, 0x00, 0x00, 0x22, 0x49, 0x04, 0x7A, 0x24, 0x7A, 0x85, 0x92, 0xD3, 0xE5, 0x38, 0xFF,
    0xB6, 0xFE, 0x35, 0xF6, 0x14, 0xF6, 0xD4, 0xED, 0xB3, 0xED, 0x73, 0xED, 0x73, 0xED, 0x73, 0xED,
    0x73, 0xED, 0x52, 0xED, 0x52, 0xED, 0x32, 0xED, 0x31, 0xED, 0xF1, 0xE4, 0xAF, 0xDC, 0x2E, 0xD4,
    0xCD, 0xC3, 0x2E, 0xC4, 0x2E, 0xC4, 0x0D, 0xC4, 0x2E, 0xC4, 0x2E, 0xC4, 0x4E, 0xC4, 0x4E, 0xCC,
    0x2E, 0xC4, 0x8F, 0xCC, 0x90, 0xCC, 0x8F, 0xCC, 0xD0, 0xD4, 0xD1, 0xD4, 0xF1, 0xDC, 0xF1, 0xDC,
    0x32, 0xE5, 0x32, 0xE5, 0x73, 0xED, 0x93, 0xED, 0xD4, 0xED, 0xD4, 0xF5, 0xB4, 0xED, 0xF1, 0xDC,
    0x2E, 0xCC, 0x11, 0xE5, 0x8F, 0xD4, 0xCC, 0xCB, 0x4A, 0xB3, 0x0C, 0xAC, 0xF0, 0xBC, 0xCF, 0xBC,
    0xAF, 0xBC, 0xAF, 0xB4, 0xAE, 0xB4, 0x4D, 0xAC, 0xAF, 0xB4, 0x8F, 0xB4, 0x6E, 0xAC, 0x2D, 0xA4,
    0x0D, 0xA4, 0xEC, 0x9B, 0xAB, 0x93, 0x6A, 0x8B, 0x29, 0x83, 0xA8, 0x7A, 0x87, 0x72, 0x46, 0x6A,
    0x05, 0x62, 0xC4, 0x51, 0x83, 0x49, 0x43, 0x41, 0x22, 0x41, 0x22, 0x41, 0x02, 0x41, 0x22, 0x41,
    0x23, 0x41, 0x43, 0x49, 0xA4, 0x51, 0x27, 0x62, 0x68, 0x62, 0xA3, 0x10, 0x63, 0x00, 0x63, 0x00,
    0x63, 0x00, 0x63, 0x08, 0x63, 0x08, 0x83, 0x08, 0x83, 0x10, 0xA3, 0x10, 0xA3, 0x18, 0xC3, 0x20,
    0xC3, 0x20, 0xC3, 0x20, 0xC3, 0x20, 0xA3, 0x18, 0x82, 0x10, 0x62, 0x08, 0x42, 0x08, 0x42, 0x00,
    0x42, 0x00, 0x22, 0x00, 0x22, 0x00, 0x21, 0x00, 0x21, 0x00, 0x21, 0x00, 0x00, 0x00, 0x00, 0x00,
    0x00, 0x00, 0x00, 0x00, 0x00, 0x00, 0x00, 0x00, 0x00, 0x00, 0x00, 0x00, 0x00, 0x00, 0x00, 0x00,
    0x20, 0x08, 0x61, 0x18, 0x81, 0x20, 0x81, 0x20, 0x81, 0x20, 0x81, 0x20, 0x61, 0x18, 0x20, 0x08,
    0x00, 0x00, 0x00, 0x08, 0x20, 0x08, 0x00, 0x00, 0xE1, 0x38, 0x04, 0x7A, 0x24, 0x7A, 0x48, 0xAB,
    0x75, 0xF6, 0x17, 0xFF, 0x75, 0xF6, 0x34, 0xF6, 0xD4, 0xED, 0xB3, 0xED, 0x93, 0xED, 0x93, 0xED,
    0x73, 0xED, 0x52, 0xE5, 0x53, 0xE5, 0x73, 0xED, 0x52, 0xED, 0x32, 0xE5, 0x11, 0xE5, 0x31, 0xE5,
    0xF1, 0xE4, 0xD0, 0xDC, 0x4F, 0xD4, 0xAC, 0xBB, 0xCD, 0xBB, 0xCC, 0xBB, 0xAC, 0xB3, 0xAC, 0xB3,
    0xAC, 0xB3, 0xCD, 0xBB, 0xED, 0xBB, 0x0D, 0xBC, 0x0E, 0xC4, 0xED, 0xBB, 0x2E, 0xC4, 0x4E, 0xC4,
    0x6F, 0xCC, 0x6F, 0xCC, 0xB0, 0xD4, 0xD0, 0xDC, 0x11, 0xDD, 0x73, 0xE5, 0xB4, 0xED, 0xB4, 0xED,
    0x52, 0xE5, 0x6F, 0xD4, 0x09, 0xAB, 0x67, 0xA2, 0xE9, 0xAA, 0x2A, 0xBB, 0xEC, 0xCB, 0x09, 0x9B,
    0x0C, 0xA4, 0x6D, 0xB4, 0xCA, 0xA3, 0x6D, 0xB4, 0x6E, 0xB4, 0x6E, 0xAC, 0x6E, 0xAC, 0x8E, 0xAC,
    0x6E, 0xAC, 0x4D, 0xA4, 0xEC, 0x9B, 0xCC, 0x9B, 0xAB, 0x93, 0x6A, 0x8B, 0x09, 0x83, 0x87, 0x72,
    0x46, 0x6A, 0x26, 0x62, 0xE5, 0x59, 0x83, 0x51, 0x63, 0x49, 0x42, 0x49, 0x22, 0x41, 0x02, 0x41,
    0x02, 0x41, 0x22, 0x41, 0x22, 0x41, 0x63, 0x49, 0xC5, 0x51, 0x68, 0x6A, 0xC6, 0x49, 0x63, 0x08,
    0xC3, 0x20, 0x04, 0x29, 0x04, 0x31, 0x04, 0x31, 0x24, 0x39, 0x44, 0x41, 0x64, 0x49, 0x64, 0x51,
    0x84, 0x51, 0x85, 0x51, 0x85, 0x59, 0x84, 0x59, 0x84, 0x59, 0xA4, 0x59, 0x84, 0x59, 0x84, 0x51,
    0x64, 0x49, 0x44, 0x41, 0x24, 0x39, 0x23, 0x39, 0x03, 0x31, 0xC3, 0x28, 0xA2, 0x20, 0x82, 0x10,
    0x00, 0x00, 0x00, 0x00, 0x00, 0x00, 0x00, 0x00, 0x00, 0x00, 0x00, 0x00, 0x00, 0x00, 0x00, 0x00,
    0x00, 0x00, 0x00, 0x00, 0x20, 0x08, 0x61, 0x18, 0x81, 0x20, 0x61, 0x20, 0x81, 0x20, 0x81, 0x20,
    0x61, 0x18, 0x20, 0x08, 0x00, 0x00, 0x00, 0x08, 0x20, 0x08, 0x00, 0x00, 0xA1, 0x28, 0x04, 0x7A,
    0x24, 0x82, 0x0B, 0xBC, 0xF7, 0xFE, 0xD7, 0xFE, 0x54, 0xF6, 0xF4, 0xF5, 0x92, 0xED, 0x93, 0xED,
    0x73, 0xED, 0x73, 0xE5, 0x32, 0xE5, 0x32, 0xE5, 0x73, 0xE5, 0x52, 0xE5, 0x32, 0xE5, 0x11, 0xE5,
    0x31, 0xE5, 0x32, 0xE5, 0x32, 0xE5, 0x32, 0xE5, 0xB0, 0xDC, 0x0E, 0xCC, 0x6B, 0xB3, 0x2A, 0xAB,
    0x6B, 0xAB, 0x6B, 0xAB, 0x2A, 0xA3, 0x2A, 0xA3, 0x2A, 0xA3, 0x4B, 0xAB, 0x6B, 0xAB, 0x8B, 0xAB,
    0x8C, 0xB3, 0x8C, 0xB3, 0x8B, 0xB3, 0xAC, 0xB3, 0x2E, 0xC4, 0x2E, 0xC4, 0x8F, 0xD4, 0x32, 0xE5,
    0x52, 0xE5, 0x31, 0xE5, 0xF1, 0xDC, 0x8F, 0xCC, 0x4F, 0xCC, 0xC8, 0xA2, 0xA1, 0x58, 0x80, 0x50,
    0xA4, 0x81, 0x02, 0x51, 0x26, 0x62, 0x0C, 0xAC, 0xCB, 0xA3, 0xEC, 0xA3, 0x2D, 0xAC, 0x2D, 0xA4,
    0x2D, 0xA4, 0x0D, 0xA4, 0x2D, 0xA4, 0x0C, 0xA4, 0xAB, 0x93, 0x6A, 0x93, 0x6A, 0x8B, 0x09, 0x83,
    0xC8, 0x7A, 0x67, 0x6A, 0x46, 0x6A, 0x25, 0x62, 0xA4, 0x59, 0x83, 0x51, 0x63, 0x51, 0x42, 0x49,
    0x22, 0x49, 0x22, 0x41, 0x22, 0x41, 0x22, 0x49, 0x63, 0x49, 0x84, 0x51, 0xC5, 0x51, 0x27, 0x62,
    0xC5, 0x59, 0xA4, 0x59, 0xC5, 0x61, 0xA5, 0x61, 0xA5, 0x59, 0xA5, 0x59, 0x84, 0x59, 0x84, 0x51,
    0x64, 0x51, 0x64, 0x51, 0x64, 0x49, 0x64, 0x49, 0x64, 0x51, 0x84, 0x51, 0x84, 0x51, 0x84, 0x51,
    0x84, 0x51, 0x84, 0x51, 0x64, 0x51, 0x84, 0x51, 0xA4, 0x59, 0xA4, 0x59, 0xA4, 0x59, 0xA4, 0x59,
    0x84, 0x59, 0x84, 0x51, 0x00, 0x00, 0x00, 0x00, 0x00, 0x00, 0x00, 0x00, 0x00, 0x00, 0x00, 0x00,
    0x00, 0x00, 0x00, 0x00, 0x00, 0x00, 0x00, 0x00, 0x20, 0x08, 0x61, 0x18, 0x81, 0x20, 0x61, 0x20,
    0x81, 0x20, 0xA1, 0x20, 0x61, 0x18, 0x20, 0x08, 0x00, 0x00, 0x00, 0x08, 0x00, 0x08, 0x00, 0x08,
    0x40, 0x18, 0xE4, 0x71, 0x24, 0x82, 0x6D, 0xC4, 0x18, 0xFF, 0x75, 0xF6, 0x14, 0xF6, 0xB3, 0xED,
    0x93, 0xED, 0x72, 0xE5, 0x72, 0xE5, 0x32, 0xE5, 0x32, 0xE5, 0x52, 0xE5, 0x73, 0xE5, 0x31, 0xE5,
    0x52, 0xE5, 0xF1, 0xE4, 0x32, 0xE5, 0x32, 0xE5, 0x53, 0xE5, 0x11, 0xE5, 0xF1, 0xDC, 0x8F, 0xDC,
    0x0D, 0xCC, 0x0A, 0xAB, 0xA8, 0x9A, 0xE9, 0x9A, 0x0A, 0xA3, 0xE9, 0xA2, 0xC8, 0x9A, 0xA8, 0x92,
    0xC8, 0x92, 0xA8, 0x92, 0xA8, 0x92, 0xA8, 0x92, 0xA8, 0x92, 0xC8, 0x92, 0x8B, 0xAB, 0xAC, 0xAB,
    0xCC, 0xB3, 0xB0, 0xD4, 0xF0, 0xDC, 0xB0, 0xD4, 0x4E, 0xCC, 0x8B, 0xB3, 0xCD, 0xC3, 0xCC, 0xC3,
    0xC9, 0xA2, 0xE2, 0x50, 0x40, 0x28, 0x60, 0x20, 0xC1, 0x30, 0xA7, 0x7A, 0x8A, 0x9B, 0x8A, 0x9B,
    0xAB, 0x9B, 0x8A, 0x9B, 0x8A, 0x9B, 0xAA, 0x93, 0xAB, 0x93, 0x8A, 0x93, 0x29, 0x8B, 0x09, 0x83,
    0xC8, 0x7A, 0xC7, 0x7A, 0x87, 0x72, 0x66, 0x6A, 0x25, 0x6A, 0xC4, 0x59, 0xA3, 0x59, 0xA3, 0x51,
    0xA3, 0x59, 0x83, 0x59, 0x83, 0x51, 0x62, 0x51, 0x63, 0x51, 0x63, 0x51, 0x63, 0x49, 0x63, 0x49,
    0x84, 0x49, 0x06, 0x5A, 0x06, 0x62, 0x26, 0x6A, 0xA5, 0x51, 0x64, 0x49, 0x64, 0x49, 0x64, 0x49,
    0x64, 0x49, 0x84, 0x51, 0x84, 0x51, 0x84, 0x51, 0x84, 0x51, 0x84, 0x51, 0x84, 0x51, 0x84, 0x51,
    0x84, 0x51, 0x84, 0x51, 0x84, 0x51, 0x84, 0x51, 0x84, 0x49, 0x64, 0x49, 0x64, 0x49, 0x64, 0x49,
    0x84, 0x51, 0xA5, 0x51, 0xA5, 0x51, 0xA5, 0x59, 0x00, 0x00, 0x00, 0x00, 0x00, 0x00, 0x00, 0x00,
    0x00, 0x00, 0x00, 0x00, 0x00, 0x00, 0x00, 0x00, 0x00, 0x00, 0x00, 0x00, 0x20, 0x08, 0x61, 0x18,
    0x81, 0x20, 0x81, 0x20, 0x81, 0x20, 0x81, 0x20, 0x61, 0x18, 0x20, 0x08, 0x00, 0x08, 0x00, 0x08,
    0x00, 0x08, 0x00, 0x08, 0x20, 0x08, 0xC3, 0x69, 0x44, 0x82, 0xCF, 0xCC, 0x18, 0xFF, 0x54, 0xF6,
    0xF3, 0xED, 0xB3, 0xED, 0x72, 0xE5, 0x32, 0xE5, 0x32, 0xE5, 0x32, 0xE5, 0x12, 0xDD, 0x12, 0xE5,
    0x31, 0xE5, 0x32, 0xE5, 0x11, 0xE5, 0xF1, 0xE4, 0x32, 0xE5, 0x32, 0xE5, 0x32, 0xE5, 0x11, 0xE5,
    0xF1, 0xE4, 0xF1, 0xDC, 0x6F, 0xD4, 0xCD, 0xC3, 0xC9, 0xA2, 0x06, 0x8A, 0xE6, 0x79, 0x07, 0x82,
    0x27, 0x82, 0x27, 0x82, 0x06, 0x82, 0xE6, 0x79, 0xE5, 0x79, 0xC5, 0x71, 0xE5, 0x71, 0xC5, 0x71,
    0x87, 0x82, 0x2A, 0x9B, 0xC8, 0x92, 0x8B, 0xAB, 0x0D, 0xC4, 0x2D, 0xBC, 0x4B, 0xAB, 0xC8, 0xA2,
    0xC8, 0xAA, 0x46, 0x92, 0x47, 0x9A, 0x09, 0xB3, 0x84, 0x61, 0x61, 0x20, 0x60, 0x20, 0x22, 0x41,
    0x66, 0x72, 0xC7, 0x82, 0xE8, 0x82, 0xA7, 0x82, 0xC7, 0x82, 0xE8, 0x82, 0xE8, 0x82, 0xC8, 0x82,
    0xC7, 0x7A, 0x87, 0x72, 0x66, 0x72, 0x46, 0x6A, 0x25, 0x6A, 0xE4, 0x61, 0xE4, 0x61, 0xC4, 0x59,
    0xA3, 0x59, 0xA3, 0x59, 0xA3, 0x59, 0xA3, 0x59, 0x83, 0x59, 0x63, 0x51, 0x42, 0x49, 0x63, 0x49,
    0x43, 0x41, 0x23, 0x39, 0xC6, 0x51, 0x88, 0x6A, 0x89, 0x72, 0xA9, 0x72, 0x88, 0x6A, 0x88, 0x6A,
    0xA9, 0x72, 0x68, 0x6A, 0x27, 0x62, 0xE6, 0x59, 0xC5, 0x51, 0xA5, 0x51, 0x84, 0x49, 0x64, 0x49,
    0x64, 0x49, 0x64, 0x49, 0x64, 0x51, 0x84, 0x51, 0x84, 0x59, 0xA4, 0x59, 0xA4, 0x59, 0xA5, 0x59,
    0xA4, 0x51, 0x84, 0x51, 0xA4, 0x59, 0xA5, 0x59, 0xA5, 0x59, 0xA4, 0x51, 0x00, 0x00, 0x00, 0x00,
    0x00, 0x00, 0x00, 0x00, 0x00, 0x00, 0x00, 0x00, 0x00, 0x00, 0x00, 0x00, 0x00, 0x00, 0x00, 0x00,
    0x20, 0x08, 0x61, 0x18, 0x81, 0x20, 0x61, 0x20, 0x81, 0x20, 0x81, 0x20, 0x61, 0x18, 0x20, 0x10,
    0x20, 0x08, 0x00, 0x08, 0x20, 0x08, 0x20, 0x08, 0x00, 0x00, 0xA3, 0x59, 0x44, 0x82, 0xCF, 0xCC,
    0xF7, 0xFE, 0x34, 0xF6, 0xF3, 0xED, 0x92, 0xE5, 0x31, 0xE5, 0x31, 0xDD, 0x11, 0xDD, 0xF1, 0xDC,
    0xF1, 0xDC, 0x11, 0xDD, 0x11, 0xDD, 0xF1, 0xDC, 0xF1, 0xDC, 0x32, 0xE5, 0x32, 0xE5, 0x11, 0xE5,
    0x11, 0xE5, 0x11, 0xE5, 0xF1, 0xE4, 0xD0, 0xDC, 0xB0, 0xD4, 0x4F, 0xCC, 0xAC, 0xBB, 0xC9, 0xA2,
    0xE6, 0x81, 0x44, 0x69, 0x23, 0x61, 0x23, 0x59, 0x23, 0x59, 0x23, 0x51, 0x23, 0x51, 0x03, 0x51,
    0x02, 0x49, 0xE2, 0x48, 0xE2, 0x40, 0x23, 0x49, 0xA5, 0x59, 0x26, 0x72, 0x29, 0x93, 0x6B, 0xA3,
    0x87, 0x92, 0xE5, 0x89, 0xE5, 0x89, 0x63, 0x79, 0x63, 0x79, 0xA4, 0x79, 0xE2, 0x40, 0x61, 0x20,
    0xC2, 0x30, 0x22, 0x39, 0x42, 0x49, 0xC3, 0x61, 0x25, 0x6A, 0x25, 0x72, 0x25, 0x72, 0x25, 0x72,
    0x45, 0x72, 0x45, 0x72, 0x25, 0x6A, 0x25, 0x6A, 0x05, 0x6A, 0xE4, 0x61, 0xC4, 0x61, 0xA3, 0x59,
    0xC3, 0x61, 0xA3, 0x61, 0xA3, 0x59, 0xA3, 0x59, 0x83, 0x51, 0x83, 0x51, 0x83, 0x51, 0x42, 0x49,
    0x42, 0x41, 0x22, 0x39, 0x02, 0x31, 0xA5, 0x41, 0x68, 0x62, 0x88, 0x6A, 0x68, 0x6A, 0x68, 0x6A,
    0xA9, 0x72, 0xEA, 0x7A, 0x2A, 0x83, 0x2A, 0x83, 0x2A, 0x83, 0x4B, 0x8B, 0x4B, 0x8B, 0x4A, 0x8B,
    0x0A, 0x83, 0xC9, 0x7A, 0x88, 0x72, 0xA8, 0x72, 0x26, 0x62, 0xE5, 0x61, 0xE5, 0x61, 0xC5, 0x59,
    0xE5, 0x61, 0xE5, 0x61, 0xC4, 0x59, 0xE5, 0x61, 0xE5, 0x61, 0xE5, 0x61, 0x05, 0x6A, 0xE4, 0x61,
    0x00, 0x00, 0x00, 0x00, 0x00, 0x00, 0x00, 0x00, 0x20, 0x00, 0x00, 0x00, 0x00, 0x00, 0x00, 0x00,
    0x00, 0x00, 0x00, 0x00, 0x20, 0x08, 0x61, 0x18, 0x81, 0x20, 0x81, 0x20, 0x81, 0x20, 0x81, 0x20,
    0x40, 0x18, 0x00, 0x00, 0x00, 0x08, 0x00, 0x08, 0x00, 0x08, 0x20, 0x08, 0x00, 0x00, 0x42, 0x49,
    0x24, 0x7A, 0x10, 0xCD, 0xD6, 0xFE, 0x14, 0xEE, 0xB3, 0xED, 0x72, 0xE5, 0x31, 0xDD, 0x11, 0xDD,
    0x11, 0xDD, 0xF1, 0xDC, 0xF1, 0xDC, 0xF1, 0xDC, 0xD0, 0xDC, 0xD0, 0xDC, 0xF1, 0xDC, 0x11, 0xDD,
    0xF1, 0xDC, 0x12, 0xE5, 0x11, 0xDD, 0x11, 0xE5, 0xF1, 0xDC, 0xF1, 0xDC, 0xD1, 0xDC, 0xB0, 0xD4,
    0x4E, 0xCC, 0xED, 0xC3, 0x0A, 0xA3, 0x47, 0x8A, 0x64, 0x69, 0xC2, 0x58, 0xC2, 0x50, 0xA1, 0x48,
    0x81, 0x40, 0x61, 0x38, 0x61, 0x38, 0x60, 0x30, 0x40, 0x30, 0x00, 0x20, 0x00, 0x18, 0x20, 0x20,
    0xC2, 0x38, 0x84, 0x51, 0x43, 0x51, 0xC1, 0x40, 0xE2, 0x48, 0xE2, 0x48, 0xE2, 0x48, 0xE2, 0x38,
    0x23, 0x39, 0xC4, 0x59, 0x05, 0x62, 0x05, 0x62, 0x63, 0x41, 0xC1, 0x30, 0x62, 0x49, 0xC3, 0x59,
    0xC3, 0x61, 0xC3, 0x61, 0xC3, 0x61, 0xC3, 0x61, 0xC3, 0x61, 0xC4, 0x61, 0xA3, 0x61, 0x82, 0x59,
    0x21, 0x51, 0x42, 0x51, 0x82, 0x59, 0x62, 0x59, 0x62, 0x59, 0x42, 0x51, 0x42, 0x49, 0x42, 0x49,
    0x02, 0x39, 0xE1, 0x30, 0xC1, 0x28, 0x03, 0x29, 0xA6, 0x41, 0x28, 0x52, 0x07, 0x4A, 0x07, 0x52,
    0x07, 0x52, 0x07, 0x52, 0x28, 0x52, 0x48, 0x5A, 0x68, 0x62, 0x89, 0x6A, 0xEA, 0x72, 0x4B, 0x83,
    0x6C, 0x8B, 0xAC, 0x93, 0xCC, 0x9B, 0x0D, 0xA4, 0x2D, 0xA4, 0x4D, 0xAC, 0x4D, 0xAC, 0x6E, 0xB4,
    0x4D, 0xB4, 0x4D, 0xAC, 0x0C, 0xA4, 0x49, 0x8B, 0x87, 0x72, 0xC5, 0x59, 0xE5, 0x61, 0xE5, 0x61,
    0xE5, 0x61, 0x25, 0x6A, 0x00, 0x00, 0x00, 0x00, 0x00, 0x00, 0x20, 0x00, 0x20, 0x08, 0x20, 0x00,
    0x00, 0x00, 0x00, 0x00, 0x00, 0x00, 0x00, 0x00, 0x20, 0x08, 0x61, 0x18, 0x81, 0x20, 0x81, 0x20,
    0x81, 0x20, 0x61, 0x20, 0x81, 0x20, 0xE9, 0x7A, 0x4E, 0xB4, 0xEC, 0xAB, 0x47, 0x6A, 0x61, 0x20,
    0x00, 0x00, 0xE1, 0x30, 0x24, 0x7A, 0x10, 0xD5, 0x96, 0xFE, 0xF3, 0xED, 0x92, 0xE5, 0x52, 0xDD,
    0x11, 0xDD, 0xF1, 0xDC, 0x11, 0xDD, 0xD0, 0xD4, 0xD0, 0xD4, 0xD0, 0xDC, 0xD0, 0xDC, 0xD0, 0xDC,
    0xF1, 0xDC, 0xF1, 0xDC, 0xD1, 0xDC, 0xF1, 0xDC, 0xD0, 0xDC, 0xF1, 0xDC, 0xF1, 0xDC, 0xF0, 0xDC,
    0xD0, 0xDC, 0xB0, 0xD4, 0x8F, 0xD4, 0x2E, 0xC4, 0xAC, 0xBB, 0x0A, 0xA3, 0x48, 0x8A, 0xA5, 0x71,
    0x23, 0x61, 0xC2, 0x50, 0xC2, 0x50, 0xA1, 0x48, 0x81, 0x38, 0x60, 0x30, 0x20, 0x20, 0xA1, 0x30,
    0x67, 0x6A, 0x66, 0x6A, 0xC4, 0x59, 0x43, 0x49, 0xC1, 0x30, 0x60, 0x18, 0x00, 0x08, 0x00, 0x08,
    0x00, 0x08, 0x00, 0x10, 0x40, 0x18, 0x40, 0x18, 0x60, 0x20, 0x60, 0x18, 0x40, 0x18, 0x00, 0x08,
    0x20, 0x08, 0xC1, 0x30, 0x22, 0x41, 0x62, 0x49, 0x83, 0x51, 0x83, 0x51, 0x62, 0x51, 0x62, 0x51,
    0x62, 0x51, 0x42, 0x49, 0x21, 0x41, 0x01, 0x41, 0x01, 0x41, 0xE1, 0x38, 0xE1, 0x38, 0xA1, 0x30,
    0x80, 0x28, 0x80, 0x20, 0x60, 0x18, 0x40, 0x10, 0xA2, 0x18, 0x86, 0x31, 0xE7, 0x41, 0xA6, 0x39,
    0xA6, 0x41, 0xA6, 0x41, 0xC7, 0x41, 0xE7, 0x49, 0xE7, 0x49, 0x08, 0x4A, 0x68, 0x5A, 0x0A, 0x7B,
    0x8C, 0x8B, 0x2A, 0x83, 0xC8, 0x72, 0x4A, 0x8B, 0xED, 0x9B, 0x4E, 0xA4, 0x4E, 0xAC, 0x4D, 0xAC,
    0xEC, 0x9B, 0x4A, 0x83, 0xA8, 0x72, 0x46, 0x62, 0xC5, 0x51, 0x64, 0x49, 0x43, 0x49, 0x84, 0x51,
    0xA5, 0x59, 0xC5, 0x61, 0xC5, 0x59, 0xC5, 0x59, 0x00, 0x00, 0x00, 0x00, 0x20, 0x00, 0x20, 0x08,
    0x20, 0x08, 0x20, 0x08, 0x00, 0x00, 0x00, 0x00, 0x00, 0x00, 0x00, 0x00, 0x20, 0x08, 0x60, 0x18,
    0x81, 0x20, 0x81, 0x20, 0x81, 0x20, 0xC2, 0x28, 0x8F, 0xBC, 0x14, 0xFE, 0xF0, 0xF4, 0xF0, 0xEC,
    0xF0, 0xEC, 0xA8, 0x82, 0x00, 0x00, 0x81, 0x20, 0x44, 0x7A, 0xEF, 0xCC, 0x95, 0xFE, 0x92, 0xE5,
    0x51, 0xDD, 0x31, 0xDD, 0x11, 0xDD, 0xB0, 0xD4, 0xF0, 0xDC, 0xD0, 0xD4, 0xB0, 0xD4, 0xD0, 0xD4,
    0xD0, 0xD4, 0xB0, 0xD4, 0xD0, 0xDC, 0xB0, 0xD4, 0xB0, 0xD4, 0xD0, 0xDC, 0xD0, 0xDC, 0xD0, 0xDC,
    0xD0, 0xDC, 0xD0, 0xDC, 0xD0, 0xD4, 0xB0, 0xD4, 0x90, 0xD4, 0x4F, 0xCC, 0xED, 0xC3, 0x4A, 0xAB,
    0xA8, 0x92, 0x67, 0x8A, 0x05, 0x7A, 0xC4, 0x71, 0xE4, 0x71, 0x04, 0x7A, 0xE4, 0x71, 0xC3, 0x69,
    0xA3, 0x61, 0xE4, 0x69, 0x65, 0x7A, 0x87, 0x7A, 0xC7, 0x82, 0xE7, 0x82, 0x08, 0x8B, 0x08, 0x8B,
    0x08, 0x8B, 0xC7, 0x7A, 0x67, 0x6A, 0x05, 0x62, 0x05, 0x5A, 0x26, 0x62, 0x66, 0x6A, 0xA7, 0x72,
    0x29, 0x83, 0x49, 0x8B, 0xC8, 0x7A, 0x46, 0x6A, 0x05, 0x5A, 0xC4, 0x51, 0x83, 0x49, 0x42, 0x41,
    0x02, 0x39, 0xE1, 0x30, 0xA1, 0x28, 0x60, 0x20, 0x60, 0x18, 0x20, 0x10, 0x20, 0x10, 0x00, 0x10,
    0x00, 0x08, 0x00, 0x08, 0x00, 0x00, 0x00, 0x00, 0x00, 0x00, 0x40, 0x08, 0xC3, 0x18, 0x45, 0x31,
    0x65, 0x39, 0x85, 0x39, 0xA6, 0x41, 0xC6, 0x49, 0x07, 0x4A, 0x48, 0x5A, 0xA9, 0x6A, 0x2A, 0x83,
    0x4A, 0x8B, 0xE8, 0x7A, 0x84, 0x49, 0x40, 0x10, 0x00, 0x00, 0x40, 0x10, 0x03, 0x31, 0xA5, 0x49,
    0xA4, 0x49, 0x84, 0x49, 0x23, 0x41, 0x02, 0x39, 0xE2, 0x30, 0x03, 0x39, 0x44, 0x49, 0xA4, 0x59,
    0xC5, 0x61, 0xC5, 0x61, 0xC5, 0x61, 0xA5, 0x59, 0xA4, 0x59, 0xA4, 0x59, 0x00, 0x00, 0x00, 0x00,
    0x20, 0x08, 0x40, 0x08, 0x40, 0x08, 0x20, 0x08, 0x20, 0x08, 0x20, 0x00, 0x00, 0x00, 0x20, 0x00,
    0x20, 0x08, 0x61, 0x18, 0x81, 0x20, 0x81, 0x20, 0x40, 0x18, 0x4A, 0x8B, 0xF4, 0xFD, 0xE9, 0xBA,
    0x06, 0x92, 0x88, 0xAA, 0x6B, 0xCB, 0xAB, 0xCB, 0x03, 0x31, 0x40, 0x10, 0x04, 0x72, 0xCF, 0xCC,
    0x75, 0xFE, 0x51, 0xE5, 0x11, 0xDD, 0xF0, 0xD4, 0xD0, 0xD4, 0xAF, 0xD4, 0xD0, 0xD4, 0xD0, 0xD4,
    0xAF, 0xD4, 0xB0, 0xD4, 0xB0, 0xD4, 0x8F, 0xD4, 0xB0, 0xD4, 0x6F, 0xD4, 0x8F, 0xD4, 0xAF, 0xD4,
    0xB0, 0xD4, 0xD0, 0xDC, 0x8F, 0xD4, 0x8F, 0xD4, 0x6F, 0xCC, 0xCC, 0xBB, 0x6A, 0xAB, 0xE8, 0x9A,
    0x87, 0x8A, 0x86, 0x8A, 0x66, 0x8A, 0x85, 0x8A, 0x65, 0x8A, 0x65, 0x82, 0x45, 0x82, 0x25, 0x7A,
    0x25, 0x82, 0x25, 0x7A, 0x45, 0x82, 0x85, 0x8A, 0x29, 0x93, 0x6B, 0x8B, 0x4B, 0x83, 0x4B, 0x83,
    0x4B, 0x8B, 0xEC, 0x9B, 0x2D, 0xAC, 0x6E, 0xB4, 0x8E, 0xB4, 0x6E, 0xB4, 0xAF, 0xB4, 0xB0, 0xBC,
    0xD0, 0xBC, 0x31, 0xC5, 0xCF, 0xBC, 0xCE, 0xC4, 0x70, 0xD5, 0x71, 0xD5, 0x0F, 0xCD, 0x8D, 0xBC,
    0x4C, 0xAC, 0xEC, 0xA3, 0xCB, 0x9B, 0xAB, 0x93, 0x49, 0x83, 0xA7, 0x72, 0x67, 0x62, 0x46, 0x62,
    0x46, 0x62, 0x46, 0x62, 0x67, 0x6A, 0xA7, 0x6A, 0xA7, 0x72, 0xC8, 0x72, 0x29, 0x83, 0x8A, 0x8B,
    0xAB, 0x93, 0xEC, 0x9B, 0xEC, 0x9B, 0x0D, 0xA4, 0x2D, 0xA4, 0x6E, 0xAC, 0x2D, 0xA4, 0xEC, 0x9B,
    0x6A, 0x8B, 0x67, 0x6A, 0x43, 0x39, 0x40, 0x10, 0x00, 0x00, 0x41, 0x10, 0x81, 0x20, 0xA2, 0x20,
    0x23, 0x39, 0x84, 0x49, 0xE5, 0x59, 0x26, 0x6A, 0x26, 0x72, 0x26, 0x6A, 0x06, 0x6A, 0xE5, 0x61,
    0xC5, 0x59, 0xA5, 0x59, 0xA4, 0x59, 0xC5, 0x59, 0xC5, 0x61, 0xC5, 0x61, 0xC5, 0x59, 0xE5, 0x61,
    0x00, 0x08, 0x20, 0x08, 0x20, 0x08, 0x40, 0x08, 0x40, 0x08, 0x20, 0x08, 0x20, 0x08, 0x20, 0x08,
    0x20, 0x08, 0x20, 0x08, 0x40, 0x10, 0x60, 0x18, 0x81, 0x20, 0x81, 0x20, 0xA1, 0x28, 0x4E, 0xBC,
    0x2D, 0xDC, 0xC5, 0x81, 0x40, 0x10, 0xE2, 0x38, 0x09, 0xBB, 0x2A, 0xCB, 0xC5, 0x61, 0x00, 0x00,
    0xC3, 0x69, 0x8D, 0xC4, 0x35, 0xF6, 0x51, 0xDD, 0x10, 0xDD, 0xCF, 0xD4, 0x8F, 0xCC, 0x6F, 0xCC,
    0x8F, 0xCC, 0x8F, 0xD4, 0x6F, 0xCC, 0x8F, 0xD4, 0x6F, 0xD4, 0x6F, 0xD4, 0x6F, 0xCC, 0x6F, 0xD4,
    0x6F, 0xD4, 0x6F, 0xD4, 0x8F, 0xD4, 0x8F, 0xD4, 0x90, 0xD4, 0x10, 0xDD, 0x0B, 0xBC, 0x69, 0xA3,
    0x07, 0x93, 0xC7, 0x92, 0xC6, 0x92, 0xA6, 0x92, 0xA6, 0x92, 0xC6, 0x92, 0xE7, 0x9A, 0xE7, 0x9A,
    0xC7, 0x92, 0x86, 0x8A, 0x86, 0x92, 0xA7, 0x92, 0xC7, 0x9A, 0xE7, 0x9A, 0xE7, 0x92, 0x87, 0x7A,
    0x67, 0x72, 0x47, 0x62, 0x06, 0x5A, 0xA5, 0x51, 0x64, 0x49, 0x84, 0x51, 0xC4, 0x61, 0x05, 0x6A,
    0x25, 0x72, 0x25, 0x72, 0x46, 0x72, 0xE9, 0x82, 0x2E, 0xA4, 0x8C, 0x8B, 0x8B, 0x93, 0x4E, 0xAC,
    0xAF, 0xB4, 0x15, 0xDE, 0x3A, 0xF7, 0x97, 0xE6, 0xF1, 0xBC, 0xED, 0x9B, 0xCC, 0x9B, 0xB2, 0xDD,
    0xB1, 0xDD, 0x71, 0xD5, 0x50, 0xD5, 0x70, 0xD5, 0x91, 0xD5, 0xD2, 0xDD, 0xD2, 0xDD, 0xB1, 0xDD,
    0x2F, 0xCD, 0x4C, 0xAC, 0x8A, 0x93, 0x29, 0x83, 0xA8, 0x72, 0x87, 0x6A, 0xA8, 0x72, 0x87, 0x6A,
    0x06, 0x62, 0xA4, 0x51, 0x44, 0x41, 0x44, 0x41, 0x64, 0x49, 0xC6, 0x59, 0xE6, 0x61, 0x06, 0x62,
    0x26, 0x6A, 0x26, 0x6A, 0x47, 0x6A, 0x47, 0x6A, 0x47, 0x72, 0x46, 0x6A, 0x26, 0x6A, 0x46, 0x72,
    0x66, 0x7A, 0x87, 0x7A, 0xA7, 0x82, 0x87, 0x7A, 0x87, 0x7A, 0x87, 0x7A, 0x66, 0x7A, 0x46, 0x72,
    0x05, 0x6A, 0xE5, 0x61, 0x40, 0x08, 0x40, 0x08, 0x41, 0x10, 0x41, 0x10, 0x61, 0x10, 0x41, 0x10,
    0x40, 0x08, 0x40, 0x08, 0x40, 0x08, 0x40, 0x08, 0x40, 0x10, 0x60, 0x18, 0x81, 0x20, 0x60, 0x20,
    0xC2, 0x30, 0xED, 0xBB, 0xAC, 0xD3, 0xC5, 0x79, 0x00, 0x00, 0x81, 0x18, 0xCC, 0xC3, 0x4A, 0xCB,
    0xE6, 0x71, 0x00, 0x00, 0x22, 0x49, 0x4D, 0xC4, 0x34, 0xF6, 0x51, 0xDD, 0xF0, 0xD4, 0x8F, 0xCC,
    0x4E, 0xCC, 0x4E, 0xCC, 0x4E, 0xCC, 0x4E, 0xCC, 0x4E, 0xCC, 0x4E, 0xCC, 0x4E, 0xCC, 0x2E, 0xCC,
    0x0E, 0xCC, 0x2E, 0xCC, 0x0D, 0xCC, 0x2E, 0xCC, 0x2E, 0xCC, 0x2E, 0xCC, 0x8E, 0xCC, 0x2B, 0xB4,
    0xCA, 0xB3, 0xEB, 0xB3, 0xCA, 0xAB, 0x69, 0x9B, 0x69, 0xA3, 0xCA, 0xB3, 0xAA, 0xAB, 0x49, 0xA3,
    0x08, 0x9B, 0x08, 0x9B, 0x28, 0xA3, 0x08, 0xA3, 0xE7, 0x9A, 0xE7, 0x9A, 0xE7, 0x9A, 0xE7, 0x9A,
    0xE7, 0x9A, 0x07, 0xA3, 0x08, 0xA3, 0x07, 0x9B, 0xA6, 0x92, 0x85, 0x8A, 0x45, 0x82, 0x04, 0x72,
    0x04, 0x72, 0xE4, 0x71, 0xE3, 0x69, 0xE3, 0x69, 0xC3, 0x69, 0x82, 0x61, 0xE4, 0x69, 0x09, 0x83,
    0xEA, 0x72, 0x6C, 0x83, 0xB1, 0xA4, 0x74, 0xBD, 0xD1, 0xAC, 0x0A, 0x73, 0x64, 0x39, 0x80, 0x20,
    0x66, 0x72, 0x6D, 0xB4, 0xAE, 0xBC, 0x30, 0xC5, 0x0F, 0xC5, 0x8E, 0xB4, 0xAE, 0xBC, 0x0C, 0xA4,
    0x29, 0x8B, 0xA7, 0x72, 0x83, 0x51, 0xA1, 0x30, 0xA1, 0x30, 0xE2, 0x40, 0x43, 0x49, 0xC4, 0x59,
    0xE5, 0x61, 0x05, 0x6A, 0x46, 0x72, 0x87, 0x7A, 0x88, 0x7A, 0xA8, 0x82, 0xA8, 0x82, 0x87, 0x7A,
    0x47, 0x72, 0x47, 0x72, 0x47, 0x72, 0x46, 0x72, 0x67, 0x7A, 0x87, 0x82, 0x67, 0x7A, 0x46, 0x72,
    0x46, 0x72, 0x46, 0x72, 0x46, 0x72, 0x46, 0x72, 0x66, 0x7A, 0x66, 0x7A, 0x66, 0x72, 0x86, 0x7A,
    0x87, 0x7A, 0xA7, 0x82, 0xA7, 0x7A, 0x87, 0x7A, 0x40, 0x10, 0x41, 0x10, 0x61, 0x10, 0x61, 0x10,
    0x61, 0x10, 0x61, 0x10, 0x61, 0x10, 0x41, 0x10, 0x41, 0x10, 0x40, 0x10, 0x40, 0x10, 0x60, 0x18,
    0x61, 0x20, 0x61, 0x18, 0xA1, 0x28, 0x6B, 0xA3, 0xAC, 0xCB, 0x0A, 0xB3, 0x61, 0x18, 0x03, 0x31,
    0x6E, 0xE4, 0xE9, 0xC2, 0x03, 0x41, 0x00, 0x00, 0xA8, 0x7A, 0x13, 0xF6, 0xF3, 0xED, 0x51, 0xE5,
    0xD0, 0xD4, 0x8F, 0xCC, 0x6F, 0xCC, 0x2E, 0xC4, 0x2E, 0xCC, 0x0D, 0xC4, 0x0E, 0xC4, 0x0D, 0xC4,
    0xED, 0xC3, 0xED, 0xC3, 0xED, 0xC3, 0xED, 0xC3, 0xED, 0xC3, 0xCC, 0xC3, 0x0D, 0xC4, 0x2E, 0xCC,
    0xE7, 0x92, 0x04, 0x72, 0x04, 0x72, 0x04, 0x72, 0x04, 0x72, 0x05, 0x6A, 0x66, 0x7A, 0xA7, 0x82,
    0xEB, 0xB3, 0xAA, 0xA3, 0x49, 0x9B, 0x49, 0x9B, 0x69, 0xA3, 0x89, 0xAB, 0xAA, 0xB3, 0x69, 0xAB,
    0x49, 0xAB, 0x48, 0xA3, 0x28, 0xA3, 0x08, 0x9B, 0x48, 0xA3, 0x69, 0xAB, 0x28, 0xA3, 0x08, 0x9B,
    0xC7, 0x92, 0xC7, 0x92, 0xC7, 0x92, 0xC7, 0x92, 0xC7, 0x92, 0xA6, 0x8A, 0x86, 0x82, 0x86, 0x82,
    0x45, 0x7A, 0x24, 0x7A, 0x83, 0x59, 0xE2, 0x30, 0xC2, 0x28, 0x40, 0x18, 0x00, 0x00, 0x00, 0x00,
    0x20, 0x10, 0xE1, 0x30, 0x02, 0x41, 0x22, 0x49, 0xC3, 0x61, 0xC7, 0x8A, 0xC7, 0x82, 0xE4, 0x69,
    0x63, 0x49, 0xC2, 0x30, 0xC5, 0x59, 0x26, 0x6A, 0x66, 0x72, 0xA7, 0x82, 0xC7, 0x8A, 0xC7, 0x92,
    0xE7, 0x92, 0x08, 0x9B, 0xE8, 0x92, 0xC7, 0x8A, 0xA7, 0x8A, 0x87, 0x82, 0x67, 0x7A, 0x67, 0x7A,
    0x87, 0x7A, 0x87, 0x82, 0xA8, 0x8A, 0xC7, 0x8A, 0xC7, 0x8A, 0xC7, 0x8A, 0xC7, 0x8A, 0xA7, 0x8A,
    0x87, 0x82, 0x66, 0x82, 0x66, 0x7A, 0x86, 0x82, 0x66, 0x7A, 0x46, 0x7A, 0x46, 0x72, 0x26, 0x72,
    0x06, 0x6A, 0x05, 0x6A, 0xE5, 0x69, 0xE5, 0x61, 0xE5, 0x61, 0x06, 0x6A, 0x41, 0x10, 0x61, 0x10,
    0x61, 0x18, 0x61, 0x18, 0x61, 0x18, 0x61, 0x10, 0x61, 0x10, 0x41, 0x10, 0x40, 0x08, 0x40, 0x08,
    0x40, 0x10, 0x40, 0x10, 0x60, 0x18, 0x81, 0x20, 0x61, 0x20, 0x26, 0x6A, 0x8B, 0xCB, 0xAC, 0xD3,
    0xAC, 0xB3, 0x2D, 0xB4, 0xCF, 0xEC, 0xC8, 0xB2, 0x67, 0x72, 0xAF, 0xBC, 0x56, 0xFE, 0xD4, 0xF5,
    0xD3, 0xED, 0x51, 0xE5, 0xF0, 0xD4, 0x8F, 0xCC, 0x6F, 0xCC, 0x0D, 0xC4, 0x2E, 0xC4, 0x0D, 0xC4,
    0xED, 0xC3, 0xCC, 0xC3, 0xCC, 0xC3, 0xAC, 0xC3, 0xCC, 0xC3, 0xCC, 0xC3, 0xCD, 0xC3, 0xCD, 0xC3,
    0xAC, 0xC3, 0xCC, 0xC3, 0x66, 0x82, 0x63, 0x51, 0x43, 0x49, 0x22, 0x41, 0x43, 0x49, 0xC4, 0x61,
    0x04, 0x72, 0x63, 0x59, 0xC4, 0x69, 0x04, 0x72, 0x25, 0x7A, 0x66, 0x7A, 0x66, 0x82, 0xA6, 0x8A,
    0xC7, 0x8A, 0x28, 0x9B, 0x49, 0x9B, 0x49, 0x9B, 0xCA, 0xB3, 0xEA, 0xB3, 0xAA, 0xB3, 0x8A, 0xAB,
    0x69, 0xAB, 0x49, 0xAB, 0x28, 0xA3, 0x08, 0x9B, 0xE7, 0x9A, 0xE7, 0x9A, 0xC7, 0x92, 0xA7, 0x8A,
    0xC7, 0x92, 0xE7, 0x92, 0xE7, 0x92, 0xC7, 0x92, 0x86, 0x82, 0x04, 0x6A, 0xA3, 0x59, 0x63, 0x51,
    0x43, 0x49, 0x22, 0x41, 0x42, 0x41, 0x63, 0x49, 0xC4, 0x61, 0x25, 0x72, 0x65, 0x82, 0xA6, 0x92,
    0xA6, 0x8A, 0xA6, 0x8A, 0xC7, 0x92, 0xE7, 0x92, 0x28, 0x9B, 0x49, 0x9B, 0x49, 0x9B, 0x8A, 0xA3,
    0x49, 0x9B, 0x29, 0x93, 0xC8, 0x8A, 0xA8, 0x82, 0xE8, 0x8A, 0xC8, 0x8A, 0x08, 0x93, 0xC8, 0x8A,
    0x87, 0x82, 0x87, 0x82, 0x87, 0x82, 0xA7, 0x82, 0xC8, 0x8A, 0xA7, 0x8A, 0xA7, 0x8A, 0xA7, 0x8A,
    0x87, 0x82, 0x66, 0x82, 0x66, 0x82, 0x87, 0x82, 0x66, 0x82, 0x87, 0x82, 0x66, 0x82, 0x87, 0x82,
    0x86, 0x82, 0x66, 0x82, 0x66, 0x7A, 0x46, 0x7A, 0x26, 0x72, 0x06, 0x6A, 0x06, 0x6A, 0x06, 0x72,
    0x40, 0x10, 0x60, 0x10, 0x61, 0x18, 0x61, 0x18, 0x61, 0x18, 0x61, 0x18, 0x61, 0x10, 0x40, 0x10,
    0x40, 0x08, 0x40, 0x08, 0x40, 0x10, 0x40, 0x10, 0x60, 0x18, 0x40, 0x18, 0x40, 0x18, 0x81, 0x20,
    0x67, 0x82, 0x09, 0xB3, 0xED, 0xD3, 0xF0, 0xEC, 0x31, 0xED, 0x51, 0xED, 0xD3, 0xFD, 0x92, 0xF5,
    0x4E, 0xDC, 0xEC, 0xCB, 0x72, 0xE5, 0x31, 0xDD, 0xD0, 0xD4, 0x8F, 0xCC, 0x8F, 0xCC, 0x4E, 0xCC,
    0x4E, 0xCC, 0x2E, 0xCC, 0xED, 0xCB, 0x8C, 0xC3, 0x4B, 0xBB, 0x4A, 0xBB, 0x4A, 0xBB, 0x6B, 0xBB,
    0x4B, 0xBB, 0x6B, 0xBB, 0x8B, 0xBB, 0xAC, 0xBB, 0x45, 0x7A, 0x63, 0x49, 0x43, 0x41, 0x23, 0x41,
    0x23, 0x41, 0x63, 0x49, 0xA4, 0x59, 0x43, 0x49, 0x22, 0x41, 0xE2, 0x38, 0x22, 0x41, 0x43, 0x49,
    0x83, 0x51, 0x63, 0x51, 0x63, 0x51, 0xC4, 0x61, 0xC4, 0x61, 0xC4, 0x61, 0x66, 0x82, 0x69, 0xAB,
    0x49, 0x9B, 0x29, 0x93, 0x08, 0x93, 0x29, 0x93, 0xAA, 0xAB, 0xEB, 0xBB, 0xCA, 0xB3, 0x69, 0xAB,
    0x48, 0xA3, 0x08, 0x9B, 0x08, 0x9B, 0x48, 0xA3, 0x28, 0x9B, 0x28, 0x9B, 0x49, 0xA3, 0x48, 0x9B,
    0x28, 0x9B, 0x28, 0x9B, 0xC7, 0x92, 0xA6, 0x8A, 0xA6, 0x8A, 0xA6, 0x8A, 0xA6, 0x8A, 0xC7, 0x8A,
    0xA6, 0x8A, 0xA6, 0x8A, 0xA6, 0x8A, 0x86, 0x8A, 0xA6, 0x8A, 0xA6, 0x8A, 0x86, 0x8A, 0x65, 0x82,
    0x65, 0x82, 0x86, 0x8A, 0xA6, 0x92, 0xE7, 0x9A, 0x08, 0x9B, 0x08, 0x93, 0x29, 0x9B, 0x29, 0x93,
    0x2A, 0x93, 0x09, 0x8B, 0x09, 0x8B, 0x29, 0x93, 0x09, 0x8B, 0xA8, 0x82, 0xA8, 0x82, 0xA8, 0x82,
    0x87, 0x82, 0xA7, 0x8A, 0xA7, 0x8A, 0x87, 0x82, 0x87, 0x82, 0x66, 0x7A, 0x46, 0x72, 0x26, 0x72,
    0x46, 0x7A, 0x67, 0x7A, 0x66, 0x82, 0x66, 0x82, 0x66, 0x82, 0x66, 0x82, 0x46, 0x7A, 0x26, 0x72,
    0x26, 0x72, 0x05, 0x72, 0x40, 0x10, 0x40, 0x10, 0x60, 0x10, 0x61, 0x18, 0x61, 0x18, 0x61, 0x18,
    0x61, 0x10, 0x60, 0x10, 0x40, 0x08, 0x40, 0x08, 0x40, 0x10, 0x40, 0x10, 0x03, 0x31, 0x64, 0x49,
    0x03, 0x39, 0xC2, 0x30, 0xC5, 0x59, 0xAB, 0xBB, 0xE9, 0xB2, 0xE9, 0xB2, 0x8C, 0xCB, 0xCC, 0xCB,
    0x4B, 0xC3, 0xA8, 0xB2, 0x26, 0x9A, 0xE5, 0x81, 0xF0, 0xD4, 0x51, 0xDD, 0xD0, 0xD4, 0x8F, 0xCC,
    0x6F, 0xCC, 0x6F, 0xCC, 0x6F, 0xCC, 0x4E, 0xD4, 0x0D, 0xCC, 0xAC, 0xCB, 0x8B, 0xCB, 0x6B, 0xCB,
    0xAC, 0xCB, 0xED, 0xD3, 0xEC, 0xCB, 0xAC, 0xC3, 0x8B, 0xBB, 0x6B, 0xBB, 0x05, 0x7A, 0x22, 0x41,
    0x63, 0x51, 0x83, 0x51, 0x83, 0x51, 0xC4, 0x61, 0xA4, 0x51, 0xC4, 0x59, 0x84, 0x51, 0x63, 0x49,
    0x63, 0x49, 0x63, 0x49, 0x43, 0x41, 0x63, 0x49, 0x63, 0x49, 0x83, 0x51, 0x83, 0x51, 0x43, 0x49,
    0x22, 0x49, 0x43, 0x51, 0x83, 0x59, 0x83, 0x59, 0x84, 0x59, 0xA4, 0x61, 0x05, 0x72, 0xA7, 0x82,
    0x49, 0x9B, 0xAA, 0xA3, 0xAA, 0xAB, 0x0B, 0xBC, 0x4B, 0xBC, 0x0B, 0xB4, 0xEA, 0xB3, 0xCA, 0xAB,
    0x89, 0xAB, 0x89, 0xAB, 0xAA, 0xAB, 0x69, 0xA3, 0x49, 0xA3, 0x28, 0x9B, 0x08, 0x9B, 0xE7, 0x92,
    0xC7, 0x92, 0xC7, 0x92, 0xA7, 0x8A, 0xA7, 0x8A, 0x86, 0x82, 0x86, 0x82, 0x66, 0x82, 0x66, 0x82,
    0x86, 0x82, 0x65, 0x82, 0x45, 0x82, 0x65, 0x82, 0x65, 0x82, 0x45, 0x82, 0x66, 0x82, 0x86, 0x82,
    0xA7, 0x8A, 0x08, 0x9B, 0x29, 0x9B, 0x08, 0x9B, 0x08, 0x93, 0x08, 0x93, 0x09, 0x93, 0xC8, 0x8A,
    0xA8, 0x82, 0xC8, 0x82, 0xA8, 0x82, 0xA7, 0x82, 0xA7, 0x82, 0x87, 0x7A, 0x46, 0x7A, 0x66, 0x7A,
    0x67, 0x7A, 0x26, 0x6A, 0x06, 0x6A, 0xE5, 0x61, 0xE5, 0x61, 0xE5, 0x61, 0xC5, 0x61, 0xE5, 0x61,
    0xE5, 0x69, 0x05, 0x6A, 0x25, 0x72, 0x26, 0x72, 0x40, 0x10, 0x40, 0x10, 0x60, 0x10, 0x60, 0x18,
    0x61, 0x18, 0x61, 0x18, 0x61, 0x10, 0x61, 0x10, 0x41, 0x10, 0x40, 0x10, 0x40, 0x10, 0x40, 0x10,
    0x23, 0x39, 0x4A, 0x93, 0x6E, 0xC4, 0x30, 0xDD, 0x31, 0xED, 0x4D, 0xDC, 0x67, 0x9A, 0x43, 0x59,
    0x43, 0x61, 0x64, 0x69, 0x43, 0x61, 0x03, 0x49, 0xA2, 0x28, 0xC1, 0x38, 0x4D, 0xBC, 0x72, 0xE5,
    0xAF, 0xCC, 0x8F, 0xCC, 0x8F, 0xCC, 0x8F, 0xCC, 0x6F, 0xD4, 0x2E, 0xD4, 0xEC, 0xCB, 0x0D, 0xD4,
    0x4E, 0xDC, 0x6E, 0xDC, 0x8F, 0xE4, 0xB0, 0xE4, 0xF0, 0xE4, 0xF1, 0xE4, 0xB0, 0xDC, 0x6F, 0xDC,
    0x8C, 0xBB, 0xC5, 0x69, 0x63, 0x51, 0x83, 0x59, 0x63, 0x51, 0x42, 0x49, 0x42, 0x49, 0x83, 0x51,
    0x63, 0x51, 0x63, 0x51, 0x63, 0x49, 0x43, 0x41, 0x43, 0x49, 0xA4, 0x59, 0xA4, 0x59, 0x63, 0x49,
    0x83, 0x51, 0x83, 0x59, 0x63, 0x51, 0x63, 0x51, 0x63, 0x49, 0x42, 0x49, 0x42, 0x49, 0x63, 0x51,
    0x83, 0x59, 0x83, 0x59, 0x63, 0x59, 0xA3, 0x59, 0x04, 0x72, 0xE7, 0x92, 0x89, 0xA3, 0xEA, 0xB3,
    0x6C, 0xBC, 0x6C, 0xC4, 0x2B, 0xB4, 0x0B, 0xB4, 0x0B, 0xB4, 0x0B, 0xB4, 0x0B, 0xB4, 0x0B, 0xB4,
    0xEA, 0xB3, 0xCA, 0xAB, 0x89, 0xA3, 0x28, 0x9B, 0x07, 0x9B, 0x08, 0x9B, 0x07, 0x9B, 0x08, 0x9B,
    0x07, 0x9B, 0xE7, 0x92, 0xC7, 0x92, 0xC7, 0x8A, 0xC7, 0x8A, 0xA7, 0x8A, 0x87, 0x82, 0x87, 0x82,
    0xA7, 0x8A, 0xA7, 0x8A, 0xA8, 0x8A, 0xE9, 0x8A, 0x09, 0x93, 0xC8, 0x8A, 0xC8, 0x8A, 0xC8, 0x8A,
    0xC8, 0x8A, 0xC8, 0x8A, 0xC8, 0x8A, 0xC8, 0x8A, 0xA7, 0x8A, 0x87, 0x82, 0x46, 0x72, 0x67, 0x7A,
    0x67, 0x7A, 0x67, 0x7A, 0xA7, 0x82, 0x87, 0x7A, 0x87, 0x7A, 0x67, 0x72, 0x46, 0x6A, 0x46, 0x6A,
    0x06, 0x6A, 0xE5, 0x61, 0xE5, 0x61, 0xE5, 0x61, 0xC5, 0x59, 0xE5, 0x61, 0x40, 0x10, 0x40, 0x10,
    0x60, 0x10, 0x60, 0x10, 0x61, 0x10, 0x61, 0x10, 0x61, 0x10, 0x41, 0x10, 0x41, 0x10, 0x40, 0x10,
    0x40, 0x10, 0x40, 0x10, 0x60, 0x18, 0xE2, 0x30, 0xA5, 0x59, 0x46, 0x72, 0xE5, 0x69, 0x23, 0x49,
    0xA1, 0x28, 0x20, 0x08, 0x00, 0x08, 0x00, 0x08, 0x20, 0x00, 0x00, 0x00, 0x00, 0x00, 0xA1, 0x28,
    0x6A, 0x9B, 0x52, 0xDD, 0x8F, 0xCC, 0x6E, 0xCC, 0xD0, 0xD4, 0x6F, 0xCC, 0x8F, 0xD4, 0x2E, 0xD4,
    0x2D, 0xD4, 0x6E, 0xDC, 0x6E, 0xDC, 0x8F, 0xDC, 0xB0, 0xE4, 0xF1, 0xE4, 0xF1, 0xE4, 0xF0, 0xE4,
    0xF1, 0xE4, 0x11, 0xE5, 0xD0, 0xE4, 0x8F, 0xDC, 0xCD, 0xC3, 0xA9, 0x9A, 0x27, 0x82, 0x06, 0x7A,
    0x84, 0x61, 0x43, 0x51, 0x22, 0x49, 0x02, 0x41, 0x22, 0x41, 0x42, 0x49, 0x62, 0x51, 0x83, 0x51,
    0x83, 0x51, 0xA3, 0x59, 0x83, 0x51, 0x43, 0x49, 0x43, 0x49, 0x63, 0x51, 0x63, 0x51, 0x63, 0x49,
    0x63, 0x51, 0xA3, 0x59, 0x83, 0x59, 0xA3, 0x59, 0x83, 0x59, 0x63, 0x51, 0x83, 0x59, 0x83, 0x59,
    0x83, 0x61, 0xE4, 0x71, 0x45, 0x7A, 0xE7, 0x92, 0x89, 0xA3, 0x2B, 0xBC, 0x6C, 0xBC, 0x2B, 0xB4,
    0xAB, 0xA3, 0x8A, 0x9B, 0xAA, 0xA3, 0x2B, 0xBC, 0xCD, 0xCC, 0x6B, 0xC4, 0x0A, 0xBC, 0xA9, 0xB3,
    0x89, 0xAB, 0x89, 0xAB, 0xA9, 0xB3, 0x89, 0xAB, 0x48, 0xA3, 0x08, 0x9B, 0xC7, 0x92, 0xA7, 0x8A,
    0x87, 0x82, 0x87, 0x82, 0x87, 0x7A, 0x88, 0x82, 0xA8, 0x7A, 0xC9, 0x82, 0xC8, 0x82, 0xC8, 0x82,
    0x87, 0x7A, 0x47, 0x72, 0x47, 0x72, 0x47, 0x72, 0x47, 0x72, 0x46, 0x72, 0x46, 0x72, 0x46, 0x7A,
    0x47, 0x7A, 0x67, 0x7A, 0x67, 0x7A, 0x66, 0x7A, 0x46, 0x72, 0x26, 0x72, 0x26, 0x72, 0x26, 0x72,
    0x26, 0x72, 0x67, 0x7A, 0x67, 0x7A, 0x46, 0x72, 0x67, 0x72, 0x67, 0x72, 0x46, 0x6A, 0x26, 0x6A,
    0x40, 0x10, 0x40, 0x10, 0x40, 0x10, 0x60, 0x10, 0x61, 0x10, 0x60, 0x10, 0x41, 0x10, 0x40, 0x10,
    0x40, 0x08, 0x40, 0x08, 0x20, 0x08, 0x40, 0x10, 0x60, 0x18, 0x40, 0x18, 0x40, 0x10, 0x40, 0x18,
    0x20, 0x10, 0x00, 0x08, 0x00, 0x00, 0x00, 0x08, 0x20, 0x08, 0x20, 0x08, 0x20, 0x00, 0x20, 0x00,
    0x01, 0x00, 0x81, 0x20, 0x66, 0x7A, 0xF0, 0xCC, 0xAF, 0xCC, 0x6E, 0xC4, 0xB0, 0xCC, 0x6F, 0xCC,
    0x6E, 0xD4, 0x6E, 0xD4, 0x6F, 0xD4, 0xAF, 0xDC, 0x8F, 0xDC, 0xD0, 0xDC, 0xD0, 0xE4, 0xF0, 0xE4,
    0xF1, 0xE4, 0xF1, 0xE4, 0xF0, 0xE4, 0x11, 0xE5, 0xF0, 0xDC, 0xD0, 0xDC, 0xB0, 0xD4, 0x4E, 0xCC,
    0x2A, 0xAB, 0x88, 0x9A, 0xA8, 0x9A, 0x47, 0x92, 0xE6, 0x79, 0xC5, 0x71, 0x84, 0x61, 0x63, 0x59,
    0x22, 0x51, 0x02, 0x41, 0x22, 0x49, 0x63, 0x51, 0x83, 0x59, 0xA3, 0x51, 0x83, 0x59, 0xA3, 0x59,
    0xA3, 0x59, 0xA3, 0x59, 0x83, 0x59, 0x83, 0x59, 0x83, 0x59, 0x83, 0x59, 0x83, 0x59, 0xA3, 0x61,
    0xC3, 0x69, 0x04, 0x72, 0xE4, 0x69, 0xA3, 0x61, 0x83, 0x59, 0xA3, 0x61, 0xE3, 0x69, 0x85, 0x8A,
    0x47, 0xA3, 0x68, 0xA3, 0x07, 0x93, 0x48, 0x9B, 0x07, 0x93, 0x08, 0x93, 0x89, 0xA3, 0x69, 0xA3,
    0x28, 0x9B, 0x69, 0xA3, 0xCA, 0xB3, 0x0B, 0xBC, 0xCA, 0xAB, 0x89, 0xA3, 0xCA, 0xAB, 0xAA, 0xAB,
    0x28, 0x9B, 0xE8, 0x92, 0xC7, 0x8A, 0xE8, 0x92, 0xC8, 0x8A, 0xA8, 0x8A, 0xA8, 0x82, 0xA7, 0x82,
    0xA8, 0x82, 0xC8, 0x82, 0xA8, 0x82, 0x67, 0x72, 0x67, 0x72, 0x67, 0x72, 0x67, 0x72, 0x47, 0x6A,
    0x27, 0x6A, 0x06, 0x6A, 0x06, 0x6A, 0x26, 0x6A, 0x26, 0x6A, 0x05, 0x6A, 0x06, 0x6A, 0x05, 0x6A,
    0xE5, 0x69, 0xE5, 0x61, 0xE5, 0x69, 0x05, 0x6A, 0x05, 0x6A, 0x05, 0x6A, 0x05, 0x6A, 0x25, 0x6A,
    0x26, 0x72, 0x46, 0x72, 0x40, 0x10, 0x40, 0x08, 0x40, 0x08, 0x40, 0x10, 0x40, 0x10, 0x41, 0x10,
    0x40, 0x10, 0x40, 0x08, 0x40, 0x08, 0x40, 0x08, 0x40, 0x08, 0x40, 0x10, 0x60, 0x18, 0x60, 0x18,
    0x60, 0x18, 0x60, 0x18, 0x40, 0x10, 0x20, 0x08, 0x20, 0x08, 0x20, 0x08, 0x20, 0x08, 0x20, 0x08,
    0x00, 0x00, 0x20, 0x00, 0x01, 0x00, 0x61, 0x10, 0x83, 0x59, 0x2D, 0xB4, 0xD0, 0xCC, 0x6F, 0xC4,
    0x8F, 0xCC, 0x6F, 0xCC, 0x8F, 0xD4, 0x6F, 0xCC, 0x8F, 0xD4, 0x8F, 0xD4, 0xB0, 0xDC, 0xD0, 0xDC,
    0xF1, 0xDC, 0xB0, 0xDC, 0xD0, 0xDC, 0xF1, 0xE4, 0xF1, 0xDC, 0xF1, 0xDC, 0xF0, 0xDC, 0xB0, 0xD4,
    0x6F, 0xD4, 0x8F, 0xCC, 0x6F, 0xC4, 0x4B, 0xA3, 0x06, 0x7A, 0xC5, 0x79, 0xE6, 0x81, 0x06, 0x82,
    0xE6, 0x81, 0xA5, 0x71, 0xA5, 0x71, 0x43, 0x61, 0x03, 0x59, 0xC2, 0x40, 0xC1, 0x38, 0xC1, 0x40,
    0xC1, 0x30, 0xE1, 0x38, 0x22, 0x49, 0x42, 0x51, 0x42, 0x51, 0x62, 0x51, 0x62, 0x51, 0x63, 0x59,
    0x83, 0x59, 0x83, 0x59, 0xA3, 0x61, 0xE4, 0x69, 0xC4, 0x61, 0xC4, 0x61, 0xE4, 0x69, 0x04, 0x6A,
    0xC4, 0x61, 0x45, 0x7A, 0xA6, 0x92, 0x65, 0x82, 0xC3, 0x61, 0xC3, 0x61, 0xC3, 0x61, 0xC4, 0x61,
    0xE4, 0x69, 0xE4, 0x69, 0x05, 0x72, 0x05, 0x72, 0x25, 0x72, 0x86, 0x82, 0x86, 0x82, 0x86, 0x82,
    0xE7, 0x8A, 0x08, 0x93, 0x49, 0x9B, 0x8A, 0xA3, 0xCB, 0xAB, 0xEB, 0xAB, 0xAB, 0xAB, 0x6A, 0x9B,
    0x6A, 0x9B, 0x6A, 0xA3, 0x29, 0x9B, 0xE8, 0x92, 0xC8, 0x8A, 0xC8, 0x82, 0xA8, 0x82, 0xA8, 0x7A,
    0xA8, 0x7A, 0xA8, 0x7A, 0x67, 0x72, 0x27, 0x6A, 0x26, 0x6A, 0x06, 0x62, 0x06, 0x62, 0xC5, 0x59,
    0xC5, 0x59, 0xA4, 0x59, 0xA4, 0x59, 0xC4, 0x59, 0xC5, 0x61, 0xE5, 0x61, 0xC5, 0x59, 0xC4, 0x59,
    0xC4, 0x59, 0xC5, 0x61, 0xC5, 0x61, 0xE5, 0x61, 0x40, 0x10, 0x40, 0x08, 0x20, 0x08, 0x40, 0x10,
    0x40, 0x10, 0x40, 0x10, 0x40, 0x10, 0x40, 0x08, 0x20, 0x08, 0x40, 0x08, 0x40, 0x08, 0x40, 0x10,
    0x40, 0x18, 0x60, 0x18, 0x60, 0x18, 0x60, 0x18, 0x40, 0x10, 0x20, 0x08, 0x20, 0x08, 0x00, 0x08,
    0x00, 0x08, 0x00, 0x00, 0x00, 0x00, 0x20, 0x00, 0x01, 0x00, 0x21, 0x08, 0x02, 0x41, 0x09, 0x93,
    0xD0, 0xCC, 0x8F, 0xC4, 0x6E, 0xC4, 0x8F, 0xCC, 0x6F, 0xCC, 0x6F, 0xCC, 0x8F, 0xD4, 0x8F, 0xD4,
    0xB0, 0xD4, 0xB0, 0xDC, 0xB0, 0xDC, 0xD0, 0xDC, 0xD0, 0xDC, 0xD0, 0xDC, 0xF1, 0xDC, 0xF1, 0xDC,
    0xD1, 0xDC, 0xB0, 0xDC, 0x4F, 0xCC, 0x4F, 0xCC, 0x4E, 0xC4, 0x0D, 0xBC, 0x0A, 0x9B, 0xC5, 0x69,
    0x84, 0x69, 0xA5, 0x71, 0x84, 0x69, 0x84, 0x69, 0x64, 0x69, 0x43, 0x61, 0x03, 0x59, 0xE2, 0x50,
    0xA2, 0x48, 0xA1, 0x38, 0x00, 0x10, 0x00, 0x08, 0x00, 0x08, 0x20, 0x10, 0x40, 0x18, 0x60, 0x18,
    0x80, 0x20, 0xC1, 0x30, 0x01, 0x41, 0x01, 0x49, 0x42, 0x51, 0x42, 0x51, 0xA3, 0x61, 0xC3, 0x61,
    0xE4, 0x69, 0xC3, 0x61, 0xA3, 0x59, 0x65, 0x82, 0x06, 0x9B, 0x45, 0x7A, 0xE4, 0x69, 0x04, 0x6A,
    0xA4, 0x59, 0x83, 0x51, 0x63, 0x51, 0x83, 0x59, 0xA4, 0x61, 0xC4, 0x61, 0xA3, 0x59, 0xA3, 0x61,
    0xE4, 0x69, 0xE4, 0x69, 0xC4, 0x61, 0xC4, 0x69, 0xC4, 0x61, 0xE4, 0x61, 0x45, 0x72, 0xC7, 0x8A,
    0x28, 0x9B, 0x89, 0xA3, 0x49, 0x9B, 0x8A, 0xA3, 0xCA, 0xAB, 0x8A, 0xA3, 0xAA, 0xAB, 0xAA, 0xA3,
    0xCB, 0xAB, 0xAA, 0xAB, 0x69, 0x9B, 0x08, 0x93, 0xE8, 0x8A, 0xC7, 0x82, 0x87, 0x7A, 0x67, 0x72,
    0x26, 0x6A, 0x06, 0x62, 0xE5, 0x61, 0xE5, 0x61, 0xC5, 0x61, 0xC5, 0x61, 0xC5, 0x59, 0xC5, 0x59,
    0xC5, 0x61, 0xC5, 0x59, 0xC5, 0x59, 0xC5, 0x59, 0xC5, 0x59, 0xC5, 0x59, 0x40, 0x10, 0x20, 0x08,
    0x40, 0x08, 0x40, 0x08, 0x40, 0x10, 0x40, 0x10, 0x40, 0x08, 0x20, 0x08, 0x20, 0x08, 0x20, 0x08,
    0x20, 0x08, 0x20, 0x10, 0x40, 0x10, 0x40, 0x18, 0x60, 0x18, 0x60, 0x18, 0x40, 0x10, 0x20, 0x08,
    0x20, 0x08, 0x00, 0x08, 0x00, 0x00, 0x00, 0x00, 0x00, 0x00, 0x00, 0x00, 0x21, 0x00, 0x21, 0x00,
    0xE1, 0x38, 0x05, 0x6A, 0x2D, 0xBC, 0x6E, 0xC4, 0x2D, 0xBC, 0x6F, 0xC4, 0x6E, 0xC4, 0x2E, 0xC4,
    0x4E, 0xCC, 0x6F, 0xCC, 0x6F, 0xCC, 0xB0, 0xD4, 0x8F, 0xD4, 0x8F, 0xD4, 0xD0, 0xDC, 0xD0, 0xDC,
    0xD0, 0xDC, 0xD0, 0xDC, 0xB0, 0xD4, 0xB0, 0xD4, 0x4F, 0xCC, 0x2E, 0xCC, 0x0D, 0xC4, 0xCD, 0xBB,
    0x8B, 0xAB, 0xC9, 0x8A, 0x43, 0x51, 0x23, 0x59, 0x43, 0x59, 0x44, 0x61, 0x23, 0x61, 0x03, 0x51,
    0xE2, 0x50, 0xC2, 0x48, 0xA1, 0x40, 0xA1, 0x38, 0x20, 0x10, 0x00, 0x08, 0x00, 0x08, 0x00, 0x08,
    0x00, 0x08, 0x00, 0x00, 0x00, 0x08, 0x00, 0x08, 0x00, 0x08, 0x00, 0x08, 0x20, 0x10, 0x40, 0x18,
    0x60, 0x20, 0xC1, 0x30, 0x01, 0x41, 0x42, 0x49, 0x62, 0x51, 0x04, 0x72, 0x85, 0x8A, 0x44, 0x7A,
    0xC4, 0x61, 0xE4, 0x69, 0x04, 0x6A, 0x83, 0x49, 0x63, 0x49, 0x83, 0x51, 0xC4, 0x61, 0xC4, 0x61,
    0xA4, 0x59, 0xA4, 0x51, 0xA4, 0x59, 0xA4, 0x59, 0xC4, 0x61, 0xC4, 0x61, 0xA4, 0x61, 0x83, 0x51,
    0x62, 0x51, 0x42, 0x51, 0x83, 0x61, 0xC3, 0x69, 0xC4, 0x69, 0xE4, 0x69, 0x25, 0x72, 0x45, 0x72,
    0xA7, 0x82, 0xA7, 0x82, 0x49, 0x93, 0xAA, 0xAB, 0xEB, 0xAB, 0x4D, 0xBC, 0x0C, 0xB4, 0x49, 0x9B,
    0xC8, 0x8A, 0xC7, 0x8A, 0xC8, 0x8A, 0xA7, 0x8A, 0x66, 0x7A, 0x26, 0x72, 0x05, 0x6A, 0xE5, 0x61,
    0xC5, 0x59, 0xC5, 0x59, 0xA5, 0x59, 0xA5, 0x51, 0xA5, 0x51, 0xA5, 0x51, 0xC5, 0x59, 0xC5, 0x51,
    0x20, 0x08, 0x20, 0x08, 0x20, 0x08, 0x20, 0x08, 0x20, 0x08, 0x20, 0x08, 0x20, 0x08, 0x20, 0x08,
    0x20, 0x08, 0x20, 0x08, 0x20, 0x08, 0x20, 0x10, 0x40, 0x10, 0x40, 0x10, 0x60, 0x18, 0x61, 0x18,
    0x40, 0x10, 0x20, 0x08, 0x00, 0x00, 0x00, 0x00, 0x00, 0x00, 0x00, 0x00, 0x00, 0x00, 0x00, 0x00,
    0x21, 0x00, 0x01, 0x00, 0xC1, 0x28, 0x42, 0x51, 0x09, 0x8B, 0x6E, 0xC4, 0x0D, 0xBC, 0x4E, 0xC4,
    0xCC, 0xB3, 0xED, 0xBB, 0xED, 0xBB, 0x4F, 0xC4, 0x2E, 0xC4, 0x4E, 0xC4, 0x6F, 0xCC, 0x4E, 0xCC,
    0x90, 0xD4, 0xB0, 0xD4, 0xB0, 0xD4, 0xB0, 0xD4, 0x90, 0xD4, 0x8F, 0xD4, 0x4F, 0xCC, 0x0E, 0xC4,
    0xED, 0xC3, 0xCC, 0xBB, 0x6B, 0xAB, 0xE9, 0x92, 0xE6, 0x69, 0xC2, 0x40, 0xE2, 0x48, 0x02, 0x51,
    0xE2, 0x50, 0xC2, 0x48, 0xC2, 0x48, 0xA1, 0x40, 0x81, 0x38, 0x81, 0x38, 0x40, 0x18, 0x00, 0x08,
    0x00, 0x08, 0x00, 0x08, 0x20, 0x10, 0x00, 0x08, 0x20, 0x08, 0x20, 0x10, 0x00, 0x08, 0x00, 0x00,
    0x00, 0x00, 0x00, 0x00, 0x00, 0x08, 0x00, 0x08, 0x00, 0x08, 0x00, 0x10, 0x40, 0x18, 0x60, 0x20,
    0xC1, 0x38, 0x01, 0x41, 0x02, 0x41, 0x22, 0x49, 0x42, 0x51, 0x42, 0x49, 0x63, 0x49, 0x43, 0x49,
    0xA4, 0x59, 0x83, 0x51, 0xC4, 0x61, 0xC4, 0x59, 0x43, 0x41, 0xC4, 0x59, 0xC4, 0x61, 0xA4, 0x59,
    0xC4, 0x61, 0x83, 0x59, 0x83, 0x59, 0x83, 0x59, 0x83, 0x59, 0x63, 0x59, 0x42, 0x49, 0x42, 0x51,
    0x63, 0x51, 0x62, 0x59, 0xA3, 0x61, 0xC3, 0x69, 0x63, 0x51, 0xA4, 0x61, 0x25, 0x72, 0xE8, 0x8A,
    0xAB, 0xA3, 0x8B, 0x9B, 0xE9, 0x82, 0x87, 0x7A, 0xC8, 0x82, 0x09, 0x93, 0x09, 0x93, 0x08, 0x93,
    0xE8, 0x8A, 0xA7, 0x82, 0x66, 0x7A, 0x26, 0x6A, 0x05, 0x6A, 0xE5, 0x61, 0xC5, 0x59, 0xA4, 0x51,
    0x64, 0x49, 0x64, 0x49, 0x00, 0x08, 0x20, 0x08, 0x20, 0x08, 0x20, 0x08, 0x20, 0x08, 0x20, 0x08,
    0x00, 0x08, 0x20, 0x08, 0x20, 0x08, 0x20, 0x08, 0x20, 0x08, 0x20, 0x10, 0x40, 0x10, 0x40, 0x18,
    0x60, 0x18, 0x61, 0x18, 0x40, 0x18, 0x20, 0x08, 0x00, 0x00, 0x00, 0x00, 0x00, 0x00, 0x00, 0x00,
    0x00, 0x00, 0x00, 0x00, 0x01, 0x00, 0x01, 0x00, 0x81, 0x20, 0x21, 0x49, 0xC4, 0x61, 0x0D, 0xB4,
    0x2E, 0xBC, 0xED, 0xB3, 0xAC, 0xB3, 0xAC, 0xB3, 0xAC, 0xB3, 0xED, 0xBB, 0x0D, 0xBC, 0x0E, 0xC4,
    0x2E, 0xC4, 0x4E, 0xC4, 0x4F, 0xCC, 0x90, 0xCC, 0x6F, 0xCC, 0x4F, 0xCC, 0x90, 0xCC, 0x6F, 0xCC,
    0x2E, 0xCC, 0x0D, 0xC4, 0xCD, 0xBB, 0x8C, 0xB3, 0x2A, 0xA3, 0xE9, 0x9A, 0x67, 0x7A, 0x23, 0x49,
    0x61, 0x30, 0x81, 0x38, 0xA1, 0x38, 0xA1, 0x40, 0xA1, 0x38, 0x81, 0x38, 0x81, 0x30, 0x81, 0x38,
    0x40, 0x18, 0x20, 0x08, 0x20, 0x10, 0x20, 0x10, 0x20, 0x10, 0x00, 0x08, 0x00, 0x08, 0x20, 0x10,
    0x00, 0x08, 0x00, 0x00, 0x00, 0x08, 0x00, 0x08, 0x00, 0x08, 0x00, 0x08, 0x00, 0x10, 0x00, 0x08,
    0x00, 0x08, 0x00, 0x08, 0x00, 0x08, 0x00, 0x08, 0x00, 0x08, 0x20, 0x10, 0x40, 0x18, 0x80, 0x28,
    0xA1, 0x30, 0xC1, 0x38, 0x02, 0x41, 0x22, 0x49, 0x62, 0x51, 0x83, 0x59, 0x42, 0x49, 0xA3, 0x59,
    0x83, 0x59, 0x83, 0x51, 0xA3, 0x59, 0x63, 0x59, 0x63, 0x59, 0x63, 0x51, 0x83, 0x61, 0xC3, 0x69,
    0x83, 0x59, 0x22, 0x49, 0x22, 0x49, 0x62, 0x51, 0x83, 0x61, 0xA3, 0x61, 0x43, 0x49, 0x63, 0x51,
    0x83, 0x59, 0xA3, 0x61, 0x04, 0x72, 0x66, 0x7A, 0xA7, 0x82, 0xA6, 0x8A, 0x66, 0x82, 0x46, 0x72,
    0x46, 0x72, 0x66, 0x7A, 0xA7, 0x7A, 0xA8, 0x82, 0xA8, 0x7A, 0x87, 0x7A, 0xA7, 0x7A, 0x87, 0x7A,
    0x87, 0x72, 0x67, 0x72, 0x66, 0x72, 0x26, 0x6A, 0x00, 0x08, 0x00, 0x08, 0x20, 0x08, 0x20, 0x08,
    0x20, 0x08, 0x20, 0x08, 0x20, 0x08, 0x20, 0x08, 0x20, 0x08, 0x20, 0x08, 0x20, 0x08, 0x20, 0x10,
    0x40, 0x10, 0x40, 0x18, 0x40, 0x18, 0x61, 0x18, 0x40, 0x10, 0x20, 0x08, 0x00, 0x00, 0x00, 0x00,
    0x00, 0x00, 0x00, 0x00, 0x00, 0x00, 0x00, 0x00, 0x01, 0x00, 0x01, 0x00, 0x41, 0x10, 0x21, 0x49,
    0x42, 0x49, 0xA8, 0x7A, 0x0D, 0xB4, 0xAC, 0xAB, 0x6B, 0xAB, 0x6B, 0xAB, 0x4A, 0xA3, 0x8B, 0xAB,
    0xCC, 0xB3, 0x0D, 0xBC, 0xED, 0xBB, 0x0E, 0xBC, 0x0E, 0xC4, 0x4E, 0xC4, 0x4F, 0xC4, 0x2E, 0xC4,
    0x0E, 0xC4, 0x0E, 0xC4, 0x0E, 0xC4, 0xCD, 0xBB, 0x6B, 0xB3, 0x6B, 0xB3, 0xC9, 0x9A, 0xA8, 0x92,
    0x68, 0x82, 0xC5, 0x61, 0x81, 0x28, 0x40, 0x20, 0x61, 0x30, 0x81, 0x30, 0x81, 0x30, 0x81, 0x30,
    0x61, 0x30, 0x81, 0x30, 0x61, 0x20, 0x40, 0x10, 0x40, 0x10, 0x20, 0x10, 0x40, 0x18, 0x20, 0x10,
    0x20, 0x08, 0x20, 0x10, 0x00, 0x08, 0x00, 0x00, 0x00, 0x08, 0x00, 0x08, 0x00, 0x08, 0x00, 0x08,
    0x20, 0x10, 0x00, 0x08, 0x00, 0x08, 0x20, 0x08, 0x00, 0x08, 0x00, 0x08, 0x00, 0x08, 0x00, 0x08,
    0x00, 0x08, 0x00, 0x08, 0x00, 0x08, 0x00, 0x10, 0x20, 0x10, 0x40, 0x18, 0x40, 0x18, 0x80, 0x20,
    0x81, 0x28, 0xA1, 0x30, 0xC1, 0x38, 0xE1, 0x40, 0x01, 0x41, 0x01, 0x41, 0x01, 0x41, 0xE1, 0x38,
    0xE1, 0x38, 0x02, 0x41, 0x22, 0x49, 0x42, 0x49, 0x42, 0x51, 0x62, 0x59, 0x62, 0x51, 0x42, 0x51,
    0x42, 0x51, 0x42, 0x49, 0x42, 0x51, 0x42, 0x49, 0x42, 0x49, 0x42, 0x49, 0x42, 0x51, 0xA3, 0x61,
    0xC3, 0x69, 0xA3, 0x61, 0x42, 0x51, 0x22, 0x49, 0x22, 0x41, 0x22, 0x41, 0x42, 0x49, 0x63, 0x51,
    0x83, 0x51, 0xC4, 0x59, 0xE5, 0x59, 0x26, 0x6A, 0xC8, 0x7A, 0xA7, 0x7A, 0x20, 0x08, 0x20, 0x08,
    0x20, 0x08, 0x20, 0x10, 0x20, 0x10, 0x20, 0x10, 0x40, 0x10, 0x20, 0x10, 0x40, 0x10, 0x20, 0x10,
    0x20, 0x10, 0x20, 0x10, 0x40, 0x10, 0x40, 0x10, 0x60, 0x18, 0x60, 0x18, 0x40, 0x10, 0x20, 0x08,
    0x00, 0x00, 0x00, 0x00, 0x00, 0x00, 0x00, 0x00, 0x00, 0x00, 0x00, 0x00, 0x01, 0x00, 0x21, 0x00,
    0x21, 0x08, 0x22, 0x41, 0x21, 0x49, 0x63, 0x51, 0x4A, 0x93, 0xAC, 0xAB, 0x2A, 0x9B, 0x2A, 0xA3,
    0x2A, 0xA3, 0x2A, 0xA3, 0x8B, 0xAB, 0xAC, 0xAB, 0xCD, 0xB3, 0xCD, 0xB3, 0xCC, 0xB3, 0xED, 0xBB,
    0xCD, 0xBB, 0xCD, 0xBB, 0xCD, 0xBB, 0xCD, 0xBB, 0xED, 0xBB, 0xCD, 0xBB, 0x4B, 0xB3, 0x0A, 0xAB,
    0xC9, 0xA2, 0x88, 0x92, 0x68, 0x8A, 0x07, 0x72, 0x03, 0x41, 0x20, 0x18, 0x40, 0x20, 0x40, 0x20,
    0x40, 0x28, 0x60, 0x28, 0x61, 0x28, 0x61, 0x28, 0xA1, 0x28, 0x60, 0x20, 0x60, 0x18, 0x60, 0x18,
    0x60, 0x20, 0x40, 0x18, 0x40, 0x18, 0x60, 0x18, 0x00, 0x08, 0x00, 0x00, 0x00, 0x08, 0x00, 0x08,
    0x00, 0x08, 0x20, 0x08, 0x20, 0x10, 0x20, 0x10, 0x00, 0x08, 0x20, 0x08, 0x00, 0x08, 0x00, 0x08,
    0x00, 0x08, 0x00, 0x08, 0x00, 0x08, 0x00, 0x08, 0x00, 0x08, 0x00, 0x08, 0x00, 0x08, 0x00, 0x08,
    0x00, 0x08, 0x00, 0x08, 0x00, 0x08, 0x00, 0x08, 0x20, 0x10, 0x20, 0x10, 0x20, 0x18, 0x40, 0x18,
    0x60, 0x20, 0x80, 0x20, 0x80, 0x20, 0x80, 0x20, 0xA1, 0x28, 0xC1, 0x38, 0x01, 0x41, 0x42, 0x51,
    0x42, 0x51, 0x42, 0x51, 0x42, 0x51, 0x62, 0x51, 0x62, 0x51, 0x22, 0x41, 0xE2, 0x38, 0xE2, 0x38,
    0x02, 0x41, 0x22, 0x49, 0x42, 0x49, 0x22, 0x49, 0x02, 0x41, 0x01, 0x39, 0x01, 0x39, 0x01, 0x39,
    0x01, 0x39, 0xE1, 0x38, 0xE1, 0x38, 0x01, 0x41, 0x02, 0x39, 0x02, 0x39, 0x22, 0x41, 0x63, 0x49,
    0x20, 0x10, 0x40, 0x10, 0x40, 0x10, 0x40, 0x10, 0x40, 0x10, 0x40, 0x10, 0x40, 0x10, 0x40, 0x10,
    0x40, 0x10, 0x40, 0x10, 0x20, 0x10, 0x20, 0x10, 0x40, 0x10, 0x40, 0x10, 0x40, 0x18, 0x60, 0x18,
    0x40, 0x10, 0x20, 0x08, 0x00, 0x00, 0x00, 0x00, 0x00, 0x00, 0x00, 0x00, 0x00, 0x00, 0x00, 0x00,
    0x01, 0x00, 0x00, 0x00, 0x00, 0x00, 0xE1, 0x38, 0x62, 0x59, 0x01, 0x41, 0xA4, 0x51, 0x6B, 0xA3,
    0xE9, 0x9A, 0xC8, 0x92, 0xC9, 0x92, 0xC9, 0x92, 0x0A, 0x9B, 0x4A, 0xA3, 0x8B, 0xAB, 0xAC, 0xAB,
    0x8B, 0xAB, 0x8B, 0xAB, 0x6B, 0xB3, 0x6B, 0xB3, 0xAC, 0xB3, 0xAC, 0xBB, 0xAC, 0xB3, 0x8B, 0xB3,
    0x0A, 0xAB, 0xE9, 0xA2, 0xE9, 0xA2, 0x4B, 0xAB, 0xAC, 0xAB, 0x8C, 0xA3, 0x68, 0x72, 0x40, 0x18,
    0x00, 0x10, 0x20, 0x18, 0x40, 0x20, 0x40, 0x20, 0x40, 0x20, 0x60, 0x20, 0xC1, 0x38, 0x81, 0x28,
    0x81, 0x20, 0x81, 0x28, 0x81, 0x28, 0x60, 0x18, 0x60, 0x18, 0x81, 0x20, 0x00, 0x10, 0x00, 0x00,
    0x20, 0x10, 0x40, 0x18, 0x40, 0x10, 0x40, 0x10, 0x40, 0x10, 0x40, 0x10, 0x20, 0x10, 0x20, 0x10,
    0x20, 0x08, 0x00, 0x08, 0x00, 0x08, 0x00, 0x08, 0x00, 0x08, 0x00, 0x08, 0x20, 0x10, 0x20, 0x08,
    0x20, 0x10, 0x20, 0x08, 0x20, 0x08, 0x20, 0x08, 0x20, 0x08, 0x00, 0x08, 0x00, 0x08, 0x00, 0x08,
    0x00, 0x08, 0x00, 0x08, 0x00, 0x08, 0x00, 0x08, 0x20, 0x10, 0x20, 0x10, 0x40, 0x10, 0x40, 0x18,
    0x60, 0x18, 0x60, 0x20, 0xA1, 0x30, 0xC1, 0x38, 0x01, 0x41, 0x01, 0x41, 0x01, 0x41, 0x22, 0x41,
    0x22, 0x41, 0x22, 0x41, 0x22, 0x41, 0x22, 0x41, 0x22, 0x41, 0x22, 0x41, 0x02, 0x39, 0xE2, 0x30,
    0x02, 0x39, 0x02, 0x39, 0xC1, 0x30, 0xC1, 0x30, 0xE1, 0x30, 0xC1, 0x30, 0xA1, 0x28, 0xC1, 0x28,
    0x02, 0x39, 0x02, 0x39, 0x20, 0x10, 0x40, 0x10, 0x40, 0x10, 0x40, 0x10, 0x40, 0x10, 0x40, 0x10,
    0x40, 0x10, 0x40, 0x10, 0x40, 0x10, 0x40, 0x10, 0x20, 0x10, 0x20, 0x10, 0x40, 0x10, 0x40, 0x10,
    0x60, 0x18, 0x60, 0x18, 0x40, 0x10, 0x20, 0x08, 0x00, 0x00, 0x00, 0x00, 0x00, 0x00, 0x00, 0x00,
    0x00, 0x00, 0x00, 0x00, 0x00, 0x00, 0x63, 0x41, 0x25, 0x6A, 0x24, 0x72, 0x41, 0x49, 0xE1, 0x38,
    0x40, 0x18, 0x05, 0x62, 0x09, 0x9B, 0x87, 0x8A, 0x87, 0x82, 0xA8, 0x8A, 0xA8, 0x8A, 0xC9, 0x92,
    0xE9, 0x92, 0x2A, 0x9B, 0x2A, 0xA3, 0x2A, 0xA3, 0x6B, 0xAB, 0x2A, 0xAB, 0x4B, 0xAB, 0x6B, 0xAB,
    0x4B, 0xAB, 0x2A, 0xAB, 0xE9, 0xA2, 0x6B, 0xB3, 0x0E, 0xC4, 0x4E, 0xCC, 0xB0, 0xD4, 0xD0, 0xCC,
    0x8F, 0xC4, 0xC9, 0x72, 0x20, 0x10, 0x00, 0x10, 0x20, 0x18, 0x20, 0x18, 0x20, 0x18, 0x40, 0x20,
    0xE2, 0x38, 0xA1, 0x30, 0xA1, 0x28, 0xA1, 0x28, 0xC1, 0x30, 0x81, 0x20, 0xA1, 0x28, 0xA1, 0x28,
    0x20, 0x10, 0x00, 0x00, 0x20, 0x10, 0x40, 0x18, 0x60, 0x18, 0x40, 0x18, 0x60, 0x18, 0x60, 0x18,
    0x40, 0x18, 0x40, 0x18, 0x40, 0x10, 0x20, 0x10, 0x40, 0x10, 0x20, 0x10, 0x20, 0x10, 0x20, 0x10,
    0x20, 0x10, 0x20, 0x08, 0x20, 0x08, 0x20, 0x08, 0x00, 0x08, 0x20, 0x08, 0x00, 0x08, 0x00, 0x08,
    0x00, 0x08, 0x00, 0x08, 0x00, 0x08, 0x00, 0x08, 0x20, 0x08, 0x00, 0x08, 0x00, 0x08, 0x00, 0x08,
    0x00, 0x08, 0x00, 0x08, 0x00, 0x08, 0x00, 0x08, 0x00, 0x08, 0x20, 0x10, 0x20, 0x10, 0x40, 0x18,
    0x60, 0x18, 0x80, 0x20, 0xA1, 0x28, 0xC1, 0x38, 0xE1, 0x38, 0x01, 0x39, 0x22, 0x41, 0x22, 0x41,
    0x42, 0x41, 0x42, 0x49, 0x42, 0x49, 0x22, 0x41, 0xE2, 0x30, 0xE2, 0x30, 0xE1, 0x30, 0xE2, 0x28,
    0x22, 0x39, 0x02, 0x39, 0x22, 0x39, 0x22, 0x39, 0x20, 0x08, 0x20, 0x10, 0x20, 0x10, 0x20, 0x10,
    0x20, 0x10, 0x20, 0x10, 0x20, 0x10, 0x20, 0x10, 0x20, 0x10, 0x20, 0x08, 0x20, 0x08, 0x20, 0x10,
    0x40, 0x10, 0x40, 0x10, 0x40, 0x18, 0x60, 0x18, 0x40, 0x10, 0x20, 0x08, 0x00, 0x00, 0x00, 0x00,
    0x00, 0x00, 0x00, 0x00, 0x00, 0x00, 0x00, 0x00, 0x69, 0x93, 0x4A, 0xC4, 0x67, 0xA3, 0x06, 0x9B,
    0xE4, 0x69, 0x42, 0x49, 0xE1, 0x38, 0x42, 0x49, 0x87, 0x82, 0xC8, 0x8A, 0x67, 0x82, 0x67, 0x82,
    0x67, 0x82, 0x67, 0x82, 0x47, 0x82, 0x47, 0x82, 0xC9, 0x92, 0xE9, 0x92, 0x0A, 0x9B, 0x0A, 0xA3,
    0x09, 0xA3, 0x0A, 0xA3, 0x0A, 0xA3, 0x0A, 0xA3, 0x8B, 0xB3, 0x6F, 0xCC, 0xB0, 0xD4, 0x6F, 0xD4,
    0x4E, 0xCC, 0x6F, 0xCC, 0xB0, 0xCC, 0xF1, 0xCC, 0xC9, 0x72, 0x00, 0x00, 0x00, 0x08, 0x00, 0x10,
    0x00, 0x10, 0x20, 0x18, 0x02, 0x41, 0xC1, 0x38, 0xC1, 0x30, 0xA1, 0x30, 0xE1, 0x38, 0xA1, 0x28,
    0xC1, 0x30, 0xE1, 0x38, 0x20, 0x10, 0x00, 0x00, 0x40, 0x18, 0x80, 0x20, 0x80, 0x20, 0x81, 0x20,
    0x81, 0x20, 0x81, 0x20, 0x81, 0x20, 0x80, 0x20, 0x60, 0x18, 0x40, 0x18, 0x40, 0x18, 0x40, 0x10,
    0x40, 0x10, 0x40, 0x18, 0x40, 0x10, 0x40, 0x10, 0x20, 0x10, 0x20, 0x10, 0x20, 0x10, 0x20, 0x08,
    0x00, 0x08, 0x00, 0x08, 0x00, 0x08, 0x00, 0x08, 0x00, 0x08, 0x00, 0x08, 0x00, 0x08, 0x00, 0x08,
    0x00, 0x08, 0x00, 0x08, 0x20, 0x08, 0x00, 0x08, 0x00, 0x08, 0x00, 0x08, 0x00, 0x08, 0x00, 0x08,
    0x00, 0x08, 0x00, 0x08, 0x00, 0x08, 0x00, 0x08, 0x00, 0x08, 0x20, 0x10, 0x20, 0x10, 0x40, 0x18,
    0x60, 0x20, 0x80, 0x20, 0xA1, 0x28, 0xC1, 0x38, 0xE1, 0x38, 0xE1, 0x38, 0xE2, 0x30, 0x02, 0x39,
    0xE2, 0x30, 0x02, 0x39, 0x63, 0x51, 0x62, 0x49, 0x02, 0x39, 0xC1, 0x28, 0x00, 0x08, 0x00, 0x08,
    0x00, 0x00, 0x00, 0x08, 0x00, 0x08, 0x00, 0x08, 0x00, 0x08, 0x00, 0x08, 0x00, 0x08, 0x00, 0x08,
    0x20, 0x08, 0x20, 0x08, 0x40, 0x10, 0x40, 0x10, 0x40, 0x10, 0x60, 0x18, 0x40, 0x10, 0x20, 0x08,
    0x00, 0x00, 0x00, 0x00, 0x00, 0x00, 0x00, 0x00, 0x00, 0x00, 0x60, 0x18, 0x8C, 0xC4, 0x6F, 0xDD,
    0x6B, 0xBC, 0x67, 0xA3, 0xC5, 0x9A, 0x44, 0x82, 0x04, 0x72, 0xA3, 0x61, 0x83, 0x59, 0x05, 0x6A,
    0x46, 0x7A, 0x26, 0x7A, 0x06, 0x72, 0x06, 0x72, 0x06, 0x72, 0xE6, 0x69, 0xE6, 0x71, 0x88, 0x82,
    0xC9, 0x92, 0xC9, 0x92, 0xC9, 0x92, 0xA8, 0x92, 0xC9, 0x9A, 0x2A, 0xAB, 0x4E, 0xC4, 0xD0, 0xDC,
    0xB0, 0xDC, 0x6F, 0xD4, 0x4E, 0xD4, 0x4E, 0xCC, 0x6E, 0xCC, 0x6F, 0xC4, 0xD0, 0xC4, 0x68, 0x62,
    0x00, 0x00, 0x00, 0x08, 0x00, 0x08, 0x00, 0x08, 0x02, 0x41, 0x02, 0x41, 0xE1, 0x38, 0xC1, 0x30,
    0xE2, 0x38, 0xA1, 0x28, 0xC1, 0x30, 0xE1, 0x38, 0x20, 0x10, 0x00, 0x00, 0x60, 0x18, 0x81, 0x28,
    0x81, 0x20, 0x81, 0x20, 0x81, 0x20, 0x81, 0x20, 0x81, 0x20, 0xA1, 0x28, 0x81, 0x20, 0x81, 0x20,
    0x81, 0x20, 0x60, 0x20, 0x60, 0x18, 0x60, 0x18, 0x40, 0x18, 0x40, 0x10, 0x40, 0x18, 0x40, 0x18,
    0x40, 0x18, 0x40, 0x10, 0x20, 0x10, 0x20, 0x10, 0x20, 0x08, 0x00, 0x08, 0x00, 0x08, 0x20, 0x08,
    0x20, 0x08, 0x20, 0x08, 0x00, 0x08, 0x00, 0x08, 0x00, 0x08, 0x00, 0x08, 0x00, 0x08, 0x00, 0x08,
    0x00, 0x08, 0x00, 0x08, 0x00, 0x08, 0x00, 0x08, 0x00, 0x08, 0x00, 0x08, 0x00, 0x08, 0x00, 0x00,
    0x00, 0x00, 0x00, 0x00, 0x00, 0x00, 0x00, 0x00, 0x00, 0x08, 0x20, 0x08, 0x20, 0x10, 0x40, 0x10,
    0x40, 0x18, 0x60, 0x20, 0x80, 0x20, 0x80, 0x20, 0xA0, 0x28, 0xA1, 0x30, 0xC1, 0x30, 0xA1, 0x20,
    0x00, 0x00, 0x00, 0x00, 0x00, 0x00, 0x00, 0x00, 0x00, 0x00, 0x00, 0x00, 0x00, 0x00, 0x00, 0x00,
    0x00, 0x00, 0x00, 0x00, 0x00, 0x00, 0x20, 0x08, 0x40, 0x10, 0x40, 0x10, 0x40, 0x10, 0x40, 0x18,
    0x40, 0x10, 0x00, 0x08, 0x00, 0x00, 0x00, 0x00, 0x00, 0x00, 0x00, 0x00, 0x00, 0x00, 0x81, 0x18,
    0x24, 0x7A, 0x27, 0x9B, 0x0A, 0xB4, 0x6B, 0xC4, 0x4B, 0xC4, 0x88, 0xAB, 0xA5, 0x92, 0x23, 0x82,
    0xC3, 0x71, 0xA2, 0x61, 0x63, 0x59, 0xA4, 0x59, 0xA5, 0x61, 0xA5, 0x61, 0xA5, 0x61, 0xA4, 0x61,
    0x84, 0x61, 0xA5, 0x61, 0x67, 0x7A, 0x88, 0x82, 0x67, 0x82, 0x67, 0x8A, 0xC8, 0x92, 0x8C, 0xB3,
    0xB0, 0xD4, 0xD0, 0xDC, 0xB0, 0xDC, 0x8F, 0xD4, 0x6F, 0xD4, 0x2E, 0xCC, 0x4E, 0xCC, 0x4E, 0xC4,
    0xAC, 0xB3, 0xCD, 0xA3, 0xA6, 0x41, 0x00, 0x00, 0x00, 0x00, 0x00, 0x00, 0x22, 0x49, 0x02, 0x41,
    0x01, 0x41, 0xE1, 0x38, 0x02, 0x39, 0xC1, 0x30, 0xE2, 0x38, 0xA1, 0x28, 0x40, 0x18, 0x00, 0x08,
    0x80, 0x20, 0xC1, 0x30, 0xE1, 0x30, 0x02, 0x39, 0xE1, 0x30, 0xC1, 0x30, 0xA1, 0x28, 0x81, 0x20,
    0x81, 0x20, 0x81, 0x20, 0x81, 0x28, 0x81, 0x28, 0x81, 0x20, 0x81, 0x20, 0x81, 0x20, 0x81, 0x20,
    0x80, 0x20, 0x60, 0x20, 0x40, 0x18, 0x40, 0x18, 0x40, 0x18, 0x40, 0x18, 0x20, 0x10, 0x20, 0x10,
    0x40, 0x10, 0x40, 0x10, 0x20, 0x10, 0x20, 0x10, 0x20, 0x10, 0x20, 0x10, 0x20, 0x10, 0x20, 0x08,
    0x20, 0x08, 0x20, 0x08, 0x00, 0x08, 0x00, 0x08, 0x00, 0x08, 0x00, 0x08, 0x00, 0x08, 0x00, 0x08,
    0x00, 0x08, 0x00, 0x08, 0x00, 0x08, 0x00, 0x08, 0x00, 0x08, 0x00, 0x08, 0x00, 0x00, 0x00, 0x00,
    0x00, 0x00, 0x00, 0x00, 0x00, 0x00, 0x00, 0x00, 0x00, 0x08, 0x00, 0x08, 0x20, 0x10, 0x40, 0x18,
    0x60, 0x18, 0x60, 0x18, 0x00, 0x00, 0x00, 0x00, 0x00, 0x00, 0x00, 0x00, 0x00, 0x00, 0x00, 0x00,
    0x00, 0x00, 0x00, 0x00, 0x00, 0x00, 0x00, 0x00, 0x00, 0x00, 0x20, 0x08, 0x20, 0x10, 0x40, 0x10,
    0x40, 0x10, 0x40, 0x10, 0x20, 0x10, 0x00, 0x08, 0x00, 0x00, 0x00, 0x00, 0x00, 0x00, 0x00, 0x00,
    0x00, 0x00, 0x61, 0x18, 0xE3, 0x69, 0x62, 0x59, 0xA2, 0x61, 0x44, 0x7A, 0x06, 0x93, 0xC9, 0xAB,
    0x2A, 0xBC, 0xC9, 0xB3, 0x26, 0x9B, 0x44, 0x82, 0x82, 0x61, 0xE1, 0x38, 0xA1, 0x28, 0xA2, 0x30,
    0x03, 0x41, 0x23, 0x49, 0x22, 0x51, 0x02, 0x49, 0x64, 0x59, 0x27, 0x72, 0x47, 0x7A, 0x47, 0x7A,
    0xA8, 0x92, 0xCC, 0xB3, 0xD0, 0xD4, 0xD0, 0xD4, 0xB0, 0xD4, 0xB0, 0xD4, 0xB0, 0xD4, 0x6F, 0xCC,
    0xCC, 0xBB, 0xCC, 0xBB, 0x6B, 0xB3, 0x26, 0x8A, 0xA5, 0x61, 0x20, 0x00, 0x00, 0x00, 0x00, 0x00,
    0x42, 0x49, 0x22, 0x49, 0x02, 0x41, 0x02, 0x41, 0x02, 0x41, 0x02, 0x41, 0x02, 0x41, 0xE1, 0x38,
    0x40, 0x18, 0x00, 0x08, 0x00, 0x08, 0x20, 0x10, 0x60, 0x18, 0xA1, 0x28, 0xC1, 0x30, 0xE1, 0x38,
    0x02, 0x39, 0x02, 0x39, 0xE1, 0x38, 0xE1, 0x30, 0xA1, 0x28, 0x81, 0x20, 0x81, 0x20, 0x60, 0x20,
    0x81, 0x28, 0x81, 0x28, 0x81, 0x28, 0x81, 0x28, 0x80, 0x28, 0x40, 0x18, 0x40, 0x18, 0x40, 0x18,
    0x40, 0x18, 0x60, 0x20, 0x60, 0x20, 0x60, 0x20, 0x40, 0x18, 0x20, 0x10, 0x40, 0x18, 0x40, 0x10,
    0x20, 0x10, 0x20, 0x10, 0x20, 0x10, 0x20, 0x10, 0x20, 0x10, 0x20, 0x10, 0x20, 0x08, 0x20, 0x08,
    0x00, 0x08, 0x00, 0x08, 0x00, 0x08, 0x00, 0x08, 0x00, 0x08, 0x00, 0x08, 0x00, 0x08, 0x00, 0x08,
    0x00, 0x08, 0x00, 0x08, 0x00, 0x08, 0x00, 0x08, 0x00, 0x08, 0x00, 0x00, 0x00, 0x00, 0x00, 0x00,
    0x00, 0x00, 0x00, 0x00, 0x00, 0x00, 0x00, 0x00, 0x00, 0x00, 0x00, 0x00, 0x00, 0x00, 0x00, 0x00,
    0x00, 0x00, 0x00, 0x00, 0x00, 0x00, 0x00, 0x00, 0x00, 0x00, 0x00, 0x00, 0x00, 0x00, 0x00, 0x08,
    0x20, 0x10, 0x20, 0x10, 0x40, 0x10, 0x40, 0x10, 0x20, 0x10, 0x00, 0x00, 0x00, 0x00, 0x00, 0x00,
    0x00, 0x00, 0x00, 0x00, 0x00, 0x00, 0x60, 0x10, 0xA3, 0x61, 0x62, 0x59, 0x42, 0x51, 0x42, 0x51,
    0x62, 0x59, 0x62, 0x59, 0xE3, 0x69, 0x85, 0x82, 0x88, 0xA3, 0xA9, 0xB3, 0x06, 0x9B, 0x44, 0x7A,
    0x62, 0x59, 0xC1, 0x30, 0x81, 0x28, 0x60, 0x20, 0x40, 0x20, 0x40, 0x20, 0x40, 0x18, 0xA2, 0x28,
    0xA5, 0x59, 0x27, 0x7A, 0x47, 0x82, 0xCC, 0xAB, 0x8F, 0xCC, 0xD0, 0xD4, 0xD0, 0xD4, 0x11, 0xDD,
    0x11, 0xD5, 0x2E, 0xC4, 0x4A, 0xB3, 0xE6, 0x89, 0xCC, 0xBB, 0xED, 0xBB, 0x87, 0x9A, 0xE2, 0x40,
    0x00, 0x00, 0x00, 0x00, 0x42, 0x49, 0x42, 0x49, 0x22, 0x49, 0x02, 0x41, 0x02, 0x41, 0x01, 0x41,
    0x22, 0x41, 0x02, 0x41, 0x40, 0x18, 0x00, 0x08, 0x00, 0x08, 0x00, 0x00, 0x00, 0x00, 0x00, 0x00,
    0x00, 0x00, 0x20, 0x10, 0x40, 0x18, 0x81, 0x20, 0xA1, 0x28, 0xE1, 0x38, 0xE1, 0x30, 0xE1, 0x30,
    0xE1, 0x30, 0xC1, 0x28, 0xA1, 0x28, 0x81, 0x20, 0x81, 0x20, 0x81, 0x20, 0x81, 0x20, 0x60, 0x18,
    0x60, 0x18, 0x81, 0x28, 0x60, 0x20, 0x40, 0x18, 0x60, 0x20, 0x40, 0x20, 0x40, 0x18, 0x40, 0x10,
    0x40, 0x18, 0x40, 0x18, 0x40, 0x18, 0x40, 0x18, 0x40, 0x18, 0x40, 0x18, 0x40, 0x18, 0x20, 0x10,
    0x20, 0x10, 0x20, 0x10, 0x20, 0x10, 0x20, 0x10, 0x00, 0x08, 0x00, 0x08, 0x00, 0x08, 0x00, 0x08,
    0x00, 0x08, 0x00, 0x08, 0x00, 0x08, 0x00, 0x08, 0x00, 0x08, 0x00, 0x08, 0x00, 0x08, 0x00, 0x08,
    0x00, 0x08, 0x00, 0x08, 0x00, 0x00, 0x00, 0x00, 0x00, 0x00, 0x00, 0x00, 0x00, 0x00, 0x00, 0x00,
    0x00, 0x00, 0x00, 0x00, 0x00, 0x00, 0x00, 0x00, 0x00, 0x00, 0x00, 0x00, 0x00, 0x00, 0x00, 0x00,
    0x00, 0x00, 0x00, 0x08, 0x20, 0x10, 0x20, 0x10, 0x20, 0x10, 0x20, 0x10, 0x20, 0x08, 0x00, 0x00,
    0x00, 0x00, 0x00, 0x00, 0x00, 0x00, 0x00, 0x00, 0x00, 0x00, 0x40, 0x10, 0xA3, 0x61, 0x62, 0x51,
    0x62, 0x51, 0x42, 0x51, 0x62, 0x51, 0x42, 0x49, 0x62, 0x59, 0x62, 0x59, 0x62, 0x59, 0x04, 0x72,
    0xA6, 0x8A, 0x27, 0xA3, 0x27, 0xA3, 0xC6, 0x9A, 0x44, 0x82, 0xA2, 0x61, 0x21, 0x49, 0xA1, 0x30,
    0x60, 0x20, 0x20, 0x10, 0x40, 0x18, 0x03, 0x39, 0x85, 0x59, 0xE9, 0x8A, 0x2E, 0xBC, 0xD0, 0xCC,
    0xF1, 0xD4, 0x11, 0xDD, 0x0D, 0xC4, 0x4E, 0xCC, 0x2E, 0xCC, 0x06, 0x8A, 0x84, 0x71, 0xAC, 0xB3,
    0xC8, 0xA2, 0xA1, 0x50, 0x40, 0x20, 0xA0, 0x28, 0x62, 0x51, 0x83, 0x59, 0x62, 0x51, 0x22, 0x49,
    0x42, 0x49, 0x02, 0x41, 0x22, 0x49, 0x62, 0x51, 0x60, 0x18, 0x00, 0x08, 0x00, 0x08, 0x00, 0x08,
    0x00, 0x08, 0x00, 0x00, 0x00, 0x00, 0x00, 0x08, 0x00, 0x00, 0x00, 0x00, 0x00, 0x00, 0x00, 0x08,
    0x20, 0x10, 0x40, 0x18, 0x81, 0x28, 0xC1, 0x38, 0xC1, 0x30, 0xC1, 0x30, 0xC1, 0x30, 0xA1, 0x28,
    0xA1, 0x20, 0xA1, 0x20, 0xC1, 0x28, 0xE1, 0x38, 0xC1, 0x30, 0x81, 0x28, 0x81, 0x20, 0x60, 0x20,
    0x40, 0x18, 0x40, 0x10, 0x40, 0x10, 0x40, 0x10, 0x40, 0x18, 0x40, 0x18, 0x40, 0x18, 0x40, 0x18,
    0x40, 0x10, 0x20, 0x10, 0x40, 0x18, 0x40, 0x18, 0x40, 0x10, 0x40, 0x10, 0x20, 0x10, 0x20, 0x10,
    0x20, 0x10, 0x20, 0x08, 0x20, 0x08, 0x00, 0x08, 0x00, 0x08, 0x00, 0x08, 0x00, 0x08, 0x00, 0x08,
    0x00, 0x08, 0x00, 0x08, 0x00, 0x08, 0x00, 0x08, 0x00, 0x08, 0x00, 0x08, 0x00, 0x08, 0x00, 0x00,
    0x00, 0x00, 0x00, 0x00, 0x00, 0x00, 0x00, 0x00, 0x00, 0x00, 0x00, 0x00, 0x00, 0x00, 0x00, 0x00,
    0x00, 0x00, 0x00, 0x00, 0x00, 0x00, 0x00, 0x00, 0x20, 0x08, 0x20, 0x10, 0x20, 0x10, 0x20, 0x10,
    0x20, 0x08, 0x00, 0x00, 0x00, 0x00, 0x00, 0x00, 0x00, 0x00, 0x00, 0x00, 0x00, 0x00, 0x20, 0x08,
    0x42, 0x49, 0x62, 0x51, 0x42, 0x51, 0x42, 0x51, 0x42, 0x49, 0x42, 0x49, 0x62, 0x51, 0x42, 0x51,
    0x62, 0x51, 0x62, 0x51, 0x62, 0x59, 0xE3, 0x71, 0xA5, 0x92, 0x27, 0xA3, 0x68, 0xAB, 0x07, 0x9B,
    0xC6, 0x92, 0x85, 0x8A, 0x24, 0x7A, 0xE3, 0x71, 0xA2, 0x61, 0x62, 0x59, 0x22, 0x49, 0x84, 0x51,
    0xE9, 0x8A, 0x8F, 0xBC, 0x32, 0xD5, 0x4E, 0xC4, 0x2A, 0xAB, 0x0D, 0xC4, 0xF1, 0xD4, 0xAC, 0xB3,
    0xA1, 0x50, 0x23, 0x61, 0x60, 0x48, 0x00, 0x20, 0x80, 0x28, 0xE1, 0x30, 0x83, 0x59, 0x62, 0x51,
    0x22, 0x49, 0x22, 0x49, 0x62, 0x59, 0x02, 0x41, 0x02, 0x41, 0x62, 0x51, 0x60, 0x20, 0x00, 0x08,
    0x00, 0x08, 0x00, 0x08, 0x00, 0x08, 0x00, 0x00, 0x00, 0x00, 0x00, 0x08, 0x00, 0x08, 0x00, 0x08,
    0x00, 0x08, 0x00, 0x00, 0x00, 0x00, 0x00, 0x00, 0x00, 0x08, 0x20, 0x20, 0x40, 0x20, 0x40, 0x20,
    0x61, 0x20, 0x81, 0x20, 0x61, 0x18, 0x81, 0x20, 0x81, 0x28, 0xA1, 0x28, 0xC1, 0x28, 0xC1, 0x30,
    0xE1, 0x30, 0xE2, 0x30, 0xC1, 0x30, 0xA1, 0x28, 0x80, 0x20, 0x60, 0x18, 0x81, 0x20, 0x60, 0x18,
    0x40, 0x18, 0x40, 0x18, 0x40, 0x10, 0x20, 0x10, 0x20, 0x10, 0x20, 0x10, 0x20, 0x10, 0x20, 0x10,
    0x20, 0x10, 0x40, 0x10, 0x40, 0x10, 0x40, 0x10, 0x20, 0x10, 0x40, 0x10, 0x20, 0x10, 0x20, 0x08,
    0x00, 0x08, 0x00, 0x08, 0x00, 0x08, 0x00, 0x08, 0x00, 0x00, 0x00, 0x00, 0x00, 0x08, 0x00, 0x08,
    0x00, 0x08, 0x00, 0x08, 0x00, 0x00, 0x00, 0x00, 0x00, 0x00, 0x00, 0x00, 0x00, 0x00, 0x00, 0x00,
    0x00, 0x00, 0x00, 0x00, 0x00, 0x00, 0x00, 0x00, 0x00, 0x00, 0x00, 0x00, 0x20, 0x08, 0x20, 0x10,
    0x20, 0x10, 0x20, 0x10, 0x20, 0x08, 0x00, 0x00, 0x00, 0x00, 0x00, 0x00, 0x00, 0x00, 0x00, 0x00,
    0x00, 0x00, 0x00, 0x00, 0x40, 0x10, 0xC1, 0x38, 0x21, 0x41, 0x62, 0x51, 0x62, 0x51, 0x22, 0x41,
    0x22, 0x49, 0x42, 0x49, 0x42, 0x49, 0x62, 0x51, 0x62, 0x59, 0xA3, 0x61, 0xC3, 0x69, 0xC3, 0x69,
    0x04, 0x72, 0xA6, 0x82, 0x86, 0x7A, 0xC7, 0x8A, 0x27, 0xA3, 0x48, 0xA3, 0x89, 0xA3, 0x48, 0x9B,
    0x28, 0x9B, 0xE7, 0x92, 0xA6, 0x8A, 0xAB, 0xA3, 0xF1, 0xCC, 0x4B, 0xA3, 0xC8, 0xA2, 0x6B, 0xB3,
    0x6B, 0xB3, 0x84, 0x79, 0x20, 0x30, 0x00, 0x28, 0x20, 0x28, 0x20, 0x20, 0x20, 0x08, 0x20, 0x10,
    0x42, 0x49, 0x62, 0x51, 0x42, 0x49, 0x22, 0x49, 0x62, 0x51, 0x02, 0x41, 0x01, 0x41, 0x82, 0x59,
    0x60, 0x20, 0x00, 0x08, 0x00, 0x08, 0x00, 0x08, 0x00, 0x08, 0x00, 0x00, 0x00, 0x00, 0x00, 0x08,
    0x00, 0x08, 0x00, 0x08, 0x00, 0x00, 0x00, 0x08, 0x00, 0x08, 0x00, 0x08, 0x00, 0x00, 0x00, 0x00,
    0x00, 0x08, 0x20, 0x10, 0x41, 0x10, 0x41, 0x10, 0x41, 0x10, 0x41, 0x10, 0x41, 0x10, 0x41, 0x10,
    0x40, 0x10, 0x40, 0x10, 0x40, 0x10, 0x60, 0x18, 0x81, 0x20, 0xC1, 0x30, 0xC1, 0x30, 0xA1, 0x28,
    0xC1, 0x30, 0xA1, 0x28, 0x81, 0x28, 0xA1, 0x28, 0x81, 0x28, 0x80, 0x20, 0x60, 0x20, 0x81, 0x20,
    0x81, 0x20, 0x60, 0x18, 0x40, 0x10, 0x40, 0x10, 0x40, 0x10, 0x20, 0x10, 0x20, 0x10, 0x40, 0x10,
    0x20, 0x10, 0x40, 0x10, 0x20, 0x10, 0x20, 0x10, 0x20, 0x10, 0x20, 0x10, 0x20, 0x08, 0x00, 0x08,
    0x00, 0x08, 0x00, 0x08, 0x00, 0x08, 0x00, 0x08, 0x00, 0x00, 0x00, 0x00, 0x00, 0x00, 0x00, 0x00,
    0x00, 0x00, 0x00, 0x00, 0x00, 0x00, 0x00, 0x00, 0x00, 0x00, 0x00, 0x00, 0x00, 0x00, 0x00, 0x00,
    0x20, 0x08, 0x20, 0x10, 0x20, 0x10, 0x20, 0x10, 0x20, 0x08, 0x00, 0x00, 0x00, 0x00, 0x00, 0x00,
    0x00, 0x00, 0x00, 0x00, 0x00, 0x00, 0x00, 0x08, 0x20, 0x08, 0x00, 0x08, 0x40, 0x10, 0x80, 0x28,
    0xE1, 0x38, 0x01, 0x41, 0x42, 0x49, 0x42, 0x49, 0x01, 0x41, 0x42, 0x51, 0x62, 0x51, 0x62, 0x51,
    0x82, 0x59, 0x82, 0x59, 0x62, 0x51, 0x42, 0x51, 0x83, 0x59, 0xA3, 0x61, 0x24, 0x72, 0x24, 0x72,
    0x46, 0x72, 0x66, 0x72, 0x66, 0x72, 0x66, 0x7A, 0x04, 0x6A, 0xA4, 0x59, 0x2A, 0x8B, 0x67, 0x82,
    0x47, 0x92, 0x67, 0x92, 0x81, 0x50, 0x00, 0x28, 0x20, 0x20, 0x20, 0x28, 0x40, 0x20, 0x00, 0x08,
    0x00, 0x00, 0x00, 0x00, 0x22, 0x41, 0x42, 0x51, 0x22, 0x49, 0x22, 0x49, 0x22, 0x49, 0x22, 0x41,
    0x22, 0x49, 0xA3, 0x61, 0x60, 0x20, 0x00, 0x08, 0x00, 0x08, 0x00, 0x08, 0x00, 0x08, 0x00, 0x00,
    0x00, 0x00, 0x00, 0x08, 0x00, 0x00, 0x00, 0x00, 0x00, 0x08, 0x00, 0x08, 0x00, 0x08, 0x00, 0x08,
    0x00, 0x08, 0x20, 0x08, 0x20, 0x10, 0x41, 0x10, 0x41, 0x10, 0x41, 0x10, 0x61, 0x10, 0x61, 0x10,
    0x61, 0x10, 0x61, 0x10, 0x41, 0x10, 0x41, 0x08, 0x40, 0x08, 0x41, 0x10, 0x40, 0x10, 0x40, 0x10,
    0x61, 0x18, 0x61, 0x20, 0x81, 0x20, 0x81, 0x28, 0xA1, 0x28, 0xA1, 0x28, 0xA1, 0x30, 0xA1, 0x28,
    0x80, 0x20, 0x60, 0x20, 0xA1, 0x28, 0xA1, 0x28, 0x60, 0x18, 0x60, 0x18, 0x40, 0x18, 0x20, 0x10,
    0x20, 0x10, 0x20, 0x10, 0x20, 0x10, 0x40, 0x10, 0x20, 0x10, 0x20, 0x10, 0x20, 0x10, 0x20, 0x10,
    0x20, 0x10, 0x20, 0x10, 0x20, 0x10, 0x20, 0x10, 0x20, 0x10, 0x20, 0x08, 0x00, 0x00, 0x00, 0x00,
    0x00, 0x00, 0x00, 0x00, 0x00, 0x00, 0x00, 0x00, 0x00, 0x00, 0x00, 0x00, 0x00, 0x00, 0x00, 0x00,
    0x00, 0x00, 0x00, 0x00, 0x20, 0x08, 0x20, 0x10, 0x20, 0x10, 0x20, 0x10, 0x20, 0x08, 0x00, 0x00,
    0x00, 0x00, 0x00, 0x00, 0x00, 0x00, 0x00, 0x00, 0x00, 0x00, 0x20, 0x08, 0x20, 0x08, 0x20, 0x08,
    0x20, 0x08, 0x40, 0x10, 0x00, 0x08, 0x20, 0x10, 0xA1, 0x28, 0xE1, 0x38, 0x22, 0x49, 0x42, 0x51,
    0x42, 0x49, 0x62, 0x51, 0x62, 0x51, 0x62, 0x51, 0x62, 0x51, 0x62, 0x51, 0x62, 0x51, 0x82, 0x59,
    0xE4, 0x69, 0xC3, 0x61, 0x62, 0x51, 0x42, 0x49, 0x42, 0x49, 0x22, 0x41, 0xE1, 0x38, 0xA1, 0x30,
    0x23, 0x39, 0x84, 0x49, 0x63, 0x61, 0xE2, 0x60, 0x00, 0x28, 0x40, 0x28, 0x20, 0x20, 0x20, 0x20,
    0x00, 0x08, 0x00, 0x00, 0x00, 0x08, 0x00, 0x08, 0x02, 0x39, 0x42, 0x49, 0x22, 0x41, 0x22, 0x49,
    0x42, 0x49, 0x22, 0x41, 0x42, 0x49, 0x82, 0x59, 0x60, 0x20, 0x00, 0x08, 0x00, 0x08, 0x00, 0x08,
    0x00, 0x08, 0x00, 0x00, 0x00, 0x08, 0x00, 0x08, 0x00, 0x08, 0x00, 0x08, 0x20, 0x10, 0x00, 0x10,
    0x00, 0x08, 0x00, 0x08, 0x61, 0x18, 0x81, 0x18, 0x81, 0x18, 0x61, 0x18, 0x61, 0x18, 0x61, 0x10,
    0x61, 0x10, 0x61, 0x18, 0x61, 0x18, 0x61, 0x18, 0x41, 0x10, 0x40, 0x10, 0x40, 0x08, 0x40, 0x10,
    0x41, 0x10, 0x61, 0x10, 0x61, 0x10, 0x61, 0x10, 0x41, 0x10, 0x41, 0x10, 0x41, 0x10, 0x61, 0x18,
    0x81, 0x20, 0x81, 0x20, 0x81, 0x20, 0x80, 0x20, 0xA0, 0x28, 0x80, 0x28, 0x80, 0x20, 0x60, 0x20,
    0x60, 0x20, 0x60, 0x18, 0x81, 0x20, 0x40, 0x18, 0x40, 0x18, 0x40, 0x18, 0x40, 0x10, 0x20, 0x10,
    0x20, 0x10, 0x20, 0x10, 0x20, 0x10, 0x20, 0x10, 0x20, 0x10, 0x20, 0x10, 0x20, 0x10, 0x20, 0x10,
    0x00, 0x00, 0x00, 0x00, 0x00, 0x00, 0x00, 0x00, 0x00, 0x00, 0x00, 0x00, 0x00, 0x00, 0x00, 0x00,
    0x00, 0x00, 0x00, 0x00, 0x00, 0x00, 0x00, 0x00, 0x20, 0x08, 0x20, 0x10, 0x20, 0x10, 0x20, 0x10,
    0x20, 0x08, 0x00, 0x00, 0x00, 0x00, 0x00, 0x00, 0x00, 0x00, 0x00, 0x00, 0x00, 0x08, 0x20, 0x08,
    0x20, 0x08, 0x20, 0x08, 0x40, 0x10, 0x81, 0x28, 0x00, 0x08, 0x00, 0x08, 0x00, 0x08, 0x00, 0x08,
    0x40, 0x18, 0xE1, 0x38, 0x42, 0x49, 0x62, 0x51, 0x62, 0x51, 0x62, 0x51, 0x62, 0x51, 0x42, 0x49,
    0x42, 0x51, 0x83, 0x59, 0x83, 0x59, 0x83, 0x59, 0x83, 0x59, 0x62, 0x51, 0x42, 0x49, 0x02, 0x41,
    0xC1, 0x30, 0xC1, 0x30, 0x81, 0x20, 0x61, 0x18, 0x20, 0x10, 0x20, 0x28, 0x20, 0x20, 0x20, 0x18,
    0x00, 0x08, 0x00, 0x00, 0x00, 0x08, 0x00, 0x00, 0x00, 0x08, 0x00, 0x08, 0xE2, 0x38, 0x42, 0x49,
    0x22, 0x49, 0x22, 0x49, 0x42, 0x49, 0x22, 0x49, 0x62, 0x51, 0x62, 0x59, 0x40, 0x20, 0x00, 0x08,
    0x00, 0x08, 0x00, 0x08, 0x00, 0x08, 0x00, 0x08, 0x00, 0x00, 0x20, 0x10, 0x60, 0x18, 0x20, 0x10,
    0x00, 0x08, 0x00, 0x08, 0x00, 0x00, 0x00, 0x00, 0xA2, 0x18, 0x81, 0x20, 0x81, 0x20, 0x81, 0x20,
    0x81, 0x20, 0x81, 0x18, 0x61, 0x18, 0x61, 0x18, 0x61, 0x18, 0x61, 0x18, 0x61, 0x18, 0x40, 0x10,
    0x40, 0x08, 0x40, 0x10, 0x41, 0x10, 0x61, 0x18, 0x61, 0x18, 0x61, 0x18, 0x61, 0x18, 0x41, 0x10,
    0x41, 0x10, 0x41, 0x10, 0x40, 0x10, 0x40, 0x10, 0x40, 0x10, 0x40, 0x10, 0x40, 0x18, 0x60, 0x18,
    0x60, 0x18, 0x60, 0x18, 0x60, 0x20, 0x80, 0x20, 0xA1, 0x28, 0x60, 0x20, 0x60, 0x18, 0x60, 0x18,
    0x60, 0x18, 0x40, 0x18, 0x40, 0x18, 0x40, 0x18, 0x40, 0x18, 0x40, 0x10, 0x20, 0x10, 0x20, 0x10,
    0x20, 0x10, 0x20, 0x08, 0x00, 0x00, 0x00, 0x00, 0x00, 0x00, 0x00, 0x00, 0x00, 0x00, 0x00, 0x00,
    0x00, 0x00, 0x00, 0x00, 0x00, 0x00, 0x00, 0x00, 0x00, 0x00, 0x00, 0x00, 0x20, 0x08, 0x20, 0x08,
    0x20, 0x10, 0x20, 0x10, 0x20, 0x08, 0x00, 0x00, 0x00, 0x00, 0x00, 0x00, 0x00, 0x00, 0x00, 0x08,
    0x20, 0x08, 0x20, 0x08, 0x20, 0x10, 0x20, 0x08, 0x81, 0x20, 0xE1, 0x38, 0x60, 0x18, 0x20, 0x10,
    0x00, 0x08, 0x00, 0x08, 0x00, 0x00, 0x20, 0x08, 0x60, 0x18, 0xA1, 0x28, 0x01, 0x39, 0x42, 0x49,
    0x82, 0x59, 0x82, 0x59, 0x62, 0x51, 0x22, 0x41, 0x42, 0x49, 0x62, 0x51, 0x82, 0x59, 0x42, 0x49,
    0x22, 0x41, 0xE1, 0x38, 0xC1, 0x30, 0xA1, 0x28, 0x80, 0x20, 0x40, 0x18, 0x20, 0x10, 0x00, 0x08,
    0x00, 0x08, 0x00, 0x08, 0x00, 0x00, 0x00, 0x00, 0x00, 0x08, 0x00, 0x00, 0x00, 0x08, 0x00, 0x00,
    0xE2, 0x38, 0x42, 0x51, 0x22, 0x41, 0x42, 0x49, 0x42, 0x51, 0x22, 0x41, 0x62, 0x59, 0x42, 0x51,
    0x40, 0x20, 0x00, 0x08, 0x00, 0x08, 0x00, 0x08, 0x00, 0x08, 0x00, 0x08, 0x00, 0x00, 0x40, 0x10,
    0x81, 0x20, 0x20, 0x10, 0x00, 0x08, 0x00, 0x00, 0x00, 0x00, 0x00, 0x00, 0xC3, 0x18, 0xA2, 0x20,
    0x81, 0x20, 0x81, 0x20, 0x81, 0x20, 0x81, 0x20, 0x81, 0x20, 0x81, 0x20, 0x81, 0x20, 0x81, 0x18,
    0x61, 0x18, 0x40, 0x10, 0x40, 0x10, 0x40, 0x08, 0x41, 0x10, 0x61, 0x18, 0x81, 0x18, 0x81, 0x20,
    0x61, 0x18, 0x61, 0x18, 0x61, 0x10, 0x40, 0x10, 0x41, 0x10, 0x41, 0x10, 0x40, 0x10, 0x40, 0x10,
    0x40, 0x10, 0x41, 0x10, 0x40, 0x10, 0x40, 0x10, 0x20, 0x10, 0x20, 0x10, 0x40, 0x10, 0x40, 0x18,
    0x60, 0x18, 0x60, 0x18, 0x60, 0x18, 0x60, 0x20, 0x60, 0x18, 0x60, 0x18, 0x60, 0x20, 0x60, 0x18,
    0x40, 0x18, 0x40, 0x18, 0x40, 0x10, 0x40, 0x10,
};

const lv_image_dsc_t buddy_piggy_hungry = {
    .header = {
        .magic = LV_IMAGE_HEADER_MAGIC,
        .cf = LV_COLOR_FORMAT_RGB565,
        .flags = 0,
        .w = 130,
        .h = 130,
        .stride = 260,
        .reserved_2 = 0,
    },
    .data_size = sizeof(buddy_piggy_hungry_map),
    .data = buddy_piggy_hungry_map,
    .reserved = NULL,
};
