#include "lvgl.h"

#ifndef LV_ATTRIBUTE_MEM_ALIGN
#define LV_ATTRIBUTE_MEM_ALIGN
#endif

const LV_ATTRIBUTE_MEM_ALIGN uint8_t buddy_reward_corn_map[] = {
    0x43, 0x00, 0x43, 0x00, 0x43, 0x00, 0x43, 0x00, 0x43, 0x00, 0x43, 0x00, 0x43, 0x00, 0x43, 0x00,
    0x43, 0x00, 0x43, 0x00, 0x43, 0x00, 0x43, 0x00, 0x43, 0x00, 0x43, 0x00, 0x43, 0x00, 0x43, 0x00,
    0x43, 0x00, 0x43, 0x00, 0x43, 0x00, 0x43, 0x00, 0x43, 0x00, 0x43, 0x00, 0x43, 0x00, 0x63, 0x00,
    0x63, 0x00, 0x63, 0x00, 0x63, 0x00, 0x43, 0x00, 0x63, 0x00, 0x43, 0x00, 0x63, 0x00, 0x63, 0x00,
    0x63, 0x00, 0x63, 0x00, 0x63, 0x00, 0x63, 0x00, 0x63, 0x00, 0x63, 0x00, 0x63, 0x00, 0x63, 0x00,
    0x63, 0x00, 0x63, 0x00, 0x63, 0x00, 0x63, 0x00, 0x63, 0x00, 0x63, 0x00, 0x63, 0x00, 0x63, 0x00,
    0x63, 0x00, 0x63, 0x00, 0x64, 0x00, 0x64, 0x00, 0x64, 0x00, 0x64, 0x00, 0x64, 0x00, 0x64, 0x00,
    0x64, 0x00, 0x64, 0x00, 0x64, 0x00, 0x64, 0x00, 0x63, 0x00, 0x63, 0x00, 0x63, 0x00, 0x63, 0x00,
    0x63, 0x00, 0x63, 0x00, 0x63, 0x00, 0x63, 0x00, 0x63, 0x00, 0x63, 0x00, 0x63, 0x00, 0x63, 0x00,
    0x63, 0x00, 0x63, 0x00, 0x63, 0x00, 0x63, 0x00, 0x63, 0x00, 0x63, 0x00, 0x63, 0x00, 0x63, 0x00,
    0x63, 0x00, 0x63, 0x00, 0x63, 0x00, 0x63, 0x00, 0x63, 0x00, 0x43, 0x00, 0x63, 0x00, 0x63, 0x00,
    0x43, 0x00, 0x43, 0x00, 0x43, 0x00, 0x43, 0x00, 0x43, 0x00, 0x43, 0x00, 0x43, 0x00, 0x43, 0x00,
    0x43, 0x00, 0x43, 0x00, 0x43, 0x00, 0x43, 0x00, 0x43, 0x00, 0x43, 0x00, 0x43, 0x00, 0x43, 0x00,
    0x43, 0x00, 0x43, 0x00, 0x43, 0x00, 0x43, 0x00, 0x43, 0x00, 0x43, 0x00, 0x43, 0x00, 0x43, 0x00,
    0x43, 0x00, 0x43, 0x00, 0x43, 0x00, 0x43, 0x00, 0x43, 0x00, 0x43, 0x00, 0x43, 0x00, 0x43, 0x00,
    0x43, 0x00, 0x43, 0x00, 0x43, 0x00, 0x43, 0x00, 0x43, 0x00, 0x43, 0x00, 0x63, 0x00, 0x63, 0x00,
    0x63, 0x00, 0x63, 0x00, 0x63, 0x00, 0x63, 0x00, 0x63, 0x00, 0x63, 0x00, 0x63, 0x00, 0x63, 0x00,
    0x63, 0x00, 0x63, 0x00, 0x63, 0x00, 0x63, 0x00, 0x63, 0x00, 0x63, 0x00, 0x63, 0x00, 0x63, 0x00,
    0x63, 0x00, 0x63, 0x00, 0x63, 0x00, 0x64, 0x00, 0x64, 0x00, 0x64, 0x00, 0x64, 0x00, 0x64, 0x00,
    0x64, 0x00, 0x64, 0x00, 0x64, 0x00, 0x64, 0x00, 0x64, 0x00, 0x64, 0x00, 0x64, 0x00, 0x64, 0x00,
    0x64, 0x00, 0x64, 0x00, 0x64, 0x00, 0x64, 0x00, 0x64, 0x00, 0x64, 0x00, 0x64, 0x00, 0x64, 0x00,
    0x64, 0x00, 0x64, 0x00, 0x64, 0x00, 0x64, 0x00, 0x64, 0x00, 0x64, 0x00, 0x64, 0x00, 0x64, 0x00,
    0x64, 0x00, 0x64, 0x00, 0x64, 0x00, 0x64, 0x00, 0x64, 0x00, 0x64, 0x00, 0x64, 0x00, 0x64, 0x00,
    0x63, 0x00, 0x63, 0x00, 0x63, 0x00, 0x63, 0x00, 0x63, 0x00, 0x63, 0x00, 0x63, 0x00, 0x63, 0x00,
    0x63, 0x00, 0x63, 0x00, 0x63, 0x00, 0x63, 0x00, 0x63, 0x00, 0x63, 0x00, 0x43, 0x00, 0x63, 0x00,
    0x63, 0x00, 0x43, 0x00, 0x43, 0x00, 0x43, 0x00, 0x43, 0x00, 0x43, 0x00, 0x43, 0x00, 0x43, 0x00,
    0x43, 0x00, 0x43, 0x00, 0x43, 0x00, 0x43, 0x00, 0x43, 0x00, 0x43, 0x00, 0x43, 0x00, 0x43, 0x00,
    0x43, 0x00, 0x43, 0x00, 0x43, 0x00, 0x43, 0x00, 0x43, 0x00, 0x43, 0x00, 0x43, 0x00, 0x43, 0x00,
    0x43, 0x00, 0x43, 0x00, 0x43, 0x00, 0x43, 0x00, 0x43, 0x00, 0x43, 0x00, 0x43, 0x00, 0x43, 0x00,
    0x43, 0x00, 0x43, 0x00, 0x43, 0x00, 0x63, 0x00, 0x63, 0x00, 0x63, 0x00, 0x63, 0x00, 0x63, 0x00,
    0x63, 0x00, 0x63, 0x00, 0x63, 0x00, 0x63, 0x00, 0x63, 0x00, 0x63, 0x00, 0x63, 0x00, 0x63, 0x00,
    0x63, 0x00, 0x63, 0x00, 0x63, 0x00, 0x63, 0x00, 0x63, 0x00, 0x63, 0x00, 0x63, 0x00, 0x63, 0x00,
    0x64, 0x00, 0x64, 0x00, 0x64, 0x00, 0x64, 0x00, 0x64, 0x00, 0x64, 0x00, 0x64, 0x00, 0x64, 0x00,
    0x64, 0x00, 0x64, 0x00, 0x64, 0x00, 0x64, 0x00, 0x64, 0x00, 0x64, 0x00, 0x64, 0x00, 0x64, 0x00,
    0x64, 0x00, 0x64, 0x00, 0x64, 0x00, 0x64, 0x00, 0x64, 0x00, 0x64, 0x00, 0x64, 0x00, 0x64, 0x00,
    0x64, 0x00, 0x64, 0x00, 0x64, 0x00, 0x64, 0x00, 0x64, 0x00, 0x64, 0x00, 0x64, 0x00, 0x64, 0x00,
    0x64, 0x00, 0x64, 0x00, 0x64, 0x00, 0x64, 0x00, 0x64, 0x00, 0x63, 0x00, 0x63, 0x00, 0x63, 0x00,
    0x63, 0x00, 0x63, 0x00, 0x63, 0x00, 0x63, 0x00, 0x63, 0x00, 0x63, 0x00, 0x63, 0x00, 0x63, 0x00,
    0x63, 0x00, 0x63, 0x00, 0x63, 0x00, 0x63, 0x00, 0x63, 0x00, 0x63, 0x00, 0x43, 0x00, 0x43, 0x00,
    0x43, 0x00, 0x63, 0x00, 0x63, 0x00, 0x43, 0x00, 0x43, 0x00, 0x43, 0x00, 0x43, 0x00, 0x43, 0x00,
    0x43, 0x00, 0x43, 0x00, 0x43, 0x00, 0x43, 0x00, 0x43, 0x00, 0x43, 0x00, 0x43, 0x00, 0x43, 0x00,
    0x43, 0x00, 0x43, 0x00, 0x43, 0x00, 0x43, 0x00, 0x43, 0x00, 0x43, 0x00, 0x43, 0x00, 0x43, 0x00,
    0x43, 0x00, 0x43, 0x00, 0x43, 0x00, 0x43, 0x00, 0x43, 0x00, 0x43, 0x00, 0x43, 0x00, 0x63, 0x00,
    0x63, 0x00, 0x63, 0x00, 0x63, 0x00, 0x63, 0x00, 0x63, 0x00, 0x63, 0x00, 0x63, 0x00, 0x63, 0x00,
    0x63, 0x00, 0x63, 0x00, 0x63, 0x00, 0x63, 0x00, 0x63, 0x00, 0x63, 0x00, 0x63, 0x00, 0x63, 0x00,
    0x63, 0x00, 0x63, 0x00, 0x63, 0x00, 0x63, 0x00, 0x64, 0x00, 0x64, 0x00, 0x64, 0x00, 0x64, 0x00,
    0x64, 0x00, 0x64, 0x00, 0x64, 0x00, 0x64, 0x00, 0x64, 0x00, 0x64, 0x00, 0x64, 0x00, 0x64, 0x00,
    0x64, 0x00, 0x64, 0x00, 0x64, 0x08, 0x64, 0x00, 0x64, 0x00, 0x64, 0x00, 0x64, 0x00, 0x64, 0x00,
    0x64, 0x00, 0x64, 0x00, 0x64, 0x00, 0x64, 0x00, 0x64, 0x00, 0x64, 0x00, 0x64, 0x00, 0x64, 0x08,
    0x64, 0x00, 0x64, 0x00, 0x64, 0x00, 0x64, 0x00, 0x64, 0x00, 0x64, 0x00, 0x64, 0x00, 0x64, 0x00,
    0x64, 0x00, 0x64, 0x00, 0x64, 0x00, 0x64, 0x00, 0x64, 0x00, 0x64, 0x00, 0x63, 0x00, 0x63, 0x00,
    0x63, 0x00, 0x63, 0x00, 0x63, 0x00, 0x63, 0x00, 0x63, 0x00, 0x63, 0x00, 0x63, 0x00, 0x63, 0x00,
    0x63, 0x00, 0x63, 0x00, 0x63, 0x00, 0x43, 0x00, 0x43, 0x00, 0x43, 0x00, 0x43, 0x00, 0x43, 0x00,
    0x63, 0x00, 0x63, 0x00, 0x43, 0x00, 0x43, 0x00, 0x43, 0x00, 0x43, 0x00, 0x43, 0x00, 0x43, 0x00,
    0x43, 0x00, 0x43, 0x00, 0x43, 0x00, 0x43, 0x00, 0x43, 0x00, 0x43, 0x00, 0x43, 0x00, 0x43, 0x00,
    0x43, 0x00, 0x43, 0x00, 0x43, 0x00, 0x43, 0x00, 0x43, 0x00, 0x43, 0x00, 0x43, 0x00, 0x43, 0x00,
    0x43, 0x00, 0x43, 0x00, 0x43, 0x00, 0x43, 0x00, 0x43, 0x00, 0x63, 0x00, 0x63, 0x00, 0x63, 0x00,
    0x63, 0x00, 0x43, 0x00, 0x43, 0x00, 0x63, 0x00, 0x63, 0x00, 0x63, 0x00, 0x63, 0x00, 0x63, 0x00,
    0x63, 0x00, 0x63, 0x00, 0x63, 0x00, 0x63, 0x00, 0x63, 0x00, 0x63, 0x00, 0x63, 0x00, 0x63, 0x00,
    0x64, 0x00, 0x64, 0x00, 0x64, 0x00, 0x64, 0x00, 0x64, 0x00, 0x64, 0x00, 0x64, 0x00, 0x64, 0x00,
    0x64, 0x00, 0x64, 0x00, 0x64, 0x08, 0x64, 0x08, 0x64, 0x08, 0x64, 0x08, 0x64, 0x08, 0x64, 0x08,
    0x64, 0x08, 0x64, 0x08, 0x64, 0x08, 0x64, 0x08, 0x64, 0x00, 0x64, 0x00, 0x64, 0x00, 0x64, 0x08,
    0x64, 0x00, 0x64, 0x00, 0x64, 0x00, 0x64, 0x08, 0x64, 0x08, 0x64, 0x08, 0x64, 0x00, 0x64, 0x08,
    0x64, 0x08, 0x64, 0x08, 0x64, 0x08, 0x64, 0x08, 0x64, 0x00, 0x64, 0x00, 0x64, 0x00, 0x64, 0x00,
    0x64, 0x00, 0x64, 0x00, 0x64, 0x00, 0x64, 0x00, 0x64, 0x00, 0x63, 0x00, 0x63, 0x00, 0x63, 0x00,
    0x63, 0x00, 0x63, 0x00, 0x63, 0x00, 0x63, 0x00, 0x63, 0x00, 0x63, 0x00, 0x63, 0x00, 0x63, 0x00,
    0x63, 0x00, 0x63, 0x00, 0x63, 0x00, 0x63, 0x00, 0x43, 0x00, 0x43, 0x00, 0x43, 0x00, 0x43, 0x00,
    0x43, 0x00, 0x43, 0x00, 0x43, 0x00, 0x43, 0x00, 0x43, 0x00, 0x43, 0x00, 0x43, 0x00, 0x43, 0x00,
    0x43, 0x00, 0x43, 0x00, 0x43, 0x00, 0x43, 0x00, 0x43, 0x00, 0x43, 0x00, 0x43, 0x00, 0x43, 0x00,
    0x43, 0x00, 0x43, 0x00, 0x43, 0x00, 0x43, 0x00, 0x43, 0x00, 0x43, 0x00, 0x43, 0x00, 0x43, 0x00,
    0x43, 0x00, 0x43, 0x00, 0x63, 0x00, 0x63, 0x00, 0x63, 0x00, 0x43, 0x00, 0x43, 0x00, 0x63, 0x00,
    0x63, 0x00, 0x63, 0x00, 0x63, 0x00, 0x63, 0x00, 0x63, 0x00, 0x63, 0x00, 0x63, 0x00, 0x63, 0x00,
    0x63, 0x00, 0x63, 0x00, 0x63, 0x00, 0x64, 0x00, 0x64, 0x00, 0x64, 0x00, 0x64, 0x00, 0x64, 0x00,
    0x64, 0x00, 0x64, 0x00, 0x64, 0x00, 0x64, 0x00, 0x64, 0x00, 0x64, 0x00, 0x64, 0x08, 0x64, 0x08,
    0x64, 0x08, 0x64, 0x08, 0x64, 0x08, 0x64, 0x08, 0x64, 0x08, 0x64, 0x08, 0x84, 0x08, 0x64, 0x08,
    0x84, 0x08, 0x84, 0x08, 0x84, 0x08, 0x64, 0x08, 0x64, 0x08, 0x64, 0x08, 0x64, 0x08, 0x64, 0x08,
    0x64, 0x08, 0x64, 0x08, 0x64, 0x08, 0x64, 0x08, 0x64, 0x08, 0x64, 0x08, 0x64, 0x08, 0x64, 0x08,
    0x64, 0x08, 0x64, 0x08, 0x64, 0x08, 0x64, 0x08, 0x64, 0x08, 0x64, 0x08, 0x64, 0x00, 0x64, 0x00,
    0x64, 0x00, 0x64, 0x00, 0x64, 0x00, 0x64, 0x00, 0x64, 0x00, 0x64, 0x00, 0x64, 0x00, 0x64, 0x00,
    0x63, 0x00, 0x63, 0x00, 0x63, 0x00, 0x63, 0x00, 0x63, 0x00, 0x63, 0x00, 0x63, 0x00, 0x63, 0x00,
    0x63, 0x00, 0x63, 0x00, 0x63, 0x00, 0x63, 0x00, 0x43, 0x00, 0x43, 0x00, 0x63, 0x00, 0x63, 0x00,
    0x43, 0x00, 0x43, 0x00, 0x43, 0x00, 0x43, 0x00, 0x43, 0x00, 0x43, 0x00, 0x43, 0x00, 0x43, 0x00,
    0x43, 0x00, 0x43, 0x00, 0x43, 0x00, 0x43, 0x00, 0x43, 0x00, 0x43, 0x00, 0x43, 0x00, 0x43, 0x00,
    0x43, 0x00, 0x43, 0x00, 0x43, 0x00, 0x43, 0x00, 0x43, 0x00, 0x43, 0x00, 0x43, 0x00, 0x63, 0x00,
    0x63, 0x00, 0x43, 0x00, 0x63, 0x00, 0x63, 0x00, 0x43, 0x00, 0x63, 0x00, 0x63, 0x00, 0x63, 0x00,
    0x63, 0x00, 0x63, 0x00, 0x63, 0x00, 0x63, 0x00, 0x63, 0x00, 0x64, 0x00, 0x63, 0x00, 0x64, 0x00,
    0x64, 0x00, 0x64, 0x00, 0x64, 0x00, 0x64, 0x00, 0x64, 0x00, 0x64, 0x00, 0x64, 0x00, 0x64, 0x08,
    0x64, 0x08, 0x64, 0x08, 0x64, 0x08, 0x64, 0x08, 0x64, 0x08, 0x64, 0x08, 0x64, 0x08, 0x84, 0x08,
    0x84, 0x08, 0x84, 0x08, 0x84, 0x08, 0x84, 0x08, 0x84, 0x08, 0x84, 0x08, 0x84, 0x08, 0x84, 0x08,
    0x84, 0x08, 0x84, 0x08, 0x84, 0x08, 0x84, 0x08, 0x84, 0x08, 0x84, 0x08, 0x84, 0x08, 0x84, 0x08,
    0x84, 0x08, 0x84, 0x08, 0x84, 0x08, 0x84, 0x08, 0x84, 0x08, 0x84, 0x08, 0x84, 0x08, 0x64, 0x08,
    0x64, 0x08, 0x64, 0x08, 0x64, 0x08, 0x64, 0x08, 0x64, 0x08, 0x64, 0x08, 0x64, 0x08, 0x64, 0x00,
    0x64, 0x00, 0x64, 0x00, 0x64, 0x00, 0x64, 0x00, 0x64, 0x00, 0x64, 0x00, 0x64, 0x00, 0x64, 0x00,
    0x63, 0x00, 0x63, 0x00, 0x63, 0x00, 0x63, 0x00, 0x63, 0x00, 0x63, 0x00, 0x63, 0x00, 0x63, 0x00,
    0x63, 0x00, 0x63, 0x00, 0x63, 0x00, 0x63, 0x00, 0x63, 0x00, 0x63, 0x00, 0x63, 0x00, 0x43, 0x00,
    0x43, 0x00, 0x43, 0x00, 0x43, 0x00, 0x43, 0x00, 0x43, 0x00, 0x43, 0x00, 0x43, 0x00, 0x43, 0x00,
    0x43, 0x00, 0x43, 0x00, 0x43, 0x00, 0x43, 0x00, 0x43, 0x00, 0x43, 0x00, 0x43, 0x00, 0x43, 0x00,
    0x43, 0x00, 0x43, 0x00, 0x43, 0x00, 0x63, 0x00, 0x63, 0x00, 0x63, 0x00, 0x63, 0x00, 0x43, 0x00,
    0x43, 0x00, 0x63, 0x00, 0x63, 0x00, 0x63, 0x00, 0x63, 0x00, 0x63, 0x00, 0x63, 0x00, 0x63, 0x00,
    0x63, 0x00, 0x63, 0x00, 0x63, 0x00, 0x63, 0x00, 0x64, 0x00, 0x64, 0x00, 0x64, 0x00, 0x64, 0x00,
    0x64, 0x00, 0x64, 0x00, 0x64, 0x08, 0x64, 0x00, 0x64, 0x08, 0x64, 0x08, 0x64, 0x08, 0x64, 0x08,
    0x64, 0x08, 0x84, 0x08, 0x84, 0x08, 0x84, 0x08, 0x84, 0x08, 0x84, 0x10, 0xA4, 0x10, 0xA4, 0x10,
    0xA4, 0x10, 0xA4, 0x10, 0x84, 0x10, 0x84, 0x08, 0x84, 0x08, 0x84, 0x08, 0x84, 0x08, 0x84, 0x08,
    0x84, 0x08, 0x84, 0x08, 0x84, 0x08, 0x84, 0x08, 0x84, 0x08, 0x84, 0x08, 0x84, 0x08, 0x84, 0x08,
    0x84, 0x08, 0x84, 0x08, 0x84, 0x08, 0x84, 0x08, 0x84, 0x08, 0x84, 0x08, 0x84, 0x08, 0x64, 0x08,
    0x64, 0x08, 0x64, 0x08, 0x64, 0x08, 0x64, 0x08, 0x64, 0x08, 0x64, 0x08, 0x64, 0x08, 0x64, 0x00,
    0x64, 0x00, 0x64, 0x00, 0x64, 0x00, 0x64, 0x00, 0x64, 0x00, 0x64, 0x00, 0x64, 0x00, 0x63, 0x00,
    0x63, 0x00, 0x63, 0x00, 0x63, 0x00, 0x63, 0x00, 0x63, 0x00, 0x63, 0x00, 0x63, 0x00, 0x63, 0x00,
    0x63, 0x00, 0x63, 0x00, 0x63, 0x00, 0x63, 0x00, 0x63, 0x00, 0x43, 0x00, 0x63, 0x00, 0x43, 0x00,
    0x43, 0x00, 0x43, 0x00, 0x43, 0x00, 0x43, 0x00, 0x43, 0x00, 0x43, 0x00, 0x43, 0x00, 0x43, 0x00,
    0x43, 0x00, 0x43, 0x00, 0x43, 0x00, 0x43, 0x00, 0x43, 0x00, 0x43, 0x00, 0x43, 0x00, 0x43, 0x00,
    0x63, 0x00, 0x63, 0x00, 0x63, 0x00, 0x63, 0x00, 0x43, 0x00, 0x43, 0x00, 0x63, 0x00, 0x63, 0x00,
    0x63, 0x00, 0x63, 0x00, 0x63, 0x00, 0x63, 0x00, 0x63, 0x00, 0x63, 0x00, 0x63, 0x00, 0x63, 0x00,
    0x64, 0x00, 0x64, 0x00, 0x64, 0x00, 0x64, 0x00, 0x64, 0x00, 0x64, 0x00, 0x64, 0x00, 0x64, 0x08,
    0x64, 0x08, 0x64, 0x00, 0x64, 0x00, 0x64, 0x08, 0x64, 0x08, 0x84, 0x08, 0x84, 0x08, 0x84, 0x08,
    0x84, 0x08, 0x84, 0x08, 0xA4, 0x10, 0xA4, 0x18, 0xC4, 0x18, 0xE4, 0x20, 0xC4, 0x20, 0xC4, 0x20,
    0xC4, 0x18, 0xA4, 0x10, 0x84, 0x10, 0x84, 0x08, 0x84, 0x08, 0x84, 0x08, 0x84, 0x08, 0x84, 0x08,
    0x84, 0x08, 0x84, 0x08, 0x84, 0x08, 0x84, 0x08, 0x84, 0x08, 0x84, 0x08, 0x84, 0x08, 0x84, 0x08,
    0x84, 0x08, 0x84, 0x08, 0x84, 0x08, 0x84, 0x08, 0x84, 0x08, 0x84, 0x08, 0x84, 0x08, 0x84, 0x08,
    0x84, 0x08, 0x84, 0x08, 0x84, 0x08, 0x64, 0x08, 0x64, 0x08, 0x64, 0x08, 0x64, 0x08, 0x64, 0x08,
    0x64, 0x08, 0x64, 0x00, 0x64, 0x00, 0x64, 0x00, 0x64, 0x00, 0x64, 0x00, 0x64, 0x00, 0x63, 0x00,
    0x64, 0x00, 0x63, 0x00, 0x63, 0x00, 0x63, 0x00, 0x63, 0x00, 0x63, 0x00, 0x63, 0x00, 0x63, 0x00,
    0x63, 0x00, 0x63, 0x00, 0x63, 0x00, 0x63, 0x00, 0x63, 0x00, 0x43, 0x00, 0x63, 0x00, 0x63, 0x00,
    0x43, 0x00, 0x43, 0x00, 0x43, 0x00, 0x43, 0x00, 0x43, 0x00, 0x43, 0x00, 0x43, 0x00, 0x43, 0x00,
    0x43, 0x00, 0x43, 0x00, 0x43, 0x00, 0x43, 0x00, 0x63, 0x00, 0x63, 0x00, 0x63, 0x00, 0x63, 0x00,
    0x63, 0x00, 0x43, 0x00, 0x63, 0x00, 0x63, 0x00, 0x63, 0x00, 0x63, 0x00, 0x63, 0x00, 0x63, 0x00,
    0x63, 0x00, 0x63, 0x00, 0x63, 0x00, 0x63, 0x00, 0x63, 0x00, 0x64, 0x00, 0x64, 0x00, 0x64, 0x00,
    0x64, 0x00, 0x64, 0x00, 0x64, 0x00, 0x64, 0x08, 0x64, 0x00, 0x64, 0x00, 0x64, 0x08, 0x64, 0x08,
    0x64, 0x08, 0x84, 0x08, 0x84, 0x08, 0x84, 0x08, 0x84, 0x08, 0x84, 0x08, 0x84, 0x08, 0xA4, 0x10,
    0xC4, 0x18, 0xE4, 0x20, 0x04, 0x31, 0x04, 0x31, 0x45, 0x39, 0x25, 0x31, 0xE4, 0x28, 0xC4, 0x18,
    0xA4, 0x10, 0x84, 0x08, 0x84, 0x08, 0x84, 0x08, 0x84, 0x08, 0x84, 0x08, 0x84, 0x08, 0x84, 0x08,
    0x84, 0x08, 0x84, 0x08, 0xA4, 0x08, 0xA5, 0x08, 0xC6, 0x10, 0xC6, 0x10, 0xC6, 0x10, 0xA5, 0x10,
    0x84, 0x08, 0x84, 0x08, 0x84, 0x08, 0x84, 0x08, 0x84, 0x08, 0x84, 0x08, 0x84, 0x08, 0x84, 0x08,
    0x84, 0x08, 0x84, 0x08, 0x84, 0x08, 0x84, 0x08, 0x64, 0x08, 0x64, 0x08, 0x64, 0x08, 0x64, 0x00,
    0x64, 0x00, 0x64, 0x00, 0x64, 0x00, 0x64, 0x00, 0x64, 0x00, 0x64, 0x00, 0x64, 0x00, 0x64, 0x00,
    0x63, 0x00, 0x63, 0x00, 0x63, 0x00, 0x63, 0x00, 0x63, 0x00, 0x63, 0x00, 0x63, 0x00, 0x63, 0x00,
    0x63, 0x00, 0x63, 0x00, 0x63, 0x00, 0x63, 0x00, 0x63, 0x00, 0x63, 0x00, 0x43, 0x00, 0x43, 0x00,
    0x43, 0x00, 0x43, 0x00, 0x43, 0x00, 0x43, 0x00, 0x43, 0x00, 0x43, 0x00, 0x43, 0x00, 0x43, 0x00,
    0x43, 0x00, 0x63, 0x00, 0x63, 0x00, 0x63, 0x00, 0x43, 0x00, 0x43, 0x00, 0x43, 0x00, 0x43, 0x00,
    0x63, 0x00, 0x63, 0x00, 0x63, 0x00, 0x63, 0x00, 0x63, 0x00, 0x63, 0x00, 0x63, 0x00, 0x63, 0x00,
    0x63, 0x00, 0x64, 0x00, 0x63, 0x00, 0x64, 0x00, 0x64, 0x00, 0x64, 0x00, 0x64, 0x00, 0x64, 0x00,
    0x64, 0x08, 0x64, 0x08, 0x64, 0x08, 0x64, 0x08, 0x84, 0x08, 0x84, 0x08, 0x84, 0x08, 0x84, 0x08,
    0x84, 0x08, 0x84, 0x08, 0x84, 0x08, 0x84, 0x08, 0x84, 0x10, 0xA4, 0x18, 0xE4, 0x20, 0x45, 0x39,
    0xA5, 0x51, 0x49, 0x83, 0x06, 0x6A, 0x44, 0x49, 0x24, 0x39, 0xE4, 0x28, 0xC4, 0x18, 0xA4, 0x10,
    0x84, 0x08, 0x84, 0x08, 0x84, 0x08, 0x84, 0x08, 0x84, 0x08, 0x84, 0x08, 0x84, 0x08, 0x84, 0x08,
    0xA5, 0x08, 0xE6, 0x10, 0x07, 0x11, 0x0B, 0x3A, 0xAA, 0x29, 0xC6, 0x10, 0xA5, 0x08, 0x84, 0x08,
    0x84, 0x08, 0x84, 0x08, 0x84, 0x08, 0x84, 0x08, 0x84, 0x08, 0x84, 0x08, 0x84, 0x08, 0x84, 0x08,
    0x84, 0x08, 0x84, 0x08, 0x84, 0x08, 0x84, 0x08, 0x64, 0x08, 0x64, 0x08, 0x64, 0x08, 0x64, 0x08,
    0x64, 0x00, 0x64, 0x08, 0x64, 0x00, 0x64, 0x00, 0x64, 0x00, 0x64, 0x00, 0x63, 0x00, 0x63, 0x00,
    0x64, 0x00, 0x63, 0x00, 0x63, 0x00, 0x63, 0x00, 0x63, 0x00, 0x63, 0x00, 0x43, 0x00, 0x63, 0x00,
    0x63, 0x00, 0x63, 0x00, 0x63, 0x00, 0x63, 0x00, 0x43, 0x00, 0x43, 0x00, 0x43, 0x00, 0x43, 0x00,
    0x43, 0x00, 0x43, 0x00, 0x43, 0x00, 0x43, 0x00, 0x43, 0x00, 0x43, 0x00, 0x63, 0x00, 0x63, 0x00,
    0x63, 0x00, 0x63, 0x00, 0x43, 0x00, 0x43, 0x00, 0x43, 0x00, 0x63, 0x00, 0x63, 0x00, 0x63, 0x00,
    0x63, 0x00, 0x63, 0x00, 0x63, 0x00, 0x63, 0x00, 0x63, 0x00, 0x63, 0x00, 0x64, 0x00, 0x64, 0x00,
    0x64, 0x00, 0x64, 0x00, 0x64, 0x00, 0x64, 0x00, 0x64, 0x00, 0x64, 0x00, 0x64, 0x08, 0x64, 0x08,
    0x84, 0x08, 0x84, 0x08, 0x84, 0x08, 0x84, 0x08, 0x84, 0x08, 0x84, 0x08, 0x84, 0x08, 0x84, 0x08,
    0x84, 0x08, 0x84, 0x08, 0xA4, 0x10, 0xC4, 0x18, 0x25, 0x31, 0x65, 0x49, 0x45, 0x7A, 0x99, 0xFF,
    0x90, 0xCD, 0x2B, 0xA4, 0x87, 0x6A, 0x04, 0x31, 0xE4, 0x20, 0xA4, 0x10, 0xA5, 0x10, 0x84, 0x08,
    0x84, 0x08, 0x84, 0x08, 0x84, 0x08, 0x85, 0x08, 0x85, 0x08, 0x85, 0x08, 0xA5, 0x10, 0xE7, 0x10,
    0x70, 0x63, 0xFC, 0xDE, 0x57, 0xA5, 0x89, 0x29, 0xA5, 0x10, 0xA5, 0x08, 0x84, 0x08, 0x84, 0x08,
    0x84, 0x08, 0x84, 0x08, 0x84, 0x08, 0x84, 0x08, 0x84, 0x08, 0x84, 0x08, 0x84, 0x08, 0x84, 0x08,
    0x84, 0x08, 0x84, 0x08, 0x64, 0x08, 0x64, 0x08, 0x64, 0x08, 0x64, 0x08, 0x64, 0x08, 0x64, 0x08,
    0x64, 0x00, 0x64, 0x00, 0x64, 0x00, 0x64, 0x00, 0x64, 0x00, 0x64, 0x00, 0x63, 0x00, 0x63, 0x00,
    0x63, 0x00, 0x63, 0x00, 0x63, 0x00, 0x63, 0x00, 0x63, 0x00, 0x63, 0x00, 0x63, 0x00, 0x63, 0x00,
    0x43, 0x00, 0x63, 0x00, 0x43, 0x00, 0x43, 0x00, 0x43, 0x00, 0x43, 0x00, 0x43, 0x00, 0x43, 0x00,
    0x43, 0x00, 0x43, 0x00, 0x43, 0x00, 0x43, 0x00, 0x43, 0x00, 0x63, 0x00, 0x43, 0x00, 0x43, 0x00,
    0x43, 0x00, 0x43, 0x00, 0x43, 0x00, 0x63, 0x00, 0x63, 0x00, 0x63, 0x00, 0x63, 0x00, 0x63, 0x00,
    0x63, 0x00, 0x63, 0x00, 0x63, 0x00, 0x63, 0x00, 0x64, 0x00, 0x64, 0x00, 0x64, 0x00, 0x64, 0x00,
    0x64, 0x00, 0x64, 0x08, 0x64, 0x08, 0x64, 0x08, 0x64, 0x08, 0x84, 0x08, 0x84, 0x08, 0x84, 0x08,
    0x84, 0x08, 0x84, 0x08, 0x84, 0x08, 0x84, 0x08, 0x84, 0x08, 0x84, 0x08, 0x84, 0x08, 0x84, 0x10,
    0xA4, 0x10, 0xE5, 0x20, 0x24, 0x39, 0x08, 0x83, 0x74, 0xDE, 0xDA, 0xFF, 0xFA, 0xFF, 0x95, 0xFF,
    0xE7, 0x82, 0x24, 0x39, 0xE5, 0x20, 0xC4, 0x18, 0xA5, 0x10, 0x84, 0x08, 0xA5, 0x08, 0xA5, 0x08,
    0x85, 0x08, 0x85, 0x08, 0xA5, 0x08, 0xA5, 0x08, 0xC6, 0x10, 0xE7, 0x10, 0xB1, 0x6B, 0xFF, 0xFF,
    0x19, 0xBE, 0x8A, 0x29, 0xC6, 0x10, 0xA5, 0x08, 0xA4, 0x08, 0xA5, 0x08, 0x84, 0x08, 0x84, 0x08,
    0x84, 0x08, 0x84, 0x08, 0xA4, 0x10, 0x84, 0x08, 0x84, 0x08, 0x84, 0x08, 0x64, 0x08, 0x64, 0x08,
    0x84, 0x08, 0x84, 0x08, 0x64, 0x08, 0x84, 0x08, 0x64, 0x08, 0x64, 0x08, 0x64, 0x08, 0x64, 0x08,
    0x64, 0x00, 0x64, 0x00, 0x64, 0x00, 0x64, 0x00, 0x64, 0x00, 0x64, 0x00, 0x63, 0x00, 0x63, 0x00,
    0x63, 0x00, 0x63, 0x00, 0x63, 0x00, 0x63, 0x00, 0x63, 0x00, 0x63, 0x00, 0x43, 0x00, 0x43, 0x00,
    0x43, 0x00, 0x43, 0x00, 0x43, 0x00, 0x43, 0x00, 0x43, 0x00, 0x43, 0x00, 0x43, 0x00, 0x43, 0x00,
    0x43, 0x00, 0x43, 0x00, 0x63, 0x00, 0x63, 0x00, 0x43, 0x00, 0x43, 0x00, 0x43, 0x00, 0x63, 0x00,
    0x63, 0x00, 0x63, 0x00, 0x63, 0x00, 0x63, 0x00, 0x63, 0x00, 0x63, 0x00, 0x63, 0x00, 0x64, 0x00,
    0x64, 0x00, 0x64, 0x00, 0x64, 0x00, 0x64, 0x00, 0x64, 0x00, 0x64, 0x00, 0x64, 0x00, 0x64, 0x08,
    0x64, 0x08, 0x64, 0x08, 0x84, 0x08, 0x84, 0x08, 0x84, 0x08, 0x84, 0x08, 0x84, 0x08, 0x84, 0x08,
    0x84, 0x08, 0x64, 0x00, 0x84, 0x08, 0x84, 0x08, 0x84, 0x08, 0x84, 0x10, 0xA4, 0x18, 0xE5, 0x20,
    0x24, 0x39, 0x08, 0x8B, 0xF3, 0xEE, 0xD7, 0xFF, 0xF8, 0xFF, 0x2F, 0xE6, 0xC5, 0x61, 0x65, 0x39,
    0xE5, 0x28, 0xC5, 0x18, 0xA5, 0x10, 0xE5, 0x18, 0xA5, 0x08, 0xA5, 0x08, 0xA5, 0x08, 0xA5, 0x08,
    0xA5, 0x10, 0xA5, 0x10, 0xA5, 0x10, 0xE7, 0x10, 0xEB, 0x31, 0x2F, 0x63, 0xAD, 0x52, 0xE7, 0x10,
    0xC5, 0x10, 0xA5, 0x10, 0xA4, 0x10, 0xA4, 0x18, 0xA4, 0x10, 0xA5, 0x10, 0x84, 0x08, 0x84, 0x08,
    0x25, 0x31, 0x84, 0x08, 0x84, 0x08, 0x84, 0x08, 0x84, 0x08, 0x84, 0x08, 0x84, 0x08, 0x84, 0x08,
    0x84, 0x08, 0x84, 0x08, 0x64, 0x08, 0x64, 0x08, 0x64, 0x08, 0x64, 0x08, 0x64, 0x00, 0x64, 0x00,
    0x64, 0x00, 0x64, 0x00, 0x64, 0x00, 0x63, 0x00, 0x63, 0x00, 0x63, 0x00, 0x63, 0x00, 0x63, 0x00,
    0x63, 0x00, 0x63, 0x00, 0x63, 0x00, 0x63, 0x00, 0x63, 0x00, 0x43, 0x00, 0x43, 0x00, 0x63, 0x00,
    0x63, 0x00, 0x43, 0x00, 0x43, 0x00, 0x43, 0x00, 0x43, 0x00, 0x43, 0x00, 0x43, 0x00, 0x43, 0x00,
    0x63, 0x00, 0x43, 0x00, 0x43, 0x00, 0x43, 0x00, 0x43, 0x00, 0x63, 0x00, 0x63, 0x00, 0x63, 0x00,
    0x63, 0x00, 0x63, 0x00, 0x63, 0x00, 0x63, 0x00, 0x63, 0x00, 0x64, 0x00, 0x64, 0x00, 0x64, 0x00,
    0x64, 0x00, 0x64, 0x00, 0x64, 0x00, 0x64, 0x00, 0x64, 0x08, 0x64, 0x08, 0x84, 0x08, 0x84, 0x08,
    0x84, 0x08, 0x84, 0x08, 0x84, 0x08, 0x84, 0x08, 0x84, 0x08, 0x84, 0x08, 0x84, 0x08, 0x86, 0x39,
    0xC5, 0x18, 0x84, 0x08, 0x84, 0x08, 0xA5, 0x10, 0xA4, 0x18, 0xE5, 0x20, 0x45, 0x39, 0x65, 0x51,
    0x68, 0x9B, 0x92, 0xFF, 0x2E, 0xEE, 0x0D, 0xEE, 0x66, 0x72, 0x25, 0x31, 0x05, 0x21, 0xC5, 0x18,
    0xC5, 0x18, 0xA7, 0x39, 0xA5, 0x08, 0xA5, 0x10, 0xA5, 0x10, 0xA5, 0x10, 0xA5, 0x08, 0x85, 0x08,
    0xA5, 0x10, 0xC6, 0x10, 0xE6, 0x10, 0xE7, 0x10, 0x07, 0x19, 0xE6, 0x18, 0xA5, 0x10, 0xA5, 0x10,
    0x25, 0x31, 0x2A, 0x8B, 0x25, 0x31, 0xA4, 0x10, 0xA5, 0x10, 0xA5, 0x10, 0x84, 0x08, 0xA4, 0x10,
    0xA4, 0x08, 0x84, 0x10, 0x84, 0x10, 0x84, 0x10, 0x84, 0x10, 0x84, 0x08, 0x84, 0x08, 0x84, 0x10,
    0x84, 0x08, 0x84, 0x08, 0x64, 0x08, 0x64, 0x08, 0x64, 0x08, 0x64, 0x00, 0x64, 0x00, 0x64, 0x00,
    0x64, 0x00, 0x64, 0x00, 0x63, 0x00, 0x63, 0x00, 0x63, 0x00, 0x63, 0x00, 0x63, 0x00, 0x63, 0x00,
    0x63, 0x00, 0x63, 0x00, 0x63, 0x00, 0x63, 0x00, 0x63, 0x00, 0x63, 0x00, 0x63, 0x00, 0x43, 0x00,
    0x43, 0x00, 0x43, 0x00, 0x43, 0x00, 0x43, 0x00, 0x43, 0x00, 0x63, 0x00, 0x63, 0x00, 0x43, 0x00,
    0x63, 0x00, 0x43, 0x00, 0x63, 0x00, 0x63, 0x00, 0x63, 0x00, 0x63, 0x00, 0x63, 0x00, 0x63, 0x00,
    0x63, 0x00, 0x63, 0x00, 0x63, 0x00, 0x64, 0x00, 0x64, 0x00, 0x64, 0x00, 0x64, 0x00, 0x64, 0x08,
    0x64, 0x00, 0x64, 0x08, 0x64, 0x08, 0x84, 0x08, 0x84, 0x08, 0x84, 0x08, 0x84, 0x08, 0x84, 0x08,
    0x84, 0x08, 0x84, 0x08, 0x84, 0x08, 0x84, 0x08, 0x84, 0x08, 0x88, 0x6A, 0x25, 0x29, 0x84, 0x08,
    0xA4, 0x10, 0xA5, 0x10, 0xC5, 0x18, 0xE5, 0x20, 0x05, 0x29, 0x45, 0x41, 0x87, 0x72, 0x29, 0xB4,
    0x46, 0x72, 0x26, 0x6A, 0xA6, 0x49, 0x05, 0x29, 0xE5, 0x20, 0xC5, 0x18, 0xC5, 0x10, 0x85, 0x10,
    0xA5, 0x10, 0xA5, 0x10, 0xC5, 0x10, 0xA5, 0x10, 0xE6, 0x18, 0x46, 0x29, 0xA5, 0x10, 0xC5, 0x10,
    0xC5, 0x10, 0xE6, 0x10, 0xC5, 0x10, 0xC5, 0x10, 0xC5, 0x10, 0xA5, 0x10, 0x66, 0x49, 0x4D, 0xB4,
    0x86, 0x49, 0xA5, 0x10, 0xA5, 0x10, 0xA5, 0x10, 0xA5, 0x10, 0xA5, 0x10, 0xA5, 0x10, 0xA5, 0x10,
    0xA5, 0x10, 0xA5, 0x10, 0xA5, 0x10, 0xC5, 0x18, 0xC5, 0x18, 0xA5, 0x10, 0xA5, 0x10, 0xA4, 0x10,
    0x84, 0x08, 0x84, 0x08, 0x64, 0x08, 0x64, 0x08, 0x64, 0x00, 0x64, 0x00, 0x64, 0x00, 0x64, 0x00,
    0x64, 0x00, 0x63, 0x00, 0x63, 0x00, 0x63, 0x00, 0x63, 0x00, 0x63, 0x00, 0x63, 0x00, 0x63, 0x00,
    0x63, 0x00, 0x63, 0x00, 0x63, 0x00, 0x63, 0x00, 0x63, 0x00, 0x63, 0x00, 0x43, 0x00, 0x43, 0x00,
    0x63, 0x00, 0x63, 0x00, 0x63, 0x00, 0x63, 0x00, 0x43, 0x00, 0x43, 0x00, 0x63, 0x00, 0x63, 0x00,
    0x63, 0x00, 0x63, 0x00, 0x63, 0x00, 0x63, 0x00, 0x63, 0x00, 0x63, 0x00, 0x63, 0x00, 0x63, 0x00,
    0x64, 0x00, 0x64, 0x00, 0x64, 0x00, 0x64, 0x00, 0x64, 0x08, 0x64, 0x08, 0x64, 0x08, 0x64, 0x08,
    0x84, 0x08, 0x84, 0x08, 0x84, 0x08, 0x84, 0x08, 0x84, 0x08, 0x84, 0x08, 0x84, 0x08, 0x84, 0x08,
    0x84, 0x08, 0x84, 0x08, 0xA5, 0x10, 0x64, 0x08, 0xA5, 0x08, 0xA5, 0x10, 0xA5, 0x10, 0xC5, 0x10,
    0xA5, 0x10, 0xA4, 0x18, 0x05, 0x21, 0x25, 0x31, 0x45, 0x39, 0x45, 0x41, 0x86, 0x41, 0x45, 0x39,
    0x25, 0x31, 0x05, 0x21, 0xE5, 0x20, 0xE5, 0x18, 0xC5, 0x10, 0xC5, 0x10, 0xC5, 0x10, 0xC5, 0x10,
    0xC5, 0x10, 0xA5, 0x08, 0x87, 0x31, 0x89, 0x5A, 0x85, 0x08, 0xC6, 0x10, 0xC5, 0x10, 0xC5, 0x10,
    0xC5, 0x18, 0xC5, 0x10, 0xC5, 0x18, 0xC5, 0x18, 0xC5, 0x18, 0xE5, 0x30, 0xC5, 0x18, 0xC5, 0x18,
    0xC5, 0x18, 0xC5, 0x18, 0xC5, 0x18, 0xC5, 0x18, 0xC5, 0x18, 0xC5, 0x18, 0xC5, 0x18, 0xC5, 0x18,
    0xC5, 0x18, 0x84, 0x10, 0x84, 0x10, 0xC5, 0x20, 0xA5, 0x18, 0x84, 0x10, 0xA4, 0x08, 0x84, 0x08,
    0x84, 0x08, 0x64, 0x08, 0x64, 0x08, 0x64, 0x00, 0x64, 0x00, 0x64, 0x00, 0x64, 0x00, 0x63, 0x00,
    0x63, 0x00, 0x63, 0x00, 0x64, 0x00, 0x63, 0x00, 0x63, 0x00, 0x63, 0x00, 0x63, 0x00, 0x63, 0x00,
    0x63, 0x00, 0x63, 0x00, 0x43, 0x00, 0x63, 0x00, 0x43, 0x00, 0x43, 0x00, 0x63, 0x00, 0x63, 0x00,
    0x43, 0x00, 0x43, 0x00, 0x43, 0x00, 0x63, 0x00, 0x63, 0x00, 0x63, 0x00, 0x63, 0x00, 0x63, 0x00,
    0x63, 0x00, 0x63, 0x00, 0x63, 0x00, 0x63, 0x00, 0x63, 0x00, 0x64, 0x00, 0x64, 0x00, 0x64, 0x00,
    0x64, 0x00, 0x64, 0x00, 0x64, 0x08, 0x64, 0x08, 0x64, 0x08, 0x84, 0x08, 0x84, 0x08, 0x84, 0x08,
    0x84, 0x08, 0x84, 0x08, 0x84, 0x08, 0x84, 0x08, 0x84, 0x08, 0xA4, 0x08, 0xA5, 0x10, 0xA5, 0x10,
    0xA5, 0x10, 0xA5, 0x10, 0xA5, 0x10, 0xA5, 0x10, 0xC5, 0x10, 0x85, 0x10, 0x86, 0x39, 0x28, 0x52,
    0xA5, 0x18, 0x05, 0x21, 0x05, 0x29, 0x26, 0x31, 0x25, 0x29, 0x05, 0x29, 0x05, 0x21, 0xE5, 0x20,
    0xE5, 0x18, 0xC5, 0x18, 0xC6, 0x18, 0xC6, 0x18, 0xC6, 0x18, 0xE6, 0x18, 0xC6, 0x18, 0xC6, 0x18,
    0xC5, 0x18, 0xA5, 0x10, 0xE6, 0x18, 0xC5, 0x10, 0xC6, 0x18, 0xE6, 0x18, 0x46, 0x39, 0x86, 0x51,
    0xE5, 0x28, 0xC5, 0x18, 0xE5, 0x18, 0xE6, 0x18, 0xE6, 0x18, 0xE6, 0x18, 0xE6, 0x18, 0xA5, 0x18,
    0xA5, 0x18, 0xC6, 0x20, 0x06, 0x29, 0x06, 0x29, 0xE6, 0x28, 0xE6, 0x20, 0x67, 0x31, 0xAC, 0x62,
    0x93, 0xA4, 0xF7, 0xD5, 0xD3, 0xB4, 0x2A, 0x52, 0xA5, 0x10, 0x84, 0x08, 0x84, 0x08, 0x84, 0x08,
    0x64, 0x08, 0x64, 0x08, 0x64, 0x00, 0x64, 0x00, 0x64, 0x00, 0x64, 0x00, 0x64, 0x00, 0x64, 0x00,
    0x63, 0x00, 0x63, 0x00, 0x63, 0x00, 0x63, 0x00, 0x63, 0x00, 0x63, 0x00, 0x63, 0x00, 0x63, 0x00,
    0x43, 0x00, 0x43, 0x00, 0x43, 0x00, 0x43, 0x00, 0x63, 0x00, 0x63, 0x00, 0x43, 0x00, 0x43, 0x00,
    0x43, 0x00, 0x63, 0x00, 0x63, 0x00, 0x63, 0x00, 0x63, 0x00, 0x63, 0x00, 0x63, 0x00, 0x63, 0x00,
    0x63, 0x00, 0x63, 0x00, 0x63, 0x00, 0x63, 0x00, 0x64, 0x00, 0x64, 0x00, 0x64, 0x00, 0x64, 0x00,
    0x64, 0x08, 0x64, 0x08, 0x84, 0x08, 0x84, 0x08, 0x84, 0x08, 0x84, 0x08, 0x84, 0x08, 0x84, 0x08,
    0x84, 0x08, 0xA4, 0x10, 0xA5, 0x10, 0xA5, 0x10, 0xA5, 0x10, 0xA5, 0x10, 0xC5, 0x10, 0xA5, 0x10,
    0xC5, 0x10, 0xC5, 0x10, 0xC5, 0x18, 0xC5, 0x10, 0x06, 0x21, 0x46, 0x31, 0xC5, 0x18, 0xE5, 0x18,
    0xE5, 0x20, 0xE5, 0x20, 0xE5, 0x20, 0xE6, 0x20, 0xE6, 0x18, 0xE6, 0x18, 0xE6, 0x18, 0xE6, 0x18,
    0xE6, 0x18, 0xE6, 0x18, 0x06, 0x19, 0xE6, 0x18, 0xE6, 0x18, 0xE6, 0x18, 0xE6, 0x18, 0xE6, 0x18,
    0xE6, 0x18, 0xE6, 0x18, 0xE6, 0x18, 0xA5, 0x18, 0xA8, 0x7A, 0x0D, 0xD5, 0xE5, 0x38, 0xE6, 0x18,
    0xE6, 0x18, 0x06, 0x21, 0x06, 0x21, 0xC6, 0x18, 0x06, 0x29, 0x4B, 0x5A, 0xF0, 0x93, 0x35, 0xB5,
    0xF7, 0xCD, 0x38, 0xD6, 0xF7, 0xCD, 0xD7, 0xCD, 0x99, 0xEE, 0x1B, 0xFF, 0xDA, 0xFE, 0xD6, 0xF5,
    0x38, 0xFE, 0x14, 0xBD, 0xA5, 0x18, 0x84, 0x08, 0x84, 0x08, 0x84, 0x08, 0x64, 0x08, 0x64, 0x08,
    0x64, 0x08, 0x64, 0x08, 0x64, 0x00, 0x64, 0x00, 0x64, 0x00, 0x63, 0x00, 0x63, 0x00, 0x63, 0x00,
    0x63, 0x00, 0x63, 0x00, 0x63, 0x00, 0x63, 0x00, 0x63, 0x00, 0x43, 0x00, 0x43, 0x00, 0x43, 0x00,
    0x43, 0x00, 0x43, 0x00, 0x43, 0x00, 0x43, 0x00, 0x43, 0x00, 0x43, 0x00, 0x63, 0x00, 0x63, 0x00,
    0x63, 0x00, 0x63, 0x00, 0x63, 0x00, 0x63, 0x00, 0x63, 0x00, 0x63, 0x00, 0x63, 0x00, 0x63, 0x00,
    0x64, 0x00, 0x64, 0x00, 0x64, 0x00, 0x64, 0x00, 0x64, 0x08, 0x64, 0x08, 0x64, 0x08, 0x84, 0x08,
    0x84, 0x08, 0x84, 0x08, 0x84, 0x08, 0x84, 0x08, 0x84, 0x10, 0xA5, 0x10, 0xA5, 0x10, 0xA5, 0x10,
    0xA5, 0x10, 0xC5, 0x18, 0xC5, 0x18, 0xC5, 0x18, 0xC5, 0x18, 0xC5, 0x18, 0xE6, 0x18, 0xE6, 0x18,
    0xE6, 0x18, 0xE6, 0x18, 0xC5, 0x18, 0xC5, 0x10, 0xE6, 0x18, 0xE6, 0x18, 0xE6, 0x18, 0xE6, 0x18,
    0xE6, 0x18, 0xE6, 0x18, 0xE6, 0x18, 0x06, 0x21, 0x06, 0x21, 0x06, 0x21, 0x07, 0x21, 0x07, 0x21,
    0x07, 0x21, 0x27, 0x29, 0x47, 0x29, 0x07, 0x21, 0x47, 0x29, 0x27, 0x21, 0x07, 0x21, 0x06, 0x21,
    0x06, 0x19, 0x06, 0x21, 0x66, 0x41, 0xC6, 0x59, 0x06, 0x29, 0xE6, 0x20, 0x06, 0x21, 0x06, 0x21,
    0xE6, 0x20, 0xAC, 0x62, 0xD7, 0xC5, 0x3C, 0xFF, 0x5C, 0xFF, 0x1A, 0xFF, 0xB9, 0xFE, 0x78, 0xFE,
    0x78, 0xFE, 0x37, 0xFE, 0x95, 0xF5, 0x91, 0xE4, 0x2D, 0xDB, 0xCB, 0xD2, 0xB2, 0xE4, 0x54, 0xC5,
    0xA5, 0x18, 0x84, 0x10, 0x84, 0x08, 0x84, 0x08, 0x64, 0x08, 0x64, 0x08, 0x64, 0x08, 0x64, 0x08,
    0x64, 0x00, 0x64, 0x00, 0x64, 0x00, 0x64, 0x00, 0x64, 0x00, 0x63, 0x00, 0x63, 0x00, 0x63, 0x00,
    0x63, 0x00, 0x63, 0x00, 0x63, 0x00, 0x43, 0x00, 0x63, 0x00, 0x63, 0x00, 0x43, 0x00, 0x43, 0x00,
    0x63, 0x00, 0x63, 0x00, 0x43, 0x00, 0x63, 0x00, 0x63, 0x00, 0x63, 0x00, 0x63, 0x00, 0x63, 0x00,
    0x63, 0x00, 0x63, 0x00, 0x63, 0x00, 0x63, 0x00, 0x63, 0x00, 0x63, 0x00, 0x64, 0x00, 0x64, 0x00,
    0x64, 0x00, 0x64, 0x08, 0x64, 0x08, 0x64, 0x08, 0x84, 0x08, 0x84, 0x08, 0x84, 0x08, 0x84, 0x08,
    0xA5, 0x10, 0xA5, 0x10, 0xC5, 0x10, 0xC5, 0x18, 0xC5, 0x18, 0xE6, 0x18, 0xC5, 0x18, 0xA5, 0x10,
    0xA5, 0x18, 0xE6, 0x20, 0x27, 0x31, 0x27, 0x31, 0x27, 0x29, 0x06, 0x29, 0xC6, 0x18, 0xE6, 0x18,
    0x06, 0x21, 0x06, 0x21, 0xE6, 0x18, 0xE6, 0x18, 0xE6, 0x18, 0x06, 0x19, 0x06, 0x21, 0x06, 0x21,
    0x27, 0x21, 0x47, 0x29, 0x27, 0x29, 0x47, 0x29, 0x47, 0x29, 0xE9, 0x49, 0xAC, 0x62, 0xD0, 0x8B,
    0xD0, 0x8B, 0xD0, 0x93, 0x0A, 0x4A, 0x68, 0x31, 0x48, 0x29, 0x27, 0x21, 0x27, 0x29, 0x27, 0x21,
    0x07, 0x21, 0x06, 0x21, 0x07, 0x21, 0x27, 0x29, 0x07, 0x29, 0x47, 0x39, 0x92, 0xA4, 0x9D, 0xFF,
    0x9D, 0xFF, 0x99, 0xFE, 0x95, 0xF5, 0x91, 0xDC, 0xEE, 0xD3, 0x8D, 0xD3, 0x6D, 0xD3, 0x0C, 0xD3,
    0x8A, 0xD2, 0x08, 0xD2, 0x08, 0xD2, 0xCB, 0xD2, 0x13, 0xF5, 0x10, 0x9C, 0x64, 0x08, 0xA5, 0x10,
    0x84, 0x08, 0x84, 0x08, 0x84, 0x08, 0x64, 0x08, 0x64, 0x08, 0x64, 0x08, 0x64, 0x00, 0x64, 0x00,
    0x64, 0x00, 0x64, 0x00, 0x64, 0x00, 0x64, 0x00, 0x63, 0x00, 0x63, 0x00, 0x63, 0x00, 0x63, 0x00,
    0x63, 0x00, 0x63, 0x00, 0x63, 0x00, 0x63, 0x00, 0x43, 0x00, 0x43, 0x00, 0x63, 0x00, 0x63, 0x00,
    0x43, 0x00, 0x63, 0x00, 0x63, 0x00, 0x63, 0x00, 0x63, 0x00, 0x63, 0x00, 0x63, 0x00, 0x63, 0x00,
    0x63, 0x00, 0x63, 0x00, 0x63, 0x00, 0x64, 0x00, 0x64, 0x00, 0x64, 0x00, 0x64, 0x00, 0x64, 0x08,
    0x64, 0x08, 0x64, 0x08, 0x84, 0x08, 0x84, 0x08, 0x84, 0x08, 0xA4, 0x10, 0xA5, 0x10, 0x84, 0x10,
    0x64, 0x10, 0x84, 0x10, 0x84, 0x10, 0x85, 0x18, 0x47, 0x31, 0xAC, 0x62, 0x52, 0x9C, 0x76, 0xC5,
    0x18, 0xDE, 0x39, 0xDE, 0xF8, 0xCD, 0x35, 0xBD, 0x8F, 0x83, 0xC9, 0x41, 0xE6, 0x20, 0x06, 0x21,
    0x27, 0x29, 0x27, 0x21, 0x07, 0x21, 0x27, 0x21, 0x27, 0x29, 0x47, 0x29, 0x27, 0x29, 0x27, 0x29,
    0xC9, 0x41, 0x2E, 0x7B, 0x72, 0x9C, 0xD7, 0xD5, 0x99, 0xEE, 0x1B, 0xF7, 0x7D, 0xFF, 0xD7, 0xD5,
    0x55, 0xBD, 0x52, 0xA4, 0x2A, 0x52, 0x68, 0x31, 0x27, 0x29, 0x27, 0x21, 0x47, 0x29, 0x48, 0x29,
    0x47, 0x29, 0x27, 0x29, 0xAC, 0x6A, 0xF7, 0xCD, 0xDE, 0xFF, 0xFA, 0xFE, 0x17, 0xFE, 0x33, 0xED,
    0xAE, 0xCB, 0x49, 0xBA, 0xA7, 0xB1, 0xA6, 0xB9, 0xA6, 0xB9, 0xA7, 0xC1, 0xC7, 0xC9, 0x08, 0xCA,
    0xCB, 0xDA, 0x8E, 0xDB, 0x34, 0xED, 0xC9, 0x49, 0x64, 0x08, 0xA5, 0x10, 0x84, 0x08, 0x84, 0x08,
    0x84, 0x08, 0x84, 0x08, 0x64, 0x08, 0x64, 0x08, 0x64, 0x08, 0x64, 0x08, 0x64, 0x00, 0x64, 0x00,
    0x64, 0x00, 0x64, 0x00, 0x63, 0x00, 0x63, 0x00, 0x63, 0x00, 0x63, 0x00, 0x63, 0x00, 0x63, 0x00,
    0x63, 0x00, 0x63, 0x00, 0x43, 0x00, 0x43, 0x00, 0x63, 0x00, 0x63, 0x00, 0x63, 0x00, 0x63, 0x00,
    0x63, 0x00, 0x63, 0x00, 0x63, 0x00, 0x63, 0x00, 0x63, 0x00, 0x63, 0x00, 0x63, 0x00, 0x63, 0x00,
    0x64, 0x00, 0x64, 0x00, 0x64, 0x00, 0x64, 0x00, 0x64, 0x00, 0x64, 0x08, 0x64, 0x08, 0x84, 0x08,
    0x84, 0x08, 0x84, 0x08, 0xA4, 0x10, 0xA5, 0x10, 0xC5, 0x20, 0x8B, 0x5A, 0x11, 0x8C, 0x52, 0x94,
    0x11, 0x94, 0x93, 0xA4, 0x38, 0xDE, 0x3C, 0xFF, 0x5C, 0xFF, 0xFB, 0xFE, 0xBA, 0xFE, 0xDA, 0xFE,
    0x1B, 0xFF, 0x5D, 0xFF, 0x7D, 0xFF, 0x9A, 0xE6, 0x52, 0x9C, 0x2A, 0x52, 0x27, 0x29, 0x47, 0x29,
    0x68, 0x31, 0x48, 0x29, 0x27, 0x29, 0x68, 0x39, 0xCC, 0x6A, 0x11, 0x94, 0xF7, 0xCD, 0x5C, 0xF7,
    0xDE, 0xFF, 0xBE, 0xFF, 0x9E, 0xFF, 0x9E, 0xFF, 0x9E, 0xFF, 0x9E, 0xFF, 0xDF, 0xFF, 0x5D, 0xF7,
    0x9A, 0xDE, 0x76, 0xBD, 0x11, 0x94, 0xAC, 0x62, 0xA9, 0x39, 0x47, 0x29, 0x68, 0x31, 0xCF, 0x93,
    0x1B, 0xEF, 0xFE, 0xFF, 0xB9, 0xFE, 0x37, 0xFE, 0x33, 0xED, 0x8E, 0xC3, 0xA7, 0xA9, 0x05, 0xA9,
    0x45, 0xA9, 0x66, 0xB1, 0x86, 0xB9, 0xE8, 0xC1, 0x69, 0xCA, 0xEB, 0xDA, 0x4D, 0xDB, 0x71, 0xEC,
    0xB2, 0xC4, 0xA5, 0x18, 0xA5, 0x10, 0xA4, 0x10, 0x84, 0x08, 0x84, 0x08, 0x84, 0x08, 0x84, 0x08,
    0x84, 0x08, 0x64, 0x00, 0xC4, 0x20, 0xE4, 0x28, 0x64, 0x00, 0x64, 0x08, 0x64, 0x00, 0x64, 0x00,
    0x63, 0x00, 0x63, 0x00, 0x63, 0x00, 0x63, 0x00, 0x63, 0x00, 0x63, 0x00, 0x63, 0x00, 0x63, 0x00,
    0x63, 0x00, 0x43, 0x00, 0x63, 0x00, 0x63, 0x00, 0x63, 0x00, 0x63, 0x00, 0x63, 0x00, 0x63, 0x00,
    0x63, 0x00, 0x63, 0x00, 0x64, 0x00, 0x64, 0x00, 0x64, 0x00, 0x64, 0x00, 0x64, 0x00, 0x64, 0x00,
    0x64, 0x00, 0x64, 0x08, 0x64, 0x08, 0x64, 0x08, 0x84, 0x08, 0x84, 0x08, 0x84, 0x08, 0x84, 0x08,
    0xA5, 0x10, 0xE6, 0x20, 0x52, 0x9C, 0x1B, 0xFF, 0x3B, 0xFF, 0x3B, 0xFF, 0x1B, 0xFF, 0xD9, 0xFE,
    0x37, 0xFE, 0x74, 0xF5, 0xD1, 0xEC, 0x90, 0xEC, 0xB1, 0xEC, 0x54, 0xF5, 0xD5, 0xFD, 0xD6, 0xFD,
    0xF7, 0xFD, 0xBB, 0xFE, 0xBE, 0xFF, 0xFC, 0xEE, 0x52, 0x9C, 0x0A, 0x52, 0x48, 0x31, 0xA9, 0x41,
    0x8F, 0x83, 0xD7, 0xCD, 0x7D, 0xFF, 0xBE, 0xFF, 0xDF, 0xFF, 0x9E, 0xFF, 0x7D, 0xFF, 0x5D, 0xFF,
    0x3C, 0xFF, 0x3C, 0xFF, 0x3D, 0xFF, 0x3D, 0xFF, 0x3D, 0xFF, 0x7E, 0xFF, 0x9F, 0xFF, 0xBF, 0xFF,
    0xBF, 0xFF, 0x5D, 0xF7, 0xD8, 0xCD, 0x8F, 0x83, 0xD0, 0x8B, 0x9D, 0xFF, 0xBE, 0xFF, 0xB9, 0xFE,
    0x37, 0xFE, 0xB5, 0xF5, 0x51, 0xD4, 0xE8, 0xA9, 0xC4, 0x98, 0x25, 0xA1, 0x45, 0xA9, 0x86, 0xB1,
    0xE7, 0xC1, 0x69, 0xCA, 0x0C, 0xDB, 0x6D, 0xE3, 0x6D, 0xE3, 0xD2, 0xF4, 0x51, 0xA4, 0x84, 0x10,
    0xC5, 0x10, 0xA4, 0x10, 0x84, 0x08, 0x84, 0x08, 0x84, 0x08, 0x84, 0x08, 0x84, 0x08, 0x64, 0x08,
    0x84, 0x08, 0x84, 0x10, 0x64, 0x00, 0x64, 0x00, 0x64, 0x00, 0x64, 0x00, 0x64, 0x00, 0x63, 0x00,
    0x63, 0x00, 0x63, 0x00, 0x63, 0x00, 0x63, 0x00, 0x63, 0x00, 0x63, 0x00, 0x63, 0x00, 0x43, 0x00,
    0x63, 0x00, 0x63, 0x00, 0x63, 0x00, 0x63, 0x00, 0x63, 0x00, 0x63, 0x00, 0x63, 0x00, 0x63, 0x00,
    0x64, 0x00, 0x63, 0x00, 0x64, 0x00, 0x64, 0x00, 0x64, 0x00, 0x64, 0x00, 0x64, 0x00, 0x64, 0x08,
    0x84, 0x08, 0x84, 0x08, 0x84, 0x08, 0x84, 0x08, 0x84, 0x08, 0x84, 0x08, 0x84, 0x08, 0x47, 0x31,
    0x58, 0xE6, 0x16, 0xFE, 0x4F, 0xEC, 0xEE, 0xEB, 0xEE, 0xEB, 0xAD, 0xE3, 0x4C, 0xE3, 0xCA, 0xDA,
    0x68, 0xDA, 0x48, 0xD2, 0x48, 0xD2, 0xEB, 0xD2, 0xB1, 0xE4, 0xB5, 0xFD, 0x95, 0xF5, 0x75, 0xF5,
    0xD7, 0xF5, 0xFC, 0xFE, 0xDF, 0xFF, 0x38, 0xD6, 0xB0, 0x8B, 0xF8, 0xD5, 0x9E, 0xFF, 0xFF, 0xFF,
    0x9E, 0xFF, 0x5D, 0xFF, 0x1C, 0xFF, 0x1B, 0xFF, 0xFB, 0xFE, 0xFB, 0xFE, 0xFB, 0xFE, 0xDA, 0xFE,
    0xDA, 0xFE, 0xDB, 0xFE, 0xDB, 0xFE, 0xDB, 0xFE, 0xDC, 0xFE, 0xFC, 0xFE, 0xFD, 0xFE, 0x3D, 0xFF,
    0x9E, 0xFF, 0x5D, 0xFF, 0x5D, 0xFF, 0x7D, 0xFF, 0xD9, 0xFE, 0x57, 0xFE, 0xD5, 0xFD, 0x33, 0xED,
    0x6E, 0xBB, 0x05, 0x91, 0xC4, 0x90, 0x05, 0x99, 0x25, 0xA9, 0xC7, 0xB9, 0x8A, 0xCA, 0x2C, 0xD3,
    0x6D, 0xDB, 0xAE, 0xE3, 0xAE, 0xE3, 0x13, 0xF5, 0x51, 0xA4, 0x84, 0x10, 0xC5, 0x10, 0xA5, 0x10,
    0x84, 0x08, 0x84, 0x08, 0x84, 0x08, 0x84, 0x08, 0x84, 0x08, 0x84, 0x08, 0x64, 0x00, 0x64, 0x00,
    0x64, 0x08, 0x64, 0x00, 0x64, 0x00, 0x64, 0x00, 0x64, 0x00, 0x64, 0x00, 0x63, 0x00, 0x63, 0x00,
    0x63, 0x00, 0x63, 0x00, 0x63, 0x00, 0x63, 0x00, 0x63, 0x00, 0x43, 0x00, 0x63, 0x00, 0x63, 0x00,
    0x63, 0x00, 0x63, 0x00, 0x63, 0x00, 0x63, 0x00, 0x63, 0x00, 0x63, 0x00, 0x63, 0x00, 0x63, 0x00,
    0x64, 0x00, 0x64, 0x00, 0x64, 0x00, 0x64, 0x00, 0x64, 0x08, 0x64, 0x08, 0x84, 0x08, 0x84, 0x08,
    0x84, 0x08, 0x84, 0x08, 0x84, 0x08, 0x84, 0x08, 0xA5, 0x10, 0xA5, 0x18, 0x92, 0xAC, 0xF5, 0xFD,
    0x4C, 0xE3, 0xCA, 0xE2, 0x68, 0xE2, 0x27, 0xDA, 0x07, 0xDA, 0x06, 0xDA, 0xE6, 0xD1, 0xE6, 0xC9,
    0xC6, 0xC9, 0xA5, 0xC1, 0x68, 0xCA, 0xF2, 0xEC, 0x94, 0xFD, 0x54, 0xF5, 0x34, 0xF5, 0x75, 0xF5,
    0x7A, 0xFE, 0x9E, 0xFF, 0xDF, 0xFF, 0xDE, 0xFF, 0x7D, 0xFF, 0x3C, 0xFF, 0x1B, 0xFF, 0xFB, 0xFE,
    0xFB, 0xFE, 0xFA, 0xFE, 0xDA, 0xFE, 0xDA, 0xFE, 0xDA, 0xFE, 0xBA, 0xFE, 0xBA, 0xFE, 0x9A, 0xFE,
    0x99, 0xFE, 0x9A, 0xFE, 0x9A, 0xF6, 0x9A, 0xF6, 0x9B, 0xF6, 0x7A, 0xF6, 0x7B, 0xF6, 0x9B, 0xF6,
    0x9B, 0xFE, 0x58, 0xFE, 0x37, 0xFE, 0xF6, 0xFD, 0x74, 0xF5, 0x92, 0xDC, 0xEC, 0xB2, 0xE5, 0x88,
    0xA4, 0x90, 0xE5, 0x98, 0xA7, 0xA9, 0xAB, 0xC2, 0x6D, 0xD3, 0x6D, 0xDB, 0x8D, 0xE3, 0xEF, 0xEB,
    0xEF, 0xEB, 0x74, 0xFD, 0x30, 0x9C, 0x64, 0x10, 0xC5, 0x18, 0xA5, 0x10, 0x84, 0x08, 0x84, 0x08,
    0x84, 0x08, 0x64, 0x08, 0x84, 0x08, 0x84, 0x08, 0x84, 0x08, 0x84, 0x08, 0x64, 0x08, 0x64, 0x00,
    0x64, 0x00, 0x64, 0x00, 0x64, 0x00, 0x64, 0x00, 0x63, 0x00, 0x63, 0x00, 0x63, 0x00, 0x63, 0x00,
    0x63, 0x00, 0x63, 0x00, 0x63, 0x00, 0x63, 0x00, 0x63, 0x00, 0x63, 0x00, 0x63, 0x00, 0x63, 0x00,
    0x63, 0x00, 0x63, 0x00, 0x63, 0x00, 0x63, 0x00, 0x64, 0x00, 0x64, 0x00, 0x64, 0x00, 0x64, 0x00,
    0x64, 0x00, 0x64, 0x00, 0x64, 0x08, 0x64, 0x08, 0x84, 0x08, 0x84, 0x08, 0x84, 0x08, 0x84, 0x08,
    0x84, 0x08, 0x84, 0x08, 0xA5, 0x10, 0xA4, 0x10, 0x47, 0x31, 0x74, 0xD5, 0xF1, 0xFC, 0x4C, 0xE3,
    0xEB, 0xE2, 0xA9, 0xE2, 0x48, 0xDA, 0x27, 0xD2, 0x07, 0xD2, 0xE6, 0xC9, 0xC6, 0xC9, 0xC6, 0xC1,
    0xA6, 0xC1, 0x8D, 0xD3, 0x74, 0xF5, 0x53, 0xF5, 0x33, 0xF5, 0x74, 0xF5, 0x37, 0xFE, 0x3C, 0xFF,
    0x5C, 0xFF, 0x3C, 0xFF, 0x1B, 0xFF, 0x1B, 0xFF, 0xFA, 0xFE, 0xFA, 0xFE, 0xFA, 0xFE, 0xFA, 0xFE,
    0xDA, 0xFE, 0xD9, 0xFE, 0xB9, 0xFE, 0xB9, 0xFE, 0x99, 0xFE, 0x99, 0xFE, 0x78, 0xFE, 0x79, 0xFE,
    0x79, 0xF6, 0x59, 0xF6, 0x59, 0xF6, 0x19, 0xEE, 0x19, 0xEE, 0xF9, 0xED, 0xD8, 0xED, 0xB7, 0xED,
    0x95, 0xF5, 0x74, 0xF5, 0xF2, 0xE4, 0x30, 0xCC, 0x6A, 0xA2, 0x84, 0x88, 0xC4, 0x88, 0x46, 0x99,
    0x29, 0xB2, 0xAA, 0xC2, 0xCB, 0xD2, 0x2C, 0xDB, 0xCE, 0xEB, 0x30, 0xF4, 0x50, 0xEC, 0xB5, 0xFD,
    0xF0, 0x93, 0x64, 0x10, 0xC5, 0x18, 0xA5, 0x10, 0xA5, 0x08, 0x64, 0x08, 0x25, 0x29, 0xE6, 0x49,
    0x64, 0x00, 0x84, 0x08, 0x64, 0x08, 0x64, 0x08, 0x64, 0x08, 0x64, 0x00, 0x64, 0x00, 0x64, 0x00,
    0x64, 0x00, 0x64, 0x00, 0x64, 0x00, 0x64, 0x00, 0x63, 0x00, 0x63, 0x00, 0x63, 0x00, 0x63, 0x00,
    0x63, 0x00, 0x63, 0x00, 0x63, 0x00, 0x63, 0x00, 0x63, 0x00, 0x63, 0x00, 0x63, 0x00, 0x63, 0x00,
    0x63, 0x00, 0x63, 0x00, 0x63, 0x00, 0x64, 0x00, 0x64, 0x00, 0x64, 0x00, 0x64, 0x00, 0x64, 0x08,
    0x64, 0x08, 0x64, 0x08, 0x84, 0x08, 0x84, 0x08, 0x84, 0x08, 0x84, 0x08, 0xA4, 0x08, 0xA5, 0x08,
    0x85, 0x08, 0xC5, 0x18, 0x84, 0x10, 0x09, 0x4A, 0xF6, 0xED, 0x2E, 0xF4, 0x4C, 0xE3, 0x2B, 0xE3,
    0xCA, 0xDA, 0x89, 0xDA, 0x48, 0xD2, 0x28, 0xD2, 0x07, 0xCA, 0xE7, 0xC9, 0xE7, 0xC1, 0xCA, 0xC2,
    0xF2, 0xE4, 0x53, 0xF5, 0x53, 0xF5, 0xF6, 0xFD, 0xFA, 0xFE, 0x1B, 0xFF, 0x1B, 0xFF, 0x1B, 0xFF,
    0x1B, 0xFF, 0x1B, 0xFF, 0x1A, 0xFF, 0x1A, 0xFF, 0xFA, 0xFE, 0xFA, 0xFE, 0xFA, 0xFE, 0xB9, 0xFE,
    0xB9, 0xFE, 0xB9, 0xFE, 0x99, 0xFE, 0x99, 0xFE, 0x58, 0xFE, 0x78, 0xFE, 0x58, 0xF6, 0x58, 0xF6,
    0x18, 0xF6, 0xF8, 0xED, 0xD8, 0xED, 0xD8, 0xE5, 0x97, 0xE5, 0x56, 0xDD, 0x14, 0xDD, 0xD2, 0xDC,
    0x50, 0xD4, 0xAE, 0xBB, 0xC8, 0x91, 0x83, 0x80, 0x05, 0x89, 0x67, 0x99, 0xA7, 0xA9, 0x08, 0xC2,
    0xEB, 0xD2, 0xAE, 0xE3, 0x50, 0xF4, 0x91, 0xF4, 0x91, 0xF4, 0xB5, 0xFD, 0x8F, 0x8B, 0x64, 0x10,
    0xC5, 0x18, 0xA5, 0x10, 0xA5, 0x10, 0x84, 0x08, 0xC4, 0x18, 0x05, 0x21, 0xA4, 0x10, 0xA5, 0x10,
    0x84, 0x08, 0x64, 0x00, 0x64, 0x08, 0x64, 0x08, 0x64, 0x00, 0x64, 0x00, 0x64, 0x00, 0x64, 0x00,
    0x64, 0x00, 0x64, 0x00, 0x63, 0x00, 0x63, 0x00, 0x63, 0x00, 0x63, 0x00, 0x63, 0x00, 0x63, 0x00,
    0x63, 0x00, 0x63, 0x00, 0x63, 0x00, 0x63, 0x00, 0x63, 0x00, 0x63, 0x00, 0x63, 0x00, 0x64, 0x00,
    0x64, 0x00, 0x64, 0x00, 0x64, 0x00, 0x64, 0x00, 0x64, 0x00, 0x64, 0x00, 0x64, 0x08, 0x84, 0x08,
    0x84, 0x08, 0x85, 0x08, 0xA5, 0x10, 0xC6, 0x10, 0xA5, 0x10, 0xC5, 0x10, 0x05, 0x21, 0xA5, 0x10,
    0xE6, 0x18, 0x84, 0x10, 0xAE, 0x8B, 0x52, 0xFD, 0x6C, 0xE3, 0x6C, 0xE3, 0x2B, 0xE3, 0x2B, 0xE3,
    0x0B, 0xDB, 0x0B, 0xDB, 0xEB, 0xD2, 0xCA, 0xD2, 0x89, 0xCA, 0xAA, 0xCA, 0x70, 0xE4, 0x53, 0xF5,
    0xB5, 0xFD, 0xB9, 0xFE, 0xFA, 0xFE, 0xFA, 0xFE, 0x1A, 0xFF, 0x1B, 0xFF, 0x3B, 0xFF, 0x1B, 0xFF,
    0x3B, 0xFF, 0x1A, 0xFF, 0x1A, 0xFF, 0xFA, 0xFE, 0xFA, 0xFE, 0xD9, 0xFE, 0xD9, 0xFE, 0xB9, 0xFE,
    0xB9, 0xFE, 0x99, 0xFE, 0x79, 0xFE, 0x78, 0xFE, 0x58, 0xF6, 0x58, 0xF6, 0x18, 0xF6, 0xF8, 0xED,
    0xF8, 0xED, 0xB7, 0xE5, 0x77, 0xDD, 0x36, 0xD5, 0xF5, 0xD4, 0x93, 0xCC, 0xF0, 0xC3, 0x2D, 0xAB,
    0x46, 0x81, 0xA4, 0x80, 0x05, 0x89, 0x46, 0x99, 0xC8, 0xB1, 0xCB, 0xCA, 0xAE, 0xE3, 0x50, 0xF4,
    0xB2, 0xF4, 0xD2, 0xFC, 0xD2, 0xF4, 0xD5, 0xFD, 0x0D, 0x73, 0x84, 0x10, 0xC5, 0x18, 0xA5, 0x10,
    0xA5, 0x10, 0xA4, 0x08, 0xA4, 0x08, 0xC5, 0x18, 0x05, 0x21, 0x06, 0x21, 0xE5, 0x20, 0xA4, 0x18,
    0x84, 0x08, 0x64, 0x08, 0x64, 0x08, 0x64, 0x00, 0x64, 0x00, 0x64, 0x00, 0x64, 0x00, 0x64, 0x00,
    0x64, 0x00, 0x63, 0x00, 0x63, 0x00, 0x63, 0x00, 0x63, 0x00, 0x63, 0x00, 0x63, 0x00, 0x63, 0x00,
    0x63, 0x00, 0x63, 0x00, 0x63, 0x00, 0x63, 0x00, 0x64, 0x00, 0x64, 0x00, 0x64, 0x00, 0x64, 0x00,
    0x64, 0x00, 0x64, 0x00, 0x64, 0x00, 0x64, 0x00, 0x84, 0x08, 0x84, 0x08, 0xA5, 0x08, 0xC6, 0x10,
    0x07, 0x19, 0xC9, 0x39, 0xE7, 0x18, 0x26, 0x29, 0xE7, 0x49, 0xA5, 0x10, 0xC5, 0x18, 0xA5, 0x10,
    0xE9, 0x49, 0xD4, 0xF5, 0xCD, 0xEB, 0x6C, 0xEB, 0x4C, 0xE3, 0x0B, 0xE3, 0x0B, 0xDB, 0x0B, 0xDB,
    0x2B, 0xDB, 0x4C, 0xDB, 0x4C, 0xDB, 0x0B, 0xD3, 0x0F, 0xDC, 0x74, 0xF5, 0x57, 0xFE, 0xDA, 0xFE,
    0xDA, 0xFE, 0xFA, 0xFE, 0x5B, 0xFF, 0x3B, 0xFF, 0x3B, 0xFF, 0x3B, 0xFF, 0x1A, 0xFF, 0x1A, 0xFF,
    0x1A, 0xFF, 0xFA, 0xFE, 0xFA, 0xFE, 0xDA, 0xFE, 0xD9, 0xFE, 0xB9, 0xFE, 0x99, 0xFE, 0x99, 0xFE,
    0x99, 0xFE, 0x78, 0xFE, 0x58, 0xF6, 0x38, 0xF6, 0xF7, 0xED, 0xD2, 0xDC, 0x30, 0xCC, 0x92, 0xCC,
    0x36, 0xD5, 0x16, 0xD5, 0xD5, 0xCC, 0x94, 0xC4, 0xD1, 0xB3, 0xCC, 0xA2, 0xE5, 0x78, 0x84, 0x78,
    0xE5, 0x88, 0x87, 0x99, 0x8B, 0xBA, 0x8E, 0xD3, 0x30, 0xEC, 0x91, 0xF4, 0xD2, 0xFC, 0xF3, 0xFC,
    0x13, 0xF5, 0xF5, 0xF5, 0x29, 0x5A, 0x84, 0x10, 0xC5, 0x18, 0xA5, 0x10, 0xA5, 0x10, 0x84, 0x08,
    0xC5, 0x18, 0x06, 0x21, 0x05, 0x21, 0x06, 0x21, 0x25, 0x31, 0xE5, 0x28, 0x84, 0x10, 0x64, 0x08,
    0x64, 0x08, 0x64, 0x00, 0x64, 0x00, 0x64, 0x00, 0x64, 0x00, 0x64, 0x00, 0x64, 0x00, 0x64, 0x00,
    0x63, 0x00, 0x63, 0x00, 0x63, 0x00, 0x63, 0x00, 0x63, 0x00, 0x63, 0x00, 0x63, 0x00, 0x63, 0x00,
    0x63, 0x00, 0x63, 0x00, 0x63, 0x00, 0x64, 0x00, 0x64, 0x00, 0x64, 0x00, 0x64, 0x00, 0x64, 0x00,
    0x64, 0x08, 0x64, 0x08, 0x84, 0x08, 0x85, 0x08, 0xA6, 0x10, 0xE7, 0x10, 0xA9, 0x31, 0xF1, 0x83,
    0x28, 0x21, 0xE7, 0x18, 0xA5, 0x10, 0xC5, 0x10, 0xC5, 0x18, 0xC5, 0x18, 0x06, 0x29, 0x94, 0xD5,
    0xD1, 0xFC, 0x8D, 0xEB, 0x8D, 0xEB, 0x4C, 0xE3, 0x2B, 0xE3, 0x0A, 0xDB, 0xEA, 0xDA, 0xEA, 0xDA,
    0x2B, 0xDB, 0x4B, 0xDB, 0xAD, 0xDB, 0x94, 0xF5, 0x99, 0xFE, 0xB9, 0xFE, 0xFA, 0xFE, 0xFA, 0xFE,
    0xB5, 0xED, 0xB0, 0xE4, 0xD1, 0xEC, 0xB8, 0xFE, 0x3B, 0xFF, 0x1A, 0xFF, 0x1A, 0xFF, 0xFA, 0xFE,
    0xD9, 0xFE, 0xD9, 0xFE, 0xB9, 0xFE, 0xB9, 0xFE, 0x99, 0xFE, 0x78, 0xFE, 0x99, 0xFE, 0x58, 0xFE,
    0x37, 0xF6, 0x17, 0xF6, 0xD2, 0xDC, 0xEA, 0xAA, 0x68, 0x9A, 0x27, 0x92, 0xAA, 0x9A, 0x73, 0xC4,
    0xD6, 0xC4, 0x74, 0xBC, 0x13, 0xB4, 0x2E, 0xA3, 0x46, 0x81, 0x84, 0x78, 0x06, 0x89, 0xE9, 0xA9,
    0x0D, 0xCB, 0x0F, 0xDC, 0x91, 0xEC, 0xD2, 0xF4, 0xF2, 0xFC, 0x33, 0xFD, 0x73, 0xFD, 0x73, 0xD5,
    0x26, 0x31, 0xC5, 0x18, 0xC5, 0x18, 0xE5, 0x18, 0xC5, 0x18, 0xA5, 0x10, 0xC5, 0x18, 0x06, 0x21,
    0x06, 0x21, 0x46, 0x39, 0x25, 0x39, 0x86, 0x49, 0x46, 0x31, 0x64, 0x00, 0x84, 0x08, 0x64, 0x00,
    0x64, 0x00, 0x64, 0x00, 0x64, 0x00, 0x64, 0x00, 0x64, 0x00, 0x64, 0x00, 0x63, 0x00, 0x63, 0x00,
    0x63, 0x00, 0x63, 0x00, 0x63, 0x00, 0x63, 0x00, 0x63, 0x00, 0x63, 0x00, 0x63, 0x00, 0x63, 0x00,
    0x63, 0x00, 0x64, 0x00, 0x64, 0x00, 0x64, 0x00, 0x64, 0x00, 0x64, 0x00, 0x64, 0x00, 0x64, 0x08,
    0x84, 0x08, 0xA5, 0x08, 0x07, 0x19, 0x2B, 0x42, 0x15, 0xA5, 0x9E, 0xF7, 0x73, 0x94, 0x0A, 0x42,
    0x06, 0x19, 0xA5, 0x10, 0xC5, 0x18, 0xE6, 0x18, 0xA5, 0x18, 0x91, 0xA4, 0xD4, 0xFD, 0xCD, 0xEB,
    0xEE, 0xEB, 0xEE, 0xEB, 0xEE, 0xEB, 0xCE, 0xEB, 0xCD, 0xEB, 0xCD, 0xEB, 0xAD, 0xE3, 0x8D, 0xE3,
    0xEE, 0xE3, 0xF6, 0xF5, 0x99, 0xFE, 0xFA, 0xFE, 0x98, 0xFE, 0x4E, 0xDC, 0xCC, 0xD3, 0xB0, 0xE4,
    0x32, 0xED, 0x77, 0xFE, 0x1A, 0xFF, 0xFA, 0xFE, 0xFA, 0xFE, 0xD9, 0xFE, 0xD9, 0xFE, 0xB9, 0xFE,
    0x99, 0xFE, 0xB9, 0xFE, 0x78, 0xFE, 0x78, 0xFE, 0x78, 0xFE, 0x38, 0xF6, 0x17, 0xF6, 0x75, 0xE5,
    0x92, 0xD4, 0xEF, 0xBB, 0xCF, 0xBB, 0x6D, 0xAB, 0xCA, 0x9A, 0x69, 0x92, 0xF1, 0xB3, 0x95, 0xBC,
    0x54, 0xB4, 0xB1, 0xAB, 0x0A, 0x92, 0xC5, 0x78, 0x47, 0x91, 0x4A, 0xAA, 0x4E, 0xCB, 0x30, 0xE4,
    0xB2, 0xF4, 0xF2, 0xFC, 0x33, 0xFD, 0x12, 0xF5, 0xD4, 0xFD, 0x2F, 0xA4, 0xC5, 0x20, 0xE5, 0x20,
    0x84, 0x10, 0x68, 0x5A, 0x86, 0x39, 0x84, 0x10, 0xC5, 0x18, 0x06, 0x21, 0x46, 0x31, 0x46, 0x41,
    0x46, 0x41, 0x45, 0x39, 0xE5, 0x18, 0x64, 0x08, 0x64, 0x08, 0x64, 0x08, 0x64, 0x00, 0x64, 0x00,
    0x64, 0x00, 0x64, 0x00, 0x64, 0x00, 0x64, 0x00, 0x64, 0x00, 0x63, 0x00, 0x63, 0x00, 0x63, 0x00,
    0x63, 0x00, 0x63, 0x00, 0x63, 0x00, 0x63, 0x00, 0x63, 0x00, 0x63, 0x00, 0x64, 0x00, 0x64, 0x00,
    0x64, 0x00, 0x64, 0x00, 0x64, 0x00, 0x64, 0x00, 0x64, 0x00, 0x64, 0x08, 0x84, 0x08, 0xA5, 0x08,
    0x07, 0x19, 0xEA, 0x39, 0x73, 0x94, 0x3D, 0xEF, 0xF1, 0x83, 0xC9, 0x31, 0x06, 0x19, 0xC5, 0x10,
    0xC5, 0x10, 0xE6, 0x18, 0xA5, 0x18, 0xEC, 0x6A, 0x36, 0xFE, 0x6F, 0xF4, 0x2F, 0xF4, 0x4F, 0xF4,
    0x50, 0xF4, 0x70, 0xF4, 0x50, 0xF4, 0x90, 0xF4, 0x70, 0xF4, 0x70, 0xF4, 0xF2, 0xF4, 0x57, 0xFE,
    0xB9, 0xFE, 0x78, 0xFE, 0x4E, 0xD4, 0xF2, 0xE4, 0x37, 0xFE, 0x98, 0xFE, 0xB9, 0xFE, 0xD9, 0xFE,
    0xF9, 0xFE, 0xF9, 0xFE, 0xD9, 0xFE, 0xD9, 0xFE, 0xB9, 0xFE, 0x98, 0xFE, 0x98, 0xFE, 0x78, 0xFE,
    0x78, 0xFE, 0x58, 0xFE, 0x37, 0xF6, 0x17, 0xF6, 0xB6, 0xED, 0x14, 0xDD, 0x51, 0xC4, 0x10, 0xBC,
    0x10, 0xBC, 0x71, 0xC4, 0x92, 0xCC, 0xCE, 0xBB, 0xEB, 0x9A, 0x53, 0xB4, 0x96, 0xB4, 0x13, 0xAC,
    0xEE, 0x9A, 0x67, 0x89, 0x88, 0x91, 0x6B, 0xB2, 0x6E, 0xCB, 0x30, 0xE4, 0xB2, 0xF4, 0x12, 0xFD,
    0x53, 0xFD, 0x11, 0xFD, 0xF3, 0xF5, 0x29, 0x5A, 0xC5, 0x18, 0xE5, 0x20, 0xC5, 0x18, 0xC5, 0x18,
    0xC5, 0x18, 0xC5, 0x18, 0xC4, 0x20, 0xE5, 0x18, 0x89, 0x62, 0x46, 0x41, 0x25, 0x39, 0xA4, 0x10,
    0x64, 0x00, 0x84, 0x08, 0x64, 0x08, 0x64, 0x08, 0x64, 0x08, 0x64, 0x00, 0x64, 0x00, 0x64, 0x00,
    0x64, 0x00, 0x64, 0x00, 0x64, 0x00, 0x63, 0x00, 0x63, 0x00, 0x63, 0x00, 0x63, 0x00, 0x63, 0x00,
    0x63, 0x00, 0x63, 0x00, 0x64, 0x00, 0x64, 0x00, 0x64, 0x00, 0x64, 0x00, 0x64, 0x00, 0x64, 0x08,
    0x64, 0x08, 0x64, 0x00, 0x64, 0x08, 0x64, 0x08, 0x84, 0x08, 0xA5, 0x08, 0xC6, 0x10, 0x07, 0x19,
    0x89, 0x29, 0x8F, 0x7B, 0x27, 0x21, 0x06, 0x19, 0xC5, 0x10, 0xC5, 0x10, 0xC5, 0x18, 0xE5, 0x18,
    0xE5, 0x18, 0x46, 0x31, 0x93, 0xD5, 0x93, 0xFD, 0x90, 0xF4, 0x90, 0xF4, 0xB1, 0xFC, 0xD1, 0xFC,
    0xD1, 0xFC, 0xF2, 0xFC, 0xF2, 0xFC, 0xF2, 0xFC, 0xB5, 0xFD, 0x99, 0xFE, 0xB9, 0xFE, 0x32, 0xED,
    0x94, 0xED, 0xD9, 0xFE, 0x78, 0xFE, 0x57, 0xFE, 0x57, 0xFE, 0x98, 0xFE, 0xD9, 0xFE, 0xD9, 0xFE,
    0xD9, 0xFE, 0xB8, 0xFE, 0x98, 0xFE, 0x98, 0xFE, 0x78, 0xFE, 0x57, 0xFE, 0x57, 0xFE, 0x37, 0xF6,
    0x17, 0xF6, 0xD6, 0xED, 0x75, 0xE5, 0x71, 0xCC, 0xAF, 0xB3, 0x8E, 0xAB, 0x8E, 0xAB, 0x8E, 0xB3,
    0xF0, 0xBB, 0x71, 0xCC, 0x30, 0xBC, 0xD0, 0xAB, 0x75, 0xB4, 0x75, 0xB4, 0xB2, 0xAB, 0x6B, 0x92,
    0x0A, 0xA2, 0x8B, 0xBA, 0x6E, 0xD3, 0x30, 0xE4, 0xB2, 0xF4, 0x13, 0xFD, 0xB1, 0xF4, 0xD3, 0xFD,
    0xCD, 0x9B, 0xC5, 0x20, 0x05, 0x21, 0xE5, 0x18, 0xC5, 0x18, 0xE5, 0x18, 0xC5, 0x20, 0xE6, 0x51,
    0xAB, 0x93, 0x25, 0x31, 0xC4, 0x18, 0xC5, 0x18, 0xA4, 0x10, 0x84, 0x08, 0x84, 0x08, 0x84, 0x08,
    0x64, 0x08, 0x64, 0x08, 0x64, 0x08, 0x64, 0x08, 0x64, 0x00, 0x64, 0x00, 0x64, 0x00, 0x64, 0x00,
    0x64, 0x00, 0x64, 0x00, 0x64, 0x00, 0x63, 0x00, 0x63, 0x00, 0x63, 0x00, 0x63, 0x00, 0x63, 0x00,
    0x64, 0x00, 0x64, 0x00, 0x64, 0x00, 0x64, 0x00, 0x64, 0x08, 0x64, 0x08, 0x64, 0x08, 0x64, 0x08,
    0x64, 0x08, 0x84, 0x08, 0x84, 0x08, 0x84, 0x08, 0xA5, 0x10, 0xE6, 0x10, 0x27, 0x21, 0xA8, 0x39,
    0xE6, 0x18, 0xE6, 0x18, 0xE6, 0x18, 0xC5, 0x18, 0xC5, 0x18, 0xE5, 0x18, 0xE6, 0x20, 0xA5, 0x18,
    0x4D, 0x83, 0x96, 0xFE, 0x32, 0xF5, 0xD1, 0xFC, 0xF1, 0xFC, 0x12, 0xFD, 0x13, 0xFD, 0x33, 0xFD,
    0x33, 0xFD, 0x53, 0xFD, 0x16, 0xFE, 0x99, 0xFE, 0x78, 0xFE, 0x16, 0xF6, 0x78, 0xFE, 0xF5, 0xF5,
    0xD5, 0xF5, 0xB5, 0xF5, 0xF6, 0xF5, 0x57, 0xFE, 0x98, 0xFE, 0xD9, 0xFE, 0xB8, 0xFE, 0x98, 0xFE,
    0x98, 0xFE, 0x77, 0xFE, 0x77, 0xFE, 0x57, 0xFE, 0x57, 0xFE, 0x16, 0xF6, 0xF6, 0xF5, 0xB6, 0xED,
    0x14, 0xDD, 0xCF, 0xB3, 0x2D, 0xA3, 0xEC, 0x9A, 0x0D, 0xA3, 0x4D, 0xB3, 0xAF, 0xBB, 0x30, 0xC4,
    0x71, 0xC4, 0x52, 0xBC, 0x54, 0xB4, 0x96, 0xB4, 0x75, 0xB4, 0x2F, 0xA3, 0xAC, 0xA2, 0x0D, 0xBB,
    0x8E, 0xCB, 0x30, 0xE4, 0xB2, 0xEC, 0x91, 0xEC, 0xB3, 0xFD, 0x52, 0xD5, 0x46, 0x41, 0xE5, 0x20,
    0x05, 0x21, 0xE5, 0x20, 0xE5, 0x18, 0xE5, 0x18, 0xC5, 0x20, 0x29, 0x83, 0x51, 0xE6, 0xC6, 0x51,
    0xC5, 0x18, 0xA4, 0x10, 0xA4, 0x10, 0x84, 0x10, 0x84, 0x08, 0x84, 0x08, 0x84, 0x08, 0x84, 0x08,
    0x64, 0x08, 0x64, 0x08, 0x64, 0x08, 0x64, 0x00, 0x64, 0x00, 0x64, 0x00, 0x64, 0x00, 0x64, 0x00,
    0x64, 0x00, 0x63, 0x00, 0x63, 0x00, 0x63, 0x00, 0x64, 0x00, 0x64, 0x00, 0x64, 0x00, 0x64, 0x00,
    0x64, 0x00, 0x64, 0x00, 0x64, 0x00, 0x64, 0x00, 0x64, 0x08, 0x64, 0x08, 0x64, 0x08, 0x84, 0x08,
    0x84, 0x08, 0x84, 0x08, 0xA5, 0x08, 0xA5, 0x10, 0xC5, 0x10, 0xC5, 0x10, 0xC5, 0x10, 0xE5, 0x18,
    0xC5, 0x18, 0xC5, 0x18, 0xE5, 0x18, 0xE5, 0x18, 0x06, 0x21, 0xE5, 0x20, 0x67, 0x39, 0xB4, 0xD5,
    0x56, 0xFE, 0x12, 0xFD, 0x12, 0xFD, 0x33, 0xFD, 0x53, 0xFD, 0x74, 0xFD, 0x74, 0xFD, 0xD5, 0xFD,
    0x58, 0xFE, 0x78, 0xFE, 0x98, 0xFE, 0x98, 0xFE, 0x16, 0xFE, 0x94, 0xFD, 0x13, 0xED, 0x33, 0xED,
    0xB5, 0xF5, 0x16, 0xFE, 0x78, 0xFE, 0xB9, 0xFE, 0x98, 0xFE, 0x98, 0xFE, 0x77, 0xFE, 0x57, 0xFE,
    0x36, 0xFE, 0x36, 0xFE, 0x16, 0xFE, 0xF6, 0xF5, 0xF6, 0xF5, 0x95, 0xED, 0xD3, 0xD4, 0x8F, 0xAB,
    0xAC, 0x92, 0xAC, 0x9A, 0x6A, 0x92, 0xE7, 0x81, 0x49, 0x8A, 0x6E, 0xAB, 0x31, 0xCC, 0x51, 0xC4,
    0x54, 0xB4, 0x96, 0xB4, 0xF7, 0xB4, 0xF3, 0xAB, 0x8C, 0xA2, 0x2E, 0xB3, 0xAF, 0xCB, 0xF0, 0xDB,
    0x0F, 0xEC, 0x72, 0xFD, 0x14, 0xEE, 0x8A, 0x72, 0x06, 0x29, 0x26, 0x29, 0x05, 0x21, 0xE5, 0x20,
    0xE5, 0x20, 0xE5, 0x18, 0xE5, 0x20, 0x25, 0x31, 0xE6, 0x59, 0xE5, 0x28, 0xE5, 0x20, 0xC4, 0x18,
    0xC4, 0x18, 0xA4, 0x10, 0xA4, 0x10, 0x84, 0x10, 0x84, 0x08, 0x84, 0x08, 0x84, 0x08, 0x64, 0x08,
    0x64, 0x08, 0x64, 0x08, 0x64, 0x00, 0x64, 0x00, 0x64, 0x00, 0x64, 0x00, 0x64, 0x00, 0x64, 0x00,
    0x63, 0x00, 0x63, 0x00, 0x64, 0x00, 0x64, 0x00, 0x64, 0x00, 0x64, 0x08, 0x64, 0x08, 0x64, 0x00,
    0x64, 0x00, 0x64, 0x08, 0x64, 0x08, 0x64, 0x08, 0x84, 0x08, 0x84, 0x08, 0x84, 0x08, 0x84, 0x08,
    0x84, 0x08, 0xA5, 0x08, 0xA5, 0x10, 0xA5, 0x10, 0xC5, 0x18, 0xE5, 0x20, 0x0A, 0x73, 0x08, 0x52,
    0xC5, 0x18, 0xE5, 0x20, 0xA5, 0x18, 0x06, 0x29, 0x06, 0x29, 0x6A, 0x62, 0x55, 0xEE, 0x15, 0xFE,
    0x53, 0xFD, 0x74, 0xFD, 0x74, 0xFD, 0xB4, 0xFD, 0xF6, 0xFD, 0x57, 0xFE, 0x78, 0xFE, 0x78, 0xFE,
    0x78, 0xFE, 0x77, 0xFE, 0x33, 0xED, 0xA9, 0xA2, 0x0A, 0x9B, 0x70, 0xC4, 0xF2, 0xD4, 0xD6, 0xFD,
    0x57, 0xFE, 0xB8, 0xFE, 0x98, 0xFE, 0x77, 0xFE, 0x57, 0xFE, 0x56, 0xFE, 0x36, 0xFE, 0x16, 0xFE,
    0x16, 0xFE, 0xF6, 0xF5, 0xD5, 0xF5, 0x74, 0xE5, 0x92, 0xCC, 0x2E, 0xA3, 0x8C, 0x92, 0x8B, 0x82,
    0xAF, 0x8B, 0x34, 0xB5, 0xCF, 0x93, 0x44, 0x51, 0x6A, 0x8A, 0x52, 0xCC, 0x73, 0xBC, 0x96, 0xB4,
    0xF8, 0xB4, 0xD7, 0xBC, 0x6E, 0xC3, 0x4C, 0xCB, 0x0E, 0xDC, 0xAF, 0xEC, 0xD2, 0xFD, 0xD2, 0xE5,
    0xCA, 0x7A, 0x26, 0x31, 0x46, 0x31, 0x06, 0x29, 0x05, 0x29, 0xE5, 0x20, 0xE5, 0x20, 0xE5, 0x20,
    0xE5, 0x20, 0x05, 0x21, 0xE5, 0x28, 0x05, 0x29, 0xE5, 0x20, 0xE5, 0x20, 0xE5, 0x20, 0xC4, 0x20,
    0xC4, 0x18, 0xA4, 0x18, 0xA4, 0x10, 0x84, 0x10, 0x84, 0x08, 0x64, 0x08, 0x64, 0x08, 0x64, 0x08,
    0x64, 0x08, 0x64, 0x08, 0x64, 0x00, 0x64, 0x00, 0x64, 0x00, 0x64, 0x00, 0x63, 0x00, 0x64, 0x00,
    0x64, 0x00, 0x64, 0x00, 0x64, 0x00, 0x64, 0x08, 0x64, 0x08, 0x64, 0x00, 0x64, 0x00, 0x64, 0x08,
    0x64, 0x08, 0x64, 0x08, 0x84, 0x08, 0x84, 0x08, 0x66, 0x39, 0xA4, 0x10, 0x84, 0x08, 0xA4, 0x08,
    0xA5, 0x10, 0xA5, 0x10, 0xC5, 0x18, 0xC4, 0x20, 0x6E, 0xA4, 0xC9, 0x6A, 0xC5, 0x18, 0xE5, 0x20,
    0x68, 0x5A, 0x46, 0x31, 0x26, 0x29, 0x06, 0x29, 0xCA, 0x72, 0x54, 0xEE, 0x55, 0xFE, 0xB4, 0xFD,
    0xD5, 0xFD, 0x15, 0xFE, 0xF5, 0xFD, 0x37, 0xFE, 0x99, 0xFE, 0x99, 0xFE, 0x98, 0xFE, 0x73, 0xED,
    0xE6, 0x81, 0x54, 0xC5, 0x7D, 0xEF, 0x13, 0xAD, 0xEE, 0x93, 0x50, 0xBC, 0x37, 0xFE, 0x98, 0xFE,
    0x97, 0xFE, 0x77, 0xFE, 0x56, 0xFE, 0x56, 0xFE, 0x36, 0xFE, 0x16, 0xFE, 0xF6, 0xF5, 0xD5, 0xF5,
    0x94, 0xED, 0x54, 0xE5, 0x72, 0xCC, 0x0E, 0xA3, 0x67, 0x59, 0xE3, 0x30, 0x85, 0x51, 0xAA, 0x72,
    0x39, 0xCE, 0x76, 0xBD, 0x25, 0x51, 0x4E, 0xA3, 0x73, 0xC4, 0x55, 0xAC, 0xD8, 0xB4, 0x39, 0xC5,
    0xD6, 0xED, 0xF2, 0xF5, 0x33, 0xF6, 0x54, 0xF6, 0xCF, 0xC4, 0x28, 0x62, 0x26, 0x31, 0x46, 0x31,
    0x26, 0x29, 0x66, 0x41, 0x88, 0x7A, 0x47, 0x6A, 0x05, 0x29, 0x06, 0x21, 0x05, 0x21, 0x05, 0x29,
    0x05, 0x29, 0x05, 0x31, 0x25, 0x31, 0x25, 0x39, 0x25, 0x31, 0x05, 0x31, 0xE5, 0x28, 0xC4, 0x20,
    0xA4, 0x18, 0xA4, 0x10, 0x84, 0x10, 0x84, 0x08, 0x64, 0x08, 0x64, 0x08, 0x64, 0x08, 0x64, 0x08,
    0x64, 0x00, 0x64, 0x00, 0x64, 0x00, 0x64, 0x00, 0x64, 0x00, 0x64, 0x00, 0x64, 0x00, 0x64, 0x00,
    0x64, 0x00, 0x64, 0x08, 0x64, 0x00, 0x64, 0x00, 0x64, 0x00, 0x84, 0x08, 0x64, 0x08, 0x84, 0x08,
    0x84, 0x08, 0x84, 0x08, 0xA5, 0x10, 0x84, 0x08, 0xA4, 0x08, 0xA5, 0x10, 0xA5, 0x10, 0xC5, 0x10,
    0xC5, 0x18, 0xC5, 0x18, 0xE4, 0x28, 0xE5, 0x20, 0x05, 0x21, 0xE5, 0x20, 0xE7, 0x49, 0x46, 0x31,
    0x26, 0x29, 0x46, 0x31, 0x26, 0x31, 0x0A, 0x83, 0x54, 0xEE, 0xD6, 0xFE, 0x75, 0xFE, 0x34, 0xFE,
    0x14, 0xFE, 0x77, 0xFE, 0x99, 0xFE, 0x98, 0xFE, 0xB9, 0xFE, 0x0A, 0xAB, 0xF2, 0xBC, 0xDF, 0xFF,
    0xCF, 0x93, 0x2B, 0x83, 0x60, 0x28, 0x23, 0x51, 0x74, 0xED, 0xB8, 0xFE, 0x98, 0xFE, 0x77, 0xFE,
    0x56, 0xFE, 0x57, 0xFE, 0x57, 0xFE, 0x36, 0xFE, 0xF6, 0xFD, 0xD5, 0xF5, 0x94, 0xED, 0x33, 0xE5,
    0x92, 0xD4, 0x8C, 0x92, 0xCB, 0x7A, 0x10, 0x8C, 0x00, 0x08, 0x00, 0x18, 0x64, 0x51, 0x3A, 0xC6,
    0x11, 0x94, 0xE8, 0x79, 0x32, 0xBC, 0x54, 0xB4, 0xB7, 0xB4, 0x59, 0xC5, 0x9B, 0xEE, 0xCD, 0x9B,
    0x69, 0x6A, 0x49, 0x62, 0xA7, 0x49, 0x66, 0x39, 0x66, 0x39, 0x46, 0x31, 0x26, 0x29, 0x07, 0x62,
    0x0A, 0xBC, 0xAA, 0xAB, 0x86, 0x49, 0xC5, 0x18, 0x05, 0x29, 0x25, 0x31, 0x45, 0x39, 0x86, 0x41,
    0xA6, 0x51, 0xA6, 0x51, 0xA5, 0x59, 0x85, 0x49, 0x25, 0x39, 0xE4, 0x28, 0xC4, 0x18, 0xA4, 0x18,
    0x84, 0x10, 0x84, 0x08, 0x84, 0x08, 0x64, 0x08, 0x64, 0x08, 0x64, 0x00, 0x64, 0x00, 0x64, 0x00,
    0x64, 0x00, 0x64, 0x00, 0x64, 0x00, 0x64, 0x00, 0x64, 0x00, 0x64, 0x08, 0x64, 0x08, 0x64, 0x00,
    0x64, 0x00, 0x64, 0x08, 0x84, 0x08, 0x84, 0x08, 0x84, 0x08, 0x84, 0x08, 0x84, 0x08, 0x84, 0x08,
    0x84, 0x08, 0xA5, 0x10, 0xA5, 0x10, 0xC5, 0x18, 0xE5, 0x20, 0xC5, 0x20, 0xC5, 0x18, 0xE5, 0x18,
    0xE5, 0x18, 0xE5, 0x20, 0xE5, 0x20, 0x06, 0x21, 0xE5, 0x20, 0x26, 0x29, 0x26, 0x29, 0x46, 0x31,
    0x66, 0x39, 0x87, 0x39, 0xAA, 0x7A, 0xEF, 0xC4, 0x33, 0xEE, 0x94, 0xF6, 0x75, 0xEE, 0xF9, 0xFE,
    0x99, 0xFE, 0x78, 0xFE, 0x57, 0xFE, 0xCD, 0xBB, 0xFE, 0xFF, 0x30, 0x9C, 0x48, 0x72, 0x75, 0xAD,
    0x62, 0x08, 0x60, 0x20, 0xB0, 0xD4, 0xD9, 0xFE, 0x98, 0xFE, 0x98, 0xFE, 0xB8, 0xFE, 0xD9, 0xFE,
    0xD9, 0xFE, 0xB9, 0xFE, 0x78, 0xFE, 0x37, 0xFE, 0xD5, 0xF5, 0x54, 0xE5, 0xD3, 0xD4, 0x0D, 0x9B,
    0xC7, 0x51, 0xAB, 0x52, 0x20, 0x00, 0x20, 0x00, 0xC0, 0x58, 0x51, 0xA4, 0xB9, 0xB5, 0xAC, 0x8A,
    0xD0, 0xB3, 0x53, 0xBC, 0xB6, 0xB4, 0x38, 0xBD, 0xDD, 0xF6, 0x71, 0xAC, 0x46, 0x41, 0xA7, 0x49,
    0xA7, 0x41, 0x87, 0x39, 0x66, 0x39, 0x46, 0x39, 0x26, 0x31, 0x86, 0x49, 0xE8, 0x8A, 0xA8, 0x82,
    0x25, 0x39, 0xCA, 0x6A, 0x86, 0x41, 0x65, 0x41, 0x85, 0x51, 0xC5, 0x61, 0x05, 0x72, 0x28, 0x9B,
    0x31, 0xDE, 0xC7, 0x82, 0x85, 0x49, 0x25, 0x39, 0xE4, 0x28, 0xA4, 0x18, 0xA4, 0x10, 0x84, 0x08,
    0x84, 0x08, 0x84, 0x08, 0x64, 0x08, 0x64, 0x00, 0x64, 0x00, 0x64, 0x00, 0x64, 0x00, 0x64, 0x00,
    0x64, 0x00, 0x64, 0x00, 0x64, 0x00, 0x64, 0x08, 0x64, 0x08, 0x64, 0x00, 0x64, 0x08, 0x64, 0x08,
    0x84, 0x08, 0x84, 0x08, 0x84, 0x08, 0x84, 0x08, 0x84, 0x08, 0x84, 0x08, 0xA5, 0x10, 0xA4, 0x18,
    0xE5, 0x20, 0x05, 0x29, 0xE5, 0x30, 0x25, 0x31, 0x05, 0x29, 0xE5, 0x20, 0xE5, 0x20, 0xC5, 0x18,
    0x46, 0x31, 0xC7, 0x41, 0x06, 0x29, 0x26, 0x29, 0x26, 0x31, 0x46, 0x31, 0x46, 0x31, 0xA7, 0x41,
    0x87, 0x41, 0xA7, 0x49, 0x48, 0x6A, 0x89, 0x72, 0xB1, 0xB4, 0x5C, 0xFF, 0x99, 0xFE, 0x98, 0xFE,
    0x36, 0xFE, 0x54, 0xDD, 0xFF, 0xFF, 0x4B, 0x9B, 0x20, 0x30, 0x00, 0x00, 0x40, 0x10, 0x20, 0x18,
    0xF1, 0xD4, 0x1A, 0xFF, 0xD9, 0xFE, 0x1A, 0xFF, 0x3A, 0xFF, 0x1A, 0xFF, 0xF9, 0xFE, 0xD9, 0xFE,
    0xD9, 0xFE, 0x98, 0xFE, 0x37, 0xFE, 0xD6, 0xED, 0x54, 0xDD, 0x31, 0xBC, 0x61, 0x28, 0x00, 0x00,
    0x20, 0x08, 0x00, 0x00, 0x02, 0x8A, 0x2F, 0xAC, 0x17, 0xAD, 0x8F, 0xAB, 0x72, 0xCC, 0x15, 0xD5,
    0x16, 0xCD, 0x18, 0xBD, 0x3C, 0xE6, 0xB9, 0xEE, 0x69, 0x62, 0xC8, 0x49, 0xA7, 0x49, 0x87, 0x41,
    0x87, 0x39, 0x66, 0x39, 0x46, 0x31, 0x26, 0x31, 0x46, 0x31, 0x46, 0x31, 0x26, 0x29, 0xEB, 0x6A,
    0xC7, 0x49, 0x85, 0x49, 0x8A, 0x9B, 0xAD, 0xBC, 0x4B, 0xBC, 0xD4, 0xEE, 0xF9, 0xFF, 0x0A, 0xB4,
    0xC5, 0x69, 0x85, 0x49, 0x05, 0x31, 0xC4, 0x20, 0xA4, 0x10, 0x84, 0x08, 0x84, 0x08, 0x84, 0x08,
    0x64, 0x08, 0x64, 0x00, 0x64, 0x08, 0x64, 0x00, 0x64, 0x00, 0x64, 0x00, 0x64, 0x00, 0x64, 0x00,
    0x64, 0x00, 0x64, 0x00, 0x64, 0x00, 0x64, 0x00, 0x64, 0x08, 0x64, 0x08, 0x84, 0x08, 0x84, 0x08,
    0x84, 0x08, 0x84, 0x08, 0x84, 0x08, 0x84, 0x08, 0xA4, 0x10, 0xE5, 0x20, 0x05, 0x31, 0x06, 0x62,
    0xE8, 0x82, 0x65, 0x51, 0x25, 0x39, 0x25, 0x31, 0x05, 0x21, 0xE5, 0x20, 0x05, 0x21, 0x26, 0x31,
    0x46, 0x31, 0x46, 0x31, 0x46, 0x31, 0xA6, 0x49, 0x27, 0x62, 0xA7, 0x49, 0xA7, 0x49, 0xE8, 0x51,
    0xE8, 0x51, 0x07, 0x5A, 0x78, 0xE6, 0x7C, 0xFF, 0xD9, 0xFE, 0x1A, 0xFF, 0xB8, 0xFE, 0xB5, 0xED,
    0xDE, 0xFF, 0x4E, 0xB4, 0xC0, 0x60, 0x00, 0x10, 0x00, 0x10, 0xA4, 0x61, 0x98, 0xF6, 0x3B, 0xFF,
    0x3B, 0xFF, 0x3A, 0xFF, 0xFA, 0xFE, 0x98, 0xFE, 0xF6, 0xFD, 0x95, 0xFD, 0x95, 0xFD, 0xF7, 0xFD,
    0x79, 0xFE, 0x37, 0xF6, 0xB6, 0xE5, 0x55, 0xDD, 0xCB, 0x8A, 0x60, 0x28, 0x40, 0x20, 0xA1, 0x69,
    0x65, 0xBB, 0x51, 0xAC, 0x73, 0xBC, 0xB3, 0xD4, 0xF7, 0xED, 0x39, 0xF6, 0xF8, 0xED, 0x78, 0xD5,
    0x9A, 0xD5, 0x7D, 0xFF, 0xB1, 0xAC, 0xA7, 0x49, 0xC8, 0x49, 0xA7, 0x41, 0x87, 0x39, 0x66, 0x39,
    0x46, 0x31, 0x46, 0x31, 0x46, 0x29, 0x47, 0x31, 0x67, 0x31, 0x05, 0x29, 0x66, 0x41, 0xA5, 0x59,
    0x0D, 0xC5, 0xF5, 0xFF, 0xF7, 0xFF, 0xF8, 0xFF, 0xF6, 0xFF, 0x0F, 0xE6, 0xE6, 0x92, 0xC5, 0x61,
    0x25, 0x39, 0xC4, 0x20, 0xA4, 0x18, 0x84, 0x10, 0x84, 0x08, 0x84, 0x08, 0x64, 0x00, 0x64, 0x00,
    0x64, 0x00, 0x64, 0x00, 0x64, 0x00, 0x64, 0x00, 0x64, 0x00, 0x64, 0x00, 0x64, 0x00, 0x64, 0x00,
    0x64, 0x00, 0x64, 0x00, 0x64, 0x08, 0x84, 0x08, 0x84, 0x08, 0x84, 0x08, 0x84, 0x08, 0x84, 0x08,
    0x84, 0x08, 0xA4, 0x10, 0xC4, 0x18, 0x05, 0x31, 0x45, 0x41, 0xA8, 0xA3, 0xF0, 0xFE, 0x8A, 0xBC,
    0x88, 0x9B, 0x45, 0x41, 0x05, 0x29, 0x05, 0x21, 0x06, 0x29, 0x46, 0x31, 0x66, 0x39, 0x86, 0x41,
    0x26, 0x31, 0xA8, 0x7A, 0x4E, 0xD5, 0xA6, 0x51, 0xA7, 0x49, 0x08, 0x52, 0xC7, 0x51, 0x0F, 0xA4,
    0xBD, 0xFF, 0x3B, 0xFF, 0x3B, 0xFF, 0x3B, 0xFF, 0x1A, 0xFF, 0x58, 0xFE, 0xB9, 0xFE, 0x17, 0xDE,
    0x26, 0xB3, 0xA5, 0xA2, 0x86, 0x8A, 0x92, 0xE5, 0x5B, 0xFF, 0x3B, 0xFF, 0x1B, 0xFF, 0x98, 0xFE,
    0xF6, 0xFD, 0x33, 0xFD, 0xD2, 0xFC, 0x91, 0xFC, 0x50, 0xF4, 0x30, 0xEC, 0xF4, 0xEC, 0x18, 0xEE,
    0xF7, 0xED, 0x75, 0xE5, 0x55, 0xDD, 0x91, 0xCC, 0x8E, 0xCC, 0x2F, 0xED, 0x12, 0xDD, 0x96, 0xED,
    0xD6, 0xF5, 0x38, 0xFE, 0x38, 0xFE, 0xD7, 0xF5, 0xB7, 0xED, 0x98, 0xE5, 0x99, 0xD5, 0xBC, 0xEE,
    0xB9, 0xEE, 0x69, 0x6A, 0xC7, 0x51, 0xA7, 0x49, 0x87, 0x41, 0x87, 0x39, 0x67, 0x39, 0x46, 0x31,
    0x47, 0x31, 0x67, 0x31, 0xA7, 0x39, 0x66, 0x39, 0x86, 0x41, 0xE6, 0x61, 0x07, 0x9B, 0xAF, 0xF6,
    0xF3, 0xFF, 0xF5, 0xFF, 0xF3, 0xFF, 0x70, 0xFF, 0x8C, 0xFE, 0x88, 0xA3, 0x25, 0x39, 0xE4, 0x28,
    0xA4, 0x18, 0x84, 0x10, 0x84, 0x08, 0x84, 0x08, 0x64, 0x08, 0x64, 0x00, 0x64, 0x00, 0x64, 0x00,
    0x64, 0x00, 0x64, 0x00, 0x64, 0x00, 0x64, 0x00, 0x64, 0x00, 0x64, 0x00, 0x64, 0x08, 0x64, 0x00,
    0x64, 0x08, 0x84, 0x08, 0x84, 0x08, 0x84, 0x08, 0x84, 0x08, 0x84, 0x08, 0x84, 0x08, 0xA4, 0x10,
    0xC4, 0x18, 0x05, 0x31, 0x68, 0xA3, 0x0C, 0xF6, 0xCD, 0xFE, 0xCD, 0xFE, 0xE8, 0xBB, 0x65, 0x49,
    0x25, 0x31, 0x05, 0x29, 0x06, 0x29, 0x46, 0x31, 0x66, 0x39, 0x46, 0x39, 0x66, 0x39, 0xA6, 0x51,
    0x27, 0x62, 0xA7, 0x49, 0xC7, 0x49, 0xE8, 0x59, 0x89, 0x72, 0xB9, 0xEE, 0x9D, 0xFF, 0x1B, 0xFF,
    0xDA, 0xFE, 0x99, 0xFE, 0x78, 0xFE, 0x78, 0xFE, 0x58, 0xFE, 0x98, 0xFE, 0x99, 0xFE, 0xB8, 0xFE,
    0x19, 0xFF, 0x3B, 0xFF, 0x1A, 0xFF, 0xFA, 0xFE, 0x17, 0xFE, 0x33, 0xFD, 0x91, 0xFC, 0x71, 0xFC,
    0x50, 0xF4, 0x30, 0xF4, 0x0F, 0xEC, 0xEF, 0xE3, 0xCE, 0xE3, 0x11, 0xDC, 0x36, 0xE5, 0x76, 0xE5,
    0x35, 0xDD, 0xF7, 0xED, 0x99, 0xFE, 0x9A, 0xFE, 0xB9, 0xFE, 0x58, 0xFE, 0xD6, 0xFD, 0x75, 0xFD,
    0xF4, 0xFC, 0xB4, 0xF4, 0xB4, 0xE4, 0xF6, 0xDC, 0x79, 0xDD, 0xFB, 0xDD, 0x5D, 0xFF, 0x50, 0xA4,
    0xC7, 0x51, 0xC7, 0x51, 0xA7, 0x49, 0x87, 0x41, 0x87, 0x41, 0x49, 0x52, 0xE9, 0x41, 0x67, 0x31,
    0x47, 0x31, 0x46, 0x31, 0x66, 0x41, 0xE6, 0x61, 0xC7, 0x92, 0x0C, 0xEE, 0x4E, 0xFF, 0x6F, 0xFF,
    0x2D, 0xFF, 0x6A, 0xFE, 0x08, 0xE5, 0xA6, 0x8A, 0x25, 0x39, 0xE4, 0x28, 0xA4, 0x18, 0x84, 0x10,
    0x84, 0x08, 0x84, 0x08, 0x84, 0x08, 0x64, 0x00, 0x64, 0x00, 0x64, 0x00, 0x64, 0x00, 0x64, 0x00,
    0x64, 0x00, 0x64, 0x00, 0x64, 0x00, 0x64, 0x00, 0x64, 0x00, 0x64, 0x00, 0x64, 0x08, 0x64, 0x08,
    0x84, 0x08, 0x84, 0x08, 0x84, 0x08, 0x84, 0x08, 0x84, 0x08, 0xA4, 0x10, 0xC4, 0x18, 0x05, 0x31,
    0x46, 0x7A, 0xC8, 0xEC, 0xE9, 0xFD, 0xA8, 0xFD, 0x06, 0x9B, 0x65, 0x41, 0x25, 0x31, 0x05, 0x29,
    0x26, 0x29, 0x65, 0x41, 0xE6, 0x61, 0x46, 0x39, 0x86, 0x41, 0x86, 0x41, 0x86, 0x41, 0xA7, 0x49,
    0xE8, 0x51, 0xC7, 0x51, 0x2F, 0xA4, 0xFE, 0xFF, 0x1B, 0xFF, 0x79, 0xFE, 0xD6, 0xFD, 0xB6, 0xFD,
    0xD6, 0xFD, 0xF6, 0xFD, 0x17, 0xFE, 0x57, 0xFE, 0xB9, 0xFE, 0xFA, 0xFE, 0x1B, 0xFF, 0x1A, 0xFF,
    0xFA, 0xFE, 0xD5, 0xFD, 0x91, 0xFC, 0xAE, 0xEB, 0xEF, 0xF3, 0x50, 0xF4, 0x30, 0xF4, 0xEF, 0xEB,
    0x8E, 0xDB, 0x8A, 0xCA, 0x0C, 0xD3, 0x6D, 0xDB, 0xAF, 0xD3, 0xD5, 0xCC, 0xF4, 0xD4, 0x34, 0xDD,
    0xD6, 0xED, 0x17, 0xFE, 0x17, 0xFE, 0xB6, 0xFD, 0x55, 0xFD, 0xD3, 0xF4, 0x72, 0xF4, 0x12, 0xEC,
    0xF2, 0xE3, 0x13, 0xD4, 0xB6, 0xD4, 0x9A, 0xD5, 0x1D, 0xFF, 0x16, 0xDE, 0x08, 0x62, 0xC8, 0x51,
    0xA7, 0x49, 0xA7, 0x41, 0x87, 0x41, 0xB1, 0xA4, 0xCB, 0x6A, 0x26, 0x29, 0x46, 0x31, 0x46, 0x31,
    0x66, 0x41, 0xA6, 0x59, 0xA8, 0xAB, 0x4B, 0xFE, 0x29, 0xFE, 0x69, 0xFE, 0x29, 0xFE, 0xE8, 0xE4,
    0x46, 0x8A, 0x85, 0x51, 0x25, 0x39, 0xC4, 0x20, 0xC4, 0x18, 0x84, 0x10, 0x84, 0x08, 0x84, 0x08,
    0x84, 0x08, 0x84, 0x08, 0x64, 0x00, 0x64, 0x00, 0x64, 0x00, 0x64, 0x00, 0x64, 0x00, 0x64, 0x00,
    0x64, 0x00, 0x64, 0x00, 0x64, 0x00, 0x84, 0x08, 0x64, 0x08, 0x84, 0x08, 0x84, 0x08, 0x84, 0x08,
    0x84, 0x08, 0x84, 0x08, 0x84, 0x08, 0xA4, 0x10, 0xC5, 0x18, 0x05, 0x29, 0x25, 0x41, 0x46, 0xB3,
    0x46, 0xE4, 0x66, 0xBB, 0xE6, 0x92, 0x25, 0x39, 0x25, 0x31, 0x46, 0x31, 0x66, 0x41, 0xAA, 0x93,
    0xD0, 0xD5, 0x67, 0x6A, 0x86, 0x41, 0x86, 0x41, 0xA7, 0x49, 0xC7, 0x49, 0xE7, 0x59, 0x27, 0x62,
    0x15, 0xDE, 0xDE, 0xFF, 0x99, 0xFE, 0xD6, 0xFD, 0x75, 0xFD, 0x75, 0xFD, 0x95, 0xFD, 0xD6, 0xFD,
    0xF6, 0xFD, 0x37, 0xFE, 0x98, 0xFE, 0xDA, 0xFE, 0xFA, 0xFE, 0xFA, 0xFE, 0x17, 0xFE, 0x91, 0xFC,
    0x2C, 0xE3, 0xC3, 0xA0, 0xC6, 0xA1, 0xB1, 0xFC, 0x10, 0xEC, 0xEF, 0xEB, 0x8B, 0xCA, 0x21, 0x60,
    0x24, 0x89, 0x6D, 0xDB, 0x6D, 0xDB, 0xB1, 0xC3, 0x53, 0xBC, 0x52, 0xC4, 0x34, 0xDD, 0xB5, 0xF5,
    0xB6, 0xF5, 0x75, 0xF5, 0xF4, 0xF4, 0x72, 0xF4, 0xF1, 0xEB, 0xB0, 0xDB, 0x90, 0xD3, 0x91, 0xCB,
    0x34, 0xCC, 0x39, 0xCD, 0x7C, 0xEE, 0xD9, 0xF6, 0xCA, 0x7A, 0xC7, 0x51, 0xC7, 0x51, 0xA7, 0x49,
    0xA7, 0x41, 0xC8, 0x49, 0xA7, 0x41, 0x67, 0x39, 0x46, 0x31, 0x46, 0x31, 0x66, 0x41, 0x86, 0x49,
    0x07, 0x93, 0x48, 0xCC, 0xC7, 0xBB, 0xA8, 0xDC, 0xC8, 0xFD, 0xC7, 0xC3, 0xC5, 0x61, 0x65, 0x41,
    0x05, 0x29, 0xC4, 0x20, 0x84, 0x10, 0x84, 0x08, 0x84, 0x08, 0x84, 0x08, 0x84, 0x08, 0x84, 0x08,
    0x64, 0x08, 0x64, 0x00, 0x64, 0x00, 0x64, 0x00, 0x64, 0x00, 0x64, 0x00, 0x64, 0x00, 0x84, 0x08,
    0x64, 0x08, 0x84, 0x08, 0x84, 0x08, 0x84, 0x08, 0x84, 0x08, 0x84, 0x08, 0x84, 0x08, 0x84, 0x08,
    0x84, 0x08, 0xA4, 0x08, 0xA5, 0x10, 0xE5, 0x20, 0x25, 0x31, 0xA5, 0x59, 0xC5, 0x61, 0x65, 0x49,
    0x45, 0x41, 0x25, 0x31, 0x25, 0x29, 0x66, 0x41, 0x45, 0x41, 0x69, 0x93, 0x4F, 0xC5, 0x27, 0x6A,
    0xA6, 0x49, 0xA7, 0x49, 0xA7, 0x49, 0xE7, 0x51, 0x07, 0x5A, 0xA9, 0x7A, 0xF9, 0xF6, 0x5C, 0xFF,
    0x18, 0xFE, 0x75, 0xFD, 0x34, 0xFD, 0x54, 0xFD, 0x75, 0xFD, 0x95, 0xFD, 0xD6, 0xFD, 0x17, 0xFE,
    0x37, 0xFE, 0x98, 0xFE, 0xB9, 0xFE, 0x98, 0xFE, 0x13, 0xFD, 0x2F, 0xEC, 0xC7, 0xC1, 0x00, 0x58,
    0xC2, 0x68, 0xD2, 0xFC, 0x0F, 0xEC, 0xCF, 0xE3, 0x6A, 0xBA, 0x00, 0x38, 0x00, 0x50, 0x2C, 0xDB,
    0xEE, 0xE3, 0x2E, 0xC3, 0x71, 0xA3, 0x6F, 0xAB, 0xCF, 0xBB, 0xB2, 0xDC, 0x13, 0xE5, 0xF3, 0xEC,
    0x92, 0xEC, 0x31, 0xE4, 0xB0, 0xDB, 0x4F, 0xD3, 0x2F, 0xC3, 0x30, 0xBB, 0xB3, 0xBB, 0xB7, 0xC4,
    0x3C, 0xE6, 0x3B, 0xFF, 0x6C, 0x8B, 0xE7, 0x59, 0xE7, 0x51, 0xA7, 0x49, 0xA7, 0x49, 0x87, 0x41,
    0x46, 0x39, 0x48, 0x62, 0x86, 0x41, 0x46, 0x31, 0x25, 0x31, 0x45, 0x39, 0x86, 0x49, 0xC6, 0x61,
    0x06, 0x72, 0x46, 0x7A, 0xA7, 0xBB, 0xA6, 0x8A, 0x45, 0x49, 0x25, 0x31, 0xE5, 0x20, 0xA4, 0x18,
    0x86, 0x39, 0xC5, 0x18, 0x64, 0x08, 0x84, 0x08, 0x84, 0x08, 0x84, 0x08, 0x84, 0x08, 0x64, 0x08,
    0x64, 0x08, 0x64, 0x00, 0x64, 0x00, 0x64, 0x00, 0x64, 0x08, 0x84, 0x08, 0x84, 0x08, 0x84, 0x08,
    0x84, 0x08, 0x84, 0x08, 0x84, 0x08, 0x84, 0x08, 0x84, 0x08, 0x84, 0x08, 0x84, 0x08, 0x84, 0x08,
    0xA5, 0x10, 0xC5, 0x18, 0xE5, 0x20, 0x05, 0x29, 0x05, 0x29, 0x25, 0x31, 0x05, 0x29, 0x05, 0x29,
    0x05, 0x21, 0x46, 0x31, 0xC7, 0x49, 0x86, 0x49, 0xE6, 0x59, 0x66, 0x41, 0xA6, 0x49, 0x86, 0x41,
    0xC7, 0x49, 0xE7, 0x59, 0x07, 0x62, 0x8C, 0x93, 0x7B, 0xFF, 0xFB, 0xFE, 0xB6, 0xFD, 0x34, 0xFD,
    0x13, 0xFD, 0x34, 0xFD, 0x54, 0xFD, 0x75, 0xFD, 0x95, 0xFD, 0x75, 0xFD, 0x74, 0xF5, 0xD5, 0xF5,
    0x57, 0xFE, 0x16, 0xFE, 0x91, 0xF4, 0x0F, 0xEC, 0xE8, 0xC1, 0x41, 0x80, 0xCB, 0xBA, 0xF2, 0xFC,
    0xAE, 0xE3, 0x8D, 0xDB, 0x2D, 0xCB, 0x25, 0x89, 0x45, 0x91, 0x71, 0xF4, 0x0F, 0xEC, 0xCC, 0xC2,
    0xAE, 0x9A, 0xCD, 0x92, 0x8B, 0x92, 0xEB, 0xAA, 0xEF, 0xCB, 0x50, 0xD4, 0x31, 0xDC, 0xD0, 0xD3,
    0x6F, 0xCB, 0x0E, 0xC3, 0xCE, 0xB2, 0xEF, 0xB2, 0x72, 0xB3, 0x97, 0xC4, 0xFB, 0xDD, 0x3C, 0xFF,
    0x0E, 0xA4, 0x07, 0x5A, 0x68, 0x6A, 0x68, 0x6A, 0xA6, 0x49, 0x87, 0x41, 0xA7, 0x49, 0x87, 0x41,
    0x87, 0x39, 0x66, 0x39, 0x48, 0x62, 0xE8, 0x49, 0x45, 0x39, 0x86, 0x49, 0x86, 0x49, 0x86, 0x49,
    0x65, 0x49, 0x45, 0x41, 0x25, 0x31, 0xE5, 0x28, 0xC5, 0x20, 0xA4, 0x10, 0x45, 0x31, 0xC5, 0x10,
    0x84, 0x08, 0x84, 0x08, 0x84, 0x08, 0x84, 0x08, 0x84, 0x08, 0x84, 0x08, 0x84, 0x08, 0x64, 0x00,
    0x64, 0x00, 0x84, 0x08, 0x64, 0x08, 0x84, 0x08, 0x84, 0x08, 0x84, 0x08, 0x84, 0x08, 0x84, 0x08,
    0x84, 0x08, 0x84, 0x08, 0xC4, 0x20, 0xE4, 0x28, 0xA4, 0x10, 0xA4, 0x08, 0xA5, 0x10, 0xC5, 0x10,
    0xC5, 0x18, 0xC5, 0x18, 0xE5, 0x20, 0xE5, 0x20, 0xE5, 0x20, 0xE5, 0x20, 0x26, 0x29, 0xC7, 0x41,
    0xA7, 0x41, 0x46, 0x39, 0x86, 0x41, 0x86, 0x41, 0x86, 0x41, 0x68, 0x6A, 0x27, 0x5A, 0x07, 0x5A,
    0x07, 0x62, 0x2E, 0xAC, 0xBC, 0xFF, 0xBA, 0xFE, 0x96, 0xFD, 0xF3, 0xFC, 0xD2, 0xFC, 0x13, 0xFD,
    0x13, 0xFD, 0x13, 0xF5, 0xF3, 0xF4, 0x91, 0xEC, 0xCE, 0xDB, 0xEE, 0xD3, 0xD5, 0xF5, 0xF6, 0xFD,
    0x50, 0xF4, 0x30, 0xF4, 0xEF, 0xEB, 0xD3, 0xF4, 0xB5, 0xFD, 0x30, 0xEC, 0x6D, 0xDB, 0x2C, 0xD3,
    0x2D, 0xD3, 0x6E, 0xD3, 0xB3, 0xEC, 0x14, 0xF5, 0x6D, 0xDB, 0x29, 0xAA, 0x4C, 0x8A, 0x8C, 0x8A,
    0x25, 0x69, 0xE4, 0x70, 0x8A, 0xA2, 0x8E, 0xBB, 0xCF, 0xCB, 0x8E, 0xC3, 0x0D, 0xBB, 0xCD, 0xB2,
    0xAD, 0xAA, 0xAE, 0xA2, 0x52, 0xAB, 0x77, 0xBC, 0xDB, 0xD5, 0x3C, 0xFF, 0x0E, 0xA4, 0x07, 0x5A,
    0x68, 0x6A, 0x68, 0x6A, 0xA7, 0x49, 0xC7, 0x51, 0x07, 0x62, 0x28, 0x6A, 0xE7, 0x59, 0x66, 0x39,
    0x86, 0x41, 0x87, 0x39, 0x46, 0x31, 0x25, 0x31, 0x25, 0x31, 0x25, 0x31, 0x25, 0x31, 0x05, 0x29,
    0xE5, 0x28, 0xC5, 0x20, 0xC5, 0x18, 0xA5, 0x10, 0x84, 0x08, 0x84, 0x08, 0x84, 0x08, 0x84, 0x08,
    0x84, 0x08, 0x84, 0x08, 0x84, 0x08, 0x84, 0x08, 0x84, 0x08, 0x64, 0x00, 0x64, 0x00, 0x84, 0x08,
    0x84, 0x08, 0x84, 0x08, 0x84, 0x08, 0x84, 0x08, 0x84, 0x08, 0x84, 0x08, 0x84, 0x08, 0x44, 0x08,
    0x47, 0x62, 0x08, 0x83, 0x64, 0x10, 0xA5, 0x10, 0xA5, 0x10, 0xA5, 0x10, 0xC5, 0x10, 0xC5, 0x18,
    0xC5, 0x18, 0xE5, 0x18, 0xE5, 0x20, 0xE5, 0x18, 0x87, 0x39, 0x46, 0x31, 0x26, 0x31, 0x66, 0x39,
    0x66, 0x39, 0xA6, 0x49, 0x86, 0x49, 0xC9, 0x72, 0x48, 0x6A, 0x27, 0x62, 0x27, 0x6A, 0x2E, 0xAC,
    0x9B, 0xFF, 0xBA, 0xFE, 0x75, 0xFD, 0xF3, 0xFC, 0xD2, 0xFC, 0xB2, 0xF4, 0xD2, 0xF4, 0xB2, 0xEC,
    0x70, 0xE4, 0xAD, 0xD3, 0x48, 0xB2, 0xE3, 0x90, 0x6C, 0xBB, 0xF6, 0xF5, 0x50, 0xEC, 0xAE, 0xEB,
    0x30, 0xF4, 0xD2, 0xF4, 0x50, 0xEC, 0xAE, 0xDB, 0x2C, 0xD3, 0x0C, 0xCB, 0x0C, 0xCB, 0x4D, 0xD3,
    0xCF, 0xDB, 0xAE, 0xDB, 0xAA, 0xC2, 0xA8, 0x89, 0x2B, 0x7A, 0x88, 0x69, 0xE5, 0x58, 0x05, 0x69,
    0x29, 0x92, 0x2C, 0xB3, 0x6D, 0xBB, 0x4D, 0xB3, 0xEC, 0xAA, 0x8C, 0xA2, 0x8D, 0x9A, 0x8E, 0x92,
    0x52, 0xA3, 0x57, 0xB4, 0xDA, 0xDD, 0x3A, 0xFF, 0xCD, 0x9B, 0x27, 0x62, 0x07, 0x5A, 0xC7, 0x51,
    0xA7, 0x49, 0xE7, 0x59, 0x68, 0x7A, 0x50, 0xAC, 0x91, 0xAC, 0xE7, 0x51, 0x46, 0x39, 0xE8, 0x49,
    0x66, 0x31, 0xE5, 0x20, 0x05, 0x29, 0x05, 0x29, 0xE5, 0x20, 0xE5, 0x20, 0xC5, 0x18, 0xC5, 0x18,
    0xA5, 0x10, 0xA5, 0x10, 0xA4, 0x08, 0x84, 0x08, 0x84, 0x08, 0x84, 0x08, 0x84, 0x08, 0x84, 0x08,
    0x84, 0x08, 0x84, 0x08, 0x84, 0x08, 0x64, 0x00, 0x64, 0x00, 0x84, 0x08, 0x84, 0x08, 0x84, 0x08,
    0x84, 0x08, 0x84, 0x08, 0x84, 0x08, 0x84, 0x08, 0x84, 0x08, 0x84, 0x08, 0xC4, 0x20, 0xE4, 0x28,
    0xA4, 0x10, 0xA4, 0x08, 0xA5, 0x10, 0x05, 0x29, 0xC5, 0x18, 0xC5, 0x10, 0xC5, 0x18, 0xC5, 0x18,
    0xE5, 0x20, 0x05, 0x21, 0x05, 0x21, 0xE8, 0x49, 0x86, 0x41, 0x66, 0x39, 0x86, 0x41, 0xA6, 0x49,
    0xC7, 0x51, 0xC6, 0x51, 0x27, 0x62, 0x67, 0x6A, 0x47, 0x6A, 0x6A, 0x9B, 0x59, 0xFF, 0xDA, 0xFE,
    0x95, 0xFD, 0xF2, 0xF4, 0xB1, 0xF4, 0x90, 0xF4, 0x91, 0xEC, 0x70, 0xE4, 0xEE, 0xD3, 0x2B, 0xC3,
    0x48, 0xAA, 0x48, 0xAA, 0xCE, 0xCB, 0xB1, 0xDC, 0xEE, 0xDB, 0xCA, 0xD2, 0x6D, 0xE3, 0x8D, 0xE3,
    0x4C, 0xDB, 0xEB, 0xD2, 0x8A, 0xCA, 0x8A, 0xCA, 0xAB, 0xCA, 0xAB, 0xCA, 0x8B, 0xC2, 0x29, 0xBA,
    0x46, 0x99, 0x47, 0x69, 0x26, 0x59, 0x26, 0x59, 0x87, 0x69, 0xE8, 0x79, 0xCB, 0x9A, 0x2C, 0xAB,
    0x4C, 0xB3, 0x0C, 0xAB, 0xCC, 0xA2, 0x6B, 0x92, 0x6C, 0x92, 0x8E, 0x8A, 0x72, 0x9B, 0x77, 0xB4,
    0x1B, 0xE6, 0xD8, 0xF6, 0x2A, 0x8B, 0x48, 0x6A, 0x28, 0x62, 0x07, 0x5A, 0xC7, 0x51, 0xC7, 0x51,
    0xA9, 0x7A, 0xD6, 0xD5, 0x79, 0xE6, 0x49, 0x6A, 0x28, 0x62, 0x28, 0x5A, 0x25, 0x31, 0x46, 0x29,
    0xE5, 0x20, 0xE5, 0x20, 0xE5, 0x20, 0xC5, 0x18, 0xC5, 0x18, 0xC4, 0x18, 0xA4, 0x18, 0xA5, 0x10,
    0x84, 0x08, 0x84, 0x08, 0x84, 0x08, 0x84, 0x08, 0x64, 0x08, 0x84, 0x08, 0x84, 0x08, 0x84, 0x08,
    0x84, 0x08, 0x64, 0x00, 0x64, 0x08, 0x84, 0x08, 0x84, 0x08, 0x84, 0x08, 0x84, 0x08, 0x84, 0x08,
    0x84, 0x08, 0x84, 0x08, 0x84, 0x08, 0x84, 0x08, 0x84, 0x08, 0x84, 0x08, 0xA4, 0x08, 0x84, 0x08,
    0xE5, 0x20, 0x67, 0x7A, 0x25, 0x31, 0xC5, 0x10, 0xC5, 0x18, 0xE5, 0x20, 0xE5, 0x20, 0x05, 0x21,
    0x06, 0x29, 0x87, 0x41, 0x46, 0x31, 0x46, 0x39, 0x86, 0x41, 0xA6, 0x49, 0xE7, 0x51, 0x07, 0x5A,
    0x07, 0x62, 0xE9, 0x82, 0xAB, 0x9B, 0x6A, 0x9B, 0x97, 0xEE, 0x3C, 0xFF, 0x95, 0xFD, 0x11, 0xF5,
    0xB0, 0xF4, 0x90, 0xEC, 0x6F, 0xE4, 0x2E, 0xDC, 0xCD, 0xD3, 0x6C, 0xC3, 0x2B, 0xBB, 0x2F, 0xD4,
    0x74, 0xED, 0x74, 0xED, 0xEF, 0xD3, 0x27, 0xAA, 0x85, 0x91, 0xC7, 0xA1, 0x86, 0xA1, 0x66, 0x91,
    0x05, 0x81, 0x04, 0x79, 0x25, 0x81, 0x04, 0x81, 0xC4, 0x70, 0x62, 0x48, 0x42, 0x38, 0xA4, 0x48,
    0x47, 0x61, 0xA8, 0x69, 0xA8, 0x69, 0x29, 0x82, 0xEB, 0x9A, 0x2C, 0xAB, 0x0C, 0xAB, 0xCB, 0xA2,
    0x6B, 0x92, 0x4B, 0x8A, 0x4C, 0x82, 0xAF, 0x8A, 0x72, 0x9B, 0xB7, 0xB4, 0x9B, 0xEE, 0x15, 0xE6,
    0xA8, 0x82, 0x68, 0x72, 0x28, 0x6A, 0xE7, 0x59, 0xC7, 0x51, 0xC7, 0x51, 0xC7, 0x51, 0x89, 0x7A,
    0xAA, 0x7A, 0x66, 0x41, 0x69, 0x62, 0x89, 0x62, 0x46, 0x31, 0x05, 0x29, 0xE5, 0x18, 0xE5, 0x18,
    0xC5, 0x18, 0xC5, 0x18, 0x84, 0x10, 0xC9, 0x6A, 0x48, 0x52, 0x64, 0x08, 0xA5, 0x08, 0x84, 0x08,
    0x84, 0x08, 0x84, 0x08, 0x84, 0x08, 0x84, 0x08, 0x84, 0x08, 0x84, 0x08, 0x84, 0x08, 0x64, 0x00,
    0x64, 0x08, 0x84, 0x08, 0x84, 0x08, 0x84, 0x08, 0x84, 0x08, 0x84, 0x08, 0x84, 0x08, 0x84, 0x08,
    0x84, 0x08, 0x84, 0x08, 0x84, 0x08, 0x84, 0x08, 0x84, 0x08, 0xA5, 0x08, 0xA5, 0x10, 0x25, 0x29,
    0x05, 0x21, 0xC5, 0x18, 0xE5, 0x18, 0xE5, 0x18, 0x26, 0x29, 0x26, 0x31, 0x05, 0x29, 0x06, 0x29,
    0x66, 0x39, 0x86, 0x41, 0x86, 0x41, 0xA6, 0x49, 0xE7, 0x59, 0x27, 0x6A, 0xED, 0xB4, 0xAC, 0xEE,
    0x0C, 0xFF, 0xAC, 0xEE, 0xAD, 0xF6, 0xB1, 0xFE, 0xD5, 0xFD, 0x13, 0xF5, 0xD0, 0xF4, 0x8F, 0xEC,
    0x4E, 0xE4, 0x0E, 0xDC, 0xCD, 0xCB, 0xAD, 0xCB, 0xEE, 0xCB, 0xD1, 0xDC, 0x74, 0xED, 0xF5, 0xF5,
    0x94, 0xED, 0x2F, 0xDC, 0x65, 0x71, 0x00, 0x08, 0x00, 0x18, 0x00, 0x30, 0x00, 0x20, 0x00, 0x18,
    0x00, 0x20, 0x00, 0x20, 0x00, 0x08, 0x00, 0x08, 0xA4, 0x48, 0x68, 0x69, 0xC9, 0x69, 0xA8, 0x69,
    0xA8, 0x69, 0x09, 0x7A, 0xAB, 0x92, 0x0C, 0xA3, 0xEB, 0xA2, 0xAB, 0x9A, 0x4A, 0x8A, 0x2B, 0x82,
    0x4C, 0x82, 0x10, 0x8B, 0xF4, 0xA3, 0x18, 0xC5, 0x1B, 0xFF, 0x10, 0xCD, 0x88, 0x82, 0xC8, 0x82,
    0x68, 0x72, 0x09, 0x83, 0x27, 0x62, 0xA7, 0x49, 0xA7, 0x49, 0xC7, 0x49, 0xA7, 0x49, 0x66, 0x41,
    0xC7, 0x49, 0xE5, 0x28, 0x06, 0x21, 0xE5, 0x18, 0xE5, 0x20, 0xC5, 0x18, 0x05, 0x29, 0x66, 0x31,
    0xC5, 0x18, 0x66, 0x31, 0x25, 0x29, 0xA4, 0x10, 0xA5, 0x10, 0x84, 0x08, 0x84, 0x08, 0x84, 0x08,
    0x84, 0x08, 0x84, 0x08, 0x84, 0x08, 0x84, 0x08, 0x84, 0x08, 0x64, 0x08, 0x64, 0x08, 0x84, 0x08,
    0x84, 0x08, 0x84, 0x08, 0x84, 0x08, 0x84, 0x08, 0x84, 0x08, 0x84, 0x08, 0x84, 0x08, 0x84, 0x08,
    0x84, 0x08, 0x84, 0x08, 0xA4, 0x08, 0xA5, 0x08, 0xA5, 0x10, 0xC5, 0x10, 0xA5, 0x10, 0xC5, 0x18,
    0xE5, 0x18, 0x05, 0x21, 0x89, 0x6A, 0x86, 0x41, 0xE5, 0x20, 0x46, 0x31, 0x07, 0x62, 0x27, 0x6A,
    0xC7, 0x51, 0xC6, 0x49, 0xE7, 0x59, 0xA8, 0x72, 0xCE, 0xEE, 0x08, 0xFF, 0x86, 0xF6, 0xA8, 0xFE,
    0x87, 0xFE, 0x66, 0xF6, 0x49, 0xF6, 0x6D, 0xF5, 0x8F, 0xEC, 0x6E, 0xE4, 0x6D, 0xE4, 0x2D, 0xDC,
    0x0D, 0xD4, 0xEE, 0xCB, 0x4F, 0xD4, 0xF1, 0xE4, 0x74, 0xED, 0xD5, 0xF5, 0xB5, 0xED, 0x53, 0xED,
    0x50, 0xEC, 0xAA, 0xA2, 0xE3, 0x58, 0x62, 0x60, 0x42, 0x60, 0x21, 0x58, 0x21, 0x50, 0x21, 0x48,
    0x83, 0x50, 0x06, 0x69, 0x88, 0x71, 0xA9, 0x69, 0xC9, 0x71, 0xC9, 0x69, 0xC9, 0x71, 0x29, 0x7A,
    0x6A, 0x8A, 0xAB, 0x92, 0xAA, 0x92, 0x8A, 0x92, 0x4A, 0x82, 0x2B, 0x82, 0x6D, 0x82, 0x51, 0x93,
    0x96, 0xB4, 0x19, 0xE6, 0xB7, 0xFE, 0xEB, 0xAB, 0xA8, 0x82, 0xCA, 0xA3, 0x49, 0x93, 0x88, 0x7A,
    0x07, 0x62, 0x28, 0x62, 0x07, 0x52, 0x86, 0x41, 0x66, 0x41, 0x46, 0x31, 0x05, 0x29, 0x69, 0x5A,
    0x66, 0x31, 0xE5, 0x20, 0xE5, 0x20, 0xA5, 0x18, 0x66, 0x39, 0x68, 0x5A, 0xA5, 0x10, 0xC5, 0x18,
    0xA5, 0x18, 0xC5, 0x18, 0xC5, 0x18, 0xA5, 0x18, 0xA4, 0x10, 0x84, 0x08, 0x84, 0x08, 0x84, 0x08,
    0x84, 0x08, 0x84, 0x08, 0x84, 0x08, 0x64, 0x00, 0x84, 0x08, 0x84, 0x08, 0x84, 0x08, 0x84, 0x08,
    0x84, 0x08, 0x84, 0x08, 0x84, 0x08, 0x84, 0x08, 0x84, 0x08, 0x84, 0x08, 0x84, 0x08, 0xA4, 0x08,
    0xA5, 0x10, 0xA5, 0x10, 0xC5, 0x18, 0xE5, 0x20, 0x26, 0x29, 0xE5, 0x18, 0xE5, 0x18, 0x25, 0x29,
    0xA7, 0x49, 0xC7, 0x49, 0x26, 0x31, 0x66, 0x39, 0x27, 0x6A, 0x27, 0x6A, 0xE7, 0x59, 0xC7, 0x51,
    0xE6, 0x59, 0x69, 0x8B, 0x89, 0xF6, 0x68, 0xF6, 0x46, 0xF6, 0x67, 0xF6, 0x88, 0xF6, 0x68, 0xF6,
    0x46, 0xF6, 0xE5, 0xF5, 0x25, 0xF5, 0x29, 0xE4, 0xEC, 0xDB, 0x2D, 0xDC, 0x2D, 0xD4, 0x0D, 0xCC,
    0x4F, 0xD4, 0xD1, 0xDC, 0x73, 0xED, 0x94, 0xED, 0x73, 0xED, 0x53, 0xE5, 0xF1, 0xDC, 0x90, 0xE4,
    0xEE, 0xDB, 0xEB, 0xBA, 0x29, 0xAA, 0x08, 0xA2, 0xE8, 0x99, 0xA7, 0x91, 0x87, 0x89, 0xA8, 0x79,
    0xC9, 0x71, 0xC9, 0x71, 0xC9, 0x71, 0xC8, 0x71, 0xE9, 0x71, 0x29, 0x7A, 0x49, 0x8A, 0x69, 0x8A,
    0x69, 0x8A, 0x49, 0x8A, 0x4A, 0x82, 0x4B, 0x82, 0xCE, 0x8A, 0xB3, 0xA3, 0xF7, 0xCC, 0xF9, 0xFE,
    0x0F, 0xD5, 0x28, 0x9B, 0x08, 0x93, 0xA8, 0x82, 0x67, 0x7A, 0x47, 0x72, 0x07, 0x62, 0x48, 0x62,
    0xE7, 0x59, 0x66, 0x41, 0xC7, 0x49, 0xE7, 0x51, 0x26, 0x31, 0xA7, 0x41, 0x49, 0x52, 0xE5, 0x20,
    0xE5, 0x20, 0xE5, 0x18, 0xC5, 0x18, 0xA5, 0x18, 0xE5, 0x18, 0xE5, 0x18, 0xE5, 0x20, 0x25, 0x31,
    0x05, 0x31, 0xE5, 0x20, 0xC4, 0x18, 0xA4, 0x08, 0x84, 0x08, 0x84, 0x08, 0x84, 0x08, 0x84, 0x08,
    0x84, 0x08, 0x84, 0x00, 0x84, 0x08, 0x84, 0x08, 0x84, 0x08, 0x84, 0x08, 0x84, 0x08, 0x84, 0x08,
    0x84, 0x08, 0x84, 0x08, 0x84, 0x08, 0x84, 0x08, 0xA4, 0x08, 0xA5, 0x10, 0xC5, 0x18, 0xC5, 0x20,
    0xC5, 0x20, 0x25, 0x31, 0x28, 0x5A, 0xE5, 0x20, 0x05, 0x29, 0x05, 0x29, 0x46, 0x31, 0xCA, 0x72,
    0x48, 0x62, 0x66, 0x39, 0xA6, 0x51, 0xC9, 0x7A, 0xC7, 0x51, 0xC7, 0x51, 0xE7, 0x59, 0xE7, 0x7A,
    0x29, 0xF6, 0x47, 0xF6, 0x68, 0xF6, 0x27, 0xF6, 0x89, 0xF6, 0x48, 0xF6, 0x27, 0xF6, 0x05, 0xF6,
    0xC4, 0xF5, 0x23, 0xED, 0x47, 0xDC, 0x8B, 0xC3, 0xCC, 0xCB, 0xEC, 0xCB, 0x2E, 0xD4, 0xB0, 0xDC,
    0x11, 0xE5, 0x32, 0xE5, 0x52, 0xE5, 0x12, 0xE5, 0xF1, 0xDC, 0x90, 0xD4, 0xCD, 0xCB, 0x4C, 0xCB,
    0x2B, 0xCB, 0xEB, 0xC2, 0x69, 0xB2, 0xE8, 0x99, 0xC8, 0x89, 0xC9, 0x81, 0xE9, 0x79, 0xC8, 0x79,
    0xC8, 0x71, 0xC8, 0x71, 0xE8, 0x71, 0x08, 0x7A, 0x08, 0x82, 0x08, 0x82, 0x08, 0x82, 0x09, 0x82,
    0x29, 0x82, 0x8C, 0x8A, 0x71, 0x9B, 0x55, 0xBC, 0x38, 0xF6, 0x34, 0xEE, 0xAA, 0xAB, 0x49, 0x9B,
    0x08, 0x93, 0xC8, 0x8A, 0xC8, 0x8A, 0xE8, 0x82, 0x27, 0x62, 0xC7, 0x51, 0xA7, 0x49, 0x86, 0x41,
    0x86, 0x41, 0xC7, 0x51, 0xA6, 0x41, 0x26, 0x31, 0x26, 0x29, 0x05, 0x21, 0x05, 0x21, 0x05, 0x21,
    0xE5, 0x20, 0xE5, 0x18, 0xE5, 0x18, 0xE5, 0x20, 0x85, 0x49, 0xE8, 0x9A, 0x87, 0x82, 0x25, 0x39,
    0xE4, 0x20, 0xA4, 0x10, 0x84, 0x08, 0x84, 0x08, 0x84, 0x08, 0x84, 0x08, 0x84, 0x08, 0x84, 0x08,
    0x84, 0x08, 0x84, 0x08, 0x84, 0x08, 0x84, 0x08, 0x84, 0x08, 0x84, 0x08, 0x84, 0x08, 0x84, 0x08,
    0x84, 0x08, 0x84, 0x08, 0xA5, 0x10, 0xC5, 0x18, 0xE5, 0x28, 0x05, 0x31, 0x25, 0x39, 0x25, 0x39,
    0xE5, 0x30, 0x05, 0x31, 0x05, 0x31, 0x85, 0x49, 0x05, 0x62, 0xC7, 0x49, 0x07, 0x5A, 0xA7, 0x49,
    0x46, 0x31, 0x86, 0x41, 0x86, 0x49, 0xC7, 0x51, 0x07, 0x62, 0x47, 0x6A, 0xE6, 0xD4, 0x26, 0xF6,
    0x26, 0xF6, 0x89, 0xFE, 0x06, 0xF6, 0x88, 0xFE, 0xE5, 0xF5, 0xC5, 0xF5, 0xC5, 0xF5, 0x85, 0xF5,
    0xA5, 0xF5, 0x44, 0xDC, 0xE7, 0xB2, 0x4A, 0xBB, 0xEC, 0xCB, 0x0D, 0xCC, 0x6F, 0xDC, 0xD0, 0xDC,
    0xD1, 0xDC, 0xB0, 0xD4, 0x6F, 0xD4, 0x2E, 0xCC, 0xCD, 0xC3, 0x6C, 0xBB, 0xCA, 0xAA, 0x48, 0xA2,
    0x08, 0x9A, 0x08, 0x9A, 0xC8, 0x91, 0xA7, 0x89, 0xA7, 0x81, 0xA8, 0x79, 0xA8, 0x71, 0xA8, 0x71,
    0xC7, 0x71, 0xE8, 0x79, 0xC7, 0x79, 0xC7, 0x79, 0xA8, 0x79, 0xC9, 0x81, 0x4B, 0x8A, 0x0F, 0xA3,
    0x54, 0xC4, 0xF7, 0xED, 0x54, 0xF6, 0x2B, 0xBC, 0xA9, 0xAB, 0x69, 0xA3, 0x08, 0x93, 0xE8, 0x8A,
    0xA8, 0x82, 0x67, 0x7A, 0x27, 0x6A, 0xE7, 0x59, 0xC7, 0x51, 0xA6, 0x49, 0x45, 0x39, 0x09, 0x7B,
    0xA9, 0x6A, 0xE5, 0x28, 0x06, 0x29, 0x05, 0x29, 0x26, 0x31, 0x25, 0x31, 0x25, 0x29, 0xE5, 0x20,
    0xE5, 0x20, 0xE5, 0x20, 0x67, 0x82, 0x68, 0xB3, 0x48, 0xAB, 0x85, 0x51, 0xC4, 0x20, 0xC4, 0x18,
    0x84, 0x08, 0x84, 0x08, 0x84, 0x08, 0x84, 0x08, 0x84, 0x08, 0x64, 0x08, 0x84, 0x08, 0x84, 0x08,
    0x84, 0x08, 0x84, 0x08, 0x84, 0x08, 0x84, 0x08, 0x84, 0x08, 0x84, 0x08, 0x84, 0x08, 0xA4, 0x10,
    0xA5, 0x18, 0xE5, 0x28, 0x25, 0x39, 0x45, 0x49, 0x45, 0x59, 0x65, 0x59, 0x65, 0x49, 0x25, 0x41,
    0x65, 0x49, 0x4C, 0xAC, 0x32, 0xDE, 0x06, 0x62, 0x46, 0x39, 0x46, 0x31, 0x66, 0x39, 0x66, 0x41,
    0x27, 0x5A, 0x07, 0x5A, 0x27, 0x62, 0x27, 0x6A, 0xA6, 0xA3, 0xE5, 0xF5, 0xE6, 0xED, 0x06, 0xF6,
    0x88, 0xFE, 0x64, 0xED, 0x68, 0xF6, 0xE5, 0xF5, 0xA5, 0xF5, 0xE5, 0xF5, 0x65, 0xED, 0xA5, 0xF5,
    0x22, 0xDC, 0x85, 0xA2, 0xA8, 0xAA, 0xAA, 0xC3, 0xCB, 0xC3, 0x0D, 0xCC, 0x0D, 0xCC, 0xED, 0xCB,
    0xAC, 0xC3, 0x8B, 0xBB, 0x4B, 0xBB, 0x0A, 0xB3, 0xC9, 0xAA, 0x48, 0xA2, 0xE7, 0xA1, 0xA6, 0xA1,
    0x85, 0xA1, 0x66, 0x91, 0x66, 0x79, 0x67, 0x69, 0x67, 0x61, 0x67, 0x61, 0x86, 0x69, 0xA5, 0x69,
    0x86, 0x71, 0x87, 0x79, 0x27, 0x7A, 0x47, 0x73, 0xA6, 0x6B, 0xA7, 0x73, 0xCF, 0xAC, 0x96, 0xF6,
    0xCD, 0xD4, 0xE9, 0xB3, 0xCA, 0xB3, 0x69, 0xA3, 0x89, 0xAB, 0xAB, 0xD4, 0x6A, 0xCC, 0xE8, 0x92,
    0x67, 0x7A, 0x07, 0x62, 0xC7, 0x51, 0xA6, 0x49, 0x86, 0x41, 0x66, 0x41, 0x66, 0x39, 0x46, 0x31,
    0x26, 0x31, 0x46, 0x39, 0x66, 0x41, 0x26, 0x39, 0x05, 0x29, 0xE5, 0x20, 0xE5, 0x20, 0xE5, 0x20,
    0xA6, 0x51, 0xE8, 0x9A, 0x87, 0x8A, 0x25, 0x39, 0xE5, 0x20, 0xA4, 0x10, 0x84, 0x08, 0x84, 0x08,
    0x84, 0x08, 0x84, 0x08, 0x84, 0x08, 0x84, 0x08, 0x84, 0x08, 0x84, 0x08, 0x84, 0x08, 0x84, 0x08,
    0x84, 0x08, 0x84, 0x08, 0x84, 0x08, 0x84, 0x08, 0x84, 0x08, 0xA5, 0x10, 0xC5, 0x20, 0x05, 0x39,
    0x45, 0x51, 0xA6, 0x92, 0xCA, 0xDC, 0xA8, 0xBB, 0xA5, 0x69, 0x65, 0x49, 0x45, 0x49, 0x49, 0x8B,
    0xAD, 0xB4, 0xA6, 0x51, 0x66, 0x39, 0x66, 0x39, 0x86, 0x41, 0xA6, 0x49, 0x07, 0x62, 0x06, 0x62,
    0x27, 0x62, 0x27, 0x6A, 0xA7, 0x7A, 0xE5, 0xDC, 0x84, 0xED, 0xC5, 0xF5, 0x84, 0xF5, 0x68, 0xF6,
    0x43, 0xED, 0xA9, 0xFE, 0xC6, 0xF5, 0xA6, 0xF5, 0xE6, 0xF5, 0x03, 0xED, 0x64, 0xF5, 0x01, 0xD4,
    0x23, 0x9A, 0xA8, 0xB3, 0xE9, 0xBB, 0x87, 0xA2, 0x4A, 0xB3, 0x4A, 0xBB, 0x4A, 0xBB, 0x09, 0xB3,
    0xA8, 0xAA, 0x67, 0xA2, 0x26, 0xA2, 0xE6, 0xA9, 0xA5, 0xA1, 0x64, 0xA1, 0x24, 0x89, 0xE4, 0x68,
    0xA4, 0x58, 0xA4, 0x50, 0xA4, 0x50, 0xA4, 0x58, 0xE5, 0x58, 0xE2, 0x50, 0x04, 0x59, 0x27, 0x72,
    0xA9, 0x7C, 0x87, 0x74, 0x24, 0x5C, 0xA2, 0x4B, 0x42, 0x43, 0xC7, 0x6B, 0x6B, 0xB4, 0x2B, 0xBC,
    0xE9, 0xB3, 0x69, 0xA3, 0xAB, 0xD4, 0xAD, 0xFD, 0xAD, 0xFD, 0xEA, 0xBB, 0x67, 0x82, 0x47, 0x72,
    0xC7, 0x51, 0xA6, 0x49, 0x66, 0x41, 0x66, 0x41, 0x86, 0x41, 0xE7, 0x59, 0x07, 0x62, 0x27, 0x62,
    0x27, 0x6A, 0xC6, 0x51, 0x65, 0x39, 0x05, 0x29, 0xE5, 0x20, 0xE5, 0x20, 0xE5, 0x28, 0x25, 0x39,
    0x05, 0x31, 0xE5, 0x20, 0xC5, 0x18, 0xA5, 0x10, 0x84, 0x08, 0x84, 0x08, 0x84, 0x08, 0x84, 0x08,
    0x84, 0x08, 0x84, 0x08, 0x84, 0x08, 0x84, 0x08, 0x84, 0x08, 0x84, 0x08, 0x85, 0x08, 0x85, 0x08,
    0x84, 0x08, 0x84, 0x08, 0x85, 0x08, 0xA5, 0x10, 0xE5, 0x20, 0x05, 0x39, 0xE5, 0x79, 0x2E, 0xFE,
    0xF5, 0xFF, 0x52, 0xFF, 0x48, 0xB3, 0x65, 0x51, 0x45, 0x41, 0x45, 0x41, 0x85, 0x49, 0x46, 0x31,
    0x66, 0x39, 0x66, 0x39, 0xA6, 0x49, 0xE6, 0x59, 0x69, 0x9B, 0x69, 0x9B, 0x06, 0x62, 0x27, 0x6A,
    0x27, 0x6A, 0x86, 0xAB, 0x24, 0xED, 0x24, 0xE5, 0x64, 0xED, 0xA5, 0xF5, 0x69, 0xF6, 0x24, 0xED,
    0x8A, 0xFE, 0x84, 0xF5, 0x65, 0xED, 0xC5, 0xF5, 0xC3, 0xE4, 0x25, 0xED, 0xA3, 0xE4, 0x84, 0xBB,
    0x48, 0xBC, 0x63, 0x79, 0xE6, 0x89, 0x67, 0x9A, 0xA8, 0xA2, 0x87, 0xA2, 0x46, 0xA2, 0x06, 0x9A,
    0xE5, 0x99, 0xA4, 0x99, 0x64, 0x99, 0x03, 0x79, 0x82, 0x70, 0x83, 0xA0, 0xC3, 0xB8, 0xE3, 0xB0,
    0xA3, 0x98, 0xE4, 0x80, 0xE3, 0x80, 0xE2, 0x70, 0x03, 0x69, 0x48, 0x84, 0xE7, 0x7C, 0x44, 0x64,
    0x02, 0x5C, 0x03, 0x5C, 0x04, 0x5C, 0xE6, 0x5B, 0x8B, 0xA4, 0x4B, 0xC4, 0xE9, 0xB3, 0x69, 0xA3,
    0x0A, 0xBC, 0x8D, 0xF5, 0x6C, 0xED, 0x48, 0xA3, 0x67, 0x7A, 0x67, 0x7A, 0xC7, 0x59, 0xC6, 0x51,
    0xC7, 0x51, 0xA6, 0x49, 0xE7, 0x59, 0x27, 0x6A, 0xA7, 0x82, 0x07, 0x93, 0x46, 0x72, 0x06, 0x6A,
    0xA6, 0x51, 0x86, 0x49, 0x05, 0x21, 0xC5, 0x18, 0xC5, 0x18, 0xC5, 0x18, 0xC5, 0x18, 0xC5, 0x18,
    0xA5, 0x10, 0x85, 0x08, 0x84, 0x08, 0x84, 0x08, 0x84, 0x08, 0x84, 0x08, 0x84, 0x08, 0x84, 0x08,
    0x84, 0x08, 0x84, 0x08, 0x84, 0x08, 0x85, 0x08, 0x85, 0x08, 0x85, 0x08, 0x85, 0x08, 0x85, 0x08,
    0x85, 0x08, 0xA5, 0x10, 0xE5, 0x28, 0x05, 0x39, 0x25, 0x82, 0xD0, 0xFE, 0xF7, 0xFF, 0xD4, 0xFF,
    0xC8, 0xBB, 0x45, 0x51, 0x45, 0x41, 0x05, 0x31, 0x26, 0x29, 0x26, 0x29, 0x46, 0x31, 0x66, 0x39,
    0xA6, 0x49, 0x85, 0x59, 0xD0, 0xDD, 0xAF, 0xDD, 0xE6, 0x69, 0x27, 0x62, 0x47, 0x6A, 0x87, 0x7A,
    0x24, 0xC4, 0x03, 0xE5, 0x84, 0xED, 0x64, 0xED, 0xC6, 0xF5, 0xE7, 0xF5, 0x24, 0xED, 0x27, 0xF6,
    0x44, 0xED, 0x45, 0xED, 0xE6, 0xF5, 0x44, 0xED, 0x85, 0xF5, 0x22, 0xDC, 0x84, 0xB3, 0x65, 0x8A,
    0xC2, 0x60, 0x84, 0x79, 0xA4, 0x81, 0xC5, 0x89, 0xC5, 0x89, 0xC4, 0x91, 0xA4, 0x89, 0x63, 0x89,
    0x22, 0x71, 0xA2, 0x98, 0x83, 0xC8, 0xE3, 0xD8, 0xC4, 0xE9, 0xE4, 0xE9, 0x24, 0xC9, 0x66, 0x99,
    0xE6, 0x8A, 0x63, 0x8A, 0x42, 0x8A, 0xC4, 0x83, 0x04, 0x6C, 0xC5, 0x74, 0xA5, 0x74, 0xE5, 0x6B,
    0x2B, 0x8C, 0x57, 0xE6, 0x59, 0xFF, 0x8C, 0xC4, 0xC9, 0xAB, 0x89, 0xA3, 0x28, 0x93, 0x89, 0xA3,
    0x48, 0xA3, 0xA7, 0x8A, 0xA7, 0x82, 0x27, 0x6A, 0xC6, 0x51, 0x27, 0x6A, 0x07, 0x62, 0x07, 0x62,
    0x47, 0x6A, 0x86, 0x82, 0x6F, 0xCD, 0xF1, 0xDD, 0xE7, 0x92, 0x06, 0x6A, 0xC6, 0x59, 0xC6, 0x59,
    0x25, 0x39, 0xC5, 0x18, 0xC5, 0x10, 0xA5, 0x10, 0xA5, 0x10, 0xA5, 0x08, 0x85, 0x08, 0x84, 0x08,
    0x84, 0x08, 0x84, 0x08, 0x84, 0x08, 0x84, 0x08, 0x84, 0x08, 0x84, 0x08, 0x84, 0x08, 0x85, 0x08,
    0x85, 0x08, 0x85, 0x08, 0x85, 0x08, 0x85, 0x08, 0x85, 0x08, 0x85, 0x08, 0x85, 0x08, 0xA5, 0x10,
    0xC5, 0x20, 0x25, 0x39, 0x65, 0x59, 0xC8, 0xC3, 0x4E, 0xF6, 0xEB, 0xDC, 0x05, 0x7A, 0x45, 0x49,
    0x25, 0x39, 0x05, 0x29, 0x06, 0x29, 0x06, 0x29, 0x26, 0x31, 0x46, 0x39, 0x86, 0x49, 0xE9, 0x82,
    0xC7, 0x82, 0x67, 0x7A, 0x07, 0x5A, 0x07, 0x62, 0x47, 0x6A, 0x68, 0x72, 0xE7, 0x8A, 0x83, 0xDC,
    0x04, 0xED, 0x65, 0xED, 0xE3, 0xE4, 0xC6, 0xF5, 0x85, 0xED, 0xE3, 0xE4, 0x27, 0xF6, 0x64, 0xED,
    0x66, 0xED, 0xC5, 0xF5, 0xE3, 0xEC, 0xE4, 0xE4, 0x02, 0xD4, 0x84, 0xBB, 0x04, 0x7A, 0x81, 0x50,
    0xE2, 0x60, 0x03, 0x69, 0x23, 0x71, 0x43, 0x79, 0x23, 0x79, 0x03, 0x69, 0xC2, 0x88, 0x83, 0xD8,
    0x04, 0xE1, 0x44, 0xE1, 0xA6, 0xE9, 0xE3, 0xE0, 0x42, 0xD0, 0x43, 0xC0, 0x44, 0xB1, 0xE4, 0x99,
    0xC3, 0xAA, 0xC2, 0xBA, 0x43, 0xA2, 0x05, 0xA2, 0xEE, 0xB3, 0x4F, 0x9B, 0x92, 0xB3, 0x57, 0xDD,
    0x3C, 0xFF, 0xB6, 0xEE, 0xEA, 0xB3, 0x69, 0xA3, 0x08, 0x93, 0xA8, 0x82, 0x67, 0x7A, 0x88, 0x82,
    0x47, 0x72, 0x27, 0x6A, 0xA8, 0x82, 0x47, 0x72, 0xE7, 0x61, 0x27, 0x6A, 0x87, 0x7A, 0xC7, 0x8A,
    0x11, 0xDE, 0x52, 0xE6, 0xE7, 0x92, 0x06, 0x62, 0xC6, 0x59, 0xC6, 0x51, 0x65, 0x41, 0xC5, 0x18,
    0xA5, 0x10, 0xA5, 0x08, 0x85, 0x08, 0x85, 0x08, 0x85, 0x08, 0x85, 0x08, 0x85, 0x08, 0x85, 0x08,
    0x84, 0x08, 0x84, 0x08, 0x84, 0x08, 0x84, 0x08, 0x85, 0x08, 0x85, 0x08, 0x85, 0x08, 0x85, 0x08,
    0x85, 0x08, 0x85, 0x08, 0x85, 0x08, 0x85, 0x08, 0x85, 0x08, 0xA5, 0x10, 0xC5, 0x18, 0xE5, 0x28,
    0x25, 0x41, 0x65, 0x59, 0xC5, 0x79, 0x85, 0x69, 0x65, 0x49, 0x25, 0x39, 0x05, 0x29, 0x06, 0x29,
    0x06, 0x29, 0x06, 0x29, 0x26, 0x29, 0x46, 0x31, 0x86, 0x49, 0x11, 0xDE, 0x09, 0x83, 0x86, 0x49,
    0xE7, 0x59, 0x07, 0x62, 0x07, 0x62, 0x67, 0x72, 0xA8, 0x7A, 0xA6, 0xB3, 0xA3, 0xDC, 0xC3, 0xDC,
    0x44, 0xED, 0xE3, 0xE4, 0xA5, 0xED, 0x24, 0xED, 0x45, 0xED, 0x28, 0xF6, 0x24, 0xED, 0x86, 0xED,
    0x64, 0xED, 0xC3, 0xE4, 0x24, 0xED, 0x22, 0xDC, 0x85, 0xB3, 0xC4, 0x69, 0xC2, 0x58, 0x23, 0x69,
    0x23, 0x71, 0x03, 0x71, 0x03, 0x69, 0xE3, 0x68, 0x62, 0xB8, 0x63, 0xD8, 0x04, 0xE1, 0x4D, 0xF3,
    0x96, 0xFD, 0x10, 0xF4, 0x67, 0xD9, 0xC3, 0xD0, 0xC4, 0xD0, 0xA4, 0xC8, 0x67, 0xC1, 0xC7, 0xC1,
    0x49, 0xC2, 0xC6, 0xB9, 0xCC, 0xC2, 0x78, 0xCD, 0x4F, 0x9B, 0xF3, 0xB3, 0x98, 0xE5, 0x9C, 0xFF,
    0x91, 0xDD, 0x48, 0xA3, 0x08, 0x93, 0xC8, 0x8A, 0xC8, 0x82, 0x27, 0x6A, 0x47, 0x72, 0x8A, 0xAB,
    0xEB, 0xBB, 0x29, 0x93, 0x07, 0x62, 0x06, 0x6A, 0x67, 0x7A, 0x26, 0x72, 0xE7, 0x92, 0xE7, 0x8A,
    0xC5, 0x61, 0xE6, 0x61, 0xC6, 0x59, 0xC6, 0x59, 0x66, 0x41, 0xC5, 0x10, 0xA5, 0x10, 0xA5, 0x08,
    0x85, 0x08, 0x85, 0x08, 0x85, 0x08, 0x85, 0x08, 0x85, 0x08, 0x85, 0x08, 0x84, 0x08, 0x84, 0x08,
    0x84, 0x08, 0x84, 0x08, 0x84, 0x08, 0x85, 0x08, 0x85, 0x08, 0x85, 0x08, 0x85, 0x08, 0x85, 0x08,
    0x85, 0x08, 0x85, 0x08, 0x85, 0x08, 0xA5, 0x08, 0xA5, 0x10, 0xC5, 0x20, 0x05, 0x31, 0x25, 0x39,
    0x25, 0x39, 0x25, 0x41, 0x25, 0x39, 0x05, 0x29, 0x05, 0x21, 0xE5, 0x20, 0xE5, 0x20, 0x26, 0x29,
    0x26, 0x29, 0x46, 0x31, 0x86, 0x41, 0xC6, 0x51, 0xC6, 0x51, 0xC7, 0x49, 0xC7, 0x51, 0x27, 0x62,
    0xA9, 0x93, 0x4D, 0xC5, 0x70, 0xE6, 0xEC, 0xE5, 0x84, 0xD4, 0x43, 0xD4, 0xC3, 0xE4, 0x24, 0xE5,
    0xA2, 0xE4, 0xE6, 0xF5, 0x24, 0xED, 0x65, 0xF5, 0xA5, 0xF5, 0xC2, 0xEC, 0x85, 0xED, 0x64, 0xF5,
    0x05, 0xED, 0xE4, 0xEC, 0xC1, 0xCB, 0xA5, 0xB3, 0x87, 0x8A, 0x07, 0x82, 0x48, 0x92, 0x07, 0x8A,
    0x07, 0x8A, 0x24, 0xA1, 0x02, 0xC8, 0x42, 0xD0, 0x26, 0xD9, 0x35, 0xFD, 0xBE, 0xFF, 0x9A, 0xFE,
    0x55, 0xFD, 0x6A, 0xE2, 0x24, 0xD1, 0xC3, 0xC8, 0xC4, 0xC0, 0x65, 0xB0, 0x66, 0xA0, 0xC7, 0xA0,
    0x4F, 0xA2, 0x7F, 0xDF, 0x93, 0xB4, 0x0F, 0xA3, 0xB5, 0xCC, 0x7B, 0xF6, 0x19, 0xFF, 0xCB, 0xAB,
    0xE8, 0x8A, 0xC8, 0x82, 0xE8, 0x82, 0x07, 0x62, 0x47, 0x72, 0xCA, 0xB3, 0xEB, 0xBB, 0x09, 0x93,
    0xC6, 0x59, 0xCB, 0x9B, 0x47, 0x72, 0x26, 0x6A, 0x07, 0x6A, 0x06, 0x62, 0xE6, 0x61, 0xC6, 0x59,
    0xC6, 0x51, 0xC6, 0x59, 0x25, 0x31, 0xA5, 0x10, 0xA5, 0x10, 0xA5, 0x08, 0xA5, 0x08, 0xA5, 0x08,
    0xA5, 0x08, 0xA5, 0x08, 0xA5, 0x08, 0x85, 0x08, 0x85, 0x08, 0x84, 0x08, 0x84, 0x08, 0x84, 0x08,
    0x85, 0x00, 0x85, 0x08, 0x85, 0x08, 0x85, 0x08, 0x85, 0x08, 0x85, 0x08, 0x85, 0x08, 0x85, 0x08,
    0x85, 0x08, 0xA5, 0x08, 0xA5, 0x10, 0xA5, 0x10, 0xC5, 0x18, 0xE5, 0x20, 0xE5, 0x28, 0xE5, 0x28,
    0xE5, 0x20, 0xE6, 0x20, 0xC5, 0x18, 0xA7, 0x41, 0xA9, 0x6A, 0xE6, 0x20, 0x26, 0x29, 0x46, 0x31,
    0x46, 0x39, 0x66, 0x39, 0x87, 0x41, 0xA7, 0x49, 0xA7, 0x49, 0xC8, 0x7A, 0x48, 0x8B, 0xE8, 0x82,
    0xA9, 0x9B, 0x6B, 0xD5, 0x68, 0xDD, 0x02, 0xD4, 0x83, 0xDC, 0xC3, 0xE4, 0x45, 0xED, 0xC3, 0xEC,
    0x27, 0xF6, 0xA2, 0xE4, 0x44, 0xED, 0xE7, 0xF5, 0xE3, 0xEC, 0xA6, 0xF5, 0x44, 0xED, 0xE4, 0xE4,
    0xC4, 0xE4, 0xC1, 0xD3, 0x26, 0xC4, 0x09, 0x9B, 0xEB, 0xAA, 0x2B, 0xB3, 0x2B, 0xAB, 0x24, 0xB1,
    0xE1, 0xD0, 0xA3, 0xD0, 0xC4, 0xD0, 0x8F, 0xF3, 0xB7, 0xFD, 0x18, 0xFE, 0x76, 0xFD, 0x6A, 0xDA,
    0x04, 0xD1, 0xE3, 0xC8, 0xC3, 0xC0, 0x83, 0xB0, 0x03, 0x98, 0x65, 0x90, 0x86, 0x78, 0xF8, 0xAC,
    0xFA, 0xC5, 0xCE, 0x9A, 0x54, 0xBC, 0x78, 0xDD, 0x5D, 0xFF, 0x51, 0xCD, 0xC8, 0x82, 0xA8, 0x7A,
    0x27, 0x6A, 0x07, 0x62, 0xE7, 0x59, 0x68, 0x7A, 0xC9, 0x82, 0xC6, 0x51, 0x66, 0x39, 0xC7, 0x49,
    0x86, 0x41, 0xC6, 0x59, 0xA6, 0x51, 0xA6, 0x49, 0xE6, 0x59, 0xC6, 0x59, 0xE6, 0x59, 0x45, 0x39,
    0xA4, 0x10, 0xC5, 0x10, 0xA5, 0x10, 0xA5, 0x08, 0xA5, 0x08, 0xA5, 0x08, 0xA5, 0x08, 0xA5, 0x08,
    0xA5, 0x08, 0x85, 0x08, 0x85, 0x08, 0x85, 0x08, 0x85, 0x08, 0x85, 0x08, 0x85, 0x00, 0x85, 0x08,
    0x85, 0x08, 0x85, 0x08, 0x85, 0x08, 0x85, 0x08, 0x85, 0x08, 0x85, 0x08, 0xA5, 0x08, 0xA5, 0x08,
    0xA5, 0x10, 0xE5, 0x20, 0xE5, 0x18, 0xC5, 0x10, 0xC5, 0x18, 0xC5, 0x18, 0xC5, 0x18, 0xE6, 0x18,
    0xE6, 0x18, 0x26, 0x29, 0x87, 0x39, 0xE6, 0x20, 0x26, 0x29, 0x46, 0x31, 0xE8, 0x51, 0x48, 0x62,
    0x86, 0x41, 0xA7, 0x49, 0xC7, 0x51, 0xE7, 0x59, 0xE7, 0x59, 0x48, 0x6A, 0x27, 0x6A, 0x52, 0xCD,
    0xF6, 0xF6, 0x67, 0xC4, 0xC2, 0xC3, 0x22, 0xD4, 0xC3, 0xE4, 0x65, 0xED, 0x82, 0xE4, 0xA6, 0xF5,
    0x83, 0xE4, 0xA6, 0xF5, 0xE7, 0xF5, 0xE3, 0xEC, 0x65, 0xED, 0x03, 0xE5, 0xE4, 0xEC, 0xE4, 0xEC,
    0xC2, 0xD3, 0xC7, 0xBB, 0x4A, 0xAB, 0xAD, 0xBB, 0xAD, 0xBB, 0x43, 0xC1, 0x41, 0xD1, 0x62, 0xC8,
    0x22, 0xC8, 0xA4, 0xD0, 0xC8, 0xD9, 0x2D, 0xEB, 0x29, 0xDA, 0x04, 0xD1, 0xA3, 0xC8, 0x83, 0xC0,
    0x42, 0xB0, 0x22, 0xA0, 0x23, 0x88, 0x44, 0x80, 0x44, 0x70, 0x2D, 0x72, 0x5A, 0xAD, 0x8D, 0x9A,
    0xF2, 0xBB, 0x17, 0xCD, 0x9C, 0xEE, 0xD9, 0xF6, 0x09, 0x8B, 0x48, 0x72, 0xC8, 0x82, 0x88, 0x7A,
    0xC7, 0x59, 0xA6, 0x51, 0x86, 0x49, 0x66, 0x41, 0x66, 0x39, 0x26, 0x31, 0x26, 0x31, 0x46, 0x31,
    0x46, 0x39, 0x26, 0x31, 0x46, 0x31, 0x86, 0x41, 0x25, 0x31, 0xA7, 0x49, 0x08, 0x52, 0xA5, 0x10,
    0xA5, 0x10, 0xA5, 0x08, 0xA5, 0x08, 0xA5, 0x08, 0xA5, 0x08, 0xA5, 0x08, 0xA5, 0x08, 0xA5, 0x08,
    0x85, 0x08, 0xA5, 0x08, 0x85, 0x08, 0x85, 0x08, 0x85, 0x08, 0x85, 0x08, 0x85, 0x08, 0x85, 0x08,
    0x85, 0x08, 0x85, 0x08, 0x85, 0x08, 0xA5, 0x08, 0xA5, 0x08, 0xA5, 0x08, 0x64, 0x08, 0xA8, 0x6A,
    0xA7, 0x41, 0x85, 0x08, 0xC5, 0x10, 0xC5, 0x10, 0xC6, 0x10, 0xE6, 0x18, 0xE6, 0x18, 0x06, 0x19,
    0xC6, 0x18, 0xC8, 0x41, 0xE8, 0x49, 0xE6, 0x28, 0xAD, 0x9B, 0x6F, 0xAC, 0x46, 0x39, 0xA7, 0x49,
    0xA7, 0x49, 0xE7, 0x51, 0x28, 0x62, 0x48, 0x6A, 0x09, 0x8B, 0x39, 0xFF, 0xDA, 0xFE, 0xAF, 0xDC,
    0x08, 0xBC, 0xA5, 0xD4, 0x62, 0xE4, 0xA2, 0xE4, 0xC3, 0xE4, 0xA2, 0xE4, 0xC6, 0xF5, 0xA2, 0xE4,
    0x85, 0xF5, 0x65, 0xED, 0x62, 0xE4, 0x66, 0xED, 0x24, 0xED, 0xE4, 0xEC, 0x63, 0xDC, 0xA2, 0xC3,
    0x08, 0xBC, 0x8C, 0xB3, 0xEE, 0xC3, 0x63, 0xC1, 0x20, 0xD1, 0x61, 0xC0, 0x02, 0xC0, 0x02, 0xC0,
    0x42, 0xC8, 0x22, 0xC8, 0x42, 0xC0, 0x82, 0xC0, 0x22, 0xB8, 0x01, 0xA8, 0x02, 0xA0, 0x01, 0x88,
    0x02, 0x70, 0x02, 0x68, 0x23, 0x60, 0xA6, 0x58, 0x6F, 0x72, 0x6C, 0x92, 0x70, 0xAB, 0xB5, 0xC4,
    0xFA, 0xDD, 0x5D, 0xFF, 0x0E, 0xA4, 0x27, 0x6A, 0x88, 0x7A, 0x47, 0x72, 0xE7, 0x59, 0xC7, 0x49,
    0xA7, 0x49, 0x87, 0x41, 0x66, 0x39, 0x66, 0x39, 0x67, 0x41, 0x46, 0x39, 0x26, 0x31, 0x06, 0x29,
    0xE5, 0x20, 0xE5, 0x18, 0xA5, 0x10, 0xC7, 0x49, 0x48, 0x5A, 0x84, 0x10, 0xA5, 0x10, 0xC5, 0x10,
    0xC5, 0x10, 0xA5, 0x08, 0xA5, 0x08, 0xA5, 0x08, 0xA5, 0x08, 0xA5, 0x08, 0x85, 0x08, 0xA5, 0x08,
    0xA5, 0x08, 0x85, 0x08, 0x85, 0x08, 0x85, 0x08, 0x85, 0x08, 0x85, 0x08, 0x85, 0x08, 0x85, 0x08,
    0xA5, 0x08, 0xA5, 0x08, 0xA5, 0x08, 0xA5, 0x08, 0xA5, 0x08, 0xC5, 0x10, 0xC5, 0x10, 0xA5, 0x10,
    0xE6, 0x18, 0xE6, 0x18, 0xC6, 0x10, 0xE6, 0x18, 0x07, 0x19, 0x27, 0x21, 0x27, 0x21, 0x88, 0x31,
    0x87, 0x31, 0x67, 0x31, 0xA7, 0x49, 0xE7, 0x51, 0xC8, 0x49, 0x87, 0x41, 0xE7, 0x51, 0x07, 0x5A,
    0x08, 0x5A, 0x27, 0x62, 0x8F, 0xB4, 0x9C, 0xFF, 0xF5, 0xF5, 0xB1, 0xE4, 0xCC, 0xC3, 0x49, 0xBC,
    0xC6, 0xD4, 0x01, 0xDC, 0xA2, 0xE4, 0xE3, 0xEC, 0xE3, 0xEC, 0xA6, 0xF5, 0x62, 0xE4, 0x85, 0xED,
    0x64, 0xED, 0xC3, 0xE4, 0x65, 0xED, 0xA2, 0xE4, 0x83, 0xDC, 0x42, 0xDC, 0x04, 0xD4, 0x08, 0xBC,
    0xAD, 0xBB, 0xA4, 0xC1, 0xE0, 0xC8, 0x81, 0xB8, 0x01, 0xB0, 0x01, 0xB8, 0x22, 0xB8, 0x01, 0xB8,
    0x01, 0xB0, 0x21, 0xB0, 0x01, 0xA8, 0x00, 0x98, 0x01, 0x88, 0x01, 0x70, 0x01, 0x58, 0x01, 0x50,
    0x02, 0x48, 0x02, 0x48, 0x28, 0x69, 0xEB, 0x81, 0x0F, 0x9B, 0x74, 0xC4, 0x79, 0xD5, 0xFD, 0xF6,
    0x74, 0xCD, 0x48, 0x6A, 0x28, 0x62, 0xE7, 0x59, 0xE7, 0x51, 0xA7, 0x49, 0xA7, 0x41, 0x87, 0x41,
    0x87, 0x41, 0x66, 0x49, 0x86, 0x59, 0x48, 0x6A, 0x07, 0x5A, 0x46, 0x39, 0x06, 0x29, 0xE6, 0x18,
    0xE6, 0x18, 0xA5, 0x10, 0x84, 0x08, 0xC5, 0x10, 0x85, 0x08, 0xA7, 0x41, 0x86, 0x39, 0x85, 0x00,
    0xA5, 0x08, 0xA5, 0x08, 0xA5, 0x08, 0xA5, 0x08, 0x85, 0x08, 0xA5, 0x08, 0xA5, 0x08, 0x85, 0x08,
    0x85, 0x00, 0x85, 0x08, 0x85, 0x08, 0x85, 0x08, 0x85, 0x08, 0x85, 0x08, 0x85, 0x08, 0xA5, 0x08,
    0xA5, 0x08, 0xA5, 0x08, 0xA5, 0x08, 0xA5, 0x08, 0xC5, 0x10, 0x85, 0x08, 0xC8, 0x39, 0xC8, 0x39,
    0xC6, 0x10, 0x07, 0x19, 0x48, 0x21, 0x48, 0x29, 0x48, 0x29, 0x89, 0x31, 0x27, 0x21, 0x09, 0x4A,
    0xA7, 0x41, 0x87, 0x41, 0x28, 0x5A, 0x66, 0x41, 0x09, 0x83, 0x68, 0x6A, 0xE8, 0x59, 0x27, 0x6A,
    0xF5, 0xDD, 0x5C, 0xFF, 0xF6, 0xFD, 0x73, 0xF5, 0xD1, 0xEC, 0xCC, 0xCB, 0x48, 0xC4, 0x06, 0xD5,
    0x41, 0xE4, 0xE2, 0xEC, 0xA2, 0xE4, 0x03, 0xED, 0x45, 0xED, 0x42, 0xDC, 0xA6, 0xF5, 0x24, 0xED,
    0x83, 0xE4, 0x24, 0xE5, 0xA2, 0xE4, 0x05, 0xED, 0x22, 0xDC, 0x45, 0xD4, 0xE9, 0xB3, 0xA5, 0xB1,
    0x80, 0xB8, 0xA1, 0xB8, 0x00, 0xA8, 0x00, 0xA8, 0x01, 0xA8, 0x00, 0xA0, 0x00, 0xA0, 0x00, 0x98,
    0x00, 0x90, 0x00, 0x80, 0x00, 0x70, 0x00, 0x58, 0x00, 0x48, 0x01, 0x40, 0x01, 0x40, 0x85, 0x58,
    0x89, 0x79, 0x2C, 0x82, 0x30, 0xA3, 0x54, 0xBC, 0x58, 0xD5, 0x9D, 0xEE, 0x59, 0xE6, 0x89, 0x72,
    0x08, 0x62, 0xE7, 0x51, 0xC7, 0x49, 0xE8, 0x51, 0x31, 0x94, 0xC8, 0x49, 0x86, 0x49, 0x4B, 0x8B,
    0x0B, 0xAC, 0xF6, 0xEE, 0xCC, 0xA3, 0x25, 0x49, 0x46, 0x31, 0xE6, 0x20, 0xC5, 0x18, 0xA5, 0x10,
    0x26, 0x21, 0xE6, 0x10, 0xA5, 0x08, 0xA5, 0x10, 0xA5, 0x10, 0xA5, 0x08, 0xA5, 0x08, 0xA5, 0x08,
    0xA5, 0x08, 0xA5, 0x08, 0x85, 0x08, 0xA5, 0x08, 0xA5, 0x08, 0x85, 0x08, 0x85, 0x08, 0x85, 0x08,
    0x85, 0x08, 0x85, 0x08, 0x85, 0x08, 0xA5, 0x08, 0x85, 0x08, 0xA5, 0x08, 0xA5, 0x08, 0xA5, 0x08,
    0xA5, 0x08, 0xA5, 0x08, 0xA5, 0x08, 0xC6, 0x10, 0xC6, 0x10, 0xC6, 0x10, 0x07, 0x19, 0x48, 0x21,
    0x8A, 0x29, 0xCE, 0x52, 0xD2, 0x7B, 0xEB, 0x39, 0xCA, 0x39, 0x68, 0x31, 0x47, 0x31, 0x47, 0x31,
    0x46, 0x31, 0xA7, 0x49, 0xC7, 0x51, 0xC7, 0x51, 0xE8, 0x59, 0x48, 0x6A, 0xB8, 0xEE, 0x1B, 0xFF,
    0x17, 0xFE, 0xB5, 0xFD, 0x74, 0xF5, 0x74, 0xF5, 0x32, 0xED, 0x90, 0xE5, 0xCF, 0xED, 0x2A, 0xED,
    0x48, 0xF5, 0x62, 0xE4, 0xC2, 0xE4, 0x86, 0xF5, 0x82, 0xE4, 0x65, 0xED, 0xC3, 0xE4, 0x83, 0xDC,
    0x45, 0xED, 0xA2, 0xE4, 0xA3, 0xEC, 0xE2, 0xDB, 0x87, 0xCC, 0xC4, 0x91, 0x60, 0xA8, 0xC0, 0xB0,
    0x41, 0xA8, 0x00, 0x98, 0x00, 0x90, 0x00, 0x90, 0x00, 0x90, 0x00, 0x80, 0x00, 0x70, 0x00, 0x68,
    0x00, 0x58, 0x00, 0x48, 0x00, 0x40, 0x01, 0x40, 0x43, 0x50, 0xA5, 0x68, 0x4D, 0x82, 0x92, 0x9B,
    0xD3, 0xB3, 0x54, 0xC4, 0x38, 0xD5, 0x3C, 0xE6, 0xDB, 0xF6, 0xEB, 0x7A, 0xE7, 0x59, 0xE8, 0x51,
    0xA7, 0x49, 0xA7, 0x41, 0x29, 0x52, 0x87, 0x41, 0x86, 0x51, 0x6D, 0xB4, 0xF9, 0xFF, 0xFA, 0xFF,
    0xF5, 0xEE, 0x4A, 0x93, 0x25, 0x39, 0xE6, 0x20, 0xC6, 0x18, 0xA5, 0x08, 0xA7, 0x31, 0x06, 0x19,
    0xA5, 0x08, 0xA5, 0x08, 0xA5, 0x08, 0xA5, 0x08, 0xA5, 0x08, 0xA5, 0x08, 0xA5, 0x08, 0xA5, 0x08,
    0x85, 0x08, 0x85, 0x08, 0xA5, 0x08, 0x85, 0x08, 0x85, 0x08, 0x85, 0x08, 0x85, 0x08, 0xA5, 0x08,
    0xA5, 0x08, 0x85, 0x08, 0x85, 0x08, 0xA5, 0x08, 0xA5, 0x08, 0xA5, 0x08, 0xA5, 0x08, 0xA5, 0x08,
    0xA5, 0x08, 0xA6, 0x08, 0xC6, 0x10, 0xE7, 0x10, 0x28, 0x21, 0x69, 0x29, 0xAB, 0x31, 0x57, 0xA5,
    0xFF, 0xFF, 0xB1, 0x73, 0x4C, 0x4A, 0xCA, 0x39, 0x88, 0x31, 0x67, 0x31, 0x67, 0x39, 0x67, 0x39,
    0xA7, 0x41, 0xC7, 0x49, 0xC7, 0x51, 0xA9, 0x7A, 0xFA, 0xF6, 0xBA, 0xFE, 0x17, 0xFE, 0xD5, 0xFD,
    0xB5, 0xFD, 0xD6, 0xFD, 0x17, 0xFE, 0x38, 0xFE, 0x78, 0xFE, 0x17, 0xFE, 0xF2, 0xEC, 0x8E, 0xE4,
    0x4A, 0xE4, 0x05, 0xED, 0x24, 0xED, 0x22, 0xDC, 0x65, 0xED, 0xE3, 0xE4, 0xC4, 0xE4, 0x25, 0xED,
    0x82, 0xE4, 0x63, 0xE4, 0xC3, 0xCB, 0x45, 0xAB, 0x40, 0x90, 0x60, 0xA8, 0x60, 0xA0, 0x00, 0x90,
    0x00, 0x80, 0x00, 0x80, 0x00, 0x80, 0x00, 0x70, 0x00, 0x60, 0x00, 0x50, 0x01, 0x50, 0x21, 0x58,
    0x01, 0x58, 0x22, 0x60, 0x64, 0x60, 0xAA, 0x71, 0xF4, 0xA3, 0x75, 0xB4, 0x74, 0xC4, 0x95, 0xCC,
    0xF7, 0xCC, 0xBA, 0xD5, 0xDC, 0xF6, 0x4C, 0x8B, 0xC7, 0x51, 0xA7, 0x49, 0x89, 0x72, 0x89, 0x6A,
    0x26, 0x31, 0x67, 0x39, 0x87, 0x49, 0x49, 0x9B, 0xD6, 0xFF, 0xF7, 0xFF, 0xD3, 0xEE, 0x2A, 0x8B,
    0x26, 0x31, 0xE6, 0x20, 0xC6, 0x10, 0xC6, 0x10, 0xA5, 0x08, 0xA5, 0x08, 0xA5, 0x08, 0xA5, 0x08,
    0xA5, 0x08, 0xA5, 0x08, 0xA5, 0x08, 0xA5, 0x08, 0xA5, 0x08, 0xA5, 0x08, 0x85, 0x08, 0x85, 0x08,
    0xA5, 0x08, 0x85, 0x08, 0x85, 0x08, 0x85, 0x08, 0x85, 0x08, 0xA5, 0x08, 0xA5, 0x08, 0x85, 0x08,
    0x85, 0x08, 0xA5, 0x08, 0xA5, 0x08, 0xA5, 0x08, 0xA5, 0x08, 0xA5, 0x08, 0xA5, 0x08, 0xA6, 0x08,
    0xC6, 0x10, 0x07, 0x19, 0x28, 0x19, 0x71, 0x63, 0xB8, 0xB5, 0x7D, 0xEF, 0xFF, 0xFF, 0x7D, 0xF7,
    0xFC, 0xDE, 0x90, 0x6B, 0x68, 0x29, 0x67, 0x31, 0x47, 0x31, 0x67, 0x39, 0x87, 0x41, 0xA7, 0x49,
    0xC7, 0x51, 0xCA, 0x7A, 0x1A, 0xF7, 0x9A, 0xFE, 0xF7, 0xF5, 0xF6, 0xFD, 0xD6, 0xFD, 0xD6, 0xFD,
    0xF6, 0xFD, 0xF6, 0xFD, 0xF6, 0xFD, 0x33, 0xED, 0xD6, 0xED, 0xD7, 0xF5, 0x14, 0xED, 0xED, 0xDB,
    0x23, 0xD4, 0xE4, 0xE4, 0x42, 0xDC, 0x86, 0xED, 0xC3, 0xE4, 0xC4, 0xE4, 0x04, 0xED, 0xE2, 0xD3,
    0x02, 0xD4, 0x25, 0xC4, 0xA2, 0x89, 0x00, 0x88, 0x20, 0x98, 0x00, 0x88, 0x41, 0x88, 0xA1, 0x90,
    0x41, 0x80, 0x00, 0x60, 0x00, 0x60, 0x01, 0x70, 0x00, 0x60, 0x01, 0x60, 0xA7, 0x89, 0x6F, 0xB3,
    0x53, 0xBC, 0xF6, 0xCC, 0xD6, 0xCC, 0xB5, 0xCC, 0x95, 0xC4, 0xB5, 0xC4, 0x17, 0xCD, 0x9A, 0xCD,
    0x7C, 0xEE, 0x2C, 0x83, 0xC7, 0x51, 0xC7, 0x49, 0x08, 0x5A, 0xE8, 0x51, 0x66, 0x39, 0x67, 0x39,
    0x66, 0x41, 0x8A, 0x93, 0xED, 0xC4, 0x71, 0xEE, 0x0B, 0xB4, 0x05, 0x41, 0x26, 0x31, 0xE6, 0x18,
    0xC6, 0x10, 0xC5, 0x10, 0xC5, 0x10, 0xA5, 0x08, 0xA5, 0x08, 0xA5, 0x08, 0xA5, 0x08, 0xA5, 0x08,
    0xA5, 0x08, 0xA5, 0x08, 0xA5, 0x08, 0x85, 0x08, 0x85, 0x08, 0x85, 0x08, 0xA5, 0x08, 0x85, 0x08,
    0x85, 0x08, 0x85, 0x08, 0x85, 0x08, 0x85, 0x08, 0x85, 0x08, 0x85, 0x08, 0xA5, 0x08, 0xA5, 0x08,
    0xA5, 0x08, 0xA5, 0x08, 0xA5, 0x08, 0xA5, 0x08, 0xA6, 0x08, 0xA6, 0x08, 0xC6, 0x10, 0x07, 0x19,
    0x49, 0x19, 0xD3, 0x6B, 0x9F, 0xEF, 0xBE, 0xFF, 0x9D, 0xFF, 0x9E, 0xFF, 0xF9, 0xBD, 0x6C, 0x4A,
    0x89, 0x31, 0x47, 0x29, 0x47, 0x31, 0x67, 0x31, 0x67, 0x39, 0xA7, 0x41, 0xC7, 0x49, 0x48, 0x62,
    0x58, 0xE6, 0x79, 0xFE, 0xD7, 0xF5, 0xD6, 0xF5, 0xB5, 0xFD, 0xD6, 0xFD, 0xB5, 0xFD, 0xD5, 0xFD,
    0xD6, 0xFD, 0x91, 0xE4, 0x91, 0xD4, 0x0F, 0xCC, 0xAA, 0xA2, 0x86, 0x79, 0x40, 0x79, 0x83, 0xDC,
    0x04, 0xED, 0x02, 0xD4, 0x45, 0xED, 0x42, 0xDC, 0x63, 0xDC, 0xC3, 0xE4, 0xA1, 0xD3, 0x64, 0xDC,
    0x45, 0x9B, 0x20, 0x50, 0x00, 0x80, 0x00, 0x88, 0x60, 0x90, 0x81, 0x90, 0x40, 0x80, 0x00, 0x68,
    0x00, 0x68, 0x00, 0x70, 0xC6, 0x91, 0x0C, 0xB3, 0xF0, 0xCB, 0xD3, 0xDC, 0x35, 0xE5, 0xD4, 0xDC,
    0x94, 0xCC, 0x54, 0xC4, 0x75, 0xC4, 0x95, 0xBC, 0xD7, 0xBC, 0x7A, 0xC5, 0x3B, 0xDE, 0xAA, 0x72,
    0xA7, 0x49, 0xA7, 0x49, 0x87, 0x41, 0x67, 0x39, 0x46, 0x31, 0x46, 0x31, 0x66, 0x39, 0x86, 0x41,
    0x86, 0x51, 0x27, 0x6A, 0x07, 0x62, 0x26, 0x31, 0x06, 0x21, 0xC6, 0x18, 0xC6, 0x10, 0xC6, 0x10,
    0xA5, 0x10, 0xA5, 0x08, 0xA5, 0x08, 0xA5, 0x08, 0xA5, 0x08, 0xA5, 0x08, 0xA5, 0x08, 0xA5, 0x08,
    0xA5, 0x08, 0x85, 0x08, 0xA5, 0x08, 0x85, 0x08, 0xA5, 0x08, 0x85, 0x08, 0x85, 0x08, 0x85, 0x08,
    0x85, 0x08, 0x85, 0x08, 0xA5, 0x08, 0xA5, 0x08, 0xA5, 0x08, 0xA5, 0x08, 0xA5, 0x08, 0xA5, 0x08,
    0xA5, 0x08, 0xA5, 0x08, 0xA6, 0x08, 0xA6, 0x08, 0xC6, 0x10, 0xE7, 0x10, 0x49, 0x21, 0x8A, 0x29,
    0x34, 0x7C, 0x5D, 0xF7, 0x5D, 0xFF, 0x7E, 0xFF, 0x74, 0x8C, 0xAA, 0x31, 0x89, 0x31, 0x47, 0x29,
    0x47, 0x29, 0x47, 0x31, 0xA7, 0x41, 0xC7, 0x49, 0xC7, 0x49, 0xC7, 0x51, 0xF2, 0xC4, 0x7A, 0xFE,
    0x96, 0xED, 0xB6, 0xF5, 0x95, 0xF5, 0x95, 0xF5, 0x74, 0xF5, 0x95, 0xF5, 0x95, 0xF5, 0x91, 0xDC,
    0xAA, 0xAA, 0xC7, 0x89, 0x25, 0x71, 0xE3, 0x58, 0x81, 0x79, 0x80, 0xAA, 0x83, 0xDC, 0xE4, 0xE4,
    0x02, 0xD4, 0x25, 0xE5, 0x22, 0xD4, 0xA3, 0xE4, 0xA2, 0xE4, 0x81, 0xD3, 0x06, 0xBC, 0x21, 0x49,
    0x00, 0x28, 0x00, 0x58, 0x61, 0x80, 0x60, 0x80, 0x00, 0x68, 0x00, 0x58, 0x20, 0x48, 0x2C, 0xB3,
    0x34, 0xF5, 0x30, 0xD4, 0x6E, 0xC3, 0x8E, 0xC3, 0x52, 0xD4, 0x52, 0xCC, 0x12, 0xC4, 0xF2, 0xB3,
    0xD3, 0xAB, 0x55, 0xAC, 0x96, 0xAC, 0x7A, 0xC5, 0x98, 0xCD, 0xE8, 0x59, 0xA7, 0x49, 0x87, 0x41,
    0x67, 0x39, 0x08, 0x52, 0x49, 0x5A, 0x46, 0x31, 0x26, 0x29, 0x46, 0x31, 0x47, 0x31, 0x26, 0x31,
    0x06, 0x29, 0x06, 0x21, 0xE6, 0x18, 0xC6, 0x10, 0xC6, 0x10, 0xC5, 0x10, 0xA6, 0x08, 0xA6, 0x08,
    0xA6, 0x08, 0xA5, 0x08, 0xA5, 0x08, 0xA5, 0x08, 0xA5, 0x08, 0xA5, 0x08, 0xA5, 0x08, 0xA5, 0x08,
    0xA5, 0x08, 0x85, 0x08, 0xA5, 0x08, 0x85, 0x08, 0x85, 0x08, 0x85, 0x08, 0x85, 0x08, 0x85, 0x08,
    0x85, 0x08, 0xA5, 0x08, 0xA5, 0x08, 0xA5, 0x08, 0xA5, 0x08, 0xA5, 0x08, 0xA6, 0x08, 0xA6, 0x08,
    0xA6, 0x08, 0xA6, 0x08, 0xC6, 0x08, 0xE7, 0x10, 0x28, 0x19, 0x69, 0x21, 0xD3, 0x73, 0x1E, 0xE7,
    0x37, 0xAD, 0x3B, 0xCE, 0xD6, 0x9C, 0x69, 0x29, 0x48, 0x29, 0x47, 0x29, 0x47, 0x29, 0x06, 0x29,
    0xEA, 0x7A, 0x89, 0x6A, 0x67, 0x39, 0xA7, 0x49, 0xCB, 0x72, 0x18, 0xEE, 0x96, 0xE5, 0x75, 0xE5,
    0x34, 0xE5, 0x33, 0xED, 0x13, 0xE5, 0x33, 0xED, 0x74, 0xED, 0xD2, 0xDC, 0x8E, 0xC3, 0x30, 0xCC,
    0x30, 0xD4, 0x8E, 0xCB, 0x06, 0x8A, 0xA1, 0x9A, 0x81, 0xC3, 0xA4, 0xE4, 0xC4, 0xE4, 0xE2, 0xD3,
    0xC3, 0xDC, 0xE2, 0xD3, 0x62, 0xDC, 0x02, 0xDC, 0xE4, 0xC3, 0xC2, 0x69, 0x22, 0x49, 0x09, 0xBC,
    0xCA, 0xDC, 0x49, 0xD4, 0xC6, 0xA2, 0x61, 0x38, 0xC3, 0x48, 0x91, 0xE4, 0x4D, 0xC3, 0xEC, 0xB2,
    0x4A, 0x9A, 0x8B, 0xA2, 0xF0, 0xC3, 0x8F, 0xB3, 0x4F, 0xA3, 0x50, 0x9B, 0x51, 0x93, 0xF4, 0x9B,
    0x15, 0x9C, 0x7A, 0xC5, 0xF1, 0x9B, 0x86, 0x49, 0x87, 0x41, 0x87, 0x41, 0x87, 0x41, 0xC7, 0x49,
    0x4B, 0x83, 0xC8, 0x41, 0x06, 0x21, 0x06, 0x21, 0xE6, 0x20, 0x06, 0x21, 0x06, 0x21, 0xE6, 0x18,
    0xE6, 0x20, 0x06, 0x21, 0xE6, 0x18, 0xC5, 0x10, 0xA6, 0x10, 0xA6, 0x08, 0xA6, 0x08, 0xA5, 0x08,
    0xA5, 0x08, 0xA5, 0x08, 0xA5, 0x08, 0xA5, 0x08, 0xA5, 0x08, 0xA5, 0x08, 0xA5, 0x08, 0xA5, 0x08,
    0x85, 0x08, 0x85, 0x08, 0x85, 0x08, 0x85, 0x08, 0x85, 0x08, 0x85, 0x08, 0xA5, 0x08, 0xA5, 0x08,
    0xA5, 0x08, 0xA5, 0x08, 0xA5, 0x08, 0xA6, 0x08, 0xA6, 0x08, 0xC6, 0x08, 0xA6, 0x08, 0xA6, 0x08,
    0xC6, 0x08, 0xC6, 0x10, 0x07, 0x19, 0x28, 0x19, 0x6E, 0x42, 0x31, 0x63, 0xEB, 0x39, 0x0C, 0x3A,
    0x0C, 0x3A, 0x49, 0x29, 0x48, 0x29, 0x07, 0x21, 0x06, 0x21, 0x47, 0x31, 0x47, 0x31, 0x67, 0x39,
    0x87, 0x41, 0xA7, 0x49, 0xA7, 0x49, 0xCF, 0x93, 0x96, 0xE5, 0xB2, 0xCC, 0x91, 0xCC, 0xB2, 0xD4,
    0xB2, 0xD4, 0x91, 0xD4, 0xB2, 0xDC, 0x71, 0xD4, 0xCB, 0xAA, 0x6A, 0xA2, 0xE8, 0x89, 0x24, 0x69,
    0xA1, 0x38, 0xA3, 0x7A, 0x84, 0xDC, 0xC1, 0xD3, 0x83, 0xDC, 0x63, 0xDC, 0xC2, 0xCB, 0xA4, 0xDC,
    0xA2, 0xCB, 0xC1, 0xD3, 0x83, 0xBB, 0x24, 0xA3, 0xCE, 0xF5, 0xD2, 0xFE, 0xCE, 0xF5, 0x48, 0xCC,
    0x69, 0xD4, 0x06, 0xAB, 0xE1, 0x50, 0xA2, 0x50, 0x25, 0x79, 0x25, 0x71, 0x26, 0x69, 0xCC, 0xA2,
    0x6F, 0xBB, 0xAC, 0x9A, 0xAD, 0x8A, 0x10, 0x8B, 0x31, 0x8B, 0x52, 0x8B, 0x36, 0xA4, 0x95, 0xAC,
    0x08, 0x5A, 0x87, 0x49, 0x89, 0x72, 0x87, 0x41, 0x67, 0x39, 0xA7, 0x41, 0x06, 0x29, 0x26, 0x29,
    0x06, 0x21, 0x26, 0x29, 0x47, 0x29, 0xE6, 0x18, 0xE6, 0x18, 0xE6, 0x20, 0x06, 0x31, 0x05, 0x41,
    0x06, 0x31, 0xE6, 0x18, 0xA6, 0x10, 0xA6, 0x08, 0xA6, 0x08, 0xA6, 0x08, 0xA5, 0x08, 0xA5, 0x08,
    0xA5, 0x08, 0xA5, 0x08, 0xA5, 0x08, 0xA5, 0x08, 0xA5, 0x08, 0xA5, 0x08, 0xA5, 0x08, 0x85, 0x08,
    0x85, 0x08, 0x85, 0x08, 0xA5, 0x08, 0xA5, 0x08, 0xA5, 0x08, 0xA5, 0x08, 0xA5, 0x08, 0xA5, 0x08,
    0xA6, 0x08, 0xA6, 0x08, 0xA6, 0x08, 0xC6, 0x08, 0xA6, 0x08, 0xA6, 0x08, 0xC6, 0x08, 0xC6, 0x10,
    0xE7, 0x10, 0x08, 0x19, 0x28, 0x19, 0x28, 0x21, 0x69, 0x29, 0x49, 0x21, 0x28, 0x21, 0x28, 0x21,
    0x27, 0x21, 0x29, 0x52, 0x29, 0x52, 0x27, 0x29, 0x47, 0x31, 0x67, 0x39, 0x67, 0x39, 0x87, 0x41,
    0xC8, 0x49, 0xA7, 0x49, 0xCE, 0x9B, 0x54, 0xDD, 0xF0, 0xBB, 0xCF, 0xBB, 0xCE, 0xBB, 0x8E, 0xB3,
    0x6D, 0xB3, 0x8E, 0xB3, 0x08, 0x82, 0xE4, 0x58, 0x83, 0x48, 0xA1, 0x40, 0x01, 0x39, 0x43, 0x6A,
    0xA7, 0xBC, 0xA5, 0xD4, 0x81, 0xC3, 0x43, 0xD4, 0x84, 0xDC, 0x61, 0xC3, 0x82, 0xC3, 0x61, 0xA2,
    0xE2, 0xA2, 0x6B, 0xE5, 0x50, 0xF6, 0x51, 0xEE, 0x92, 0xFE, 0xAA, 0xD4, 0x49, 0xCC, 0x46, 0xB3,
    0x85, 0xA2, 0x0F, 0xCC, 0x6D, 0xC3, 0xAA, 0xA2, 0x28, 0x92, 0xCC, 0x9A, 0x0D, 0x9B, 0x2A, 0x7A,
    0x4C, 0x7A, 0xAE, 0x82, 0xCF, 0x82, 0xB2, 0x93, 0xD6, 0xBC, 0x6B, 0x6A, 0x87, 0x41, 0x87, 0x41,
    0xA7, 0x49, 0x67, 0x39, 0x87, 0x39, 0xE8, 0x41, 0x06, 0x21, 0x27, 0x21, 0xE6, 0x18, 0x87, 0x31,
    0xE8, 0x41, 0xC6, 0x10, 0xE6, 0x18, 0xE6, 0x20, 0x86, 0x51, 0xF0, 0xE5, 0xE9, 0x82, 0xC5, 0x20,
    0xC6, 0x10, 0xA6, 0x08, 0xA6, 0x08, 0xA6, 0x08, 0xA6, 0x08, 0xA6, 0x08, 0xA5, 0x08, 0xA5, 0x08,
    0xA5, 0x08, 0xA5, 0x08, 0xA5, 0x08, 0xA5, 0x08, 0xA5, 0x08, 0x85, 0x08, 0xA5, 0x08, 0xA5, 0x08,
    0xA5, 0x08, 0xA5, 0x08, 0xA5, 0x08, 0xA5, 0x08, 0xA5, 0x08, 0xA6, 0x08, 0xA6, 0x08, 0xA6, 0x08,
    0xA6, 0x08, 0xA6, 0x08, 0xA6, 0x08, 0xA6, 0x08, 0xC6, 0x08, 0xC6, 0x08, 0xC6, 0x10, 0xE7, 0x10,
    0x07, 0x19, 0x08, 0x19, 0x07, 0x19, 0x07, 0x19, 0x07, 0x19, 0x07, 0x19, 0xE6, 0x18, 0x2B, 0x7B,
    0xAC, 0x93, 0x06, 0x21, 0x47, 0x31, 0x47, 0x31, 0x69, 0x6A, 0x08, 0x5A, 0xA8, 0x41, 0xA7, 0x49,
    0x2B, 0x8B, 0x9C, 0xFF, 0xD7, 0xED, 0x31, 0xC4, 0x2D, 0xAB, 0x8A, 0x9A, 0x09, 0x8A, 0xC7, 0x79,
    0x86, 0x69, 0xE4, 0x50, 0x62, 0x40, 0x62, 0x38, 0x02, 0x49, 0x43, 0x6A, 0x65, 0x8B, 0xA8, 0xB4,
    0xA6, 0xCC, 0xC2, 0xC3, 0x61, 0xBB, 0x42, 0xBB, 0x41, 0xBB, 0xE0, 0x79, 0x23, 0x82, 0xCD, 0xF5,
    0x92, 0xF6, 0xF4, 0xF6, 0x92, 0xF6, 0x2B, 0xDD, 0x08, 0xC4, 0x46, 0xAB, 0x65, 0x9A, 0x69, 0xA2,
    0x28, 0x92, 0xC7, 0x81, 0x05, 0x61, 0xE8, 0x71, 0x4A, 0x82, 0xC9, 0x71, 0x0A, 0x7A, 0x8D, 0x82,
    0x92, 0x9B, 0xFA, 0xE5, 0xB6, 0xD5, 0xA8, 0x49, 0xA8, 0x49, 0x67, 0x39, 0x47, 0x31, 0x47, 0x31,
    0x47, 0x31, 0x06, 0x21, 0x27, 0x21, 0x07, 0x21, 0x07, 0x21, 0x06, 0x21, 0xE6, 0x18, 0xE6, 0x18,
    0xE6, 0x18, 0xE6, 0x20, 0x86, 0x49, 0xCD, 0xC4, 0x88, 0x72, 0xC5, 0x20, 0xC6, 0x10, 0xC6, 0x08,
    0xA6, 0x08, 0xA6, 0x08, 0xA6, 0x08, 0xA6, 0x08, 0xA5, 0x08, 0xA5, 0x08, 0xA5, 0x08, 0xA5, 0x08,
    0xA5, 0x08, 0xA5, 0x08, 0xA5, 0x08, 0xA5, 0x08, 0xA5, 0x08, 0xA5, 0x08, 0xA5, 0x08, 0xA5, 0x08,
    0xA5, 0x08, 0xA6, 0x08, 0xA6, 0x08, 0xA6, 0x08, 0xA6, 0x08, 0xA6, 0x08, 0xA6, 0x08, 0xA6, 0x08,
    0xA6, 0x08, 0xC6, 0x08, 0xC6, 0x08, 0xC6, 0x08, 0xC6, 0x10, 0xE6, 0x10, 0xE7, 0x10, 0xE7, 0x10,
    0xE7, 0x10, 0xE7, 0x10, 0xE7, 0x10, 0xE7, 0x18, 0x07, 0x21, 0x47, 0x29, 0x27, 0x29, 0x27, 0x29,
    0x27, 0x29, 0x47, 0x31, 0x29, 0x5A, 0xE8, 0x51, 0xC8, 0x49, 0x67, 0x41, 0xEE, 0xAB, 0xBC, 0xFF,
    0x9A, 0xFE, 0x56, 0xDD, 0xD0, 0xB3, 0x8C, 0x92, 0xA8, 0x79, 0x45, 0x69, 0xE4, 0x58, 0xC4, 0x50,
    0xC3, 0x48, 0xA3, 0x48, 0x82, 0x40, 0x42, 0x49, 0xA4, 0x72, 0x85, 0x93, 0xE6, 0x9B, 0xE6, 0xA3,
    0x03, 0x9B, 0xE2, 0xA2, 0xC1, 0x79, 0x63, 0x7A, 0x45, 0x9B, 0x0A, 0xE5, 0x70, 0xFE, 0xB3, 0xFE,
    0x8D, 0xE5, 0x89, 0xCC, 0xC7, 0xB3, 0x06, 0x9B, 0x24, 0x7A, 0xA1, 0x40, 0x82, 0x40, 0xA3, 0x48,
    0xC3, 0x48, 0xA8, 0x69, 0xE9, 0x79, 0x2B, 0x7A, 0xCF, 0x8A, 0xF4, 0x9B, 0x18, 0xC5, 0x7B, 0xEE,
    0x58, 0xEE, 0xE8, 0x59, 0x87, 0x41, 0x87, 0x39, 0x87, 0x39, 0xAA, 0x62, 0x27, 0x29, 0x27, 0x29,
    0x27, 0x21, 0x07, 0x21, 0xC7, 0x49, 0x27, 0x29, 0x06, 0x19, 0xE6, 0x10, 0xE6, 0x10, 0xE6, 0x18,
    0x06, 0x29, 0xC5, 0x28, 0x06, 0x29, 0xE6, 0x18, 0xC6, 0x10, 0xC6, 0x08, 0xC6, 0x08, 0xC6, 0x08,
    0xA6, 0x08, 0xA6, 0x08, 0xA6, 0x08, 0xA6, 0x08, 0xA6, 0x08, 0xA6, 0x08, 0xA6, 0x08, 0xA5, 0x08,
    0xA5, 0x08, 0xA5, 0x08, 0xA6, 0x08, 0xA6, 0x08, 0xA6, 0x08, 0xA6, 0x08, 0xA6, 0x08, 0xA6, 0x08,
    0xA6, 0x08, 0xA6, 0x08, 0xA6, 0x08, 0xA6, 0x08, 0xC6, 0x08, 0xC6, 0x08, 0xC6, 0x08, 0xC6, 0x08,
    0xC6, 0x08, 0xC6, 0x08, 0xC6, 0x10, 0xC6, 0x10, 0xE7, 0x10, 0xC7, 0x10, 0xC7, 0x10, 0xE7, 0x10,
    0xE7, 0x10, 0x07, 0x19, 0xE6, 0x18, 0xC6, 0x10, 0x47, 0x29, 0x6A, 0x5A, 0x67, 0x39, 0x47, 0x29,
    0x47, 0x31, 0x88, 0x39, 0xE8, 0x51, 0xCD, 0x9B, 0xB7, 0xEE, 0x7B, 0xFF, 0x59, 0xFE, 0x97, 0xE5,
    0x92, 0xCC, 0x8F, 0xAB, 0xCC, 0x9A, 0x49, 0x8A, 0xC7, 0x79, 0x87, 0x69, 0x46, 0x61, 0x25, 0x59,
    0x04, 0x59, 0xE4, 0x50, 0x44, 0x59, 0x23, 0x6A, 0xA4, 0x72, 0xA4, 0x72, 0x63, 0x6A, 0xE2, 0x61,
    0xE2, 0x61, 0x66, 0x93, 0xAA, 0xC4, 0x47, 0xCC, 0xC9, 0xD4, 0xCA, 0xD4, 0x89, 0xCC, 0xE7, 0xBB,
    0x26, 0xA3, 0x65, 0x7A, 0xE4, 0x61, 0x63, 0x51, 0xC4, 0x38, 0xC5, 0x40, 0x27, 0x51, 0x89, 0x61,
    0x0B, 0x6A, 0xCF, 0x7A, 0xD4, 0x8B, 0x77, 0xA4, 0x18, 0xBD, 0xDA, 0xE5, 0x1A, 0xFF, 0xB0, 0xB4,
    0x29, 0x62, 0xA8, 0x41, 0x88, 0x39, 0x67, 0x31, 0x27, 0x29, 0x27, 0x29, 0x27, 0x21, 0xE8, 0x51,
    0xF3, 0xD5, 0xEA, 0x72, 0xE6, 0x18, 0xE7, 0x10, 0xE7, 0x10, 0xE6, 0x10, 0xE6, 0x18, 0x06, 0x19,
    0xE6, 0x18, 0xC6, 0x10, 0xC6, 0x10, 0xC6, 0x08, 0xC6, 0x08, 0xC6, 0x08, 0xC6, 0x08, 0xA6, 0x08,
    0xA6, 0x08, 0xC6, 0x08, 0xC6, 0x08, 0xA6, 0x08, 0xA6, 0x08, 0xA6, 0x08, 0xA6, 0x08, 0xA6, 0x08,
    0xA6, 0x08, 0xA6, 0x08, 0xA6, 0x08, 0xA6, 0x08, 0xA6, 0x08, 0xA6, 0x08, 0xA6, 0x08, 0xA6, 0x08,
    0xC6, 0x08, 0xC6, 0x08, 0xC6, 0x08, 0xC6, 0x08, 0xC6, 0x08, 0xC6, 0x10, 0xE6, 0x10, 0xE7, 0x10,
    0xE7, 0x10, 0xE7, 0x10, 0xC7, 0x10, 0x67, 0x31, 0x68, 0x31, 0xE7, 0x10, 0x07, 0x19, 0xE7, 0x10,
    0xA8, 0x39, 0x8A, 0x5A, 0xC6, 0x10, 0x4A, 0x5A, 0xEB, 0x72, 0x27, 0x29, 0x88, 0x39, 0xA8, 0x41,
    0x0E, 0xA4, 0xBB, 0xFF, 0xFC, 0xFF, 0xB7, 0xFE, 0xD5, 0xFD, 0x96, 0xED, 0x14, 0xDD, 0x51, 0xCC,
    0xCF, 0xBB, 0x2D, 0xAB, 0xAB, 0x9A, 0x6A, 0x92, 0x29, 0x82, 0x08, 0x7A, 0xE8, 0x79, 0xE7, 0x71,
    0xA7, 0x71, 0x86, 0x69, 0xA4, 0x61, 0x82, 0x59, 0x62, 0x51, 0x02, 0x49, 0xE1, 0x40, 0x87, 0x93,
    0xE8, 0xA3, 0xA4, 0x9A, 0x25, 0xAB, 0xA6, 0xB3, 0x45, 0xAB, 0xC4, 0x92, 0xE3, 0x71, 0xA3, 0x59,
    0x63, 0x51, 0x85, 0x51, 0xC3, 0x38, 0xE5, 0x40, 0x27, 0x51, 0xAA, 0x61, 0x2C, 0x6A, 0xAF, 0x7A,
    0x92, 0x8B, 0x35, 0x9C, 0x75, 0xB4, 0xF4, 0xDC, 0x98, 0xFE, 0xDC, 0xFF, 0xF4, 0xDD, 0x49, 0x62,
    0x88, 0x39, 0x47, 0x29, 0x27, 0x29, 0x27, 0x21, 0x27, 0x21, 0x67, 0x31, 0x8C, 0x8B, 0xC8, 0x41,
    0x07, 0x19, 0xE7, 0x18, 0xE7, 0x10, 0xE7, 0x10, 0xE7, 0x10, 0xE7, 0x10, 0xE7, 0x10, 0xE6, 0x10,
    0xE6, 0x10, 0xE6, 0x10, 0xC6, 0x08, 0xC6, 0x08, 0xC6, 0x08, 0xC6, 0x08, 0xA6, 0x08, 0xA6, 0x08,
    0xA6, 0x08, 0xA6, 0x08, 0xA6, 0x08, 0xC6, 0x08, 0xA6, 0x08, 0xA6, 0x08, 0xA6, 0x08, 0xA6, 0x08,
    0xC6, 0x08, 0xC6, 0x08, 0xC6, 0x08, 0xC6, 0x08, 0xC6, 0x08, 0xC6, 0x08, 0xC7, 0x08, 0xE7, 0x10,
    0xE7, 0x10, 0xE7, 0x10, 0xE7, 0x10, 0xE7, 0x10, 0xE7, 0x10, 0xE7, 0x10, 0xE7, 0x10, 0xE7, 0x10,
    0xC7, 0x08, 0xA8, 0x41, 0xA8, 0x41, 0xE7, 0x10, 0x08, 0x19, 0xE7, 0x10, 0xE9, 0x39, 0xCB, 0x62,
    0xE7, 0x18, 0x48, 0x29, 0x48, 0x29, 0x68, 0x31, 0x68, 0x31, 0x8A, 0x6A, 0x19, 0xF7, 0xBC, 0xFF,
    0x97, 0xFE, 0xD4, 0xFD, 0x12, 0xF5, 0xD1, 0xEC, 0x33, 0xE5, 0xF3, 0xDC, 0x71, 0xD4, 0xEF, 0xC3,
    0x8E, 0xBB, 0x4D, 0xAB, 0x0C, 0xA3, 0xEB, 0x9A, 0xEB, 0x9A, 0xAB, 0x92, 0xCB, 0x92, 0xAA, 0x92,
    0x49, 0x82, 0xC7, 0x71, 0x45, 0x59, 0xE4, 0x50, 0xA3, 0x48, 0x84, 0x61, 0xA2, 0x48, 0x23, 0x59,
    0x44, 0x82, 0x43, 0x82, 0xE3, 0x71, 0x62, 0x59, 0x42, 0x51, 0x22, 0x49, 0x43, 0x51, 0x03, 0x41,
    0xA1, 0x38, 0x43, 0x49, 0x4B, 0x62, 0xEB, 0x61, 0x2C, 0x6A, 0x8F, 0x72, 0x31, 0x83, 0x31, 0x8B,
    0xAD, 0x92, 0xB0, 0xBB, 0x14, 0xE5, 0x58, 0xF6, 0xBC, 0xFF, 0x32, 0xC5, 0x68, 0x41, 0x68, 0x31,
    0x48, 0x29, 0x28, 0x21, 0x28, 0x21, 0x27, 0x21, 0x07, 0x21, 0x07, 0x19, 0x07, 0x19, 0xE7, 0x18,
    0xE7, 0x10, 0xE7, 0x10, 0xE7, 0x10, 0xE7, 0x10, 0xE7, 0x10, 0xE7, 0x10, 0xC7, 0x10, 0xC7, 0x10,
    0xE6, 0x10, 0xE6, 0x10, 0xC6, 0x10, 0xC6, 0x08, 0xC6, 0x08, 0xC6, 0x08, 0xC6, 0x08, 0xA6, 0x08,
    0xA6, 0x08, 0xA6, 0x08, 0xA6, 0x08, 0xA6, 0x08, 0xC6, 0x08, 0xC6, 0x08, 0xC6, 0x08, 0xC7, 0x08,
    0xE7, 0x08, 0xE7, 0x08, 0xE7, 0x08, 0xE7, 0x10, 0xE7, 0x10, 0xE7, 0x10, 0xE7, 0x10, 0xE7, 0x10,
    0xE7, 0x10, 0xE7, 0x10, 0xE7, 0x10, 0x07, 0x11, 0x08, 0x11, 0x08, 0x11, 0x08, 0x11, 0xE8, 0x10,
    0x08, 0x11, 0x28, 0x19, 0x08, 0x19, 0x28, 0x19, 0x08, 0x19, 0xE7, 0x10, 0x28, 0x21, 0x48, 0x21,
    0x69, 0x29, 0x89, 0x31, 0x89, 0x41, 0x74, 0xCD, 0xDD, 0xFF, 0x78, 0xFE, 0xD5, 0xFD, 0x74, 0xF5,
    0xF1, 0xEC, 0x4F, 0xE4, 0x4F, 0xDC, 0x13, 0xE5, 0xF2, 0xDC, 0x71, 0xD4, 0x50, 0xCC, 0x0F, 0xC4,
    0xCE, 0xBB, 0xAE, 0xB3, 0x8D, 0xB3, 0x6D, 0xAB, 0x6D, 0xAB, 0x6D, 0xAB, 0x4C, 0xA3, 0xEB, 0x9A,
    0x8A, 0x8A, 0x28, 0x7A, 0xA7, 0x71, 0x45, 0x61, 0x25, 0x59, 0xE4, 0x50, 0x24, 0x59, 0x62, 0x61,
    0x21, 0x59, 0x21, 0x59, 0x41, 0x61, 0x21, 0x51, 0xE1, 0x48, 0x02, 0x41, 0x43, 0x49, 0xC5, 0x59,
    0x8F, 0x83, 0x91, 0x83, 0xEB, 0x69, 0x6E, 0x72, 0x2C, 0x6A, 0x89, 0x69, 0x0B, 0x82, 0xEE, 0xA2,
    0x11, 0xBC, 0x14, 0xDD, 0x59, 0xF6, 0x5B, 0xFF, 0x2D, 0x83, 0x28, 0x29, 0x69, 0x29, 0x28, 0x21,
    0x28, 0x21, 0x28, 0x19, 0x28, 0x19, 0x08, 0x19, 0x07, 0x19, 0x07, 0x19, 0x07, 0x11, 0x07, 0x11,
    0xE7, 0x10, 0xE7, 0x10, 0xE7, 0x10, 0xE7, 0x10, 0xE7, 0x10, 0xE7, 0x10, 0xE7, 0x10, 0xE7, 0x10,
    0xE7, 0x10, 0xE7, 0x10, 0xC7, 0x10, 0xC7, 0x10, 0xC6, 0x08, 0xC6, 0x08, 0xC6, 0x08, 0xC6, 0x08,
    0xC6, 0x08, 0xC6, 0x08, 0xC7, 0x08, 0xE7, 0x08, 0xE7, 0x08, 0xE7, 0x08, 0xE7, 0x10, 0xE7, 0x10,
    0xE7, 0x10, 0xE8, 0x10, 0xE8, 0x10, 0xE8, 0x10, 0x08, 0x11, 0x08, 0x11, 0x08, 0x11, 0x08, 0x11,
    0x08, 0x11, 0x08, 0x11, 0x08, 0x11, 0x08, 0x11, 0x08, 0x11, 0x28, 0x19, 0x28, 0x19, 0x29, 0x19,
    0x29, 0x19, 0x29, 0x19, 0x29, 0x21, 0x49, 0x21, 0x49, 0x21, 0x49, 0x21, 0x69, 0x29, 0x69, 0x31,
    0x2D, 0x7B, 0x7B, 0xFF, 0xB9, 0xFE, 0x16, 0xFE, 0x94, 0xFD, 0x74, 0xF5, 0x12, 0xF5, 0x90, 0xE4,
    0xED, 0xD3, 0x2F, 0xD4, 0xF2, 0xE4, 0xD2, 0xDC, 0x91, 0xD4, 0x70, 0xD4, 0x50, 0xCC, 0x30, 0xC4,
    0x0F, 0xC4, 0x0F, 0xC4, 0xEF, 0xBB, 0xCF, 0xBB, 0xCE, 0xB3, 0x8D, 0xB3, 0x6D, 0xAB, 0x0B, 0x9B,
    0xAA, 0x92, 0x49, 0x8A, 0x28, 0x82, 0x07, 0x7A, 0xC6, 0x71, 0x85, 0x69, 0x43, 0x61, 0x41, 0x61,
    0xC0, 0x50, 0xA0, 0x40, 0x02, 0x41, 0xA4, 0x59, 0x05, 0x62, 0x88, 0x72, 0x6D, 0x83, 0xB0, 0x83,
    0x0B, 0x6A, 0xAA, 0x61, 0x06, 0x51, 0x47, 0x69, 0xEA, 0x79, 0xAD, 0x92, 0x91, 0xAB, 0x33, 0xBC,
    0x16, 0xD5, 0xBB, 0xFE, 0x96, 0xD5, 0x89, 0x39, 0x69, 0x29, 0x49, 0x21, 0x28, 0x21, 0x28, 0x21,
    0x28, 0x19, 0x08, 0x19, 0x08, 0x19, 0x08, 0x19, 0x08, 0x19, 0x08, 0x11, 0x08, 0x11, 0x08, 0x11,
    0x08, 0x11, 0x08, 0x11, 0x07, 0x11, 0x07, 0x11, 0xE7, 0x10, 0xE7, 0x10, 0xE7, 0x10, 0xE7, 0x10,
    0xE7, 0x10, 0xE7, 0x10, 0xE7, 0x10, 0xE7, 0x08, 0xC7, 0x08, 0xC7, 0x08, 0xC7, 0x08, 0xC6, 0x08,
    0xE7, 0x08, 0xE7, 0x10, 0xE8, 0x10, 0xE8, 0x10, 0x08, 0x11, 0x08, 0x11, 0x08, 0x11, 0x08, 0x11,
    0x08, 0x11, 0x08, 0x11, 0x08, 0x11, 0x08, 0x11, 0x08, 0x11, 0x28, 0x11, 0x29, 0x11, 0x29, 0x11,
    0x29, 0x11, 0x29, 0x19, 0x29, 0x19, 0x29, 0x19, 0x29, 0x19, 0x49, 0x19, 0x29, 0x19, 0x29, 0x19,
    0x49, 0x19, 0x49, 0x21, 0x49, 0x21, 0x6A, 0x29, 0x8A, 0x31, 0x69, 0x31, 0x31, 0x9C, 0x7C, 0xFF,
    0x38, 0xFE, 0xF6, 0xFD, 0xB5, 0xFD, 0x74, 0xF5, 0x12, 0xF5, 0x90, 0xE4, 0x0E, 0xDC, 0x8C, 0xCB,
    0x2F, 0xD4, 0xD2, 0xDC, 0xB1, 0xDC, 0x91, 0xD4, 0x70, 0xD4, 0x70, 0xCC, 0x50, 0xCC, 0x30, 0xCC,
    0x30, 0xC4, 0x0F, 0xC4, 0x0F, 0xC4, 0xEF, 0xBB, 0xCE, 0xBB, 0x6D, 0xAB, 0x2C, 0xAB, 0x0B, 0xA3,
    0xEB, 0x9A, 0xCA, 0x9A, 0x89, 0x92, 0xE8, 0x79, 0x05, 0x7A, 0x44, 0x82, 0x45, 0x7A, 0x25, 0x72,
    0x45, 0x72, 0x45, 0x72, 0x86, 0x7A, 0xA7, 0x7A, 0xA9, 0x7A, 0x2D, 0x83, 0xA9, 0x61, 0xC5, 0x48,
    0xE5, 0x50, 0x67, 0x69, 0xEA, 0x79, 0x8D, 0x92, 0x50, 0xA3, 0x13, 0xB4, 0xD5, 0xC4, 0xF9, 0xE5,
    0x9A, 0xEE, 0x4C, 0x52, 0x49, 0x29, 0x69, 0x29, 0x49, 0x21, 0x29, 0x21, 0x29, 0x19, 0x29, 0x19,
    0x29, 0x19, 0x28, 0x19, 0x08, 0x19, 0x08, 0x19, 0x08, 0x19, 0x08, 0x19, 0x08, 0x11, 0x08, 0x11,
    0x08, 0x11, 0x08, 0x11, 0x08, 0x11, 0x08, 0x11, 0xE8, 0x10, 0xE8, 0x10, 0xE8, 0x10, 0xE7, 0x10,
    0xE7, 0x10, 0xE7, 0x10, 0xE7, 0x08, 0xE7, 0x08, 0xE7, 0x08, 0xE7, 0x08, 0x08, 0x11, 0x08, 0x11,
    0x08, 0x11, 0x08, 0x11, 0x08, 0x11, 0x08, 0x11, 0x08, 0x11, 0x08, 0x11, 0x08, 0x11, 0x28, 0x11,
    0x29, 0x11, 0x29, 0x11, 0x29, 0x19, 0x29, 0x19, 0x29, 0x19, 0x29, 0x19, 0x49, 0x19, 0x49, 0x19,
    0x49, 0x19, 0x49, 0x19, 0x4A, 0x19, 0x4A, 0x19, 0x4A, 0x19, 0x4A, 0x19, 0x6A, 0x19, 0x6A, 0x21,
    0x6A, 0x21, 0x6A, 0x29, 0xAB, 0x31, 0x6A, 0x31, 0x55, 0xBD, 0x5C, 0xFF, 0x59, 0xFE, 0xF6, 0xFD,
    0x94, 0xFD, 0x53, 0xF5, 0xF2, 0xF4, 0x90, 0xE4, 0x0E, 0xDC, 0x8C, 0xCB, 0x2B, 0xC3, 0x4F, 0xD4,
    0xB1, 0xDC, 0x91, 0xD4, 0x91, 0xD4, 0x71, 0xD4, 0x50, 0xCC, 0x50, 0xCC, 0x30, 0xCC, 0x50, 0xC4,
    0x30, 0xC4, 0x0F, 0xC4, 0xEF, 0xBB, 0xCE, 0xBB, 0x8D, 0xB3, 0x6D, 0xB3, 0x2C, 0xAB, 0x2C, 0xA3,
    0xEA, 0xA2, 0x69, 0x8A, 0x86, 0x92, 0x65, 0xB3, 0xA7, 0xB3, 0x47, 0xA3, 0x06, 0x9B, 0xA5, 0x8A,
    0x65, 0x7A, 0xE4, 0x69, 0xA4, 0x69, 0x07, 0x72, 0x06, 0x49, 0xA4, 0x48, 0x05, 0x59, 0x67, 0x71,
    0x0A, 0x82, 0xAD, 0x92, 0x50, 0xA3, 0xF3, 0xB3, 0xD6, 0xC4, 0x99, 0xD5, 0xBC, 0xF6, 0x0F, 0x6B,
    0x29, 0x21, 0x6A, 0x29, 0x49, 0x21, 0x49, 0x19, 0x29, 0x19, 0x29, 0x19, 0x29, 0x19, 0x29, 0x19,
    0x28, 0x19, 0x28, 0x19, 0x08, 0x19, 0x08, 0x19, 0x08, 0x19, 0x08, 0x19, 0x08, 0x11, 0x08, 0x11,
    0x08, 0x11, 0x08, 0x11, 0x08, 0x11, 0xE8, 0x10, 0xE8, 0x10, 0xE8, 0x10, 0xE8, 0x10, 0xE8, 0x10,
    0xE8, 0x10, 0xE7, 0x10, 0xE7, 0x10, 0xE7, 0x08, 0x08, 0x11, 0x08, 0x11, 0x28, 0x11, 0x29, 0x11,
    0x29, 0x11, 0x29, 0x11, 0x29, 0x11, 0x29, 0x11, 0x29, 0x19, 0x29, 0x19, 0x29, 0x19, 0x49, 0x19,
    0x49, 0x19, 0x4A, 0x19, 0x4A, 0x19, 0x4A, 0x19, 0x4A, 0x19, 0x4A, 0x19, 0x6A, 0x19, 0x6A, 0x19,
    0x6A, 0x19, 0x6A, 0x19, 0x6A, 0x19, 0x6A, 0x21, 0x6A, 0x21, 0x6A, 0x21, 0x8B, 0x21, 0x8A, 0x29,
    0x8B, 0x21, 0xAB, 0x39, 0x75, 0xDD, 0x77, 0xFE, 0x57, 0xF6, 0x57, 0xFE, 0x94, 0xFD, 0x12, 0xF5,
    0xB1, 0xEC, 0x4F, 0xE4, 0xCD, 0xD3, 0x6C, 0xC3, 0xC9, 0xB2, 0x0B, 0xB3, 0x50, 0xD4, 0x50, 0xD4,
    0x70, 0xD4, 0x50, 0xCC, 0x50, 0xCC, 0x50, 0xCC, 0x30, 0xC4, 0x30, 0xC4, 0x2F, 0xC4, 0x0F, 0xC4,
    0xEF, 0xBB, 0xCE, 0xBB, 0x8D, 0xB3, 0x6D, 0xB3, 0x4C, 0xAB, 0x2C, 0xAB, 0x0B, 0xA3, 0xCA, 0x9A,
    0x47, 0x8A, 0x04, 0xAB, 0x44, 0xB3, 0x04, 0xA3, 0xA3, 0x9A, 0x43, 0x82, 0x82, 0x61, 0x42, 0x59,
    0x62, 0x61, 0x65, 0x59, 0x63, 0x38, 0xA3, 0x48, 0x05, 0x61, 0x87, 0x79, 0x4A, 0x92, 0xEC, 0xA2,
    0x6F, 0xB3, 0x53, 0xC4, 0x77, 0xDD, 0xD8, 0xE5, 0x58, 0xF6, 0x90, 0x93, 0x29, 0x19, 0x4A, 0x21,
    0x49, 0x21, 0x49, 0x21, 0x29, 0x19, 0x29, 0x19, 0x29, 0x19, 0x29, 0x19, 0x29, 0x19, 0x08, 0x19,
    0x08, 0x19, 0x08, 0x19, 0x28, 0x19, 0x28, 0x11, 0x28, 0x11, 0x28, 0x11, 0x08, 0x11, 0x08, 0x11,
    0x08, 0x11, 0x08, 0x11, 0x08, 0x11, 0x08, 0x11, 0x08, 0x11, 0x08, 0x11, 0xE8, 0x10, 0xE8, 0x10,
    0xE8, 0x10, 0xE7, 0x10, 0x29, 0x11, 0x29, 0x11, 0x29, 0x11, 0x29, 0x11, 0x29, 0x19, 0x29, 0x19,
    0x29, 0x19, 0x2A, 0x19, 0x4A, 0x19, 0x4A, 0x19, 0x4A, 0x19, 0x4A, 0x19, 0x4A, 0x19, 0x4A, 0x19,
    0x6A, 0x19, 0x6A, 0x19, 0x6A, 0x19, 0x6A, 0x21, 0x6B, 0x21, 0x6B, 0x21, 0x6B, 0x21, 0x8B, 0x21,
    0x8B, 0x21, 0x8B, 0x21, 0x8B, 0x29, 0xAB, 0x29, 0x8B, 0x29, 0x2C, 0x4A, 0x71, 0xB4, 0x0F, 0xB4,
    0x8D, 0xCB, 0xEE, 0xD3, 0x0E, 0xCC, 0x6F, 0xD4, 0x12, 0xED, 0x90, 0xEC, 0x4F, 0xE4, 0x0E, 0xDC,
    0xAD, 0xCB, 0x2B, 0xBB, 0xA9, 0xAA, 0x07, 0x92, 0x4C, 0xB3, 0x0F, 0xC4, 0x0F, 0xC4, 0x0F, 0xC4,
    0x2F, 0xC4, 0x0F, 0xC4, 0x0F, 0xC4, 0x0F, 0xC4, 0xEF, 0xBB, 0xCE, 0xBB, 0xAE, 0xBB, 0x8D, 0xB3,
    0x8D, 0xB3, 0x2C, 0xAB, 0x0B, 0xA3, 0xEA, 0xA2, 0x0B, 0xA3, 0xAA, 0x9A, 0x28, 0x82, 0xE5, 0x79,
    0x42, 0x92, 0x22, 0x8A, 0x61, 0x69, 0xC0, 0x50, 0xE0, 0x50, 0xE1, 0x50, 0xE2, 0x40, 0xC7, 0x61,
    0xCC, 0x72, 0x46, 0x51, 0xE4, 0x58, 0xC7, 0x81, 0x6A, 0xA2, 0x0C, 0xB3, 0x10, 0xCC, 0x55, 0xED,
    0xF2, 0xE4, 0xF2, 0xE4, 0x6C, 0xC3, 0x09, 0x92, 0x8E, 0x9B, 0xB0, 0xA3, 0x8A, 0x31, 0x49, 0x21,
    0x69, 0x29, 0x49, 0x21, 0x49, 0x21, 0x49, 0x21, 0x29, 0x19, 0x29, 0x19, 0x29, 0x19, 0x28, 0x19,
    0x28, 0x19, 0x28, 0x19, 0x08, 0x19, 0x08, 0x11, 0x08, 0x11, 0x08, 0x11, 0x08, 0x11, 0x08, 0x11,
    0x08, 0x11, 0x08, 0x11, 0x08, 0x11, 0x08, 0x11, 0x08, 0x11, 0x08, 0x11, 0x08, 0x11, 0xE8, 0x10,
    0x29, 0x11, 0x29, 0x11, 0x29, 0x19, 0x2A, 0x19, 0x4A, 0x19, 0x4A, 0x19, 0x4A, 0x19, 0x4A, 0x19,
    0x4A, 0x19, 0x4A, 0x19, 0x6A, 0x19, 0x6A, 0x19, 0x6A, 0x19, 0x6A, 0x21, 0x6A, 0x21, 0x6B, 0x21,
    0x8B, 0x21, 0x8B, 0x21, 0x8B, 0x21, 0x8B, 0x29, 0xAB, 0x29, 0xAB, 0x29, 0xAB, 0x31, 0xCB, 0x31,
    0xCB, 0x39, 0xEB, 0x39, 0xCB, 0x31, 0xCD, 0x8A, 0x0E, 0xE4, 0xAC, 0xE3, 0x8A, 0xBA, 0xCB, 0xBA,
    0x8D, 0xC3, 0xAA, 0xAA, 0xAA, 0xAA, 0x8D, 0xCB, 0x6C, 0xCB, 0x8D, 0xCB, 0x4C, 0xC3, 0xCA, 0xB2,
    0x48, 0x9A, 0xA6, 0x81, 0xE7, 0x89, 0x4C, 0xB3, 0x8D, 0xB3, 0xCE, 0xBB, 0xCE, 0xBB, 0xCE, 0xBB,
    0xAE, 0xBB, 0xAE, 0xB3, 0xAE, 0xB3, 0x6D, 0xB3, 0x6D, 0xAB, 0x4C, 0xAB, 0x2C, 0xA3, 0x0B, 0xA3,
    0xCA, 0xA2, 0xAA, 0x9A, 0xAA, 0x9A, 0x29, 0xAB, 0xE9, 0xBB, 0x08, 0xC4, 0x48, 0xCC, 0xE7, 0xC3,
    0x88, 0xB3, 0x87, 0x82, 0x81, 0x30, 0x60, 0x30, 0x62, 0x59, 0xE4, 0x71, 0x0A, 0x8B, 0xAF, 0x93,
    0x66, 0x69, 0x07, 0x92, 0xCA, 0xB2, 0x4D, 0xC3, 0x30, 0xDC, 0x0F, 0xD4, 0x70, 0xDC, 0x6D, 0xBB,
    0x86, 0x81, 0x04, 0x71, 0xEA, 0xC2, 0xAA, 0xB2, 0x89, 0x51, 0xA9, 0x31, 0x89, 0x31, 0x89, 0x31,
    0x69, 0x31, 0x69, 0x29, 0x69, 0x29, 0x49, 0x21, 0x49, 0x21, 0x49, 0x21, 0x29, 0x21, 0x29, 0x21,
    0x28, 0x19, 0x28, 0x19, 0x08, 0x19, 0x08, 0x19, 0x08, 0x19, 0x08, 0x19, 0x08, 0x11, 0x08, 0x11,
    0x08, 0x11, 0x08, 0x11, 0x08, 0x11, 0x08, 0x11, 0x08, 0x11, 0x08, 0x11, 0x4A, 0x11, 0x4A, 0x19,
    0x4A, 0x19, 0x4A, 0x19, 0x4A, 0x19, 0x4A, 0x19, 0x4A, 0x19, 0x6A, 0x19, 0x6A, 0x19, 0x6A, 0x19,
    0x6B, 0x21, 0x6B, 0x21, 0x8B, 0x21, 0x8B, 0x21, 0x8B, 0x29, 0x8B, 0x29, 0xAB, 0x29, 0xAB, 0x31,
    0xAB, 0x31, 0xCB, 0x31, 0xCB, 0x39, 0xEB, 0x39, 0xEB, 0x41, 0x0B, 0x42, 0x0B, 0x4A, 0x0B, 0x4A,
    0x2C, 0x4A, 0xAC, 0x92, 0x8A, 0xBA, 0x4C, 0xCB, 0xEB, 0xBA, 0x69, 0xAA, 0xCA, 0xB2, 0x0B, 0xB3,
    0xC7, 0x91, 0x8A, 0xA2, 0xCA, 0xB2, 0xCA, 0xB2, 0xCA, 0xB2, 0x69, 0xA2, 0xE7, 0x89, 0x86, 0x79,
    0x24, 0x69, 0x48, 0x8A, 0xEB, 0xA2, 0x0B, 0xA3, 0x4C, 0xAB, 0x4C, 0xAB, 0x4C, 0xAB, 0x4C, 0xAB,
    0x4C, 0xAB, 0x0C, 0xA3, 0x2C, 0xA3, 0xEB, 0x9A, 0xCA, 0x92, 0xCA, 0x9A, 0x69, 0x92, 0x68, 0x8A,
    0xE9, 0xBB, 0xEA, 0xDC, 0x68, 0xD4, 0x2B, 0xE5, 0x4B, 0xE5, 0xEA, 0xDC, 0xAA, 0xD4, 0xAD, 0xD4,
    0x10, 0xA4, 0x46, 0x72, 0x26, 0x9B, 0x67, 0xA3, 0x07, 0x9B, 0x6B, 0x9B, 0x27, 0x7A, 0x28, 0x92,
    0x2B, 0xBB, 0xAD, 0xD3, 0xCE, 0xD3, 0x0F, 0xD4, 0xAE, 0xC3, 0xC7, 0x91, 0x46, 0x71, 0x25, 0x69,
    0x09, 0x92, 0x05, 0x69, 0x88, 0x59, 0xEA, 0x49, 0xC9, 0x49, 0xA9, 0x41, 0xA9, 0x41, 0xA9, 0x39,
    0x69, 0x31, 0x69, 0x31, 0x69, 0x31, 0x69, 0x29, 0x49, 0x29, 0x49, 0x29, 0x49, 0x21, 0x49, 0x21,
    0x29, 0x21, 0x29, 0x21, 0x29, 0x19, 0x28, 0x19, 0x29, 0x19, 0x08, 0x19, 0x28, 0x19, 0x28, 0x19,
    0x28, 0x11, 0x28, 0x11, 0x08, 0x11, 0x08, 0x11, 0x4A, 0x11, 0x4A, 0x19, 0x4A, 0x19, 0x4A, 0x19,
    0x4A, 0x19, 0x6A, 0x19, 0x6A, 0x21, 0x6B, 0x21, 0x6B, 0x21, 0x8B, 0x21, 0x8B, 0x21, 0x8B, 0x29,
    0xAB, 0x29, 0xAB, 0x29, 0xAB, 0x31, 0xCB, 0x31, 0xCB, 0x39, 0xCB, 0x39, 0xEB, 0x41, 0x0B, 0x42,
    0x0B, 0x4A, 0x2B, 0x4A, 0x2B, 0x52, 0x4C, 0x5A, 0xAC, 0x6A, 0xAC, 0x6A, 0x6C, 0x5A, 0x8B, 0x82,
    0x69, 0xB2, 0xAA, 0xB2, 0xEB, 0xBA, 0x48, 0xA2, 0x69, 0xAA, 0xAA, 0xB2, 0x28, 0x9A, 0xA7, 0x81,
    0x6A, 0x9A, 0x28, 0x9A, 0x49, 0x9A, 0xE7, 0x89, 0x66, 0x79, 0x25, 0x69, 0xC3, 0x50, 0x24, 0x59,
    0x08, 0x7A, 0x69, 0x8A, 0x8A, 0x92, 0xAA, 0x92, 0xAA, 0x92, 0xAA, 0x92, 0xAA, 0x92, 0xAA, 0x92,
    0xAA, 0x92, 0x69, 0x8A, 0x28, 0x82, 0x49, 0x8A, 0x08, 0x7A, 0xA9, 0xB3, 0x4B, 0xED, 0x8D, 0xED,
    0x8E, 0xE5, 0x10, 0xF6, 0xD0, 0xED, 0xAE, 0xED, 0xAA, 0xD4, 0xE9, 0xBB, 0xEE, 0xA3, 0x51, 0xAC,
    0xA8, 0xAB, 0x87, 0xAB, 0x27, 0xA3, 0x86, 0x92, 0xA4, 0x79, 0x28, 0x92, 0x6C, 0xC3, 0xCE, 0xD3,
    0xCE, 0xD3, 0xCE, 0xD3, 0x49, 0xA2, 0x66, 0x79, 0x05, 0x61, 0x66, 0x71, 0x66, 0x71, 0xC4, 0x50,
    0xA8, 0x59, 0x4A, 0x62, 0x09, 0x62, 0x49, 0x6A, 0xE9, 0x59, 0xE9, 0x49, 0x2A, 0x52, 0xA9, 0x41,
    0xA9, 0x39, 0x89, 0x39, 0x89, 0x31, 0x69, 0x31, 0x69, 0x29, 0x69, 0x29, 0x49, 0x29, 0x49, 0x21,
    0x49, 0x21, 0x49, 0x21, 0x29, 0x21, 0x29, 0x19, 0x29, 0x19, 0x29, 0x19, 0x29, 0x19, 0x29, 0x19,
    0x29, 0x11, 0x28, 0x11, 0x4A, 0x19, 0x4A, 0x19, 0x4A, 0x19, 0x6A, 0x19, 0x6A, 0x19, 0x6B, 0x21,
    0x6B, 0x21, 0x8B, 0x21, 0x8B, 0x21, 0x8B, 0x29, 0xAB, 0x29, 0xAB, 0x31, 0xAB, 0x31, 0xCB, 0x31,
    0xCB, 0x39, 0xCB, 0x39, 0xEB, 0x41, 0x0B, 0x42, 0x2B, 0x4A, 0x2B, 0x52, 0x2B, 0x5A, 0x6C, 0x5A,
    0x4C, 0x5A, 0xCC, 0x72, 0x12, 0xB5, 0xEF, 0x9B, 0x8B, 0x6A, 0xAB, 0x7A, 0x69, 0xAA, 0x49, 0xAA,
    0x49, 0xAA, 0x28, 0xA2, 0x28, 0xA2, 0x8A, 0xAA, 0xAA, 0xAA, 0x66, 0x79, 0x08, 0x8A, 0xA7, 0x81,
    0x87, 0x81, 0x66, 0x71, 0x25, 0x69, 0xE4, 0x58, 0xC3, 0x48, 0xA3, 0x40, 0x24, 0x51, 0xC7, 0x71,
    0xE7, 0x79, 0xE8, 0x79, 0x28, 0x7A, 0x28, 0x7A, 0x08, 0x7A, 0x49, 0x82, 0x28, 0x7A, 0x08, 0x7A,
    0xE7, 0x71, 0xA7, 0x69, 0x07, 0x7A, 0x8A, 0xD4, 0x8D, 0xED, 0x10, 0xF6, 0x72, 0xF6, 0x54, 0xEE,
    0x95, 0xF6, 0xAE, 0xE5, 0x89, 0xCC, 0x88, 0xAB, 0x66, 0x7A, 0x4C, 0x93, 0x86, 0x82, 0x05, 0x9B,
    0xC5, 0x92, 0x24, 0x8A, 0x42, 0x71, 0xC7, 0x81, 0xAD, 0xCB, 0xCE, 0xD3, 0xCE, 0xD3, 0x4C, 0xC3,
    0xA7, 0x89, 0x25, 0x69, 0xE5, 0x58, 0x25, 0x61, 0x05, 0x61, 0xE5, 0x50, 0x29, 0x6A, 0x49, 0x6A,
    0xEA, 0x8A, 0x71, 0xEE, 0x0A, 0x8B, 0xE9, 0x59, 0x2A, 0x5A, 0xC9, 0x49, 0xC9, 0x49, 0xA9, 0x41,
    0xA9, 0x39, 0x89, 0x39, 0xA9, 0x41, 0x89, 0x31, 0x69, 0x31, 0x69, 0x29, 0x69, 0x29, 0x49, 0x29,
    0x49, 0x21, 0x49, 0x21, 0x49, 0x21, 0x29, 0x19, 0x29, 0x19, 0x29, 0x19, 0x29, 0x19, 0x29, 0x19,
    0x4A, 0x19, 0x4A, 0x19, 0x6A, 0x21, 0x6A, 0x21, 0x6B, 0x21, 0x8B, 0x21, 0x8B, 0x21, 0x8B, 0x29,
    0x8B, 0x29, 0xAB, 0x29, 0xAB, 0x31, 0xCB, 0x31, 0xCB, 0x31, 0xCB, 0x39, 0x0B, 0x4A, 0x8C, 0x62,
    0xEB, 0x41, 0x2B, 0x4A, 0x4B, 0x5A, 0xAC, 0x72, 0xAB, 0x7A, 0xAC, 0x72, 0x0D, 0x7B, 0xAB, 0x72,
    0xAB, 0x6A, 0xCB, 0x72, 0xEB, 0x7A, 0xEB, 0x7A, 0x69, 0x92, 0x49, 0xA2, 0x49, 0xA2, 0x69, 0xAA,
    0x69, 0xAA, 0xAA, 0xB2, 0xAA, 0xAA, 0x46, 0x71, 0x67, 0x71, 0x67, 0x71, 0x26, 0x69, 0x05, 0x59,
    0xC4, 0x48, 0xA3, 0x40, 0x83, 0x38, 0x62, 0x30, 0x82, 0x30, 0xE4, 0x40, 0x45, 0x51, 0x65, 0x59,
    0x66, 0x61, 0x66, 0x59, 0x86, 0x61, 0x86, 0x61, 0x86, 0x59, 0x65, 0x59, 0x65, 0x59, 0xE4, 0x48,
    0x26, 0x7A, 0xA9, 0xD4, 0x2B, 0xDD, 0xAE, 0xED, 0xF0, 0xED, 0xAF, 0xE5, 0x6E, 0xE5, 0xCA, 0xD4,
    0x07, 0xBC, 0x06, 0x9B, 0x08, 0x93, 0x67, 0x7A, 0x43, 0x51, 0x03, 0x72, 0x24, 0x7A, 0x83, 0x69,
    0xC1, 0x58, 0x45, 0x69, 0x6D, 0xBB, 0x8D, 0xC3, 0x6D, 0xCB, 0x8A, 0xAA, 0x66, 0x79, 0x25, 0x69,
    0x05, 0x61, 0x05, 0x61, 0xC5, 0x50, 0x46, 0x59, 0xAA, 0x7A, 0x69, 0x72, 0xA9, 0x82, 0x6A, 0x93,
    0xC9, 0x7A, 0x09, 0x5A, 0xEB, 0x7A, 0x2C, 0x83, 0xC9, 0x49, 0xC9, 0x49, 0xC9, 0x41, 0xA9, 0x41,
    0x09, 0x52, 0xA9, 0x39, 0x89, 0x31, 0x89, 0x31, 0x89, 0x31, 0x69, 0x29, 0x69, 0x29, 0x69, 0x29,
    0x49, 0x21, 0x49, 0x21, 0x49, 0x21, 0x49, 0x21, 0x49, 0x19, 0x49, 0x19, 0x6A, 0x19, 0x6A, 0x19,
    0x6A, 0x21, 0x6B, 0x21, 0x8A, 0x21, 0x8A, 0x21, 0x8A, 0x29, 0x8B, 0x29, 0xAB, 0x29, 0xAB, 0x31,
    0xAB, 0x31, 0xCB, 0x31, 0xCB, 0x39, 0xCB, 0x39, 0x4C, 0x4A, 0x6C, 0x52, 0x0B, 0x4A, 0x4B, 0x52,
    0x2A, 0x5A, 0xCF, 0xBC, 0xF2, 0xDD, 0x6A, 0x72, 0xCC, 0x72, 0xEC, 0x7A, 0xCB, 0x72, 0xEB, 0x7A,
    0xEB, 0x82, 0x0B, 0x83, 0xCA, 0x8A, 0x49, 0xA2, 0x6A, 0xAA, 0x8A, 0xAA, 0x8A, 0xAA, 0x8A, 0xAA,
    0x6A, 0xA2, 0xE4, 0x60, 0x05, 0x61, 0x26, 0x61, 0xE5, 0x50, 0xC4, 0x40, 0x83, 0x38, 0x83, 0x30,
    0x62, 0x30, 0x41, 0x20, 0x21, 0x18, 0x41, 0x20, 0x82, 0x30, 0xC3, 0x38, 0xE4, 0x40, 0x04, 0x41,
    0x04, 0x41, 0xE4, 0x40, 0x04, 0x41, 0xE4, 0x40, 0x04, 0x41, 0xA3, 0x38, 0xA5, 0x61, 0x08, 0xC4,
    0xC6, 0xC3, 0x48, 0xCC, 0xA9, 0xD4, 0x48, 0xCC, 0x07, 0xC4, 0xC6, 0xBB, 0x25, 0xA3, 0x44, 0x7A,
    0xA3, 0x61, 0x64, 0x51, 0xA1, 0x30, 0xE1, 0x38, 0x22, 0x49, 0xC1, 0x48, 0x60, 0x30, 0xA3, 0x38,
    0xCB, 0x9A, 0x0B, 0xB3, 0xCB, 0xB2, 0x09, 0x9A, 0x46, 0x71, 0x25, 0x69, 0x05, 0x61, 0x05, 0x59,
    0xA4, 0x40, 0x48, 0x72, 0xC9, 0x82, 0x89, 0x7A, 0x69, 0x72, 0x28, 0x6A, 0x48, 0x6A, 0x89, 0x72,
    0x8A, 0x72, 0x6A, 0x6A, 0x2A, 0x5A, 0x4A, 0x5A, 0x0A, 0x52, 0xE9, 0x49, 0xA9, 0x41, 0xA9, 0x39,
    0xA9, 0x39, 0xA9, 0x39, 0x8A, 0x31, 0x89, 0x31, 0x69, 0x29, 0x69, 0x29, 0x69, 0x29, 0x69, 0x21,
    0x49, 0x21, 0x49, 0x21, 0x49, 0x21, 0x49, 0x19, 0x6A, 0x19, 0x6A, 0x21, 0x6A, 0x21, 0x8A, 0x21,
    0x6A, 0x21, 0x8A, 0x21, 0x8A, 0x29, 0x8A, 0x29, 0xAB, 0x29, 0xAB, 0x29, 0xEB, 0x39, 0xEB, 0x39,
    0xCB, 0x39, 0xEB, 0x39, 0x0B, 0x42, 0x2B, 0x4A, 0x0B, 0x4A, 0x4B, 0x52, 0x4B, 0x5A, 0x0B, 0x8B,
    0x8B, 0xA3, 0x8B, 0x72, 0xAB, 0x6A, 0xAB, 0x72, 0xEB, 0x7A, 0xEB, 0x7A, 0xEA, 0x82, 0x0A, 0x83,
    0x0A, 0x83, 0x69, 0x8A, 0x69, 0xAA, 0xAA, 0xB2, 0x8A, 0xAA, 0x8A, 0xAA, 0x08, 0x92, 0x83, 0x40,
    0xE5, 0x48, 0xC5, 0x48, 0x84, 0x38, 0x62, 0x20, 0x41, 0x18, 0x21, 0x10, 0x00, 0x08, 0x00, 0x08,
    0x00, 0x00, 0x01, 0x00, 0x21, 0x08, 0x21, 0x08, 0x41, 0x10, 0x41, 0x18, 0x42, 0x18, 0x62, 0x18,
    0x61, 0x18, 0x61, 0x18, 0x61, 0x20, 0x21, 0x10, 0x81, 0x20, 0xE6, 0x9A, 0x05, 0xAB, 0x45, 0xAB,
    0x85, 0xB3, 0x45, 0xAB, 0xE4, 0x9A, 0x83, 0x8A, 0x23, 0x7A, 0x22, 0x49, 0xC2, 0x38, 0xA1, 0x28,
    0x40, 0x18, 0x60, 0x20, 0x80, 0x28, 0x60, 0x20, 0x00, 0x08, 0x00, 0x10, 0xA6, 0x61, 0xEB, 0xA2,
    0x08, 0x9A, 0xA7, 0x81, 0x26, 0x69, 0x26, 0x61, 0x06, 0x61, 0xA4, 0x48, 0xA6, 0x59, 0xC9, 0x8A,
    0xA8, 0x82, 0x88, 0x7A, 0x88, 0x7A, 0xA9, 0x7A, 0xEA, 0x82, 0x89, 0x72, 0x29, 0x62, 0x09, 0x5A,
    0x6D, 0x7B, 0x30, 0x94, 0xAC, 0x62, 0xE9, 0x49, 0xA9, 0x41, 0xC9, 0x41, 0xA9, 0x39, 0xAA, 0x39,
    0xAA, 0x31, 0x8A, 0x31, 0x8A, 0x29, 0x8A, 0x29, 0x6A, 0x29, 0x6A, 0x21, 0x6A, 0x21, 0x4A, 0x21,
    0x49, 0x21, 0x49, 0x21, 0x6A, 0x19, 0x6A, 0x21, 0x6A, 0x21, 0x6A, 0x21, 0x6A, 0x21, 0x8A, 0x21,
    0x8A, 0x29, 0x8A, 0x29, 0xAB, 0x29, 0x8A, 0x29, 0x0B, 0x42, 0xEB, 0x39, 0xCB, 0x39, 0xCB, 0x39,
    0xEB, 0x41, 0xEB, 0x49, 0xCC, 0x6A, 0x4B, 0x52, 0x8B, 0x62, 0x0C, 0x7B, 0x4B, 0x62, 0x8B, 0x6A,
    0x6B, 0x6A, 0x0B, 0x7B, 0x8C, 0x93, 0xAA, 0x72, 0xCA, 0x7A, 0xEA, 0x82, 0xE9, 0x82, 0x68, 0x6A,
    0x87, 0x59, 0xC8, 0x89, 0x28, 0x9A, 0xC7, 0x89, 0xA3, 0x50, 0x42, 0x28, 0x62, 0x20, 0x21, 0x10,
    0x00, 0x00, 0x01, 0x00, 0x22, 0x00, 0x42, 0x08, 0x63, 0x08, 0x84, 0x08, 0xA5, 0x08, 0xA5, 0x10,
    0xA5, 0x10, 0xA5, 0x10, 0xA5, 0x08, 0xA5, 0x08, 0xA5, 0x08, 0x84, 0x08, 0x84, 0x08, 0x84, 0x08,
    0x84, 0x08, 0x83, 0x08, 0x63, 0x00, 0x24, 0x39, 0x24, 0x7A, 0x44, 0x8A, 0x44, 0x82, 0x43, 0x82,
    0x82, 0x69, 0x22, 0x51, 0xE1, 0x40, 0xA1, 0x30, 0x61, 0x18, 0x00, 0x08, 0x00, 0x08, 0x20, 0x08,
    0x20, 0x08, 0x00, 0x00, 0x00, 0x00, 0x00, 0x00, 0x21, 0x10, 0x86, 0x51, 0xA6, 0x69, 0xE4, 0x58,
    0xC4, 0x50, 0xC4, 0x48, 0x63, 0x38, 0x25, 0x49, 0xA7, 0x82, 0xA7, 0x82, 0x87, 0x7A, 0x67, 0x7A,
    0x68, 0x7A, 0x88, 0x7A, 0xA9, 0x7A, 0x28, 0x62, 0xCB, 0x7A, 0x8A, 0x6A, 0x09, 0x52, 0x0A, 0x52,
    0xEA, 0x49, 0x0A, 0x52, 0xCB, 0x72, 0xCA, 0x41, 0xAA, 0x39, 0xAA, 0x39, 0xAA, 0x31, 0x8A, 0x31,
    0x8A, 0x29, 0x8A, 0x29, 0x6A, 0x29, 0x6A, 0x29, 0x6A, 0x21, 0x4A, 0x21, 0x49, 0x21, 0x49, 0x21,
    0x6A, 0x19, 0x6A, 0x19, 0x6A, 0x21, 0x6A, 0x21, 0x6A, 0x21, 0x8A, 0x21, 0x8A, 0x21, 0x8A, 0x29,
    0x8A, 0x29, 0x8A, 0x29, 0x8A, 0x29, 0xAA, 0x31, 0xCA, 0x39, 0xCB, 0x39, 0xCA, 0x39, 0xEA, 0x41,
    0x2C, 0x7B, 0x2B, 0x52, 0x2A, 0x52, 0x4B, 0x5A, 0xAB, 0x72, 0xCB, 0x72, 0x4A, 0x62, 0x4A, 0x62,
    0x0B, 0x83, 0xCA, 0x7A, 0x69, 0x72, 0x49, 0x6A, 0xE9, 0x51, 0x68, 0x31, 0x07, 0x11, 0xC6, 0x18,
    0xE5, 0x28, 0xA4, 0x20, 0x64, 0x10, 0x84, 0x10, 0x64, 0x08, 0x64, 0x08, 0x84, 0x08, 0xC6, 0x10,
    0xE6, 0x18, 0x06, 0x21, 0x06, 0x31, 0xE6, 0x20, 0xE7, 0x18, 0xE6, 0x18, 0xE6, 0x18, 0xC6, 0x10,
    0xE6, 0x18, 0xE7, 0x18, 0xE7, 0x18, 0xE7, 0x10, 0xE7, 0x10, 0xE6, 0x10, 0xE6, 0x10, 0xE6, 0x10,
    0xE6, 0x10, 0xA5, 0x08, 0xA4, 0x18, 0xA1, 0x30, 0xA1, 0x30, 0xA1, 0x30, 0x80, 0x30, 0x60, 0x20,
    0x20, 0x10, 0x20, 0x08, 0x00, 0x00, 0x00, 0x00, 0x00, 0x00, 0x01, 0x00, 0x01, 0x00, 0x22, 0x00,
    0x43, 0x08, 0x64, 0x08, 0x84, 0x08, 0x64, 0x08, 0xC5, 0x18, 0xA4, 0x18, 0x64, 0x10, 0x84, 0x10,
    0x85, 0x08, 0x08, 0x19, 0x68, 0x31, 0x08, 0x52, 0x69, 0x6A, 0xA9, 0x72, 0x89, 0x72, 0x49, 0x6A,
    0x49, 0x62, 0x2A, 0x5A, 0xCB, 0x72, 0xCC, 0x72, 0xEA, 0x51, 0xEA, 0x49, 0xEA, 0x41, 0xEA, 0x49,
    0x6B, 0x5A, 0xCA, 0x39, 0xAA, 0x39, 0xAA, 0x31, 0x8A, 0x31, 0x8A, 0x29, 0x8A, 0x29, 0x6A, 0x29,
    0x6A, 0x29, 0x6A, 0x21, 0x4A, 0x21, 0x49, 0x21, 0x49, 0x21, 0x49, 0x21, 0x4A, 0x19, 0x6A, 0x19,
    0x6A, 0x19, 0x6A, 0x21, 0x6A, 0x21, 0x6A, 0x21, 0x6A, 0x21, 0x6A, 0x21, 0x8A, 0x29, 0x8A, 0x29,
    0x8A, 0x29, 0xAA, 0x31, 0xAA, 0x31, 0xAA, 0x39, 0xCA, 0x39, 0xCA, 0x39, 0xAA, 0x39, 0xEA, 0x41,
    0xEA, 0x49, 0x0A, 0x52, 0x2A, 0x52, 0x2A, 0x5A, 0x2A, 0x5A, 0x29, 0x5A, 0x49, 0x62, 0x09, 0x52,
    0xA9, 0x41, 0x48, 0x21, 0x09, 0x11, 0x08, 0x11, 0x08, 0x19, 0x08, 0x11, 0x08, 0x11, 0x08, 0x11,
    0x08, 0x11, 0x08, 0x19, 0xE8, 0x18, 0x48, 0x21, 0xC9, 0x39, 0xE7, 0x18, 0xE7, 0x18, 0xA8, 0x49,
    0x11, 0xBD, 0xC8, 0x49, 0xE7, 0x18, 0xE7, 0x18, 0xE7, 0x18, 0x07, 0x21, 0x27, 0x21, 0xE7, 0x18,
    0xE7, 0x10, 0x07, 0x19, 0x07, 0x21, 0xE7, 0x10, 0xE7, 0x10, 0xC6, 0x10, 0xE7, 0x10, 0xE7, 0x18,
    0xC6, 0x10, 0xA5, 0x08, 0xA4, 0x10, 0x84, 0x10, 0x84, 0x08, 0x83, 0x08, 0x64, 0x08, 0x84, 0x08,
    0xA5, 0x10, 0xC5, 0x18, 0xC6, 0x18, 0xC6, 0x10, 0xC7, 0x10, 0xE7, 0x10, 0xE7, 0x10, 0x48, 0x29,
    0x27, 0x21, 0xE7, 0x10, 0xE7, 0x10, 0x08, 0x19, 0x49, 0x21, 0x08, 0x11, 0x08, 0x11, 0x09, 0x11,
    0x09, 0x09, 0x09, 0x11, 0x69, 0x29, 0xC9, 0x49, 0xAA, 0x72, 0x0B, 0x83, 0x2A, 0x5A, 0x2A, 0x5A,
    0xEA, 0x51, 0xE9, 0x49, 0xEA, 0x49, 0xCA, 0x41, 0xCA, 0x41, 0xAA, 0x39, 0x89, 0x31, 0xAA, 0x39,
    0x8A, 0x31, 0x8A, 0x31, 0x89, 0x29, 0x6A, 0x29, 0x69, 0x29, 0x69, 0x29, 0x49, 0x21, 0x49, 0x21,
    0x49, 0x21, 0x49, 0x21, 0x49, 0x21, 0x49, 0x19, 0x49, 0x19, 0x49, 0x19, 0x49, 0x19, 0x69, 0x21,
    0x69, 0x21, 0x6A, 0x21, 0x6A, 0x21, 0x6A, 0x21, 0x6A, 0x21, 0x6A, 0x29, 0x8A, 0x29, 0x8A, 0x29,
    0x8A, 0x31, 0x8A, 0x31, 0xAA, 0x31, 0xAA, 0x39, 0xCA, 0x39, 0xA9, 0x41, 0xC9, 0x41, 0xC9, 0x41,
    0xC9, 0x49, 0xE9, 0x49, 0xE9, 0x49, 0xC9, 0x49, 0xC9, 0x41, 0x88, 0x39, 0x68, 0x31, 0x68, 0x29,
    0x48, 0x29, 0x28, 0x21, 0x28, 0x21, 0x28, 0x21, 0x28, 0x21, 0x08, 0x21, 0x07, 0x19, 0x07, 0x19,
    0xE7, 0x18, 0x27, 0x19, 0x48, 0x21, 0xC7, 0x10, 0xE7, 0x18, 0x67, 0x31, 0x2C, 0x7B, 0x67, 0x39,
    0xE7, 0x18, 0x07, 0x19, 0xE7, 0x10, 0xA8, 0x39, 0x48, 0x29, 0xE7, 0x10, 0xE7, 0x18, 0x67, 0x39,
    0xE8, 0x49, 0xC7, 0x10, 0x07, 0x19, 0x88, 0x31, 0xE7, 0x18, 0xE7, 0x10, 0x68, 0x29, 0x68, 0x29,
    0xE7, 0x10, 0x08, 0x19, 0x08, 0x11, 0x08, 0x11, 0x08, 0x19, 0x28, 0x21, 0x68, 0x39, 0x29, 0x5A,
    0xA8, 0x49, 0x28, 0x21, 0x08, 0x19, 0x08, 0x19, 0x08, 0x11, 0x68, 0x31, 0x88, 0x39, 0x08, 0x19,
    0x28, 0x21, 0x48, 0x29, 0x89, 0x31, 0x28, 0x19, 0x28, 0x19, 0x28, 0x19, 0x49, 0x21, 0x69, 0x29,
    0x69, 0x31, 0x89, 0x39, 0xC9, 0x49, 0x2A, 0x5A, 0xE9, 0x51, 0xC9, 0x49, 0xC9, 0x49, 0xC9, 0x41,
    0xA9, 0x41, 0xA9, 0x39, 0xA9, 0x39, 0x89, 0x31, 0x89, 0x31, 0x89, 0x31, 0x89, 0x29, 0x69, 0x29,
    0x69, 0x29, 0x69, 0x29, 0x69, 0x21, 0x49, 0x21, 0x49, 0x21, 0x49, 0x21, 0x49, 0x21, 0x49, 0x19,
    0x49, 0x19, 0x29, 0x19, 0x49, 0x19, 0x49, 0x19, 0x49, 0x19, 0x49, 0x21, 0x49, 0x21, 0x69, 0x21,
    0x69, 0x21, 0x69, 0x21, 0x69, 0x21, 0x69, 0x21, 0x69, 0x29, 0x69, 0x29, 0x69, 0x29, 0x69, 0x29,
    0x89, 0x31, 0x89, 0x31, 0x89, 0x31, 0x89, 0x31, 0x89, 0x39, 0xA9, 0x39, 0xA9, 0x39, 0xA9, 0x39,
    0xA9, 0x39, 0x89, 0x39, 0x88, 0x39, 0x88, 0x39, 0x88, 0x39, 0x68, 0x39, 0x68, 0x31, 0x68, 0x31,
    0x48, 0x31, 0x48, 0x29, 0x28, 0x29, 0x28, 0x29, 0x28, 0x21, 0x08, 0x19, 0x07, 0x19, 0x07, 0x19,
    0x28, 0x21, 0xE9, 0x41, 0x08, 0x19, 0x07, 0x19, 0xC6, 0x18, 0x07, 0x19, 0x07, 0x19, 0x07, 0x11,
    0xE7, 0x10, 0xE7, 0x10, 0xE7, 0x10, 0xE7, 0x18, 0x07, 0x19, 0xE7, 0x10, 0xE7, 0x10, 0xE7, 0x10,
    0x07, 0x19, 0xA9, 0x31, 0xE7, 0x10, 0x08, 0x19, 0x88, 0x39, 0x28, 0x21, 0xE7, 0x10, 0x08, 0x19,
    0x08, 0x19, 0x08, 0x11, 0x08, 0x19, 0x07, 0x19, 0x6C, 0x83, 0xD7, 0xEE, 0xF0, 0xB4, 0x48, 0x31,
    0x29, 0x19, 0x08, 0x19, 0x08, 0x19, 0x08, 0x19, 0x28, 0x21, 0x28, 0x21, 0x48, 0x29, 0x48, 0x29,
    0x48, 0x29, 0x68, 0x31, 0x68, 0x31, 0x68, 0x31, 0x68, 0x31, 0x89, 0x39, 0x89, 0x41, 0xA9, 0x41,
    0xA9, 0x41, 0x89, 0x41, 0xA9, 0x41, 0xA9, 0x41, 0xA9, 0x39, 0x89, 0x39, 0x89, 0x31, 0x89, 0x31,
    0x89, 0x31, 0x69, 0x31, 0x69, 0x29, 0x69, 0x29, 0x69, 0x29, 0x69, 0x29, 0x49, 0x21, 0x49, 0x21,
    0x49, 0x21, 0x49, 0x21, 0x49, 0x21, 0x49, 0x19, 0x29, 0x19, 0x29, 0x19, 0x29, 0x19, 0x28, 0x19,
    0x29, 0x19, 0x29, 0x19, 0x49, 0x19, 0x49, 0x19, 0x49, 0x19, 0x49, 0x19, 0x49, 0x21, 0x49, 0x21,
    0x49, 0x21, 0x49, 0x21, 0x49, 0x21, 0x49, 0x21, 0x69, 0x21, 0x69, 0x29, 0x69, 0x29, 0x69, 0x29,
    0x69, 0x29, 0x69, 0x31, 0x68, 0x31, 0x68, 0x31, 0x68, 0x31, 0x68, 0x31, 0x68, 0x31, 0x68, 0x31,
    0x68, 0x31, 0x68, 0x31, 0x68, 0x31, 0x68, 0x31, 0x48, 0x31, 0x48, 0x31, 0x48, 0x29, 0x48, 0x29,
    0x28, 0x29, 0x28, 0x21, 0x28, 0x21, 0x08, 0x19, 0x08, 0x19, 0x07, 0x19, 0x48, 0x29, 0x6A, 0x5A,
    0x07, 0x19, 0x08, 0x19, 0x08, 0x19, 0x08, 0x19, 0x08, 0x11, 0x08, 0x11, 0x08, 0x11, 0x08, 0x11,
    0x08, 0x11, 0x08, 0x11, 0x08, 0x11, 0x08, 0x11, 0x08, 0x11, 0x08, 0x11, 0x08, 0x11, 0xE7, 0x10,
    0x08, 0x11, 0x08, 0x19, 0x08, 0x19, 0xE8, 0x10, 0xE8, 0x10, 0x88, 0x29, 0x68, 0x29, 0xE8, 0x10,
    0x08, 0x19, 0x28, 0x19, 0xC9, 0x41, 0x6A, 0x62, 0x09, 0x52, 0x28, 0x21, 0x28, 0x19, 0x08, 0x19,
    0x08, 0x19, 0x28, 0x19, 0x28, 0x19, 0x28, 0x21, 0x28, 0x21, 0x48, 0x29, 0x48, 0x29, 0x48, 0x29,
    0x68, 0x31, 0x68, 0x31, 0x68, 0x31, 0x68, 0x31, 0x68, 0x31, 0x68, 0x31, 0x69, 0x39, 0x88, 0x31,
    0x69, 0x31, 0x69, 0x31, 0x69, 0x31, 0x69, 0x31, 0x69, 0x31, 0x69, 0x29, 0x69, 0x29, 0x49, 0x29,
    0x49, 0x29, 0x49, 0x21, 0x49, 0x21, 0x49, 0x21, 0x49, 0x21, 0x49, 0x21, 0x48, 0x21, 0x28, 0x19,
    0x28, 0x19, 0x28, 0x19, 0x28, 0x19, 0x28, 0x19, 0x28, 0x19, 0x28, 0x19, 0x28, 0x19, 0x28, 0x19,
    0x28, 0x19, 0x28, 0x19, 0x28, 0x19, 0x28, 0x19, 0x28, 0x19, 0x28, 0x19, 0x28, 0x19, 0x49, 0x21,
    0x49, 0x21, 0x49, 0x21, 0x49, 0x21, 0x48, 0x21, 0x48, 0x21, 0x48, 0x21, 0x48, 0x21, 0x48, 0x29,
    0x48, 0x29, 0x48, 0x29, 0x48, 0x29, 0x48, 0x29, 0x48, 0x29, 0x48, 0x29, 0x48, 0x29, 0x48, 0x29,
    0x48, 0x29, 0x48, 0x29, 0x48, 0x29, 0x48, 0x29, 0x28, 0x29, 0x28, 0x21, 0x28, 0x21, 0x28, 0x21,
    0x28, 0x21, 0x08, 0x19, 0x08, 0x19, 0x08, 0x19, 0x08, 0x19, 0xC7, 0x10, 0x08, 0x19, 0x08, 0x19,
    0x08, 0x11, 0x08, 0x11, 0x08, 0x11, 0x08, 0x11, 0x08, 0x11, 0x08, 0x11, 0x08, 0x11, 0x08, 0x11,
    0x08, 0x11, 0x08, 0x11, 0x08, 0x11, 0x08, 0x11, 0x08, 0x11, 0x08, 0x11, 0x08, 0x11, 0x08, 0x11,
    0x08, 0x11, 0x08, 0x11, 0x08, 0x11, 0xE8, 0x10, 0xE8, 0x10, 0x08, 0x11, 0x08, 0x11, 0x28, 0x19,
    0x28, 0x19, 0x28, 0x21, 0x28, 0x21, 0x28, 0x19, 0x08, 0x19, 0x08, 0x11, 0x08, 0x19, 0x28, 0x19,
    0x28, 0x19, 0x28, 0x19, 0x28, 0x21, 0x28, 0x21, 0x28, 0x21, 0x48, 0x29, 0x48, 0x29, 0x48, 0x29,
    0x48, 0x29, 0x48, 0x29, 0x48, 0x29, 0x48, 0x29, 0x48, 0x29, 0x48, 0x29, 0x48, 0x29, 0x48, 0x29,
    0x48, 0x29, 0x48, 0x29, 0x48, 0x21, 0x48, 0x21, 0x48, 0x21, 0x48, 0x21, 0x48, 0x21, 0x48, 0x21,
    0x48, 0x21, 0x28, 0x21, 0x28, 0x19, 0x28, 0x19, 0x28, 0x19, 0x28, 0x19, 0x28, 0x19, 0x28, 0x19,
    0x28, 0x19, 0x28, 0x19, 0x08, 0x19, 0x08, 0x19, 0x08, 0x11, 0x28, 0x19, 0x28, 0x19, 0x28, 0x19,
    0x28, 0x19, 0x28, 0x19, 0x28, 0x19, 0x28, 0x19, 0x28, 0x19, 0x28, 0x19, 0x28, 0x19, 0x28, 0x19,
    0x28, 0x19, 0x28, 0x21, 0x28, 0x21, 0x28, 0x21, 0x48, 0x21, 0x28, 0x21, 0x28, 0x21, 0x28, 0x21,
    0x28, 0x21, 0x28, 0x21, 0x28, 0x21, 0x28, 0x21, 0x28, 0x21, 0x28, 0x21, 0x28, 0x21, 0x28, 0x21,
    0x28, 0x21, 0x28, 0x21, 0x28, 0x21, 0x28, 0x21, 0x28, 0x21, 0x08, 0x19, 0x08, 0x19, 0x08, 0x19,
    0x08, 0x19, 0x08, 0x19, 0x08, 0x19, 0x08, 0x19, 0x08, 0x19, 0x08, 0x11, 0x08, 0x11, 0x08, 0x11,
    0x08, 0x11, 0x08, 0x11, 0x08, 0x11, 0x08, 0x11, 0x08, 0x11, 0x08, 0x11, 0x08, 0x11, 0x08, 0x11,
    0x08, 0x11, 0x08, 0x11, 0x08, 0x11, 0x08, 0x11, 0x08, 0x11, 0x08, 0x11, 0x08, 0x11, 0x08, 0x11,
    0x08, 0x11, 0x08, 0x11, 0x08, 0x11, 0x08, 0x11, 0x08, 0x11, 0x08, 0x11, 0x08, 0x11, 0x08, 0x19,
    0x08, 0x19, 0x08, 0x11, 0x08, 0x11, 0x08, 0x11, 0x08, 0x11, 0x08, 0x19, 0x28, 0x19, 0x28, 0x19,
    0x28, 0x19, 0x28, 0x19, 0x28, 0x21, 0x28, 0x21, 0x28, 0x21, 0x28, 0x21, 0x28, 0x21, 0x28, 0x21,
    0x28, 0x21, 0x28, 0x21, 0x48, 0x21, 0x28, 0x21, 0x28, 0x21, 0x28, 0x21, 0x28, 0x21, 0x28, 0x21,
    0x28, 0x21, 0x28, 0x21, 0x28, 0x21, 0x28, 0x21, 0x28, 0x19, 0x28, 0x19, 0x28, 0x19, 0x28, 0x19,
    0x08, 0x19, 0x08, 0x19, 0x08, 0x19, 0x08, 0x19, 0x08, 0x19, 0x07, 0x19, 0x07, 0x19, 0x07, 0x19,
    0x07, 0x19, 0x07, 0x11, 0x07, 0x11, 0x07, 0x11, 0x07, 0x19, 0x07, 0x19, 0x08, 0x19, 0x08, 0x19,
    0x08, 0x19, 0x28, 0x19, 0x28, 0x19, 0x28, 0x19, 0x08, 0x19, 0x08, 0x19, 0x08, 0x19, 0x08, 0x19,
    0x08, 0x19, 0x28, 0x19, 0x28, 0x19, 0x28, 0x19, 0x28, 0x19, 0x28, 0x19, 0x28, 0x19, 0x28, 0x19,
    0x28, 0x19, 0x28, 0x19, 0x28, 0x19, 0x28, 0x19, 0x08, 0x19, 0x08, 0x19, 0x08, 0x19, 0x08, 0x19,
    0x08, 0x19, 0x07, 0x19, 0x08, 0x19, 0x08, 0x19, 0x07, 0x19, 0x07, 0x19, 0x07, 0x19, 0x07, 0x19,
    0x08, 0x19, 0x08, 0x19, 0x07, 0x11, 0x08, 0x11, 0x08, 0x11, 0x08, 0x11, 0x08, 0x11, 0x08, 0x11,
    0x08, 0x11, 0x08, 0x11, 0x08, 0x11, 0x08, 0x11, 0x08, 0x11, 0x08, 0x11, 0x08, 0x11, 0x08, 0x11,
    0x08, 0x11, 0x08, 0x11, 0x08, 0x11, 0x08, 0x11, 0x08, 0x11, 0x08, 0x11, 0x08, 0x11, 0x08, 0x11,
    0x08, 0x11, 0x08, 0x11, 0x08, 0x11, 0x08, 0x11, 0x08, 0x11, 0x08, 0x11, 0x08, 0x11, 0x08, 0x11,
    0x08, 0x11, 0x08, 0x11, 0x08, 0x11, 0x08, 0x11, 0x08, 0x19, 0x08, 0x19, 0x08, 0x19, 0x08, 0x19,
    0x08, 0x19, 0x28, 0x19, 0x28, 0x19, 0x28, 0x19, 0x28, 0x19, 0x28, 0x19, 0x28, 0x19, 0x28, 0x19,
    0x28, 0x19, 0x28, 0x19, 0x28, 0x19, 0x28, 0x19, 0x28, 0x19, 0x28, 0x19, 0x28, 0x19, 0x28, 0x19,
    0x28, 0x19, 0x08, 0x19, 0x08, 0x19, 0x08, 0x19, 0x08, 0x19, 0x08, 0x19, 0x07, 0x19, 0x07, 0x19,
    0x07, 0x19, 0x07, 0x19, 0x07, 0x11, 0x07, 0x11, 0x07, 0x11, 0x07, 0x11, 0x07, 0x11, 0xE7, 0x10,
    0x07, 0x11, 0x07, 0x11, 0x07, 0x11, 0x07, 0x11, 0x07, 0x11, 0x07, 0x11, 0x07, 0x19, 0x07, 0x19,
    0x07, 0x19, 0x07, 0x19, 0x07, 0x19, 0x07, 0x19, 0x07, 0x19, 0x07, 0x19, 0x07, 0x19, 0x08, 0x19,
    0x08, 0x19, 0x08, 0x19, 0x08, 0x19, 0x07, 0x19, 0x07, 0x19, 0x07, 0x19, 0x07, 0x19, 0x07, 0x19,
    0x07, 0x19, 0x07, 0x19, 0x07, 0x19, 0x07, 0x19, 0x07, 0x19, 0x07, 0x19, 0x07, 0x19, 0x07, 0x19,
    0x07, 0x19, 0x07, 0x19, 0x07, 0x19, 0x07, 0x19, 0x07, 0x19, 0x07, 0x11, 0x07, 0x11, 0x07, 0x11,
    0x07, 0x11, 0xE7, 0x10, 0xE7, 0x10, 0xE7, 0x10, 0xE7, 0x10, 0xE7, 0x10, 0x07, 0x11, 0x07, 0x11,
    0x07, 0x11, 0x07, 0x11, 0x07, 0x11, 0x07, 0x11, 0x07, 0x11, 0x08, 0x11, 0x07, 0x11, 0x08, 0x11,
    0x08, 0x11, 0x08, 0x11, 0x08, 0x11, 0x08, 0x11, 0x08, 0x11, 0x08, 0x11, 0x08, 0x11, 0x08, 0x11,
    0x08, 0x11, 0x08, 0x11, 0x08, 0x11, 0x08, 0x11, 0x08, 0x11, 0x08, 0x11, 0x08, 0x11, 0x07, 0x11,
    0x07, 0x11, 0x07, 0x11, 0x07, 0x11, 0x07, 0x11, 0x07, 0x11, 0x07, 0x19, 0x07, 0x19, 0x07, 0x19,
    0x07, 0x19, 0x07, 0x19, 0x07, 0x19, 0x07, 0x19, 0x07, 0x19, 0x07, 0x19, 0x07, 0x19, 0x07, 0x19,
    0x07, 0x19, 0x07, 0x19, 0x07, 0x19, 0x07, 0x19, 0x07, 0x19, 0x07, 0x19, 0x07, 0x19, 0x07, 0x19,
    0x07, 0x19, 0x07, 0x19, 0x07, 0x19, 0x07, 0x19, 0x07, 0x11, 0x07, 0x11, 0x07, 0x11, 0xE7, 0x10,
    0xE7, 0x10, 0xE7, 0x10, 0xE7, 0x10, 0xE7, 0x10, 0xE7, 0x10, 0xE7, 0x10, 0xE7, 0x10, 0x07, 0x11,
    0xE7, 0x10, 0x07, 0x11, 0x07, 0x11, 0x07, 0x11, 0x07, 0x11, 0x07, 0x11, 0x07, 0x11, 0x07, 0x11,
    0x07, 0x11, 0x07, 0x19, 0x07, 0x11, 0x07, 0x19, 0x07, 0x19, 0x07, 0x19, 0x07, 0x19, 0x07, 0x11,
    0x07, 0x11, 0x07, 0x19, 0x07, 0x19, 0x07, 0x19, 0x07, 0x19, 0x07, 0x19, 0x07, 0x19, 0x07, 0x11,
    0x07, 0x11, 0x07, 0x19, 0x07, 0x19, 0x07, 0x19, 0x07, 0x19, 0x07, 0x19, 0xE7, 0x18, 0xE7, 0x18,
    0xE7, 0x18, 0xE7, 0x18, 0xE7, 0x10, 0xE7, 0x10, 0xE7, 0x10, 0xE7, 0x10, 0xE7, 0x10, 0xE7, 0x10,
    0xE7, 0x10, 0xE7, 0x10, 0xE7, 0x10, 0xE7, 0x10, 0xE7, 0x10, 0xE7, 0x10, 0xE7, 0x10, 0xE7, 0x10,
    0xE7, 0x10, 0xE7, 0x10, 0xE7, 0x10, 0xE7, 0x10, 0xE7, 0x10, 0xE7, 0x10, 0xE7, 0x10, 0xE7, 0x10,
    0xE7, 0x10, 0xE7, 0x10, 0xE7, 0x10, 0xE7, 0x10, 0xE7, 0x10, 0xE7, 0x10, 0xE7, 0x10, 0xE7, 0x10,
    0xE7, 0x10, 0xE7, 0x10, 0x07, 0x11, 0xE7, 0x10, 0xE7, 0x10, 0xE7, 0x10, 0xE7, 0x10, 0xE7, 0x10,
    0xE7, 0x10, 0xE7, 0x10, 0xE7, 0x10, 0xE7, 0x10, 0xE7, 0x10, 0xE7, 0x10, 0xE7, 0x10, 0x07, 0x11,
    0xE7, 0x18, 0xE7, 0x10, 0x07, 0x11, 0x07, 0x11, 0x07, 0x11, 0x07, 0x19, 0x07, 0x19, 0x07, 0x19,
    0x07, 0x19, 0x07, 0x19, 0x07, 0x11, 0x07, 0x11, 0xE7, 0x10, 0xE7, 0x10, 0xE7, 0x10, 0xE7, 0x10,
    0xE7, 0x10, 0xE7, 0x10, 0xE7, 0x10, 0xE7, 0x10, 0xE7, 0x10, 0xE7, 0x10, 0xE7, 0x10, 0xE7, 0x10,
    0xE7, 0x10, 0xE7, 0x10, 0xE7, 0x10, 0xE7, 0x10, 0xE7, 0x10, 0xE7, 0x10, 0xE7, 0x10, 0xE7, 0x10,
    0xE7, 0x10, 0xE7, 0x10, 0xE7, 0x10, 0xE7, 0x10, 0xE7, 0x10, 0xE7, 0x10, 0xE7, 0x10, 0xE7, 0x10,
    0x07, 0x11, 0x07, 0x11, 0xE7, 0x10, 0xE7, 0x10, 0xE7, 0x10, 0xE7, 0x10, 0x07, 0x11, 0x07, 0x11,
    0x07, 0x11, 0xE7, 0x10, 0xE7, 0x10, 0xE7, 0x10, 0xE7, 0x10, 0xE7, 0x10, 0xE7, 0x10, 0xE7, 0x10,
    0xE7, 0x10, 0x07, 0x11, 0x07, 0x11, 0xE7, 0x10, 0xE7, 0x10, 0xE7, 0x10, 0xE7, 0x10, 0xE7, 0x10,
    0xE7, 0x10, 0xE7, 0x10, 0xE7, 0x10, 0xE7, 0x10, 0xE7, 0x10, 0xE7, 0x10, 0xE7, 0x10, 0xE7, 0x10,
    0xE7, 0x10, 0xE7, 0x10, 0xE7, 0x10, 0xE7, 0x10, 0xE7, 0x10, 0xE7, 0x10, 0xE7, 0x10, 0xE7, 0x10,
    0xE7, 0x10, 0xE7, 0x10, 0xE7, 0x10, 0xE7, 0x10, 0xE7, 0x10, 0xE7, 0x10, 0xE7, 0x10, 0xE7, 0x10,
    0xE7, 0x10, 0xE7, 0x10, 0xE7, 0x10, 0xE7, 0x10, 0xE7, 0x10, 0xE7, 0x10, 0xE7, 0x10, 0xE7, 0x10,
    0xE7, 0x10, 0xE7, 0x10, 0xE7, 0x10, 0xE7, 0x10, 0xE7, 0x10, 0xE7, 0x10, 0xE7, 0x10, 0xE7, 0x10,
    0xE7, 0x10, 0xE7, 0x10, 0xE7, 0x10, 0xE7, 0x10, 0xE7, 0x10, 0xE7, 0x10, 0xE7, 0x10, 0xE7, 0x10,
    0xE7, 0x10, 0xE7, 0x10, 0xE7, 0x10, 0xE7, 0x10, 0xE7, 0x10, 0xE7, 0x10, 0xE7, 0x10, 0xE7, 0x10,
    0xE7, 0x10, 0xE7, 0x10, 0xE7, 0x10, 0xE7, 0x10, 0xE7, 0x10, 0xE7, 0x10, 0xE7, 0x10, 0xE7, 0x10,
    0xE7, 0x10, 0xE7, 0x10, 0xE7, 0x10, 0xE7, 0x10, 0xE7, 0x10, 0xE7, 0x10, 0xE7, 0x10, 0xE6, 0x10,
    0xE7, 0x10, 0xE6, 0x10, 0xE7, 0x10, 0xE7, 0x10, 0xE7, 0x10, 0xE7, 0x10, 0xE7, 0x10, 0xE7, 0x10,
    0xE7, 0x10, 0xE7, 0x10, 0xE7, 0x10, 0xE7, 0x10, 0xE7, 0x10, 0xE7, 0x10, 0xE7, 0x10, 0xE7, 0x10,
    0xE7, 0x10, 0xE7, 0x10, 0xE7, 0x10, 0xE7, 0x10, 0xE7, 0x10, 0xE7, 0x10, 0xE7, 0x10, 0xE7, 0x10,
    0xE7, 0x10, 0xE7, 0x10, 0xE7, 0x10, 0xE7, 0x10, 0xE7, 0x10, 0xE7, 0x10, 0xE7, 0x10, 0xE7, 0x10,
    0xE7, 0x10, 0xE7, 0x10, 0xE7, 0x10, 0xE7, 0x10, 0xE7, 0x10, 0xE7, 0x10, 0xE7, 0x10, 0xE7, 0x10,
    0xE7, 0x10, 0xE7, 0x10, 0xE7, 0x10, 0xE7, 0x10, 0xE7, 0x10, 0xE7, 0x10, 0xE7, 0x10, 0xE7, 0x10,
    0xE7, 0x10, 0xE7, 0x10, 0xE7, 0x10, 0xE7, 0x10, 0xE7, 0x10, 0xE7, 0x10, 0xE7, 0x10, 0xE7, 0x10,
    0xE7, 0x10, 0xE7, 0x10, 0xE7, 0x10, 0xE7, 0x10, 0xE7, 0x10, 0xE7, 0x10, 0xE7, 0x10, 0xE7, 0x10,
    0xE7, 0x10, 0xE7, 0x10, 0xE7, 0x10, 0xE7, 0x10, 0xE7, 0x10, 0xE7, 0x10, 0xE7, 0x10, 0xE7, 0x10,
    0xE7, 0x10, 0xE7, 0x10, 0xE7, 0x10, 0xE7, 0x10, 0xE7, 0x10, 0xE7, 0x10, 0xE7, 0x10, 0xE7, 0x10,
    0xE7, 0x10, 0xE7, 0x10, 0xE7, 0x10, 0xE7, 0x10, 0xE7, 0x10, 0xE7, 0x10, 0xE7, 0x10, 0xE7, 0x10,
    0xE7, 0x10, 0xE7, 0x10, 0xE7, 0x10, 0xE7, 0x10, 0xE7, 0x10, 0xE7, 0x10, 0xE7, 0x10, 0xE7, 0x10,
    0xE7, 0x10, 0xE7, 0x10, 0xE7, 0x10, 0xE7, 0x10, 0xE7, 0x10, 0xE7, 0x10, 0xE7, 0x10, 0xE7, 0x10,
    0xE6, 0x10, 0xE6, 0x10, 0xE6, 0x10, 0xE6, 0x10, 0xE6, 0x10, 0xE6, 0x10, 0xE6, 0x10, 0xC6, 0x10,
    0xE7, 0x10, 0xE7, 0x10, 0xE7, 0x10, 0xE7, 0x10, 0xE7, 0x10, 0xE7, 0x10, 0xE7, 0x10, 0xE7, 0x10,
    0xE7, 0x10, 0xE7, 0x10, 0xE7, 0x10, 0xE7, 0x10, 0xE7, 0x10, 0xE7, 0x10, 0xE7, 0x10, 0xE7, 0x10,
    0xE7, 0x10, 0xE7, 0x10, 0xE7, 0x10, 0xE7, 0x10, 0xE7, 0x10, 0xE7, 0x10, 0xE7, 0x10, 0xE7, 0x10,
    0xE7, 0x10, 0xE7, 0x10, 0xE7, 0x10, 0xE7, 0x10, 0xE7, 0x10, 0xE7, 0x10, 0xE7, 0x10, 0xE7, 0x10,
    0xE7, 0x10, 0xE7, 0x10, 0xE7, 0x10, 0xE7, 0x10, 0xE7, 0x10, 0xE7, 0x10, 0xE7, 0x10, 0xE7, 0x10,
    0xE7, 0x10, 0xE7, 0x10, 0xE7, 0x10, 0xE7, 0x10, 0xE7, 0x10, 0xE7, 0x10, 0xE7, 0x10, 0xE7, 0x10,
    0xE7, 0x10, 0xE7, 0x10, 0xE7, 0x10, 0xE7, 0x10, 0xE7, 0x10, 0xE7, 0x10, 0xE7, 0x10, 0xE7, 0x10,
    0xE7, 0x10, 0xE7, 0x10, 0xE7, 0x10, 0xE7, 0x10, 0xE7, 0x10, 0xE7, 0x10, 0xE7, 0x10, 0xE7, 0x10,
    0xE7, 0x10, 0xE7, 0x10, 0xE7, 0x10, 0xE7, 0x10, 0xE7, 0x10, 0xE7, 0x10, 0xE7, 0x10, 0xE7, 0x10,
    0xE7, 0x10, 0xE7, 0x10, 0xE7, 0x10, 0xE7, 0x10, 0xE7, 0x10, 0xE7, 0x10, 0xE7, 0x10, 0xE7, 0x10,
    0xE7, 0x10, 0xE7, 0x10, 0xE7, 0x10, 0xE7, 0x10, 0xE7, 0x10, 0xE7, 0x10, 0xE7, 0x10, 0xE7, 0x10,
    0xE7, 0x10, 0xE7, 0x10, 0xE7, 0x10, 0xE7, 0x10, 0xE7, 0x10, 0xE6, 0x10, 0xE6, 0x10, 0xE6, 0x10,
    0xE6, 0x10, 0xE6, 0x10, 0xE6, 0x10, 0xE6, 0x10, 0xE6, 0x10, 0xE6, 0x10, 0xE6, 0x10, 0xC6, 0x10,
    0xC6, 0x10, 0xC6, 0x10, 0xC6, 0x10, 0xC6, 0x10, 0xC6, 0x10, 0xC6, 0x10, 0xE6, 0x10, 0xE7, 0x10,
    0xE7, 0x10, 0xE7, 0x10, 0xE6, 0x10, 0xE7, 0x10, 0xE6, 0x10, 0xE7, 0x10, 0xE7, 0x10, 0xE7, 0x10,
    0xE7, 0x10, 0xE7, 0x10, 0xE7, 0x10, 0xE7, 0x10, 0xE7, 0x10, 0xE7, 0x10, 0xE7, 0x10, 0xE7, 0x10,
    0xE7, 0x10, 0xE7, 0x10, 0xE7, 0x10, 0xE7, 0x10, 0xE7, 0x10, 0xE7, 0x10, 0xE7, 0x10, 0xE7, 0x10,
    0xE7, 0x10, 0xE7, 0x10, 0xE7, 0x10, 0xE7, 0x10, 0xE7, 0x10, 0xE7, 0x10, 0xE7, 0x10, 0xE7, 0x10,
    0xE7, 0x10, 0xE7, 0x10, 0xE7, 0x10, 0xE7, 0x10, 0xE7, 0x10, 0xE6, 0x10, 0xE7, 0x10, 0xE7, 0x10,
    0xE7, 0x10, 0xE6, 0x10, 0xE6, 0x10, 0xE7, 0x10, 0xE6, 0x10, 0xE7, 0x10, 0xE7, 0x10, 0xE7, 0x10,
    0xE7, 0x10, 0xE7, 0x10, 0xE7, 0x10, 0xE7, 0x10, 0xE7, 0x10, 0xE7, 0x10, 0xE6, 0x10, 0xE6, 0x10,
    0xE7, 0x10, 0xE7, 0x10, 0xE6, 0x10, 0xE7, 0x10, 0xE7, 0x10, 0xE7, 0x10, 0xE7, 0x10, 0xE7, 0x10,
    0xE7, 0x10, 0xE7, 0x10, 0xE7, 0x10, 0xE7, 0x10, 0xE7, 0x10, 0xE7, 0x10, 0xE7, 0x10, 0xE7, 0x10,
    0xE7, 0x10, 0xE7, 0x10, 0xE7, 0x10, 0xE7, 0x10, 0xE7, 0x10, 0xE7, 0x10, 0xE7, 0x10, 0xE7, 0x10,
    0xE7, 0x10, 0xE7, 0x10, 0xE7, 0x10, 0xE7, 0x10, 0xE7, 0x10, 0xE7, 0x10, 0xE7, 0x10, 0xE6, 0x10,
    0xE6, 0x10, 0xE6, 0x10, 0xE6, 0x10, 0xE6, 0x10, 0xE6, 0x10, 0xE6, 0x10, 0xE6, 0x10, 0xE6, 0x10,
    0xC6, 0x10, 0xC6, 0x10, 0xC6, 0x10, 0xC6, 0x10, 0xC6, 0x10, 0xC6, 0x10, 0xC6, 0x10, 0xC6, 0x10,
    0xC6, 0x10, 0xC6, 0x10, 0xC6, 0x10, 0xC6, 0x08,
};

const lv_image_dsc_t buddy_reward_corn = {
    .header = {
        .magic = LV_IMAGE_HEADER_MAGIC,
        .cf = LV_COLOR_FORMAT_RGB565,
        .flags = 0,
        .w = 110,
        .h = 110,
        .stride = 220,
        .reserved_2 = 0,
    },
    .data_size = sizeof(buddy_reward_corn_map),
    .data = buddy_reward_corn_map,
    .reserved = NULL,
};
