#include "lvgl.h"

#ifndef LV_ATTRIBUTE_MEM_ALIGN
#define LV_ATTRIBUTE_MEM_ALIGN
#endif

const LV_ATTRIBUTE_MEM_ALIGN uint8_t buddy_piggy_cheer_map[] = {
    0x00, 0x00, 0x00, 0x00, 0x00, 0x00, 0x00, 0x00, 0x00, 0x00, 0x00, 0x00, 0x00, 0x00, 0x00, 0x00,
    0x00, 0x00, 0x00, 0x00, 0x00, 0x00, 0x00, 0x00, 0x00, 0x00, 0x00, 0x00, 0x00, 0x00, 0x00, 0x00,
    0x00, 0x00, 0x00, 0x00, 0x00, 0x00, 0x00, 0x00, 0x00, 0x00, 0x00, 0x00, 0x00, 0x00, 0x00, 0x00,
    0x00, 0x00, 0x00, 0x00, 0x00, 0x00, 0x00, 0x00, 0x00, 0x00, 0x00, 0x00, 0x00, 0x00, 0x00, 0x00,
    0x00, 0x00, 0x00, 0x00, 0x00, 0x00, 0x00, 0x00, 0x00, 0x00, 0x00, 0x00, 0x00, 0x00, 0x00, 0x00,
    0x00, 0x00, 0x00, 0x00, 0x00, 0x00, 0x00, 0x00, 0x00, 0x00, 0x00, 0x00, 0x00, 0x00, 0x00, 0x00,
    0x00, 0x00, 0x00, 0x00, 0x00, 0x00, 0x00, 0x00, 0x00, 0x00, 0x00, 0x00, 0x00, 0x00, 0x00, 0x00,
    0x00, 0x00, 0x00, 0x00, 0x00, 0x00, 0x00, 0x00, 0x00, 0x00, 0x00, 0x00, 0x00, 0x00, 0x00, 0x00,
    0x00, 0x00, 0x00, 0x00, 0x00, 0x00, 0x00, 0x00, 0x00, 0x00, 0x00, 0x00, 0x00, 0x00, 0x00, 0x00,
    0x00, 0x00, 0x00, 0x00, 0x00, 0x00, 0x00, 0x00, 0x00, 0x00, 0x00, 0x00, 0x00, 0x00, 0x00, 0x00,
    0x00, 0x00, 0x00, 0x00, 0x00, 0x00, 0x00, 0x00, 0x00, 0x00, 0x00, 0x00, 0x00, 0x00, 0x00, 0x00,
    0x00, 0x00, 0x00, 0x00, 0x00, 0x00, 0x00, 0x00, 0x00, 0x00, 0x00, 0x00, 0x00, 0x00, 0x00, 0x00,
    0x00, 0x00, 0x00, 0x00, 0x00, 0x00, 0x00, 0x00, 0x00, 0x00, 0x00, 0x00, 0x00, 0x00, 0x00, 0x00,
    0x00, 0x00, 0x00, 0x00, 0x00, 0x00, 0x00, 0x00, 0x00, 0x00, 0x00, 0x00, 0x00, 0x00, 0x00, 0x00,
    0x00, 0x00, 0x00, 0x00, 0x00, 0x00, 0x00, 0x00, 0x00, 0x00, 0x00, 0x00, 0x00, 0x00, 0x00, 0x00,
    0x00, 0x00, 0x00, 0x00, 0x00, 0x00, 0x00, 0x00, 0x00, 0x00, 0x00, 0x00, 0x00, 0x00, 0x00, 0x00,
    0x00, 0x00, 0x00, 0x00, 0x00, 0x00, 0x00, 0x00, 0x00, 0x00, 0x00, 0x00, 0x00, 0x00, 0x00, 0x00,
    0x00, 0x00, 0x00, 0x00, 0x00, 0x00, 0x00, 0x00, 0x00, 0x00, 0x00, 0x00, 0x00, 0x00, 0x00, 0x00,
    0x00, 0x00, 0x00, 0x00, 0x00, 0x00, 0x00, 0x00, 0x00, 0x00, 0x00, 0x00, 0x00, 0x00, 0x00, 0x00,
    0x00, 0x00, 0x00, 0x00, 0x00, 0x00, 0x00, 0x00, 0x00, 0x00, 0x00, 0x00, 0x00, 0x00, 0x00, 0x00,
    0x00, 0x00, 0x00, 0x00, 0x00, 0x00, 0x00, 0x00, 0x00, 0x00, 0x00, 0x00, 0x00, 0x00, 0x00, 0x00,
    0x00, 0x00, 0x00, 0x00, 0x00, 0x00, 0x00, 0x00, 0x00, 0x00, 0x00, 0x00, 0x00, 0x00, 0x00, 0x00,
    0x00, 0x00, 0x00, 0x00, 0x00, 0x00, 0x00, 0x00, 0x00, 0x00, 0x00, 0x00, 0x00, 0x00, 0x00, 0x00,
    0x00, 0x00, 0x00, 0x00, 0x00, 0x00, 0x00, 0x00, 0x00, 0x00, 0x00, 0x00, 0x00, 0x00, 0x00, 0x00,
    0x00, 0x00, 0x00, 0x00, 0x00, 0x00, 0x00, 0x00, 0x00, 0x00, 0x00, 0x00, 0x00, 0x00, 0x00, 0x00,
    0x00, 0x00, 0x00, 0x00, 0x00, 0x00, 0x00, 0x00, 0x00, 0x00, 0x00, 0x00, 0x00, 0x00, 0x00, 0x00,
    0x00, 0x00, 0x00, 0x00, 0x00, 0x00, 0x00, 0x00, 0x00, 0x00, 0x00, 0x00, 0x00, 0x00, 0x00, 0x00,
    0x00, 0x00, 0x00, 0x00, 0x00, 0x00, 0x00, 0x00, 0x00, 0x00, 0x00, 0x00, 0x00, 0x00, 0x00, 0x00,
    0x00, 0x00, 0x00, 0x00, 0x00, 0x00, 0x00, 0x00, 0x00, 0x00, 0x00, 0x00, 0x00, 0x00, 0x00, 0x00,
    0x00, 0x00, 0x00, 0x00, 0x00, 0x00, 0x00, 0x00, 0x00, 0x00, 0x00, 0x00, 0x00, 0x00, 0x00, 0x00,
    0x00, 0x00, 0x00, 0x00, 0x00, 0x00, 0x00, 0x00, 0x00, 0x00, 0x00, 0x00, 0x00, 0x00, 0x00, 0x00,
    0x00, 0x00, 0x00, 0x00, 0x00, 0x00, 0x00, 0x00, 0x00, 0x00, 0x00, 0x00, 0x00, 0x00, 0x00, 0x00,
    0x00, 0x00, 0x00, 0x00, 0x00, 0x00, 0x00, 0x00, 0x00, 0x00, 0x00, 0x00, 0x00, 0x00, 0x00, 0x00,
    0x00, 0x00, 0x00, 0x00, 0x00, 0x00, 0x00, 0x00, 0x00, 0x00, 0x00, 0x00, 0x00, 0x00, 0x00, 0x00,
    0x00, 0x00, 0x00, 0x00, 0x00, 0x00, 0x00, 0x00, 0x00, 0x00, 0x00, 0x00, 0x00, 0x00, 0x00, 0x00,
    0x00, 0x00, 0x00, 0x00, 0x00, 0x00, 0x00, 0x00, 0x00, 0x00, 0x00, 0x00, 0x00, 0x00, 0x00, 0x00,
    0x00, 0x00, 0x00, 0x00, 0x00, 0x00, 0x00, 0x00, 0x00, 0x00, 0x00, 0x00, 0x00, 0x00, 0x00, 0x00,
    0x00, 0x00, 0x00, 0x00, 0x00, 0x00, 0x00, 0x00, 0x00, 0x00, 0x00, 0x00, 0x00, 0x00, 0x00, 0x00,
    0x00, 0x00, 0x00, 0x00, 0x00, 0x00, 0x00, 0x00, 0x00, 0x00, 0x00, 0x00, 0x00, 0x00, 0x00, 0x00,
    0x00, 0x00, 0x00, 0x00, 0x00, 0x00, 0x00, 0x00, 0x00, 0x00, 0x00, 0x00, 0x00, 0x00, 0x00, 0x00,
    0x00, 0x00, 0x00, 0x00, 0x00, 0x00, 0x00, 0x00, 0x00, 0x00, 0x00, 0x00, 0x00, 0x00, 0x00, 0x00,
    0x00, 0x00, 0x00, 0x00, 0x00, 0x00, 0x00, 0x00, 0x00, 0x00, 0x00, 0x00, 0x00, 0x00, 0x00, 0x00,
    0x00, 0x00, 0x00, 0x00, 0x00, 0x00, 0x00, 0x00, 0x00, 0x00, 0x00, 0x00, 0x00, 0x00, 0x00, 0x00,
    0x00, 0x00, 0x00, 0x00, 0x00, 0x00, 0x00, 0x00, 0x00, 0x00, 0x00, 0x00, 0x00, 0x00, 0x00, 0x00,
    0x00, 0x00, 0x00, 0x00, 0x00, 0x00, 0x00, 0x00, 0x00, 0x00, 0x00, 0x00, 0x00, 0x00, 0x00, 0x00,
    0x00, 0x00, 0x00, 0x00, 0x00, 0x00, 0x00, 0x00, 0x00, 0x00, 0x00, 0x00, 0x00, 0x00, 0x00, 0x00,
    0x00, 0x00, 0x00, 0x00, 0x00, 0x00, 0x00, 0x00, 0x00, 0x00, 0x00, 0x00, 0x00, 0x00, 0x00, 0x00,
    0x00, 0x00, 0x00, 0x00, 0x00, 0x00, 0x00, 0x00, 0x00, 0x00, 0x00, 0x00, 0x00, 0x00, 0x00, 0x00,
    0x00, 0x00, 0x00, 0x00, 0x00, 0x00, 0x00, 0x00, 0x00, 0x00, 0x00, 0x00, 0x00, 0x00, 0x00, 0x00,
    0x00, 0x00, 0x00, 0x00, 0x00, 0x00, 0x00, 0x00, 0x00, 0x00, 0x00, 0x00, 0x00, 0x00, 0x00, 0x00,
    0x00, 0x00, 0x00, 0x00, 0x00, 0x00, 0x00, 0x00, 0x00, 0x00, 0x00, 0x00, 0x00, 0x00, 0x00, 0x00,
    0x00, 0x00, 0x00, 0x00, 0x00, 0x00, 0x00, 0x00, 0x00, 0x00, 0x00, 0x00, 0x00, 0x00, 0x00, 0x00,
    0x00, 0x00, 0x00, 0x00, 0x00, 0x00, 0x00, 0x00, 0x00, 0x00, 0x00, 0x00, 0x00, 0x00, 0x00, 0x00,
    0x00, 0x00, 0x00, 0x00, 0x00, 0x00, 0x00, 0x00, 0x00, 0x00, 0x00, 0x00, 0x00, 0x00, 0x00, 0x00,
    0x00, 0x00, 0x00, 0x00, 0x00, 0x00, 0x00, 0x00, 0x00, 0x00, 0x00, 0x00, 0x00, 0x00, 0x00, 0x00,
    0x00, 0x00, 0x00, 0x00, 0x00, 0x00, 0x00, 0x00, 0x00, 0x00, 0x00, 0x00, 0x00, 0x00, 0x00, 0x00,
    0x00, 0x00, 0x00, 0x00, 0x00, 0x00, 0x00, 0x00, 0x00, 0x00, 0x00, 0x00, 0x00, 0x00, 0x00, 0x00,
    0x00, 0x00, 0x00, 0x00, 0x00, 0x00, 0x00, 0x00, 0x00, 0x00, 0x20, 0x00, 0x20, 0x08, 0x20, 0x08,
    0x20, 0x08, 0x20, 0x08, 0x20, 0x08, 0x20, 0x00, 0x00, 0x00, 0x00, 0x00, 0x00, 0x00, 0x00, 0x00,
    0x00, 0x00, 0x00, 0x00, 0x00, 0x00, 0x00, 0x00, 0x00, 0x00, 0x00, 0x00, 0x00, 0x00, 0x00, 0x00,
    0x00, 0x00, 0x00, 0x00, 0x00, 0x00, 0x00, 0x00, 0x00, 0x00, 0x00, 0x00, 0x00, 0x00, 0x00, 0x00,
    0x00, 0x00, 0x00, 0x00, 0x00, 0x00, 0x00, 0x00, 0x00, 0x00, 0x00, 0x00, 0x00, 0x00, 0x00, 0x00,
    0x00, 0x00, 0x00, 0x00, 0x00, 0x00, 0x00, 0x00, 0x00, 0x00, 0x00, 0x00, 0x00, 0x00, 0x00, 0x00,
    0x00, 0x00, 0x00, 0x00, 0x00, 0x00, 0x00, 0x00, 0x00, 0x00, 0x00, 0x00, 0x00, 0x00, 0x00, 0x00,
    0x00, 0x00, 0x00, 0x00, 0x00, 0x00, 0x00, 0x00, 0x00, 0x00, 0x00, 0x00, 0x00, 0x00, 0x00, 0x00,
    0x00, 0x00, 0x00, 0x00, 0x00, 0x00, 0x00, 0x00, 0x00, 0x00, 0x00, 0x00, 0x00, 0x00, 0x00, 0x00,
    0x00, 0x00, 0x00, 0x00, 0x00, 0x00, 0x00, 0x00, 0x00, 0x00, 0x00, 0x00, 0x00, 0x00, 0x00, 0x00,
    0x00, 0x00, 0x00, 0x00, 0x00, 0x00, 0x00, 0x00, 0x00, 0x00, 0x00, 0x00, 0x00, 0x00, 0x00, 0x00,
    0x00, 0x00, 0x00, 0x00, 0x00, 0x00, 0x00, 0x00, 0x00, 0x00, 0x00, 0x00, 0x00, 0x00, 0x00, 0x00,
    0x00, 0x00, 0x00, 0x00, 0x00, 0x00, 0x00, 0x00, 0x00, 0x00, 0x00, 0x00, 0x00, 0x00, 0x00, 0x00,
    0x00, 0x00, 0x00, 0x00, 0x00, 0x00, 0x00, 0x00, 0x00, 0x00, 0x00, 0x00, 0x00, 0x00, 0x00, 0x00,
    0x00, 0x00, 0x00, 0x00, 0x00, 0x00, 0x00, 0x00, 0x00, 0x00, 0x00, 0x00, 0x00, 0x00, 0x00, 0x00,
    0x00, 0x00, 0x00, 0x00, 0x00, 0x00, 0x00, 0x00, 0x00, 0x00, 0x00, 0x00, 0x00, 0x00, 0x00, 0x00,
    0x00, 0x00, 0x00, 0x00, 0x00, 0x00, 0x00, 0x00, 0x00, 0x00, 0x00, 0x00, 0x20, 0x08, 0x20, 0x08,
    0x40, 0x10, 0x40, 0x10, 0x60, 0x18, 0x60, 0x18, 0x40, 0x10, 0x20, 0x08, 0x20, 0x08, 0x00, 0x00,
    0x00, 0x00, 0x00, 0x00, 0x00, 0x00, 0x00, 0x00, 0x00, 0x00, 0x00, 0x00, 0x00, 0x00, 0x00, 0x00,
    0x00, 0x00, 0x00, 0x00, 0x00, 0x00, 0x00, 0x00, 0x00, 0x00, 0x00, 0x00, 0x00, 0x00, 0x00, 0x00,
    0x00, 0x00, 0x00, 0x00, 0x00, 0x00, 0x00, 0x00, 0x00, 0x00, 0x00, 0x00, 0x00, 0x00, 0x00, 0x00,
    0x00, 0x00, 0x00, 0x00, 0x00, 0x00, 0x00, 0x00, 0x00, 0x00, 0x00, 0x00, 0x00, 0x00, 0x00, 0x00,
    0x00, 0x00, 0x00, 0x00, 0x00, 0x00, 0x00, 0x00, 0x00, 0x00, 0x00, 0x00, 0x00, 0x00, 0x00, 0x00,
    0x00, 0x00, 0x00, 0x00, 0x00, 0x00, 0x00, 0x00, 0x00, 0x00, 0x00, 0x00, 0x00, 0x00, 0x00, 0x00,
    0x00, 0x00, 0x00, 0x00, 0x00, 0x00, 0x00, 0x00, 0x00, 0x00, 0x00, 0x00, 0x00, 0x00, 0x00, 0x00,
    0x00, 0x00, 0x00, 0x00, 0x00, 0x00, 0x00, 0x00, 0x00, 0x00, 0x00, 0x00, 0x00, 0x00, 0x00, 0x00,
    0x00, 0x00, 0x00, 0x00, 0x00, 0x00, 0x00, 0x00, 0x00, 0x00, 0x00, 0x00, 0x00, 0x00, 0x00, 0x00,
    0x00, 0x00, 0x00, 0x00, 0x00, 0x00, 0x00, 0x00, 0x00, 0x00, 0x00, 0x00, 0x00, 0x00, 0x00, 0x00,
    0x00, 0x00, 0x00, 0x00, 0x00, 0x00, 0x00, 0x00, 0x00, 0x00, 0x00, 0x00, 0x00, 0x00, 0x00, 0x00,
    0x00, 0x00, 0x00, 0x00, 0x00, 0x00, 0x00, 0x00, 0x00, 0x00, 0x00, 0x00, 0x00, 0x00, 0x00, 0x00,
    0x00, 0x00, 0x00, 0x00, 0x00, 0x00, 0x00, 0x00, 0x00, 0x00, 0x00, 0x00, 0x00, 0x00, 0x00, 0x00,
    0x20, 0x00, 0x20, 0x08, 0x20, 0x08, 0x20, 0x08, 0x20, 0x08, 0x20, 0x00, 0x00, 0x00, 0x00, 0x00,
    0x00, 0x00, 0x00, 0x00, 0x00, 0x00, 0x00, 0x00, 0x00, 0x00, 0x00, 0x00, 0x00, 0x00, 0x20, 0x08,
    0x40, 0x08, 0x40, 0x10, 0x80, 0x18, 0xC1, 0x28, 0xC1, 0x28, 0x80, 0x20, 0x80, 0x20, 0x40, 0x18,
    0x40, 0x10, 0x20, 0x08, 0x00, 0x00, 0x00, 0x00, 0x00, 0x00, 0x00, 0x00, 0x00, 0x00, 0x00, 0x00,
    0x00, 0x00, 0x00, 0x00, 0x00, 0x00, 0x00, 0x00, 0x00, 0x00, 0x00, 0x00, 0x00, 0x00, 0x00, 0x00,
    0x00, 0x00, 0x00, 0x00, 0x00, 0x00, 0x00, 0x00, 0x00, 0x00, 0x00, 0x00, 0x00, 0x00, 0x00, 0x00,
    0x00, 0x00, 0x00, 0x00, 0x00, 0x00, 0x00, 0x00, 0x00, 0x00, 0x00, 0x00, 0x00, 0x00, 0x00, 0x00,
    0x00, 0x00, 0x00, 0x00, 0x00, 0x00, 0x00, 0x00, 0x00, 0x00, 0x00, 0x00, 0x00, 0x00, 0x00, 0x00,
    0x00, 0x00, 0x00, 0x00, 0x00, 0x00, 0x00, 0x00, 0x00, 0x00, 0x00, 0x00, 0x00, 0x00, 0x00, 0x00,
    0x00, 0x00, 0x00, 0x00, 0x00, 0x00, 0x00, 0x00, 0x00, 0x00, 0x00, 0x00, 0x00, 0x00, 0x00, 0x00,
    0x00, 0x00, 0x00, 0x00, 0x00, 0x00, 0x00, 0x00, 0x00, 0x00, 0x00, 0x00, 0x00, 0x00, 0x00, 0x00,
    0x00, 0x00, 0x00, 0x00, 0x00, 0x00, 0x00, 0x00, 0x00, 0x00, 0x00, 0x00, 0x00, 0x00, 0x00, 0x00,
    0x00, 0x00, 0x00, 0x00, 0x00, 0x00, 0x00, 0x00, 0x00, 0x00, 0x00, 0x00, 0x00, 0x00, 0x00, 0x00,
    0x00, 0x00, 0x00, 0x00, 0x00, 0x00, 0x00, 0x00, 0x00, 0x00, 0x00, 0x00, 0x00, 0x00, 0x00, 0x00,
    0x00, 0x00, 0x00, 0x00, 0x00, 0x00, 0x00, 0x00, 0x00, 0x00, 0x00, 0x00, 0x00, 0x00, 0x00, 0x00,
    0x20, 0x00, 0x20, 0x08, 0x20, 0x08, 0x20, 0x08, 0x20, 0x00, 0x20, 0x00, 0x20, 0x00, 0x20, 0x00,
    0x20, 0x08, 0x20, 0x08, 0x40, 0x08, 0x60, 0x10, 0xA1, 0x20, 0x80, 0x18, 0x40, 0x10, 0x20, 0x08,
    0x20, 0x08, 0x00, 0x00, 0x00, 0x00, 0x00, 0x00, 0x00, 0x00, 0x00, 0x00, 0x20, 0x00, 0x20, 0x08,
    0x20, 0x08, 0x20, 0x08, 0x40, 0x10, 0x80, 0x20, 0xA0, 0x28, 0xE0, 0x38, 0x24, 0x62, 0xE6, 0x7A,
    0x01, 0x31, 0xA0, 0x20, 0x40, 0x10, 0x20, 0x08, 0x20, 0x08, 0x00, 0x00, 0x00, 0x00, 0x00, 0x00,
    0x00, 0x00, 0x00, 0x00, 0x00, 0x00, 0x00, 0x00, 0x00, 0x00, 0x00, 0x00, 0x00, 0x00, 0x00, 0x00,
    0x00, 0x00, 0x00, 0x00, 0x00, 0x00, 0x00, 0x00, 0x00, 0x00, 0x00, 0x00, 0x00, 0x00, 0x00, 0x00,
    0x00, 0x00, 0x00, 0x00, 0x00, 0x00, 0x00, 0x00, 0x00, 0x00, 0x00, 0x00, 0x00, 0x00, 0x00, 0x00,
    0x00, 0x00, 0x00, 0x00, 0x00, 0x00, 0x00, 0x00, 0x00, 0x00, 0x00, 0x00, 0x00, 0x00, 0x00, 0x00,
    0x00, 0x00, 0x00, 0x00, 0x00, 0x00, 0x00, 0x00, 0x00, 0x00, 0x00, 0x00, 0x00, 0x00, 0x00, 0x00,
    0x00, 0x00, 0x00, 0x00, 0x00, 0x00, 0x00, 0x00, 0x00, 0x00, 0x00, 0x00, 0x00, 0x00, 0x00, 0x00,
    0x00, 0x00, 0x00, 0x00, 0x00, 0x00, 0x00, 0x00, 0x00, 0x00, 0x00, 0x00, 0x00, 0x00, 0x00, 0x00,
    0x00, 0x00, 0x00, 0x00, 0x00, 0x00, 0x00, 0x00, 0x00, 0x00, 0x00, 0x00, 0x00, 0x00, 0x00, 0x00,
    0x00, 0x00, 0x00, 0x00, 0x00, 0x00, 0x00, 0x00, 0x00, 0x00, 0x00, 0x00, 0x00, 0x00, 0x00, 0x00,
    0x00, 0x00, 0x00, 0x00, 0x00, 0x00, 0x00, 0x00, 0x00, 0x00, 0x00, 0x00, 0x00, 0x00, 0x00, 0x00,
    0x00, 0x00, 0x00, 0x00, 0x00, 0x00, 0x00, 0x00, 0x00, 0x00, 0x00, 0x00, 0x00, 0x00, 0x20, 0x00,
    0x20, 0x08, 0x20, 0x08, 0x20, 0x08, 0x20, 0x10, 0x40, 0x10, 0x20, 0x10, 0x20, 0x08, 0x40, 0x08,
    0x20, 0x08, 0x20, 0x08, 0x40, 0x08, 0x40, 0x10, 0xA1, 0x18, 0xC1, 0x28, 0xC3, 0x59, 0x42, 0x39,
    0xC1, 0x28, 0x80, 0x18, 0x20, 0x08, 0x20, 0x00, 0x00, 0x00, 0x00, 0x00, 0x00, 0x00, 0x00, 0x00,
    0x00, 0x00, 0x00, 0x00, 0x20, 0x08, 0x40, 0x10, 0x60, 0x18, 0xC1, 0x30, 0x0A, 0xA4, 0x2A, 0xA4,
    0x51, 0xE6, 0x31, 0xDE, 0x20, 0x49, 0x01, 0x31, 0x80, 0x18, 0x40, 0x10, 0x20, 0x08, 0x00, 0x00,
    0x00, 0x00, 0x00, 0x00, 0x00, 0x00, 0x00, 0x00, 0x00, 0x00, 0x00, 0x00, 0x00, 0x00, 0x00, 0x00,
    0x00, 0x00, 0x00, 0x00, 0x00, 0x00, 0x00, 0x00, 0x00, 0x00, 0x00, 0x00, 0x00, 0x00, 0x00, 0x00,
    0x00, 0x00, 0x00, 0x00, 0x00, 0x00, 0x00, 0x00, 0x00, 0x00, 0x00, 0x00, 0x00, 0x00, 0x00, 0x00,
    0x00, 0x00, 0x00, 0x00, 0x00, 0x00, 0x00, 0x00, 0x00, 0x00, 0x00, 0x00, 0x00, 0x00, 0x00, 0x00,
    0x00, 0x00, 0x00, 0x00, 0x00, 0x00, 0x00, 0x00, 0x00, 0x00, 0x00, 0x00, 0x00, 0x00, 0x00, 0x00,
    0x00, 0x00, 0x00, 0x00, 0x00, 0x00, 0x00, 0x00, 0x00, 0x00, 0x00, 0x00, 0x00, 0x00, 0x00, 0x00,
    0x00, 0x00, 0x00, 0x00, 0x00, 0x00, 0x00, 0x00, 0x00, 0x00, 0x00, 0x00, 0x00, 0x00, 0x00, 0x00,
    0x00, 0x00, 0x00, 0x00, 0x00, 0x00, 0x00, 0x00, 0x00, 0x00, 0x00, 0x00, 0x00, 0x00, 0x00, 0x00,
    0x00, 0x00, 0x00, 0x00, 0x00, 0x00, 0x00, 0x00, 0x00, 0x00, 0x00, 0x00, 0x00, 0x00, 0x00, 0x00,
    0x00, 0x00, 0x00, 0x00, 0x00, 0x00, 0x00, 0x00, 0x00, 0x00, 0x00, 0x00, 0x00, 0x00, 0x00, 0x00,
    0x00, 0x00, 0x00, 0x00, 0x00, 0x00, 0x00, 0x00, 0x00, 0x00, 0x00, 0x00, 0x00, 0x00, 0x00, 0x00,
    0x20, 0x08, 0x20, 0x08, 0x20, 0x08, 0x40, 0x10, 0x40, 0x10, 0x60, 0x18, 0x60, 0x18, 0x60, 0x18,
    0x60, 0x18, 0x20, 0x10, 0x20, 0x10, 0x40, 0x10, 0x40, 0x10, 0x60, 0x10, 0xC1, 0x28, 0xC3, 0x59,
    0x68, 0xB4, 0x25, 0x8B, 0x42, 0x41, 0xA0, 0x18, 0x40, 0x10, 0x20, 0x08, 0x00, 0x00, 0x00, 0x00,
    0x20, 0x00, 0x00, 0x00, 0x83, 0x41, 0x22, 0x39, 0x00, 0x00, 0x60, 0x18, 0x80, 0x20, 0xE1, 0x30,
    0x49, 0xBC, 0x52, 0xFF, 0xB7, 0xFF, 0x76, 0xF7, 0x6B, 0xAC, 0x82, 0x49, 0xA0, 0x20, 0x40, 0x10,
    0x40, 0x08, 0x20, 0x08, 0x00, 0x00, 0x00, 0x00, 0x00, 0x00, 0x00, 0x00, 0x00, 0x00, 0x00, 0x00,
    0x00, 0x00, 0x00, 0x00, 0x00, 0x00, 0x00, 0x00, 0x00, 0x00, 0x00, 0x00, 0x00, 0x00, 0x00, 0x00,
    0x00, 0x00, 0x00, 0x00, 0x00, 0x00, 0x00, 0x00, 0x00, 0x00, 0x00, 0x00, 0x00, 0x00, 0x00, 0x00,
    0x00, 0x00, 0x00, 0x00, 0x00, 0x00, 0x00, 0x00, 0x00, 0x00, 0x00, 0x00, 0x00, 0x00, 0x00, 0x00,
    0x00, 0x00, 0x00, 0x00, 0x00, 0x00, 0x00, 0x00, 0x00, 0x00, 0x00, 0x00, 0x00, 0x00, 0x00, 0x00,
    0x00, 0x00, 0x00, 0x00, 0x00, 0x00, 0x00, 0x00, 0x00, 0x00, 0x00, 0x00, 0x00, 0x00, 0x00, 0x00,
    0x00, 0x00, 0x00, 0x00, 0x00, 0x00, 0x00, 0x00, 0x00, 0x00, 0x00, 0x00, 0x00, 0x00, 0x00, 0x00,
    0x00, 0x00, 0x00, 0x00, 0x00, 0x00, 0x00, 0x00, 0x00, 0x00, 0x00, 0x00, 0x00, 0x00, 0x00, 0x00,
    0x00, 0x00, 0x00, 0x00, 0x00, 0x00, 0x00, 0x00, 0x00, 0x00, 0x00, 0x00, 0x00, 0x00, 0x00, 0x00,
    0x00, 0x00, 0x00, 0x00, 0x00, 0x00, 0x00, 0x00, 0x00, 0x00, 0x00, 0x00, 0x00, 0x00, 0x00, 0x00,
    0x00, 0x00, 0x00, 0x00, 0x00, 0x00, 0x00, 0x00, 0x00, 0x00, 0x00, 0x00, 0x00, 0x00, 0x00, 0x00,
    0x00, 0x00, 0x20, 0x08, 0x20, 0x08, 0x40, 0x10, 0x40, 0x10, 0x60, 0x18, 0xA1, 0x20, 0xC1, 0x28,
    0xA0, 0x28, 0xA0, 0x20, 0x60, 0x18, 0x62, 0x39, 0x02, 0x29, 0x40, 0x10, 0x60, 0x18, 0xE1, 0x28,
    0xC3, 0x59, 0x48, 0xB4, 0xD9, 0xFF, 0xB2, 0xEE, 0x25, 0x8B, 0x62, 0x41, 0x80, 0x18, 0x40, 0x08,
    0x20, 0x08, 0x20, 0x08, 0x20, 0x08, 0x20, 0x00, 0x02, 0x31, 0xC1, 0x28, 0x20, 0x08, 0x60, 0x18,
    0xA1, 0x28, 0xE1, 0x30, 0x47, 0x93, 0xB0, 0xFE, 0x11, 0xF7, 0x32, 0xFF, 0x2E, 0xEE, 0x04, 0x62,
    0x80, 0x20, 0x60, 0x18, 0x40, 0x10, 0x20, 0x08, 0x20, 0x08, 0x00, 0x00, 0x20, 0x00, 0x00, 0x00,
    0x20, 0x00, 0x00, 0x00, 0x00, 0x00, 0x00, 0x00, 0x00, 0x00, 0x00, 0x00, 0x00, 0x00, 0x00, 0x00,
    0x00, 0x00, 0x00, 0x00, 0x00, 0x00, 0x00, 0x00, 0x00, 0x00, 0x00, 0x00, 0x00, 0x00, 0x00, 0x00,
    0x00, 0x00, 0x00, 0x00, 0x00, 0x00, 0x00, 0x00, 0x00, 0x00, 0x00, 0x00, 0x00, 0x00, 0x00, 0x00,
    0x00, 0x00, 0x00, 0x00, 0x00, 0x00, 0x00, 0x00, 0x00, 0x00, 0x00, 0x00, 0x00, 0x00, 0x00, 0x00,
    0x00, 0x00, 0x00, 0x00, 0x00, 0x00, 0x00, 0x00, 0x00, 0x00, 0x00, 0x00, 0x00, 0x00, 0x00, 0x00,
    0x00, 0x00, 0x00, 0x00, 0x00, 0x00, 0x00, 0x00, 0x00, 0x00, 0x00, 0x00, 0x00, 0x00, 0x00, 0x00,
    0x00, 0x00, 0x00, 0x00, 0x00, 0x00, 0x00, 0x00, 0x00, 0x00, 0x00, 0x00, 0x00, 0x00, 0x00, 0x00,
    0x00, 0x00, 0x00, 0x00, 0x00, 0x00, 0x00, 0x00, 0x00, 0x00, 0x00, 0x00, 0x00, 0x00, 0x00, 0x00,
    0x00, 0x00, 0x00, 0x00, 0x00, 0x00, 0x00, 0x00, 0x00, 0x00, 0x00, 0x00, 0x00, 0x00, 0x00, 0x00,
    0x00, 0x00, 0x00, 0x00, 0x00, 0x00, 0x00, 0x00, 0x00, 0x00, 0x00, 0x00, 0x00, 0x00, 0x00, 0x00,
    0x00, 0x00, 0x00, 0x00, 0x20, 0x00, 0x20, 0x08, 0x40, 0x10, 0x60, 0x18, 0x80, 0x20, 0xC1, 0x30,
    0x01, 0x39, 0x21, 0x41, 0x42, 0x41, 0x01, 0x31, 0xC0, 0x28, 0x24, 0x5A, 0x62, 0x39, 0x60, 0x18,
    0x80, 0x20, 0xE1, 0x30, 0xC2, 0x59, 0xE7, 0xAB, 0x55, 0xFF, 0x0F, 0xDE, 0x84, 0x72, 0x21, 0x39,
    0x80, 0x18, 0x40, 0x08, 0x40, 0x08, 0x20, 0x08, 0x00, 0x00, 0x40, 0x10, 0x20, 0x08, 0x40, 0x10,
    0x60, 0x18, 0x80, 0x18, 0xA0, 0x20, 0x01, 0x39, 0xCB, 0xD4, 0x4B, 0xE5, 0x2D, 0xFE, 0xCC, 0xE5,
    0xA1, 0x59, 0x21, 0x39, 0xA0, 0x20, 0x60, 0x18, 0x60, 0x18, 0x40, 0x10, 0x40, 0x08, 0x20, 0x08,
    0x20, 0x08, 0x20, 0x08, 0x40, 0x08, 0x20, 0x08, 0x20, 0x08, 0x20, 0x08, 0x20, 0x08, 0x20, 0x08,
    0x20, 0x08, 0x20, 0x08, 0x20, 0x08, 0x20, 0x08, 0x20, 0x08, 0x20, 0x08, 0x00, 0x00, 0x00, 0x00,
    0x00, 0x00, 0x00, 0x00, 0x00, 0x00, 0x00, 0x00, 0x00, 0x00, 0x00, 0x00, 0x00, 0x00, 0x00, 0x00,
    0x00, 0x00, 0x00, 0x00, 0x00, 0x00, 0x00, 0x00, 0x00, 0x00, 0x00, 0x00, 0x00, 0x00, 0x00, 0x00,
    0x00, 0x00, 0x00, 0x00, 0x00, 0x00, 0x00, 0x00, 0x00, 0x00, 0x00, 0x00, 0x00, 0x00, 0x00, 0x00,
    0x00, 0x00, 0x00, 0x00, 0x00, 0x00, 0x00, 0x00, 0x00, 0x00, 0x00, 0x00, 0x00, 0x00, 0x00, 0x00,
    0x00, 0x00, 0x00, 0x00, 0x00, 0x00, 0x00, 0x00, 0x00, 0x00, 0x00, 0x00, 0x00, 0x00, 0x00, 0x00,
    0x00, 0x00, 0x00, 0x00, 0x00, 0x00, 0x00, 0x00, 0x00, 0x00, 0x00, 0x00, 0x00, 0x00, 0x00, 0x00,
    0x00, 0x00, 0x00, 0x00, 0x00, 0x00, 0x00, 0x00, 0x00, 0x00, 0x00, 0x00, 0x00, 0x00, 0x00, 0x00,
    0x00, 0x00, 0x00, 0x00, 0x00, 0x00, 0x00, 0x00, 0x00, 0x00, 0x00, 0x00, 0x00, 0x00, 0x00, 0x00,
    0x00, 0x00, 0x00, 0x00, 0x00, 0x00, 0x00, 0x00, 0x20, 0x08, 0x40, 0x10, 0x60, 0x18, 0x80, 0x20,
    0xE1, 0x30, 0x21, 0x41, 0xC5, 0x7A, 0xE8, 0xA3, 0xE3, 0x61, 0xA2, 0x51, 0xA2, 0x51, 0xA2, 0x49,
    0xC0, 0x28, 0xC1, 0x28, 0xA0, 0x20, 0xA1, 0x20, 0x01, 0x31, 0xA2, 0x51, 0x86, 0x9B, 0xA4, 0x7A,
    0x21, 0x39, 0x80, 0x20, 0x40, 0x10, 0x40, 0x10, 0x20, 0x08, 0xA1, 0x20, 0x25, 0x5A, 0x40, 0x10,
    0xA1, 0x20, 0xA0, 0x20, 0xA0, 0x20, 0xA1, 0x28, 0xA1, 0x28, 0xE1, 0x30, 0xA2, 0x59, 0xA2, 0x59,
    0xA7, 0xAB, 0x28, 0xBC, 0x01, 0x39, 0xE1, 0x30, 0x22, 0x39, 0xE1, 0x30, 0xA1, 0x20, 0x60, 0x10,
    0x60, 0x10, 0x40, 0x10, 0x40, 0x10, 0x40, 0x10, 0x80, 0x20, 0x60, 0x18, 0x40, 0x10, 0x40, 0x08,
    0x20, 0x08, 0x40, 0x08, 0x40, 0x10, 0x40, 0x10, 0x40, 0x10, 0x40, 0x10, 0x40, 0x10, 0x40, 0x08,
    0x20, 0x08, 0x20, 0x08, 0x00, 0x00, 0x00, 0x00, 0x00, 0x00, 0x00, 0x00, 0x00, 0x00, 0x00, 0x00,
    0x00, 0x00, 0x00, 0x00, 0x00, 0x00, 0x00, 0x00, 0x00, 0x00, 0x00, 0x00, 0x00, 0x00, 0x00, 0x00,
    0x00, 0x00, 0x00, 0x00, 0x00, 0x00, 0x00, 0x00, 0x00, 0x00, 0x00, 0x00, 0x00, 0x00, 0x00, 0x00,
    0x00, 0x00, 0x00, 0x00, 0x00, 0x00, 0x00, 0x00, 0x00, 0x00, 0x00, 0x00, 0x00, 0x00, 0x00, 0x00,
    0x00, 0x00, 0x00, 0x00, 0x00, 0x00, 0x00, 0x00, 0x00, 0x00, 0x00, 0x00, 0x00, 0x00, 0x00, 0x00,
    0x00, 0x00, 0x00, 0x00, 0x00, 0x00, 0x00, 0x00, 0x00, 0x00, 0x00, 0x00, 0x00, 0x00, 0x00, 0x00,
    0x00, 0x00, 0x00, 0x00, 0x00, 0x00, 0x00, 0x00, 0x00, 0x00, 0x00, 0x00, 0x00, 0x00, 0x00, 0x00,
    0x00, 0x00, 0x00, 0x00, 0x00, 0x00, 0x00, 0x00, 0x00, 0x00, 0x00, 0x00, 0x00, 0x00, 0x00, 0x00,
    0x00, 0x00, 0x00, 0x00, 0x00, 0x00, 0x00, 0x00, 0x00, 0x00, 0x20, 0x08, 0x40, 0x10, 0x40, 0x10,
    0x80, 0x20, 0xC1, 0x28, 0x22, 0x41, 0xC2, 0x59, 0xEC, 0xC4, 0xB5, 0xFF, 0xAA, 0xBC, 0x84, 0x7A,
    0x23, 0x6A, 0xC2, 0x59, 0x62, 0x49, 0x21, 0x41, 0xC1, 0x30, 0xA1, 0x28, 0xC1, 0x28, 0xC1, 0x28,
    0xA2, 0x49, 0x42, 0x39, 0xA1, 0x20, 0x60, 0x18, 0x40, 0x10, 0x80, 0x18, 0xA1, 0x20, 0x80, 0x18,
    0x22, 0x39, 0x80, 0x20, 0xE1, 0x30, 0x82, 0x51, 0xA2, 0x51, 0x01, 0x31, 0xE1, 0x30, 0xC1, 0x28,
    0xC1, 0x30, 0x01, 0x39, 0x21, 0x41, 0x62, 0x49, 0x01, 0x39, 0xA1, 0x28, 0xC6, 0x72, 0xC3, 0x51,
    0x42, 0x41, 0xA1, 0x20, 0x80, 0x18, 0x60, 0x18, 0x60, 0x10, 0x01, 0x39, 0x8A, 0xAC, 0x44, 0x62,
    0x40, 0x18, 0x20, 0x10, 0x04, 0x5A, 0xC1, 0x20, 0x40, 0x10, 0x60, 0x18, 0x60, 0x18, 0x60, 0x18,
    0x60, 0x18, 0x60, 0x18, 0x40, 0x10, 0x40, 0x10, 0x20, 0x08, 0x20, 0x08, 0x00, 0x00, 0x00, 0x00,
    0x00, 0x00, 0x00, 0x00, 0x00, 0x00, 0x00, 0x00, 0x00, 0x00, 0x00, 0x00, 0x00, 0x00, 0x00, 0x00,
    0x00, 0x00, 0x00, 0x00, 0x00, 0x00, 0x00, 0x00, 0x00, 0x00, 0x00, 0x00, 0x00, 0x00, 0x00, 0x00,
    0x00, 0x00, 0x00, 0x00, 0x00, 0x00, 0x00, 0x00, 0x00, 0x00, 0x00, 0x00, 0x00, 0x00, 0x00, 0x00,
    0x00, 0x00, 0x00, 0x00, 0x00, 0x00, 0x00, 0x00, 0x00, 0x00, 0x00, 0x00, 0x00, 0x00, 0x00, 0x00,
    0x00, 0x00, 0x00, 0x00, 0x00, 0x00, 0x00, 0x00, 0x00, 0x00, 0x00, 0x00, 0x00, 0x00, 0x00, 0x00,
    0x00, 0x00, 0x00, 0x00, 0x00, 0x00, 0x00, 0x00, 0x00, 0x00, 0x00, 0x00, 0x00, 0x00, 0x00, 0x00,
    0x00, 0x00, 0x00, 0x00, 0x00, 0x00, 0x00, 0x00, 0x00, 0x00, 0x00, 0x00, 0x00, 0x00, 0x00, 0x00,
    0x00, 0x00, 0x00, 0x00, 0x00, 0x00, 0x00, 0x00, 0x20, 0x08, 0x20, 0x08, 0x20, 0x08, 0x20, 0x08,
    0x20, 0x10, 0x60, 0x18, 0xA1, 0x28, 0x01, 0x39, 0xA2, 0x51, 0xA5, 0x7A, 0x8E, 0xDD, 0x76, 0xFF,
    0xB8, 0xFF, 0xA9, 0xC4, 0xA6, 0xAB, 0xA7, 0xA3, 0x66, 0x93, 0x03, 0x62, 0x01, 0x39, 0xC1, 0x28,
    0x80, 0x20, 0xE1, 0x30, 0xC1, 0x20, 0x80, 0x18, 0x60, 0x10, 0x60, 0x10, 0x00, 0x00, 0xE4, 0x51,
    0xAB, 0xB4, 0x40, 0x18, 0x60, 0x18, 0x22, 0x39, 0x62, 0x49, 0xAB, 0xBC, 0x6E, 0xCD, 0x20, 0x49,
    0x01, 0x39, 0xC1, 0x28, 0xA0, 0x28, 0xC1, 0x28, 0xC1, 0x28, 0xA1, 0x28, 0xC1, 0x28, 0x21, 0x39,
    0x01, 0x39, 0x44, 0x6A, 0xE5, 0x82, 0x42, 0x39, 0x22, 0x31, 0xA1, 0x20, 0x60, 0x18, 0xA2, 0x51,
    0xF2, 0xF6, 0x29, 0xA4, 0x40, 0x18, 0x80, 0x18, 0xA1, 0x20, 0xA0, 0x20, 0xA0, 0x20, 0xA1, 0x28,
    0xC1, 0x28, 0xC1, 0x28, 0xC1, 0x28, 0xC1, 0x28, 0x80, 0x20, 0x60, 0x18, 0x40, 0x10, 0x20, 0x08,
    0x20, 0x08, 0x00, 0x00, 0x00, 0x00, 0x00, 0x00, 0x00, 0x00, 0x00, 0x00, 0x00, 0x00, 0x00, 0x00,
    0x00, 0x00, 0x00, 0x00, 0x00, 0x00, 0x00, 0x00, 0x00, 0x00, 0x00, 0x00, 0x00, 0x00, 0x00, 0x00,
    0x00, 0x00, 0x00, 0x00, 0x00, 0x00, 0x00, 0x00, 0x00, 0x00, 0x00, 0x00, 0x00, 0x00, 0x00, 0x00,
    0x00, 0x00, 0x00, 0x00, 0x00, 0x00, 0x00, 0x00, 0x00, 0x00, 0x00, 0x00, 0x00, 0x00, 0x00, 0x00,
    0x00, 0x00, 0x00, 0x00, 0x00, 0x00, 0x00, 0x00, 0x00, 0x00, 0x00, 0x00, 0x00, 0x00, 0x00, 0x00,
    0x00, 0x00, 0x00, 0x00, 0x00, 0x00, 0x00, 0x00, 0x00, 0x00, 0x00, 0x00, 0x00, 0x00, 0x00, 0x00,
    0x00, 0x00, 0x00, 0x00, 0x00, 0x00, 0x00, 0x00, 0x00, 0x00, 0x00, 0x00, 0x00, 0x00, 0x00, 0x00,
    0x00, 0x00, 0x00, 0x00, 0x00, 0x00, 0x20, 0x00, 0x40, 0x10, 0x42, 0x39, 0x80, 0x18, 0x20, 0x08,
    0x20, 0x08, 0x81, 0x18, 0xE2, 0x30, 0x80, 0x20, 0x01, 0x39, 0x61, 0x49, 0x03, 0x6A, 0xC8, 0xAB,
    0x50, 0xF6, 0x54, 0xFF, 0xFC, 0xFF, 0x95, 0xFF, 0x33, 0xFF, 0x96, 0xFF, 0x94, 0xFF, 0x26, 0x8B,
    0x01, 0x39, 0x42, 0x39, 0x24, 0x62, 0xC6, 0x72, 0xA1, 0x20, 0x60, 0x10, 0x40, 0x10, 0x00, 0x00,
    0x20, 0x08, 0xA1, 0x20, 0x42, 0x39, 0x80, 0x18, 0x60, 0x20, 0xA6, 0x7A, 0xCE, 0xED, 0xF2, 0xF6,
    0xB8, 0xFF, 0x10, 0xDE, 0x44, 0x6A, 0x80, 0x20, 0x80, 0x20, 0x02, 0x31, 0x22, 0x39, 0x60, 0x18,
    0xA1, 0x20, 0x22, 0x39, 0x03, 0x62, 0x8A, 0xB4, 0xAD, 0xD5, 0x44, 0x72, 0x22, 0x39, 0xA1, 0x20,
    0x80, 0x20, 0xE1, 0x30, 0xA2, 0x51, 0x61, 0x41, 0x80, 0x20, 0xA1, 0x20, 0xA1, 0x20, 0xE1, 0x28,
    0xE1, 0x30, 0x01, 0x31, 0x22, 0x39, 0x62, 0x49, 0x41, 0x49, 0x41, 0x41, 0xE1, 0x30, 0x80, 0x20,
    0x60, 0x18, 0x40, 0x10, 0x20, 0x08, 0x00, 0x08, 0x00, 0x00, 0x00, 0x00, 0x00, 0x00, 0x00, 0x00,
    0x00, 0x00, 0x00, 0x00, 0x00, 0x00, 0x00, 0x00, 0x00, 0x00, 0x00, 0x00, 0x00, 0x00, 0x00, 0x00,
    0x00, 0x00, 0x00, 0x00, 0x00, 0x00, 0x00, 0x00, 0x00, 0x00, 0x00, 0x00, 0x00, 0x00, 0x00, 0x00,
    0x00, 0x00, 0x00, 0x00, 0x00, 0x00, 0x00, 0x00, 0x00, 0x00, 0x00, 0x00, 0x00, 0x00, 0x00, 0x00,
    0x00, 0x00, 0x00, 0x00, 0x00, 0x00, 0x00, 0x00, 0x00, 0x00, 0x00, 0x00, 0x00, 0x00, 0x00, 0x00,
    0x00, 0x00, 0x00, 0x00, 0x00, 0x00, 0x00, 0x00, 0x00, 0x00, 0x00, 0x00, 0x00, 0x00, 0x00, 0x00,
    0x00, 0x00, 0x00, 0x00, 0x00, 0x00, 0x00, 0x00, 0x00, 0x00, 0x00, 0x00, 0x00, 0x00, 0x00, 0x00,
    0x00, 0x00, 0x00, 0x00, 0x00, 0x00, 0x00, 0x00, 0x20, 0x00, 0x00, 0x00, 0x42, 0x39, 0x8E, 0xFE,
    0x64, 0x6A, 0x00, 0x00, 0x40, 0x08, 0x80, 0x18, 0xE1, 0x28, 0xC1, 0x28, 0x62, 0x49, 0x07, 0x8B,
    0x2D, 0xCD, 0xB2, 0xF6, 0x32, 0xFF, 0x94, 0xFF, 0xFB, 0xFF, 0xFA, 0xFF, 0xF9, 0xFF, 0xB5, 0xFF,
    0xED, 0xE5, 0x63, 0x7A, 0x21, 0x41, 0x42, 0x41, 0x44, 0x6A, 0xC1, 0x28, 0xC1, 0x28, 0xC1, 0x20,
    0x20, 0x08, 0x22, 0x31, 0x40, 0x10, 0x20, 0x08, 0x20, 0x08, 0x60, 0x18, 0xA1, 0x20, 0x21, 0x41,
    0x8A, 0xCC, 0xD1, 0xFE, 0x32, 0xFF, 0x0B, 0xCD, 0x82, 0x51, 0xA0, 0x20, 0x80, 0x18, 0x60, 0x18,
    0x60, 0x18, 0xE1, 0x28, 0x62, 0x49, 0x64, 0x72, 0xAA, 0xBC, 0x97, 0xFF, 0xFA, 0xFF, 0x8D, 0xD5,
    0x06, 0x8B, 0xE3, 0x59, 0x01, 0x39, 0xA1, 0x20, 0x80, 0x18, 0x80, 0x20, 0xA1, 0x28, 0xE1, 0x30,
    0x01, 0x39, 0x41, 0x41, 0x82, 0x49, 0xC3, 0x51, 0xE3, 0x59, 0x43, 0x72, 0xAB, 0xBC, 0xE9, 0x9B,
    0x41, 0x41, 0xE1, 0x30, 0x80, 0x20, 0x60, 0x18, 0x40, 0x10, 0x20, 0x08, 0x00, 0x00, 0x00, 0x00,
    0x00, 0x00, 0x00, 0x00, 0x00, 0x00, 0x00, 0x00, 0x00, 0x00, 0x00, 0x00, 0x00, 0x00, 0x00, 0x00,
    0x00, 0x00, 0x00, 0x00, 0x00, 0x00, 0x00, 0x00, 0x00, 0x00, 0x00, 0x00, 0x00, 0x00, 0x00, 0x00,
    0x00, 0x00, 0x00, 0x00, 0x00, 0x00, 0x00, 0x00, 0x00, 0x00, 0x00, 0x00, 0x00, 0x00, 0x00, 0x00,
    0x00, 0x00, 0x00, 0x00, 0x00, 0x00, 0x00, 0x00, 0x00, 0x00, 0x00, 0x00, 0x00, 0x00, 0x00, 0x00,
    0x00, 0x00, 0x00, 0x00, 0x00, 0x00, 0x00, 0x00, 0x00, 0x00, 0x00, 0x00, 0x00, 0x00, 0x00, 0x00,
    0x00, 0x00, 0x00, 0x00, 0x00, 0x00, 0x00, 0x00, 0x00, 0x00, 0x00, 0x00, 0x00, 0x00, 0x00, 0x00,
    0x00, 0x00, 0x00, 0x00, 0x00, 0x00, 0x00, 0x00, 0x00, 0x00, 0x00, 0x00, 0x20, 0x00, 0x20, 0x08,
    0x80, 0x20, 0xC5, 0x72, 0x01, 0x31, 0x20, 0x08, 0x40, 0x10, 0x40, 0x10, 0x60, 0x18, 0xC0, 0x30,
    0xC6, 0x7A, 0x30, 0xF6, 0x70, 0xF6, 0xF1, 0xFE, 0x73, 0xFF, 0xD6, 0xFF, 0xFA, 0xFF, 0xFA, 0xFF,
    0xD7, 0xFF, 0xF0, 0xFE, 0xC7, 0xB3, 0x03, 0x6A, 0x82, 0x49, 0xE1, 0x30, 0x60, 0x18, 0xC1, 0x20,
    0xA1, 0x20, 0x40, 0x10, 0x20, 0x08, 0x25, 0x5A, 0x60, 0x10, 0x20, 0x08, 0x40, 0x08, 0x40, 0x10,
    0x80, 0x20, 0xE1, 0x30, 0x4A, 0xC4, 0xCA, 0xE4, 0xCC, 0xFD, 0x06, 0x93, 0xA0, 0x28, 0xA1, 0x28,
    0x40, 0x18, 0x81, 0x18, 0x60, 0x18, 0xC3, 0x51, 0x24, 0x62, 0x03, 0x62, 0x28, 0xAC, 0x35, 0xF7,
    0xB7, 0xFF, 0x0B, 0xCD, 0xC5, 0x7A, 0x82, 0x49, 0xE1, 0x28, 0x80, 0x20, 0x60, 0x18, 0xA1, 0x20,
    0xE1, 0x28, 0x41, 0x41, 0x84, 0x72, 0x06, 0x8B, 0xA4, 0x7A, 0x84, 0x7A, 0x26, 0x93, 0x8D, 0xDD,
    0xF8, 0xFF, 0xCF, 0xD5, 0xC2, 0x61, 0x42, 0x39, 0xC1, 0x28, 0x80, 0x20, 0x40, 0x10, 0x20, 0x08,
    0x20, 0x08, 0x00, 0x00, 0x00, 0x00, 0x00, 0x00, 0x00, 0x00, 0x00, 0x00, 0x00, 0x00, 0x00, 0x00,
    0x00, 0x00, 0x00, 0x00, 0x00, 0x00, 0x00, 0x00, 0x00, 0x00, 0x00, 0x00, 0x00, 0x00, 0x00, 0x00,
    0x00, 0x00, 0x00, 0x00, 0x00, 0x00, 0x00, 0x00, 0x00, 0x00, 0x00, 0x00, 0x00, 0x00, 0x00, 0x00,
    0x00, 0x00, 0x00, 0x00, 0x00, 0x00, 0x00, 0x00, 0x00, 0x00, 0x00, 0x00, 0x00, 0x00, 0x00, 0x00,
    0x00, 0x00, 0x00, 0x00, 0x00, 0x00, 0x00, 0x00, 0x00, 0x00, 0x00, 0x00, 0x00, 0x00, 0x00, 0x00,
    0x00, 0x00, 0x00, 0x00, 0x00, 0x00, 0x00, 0x00, 0x00, 0x00, 0x00, 0x00, 0x00, 0x00, 0x00, 0x00,
    0x00, 0x00, 0x00, 0x00, 0x00, 0x00, 0x20, 0x08, 0x20, 0x08, 0x20, 0x08, 0x20, 0x08, 0x20, 0x08,
    0x20, 0x08, 0x20, 0x08, 0x20, 0x08, 0x00, 0x00, 0x20, 0x10, 0x40, 0x10, 0x40, 0x10, 0xA4, 0x41,
    0xA1, 0x28, 0xE1, 0x30, 0xC2, 0x59, 0xC8, 0xB3, 0x2B, 0xE5, 0x6B, 0xED, 0x8E, 0xFE, 0x93, 0xFF,
    0xD7, 0xFF, 0xD8, 0xFF, 0xFA, 0xFF, 0x90, 0xEE, 0x05, 0x9B, 0xC2, 0x59, 0x66, 0x9B, 0x03, 0x62,
    0x40, 0x18, 0x40, 0x10, 0x20, 0x08, 0x20, 0x08, 0x20, 0x08, 0x00, 0x00, 0x00, 0x00, 0x20, 0x08,
    0x20, 0x08, 0x40, 0x10, 0x60, 0x18, 0xC1, 0x28, 0x04, 0x6A, 0x41, 0x49, 0x64, 0x7A, 0x24, 0x6A,
    0x60, 0x20, 0x83, 0x41, 0xC1, 0x28, 0x20, 0x10, 0x60, 0x10, 0x80, 0x20, 0xC1, 0x20, 0x22, 0x31,
    0xE3, 0x59, 0x49, 0xAC, 0x2B, 0xC5, 0x03, 0x62, 0x22, 0x39, 0x01, 0x31, 0xC1, 0x20, 0x81, 0x20,
    0x01, 0x31, 0xA1, 0x20, 0x01, 0x31, 0x82, 0x51, 0x6C, 0xDD, 0x32, 0xFF, 0x91, 0xE6, 0xAE, 0xD5,
    0x71, 0xEE, 0x96, 0xFF, 0xD9, 0xFF, 0x0F, 0xE6, 0x84, 0x7A, 0xA2, 0x49, 0x01, 0x31, 0xA0, 0x28,
    0x60, 0x18, 0x40, 0x10, 0x20, 0x08, 0x20, 0x08, 0x00, 0x00, 0x00, 0x00, 0x00, 0x00, 0x00, 0x00,
    0x00, 0x00, 0x00, 0x00, 0x00, 0x00, 0x00, 0x00, 0x00, 0x00, 0x00, 0x00, 0x00, 0x00, 0x00, 0x00,
    0x00, 0x00, 0x00, 0x00, 0x00, 0x00, 0x00, 0x00, 0x00, 0x00, 0x00, 0x00, 0x00, 0x00, 0x00, 0x00,
    0x00, 0x00, 0x00, 0x00, 0x00, 0x00, 0x00, 0x00, 0x00, 0x00, 0x00, 0x00, 0x00, 0x00, 0x00, 0x00,
    0x00, 0x00, 0x00, 0x00, 0x00, 0x00, 0x00, 0x00, 0x00, 0x00, 0x00, 0x00, 0x00, 0x00, 0x00, 0x00,
    0x00, 0x00, 0x00, 0x00, 0x00, 0x00, 0x00, 0x00, 0x00, 0x00, 0x00, 0x00, 0x00, 0x00, 0x00, 0x00,
    0x00, 0x00, 0x00, 0x00, 0x20, 0x08, 0x20, 0x08, 0x20, 0x08, 0x40, 0x08, 0x40, 0x10, 0x40, 0x10,
    0x00, 0x08, 0x20, 0x08, 0x40, 0x08, 0x20, 0x08, 0x40, 0x10, 0x40, 0x10, 0x40, 0x10, 0x40, 0x10,
    0x40, 0x10, 0x80, 0x18, 0xA1, 0x20, 0xE1, 0x30, 0x21, 0x41, 0xC2, 0x61, 0x67, 0x9B, 0x8D, 0xED,
    0x2D, 0xFE, 0x52, 0xFF, 0x51, 0xFF, 0x31, 0xFF, 0xB7, 0xFF, 0xB5, 0xFF, 0x86, 0xA3, 0xC3, 0x59,
    0xA2, 0x51, 0x01, 0x39, 0x60, 0x18, 0x40, 0x10, 0x40, 0x08, 0x20, 0x08, 0x20, 0x00, 0x20, 0x08,
    0xC2, 0x20, 0x00, 0x00, 0x20, 0x08, 0x20, 0x08, 0x40, 0x10, 0x60, 0x18, 0x60, 0x18, 0xA1, 0x28,
    0x80, 0x20, 0x60, 0x18, 0x60, 0x18, 0x60, 0x18, 0x60, 0x10, 0x40, 0x10, 0x60, 0x10, 0x60, 0x18,
    0xA1, 0x20, 0xE1, 0x28, 0x22, 0x31, 0x44, 0x62, 0xE5, 0x82, 0x22, 0x39, 0xC1, 0x28, 0x06, 0x7B,
    0xA3, 0x41, 0x02, 0x31, 0x42, 0x39, 0xC1, 0x28, 0x21, 0x39, 0xA2, 0x51, 0x2A, 0xBC, 0x2E, 0xFE,
    0x95, 0xFF, 0xFA, 0xFF, 0xB6, 0xFF, 0x97, 0xFF, 0xFA, 0xFF, 0x90, 0xEE, 0x25, 0x9B, 0x23, 0x6A,
    0x62, 0x41, 0xC1, 0x28, 0x80, 0x20, 0x40, 0x10, 0x40, 0x10, 0x20, 0x08, 0x20, 0x08, 0x20, 0x08,
    0x20, 0x00, 0x00, 0x00, 0x00, 0x00, 0x00, 0x00, 0x00, 0x00, 0x00, 0x00, 0x00, 0x00, 0x00, 0x00,
    0x00, 0x00, 0x00, 0x00, 0x00, 0x00, 0x00, 0x00, 0x00, 0x00, 0x00, 0x00, 0x00, 0x00, 0x00, 0x00,
    0x00, 0x00, 0x00, 0x00, 0x00, 0x00, 0x00, 0x00, 0x00, 0x00, 0x00, 0x00, 0x00, 0x00, 0x00, 0x00,
    0x00, 0x00, 0x00, 0x00, 0x00, 0x00, 0x00, 0x00, 0x00, 0x00, 0x00, 0x00, 0x00, 0x00, 0x00, 0x00,
    0x00, 0x00, 0x00, 0x00, 0x00, 0x00, 0x00, 0x00, 0x00, 0x00, 0x00, 0x00, 0x00, 0x00, 0x00, 0x00,
    0x00, 0x00, 0x00, 0x00, 0x20, 0x00, 0x20, 0x08, 0x20, 0x08, 0x40, 0x10, 0x40, 0x10, 0x60, 0x18,
    0x60, 0x18, 0x20, 0x10, 0x05, 0x52, 0x02, 0x31, 0x20, 0x08, 0x40, 0x10, 0x40, 0x10, 0x60, 0x10,
    0x60, 0x18, 0x60, 0x18, 0x80, 0x18, 0xA0, 0x20, 0x80, 0x20, 0x01, 0x31, 0x82, 0x49, 0x82, 0x51,
    0x03, 0x6A, 0xAB, 0xC4, 0x2E, 0xFE, 0x8E, 0xF6, 0x6E, 0xFE, 0x0D, 0xFE, 0x0D, 0xF6, 0x53, 0xFF,
    0x4C, 0xC5, 0x82, 0x59, 0x01, 0x31, 0xA0, 0x20, 0x60, 0x18, 0x40, 0x10, 0x20, 0x08, 0x20, 0x08,
    0x00, 0x00, 0x20, 0x08, 0x23, 0x31, 0x00, 0x00, 0x00, 0x00, 0x20, 0x08, 0x20, 0x08, 0x40, 0x08,
    0x60, 0x10, 0x60, 0x10, 0x60, 0x18, 0x60, 0x10, 0x40, 0x10, 0x20, 0x08, 0x40, 0x10, 0x40, 0x10,
    0xC0, 0x28, 0xE0, 0x30, 0x80, 0x18, 0xA1, 0x18, 0xA1, 0x20, 0x22, 0x39, 0x62, 0x41, 0xC1, 0x20,
    0xA1, 0x20, 0x80, 0x20, 0xA1, 0x20, 0x85, 0x6A, 0x24, 0x5A, 0xE1, 0x30, 0x01, 0x39, 0xA2, 0x59,
    0x67, 0x9B, 0x0F, 0xF6, 0xB0, 0xF6, 0xB7, 0xFF, 0xD8, 0xFF, 0xD8, 0xFF, 0xFB, 0xFF, 0xB8, 0xFF,
    0xCE, 0xDD, 0x46, 0x9B, 0xA2, 0x59, 0x21, 0x39, 0xA0, 0x20, 0x60, 0x18, 0x40, 0x10, 0x40, 0x10,
    0x40, 0x10, 0x20, 0x08, 0x40, 0x10, 0x40, 0x08, 0x00, 0x00, 0x00, 0x00, 0x00, 0x00, 0x00, 0x00,
    0x00, 0x00, 0x00, 0x00, 0x00, 0x00, 0x00, 0x00, 0x00, 0x00, 0x00, 0x00, 0x00, 0x00, 0x00, 0x00,
    0x00, 0x00, 0x00, 0x00, 0x00, 0x00, 0x00, 0x00, 0x00, 0x00, 0x00, 0x00, 0x00, 0x00, 0x00, 0x00,
    0x00, 0x00, 0x00, 0x00, 0x00, 0x00, 0x00, 0x00, 0x00, 0x00, 0x00, 0x00, 0x00, 0x00, 0x00, 0x00,
    0x00, 0x00, 0x00, 0x00, 0x00, 0x00, 0x00, 0x00, 0x00, 0x00, 0x00, 0x00, 0x00, 0x00, 0x00, 0x00,
    0x00, 0x00, 0x00, 0x00, 0x00, 0x00, 0x20, 0x00, 0x20, 0x08, 0x40, 0x10, 0x40, 0x10, 0x60, 0x18,
    0x81, 0x20, 0xA1, 0x28, 0xC1, 0x28, 0xA0, 0x20, 0x22, 0x39, 0xC1, 0x28, 0x60, 0x18, 0x60, 0x18,
    0x60, 0x18, 0xA0, 0x20, 0x01, 0x31, 0x21, 0x39, 0xE1, 0x28, 0xC0, 0x28, 0x48, 0x83, 0xC6, 0x72,
    0x07, 0x83, 0x62, 0x49, 0xC2, 0x61, 0x2A, 0xB4, 0x4B, 0xED, 0x0C, 0xF6, 0x8B, 0xE5, 0x48, 0xC4,
    0xA9, 0xD4, 0x6B, 0xED, 0x2B, 0xD5, 0x82, 0x51, 0xE1, 0x30, 0x80, 0x18, 0x40, 0x10, 0x40, 0x10,
    0x20, 0x08, 0x20, 0x00, 0x00, 0x00, 0x00, 0x00, 0x00, 0x00, 0x00, 0x00, 0x00, 0x00, 0x00, 0x00,
    0x20, 0x00, 0x20, 0x08, 0x20, 0x08, 0x20, 0x08, 0x60, 0x10, 0x20, 0x08, 0x20, 0x08, 0x20, 0x08,
    0x40, 0x08, 0x40, 0x18, 0xAC, 0xAC, 0xED, 0xB4, 0x60, 0x20, 0x60, 0x18, 0x60, 0x18, 0x81, 0x18,
    0x81, 0x20, 0xC1, 0x20, 0xC1, 0x20, 0x40, 0x10, 0xC1, 0x20, 0x63, 0x41, 0x22, 0x39, 0x01, 0x31,
    0xC5, 0x7A, 0x03, 0x62, 0xE5, 0x92, 0xEF, 0xED, 0xD0, 0xFE, 0x51, 0xFF, 0xD6, 0xFF, 0xF8, 0xFF,
    0xFB, 0xFF, 0xFA, 0xFF, 0xF9, 0xFF, 0x34, 0xF7, 0x09, 0xA4, 0x41, 0x49, 0xC1, 0x28, 0x80, 0x18,
    0x60, 0x10, 0x40, 0x10, 0x62, 0x41, 0x44, 0x62, 0xC3, 0x51, 0x40, 0x10, 0x20, 0x00, 0x00, 0x00,
    0x00, 0x00, 0x00, 0x00, 0x00, 0x00, 0x00, 0x00, 0x00, 0x00, 0x00, 0x00, 0x00, 0x00, 0x00, 0x00,
    0x00, 0x00, 0x00, 0x00, 0x00, 0x00, 0x00, 0x00, 0x00, 0x00, 0x00, 0x00, 0x00, 0x00, 0x00, 0x00,
    0x00, 0x00, 0x00, 0x00, 0x00, 0x00, 0x00, 0x00, 0x00, 0x00, 0x00, 0x00, 0x00, 0x00, 0x00, 0x00,
    0x00, 0x00, 0x00, 0x00, 0x00, 0x00, 0x00, 0x00, 0x00, 0x00, 0x00, 0x00, 0x00, 0x00, 0x00, 0x00,
    0x00, 0x00, 0x00, 0x00, 0x00, 0x00, 0x00, 0x00, 0x00, 0x00, 0x20, 0x08, 0x40, 0x10, 0x40, 0x10,
    0x80, 0x20, 0xC1, 0x28, 0x21, 0x39, 0x42, 0x49, 0x42, 0x41, 0x21, 0x41, 0xC1, 0x30, 0xA1, 0x28,
    0xA0, 0x28, 0x80, 0x20, 0xA1, 0x28, 0xE1, 0x30, 0xC5, 0x7A, 0xA7, 0x9B, 0x61, 0x49, 0x01, 0x31,
    0x86, 0x6A, 0xA3, 0x49, 0xC1, 0x28, 0x42, 0x49, 0x62, 0x51, 0x87, 0xA3, 0xAB, 0xFD, 0x68, 0xCC,
    0x84, 0x82, 0x03, 0x6A, 0x03, 0x6A, 0x23, 0x72, 0xE2, 0x61, 0x21, 0x41, 0xA0, 0x28, 0xA1, 0x20,
    0x60, 0x18, 0x20, 0x08, 0x20, 0x08, 0x00, 0x00, 0x00, 0x00, 0x00, 0x00, 0x00, 0x00, 0x00, 0x00,
    0x00, 0x00, 0x00, 0x00, 0x00, 0x00, 0x00, 0x00, 0x00, 0x00, 0x20, 0x08, 0xE2, 0x28, 0x20, 0x00,
    0x20, 0x00, 0x20, 0x00, 0x40, 0x08, 0x40, 0x10, 0x27, 0x7B, 0x48, 0x83, 0x40, 0x18, 0x60, 0x10,
    0x40, 0x10, 0x40, 0x10, 0x40, 0x10, 0x40, 0x10, 0x60, 0x18, 0x02, 0x31, 0x81, 0x18, 0x40, 0x18,
    0x60, 0x18, 0xC1, 0x28, 0xC3, 0x51, 0xE3, 0x61, 0xA8, 0xAB, 0x91, 0xF6, 0xF0, 0xFE, 0x31, 0xFF,
    0x92, 0xFF, 0xB5, 0xFF, 0x32, 0xFF, 0xB1, 0xFE, 0x70, 0xF6, 0xB0, 0xFE, 0x6C, 0xD5, 0x82, 0x51,
    0xC1, 0x28, 0x80, 0x18, 0x60, 0x18, 0x40, 0x10, 0xC3, 0x51, 0x74, 0xFF, 0xE6, 0x7A, 0x00, 0x08,
    0x20, 0x00, 0x00, 0x00, 0x00, 0x00, 0x00, 0x00, 0x00, 0x00, 0x00, 0x00, 0x00, 0x00, 0x00, 0x00,
    0x00, 0x00, 0x00, 0x00, 0x00, 0x00, 0x00, 0x00, 0x00, 0x00, 0x00, 0x00, 0x00, 0x00, 0x00, 0x00,
    0x00, 0x00, 0x00, 0x00, 0x00, 0x00, 0x00, 0x00, 0x00, 0x00, 0x00, 0x00, 0x00, 0x00, 0x00, 0x00,
    0x00, 0x00, 0x00, 0x00, 0x00, 0x00, 0x00, 0x00, 0x00, 0x00, 0x00, 0x00, 0x00, 0x00, 0x00, 0x00,
    0x00, 0x00, 0x00, 0x00, 0x00, 0x00, 0x00, 0x00, 0x00, 0x00, 0x00, 0x00, 0x20, 0x08, 0x20, 0x08,
    0x40, 0x10, 0x60, 0x18, 0xC1, 0x28, 0x01, 0x39, 0xE7, 0x82, 0x6E, 0xD5, 0x84, 0x7A, 0xC2, 0x59,
    0x62, 0x49, 0x21, 0x41, 0xE1, 0x38, 0xC1, 0x30, 0xE1, 0x30, 0x02, 0x6A, 0x30, 0xE6, 0x97, 0xFF,
    0x25, 0x93, 0xC1, 0x30, 0x60, 0x18, 0x80, 0x20, 0xA1, 0x28, 0x22, 0x39, 0x21, 0x39, 0xE3, 0x61,
    0x26, 0x93, 0xC2, 0x59, 0x62, 0x51, 0x41, 0x49, 0x21, 0x41, 0x01, 0x39, 0xE1, 0x30, 0xC1, 0x28,
    0x40, 0x18, 0x43, 0x39, 0xC1, 0x20, 0x00, 0x00, 0x20, 0x00, 0x00, 0x00, 0x00, 0x00, 0x00, 0x00,
    0x00, 0x00, 0x00, 0x00, 0x00, 0x00, 0x00, 0x00, 0x00, 0x00, 0x00, 0x00, 0x00, 0x00, 0x00, 0x00,
    0x00, 0x00, 0x00, 0x00, 0x00, 0x00, 0x20, 0x00, 0x20, 0x00, 0x40, 0x08, 0x40, 0x10, 0x40, 0x10,
    0x40, 0x10, 0x20, 0x08, 0x20, 0x08, 0x20, 0x08, 0x20, 0x08, 0x20, 0x08, 0xC1, 0x20, 0xE2, 0x28,
    0x60, 0x10, 0x60, 0x18, 0xA1, 0x20, 0xE1, 0x30, 0x42, 0x41, 0x23, 0x72, 0x6E, 0xDD, 0x0E, 0xF6,
    0x0E, 0xF6, 0x4D, 0xFE, 0x8E, 0xFE, 0x31, 0xFF, 0xF0, 0xFE, 0xCC, 0xF5, 0x2A, 0xE5, 0x86, 0xB3,
    0x02, 0x6A, 0x41, 0x41, 0xA1, 0x28, 0x60, 0x18, 0x40, 0x10, 0x40, 0x10, 0x83, 0x49, 0x65, 0x6A,
    0xA3, 0x49, 0x60, 0x10, 0x00, 0x00, 0x00, 0x00, 0x00, 0x00, 0x00, 0x00, 0x00, 0x00, 0x00, 0x00,
    0x00, 0x00, 0x00, 0x00, 0x00, 0x00, 0x00, 0x00, 0x00, 0x00, 0x00, 0x00, 0x00, 0x00, 0x00, 0x00,
    0x00, 0x00, 0x00, 0x00, 0x00, 0x00, 0x00, 0x00, 0x00, 0x00, 0x00, 0x00, 0x00, 0x00, 0x00, 0x00,
    0x00, 0x00, 0x00, 0x00, 0x00, 0x00, 0x00, 0x00, 0x00, 0x00, 0x00, 0x00, 0x00, 0x00, 0x00, 0x00,
    0x00, 0x00, 0x00, 0x00, 0x00, 0x00, 0x00, 0x00, 0x00, 0x00, 0x00, 0x00, 0x00, 0x00, 0x00, 0x00,
    0x20, 0x08, 0x40, 0x10, 0x60, 0x18, 0xA1, 0x20, 0x01, 0x39, 0xA3, 0x59, 0x0C, 0xB4, 0x34, 0xFF,
    0xEF, 0xDD, 0x64, 0x82, 0x23, 0x72, 0xC2, 0x61, 0x41, 0x51, 0x01, 0x39, 0xE1, 0x30, 0x81, 0x51,
    0xAA, 0xBC, 0x6D, 0xCD, 0x43, 0x6A, 0x83, 0x41, 0xA1, 0x20, 0x81, 0x20, 0x81, 0x20, 0x80, 0x20,
    0xC1, 0x28, 0xE1, 0x30, 0xE1, 0x38, 0x01, 0x39, 0xE1, 0x30, 0xC1, 0x30, 0xA0, 0x28, 0xA0, 0x20,
    0x80, 0x20, 0x60, 0x18, 0x40, 0x10, 0x20, 0x08, 0x20, 0x08, 0x20, 0x08, 0x00, 0x00, 0x00, 0x00,
    0x00, 0x00, 0x00, 0x00, 0x00, 0x00, 0x00, 0x00, 0x00, 0x00, 0x00, 0x00, 0x00, 0x00, 0x00, 0x00,
    0x00, 0x00, 0x00, 0x00, 0x00, 0x00, 0x00, 0x00, 0x00, 0x00, 0x00, 0x00, 0x00, 0x00, 0x20, 0x00,
    0x20, 0x08, 0x20, 0x08, 0x20, 0x08, 0x20, 0x08, 0x20, 0x08, 0x20, 0x00, 0x81, 0x10, 0x40, 0x10,
    0x20, 0x08, 0x20, 0x08, 0x40, 0x10, 0x40, 0x10, 0x20, 0x10, 0xC1, 0x28, 0x21, 0x41, 0x67, 0x9B,
    0x0D, 0xFE, 0x6A, 0xF5, 0xCC, 0xFD, 0xED, 0xFD, 0xAB, 0xF5, 0x4D, 0xF6, 0xF0, 0xFE, 0x0A, 0xDD,
    0x84, 0x8A, 0xE3, 0x69, 0x62, 0x49, 0xC1, 0x30, 0x80, 0x20, 0x60, 0x18, 0x40, 0x10, 0x60, 0x10,
    0x60, 0x10, 0x20, 0x08, 0x40, 0x10, 0x40, 0x08, 0x00, 0x00, 0x00, 0x00, 0x00, 0x00, 0x00, 0x00,
    0x00, 0x00, 0x00, 0x00, 0x00, 0x00, 0x00, 0x00, 0x00, 0x00, 0x00, 0x00, 0x00, 0x00, 0x00, 0x00,
    0x00, 0x00, 0x00, 0x00, 0x00, 0x00, 0x00, 0x00, 0x00, 0x00, 0x00, 0x00, 0x00, 0x00, 0x00, 0x00,
    0x00, 0x00, 0x00, 0x00, 0x00, 0x00, 0x00, 0x00, 0x00, 0x00, 0x00, 0x00, 0x00, 0x00, 0x00, 0x00,
    0x00, 0x00, 0x00, 0x00, 0x00, 0x00, 0x00, 0x00, 0x00, 0x00, 0x00, 0x00, 0x00, 0x00, 0x00, 0x00,
    0x00, 0x00, 0x00, 0x08, 0x20, 0x08, 0x40, 0x10, 0xA1, 0x20, 0xE1, 0x30, 0x21, 0x41, 0x44, 0x72,
    0xCE, 0xCC, 0x93, 0xEE, 0xD7, 0xFF, 0x8D, 0xDD, 0xCB, 0xCC, 0x4D, 0xCD, 0x6A, 0xB4, 0x82, 0x51,
    0x21, 0x39, 0x01, 0x39, 0xA2, 0x59, 0xA2, 0x59, 0xE1, 0x30, 0xC3, 0x49, 0xE1, 0x30, 0x60, 0x18,
    0x80, 0x20, 0x80, 0x18, 0x80, 0x20, 0xA0, 0x20, 0xA1, 0x20, 0x80, 0x20, 0x80, 0x20, 0x80, 0x20,
    0x60, 0x18, 0x60, 0x18, 0x40, 0x10, 0x40, 0x10, 0x20, 0x10, 0x20, 0x08, 0x20, 0x08, 0x00, 0x00,
    0x00, 0x00, 0x00, 0x00, 0x00, 0x00, 0x00, 0x00, 0x00, 0x00, 0x00, 0x00, 0x00, 0x00, 0x00, 0x00,
    0x00, 0x00, 0x00, 0x00, 0x00, 0x00, 0x00, 0x00, 0x00, 0x00, 0x00, 0x00, 0x00, 0x00, 0x00, 0x00,
    0x00, 0x00, 0x00, 0x00, 0x00, 0x00, 0x00, 0x08, 0x00, 0x00, 0x20, 0x08, 0x20, 0x08, 0x00, 0x00,
    0x61, 0x10, 0x40, 0x08, 0x20, 0x08, 0x20, 0x08, 0x20, 0x08, 0xE1, 0x30, 0x67, 0x8B, 0x01, 0x31,
    0x01, 0x39, 0x24, 0x72, 0xA6, 0xAB, 0xC7, 0xB3, 0xC7, 0xB3, 0x28, 0xCC, 0x8C, 0xF5, 0x6B, 0xED,
    0x4E, 0xFE, 0xE7, 0xB3, 0xA2, 0x61, 0x82, 0x51, 0x62, 0x49, 0x22, 0x39, 0x81, 0x20, 0x40, 0x10,
    0x40, 0x10, 0x40, 0x10, 0x20, 0x08, 0x40, 0x08, 0x20, 0x08, 0x00, 0x00, 0x00, 0x00, 0x00, 0x00,
    0x00, 0x00, 0x00, 0x00, 0x00, 0x00, 0x00, 0x00, 0x00, 0x00, 0x00, 0x00, 0x00, 0x00, 0x00, 0x00,
    0x00, 0x00, 0x00, 0x00, 0x00, 0x00, 0x00, 0x00, 0x00, 0x00, 0x00, 0x00, 0x00, 0x00, 0x00, 0x00,
    0x00, 0x00, 0x00, 0x00, 0x00, 0x00, 0x00, 0x00, 0x00, 0x00, 0x00, 0x00, 0x00, 0x00, 0x00, 0x00,
    0x00, 0x00, 0x00, 0x00, 0x00, 0x00, 0x00, 0x00, 0x00, 0x00, 0x00, 0x00, 0x00, 0x00, 0x00, 0x00,
    0x00, 0x00, 0x00, 0x00, 0x00, 0x00, 0x20, 0x08, 0x40, 0x10, 0x60, 0x18, 0xC1, 0x30, 0x83, 0x51,
    0x28, 0x8B, 0xAD, 0xC4, 0x4E, 0xDD, 0x50, 0xF6, 0xB9, 0xFF, 0xB8, 0xFF, 0xB7, 0xFF, 0xD5, 0xFF,
    0xCD, 0xE5, 0xA2, 0x61, 0x21, 0x39, 0xC0, 0x28, 0xC1, 0x28, 0x01, 0x31, 0x80, 0x20, 0x40, 0x18,
    0x60, 0x18, 0x01, 0x31, 0x24, 0x62, 0xA1, 0x20, 0x60, 0x18, 0x60, 0x18, 0x60, 0x18, 0x60, 0x18,
    0x40, 0x18, 0x40, 0x10, 0x40, 0x10, 0x40, 0x10, 0x20, 0x10, 0x20, 0x08, 0x20, 0x08, 0x00, 0x00,
    0x00, 0x00, 0x00, 0x00, 0x00, 0x00, 0x00, 0x00, 0x00, 0x00, 0x00, 0x00, 0x00, 0x00, 0x00, 0x00,
    0x00, 0x00, 0x00, 0x00, 0x00, 0x00, 0x00, 0x00, 0x00, 0x00, 0x00, 0x00, 0x00, 0x00, 0x00, 0x00,
    0x00, 0x00, 0x00, 0x00, 0x00, 0x00, 0x00, 0x00, 0x00, 0x00, 0x00, 0x08, 0x20, 0x08, 0x20, 0x08,
    0x20, 0x08, 0x20, 0x08, 0x00, 0x08, 0x20, 0x08, 0x20, 0x08, 0x20, 0x10, 0x20, 0x08, 0x01, 0x31,
    0xC8, 0xA3, 0xE1, 0x30, 0xC1, 0x28, 0x21, 0x41, 0x42, 0x49, 0x82, 0x59, 0xC2, 0x61, 0x03, 0x72,
    0xE8, 0xBB, 0x6B, 0xF5, 0x8B, 0xF5, 0xC5, 0x8A, 0x62, 0x51, 0x01, 0x39, 0x01, 0x39, 0x83, 0x49,
    0x20, 0x18, 0x81, 0x20, 0x60, 0x18, 0x20, 0x08, 0x20, 0x08, 0x20, 0x08, 0x00, 0x00, 0x00, 0x00,
    0x00, 0x00, 0x00, 0x00, 0x00, 0x00, 0x00, 0x00, 0x00, 0x00, 0x00, 0x00, 0x00, 0x00, 0x00, 0x00,
    0x00, 0x00, 0x00, 0x00, 0x00, 0x00, 0x00, 0x00, 0x00, 0x00, 0x00, 0x00, 0x00, 0x00, 0x00, 0x00,
    0x00, 0x00, 0x00, 0x00, 0x00, 0x00, 0x00, 0x00, 0x00, 0x00, 0x00, 0x00, 0x00, 0x00, 0x00, 0x00,
    0x00, 0x00, 0x00, 0x00, 0x00, 0x00, 0x00, 0x00, 0x00, 0x00, 0x00, 0x00, 0x00, 0x00, 0x00, 0x00,
    0x00, 0x00, 0x00, 0x00, 0x00, 0x00, 0x00, 0x00, 0x00, 0x00, 0x20, 0x08, 0x40, 0x10, 0x60, 0x18,
    0x63, 0x49, 0xCE, 0xC4, 0x70, 0xDD, 0x8F, 0xE5, 0x8D, 0xED, 0x2E, 0xF6, 0x96, 0xFF, 0xB9, 0xFF,
    0x32, 0xF7, 0xEB, 0xF5, 0x05, 0x9B, 0x82, 0x51, 0x01, 0x39, 0x62, 0x41, 0xC1, 0x28, 0xE1, 0x28,
    0xC1, 0x28, 0xA1, 0x20, 0x60, 0x18, 0xA5, 0x72, 0xCE, 0xCD, 0x82, 0x41, 0x60, 0x18, 0x40, 0x10,
    0x40, 0x10, 0x20, 0x10, 0x40, 0x10, 0x20, 0x08, 0x20, 0x08, 0x20, 0x08, 0x20, 0x08, 0x20, 0x08,
    0x00, 0x00, 0x00, 0x00, 0x00, 0x00, 0x00, 0x00, 0x00, 0x00, 0x00, 0x00, 0x00, 0x00, 0x00, 0x00,
    0x00, 0x00, 0x00, 0x00, 0x00, 0x00, 0x00, 0x00, 0x00, 0x00, 0x00, 0x00, 0x00, 0x00, 0x00, 0x00,
    0x00, 0x00, 0x00, 0x00, 0x00, 0x00, 0x00, 0x00, 0x00, 0x00, 0x00, 0x08, 0x00, 0x08, 0x20, 0x08,
    0x20, 0x08, 0x20, 0x08, 0x20, 0x08, 0x20, 0x10, 0x20, 0x10, 0x20, 0x10, 0x20, 0x10, 0x20, 0x10,
    0x40, 0x10, 0x40, 0x10, 0x00, 0x10, 0x60, 0x18, 0x80, 0x20, 0xC1, 0x28, 0xE1, 0x38, 0x21, 0x41,
    0x41, 0x49, 0xA2, 0x59, 0xC2, 0x61, 0xE7, 0xBB, 0xC8, 0xD4, 0xA2, 0x59, 0x21, 0x41, 0xE1, 0x30,
    0xA1, 0x28, 0xE1, 0x30, 0xE6, 0x7A, 0xE1, 0x30, 0xA1, 0x20, 0x20, 0x00, 0x20, 0x08, 0x00, 0x00,
    0x00, 0x00, 0x00, 0x00, 0x00, 0x00, 0x00, 0x00, 0x00, 0x00, 0x00, 0x00, 0x00, 0x00, 0x00, 0x00,
    0x00, 0x00, 0x00, 0x00, 0x00, 0x00, 0x00, 0x00, 0x00, 0x00, 0x00, 0x00, 0x00, 0x00, 0x00, 0x00,
    0x00, 0x00, 0x00, 0x00, 0x00, 0x00, 0x00, 0x00, 0x00, 0x00, 0x00, 0x00, 0x00, 0x00, 0x00, 0x00,
    0x00, 0x00, 0x00, 0x00, 0x00, 0x00, 0x00, 0x00, 0x00, 0x00, 0x00, 0x00, 0x00, 0x00, 0x00, 0x00,
    0x00, 0x00, 0x00, 0x00, 0x00, 0x00, 0x00, 0x00, 0x00, 0x00, 0x00, 0x00, 0x00, 0x00, 0x20, 0x08,
    0x20, 0x10, 0x80, 0x20, 0x42, 0x41, 0x48, 0x9B, 0x2A, 0xC4, 0x49, 0xCC, 0x4C, 0xE5, 0x6E, 0xF6,
    0x32, 0xFF, 0x53, 0xFF, 0x11, 0xFF, 0xA9, 0xCC, 0x24, 0x7A, 0x62, 0x51, 0xE1, 0x30, 0x24, 0x62,
    0xA1, 0x28, 0x20, 0x10, 0x85, 0x62, 0x22, 0x31, 0x20, 0x08, 0xE1, 0x28, 0xE3, 0x51, 0x80, 0x18,
    0x40, 0x10, 0x20, 0x08, 0x20, 0x08, 0x20, 0x08, 0x20, 0x08, 0x20, 0x08, 0x20, 0x08, 0x20, 0x08,
    0x00, 0x00, 0x00, 0x00, 0x00, 0x00, 0x00, 0x00, 0x00, 0x00, 0x00, 0x00, 0x00, 0x00, 0x00, 0x00,
    0x00, 0x00, 0x00, 0x00, 0x00, 0x00, 0x00, 0x00, 0x00, 0x00, 0x00, 0x00, 0x00, 0x00, 0x00, 0x00,
    0x00, 0x00, 0x00, 0x00, 0x00, 0x00, 0x00, 0x00, 0x00, 0x00, 0x00, 0x00, 0x20, 0x08, 0x20, 0x08,
    0x20, 0x08, 0x20, 0x10, 0x41, 0x10, 0x41, 0x10, 0x61, 0x18, 0x61, 0x18, 0x61, 0x18, 0x41, 0x18,
    0x41, 0x10, 0x41, 0x10, 0x40, 0x10, 0x40, 0x10, 0x60, 0x18, 0x60, 0x18, 0x60, 0x18, 0x80, 0x20,
    0xA1, 0x28, 0xC1, 0x30, 0xE1, 0x38, 0x41, 0x41, 0x62, 0x49, 0x82, 0x51, 0x82, 0x51, 0x21, 0x41,
    0xC1, 0x30, 0xC1, 0x30, 0x80, 0x20, 0xC0, 0x28, 0xC8, 0x9B, 0xC3, 0x51, 0x20, 0x08, 0x40, 0x08,
    0x20, 0x08, 0x00, 0x00, 0x20, 0x00, 0x00, 0x00, 0x40, 0x08, 0x20, 0x08, 0x00, 0x00, 0x00, 0x00,
    0x00, 0x00, 0x00, 0x00, 0x00, 0x00, 0x00, 0x00, 0x00, 0x00, 0x00, 0x00, 0x00, 0x00, 0x00, 0x00,
    0x00, 0x00, 0x00, 0x00, 0x00, 0x00, 0x00, 0x00, 0x00, 0x00, 0x00, 0x00, 0x00, 0x00, 0x00, 0x00,
    0x00, 0x00, 0x00, 0x00, 0x00, 0x00, 0x00, 0x00, 0x00, 0x00, 0x00, 0x00, 0x00, 0x00, 0x00, 0x00,
    0x00, 0x00, 0x00, 0x00, 0x00, 0x00, 0x00, 0x00, 0x00, 0x00, 0x00, 0x00, 0x00, 0x00, 0x00, 0x00,
    0x00, 0x00, 0xA1, 0x18, 0xE1, 0x28, 0x60, 0x18, 0xE1, 0x30, 0x42, 0x49, 0xE6, 0x8A, 0x4C, 0xC4,
    0xEC, 0xDC, 0x0D, 0xF6, 0x0C, 0xF6, 0x6E, 0xF6, 0xD6, 0xFF, 0x2C, 0xCD, 0xE3, 0x69, 0x62, 0x49,
    0xE1, 0x30, 0x40, 0x18, 0x80, 0x18, 0xA1, 0x20, 0x60, 0x18, 0x22, 0x31, 0x81, 0x18, 0x40, 0x10,
    0x60, 0x10, 0x40, 0x10, 0x20, 0x08, 0x20, 0x08, 0x20, 0x08, 0x00, 0x08, 0x20, 0x00, 0x00, 0x00,
    0x00, 0x00, 0x20, 0x00, 0x00, 0x00, 0x00, 0x00, 0x00, 0x00, 0x00, 0x00, 0x00, 0x00, 0x00, 0x00,
    0x00, 0x00, 0x00, 0x00, 0x00, 0x00, 0x00, 0x00, 0x20, 0x08, 0x20, 0x08, 0x20, 0x08, 0x20, 0x08,
    0x20, 0x08, 0x20, 0x08, 0x20, 0x08, 0x20, 0x08, 0x20, 0x08, 0x20, 0x08, 0x20, 0x08, 0x20, 0x08,
    0x20, 0x08, 0x20, 0x10, 0x41, 0x10, 0x41, 0x18, 0x61, 0x18, 0x41, 0x18, 0x21, 0x18, 0x21, 0x18,
    0x41, 0x20, 0x61, 0x20, 0x61, 0x20, 0x61, 0x18, 0x41, 0x18, 0x41, 0x18, 0x40, 0x18, 0x40, 0x18,
    0x40, 0x18, 0x60, 0x20, 0x80, 0x20, 0xC1, 0x28, 0xE1, 0x30, 0x82, 0x51, 0x62, 0x49, 0x01, 0x39,
    0xE1, 0x38, 0xC1, 0x30, 0x83, 0x49, 0xA3, 0x51, 0x6B, 0xAC, 0xE3, 0x51, 0x82, 0x49, 0x83, 0x41,
    0xA1, 0x20, 0x60, 0x10, 0x20, 0x08, 0x00, 0x00, 0x00, 0x00, 0x00, 0x00, 0x61, 0x10, 0x40, 0x08,
    0x00, 0x00, 0x00, 0x00, 0x00, 0x00, 0x00, 0x00, 0x00, 0x00, 0x00, 0x00, 0x00, 0x00, 0x00, 0x00,
    0x00, 0x00, 0x00, 0x00, 0x00, 0x00, 0x00, 0x00, 0x00, 0x00, 0x00, 0x00, 0x00, 0x00, 0x00, 0x00,
    0x00, 0x00, 0x00, 0x00, 0x00, 0x00, 0x00, 0x00, 0x00, 0x00, 0x00, 0x00, 0x00, 0x00, 0x00, 0x00,
    0x00, 0x00, 0x00, 0x00, 0x00, 0x00, 0x00, 0x00, 0x00, 0x00, 0x00, 0x00, 0x00, 0x00, 0x00, 0x00,
    0x00, 0x00, 0x00, 0x00, 0x00, 0x00, 0x81, 0x18, 0xC1, 0x28, 0x60, 0x18, 0xA1, 0x28, 0x22, 0x39,
    0x82, 0x59, 0xEB, 0xAB, 0x8B, 0xD4, 0x4B, 0xE5, 0x6B, 0xED, 0x4B, 0xE5, 0x2F, 0xEE, 0x90, 0xEE,
    0x64, 0x7A, 0x21, 0x41, 0x21, 0x41, 0xE6, 0x72, 0xE1, 0x28, 0x40, 0x10, 0x20, 0x08, 0x68, 0x83,
    0x02, 0x29, 0x00, 0x08, 0x40, 0x08, 0x20, 0x08, 0x20, 0x08, 0x00, 0x00, 0x20, 0x08, 0x20, 0x00,
    0x00, 0x00, 0x00, 0x00, 0x00, 0x00, 0x20, 0x00, 0x20, 0x00, 0x00, 0x00, 0x00, 0x00, 0x00, 0x00,
    0x00, 0x00, 0x20, 0x00, 0x20, 0x08, 0x20, 0x08, 0x20, 0x08, 0x20, 0x08, 0x21, 0x10, 0x21, 0x10,
    0x21, 0x10, 0x21, 0x10, 0x41, 0x10, 0x41, 0x10, 0x21, 0x10, 0x21, 0x10, 0x20, 0x10, 0x20, 0x10,
    0x20, 0x10, 0x21, 0x10, 0x41, 0x10, 0x41, 0x10, 0x62, 0x18, 0x61, 0x20, 0x62, 0x28, 0x09, 0x6A,
    0xEB, 0x82, 0xCB, 0x82, 0xE7, 0x69, 0xC3, 0x40, 0x61, 0x28, 0x82, 0x28, 0x61, 0x20, 0x61, 0x20,
    0x40, 0x18, 0x40, 0x18, 0x40, 0x18, 0x60, 0x18, 0x81, 0x20, 0xC1, 0x28, 0x01, 0x39, 0x05, 0x8B,
    0x03, 0x62, 0xE1, 0x30, 0xC1, 0x28, 0xA0, 0x20, 0xC1, 0x28, 0x82, 0x49, 0x31, 0xDE, 0x47, 0x8B,
    0x40, 0x18, 0x40, 0x10, 0x60, 0x18, 0x20, 0x10, 0x20, 0x08, 0x40, 0x10, 0x02, 0x31, 0x00, 0x08,
    0x20, 0x08, 0x00, 0x00, 0x00, 0x00, 0x00, 0x00, 0x00, 0x00, 0x00, 0x00, 0x00, 0x00, 0x00, 0x00,
    0x00, 0x00, 0x00, 0x00, 0x00, 0x00, 0x00, 0x00, 0x00, 0x00, 0x00, 0x00, 0x00, 0x00, 0x00, 0x00,
    0x00, 0x00, 0x00, 0x00, 0x00, 0x00, 0x00, 0x00, 0x00, 0x00, 0x00, 0x00, 0x00, 0x00, 0x00, 0x00,
    0x00, 0x00, 0x00, 0x00, 0x00, 0x00, 0x00, 0x00, 0x00, 0x00, 0x00, 0x00, 0x00, 0x00, 0x00, 0x00,
    0x00, 0x00, 0x00, 0x00, 0x00, 0x00, 0x00, 0x00, 0x20, 0x00, 0x20, 0x08, 0x20, 0x08, 0x60, 0x18,
    0x80, 0x20, 0xE1, 0x30, 0x62, 0x49, 0x49, 0x9B, 0xE8, 0xCB, 0x2A, 0xED, 0xEA, 0xD4, 0xE7, 0xBB,
    0x27, 0xCC, 0xAC, 0xF5, 0x06, 0x8B, 0xA0, 0x30, 0x82, 0x49, 0xEB, 0xBC, 0x01, 0x31, 0x20, 0x10,
    0x40, 0x10, 0x20, 0x08, 0x20, 0x08, 0x20, 0x08, 0x20, 0x08, 0x20, 0x08, 0x20, 0x08, 0x00, 0x08,
    0x20, 0x08, 0x20, 0x08, 0x20, 0x08, 0x20, 0x00, 0x00, 0x00, 0x00, 0x00, 0x20, 0x00, 0x20, 0x00,
    0x00, 0x00, 0x20, 0x08, 0x20, 0x08, 0x20, 0x08, 0x20, 0x08, 0x21, 0x10, 0x21, 0x10, 0x41, 0x10,
    0x41, 0x18, 0x41, 0x18, 0x62, 0x20, 0x61, 0x18, 0x41, 0x18, 0x61, 0x18, 0x61, 0x18, 0x41, 0x18,
    0x41, 0x18, 0x41, 0x10, 0x41, 0x10, 0x41, 0x18, 0x41, 0x18, 0x82, 0x20, 0x41, 0x20, 0x66, 0x51,
    0x34, 0xC5, 0xFC, 0xFE, 0xFC, 0xFE, 0x3C, 0xFF, 0xFA, 0xFE, 0xB5, 0xDD, 0x89, 0x82, 0x61, 0x30,
    0x82, 0x28, 0x82, 0x28, 0x61, 0x20, 0x61, 0x20, 0x61, 0x18, 0x61, 0x18, 0x81, 0x20, 0x42, 0x41,
    0xC5, 0x82, 0xF3, 0xEE, 0x2D, 0xC5, 0x03, 0x62, 0x22, 0x39, 0x80, 0x20, 0x60, 0x18, 0xA1, 0x28,
    0x21, 0x41, 0x01, 0x39, 0x22, 0x39, 0xC1, 0x28, 0x60, 0x18, 0xC1, 0x28, 0x40, 0x10, 0x40, 0x10,
    0xA1, 0x20, 0x40, 0x10, 0x40, 0x10, 0x20, 0x08, 0x20, 0x08, 0x00, 0x08, 0x00, 0x00, 0x00, 0x00,
    0x00, 0x00, 0x00, 0x00, 0x00, 0x00, 0x00, 0x00, 0x00, 0x00, 0x00, 0x00, 0x00, 0x00, 0x00, 0x00,
    0x00, 0x00, 0x00, 0x00, 0x00, 0x00, 0x00, 0x00, 0x00, 0x00, 0x00, 0x00, 0x00, 0x00, 0x00, 0x00,
    0x00, 0x00, 0x00, 0x00, 0x00, 0x00, 0x00, 0x00, 0x00, 0x00, 0x00, 0x00, 0x00, 0x00, 0x00, 0x00,
    0x00, 0x00, 0x00, 0x00, 0x00, 0x00, 0x00, 0x00, 0x00, 0x00, 0x00, 0x00, 0x20, 0x00, 0x20, 0x08,
    0x40, 0x10, 0x40, 0x10, 0x80, 0x20, 0xC1, 0x28, 0xE1, 0x38, 0x07, 0x8B, 0x8A, 0xDC, 0x66, 0xAB,
    0x03, 0x6A, 0xE3, 0x61, 0x03, 0x6A, 0x23, 0x72, 0x82, 0x51, 0xC1, 0x30, 0x80, 0x20, 0x40, 0x18,
    0x60, 0x18, 0x40, 0x10, 0x20, 0x08, 0x20, 0x08, 0x20, 0x08, 0x20, 0x08, 0x20, 0x08, 0x20, 0x08,
    0x20, 0x08, 0x20, 0x08, 0x20, 0x08, 0x20, 0x08, 0x20, 0x08, 0x20, 0x08, 0x20, 0x08, 0x00, 0x08,
    0x20, 0x08, 0x20, 0x08, 0x20, 0x08, 0x20, 0x08, 0x21, 0x08, 0x21, 0x10, 0x41, 0x10, 0x41, 0x18,
    0x61, 0x18, 0x82, 0x20, 0x61, 0x20, 0x04, 0x39, 0xC3, 0x30, 0x04, 0x39, 0x45, 0x49, 0xE4, 0x38,
    0xA3, 0x28, 0x82, 0x28, 0x82, 0x20, 0x62, 0x20, 0x62, 0x20, 0x62, 0x20, 0x82, 0x20, 0x62, 0x20,
    0x09, 0x62, 0x5A, 0xE6, 0x1D, 0xFF, 0x77, 0xF5, 0xF4, 0xEC, 0x56, 0xF5, 0x38, 0xFE, 0x1B, 0xFF,
    0x19, 0xFF, 0x4F, 0xB4, 0x24, 0x51, 0x82, 0x30, 0xA2, 0x30, 0x81, 0x28, 0x61, 0x20, 0x61, 0x20,
    0x81, 0x20, 0xE1, 0x30, 0xA2, 0x51, 0xEC, 0xBC, 0x88, 0x93, 0x21, 0x41, 0xA1, 0x28, 0x60, 0x20,
    0x80, 0x20, 0x80, 0x20, 0x60, 0x18, 0x81, 0x20, 0x45, 0x6A, 0x42, 0x41, 0x60, 0x18, 0x02, 0x31,
    0xA1, 0x28, 0x80, 0x20, 0x60, 0x18, 0x60, 0x18, 0x40, 0x10, 0x40, 0x10, 0x20, 0x08, 0x81, 0x18,
    0x63, 0x39, 0x20, 0x08, 0x00, 0x00, 0x00, 0x00, 0x00, 0x00, 0x00, 0x00, 0x00, 0x00, 0x00, 0x00,
    0x00, 0x00, 0x00, 0x00, 0x00, 0x00, 0x00, 0x00, 0x00, 0x00, 0x00, 0x00, 0x00, 0x00, 0x00, 0x00,
    0x00, 0x00, 0x00, 0x00, 0x00, 0x00, 0x00, 0x00, 0x00, 0x00, 0x00, 0x00, 0x00, 0x00, 0x00, 0x00,
    0x00, 0x00, 0x00, 0x00, 0x00, 0x00, 0x00, 0x00, 0x00, 0x00, 0x00, 0x00, 0x00, 0x00, 0x00, 0x00,
    0x20, 0x08, 0x40, 0x08, 0x40, 0x10, 0x60, 0x18, 0x81, 0x20, 0xA1, 0x28, 0xC1, 0x30, 0xC3, 0x59,
    0x85, 0x82, 0x42, 0x49, 0x82, 0x51, 0x42, 0x49, 0x21, 0x41, 0xE1, 0x30, 0xA1, 0x28, 0x81, 0x20,
    0x60, 0x18, 0x60, 0x10, 0x40, 0x10, 0x40, 0x10, 0x60, 0x10, 0x20, 0x08, 0x20, 0x08, 0x20, 0x08,
    0x20, 0x08, 0x21, 0x10, 0x41, 0x10, 0x41, 0x10, 0x41, 0x18, 0x61, 0x18, 0x41, 0x10, 0x41, 0x10,
    0x20, 0x10, 0x20, 0x10, 0x20, 0x08, 0x21, 0x08, 0x21, 0x10, 0x21, 0x10, 0x41, 0x10, 0x41, 0x18,
    0x62, 0x18, 0xA3, 0x28, 0xE4, 0x30, 0x82, 0x28, 0x29, 0x6A, 0x6A, 0x72, 0x6D, 0x93, 0x92, 0xBC,
    0xAF, 0xAB, 0x8A, 0x82, 0x04, 0x41, 0xA3, 0x30, 0xA3, 0x28, 0xA3, 0x28, 0xA3, 0x28, 0xC3, 0x30,
    0xA3, 0x30, 0x45, 0x49, 0x5A, 0xE6, 0xDD, 0xFE, 0x94, 0xEC, 0xD0, 0xE3, 0x0C, 0xDB, 0x0C, 0xDB,
    0x30, 0xEC, 0x76, 0xF5, 0x99, 0xFE, 0xBB, 0xFF, 0x36, 0xE6, 0xE6, 0x71, 0x82, 0x38, 0xC2, 0x38,
    0xA2, 0x30, 0x81, 0x28, 0x81, 0x28, 0xA1, 0x28, 0xC1, 0x28, 0xC3, 0x59, 0x42, 0x41, 0xA1, 0x20,
    0x40, 0x10, 0xC1, 0x20, 0x27, 0x73, 0x40, 0x18, 0x60, 0x18, 0xA1, 0x28, 0x42, 0x41, 0xE4, 0x59,
    0xC1, 0x28, 0x42, 0x41, 0xC6, 0x7A, 0xA0, 0x28, 0xC1, 0x28, 0xA1, 0x28, 0x80, 0x20, 0x80, 0x18,
    0x20, 0x10, 0x63, 0x41, 0xEB, 0xC4, 0x60, 0x10, 0x00, 0x00, 0x00, 0x00, 0x00, 0x00, 0x00, 0x00,
    0x00, 0x00, 0x00, 0x00, 0x00, 0x00, 0x00, 0x00, 0x00, 0x00, 0x00, 0x00, 0x00, 0x00, 0x00, 0x00,
    0x00, 0x00, 0x00, 0x00, 0x00, 0x00, 0x00, 0x00, 0x00, 0x00, 0x00, 0x00, 0x00, 0x00, 0x00, 0x00,
    0x00, 0x00, 0x00, 0x00, 0x00, 0x00, 0x00, 0x00, 0x00, 0x00, 0x00, 0x00, 0x00, 0x00, 0x00, 0x00,
    0x00, 0x00, 0x00, 0x00, 0x20, 0x08, 0x40, 0x10, 0x81, 0x18, 0xE1, 0x28, 0xC1, 0x28, 0xC1, 0x28,
    0xC1, 0x28, 0xC1, 0x30, 0x80, 0x28, 0x22, 0x41, 0x22, 0x41, 0xA1, 0x28, 0xA1, 0x28, 0x80, 0x20,
    0x60, 0x18, 0x40, 0x10, 0x40, 0x10, 0x40, 0x10, 0x00, 0x00, 0x02, 0x31, 0x63, 0x39, 0x00, 0x00,
    0x20, 0x10, 0x20, 0x10, 0x41, 0x10, 0x61, 0x18, 0x41, 0x18, 0x41, 0x18, 0x21, 0x20, 0x21, 0x18,
    0x61, 0x20, 0x62, 0x20, 0x41, 0x18, 0x41, 0x18, 0x41, 0x10, 0x41, 0x10, 0x41, 0x10, 0x42, 0x18,
    0x62, 0x18, 0x83, 0x20, 0xA3, 0x28, 0x62, 0x28, 0xC7, 0x61, 0x4D, 0x93, 0x75, 0xD5, 0xB6, 0xD5,
    0xDA, 0xFE, 0x58, 0xF6, 0xF7, 0xED, 0x50, 0xBC, 0x0C, 0x93, 0x28, 0x72, 0xA7, 0x61, 0x65, 0x51,
    0xE4, 0x40, 0xC3, 0x38, 0xA3, 0x38, 0xF4, 0xBC, 0x1E, 0xFF, 0xD5, 0xEC, 0x72, 0xEC, 0x8E, 0xE3,
    0x86, 0xD1, 0x45, 0xD1, 0x49, 0xDA, 0x31, 0xEC, 0xB6, 0xFD, 0x78, 0xFE, 0xDC, 0xFF, 0x39, 0xF7,
    0x2B, 0x9B, 0xA2, 0x48, 0xC2, 0x38, 0xC2, 0x38, 0xA2, 0x30, 0x81, 0x28, 0xA1, 0x28, 0xE1, 0x30,
    0xA1, 0x28, 0x60, 0x18, 0x40, 0x10, 0x40, 0x10, 0x80, 0x18, 0x40, 0x18, 0x60, 0x18, 0xA1, 0x20,
    0xA1, 0x28, 0xE1, 0x30, 0x01, 0x39, 0x42, 0x41, 0x62, 0x49, 0x42, 0x41, 0x62, 0x41, 0x21, 0x39,
    0xE1, 0x30, 0xA0, 0x28, 0x60, 0x18, 0x60, 0x18, 0x60, 0x18, 0x20, 0x08, 0x20, 0x08, 0x00, 0x00,
    0x00, 0x00, 0x00, 0x00, 0x00, 0x00, 0x00, 0x00, 0x00, 0x00, 0x00, 0x00, 0x00, 0x00, 0x00, 0x00,
    0x00, 0x00, 0x00, 0x00, 0x00, 0x00, 0x00, 0x00, 0x00, 0x00, 0x00, 0x00, 0x00, 0x00, 0x00, 0x00,
    0x00, 0x00, 0x00, 0x00, 0x00, 0x00, 0x00, 0x00, 0x00, 0x00, 0x00, 0x00, 0x00, 0x00, 0x00, 0x00,
    0x20, 0x00, 0x20, 0x00, 0x20, 0x08, 0x20, 0x08, 0x40, 0x08, 0x80, 0x18, 0xE1, 0x30, 0xA4, 0x7A,
    0xC2, 0x59, 0xE1, 0x30, 0xC1, 0x28, 0x22, 0x31, 0xA3, 0x49, 0x22, 0x39, 0x04, 0x52, 0x40, 0x18,
    0xA1, 0x20, 0x02, 0x31, 0x22, 0x31, 0xA1, 0x20, 0x20, 0x08, 0x20, 0x08, 0x20, 0x08, 0x20, 0x08,
    0x20, 0x08, 0x20, 0x08, 0x21, 0x10, 0x41, 0x10, 0x61, 0x18, 0x41, 0x18, 0x45, 0x49, 0x4C, 0x8B,
    0xCE, 0x9B, 0x0B, 0x83, 0x65, 0x51, 0x62, 0x28, 0x82, 0x28, 0x62, 0x20, 0x62, 0x18, 0x62, 0x18,
    0x82, 0x20, 0x83, 0x20, 0x62, 0x20, 0x62, 0x28, 0xE4, 0x40, 0xAB, 0x7A, 0x96, 0xD5, 0x3C, 0xFF,
    0x9D, 0xFF, 0x9D, 0xFF, 0x7C, 0xFF, 0xBD, 0xFF, 0xBD, 0xFF, 0xDD, 0xFF, 0xBD, 0xFF, 0x7C, 0xFF,
    0x1B, 0xF7, 0x99, 0xEE, 0x75, 0xD5, 0x8E, 0x9B, 0x8F, 0x9B, 0x1E, 0xFF, 0x57, 0xF5, 0xB3, 0xF4,
    0x13, 0xF5, 0x8E, 0xE3, 0xE4, 0xC8, 0xE4, 0xC8, 0x04, 0xC9, 0xCB, 0xDA, 0x14, 0xF5, 0x18, 0xFE,
    0xB9, 0xFE, 0xBB, 0xFF, 0xBB, 0xFF, 0xF1, 0xCC, 0x85, 0x69, 0xA2, 0x40, 0xC2, 0x38, 0xC2, 0x38,
    0x81, 0x28, 0x61, 0x20, 0x40, 0x18, 0x40, 0x18, 0x40, 0x10, 0x40, 0x10, 0x20, 0x08, 0x40, 0x10,
    0x60, 0x18, 0xA0, 0x20, 0xE1, 0x30, 0x42, 0x49, 0xA2, 0x59, 0xE3, 0x61, 0x03, 0x62, 0x24, 0x6A,
    0x23, 0x6A, 0xC5, 0x7A, 0xA2, 0x51, 0x01, 0x39, 0x22, 0x39, 0x60, 0x18, 0x40, 0x10, 0x20, 0x08,
    0x20, 0x08, 0x00, 0x00, 0x00, 0x00, 0x00, 0x00, 0x00, 0x00, 0x00, 0x00, 0x00, 0x00, 0x00, 0x00,
    0x00, 0x00, 0x00, 0x00, 0x00, 0x00, 0x00, 0x00, 0x00, 0x00, 0x00, 0x00, 0x00, 0x00, 0x00, 0x00,
    0x00, 0x00, 0x00, 0x00, 0x00, 0x00, 0x00, 0x00, 0x00, 0x00, 0x00, 0x00, 0x00, 0x00, 0x00, 0x00,
    0x00, 0x00, 0x00, 0x00, 0x20, 0x08, 0x60, 0x18, 0x20, 0x08, 0x40, 0x08, 0x60, 0x10, 0x01, 0x31,
    0xC5, 0x7A, 0x71, 0xE6, 0x0C, 0xBD, 0x03, 0x62, 0xE1, 0x30, 0xC1, 0x28, 0x02, 0x31, 0x40, 0x10,
    0xC1, 0x20, 0x60, 0x18, 0xA1, 0x20, 0x47, 0x83, 0x81, 0x18, 0x40, 0x08, 0x20, 0x08, 0x20, 0x08,
    0x20, 0x08, 0x20, 0x08, 0x20, 0x08, 0x21, 0x10, 0x41, 0x10, 0x62, 0x18, 0x41, 0x20, 0xAB, 0x7A,
    0x38, 0xE6, 0x7D, 0xFF, 0x9C, 0xFF, 0x9C, 0xFF, 0xF8, 0xEE, 0x0E, 0xAC, 0xA3, 0x38, 0x82, 0x28,
    0xA3, 0x28, 0xA3, 0x28, 0x62, 0x20, 0xA3, 0x30, 0xC7, 0x59, 0x8E, 0x93, 0xB7, 0xD5, 0x1D, 0xFF,
    0xBF, 0xFF, 0x7E, 0xFF, 0x5D, 0xFF, 0x3D, 0xFF, 0x5C, 0xFF, 0x5C, 0xFF, 0x7C, 0xFF, 0x7C, 0xFF,
    0x9D, 0xFF, 0xBD, 0xFF, 0xBE, 0xFF, 0xDE, 0xFF, 0xFF, 0xFF, 0xDE, 0xFF, 0x9E, 0xFF, 0xDD, 0xFE,
    0x77, 0xF5, 0xD3, 0xF4, 0x13, 0xF5, 0x8E, 0xE3, 0xE4, 0xC0, 0xE4, 0xC8, 0xE4, 0xC8, 0x45, 0xD1,
    0xF0, 0xEB, 0x96, 0xFD, 0x58, 0xFE, 0xF9, 0xFE, 0x7A, 0xFF, 0xDB, 0xFF, 0xF8, 0xF6, 0x8F, 0xBC,
    0xA5, 0x69, 0xA2, 0x40, 0xA2, 0x30, 0x61, 0x28, 0x60, 0x18, 0x40, 0x18, 0x40, 0x10, 0x40, 0x10,
    0x22, 0x31, 0x81, 0x20, 0x80, 0x20, 0xC1, 0x30, 0x01, 0x41, 0x46, 0x93, 0xEF, 0xDD, 0x49, 0xB4,
    0x66, 0x9B, 0xA6, 0xAB, 0x8D, 0xD5, 0x33, 0xFF, 0xC5, 0x82, 0x41, 0x41, 0xA3, 0x49, 0x80, 0x20,
    0x60, 0x18, 0x40, 0x10, 0x20, 0x08, 0x00, 0x00, 0x00, 0x00, 0x00, 0x00, 0x00, 0x00, 0x00, 0x00,
    0x00, 0x00, 0x00, 0x00, 0x00, 0x00, 0x00, 0x00, 0x00, 0x00, 0x00, 0x00, 0x00, 0x00, 0x00, 0x00,
    0x00, 0x00, 0x00, 0x00, 0x00, 0x00, 0x00, 0x00, 0x00, 0x00, 0x00, 0x00, 0x00, 0x00, 0x00, 0x00,
    0x00, 0x00, 0x00, 0x00, 0x00, 0x00, 0x00, 0x08, 0xE4, 0x51, 0x4B, 0xA4, 0xE1, 0x30, 0x40, 0x10,
    0x60, 0x18, 0x62, 0x41, 0x08, 0xA4, 0xD7, 0xFF, 0x50, 0xE6, 0xA4, 0x7A, 0x01, 0x31, 0xA0, 0x20,
    0x81, 0x18, 0x61, 0x18, 0xC1, 0x20, 0x40, 0x10, 0x40, 0x10, 0x20, 0x08, 0x20, 0x08, 0x20, 0x08,
    0x20, 0x08, 0x00, 0x08, 0x20, 0x08, 0x20, 0x08, 0x21, 0x10, 0x41, 0x18, 0x62, 0x20, 0x82, 0x28,
    0x8F, 0x93, 0xBC, 0xFE, 0xBB, 0xFE, 0x38, 0xFE, 0x37, 0xFE, 0xF6, 0xFD, 0xB8, 0xFE, 0xDB, 0xFF,
    0x53, 0xCD, 0x45, 0x51, 0x82, 0x28, 0xA3, 0x30, 0xE8, 0x59, 0xB3, 0xBC, 0xFC, 0xF6, 0xBF, 0xFF,
    0x9F, 0xFF, 0x1D, 0xFF, 0xFD, 0xFE, 0xDC, 0xFE, 0xDC, 0xFE, 0xBB, 0xFE, 0xDB, 0xFE, 0xBB, 0xFE,
    0xFB, 0xFE, 0xFB, 0xFE, 0x1B, 0xFF, 0x1B, 0xFF, 0x1C, 0xFF, 0x1C, 0xFF, 0x1C, 0xFF, 0x3C, 0xFF,
    0x5D, 0xFF, 0x3D, 0xFF, 0xFC, 0xFE, 0x38, 0xFE, 0x75, 0xFD, 0x8E, 0xE3, 0xE4, 0xC0, 0xC3, 0xC0,
    0xE4, 0xC8, 0xE3, 0xC8, 0x6A, 0xDA, 0xF3, 0xF4, 0xF7, 0xFD, 0x98, 0xFE, 0x19, 0xFF, 0x39, 0xFF,
    0x7A, 0xFF, 0xFC, 0xFF, 0xB7, 0xF6, 0xA8, 0x8A, 0x81, 0x38, 0xA2, 0x30, 0x61, 0x20, 0x40, 0x18,
    0x40, 0x10, 0x40, 0x10, 0x81, 0x20, 0x80, 0x20, 0x80, 0x20, 0xE1, 0x30, 0x61, 0x49, 0x86, 0xA3,
    0x11, 0xFF, 0xF8, 0xFF, 0x15, 0xF7, 0x12, 0xF7, 0xF7, 0xFF, 0x13, 0xF7, 0x05, 0x93, 0x82, 0x49,
    0xC0, 0x30, 0xA0, 0x28, 0x60, 0x18, 0x80, 0x18, 0x40, 0x10, 0x20, 0x08, 0x00, 0x00, 0x00, 0x00,
    0x00, 0x00, 0x00, 0x00, 0x00, 0x00, 0x00, 0x00, 0x00, 0x00, 0x00, 0x00, 0x00, 0x00, 0x00, 0x00,
    0x00, 0x00, 0x00, 0x00, 0x00, 0x00, 0x00, 0x00, 0x00, 0x00, 0x00, 0x00, 0x00, 0x00, 0x00, 0x00,
    0x00, 0x00, 0x00, 0x00, 0x00, 0x00, 0x00, 0x00, 0x00, 0x00, 0x20, 0x08, 0xE4, 0x51, 0x4A, 0xA4,
    0x01, 0x31, 0x40, 0x10, 0x60, 0x10, 0xC1, 0x28, 0x62, 0x49, 0x28, 0xAC, 0xE5, 0x82, 0xE1, 0x30,
    0x82, 0x49, 0x48, 0x83, 0xC1, 0x28, 0x81, 0x20, 0xE2, 0x28, 0x20, 0x08, 0x20, 0x08, 0x20, 0x08,
    0x20, 0x08, 0x20, 0x08, 0x20, 0x08, 0x00, 0x08, 0x20, 0x08, 0x21, 0x10, 0x41, 0x10, 0x62, 0x18,
    0x41, 0x20, 0x8F, 0x93, 0xFD, 0xFE, 0xF9, 0xF5, 0x76, 0xF5, 0x17, 0xFE, 0x74, 0xFD, 0x0F, 0xEC,
    0xB1, 0xF4, 0x16, 0xFE, 0xBB, 0xFF, 0x57, 0xE6, 0xAB, 0x7A, 0x72, 0xAC, 0x3D, 0xFF, 0xBF, 0xFF,
    0x3E, 0xFF, 0xDC, 0xFE, 0xBC, 0xFE, 0x9C, 0xFE, 0x9C, 0xFE, 0x9B, 0xFE, 0x9B, 0xFE, 0x7B, 0xFE,
    0x9A, 0xFE, 0x9A, 0xFE, 0xBA, 0xFE, 0xBA, 0xFE, 0xDA, 0xFE, 0xDB, 0xFE, 0xDB, 0xFE, 0xFB, 0xFE,
    0xFB, 0xFE, 0xFB, 0xFE, 0x1B, 0xFF, 0x1C, 0xFF, 0x1B, 0xFF, 0x1B, 0xFF, 0xBA, 0xFE, 0x71, 0xEC,
    0xE4, 0xC0, 0xC4, 0xC0, 0xE4, 0xC8, 0xE3, 0xC8, 0x45, 0xD1, 0xAF, 0xEB, 0x95, 0xFD, 0x58, 0xFE,
    0xD9, 0xFE, 0x19, 0xFF, 0xF9, 0xFE, 0x19, 0xFF, 0xBB, 0xFF, 0x38, 0xFF, 0xE6, 0x71, 0x81, 0x30,
    0x81, 0x28, 0x40, 0x18, 0x40, 0x18, 0x40, 0x10, 0x40, 0x18, 0x80, 0x20, 0xA1, 0x28, 0x01, 0x39,
    0xA2, 0x51, 0x05, 0x93, 0xEC, 0xF5, 0x34, 0xFF, 0xFC, 0xFF, 0xF9, 0xFF, 0xB6, 0xFF, 0x6E, 0xF6,
    0x05, 0x9B, 0xE3, 0x61, 0x21, 0x41, 0xC1, 0x28, 0x40, 0x18, 0xA6, 0x6A, 0x63, 0x41, 0x00, 0x00,
    0x20, 0x00, 0x00, 0x00, 0x00, 0x00, 0x00, 0x00, 0x00, 0x00, 0x00, 0x00, 0x00, 0x00, 0x00, 0x00,
    0x00, 0x00, 0x00, 0x00, 0x00, 0x00, 0x00, 0x00, 0x00, 0x00, 0x00, 0x00, 0x00, 0x00, 0x00, 0x00,
    0x00, 0x00, 0x00, 0x00, 0x00, 0x00, 0x00, 0x00, 0x00, 0x00, 0x00, 0x00, 0x00, 0x00, 0x20, 0x00,
    0x20, 0x08, 0x60, 0x20, 0x20, 0x08, 0x60, 0x10, 0x60, 0x10, 0xA1, 0x20, 0xE1, 0x28, 0x82, 0x49,
    0x42, 0x41, 0xC1, 0x28, 0xC1, 0x28, 0xC1, 0x28, 0xC1, 0x28, 0x60, 0x18, 0x40, 0x10, 0x42, 0x39,
    0x00, 0x00, 0x20, 0x08, 0x00, 0x08, 0x20, 0x08, 0x20, 0x08, 0x20, 0x08, 0x21, 0x10, 0x41, 0x10,
    0x62, 0x18, 0x21, 0x18, 0x2D, 0x83, 0xDD, 0xFE, 0xB9, 0xED, 0xF5, 0xE4, 0x96, 0xF5, 0x37, 0xFE,
    0x0C, 0xD3, 0xA7, 0xC1, 0xAE, 0xE3, 0x33, 0xFD, 0x16, 0xFE, 0x5B, 0xFF, 0x5D, 0xFF, 0x3E, 0xFF,
    0xFD, 0xFE, 0x9C, 0xFE, 0x7B, 0xFE, 0x5B, 0xFE, 0x7B, 0xFE, 0x7A, 0xFE, 0x5A, 0xFE, 0x5A, 0xFE,
    0x7A, 0xFE, 0x7A, 0xFE, 0x7A, 0xFE, 0x9A, 0xFE, 0x9A, 0xFE, 0x9A, 0xFE, 0xBA, 0xFE, 0xBA, 0xFE,
    0xBA, 0xFE, 0xDA, 0xFE, 0xDB, 0xFE, 0xDB, 0xFE, 0xFB, 0xFE, 0x1B, 0xFF, 0x3C, 0xFF, 0x3C, 0xFF,
    0x3C, 0xFF, 0xBA, 0xFE, 0x6E, 0xDB, 0xA3, 0xC0, 0xE4, 0xC8, 0x04, 0xC9, 0x03, 0xD1, 0x69, 0xDA,
    0xF3, 0xF4, 0x17, 0xFE, 0x98, 0xFE, 0xF9, 0xFE, 0xD9, 0xFE, 0xD9, 0xFE, 0xF8, 0xFE, 0xFB, 0xFF,
    0xCF, 0xC4, 0x81, 0x38, 0xA2, 0x28, 0x60, 0x20, 0x40, 0x18, 0x40, 0x10, 0x60, 0x18, 0x60, 0x18,
    0xA0, 0x28, 0x21, 0x41, 0xC3, 0x61, 0x26, 0x93, 0x70, 0xF6, 0xD0, 0xFE, 0xB5, 0xFF, 0xF8, 0xFF,
    0xB5, 0xFF, 0x53, 0xFF, 0x89, 0xBC, 0xE2, 0x69, 0x62, 0x49, 0xE1, 0x30, 0xA0, 0x20, 0x80, 0x20,
    0x60, 0x10, 0x20, 0x08, 0x00, 0x00, 0x00, 0x00, 0x00, 0x00, 0x00, 0x00, 0x00, 0x00, 0x00, 0x00,
    0x00, 0x00, 0x00, 0x00, 0x00, 0x00, 0x00, 0x00, 0x00, 0x00, 0x00, 0x00, 0x00, 0x00, 0x00, 0x00,
    0x00, 0x00, 0x00, 0x00, 0x00, 0x00, 0x00, 0x00, 0x00, 0x00, 0x00, 0x00, 0x00, 0x00, 0x00, 0x00,
    0x00, 0x00, 0x00, 0x00, 0x20, 0x08, 0x40, 0x08, 0x60, 0x10, 0x20, 0x08, 0x40, 0x10, 0x80, 0x18,
    0x80, 0x20, 0xA1, 0x20, 0xE1, 0x30, 0xC1, 0x28, 0x60, 0x18, 0x63, 0x41, 0x83, 0x49, 0x81, 0x18,
    0x40, 0x10, 0x60, 0x10, 0x20, 0x08, 0x20, 0x08, 0x00, 0x08, 0x20, 0x08, 0x20, 0x08, 0x20, 0x08,
    0x41, 0x10, 0x62, 0x18, 0x21, 0x18, 0x4E, 0x8B, 0x9D, 0xFE, 0x99, 0xED, 0xB5, 0xDC, 0xD4, 0xE4,
    0xD7, 0xFD, 0xB6, 0xF5, 0x05, 0xB1, 0xC4, 0xA8, 0xCB, 0xCA, 0xB1, 0xEC, 0x95, 0xFD, 0xD6, 0xFD,
    0xD8, 0xFD, 0xD9, 0xF5, 0xFA, 0xF5, 0xFA, 0xF5, 0x1A, 0xF6, 0x19, 0xF6, 0xF9, 0xF5, 0x19, 0xF6,
    0x39, 0xFE, 0x19, 0xFE, 0x39, 0xFE, 0x59, 0xFE, 0x59, 0xFE, 0x59, 0xFE, 0x9A, 0xFE, 0x99, 0xFE,
    0x9A, 0xFE, 0xBA, 0xFE, 0xBA, 0xFE, 0xBA, 0xFE, 0xDA, 0xFE, 0xDA, 0xFE, 0xDA, 0xFE, 0xFA, 0xFE,
    0x95, 0xF5, 0xB1, 0xE4, 0x95, 0xF5, 0xFB, 0xFE, 0xFB, 0xFE, 0x4D, 0xDB, 0xA3, 0xC0, 0x04, 0xD1,
    0x24, 0xD1, 0x65, 0xD9, 0xAE, 0xEB, 0x75, 0xFD, 0x58, 0xFE, 0xD9, 0xFE, 0xD8, 0xFE, 0xD8, 0xFE,
    0xD8, 0xFE, 0xBA, 0xFF, 0x14, 0xE6, 0xE2, 0x50, 0x82, 0x30, 0x61, 0x20, 0x40, 0x18, 0x40, 0x18,
    0x40, 0x18, 0x02, 0x31, 0x01, 0x31, 0x42, 0x49, 0x03, 0x6A, 0xEB, 0xCC, 0xF2, 0xFE, 0x12, 0xFF,
    0x51, 0xFF, 0x92, 0xFF, 0x73, 0xFF, 0x96, 0xFF, 0x74, 0xFF, 0xAA, 0xBC, 0xA2, 0x59, 0x01, 0x39,
    0xA1, 0x28, 0x60, 0x18, 0x40, 0x10, 0x40, 0x08, 0x20, 0x08, 0x00, 0x00, 0x00, 0x00, 0x00, 0x00,
    0x00, 0x00, 0x00, 0x00, 0x00, 0x00, 0x00, 0x00, 0x00, 0x00, 0x00, 0x00, 0x00, 0x00, 0x00, 0x00,
    0x00, 0x00, 0x00, 0x00, 0x00, 0x00, 0x00, 0x00, 0x00, 0x00, 0x00, 0x00, 0x00, 0x00, 0x00, 0x00,
    0x00, 0x00, 0x00, 0x00, 0x00, 0x00, 0x20, 0x00, 0x00, 0x00, 0x20, 0x08, 0x20, 0x08, 0x65, 0x6A,
    0xE3, 0x51, 0x40, 0x10, 0x80, 0x18, 0xC1, 0x28, 0x42, 0x41, 0xE4, 0x51, 0x60, 0x18, 0xC1, 0x20,
    0xC1, 0x28, 0x40, 0x10, 0x20, 0x08, 0x20, 0x08, 0x20, 0x08, 0x20, 0x08, 0x20, 0x08, 0x20, 0x08,
    0x21, 0x08, 0x41, 0x10, 0x42, 0x18, 0x83, 0x28, 0x11, 0xA4, 0x9D, 0xFE, 0x79, 0xED, 0x55, 0xDC,
    0x33, 0xD4, 0xB3, 0xE4, 0x37, 0xFE, 0x34, 0xED, 0x83, 0xA0, 0x83, 0xA0, 0x29, 0xBA, 0xEF, 0xDB,
    0x13, 0xF5, 0x14, 0xED, 0xF5, 0xEC, 0x57, 0xED, 0x78, 0xED, 0x98, 0xED, 0x98, 0xED, 0xB8, 0xED,
    0xF9, 0xF5, 0x19, 0xFE, 0x18, 0xF6, 0x18, 0xFE, 0x38, 0xFE, 0x38, 0xFE, 0x79, 0xFE, 0x59, 0xFE,
    0x79, 0xFE, 0x99, 0xFE, 0x99, 0xFE, 0x99, 0xFE, 0xBA, 0xFE, 0xBA, 0xFE, 0xBA, 0xFE, 0xBA, 0xFE,
    0xDA, 0xFE, 0xDA, 0xFE, 0x33, 0xF5, 0x90, 0xEC, 0x4F, 0xE4, 0x70, 0xE4, 0x58, 0xFE, 0xB9, 0xFE,
    0x8A, 0xD2, 0xC3, 0xC8, 0x44, 0xD9, 0x44, 0xD9, 0x68, 0xEA, 0x50, 0xF4, 0xF7, 0xFD, 0x98, 0xFE,
    0xD9, 0xFE, 0xD8, 0xFE, 0xD8, 0xFE, 0xBA, 0xFF, 0x34, 0xE6, 0xE2, 0x50, 0x82, 0x30, 0x61, 0x20,
    0x40, 0x18, 0x40, 0x18, 0x40, 0x10, 0x63, 0x41, 0x22, 0x39, 0x21, 0x49, 0x49, 0xBC, 0x4D, 0xFE,
    0xCB, 0xF5, 0xEC, 0xF5, 0x4D, 0xFE, 0xEF, 0xFE, 0x6D, 0xFE, 0x4D, 0xFE, 0x4E, 0xFE, 0x4E, 0xF6,
    0x44, 0x72, 0xE1, 0x30, 0xC1, 0x28, 0xC1, 0x28, 0x80, 0x20, 0x40, 0x10, 0x20, 0x08, 0x00, 0x00,
    0x00, 0x00, 0x00, 0x00, 0x00, 0x00, 0x00, 0x00, 0x00, 0x00, 0x00, 0x00, 0x00, 0x00, 0x00, 0x00,
    0x00, 0x00, 0x00, 0x00, 0x00, 0x00, 0x00, 0x00, 0x00, 0x00, 0x00, 0x00, 0x00, 0x00, 0x00, 0x00,
    0x00, 0x00, 0x00, 0x00, 0x00, 0x00, 0x00, 0x00, 0x00, 0x00, 0x00, 0x00, 0x81, 0x18, 0xE1, 0x28,
    0x20, 0x10, 0xE3, 0x51, 0x83, 0x49, 0x80, 0x20, 0xA1, 0x28, 0x80, 0x20, 0x83, 0x41, 0x22, 0x31,
    0x60, 0x18, 0x60, 0x18, 0x40, 0x10, 0xE1, 0x28, 0x04, 0x52, 0x40, 0x10, 0x20, 0x08, 0x20, 0x08,
    0x20, 0x08, 0x21, 0x08, 0x41, 0x10, 0x41, 0x18, 0x62, 0x20, 0x73, 0xAC, 0xDD, 0xFE, 0x59, 0xE5,
    0x76, 0xDC, 0x13, 0xD4, 0xF1, 0xD3, 0x72, 0xE4, 0x37, 0xFE, 0xF3, 0xEC, 0x43, 0x98, 0x63, 0x98,
    0x87, 0xA9, 0x4D, 0xD3, 0x30, 0xDC, 0x51, 0xDC, 0x93, 0xE4, 0xD5, 0xE4, 0x16, 0xE5, 0x57, 0xE5,
    0xB8, 0xED, 0x77, 0xED, 0xF4, 0xE4, 0x35, 0xED, 0xF7, 0xF5, 0xF7, 0xF5, 0x18, 0xFE, 0x18, 0xFE,
    0x58, 0xFE, 0x59, 0xFE, 0x79, 0xFE, 0x79, 0xFE, 0x99, 0xFE, 0x99, 0xFE, 0x99, 0xFE, 0x99, 0xFE,
    0x99, 0xFE, 0xB9, 0xFE, 0xDA, 0xFE, 0xDA, 0xFE, 0xDA, 0xFE, 0xFA, 0xFE, 0xDA, 0xFE, 0xF6, 0xF5,
    0xF2, 0xEC, 0x78, 0xFE, 0x38, 0xFE, 0x28, 0xDA, 0x23, 0xD9, 0x85, 0xE1, 0xC5, 0xE9, 0x0B, 0xF3,
    0xD2, 0xF4, 0x37, 0xFE, 0xB8, 0xFE, 0x19, 0xFF, 0xF8, 0xFE, 0xBB, 0xFF, 0xD3, 0xDD, 0xC2, 0x48,
    0x82, 0x30, 0x61, 0x20, 0x40, 0x18, 0x40, 0x10, 0x40, 0x18, 0x40, 0x18, 0xA1, 0x28, 0x21, 0x49,
    0xC7, 0xAB, 0xA8, 0xD4, 0xC8, 0xE4, 0xAB, 0xF5, 0x8B, 0xF5, 0xCB, 0xF5, 0x0D, 0xF6, 0xEA, 0xD4,
    0x86, 0xAB, 0x63, 0x7A, 0x62, 0x51, 0xE1, 0x30, 0x80, 0x20, 0x82, 0x51, 0x21, 0x39, 0x40, 0x10,
    0x40, 0x08, 0x20, 0x00, 0x00, 0x00, 0x00, 0x00, 0x00, 0x00, 0x00, 0x00, 0x00, 0x00, 0x00, 0x00,
    0x00, 0x00, 0x00, 0x00, 0x00, 0x00, 0x00, 0x00, 0x00, 0x00, 0x00, 0x00, 0x00, 0x00, 0x00, 0x00,
    0x00, 0x00, 0x00, 0x00, 0x00, 0x00, 0x00, 0x00, 0x00, 0x00, 0x00, 0x00, 0x20, 0x08, 0x00, 0x00,
    0x83, 0x41, 0x24, 0x5A, 0x60, 0x18, 0xA0, 0x20, 0xC1, 0x30, 0x01, 0x39, 0xC3, 0x51, 0x42, 0x41,
    0x65, 0x6A, 0xE4, 0x59, 0x80, 0x20, 0x80, 0x20, 0x00, 0x08, 0xA3, 0x49, 0xC9, 0x8B, 0x60, 0x18,
    0x20, 0x10, 0x20, 0x10, 0x21, 0x10, 0x41, 0x18, 0x21, 0x10, 0x83, 0x28, 0x74, 0xB4, 0x9D, 0xFE,
    0x38, 0xE5, 0x96, 0xDC, 0x34, 0xD4, 0xD2, 0xCB, 0xF1, 0xD3, 0x52, 0xE4, 0x17, 0xFE, 0x92, 0xE4,
    0x23, 0x98, 0x43, 0x98, 0x26, 0xA1, 0xEC, 0xC2, 0x8F, 0xD3, 0xF1, 0xD3, 0x53, 0xDC, 0x94, 0xDC,
    0xD5, 0xDC, 0x16, 0xE5, 0x32, 0xCC, 0x8B, 0xA2, 0x08, 0x9A, 0x2C, 0xC3, 0x55, 0xED, 0xB6, 0xF5,
    0xF7, 0xF5, 0x17, 0xFE, 0x38, 0xFE, 0x58, 0xFE, 0x78, 0xFE, 0x58, 0xFE, 0x78, 0xFE, 0x79, 0xFE,
    0x79, 0xFE, 0x79, 0xFE, 0x99, 0xFE, 0xB9, 0xFE, 0xB9, 0xFE, 0xBA, 0xFE, 0xBA, 0xFE, 0xB9, 0xFE,
    0x99, 0xFE, 0xFA, 0xFE, 0xB9, 0xFE, 0x58, 0xFE, 0x1B, 0xFF, 0x54, 0xF5, 0xA5, 0xD9, 0xC5, 0xE9,
    0x26, 0xF2, 0x08, 0xFB, 0x4D, 0xFC, 0xF3, 0xFC, 0x37, 0xFE, 0xD9, 0xFE, 0x39, 0xFF, 0xFB, 0xFF,
    0xF0, 0xCC, 0x81, 0x40, 0x82, 0x30, 0x41, 0x20, 0x40, 0x18, 0x40, 0x10, 0x40, 0x10, 0x60, 0x18,
    0x81, 0x20, 0xE1, 0x30, 0x01, 0x41, 0xA2, 0x59, 0x43, 0x7A, 0x86, 0xA3, 0x8B, 0xED, 0x2A, 0xED,
    0xA9, 0xD4, 0x43, 0x7A, 0xA2, 0x61, 0x42, 0x49, 0x01, 0x39, 0x01, 0x39, 0xA2, 0x51, 0x8E, 0xCD,
    0x8B, 0xAC, 0x21, 0x39, 0x60, 0x10, 0x20, 0x00, 0x00, 0x00, 0x00, 0x00, 0x00, 0x00, 0x00, 0x00,
    0x00, 0x00, 0x00, 0x00, 0x00, 0x00, 0x00, 0x00, 0x00, 0x00, 0x00, 0x00, 0x00, 0x00, 0x00, 0x00,
    0x00, 0x00, 0x00, 0x00, 0x00, 0x00, 0x00, 0x00, 0x00, 0x00, 0x00, 0x00, 0x00, 0x00, 0x00, 0x00,
    0x20, 0x08, 0x40, 0x10, 0x40, 0x10, 0x60, 0x18, 0xE1, 0x30, 0x62, 0x49, 0x03, 0x62, 0xA2, 0x59,
    0x24, 0x6A, 0xE3, 0x59, 0x41, 0x41, 0x42, 0x41, 0x01, 0x31, 0x42, 0x39, 0x24, 0x5A, 0x40, 0x10,
    0x60, 0x18, 0x20, 0x10, 0x20, 0x10, 0x20, 0x10, 0x41, 0x18, 0x21, 0x10, 0x25, 0x39, 0xF6, 0xC4,
    0x7D, 0xFE, 0xF8, 0xE4, 0x75, 0xDC, 0x14, 0xD4, 0xD2, 0xCB, 0xB1, 0xCB, 0xD1, 0xD3, 0x52, 0xE4,
    0xF6, 0xFD, 0x10, 0xDC, 0x02, 0x90, 0x23, 0x90, 0x05, 0x99, 0x8B, 0xBA, 0x4E, 0xCB, 0xB0, 0xCB,
    0x12, 0xD4, 0x53, 0xD4, 0xD4, 0xDC, 0x8F, 0xBB, 0xC8, 0x91, 0xEB, 0xAA, 0xF0, 0xCB, 0x92, 0xDC,
    0x34, 0xED, 0x55, 0xED, 0x96, 0xF5, 0xF7, 0xF5, 0x18, 0xFE, 0x38, 0xFE, 0x58, 0xFE, 0x58, 0xFE,
    0x58, 0xFE, 0x59, 0xFE, 0x78, 0xFE, 0x78, 0xFE, 0x79, 0xFE, 0x99, 0xFE, 0xB9, 0xFE, 0xB9, 0xFE,
    0xB9, 0xFE, 0x79, 0xFE, 0x78, 0xFE, 0x78, 0xFE, 0x99, 0xFE, 0xDA, 0xFE, 0xB9, 0xFE, 0xDA, 0xFE,
    0xEE, 0xF3, 0x25, 0xF2, 0xE7, 0xFA, 0x8A, 0xFC, 0x8B, 0xE4, 0xAB, 0xE3, 0x13, 0xFD, 0x17, 0xFE,
    0xD9, 0xFE, 0xFC, 0xFF, 0x4E, 0xB4, 0x41, 0x30, 0x82, 0x28, 0x40, 0x18, 0x20, 0x10, 0x20, 0x10,
    0x20, 0x10, 0x40, 0x10, 0x60, 0x18, 0x80, 0x20, 0xE1, 0x30, 0x21, 0x41, 0x82, 0x51, 0xA2, 0x61,
    0x07, 0xB4, 0x8A, 0xFD, 0x45, 0xA3, 0xA2, 0x59, 0x82, 0x51, 0x21, 0x41, 0xE1, 0x30, 0xE1, 0x30,
    0xC2, 0x51, 0x8E, 0xCD, 0x6A, 0xA4, 0x01, 0x31, 0x60, 0x10, 0x20, 0x00, 0x00, 0x00, 0x00, 0x00,
    0x00, 0x00, 0x00, 0x00, 0x00, 0x00, 0x00, 0x00, 0x00, 0x00, 0x00, 0x00, 0x00, 0x00, 0x00, 0x00,
    0x00, 0x00, 0x00, 0x00, 0x00, 0x00, 0x00, 0x00, 0x00, 0x00, 0x00, 0x00, 0x00, 0x00, 0x00, 0x00,
    0x00, 0x00, 0x00, 0x00, 0x20, 0x08, 0x40, 0x10, 0x80, 0x18, 0xC1, 0x28, 0x01, 0x39, 0x64, 0x72,
    0x50, 0xE6, 0xCB, 0xBC, 0xA4, 0x82, 0x64, 0x72, 0x23, 0x6A, 0xE2, 0x61, 0x61, 0x49, 0xA2, 0x49,
    0x04, 0x5A, 0x60, 0x18, 0x40, 0x10, 0x40, 0x10, 0x20, 0x10, 0x41, 0x10, 0x21, 0x18, 0x8C, 0x6A,
    0x5B, 0xEE, 0x3C, 0xFE, 0xB7, 0xDC, 0x55, 0xDC, 0xF3, 0xCB, 0xB2, 0xCB, 0x91, 0xC3, 0xB1, 0xCB,
    0xF1, 0xD3, 0xB2, 0xE4, 0xF6, 0xFD, 0x2D, 0xCB, 0x02, 0x88, 0x84, 0x90, 0xE8, 0xA9, 0xAC, 0xBA,
    0x2E, 0xC3, 0x90, 0xCB, 0xF1, 0xCB, 0x53, 0xD4, 0xB0, 0xC3, 0x6A, 0xA2, 0xF0, 0xCB, 0xD3, 0xE4,
    0xD3, 0xE4, 0xB3, 0xDC, 0xB3, 0xDC, 0xF3, 0xE4, 0x34, 0xED, 0xB6, 0xF5, 0xF7, 0xFD, 0x17, 0xFE,
    0x38, 0xFE, 0x38, 0xFE, 0x38, 0xFE, 0x58, 0xFE, 0x58, 0xFE, 0x58, 0xFE, 0x79, 0xFE, 0x99, 0xFE,
    0xB9, 0xFE, 0xB9, 0xFE, 0x99, 0xFE, 0x58, 0xFE, 0x58, 0xFE, 0x58, 0xFE, 0xB9, 0xFE, 0xB9, 0xFE,
    0xB9, 0xFE, 0xDA, 0xFE, 0x78, 0xFE, 0xEB, 0xF3, 0x6A, 0xFC, 0x6C, 0xFD, 0x84, 0x69, 0x43, 0x69,
    0x8D, 0xF4, 0x32, 0xFD, 0xB5, 0xFD, 0xF9, 0xFE, 0xF3, 0xDD, 0xC2, 0x48, 0x61, 0x20, 0x40, 0x18,
    0x20, 0x10, 0x20, 0x10, 0x20, 0x10, 0x20, 0x10, 0x40, 0x10, 0x60, 0x18, 0x80, 0x20, 0xC1, 0x30,
    0xE1, 0x38, 0x21, 0x41, 0xE3, 0x69, 0xA6, 0xAB, 0xE3, 0x69, 0x01, 0x41, 0x04, 0x62, 0xC9, 0x93,
    0x80, 0x28, 0xE1, 0x30, 0xA0, 0x20, 0xA2, 0x51, 0x21, 0x39, 0x40, 0x10, 0x40, 0x08, 0x20, 0x00,
    0x00, 0x00, 0x00, 0x00, 0x00, 0x00, 0x00, 0x00, 0x00, 0x00, 0x00, 0x00, 0x00, 0x00, 0x00, 0x00,
    0x00, 0x00, 0x00, 0x00, 0x00, 0x00, 0x00, 0x00, 0x00, 0x00, 0x00, 0x00, 0x00, 0x00, 0x00, 0x00,
    0x00, 0x00, 0x00, 0x00, 0x00, 0x00, 0x20, 0x08, 0x40, 0x08, 0x40, 0x10, 0x80, 0x20, 0xE1, 0x30,
    0x62, 0x49, 0x27, 0x93, 0x91, 0xF6, 0xF9, 0xFF, 0xCD, 0xDD, 0xE7, 0xB3, 0x48, 0xB4, 0x8D, 0xCD,
    0x6A, 0xAC, 0x61, 0x49, 0xA0, 0x28, 0x80, 0x20, 0x60, 0x18, 0x40, 0x10, 0x41, 0x10, 0x20, 0x10,
    0xC8, 0x51, 0x7C, 0xF6, 0x1B, 0xF6, 0xB6, 0xDC, 0x55, 0xD4, 0xF3, 0xCB, 0x91, 0xC3, 0x70, 0xC3,
    0x70, 0xC3, 0x91, 0xCB, 0xF1, 0xD3, 0xF3, 0xEC, 0xF6, 0xFD, 0x49, 0xB2, 0x02, 0x88, 0x46, 0xA1,
    0x29, 0xB2, 0xAC, 0xBA, 0x2E, 0xC3, 0x70, 0xC3, 0xD1, 0xCB, 0xF1, 0xCB, 0xEC, 0xB2, 0x51, 0xD4,
    0xD3, 0xDC, 0x92, 0xDC, 0x72, 0xDC, 0x71, 0xD4, 0x31, 0xD4, 0x51, 0xD4, 0xD3, 0xE4, 0x54, 0xED,
    0xB6, 0xF5, 0xF7, 0xFD, 0x17, 0xFE, 0x38, 0xFE, 0x38, 0xFE, 0x38, 0xFE, 0x58, 0xFE, 0x58, 0xFE,
    0x58, 0xFE, 0x79, 0xFE, 0x99, 0xFE, 0xB9, 0xFE, 0x79, 0xFE, 0x54, 0xF5, 0xCE, 0xC3, 0x0B, 0xA3,
    0x4C, 0xB3, 0xD6, 0xFD, 0xDA, 0xFE, 0xB9, 0xFE, 0xFA, 0xFE, 0x54, 0xFE, 0x6A, 0xDC, 0xC5, 0x71,
    0x82, 0x38, 0x82, 0x30, 0x43, 0x61, 0xCB, 0xCB, 0x10, 0xFD, 0xF4, 0xFD, 0x57, 0xFF, 0x47, 0x7A,
    0x00, 0x18, 0x41, 0x18, 0x20, 0x10, 0x20, 0x08, 0x20, 0x08, 0x20, 0x10, 0x40, 0x10, 0x40, 0x18,
    0x60, 0x18, 0x80, 0x20, 0x22, 0x39, 0xE1, 0x38, 0x01, 0x39, 0xE1, 0x38, 0x01, 0x39, 0xE1, 0x30,
    0x01, 0x39, 0xE6, 0x7A, 0xEA, 0x9B, 0xE1, 0x30, 0xA1, 0x18, 0xA1, 0x20, 0x80, 0x18, 0x60, 0x10,
    0x00, 0x00, 0x00, 0x00, 0x00, 0x00, 0x00, 0x00, 0x00, 0x00, 0x00, 0x00, 0x00, 0x00, 0x00, 0x00,
    0x00, 0x00, 0x00, 0x00, 0x00, 0x00, 0x00, 0x00, 0x00, 0x00, 0x00, 0x00, 0x00, 0x00, 0x00, 0x00,
    0x00, 0x00, 0x00, 0x00, 0x00, 0x00, 0x00, 0x00, 0x00, 0x00, 0x20, 0x08, 0x40, 0x10, 0x60, 0x18,
    0xA1, 0x28, 0x22, 0x41, 0xE3, 0x61, 0x88, 0x9B, 0x2F, 0xF6, 0xB8, 0xFF, 0xF9, 0xFF, 0x52, 0xFF,
    0xB5, 0xFF, 0xF6, 0xFF, 0x2B, 0xCD, 0x82, 0x51, 0x21, 0x39, 0x80, 0x20, 0x60, 0x18, 0x41, 0x10,
    0x41, 0x10, 0x21, 0x10, 0xF2, 0x9B, 0x3C, 0xFE, 0x96, 0xDC, 0x34, 0xD4, 0xD3, 0xCB, 0x91, 0xCB,
    0x71, 0xC3, 0x50, 0xC3, 0x50, 0xC3, 0x90, 0xCB, 0x11, 0xD4, 0x14, 0xED, 0xD6, 0xFD, 0x87, 0xA1,
    0xA4, 0x90, 0xA7, 0xA9, 0x09, 0xB2, 0xAC, 0xBA, 0x2E, 0xC3, 0x90, 0xC3, 0xD1, 0xCB, 0xD1, 0xCB,
    0x31, 0xD4, 0xB3, 0xDC, 0xB3, 0xDC, 0x71, 0xD4, 0x10, 0xD4, 0xCF, 0xCB, 0xAF, 0xC3, 0xF0, 0xCB,
    0x71, 0xD4, 0xF3, 0xE4, 0x75, 0xED, 0xD6, 0xF5, 0xF7, 0xFD, 0x17, 0xFE, 0x17, 0xFE, 0x17, 0xFE,
    0x37, 0xFE, 0x58, 0xFE, 0x58, 0xFE, 0x78, 0xFE, 0x99, 0xFE, 0xDA, 0xFE, 0x17, 0xFE, 0xD3, 0xD4,
    0xF7, 0xD5, 0xB9, 0xE6, 0xF2, 0xBC, 0x69, 0x92, 0xF6, 0xF5, 0xFA, 0xFE, 0xB9, 0xFE, 0x59, 0xFF,
    0xCB, 0xB3, 0x41, 0x38, 0xE2, 0x38, 0xA2, 0x38, 0x81, 0x30, 0x81, 0x30, 0xE5, 0x71, 0x8A, 0xAB,
    0x09, 0x93, 0xC2, 0x38, 0x41, 0x18, 0x40, 0x10, 0x20, 0x10, 0x20, 0x08, 0x20, 0x08, 0x20, 0x10,
    0x20, 0x10, 0x40, 0x10, 0x60, 0x18, 0x40, 0x18, 0x42, 0x39, 0xC1, 0x28, 0x80, 0x28, 0xA1, 0x28,
    0x80, 0x20, 0xA1, 0x20, 0x60, 0x20, 0x86, 0x6A, 0xAD, 0xAC, 0x01, 0x31, 0x60, 0x10, 0x40, 0x10,
    0x40, 0x10, 0x00, 0x00, 0xA6, 0x72, 0x04, 0x52, 0x00, 0x00, 0x00, 0x00, 0x00, 0x00, 0x00, 0x00,
    0x00, 0x00, 0x00, 0x00, 0x00, 0x00, 0x00, 0x00, 0x00, 0x00, 0x00, 0x00, 0x00, 0x00, 0x00, 0x00,
    0x00, 0x00, 0x00, 0x00, 0x00, 0x00, 0x00, 0x00, 0x00, 0x00, 0x00, 0x00, 0x20, 0x08, 0x20, 0x08,
    0x40, 0x10, 0x80, 0x20, 0xE1, 0x30, 0x62, 0x49, 0x43, 0x7A, 0x8B, 0xC4, 0x4E, 0xF6, 0x73, 0xFF,
    0xFB, 0xFF, 0xFA, 0xFF, 0xD7, 0xFF, 0xCF, 0xFE, 0x86, 0xA3, 0xA2, 0x51, 0x01, 0x39, 0xA0, 0x20,
    0x60, 0x18, 0x40, 0x10, 0x61, 0x10, 0x41, 0x18, 0x95, 0xB4, 0x7A, 0xED, 0xF3, 0xD3, 0xB2, 0xCB,
    0x71, 0xCB, 0x50, 0xC3, 0x50, 0xC3, 0x50, 0xC3, 0x50, 0xC3, 0x91, 0xCB, 0x32, 0xDC, 0x75, 0xF5,
    0xD3, 0xEC, 0xE5, 0x98, 0x26, 0xA1, 0xA8, 0xA9, 0x29, 0xB2, 0xAC, 0xBA, 0x2E, 0xBB, 0x90, 0xC3,
    0xD1, 0xCB, 0x52, 0xD4, 0x93, 0xDC, 0x92, 0xDC, 0xB2, 0xE4, 0x92, 0xE4, 0x10, 0xD4, 0x6E, 0xCB,
    0x8F, 0xCB, 0x6E, 0xC3, 0xCF, 0xCB, 0x92, 0xDC, 0x34, 0xED, 0xB6, 0xF5, 0xF7, 0xFD, 0xF7, 0xFD,
    0x17, 0xFE, 0x37, 0xFE, 0x37, 0xFE, 0x58, 0xFE, 0x58, 0xFE, 0x58, 0xFE, 0x99, 0xFE, 0xFA, 0xFE,
    0xB6, 0xED, 0xCB, 0x82, 0xC7, 0x59, 0x2C, 0x7B, 0x1B, 0xE7, 0x99, 0xDE, 0x4C, 0xAB, 0xDA, 0xFE,
    0xB9, 0xFE, 0xD9, 0xFE, 0x36, 0xFF, 0x46, 0x7A, 0xA2, 0x38, 0xC2, 0x38, 0x82, 0x30, 0x81, 0x28,
    0x40, 0x20, 0x20, 0x20, 0x00, 0x18, 0x40, 0x18, 0x40, 0x18, 0x20, 0x10, 0x20, 0x10, 0x20, 0x10,
    0x20, 0x10, 0x20, 0x10, 0x41, 0x18, 0x60, 0x18, 0x40, 0x18, 0x60, 0x18, 0x40, 0x18, 0x60, 0x18,
    0x60, 0x18, 0x80, 0x20, 0xC1, 0x28, 0x60, 0x18, 0x80, 0x20, 0x80, 0x20, 0xA2, 0x49, 0xC1, 0x28,
    0x40, 0x10, 0x40, 0x10, 0x40, 0x10, 0x00, 0x00, 0x45, 0x62, 0xA3, 0x41, 0x00, 0x00, 0x00, 0x00,
    0x00, 0x00, 0x00, 0x00, 0x00, 0x00, 0x00, 0x00, 0x00, 0x00, 0x00, 0x00, 0x00, 0x00, 0x00, 0x00,
    0x00, 0x00, 0x00, 0x00, 0x00, 0x00, 0x00, 0x00, 0x00, 0x00, 0x00, 0x00, 0x00, 0x00, 0x00, 0x00,
    0x20, 0x08, 0x60, 0x10, 0xE1, 0x28, 0xA1, 0x28, 0x21, 0x39, 0x85, 0x7A, 0x6E, 0xD5, 0xD1, 0xFE,
    0x31, 0xFF, 0xB4, 0xFF, 0xFA, 0xFF, 0xFA, 0xFF, 0xD5, 0xFF, 0x2E, 0xE6, 0xC5, 0x8A, 0xC3, 0x59,
    0x01, 0x39, 0xA0, 0x28, 0x60, 0x18, 0x60, 0x10, 0x61, 0x18, 0x00, 0x10, 0x2F, 0x7B, 0xDB, 0xF5,
    0xB2, 0xCB, 0x71, 0xCB, 0x30, 0xC3, 0x0F, 0xC3, 0x2F, 0xC3, 0x50, 0xC3, 0x71, 0xC3, 0xF2, 0xD3,
    0x93, 0xE4, 0x95, 0xFD, 0x2D, 0xCB, 0xE5, 0x98, 0x87, 0xA9, 0xC8, 0xB1, 0x4A, 0xB2, 0xAC, 0xBA,
    0x0E, 0xBB, 0x90, 0xC3, 0x11, 0xCC, 0x72, 0xD4, 0x92, 0xDC, 0xD3, 0xE4, 0x51, 0xDC, 0x8A, 0x9A,
    0x29, 0x82, 0xAB, 0x8A, 0xCB, 0x92, 0x2D, 0xBB, 0x2D, 0xBB, 0x31, 0xD4, 0x34, 0xED, 0x96, 0xF5,
    0xD6, 0xFD, 0xD6, 0xFD, 0x37, 0xFE, 0x58, 0xFE, 0x78, 0xFE, 0x78, 0xFE, 0x79, 0xFE, 0x99, 0xFE,
    0x99, 0xFE, 0x1B, 0xFF, 0x75, 0xDD, 0x83, 0x38, 0x83, 0x20, 0x55, 0xB5, 0x8E, 0x8B, 0x1B, 0xE7,
    0x33, 0xCD, 0x53, 0xE5, 0xFA, 0xFE, 0x98, 0xFE, 0x9A, 0xFF, 0x33, 0xE6, 0x02, 0x59, 0xC2, 0x38,
    0xA2, 0x30, 0x61, 0x28, 0x61, 0x20, 0x61, 0x20, 0x61, 0x18, 0x40, 0x18, 0x20, 0x10, 0x20, 0x10,
    0x20, 0x10, 0x20, 0x10, 0x20, 0x18, 0x41, 0x18, 0x00, 0x10, 0x00, 0x18, 0x61, 0x20, 0x40, 0x18,
    0x60, 0x18, 0x60, 0x18, 0x20, 0x10, 0xE1, 0x28, 0x27, 0x83, 0x80, 0x20, 0xC1, 0x28, 0x02, 0x31,
    0x83, 0x41, 0x80, 0x18, 0xC1, 0x28, 0x20, 0x10, 0x40, 0x10, 0x20, 0x08, 0x00, 0x00, 0x00, 0x00,
    0x20, 0x00, 0x00, 0x00, 0x00, 0x00, 0x00, 0x00, 0x00, 0x00, 0x00, 0x00, 0x00, 0x00, 0x00, 0x00,
    0x00, 0x00, 0x00, 0x00, 0x00, 0x00, 0x00, 0x00, 0x00, 0x00, 0x00, 0x00, 0x00, 0x00, 0x00, 0x00,
    0x00, 0x00, 0x20, 0x00, 0x00, 0x00, 0xA4, 0x41, 0xAB, 0xAC, 0x80, 0x20, 0x62, 0x49, 0xEB, 0xD4,
    0x0E, 0xF6, 0xCC, 0xED, 0x6E, 0xF6, 0x52, 0xFF, 0xD5, 0xFF, 0xB6, 0xFF, 0xF7, 0xFF, 0x54, 0xF7,
    0x46, 0x9B, 0xC3, 0x59, 0x21, 0x39, 0xA1, 0x28, 0x60, 0x18, 0x40, 0x10, 0x41, 0x10, 0x41, 0x10,
    0xA4, 0x28, 0x58, 0xCD, 0xD7, 0xE4, 0x10, 0xC3, 0x10, 0xC3, 0x0F, 0xC3, 0x0F, 0xC3, 0x50, 0xC3,
    0xD2, 0xCB, 0x74, 0xDC, 0x35, 0xF5, 0xF3, 0xF4, 0xC8, 0xB1, 0x46, 0xA1, 0xE8, 0xB1, 0x09, 0xB2,
    0x6B, 0xBA, 0xAC, 0xBA, 0x2E, 0xBB, 0x90, 0xC3, 0x11, 0xCC, 0x92, 0xDC, 0xF4, 0xE4, 0x52, 0xDC,
    0x87, 0x79, 0x0C, 0x83, 0x18, 0xCE, 0x14, 0xAD, 0x4E, 0x7B, 0xE8, 0x61, 0x8B, 0xA2, 0xD0, 0xCB,
    0x14, 0xE5, 0x95, 0xF5, 0xD6, 0xF5, 0x17, 0xFE, 0x38, 0xFE, 0x58, 0xFE, 0x99, 0xFE, 0xBA, 0xFE,
    0xBA, 0xFE, 0xBA, 0xFE, 0xB9, 0xFE, 0xFA, 0xFE, 0x17, 0xF6, 0x05, 0x41, 0xC4, 0x20, 0x6A, 0x5A,
    0xE3, 0x40, 0x50, 0xA4, 0x7B, 0xFF, 0x53, 0xED, 0xB9, 0xFE, 0xB9, 0xFE, 0xF9, 0xFE, 0xFB, 0xFF,
    0xCF, 0xC4, 0x81, 0x48, 0xC2, 0x38, 0x81, 0x28, 0x61, 0x20, 0x40, 0x18, 0x40, 0x18, 0x20, 0x18,
    0x20, 0x18, 0x20, 0x10, 0x20, 0x18, 0x40, 0x18, 0x41, 0x20, 0x20, 0x20, 0xE7, 0x59, 0xE6, 0x61,
    0x41, 0x28, 0x61, 0x20, 0x61, 0x20, 0x61, 0x20, 0x60, 0x18, 0x40, 0x18, 0x40, 0x10, 0x40, 0x18,
    0x60, 0x18, 0x60, 0x18, 0x60, 0x18, 0x02, 0x31, 0x22, 0x39, 0x40, 0x18, 0x40, 0x10, 0xA1, 0x20,
    0x81, 0x18, 0x20, 0x08, 0x20, 0x00, 0x00, 0x00, 0x00, 0x00, 0x00, 0x00, 0x00, 0x00, 0x00, 0x00,
    0x00, 0x00, 0x00, 0x00, 0x00, 0x00, 0x00, 0x00, 0x00, 0x00, 0x00, 0x00, 0x00, 0x00, 0x00, 0x00,
    0x00, 0x00, 0x00, 0x00, 0x00, 0x00, 0x00, 0x00, 0x20, 0x08, 0x60, 0x18, 0xE1, 0x28, 0xA1, 0x20,
    0x21, 0x41, 0x64, 0x7A, 0xC7, 0xB3, 0x0A, 0xE5, 0xCC, 0xF5, 0x8E, 0xF6, 0x51, 0xFF, 0xCE, 0xFE,
    0xAF, 0xF6, 0x94, 0xFF, 0xCE, 0xD5, 0xC2, 0x61, 0x22, 0x41, 0xA0, 0x20, 0x60, 0x18, 0x40, 0x10,
    0x40, 0x10, 0x41, 0x10, 0x00, 0x10, 0x87, 0x41, 0x79, 0xDD, 0x76, 0xE4, 0x10, 0xC3, 0x0F, 0xC3,
    0x10, 0xC3, 0x92, 0xC3, 0x55, 0xD4, 0xF5, 0xE4, 0x74, 0xF5, 0x2D, 0xD3, 0x46, 0xA9, 0xA8, 0xA9,
    0x2A, 0xB2, 0x4B, 0xBA, 0x8C, 0xBA, 0xCD, 0xBA, 0x2E, 0xBB, 0x90, 0xC3, 0xF1, 0xCB, 0x92, 0xDC,
    0xF4, 0xEC, 0x4A, 0x9A, 0x4E, 0x93, 0xDB, 0xE6, 0x4E, 0x7B, 0x83, 0x28, 0x63, 0x20, 0x8A, 0x62,
    0x08, 0x72, 0x4E, 0xBB, 0xD3, 0xDC, 0x75, 0xF5, 0xD6, 0xF5, 0xD7, 0xFD, 0x38, 0xFE, 0x9A, 0xFE,
    0x7A, 0xFE, 0xF8, 0xFD, 0xD7, 0xFD, 0x17, 0xFE, 0x58, 0xFE, 0x78, 0xFE, 0xFA, 0xFE, 0xCE, 0xA3,
    0x00, 0x30, 0x00, 0x18, 0x41, 0x30, 0xCE, 0x9B, 0xBC, 0xFF, 0xF6, 0xF5, 0x99, 0xFE, 0xB9, 0xFE,
    0xFA, 0xFE, 0x3A, 0xFF, 0xFB, 0xFF, 0x8E, 0xC4, 0xA1, 0x48, 0xA2, 0x30, 0x81, 0x28, 0x41, 0x20,
    0x40, 0x18, 0x40, 0x18, 0x41, 0x18, 0x41, 0x18, 0x41, 0x20, 0x61, 0x28, 0x20, 0x20, 0x49, 0x72,
    0xD6, 0xFD, 0x97, 0xFE, 0x06, 0x6A, 0x41, 0x28, 0x20, 0x20, 0x00, 0x18, 0x61, 0x20, 0x40, 0x18,
    0xC1, 0x28, 0x23, 0x39, 0x60, 0x18, 0xE2, 0x30, 0xC1, 0x28, 0x22, 0x39, 0xA1, 0x28, 0xE1, 0x30,
    0xA0, 0x20, 0xA1, 0x20, 0x80, 0x18, 0x40, 0x10, 0x20, 0x08, 0x00, 0x00, 0x00, 0x00, 0x00, 0x00,
    0x00, 0x00, 0x00, 0x00, 0x00, 0x00, 0x00, 0x00, 0x00, 0x00, 0x00, 0x00, 0x00, 0x00, 0x00, 0x00,
    0x00, 0x00, 0x00, 0x00, 0x00, 0x00, 0x00, 0x00, 0x00, 0x00, 0x00, 0x00, 0x00, 0x08, 0x20, 0x08,
    0x20, 0x10, 0x80, 0x20, 0xE1, 0x30, 0x22, 0x41, 0xC3, 0x59, 0x06, 0x93, 0x6C, 0xE5, 0x2D, 0xF6,
    0x2D, 0xF6, 0xCC, 0xF5, 0x4A, 0xED, 0x6A, 0xED, 0x4E, 0xF6, 0x64, 0x72, 0x01, 0x39, 0xE1, 0x30,
    0x60, 0x18, 0x40, 0x10, 0x20, 0x10, 0x20, 0x10, 0x41, 0x10, 0x00, 0x08, 0x47, 0x41, 0x17, 0xCD,
    0xF7, 0xE4, 0x51, 0xCB, 0x92, 0xCB, 0x56, 0xD4, 0xB5, 0xDC, 0xF4, 0xEC, 0x14, 0xF5, 0x4F, 0xD3,
    0x8C, 0xC2, 0x8C, 0xBA, 0x6C, 0xBA, 0x8B, 0xBA, 0xAD, 0xBA, 0xEE, 0xBA, 0x4F, 0xC3, 0xB0, 0xCB,
    0x11, 0xD4, 0xB3, 0xE4, 0xF0, 0xD3, 0x29, 0x82, 0x18, 0xD6, 0x93, 0xA4, 0x83, 0x30, 0x83, 0x18,
    0x43, 0x08, 0x35, 0xAD, 0xEC, 0x7A, 0x6B, 0x9A, 0xB3, 0xDC, 0x55, 0xED, 0x96, 0xF5, 0xF8, 0xF5,
    0x39, 0xFE, 0x97, 0xFD, 0x14, 0xFD, 0x14, 0xFD, 0x75, 0xFD, 0xB5, 0xFD, 0xF6, 0xFD, 0x17, 0xFE,
    0x58, 0xFE, 0x1A, 0xFF, 0x32, 0xCD, 0x44, 0x59, 0xC7, 0x79, 0x54, 0xD5, 0x1B, 0xFF, 0x78, 0xFE,
    0x58, 0xFE, 0x58, 0xFE, 0x58, 0xFE, 0x98, 0xFE, 0x39, 0xFF, 0xFB, 0xFF, 0x2D, 0xBC, 0xA1, 0x40,
    0xA2, 0x30, 0x61, 0x28, 0x41, 0x20, 0x41, 0x20, 0x20, 0x18, 0x41, 0x28, 0x20, 0x20, 0x41, 0x28,
    0xE3, 0x40, 0xD3, 0xEC, 0x50, 0xFC, 0xB4, 0xFD, 0xE9, 0x8A, 0x00, 0x28, 0x48, 0x72, 0x89, 0x7A,
    0x61, 0x28, 0x40, 0x18, 0xA1, 0x28, 0xE2, 0x30, 0x40, 0x18, 0xA1, 0x28, 0xA1, 0x28, 0xC1, 0x30,
    0x01, 0x39, 0x62, 0x49, 0x04, 0x62, 0x42, 0x41, 0xA1, 0x20, 0x60, 0x10, 0x20, 0x08, 0x20, 0x00,
    0x00, 0x00, 0x00, 0x00, 0x00, 0x00, 0x00, 0x00, 0x00, 0x00, 0x00, 0x00, 0x00, 0x00, 0x00, 0x00,
    0x00, 0x00, 0x00, 0x00, 0x00, 0x00, 0x00, 0x00, 0x00, 0x00, 0x00, 0x00, 0x00, 0x00, 0x00, 0x00,
    0x00, 0x00, 0x20, 0x08, 0x40, 0x10, 0x60, 0x18, 0x80, 0x20, 0xE1, 0x30, 0x62, 0x49, 0xE3, 0x61,
    0x29, 0xBC, 0x8B, 0xED, 0xAB, 0xF5, 0xE7, 0xBB, 0xE5, 0x92, 0xA5, 0x8A, 0x84, 0x82, 0x62, 0x49,
    0x01, 0x39, 0x86, 0x6A, 0x40, 0x10, 0x20, 0x10, 0x20, 0x08, 0x20, 0x08, 0x20, 0x08, 0x41, 0x10,
    0x00, 0x08, 0xA3, 0x20, 0x13, 0xA4, 0x79, 0xE5, 0xD7, 0xDC, 0x95, 0xD4, 0x32, 0xE4, 0x10, 0xDC,
    0x8C, 0x7A, 0x2F, 0x8B, 0xF7, 0xD4, 0xF3, 0xD3, 0x0F, 0xC3, 0xCE, 0xBA, 0xEE, 0xBA, 0x0E, 0xBB,
    0x8F, 0xC3, 0xF1, 0xCB, 0x31, 0xD4, 0xB3, 0xE4, 0x2D, 0xBB, 0xEC, 0x92, 0xF8, 0xCD, 0x8E, 0x93,
    0xA3, 0x38, 0x41, 0x08, 0x41, 0x10, 0xC4, 0x20, 0x82, 0x28, 0xAC, 0x9A, 0x93, 0xDC, 0x15, 0xE5,
    0xB7, 0xED, 0xB8, 0xED, 0xD5, 0xF4, 0x72, 0xFC, 0xB2, 0xFC, 0xD2, 0xFC, 0xF3, 0xFC, 0x13, 0xFD,
    0x34, 0xFD, 0x74, 0xFD, 0x75, 0xFD, 0x95, 0xFD, 0x58, 0xFE, 0x56, 0xF6, 0x57, 0xF6, 0x9A, 0xFE,
    0x38, 0xFE, 0xF7, 0xFD, 0x96, 0xFD, 0x95, 0xFD, 0xB6, 0xFD, 0xF6, 0xFD, 0x57, 0xFE, 0x59, 0xFF,
    0xDA, 0xFF, 0x29, 0xA3, 0x81, 0x38, 0x82, 0x30, 0x61, 0x28, 0x20, 0x20, 0xE7, 0x61, 0xF2, 0xD4,
    0x70, 0xB4, 0x81, 0x38, 0xAB, 0x82, 0x75, 0xFD, 0xB2, 0xFC, 0x93, 0xFD, 0x06, 0x72, 0x2C, 0x9B,
    0x95, 0xFD, 0xB8, 0xFE, 0x0A, 0x8B, 0x00, 0x20, 0x61, 0x20, 0x40, 0x18, 0x60, 0x18, 0x81, 0x20,
    0xE1, 0x30, 0x07, 0x83, 0x47, 0x8B, 0x29, 0xAC, 0xD3, 0xF6, 0x03, 0x62, 0xE1, 0x30, 0x80, 0x20,
    0x40, 0x10, 0x20, 0x08, 0x00, 0x00, 0x00, 0x00, 0x00, 0x00, 0x00, 0x00, 0x00, 0x00, 0x00, 0x00,
    0x00, 0x00, 0x00, 0x00, 0x00, 0x00, 0x00, 0x00, 0x00, 0x00, 0x00, 0x00, 0x00, 0x00, 0x00, 0x00,
    0x00, 0x00, 0x00, 0x00, 0x00, 0x00, 0x20, 0x08, 0x40, 0x10, 0x60, 0x18, 0x80, 0x20, 0xC1, 0x28,
    0x01, 0x39, 0x42, 0x49, 0x26, 0x9B, 0x8B, 0xF5, 0xE7, 0xB3, 0xC2, 0x61, 0xA2, 0x59, 0x82, 0x51,
    0x01, 0x39, 0xC1, 0x30, 0x80, 0x20, 0x40, 0x18, 0x40, 0x10, 0x20, 0x08, 0x20, 0x08, 0x20, 0x08,
    0x20, 0x08, 0x20, 0x08, 0x21, 0x10, 0x01, 0x08, 0x21, 0x10, 0x4F, 0x83, 0xBB, 0xF5, 0xD2, 0xDB,
    0x11, 0xE4, 0x87, 0x59, 0x00, 0x00, 0x26, 0x39, 0x1B, 0xE6, 0xB7, 0xE4, 0x92, 0xCB, 0x30, 0xC3,
    0x2F, 0xC3, 0x4F, 0xC3, 0xB0, 0xCB, 0x31, 0xD4, 0x72, 0xDC, 0x92, 0xDC, 0xCF, 0xCB, 0x4E, 0xA3,
    0x35, 0xBD, 0xAF, 0x9B, 0x24, 0x61, 0x00, 0x08, 0x00, 0x10, 0x00, 0x08, 0x62, 0x28, 0xB0, 0xB3,
    0xD4, 0xDC, 0xF5, 0xDC, 0xD6, 0xDC, 0x54, 0xE4, 0x31, 0xF4, 0x71, 0xFC, 0x50, 0xF4, 0x51, 0xF4,
    0x91, 0xFC, 0xB2, 0xFC, 0xD2, 0xFC, 0x54, 0xFD, 0x50, 0xFC, 0xEB, 0xEA, 0x50, 0xFC, 0x95, 0xFD,
    0xD8, 0xFE, 0xB9, 0xFE, 0x18, 0xFE, 0x96, 0xFD, 0x75, 0xFD, 0x35, 0xFD, 0x55, 0xFD, 0x95, 0xFD,
    0xF6, 0xFD, 0x96, 0xFE, 0xBA, 0xFF, 0xD6, 0xF6, 0x43, 0x61, 0x81, 0x30, 0x82, 0x30, 0x20, 0x20,
    0xEA, 0xAA, 0x91, 0xFC, 0x37, 0xFE, 0x11, 0xCD, 0xD3, 0xDC, 0x34, 0xFD, 0xB5, 0xFD, 0x73, 0xF5,
    0xEE, 0xC3, 0x95, 0xFD, 0x50, 0xFC, 0xF1, 0xFC, 0x29, 0x93, 0x20, 0x20, 0x81, 0x28, 0x60, 0x20,
    0x60, 0x20, 0xA1, 0x28, 0xE1, 0x30, 0x49, 0xB4, 0x74, 0xFF, 0xD8, 0xFF, 0xD7, 0xFF, 0xA8, 0x9B,
    0x42, 0x41, 0xC1, 0x28, 0x40, 0x10, 0x20, 0x08, 0x00, 0x00, 0x00, 0x00, 0x00, 0x00, 0x00, 0x00,
    0x00, 0x00, 0x00, 0x00, 0x00, 0x00, 0x00, 0x00, 0x00, 0x00, 0x00, 0x00, 0x00, 0x00, 0x00, 0x00,
    0x00, 0x00, 0x00, 0x00, 0x00, 0x00, 0x00, 0x00, 0x00, 0x00, 0x40, 0x08, 0x00, 0x00, 0x27, 0x83,
    0xE7, 0xA3, 0x40, 0x18, 0xE1, 0x28, 0x01, 0x39, 0xC3, 0x61, 0x05, 0x93, 0xA2, 0x59, 0x21, 0x41,
    0x21, 0x41, 0x01, 0x39, 0xA0, 0x28, 0x80, 0x20, 0x60, 0x18, 0x40, 0x10, 0x20, 0x10, 0x20, 0x08,
    0x20, 0x08, 0x20, 0x08, 0x20, 0x08, 0x20, 0x08, 0x20, 0x08, 0x21, 0x10, 0x00, 0x08, 0x83, 0x20,
    0x34, 0xB4, 0x2F, 0xAB, 0x26, 0x49, 0x21, 0x10, 0x21, 0x10, 0xAD, 0x72, 0xDE, 0xFE, 0xF7, 0xDC,
    0x14, 0xD4, 0x91, 0xCB, 0x70, 0xC3, 0xD1, 0xCB, 0x72, 0xDC, 0x14, 0xE5, 0x96, 0xF5, 0xB6, 0xF5,
    0x34, 0xED, 0xF0, 0xC3, 0x93, 0xCC, 0xB3, 0xCC, 0x0F, 0xCC, 0xCA, 0x8A, 0x65, 0x51, 0x45, 0x49,
    0xED, 0x92, 0x93, 0xD4, 0x94, 0xD4, 0x33, 0xCC, 0xD2, 0xCB, 0xB0, 0xE3, 0x51, 0xF4, 0x51, 0xF4,
    0x8A, 0xDA, 0x8A, 0xDA, 0x30, 0xF4, 0x91, 0xFC, 0x92, 0xFC, 0x75, 0xFD, 0x28, 0xC2, 0x01, 0xB0,
    0x6A, 0xEA, 0xB2, 0xFC, 0xB5, 0xFD, 0xD9, 0xFE, 0x59, 0xFE, 0xB6, 0xFD, 0x35, 0xFD, 0x35, 0xFD,
    0x35, 0xFD, 0x55, 0xFD, 0xB5, 0xFD, 0x36, 0xFE, 0xD6, 0xFE, 0xFA, 0xFF, 0xEC, 0xB3, 0x41, 0x38,
    0xA2, 0x38, 0x41, 0x28, 0xE6, 0x81, 0x2B, 0xFB, 0xEF, 0xF3, 0xB5, 0xFD, 0x17, 0xFE, 0xB6, 0xFD,
    0x58, 0xFE, 0x98, 0xFE, 0xF6, 0xFD, 0x53, 0xFD, 0x53, 0xFD, 0x8F, 0xEC, 0xA2, 0x40, 0x00, 0x20,
    0x41, 0x28, 0x61, 0x20, 0x61, 0x20, 0xA1, 0x28, 0x01, 0x39, 0xA5, 0x7A, 0x6F, 0xF6, 0x75, 0xFF,
    0x54, 0xFF, 0x53, 0xFF, 0xA8, 0x9B, 0xA0, 0x20, 0x60, 0x10, 0x20, 0x08, 0x00, 0x00, 0x00, 0x00,
    0x00, 0x00, 0x00, 0x00, 0x00, 0x00, 0x00, 0x00, 0x00, 0x00, 0x00, 0x00, 0x00, 0x00, 0x00, 0x00,
    0x00, 0x00, 0x00, 0x00, 0x00, 0x00, 0x00, 0x00, 0x00, 0x00, 0x00, 0x00, 0x20, 0x08, 0x40, 0x08,
    0x20, 0x08, 0x22, 0x39, 0xA3, 0x51, 0x80, 0x20, 0x60, 0x20, 0xC1, 0x28, 0xE1, 0x30, 0xC1, 0x30,
    0xE1, 0x30, 0xC1, 0x28, 0xA0, 0x20, 0x80, 0x20, 0x60, 0x18, 0x40, 0x18, 0x40, 0x10, 0x20, 0x10,
    0x20, 0x10, 0x20, 0x10, 0x20, 0x10, 0x00, 0x08, 0x20, 0x10, 0x20, 0x10, 0x20, 0x08, 0x20, 0x08,
    0x21, 0x10, 0x21, 0x10, 0x42, 0x10, 0x21, 0x08, 0x01, 0x08, 0x62, 0x18, 0x21, 0x10, 0xF2, 0x9B,
    0xDE, 0xFE, 0x18, 0xE5, 0x75, 0xD4, 0x13, 0xCC, 0x32, 0xD4, 0xB3, 0xDC, 0x55, 0xED, 0xF7, 0xFD,
    0x38, 0xFE, 0x58, 0xFE, 0x38, 0xFE, 0xD7, 0xFD, 0xD7, 0xFD, 0x17, 0xFE, 0x38, 0xFE, 0x59, 0xFE,
    0x59, 0xFE, 0xD7, 0xF5, 0x15, 0xE5, 0x32, 0xCC, 0xB1, 0xBB, 0xB2, 0xBB, 0x50, 0xCB, 0xCF, 0xEB,
    0x71, 0xF4, 0x6D, 0xE3, 0x00, 0x78, 0xC4, 0xA8, 0x8E, 0xEB, 0x71, 0xF4, 0x71, 0xF4, 0x54, 0xFD,
    0x49, 0xBA, 0x00, 0x88, 0x66, 0xC9, 0x10, 0xF4, 0x13, 0xFD, 0x56, 0xFE, 0x99, 0xFE, 0xB6, 0xFD,
    0x55, 0xFD, 0x35, 0xFD, 0x34, 0xFD, 0x34, 0xFD, 0x34, 0xFD, 0xB4, 0xFD, 0x35, 0xFE, 0x58, 0xFF,
    0x95, 0xF6, 0x23, 0x59, 0xA2, 0x38, 0x61, 0x28, 0xA6, 0x61, 0xAD, 0xFB, 0x6D, 0xEB, 0x53, 0xFD,
    0x78, 0xFE, 0x38, 0xFE, 0xB5, 0xFD, 0x17, 0xFE, 0x98, 0xFE, 0x16, 0xFE, 0x73, 0xFD, 0xE9, 0x9A,
    0xC6, 0x69, 0x2B, 0x8B, 0x24, 0x49, 0x40, 0x20, 0x61, 0x20, 0xA1, 0x28, 0x01, 0x39, 0x89, 0xC4,
    0x0C, 0xFE, 0x0C, 0xF6, 0xCB, 0xED, 0x07, 0xB4, 0xE3, 0x61, 0xA0, 0x20, 0x81, 0x20, 0x40, 0x10,
    0x20, 0x00, 0x00, 0x00, 0x00, 0x00, 0x00, 0x00, 0x00, 0x00, 0x00, 0x00, 0x00, 0x00, 0x00, 0x00,
    0x00, 0x00, 0x00, 0x00, 0x00, 0x00, 0x00, 0x00, 0x00, 0x00, 0x00, 0x00, 0x00, 0x00, 0x20, 0x00,
    0x20, 0x08, 0x40, 0x10, 0x40, 0x10, 0x20, 0x08, 0x00, 0x08, 0xC1, 0x28, 0x85, 0x6A, 0xE1, 0x30,
    0x60, 0x18, 0x60, 0x18, 0x80, 0x20, 0x80, 0x18, 0x60, 0x18, 0x60, 0x18, 0x40, 0x10, 0x40, 0x10,
    0x20, 0x10, 0x20, 0x10, 0x20, 0x10, 0x20, 0x10, 0x20, 0x10, 0xE4, 0x30, 0x21, 0x18, 0x00, 0x10,
    0x21, 0x10, 0x21, 0x10, 0x21, 0x10, 0x21, 0x10, 0x21, 0x10, 0x21, 0x10, 0x42, 0x10, 0x62, 0x10,
    0xA4, 0x28, 0x98, 0xCD, 0x9D, 0xFE, 0x39, 0xE5, 0xB6, 0xDC, 0x95, 0xD4, 0xD4, 0xDC, 0x35, 0xED,
    0x56, 0xF5, 0x55, 0xF5, 0x14, 0xF5, 0xB3, 0xF4, 0xB3, 0xFC, 0xF4, 0xFC, 0x35, 0xFD, 0x75, 0xFD,
    0x96, 0xFD, 0xD7, 0xFD, 0xF7, 0xFD, 0x76, 0xED, 0x73, 0xD4, 0x70, 0xBB, 0x10, 0xAB, 0x10, 0xB3,
    0xED, 0xCA, 0xEF, 0xEB, 0xD3, 0xFC, 0x29, 0xBA, 0x00, 0x58, 0xC4, 0xA0, 0x6E, 0xEB, 0x51, 0xF4,
    0x50, 0xF4, 0xF3, 0xFC, 0x91, 0xEC, 0x62, 0x98, 0x05, 0xB9, 0x10, 0xF4, 0xF3, 0xFC, 0xB4, 0xFD,
    0x78, 0xFE, 0x95, 0xFD, 0x34, 0xFD, 0xF4, 0xFC, 0x14, 0xFD, 0x14, 0xFD, 0xF3, 0xFC, 0x33, 0xFD,
    0x94, 0xFD, 0x75, 0xFE, 0x99, 0xFF, 0xC8, 0x92, 0x81, 0x38, 0x41, 0x28, 0x48, 0x7A, 0x4F, 0xFC,
    0xEF, 0xF3, 0x95, 0xFD, 0x58, 0xFE, 0x78, 0xFE, 0xB5, 0xFD, 0x54, 0xFD, 0xF6, 0xFD, 0x78, 0xFE,
    0x36, 0xFE, 0x12, 0xDD, 0x33, 0xFD, 0x57, 0xFE, 0x8F, 0xC4, 0x20, 0x20, 0x81, 0x20, 0xA1, 0x20,
    0x01, 0x39, 0xE5, 0x8A, 0x05, 0x93, 0xA9, 0xD4, 0x6B, 0xED, 0x82, 0x51, 0xC1, 0x30, 0x80, 0x20,
    0x60, 0x18, 0x40, 0x08, 0x00, 0x00, 0x00, 0x00, 0x00, 0x00, 0x00, 0x00, 0x00, 0x00, 0x00, 0x00,
    0x00, 0x00, 0x00, 0x00, 0x00, 0x00, 0x00, 0x00, 0x00, 0x00, 0x00, 0x00, 0x00, 0x00, 0x00, 0x00,
    0x00, 0x00, 0x00, 0x00, 0x83, 0x41, 0x2B, 0x9C, 0xE1, 0x28, 0x40, 0x10, 0xE2, 0x28, 0x02, 0x31,
    0x65, 0x62, 0xA1, 0x28, 0xC1, 0x28, 0x43, 0x31, 0x60, 0x18, 0x43, 0x39, 0x20, 0x10, 0x40, 0x10,
    0x20, 0x10, 0x20, 0x10, 0x20, 0x10, 0x41, 0x10, 0x41, 0x18, 0x00, 0x10, 0x6A, 0x7A, 0x14, 0xF5,
    0x71, 0xC4, 0x82, 0x28, 0x21, 0x18, 0x41, 0x18, 0x41, 0x18, 0x00, 0x08, 0x00, 0x08, 0x41, 0x10,
    0x42, 0x10, 0x21, 0x10, 0xA8, 0x49, 0xBD, 0xF6, 0x5C, 0xF6, 0x79, 0xE5, 0xF7, 0xDC, 0xD6, 0xDC,
    0xF5, 0xE4, 0xD4, 0xE4, 0x73, 0xEC, 0x32, 0xEC, 0xF0, 0xF3, 0xF0, 0xF3, 0xF0, 0xF3, 0x31, 0xF4,
    0x92, 0xFC, 0xF4, 0xFC, 0x55, 0xFD, 0x96, 0xFD, 0x96, 0xF5, 0xF4, 0xE4, 0xF1, 0xCB, 0xEE, 0xAA,
    0xCF, 0xA2, 0xAE, 0xAA, 0xAC, 0xCA, 0xEF, 0xEB, 0x34, 0xFD, 0xAA, 0xC2, 0x00, 0x68, 0x67, 0xB1,
    0xCF, 0xEB, 0x30, 0xF4, 0x30, 0xF4, 0x51, 0xF4, 0x95, 0xFD, 0xB2, 0xEC, 0x10, 0xEC, 0xD3, 0xFC,
    0xB2, 0xFC, 0x33, 0xFD, 0xF6, 0xFD, 0x13, 0xF5, 0xF3, 0xFC, 0xD3, 0xFC, 0xF3, 0xFC, 0xD2, 0xFC,
    0xB2, 0xFC, 0xD2, 0xFC, 0x53, 0xFD, 0xF4, 0xFD, 0x99, 0xFF, 0x2D, 0xBC, 0x40, 0x30, 0xA2, 0x38,
    0x8C, 0xAB, 0x2F, 0xFC, 0xAE, 0xEB, 0xF3, 0xF4, 0xB5, 0xFD, 0xF6, 0xFD, 0xB5, 0xFD, 0x54, 0xF5,
    0x75, 0xFD, 0xF6, 0xFD, 0x37, 0xFE, 0x74, 0xFD, 0x0F, 0xEC, 0xEE, 0xFB, 0x29, 0xAB, 0x20, 0x18,
    0x81, 0x20, 0x40, 0x18, 0xA0, 0x20, 0xA1, 0x28, 0xE1, 0x38, 0xC3, 0x61, 0x05, 0x8B, 0x01, 0x39,
    0xA1, 0x20, 0x60, 0x18, 0x40, 0x10, 0x20, 0x08, 0xE2, 0x20, 0x40, 0x08, 0x00, 0x00, 0x00, 0x00,
    0x00, 0x00, 0x00, 0x00, 0x00, 0x00, 0x00, 0x00, 0x00, 0x00, 0x00, 0x00, 0x00, 0x00, 0x00, 0x00,
    0x00, 0x00, 0x00, 0x00, 0x00, 0x00, 0x00, 0x00, 0x83, 0x41, 0x8B, 0xAC, 0x01, 0x31, 0x40, 0x10,
    0x02, 0x31, 0x02, 0x31, 0x20, 0x08, 0xA1, 0x20, 0x22, 0x39, 0x81, 0x20, 0x20, 0x08, 0x40, 0x08,
    0x20, 0x10, 0x20, 0x10, 0x20, 0x08, 0x20, 0x10, 0x20, 0x10, 0x00, 0x08, 0x00, 0x10, 0x62, 0x20,
    0x2E, 0xC3, 0xAF, 0xFB, 0xF6, 0xFD, 0x30, 0xB4, 0x00, 0x18, 0x61, 0x20, 0x00, 0x10, 0x66, 0x41,
    0xE8, 0x61, 0x62, 0x18, 0x62, 0x18, 0x21, 0x10, 0x8C, 0x6A, 0x1E, 0xFF, 0x5C, 0xF6, 0x9A, 0xE5,
    0x18, 0xDD, 0xD6, 0xDC, 0x94, 0xDC, 0x32, 0xDC, 0xB0, 0xE3, 0x6F, 0xE3, 0x6E, 0xEB, 0x8F, 0xEB,
    0xAF, 0xF3, 0xCF, 0xF3, 0x31, 0xF4, 0xD3, 0xFC, 0x34, 0xFD, 0x75, 0xFD, 0x35, 0xF5, 0x72, 0xDC,
    0x2E, 0xB3, 0x4B, 0x9A, 0x6D, 0xA2, 0x4C, 0xA2, 0x4A, 0xC2, 0xCF, 0xE3, 0xB2, 0xFC, 0x34, 0xF5,
    0xCC, 0xCA, 0x6E, 0xE3, 0x0F, 0xEC, 0x10, 0xF4, 0x10, 0xF4, 0x30, 0xF4, 0x91, 0xFC, 0x95, 0xFD,
    0xD6, 0xFD, 0xD2, 0xFC, 0x50, 0xFC, 0x12, 0xFD, 0x91, 0xEC, 0x0F, 0xEC, 0x70, 0xEC, 0x92, 0xF4,
    0x92, 0xFC, 0xB2, 0xFC, 0x71, 0xFC, 0xB1, 0xFC, 0x13, 0xFD, 0x94, 0xFD, 0x38, 0xFF, 0x6E, 0xBC,
    0xA6, 0x61, 0xB7, 0xD5, 0x34, 0xE5, 0x4C, 0xEB, 0x2D, 0xE3, 0x30, 0xEC, 0xF3, 0xF4, 0x74, 0xF5,
    0x74, 0xFD, 0x95, 0xFD, 0xF7, 0xFD, 0xD6, 0xFD, 0xB6, 0xFD, 0x71, 0xEC, 0xED, 0xF3, 0xC9, 0xAA,
    0x81, 0x30, 0x61, 0x20, 0x40, 0x18, 0x45, 0x62, 0xE1, 0x30, 0x80, 0x20, 0xE1, 0x30, 0xC1, 0x28,
    0x80, 0x20, 0xA0, 0x28, 0x60, 0x18, 0x40, 0x10, 0x40, 0x10, 0x00, 0x00, 0x63, 0x39, 0x81, 0x18,
    0x00, 0x00, 0x00, 0x00, 0x00, 0x00, 0x00, 0x00, 0x00, 0x00, 0x00, 0x00, 0x00, 0x00, 0x00, 0x00,
    0x00, 0x00, 0x00, 0x00, 0x00, 0x00, 0x00, 0x00, 0x00, 0x00, 0x20, 0x00, 0x40, 0x10, 0x60, 0x18,
    0x80, 0x18, 0xA1, 0x20, 0xC1, 0x28, 0x01, 0x31, 0xC1, 0x20, 0x60, 0x18, 0x80, 0x18, 0x40, 0x10,
    0x40, 0x10, 0x60, 0x10, 0x20, 0x10, 0x20, 0x08, 0x20, 0x10, 0x20, 0x10, 0x82, 0x20, 0x49, 0x6A,
    0x66, 0x51, 0x00, 0x10, 0x2A, 0x92, 0x0C, 0xF3, 0x71, 0xF4, 0x57, 0xFE, 0x69, 0x7A, 0x00, 0x08,
    0x2A, 0x6A, 0xD5, 0xF4, 0xF7, 0xFD, 0xCB, 0x82, 0x21, 0x10, 0x22, 0x18, 0xB1, 0x93, 0x3F, 0xFF,
    0x3B, 0xEE, 0xBA, 0xE5, 0x38, 0xE5, 0x95, 0xDC, 0xF2, 0xD3, 0x70, 0xD3, 0x2E, 0xDB, 0x0D, 0xDB,
    0x0D, 0xE3, 0x2E, 0xE3, 0x6E, 0xEB, 0xAF, 0xEB, 0xF0, 0xF3, 0x72, 0xF4, 0xD3, 0xF4, 0x14, 0xF5,
    0xD3, 0xEC, 0xD0, 0xCB, 0x6B, 0xA2, 0xC9, 0x91, 0x0B, 0x9A, 0x2C, 0xA2, 0xC9, 0xB1, 0x4D, 0xDB,
    0x10, 0xEC, 0x13, 0xFD, 0x54, 0xFD, 0x30, 0xEC, 0xEF, 0xEB, 0xEF, 0xEB, 0xEF, 0xEB, 0xEF, 0xEB,
    0x10, 0xF4, 0x50, 0xF4, 0x71, 0xF4, 0xEF, 0xF3, 0xCE, 0xF3, 0x2B, 0xCB, 0xE8, 0xB9, 0x2C, 0xD3,
    0xCE, 0xDB, 0x30, 0xEC, 0x71, 0xF4, 0x91, 0xFC, 0x92, 0xFC, 0xB2, 0xFC, 0x13, 0xFD, 0x74, 0xFD,
    0xB7, 0xFE, 0xCF, 0xD4, 0x72, 0xC4, 0xD9, 0xD5, 0xD9, 0xC5, 0xF1, 0xCB, 0xEC, 0xD2, 0x8E, 0xDB,
    0x50, 0xE4, 0xD2, 0xEC, 0x34, 0xF5, 0x95, 0xFD, 0xF6, 0xFD, 0x17, 0xFE, 0x75, 0xFD, 0x11, 0xFD,
    0x87, 0x8A, 0x61, 0x20, 0x61, 0x20, 0x61, 0x20, 0x60, 0x18, 0x02, 0x31, 0x80, 0x20, 0x02, 0x31,
    0xE1, 0x30, 0x80, 0x20, 0xA1, 0x20, 0x60, 0x18, 0xC6, 0x72, 0x65, 0x62, 0x20, 0x08, 0x20, 0x08,
    0x00, 0x00, 0x00, 0x00, 0x00, 0x00, 0x00, 0x00, 0x00, 0x00, 0x00, 0x00, 0x00, 0x00, 0x00, 0x00,
    0x00, 0x00, 0x00, 0x00, 0x00, 0x00, 0x00, 0x00, 0x00, 0x00, 0x00, 0x00, 0x00, 0x00, 0x00, 0x00,
    0x40, 0x08, 0x60, 0x10, 0xA1, 0x20, 0xE1, 0x30, 0xC3, 0x51, 0x24, 0x62, 0x22, 0x39, 0xE6, 0x72,
    0xE1, 0x28, 0x40, 0x10, 0x80, 0x18, 0x29, 0xA4, 0x81, 0x18, 0x00, 0x08, 0x20, 0x10, 0x20, 0x08,
    0x0E, 0x9B, 0xD4, 0xFC, 0xD6, 0xFD, 0x8D, 0x9B, 0x67, 0x61, 0xAC, 0xE2, 0xEF, 0xF3, 0x95, 0xFD,
    0xF6, 0xF5, 0x08, 0x62, 0x90, 0xCB, 0xD0, 0xF3, 0xF3, 0xFC, 0xAB, 0x92, 0x21, 0x10, 0x63, 0x20,
    0xB5, 0xB4, 0x1F, 0xFF, 0x1B, 0xEE, 0x9A, 0xE5, 0x18, 0xDD, 0x34, 0xD4, 0x71, 0xCB, 0xEE, 0xCA,
    0xAD, 0xD2, 0xAC, 0xD2, 0xCC, 0xDA, 0xEC, 0xE2, 0x2D, 0xE3, 0x8E, 0xEB, 0xCF, 0xEB, 0x30, 0xEC,
    0x92, 0xF4, 0xB2, 0xEC, 0x10, 0xD4, 0xCC, 0xB2, 0xC8, 0x91, 0x88, 0x89, 0xC9, 0x91, 0x0B, 0x9A,
    0x88, 0xA1, 0xE8, 0xC1, 0x6D, 0xDB, 0xEF, 0xE3, 0xEF, 0xEB, 0xEF, 0xEB, 0xCF, 0xE3, 0xCF, 0xE3,
    0xAE, 0xE3, 0xAE, 0xE3, 0xAE, 0xEB, 0x8E, 0xEB, 0x6D, 0xEB, 0x2C, 0xEB, 0xEB, 0xD2, 0x25, 0xA1,
    0x25, 0xA9, 0x8A, 0xCA, 0x8D, 0xD3, 0xEF, 0xE3, 0x71, 0xEC, 0xD2, 0xF4, 0xD2, 0xFC, 0xF2, 0xFC,
    0x53, 0xFD, 0x95, 0xFD, 0x57, 0xFE, 0xF5, 0xED, 0xB5, 0xCC, 0x95, 0xB4, 0x17, 0xA5, 0x1B, 0xB6,
    0xD4, 0xD4, 0xCF, 0xDB, 0x30, 0xE4, 0x92, 0xEC, 0xD3, 0xF4, 0x34, 0xF5, 0x54, 0xF5, 0x54, 0xF5,
    0x94, 0xFD, 0xCF, 0xCC, 0x40, 0x20, 0x61, 0x20, 0x61, 0x20, 0x60, 0x20, 0x60, 0x18, 0xE1, 0x30,
    0xA1, 0x28, 0x02, 0x31, 0x60, 0x18, 0x80, 0x20, 0x80, 0x20, 0x80, 0x20, 0x2A, 0xA4, 0xA8, 0x93,
    0x40, 0x10, 0x20, 0x08, 0x20, 0x08, 0x00, 0x00, 0x00, 0x00, 0x00, 0x00, 0x00, 0x00, 0x00, 0x00,
    0x00, 0x00, 0x00, 0x00, 0x00, 0x00, 0x00, 0x00, 0x00, 0x00, 0x00, 0x00, 0x00, 0x00, 0x00, 0x00,
    0x00, 0x00, 0x00, 0x00, 0x20, 0x08, 0x60, 0x10, 0xC1, 0x28, 0x42, 0x49, 0xC8, 0xA3, 0xEB, 0xC4,
    0x03, 0x62, 0xC3, 0x51, 0xC1, 0x28, 0x40, 0x10, 0x40, 0x10, 0xA1, 0x20, 0x20, 0x08, 0x00, 0x08,
    0x20, 0x10, 0x21, 0x10, 0x6B, 0xA2, 0xEC, 0xEA, 0x50, 0xF4, 0xF6, 0xFD, 0xF3, 0xE4, 0x6F, 0xDB,
    0xB2, 0xF4, 0xD6, 0xFD, 0xF6, 0xFD, 0x73, 0xEC, 0x8B, 0xCA, 0x0C, 0xDB, 0x10, 0xFC, 0xC8, 0x69,
    0x21, 0x10, 0xA4, 0x30, 0x57, 0xC5, 0xFE, 0xFE, 0xFB, 0xED, 0x79, 0xE5, 0xD7, 0xDC, 0xF4, 0xD3,
    0x0F, 0xC3, 0x8D, 0xC2, 0x6C, 0xCA, 0x8B, 0xCA, 0x8B, 0xD2, 0xAC, 0xDA, 0xEC, 0xDA, 0x4D, 0xE3,
    0xAE, 0xE3, 0x10, 0xEC, 0x71, 0xEC, 0x51, 0xE4, 0x6E, 0xC3, 0xC8, 0x91, 0x05, 0x79, 0xA7, 0x91,
    0xC8, 0x91, 0xC9, 0x91, 0xC9, 0x91, 0x47, 0x99, 0xC8, 0xB9, 0x8A, 0xCA, 0xEB, 0xD2, 0x0C, 0xDB,
    0xEB, 0xDA, 0xCB, 0xDA, 0x8A, 0xD2, 0x8A, 0xD2, 0x6A, 0xD2, 0x6A, 0xD2, 0x69, 0xCA, 0x28, 0xBA,
    0x30, 0xE4, 0x4D, 0xD3, 0x08, 0xBA, 0x8A, 0xC2, 0x6D, 0xD3, 0xEF, 0xE3, 0x71, 0xEC, 0xD2, 0xF4,
    0x13, 0xF5, 0x33, 0xFD, 0x74, 0xFD, 0xB5, 0xFD, 0x57, 0xFE, 0xD8, 0xDD, 0xD3, 0x9B, 0xF3, 0x93,
    0x55, 0x8C, 0x38, 0x9D, 0x5B, 0xB6, 0xD8, 0xD5, 0xD2, 0xE4, 0x91, 0xEC, 0x51, 0xEC, 0x51, 0xEC,
    0x91, 0xEC, 0x91, 0xF4, 0xF3, 0xFD, 0x46, 0x72, 0x40, 0x20, 0x81, 0x20, 0x60, 0x20, 0x60, 0x18,
    0xC1, 0x28, 0x04, 0x5A, 0xC1, 0x30, 0xC3, 0x51, 0x25, 0x5A, 0x60, 0x20, 0xA1, 0x20, 0x80, 0x18,
    0xA0, 0x28, 0x80, 0x20, 0x20, 0x08, 0x40, 0x08, 0x00, 0x00, 0x00, 0x00, 0x00, 0x00, 0x00, 0x00,
    0x00, 0x00, 0x00, 0x00, 0x00, 0x00, 0x00, 0x00, 0x00, 0x00, 0x00, 0x00, 0x00, 0x00, 0x00, 0x00,
    0x00, 0x00, 0x00, 0x00, 0x00, 0x00, 0x00, 0x00, 0x20, 0x08, 0x81, 0x18, 0x62, 0x41, 0x66, 0x9B,
    0x14, 0xF7, 0xFA, 0xFF, 0xEB, 0xC4, 0xC3, 0x59, 0xC1, 0x28, 0x60, 0x10, 0x20, 0x08, 0x00, 0x00,
    0x20, 0x08, 0x20, 0x08, 0x20, 0x10, 0x20, 0x10, 0x25, 0x49, 0xAC, 0xDA, 0xEC, 0xE2, 0xB2, 0xF4,
    0x34, 0xFD, 0x34, 0xF5, 0x75, 0xF5, 0x75, 0xFD, 0xD3, 0xEC, 0x93, 0xEC, 0x10, 0xDC, 0x8E, 0xDB,
    0x72, 0xFC, 0x09, 0x72, 0x21, 0x10, 0xC5, 0x30, 0x78, 0xCD, 0xFE, 0xFE, 0x1C, 0xEE, 0x59, 0xE5,
    0x96, 0xD4, 0xB3, 0xCB, 0xCF, 0xBA, 0x4C, 0xBA, 0x2B, 0xBA, 0x4A, 0xC2, 0x6B, 0xCA, 0xAB, 0xD2,
    0xCC, 0xD2, 0x0C, 0xDB, 0x8E, 0xDB, 0xEF, 0xE3, 0x50, 0xE4, 0x10, 0xD4, 0xCB, 0xB2, 0x05, 0x79,
    0x42, 0x50, 0x83, 0x50, 0x25, 0x71, 0x87, 0x89, 0xC8, 0x99, 0xE9, 0x99, 0xA8, 0xA1, 0x87, 0xA9,
    0xA7, 0xB1, 0xC7, 0xB9, 0xC8, 0xB9, 0xC7, 0xB1, 0xA7, 0xA9, 0xA7, 0xA1, 0x86, 0x91, 0x24, 0x71,
    0x41, 0x50, 0x29, 0xB2, 0x17, 0xFE, 0x13, 0xED, 0xCE, 0xD3, 0x6D, 0xD3, 0xCF, 0xDB, 0x30, 0xE4,
    0x92, 0xEC, 0xD2, 0xEC, 0x13, 0xF5, 0x34, 0xF5, 0x74, 0xFD, 0x95, 0xFD, 0x17, 0xFE, 0x97, 0xD5,
    0x96, 0x94, 0x52, 0x73, 0xF3, 0x83, 0xB6, 0x8C, 0x58, 0x95, 0x3B, 0xAE, 0x19, 0xC6, 0x34, 0xE5,
    0x71, 0xE4, 0xEF, 0xE3, 0xCE, 0xE3, 0x72, 0xFD, 0x4D, 0xBC, 0x41, 0x28, 0x81, 0x20, 0x61, 0x20,
    0x81, 0x20, 0x60, 0x18, 0x42, 0x39, 0x82, 0x49, 0x80, 0x28, 0xA3, 0x51, 0xE3, 0x59, 0xE1, 0x30,
    0xE1, 0x30, 0xC1, 0x28, 0x80, 0x20, 0x80, 0x18, 0x20, 0x10, 0x00, 0x00, 0x20, 0x08, 0x00, 0x00,
    0x00, 0x00, 0x00, 0x00, 0x00, 0x00, 0x00, 0x00, 0x00, 0x00, 0x00, 0x00, 0x00, 0x00, 0x00, 0x00,
    0x00, 0x00, 0x00, 0x00, 0x00, 0x00, 0x00, 0x00, 0x00, 0x00, 0x00, 0x00, 0x20, 0x08, 0x60, 0x18,
    0x22, 0x31, 0x84, 0x72, 0x8E, 0xD5, 0xB2, 0xEE, 0x46, 0x93, 0xC3, 0x51, 0xC1, 0x20, 0x40, 0x10,
    0x20, 0x08, 0x20, 0x08, 0x20, 0x08, 0x20, 0x08, 0x20, 0x10, 0x00, 0x10, 0x00, 0x10, 0x67, 0x71,
    0x4A, 0xD2, 0x4D, 0xE3, 0x92, 0xEC, 0x34, 0xF5, 0x55, 0xF5, 0xD3, 0xF4, 0x10, 0xE4, 0xF3, 0xEC,
    0x75, 0xF5, 0x34, 0xED, 0x54, 0xFD, 0xAF, 0xAB, 0x22, 0x10, 0x63, 0x20, 0x17, 0xBD, 0xFE, 0xFE,
    0xFB, 0xED, 0x39, 0xDD, 0x56, 0xD4, 0x72, 0xC3, 0x8E, 0xB2, 0x2B, 0xB2, 0x0A, 0xB2, 0x2A, 0xBA,
    0x4A, 0xC2, 0x8B, 0xCA, 0xCB, 0xCA, 0x2C, 0xD3, 0xAE, 0xDB, 0x10, 0xDC, 0x50, 0xDC, 0xCF, 0xD3,
    0xAB, 0xAA, 0x46, 0x81, 0x05, 0x79, 0x62, 0x48, 0x00, 0x08, 0x21, 0x28, 0x82, 0x48, 0xE4, 0x58,
    0x25, 0x61, 0x25, 0x61, 0x04, 0x61, 0xE4, 0x60, 0xC3, 0x50, 0x82, 0x40, 0x61, 0x30, 0x20, 0x30,
    0x00, 0x38, 0x00, 0x38, 0x00, 0x58, 0x0F, 0xEC, 0x57, 0xFE, 0x95, 0xF5, 0xD2, 0xEC, 0x91, 0xE4,
    0x71, 0xE4, 0x91, 0xE4, 0xB2, 0xEC, 0xF3, 0xEC, 0x13, 0xF5, 0x33, 0xF5, 0x54, 0xF5, 0x95, 0xFD,
    0xB6, 0xFD, 0x56, 0xDD, 0x37, 0xA5, 0x17, 0x95, 0xB2, 0x73, 0xF3, 0x6B, 0xF7, 0x84, 0xF7, 0x84,
    0xB9, 0x95, 0x5B, 0xBE, 0xB7, 0xD5, 0x92, 0xE4, 0xD1, 0xF4, 0x71, 0xDD, 0xC2, 0x38, 0x81, 0x20,
    0x81, 0x20, 0x81, 0x20, 0x81, 0x20, 0xA1, 0x28, 0xC1, 0x28, 0xE1, 0x30, 0x22, 0x41, 0x41, 0x41,
    0x62, 0x49, 0xA2, 0x59, 0x62, 0x51, 0x22, 0x39, 0xC1, 0x28, 0x60, 0x18, 0x83, 0x41, 0x45, 0x62,
    0x00, 0x08, 0x20, 0x00, 0x00, 0x00, 0x00, 0x00, 0x00, 0x00, 0x00, 0x00, 0x00, 0x00, 0x00, 0x00,
    0x00, 0x00, 0x00, 0x00, 0x00, 0x00, 0x00, 0x00, 0x00, 0x00, 0x00, 0x00, 0x00, 0x00, 0x00, 0x00,
    0x20, 0x08, 0x80, 0x18, 0xC1, 0x20, 0x22, 0x39, 0xA5, 0x72, 0x46, 0x93, 0x22, 0x39, 0x04, 0x5A,
    0x42, 0x31, 0x20, 0x08, 0x20, 0x08, 0x20, 0x08, 0x00, 0x08, 0x20, 0x08, 0x41, 0x10, 0xCD, 0x8A,
    0x72, 0xCC, 0xEF, 0xB3, 0xF0, 0xDB, 0xAF, 0xE3, 0xD3, 0xEC, 0x34, 0xF5, 0x54, 0xF5, 0x72, 0xEC,
    0xAF, 0xDB, 0x72, 0xE4, 0x13, 0xED, 0x54, 0xF5, 0x13, 0xF5, 0xB7, 0xE5, 0x37, 0x9D, 0x47, 0x39,
    0x33, 0xA4, 0x3F, 0xFF, 0xDA, 0xE5, 0x18, 0xDD, 0x35, 0xCC, 0x31, 0xBB, 0x8D, 0xB2, 0x2B, 0xAA,
    0x0A, 0xAA, 0x0A, 0xB2, 0x2A, 0xB2, 0x6A, 0xBA, 0xCB, 0xC2, 0x4D, 0xD3, 0xCF, 0xD3, 0x30, 0xDC,
    0x50, 0xDC, 0xEF, 0xCB, 0xCB, 0xB2, 0x87, 0x89, 0x67, 0x79, 0x67, 0x79, 0x62, 0x48, 0x00, 0x10,
    0x00, 0x10, 0x00, 0x08, 0x00, 0x08, 0x00, 0x08, 0x00, 0x08, 0x00, 0x10, 0x00, 0x18, 0x00, 0x20,
    0x00, 0x18, 0x00, 0x20, 0x20, 0x38, 0x00, 0x40, 0x45, 0x99, 0x54, 0xFD, 0x78, 0xFE, 0xD6, 0xFD,
    0x54, 0xF5, 0x13, 0xF5, 0xF3, 0xEC, 0xD2, 0xEC, 0xF2, 0xEC, 0x13, 0xF5, 0x13, 0xF5, 0x13, 0xF5,
    0x13, 0xF5, 0x74, 0xFD, 0x14, 0xDD, 0x94, 0xB4, 0x76, 0xD5, 0x98, 0xAD, 0x99, 0x9D, 0xF4, 0x6B,
    0xB2, 0x5B, 0x55, 0x6C, 0xF7, 0x84, 0xF7, 0x7C, 0xFA, 0xA5, 0x19, 0xC6, 0xB8, 0xF6, 0x97, 0xE6,
    0x03, 0x39, 0x81, 0x20, 0x81, 0x20, 0x81, 0x20, 0xC1, 0x28, 0xE1, 0x30, 0x22, 0x41, 0x82, 0x51,
    0xC3, 0x59, 0x24, 0x6A, 0x63, 0x7A, 0xCA, 0xBC, 0xAB, 0xB4, 0xA2, 0x59, 0x22, 0x39, 0x80, 0x20,
    0x63, 0x41, 0x25, 0x5A, 0x20, 0x08, 0x20, 0x08, 0x00, 0x00, 0x00, 0x00, 0x00, 0x00, 0x00, 0x00,
    0x00, 0x00, 0x00, 0x00, 0x00, 0x00, 0x00, 0x00, 0x00, 0x00, 0x00, 0x00, 0x00, 0x00, 0x00, 0x00,
    0x00, 0x00, 0x05, 0x52, 0x83, 0x39, 0x20, 0x00, 0x81, 0x18, 0xC1, 0x20, 0x42, 0x39, 0x62, 0x41,
    0xA1, 0x20, 0x60, 0x18, 0x40, 0x10, 0x00, 0x08, 0x20, 0x08, 0x00, 0x00, 0x20, 0x08, 0x00, 0x00,
    0xE4, 0x30, 0x6F, 0xE3, 0x51, 0xFC, 0x95, 0xFD, 0xD6, 0xFD, 0x31, 0xE4, 0xB3, 0xEC, 0x13, 0xF5,
    0x54, 0xF5, 0xB2, 0xEC, 0x4D, 0xD3, 0x10, 0xDC, 0x92, 0xE4, 0xD3, 0xEC, 0xD3, 0xF4, 0xD3, 0xD4,
    0x1B, 0xB6, 0xF7, 0x9C, 0x33, 0xA4, 0xFE, 0xFE, 0x7A, 0xDD, 0x96, 0xD4, 0xD4, 0xC3, 0x30, 0xB3,
    0x8D, 0xAA, 0x2B, 0xA2, 0xEA, 0xA1, 0x0A, 0xAA, 0x2A, 0xAA, 0x8B, 0xB2, 0xEC, 0xC2, 0x6D, 0xCB,
    0xCF, 0xD3, 0x0F, 0xD4, 0x50, 0xDC, 0xEF, 0xCB, 0x0C, 0xB3, 0xE9, 0x91, 0x67, 0x81, 0xA8, 0x81,
    0x87, 0x81, 0x83, 0x58, 0x00, 0x10, 0x00, 0x10, 0x20, 0x28, 0x00, 0x30, 0x00, 0x30, 0x00, 0x30,
    0x21, 0x40, 0x82, 0x60, 0xA3, 0x70, 0x41, 0x40, 0x00, 0x20, 0x00, 0x48, 0x6D, 0xDB, 0x37, 0xFE,
    0x78, 0xFE, 0xF6, 0xFD, 0x74, 0xF5, 0x34, 0xF5, 0x13, 0xF5, 0x13, 0xF5, 0xF2, 0xEC, 0xF3, 0xEC,
    0x13, 0xED, 0xF3, 0xEC, 0x13, 0xED, 0x54, 0xF5, 0x33, 0xB4, 0xD3, 0x7B, 0x15, 0xB5, 0xF7, 0xD5,
    0xD9, 0xB5, 0xB9, 0x95, 0x34, 0x6C, 0x72, 0x5B, 0x54, 0x6C, 0xB6, 0x7C, 0xF6, 0x84, 0xF6, 0x84,
    0x18, 0xBE, 0xF9, 0xF6, 0xC5, 0x49, 0x40, 0x18, 0xA1, 0x20, 0xA1, 0x20, 0x01, 0x39, 0xC3, 0x59,
    0xA4, 0x7A, 0x84, 0x7A, 0xA4, 0x82, 0x25, 0x93, 0x2A, 0xCD, 0xF5, 0xFF, 0xB1, 0xEE, 0x43, 0x7A,
    0x62, 0x49, 0xE1, 0x30, 0x60, 0x18, 0x20, 0x08, 0x40, 0x10, 0x20, 0x08, 0x00, 0x00, 0x00, 0x00,
    0x00, 0x00, 0x00, 0x00, 0x00, 0x00, 0x00, 0x00, 0x00, 0x00, 0x00, 0x00, 0x00, 0x00, 0x00, 0x00,
    0x00, 0x00, 0x00, 0x00, 0x00, 0x00, 0x81, 0x10, 0x60, 0x10, 0x20, 0x00, 0x40, 0x10, 0x80, 0x18,
    0xA1, 0x18, 0x60, 0x18, 0xC3, 0x49, 0xC1, 0x28, 0x60, 0x10, 0xC1, 0x20, 0x00, 0x00, 0x00, 0x00,
    0x00, 0x00, 0x00, 0x08, 0x21, 0x10, 0xA8, 0x81, 0x4A, 0xCA, 0x4D, 0xDB, 0x10, 0xE4, 0xAF, 0xDB,
    0x72, 0xE4, 0xF3, 0xEC, 0x55, 0xF5, 0x75, 0xF5, 0xCF, 0xDB, 0xAF, 0xDB, 0x30, 0xE4, 0x71, 0xE4,
    0xB2, 0xEC, 0x73, 0xBC, 0xFA, 0xA5, 0xBA, 0xA5, 0xF7, 0xAC, 0x9D, 0xF6, 0x59, 0xDD, 0xF5, 0xC3,
    0x72, 0xBB, 0xEF, 0xAA, 0x8D, 0xA2, 0x2B, 0xA2, 0x0A, 0x9A, 0x0A, 0xA2, 0x4A, 0xA2, 0x8B, 0xB2,
    0xEC, 0xBA, 0x6D, 0xC3, 0xCF, 0xCB, 0x0F, 0xD4, 0x30, 0xD4, 0xEF, 0xCB, 0x2D, 0xBB, 0x4A, 0x9A,
    0xC8, 0x89, 0xC9, 0x89, 0xE9, 0x89, 0x87, 0x89, 0xA3, 0x60, 0x00, 0x38, 0x00, 0x48, 0x62, 0x60,
    0xA3, 0x70, 0xA3, 0x78, 0xA3, 0x78, 0x45, 0x99, 0x28, 0xC2, 0x07, 0xAA, 0x21, 0x28, 0x45, 0x91,
    0xF2, 0xFC, 0x37, 0xFE, 0x78, 0xFE, 0xF6, 0xFD, 0x95, 0xF5, 0x54, 0xF5, 0x13, 0xF5, 0x13, 0xED,
    0xF3, 0xEC, 0xD2, 0xEC, 0xD2, 0xEC, 0xD2, 0xEC, 0x13, 0xED, 0xF3, 0xDC, 0xB2, 0x83, 0xD3, 0x73,
    0x95, 0x84, 0x57, 0xAD, 0xF7, 0xD5, 0xD8, 0xB5, 0xB9, 0x9D, 0xB6, 0x7C, 0xB2, 0x5B, 0x13, 0x6C,
    0x75, 0x74, 0xB5, 0x84, 0xB7, 0xBD, 0x31, 0xC5, 0x81, 0x20, 0x81, 0x20, 0x81, 0x20, 0xC1, 0x28,
    0x01, 0x39, 0xC7, 0xA3, 0xF0, 0xFE, 0xF2, 0xEE, 0xEE, 0xDD, 0x0E, 0xE6, 0x73, 0xFF, 0xD8, 0xFF,
    0x6F, 0xEE, 0x05, 0x93, 0xC3, 0x59, 0xC3, 0x51, 0xE1, 0x30, 0x80, 0x18, 0x40, 0x10, 0x20, 0x08,
    0x00, 0x00, 0x00, 0x00, 0x00, 0x00, 0x00, 0x00, 0x00, 0x00, 0x00, 0x00, 0x00, 0x00, 0x00, 0x00,
    0x00, 0x00, 0x00, 0x00, 0x00, 0x00, 0x00, 0x00, 0x00, 0x00, 0x00, 0x00, 0x00, 0x00, 0x00, 0x00,
    0x40, 0x10, 0xC7, 0x6A, 0x80, 0x18, 0x20, 0x08, 0x83, 0x41, 0xA1, 0x20, 0x60, 0x10, 0x02, 0x29,
    0x00, 0x00, 0x00, 0x00, 0x00, 0x00, 0x20, 0x08, 0x00, 0x08, 0x41, 0x18, 0x67, 0x61, 0x4A, 0xB2,
    0x29, 0xBA, 0xCC, 0xC2, 0xF0, 0xDB, 0x72, 0xE4, 0xF3, 0xEC, 0x54, 0xF5, 0xF3, 0xEC, 0xF0, 0xDB,
    0x30, 0xDC, 0xD3, 0xEC, 0x72, 0xD4, 0x57, 0xA5, 0xFA, 0x9D, 0xDA, 0xA5, 0x75, 0x84, 0x96, 0xA4,
    0x39, 0xDD, 0x72, 0xB3, 0xEF, 0xAA, 0xAD, 0xA2, 0x6C, 0xA2, 0x2B, 0x9A, 0x0A, 0x9A, 0x0A, 0x9A,
    0x2A, 0xA2, 0x8B, 0xAA, 0xCB, 0xB2, 0x2D, 0xBB, 0x8E, 0xCB, 0xEF, 0xCB, 0x0F, 0xD4, 0xEF, 0xCB,
    0x6D, 0xBB, 0xCC, 0xAA, 0x6A, 0xA2, 0x2A, 0x92, 0x0A, 0x92, 0x09, 0x92, 0xC8, 0x99, 0x86, 0x99,
    0xC4, 0x78, 0x63, 0x70, 0x05, 0x99, 0xE8, 0xB1, 0x29, 0xBA, 0x8A, 0xCA, 0xAE, 0xE3, 0xCB, 0xB2,
    0xAA, 0xAA, 0x0F, 0xF4, 0x74, 0xFD, 0x57, 0xFE, 0x37, 0xFE, 0xF6, 0xFD, 0x95, 0xFD, 0x54, 0xF5,
    0x13, 0xF5, 0xF2, 0xEC, 0xD2, 0xEC, 0xB1, 0xEC, 0xB1, 0xEC, 0xB2, 0xE4, 0xD3, 0xE4, 0x32, 0xAC,
    0x92, 0x6B, 0x13, 0x74, 0x75, 0x7C, 0xB6, 0x7C, 0x57, 0x9D, 0xF8, 0xCD, 0xD8, 0xC5, 0x98, 0x9D,
    0x58, 0x8D, 0x75, 0x74, 0xF3, 0x6B, 0x94, 0x84, 0x74, 0xBD, 0xC5, 0x49, 0x41, 0x18, 0x81, 0x20,
    0x81, 0x20, 0xE1, 0x30, 0x42, 0x41, 0xE5, 0x8A, 0xAB, 0xF5, 0x12, 0xFF, 0xF7, 0xFF, 0xD5, 0xFF,
    0xB5, 0xFF, 0xD7, 0xFF, 0xAF, 0xF6, 0xA6, 0xAB, 0x43, 0x72, 0xC3, 0x51, 0x01, 0x31, 0x80, 0x20,
    0x40, 0x10, 0x20, 0x08, 0x00, 0x00, 0x00, 0x00, 0x00, 0x00, 0x00, 0x00, 0x00, 0x00, 0x00, 0x00,
    0x00, 0x00, 0x00, 0x00, 0x00, 0x00, 0x00, 0x00, 0x00, 0x00, 0x00, 0x00, 0x00, 0x00, 0x00, 0x00,
    0x00, 0x00, 0x00, 0x00, 0x00, 0x00, 0x40, 0x10, 0x20, 0x08, 0x60, 0x10, 0x20, 0x10, 0x40, 0x18,
    0xA1, 0x20, 0x00, 0x00, 0x20, 0x08, 0x00, 0x00, 0x00, 0x00, 0x00, 0x00, 0x00, 0x08, 0x00, 0x08,
    0x00, 0x00, 0xE4, 0x30, 0x6F, 0xB3, 0x2A, 0xB2, 0xCC, 0xC2, 0xAF, 0xD3, 0x51, 0xE4, 0x92, 0xEC,
    0xB2, 0xEC, 0x71, 0xE4, 0xB2, 0xE4, 0x71, 0xDC, 0x94, 0xA4, 0xFB, 0xA5, 0x3B, 0xAE, 0x99, 0x9D,
    0xD7, 0x84, 0x92, 0x6B, 0xB2, 0xA3, 0x30, 0xAB, 0x4C, 0x9A, 0x4C, 0x9A, 0x4B, 0x9A, 0x2B, 0x9A,
    0x2A, 0x92, 0x2A, 0x9A, 0x2A, 0x9A, 0x4A, 0xA2, 0x8B, 0xAA, 0xEC, 0xB2, 0x4D, 0xC3, 0xAE, 0xC3,
    0xCF, 0xCB, 0xCF, 0xCB, 0x8E, 0xC3, 0x4D, 0xBB, 0x0D, 0xB3, 0xCC, 0xAA, 0x8B, 0xA2, 0x6B, 0xA2,
    0x6B, 0x9A, 0x29, 0xAA, 0x4A, 0xC2, 0x4A, 0xC2, 0x29, 0xC2, 0x8E, 0xD3, 0x75, 0xED, 0xF2, 0xE4,
    0x75, 0xED, 0xF0, 0xDB, 0x71, 0xF4, 0xF3, 0xFC, 0xF6, 0xFD, 0x37, 0xFE, 0x16, 0xFE, 0xD6, 0xFD,
    0x95, 0xF5, 0x33, 0xF5, 0xF2, 0xEC, 0x91, 0xEC, 0x91, 0xE4, 0x91, 0xE4, 0x91, 0xE4, 0xB2, 0xE4,
    0x52, 0xC4, 0x92, 0x73, 0xF3, 0x6B, 0x54, 0x74, 0x55, 0x74, 0xD6, 0x7C, 0xD6, 0x7C, 0x17, 0x8D,
    0xB7, 0xBD, 0x18, 0xD6, 0xB8, 0xAD, 0x98, 0x9D, 0x16, 0x8D, 0x58, 0xCE, 0xEA, 0x72, 0x00, 0x08,
    0x81, 0x18, 0x61, 0x18, 0x81, 0x20, 0xE1, 0x30, 0x62, 0x49, 0x23, 0x72, 0xC9, 0xD4, 0xAB, 0xF5,
    0xF1, 0xFE, 0xD6, 0xFF, 0xD6, 0xFF, 0xD7, 0xFF, 0xB6, 0xFF, 0xD2, 0xEE, 0x28, 0xAC, 0xE2, 0x61,
    0x41, 0x41, 0xA0, 0x28, 0x60, 0x18, 0x20, 0x08, 0x20, 0x00, 0x00, 0x00, 0x00, 0x00, 0x00, 0x00,
    0x00, 0x00, 0x00, 0x00, 0x00, 0x00, 0x00, 0x00, 0x00, 0x00, 0x00, 0x00, 0x00, 0x00, 0x00, 0x00,
    0x00, 0x00, 0x00, 0x00, 0x00, 0x00, 0x00, 0x00, 0x00, 0x00, 0x00, 0x00, 0x20, 0x08, 0x20, 0x08,
    0x04, 0x5A, 0x4D, 0xCD, 0xC1, 0x28, 0xE2, 0x28, 0x43, 0x39, 0x00, 0x00, 0x43, 0x39, 0x00, 0x00,
    0x00, 0x00, 0x00, 0x08, 0x20, 0x08, 0x00, 0x00, 0xE9, 0x51, 0xD1, 0xCB, 0xE8, 0xA1, 0x8A, 0xBA,
    0x2D, 0xCB, 0xAE, 0xD3, 0x10, 0xD4, 0x50, 0xDC, 0x10, 0xD4, 0xB4, 0xB4, 0xB9, 0x9D, 0x58, 0x8D,
    0xFA, 0xA5, 0xB9, 0x95, 0x18, 0x85, 0xF7, 0x94, 0x90, 0x93, 0x0C, 0x72, 0xA9, 0x81, 0xEA, 0x89,
    0x2B, 0x92, 0x2B, 0x92, 0x2A, 0x92, 0x2A, 0x92, 0x0A, 0x92, 0x2A, 0x9A, 0x6A, 0xA2, 0xAB, 0xAA,
    0x0C, 0xB3, 0x4D, 0xBB, 0x8E, 0xC3, 0xAE, 0xCB, 0xAF, 0xCB, 0x8E, 0xC3, 0x6E, 0xBB, 0x6E, 0xBB,
    0x2D, 0xB3, 0xCC, 0xAA, 0x8B, 0xA2, 0x8B, 0xA2, 0x4A, 0xAA, 0x6A, 0xC2, 0xEC, 0xDA, 0x6E, 0xE3,
    0xEF, 0xEB, 0x50, 0xF4, 0xEF, 0xF3, 0xEF, 0xF3, 0x50, 0xF4, 0x74, 0xF5, 0x17, 0xFE, 0xF6, 0xFD,
    0xD5, 0xFD, 0x95, 0xF5, 0x54, 0xF5, 0x13, 0xED, 0xD2, 0xEC, 0x71, 0xE4, 0x50, 0xE4, 0x70, 0xDC,
    0x91, 0xE4, 0x92, 0xD4, 0x91, 0x7B, 0xB2, 0x63, 0x95, 0x84, 0x75, 0x74, 0x75, 0x74, 0xB5, 0x7C,
    0x95, 0x74, 0xB6, 0x74, 0xB6, 0x7C, 0x16, 0x95, 0xD7, 0xC5, 0xD7, 0xC5, 0x18, 0xC6, 0xD8, 0xEE,
    0x64, 0x39, 0x41, 0x10, 0x61, 0x18, 0x60, 0x18, 0xA1, 0x20, 0xE1, 0x30, 0x62, 0x49, 0x03, 0x6A,
    0xE7, 0xB3, 0xEC, 0xFD, 0x6D, 0xFE, 0x72, 0xFF, 0xF8, 0xFF, 0xB6, 0xFF, 0xB7, 0xFF, 0xF9, 0xFF,
    0xB5, 0xFF, 0x8C, 0xD5, 0xA2, 0x59, 0xA0, 0x28, 0x60, 0x18, 0x20, 0x08, 0x00, 0x00, 0x00, 0x00,
    0x00, 0x00, 0x00, 0x00, 0x00, 0x00, 0x00, 0x00, 0x00, 0x00, 0x00, 0x00, 0x00, 0x00, 0x00, 0x00,
    0x00, 0x00, 0x00, 0x00, 0x00, 0x00, 0x00, 0x00, 0x00, 0x00, 0x00, 0x00, 0x00, 0x00, 0x20, 0x08,
    0x60, 0x18, 0x40, 0x10, 0xA2, 0x51, 0x87, 0x93, 0x01, 0x31, 0x20, 0x08, 0x40, 0x10, 0x00, 0x00,
    0x20, 0x08, 0x00, 0x00, 0x00, 0x00, 0x00, 0x00, 0x20, 0x00, 0x21, 0x08, 0x00, 0x00, 0xCD, 0x72,
    0x70, 0xC3, 0xC8, 0x99, 0x4A, 0xAA, 0x2D, 0xBB, 0x6E, 0xC3, 0x8F, 0xBB, 0x74, 0x9C, 0xB6, 0x7C,
    0xDA, 0x9D, 0x79, 0x8D, 0xF7, 0x7C, 0x79, 0x8D, 0x99, 0x95, 0x39, 0xC6, 0x94, 0xA4, 0xCB, 0x39,
    0x07, 0x49, 0x68, 0x71, 0xE9, 0x81, 0x0A, 0x8A, 0x2A, 0x92, 0x2A, 0x92, 0x0A, 0x92, 0x2A, 0x92,
    0x4A, 0x9A, 0x6A, 0xA2, 0x8B, 0xAA, 0xEC, 0xB2, 0x4D, 0xBB, 0x8E, 0xC3, 0xAE, 0xC3, 0xAE, 0xC3,
    0xCF, 0xC3, 0xCF, 0xC3, 0xAE, 0xC3, 0x2D, 0xB3, 0x8B, 0xA2, 0xAB, 0xA2, 0xCC, 0xAA, 0xCC, 0xAA,
    0x6B, 0xB2, 0x6A, 0xC2, 0x8A, 0xCA, 0xEC, 0xD2, 0x6D, 0xDB, 0x0F, 0xE4, 0x13, 0xED, 0x95, 0xF5,
    0x95, 0xF5, 0xB5, 0xFD, 0x95, 0xF5, 0x54, 0xF5, 0x13, 0xF5, 0xD2, 0xEC, 0x91, 0xE4, 0x71, 0xE4,
    0x50, 0xDC, 0x51, 0xDC, 0x72, 0xCC, 0x50, 0x7B, 0x71, 0x5B, 0x13, 0x74, 0x96, 0xCD, 0x36, 0xA5,
    0x55, 0x74, 0x75, 0x74, 0x95, 0x74, 0x96, 0x74, 0x95, 0x74, 0xB6, 0x74, 0xD6, 0x84, 0x15, 0xA5,
    0xB8, 0xEE, 0x8F, 0xAC, 0x40, 0x10, 0x61, 0x10, 0x41, 0x10, 0x60, 0x18, 0x80, 0x18, 0xE1, 0x30,
    0x62, 0x49, 0x03, 0x72, 0x2B, 0xD5, 0x6E, 0xFE, 0x8D, 0xFE, 0xEF, 0xFE, 0x73, 0xFF, 0x10, 0xFF,
    0x4E, 0xF6, 0x0D, 0xF6, 0xED, 0xF5, 0x6B, 0xDD, 0xC2, 0x61, 0xA0, 0x28, 0x60, 0x18, 0x20, 0x08,
    0x00, 0x00, 0x00, 0x00, 0x00, 0x00, 0x00, 0x00, 0x00, 0x00, 0x00, 0x00, 0x00, 0x00, 0x00, 0x00,
    0x00, 0x00, 0x00, 0x00, 0x00, 0x00, 0x00, 0x00, 0x00, 0x00, 0x00, 0x00, 0x00, 0x00, 0x00, 0x00,
    0x00, 0x00, 0x00, 0x00, 0x60, 0x10, 0x21, 0x31, 0xC6, 0x72, 0x62, 0x41, 0xA1, 0x20, 0x20, 0x08,
    0x40, 0x10, 0x20, 0x08, 0x00, 0x00, 0x00, 0x00, 0x00, 0x00, 0x00, 0x00, 0x00, 0x00, 0x20, 0x00,
    0x00, 0x08, 0x42, 0x08, 0x75, 0xA4, 0xEE, 0xAA, 0xE9, 0x91, 0x8B, 0xA2, 0x2E, 0x9B, 0x34, 0x84,
    0x17, 0x85, 0x34, 0x6C, 0x96, 0x74, 0xDA, 0x9D, 0xF7, 0x7C, 0x79, 0x85, 0x1A, 0xAE, 0xBA, 0xE6,
    0xB5, 0x8C, 0x8E, 0x42, 0x69, 0x31, 0xE6, 0x48, 0x67, 0x71, 0xC9, 0x81, 0x0A, 0x8A, 0x0A, 0x8A,
    0x2A, 0x8A, 0x2A, 0x92, 0x2A, 0x92, 0x4A, 0x9A, 0x6A, 0x9A, 0xAB, 0xAA, 0xEC, 0xB2, 0x2C, 0xBB,
    0x6D, 0xBB, 0x8E, 0xC3, 0xCF, 0xCB, 0xCF, 0xCB, 0xAF, 0xC3, 0x4D, 0xBB, 0xAB, 0xA2, 0x6B, 0xA2,
    0xCC, 0xAA, 0x0C, 0xB3, 0x4E, 0xB3, 0x8E, 0xBB, 0xAE, 0xCB, 0x0F, 0xD4, 0x91, 0xDC, 0x13, 0xE5,
    0x33, 0xED, 0x54, 0xF5, 0x54, 0xF5, 0x54, 0xF5, 0x54, 0xF5, 0x13, 0xED, 0xD2, 0xEC, 0x71, 0xE4,
    0x50, 0xDC, 0x51, 0xDC, 0x31, 0xD4, 0x72, 0xCC, 0x70, 0x7B, 0xAF, 0x32, 0xD3, 0x5B, 0x75, 0x7C,
    0x76, 0xBD, 0xB7, 0xCD, 0x75, 0x74, 0x75, 0x6C, 0xB6, 0x7C, 0x75, 0x74, 0x75, 0x6C, 0x95, 0x74,
    0x95, 0x74, 0xF5, 0x94, 0x53, 0xC5, 0xE2, 0x28, 0x41, 0x10, 0x61, 0x10, 0x41, 0x10, 0x40, 0x10,
    0xE1, 0x28, 0x01, 0x31, 0x41, 0x49, 0x66, 0x9B, 0xCC, 0xF5, 0x8B, 0xED, 0x0C, 0xF6, 0xCB, 0xF5,
    0x0B, 0xF6, 0x8E, 0xF6, 0xCC, 0xF5, 0xA9, 0xD4, 0x66, 0xA3, 0xC2, 0x61, 0x01, 0x39, 0x80, 0x20,
    0x40, 0x10, 0x20, 0x08, 0x00, 0x00, 0x00, 0x00, 0x00, 0x00, 0x00, 0x00, 0x00, 0x00, 0x00, 0x00,
    0x00, 0x00, 0x00, 0x00, 0x00, 0x00, 0x00, 0x00, 0x00, 0x00, 0x00, 0x00, 0x00, 0x00, 0x00, 0x00,
    0x00, 0x00, 0x00, 0x00, 0x20, 0x08, 0x42, 0x31, 0xA1, 0x20, 0xE3, 0x59, 0x55, 0xFF, 0x27, 0x83,
    0x20, 0x10, 0xA1, 0x18, 0x43, 0x39, 0x00, 0x00, 0x20, 0x00, 0x00, 0x00, 0x00, 0x00, 0x00, 0x00,
    0x00, 0x00, 0x20, 0x00, 0x00, 0x00, 0xE5, 0x18, 0x19, 0x85, 0x14, 0x84, 0x50, 0x83, 0x71, 0x73,
    0xD3, 0x63, 0x72, 0x53, 0x34, 0x6C, 0xF6, 0x7C, 0x34, 0x6C, 0x95, 0x74, 0x38, 0x85, 0x99, 0x95,
    0x9A, 0xDE, 0x39, 0xC6, 0xF7, 0x7C, 0x92, 0x5B, 0x0D, 0x3A, 0x07, 0x29, 0xC5, 0x40, 0x68, 0x69,
    0xE9, 0x79, 0x0A, 0x82, 0x0A, 0x8A, 0x0A, 0x8A, 0x09, 0x8A, 0x2A, 0x92, 0x4A, 0x9A, 0x6A, 0xA2,
    0x8B, 0xA2, 0xEC, 0xAA, 0x2C, 0xB3, 0x6D, 0xBB, 0x8E, 0xC3, 0xAE, 0xC3, 0x8E, 0xC3, 0x4D, 0xBB,
    0xCC, 0xAA, 0x6A, 0x9A, 0x6A, 0x9A, 0xCB, 0xAA, 0x2D, 0xB3, 0x8E, 0xBB, 0xCF, 0xC3, 0x0F, 0xD4,
    0x70, 0xDC, 0xB1, 0xE4, 0xD2, 0xE4, 0xF2, 0xE4, 0xF2, 0xEC, 0xF3, 0xEC, 0xD2, 0xE4, 0x91, 0xE4,
    0x51, 0xDC, 0x30, 0xD4, 0x10, 0xD4, 0x10, 0xCC, 0x32, 0xBC, 0x56, 0xAD, 0xD3, 0x5B, 0x31, 0x43,
    0xD3, 0x53, 0xB6, 0x74, 0xF7, 0x8C, 0x16, 0x9D, 0x75, 0x6C, 0x75, 0x6C, 0x54, 0x6C, 0x75, 0x74,
    0x95, 0x74, 0xD5, 0x8C, 0x14, 0xAD, 0xB5, 0xCD, 0xC5, 0x49, 0x00, 0x00, 0x61, 0x10, 0x40, 0x08,
    0x40, 0x10, 0x40, 0x10, 0x42, 0x39, 0x01, 0x31, 0x41, 0x49, 0x0A, 0xDD, 0x09, 0xED, 0x6B, 0xED,
    0xEC, 0xF5, 0x6B, 0xED, 0x09, 0xE5, 0x4E, 0xF6, 0x6B, 0xE5, 0x84, 0x82, 0xA2, 0x59, 0x41, 0x41,
    0xC1, 0x28, 0x60, 0x18, 0x40, 0x10, 0x20, 0x08, 0x00, 0x00, 0x00, 0x00, 0x00, 0x00, 0x00, 0x00,
    0x00, 0x00, 0x00, 0x00, 0x00, 0x00, 0x00, 0x00, 0x00, 0x00, 0x00, 0x00, 0x00, 0x00, 0x00, 0x00,
    0x00, 0x00, 0x00, 0x00, 0x00, 0x00, 0x00, 0x00, 0x60, 0x10, 0xEC, 0xB4, 0x62, 0x41, 0xE1, 0x30,
    0x44, 0x62, 0x22, 0x39, 0xA1, 0x18, 0x60, 0x10, 0x20, 0x08, 0x00, 0x00, 0x20, 0x00, 0x00, 0x00,
    0x00, 0x00, 0x00, 0x00, 0x00, 0x00, 0x00, 0x00, 0x00, 0x00, 0x62, 0x08, 0x96, 0x84, 0x56, 0x6C,
    0xB3, 0x5B, 0x8F, 0x3A, 0x10, 0x4B, 0xAE, 0x42, 0x92, 0x5B, 0x13, 0x64, 0x13, 0x6C, 0x95, 0x6C,
    0x58, 0x8D, 0x7A, 0xCE, 0x9A, 0xD6, 0x78, 0x8D, 0x38, 0x85, 0x55, 0x6C, 0xD0, 0x42, 0xEB, 0x49,
    0x06, 0x31, 0xC4, 0x38, 0x67, 0x69, 0xE9, 0x79, 0x0A, 0x82, 0x0A, 0x82, 0xEA, 0x89, 0x09, 0x8A,
    0x09, 0x92, 0x2A, 0x92, 0x4A, 0x9A, 0x8B, 0xA2, 0xCB, 0xAA, 0x0C, 0xB3, 0x2C, 0xB3, 0x4D, 0xBB,
    0x4D, 0xBB, 0x2D, 0xBB, 0xCC, 0xAA, 0x6A, 0x9A, 0x4A, 0x92, 0x6A, 0x9A, 0xAB, 0xA2, 0xEC, 0xAA,
    0x2D, 0xB3, 0x8E, 0xC3, 0xCF, 0xCB, 0xEF, 0xCB, 0x30, 0xD4, 0x71, 0xDC, 0x91, 0xE4, 0x91, 0xDC,
    0x71, 0xDC, 0x30, 0xD4, 0x10, 0xD4, 0xF0, 0xCB, 0xB0, 0xBB, 0xF1, 0x9B, 0x37, 0x9D, 0x1A, 0xAE,
    0x96, 0x6C, 0xF4, 0x53, 0x14, 0x5C, 0x96, 0x6C, 0xB6, 0x74, 0xB6, 0x7C, 0x96, 0x74, 0x75, 0x6C,
    0x55, 0x6C, 0x14, 0x64, 0x74, 0x74, 0x94, 0x8C, 0xD6, 0xD5, 0x4B, 0x83, 0x00, 0x00, 0x61, 0x10,
    0x20, 0x08, 0x40, 0x08, 0x40, 0x08, 0x40, 0x10, 0x40, 0x10, 0xA0, 0x28, 0x21, 0x41, 0xA4, 0x82,
    0x25, 0xA3, 0x45, 0xA3, 0x25, 0x9B, 0x47, 0xCC, 0x0A, 0xE5, 0x2A, 0xE5, 0x48, 0xC4, 0xE2, 0x69,
    0x62, 0x49, 0xE1, 0x30, 0x80, 0x20, 0x40, 0x10, 0x40, 0x10, 0x20, 0x08, 0x00, 0x00, 0x00, 0x00,
    0x00, 0x00, 0x00, 0x00, 0x00, 0x00, 0x00, 0x00, 0x00, 0x00, 0x00, 0x00, 0x00, 0x00, 0x00, 0x00,
    0x00, 0x00, 0x00, 0x00, 0x00, 0x00, 0x00, 0x00, 0x00, 0x00, 0x00, 0x00, 0x20, 0x08, 0x60, 0x18,
    0x60, 0x18, 0x60, 0x18, 0x60, 0x18, 0x40, 0x10, 0x02, 0x31, 0x25, 0x5A, 0x43, 0x31, 0x20, 0x08,
    0x00, 0x00, 0x00, 0x00, 0x00, 0x00, 0x00, 0x00, 0x00, 0x00, 0x00, 0x00, 0x21, 0x00, 0x00, 0x00,
    0x0A, 0x3A, 0x35, 0x74, 0x4D, 0x3A, 0x4D, 0x3A, 0x4D, 0x32, 0xCF, 0x4A, 0x8E, 0x3A, 0x71, 0x53,
    0x14, 0x64, 0xD6, 0x7C, 0xB7, 0xB5, 0x59, 0xDE, 0x98, 0x95, 0x38, 0x7D, 0x58, 0x8D, 0xB6, 0x74,
    0x72, 0x53, 0xCE, 0x62, 0xEA, 0x49, 0xC6, 0x18, 0xA4, 0x28, 0x26, 0x51, 0xA8, 0x69, 0xE9, 0x79,
    0x0A, 0x82, 0x0A, 0x82, 0x0A, 0x82, 0x0A, 0x8A, 0x2A, 0x8A, 0x2A, 0x92, 0x6A, 0x9A, 0x6A, 0x9A,
    0x8B, 0xA2, 0xAB, 0xAA, 0xCB, 0xAA, 0xCB, 0xAA, 0x8B, 0xA2, 0x6A, 0x9A, 0x4A, 0x92, 0x4A, 0x92,
    0x4A, 0x92, 0x6B, 0x9A, 0xAC, 0xA2, 0x0D, 0xAB, 0x0D, 0xB3, 0x4E, 0xBB, 0xAF, 0xC3, 0x10, 0xD4,
    0x30, 0xD4, 0x51, 0xD4, 0x10, 0xD4, 0xCF, 0xCB, 0x4E, 0xB3, 0x6F, 0x9B, 0x53, 0x94, 0x98, 0xA5,
    0x1A, 0xA6, 0x1A, 0xA6, 0x99, 0x8D, 0xB6, 0x6C, 0x76, 0x64, 0x76, 0x64, 0xB6, 0x74, 0xF7, 0x84,
    0xB6, 0x74, 0x55, 0x6C, 0x54, 0x6C, 0x54, 0x6C, 0x33, 0x74, 0x55, 0xB5, 0x0E, 0x9C, 0x20, 0x08,
    0x41, 0x08, 0x40, 0x08, 0x20, 0x08, 0x20, 0x08, 0x40, 0x08, 0x40, 0x10, 0x60, 0x18, 0x80, 0x20,
    0x80, 0x28, 0xE1, 0x38, 0x21, 0x49, 0x62, 0x51, 0xA2, 0x59, 0x23, 0x7A, 0x48, 0xCC, 0x2A, 0xED,
    0x25, 0x9B, 0x41, 0x49, 0x01, 0x39, 0x80, 0x20, 0x60, 0x18, 0x40, 0x10, 0x20, 0x08, 0x00, 0x00,
    0x00, 0x00, 0x00, 0x00, 0x00, 0x00, 0x00, 0x00, 0x00, 0x00, 0x00, 0x00, 0x00, 0x00, 0x00, 0x00,
    0x00, 0x00, 0x00, 0x00, 0x00, 0x00, 0x00, 0x00, 0x00, 0x00, 0x00, 0x00, 0x00, 0x00, 0x00, 0x00,
    0x20, 0x00, 0x20, 0x08, 0x20, 0x08, 0x40, 0x10, 0x40, 0x10, 0x20, 0x10, 0xE2, 0x30, 0xE2, 0x28,
    0x40, 0x10, 0x81, 0x10, 0x60, 0x10, 0x61, 0x10, 0x20, 0x00, 0x00, 0x00, 0x00, 0x00, 0x00, 0x00,
    0x20, 0x00, 0x21, 0x00, 0x00, 0x00, 0xAE, 0x4A, 0xD4, 0x63, 0x2D, 0x3A, 0x0C, 0x32, 0x2C, 0x32,
    0xAF, 0x42, 0x92, 0x53, 0x13, 0x64, 0x35, 0xAD, 0xB6, 0xCD, 0xF6, 0x8C, 0xF7, 0x7C, 0x38, 0x85,
    0x38, 0x85, 0xD7, 0x7C, 0x34, 0x6C, 0x10, 0x4B, 0x0C, 0x32, 0x69, 0x21, 0xC5, 0x10, 0xA5, 0x18,
    0x27, 0x39, 0x47, 0x51, 0xA8, 0x69, 0xC9, 0x71, 0xE9, 0x79, 0x09, 0x82, 0x09, 0x82, 0x2A, 0x8A,
    0x0A, 0x8A, 0x2A, 0x8A, 0x2A, 0x92, 0x4A, 0x92, 0x4A, 0x92, 0x4A, 0x92, 0x4A, 0x92, 0x4A, 0x92,
    0x4A, 0x92, 0x4A, 0x92, 0x4A, 0x92, 0x6A, 0x92, 0x8B, 0x92, 0xAC, 0x9A, 0x0D, 0xA3, 0x6E, 0xB3,
    0x8F, 0xBB, 0xAF, 0xC3, 0x6E, 0xBB, 0x6E, 0xBB, 0x2D, 0xAB, 0x6F, 0xA3, 0x12, 0x94, 0x37, 0x9D,
    0x1A, 0xAE, 0x3A, 0xAE, 0xFA, 0xAD, 0x3B, 0xA6, 0x5B, 0xA6, 0x79, 0x85, 0x76, 0x64, 0xB6, 0x74,
    0xD6, 0x74, 0xD6, 0x74, 0xB6, 0x74, 0x95, 0x74, 0x54, 0x6C, 0x13, 0x6C, 0xF5, 0xA4, 0x4F, 0xA4,
    0x61, 0x10, 0x41, 0x08, 0x41, 0x08, 0x20, 0x00, 0x20, 0x08, 0x20, 0x08, 0x20, 0x08, 0x40, 0x08,
    0x40, 0x10, 0x80, 0x20, 0x45, 0x62, 0xE1, 0x30, 0xE1, 0x30, 0x01, 0x39, 0xE3, 0x61, 0x82, 0x59,
    0xC2, 0x69, 0x66, 0xAB, 0x03, 0x6A, 0xE1, 0x30, 0xA0, 0x28, 0xA1, 0x20, 0x81, 0x18, 0x20, 0x08,
    0x20, 0x08, 0x00, 0x00, 0x00, 0x00, 0x00, 0x00, 0x00, 0x00, 0x00, 0x00, 0x00, 0x00, 0x00, 0x00,
    0x00, 0x00, 0x00, 0x00, 0x00, 0x00, 0x00, 0x00, 0x00, 0x00, 0x00, 0x00, 0x00, 0x00, 0x00, 0x00,
    0x00, 0x00, 0x00, 0x00, 0x00, 0x00, 0x20, 0x08, 0x20, 0x08, 0x40, 0x10, 0x40, 0x10, 0x40, 0x10,
    0xA1, 0x20, 0xA1, 0x20, 0x42, 0x39, 0x42, 0x39, 0x40, 0x10, 0x40, 0x10, 0x20, 0x08, 0x20, 0x08,
    0x20, 0x00, 0x00, 0x00, 0x00, 0x00, 0x21, 0x00, 0x00, 0x00, 0x42, 0x08, 0x18, 0x8D, 0x72, 0x53,
    0x4E, 0x32, 0x6E, 0x32, 0xAF, 0x42, 0xB1, 0x6B, 0x72, 0xA4, 0x93, 0x9C, 0x74, 0x74, 0x75, 0x6C,
    0xB6, 0x74, 0xF7, 0x7C, 0x17, 0x7D, 0xF7, 0x7C, 0xB6, 0x7C, 0xF3, 0x63, 0xD0, 0x42, 0xCC, 0x29,
    0x28, 0x19, 0xC6, 0x08, 0x28, 0x11, 0x8A, 0x29, 0x69, 0x31, 0x68, 0x39, 0x68, 0x49, 0x67, 0x51,
    0x67, 0x59, 0x67, 0x61, 0x67, 0x69, 0x87, 0x71, 0xC8, 0x79, 0xC8, 0x79, 0xC8, 0x79, 0xE9, 0x81,
    0xE9, 0x81, 0x09, 0x82, 0x09, 0x8A, 0x2A, 0x8A, 0x4A, 0x8A, 0x4A, 0x92, 0x6B, 0x92, 0x8B, 0x9A,
    0xAC, 0xA2, 0xCC, 0xA2, 0xAB, 0xA2, 0xAB, 0x9A, 0x0D, 0x9B, 0x90, 0x93, 0xF5, 0xA4, 0xB8, 0xA5,
    0x5B, 0xB6, 0x3B, 0xAE, 0x1A, 0xAE, 0xD9, 0xA5, 0xD9, 0xA5, 0x5B, 0xAE, 0x7C, 0xB6, 0xDA, 0x95,
    0x18, 0x7D, 0xB7, 0x74, 0xB6, 0x74, 0x75, 0x6C, 0x75, 0x6C, 0x54, 0x74, 0x74, 0x84, 0xF4, 0x9C,
    0x4F, 0x9C, 0x81, 0x18, 0x21, 0x00, 0x41, 0x08, 0x20, 0x00, 0x20, 0x00, 0x20, 0x00, 0x20, 0x08,
    0x20, 0x08, 0x20, 0x08, 0x40, 0x10, 0x60, 0x18, 0x63, 0x41, 0xC1, 0x28, 0x80, 0x20, 0xA0, 0x28,
    0x22, 0x41, 0x01, 0x39, 0x01, 0x39, 0xE1, 0x38, 0xE1, 0x30, 0xA0, 0x28, 0x40, 0x10, 0x43, 0x39,
    0x63, 0x39, 0x00, 0x00, 0x20, 0x00, 0x00, 0x00, 0x00, 0x00, 0x00, 0x00, 0x00, 0x00, 0x00, 0x00,
    0x00, 0x00, 0x00, 0x00, 0x00, 0x00, 0x00, 0x00, 0x00, 0x00, 0x00, 0x00, 0x00, 0x00, 0x00, 0x00,
    0x00, 0x00, 0x00, 0x00, 0x00, 0x00, 0x00, 0x00, 0x00, 0x00, 0x20, 0x08, 0x40, 0x08, 0x60, 0x10,
    0x80, 0x20, 0xA1, 0x20, 0xC1, 0x28, 0x80, 0x20, 0x45, 0x62, 0x25, 0x5A, 0x20, 0x10, 0x40, 0x10,
    0x40, 0x10, 0x00, 0x00, 0x00, 0x00, 0x20, 0x00, 0x00, 0x00, 0x20, 0x00, 0x21, 0x00, 0x00, 0x00,
    0x6C, 0x4A, 0x17, 0x9D, 0xEF, 0x5A, 0xCE, 0x62, 0x0E, 0x73, 0x4E, 0x7B, 0x70, 0x6B, 0x51, 0x4B,
    0x92, 0x53, 0x55, 0x6C, 0x75, 0x6C, 0xB6, 0x74, 0xD7, 0x74, 0x98, 0xAD, 0xB7, 0xBD, 0x95, 0x74,
    0x92, 0x53, 0x8E, 0x3A, 0xAB, 0x21, 0x49, 0x19, 0x08, 0x11, 0x8A, 0x19, 0xEC, 0x29, 0x2D, 0x2A,
    0x0C, 0x2A, 0xCB, 0x29, 0xEB, 0x31, 0xAA, 0x31, 0xEB, 0x41, 0x0B, 0x52, 0xA9, 0x49, 0xC9, 0x51,
    0x68, 0x51, 0x88, 0x59, 0x88, 0x61, 0x67, 0x59, 0x67, 0x61, 0x67, 0x61, 0x87, 0x69, 0xE9, 0x71,
    0xE9, 0x71, 0x6B, 0x82, 0xED, 0x8A, 0x4F, 0x8B, 0x94, 0xA4, 0xD5, 0x9C, 0xB9, 0xA5, 0x3B, 0xAE,
    0x1B, 0xA6, 0x7B, 0xBE, 0xFA, 0xAD, 0x3A, 0xAE, 0xB9, 0x9D, 0xB9, 0x9D, 0x1A, 0xA6, 0x7C, 0xAE,
    0x9C, 0xB6, 0x5C, 0xAE, 0x99, 0x95, 0xF7, 0x7C, 0xB6, 0x74, 0x75, 0x6C, 0x34, 0x64, 0x73, 0x94,
    0x95, 0xCD, 0xF2, 0xB4, 0xC2, 0x20, 0x01, 0x00, 0x41, 0x08, 0x20, 0x00, 0x20, 0x00, 0x20, 0x00,
    0x20, 0x00, 0x20, 0x08, 0x20, 0x08, 0x00, 0x00, 0xE2, 0x28, 0xA4, 0x49, 0x00, 0x00, 0x40, 0x10,
    0xA5, 0x72, 0xC6, 0x7A, 0x40, 0x18, 0xA1, 0x28, 0xA1, 0x28, 0xA1, 0x20, 0x80, 0x20, 0x60, 0x18,
    0x40, 0x10, 0x20, 0x08, 0x20, 0x08, 0x00, 0x00, 0x00, 0x00, 0x00, 0x00, 0x00, 0x00, 0x00, 0x00,
    0x00, 0x00, 0x00, 0x00, 0x00, 0x00, 0x00, 0x00, 0x00, 0x00, 0x00, 0x00, 0x00, 0x00, 0x00, 0x00,
    0x00, 0x00, 0x00, 0x00, 0x00, 0x00, 0x00, 0x00, 0x00, 0x00, 0x00, 0x00, 0x00, 0x00, 0x20, 0x08,
    0x40, 0x10, 0x80, 0x18, 0xE1, 0x30, 0x21, 0x41, 0x42, 0x49, 0x83, 0x49, 0x21, 0x41, 0xE1, 0x30,
    0xC1, 0x28, 0x61, 0x18, 0x40, 0x10, 0xA4, 0x41, 0xE2, 0x20, 0x20, 0x00, 0x20, 0x00, 0x00, 0x00,
    0x20, 0x00, 0x00, 0x00, 0x01, 0x00, 0xF3, 0x7B, 0x54, 0x94, 0xCD, 0x62, 0xAD, 0x52, 0x4D, 0x3A,
    0x4D, 0x32, 0xEF, 0x42, 0x71, 0x53, 0xB2, 0x5B, 0x14, 0x64, 0x34, 0x64, 0xB6, 0x74, 0xF7, 0xC5,
    0xF8, 0xC5, 0x95, 0x74, 0xF4, 0x5B, 0x31, 0x4B, 0x6F, 0x32, 0xCC, 0x21, 0xCC, 0x21, 0x8A, 0x19,
    0x6A, 0x19, 0x0C, 0x2A, 0x4E, 0x32, 0x6E, 0x32, 0xF0, 0x42, 0xCF, 0x3A, 0xB3, 0x5B, 0xD3, 0x5B,
    0x72, 0x53, 0x55, 0x6C, 0xD3, 0x63, 0xD3, 0x63, 0x13, 0x74, 0x30, 0x53, 0xB2, 0x63, 0xB2, 0x6B,
    0x51, 0x63, 0x95, 0x84, 0xD6, 0x8C, 0x17, 0x8D, 0x1A, 0xAE, 0x99, 0x95, 0x3B, 0xAE, 0x9C, 0xB6,
    0xB9, 0x9D, 0x5B, 0xB6, 0x78, 0x95, 0xFA, 0xA5, 0xB9, 0x9D, 0xB9, 0x9D, 0x37, 0x85, 0xFA, 0x9D,
    0x7C, 0xB6, 0x7C, 0xB6, 0xBC, 0xBE, 0x9C, 0xBE, 0xFA, 0x9D, 0x17, 0x85, 0xD6, 0x74, 0x75, 0x74,
    0x34, 0x6C, 0x93, 0x9C, 0xF1, 0xBC, 0x24, 0x31, 0x01, 0x00, 0x41, 0x08, 0x20, 0x00, 0x20, 0x00,
    0x00, 0x00, 0x20, 0x00, 0x20, 0x08, 0x20, 0x08, 0x20, 0x08, 0x40, 0x10, 0x20, 0x08, 0x20, 0x08,
    0x40, 0x10, 0x60, 0x18, 0x04, 0x5A, 0xE6, 0x7A, 0xE1, 0x30, 0x80, 0x20, 0xA1, 0x20, 0x80, 0x18,
    0x60, 0x18, 0x40, 0x10, 0x20, 0x08, 0x20, 0x08, 0x00, 0x00, 0x00, 0x00, 0x00, 0x00, 0x00, 0x00,
    0x00, 0x00, 0x00, 0x00, 0x00, 0x00, 0x00, 0x00, 0x00, 0x00, 0x00, 0x00, 0x00, 0x00, 0x00, 0x00,
    0x00, 0x00, 0x00, 0x00, 0x00, 0x00, 0x00, 0x00, 0x00, 0x00, 0x00, 0x00, 0x00, 0x00, 0x00, 0x00,
    0x20, 0x08, 0x40, 0x08, 0x60, 0x18, 0xC1, 0x28, 0x21, 0x41, 0x6B, 0xAC, 0x6A, 0xB4, 0x43, 0x7A,
    0x23, 0x72, 0xE3, 0x59, 0x22, 0x39, 0xA1, 0x20, 0x40, 0x10, 0x69, 0x83, 0x84, 0x41, 0x00, 0x00,
    0x20, 0x08, 0x60, 0x10, 0x20, 0x00, 0x21, 0x00, 0x00, 0x00, 0x84, 0x08, 0x92, 0x5B, 0x52, 0x53,
    0x2D, 0x32, 0x8D, 0x4A, 0x4D, 0x42, 0x6E, 0x3A, 0xCF, 0x42, 0x10, 0x4B, 0x71, 0x53, 0xF3, 0x5B,
    0x54, 0x6C, 0xD6, 0x84, 0xF6, 0x84, 0x96, 0x74, 0x15, 0x64, 0xB3, 0x53, 0x72, 0x4B, 0x6E, 0x32,
    0x8F, 0x3A, 0x8F, 0x42, 0xEC, 0x21, 0xAB, 0x21, 0x8B, 0x19, 0x0C, 0x2A, 0xAF, 0x3A, 0xAF, 0x3A,
    0xB2, 0x5B, 0x92, 0x53, 0x92, 0x53, 0xB6, 0x74, 0x55, 0x6C, 0x75, 0x6C, 0xF7, 0x7C, 0x55, 0x6C,
    0x17, 0x85, 0x78, 0x8D, 0xB6, 0x74, 0x78, 0x8D, 0xFA, 0xA5, 0x78, 0x95, 0x3A, 0xAE, 0x78, 0x95,
    0x38, 0x85, 0x3A, 0xAE, 0x78, 0x95, 0x1A, 0xAE, 0x78, 0x8D, 0x38, 0x8D, 0xD6, 0x7C, 0x38, 0x85,
    0x1A, 0xA6, 0x5C, 0xAE, 0x7C, 0xB6, 0x9C, 0xB6, 0x1D, 0xDF, 0xFC, 0xDE, 0x5B, 0xB6, 0x58, 0x8D,
    0xD6, 0x7C, 0x95, 0x7C, 0x94, 0x8C, 0x91, 0xA4, 0x23, 0x31, 0x01, 0x00, 0x41, 0x08, 0x20, 0x00,
    0x20, 0x00, 0x00, 0x00, 0x20, 0x00, 0x20, 0x08, 0x20, 0x08, 0x40, 0x10, 0x40, 0x10, 0x20, 0x10,
    0x02, 0x31, 0xE2, 0x28, 0x00, 0x08, 0xC1, 0x28, 0x60, 0x20, 0x24, 0x5A, 0xE4, 0x51, 0xE1, 0x28,
    0x42, 0x41, 0xA1, 0x20, 0x60, 0x18, 0x40, 0x10, 0x20, 0x08, 0x00, 0x00, 0x00, 0x00, 0x00, 0x00,
    0x00, 0x00, 0x00, 0x00, 0x00, 0x00, 0x00, 0x00, 0x00, 0x00, 0x00, 0x00, 0x00, 0x00, 0x00, 0x00,
    0x00, 0x00, 0x00, 0x00, 0x00, 0x00, 0x00, 0x00, 0x00, 0x00, 0x00, 0x00, 0x00, 0x00, 0x00, 0x00,
    0x00, 0x00, 0x00, 0x00, 0x20, 0x08, 0x40, 0x10, 0x80, 0x20, 0x21, 0x39, 0xA2, 0x59, 0x6C, 0xDD,
    0xD7, 0xFF, 0xCF, 0xDD, 0x92, 0xE6, 0x6D, 0xCD, 0x82, 0x51, 0xC1, 0x28, 0x80, 0x18, 0x20, 0x08,
    0x20, 0x08, 0x20, 0x00, 0xA1, 0x18, 0xC8, 0x9B, 0x40, 0x08, 0x00, 0x00, 0x21, 0x00, 0x00, 0x00,
    0x42, 0x08, 0xB3, 0x63, 0x72, 0x5B, 0x4C, 0x42, 0x6D, 0x42, 0x2D, 0x32, 0x4D, 0x32, 0x6D, 0x32,
    0xF0, 0x42, 0x72, 0x53, 0x14, 0x64, 0x34, 0x64, 0x55, 0x6C, 0x34, 0x64, 0x35, 0x64, 0x14, 0x64,
    0xD3, 0x5B, 0x31, 0x43, 0xF0, 0x3A, 0x11, 0x43, 0x11, 0x43, 0xD0, 0x3A, 0x4E, 0x32, 0x0D, 0x2A,
    0x0D, 0x2A, 0xCC, 0x21, 0x2D, 0x2A, 0x6E, 0x32, 0xD0, 0x3A, 0xD3, 0x5B, 0x92, 0x53, 0xB3, 0x53,
    0x75, 0x6C, 0xF4, 0x63, 0xD6, 0x7C, 0x17, 0x85, 0x75, 0x6C, 0xF7, 0x7C, 0x17, 0x85, 0xB6, 0x74,
    0x98, 0x95, 0x58, 0x8D, 0xD6, 0x7C, 0x78, 0x95, 0xB6, 0x74, 0xF6, 0x7C, 0xB6, 0x74, 0xF7, 0x7C,
    0xB9, 0x95, 0x5B, 0xAE, 0x7C, 0xB6, 0x7C, 0xAE, 0x9C, 0xB6, 0x7C, 0xB6, 0x3C, 0xE7, 0x7C, 0xF7,
    0x7B, 0xBE, 0xB9, 0x9D, 0xF6, 0x84, 0xD6, 0x8C, 0x34, 0xB5, 0x85, 0x41, 0x00, 0x00, 0x41, 0x08,
    0x20, 0x00, 0x20, 0x00, 0x20, 0x00, 0x20, 0x00, 0x20, 0x00, 0x20, 0x08, 0x40, 0x10, 0x60, 0x18,
    0xA1, 0x20, 0x80, 0x18, 0x42, 0x39, 0x22, 0x39, 0x80, 0x20, 0x80, 0x18, 0x60, 0x18, 0x80, 0x20,
    0xA1, 0x28, 0x03, 0x62, 0xC5, 0x82, 0xC1, 0x28, 0x80, 0x18, 0x40, 0x10, 0x20, 0x08, 0x00, 0x00,
    0x00, 0x00, 0x00, 0x00, 0x00, 0x00, 0x00, 0x00, 0x00, 0x00, 0x00, 0x00, 0x00, 0x00, 0x00, 0x00,
    0x00, 0x00, 0x00, 0x00, 0x00, 0x00, 0x00, 0x00, 0x00, 0x00, 0x00, 0x00, 0x00, 0x00, 0x00, 0x00,
    0x00, 0x00, 0x00, 0x00, 0x00, 0x00, 0x00, 0x00, 0x20, 0x08, 0x60, 0x10, 0xC1, 0x28, 0x62, 0x49,
    0x68, 0x93, 0x2F, 0xEE, 0xB7, 0xFF, 0xFE, 0xFF, 0xD6, 0xFF, 0x89, 0xC4, 0x82, 0x51, 0x45, 0x62,
    0x22, 0x31, 0x40, 0x08, 0x20, 0x08, 0x00, 0x00, 0x20, 0x08, 0x81, 0x18, 0x20, 0x00, 0x00, 0x00,
    0x00, 0x00, 0x21, 0x00, 0x00, 0x00, 0x63, 0x08, 0x72, 0x63, 0xB3, 0x63, 0x4D, 0x3A, 0x4D, 0x3A,
    0x2D, 0x32, 0x2D, 0x32, 0x6E, 0x3A, 0x10, 0x4B, 0x92, 0x53, 0x92, 0x53, 0xD3, 0x5B, 0x14, 0x5C,
    0x55, 0x64, 0x55, 0x64, 0x14, 0x64, 0x72, 0x4B, 0x93, 0x53, 0xD3, 0x5B, 0xD4, 0x5B, 0xD4, 0x53,
    0x14, 0x64, 0x14, 0x64, 0xB3, 0x5B, 0x31, 0x4B, 0x8F, 0x3A, 0x6E, 0x32, 0x4E, 0x2A, 0x6E, 0x32,
    0x2D, 0x2A, 0x6E, 0x32, 0xF0, 0x3A, 0xD0, 0x3A, 0x51, 0x4B, 0x92, 0x53, 0xB2, 0x53, 0x14, 0x64,
    0x92, 0x53, 0x72, 0x4B, 0xF3, 0x63, 0xD3, 0x5B, 0xD3, 0x5B, 0x34, 0x64, 0x14, 0x5C, 0x17, 0x7D,
    0xFA, 0x9D, 0x5B, 0xAE, 0x7C, 0xB6, 0x9C, 0xBE, 0x7C, 0xAE, 0x7C, 0xB6, 0x9C, 0xB6, 0x9C, 0xB6,
    0x9C, 0xC6, 0x3C, 0xEF, 0xBB, 0xCE, 0x5A, 0xC6, 0x36, 0x95, 0x96, 0xBD, 0x07, 0x52, 0x01, 0x00,
    0x62, 0x08, 0x41, 0x08, 0x20, 0x00, 0x20, 0x00, 0x20, 0x00, 0x20, 0x00, 0x20, 0x08, 0x40, 0x10,
    0x60, 0x18, 0x80, 0x20, 0xE1, 0x30, 0x41, 0x49, 0x21, 0x41, 0xC0, 0x28, 0xA3, 0x49, 0x80, 0x20,
    0x60, 0x18, 0x01, 0x31, 0x03, 0x62, 0x8E, 0xCD, 0x14, 0xF7, 0xE5, 0x82, 0x22, 0x39, 0x60, 0x10,
    0x20, 0x00, 0x00, 0x00, 0x00, 0x00, 0x00, 0x00, 0x00, 0x00, 0x00, 0x00, 0x00, 0x00, 0x00, 0x00,
    0x00, 0x00, 0x00, 0x00, 0x00, 0x00, 0x00, 0x00, 0x00, 0x00, 0x00, 0x00, 0x00, 0x00, 0x00, 0x00,
    0x00, 0x00, 0x00, 0x00, 0x00, 0x00, 0x00, 0x00, 0x00, 0x00, 0x00, 0x00, 0x20, 0x08, 0x60, 0x18,
    0xA0, 0x28, 0xA9, 0x9B, 0x70, 0xFE, 0x4E, 0xF6, 0x32, 0xFF, 0xD7, 0xFF, 0x74, 0xFF, 0x87, 0xA3,
    0xA2, 0x59, 0x62, 0x41, 0xC1, 0x28, 0x40, 0x08, 0x60, 0x10, 0x22, 0x31, 0x00, 0x00, 0x00, 0x00,
    0x00, 0x00, 0x00, 0x00, 0x00, 0x00, 0x00, 0x00, 0x20, 0x00, 0x00, 0x00, 0x21, 0x00, 0x30, 0x53,
    0xF4, 0x6B, 0x6D, 0x3A, 0x4D, 0x3A, 0x4D, 0x3A, 0x4D, 0x3A, 0x6E, 0x3A, 0xAF, 0x42, 0x10, 0x43,
    0x31, 0x4B, 0x92, 0x53, 0x14, 0x64, 0x34, 0x64, 0x14, 0x64, 0x92, 0x4B, 0xF4, 0x5B, 0x14, 0x64,
    0x55, 0x64, 0xD6, 0x84, 0xB6, 0x74, 0xD7, 0x7C, 0xB6, 0x74, 0xD7, 0x74, 0xD7, 0x7C, 0x78, 0x9D,
    0xF6, 0x84, 0x35, 0x64, 0xD3, 0x5B, 0xB3, 0x53, 0xB3, 0x5B, 0x72, 0x4B, 0x52, 0x4B, 0x92, 0x53,
    0xD3, 0x5B, 0x14, 0x64, 0x14, 0x5C, 0x14, 0x64, 0x96, 0x6C, 0x17, 0x7D, 0x79, 0x95, 0xDA, 0x9D,
    0xFA, 0x9D, 0x3B, 0xA6, 0x5B, 0xAE, 0x5B, 0xAE, 0xBC, 0xC6, 0x7D, 0xF7, 0x1C, 0xDF, 0x9C, 0xBE,
    0x9C, 0xB6, 0x9C, 0xB6, 0x9C, 0xBE, 0xBB, 0xCE, 0xFB, 0xDE, 0x1B, 0xEF, 0xDA, 0xEE, 0xCD, 0x8B,
    0x21, 0x00, 0x82, 0x10, 0x41, 0x08, 0x41, 0x08, 0x20, 0x00, 0x20, 0x00, 0x20, 0x00, 0x20, 0x08,
    0x40, 0x08, 0x60, 0x18, 0xC1, 0x28, 0xA5, 0x72, 0x85, 0x72, 0x8E, 0xCD, 0xC8, 0x9B, 0xC0, 0x38,
    0xC0, 0x28, 0x60, 0x18, 0x60, 0x10, 0xE1, 0x28, 0xA2, 0x51, 0xAB, 0xB4, 0x30, 0xDE, 0x64, 0x6A,
    0x01, 0x31, 0x40, 0x10, 0x00, 0x00, 0x00, 0x00, 0x00, 0x00, 0x00, 0x00, 0x00, 0x00, 0x00, 0x00,
    0x00, 0x00, 0x00, 0x00, 0x00, 0x00, 0x00, 0x00, 0x00, 0x00, 0x00, 0x00, 0x00, 0x00, 0x00, 0x00,
    0x00, 0x00, 0x00, 0x00, 0x00, 0x00, 0x00, 0x00, 0x00, 0x00, 0x00, 0x00, 0x00, 0x00, 0x00, 0x00,
    0x20, 0x08, 0x60, 0x10, 0xA0, 0x20, 0x24, 0x6A, 0xE8, 0xBB, 0x2A, 0xED, 0x4D, 0xF6, 0x8D, 0xFE,
    0x0F, 0xFF, 0xAD, 0xDD, 0xA2, 0x59, 0xC1, 0x28, 0x80, 0x20, 0x60, 0x18, 0x20, 0x08, 0x40, 0x10,
    0x00, 0x00, 0x00, 0x00, 0x00, 0x00, 0x00, 0x00, 0x00, 0x00, 0x00, 0x00, 0x00, 0x00, 0x21, 0x00,
    0x00, 0x00, 0x00, 0x00, 0x2C, 0x3A, 0xF4, 0x6B, 0xEF, 0x52, 0xED, 0x6A, 0xCD, 0x6A, 0x4D, 0x3A,
    0x4D, 0x32, 0x6E, 0x3A, 0xF0, 0x42, 0x51, 0x4B, 0x72, 0x4B, 0xF3, 0x5B, 0x72, 0x4B, 0x93, 0x53,
    0xD4, 0x5B, 0x35, 0x6C, 0x56, 0xA5, 0xF7, 0xCD, 0x97, 0xAD, 0xF7, 0x7C, 0xD7, 0x74, 0x17, 0x85,
    0x38, 0x85, 0xD9, 0xAD, 0x99, 0x9D, 0x58, 0x85, 0x99, 0x8D, 0xBA, 0x95, 0xDA, 0x9D, 0xBA, 0x95,
    0xDA, 0x95, 0xFA, 0x9D, 0xDA, 0x9D, 0xFA, 0x9D, 0x1B, 0xA6, 0x1B, 0x9E, 0xFB, 0x9D, 0x1B, 0xA6,
    0x3B, 0xA6, 0x5B, 0xAE, 0x9B, 0xBE, 0x3B, 0xAE, 0x3B, 0xA6, 0x5B, 0xAE, 0xDC, 0xCE, 0x9C, 0xFF,
    0x9D, 0xFF, 0x9C, 0xBE, 0x7C, 0xB6, 0x9C, 0xBE, 0x9C, 0xC6, 0xDB, 0xD6, 0x1B, 0xE7, 0x7C, 0xF7,
    0x39, 0xF7, 0x65, 0x39, 0x82, 0x10, 0x82, 0x10, 0x61, 0x08, 0x41, 0x08, 0x20, 0x00, 0x20, 0x00,
    0x20, 0x00, 0x20, 0x08, 0x40, 0x08, 0x80, 0x18, 0xC0, 0x30, 0x69, 0xBC, 0x53, 0xFF, 0xF7, 0xFF,
    0x8E, 0xCD, 0xC3, 0x59, 0xC1, 0x30, 0x60, 0x18, 0x40, 0x10, 0x60, 0x18, 0xA1, 0x20, 0x82, 0x49,
    0x43, 0x6A, 0xA1, 0x20, 0x80, 0x18, 0x20, 0x08, 0x00, 0x00, 0x00, 0x00, 0x00, 0x00, 0x00, 0x00,
    0x00, 0x00, 0x00, 0x00, 0x00, 0x00, 0x00, 0x00, 0x00, 0x00, 0x00, 0x00, 0x00, 0x00, 0x00, 0x00,
    0x00, 0x00, 0x00, 0x00, 0x00, 0x00, 0x00, 0x00, 0x00, 0x00, 0x00, 0x00, 0x00, 0x00, 0x00, 0x00,
    0x00, 0x00, 0x00, 0x00, 0x20, 0x08, 0x40, 0x10, 0x80, 0x20, 0xE1, 0x30, 0x42, 0x49, 0x08, 0xB4,
    0xEB, 0xFD, 0xC8, 0xD4, 0x07, 0xBC, 0x68, 0xBC, 0xA2, 0x51, 0xC1, 0x28, 0x22, 0x39, 0x40, 0x10,
    0x20, 0x08, 0x00, 0x00, 0x00, 0x00, 0x00, 0x00, 0x00, 0x00, 0x00, 0x00, 0x00, 0x00, 0x00, 0x00,
    0x00, 0x00, 0x00, 0x00, 0x00, 0x00, 0x00, 0x00, 0x00, 0x00, 0x89, 0x29, 0x14, 0x74, 0x91, 0x6B,
    0x8D, 0x52, 0x2C, 0x3A, 0x0C, 0x2A, 0x2D, 0x32, 0x6E, 0x32, 0xCF, 0x42, 0x10, 0x43, 0x31, 0x43,
    0x31, 0x43, 0x72, 0x53, 0xD4, 0x5B, 0x14, 0x64, 0x56, 0xAD, 0x17, 0xDE, 0x97, 0xAD, 0xF7, 0x7C,
    0xF7, 0x7C, 0x18, 0x85, 0x38, 0x85, 0x38, 0x85, 0x58, 0x85, 0x79, 0x8D, 0x99, 0x95, 0xB9, 0x95,
    0x1A, 0xB6, 0x7A, 0xBE, 0xFA, 0x9D, 0xDA, 0x9D, 0xBA, 0x95, 0xDA, 0x95, 0xFA, 0x9D, 0x1B, 0xA6,
    0x1A, 0xA6, 0xFA, 0x9D, 0x1B, 0x9E, 0x9C, 0xBE, 0x3D, 0xDF, 0x5B, 0xAE, 0x5B, 0xAE, 0x5B, 0xAE,
    0x5B, 0xAE, 0xFC, 0xD6, 0xFC, 0xD6, 0x9C, 0xBE, 0x7C, 0xB6, 0x9C, 0xBE, 0xBC, 0xCE, 0xDB, 0xDE,
    0x1B, 0xEF, 0x5C, 0xF7, 0x9B, 0xF7, 0x06, 0x4A, 0xA2, 0x10, 0x82, 0x10, 0x61, 0x08, 0x41, 0x08,
    0x20, 0x00, 0x20, 0x00, 0x20, 0x00, 0x20, 0x08, 0x40, 0x08, 0x80, 0x18, 0xC1, 0x28, 0x25, 0x93,
    0x8D, 0xFE, 0xAF, 0xF6, 0x31, 0xFF, 0x8A, 0xB4, 0xA0, 0x28, 0x60, 0x10, 0xC1, 0x28, 0x22, 0x31,
    0x60, 0x10, 0xC1, 0x20, 0xE1, 0x28, 0x60, 0x10, 0x40, 0x10, 0x20, 0x00, 0x00, 0x00, 0x00, 0x00,
    0x00, 0x00, 0x00, 0x00, 0x00, 0x00, 0x00, 0x00, 0x00, 0x00, 0x00, 0x00, 0x00, 0x00, 0x00, 0x00,
    0x00, 0x00, 0x00, 0x00, 0x00, 0x00, 0x00, 0x00, 0x00, 0x00, 0x00, 0x00, 0x00, 0x00, 0x00, 0x00,
    0x00, 0x00, 0x00, 0x00, 0x00, 0x00, 0x00, 0x00, 0x20, 0x00, 0x40, 0x08, 0x60, 0x10, 0xA1, 0x20,
    0xE1, 0x30, 0xA5, 0x82, 0x88, 0xD4, 0x23, 0x72, 0x62, 0x51, 0x01, 0x39, 0xC1, 0x28, 0x60, 0x18,
    0x63, 0x41, 0xC1, 0x20, 0x00, 0x00, 0x00, 0x00, 0x00, 0x00, 0x00, 0x00, 0x00, 0x00, 0x00, 0x00,
    0x00, 0x00, 0x00, 0x00, 0x00, 0x00, 0x00, 0x00, 0x00, 0x00, 0x00, 0x00, 0x21, 0x00, 0x00, 0x00,
    0xE6, 0x10, 0x92, 0x5B, 0x52, 0x53, 0x4D, 0x32, 0x2D, 0x32, 0x2D, 0x32, 0x2D, 0x32, 0x4E, 0x32,
    0x6E, 0x32, 0xCF, 0x42, 0xD2, 0x6B, 0x92, 0x5B, 0x34, 0x6C, 0xF4, 0x5B, 0x95, 0x7C, 0xD6, 0x8C,
    0xF7, 0x7C, 0x17, 0x7D, 0x17, 0x85, 0x38, 0x85, 0x18, 0x85, 0x38, 0x85, 0x79, 0x8D, 0xB9, 0x95,
    0xB9, 0x95, 0x3A, 0xBE, 0xFA, 0xEE, 0x3B, 0xFF, 0xBB, 0xD6, 0xFA, 0xA5, 0xFA, 0x9D, 0xDA, 0x9D,
    0xFA, 0x9D, 0x3B, 0xA6, 0x3B, 0xAE, 0x1B, 0xA6, 0x3B, 0xA6, 0x5B, 0xAE, 0x5B, 0xAE, 0x7C, 0xAE,
    0x5B, 0xAE, 0x5C, 0xAE, 0x7C, 0xAE, 0x7C, 0xAE, 0x5B, 0xAE, 0x7C, 0xB6, 0x7C, 0xB6, 0xBC, 0xC6,
    0x5C, 0xEF, 0x1C, 0xE7, 0xFB, 0xE6, 0x3B, 0xF7, 0xFD, 0xFF, 0x8B, 0x7B, 0x81, 0x10, 0xA2, 0x10,
    0x61, 0x08, 0x41, 0x08, 0x20, 0x00, 0x20, 0x00, 0x20, 0x00, 0x20, 0x00, 0x40, 0x08, 0x60, 0x18,
    0xE1, 0x30, 0x68, 0xC4, 0x29, 0xE5, 0x2C, 0xFE, 0xE6, 0xB3, 0x41, 0x51, 0xC1, 0x28, 0x60, 0x18,
    0x80, 0x18, 0xA1, 0x20, 0x20, 0x08, 0x40, 0x10, 0x40, 0x10, 0x20, 0x08, 0x20, 0x00, 0x00, 0x00,
    0x00, 0x00, 0x00, 0x00, 0x00, 0x00, 0x00, 0x00, 0x00, 0x00, 0x00, 0x00, 0x00, 0x00, 0x00, 0x00,
    0x00, 0x00, 0x00, 0x00, 0x00, 0x00, 0x00, 0x00, 0x00, 0x00, 0x00, 0x00, 0x00, 0x00, 0x00, 0x00,
    0x00, 0x00, 0x00, 0x00, 0x00, 0x00, 0x00, 0x00, 0x00, 0x00, 0x00, 0x00, 0x00, 0x00, 0x20, 0x08,
    0x40, 0x08, 0x60, 0x10, 0x80, 0x20, 0x01, 0x39, 0x42, 0x49, 0x01, 0x39, 0xE1, 0x30, 0xE1, 0x30,
    0x80, 0x18, 0x40, 0x10, 0x40, 0x10, 0x40, 0x08, 0xC1, 0x20, 0x60, 0x08, 0x00, 0x00, 0x00, 0x00,
    0x00, 0x00, 0x00, 0x00, 0x00, 0x00, 0x00, 0x00, 0x00, 0x00, 0x00, 0x00, 0x00, 0x00, 0x00, 0x00,
    0x01, 0x00, 0x21, 0x00, 0x01, 0x00, 0x22, 0x00, 0xCF, 0x4A, 0xB3, 0x63, 0x6E, 0x3A, 0x2D, 0x32,
    0x0C, 0x2A, 0x0D, 0x2A, 0x4D, 0x32, 0xF0, 0x42, 0x91, 0x5B, 0x72, 0x53, 0xD3, 0x63, 0xF4, 0x63,
    0x14, 0x5C, 0x35, 0x64, 0x96, 0x6C, 0xF7, 0x7C, 0x17, 0x85, 0x38, 0x85, 0x17, 0x7D, 0x38, 0x85,
    0x59, 0x8D, 0x99, 0x95, 0xB9, 0x95, 0xFA, 0xAD, 0xFB, 0xEE, 0xFB, 0xF6, 0x7A, 0xCE, 0xFA, 0x9D,
    0xFA, 0x9D, 0xFA, 0x9D, 0xFA, 0x9D, 0x1B, 0xA6, 0x3B, 0xAE, 0xFC, 0xDE, 0xBC, 0xC6, 0x5B, 0xAE,
    0x3B, 0xAE, 0x3B, 0xA6, 0x5B, 0xAE, 0x5B, 0xAE, 0x5B, 0xAE, 0x5B, 0xAE, 0x5B, 0xAE, 0x5B, 0xAE,
    0x7C, 0xB6, 0xBC, 0xCE, 0xBC, 0xFF, 0x7C, 0xF7, 0xDB, 0xE6, 0x3B, 0xF7, 0xFD, 0xFF, 0x72, 0xBD,
    0xC2, 0x20, 0xC2, 0x18, 0x61, 0x08, 0x41, 0x08, 0x20, 0x00, 0x20, 0x00, 0x00, 0x00, 0x20, 0x00,
    0x20, 0x08, 0x40, 0x10, 0xA0, 0x20, 0x21, 0x41, 0x41, 0x51, 0x07, 0xBC, 0x23, 0x6A, 0xA0, 0x28,
    0xA0, 0x28, 0x60, 0x10, 0x20, 0x08, 0x00, 0x00, 0x20, 0x08, 0x20, 0x08, 0x20, 0x00, 0x00, 0x00,
    0x00, 0x00, 0x00, 0x00, 0x00, 0x00, 0x00, 0x00, 0x00, 0x00, 0x00, 0x00, 0x00, 0x00, 0x00, 0x00,
    0x00, 0x00, 0x00, 0x00, 0x00, 0x00, 0x00, 0x00, 0x00, 0x00, 0x00, 0x00, 0x00, 0x00, 0x00, 0x00,
    0x00, 0x00, 0x00, 0x00, 0x00, 0x00, 0x00, 0x00, 0x00, 0x00, 0x00, 0x00, 0x00, 0x00, 0x00, 0x00,
    0x00, 0x00, 0x00, 0x00, 0x20, 0x08, 0x40, 0x08, 0x40, 0x10, 0x60, 0x18, 0x60, 0x18, 0x80, 0x18,
    0x60, 0x18, 0x60, 0x18, 0x60, 0x10, 0x40, 0x10, 0x00, 0x08, 0x00, 0x00, 0x81, 0x10, 0x20, 0x08,
    0x00, 0x00, 0x20, 0x00, 0x00, 0x00, 0x00, 0x00, 0x00, 0x00, 0x00, 0x00, 0x00, 0x00, 0x00, 0x00,
    0x00, 0x00, 0x00, 0x00, 0x01, 0x00, 0x21, 0x00, 0x22, 0x00, 0x22, 0x00, 0x23, 0x00, 0xF7, 0x8C,
    0x35, 0x6C, 0x4E, 0x32, 0x2D, 0x2A, 0x4E, 0x32, 0x8F, 0x3A, 0xF0, 0x42, 0x51, 0x53, 0x72, 0x53,
    0xF4, 0x5B, 0x15, 0x64, 0x35, 0x64, 0x55, 0x6C, 0x96, 0x6C, 0xB7, 0x74, 0xF7, 0x7C, 0x17, 0x7D,
    0x18, 0x85, 0x38, 0x85, 0x58, 0x8D, 0x79, 0x8D, 0x99, 0x8D, 0xDA, 0x9D, 0x1A, 0xAE, 0xD9, 0xA5,
    0xFA, 0xA5, 0xFA, 0x9D, 0xFA, 0x9D, 0x1A, 0xA6, 0x1B, 0x9E, 0xFA, 0x9D, 0xFB, 0xDE, 0x7C, 0xFF,
    0x7C, 0xFF, 0x9B, 0xBE, 0x1B, 0xA6, 0x3B, 0xA6, 0x5B, 0xAE, 0x5B, 0xAE, 0x5B, 0xAE, 0x5B, 0xAE,
    0x5B, 0xAE, 0x5C, 0xAE, 0x7C, 0xB6, 0x7B, 0xBE, 0x1C, 0xE7, 0x1C, 0xE7, 0xDB, 0xDE, 0x3B, 0xEF,
    0xFC, 0xFF, 0x19, 0xEF, 0x84, 0x39, 0xA2, 0x18, 0x82, 0x10, 0x41, 0x08, 0x20, 0x00, 0x20, 0x00,
    0x20, 0x00, 0x20, 0x00, 0x20, 0x08, 0x40, 0x08, 0x40, 0x10, 0x80, 0x20, 0xA0, 0x28, 0xC0, 0x30,
    0xA0, 0x28, 0x80, 0x20, 0x60, 0x18, 0x20, 0x08, 0x20, 0x08, 0x20, 0x00, 0x00, 0x00, 0x00, 0x00,
    0x00, 0x00, 0x00, 0x00, 0x00, 0x00, 0x00, 0x00, 0x00, 0x00, 0x00, 0x00, 0x00, 0x00, 0x00, 0x00,
    0x00, 0x00, 0x00, 0x00, 0x00, 0x00, 0x00, 0x00, 0x00, 0x00, 0x00, 0x00, 0x00, 0x00, 0x00, 0x00,
    0x00, 0x00, 0x00, 0x00, 0x00, 0x00, 0x00, 0x00, 0x00, 0x00, 0x00, 0x00, 0x00, 0x00, 0x00, 0x00,
    0x00, 0x00, 0x00, 0x00, 0x00, 0x00, 0x00, 0x00, 0x00, 0x00, 0x20, 0x08, 0x40, 0x08, 0x20, 0x08,
    0xA1, 0x18, 0x81, 0x18, 0x40, 0x10, 0x40, 0x10, 0x00, 0x08, 0x20, 0x08, 0xA1, 0x20, 0x20, 0x08,
    0x00, 0x00, 0x00, 0x00, 0x00, 0x00, 0x00, 0x00, 0x20, 0x00, 0x00, 0x00, 0xE2, 0x28, 0x63, 0x39,
    0x00, 0x00, 0x00, 0x00, 0x00, 0x00, 0x00, 0x00, 0x01, 0x00, 0x21, 0x00, 0x22, 0x00, 0x42, 0x00,
    0x43, 0x00, 0x78, 0x9D, 0x1C, 0x9E, 0x94, 0x53, 0xD1, 0x3A, 0xD0, 0x3A, 0xF1, 0x42, 0x11, 0x43,
    0x32, 0x4B, 0x72, 0x53, 0xD4, 0x5B, 0xF4, 0x5B, 0x75, 0x6C, 0x76, 0x6C, 0x75, 0x6C, 0xB6, 0x74,
    0xB7, 0x74, 0xD7, 0x74, 0x38, 0x85, 0x98, 0x9D, 0x78, 0x95, 0x38, 0x85, 0x59, 0x85, 0x79, 0x8D,
    0x99, 0x95, 0xBA, 0x95, 0xBA, 0x95, 0xBA, 0x95, 0xDA, 0x9D, 0xFA, 0x9D, 0xFA, 0x9D, 0xFA, 0x9D,
    0x5B, 0xBE, 0x1B, 0xEF, 0x1B, 0xEF, 0x3B, 0xAE, 0x1B, 0xA6, 0x3B, 0xA6, 0x3B, 0xA6, 0x5B, 0xAE,
    0x3B, 0xA6, 0x5B, 0xAE, 0x5B, 0xAE, 0x5B, 0xAE, 0x7B, 0xB6, 0x7B, 0xB6, 0x7B, 0xBE, 0x9B, 0xCE,
    0xBB, 0xD6, 0x1B, 0xEF, 0xBC, 0xFF, 0xFD, 0xFF, 0x0A, 0x73, 0x82, 0x10, 0xA2, 0x10, 0x61, 0x08,
    0x21, 0x00, 0x20, 0x00, 0x20, 0x00, 0x20, 0x00, 0x00, 0x00, 0x00, 0x00, 0x40, 0x08, 0x40, 0x10,
    0x40, 0x10, 0x60, 0x10, 0x60, 0x10, 0x40, 0x10, 0xC1, 0x28, 0xA3, 0x41, 0x40, 0x10, 0x00, 0x00,
    0x40, 0x08, 0xC2, 0x20, 0x00, 0x00, 0x00, 0x00, 0x00, 0x00, 0x00, 0x00, 0x00, 0x00, 0x00, 0x00,
    0x00, 0x00, 0x00, 0x00, 0x00, 0x00, 0x00, 0x00, 0x00, 0x00, 0x00, 0x00, 0x00, 0x00, 0x00, 0x00,
    0x00, 0x00, 0x00, 0x00, 0x00, 0x00, 0x00, 0x00, 0x00, 0x00, 0x00, 0x00, 0x00, 0x00, 0x00, 0x00,
    0x00, 0x00, 0x00, 0x00, 0x00, 0x00, 0x00, 0x00, 0x00, 0x00, 0x00, 0x00, 0x00, 0x00, 0x00, 0x00,
    0x20, 0x08, 0x20, 0x08, 0xE2, 0x28, 0x81, 0x18, 0x20, 0x08, 0x20, 0x00, 0x63, 0x39, 0xE2, 0x28,
    0xC4, 0x49, 0x20, 0x08, 0x40, 0x10, 0x20, 0x08, 0x81, 0x18, 0xA6, 0x72, 0x20, 0x08, 0x00, 0x00,
    0x65, 0x62, 0xA8, 0x8B, 0x00, 0x00, 0x20, 0x00, 0x00, 0x00, 0x00, 0x00, 0x01, 0x00, 0x21, 0x00,
    0x42, 0x00, 0x42, 0x00, 0xE6, 0x10, 0x3C, 0xAE, 0xDC, 0x95, 0x78, 0x64, 0xB5, 0x53, 0x33, 0x43,
    0x32, 0x43, 0x12, 0x43, 0x73, 0x53, 0x72, 0x4B, 0xD4, 0x5B, 0xF4, 0x5B, 0x15, 0x64, 0x55, 0x64,
    0x96, 0x6C, 0x96, 0x74, 0xD7, 0x74, 0xD7, 0x74, 0x38, 0x85, 0x19, 0xBE, 0xB8, 0xA5, 0x38, 0x7D,
    0x59, 0x85, 0x79, 0x8D, 0x79, 0x8D, 0x99, 0x95, 0xB9, 0x95, 0xBA, 0x95, 0xBA, 0x95, 0xDA, 0x95,
    0x5B, 0xBE, 0x3B, 0xAE, 0x1A, 0xA6, 0x3A, 0xAE, 0x1A, 0xAE, 0x3B, 0xAE, 0x3B, 0xA6, 0x3B, 0xA6,
    0x1B, 0xA6, 0x3B, 0xA6, 0x3B, 0xA6, 0x3B, 0xA6, 0x5B, 0xAE, 0x5B, 0xB6, 0x7B, 0xB6, 0x7B, 0xBE,
    0x5B, 0xB6, 0x7B, 0xC6, 0xBB, 0xCE, 0xFB, 0xE6, 0x3B, 0xF7, 0xFD, 0xFF, 0xD0, 0xA4, 0x81, 0x18,
    0xA2, 0x18, 0x61, 0x08, 0x20, 0x00, 0x20, 0x00, 0x20, 0x00, 0x00, 0x00, 0x22, 0x31, 0xC1, 0x20,
    0x00, 0x00, 0x81, 0x18, 0x60, 0x10, 0x40, 0x10, 0x40, 0x10, 0x00, 0x08, 0xE3, 0x51, 0x8D, 0xCD,
    0x80, 0x18, 0x00, 0x00, 0x60, 0x10, 0x43, 0x31, 0x00, 0x00, 0x00, 0x00, 0x00, 0x00, 0x00, 0x00,
    0x00, 0x00, 0x00, 0x00, 0x00, 0x00, 0x00, 0x00, 0x00, 0x00, 0x00, 0x00, 0x00, 0x00, 0x00, 0x00,
    0x00, 0x00, 0x00, 0x00, 0x00, 0x00, 0x00, 0x00, 0x00, 0x00, 0x00, 0x00, 0x00, 0x00, 0x00, 0x00,
    0x00, 0x00, 0x00, 0x00, 0x00, 0x00, 0x00, 0x00, 0x00, 0x00, 0x00, 0x00, 0x00, 0x00, 0x00, 0x00,
    0x00, 0x00, 0x20, 0x00, 0x00, 0x00, 0x85, 0x6A, 0x04, 0x52, 0x00, 0x00, 0x20, 0x08, 0x00, 0x00,
    0xC1, 0x20, 0x60, 0x10, 0x02, 0x29, 0x02, 0x31, 0x40, 0x10, 0x60, 0x10, 0x60, 0x10, 0x42, 0x39,
    0x20, 0x08, 0x20, 0x00, 0x00, 0x00, 0x00, 0x00, 0x20, 0x00, 0x00, 0x00, 0x00, 0x00, 0x00, 0x00,
    0x01, 0x00, 0x21, 0x00, 0x42, 0x00, 0x02, 0x00, 0x8D, 0x42, 0x1F, 0xC7, 0x9B, 0x8D, 0xD9, 0x74,
    0xF6, 0x5B, 0x94, 0x4B, 0x74, 0x4B, 0x93, 0x5B, 0x54, 0x94, 0x33, 0x84, 0xD3, 0x5B, 0xD4, 0x5B,
    0x15, 0x5C, 0x35, 0x64, 0x76, 0x6C, 0x55, 0x6C, 0x96, 0x6C, 0x58, 0x95, 0xF7, 0x7C, 0x38, 0x85,
    0x38, 0x85, 0x38, 0x85, 0x38, 0x85, 0x58, 0x85, 0x79, 0x8D, 0x79, 0x8D, 0x99, 0x95, 0xBA, 0x95,
    0xB9, 0x95, 0xB9, 0x95, 0x9B, 0xCE, 0x3A, 0xB6, 0xDA, 0x9D, 0xDA, 0x9D, 0xDA, 0x9D, 0xFA, 0x9D,
    0x1B, 0xA6, 0x1B, 0xA6, 0x1B, 0xA6, 0x1B, 0xA6, 0x1B, 0xA6, 0x3B, 0xAE, 0x5B, 0xAE, 0x3B, 0xAE,
    0xBC, 0xCE, 0xDC, 0xD6, 0x5B, 0xAE, 0x5B, 0xB6, 0x7B, 0xC6, 0xBB, 0xDE, 0xFB, 0xEE, 0xBD, 0xFF,
    0x97, 0xDE, 0x03, 0x29, 0xA2, 0x18, 0x61, 0x08, 0x40, 0x08, 0x20, 0x00, 0x20, 0x00, 0x00, 0x00,
    0xE2, 0x28, 0xA1, 0x20, 0x00, 0x00, 0x61, 0x10, 0x63, 0x41, 0xE2, 0x28, 0x20, 0x08, 0x20, 0x08,
    0x40, 0x10, 0xA1, 0x20, 0x20, 0x08, 0x00, 0x00, 0x00, 0x00, 0x00, 0x00, 0x00, 0x00, 0x00, 0x00,
    0x00, 0x00, 0x00, 0x00, 0x00, 0x00, 0x00, 0x00, 0x00, 0x00, 0x00, 0x00, 0x00, 0x00, 0x00, 0x00,
    0x00, 0x00, 0x00, 0x00, 0x00, 0x00, 0x00, 0x00, 0x00, 0x00, 0x00, 0x00, 0x00, 0x00, 0x00, 0x00,
    0x00, 0x00, 0x00, 0x00, 0x00, 0x00, 0x00, 0x00, 0x00, 0x00, 0x00, 0x00, 0x00, 0x00, 0x00, 0x00,
    0x00, 0x00, 0x00, 0x00, 0x00, 0x00, 0x00, 0x00, 0x00, 0x00, 0x60, 0x10, 0x60, 0x10, 0x00, 0x00,
    0x00, 0x00, 0x00, 0x00, 0x00, 0x00, 0x20, 0x08, 0x22, 0x39, 0x01, 0x39, 0x22, 0x41, 0x80, 0x20,
    0x60, 0x18, 0x00, 0x00, 0x20, 0x00, 0x00, 0x00, 0x00, 0x00, 0x00, 0x00, 0x00, 0x00, 0x00, 0x00,
    0x00, 0x00, 0x00, 0x00, 0x01, 0x00, 0x21, 0x00, 0x43, 0x00, 0x23, 0x00, 0x74, 0x7C, 0x1F, 0xC7,
    0x9B, 0x8D, 0xD9, 0x74, 0xD6, 0x53, 0xB5, 0x53, 0x74, 0x4B, 0xD4, 0x63, 0xD4, 0xB4, 0x94, 0x94,
    0x93, 0x53, 0xD4, 0x5B, 0x35, 0x64, 0x35, 0x64, 0x15, 0x64, 0x95, 0x74, 0x77, 0xAD, 0x58, 0xDE,
    0xB7, 0xBD, 0x17, 0x85, 0x18, 0x7D, 0x38, 0x85, 0x58, 0x85, 0x38, 0x85, 0x58, 0x85, 0x79, 0x8D,
    0xB9, 0x95, 0xB9, 0x95, 0xDA, 0x9D, 0xBA, 0x95, 0xDA, 0x95, 0xFA, 0x9D, 0xDA, 0x9D, 0xFA, 0x9D,
    0xFA, 0x9D, 0xFA, 0x9D, 0xFA, 0x9D, 0x1B, 0x9E, 0x5B, 0xB6, 0xDB, 0xD6, 0x5B, 0xB6, 0x3B, 0xAE,
    0x1B, 0xA6, 0x1B, 0xA6, 0x7B, 0xBE, 0x7B, 0xBE, 0x3B, 0xAE, 0x5B, 0xB6, 0x5B, 0xBE, 0x9A, 0xCE,
    0xDA, 0xE6, 0x7C, 0xFF, 0x39, 0xF7, 0x64, 0x39, 0x81, 0x10, 0x61, 0x10, 0x40, 0x08, 0x20, 0x00,
    0x00, 0x00, 0x23, 0x31, 0xC2, 0x18, 0x00, 0x00, 0x20, 0x08, 0x00, 0x00, 0x20, 0x08, 0x00, 0x00,
    0x80, 0x18, 0x20, 0x08, 0x00, 0x00, 0x00, 0x00, 0x00, 0x00, 0x00, 0x00, 0x00, 0x00, 0x00, 0x00,
    0x00, 0x00, 0x00, 0x00, 0x00, 0x00, 0x00, 0x00, 0x00, 0x00, 0x00, 0x00, 0x00, 0x00, 0x00, 0x00,
    0x00, 0x00, 0x00, 0x00, 0x00, 0x00, 0x00, 0x00, 0x00, 0x00, 0x00, 0x00, 0x00, 0x00, 0x00, 0x00,
    0x00, 0x00, 0x00, 0x00, 0x00, 0x00, 0x00, 0x00, 0x00, 0x00, 0x00, 0x00, 0x00, 0x00, 0x00, 0x00,
    0x00, 0x00, 0x00, 0x00, 0x00, 0x00, 0x00, 0x00, 0x00, 0x00, 0x00, 0x00, 0x00, 0x00, 0x00, 0x00,
    0x00, 0x00, 0x00, 0x00, 0x00, 0x00, 0x00, 0x00, 0x20, 0x08, 0x40, 0x10, 0x60, 0x18, 0x26, 0x83,
    0x90, 0xDE, 0xE6, 0x7A, 0x60, 0x20, 0x40, 0x10, 0x20, 0x00, 0x00, 0x00, 0x00, 0x00, 0x00, 0x00,
    0x00, 0x00, 0x00, 0x00, 0x00, 0x00, 0x00, 0x00, 0x01, 0x00, 0x21, 0x00, 0x43, 0x00, 0x43, 0x00,
    0x57, 0xA5, 0xFE, 0xD6, 0x9A, 0x95, 0xB9, 0x6C, 0x17, 0x5C, 0xB5, 0x53, 0xB4, 0x4B, 0xB4, 0x5B,
    0xF4, 0x73, 0xF3, 0x6B, 0x93, 0x53, 0xB3, 0x5B, 0xD4, 0x5B, 0x15, 0x64, 0x75, 0x74, 0x55, 0x6C,
    0x36, 0xA5, 0xF7, 0xD5, 0xB7, 0xC5, 0xD6, 0x7C, 0xF7, 0x7C, 0x18, 0x85, 0x38, 0x85, 0x18, 0x7D,
    0x38, 0x85, 0x58, 0x85, 0x79, 0x8D, 0x79, 0x8D, 0xFA, 0xA5, 0xB9, 0x95, 0xB9, 0x95, 0xB9, 0x95,
    0xBA, 0x95, 0xDA, 0x9D, 0xFA, 0x9D, 0xDA, 0x9D, 0xDA, 0x95, 0x1A, 0xA6, 0xFB, 0xEE, 0x7B, 0xFF,
    0xFB, 0xDE, 0xFA, 0xA5, 0xFA, 0x9D, 0xDA, 0x9D, 0xFA, 0x9D, 0x3B, 0xAE, 0x3B, 0xAE, 0x3A, 0xAE,
    0x5A, 0xBE, 0x7A, 0xCE, 0xFA, 0xEE, 0xDC, 0xFF, 0xD7, 0xEE, 0x23, 0x31, 0x81, 0x10, 0x61, 0x10,
    0x40, 0x08, 0x20, 0x00, 0x20, 0x00, 0x61, 0x10, 0x40, 0x08, 0x00, 0x00, 0x20, 0x08, 0xA1, 0x18,
    0x20, 0x08, 0x20, 0x00, 0x20, 0x00, 0x00, 0x00, 0x00, 0x00, 0x00, 0x00, 0x00, 0x00, 0x00, 0x00,
    0x00, 0x00, 0x00, 0x00, 0x00, 0x00, 0x00, 0x00, 0x00, 0x00, 0x00, 0x00, 0x00, 0x00, 0x00, 0x00,
    0x00, 0x00, 0x00, 0x00, 0x00, 0x00, 0x00, 0x00, 0x00, 0x00, 0x00, 0x00, 0x00, 0x00, 0x00, 0x00,
    0x00, 0x00, 0x00, 0x00, 0x00, 0x00, 0x00, 0x00, 0x00, 0x00, 0x00, 0x00, 0x00, 0x00, 0x00, 0x00,
    0x00, 0x00, 0x00, 0x00, 0x00, 0x00, 0x00, 0x00, 0x00, 0x00, 0x00, 0x00, 0x00, 0x00, 0x00, 0x00,
    0x00, 0x00, 0x00, 0x00, 0x00, 0x00, 0x00, 0x00, 0x00, 0x00, 0x00, 0x00, 0x20, 0x08, 0x40, 0x10,
    0x40, 0x10, 0x87, 0x93, 0x10, 0xFF, 0xC5, 0x7A, 0x40, 0x18, 0x60, 0x10, 0x40, 0x08, 0x00, 0x00,
    0x00, 0x00, 0x00, 0x00, 0x00, 0x00, 0x00, 0x00, 0x00, 0x00, 0x00, 0x00, 0x21, 0x00, 0x22, 0x00,
    0x63, 0x00, 0x23, 0x00, 0xB6, 0x84, 0x9E, 0xC6, 0x9A, 0xAD, 0xF8, 0x94, 0x57, 0x74, 0xF5, 0x5B,
    0xB5, 0x53, 0x94, 0x4B, 0x53, 0x43, 0x52, 0x4B, 0x93, 0x53, 0xD4, 0x5B, 0xB3, 0x53, 0x54, 0x74,
    0x36, 0xA5, 0x55, 0x6C, 0x96, 0x74, 0xB6, 0x84, 0xF6, 0x8C, 0xD7, 0x7C, 0xF7, 0x7C, 0xD7, 0x7C,
    0xF7, 0x7C, 0x38, 0x85, 0x18, 0x7D, 0x58, 0x8D, 0x99, 0x95, 0x58, 0x85, 0xDA, 0xA5, 0xB9, 0x9D,
    0x99, 0x95, 0x99, 0x95, 0x99, 0x8D, 0xB9, 0x95, 0xB9, 0x95, 0xDA, 0x95, 0xDA, 0x95, 0xB9, 0x95,
    0x7A, 0xCE, 0x1B, 0xF7, 0x7A, 0xCE, 0xDA, 0x9D, 0xFA, 0x9D, 0xDA, 0x95, 0xDA, 0x95, 0xFA, 0x9D,
    0x1A, 0xA6, 0x5A, 0xBE, 0xDB, 0xDE, 0x3B, 0xFF, 0x5B, 0xFF, 0x5B, 0xF7, 0x56, 0xDE, 0x23, 0x31,
    0x82, 0x18, 0x61, 0x10, 0x40, 0x08, 0x20, 0x00, 0x20, 0x00, 0x00, 0x00, 0x81, 0x18, 0xC1, 0x20,
    0x00, 0x08, 0x42, 0x39, 0x02, 0x31, 0x00, 0x00, 0x20, 0x00, 0x00, 0x00, 0xC1, 0x18, 0x20, 0x08,
    0x00, 0x00, 0x00, 0x00, 0x00, 0x00, 0x00, 0x00, 0x00, 0x00, 0x00, 0x00, 0x00, 0x00, 0x00, 0x00,
    0x00, 0x00, 0x00, 0x00, 0x00, 0x00, 0x00, 0x00, 0x00, 0x00, 0x00, 0x00, 0x00, 0x00, 0x00, 0x00,
    0x00, 0x00, 0x00, 0x00, 0x00, 0x00, 0x00, 0x00, 0x00, 0x00, 0x00, 0x00, 0x00, 0x00, 0x00, 0x00,
    0x00, 0x00, 0x00, 0x00, 0x00, 0x00, 0x00, 0x00, 0x00, 0x00, 0x00, 0x00, 0x00, 0x00, 0x00, 0x00,
    0x00, 0x00, 0x00, 0x00, 0x00, 0x00, 0x00, 0x00, 0x00, 0x00, 0x00, 0x00, 0x00, 0x00, 0x00, 0x00,
    0x00, 0x00, 0x20, 0x08, 0x40, 0x10, 0xE1, 0x30, 0x62, 0x49, 0xE1, 0x30, 0x40, 0x10, 0x60, 0x10,
    0x41, 0x08, 0x81, 0x10, 0x00, 0x00, 0x00, 0x00, 0x00, 0x00, 0x00, 0x00, 0x00, 0x00, 0x00, 0x00,
    0x21, 0x00, 0x42, 0x00, 0x42, 0x00, 0x84, 0x08, 0x38, 0x8D, 0xDC, 0x95, 0xD8, 0x7C, 0xD8, 0x8C,
    0xB7, 0x9C, 0x95, 0x94, 0x55, 0x8C, 0xD3, 0x73, 0x93, 0x63, 0x72, 0x5B, 0x32, 0x4B, 0x72, 0x4B,
    0x93, 0x53, 0xD3, 0x5B, 0x92, 0x53, 0xF4, 0x5B, 0xF4, 0x5B, 0xF4, 0x5B, 0x75, 0x6C, 0xB6, 0x74,
    0xB6, 0x74, 0xB6, 0x74, 0xD7, 0x74, 0x17, 0x85, 0x38, 0x85, 0x98, 0xA5, 0xF9, 0xB5, 0x58, 0x85,
    0x99, 0x95, 0x99, 0x95, 0x79, 0x8D, 0x99, 0x8D, 0x79, 0x8D, 0xB9, 0x95, 0x99, 0x95, 0x99, 0x8D,
    0xB9, 0x95, 0xB9, 0x95, 0xB9, 0x9D, 0xB9, 0x9D, 0xD9, 0x9D, 0xDA, 0x9D, 0xFA, 0xA5, 0xFA, 0xA5,
    0x3A, 0xB6, 0x7A, 0xCE, 0xDA, 0xE6, 0x1B, 0xF7, 0x1B, 0xEF, 0xDA, 0xE6, 0x79, 0xD6, 0x98, 0xDE,
    0x7A, 0xFF, 0x47, 0x5A, 0x41, 0x10, 0x61, 0x10, 0x40, 0x08, 0x20, 0x00, 0x20, 0x00, 0x20, 0x00,
    0x81, 0x18, 0x83, 0x41, 0xA5, 0x6A, 0xA0, 0x20, 0x63, 0x39, 0x02, 0x29, 0x00, 0x00, 0x20, 0x00,
    0x40, 0x08, 0x20, 0x08, 0x00, 0x00, 0x00, 0x00, 0x00, 0x00, 0x00, 0x00, 0x00, 0x00, 0x00, 0x00,
    0x00, 0x00, 0x00, 0x00, 0x00, 0x00, 0x00, 0x00, 0x00, 0x00, 0x00, 0x00, 0x00, 0x00, 0x00, 0x00,
    0x00, 0x00, 0x00, 0x00, 0x00, 0x00, 0x00, 0x00, 0x00, 0x00, 0x00, 0x00, 0x00, 0x00, 0x00, 0x00,
    0x00, 0x00, 0x00, 0x00, 0x00, 0x00, 0x00, 0x00, 0x00, 0x00, 0x00, 0x00, 0x00, 0x00, 0x00, 0x00,
    0x00, 0x00, 0x00, 0x00, 0x00, 0x00, 0x00, 0x00, 0x00, 0x00, 0x00, 0x00, 0x00, 0x00, 0x00, 0x00,
    0x20, 0x00, 0x40, 0x08, 0x00, 0x00, 0x20, 0x00, 0x20, 0x08, 0x20, 0x10, 0x20, 0x10, 0x40, 0x10,
    0x40, 0x08, 0x00, 0x00, 0x00, 0x00, 0x20, 0x00, 0x00, 0x00, 0x00, 0x00, 0x20, 0x00, 0x00, 0x00,
    0x00, 0x00, 0x21, 0x00, 0x21, 0x00, 0x42, 0x08, 0x22, 0x00, 0x0A, 0x3A, 0xBE, 0xBE, 0x3A, 0x85,
    0x37, 0x5C, 0xB5, 0x53, 0xF5, 0x5B, 0xF4, 0x6B, 0x14, 0x7C, 0x13, 0x84, 0xF3, 0x8B, 0xF2, 0x8B,
    0x12, 0x8C, 0x33, 0x8C, 0x13, 0x84, 0xF3, 0x7B, 0x13, 0x74, 0x13, 0x6C, 0x14, 0x6C, 0x14, 0x6C,
    0x55, 0x6C, 0x55, 0x6C, 0x55, 0x6C, 0x55, 0x64, 0x96, 0x6C, 0xD7, 0x7C, 0xF7, 0x7C, 0xF7, 0x7C,
    0xD7, 0x74, 0x18, 0x7D, 0x38, 0x85, 0x38, 0x85, 0x38, 0x85, 0x58, 0x85, 0x79, 0x8D, 0x79, 0x8D,
    0x79, 0x8D, 0x99, 0x95, 0xB9, 0x9D, 0xD9, 0x9D, 0xD9, 0xA5, 0xF9, 0xAD, 0x39, 0xBE, 0x9A, 0xD6,
    0xDA, 0xE6, 0x1B, 0xEF, 0x1B, 0xF7, 0xDA, 0xEE, 0x79, 0xD6, 0x19, 0xBE, 0xB8, 0xAD, 0xD8, 0xB5,
    0x38, 0xCE, 0xBA, 0xE6, 0x9B, 0xFF, 0x4A, 0x7B, 0x20, 0x08, 0x61, 0x10, 0x20, 0x08, 0x20, 0x00,
    0x20, 0x00, 0x20, 0x00, 0x20, 0x08, 0x84, 0x6A, 0x6D, 0xCD, 0x42, 0x41, 0x40, 0x08, 0x40, 0x08,
    0x20, 0x00, 0x40, 0x10, 0xC0, 0x28, 0xE0, 0x30, 0x80, 0x18, 0x00, 0x00, 0x00, 0x00, 0x00, 0x00,
    0x00, 0x00, 0x00, 0x00, 0x00, 0x00, 0x00, 0x00, 0x00, 0x00, 0x00, 0x00, 0x00, 0x00, 0x00, 0x00,
    0x00, 0x00, 0x00, 0x00, 0x00, 0x00, 0x00, 0x00, 0x00, 0x00, 0x00, 0x00, 0x00, 0x00, 0x00, 0x00,
    0x00, 0x00, 0x00, 0x00, 0x00, 0x00, 0x00, 0x00, 0x00, 0x00, 0x00, 0x00, 0x00, 0x00, 0x00, 0x00,
    0x00, 0x00, 0x00, 0x00, 0x00, 0x00, 0x00, 0x00, 0x00, 0x00, 0x00, 0x00, 0x00, 0x00, 0x00, 0x00,
    0x00, 0x00, 0x00, 0x00, 0xA1, 0x18, 0x43, 0x31, 0x00, 0x00, 0x00, 0x00, 0x00, 0x00, 0x20, 0x08,
    0x20, 0x08, 0x20, 0x08, 0x00, 0x00, 0x00, 0x00, 0x00, 0x00, 0x00, 0x00, 0x00, 0x00, 0x00, 0x00,
    0x20, 0x00, 0x20, 0x00, 0x20, 0x00, 0x21, 0x00, 0x42, 0x08, 0x42, 0x08, 0x01, 0x00, 0x6C, 0x4A,
    0x5D, 0xAE, 0x1A, 0x7D, 0x77, 0x6C, 0xD5, 0x5B, 0x33, 0x43, 0x12, 0x43, 0xD1, 0x3A, 0xD0, 0x3A,
    0xF1, 0x4A, 0x31, 0x53, 0x92, 0x63, 0xD2, 0x73, 0xF2, 0x83, 0x73, 0x94, 0x94, 0x9C, 0xB4, 0xA4,
    0xD4, 0xAC, 0x15, 0xAD, 0x15, 0xAD, 0x15, 0xAD, 0x16, 0xAD, 0x36, 0xAD, 0x77, 0xB5, 0x97, 0xAD,
    0x97, 0xAD, 0x97, 0xAD, 0x98, 0xAD, 0x98, 0xAD, 0x98, 0xAD, 0xB8, 0xB5, 0xD8, 0xB5, 0xF8, 0xBD,
    0x39, 0xC6, 0x39, 0xC6, 0x59, 0xCE, 0x7A, 0xD6, 0x9A, 0xDE, 0x9A, 0xDE, 0xBA, 0xE6, 0xBA, 0xE6,
    0x79, 0xDE, 0x79, 0xD6, 0x5A, 0xCE, 0x5A, 0xC6, 0xF9, 0xAD, 0x98, 0x9D, 0x58, 0x8D, 0x17, 0x85,
    0x37, 0x95, 0xB8, 0xAD, 0x7A, 0xCE, 0xBA, 0xDE, 0x5A, 0xFF, 0xE9, 0x72, 0x20, 0x08, 0x61, 0x10,
    0x20, 0x08, 0x20, 0x00, 0x00, 0x00, 0x20, 0x00, 0x20, 0x08, 0x80, 0x18, 0x41, 0x39, 0x40, 0x08,
    0x20, 0x00, 0x00, 0x00, 0x20, 0x00, 0x00, 0x08, 0x2A, 0xA4, 0x8E, 0xCD, 0x60, 0x18, 0x20, 0x00,
    0x00, 0x00, 0x00, 0x00, 0x00, 0x00, 0x00, 0x00, 0x00, 0x00, 0x00, 0x00, 0x00, 0x00, 0x00, 0x00,
    0x00, 0x00, 0x00, 0x00, 0x00, 0x00, 0x00, 0x00, 0x00, 0x00, 0x00, 0x00, 0x00, 0x00, 0x00, 0x00,
    0x00, 0x00, 0x00, 0x00, 0x00, 0x00, 0x00, 0x00, 0x00, 0x00, 0x00, 0x00, 0x00, 0x00, 0x00, 0x00,
    0x00, 0x00, 0x00, 0x00, 0x00, 0x00, 0x00, 0x00, 0x00, 0x00, 0x00, 0x00, 0x00, 0x00, 0x00, 0x00,
    0x00, 0x00, 0x00, 0x00, 0x00, 0x00, 0x00, 0x00, 0x00, 0x00, 0x00, 0x00, 0x00, 0x00, 0x00, 0x00,
    0x20, 0x00, 0x00, 0x00, 0x00, 0x00, 0x00, 0x00, 0x00, 0x00, 0xA1, 0x18, 0x00, 0x00, 0x00, 0x00,
    0x00, 0x00, 0x00, 0x00, 0x00, 0x00, 0x00, 0x00, 0x21, 0x00, 0x21, 0x08, 0x00, 0x00, 0x83, 0x10,
    0x01, 0x08, 0x48, 0x21, 0xFC, 0xA5, 0xD9, 0x7C, 0x77, 0x6C, 0x16, 0x64, 0xB5, 0x5B, 0x12, 0x43,
    0xD1, 0x42, 0x4F, 0x32, 0x4F, 0x32, 0x6F, 0x32, 0x4E, 0x32, 0xB0, 0x3A, 0xF0, 0x42, 0x31, 0x4B,
    0x51, 0x53, 0xB2, 0x63, 0xF3, 0x73, 0x33, 0x7C, 0x54, 0x84, 0xB5, 0x94, 0xF5, 0x9C, 0x56, 0xB5,
    0x97, 0xB5, 0xB7, 0xBD, 0x97, 0xBD, 0x97, 0xB5, 0xD8, 0xC5, 0xD8, 0xC5, 0xD8, 0xC5, 0x18, 0xC6,
    0x18, 0xC6, 0xF8, 0xC5, 0x39, 0xCE, 0x59, 0xCE, 0x39, 0xC6, 0xF9, 0xBD, 0x19, 0xBE, 0xD9, 0xB5,
    0xB8, 0xA5, 0x98, 0x9D, 0x58, 0x95, 0x58, 0x8D, 0x17, 0x7D, 0xF7, 0x7C, 0xF7, 0x84, 0x37, 0x8D,
    0x58, 0x8D, 0x98, 0x9D, 0xF9, 0xAD, 0x19, 0xBE, 0x19, 0xC6, 0x9A, 0xDE, 0xD8, 0xEE, 0x84, 0x41,
    0x41, 0x10, 0x41, 0x10, 0x20, 0x08, 0x20, 0x00, 0x00, 0x00, 0x20, 0x00, 0x20, 0x00, 0x20, 0x00,
    0x20, 0x00, 0x20, 0x00, 0x00, 0x00, 0x00, 0x00, 0x00, 0x00, 0x40, 0x10, 0x44, 0x62, 0xC6, 0x72,
    0x60, 0x18, 0x00, 0x00, 0x00, 0x00, 0x00, 0x00, 0x00, 0x00, 0x00, 0x00, 0x00, 0x00, 0x00, 0x00,
    0x00, 0x00, 0x00, 0x00, 0x00, 0x00, 0x00, 0x00, 0x00, 0x00, 0x00, 0x00, 0x00, 0x00, 0x00, 0x00,
    0x00, 0x00, 0x00, 0x00, 0x00, 0x00, 0x00, 0x00, 0x00, 0x00, 0x00, 0x00, 0x00, 0x00, 0x00, 0x00,
    0x00, 0x00, 0x00, 0x00, 0x00, 0x00, 0x00, 0x00, 0x00, 0x00, 0x00, 0x00, 0x00, 0x00, 0x00, 0x00,
    0x00, 0x00, 0x00, 0x00, 0x00, 0x00, 0x00, 0x00, 0x00, 0x00, 0x00, 0x00, 0x00, 0x00, 0x00, 0x00,
    0x00, 0x00, 0x00, 0x00, 0x41, 0x08, 0x00, 0x00, 0x00, 0x00, 0x00, 0x00, 0x00, 0x00, 0x05, 0x52,
    0xC4, 0x49, 0xA1, 0x18, 0x00, 0x00, 0x00, 0x00, 0x00, 0x00, 0x20, 0x00, 0x21, 0x08, 0x21, 0x08,
    0x2E, 0x7B, 0xF5, 0xCC, 0x73, 0xC4, 0x26, 0x39, 0xCE, 0x52, 0xF9, 0x8C, 0x56, 0x6C, 0xB4, 0x5B,
    0xB4, 0x5B, 0x12, 0x4B, 0x33, 0x4B, 0xB1, 0x3A, 0x32, 0x4B, 0xB0, 0x3A, 0xF1, 0x42, 0xB0, 0x3A,
    0x8F, 0x3A, 0x6E, 0x32, 0x6E, 0x32, 0x8F, 0x3A, 0x8F, 0x3A, 0xCF, 0x3A, 0xD0, 0x3A, 0x51, 0x4B,
    0x92, 0x53, 0xD3, 0x5B, 0x14, 0x64, 0xF3, 0x63, 0x34, 0x64, 0x34, 0x64, 0x75, 0x74, 0xB5, 0x7C,
    0xD6, 0x7C, 0xB6, 0x74, 0xD6, 0x7C, 0xF7, 0x7C, 0xF6, 0x7C, 0xD6, 0x74, 0xD6, 0x7C, 0xB6, 0x74,
    0x96, 0x74, 0xB6, 0x74, 0xD6, 0x7C, 0xB6, 0x74, 0x95, 0x74, 0x96, 0x74, 0xB6, 0x74, 0x37, 0x85,
    0x38, 0x8D, 0xFA, 0xAD, 0xD9, 0xA5, 0x3A, 0xB6, 0xD9, 0xA5, 0xB8, 0xAD, 0x97, 0xB5, 0x58, 0xDE,
    0x6B, 0x93, 0x40, 0x18, 0x61, 0x18, 0x40, 0x10, 0x00, 0x00, 0xE2, 0x28, 0x81, 0x18, 0x00, 0x00,
    0x00, 0x00, 0x00, 0x00, 0x00, 0x00, 0x00, 0x00, 0x00, 0x00, 0x00, 0x00, 0x00, 0x00, 0x20, 0x08,
    0x20, 0x08, 0x00, 0x08, 0x20, 0x08, 0x00, 0x00, 0x00, 0x00, 0x00, 0x00, 0x00, 0x00, 0x00, 0x00,
    0x00, 0x00, 0x00, 0x00, 0x00, 0x00, 0x00, 0x00, 0x00, 0x00, 0x00, 0x00, 0x00, 0x00, 0x00, 0x00,
    0x00, 0x00, 0x00, 0x00, 0x00, 0x00, 0x00, 0x00, 0x00, 0x00, 0x00, 0x00, 0x00, 0x00, 0x00, 0x00,
    0x00, 0x00, 0x00, 0x00, 0x00, 0x00, 0x00, 0x00, 0x00, 0x00, 0x00, 0x00, 0x00, 0x00, 0x00, 0x00,
    0x00, 0x00, 0x00, 0x00, 0x00, 0x00, 0x00, 0x00, 0x00, 0x00, 0x00, 0x00, 0x00, 0x00, 0x00, 0x00,
    0x00, 0x00, 0x00, 0x00, 0x00, 0x00, 0x00, 0x00, 0x00, 0x00, 0x00, 0x00, 0x00, 0x00, 0x00, 0x00,
    0x00, 0x00, 0x00, 0x00, 0x61, 0x10, 0x40, 0x08, 0x00, 0x00, 0x00, 0x00, 0x00, 0x00, 0x41, 0x08,
    0x00, 0x00, 0x6B, 0x5A, 0x38, 0xF5, 0xEF, 0xDA, 0x71, 0xEB, 0xB0, 0xC3, 0xE9, 0x51, 0x3C, 0xDE,
    0x56, 0x94, 0x53, 0x5B, 0x32, 0x4B, 0xD1, 0x3A, 0xD1, 0x42, 0xB0, 0x3A, 0x52, 0x4B, 0xD0, 0x42,
    0xD4, 0x5B, 0x32, 0x4B, 0x52, 0x4B, 0xD4, 0x5B, 0xF1, 0x42, 0x93, 0x53, 0x31, 0x4B, 0xF0, 0x42,
    0x72, 0x53, 0x10, 0x4B, 0x51, 0x53, 0x92, 0x53, 0x11, 0x43, 0x31, 0x4B, 0x31, 0x4B, 0x72, 0x4B,
    0xB2, 0x53, 0xD3, 0x5B, 0xD3, 0x5B, 0xD3, 0x53, 0xB3, 0x53, 0xD3, 0x53, 0xF3, 0x5B, 0x14, 0x64,
    0xF3, 0x5B, 0x75, 0x6C, 0x96, 0x74, 0x96, 0x74, 0x58, 0x8D, 0x38, 0x8D, 0x58, 0x8D, 0xDA, 0x9D,
    0x58, 0x8D, 0xFA, 0xA5, 0x78, 0x95, 0x99, 0x9D, 0xB9, 0x9D, 0xB9, 0xA5, 0x98, 0xA5, 0x36, 0xA5,
    0xD5, 0xD5, 0xF2, 0xE5, 0xC1, 0x38, 0x41, 0x18, 0x41, 0x10, 0x20, 0x08, 0x20, 0x00, 0x20, 0x00,
    0x00, 0x00, 0x00, 0x00, 0x00, 0x00, 0x23, 0x31, 0xC2, 0x20, 0x00, 0x00, 0x00, 0x00, 0x00, 0x00,
    0x00, 0x00, 0x00, 0x00, 0x00, 0x00, 0x20, 0x00, 0x00, 0x00, 0x00, 0x00, 0x00, 0x00, 0x00, 0x00,
    0x00, 0x00, 0x00, 0x00, 0x00, 0x00, 0x00, 0x00, 0x00, 0x00, 0x00, 0x00, 0x00, 0x00, 0x00, 0x00,
    0x00, 0x00, 0x00, 0x00, 0x00, 0x00, 0x00, 0x00, 0x00, 0x00, 0x00, 0x00, 0x00, 0x00, 0x00, 0x00,
    0x00, 0x00, 0x00, 0x00, 0x00, 0x00, 0x00, 0x00, 0x00, 0x00, 0x00, 0x00, 0x00, 0x00, 0x00, 0x00,
    0x00, 0x00, 0x00, 0x00, 0x00, 0x00, 0x00, 0x00, 0x00, 0x00, 0x00, 0x00, 0x00, 0x00, 0x00, 0x00,
    0x00, 0x00, 0x00, 0x00, 0x00, 0x00, 0x00, 0x00, 0x00, 0x00, 0x00, 0x00, 0x00, 0x00, 0x00, 0x00,
    0x00, 0x00, 0x00, 0x00, 0x00, 0x00, 0x00, 0x00, 0x00, 0x00, 0x00, 0x00, 0x00, 0x00, 0x00, 0x00,
    0x00, 0x00, 0x00, 0x00, 0x00, 0x00, 0x70, 0x8B, 0x71, 0xE3, 0x88, 0x71, 0x2C, 0xA2, 0x70, 0xDB,
    0x2E, 0x83, 0x7C, 0xEE, 0x59, 0xDD, 0xD5, 0xA3, 0xD0, 0x72, 0x4E, 0x52, 0x6E, 0x42, 0x8F, 0x3A,
    0xD0, 0x42, 0x8F, 0x3A, 0x31, 0x4B, 0x8F, 0x3A, 0xF0, 0x42, 0x72, 0x53, 0xAF, 0x3A, 0xD4, 0x63,
    0xD4, 0x5B, 0x92, 0x53, 0xD6, 0x7C, 0x35, 0x6C, 0x55, 0x6C, 0xF7, 0x84, 0x14, 0x64, 0x55, 0x64,
    0x17, 0x85, 0xB6, 0x74, 0x96, 0x74, 0x38, 0x85, 0xD7, 0x7C, 0xB6, 0x74, 0x58, 0x8D, 0xF7, 0x7C,
    0xF7, 0x7C, 0xD9, 0x9D, 0x18, 0x85, 0x38, 0x85, 0xDA, 0x9D, 0x38, 0x85, 0x99, 0x95, 0xD9, 0xA5,
    0x17, 0x85, 0xB9, 0xA5, 0xF7, 0x84, 0x58, 0x8D, 0x38, 0x8D, 0x37, 0x8D, 0x17, 0x8D, 0xD4, 0x9C,
    0x92, 0xB4, 0x11, 0xE5, 0x15, 0xFF, 0x70, 0xD5, 0x40, 0x28, 0x41, 0x18, 0x20, 0x10, 0x20, 0x08,
    0x00, 0x00, 0x00, 0x00, 0x00, 0x00, 0x00, 0x00, 0x00, 0x00, 0x00, 0x00, 0x00, 0x00, 0x00, 0x00,
    0x00, 0x00, 0x00, 0x00, 0x00, 0x00, 0x00, 0x00, 0x00, 0x00, 0x00, 0x00, 0x00, 0x00, 0x00, 0x00,
    0x00, 0x00, 0x00, 0x00, 0x00, 0x00, 0x00, 0x00, 0x00, 0x00, 0x00, 0x00, 0x00, 0x00, 0x00, 0x00,
    0x00, 0x00, 0x00, 0x00, 0x00, 0x00, 0x00, 0x00, 0x00, 0x00, 0x00, 0x00, 0x00, 0x00, 0x00, 0x00,
    0x00, 0x00, 0x00, 0x00, 0x00, 0x00, 0x00, 0x00, 0x00, 0x00, 0x00, 0x00, 0x00, 0x00, 0x00, 0x00,
    0x00, 0x00, 0x00, 0x00, 0x00, 0x00, 0x00, 0x00, 0x00, 0x00, 0x00, 0x00, 0x00, 0x00, 0x00, 0x00,
    0x00, 0x00, 0x00, 0x00, 0x00, 0x00, 0x00, 0x00, 0x00, 0x00, 0x00, 0x00, 0x00, 0x00, 0x00, 0x00,
    0x00, 0x00, 0x00, 0x00, 0x00, 0x00, 0x00, 0x00, 0x00, 0x00, 0x00, 0x00, 0x00, 0x00, 0x00, 0x00,
    0x00, 0x00, 0x00, 0x00, 0x00, 0x00, 0xA6, 0x49, 0x00, 0x00, 0x4B, 0x6A, 0x30, 0xDB, 0xAC, 0x92,
    0xEF, 0xB2, 0x0E, 0xCB, 0xC8, 0x51, 0x1B, 0xE6, 0x9A, 0xE5, 0x77, 0xC4, 0x93, 0xB3, 0x8E, 0x92,
    0x0B, 0x82, 0x0B, 0x72, 0x0B, 0x5A, 0x0B, 0x4A, 0x6D, 0x42, 0x2D, 0x32, 0x8F, 0x3A, 0xCF, 0x42,
    0x4D, 0x32, 0x51, 0x53, 0x51, 0x4B, 0xF0, 0x42, 0x14, 0x64, 0x92, 0x53, 0x31, 0x43, 0x75, 0x6C,
    0x92, 0x53, 0xF3, 0x5B, 0x17, 0x85, 0x96, 0x74, 0x35, 0x64, 0xD7, 0x7C, 0xD6, 0x7C, 0x35, 0x64,
    0x37, 0x8D, 0x58, 0x8D, 0x95, 0x74, 0x98, 0x95, 0x17, 0x85, 0x96, 0x6C, 0x78, 0x8D, 0xB6, 0x74,
    0xF6, 0x7C, 0x78, 0x95, 0xB6, 0x74, 0x78, 0x95, 0x95, 0x7C, 0x54, 0x7C, 0xD2, 0x7B, 0x6F, 0x8B,
    0x2D, 0xA3, 0xEE, 0xCB, 0x31, 0xF5, 0x33, 0xFE, 0x77, 0xFF, 0xAA, 0xA3, 0x00, 0x18, 0x41, 0x18,
    0x20, 0x08, 0x20, 0x08, 0x00, 0x00, 0x00, 0x00, 0x20, 0x08, 0x23, 0x29, 0x00, 0x00, 0x00, 0x00,
    0x00, 0x00, 0x00, 0x00, 0x00, 0x00, 0x00, 0x00, 0x00, 0x00, 0x00, 0x00, 0x00, 0x00, 0x00, 0x00,
    0x00, 0x00, 0x00, 0x00, 0x00, 0x00, 0x00, 0x00, 0x00, 0x00, 0x00, 0x00, 0x00, 0x00, 0x00, 0x00,
    0x00, 0x00, 0x00, 0x00, 0x00, 0x00, 0x00, 0x00, 0x00, 0x00, 0x00, 0x00, 0x00, 0x00, 0x00, 0x00,
    0x00, 0x00, 0x00, 0x00, 0x00, 0x00, 0x00, 0x00, 0x00, 0x00, 0x00, 0x00, 0x00, 0x00, 0x00, 0x00,
    0x00, 0x00, 0x00, 0x00, 0x00, 0x00, 0x00, 0x00, 0x00, 0x00, 0x00, 0x00, 0x00, 0x00, 0x00, 0x00,
    0x00, 0x00, 0x00, 0x00, 0x00, 0x00, 0x00, 0x00, 0x00, 0x00, 0x00, 0x00, 0x00, 0x00, 0x00, 0x00,
    0x00, 0x00, 0x00, 0x00, 0x00, 0x00, 0x00, 0x00, 0x00, 0x00, 0x00, 0x00, 0x00, 0x00, 0x00, 0x00,
    0x00, 0x00, 0x00, 0x00, 0x00, 0x00, 0x20, 0x00, 0x00, 0x00, 0x6E, 0xA3, 0xEC, 0x82, 0xE4, 0x28,
    0xAE, 0xB2, 0xEE, 0xCA, 0x13, 0xEC, 0x8F, 0xBB, 0x0E, 0x83, 0x1B, 0xEE, 0x7A, 0xDD, 0x97, 0xCC,
    0xD4, 0xB3, 0x31, 0xA3, 0xAE, 0x9A, 0x2C, 0x92, 0xEA, 0x89, 0xC9, 0x81, 0xA9, 0x71, 0xA9, 0x69,
    0xA9, 0x59, 0xCA, 0x51, 0xCA, 0x49, 0x4C, 0x4A, 0x6D, 0x42, 0x4D, 0x3A, 0x31, 0x53, 0xF0, 0x42,
    0x8E, 0x3A, 0xB2, 0x5B, 0x31, 0x43, 0x72, 0x53, 0x34, 0x64, 0xF3, 0x5B, 0x72, 0x4B, 0x34, 0x64,
    0x34, 0x64, 0xD3, 0x5B, 0xB6, 0x7C, 0xB5, 0x74, 0x14, 0x64, 0xF7, 0x84, 0x75, 0x74, 0xF3, 0x63,
    0x95, 0x7C, 0xB2, 0x5B, 0x91, 0x6B, 0x91, 0x73, 0xEF, 0x6A, 0x0E, 0x83, 0xAC, 0x8A, 0xEC, 0x9A,
    0x0C, 0xB3, 0x6D, 0xCB, 0x2F, 0xE4, 0x11, 0xF5, 0xF3, 0xFD, 0x94, 0xFE, 0x16, 0xFF, 0xC5, 0x69,
    0x00, 0x10, 0x40, 0x18, 0x20, 0x08, 0x00, 0x08, 0x00, 0x00, 0x00, 0x00, 0x20, 0x08, 0x43, 0x31,
    0x00, 0x00, 0x00, 0x00, 0x00, 0x00, 0x00, 0x00, 0x00, 0x00, 0x00, 0x00, 0x00, 0x00, 0x00, 0x00,
    0x00, 0x00, 0x00, 0x00, 0x00, 0x00, 0x00, 0x00, 0x00, 0x00, 0x00, 0x00, 0x00, 0x00, 0x00, 0x00,
    0x00, 0x00, 0x00, 0x00, 0x00, 0x00, 0x00, 0x00, 0x00, 0x00, 0x00, 0x00, 0x00, 0x00, 0x00, 0x00,
    0x00, 0x00, 0x00, 0x00, 0x00, 0x00, 0x00, 0x00, 0x00, 0x00, 0x00, 0x00, 0x00, 0x00, 0x00, 0x00,
    0x00, 0x00, 0x00, 0x00, 0x00, 0x00, 0x00, 0x00, 0x00, 0x00, 0x00, 0x00, 0x00, 0x00, 0x00, 0x00,
    0x00, 0x00, 0x00, 0x00, 0x00, 0x00, 0x00, 0x00, 0x00, 0x00, 0x00, 0x00, 0x00, 0x00, 0x00, 0x00,
    0x00, 0x00, 0x00, 0x00, 0x00, 0x00, 0x00, 0x00, 0x00, 0x00, 0x00, 0x00, 0x00, 0x00, 0x00, 0x00,
    0x00, 0x00, 0x00, 0x00, 0x00, 0x00, 0x00, 0x00, 0x00, 0x00, 0x00, 0x00, 0x00, 0x00, 0x83, 0x20,
    0xB1, 0xCB, 0x12, 0xD4, 0x91, 0xCB, 0x0B, 0xB2, 0xAD, 0xC2, 0x90, 0xD3, 0x70, 0xDB, 0x76, 0xE4,
    0x9B, 0xE5, 0x77, 0xCC, 0xD4, 0xBB, 0x51, 0xAB, 0xEF, 0xA2, 0x6D, 0x92, 0x2B, 0x8A, 0x0A, 0x8A,
    0xEA, 0x89, 0xC9, 0x81, 0xA9, 0x81, 0xA8, 0x81, 0x88, 0x79, 0x87, 0x71, 0x87, 0x71, 0x88, 0x69,
    0xA8, 0x61, 0x88, 0x61, 0x88, 0x59, 0x0A, 0x5A, 0xEA, 0x59, 0x0B, 0x52, 0x4C, 0x5A, 0x0A, 0x52,
    0x0B, 0x4A, 0x8D, 0x5A, 0x6C, 0x5A, 0x4C, 0x5A, 0xCD, 0x6A, 0x6C, 0x62, 0x2B, 0x62, 0xAD, 0x72,
    0x2A, 0x6A, 0x2A, 0x72, 0x4A, 0x7A, 0x09, 0x82, 0x29, 0x8A, 0x69, 0x9A, 0xAA, 0xAA, 0x2C, 0xBB,
    0xAE, 0xCB, 0x2F, 0xD4, 0x91, 0xDC, 0x91, 0xE4, 0xF1, 0xEC, 0x72, 0xFD, 0xF2, 0xFD, 0xF6, 0xFE,
    0x70, 0xDD, 0x60, 0x38, 0x40, 0x18, 0x20, 0x10, 0x00, 0x08, 0x00, 0x00, 0x00, 0x00, 0x00, 0x00,
    0x00, 0x00, 0x00, 0x00, 0x00, 0x00, 0x00, 0x00, 0x00, 0x00, 0x00, 0x00, 0x00, 0x00, 0x00, 0x00,
    0x00, 0x00, 0x00, 0x00, 0x00, 0x00, 0x00, 0x00, 0x00, 0x00, 0x00, 0x00, 0x00, 0x00, 0x00, 0x00,
    0x00, 0x00, 0x00, 0x00, 0x00, 0x00, 0x00, 0x00, 0x00, 0x00, 0x00, 0x00, 0x00, 0x00, 0x00, 0x00,
    0x00, 0x00, 0x00, 0x00, 0x00, 0x00, 0x00, 0x00, 0x00, 0x00, 0x00, 0x00, 0x00, 0x00, 0x00, 0x00,
    0x00, 0x00, 0x00, 0x00, 0x00, 0x00, 0x00, 0x00, 0x00, 0x00, 0x00, 0x00, 0x00, 0x00, 0x00, 0x00,
    0x00, 0x00, 0x00, 0x00, 0x00, 0x00, 0x00, 0x00, 0x00, 0x00, 0x00, 0x00, 0x00, 0x00, 0x00, 0x00,
    0x00, 0x00, 0x00, 0x00, 0x00, 0x00, 0x00, 0x00, 0x00, 0x00, 0x00, 0x00, 0x00, 0x00, 0x00, 0x00,
    0x00, 0x00, 0x00, 0x00, 0x00, 0x00, 0x00, 0x00, 0x00, 0x00, 0x40, 0x08, 0x00, 0x00, 0x00, 0x00,
    0x00, 0x00, 0x00, 0x00, 0x42, 0x18, 0xA8, 0x71, 0xA8, 0x79, 0x46, 0x59, 0x88, 0x79, 0xEA, 0x99,
    0x68, 0x91, 0xCE, 0xA2, 0x9A, 0xE5, 0x76, 0xC4, 0xF4, 0xBB, 0x72, 0xAB, 0xEF, 0xA2, 0x4D, 0x92,
    0x2B, 0x92, 0x0A, 0x8A, 0xEA, 0x89, 0xEA, 0x89, 0xEA, 0x89, 0xE9, 0x81, 0xE9, 0x81, 0xE9, 0x81,
    0xE9, 0x81, 0xC9, 0x81, 0xC8, 0x81, 0xC8, 0x81, 0xA8, 0x81, 0xA8, 0x81, 0xC8, 0x81, 0xC8, 0x81,
    0xA7, 0x81, 0xA7, 0x81, 0xC8, 0x81, 0xE8, 0x89, 0xE8, 0x89, 0x08, 0x92, 0x29, 0x92, 0x29, 0x92,
    0x69, 0x9A, 0x8A, 0xA2, 0xEB, 0xAA, 0x0C, 0xB3, 0x2C, 0xBB, 0x8E, 0xC3, 0xAE, 0xCB, 0xEF, 0xCB,
    0x30, 0xD4, 0x50, 0xD4, 0x71, 0xDC, 0x91, 0xDC, 0xB1, 0xDC, 0xB1, 0xE4, 0xD1, 0xEC, 0x72, 0xFD,
    0x12, 0xFE, 0xF5, 0xFE, 0xA7, 0x92, 0x00, 0x18, 0x40, 0x18, 0x20, 0x08, 0x00, 0x08, 0x00, 0x00,
    0x00, 0x00, 0x00, 0x00, 0x00, 0x00, 0x00, 0x00, 0x00, 0x00, 0x00, 0x00, 0x00, 0x00, 0x00, 0x00,
    0x00, 0x00, 0x00, 0x00, 0x00, 0x00, 0x00, 0x00, 0x00, 0x00, 0x00, 0x00, 0x00, 0x00, 0x00, 0x00,
    0x00, 0x00, 0x00, 0x00, 0x00, 0x00, 0x00, 0x00, 0x00, 0x00, 0x00, 0x00, 0x00, 0x00, 0x00, 0x00,
    0x00, 0x00, 0x00, 0x00, 0x00, 0x00, 0x00, 0x00, 0x00, 0x00, 0x00, 0x00, 0x00, 0x00, 0x00, 0x00,
    0x00, 0x00, 0x00, 0x00, 0x00, 0x00, 0x00, 0x00, 0x00, 0x00, 0x00, 0x00, 0x00, 0x00, 0x00, 0x00,
    0x00, 0x00, 0x00, 0x00, 0x00, 0x00, 0x00, 0x00, 0x00, 0x00, 0x00, 0x00, 0x00, 0x00, 0x00, 0x00,
    0x00, 0x00, 0x00, 0x00, 0x00, 0x00, 0x00, 0x00, 0x00, 0x00, 0x00, 0x00, 0x00, 0x00, 0x00, 0x00,
    0x00, 0x00, 0x00, 0x00, 0x00, 0x00, 0x00, 0x00, 0x00, 0x00, 0x00, 0x00, 0x00, 0x00, 0x00, 0x00,
    0x00, 0x00, 0x00, 0x00, 0x00, 0x00, 0x00, 0x00, 0x00, 0x00, 0x00, 0x00, 0x00, 0x00, 0x00, 0x00,
    0x20, 0x08, 0x62, 0x18, 0x41, 0x08, 0xA4, 0x20, 0xF8, 0xCC, 0xB7, 0xCC, 0xF4, 0xBB, 0x51, 0xAB,
    0xAF, 0x9A, 0x4C, 0x92, 0x2B, 0x8A, 0x0A, 0x8A, 0xEA, 0x89, 0xEA, 0x89, 0xE9, 0x89, 0xE9, 0x89,
    0xE9, 0x89, 0x09, 0x8A, 0x09, 0x8A, 0x2A, 0x92, 0x2A, 0x92, 0x2A, 0x92, 0x4A, 0x92, 0x4A, 0x9A,
    0x6A, 0x9A, 0x8B, 0x9A, 0x8B, 0xA2, 0x8B, 0xA2, 0xCC, 0xAA, 0x0D, 0xB3, 0x2D, 0xB3, 0x2D, 0xB3,
    0x6D, 0xBB, 0x6E, 0xBB, 0xAE, 0xC3, 0xCF, 0xC3, 0xEF, 0xCB, 0x10, 0xCC, 0x10, 0xCC, 0x30, 0xD4,
    0x30, 0xD4, 0x30, 0xD4, 0x50, 0xD4, 0x50, 0xD4, 0x50, 0xDC, 0x71, 0xDC, 0x71, 0xDC, 0xB1, 0xE4,
    0xF1, 0xEC, 0x51, 0xFD, 0x94, 0xFE, 0x4F, 0xDD, 0x60, 0x30, 0x40, 0x18, 0x20, 0x10, 0x00, 0x08,
    0x00, 0x00, 0x00, 0x00, 0x00, 0x00, 0x00, 0x00, 0x00, 0x00, 0x00, 0x00, 0x00, 0x00, 0x00, 0x00,
    0x00, 0x00, 0x00, 0x00, 0x00, 0x00, 0x00, 0x00, 0x00, 0x00, 0x00, 0x00, 0x00, 0x00, 0x00, 0x00,
    0x00, 0x00, 0x00, 0x00, 0x00, 0x00, 0x00, 0x00, 0x00, 0x00, 0x00, 0x00, 0x00, 0x00, 0x00, 0x00,
    0x00, 0x00, 0x00, 0x00, 0x00, 0x00, 0x00, 0x00, 0x00, 0x00, 0x00, 0x00, 0x00, 0x00, 0x00, 0x00,
    0x00, 0x00, 0x00, 0x00, 0x00, 0x00, 0x00, 0x00, 0x00, 0x00, 0x00, 0x00, 0x00, 0x00, 0x00, 0x00,
    0x00, 0x00, 0x00, 0x00, 0x00, 0x00, 0x00, 0x00, 0x00, 0x00, 0x00, 0x00, 0x00, 0x00, 0x00, 0x00,
    0x00, 0x00, 0x00, 0x00, 0x00, 0x00, 0x00, 0x00, 0x00, 0x00, 0x00, 0x00, 0x00, 0x00, 0x00, 0x00,
    0x00, 0x00, 0x00, 0x00, 0x00, 0x00, 0x00, 0x00, 0x00, 0x00, 0x00, 0x00, 0x00, 0x00, 0x00, 0x00,
    0x00, 0x00, 0x00, 0x00, 0x00, 0x00, 0x00, 0x00, 0x00, 0x00, 0x00, 0x00, 0x00, 0x00, 0x20, 0x00,
    0x20, 0x00, 0x20, 0x00, 0x00, 0x00, 0x00, 0x00, 0x20, 0x08, 0x00, 0x00, 0x50, 0x8B, 0x38, 0xDD,
    0xD3, 0xB3, 0x51, 0xAB, 0xAE, 0x9A, 0x2C, 0x92, 0x0B, 0x8A, 0xEA, 0x89, 0xEA, 0x89, 0xE9, 0x89,
    0xE9, 0x89, 0xE9, 0x89, 0xE9, 0x89, 0xE9, 0x89, 0x0A, 0x8A, 0x2A, 0x92, 0x2A, 0x92, 0x6B, 0x9A,
    0x6B, 0x9A, 0x8B, 0xA2, 0x8B, 0xA2, 0xAB, 0xAA, 0xCC, 0xAA, 0x0C, 0xB3, 0x2D, 0xB3, 0x4D, 0xBB,
    0x4D, 0xBB, 0x6E, 0xBB, 0x8E, 0xC3, 0xAE, 0xC3, 0xCF, 0xC3, 0xEF, 0xCB, 0xEF, 0xCB, 0xEF, 0xCB,
    0x30, 0xD4, 0x10, 0xCC, 0x0F, 0xCC, 0x30, 0xD4, 0x30, 0xD4, 0x0F, 0xD4, 0x0F, 0xD4, 0x2F, 0xD4,
    0x70, 0xDC, 0xB0, 0xE4, 0xF0, 0xF4, 0x71, 0xFD, 0x94, 0xFE, 0x05, 0x72, 0x00, 0x10, 0x40, 0x18,
    0x00, 0x08, 0x00, 0x08, 0x00, 0x00, 0x00, 0x00, 0x00, 0x00, 0x00, 0x00, 0x00, 0x00, 0x00, 0x00,
    0x00, 0x00, 0x00, 0x00, 0x00, 0x00, 0x00, 0x00, 0x00, 0x00, 0x00, 0x00, 0x00, 0x00, 0x00, 0x00,
    0x00, 0x00, 0x00, 0x00, 0x00, 0x00, 0x00, 0x00, 0x00, 0x00, 0x00, 0x00, 0x00, 0x00, 0x00, 0x00,
    0x00, 0x00, 0x00, 0x00, 0x00, 0x00, 0x00, 0x00, 0x00, 0x00, 0x00, 0x00, 0x00, 0x00, 0x00, 0x00,
    0x00, 0x00, 0x00, 0x00, 0x00, 0x00, 0x00, 0x00, 0x00, 0x00, 0x00, 0x00, 0x00, 0x00, 0x00, 0x00,
    0x00, 0x00, 0x00, 0x00, 0x00, 0x00, 0x00, 0x00, 0x00, 0x00, 0x00, 0x00, 0x00, 0x00, 0x00, 0x00,
    0x00, 0x00, 0x00, 0x00, 0x00, 0x00, 0x00, 0x00, 0x00, 0x00, 0x00, 0x00, 0x00, 0x00, 0x00, 0x00,
    0x00, 0x00, 0x00, 0x00, 0x00, 0x00, 0x00, 0x00, 0x00, 0x00, 0x00, 0x00, 0x00, 0x00, 0x00, 0x00,
    0x00, 0x00, 0x00, 0x00, 0x00, 0x00, 0x00, 0x00, 0x00, 0x00, 0x00, 0x00, 0x00, 0x00, 0x00, 0x00,
    0x00, 0x00, 0x00, 0x00, 0x00, 0x00, 0x00, 0x00, 0x00, 0x00, 0x00, 0x00, 0x01, 0x08, 0x00, 0x00,
    0xE5, 0x28, 0xD7, 0xCC, 0x35, 0xBC, 0x31, 0xA3, 0xAE, 0x9A, 0x2B, 0x92, 0x0A, 0x8A, 0xEA, 0x89,
    0xE9, 0x89, 0xE9, 0x89, 0xE9, 0x89, 0xE9, 0x89, 0xE9, 0x89, 0xE9, 0x89, 0x09, 0x8A, 0x09, 0x92,
    0x2A, 0x92, 0x4A, 0x9A, 0x6A, 0x9A, 0x6B, 0x9A, 0x8B, 0xA2, 0xAB, 0xA2, 0xCB, 0xAA, 0xEC, 0xAA,
    0x0C, 0xB3, 0x2D, 0xB3, 0x4D, 0xBB, 0x4D, 0xBB, 0x8E, 0xBB, 0xAE, 0xC3, 0x8E, 0xC3, 0x8E, 0xC3,
    0xCF, 0xC3, 0xCF, 0xC3, 0xCF, 0xCB, 0xCF, 0xCB, 0xCF, 0xCB, 0xEF, 0xCB, 0xEF, 0xCB, 0xEF, 0xCB,
    0xEE, 0xCB, 0xEE, 0xCB, 0x2F, 0xD4, 0x6F, 0xE4, 0xCF, 0xEC, 0x74, 0xFE, 0x8D, 0xCC, 0x20, 0x28,
    0x40, 0x18, 0x20, 0x10, 0x00, 0x08, 0x00, 0x00, 0x00, 0x00, 0x00, 0x00, 0x00, 0x00, 0x00, 0x00,
    0x00, 0x00, 0x00, 0x00, 0x00, 0x00, 0x00, 0x00, 0x00, 0x00, 0x00, 0x00, 0x00, 0x00, 0x00, 0x00,
    0x00, 0x00, 0x00, 0x00, 0x00, 0x00, 0x00, 0x00, 0x00, 0x00, 0x00, 0x00, 0x00, 0x00, 0x00, 0x00,
    0x00, 0x00, 0x00, 0x00, 0x00, 0x00, 0x00, 0x00, 0x00, 0x00, 0x00, 0x00, 0x00, 0x00, 0x00, 0x00,
    0x00, 0x00, 0x00, 0x00, 0x00, 0x00, 0x00, 0x00, 0x00, 0x00, 0x00, 0x00, 0x00, 0x00, 0x00, 0x00,
    0x00, 0x00, 0x00, 0x00, 0x00, 0x00, 0x00, 0x00, 0x00, 0x00, 0x00, 0x00, 0x00, 0x00, 0x00, 0x00,
    0x00, 0x00, 0x00, 0x00, 0x00, 0x00, 0x00, 0x00, 0x00, 0x00, 0x00, 0x00, 0x00, 0x00, 0x00, 0x00,
    0x00, 0x00, 0x00, 0x00, 0x00, 0x00, 0x00, 0x00, 0x00, 0x00, 0x00, 0x00, 0x00, 0x00, 0x00, 0x00,
    0x00, 0x00, 0x00, 0x00, 0x00, 0x00, 0x00, 0x00, 0x00, 0x00, 0x00, 0x00, 0x00, 0x00, 0x00, 0x00,
    0x00, 0x00, 0x00, 0x00, 0x00, 0x00, 0x00, 0x00, 0x00, 0x00, 0x00, 0x00, 0x00, 0x00, 0x00, 0x00,
    0x00, 0x00, 0x21, 0x08, 0x00, 0x00, 0xEE, 0x7A, 0xF7, 0xD4, 0x51, 0xAB, 0xAF, 0x9A, 0x2C, 0x92,
    0x0A, 0x8A, 0xEA, 0x89, 0xC9, 0x89, 0xC9, 0x81, 0xC8, 0x81, 0xC8, 0x81, 0xC8, 0x81, 0xC9, 0x81,
    0xE9, 0x89, 0xE9, 0x89, 0x09, 0x8A, 0x09, 0x92, 0x29, 0x92, 0x29, 0x92, 0x4A, 0x9A, 0x8A, 0xA2,
    0x8B, 0xA2, 0x8B, 0xA2, 0xCB, 0xAA, 0xEC, 0xAA, 0x0C, 0xB3, 0x0C, 0xB3, 0x2C, 0xB3, 0x4D, 0xBB,
    0x4D, 0xBB, 0x4D, 0xBB, 0x4D, 0xBB, 0x6D, 0xBB, 0x6D, 0xBB, 0x6D, 0xBB, 0x6D, 0xC3, 0x8D, 0xC3,
    0xAE, 0xC3, 0x8D, 0xC3, 0x8D, 0xC3, 0xAE, 0xCB, 0xED, 0xD3, 0x2D, 0xE4, 0x30, 0xF5, 0x33, 0xFE,
    0x63, 0x59, 0x00, 0x18, 0x40, 0x18, 0x00, 0x08, 0x00, 0x08, 0x00, 0x00, 0x00, 0x00, 0x00, 0x00,
    0x00, 0x00, 0x00, 0x00, 0x00, 0x00, 0x00, 0x00, 0x00, 0x00, 0x00, 0x00, 0x00, 0x00, 0x00, 0x00,
    0x00, 0x00, 0x00, 0x00, 0x00, 0x00, 0x00, 0x00, 0x00, 0x00, 0x00, 0x00, 0x00, 0x00, 0x00, 0x00,
    0x00, 0x00, 0x00, 0x00, 0x00, 0x00, 0x00, 0x00, 0x00, 0x00, 0x00, 0x00, 0x00, 0x00, 0x00, 0x00,
    0x00, 0x00, 0x00, 0x00, 0x00, 0x00, 0x00, 0x00, 0x00, 0x00, 0x00, 0x00, 0x00, 0x00, 0x00, 0x00,
    0x00, 0x00, 0x00, 0x00, 0x00, 0x00, 0x00, 0x00, 0x00, 0x00, 0x00, 0x00, 0x00, 0x00, 0x00, 0x00,
    0x00, 0x00, 0x00, 0x00, 0x00, 0x00, 0x00, 0x00, 0x00, 0x00, 0x00, 0x00, 0x00, 0x00, 0x00, 0x00,
    0x00, 0x00, 0x00, 0x00, 0x00, 0x00, 0x00, 0x00, 0x00, 0x00, 0x00, 0x00, 0x00, 0x00, 0x00, 0x00,
    0x00, 0x00, 0x00, 0x00, 0x00, 0x00, 0x00, 0x00, 0x00, 0x00, 0x00, 0x00, 0x00, 0x00, 0x00, 0x00,
    0x00, 0x00, 0x00, 0x00, 0x00, 0x00, 0x00, 0x00, 0x00, 0x00, 0x00, 0x00, 0x00, 0x00, 0x00, 0x00,
    0x00, 0x00, 0x00, 0x00, 0x00, 0x00, 0x00, 0x00, 0x00, 0x00, 0x83, 0x18, 0x75, 0xBC, 0x35, 0xC4,
    0xF0, 0xA2, 0x8D, 0x9A, 0x0B, 0x8A, 0xE9, 0x89, 0xC9, 0x81, 0xC9, 0x81, 0xC8, 0x81, 0xA8, 0x81,
    0xC8, 0x81, 0xC8, 0x81, 0xC8, 0x81, 0xC8, 0x81, 0xE8, 0x89, 0xE8, 0x89, 0xE8, 0x89, 0x09, 0x8A,
    0x09, 0x92, 0x29, 0x92, 0x29, 0x9A, 0x49, 0x9A, 0x6A, 0x9A, 0x6A, 0xA2, 0xAB, 0xA2, 0xCB, 0xAA,
    0xCB, 0xAA, 0xEB, 0xAA, 0xCB, 0xAA, 0xEC, 0xB2, 0xEB, 0xAA, 0x0C, 0xB3, 0x0C, 0xB3, 0x0C, 0xB3,
    0x0C, 0xB3, 0x0C, 0xB3, 0x2C, 0xB3, 0x4C, 0xBB, 0x6C, 0xBB, 0x8C, 0xC3, 0xCC, 0xD3, 0x4D, 0xE4,
    0x12, 0xFE, 0x8D, 0xCC, 0x00, 0x20, 0x40, 0x18, 0x20, 0x10, 0x00, 0x08, 0x00, 0x00, 0x00, 0x00,
    0x00, 0x00, 0x00, 0x00, 0x00, 0x00, 0x00, 0x00, 0x00, 0x00, 0x00, 0x00, 0x00, 0x00, 0x00, 0x00,
    0x00, 0x00, 0x00, 0x00, 0x00, 0x00, 0x00, 0x00, 0x00, 0x00, 0x00, 0x00, 0x00, 0x00, 0x00, 0x00,
    0x00, 0x00, 0x00, 0x00, 0x00, 0x00, 0x00, 0x00, 0x00, 0x00, 0x00, 0x00, 0x00, 0x00, 0x00, 0x00,
    0x00, 0x00, 0x00, 0x00, 0x00, 0x00, 0x00, 0x00, 0x00, 0x00, 0x00, 0x00, 0x00, 0x00, 0x00, 0x00,
    0x00, 0x00, 0x00, 0x00, 0x00, 0x00, 0x00, 0x00, 0x00, 0x00, 0x00, 0x00, 0x00, 0x00, 0x00, 0x00,
    0x00, 0x00, 0x00, 0x00, 0x00, 0x00, 0x00, 0x00, 0x00, 0x00, 0x00, 0x00, 0x00, 0x00, 0x00, 0x00,
    0x00, 0x00, 0x00, 0x00, 0x00, 0x00, 0x00, 0x00, 0x00, 0x00, 0x00, 0x00, 0x00, 0x00, 0x00, 0x00,
    0x00, 0x00, 0x00, 0x00, 0x00, 0x00, 0x00, 0x00, 0x00, 0x00, 0x00, 0x00, 0x00, 0x00, 0x00, 0x00,
    0x00, 0x00, 0x00, 0x00, 0x00, 0x00, 0x00, 0x00, 0x00, 0x00, 0x00, 0x00, 0x00, 0x00, 0x00, 0x00,
    0x00, 0x00, 0x00, 0x00, 0x00, 0x00, 0x00, 0x00, 0x00, 0x00, 0x00, 0x00, 0x21, 0x08, 0x00, 0x00,
    0x30, 0x83, 0x39, 0xDD, 0x71, 0xAB, 0x8D, 0x9A, 0x0B, 0x8A, 0xE9, 0x89, 0xC9, 0x89, 0xC8, 0x81,
    0xA8, 0x81, 0x87, 0x81, 0x87, 0x79, 0x87, 0x79, 0xA7, 0x79, 0xA7, 0x79, 0xC8, 0x81, 0xC8, 0x81,
    0xC8, 0x81, 0xC8, 0x81, 0xC8, 0x89, 0xE8, 0x89, 0x08, 0x8A, 0x09, 0x92, 0x29, 0x92, 0x29, 0x92,
    0x49, 0x9A, 0x69, 0x9A, 0x8A, 0xA2, 0x8A, 0xA2, 0x8A, 0xA2, 0xAB, 0xA2, 0xAB, 0xA2, 0xAA, 0xA2,
    0xCB, 0xAA, 0xCB, 0xAA, 0xCB, 0xAA, 0xEB, 0xAA, 0xEB, 0xAA, 0xEB, 0xB2, 0x0B, 0xBB, 0x0A, 0xBB,
    0x6B, 0xCB, 0x4D, 0xEC, 0x73, 0xFE, 0x67, 0x7A, 0x00, 0x10, 0x40, 0x18, 0x00, 0x08, 0x00, 0x08,
    0x00, 0x00, 0x00, 0x00, 0x00, 0x00, 0x00, 0x00, 0x00, 0x00, 0x00, 0x00, 0x00, 0x00, 0x00, 0x00,
    0x00, 0x00, 0x00, 0x00, 0x00, 0x00, 0x00, 0x00, 0x00, 0x00, 0x00, 0x00, 0x00, 0x00, 0x00, 0x00,
    0x00, 0x00, 0x00, 0x00, 0x00, 0x00, 0x00, 0x00, 0x00, 0x00, 0x00, 0x00, 0x00, 0x00, 0x00, 0x00,
    0x00, 0x00, 0x00, 0x00, 0x00, 0x00, 0x00, 0x00, 0x00, 0x00, 0x00, 0x00, 0x00, 0x00, 0x00, 0x00,
    0x00, 0x00, 0x00, 0x00, 0x00, 0x00, 0x00, 0x00, 0x00, 0x00, 0x00, 0x00, 0x00, 0x00, 0x00, 0x00,
    0x00, 0x00, 0x00, 0x00, 0x00, 0x00, 0x00, 0x00, 0x00, 0x00, 0x00, 0x00, 0x00, 0x00, 0x00, 0x00,
    0x00, 0x00, 0x00, 0x00, 0x00, 0x00, 0x00, 0x00, 0x00, 0x00, 0x00, 0x00, 0x00, 0x00, 0x00, 0x00,
    0x00, 0x00, 0x00, 0x00, 0x00, 0x00, 0x00, 0x00, 0x00, 0x00, 0x00, 0x00, 0x00, 0x00, 0x00, 0x00,
    0x00, 0x00, 0x00, 0x00, 0x00, 0x00, 0x00, 0x00, 0x00, 0x00, 0x00, 0x00, 0x00, 0x00, 0x00, 0x00,
    0x00, 0x00, 0x00, 0x00, 0x00, 0x00, 0x00, 0x00, 0x00, 0x00, 0x00, 0x00, 0x00, 0x00, 0x00, 0x00,
    0x20, 0x00, 0x00, 0x00, 0x2B, 0x5A, 0x9A, 0xE5, 0xB3, 0xB3, 0x8E, 0x9A, 0x2B, 0x92, 0xEA, 0x89,
    0xE9, 0x89, 0xC9, 0x89, 0xA8, 0x81, 0x87, 0x79, 0x67, 0x79, 0x66, 0x71, 0x66, 0x71, 0x86, 0x79,
    0x87, 0x79, 0xA7, 0x79, 0xA7, 0x81, 0xA7, 0x79, 0xC7, 0x81, 0xC7, 0x81, 0xC7, 0x81, 0xE8, 0x89,
    0xE8, 0x89, 0xE8, 0x89, 0x08, 0x8A, 0x08, 0x92, 0x28, 0x92, 0x28, 0x92, 0x49, 0x9A, 0x69, 0x9A,
    0x69, 0x9A, 0x49, 0x9A, 0x69, 0x9A, 0x69, 0x9A, 0x89, 0xA2, 0xAA, 0xA2, 0xAA, 0xA2, 0x69, 0xA2,
    0x69, 0xAA, 0xEA, 0xBA, 0x8C, 0xD3, 0x30, 0xFD, 0x4F, 0xE5, 0x60, 0x28, 0x20, 0x10, 0x20, 0x10,
    0x00, 0x08, 0x00, 0x00, 0x00, 0x00, 0x00, 0x00, 0x00, 0x00, 0x00, 0x00, 0x00, 0x00, 0x00, 0x00,
    0x00, 0x00, 0x00, 0x00, 0x00, 0x00, 0x00, 0x00, 0x00, 0x00, 0x00, 0x00, 0x00, 0x00, 0x00, 0x00,
    0x00, 0x00, 0x00, 0x00, 0x00, 0x00, 0x00, 0x00, 0x00, 0x00, 0x00, 0x00, 0x00, 0x00, 0x00, 0x00,
    0x00, 0x00, 0x00, 0x00, 0x00, 0x00, 0x00, 0x00, 0x00, 0x00, 0x00, 0x00, 0x00, 0x00, 0x00, 0x00,
    0x00, 0x00, 0x00, 0x00, 0x00, 0x00, 0x00, 0x00, 0x00, 0x00, 0x00, 0x00, 0x00, 0x00, 0x00, 0x00,
    0x00, 0x00, 0x00, 0x00, 0x00, 0x00, 0x00, 0x00, 0x00, 0x00, 0x00, 0x00, 0x00, 0x00, 0x00, 0x00,
    0x00, 0x00, 0x00, 0x00, 0x00, 0x00, 0x00, 0x00, 0x00, 0x00, 0x00, 0x00, 0x00, 0x00, 0x00, 0x00,
    0x00, 0x00, 0x00, 0x00, 0x00, 0x00, 0x00, 0x00, 0x00, 0x00, 0x00, 0x00, 0x00, 0x00, 0x00, 0x00,
    0x00, 0x00, 0x00, 0x00, 0x00, 0x00, 0x00, 0x00, 0x00, 0x00, 0x00, 0x00, 0x00, 0x00, 0x00, 0x00,
    0x00, 0x00, 0x00, 0x00, 0x00, 0x00, 0x00, 0x00, 0x00, 0x00, 0x00, 0x00, 0x00, 0x00, 0x00, 0x00,
    0x00, 0x00, 0x00, 0x00, 0x00, 0x00, 0x00, 0x00, 0x05, 0x29, 0x79, 0xD5, 0x14, 0xBC, 0xCF, 0x9A,
    0x2B, 0x92, 0x0A, 0x8A, 0x0A, 0x8A, 0xE9, 0x89, 0xC9, 0x89, 0xA8, 0x81, 0x87, 0x79, 0x46, 0x71,
    0x45, 0x71, 0x45, 0x71, 0x66, 0x71, 0x86, 0x79, 0x86, 0x79, 0x86, 0x79, 0x86, 0x79, 0xA7, 0x79,
    0xA7, 0x79, 0xA7, 0x79, 0xC7, 0x81, 0xC7, 0x81, 0xC7, 0x81, 0xC7, 0x81, 0xE7, 0x81, 0xE7, 0x89,
    0xE8, 0x89, 0x08, 0x8A, 0x08, 0x8A, 0x08, 0x8A, 0x08, 0x92, 0x28, 0x92, 0x28, 0x92, 0x07, 0x92,
    0xC7, 0x91, 0xE7, 0x99, 0xAA, 0xB2, 0x8D, 0xC3, 0x2E, 0xDC, 0xF2, 0xFD, 0x87, 0x82, 0x00, 0x08,
    0x20, 0x10, 0x00, 0x08, 0x00, 0x00, 0x00, 0x00, 0x00, 0x00, 0x00, 0x00, 0x00, 0x00, 0x00, 0x00,
    0x00, 0x00, 0x00, 0x00, 0x00, 0x00, 0x00, 0x00, 0x00, 0x00, 0x00, 0x00, 0x00, 0x00, 0x00, 0x00,
    0x00, 0x00, 0x00, 0x00, 0x00, 0x00, 0x00, 0x00, 0x00, 0x00, 0x00, 0x00, 0x00, 0x00, 0x00, 0x00,
    0x00, 0x00, 0x00, 0x00, 0x00, 0x00, 0x00, 0x00, 0x00, 0x00, 0x00, 0x00, 0x00, 0x00, 0x00, 0x00,
    0x00, 0x00, 0x00, 0x00, 0x00, 0x00, 0x00, 0x00, 0x00, 0x00, 0x00, 0x00, 0x00, 0x00, 0x00, 0x00,
    0x00, 0x00, 0x00, 0x00, 0x00, 0x00, 0x00, 0x00, 0x00, 0x00, 0x00, 0x00, 0x00, 0x00, 0x00, 0x00,
    0x00, 0x00, 0x00, 0x00, 0x00, 0x00, 0x00, 0x00, 0x00, 0x00, 0x00, 0x00, 0x00, 0x00, 0x00, 0x00,
    0x00, 0x00, 0x00, 0x00, 0x00, 0x00, 0x00, 0x00, 0x00, 0x00, 0x00, 0x00, 0x00, 0x00, 0x00, 0x00,
    0x00, 0x00, 0x00, 0x00, 0x00, 0x00, 0x00, 0x00, 0x00, 0x00, 0x00, 0x00, 0x00, 0x00, 0x00, 0x00,
    0x00, 0x00, 0x00, 0x00, 0x00, 0x00, 0x00, 0x00, 0x00, 0x00, 0x00, 0x00, 0x00, 0x00, 0x00, 0x00,
    0x00, 0x00, 0x00, 0x00, 0x00, 0x00, 0x00, 0x00, 0x00, 0x00, 0x00, 0x00, 0x01, 0x08, 0x75, 0xB4,
    0x97, 0xCC, 0xCF, 0x9A, 0x2B, 0x92, 0x0A, 0x8A, 0x0A, 0x8A, 0x0A, 0x92, 0x09, 0x8A, 0xE9, 0x89,
    0xC8, 0x81, 0x87, 0x79, 0x46, 0x71, 0x25, 0x69, 0x25, 0x69, 0x25, 0x69, 0x45, 0x71, 0x45, 0x71,
    0x65, 0x71, 0x86, 0x71, 0x86, 0x71, 0x86, 0x71, 0x86, 0x71, 0x86, 0x79, 0x86, 0x79, 0xA6, 0x79,
    0xA6, 0x79, 0xC7, 0x81, 0xC7, 0x81, 0xE7, 0x81, 0xE7, 0x81, 0xE7, 0x81, 0xC7, 0x81, 0x86, 0x81,
    0x45, 0x79, 0x66, 0x81, 0xE7, 0x91, 0x8A, 0xAA, 0x4C, 0xBB, 0xAD, 0xCB, 0x10, 0xF5, 0xCE, 0xDC,
    0x20, 0x20, 0x20, 0x10, 0x00, 0x08, 0x00, 0x08, 0x00, 0x00, 0x00, 0x00, 0x00, 0x00, 0x00, 0x00,
    0x00, 0x00, 0x00, 0x00, 0x00, 0x00, 0x00, 0x00, 0x00, 0x00, 0x00, 0x00, 0x00, 0x00, 0x00, 0x00,
    0x00, 0x00, 0x00, 0x00, 0x00, 0x00, 0x00, 0x00, 0x00, 0x00, 0x00, 0x00, 0x00, 0x00, 0x00, 0x00,
    0x00, 0x00, 0x00, 0x00, 0x00, 0x00, 0x00, 0x00, 0x00, 0x00, 0x00, 0x00, 0x00, 0x00, 0x00, 0x00,
    0x00, 0x00, 0x00, 0x00, 0x00, 0x00, 0x00, 0x00, 0x00, 0x00, 0x00, 0x00, 0x00, 0x00, 0x00, 0x00,
    0x00, 0x00, 0x00, 0x00, 0x00, 0x00, 0x00, 0x00, 0x00, 0x00, 0x00, 0x00, 0x00, 0x00, 0x00, 0x00,
    0x00, 0x00, 0x00, 0x00, 0x00, 0x00, 0x00, 0x00, 0x00, 0x00, 0x00, 0x00, 0x00, 0x00, 0x00, 0x00,
    0x00, 0x00, 0x00, 0x00, 0x00, 0x00, 0x00, 0x00, 0x00, 0x00, 0x00, 0x00, 0x00, 0x00, 0x00, 0x00,
    0x00, 0x00, 0x00, 0x00, 0x00, 0x00, 0x00, 0x00, 0x00, 0x00, 0x00, 0x00, 0x00, 0x00, 0x00, 0x00,
    0x00, 0x00, 0x00, 0x00, 0x00, 0x00, 0x00, 0x00, 0x00, 0x00, 0x00, 0x00, 0x00, 0x00, 0x00, 0x00,
    0x00, 0x00, 0x00, 0x00, 0x00, 0x00, 0x00, 0x00, 0x00, 0x00, 0x00, 0x00, 0x00, 0x00, 0x20, 0x00,
    0x00, 0x00, 0xAD, 0x72, 0x18, 0xDD, 0xEF, 0xA2, 0x2B, 0x92, 0xEA, 0x89, 0x0A, 0x8A, 0x2A, 0x92,
    0x2A, 0x92, 0x09, 0x8A, 0xE8, 0x89, 0xA7, 0x81, 0x86, 0x79, 0x45, 0x71, 0x05, 0x69, 0x04, 0x61,
    0x04, 0x61, 0x24, 0x71, 0x65, 0x71, 0x65, 0x79, 0x85, 0x79, 0x86, 0x79, 0x86, 0x79, 0x86, 0x79,
    0xA6, 0x79, 0xA6, 0x81, 0xC7, 0x81, 0x86, 0x79, 0x86, 0x79, 0x66, 0x79, 0x25, 0x71, 0x04, 0x69,
    0xE4, 0x68, 0x04, 0x71, 0x66, 0x81, 0xC7, 0x91, 0x6A, 0xA2, 0xEB, 0xB2, 0x2C, 0xBB, 0xAD, 0xD3,
    0x50, 0xFD, 0x84, 0x59, 0x00, 0x08, 0x20, 0x10, 0x00, 0x08, 0x00, 0x00, 0x00, 0x00, 0x00, 0x00,
    0x00, 0x00, 0x00, 0x00, 0x00, 0x00, 0x00, 0x00, 0x00, 0x00, 0x00, 0x00, 0x00, 0x00, 0x00, 0x00,
    0x00, 0x00, 0x00, 0x00, 0x00, 0x00, 0x00, 0x00, 0x00, 0x00, 0x00, 0x00, 0x00, 0x00, 0x00, 0x00,
    0x00, 0x00, 0x00, 0x00, 0x00, 0x00, 0x00, 0x00, 0x00, 0x00, 0x00, 0x00, 0x00, 0x00, 0x00, 0x00,
    0x00, 0x00, 0x00, 0x00, 0x00, 0x00, 0x00, 0x00, 0x00, 0x00, 0x00, 0x00, 0x00, 0x00, 0x00, 0x00,
    0x00, 0x00, 0x00, 0x00, 0x00, 0x00, 0x00, 0x00, 0x00, 0x00, 0x00, 0x00, 0x00, 0x00, 0x00, 0x00,
    0x00, 0x00, 0x00, 0x00, 0x00, 0x00, 0x00, 0x00, 0x00, 0x00, 0x00, 0x00, 0x00, 0x00, 0x00, 0x00,
    0x00, 0x00, 0x00, 0x00, 0x00, 0x00, 0x00, 0x00, 0x00, 0x00, 0x00, 0x00, 0x00, 0x00, 0x00, 0x00,
    0x00, 0x00, 0x00, 0x00, 0x00, 0x00, 0x00, 0x00, 0x00, 0x00, 0x00, 0x00, 0x00, 0x00, 0x00, 0x00,
    0x00, 0x00, 0x00, 0x00, 0x00, 0x00, 0x00, 0x00, 0x00, 0x00, 0x00, 0x00, 0x00, 0x00, 0x00, 0x00,
    0x00, 0x00, 0x00, 0x00, 0x00, 0x00, 0x00, 0x00, 0x00, 0x00, 0x00, 0x00, 0x00, 0x00, 0x00, 0x00,
    0x00, 0x00, 0x00, 0x00, 0x00, 0x00, 0xA3, 0x20, 0xF7, 0xCC, 0x71, 0xAB, 0x2B, 0x8A, 0xE9, 0x89,
    0xE9, 0x89, 0x09, 0x8A, 0x09, 0x92, 0x09, 0x92, 0xE8, 0x89, 0xA7, 0x81, 0x86, 0x79, 0x45, 0x71,
    0x25, 0x69, 0x04, 0x69, 0x04, 0x69, 0xA2, 0x38, 0x82, 0x30, 0xA2, 0x38, 0xC2, 0x38, 0xC3, 0x40,
    0xE3, 0x48, 0xC3, 0x40, 0xE3, 0x40, 0x82, 0x30, 0xC8, 0x59, 0xCE, 0xA2, 0xC4, 0x68, 0xA3, 0x60,
    0xA3, 0x60, 0xC4, 0x68, 0x04, 0x71, 0x45, 0x81, 0xA7, 0x89, 0x08, 0x9A, 0x8A, 0xAA, 0xCB, 0xB2,
    0x0B, 0xBB, 0x6E, 0xEC, 0x46, 0x82, 0x00, 0x08, 0x20, 0x10, 0x00, 0x08, 0x00, 0x00, 0x00, 0x00,
    0x00, 0x00, 0x00, 0x00, 0x00, 0x00, 0x00, 0x00, 0x00, 0x00, 0x00, 0x00, 0x00, 0x00, 0x00, 0x00,
    0x00, 0x00, 0x00, 0x00, 0x00, 0x00, 0x00, 0x00, 0x00, 0x00, 0x00, 0x00, 0x00, 0x00, 0x00, 0x00,
    0x00, 0x00, 0x00, 0x00, 0x00, 0x00, 0x00, 0x00, 0x00, 0x00, 0x00, 0x00, 0x00, 0x00, 0x00, 0x00,
    0x00, 0x00, 0x00, 0x00, 0x00, 0x00, 0x00, 0x00, 0x00, 0x00, 0x00, 0x00, 0x00, 0x00, 0x00, 0x00,
    0x00, 0x00, 0x00, 0x00, 0x00, 0x00, 0x00, 0x00, 0x00, 0x00, 0x00, 0x00, 0x00, 0x00, 0x00, 0x00,
    0x00, 0x00, 0x00, 0x00, 0x00, 0x00, 0x00, 0x00, 0x00, 0x00, 0x00, 0x00, 0x00, 0x00, 0x00, 0x00,
    0x00, 0x00, 0x00, 0x00, 0x00, 0x00, 0x00, 0x00, 0x00, 0x00, 0x00, 0x00, 0x00, 0x00, 0x00, 0x00,
    0x00, 0x00, 0x00, 0x00, 0x00, 0x00, 0x00, 0x00, 0x00, 0x00, 0x00, 0x00, 0x00, 0x00, 0x00, 0x00,
    0x00, 0x00, 0x00, 0x00, 0x00, 0x00, 0x00, 0x00, 0x00, 0x00, 0x00, 0x00, 0x00, 0x00, 0x00, 0x00,
    0x00, 0x00, 0x00, 0x00, 0x00, 0x00, 0x00, 0x00, 0x00, 0x00, 0x00, 0x00, 0x00, 0x00, 0x00, 0x00,
    0x00, 0x00, 0x00, 0x00, 0x00, 0x00, 0x00, 0x00, 0x00, 0x00, 0x00, 0x00, 0xB1, 0x93, 0x14, 0xBC,
    0x0B, 0x8A, 0xC9, 0x81, 0xA8, 0x81, 0xC8, 0x81, 0xE8, 0x89, 0xE8, 0x89, 0xC8, 0x81, 0xA7, 0x81,
    0x66, 0x79, 0x45, 0x71, 0x24, 0x69, 0x44, 0x71, 0x81, 0x30, 0x00, 0x00, 0x00, 0x00, 0x00, 0x00,
    0x00, 0x00, 0x00, 0x00, 0x00, 0x00, 0x00, 0x00, 0x00, 0x00, 0x00, 0x00, 0x62, 0x10, 0xD2, 0xAB,
    0xA9, 0x89, 0xC4, 0x68, 0xE4, 0x68, 0x04, 0x71, 0x25, 0x79, 0x66, 0x81, 0xC7, 0x91, 0x08, 0x9A,
    0x49, 0xAA, 0x69, 0xB2, 0xCC, 0xE3, 0xA7, 0x92, 0x00, 0x08, 0x20, 0x10, 0x00, 0x08, 0x00, 0x00,
    0x00, 0x00, 0x00, 0x00, 0x00, 0x00, 0x00, 0x00, 0x00, 0x00, 0x00, 0x00, 0x00, 0x00, 0x00, 0x00,
    0x00, 0x00, 0x00, 0x00, 0x00, 0x00, 0x00, 0x00, 0x00, 0x00, 0x00, 0x00, 0x00, 0x00, 0x00, 0x00,
    0x00, 0x00, 0x00, 0x00, 0x00, 0x00, 0x00, 0x00, 0x00, 0x00, 0x00, 0x00, 0x00, 0x00, 0x00, 0x00,
    0x00, 0x00, 0x00, 0x00, 0x00, 0x00, 0x00, 0x00, 0x00, 0x00, 0x00, 0x00, 0x00, 0x00, 0x00, 0x00,
    0x00, 0x00, 0x00, 0x00, 0x00, 0x00, 0x00, 0x00, 0x00, 0x00, 0x00, 0x00, 0x00, 0x00, 0x00, 0x00,
    0x00, 0x00, 0x00, 0x00, 0x00, 0x00, 0x00, 0x00, 0x00, 0x00, 0x00, 0x00, 0x00, 0x00, 0x00, 0x00,
    0x00, 0x00, 0x00, 0x00, 0x00, 0x00, 0x00, 0x00, 0x00, 0x00, 0x00, 0x00, 0x00, 0x00, 0x00, 0x00,
    0x00, 0x00, 0x00, 0x00, 0x00, 0x00, 0x00, 0x00, 0x00, 0x00, 0x00, 0x00, 0x00, 0x00, 0x00, 0x00,
    0x00, 0x00, 0x00, 0x00, 0x00, 0x00, 0x00, 0x00, 0x00, 0x00, 0x00, 0x00, 0x00, 0x00, 0x00, 0x00,
    0x00, 0x00, 0x00, 0x00, 0x00, 0x00, 0x00, 0x00, 0x00, 0x00, 0x00, 0x00, 0x00, 0x00, 0x00, 0x00,
    0x00, 0x00, 0x00, 0x00, 0x00, 0x00, 0x00, 0x00, 0x00, 0x00, 0x00, 0x00, 0x20, 0x00, 0x00, 0x00,
    0x0A, 0x5A, 0x76, 0xC4, 0x0B, 0x8A, 0xA8, 0x81, 0x87, 0x81, 0xA7, 0x81, 0xA7, 0x81, 0xA7, 0x81,
    0xA7, 0x81, 0x87, 0x79, 0x66, 0x79, 0x45, 0x69, 0x65, 0x79, 0xC2, 0x40, 0x00, 0x00, 0x00, 0x00,
    0x00, 0x00, 0x00, 0x00, 0x00, 0x00, 0x00, 0x00, 0x00, 0x00, 0x00, 0x00, 0x00, 0x00, 0x20, 0x00,
    0x00, 0x00, 0xAD, 0x72, 0x10, 0xB3, 0xE5, 0x70, 0xE4, 0x70, 0x05, 0x79, 0x45, 0x81, 0x86, 0x89,
    0xC7, 0x91, 0x08, 0xA2, 0x49, 0xB2, 0x2A, 0xD3, 0x4C, 0xD4, 0x20, 0x18, 0x00, 0x10, 0x00, 0x08,
    0x00, 0x08, 0x00, 0x00, 0x00, 0x00, 0x00, 0x00, 0x00, 0x00, 0x00, 0x00, 0x00, 0x00, 0x00, 0x00,
    0x00, 0x00, 0x00, 0x00, 0x00, 0x00, 0x00, 0x00, 0x00, 0x00, 0x00, 0x00, 0x00, 0x00, 0x00, 0x00,
    0x00, 0x00, 0x00, 0x00, 0x00, 0x00, 0x00, 0x00, 0x00, 0x00, 0x00, 0x00, 0x00, 0x00, 0x00, 0x00,
    0x00, 0x00, 0x00, 0x00, 0x00, 0x00, 0x00, 0x00, 0x00, 0x00, 0x00, 0x00, 0x00, 0x00, 0x00, 0x00,
    0x00, 0x00, 0x00, 0x00, 0x00, 0x00, 0x00, 0x00, 0x00, 0x00, 0x00, 0x00, 0x00, 0x00, 0x00, 0x00,
    0x00, 0x00, 0x00, 0x00, 0x00, 0x00, 0x00, 0x00, 0x00, 0x00, 0x00, 0x00, 0x00, 0x00, 0x00, 0x00,
    0x00, 0x00, 0x00, 0x00, 0x00, 0x00, 0x00, 0x00, 0x00, 0x00, 0x00, 0x00, 0x00, 0x00, 0x00, 0x00,
    0x00, 0x00, 0x00, 0x00, 0x00, 0x00, 0x00, 0x00, 0x00, 0x00, 0x00, 0x00, 0x00, 0x00, 0x00, 0x00,
    0x00, 0x00, 0x00, 0x00, 0x00, 0x00, 0x00, 0x00, 0x00, 0x00, 0x00, 0x00, 0x00, 0x00, 0x00, 0x00,
    0x00, 0x00, 0x00, 0x00, 0x00, 0x00, 0x00, 0x00, 0x00, 0x00, 0x00, 0x00, 0x00, 0x00, 0x00, 0x00,
    0x00, 0x00, 0x00, 0x00, 0x00, 0x00, 0x00, 0x00, 0x00, 0x00, 0x00, 0x00, 0x00, 0x00, 0x00, 0x00,
    0x00, 0x00, 0x00, 0x00, 0x26, 0x31, 0xB7, 0xCC, 0x2C, 0x92, 0x87, 0x79, 0x46, 0x79, 0x46, 0x79,
    0x66, 0x79, 0x66, 0x79, 0x66, 0x79, 0x66, 0x79, 0x45, 0x71, 0x65, 0x79, 0x64, 0x71, 0x00, 0x00,
    0x00, 0x00, 0x00, 0x00, 0x00, 0x00, 0x00, 0x00, 0x00, 0x00, 0x00, 0x00, 0x00, 0x00, 0x00, 0x00,
    0x00, 0x00, 0x00, 0x00, 0x00, 0x00, 0x26, 0x31, 0x14, 0xC4, 0x47, 0x79, 0xE4, 0x70, 0x25, 0x79,
    0xA7, 0x89, 0x09, 0xA2, 0xAB, 0xB2, 0x2D, 0xC3, 0xAE, 0xD3, 0x92, 0xFD, 0x30, 0xCD, 0x00, 0x10,
    0x20, 0x10, 0x00, 0x08, 0x00, 0x00, 0x00, 0x00, 0x00, 0x00, 0x00, 0x00, 0x00, 0x00, 0x00, 0x00,
    0x00, 0x00, 0x00, 0x00, 0x00, 0x00, 0x00, 0x00, 0x00, 0x00, 0x00, 0x00, 0x00, 0x00, 0x00, 0x00,
    0x00, 0x00, 0x00, 0x00, 0x00, 0x00, 0x00, 0x00, 0x00, 0x00, 0x00, 0x00, 0x00, 0x00, 0x00, 0x00,
    0x00, 0x00, 0x00, 0x00, 0x00, 0x00, 0x00, 0x00, 0x00, 0x00, 0x00, 0x00, 0x00, 0x00, 0x00, 0x00,
    0x00, 0x00, 0x00, 0x00, 0x00, 0x00, 0x00, 0x00, 0x00, 0x00, 0x00, 0x00, 0x00, 0x00, 0x00, 0x00,
    0x00, 0x00, 0x00, 0x00, 0x00, 0x00, 0x00, 0x00, 0x00, 0x00, 0x00, 0x00, 0x00, 0x00, 0x00, 0x00,
    0x00, 0x00, 0x00, 0x00, 0x00, 0x00, 0x00, 0x00, 0x00, 0x00, 0x00, 0x00, 0x00, 0x00, 0x00, 0x00,
    0x00, 0x00, 0x00, 0x00, 0x00, 0x00, 0x00, 0x00, 0x00, 0x00, 0x00, 0x00, 0x00, 0x00, 0x00, 0x00,
    0x00, 0x00, 0x00, 0x00, 0x00, 0x00, 0x00, 0x00, 0x00, 0x00, 0x00, 0x00, 0x00, 0x00, 0x00, 0x00,
    0x00, 0x00, 0x00, 0x00, 0x00, 0x00, 0x00, 0x00, 0x00, 0x00, 0x00, 0x00, 0x00, 0x00, 0x00, 0x00,
    0x00, 0x00, 0x00, 0x00, 0x00, 0x00, 0x00, 0x00, 0x00, 0x00, 0x00, 0x00, 0x00, 0x00, 0x00, 0x00,
    0x00, 0x00, 0x00, 0x00, 0x00, 0x00, 0x00, 0x00, 0xC3, 0x20, 0xD7, 0xCC, 0xEF, 0xA2, 0xC9, 0x89,
    0xA8, 0x89, 0xA8, 0x89, 0xA8, 0x89, 0xC8, 0x89, 0xA7, 0x89, 0x87, 0x81, 0x45, 0x71, 0xE6, 0x99,
    0xC2, 0x38, 0x00, 0x00, 0x00, 0x00, 0x00, 0x00, 0x00, 0x00, 0x00, 0x00, 0x00, 0x00, 0x00, 0x00,
    0x00, 0x00, 0x00, 0x00, 0x00, 0x00, 0x00, 0x00, 0x00, 0x00, 0x00, 0x00, 0xB1, 0xA3, 0x4C, 0x9A,
    0xE5, 0x70, 0xA7, 0x89, 0x4A, 0xA2, 0xEC, 0xBA, 0x6E, 0xC3, 0x8E, 0xCB, 0xAE, 0xDB, 0x72, 0xFD,
    0xEF, 0xC4, 0x00, 0x10, 0x00, 0x08, 0x00, 0x08, 0x00, 0x00, 0x00, 0x00, 0x00, 0x00, 0x00, 0x00,
    0x00, 0x00, 0x00, 0x00, 0x00, 0x00, 0x00, 0x00, 0x00, 0x00, 0x00, 0x00, 0x00, 0x00, 0x00, 0x00,
    0x00, 0x00, 0x00, 0x00, 0x00, 0x00, 0x00, 0x00, 0x00, 0x00, 0x00, 0x00, 0x00, 0x00, 0x00, 0x00,
    0x00, 0x00, 0x00, 0x00, 0x00, 0x00, 0x00, 0x00, 0x00, 0x00, 0x00, 0x00, 0x00, 0x00, 0x00, 0x00,
    0x00, 0x00, 0x00, 0x00, 0x00, 0x00, 0x00, 0x00, 0x00, 0x00, 0x00, 0x00, 0x00, 0x00, 0x00, 0x00,
    0x00, 0x00, 0x00, 0x00, 0x00, 0x00, 0x00, 0x00, 0x00, 0x00, 0x00, 0x00, 0x00, 0x00, 0x00, 0x00,
    0x00, 0x00, 0x00, 0x00, 0x00, 0x00, 0x00, 0x00, 0x00, 0x00, 0x00, 0x00, 0x00, 0x00, 0x00, 0x00,
    0x00, 0x00, 0x00, 0x00, 0x00, 0x00, 0x00, 0x00, 0x00, 0x00, 0x00, 0x00, 0x00, 0x00, 0x00, 0x00,
    0x00, 0x00, 0x00, 0x00, 0x00, 0x00, 0x00, 0x00, 0x00, 0x00, 0x00, 0x00, 0x00, 0x00, 0x00, 0x00,
    0x00, 0x00, 0x00, 0x00, 0x00, 0x00, 0x00, 0x00, 0x00, 0x00, 0x00, 0x00, 0x00, 0x00, 0x00, 0x00,
    0x00, 0x00, 0x00, 0x00, 0x00, 0x00, 0x00, 0x00, 0x00, 0x00, 0x00, 0x00, 0x00, 0x00, 0x00, 0x00,
    0x00, 0x00, 0x00, 0x00, 0x00, 0x00, 0x00, 0x00, 0x00, 0x00, 0x00, 0x00, 0x41, 0x08, 0xB6, 0xBC,
    0x71, 0xAB, 0x0B, 0x8A, 0xEA, 0x91, 0x4B, 0x9A, 0x4A, 0xA2, 0x2A, 0x9A, 0x4A, 0x9A, 0x09, 0x92,
    0xC7, 0x91, 0x26, 0x92, 0x00, 0x08, 0x00, 0x00, 0x00, 0x00, 0x00, 0x00, 0x00, 0x00, 0x00, 0x00,
    0x00, 0x00, 0x00, 0x00, 0x00, 0x00, 0x00, 0x00, 0x00, 0x00, 0x00, 0x00, 0x00, 0x00, 0x00, 0x00,
    0x46, 0x39, 0xCF, 0xA2, 0x47, 0x79, 0xC8, 0x81, 0x29, 0x9A, 0x49, 0xA2, 0x69, 0xAA, 0x2B, 0xC3,
    0x8C, 0xCB, 0x4C, 0xD3, 0xEF, 0xD4, 0x61, 0x18, 0x00, 0x00, 0x00, 0x00, 0x00, 0x00, 0x00, 0x00,
    0x00, 0x00, 0x00, 0x00, 0x00, 0x00, 0x00, 0x00, 0x00, 0x00, 0x00, 0x00, 0x00, 0x00, 0x00, 0x00,
    0x00, 0x00, 0x00, 0x00, 0x00, 0x00, 0x00, 0x00, 0x00, 0x00, 0x00, 0x00, 0x00, 0x00, 0x00, 0x00,
    0x00, 0x00, 0x00, 0x00, 0x00, 0x00, 0x00, 0x00, 0x00, 0x00, 0x00, 0x00, 0x00, 0x00, 0x00, 0x00,
    0x00, 0x00, 0x00, 0x00, 0x00, 0x00, 0x00, 0x00, 0x00, 0x00, 0x00, 0x00, 0x00, 0x00, 0x00, 0x00,
    0x00, 0x00, 0x00, 0x00, 0x00, 0x00, 0x00, 0x00, 0x00, 0x00, 0x00, 0x00, 0x00, 0x00, 0x00, 0x00,
    0x00, 0x00, 0x00, 0x00, 0x00, 0x00, 0x00, 0x00, 0x00, 0x00, 0x00, 0x00, 0x00, 0x00, 0x00, 0x00,
    0x00, 0x00, 0x00, 0x00, 0x00, 0x00, 0x00, 0x00, 0x00, 0x00, 0x00, 0x00, 0x00, 0x00, 0x00, 0x00,
    0x00, 0x00, 0x00, 0x00, 0x00, 0x00, 0x00, 0x00, 0x00, 0x00, 0x00, 0x00, 0x00, 0x00, 0x00, 0x00,
    0x00, 0x00, 0x00, 0x00, 0x00, 0x00, 0x00, 0x00, 0x00, 0x00, 0x00, 0x00, 0x00, 0x00, 0x00, 0x00,
    0x00, 0x00, 0x00, 0x00, 0x00, 0x00, 0x00, 0x00, 0x00, 0x00, 0x00, 0x00, 0x00, 0x00, 0x00, 0x00,
    0x00, 0x00, 0x00, 0x00, 0x00, 0x00, 0x00, 0x00, 0x00, 0x00, 0x00, 0x00, 0x00, 0x00, 0x00, 0x00,
    0x00, 0x00, 0x0F, 0x83, 0xF4, 0xAB, 0xAA, 0x81, 0xA7, 0x89, 0xC8, 0x91, 0x87, 0x89, 0x87, 0x89,
    0x86, 0x81, 0xA7, 0x81, 0xA8, 0xBA, 0x23, 0x51, 0x00, 0x00, 0x00, 0x00, 0x00, 0x00, 0x00, 0x00,
    0x00, 0x00, 0x00, 0x00, 0x00, 0x00, 0x00, 0x00, 0x00, 0x00, 0x00, 0x00, 0x00, 0x00, 0x00, 0x00,
    0x00, 0x00, 0x00, 0x00, 0x00, 0x00, 0xE5, 0x38, 0x46, 0x69, 0x05, 0x61, 0x25, 0x71, 0x87, 0x91,
    0x28, 0xAA, 0x6D, 0xC3, 0x4F, 0xDC, 0xE7, 0xB1, 0x2D, 0xEC, 0x64, 0x49, 0x00, 0x00, 0x00, 0x00,
    0x00, 0x00, 0x00, 0x00, 0x00, 0x00, 0x00, 0x00, 0x00, 0x00, 0x00, 0x00, 0x00, 0x00, 0x00, 0x00,
    0x00, 0x00, 0x00, 0x00, 0x00, 0x00, 0x00, 0x00, 0x00, 0x00, 0x00, 0x00, 0x00, 0x00, 0x00, 0x00,
    0x00, 0x00, 0x00, 0x00, 0x00, 0x00, 0x00, 0x00, 0x00, 0x00, 0x00, 0x00, 0x00, 0x00, 0x00, 0x00,
    0x00, 0x00, 0x00, 0x00, 0x00, 0x00, 0x00, 0x00, 0x00, 0x00, 0x00, 0x00, 0x00, 0x00, 0x00, 0x00,
    0x00, 0x00, 0x00, 0x00, 0x00, 0x00, 0x00, 0x00, 0x00, 0x00, 0x00, 0x00, 0x00, 0x00, 0x00, 0x00,
    0x00, 0x00, 0x00, 0x00, 0x00, 0x00, 0x00, 0x00, 0x00, 0x00, 0x00, 0x00, 0x00, 0x00, 0x00, 0x00,
    0x00, 0x00, 0x00, 0x00, 0x00, 0x00, 0x00, 0x00, 0x00, 0x00, 0x00, 0x00, 0x00, 0x00, 0x00, 0x00,
    0x00, 0x00, 0x00, 0x00, 0x00, 0x00, 0x00, 0x00, 0x00, 0x00, 0x00, 0x00, 0x00, 0x00, 0x00, 0x00,
    0x00, 0x00, 0x00, 0x00, 0x00, 0x00, 0x00, 0x00, 0x00, 0x00, 0x00, 0x00, 0x00, 0x00, 0x00, 0x00,
    0x00, 0x00, 0x00, 0x00, 0x00, 0x00, 0x00, 0x00, 0x00, 0x00, 0x00, 0x00, 0x00, 0x00, 0x00, 0x00,
    0x00, 0x00, 0x00, 0x00, 0x00, 0x00, 0x00, 0x00, 0x00, 0x00, 0x00, 0x00, 0x00, 0x00, 0x00, 0x00,
    0x00, 0x00, 0x00, 0x00, 0x00, 0x00, 0xE4, 0x28, 0x92, 0xA3, 0xCA, 0x89, 0x4A, 0xAA, 0x66, 0x81,
    0x67, 0x81, 0xAB, 0xAA, 0xE7, 0x91, 0x85, 0x91, 0x44, 0x61, 0x00, 0x00, 0x00, 0x00, 0x00, 0x00,
    0x00, 0x00, 0x00, 0x00, 0x00, 0x00, 0x00, 0x00, 0x00, 0x00, 0x00, 0x00, 0x00, 0x00, 0x00, 0x00,
    0x00, 0x00, 0x00, 0x00, 0x00, 0x00, 0x00, 0x00, 0x00, 0x00, 0x00, 0x00, 0x00, 0x08, 0x20, 0x10,
    0x41, 0x28, 0xA3, 0x48, 0x04, 0x61, 0x86, 0x71, 0xE7, 0x79, 0x82, 0x40, 0xC3, 0x48, 0x40, 0x10,
    0x00, 0x00, 0x00, 0x00, 0x00, 0x00, 0x00, 0x00, 0x00, 0x00, 0x00, 0x00, 0x00, 0x00, 0x00, 0x00,
    0x00, 0x00, 0x00, 0x00, 0x00, 0x00, 0x00, 0x00, 0x00, 0x00, 0x00, 0x00, 0x00, 0x00, 0x00, 0x00,
    0x00, 0x00, 0x00, 0x00, 0x00, 0x00, 0x00, 0x00, 0x00, 0x00, 0x00, 0x00, 0x00, 0x00, 0x00, 0x00,
    0x00, 0x00, 0x00, 0x00, 0x00, 0x00, 0x00, 0x00, 0x00, 0x00, 0x00, 0x00, 0x00, 0x00, 0x00, 0x00,
    0x00, 0x00, 0x00, 0x00, 0x00, 0x00, 0x00, 0x00, 0x00, 0x00, 0x00, 0x00, 0x00, 0x00, 0x00, 0x00,
    0x00, 0x00, 0x00, 0x00, 0x00, 0x00, 0x00, 0x00, 0x00, 0x00, 0x00, 0x00, 0x00, 0x00, 0x00, 0x00,
    0x00, 0x00, 0x00, 0x00, 0x00, 0x00, 0x00, 0x00, 0x00, 0x00, 0x00, 0x00, 0x00, 0x00, 0x00, 0x00,
    0x00, 0x00, 0x00, 0x00, 0x00, 0x00, 0x00, 0x00, 0x00, 0x00, 0x00, 0x00, 0x00, 0x00, 0x00, 0x00,
    0x00, 0x00, 0x00, 0x00, 0x00, 0x00, 0x00, 0x00, 0x00, 0x00, 0x00, 0x00, 0x00, 0x00, 0x00, 0x00,
    0x00, 0x00, 0x00, 0x00, 0x00, 0x00, 0x00, 0x00, 0x00, 0x00, 0x00, 0x00, 0x00, 0x00, 0x00, 0x00,
    0x00, 0x00, 0x00, 0x00, 0x00, 0x00, 0x00, 0x00, 0x00, 0x00, 0x00, 0x00, 0x00, 0x00, 0x00, 0x00,
    0x00, 0x00, 0x00, 0x00, 0x00, 0x00, 0x00, 0x00, 0x00, 0x00, 0x00, 0x00, 0xE5, 0x40, 0x26, 0x69,
    0xC7, 0x89, 0x82, 0x48, 0xE4, 0x58, 0x49, 0x92, 0xA6, 0x81, 0xE3, 0x50, 0x00, 0x00, 0x00, 0x00,
    0x00, 0x00, 0x00, 0x00, 0x00, 0x00, 0x00, 0x00, 0x00, 0x00, 0x00, 0x00, 0x00, 0x00, 0x00, 0x00,
    0x00, 0x00, 0x00, 0x00, 0x00, 0x00, 0x00, 0x00, 0x00, 0x00, 0x00, 0x00, 0x00, 0x00, 0x00, 0x00,
    0x00, 0x00, 0x00, 0x00, 0x00, 0x00, 0x00, 0x00, 0x00, 0x00, 0x00, 0x00, 0x00, 0x00, 0x00, 0x00,
    0x00, 0x00, 0x00, 0x00, 0x00, 0x00, 0x00, 0x00, 0x00, 0x00, 0x00, 0x00, 0x00, 0x00, 0x00, 0x00,
    0x00, 0x00, 0x00, 0x00, 0x00, 0x00, 0x00, 0x00, 0x00, 0x00, 0x00, 0x00, 0x00, 0x00, 0x00, 0x00,
    0x00, 0x00, 0x00, 0x00, 0x00, 0x00, 0x00, 0x00, 0x00, 0x00, 0x00, 0x00, 0x00, 0x00, 0x00, 0x00,
    0x00, 0x00, 0x00, 0x00, 0x00, 0x00, 0x00, 0x00, 0x00, 0x00, 0x00, 0x00, 0x00, 0x00, 0x00, 0x00,
    0x00, 0x00, 0x00, 0x00, 0x00, 0x00, 0x00, 0x00, 0x00, 0x00, 0x00, 0x00, 0x00, 0x00, 0x00, 0x00,
    0x00, 0x00, 0x00, 0x00, 0x00, 0x00, 0x00, 0x00, 0x00, 0x00, 0x00, 0x00, 0x00, 0x00, 0x00, 0x00,
    0x00, 0x00, 0x00, 0x00, 0x00, 0x00, 0x00, 0x00, 0x00, 0x00, 0x00, 0x00, 0x00, 0x00, 0x00, 0x00,
    0x00, 0x00, 0x00, 0x00, 0x00, 0x00, 0x00, 0x00, 0x00, 0x00, 0x00, 0x00, 0x00, 0x00, 0x00, 0x00,
    0x00, 0x00, 0x00, 0x00, 0x00, 0x00, 0x00, 0x00, 0x00, 0x00, 0x00, 0x00, 0x00, 0x00, 0x00, 0x00,
    0x00, 0x00, 0x00, 0x00, 0x00, 0x00, 0x00, 0x00, 0x00, 0x00, 0x00, 0x00, 0x00, 0x00, 0x00, 0x00,
    0x00, 0x00, 0x00, 0x00, 0x00, 0x00, 0x00, 0x00, 0x00, 0x00, 0x00, 0x00, 0x00, 0x00, 0x00, 0x00,
    0x00, 0x00, 0x00, 0x00, 0x00, 0x00, 0x00, 0x00, 0x00, 0x00, 0x00, 0x00, 0x00, 0x00, 0x00, 0x00,
    0x00, 0x00, 0x00, 0x00, 0x00, 0x08, 0x00, 0x00, 0x00, 0x00, 0x00, 0x08, 0x00, 0x00, 0x00, 0x00,
    0x00, 0x00, 0x00, 0x00, 0x00, 0x00, 0x00, 0x00, 0x00, 0x00, 0x00, 0x00, 0x00, 0x00, 0x00, 0x00,
    0x00, 0x00, 0x00, 0x00, 0x00, 0x00, 0x00, 0x00, 0x00, 0x00, 0x00, 0x00, 0x00, 0x00, 0x00, 0x00,
    0x00, 0x00, 0x00, 0x00, 0x00, 0x00, 0x00, 0x00, 0x00, 0x00, 0x00, 0x00, 0x00, 0x00, 0x00, 0x00,
    0x00, 0x00, 0x00, 0x00, 0x00, 0x00, 0x00, 0x00, 0x00, 0x00, 0x00, 0x00, 0x00, 0x00, 0x00, 0x00,
    0x00, 0x00, 0x00, 0x00, 0x00, 0x00, 0x00, 0x00, 0x00, 0x00, 0x00, 0x00, 0x00, 0x00, 0x00, 0x00,
    0x00, 0x00, 0x00, 0x00, 0x00, 0x00, 0x00, 0x00, 0x00, 0x00, 0x00, 0x00, 0x00, 0x00, 0x00, 0x00,
    0x00, 0x00, 0x00, 0x00, 0x00, 0x00, 0x00, 0x00, 0x00, 0x00, 0x00, 0x00, 0x00, 0x00, 0x00, 0x00,
    0x00, 0x00, 0x00, 0x00, 0x00, 0x00, 0x00, 0x00, 0x00, 0x00, 0x00, 0x00, 0x00, 0x00, 0x00, 0x00,
    0x00, 0x00, 0x00, 0x00, 0x00, 0x00, 0x00, 0x00, 0x00, 0x00, 0x00, 0x00, 0x00, 0x00, 0x00, 0x00,
    0x00, 0x00, 0x00, 0x00, 0x00, 0x00, 0x00, 0x00, 0x00, 0x00, 0x00, 0x00, 0x00, 0x00, 0x00, 0x00,
    0x00, 0x00, 0x00, 0x00, 0x00, 0x00, 0x00, 0x00, 0x00, 0x00, 0x00, 0x00, 0x00, 0x00, 0x00, 0x00,
    0x00, 0x00, 0x00, 0x00, 0x00, 0x00, 0x00, 0x00, 0x00, 0x00, 0x00, 0x00, 0x00, 0x00, 0x00, 0x00,
    0x00, 0x00, 0x00, 0x00, 0x00, 0x00, 0x00, 0x00, 0x00, 0x00, 0x00, 0x00, 0x00, 0x00, 0x00, 0x00,
    0x00, 0x00, 0x00, 0x00, 0x00, 0x00, 0x00, 0x00, 0x00, 0x00, 0x00, 0x00, 0x00, 0x00, 0x00, 0x00,
    0x00, 0x00, 0x00, 0x00, 0x00, 0x00, 0x00, 0x00, 0x00, 0x00, 0x00, 0x00, 0x00, 0x00, 0x00, 0x00,
    0x00, 0x00, 0x00, 0x00, 0x00, 0x00, 0x00, 0x00, 0x00, 0x00, 0x00, 0x00, 0x00, 0x00, 0x00, 0x00,
    0x00, 0x00, 0x00, 0x00, 0x00, 0x00, 0x00, 0x00, 0x00, 0x00, 0x00, 0x00, 0x00, 0x00, 0x00, 0x00,
    0x00, 0x00, 0x00, 0x00, 0x00, 0x00, 0x00, 0x00, 0x00, 0x00, 0x00, 0x00, 0x00, 0x00, 0x00, 0x00,
    0x00, 0x00, 0x00, 0x00, 0x00, 0x00, 0x00, 0x00, 0x00, 0x00, 0x00, 0x00, 0x00, 0x00, 0x00, 0x00,
    0x00, 0x00, 0x00, 0x00, 0x00, 0x00, 0x00, 0x00, 0x00, 0x00, 0x00, 0x00, 0x00, 0x00, 0x00, 0x00,
    0x00, 0x00, 0x00, 0x00, 0x00, 0x00, 0x00, 0x00, 0x00, 0x00, 0x00, 0x00, 0x00, 0x00, 0x00, 0x00,
    0x00, 0x00, 0x00, 0x00, 0x00, 0x00, 0x00, 0x00, 0x00, 0x00, 0x00, 0x00, 0x00, 0x00, 0x00, 0x00,
    0x00, 0x00, 0x00, 0x00, 0x00, 0x00, 0x00, 0x00, 0x00, 0x00, 0x00, 0x00, 0x00, 0x00, 0x00, 0x00,
    0x00, 0x00, 0x00, 0x00, 0x00, 0x00, 0x00, 0x00, 0x00, 0x00, 0x00, 0x00, 0x00, 0x00, 0x00, 0x00,
    0x00, 0x00, 0x00, 0x00, 0x00, 0x00, 0x00, 0x00, 0x00, 0x00, 0x00, 0x00, 0x00, 0x00, 0x00, 0x00,
    0x00, 0x00, 0x00, 0x00, 0x00, 0x00, 0x00, 0x00, 0x00, 0x00, 0x00, 0x00, 0x00, 0x00, 0x00, 0x00,
    0x00, 0x00, 0x00, 0x00, 0x00, 0x00, 0x00, 0x00, 0x00, 0x00, 0x00, 0x00, 0x00, 0x00, 0x00, 0x00,
    0x00, 0x00, 0x00, 0x00, 0x00, 0x00, 0x00, 0x00, 0x00, 0x00, 0x00, 0x00, 0x00, 0x00, 0x00, 0x00,
    0x00, 0x00, 0x00, 0x00, 0x00, 0x00, 0x00, 0x00, 0x00, 0x00, 0x00, 0x00, 0x00, 0x00, 0x00, 0x00,
    0x00, 0x00, 0x00, 0x00, 0x00, 0x00, 0x00, 0x00, 0x00, 0x00, 0x00, 0x00, 0x00, 0x00, 0x00, 0x00,
    0x00, 0x00, 0x00, 0x00, 0x00, 0x00, 0x00, 0x00, 0x00, 0x00, 0x00, 0x00, 0x00, 0x00, 0x00, 0x00,
    0x00, 0x00, 0x00, 0x00, 0x00, 0x00, 0x00, 0x00, 0x00, 0x00, 0x00, 0x00, 0x00, 0x00, 0x00, 0x00,
    0x00, 0x00, 0x00, 0x00, 0x00, 0x00, 0x00, 0x00, 0x00, 0x00, 0x00, 0x00, 0x00, 0x00, 0x00, 0x00,
    0x00, 0x00, 0x00, 0x00, 0x00, 0x00, 0x00, 0x00, 0x00, 0x00, 0x00, 0x00, 0x00, 0x00, 0x00, 0x00,
    0x00, 0x00, 0x00, 0x00, 0x00, 0x00, 0x00, 0x00, 0x00, 0x00, 0x00, 0x00, 0x00, 0x00, 0x00, 0x00,
    0x00, 0x00, 0x00, 0x00, 0x00, 0x00, 0x00, 0x00, 0x00, 0x00, 0x00, 0x00, 0x00, 0x00, 0x00, 0x00,
    0x00, 0x00, 0x00, 0x00, 0x00, 0x00, 0x00, 0x00, 0x00, 0x00, 0x00, 0x00, 0x00, 0x00, 0x00, 0x00,
    0x00, 0x00, 0x00, 0x00, 0x00, 0x00, 0x00, 0x00, 0x00, 0x00, 0x00, 0x00, 0x00, 0x00, 0x00, 0x00,
    0x00, 0x00, 0x00, 0x00, 0x00, 0x00, 0x00, 0x00, 0x00, 0x00, 0x00, 0x00, 0x00, 0x00, 0x00, 0x00,
    0x00, 0x00, 0x00, 0x00, 0x00, 0x00, 0x00, 0x00, 0x00, 0x00, 0x00, 0x00, 0x00, 0x00, 0x00, 0x00,
    0x00, 0x00, 0x00, 0x00, 0x00, 0x00, 0x00, 0x00, 0x00, 0x00, 0x00, 0x00, 0x00, 0x00, 0x00, 0x00,
    0x00, 0x00, 0x00, 0x00, 0x00, 0x00, 0x00, 0x00, 0x00, 0x00, 0x00, 0x00, 0x00, 0x00, 0x00, 0x00,
    0x00, 0x00, 0x00, 0x00, 0x00, 0x00, 0x00, 0x00, 0x00, 0x00, 0x00, 0x00, 0x00, 0x00, 0x00, 0x00,
    0x00, 0x00, 0x00, 0x00, 0x00, 0x00, 0x00, 0x00, 0x00, 0x00, 0x00, 0x00, 0x00, 0x00, 0x00, 0x00,
    0x00, 0x00, 0x00, 0x00, 0x00, 0x00, 0x00, 0x00, 0x00, 0x00, 0x00, 0x00, 0x00, 0x00, 0x00, 0x00,
    0x00, 0x00, 0x00, 0x00, 0x00, 0x00, 0x00, 0x00, 0x00, 0x00, 0x00, 0x00, 0x00, 0x00, 0x00, 0x00,
    0x00, 0x00, 0x00, 0x00, 0x00, 0x00, 0x00, 0x00, 0x00, 0x00, 0x00, 0x00, 0x00, 0x00, 0x00, 0x00,
    0x00, 0x00, 0x00, 0x00, 0x00, 0x00, 0x00, 0x00, 0x00, 0x00, 0x00, 0x00, 0x00, 0x00, 0x00, 0x00,
    0x00, 0x00, 0x00, 0x00, 0x00, 0x00, 0x00, 0x00, 0x00, 0x00, 0x00, 0x00, 0x00, 0x00, 0x00, 0x00,
    0x00, 0x00, 0x00, 0x00, 0x00, 0x00, 0x00, 0x00, 0x00, 0x00, 0x00, 0x00, 0x00, 0x00, 0x00, 0x00,
    0x00, 0x00, 0x00, 0x00, 0x00, 0x00, 0x00, 0x00, 0x00, 0x00, 0x00, 0x00, 0x00, 0x00, 0x00, 0x00,
    0x00, 0x00, 0x00, 0x00, 0x00, 0x00, 0x00, 0x00, 0x00, 0x00, 0x00, 0x00, 0x00, 0x00, 0x00, 0x00,
    0x00, 0x00, 0x00, 0x00, 0x00, 0x00, 0x00, 0x00, 0x00, 0x00, 0x00, 0x00, 0x00, 0x00, 0x00, 0x00,
    0x00, 0x00, 0x00, 0x00, 0x00, 0x00, 0x00, 0x00, 0x00, 0x00, 0x00, 0x00, 0x00, 0x00, 0x00, 0x00,
    0x00, 0x00, 0x00, 0x00, 0x00, 0x00, 0x00, 0x00, 0x00, 0x00, 0x00, 0x00, 0x00, 0x00, 0x00, 0x00,
    0x00, 0x00, 0x00, 0x00, 0x00, 0x00, 0x00, 0x00, 0x00, 0x00, 0x00, 0x00, 0x00, 0x00, 0x00, 0x00,
    0x00, 0x00, 0x00, 0x00, 0x00, 0x00, 0x00, 0x00, 0x00, 0x00, 0x00, 0x00, 0x00, 0x00, 0x00, 0x00,
    0x00, 0x00, 0x00, 0x00, 0x00, 0x00, 0x00, 0x00, 0x00, 0x00, 0x00, 0x00, 0x00, 0x00, 0x00, 0x00,
    0x00, 0x00, 0x00, 0x00, 0x00, 0x00, 0x00, 0x00, 0x00, 0x00, 0x00, 0x00, 0x00, 0x00, 0x00, 0x00,
    0x00, 0x00, 0x00, 0x00, 0x00, 0x00, 0x00, 0x00, 0x00, 0x00, 0x00, 0x00, 0x00, 0x00, 0x00, 0x00,
    0x00, 0x00, 0x00, 0x00, 0x00, 0x00, 0x00, 0x00, 0x00, 0x00, 0x00, 0x00, 0x00, 0x00, 0x00, 0x00,
    0x00, 0x00, 0x00, 0x00, 0x00, 0x00, 0x00, 0x00, 0x00, 0x00, 0x00, 0x00, 0x00, 0x00, 0x00, 0x00,
    0x00, 0x00, 0x00, 0x00, 0x00, 0x00, 0x00, 0x00, 0x00, 0x00, 0x00, 0x00, 0x00, 0x00, 0x00, 0x00,
    0x00, 0x00, 0x00, 0x00, 0x00, 0x00, 0x00, 0x00, 0x00, 0x00, 0x00, 0x00, 0x00, 0x00, 0x00, 0x00,
    0x00, 0x00, 0x00, 0x00, 0x00, 0x00, 0x00, 0x00, 0x00, 0x00, 0x00, 0x00, 0x00, 0x00, 0x00, 0x00,
    0x00, 0x00, 0x00, 0x00, 0x00, 0x00, 0x00, 0x00, 0x00, 0x00, 0x00, 0x00, 0x00, 0x00, 0x00, 0x00,
    0x00, 0x00, 0x00, 0x00, 0x00, 0x00, 0x00, 0x00, 0x00, 0x00, 0x00, 0x00, 0x00, 0x00, 0x00, 0x00,
    0x00, 0x00, 0x00, 0x00, 0x00, 0x00, 0x00, 0x00, 0x00, 0x00, 0x00, 0x00, 0x00, 0x00, 0x00, 0x00,
    0x00, 0x00, 0x00, 0x00, 0x00, 0x00, 0x00, 0x00, 0x00, 0x00, 0x00, 0x00, 0x00, 0x00, 0x00, 0x00,
    0x00, 0x00, 0x00, 0x00, 0x00, 0x00, 0x00, 0x00, 0x00, 0x00, 0x00, 0x00, 0x00, 0x00, 0x00, 0x00,
    0x00, 0x00, 0x00, 0x00, 0x00, 0x00, 0x00, 0x00, 0x00, 0x00, 0x00, 0x00, 0x00, 0x00, 0x00, 0x00,
    0x00, 0x00, 0x00, 0x00, 0x00, 0x00, 0x00, 0x00, 0x00, 0x00, 0x00, 0x00, 0x00, 0x00, 0x00, 0x00,
    0x00, 0x00, 0x00, 0x00, 0x00, 0x00, 0x00, 0x00, 0x00, 0x00, 0x00, 0x00, 0x00, 0x00, 0x00, 0x00,
    0x00, 0x00, 0x00, 0x00, 0x00, 0x00, 0x00, 0x00, 0x00, 0x00, 0x00, 0x00, 0x00, 0x00, 0x00, 0x00,
    0x00, 0x00, 0x00, 0x00, 0x00, 0x00, 0x00, 0x00, 0x00, 0x00, 0x00, 0x00, 0x00, 0x00, 0x00, 0x00,
    0x00, 0x00, 0x00, 0x00, 0x00, 0x00, 0x00, 0x00, 0x00, 0x00, 0x00, 0x00, 0x00, 0x00, 0x00, 0x00,
    0x00, 0x00, 0x00, 0x00, 0x00, 0x00, 0x00, 0x00, 0x00, 0x00, 0x00, 0x00, 0x00, 0x00, 0x00, 0x00,
    0x00, 0x00, 0x00, 0x00, 0x00, 0x00, 0x00, 0x00, 0x00, 0x00, 0x00, 0x00, 0x00, 0x00, 0x00, 0x00,
    0x00, 0x00, 0x00, 0x00, 0x00, 0x00, 0x00, 0x00, 0x00, 0x00, 0x00, 0x00, 0x00, 0x00, 0x00, 0x00,
    0x00, 0x00, 0x00, 0x00, 0x00, 0x00, 0x00, 0x00, 0x00, 0x00, 0x00, 0x00, 0x00, 0x00, 0x00, 0x00,
    0x00, 0x00, 0x00, 0x00, 0x00, 0x00, 0x00, 0x00, 0x00, 0x00, 0x00, 0x00, 0x00, 0x00, 0x00, 0x00,
    0x00, 0x00, 0x00, 0x00, 0x00, 0x00, 0x00, 0x00, 0x00, 0x00, 0x00, 0x00, 0x00, 0x00, 0x00, 0x00,
    0x00, 0x00, 0x00, 0x00, 0x00, 0x00, 0x00, 0x00, 0x00, 0x00, 0x00, 0x00, 0x00, 0x00, 0x00, 0x00,
    0x00, 0x00, 0x00, 0x00, 0x00, 0x00, 0x00, 0x00, 0x00, 0x00, 0x00, 0x00, 0x00, 0x00, 0x00, 0x00,
    0x00, 0x00, 0x00, 0x00, 0x00, 0x00, 0x00, 0x00, 0x00, 0x00, 0x00, 0x00, 0x00, 0x00, 0x00, 0x00,
    0x00, 0x00, 0x00, 0x00, 0x00, 0x00, 0x00, 0x00, 0x00, 0x00, 0x00, 0x00, 0x00, 0x00, 0x00, 0x00,
    0x00, 0x00, 0x00, 0x00, 0x00, 0x00, 0x00, 0x00, 0x00, 0x00, 0x00, 0x00, 0x00, 0x00, 0x00, 0x00,
    0x00, 0x00, 0x00, 0x00, 0x00, 0x00, 0x00, 0x00, 0x00, 0x00, 0x00, 0x00, 0x00, 0x00, 0x00, 0x00,
    0x00, 0x00, 0x00, 0x00, 0x00, 0x00, 0x00, 0x00, 0x00, 0x00, 0x00, 0x00, 0x00, 0x00, 0x00, 0x00,
    0x00, 0x00, 0x00, 0x00, 0x00, 0x00, 0x00, 0x00, 0x00, 0x00, 0x00, 0x00, 0x00, 0x00, 0x00, 0x00,
    0x00, 0x00, 0x00, 0x00, 0x00, 0x00, 0x00, 0x00,
};

const lv_image_dsc_t buddy_piggy_cheer = {
    .header = {
        .magic = LV_IMAGE_HEADER_MAGIC,
        .cf = LV_COLOR_FORMAT_RGB565,
        .flags = 0,
        .w = 130,
        .h = 130,
        .stride = 260,
        .reserved_2 = 0,
    },
    .data_size = sizeof(buddy_piggy_cheer_map),
    .data = buddy_piggy_cheer_map,
    .reserved = NULL,
};
