#include "lvgl.h"

#ifndef LV_ATTRIBUTE_MEM_ALIGN
#define LV_ATTRIBUTE_MEM_ALIGN
#endif

const LV_ATTRIBUTE_MEM_ALIGN uint8_t goal_art_piggy_map[] = {
    0x43, 0x00, 0x43, 0x00, 0x43, 0x00, 0x63, 0x00, 0x63, 0x00, 0x43, 0x00, 0x43, 0x00, 0x43, 0x00,
    0x43, 0x00, 0x43, 0x00, 0x43, 0x00, 0x43, 0x00, 0x63, 0x00, 0x43, 0x00, 0x63, 0x00, 0x63, 0x00,
    0x63, 0x00, 0x43, 0x00, 0x63, 0x00, 0x63, 0x00, 0x63, 0x00, 0x63, 0x00, 0x43, 0x00, 0x63, 0x00,
    0x43, 0x00, 0x43, 0x00, 0x63, 0x00, 0x43, 0x00, 0x63, 0x00, 0x63, 0x00, 0x63, 0x00, 0x63, 0x00,
    0x63, 0x00, 0x63, 0x00, 0x63, 0x00, 0x63, 0x00, 0x63, 0x00, 0x43, 0x00, 0x43, 0x00, 0x43, 0x00,
    0x43, 0x00, 0x43, 0x00, 0x43, 0x00, 0x43, 0x00, 0x43, 0x00, 0x43, 0x00, 0x43, 0x00, 0x43, 0x00,
    0x43, 0x00, 0x43, 0x00, 0x43, 0x00, 0x63, 0x08, 0x83, 0x10, 0xA3, 0x18, 0xE3, 0x20, 0x44, 0x39,
    0xA4, 0x49, 0x65, 0x72, 0x88, 0x9B, 0x37, 0xEF, 0xF5, 0xFF, 0x30, 0xFF, 0xAB, 0xED, 0x2D, 0xF6,
    0x6D, 0xFE, 0xCB, 0xF5, 0xC7, 0xEC, 0x09, 0xED, 0x4C, 0xFE, 0x0C, 0xEE, 0x26, 0x8B, 0x04, 0x5A,
    0xA4, 0x51, 0x44, 0x39, 0x03, 0x29, 0xC3, 0x20, 0xA3, 0x18, 0x83, 0x10, 0x63, 0x08, 0x63, 0x08,
    0x83, 0x18, 0x47, 0x5A, 0xE5, 0x49, 0x83, 0x10, 0x63, 0x00, 0x43, 0x00, 0x43, 0x00, 0x43, 0x00,
    0x43, 0x00, 0x43, 0x00, 0x43, 0x00, 0x63, 0x08, 0xC3, 0x18, 0x44, 0x39, 0x84, 0x59, 0x89, 0xB4,
    0x4E, 0xFF, 0x2A, 0xFE, 0xA9, 0xF5, 0xC9, 0xFD, 0x48, 0xFD, 0xC8, 0xE4, 0xC5, 0x8A, 0xA4, 0x51,
    0x03, 0x31, 0xA3, 0x18, 0x63, 0x08, 0x63, 0x00, 0x43, 0x00, 0x43, 0x00, 0x43, 0x00, 0x43, 0x00,
    0x43, 0x00, 0x43, 0x00, 0x63, 0x00, 0x63, 0x00, 0x63, 0x00, 0x63, 0x00, 0x63, 0x00, 0x63, 0x00,
    0x63, 0x00, 0x63, 0x00, 0x63, 0x00, 0x63, 0x00, 0x63, 0x00, 0x63, 0x00, 0x63, 0x00, 0x63, 0x00,
    0x63, 0x00, 0x63, 0x00, 0x63, 0x00, 0x63, 0x00, 0x63, 0x00, 0x63, 0x00, 0x63, 0x00, 0x63, 0x00,
    0x63, 0x00, 0x63, 0x00, 0x43, 0x00, 0x43, 0x00, 0x43, 0x00, 0x63, 0x00, 0x43, 0x00, 0x63, 0x00,
    0x63, 0x00, 0x63, 0x00, 0x63, 0x00, 0x63, 0x00, 0x63, 0x00, 0x63, 0x00, 0x63, 0x00, 0x63, 0x00,
    0x63, 0x00, 0x63, 0x00, 0x43, 0x00, 0x43, 0x00, 0x43, 0x00, 0x63, 0x00, 0x63, 0x00, 0x63, 0x00,
    0x43, 0x00, 0x63, 0x00, 0x43, 0x00, 0x43, 0x00, 0x63, 0x00, 0x43, 0x00, 0x43, 0x00, 0x43, 0x00,
    0x43, 0x00, 0x43, 0x00, 0x43, 0x00, 0x43, 0x00, 0x63, 0x00, 0x43, 0x00, 0x63, 0x00, 0x43, 0x00,
    0x63, 0x00, 0x63, 0x00, 0x63, 0x00, 0x63, 0x00, 0x43, 0x00, 0x43, 0x00, 0x43, 0x00, 0x43, 0x00,
    0x43, 0x00, 0x43, 0x00, 0x43, 0x00, 0x63, 0x00, 0x63, 0x00, 0x63, 0x00, 0x63, 0x00, 0x63, 0x00,
    0x63, 0x00, 0x63, 0x00, 0x63, 0x00, 0x63, 0x00, 0x43, 0x00, 0x43, 0x00, 0x43, 0x00, 0x43, 0x00,
    0x43, 0x00, 0x43, 0x00, 0x43, 0x00, 0x43, 0x00, 0x43, 0x00, 0x43, 0x00, 0x43, 0x00, 0x43, 0x00,
    0x43, 0x00, 0x43, 0x00, 0x43, 0x08, 0x63, 0x08, 0x83, 0x10, 0xC3, 0x18, 0x03, 0x29, 0x64, 0x39,
    0xE5, 0x59, 0xA5, 0x7A, 0xF0, 0xDD, 0xF8, 0xFF, 0xB2, 0xFF, 0x8E, 0xF6, 0x31, 0xFF, 0x91, 0xFF,
    0x50, 0xFF, 0x0F, 0xFF, 0xAD, 0xFE, 0x69, 0xF5, 0xA7, 0xEC, 0xEB, 0xFD, 0xCB, 0xED, 0xE6, 0x82,
    0xE4, 0x59, 0x84, 0x49, 0x24, 0x31, 0xE3, 0x28, 0xC3, 0x18, 0xA3, 0x10, 0x83, 0x08, 0x63, 0x08,
    0x83, 0x10, 0x62, 0x10, 0x83, 0x10, 0x63, 0x08, 0x43, 0x00, 0x43, 0x00, 0x43, 0x00, 0x43, 0x00,
    0x63, 0x00, 0x43, 0x00, 0x43, 0x00, 0x63, 0x08, 0xA3, 0x18, 0x24, 0x31, 0xA4, 0x51, 0x6A, 0xE5,
    0x68, 0xFD, 0xA7, 0xF4, 0x07, 0xFD, 0xE8, 0xF4, 0xE8, 0xFC, 0x27, 0xCC, 0xC4, 0x61, 0x64, 0x41,
    0xC3, 0x20, 0x83, 0x10, 0x63, 0x08, 0x43, 0x00, 0x43, 0x00, 0x43, 0x00, 0x43, 0x00, 0x43, 0x00,
    0x43, 0x00, 0x43, 0x00, 0x63, 0x00, 0x63, 0x00, 0x63, 0x00, 0x63, 0x00, 0x63, 0x00, 0x63, 0x00,
    0x63, 0x00, 0x63, 0x00, 0x63, 0x00, 0x63, 0x00, 0x43, 0x00, 0x43, 0x00, 0x43, 0x00, 0x43, 0x00,
    0x63, 0x00, 0x63, 0x00, 0x63, 0x00, 0x63, 0x00, 0x63, 0x00, 0x63, 0x00, 0x63, 0x00, 0x63, 0x00,
    0x63, 0x00, 0x63, 0x00, 0x43, 0x00, 0x43, 0x00, 0x43, 0x00, 0x43, 0x00, 0x43, 0x00, 0x63, 0x00,
    0x63, 0x00, 0x63, 0x00, 0x63, 0x00, 0x63, 0x00, 0x63, 0x00, 0x63, 0x00, 0x63, 0x00, 0x43, 0x00,
    0x43, 0x00, 0x43, 0x00, 0x43, 0x00, 0x43, 0x00, 0x43, 0x00, 0x43, 0x00, 0x63, 0x00, 0x63, 0x00,
    0x63, 0x00, 0x63, 0x00, 0x43, 0x00, 0x43, 0x00, 0x63, 0x00, 0x43, 0x00, 0x63, 0x00, 0x43, 0x00,
    0x43, 0x00, 0x63, 0x00, 0x63, 0x00, 0x63, 0x00, 0x63, 0x00, 0x63, 0x00, 0x63, 0x00, 0x43, 0x00,
    0x63, 0x00, 0x43, 0x00, 0x43, 0x00, 0x43, 0x00, 0x63, 0x00, 0x43, 0x00, 0x43, 0x00, 0x63, 0x00,
    0x43, 0x00, 0x63, 0x00, 0x43, 0x00, 0x63, 0x00, 0x63, 0x00, 0x63, 0x00, 0x63, 0x00, 0x63, 0x00,
    0x63, 0x00, 0x63, 0x00, 0x63, 0x00, 0x63, 0x00, 0x63, 0x00, 0x43, 0x00, 0x43, 0x00, 0x63, 0x00,
    0x43, 0x00, 0x43, 0x00, 0x43, 0x00, 0x43, 0x00, 0x43, 0x00, 0x43, 0x00, 0x43, 0x00, 0x43, 0x00,
    0x43, 0x00, 0x43, 0x00, 0x63, 0x08, 0x63, 0x08, 0xA3, 0x10, 0xC3, 0x20, 0x24, 0x31, 0x84, 0x41,
    0x05, 0x62, 0x88, 0x9B, 0x13, 0xFF, 0xD6, 0xFF, 0x71, 0xFF, 0x31, 0xFF, 0x92, 0xFF, 0x30, 0xFF,
    0x0F, 0xFF, 0xCD, 0xFE, 0xAC, 0xFE, 0x8B, 0xFE, 0xA8, 0xFD, 0x08, 0xED, 0x2C, 0xFE, 0x2A, 0xDD,
    0x65, 0x6A, 0xC4, 0x51, 0x64, 0x39, 0x03, 0x29, 0xC3, 0x20, 0xA3, 0x18, 0x83, 0x10, 0x63, 0x08,
    0x63, 0x08, 0x63, 0x08, 0x63, 0x08, 0x63, 0x08, 0x63, 0x08, 0x63, 0x08, 0x63, 0x08, 0x63, 0x08,
    0x63, 0x08, 0x63, 0x08, 0x63, 0x08, 0x63, 0x08, 0xA3, 0x10, 0xE3, 0x28, 0x84, 0x41, 0xE7, 0xBB,
    0xC6, 0xC3, 0x46, 0xA3, 0xA6, 0xAB, 0xC8, 0xEC, 0xC7, 0xFC, 0xC7, 0xBB, 0x64, 0x49, 0x24, 0x31,
    0xA3, 0x18, 0x63, 0x08, 0x63, 0x00, 0x43, 0x00, 0x43, 0x00, 0x43, 0x00, 0x43, 0x00, 0x43, 0x00,
    0x43, 0x00, 0x63, 0x00, 0x63, 0x00, 0x63, 0x00, 0x63, 0x00, 0x63, 0x00, 0x63, 0x00, 0x63, 0x00,
    0x63, 0x00, 0x63, 0x00, 0x43, 0x00, 0x63, 0x00, 0x63, 0x00, 0x43, 0x00, 0x43, 0x00, 0x63, 0x00,
    0x63, 0x00, 0x63, 0x00, 0x43, 0x00, 0x63, 0x00, 0x63, 0x00, 0x63, 0x00, 0x63, 0x00, 0x63, 0x00,
    0x63, 0x00, 0x63, 0x00, 0x63, 0x00, 0x43, 0x00, 0x63, 0x00, 0x63, 0x00, 0x63, 0x00, 0x63, 0x00,
    0x63, 0x00, 0x63, 0x00, 0x43, 0x00, 0x63, 0x00, 0x63, 0x00, 0x63, 0x00, 0x63, 0x00, 0x63, 0x00,
    0x63, 0x00, 0x43, 0x00, 0x43, 0x00, 0x63, 0x00, 0x63, 0x00, 0x63, 0x00, 0x63, 0x00, 0x63, 0x00,
    0x43, 0x00, 0x43, 0x00, 0x63, 0x00, 0x43, 0x00, 0x43, 0x00, 0x63, 0x00, 0x43, 0x00, 0x43, 0x00,
    0x43, 0x00, 0x43, 0x00, 0x63, 0x00, 0x43, 0x00, 0x63, 0x00, 0x63, 0x00, 0x63, 0x00, 0x43, 0x00,
    0x63, 0x00, 0x63, 0x00, 0x43, 0x00, 0x43, 0x00, 0x43, 0x00, 0x43, 0x00, 0x43, 0x00, 0x43, 0x00,
    0x43, 0x00, 0x63, 0x00, 0x63, 0x00, 0x63, 0x00, 0x63, 0x00, 0x63, 0x00, 0x63, 0x00, 0x63, 0x00,
    0x43, 0x00, 0x63, 0x00, 0x63, 0x00, 0x63, 0x00, 0x43, 0x00, 0x43, 0x00, 0x43, 0x00, 0x43, 0x00,
    0x43, 0x00, 0x43, 0x00, 0x63, 0x00, 0x63, 0x00, 0x43, 0x00, 0x63, 0x00, 0x63, 0x08, 0x43, 0x00,
    0x43, 0x00, 0x43, 0x00, 0x63, 0x08, 0x63, 0x08, 0xA3, 0x18, 0xC3, 0x20, 0x24, 0x31, 0xA4, 0x49,
    0x25, 0x62, 0x4A, 0xAC, 0x12, 0xFF, 0xD7, 0xFF, 0x91, 0xFF, 0x51, 0xFF, 0x71, 0xFF, 0x30, 0xFF,
    0xEE, 0xFE, 0xAC, 0xFE, 0x6B, 0xFE, 0x09, 0xFE, 0x09, 0xFE, 0xA7, 0xFD, 0x0A, 0xF6, 0x2C, 0xFE,
    0xE7, 0xAB, 0xE4, 0x59, 0xA4, 0x49, 0x24, 0x31, 0xE3, 0x20, 0xA3, 0x18, 0x83, 0x10, 0x83, 0x10,
    0x63, 0x08, 0x63, 0x08, 0x63, 0x08, 0x63, 0x08, 0x83, 0x08, 0x83, 0x08, 0x83, 0x10, 0x83, 0x10,
    0x83, 0x10, 0x83, 0x10, 0x63, 0x08, 0x63, 0x08, 0x83, 0x10, 0xC3, 0x18, 0x03, 0x29, 0x23, 0x39,
    0x84, 0x49, 0xA4, 0x51, 0xC4, 0x59, 0x64, 0x7A, 0x48, 0xD4, 0xE5, 0x8A, 0x03, 0x31, 0xE3, 0x20,
    0x83, 0x10, 0x63, 0x08, 0x43, 0x00, 0x43, 0x00, 0x43, 0x00, 0x43, 0x00, 0x43, 0x00, 0x43, 0x00,
    0x43, 0x00, 0x43, 0x00, 0x63, 0x00, 0x63, 0x00, 0x63, 0x00, 0x63, 0x00, 0x63, 0x00, 0x43, 0x00,
    0x43, 0x00, 0x43, 0x00, 0x43, 0x00, 0x43, 0x00, 0x43, 0x00, 0x43, 0x00, 0x63, 0x00, 0x63, 0x00,
    0x63, 0x00, 0x63, 0x00, 0x63, 0x00, 0x63, 0x00, 0x63, 0x00, 0x63, 0x00, 0x63, 0x00, 0x43, 0x00,
    0x43, 0x00, 0x63, 0x00, 0x43, 0x00, 0x43, 0x00, 0x43, 0x00, 0x63, 0x00, 0x63, 0x00, 0x63, 0x00,
    0x63, 0x00, 0x63, 0x00, 0x63, 0x00, 0x63, 0x00, 0x63, 0x00, 0x63, 0x00, 0x43, 0x00, 0x43, 0x00,
    0x63, 0x00, 0x43, 0x00, 0x43, 0x00, 0x63, 0x00, 0x43, 0x00, 0x63, 0x00, 0x63, 0x00, 0x63, 0x00,
    0x43, 0x00, 0x63, 0x00, 0x43, 0x00, 0x43, 0x00, 0x63, 0x00, 0x63, 0x00, 0x63, 0x00, 0x43, 0x00,
    0x43, 0x00, 0x43, 0x00, 0x63, 0x00, 0x63, 0x00, 0x63, 0x00, 0x63, 0x00, 0x43, 0x00, 0x43, 0x00,
    0x63, 0x00, 0x43, 0x00, 0x63, 0x00, 0x63, 0x00, 0x43, 0x00, 0x43, 0x00, 0x63, 0x00, 0x43, 0x00,
    0x63, 0x00, 0x43, 0x00, 0x63, 0x00, 0x63, 0x00, 0x63, 0x00, 0x63, 0x00, 0x63, 0x00, 0x63, 0x00,
    0x63, 0x00, 0x63, 0x00, 0x63, 0x00, 0x63, 0x00, 0x63, 0x00, 0x43, 0x00, 0x63, 0x00, 0x43, 0x00,
    0x43, 0x00, 0x43, 0x00, 0x63, 0x00, 0x63, 0x00, 0x64, 0x08, 0x64, 0x10, 0x44, 0x08, 0x64, 0x10,
    0x64, 0x08, 0x43, 0x00, 0x63, 0x08, 0x83, 0x08, 0xA3, 0x10, 0xE3, 0x20, 0x24, 0x31, 0xA4, 0x49,
    0x25, 0x62, 0x8A, 0xB4, 0x73, 0xFF, 0xFA, 0xFF, 0xB3, 0xFF, 0x71, 0xFF, 0x51, 0xFF, 0x0F, 0xFF,
    0xCD, 0xFE, 0x8C, 0xFE, 0x4A, 0xFE, 0xE9, 0xFD, 0xC8, 0xFD, 0xA7, 0xFD, 0x4A, 0xF6, 0x4D, 0xFE,
    0x29, 0xE5, 0x65, 0x6A, 0xA4, 0x51, 0x44, 0x39, 0xE3, 0x28, 0xC3, 0x18, 0xA3, 0x10, 0x83, 0x10,
    0x83, 0x10, 0x83, 0x10, 0x83, 0x10, 0xA3, 0x10, 0xA3, 0x10, 0xA3, 0x18, 0xA3, 0x18, 0xA3, 0x18,
    0xA3, 0x18, 0xA3, 0x10, 0xA3, 0x10, 0x83, 0x10, 0x83, 0x10, 0xA3, 0x10, 0xA3, 0x18, 0xE3, 0x20,
    0x03, 0x29, 0x24, 0x31, 0x44, 0x39, 0x24, 0x39, 0x43, 0x39, 0x23, 0x31, 0xE3, 0x20, 0xA3, 0x10,
    0x63, 0x08, 0x43, 0x00, 0x43, 0x00, 0x43, 0x00, 0x43, 0x00, 0x43, 0x00, 0x43, 0x00, 0x43, 0x00,
    0x63, 0x00, 0x63, 0x00, 0x63, 0x00, 0x63, 0x00, 0x63, 0x00, 0x63, 0x00, 0x43, 0x00, 0x43, 0x00,
    0x43, 0x00, 0x43, 0x00, 0x43, 0x00, 0x43, 0x00, 0x43, 0x00, 0x43, 0x00, 0x63, 0x00, 0x63, 0x00,
    0x63, 0x00, 0x63, 0x00, 0x63, 0x00, 0x63, 0x00, 0x63, 0x00, 0x63, 0x00, 0x63, 0x00, 0x63, 0x00,
    0x43, 0x00, 0x63, 0x00, 0x43, 0x00, 0x63, 0x00, 0x63, 0x00, 0x63, 0x00, 0x63, 0x00, 0x63, 0x00,
    0x63, 0x00, 0x63, 0x00, 0x63, 0x00, 0x63, 0x00, 0x63, 0x00, 0x63, 0x00, 0x63, 0x00, 0x63, 0x00,
    0x63, 0x00, 0x63, 0x00, 0x63, 0x00, 0x63, 0x00, 0x63, 0x00, 0x63, 0x00, 0x63, 0x00, 0x63, 0x00,
    0x63, 0x00, 0x63, 0x00, 0x63, 0x00, 0x63, 0x00, 0x63, 0x00, 0x43, 0x00, 0x43, 0x00, 0x43, 0x00,
    0x63, 0x00, 0x63, 0x00, 0x63, 0x00, 0x63, 0x00, 0x63, 0x00, 0x63, 0x00, 0x63, 0x00, 0x43, 0x00,
    0x43, 0x00, 0x43, 0x00, 0x63, 0x00, 0x43, 0x00, 0x63, 0x00, 0x63, 0x00, 0x63, 0x00, 0x63, 0x00,
    0x63, 0x00, 0x63, 0x00, 0x63, 0x00, 0x63, 0x00, 0x63, 0x00, 0x63, 0x00, 0x63, 0x00, 0x63, 0x00,
    0x43, 0x00, 0x63, 0x00, 0x63, 0x00, 0x43, 0x00, 0x63, 0x00, 0x63, 0x00, 0x63, 0x00, 0x43, 0x00,
    0x43, 0x00, 0x43, 0x00, 0x43, 0x00, 0x64, 0x08, 0x85, 0x18, 0xA5, 0x20, 0x69, 0x49, 0xC6, 0x28,
    0x85, 0x18, 0x63, 0x08, 0x63, 0x08, 0x83, 0x08, 0xA3, 0x10, 0xE3, 0x20, 0x24, 0x31, 0xA4, 0x49,
    0x25, 0x62, 0x49, 0xAC, 0xD5, 0xFF, 0xFD, 0xFF, 0xD6, 0xFF, 0x51, 0xFF, 0x30, 0xFF, 0xEE, 0xFE,
    0xAD, 0xFE, 0x6B, 0xFE, 0x09, 0xFE, 0xC8, 0xFD, 0xA8, 0xFD, 0x67, 0xFD, 0xE9, 0xFD, 0x8E, 0xF6,
    0x8A, 0xFD, 0x26, 0x93, 0xC4, 0x51, 0x64, 0x41, 0x03, 0x29, 0xC3, 0x20, 0xC3, 0x18, 0xA3, 0x10,
    0xA3, 0x18, 0xA3, 0x18, 0xC3, 0x18, 0xC3, 0x18, 0xC3, 0x20, 0xE3, 0x20, 0xE3, 0x20, 0xE3, 0x20,
    0xE3, 0x28, 0xE3, 0x20, 0xC3, 0x18, 0xA3, 0x18, 0xA3, 0x10, 0x83, 0x10, 0x83, 0x10, 0x83, 0x10,
    0xA3, 0x18, 0xA3, 0x18, 0xC3, 0x18, 0xC3, 0x20, 0xC3, 0x20, 0xA3, 0x18, 0x83, 0x10, 0x63, 0x08,
    0x63, 0x00, 0x43, 0x00, 0x43, 0x00, 0x43, 0x00, 0x43, 0x00, 0x43, 0x00, 0x43, 0x00, 0x43, 0x00,
    0x43, 0x00, 0x63, 0x00, 0x63, 0x00, 0x63, 0x00, 0x63, 0x00, 0x63, 0x00, 0x43, 0x00, 0x43, 0x00,
    0x43, 0x00, 0x43, 0x00, 0x43, 0x00, 0x43, 0x00, 0x43, 0x00, 0x43, 0x00, 0x63, 0x00, 0x63, 0x00,
    0x63, 0x00, 0x63, 0x00, 0x63, 0x00, 0x63, 0x00, 0x63, 0x00, 0x63, 0x00, 0x63, 0x00, 0x63, 0x00,
    0x63, 0x00, 0x43, 0x00, 0x63, 0x00, 0x63, 0x00, 0x63, 0x00, 0x63, 0x00, 0x63, 0x00, 0x63, 0x00,
    0x63, 0x00, 0x63, 0x00, 0x63, 0x00, 0x63, 0x00, 0x63, 0x00, 0x63, 0x00, 0x63, 0x00, 0x43, 0x00,
    0x63, 0x00, 0x63, 0x00, 0x63, 0x00, 0x63, 0x00, 0x63, 0x00, 0x63, 0x00, 0x63, 0x00, 0x63, 0x00,
    0x63, 0x00, 0x63, 0x00, 0x43, 0x00, 0x63, 0x00, 0x43, 0x00, 0x63, 0x00, 0x63, 0x00, 0x63, 0x00,
    0x63, 0x00, 0x63, 0x00, 0x63, 0x00, 0x63, 0x00, 0x63, 0x00, 0x63, 0x00, 0x63, 0x00, 0x63, 0x00,
    0x43, 0x00, 0x63, 0x00, 0x63, 0x00, 0x63, 0x00, 0x63, 0x00, 0x63, 0x00, 0x63, 0x00, 0x63, 0x00,
    0x63, 0x00, 0x63, 0x00, 0x63, 0x00, 0x63, 0x00, 0x63, 0x00, 0x63, 0x00, 0x63, 0x00, 0x63, 0x00,
    0x43, 0x00, 0x63, 0x00, 0x63, 0x00, 0x63, 0x00, 0x63, 0x00, 0x63, 0x00, 0x63, 0x00, 0x43, 0x00,
    0x43, 0x00, 0x43, 0x00, 0x63, 0x00, 0x84, 0x10, 0x65, 0x20, 0xE7, 0x40, 0xD7, 0xCC, 0x08, 0x41,
    0x65, 0x20, 0x84, 0x18, 0x63, 0x08, 0x63, 0x08, 0xA3, 0x10, 0xC3, 0x20, 0x23, 0x31, 0x84, 0x41,
    0x25, 0x62, 0x67, 0x93, 0x74, 0xFF, 0xFA, 0xFF, 0xD8, 0xFF, 0x30, 0xFF, 0xEF, 0xFE, 0xCE, 0xFE,
    0x6C, 0xFE, 0x2A, 0xFE, 0xC8, 0xFD, 0x88, 0xFD, 0x68, 0xFD, 0x47, 0xFD, 0x67, 0xFD, 0xAE, 0xF6,
    0xCA, 0xFD, 0xC7, 0xAB, 0xC4, 0x51, 0x84, 0x41, 0x04, 0x31, 0xE3, 0x20, 0xC3, 0x20, 0xC3, 0x18,
    0xC3, 0x20, 0xE3, 0x20, 0xE3, 0x20, 0x03, 0x29, 0x03, 0x29, 0x24, 0x29, 0x24, 0x31, 0x24, 0x31,
    0x44, 0x39, 0x44, 0x31, 0x04, 0x29, 0xE3, 0x20, 0xC3, 0x18, 0xA3, 0x18, 0x83, 0x10, 0x83, 0x10,
    0x83, 0x08, 0x63, 0x08, 0x83, 0x08, 0x83, 0x10, 0x83, 0x08, 0x83, 0x08, 0x63, 0x08, 0x43, 0x00,
    0x43, 0x00, 0x43, 0x00, 0x43, 0x00, 0x63, 0x00, 0x63, 0x00, 0x43, 0x00, 0x43, 0x00, 0x43, 0x00,
    0x43, 0x00, 0x43, 0x00, 0x43, 0x00, 0x43, 0x00, 0x43, 0x00, 0x43, 0x00, 0x43, 0x00, 0x43, 0x00,
    0x43, 0x00, 0x43, 0x00, 0x43, 0x00, 0x43, 0x00, 0x43, 0x00, 0x43, 0x00, 0x43, 0x00, 0x43, 0x00,
    0x43, 0x00, 0x43, 0x00, 0x43, 0x00, 0x63, 0x00, 0x63, 0x00, 0x63, 0x00, 0x43, 0x00, 0x63, 0x00,
    0x63, 0x00, 0x63, 0x00, 0x63, 0x00, 0x63, 0x00, 0x63, 0x00, 0x63, 0x00, 0x63, 0x00, 0x63, 0x00,
    0x63, 0x00, 0x63, 0x00, 0x63, 0x00, 0x63, 0x00, 0x63, 0x00, 0x63, 0x00, 0x63, 0x00, 0x63, 0x00,
    0x63, 0x00, 0x63, 0x00, 0x63, 0x00, 0x63, 0x00, 0x63, 0x00, 0x63, 0x00, 0x63, 0x00, 0x63, 0x00,
    0x43, 0x00, 0x43, 0x00, 0x63, 0x00, 0x43, 0x00, 0x63, 0x00, 0x63, 0x00, 0x63, 0x00, 0x63, 0x00,
    0x63, 0x00, 0x63, 0x00, 0x63, 0x00, 0x63, 0x00, 0x63, 0x00, 0x43, 0x00, 0x63, 0x00, 0x43, 0x00,
    0x63, 0x00, 0x63, 0x00, 0x63, 0x00, 0x63, 0x00, 0x63, 0x00, 0x63, 0x00, 0x63, 0x00, 0x63, 0x00,
    0x63, 0x00, 0x63, 0x00, 0x63, 0x00, 0x63, 0x00, 0x63, 0x00, 0x63, 0x00, 0x63, 0x00, 0x43, 0x00,
    0x43, 0x00, 0x63, 0x00, 0x63, 0x00, 0x63, 0x00, 0x63, 0x00, 0x63, 0x00, 0x63, 0x00, 0x43, 0x00,
    0x43, 0x00, 0x43, 0x00, 0x64, 0x08, 0x84, 0x18, 0x8A, 0x51, 0xF4, 0xB3, 0x1C, 0xFE, 0xB3, 0xB3,
    0xAA, 0x59, 0x84, 0x18, 0x63, 0x08, 0x63, 0x08, 0x83, 0x10, 0xC3, 0x18, 0x03, 0x29, 0x64, 0x41,
    0x05, 0x5A, 0x85, 0x7A, 0xED, 0xDD, 0xB1, 0xFF, 0xB6, 0xFF, 0x31, 0xFF, 0xAD, 0xFE, 0x8C, 0xFE,
    0x4B, 0xFE, 0xC9, 0xFD, 0x88, 0xFD, 0x68, 0xFD, 0x48, 0xFD, 0x28, 0xFD, 0x27, 0xFD, 0x4C, 0xF6,
    0xCA, 0xFD, 0xE7, 0xB3, 0xC4, 0x51, 0x84, 0x49, 0x24, 0x31, 0x03, 0x29, 0xE3, 0x20, 0xE3, 0x20,
    0x03, 0x29, 0x03, 0x29, 0x23, 0x31, 0x44, 0x39, 0x64, 0x39, 0x84, 0x41, 0x84, 0x41, 0xA4, 0x49,
    0xC5, 0x51, 0xC5, 0x49, 0x64, 0x39, 0x24, 0x31, 0x03, 0x29, 0xE3, 0x20, 0xC3, 0x18, 0xA3, 0x10,
    0x83, 0x08, 0x63, 0x08, 0x63, 0x08, 0x63, 0x08, 0x63, 0x00, 0x63, 0x00, 0x43, 0x00, 0x43, 0x00,
    0x43, 0x00, 0x63, 0x00, 0x84, 0x00, 0x84, 0x08, 0x84, 0x00, 0xA4, 0x08, 0x84, 0x00, 0x63, 0x00,
    0x43, 0x00, 0x43, 0x00, 0x43, 0x00, 0x43, 0x00, 0x43, 0x00, 0x43, 0x00, 0x43, 0x00, 0x43, 0x00,
    0x43, 0x00, 0x43, 0x00, 0x43, 0x00, 0x43, 0x00, 0x43, 0x00, 0x43, 0x00, 0x43, 0x00, 0x43, 0x00,
    0x43, 0x00, 0x43, 0x00, 0x43, 0x00, 0x43, 0x00, 0x43, 0x00, 0x63, 0x00, 0x43, 0x00, 0x43, 0x00,
    0x63, 0x00, 0x63, 0x00, 0x63, 0x00, 0x63, 0x00, 0x63, 0x00, 0x63, 0x00, 0x63, 0x00, 0x63, 0x00,
    0x63, 0x00, 0x63, 0x00, 0x63, 0x00, 0x63, 0x00, 0x63, 0x00, 0x63, 0x00, 0x63, 0x00, 0x63, 0x00,
    0x63, 0x00, 0x63, 0x00, 0x63, 0x00, 0x63, 0x00, 0x63, 0x00, 0x63, 0x00, 0x63, 0x00, 0x63, 0x00,
    0x43, 0x00, 0x43, 0x00, 0x43, 0x00, 0x43, 0x00, 0x63, 0x00, 0x63, 0x00, 0x43, 0x00, 0x63, 0x00,
    0x63, 0x00, 0x63, 0x00, 0x63, 0x00, 0x63, 0x00, 0x63, 0x00, 0x63, 0x00, 0x63, 0x00, 0x63, 0x00,
    0x63, 0x00, 0x63, 0x00, 0x63, 0x00, 0x63, 0x00, 0x63, 0x00, 0x63, 0x00, 0x63, 0x00, 0x63, 0x00,
    0x63, 0x00, 0x63, 0x00, 0x63, 0x00, 0x63, 0x00, 0x63, 0x00, 0x63, 0x00, 0x63, 0x00, 0x43, 0x00,
    0x43, 0x00, 0x63, 0x00, 0x63, 0x00, 0x63, 0x00, 0x63, 0x00, 0x63, 0x00, 0x43, 0x00, 0x43, 0x00,
    0x43, 0x00, 0x43, 0x00, 0x63, 0x08, 0x64, 0x18, 0x2C, 0x6A, 0x56, 0xD4, 0x1A, 0xFD, 0x37, 0xDC,
    0x2D, 0x7A, 0x84, 0x18, 0x63, 0x08, 0x63, 0x08, 0x83, 0x10, 0xA3, 0x18, 0xE3, 0x28, 0x44, 0x39,
    0xC4, 0x51, 0x45, 0x6A, 0xC8, 0xA3, 0xCB, 0xFE, 0x8C, 0xFE, 0x32, 0xFF, 0x6C, 0xFE, 0x4C, 0xFE,
    0xEA, 0xFD, 0x88, 0xFD, 0x68, 0xFD, 0x48, 0xFD, 0x28, 0xFD, 0x08, 0xFD, 0x28, 0xFD, 0x0B, 0xF6,
    0xAA, 0xFD, 0xA7, 0xAB, 0xA4, 0x51, 0x84, 0x41, 0x44, 0x39, 0x04, 0x31, 0x04, 0x29, 0x23, 0x31,
    0x24, 0x31, 0x64, 0x39, 0x84, 0x41, 0xC4, 0x49, 0xE5, 0x59, 0x05, 0x5A, 0x25, 0x62, 0x45, 0x6A,
    0x86, 0x72, 0x86, 0x72, 0xC5, 0x51, 0xA5, 0x41, 0x44, 0x39, 0x04, 0x29, 0xE3, 0x28, 0xC3, 0x18,
    0xA3, 0x10, 0x83, 0x10, 0x63, 0x08, 0x43, 0x08, 0x43, 0x00, 0x43, 0x00, 0x43, 0x00, 0x43, 0x00,
    0x43, 0x00, 0x84, 0x00, 0xC5, 0x08, 0x27, 0x11, 0x0A, 0x22, 0x07, 0x09, 0xC5, 0x08, 0x64, 0x00,
    0x43, 0x00, 0x43, 0x00, 0x43, 0x00, 0x43, 0x00, 0x43, 0x00, 0x43, 0x00, 0x43, 0x00, 0x43, 0x00,
    0x43, 0x00, 0x43, 0x00, 0x43, 0x00, 0x43, 0x00, 0x43, 0x00, 0x43, 0x00, 0x43, 0x00, 0x43, 0x00,
    0x43, 0x00, 0x43, 0x00, 0x43, 0x00, 0x43, 0x00, 0x43, 0x00, 0x43, 0x00, 0x43, 0x00, 0x63, 0x00,
    0x63, 0x00, 0x63, 0x00, 0x63, 0x00, 0x63, 0x00, 0x63, 0x00, 0x63, 0x00, 0x63, 0x00, 0x63, 0x00,
    0x63, 0x00, 0x63, 0x00, 0x63, 0x00, 0x63, 0x00, 0x63, 0x00, 0x63, 0x00, 0x63, 0x00, 0x63, 0x00,
    0x63, 0x00, 0x63, 0x00, 0x63, 0x00, 0x63, 0x00, 0x63, 0x00, 0x63, 0x00, 0x63, 0x00, 0x63, 0x00,
    0x43, 0x00, 0x43, 0x00, 0x63, 0x00, 0x63, 0x00, 0x43, 0x00, 0x43, 0x00, 0x63, 0x00, 0x63, 0x00,
    0x63, 0x00, 0x63, 0x00, 0x63, 0x00, 0x63, 0x00, 0x63, 0x00, 0x63, 0x00, 0x63, 0x00, 0x63, 0x00,
    0x63, 0x00, 0x63, 0x00, 0x63, 0x00, 0x63, 0x00, 0x63, 0x00, 0x63, 0x00, 0x63, 0x00, 0x63, 0x00,
    0x63, 0x00, 0x63, 0x00, 0x43, 0x00, 0x63, 0x00, 0x63, 0x00, 0x43, 0x00, 0x63, 0x00, 0x63, 0x00,
    0x63, 0x00, 0x63, 0x00, 0x63, 0x00, 0x63, 0x00, 0x63, 0x00, 0x43, 0x00, 0x43, 0x00, 0x43, 0x00,
    0x43, 0x00, 0x43, 0x00, 0x43, 0x00, 0x84, 0x10, 0x65, 0x20, 0xC7, 0x48, 0xF6, 0xDB, 0x08, 0x51,
    0x44, 0x20, 0x84, 0x10, 0x43, 0x08, 0x63, 0x00, 0x83, 0x08, 0xA3, 0x10, 0xE3, 0x20, 0x23, 0x31,
    0x84, 0x41, 0x04, 0x62, 0x65, 0x72, 0xC8, 0xCC, 0x46, 0xFD, 0x29, 0xE5, 0x8E, 0xFE, 0x0B, 0xFE,
    0xCA, 0xFD, 0x89, 0xFD, 0x28, 0xFD, 0x08, 0xFD, 0xE7, 0xFC, 0xC7, 0xFC, 0x8A, 0xF5, 0xEB, 0xF5,
    0x69, 0xFD, 0xE6, 0x8A, 0xA4, 0x51, 0x84, 0x41, 0x44, 0x39, 0x24, 0x39, 0x44, 0x39, 0x64, 0x39,
    0x84, 0x41, 0xC4, 0x51, 0x05, 0x5A, 0x44, 0x6A, 0x65, 0x72, 0xA5, 0x82, 0x06, 0x8B, 0x27, 0x93,
    0x87, 0xA3, 0xC8, 0xAB, 0xC6, 0x82, 0x25, 0x62, 0xE5, 0x51, 0x85, 0x41, 0x24, 0x31, 0xE3, 0x20,
    0xC3, 0x18, 0x83, 0x10, 0x63, 0x08, 0x63, 0x08, 0x43, 0x00, 0x43, 0x00, 0x43, 0x00, 0x43, 0x00,
    0x63, 0x00, 0xC5, 0x08, 0xC6, 0x00, 0x6C, 0x2A, 0x5A, 0x8E, 0x68, 0x09, 0xE6, 0x08, 0xA4, 0x00,
    0x43, 0x00, 0x43, 0x00, 0x43, 0x00, 0x43, 0x00, 0x43, 0x00, 0x43, 0x00, 0x43, 0x00, 0x43, 0x00,
    0x43, 0x00, 0x43, 0x00, 0x43, 0x00, 0x43, 0x00, 0x43, 0x00, 0x43, 0x00, 0x43, 0x00, 0x63, 0x00,
    0x43, 0x00, 0x43, 0x00, 0x43, 0x00, 0x43, 0x00, 0x43, 0x00, 0x43, 0x00, 0x63, 0x00, 0x63, 0x00,
    0x63, 0x00, 0x63, 0x00, 0x63, 0x00, 0x63, 0x00, 0x63, 0x00, 0x63, 0x00, 0x63, 0x00, 0x63, 0x00,
    0x63, 0x00, 0x63, 0x00, 0x63, 0x00, 0x63, 0x00, 0x63, 0x00, 0x63, 0x00, 0x63, 0x00, 0x63, 0x00,
    0x63, 0x00, 0x63, 0x00, 0x63, 0x00, 0x63, 0x00, 0x63, 0x00, 0x63, 0x00, 0x63, 0x00, 0x63, 0x00,
    0x43, 0x00, 0x43, 0x00, 0x43, 0x00, 0x43, 0x00, 0x63, 0x00, 0x63, 0x00, 0x63, 0x00, 0x43, 0x00,
    0x63, 0x00, 0x63, 0x00, 0x63, 0x00, 0x63, 0x00, 0x63, 0x00, 0x43, 0x00, 0x63, 0x00, 0x63, 0x00,
    0x63, 0x00, 0x63, 0x00, 0x63, 0x00, 0x63, 0x00, 0x63, 0x00, 0x63, 0x00, 0x63, 0x00, 0x63, 0x00,
    0x63, 0x00, 0x63, 0x00, 0x63, 0x00, 0x63, 0x00, 0x43, 0x00, 0x63, 0x00, 0x63, 0x00, 0x63, 0x00,
    0x63, 0x00, 0x63, 0x00, 0x63, 0x00, 0x63, 0x00, 0x43, 0x00, 0x43, 0x00, 0x43, 0x00, 0x43, 0x00,
    0x43, 0x00, 0x43, 0x00, 0x43, 0x00, 0x63, 0x08, 0x85, 0x18, 0xA5, 0x28, 0xAB, 0x61, 0xA6, 0x28,
    0x85, 0x18, 0x63, 0x08, 0x43, 0x00, 0x63, 0x00, 0x63, 0x08, 0x83, 0x10, 0xC3, 0x18, 0x03, 0x29,
    0x44, 0x39, 0xA4, 0x49, 0x05, 0x62, 0xA5, 0x7A, 0x87, 0xD4, 0xA4, 0xDB, 0x28, 0xD4, 0xCC, 0xF5,
    0xCB, 0xFD, 0xCB, 0xFD, 0x8A, 0xF5, 0x69, 0xF5, 0x49, 0xF5, 0x8A, 0xF5, 0xAB, 0xF5, 0x69, 0xFD,
    0xA9, 0xDC, 0x24, 0x6A, 0xC4, 0x51, 0x64, 0x41, 0x64, 0x39, 0x64, 0x39, 0x84, 0x41, 0xA4, 0x49,
    0x04, 0x5A, 0x44, 0x6A, 0x85, 0x72, 0xA8, 0x9B, 0x4D, 0xC5, 0x71, 0xDE, 0xF3, 0xEE, 0xD3, 0xEE,
    0x72, 0xE6, 0x4F, 0xEE, 0xEA, 0xD4, 0xC8, 0xAB, 0xA6, 0x7A, 0xC5, 0x51, 0x44, 0x39, 0x04, 0x29,
    0xC3, 0x20, 0xA3, 0x10, 0x83, 0x08, 0x63, 0x08, 0x43, 0x00, 0x43, 0x00, 0x43, 0x00, 0x43, 0x00,
    0x63, 0x00, 0xA5, 0x00, 0xCD, 0x32, 0xDC, 0x96, 0xFF, 0xB7, 0xD9, 0x7D, 0xEA, 0x19, 0x84, 0x00,
    0x63, 0x00, 0x43, 0x00, 0x43, 0x00, 0x43, 0x00, 0x43, 0x00, 0x43, 0x00, 0x43, 0x00, 0x43, 0x00,
    0x43, 0x00, 0x43, 0x00, 0x43, 0x00, 0x63, 0x00, 0x63, 0x00, 0x63, 0x08, 0x63, 0x08, 0x63, 0x08,
    0x63, 0x08, 0x63, 0x08, 0x43, 0x08, 0x43, 0x00, 0x43, 0x00, 0x43, 0x00, 0x43, 0x00, 0x43, 0x00,
    0x43, 0x00, 0x63, 0x00, 0x63, 0x00, 0x63, 0x00, 0x63, 0x00, 0x63, 0x00, 0x63, 0x00, 0x63, 0x00,
    0x63, 0x00, 0x63, 0x00, 0x63, 0x00, 0x63, 0x00, 0x63, 0x00, 0x63, 0x00, 0x63, 0x00, 0x63, 0x00,
    0x63, 0x00, 0x63, 0x00, 0x63, 0x00, 0x63, 0x00, 0x63, 0x00, 0x63, 0x00, 0x63, 0x00, 0x43, 0x00,
    0x43, 0x00, 0x43, 0x00, 0x43, 0x00, 0x43, 0x00, 0x63, 0x00, 0x63, 0x00, 0x63, 0x00, 0x63, 0x00,
    0x63, 0x00, 0x63, 0x00, 0x63, 0x00, 0x63, 0x00, 0x63, 0x00, 0x43, 0x00, 0x63, 0x00, 0x63, 0x00,
    0x63, 0x00, 0x63, 0x00, 0x63, 0x00, 0x63, 0x00, 0x63, 0x00, 0x63, 0x00, 0x63, 0x00, 0x63, 0x00,
    0x63, 0x00, 0x63, 0x00, 0x63, 0x00, 0x43, 0x00, 0x63, 0x00, 0x63, 0x00, 0x63, 0x00, 0x63, 0x00,
    0x43, 0x00, 0x63, 0x00, 0x63, 0x00, 0x63, 0x00, 0x43, 0x00, 0x43, 0x00, 0x43, 0x00, 0x43, 0x00,
    0x63, 0x00, 0x63, 0x00, 0x43, 0x00, 0x63, 0x08, 0x63, 0x08, 0x64, 0x10, 0x43, 0x10, 0x64, 0x10,
    0x63, 0x08, 0x43, 0x00, 0x43, 0x00, 0x63, 0x00, 0x63, 0x08, 0x83, 0x10, 0xA3, 0x18, 0xE4, 0x20,
    0x04, 0x31, 0x44, 0x39, 0xA4, 0x51, 0x04, 0x62, 0xA5, 0x7A, 0xE7, 0xC3, 0x25, 0xD3, 0x46, 0xD3,
    0xCA, 0xE4, 0x4A, 0xF5, 0x6A, 0xFD, 0x6A, 0xF5, 0x6A, 0xF5, 0x29, 0xF5, 0x08, 0xFD, 0x2A, 0xF5,
    0xC5, 0x82, 0xE4, 0x59, 0xA4, 0x49, 0x64, 0x41, 0x64, 0x41, 0x84, 0x41, 0xC4, 0x49, 0x24, 0x62,
    0x64, 0x72, 0x47, 0x8B, 0xCE, 0xCD, 0xB3, 0xFF, 0xF4, 0xFF, 0xD3, 0xFF, 0xB2, 0xFF, 0xF3, 0xFF,
    0xF8, 0xFF, 0xFD, 0xFF, 0x77, 0xFF, 0x0B, 0xD5, 0x06, 0x8B, 0x05, 0x62, 0x84, 0x41, 0x24, 0x31,
    0xE3, 0x20, 0xA3, 0x18, 0x83, 0x10, 0x63, 0x08, 0x63, 0x08, 0x43, 0x00, 0x43, 0x00, 0x43, 0x00,
    0x63, 0x00, 0xC5, 0x08, 0x88, 0x19, 0x53, 0x54, 0xFD, 0x8E, 0x2F, 0x33, 0x48, 0x11, 0x84, 0x00,
    0x63, 0x00, 0x43, 0x00, 0x43, 0x00, 0x43, 0x00, 0x43, 0x00, 0x43, 0x00, 0x43, 0x00, 0x43, 0x00,
    0x43, 0x00, 0x63, 0x08, 0x63, 0x08, 0x63, 0x08, 0x83, 0x08, 0x83, 0x10, 0x83, 0x10, 0x83, 0x10,
    0x83, 0x10, 0x83, 0x10, 0x83, 0x10, 0x63, 0x08, 0x63, 0x08, 0x63, 0x08, 0x63, 0x08, 0x63, 0x00,
    0x43, 0x00, 0x43, 0x00, 0x43, 0x00, 0x43, 0x00, 0x63, 0x00, 0x43, 0x00, 0x63, 0x00, 0x63, 0x00,
    0x43, 0x00, 0x63, 0x00, 0x63, 0x00, 0x63, 0x00, 0x63, 0x00, 0x63, 0x00, 0x63, 0x00, 0x63, 0x00,
    0x63, 0x00, 0x63, 0x00, 0x43, 0x00, 0x63, 0x00, 0x63, 0x00, 0x63, 0x00, 0x63, 0x00, 0x63, 0x00,
    0x43, 0x00, 0x43, 0x00, 0x43, 0x00, 0x63, 0x00, 0x63, 0x00, 0x63, 0x00, 0x63, 0x00, 0x63, 0x00,
    0x63, 0x00, 0x63, 0x00, 0x63, 0x00, 0x63, 0x00, 0x63, 0x00, 0x63, 0x00, 0x63, 0x00, 0x63, 0x00,
    0x63, 0x00, 0x63, 0x00, 0x63, 0x00, 0x63, 0x00, 0x63, 0x00, 0x63, 0x00, 0x63, 0x00, 0x43, 0x00,
    0x63, 0x00, 0x63, 0x00, 0x63, 0x00, 0x43, 0x00, 0x43, 0x00, 0x63, 0x00, 0x63, 0x00, 0x63, 0x00,
    0x43, 0x00, 0x63, 0x00, 0x63, 0x00, 0x43, 0x00, 0x43, 0x00, 0x63, 0x00, 0x63, 0x08, 0x63, 0x08,
    0x63, 0x08, 0x83, 0x08, 0x83, 0x08, 0x63, 0x08, 0x63, 0x08, 0x63, 0x08, 0x63, 0x08, 0x43, 0x08,
    0x43, 0x00, 0x43, 0x00, 0x43, 0x00, 0x43, 0x00, 0x63, 0x08, 0x63, 0x08, 0x83, 0x10, 0xC3, 0x18,
    0xE3, 0x20, 0x03, 0x31, 0x64, 0x39, 0xA4, 0x51, 0x04, 0x62, 0xA5, 0x7A, 0xC7, 0xC3, 0xE8, 0xEB,
    0xA8, 0xEB, 0x09, 0xEC, 0x89, 0xEC, 0xE9, 0xF4, 0x2A, 0xF5, 0x8B, 0xFD, 0xAD, 0xF5, 0x47, 0x93,
    0xE4, 0x59, 0xC4, 0x51, 0x84, 0x49, 0x84, 0x41, 0x84, 0x41, 0xA4, 0x49, 0x25, 0x62, 0x64, 0x72,
    0xE8, 0xA3, 0x32, 0xEF, 0xF3, 0xFF, 0xAD, 0xF6, 0x0A, 0xEE, 0x4A, 0xF6, 0x8C, 0xF6, 0xAC, 0xF6,
    0x51, 0xF7, 0xFA, 0xFF, 0xFC, 0xFF, 0x94, 0xEE, 0x87, 0xA3, 0x85, 0x72, 0xC4, 0x51, 0x44, 0x39,
    0x03, 0x29, 0xC3, 0x18, 0x83, 0x10, 0x63, 0x08, 0x63, 0x08, 0x43, 0x00, 0x43, 0x00, 0x43, 0x00,
    0x63, 0x00, 0xA4, 0x00, 0xA5, 0x08, 0x68, 0x11, 0x70, 0x43, 0xC6, 0x00, 0xC6, 0x08, 0x84, 0x00,
    0x43, 0x00, 0x43, 0x00, 0x43, 0x00, 0x43, 0x00, 0x43, 0x00, 0x43, 0x00, 0x43, 0x00, 0x63, 0x08,
    0x63, 0x08, 0x83, 0x08, 0x83, 0x10, 0xA3, 0x10, 0xA3, 0x18, 0xA3, 0x18, 0xC3, 0x18, 0xC3, 0x18,
    0xC3, 0x18, 0xC3, 0x18, 0xA3, 0x18, 0xA3, 0x18, 0xA3, 0x10, 0x83, 0x10, 0x83, 0x08, 0x63, 0x08,
    0x63, 0x08, 0x43, 0x00, 0x43, 0x00, 0x43, 0x00, 0x43, 0x00, 0x43, 0x00, 0x43, 0x00, 0x63, 0x00,
    0x43, 0x00, 0x63, 0x00, 0x63, 0x00, 0x63, 0x00, 0x63, 0x00, 0x63, 0x00, 0x63, 0x00, 0x63, 0x00,
    0x63, 0x00, 0x63, 0x00, 0x63, 0x00, 0x63, 0x00, 0x63, 0x00, 0x43, 0x00, 0x43, 0x00, 0x63, 0x00,
    0x43, 0x00, 0x43, 0x00, 0x63, 0x00, 0x63, 0x00, 0x63, 0x00, 0x63, 0x00, 0x63, 0x00, 0x63, 0x00,
    0x63, 0x00, 0x43, 0x00, 0x43, 0x00, 0x43, 0x00, 0x63, 0x00, 0x63, 0x00, 0x63, 0x00, 0x63, 0x00,
    0x63, 0x00, 0x63, 0x00, 0x63, 0x00, 0x63, 0x00, 0x63, 0x00, 0x63, 0x00, 0x63, 0x00, 0x63, 0x00,
    0x43, 0x00, 0x43, 0x00, 0x43, 0x00, 0x43, 0x00, 0x43, 0x00, 0x43, 0x00, 0x43, 0x00, 0x43, 0x00,
    0x63, 0x00, 0x43, 0x00, 0x43, 0x00, 0x63, 0x08, 0x63, 0x08, 0x83, 0x10, 0x83, 0x10, 0xA3, 0x18,
    0xA3, 0x18, 0xC3, 0x18, 0xC3, 0x18, 0xA3, 0x18, 0xA3, 0x10, 0x83, 0x10, 0x63, 0x08, 0x43, 0x08,
    0x43, 0x00, 0x43, 0x00, 0x43, 0x00, 0x43, 0x00, 0x43, 0x00, 0x63, 0x08, 0x83, 0x08, 0xA3, 0x10,
    0xC3, 0x18, 0xE3, 0x20, 0x04, 0x31, 0x44, 0x39, 0xA4, 0x49, 0xE5, 0x59, 0x45, 0x6A, 0x26, 0x9B,
    0xE9, 0xCB, 0xAC, 0xF4, 0x0D, 0xFD, 0x8D, 0xFD, 0xAE, 0xF5, 0x0D, 0xCD, 0x27, 0x8B, 0xE4, 0x59,
    0xC4, 0x51, 0x84, 0x49, 0x84, 0x41, 0x84, 0x41, 0xA4, 0x49, 0x05, 0x5A, 0x44, 0x6A, 0xC8, 0x9B,
    0x71, 0xFF, 0x71, 0xFF, 0xAA, 0xED, 0x2A, 0xF6, 0x4E, 0xFF, 0xD0, 0xFF, 0xD2, 0xFF, 0xD3, 0xFF,
    0x51, 0xF7, 0x72, 0xF7, 0xF7, 0xFF, 0xF9, 0xFF, 0x6E, 0xCD, 0xA5, 0x7A, 0x05, 0x5A, 0x64, 0x41,
    0x04, 0x29, 0xC3, 0x20, 0xA3, 0x10, 0x83, 0x10, 0x83, 0x10, 0x83, 0x10, 0x63, 0x08, 0x63, 0x00,
    0x63, 0x00, 0x63, 0x00, 0xA4, 0x08, 0xC5, 0x08, 0xC6, 0x08, 0xC5, 0x08, 0x84, 0x00, 0x64, 0x00,
    0x43, 0x00, 0x43, 0x00, 0x43, 0x00, 0x43, 0x00, 0x43, 0x00, 0x63, 0x00, 0x63, 0x08, 0x83, 0x08,
    0x83, 0x10, 0xA3, 0x18, 0xC3, 0x18, 0xE3, 0x20, 0x03, 0x29, 0x03, 0x29, 0x03, 0x31, 0x23, 0x31,
    0x03, 0x31, 0x03, 0x29, 0x03, 0x29, 0xE3, 0x28, 0xC3, 0x20, 0xC3, 0x18, 0xA3, 0x18, 0x83, 0x10,
    0x63, 0x08, 0x63, 0x08, 0x43, 0x00, 0x43, 0x00, 0x43, 0x00, 0x43, 0x00, 0x43, 0x00, 0x63, 0x00,
    0x43, 0x00, 0x63, 0x00, 0x63, 0x00, 0x63, 0x00, 0x63, 0x00, 0x63, 0x00, 0x63, 0x00, 0x63, 0x00,
    0x63, 0x00, 0x63, 0x00, 0x63, 0x00, 0x43, 0x00, 0x63, 0x00, 0x43, 0x00, 0x63, 0x00, 0x63, 0x00,
    0x43, 0x00, 0x63, 0x00, 0x63, 0x00, 0x43, 0x00, 0x63, 0x00, 0x63, 0x00, 0x43, 0x00, 0x63, 0x00,
    0x43, 0x00, 0x43, 0x00, 0x43, 0x00, 0x63, 0x00, 0x63, 0x00, 0x63, 0x00, 0x63, 0x00, 0x63, 0x00,
    0x63, 0x00, 0x63, 0x00, 0x63, 0x00, 0x63, 0x00, 0x63, 0x00, 0x43, 0x00, 0x43, 0x00, 0x43, 0x00,
    0x43, 0x00, 0x43, 0x00, 0x43, 0x00, 0x43, 0x00, 0x43, 0x00, 0x43, 0x00, 0x43, 0x00, 0x43, 0x00,
    0x43, 0x00, 0x63, 0x00, 0x63, 0x08, 0x83, 0x10, 0xA3, 0x10, 0xC3, 0x18, 0xE3, 0x20, 0x03, 0x29,
    0x24, 0x31, 0x24, 0x31, 0x24, 0x31, 0x04, 0x31, 0xE3, 0x20, 0xC3, 0x18, 0x83, 0x10, 0x63, 0x08,
    0x43, 0x00, 0x43, 0x00, 0x43, 0x00, 0x43, 0x00, 0x43, 0x00, 0x43, 0x00, 0x63, 0x08, 0x83, 0x08,
    0xA3, 0x10, 0xC3, 0x18, 0xE3, 0x20, 0x04, 0x29, 0x44, 0x39, 0x84, 0x41, 0xC4, 0x51, 0xE4, 0x59,
    0x24, 0x62, 0x85, 0x7A, 0xE6, 0x8A, 0x07, 0x83, 0xA6, 0x72, 0xE4, 0x61, 0xC4, 0x59, 0xA4, 0x51,
    0x64, 0x41, 0x64, 0x41, 0x64, 0x41, 0x84, 0x49, 0xE4, 0x51, 0x45, 0x6A, 0x46, 0x8B, 0xEF, 0xF6,
    0x2F, 0xFF, 0x68, 0xED, 0xCB, 0xFE, 0xCF, 0xFF, 0xB0, 0xFF, 0xB1, 0xFF, 0xB2, 0xFF, 0xB3, 0xFF,
    0xF5, 0xFF, 0x51, 0xF7, 0xD3, 0xFF, 0xB6, 0xFF, 0xF5, 0xF6, 0x48, 0x93, 0x05, 0x62, 0x84, 0x41,
    0x24, 0x31, 0xE3, 0x20, 0xA3, 0x18, 0xC3, 0x18, 0x03, 0x29, 0x03, 0x31, 0xC3, 0x18, 0x63, 0x08,
    0x43, 0x00, 0x63, 0x00, 0x63, 0x00, 0x64, 0x00, 0x64, 0x00, 0x64, 0x08, 0x64, 0x08, 0x63, 0x08,
    0x43, 0x08, 0x43, 0x00, 0x43, 0x00, 0x43, 0x00, 0x63, 0x08, 0x63, 0x08, 0x83, 0x10, 0xA3, 0x10,
    0xC3, 0x18, 0xE3, 0x20, 0x04, 0x29, 0x24, 0x31, 0x64, 0x41, 0x84, 0x41, 0x84, 0x49, 0x84, 0x49,
    0x84, 0x49, 0x84, 0x41, 0x64, 0x41, 0x44, 0x39, 0x24, 0x31, 0x03, 0x29, 0xC3, 0x20, 0xA3, 0x18,
    0x83, 0x10, 0x63, 0x08, 0x63, 0x08, 0x43, 0x00, 0x43, 0x00, 0x43, 0x00, 0x43, 0x00, 0x43, 0x00,
    0x43, 0x00, 0x43, 0x00, 0x43, 0x00, 0x63, 0x00, 0x63, 0x00, 0x63, 0x00, 0x63, 0x00, 0x63, 0x00,
    0x63, 0x00, 0x43, 0x00, 0x43, 0x00, 0x43, 0x00, 0x43, 0x00, 0x43, 0x00, 0x63, 0x00, 0x43, 0x00,
    0x43, 0x00, 0x43, 0x00, 0x43, 0x00, 0x63, 0x00, 0x43, 0x00, 0x43, 0x00, 0x63, 0x00, 0x43, 0x00,
    0x43, 0x00, 0x43, 0x00, 0x63, 0x00, 0x63, 0x00, 0x63, 0x00, 0x63, 0x00, 0x63, 0x00, 0x63, 0x00,
    0x63, 0x00, 0x63, 0x00, 0x63, 0x00, 0x63, 0x00, 0x63, 0x00, 0x43, 0x00, 0x63, 0x00, 0x63, 0x00,
    0x63, 0x00, 0x43, 0x00, 0x43, 0x00, 0x43, 0x00, 0x43, 0x00, 0x43, 0x00, 0x43, 0x00, 0x63, 0x00,
    0x63, 0x08, 0x83, 0x08, 0x83, 0x10, 0xC3, 0x18, 0xE3, 0x20, 0x03, 0x29, 0x44, 0x39, 0x84, 0x41,
    0x84, 0x49, 0x63, 0x49, 0x63, 0x49, 0x43, 0x41, 0x44, 0x39, 0x03, 0x29, 0xC3, 0x18, 0x83, 0x10,
    0x63, 0x08, 0x43, 0x00, 0x43, 0x00, 0x43, 0x00, 0x43, 0x00, 0x63, 0x00, 0x84, 0x08, 0xA4, 0x08,
    0xA4, 0x10, 0xA4, 0x10, 0xC3, 0x18, 0xE3, 0x20, 0x04, 0x29, 0x24, 0x31, 0x44, 0x39, 0x64, 0x41,
    0xA4, 0x49, 0xA4, 0x51, 0xA4, 0x49, 0x84, 0x49, 0x84, 0x49, 0x84, 0x49, 0x64, 0x41, 0x44, 0x39,
    0x44, 0x39, 0x44, 0x39, 0x64, 0x41, 0xA4, 0x49, 0x05, 0x62, 0x85, 0x7A, 0xCC, 0xDD, 0x6F, 0xFF,
    0x88, 0xED, 0xAA, 0xFE, 0xAE, 0xFF, 0x8E, 0xFF, 0xAF, 0xFF, 0xB0, 0xFF, 0xB1, 0xFF, 0xB2, 0xFF,
    0xD3, 0xFF, 0x92, 0xFF, 0xD3, 0xFF, 0x96, 0xFF, 0xF5, 0xFE, 0x2B, 0xAC, 0x04, 0x62, 0x84, 0x49,
    0x24, 0x31, 0xE3, 0x20, 0xC3, 0x20, 0x82, 0x18, 0x6C, 0xA4, 0xAF, 0xCD, 0xA2, 0x20, 0x83, 0x08,
    0x43, 0x00, 0x43, 0x00, 0x43, 0x00, 0x43, 0x00, 0x63, 0x08, 0x64, 0x08, 0x84, 0x10, 0x84, 0x10,
    0x84, 0x10, 0x64, 0x08, 0x63, 0x08, 0x63, 0x08, 0x63, 0x08, 0x83, 0x10, 0xA3, 0x10, 0xC3, 0x20,
    0x03, 0x29, 0x44, 0x31, 0x84, 0x41, 0xA4, 0x49, 0xA4, 0x51, 0xC4, 0x59, 0x04, 0x62, 0x25, 0x6A,
    0x25, 0x6A, 0x04, 0x62, 0xC4, 0x59, 0x83, 0x51, 0x63, 0x49, 0x64, 0x41, 0x23, 0x31, 0xE3, 0x20,
    0xA3, 0x18, 0x83, 0x10, 0x63, 0x08, 0x43, 0x00, 0x43, 0x00, 0x43, 0x00, 0x43, 0x00, 0x43, 0x00,
    0x43, 0x00, 0x63, 0x00, 0x63, 0x00, 0x63, 0x00, 0x63, 0x00, 0x63, 0x00, 0x63, 0x00, 0x63, 0x00,
    0x63, 0x00, 0x63, 0x00, 0x43, 0x00, 0x43, 0x00, 0x43, 0x00, 0x63, 0x00, 0x63, 0x00, 0x63, 0x00,
    0x43, 0x00, 0x43, 0x00, 0x43, 0x00, 0x63, 0x00, 0x43, 0x00, 0x43, 0x00, 0x43, 0x00, 0x43, 0x00,
    0x43, 0x00, 0x63, 0x00, 0x63, 0x00, 0x63, 0x00, 0x63, 0x00, 0x63, 0x00, 0x63, 0x00, 0x63, 0x00,
    0x63, 0x00, 0x63, 0x00, 0x63, 0x00, 0x43, 0x00, 0x43, 0x00, 0x43, 0x00, 0x43, 0x00, 0x43, 0x00,
    0x43, 0x00, 0x43, 0x00, 0x43, 0x00, 0x43, 0x00, 0x43, 0x00, 0x43, 0x00, 0x43, 0x00, 0x63, 0x08,
    0x83, 0x08, 0xA3, 0x10, 0xC3, 0x20, 0x03, 0x29, 0x44, 0x39, 0x84, 0x41, 0x83, 0x51, 0xA3, 0x59,
    0xA6, 0x72, 0x0B, 0x9C, 0xEE, 0xAC, 0xEB, 0x93, 0xA4, 0x51, 0x64, 0x39, 0xE3, 0x28, 0xA3, 0x18,
    0x83, 0x08, 0x43, 0x00, 0x43, 0x00, 0x43, 0x00, 0x63, 0x00, 0x84, 0x08, 0xE6, 0x08, 0x06, 0x09,
    0x06, 0x11, 0xE6, 0x10, 0xC4, 0x10, 0xC3, 0x18, 0xC3, 0x20, 0xE4, 0x20, 0x04, 0x29, 0x24, 0x31,
    0x24, 0x31, 0x24, 0x31, 0x44, 0x39, 0x44, 0x39, 0x44, 0x39, 0x24, 0x31, 0x24, 0x31, 0x24, 0x31,
    0x24, 0x31, 0x44, 0x39, 0x64, 0x41, 0xC4, 0x51, 0x24, 0x62, 0xC8, 0x9B, 0x4F, 0xFF, 0x8D, 0xF6,
    0x49, 0xFE, 0x0A, 0xFF, 0x2B, 0xFF, 0x8E, 0xFF, 0xAF, 0xFF, 0xB0, 0xFF, 0xB1, 0xFF, 0xB2, 0xFF,
    0xD2, 0xFF, 0x92, 0xFF, 0xD3, 0xFF, 0x76, 0xF7, 0x11, 0xFE, 0x4B, 0xB4, 0x04, 0x62, 0xA4, 0x49,
    0x24, 0x31, 0xE3, 0x20, 0xC3, 0x18, 0xC3, 0x20, 0xA7, 0x6A, 0x28, 0x7B, 0xC3, 0x20, 0x83, 0x08,
    0x43, 0x00, 0x43, 0x00, 0x43, 0x08, 0x64, 0x08, 0x84, 0x10, 0xA5, 0x20, 0xA6, 0x28, 0x85, 0x28,
    0xC6, 0x28, 0xA5, 0x18, 0x84, 0x10, 0x63, 0x10, 0x83, 0x10, 0xA3, 0x10, 0xC3, 0x20, 0x03, 0x29,
    0x44, 0x39, 0xA4, 0x49, 0xC4, 0x59, 0x85, 0x72, 0x09, 0x9C, 0x2D, 0xC5, 0xCE, 0xD5, 0x0E, 0xDE,
    0x0E, 0xE6, 0xCD, 0xDD, 0x4C, 0xCD, 0x2A, 0xAC, 0xA6, 0x72, 0x83, 0x49, 0x64, 0x41, 0x24, 0x31,
    0xE3, 0x20, 0xA3, 0x18, 0x83, 0x10, 0x63, 0x08, 0x43, 0x00, 0x43, 0x00, 0x43, 0x00, 0x43, 0x00,
    0x63, 0x00, 0x63, 0x00, 0x63, 0x00, 0x63, 0x00, 0x63, 0x00, 0x43, 0x00, 0x63, 0x00, 0x43, 0x00,
    0x63, 0x00, 0x43, 0x00, 0x43, 0x00, 0x43, 0x00, 0x43, 0x00, 0x43, 0x00, 0x63, 0x00, 0x63, 0x00,
    0x43, 0x00, 0x43, 0x00, 0x43, 0x00, 0x63, 0x00, 0x43, 0x00, 0x43, 0x00, 0x43, 0x00, 0x43, 0x00,
    0x43, 0x00, 0x63, 0x00, 0x63, 0x00, 0x63, 0x00, 0x63, 0x00, 0x63, 0x00, 0x63, 0x00, 0x63, 0x00,
    0x63, 0x00, 0x43, 0x00, 0x43, 0x00, 0x43, 0x00, 0x43, 0x00, 0x43, 0x00, 0x43, 0x00, 0x43, 0x00,
    0x43, 0x00, 0x43, 0x00, 0x43, 0x00, 0x43, 0x00, 0x43, 0x00, 0x63, 0x00, 0x63, 0x08, 0x83, 0x08,
    0xA3, 0x18, 0xE3, 0x20, 0x24, 0x31, 0x84, 0x41, 0xC4, 0x51, 0xC3, 0x59, 0x07, 0x83, 0x2D, 0xBD,
    0x6F, 0xE6, 0xAE, 0xF6, 0x71, 0xFF, 0xF7, 0xFF, 0x4B, 0x9C, 0x63, 0x41, 0x24, 0x31, 0xC3, 0x18,
    0x83, 0x10, 0x63, 0x08, 0x43, 0x00, 0x64, 0x00, 0xA4, 0x00, 0x06, 0x09, 0x28, 0x09, 0xB1, 0x4B,
    0x4F, 0x43, 0x48, 0x11, 0x27, 0x11, 0xC5, 0x10, 0xA4, 0x10, 0xA4, 0x18, 0xC4, 0x18, 0xC4, 0x20,
    0xE3, 0x20, 0xE4, 0x20, 0xE3, 0x28, 0xE4, 0x28, 0xE4, 0x28, 0xE4, 0x28, 0xE4, 0x28, 0xE4, 0x28,
    0x04, 0x29, 0x44, 0x39, 0x84, 0x41, 0xE5, 0x59, 0x45, 0x6A, 0x6B, 0xD5, 0x0E, 0xFF, 0x6B, 0xF6,
    0xA9, 0xFE, 0xA9, 0xFE, 0xEA, 0xFE, 0x4C, 0xFF, 0xAE, 0xFF, 0xB0, 0xFF, 0xB1, 0xFF, 0xB1, 0xFF,
    0xD2, 0xFF, 0x91, 0xFF, 0xF4, 0xFF, 0x15, 0xFF, 0x2D, 0xFD, 0x0A, 0xB4, 0x04, 0x62, 0xA4, 0x49,
    0x24, 0x31, 0xE4, 0x20, 0xC3, 0x18, 0xC3, 0x18, 0x82, 0x18, 0x82, 0x10, 0xA3, 0x10, 0x63, 0x08,
    0x43, 0x00, 0x43, 0x00, 0x64, 0x08, 0xA5, 0x18, 0xE6, 0x30, 0xE7, 0x38, 0x0C, 0x6A, 0x55, 0xBC,
    0x28, 0x49, 0x07, 0x39, 0xC5, 0x20, 0x84, 0x18, 0xA4, 0x10, 0xC3, 0x18, 0x04, 0x29, 0x64, 0x39,
    0xA4, 0x51, 0x45, 0x6A, 0xCC, 0xB4, 0xD1, 0xEE, 0xAF, 0xFE, 0x2C, 0xFE, 0x6C, 0xFE, 0xCD, 0xFE,
    0x30, 0xFF, 0x72, 0xFF, 0x71, 0xFF, 0xEF, 0xFE, 0x2D, 0xF6, 0x0A, 0xB4, 0xC4, 0x59, 0x64, 0x41,
    0x04, 0x31, 0xC3, 0x20, 0xA3, 0x10, 0x63, 0x08, 0x63, 0x00, 0x43, 0x00, 0x63, 0x00, 0x63, 0x00,
    0x63, 0x00, 0x63, 0x00, 0x63, 0x00, 0x63, 0x00, 0x63, 0x00, 0x63, 0x00, 0x63, 0x00, 0x63, 0x00,
    0x63, 0x00, 0x43, 0x00, 0x63, 0x00, 0x63, 0x00, 0x63, 0x00, 0x63, 0x00, 0x63, 0x00, 0x63, 0x00,
    0x43, 0x00, 0x43, 0x00, 0x43, 0x00, 0x63, 0x00, 0x43, 0x00, 0x43, 0x00, 0x43, 0x00, 0x43, 0x00,
    0x43, 0x00, 0x63, 0x00, 0x63, 0x00, 0x63, 0x00, 0x63, 0x00, 0x63, 0x00, 0x63, 0x00, 0x63, 0x00,
    0x63, 0x00, 0x63, 0x00, 0x63, 0x00, 0x43, 0x00, 0x43, 0x00, 0x43, 0x00, 0x43, 0x00, 0x43, 0x00,
    0x43, 0x00, 0x43, 0x00, 0x43, 0x00, 0x43, 0x00, 0x43, 0x00, 0x63, 0x08, 0x83, 0x08, 0xA3, 0x10,
    0xC3, 0x20, 0x03, 0x31, 0xA4, 0x49, 0xC4, 0x59, 0x85, 0x72, 0x4E, 0xBD, 0x73, 0xF7, 0x0E, 0xFF,
    0xAC, 0xF6, 0xEE, 0xF6, 0x30, 0xF7, 0x72, 0xFF, 0xD2, 0xEE, 0x46, 0x62, 0x23, 0x31, 0xE3, 0x20,
    0x83, 0x10, 0x63, 0x08, 0x43, 0x00, 0x84, 0x00, 0xE6, 0x08, 0x89, 0x19, 0xCB, 0x11, 0x9B, 0x9E,
    0x19, 0x86, 0xCA, 0x11, 0xA9, 0x19, 0x06, 0x11, 0xA4, 0x10, 0x83, 0x10, 0xA3, 0x10, 0xA3, 0x18,
    0xA3, 0x18, 0xA3, 0x18, 0xC3, 0x18, 0xC3, 0x18, 0xC3, 0x18, 0xC4, 0x18, 0xC4, 0x20, 0xE4, 0x20,
    0x04, 0x29, 0x44, 0x31, 0x84, 0x41, 0x05, 0x5A, 0xE6, 0x82, 0x4C, 0xF6, 0xAD, 0xF6, 0x4A, 0xF6,
    0x48, 0xFE, 0x88, 0xFE, 0xA9, 0xFE, 0xEA, 0xFE, 0x4D, 0xFF, 0xAF, 0xFF, 0xD0, 0xFF, 0xD1, 0xFF,
    0xD2, 0xFF, 0xB1, 0xFF, 0xF6, 0xFF, 0xD2, 0xFE, 0x4A, 0xFD, 0xA8, 0xA3, 0x24, 0x62, 0xA4, 0x49,
    0x24, 0x31, 0xE4, 0x20, 0xC3, 0x18, 0x83, 0x10, 0x83, 0x10, 0x83, 0x08, 0x63, 0x08, 0x63, 0x00,
    0x43, 0x00, 0x64, 0x08, 0x85, 0x18, 0xA6, 0x28, 0xC7, 0x40, 0xC8, 0x58, 0x17, 0xCD, 0x7F, 0xFF,
    0x8F, 0x92, 0xE7, 0x48, 0xC6, 0x30, 0xC5, 0x28, 0xA4, 0x20, 0xE4, 0x20, 0x44, 0x31, 0xA4, 0x49,
    0x86, 0x72, 0x50, 0xDE, 0x30, 0xFF, 0x8A, 0xED, 0xCA, 0xED, 0x4B, 0xF6, 0x8B, 0xFE, 0x8C, 0xFE,
    0x6C, 0xFE, 0x4C, 0xFE, 0x4D, 0xF6, 0xEB, 0xF5, 0xEA, 0xFD, 0x8E, 0xFE, 0x4B, 0xB4, 0x84, 0x49,
    0x44, 0x39, 0xE3, 0x20, 0xA3, 0x18, 0x83, 0x10, 0x63, 0x08, 0x43, 0x00, 0x43, 0x00, 0x63, 0x00,
    0x63, 0x00, 0x63, 0x00, 0x63, 0x00, 0x63, 0x00, 0x63, 0x00, 0x63, 0x00, 0x63, 0x00, 0x63, 0x00,
    0x63, 0x00, 0x43, 0x00, 0x43, 0x00, 0x63, 0x00, 0x63, 0x00, 0x63, 0x00, 0x63, 0x00, 0x63, 0x00,
    0x63, 0x00, 0x43, 0x00, 0x43, 0x00, 0x43, 0x00, 0x43, 0x00, 0x43, 0x00, 0x43, 0x00, 0x63, 0x00,
    0x63, 0x00, 0x63, 0x00, 0x63, 0x00, 0x63, 0x00, 0x63, 0x00, 0x63, 0x00, 0x63, 0x00, 0x63, 0x00,
    0x63, 0x00, 0x43, 0x00, 0x43, 0x00, 0x43, 0x00, 0x43, 0x00, 0x43, 0x00, 0x43, 0x00, 0x63, 0x00,
    0x63, 0x00, 0x43, 0x00, 0x43, 0x00, 0x43, 0x00, 0x63, 0x00, 0x63, 0x08, 0xA3, 0x10, 0xE3, 0x20,
    0x23, 0x31, 0x84, 0x41, 0xA3, 0x51, 0x48, 0x8B, 0xD3, 0xE6, 0xF5, 0xFF, 0x50, 0xFF, 0x2F, 0xFF,
    0x90, 0xFF, 0xB2, 0xFF, 0xD5, 0xFF, 0xCD, 0xF5, 0x0F, 0xF6, 0xC7, 0x6A, 0x03, 0x31, 0xE3, 0x20,
    0x83, 0x10, 0x63, 0x08, 0x63, 0x00, 0xA5, 0x08, 0x48, 0x11, 0x2C, 0x1A, 0x74, 0x5C, 0xDF, 0xD7,
    0x9E, 0xAF, 0x13, 0x44, 0x2C, 0x22, 0x27, 0x11, 0xC5, 0x08, 0x83, 0x08, 0x83, 0x10, 0x83, 0x10,
    0x83, 0x10, 0xA3, 0x10, 0xA3, 0x10, 0xA4, 0x18, 0xA4, 0x18, 0xA4, 0x18, 0xC4, 0x18, 0xC4, 0x20,
    0x04, 0x29, 0x24, 0x31, 0xA4, 0x49, 0x05, 0x5A, 0x87, 0x9B, 0xAC, 0xFE, 0x6C, 0xF6, 0x09, 0xFE,
    0x28, 0xFE, 0x48, 0xFE, 0x88, 0xFE, 0xA9, 0xFE, 0xEB, 0xFE, 0x6D, 0xFF, 0xD0, 0xFF, 0xD2, 0xFF,
    0xD3, 0xFF, 0xD5, 0xFF, 0xFB, 0xFF, 0x30, 0xFF, 0xCA, 0xF5, 0x27, 0x93, 0x05, 0x62, 0x84, 0x49,
    0x24, 0x31, 0xE4, 0x20, 0xA3, 0x18, 0x83, 0x10, 0x63, 0x08, 0x64, 0x08, 0x64, 0x08, 0x63, 0x00,
    0x63, 0x08, 0x64, 0x10, 0x85, 0x20, 0xEB, 0x61, 0x34, 0xAC, 0xF7, 0xCC, 0x5F, 0xFF, 0x9E, 0xFE,
    0x3A, 0xED, 0xB3, 0xB3, 0x8D, 0x82, 0x06, 0x39, 0xE4, 0x28, 0x04, 0x29, 0x84, 0x41, 0x04, 0x62,
    0xCF, 0xCD, 0x91, 0xFF, 0x68, 0xE5, 0xAD, 0xFE, 0x50, 0xFF, 0x0E, 0xFF, 0xCD, 0xFE, 0x8C, 0xFE,
    0x4A, 0xFE, 0xE9, 0xFD, 0xA9, 0xFD, 0x8A, 0xFD, 0x8A, 0xF5, 0x4C, 0xFE, 0xEE, 0xF5, 0x05, 0x62,
    0x44, 0x39, 0xE3, 0x28, 0xA3, 0x18, 0x83, 0x10, 0x63, 0x08, 0x43, 0x00, 0x43, 0x00, 0x63, 0x00,
    0x63, 0x00, 0x63, 0x00, 0x63, 0x00, 0x43, 0x00, 0x63, 0x00, 0x63, 0x00, 0x63, 0x00, 0x63, 0x00,
    0x63, 0x00, 0x63, 0x00, 0x63, 0x00, 0x63, 0x00, 0x63, 0x00, 0x63, 0x00, 0x63, 0x00, 0x63, 0x00,
    0x63, 0x00, 0x63, 0x00, 0x63, 0x00, 0x63, 0x00, 0x63, 0x00, 0x63, 0x00, 0x63, 0x00, 0x63, 0x00,
    0x63, 0x00, 0x63, 0x00, 0x63, 0x00, 0x63, 0x00, 0x63, 0x00, 0x63, 0x00, 0x63, 0x00, 0x63, 0x00,
    0x63, 0x00, 0x63, 0x00, 0x43, 0x00, 0x43, 0x00, 0x43, 0x00, 0x43, 0x00, 0x63, 0x08, 0x22, 0x00,
    0x42, 0x00, 0x63, 0x08, 0x43, 0x00, 0x43, 0x00, 0x63, 0x08, 0x83, 0x10, 0xC3, 0x18, 0x03, 0x29,
    0x84, 0x41, 0x83, 0x49, 0xC9, 0x93, 0xCF, 0xF6, 0x50, 0xFF, 0xEE, 0xFE, 0x0D, 0xFF, 0x2E, 0xFF,
    0x91, 0xFF, 0xF9, 0xFF, 0x96, 0xFF, 0x2D, 0xFE, 0x6A, 0xCC, 0xA4, 0x51, 0x44, 0x39, 0xC3, 0x20,
    0x83, 0x10, 0x63, 0x08, 0x63, 0x00, 0x84, 0x00, 0x2B, 0x22, 0xBC, 0x96, 0xFF, 0xBF, 0xFF, 0xC7,
    0xFF, 0xB7, 0xFF, 0xA7, 0x3B, 0x86, 0xEA, 0x21, 0xA4, 0x08, 0x84, 0x08, 0x63, 0x08, 0x64, 0x08,
    0x84, 0x08, 0x83, 0x10, 0x83, 0x10, 0x84, 0x10, 0xA4, 0x10, 0xA4, 0x10, 0xA4, 0x18, 0xC4, 0x20,
    0x04, 0x29, 0x44, 0x31, 0xA5, 0x49, 0xE5, 0x59, 0xC8, 0xA3, 0xAC, 0xFE, 0x2B, 0xF6, 0xC8, 0xFD,
    0x07, 0xFE, 0x28, 0xFE, 0x48, 0xFE, 0x88, 0xFE, 0xA9, 0xFE, 0x0B, 0xFF, 0x8E, 0xFF, 0xD0, 0xFF,
    0xD3, 0xFF, 0xFB, 0xFF, 0xFE, 0xFF, 0x90, 0xFF, 0x49, 0xDD, 0xA5, 0x7A, 0x05, 0x5A, 0x64, 0x41,
    0x24, 0x31, 0xE4, 0x20, 0xA4, 0x18, 0x83, 0x10, 0x63, 0x08, 0x64, 0x08, 0x64, 0x00, 0x63, 0x00,
    0x63, 0x08, 0x84, 0x10, 0x85, 0x20, 0x8E, 0x82, 0xBF, 0xFE, 0x3F, 0xFF, 0xBE, 0xFE, 0x1D, 0xFE,
    0xDD, 0xFD, 0xBC, 0xFD, 0xD8, 0xF4, 0x68, 0x51, 0xE4, 0x28, 0x24, 0x31, 0x84, 0x49, 0xA6, 0x72,
    0x33, 0xF7, 0xEF, 0xFE, 0xCE, 0xF6, 0x91, 0xFF, 0x2F, 0xFF, 0x2F, 0xFF, 0xEE, 0xFE, 0xAC, 0xFE,
    0x6A, 0xFE, 0x09, 0xFE, 0xC9, 0xFD, 0x89, 0xFD, 0xCB, 0xFD, 0x6C, 0xFE, 0x0F, 0xF6, 0x47, 0x6A,
    0x23, 0x39, 0x03, 0x29, 0xC3, 0x18, 0x83, 0x10, 0x63, 0x08, 0x43, 0x00, 0x43, 0x00, 0x43, 0x00,
    0x63, 0x00, 0x63, 0x00, 0x63, 0x00, 0x63, 0x00, 0x63, 0x00, 0x63, 0x00, 0x63, 0x00, 0x43, 0x00,
    0x63, 0x00, 0x63, 0x00, 0x63, 0x00, 0x63, 0x00, 0x63, 0x00, 0x63, 0x00, 0x63, 0x00, 0x63, 0x00,
    0x63, 0x00, 0x63, 0x00, 0x63, 0x00, 0x63, 0x00, 0x63, 0x00, 0x63, 0x00, 0x63, 0x00, 0x63, 0x00,
    0x63, 0x00, 0x63, 0x00, 0x63, 0x00, 0x63, 0x00, 0x63, 0x00, 0x63, 0x00, 0x63, 0x00, 0x63, 0x00,
    0x63, 0x00, 0x63, 0x00, 0x43, 0x00, 0x43, 0x00, 0x43, 0x00, 0x63, 0x00, 0x62, 0x08, 0xC8, 0x62,
    0x26, 0x4A, 0x42, 0x08, 0x63, 0x00, 0x43, 0x00, 0x63, 0x08, 0xA3, 0x10, 0xE3, 0x20, 0x44, 0x39,
    0x83, 0x49, 0xCA, 0x93, 0x8E, 0xFE, 0x08, 0xFE, 0xAB, 0xFE, 0xCC, 0xFE, 0xED, 0xFE, 0x92, 0xFF,
    0xF8, 0xFF, 0xD7, 0xFF, 0xF4, 0xFF, 0x8E, 0xF6, 0x85, 0x7A, 0x84, 0x49, 0x23, 0x31, 0xC3, 0x18,
    0x83, 0x10, 0x63, 0x00, 0x63, 0x00, 0xA4, 0x08, 0x68, 0x11, 0x2F, 0x33, 0x78, 0x6D, 0xBF, 0x9F,
    0x7F, 0x97, 0x17, 0x65, 0xCF, 0x32, 0x48, 0x11, 0xA5, 0x08, 0x64, 0x08, 0x64, 0x08, 0x64, 0x08,
    0x64, 0x08, 0x84, 0x08, 0x83, 0x10, 0xA4, 0x10, 0x84, 0x10, 0xA4, 0x18, 0xA4, 0x18, 0xC4, 0x18,
    0x04, 0x29, 0x44, 0x31, 0x85, 0x41, 0xE5, 0x59, 0x87, 0x9B, 0x8B, 0xFE, 0x2B, 0xF6, 0xA7, 0xFD,
    0xE8, 0xFD, 0xE8, 0xFD, 0x28, 0xFE, 0x48, 0xFE, 0x89, 0xFE, 0xAA, 0xFE, 0x0B, 0xFF, 0x4D, 0xFF,
    0xB1, 0xFF, 0xFA, 0xFF, 0xB6, 0xFF, 0xCD, 0xFE, 0xE7, 0xAB, 0x65, 0x72, 0xC4, 0x51, 0x64, 0x39,
    0x04, 0x29, 0xC4, 0x20, 0xA4, 0x10, 0x83, 0x10, 0x63, 0x08, 0x64, 0x08, 0x64, 0x08, 0x63, 0x08,
    0x63, 0x08, 0x84, 0x10, 0xC6, 0x28, 0xE7, 0x40, 0xD0, 0xAA, 0x9C, 0xFD, 0xDD, 0xFD, 0xBC, 0xFD,
    0xFA, 0xFC, 0xD6, 0xEB, 0xEC, 0x81, 0x06, 0x39, 0x05, 0x31, 0x24, 0x31, 0xA4, 0x49, 0x86, 0x72,
    0x12, 0xEF, 0xB2, 0xFF, 0x71, 0xFF, 0xB2, 0xFF, 0x91, 0xFF, 0x70, 0xFF, 0x2E, 0xFF, 0xCC, 0xFE,
    0x6A, 0xFE, 0x09, 0xFE, 0xC9, 0xFD, 0xCA, 0xFD, 0x8C, 0xFE, 0x4C, 0xFE, 0x72, 0xED, 0x89, 0x72,
    0x23, 0x31, 0x03, 0x29, 0xC3, 0x18, 0x83, 0x10, 0x63, 0x08, 0x43, 0x00, 0x63, 0x00, 0x43, 0x00,
    0x63, 0x00, 0x63, 0x00, 0x63, 0x00, 0x63, 0x00, 0x63, 0x00, 0x63, 0x00, 0x63, 0x00, 0x63, 0x00,
    0x63, 0x00, 0x63, 0x00, 0x63, 0x00, 0x63, 0x00, 0x63, 0x00, 0x63, 0x00, 0x63, 0x00, 0x63, 0x00,
    0x43, 0x00, 0x63, 0x00, 0x63, 0x00, 0x63, 0x00, 0x63, 0x00, 0x63, 0x00, 0x63, 0x00, 0x63, 0x00,
    0x63, 0x00, 0x63, 0x00, 0x63, 0x00, 0x63, 0x00, 0x63, 0x00, 0x63, 0x00, 0x43, 0x00, 0x43, 0x00,
    0x63, 0x00, 0x43, 0x00, 0x43, 0x00, 0x43, 0x00, 0x63, 0x00, 0x63, 0x00, 0x41, 0x08, 0x2C, 0x8C,
    0x29, 0x6B, 0x21, 0x00, 0x63, 0x00, 0x63, 0x00, 0x83, 0x08, 0xA3, 0x18, 0x03, 0x29, 0x43, 0x39,
    0xC7, 0x72, 0xB1, 0xF6, 0xA8, 0xF5, 0x6A, 0xFE, 0x8A, 0xFE, 0x0E, 0xFF, 0xB4, 0xFF, 0x55, 0xFF,
    0x6D, 0xF6, 0x0C, 0xFF, 0xCE, 0xF6, 0x46, 0x8B, 0xC4, 0x51, 0x64, 0x39, 0xE3, 0x20, 0xA3, 0x18,
    0x63, 0x08, 0x43, 0x00, 0x63, 0x00, 0x84, 0x00, 0x06, 0x09, 0x89, 0x11, 0x4D, 0x1A, 0x9D, 0x86,
    0xDA, 0x75, 0xCB, 0x19, 0x89, 0x19, 0x06, 0x11, 0xA4, 0x08, 0x64, 0x08, 0x64, 0x08, 0x84, 0x08,
    0x84, 0x08, 0x84, 0x10, 0xC4, 0x18, 0x04, 0x29, 0xA5, 0x41, 0xC4, 0x20, 0xC4, 0x20, 0xC4, 0x20,
    0xE4, 0x28, 0x24, 0x31, 0x85, 0x41, 0xE5, 0x51, 0x06, 0x83, 0x0A, 0xFE, 0x4A, 0xFE, 0xA8, 0xF5,
    0xA7, 0xFD, 0xC7, 0xFD, 0xE8, 0xFD, 0x08, 0xFE, 0x48, 0xFE, 0x89, 0xFE, 0xEB, 0xFE, 0x4D, 0xFF,
    0xB3, 0xFF, 0x6E, 0xF6, 0x8C, 0xFE, 0x09, 0xD5, 0xE5, 0x82, 0x25, 0x62, 0x84, 0x49, 0x44, 0x31,
    0x04, 0x29, 0xC4, 0x18, 0xA4, 0x10, 0x84, 0x10, 0x84, 0x10, 0x84, 0x10, 0x83, 0x10, 0x83, 0x10,
    0x84, 0x10, 0x84, 0x10, 0xC5, 0x20, 0x07, 0x41, 0xEC, 0x79, 0x3A, 0xFD, 0xDA, 0xFC, 0x58, 0xFC,
    0x18, 0xFC, 0xF1, 0xBA, 0x07, 0x41, 0x26, 0x39, 0xE5, 0x28, 0x24, 0x31, 0x84, 0x41, 0x46, 0x6A,
    0x51, 0xEE, 0xB5, 0xFF, 0xF5, 0xFF, 0xF4, 0xFF, 0xF4, 0xFF, 0xB1, 0xFF, 0x4F, 0xFF, 0x0D, 0xFF,
    0xCC, 0xFE, 0x8D, 0xFE, 0xAD, 0xFE, 0xCD, 0xFE, 0xCA, 0xF5, 0x4C, 0xE4, 0x14, 0xED, 0x26, 0x62,
    0x23, 0x39, 0xE3, 0x28, 0xA3, 0x18, 0x83, 0x10, 0x63, 0x08, 0x43, 0x00, 0x43, 0x00, 0x43, 0x00,
    0x63, 0x00, 0x63, 0x00, 0x63, 0x00, 0x63, 0x00, 0x63, 0x00, 0x63, 0x00, 0x63, 0x00, 0x63, 0x00,
    0x63, 0x00, 0x63, 0x00, 0x63, 0x00, 0x63, 0x00, 0x63, 0x00, 0x63, 0x00, 0x63, 0x00, 0x63, 0x00,
    0x43, 0x00, 0x63, 0x00, 0x63, 0x00, 0x63, 0x00, 0x63, 0x00, 0x63, 0x00, 0x63, 0x00, 0x63, 0x00,
    0x63, 0x00, 0x63, 0x00, 0x63, 0x00, 0x63, 0x00, 0x63, 0x00, 0x63, 0x00, 0x43, 0x00, 0x43, 0x00,
    0x43, 0x00, 0x43, 0x00, 0x43, 0x00, 0x63, 0x00, 0x43, 0x00, 0x63, 0x00, 0x83, 0x08, 0x62, 0x10,
    0x82, 0x10, 0x83, 0x10, 0x63, 0x00, 0x63, 0x00, 0x83, 0x08, 0xA3, 0x18, 0x03, 0x29, 0x23, 0x31,
    0xCC, 0xB4, 0x51, 0xFF, 0xAE, 0xFE, 0x0E, 0xFF, 0x2F, 0xFF, 0xD0, 0xF6, 0x2C, 0xE5, 0x86, 0xEC,
    0x66, 0xFD, 0x28, 0xDD, 0xC5, 0x82, 0xC4, 0x59, 0x84, 0x41, 0x04, 0x29, 0xC3, 0x18, 0x83, 0x10,
    0x63, 0x08, 0x63, 0x00, 0x64, 0x00, 0x64, 0x00, 0xA5, 0x08, 0x48, 0x11, 0x69, 0x11, 0x75, 0x54,
    0xD3, 0x4B, 0x48, 0x11, 0x27, 0x11, 0xA5, 0x08, 0x84, 0x08, 0x64, 0x08, 0x84, 0x08, 0x84, 0x08,
    0x84, 0x08, 0xA4, 0x18, 0x63, 0x10, 0xE5, 0x49, 0x8B, 0xAC, 0x62, 0x18, 0xE4, 0x20, 0xE4, 0x20,
    0xE4, 0x20, 0x24, 0x29, 0x65, 0x39, 0xE5, 0x51, 0x45, 0x6A, 0x09, 0xD5, 0x69, 0xFE, 0x4A, 0xF6,
    0xC9, 0xFD, 0xA8, 0xFD, 0xC8, 0xFD, 0x08, 0xFE, 0x6A, 0xFE, 0xCA, 0xFE, 0x4C, 0xFF, 0x51, 0xFF,
    0x2B, 0xED, 0x66, 0xF4, 0x0A, 0xED, 0x26, 0x93, 0x85, 0x72, 0xE5, 0x51, 0x64, 0x39, 0x24, 0x31,
    0xE4, 0x20, 0xC4, 0x18, 0xA4, 0x10, 0xA4, 0x10, 0xC4, 0x18, 0xA4, 0x18, 0xE6, 0x49, 0x45, 0x31,
    0xA4, 0x18, 0xA4, 0x18, 0xC5, 0x20, 0xA6, 0x28, 0x8F, 0x8A, 0xBA, 0xFC, 0x95, 0xEB, 0x95, 0xE3,
    0x18, 0xFC, 0x53, 0xD3, 0x07, 0x39, 0xE6, 0x28, 0xC4, 0x20, 0x04, 0x29, 0x85, 0x41, 0xE5, 0x59,
    0x0D, 0xCD, 0x8F, 0xFE, 0x54, 0xF7, 0xFC, 0xFF, 0xFB, 0xFF, 0xF6, 0xFF, 0xD4, 0xFF, 0xD2, 0xFF,
    0x70, 0xFF, 0x0F, 0xFF, 0x2D, 0xF6, 0x89, 0xDC, 0x28, 0xCB, 0x30, 0xEC, 0x4B, 0x9B, 0x63, 0x41,
    0x24, 0x39, 0xE3, 0x20, 0xA3, 0x18, 0x83, 0x08, 0x63, 0x00, 0x43, 0x00, 0x43, 0x00, 0x43, 0x00,
    0x43, 0x00, 0x63, 0x00, 0x63, 0x00, 0x63, 0x00, 0x63, 0x00, 0x63, 0x00, 0x63, 0x00, 0x63, 0x00,
    0x63, 0x00, 0x63, 0x00, 0x63, 0x00, 0x63, 0x00, 0x63, 0x00, 0x63, 0x00, 0x63, 0x00, 0x63, 0x00,
    0x63, 0x00, 0x63, 0x00, 0x63, 0x00, 0x63, 0x00, 0x63, 0x00, 0x63, 0x00, 0x63, 0x00, 0x63, 0x00,
    0x63, 0x00, 0x43, 0x00, 0x63, 0x00, 0x43, 0x00, 0x43, 0x00, 0x63, 0x00, 0x43, 0x00, 0x43, 0x00,
    0x43, 0x00, 0x43, 0x00, 0x43, 0x00, 0x63, 0x00, 0x63, 0x00, 0x63, 0x00, 0x83, 0x10, 0xA3, 0x18,
    0xA3, 0x18, 0xA3, 0x10, 0x83, 0x08, 0x63, 0x08, 0x83, 0x08, 0xA3, 0x18, 0x03, 0x29, 0x23, 0x31,
    0x2A, 0xA4, 0xB0, 0xFE, 0x2F, 0xEE, 0x8E, 0xED, 0x4A, 0xDC, 0x05, 0xCB, 0x03, 0xD3, 0x05, 0xE4,
    0xA6, 0xB3, 0x24, 0x6A, 0xA4, 0x51, 0x64, 0x41, 0x04, 0x29, 0xC3, 0x20, 0xA3, 0x10, 0x63, 0x08,
    0x63, 0x08, 0x63, 0x00, 0x63, 0x00, 0x64, 0x00, 0x84, 0x00, 0xC5, 0x08, 0x06, 0x09, 0x89, 0x19,
    0x68, 0x11, 0xE6, 0x08, 0xA5, 0x08, 0x84, 0x08, 0x64, 0x08, 0x84, 0x08, 0x84, 0x08, 0x84, 0x08,
    0x84, 0x10, 0xA4, 0x18, 0x46, 0x5A, 0xAD, 0xCD, 0xCF, 0xFE, 0xE9, 0xA3, 0xA5, 0x41, 0xC4, 0x20,
    0xE4, 0x20, 0x04, 0x29, 0x45, 0x39, 0xA5, 0x49, 0x05, 0x5A, 0x26, 0x93, 0x2A, 0xFE, 0x49, 0xFE,
    0x4A, 0xF6, 0x4A, 0xFE, 0x6A, 0xFE, 0x8A, 0xFE, 0xCA, 0xFE, 0x0C, 0xFF, 0x6E, 0xEE, 0x49, 0xDC,
    0x85, 0xE3, 0x48, 0xE4, 0x47, 0x9B, 0x65, 0x72, 0x05, 0x5A, 0x85, 0x41, 0x44, 0x31, 0x04, 0x29,
    0xE4, 0x20, 0xC4, 0x18, 0xA4, 0x10, 0xA4, 0x18, 0xE4, 0x28, 0xA2, 0x20, 0x8C, 0xAC, 0x46, 0x62,
    0x83, 0x18, 0xC4, 0x18, 0xA5, 0x18, 0xA5, 0x20, 0xCB, 0x69, 0x8F, 0xA2, 0x6A, 0x69, 0x69, 0x61,
    0xB0, 0xA2, 0xD0, 0xA2, 0xC6, 0x30, 0xC5, 0x20, 0xC4, 0x18, 0xE4, 0x20, 0x44, 0x39, 0xC5, 0x51,
    0xA6, 0x7A, 0x4B, 0xDD, 0xCD, 0xFE, 0xF8, 0xFF, 0xFB, 0xFF, 0x72, 0xFF, 0xAD, 0xF6, 0xCB, 0xED,
    0xE8, 0xE4, 0xE7, 0xD3, 0x46, 0xCB, 0x48, 0xD3, 0xEB, 0xDB, 0x29, 0x9B, 0xA4, 0x49, 0x44, 0x39,
    0x03, 0x29, 0xC3, 0x18, 0xA3, 0x10, 0x63, 0x08, 0x63, 0x00, 0x43, 0x00, 0x43, 0x00, 0x43, 0x00,
    0x43, 0x00, 0x43, 0x00, 0x63, 0x00, 0x63, 0x00, 0x63, 0x00, 0x63, 0x00, 0x63, 0x00, 0x63, 0x00,
    0x63, 0x00, 0x63, 0x00, 0x63, 0x00, 0x43, 0x00, 0x63, 0x00, 0x63, 0x00, 0x63, 0x00, 0x63, 0x00,
    0x63, 0x00, 0x63, 0x00, 0x63, 0x00, 0x63, 0x00, 0x63, 0x00, 0x63, 0x00, 0x63, 0x00, 0x63, 0x00,
    0x43, 0x00, 0x43, 0x00, 0x43, 0x00, 0x43, 0x00, 0x43, 0x00, 0x43, 0x00, 0x63, 0x00, 0x43, 0x00,
    0x63, 0x00, 0x63, 0x00, 0x43, 0x00, 0x63, 0x00, 0x63, 0x00, 0x83, 0x10, 0xA3, 0x18, 0x64, 0x39,
    0x89, 0x83, 0xC3, 0x20, 0xC4, 0x18, 0x63, 0x08, 0x63, 0x08, 0xA3, 0x10, 0xE3, 0x20, 0x43, 0x39,
    0x05, 0x5A, 0x30, 0xDD, 0x4D, 0xEC, 0xCC, 0xE3, 0xAB, 0xE3, 0x67, 0xD3, 0x46, 0xB3, 0x85, 0x7A,
    0xC4, 0x51, 0xA4, 0x49, 0x44, 0x39, 0x04, 0x29, 0xC3, 0x20, 0xA3, 0x18, 0x83, 0x10, 0x64, 0x08,
    0x64, 0x08, 0x63, 0x00, 0x64, 0x00, 0x64, 0x00, 0x64, 0x08, 0x84, 0x08, 0xA5, 0x08, 0xA5, 0x08,
    0xA4, 0x08, 0xA4, 0x08, 0x84, 0x08, 0x84, 0x08, 0x84, 0x08, 0x84, 0x08, 0x84, 0x08, 0x84, 0x10,
    0xA4, 0x10, 0xC4, 0x18, 0xA5, 0x49, 0x69, 0xAC, 0xEC, 0xED, 0xC6, 0x7A, 0x65, 0x39, 0xC4, 0x20,
    0xE4, 0x20, 0x05, 0x29, 0x45, 0x31, 0x85, 0x41, 0xE5, 0x51, 0x45, 0x6A, 0xA8, 0xA3, 0x2C, 0xFE,
    0x49, 0xFE, 0x29, 0xF6, 0x4A, 0xFE, 0x4A, 0xF6, 0xEB, 0xED, 0xEA, 0xE4, 0xA6, 0xE3, 0xC6, 0xEB,
    0x28, 0xD4, 0x47, 0x93, 0x85, 0x72, 0x05, 0x5A, 0xA5, 0x49, 0x65, 0x39, 0x24, 0x31, 0xE4, 0x20,
    0xC4, 0x18, 0xA4, 0x18, 0xA4, 0x10, 0xC4, 0x20, 0x65, 0x41, 0xC8, 0x72, 0x34, 0xF7, 0xCC, 0xB4,
    0x84, 0x49, 0x04, 0x29, 0xC4, 0x18, 0xA5, 0x18, 0xA5, 0x20, 0xA5, 0x28, 0xE7, 0x30, 0xE7, 0x38,
    0xC7, 0x30, 0xC6, 0x30, 0xA5, 0x20, 0x84, 0x18, 0xA4, 0x10, 0xC4, 0x20, 0x04, 0x29, 0x85, 0x41,
    0xE5, 0x51, 0xA5, 0x7A, 0xA9, 0xBC, 0xCF, 0xEE, 0x90, 0xFF, 0xC9, 0xFE, 0xC6, 0xFD, 0x85, 0xF4,
    0xE5, 0xE3, 0x86, 0xD3, 0x87, 0xCB, 0x88, 0xBB, 0xA6, 0x82, 0xA4, 0x51, 0x64, 0x41, 0x04, 0x31,
    0xC3, 0x20, 0xA3, 0x18, 0x83, 0x10, 0x63, 0x08, 0x43, 0x00, 0x43, 0x00, 0x43, 0x00, 0x43, 0x00,
    0x43, 0x00, 0x43, 0x00, 0x43, 0x00, 0x63, 0x00, 0x63, 0x00, 0x63, 0x00, 0x63, 0x00, 0x63, 0x00,
    0x63, 0x00, 0x63, 0x00, 0x63, 0x00, 0x63, 0x00, 0x63, 0x00, 0x63, 0x00, 0x63, 0x00, 0x63, 0x00,
    0x63, 0x00, 0x63, 0x00, 0x63, 0x00, 0x43, 0x00, 0x63, 0x00, 0x63, 0x00, 0x63, 0x00, 0x43, 0x00,
    0x43, 0x00, 0x43, 0x00, 0x43, 0x00, 0x43, 0x00, 0x43, 0x00, 0x63, 0x00, 0x63, 0x00, 0x43, 0x00,
    0x63, 0x00, 0x63, 0x00, 0x43, 0x00, 0x63, 0x00, 0x83, 0x08, 0xC3, 0x18, 0xE3, 0x30, 0xA7, 0x6A,
    0x70, 0xE6, 0x63, 0x49, 0x04, 0x29, 0xA3, 0x18, 0x63, 0x08, 0xA3, 0x10, 0xC3, 0x20, 0x24, 0x31,
    0x63, 0x39, 0x87, 0x6A, 0xAB, 0xAB, 0x29, 0xAB, 0xE7, 0x92, 0x65, 0x72, 0xC4, 0x51, 0x84, 0x49,
    0x64, 0x39, 0x04, 0x31, 0xE4, 0x20, 0xC3, 0x18, 0xA3, 0x10, 0x83, 0x10, 0x64, 0x08, 0x64, 0x08,
    0x64, 0x08, 0x64, 0x08, 0x64, 0x08, 0x64, 0x08, 0x64, 0x08, 0x64, 0x08, 0x64, 0x08, 0x84, 0x08,
    0x84, 0x08, 0x64, 0x08, 0x84, 0x08, 0x84, 0x08, 0x84, 0x08, 0x84, 0x08, 0x84, 0x10, 0x84, 0x10,
    0xA5, 0x10, 0xC4, 0x18, 0x84, 0x18, 0x44, 0x39, 0x48, 0x8B, 0x63, 0x18, 0xE5, 0x20, 0xE5, 0x20,
    0xE5, 0x20, 0x05, 0x29, 0x25, 0x31, 0x65, 0x39, 0xA5, 0x49, 0x06, 0x5A, 0x46, 0x6A, 0x48, 0x9B,
    0x8E, 0xE5, 0x4F, 0xFE, 0x0E, 0xFE, 0x8E, 0xF5, 0x4D, 0xFD, 0xEA, 0xFC, 0x89, 0xE4, 0xC8, 0xB3,
    0xE6, 0x82, 0x66, 0x6A, 0x05, 0x5A, 0xA5, 0x49, 0x65, 0x39, 0x25, 0x31, 0x05, 0x29, 0xE5, 0x20,
    0xC4, 0x18, 0xA4, 0x18, 0xA4, 0x18, 0xE4, 0x20, 0x49, 0x7B, 0x50, 0xDE, 0x30, 0xFF, 0xAD, 0xFE,
    0x8A, 0xB4, 0xE5, 0x49, 0x84, 0x10, 0x84, 0x10, 0x85, 0x10, 0xA5, 0x18, 0xA5, 0x18, 0xA5, 0x18,
    0xA5, 0x20, 0x85, 0x18, 0x84, 0x10, 0x84, 0x10, 0x83, 0x10, 0xC3, 0x18, 0xE4, 0x20, 0x24, 0x31,
    0x85, 0x41, 0x05, 0x5A, 0x45, 0x6A, 0xC5, 0x7A, 0x66, 0x93, 0xC7, 0xA3, 0xE7, 0xAB, 0xA7, 0xAB,
    0x46, 0x9B, 0xC6, 0x8A, 0x45, 0x6A, 0xE4, 0x59, 0xA4, 0x49, 0x64, 0x41, 0x04, 0x31, 0xE3, 0x20,
    0xA3, 0x18, 0x83, 0x10, 0x63, 0x08, 0x63, 0x08, 0x43, 0x00, 0x43, 0x00, 0x43, 0x00, 0x43, 0x00,
    0x43, 0x00, 0x43, 0x00, 0x43, 0x00, 0x63, 0x00, 0x63, 0x00, 0x63, 0x00, 0x63, 0x00, 0x63, 0x00,
    0x63, 0x00, 0x63, 0x00, 0x63, 0x00, 0x63, 0x00, 0x63, 0x00, 0x43, 0x00, 0x63, 0x00, 0x43, 0x00,
    0x63, 0x00, 0x63, 0x00, 0x63, 0x00, 0x63, 0x00, 0x63, 0x00, 0x43, 0x00, 0x43, 0x00, 0x43, 0x00,
    0x43, 0x00, 0x43, 0x00, 0x43, 0x00, 0x43, 0x00, 0x43, 0x00, 0x43, 0x00, 0x43, 0x00, 0x63, 0x00,
    0x63, 0x00, 0x43, 0x00, 0x63, 0x00, 0x83, 0x08, 0xC3, 0x18, 0x24, 0x31, 0x22, 0x41, 0x6C, 0xA4,
    0xD6, 0xFF, 0x85, 0x72, 0x23, 0x39, 0xE4, 0x28, 0xA3, 0x18, 0xA3, 0x10, 0xA3, 0x18, 0xC3, 0x20,
    0x04, 0x31, 0x23, 0x31, 0x23, 0x39, 0x63, 0x41, 0x64, 0x41, 0x64, 0x39, 0x44, 0x39, 0x04, 0x31,
    0xE3, 0x20, 0xC3, 0x20, 0xA3, 0x18, 0x83, 0x10, 0x83, 0x10, 0x83, 0x08, 0x64, 0x08, 0x64, 0x08,
    0x64, 0x08, 0x84, 0x08, 0x84, 0x08, 0x84, 0x08, 0x84, 0x08, 0x84, 0x08, 0x84, 0x08, 0x84, 0x08,
    0x84, 0x08, 0x84, 0x08, 0x84, 0x08, 0x84, 0x08, 0x84, 0x10, 0x84, 0x10, 0xA5, 0x10, 0xA5, 0x10,
    0xA5, 0x10, 0xA5, 0x18, 0xC5, 0x18, 0xE5, 0x20, 0x25, 0x29, 0xE5, 0x20, 0xC5, 0x20, 0xC5, 0x20,
    0xE5, 0x20, 0x05, 0x29, 0x25, 0x31, 0x45, 0x39, 0x85, 0x41, 0xC5, 0x49, 0x06, 0x5A, 0x46, 0x6A,
    0xC7, 0x82, 0x0A, 0xAC, 0xCD, 0xC4, 0xEC, 0xD4, 0x8B, 0xCC, 0xE8, 0xAB, 0x07, 0x8B, 0x66, 0x6A,
    0x25, 0x62, 0xE5, 0x59, 0xA5, 0x49, 0x65, 0x41, 0x25, 0x31, 0x05, 0x29, 0xE5, 0x20, 0xE5, 0x20,
    0xC4, 0x18, 0xA4, 0x18, 0xA4, 0x18, 0xE4, 0x20, 0xE4, 0x28, 0x64, 0x41, 0xCB, 0xE5, 0xA7, 0x9B,
    0xE3, 0x30, 0xE4, 0x20, 0xA4, 0x10, 0x84, 0x08, 0x64, 0x08, 0x64, 0x08, 0x64, 0x08, 0x64, 0x10,
    0x64, 0x08, 0x64, 0x08, 0x64, 0x08, 0x84, 0x08, 0x84, 0x10, 0xA4, 0x10, 0xC4, 0x18, 0x04, 0x21,
    0x24, 0x31, 0x64, 0x39, 0xC5, 0x49, 0xE5, 0x51, 0xE5, 0x59, 0x05, 0x62, 0x05, 0x5A, 0xE5, 0x59,
    0xC4, 0x51, 0xA4, 0x51, 0x84, 0x41, 0x64, 0x41, 0x24, 0x31, 0x04, 0x29, 0xC3, 0x20, 0xA3, 0x18,
    0x83, 0x10, 0x63, 0x08, 0x63, 0x08, 0x63, 0x08, 0x43, 0x00, 0x43, 0x00, 0x43, 0x00, 0x43, 0x00,
    0x43, 0x00, 0x43, 0x00, 0x43, 0x00, 0x63, 0x00, 0x63, 0x00, 0x63, 0x00, 0x63, 0x00, 0x63, 0x00,
    0x63, 0x00, 0x63, 0x00, 0x63, 0x00, 0x63, 0x00, 0x63, 0x00, 0x43, 0x00, 0x43, 0x00, 0x43, 0x00,
    0x63, 0x00, 0x63, 0x00, 0x63, 0x00, 0x63, 0x00, 0x43, 0x00, 0x43, 0x00, 0x43, 0x00, 0x43, 0x00,
    0x43, 0x00, 0x43, 0x00, 0x43, 0x00, 0x43, 0x00, 0x43, 0x00, 0x43, 0x00, 0x43, 0x00, 0x63, 0x00,
    0x43, 0x00, 0x43, 0x00, 0x63, 0x08, 0x83, 0x10, 0xA2, 0x20, 0x02, 0x39, 0xA5, 0x7A, 0xF6, 0xEE,
    0xF9, 0xFF, 0x6B, 0xCD, 0xA3, 0x59, 0xC2, 0x28, 0x83, 0x18, 0xA3, 0x18, 0x83, 0x10, 0xA3, 0x10,
    0xC3, 0x18, 0x03, 0x29, 0x04, 0x29, 0x04, 0x29, 0x04, 0x29, 0xE3, 0x28, 0xE3, 0x20, 0xC3, 0x18,
    0xA3, 0x18, 0x83, 0x10, 0x83, 0x10, 0x63, 0x10, 0x63, 0x10, 0x83, 0x10, 0x84, 0x10, 0x84, 0x10,
    0x84, 0x10, 0x84, 0x10, 0x84, 0x10, 0x84, 0x10, 0x84, 0x08, 0x84, 0x08, 0x84, 0x08, 0x84, 0x08,
    0x84, 0x10, 0x84, 0x10, 0x84, 0x10, 0x84, 0x10, 0x85, 0x10, 0xA5, 0x10, 0xA5, 0x10, 0xA5, 0x10,
    0xA5, 0x10, 0xA5, 0x10, 0xC5, 0x18, 0xC5, 0x18, 0xC5, 0x18, 0xC5, 0x20, 0xC5, 0x20, 0xE5, 0x20,
    0xE5, 0x20, 0x05, 0x29, 0x25, 0x31, 0x45, 0x39, 0x65, 0x41, 0xA5, 0x49, 0xC5, 0x51, 0x06, 0x5A,
    0x46, 0x6A, 0x45, 0x6A, 0x45, 0x6A, 0x66, 0x72, 0x66, 0x72, 0x46, 0x6A, 0x26, 0x62, 0x06, 0x5A,
    0xC5, 0x51, 0xA5, 0x49, 0x85, 0x41, 0x45, 0x39, 0x25, 0x31, 0x05, 0x29, 0xE5, 0x20, 0xE5, 0x20,
    0xC5, 0x18, 0xC5, 0x18, 0xA5, 0x18, 0xC5, 0x18, 0x05, 0x29, 0xC4, 0x28, 0xA8, 0x93, 0x05, 0x5A,
    0xC4, 0x20, 0xC4, 0x20, 0x84, 0x10, 0x64, 0x08, 0x64, 0x08, 0x64, 0x08, 0x64, 0x08, 0x64, 0x08,
    0x64, 0x08, 0x84, 0x08, 0xA3, 0x10, 0xC3, 0x18, 0xA4, 0x10, 0x84, 0x08, 0xA4, 0x10, 0xC4, 0x18,
    0xE4, 0x20, 0x04, 0x29, 0x24, 0x31, 0x44, 0x39, 0x64, 0x39, 0x64, 0x41, 0x64, 0x41, 0x64, 0x41,
    0x44, 0x39, 0x24, 0x39, 0x24, 0x31, 0x04, 0x29, 0xC4, 0x20, 0xC3, 0x18, 0xA3, 0x18, 0x83, 0x10,
    0x83, 0x10, 0x83, 0x08, 0x63, 0x08, 0x63, 0x08, 0x63, 0x08, 0x63, 0x00, 0x43, 0x00, 0x43, 0x00,
    0x43, 0x00, 0x43, 0x00, 0x43, 0x00, 0x43, 0x00, 0x63, 0x00, 0x63, 0x00, 0x63, 0x00, 0x63, 0x00,
    0x63, 0x00, 0x63, 0x00, 0x63, 0x00, 0x63, 0x00, 0x43, 0x00, 0x43, 0x00, 0x43, 0x00, 0x63, 0x00,
    0x63, 0x00, 0x63, 0x00, 0x63, 0x00, 0x63, 0x00, 0x43, 0x00, 0x43, 0x00, 0x43, 0x00, 0x43, 0x00,
    0x43, 0x00, 0x43, 0x00, 0x43, 0x00, 0x63, 0x08, 0x63, 0x08, 0x63, 0x08, 0x63, 0x08, 0x63, 0x08,
    0x63, 0x08, 0x63, 0x08, 0x63, 0x08, 0xE3, 0x20, 0x68, 0x83, 0x8E, 0xCD, 0x74, 0xF7, 0xF9, 0xFF,
    0xF7, 0xFF, 0x91, 0xFF, 0x4E, 0xEE, 0xAB, 0xB4, 0xA7, 0x6A, 0xA3, 0x18, 0x83, 0x10, 0x63, 0x08,
    0x83, 0x10, 0xA3, 0x18, 0xA3, 0x18, 0xA3, 0x18, 0xA3, 0x18, 0xA3, 0x18, 0xA3, 0x10, 0x83, 0x10,
    0x83, 0x10, 0x83, 0x10, 0x83, 0x10, 0x83, 0x10, 0x83, 0x10, 0xA4, 0x10, 0xA4, 0x10, 0xA4, 0x10,
    0xA4, 0x10, 0xA4, 0x10, 0xA4, 0x10, 0xA4, 0x10, 0xA4, 0x10, 0x84, 0x10, 0x84, 0x10, 0x84, 0x10,
    0x85, 0x10, 0xA5, 0x10, 0xA4, 0x10, 0xA5, 0x10, 0xA5, 0x10, 0xA5, 0x10, 0xA5, 0x10, 0xA5, 0x10,
    0xC5, 0x18, 0xC5, 0x18, 0xC5, 0x18, 0xC5, 0x18, 0xC5, 0x20, 0xE5, 0x20, 0xE5, 0x20, 0x05, 0x29,
    0x05, 0x29, 0x25, 0x31, 0x25, 0x31, 0x65, 0x39, 0x85, 0x41, 0xA6, 0x49, 0xC6, 0x49, 0xE6, 0x51,
    0xE6, 0x59, 0x06, 0x62, 0x26, 0x62, 0x46, 0x6A, 0x26, 0x62, 0x06, 0x62, 0xE6, 0x59, 0xC6, 0x51,
    0xA5, 0x51, 0x85, 0x41, 0x65, 0x41, 0x45, 0x39, 0x45, 0x31, 0x05, 0x31, 0xE5, 0x28, 0xE5, 0x20,
    0xE5, 0x20, 0xC5, 0x18, 0xC5, 0x18, 0xC5, 0x18, 0xE5, 0x20, 0xE5, 0x20, 0x65, 0x39, 0x05, 0x29,
    0xC4, 0x18, 0xA4, 0x10, 0x84, 0x10, 0x84, 0x08, 0x64, 0x08, 0x64, 0x10, 0x64, 0x08, 0x64, 0x08,
    0x64, 0x08, 0x43, 0x08, 0x47, 0x4A, 0x91, 0xBD, 0xC3, 0x18, 0x84, 0x08, 0x84, 0x08, 0x84, 0x10,
    0xA4, 0x10, 0xC4, 0x18, 0xE4, 0x20, 0xE4, 0x20, 0xE4, 0x28, 0xE4, 0x28, 0xE4, 0x28, 0xE4, 0x20,
    0xE4, 0x20, 0xE4, 0x20, 0xC4, 0x18, 0xC3, 0x18, 0xA3, 0x18, 0x83, 0x10, 0x83, 0x10, 0x83, 0x10,
    0x83, 0x10, 0x83, 0x10, 0x04, 0x29, 0x24, 0x31, 0x83, 0x10, 0x83, 0x10, 0x63, 0x00, 0x43, 0x00,
    0x43, 0x00, 0x43, 0x00, 0x43, 0x00, 0x63, 0x00, 0x63, 0x00, 0x63, 0x00, 0x43, 0x00, 0x43, 0x00,
    0x43, 0x00, 0x63, 0x00, 0x43, 0x00, 0x43, 0x00, 0x43, 0x00, 0x43, 0x00, 0x43, 0x00, 0x63, 0x00,
    0x63, 0x00, 0x63, 0x00, 0x63, 0x00, 0x63, 0x00, 0x43, 0x00, 0x43, 0x00, 0x43, 0x00, 0x43, 0x00,
    0x43, 0x00, 0x63, 0x08, 0x63, 0x08, 0x83, 0x10, 0x83, 0x10, 0x83, 0x10, 0x83, 0x10, 0x83, 0x10,
    0x63, 0x08, 0x63, 0x08, 0x63, 0x08, 0xE3, 0x20, 0x07, 0x7B, 0xAB, 0xBC, 0x4D, 0xF6, 0xB0, 0xFF,
    0xB1, 0xFF, 0xEE, 0xFE, 0xAC, 0xE5, 0x49, 0xB4, 0xA6, 0x6A, 0xC3, 0x18, 0x83, 0x10, 0x63, 0x08,
    0x63, 0x08, 0x63, 0x08, 0x63, 0x08, 0x63, 0x08, 0x63, 0x08, 0x63, 0x10, 0x83, 0x10, 0x83, 0x10,
    0xA4, 0x10, 0xA4, 0x10, 0xA4, 0x18, 0xA3, 0x18, 0xC4, 0x20, 0xC4, 0x20, 0xC4, 0x20, 0xC4, 0x20,
    0xC4, 0x20, 0xC4, 0x20, 0xC4, 0x20, 0xC4, 0x18, 0xC4, 0x18, 0xC4, 0x18, 0xA4, 0x18, 0xA4, 0x18,
    0xA5, 0x10, 0xA5, 0x10, 0xA5, 0x10, 0xA5, 0x10, 0xC5, 0x18, 0xC5, 0x18, 0xC5, 0x18, 0xC5, 0x18,
    0xC5, 0x18, 0xC5, 0x20, 0xE5, 0x20, 0xE5, 0x28, 0x05, 0x29, 0x06, 0x29, 0x25, 0x31, 0x25, 0x31,
    0x46, 0x31, 0x46, 0x39, 0x66, 0x41, 0x86, 0x41, 0xA6, 0x49, 0xC6, 0x51, 0xE6, 0x51, 0x06, 0x5A,
    0x06, 0x5A, 0x26, 0x62, 0x26, 0x62, 0x26, 0x62, 0x26, 0x62, 0x26, 0x62, 0x06, 0x62, 0xE6, 0x59,
    0xC6, 0x51, 0xC6, 0x51, 0xA6, 0x49, 0x86, 0x41, 0x65, 0x39, 0x46, 0x39, 0x26, 0x31, 0x05, 0x31,
    0x05, 0x29, 0xE5, 0x20, 0xE5, 0x20, 0xC5, 0x20, 0xE5, 0x20, 0xE5, 0x20, 0xC5, 0x18, 0xC5, 0x18,
    0xA4, 0x18, 0xA5, 0x10, 0x85, 0x10, 0x84, 0x10, 0x84, 0x10, 0x84, 0x10, 0x84, 0x08, 0x84, 0x08,
    0x64, 0x08, 0x64, 0x08, 0x25, 0x29, 0x68, 0x52, 0xA4, 0x18, 0x64, 0x08, 0x64, 0x08, 0x64, 0x08,
    0x84, 0x08, 0x84, 0x10, 0xA4, 0x10, 0xA3, 0x10, 0xA4, 0x18, 0xA3, 0x18, 0xA3, 0x18, 0xA3, 0x10,
    0xA3, 0x10, 0xA3, 0x10, 0x83, 0x10, 0x83, 0x10, 0x83, 0x08, 0x83, 0x08, 0x63, 0x08, 0x83, 0x10,
    0xA3, 0x18, 0xA3, 0x18, 0xC7, 0x72, 0xA9, 0x8B, 0xA3, 0x20, 0xC3, 0x18, 0x63, 0x08, 0x43, 0x00,
    0x43, 0x00, 0x43, 0x00, 0x43, 0x00, 0x63, 0x00, 0x43, 0x00, 0x43, 0x00, 0x43, 0x00, 0x43, 0x00,
    0x43, 0x00, 0x43, 0x00, 0x43, 0x00, 0x63, 0x00, 0x63, 0x00, 0x43, 0x00, 0x43, 0x00, 0x43, 0x00,
    0x63, 0x00, 0x63, 0x00, 0x43, 0x00, 0x43, 0x00, 0x43, 0x00, 0x43, 0x00, 0x43, 0x00, 0x63, 0x08,
    0x63, 0x08, 0x83, 0x10, 0x83, 0x10, 0xA3, 0x18, 0xC3, 0x18, 0xC3, 0x18, 0xC3, 0x18, 0xC3, 0x18,
    0xA3, 0x10, 0x83, 0x10, 0x83, 0x10, 0xA3, 0x18, 0x82, 0x18, 0xE2, 0x38, 0x24, 0x72, 0xAA, 0xE5,
    0xEB, 0xFE, 0xA9, 0xCC, 0xA3, 0x59, 0xE2, 0x30, 0xA3, 0x18, 0xE3, 0x20, 0xE3, 0x28, 0xA3, 0x18,
    0x63, 0x08, 0x43, 0x00, 0x63, 0x08, 0x63, 0x08, 0x63, 0x08, 0x63, 0x10, 0x83, 0x10, 0xA3, 0x18,
    0xC4, 0x18, 0xE4, 0x20, 0xE4, 0x28, 0x04, 0x31, 0x24, 0x31, 0x44, 0x31, 0x44, 0x31, 0x44, 0x31,
    0x45, 0x31, 0x24, 0x31, 0x04, 0x31, 0x04, 0x29, 0xE4, 0x20, 0xE4, 0x20, 0xE5, 0x20, 0xC4, 0x18,
    0xC5, 0x18, 0xC5, 0x18, 0xC5, 0x18, 0xC5, 0x18, 0xC5, 0x18, 0xC5, 0x20, 0xE5, 0x20, 0xE5, 0x20,
    0xE5, 0x20, 0x05, 0x29, 0x26, 0x31, 0x26, 0x31, 0x46, 0x39, 0x66, 0x39, 0x66, 0x41, 0x86, 0x41,
    0xA6, 0x49, 0xC6, 0x51, 0xE6, 0x51, 0x07, 0x5A, 0x27, 0x62, 0x27, 0x6A, 0x47, 0x6A, 0x46, 0x6A,
    0x46, 0x72, 0x46, 0x72, 0x46, 0x72, 0x46, 0x72, 0x46, 0x72, 0x46, 0x72, 0x26, 0x6A, 0x06, 0x6A,
    0x06, 0x62, 0x06, 0x62, 0xE6, 0x61, 0xE6, 0x59, 0xC6, 0x51, 0xA7, 0x49, 0x86, 0x49, 0x66, 0x41,
    0x46, 0x39, 0x26, 0x31, 0x26, 0x31, 0x06, 0x29, 0x05, 0x29, 0xE5, 0x20, 0xE5, 0x20, 0xC5, 0x18,
    0xC5, 0x18, 0xA5, 0x18, 0xA5, 0x10, 0xA5, 0x10, 0x85, 0x10, 0x85, 0x10, 0x84, 0x10, 0x84, 0x10,
    0x84, 0x08, 0x84, 0x08, 0x84, 0x08, 0x43, 0x08, 0x84, 0x08, 0x64, 0x08, 0x64, 0x08, 0x64, 0x08,
    0x64, 0x08, 0x64, 0x08, 0x84, 0x08, 0x84, 0x08, 0x83, 0x08, 0x83, 0x10, 0x83, 0x08, 0x83, 0x08,
    0x63, 0x08, 0x63, 0x08, 0x63, 0x08, 0x63, 0x08, 0x63, 0x08, 0x63, 0x08, 0x63, 0x08, 0xA3, 0x10,
    0x04, 0x29, 0xE2, 0x30, 0xAC, 0xAC, 0xAE, 0xCD, 0xE2, 0x38, 0x04, 0x29, 0xA3, 0x18, 0x63, 0x08,
    0x63, 0x00, 0x63, 0x00, 0x63, 0x00, 0x63, 0x00, 0x63, 0x08, 0x63, 0x08, 0x43, 0x00, 0x43, 0x00,
    0x43, 0x00, 0x43, 0x00, 0x43, 0x00, 0x43, 0x00, 0x43, 0x00, 0x63, 0x00, 0x63, 0x00, 0x63, 0x00,
    0x63, 0x00, 0x63, 0x00, 0x43, 0x00, 0x43, 0x00, 0x43, 0x00, 0x43, 0x00, 0x63, 0x00, 0x63, 0x08,
    0x83, 0x10, 0xA3, 0x18, 0xC3, 0x20, 0xE3, 0x20, 0x24, 0x31, 0x44, 0x31, 0x04, 0x29, 0x04, 0x29,
    0xE3, 0x20, 0xC3, 0x18, 0xA3, 0x18, 0xA3, 0x10, 0xC3, 0x18, 0x24, 0x31, 0x23, 0x39, 0x66, 0x9B,
    0x0C, 0xFE, 0x45, 0x72, 0x23, 0x39, 0xE4, 0x28, 0xA3, 0x18, 0xE3, 0x28, 0x90, 0xC5, 0xC5, 0x41,
    0x43, 0x00, 0x43, 0x00, 0x63, 0x08, 0x63, 0x08, 0x63, 0x08, 0x83, 0x10, 0xA3, 0x18, 0xC3, 0x20,
    0x04, 0x29, 0x44, 0x39, 0x64, 0x41, 0x83, 0x49, 0x83, 0x49, 0x83, 0x49, 0x83, 0x49, 0x83, 0x49,
    0x83, 0x49, 0x84, 0x49, 0x84, 0x49, 0x85, 0x41, 0x65, 0x39, 0x25, 0x31, 0x05, 0x29, 0x05, 0x29,
    0xE5, 0x20, 0xE5, 0x20, 0xE5, 0x20, 0xE5, 0x20, 0x05, 0x21, 0x05, 0x29, 0x05, 0x29, 0x26, 0x31,
    0x26, 0x31, 0x46, 0x39, 0x66, 0x41, 0x86, 0x41, 0xA6, 0x49, 0xE7, 0x51, 0x07, 0x5A, 0x27, 0x62,
    0x26, 0x62, 0x46, 0x6A, 0x46, 0x72, 0x66, 0x72, 0xA7, 0x7A, 0x08, 0x8B, 0x6A, 0x93, 0xCB, 0x9B,
    0x0C, 0xA4, 0x4D, 0xAC, 0x6E, 0xAC, 0x6E, 0xAC, 0x6E, 0xAC, 0x4E, 0xAC, 0x2E, 0xA4, 0xED, 0x9B,
    0xAC, 0x93, 0x2A, 0x8B, 0xA8, 0x7A, 0x47, 0x6A, 0x06, 0x6A, 0xE6, 0x61, 0xE6, 0x59, 0xC6, 0x59,
    0xC7, 0x51, 0xA7, 0x49, 0x87, 0x41, 0x66, 0x39, 0x46, 0x31, 0x26, 0x31, 0x06, 0x29, 0xE5, 0x20,
    0xE5, 0x20, 0xC5, 0x18, 0xC5, 0x18, 0xA5, 0x18, 0xA5, 0x10, 0xA5, 0x10, 0x85, 0x10, 0x84, 0x10,
    0x84, 0x10, 0x84, 0x08, 0x84, 0x08, 0x84, 0x10, 0x84, 0x08, 0x84, 0x08, 0x64, 0x08, 0x64, 0x08,
    0x64, 0x08, 0x64, 0x08, 0x64, 0x08, 0x64, 0x08, 0x64, 0x08, 0x64, 0x08, 0x64, 0x08, 0x64, 0x08,
    0x64, 0x08, 0x64, 0x08, 0x63, 0x00, 0x43, 0x00, 0x43, 0x00, 0x63, 0x08, 0x83, 0x10, 0xC3, 0x18,
    0xE3, 0x30, 0x24, 0x6A, 0xF4, 0xEE, 0x52, 0xFF, 0xA5, 0x7A, 0x03, 0x39, 0xC3, 0x20, 0xA3, 0x10,
    0x63, 0x08, 0x63, 0x08, 0x83, 0x08, 0x83, 0x08, 0x83, 0x10, 0x83, 0x10, 0x63, 0x08, 0x63, 0x08,
    0x63, 0x00, 0x43, 0x00, 0x43, 0x00, 0x43, 0x00, 0x63, 0x00, 0x43, 0x00, 0x63, 0x00, 0x63, 0x00,
    0x63, 0x00, 0x43, 0x00, 0x43, 0x00, 0x43, 0x00, 0x43, 0x00, 0x43, 0x00, 0x63, 0x08, 0x83, 0x10,
    0xA3, 0x18, 0xE3, 0x20, 0x04, 0x29, 0x44, 0x39, 0xE5, 0x51, 0x05, 0x5A, 0xC4, 0x49, 0xA4, 0x49,
    0x44, 0x39, 0x04, 0x29, 0xC3, 0x20, 0xA3, 0x18, 0x83, 0x10, 0xA3, 0x18, 0xE3, 0x28, 0x25, 0x62,
    0xCA, 0xD4, 0x03, 0x39, 0xE3, 0x20, 0x83, 0x10, 0x63, 0x08, 0xA3, 0x18, 0xE6, 0x41, 0xE4, 0x20,
    0x63, 0x08, 0x63, 0x00, 0x63, 0x08, 0x63, 0x08, 0x83, 0x10, 0xA3, 0x18, 0xC3, 0x20, 0x24, 0x31,
    0x63, 0x41, 0x83, 0x49, 0x66, 0x6A, 0x8A, 0x8B, 0x6E, 0xA4, 0xD0, 0xAC, 0xF0, 0xB4, 0xD0, 0xAC,
    0x4D, 0x9C, 0x6A, 0x8B, 0x86, 0x72, 0xC3, 0x59, 0x83, 0x49, 0x84, 0x41, 0x85, 0x41, 0x45, 0x39,
    0x25, 0x31, 0x25, 0x31, 0x25, 0x29, 0x26, 0x31, 0x26, 0x31, 0x46, 0x31, 0x66, 0x39, 0x66, 0x41,
    0x86, 0x49, 0xC6, 0x51, 0xE7, 0x59, 0x07, 0x62, 0x26, 0x6A, 0x46, 0x72, 0xA7, 0x7A, 0x28, 0x8B,
    0xCB, 0x9B, 0xAF, 0xB4, 0x72, 0xC5, 0x35, 0xD6, 0xD8, 0xE6, 0x5A, 0xF7, 0x9C, 0xF7, 0xDD, 0xFF,
    0xFE, 0xFF, 0xFF, 0xFF, 0xFF, 0xFF, 0xFF, 0xFF, 0xFE, 0xFF, 0xFE, 0xFF, 0xFD, 0xFF, 0xFC, 0xFF,
    0xDB, 0xFF, 0x9A, 0xFF, 0x59, 0xF7, 0xF9, 0xE6, 0x37, 0xD6, 0x33, 0xBD, 0x2E, 0x9C, 0x2A, 0x83,
    0x87, 0x72, 0x06, 0x62, 0xE6, 0x59, 0xC7, 0x51, 0xA7, 0x49, 0x87, 0x41, 0x46, 0x39, 0x26, 0x31,
    0x06, 0x29, 0x06, 0x29, 0xE5, 0x20, 0xC5, 0x18, 0xC5, 0x18, 0xA5, 0x10, 0xA5, 0x10, 0xA5, 0x10,
    0x85, 0x10, 0x84, 0x10, 0x84, 0x10, 0x84, 0x10, 0x84, 0x08, 0x84, 0x08, 0x84, 0x08, 0x84, 0x08,
    0x84, 0x08, 0x84, 0x08, 0x64, 0x08, 0x84, 0x08, 0x64, 0x08, 0x64, 0x08, 0x64, 0x08, 0x64, 0x08,
    0x64, 0x08, 0x63, 0x00, 0x63, 0x00, 0x43, 0x00, 0x43, 0x00, 0x63, 0x08, 0x63, 0x10, 0x26, 0x5A,
    0xEC, 0xBC, 0x10, 0xFF, 0xF6, 0xFF, 0xB3, 0xFF, 0xED, 0xFE, 0x2B, 0xD5, 0xA7, 0x72, 0xA3, 0x18,
    0xA3, 0x10, 0xA3, 0x10, 0xA3, 0x10, 0xA3, 0x10, 0xA3, 0x18, 0xA3, 0x18, 0x83, 0x10, 0x83, 0x10,
    0x83, 0x08, 0x63, 0x08, 0x43, 0x00, 0x43, 0x00, 0x43, 0x00, 0x43, 0x00, 0x63, 0x00, 0x63, 0x00,
    0x63, 0x00, 0x63, 0x00, 0x43, 0x00, 0x43, 0x00, 0x43, 0x00, 0x63, 0x08, 0x83, 0x08, 0xA3, 0x18,
    0xE3, 0x20, 0x24, 0x31, 0xA5, 0x49, 0x05, 0x5A, 0xA8, 0x9B, 0x09, 0xAC, 0x06, 0x8B, 0x85, 0x72,
    0x05, 0x5A, 0x44, 0x39, 0x03, 0x29, 0xC3, 0x20, 0xA3, 0x18, 0xA3, 0x18, 0xA3, 0x18, 0x44, 0x39,
    0xA6, 0x72, 0xA2, 0x18, 0xA3, 0x10, 0x63, 0x08, 0x43, 0x00, 0x63, 0x08, 0x22, 0x00, 0x63, 0x08,
    0x63, 0x08, 0x64, 0x08, 0x63, 0x08, 0x83, 0x10, 0xA3, 0x18, 0xC3, 0x20, 0x44, 0x31, 0x42, 0x39,
    0x86, 0x6A, 0x2F, 0xB5, 0xF5, 0xE6, 0x96, 0xFF, 0xB6, 0xFF, 0x95, 0xFF, 0xB6, 0xFF, 0xD8, 0xFF,
    0xFA, 0xFF, 0xFB, 0xFF, 0x5A, 0xEF, 0x35, 0xCE, 0x4D, 0x9C, 0x86, 0x72, 0xA3, 0x51, 0xA5, 0x51,
    0xA6, 0x49, 0x86, 0x41, 0x66, 0x39, 0x66, 0x39, 0x86, 0x41, 0xA6, 0x49, 0xC6, 0x51, 0x07, 0x5A,
    0x27, 0x62, 0x46, 0x6A, 0x86, 0x7A, 0x08, 0x8B, 0xEB, 0xA3, 0x51, 0xBD, 0x76, 0xDE, 0x5B, 0xEF,
    0xFE, 0xFF, 0xFF, 0xFF, 0xFF, 0xFF, 0xFF, 0xFF, 0xFE, 0xFF, 0xFD, 0xFF, 0xDD, 0xFF, 0xFD, 0xFF,
    0xFC, 0xFF, 0xBA, 0xFF, 0x16, 0xF7, 0x52, 0xEE, 0x6E, 0xE5, 0xCB, 0xDC, 0x69, 0xDC, 0x49, 0xDC,
    0x49, 0xE4, 0x69, 0xE4, 0x6C, 0xF5, 0x71, 0xF6, 0x36, 0xFF, 0xD9, 0xFF, 0xFC, 0xFF, 0xBC, 0xFF,
    0xFA, 0xE6, 0xD5, 0xCD, 0x4F, 0xA4, 0xEA, 0x7A, 0x07, 0x62, 0xC6, 0x51, 0xC7, 0x51, 0xA7, 0x49,
    0x67, 0x41, 0x46, 0x31, 0x06, 0x29, 0xE6, 0x28, 0xE5, 0x20, 0xC5, 0x18, 0xC5, 0x18, 0xA5, 0x10,
    0xA5, 0x10, 0xA5, 0x10, 0x85, 0x10, 0x84, 0x10, 0x84, 0x10, 0x84, 0x10, 0x84, 0x08, 0x84, 0x08,
    0x84, 0x08, 0x84, 0x08, 0x84, 0x08, 0x84, 0x08, 0x84, 0x08, 0x84, 0x08, 0x64, 0x08, 0x84, 0x08,
    0x84, 0x08, 0x64, 0x08, 0x64, 0x08, 0x64, 0x08, 0x43, 0x00, 0x63, 0x00, 0x83, 0x10, 0x64, 0x39,
    0xC6, 0x72, 0xAA, 0xBC, 0x2F, 0xFF, 0x0E, 0xFF, 0x0A, 0xCD, 0x06, 0x83, 0xC5, 0x51, 0xC3, 0x20,
    0xC3, 0x18, 0xC3, 0x18, 0xC3, 0x20, 0xE3, 0x20, 0xE4, 0x28, 0x04, 0x29, 0xC3, 0x20, 0xA3, 0x18,
    0x83, 0x10, 0x83, 0x10, 0x63, 0x08, 0x43, 0x00, 0x43, 0x00, 0x43, 0x00, 0x63, 0x00, 0x63, 0x00,
    0x43, 0x00, 0x43, 0x00, 0x43, 0x00, 0x43, 0x00, 0x63, 0x00, 0x63, 0x08, 0x83, 0x10, 0xC3, 0x18,
    0x24, 0x31, 0xA4, 0x41, 0x05, 0x5A, 0x06, 0x8B, 0x73, 0xE6, 0x79, 0xFF, 0xF6, 0xEE, 0xCD, 0xBC,
    0x65, 0x72, 0xE4, 0x59, 0x64, 0x39, 0x03, 0x29, 0xC3, 0x20, 0xA3, 0x18, 0xA3, 0x10, 0xA3, 0x18,
    0x82, 0x10, 0x83, 0x10, 0x63, 0x08, 0x43, 0x00, 0x43, 0x00, 0x43, 0x00, 0x63, 0x00, 0x43, 0x00,
    0x63, 0x00, 0x64, 0x08, 0x83, 0x10, 0xA3, 0x10, 0xC3, 0x18, 0x24, 0x31, 0x42, 0x39, 0x8A, 0x83,
    0x35, 0xEF, 0xD4, 0xFF, 0xD5, 0xFF, 0xD7, 0xFF, 0xB8, 0xFF, 0x75, 0xFF, 0xF1, 0xF6, 0x6D, 0xF6,
    0x0B, 0xEE, 0x2C, 0xF6, 0xD0, 0xFE, 0x95, 0xFF, 0xFA, 0xFF, 0x7A, 0xF7, 0x93, 0xBD, 0x08, 0x7B,
    0xE4, 0x59, 0xE6, 0x59, 0xE6, 0x51, 0xC6, 0x51, 0xE6, 0x59, 0x27, 0x6A, 0x46, 0x72, 0x86, 0x7A,
    0x28, 0x8B, 0x6D, 0xAC, 0xF4, 0xD5, 0x3A, 0xEF, 0xFD, 0xFF, 0xFF, 0xFF, 0xFE, 0xFF, 0xFD, 0xFF,
    0xDC, 0xFF, 0xBC, 0xFF, 0x7B, 0xFF, 0x5B, 0xFF, 0x7B, 0xFF, 0x99, 0xFF, 0x15, 0xFF, 0x10, 0xEE,
    0xEB, 0xDC, 0x08, 0xDC, 0x66, 0xD3, 0x25, 0xD3, 0x05, 0xD3, 0xC5, 0xCA, 0x64, 0xC2, 0x23, 0xBA,
    0x23, 0xBA, 0x84, 0xC2, 0x86, 0xD3, 0x28, 0xE4, 0xC9, 0xE4, 0xAD, 0xE5, 0xD2, 0xEE, 0xFB, 0xFF,
    0xFF, 0xFF, 0xFF, 0xFF, 0xFF, 0xFF, 0x9C, 0xF7, 0x37, 0xD6, 0x70, 0xA4, 0xCA, 0x72, 0xE7, 0x59,
    0xC7, 0x51, 0xA7, 0x49, 0x67, 0x39, 0x26, 0x31, 0x06, 0x29, 0xE6, 0x20, 0xE5, 0x20, 0xC5, 0x18,
    0xC5, 0x18, 0xA5, 0x10, 0xA5, 0x10, 0xA5, 0x10, 0xA5, 0x10, 0x84, 0x10, 0xA4, 0x10, 0xA4, 0x10,
    0xA4, 0x10, 0xA4, 0x10, 0x84, 0x10, 0x84, 0x10, 0x84, 0x10, 0xA4, 0x10, 0xA4, 0x10, 0x84, 0x10,
    0x43, 0x08, 0x84, 0x10, 0x64, 0x08, 0x63, 0x08, 0x43, 0x08, 0x63, 0x08, 0x83, 0x08, 0xA3, 0x18,
    0xE3, 0x28, 0x02, 0x39, 0xE9, 0xCC, 0xAA, 0xED, 0x83, 0x51, 0x03, 0x39, 0xE3, 0x28, 0xE3, 0x20,
    0xE3, 0x28, 0x03, 0x29, 0x24, 0x31, 0x44, 0x31, 0x64, 0x41, 0x84, 0x41, 0x24, 0x31, 0xE4, 0x20,
    0xC3, 0x18, 0xA3, 0x10, 0x83, 0x08, 0x63, 0x08, 0x43, 0x00, 0x43, 0x00, 0x63, 0x00, 0x63, 0x00,
    0x43, 0x00, 0x43, 0x00, 0x43, 0x00, 0x43, 0x00, 0x63, 0x00, 0x83, 0x08, 0xA3, 0x18, 0xE3, 0x28,
    0x64, 0x39, 0xC4, 0x51, 0x07, 0x83, 0x71, 0xDE, 0xFB, 0xFF, 0xFA, 0xFF, 0xF9, 0xFF, 0xF9, 0xFF,
    0x6F, 0xC5, 0x44, 0x72, 0xE4, 0x59, 0x64, 0x39, 0x03, 0x29, 0xC3, 0x20, 0x83, 0x10, 0x83, 0x10,
    0x63, 0x08, 0x63, 0x08, 0x63, 0x08, 0x43, 0x00, 0x43, 0x00, 0x43, 0x00, 0x43, 0x00, 0x63, 0x00,
    0x63, 0x08, 0x63, 0x08, 0x83, 0x10, 0xA4, 0x18, 0x04, 0x29, 0x23, 0x31, 0x6A, 0x7B, 0xB6, 0xFF,
    0x92, 0xFF, 0x32, 0xFF, 0xF3, 0xF6, 0x15, 0xF7, 0x78, 0xFF, 0xFB, 0xFF, 0xFD, 0xFF, 0xF9, 0xFF,
    0x11, 0xFF, 0xEB, 0xED, 0x49, 0xE5, 0x68, 0xE5, 0xEB, 0xED, 0x12, 0xFF, 0xFA, 0xFF, 0xBC, 0xFF,
    0x52, 0xBD, 0xC6, 0x7A, 0x45, 0x6A, 0x66, 0x72, 0x45, 0x72, 0xA6, 0x82, 0xEB, 0xA3, 0xD3, 0xCD,
    0x5B, 0xEF, 0xFE, 0xFF, 0xFF, 0xFF, 0xFE, 0xFF, 0xDC, 0xFF, 0x9B, 0xFF, 0x5A, 0xFF, 0x3A, 0xFF,
    0x1A, 0xFF, 0x3B, 0xFF, 0x7B, 0xFF, 0x58, 0xFF, 0x52, 0xEE, 0xAA, 0xDC, 0x46, 0xCB, 0xA4, 0xC2,
    0x84, 0xC2, 0x85, 0xBA, 0x65, 0xB2, 0xC4, 0x99, 0x23, 0x81, 0x03, 0x71, 0x85, 0x79, 0x88, 0x8A,
    0xED, 0xAB, 0x31, 0xC5, 0x55, 0xE6, 0x17, 0xF7, 0x18, 0xFF, 0x3A, 0xFF, 0x3B, 0xFF, 0x1B, 0xFF,
    0x1C, 0xFF, 0x3C, 0xFF, 0x5D, 0xFF, 0xBE, 0xFF, 0xFF, 0xFF, 0xFF, 0xFF, 0x7C, 0xF7, 0xB5, 0xC5,
    0x6C, 0x8B, 0xE7, 0x59, 0x86, 0x51, 0xA7, 0x49, 0x67, 0x39, 0x26, 0x31, 0x06, 0x29, 0xE5, 0x20,
    0xC5, 0x20, 0xC5, 0x18, 0xC5, 0x18, 0xA5, 0x10, 0xA5, 0x18, 0xA4, 0x18, 0xC4, 0x18, 0xC4, 0x18,
    0xE5, 0x20, 0xE4, 0x20, 0xC4, 0x18, 0xC4, 0x18, 0xC4, 0x18, 0x43, 0x08, 0x8C, 0x7B, 0x36, 0xCE,
    0x08, 0x42, 0x22, 0x00, 0x84, 0x10, 0x64, 0x08, 0x63, 0x08, 0x44, 0x08, 0x64, 0x08, 0x83, 0x08,
    0xC4, 0x20, 0xC3, 0x20, 0x27, 0x8B, 0xE8, 0xAB, 0xE3, 0x28, 0x24, 0x31, 0x03, 0x29, 0x04, 0x29,
    0x44, 0x39, 0x84, 0x41, 0x84, 0x49, 0x83, 0x49, 0xE4, 0x59, 0x25, 0x6A, 0xA4, 0x49, 0x44, 0x39,
    0xE3, 0x28, 0xC3, 0x18, 0x83, 0x10, 0x63, 0x08, 0x63, 0x00, 0x43, 0x00, 0x43, 0x00, 0x63, 0x00,
    0x43, 0x00, 0x43, 0x00, 0x43, 0x00, 0x43, 0x00, 0x63, 0x08, 0x83, 0x10, 0xC3, 0x18, 0x24, 0x31,
    0xA4, 0x49, 0x25, 0x62, 0x8D, 0xDD, 0x53, 0xFF, 0xD7, 0xFF, 0xB3, 0xFF, 0xCF, 0xF6, 0x4E, 0xEE,
    0xD7, 0xFF, 0x2F, 0xBD, 0x24, 0x6A, 0xC4, 0x51, 0x24, 0x39, 0xE3, 0x28, 0xA3, 0x18, 0x83, 0x10,
    0x63, 0x08, 0x63, 0x00, 0x63, 0x00, 0x43, 0x00, 0x43, 0x00, 0x63, 0x00, 0x63, 0x00, 0x63, 0x00,
    0x63, 0x08, 0x63, 0x08, 0xA3, 0x10, 0xC4, 0x20, 0x03, 0x31, 0x26, 0x52, 0x35, 0xF7, 0x8D, 0xF6,
    0xE8, 0xD4, 0x26, 0xCC, 0x05, 0xD4, 0x25, 0xDC, 0x66, 0xDC, 0xC8, 0xDC, 0xCC, 0xE5, 0x34, 0xFF,
    0xF7, 0xFF, 0x93, 0xFF, 0x2D, 0xEE, 0x6A, 0xE5, 0x09, 0xDD, 0x29, 0xE5, 0xCB, 0xED, 0xD1, 0xF6,
    0xFA, 0xFF, 0x39, 0xEF, 0x0A, 0x9C, 0x47, 0x93, 0xCE, 0xB4, 0x96, 0xE6, 0xFD, 0xFF, 0xFF, 0xFF,
    0xFE, 0xFF, 0xDC, 0xFF, 0x9B, 0xFF, 0x5A, 0xFF, 0x3B, 0xFF, 0x1B, 0xFF, 0xDB, 0xFE, 0xBB, 0xFE,
    0x1A, 0xFF, 0xF6, 0xFE, 0xAF, 0xE5, 0xE8, 0xD3, 0xC5, 0xD2, 0xA5, 0xCA, 0x65, 0xBA, 0xE5, 0x99,
    0x43, 0x79, 0x62, 0x58, 0x21, 0x48, 0x45, 0x61, 0x4B, 0x93, 0x51, 0xC5, 0xB7, 0xEE, 0x3A, 0xFF,
    0x3B, 0xFF, 0xFC, 0xFE, 0xBC, 0xFE, 0x7C, 0xFE, 0x7C, 0xFE, 0x7C, 0xFE, 0x7C, 0xFE, 0x7C, 0xFE,
    0x9C, 0xFE, 0xBC, 0xFE, 0xDD, 0xFE, 0xDC, 0xFE, 0xFC, 0xFE, 0x5D, 0xFF, 0xBE, 0xFF, 0xFF, 0xFF,
    0xDE, 0xFF, 0x37, 0xD6, 0xAD, 0x8B, 0xE7, 0x59, 0xA7, 0x49, 0xA7, 0x49, 0x67, 0x39, 0x26, 0x31,
    0x06, 0x29, 0xE5, 0x20, 0xC5, 0x18, 0xC5, 0x18, 0xC5, 0x18, 0xC5, 0x20, 0xE5, 0x28, 0xE4, 0x28,
    0xA3, 0x20, 0xA3, 0x20, 0xA3, 0x18, 0xC4, 0x20, 0xE4, 0x20, 0x84, 0x10, 0x46, 0x5A, 0x2F, 0xFE,
    0x14, 0xE6, 0x87, 0x31, 0x42, 0x08, 0x84, 0x08, 0x64, 0x08, 0x64, 0x08, 0x64, 0x08, 0x63, 0x08,
    0x83, 0x10, 0x83, 0x10, 0xC4, 0x49, 0x45, 0x5A, 0xC3, 0x20, 0x03, 0x29, 0x04, 0x29, 0x64, 0x41,
    0xC4, 0x51, 0x04, 0x62, 0x27, 0x8B, 0x4B, 0x9C, 0x2A, 0xA4, 0x47, 0x9B, 0x04, 0x62, 0xA4, 0x49,
    0x44, 0x39, 0xE3, 0x28, 0xA3, 0x18, 0x83, 0x10, 0x63, 0x00, 0x43, 0x00, 0x43, 0x00, 0x63, 0x00,
    0x43, 0x00, 0x43, 0x00, 0x43, 0x00, 0x43, 0x00, 0x63, 0x08, 0x83, 0x10, 0xE3, 0x20, 0x44, 0x39,
    0xA4, 0x51, 0x07, 0x8B, 0x0C, 0xFE, 0xF2, 0xF6, 0xD5, 0xFF, 0x71, 0xFF, 0xD4, 0xFF, 0x32, 0xFF,
    0xEE, 0xED, 0x76, 0xFF, 0xEA, 0x9B, 0x04, 0x62, 0x84, 0x49, 0x03, 0x31, 0xC3, 0x20, 0xA3, 0x10,
    0x83, 0x08, 0x63, 0x00, 0x63, 0x00, 0x63, 0x00, 0x63, 0x00, 0x63, 0x00, 0x63, 0x00, 0x63, 0x08,
    0x64, 0x08, 0x83, 0x08, 0xA3, 0x10, 0x04, 0x21, 0xE2, 0x30, 0xF0, 0xA4, 0xD1, 0xFE, 0xE5, 0xCB,
    0xE5, 0xD3, 0x26, 0xEC, 0xC7, 0xE3, 0xA7, 0xE3, 0xC7, 0xE3, 0xE6, 0xE3, 0xA4, 0xD3, 0xC4, 0xC3,
    0x6B, 0xE5, 0x73, 0xFF, 0x93, 0xFF, 0x2D, 0xEE, 0x2A, 0xDD, 0x4B, 0xDD, 0x34, 0xF7, 0xEC, 0xED,
    0xCA, 0xED, 0x74, 0xFF, 0xDA, 0xFF, 0x58, 0xEF, 0xFE, 0xFF, 0xFE, 0xFF, 0xFC, 0xFF, 0x9A, 0xFF,
    0x3A, 0xFF, 0x9C, 0xFF, 0x7D, 0xFF, 0xDB, 0xFE, 0xDB, 0xFE, 0xBB, 0xFE, 0xDB, 0xFE, 0xF6, 0xFE,
    0x6D, 0xE5, 0x46, 0xCB, 0x64, 0xC2, 0x65, 0xCA, 0x25, 0xB2, 0x64, 0x81, 0xA2, 0x60, 0x01, 0x40,
    0x62, 0x48, 0x47, 0x7A, 0xAD, 0xBC, 0x73, 0xEE, 0x18, 0xFF, 0xFB, 0xFE, 0xBC, 0xFE, 0x7C, 0xFE,
    0x3C, 0xFE, 0x3C, 0xFE, 0x3C, 0xFE, 0x3C, 0xFE, 0x3C, 0xFE, 0x3C, 0xFE, 0x3C, 0xFE, 0x5C, 0xFE,
    0x5C, 0xFE, 0x5C, 0xFE, 0x9D, 0xFE, 0x7C, 0xFE, 0x7C, 0xFE, 0x9C, 0xFE, 0xBC, 0xFE, 0xDC, 0xFE,
    0x3D, 0xFF, 0xDF, 0xFF, 0xFF, 0xFF, 0x58, 0xD6, 0x8D, 0x83, 0xC7, 0x51, 0xA7, 0x49, 0x87, 0x41,
    0x26, 0x31, 0x06, 0x29, 0xE5, 0x20, 0xE5, 0x20, 0xE5, 0x20, 0x05, 0x29, 0xE4, 0x28, 0xA6, 0x41,
    0xAC, 0x83, 0x6E, 0x9C, 0x8C, 0x83, 0x86, 0x39, 0xA3, 0x18, 0x05, 0x21, 0x63, 0x08, 0x88, 0xA3,
    0xAD, 0xFD, 0x90, 0xAC, 0x63, 0x08, 0x84, 0x10, 0x64, 0x08, 0x64, 0x08, 0x63, 0x08, 0x63, 0x00,
    0x63, 0x08, 0x83, 0x10, 0xA3, 0x18, 0xC3, 0x20, 0xE3, 0x20, 0x03, 0x29, 0x64, 0x39, 0xE5, 0x51,
    0x24, 0x6A, 0x4D, 0xBD, 0xB4, 0xFF, 0xF3, 0xFF, 0xD3, 0xFF, 0xF4, 0xEE, 0x6B, 0xAC, 0x04, 0x62,
    0x84, 0x49, 0x23, 0x31, 0xC3, 0x20, 0x83, 0x10, 0x63, 0x08, 0x43, 0x00, 0x43, 0x00, 0x43, 0x00,
    0x43, 0x00, 0x43, 0x00, 0x43, 0x00, 0x63, 0x00, 0x63, 0x08, 0xA3, 0x10, 0xE3, 0x20, 0x64, 0x39,
    0xC4, 0x59, 0xC8, 0xA3, 0x0F, 0xFF, 0x95, 0xFF, 0xB4, 0xFF, 0x92, 0xFF, 0x92, 0xFF, 0xF5, 0xFF,
    0x32, 0xFF, 0x0F, 0xEE, 0xB3, 0xE6, 0x85, 0x7A, 0xC4, 0x51, 0x44, 0x39, 0xE3, 0x28, 0xC3, 0x18,
    0xA3, 0x10, 0x83, 0x08, 0x64, 0x08, 0x64, 0x00, 0x63, 0x00, 0x63, 0x00, 0x63, 0x00, 0x64, 0x08,
    0x64, 0x08, 0x84, 0x08, 0xA4, 0x10, 0xE4, 0x20, 0x85, 0x41, 0x74, 0xDE, 0xC8, 0xD4, 0x26, 0xD4,
    0x26, 0xF4, 0xC7, 0xDA, 0x49, 0xD2, 0x09, 0xD2, 0xE8, 0xD1, 0x07, 0xCA, 0xA7, 0xDA, 0x65, 0xDB,
    0x64, 0xC3, 0x67, 0xCC, 0xD0, 0xFE, 0x51, 0xFF, 0xCC, 0xE5, 0x0A, 0xDD, 0xB1, 0xEE, 0x8C, 0xDD,
    0x46, 0xD4, 0x28, 0xE5, 0xF1, 0xFE, 0xD7, 0xFF, 0x9A, 0xFF, 0x7A, 0xFF, 0x19, 0xFF, 0xDA, 0xFE,
    0xBA, 0xFE, 0x1C, 0xFF, 0xFC, 0xFE, 0x9B, 0xFE, 0x9C, 0xFE, 0xBB, 0xFE, 0x93, 0xFE, 0xE7, 0xD3,
    0x44, 0xC2, 0x65, 0xC2, 0x05, 0xA2, 0x03, 0x69, 0x62, 0x50, 0x01, 0x48, 0x82, 0x50, 0xE9, 0x8A,
    0x6F, 0xD5, 0x93, 0xFE, 0x97, 0xFE, 0x5A, 0xFE, 0x3C, 0xFE, 0x3C, 0xFE, 0x5C, 0xFE, 0x5C, 0xFE,
    0x5C, 0xFE, 0x5C, 0xFE, 0x3C, 0xFE, 0x3C, 0xFE, 0x3C, 0xFE, 0x3C, 0xFE, 0x3C, 0xFE, 0x3C, 0xFE,
    0x3C, 0xFE, 0x3C, 0xFE, 0x3C, 0xFE, 0x3C, 0xFE, 0x9C, 0xFE, 0x7C, 0xFE, 0x3C, 0xFE, 0x3C, 0xFE,
    0x7C, 0xFE, 0xBC, 0xFE, 0x3D, 0xFF, 0xFF, 0xFF, 0xFF, 0xFF, 0xB6, 0xC5, 0x8A, 0x6A, 0x66, 0x49,
    0x87, 0x41, 0x46, 0x39, 0x06, 0x29, 0x05, 0x29, 0x26, 0x31, 0x05, 0x31, 0x89, 0x62, 0x16, 0xE7,
    0xFB, 0xFF, 0xFA, 0xFF, 0xD8, 0xFF, 0x94, 0xE6, 0x0B, 0x6B, 0xA3, 0x18, 0x84, 0x10, 0x06, 0x5A,
    0x8C, 0xF5, 0xB2, 0xE5, 0xE8, 0x41, 0x43, 0x08, 0x84, 0x08, 0x64, 0x08, 0x63, 0x00, 0x63, 0x08,
    0x63, 0x00, 0x63, 0x08, 0x83, 0x10, 0xC3, 0x18, 0xE3, 0x28, 0x44, 0x39, 0xC5, 0x51, 0x04, 0x6A,
    0x8D, 0xC5, 0x71, 0xFF, 0xEC, 0xED, 0x2C, 0xEE, 0x2F, 0xF7, 0xF5, 0xFF, 0x34, 0xFF, 0xC9, 0xA3,
    0xA4, 0x51, 0x64, 0x39, 0xE3, 0x28, 0xA3, 0x18, 0x63, 0x08, 0x43, 0x00, 0x43, 0x00, 0x43, 0x00,
    0x43, 0x00, 0x43, 0x00, 0x43, 0x00, 0x63, 0x00, 0x63, 0x08, 0xA3, 0x10, 0xE3, 0x20, 0x64, 0x39,
    0xC4, 0x59, 0x29, 0xA4, 0xF6, 0xFF, 0xFB, 0xFF, 0xB5, 0xFF, 0x71, 0xFF, 0x71, 0xFF, 0x71, 0xFF,
    0xD4, 0xFF, 0x2E, 0xF6, 0xB1, 0xFE, 0xAC, 0xAC, 0xC3, 0x59, 0x84, 0x41, 0x03, 0x31, 0xC3, 0x20,
    0xA3, 0x18, 0xC4, 0x18, 0x63, 0x08, 0x64, 0x08, 0x84, 0x08, 0x63, 0x00, 0x63, 0x00, 0x64, 0x08,
    0x64, 0x08, 0x84, 0x10, 0xA4, 0x18, 0xA3, 0x20, 0x68, 0x52, 0x51, 0xEE, 0x06, 0xCC, 0x26, 0xE4,
    0xC7, 0xDA, 0x8B, 0xDA, 0x4A, 0xDA, 0x2A, 0xDA, 0x0A, 0xD2, 0x0A, 0xD2, 0xC9, 0xC9, 0xE8, 0xC9,
    0x27, 0xDB, 0x84, 0xCB, 0x06, 0xCC, 0x8E, 0xF6, 0xEF, 0xFE, 0x4A, 0xE5, 0xC8, 0xD4, 0x67, 0xCC,
    0x06, 0xCC, 0x27, 0xD4, 0x08, 0xE5, 0x70, 0xFE, 0xF9, 0xFE, 0xDA, 0xFE, 0xBB, 0xFE, 0x9B, 0xFE,
    0x9B, 0xFE, 0x7B, 0xFE, 0x7C, 0xFE, 0x7C, 0xFE, 0x9C, 0xFE, 0x99, 0xFE, 0x91, 0xF6, 0xC9, 0xCB,
    0x25, 0xAA, 0xA2, 0x60, 0x00, 0x38, 0x01, 0x40, 0x82, 0x50, 0xA7, 0x82, 0xB0, 0xD5, 0xF5, 0xFE,
    0x98, 0xFE, 0x3B, 0xFE, 0x3C, 0xFE, 0x5C, 0xFE, 0x5C, 0xFE, 0x3B, 0xFE, 0x3B, 0xFE, 0x5A, 0xFE,
    0x7A, 0xFE, 0x7A, 0xFE, 0x7A, 0xFE, 0x5B, 0xFE, 0x5B, 0xFE, 0x5C, 0xFE, 0x3C, 0xFE, 0x3C, 0xFE,
    0x3C, 0xFE, 0x3C, 0xFE, 0x3C, 0xFE, 0x39, 0xFE, 0x4F, 0xF6, 0xB1, 0xFE, 0xF8, 0xFE, 0x7C, 0xFE,
    0x1C, 0xFE, 0x5C, 0xFE, 0x7D, 0xFE, 0xDD, 0xFE, 0x5E, 0xFF, 0xFF, 0xFF, 0x5D, 0xEF, 0xEF, 0x93,
    0x66, 0x49, 0x67, 0x41, 0x47, 0x39, 0x26, 0x31, 0x26, 0x31, 0x87, 0x41, 0xB4, 0xE6, 0xB4, 0xFF,
    0x51, 0xF6, 0x10, 0xF6, 0x14, 0xFF, 0x53, 0xFF, 0x72, 0xFE, 0xCA, 0x6A, 0x42, 0x08, 0x65, 0x39,
    0xCE, 0xED, 0xB1, 0xF5, 0x0C, 0x73, 0x22, 0x00, 0x84, 0x10, 0x64, 0x08, 0x64, 0x08, 0x64, 0x08,
    0x63, 0x00, 0x63, 0x08, 0xA3, 0x10, 0xC3, 0x20, 0x04, 0x31, 0x84, 0x41, 0xC4, 0x59, 0x8B, 0xAC,
    0xEF, 0xFE, 0x28, 0xE5, 0x10, 0xFF, 0xB2, 0xFF, 0x30, 0xF7, 0xB3, 0xFF, 0xD2, 0xFE, 0x4C, 0xE5,
    0x25, 0x6A, 0x84, 0x49, 0x03, 0x29, 0xC3, 0x18, 0x83, 0x10, 0x63, 0x08, 0x43, 0x00, 0x43, 0x00,
    0x43, 0x00, 0x43, 0x00, 0x43, 0x00, 0x43, 0x00, 0x63, 0x08, 0xA3, 0x10, 0xE3, 0x20, 0x64, 0x39,
    0xC4, 0x59, 0xE9, 0x9B, 0xF9, 0xFF, 0xFD, 0xFF, 0xB6, 0xFF, 0x50, 0xFF, 0x50, 0xFF, 0x50, 0xFF,
    0x70, 0xFF, 0x30, 0xFF, 0xCB, 0xF5, 0x50, 0xDE, 0x44, 0x6A, 0xA4, 0x51, 0x44, 0x39, 0xE4, 0x28,
    0xA3, 0x18, 0xC4, 0x20, 0x45, 0x39, 0x04, 0x29, 0xA4, 0x10, 0x63, 0x00, 0x64, 0x00, 0x64, 0x08,
    0x64, 0x08, 0x84, 0x10, 0xA4, 0x18, 0x82, 0x18, 0x0A, 0x6B, 0xCE, 0xE5, 0xE5, 0xCB, 0xA6, 0xE3,
    0xCA, 0xE2, 0xCC, 0xE2, 0x8B, 0xDA, 0x6C, 0xDA, 0x4B, 0xDA, 0x2A, 0xD2, 0x2A, 0xD2, 0x2A, 0xD2,
    0xE9, 0xC9, 0x07, 0xD3, 0x85, 0xCB, 0x26, 0xCC, 0x8D, 0xFE, 0x4C, 0xF6, 0xE9, 0xDC, 0x88, 0xD4,
    0x27, 0xD4, 0xE6, 0xCB, 0x88, 0xDC, 0x54, 0xFE, 0xBB, 0xFE, 0x9B, 0xFE, 0x3D, 0xEF, 0x5E, 0xE7,
    0xBD, 0xF6, 0x7C, 0xFE, 0x7C, 0xFE, 0x7C, 0xFE, 0x7C, 0xFE, 0x5B, 0xFE, 0x97, 0xFE, 0x15, 0xFF,
    0x52, 0xE6, 0x0E, 0xC5, 0x2B, 0xAC, 0x2B, 0xAC, 0xAF, 0xD5, 0xB3, 0xFE, 0x98, 0xFE, 0x5B, 0xFE,
    0x7D, 0xFE, 0x5C, 0xFE, 0x5C, 0xFE, 0x3B, 0xFE, 0x5B, 0xFE, 0x9A, 0xFE, 0xFA, 0xFE, 0x5B, 0xFF,
    0x9B, 0xFF, 0x9B, 0xFF, 0x9C, 0xFF, 0x7C, 0xFF, 0x1B, 0xFF, 0x9A, 0xFE, 0x5A, 0xFE, 0x3B, 0xFE,
    0x3C, 0xFE, 0x3C, 0xFE, 0x1C, 0xFE, 0xD7, 0xF5, 0xB0, 0xF5, 0xCA, 0xF5, 0xA9, 0xED, 0xF3, 0xED,
    0x3C, 0xFE, 0x3C, 0xFE, 0x1C, 0xFE, 0xBD, 0xFE, 0x5E, 0xFF, 0x9C, 0xFE, 0x3E, 0xFF, 0xDF, 0xFF,
    0x76, 0xBD, 0xC8, 0x51, 0x46, 0x41, 0x88, 0x41, 0x05, 0x31, 0x2B, 0x73, 0x32, 0xFF, 0x0B, 0xED,
    0x26, 0xD3, 0x47, 0xC3, 0x8A, 0xE4, 0x70, 0xFE, 0x4F, 0xF6, 0x50, 0xDD, 0x26, 0x29, 0x44, 0x39,
    0x0F, 0xF6, 0x90, 0xED, 0x4D, 0x83, 0x42, 0x00, 0x84, 0x10, 0x64, 0x08, 0x64, 0x08, 0x64, 0x08,
    0x64, 0x08, 0x83, 0x08, 0xA3, 0x18, 0xE4, 0x28, 0x44, 0x39, 0xC4, 0x51, 0xE6, 0x7A, 0xCF, 0xF6,
    0x07, 0xE5, 0xEE, 0xFE, 0xB0, 0xFF, 0xB1, 0xFF, 0xB2, 0xFF, 0xB3, 0xFF, 0x94, 0xFF, 0x4D, 0xF6,
    0xC6, 0x7A, 0x84, 0x49, 0x23, 0x31, 0xC3, 0x18, 0x83, 0x10, 0x63, 0x08, 0x43, 0x00, 0x43, 0x00,
    0x43, 0x00, 0x43, 0x00, 0x43, 0x00, 0x43, 0x00, 0x63, 0x08, 0x83, 0x10, 0xE3, 0x20, 0x44, 0x39,
    0xC4, 0x51, 0x26, 0x8B, 0x72, 0xFF, 0xB3, 0xFF, 0x74, 0xFF, 0x0F, 0xFF, 0xEE, 0xFE, 0xEE, 0xFE,
    0x0E, 0xFF, 0x50, 0xFF, 0xEA, 0xF5, 0xAF, 0xF6, 0x88, 0x93, 0xC4, 0x51, 0x64, 0x41, 0x04, 0x29,
    0xA3, 0x18, 0x24, 0x31, 0x70, 0xCD, 0x86, 0x39, 0x23, 0x00, 0x64, 0x08, 0x64, 0x00, 0x64, 0x08,
    0x64, 0x08, 0x84, 0x10, 0xA4, 0x18, 0x83, 0x18, 0x4B, 0x73, 0x6C, 0xE5, 0xE5, 0xD3, 0x66, 0xE3,
    0xEC, 0xE2, 0x0D, 0xEB, 0x0E, 0xEB, 0x0E, 0xEB, 0xEE, 0xE2, 0xAD, 0xE2, 0x6C, 0xD2, 0x4A, 0xD2,
    0x4B, 0xD2, 0x09, 0xCA, 0x27, 0xD3, 0x64, 0xCB, 0x67, 0xD4, 0x8D, 0xFE, 0x4A, 0xE5, 0x67, 0xD4,
    0x27, 0xD4, 0x26, 0xD4, 0x8E, 0xF5, 0x58, 0xFE, 0x7B, 0xFE, 0xDD, 0xF6, 0x9F, 0xD7, 0x7E, 0xCF,
    0xDD, 0xEE, 0x9C, 0xFE, 0x7C, 0xFE, 0x7C, 0xFE, 0x7C, 0xFE, 0x7C, 0xFE, 0x7C, 0xFE, 0x9B, 0xFE,
    0xDA, 0xFE, 0x1A, 0xFF, 0x39, 0xFF, 0xF9, 0xFE, 0x79, 0xFE, 0x3B, 0xFE, 0x5C, 0xFE, 0x7C, 0xFE,
    0x7C, 0xFE, 0x7C, 0xFE, 0x7B, 0xFE, 0xBA, 0xFE, 0x5B, 0xFF, 0xB9, 0xFF, 0xB6, 0xFF, 0x73, 0xFF,
    0x51, 0xFF, 0x30, 0xFF, 0x32, 0xFF, 0x75, 0xFF, 0xD9, 0xFF, 0xFB, 0xFF, 0x5A, 0xFF, 0x99, 0xFE,
    0x5B, 0xFE, 0x3C, 0xFE, 0x1B, 0xFE, 0xFC, 0xFD, 0xFC, 0xFD, 0xF7, 0xF5, 0xB2, 0xF5, 0xB8, 0xF5,
    0x1B, 0xFE, 0x1C, 0xFE, 0x1C, 0xFE, 0x1C, 0xFE, 0x3C, 0xFE, 0x1C, 0xFE, 0x5C, 0xFE, 0xBD, 0xFE,
    0x9F, 0xFF, 0xBB, 0xE6, 0xAB, 0x6A, 0x67, 0x49, 0x46, 0x39, 0xAC, 0x8B, 0x50, 0xFE, 0x09, 0xE4,
    0x69, 0xCB, 0x25, 0x39, 0x26, 0x72, 0x0A, 0xED, 0x4E, 0xF6, 0xAF, 0xF5, 0x0D, 0x7B, 0xE5, 0x59,
    0xB0, 0xFE, 0x0E, 0xE5, 0x0D, 0x7B, 0x42, 0x00, 0x84, 0x10, 0x64, 0x08, 0x64, 0x08, 0x64, 0x08,
    0x63, 0x08, 0x83, 0x10, 0xC4, 0x18, 0x24, 0x31, 0xA4, 0x49, 0xE4, 0x59, 0x2C, 0xBD, 0x0B, 0xF6,
    0x0A, 0xF6, 0x4E, 0xFF, 0x2E, 0xFF, 0x8F, 0xFF, 0xB1, 0xFF, 0xB3, 0xFF, 0xF8, 0xFF, 0x73, 0xFF,
    0x06, 0x8B, 0xA4, 0x51, 0x24, 0x31, 0xC3, 0x20, 0x83, 0x10, 0x63, 0x08, 0x43, 0x00, 0x43, 0x00,
    0x43, 0x00, 0x43, 0x00, 0x43, 0x00, 0x43, 0x00, 0x63, 0x08, 0x83, 0x10, 0xC3, 0x18, 0x24, 0x31,
    0xA4, 0x49, 0x85, 0x7A, 0xEA, 0xED, 0xCB, 0xFE, 0x31, 0xFF, 0xF0, 0xFE, 0xAD, 0xFE, 0x8D, 0xFE,
    0xAD, 0xFE, 0xEE, 0xFE, 0x4B, 0xF6, 0xCE, 0xFE, 0xEC, 0xB4, 0xC4, 0x59, 0x84, 0x49, 0x04, 0x31,
    0xE4, 0x20, 0x04, 0x29, 0x06, 0x52, 0x04, 0x29, 0x43, 0x00, 0x64, 0x08, 0x64, 0x00, 0x64, 0x08,
    0x64, 0x08, 0x84, 0x10, 0xA4, 0x18, 0x63, 0x18, 0x4B, 0x73, 0x6C, 0xE5, 0xC4, 0xD3, 0x26, 0xE3,
    0x0D, 0xE3, 0x4E, 0xEB, 0x4F, 0xEB, 0x4F, 0xEB, 0x50, 0xEB, 0x2F, 0xEB, 0xEE, 0xE2, 0x8C, 0xDA,
    0x6B, 0xD2, 0x4B, 0xD2, 0x29, 0xCA, 0x46, 0xD3, 0x44, 0xC3, 0x29, 0xE5, 0xEB, 0xF5, 0x47, 0xD4,
    0x88, 0xD4, 0xCE, 0xF5, 0xF4, 0xFD, 0x5A, 0xFE, 0x7B, 0xFE, 0x9B, 0xFE, 0xDD, 0xF6, 0xBC, 0xF6,
    0x9C, 0xFE, 0x9C, 0xFE, 0x9C, 0xFE, 0x9C, 0xFE, 0x7C, 0xFE, 0x7C, 0xFE, 0x9C, 0xFE, 0x9C, 0xFE,
    0x9C, 0xFE, 0x7C, 0xFE, 0x7C, 0xFE, 0x5C, 0xFE, 0x7C, 0xFE, 0x7C, 0xFE, 0x5C, 0xFE, 0x5C, 0xFE,
    0x7C, 0xFE, 0x7B, 0xFE, 0x1B, 0xFF, 0xBA, 0xFF, 0x75, 0xFF, 0x10, 0xFF, 0x2F, 0xFF, 0x71, 0xFF,
    0x94, 0xFF, 0x75, 0xFF, 0x11, 0xFF, 0x6C, 0xF6, 0x0B, 0xEE, 0xAE, 0xF6, 0xB6, 0xFF, 0xFB, 0xFF,
    0xF9, 0xFE, 0x5A, 0xFE, 0x3B, 0xFE, 0x1B, 0xFE, 0x1B, 0xFE, 0x1C, 0xFE, 0x3C, 0xFE, 0x3C, 0xFE,
    0x1B, 0xFE, 0xFB, 0xFD, 0xFB, 0xFD, 0xDB, 0xFD, 0xDB, 0xFD, 0xDB, 0xFD, 0xFB, 0xFD, 0x1C, 0xFE,
    0x5C, 0xFE, 0x5F, 0xFF, 0x5E, 0xF7, 0x4E, 0x83, 0x05, 0x39, 0xEA, 0x7A, 0xAE, 0xFD, 0x29, 0xE4,
    0x2B, 0xE4, 0xCB, 0x7A, 0x22, 0x10, 0x87, 0xB3, 0x6E, 0xFE, 0x8D, 0xED, 0x8F, 0xC4, 0xEC, 0xCC,
    0x4F, 0xFE, 0x6D, 0xD4, 0x6A, 0x62, 0x22, 0x00, 0x84, 0x08, 0x64, 0x08, 0x64, 0x08, 0x64, 0x08,
    0x63, 0x08, 0xA4, 0x10, 0xE4, 0x20, 0x24, 0x31, 0xA4, 0x51, 0xA6, 0x7A, 0x6E, 0xEE, 0xEA, 0xF5,
    0xCB, 0xFE, 0xEB, 0xFE, 0x0C, 0xFF, 0x4E, 0xFF, 0x90, 0xFF, 0xB4, 0xFF, 0xB5, 0xFF, 0x30, 0xF7,
    0xE6, 0x82, 0xA4, 0x51, 0x23, 0x31, 0xC3, 0x20, 0x83, 0x10, 0x63, 0x08, 0x43, 0x00, 0x43, 0x00,
    0x43, 0x00, 0x43, 0x00, 0x43, 0x00, 0x43, 0x00, 0x43, 0x00, 0x83, 0x08, 0xA3, 0x18, 0x03, 0x29,
    0x84, 0x49, 0x04, 0x62, 0x87, 0xCC, 0x66, 0xFD, 0x0C, 0xF6, 0xEF, 0xF6, 0x4C, 0xFE, 0x4B, 0xFE,
    0x6C, 0xFE, 0x8D, 0xFE, 0x6C, 0xFE, 0xEE, 0xFE, 0xCE, 0xD5, 0x04, 0x6A, 0xA4, 0x49, 0x24, 0x31,
    0xE4, 0x20, 0x83, 0x10, 0x42, 0x08, 0xC4, 0x18, 0x64, 0x08, 0x64, 0x00, 0x64, 0x08, 0x64, 0x08,
    0x84, 0x08, 0x84, 0x10, 0xC4, 0x18, 0x83, 0x18, 0xEA, 0x6A, 0x4C, 0xE5, 0xC4, 0xD3, 0x45, 0xE3,
    0x0D, 0xEB, 0x6F, 0xEB, 0x90, 0xF3, 0x90, 0xF3, 0x90, 0xF3, 0x70, 0xEB, 0x4F, 0xEB, 0x0E, 0xE3,
    0xAD, 0xDA, 0x8C, 0xDA, 0x0A, 0xCA, 0x67, 0xCA, 0x44, 0xCB, 0xA5, 0xCB, 0x4A, 0xE5, 0x8C, 0xE5,
    0x70, 0xF6, 0x33, 0xFE, 0x15, 0xFE, 0x9A, 0xFE, 0x7B, 0xFE, 0x9B, 0xFE, 0x9B, 0xFE, 0xBC, 0xFE,
    0xBC, 0xFE, 0x9C, 0xFE, 0x9C, 0xFE, 0x9C, 0xFE, 0x9C, 0xFE, 0x9C, 0xFE, 0x9C, 0xFE, 0x9C, 0xFE,
    0x9C, 0xFE, 0xBC, 0xFE, 0xBC, 0xFE, 0x9C, 0xFE, 0x9C, 0xFE, 0x7C, 0xFE, 0x7C, 0xFE, 0x7B, 0xFE,
    0x7B, 0xFE, 0x1A, 0xFF, 0xB7, 0xFF, 0xD0, 0xFE, 0x6D, 0xFE, 0x2C, 0xF6, 0x0C, 0xEE, 0x6E, 0xF6,
    0x54, 0xFF, 0xFC, 0xFF, 0xFF, 0xFF, 0xD9, 0xFF, 0xD0, 0xF6, 0x69, 0xE5, 0x68, 0xE5, 0xCF, 0xF6,
    0xF9, 0xFF, 0x39, 0xFF, 0x59, 0xFE, 0x3B, 0xFE, 0x3B, 0xFE, 0x3C, 0xFE, 0x1C, 0xFE, 0x1B, 0xFE,
    0x1C, 0xFE, 0xFB, 0xFD, 0xDB, 0xFD, 0xBB, 0xFD, 0xBA, 0xFD, 0xDA, 0xFD, 0x5A, 0xFE, 0xFA, 0xFD,
    0x1B, 0xFE, 0x5B, 0xFE, 0x1D, 0xFF, 0x9F, 0xFF, 0xAF, 0x8B, 0x46, 0x41, 0xCD, 0xDC, 0x49, 0xEC,
    0xE9, 0xE3, 0xAD, 0xEC, 0xED, 0xA3, 0xA9, 0xB3, 0x4E, 0xFE, 0x4C, 0xE5, 0xEF, 0xDC, 0xEF, 0xF5,
    0xAB, 0xDC, 0x2F, 0xC4, 0x26, 0x29, 0x63, 0x08, 0x84, 0x08, 0x64, 0x08, 0x64, 0x08, 0x64, 0x08,
    0x84, 0x08, 0xA4, 0x18, 0xE4, 0x28, 0x64, 0x39, 0xC4, 0x51, 0xC8, 0x9B, 0xEF, 0xFE, 0x4B, 0xFE,
    0x8A, 0xFE, 0x8A, 0xFE, 0xCB, 0xFE, 0x0C, 0xFF, 0x4F, 0xFF, 0xB4, 0xFF, 0x0F, 0xFF, 0x0A, 0xEE,
    0x65, 0x72, 0xA4, 0x51, 0x03, 0x31, 0xC3, 0x18, 0x83, 0x10, 0x63, 0x08, 0x43, 0x00, 0x43, 0x00,
    0x43, 0x00, 0x43, 0x00, 0x43, 0x00, 0x43, 0x00, 0x43, 0x00, 0x63, 0x08, 0xA3, 0x10, 0xE3, 0x20,
    0x44, 0x39, 0xC4, 0x51, 0x46, 0x9B, 0x26, 0xEC, 0xA6, 0xD3, 0x6E, 0xF6, 0x4C, 0xFE, 0xCA, 0xFD,
    0xEB, 0xFD, 0x2B, 0xFE, 0x2B, 0xFE, 0xEE, 0xFE, 0x6F, 0xEE, 0x65, 0x72, 0xA4, 0x49, 0x24, 0x31,
    0xC3, 0x20, 0xA3, 0x10, 0x83, 0x08, 0x84, 0x08, 0x64, 0x08, 0x64, 0x00, 0x64, 0x08, 0x84, 0x08,
    0x84, 0x08, 0x84, 0x10, 0xA4, 0x18, 0x83, 0x10, 0x48, 0x52, 0x4C, 0xDD, 0x04, 0xD4, 0xA5, 0xEB,
    0x2D, 0xEB, 0x90, 0xF3, 0xB0, 0xF3, 0xD1, 0xF3, 0xD1, 0xF3, 0xB0, 0xF3, 0x90, 0xEB, 0x4F, 0xEB,
    0xCD, 0xE2, 0x6A, 0xDA, 0x89, 0xDA, 0xC9, 0xE2, 0x87, 0xE3, 0x68, 0xD4, 0x70, 0xEE, 0x33, 0xFF,
    0x92, 0xFE, 0x52, 0xFE, 0x98, 0xFE, 0xDB, 0xFE, 0xBA, 0xFE, 0x9A, 0xFE, 0xBA, 0xFE, 0xBB, 0xFE,
    0xBB, 0xFE, 0xBB, 0xFE, 0xBB, 0xFE, 0xBB, 0xFE, 0xBB, 0xFE, 0xDB, 0xFE, 0xBB, 0xFE, 0xBB, 0xFE,
    0xF9, 0xFE, 0x39, 0xFF, 0xBB, 0xFE, 0xBC, 0xFE, 0xBB, 0xFE, 0x9B, 0xFE, 0x9B, 0xFE, 0x9A, 0xFE,
    0xF8, 0xFE, 0x53, 0xFF, 0x2C, 0xF6, 0x6A, 0xED, 0xA8, 0xDC, 0x26, 0xD4, 0x25, 0xD4, 0x65, 0xDC,
    0xE6, 0xDC, 0xAA, 0xE5, 0x14, 0xF7, 0xFC, 0xFF, 0xFA, 0xFF, 0xB0, 0xF6, 0xC7, 0xD4, 0xA6, 0xDC,
    0x2B, 0xF6, 0xF8, 0xFF, 0x39, 0xFF, 0x3A, 0xFE, 0x5C, 0xFE, 0x3C, 0xFE, 0x3C, 0xFE, 0x3C, 0xFE,
    0x1A, 0xFE, 0x1B, 0xFE, 0xDB, 0xFD, 0xBA, 0xFD, 0xBA, 0xFD, 0xB9, 0xFD, 0xB7, 0xFE, 0x38, 0xFF,
    0x99, 0xFE, 0x3A, 0xFE, 0x5A, 0xFE, 0xDC, 0xFE, 0x9E, 0xFF, 0x4F, 0x83, 0xE7, 0x69, 0x6B, 0xEC,
    0xC8, 0xE3, 0x08, 0xE4, 0xCB, 0xFC, 0x89, 0xEC, 0x6E, 0xFE, 0x2B, 0xE5, 0x6E, 0xD4, 0x0B, 0xCC,
    0x6E, 0xD4, 0xED, 0x72, 0x43, 0x08, 0x84, 0x10, 0x64, 0x08, 0x64, 0x08, 0x64, 0x00, 0x64, 0x08,
    0x84, 0x08, 0xA4, 0x18, 0x04, 0x29, 0x84, 0x41, 0xC4, 0x59, 0xAA, 0xBC, 0x50, 0xFF, 0x6B, 0xFE,
    0x29, 0xFE, 0x49, 0xFE, 0x6A, 0xFE, 0xAB, 0xFE, 0x2F, 0xFF, 0xF1, 0xF6, 0x68, 0xF5, 0xA8, 0xD4,
    0xE4, 0x61, 0x84, 0x49, 0x03, 0x29, 0xA3, 0x18, 0x63, 0x10, 0x63, 0x00, 0x43, 0x00, 0x43, 0x00,
    0x43, 0x00, 0x43, 0x00, 0x43, 0x00, 0x43, 0x00, 0x43, 0x00, 0x63, 0x08, 0x83, 0x10, 0xC3, 0x20,
    0x24, 0x31, 0xA4, 0x49, 0x65, 0x6A, 0x86, 0xC3, 0x63, 0xBA, 0xAA, 0xD4, 0xAE, 0xFE, 0xAB, 0xFD,
    0x8A, 0xFD, 0xCB, 0xFD, 0xCA, 0xFD, 0x8D, 0xFE, 0xAF, 0xF6, 0xA5, 0x72, 0x84, 0x49, 0x24, 0x31,
    0xC3, 0x20, 0xA3, 0x10, 0x83, 0x08, 0x64, 0x08, 0x64, 0x08, 0x64, 0x08, 0x84, 0x08, 0x84, 0x08,
    0x84, 0x08, 0x84, 0x10, 0xA4, 0x10, 0x84, 0x18, 0x66, 0x31, 0x4D, 0xD5, 0x25, 0xDC, 0xE5, 0xEB,
    0x4C, 0xEB, 0xB0, 0xF3, 0xD1, 0xF3, 0xF1, 0xF3, 0xD1, 0xF3, 0xD1, 0xF3, 0xB1, 0xF3, 0x4E, 0xEB,
    0x0B, 0xE3, 0x8B, 0xF3, 0x2C, 0xFC, 0x6C, 0xFC, 0xEC, 0xFC, 0x4F, 0xFE, 0x11, 0xFF, 0xD1, 0xFE,
    0x91, 0xFE, 0x93, 0xFE, 0x74, 0xFE, 0x96, 0xFE, 0xFA, 0xFE, 0xD9, 0xFE, 0xD9, 0xFE, 0xD9, 0xFE,
    0xFA, 0xFE, 0xFA, 0xFE, 0xF9, 0xFE, 0xF9, 0xFE, 0xF9, 0xFE, 0xF9, 0xFE, 0xF9, 0xFE, 0xF9, 0xFE,
    0x19, 0xFF, 0x1A, 0xFF, 0xDA, 0xFE, 0xDA, 0xFE, 0xDA, 0xFE, 0xD9, 0xFE, 0xB9, 0xFE, 0xB7, 0xFE,
    0x12, 0xFF, 0xCA, 0xF5, 0xA7, 0xE4, 0xC5, 0xCB, 0x04, 0xDC, 0x04, 0xE4, 0xA5, 0xE3, 0x86, 0xE3,
    0x06, 0xE4, 0xA6, 0xEC, 0xE6, 0xE4, 0x2D, 0xEE, 0xF8, 0xFF, 0xD5, 0xFF, 0x8A, 0xE5, 0x25, 0xC4,
    0x45, 0xD4, 0x2C, 0xEE, 0xFA, 0xFF, 0xFA, 0xFE, 0x5B, 0xFE, 0x5C, 0xFE, 0x3C, 0xFE, 0x5C, 0xFE,
    0xAF, 0xED, 0x2E, 0xED, 0xDB, 0xFD, 0xBB, 0xFD, 0x9A, 0xFD, 0xF8, 0xFD, 0xB7, 0xFE, 0xDA, 0xFF,
    0xFA, 0xFF, 0x58, 0xFE, 0xF9, 0xFD, 0x3A, 0xFE, 0x9A, 0xFE, 0x3D, 0xFF, 0x0E, 0x7B, 0xC6, 0x61,
    0xCA, 0xCB, 0x0A, 0xE4, 0x68, 0xDB, 0xAA, 0xEC, 0x11, 0xFF, 0x8A, 0xD4, 0x4E, 0xD4, 0x70, 0xCC,
    0x0D, 0x83, 0x84, 0x10, 0xA5, 0x10, 0x84, 0x10, 0x64, 0x08, 0x64, 0x08, 0x64, 0x08, 0x64, 0x08,
    0x84, 0x10, 0xC4, 0x18, 0x04, 0x29, 0x84, 0x41, 0xE4, 0x59, 0x2B, 0xCD, 0x51, 0xFF, 0x2A, 0xFE,
    0xE8, 0xFD, 0x08, 0xFE, 0x29, 0xFE, 0x6A, 0xFE, 0x2F, 0xFF, 0x2B, 0xDD, 0xC5, 0xDB, 0x66, 0xA3,
    0xA4, 0x51, 0x44, 0x41, 0xE3, 0x28, 0xA3, 0x18, 0x63, 0x08, 0x43, 0x00, 0x43, 0x00, 0x43, 0x00,
    0x43, 0x00, 0x43, 0x00, 0x43, 0x00, 0x43, 0x00, 0x43, 0x00, 0x63, 0x00, 0x83, 0x10, 0xC3, 0x18,
    0x03, 0x29, 0x64, 0x41, 0xC4, 0x51, 0xE6, 0x92, 0xE5, 0xC2, 0xA5, 0xB2, 0xAC, 0xED, 0x6D, 0xFE,
    0x8B, 0xFD, 0x8A, 0xFD, 0x8A, 0xFD, 0xEB, 0xF5, 0x8F, 0xF6, 0x85, 0x72, 0x84, 0x41, 0x24, 0x31,
    0xC4, 0x20, 0xA3, 0x10, 0x83, 0x08, 0x84, 0x08, 0x84, 0x08, 0x84, 0x08, 0x84, 0x08, 0x84, 0x08,
    0x84, 0x08, 0x84, 0x10, 0xA4, 0x10, 0xA4, 0x18, 0xA4, 0x18, 0xCD, 0xB4, 0x87, 0xDC, 0x45, 0xEC,
    0x6A, 0xEB, 0xB0, 0xF3, 0xD1, 0xF3, 0xF1, 0xF3, 0xF1, 0xF3, 0xF1, 0xF3, 0xAE, 0xF3, 0xAB, 0xF3,
    0x2C, 0xFC, 0x8D, 0xFC, 0xCC, 0xFC, 0x0D, 0xFD, 0x8D, 0xFD, 0xEE, 0xFD, 0x6F, 0xFE, 0xB0, 0xFE,
    0xD2, 0xFE, 0x71, 0xFE, 0xED, 0xED, 0x72, 0xF6, 0x19, 0xFF, 0xF8, 0xFE, 0xF9, 0xFE, 0x19, 0xFF,
    0x75, 0xF6, 0xD7, 0xFE, 0x39, 0xFF, 0x38, 0xFF, 0x38, 0xFF, 0x38, 0xFF, 0x18, 0xFF, 0x18, 0xFF,
    0xF8, 0xFE, 0xF8, 0xFE, 0xF8, 0xFE, 0xF8, 0xFE, 0xF8, 0xFE, 0xD8, 0xFE, 0xD7, 0xFE, 0xD3, 0xFE,
    0xEB, 0xF5, 0xA7, 0xE4, 0xA4, 0xCB, 0xC3, 0xDB, 0xE4, 0xDA, 0x26, 0xCA, 0x28, 0xCA, 0x29, 0xCA,
    0x08, 0xCA, 0x67, 0xD2, 0x07, 0xE4, 0xE6, 0xE4, 0xCA, 0xED, 0xF4, 0xFF, 0x6D, 0xF6, 0x25, 0xC4,
    0xE5, 0xBB, 0x65, 0xCC, 0xD1, 0xF6, 0xFC, 0xFF, 0x9A, 0xFE, 0x5C, 0xFE, 0x3C, 0xFE, 0x3C, 0xFE,
    0xF7, 0xFD, 0x30, 0xED, 0xBA, 0xFD, 0xBB, 0xFD, 0xBA, 0xFD, 0x99, 0xFD, 0xB8, 0xFD, 0xD7, 0xFE,
    0x78, 0xFF, 0xD7, 0xFE, 0xB8, 0xFD, 0xF8, 0xFD, 0x18, 0xFE, 0x9A, 0xFE, 0x3D, 0xFF, 0x8B, 0x6A,
    0x46, 0x49, 0x69, 0x7A, 0xCA, 0xC3, 0x6F, 0xFE, 0x12, 0xFF, 0xC8, 0xCB, 0x91, 0xCC, 0xC8, 0x41,
    0x63, 0x10, 0xA5, 0x10, 0xA5, 0x10, 0x84, 0x08, 0x64, 0x08, 0x64, 0x08, 0x64, 0x08, 0x64, 0x08,
    0x84, 0x10, 0xC4, 0x18, 0x04, 0x29, 0x84, 0x41, 0xE4, 0x59, 0x4B, 0xD5, 0x0F, 0xFF, 0xE9, 0xFD,
    0xC8, 0xFD, 0xC8, 0xFD, 0xE9, 0xFD, 0xAC, 0xFE, 0x6E, 0xF6, 0xE4, 0xB2, 0x05, 0xB3, 0x45, 0x72,
    0x84, 0x49, 0x24, 0x31, 0xC3, 0x20, 0x83, 0x10, 0x63, 0x08, 0x43, 0x00, 0x43, 0x00, 0x43, 0x00,
    0x43, 0x00, 0x43, 0x00, 0x43, 0x00, 0x43, 0x00, 0x43, 0x00, 0x63, 0x00, 0x83, 0x08, 0xA3, 0x10,
    0xC3, 0x20, 0x24, 0x31, 0x84, 0x49, 0x04, 0x5A, 0x67, 0xC3, 0x07, 0xD3, 0xA8, 0xCB, 0x2C, 0xFE,
    0x4E, 0xF6, 0x8B, 0xFD, 0x49, 0xF5, 0x6D, 0xFE, 0x2E, 0xEE, 0x04, 0x62, 0x64, 0x41, 0x04, 0x29,
    0xC4, 0x18, 0xA4, 0x10, 0x84, 0x08, 0x84, 0x08, 0xA4, 0x10, 0xA4, 0x10, 0x84, 0x08, 0x84, 0x08,
    0x84, 0x08, 0x84, 0x10, 0x84, 0x10, 0xC5, 0x18, 0x43, 0x08, 0xCB, 0x8B, 0x09, 0xE5, 0xC6, 0xEC,
    0xC8, 0xEB, 0xB0, 0xF3, 0xF1, 0xF3, 0xF1, 0xF3, 0x12, 0xF4, 0xCE, 0xF3, 0xEC, 0xFB, 0x8D, 0xFC,
    0xCD, 0xFC, 0x0D, 0xFD, 0x8E, 0xFD, 0xAE, 0xFD, 0xCD, 0xFD, 0x2E, 0xFE, 0x8F, 0xFE, 0xB0, 0xFE,
    0xD2, 0xFE, 0xB2, 0xFE, 0xF3, 0xFE, 0x36, 0xFF, 0x37, 0xFF, 0x37, 0xFF, 0xF6, 0xFE, 0x51, 0xF6,
    0x2B, 0xED, 0xD4, 0xFE, 0x78, 0xFF, 0x57, 0xFF, 0x56, 0xFF, 0x56, 0xFF, 0x57, 0xFF, 0x36, 0xFF,
    0x16, 0xFF, 0x16, 0xFF, 0x17, 0xFF, 0xF7, 0xFE, 0xF6, 0xFE, 0xD6, 0xFE, 0xD4, 0xFE, 0x2D, 0xF6,
    0x29, 0xED, 0xC5, 0xCB, 0x83, 0xDB, 0x83, 0xD2, 0xC7, 0xC9, 0x29, 0xD2, 0x2A, 0xD2, 0x2A, 0xD2,
    0x2A, 0xD2, 0x2A, 0xD2, 0xE9, 0xC9, 0xC7, 0xE3, 0x85, 0xDC, 0x0C, 0xEE, 0x30, 0xFF, 0x87, 0xCC,
    0xC4, 0xBB, 0xC4, 0xBB, 0xC7, 0xD4, 0x96, 0xFF, 0x5B, 0xFF, 0x5A, 0xFE, 0x3C, 0xFE, 0x1B, 0xFE,
    0x1C, 0xFE, 0x1C, 0xFE, 0xDB, 0xFD, 0xDB, 0xFD, 0xBB, 0xFD, 0xBA, 0xFD, 0xB9, 0xFD, 0xF8, 0xFD,
    0xD7, 0xFD, 0x57, 0xF6, 0xB7, 0xFD, 0x98, 0xFD, 0xD7, 0xFD, 0x17, 0xFE, 0xBA, 0xFE, 0xFB, 0xF6,
    0x4A, 0x62, 0xC8, 0x72, 0xEE, 0xED, 0x94, 0xFF, 0x8D, 0xE5, 0xCB, 0xD3, 0xD0, 0x93, 0x22, 0x00,
    0xC5, 0x18, 0xA5, 0x10, 0x85, 0x10, 0x84, 0x08, 0x84, 0x08, 0x64, 0x08, 0x64, 0x08, 0x64, 0x08,
    0x84, 0x10, 0xC4, 0x18, 0x04, 0x29, 0x64, 0x41, 0xA4, 0x51, 0xEA, 0xC4, 0xCE, 0xFE, 0x88, 0xF5,
    0x87, 0xFD, 0x88, 0xFD, 0x2B, 0xFE, 0xEE, 0xFE, 0x69, 0xD4, 0xA4, 0xBA, 0x06, 0x9B, 0xC4, 0x51,
    0x44, 0x39, 0xE3, 0x28, 0xC3, 0x18, 0x83, 0x10, 0x63, 0x08, 0x43, 0x00, 0x43, 0x00, 0x43, 0x00,
    0x43, 0x00, 0x43, 0x00, 0x43, 0x00, 0x43, 0x00, 0x43, 0x00, 0x43, 0x00, 0x63, 0x08, 0x83, 0x10,
    0xA3, 0x18, 0xE3, 0x28, 0x44, 0x39, 0xA4, 0x49, 0x85, 0x7A, 0x6B, 0xEC, 0x0C, 0xEC, 0x6B, 0xDC,
    0x2D, 0xF6, 0x6D, 0xFE, 0x2C, 0xF6, 0xCF, 0xFE, 0xEC, 0xCC, 0xA4, 0x51, 0x64, 0x41, 0xE4, 0x28,
    0xC4, 0x18, 0xA4, 0x10, 0x84, 0x10, 0xC4, 0x18, 0xE3, 0x20, 0xC3, 0x20, 0xC4, 0x18, 0x84, 0x10,
    0x84, 0x10, 0x85, 0x10, 0x84, 0x10, 0xA5, 0x18, 0x63, 0x10, 0x48, 0x52, 0x8C, 0xE5, 0xE7, 0xE4,
    0x67, 0xF4, 0x8E, 0xEB, 0xF0, 0xF3, 0xF1, 0xF3, 0xCE, 0xF3, 0x2C, 0xFC, 0xCD, 0xFC, 0x0D, 0xFD,
    0x4D, 0xFD, 0x6D, 0xFD, 0x2F, 0xFE, 0x0E, 0xFE, 0x0C, 0xFE, 0x6E, 0xFE, 0xCF, 0xFE, 0xF0, 0xFE,
    0x12, 0xFF, 0x33, 0xFF, 0x34, 0xFF, 0x55, 0xFF, 0x76, 0xFF, 0x0F, 0xEE, 0xCC, 0xF5, 0x6E, 0xF6,
    0x90, 0xF6, 0xB3, 0xF6, 0x97, 0xFF, 0x76, 0xFF, 0x76, 0xFF, 0x56, 0xFF, 0x34, 0xFF, 0x90, 0xF6,
    0xF3, 0xFE, 0x56, 0xFF, 0x15, 0xFF, 0x15, 0xFF, 0xF5, 0xFE, 0xD5, 0xFE, 0xD2, 0xFE, 0x69, 0xED,
    0x67, 0xDC, 0xC4, 0xD3, 0xA3, 0xD2, 0xC7, 0xC9, 0x2A, 0xD2, 0x2A, 0xD2, 0x2A, 0xD2, 0x4A, 0xD2,
    0x4B, 0xD2, 0x4B, 0xD2, 0x4B, 0xD2, 0x29, 0xCA, 0x26, 0xE4, 0x66, 0xD4, 0xCF, 0xFE, 0x6A, 0xDD,
    0x43, 0xAB, 0x89, 0xBC, 0x67, 0xC4, 0xEC, 0xED, 0xFA, 0xFF, 0x79, 0xFE, 0x3B, 0xFE, 0x1B, 0xFE,
    0x1B, 0xFE, 0xFB, 0xFD, 0xDB, 0xFD, 0xDB, 0xFD, 0xDB, 0xFD, 0xBA, 0xFD, 0x9A, 0xFD, 0x99, 0xFD,
    0x78, 0xFD, 0x77, 0xFD, 0x77, 0xFD, 0x57, 0xFD, 0x97, 0xFD, 0xD6, 0xFD, 0x16, 0xFE, 0x1B, 0xFF,
    0xD9, 0xEE, 0x0E, 0xF6, 0xF0, 0xFE, 0x2F, 0xF6, 0x67, 0xCB, 0xF3, 0xDC, 0x0A, 0x4A, 0x84, 0x10,
    0xC5, 0x18, 0xA5, 0x10, 0x85, 0x10, 0x84, 0x10, 0x84, 0x08, 0x84, 0x08, 0x64, 0x08, 0x64, 0x08,
    0x84, 0x08, 0xA4, 0x18, 0xE4, 0x20, 0x44, 0x39, 0x84, 0x49, 0xC8, 0xA3, 0xCD, 0xFE, 0xCA, 0xF5,
    0x68, 0xFD, 0x2B, 0xFE, 0x0F, 0xFF, 0x8D, 0xED, 0x89, 0xE3, 0xA9, 0xD3, 0x04, 0x62, 0x84, 0x41,
    0x23, 0x31, 0xC3, 0x20, 0xA3, 0x10, 0x63, 0x08, 0x63, 0x00, 0x43, 0x00, 0x43, 0x00, 0x43, 0x00,
    0x43, 0x00, 0x43, 0x00, 0x43, 0x00, 0x43, 0x00, 0x43, 0x00, 0x43, 0x00, 0x63, 0x00, 0x63, 0x08,
    0x83, 0x10, 0xC3, 0x18, 0x03, 0x29, 0x64, 0x39, 0xA4, 0x49, 0xE6, 0x8A, 0x0D, 0xFD, 0xEF, 0xFC,
    0x0E, 0xF5, 0xCE, 0xFD, 0x6F, 0xFE, 0xAE, 0xE5, 0x66, 0x72, 0x64, 0x41, 0x44, 0x31, 0xE4, 0x20,
    0xA4, 0x18, 0x83, 0x10, 0xA4, 0x10, 0xE3, 0x20, 0x2C, 0x94, 0x6D, 0x9C, 0xE3, 0x20, 0xA5, 0x10,
    0x84, 0x08, 0x85, 0x10, 0xA5, 0x10, 0xA5, 0x10, 0xC5, 0x18, 0xE5, 0x20, 0x2D, 0xC5, 0x08, 0xE5,
    0x07, 0xF5, 0xAA, 0xEB, 0xD0, 0xF3, 0xCF, 0xF3, 0x4B, 0xFC, 0xEC, 0xFC, 0x2C, 0xFD, 0x4C, 0xFD,
    0x8C, 0xFD, 0xCC, 0xFD, 0x0C, 0xFE, 0x2D, 0xFE, 0x8E, 0xFE, 0xCF, 0xFE, 0x10, 0xFF, 0x53, 0xFF,
    0x53, 0xFF, 0x54, 0xFF, 0x54, 0xFF, 0x75, 0xFF, 0xB7, 0xFF, 0x91, 0xF6, 0xB0, 0xFE, 0x76, 0xF7,
    0xF3, 0xEE, 0x71, 0xE6, 0x76, 0xFF, 0x96, 0xFF, 0xB6, 0xFF, 0x33, 0xF7, 0x53, 0xF7, 0x73, 0xFF,
    0x8F, 0xEE, 0x55, 0xFF, 0x55, 0xFF, 0x34, 0xFF, 0x14, 0xFF, 0xF3, 0xFE, 0x55, 0xFF, 0x4F, 0xEE,
    0xE5, 0xCB, 0x23, 0xD3, 0xA4, 0xC1, 0xE9, 0xD1, 0x2A, 0xD2, 0x4B, 0xDA, 0x4B, 0xDA, 0x4B, 0xDA,
    0x6B, 0xDA, 0x8C, 0xDA, 0xAC, 0xDA, 0x8C, 0xDA, 0x49, 0xDB, 0x86, 0xDC, 0x4A, 0xDD, 0x2C, 0xEE,
    0x02, 0xA3, 0xCD, 0xBC, 0x2D, 0xC5, 0x45, 0xCC, 0x74, 0xFF, 0x19, 0xFF, 0x1A, 0xFE, 0x1C, 0xFE,
    0xFC, 0xFD, 0xFC, 0xFD, 0xFB, 0xFD, 0xFB, 0xFD, 0xDB, 0xFD, 0xBB, 0xFD, 0x9A, 0xFD, 0x99, 0xFD,
    0x79, 0xFD, 0x58, 0xFD, 0x38, 0xFD, 0x37, 0xFD, 0x57, 0xFD, 0xF6, 0xFD, 0x57, 0xFF, 0x98, 0xFE,
    0x7D, 0xFF, 0x94, 0xF6, 0xC9, 0xEC, 0x66, 0xCB, 0x4F, 0xE4, 0x31, 0x9C, 0x84, 0x10, 0xC5, 0x18,
    0xA5, 0x10, 0xA5, 0x10, 0x85, 0x10, 0x85, 0x10, 0x85, 0x08, 0x84, 0x08, 0x84, 0x08, 0x64, 0x08,
    0x84, 0x08, 0xA4, 0x10, 0xE4, 0x20, 0x24, 0x31, 0x84, 0x41, 0x45, 0x6A, 0xCB, 0xED, 0xAD, 0xFE,
    0x6C, 0xFE, 0x6D, 0xF6, 0xCE, 0xF5, 0x8E, 0xFC, 0x8D, 0xF4, 0x86, 0x7A, 0x84, 0x41, 0x24, 0x39,
    0xE3, 0x28, 0xA3, 0x18, 0x83, 0x10, 0x63, 0x08, 0x43, 0x00, 0x43, 0x00, 0x43, 0x00, 0x43, 0x00,
    0x43, 0x00, 0x43, 0x00, 0x43, 0x00, 0x43, 0x00, 0x43, 0x00, 0x43, 0x00, 0x43, 0x00, 0x63, 0x00,
    0x83, 0x08, 0xA3, 0x10, 0xC3, 0x20, 0x04, 0x29, 0x64, 0x41, 0x84, 0x49, 0xA6, 0x82, 0x8C, 0xD4,
    0x51, 0xED, 0xEF, 0xDC, 0xCA, 0xA3, 0x25, 0x62, 0x64, 0x41, 0x44, 0x39, 0x04, 0x29, 0xC4, 0x18,
    0xA4, 0x10, 0x84, 0x08, 0xA4, 0x10, 0xC3, 0x20, 0x6D, 0xA4, 0xAE, 0xA4, 0xE4, 0x20, 0xA5, 0x10,
    0xA5, 0x08, 0x85, 0x10, 0xA5, 0x10, 0xA5, 0x10, 0xE5, 0x20, 0x84, 0x10, 0x8B, 0x7B, 0xAB, 0xED,
    0x07, 0xED, 0x87, 0xF4, 0x6C, 0xEB, 0x6C, 0xFC, 0x2B, 0xFD, 0x4C, 0xFD, 0x6B, 0xFD, 0x8B, 0xFD,
    0xEC, 0xFD, 0x2D, 0xFE, 0x6E, 0xFE, 0xAF, 0xFE, 0xF0, 0xFE, 0x10, 0xFF, 0x31, 0xFF, 0xB7, 0xFF,
    0x95, 0xFF, 0x74, 0xFF, 0x95, 0xFF, 0x96, 0xFF, 0xB7, 0xFF, 0x34, 0xF7, 0x92, 0xE6, 0x92, 0xE6,
    0x35, 0xF7, 0xB7, 0xFF, 0xD7, 0xFF, 0xB6, 0xFF, 0xD7, 0xFF, 0x74, 0xFF, 0xF1, 0xF6, 0xD0, 0xEE,
    0x53, 0xFF, 0x94, 0xFF, 0x74, 0xFF, 0x54, 0xFF, 0x34, 0xFF, 0x33, 0xFF, 0x12, 0xFF, 0x54, 0xFF,
    0x4F, 0xEE, 0x07, 0xE4, 0x45, 0xD2, 0x26, 0xCA, 0xE7, 0xC9, 0x09, 0xD2, 0x6B, 0xDA, 0x8C, 0xDA,
    0xAC, 0xDA, 0xCD, 0xE2, 0x0E, 0xE3, 0x2F, 0xEB, 0x0C, 0xE3, 0xA8, 0xE4, 0x66, 0xD4, 0xEC, 0xED,
    0x84, 0xB3, 0xA2, 0x9A, 0xA4, 0xB3, 0xA4, 0xBB, 0x2D, 0xEE, 0x99, 0xFF, 0x19, 0xFE, 0x1B, 0xFE,
    0xFC, 0xFD, 0xFC, 0xFD, 0xFB, 0xFD, 0xFB, 0xFD, 0xDB, 0xFD, 0xBB, 0xFD, 0x9A, 0xFD, 0x7A, 0xFD,
    0x59, 0xFD, 0x39, 0xFD, 0x38, 0xFD, 0x17, 0xFD, 0x17, 0xFD, 0x76, 0xFD, 0xD7, 0xFE, 0x97, 0xFE,
    0xBA, 0xFE, 0xBD, 0xFF, 0x8D, 0xDC, 0x2D, 0xE4, 0x73, 0xBC, 0x27, 0x31, 0xE6, 0x20, 0xE6, 0x18,
    0xC5, 0x18, 0xA5, 0x10, 0xA5, 0x10, 0x85, 0x08, 0x85, 0x08, 0x85, 0x08, 0x84, 0x08, 0x84, 0x08,
    0x84, 0x08, 0xA4, 0x10, 0xC4, 0x18, 0x04, 0x29, 0x64, 0x39, 0xA5, 0x49, 0xC6, 0x82, 0x0B, 0xD5,
    0xEE, 0xF5, 0xF1, 0xFD, 0x51, 0xFD, 0xCE, 0xE4, 0xA6, 0x82, 0x84, 0x49, 0x44, 0x39, 0xE3, 0x28,
    0xC3, 0x18, 0x83, 0x10, 0x63, 0x08, 0x63, 0x00, 0x43, 0x00, 0x43, 0x00, 0x43, 0x00, 0x43, 0x00,
    0x43, 0x00, 0x43, 0x00, 0x43, 0x00, 0x43, 0x00, 0x43, 0x00, 0x43, 0x00, 0x43, 0x00, 0x43, 0x00,
    0x63, 0x08, 0x83, 0x10, 0xA3, 0x18, 0xC3, 0x20, 0x04, 0x29, 0x64, 0x39, 0x64, 0x41, 0x64, 0x49,
    0xE5, 0x59, 0xC5, 0x51, 0x64, 0x49, 0x64, 0x41, 0x44, 0x31, 0x04, 0x29, 0xC4, 0x20, 0xA4, 0x18,
    0xA4, 0x10, 0x84, 0x08, 0x84, 0x10, 0xC4, 0x18, 0xE4, 0x28, 0xE4, 0x28, 0xE5, 0x18, 0xA4, 0x10,
    0xA5, 0x08, 0x85, 0x10, 0xA5, 0x10, 0xC5, 0x18, 0xE5, 0x18, 0xE5, 0x20, 0x86, 0x39, 0xAD, 0xD5,
    0x08, 0xED, 0x07, 0xF5, 0x88, 0xEC, 0xCC, 0xFD, 0xCC, 0xFD, 0xCC, 0xFD, 0x2D, 0xFE, 0x4D, 0xFE,
    0x8E, 0xFE, 0xAF, 0xFE, 0xAF, 0xFE, 0xF0, 0xFE, 0x10, 0xFF, 0x96, 0xFF, 0x96, 0xFF, 0x72, 0xFF,
    0x95, 0xFF, 0x96, 0xFF, 0xB6, 0xFF, 0xB7, 0xFF, 0xD8, 0xFF, 0x76, 0xF7, 0xF4, 0xEE, 0xF8, 0xFF,
    0xF8, 0xFF, 0xD8, 0xFF, 0xD8, 0xFF, 0xD7, 0xFF, 0xD7, 0xFF, 0xD7, 0xFF, 0xB6, 0xFF, 0x94, 0xFF,
    0xD5, 0xFF, 0xB5, 0xFF, 0x94, 0xFF, 0x74, 0xFF, 0x53, 0xFF, 0x53, 0xFF, 0x12, 0xFF, 0xF0, 0xFE,
    0x8F, 0xFE, 0x8C, 0xFD, 0xCA, 0xFC, 0x09, 0xEC, 0x68, 0xE3, 0xA7, 0xD2, 0x28, 0xCA, 0x6B, 0xDA,
    0xED, 0xE2, 0x0E, 0xEB, 0x6F, 0xEB, 0xB0, 0xF3, 0x90, 0xF3, 0x8B, 0xEC, 0x66, 0xD4, 0x49, 0xE5,
    0x05, 0xBC, 0x21, 0x92, 0xE3, 0xA2, 0x64, 0xB3, 0xE8, 0xD4, 0x96, 0xFF, 0x18, 0xFE, 0xDB, 0xFD,
    0x1B, 0xFE, 0x1C, 0xFE, 0xFB, 0xFD, 0xFB, 0xFD, 0xFA, 0xFD, 0xBA, 0xFD, 0x9A, 0xFD, 0x7A, 0xFD,
    0x59, 0xFD, 0x39, 0xF5, 0x18, 0xF5, 0x18, 0xF5, 0xF7, 0xF4, 0x17, 0xFD, 0x56, 0xFD, 0xB8, 0xFD,
    0x39, 0xFE, 0x7D, 0xFF, 0x5C, 0xFF, 0xCF, 0xAB, 0x87, 0x41, 0x26, 0x29, 0x06, 0x29, 0xE6, 0x20,
    0xC5, 0x18, 0xA5, 0x10, 0xA5, 0x10, 0xA5, 0x08, 0x85, 0x08, 0x85, 0x08, 0x85, 0x08, 0xA5, 0x08,
    0xA5, 0x10, 0xA5, 0x10, 0xC5, 0x18, 0xE4, 0x20, 0x24, 0x31, 0x65, 0x41, 0xA5, 0x49, 0xA4, 0x51,
    0x66, 0x72, 0x6A, 0x93, 0x29, 0x8B, 0xE5, 0x59, 0x84, 0x49, 0x44, 0x39, 0x04, 0x29, 0xC3, 0x20,
    0x83, 0x10, 0x63, 0x08, 0x63, 0x00, 0x43, 0x00, 0x43, 0x00, 0x43, 0x00, 0x43, 0x00, 0x43, 0x00,
    0x43, 0x00, 0x43, 0x00, 0x43, 0x00, 0x43, 0x00, 0x43, 0x00, 0x43, 0x00, 0x43, 0x00, 0x63, 0x00,
    0x83, 0x08, 0x83, 0x10, 0xA3, 0x10, 0xA3, 0x18, 0xC3, 0x20, 0xE4, 0x28, 0x04, 0x31, 0x24, 0x31,
    0x24, 0x31, 0x44, 0x31, 0x44, 0x31, 0x24, 0x31, 0xE4, 0x28, 0xC4, 0x18, 0xA4, 0x18, 0xA4, 0x10,
    0xA4, 0x10, 0x84, 0x10, 0x84, 0x08, 0x84, 0x10, 0xA5, 0x10, 0xA5, 0x10, 0xA4, 0x10, 0xA5, 0x08,
    0xA5, 0x10, 0xA5, 0x10, 0xA5, 0x10, 0xC5, 0x18, 0xE5, 0x18, 0x26, 0x29, 0xE4, 0x28, 0xAA, 0x8B,
    0xEB, 0xF5, 0x49, 0xED, 0x33, 0xFF, 0x72, 0xFF, 0x6E, 0xFE, 0x4E, 0xFE, 0x2D, 0xDD, 0x0C, 0xBC,
    0x0D, 0xBC, 0xCE, 0xED, 0xEF, 0xFE, 0xF0, 0xFE, 0x31, 0xFF, 0x95, 0xFF, 0x95, 0xFF, 0x94, 0xFF,
    0xB6, 0xFF, 0xB7, 0xFF, 0xD7, 0xFF, 0xD9, 0xFF, 0xFC, 0xFF, 0xFB, 0xFF, 0xFA, 0xFF, 0xD8, 0xFF,
    0xD8, 0xFF, 0xF8, 0xFF, 0xF8, 0xFF, 0xD8, 0xFF, 0xD8, 0xFF, 0xD7, 0xFF, 0xD7, 0xFF, 0xD6, 0xFF,
    0xB5, 0xFF, 0xB5, 0xFF, 0xB5, 0xFF, 0x94, 0xFF, 0x74, 0xFF, 0x53, 0xFF, 0x32, 0xFF, 0x11, 0xFF,
    0xAF, 0xFE, 0xCD, 0xFD, 0x2B, 0xFD, 0xCA, 0xF4, 0x69, 0xF4, 0x29, 0xEC, 0xA8, 0xE3, 0xC8, 0xDA,
    0xCB, 0xDA, 0x4F, 0xEB, 0xB0, 0xF3, 0xF1, 0xFB, 0x12, 0xFC, 0x6E, 0xF4, 0xA6, 0xDC, 0x87, 0xDC,
    0x26, 0xC4, 0x01, 0x8A, 0x42, 0x92, 0x03, 0xAB, 0xE5, 0xC3, 0x12, 0xF7, 0x17, 0xFE, 0x79, 0xFD,
    0xFB, 0xFD, 0xFB, 0xFD, 0xFB, 0xFD, 0xDB, 0xFD, 0xB7, 0xF6, 0x78, 0xFE, 0x7A, 0xFD, 0x7A, 0xFD,
    0x5A, 0xF5, 0x59, 0xF5, 0x19, 0xF5, 0xF8, 0xF4, 0xF7, 0xF4, 0xF7, 0xF4, 0x17, 0xF5, 0x58, 0xFD,
    0xD9, 0xFD, 0x7A, 0xFE, 0xFF, 0xFF, 0x30, 0x94, 0x46, 0x41, 0x87, 0x39, 0x26, 0x29, 0x06, 0x21,
    0xC6, 0x18, 0xC5, 0x10, 0xA5, 0x10, 0xA5, 0x10, 0xA5, 0x08, 0xA5, 0x08, 0xC6, 0x10, 0xE6, 0x10,
    0x07, 0x11, 0x06, 0x11, 0xE6, 0x18, 0xE5, 0x18, 0x05, 0x21, 0x25, 0x29, 0x45, 0x39, 0x85, 0x41,
    0x64, 0x41, 0x44, 0x39, 0x44, 0x39, 0x44, 0x39, 0x24, 0x39, 0xE4, 0x28, 0xC3, 0x18, 0xA3, 0x18,
    0x83, 0x10, 0x63, 0x08, 0x64, 0x08, 0x43, 0x00, 0x43, 0x00, 0x43, 0x00, 0x43, 0x00, 0x43, 0x00,
    0x43, 0x00, 0x43, 0x00, 0x43, 0x00, 0x43, 0x00, 0x43, 0x00, 0x43, 0x00, 0x63, 0x00, 0x83, 0x08,
    0xA3, 0x10, 0x44, 0x31, 0x24, 0x31, 0xA3, 0x18, 0xA3, 0x18, 0xC3, 0x18, 0xC3, 0x18, 0xE3, 0x20,
    0xE4, 0x20, 0xE4, 0x20, 0xE4, 0x20, 0xE4, 0x20, 0xC4, 0x18, 0xC4, 0x18, 0xC4, 0x18, 0xC4, 0x18,
    0xC4, 0x18, 0xA4, 0x18, 0xA4, 0x10, 0xA5, 0x08, 0x84, 0x08, 0x85, 0x08, 0xA5, 0x08, 0xA5, 0x08,
    0xA5, 0x10, 0xA5, 0x10, 0xC5, 0x18, 0xE5, 0x18, 0x06, 0x21, 0x26, 0x29, 0x66, 0x39, 0xE6, 0x51,
    0x6D, 0xCD, 0x76, 0xFF, 0xF9, 0xFF, 0x31, 0xFF, 0x6F, 0xFE, 0x0D, 0xBC, 0xCA, 0x81, 0xCA, 0x81,
    0x69, 0x79, 0x4B, 0xC4, 0x30, 0xFF, 0xF0, 0xFE, 0x51, 0xFF, 0x72, 0xFF, 0xB5, 0xFF, 0xD9, 0xFF,
    0xD8, 0xFF, 0xD8, 0xFF, 0xD9, 0xFF, 0xFE, 0xFF, 0xFF, 0xFF, 0xFE, 0xFF, 0xFA, 0xFF, 0xF9, 0xFF,
    0xF9, 0xFF, 0xF9, 0xFF, 0xF9, 0xFF, 0xF9, 0xFF, 0xF8, 0xFF, 0xD8, 0xFF, 0xD7, 0xFF, 0xD7, 0xFF,
    0xD7, 0xFF, 0xB6, 0xFF, 0xB5, 0xFF, 0xB5, 0xFF, 0x94, 0xFF, 0x73, 0xFF, 0x52, 0xFF, 0x11, 0xFF,
    0xD0, 0xFE, 0x4E, 0xFE, 0x8C, 0xFD, 0x0B, 0xFD, 0xAA, 0xF4, 0x69, 0xEC, 0x29, 0xEC, 0x09, 0xF4,
    0x69, 0xE3, 0x2D, 0xEB, 0x11, 0xFC, 0x32, 0xFC, 0x53, 0xFC, 0x90, 0xF4, 0xE7, 0xE4, 0x25, 0xCC,
    0xE5, 0xC3, 0xC1, 0x81, 0xC2, 0xA2, 0xA4, 0xC3, 0x44, 0xBB, 0x4E, 0xEE, 0x56, 0xF6, 0x18, 0xF5,
    0xBA, 0xFD, 0xDA, 0xFD, 0xDA, 0xFD, 0xBB, 0xFD, 0x35, 0xF6, 0x31, 0xFF, 0x36, 0xFE, 0x7A, 0xFD,
    0x5A, 0xFD, 0x39, 0xF5, 0x18, 0xF5, 0xF8, 0xF4, 0xD7, 0xF4, 0x56, 0xF5, 0x37, 0xF5, 0x18, 0xF5,
    0x79, 0xFD, 0xF9, 0xFD, 0x3C, 0xFF, 0x7D, 0xF7, 0x49, 0x62, 0xA7, 0x41, 0x47, 0x31, 0x06, 0x29,
    0xE6, 0x20, 0xC6, 0x18, 0xA6, 0x10, 0xA6, 0x10, 0xC6, 0x10, 0xE6, 0x10, 0x28, 0x11, 0x69, 0x19,
    0xAA, 0x19, 0xAA, 0x19, 0x69, 0x19, 0x27, 0x19, 0x05, 0x19, 0x05, 0x21, 0x05, 0x29, 0x04, 0x29,
    0x25, 0x31, 0x24, 0x31, 0x04, 0x29, 0x04, 0x29, 0xE4, 0x20, 0xC3, 0x18, 0xA3, 0x10, 0x83, 0x10,
    0x84, 0x10, 0x84, 0x10, 0x64, 0x10, 0x64, 0x10, 0x43, 0x00, 0x43, 0x00, 0x43, 0x00, 0x43, 0x00,
    0x43, 0x00, 0x43, 0x00, 0x43, 0x00, 0x43, 0x00, 0x43, 0x00, 0x43, 0x00, 0x63, 0x00, 0xA3, 0x10,
    0x41, 0x10, 0xE9, 0x93, 0xC7, 0x72, 0x41, 0x10, 0xC3, 0x18, 0x83, 0x10, 0x83, 0x10, 0xA3, 0x10,
    0xA4, 0x18, 0xA4, 0x18, 0xA4, 0x18, 0xC4, 0x18, 0xC4, 0x18, 0xE4, 0x20, 0x04, 0x29, 0x04, 0x29,
    0xE4, 0x28, 0x05, 0x21, 0xC5, 0x18, 0xA5, 0x10, 0xA5, 0x10, 0xA5, 0x08, 0xA5, 0x08, 0xA5, 0x10,
    0xA5, 0x10, 0xA5, 0x10, 0xC5, 0x18, 0xE6, 0x20, 0x06, 0x29, 0x46, 0x31, 0xC6, 0x49, 0xE5, 0x59,
    0xEF, 0xB4, 0xFE, 0xFF, 0x74, 0xFF, 0xEF, 0xFE, 0x2C, 0xC4, 0x07, 0x71, 0x08, 0x92, 0xE8, 0xA2,
    0xA9, 0xB3, 0x4F, 0xF6, 0xF0, 0xFE, 0x11, 0xFF, 0x52, 0xFF, 0x93, 0xFF, 0xD9, 0xFF, 0xFB, 0xFF,
    0xD9, 0xFF, 0xD8, 0xFF, 0xFB, 0xFF, 0xFF, 0xFF, 0xFF, 0xFF, 0xFE, 0xFF, 0xFB, 0xFF, 0xFA, 0xFF,
    0xF9, 0xFF, 0xF9, 0xFF, 0xF9, 0xFF, 0xF9, 0xFF, 0xF9, 0xFF, 0xF9, 0xFF, 0xF8, 0xFF, 0xD7, 0xFF,
    0xD7, 0xFF, 0xD6, 0xFF, 0xB6, 0xFF, 0xB5, 0xFF, 0x94, 0xFF, 0x73, 0xFF, 0x52, 0xFF, 0x32, 0xFF,
    0xF1, 0xFE, 0xAF, 0xFE, 0xED, 0xFD, 0x6C, 0xFD, 0xEB, 0xF4, 0xAA, 0xF4, 0x69, 0xF4, 0x4A, 0xF4,
    0x4B, 0xFC, 0xAB, 0xEB, 0xF0, 0xF3, 0x93, 0xFC, 0x93, 0xFC, 0xB1, 0xFC, 0x08, 0xED, 0xE5, 0xCB,
    0xC5, 0xBB, 0xC1, 0x81, 0xA3, 0x9A, 0x05, 0xCC, 0x23, 0xBB, 0xCC, 0xE5, 0x74, 0xF6, 0xD6, 0xF4,
    0x79, 0xFD, 0x99, 0xFD, 0xBA, 0xFD, 0x9A, 0xFD, 0x76, 0xFE, 0xAD, 0xFE, 0x6D, 0xF6, 0x93, 0xF6,
    0xB6, 0xF5, 0x39, 0xF5, 0x18, 0xF5, 0xF8, 0xF4, 0xD8, 0xF4, 0x73, 0xED, 0xF2, 0xED, 0xF7, 0xF4,
    0x18, 0xF5, 0x99, 0xFD, 0x3A, 0xFE, 0xFF, 0xFF, 0x13, 0xAD, 0xA7, 0x49, 0xA8, 0x41, 0x27, 0x29,
    0xE6, 0x20, 0xC6, 0x18, 0xC6, 0x10, 0xE6, 0x10, 0x07, 0x11, 0x48, 0x19, 0xCB, 0x21, 0x0C, 0x22,
    0x19, 0x9E, 0x16, 0x75, 0xEB, 0x19, 0xA9, 0x21, 0x27, 0x19, 0x06, 0x19, 0x06, 0x19, 0xC8, 0x29,
    0xE5, 0x20, 0xC4, 0x18, 0xC4, 0x18, 0xA4, 0x18, 0xA4, 0x18, 0x83, 0x10, 0x83, 0x10, 0x84, 0x10,
    0x64, 0x18, 0xE7, 0x38, 0x07, 0x39, 0x44, 0x10, 0x64, 0x08, 0x43, 0x00, 0x43, 0x00, 0x43, 0x00,
    0x43, 0x00, 0x43, 0x00, 0x43, 0x00, 0x43, 0x00, 0x43, 0x00, 0x43, 0x00, 0x63, 0x00, 0xC3, 0x18,
    0x69, 0x83, 0xD1, 0xFE, 0x2E, 0xEE, 0xC7, 0x72, 0xC3, 0x18, 0x83, 0x10, 0x63, 0x08, 0x83, 0x08,
    0x84, 0x10, 0x84, 0x10, 0xA4, 0x18, 0xC4, 0x18, 0x04, 0x29, 0x44, 0x31, 0x64, 0x41, 0x26, 0x5A,
    0x26, 0x5A, 0x65, 0x39, 0x25, 0x29, 0xE5, 0x20, 0xC5, 0x18, 0xA5, 0x10, 0xA5, 0x10, 0xA5, 0x10,
    0xA5, 0x10, 0xC5, 0x18, 0xE6, 0x18, 0x06, 0x21, 0x26, 0x31, 0x86, 0x41, 0x06, 0x5A, 0xC7, 0x7A,
    0x5A, 0xEF, 0xFA, 0xFF, 0xF0, 0xFE, 0x8F, 0xFE, 0x0A, 0xC4, 0xEA, 0xC3, 0x0E, 0xFE, 0x8F, 0xFE,
    0xCF, 0xFE, 0xCF, 0xFE, 0xF0, 0xFE, 0x31, 0xFF, 0x52, 0xFF, 0x93, 0xFF, 0xB5, 0xFF, 0xD7, 0xFF,
    0xD8, 0xFF, 0xD9, 0xFF, 0xDB, 0xFF, 0xFE, 0xFF, 0xFE, 0xFF, 0xFC, 0xFF, 0xFA, 0xFF, 0xFA, 0xFF,
    0xFA, 0xFF, 0xFA, 0xFF, 0xFA, 0xFF, 0xF9, 0xFF, 0xF9, 0xFF, 0xF9, 0xFF, 0xF8, 0xFF, 0xD8, 0xFF,
    0xD7, 0xFF, 0xD7, 0xFF, 0xB5, 0xFF, 0x95, 0xFF, 0x94, 0xFF, 0x74, 0xFF, 0x73, 0xFF, 0x32, 0xFF,
    0x11, 0xFF, 0xD0, 0xFE, 0x6F, 0xFE, 0xAC, 0xFD, 0x2B, 0xFD, 0xEA, 0xF4, 0xAA, 0xF4, 0x8A, 0xF4,
    0x8B, 0xFC, 0x6B, 0xFC, 0xED, 0xF3, 0xB3, 0xFC, 0xD4, 0xFC, 0xD1, 0xFC, 0x29, 0xED, 0xE5, 0xCB,
    0x64, 0xBB, 0xE2, 0x89, 0xC1, 0x89, 0x28, 0xD5, 0xE7, 0xD4, 0x4B, 0xDD, 0x32, 0xF6, 0x74, 0xEC,
    0x38, 0xF5, 0x59, 0xFD, 0x7A, 0xFD, 0x56, 0xF5, 0x0B, 0xE5, 0x27, 0xED, 0x0B, 0xFE, 0xAB, 0xED,
    0xD2, 0xE4, 0x39, 0xFD, 0x18, 0xF5, 0xF8, 0xF4, 0xD8, 0xEC, 0x34, 0xED, 0xAB, 0xED, 0x70, 0xED,
    0x17, 0xF5, 0x39, 0xFD, 0xDA, 0xFD, 0x3D, 0xFF, 0x7D, 0xF7, 0xAB, 0x6A, 0xC8, 0x49, 0x68, 0x31,
    0x07, 0x21, 0xE6, 0x20, 0xE7, 0x18, 0x07, 0x19, 0x49, 0x19, 0xAA, 0x19, 0x0C, 0x1A, 0xD2, 0x4B,
    0xFF, 0xE7, 0x5E, 0xB7, 0x0F, 0x33, 0xEB, 0x21, 0x69, 0x19, 0x27, 0x19, 0x27, 0x19, 0x8B, 0x32,
    0xC5, 0x10, 0xA4, 0x10, 0x84, 0x10, 0x84, 0x10, 0x83, 0x10, 0x63, 0x08, 0x63, 0x10, 0x84, 0x18,
    0xE7, 0x30, 0x14, 0xB4, 0x35, 0xC4, 0xE6, 0x38, 0x64, 0x10, 0x43, 0x00, 0x43, 0x00, 0x43, 0x00,
    0x43, 0x00, 0x43, 0x00, 0x43, 0x00, 0x43, 0x00, 0x43, 0x00, 0x43, 0x00, 0x63, 0x08, 0xA3, 0x18,
    0x23, 0x31, 0xAA, 0xB4, 0x09, 0xA4, 0x23, 0x31, 0xA3, 0x18, 0x63, 0x08, 0x63, 0x00, 0x63, 0x08,
    0x63, 0x08, 0x84, 0x10, 0xC4, 0x18, 0x04, 0x29, 0x64, 0x39, 0xC5, 0x51, 0x04, 0x62, 0x72, 0xDE,
    0x0F, 0xDE, 0xE4, 0x61, 0xA5, 0x49, 0x45, 0x31, 0x05, 0x21, 0xE5, 0x18, 0xC5, 0x10, 0xA5, 0x10,
    0xC5, 0x18, 0xC6, 0x18, 0xE6, 0x20, 0x06, 0x29, 0x66, 0x39, 0xE7, 0x51, 0x26, 0x62, 0xF0, 0xB4,
    0xFD, 0xFF, 0x73, 0xFF, 0x8E, 0xFE, 0x0D, 0xF6, 0x2E, 0xFE, 0x4E, 0xFE, 0x2E, 0xF6, 0x4E, 0xF6,
    0x6F, 0xF6, 0xCF, 0xFE, 0xF0, 0xFE, 0x31, 0xFF, 0x72, 0xFF, 0x94, 0xFF, 0xB6, 0xFF, 0xD6, 0xFF,
    0xD8, 0xFF, 0xD9, 0xFF, 0xFA, 0xFF, 0xFC, 0xFF, 0xFB, 0xFF, 0xFA, 0xFF, 0xFA, 0xFF, 0xFA, 0xFF,
    0xFA, 0xFF, 0xFA, 0xFF, 0xFA, 0xFF, 0xFA, 0xFF, 0xF9, 0xFF, 0xF9, 0xFF, 0xD8, 0xFF, 0xD8, 0xFF,
    0xD8, 0xFF, 0xF7, 0xFF, 0xF7, 0xFF, 0xF6, 0xFF, 0xF5, 0xFF, 0x94, 0xFF, 0x53, 0xFF, 0x52, 0xFF,
    0x11, 0xFF, 0xF0, 0xFE, 0xAF, 0xFE, 0x0E, 0xFE, 0x8C, 0xFD, 0x2B, 0xFD, 0xEB, 0xF4, 0xCA, 0xF4,
    0xAB, 0xFC, 0xCC, 0xFC, 0x6C, 0xFC, 0x50, 0xF4, 0xF4, 0xFC, 0xF1, 0xFC, 0x29, 0xED, 0xE5, 0xCB,
    0x64, 0xBB, 0xC1, 0x81, 0x63, 0x92, 0x8B, 0xF6, 0xA9, 0xE5, 0xE9, 0xD4, 0xAF, 0xED, 0x33, 0xE4,
    0xD8, 0xF4, 0x38, 0xF5, 0x59, 0xFD, 0x37, 0xF5, 0x92, 0xEC, 0x2C, 0xDC, 0x46, 0xD4, 0x2B, 0xED,
    0x38, 0xF5, 0x39, 0xF5, 0x18, 0xF5, 0xF8, 0xEC, 0xD8, 0xEC, 0xCF, 0xDC, 0x27, 0xDC, 0xC8, 0xE4,
    0x53, 0xED, 0xF9, 0xF4, 0xBA, 0xFD, 0x7B, 0xFE, 0xFF, 0xFF, 0xD3, 0xA4, 0xA8, 0x49, 0x88, 0x39,
    0x27, 0x29, 0x07, 0x21, 0x07, 0x19, 0x48, 0x19, 0x2C, 0x2A, 0xD2, 0x5B, 0xB5, 0x64, 0xDC, 0xB6,
    0xFF, 0xEF, 0xDF, 0xB7, 0xFA, 0x7D, 0x33, 0x5C, 0x0F, 0x3B, 0x89, 0x19, 0x06, 0x11, 0x84, 0x08,
    0xA5, 0x10, 0x84, 0x10, 0x84, 0x08, 0x84, 0x08, 0x63, 0x08, 0x63, 0x08, 0x83, 0x10, 0x84, 0x18,
    0x48, 0x41, 0x77, 0xD4, 0x57, 0xDC, 0x28, 0x41, 0x64, 0x10, 0x63, 0x08, 0x43, 0x00, 0x43, 0x00,
    0x43, 0x00, 0x43, 0x00, 0x43, 0x00, 0x43, 0x00, 0x43, 0x00, 0x43, 0x00, 0x43, 0x00, 0x83, 0x08,
    0x42, 0x08, 0xC5, 0x49, 0x64, 0x39, 0x63, 0x08, 0x83, 0x08, 0x63, 0x00, 0x63, 0x00, 0x63, 0x08,
    0x83, 0x08, 0xA4, 0x18, 0x04, 0x21, 0x44, 0x39, 0xA4, 0x51, 0xE4, 0x61, 0xE8, 0xA3, 0xF9, 0xFF,
    0x50, 0xFF, 0x66, 0x9B, 0xE5, 0x59, 0xA5, 0x49, 0x65, 0x39, 0x25, 0x29, 0xE5, 0x18, 0xC5, 0x18,
    0xC5, 0x18, 0xE6, 0x18, 0x06, 0x21, 0x26, 0x31, 0x87, 0x41, 0x27, 0x5A, 0xE8, 0x82, 0x3A, 0xEF,
    0xF9, 0xFF, 0xCF, 0xFE, 0x2D, 0xFE, 0xED, 0xF5, 0xED, 0xF5, 0x0D, 0xF6, 0x2E, 0xF6, 0x4E, 0xF6,
    0x8F, 0xFE, 0xD0, 0xFE, 0x10, 0xFF, 0x31, 0xFF, 0x52, 0xFF, 0xB6, 0xFF, 0xFE, 0xFF, 0xD9, 0xFF,
    0xD7, 0xFF, 0xD8, 0xFF, 0xD9, 0xFF, 0xFA, 0xFF, 0xFA, 0xFF, 0xFA, 0xFF, 0xFA, 0xFF, 0xFA, 0xFF,
    0xFA, 0xFF, 0xFA, 0xFF, 0xFA, 0xFF, 0xFA, 0xFF, 0xF9, 0xFF, 0xF9, 0xFF, 0xF8, 0xFF, 0xD8, 0xFF,
    0xF8, 0xFF, 0x56, 0xF7, 0x91, 0xD5, 0x10, 0xCD, 0x52, 0xE6, 0xD5, 0xFF, 0x94, 0xFF, 0x52, 0xFF,
    0x31, 0xFF, 0xF0, 0xFE, 0xD0, 0xFE, 0x6F, 0xFE, 0xED, 0xFD, 0x6C, 0xFD, 0x2B, 0xFD, 0x0B, 0xFD,
    0xEB, 0xFC, 0xEC, 0xFC, 0xCC, 0xFC, 0x4D, 0xF4, 0xB4, 0xFC, 0x10, 0xFD, 0x28, 0xED, 0xE5, 0xCB,
    0x24, 0xB3, 0x02, 0x92, 0xC1, 0x89, 0xC5, 0xBB, 0xC5, 0xC3, 0xA8, 0xD4, 0x0C, 0xE5, 0xF2, 0xDB,
    0xB7, 0xEC, 0xF7, 0xF4, 0x18, 0xF5, 0x39, 0xFD, 0x7A, 0xFD, 0x9B, 0xFD, 0x6F, 0xDC, 0x09, 0xD4,
    0x78, 0xFD, 0x39, 0xF5, 0x18, 0xF5, 0xF8, 0xEC, 0xD8, 0xEC, 0x74, 0xE4, 0x8B, 0xD3, 0xE7, 0xDB,
    0xD4, 0xEC, 0xF9, 0xF4, 0x7A, 0xF5, 0x1B, 0xFE, 0x9E, 0xFF, 0xFB, 0xE6, 0x29, 0x5A, 0xA8, 0x41,
    0x48, 0x31, 0x07, 0x21, 0x27, 0x21, 0x28, 0x19, 0x33, 0x64, 0xFF, 0xD7, 0xFF, 0xE7, 0xFF, 0xE7,
    0xFF, 0xCF, 0xFF, 0xB7, 0xFF, 0xAF, 0xDF, 0xB7, 0x3F, 0xAF, 0xCE, 0x3A, 0xC6, 0x10, 0xC5, 0x10,
    0xA4, 0x10, 0x84, 0x10, 0x84, 0x10, 0x84, 0x10, 0x84, 0x10, 0x83, 0x10, 0x83, 0x10, 0xA4, 0x18,
    0x64, 0x18, 0x48, 0x49, 0x69, 0x51, 0x43, 0x10, 0x64, 0x10, 0x43, 0x00, 0x43, 0x00, 0x43, 0x00,
    0x43, 0x00, 0x63, 0x00, 0x43, 0x00, 0x43, 0x00, 0x43, 0x00, 0x43, 0x00, 0x43, 0x00, 0x43, 0x00,
    0x63, 0x08, 0x63, 0x10, 0x83, 0x08, 0x63, 0x08, 0x43, 0x00, 0x43, 0x00, 0x64, 0x00, 0x64, 0x08,
    0x84, 0x10, 0xC4, 0x18, 0x04, 0x31, 0x46, 0x62, 0xC8, 0x9B, 0xAA, 0xB4, 0xF4, 0xEE, 0xFB, 0xFF,
    0xB0, 0xFF, 0xCA, 0xE5, 0xC8, 0xA3, 0x07, 0x83, 0xE6, 0x51, 0x46, 0x31, 0x06, 0x21, 0xC6, 0x18,
    0xC6, 0x18, 0xE6, 0x20, 0x06, 0x29, 0x66, 0x39, 0xE7, 0x49, 0x26, 0x62, 0xAF, 0xAC, 0xFF, 0xFF,
    0x74, 0xFF, 0x6D, 0xFE, 0x0D, 0xF6, 0xCC, 0xF5, 0xCC, 0xF5, 0xED, 0xF5, 0x2E, 0xF6, 0x4E, 0xF6,
    0x8F, 0xFE, 0xD0, 0xFE, 0x10, 0xFF, 0x31, 0xFF, 0x52, 0xFF, 0xB5, 0xFF, 0xFA, 0xFF, 0xD7, 0xFF,
    0xD7, 0xFF, 0xD8, 0xFF, 0xD8, 0xFF, 0xD9, 0xFF, 0xF9, 0xFF, 0xF9, 0xFF, 0xF9, 0xFF, 0xF9, 0xFF,
    0xFA, 0xFF, 0xFA, 0xFF, 0xFA, 0xFF, 0xF9, 0xFF, 0xF9, 0xFF, 0xF9, 0xFF, 0xF8, 0xFF, 0xD7, 0xFF,
    0xF8, 0xFF, 0x0D, 0xB4, 0x4B, 0x9A, 0xAD, 0xA2, 0xAC, 0x9A, 0xED, 0xB3, 0x13, 0xF7, 0x93, 0xFF,
    0x11, 0xFF, 0xF0, 0xFE, 0xD0, 0xFE, 0x8F, 0xFE, 0x4E, 0xFE, 0xCD, 0xFD, 0x6C, 0xFD, 0x4C, 0xFD,
    0x2C, 0xFD, 0x2C, 0xFD, 0x0C, 0xFD, 0x8C, 0xFC, 0x72, 0xFC, 0x2F, 0xFD, 0x28, 0xED, 0xE5, 0xCB,
    0xE3, 0xB2, 0x01, 0x92, 0x62, 0xAA, 0x24, 0xBB, 0x64, 0xC3, 0x88, 0xDC, 0x29, 0xDC, 0xF2, 0xDB,
    0x76, 0xEC, 0xB7, 0xEC, 0xF8, 0xF4, 0x38, 0xF5, 0x38, 0xF5, 0x59, 0xF5, 0x59, 0xFD, 0x91, 0xE4,
    0x37, 0xF5, 0x39, 0xF5, 0x18, 0xF5, 0xD8, 0xEC, 0xB8, 0xEC, 0xD8, 0xEC, 0x56, 0xE4, 0x8A, 0xD3,
    0xB3, 0xE4, 0xD9, 0xEC, 0x59, 0xF5, 0xDB, 0xFD, 0xBC, 0xFE, 0xFF, 0xFF, 0x6E, 0x83, 0xA8, 0x49,
    0x88, 0x39, 0x27, 0x29, 0x28, 0x21, 0x89, 0x21, 0x6D, 0x2A, 0xBB, 0x7D, 0x7F, 0xA7, 0xDE, 0xB7,
    0xFF, 0xB7, 0xFF, 0xAF, 0x3F, 0x9F, 0x7F, 0x96, 0xB7, 0x6C, 0xCA, 0x21, 0x07, 0x19, 0xC5, 0x10,
    0xA4, 0x10, 0xA4, 0x18, 0xA4, 0x18, 0xA4, 0x18, 0xA4, 0x18, 0xA4, 0x18, 0xA3, 0x18, 0xA4, 0x18,
    0xA4, 0x18, 0x84, 0x18, 0x84, 0x18, 0x84, 0x10, 0x43, 0x08, 0x43, 0x00, 0x43, 0x00, 0x43, 0x00,
    0x63, 0x00, 0x43, 0x00, 0x43, 0x00, 0x43, 0x00, 0x43, 0x00, 0x43, 0x00, 0x43, 0x00, 0x43, 0x00,
    0x43, 0x00, 0x43, 0x00, 0x43, 0x00, 0x43, 0x00, 0x43, 0x00, 0x63, 0x00, 0x64, 0x00, 0x64, 0x08,
    0x84, 0x10, 0xE4, 0x20, 0x23, 0x31, 0x8C, 0xCD, 0xF6, 0xFF, 0xFB, 0xFF, 0xFC, 0xFF, 0xF6, 0xFF,
    0xD0, 0xFF, 0x6E, 0xFF, 0x2E, 0xFF, 0x8D, 0xFE, 0xAA, 0xC4, 0x65, 0x39, 0x06, 0x29, 0xE6, 0x18,
    0xE6, 0x20, 0x06, 0x21, 0x26, 0x29, 0x87, 0x41, 0x07, 0x5A, 0xA7, 0x72, 0xB9, 0xE6, 0xFC, 0xFF,
    0xF0, 0xFE, 0x2D, 0xF6, 0xCC, 0xFD, 0xCA, 0xEC, 0xC8, 0xCB, 0xE9, 0xCB, 0x2C, 0xED, 0x4E, 0xFE,
    0x8F, 0xFE, 0xD0, 0xFE, 0x10, 0xFF, 0x31, 0xFF, 0x52, 0xFF, 0x93, 0xFF, 0xB4, 0xFF, 0xB5, 0xFF,
    0xD6, 0xFF, 0xD7, 0xFF, 0xD8, 0xFF, 0xD8, 0xFF, 0xF9, 0xFF, 0xF9, 0xFF, 0xF9, 0xFF, 0xF9, 0xFF,
    0xF9, 0xFF, 0xF9, 0xFF, 0xF9, 0xFF, 0xF9, 0xFF, 0xF9, 0xFF, 0xF8, 0xFF, 0xF8, 0xFF, 0xD7, 0xFF,
    0xF7, 0xFF, 0x32, 0xDE, 0xEA, 0x9A, 0x08, 0x8A, 0xC9, 0x89, 0xEA, 0x91, 0xEA, 0x9A, 0xF2, 0xF6,
    0x51, 0xFF, 0xF0, 0xFE, 0xD0, 0xFE, 0x8F, 0xFE, 0x6F, 0xFE, 0x2E, 0xFE, 0xAD, 0xFD, 0x8D, 0xFD,
    0x6C, 0xFD, 0x4D, 0xFD, 0x4C, 0xFD, 0xCC, 0xFC, 0x50, 0xFC, 0x8D, 0xF5, 0x07, 0xE5, 0xC5, 0xCB,
    0xA2, 0xAA, 0xE1, 0x99, 0x06, 0xC4, 0x49, 0xE5, 0xC5, 0xCB, 0xC6, 0xD3, 0x88, 0xD3, 0xF3, 0xDB,
    0x55, 0xE4, 0x96, 0xEC, 0xD7, 0xF4, 0x18, 0xF5, 0x38, 0xF5, 0x38, 0xF5, 0x39, 0xF5, 0x59, 0xFD,
    0x18, 0xF5, 0x19, 0xF5, 0xF8, 0xF4, 0xD8, 0xEC, 0xD8, 0xEC, 0x97, 0xE4, 0x98, 0xEC, 0x13, 0xDC,
    0x75, 0xE4, 0xD8, 0xEC, 0x19, 0xF5, 0x9A, 0xF5, 0x1B, 0xF6, 0xDF, 0xFF, 0x55, 0xB5, 0xA8, 0x49,
    0xA9, 0x41, 0x48, 0x29, 0x48, 0x21, 0x69, 0x21, 0x0B, 0x2A, 0x10, 0x3B, 0x7D, 0x8E, 0xBF, 0x9F,
    0x7E, 0x9F, 0x1E, 0x8F, 0x5F, 0x8E, 0x1A, 0x75, 0x4D, 0x22, 0xAA, 0x21, 0x27, 0x19, 0xC5, 0x18,
    0xC4, 0x18, 0xE4, 0x20, 0xE4, 0x20, 0xE4, 0x20, 0xE4, 0x20, 0xE4, 0x20, 0xE4, 0x20, 0xC4, 0x20,
    0xA4, 0x18, 0xA4, 0x18, 0x83, 0x18, 0x63, 0x10, 0x63, 0x08, 0x63, 0x08, 0x43, 0x00, 0x43, 0x00,
    0x43, 0x00, 0x43, 0x00, 0x43, 0x00, 0x43, 0x00, 0x43, 0x00, 0x43, 0x00, 0x43, 0x00, 0x43, 0x00,
    0x43, 0x00, 0x43, 0x00, 0x43, 0x00, 0x63, 0x00, 0x63, 0x00, 0x64, 0x00, 0x64, 0x00, 0x64, 0x08,
    0x84, 0x10, 0xE4, 0x20, 0x44, 0x39, 0x06, 0x8B, 0x2B, 0xF6, 0x70, 0xFF, 0xD2, 0xFF, 0xD0, 0xFF,
    0xAF, 0xFF, 0x2D, 0xFF, 0x2B, 0xFE, 0xAB, 0xFD, 0x68, 0x9B, 0x65, 0x39, 0x26, 0x29, 0xE6, 0x20,
    0xE6, 0x20, 0x26, 0x29, 0x46, 0x31, 0xA7, 0x49, 0x27, 0x62, 0xEC, 0x9B, 0xFE, 0xFF, 0x96, 0xFF,
    0x6E, 0xFE, 0x2E, 0xFE, 0xE9, 0xC3, 0xC3, 0x60, 0x84, 0x48, 0xC5, 0x58, 0xA6, 0x81, 0x0C, 0xE5,
    0x90, 0xFE, 0xB0, 0xFE, 0xF0, 0xFE, 0x31, 0xFF, 0x52, 0xFF, 0x73, 0xFF, 0x94, 0xFF, 0xB5, 0xFF,
    0xD6, 0xFF, 0xD7, 0xFF, 0xD7, 0xFF, 0xD8, 0xFF, 0xD8, 0xFF, 0xD8, 0xFF, 0xD8, 0xFF, 0xD9, 0xFF,
    0xF9, 0xFF, 0xF9, 0xFF, 0xF9, 0xFF, 0xF9, 0xFF, 0xF8, 0xFF, 0xF8, 0xFF, 0xD7, 0xFF, 0xD7, 0xFF,
    0xD6, 0xFF, 0xF6, 0xFF, 0xF7, 0xFF, 0xF4, 0xEE, 0x8D, 0xBC, 0xE8, 0x81, 0x48, 0x71, 0x8B, 0xAB,
    0x52, 0xFF, 0xF0, 0xFE, 0xD0, 0xFE, 0xB0, 0xFE, 0x6F, 0xFE, 0x2E, 0xFE, 0xED, 0xFD, 0xAD, 0xFD,
    0x8D, 0xFD, 0x8D, 0xFD, 0x6C, 0xFD, 0x0C, 0xFD, 0x6D, 0xF4, 0xAB, 0xF5, 0xA7, 0xE4, 0x84, 0xC3,
    0x62, 0xAA, 0x62, 0xAA, 0x87, 0xD4, 0x89, 0xE5, 0xE6, 0xD3, 0x04, 0xC3, 0x29, 0xCB, 0xF4, 0xE3,
    0x55, 0xE4, 0x96, 0xEC, 0xD7, 0xEC, 0xF8, 0xF4, 0x18, 0xF5, 0x38, 0xF5, 0x38, 0xF5, 0x18, 0xF5,
    0x18, 0xF5, 0xF8, 0xF4, 0xF8, 0xF4, 0xD8, 0xEC, 0xD8, 0xEC, 0xB8, 0xE4, 0x98, 0xE4, 0x98, 0xE4,
    0x78, 0xE4, 0x98, 0xEC, 0xD8, 0xEC, 0xD9, 0xF5, 0xFB, 0xF5, 0x1E, 0xFF, 0xFB, 0xE6, 0x2A, 0x5A,
    0xC9, 0x41, 0x68, 0x31, 0x48, 0x29, 0x68, 0x21, 0xCA, 0x29, 0x8E, 0x32, 0x7C, 0x8E, 0xBF, 0x96,
    0x1E, 0x8E, 0xFE, 0x8D, 0xDF, 0x95, 0x97, 0x64, 0x0B, 0x22, 0x89, 0x21, 0x26, 0x21, 0x05, 0x21,
    0x25, 0x29, 0x25, 0x29, 0x45, 0x31, 0x45, 0x39, 0x44, 0x39, 0x44, 0x31, 0x24, 0x31, 0x04, 0x29,
    0xE4, 0x28, 0xC4, 0x20, 0xC4, 0x18, 0xA3, 0x18, 0x83, 0x10, 0x83, 0x08, 0x63, 0x08, 0x63, 0x00,
    0x43, 0x00, 0x43, 0x00, 0x43, 0x00, 0x43, 0x00, 0x43, 0x00, 0x43, 0x00, 0x43, 0x00, 0x43, 0x00,
    0x43, 0x00, 0x43, 0x00, 0x63, 0x00, 0x63, 0x00, 0x63, 0x00, 0x64, 0x08, 0x64, 0x08, 0x84, 0x08,
    0xA4, 0x10, 0xE4, 0x20, 0x65, 0x39, 0xC5, 0x51, 0x66, 0xA3, 0x09, 0xFE, 0x4D, 0xFF, 0x4E, 0xFF,
    0xEC, 0xFE, 0xE9, 0xFD, 0x49, 0xF5, 0xC8, 0xAB, 0xE6, 0x59, 0x86, 0x41, 0x26, 0x29, 0xE6, 0x20,
    0x06, 0x21, 0x27, 0x29, 0x67, 0x39, 0x08, 0x52, 0x46, 0x6A, 0xB4, 0xC5, 0xFD, 0xFF, 0xF1, 0xFE,
    0x8E, 0xFE, 0xEA, 0xBB, 0x43, 0x48, 0xCD, 0x82, 0x6F, 0x8B, 0x48, 0x59, 0x03, 0x38, 0x47, 0x92,
    0x70, 0xFE, 0xB0, 0xFE, 0xF0, 0xFE, 0x31, 0xFF, 0x52, 0xFF, 0x73, 0xFF, 0x94, 0xFF, 0xB5, 0xFF,
    0xD6, 0xFF, 0xD6, 0xFF, 0xD7, 0xFF, 0xD7, 0xFF, 0xD8, 0xFF, 0xD8, 0xFF, 0xD8, 0xFF, 0xD8, 0xFF,
    0xD8, 0xFF, 0xD8, 0xFF, 0xD8, 0xFF, 0xD8, 0xFF, 0xD7, 0xFF, 0xD7, 0xFF, 0xD6, 0xFF, 0xD6, 0xFF,
    0xB5, 0xFF, 0xB5, 0xFF, 0x95, 0xFF, 0xB5, 0xFF, 0xF5, 0xFF, 0x71, 0xE6, 0x28, 0x8A, 0x46, 0x71,
    0x91, 0xF6, 0x11, 0xFF, 0xD0, 0xFE, 0xB0, 0xFE, 0x6F, 0xF6, 0x4E, 0xF6, 0x0D, 0xF6, 0xCC, 0xFD,
    0xCC, 0xFD, 0xAC, 0xFD, 0x8C, 0xFD, 0x4C, 0xFD, 0x8B, 0xF5, 0x68, 0xED, 0x26, 0xD4, 0x03, 0xBB,
    0x62, 0xAA, 0x23, 0xBB, 0x66, 0xDC, 0xA7, 0xE4, 0x65, 0xCB, 0x83, 0xBA, 0x4D, 0xD3, 0xF5, 0xE3,
    0x35, 0xE4, 0x76, 0xEC, 0xB7, 0xEC, 0xF7, 0xF4, 0x18, 0xF5, 0x38, 0xF5, 0x18, 0xF5, 0x18, 0xF5,
    0xF8, 0xF4, 0xF8, 0xF4, 0xD8, 0xF4, 0xD8, 0xEC, 0xB8, 0xE4, 0xD9, 0xDC, 0xD9, 0xDC, 0x98, 0xE4,
    0x78, 0xE4, 0x58, 0xE4, 0xB8, 0xEC, 0x5A, 0xF6, 0xFA, 0xF5, 0x5C, 0xF6, 0xBF, 0xFF, 0x4E, 0x7B,
    0xCA, 0x41, 0xA9, 0x39, 0x48, 0x29, 0x48, 0x21, 0x69, 0x21, 0xAE, 0x32, 0x7F, 0x9E, 0x9D, 0x95,
    0xF9, 0x7C, 0x5B, 0x85, 0xFF, 0xA5, 0x1A, 0x7D, 0xCA, 0x21, 0x68, 0x21, 0x26, 0x21, 0x45, 0x29,
    0x65, 0x39, 0xA5, 0x41, 0xC5, 0x49, 0xC5, 0x49, 0xC5, 0x51, 0xC5, 0x51, 0xC5, 0x49, 0x84, 0x41,
    0x44, 0x39, 0x24, 0x31, 0x04, 0x29, 0xC3, 0x20, 0xA3, 0x18, 0xA3, 0x10, 0x83, 0x08, 0x63, 0x08,
    0x43, 0x00, 0x43, 0x00, 0x43, 0x00, 0x43, 0x00, 0x43, 0x00, 0x43, 0x00, 0x43, 0x00, 0x43, 0x00,
    0x43, 0x00, 0x63, 0x00, 0x63, 0x00, 0x43, 0x00, 0x63, 0x08, 0x84, 0x10, 0x64, 0x10, 0x84, 0x10,
    0xA4, 0x10, 0xC4, 0x18, 0x25, 0x31, 0xC5, 0x51, 0x85, 0x7A, 0x0A, 0xF6, 0xAC, 0xFE, 0xEA, 0xFD,
    0xA9, 0xFD, 0x89, 0xFD, 0x09, 0xE5, 0x65, 0x72, 0xE6, 0x51, 0x66, 0x39, 0x26, 0x21, 0x06, 0x21,
    0x06, 0x21, 0x47, 0x31, 0xA7, 0x41, 0x28, 0x5A, 0xE9, 0x82, 0x5B, 0xEF, 0xD8, 0xFF, 0xAE, 0xFE,
    0x6D, 0xE5, 0x83, 0x58, 0x93, 0xB4, 0x73, 0xAC, 0xE6, 0x48, 0x6C, 0x72, 0x70, 0x8B, 0x06, 0x61,
    0x6E, 0xE5, 0xD0, 0xFE, 0xD0, 0xFE, 0x11, 0xFF, 0x52, 0xFF, 0x72, 0xFF, 0x93, 0xFF, 0xB4, 0xFF,
    0xB5, 0xFF, 0xD6, 0xFF, 0xD6, 0xFF, 0xD7, 0xFF, 0xD7, 0xFF, 0xD7, 0xFF, 0xD7, 0xFF, 0xF7, 0xFF,
    0xD7, 0xFF, 0xD7, 0xFF, 0xD7, 0xFF, 0xD7, 0xFF, 0xD6, 0xFF, 0xD6, 0xFF, 0xB5, 0xFF, 0xB5, 0xFF,
    0x94, 0xFF, 0x94, 0xFF, 0x74, 0xFF, 0x53, 0xFF, 0x32, 0xFF, 0xB3, 0xFF, 0xD1, 0xF6, 0x8E, 0xDD,
    0x11, 0xFF, 0xF1, 0xFE, 0xD0, 0xFE, 0x90, 0xF6, 0x6F, 0xF6, 0x4E, 0xF6, 0x0D, 0xF6, 0xEC, 0xF5,
    0xCC, 0xF5, 0xCC, 0xFD, 0xAC, 0xFD, 0x0C, 0xFE, 0x2B, 0xFE, 0xC7, 0xE4, 0xC5, 0xCB, 0xA3, 0xB2,
    0x82, 0xAA, 0xA5, 0xCB, 0x87, 0xDC, 0xC6, 0xCB, 0x62, 0xB2, 0xE7, 0xC2, 0x91, 0xDB, 0x15, 0xE4,
    0x55, 0xE4, 0x76, 0xEC, 0xB7, 0xEC, 0xD7, 0xF4, 0x76, 0xF5, 0x57, 0xF5, 0x18, 0xF5, 0xF8, 0xF4,
    0xF8, 0xF4, 0xF8, 0xF4, 0xD8, 0xEC, 0xD8, 0xEC, 0xB8, 0xE4, 0x7A, 0xD5, 0xDB, 0xCD, 0x99, 0xDC,
    0x78, 0xDC, 0x78, 0xE4, 0x98, 0xE4, 0xF9, 0xEC, 0x7A, 0xF5, 0xDC, 0xF5, 0xDF, 0xFF, 0xD4, 0xA4,
    0xCA, 0x49, 0xC9, 0x39, 0x48, 0x29, 0x28, 0x21, 0x48, 0x21, 0x0B, 0x2A, 0x56, 0x6C, 0x31, 0x4B,
    0x6D, 0x2A, 0x8E, 0x32, 0x15, 0x64, 0x14, 0x64, 0xA9, 0x21, 0x67, 0x29, 0x46, 0x29, 0x85, 0x39,
    0xE6, 0x49, 0x05, 0x5A, 0x45, 0x62, 0xC7, 0x7A, 0xC7, 0x7A, 0x65, 0x6A, 0x04, 0x62, 0xE4, 0x59,
    0xC5, 0x51, 0xA4, 0x49, 0x44, 0x39, 0x24, 0x31, 0xE3, 0x28, 0xC3, 0x20, 0xA3, 0x10, 0x83, 0x10,
    0x43, 0x00, 0x43, 0x00, 0x43, 0x00, 0x43, 0x00, 0x43, 0x00, 0x43, 0x00, 0x43, 0x00, 0x43, 0x00,
    0x63, 0x00, 0x63, 0x00, 0x63, 0x00, 0x64, 0x08, 0x84, 0x10, 0x85, 0x18, 0xCA, 0x49, 0x48, 0x39,
    0xA5, 0x20, 0xC5, 0x20, 0x04, 0x29, 0x64, 0x41, 0x06, 0x83, 0xEA, 0xFD, 0x27, 0xFD, 0xE8, 0xFC,
    0xE8, 0xFC, 0xC7, 0xFC, 0xE8, 0xEC, 0xA6, 0x72, 0xA6, 0x41, 0x46, 0x31, 0x06, 0x21, 0x06, 0x21,
    0x27, 0x29, 0x67, 0x39, 0xE8, 0x49, 0x47, 0x6A, 0x4E, 0xA4, 0xFE, 0xFF, 0x32, 0xFF, 0x8E, 0xFE,
    0x45, 0x8A, 0x90, 0x93, 0x36, 0xBD, 0x03, 0x30, 0x6C, 0x72, 0x9E, 0xF7, 0xFF, 0xFF, 0x4E, 0x93,
    0x4B, 0xCC, 0x11, 0xFF, 0xD0, 0xFE, 0x11, 0xFF, 0x52, 0xFF, 0x72, 0xFF, 0x93, 0xFF, 0xB4, 0xFF,
    0xB5, 0xFF, 0xD5, 0xFF, 0xD6, 0xFF, 0xD6, 0xFF, 0xD6, 0xFF, 0xD6, 0xFF, 0xD7, 0xFF, 0xD6, 0xFF,
    0xD6, 0xFF, 0xD6, 0xFF, 0xD6, 0xFF, 0xB6, 0xFF, 0xB5, 0xFF, 0xB4, 0xFF, 0x94, 0xFF, 0x94, 0xFF,
    0x94, 0xFF, 0x94, 0xFF, 0x73, 0xFF, 0x52, 0xFF, 0x52, 0xFF, 0x11, 0xFF, 0x31, 0xFF, 0x72, 0xFF,
    0x11, 0xFF, 0xF0, 0xFE, 0xB0, 0xFE, 0x8F, 0xF6, 0x6F, 0xF6, 0x2E, 0xF6, 0x0D, 0xF6, 0xCC, 0xF5,
    0xAB, 0xF5, 0x8B, 0xF5, 0x8B, 0xF5, 0x2D, 0xFE, 0x4A, 0xE5, 0x26, 0xDC, 0x64, 0xCB, 0x83, 0xB2,
    0xA3, 0xB2, 0x85, 0xCB, 0x44, 0xC3, 0x82, 0xB2, 0x05, 0xC3, 0x4D, 0xCB, 0xD3, 0xDB, 0x15, 0xE4,
    0x55, 0xE4, 0x76, 0xEC, 0xB7, 0xEC, 0xB7, 0xF4, 0x95, 0xF5, 0xD5, 0xF5, 0xD7, 0xF4, 0xF8, 0xF4,
    0xF8, 0xF4, 0xF8, 0xEC, 0xD8, 0xEC, 0xB8, 0xE4, 0xD8, 0xE4, 0x1C, 0xC6, 0x9F, 0xB7, 0xFB, 0xBD,
    0x98, 0xD4, 0x78, 0xDC, 0x78, 0xE4, 0xB9, 0xEC, 0x3A, 0xF5, 0xBC, 0xF5, 0x7F, 0xFF, 0x19, 0xC6,
    0xEA, 0x49, 0xCA, 0x39, 0x68, 0x29, 0x28, 0x21, 0x28, 0x21, 0x48, 0x19, 0x48, 0x11, 0x6A, 0x19,
    0xAA, 0x21, 0x8A, 0x19, 0x69, 0x19, 0x68, 0x19, 0x67, 0x29, 0x66, 0x29, 0x86, 0x39, 0xE6, 0x49,
    0x25, 0x5A, 0x69, 0x83, 0x52, 0xDE, 0x53, 0xF7, 0x12, 0xF7, 0x90, 0xE6, 0x6E, 0xC5, 0xA9, 0x93,
    0x45, 0x6A, 0x04, 0x62, 0xE5, 0x51, 0x84, 0x41, 0x44, 0x39, 0x03, 0x29, 0xC3, 0x20, 0xA3, 0x10,
    0x43, 0x00, 0x43, 0x00, 0x43, 0x00, 0x43, 0x00, 0x43, 0x00, 0x43, 0x00, 0x43, 0x00, 0x63, 0x00,
    0x63, 0x00, 0x63, 0x00, 0x63, 0x08, 0x64, 0x10, 0xA5, 0x18, 0x45, 0x28, 0xB6, 0xC4, 0x8E, 0x7A,
    0x64, 0x20, 0xC5, 0x20, 0xE5, 0x20, 0x04, 0x29, 0x48, 0x8B, 0x6A, 0xFD, 0x07, 0xD4, 0x66, 0xA3,
    0x87, 0xAB, 0x47, 0xDC, 0xE9, 0xFC, 0xA7, 0x72, 0x46, 0x31, 0x26, 0x29, 0x06, 0x21, 0x07, 0x21,
    0x47, 0x31, 0x87, 0x41, 0x28, 0x5A, 0x87, 0x72, 0x16, 0xCE, 0xFC, 0xFF, 0xCF, 0xFE, 0x8C, 0xED,
    0xE7, 0x79, 0x59, 0xD6, 0x27, 0x51, 0x86, 0x40, 0x4F, 0x83, 0xFF, 0xFF, 0xFF, 0xFF, 0x90, 0x93,
    0xE9, 0xBB, 0xF1, 0xFE, 0xD0, 0xFE, 0x11, 0xFF, 0x52, 0xFF, 0x52, 0xFF, 0x73, 0xFF, 0x94, 0xFF,
    0xB4, 0xFF, 0xB5, 0xFF, 0xD5, 0xFF, 0xD5, 0xFF, 0xD6, 0xFF, 0xD6, 0xFF, 0xD6, 0xFF, 0xB6, 0xFF,
    0xD5, 0xFF, 0xB5, 0xFF, 0xB5, 0xFF, 0xB5, 0xFF, 0x94, 0xFF, 0x93, 0xFF, 0x73, 0xFF, 0x32, 0xFF,
    0xD1, 0xFE, 0xB1, 0xFE, 0xB0, 0xFE, 0xD0, 0xFE, 0x11, 0xFF, 0x11, 0xFF, 0xF1, 0xFE, 0xF1, 0xFE,
    0xF1, 0xFE, 0xD0, 0xFE, 0xB0, 0xFE, 0x8F, 0xF6, 0x6E, 0xF6, 0x2E, 0xF6, 0x0D, 0xEE, 0xCC, 0xED,
    0x8B, 0xED, 0x6B, 0xED, 0x4A, 0xED, 0xAB, 0xED, 0x0A, 0xE5, 0x65, 0xCB, 0x24, 0xCB, 0x83, 0xB2,
    0xA3, 0xB2, 0xA3, 0xB2, 0xC3, 0xBA, 0x85, 0xCB, 0x6B, 0xCB, 0xB2, 0xDB, 0xF4, 0xDB, 0x35, 0xE4,
    0x56, 0xE4, 0x76, 0xEC, 0xB6, 0xEC, 0xD6, 0xF4, 0x54, 0xF6, 0x95, 0xFF, 0x35, 0xF6, 0x36, 0xF5,
    0xF8, 0xF4, 0xD8, 0xEC, 0xD8, 0xEC, 0xB8, 0xE4, 0xB8, 0xDC, 0x3C, 0xBE, 0xDF, 0xAF, 0x3C, 0xB6,
    0x78, 0xD4, 0x58, 0xDC, 0x58, 0xDC, 0x98, 0xE4, 0x1A, 0xED, 0x9B, 0xF5, 0xDE, 0xFE, 0x1C, 0xE7,
    0x4C, 0x5A, 0xCA, 0x41, 0x68, 0x31, 0x28, 0x21, 0x08, 0x19, 0x07, 0x19, 0x08, 0x19, 0x08, 0x19,
    0x07, 0x11, 0x27, 0x11, 0x27, 0x19, 0x27, 0x21, 0x46, 0x29, 0x66, 0x31, 0xC6, 0x41, 0x26, 0x5A,
    0xE7, 0x7A, 0xF2, 0xEE, 0xD3, 0xFF, 0x6E, 0xF6, 0x8A, 0xED, 0xAA, 0xED, 0x2D, 0xF6, 0xF0, 0xFE,
    0x50, 0xDE, 0xE9, 0x9B, 0x45, 0x6A, 0x04, 0x5A, 0xA4, 0x49, 0x44, 0x39, 0x03, 0x29, 0xC3, 0x20,
    0x43, 0x00, 0x43, 0x00, 0x43, 0x00, 0x43, 0x00, 0x43, 0x00, 0x43, 0x00, 0x43, 0x00, 0x43, 0x00,
    0x63, 0x00, 0x63, 0x00, 0x64, 0x08, 0x85, 0x18, 0x48, 0x41, 0x30, 0x93, 0x9E, 0xFE, 0xD8, 0xD4,
    0xEC, 0x69, 0x07, 0x31, 0xC5, 0x20, 0x05, 0x29, 0xA5, 0x49, 0x86, 0x72, 0x05, 0x5A, 0xE5, 0x51,
    0xE5, 0x51, 0x26, 0x62, 0xC7, 0x82, 0xC6, 0x49, 0x46, 0x31, 0x26, 0x21, 0x07, 0x21, 0x27, 0x29,
    0x67, 0x31, 0xC8, 0x49, 0x48, 0x62, 0x2A, 0x8B, 0x7C, 0xF7, 0xD8, 0xFF, 0xCF, 0xFE, 0x6A, 0xCC,
    0x30, 0xAC, 0xF5, 0xB4, 0xA5, 0x40, 0x35, 0xB5, 0x68, 0x51, 0x36, 0xB5, 0x56, 0xBD, 0xA9, 0x61,
    0x8B, 0xC4, 0xD0, 0xFE, 0xD0, 0xFE, 0x11, 0xFF, 0x32, 0xFF, 0x52, 0xFF, 0x93, 0xFF, 0x94, 0xFF,
    0xB4, 0xFF, 0xB5, 0xFF, 0xB5, 0xFF, 0xD5, 0xFF, 0xD5, 0xFF, 0xB5, 0xFF, 0xB5, 0xFF, 0xB5, 0xFF,
    0xB5, 0xFF, 0xB5, 0xFF, 0x94, 0xFF, 0x74, 0xFF, 0x73, 0xFF, 0x32, 0xFF, 0x0F, 0xF6, 0xCB, 0xE4,
    0xC9, 0xCB, 0x48, 0xBB, 0x68, 0xC3, 0x29, 0xD4, 0x6C, 0xED, 0x70, 0xFE, 0xF1, 0xFE, 0xF0, 0xFE,
    0xD0, 0xFE, 0xAF, 0xFE, 0x8F, 0xF6, 0x6F, 0xF6, 0x4E, 0xF6, 0x2E, 0xEE, 0xED, 0xED, 0xAC, 0xED,
    0x8B, 0xED, 0x4B, 0xE5, 0x2A, 0xE5, 0x0A, 0xE5, 0x2A, 0xED, 0xA5, 0xD3, 0xC3, 0xC2, 0xA3, 0xBA,
    0xA3, 0xBA, 0x04, 0xC3, 0x86, 0xCB, 0x4B, 0xCB, 0xB1, 0xD3, 0x13, 0xDC, 0x14, 0xE4, 0x35, 0xE4,
    0x56, 0xE4, 0x96, 0xEC, 0x96, 0xEC, 0xF5, 0xF4, 0x54, 0xF6, 0x74, 0xFF, 0xB5, 0xF5, 0xF7, 0xF4,
    0xD8, 0xEC, 0xD8, 0xEC, 0xB8, 0xEC, 0xB8, 0xE4, 0xB8, 0xE4, 0xB9, 0xCC, 0x3C, 0xB6, 0x7A, 0xC5,
    0x58, 0xD4, 0x37, 0xD4, 0x37, 0xDC, 0x78, 0xDC, 0xFA, 0xE4, 0x7B, 0xED, 0x5D, 0xF6, 0x7F, 0xF7,
    0x2F, 0x6B, 0xCA, 0x41, 0x89, 0x31, 0x28, 0x21, 0x07, 0x19, 0xE7, 0x18, 0xC7, 0x10, 0xC6, 0x10,
    0xC6, 0x10, 0xC6, 0x10, 0xE6, 0x18, 0x06, 0x19, 0x26, 0x29, 0x86, 0x39, 0x06, 0x52, 0x66, 0x6A,
    0xB0, 0xC5, 0xD4, 0xFF, 0xEF, 0xF6, 0x4D, 0xF6, 0xAF, 0xFE, 0x8D, 0xF6, 0xEC, 0xED, 0x69, 0xE5,
    0x6C, 0xF6, 0x72, 0xFF, 0x6D, 0xCD, 0xA5, 0x7A, 0x04, 0x5A, 0xA4, 0x49, 0x44, 0x39, 0x03, 0x29,
    0x43, 0x00, 0x43, 0x00, 0x43, 0x00, 0x63, 0x00, 0x63, 0x00, 0x43, 0x00, 0x43, 0x00, 0x63, 0x00,
    0x63, 0x00, 0x63, 0x00, 0x64, 0x08, 0x85, 0x18, 0x8E, 0x7A, 0xF9, 0xE4, 0xDD, 0xFD, 0x7B, 0xFD,
    0xF5, 0xC3, 0x8A, 0x51, 0xA5, 0x18, 0xE5, 0x20, 0xE5, 0x20, 0x05, 0x29, 0x66, 0x39, 0x86, 0x39,
    0x86, 0x39, 0x66, 0x39, 0x25, 0x29, 0x46, 0x29, 0x26, 0x29, 0x07, 0x21, 0x07, 0x21, 0x27, 0x29,
    0x87, 0x39, 0x08, 0x52, 0x68, 0x6A, 0xAF, 0xAC, 0xFE, 0xFF, 0x33, 0xFF, 0xAF, 0xFE, 0x6B, 0xCC,
    0xF7, 0xD5, 0xB0, 0x93, 0x85, 0x40, 0x48, 0x51, 0xA6, 0x40, 0xC6, 0x40, 0xA9, 0x59, 0xA8, 0x61,
    0x2D, 0xDD, 0xD0, 0xFE, 0xD0, 0xFE, 0x11, 0xFF, 0x52, 0xFF, 0x72, 0xFF, 0x73, 0xFF, 0x94, 0xFF,
    0xB4, 0xFF, 0xB5, 0xFF, 0xB5, 0xFF, 0xB5, 0xFF, 0xB5, 0xFF, 0xB5, 0xFF, 0xB4, 0xFF, 0xB4, 0xFF,
    0x94, 0xFF, 0x94, 0xFF, 0x73, 0xFF, 0x73, 0xFF, 0xF1, 0xFE, 0x0C, 0xED, 0xC7, 0xB2, 0x45, 0x71,
    0x84, 0x50, 0x64, 0x48, 0xA5, 0x50, 0xC5, 0x60, 0xA5, 0x89, 0x0A, 0xCC, 0x0F, 0xF6, 0xD0, 0xFE,
    0xAF, 0xFE, 0x8F, 0xF6, 0x6F, 0xF6, 0x4E, 0xF6, 0x2E, 0xEE, 0x0D, 0xEE, 0xCD, 0xED, 0xAC, 0xED,
    0x6B, 0xE5, 0x4B, 0xE5, 0x0A, 0xDD, 0xEA, 0xDC, 0xEA, 0xDC, 0x89, 0xD4, 0x66, 0xC3, 0x05, 0xC3,
    0x26, 0xC3, 0x48, 0xC3, 0x4D, 0xCB, 0xB1, 0xD3, 0x13, 0xDC, 0x34, 0xE4, 0x34, 0xE4, 0x55, 0xE4,
    0x75, 0xE4, 0x96, 0xEC, 0xB6, 0xEC, 0xB7, 0xEC, 0xB6, 0xEC, 0xF4, 0xF5, 0x15, 0xF5, 0xD8, 0xF4,
    0xD7, 0xEC, 0xB7, 0xEC, 0xB7, 0xEC, 0x97, 0xE4, 0x97, 0xE4, 0x78, 0xDC, 0x19, 0xCD, 0xF9, 0xCC,
    0x17, 0xD4, 0x17, 0xD4, 0x37, 0xDC, 0x78, 0xDC, 0xDA, 0xE4, 0x5B, 0xED, 0xFD, 0xED, 0x9F, 0xFF,
    0x12, 0x84, 0xCA, 0x41, 0xA9, 0x31, 0x48, 0x29, 0x08, 0x19, 0xE7, 0x18, 0xC6, 0x10, 0xC6, 0x10,
    0xC6, 0x10, 0xC6, 0x10, 0xC5, 0x18, 0x05, 0x21, 0x45, 0x29, 0x86, 0x39, 0x06, 0x52, 0x69, 0x83,
    0x75, 0xFF, 0x73, 0xFF, 0x51, 0xFF, 0x50, 0xFF, 0x30, 0xFF, 0x2F, 0xFF, 0x30, 0xFF, 0xEF, 0xFE,
    0x4B, 0xFE, 0xCC, 0xF6, 0x91, 0xFF, 0x0E, 0xE6, 0x06, 0x83, 0x04, 0x5A, 0x84, 0x49, 0x23, 0x31,
    0x43, 0x00, 0x43, 0x00, 0x63, 0x08, 0x42, 0x08, 0x62, 0x08, 0x63, 0x00, 0x43, 0x00, 0x63, 0x00,
    0x63, 0x00, 0x63, 0x00, 0x64, 0x08, 0x85, 0x10, 0x85, 0x20, 0xC7, 0x48, 0x57, 0xE4, 0xD0, 0x9A,
    0x86, 0x30, 0xC6, 0x20, 0xA5, 0x10, 0xA5, 0x10, 0xA5, 0x10, 0xE5, 0x18, 0x05, 0x21, 0x26, 0x29,
    0x06, 0x21, 0x06, 0x21, 0x06, 0x21, 0x06, 0x21, 0x06, 0x21, 0x07, 0x21, 0x27, 0x29, 0x67, 0x31,
    0xA8, 0x41, 0x49, 0x62, 0xC8, 0x7A, 0x97, 0xDE, 0xFB, 0xFF, 0xB0, 0xFE, 0x6F, 0xFE, 0xEE, 0xD4,
    0xFB, 0xEE, 0x6F, 0x93, 0xA7, 0x50, 0x65, 0x38, 0x85, 0x38, 0xA6, 0x40, 0xC7, 0x40, 0x66, 0x59,
    0x0F, 0xF6, 0xB0, 0xFE, 0xD0, 0xFE, 0x11, 0xFF, 0x52, 0xFF, 0x72, 0xFF, 0x73, 0xFF, 0x94, 0xFF,
    0xB4, 0xFF, 0xB5, 0xFF, 0xB5, 0xFF, 0xB5, 0xFF, 0xB4, 0xFF, 0xB4, 0xFF, 0x94, 0xFF, 0x94, 0xFF,
    0x93, 0xFF, 0x73, 0xFF, 0x52, 0xFF, 0xF1, 0xFE, 0xEC, 0xE4, 0xE6, 0x91, 0x23, 0x48, 0x85, 0x48,
    0xA6, 0x48, 0xA6, 0x48, 0x86, 0x40, 0xAA, 0x59, 0x8A, 0x61, 0x64, 0x50, 0x08, 0xAB, 0xEE, 0xF5,
    0xAF, 0xFE, 0x6E, 0xF6, 0x6E, 0xF6, 0x4E, 0xF6, 0x2D, 0xEE, 0xED, 0xED, 0xCC, 0xED, 0x8C, 0xE5,
    0x6B, 0xE5, 0x4B, 0xE5, 0x0A, 0xDD, 0xEA, 0xDC, 0xCA, 0xDC, 0xAA, 0xD4, 0x8B, 0xD4, 0x2C, 0xD4,
    0xED, 0xCB, 0xCF, 0xD3, 0xF1, 0xD3, 0xF2, 0xDB, 0x13, 0xDC, 0x34, 0xDC, 0x54, 0xE4, 0x75, 0xE4,
    0x96, 0xE4, 0x96, 0xEC, 0xB6, 0xEC, 0xD7, 0xEC, 0xD7, 0xEC, 0x15, 0xF5, 0x16, 0xF5, 0xD7, 0xEC,
    0xD7, 0xEC, 0xB7, 0xEC, 0x97, 0xE4, 0x97, 0xE4, 0x77, 0xE4, 0x77, 0xDC, 0x57, 0xD4, 0x37, 0xD4,
    0x16, 0xD4, 0xF6, 0xD3, 0x17, 0xD4, 0x38, 0xDC, 0x99, 0xDC, 0xFB, 0xE4, 0xBD, 0xED, 0x9F, 0xFF,
    0xD4, 0x9C, 0xAA, 0x41, 0xAA, 0x31, 0x48, 0x29, 0x08, 0x21, 0xE7, 0x18, 0xC7, 0x10, 0xC6, 0x10,
    0xC6, 0x10, 0xC5, 0x10, 0xC5, 0x18, 0x05, 0x21, 0x45, 0x29, 0xA6, 0x41, 0x06, 0x52, 0xEA, 0x93,
    0xF2, 0xFE, 0xF3, 0xF6, 0xD3, 0xFF, 0x4F, 0xFF, 0x0E, 0xFF, 0xEE, 0xFE, 0xAE, 0xFE, 0xAD, 0xFE,
    0xAD, 0xFE, 0x8B, 0xFE, 0xED, 0xF6, 0x72, 0xFF, 0x2F, 0xEE, 0xE6, 0x82, 0xC4, 0x51, 0x64, 0x41,
    0x43, 0x00, 0x63, 0x08, 0x83, 0x10, 0x06, 0x4A, 0x85, 0x39, 0x63, 0x08, 0x63, 0x00, 0x43, 0x00,
    0x43, 0x00, 0x43, 0x00, 0x64, 0x08, 0x84, 0x10, 0xA5, 0x20, 0x85, 0x28, 0xAF, 0x8A, 0x8A, 0x59,
    0xA5, 0x20, 0xA5, 0x18, 0xA5, 0x10, 0xA5, 0x08, 0xA5, 0x08, 0xA5, 0x10, 0xC5, 0x18, 0x06, 0x21,
    0xC6, 0x10, 0xE6, 0x18, 0xE6, 0x18, 0xE6, 0x18, 0xE6, 0x18, 0x07, 0x21, 0x47, 0x29, 0x88, 0x39,
    0x08, 0x52, 0x68, 0x6A, 0x0D, 0xA4, 0xFD, 0xFF, 0x96, 0xFF, 0x6E, 0xFE, 0x90, 0xFE, 0xB2, 0xE5,
    0x3D, 0xF7, 0x10, 0xAC, 0x0F, 0xB4, 0x68, 0x61, 0xA7, 0x40, 0xA6, 0x40, 0x24, 0x30, 0x87, 0x82,
    0xB0, 0xFE, 0xAF, 0xFE, 0x11, 0xFF, 0x52, 0xFF, 0x73, 0xFF, 0x94, 0xFF, 0xB5, 0xFF, 0xB5, 0xFF,
    0xB5, 0xFF, 0xB5, 0xFF, 0xB5, 0xFF, 0xB5, 0xFF, 0xB4, 0xFF, 0xB4, 0xFF, 0x94, 0xFF, 0x93, 0xFF,
    0x73, 0xFF, 0x32, 0xFF, 0x11, 0xFF, 0x6D, 0xED, 0x06, 0x9A, 0x03, 0x40, 0x70, 0x93, 0xBB, 0xE6,
    0x77, 0xC5, 0x2C, 0x72, 0x4A, 0x61, 0xA7, 0x48, 0x0F, 0x83, 0x50, 0x8B, 0x02, 0x40, 0x68, 0xB3,
    0x6F, 0xFE, 0x6E, 0xF6, 0x4E, 0xF6, 0x2E, 0xF6, 0x0D, 0xEE, 0xCC, 0xED, 0xAC, 0xE5, 0x8C, 0xE5,
    0x4B, 0xE5, 0x2A, 0xDD, 0x0A, 0xDD, 0xEA, 0xDC, 0xCA, 0xDC, 0xCA, 0xD4, 0xAB, 0xD4, 0xAC, 0xD4,
    0xAE, 0xDC, 0x8F, 0xDC, 0x71, 0xDC, 0x72, 0xDC, 0x73, 0xE4, 0x74, 0xE4, 0x94, 0xE4, 0xB5, 0xE4,
    0xB6, 0xEC, 0xB6, 0xEC, 0xB6, 0xEC, 0xD7, 0xEC, 0xD7, 0xEC, 0xD7, 0xEC, 0xD7, 0xEC, 0xD7, 0xEC,
    0xB7, 0xEC, 0xB7, 0xEC, 0x97, 0xE4, 0x77, 0xE4, 0x77, 0xE4, 0x57, 0xDC, 0x36, 0xDC, 0x16, 0xD4,
    0xF6, 0xD3, 0xF6, 0xD3, 0xF4, 0xD3, 0xD2, 0xDC, 0x16, 0xEE, 0xDB, 0xED, 0x9C, 0xED, 0x7F, 0xFF,
    0x77, 0xAD, 0xCB, 0x41, 0xAA, 0x31, 0x49, 0x29, 0x08, 0x21, 0xE7, 0x18, 0xC7, 0x10, 0xC6, 0x10,
    0xC6, 0x10, 0xC6, 0x10, 0xC6, 0x18, 0x05, 0x21, 0x25, 0x29, 0xA6, 0x41, 0x06, 0x5A, 0x28, 0x83,
    0xCD, 0xF5, 0x90, 0xFE, 0xF9, 0xFF, 0xF6, 0xFF, 0x6F, 0xFF, 0xEE, 0xFE, 0xAD, 0xFE, 0x6C, 0xFE,
    0x4B, 0xFE, 0x2B, 0xFE, 0x2A, 0xFE, 0xCE, 0xF6, 0x10, 0xFF, 0x6C, 0xDD, 0x04, 0x62, 0x84, 0x49,
    0x43, 0x00, 0x63, 0x08, 0x61, 0x10, 0x70, 0xBD, 0xEC, 0x83, 0x01, 0x00, 0x63, 0x08, 0x63, 0x08,
    0x63, 0x08, 0x63, 0x08, 0x63, 0x08, 0x84, 0x10, 0x84, 0x10, 0xA5, 0x18, 0xE6, 0x28, 0xC6, 0x20,
    0xA5, 0x18, 0x84, 0x10, 0x84, 0x08, 0xA5, 0x08, 0xA5, 0x08, 0x85, 0x08, 0x26, 0x21, 0x06, 0x21,
    0xA6, 0x08, 0xC6, 0x10, 0xC7, 0x10, 0xE7, 0x18, 0x07, 0x21, 0x27, 0x29, 0x68, 0x31, 0xC8, 0x41,
    0x69, 0x62, 0xC8, 0x7A, 0x77, 0xDE, 0xFC, 0xFF, 0x32, 0xFF, 0x4F, 0xFE, 0xF2, 0xFE, 0x74, 0xEE,
    0x1C, 0xF7, 0xB4, 0xD5, 0x12, 0xEE, 0x2B, 0x8A, 0xE8, 0x58, 0x6A, 0x61, 0x08, 0x59, 0xAC, 0xCC,
    0xF0, 0xFE, 0xF0, 0xFE, 0x73, 0xFF, 0xB5, 0xFF, 0xF7, 0xFF, 0xFA, 0xFF, 0xFC, 0xFF, 0xFB, 0xFF,
    0xFA, 0xFF, 0xD8, 0xFF, 0xD6, 0xFF, 0xB5, 0xFF, 0xB5, 0xFF, 0x94, 0xFF, 0x94, 0xFF, 0x73, 0xFF,
    0x52, 0xFF, 0x32, 0xFF, 0x6F, 0xFE, 0x48, 0xC3, 0x23, 0x48, 0x2C, 0x72, 0xFF, 0xFF, 0xFF, 0xFF,
    0xFF, 0xFF, 0x70, 0x8B, 0x6A, 0x59, 0x09, 0x51, 0x24, 0x38, 0x95, 0xAC, 0x0F, 0x83, 0x62, 0x50,
    0x6D, 0xED, 0xAF, 0xFE, 0x4E, 0xF6, 0x0D, 0xEE, 0xED, 0xED, 0xCC, 0xED, 0x8C, 0xE5, 0x6B, 0xE5,
    0x4B, 0xE5, 0x2A, 0xDD, 0x0A, 0xDD, 0xEA, 0xDC, 0xEA, 0xD4, 0xCB, 0xD4, 0xCC, 0xD4, 0xCD, 0xDC,
    0xCE, 0xDC, 0xF0, 0xE4, 0xF1, 0xE4, 0xF3, 0xE4, 0xD3, 0xEC, 0xD4, 0xEC, 0xD4, 0xEC, 0xD5, 0xEC,
    0xD6, 0xEC, 0xB6, 0xEC, 0xD6, 0xEC, 0xD7, 0xEC, 0xD7, 0xEC, 0xB7, 0xEC, 0xB7, 0xEC, 0xB7, 0xEC,
    0xB7, 0xEC, 0x97, 0xEC, 0x97, 0xE4, 0x57, 0xE4, 0x57, 0xE4, 0x36, 0xDC, 0x16, 0xDC, 0x16, 0xD4,
    0xF6, 0xD3, 0xD4, 0xD3, 0x2C, 0xD4, 0x69, 0xD4, 0x2E, 0xD5, 0xB6, 0xEE, 0x1D, 0xE6, 0x1F, 0xF7,
    0xD9, 0xB5, 0xCB, 0x41, 0xCB, 0x39, 0x49, 0x29, 0x28, 0x21, 0xE7, 0x18, 0xE7, 0x10, 0xC7, 0x10,
    0xC6, 0x10, 0xC6, 0x10, 0xC6, 0x18, 0x05, 0x21, 0x26, 0x29, 0x86, 0x39, 0x06, 0x52, 0xA7, 0x72,
    0xCA, 0xCC, 0x30, 0xFF, 0xFD, 0xFF, 0xFE, 0xFF, 0xD3, 0xFF, 0xCE, 0xFE, 0x4B, 0xFE, 0x2B, 0xFE,
    0x0A, 0xFE, 0xEA, 0xFD, 0xEA, 0xFD, 0xE9, 0xFD, 0xCA, 0xED, 0x4D, 0xFE, 0xC8, 0xA3, 0x83, 0x49,
    0x43, 0x00, 0x43, 0x00, 0x83, 0x10, 0x03, 0x29, 0xE3, 0x20, 0x83, 0x10, 0x83, 0x08, 0x83, 0x10,
    0x83, 0x10, 0x84, 0x10, 0x84, 0x10, 0xA4, 0x10, 0xA4, 0x10, 0xA4, 0x18, 0xA4, 0x18, 0xA4, 0x10,
    0x84, 0x10, 0x84, 0x08, 0xA5, 0x08, 0xA5, 0x08, 0xA5, 0x08, 0xA5, 0x08, 0x67, 0x29, 0xE6, 0x18,
    0xA6, 0x10, 0xC6, 0x10, 0xC7, 0x10, 0xE7, 0x18, 0x07, 0x21, 0x47, 0x29, 0x88, 0x39, 0x09, 0x52,
    0x88, 0x6A, 0x4E, 0xA4, 0xFE, 0xFF, 0x97, 0xFF, 0xD2, 0xFE, 0xD3, 0xFE, 0x74, 0xFF, 0xD3, 0xF6,
    0x98, 0xF6, 0xDA, 0xEE, 0x6A, 0x9A, 0xCF, 0xAA, 0xCF, 0x9A, 0x8E, 0x9A, 0xEB, 0xA2, 0x90, 0xFE,
    0xCF, 0xFE, 0xF0, 0xFE, 0xF0, 0xFE, 0x11, 0xFF, 0x52, 0xFF, 0x74, 0xFF, 0xB7, 0xFF, 0xFB, 0xFF,
    0xFE, 0xFF, 0xFE, 0xFF, 0xFB, 0xFF, 0xD7, 0xFF, 0xB5, 0xFF, 0x94, 0xFF, 0x73, 0xFF, 0x52, 0xFF,
    0x32, 0xFF, 0x11, 0xFF, 0x6D, 0xF5, 0x84, 0x81, 0x24, 0x38, 0x6C, 0x72, 0xDF, 0xFF, 0xFF, 0xFF,
    0xDB, 0xE6, 0x0B, 0x5A, 0x49, 0x51, 0xE8, 0x40, 0x45, 0x38, 0x89, 0x51, 0x3C, 0xD6, 0xE7, 0x50,
    0x49, 0xAB, 0xD0, 0xFE, 0x2E, 0xF6, 0x0D, 0xEE, 0xEC, 0xED, 0xAC, 0xED, 0x8B, 0xE5, 0x6B, 0xE5,
    0x4B, 0xE5, 0x2B, 0xDD, 0x0B, 0xDD, 0xEA, 0xDC, 0xEB, 0xDC, 0xEB, 0xD4, 0xEC, 0xDC, 0xED, 0xDC,
    0xEE, 0xDC, 0xF0, 0xE4, 0xF1, 0xE4, 0xF3, 0xE4, 0xF4, 0xEC, 0xF4, 0xEC, 0x57, 0xF6, 0xF7, 0xF5,
    0xF5, 0xEC, 0xD6, 0xEC, 0xD6, 0xEC, 0xD7, 0xEC, 0xD7, 0xEC, 0xD7, 0xEC, 0xB7, 0xEC, 0xB7, 0xEC,
    0x97, 0xE4, 0x97, 0xE4, 0x77, 0xE4, 0x56, 0xE4, 0x16, 0xE4, 0x16, 0xDC, 0x16, 0xDC, 0xF5, 0xD3,
    0xD5, 0xD3, 0x0F, 0xD4, 0x49, 0xD4, 0x51, 0xD4, 0xD4, 0xCB, 0x6E, 0xCC, 0x5A, 0xEE, 0xBF, 0xEE,
    0x3A, 0xC6, 0xEC, 0x41, 0xCB, 0x39, 0x69, 0x29, 0x28, 0x21, 0x07, 0x19, 0xE7, 0x18, 0xC7, 0x10,
    0xE7, 0x18, 0xE6, 0x18, 0xE6, 0x18, 0xE5, 0x20, 0x26, 0x29, 0x66, 0x39, 0xE6, 0x49, 0x67, 0x6A,
    0x67, 0x93, 0x12, 0xF7, 0xFB, 0xFF, 0xD8, 0xFF, 0xB4, 0xFF, 0x0E, 0xFF, 0x4C, 0xFE, 0xEA, 0xFD,
    0xA9, 0xFD, 0xA9, 0xFD, 0x89, 0xFD, 0x89, 0xFD, 0x27, 0xFD, 0xAA, 0xFD, 0x6B, 0xE5, 0x04, 0x62,
    0x43, 0x00, 0x43, 0x00, 0x63, 0x08, 0x63, 0x08, 0x63, 0x10, 0x83, 0x10, 0x83, 0x10, 0xA3, 0x18,
    0xC3, 0x18, 0xC4, 0x20, 0xC4, 0x20, 0xC4, 0x20, 0xC4, 0x20, 0xC4, 0x18, 0xC4, 0x18, 0xA4, 0x18,
    0xA4, 0x10, 0xA5, 0x10, 0xA5, 0x08, 0xA5, 0x10, 0xA5, 0x10, 0xA5, 0x10, 0x26, 0x29, 0xC6, 0x10,
    0xC6, 0x10, 0xC6, 0x10, 0xC7, 0x18, 0xE7, 0x18, 0x27, 0x21, 0x48, 0x31, 0xA8, 0x41, 0x49, 0x5A,
    0xA9, 0x72, 0x78, 0xDE, 0xFE, 0xFF, 0xD4, 0xFE, 0x33, 0xFE, 0x34, 0xFE, 0xB5, 0xFE, 0x76, 0xFF,
    0x36, 0xF7, 0x3A, 0xFF, 0xF4, 0xC4, 0x8C, 0x9A, 0xAD, 0xA2, 0xAB, 0x9A, 0x73, 0xEE, 0x73, 0xFF,
    0xCF, 0xFE, 0xAF, 0xFE, 0xCF, 0xFE, 0xAE, 0xFE, 0xAD, 0xFE, 0xAC, 0xFE, 0xEE, 0xFE, 0x0F, 0xFF,
    0x73, 0xFF, 0xDA, 0xFF, 0xFE, 0xFF, 0xFD, 0xFF, 0xD9, 0xFF, 0xB5, 0xFF, 0x94, 0xFF, 0x52, 0xFF,
    0x12, 0xFF, 0xD1, 0xFE, 0x6A, 0xDC, 0x83, 0x50, 0x85, 0x40, 0xE7, 0x50, 0x2F, 0x8B, 0x73, 0xA4,
    0x2C, 0x62, 0xF3, 0x93, 0x29, 0x49, 0x65, 0x30, 0x85, 0x38, 0x64, 0x38, 0x1A, 0xCE, 0xB2, 0x9B,
    0xA5, 0x79, 0xB0, 0xFE, 0x4E, 0xF6, 0x0D, 0xEE, 0xCC, 0xED, 0xAC, 0xE5, 0x8B, 0xE5, 0x4B, 0xE5,
    0x4B, 0xE5, 0x2B, 0xDD, 0x0B, 0xDD, 0x0B, 0xDD, 0x0B, 0xDD, 0x2D, 0xD5, 0x0D, 0xD5, 0xED, 0xDC,
    0xEE, 0xDC, 0xF0, 0xDC, 0xF1, 0xE4, 0xF3, 0xE4, 0x14, 0xED, 0x34, 0xED, 0xF9, 0xFE, 0x98, 0xF6,
    0xF5, 0xEC, 0xD6, 0xEC, 0xD6, 0xEC, 0xD7, 0xEC, 0xD7, 0xEC, 0xB7, 0xEC, 0xB7, 0xE4, 0xB7, 0xE4,
    0x97, 0xE4, 0x77, 0xE4, 0x57, 0xE4, 0x56, 0xE4, 0x16, 0xE5, 0x35, 0xDC, 0xF5, 0xD3, 0xD5, 0xD3,
    0xB3, 0xCB, 0x8B, 0xD4, 0x4D, 0xD4, 0x17, 0xD4, 0x5A, 0xD4, 0xF1, 0xC3, 0xD6, 0xDD, 0xDF, 0xEE,
    0x7B, 0xC6, 0x0C, 0x42, 0xAB, 0x31, 0x6A, 0x29, 0x29, 0x21, 0x08, 0x19, 0xE7, 0x18, 0xE7, 0x10,
    0xE7, 0x18, 0x27, 0x21, 0xA5, 0x18, 0x06, 0x21, 0x26, 0x29, 0x66, 0x31, 0xA6, 0x41, 0x26, 0x5A,
    0xC7, 0x7A, 0x8A, 0xB4, 0x70, 0xFF, 0x2C, 0xFF, 0x8C, 0xF6, 0xF0, 0xF6, 0xCE, 0xFE, 0x4C, 0xFE,
    0xCA, 0xFD, 0x69, 0xFD, 0x48, 0xFD, 0x08, 0xFD, 0x08, 0xFD, 0xCB, 0xF5, 0xCC, 0xF5, 0xA6, 0x7A,
    0x43, 0x00, 0x43, 0x00, 0x63, 0x08, 0x83, 0x10, 0xA3, 0x10, 0xA3, 0x18, 0xC3, 0x20, 0xE4, 0x28,
    0x04, 0x29, 0x04, 0x31, 0x24, 0x31, 0x24, 0x31, 0x04, 0x29, 0x04, 0x29, 0x04, 0x21, 0xE4, 0x20,
    0xC5, 0x18, 0xA5, 0x10, 0xA5, 0x10, 0xA5, 0x10, 0xA5, 0x10, 0x48, 0x52, 0x69, 0x52, 0xA5, 0x10,
    0xC7, 0x10, 0xC7, 0x10, 0xE7, 0x18, 0x07, 0x19, 0x27, 0x29, 0x68, 0x31, 0xC9, 0x49, 0x49, 0x62,
    0x8C, 0x8B, 0xDD, 0xFF, 0xBB, 0xFF, 0x9C, 0xFF, 0xB9, 0xFE, 0xD4, 0xFD, 0x35, 0xFE, 0xB5, 0xFE,
    0xB7, 0xFF, 0x56, 0xFF, 0xF8, 0xFE, 0x37, 0xE6, 0x74, 0xD5, 0xF6, 0xF6, 0xB7, 0xFF, 0xD1, 0xF6,
    0x90, 0xF6, 0xB1, 0xF6, 0xD2, 0xF6, 0x33, 0xF7, 0x74, 0xFF, 0x72, 0xFF, 0x2F, 0xFF, 0x0E, 0xFF,
    0xEE, 0xFE, 0x0F, 0xFF, 0x74, 0xFF, 0xFB, 0xFF, 0xFC, 0xFF, 0xD7, 0xFF, 0x94, 0xFF, 0x52, 0xFF,
    0xF1, 0xFE, 0x90, 0xFE, 0x89, 0xC3, 0xE5, 0x58, 0xA5, 0x48, 0xA6, 0x48, 0x86, 0x40, 0x66, 0x38,
    0xC7, 0x40, 0xAA, 0x51, 0x86, 0x38, 0x24, 0x30, 0x03, 0x30, 0x44, 0x38, 0x77, 0xC5, 0x79, 0xCD,
    0x66, 0x71, 0x4F, 0xFE, 0x4E, 0xF6, 0x0D, 0xEE, 0xCD, 0xED, 0xAC, 0xE5, 0x6B, 0xE5, 0x4B, 0xE5,
    0x2B, 0xDD, 0x2B, 0xDD, 0x0B, 0xDD, 0x0B, 0xDD, 0x2D, 0xD5, 0xB7, 0xC6, 0x35, 0xC6, 0x0E, 0xD5,
    0xEF, 0xDC, 0xF0, 0xDC, 0xF1, 0xE4, 0xF2, 0xE4, 0xF4, 0xEC, 0xF4, 0xEC, 0x34, 0xED, 0x35, 0xED,
    0xF5, 0xEC, 0xD6, 0xEC, 0xD6, 0xEC, 0xB6, 0xE4, 0xB7, 0xEC, 0xB7, 0xE4, 0x97, 0xE4, 0x97, 0xE4,
    0x77, 0xE4, 0x56, 0xE4, 0x36, 0xE4, 0x55, 0xE4, 0x16, 0xF6, 0x55, 0xDC, 0xD5, 0xD3, 0xB5, 0xD3,
    0x11, 0xCC, 0xEB, 0xDC, 0xD2, 0xCB, 0xF4, 0xCB, 0xD7, 0xDC, 0xF4, 0xCB, 0xB5, 0xDD, 0xDF, 0xEE,
    0x7C, 0xCE, 0x2D, 0x42, 0xAB, 0x31, 0x6A, 0x29, 0x29, 0x21, 0x08, 0x19, 0xE7, 0x18, 0x07, 0x19,
    0x27, 0x21, 0xA7, 0x41, 0xEA, 0x72, 0x87, 0x39, 0x26, 0x21, 0x46, 0x29, 0x66, 0x39, 0xC6, 0x49,
    0x67, 0x62, 0x07, 0x83, 0x68, 0xB4, 0x29, 0xF6, 0x25, 0xFD, 0xA7, 0xE4, 0xCD, 0xED, 0x6E, 0xF6,
    0x6C, 0xFE, 0x0B, 0xFE, 0xAA, 0xFD, 0x6A, 0xFD, 0xAB, 0xF5, 0xEB, 0xFD, 0x8C, 0xF5, 0x45, 0x72,
    0x63, 0x00, 0x63, 0x08, 0x83, 0x10, 0xA3, 0x18, 0xC3, 0x20, 0xE4, 0x28, 0x04, 0x31, 0x44, 0x39,
    0x84, 0x41, 0xA5, 0x49, 0xA5, 0x49, 0x85, 0x49, 0xA5, 0x41, 0x85, 0x39, 0x45, 0x31, 0x25, 0x29,
    0xE5, 0x20, 0xC5, 0x18, 0xC5, 0x10, 0xC5, 0x10, 0x84, 0x10, 0xAC, 0x83, 0xAC, 0x83, 0x64, 0x08,
    0xC6, 0x10, 0xE7, 0x18, 0xE7, 0x18, 0x07, 0x21, 0x48, 0x29, 0x88, 0x39, 0x09, 0x4A, 0x48, 0x62,
    0x11, 0xB5, 0xFD, 0xFF, 0x5B, 0xF7, 0xFF, 0xFF, 0xDA, 0xFE, 0xB5, 0xFD, 0x36, 0xFE, 0x76, 0xFE,
    0xF6, 0xFE, 0xB6, 0xFF, 0x34, 0xFF, 0x37, 0xFF, 0xFC, 0xFF, 0xB8, 0xFF, 0xF4, 0xF6, 0xF4, 0xFE,
    0xD3, 0xFE, 0x91, 0xF6, 0x2F, 0xF6, 0x0E, 0xEE, 0x0E, 0xEE, 0xD2, 0xEE, 0xB6, 0xFF, 0x73, 0xFF,
    0x30, 0xFF, 0x10, 0xFF, 0xCE, 0xFE, 0x11, 0xFF, 0xB7, 0xFF, 0xD7, 0xFF, 0x94, 0xFF, 0x32, 0xFF,
    0xF1, 0xFE, 0x70, 0xFE, 0x89, 0xC3, 0xC8, 0x71, 0xE6, 0x50, 0x85, 0x40, 0x85, 0x38, 0x85, 0x38,
    0x65, 0x30, 0x24, 0x30, 0x45, 0x38, 0xE7, 0x48, 0xB0, 0x93, 0xE5, 0x50, 0x98, 0xCD, 0xFA, 0xD5,
    0xE7, 0x81, 0x2E, 0xFE, 0x4E, 0xF6, 0x0D, 0xEE, 0xCC, 0xED, 0xAC, 0xED, 0x6B, 0xE5, 0x4B, 0xE5,
    0x2B, 0xDD, 0x2B, 0xDD, 0x0B, 0xDD, 0x0B, 0xD5, 0x97, 0xC6, 0xBF, 0xB7, 0xBF, 0xB7, 0xF4, 0xCD,
    0xCE, 0xDC, 0xF0, 0xDC, 0xF1, 0xE4, 0xF2, 0xE4, 0xF3, 0xE4, 0xF4, 0xEC, 0xF5, 0xEC, 0xF5, 0xEC,
    0xD5, 0xEC, 0xD6, 0xE4, 0xD6, 0xE4, 0xB6, 0xE4, 0xB6, 0xE4, 0x97, 0xE4, 0x97, 0xE4, 0x77, 0xE4,
    0x56, 0xE4, 0x36, 0xDC, 0x16, 0xDC, 0x15, 0xDC, 0x15, 0xDC, 0xF5, 0xDB, 0xD5, 0xD3, 0x94, 0xCB,
    0xAF, 0xD4, 0x0E, 0xDD, 0x73, 0xCB, 0x8C, 0xD4, 0xF2, 0xDC, 0xF4, 0xC3, 0xF6, 0xE5, 0xDF, 0xE6,
    0x9C, 0xC6, 0x2D, 0x42, 0xCB, 0x31, 0x6A, 0x29, 0x29, 0x21, 0x08, 0x19, 0xE7, 0x18, 0x07, 0x19,
    0xE6, 0x20, 0x4B, 0x7B, 0xF9, 0xFF, 0xC9, 0x6A, 0xC5, 0x18, 0x26, 0x29, 0x46, 0x31, 0x86, 0x41,
    0xE6, 0x51, 0x67, 0x6A, 0xA6, 0x7A, 0x66, 0x9B, 0xC8, 0xE4, 0x06, 0xEC, 0x45, 0xD3, 0xA7, 0xCB,
    0xC9, 0xDC, 0x6A, 0xED, 0xAB, 0xF5, 0xEB, 0xF5, 0x6A, 0xED, 0x6B, 0xFD, 0x4B, 0xC4, 0x83, 0x49,
    0x63, 0x08, 0x83, 0x10, 0xA3, 0x18, 0xE3, 0x20, 0x04, 0x31, 0x44, 0x39, 0x84, 0x49, 0xC5, 0x51,
    0xC4, 0x59, 0xE4, 0x61, 0x66, 0x6A, 0x86, 0x6A, 0x25, 0x62, 0xE5, 0x51, 0xC5, 0x49, 0x65, 0x39,
    0x25, 0x29, 0xE5, 0x20, 0xE5, 0x18, 0xC5, 0x18, 0xA5, 0x10, 0x26, 0x29, 0xC5, 0x18, 0x28, 0x4A,
    0x08, 0x42, 0xA7, 0x10, 0x08, 0x19, 0x08, 0x21, 0x48, 0x29, 0xA9, 0x39, 0x29, 0x52, 0x88, 0x6A,
    0x77, 0xDE, 0x7B, 0xFF, 0x36, 0xFE, 0x17, 0xFE, 0x38, 0xFE, 0xFB, 0xFE, 0x16, 0xFE, 0x76, 0xFE,
    0xD6, 0xFE, 0x36, 0xFF, 0xB7, 0xFF, 0x15, 0xFF, 0x31, 0xF6, 0xD0, 0xF5, 0x11, 0xF6, 0x32, 0xF6,
    0xB3, 0xFE, 0x14, 0xFF, 0x14, 0xFF, 0xB2, 0xFE, 0x50, 0xFE, 0xAD, 0xED, 0xCE, 0xE5, 0x77, 0xFF,
    0x95, 0xFF, 0x10, 0xFF, 0xF0, 0xFE, 0x8E, 0xFE, 0xB0, 0xFE, 0x34, 0xFF, 0x74, 0xFF, 0x32, 0xFF,
    0xD1, 0xFE, 0x70, 0xFE, 0x0B, 0xD4, 0x2D, 0x93, 0x47, 0x69, 0x49, 0x61, 0x67, 0x38, 0xA7, 0x38,
    0xA7, 0x40, 0xC8, 0x40, 0x66, 0x48, 0x68, 0x61, 0x55, 0xC5, 0xE9, 0x71, 0x7B, 0xE6, 0xDA, 0xD5,
    0xC9, 0x9A, 0x8F, 0xFE, 0x4E, 0xF6, 0x0D, 0xF6, 0xCD, 0xED, 0xAC, 0xED, 0x6B, 0xE5, 0x4B, 0xE5,
    0x2B, 0xDD, 0x2B, 0xDD, 0x0B, 0xDD, 0xEB, 0xDC, 0xB1, 0xCD, 0xBF, 0xB7, 0x7E, 0xB7, 0x71, 0xCD,
    0xEE, 0xDC, 0xF0, 0xDC, 0xF1, 0xE4, 0xF2, 0xE4, 0xD3, 0xE4, 0xD4, 0xE4, 0xF5, 0xEC, 0xF5, 0xEC,
    0xD5, 0xE4, 0xB6, 0xE4, 0xB6, 0xE4, 0xB6, 0xE4, 0x96, 0xE4, 0x96, 0xE4, 0x76, 0xE4, 0x76, 0xE4,
    0x56, 0xE4, 0x16, 0xDC, 0x15, 0xDC, 0xF5, 0xDB, 0xD5, 0xD3, 0xD5, 0xD3, 0xD5, 0xD3, 0x93, 0xCB,
    0x4F, 0xDD, 0xF1, 0xDC, 0x92, 0xC3, 0x8B, 0xDC, 0xF5, 0xCB, 0xF3, 0xCB, 0xF6, 0xDD, 0xBF, 0xDE,
    0x9C, 0xC6, 0x2D, 0x42, 0xCC, 0x31, 0x8A, 0x29, 0x49, 0x21, 0x08, 0x19, 0x08, 0x19, 0xE7, 0x18,
    0xE7, 0x18, 0xC8, 0x41, 0x4B, 0x7B, 0xC7, 0x41, 0xE6, 0x18, 0xE6, 0x18, 0x26, 0x29, 0x46, 0x31,
    0x86, 0x39, 0xC6, 0x49, 0x26, 0x5A, 0x46, 0x62, 0xC6, 0x7A, 0xA8, 0xB3, 0xA7, 0xD3, 0x05, 0xD3,
    0xC6, 0xCA, 0x29, 0xD3, 0xCC, 0xD3, 0x2E, 0xDC, 0xD1, 0xEC, 0x73, 0xED, 0x26, 0x6A, 0x43, 0x39,
    0x83, 0x10, 0xA3, 0x18, 0xE3, 0x20, 0x04, 0x31, 0x64, 0x41, 0xC4, 0x51, 0xE4, 0x61, 0x85, 0x72,
    0x29, 0xA4, 0xAD, 0xCD, 0x8F, 0xE6, 0x11, 0xEF, 0x90, 0xDE, 0xA9, 0x93, 0x05, 0x5A, 0xC6, 0x49,
    0x65, 0x31, 0x25, 0x29, 0xE5, 0x20, 0xE6, 0x18, 0xA5, 0x10, 0x26, 0x21, 0xE6, 0x18, 0x67, 0x29,
    0x67, 0x29, 0xE7, 0x10, 0x08, 0x19, 0x28, 0x21, 0x68, 0x31, 0xA9, 0x41, 0x29, 0x5A, 0xEA, 0x7A,
    0x5B, 0xF7, 0xB8, 0xFE, 0x74, 0xFD, 0x54, 0xFD, 0xD6, 0xFD, 0x38, 0xFE, 0x16, 0xFE, 0x76, 0xFE,
    0xB6, 0xFE, 0x57, 0xFF, 0x11, 0xF6, 0x0C, 0xED, 0x2D, 0xF5, 0x2D, 0xED, 0x2D, 0xED, 0x4D, 0xF5,
    0x4D, 0xED, 0x8E, 0xED, 0x31, 0xF6, 0xD3, 0xFE, 0x51, 0xFE, 0x30, 0xF6, 0xEF, 0xF5, 0x2D, 0xE5,
    0x56, 0xF7, 0x74, 0xFF, 0xAF, 0xFE, 0x6F, 0xFE, 0x0E, 0xF6, 0x4F, 0xF6, 0xF2, 0xFE, 0x12, 0xFF,
    0xD1, 0xFE, 0xB1, 0xFE, 0xAC, 0xE4, 0xF3, 0xCC, 0x0A, 0x7A, 0x2C, 0x8A, 0x8B, 0x61, 0xE9, 0x48,
    0xE9, 0x50, 0xE8, 0x58, 0xCC, 0xAB, 0x4B, 0xAB, 0xE6, 0x78, 0xB0, 0xA3, 0x5E, 0xF7, 0x37, 0xD5,
    0x6C, 0xCC, 0xF1, 0xFE, 0x4F, 0xFE, 0x2E, 0xF6, 0xED, 0xED, 0xAC, 0xED, 0x8B, 0xE5, 0x6B, 0xE5,
    0x4B, 0xE5, 0x2B, 0xDD, 0x0B, 0xDD, 0xEB, 0xDC, 0x6F, 0xD5, 0xF4, 0xC5, 0xB2, 0xC5, 0x50, 0xD5,
    0xEE, 0xDC, 0xF0, 0xDC, 0xF1, 0xE4, 0xF2, 0xE4, 0xD4, 0xE4, 0xD4, 0xE4, 0xD5, 0xE4, 0xD5, 0xE4,
    0xD5, 0xE4, 0xB6, 0xE4, 0xB6, 0xE4, 0x96, 0xE4, 0x96, 0xE4, 0x76, 0xE4, 0x76, 0xE4, 0x56, 0xE4,
    0x36, 0xDC, 0x16, 0xE4, 0xF6, 0xE3, 0xD5, 0xDB, 0xB5, 0xD3, 0xB4, 0xD3, 0x94, 0xCB, 0xD1, 0xCB,
    0xCF, 0xE5, 0x73, 0xD4, 0x92, 0xC3, 0x4C, 0xD4, 0x33, 0xD4, 0x90, 0xCC, 0xD9, 0xDD, 0x9F, 0xDE,
    0x9B, 0xC6, 0x2D, 0x42, 0xCC, 0x31, 0x8A, 0x29, 0x49, 0x21, 0x29, 0x19, 0x08, 0x19, 0xE7, 0x18,
    0xE7, 0x18, 0x07, 0x21, 0xC6, 0x18, 0x07, 0x21, 0x26, 0x21, 0xA7, 0x39, 0x26, 0x29, 0x25, 0x21,
    0x45, 0x31, 0x65, 0x39, 0xA5, 0x41, 0xE5, 0x51, 0x06, 0x5A, 0x45, 0x62, 0xA6, 0x7A, 0x07, 0xA3,
    0x68, 0xC3, 0xCC, 0xDB, 0x2F, 0xE4, 0x91, 0xEC, 0x13, 0xE5, 0x0A, 0x8B, 0x43, 0x39, 0x44, 0x39,
    0xA3, 0x18, 0xE3, 0x20, 0x24, 0x31, 0x64, 0x41, 0xC4, 0x51, 0x04, 0x62, 0xC8, 0x9B, 0x4F, 0xE6,
    0xCF, 0xFE, 0x2B, 0xF6, 0xCA, 0xED, 0x0B, 0xEE, 0x70, 0xFF, 0x53, 0xF7, 0x08, 0x7B, 0xE5, 0x51,
    0xA6, 0x41, 0x45, 0x31, 0x05, 0x21, 0xE6, 0x18, 0xC6, 0x10, 0x06, 0x21, 0xE7, 0x18, 0xC7, 0x10,
    0xC7, 0x10, 0xE7, 0x18, 0x08, 0x19, 0x28, 0x21, 0x68, 0x31, 0xC9, 0x41, 0x29, 0x5A, 0xAD, 0x8B,
    0x9C, 0xFF, 0x16, 0xFE, 0x54, 0xFD, 0x54, 0xFD, 0x75, 0xFD, 0xB5, 0xFD, 0x16, 0xFE, 0x56, 0xFE,
    0xF7, 0xFE, 0x52, 0xF6, 0xEC, 0xEC, 0x0D, 0xED, 0x2D, 0xED, 0x4E, 0xED, 0x4E, 0xED, 0x4E, 0xF5,
    0x4D, 0xF5, 0x4D, 0xF5, 0x2D, 0xED, 0xAF, 0xED, 0xB3, 0xFE, 0xD0, 0xF5, 0x8E, 0xED, 0x4E, 0xED,
    0xCB, 0xDC, 0x55, 0xFF, 0x90, 0xFE, 0xEE, 0xFD, 0xAD, 0xF5, 0xAD, 0xF5, 0x2F, 0xF6, 0xB2, 0xFE,
    0xB2, 0xFE, 0xD2, 0xFE, 0x6D, 0xED, 0x73, 0xE5, 0x93, 0xB4, 0x68, 0x79, 0xAE, 0x9A, 0x8F, 0x92,
    0x4E, 0x8A, 0x6C, 0x9A, 0x14, 0xFF, 0x2E, 0xDD, 0x8A, 0x9A, 0x9B, 0xEE, 0xBC, 0xEE, 0x14, 0xD5,
    0x70, 0xF6, 0x11, 0xFF, 0x6F, 0xFE, 0x2E, 0xF6, 0xED, 0xF5, 0xCC, 0xED, 0x8C, 0xED, 0x6B, 0xE5,
    0x4B, 0xE5, 0x2B, 0xDD, 0x0B, 0xDD, 0x0B, 0xDD, 0xEC, 0xD4, 0xCB, 0xDC, 0xCC, 0xDC, 0xED, 0xDC,
    0xEE, 0xDC, 0xEF, 0xDC, 0xF1, 0xE4, 0xD3, 0xE4, 0xD4, 0xE4, 0xB4, 0xE4, 0xB5, 0xE4, 0xB5, 0xE4,
    0xB5, 0xE4, 0x94, 0xE4, 0xB5, 0xE4, 0x96, 0xE4, 0x76, 0xE4, 0x76, 0xDC, 0x56, 0xDC, 0x36, 0xDC,
    0x15, 0xDC, 0xF6, 0xE3, 0x38, 0xEC, 0x74, 0xD3, 0x94, 0xD3, 0x94, 0xD3, 0x54, 0xCB, 0x10, 0xCC,
    0xAF, 0xE5, 0xF4, 0xCB, 0xB5, 0xC3, 0xCC, 0xC3, 0x0D, 0xDD, 0x94, 0xDD, 0x5C, 0xCD, 0xBF, 0xDE,
    0x5B, 0xB6, 0x0D, 0x42, 0xCC, 0x31, 0x8B, 0x29, 0x4A, 0x21, 0x29, 0x19, 0x08, 0x19, 0x08, 0x19,
    0xE7, 0x18, 0xE7, 0x18, 0xE7, 0x18, 0xE7, 0x10, 0xE6, 0x18, 0x2B, 0x73, 0x46, 0x31, 0xE5, 0x18,
    0x05, 0x21, 0x25, 0x29, 0x45, 0x31, 0x65, 0x39, 0x85, 0x41, 0xA5, 0x49, 0xC5, 0x51, 0xE5, 0x51,
    0x05, 0x62, 0x46, 0x72, 0x66, 0x72, 0x46, 0x6A, 0xC4, 0x51, 0x43, 0x41, 0x44, 0x39, 0x03, 0x29,
    0xE3, 0x20, 0x04, 0x31, 0x64, 0x41, 0xC4, 0x59, 0x24, 0x6A, 0xEB, 0xBC, 0x10, 0xFF, 0x4C, 0xF6,
    0x0B, 0xEE, 0xAD, 0xF6, 0x2F, 0xFF, 0xCE, 0xF6, 0xCD, 0xF6, 0xD3, 0xFF, 0x11, 0xD6, 0x46, 0x62,
    0xE6, 0x49, 0x66, 0x31, 0x06, 0x29, 0xE6, 0x18, 0xE6, 0x18, 0x07, 0x19, 0xE7, 0x10, 0xE7, 0x10,
    0xE7, 0x18, 0x07, 0x19, 0x08, 0x19, 0x28, 0x21, 0x69, 0x31, 0xEA, 0x41, 0x29, 0x5A, 0x2F, 0x9C,
    0x9C, 0xFF, 0x95, 0xFD, 0x14, 0xFD, 0x14, 0xFD, 0x54, 0xFD, 0x95, 0xFD, 0xD5, 0xFD, 0x56, 0xFE,
    0xD6, 0xF6, 0x2D, 0xED, 0xEC, 0xEC, 0x6E, 0xF5, 0x2D, 0xF5, 0x0C, 0xED, 0x4D, 0xF5, 0x2D, 0xED,
    0x0D, 0xED, 0x0D, 0xED, 0x4E, 0xED, 0x0D, 0xED, 0xF0, 0xF5, 0x31, 0xF6, 0x0D, 0xE5, 0xED, 0xE4,
    0x2A, 0xDC, 0x2C, 0xDD, 0xD2, 0xFE, 0x6D, 0xF5, 0x6E, 0xF5, 0x4D, 0xED, 0x8D, 0xED, 0x50, 0xF6,
    0xB2, 0xFE, 0xD2, 0xFE, 0x90, 0xFE, 0xED, 0xE4, 0x39, 0xEE, 0x52, 0xB4, 0x2A, 0x92, 0x8D, 0xA2,
    0xEF, 0xAA, 0xCE, 0xAA, 0xAA, 0xA2, 0x4D, 0xA3, 0x3A, 0xE6, 0xBC, 0xEE, 0xF9, 0xE5, 0x55, 0xEE,
    0xD7, 0xFF, 0x53, 0xFF, 0xD1, 0xFE, 0x6F, 0xFE, 0x0E, 0xF6, 0xCD, 0xED, 0xAC, 0xED, 0x8E, 0xED,
    0x70, 0xED, 0x2C, 0xE5, 0x0B, 0xDD, 0xEB, 0xDC, 0xEB, 0xDC, 0xCC, 0xDC, 0xCC, 0xDC, 0xED, 0xDC,
    0xEE, 0xDC, 0xD0, 0xDC, 0xD2, 0xE4, 0xD3, 0xE4, 0xD4, 0xE4, 0xB4, 0xE4, 0xB5, 0xE4, 0x75, 0xE4,
    0x53, 0xED, 0x2B, 0xDD, 0x8B, 0xC3, 0x96, 0xE4, 0x56, 0xDC, 0x56, 0xDC, 0x36, 0xDC, 0x15, 0xDC,
    0xF5, 0xE3, 0x78, 0xEC, 0x9C, 0xFD, 0x38, 0xEC, 0x74, 0xD3, 0x94, 0xCB, 0x33, 0xC3, 0x8E, 0xD4,
    0x2F, 0xDD, 0xB5, 0xC3, 0xF6, 0xC3, 0xF4, 0xC3, 0xD5, 0xCC, 0x1A, 0xCD, 0x5D, 0xCD, 0xFF, 0xDE,
    0xFA, 0xAD, 0x0D, 0x3A, 0xEC, 0x31, 0x8B, 0x29, 0x4A, 0x21, 0x29, 0x19, 0x09, 0x19, 0x08, 0x19,
    0xE7, 0x10, 0xE7, 0x18, 0xE7, 0x10, 0xC7, 0x10, 0xC6, 0x10, 0xE6, 0x18, 0x26, 0x29, 0xE5, 0x18,
    0xE5, 0x18, 0x05, 0x21, 0x05, 0x29, 0x25, 0x31, 0x25, 0x31, 0x45, 0x31, 0x44, 0x39, 0x65, 0x41,
    0x85, 0x41, 0x84, 0x41, 0x64, 0x41, 0x44, 0x39, 0x44, 0x39, 0x24, 0x31, 0xE3, 0x28, 0xC3, 0x18,
    0x03, 0x29, 0x64, 0x39, 0xC4, 0x59, 0x45, 0x72, 0x8C, 0xD5, 0x91, 0xFF, 0x6B, 0xF6, 0xAC, 0xFE,
    0x4E, 0xFF, 0x4F, 0xFF, 0x4F, 0xFF, 0x70, 0xFF, 0x91, 0xFF, 0x30, 0xFF, 0xD1, 0xFE, 0x69, 0x83,
    0xC6, 0x49, 0x66, 0x39, 0x26, 0x29, 0x06, 0x21, 0x07, 0x19, 0x28, 0x11, 0x28, 0x11, 0xE7, 0x10,
    0xE7, 0x10, 0x08, 0x19, 0x28, 0x21, 0x49, 0x21, 0x69, 0x31, 0xEA, 0x41, 0x29, 0x5A, 0x90, 0xA4,
    0x9B, 0xFF, 0x54, 0xFD, 0xD3, 0xFC, 0xF3, 0xFC, 0x13, 0xFD, 0x54, 0xFD, 0x94, 0xFD, 0x55, 0xFE,
    0x53, 0xF6, 0x2D, 0xED, 0x4D, 0xF5, 0xC9, 0xCB, 0x4B, 0xDC, 0x4D, 0xF5, 0x0D, 0xED, 0x0D, 0xED,
    0x2D, 0xED, 0x2D, 0xED, 0x4D, 0xED, 0x2D, 0xED, 0x2D, 0xED, 0xF0, 0xF5, 0x2D, 0xE5, 0x2A, 0xD4,
    0x0A, 0xD4, 0x68, 0xC3, 0x30, 0xF6, 0x6E, 0xF5, 0x0E, 0xED, 0x0E, 0xED, 0x2D, 0xED, 0xCF, 0xED,
    0x91, 0xFE, 0xD1, 0xFE, 0x11, 0xFF, 0x6F, 0xFE, 0x6F, 0xE5, 0x9A, 0xF6, 0x18, 0xDE, 0x92, 0xBC,
    0xF1, 0xBB, 0x31, 0xBC, 0x13, 0xCD, 0x98, 0xEE, 0x77, 0xF6, 0xF5, 0xED, 0x14, 0xEE, 0x77, 0xFF,
    0xD9, 0xFF, 0xB6, 0xFF, 0x33, 0xFF, 0x91, 0xFE, 0x2F, 0xFE, 0xED, 0xF5, 0xAD, 0xED, 0x76, 0xF5,
    0x3B, 0xFD, 0x31, 0xED, 0x0B, 0xDD, 0xEB, 0xDC, 0xEB, 0xDC, 0xCB, 0xDC, 0xCC, 0xDC, 0xCD, 0xDC,
    0xCE, 0xDC, 0x30, 0xE5, 0xF2, 0xE4, 0xD3, 0xE4, 0xB4, 0xE4, 0x94, 0xE4, 0x94, 0xE4, 0x95, 0xE4,
    0x2D, 0xD4, 0xE2, 0xAA, 0x69, 0xBB, 0x96, 0xE4, 0x35, 0xDC, 0x36, 0xDC, 0x35, 0xDC, 0x15, 0xDC,
    0xF6, 0xE3, 0x1A, 0xF5, 0xBC, 0xFD, 0xD6, 0xE3, 0x73, 0xCB, 0x74, 0xCB, 0x31, 0xC3, 0x2C, 0xDD,
    0x50, 0xD4, 0x96, 0xC3, 0xF6, 0xC3, 0x38, 0xC4, 0x59, 0xC4, 0xFB, 0xCC, 0x9D, 0xCD, 0x5F, 0xDF,
    0x78, 0x9D, 0xED, 0x31, 0xED, 0x31, 0x8B, 0x29, 0x6A, 0x21, 0x49, 0x19, 0x29, 0x19, 0x08, 0x19,
    0x08, 0x11, 0xE7, 0x10, 0xE7, 0x10, 0xC7, 0x10, 0xC7, 0x10, 0xC6, 0x10, 0xE6, 0x18, 0xC5, 0x18,
    0xE5, 0x20, 0x45, 0x29, 0xA6, 0x41, 0x25, 0x31, 0x05, 0x29, 0x04, 0x21, 0x04, 0x29, 0x04, 0x29,
    0x24, 0x29, 0x24, 0x31, 0x24, 0x31, 0x04, 0x29, 0xE3, 0x20, 0xE3, 0x20, 0xC3, 0x18, 0xA3, 0x10,
    0x24, 0x39, 0xA4, 0x49, 0x04, 0x6A, 0x6C, 0xD5, 0xB2, 0xFF, 0x0D, 0xF7, 0xAB, 0xFE, 0xEC, 0xFE,
    0x0C, 0xFF, 0x2E, 0xFF, 0x4F, 0xFF, 0x90, 0xFF, 0xF5, 0xFF, 0x6E, 0xF6, 0xCB, 0xF5, 0x69, 0x8B,
    0xE6, 0x51, 0x86, 0x39, 0x26, 0x29, 0xE6, 0x18, 0xCA, 0x21, 0xB8, 0x75, 0x2C, 0x22, 0xE7, 0x10,
    0x08, 0x11, 0x08, 0x19, 0x28, 0x21, 0x49, 0x21, 0x89, 0x31, 0xEA, 0x41, 0x2A, 0x52, 0x70, 0xA4,
    0x9B, 0xFF, 0x53, 0xFD, 0xB2, 0xFC, 0xB2, 0xFC, 0xF2, 0xFC, 0x32, 0xFD, 0x52, 0xFD, 0x54, 0xFE,
    0xD0, 0xED, 0x4D, 0xF5, 0x6B, 0xDC, 0xC2, 0x80, 0x03, 0x71, 0x2D, 0xED, 0x0C, 0xED, 0x2D, 0xED,
    0x2D, 0xED, 0x4D, 0xF5, 0x2D, 0xED, 0x6E, 0xF5, 0x0D, 0xED, 0x6E, 0xED, 0x4D, 0xED, 0xA9, 0xCB,
    0x89, 0xC3, 0xE7, 0xC2, 0xAB, 0xDC, 0x8F, 0xF5, 0xAE, 0xEC, 0xEF, 0xEC, 0xEF, 0xEC, 0x6E, 0xED,
    0x50, 0xF6, 0xF1, 0xFE, 0x32, 0xFF, 0x93, 0xFF, 0x32, 0xFF, 0x92, 0xF6, 0x17, 0xF7, 0x79, 0xFF,
    0x79, 0xFF, 0x98, 0xFF, 0xB7, 0xFF, 0x75, 0xFF, 0x55, 0xFF, 0x55, 0xFF, 0x35, 0xFF, 0xD4, 0xFE,
    0xB4, 0xFE, 0xD4, 0xFE, 0xB3, 0xFE, 0x51, 0xFE, 0x10, 0xFE, 0xCE, 0xF5, 0x8F, 0xF5, 0x18, 0xFD,
    0xDB, 0xFC, 0xD4, 0xF4, 0x0C, 0xE5, 0xEB, 0xDC, 0xEB, 0xDC, 0xCB, 0xDC, 0xCC, 0xDC, 0xCD, 0xDC,
    0x0F, 0xEE, 0x2B, 0xDD, 0x4A, 0xD4, 0xB1, 0xDC, 0x94, 0xE4, 0x94, 0xE4, 0x74, 0xDC, 0x95, 0xE4,
    0xD0, 0xD3, 0x29, 0xBB, 0x51, 0xDC, 0x35, 0xDC, 0x35, 0xDC, 0x15, 0xDC, 0x15, 0xD4, 0xF5, 0xD3,
    0xD4, 0xDB, 0xB5, 0xDB, 0x58, 0xEC, 0x74, 0xD3, 0x93, 0xCB, 0x53, 0xC3, 0xCF, 0xC3, 0x6C, 0xDD,
    0xB2, 0xC3, 0x96, 0xC3, 0xD7, 0xC3, 0x38, 0xC4, 0xDA, 0xC4, 0x5C, 0xCD, 0xDD, 0xCD, 0x9F, 0xDF,
    0xF6, 0x84, 0xED, 0x31, 0xED, 0x31, 0xAB, 0x29, 0x6A, 0x21, 0x4A, 0x21, 0x29, 0x19, 0x09, 0x19,
    0x08, 0x19, 0x08, 0x19, 0xE7, 0x10, 0xE7, 0x10, 0xC7, 0x10, 0xC6, 0x10, 0xC6, 0x10, 0xE5, 0x18,
    0xE5, 0x20, 0x85, 0x41, 0x6C, 0x9C, 0xC3, 0x20, 0x05, 0x21, 0xE4, 0x20, 0xC4, 0x18, 0xE4, 0x18,
    0xE4, 0x18, 0xE4, 0x20, 0xE4, 0x18, 0xC4, 0x18, 0xC3, 0x18, 0xA3, 0x10, 0xA3, 0x10, 0x83, 0x10,
    0x64, 0x41, 0xA4, 0x51, 0x49, 0xB4, 0x50, 0xFF, 0xCC, 0xF6, 0x69, 0xFE, 0x8A, 0xFE, 0xCA, 0xFE,
    0x0C, 0xFF, 0x4D, 0xFF, 0x90, 0xFF, 0xF6, 0xFF, 0xD9, 0xFF, 0x4C, 0xFE, 0x2A, 0xE5, 0xA7, 0x72,
    0x07, 0x52, 0x86, 0x39, 0x26, 0x29, 0x06, 0x21, 0x68, 0x19, 0x90, 0x43, 0xAA, 0x19, 0x08, 0x11,
    0x08, 0x19, 0x08, 0x19, 0x29, 0x21, 0x49, 0x21, 0x89, 0x31, 0xEA, 0x41, 0x0A, 0x52, 0x30, 0x94,
    0x9B, 0xFF, 0x53, 0xFD, 0xB1, 0xFC, 0x91, 0xFC, 0xB1, 0xFC, 0x11, 0xFD, 0x51, 0xFD, 0x33, 0xF6,
    0x4E, 0xED, 0x4E, 0xF5, 0xAA, 0xCB, 0xE2, 0x80, 0x81, 0x68, 0xAC, 0xDC, 0x2D, 0xF5, 0x0C, 0xED,
    0x2D, 0xF5, 0x8B, 0xE4, 0xA3, 0x99, 0xE7, 0xB2, 0x6E, 0xF5, 0x0C, 0xED, 0x4D, 0xED, 0x89, 0xC3,
    0x08, 0xBB, 0xC7, 0xBA, 0x68, 0xC3, 0x6F, 0xF5, 0x90, 0xEC, 0xB2, 0xF4, 0xB1, 0xF4, 0xEE, 0xEC,
    0xEF, 0xF5, 0xD0, 0xFE, 0x52, 0xFF, 0xB5, 0xFF, 0xF8, 0xFF, 0xFA, 0xFF, 0xFA, 0xFF, 0xD9, 0xFF,
    0xD8, 0xFF, 0x98, 0xFF, 0x38, 0xFF, 0xD7, 0xFE, 0x96, 0xFE, 0x56, 0xFE, 0x35, 0xFE, 0x35, 0xFE,
    0xF4, 0xFD, 0xF3, 0xFD, 0xF2, 0xFD, 0xD1, 0xFD, 0xD0, 0xF5, 0xAF, 0xF5, 0x8D, 0xED, 0x30, 0xED,
    0xD4, 0xF4, 0x0D, 0xE5, 0x0C, 0xE5, 0xEB, 0xDC, 0xCB, 0xDC, 0xCB, 0xDC, 0xAC, 0xDC, 0xEC, 0xDC,
    0x6A, 0xE5, 0x45, 0xBB, 0x24, 0xBB, 0xA9, 0xC3, 0x93, 0xE4, 0x94, 0xDC, 0x95, 0xDC, 0x75, 0xDC,
    0x55, 0xDC, 0x55, 0xDC, 0x15, 0xDC, 0x15, 0xDC, 0x15, 0xDC, 0xF5, 0xD3, 0xF4, 0xD3, 0xD4, 0xD3,
    0xB4, 0xD3, 0xB4, 0xD3, 0xB5, 0xDB, 0x93, 0xCB, 0x93, 0xCB, 0x53, 0xC3, 0xAE, 0xCC, 0xED, 0xDC,
    0x74, 0xBB, 0xB6, 0xC3, 0xF7, 0xC3, 0x18, 0xBC, 0xBB, 0xCD, 0x1D, 0xD6, 0xFD, 0xC5, 0xBF, 0xDF,
    0x34, 0x74, 0x0E, 0x32, 0xED, 0x31, 0xAC, 0x29, 0x6B, 0x21, 0x4A, 0x19, 0x49, 0x19, 0x29, 0x19,
    0x08, 0x19, 0x08, 0x19, 0x08, 0x11, 0xE7, 0x10, 0xC7, 0x10, 0xC6, 0x10, 0xC6, 0x10, 0xC5, 0x18,
    0xE7, 0x49, 0x2D, 0xBD, 0x53, 0xFF, 0x0A, 0x9C, 0x85, 0x41, 0xC4, 0x18, 0xA4, 0x10, 0xA4, 0x10,
    0xA4, 0x10, 0xA4, 0x10, 0xA4, 0x10, 0xA4, 0x10, 0x83, 0x10, 0x83, 0x08, 0x83, 0x08, 0x63, 0x08,
    0x64, 0x41, 0x85, 0x72, 0x6D, 0xF6, 0x0A, 0xF6, 0x08, 0xFE, 0x48, 0xFE, 0x89, 0xFE, 0xCA, 0xFE,
    0x0B, 0xFF, 0x6E, 0xFF, 0xD4, 0xFF, 0xFD, 0xFF, 0xFC, 0xFF, 0x71, 0xFF, 0x49, 0xB4, 0x47, 0x62,
    0xE7, 0x49, 0x66, 0x31, 0x46, 0x29, 0x27, 0x21, 0x07, 0x19, 0xC6, 0x10, 0x08, 0x11, 0x08, 0x19,
    0x08, 0x19, 0x29, 0x19, 0x29, 0x21, 0x49, 0x21, 0x8A, 0x31, 0xEB, 0x41, 0x2A, 0x52, 0xAE, 0x83,
    0x9B, 0xFF, 0x93, 0xFD, 0xB0, 0xFC, 0x70, 0xFC, 0xB0, 0xFC, 0xF0, 0xFC, 0x2F, 0xFD, 0xF1, 0xF5,
    0x4D, 0xED, 0x4E, 0xF5, 0x8A, 0xCB, 0x23, 0x89, 0xC2, 0x78, 0xAD, 0xE4, 0x2D, 0xED, 0x0D, 0xED,
    0x4D, 0xF5, 0x68, 0xCB, 0xC1, 0x88, 0x81, 0x70, 0xAC, 0xE4, 0x0C, 0xED, 0x2D, 0xED, 0x89, 0xC3,
    0xA7, 0xB2, 0xA7, 0xB2, 0xC6, 0xB2, 0x0E, 0xED, 0x70, 0xEC, 0x71, 0xF4, 0x51, 0xF4, 0x8E, 0xEC,
    0xAE, 0xED, 0xD0, 0xFE, 0x72, 0xFF, 0xD5, 0xFF, 0xF9, 0xFF, 0xFC, 0xFF, 0xFB, 0xFF, 0x98, 0xFF,
    0x37, 0xFF, 0xB7, 0xFE, 0x97, 0xFE, 0xFA, 0xFE, 0x1B, 0xFF, 0x78, 0xFE, 0xB5, 0xFD, 0x95, 0xFD,
    0x94, 0xFD, 0x74, 0xFD, 0x73, 0xFD, 0x72, 0xFD, 0x71, 0xFD, 0x70, 0xF5, 0x4E, 0xF5, 0x2D, 0xED,
    0x0D, 0xED, 0x0B, 0xE5, 0xEB, 0xDC, 0xCB, 0xDC, 0xCB, 0xDC, 0xCB, 0xDC, 0xAC, 0xDC, 0x6B, 0xDC,
    0xC6, 0xCB, 0x0C, 0xD4, 0xA8, 0xCB, 0x25, 0xBB, 0x51, 0xDC, 0x95, 0xDC, 0x74, 0xDC, 0x55, 0xDC,
    0x34, 0xDC, 0x14, 0xDC, 0x14, 0xD4, 0xF4, 0xD3, 0xF4, 0xD3, 0xD4, 0xD3, 0xD4, 0xD3, 0xB4, 0xD3,
    0xB4, 0xD3, 0x93, 0xCB, 0x73, 0xCB, 0x73, 0xCB, 0x73, 0xCB, 0x91, 0xC3, 0x6D, 0xDD, 0x50, 0xCC,
    0x75, 0xBB, 0xB6, 0xC3, 0xF7, 0xC3, 0x39, 0xBC, 0xFB, 0xBC, 0x7C, 0xC5, 0x5E, 0xCE, 0x9F, 0xD7,
    0x92, 0x5B, 0x2E, 0x3A, 0x0D, 0x32, 0xAC, 0x29, 0x8B, 0x21, 0x6A, 0x21, 0x4A, 0x19, 0x29, 0x19,
    0x29, 0x19, 0x28, 0x19, 0x08, 0x19, 0x08, 0x19, 0xE7, 0x18, 0xE7, 0x10, 0xC6, 0x10, 0xE6, 0x18,
    0xA7, 0x41, 0x2B, 0x9C, 0x8F, 0xEE, 0x68, 0x8B, 0x45, 0x31, 0xA4, 0x10, 0x84, 0x08, 0x84, 0x08,
    0x84, 0x08, 0x83, 0x08, 0x83, 0x08, 0x63, 0x08, 0x63, 0x08, 0x63, 0x00, 0x43, 0x00, 0x43, 0x00,
    0x43, 0x41, 0x09, 0xAC, 0x8D, 0xFE, 0x47, 0xF5, 0xE7, 0xFD, 0x27, 0xFE, 0x68, 0xFE, 0xAA, 0xFE,
    0x0C, 0xFF, 0xD2, 0xFF, 0xF7, 0xFF, 0xB6, 0xFF, 0xF8, 0xFF, 0xB2, 0xEE, 0x07, 0x8B, 0x27, 0x5A,
    0xA6, 0x41, 0x67, 0x31, 0x47, 0x21, 0x48, 0x21, 0x48, 0x19, 0x49, 0x19, 0x49, 0x19, 0x29, 0x19,
    0x29, 0x19, 0x29, 0x19, 0x49, 0x21, 0x6A, 0x21, 0x8A, 0x31, 0xCB, 0x39, 0x2B, 0x4A, 0x2D, 0x73,
    0x7A, 0xF7, 0xF3, 0xFD, 0xAF, 0xFC, 0x6E, 0xF4, 0xAE, 0xF4, 0xEE, 0xF4, 0x0D, 0xF5, 0xAF, 0xF5,
    0x2D, 0xE5, 0x2D, 0xED, 0xEA, 0xD3, 0x63, 0x99, 0xE2, 0x80, 0xED, 0xE4, 0x2D, 0xED, 0xEC, 0xEC,
    0x4E, 0xF5, 0x48, 0xC3, 0x02, 0x89, 0xA1, 0x70, 0x2B, 0xD4, 0x0D, 0xED, 0x2D, 0xED, 0xAA, 0xCB,
    0x87, 0xAA, 0xA7, 0xB2, 0xA6, 0xB2, 0x8B, 0xE4, 0x0D, 0xE4, 0x0F, 0xEC, 0x0E, 0xEC, 0x2C, 0xE4,
    0x4C, 0xED, 0x8F, 0xFE, 0x52, 0xFF, 0xB5, 0xFF, 0xD7, 0xFF, 0xD8, 0xFF, 0x97, 0xFF, 0x36, 0xFF,
    0xD7, 0xFE, 0x77, 0xFE, 0x3B, 0xFF, 0xFF, 0xFF, 0xFF, 0xFF, 0x5D, 0xFF, 0xB5, 0xFD, 0x54, 0xFD,
    0x34, 0xFD, 0x13, 0xFD, 0xF6, 0xFD, 0x53, 0xFD, 0x11, 0xFD, 0x10, 0xF5, 0x0F, 0xF5, 0x0E, 0xED,
    0x0C, 0xED, 0xEC, 0xE4, 0xCB, 0xDC, 0xCB, 0xDC, 0xAB, 0xDC, 0xAB, 0xD4, 0xAB, 0xD4, 0x8C, 0xD4,
    0x4C, 0xD4, 0x4E, 0xD4, 0xEB, 0xD3, 0x64, 0xBB, 0x0E, 0xD4, 0x75, 0xE4, 0x54, 0xDC, 0x34, 0xDC,
    0x14, 0xDC, 0x14, 0xD4, 0xF4, 0xD3, 0xF4, 0xD3, 0xD4, 0xD3, 0xB4, 0xD3, 0x94, 0xCB, 0x93, 0xCB,
    0x73, 0xCB, 0x73, 0xCB, 0x73, 0xCB, 0x73, 0xC3, 0x33, 0xC3, 0x4E, 0xCC, 0x4D, 0xDD, 0xD4, 0xC3,
    0xB6, 0xBB, 0xD7, 0xBB, 0xF8, 0xBB, 0x5A, 0xBC, 0xDB, 0xC4, 0x5C, 0xC5, 0xDF, 0xD6, 0x3D, 0xC7,
    0xF1, 0x4A, 0x4F, 0x3A, 0x0D, 0x32, 0xCC, 0x29, 0xAB, 0x21, 0x6B, 0x21, 0x6A, 0x21, 0x4A, 0x19,
    0x49, 0x21, 0x49, 0x29, 0x6A, 0x31, 0x6A, 0x39, 0x28, 0x29, 0x07, 0x19, 0xE7, 0x10, 0xE6, 0x18,
    0xE6, 0x18, 0x45, 0x31, 0xA9, 0x93, 0xC4, 0x20, 0xC5, 0x18, 0xA4, 0x08, 0x84, 0x08, 0x64, 0x08,
    0x64, 0x08, 0x63, 0x00, 0x63, 0x00, 0x63, 0x00, 0x63, 0x00, 0x43, 0x00, 0x43, 0x00, 0x43, 0x00,
    0x43, 0x41, 0x89, 0xBC, 0xAD, 0xFE, 0x88, 0xF5, 0xA7, 0xFD, 0xE7, 0xFD, 0x69, 0xFE, 0x0D, 0xFF,
    0xB2, 0xFF, 0x33, 0xFF, 0xEB, 0xF5, 0x69, 0xFE, 0x0F, 0xF7, 0x09, 0xAC, 0x87, 0x72, 0xE7, 0x49,
    0x87, 0x39, 0x47, 0x29, 0x68, 0x21, 0xAA, 0x21, 0xCE, 0x3A, 0x8E, 0x32, 0xAB, 0x19, 0x6A, 0x19,
    0x49, 0x19, 0x29, 0x19, 0x4A, 0x21, 0x6A, 0x21, 0x8B, 0x29, 0xCB, 0x39, 0x4C, 0x4A, 0xAC, 0x62,
    0xF8, 0xE6, 0x74, 0xFE, 0xCE, 0xF4, 0x8D, 0xF4, 0x8C, 0xF4, 0xCC, 0xF4, 0x0C, 0xF5, 0x8E, 0xF5,
    0x2D, 0xE5, 0xEC, 0xEC, 0xED, 0xEC, 0x08, 0xBB, 0x05, 0xA2, 0x0D, 0xED, 0xCC, 0xEC, 0xEC, 0xEC,
    0x2D, 0xF5, 0x48, 0xCB, 0x23, 0x91, 0xC1, 0x78, 0x0A, 0xD4, 0xEC, 0xEC, 0xEC, 0xEC, 0xAA, 0xCB,
    0x46, 0xA2, 0x67, 0xAA, 0x66, 0xB2, 0x2A, 0xDC, 0x8A, 0xDB, 0x8B, 0xDB, 0x8A, 0xDB, 0xC9, 0xDB,
    0xCB, 0xE4, 0x4E, 0xFE, 0x11, 0xFF, 0x74, 0xFF, 0x95, 0xFF, 0x76, 0xFF, 0x36, 0xFF, 0xB6, 0xFE,
    0x76, 0xFE, 0x36, 0xFE, 0xDA, 0xFE, 0x9E, 0xFF, 0x5D, 0xFF, 0x38, 0xFE, 0x95, 0xFD, 0x14, 0xFD,
    0xB6, 0xFD, 0x54, 0xFD, 0xD2, 0xFC, 0xD2, 0xFC, 0xD1, 0xFC, 0xD0, 0xF4, 0xCF, 0xF4, 0xCE, 0xEC,
    0xCC, 0xE4, 0xCB, 0xE4, 0xCB, 0xDC, 0xAB, 0xDC, 0xAA, 0xD4, 0x8B, 0xD4, 0x8B, 0xD4, 0x8C, 0xD4,
    0x6D, 0xD4, 0x4E, 0xD4, 0x2C, 0xD4, 0x85, 0xC3, 0xAD, 0xCB, 0x55, 0xDC, 0x14, 0xD4, 0x14, 0xD4,
    0x14, 0xD4, 0xF4, 0xD3, 0xD4, 0xD3, 0xD4, 0xD3, 0xB4, 0xD3, 0x93, 0xCB, 0xB0, 0xD3, 0x72, 0xCB,
    0x53, 0xCB, 0x53, 0xC3, 0x53, 0xC3, 0x33, 0xC3, 0x4F, 0xBB, 0x0B, 0xD5, 0x70, 0xCC, 0xB6, 0xBB,
    0xD6, 0xBB, 0xF7, 0xBB, 0x17, 0xBC, 0x79, 0xBC, 0xFC, 0xC4, 0x7D, 0xC5, 0x3F, 0xD7, 0x5A, 0xAE,
    0x90, 0x3A, 0x6F, 0x3A, 0x0E, 0x32, 0xED, 0x29, 0xAC, 0x21, 0x8B, 0x21, 0x8B, 0x21, 0x6A, 0x21,
    0x6A, 0x29, 0x49, 0x29, 0x2D, 0x5A, 0x55, 0xAC, 0x08, 0x31, 0x28, 0x29, 0xE7, 0x18, 0xC6, 0x10,
    0xE6, 0x18, 0x05, 0x21, 0x45, 0x29, 0xE5, 0x18, 0xA5, 0x10, 0x84, 0x08, 0x64, 0x08, 0x64, 0x00,
    0x63, 0x00, 0x63, 0x00, 0x63, 0x00, 0x63, 0x00, 0x63, 0x00, 0x43, 0x00, 0x43, 0x00, 0x43, 0x00,
    0x44, 0x41, 0x88, 0x9B, 0x8C, 0xFE, 0x4B, 0xFE, 0x6B, 0xFE, 0xAB, 0xFE, 0x0D, 0xFF, 0xF0, 0xF6,
    0xAD, 0xE5, 0x26, 0xDC, 0x85, 0xF4, 0x28, 0xE5, 0x88, 0x9B, 0x87, 0x72, 0x07, 0x52, 0x86, 0x39,
    0x67, 0x31, 0x48, 0x21, 0xAA, 0x21, 0xCB, 0x19, 0xD9, 0x8D, 0x37, 0x75, 0xCD, 0x19, 0xCB, 0x21,
    0x6A, 0x19, 0x4A, 0x19, 0x4A, 0x21, 0x6A, 0x21, 0xAB, 0x29, 0xCC, 0x31, 0x4C, 0x4A, 0x4B, 0x52,
    0xD5, 0xC5, 0x37, 0xFF, 0x0E, 0xF5, 0x8B, 0xEC, 0x8B, 0xEC, 0xCB, 0xEC, 0xEB, 0xEC, 0x6C, 0xED,
    0x4D, 0xE5, 0x8B, 0xE4, 0x2D, 0xED, 0x12, 0xF6, 0xB0, 0xED, 0xCC, 0xE4, 0xAC, 0xE4, 0xCC, 0xEC,
    0x0D, 0xED, 0xEA, 0xD3, 0x83, 0xA1, 0xC1, 0x80, 0x4B, 0xDC, 0xCC, 0xEC, 0xCC, 0xE4, 0x28, 0xBB,
    0x26, 0xA2, 0x47, 0xAA, 0x66, 0xB2, 0xE8, 0xD3, 0x28, 0xD3, 0x48, 0xD3, 0x48, 0xD3, 0x88, 0xD3,
    0x6A, 0xE4, 0xAC, 0xF5, 0x6F, 0xFE, 0xD1, 0xFE, 0x13, 0xFF, 0x14, 0xFF, 0xB5, 0xFE, 0x55, 0xFE,
    0x16, 0xFE, 0xF6, 0xFD, 0xD6, 0xFD, 0xD7, 0xFD, 0x96, 0xFD, 0x75, 0xFD, 0x55, 0xFD, 0x14, 0xFD,
    0xF3, 0xFC, 0xB2, 0xFC, 0x91, 0xFC, 0x91, 0xFC, 0x91, 0xFC, 0x90, 0xF4, 0x8F, 0xF4, 0x8E, 0xEC,
    0xAC, 0xE4, 0xAB, 0xDC, 0xAB, 0xDC, 0x8A, 0xDC, 0x8A, 0xD4, 0x6A, 0xD4, 0x6B, 0xD4, 0x6C, 0xD4,
    0x4C, 0xD4, 0x4E, 0xD4, 0x2C, 0xD4, 0x84, 0xBB, 0x8C, 0xCB, 0x34, 0xDC, 0xF4, 0xD3, 0xF4, 0xD3,
    0xF4, 0xD3, 0xD4, 0xD3, 0xD4, 0xD3, 0xD4, 0xD3, 0x73, 0xCB, 0x70, 0xD4, 0x88, 0xCC, 0x2E, 0xC3,
    0x53, 0xCB, 0x52, 0xC3, 0x33, 0xC3, 0x10, 0xBB, 0x29, 0xC4, 0x8C, 0xD4, 0xD5, 0xC3, 0xB6, 0xBB,
    0xF7, 0xBB, 0xF7, 0xBB, 0x2F, 0xCC, 0x55, 0xD5, 0x1D, 0xC5, 0xBD, 0xC5, 0x9F, 0xD7, 0x17, 0x85,
    0x90, 0x3A, 0x90, 0x3A, 0x2E, 0x32, 0xED, 0x29, 0xCC, 0x29, 0xAC, 0x21, 0x8B, 0x21, 0x8B, 0x21,
    0x8B, 0x31, 0x4E, 0x6A, 0xB7, 0xC4, 0x3D, 0xFE, 0x52, 0x9B, 0xAB, 0x49, 0x08, 0x21, 0xE7, 0x10,
    0xC6, 0x10, 0xA6, 0x10, 0xA5, 0x08, 0xA5, 0x10, 0x85, 0x08, 0x84, 0x08, 0x64, 0x08, 0x64, 0x08,
    0x64, 0x00, 0x64, 0x00, 0x63, 0x00, 0x63, 0x00, 0x63, 0x00, 0x43, 0x00, 0x43, 0x00, 0x43, 0x00,
    0x64, 0x41, 0xA4, 0x51, 0xEC, 0xD4, 0xED, 0xFD, 0xCC, 0xED, 0x8C, 0xE5, 0x8A, 0xD4, 0x46, 0xC3,
    0xE3, 0xCA, 0xE6, 0xDB, 0x28, 0xC4, 0xE7, 0x82, 0x47, 0x6A, 0xE7, 0x51, 0x86, 0x39, 0x66, 0x31,
    0x47, 0x29, 0x89, 0x21, 0x2D, 0x2A, 0xB2, 0x43, 0x9E, 0xC7, 0x3D, 0xAF, 0x92, 0x43, 0x4E, 0x2A,
    0x8B, 0x21, 0x6A, 0x21, 0x6A, 0x21, 0x8B, 0x21, 0xAB, 0x29, 0xEC, 0x31, 0x2D, 0x42, 0x2C, 0x4A,
    0x92, 0x94, 0xBA, 0xFF, 0x4F, 0xF5, 0x8B, 0xEC, 0x6A, 0xE4, 0xAA, 0xE4, 0xEA, 0xEC, 0x2A, 0xED,
    0x6D, 0xED, 0xAC, 0xE4, 0xAC, 0xE4, 0xCC, 0xE4, 0xED, 0xE4, 0xCC, 0xE4, 0xCC, 0xE4, 0xCC, 0xE4,
    0xCC, 0xE4, 0xEC, 0xEC, 0x6B, 0xDC, 0xA9, 0xCB, 0xAC, 0xE4, 0xCC, 0xEC, 0xAC, 0xE4, 0xA7, 0xAA,
    0x06, 0xA2, 0x27, 0xAA, 0x86, 0xB2, 0xA8, 0xD3, 0x27, 0xCB, 0x27, 0xCB, 0x47, 0xCB, 0x67, 0xD3,
    0xE8, 0xDB, 0xCB, 0xEC, 0x8C, 0xF5, 0x0E, 0xFE, 0x70, 0xFE, 0x72, 0xFE, 0x54, 0xFE, 0xF5, 0xFD,
    0xB5, 0xFD, 0x96, 0xFD, 0x76, 0xFD, 0x55, 0xFD, 0x35, 0xFD, 0x35, 0xFD, 0xF4, 0xFC, 0xD4, 0xFC,
    0xB3, 0xFC, 0x92, 0xFC, 0x51, 0xFC, 0x51, 0xFC, 0x50, 0xFC, 0x4F, 0xF4, 0x4E, 0xF4, 0x6D, 0xEC,
    0x8C, 0xE4, 0x8B, 0xDC, 0x8A, 0xDC, 0x8A, 0xD4, 0x6A, 0xD4, 0x6A, 0xD4, 0x4B, 0xD4, 0x4B, 0xD4,
    0x4C, 0xD4, 0x4E, 0xD4, 0x2B, 0xD4, 0x84, 0xBB, 0x8D, 0xCB, 0x14, 0xDC, 0xF3, 0xD3, 0xD4, 0xD3,
    0xD4, 0xD3, 0xB4, 0xD3, 0xB3, 0xCB, 0xB3, 0xCB, 0x93, 0xCB, 0xEB, 0xCB, 0x46, 0xBB, 0x71, 0xCB,
    0x33, 0xC3, 0x33, 0xC3, 0x10, 0xBB, 0xA9, 0xC3, 0x48, 0xCC, 0xD2, 0xC3, 0x76, 0xBB, 0xD6, 0xBB,
    0x18, 0xBC, 0xF6, 0xBB, 0x4B, 0xCC, 0xB6, 0xD5, 0x3D, 0xC5, 0x3E, 0xCE, 0x7F, 0xCF, 0xD4, 0x5B,
    0xB1, 0x42, 0x90, 0x3A, 0x4F, 0x32, 0x2E, 0x32, 0xED, 0x29, 0xCC, 0x29, 0xAC, 0x21, 0xAC, 0x29,
    0xAB, 0x31, 0x11, 0x83, 0xF9, 0xE4, 0x7B, 0xFD, 0x77, 0xCC, 0x0C, 0x5A, 0x08, 0x19, 0xE7, 0x18,
    0xC6, 0x10, 0xC6, 0x10, 0xA6, 0x10, 0xA5, 0x08, 0x85, 0x08, 0x84, 0x08, 0xA4, 0x10, 0x84, 0x10,
    0x84, 0x08, 0x84, 0x08, 0x64, 0x00, 0x63, 0x00, 0x63, 0x00, 0x43, 0x00, 0x43, 0x00, 0x43, 0x00,
    0x44, 0x31, 0x64, 0x41, 0x67, 0x6A, 0x51, 0xE5, 0x31, 0xF5, 0x2D, 0xEC, 0xAB, 0xE3, 0x47, 0xD3,
    0x46, 0xBB, 0x27, 0x93, 0x66, 0x6A, 0x06, 0x5A, 0xC6, 0x49, 0x66, 0x39, 0x46, 0x31, 0x26, 0x29,
    0x47, 0x21, 0x69, 0x19, 0x34, 0x54, 0x9F, 0xB7, 0xFF, 0xBF, 0xFF, 0xAF, 0x3E, 0x9F, 0xD3, 0x53,
    0x8B, 0x19, 0x8B, 0x21, 0x6B, 0x21, 0x8B, 0x21, 0xCC, 0x29, 0xED, 0x31, 0x2D, 0x3A, 0x6D, 0x4A,
    0x4F, 0x73, 0x9A, 0xF7, 0xF1, 0xFD, 0xAB, 0xEC, 0x69, 0xE4, 0x89, 0xE4, 0xC9, 0xE4, 0xE9, 0xE4,
    0x4B, 0xED, 0xCC, 0xE4, 0xAC, 0xE4, 0xAC, 0xE4, 0x8C, 0xE4, 0xAC, 0xE4, 0xAC, 0xE4, 0xAC, 0xE4,
    0xCC, 0xE4, 0xCB, 0xE4, 0xAF, 0xF5, 0x6E, 0xED, 0xAC, 0xE4, 0xCC, 0xEC, 0x0A, 0xD4, 0x27, 0xA2,
    0x27, 0xA2, 0x07, 0xA2, 0xA6, 0xBA, 0xA8, 0xD3, 0x68, 0xCB, 0x47, 0xCB, 0x47, 0xCB, 0x47, 0xCB,
    0x87, 0xD3, 0xA8, 0xD3, 0x6A, 0xE4, 0x2C, 0xF5, 0xAE, 0xFD, 0xF1, 0xFD, 0xD3, 0xFD, 0xB4, 0xFD,
    0x75, 0xFD, 0x55, 0xFD, 0x35, 0xFD, 0x14, 0xFD, 0xF4, 0xFC, 0xD4, 0xFC, 0xB4, 0xFC, 0x93, 0xFC,
    0x72, 0xFC, 0x52, 0xFC, 0x31, 0xFC, 0x10, 0xFC, 0x10, 0xF4, 0x0F, 0xF4, 0x2E, 0xF4, 0x4D, 0xEC,
    0x4C, 0xE4, 0x6B, 0xDC, 0x6A, 0xDC, 0x69, 0xD4, 0x49, 0xD4, 0x4A, 0xD4, 0x2A, 0xD4, 0x2B, 0xD4,
    0x2C, 0xD4, 0x2D, 0xD4, 0x2A, 0xD4, 0x64, 0xBB, 0xAF, 0xCB, 0xF4, 0xD3, 0xD3, 0xCB, 0xB4, 0xCB,
    0xB3, 0xCB, 0x93, 0xCB, 0x93, 0xCB, 0x93, 0xCB, 0x93, 0xCB, 0x0A, 0xBB, 0xA4, 0xAA, 0x2D, 0xC3,
    0x30, 0xC3, 0x0C, 0xBB, 0x46, 0xBB, 0xE7, 0xC3, 0xF1, 0xC3, 0x76, 0xBB, 0xB6, 0xBB, 0xD7, 0xBB,
    0x18, 0xBC, 0x58, 0xBC, 0xD7, 0xC4, 0x5B, 0xC5, 0x9D, 0xCD, 0xDF, 0xD6, 0xDD, 0xBE, 0x32, 0x4B,
    0xF2, 0x42, 0x90, 0x3A, 0x4F, 0x32, 0x2E, 0x32, 0x2E, 0x2A, 0x0D, 0x2A, 0xED, 0x29, 0xCC, 0x29,
    0xCC, 0x31, 0x8B, 0x31, 0x4F, 0x72, 0x36, 0xD4, 0x6B, 0x49, 0x49, 0x31, 0x08, 0x21, 0xE7, 0x18,
    0xE7, 0x10, 0xC7, 0x10, 0xC6, 0x10, 0xA5, 0x10, 0xA5, 0x10, 0xC5, 0x18, 0xC4, 0x18, 0xA5, 0x41,
    0x65, 0x39, 0xA4, 0x18, 0x84, 0x08, 0x63, 0x00, 0x63, 0x00, 0x43, 0x00, 0x43, 0x00, 0x43, 0x00,
    0x03, 0x29, 0x44, 0x39, 0x64, 0x41, 0x25, 0x62, 0x69, 0x93, 0x48, 0xA3, 0x07, 0x93, 0x86, 0x7A,
    0x05, 0x5A, 0xC5, 0x51, 0xC6, 0x49, 0x86, 0x41, 0x66, 0x31, 0x26, 0x29, 0x06, 0x21, 0x06, 0x21,
    0x07, 0x19, 0x69, 0x19, 0x0C, 0x22, 0x92, 0x43, 0x3E, 0x97, 0x9D, 0x7E, 0x31, 0x33, 0x2D, 0x2A,
    0xAC, 0x21, 0x8B, 0x21, 0x8B, 0x21, 0xAC, 0x29, 0xCC, 0x29, 0x0D, 0x32, 0x2E, 0x3A, 0x8E, 0x4A,
    0xAD, 0x52, 0x77, 0xCE, 0xF5, 0xFE, 0xEC, 0xEC, 0x89, 0xE4, 0x68, 0xDC, 0x89, 0xE4, 0xC9, 0xE4,
    0x2A, 0xED, 0xEB, 0xE4, 0x2B, 0xDC, 0x6B, 0xDC, 0x8B, 0xE4, 0x8B, 0xE4, 0xAC, 0xE4, 0x8B, 0xE4,
    0xAC, 0xE4, 0x6A, 0xDC, 0x6B, 0xE4, 0x8B, 0xE4, 0xCC, 0xE4, 0xAC, 0xE4, 0x29, 0xBB, 0x07, 0x9A,
    0x27, 0xA2, 0xC6, 0x99, 0xC6, 0xBA, 0xE9, 0xDB, 0xC9, 0xD3, 0xA9, 0xD3, 0x88, 0xD3, 0x67, 0xCB,
    0x67, 0xD3, 0x66, 0xBA, 0x43, 0x81, 0x69, 0xCB, 0xEC, 0xF4, 0x6F, 0xFD, 0x92, 0xFD, 0x53, 0xFD,
    0x34, 0xFD, 0x14, 0xFD, 0xF4, 0xFC, 0xD4, 0xFC, 0xB3, 0xFC, 0x93, 0xFC, 0x72, 0xFC, 0x52, 0xFC,
    0x51, 0xFC, 0x31, 0xFC, 0x10, 0xFC, 0x10, 0xFC, 0xEF, 0xF3, 0xEE, 0xF3, 0x0D, 0xEC, 0x0C, 0xE4,
    0x2B, 0xDC, 0x4A, 0xDC, 0x49, 0xD4, 0x29, 0xD4, 0x29, 0xD4, 0x29, 0xD4, 0x2A, 0xCC, 0x0B, 0xCC,
    0x2C, 0xCC, 0x0C, 0xCC, 0x08, 0xCC, 0x45, 0xBB, 0xD1, 0xD3, 0xD3, 0xD3, 0xB3, 0xCB, 0xB3, 0xCB,
    0x93, 0xCB, 0x73, 0xCB, 0x73, 0xCB, 0x73, 0xC3, 0x73, 0xC3, 0x4F, 0xC3, 0x05, 0xBB, 0xE4, 0xB2,
    0x05, 0xB3, 0x65, 0xBB, 0xE9, 0xC3, 0xB1, 0xC3, 0x76, 0xBB, 0xB6, 0xBB, 0xD7, 0xBB, 0xF8, 0xBB,
    0x39, 0xBC, 0x9A, 0xC4, 0xFB, 0xC4, 0x5C, 0xC5, 0xDE, 0xCD, 0x3F, 0xD7, 0x9C, 0xBE, 0xF8, 0x8C,
    0x97, 0x7C, 0x15, 0x6C, 0x52, 0x53, 0xB0, 0x42, 0x4F, 0x32, 0x2E, 0x2A, 0x0E, 0x2A, 0x0D, 0x2A,
    0xEC, 0x29, 0xEC, 0x31, 0x0D, 0x4A, 0x4E, 0x62, 0xAB, 0x39, 0x6A, 0x29, 0x28, 0x21, 0x08, 0x19,
    0x07, 0x19, 0xE7, 0x18, 0xE6, 0x10, 0xC6, 0x10, 0xC5, 0x18, 0x26, 0x29, 0xE4, 0x28, 0x0B, 0x94,
    0x69, 0x83, 0xA4, 0x20, 0xC4, 0x18, 0x64, 0x08, 0x63, 0x00, 0x63, 0x00, 0x43, 0x00, 0x43, 0x00,
    0xC3, 0x18, 0xE3, 0x28, 0x24, 0x31, 0x44, 0x39, 0x43, 0x39, 0x44, 0x41, 0x64, 0x41, 0x85, 0x41,
    0x85, 0x41, 0x65, 0x41, 0x45, 0x39, 0x25, 0x31, 0x25, 0x29, 0x06, 0x21, 0x06, 0x19, 0xE6, 0x18,
    0x07, 0x19, 0x28, 0x19, 0xAB, 0x21, 0xCC, 0x19, 0x79, 0x6D, 0xB6, 0x54, 0xEC, 0x21, 0xEC, 0x21,
    0xAB, 0x21, 0xAB, 0x21, 0xAC, 0x21, 0xCC, 0x29, 0xED, 0x29, 0x2E, 0x32, 0x4E, 0x3A, 0x8F, 0x42,
    0x8E, 0x4A, 0x92, 0x94, 0xB9, 0xFF, 0x90, 0xF5, 0xAA, 0xE4, 0x68, 0xDC, 0x68, 0xDC, 0xC9, 0xE4,
    0x09, 0xE5, 0x4A, 0xED, 0x6A, 0xDC, 0x8A, 0xCB, 0x6B, 0xDC, 0x8B, 0xE4, 0x6B, 0xE4, 0x8B, 0xE4,
    0x8B, 0xE4, 0x8B, 0xE4, 0xAC, 0xE4, 0x8C, 0xE4, 0xCC, 0xE4, 0xEB, 0xCB, 0x27, 0xA2, 0x48, 0xAA,
    0x07, 0xA2, 0xC4, 0xA1, 0xA9, 0xD3, 0x4C, 0xE4, 0x0B, 0xDC, 0x0B, 0xDC, 0xEA, 0xDB, 0xCA, 0xDB,
    0x8A, 0xDB, 0xC6, 0x99, 0x21, 0x58, 0x44, 0x91, 0xCA, 0xDB, 0x0E, 0xF5, 0x30, 0xFD, 0x31, 0xFD,
    0xF2, 0xFC, 0xD3, 0xFC, 0xB3, 0xFC, 0x93, 0xFC, 0x92, 0xFC, 0x52, 0xFC, 0x32, 0xFC, 0x31, 0xFC,
    0x11, 0xFC, 0xF0, 0xFB, 0xF0, 0xFB, 0xCF, 0xF3, 0xCF, 0xF3, 0xCE, 0xEB, 0xED, 0xEB, 0xEC, 0xE3,
    0x0A, 0xDC, 0x29, 0xD4, 0x29, 0xD4, 0x28, 0xCC, 0x08, 0xCC, 0xE9, 0xCB, 0x0A, 0xCC, 0x0B, 0xCC,
    0x0B, 0xCC, 0xEB, 0xCB, 0xE6, 0xC3, 0x48, 0xBB, 0xF3, 0xD3, 0xB3, 0xCB, 0xB3, 0xCB, 0x73, 0xCB,
    0x73, 0xCB, 0x52, 0xCB, 0x53, 0xC3, 0x53, 0xC3, 0x53, 0xC3, 0x53, 0xC3, 0x6F, 0xC3, 0xCC, 0xCB,
    0xEC, 0xCB, 0xEF, 0xCB, 0x94, 0xC3, 0x56, 0xBB, 0xB6, 0xBB, 0xD7, 0xC3, 0xF8, 0xC3, 0x39, 0xC4,
    0x7A, 0xC4, 0xBB, 0xC4, 0x3C, 0xCD, 0x9D, 0xCD, 0x5E, 0xD6, 0x5F, 0xDF, 0x7E, 0xDF, 0x1E, 0xD7,
    0xBD, 0xC6, 0x3B, 0xB6, 0x79, 0x9D, 0xB7, 0x84, 0xD4, 0x63, 0xF1, 0x4A, 0x4E, 0x32, 0x0D, 0x2A,
    0x0D, 0x32, 0x0D, 0x32, 0xEC, 0x31, 0xAB, 0x31, 0x8B, 0x29, 0x8A, 0x29, 0x69, 0x29, 0x48, 0x21,
    0x28, 0x21, 0x27, 0x21, 0x06, 0x19, 0x06, 0x19, 0x26, 0x21, 0x45, 0x31, 0xC5, 0x51, 0x72, 0xE6,
    0xAE, 0xCD, 0x23, 0x39, 0xE4, 0x20, 0x84, 0x10, 0x63, 0x00, 0x63, 0x00, 0x43, 0x00, 0x43, 0x00,
    0xA3, 0x10, 0xC3, 0x18, 0xE4, 0x20, 0x04, 0x29, 0x24, 0x31, 0x24, 0x31, 0x24, 0x31, 0x24, 0x31,
    0x25, 0x31, 0x05, 0x29, 0x05, 0x29, 0x05, 0x21, 0xE5, 0x20, 0xE6, 0x18, 0xE6, 0x18, 0xE7, 0x18,
    0xE7, 0x18, 0x07, 0x19, 0x49, 0x19, 0xAA, 0x19, 0xCF, 0x32, 0x8F, 0x32, 0xEC, 0x21, 0xAB, 0x21,
    0xAB, 0x21, 0xAC, 0x29, 0xCC, 0x29, 0xED, 0x29, 0x0E, 0x32, 0x2E, 0x32, 0x6F, 0x3A, 0xF1, 0x52,
    0xB3, 0x6B, 0x74, 0x8C, 0x79, 0xF7, 0x74, 0xFE, 0xEC, 0xEC, 0x69, 0xDC, 0x68, 0xDC, 0xA9, 0xDC,
    0xC9, 0xE4, 0x09, 0xE5, 0x4A, 0xED, 0x6A, 0xD4, 0x69, 0xC3, 0xCA, 0xCB, 0x2B, 0xDC, 0x8B, 0xE4,
    0x8B, 0xE4, 0xAC, 0xE4, 0xAC, 0xE4, 0x6C, 0xDC, 0xCB, 0xCB, 0x88, 0xAA, 0x89, 0xAA, 0x28, 0xAA,
    0xA4, 0xA1, 0x68, 0xD3, 0x6D, 0xEC, 0x2D, 0xE4, 0x0D, 0xE4, 0x0D, 0xE4, 0x0D, 0xE4, 0x8C, 0xDB,
    0xC6, 0x99, 0x00, 0x38, 0xE5, 0x99, 0xA9, 0xDB, 0x07, 0xC3, 0xAC, 0xEC, 0xEF, 0xF4, 0x10, 0xFD,
    0xD1, 0xFC, 0xB1, 0xFC, 0x92, 0xFC, 0x71, 0xFC, 0x51, 0xFC, 0x31, 0xFC, 0x11, 0xFC, 0xF0, 0xFB,
    0xF0, 0xFB, 0xCF, 0xFB, 0xCF, 0xF3, 0xAF, 0xF3, 0xAE, 0xEB, 0xCD, 0xEB, 0xCC, 0xE3, 0xEB, 0xDB,
    0x0A, 0xDC, 0x09, 0xD4, 0x08, 0xD4, 0xE8, 0xCB, 0x08, 0xCC, 0x69, 0xD4, 0xE9, 0xCB, 0xEA, 0xCB,
    0xEB, 0xCB, 0xE9, 0xCB, 0xA5, 0xC3, 0x8C, 0xC3, 0xD3, 0xCB, 0xB3, 0xCB, 0x93, 0xCB, 0x72, 0xCB,
    0x52, 0xC3, 0xCE, 0xCB, 0x51, 0xC3, 0x53, 0xC3, 0x53, 0xC3, 0x53, 0xC3, 0x74, 0xC3, 0x74, 0xC3,
    0x74, 0xBB, 0x75, 0xBB, 0x96, 0xBB, 0xB6, 0xC3, 0xD7, 0xC3, 0xF8, 0xC3, 0x39, 0xC4, 0x79, 0xCC,
    0x9A, 0xCC, 0xFB, 0xCC, 0x5C, 0xD5, 0xDD, 0xD5, 0xBF, 0xDE, 0x9F, 0xE7, 0xDF, 0xEF, 0xDF, 0xEF,
    0xBF, 0xE7, 0x9F, 0xDF, 0x3E, 0xD7, 0x9C, 0xC6, 0xDA, 0xAD, 0xF7, 0x8C, 0xD3, 0x63, 0xD0, 0x42,
    0x4E, 0x32, 0x2D, 0x32, 0x0D, 0x32, 0xEC, 0x31, 0xCB, 0x31, 0xCA, 0x31, 0xAA, 0x31, 0xA9, 0x31,
    0x88, 0x29, 0x68, 0x29, 0x47, 0x29, 0x47, 0x29, 0x66, 0x31, 0xCB, 0x8B, 0x90, 0xEE, 0xF5, 0xFF,
    0x91, 0xFF, 0xEC, 0xDD, 0x08, 0x73, 0xA3, 0x10, 0x63, 0x00, 0x63, 0x00, 0x43, 0x00, 0x43, 0x00,
    0x83, 0x10, 0xA3, 0x10, 0xA3, 0x18, 0xC3, 0x18, 0xC4, 0x18, 0xC4, 0x20, 0xC4, 0x20, 0xE4, 0x20,
    0xE4, 0x20, 0xE5, 0x18, 0xE5, 0x18, 0xE5, 0x18, 0xE6, 0x18, 0x06, 0x19, 0xE6, 0x18, 0xE7, 0x18,
    0x07, 0x19, 0x08, 0x19, 0x28, 0x19, 0x69, 0x21, 0x8A, 0x21, 0xAA, 0x21, 0xAB, 0x21, 0xAB, 0x21,
    0xCC, 0x29, 0xCC, 0x29, 0xED, 0x29, 0x2D, 0x2A, 0x2E, 0x32, 0xD0, 0x42, 0xD4, 0x63, 0xD7, 0x8C,
    0xBA, 0xAD, 0x5C, 0xC6, 0x5B, 0xEF, 0x56, 0xFF, 0x6F, 0xF5, 0xAB, 0xE4, 0x69, 0xDC, 0x68, 0xDC,
    0xA9, 0xDC, 0xC9, 0xDC, 0x09, 0xE5, 0x4A, 0xED, 0xEA, 0xE4, 0xC9, 0xCB, 0x49, 0xC3, 0x4A, 0xC3,
    0xAB, 0xCB, 0x0C, 0xD4, 0xCB, 0xCB, 0xE9, 0xBA, 0x28, 0xA2, 0x48, 0xAA, 0x27, 0xB2, 0x87, 0xBA,
    0xAB, 0xDB, 0x2E, 0xEC, 0xCE, 0xE3, 0x8E, 0xE3, 0x6D, 0xE3, 0x4D, 0xDB, 0x8A, 0xBA, 0xE3, 0x78,
    0x00, 0x40, 0x41, 0x58, 0x49, 0xDC, 0xAB, 0xF5, 0x48, 0xDC, 0x6A, 0xE4, 0xCD, 0xEC, 0xEF, 0xF4,
    0xD0, 0xFC, 0xB0, 0xFC, 0x70, 0xFC, 0x51, 0xFC, 0x30, 0xFC, 0x10, 0xFC, 0xF0, 0xFB, 0xCF, 0xFB,
    0xCF, 0xF3, 0xCF, 0xF3, 0xAE, 0xF3, 0xAE, 0xEB, 0xAD, 0xEB, 0xAC, 0xE3, 0xAB, 0xDB, 0xCA, 0xDB,
    0xE9, 0xD3, 0xE8, 0xCB, 0xE8, 0xCB, 0xC8, 0xCB, 0x08, 0xCC, 0xAA, 0xDC, 0xC9, 0xCB, 0xEA, 0xCB,
    0xCB, 0xCB, 0xE7, 0xC3, 0x65, 0xBB, 0xAF, 0xCB, 0x93, 0xCB, 0x92, 0xCB, 0x92, 0xC3, 0x53, 0xC3,
    0x70, 0xC3, 0x28, 0xC4, 0xEA, 0xBA, 0x33, 0xC3, 0x32, 0xC3, 0x53, 0xC3, 0x74, 0xC3, 0x74, 0xC3,
    0x95, 0xC3, 0x96, 0xC3, 0xD6, 0xC3, 0xF7, 0xC3, 0x17, 0xCC, 0x38, 0xCC, 0x59, 0xCC, 0xBA, 0xCC,
    0x3C, 0xEE, 0x7C, 0xDD, 0x7D, 0xD5, 0x1E, 0xDE, 0xFF, 0xDE, 0x7F, 0xE7, 0x9F, 0xE7, 0x9F, 0xE7,
    0xBF, 0xE7, 0xBF, 0xE7, 0xBF, 0xE7, 0xBF, 0xDF, 0x5E, 0xD7, 0xBD, 0xC6, 0xBA, 0xA5, 0xB6, 0x84,
    0x72, 0x5B, 0x6E, 0x42, 0x4D, 0x3A, 0x2C, 0x42, 0x2C, 0x42, 0x2B, 0x42, 0x0A, 0x42, 0x09, 0x42,
    0xE9, 0x41, 0xA8, 0x39, 0x88, 0x39, 0x87, 0x31, 0x87, 0x39, 0x27, 0x5A, 0x68, 0x8B, 0xAE, 0xF6,
    0xEC, 0xE5, 0xC6, 0x7A, 0x85, 0x41, 0xA4, 0x10, 0x63, 0x00, 0x63, 0x00, 0x63, 0x00, 0x43, 0x00,
    0x63, 0x08, 0x83, 0x08, 0x83, 0x10, 0x83, 0x10, 0xA3, 0x10, 0xA4, 0x10, 0xA4, 0x10, 0xA4, 0x10,
    0xC4, 0x18, 0xC5, 0x10, 0xC5, 0x18, 0xE5, 0x18, 0x05, 0x21, 0xE5, 0x20, 0x27, 0x21, 0x27, 0x21,
    0x28, 0x21, 0x28, 0x21, 0x48, 0x21, 0x69, 0x21, 0x8A, 0x29, 0xAA, 0x29, 0xAB, 0x29, 0xCC, 0x29,
    0xEC, 0x29, 0x0D, 0x32, 0x0E, 0x32, 0x4F, 0x32, 0x52, 0x53, 0xB7, 0x84, 0xFA, 0xAD, 0xDD, 0xCE,
    0x7E, 0xDF, 0xDF, 0xEF, 0xDF, 0xF7, 0xB9, 0xFF, 0x53, 0xFE, 0xEE, 0xEC, 0x8A, 0xE4, 0x68, 0xDC,
    0x68, 0xDC, 0xA9, 0xDC, 0xE9, 0xE4, 0xE9, 0xE4, 0x2A, 0xED, 0x4A, 0xED, 0xC9, 0xE4, 0x6A, 0xDC,
    0x29, 0xC3, 0x45, 0x81, 0x28, 0xA2, 0xEA, 0xC2, 0x4B, 0xD3, 0x8B, 0xDB, 0xEC, 0xE3, 0x4F, 0xEC,
    0xEF, 0xEB, 0x4D, 0xE3, 0xCB, 0xDA, 0x6A, 0xC2, 0xC7, 0xA1, 0xE3, 0x70, 0x00, 0x48, 0x01, 0x48,
    0x00, 0x48, 0x86, 0xA2, 0xED, 0xFD, 0xAB, 0xED, 0x2A, 0xED, 0xA9, 0xE4, 0xCB, 0xEC, 0xED, 0xF4,
    0xCE, 0xF4, 0xAF, 0xF4, 0x6F, 0xF4, 0x4F, 0xF4, 0x2F, 0xF4, 0x0F, 0xF4, 0xEF, 0xF3, 0xCE, 0xF3,
    0xCE, 0xF3, 0xAE, 0xEB, 0xAD, 0xEB, 0xAC, 0xE3, 0xAC, 0xE3, 0xAB, 0xDB, 0xAA, 0xDB, 0xC9, 0xD3,
    0xC8, 0xCB, 0xC8, 0xCB, 0xC8, 0xCB, 0xC8, 0xCB, 0xA7, 0xC3, 0x88, 0xC3, 0xA9, 0xC3, 0xCA, 0xCB,
    0xAA, 0xC3, 0xC5, 0xC3, 0x88, 0xC3, 0x91, 0xCB, 0x92, 0xC3, 0x72, 0xC3, 0x73, 0xC3, 0x92, 0xC3,
    0x8D, 0xCC, 0x45, 0xB3, 0xC4, 0xAA, 0x27, 0xC3, 0xCC, 0xCB, 0x54, 0xC3, 0x75, 0xC3, 0x95, 0xC3,
    0xB6, 0xC3, 0xD6, 0xC3, 0xF7, 0xC3, 0x18, 0xCC, 0x38, 0xE5, 0x99, 0xDC, 0x9A, 0xD4, 0xFB, 0xD4,
    0xDC, 0xE5, 0x9C, 0xDD, 0xDD, 0xDD, 0x5E, 0xDE, 0x1F, 0xE7, 0x3F, 0xEF, 0x3F, 0xE7, 0x5F, 0xE7,
    0x7F, 0xDF, 0x9F, 0xDF, 0x9F, 0xDF, 0x9F, 0xDF, 0xBF, 0xDF, 0xBF, 0xDF, 0x5E, 0xD7, 0x5B, 0xBE,
    0x37, 0x95, 0xB3, 0x6B, 0xAE, 0x4A, 0xAD, 0x52, 0xAD, 0x5A, 0xAC, 0x5A, 0xAB, 0x62, 0x8A, 0x5A,
    0x8A, 0x5A, 0x49, 0x5A, 0x08, 0x52, 0xC8, 0x41, 0xA7, 0x39, 0x87, 0x39, 0x05, 0x31, 0x6A, 0xBC,
    0x88, 0x9B, 0xC4, 0x20, 0xE4, 0x20, 0xA4, 0x10, 0x63, 0x00, 0x63, 0x00, 0x63, 0x00, 0x63, 0x00,
    0x63, 0x00, 0x63, 0x00, 0x63, 0x08, 0x63, 0x08, 0x83, 0x08, 0x84, 0x08, 0x84, 0x08, 0xA4, 0x10,
    0xA5, 0x10, 0xA5, 0x10, 0xC5, 0x10, 0xC5, 0x18, 0x88, 0x5A, 0x70, 0xBD, 0xC7, 0x41, 0x47, 0x21,
    0x48, 0x21, 0x68, 0x29, 0x89, 0x29, 0x8A, 0x29, 0xAA, 0x29, 0xCB, 0x29, 0xCB, 0x31, 0xEC, 0x31,
    0x2D, 0x32, 0x2E, 0x32, 0x8F, 0x42, 0xD4, 0x6B, 0x59, 0x9D, 0x9C, 0xC6, 0x7F, 0xDF, 0xDF, 0xEF,
    0xDF, 0xF7, 0xDF, 0xF7, 0xBF, 0xF7, 0xBC, 0xF7, 0x36, 0xFF, 0x91, 0xF5, 0xAD, 0xE4, 0x6A, 0xDC,
    0x48, 0xDC, 0x68, 0xDC, 0xA9, 0xDC, 0xC9, 0xE4, 0xE9, 0xE4, 0x09, 0xE5, 0x09, 0xE5, 0x4A, 0xED,
    0x0C, 0xED, 0xC2, 0x78, 0x00, 0x48, 0x62, 0x60, 0xC3, 0x70, 0x45, 0x79, 0x65, 0x81, 0x45, 0x89,
    0x25, 0x81, 0xE4, 0x78, 0x82, 0x60, 0x21, 0x48, 0x00, 0x38, 0x00, 0x38, 0x01, 0x48, 0x01, 0x48,
    0xC2, 0x70, 0x4C, 0xED, 0xEC, 0xF5, 0xAB, 0xED, 0x6A, 0xED, 0x09, 0xED, 0xEA, 0xEC, 0xEC, 0xEC,
    0xCD, 0xEC, 0xAD, 0xF4, 0x8E, 0xF4, 0x4E, 0xF4, 0x2E, 0xF4, 0x0E, 0xEC, 0xEE, 0xEB, 0xED, 0xEB,
    0xCD, 0xEB, 0xAC, 0xEB, 0xAC, 0xE3, 0xAB, 0xE3, 0x8B, 0xDB, 0xAA, 0xDB, 0xA9, 0xD3, 0xA8, 0xCB,
    0xA8, 0xCB, 0xA8, 0xCB, 0xA7, 0xC3, 0xA7, 0xC3, 0xA8, 0xC3, 0xA8, 0xC3, 0xA9, 0xC3, 0x8A, 0xC3,
    0xA8, 0xC3, 0xA5, 0xC3, 0x8D, 0xCB, 0x72, 0xC3, 0x72, 0xC3, 0x73, 0xC3, 0xCF, 0xCB, 0xAC, 0xCC,
    0xE7, 0xBB, 0x25, 0xB3, 0x85, 0xBB, 0x48, 0xCC, 0xF1, 0xCB, 0x55, 0xBB, 0x76, 0xC3, 0x96, 0xC3,
    0xD7, 0xC3, 0xF7, 0xC3, 0x18, 0xCC, 0x57, 0xDC, 0xB7, 0xF6, 0x98, 0xED, 0x1A, 0xE5, 0x1B, 0xDD,
    0x5C, 0xDD, 0xBD, 0xDD, 0x1D, 0xE6, 0x9F, 0xE6, 0xFF, 0xE6, 0xDF, 0xE6, 0xFF, 0xE6, 0x1F, 0xE7,
    0x3F, 0xDF, 0x3F, 0xDF, 0x5F, 0xDF, 0x7F, 0xDF, 0x7F, 0xD7, 0x9F, 0xD7, 0xBF, 0xDF, 0x7F, 0xDF,
    0x9C, 0xC6, 0x58, 0x9D, 0xF3, 0x7B, 0x2E, 0x6B, 0x2D, 0x6B, 0x0C, 0x73, 0x0B, 0x73, 0x2B, 0x7B,
    0x2A, 0x7B, 0xE9, 0x72, 0xA9, 0x6A, 0x69, 0x5A, 0xE8, 0x49, 0xA7, 0x41, 0x66, 0x39, 0xA8, 0x72,
    0x06, 0x5A, 0xE5, 0x20, 0xC4, 0x18, 0x84, 0x08, 0x64, 0x00, 0x63, 0x00, 0x63, 0x00, 0x63, 0x00,
    0x43, 0x00, 0x43, 0x00, 0x63, 0x00, 0x63, 0x00, 0x64, 0x00, 0x64, 0x08, 0x84, 0x08, 0x84, 0x08,
    0xA4, 0x08, 0xA5, 0x10, 0xC5, 0x10, 0xE5, 0x18, 0x68, 0x5A, 0x0E, 0xB5, 0xE7, 0x49, 0x88, 0x31,
    0x88, 0x31, 0xA9, 0x31, 0xC9, 0x39, 0xEA, 0x39, 0xEB, 0x39, 0x0B, 0x3A, 0x2C, 0x3A, 0x4D, 0x3A,
    0x4E, 0x3A, 0xAF, 0x42, 0x35, 0x74, 0xDA, 0xAD, 0x1D, 0xD7, 0xDF, 0xEF, 0xDF, 0xF7, 0xDF, 0xF7,
    0xBF, 0xF7, 0x9F, 0xF7, 0x9F, 0xF7, 0x7F, 0xF7, 0xB9, 0xFF, 0x94, 0xFE, 0x10, 0xED, 0x8C, 0xE4,
    0x49, 0xDC, 0x48, 0xDC, 0x69, 0xDC, 0xA9, 0xDC, 0xC9, 0xE4, 0xE9, 0xE4, 0xE9, 0xE4, 0xC9, 0xDC,
    0xCD, 0xF5, 0x27, 0xBB, 0x01, 0x58, 0x02, 0x58, 0x01, 0x50, 0x01, 0x48, 0x00, 0x40, 0x00, 0x48,
    0x01, 0x58, 0x02, 0x68, 0x22, 0x70, 0x43, 0x70, 0x43, 0x70, 0x42, 0x68, 0x22, 0x50, 0x01, 0x48,
    0x09, 0xCC, 0x0D, 0xF6, 0x8B, 0xED, 0xCB, 0xED, 0x8B, 0xED, 0x4A, 0xED, 0x0A, 0xE5, 0xEA, 0xEC,
    0xCB, 0xEC, 0xAC, 0xEC, 0x8C, 0xEC, 0x6C, 0xEC, 0x2C, 0xEC, 0x2C, 0xEC, 0x0C, 0xE4, 0xEC, 0xE3,
    0xCC, 0xE3, 0xCB, 0xE3, 0xAB, 0xDB, 0xAA, 0xDB, 0xAA, 0xD3, 0xA9, 0xD3, 0xA8, 0xCB, 0xA8, 0xCB,
    0xA7, 0xCB, 0x87, 0xC3, 0x29, 0xCC, 0x4A, 0xD4, 0xA8, 0xC3, 0xA9, 0xC3, 0xAA, 0xC3, 0x49, 0xC3,
    0xC5, 0xC3, 0xC7, 0xCB, 0x70, 0xCB, 0x52, 0xC3, 0x73, 0xC3, 0x73, 0xC3, 0x8E, 0xC3, 0x46, 0xBB,
    0x45, 0xBB, 0xE7, 0xC3, 0xC8, 0xDC, 0x90, 0xD4, 0x35, 0xBB, 0x96, 0xC3, 0xB6, 0xC3, 0xB7, 0xC3,
    0xF7, 0xC3, 0x18, 0xCC, 0x78, 0xDC, 0x17, 0xEE, 0xF8, 0xFF, 0xD9, 0xF6, 0x5B, 0xE5, 0x5C, 0xDD,
    0x7C, 0xE5, 0xBD, 0xE5, 0x3E, 0xE6, 0xBF, 0xE6, 0xBF, 0xE6, 0xBF, 0xE6, 0xBF, 0xE6, 0xDF, 0xE6,
    0xDF, 0xDE, 0xFF, 0xDE, 0x1F, 0xDF, 0x3F, 0xDF, 0x5F, 0xDF, 0x7F, 0xDF, 0x7F, 0xDF, 0x9F, 0xDF,
    0x9F, 0xDF, 0xBC, 0xCE, 0x98, 0xB5, 0x31, 0x8C, 0xEE, 0x8B, 0x10, 0xB5, 0x53, 0xD6, 0xF4, 0xE6,
    0xD4, 0xE6, 0xB2, 0xC5, 0xEC, 0x93, 0xC9, 0x72, 0x69, 0x62, 0xE8, 0x49, 0xA7, 0x39, 0x46, 0x31,
    0x05, 0x29, 0xE5, 0x18, 0xA4, 0x10, 0x84, 0x08, 0x64, 0x08, 0x64, 0x00, 0x63, 0x00, 0x63, 0x00,
    0x43, 0x00, 0x63, 0x00, 0x43, 0x00, 0x63, 0x00, 0x64, 0x00, 0x64, 0x08, 0x84, 0x08, 0x84, 0x08,
    0xA5, 0x08, 0xC5, 0x10, 0xE5, 0x18, 0x26, 0x21, 0x46, 0x29, 0x66, 0x39, 0xE8, 0x49, 0xC9, 0x41,
    0x09, 0x42, 0x29, 0x4A, 0x2A, 0x4A, 0x4B, 0x4A, 0x4B, 0x4A, 0x6C, 0x4A, 0x6D, 0x4A, 0x8E, 0x42,
    0xAF, 0x4A, 0x34, 0x74, 0x1A, 0xB6, 0x7E, 0xDF, 0xFF, 0xF7, 0xDF, 0xF7, 0xBF, 0xF7, 0xBF, 0xF7,
    0x9F, 0xF7, 0x7F, 0xF7, 0x7F, 0xF7, 0x5F, 0xF7, 0x7D, 0xF7, 0x76, 0xFF, 0xF2, 0xF5, 0xD0, 0xEC,
    0x8C, 0xE4, 0x49, 0xDC, 0x49, 0xDC, 0x69, 0xDC, 0x89, 0xDC, 0xA9, 0xE4, 0xC9, 0xE4, 0x88, 0xE4,
    0x4B, 0xED, 0x8D, 0xF5, 0xE3, 0x80, 0x02, 0x60, 0x22, 0x60, 0x02, 0x58, 0x63, 0x78, 0x06, 0xA1,
    0x27, 0xB9, 0x27, 0xB9, 0x27, 0xB9, 0x07, 0xB9, 0x06, 0xB1, 0x06, 0xA9, 0x43, 0x80, 0xE7, 0xB2,
    0xED, 0xFD, 0x4A, 0xE5, 0x8B, 0xED, 0xAB, 0xED, 0x8B, 0xED, 0x4A, 0xED, 0x0A, 0xE5, 0xEA, 0xE4,
    0xCA, 0xE4, 0xAA, 0xE4, 0x8B, 0xE4, 0x6B, 0xE4, 0x4B, 0xE4, 0x2B, 0xE4, 0x0B, 0xDC, 0xEB, 0xDB,
    0xEA, 0xDB, 0xCA, 0xDB, 0xCA, 0xD3, 0xA9, 0xD3, 0xA9, 0xCB, 0xA8, 0xCB, 0x87, 0xCB, 0x87, 0xC3,
    0xA7, 0xC3, 0x66, 0xC3, 0x6F, 0xDD, 0xB0, 0xE5, 0x88, 0xC3, 0xAA, 0xC3, 0x8A, 0xC3, 0x67, 0xC3,
    0x26, 0xCC, 0xAC, 0xCB, 0x52, 0xC3, 0x72, 0xC3, 0x53, 0xC3, 0x73, 0xC3, 0x74, 0xC3, 0x6B, 0xC3,
    0x47, 0xD4, 0x29, 0xE5, 0x0B, 0xF6, 0x72, 0xCC, 0x76, 0xBB, 0xB7, 0xC3, 0xD7, 0xC3, 0xF8, 0xC3,
    0x18, 0xC4, 0x39, 0xCC, 0x39, 0xE5, 0x38, 0xF7, 0x18, 0xFF, 0x1A, 0xED, 0x3C, 0xE5, 0x7C, 0xE5,
    0x9C, 0xE5, 0xDD, 0xE5, 0x3E, 0xE6, 0x9E, 0xE6, 0x7E, 0xE6, 0x9E, 0xE6, 0x9E, 0xE6, 0x9F, 0xE6,
    0xBF, 0xE6, 0xBF, 0xDE, 0xDF, 0xDE, 0xFF, 0xDE, 0x1F, 0xDF, 0x5F, 0xDF, 0x7F, 0xE7, 0x7F, 0xE7,
    0x9F, 0xE7, 0xBE, 0xEF, 0xDB, 0xDE, 0x15, 0xCE, 0x13, 0xEF, 0xD2, 0xFF, 0x50, 0xFF, 0x30, 0xFF,
    0xD3, 0xFF, 0xF6, 0xFF, 0x77, 0xF7, 0xCE, 0xB4, 0xC9, 0x72, 0x68, 0x62, 0xC7, 0x41, 0x66, 0x31,
    0x06, 0x29, 0xE5, 0x18, 0xA5, 0x10, 0x84, 0x08, 0x64, 0x08, 0x64, 0x00, 0x64, 0x00, 0x63, 0x00,
    0x43, 0x00, 0x63, 0x00, 0x63, 0x00, 0x63, 0x00, 0x64, 0x00, 0x64, 0x08, 0x84, 0x08, 0xA5, 0x08,
    0xA5, 0x10, 0xE5, 0x18, 0x06, 0x21, 0x46, 0x29, 0x87, 0x31, 0x08, 0x4A, 0x49, 0x5A, 0x6A, 0x5A,
    0xAA, 0x62, 0xAB, 0x62, 0xCB, 0x62, 0xEC, 0x62, 0xEC, 0x62, 0xED, 0x5A, 0xEE, 0x5A, 0xCE, 0x52,
    0xD3, 0x73, 0xFA, 0xB5, 0x5E, 0xDF, 0xDF, 0xF7, 0xDF, 0xF7, 0xBF, 0xF7, 0x9F, 0xF7, 0x7F, 0xF7,
    0x7F, 0xF7, 0x5F, 0xF7, 0x5F, 0xF7, 0x5F, 0xF7, 0x3F, 0xF7, 0x7A, 0xFF, 0x13, 0xFF, 0x52, 0xED,
    0xB0, 0xE4, 0x6C, 0xDC, 0x4A, 0xDC, 0x49, 0xDC, 0x69, 0xDC, 0x89, 0xDC, 0xA9, 0xE4, 0xA9, 0xE4,
    0x88, 0xDC, 0x6F, 0xFE, 0xEA, 0xCB, 0x01, 0x60, 0x22, 0x60, 0xC5, 0x88, 0x0B, 0xD2, 0xEA, 0xD1,
    0xEA, 0xC9, 0xEA, 0xC9, 0xEB, 0xC9, 0xEB, 0xC9, 0xAA, 0xC9, 0xA4, 0xA0, 0xC7, 0xBA, 0x0D, 0xFE,
    0x2A, 0xE5, 0x0A, 0xE5, 0x6A, 0xE5, 0x6B, 0xED, 0x6A, 0xE5, 0x4A, 0xE5, 0x0A, 0xE5, 0xE9, 0xE4,
    0xC9, 0xE4, 0xA9, 0xE4, 0x89, 0xDC, 0x69, 0xDC, 0x49, 0xDC, 0x29, 0xDC, 0x09, 0xDC, 0xE9, 0xD3,
    0xE9, 0xD3, 0xC9, 0xD3, 0xC8, 0xD3, 0xA8, 0xCB, 0xA8, 0xCB, 0xA7, 0xCB, 0x87, 0xC3, 0x87, 0xC3,
    0x87, 0xC3, 0x88, 0xC3, 0xC9, 0xCB, 0xEA, 0xCB, 0xAA, 0xC3, 0xCB, 0xCB, 0x69, 0xC3, 0x46, 0xCC,
    0x8A, 0xDC, 0x71, 0xCB, 0x73, 0xC3, 0x73, 0xC3, 0x73, 0xC3, 0x74, 0xC3, 0x53, 0xC3, 0xAA, 0xCB,
    0x6C, 0xE5, 0x8E, 0xD4, 0x2E, 0xDD, 0x94, 0xD4, 0x97, 0xBB, 0xD7, 0xC3, 0xF8, 0xC3, 0x19, 0xC4,
    0x39, 0xCC, 0x7A, 0xD4, 0xBB, 0xDC, 0x99, 0xED, 0xF9, 0xED, 0xFC, 0xE4, 0x5C, 0xE5, 0x7C, 0xE5,
    0x9C, 0xE5, 0xBD, 0xE5, 0x3D, 0xE6, 0x7D, 0xDE, 0x5E, 0xDE, 0x7E, 0xDE, 0x7E, 0xDE, 0x7E, 0xDE,
    0x7E, 0xDE, 0x9E, 0xE6, 0xBE, 0xE6, 0xDF, 0xE6, 0xFF, 0xE6, 0x1F, 0xE7, 0x3F, 0xE7, 0x7F, 0xEF,
    0x9E, 0xF7, 0xDF, 0xFF, 0xBA, 0xFF, 0x92, 0xFF, 0x8C, 0xF6, 0x48, 0xE5, 0x89, 0xE5, 0x0B, 0xEE,
    0x2C, 0xEE, 0x30, 0xF7, 0xF5, 0xFF, 0xF9, 0xFF, 0x8E, 0xAC, 0x68, 0x6A, 0x08, 0x52, 0x87, 0x39,
    0x26, 0x29, 0xE5, 0x18, 0xC5, 0x10, 0xA4, 0x08, 0x84, 0x08, 0x64, 0x08, 0x64, 0x00, 0x63, 0x00,
    0x43, 0x00, 0x63, 0x00, 0x63, 0x00, 0x63, 0x00, 0x64, 0x00, 0x84, 0x08, 0x84, 0x08, 0xA5, 0x10,
    0xC5, 0x10, 0x06, 0x21, 0x47, 0x29, 0x87, 0x31, 0xE8, 0x41, 0x69, 0x5A, 0x0A, 0x7B, 0x0A, 0x7B,
    0x8C, 0x8B, 0xCD, 0x93, 0xAD, 0x8B, 0x8C, 0x83, 0x6D, 0x7B, 0x6E, 0x7B, 0x8F, 0x73, 0xD1, 0x7B,
    0x98, 0xAD, 0x1D, 0xDF, 0xDF, 0xF7, 0xBF, 0xF7, 0xBF, 0xF7, 0x9F, 0xF7, 0x7F, 0xF7, 0x7F, 0xF7,
    0x5F, 0xF7, 0x7F, 0xF7, 0x5F, 0xF7, 0x5F, 0xF7, 0x3F, 0xF7, 0x3E, 0xF7, 0x78, 0xFF, 0x93, 0xFE,
    0x13, 0xED, 0x90, 0xE4, 0x6D, 0xE4, 0x4B, 0xDC, 0x49, 0xDC, 0x49, 0xDC, 0x69, 0xDC, 0x89, 0xE4,
    0x69, 0xDC, 0x0B, 0xE5, 0xB0, 0xFE, 0x86, 0xB2, 0x00, 0x60, 0xC9, 0xB1, 0x0F, 0xF3, 0xCE, 0xE2,
    0xEE, 0xE2, 0x0F, 0xEB, 0x2F, 0xEB, 0x6D, 0xDA, 0x26, 0xB1, 0x48, 0xCB, 0x4F, 0xFE, 0x0A, 0xE5,
    0x88, 0xDC, 0xEA, 0xE4, 0x2A, 0xE5, 0x2A, 0xE5, 0x2A, 0xE5, 0x0A, 0xE5, 0xE9, 0xE4, 0xC9, 0xDC,
    0xA9, 0xDC, 0x89, 0xDC, 0x69, 0xDC, 0x49, 0xDC, 0x48, 0xDC, 0x28, 0xD4, 0x08, 0xD4, 0xE8, 0xD3,
    0xE8, 0xD3, 0xC8, 0xCB, 0xC8, 0xCB, 0xA8, 0xCB, 0xA7, 0xCB, 0x87, 0xC3, 0x87, 0xC3, 0x87, 0xC3,
    0x88, 0xC3, 0x88, 0xC3, 0x89, 0xC3, 0x8A, 0xC3, 0xCB, 0xC3, 0x8B, 0xC3, 0xE8, 0xC3, 0x6A, 0xED,
    0xEF, 0xD3, 0x53, 0xC3, 0x73, 0xC3, 0x74, 0xC3, 0x74, 0xC3, 0x75, 0xC3, 0x53, 0xC3, 0xCE, 0xCB,
    0x13, 0xCC, 0x76, 0xBB, 0x95, 0xBB, 0xD6, 0xC3, 0xF8, 0xC3, 0xF8, 0xC3, 0x19, 0xC4, 0x3A, 0xC4,
    0x7A, 0xCC, 0xBB, 0xD4, 0xDB, 0xD4, 0x5B, 0xE5, 0x5B, 0xE5, 0x3C, 0xE5, 0x5C, 0xE5, 0x5C, 0xE5,
    0x7C, 0xE5, 0x7C, 0xE5, 0x9C, 0xEE, 0x3D, 0xD6, 0x1E, 0xD6, 0x5E, 0xDE, 0x5E, 0xDE, 0x7E, 0xDE,
    0x7E, 0xE6, 0x7E, 0xE6, 0x9E, 0xE6, 0x9E, 0xE6, 0xBF, 0xE6, 0xFF, 0xEE, 0x1F, 0xEF, 0x5E, 0xF7,
    0x9F, 0xFF, 0xBA, 0xFF, 0x50, 0xFF, 0xA9, 0xED, 0x27, 0xED, 0xEC, 0xFE, 0xB0, 0xFF, 0xD2, 0xFF,
    0xB2, 0xFF, 0xCF, 0xF6, 0x92, 0xFF, 0xD6, 0xFF, 0x16, 0xEF, 0x09, 0x7B, 0x48, 0x5A, 0xC7, 0x41,
    0x46, 0x31, 0x06, 0x21, 0xC5, 0x10, 0xA4, 0x08, 0x84, 0x08, 0x64, 0x00, 0x64, 0x00, 0x63, 0x00,
    0x63, 0x00, 0x43, 0x00, 0x63, 0x00, 0x64, 0x00, 0x64, 0x08, 0x84, 0x08, 0xA5, 0x08, 0xA5, 0x10,
    0xE6, 0x18, 0x26, 0x21, 0x87, 0x31, 0xE8, 0x41, 0x68, 0x5A, 0x4A, 0x8B, 0xAD, 0xB4, 0xB1, 0xCD,
    0xF4, 0xEE, 0x75, 0xF7, 0x54, 0xF7, 0xF3, 0xE6, 0xD1, 0xC5, 0xB0, 0xA4, 0x30, 0x94, 0x35, 0xAD,
    0x1C, 0xE7, 0xDF, 0xF7, 0xDF, 0xFF, 0xBF, 0xF7, 0x9F, 0xF7, 0x7F, 0xF7, 0x7F, 0xF7, 0x5F, 0xFF,
    0x7F, 0xF7, 0x7F, 0xF7, 0x7F, 0xF7, 0x7F, 0xF7, 0x5E, 0xF7, 0x3E, 0xF7, 0x3D, 0xF7, 0x56, 0xFF,
    0x33, 0xFE, 0xF3, 0xEC, 0x91, 0xEC, 0x6E, 0xE4, 0x4B, 0xDC, 0x4A, 0xDC, 0x49, 0xDC, 0x69, 0xE4,
    0x69, 0xE4, 0x09, 0xDC, 0xAD, 0xF5, 0xD1, 0xFE, 0xC7, 0xB2, 0x83, 0x88, 0xA9, 0xC1, 0x6D, 0xDA,
    0xAE, 0xE2, 0x8D, 0xDA, 0xC9, 0xC9, 0xE6, 0xB9, 0xCD, 0xE4, 0xD1, 0xFE, 0x2B, 0xE5, 0x28, 0xD4,
    0x89, 0xDC, 0xC9, 0xDC, 0xE9, 0xDC, 0xE9, 0xE4, 0xE9, 0xDC, 0xC9, 0xDC, 0xC9, 0xDC, 0xA9, 0xDC,
    0x88, 0xDC, 0x68, 0xDC, 0x48, 0xD4, 0x28, 0xD4, 0x28, 0xD4, 0x08, 0xD4, 0x08, 0xD4, 0xE8, 0xCB,
    0xC8, 0xCB, 0xC7, 0xCB, 0xA7, 0xCB, 0xA7, 0xCB, 0xA7, 0xCB, 0xA8, 0xCB, 0x88, 0xC3, 0x88, 0xCB,
    0x88, 0xC3, 0x89, 0xC3, 0x8A, 0xCB, 0xAB, 0xCB, 0xCC, 0xCB, 0x89, 0xC3, 0xCA, 0xED, 0xEE, 0xE4,
    0x72, 0xCB, 0x93, 0xCB, 0x74, 0xC3, 0x74, 0xCB, 0x75, 0xC3, 0x75, 0xC3, 0x95, 0xC3, 0x76, 0xC3,
    0xB7, 0xC3, 0xD7, 0xC3, 0xF8, 0xC3, 0x18, 0xC4, 0x19, 0xC4, 0x39, 0xC4, 0x5A, 0xC4, 0x7A, 0xCC,
    0x9B, 0xCC, 0xBB, 0xD4, 0xDC, 0xDC, 0xFC, 0xDC, 0x1C, 0xDD, 0x5C, 0xE5, 0x5B, 0xE5, 0x3B, 0xE5,
    0xDB, 0xDC, 0x5B, 0xE5, 0xBD, 0xE6, 0xDC, 0xCD, 0x1D, 0xD6, 0x3E, 0xD6, 0x3E, 0xDE, 0x5E, 0xE6,
    0x3E, 0xF7, 0x9E, 0xE6, 0x5E, 0xE6, 0x7E, 0xE6, 0x9E, 0xEE, 0xDE, 0xEE, 0xFE, 0xF6, 0x5F, 0xFF,
    0x9C, 0xFF, 0xEE, 0xFE, 0xA8, 0xED, 0x88, 0xF5, 0x4C, 0xFF, 0x4E, 0xFF, 0x4E, 0xFF, 0x70, 0xFF,
    0xD2, 0xFF, 0x91, 0xFF, 0x71, 0xFF, 0x73, 0xFF, 0x12, 0xFF, 0x4C, 0xA4, 0x68, 0x62, 0x08, 0x4A,
    0x67, 0x31, 0x26, 0x21, 0xE5, 0x18, 0xA5, 0x10, 0x84, 0x08, 0x84, 0x08, 0x64, 0x00, 0x63, 0x00,
    0x63, 0x00, 0x63, 0x00, 0x63, 0x00, 0x64, 0x00, 0x64, 0x08, 0x84, 0x08, 0xA5, 0x10, 0xC5, 0x10,
    0x06, 0x21, 0x47, 0x29, 0xC7, 0x41, 0x69, 0x5A, 0x49, 0x83, 0xED, 0xBC, 0xB9, 0xFF, 0xF6, 0xFF,
    0x71, 0xFF, 0x4E, 0xF6, 0x0D, 0xF6, 0x6D, 0xF6, 0x0F, 0xFF, 0x51, 0xFF, 0x73, 0xDE, 0xB9, 0xDE,
    0xDF, 0xFF, 0xFE, 0xFF, 0xBF, 0xFF, 0x9F, 0xFF, 0x7F, 0xFF, 0x7F, 0xFF, 0x7F, 0xFF, 0x7F, 0xF7,
    0x7F, 0xF7, 0x9F, 0xF7, 0x9E, 0xF7, 0x7E, 0xEF, 0x5E, 0xF7, 0x5E, 0xF7, 0x3E, 0xF7, 0x3C, 0xF7,
    0x35, 0xFF, 0x13, 0xFE, 0xD3, 0xEC, 0x92, 0xEC, 0x6F, 0xE4, 0x4C, 0xDC, 0x4A, 0xDC, 0x6A, 0xDC,
    0x69, 0xE4, 0x2A, 0xE4, 0x0C, 0xE4, 0x0F, 0xF6, 0x74, 0xFF, 0x2E, 0xE5, 0xE8, 0xBA, 0x07, 0xB2,
    0x07, 0xB2, 0xC8, 0xC2, 0x6C, 0xDC, 0xD3, 0xFE, 0xD1, 0xFE, 0xCA, 0xDC, 0x08, 0xD4, 0x28, 0xD4,
    0x68, 0xD4, 0x89, 0xDC, 0xA9, 0xDC, 0xA9, 0xDC, 0xA9, 0xDC, 0x88, 0xDC, 0x88, 0xDC, 0x68, 0xDC,
    0x68, 0xD4, 0x48, 0xD4, 0x28, 0xD4, 0x28, 0xD4, 0x08, 0xD4, 0xE8, 0xD3, 0xE8, 0xCB, 0xC8, 0xCB,
    0xC8, 0xCB, 0xC8, 0xCB, 0xA8, 0xCB, 0xA8, 0xCB, 0xA8, 0xCB, 0xA9, 0xCB, 0x6B, 0xD4, 0x53, 0xEE,
    0x8C, 0xDC, 0x8B, 0xCB, 0xAC, 0xCB, 0xAD, 0xD3, 0x29, 0xC3, 0x8A, 0xE5, 0xAD, 0xED, 0x92, 0xCB,
    0x94, 0xCB, 0x94, 0xCB, 0x95, 0xCB, 0x95, 0xC3, 0x95, 0xC3, 0x96, 0xC3, 0x96, 0xC3, 0xB7, 0xC3,
    0xD7, 0xC3, 0xF8, 0xC3, 0x18, 0xC4, 0x39, 0xC4, 0x5A, 0xC4, 0x59, 0xC4, 0x7A, 0xC4, 0x9B, 0xCC,
    0xBB, 0xCC, 0xDB, 0xD4, 0xFB, 0xDC, 0xFB, 0xDC, 0x1B, 0xDD, 0x1B, 0xE5, 0x1A, 0xE5, 0xD9, 0xDC,
    0x39, 0xDC, 0xDB, 0xED, 0x9D, 0xDE, 0xBC, 0xC5, 0xDD, 0xCD, 0xFD, 0xD5, 0x5D, 0xDE, 0xFE, 0xF6,
    0xDF, 0xFF, 0x3E, 0xF7, 0x7E, 0xEE, 0x7E, 0xE6, 0x9E, 0xEE, 0xBE, 0xF6, 0xFE, 0xFE, 0x7E, 0xFF,
    0xF2, 0xFE, 0x0A, 0xF6, 0x87, 0xF5, 0xEA, 0xFE, 0xEA, 0xFE, 0x0C, 0xFF, 0x4D, 0xFF, 0x6F, 0xFF,
    0x90, 0xFF, 0x91, 0xFF, 0xB0, 0xFF, 0x73, 0xFF, 0x2C, 0xFE, 0xCC, 0xBC, 0xA9, 0x6A, 0x28, 0x52,
    0x87, 0x39, 0x26, 0x29, 0xE5, 0x18, 0xA5, 0x10, 0x84, 0x08, 0x84, 0x08, 0x64, 0x00, 0x64, 0x00,
    0x63, 0x00, 0x63, 0x00, 0x64, 0x00, 0x64, 0x08, 0x84, 0x08, 0xA5, 0x08, 0xA5, 0x10, 0xE6, 0x18,
    0x26, 0x21, 0x67, 0x31, 0xE8, 0x49, 0xC9, 0x6A, 0x89, 0x93, 0x75, 0xDE, 0xFB, 0xFF, 0x72, 0xFF,
    0xAB, 0xED, 0x0C, 0xEE, 0x6D, 0xF6, 0xEB, 0xED, 0x68, 0xED, 0xA9, 0xF5, 0xEE, 0xFE, 0x53, 0xFF,
    0xDC, 0xFF, 0xFF, 0xFF, 0xDE, 0xFF, 0x9F, 0xFF, 0x7F, 0xFF, 0x7F, 0xFF, 0x7F, 0xFF, 0x7F, 0xF7,
    0x9F, 0xF7, 0xBF, 0xEF, 0xBE, 0xEF, 0x9E, 0xEF, 0x7E, 0xEF, 0x5E, 0xF7, 0x3E, 0xF7, 0x1E, 0xF7,
    0x3B, 0xF7, 0x14, 0xFF, 0xF3, 0xFD, 0xD3, 0xEC, 0x92, 0xEC, 0x70, 0xE4, 0x4D, 0xE4, 0x4B, 0xDC,
    0x4A, 0xDC, 0x49, 0xE4, 0x0C, 0xDC, 0x4E, 0xE4, 0x6D, 0xED, 0xF2, 0xFE, 0x74, 0xFF, 0x33, 0xFF,
    0x13, 0xFF, 0x33, 0xFF, 0xF1, 0xFE, 0x8C, 0xE5, 0x28, 0xD4, 0xC8, 0xCB, 0xE8, 0xD3, 0x08, 0xD4,
    0x28, 0xD4, 0x48, 0xD4, 0x68, 0xD4, 0x68, 0xD4, 0x68, 0xD4, 0x48, 0xD4, 0x48, 0xD4, 0x48, 0xD4,
    0x28, 0xD4, 0x28, 0xD4, 0x08, 0xD4, 0x08, 0xD4, 0xE8, 0xCB, 0xE8, 0xCB, 0xC8, 0xCB, 0xC8, 0xCB,
    0xC8, 0xCB, 0xA8, 0xCB, 0xA9, 0xCB, 0xA9, 0xCB, 0xCA, 0xCB, 0xCA, 0xCB, 0x2F, 0xE5, 0x58, 0xFF,
    0xCF, 0xE4, 0xAC, 0xD3, 0xCE, 0xD3, 0x0A, 0xC3, 0x2A, 0xDD, 0x0C, 0xF6, 0xB0, 0xCB, 0x94, 0xCB,
    0xB4, 0xCB, 0xB5, 0xCB, 0xB5, 0xCB, 0xB6, 0xCB, 0xB6, 0xC3, 0xB7, 0xC3, 0xB7, 0xC3, 0xD8, 0xC3,
    0xD8, 0xC3, 0xF8, 0xC3, 0x39, 0xC4, 0x5A, 0xC4, 0x38, 0xC4, 0xAF, 0xD4, 0x55, 0xDD, 0x9B, 0xCC,
    0xDB, 0xD4, 0xDB, 0xD4, 0xDB, 0xDC, 0xDA, 0xDC, 0xDA, 0xDC, 0xB9, 0xDC, 0x78, 0xDC, 0x17, 0xD4,
    0x38, 0xD4, 0x9D, 0xF6, 0x3C, 0xD6, 0x7B, 0xBD, 0xBC, 0xC5, 0xDC, 0xCD, 0x5D, 0xE6, 0x7F, 0xFF,
    0xFF, 0xFF, 0x9F, 0xFF, 0x9E, 0xEE, 0x5E, 0xE6, 0x9E, 0xEE, 0xBD, 0xF6, 0x1F, 0xFF, 0x18, 0xFF,
    0x6C, 0xF6, 0x0A, 0xF6, 0x48, 0xFE, 0x88, 0xFE, 0xA9, 0xFE, 0xEA, 0xFE, 0x0C, 0xFF, 0x4E, 0xFF,
    0x6F, 0xFF, 0x90, 0xFF, 0xD2, 0xFF, 0x95, 0xFF, 0x2C, 0xFE, 0xCC, 0xC4, 0xEA, 0x72, 0x49, 0x52,
    0x87, 0x39, 0x26, 0x29, 0xE6, 0x18, 0xA5, 0x10, 0x84, 0x08, 0x84, 0x08, 0x64, 0x00, 0x64, 0x00,
    0x63, 0x00, 0x63, 0x00, 0x64, 0x00, 0x84, 0x08, 0xA5, 0x10, 0xA5, 0x18, 0xC6, 0x18, 0xE6, 0x20,
    0x26, 0x29, 0x87, 0x39, 0x28, 0x52, 0xC9, 0x72, 0x6D, 0xA4, 0xD9, 0xFF, 0xF6, 0xFF, 0x11, 0xF7,
    0x31, 0xFF, 0xD2, 0xFF, 0x91, 0xFF, 0x70, 0xFF, 0x2E, 0xFF, 0x4B, 0xFE, 0x68, 0xED, 0x4B, 0xF6,
    0xEF, 0xFE, 0xBA, 0xFF, 0xFF, 0xFF, 0xBE, 0xFF, 0x9F, 0xFF, 0x7F, 0xFF, 0x7F, 0xFF, 0x7F, 0xF7,
    0x9E, 0xF7, 0xBE, 0xEF, 0xDE, 0xEF, 0xBE, 0xEF, 0x9E, 0xEF, 0x7E, 0xEF, 0x3E, 0xF7, 0x1D, 0xF7,
    0x1E, 0xF7, 0xF7, 0xFE, 0xD2, 0xFE, 0xF3, 0xFD, 0xB4, 0xEC, 0x73, 0xEC, 0x50, 0xEC, 0x4E, 0xE4,
    0x4C, 0xE4, 0x4B, 0xE4, 0x2A, 0xE4, 0xED, 0xDB, 0x30, 0xE4, 0x6E, 0xE4, 0xCD, 0xE4, 0xEC, 0xE4,
    0xCB, 0xE4, 0x8A, 0xE4, 0x09, 0xDC, 0xA9, 0xD3, 0xA9, 0xD3, 0xA8, 0xD3, 0xE8, 0xD3, 0x08, 0xD4,
    0x28, 0xD4, 0x28, 0xD4, 0x28, 0xD4, 0x28, 0xD4, 0x28, 0xD4, 0x28, 0xD4, 0x28, 0xD4, 0x08, 0xD4,
    0x08, 0xD4, 0x08, 0xD4, 0xE8, 0xCB, 0xE8, 0xCB, 0xE8, 0xCB, 0xC8, 0xCB, 0xC8, 0xCB, 0xC9, 0xCB,
    0xC9, 0xCB, 0xC9, 0xCB, 0xCA, 0xCB, 0xAB, 0xCB, 0xCC, 0xD3, 0xED, 0xD3, 0x0E, 0xD4, 0x6F, 0xDC,
    0x0E, 0xDC, 0x10, 0xDC, 0x2B, 0xC3, 0x0A, 0xD5, 0x4D, 0xF6, 0xAF, 0xD3, 0x74, 0xCB, 0xB4, 0xCB,
    0xB5, 0xCB, 0xB6, 0xCB, 0xB6, 0xCB, 0xD7, 0xCB, 0xD7, 0xC3, 0xD8, 0xC3, 0xD8, 0xC3, 0xF8, 0xC3,
    0xF9, 0xC3, 0x19, 0xC4, 0x39, 0xC4, 0x7B, 0xC4, 0x16, 0xC4, 0xAE, 0xDC, 0x18, 0xD5, 0xBB, 0xCC,
    0xBA, 0xD4, 0xBA, 0xDC, 0xBA, 0xDC, 0x99, 0xDC, 0x78, 0xDC, 0x17, 0xDC, 0xB4, 0xD3, 0xD4, 0xD3,
    0x98, 0xDC, 0x1D, 0xF7, 0xDB, 0xC5, 0x5B, 0xBD, 0x9C, 0xC5, 0xBC, 0xC5, 0xDC, 0xD5, 0x1D, 0xE6,
    0x5E, 0xFF, 0x7D, 0xE6, 0x3D, 0xDE, 0x7D, 0xE6, 0x9D, 0xEE, 0xBD, 0xF6, 0x3E, 0xFF, 0x4F, 0xFE,
    0x6C, 0xF6, 0x2A, 0xFE, 0xE7, 0xFD, 0x28, 0xFE, 0x68, 0xFE, 0xA9, 0xFE, 0xEB, 0xFE, 0x2D, 0xFF,
    0x6F, 0xFF, 0xB2, 0xFF, 0xF9, 0xFF, 0xFA, 0xFF, 0x50, 0xFF, 0xAC, 0xBC, 0xEA, 0x72, 0x49, 0x52,
    0xA8, 0x39, 0x47, 0x29, 0xE6, 0x18, 0xC5, 0x10, 0xA5, 0x08, 0x84, 0x08, 0x64, 0x08, 0x64, 0x00,
    0x63, 0x00, 0x64, 0x00, 0x64, 0x08, 0x85, 0x10, 0xC6, 0x28, 0x48, 0x41, 0x07, 0x31, 0x07, 0x29,
    0x27, 0x29, 0xA7, 0x39, 0x49, 0x5A, 0xC9, 0x72, 0xB1, 0xCD, 0xD6, 0xFF, 0xD5, 0xFF, 0x92, 0xFF,
    0x92, 0xFF, 0x50, 0xFF, 0x2F, 0xFF, 0x0E, 0xFF, 0xCD, 0xFE, 0xCD, 0xFE, 0x8B, 0xFE, 0xC9, 0xF5,
    0x8C, 0xF6, 0xAE, 0xFE, 0xBB, 0xFF, 0xFF, 0xFF, 0xBE, 0xFF, 0x9F, 0xFF, 0x7E, 0xFF, 0x7E, 0xF7,
    0x9E, 0xEF, 0xBE, 0xEF, 0xBE, 0xEF, 0xBE, 0xEF, 0x9E, 0xEF, 0x5E, 0xEF, 0x3D, 0xF7, 0x1E, 0xF7,
    0xFE, 0xF6, 0x3A, 0xFF, 0x72, 0xFE, 0x93, 0xFE, 0xF3, 0xFD, 0xB4, 0xEC, 0x73, 0xEC, 0x51, 0xEC,
    0x4F, 0xE4, 0x6E, 0xE4, 0x6D, 0xE4, 0x2C, 0xE4, 0xEC, 0xDB, 0xF0, 0xDB, 0x31, 0xE4, 0xF0, 0xE3,
    0xCF, 0xE3, 0xCE, 0xDB, 0x8D, 0xDB, 0x6B, 0xD3, 0x8A, 0xCB, 0xC9, 0xD3, 0xE9, 0xD3, 0x09, 0xD4,
    0x09, 0xD4, 0x09, 0xD4, 0x08, 0xD4, 0x08, 0xD4, 0x08, 0xD4, 0x08, 0xD4, 0x08, 0xD4, 0x08, 0xD4,
    0x08, 0xD4, 0xE8, 0xD3, 0xE8, 0xD3, 0xE9, 0xCB, 0xE9, 0xD3, 0xC9, 0xCB, 0xCA, 0xD3, 0xCA, 0xCB,
    0xCA, 0xD3, 0xCB, 0xD3, 0xCC, 0xD3, 0xCD, 0xD3, 0xED, 0xD3, 0xEF, 0xD3, 0x10, 0xDC, 0x10, 0xDC,
    0x31, 0xDC, 0x8C, 0xCB, 0x4B, 0xDD, 0x4D, 0xF6, 0xAF, 0xD3, 0x74, 0xCB, 0x94, 0xD3, 0x95, 0xCB,
    0x95, 0xCB, 0xB6, 0xCB, 0xB7, 0xCB, 0x18, 0xC4, 0x18, 0xC4, 0xF8, 0xC3, 0xF8, 0xC3, 0xF8, 0xC3,
    0x19, 0xC4, 0x19, 0xC4, 0x3A, 0xC4, 0x3A, 0xC4, 0x7A, 0xC4, 0x59, 0xC4, 0x7A, 0xCC, 0x9A, 0xD4,
    0x99, 0xD4, 0x99, 0xDC, 0x78, 0xDC, 0x17, 0xD4, 0xD6, 0xD3, 0x52, 0xD3, 0x71, 0xCB, 0xB4, 0xCB,
    0xD9, 0xDC, 0x3D, 0xF7, 0x7A, 0xBD, 0x3B, 0xB5, 0x5B, 0xBD, 0x7C, 0xC5, 0xBC, 0xCD, 0xDC, 0xD5,
    0x5D, 0xE6, 0x1D, 0xDE, 0x3D, 0xDE, 0x7D, 0xE6, 0x9D, 0xEE, 0xDE, 0xF6, 0xFA, 0xFE, 0xCA, 0xF5,
    0xAE, 0xF6, 0xA8, 0xFD, 0x87, 0xFD, 0xE7, 0xFD, 0x28, 0xFE, 0x88, 0xFE, 0xCA, 0xFE, 0x0C, 0xFF,
    0x4D, 0xFF, 0xB2, 0xFF, 0xFB, 0xFF, 0xFA, 0xFF, 0x30, 0xFF, 0x4C, 0xAC, 0xEA, 0x72, 0x29, 0x52,
    0xA8, 0x39, 0x47, 0x29, 0xE6, 0x18, 0xC5, 0x10, 0x85, 0x08, 0x84, 0x08, 0x84, 0x08, 0x64, 0x00,
    0x63, 0x00, 0x64, 0x00, 0x84, 0x08, 0x84, 0x10, 0xAA, 0x51, 0xFD, 0xF5, 0xEB, 0x61, 0xE6, 0x28,
    0x47, 0x29, 0xC8, 0x41, 0x69, 0x5A, 0xEA, 0x7A, 0xCF, 0xD5, 0x31, 0xFF, 0xD7, 0xFF, 0xD3, 0xFF,
    0x71, 0xFF, 0x50, 0xFF, 0x0E, 0xFF, 0xED, 0xFE, 0xAC, 0xFE, 0x6B, 0xFE, 0x4A, 0xFE, 0x49, 0xFE,
    0x6B, 0xF6, 0xCE, 0xF6, 0x8F, 0xF6, 0xFD, 0xFF, 0xDF, 0xFF, 0x9E, 0xFF, 0x7E, 0xFF, 0x7E, 0xF7,
    0x9E, 0xEF, 0x9E, 0xEF, 0xBE, 0xEF, 0x9E, 0xEF, 0x7E, 0xEF, 0x5D, 0xEF, 0x1E, 0xF7, 0x1E, 0xF7,
    0xDE, 0xF6, 0x3C, 0xF7, 0xF4, 0xFE, 0x11, 0xED, 0x12, 0xFE, 0xF2, 0xFD, 0xB4, 0xEC, 0x53, 0xEC,
    0x52, 0xEC, 0x71, 0xE4, 0x70, 0xE4, 0x6F, 0xE4, 0x4E, 0xE4, 0xEC, 0xDB, 0x8C, 0xD3, 0x6D, 0xD3,
    0x4D, 0xCB, 0x4D, 0xCB, 0x4B, 0xCB, 0x8A, 0xD3, 0xCA, 0xD3, 0xEA, 0xD3, 0xEA, 0xD3, 0x09, 0xD4,
    0x09, 0xD4, 0x09, 0xD4, 0x09, 0xD4, 0x09, 0xD4, 0x09, 0xD4, 0x09, 0xD4, 0x09, 0xD4, 0xE9, 0xD3,
    0xE9, 0xD3, 0xE9, 0xD3, 0xEA, 0xD3, 0xEA, 0xD3, 0xEA, 0xD3, 0xEB, 0xD3, 0xEC, 0xD3, 0xEC, 0xD3,
    0xED, 0xD3, 0x0E, 0xDC, 0xCF, 0xE4, 0x70, 0xDC, 0xF0, 0xDB, 0xF0, 0xDB, 0x11, 0xDC, 0xF1, 0xDB,
    0xCC, 0xCB, 0xCC, 0xE5, 0x0E, 0xF6, 0xD0, 0xD3, 0x95, 0xD3, 0xB5, 0xD3, 0x95, 0xCB, 0x95, 0xCB,
    0x96, 0xCB, 0xB6, 0xCB, 0x38, 0xBC, 0x7D, 0xAE, 0x7B, 0xB5, 0x18, 0xC4, 0x19, 0xC4, 0x19, 0xC4,
    0x19, 0xC4, 0xF9, 0xC3, 0xF9, 0xC3, 0x19, 0xC4, 0x39, 0xC4, 0x5A, 0xCC, 0x79, 0xCC, 0x79, 0xD4,
    0x58, 0xD4, 0x17, 0xD4, 0xD7, 0xD3, 0x95, 0xD3, 0x31, 0xCB, 0x6F, 0xCB, 0x90, 0xCB, 0xB3, 0xCB,
    0x39, 0xE5, 0xFD, 0xE6, 0x1A, 0xB5, 0x1B, 0xB5, 0x3B, 0xBD, 0x5B, 0xBD, 0x7B, 0xC5, 0x9C, 0xC5,
    0xDC, 0xCD, 0xFC, 0xCD, 0x3C, 0xD6, 0x7C, 0xE6, 0xBC, 0xEE, 0x1E, 0xF7, 0xB5, 0xFE, 0xC9, 0xF5,
    0x2C, 0xF6, 0x46, 0xFD, 0x67, 0xFD, 0xA7, 0xFD, 0xE8, 0xFD, 0x28, 0xFE, 0x89, 0xFE, 0xCA, 0xFE,
    0x2D, 0xFF, 0x90, 0xFF, 0x95, 0xFF, 0xAD, 0xFE, 0xEC, 0xED, 0x8B, 0x93, 0xCB, 0x6A, 0x29, 0x52,
    0xA8, 0x39, 0x47, 0x29, 0x06, 0x19, 0xC6, 0x10, 0xA5, 0x10, 0xA5, 0x10, 0xA4, 0x10, 0x84, 0x08,
    0x63, 0x00, 0x64, 0x00, 0x64, 0x08, 0x85, 0x10, 0x28, 0x39, 0x8E, 0x7A, 0x49, 0x41, 0x07, 0x29,
    0x47, 0x29, 0xC8, 0x41, 0x69, 0x5A, 0xEA, 0x7A, 0x2D, 0xCD, 0x51, 0xFF, 0xDB, 0xFF, 0xF6, 0xFF,
    0x91, 0xFF, 0x2F, 0xFF, 0x0E, 0xFF, 0xCC, 0xFE, 0x6B, 0xFE, 0x2A, 0xFE, 0x09, 0xFE, 0xE8, 0xFD,
    0xE8, 0xFD, 0xCD, 0xF6, 0x2B, 0xF6, 0xF4, 0xFE, 0xFF, 0xFF, 0xBE, 0xFF, 0x9E, 0xFF, 0x7E, 0xF7,
    0x7E, 0xF7, 0x7E, 0xEF, 0x7E, 0xEF, 0x5E, 0xEF, 0x5D, 0xEF, 0x3E, 0xEF, 0x1E, 0xF7, 0xFE, 0xF6,
    0xDE, 0xF6, 0xFD, 0xF6, 0x97, 0xFF, 0x31, 0xF5, 0xF0, 0xE3, 0x91, 0xF5, 0xF2, 0xFD, 0xD3, 0xF4,
    0x74, 0xEC, 0x73, 0xEC, 0x72, 0xEC, 0x71, 0xEC, 0x70, 0xE4, 0x70, 0xE4, 0x4E, 0xE4, 0x0D, 0xDC,
    0xED, 0xDB, 0xCC, 0xDB, 0xEC, 0xDB, 0x0C, 0xDC, 0x0C, 0xDC, 0x0C, 0xDC, 0x0C, 0xDC, 0x0C, 0xDC,
    0x0B, 0xDC, 0x0B, 0xD4, 0x0B, 0xD4, 0x0B, 0xD4, 0x0A, 0xD4, 0x0A, 0xD4, 0x0A, 0xD4, 0x0B, 0xD4,
    0x0B, 0xD4, 0xEB, 0xD3, 0xEC, 0xD3, 0x0C, 0xDC, 0x0D, 0xDC, 0x0E, 0xDC, 0x0E, 0xDC, 0x0F, 0xDC,
    0x10, 0xDC, 0x30, 0xE4, 0x51, 0xE4, 0x31, 0xE4, 0xF1, 0xE3, 0xF2, 0xE3, 0x6F, 0xD3, 0x2B, 0xCC,
    0x0D, 0xEE, 0x4E, 0xED, 0x91, 0xD3, 0xB5, 0xD3, 0xB5, 0xD3, 0x95, 0xCB, 0x95, 0xCB, 0x95, 0xCB,
    0x96, 0xCB, 0xB6, 0xC3, 0x9B, 0xB5, 0x7F, 0xAF, 0x3A, 0xB5, 0x18, 0xC4, 0xF8, 0xC3, 0xF8, 0xC3,
    0xF8, 0xC3, 0xF9, 0xCB, 0x9B, 0xDC, 0x19, 0xCC, 0x19, 0xCC, 0x19, 0xCC, 0x18, 0xD4, 0xD7, 0xD3,
    0x96, 0xD3, 0x96, 0xD3, 0x54, 0xD3, 0x2F, 0xCB, 0xAE, 0xD3, 0x8E, 0xCB, 0x8F, 0xCB, 0xD4, 0xD3,
    0x9A, 0xE5, 0x9C, 0xDE, 0xB9, 0xA4, 0xFA, 0xB4, 0x1B, 0xB5, 0x3B, 0xBD, 0x5B, 0xBD, 0x7B, 0xC5,
    0xBC, 0xC5, 0xDC, 0xCD, 0x3C, 0xD6, 0x7C, 0xE6, 0xBC, 0xEE, 0x3E, 0xF7, 0x94, 0xFE, 0xC9, 0xF5,
    0xA9, 0xF5, 0x26, 0xFD, 0x47, 0xFD, 0x67, 0xFD, 0xA8, 0xFD, 0xE8, 0xFD, 0x29, 0xFE, 0xAA, 0xFE,
    0x0D, 0xFF, 0x71, 0xFF, 0x8C, 0xED, 0x28, 0xFD, 0xAC, 0xCC, 0x2C, 0x7B, 0xAB, 0x62, 0x0A, 0x4A,
    0x89, 0x31, 0x47, 0x21, 0x07, 0x19, 0xC6, 0x10, 0xE5, 0x18, 0x04, 0x29, 0x04, 0x29, 0xC4, 0x18,
    0x64, 0x00, 0x64, 0x00, 0x64, 0x08, 0x85, 0x08, 0xA5, 0x10, 0x85, 0x18, 0xE6, 0x20, 0x27, 0x21,
    0x67, 0x29, 0xC8, 0x41, 0x49, 0x5A, 0xEA, 0x72, 0x4B, 0xAC, 0x92, 0xFF, 0xFC, 0xFF, 0xF9, 0xFF,
    0x91, 0xFF, 0x2F, 0xFF, 0xCD, 0xFE, 0x8C, 0xFE, 0x2A, 0xFE, 0xE9, 0xFD, 0xC8, 0xFD, 0xA8, 0xFD,
    0x87, 0xFD, 0xC8, 0xFD, 0x2A, 0xF6, 0xEB, 0xF5, 0xDC, 0xFF, 0xDE, 0xFF, 0x9E, 0xFF, 0x9E, 0xFF,
    0x7E, 0xF7, 0x5E, 0xEF, 0x5D, 0xEF, 0x3D, 0xEF, 0x1E, 0xEF, 0x1E, 0xEF, 0xFE, 0xF6, 0xDE, 0xF6,
    0xBE, 0xF6, 0xBD, 0xF6, 0xB8, 0xFF, 0xF1, 0xFD, 0x0E, 0xEC, 0x8E, 0xDB, 0xD1, 0xEC, 0xD3, 0xFD,
    0x14, 0xF5, 0x74, 0xEC, 0x54, 0xEC, 0x53, 0xEC, 0x52, 0xEC, 0x51, 0xE4, 0x51, 0xE4, 0x50, 0xE4,
    0x50, 0xE4, 0x2F, 0xE4, 0x2F, 0xE4, 0x2F, 0xE4, 0x2F, 0xE4, 0x2E, 0xDC, 0x2E, 0xDC, 0x2E, 0xDC,
    0x2D, 0xDC, 0x2D, 0xDC, 0x2D, 0xDC, 0x2D, 0xDC, 0x2D, 0xDC, 0x2D, 0xDC, 0x0D, 0xDC, 0x0D, 0xDC,
    0x0D, 0xDC, 0x0E, 0xDC, 0x0E, 0xDC, 0x0E, 0xDC, 0x2F, 0xDC, 0x30, 0xDC, 0x30, 0xE4, 0x31, 0xE4,
    0x11, 0xE4, 0x11, 0xE4, 0xF2, 0xE3, 0xD2, 0xE3, 0x90, 0xDB, 0x8C, 0xD3, 0xCA, 0xDC, 0xAC, 0xED,
    0x4E, 0xDC, 0x93, 0xD3, 0xD5, 0xD3, 0xD5, 0xD3, 0xB5, 0xD3, 0x95, 0xD3, 0x95, 0xCB, 0x96, 0xCB,
    0x96, 0xCB, 0x96, 0xCB, 0xF7, 0xBB, 0x79, 0xBC, 0x97, 0xC3, 0xD8, 0xC3, 0xD8, 0xC3, 0xD8, 0xC3,
    0xD8, 0xC3, 0xD8, 0xCB, 0x39, 0xD4, 0xD8, 0xCB, 0xB8, 0xCB, 0x97, 0xD3, 0x55, 0xD3, 0x35, 0xD3,
    0x35, 0xDB, 0xF2, 0xCA, 0x0E, 0xCB, 0xCD, 0xD3, 0xCC, 0xD3, 0x2E, 0xD4, 0x11, 0xCC, 0xD4, 0xD3,
    0xDA, 0xED, 0x1B, 0xCE, 0x79, 0xA4, 0xDA, 0xAC, 0xFA, 0xB4, 0x1B, 0xB5, 0x5B, 0xBD, 0x7B, 0xBD,
    0xBB, 0xC5, 0xFB, 0xCD, 0x3B, 0xDE, 0x9B, 0xE6, 0xDB, 0xEE, 0x7D, 0xFF, 0xB4, 0xFE, 0xA9, 0xF5,
    0xA9, 0xF5, 0xE6, 0xFC, 0x27, 0xFD, 0x47, 0xFD, 0x68, 0xFD, 0xA8, 0xFD, 0x09, 0xFE, 0xCC, 0xFE,
    0x2E, 0xFF, 0xEE, 0xE5, 0x84, 0xDB, 0xA9, 0xF4, 0xED, 0x9B, 0x0C, 0x73, 0x6B, 0x5A, 0xEA, 0x41,
    0x89, 0x31, 0x28, 0x21, 0x07, 0x19, 0xE7, 0x18, 0xC4, 0x20, 0x91, 0xC5, 0x8D, 0x9C, 0x83, 0x10,
    0x64, 0x00, 0x64, 0x00, 0x64, 0x08, 0x85, 0x08, 0xA5, 0x08, 0xC6, 0x10, 0xE6, 0x18, 0x07, 0x21,
    0x67, 0x29, 0xC8, 0x39, 0x4A, 0x52, 0xEB, 0x6A, 0x8B, 0x8B, 0xAF, 0xE6, 0xD2, 0xFF, 0xB5, 0xFF,
    0x72, 0xFF, 0xEE, 0xFE, 0xAC, 0xFE, 0x2A, 0xFE, 0xE9, 0xFD, 0xA9, 0xFD, 0x68, 0xFD, 0x47, 0xFD,
    0x47, 0xFD, 0x26, 0xFD, 0xA9, 0xF5, 0xA9, 0xF5, 0x37, 0xFF, 0xFF, 0xFF, 0xBD, 0xFF, 0x9D, 0xFF,
    0x7D, 0xF7, 0x5D, 0xF7, 0x3D, 0xF7, 0x1D, 0xEF, 0xFD, 0xEE, 0xFD, 0xEE, 0xDD, 0xEE, 0xBD, 0xF6,
    0x9E, 0xF6, 0x7D, 0xF6, 0x99, 0xFF, 0x52, 0xFE, 0x8D, 0xEC, 0x4D, 0xEC, 0x6D, 0xDB, 0x30, 0xE4,
    0x74, 0xFD, 0x14, 0xF5, 0x54, 0xEC, 0x34, 0xEC, 0x33, 0xEC, 0x12, 0xE4, 0x32, 0xE4, 0x32, 0xE4,
    0x31, 0xE4, 0x31, 0xE4, 0x31, 0xE4, 0x30, 0xE4, 0x50, 0xE4, 0x50, 0xE4, 0x50, 0xE4, 0x30, 0xE4,
    0x30, 0xE4, 0x2F, 0xE4, 0x2F, 0xDC, 0x2F, 0xDC, 0x2F, 0xDC, 0x2F, 0xDC, 0x2F, 0xDC, 0x2F, 0xDC,
    0x2F, 0xDC, 0x2F, 0xDC, 0x30, 0xDC, 0x30, 0xE4, 0x30, 0xE4, 0x31, 0xE4, 0x31, 0xE4, 0x32, 0xE4,
    0x12, 0xE4, 0xF2, 0xE3, 0xB0, 0xDB, 0xCD, 0xD3, 0x8A, 0xDC, 0x4A, 0xE5, 0x8C, 0xE4, 0x6F, 0xD3,
    0x74, 0xD3, 0xD5, 0xD3, 0xD5, 0xD3, 0xB5, 0xD3, 0x95, 0xD3, 0x95, 0xCB, 0x95, 0xCB, 0x95, 0xCB,
    0x96, 0xCB, 0x96, 0xCB, 0x76, 0xCB, 0x76, 0xC3, 0x96, 0xC3, 0x97, 0xC3, 0x97, 0xC3, 0x96, 0xC3,
    0x97, 0xC3, 0x97, 0xC3, 0x77, 0xC3, 0x56, 0xC3, 0x15, 0xCB, 0xF4, 0xD2, 0xF4, 0xD2, 0xF4, 0xD2,
    0x6F, 0xC2, 0xAC, 0xC2, 0xAC, 0xD3, 0xCB, 0xD3, 0x2C, 0xDC, 0xCF, 0xDC, 0x92, 0xD4, 0xF5, 0xD3,
    0x1B, 0xEE, 0x9A, 0xBD, 0x59, 0x9C, 0xBA, 0xAC, 0xDA, 0xAC, 0x1A, 0xB5, 0x3B, 0xBD, 0x9B, 0xC5,
    0xDB, 0xCD, 0x3B, 0xDE, 0x9B, 0xE6, 0xFB, 0xEE, 0x3B, 0xF7, 0xBD, 0xFF, 0x16, 0xFF, 0x68, 0xF5,
    0x2C, 0xF6, 0x27, 0xFD, 0xC6, 0xFC, 0x07, 0xFD, 0x27, 0xFD, 0xA8, 0xFD, 0x4A, 0xFE, 0xEC, 0xFE,
    0x2E, 0xEE, 0x66, 0xC3, 0xA6, 0xDB, 0xEF, 0xCC, 0xAF, 0x83, 0xED, 0x6A, 0x4C, 0x52, 0xEA, 0x39,
    0x69, 0x31, 0x28, 0x21, 0x07, 0x19, 0xE7, 0x18, 0x05, 0x21, 0x4A, 0x7B, 0xC9, 0x62, 0xA4, 0x18,
    0x64, 0x00, 0x64, 0x00, 0x64, 0x08, 0x85, 0x08, 0x85, 0x08, 0xA6, 0x10, 0xC6, 0x10, 0x07, 0x19,
    0x47, 0x29, 0xA9, 0x39, 0x2A, 0x4A, 0xCB, 0x62, 0x4C, 0x7B, 0xAC, 0xB4, 0xCA, 0xFE, 0x4A, 0xFE,
    0xF1, 0xF6, 0xEF, 0xFE, 0x8D, 0xFE, 0x2B, 0xFE, 0xA8, 0xFD, 0x68, 0xFD, 0x48, 0xFD, 0x27, 0xFD,
    0x07, 0xFD, 0xE6, 0xFC, 0xA9, 0xF5, 0x89, 0xFD, 0xD4, 0xF6, 0xFF, 0xFF, 0xDD, 0xFF, 0xDD, 0xFF,
    0xBD, 0xFF, 0x7D, 0xFF, 0x5D, 0xF7, 0x3D, 0xF7, 0xFD, 0xF6, 0xDD, 0xF6, 0xBD, 0xEE, 0x9D, 0xF6,
    0x9D, 0xF6, 0x3D, 0xF6, 0x5A, 0xFF, 0xD3, 0xFE, 0xCE, 0xF4, 0xEE, 0xEC, 0xAD, 0xEC, 0xAC, 0xDB,
    0x6E, 0xD3, 0x93, 0xEC, 0xF5, 0xF4, 0x54, 0xEC, 0xF4, 0xE3, 0xF3, 0xE3, 0xF3, 0xE3, 0x13, 0xE4,
    0x12, 0xE4, 0x32, 0xE4, 0x31, 0xE4, 0x31, 0xE4, 0x31, 0xE4, 0x31, 0xE4, 0x31, 0xE4, 0x31, 0xE4,
    0x31, 0xE4, 0x31, 0xE4, 0x31, 0xE4, 0x30, 0xE4, 0x30, 0xE4, 0x30, 0xE4, 0x30, 0xE4, 0x30, 0xE4,
    0x31, 0xE4, 0x31, 0xE4, 0x31, 0xE4, 0x31, 0xE4, 0x12, 0xE4, 0x12, 0xE4, 0xF2, 0xE3, 0xF2, 0xE3,
    0xF0, 0xDB, 0x4D, 0xDC, 0xAB, 0xDC, 0x0A, 0xE5, 0x8B, 0xE4, 0x8E, 0xDB, 0x52, 0xD3, 0xB5, 0xDB,
    0xB5, 0xD3, 0x94, 0xD3, 0x95, 0xD3, 0x95, 0xD3, 0x95, 0xD3, 0x75, 0xCB, 0x75, 0xCB, 0x75, 0xCB,
    0x76, 0xCB, 0x76, 0xCB, 0x56, 0xC3, 0x56, 0xC3, 0x56, 0xC3, 0x56, 0xC3, 0x56, 0xC3, 0x35, 0xC3,
    0x35, 0xC3, 0x35, 0xC3, 0x15, 0xC3, 0xD4, 0xCA, 0xB3, 0xCA, 0xD4, 0xD2, 0x92, 0xCA, 0x0D, 0xBA,
    0x4A, 0xBA, 0x4B, 0xCB, 0x6A, 0xD3, 0x0B, 0xDC, 0x10, 0xF6, 0x30, 0xE5, 0xF1, 0xD3, 0x56, 0xD4,
    0x5C, 0xEE, 0x19, 0xAD, 0x38, 0x9C, 0x99, 0xA4, 0xBA, 0xAC, 0x1A, 0xB5, 0x7B, 0xC5, 0xDC, 0xD5,
    0x3C, 0xDE, 0x7C, 0xE6, 0xBC, 0xEE, 0xFC, 0xF6, 0x3B, 0xF7, 0x7C, 0xFF, 0xBB, 0xFF, 0xAB, 0xF5,
    0xAA, 0xFD, 0x2C, 0xF6, 0x89, 0xF5, 0x68, 0xFD, 0xC9, 0xFD, 0x29, 0xFE, 0x8B, 0xFE, 0xEC, 0xED,
    0x86, 0xCB, 0x45, 0xCB, 0x13, 0xEE, 0x59, 0xD6, 0x52, 0x9C, 0xEE, 0x62, 0x2C, 0x4A, 0xCB, 0x39,
    0x69, 0x29, 0x28, 0x21, 0x07, 0x19, 0xE7, 0x10, 0x06, 0x19, 0xC5, 0x18, 0xC5, 0x18, 0xA5, 0x10,
    0x64, 0x00, 0x64, 0x08, 0x64, 0x08, 0x85, 0x08, 0xA5, 0x08, 0xA6, 0x10, 0xC6, 0x10, 0x07, 0x19,
    0x48, 0x29, 0xA9, 0x31, 0x2A, 0x4A, 0xAB, 0x5A, 0x4D, 0x7B, 0xCE, 0x8B, 0x2C, 0xCD, 0x66, 0xFD,
    0xC7, 0xEC, 0x2E, 0xEE, 0x8E, 0xFE, 0x2C, 0xFE, 0xCA, 0xF5, 0x48, 0xFD, 0x07, 0xFD, 0xC7, 0xFC,
    0xA6, 0xFC, 0x07, 0xFD, 0x0C, 0xF6, 0x28, 0xFD, 0xD4, 0xF6, 0xFE, 0xFF, 0xFC, 0xFF, 0xDC, 0xFF,
    0xBC, 0xFF, 0x9C, 0xFF, 0x7C, 0xFF, 0x5C, 0xF7, 0x1C, 0xF7, 0xDC, 0xF6, 0x9C, 0xEE, 0x7D, 0xEE,
    0x5D, 0xEE, 0x1D, 0xEE, 0x1B, 0xF7, 0x15, 0xFF, 0x0F, 0xF5, 0x4F, 0xF5, 0x6F, 0xF5, 0xEE, 0xEC,
    0xEC, 0xDB, 0x0C, 0xCB, 0x4F, 0xDB, 0x13, 0xEC, 0x55, 0xEC, 0xF4, 0xE3, 0xB3, 0xDB, 0xD3, 0xE3,
    0xF3, 0xE3, 0xF2, 0xE3, 0x12, 0xE4, 0x12, 0xE4, 0x12, 0xE4, 0x12, 0xE4, 0x11, 0xE4, 0x11, 0xE4,
    0x11, 0xE4, 0x11, 0xE4, 0x11, 0xE4, 0x11, 0xE4, 0x11, 0xE4, 0x11, 0xE4, 0x11, 0xE4, 0x11, 0xE4,
    0x11, 0xE4, 0x11, 0xE4, 0x11, 0xE4, 0xF1, 0xE3, 0xCF, 0xDB, 0xED, 0xDB, 0x2C, 0xDC, 0x8B, 0xDC,
    0xCB, 0xDC, 0xCC, 0xE4, 0x4D, 0xE4, 0xAF, 0xDB, 0x73, 0xDB, 0x94, 0xDB, 0x94, 0xDB, 0x94, 0xD3,
    0x94, 0xD3, 0x94, 0xD3, 0x94, 0xD3, 0x94, 0xD3, 0x95, 0xD3, 0x95, 0xD3, 0x75, 0xCB, 0x75, 0xCB,
    0x55, 0xCB, 0x35, 0xCB, 0x35, 0xCB, 0x35, 0xC3, 0x15, 0xC3, 0xF4, 0xC2, 0xF4, 0xC2, 0xD4, 0xC2,
    0xD4, 0xC2, 0xB3, 0xC2, 0xB3, 0xC2, 0xF4, 0xCA, 0xF4, 0xCA, 0x2F, 0xBA, 0xAA, 0xA9, 0x09, 0xB2,
    0xCA, 0xC2, 0x2A, 0xCB, 0x49, 0xCB, 0x4B, 0xDC, 0xD1, 0xFE, 0xD1, 0xF5, 0x12, 0xD4, 0x97, 0xDC,
    0x3C, 0xE6, 0x78, 0x9C, 0x38, 0x9C, 0x79, 0xA4, 0xDA, 0xB4, 0x5B, 0xC5, 0x9C, 0xD5, 0xDC, 0xDD,
    0xFC, 0xE5, 0x3C, 0xE6, 0x7B, 0xEE, 0x9B, 0xEE, 0xFB, 0xF6, 0x3B, 0xFF, 0xBD, 0xFF, 0x36, 0xFF,
    0x69, 0xF5, 0x88, 0xFD, 0xE9, 0xFD, 0xE9, 0xFD, 0x09, 0xFE, 0x2B, 0xF6, 0x2B, 0xE5, 0xA7, 0xDB,
    0xC7, 0xDB, 0x14, 0xEE, 0xFF, 0xFF, 0x3D, 0xEF, 0xB8, 0xC5, 0x13, 0x84, 0x6D, 0x4A, 0xAB, 0x31,
    0x6A, 0x29, 0x48, 0x21, 0x08, 0x19, 0xE7, 0x10, 0xC6, 0x10, 0xC6, 0x10, 0xA5, 0x10, 0x84, 0x08,
    0x64, 0x00, 0x64, 0x08, 0x84, 0x08, 0x85, 0x08, 0xA5, 0x08, 0xA6, 0x10, 0xE7, 0x10, 0x08, 0x19,
    0x48, 0x21, 0xA9, 0x31, 0x0A, 0x42, 0x8C, 0x52, 0x0D, 0x6B, 0xF0, 0x8B, 0x34, 0xBD, 0xCF, 0xED,
    0x04, 0xE4, 0x65, 0xCB, 0x2B, 0xDD, 0x0C, 0xF6, 0xEB, 0xFD, 0xCA, 0xF5, 0x8A, 0xF5, 0x49, 0xF5,
    0x6A, 0xF5, 0xEC, 0xF5, 0x8A, 0xFD, 0x29, 0xFD, 0x78, 0xFF, 0xFD, 0xFF, 0xDC, 0xFF, 0xDC, 0xFF,
    0xBC, 0xFF, 0x7C, 0xFF, 0x7C, 0xFF, 0x5C, 0xFF, 0x1C, 0xF7, 0xDC, 0xF6, 0x9C, 0xF6, 0x5C, 0xEE,
    0x3C, 0xEE, 0xDC, 0xED, 0x9B, 0xF6, 0x57, 0xFF, 0x2F, 0xF5, 0xB1, 0xF5, 0x78, 0xFF, 0x32, 0xF6,
    0xCD, 0xEC, 0x0C, 0xDC, 0xCA, 0xCA, 0x2B, 0xC2, 0x10, 0xD3, 0x14, 0xE4, 0x15, 0xE4, 0xD4, 0xDB,
    0xB3, 0xDB, 0xB3, 0xDB, 0xB3, 0xDB, 0xD2, 0xDB, 0xD2, 0xDB, 0xD2, 0xDB, 0xD2, 0xDB, 0xD2, 0xE3,
    0xD2, 0xE3, 0xD2, 0xE3, 0xF2, 0xE3, 0xF2, 0xE3, 0xF2, 0xE3, 0xF2, 0xE3, 0xF2, 0xE3, 0xF2, 0xE3,
    0xF2, 0xE3, 0xF2, 0xE3, 0xD2, 0xE3, 0xCE, 0xDB, 0xE9, 0xDB, 0x09, 0xDC, 0x0A, 0xDC, 0xEC, 0xDB,
    0xCF, 0xDB, 0xB2, 0xDB, 0xB4, 0xDB, 0xD5, 0xE3, 0xF4, 0xE3, 0xD3, 0xDB, 0xD2, 0xDB, 0xB1, 0xDB,
    0xB0, 0xD3, 0x90, 0xD3, 0x90, 0xCB, 0x91, 0xCB, 0x92, 0xCB, 0x94, 0xD3, 0x95, 0xD3, 0x75, 0xD3,
    0x55, 0xCB, 0x14, 0xCB, 0xF4, 0xC2, 0xD3, 0xC2, 0xB3, 0xC2, 0x93, 0xC2, 0x72, 0xC2, 0x72, 0xC2,
    0x93, 0xC2, 0xD4, 0xC2, 0xF4, 0xCA, 0x71, 0xBA, 0xAC, 0xA9, 0x6A, 0xA1, 0xE9, 0xA9, 0x4A, 0xBA,
    0xAA, 0xC2, 0xEA, 0xCA, 0x4A, 0xCB, 0x8A, 0xD3, 0xAD, 0xE4, 0x30, 0xDC, 0xF3, 0xD3, 0x97, 0xDC,
    0xD6, 0xC4, 0x17, 0x94, 0x59, 0x9C, 0x99, 0xAC, 0x1B, 0xC5, 0x5B, 0xCD, 0x7C, 0xD5, 0x9C, 0xDD,
    0xDB, 0xDD, 0xFB, 0xDD, 0x3B, 0xE6, 0x7B, 0xE6, 0xDB, 0xEE, 0x1B, 0xF7, 0x5B, 0xFF, 0xDD, 0xFF,
    0x36, 0xFF, 0xCC, 0xF5, 0xAC, 0xF5, 0xAC, 0xF5, 0x4C, 0xF5, 0x8C, 0xEC, 0xEA, 0xEB, 0xED, 0xEC,
    0xD7, 0xF6, 0xFF, 0xFF, 0xFF, 0xFF, 0xDF, 0xFF, 0xFD, 0xE6, 0x99, 0xB5, 0xF4, 0x83, 0x4D, 0x42,
    0x6A, 0x29, 0x49, 0x21, 0x08, 0x19, 0xE7, 0x10, 0xC6, 0x10, 0xA6, 0x10, 0xA5, 0x08, 0x85, 0x08,
    0x64, 0x00, 0x64, 0x08, 0x85, 0x08, 0x85, 0x08, 0xA6, 0x08, 0xC6, 0x10, 0xE7, 0x18, 0x08, 0x19,
    0x49, 0x21, 0xAA, 0x31, 0x0B, 0x3A, 0x6C, 0x4A, 0xB0, 0x7B, 0x55, 0xB5, 0x9A, 0xDE, 0xDD, 0xFF,
    0x53, 0xEE, 0x65, 0xCB, 0x83, 0xBA, 0xA7, 0xC3, 0xEA, 0xE4, 0x4A, 0xF5, 0x89, 0xF5, 0x8A, 0xF5,
    0x8A, 0xF5, 0x49, 0xF5, 0x08, 0xF5, 0x51, 0xF6, 0xFD, 0xFF, 0xDC, 0xFF, 0xBC, 0xFF, 0x9C, 0xFF,
    0x7C, 0xFF, 0x5C, 0xFF, 0x3C, 0xF7, 0x1C, 0xF7, 0xFC, 0xF6, 0xDC, 0xF6, 0x9C, 0xF6, 0x5C, 0xEE,
    0xFC, 0xED, 0xBC, 0xE5, 0x1B, 0xEE, 0x98, 0xFF, 0x70, 0xF5, 0x90, 0xF5, 0x35, 0xFF, 0x92, 0xFE,
    0x6F, 0xF5, 0x8D, 0xEC, 0xCC, 0xDB, 0xEA, 0xCA, 0x09, 0xBA, 0x0B, 0xBA, 0x10, 0xCB, 0xF5, 0xDB,
    0xF6, 0xE3, 0xB5, 0xDB, 0x73, 0xD3, 0x53, 0xD3, 0x52, 0xDB, 0x72, 0xDB, 0x72, 0xDB, 0x92, 0xDB,
    0x92, 0xDB, 0x92, 0xDB, 0xB2, 0xDB, 0xB2, 0xDB, 0xB2, 0xDB, 0xB2, 0xDB, 0xB2, 0xDB, 0xB2, 0xDB,
    0xB2, 0xE3, 0xB2, 0xE3, 0xB2, 0xE3, 0xB2, 0xE3, 0x71, 0xDB, 0x51, 0xDB, 0x53, 0xDB, 0x73, 0xDB,
    0xB4, 0xE3, 0xF4, 0xE3, 0x13, 0xE4, 0x12, 0xE4, 0xF0, 0xE3, 0xCE, 0xDB, 0x8D, 0xD3, 0x6B, 0xD3,
    0x4B, 0xCB, 0x4B, 0xC3, 0x4B, 0xC3, 0x4D, 0xC3, 0x4F, 0xC3, 0x72, 0xCB, 0x94, 0xD3, 0x95, 0xD3,
    0x75, 0xD3, 0xF4, 0xCA, 0x92, 0xC2, 0x72, 0xC2, 0x52, 0xBA, 0x52, 0xBA, 0x72, 0xBA, 0x93, 0xC2,
    0xD4, 0xC2, 0x93, 0xBA, 0xAE, 0xA1, 0x2B, 0x99, 0x4A, 0xA1, 0xAA, 0xA1, 0x0A, 0xAA, 0x49, 0xB2,
    0x8A, 0xBA, 0xCA, 0xC2, 0x2B, 0xCB, 0x6D, 0xD3, 0x8F, 0xD3, 0x92, 0xD3, 0x72, 0xCB, 0x91, 0xD4,
    0x54, 0xCD, 0x17, 0x94, 0x79, 0xA4, 0xDA, 0xB4, 0x1A, 0xC5, 0x5B, 0xCD, 0x7B, 0xD5, 0x9C, 0xDD,
    0xBB, 0xDD, 0xDB, 0xDD, 0x1B, 0xDE, 0x5B, 0xE6, 0xBC, 0xEE, 0xFB, 0xEE, 0x3B, 0xF7, 0x5B, 0xFF,
    0xBD, 0xFF, 0x9B, 0xFF, 0xB7, 0xF6, 0xF4, 0xF5, 0x72, 0xF5, 0x92, 0xF5, 0x96, 0xF6, 0xDD, 0xFF,
    0xFF, 0xFF, 0xFF, 0xFF, 0xFF, 0xFF, 0xFF, 0xF7, 0xDF, 0xF7, 0x1E, 0xE7, 0x99, 0xB5, 0x14, 0x7C,
    0x2D, 0x42, 0x49, 0x21, 0x29, 0x19, 0x08, 0x11, 0xE7, 0x10, 0xC6, 0x10, 0xA6, 0x08, 0x85, 0x08,
    0x64, 0x08, 0x84, 0x08, 0x85, 0x08, 0xA5, 0x08, 0xA6, 0x10, 0xC6, 0x10, 0xE7, 0x18, 0x28, 0x19,
    0x49, 0x21, 0x8A, 0x29, 0xEB, 0x39, 0x90, 0x73, 0x97, 0xB5, 0xFB, 0xE6, 0xBD, 0xFF, 0xFE, 0xFF,
    0xFF, 0xFF, 0xF8, 0xF6, 0x6A, 0xDC, 0x04, 0xD3, 0x05, 0xD3, 0xE8, 0xDB, 0x8B, 0xE4, 0xCB, 0xEC,
    0x0C, 0xED, 0x4D, 0xF5, 0x11, 0xF6, 0xDB, 0xFF, 0xDC, 0xFF, 0xBC, 0xFF, 0x7C, 0xFF, 0x5C, 0xFF,
    0x1C, 0xF7, 0x1C, 0xF7, 0xFC, 0xF6, 0xDC, 0xF6, 0xBC, 0xF6, 0x9C, 0xF6, 0x7B, 0xEE, 0x3B, 0xEE,
    0xFB, 0xED, 0xBB, 0xE5, 0xBA, 0xE5, 0x79, 0xFF, 0xB1, 0xF5, 0x6F, 0xF5, 0x71, 0xFE, 0x71, 0xFE,
    0xCF, 0xFD, 0xEE, 0xEC, 0x2D, 0xE4, 0x6C, 0xDB, 0xEB, 0xCA, 0x4A, 0xBA, 0xC9, 0xA9, 0xEB, 0xB1,
    0xB0, 0xC2, 0x75, 0xD3, 0x96, 0xDB, 0x75, 0xD3, 0x34, 0xD3, 0x13, 0xD3, 0x12, 0xD3, 0x12, 0xD3,
    0x32, 0xD3, 0x32, 0xD3, 0x52, 0xDB, 0x52, 0xDB, 0x52, 0xDB, 0x72, 0xDB, 0x72, 0xDB, 0x72, 0xDB,
    0x72, 0xDB, 0x73, 0xDB, 0x73, 0xDB, 0x53, 0xDB, 0x54, 0xDB, 0x74, 0xDB, 0xB3, 0xE3, 0xD2, 0xE3,
    0xD1, 0xE3, 0xCF, 0xE3, 0xCD, 0xDB, 0xCC, 0xDB, 0xCB, 0xD3, 0xAA, 0xD3, 0xA9, 0xCB, 0x69, 0xC3,
    0x49, 0xC3, 0x29, 0xBB, 0x09, 0xBB, 0x0B, 0xC3, 0x2D, 0xC3, 0x50, 0xCB, 0x94, 0xD3, 0xB7, 0xD3,
    0x97, 0xD3, 0xB3, 0xC2, 0x51, 0xBA, 0x52, 0xB2, 0x73, 0xBA, 0xB4, 0xBA, 0xB4, 0xB2, 0x93, 0x92,
    0xCD, 0x89, 0x6C, 0x99, 0x8E, 0xA1, 0x8D, 0xA1, 0x8B, 0xA1, 0xAB, 0xA9, 0xEB, 0xA9, 0x2B, 0xB2,
    0x6C, 0xBA, 0x8C, 0xC2, 0xAD, 0xC2, 0xCE, 0xC2, 0xEE, 0xC2, 0x6C, 0xCB, 0xAA, 0xC3, 0x6D, 0xDD,
    0xF4, 0xBC, 0x18, 0x94, 0xB9, 0xAC, 0xFA, 0xBC, 0x1A, 0xC5, 0x1B, 0xCD, 0xBC, 0xDD, 0x7F, 0xFF,
    0xDB, 0xDD, 0xBB, 0xD5, 0x1B, 0xDE, 0x5B, 0xDE, 0x9C, 0xE6, 0xDB, 0xEE, 0x1B, 0xEF, 0x3C, 0xF7,
    0x5B, 0xF7, 0x9C, 0xFF, 0xDD, 0xFF, 0xBC, 0xFF, 0xBC, 0xFF, 0xFD, 0xFF, 0xFF, 0xFF, 0xDF, 0xFF,
    0xBE, 0xFF, 0xDF, 0xFF, 0xBF, 0xF7, 0xBF, 0xF7, 0xDF, 0xEF, 0xDF, 0xEF, 0x1E, 0xDF, 0xBA, 0xB5,
    0xF4, 0x7B, 0xEC, 0x31, 0x29, 0x19, 0x28, 0x19, 0xE7, 0x10, 0xC6, 0x10, 0xA6, 0x08, 0xA5, 0x08,
    0x64, 0x08, 0x84, 0x08, 0x85, 0x08, 0xA6, 0x08, 0xA6, 0x10, 0xC7, 0x10, 0xE7, 0x18, 0x28, 0x19,
    0x49, 0x21, 0x8A, 0x29, 0x2F, 0x63, 0x77, 0xB5, 0xFC, 0xE6, 0xBE, 0xFF, 0xFE, 0xFF, 0xFE, 0xFF,
    0xFE, 0xFF, 0xFF, 0xFF, 0xFD, 0xFF, 0xB5, 0xF6, 0x4E, 0xED, 0xCC, 0xEC, 0xEE, 0xF4, 0x50, 0xF5,
    0x13, 0xFE, 0xD6, 0xFE, 0xBB, 0xFF, 0xFC, 0xFF, 0xBC, 0xFF, 0x7C, 0xFF, 0x5C, 0xFF, 0x1C, 0xF7,
    0xFC, 0xF6, 0xBD, 0xF6, 0x9C, 0xEE, 0x9C, 0xEE, 0x7C, 0xEE, 0x5C, 0xEE, 0x5C, 0xEE, 0x1B, 0xEE,
    0xDB, 0xE5, 0xBB, 0xE5, 0x7A, 0xE5, 0x35, 0xE6, 0xB2, 0xF5, 0x50, 0xF5, 0x11, 0xFE, 0x50, 0xFE,
    0xEF, 0xFD, 0x2E, 0xF5, 0x6D, 0xE4, 0xCD, 0xDB, 0x4C, 0xD3, 0xCB, 0xC2, 0x4B, 0xBA, 0xAA, 0xA9,
    0x4A, 0xA1, 0x6B, 0xA1, 0x0F, 0xB2, 0xB3, 0xC2, 0x35, 0xD3, 0x35, 0xD3, 0x14, 0xD3, 0xF3, 0xD2,
    0xD2, 0xCA, 0xD2, 0xCA, 0xD2, 0xCA, 0xF2, 0xD2, 0xF2, 0xD2, 0x12, 0xD3, 0x12, 0xD3, 0x12, 0xD3,
    0x12, 0xD3, 0x12, 0xD3, 0x33, 0xD3, 0x33, 0xD3, 0x53, 0xDB, 0xB1, 0xE3, 0xB0, 0xE3, 0x8D, 0xDB,
    0x8C, 0xDB, 0xCB, 0xDB, 0x2B, 0xDC, 0x6A, 0xDC, 0x6A, 0xDC, 0x49, 0xD4, 0xE9, 0xD3, 0xA8, 0xCB,
    0x68, 0xC3, 0x28, 0xBB, 0x08, 0xBB, 0x0A, 0xBB, 0x2D, 0xC3, 0x50, 0xCB, 0x95, 0xD3, 0xF8, 0xDB,
    0x76, 0xD3, 0x72, 0xBA, 0x93, 0xBA, 0xB4, 0xBA, 0xB4, 0xA2, 0x73, 0x82, 0x32, 0x62, 0x52, 0x52,
    0xCC, 0x61, 0x65, 0x81, 0x67, 0x89, 0x88, 0x99, 0x89, 0xA1, 0xA9, 0xA1, 0xC9, 0xA9, 0x0A, 0xB2,
    0x6A, 0xB2, 0xAA, 0xBA, 0x09, 0xC3, 0xA9, 0xCB, 0x49, 0xD4, 0x08, 0xC4, 0x27, 0xB3, 0x8C, 0xD4,
    0x14, 0xA4, 0x39, 0x9C, 0xB9, 0xAC, 0xDA, 0xB4, 0xFA, 0xBC, 0x1A, 0xC5, 0x7B, 0xD5, 0x3C, 0xE6,
    0xBB, 0xD5, 0xBB, 0xD5, 0xBD, 0xEE, 0x7C, 0xE6, 0x9B, 0xDE, 0xDC, 0xE6, 0xFC, 0xEE, 0x1C, 0xEF,
    0x3C, 0xF7, 0x5C, 0xF7, 0x5C, 0xF7, 0x7C, 0xFF, 0x9D, 0xFF, 0x9D, 0xFF, 0x7D, 0xFF, 0x7E, 0xFF,
    0x5E, 0xFF, 0x7F, 0xFF, 0x7F, 0xF7, 0x9F, 0xEF, 0x9F, 0xEF, 0xBF, 0xEF, 0xDF, 0xEF, 0x1E, 0xDF,
    0x79, 0xAD, 0x72, 0x6B, 0x8B, 0x21, 0x08, 0x19, 0x07, 0x11, 0xC6, 0x10, 0xA6, 0x10, 0xA6, 0x08,
    0x84, 0x08, 0x85, 0x08, 0x85, 0x08, 0xA6, 0x10, 0xC6, 0x10, 0xE7, 0x10, 0x08, 0x19, 0x49, 0x21,
    0x49, 0x21, 0xAE, 0x52, 0x16, 0xA5, 0xDC, 0xDE, 0xBE, 0xFF, 0xDE, 0xFF, 0xFE, 0xFF, 0xFE, 0xFF,
    0xFE, 0xFF, 0xFD, 0xFF, 0xFD, 0xFF, 0xFD, 0xFF, 0xFD, 0xFF, 0xBA, 0xFF, 0x79, 0xFF, 0x79, 0xFF,
    0xBB, 0xFF, 0xFC, 0xFF, 0xDC, 0xFF, 0xBC, 0xFF, 0x7B, 0xFF, 0x5C, 0xF7, 0x3C, 0xF7, 0x1C, 0xF7,
    0xDD, 0xF6, 0xBD, 0xEE, 0x9D, 0xEE, 0x7D, 0xEE, 0x3C, 0xEE, 0x1C, 0xE6, 0x1C, 0xE6, 0xFC, 0xE5,
    0xDB, 0xE5, 0x9B, 0xE5, 0x5A, 0xDD, 0x55, 0xEE, 0xAE, 0xE5, 0x8E, 0xEC, 0x30, 0xF5, 0xD0, 0xFD,
    0xD0, 0xFD, 0x4F, 0xF5, 0x8E, 0xE4, 0x0E, 0xDC, 0x8D, 0xD3, 0xEC, 0xCA, 0x6B, 0xBA, 0xEB, 0xB1,
    0xAC, 0xA9, 0x6C, 0xA1, 0x6D, 0xA1, 0x8E, 0xA1, 0xEF, 0x99, 0x72, 0x92, 0xD4, 0xAA, 0xF5, 0xC2,
    0x15, 0xCB, 0xF5, 0xD2, 0xF4, 0xCA, 0xB3, 0xCA, 0xB2, 0xCA, 0x92, 0xCA, 0x91, 0xCA, 0xB1, 0xCA,
    0xB1, 0xCA, 0xB2, 0xCA, 0xF3, 0xD2, 0x32, 0xDB, 0x90, 0xDB, 0x6E, 0xDB, 0x6C, 0xD3, 0xEB, 0xDB,
    0xAB, 0xE4, 0x2C, 0xED, 0x6C, 0xED, 0x4C, 0xED, 0x0B, 0xE5, 0x89, 0xDC, 0x28, 0xD4, 0xC8, 0xCB,
    0x67, 0xC3, 0x27, 0xBB, 0xE8, 0xBA, 0x0A, 0xBB, 0x0D, 0xC3, 0x51, 0xCB, 0xD6, 0xDB, 0x38, 0xE4,
    0xD4, 0xC2, 0x93, 0xAA, 0x93, 0x92, 0x72, 0x72, 0x31, 0x5A, 0x31, 0x52, 0x51, 0x52, 0x52, 0x52,
    0x10, 0x5A, 0xC7, 0x81, 0xC4, 0x89, 0x84, 0x89, 0x84, 0x89, 0xA3, 0x91, 0xE4, 0xA1, 0x44, 0xAA,
    0xA5, 0xB2, 0x05, 0xBB, 0x25, 0xBB, 0xC7, 0xC3, 0x27, 0xCC, 0x47, 0xB3, 0x27, 0xB3, 0x0D, 0xBC,
    0xB6, 0x8B, 0x58, 0x9C, 0x99, 0xAC, 0xBA, 0xB4, 0xFA, 0xBC, 0x1A, 0xC5, 0x3A, 0xC5, 0x5A, 0xCD,
    0x9B, 0xD5, 0xDB, 0xD5, 0x7C, 0xE6, 0x7B, 0xE6, 0x9B, 0xDE, 0xDC, 0xE6, 0xFC, 0xE6, 0x1C, 0xEF,
    0x3C, 0xEF, 0x3C, 0xEF, 0x3C, 0xF7, 0x5C, 0xF7, 0x5D, 0xF7, 0x5D, 0xF7, 0x3E, 0xFF, 0x3E, 0xFF,
    0x1E, 0xF7, 0x1F, 0xF7, 0x3F, 0xF7, 0x3F, 0xEF, 0x5F, 0xE7, 0x9F, 0xE7, 0xBF, 0xE7, 0xBF, 0xE7,
    0xBD, 0xCE, 0xD7, 0x94, 0xAF, 0x4A, 0x29, 0x19, 0x08, 0x11, 0xE7, 0x10, 0xC6, 0x10, 0xA6, 0x08,
    0x64, 0x08, 0x85, 0x08, 0xA5, 0x08, 0xA6, 0x10, 0xE7, 0x10, 0xE7, 0x10, 0x28, 0x19, 0x29, 0x19,
    0x2C, 0x3A, 0x94, 0x94, 0x5B, 0xD6, 0x9E, 0xFF, 0xDE, 0xFF, 0xDE, 0xFF, 0xDE, 0xFF, 0xBE, 0xFF,
    0xBE, 0xFF, 0xBD, 0xFF, 0xDC, 0xFF, 0xDB, 0xFF, 0xFB, 0xFF, 0xFC, 0xFF, 0xFC, 0xFF, 0xFC, 0xFF,
    0xFC, 0xFF, 0xBB, 0xFF, 0x9B, 0xFF, 0x7B, 0xFF, 0x5B, 0xF7, 0x3C, 0xF7, 0x3C, 0xF7, 0x1D, 0xEF,
    0xFD, 0xEE, 0xDD, 0xEE, 0xBD, 0xEE, 0x9D, 0xEE, 0x7D, 0xE6, 0x3C, 0xE6, 0xFC, 0xDD, 0xDB, 0xDD,
    0xBB, 0xDD, 0x9B, 0xDD, 0xF9, 0xD4, 0x36, 0xE6, 0x8E, 0xF6, 0x0A, 0xDD, 0xCC, 0xDC, 0x8D, 0xE4,
    0xAE, 0xEC, 0xAF, 0xEC, 0x90, 0xEC, 0x2F, 0xDC, 0x8E, 0xD3, 0xED, 0xCA, 0x6D, 0xBA, 0xED, 0xB1,
    0xAD, 0xA9, 0xAE, 0xA9, 0xAE, 0xA9, 0x8B, 0xA1, 0xCC, 0x79, 0x52, 0x5A, 0x51, 0x5A, 0x52, 0x6A,
    0x92, 0x7A, 0xB4, 0x92, 0xD4, 0xAA, 0xF5, 0xB2, 0xD5, 0xC2, 0xD4, 0xC2, 0xB4, 0xCA, 0xB3, 0xCA,
    0x73, 0xCA, 0x92, 0xCA, 0xF2, 0xD2, 0x51, 0xDB, 0x4E, 0xD3, 0x6C, 0xD3, 0x2B, 0xDC, 0x2C, 0xED,
    0xCD, 0xF5, 0x0D, 0xFE, 0x0D, 0xFE, 0xAC, 0xF5, 0x2B, 0xED, 0x89, 0xDC, 0x28, 0xD4, 0xC8, 0xCB,
    0x87, 0xC3, 0x26, 0xBB, 0x4A, 0xBB, 0xCA, 0xBA, 0x0D, 0xC3, 0x52, 0xCB, 0x38, 0xE4, 0xF7, 0xD3,
    0x31, 0x72, 0x31, 0x5A, 0x51, 0x52, 0x51, 0x52, 0x72, 0x5A, 0x72, 0x5A, 0x71, 0x5A, 0x51, 0x5A,
    0x31, 0x5A, 0xED, 0x69, 0xE7, 0x91, 0xE7, 0x91, 0xC7, 0x91, 0xC8, 0x91, 0x09, 0x9A, 0x4A, 0xA2,
    0xAB, 0xA2, 0xEC, 0xAA, 0x2D, 0xB3, 0xAC, 0xBB, 0x0C, 0xC4, 0xAC, 0xBB, 0x8B, 0xB3, 0xB1, 0x9B,
    0x18, 0x94, 0x58, 0xA4, 0x99, 0xAC, 0xBA, 0xB4, 0xDA, 0xBC, 0x1A, 0xC5, 0x3B, 0xCD, 0x9B, 0xCD,
    0xDB, 0xD5, 0x1B, 0xDE, 0x3B, 0xDE, 0x7B, 0xDE, 0xBB, 0xDE, 0xDC, 0xE6, 0xFC, 0xE6, 0x1C, 0xE7,
    0x1C, 0xEF, 0x3C, 0xEF, 0x3C, 0xEF, 0x3D, 0xEF, 0x3D, 0xEF, 0x3D, 0xF7, 0x1E, 0xF7, 0x1E, 0xF7,
    0xFE, 0xF6, 0xFF, 0xF6, 0xFF, 0xEE, 0xFF, 0xEE, 0x1F, 0xEF, 0x5F, 0xE7, 0x9F, 0xDF, 0xBF, 0xE7,
    0x9F, 0xE7, 0xFA, 0xBD, 0xF3, 0x73, 0xAB, 0x29, 0xE8, 0x10, 0xE7, 0x10, 0xC6, 0x10, 0xA6, 0x10,
    0x84, 0x08, 0x85, 0x08, 0xA6, 0x08, 0xC6, 0x10, 0xC7, 0x10, 0x08, 0x19, 0x29, 0x19, 0x8A, 0x29,
    0xD2, 0x73, 0xF9, 0xBD, 0x5E, 0xEF, 0xDF, 0xFF, 0xBE, 0xFF, 0xBF, 0xFF, 0x9F, 0xFF, 0x9E, 0xFF,
    0x9E, 0xFF, 0x9D, 0xFF, 0x9C, 0xFF, 0xBC, 0xFF, 0xDB, 0xFF, 0xDB, 0xFF, 0xBB, 0xFF, 0xBB, 0xFF,
    0xBB, 0xFF, 0x9B, 0xFF, 0x7B, 0xFF, 0x5C, 0xF7, 0x3C, 0xF7, 0x3C, 0xF7, 0x3D, 0xF7, 0x3D, 0xF7,
    0x3D, 0xEF, 0x3D, 0xF7, 0x5D, 0xF7, 0x5D, 0xF7, 0x3D, 0xF7, 0xFD, 0xEE, 0x9C, 0xE6, 0x3C, 0xDE,
    0xDB, 0xDD, 0x7A, 0xD5, 0xFA, 0xCC, 0x55, 0xD5, 0xAB, 0xED, 0x46, 0xDC, 0xED, 0xFE, 0xB0, 0xEE,
    0x6E, 0xDD, 0xCD, 0xDC, 0x4C, 0xD4, 0xCC, 0xD3, 0x4B, 0xCB, 0xAA, 0xC2, 0x4A, 0xB2, 0xC9, 0xA9,
    0xA9, 0xA1, 0x88, 0x99, 0xA6, 0x99, 0xE5, 0x91, 0x4F, 0x6A, 0x72, 0x5A, 0x72, 0x62, 0x92, 0x62,
    0x92, 0x62, 0x72, 0x62, 0x52, 0x62, 0x72, 0x62, 0x72, 0x72, 0x72, 0x7A, 0x73, 0x8A, 0x93, 0x9A,
    0x93, 0xA2, 0x92, 0xB2, 0x53, 0xDB, 0x72, 0xE3, 0x4D, 0xD3, 0xCC, 0xDB, 0xAC, 0xE4, 0x8D, 0xF5,
    0x2E, 0xFE, 0x6F, 0xFE, 0x4E, 0xFE, 0xCD, 0xF5, 0x4B, 0xED, 0xAA, 0xDC, 0x28, 0xD4, 0xC7, 0xCB,
    0x67, 0xC3, 0xA9, 0xBB, 0x37, 0xC6, 0x51, 0xBC, 0xEE, 0xC2, 0x74, 0xD3, 0x59, 0xEC, 0x34, 0xA3,
    0x31, 0x4A, 0x71, 0x5A, 0x92, 0x5A, 0x92, 0x62, 0xB2, 0x62, 0xB2, 0x62, 0xB2, 0x62, 0xB2, 0x62,
    0x92, 0x62, 0x72, 0x62, 0x4F, 0x7A, 0xAD, 0x9A, 0xF0, 0xA2, 0x72, 0xAB, 0xF4, 0xB3, 0x56, 0xB4,
    0xB8, 0xBC, 0xD8, 0xC4, 0x19, 0xC5, 0x18, 0xC5, 0x38, 0xC5, 0x17, 0xC5, 0xF7, 0xBC, 0x39, 0xB5,
    0x5A, 0xB5, 0x1A, 0xB5, 0xFA, 0xB4, 0xFA, 0xBC, 0x1A, 0xC5, 0x3A, 0xC5, 0x7B, 0xCD, 0xBB, 0xD5,
    0xFB, 0xD5, 0x3B, 0xDE, 0x7B, 0xDE, 0xBB, 0xE6, 0xDC, 0xE6, 0xFC, 0xE6, 0x1C, 0xE7, 0x1C, 0xE7,
    0x1C, 0xE7, 0x1D, 0xE7, 0x1D, 0xE7, 0x3D, 0xE7, 0x3D, 0xE7, 0x1D, 0xEF, 0x1E, 0xEF, 0xFE, 0xEE,
    0xFE, 0xEE, 0xDE, 0xEE, 0xBE, 0xEE, 0xBF, 0xEE, 0xDF, 0xEE, 0x1F, 0xE7, 0x5F, 0xDF, 0x9F, 0xDF,
    0xBF, 0xE7, 0xFD, 0xD6, 0xF7, 0x94, 0xAF, 0x4A, 0x08, 0x19, 0xE8, 0x10, 0xC7, 0x10, 0xA6, 0x10,
    0x85, 0x08, 0xA5, 0x08, 0xA6, 0x08, 0xC6, 0x10, 0xE7, 0x10, 0x08, 0x19, 0x29, 0x19, 0xAE, 0x4A,
    0x16, 0xA5, 0xFC, 0xDE, 0xBF, 0xFF, 0xBF, 0xFF, 0x9F, 0xFF, 0x7F, 0xFF, 0x5F, 0xFF, 0x5F, 0xFF,
    0x5E, 0xFF, 0x7D, 0xFF, 0x7C, 0xFF, 0x9C, 0xFF, 0x9B, 0xFF, 0x9B, 0xFF, 0x9B, 0xFF, 0x9B, 0xFF,
    0x9B, 0xF7, 0x7B, 0xF7, 0x5C, 0xF7, 0x5C, 0xF7, 0x5D, 0xF7, 0x3D, 0xF7, 0x5E, 0xF7, 0x5D, 0xF7,
    0x7D, 0xF7, 0x7D, 0xF7, 0x9D, 0xF7, 0xBD, 0xFF, 0xDD, 0xFF, 0xDD, 0xFF, 0xBD, 0xFF, 0x5D, 0xF7,
    0x9C, 0xE6, 0xDA, 0xD5, 0x3A, 0xCD, 0xB7, 0xC4, 0x8E, 0xE5, 0x06, 0xD4, 0x0B, 0xF6, 0x0E, 0xFF,
    0xEC, 0xF5, 0x2B, 0xE5, 0xAA, 0xDC, 0x4A, 0xD4, 0x88, 0xCB, 0xC7, 0xB2, 0x46, 0xAA, 0xE6, 0xA1,
    0xC6, 0x99, 0x07, 0x9A, 0x47, 0x9A, 0x4B, 0x7A, 0x72, 0x5A, 0x92, 0x62, 0xB3, 0x6A, 0xB3, 0x6A,
    0xB3, 0x6A, 0xB4, 0x72, 0xB3, 0x6A, 0xB3, 0x6A, 0x92, 0x62, 0x72, 0x5A, 0x31, 0x5A, 0x31, 0x52,
    0x30, 0x5A, 0x10, 0x52, 0xD1, 0x9A, 0xD4, 0xEB, 0x4E, 0xD3, 0xCC, 0xDB, 0xCD, 0xEC, 0xAE, 0xF5,
    0x90, 0xFE, 0xB0, 0xFE, 0x6F, 0xFE, 0x0D, 0xFE, 0x6C, 0xED, 0xAA, 0xE4, 0x28, 0xD4, 0xE7, 0xCB,
    0x67, 0xC3, 0x2C, 0xBC, 0xDA, 0xC6, 0x51, 0xBC, 0x0F, 0xC3, 0xB6, 0xD3, 0x39, 0xE4, 0x92, 0x7A,
    0x51, 0x52, 0x92, 0x62, 0xB2, 0x62, 0xB3, 0x6A, 0xD3, 0x6A, 0xF3, 0x6A, 0x34, 0x73, 0x54, 0x73,
    0x75, 0x7B, 0xB6, 0x8B, 0xD7, 0x93, 0x18, 0xA4, 0x79, 0xB4, 0xBA, 0xBC, 0xFA, 0xBC, 0x3B, 0xC5,
    0x5B, 0xC5, 0x9B, 0xCD, 0xBB, 0xCD, 0xDC, 0xCD, 0xFC, 0xD5, 0xFC, 0xD5, 0x1C, 0xD6, 0x3C, 0xD6,
    0x3C, 0xD6, 0x1C, 0xD6, 0xFB, 0xCD, 0x9B, 0xCD, 0x7B, 0xCD, 0x9B, 0xCD, 0xDB, 0xD5, 0x1B, 0xDE,
    0x5B, 0xDE, 0x7B, 0xE6, 0xBB, 0xE6, 0xDB, 0xE6, 0xFC, 0xE6, 0x1C, 0xE7, 0x3C, 0xE7, 0x3C, 0xE7,
    0x3C, 0xE7, 0x3C, 0xE7, 0x1D, 0xE7, 0x3D, 0xE7, 0x3D, 0xE7, 0x1D, 0xE7, 0x1E, 0xE7, 0xFE, 0xE6,
    0xDE, 0xE6, 0xBE, 0xEE, 0xBF, 0xEE, 0x9F, 0xEE, 0x9E, 0xE6, 0xDF, 0xE6, 0x1F, 0xDF, 0x5F, 0xDF,
    0x9F, 0xDF, 0x7F, 0xDF, 0xDA, 0xB5, 0xD3, 0x6B, 0x8A, 0x21, 0xE8, 0x10, 0xE7, 0x10, 0xC6, 0x10,
    0x85, 0x08, 0xA5, 0x08, 0xA6, 0x10, 0xC6, 0x10, 0xE7, 0x10, 0x08, 0x19, 0x8A, 0x29, 0xF2, 0x7B,
    0x1A, 0xC6, 0x9F, 0xF7, 0xBF, 0xFF, 0x9F, 0xFF, 0x7F, 0xFF, 0x5F, 0xF7, 0x3F, 0xF7, 0x5E, 0xFF,
    0x5E, 0xF7, 0x5D, 0xF7, 0x7C, 0xF7, 0x7C, 0xFF, 0x9B, 0xFF, 0x9B, 0xFF, 0x7B, 0xF7, 0x7B, 0xF7,
    0x7B, 0xF7, 0x7C, 0xF7, 0x5C, 0xF7, 0x5D, 0xF7, 0x5D, 0xF7, 0x5E, 0xF7, 0x5E, 0xF7, 0x5E, 0xF7,
    0x5E, 0xF7, 0x5D, 0xF7, 0x5D, 0xF7, 0x5D, 0xF7, 0x7D, 0xF7, 0x9D, 0xFF, 0xBC, 0xFF, 0xDC, 0xFF,
    0x9C, 0xFF, 0xFB, 0xEE, 0xFA, 0xDD, 0x19, 0xC5, 0xF2, 0xD4, 0x29, 0xD4, 0xEB, 0xE4, 0xAD, 0xED,
    0x6E, 0xED, 0x0F, 0xE5, 0x11, 0xDD, 0x13, 0xDD, 0xF3, 0xD4, 0xB4, 0xD4, 0x74, 0xCC, 0x34, 0xC4,
    0x13, 0xC4, 0xF2, 0xBB, 0x91, 0xAB, 0x33, 0x83, 0x14, 0x73, 0x14, 0x73, 0x14, 0x73, 0xF4, 0x72,
    0xF4, 0x7A, 0x15, 0x7B, 0x15, 0x7B, 0x14, 0x7B, 0xF4, 0x72, 0xD3, 0x6A, 0x93, 0x6A, 0x92, 0x62,
    0x72, 0x62, 0x51, 0x52, 0x50, 0x62, 0xB5, 0xE3, 0x91, 0xE3, 0xCD, 0xDB, 0xCD, 0xEC, 0xAE, 0xFD,
    0xD1, 0xFE, 0x11, 0xFF, 0xAF, 0xFE, 0x0E, 0xFE, 0x6C, 0xED, 0xCA, 0xE4, 0x48, 0xDC, 0xC7, 0xCB,
    0x67, 0xC3, 0x47, 0xC3, 0xCD, 0xBB, 0x2D, 0xBB, 0x51, 0xCB, 0xF7, 0xDB, 0xD8, 0xD3, 0x31, 0x62,
    0x72, 0x62, 0x92, 0x62, 0xD3, 0x6A, 0xF3, 0x72, 0x34, 0x73, 0x96, 0x7B, 0xF7, 0x83, 0x38, 0x8C,
    0x79, 0x9C, 0x9A, 0xAC, 0xBA, 0xB4, 0xDB, 0xBC, 0xFB, 0xBC, 0xFB, 0xBC, 0x1B, 0xC5, 0x3B, 0xC5,
    0x7B, 0xCD, 0x9B, 0xCD, 0xDB, 0xD5, 0xFC, 0xDD, 0x1C, 0xDE, 0x5C, 0xE6, 0x5C, 0xE6, 0x7C, 0xE6,
    0x7D, 0xE6, 0x9D, 0xE6, 0x9D, 0xE6, 0x7D, 0xE6, 0x5C, 0xE6, 0x3B, 0xE6, 0x5B, 0xE6, 0x9B, 0xEE,
    0xBC, 0xEE, 0xDB, 0xEE, 0x1C, 0xF7, 0x3C, 0xF7, 0x5C, 0xF7, 0x5C, 0xEF, 0x5B, 0xEF, 0x5C, 0xEF,
    0xBD, 0xF7, 0x3D, 0xE7, 0x3D, 0xE7, 0x3D, 0xDF, 0x3D, 0xE7, 0x3E, 0xE7, 0x1E, 0xDF, 0x1E, 0xE7,
    0xDE, 0xE6, 0xBE, 0xE6, 0x9F, 0xE6, 0x9E, 0xEE, 0x9E, 0xE6, 0x9E, 0xE6, 0xDE, 0xDE, 0x1F, 0xD7,
    0x7F, 0xD7, 0x9F, 0xDF, 0x9D, 0xCE, 0xB6, 0x8C, 0x4D, 0x42, 0xE8, 0x10, 0xE7, 0x10, 0xC6, 0x10,
    0x85, 0x08, 0xA5, 0x08, 0xA6, 0x10, 0xC7, 0x10, 0xE7, 0x10, 0xE8, 0x10, 0x4D, 0x42, 0xD6, 0x9C,
    0xDC, 0xDE, 0xDF, 0xFF, 0x9F, 0xFF, 0x7F, 0xF7, 0x5F, 0xF7, 0x3F, 0xF7, 0x3F, 0xF7, 0x3E, 0xF7,
    0x5D, 0xF7, 0x5D, 0xF7, 0x7C, 0xF7, 0x7C, 0xF7, 0x7C, 0xF7, 0x7C, 0xF7, 0x7C, 0xF7, 0x7C, 0xEF,
    0x7C, 0xEF, 0x7D, 0xEF, 0x5D, 0xEF, 0x5E, 0xEF, 0x5E, 0xEF, 0x5E, 0xEF, 0x5E, 0xF7, 0x5E, 0xF7,
    0x3E, 0xF7, 0x3E, 0xF7, 0x3E, 0xF7, 0x1D, 0xF7, 0x1D, 0xF7, 0x3C, 0xF7, 0x5C, 0xF7, 0x7C, 0xF7,
    0x9B, 0xFF, 0x7B, 0xF7, 0xFB, 0xEE, 0x3B, 0xD6, 0x79, 0xCD, 0x14, 0xD5, 0x72, 0xDD, 0x35, 0xEE,
    0x77, 0xEE, 0x99, 0xEE, 0x9B, 0xEE, 0xBC, 0xEE, 0x9C, 0xEE, 0x7C, 0xEE, 0x7C, 0xEE, 0x5C, 0xEE,
    0x5C, 0xE6, 0x1B, 0xE6, 0xFB, 0xDD, 0xBA, 0xCD, 0x59, 0xBD, 0xF8, 0xAC, 0x78, 0xA4, 0x17, 0x94,
    0xD6, 0x8B, 0x96, 0x8B, 0x76, 0x8B, 0x55, 0x8B, 0x14, 0x83, 0x14, 0x7B, 0xF3, 0x72, 0xF3, 0x72,
    0xB2, 0x6A, 0x92, 0x62, 0x30, 0x52, 0x74, 0xC3, 0xF4, 0xEB, 0xCE, 0xDB, 0xAE, 0xEC, 0xAF, 0xFD,
    0xD2, 0xFE, 0x11, 0xFF, 0xAF, 0xFE, 0x2E, 0xFE, 0x6C, 0xED, 0xCA, 0xE4, 0x28, 0xD4, 0x0A, 0xDD,
    0xEA, 0xDC, 0x48, 0xC3, 0x2A, 0xC3, 0x4E, 0xC3, 0x72, 0xCB, 0x38, 0xE4, 0x76, 0xB3, 0x51, 0x5A,
    0x92, 0x6A, 0xB3, 0x6A, 0xF3, 0x72, 0x75, 0x7B, 0x78, 0x8C, 0x38, 0x8C, 0x79, 0x9C, 0x9A, 0xA4,
    0xBA, 0xB4, 0xDA, 0xB4, 0xDB, 0xBC, 0xFB, 0xC4, 0x1B, 0xCD, 0x3A, 0xCD, 0x5B, 0xCD, 0x7B, 0xD5,
    0x9B, 0xD5, 0xBC, 0xDD, 0xDC, 0xDD, 0x1C, 0xE6, 0x5C, 0xE6, 0x7C, 0xEE, 0x9D, 0xEE, 0x9D, 0xF6,
    0xBD, 0xF6, 0xBD, 0xF6, 0xDD, 0xF6, 0xFD, 0xF6, 0xFD, 0xF6, 0xFC, 0xF6, 0xFC, 0xF6, 0x1A, 0xFF,
    0x59, 0xFF, 0x7C, 0xFF, 0x9C, 0xFF, 0xBC, 0xFF, 0xDA, 0xFF, 0xBA, 0xFF, 0x9C, 0xF7, 0x7C, 0xEF,
    0xBD, 0xF7, 0x3C, 0xE7, 0x3D, 0xDF, 0x3D, 0xDF, 0x3D, 0xDF, 0x3E, 0xDF, 0x7E, 0xE7, 0x3E, 0xDF,
    0xDE, 0xDE, 0xBE, 0xE6, 0x9E, 0xE6, 0x7E, 0xE6, 0x7E, 0xE6, 0x7E, 0xE6, 0x9E, 0xDE, 0xDE, 0xD6,
    0x3F, 0xD7, 0x9F, 0xD7, 0x1E, 0xD7, 0x58, 0xA5, 0x10, 0x5B, 0x29, 0x19, 0xE7, 0x10, 0xC6, 0x10,
    0x85, 0x08, 0xA6, 0x08, 0xA6, 0x10, 0xC7, 0x10, 0xE8, 0x10, 0x29, 0x19, 0x10, 0x5B, 0xB8, 0xB5,
    0x7E, 0xEF, 0xDF, 0xFF, 0x7F, 0xF7, 0x5F, 0xF7, 0x3F, 0xF7, 0x1F, 0xF7, 0x3F, 0xF7, 0x3E, 0xF7,
    0x3D, 0xEF, 0x5C, 0xEF, 0x7C, 0xEF, 0x7C, 0xEF, 0x7C, 0xEF, 0x7C, 0xEF, 0x7C, 0xEF, 0x7C, 0xEF,
    0x7D, 0xEF, 0x7D, 0xEF, 0x7E, 0xEF, 0x7E, 0xEF, 0x7E, 0xEF, 0x5E, 0xF7, 0x5F, 0xF7, 0x7F, 0xFF,
    0x3F, 0xF7, 0x3F, 0xF7, 0x1E, 0xF7, 0xFE, 0xF6, 0xFD, 0xF6, 0xFD, 0xF6, 0x1C, 0xF7, 0x3B, 0xF7,
    0x5B, 0xF7, 0x7B, 0xF7, 0x7B, 0xF7, 0x3C, 0xEF, 0xDC, 0xE6, 0xDC, 0xE6, 0xFB, 0xEE, 0x3C, 0xEF,
    0x1C, 0xEF, 0x1D, 0xF7, 0xFD, 0xF6, 0xDD, 0xF6, 0xDD, 0xF6, 0xBD, 0xEE, 0x9D, 0xEE, 0x9C, 0xEE,
    0x7C, 0xEE, 0x5C, 0xE6, 0x5B, 0xE6, 0x3B, 0xE6, 0x1B, 0xDE, 0xFB, 0xD5, 0xBA, 0xCD, 0x7A, 0xBD,
    0x1A, 0xB5, 0xB9, 0xA4, 0x38, 0x9C, 0xD7, 0x93, 0x76, 0x8B, 0x54, 0x83, 0x54, 0x83, 0x34, 0x7B,
    0xF3, 0x72, 0xD3, 0x6A, 0x92, 0x5A, 0x33, 0xA3, 0x35, 0xF4, 0xCF, 0xDB, 0x8E, 0xEC, 0x90, 0xF5,
    0xB2, 0xFE, 0x11, 0xFF, 0xAF, 0xFE, 0x0E, 0xFE, 0x6C, 0xF5, 0xCB, 0xE4, 0x29, 0xDC, 0x2B, 0xE5,
    0x0B, 0xDD, 0x29, 0xC3, 0x2C, 0xC3, 0x2F, 0xCB, 0x94, 0xD3, 0x38, 0xE4, 0x14, 0x93, 0x92, 0x62,
    0xD3, 0x6A, 0xF4, 0x72, 0x55, 0x7B, 0xF7, 0x8B, 0x3B, 0x9D, 0x79, 0x9C, 0x7A, 0xAC, 0x9A, 0xB4,
    0xBA, 0xBC, 0xFB, 0xC4, 0x1B, 0xCD, 0x3A, 0xCD, 0x5B, 0xCD, 0x7B, 0xD5, 0x9B, 0xD5, 0xBB, 0xDD,
    0xDC, 0xDD, 0xFC, 0xE5, 0x9D, 0xEE, 0xFD, 0xF6, 0x7C, 0xEE, 0xBD, 0xF6, 0xBD, 0xF6, 0xBD, 0xFE,
    0xDD, 0xFE, 0xDD, 0xF6, 0xFD, 0xF6, 0x1D, 0xF7, 0x3D, 0xFF, 0x5C, 0xFF, 0x9C, 0xFF, 0x55, 0xFF,
    0xB5, 0xFF, 0xB6, 0xFF, 0xD9, 0xFF, 0xFA, 0xFF, 0xD6, 0xFF, 0x31, 0xFF, 0xBC, 0xFF, 0x9C, 0xEF,
    0x5C, 0xE7, 0x3C, 0xE7, 0x1D, 0xDF, 0x1D, 0xDF, 0x3D, 0xDF, 0x7E, 0xDF, 0xFF, 0xF7, 0xBF, 0xEF,
    0x1E, 0xDF, 0xBE, 0xDE, 0x9E, 0xE6, 0x5E, 0xE6, 0x5E, 0xE6, 0x3E, 0xDE, 0x5E, 0xDE, 0x9E, 0xD6,
    0x1E, 0xCF, 0x5F, 0xCF, 0x5F, 0xDF, 0xDA, 0xB5, 0xB2, 0x6B, 0x8A, 0x21, 0xE7, 0x10, 0xE6, 0x10,
    0x85, 0x08, 0xA6, 0x08, 0xC6, 0x10, 0xE7, 0x10, 0xE8, 0x10, 0x6A, 0x21, 0xD2, 0x73, 0x3A, 0xC6,
    0xBF, 0xF7, 0x9F, 0xF7, 0x5F, 0xF7, 0x3F, 0xEF, 0x1F, 0xEF, 0x1F, 0xEF, 0x1E, 0xEF, 0x3E, 0xEF,
    0x3D, 0xEF, 0x5D, 0xEF, 0x7C, 0xEF, 0x7C, 0xEF, 0x7C, 0xEF, 0x7D, 0xEF, 0x9D, 0xEF, 0x9D, 0xE7,
    0x9D, 0xE7, 0x7E, 0xEF, 0x7E, 0xEF, 0x7E, 0xEF, 0x7F, 0xF7, 0x5F, 0xF7, 0x7F, 0xFF, 0x1F, 0xFF,
    0x7F, 0xFF, 0x5F, 0xFF, 0x3F, 0xFF, 0x1F, 0xFF, 0xFE, 0xF6, 0xFD, 0xF6, 0x1C, 0xF7, 0x3C, 0xF7,
    0x5C, 0xF7, 0x7C, 0xF7, 0x9C, 0xF7, 0x9C, 0xF7, 0x7D, 0xF7, 0x7D, 0xF7, 0x5D, 0xF7, 0x5C, 0xF7,
    0x3C, 0xF7, 0x3C, 0xF7, 0x1D, 0xF7, 0x1D, 0xF7, 0xFD, 0xF6, 0xDD, 0xF6, 0xBD, 0xF6, 0xBD, 0xEE,
    0x9D, 0xEE, 0x7C, 0xEE, 0x7C, 0xEE, 0x5B, 0xE6, 0x5B, 0xE6, 0x3B, 0xDE, 0x1B, 0xD6, 0xDB, 0xCD,
    0xBA, 0xC5, 0x7A, 0xBD, 0x1A, 0xB5, 0xB9, 0xAC, 0x78, 0x9C, 0xF7, 0x93, 0x95, 0x8B, 0x54, 0x83,
    0x14, 0x7B, 0xF3, 0x72, 0xF3, 0x6A, 0xF2, 0x82, 0x15, 0xEC, 0xF1, 0xE3, 0x6E, 0xE4, 0x50, 0xF5,
    0x71, 0xFE, 0xD1, 0xFE, 0x90, 0xFE, 0x0E, 0xFE, 0x6D, 0xF5, 0xCB, 0xE4, 0x6A, 0xDC, 0xE9, 0xD3,
    0x8A, 0xCB, 0x4B, 0xCB, 0x2C, 0xCB, 0x30, 0xCB, 0xB6, 0xDB, 0xB6, 0xCB, 0xB2, 0x7A, 0xD3, 0x6A,
    0x14, 0x73, 0x55, 0x7B, 0xB6, 0x8B, 0x18, 0x9C, 0x39, 0xA4, 0x7A, 0xB4, 0x9A, 0xBC, 0xBA, 0xC4,
    0xFA, 0xC4, 0x3A, 0xCD, 0x5A, 0xCD, 0x7B, 0xD5, 0x9B, 0xD5, 0xBB, 0xD5, 0xDC, 0xDD, 0xFC, 0xDD,
    0x1C, 0xE6, 0x3C, 0xE6, 0x9D, 0xEE, 0xFD, 0xF6, 0x9C, 0xF6, 0xDD, 0xFE, 0xDD, 0xFE, 0xFD, 0xFE,
    0xFD, 0xFE, 0xFD, 0xFE, 0x1D, 0xFF, 0x1D, 0xFF, 0x5C, 0xFF, 0x7C, 0xFF, 0xDD, 0xFF, 0x54, 0xFF,
    0xB7, 0xFF, 0xFA, 0xFF, 0xD7, 0xFF, 0xFA, 0xFF, 0x71, 0xFF, 0xF0, 0xFE, 0xDC, 0xFF, 0x9C, 0xF7,
    0x5C, 0xEF, 0x3C, 0xE7, 0x1D, 0xDF, 0x1D, 0xDF, 0x1D, 0xDF, 0x5E, 0xDF, 0xFF, 0xF7, 0xDF, 0xF7,
    0x1E, 0xD7, 0xBE, 0xD6, 0x7E, 0xDE, 0x5E, 0xDE, 0x3E, 0xDE, 0x3E, 0xDE, 0x3E, 0xD6, 0x7E, 0xD6,
    0xDE, 0xCE, 0x3F, 0xCF, 0x7F, 0xDF, 0x5C, 0xC6, 0x34, 0x84, 0xCB, 0x31, 0xE7, 0x10, 0xE7, 0x10,
    0x85, 0x08, 0xA6, 0x08, 0xC6, 0x10, 0xE7, 0x10, 0xE8, 0x10, 0xCB, 0x31, 0x74, 0x8C, 0xBC, 0xD6,
    0xBF, 0xF7, 0x7F, 0xEF, 0x3F, 0xEF, 0x1E, 0xE7, 0x1E, 0xE7, 0x1F, 0xEF, 0x1E, 0xEF, 0x3D, 0xE7,
    0x3D, 0xE7, 0x5D, 0xE7, 0x7C, 0xE7, 0x7C, 0xE7, 0x9D, 0xEF, 0x9D, 0xEF, 0x9D, 0xE7, 0x9D, 0xE7,
    0x9E, 0xE7, 0x7E, 0xEF, 0x7E, 0xEF, 0x7F, 0xEF, 0x7F, 0xF7, 0x7F, 0xFF, 0x7F, 0xFF, 0x7D, 0xF6,
    0x9D, 0xF6, 0xFF, 0xFF, 0x9F, 0xFF, 0x5F, 0xFF, 0x3E, 0xFF, 0x3E, 0xFF, 0x3D, 0xF7, 0x5D, 0xF7,
    0x7D, 0xF7, 0x9C, 0xFF, 0x9C, 0xFF, 0x9C, 0xFF, 0x7C, 0xF7, 0x7C, 0xF7, 0x7C, 0xF7, 0x5C, 0xF7,
    0x5C, 0xF7, 0x3C, 0xF7, 0x3C, 0xF7, 0x1D, 0xF7, 0x1D, 0xF7, 0xFD, 0xF6, 0xDD, 0xF6, 0xDD, 0xF6,
    0xBD, 0xEE, 0xBD, 0xEE, 0x9C, 0xEE, 0x7C, 0xEE, 0x7C, 0xE6, 0x5B, 0xE6, 0x3B, 0xDE, 0x1B, 0xD6,
    0xFB, 0xCD, 0xBA, 0xC5, 0x9A, 0xBD, 0x59, 0xB5, 0x19, 0xB5, 0xB8, 0xA4, 0x17, 0x94, 0xB6, 0x8B,
    0x55, 0x83, 0x34, 0x7B, 0x14, 0x73, 0xD2, 0x72, 0x0E, 0xBB, 0xB0, 0xE3, 0x30, 0xE4, 0xF0, 0xF4,
    0xF1, 0xFD, 0x71, 0xFE, 0x70, 0xFE, 0xEF, 0xFD, 0x6D, 0xF5, 0xEC, 0xEC, 0x6B, 0xE4, 0x2B, 0xDC,
    0xCC, 0xD3, 0x6D, 0xCB, 0x50, 0xCB, 0x52, 0xCB, 0x31, 0xCB, 0xCD, 0xAA, 0xB2, 0x6A, 0x14, 0x73,
    0x54, 0x7B, 0xB6, 0x8B, 0x18, 0x9C, 0x39, 0xAC, 0x7A, 0xB4, 0x9A, 0xBC, 0xDA, 0xC4, 0xFA, 0xC4,
    0x1A, 0xCD, 0x5B, 0xCD, 0x9B, 0xD5, 0xBB, 0xD5, 0xFC, 0xDD, 0x1C, 0xDE, 0x3C, 0xDE, 0x5C, 0xDE,
    0x7D, 0xE6, 0x7D, 0xE6, 0x9D, 0xEE, 0x9D, 0xEE, 0xBD, 0xF6, 0xDD, 0xFE, 0xFD, 0xFE, 0x1D, 0xFF,
    0x1D, 0xFF, 0x1D, 0xFF, 0x1D, 0xFF, 0x3C, 0xFF, 0x5C, 0xFF, 0x9C, 0xFF, 0xFD, 0xFF, 0xB8, 0xFF,
    0x71, 0xFF, 0xF9, 0xFF, 0xFA, 0xFF, 0xF4, 0xFF, 0xEC, 0xFE, 0xF1, 0xFE, 0xFD, 0xFF, 0x9C, 0xFF,
    0x5C, 0xEF, 0x3C, 0xE7, 0xFC, 0xDE, 0xFD, 0xDE, 0xFD, 0xD6, 0xFD, 0xD6, 0x5E, 0xDF, 0x3E, 0xD7,
    0xBE, 0xCE, 0x9E, 0xD6, 0x5E, 0xD6, 0x3E, 0xDE, 0x1E, 0xDE, 0x1E, 0xDE, 0x1D, 0xD6, 0x5D, 0xCE,
    0xBE, 0xCE, 0x1E, 0xCF, 0x5F, 0xD7, 0x9D, 0xCE, 0x96, 0x8C, 0x2C, 0x3A, 0xE7, 0x10, 0xE7, 0x10,
    0xA5, 0x08, 0xA6, 0x10, 0xC6, 0x10, 0xE7, 0x10, 0xE8, 0x10, 0x4D, 0x42, 0xF6, 0x9C, 0xFD, 0xDE,
    0xBF, 0xEF, 0x7F, 0xE7, 0x3E, 0xE7, 0x1E, 0xE7, 0xFE, 0xE6, 0xFE, 0xE6, 0x1E, 0xE7, 0x1D, 0xE7,
    0x3D, 0xDF, 0x5D, 0xE7, 0x5D, 0xE7, 0x7D, 0xE7, 0xBD, 0xEF, 0xBD, 0xEF, 0x9D, 0xE7, 0x9D, 0xE7,
    0x7E, 0xE7, 0x7E, 0xEF, 0x7F, 0xEF, 0x5F, 0xF7, 0x7F, 0xFF, 0x9F, 0xFF, 0x1E, 0xF7, 0x3F, 0xFF,
    0x9C, 0xF5, 0x3E, 0xFF, 0xBF, 0xFF, 0x7F, 0xFF, 0x9F, 0xFF, 0x7E, 0xFF, 0x7E, 0xFF, 0x7E, 0xFF,
    0x9D, 0xFF, 0x9D, 0xFF, 0x9D, 0xFF, 0x9C, 0xFF, 0x9C, 0xFF, 0x9C, 0xFF, 0x9C, 0xFF, 0x9C, 0xFF,
    0x7C, 0xF7, 0x5C, 0xF7, 0x5C, 0xF7, 0x3D, 0xF7, 0x1D, 0xF7, 0x1D, 0xF7, 0xFD, 0xF6, 0xFD, 0xEE,
    0xDD, 0xEE, 0xDD, 0xEE, 0xBD, 0xEE, 0x9D, 0xEE, 0x9C, 0xE6, 0x7C, 0xE6, 0x5B, 0xE6, 0x3B, 0xDE,
    0x3B, 0xD6, 0xFB, 0xCD, 0xDA, 0xCD, 0xBA, 0xC5, 0x5A, 0xBD, 0x19, 0xAD, 0xB8, 0xA4, 0x57, 0x9C,
    0xD6, 0x8B, 0x75, 0x83, 0x34, 0x7B, 0xD3, 0x6A, 0x4C, 0xAB, 0xC9, 0xDB, 0xAC, 0xD3, 0x0D, 0xE4,
    0x6E, 0xEC, 0xEF, 0xF4, 0x50, 0xF5, 0x2F, 0xF5, 0xEF, 0xF4, 0x8E, 0xEC, 0x2D, 0xE4, 0x0E, 0xDC,
    0xCE, 0xDB, 0x8E, 0xD3, 0x6D, 0xCB, 0x2B, 0xC3, 0xCB, 0xCB, 0x0D, 0x9B, 0xD3, 0x6A, 0x54, 0x7B,
    0xB6, 0x8B, 0x17, 0x9C, 0x59, 0xAC, 0x79, 0xB4, 0x9A, 0xBC, 0xDA, 0xC4, 0xFA, 0xC4, 0x3A, 0xCD,
    0x7B, 0xCD, 0xBB, 0xD5, 0xDC, 0xD5, 0x1C, 0xDE, 0x7C, 0xDE, 0x9D, 0xDE, 0xBD, 0xE6, 0xDD, 0xE6,
    0xDD, 0xE6, 0xDD, 0xE6, 0xDD, 0xE6, 0xDD, 0xEE, 0xDD, 0xF6, 0xDD, 0xFE, 0xFD, 0xFE, 0x1D, 0xFF,
    0x1D, 0xFF, 0x1D, 0xFF, 0x1D, 0xFF, 0x3D, 0xFF, 0x5C, 0xFF, 0x9C, 0xFF, 0xFD, 0xFF, 0xB8, 0xFF,
    0xB1, 0xFF, 0xF1, 0xFF, 0xD1, 0xFF, 0x8F, 0xFF, 0x0C, 0xFF, 0x6B, 0xFE, 0x56, 0xFF, 0xDC, 0xFF,
    0x5B, 0xF7, 0x1C, 0xEF, 0xDC, 0xDE, 0xDC, 0xDE, 0xDD, 0xD6, 0xDD, 0xD6, 0xDD, 0xCE, 0xBD, 0xCE,
    0x9D, 0xCE, 0x7D, 0xCE, 0x3D, 0xD6, 0x1D, 0xD6, 0xFD, 0xD5, 0xFD, 0xD5, 0xFD, 0xD5, 0x3D, 0xCE,
    0x7E, 0xC6, 0xFE, 0xC6, 0x3F, 0xD7, 0xDE, 0xCE, 0xF7, 0x94, 0x4D, 0x42, 0xE7, 0x10, 0xE7, 0x10,
    0xA5, 0x08, 0xA6, 0x10, 0xC6, 0x10, 0xE7, 0x10, 0xE8, 0x10, 0x8E, 0x4A, 0x37, 0xA5, 0x1D, 0xDF,
    0xBF, 0xEF, 0x5F, 0xDF, 0x1E, 0xDF, 0xFE, 0xDE, 0xDE, 0xE6, 0xFE, 0xE6, 0xFE, 0xE6, 0x1D, 0xE7,
    0x9E, 0xEF, 0x5D, 0xE7, 0x5D, 0xDF, 0x5D, 0xDF, 0x7D, 0xDF, 0x7D, 0xDF, 0x7D, 0xE7, 0x7E, 0xE7,
    0x7E, 0xE7, 0x5E, 0xEF, 0x5F, 0xF7, 0x9F, 0xFF, 0x9F, 0xFF, 0x1E, 0xFF, 0x3E, 0xFF, 0x3F, 0xFF,
    0x1D, 0xFE, 0xFD, 0xFD, 0x1D, 0xFE, 0x3B, 0xF5, 0x1E, 0xFF, 0xDF, 0xFF, 0x9F, 0xFF, 0x9E, 0xFF,
    0x9E, 0xFF, 0x7D, 0xFF, 0x9D, 0xFF, 0x9C, 0xFF, 0x9C, 0xFF, 0xBC, 0xFF, 0xBC, 0xFF, 0xBC, 0xFF,
    0x9C, 0xFF, 0x9C, 0xFF, 0x7C, 0xF7, 0x5C, 0xF7, 0x3D, 0xF7, 0x3D, 0xEF, 0x1E, 0xEF, 0x1E, 0xEF,
    0xFE, 0xEE, 0xFE, 0xEE, 0xDE, 0xEE, 0xBD, 0xE6, 0xBD, 0xE6, 0x9D, 0xE6, 0x7C, 0xE6, 0x7C, 0xE6,
    0x5B, 0xDE, 0x3B, 0xD6, 0x1B, 0xCE, 0xDA, 0xCD, 0x9A, 0xC5, 0x7A, 0xBD, 0x39, 0xAD, 0xD8, 0xA4,
    0x78, 0x9C, 0xF6, 0x93, 0x75, 0x83, 0x14, 0x73, 0x2F, 0x93, 0xE9, 0xD3, 0x65, 0xBB, 0x0A, 0xDD,
    0x0F, 0xEE, 0x11, 0xE6, 0x90, 0xE5, 0x2E, 0xE5, 0xCD, 0xDC, 0x6B, 0xDC, 0x2A, 0xD4, 0xE9, 0xCB,
    0x88, 0xC3, 0x26, 0xBB, 0x05, 0xB3, 0x4C, 0xD4, 0x6F, 0xDC, 0xD0, 0x82, 0x15, 0x73, 0x95, 0x83,
    0xF7, 0x93, 0x58, 0xA4, 0x79, 0xB4, 0xBA, 0xBC, 0xDA, 0xC4, 0x1A, 0xC5, 0x3B, 0xCD, 0x7B, 0xCD,
    0xBB, 0xCD, 0x7C, 0xDE, 0x5C, 0xDE, 0x9D, 0xDE, 0xDE, 0xDE, 0x1E, 0xE7, 0x3E, 0xE7, 0x5E, 0xE7,
    0x3E, 0xE7, 0x1E, 0xE7, 0x1E, 0xE7, 0xFD, 0xE6, 0xFD, 0xEE, 0xFD, 0xF6, 0xFD, 0xFE, 0xFD, 0xFE,
    0x1D, 0xFF, 0x1D, 0xFF, 0x3D, 0xFF, 0x3C, 0xFF, 0x7C, 0xFF, 0xBC, 0xFF, 0xD9, 0xFF, 0x73, 0xFF,
    0x0F, 0xFF, 0xEC, 0xFE, 0xEC, 0xFE, 0xAB, 0xFE, 0x4A, 0xFE, 0xC9, 0xFD, 0x89, 0xF5, 0xF5, 0xFE,
    0x7C, 0xFF, 0xFB, 0xEE, 0xBC, 0xE6, 0xBC, 0xDE, 0x9C, 0xD6, 0x9D, 0xD6, 0x9D, 0xCE, 0x9D, 0xCE,
    0x7D, 0xCE, 0x5D, 0xCE, 0x3D, 0xCE, 0xFD, 0xCD, 0xDD, 0xD5, 0xDD, 0xCD, 0xDD, 0xCD, 0x1D, 0xCE,
    0x5D, 0xC6, 0xBE, 0xC6, 0x1F, 0xCF, 0xDE, 0xCE, 0x17, 0x9D, 0x6E, 0x42, 0xE7, 0x10, 0xE7, 0x10,
    0xA5, 0x08, 0xA6, 0x10, 0xC6, 0x10, 0xE7, 0x10, 0x08, 0x11, 0xCE, 0x4A, 0x57, 0xA5, 0x3E, 0xDF,
    0x9F, 0xE7, 0x5F, 0xD7, 0x1E, 0xD7, 0xDE, 0xDE, 0xDE, 0xDE, 0xDE, 0xDE, 0xFD, 0xDE, 0xFD, 0xDE,
    0x3D, 0xE7, 0x3D, 0xDF, 0x3D, 0xDF, 0x5D, 0xDF, 0x7D, 0xDF, 0x7D, 0xDF, 0x7D, 0xE7, 0x5E, 0xE7,
    0x3E, 0xE7, 0x3E, 0xEF, 0x5F, 0xF7, 0x9E, 0xFE, 0x5D, 0xF6, 0x1F, 0xFF, 0x1E, 0xFF, 0x7D, 0xFE,
    0x3D, 0xFE, 0xDD, 0xFD, 0xDB, 0xFC, 0x1B, 0xF5, 0xBF, 0xFF, 0xBF, 0xFF, 0x9F, 0xFF, 0x9F, 0xFF,
    0x7E, 0xFF, 0x7D, 0xFF, 0x9D, 0xFF, 0xBC, 0xFF, 0xBC, 0xFF, 0xBC, 0xFF, 0xBC, 0xFF, 0xBC, 0xFF,
    0xBC, 0xFF, 0x9C, 0xFF, 0x9C, 0xFF, 0x7D, 0xF7, 0x5D, 0xF7, 0x3D, 0xEF, 0x3E, 0xEF, 0x1E, 0xEF,
    0x1E, 0xEF, 0x1E, 0xE7, 0xFE, 0xE6, 0xDE, 0xE6, 0xBE, 0xE6, 0xBD, 0xE6, 0x9D, 0xE6, 0xDD, 0xEE,
    0x5D, 0xF7, 0x9C, 0xE6, 0x3B, 0xD6, 0xFB, 0xCD, 0xDB, 0xC5, 0xBA, 0xC5, 0x7A, 0xBD, 0x39, 0xB5,
    0xD8, 0xA4, 0x57, 0x9C, 0xF6, 0x8B, 0x75, 0x83, 0x12, 0x7B, 0x8B, 0xC3, 0xE5, 0xBA, 0x47, 0xDC,
    0xEE, 0xFE, 0xB1, 0xFF, 0x2F, 0xFF, 0x2C, 0xF6, 0x0A, 0xDD, 0x48, 0xCC, 0xC7, 0xBB, 0x66, 0xB3,
    0x26, 0xAB, 0x47, 0xB3, 0xAA, 0xC3, 0xB0, 0xDC, 0xD0, 0xB3, 0x14, 0x7B, 0x96, 0x8B, 0xF7, 0x9B,
    0x58, 0xAC, 0x99, 0xB4, 0xBA, 0xBC, 0xFA, 0xC4, 0x1B, 0xC5, 0x3B, 0xC5, 0x7B, 0xCD, 0x9B, 0xCD,
    0xDC, 0xCD, 0x3C, 0xCE, 0x5D, 0xD6, 0x9D, 0xD6, 0xFE, 0xDE, 0x3E, 0xDF, 0x5E, 0xE7, 0x7E, 0xE7,
    0x5E, 0xE7, 0x5E, 0xE7, 0x3E, 0xE7, 0x1E, 0xE7, 0x1E, 0xE7, 0xFE, 0xEE, 0x1E, 0xF7, 0x1D, 0xF7,
    0x1D, 0xFF, 0x1D, 0xFF, 0x3D, 0xFF, 0x3C, 0xFF, 0x5C, 0xFF, 0xDC, 0xFF, 0xB1, 0xF6, 0x89, 0xF5,
    0x47, 0xF5, 0x68, 0xFD, 0xA9, 0xFD, 0xA9, 0xFD, 0x08, 0xF5, 0x09, 0xF5, 0xAC, 0xF5, 0xD5, 0xFE,
    0x3C, 0xF7, 0xDB, 0xEE, 0x9C, 0xE6, 0x7C, 0xDE, 0x7C, 0xD6, 0x7C, 0xD6, 0x7C, 0xCE, 0x5D, 0xCE,
    0x5C, 0xC6, 0x3C, 0xC6, 0x1D, 0xC6, 0xFD, 0xCD, 0xDD, 0xCD, 0xBD, 0xCD, 0xDD, 0xCD, 0xFD, 0xC5,
    0x5D, 0xC6, 0x9E, 0xBE, 0xFF, 0xCE, 0xBE, 0xCE, 0xF7, 0x94, 0x6E, 0x42, 0xE7, 0x10, 0xC7, 0x10,
    0xA5, 0x08, 0xA6, 0x10, 0xC6, 0x10, 0xE7, 0x10, 0x08, 0x19, 0xCF, 0x52, 0x57, 0xA5, 0x3E, 0xDF,
    0x9F, 0xDF, 0x3F, 0xD7, 0xFE, 0xD6, 0xBE, 0xD6, 0xBE, 0xDE, 0xBD, 0xDE, 0xBD, 0xDE, 0xDD, 0xDE,
    0xFD, 0xDE, 0x1D, 0xDF, 0x3D, 0xDF, 0x5D, 0xDF, 0x5D, 0xDF, 0x3D, 0xDF, 0x3D, 0xDF, 0x3E, 0xDF,
    0x1E, 0xE7, 0x1E, 0xE7, 0x3F, 0xF7, 0xBE, 0xF6, 0xDB, 0xEC, 0x1C, 0xFD, 0xDC, 0xFD, 0xDD, 0xFD,
    0x7C, 0xFD, 0x9B, 0xFC, 0xBB, 0xF4, 0x3F, 0xFF, 0xFF, 0xFF, 0x9F, 0xFF, 0x7F, 0xFF, 0x7F, 0xFF,
    0x7E, 0xFF, 0x9D, 0xFF, 0x9D, 0xFF, 0xBC, 0xFF, 0xDC, 0xFF, 0xDC, 0xFF, 0xDC, 0xFF, 0xDC, 0xFF,
    0xDC, 0xF7, 0xBD, 0xF7, 0x9D, 0xF7, 0x9D, 0xF7, 0x7D, 0xEF, 0x5E, 0xEF, 0x5E, 0xEF, 0x3E, 0xEF,
    0x3E, 0xE7, 0x1E, 0xE7, 0x1E, 0xE7, 0xFE, 0xE6, 0xDE, 0xE6, 0xDE, 0xE6, 0xBD, 0xE6, 0x1D, 0xEF,
    0xDE, 0xFF, 0xBD, 0xE6, 0x3C, 0xD6, 0x1B, 0xD6, 0xFB, 0xCD, 0xDB, 0xC5, 0x9A, 0xC5, 0x5A, 0xBD,
    0x39, 0xAD, 0xD8, 0xA4, 0x57, 0x9C, 0xD6, 0x8B, 0x55, 0x7B, 0x6F, 0xA3, 0x88, 0xCB, 0x29, 0xD4,
    0x4E, 0xFE, 0xF0, 0xFE, 0xB0, 0xFE, 0x30, 0xF6, 0xF1, 0xED, 0xD2, 0xE5, 0xD3, 0xE5, 0xB3, 0xE5,
    0xB3, 0xDD, 0xB4, 0xDD, 0xD5, 0xE5, 0x95, 0xE5, 0x76, 0xB4, 0x78, 0xA4, 0x78, 0xAC, 0x98, 0xB4,
    0xB9, 0xBC, 0xFA, 0xBC, 0x1A, 0xC5, 0x3B, 0xCD, 0x5B, 0xCD, 0x7B, 0xCD, 0xBC, 0xCD, 0xDC, 0xCD,
    0x1C, 0xCE, 0x5D, 0xCE, 0x7D, 0xCE, 0xFE, 0xDE, 0xFD, 0xDE, 0xFD, 0xD6, 0x3E, 0xD7, 0x3D, 0xD7,
    0x3E, 0xD7, 0x3E, 0xDF, 0x3E, 0xDF, 0x3E, 0xE7, 0x3E, 0xE7, 0x1E, 0xE7, 0x1E, 0xEF, 0x1E, 0xF7,
    0x1D, 0xF7, 0x1D, 0xFF, 0x1D, 0xFF, 0x3D, 0xFF, 0x5C, 0xFF, 0x9C, 0xFF, 0x79, 0xFF, 0x14, 0xFF,
    0x34, 0xFF, 0x0D, 0xF6, 0xE8, 0xF4, 0x08, 0xFD, 0xED, 0xF5, 0x99, 0xFF, 0x7B, 0xFF, 0x1C, 0xF7,
    0x9B, 0xEE, 0x7B, 0xE6, 0x5B, 0xDE, 0x3C, 0xD6, 0x3C, 0xD6, 0x3C, 0xCE, 0x3C, 0xCE, 0x1C, 0xC6,
    0x1C, 0xC6, 0xFC, 0xC5, 0xDC, 0xC5, 0xDC, 0xC5, 0xBD, 0xC5, 0xBC, 0xC5, 0xBD, 0xC5, 0xFD, 0xC5,
    0x3D, 0xBE, 0x9E, 0xBE, 0xFF, 0xC6, 0x9E, 0xC6, 0xD7, 0x8C, 0x4D, 0x3A, 0xE7, 0x10, 0xE7, 0x10,
    0xA5, 0x08, 0xA6, 0x08, 0xC6, 0x10, 0xE7, 0x10, 0x08, 0x11, 0xAE, 0x4A, 0x57, 0xA5, 0x1E, 0xDF,
    0x7F, 0xDF, 0x3F, 0xCF, 0xFE, 0xCE, 0xBE, 0xCE, 0x9E, 0xD6, 0xBE, 0xE6, 0xFE, 0xEE, 0xDD, 0xDE,
    0xFD, 0xDE, 0x1D, 0xDF, 0x1D, 0xDF, 0x3C, 0xDF, 0x3D, 0xDF, 0x3D, 0xDF, 0x1D, 0xDF, 0xFD, 0xDE,
    0xFE, 0xE6, 0xDE, 0xE6, 0xDE, 0xF6, 0x1F, 0xFF, 0x1F, 0xFF, 0x3C, 0xF5, 0x3C, 0xFD, 0x3C, 0xFD,
    0x7B, 0xFC, 0x3A, 0xFC, 0xFB, 0xFC, 0x7F, 0xFF, 0xBF, 0xFF, 0x9F, 0xFF, 0x7F, 0xFF, 0x7E, 0xF7,
    0x7E, 0xF7, 0x9D, 0xF7, 0xBD, 0xFF, 0xDD, 0xF7, 0xDD, 0xF7, 0xDD, 0xF7, 0xDD, 0xF7, 0xDD, 0xF7,
    0xDD, 0xF7, 0xDD, 0xF7, 0xBD, 0xF7, 0xBD, 0xEF, 0x9E, 0xEF, 0x7E, 0xEF, 0x5E, 0xEF, 0x5E, 0xEF,
    0x3E, 0xEF, 0x1E, 0xE7, 0x1E, 0xE7, 0x1E, 0xE7, 0xFE, 0xE6, 0xDE, 0xDE, 0xDE, 0xE6, 0xDD, 0xE6,
    0xBD, 0xE6, 0x9D, 0xDE, 0x5C, 0xD6, 0x7C, 0xDE, 0xBC, 0xDE, 0xDB, 0xCD, 0xBB, 0xC5, 0x9A, 0xBD,
    0x7A, 0xBD, 0x39, 0xB5, 0xD8, 0xA4, 0x77, 0x9C, 0x17, 0x94, 0xF5, 0x93, 0x50, 0xC4, 0x30, 0xDD,
    0x74, 0xF6, 0x17, 0xFF, 0x59, 0xFF, 0x7A, 0xFF, 0x7B, 0xFF, 0x9B, 0xFF, 0x9C, 0xFF, 0x9C, 0xFF,
    0x9C, 0xFF, 0x7C, 0xFF, 0x7C, 0xF7, 0x3C, 0xF7, 0x1C, 0xF7, 0xDC, 0xEE, 0x7C, 0xE6, 0x3B, 0xE6,
    0xFB, 0xDD, 0xDB, 0xD5, 0xBB, 0xD5, 0x9B, 0xD5, 0xBC, 0xD5, 0xDC, 0xD5, 0xDC, 0xD5, 0x1D, 0xCE,
    0x3D, 0xCE, 0x7D, 0xCE, 0x9D, 0xCE, 0xFE, 0xD6, 0xFE, 0xD6, 0x1E, 0xCF, 0x3E, 0xD7, 0x3E, 0xD7,
    0x5E, 0xD7, 0x5E, 0xD7, 0x5E, 0xD7, 0x3E, 0xDF, 0x3E, 0xDF, 0x3E, 0xE7, 0x1E, 0xE7, 0x1E, 0xEF,
    0x1E, 0xF7, 0x1D, 0xF7, 0x1D, 0xF7, 0x1D, 0xFF, 0x3C, 0xFF, 0x3C, 0xFF, 0x7C, 0xFF, 0xBD, 0xFF,
    0xFD, 0xFF, 0xD9, 0xFF, 0x09, 0xF5, 0x86, 0xF4, 0x16, 0xFF, 0xBD, 0xFF, 0xFC, 0xF6, 0x7B, 0xEE,
    0x3B, 0xE6, 0xFB, 0xDD, 0xFB, 0xD5, 0xFB, 0xD5, 0xFC, 0xCD, 0xFC, 0xCD, 0xFC, 0xC5, 0xFC, 0xC5,
    0xDC, 0xC5, 0xBC, 0xBD, 0xBC, 0xBD, 0x9C, 0xC5, 0x9C, 0xC5, 0x9C, 0xC5, 0xBD, 0xC5, 0xDD, 0xBD,
    0x3E, 0xBE, 0x9E, 0xBE, 0xFF, 0xC6, 0x5D, 0xBE, 0x96, 0x84, 0x0C, 0x32, 0xE7, 0x10, 0xE7, 0x10,
    0x85, 0x08, 0xA6, 0x08, 0xC6, 0x10, 0xE7, 0x10, 0x08, 0x11, 0x8E, 0x42, 0x16, 0x9D, 0xFD, 0xD6,
    0x7F, 0xD7, 0x3F, 0xCF, 0xDE, 0xCE, 0x9D, 0xCE, 0x5D, 0xCE, 0x1F, 0xEF, 0xDF, 0xFF, 0xDE, 0xEE,
    0xBD, 0xDE, 0xDD, 0xDE, 0xFC, 0xD6, 0x1D, 0xD7, 0x1D, 0xDF, 0x1D, 0xDF, 0xFD, 0xDE, 0xDD, 0xDE,
    0xBD, 0xE6, 0xBE, 0xE6, 0x9E, 0xEE, 0xBE, 0xFE, 0x5F, 0xFF, 0x7E, 0xFE, 0x9B, 0xFC, 0xFA, 0xF3,
    0xFA, 0xF3, 0xBA, 0xF3, 0xD9, 0xF3, 0x9D, 0xFE, 0xBF, 0xFF, 0x7F, 0xFF, 0x7F, 0xF7, 0x7E, 0xF7,
    0x9D, 0xF7, 0xBD, 0xF7, 0xBD, 0xF7, 0xDD, 0xF7, 0xFD, 0xF7, 0xFD, 0xF7, 0xFD, 0xF7, 0xFD, 0xF7,
    0xFD, 0xF7, 0xDD, 0xF7, 0xDE, 0xEF, 0xBE, 0xEF, 0x9E, 0xEF, 0x7E, 0xEF, 0x7E, 0xEF, 0x5E, 0xE7,
    0x3E, 0xE7, 0x3E, 0xE7, 0x1E, 0xE7, 0x1E, 0xE7, 0x1E, 0xDF, 0xFE, 0xDE, 0xDE, 0xDE, 0xDE, 0xDE,
    0xBD, 0xDE, 0x9D, 0xD6, 0x7D, 0xD6, 0x7C, 0xD6, 0x7C, 0xD6, 0xFB, 0xCD, 0xDB, 0xC5, 0xBB, 0xC5,
    0x9A, 0xC5, 0x9A, 0xC5, 0x7A, 0xBD, 0x5A, 0xB5, 0xBA, 0xC5, 0x5B, 0xD6, 0xDB, 0xE6, 0x3B, 0xF7,
    0x9B, 0xFF, 0xBC, 0xFF, 0xBC, 0xFF, 0xBC, 0xFF, 0xBC, 0xFF, 0xBC, 0xFF, 0xBC, 0xFF, 0xBC, 0xFF,
    0x9C, 0xFF, 0x9C, 0xFF, 0x9C, 0xFF, 0x9C, 0xFF, 0x9C, 0xFF, 0x7D, 0xFF, 0x7D, 0xFF, 0x5D, 0xFF,
    0x1D, 0xF7, 0xDD, 0xF6, 0x9D, 0xEE, 0x5D, 0xE6, 0x1D, 0xE6, 0x1D, 0xDE, 0x1D, 0xDE, 0x3D, 0xD6,
    0x5D, 0xD6, 0x7D, 0xD6, 0xBE, 0xD6, 0xDE, 0xD6, 0xFE, 0xD6, 0x1E, 0xD7, 0x3E, 0xD7, 0x5E, 0xD7,
    0x7E, 0xD7, 0x7E, 0xD7, 0x7E, 0xD7, 0x5E, 0xD7, 0x5E, 0xDF, 0x3E, 0xDF, 0x3E, 0xE7, 0x1E, 0xE7,
    0x1E, 0xEF, 0x1E, 0xEF, 0xFD, 0xF6, 0x1D, 0xF7, 0x1D, 0xF7, 0x1C, 0xFF, 0x3C, 0xFF, 0x3C, 0xFF,
    0x3B, 0xFF, 0xBC, 0xFF, 0xB2, 0xF6, 0x8C, 0xED, 0x5B, 0xFF, 0xDC, 0xFE, 0x9C, 0xF6, 0x3C, 0xE6,
    0xDB, 0xDD, 0xBB, 0xD5, 0x9B, 0xCD, 0xBB, 0xCD, 0xBB, 0xC5, 0xBB, 0xC5, 0xBC, 0xC5, 0xBC, 0xC5,
    0xBC, 0xBD, 0x9B, 0xBD, 0x9C, 0xBD, 0x7C, 0xC5, 0x7C, 0xC5, 0x7C, 0xBD, 0xBD, 0xBD, 0xDD, 0xBD,
    0x3D, 0xBE, 0x9E, 0xBE, 0xDF, 0xC6, 0x1C, 0xB6, 0x34, 0x74, 0xAB, 0x29, 0xC7, 0x10, 0xC7, 0x10,
    0x85, 0x08, 0xA6, 0x08, 0xC6, 0x10, 0xE7, 0x10, 0xE8, 0x10, 0x2C, 0x3A, 0xD5, 0x8C, 0xBD, 0xCE,
    0x5F, 0xD7, 0x1F, 0xCF, 0xDE, 0xC6, 0x7D, 0xC6, 0x5D, 0xCE, 0x9E, 0xE6, 0xFF, 0xF6, 0x7D, 0xE6,
    0x9D, 0xDE, 0xBC, 0xDE, 0xDC, 0xD6, 0xFC, 0xD6, 0xFC, 0xD6, 0x3D, 0xE7, 0xDD, 0xDE, 0x9D, 0xDE,
    0x9D, 0xDE, 0x7D, 0xE6, 0x7E, 0xEE, 0x7E, 0xF6, 0xFF, 0xFE, 0x1D, 0xFE, 0x79, 0xF3, 0x7B, 0xF4,
    0x9E, 0xFE, 0x1D, 0xF6, 0xDB, 0xEC, 0x7D, 0xF6, 0x9F, 0xFF, 0x5F, 0xFF, 0x7E, 0xF7, 0x9E, 0xF7,
    0x9D, 0xF7, 0xBD, 0xF7, 0xDD, 0xF7, 0xDD, 0xF7, 0xFD, 0xF7, 0xFD, 0xF7, 0xFD, 0xF7, 0xFD, 0xF7,
    0xFE, 0xF7, 0xFE, 0xEF, 0xDE, 0xEF, 0xBE, 0xEF, 0xBE, 0xEF, 0x9E, 0xE7, 0x7E, 0xE7, 0x5E, 0xE7,
    0x5E, 0xE7, 0x3E, 0xE7, 0x1E, 0xE7, 0x1E, 0xE7, 0xFE, 0xDE, 0xFE, 0xDE, 0xDE, 0xDE, 0xDE, 0xDE,
    0xBE, 0xDE, 0x9D, 0xD6, 0x7D, 0xD6, 0x5D, 0xD6, 0x3C, 0xCE, 0x3C, 0xCE, 0x1C, 0xCE, 0x1C, 0xCE,
    0x1C, 0xCE, 0x3C, 0xD6, 0x7C, 0xD6, 0xFC, 0xE6, 0x7D, 0xF7, 0xBD, 0xFF, 0xDD, 0xFF, 0xDD, 0xFF,
    0xDC, 0xFF, 0xBC, 0xFF, 0xBC, 0xFF, 0xBC, 0xFF, 0xBC, 0xFF, 0x9D, 0xFF, 0x9D, 0xFF, 0x9D, 0xFF,
    0x9D, 0xFF, 0x9D, 0xFF, 0x7D, 0xFF, 0x7D, 0xFF, 0x7D, 0xFF, 0x7D, 0xFF, 0x7D, 0xFF, 0x5D, 0xFF,
    0x5D, 0xFF, 0x3D, 0xFF, 0xFD, 0xF6, 0xDD, 0xF6, 0xBD, 0xEE, 0x7D, 0xE6, 0x5E, 0xE6, 0x3E, 0xDE,
    0x5E, 0xDE, 0x7E, 0xD6, 0x9E, 0xD6, 0xDE, 0xD6, 0x1E, 0xD7, 0x1E, 0xD7, 0x3E, 0xD7, 0x5E, 0xD7,
    0x7E, 0xD7, 0x7E, 0xD7, 0x7E, 0xD7, 0x7E, 0xD7, 0x7E, 0xD7, 0x5E, 0xDF, 0x3E, 0xDF, 0x3E, 0xDF,
    0x1E, 0xE7, 0x1E, 0xEF, 0xFD, 0xEE, 0xFD, 0xF6, 0xFD, 0xF6, 0xFD, 0xF6, 0xFD, 0xF6, 0xFC, 0xF6,
    0xFC, 0xFE, 0x1C, 0xFF, 0x5B, 0xFF, 0x1A, 0xFF, 0xDC, 0xF6, 0x7C, 0xEE, 0x3C, 0xE6, 0xFC, 0xDD,
    0xBB, 0xD5, 0x7B, 0xCD, 0x7B, 0xCD, 0x7B, 0xC5, 0x7B, 0xC5, 0x9B, 0xC5, 0x9B, 0xC5, 0x9B, 0xC5,
    0x9B, 0xC5, 0x7B, 0xBD, 0x7C, 0xBD, 0x5C, 0xBD, 0x5C, 0xBD, 0x7C, 0xBD, 0x9D, 0xBD, 0xDD, 0xBD,
    0x3E, 0xB6, 0x9E, 0xB6, 0xBF, 0xC6, 0xBB, 0xAD, 0xB2, 0x63, 0x6A, 0x21, 0xE7, 0x10, 0xC7, 0x10,
    0x85, 0x08, 0xA6, 0x08, 0xC6, 0x10, 0xE7, 0x10, 0xE8, 0x10, 0xCB, 0x29, 0x54, 0x7C, 0x7B, 0xBE,
    0x5F, 0xD7, 0x1F, 0xC7, 0xDE, 0xC6, 0x7D, 0xC6, 0x5D, 0xC6, 0x3D, 0xCE, 0x1D, 0xD6, 0x5D, 0xDE,
    0x7C, 0xDE, 0x9C, 0xDE, 0xBC, 0xDE, 0xBC, 0xD6, 0xBC, 0xD6, 0xDD, 0xDE, 0x9C, 0xDE, 0x7D, 0xDE,
    0x5D, 0xDE, 0x5D, 0xE6, 0x5E, 0xEE, 0x5E, 0xF6, 0xBF, 0xFE, 0x1E, 0xFE, 0x1B, 0xF5, 0xFF, 0xFE,
    0x7F, 0xFF, 0x9F, 0xFF, 0x7F, 0xFF, 0x7F, 0xFF, 0x5F, 0xFF, 0x5E, 0xF7, 0x7E, 0xF7, 0x9E, 0xF7,
    0x9D, 0xF7, 0xBD, 0xF7, 0xDD, 0xF7, 0xDD, 0xEF, 0xFD, 0xEF, 0xFD, 0xEF, 0xFD, 0xEF, 0xFE, 0xEF,
    0xFE, 0xEF, 0xDE, 0xEF, 0xDE, 0xEF, 0xBE, 0xEF, 0x9E, 0xEF, 0x9F, 0xE7, 0x7F, 0xE7, 0x5F, 0xE7,
    0x5E, 0xE7, 0x3E, 0xE7, 0x1E, 0xE7, 0x1E, 0xE7, 0xFE, 0xDE, 0xFE, 0xDE, 0xDE, 0xDE, 0xBD, 0xDE,
    0x9E, 0xDE, 0x9D, 0xD6, 0x9D, 0xD6, 0x7D, 0xD6, 0x7D, 0xD6, 0x7D, 0xD6, 0x7D, 0xD6, 0x9D, 0xDE,
    0xBD, 0xDE, 0x1D, 0xE7, 0x5D, 0xEF, 0xBD, 0xF7, 0xBD, 0xFF, 0xBD, 0xF7, 0xBD, 0xFF, 0xBD, 0xFF,
    0xBD, 0xFF, 0xBD, 0xFF, 0xBD, 0xFF, 0x9D, 0xFF, 0x9D, 0xFF, 0x7D, 0xFF, 0x7D, 0xFF, 0x7E, 0xFF,
    0x7D, 0xFF, 0x5D, 0xFF, 0x5D, 0xFF, 0x5D, 0xFF, 0x5D, 0xFF, 0x5D, 0xFF, 0x5D, 0xFF, 0x5D, 0xFF,
    0x3D, 0xFF, 0x1D, 0xFF, 0x1D, 0xFF, 0xFD, 0xF6, 0xFD, 0xF6, 0xDD, 0xF6, 0x9E, 0xEE, 0x5E, 0xE6,
    0x5E, 0xE6, 0x5E, 0xDE, 0x7E, 0xDE, 0xBE, 0xD6, 0x1E, 0xDF, 0x7F, 0xEF, 0x5E, 0xDF, 0x5E, 0xD7,
    0x7E, 0xD7, 0x7E, 0xD7, 0x7E, 0xD7, 0x9E, 0xD7, 0x7E, 0xD7, 0x7E, 0xD7, 0x5E, 0xD7, 0x3E, 0xDF,
    0x3E, 0xDF, 0x1D, 0xE7, 0xFE, 0xE6, 0xFD, 0xEE, 0xDD, 0xEE, 0xDD, 0xF6, 0xBD, 0xF6, 0xBD, 0xF6,
    0xBD, 0xF6, 0x9C, 0xF6, 0x9C, 0xF6, 0x9D, 0xF6, 0x7D, 0xEE, 0x3D, 0xE6, 0xFC, 0xDD, 0xDC, 0xDD,
    0x9B, 0xCD, 0x5B, 0xC5, 0x3B, 0xC5, 0x3B, 0xC5, 0x5B, 0xC5, 0x5B, 0xC5, 0x7B, 0xC5, 0x7B, 0xC5,
    0x5B, 0xC5, 0x5B, 0xBD, 0x5C, 0xBD, 0x5C, 0xBD, 0x5C, 0xBD, 0x7C, 0xBD, 0x9C, 0xBD, 0xDD, 0xB5,
    0x3E, 0xB6, 0x9E, 0xB6, 0x9E, 0xBE, 0x39, 0x95, 0x10, 0x53, 0x08, 0x19, 0xE7, 0x10, 0xC6, 0x10,
    0x85, 0x08, 0xA5, 0x08, 0xC6, 0x10, 0xC7, 0x10, 0xE7, 0x10, 0x69, 0x21, 0xB2, 0x6B, 0xFA, 0xB5,
    0x3F, 0xCF, 0x1F, 0xC7, 0xDE, 0xC6, 0x7E, 0xC6, 0x3D, 0xC6, 0x1D, 0xCE, 0x1D, 0xD6, 0x1C, 0xD6,
    0x3C, 0xD6, 0x7C, 0xDE, 0x9C, 0xDE, 0x9C, 0xD6, 0x7C, 0xD6, 0x7C, 0xD6, 0x5C, 0xD6, 0x5C, 0xD6,
    0x3D, 0xDE, 0x3D, 0xDE, 0x3D, 0xE6, 0x3E, 0xEE, 0x5E, 0xEE, 0x9F, 0xF6, 0x1F, 0xFF, 0x1F, 0xFF,
    0xFF, 0xFE, 0x3F, 0xFF, 0x3F, 0xFF, 0x3F, 0xF7, 0x5E, 0xF7, 0x5E, 0xEF, 0x7E, 0xEF, 0x9E, 0xEF,
    0x9D, 0xEF, 0xBD, 0xEF, 0xDD, 0xEF, 0xDD, 0xEF, 0xFE, 0xEF, 0xFE, 0xEF, 0xFE, 0xEF, 0xDE, 0xEF,
    0xFE, 0xEF, 0xFF, 0xEF, 0xDE, 0xE7, 0xBE, 0xE7, 0x9F, 0xE7, 0x7F, 0xE7, 0x7F, 0xE7, 0x5E, 0xE7,
    0x5E, 0xE7, 0x3E, 0xE7, 0x1E, 0xE7, 0x1E, 0xE7, 0x1E, 0xDF, 0xFE, 0xDE, 0xDD, 0xDE, 0xBE, 0xDE,
    0xBE, 0xDE, 0x9E, 0xD6, 0x9D, 0xD6, 0x9D, 0xD6, 0x9D, 0xD6, 0x9D, 0xDE, 0xBD, 0xDE, 0xFD, 0xE6,
    0x3D, 0xEF, 0x7D, 0xF7, 0x7D, 0xF7, 0x9D, 0xF7, 0x9D, 0xF7, 0xBD, 0xF7, 0xBD, 0xFF, 0xBE, 0xFF,
    0xBE, 0xFF, 0xBE, 0xFF, 0xBE, 0xFF, 0x9E, 0xFF, 0x7E, 0xFF, 0x7E, 0xF7, 0x7E, 0xF7, 0x5E, 0xF7,
    0x5E, 0xF7, 0x5E, 0xFF, 0x3E, 0xFF, 0x3E, 0xFF, 0x3E, 0xFF, 0x3E, 0xFF, 0x3E, 0xFF, 0x1E, 0xFF,
    0x1D, 0xFF, 0x1D, 0xFF, 0xFD, 0xFE, 0xFD, 0xFE, 0xFD, 0xF6, 0xFE, 0xF6, 0xBE, 0xEE, 0x9E, 0xEE,
    0x5E, 0xE6, 0x5E, 0xE6, 0x7E, 0xE6, 0x9E, 0xDE, 0x3E, 0xEF, 0xFF, 0xFF, 0x5E, 0xE7, 0x3E, 0xD7,
    0x5E, 0xCF, 0x7E, 0xD7, 0x7E, 0xCF, 0x9E, 0xD7, 0x9E, 0xD7, 0x7E, 0xD7, 0x7E, 0xD7, 0x5E, 0xD7,
    0x3E, 0xDF, 0x1E, 0xDF, 0xFE, 0xE6, 0xDE, 0xE6, 0xDD, 0xEE, 0xBD, 0xEE, 0x9D, 0xEE, 0x9D, 0xEE,
    0x7D, 0xEE, 0x7C, 0xEE, 0x5C, 0xEE, 0x3D, 0xE6, 0x3D, 0xE6, 0xFD, 0xDD, 0xDD, 0xD5, 0xBC, 0xD5,
    0x9C, 0xCD, 0x3B, 0xC5, 0x1B, 0xBD, 0x1B, 0xBD, 0x3B, 0xC5, 0x3B, 0xC5, 0x3B, 0xC5, 0x3B, 0xC5,
    0x3B, 0xC5, 0x3C, 0xC5, 0x3C, 0xBD, 0x3C, 0xBD, 0x5C, 0xBD, 0x7C, 0xBD, 0xBD, 0xB5, 0xFD, 0xB5,
    0x5E, 0xB6, 0xBF, 0xB6, 0x3D, 0xB6, 0x97, 0x84, 0x2D, 0x3A, 0xE8, 0x10, 0xE7, 0x10, 0xC6, 0x08,
    0x85, 0x08, 0xA5, 0x08, 0xA6, 0x10, 0xC7, 0x10, 0xE7, 0x10, 0x08, 0x19, 0xEF, 0x52, 0x58, 0x9D,
    0xDE, 0xCE, 0x3F, 0xCF, 0xDE, 0xBE, 0x7E, 0xBE, 0x3D, 0xC6, 0xFD, 0xCD, 0xFC, 0xCD, 0xFC, 0xCD,
    0x1C, 0xD6, 0x3C, 0xD6, 0x5C, 0xD6, 0x5C, 0xD6, 0x5C, 0xD6, 0x3C, 0xD6, 0x1C, 0xD6, 0x1C, 0xD6,
    0xFC, 0xDD, 0x1D, 0xDE, 0x1D, 0xDE, 0x1D, 0xE6, 0x5E, 0xE6, 0x9E, 0xEE, 0xDE, 0xF6, 0xFF, 0xF6,
    0x1F, 0xF7, 0x1F, 0xF7, 0x1E, 0xEF, 0x3E, 0xEF, 0x3E, 0xEF, 0x5E, 0xEF, 0x5E, 0xEF, 0x7E, 0xEF,
    0x9D, 0xEF, 0xBE, 0xEF, 0xBE, 0xEF, 0xDE, 0xEF, 0xDE, 0xEF, 0xDE, 0xE7, 0xDE, 0xE7, 0xDE, 0xE7,
    0xDE, 0xE7, 0xDE, 0xE7, 0xBE, 0xE7, 0x9F, 0xE7, 0x9F, 0xE7, 0x7F, 0xE7, 0x7F, 0xE7, 0x5F, 0xE7,
    0x3E, 0xE7, 0x3E, 0xE7, 0x1E, 0xE7, 0x1E, 0xE7, 0xFE, 0xE6, 0xFE, 0xDE, 0xDE, 0xDE, 0xDD, 0xDE,
    0xBD, 0xDE, 0xBD, 0xDE, 0xBD, 0xDE, 0xBD, 0xDE, 0xBD, 0xDE, 0xDD, 0xE6, 0xFD, 0xE6, 0x3E, 0xEF,
    0x5D, 0xEF, 0x7D, 0xEF, 0x7D, 0xEF, 0x9E, 0xF7, 0xBE, 0xF7, 0xBE, 0xFF, 0xDE, 0xFF, 0xDE, 0xFF,
    0xBE, 0xFF, 0xBE, 0xFF, 0xBF, 0xFF, 0x9F, 0xF7, 0x9F, 0xF7, 0x7F, 0xF7, 0x7F, 0xF7, 0x5F, 0xF7,
    0x5F, 0xF7, 0x3F, 0xF7, 0x1F, 0xF7, 0x1F, 0xF7, 0x1F, 0xF7, 0x1E, 0xF7, 0xFE, 0xF6, 0xFE, 0xF6,
    0xFE, 0xF6, 0xFE, 0xF6, 0xFE, 0xF6, 0xFE, 0xFE, 0xDE, 0xF6, 0xDE, 0xF6, 0xDE, 0xF6, 0xBE, 0xEE,
    0x7E, 0xEE, 0x5E, 0xEE, 0x5E, 0xE6, 0x7E, 0xE6, 0xBE, 0xE6, 0x1E, 0xEF, 0xFE, 0xD6, 0x1E, 0xCF,
    0x5E, 0xCF, 0x7E, 0xCF, 0x7E, 0xCF, 0x7E, 0xCF, 0x7E, 0xCF, 0x7E, 0xCF, 0x7E, 0xD7, 0x5E, 0xD7,
    0x3E, 0xD7, 0x1E, 0xDF, 0xFD, 0xDE, 0xDE, 0xE6, 0xDE, 0xE6, 0xBD, 0xEE, 0x7D, 0xEE, 0x7D, 0xEE,
    0x5D, 0xEE, 0x3D, 0xE6, 0x3D, 0xE6, 0x1D, 0xE6, 0xFD, 0xDD, 0xDD, 0xD5, 0xDD, 0xD5, 0xBD, 0xD5,
    0x9C, 0xCD, 0x3B, 0xC5, 0xFA, 0xBC, 0xFA, 0xBC, 0x1B, 0xBD, 0x1B, 0xBD, 0x1B, 0xC5, 0x1B, 0xC5,
    0x1B, 0xC5, 0x1B, 0xC5, 0x3C, 0xC5, 0x3C, 0xBD, 0x5C, 0xBD, 0x9C, 0xB5, 0xBD, 0xB5, 0x1D, 0xB6,
    0x7E, 0xB6, 0x9E, 0xB6, 0x9B, 0xA5, 0xB3, 0x63, 0x6A, 0x21, 0xC7, 0x10, 0xC7, 0x10, 0xA6, 0x08,
    0x85, 0x08, 0xA5, 0x08, 0xA6, 0x10, 0xC7, 0x10, 0xE7, 0x10, 0xE7, 0x10, 0x2C, 0x3A, 0x95, 0x84,
    0x5C, 0xBE, 0x1F, 0xCF, 0xDE, 0xBE, 0x7E, 0xBE, 0x3D, 0xC6, 0xFD, 0xC5, 0xDC, 0xCD, 0xDC, 0xCD,
    0xDC, 0xCD, 0xFC, 0xCD, 0x1C, 0xD6, 0x1C, 0xD6, 0x1C, 0xD6, 0xFC, 0xD5, 0xFC, 0xD5, 0xDC, 0xD5,
    0xDC, 0xD5, 0xDC, 0xD5, 0xDD, 0xD5, 0xFD, 0xDD, 0x5D, 0xDE, 0xBE, 0xEE, 0xFF, 0xEE, 0x1F, 0xF7,
    0x1F, 0xEF, 0xFE, 0xEE, 0xFE, 0xEE, 0x1E, 0xEF, 0x3E, 0xEF, 0x3E, 0xEF, 0x5E, 0xEF, 0x7E, 0xEF,
    0x9E, 0xE7, 0x9E, 0xE7, 0xBE, 0xE7, 0xBE, 0xE7, 0xBE, 0xE7, 0xBE, 0xE7, 0xBE, 0xE7, 0xBE, 0xE7,
    0xBE, 0xE7, 0x9E, 0xE7, 0x9F, 0xE7, 0x9F, 0xE7, 0x7F, 0xE7, 0x7F, 0xE7, 0x5F, 0xE7, 0x5F, 0xE7,
    0x3E, 0xE7, 0x1E, 0xE7, 0x1E, 0xE7, 0x1E, 0xE7, 0xFE, 0xE6, 0xFE, 0xE6, 0xDE, 0xE6, 0xDE, 0xDE,
    0xDE, 0xDE, 0xDD, 0xDE, 0xDE, 0xDE, 0xDE, 0xE6, 0xDE, 0xE6, 0xFE, 0xE6, 0x1E, 0xEF, 0x3E, 0xEF,
    0x3E, 0xEF, 0x5E, 0xEF, 0x7E, 0xF7, 0x9E, 0xF7, 0xBE, 0xF7, 0xBE, 0xFF, 0xBE, 0xFF, 0xBE, 0xF7,
    0xBF, 0xF7, 0xBF, 0xF7, 0xBF, 0xF7, 0xBF, 0xF7, 0x9F, 0xEF, 0x9F, 0xEF, 0x9F, 0xEF, 0x7F, 0xEF,
    0x5F, 0xEF, 0x5F, 0xEF, 0x3F, 0xEF, 0x1F, 0xEF, 0xFF, 0xEE, 0xFF, 0xF6, 0xFF, 0xF6, 0xDF, 0xF6,
    0xDE, 0xF6, 0xDE, 0xF6, 0xDE, 0xF6, 0xDE, 0xF6, 0xDE, 0xF6, 0xDE, 0xF6, 0xBE, 0xF6, 0xBE, 0xEE,
    0x9E, 0xEE, 0x5E, 0xEE, 0x3E, 0xEE, 0x5E, 0xE6, 0x7E, 0xE6, 0x7E, 0xDE, 0xBE, 0xD6, 0xFE, 0xCE,
    0x1E, 0xCF, 0x5E, 0xCF, 0x7E, 0xCF, 0x7E, 0xCF, 0x7E, 0xCF, 0x7E, 0xCF, 0x5E, 0xCF, 0x5E, 0xCF,
    0x3D, 0xCF, 0x1E, 0xD7, 0xFE, 0xD6, 0xDE, 0xDE, 0xBD, 0xDE, 0x9D, 0xE6, 0x7D, 0xE6, 0x5D, 0xE6,
    0x3D, 0xE6, 0x1D, 0xE6, 0xFD, 0xE5, 0xDD, 0xDD, 0xDD, 0xD5, 0xDD, 0xD5, 0xDD, 0xCD, 0xDD, 0xCD,
    0xBC, 0xCD, 0x5B, 0xC5, 0xFA, 0xBC, 0xDA, 0xB4, 0xFA, 0xBC, 0xFB, 0xBC, 0xFB, 0xC4, 0xFB, 0xC4,
    0x1B, 0xC5, 0x1B, 0xC5, 0x1B, 0xC5, 0x3C, 0xBD, 0x5C, 0xB5, 0x9D, 0xB5, 0xDD, 0xB5, 0x3E, 0xAE,
    0x9E, 0xB6, 0x3D, 0xAE, 0xD8, 0x84, 0xAF, 0x42, 0x08, 0x11, 0xE7, 0x10, 0xC7, 0x10, 0xA6, 0x08,
    0x85, 0x08, 0x85, 0x08, 0xA6, 0x08, 0xC6, 0x10, 0xE7, 0x10, 0xE7, 0x10, 0x6A, 0x21, 0x92, 0x6B,
    0x99, 0xA5, 0xFE, 0xC6, 0xFE, 0xC6, 0x9E, 0xBE, 0x3D, 0xC6, 0xFD, 0xC5, 0xDC, 0xC5, 0xBC, 0xC5,
    0xBC, 0xC5, 0xBC, 0xCD, 0xDC, 0xCD, 0xDB, 0xCD, 0xDC, 0xCD, 0xBB, 0xCD, 0xBB, 0xCD, 0x9B, 0xCD,
    0xBC, 0xCD, 0xBC, 0xD5, 0xDC, 0xD5, 0xFD, 0xD5, 0x7E, 0xDE, 0xDE, 0xE6, 0x1F, 0xEF, 0x1F, 0xEF,
    0xFE, 0xE6, 0xFE, 0xE6, 0xFE, 0xE6, 0xFE, 0xE6, 0x1E, 0xE7, 0x3E, 0xE7, 0x3E, 0xE7, 0x5E, 0xE7,
    0x7E, 0xE7, 0x9E, 0xE7, 0xBE, 0xE7, 0xBE, 0xE7, 0xBE, 0xE7, 0xBE, 0xE7, 0x9E, 0xE7, 0x9E, 0xDF,
    0x9E, 0xDF, 0x7E, 0xDF, 0x7F, 0xDF, 0x7F, 0xDF, 0x5F, 0xE7, 0x5F, 0xE7, 0x3F, 0xE7, 0x3E, 0xE7,
    0x1E, 0xE7, 0x1E, 0xEF, 0x1E, 0xEF, 0x1E, 0xEF, 0x1D, 0xEF, 0x1D, 0xEF, 0x1D, 0xEF, 0xFD, 0xEE,
    0xFE, 0xE6, 0xDE, 0xE6, 0xDE, 0xE6, 0xDE, 0xE6, 0xFE, 0xE6, 0xFE, 0xEE, 0x1E, 0xEF, 0x3E, 0xEF,
    0x5E, 0xEF, 0x5E, 0xEF, 0x7E, 0xF7, 0x9E, 0xF7, 0xBE, 0xF7, 0xBF, 0xF7, 0xBF, 0xF7, 0xBF, 0xF7,
    0xBF, 0xF7, 0xDF, 0xF7, 0xDF, 0xEF, 0xDF, 0xEF, 0xDF, 0xEF, 0xBF, 0xEF, 0xBF, 0xEF, 0x9F, 0xE7,
    0x7F, 0xE7, 0x5F, 0xEF, 0x3F, 0xEF, 0x1F, 0xEF, 0xFF, 0xEE, 0xFF, 0xEE, 0xDF, 0xEE, 0xDF, 0xEE,
    0xBF, 0xEE, 0xBE, 0xEE, 0xBE, 0xEE, 0xBE, 0xF6, 0xBE, 0xF6, 0xBE, 0xF6, 0xBE, 0xF6, 0xBE, 0xEE,
    0x9D, 0xEE, 0x5E, 0xEE, 0x3E, 0xE6, 0x3E, 0xE6, 0x5E, 0xE6, 0x5E, 0xDE, 0x9E, 0xD6, 0xDE, 0xCE,
    0xFE, 0xCE, 0x1E, 0xCF, 0x5E, 0xC7, 0x7E, 0xCF, 0x7E, 0xCF, 0x5E, 0xC7, 0x5E, 0xCF, 0x5E, 0xCF,
    0x3E, 0xCF, 0x1D, 0xCF, 0xFD, 0xD6, 0xDD, 0xD6, 0x9D, 0xDE, 0x7D, 0xDE, 0x5D, 0xDE, 0x3D, 0xE6,
    0x1D, 0xE6, 0xFD, 0xE5, 0xDD, 0xDD, 0xDD, 0xDD, 0xBD, 0xD5, 0xBD, 0xCD, 0xDD, 0xCD, 0xDD, 0xCD,
    0xDC, 0xCD, 0x7C, 0xC5, 0xFA, 0xB4, 0xDA, 0xB4, 0xDA, 0xB4, 0xDB, 0xBC, 0xFB, 0xC4, 0xFB, 0xC4,
    0x1B, 0xC5, 0x1B, 0xC5, 0x3C, 0xBD, 0x5C, 0xBD, 0x7C, 0xB5, 0xBD, 0xB5, 0x1D, 0xB6, 0x5E, 0xAE,
    0x9E, 0xAE, 0x7A, 0x95, 0xD4, 0x6B, 0x8B, 0x29, 0xE8, 0x10, 0xE7, 0x10, 0xC6, 0x10, 0xA6, 0x08,
    0x84, 0x08, 0x85, 0x08, 0xA5, 0x08, 0xA6, 0x10, 0xC7, 0x10, 0xE7, 0x10, 0xE8, 0x10, 0x6E, 0x42,
    0xB6, 0x8C, 0x5C, 0xB6, 0xFE, 0xC6, 0x9E, 0xBE, 0x5D, 0xC6, 0x1D, 0xC6, 0xDD, 0xC5, 0xBC, 0xC5,
    0x9C, 0xC5, 0x9C, 0xC5, 0x9C, 0xC5, 0x9B, 0xC5, 0x9B, 0xC5, 0x9B, 0xC5, 0x9B, 0xCD, 0x7B, 0xC5,
    0x7B, 0xCD, 0x9B, 0xCD, 0xBC, 0xCD, 0x1D, 0xCE, 0x9E, 0xDE, 0x1E, 0xE7, 0x3F, 0xE7, 0x1E, 0xE7,
    0xFE, 0xE6, 0xDE, 0xE6, 0xDD, 0xE6, 0xDD, 0xE6, 0xFD, 0xE6, 0x1E, 0xE7, 0x3E, 0xE7, 0x5E, 0xE7,
    0x7E, 0xE7, 0x7E, 0xE7, 0xDF, 0xF7, 0xDF, 0xF7, 0x9E, 0xDF, 0x9E, 0xDF, 0x7E, 0xDF, 0x7E, 0xDF,
    0x7E, 0xDF, 0x7E, 0xDF, 0x7F, 0xDF, 0x5F, 0xDF, 0x5F, 0xDF, 0x3E, 0xE7, 0x3E, 0xE7, 0x1E, 0xE7,
    0x1E, 0xE7, 0x1E, 0xEF, 0x1E, 0xEF, 0x3D, 0xF7, 0x5D, 0xF7, 0x9D, 0xFF, 0xBC, 0xFF, 0xBD, 0xFF,
    0x7D, 0xF7, 0x1D, 0xEF, 0xFD, 0xEE, 0xFE, 0xEE, 0xFE, 0xEE, 0x1E, 0xEF, 0x1E, 0xEF, 0x3E, 0xEF,
    0x5E, 0xEF, 0x5E, 0xF7, 0x7E, 0xF7, 0x9E, 0xF7, 0x9F, 0xF7, 0xBF, 0xF7, 0xBF, 0xF7, 0xDF, 0xF7,
    0xDF, 0xEF, 0xDF, 0xEF, 0xDF, 0xEF, 0xDF, 0xEF, 0xDF, 0xE7, 0xDF, 0xE7, 0xBF, 0xE7, 0x9F, 0xE7,
    0x7F, 0xE7, 0x5F, 0xE7, 0x3F, 0xE7, 0x1F, 0xE7, 0xFF, 0xE6, 0xFF, 0xE6, 0xDF, 0xE6, 0xDF, 0xE6,
    0xBF, 0xEE, 0x9F, 0xEE, 0x9E, 0xEE, 0x9E, 0xEE, 0x9E, 0xEE, 0x9E, 0xEE, 0x9E, 0xEE, 0x9D, 0xEE,
    0x9D, 0xEE, 0x7E, 0xEE, 0x3E, 0xE6, 0x1E, 0xE6, 0x3E, 0xDE, 0x3E, 0xDE, 0x7E, 0xD6, 0x9E, 0xCE,
    0xDE, 0xCE, 0xFE, 0xC6, 0x1D, 0xC7, 0x3D, 0xC7, 0x5D, 0xC7, 0x5D, 0xC7, 0x3D, 0xC7, 0x3D, 0xC7,
    0x1D, 0xC7, 0x1D, 0xCF, 0xDD, 0xCE, 0xBD, 0xD6, 0x9D, 0xD6, 0x7D, 0xDE, 0x5D, 0xDE, 0x3D, 0xDE,
    0x1D, 0xDE, 0xFC, 0xDD, 0xDC, 0xDD, 0xBD, 0xD5, 0xBC, 0xD5, 0xBD, 0xCD, 0xDD, 0xCD, 0x1D, 0xC6,
    0x1D, 0xC6, 0xBC, 0xC5, 0xFB, 0xB4, 0xBA, 0xB4, 0xDA, 0xB4, 0xDA, 0xBC, 0xFB, 0xC4, 0xFB, 0xC4,
    0x1B, 0xC5, 0x1B, 0xC5, 0x3C, 0xBD, 0x7C, 0xB5, 0x9D, 0xB5, 0xFD, 0xB5, 0x3E, 0xAE, 0x9E, 0xAE,
    0xFC, 0x9D, 0x77, 0x7C, 0x8E, 0x42, 0xE8, 0x10, 0xE7, 0x10, 0xC7, 0x10, 0xA6, 0x08, 0xA5, 0x08,
    0x84, 0x08, 0x85, 0x08, 0x85, 0x08, 0xA6, 0x08, 0xC6, 0x10, 0xE7, 0x10, 0xE8, 0x10, 0x6A, 0x21,
    0x92, 0x63, 0x59, 0x9D, 0x9D, 0xBE, 0xBE, 0xBE, 0x5D, 0xC6, 0x1D, 0xC6, 0xDD, 0xCD, 0xBD, 0xC5,
    0x9C, 0xC5, 0x7C, 0xC5, 0x7B, 0xBD, 0x7B, 0xBD, 0x7B, 0xC5, 0x7B, 0xC5, 0x5B, 0xC5, 0x5B, 0xC5,
    0x5B, 0xC5, 0x7B, 0xC5, 0x9C, 0xC5, 0x1D, 0xCE, 0xBE, 0xDE, 0x3F, 0xE7, 0x3E, 0xE7, 0xFE, 0xE6,
    0xDE, 0xE6, 0xBD, 0xE6, 0xBD, 0xE6, 0xDD, 0xE6, 0xFD, 0xE6, 0x1E, 0xE7, 0x1E, 0xE7, 0x3E, 0xDF,
    0x3E, 0xDF, 0x7E, 0xE7, 0xDF, 0xFF, 0xFF, 0xFF, 0x9E, 0xE7, 0x7E, 0xDF, 0x5E, 0xDF, 0x5E, 0xDF,
    0x5E, 0xDF, 0x5E, 0xDF, 0x5E, 0xDF, 0x3E, 0xDF, 0x1E, 0xDF, 0x1E, 0xE7, 0x1E, 0xE7, 0xFE, 0xE6,
    0xFE, 0xEE, 0x1E, 0xEF, 0x3D, 0xF7, 0x5D, 0xF7, 0x7D, 0xFF, 0xBD, 0xFF, 0xBC, 0xFF, 0xDC, 0xFF,
    0xDC, 0xFF, 0xBC, 0xFF, 0x5D, 0xF7, 0x1D, 0xEF, 0x1E, 0xEF, 0x1E, 0xEF, 0x1E, 0xEF, 0x3E, 0xF7,
    0x3E, 0xF7, 0x5E, 0xF7, 0x7F, 0xF7, 0x9F, 0xF7, 0x9F, 0xF7, 0xBF, 0xF7, 0xDF, 0xEF, 0xDF, 0xEF,
    0xDF, 0xEF, 0xFF, 0xEF, 0xDF, 0xE7, 0xDF, 0xE7, 0xDF, 0xE7, 0xDF, 0xE7, 0xBF, 0xE7, 0x9F, 0xE7,
    0x7F, 0xE7, 0x5F, 0xE7, 0x3F, 0xE7, 0x1F, 0xE7, 0x1F, 0xE7, 0xFF, 0xE6, 0xDF, 0xE6, 0xBF, 0xE6,
    0xBF, 0xE6, 0x9E, 0xE6, 0x9E, 0xE6, 0x9E, 0xE6, 0x7E, 0xE6, 0x7E, 0xEE, 0x7E, 0xEE, 0x7D, 0xEE,
    0x7D, 0xEE, 0x5D, 0xEE, 0x3D, 0xE6, 0x1E, 0xE6, 0x1E, 0xDE, 0x1E, 0xD6, 0x3E, 0xCE, 0x7E, 0xCE,
    0x9E, 0xC6, 0xDD, 0xC6, 0xFD, 0xC6, 0x1D, 0xC7, 0x1D, 0xC7, 0x3D, 0xC7, 0x3D, 0xC7, 0x1D, 0xC7,
    0xFD, 0xC6, 0xFD, 0xC6, 0xDD, 0xCE, 0x9D, 0xCE, 0x7D, 0xCE, 0x5D, 0xD6, 0x3C, 0xD6, 0x1C, 0xD6,
    0xFC, 0xD5, 0xDC, 0xD5, 0xBC, 0xD5, 0x9C, 0xD5, 0x9C, 0xCD, 0xBC, 0xC5, 0xDD, 0xC5, 0x1D, 0xC6,
    0x5D, 0xC6, 0xFC, 0xBD, 0x1B, 0xB5, 0xBA, 0xB4, 0xBA, 0xB4, 0xDB, 0xBC, 0xFB, 0xBC, 0x1B, 0xBD,
    0x1B, 0xBD, 0x3C, 0xBD, 0x5C, 0xBD, 0x9D, 0xB5, 0xDD, 0xB5, 0x1D, 0xAE, 0x7E, 0xAE, 0x3D, 0xA6,
    0xD8, 0x84, 0x31, 0x53, 0x49, 0x19, 0xE7, 0x10, 0xE7, 0x10, 0xC6, 0x10, 0xA6, 0x08, 0x85, 0x08,
    0x64, 0x08, 0x84, 0x08, 0x85, 0x08, 0xA5, 0x08, 0xA6, 0x10, 0xC7, 0x10, 0xE7, 0x10, 0xE8, 0x10,
    0x0C, 0x32, 0x34, 0x7C, 0xDA, 0xA5, 0xBE, 0xBE, 0x7E, 0xC6, 0x3D, 0xC6, 0xFD, 0xCD, 0xBD, 0xC5,
    0x9C, 0xC5, 0x7C, 0xC5, 0x7C, 0xBD, 0x7C, 0xBD, 0x5B, 0xBD, 0x5B, 0xBD, 0x5B, 0xBD, 0x3B, 0xBD,
    0x3B, 0xBD, 0x5B, 0xC5, 0x7C, 0xC5, 0xFD, 0xCD, 0xFE, 0xDE, 0x5F, 0xE7, 0x3E, 0xE7, 0xFE, 0xDE,
    0xBD, 0xDE, 0xBD, 0xDE, 0xBD, 0xE6, 0xBD, 0xE6, 0xDD, 0xE6, 0xFE, 0xDE, 0x1E, 0xDF, 0x1E, 0xDF,
    0x3E, 0xDF, 0x3E, 0xDF, 0x7E, 0xE7, 0x9E, 0xE7, 0x5E, 0xD7, 0x5E, 0xD7, 0x5E, 0xD7, 0x5E, 0xD7,
    0x3E, 0xD7, 0x3E, 0xD7, 0x3E, 0xDF, 0x1E, 0xDF, 0x1E, 0xDF, 0x1E, 0xDF, 0xFE, 0xE6, 0xFE, 0xE6,
    0xFE, 0xEE, 0x1E, 0xEF, 0x1E, 0xF7, 0x3D, 0xF7, 0x5D, 0xF7, 0x5D, 0xF7, 0x7D, 0xFF, 0x9D, 0xFF,
    0xBD, 0xFF, 0xDC, 0xFF, 0xDC, 0xFF, 0x9D, 0xFF, 0x5D, 0xF7, 0x5E, 0xF7, 0x3E, 0xF7, 0x3E, 0xF7,
    0x5E, 0xF7, 0x5F, 0xF7, 0x7F, 0xF7, 0x9F, 0xF7, 0x9F, 0xEF, 0xBF, 0xEF, 0xDF, 0xEF, 0xDF, 0xEF,
    0xDF, 0xEF, 0xDF, 0xE7, 0xDF, 0xE7, 0xDF, 0xE7, 0xDF, 0xE7, 0xBF, 0xE7, 0x9F, 0xE7, 0x9F, 0xE7,
    0x7F, 0xE7, 0x5F, 0xE7, 0x3F, 0xE7, 0x1F, 0xE7, 0x1F, 0xE7, 0xFF, 0xDE, 0xDF, 0xDE, 0xDF, 0xDE,
    0xBE, 0xDE, 0x9E, 0xDE, 0x9E, 0xDE, 0x7E, 0xDE, 0x7E, 0xE6, 0x5E, 0xE6, 0x5E, 0xE6, 0x5E, 0xE6,
    0x5E, 0xE6, 0x3D, 0xE6, 0x1D, 0xE6, 0xFD, 0xDD, 0xFD, 0xD5, 0x1D, 0xD6, 0x1D, 0xCE, 0x3D, 0xCE,
    0x7D, 0xC6, 0x9D, 0xC6, 0xDD, 0xBE, 0xFD, 0xBE, 0xFD, 0xBE, 0x1D, 0xBF, 0x1D, 0xBF, 0xFD, 0xBE,
    0xFD, 0xC6, 0xDC, 0xC6, 0x9C, 0xC6, 0x7D, 0xC6, 0x5D, 0xCE, 0x3D, 0xCE, 0x3C, 0xD6, 0xFC, 0xD5,
    0xDC, 0xD5, 0xBC, 0xD5, 0x9C, 0xD5, 0x9C, 0xCD, 0x9C, 0xCD, 0xBC, 0xC5, 0xFC, 0xC5, 0x5D, 0xBE,
    0x7D, 0xBE, 0x3D, 0xBE, 0x5C, 0xB5, 0xBB, 0xB4, 0xBB, 0xB4, 0xDB, 0xBC, 0xFB, 0xBC, 0x1C, 0xBD,
    0x3C, 0xBD, 0x5C, 0xBD, 0x9D, 0xB5, 0xBD, 0xB5, 0xFD, 0xAD, 0x5E, 0xAE, 0x3D, 0xA6, 0x19, 0x85,
    0x93, 0x63, 0xAB, 0x29, 0xE8, 0x10, 0xE7, 0x10, 0xC6, 0x10, 0xA6, 0x08, 0xA5, 0x08, 0x85, 0x08,
    0x64, 0x08, 0x84, 0x08, 0x85, 0x08, 0xA5, 0x08, 0xA6, 0x10, 0xC6, 0x10, 0xC7, 0x10, 0xE8, 0x10,
    0x08, 0x19, 0xAF, 0x4A, 0xB6, 0x84, 0x1C, 0xAE, 0x9E, 0xC6, 0x3E, 0xC6, 0xFD, 0xCD, 0xDD, 0xCD,
    0x9C, 0xC5, 0x7C, 0xC5, 0x7C, 0xBD, 0x5C, 0xBD, 0x5B, 0xBD, 0x5B, 0xBD, 0x3B, 0xBD, 0x3B, 0xBD,
    0x3B, 0xBD, 0x3B, 0xBD, 0x5B, 0xBD, 0xFD, 0xCD, 0xFE, 0xDE, 0x5F, 0xE7, 0x3E, 0xDF, 0xFE, 0xDE,
    0xBD, 0xDE, 0x9D, 0xDE, 0x9D, 0xDE, 0xBD, 0xE6, 0xBD, 0xDE, 0xDD, 0xDE, 0xFE, 0xDE, 0x1E, 0xDF,
    0x1E, 0xDF, 0x1E, 0xDF, 0x3E, 0xDF, 0x3E, 0xD7, 0x3E, 0xD7, 0x3E, 0xD7, 0x3E, 0xD7, 0x3E, 0xD7,
    0x3E, 0xD7, 0x1E, 0xD7, 0x1E, 0xD7, 0xFE, 0xDE, 0xFE, 0xDE, 0xFE, 0xDE, 0xDE, 0xE6, 0xDE, 0xE6,
    0xFE, 0xE6, 0xFE, 0xEE, 0x1E, 0xEF, 0x1E, 0xEF, 0x3E, 0xF7, 0x5D, 0xF7, 0x5D, 0xF7, 0x7D, 0xFF,
    0x9D, 0xFF, 0xBD, 0xFF, 0xDC, 0xFF, 0xDD, 0xFF, 0x9D, 0xFF, 0x7D, 0xF7, 0x5E, 0xF7, 0x3E, 0xF7,
    0x5E, 0xF7, 0x5F, 0xF7, 0x7F, 0xF7, 0x9F, 0xEF, 0x9F, 0xEF, 0xBF, 0xEF, 0xDF, 0xEF, 0xDF, 0xEF,
    0xDF, 0xE7, 0xDF, 0xE7, 0xDF, 0xE7, 0xDF, 0xE7, 0xBF, 0xE7, 0x9F, 0xE7, 0x7F, 0xE7, 0x7F, 0xE7,
    0x5F, 0xE7, 0x3F, 0xE7, 0x3F, 0xDF, 0x1F, 0xDF, 0x1F, 0xDF, 0xFF, 0xDE, 0xDF, 0xDE, 0xDE, 0xDE,
    0xBE, 0xDE, 0x9E, 0xDE, 0x9E, 0xD6, 0x7E, 0xDE, 0x5E, 0xDE, 0x5D, 0xDE, 0x5D, 0xDE, 0x3D, 0xDE,
    0x3D, 0xE6, 0x3D, 0xDE, 0x1D, 0xDE, 0xFD, 0xD5, 0xDD, 0xCD, 0xDD, 0xCD, 0xFD, 0xC5, 0x1D, 0xC6,
    0x3D, 0xC6, 0x7D, 0xBE, 0x9D, 0xBE, 0xBC, 0xBE, 0xDC, 0xBE, 0xDC, 0xBE, 0xDC, 0xBE, 0xDC, 0xBE,
    0xDC, 0xBE, 0xBC, 0xBE, 0x7C, 0xC6, 0x5C, 0xC6, 0x5C, 0xC6, 0x3C, 0xCE, 0xFC, 0xCD, 0xFC, 0xCD,
    0xBC, 0xCD, 0x9C, 0xCD, 0x9C, 0xCD, 0x7C, 0xCD, 0x9C, 0xCD, 0xBC, 0xC5, 0x1C, 0xBE, 0x5D, 0xBE,
    0x9D, 0xBE, 0x5D, 0xBE, 0x7C, 0xB5, 0xDB, 0xAC, 0xDB, 0xB4, 0xFB, 0xB4, 0x1C, 0xB5, 0x3C, 0xBD,
    0x5C, 0xBD, 0x7D, 0xB5, 0xBD, 0xB5, 0xFD, 0xAD, 0x5E, 0xAE, 0x3D, 0xA6, 0x19, 0x85, 0xB4, 0x63,
    0xEC, 0x31, 0xE8, 0x10, 0xE8, 0x10, 0xC7, 0x10, 0xA6, 0x08, 0xA6, 0x08, 0x85, 0x08, 0x85, 0x08,
    0x64, 0x00, 0x84, 0x08, 0x84, 0x08, 0x85, 0x08, 0xA6, 0x08, 0xA6, 0x10, 0xC6, 0x10, 0xE7, 0x10,
    0xE7, 0x10, 0x49, 0x21, 0x51, 0x5B, 0xF7, 0x8C, 0x1C, 0xB6, 0x7E, 0xCE, 0x1D, 0xCE, 0xDD, 0xCD,
    0xBD, 0xC5, 0x7C, 0xC5, 0x5C, 0xBD, 0x5C, 0xBD, 0x5C, 0xBD, 0x5B, 0xB5, 0x3B, 0xB5, 0x3B, 0xB5,
    0x1B, 0xBD, 0x3B, 0xBD, 0x3B, 0xBD, 0xFD, 0xCD, 0x1F, 0xDF, 0x5F, 0xDF, 0x3E, 0xDF, 0xDE, 0xDE,
    0xBD, 0xDE, 0x9D, 0xDE, 0x9D, 0xDE, 0x9D, 0xE6, 0xBD, 0xDE, 0xDD, 0xDE, 0xDE, 0xDE, 0xFE, 0xD6,
    0xFE, 0xD6, 0x1E, 0xD7, 0x1E, 0xD7, 0x1E, 0xD7, 0x1E, 0xD7, 0x1E, 0xD7, 0x1E, 0xD7, 0x1E, 0xD7,
    0x1E, 0xD7, 0x1D, 0xD7, 0xFD, 0xD6, 0xDD, 0xD6, 0xDE, 0xD6, 0xDE, 0xDE, 0xBD, 0xDE, 0xBE, 0xDE,
    0xDE, 0xE6, 0xDD, 0xE6, 0xFE, 0xE6, 0xFE, 0xEE, 0x1E, 0xEF, 0x3E, 0xF7, 0x3E, 0xF7, 0x5D, 0xF7,
    0x7D, 0xFF, 0x9D, 0xFF, 0x9D, 0xFF, 0x9D, 0xFF, 0x7D, 0xF7, 0x5D, 0xF7, 0x5E, 0xF7, 0x3E, 0xF7,
    0x5E, 0xF7, 0xDF, 0xFF, 0xBF, 0xF7, 0x7F, 0xEF, 0x9F, 0xEF, 0xBF, 0xEF, 0xBF, 0xEF, 0xBF, 0xEF,
    0xDF, 0xE7, 0xBF, 0xE7, 0xBF, 0xE7, 0x9F, 0xE7, 0x9F, 0xE7, 0x7F, 0xE7, 0x7F, 0xE7, 0x5F, 0xE7,
    0x3F, 0xE7, 0x3F, 0xDF, 0x3F, 0xDF, 0x1E, 0xE7, 0x1E, 0xDF, 0xFE, 0xDE, 0xDE, 0xDE, 0xDE, 0xDE,
    0xBE, 0xDE, 0xBE, 0xDE, 0x9E, 0xD6, 0x7D, 0xD6, 0x5D, 0xD6, 0x3D, 0xD6, 0x3D, 0xD6, 0x1D, 0xDE,
    0x1D, 0xDE, 0x1D, 0xDE, 0xFD, 0xD5, 0xDC, 0xCD, 0xDC, 0xC5, 0xDC, 0xBD, 0xDC, 0xBD, 0xFC, 0xBD,
    0x1C, 0xBE, 0x3C, 0xB6, 0x7C, 0xB6, 0x9C, 0xB6, 0xBC, 0xB6, 0xBC, 0xB6, 0xBC, 0xB6, 0xBC, 0xBE,
    0x9C, 0xBE, 0x9C, 0xBE, 0x7C, 0xBE, 0x5C, 0xC6, 0x3C, 0xC6, 0xFC, 0xC5, 0xDC, 0xC5, 0xBC, 0xCD,
    0xBC, 0xCD, 0x9C, 0xCD, 0x7C, 0xCD, 0x7C, 0xCD, 0x7C, 0xC5, 0xDC, 0xC5, 0x3D, 0xBE, 0x7D, 0xB6,
    0xBD, 0xB6, 0x7D, 0xB6, 0x9C, 0xAD, 0xDB, 0xAC, 0xFB, 0xAC, 0x1C, 0xB5, 0x3C, 0xB5, 0x5C, 0xB5,
    0x7C, 0xB5, 0xBD, 0xB5, 0xFD, 0xAD, 0x3E, 0xAE, 0xFC, 0x9D, 0xF8, 0x84, 0x93, 0x5B, 0x0C, 0x2A,
    0x08, 0x11, 0xE8, 0x10, 0xE7, 0x10, 0xC6, 0x08, 0xA6, 0x08, 0x85, 0x08, 0x85, 0x08, 0x84, 0x08,
    0x64, 0x00, 0x64, 0x00, 0x84, 0x08, 0x85, 0x08, 0x85, 0x08, 0xA6, 0x08, 0xC6, 0x10, 0xC7, 0x10,
    0xE7, 0x10, 0xE8, 0x10, 0x8A, 0x21, 0x71, 0x63, 0xF7, 0x94, 0xFC, 0xB5, 0x5E, 0xCE, 0xFD, 0xCD,
    0xBD, 0xCD, 0x9C, 0xC5, 0x7C, 0xC5, 0x5C, 0xBD, 0x5C, 0xBD, 0x5B, 0xBD, 0x3B, 0xBD, 0x3B, 0xBD,
    0x1B, 0xBD, 0x1B, 0xBD, 0x3B, 0xBD, 0xFD, 0xCD, 0xFF, 0xDE, 0x5F, 0xDF, 0x3E, 0xDF, 0xFE, 0xD6,
    0x9D, 0xDE, 0x9D, 0xDE, 0x7D, 0xDE, 0x9D, 0xDE, 0x9D, 0xDE, 0xBD, 0xDE, 0xDD, 0xDE, 0xDE, 0xD6,
    0xDE, 0xD6, 0xFE, 0xD6, 0xFE, 0xD6, 0xFE, 0xD6, 0xFE, 0xD6, 0x1E, 0xD7, 0xFD, 0xCE, 0xFD, 0xCE,
    0xFD, 0xCE, 0xFD, 0xCE, 0xDD, 0xD6, 0xDD, 0xD6, 0xBD, 0xD6, 0xBD, 0xD6, 0x9D, 0xD6, 0x9D, 0xDE,
    0x9D, 0xDE, 0xBD, 0xDE, 0xDE, 0xDE, 0xDE, 0xDE, 0xFE, 0xE6, 0x1E, 0xEF, 0x1E, 0xEF, 0x3E, 0xF7,
    0x5D, 0xF7, 0x5D, 0xF7, 0x5D, 0xF7, 0x5D, 0xF7, 0x3D, 0xF7, 0x3E, 0xF7, 0x3E, 0xF7, 0x5E, 0xF7,
    0x5E, 0xF7, 0xBF, 0xFF, 0x9F, 0xF7, 0x7F, 0xEF, 0x9F, 0xEF, 0x9F, 0xEF, 0x9F, 0xEF, 0x9F, 0xEF,
    0x9F, 0xE7, 0xBF, 0xEF, 0xBF, 0xEF, 0x7F, 0xE7, 0x7F, 0xE7, 0x5F, 0xE7, 0x5F, 0xE7, 0x3F, 0xE7,
    0x3F, 0xE7, 0x3E, 0xE7, 0x3E, 0xE7, 0x1E, 0xE7, 0x1E, 0xE7, 0x1E, 0xE7, 0xFE, 0xE6, 0xFD, 0xDE,
    0xDD, 0xDE, 0xBD, 0xDE, 0x9D, 0xD6, 0x7D, 0xD6, 0x5D, 0xCE, 0x3D, 0xCE, 0x1D, 0xCE, 0x1D, 0xCE,
    0xFD, 0xD5, 0xFC, 0xCD, 0xDC, 0xCD, 0xDC, 0xC5, 0xBC, 0xBD, 0xBC, 0xB5, 0xBC, 0xB5, 0xBC, 0xB5,
    0xDC, 0xB5, 0x1C, 0xB6, 0x3C, 0xB6, 0x5C, 0xB6, 0x7C, 0xB6, 0x9C, 0xB6, 0x9C, 0xB6, 0x9B, 0xB6,
    0x7B, 0xB6, 0x5C, 0xB6, 0x5C, 0xBE, 0x3C, 0xBE, 0xFC, 0xBD, 0xDC, 0xBD, 0xBC, 0xBD, 0xBB, 0xC5,
    0x9B, 0xC5, 0x7C, 0xC5, 0x5C, 0xC5, 0x5C, 0xC5, 0x9C, 0xC5, 0xDC, 0xBD, 0x3C, 0xB6, 0x9D, 0xB6,
    0xBD, 0xB6, 0x9D, 0xB6, 0x9C, 0xAD, 0x1B, 0xA5, 0x3C, 0xAD, 0x5C, 0xAD, 0x7C, 0xAD, 0x9D, 0xB5,
    0xBD, 0xB5, 0x1D, 0xAE, 0x3D, 0xAE, 0xBB, 0x95, 0x97, 0x7C, 0x52, 0x53, 0xCB, 0x29, 0x08, 0x11,
    0xE8, 0x10, 0xE7, 0x10, 0xC6, 0x08, 0xA6, 0x08, 0xA6, 0x08, 0x85, 0x08, 0x85, 0x08, 0x84, 0x00,
    0x63, 0x00, 0x64, 0x00, 0x64, 0x08, 0x84, 0x08, 0x85, 0x08, 0xA5, 0x08, 0xA6, 0x10, 0xC6, 0x10,
    0xE7, 0x10, 0x07, 0x11, 0xE8, 0x10, 0x8A, 0x29, 0x31, 0x5B, 0xB7, 0x8C, 0x9B, 0xB5, 0x1D, 0xCE,
    0xFD, 0xCD, 0x9D, 0xCD, 0x7C, 0xC5, 0x7C, 0xC5, 0x5C, 0xBD, 0x5C, 0xBD, 0x5B, 0xBD, 0x3B, 0xBD,
    0x3B, 0xBD, 0x1B, 0xBD, 0x1B, 0xBD, 0xDD, 0xCD, 0xFE, 0xDE, 0x5F, 0xDF, 0x3E, 0xDF, 0xFE, 0xD6,
    0x9D, 0xD6, 0x7C, 0xDE, 0x7C, 0xDE, 0x7C, 0xDE, 0x7C, 0xDE, 0x9D, 0xDE, 0xBD, 0xDE, 0xBD, 0xD6,
    0xBD, 0xD6, 0xDD, 0xD6, 0xFD, 0xCE, 0xFD, 0xCE, 0xFD, 0xCE, 0xFD, 0xCE, 0xFD, 0xCE, 0xFD, 0xCE,
    0xDD, 0xCE, 0xDD, 0xCE, 0xBD, 0xCE, 0xBD, 0xCE, 0x9D, 0xCE, 0x9D, 0xCE, 0x7D, 0xD6, 0x7D, 0xD6,
    0x7D, 0xD6, 0x9D, 0xD6, 0xBE, 0xD6, 0xDE, 0xDE, 0xDE, 0xDE, 0xFE, 0xE6, 0xFE, 0xEE, 0x1E, 0xEF,
    0x3E, 0xF7, 0x3D, 0xF7, 0x3E, 0xF7, 0x1E, 0xF7, 0x3E, 0xF7, 0x3E, 0xF7, 0x3E, 0xF7, 0x3E, 0xF7,
    0x3E, 0xEF, 0x5E, 0xF7, 0x5F, 0xEF, 0x7F, 0xEF, 0x7F, 0xEF, 0x7F, 0xEF, 0x7F, 0xE7, 0x7F, 0xE7,
    0x7F, 0xE7, 0x9F, 0xF7, 0x7F, 0xEF, 0x3F, 0xE7, 0x3F, 0xE7, 0x3F, 0xDF, 0x3F, 0xE7, 0x3E, 0xE7,
    0x3E, 0xE7, 0x3E, 0xE7, 0x3E, 0xEF, 0x3D, 0xEF, 0x3D, 0xEF, 0x3D, 0xEF, 0x3D, 0xEF, 0x1D, 0xE7,
    0xFD, 0xE6, 0xDD, 0xDE, 0xBD, 0xD6, 0x9D, 0xD6, 0x5D, 0xCE, 0x3C, 0xCE, 0x1C, 0xC6, 0xFC, 0xC5,
    0xDC, 0xC5, 0xDC, 0xC5, 0xBC, 0xC5, 0xBB, 0xBD, 0x9B, 0xB5, 0x9C, 0xAD, 0x9C, 0xAD, 0x9C, 0xAD,
    0xBC, 0xAD, 0xDB, 0xAD, 0xFB, 0xAD, 0x1B, 0xAE, 0x3B, 0xAE, 0x5B, 0xB6, 0x5B, 0xB6, 0x5B, 0xB6,
    0x5B, 0xB6, 0x3B, 0xB6, 0x1B, 0xB6, 0xFC, 0xB5, 0xDB, 0xB5, 0xBB, 0xBD, 0x9B, 0xBD, 0x7B, 0xBD,
    0x5B, 0xC5, 0x5B, 0xC5, 0x5B, 0xC5, 0x5C, 0xC5, 0x9C, 0xBD, 0xDC, 0xBD, 0x5D, 0xB6, 0xBD, 0xB6,
    0xDE, 0xB6, 0x7E, 0xB6, 0x9C, 0xA5, 0x5C, 0xA5, 0x7C, 0xA5, 0x7C, 0xA5, 0xBD, 0xA5, 0xDD, 0xAD,
    0x1D, 0xAE, 0xFC, 0xA5, 0x3A, 0x8D, 0x36, 0x74, 0xD0, 0x4A, 0x6A, 0x21, 0xE8, 0x10, 0xE8, 0x10,
    0xE7, 0x10, 0xC6, 0x10, 0xA6, 0x08, 0xA6, 0x08, 0x85, 0x08, 0x85, 0x08, 0x84, 0x08, 0x64, 0x08,
    0x63, 0x00, 0x64, 0x00, 0x64, 0x00, 0x64, 0x08, 0x84, 0x08, 0x85, 0x08, 0xA5, 0x08, 0xA6, 0x10,
    0xC6, 0x10, 0xE7, 0x10, 0xE8, 0x10, 0xE8, 0x10, 0x6A, 0x21, 0xF0, 0x52, 0x35, 0x84, 0x39, 0xAD,
    0xDC, 0xC5, 0xFD, 0xD5, 0xBD, 0xCD, 0x9C, 0xC5, 0x7C, 0xC5, 0x5C, 0xC5, 0x5C, 0xBD, 0x3B, 0xBD,
    0x3B, 0xC5, 0x1B, 0xBD, 0x1B, 0xBD, 0xBC, 0xCD, 0xBE, 0xDE, 0x3F, 0xDF, 0x3E, 0xD7, 0xFE, 0xD6,
    0x9D, 0xD6, 0x5C, 0xD6, 0x5C, 0xD6, 0x5C, 0xDE, 0x5C, 0xDE, 0x7C, 0xDE, 0x7D, 0xD6, 0x9D, 0xD6,
    0x9D, 0xCE, 0xBD, 0xCE, 0xBD, 0xCE, 0xDD, 0xCE, 0xDD, 0xCE, 0xDD, 0xC6, 0x5E, 0xD7, 0x9F, 0xE7,
    0xDD, 0xC6, 0xBD, 0xC6, 0x9D, 0xC6, 0x9D, 0xC6, 0x7D, 0xC6, 0x5D, 0xCE, 0x5D, 0xCE, 0x5D, 0xCE,
    0x7D, 0xCE, 0x7D, 0xCE, 0x9E, 0xCE, 0xBD, 0xD6, 0xDE, 0xDE, 0xDE, 0xDE, 0xDE, 0xE6, 0xFE, 0xEE,
    0xFE, 0xEE, 0xFE, 0xEE, 0xFE, 0xEE, 0x1E, 0xEF, 0x1E, 0xEF, 0x1E, 0xEF, 0x1E, 0xEF, 0x1E, 0xEF,
    0x3E, 0xEF, 0x3E, 0xEF, 0x3E, 0xEF, 0x5E, 0xEF, 0x5E, 0xEF, 0x5E, 0xEF, 0x5F, 0xEF, 0x5E, 0xEF,
    0x5F, 0xE7, 0x3F, 0xE7, 0x3F, 0xE7, 0x3F, 0xE7, 0x1E, 0xDF, 0x1E, 0xE7, 0x3E, 0xE7, 0x3E, 0xE7,
    0x3E, 0xEF, 0x5D, 0xEF, 0x5D, 0xF7, 0x7D, 0xF7, 0x7D, 0xF7, 0x7D, 0xF7, 0x9D, 0xF7, 0x5D, 0xF7,
    0x1D, 0xEF, 0xFC, 0xE6, 0xBC, 0xDE, 0x9C, 0xD6, 0x5C, 0xCE, 0x3C, 0xCE, 0xFC, 0xC5, 0xDC, 0xBD,
    0xDC, 0xBD, 0xBB, 0xBD, 0x9B, 0xB5, 0x9B, 0xB5, 0x7B, 0xAD, 0x7B, 0xAD, 0x7B, 0xA5, 0x7B, 0xA5,
    0x7B, 0xA5, 0x9B, 0xA5, 0xBB, 0xA5, 0xDB, 0xAD, 0xFB, 0xAD, 0x1B, 0xAE, 0x1B, 0xAE, 0x1B, 0xAE,
    0x1B, 0xB6, 0xFB, 0xB5, 0xDB, 0xB5, 0xBB, 0xB5, 0x9B, 0xB5, 0x7B, 0xB5, 0x7B, 0xBD, 0x5B, 0xBD,
    0x3B, 0xBD, 0x3B, 0xBD, 0x3B, 0xBD, 0x5C, 0xBD, 0x9C, 0xBD, 0xFC, 0xB5, 0x7D, 0xB6, 0xBE, 0xB6,
    0xBE, 0xB6, 0x7D, 0xAE, 0x9C, 0xA5, 0x9C, 0xA5, 0xBC, 0xA5, 0xDD, 0xA5, 0xFD, 0xA5, 0xDC, 0x9D,
    0x3A, 0x8D, 0x77, 0x74, 0x52, 0x53, 0x2E, 0x32, 0x29, 0x19, 0xE8, 0x10, 0xE8, 0x10, 0xE7, 0x10,
    0xC6, 0x08, 0xA6, 0x08, 0xA6, 0x08, 0x85, 0x08, 0x85, 0x08, 0x85, 0x08, 0x64, 0x08, 0x64, 0x00,
    0x63, 0x00, 0x63, 0x00, 0x64, 0x00, 0x64, 0x08, 0x84, 0x08, 0x84, 0x08, 0x85, 0x08, 0xA6, 0x08,
    0xA6, 0x10, 0xC6, 0x10, 0xE7, 0x10, 0xE8, 0x10, 0xE8, 0x10, 0x29, 0x19, 0x2D, 0x42, 0x93, 0x6B,
    0x97, 0x9C, 0x5B, 0xBD, 0xBD, 0xCD, 0xBD, 0xCD, 0x9D, 0xCD, 0x7C, 0xC5, 0x5C, 0xC5, 0x3C, 0xC5,
    0x3B, 0xC5, 0x1B, 0xC5, 0x1B, 0xC5, 0x9C, 0xCD, 0x7E, 0xD6, 0x3F, 0xDF, 0x3E, 0xD7, 0xFE, 0xCE,
    0x9D, 0xCE, 0x5D, 0xCE, 0x3C, 0xD6, 0x3C, 0xD6, 0x3C, 0xD6, 0x5C, 0xD6, 0x5C, 0xD6, 0x7C, 0xD6,
    0x7D, 0xCE, 0x9D, 0xCE, 0x9D, 0xCE, 0xBD, 0xC6, 0xBD, 0xC6, 0xBD, 0xC6, 0x5E, 0xD7, 0xBF, 0xE7,
    0xDD, 0xC6, 0x9D, 0xC6, 0x7D, 0xC6, 0x5C, 0xC6, 0x3C, 0xC6, 0x3C, 0xC6, 0x3C, 0xC6, 0x3C, 0xC6,
    0x5C, 0xC6, 0x7D, 0xC6, 0x9D, 0xCE, 0x9D, 0xD6, 0xBE, 0xD6, 0xBE, 0xDE, 0xDE, 0xE6, 0xDE, 0xE6,
    0xDE, 0xEE, 0xDE, 0xEE, 0xFE, 0xEE, 0xFE, 0xEE, 0xFE, 0xEE, 0xFE, 0xEE, 0xFE, 0xEE, 0x1E, 0xEF,
    0x1E, 0xEF, 0x1E, 0xEF, 0x1E, 0xEF, 0x3E, 0xEF, 0x3E, 0xEF, 0x3E, 0xEF, 0x3E, 0xE7, 0x3E, 0xE7,
    0x3E, 0xE7, 0x1E, 0xE7, 0x1E, 0xE7, 0x1E, 0xE7, 0x1E, 0xE7, 0x1E, 0xE7, 0x1E, 0xE7, 0x3D, 0xE7,
    0x5D, 0xEF, 0x7D, 0xF7, 0x9D, 0xFF, 0xFC, 0xFF, 0xFA, 0xFF, 0xD7, 0xFF, 0xB6, 0xFF, 0xD8, 0xFF,
    0xB9, 0xFF, 0x3B, 0xF7, 0xFC, 0xE6, 0xBC, 0xDE, 0x7B, 0xCE, 0x3B, 0xCE, 0xFB, 0xBD, 0xDB, 0xB5,
    0xBB, 0xB5, 0x9B, 0xAD, 0x7B, 0xAD, 0x7B, 0xAD, 0x5B, 0xA5, 0x5B, 0xA5, 0x7B, 0xA5, 0x5B, 0xA5,
    0x5B, 0x9D, 0x5A, 0xA5, 0x7A, 0xA5, 0x9A, 0xA5, 0xDB, 0xB5, 0x3B, 0xBE, 0xDB, 0xAD, 0xDB, 0xAD,
    0xDB, 0xAD, 0xBB, 0xB5, 0x9B, 0xB5, 0x7B, 0xB5, 0x7B, 0xB5, 0x5B, 0xB5, 0x3B, 0xB5, 0x1B, 0xB5,
    0x1B, 0xBD, 0x1B, 0xBD, 0x3B, 0xBD, 0x7C, 0xBD, 0xBC, 0xB5, 0x1D, 0xB6, 0x7D, 0xAE, 0xBE, 0xAE,
    0xBE, 0xB6, 0x5D, 0xAE, 0xDC, 0xA5, 0xDC, 0x9D, 0xDC, 0x9D, 0x9B, 0x95, 0x1A, 0x85, 0x36, 0x6C,
    0x32, 0x53, 0x2D, 0x32, 0x6A, 0x21, 0xE8, 0x10, 0x08, 0x11, 0xE8, 0x10, 0xE7, 0x10, 0xC6, 0x08,
    0xA6, 0x08, 0xA6, 0x08, 0x85, 0x08, 0x85, 0x08, 0x85, 0x08, 0x84, 0x08, 0x64, 0x00, 0x64, 0x00,
    0x63, 0x00, 0x63, 0x00, 0x64, 0x00, 0x64, 0x00, 0x84, 0x08, 0x84, 0x08, 0x85, 0x08, 0x85, 0x08,
    0xA6, 0x08, 0xA6, 0x10, 0xC6, 0x10, 0xE7, 0x10, 0xE7, 0x10, 0xE8, 0x10, 0x08, 0x19, 0x8B, 0x29,
    0xD0, 0x5A, 0xD4, 0x83, 0xB8, 0xA4, 0x3B, 0xB5, 0x7C, 0xC5, 0x9D, 0xCD, 0x7D, 0xCD, 0x7C, 0xCD,
    0x5C, 0xC5, 0x5C, 0xC5, 0x5C, 0xC5, 0x7C, 0xC5, 0x5D, 0xD6, 0xFF, 0xDE, 0x1E, 0xD7, 0xFE, 0xCE,
    0xBD, 0xCE, 0x5D, 0xCE, 0x3C, 0xCE, 0x1C, 0xD6, 0x1C, 0xD6, 0x1C, 0xD6, 0x3C, 0xD6, 0x3C, 0xD6,
    0x3C, 0xCE, 0x5C, 0xCE, 0x7D, 0xCE, 0x7D, 0xC6, 0x9D, 0xC6, 0x9D, 0xC6, 0xBD, 0xC6, 0xBD, 0xBE,
    0x9C, 0xC6, 0x7C, 0xC6, 0x5C, 0xC6, 0x3C, 0xC6, 0x1C, 0xBE, 0x1C, 0xBE, 0xFC, 0xBD, 0xFC, 0xBD,
    0x1C, 0xBE, 0x5D, 0xC6, 0x7D, 0xC6, 0x7D, 0xCE, 0x9D, 0xD6, 0x9E, 0xD6, 0x9E, 0xDE, 0xBD, 0xE6,
    0xBD, 0xE6, 0xBD, 0xE6, 0xDE, 0xE6, 0xDE, 0xE6, 0xDE, 0xE6, 0xDE, 0xE6, 0xFE, 0xE6, 0xFE, 0xE6,
    0xFE, 0xE6, 0x1E, 0xE7, 0x1E, 0xEF, 0x1E, 0xE7, 0x1E, 0xE7, 0x1E, 0xE7, 0x1E, 0xE7, 0xFE, 0xE6,
    0xFE, 0xE6, 0xFE, 0xE6, 0xFE, 0xE6, 0xFE, 0xE6, 0xFD, 0xE6, 0xFD, 0xE6, 0x1D, 0xE7, 0x3D, 0xEF,
    0x7D, 0xF7, 0xBC, 0xFF, 0xFA, 0xFF, 0x75, 0xFF, 0x90, 0xEE, 0x4E, 0xEE, 0x2D, 0xEE, 0x6E, 0xEE,
    0x31, 0xFF, 0x95, 0xFF, 0x3A, 0xF7, 0xBB, 0xDE, 0x7B, 0xD6, 0x3B, 0xC6, 0xFB, 0xBD, 0xBB, 0xB5,
    0x9B, 0xAD, 0x7B, 0xAD, 0x5A, 0xA5, 0x5A, 0xA5, 0x5B, 0xA5, 0x5B, 0xA5, 0x7C, 0xA5, 0x5B, 0x9D,
    0x3B, 0x9D, 0x3A, 0x9D, 0x3A, 0xA5, 0x5A, 0xA5, 0xFB, 0xBD, 0x1E, 0xEF, 0xBA, 0xB5, 0x9A, 0xB5,
    0x9B, 0xB5, 0x7A, 0xB5, 0x5A, 0xB5, 0x3A, 0xB5, 0x3A, 0xB5, 0x1A, 0xB5, 0xFA, 0xB4, 0xFA, 0xB4,
    0xFB, 0xBC, 0x1B, 0xBD, 0x5B, 0xBD, 0x9C, 0xBD, 0xDD, 0xB5, 0x5D, 0xB6, 0x9D, 0xB6, 0xDE, 0xB6,
    0x7D, 0xAE, 0x9B, 0x95, 0x19, 0x85, 0xD8, 0x7C, 0x56, 0x6C, 0xB4, 0x5B, 0xD0, 0x4A, 0xED, 0x31,
    0x4A, 0x21, 0xE8, 0x10, 0xE8, 0x10, 0xE8, 0x10, 0xE7, 0x10, 0xC7, 0x08, 0xC6, 0x08, 0xA6, 0x08,
    0xA6, 0x08, 0x85, 0x08, 0x85, 0x08, 0x85, 0x08, 0x84, 0x08, 0x64, 0x00, 0x64, 0x00, 0x63, 0x00,
    0x63, 0x00, 0x63, 0x00, 0x63, 0x00, 0x63, 0x00, 0x64, 0x00, 0x84, 0x08, 0x84, 0x08, 0x85, 0x08,
    0x85, 0x08, 0xA6, 0x08, 0xA6, 0x10, 0xC6, 0x10, 0xC7, 0x10, 0xE7, 0x10, 0xE8, 0x10, 0xE8, 0x10,
    0x29, 0x19, 0xCC, 0x31, 0xD0, 0x52, 0xB4, 0x7B, 0x37, 0x94, 0xB9, 0xA4, 0xFA, 0xB4, 0x3B, 0xBD,
    0x5C, 0xC5, 0x7C, 0xC5, 0x7C, 0xC5, 0x7C, 0xC5, 0x1D, 0xCE, 0xBE, 0xD6, 0x1F, 0xD7, 0xFE, 0xCE,
    0xBE, 0xC6, 0x5D, 0xC6, 0x3C, 0xCE, 0x1C, 0xCE, 0xFC, 0xCD, 0xFC, 0xCD, 0xFC, 0xCD, 0xFC, 0xCD,
    0x1C, 0xCE, 0x1C, 0xCE, 0x3C, 0xC6, 0x3C, 0xC6, 0x5C, 0xC6, 0x5C, 0xC6, 0x5C, 0xBE, 0x5C, 0xBE,
    0x5C, 0xBE, 0x3C, 0xBE, 0x1C, 0xBE, 0xFC, 0xBD, 0xDC, 0xBD, 0xDB, 0xB5, 0xBB, 0xB5, 0xDB, 0xB5,
    0xFC, 0xB5, 0x1C, 0xBE, 0x5D, 0xBE, 0x5D, 0xC6, 0x7D, 0xCE, 0x7D, 0xD6, 0x7D, 0xDE, 0x7D, 0xDE,
    0x9D, 0xE6, 0x9D, 0xE6, 0x9D, 0xE6, 0xBD, 0xE6, 0xBD, 0xE6, 0xBD, 0xE6, 0xDE, 0xE6, 0xDE, 0xE6,
    0xFE, 0xE6, 0xFE, 0xE6, 0xFD, 0xE6, 0xFD, 0xE6, 0xFD, 0xE6, 0xFD, 0xE6, 0xFD, 0xE6, 0xDE, 0xDE,
    0xDD, 0xDE, 0xDD, 0xDE, 0xDD, 0xDE, 0xDD, 0xDE, 0xFD, 0xE6, 0xFD, 0xE6, 0x1D, 0xEF, 0x5C, 0xF7,
    0x9C, 0xFF, 0xF9, 0xFF, 0xF1, 0xF6, 0x0D, 0xE6, 0x32, 0xF7, 0xB4, 0xFF, 0xB4, 0xFF, 0x32, 0xFF,
    0x4E, 0xEE, 0xEF, 0xFE, 0x74, 0xFF, 0xFA, 0xEE, 0x7B, 0xD6, 0x3A, 0xCE, 0xFA, 0xBD, 0xBA, 0xB5,
    0x9A, 0xAD, 0x7A, 0xA5, 0x5A, 0xA5, 0x5A, 0x9D, 0x5B, 0xA5, 0x7B, 0xA5, 0x7C, 0xA5, 0x3B, 0x9D,
    0x1B, 0x9D, 0xFA, 0x9C, 0x1A, 0xA5, 0x3A, 0xA5, 0x5A, 0xAD, 0x7A, 0xB5, 0x5A, 0xB5, 0x5A, 0xB5,
    0x5A, 0xB5, 0x3A, 0xB5, 0x1A, 0xB5, 0x1A, 0xB5, 0xFA, 0xB4, 0xFA, 0xB4, 0xDA, 0xB4, 0xDA, 0xBC,
    0xFB, 0xBC, 0x1B, 0xBD, 0x5C, 0xBD, 0xBC, 0xB5, 0x1D, 0xB6, 0x7D, 0xB6, 0xDE, 0xB6, 0x7D, 0xAE,
    0xD8, 0x84, 0x52, 0x53, 0xD0, 0x42, 0x6F, 0x3A, 0xED, 0x31, 0x8B, 0x21, 0x2A, 0x19, 0x09, 0x19,
    0x08, 0x19, 0xE8, 0x10, 0xE8, 0x10, 0xE7, 0x10, 0xC7, 0x10, 0xA6, 0x10, 0xA6, 0x08, 0xA6, 0x08,
    0x85, 0x08, 0x85, 0x08, 0x84, 0x08, 0x64, 0x08, 0x64, 0x00, 0x64, 0x00, 0x63, 0x00, 0x43, 0x00,
    0x43, 0x00, 0x43, 0x00, 0x63, 0x00, 0x63, 0x00, 0x64, 0x00, 0x64, 0x00, 0x64, 0x08, 0x84, 0x08,
    0x85, 0x08, 0x85, 0x08, 0xA6, 0x08, 0xA6, 0x10, 0xA6, 0x10, 0xC7, 0x10, 0xC7, 0x10, 0xE8, 0x10,
    0xE8, 0x10, 0xE8, 0x10, 0x09, 0x19, 0x8B, 0x29, 0x2E, 0x42, 0xB0, 0x5A, 0x33, 0x6B, 0xD5, 0x83,
    0x37, 0x94, 0x98, 0x9C, 0xB9, 0xA4, 0xD9, 0xA4, 0x3B, 0xB5, 0x3D, 0xCE, 0xFF, 0xD6, 0xFE, 0xCE,
    0xBE, 0xC6, 0x7D, 0xC6, 0x3C, 0xC6, 0x1C, 0xC6, 0xFC, 0xC5, 0xDB, 0xCD, 0xDB, 0xCD, 0xDB, 0xCD,
    0xDB, 0xCD, 0xDB, 0xCD, 0xDB, 0xC5, 0xFB, 0xC5, 0xFC, 0xC5, 0xFC, 0xBD, 0xFC, 0xBD, 0xFC, 0xBD,
    0xFC, 0xBD, 0xDB, 0xBD, 0xBB, 0xBD, 0x9B, 0xBD, 0x7B, 0xB5, 0x7B, 0xB5, 0x7B, 0xB5, 0x9B, 0xAD,
    0xBB, 0xAD, 0xFC, 0xB5, 0x3C, 0xB6, 0x3D, 0xBE, 0x5D, 0xC6, 0x5D, 0xCE, 0x5D, 0xD6, 0x5D, 0xDE,
    0x5D, 0xDE, 0x7D, 0xE6, 0x7D, 0xE6, 0x9D, 0xE6, 0x9D, 0xE6, 0x9D, 0xE6, 0xBD, 0xE6, 0xBD, 0xE6,
    0xDD, 0xE6, 0xDD, 0xE6, 0xDD, 0xE6, 0xDD, 0xE6, 0xDD, 0xE6, 0xDD, 0xDE, 0xDD, 0xDE, 0xBD, 0xDE,
    0xBD, 0xDE, 0xBD, 0xDE, 0xBD, 0xDE, 0xBD, 0xDE, 0xDD, 0xE6, 0xFD, 0xE6, 0x1C, 0xEF, 0x5C, 0xF7,
    0xDA, 0xFF, 0x53, 0xF7, 0x2D, 0xEE, 0xB3, 0xFF, 0xD4, 0xFF, 0x93, 0xFF, 0x73, 0xFF, 0x73, 0xFF,
    0x51, 0xFF, 0x8E, 0xF6, 0x51, 0xFF, 0xF7, 0xF6, 0x9B, 0xDE, 0x1A, 0xCE, 0xDA, 0xBD, 0x9A, 0xB5,
    0x7A, 0xAD, 0x5A, 0xA5, 0x5A, 0x9D, 0x5A, 0x9D, 0x5B, 0xA5, 0x5C, 0xAD, 0x5C, 0xAD, 0x3B, 0x9D,
    0xFB, 0x9C, 0xFA, 0x9C, 0xFA, 0xA4, 0x1A, 0xAD, 0x1A, 0xAD, 0x1A, 0xB5, 0x1A, 0xB5, 0x1A, 0xB5,
    0x1A, 0xBD, 0x1A, 0xBD, 0xFA, 0xBC, 0xDA, 0xBC, 0xDA, 0xB4, 0xDA, 0xB4, 0xDB, 0xBC, 0xFB, 0xBC,
    0x1B, 0xBD, 0x3C, 0xBD, 0x9C, 0xB5, 0xDD, 0xB5, 0x3D, 0xB6, 0x9D, 0xB6, 0xBE, 0xB6, 0x5A, 0x95,
    0xF0, 0x4A, 0x4B, 0x21, 0x4A, 0x19, 0x2A, 0x19, 0x2A, 0x19, 0x09, 0x19, 0x09, 0x19, 0x08, 0x19,
    0xE8, 0x10, 0xE7, 0x10, 0xC7, 0x10, 0xA6, 0x10, 0xA6, 0x10, 0xA6, 0x08, 0xA5, 0x08, 0x85, 0x08,
    0x85, 0x08, 0x84, 0x08, 0x64, 0x08, 0x64, 0x00, 0x64, 0x00, 0x64, 0x00, 0x63, 0x00, 0x63, 0x00,
    0x43, 0x00, 0x43, 0x00, 0x43, 0x00, 0x63, 0x00, 0x63, 0x00, 0x64, 0x00, 0x64, 0x00, 0x64, 0x08,
    0x64, 0x08, 0x85, 0x08, 0x85, 0x08, 0x85, 0x08, 0xA6, 0x08, 0xA6, 0x10, 0xC6, 0x10, 0xC7, 0x10,
    0xC7, 0x10, 0xE8, 0x10, 0xE8, 0x10, 0xE8, 0x10, 0xE8, 0x10, 0x09, 0x19, 0x4B, 0x21, 0xAC, 0x31,
    0x0E, 0x3A, 0x2F, 0x42, 0x4F, 0x4A, 0x6F, 0x4A, 0xB1, 0x52, 0x36, 0x84, 0xFC, 0xB5, 0xFE, 0xCE,
    0xDE, 0xC6, 0x9D, 0xBE, 0x5D, 0xBE, 0x1C, 0xBE, 0xFC, 0xBD, 0xDC, 0xC5, 0xBB, 0xC5, 0x9B, 0xC5,
    0x9B, 0xC5, 0x9B, 0xC5, 0x9B, 0xC5, 0x9B, 0xC5, 0x9B, 0xC5, 0xBB, 0xC5, 0x9B, 0xBD, 0x9B, 0xBD,
    0x9B, 0xBD, 0x7B, 0xBD, 0x5B, 0xBD, 0x5B, 0xB5, 0x3B, 0xB5, 0x3B, 0xB5, 0x3A, 0xAD, 0x5B, 0xAD,
    0x7B, 0xAD, 0xDC, 0xAD, 0xFC, 0xB5, 0x1C, 0xB6, 0x3C, 0xBE, 0x3C, 0xC6, 0x3D, 0xCE, 0x3D, 0xD6,
    0x3D, 0xDE, 0x5D, 0xDE, 0x5D, 0xDE, 0x7D, 0xDE, 0x7D, 0xE6, 0x7D, 0xDE, 0x9D, 0xE6, 0x9D, 0xE6,
    0xBD, 0xE6, 0xBD, 0xE6, 0xBD, 0xDE, 0xBD, 0xDE, 0xBD, 0xDE, 0x9D, 0xDE, 0x9D, 0xDE, 0x9D, 0xDE,
    0x9D, 0xDE, 0x9D, 0xDE, 0x9D, 0xDE, 0x9D, 0xDE, 0xBC, 0xE6, 0xDC, 0xE6, 0x1C, 0xEF, 0x7B, 0xFF,
    0xD6, 0xFF, 0x4E, 0xEE, 0x31, 0xFF, 0x72, 0xFF, 0x52, 0xFF, 0x52, 0xFF, 0x52, 0xFF, 0x51, 0xFF,
    0x51, 0xFF, 0x10, 0xFF, 0x51, 0xFF, 0xB3, 0xF6, 0x9A, 0xE6, 0x1A, 0xCE, 0xDA, 0xBD, 0x9A, 0xB5,
    0x7A, 0xA5, 0x5A, 0xA5, 0x5A, 0x9D, 0x5B, 0xA5, 0x7C, 0xAD, 0xFE, 0xCD, 0xBD, 0xC5, 0x1C, 0xA5,
    0xFB, 0x9C, 0xDA, 0x9C, 0xDA, 0xA4, 0xFA, 0xAC, 0xFA, 0xAC, 0xFA, 0xB4, 0xFA, 0xB4, 0xFA, 0xBC,
    0xFA, 0xBC, 0xDA, 0xBC, 0xDA, 0xBC, 0xDA, 0xBC, 0xDB, 0xBC, 0xDB, 0xBC, 0xFB, 0xBC, 0x1C, 0xBD,
    0x3C, 0xBD, 0x7C, 0xB5, 0xBC, 0xB5, 0x1D, 0xB6, 0x7D, 0xAE, 0xBE, 0xB6, 0xFC, 0xA5, 0x15, 0x74,
    0xCC, 0x29, 0x4A, 0x19, 0x4A, 0x19, 0x29, 0x19, 0x09, 0x19, 0x09, 0x19, 0x08, 0x11, 0xE8, 0x10,
    0xC7, 0x10, 0xC7, 0x10, 0xA6, 0x10, 0xA6, 0x08, 0xA6, 0x08, 0x85, 0x08, 0x85, 0x08, 0x85, 0x08,
    0x84, 0x08, 0x64, 0x08, 0x64, 0x00, 0x44, 0x00, 0x63, 0x00, 0x43, 0x00, 0x43, 0x00, 0x43, 0x00,
    0x43, 0x00, 0x43, 0x00, 0x43, 0x00, 0x63, 0x00, 0x63, 0x00, 0x63, 0x00, 0x63, 0x00, 0x64, 0x08,
    0x64, 0x08, 0x84, 0x08, 0x85, 0x08, 0x85, 0x08, 0x85, 0x08, 0xA6, 0x08, 0xA6, 0x08, 0xA6, 0x10,
    0xC6, 0x10, 0xC7, 0x10, 0xC7, 0x10, 0xE8, 0x10, 0xE8, 0x10, 0x08, 0x19, 0x09, 0x19, 0x09, 0x19,
    0x0A, 0x19, 0x2A, 0x19, 0x2A, 0x19, 0x4A, 0x19, 0x4B, 0x21, 0x6F, 0x4A, 0xB7, 0x94, 0x7D, 0xC6,
    0xDE, 0xC6, 0x9D, 0xBE, 0x5D, 0xBE, 0x3C, 0xB6, 0xFC, 0xBD, 0xDC, 0xBD, 0xBB, 0xBD, 0x9B, 0xC5,
    0x7B, 0xC5, 0x5B, 0xC5, 0x7B, 0xC5, 0x5B, 0xC5, 0x5B, 0xC5, 0x5B, 0xC5, 0x5B, 0xBD, 0x5B, 0xBD,
    0x3B, 0xBD, 0x3B, 0xBD, 0x1A, 0xBD, 0x1A, 0xBD, 0x1A, 0xB5, 0x1A, 0xB5, 0x1A, 0xAD, 0x1A, 0xAD,
    0x5B, 0xA5, 0x9B, 0xA5, 0xFC, 0xAD, 0x1C, 0xAE, 0x1C, 0xB6, 0xFC, 0xBD, 0x1C, 0xC6, 0x1D, 0xCE,
    0x3D, 0xD6, 0x3D, 0xDE, 0x3D, 0xDE, 0x5D, 0xDE, 0x5D, 0xDE, 0x5D, 0xDE, 0x7C, 0xDE, 0x7D, 0xDE,
    0x9D, 0xDE, 0x9D, 0xDE, 0x9D, 0xDE, 0x9C, 0xDE, 0x9C, 0xDE, 0x7C, 0xD6, 0x7C, 0xD6, 0x7C, 0xD6,
    0x7C, 0xD6, 0x7C, 0xD6, 0x7C, 0xD6, 0x7C, 0xDE, 0x9C, 0xE6, 0xDC, 0xE6, 0x1C, 0xEF, 0x9A, 0xFF,
    0x52, 0xFF, 0x2D, 0xEE, 0x31, 0xFF, 0x10, 0xFF, 0x30, 0xFF, 0x30, 0xFF, 0x30, 0xFF, 0x50, 0xFF,
    0x50, 0xFF, 0x50, 0xFF, 0x91, 0xFF, 0x71, 0xF6, 0x79, 0xE6, 0x1A, 0xCE, 0xB9, 0xBD, 0x7A, 0xAD,
    0x5A, 0xA5, 0x5A, 0xA5, 0x5B, 0xA5, 0x7C, 0xA5, 0x7D, 0xB5, 0xFE, 0xCD, 0xBD, 0xC5, 0x1B, 0x9D,
    0xDB, 0x9C, 0xBA, 0x9C, 0xDA, 0xA4, 0xBA, 0xAC, 0xDA, 0xB4, 0xDA, 0xB4, 0xDA, 0xBC, 0xDA, 0xBC,
    0xDA, 0xC4, 0xBA, 0xC4, 0xBA, 0xC4, 0xBB, 0xC4, 0xBB, 0xC4, 0xDB, 0xBC, 0xFC, 0xBC, 0x3C, 0xBD,
    0x5C, 0xB5, 0x9C, 0xB5, 0xDD, 0xB5, 0x5D, 0xAE, 0x9E, 0xAE, 0x3C, 0xA6, 0xB7, 0x84, 0x8F, 0x42,
    0x4A, 0x19, 0x4A, 0x19, 0x29, 0x19, 0x09, 0x19, 0x08, 0x11, 0xE8, 0x10, 0xE7, 0x10, 0xC7, 0x10,
    0xC7, 0x10, 0xA6, 0x10, 0xA6, 0x08, 0x86, 0x08, 0x85, 0x08, 0x85, 0x08, 0x85, 0x08, 0x84, 0x08,
    0x64, 0x00, 0x64, 0x00, 0x44, 0x00, 0x63, 0x00, 0x63, 0x00, 0x63, 0x00, 0x43, 0x00, 0x43, 0x00,
    0x43, 0x00, 0x43, 0x00, 0x43, 0x00, 0x43, 0x00, 0x63, 0x00, 0x63, 0x00, 0x63, 0x00, 0x64, 0x00,
    0x64, 0x00, 0x64, 0x08, 0x84, 0x08, 0x84, 0x08, 0x85, 0x08, 0x85, 0x08, 0xA5, 0x08, 0xA6, 0x08,
    0xA6, 0x10, 0xA6, 0x10, 0xC6, 0x10, 0xC7, 0x10, 0xC7, 0x10, 0xE8, 0x10, 0xE8, 0x10, 0x09, 0x19,
    0x09, 0x19, 0x29, 0x19, 0x2A, 0x21, 0x4A, 0x21, 0x4B, 0x21, 0xAC, 0x29, 0x52, 0x6B, 0x39, 0xA5,
    0x9E, 0xC6, 0xBE, 0xC6, 0x7D, 0xBE, 0x3D, 0xB6, 0x1C, 0xB6, 0xDC, 0xB5, 0xBB, 0xBD, 0x7B, 0xBD,
    0x5B, 0xBD, 0x5B, 0xC5, 0x3B, 0xC5, 0x3B, 0xC5, 0x3B, 0xC5, 0x3B, 0xC5, 0x1B, 0xC5, 0x1B, 0xC5,
    0x1A, 0xC5, 0xFB, 0xBC, 0xFA, 0xBC, 0xFA, 0xBC, 0xFA, 0xB4, 0xFA, 0xB4, 0xFA, 0xAC, 0x1A, 0xAD,
    0x1A, 0xA5, 0x5B, 0xA5, 0xBC, 0xA5, 0xFC, 0xAD, 0xFC, 0xAD, 0xFC, 0xB5, 0xFC, 0xBD, 0xFC, 0xCD,
    0x1C, 0xCE, 0x1D, 0xD6, 0x1C, 0xD6, 0x3C, 0xDE, 0x3D, 0xDE, 0x5C, 0xDE, 0x5C, 0xDE, 0x5C, 0xDE,
    0x5C, 0xDE, 0x5C, 0xDE, 0x5C, 0xDE, 0x5C, 0xDE, 0x5C, 0xD6, 0x5C, 0xD6, 0x5C, 0xD6, 0x5C, 0xD6,
    0x5C, 0xD6, 0x5C, 0xD6, 0x5C, 0xD6, 0x7C, 0xDE, 0x7C, 0xDE, 0xBB, 0xE6, 0xFB, 0xEE, 0x78, 0xFF,
    0x10, 0xFF, 0x0C, 0xF6, 0xAF, 0xFE, 0xCF, 0xFE, 0xCF, 0xFE, 0xEF, 0xFE, 0x0F, 0xFF, 0x4F, 0xFF,
    0x90, 0xFF, 0xB3, 0xFF, 0xB2, 0xFF, 0x10, 0xF6, 0x79, 0xE6, 0xF9, 0xCD, 0x99, 0xBD, 0x7A, 0xAD,
    0x5A, 0xA5, 0x5A, 0xA5, 0x5B, 0xA5, 0x7C, 0xAD, 0x7D, 0xB5, 0x7D, 0xBD, 0x5D, 0xAD, 0xFB, 0x9C,
    0xBB, 0x9C, 0xBA, 0xA4, 0xBA, 0xA4, 0xBA, 0xAC, 0xBA, 0xB4, 0xBA, 0xBC, 0xBA, 0xBC, 0xBA, 0xC4,
    0xBA, 0xC4, 0xBA, 0xC4, 0xBB, 0xC4, 0xBB, 0xC4, 0xDB, 0xC4, 0xFC, 0xBC, 0x1C, 0xBD, 0x5C, 0xBD,
    0x7C, 0xB5, 0xDD, 0xB5, 0x3D, 0xB6, 0x9E, 0xAE, 0x5D, 0xAE, 0xF8, 0x8C, 0xF0, 0x52, 0x6B, 0x21,
    0x2A, 0x19, 0x29, 0x19, 0x09, 0x19, 0xE8, 0x10, 0xE8, 0x10, 0xC7, 0x10, 0xC7, 0x10, 0xC6, 0x08,
    0xA6, 0x10, 0xA6, 0x08, 0x85, 0x08, 0x85, 0x08, 0x85, 0x08, 0x84, 0x08, 0x64, 0x08, 0x64, 0x00,
    0x64, 0x00, 0x64, 0x00, 0x43, 0x00, 0x63, 0x00, 0x43, 0x00, 0x43, 0x00, 0x43, 0x00, 0x43, 0x00,
    0x43, 0x00, 0x43, 0x00, 0x43, 0x00, 0x43, 0x00, 0x43, 0x00, 0x43, 0x00, 0x63, 0x00, 0x63, 0x00,
    0x64, 0x00, 0x64, 0x00, 0x64, 0x08, 0x84, 0x08, 0x84, 0x08, 0x85, 0x08, 0x85, 0x08, 0x85, 0x08,
    0x86, 0x08, 0xA6, 0x08, 0xA6, 0x10, 0xA6, 0x10, 0xC7, 0x10, 0xC7, 0x10, 0xE7, 0x10, 0xE8, 0x10,
    0xE8, 0x10, 0x09, 0x19, 0x09, 0x19, 0x2A, 0x19, 0x4A, 0x21, 0x4B, 0x21, 0x0D, 0x3A, 0xD4, 0x7B,
    0x7A, 0xAD, 0x7D, 0xBE, 0x7D, 0xBE, 0x5D, 0xB6, 0x3C, 0xB6, 0xFC, 0xB5, 0xBC, 0xB5, 0x9B, 0xB5,
    0x7B, 0xBD, 0x5B, 0xBD, 0x3B, 0xC5, 0x3B, 0xC5, 0x1B, 0xC5, 0x1B, 0xC5, 0xFB, 0xC4, 0xFB, 0xC4,
    0xDB, 0xC4, 0xDB, 0xC4, 0xDA, 0xBC, 0xDB, 0xBC, 0xDA, 0xBC, 0xDA, 0xB4, 0xDA, 0xAC, 0xFA, 0xAC,
    0xFA, 0xA4, 0x3B, 0xA5, 0x9B, 0xA5, 0xDC, 0xA5, 0xFC, 0xAD, 0xFC, 0xAD, 0xDC, 0xB5, 0xFC, 0xBD,
    0xFC, 0xC5, 0x1C, 0xCE, 0x1C, 0xD6, 0x1C, 0xD6, 0x1C, 0xD6, 0x3C, 0xD6, 0x3C, 0xD6, 0x3C, 0xD6,
    0x3C, 0xD6, 0x3C, 0xD6, 0x3C, 0xD6, 0x3C, 0xD6, 0x3C, 0xD6, 0x3C, 0xD6, 0x3C, 0xD6, 0x3B, 0xCE,
    0x1C, 0xCE, 0x1C, 0xCE, 0x3B, 0xD6, 0x3B, 0xD6, 0x5B, 0xDE, 0x9B, 0xDE, 0xDB, 0xEE, 0x18, 0xF7,
    0xF0, 0xFE, 0x2C, 0xF6, 0x2C, 0xFE, 0x6C, 0xFE, 0xAD, 0xFE, 0xEE, 0xFE, 0x2E, 0xFF, 0x8F, 0xFF,
    0xD4, 0xFF, 0xF7, 0xFF, 0x52, 0xFF, 0x12, 0xF6, 0x7A, 0xE6, 0xD9, 0xC5, 0x99, 0xB5, 0x5A, 0xAD,
    0x3A, 0xA5, 0x5B, 0xA5, 0x7C, 0xAD, 0x7D, 0xB5, 0x7D, 0xB5, 0x7D, 0xBD, 0x3C, 0xAD, 0xDB, 0x9C,
    0xBB, 0x9C, 0xBB, 0xA4, 0x9A, 0xA4, 0x9A, 0xAC, 0x9A, 0xB4, 0x9A, 0xBC, 0xBA, 0xBC, 0xBA, 0xC4,
    0xBB, 0xC4, 0xBB, 0xC4, 0xBB, 0xC4, 0xDB, 0xC4, 0xFC, 0xC4, 0x1C, 0xBD, 0x3C, 0xBD, 0x9C, 0xB5,
    0xDD, 0xB5, 0x1D, 0xB6, 0x7E, 0xB6, 0x3D, 0xAE, 0x19, 0x8D, 0x52, 0x5B, 0x8B, 0x21, 0x09, 0x19,
    0x09, 0x19, 0x08, 0x11, 0xE8, 0x10, 0xC8, 0x10, 0xC7, 0x10, 0xC7, 0x10, 0xA6, 0x10, 0xA6, 0x08,
    0xA6, 0x08, 0x85, 0x08, 0x85, 0x08, 0x85, 0x08, 0x84, 0x08, 0x64, 0x00, 0x64, 0x00, 0x64, 0x00,
    0x64, 0x00, 0x63, 0x00, 0x63, 0x00, 0x43, 0x00, 0x43, 0x00, 0x43, 0x00, 0x43, 0x00, 0x43, 0x00,
    0x43, 0x00, 0x43, 0x00, 0x43, 0x00, 0x43, 0x00, 0x43, 0x00, 0x43, 0x00, 0x43, 0x00, 0x43, 0x00,
    0x43, 0x00, 0x63, 0x00, 0x64, 0x00, 0x64, 0x00, 0x64, 0x08, 0x84, 0x08, 0x84, 0x08, 0x85, 0x08,
    0x85, 0x08, 0x85, 0x08, 0x86, 0x08, 0xA6, 0x08, 0xA6, 0x08, 0xA6, 0x10, 0xC6, 0x10, 0xC7, 0x10,
    0xC7, 0x10, 0xE8, 0x10, 0x08, 0x11, 0x09, 0x19, 0x29, 0x19, 0x4A, 0x21, 0x4B, 0x21, 0x4E, 0x42,
    0x15, 0x7C, 0x7A, 0xA5, 0x5D, 0xB6, 0x7D, 0xB6, 0x3C, 0xB6, 0x1C, 0xB6, 0xDC, 0xB5, 0xBC, 0xB5,
    0x9B, 0xB5, 0x5C, 0xBD, 0x3B, 0xBD, 0x1B, 0xC5, 0xFB, 0xC4, 0xFB, 0xC4, 0xDB, 0xC4, 0xDB, 0xC4,
    0xDB, 0xC4, 0xDB, 0xC4, 0xDA, 0xC4, 0xDB, 0xBC, 0xDB, 0xBC, 0xDB, 0xB4, 0xDA, 0xAC, 0xDA, 0xAC,
    0xFA, 0xA4, 0x1B, 0xA5, 0x7B, 0xA5, 0xBC, 0xA5, 0xFC, 0xA5, 0xFB, 0xAD, 0xDB, 0xAD, 0xDC, 0xB5,
    0xFC, 0xBD, 0xFC, 0xC5, 0xFC, 0xCD, 0xFC, 0xCD, 0xFC, 0xD5, 0xFC, 0xD5, 0x1C, 0xD6, 0x1C, 0xD6,
    0x1C, 0xD6, 0x1C, 0xD6, 0x1C, 0xD6, 0x1C, 0xD6, 0x1B, 0xCE, 0xFB, 0xCD, 0xFB, 0xCD, 0xFB, 0xCD,
    0xFB, 0xCD, 0xFB, 0xCD, 0xFB, 0xCD, 0x1B, 0xCE, 0x1B, 0xD6, 0x5A, 0xDE, 0x7A, 0xE6, 0xDA, 0xF6,
    0xB1, 0xFE, 0xAE, 0xFE, 0x2B, 0xFE, 0xEA, 0xFD, 0x4B, 0xFE, 0xAC, 0xFE, 0x4E, 0xFF, 0xD4, 0xFF,
    0xFA, 0xFF, 0xF7, 0xFF, 0xF1, 0xFE, 0xB7, 0xF6, 0x3A, 0xDE, 0xB9, 0xC5, 0x7A, 0xB5, 0x3A, 0xAD,
    0x5B, 0xA5, 0x5C, 0xAD, 0x7D, 0xAD, 0x7D, 0xB5, 0x7D, 0xBD, 0x7D, 0xB5, 0x3C, 0xA5, 0xFB, 0x9C,
    0xDB, 0x9C, 0xBB, 0xA4, 0xBA, 0xAC, 0xBB, 0xAC, 0x9B, 0xB4, 0x9B, 0xBC, 0xBB, 0xC4, 0xBB, 0xC4,
    0xBB, 0xC4, 0xBB, 0xC4, 0xDC, 0xC4, 0xFC, 0xC4, 0x1C, 0xBD, 0x5C, 0xBD, 0x7C, 0xB5, 0xDD, 0xB5,
    0x1D, 0xB6, 0x5D, 0xB6, 0x1C, 0xA6, 0xF8, 0x8C, 0x92, 0x63, 0xAB, 0x29, 0x09, 0x19, 0x09, 0x19,
    0xE8, 0x10, 0xE8, 0x10, 0xE7, 0x10, 0xC7, 0x10, 0xA6, 0x10, 0xA6, 0x08, 0xA6, 0x08, 0x85, 0x08,
    0x85, 0x08, 0x85, 0x08, 0x84, 0x08, 0x84, 0x08, 0x64, 0x00, 0x64, 0x00, 0x63, 0x00, 0x63, 0x00,
    0x63, 0x00, 0x43, 0x00, 0x43, 0x00, 0x43, 0x00, 0x43, 0x00, 0x43, 0x00, 0x43, 0x00, 0x43, 0x00,
    0x43, 0x00, 0x43, 0x00, 0x43, 0x00, 0x43, 0x00, 0x43, 0x00, 0x43, 0x00, 0x43, 0x00, 0x43, 0x00,
    0x63, 0x00, 0x63, 0x00, 0x63, 0x00, 0x63, 0x00, 0x64, 0x00, 0x64, 0x00, 0x64, 0x08, 0x84, 0x08,
    0x64, 0x08, 0x85, 0x08, 0x85, 0x08, 0x85, 0x08, 0x86, 0x08, 0xA6, 0x08, 0xA6, 0x08, 0xA6, 0x08,
    0xC7, 0x10, 0xC7, 0x10, 0xE8, 0x10, 0xE8, 0x10, 0x09, 0x19, 0x29, 0x19, 0x2A, 0x19, 0x4A, 0x21,
    0x4E, 0x42, 0x14, 0x7C, 0x59, 0xA5, 0x3C, 0xB6, 0x5D, 0xB6, 0x1C, 0xB6, 0xFC, 0xB5, 0xDC, 0xB5,
    0xBC, 0xB5, 0x7C, 0xBD, 0x5C, 0xBD, 0x3B, 0xBD, 0x1B, 0xC5, 0xFB, 0xC4, 0xFB, 0xC4, 0xDB, 0xC4,
    0xDB, 0xC4, 0xDB, 0xC4, 0xDB, 0xC4, 0xBB, 0xBC, 0xDB, 0xBC, 0xDB, 0xB4, 0xDB, 0xAC, 0xDB, 0xAC,
    0xFB, 0xA4, 0x1B, 0xA5, 0x5B, 0xA5, 0xBC, 0xA5, 0xDC, 0xA5, 0xFC, 0xA5, 0xFB, 0xA5, 0xDB, 0xAD,
    0xDB, 0xB5, 0xDC, 0xBD, 0xFC, 0xC5, 0xFB, 0xC5, 0xFC, 0xCD, 0xFC, 0xCD, 0xFC, 0xCD, 0xFC, 0xCD,
    0xFB, 0xCD, 0xFC, 0xCD, 0xFC, 0xCD, 0xDB, 0xCD, 0xDB, 0xCD, 0xDB, 0xCD, 0xDB, 0xCD, 0xDB, 0xCD,
    0xDB, 0xC5, 0xBB, 0xC5, 0xDB, 0xC5, 0xDB, 0xCD, 0xDA, 0xCD, 0xFA, 0xD5, 0x3A, 0xDE, 0x9A, 0xEE,
    0x75, 0xF6, 0x4D, 0xFE, 0xCD, 0xFE, 0x8D, 0xFE, 0x6D, 0xFE, 0xCF, 0xFE, 0x93, 0xFF, 0xF9, 0xFF,
    0xF8, 0xFF, 0xF0, 0xF6, 0x94, 0xFE, 0x9A, 0xEE, 0xFA, 0xD5, 0x9A, 0xC5, 0x5A, 0xB5, 0x5B, 0xAD,
    0x5C, 0xAD, 0x7C, 0xAD, 0x7D, 0xB5, 0x7E, 0xBD, 0x7E, 0xBD, 0x5D, 0xB5, 0x1C, 0xA5, 0xFB, 0xA4,
    0xDB, 0xA4, 0xDB, 0xA4, 0xDB, 0xAC, 0xBB, 0xB4, 0xBB, 0xB4, 0xBB, 0xBC, 0xBB, 0xBC, 0xDB, 0xC4,
    0xDB, 0xC4, 0xDC, 0xC4, 0xFC, 0xC4, 0x1C, 0xBD, 0x5C, 0xBD, 0x9C, 0xBD, 0xBD, 0xB5, 0xFD, 0xB5,
    0x1D, 0xB6, 0x9B, 0xA5, 0x97, 0x84, 0x72, 0x5B, 0xCC, 0x29, 0x09, 0x11, 0x08, 0x11, 0xE8, 0x10,
    0xE8, 0x10, 0xC7, 0x10, 0xC7, 0x10, 0xA6, 0x10, 0xA6, 0x08, 0x86, 0x08, 0x85, 0x08, 0x85, 0x08,
    0x85, 0x08, 0x84, 0x08, 0x64, 0x00, 0x64, 0x00, 0x64, 0x00, 0x63, 0x00, 0x63, 0x00, 0x63, 0x00,
    0x63, 0x00, 0x43, 0x00, 0x43, 0x00, 0x43, 0x00, 0x43, 0x00, 0x43, 0x00, 0x43, 0x00, 0x43, 0x00,
    0x43, 0x00, 0x43, 0x00, 0x43, 0x00, 0x43, 0x00, 0x43, 0x00, 0x43, 0x00, 0x43, 0x00, 0x43, 0x00,
    0x43, 0x00, 0x63, 0x00, 0x63, 0x00, 0x63, 0x00, 0x63, 0x00, 0x64, 0x00, 0x64, 0x00, 0x64, 0x00,
    0x64, 0x08, 0x84, 0x08, 0x84, 0x08, 0x85, 0x08, 0x85, 0x08, 0x85, 0x08, 0x85, 0x08, 0xA6, 0x08,
    0xA6, 0x08, 0xC6, 0x08, 0xC7, 0x10, 0xE7, 0x10, 0xE8, 0x10, 0x08, 0x11, 0x09, 0x19, 0x29, 0x19,
    0x2A, 0x19, 0x4E, 0x42, 0xD4, 0x73, 0x19, 0x9D, 0xFC, 0xAD, 0x3D, 0xB6, 0x1D, 0xB6, 0xFC, 0xB5,
    0xDC, 0xB5, 0xBC, 0xB5, 0x7C, 0xBD, 0x5C, 0xBD, 0x3C, 0xC5, 0xFB, 0xC4, 0xFB, 0xC4, 0xDB, 0xC4,
    0xDB, 0xC4, 0xDB, 0xC4, 0xDB, 0xC4, 0xDB, 0xBC, 0xDB, 0xB4, 0xFB, 0xB4, 0xFB, 0xAC, 0xFB, 0xAC,
    0x1B, 0xAD, 0x1B, 0xA5, 0x3B, 0xA5, 0x7C, 0xA5, 0xDC, 0xA5, 0xFC, 0xA5, 0x1C, 0xA6, 0xFB, 0xA5,
    0xFB, 0xA5, 0xDB, 0xAD, 0xDB, 0xB5, 0xDB, 0xBD, 0xDB, 0xBD, 0xDB, 0xC5, 0xDB, 0xC5, 0xDB, 0xC5,
    0xDB, 0xC5, 0xDB, 0xCD, 0xDB, 0xC5, 0xBB, 0xC5, 0xBB, 0xC5, 0xBB, 0xC5, 0x9B, 0xC5, 0x9B, 0xC5,
    0x9B, 0xC5, 0x9B, 0xC5, 0x9B, 0xC5, 0x9A, 0xC5, 0x9A, 0xCD, 0xBA, 0xCD, 0xDA, 0xD5, 0x1A, 0xDE,
    0x79, 0xEE, 0xF2, 0xF5, 0xEC, 0xF5, 0x8D, 0xFE, 0x10, 0xFF, 0x31, 0xFF, 0x52, 0xFF, 0xF1, 0xF6,
    0xCE, 0xF5, 0x12, 0xF6, 0xBA, 0xF6, 0x1A, 0xDE, 0xBA, 0xCD, 0x9B, 0xBD, 0x5B, 0xB5, 0x7C, 0xB5,
    0x7C, 0xB5, 0x7D, 0xB5, 0x7D, 0xBD, 0x7E, 0xBD, 0x7D, 0xBD, 0x3C, 0xAD, 0x1C, 0xA5, 0x1C, 0xA5,
    0xFC, 0xAC, 0xFC, 0xAC, 0xFC, 0xAC, 0xFB, 0xB4, 0xDC, 0xB4, 0xDB, 0xBC, 0xFC, 0xBC, 0xFC, 0xBC,
    0xFC, 0xBC, 0x1C, 0xBD, 0x3C, 0xBD, 0x7C, 0xBD, 0x9D, 0xBD, 0xDD, 0xBD, 0xDD, 0xB5, 0x9C, 0xAD,
    0xF9, 0x94, 0xF4, 0x73, 0xAF, 0x4A, 0x6A, 0x21, 0x09, 0x11, 0x08, 0x11, 0xE8, 0x10, 0xE7, 0x10,
    0xC7, 0x10, 0xC6, 0x10, 0xA6, 0x10, 0xA6, 0x08, 0x86, 0x08, 0x85, 0x08, 0x85, 0x08, 0x84, 0x08,
    0x64, 0x08, 0x64, 0x00, 0x64, 0x00, 0x63, 0x00, 0x63, 0x00, 0x63, 0x00, 0x43, 0x00, 0x43, 0x00,
    0x43, 0x00, 0x43, 0x00, 0x43, 0x00, 0x43, 0x00, 0x43, 0x00, 0x43, 0x00, 0x43, 0x00, 0x43, 0x00,
    0x43, 0x00, 0x43, 0x00, 0x43, 0x00, 0x43, 0x00, 0x43, 0x00, 0x43, 0x00, 0x43, 0x00, 0x43, 0x00,
    0x43, 0x00, 0x43, 0x00, 0x63, 0x00, 0x63, 0x00, 0x63, 0x00, 0x63, 0x00, 0x63, 0x00, 0x63, 0x00,
    0x64, 0x00, 0x64, 0x00, 0x64, 0x08, 0x64, 0x08, 0x84, 0x08, 0x85, 0x08, 0x85, 0x08, 0x85, 0x08,
    0xA6, 0x08, 0xA6, 0x08, 0xA6, 0x10, 0xC7, 0x10, 0xE7, 0x10, 0xE8, 0x10, 0xE8, 0x10, 0x08, 0x19,
    0x09, 0x19, 0x29, 0x19, 0xEC, 0x31, 0x72, 0x63, 0xB7, 0x8C, 0x9A, 0xA5, 0xFC, 0xB5, 0x1D, 0xBE,
    0xFD, 0xB5, 0xDC, 0xB5, 0xBC, 0xB5, 0x7C, 0xBD, 0x5C, 0xBD, 0x3C, 0xBD, 0x1C, 0xBD, 0x1C, 0xC5,
    0xFC, 0xBC, 0xFB, 0xBC, 0xFB, 0xBC, 0x1B, 0xBD, 0x1B, 0xB5, 0x1C, 0xB5, 0x1C, 0xAD, 0x3C, 0xAD,
    0x3B, 0xAD, 0x3C, 0xAD, 0x5C, 0xA5, 0x5C, 0xA5, 0xBD, 0xA5, 0xFD, 0xA5, 0x1C, 0xA6, 0x1C, 0x9E,
    0x1B, 0xA6, 0xFB, 0xA5, 0xDB, 0xAD, 0xDB, 0xAD, 0xDB, 0xB5, 0xBB, 0xB5, 0xBB, 0xBD, 0xBB, 0xBD,
    0x9B, 0xBD, 0x9B, 0xBD, 0x9B, 0xBD, 0x7B, 0xBD, 0x7B, 0xBD, 0x7B, 0xBD, 0x5A, 0xBD, 0x5A, 0xBD,
    0x5A, 0xBD, 0x5A, 0xC5, 0x5A, 0xC5, 0x5A, 0xC5, 0x5A, 0xC5, 0x7A, 0xCD, 0x7A, 0xCD, 0x99, 0xD5,
    0xD9, 0xDD, 0x59, 0xEE, 0xF5, 0xF5, 0x6F, 0xED, 0x4C, 0xED, 0x2A, 0xED, 0xEA, 0xE4, 0x0D, 0xED,
    0x15, 0xF6, 0x7A, 0xEE, 0xFA, 0xDD, 0xBB, 0xD5, 0xDB, 0xCD, 0xBC, 0xC5, 0x7C, 0xB5, 0x7D, 0xB5,
    0x9D, 0xB5, 0x9D, 0xBD, 0x9E, 0xBD, 0x7E, 0xBD, 0x5D, 0xB5, 0x1C, 0xAD, 0x1C, 0xAD, 0x1C, 0xAD,
    0x1C, 0xAD, 0x1C, 0xAD, 0x1C, 0xB5, 0x1C, 0xB5, 0x1C, 0xB5, 0x3C, 0xB5, 0x3C, 0xBD, 0x3C, 0xBD,
    0x5C, 0xBD, 0x7D, 0xBD, 0x9D, 0xBD, 0xBD, 0xBD, 0xBD, 0xB5, 0x7C, 0xAD, 0xF9, 0x9C, 0x35, 0x7C,
    0x31, 0x5B, 0x0C, 0x32, 0x29, 0x19, 0xE8, 0x10, 0x08, 0x11, 0xE8, 0x10, 0xE7, 0x10, 0xC7, 0x10,
    0xC6, 0x08, 0xA6, 0x08, 0xA6, 0x08, 0x85, 0x08, 0x85, 0x08, 0x85, 0x08, 0x84, 0x08, 0x64, 0x08,
    0x64, 0x00, 0x64, 0x00, 0x63, 0x00, 0x43, 0x00, 0x63, 0x00, 0x43, 0x00, 0x43, 0x00, 0x43, 0x00,
    0x43, 0x00, 0x43, 0x00, 0x43, 0x00, 0x43, 0x00, 0x43, 0x00, 0x43, 0x00, 0x43, 0x00, 0x63, 0x00,
    0x43, 0x00, 0x43, 0x00, 0x43, 0x00, 0x43, 0x00, 0x43, 0x00, 0x43, 0x00, 0x43, 0x00, 0x43, 0x00,
    0x43, 0x00, 0x43, 0x00, 0x43, 0x00, 0x43, 0x00, 0x63, 0x00, 0x63, 0x00, 0x63, 0x00, 0x63, 0x00,
    0x63, 0x00, 0x64, 0x00, 0x64, 0x00, 0x64, 0x00, 0x64, 0x08, 0x84, 0x08, 0x84, 0x08, 0x85, 0x08,
    0x85, 0x08, 0x85, 0x08, 0xA6, 0x08, 0xA6, 0x08, 0xC6, 0x10, 0xC7, 0x10, 0xE7, 0x10, 0xE8, 0x10,
    0x08, 0x11, 0x09, 0x19, 0x09, 0x19, 0x8B, 0x29, 0xAF, 0x4A, 0xF4, 0x73, 0xD8, 0x94, 0x7B, 0xAD,
    0xDC, 0xB5, 0xDD, 0xBD, 0xDD, 0xBD, 0xBD, 0xBD, 0x9C, 0xBD, 0x7C, 0xBD, 0x5C, 0xBD, 0x5C, 0xBD,
    0x3C, 0xBD, 0x3C, 0xBD, 0x3C, 0xB5, 0x3C, 0xB5, 0x5C, 0xB5, 0x5C, 0xB5, 0x5C, 0xB5, 0x5C, 0xAD,
    0x5C, 0xAD, 0x5D, 0xAD, 0x7D, 0xAD, 0x7D, 0xAD, 0x9D, 0xAD, 0xBD, 0xA5, 0x1C, 0xA6, 0x3C, 0xA6,
    0x1C, 0x9E, 0x1B, 0x9E, 0xFB, 0xA5, 0xDB, 0xA5, 0xDB, 0xAD, 0xBB, 0xAD, 0x9B, 0xAD, 0x9B, 0xB5,
    0x7B, 0xB5, 0x7B, 0xB5, 0x5B, 0xB5, 0x5A, 0xB5, 0x5B, 0xB5, 0x3A, 0xB5, 0x3A, 0xBD, 0x3A, 0xBD,
    0x3A, 0xBD, 0x3A, 0xBD, 0x3A, 0xC5, 0x3A, 0xC5, 0x3A, 0xC5, 0x3A, 0xC5, 0x3A, 0xCD, 0x5A, 0xCD,
    0x7A, 0xD5, 0xB9, 0xDD, 0x1A, 0xE6, 0x3A, 0xEE, 0xF7, 0xED, 0xD6, 0xED, 0x17, 0xEE, 0x5A, 0xEE,
    0x3B, 0xE6, 0xDB, 0xDD, 0xBB, 0xCD, 0x9C, 0xC5, 0xBC, 0xC5, 0x9D, 0xBD, 0x9D, 0xB5, 0x9D, 0xB5,
    0x9D, 0xBD, 0x7D, 0xBD, 0x1B, 0xA5, 0xDA, 0x9C, 0xDA, 0x9C, 0xFB, 0xA4, 0x1C, 0xAD, 0x3D, 0xB5,
    0x5D, 0xB5, 0x5D, 0xB5, 0x5D, 0xB5, 0x5D, 0xBD, 0x5D, 0xBD, 0x7D, 0xBD, 0x7D, 0xBD, 0x7D, 0xBD,
    0x7D, 0xBD, 0x7D, 0xBD, 0x5C, 0xB5, 0x1A, 0xA5, 0x98, 0x8C, 0xF5, 0x73, 0x11, 0x5B, 0x2D, 0x3A,
    0x4A, 0x21, 0x08, 0x11, 0xE8, 0x10, 0xE8, 0x10, 0xE7, 0x10, 0xC7, 0x10, 0xC7, 0x08, 0xA6, 0x08,
    0xA6, 0x08, 0xA6, 0x08, 0x85, 0x08, 0x85, 0x08, 0x85, 0x08, 0x84, 0x08, 0x64, 0x08, 0x64, 0x00,
    0x64, 0x00, 0x63, 0x00, 0x63, 0x00, 0x43, 0x00, 0x43, 0x00, 0x43, 0x00, 0x43, 0x00, 0x43, 0x00,
    0x43, 0x00, 0x43, 0x00, 0x43, 0x00, 0x43, 0x00, 0x43, 0x00, 0x63, 0x00, 0x63, 0x00, 0x63, 0x00,
    0x43, 0x00, 0x43, 0x00, 0x43, 0x00, 0x43, 0x00, 0x43, 0x00, 0x43, 0x00, 0x43, 0x00, 0x43, 0x00,
    0x43, 0x00, 0x43, 0x00, 0x43, 0x00, 0x43, 0x00, 0x43, 0x00, 0x43, 0x00, 0x43, 0x00, 0x43, 0x00,
    0x43, 0x00, 0x63, 0x00, 0x63, 0x00, 0x64, 0x00, 0x64, 0x00, 0x64, 0x00, 0x84, 0x00, 0x84, 0x08,
    0x85, 0x08, 0x85, 0x08, 0x85, 0x08, 0xA6, 0x08, 0xA6, 0x08, 0xA6, 0x10, 0xC7, 0x10, 0xE7, 0x10,
    0xE8, 0x10, 0xE8, 0x10, 0x08, 0x19, 0x09, 0x19, 0x29, 0x19, 0xCC, 0x31, 0xCF, 0x52, 0xB4, 0x73,
    0x77, 0x8C, 0xF9, 0x9C, 0x3B, 0xAD, 0x7C, 0xB5, 0x9C, 0xBD, 0x9D, 0xBD, 0xBD, 0xBD, 0x9D, 0xBD,
    0x9D, 0xBD, 0x9D, 0xBD, 0x9D, 0xBD, 0x7D, 0xBD, 0x7D, 0xB5, 0x7D, 0xB5, 0x7D, 0xB5, 0x5D, 0xB5,
    0x5C, 0xAD, 0x3C, 0xAD, 0x1B, 0x9D, 0xB9, 0x8C, 0x78, 0x84, 0xB9, 0x8C, 0xBC, 0x9D, 0x3D, 0xA6,
    0x3C, 0x9E, 0x3C, 0x9E, 0x1B, 0x9E, 0xFB, 0x9D, 0xFB, 0xA5, 0xDB, 0xA5, 0xBB, 0xAD, 0x9B, 0xAD,
    0x7B, 0xAD, 0x5A, 0xAD, 0x5A, 0xAD, 0x3A, 0xB5, 0x3A, 0xB5, 0x3A, 0xB5, 0x1A, 0xB5, 0x1A, 0xB5,
    0x1A, 0xBD, 0x1A, 0xBD, 0x1A, 0xBD, 0xFA, 0xBC, 0x1A, 0xC5, 0x1A, 0xC5, 0x1A, 0xC5, 0x1A, 0xCD,
    0x3A, 0xCD, 0x5A, 0xD5, 0x7A, 0xD5, 0x9A, 0xDD, 0xBA, 0xDD, 0xDB, 0xDD, 0xDB, 0xDD, 0x9B, 0xD5,
    0x7B, 0xD5, 0x7B, 0xCD, 0x7C, 0xC5, 0x7C, 0xC5, 0x7D, 0xBD, 0x9D, 0xBD, 0x9D, 0xBD, 0xBD, 0xBD,
    0x9D, 0xB5, 0xDA, 0x9C, 0xF5, 0x7B, 0xB1, 0x52, 0x90, 0x4A, 0x33, 0x63, 0xD6, 0x7B, 0x58, 0x8C,
    0x99, 0x9C, 0xDA, 0xA4, 0xFB, 0xA4, 0xFB, 0xAC, 0xFB, 0xAC, 0xFB, 0xA4, 0xDA, 0xA4, 0xB9, 0x9C,
    0x78, 0x94, 0x37, 0x84, 0xB4, 0x73, 0x32, 0x63, 0x8F, 0x4A, 0xCC, 0x31, 0x49, 0x21, 0xE8, 0x10,
    0xE8, 0x10, 0xE8, 0x10, 0xE7, 0x10, 0xC7, 0x10, 0xC7, 0x10, 0xA6, 0x08, 0xA6, 0x08, 0xA6, 0x08,
    0x86, 0x08, 0x85, 0x08, 0x85, 0x08, 0x85, 0x08, 0x84, 0x08, 0x64, 0x00, 0x64, 0x00, 0x64, 0x00,
    0x63, 0x00, 0x63, 0x00, 0x43, 0x00, 0x43, 0x00, 0x43, 0x00, 0x43, 0x00, 0x43, 0x00, 0x43, 0x00,
    0x43, 0x00, 0x43, 0x00, 0x43, 0x00, 0x43, 0x00, 0x43, 0x00, 0x43, 0x00, 0x63, 0x00, 0x63, 0x00,
    0x43, 0x00, 0x43, 0x00, 0x43, 0x00, 0x43, 0x00, 0x43, 0x00, 0x43, 0x00, 0x43, 0x00, 0x43, 0x00,
    0x43, 0x00, 0x43, 0x00, 0x43, 0x00, 0x43, 0x00, 0x43, 0x00, 0x43, 0x00, 0x43, 0x00, 0x43, 0x00,
    0x43, 0x00, 0x63, 0x00, 0x63, 0x00, 0x63, 0x00, 0x63, 0x00, 0x64, 0x00, 0x64, 0x00, 0x64, 0x08,
    0x84, 0x08, 0x84, 0x08, 0x85, 0x08, 0x85, 0x08, 0x85, 0x08, 0xA6, 0x08, 0xA6, 0x08, 0xC6, 0x10,
    0xC7, 0x10, 0xE7, 0x10, 0xE8, 0x10, 0xE8, 0x10, 0x08, 0x19, 0x08, 0x11, 0x29, 0x19, 0x8B, 0x29,
    0x4E, 0x42, 0x11, 0x5B, 0xB4, 0x73, 0x36, 0x8C, 0xB8, 0x94, 0xF9, 0xA4, 0x3A, 0xAD, 0x3B, 0xAD,
    0x5B, 0xAD, 0x5B, 0xAD, 0x3B, 0xAD, 0x3B, 0xAD, 0x1B, 0xA5, 0xFB, 0xA4, 0xDA, 0x9C, 0x99, 0x94,
    0x37, 0x84, 0xD5, 0x73, 0x33, 0x5B, 0x4F, 0x42, 0xED, 0x31, 0xB0, 0x4A, 0x57, 0x7C, 0xBB, 0x9D,
    0x1D, 0xA6, 0x3D, 0x9E, 0x3C, 0x9E, 0x1C, 0x9E, 0x1B, 0x9E, 0xFB, 0xA5, 0xDB, 0xA5, 0xBB, 0xA5,
    0x9B, 0xA5, 0x7B, 0xAD, 0x5B, 0xAD, 0x5A, 0xAD, 0x5B, 0xAD, 0x3B, 0xAD, 0x3B, 0xB5, 0x1B, 0xB5,
    0x1B, 0xB5, 0x1B, 0xB5, 0xFB, 0xBC, 0xFB, 0xBC, 0xFA, 0xBC, 0xFB, 0xBC, 0xFA, 0xC4, 0x1A, 0xC5,
    0x1A, 0xCD, 0x1A, 0xCD, 0x3A, 0xCD, 0x3A, 0xCD, 0x5A, 0xCD, 0x5B, 0xCD, 0x5B, 0xCD, 0x5B, 0xCD,
    0x5C, 0xC5, 0x5C, 0xC5, 0x7C, 0xBD, 0x7D, 0xBD, 0x9D, 0xBD, 0xBE, 0xBD, 0xBD, 0xBD, 0x7D, 0xB5,
    0xB9, 0x9C, 0xB4, 0x73, 0x4F, 0x42, 0x4B, 0x21, 0x4B, 0x21, 0x6B, 0x21, 0xAC, 0x31, 0x2E, 0x42,
    0x90, 0x4A, 0xF1, 0x5A, 0x12, 0x63, 0x33, 0x63, 0x33, 0x63, 0x12, 0x63, 0xF2, 0x5A, 0xB0, 0x52,
    0x6F, 0x4A, 0x0D, 0x3A, 0x8B, 0x29, 0x49, 0x21, 0xE8, 0x18, 0xE8, 0x10, 0xE8, 0x10, 0xE8, 0x10,
    0xE7, 0x10, 0xC7, 0x10, 0xC7, 0x10, 0xA6, 0x08, 0xA6, 0x08, 0xA6, 0x08, 0xA6, 0x08, 0x85, 0x08,
    0x85, 0x08, 0x85, 0x08, 0x84, 0x08, 0x84, 0x08, 0x64, 0x00, 0x64, 0x00, 0x63, 0x00, 0x63, 0x00,
    0x63, 0x00, 0x43, 0x00, 0x43, 0x00, 0x43, 0x00, 0x43, 0x00, 0x43, 0x00, 0x43, 0x00, 0x43, 0x00,
    0x43, 0x00, 0x43, 0x00, 0x63, 0x00, 0x63, 0x00, 0x43, 0x00, 0x43, 0x00, 0x63, 0x00, 0x63, 0x00,
    0x43, 0x00, 0x43, 0x00, 0x43, 0x00, 0x43, 0x00, 0x43, 0x00, 0x43, 0x00, 0x43, 0x00, 0x43, 0x00,
    0x43, 0x00, 0x43, 0x00, 0x43, 0x00, 0x43, 0x00, 0x43, 0x00, 0x43, 0x00, 0x43, 0x00, 0x43, 0x00,
    0x43, 0x00, 0x43, 0x00, 0x43, 0x00, 0x43, 0x00, 0x63, 0x00, 0x63, 0x00, 0x64, 0x00, 0x64, 0x00,
    0x64, 0x00, 0x84, 0x08, 0x84, 0x08, 0x85, 0x08, 0x85, 0x08, 0x85, 0x08, 0xA6, 0x08, 0xA6, 0x08,
    0xA6, 0x10, 0xC6, 0x10, 0xC7, 0x10, 0xE7, 0x10, 0xE8, 0x10, 0xE8, 0x10, 0x08, 0x11, 0xE8, 0x10,
    0xE8, 0x10, 0x29, 0x21, 0xAB, 0x29, 0x2D, 0x3A, 0xB0, 0x52, 0x31, 0x63, 0x73, 0x6B, 0xB4, 0x73,
    0xD4, 0x73, 0xD5, 0x73, 0xD5, 0x73, 0xB4, 0x73, 0x94, 0x6B, 0x53, 0x63, 0x12, 0x5B, 0xB0, 0x4A,
    0x2E, 0x3A, 0xAC, 0x29, 0x6B, 0x21, 0x4B, 0x19, 0x4B, 0x21, 0x8C, 0x21, 0x8F, 0x42, 0x35, 0x74,
    0x5A, 0x95, 0x1D, 0x9E, 0x5D, 0xA6, 0x3C, 0x9E, 0x3C, 0x9E, 0x1B, 0x9E, 0xFB, 0x9D, 0xDB, 0x9D,
    0xBB, 0xA5, 0x9B, 0xA5, 0x7B, 0xA5, 0x7B, 0xA5, 0x5B, 0xAD, 0x5B, 0xAD, 0x3B, 0xAD, 0x3B, 0xB5,
    0x1B, 0xB5, 0x1B, 0xB5, 0xFB, 0xB4, 0xFB, 0xBC, 0xFB, 0xBC, 0xFB, 0xBC, 0xFB, 0xBC, 0xFB, 0xC4,
    0xFB, 0xC4, 0x1B, 0xC5, 0x1B, 0xC5, 0x1B, 0xC5, 0x3B, 0xC5, 0x3C, 0xC5, 0x3C, 0xC5, 0x5C, 0xC5,
    0x5C, 0xC5, 0x7D, 0xBD, 0x7D, 0xBD, 0x9D, 0xBD, 0xBE, 0xBD, 0x9E, 0xBD, 0x3C, 0xAD, 0x78, 0x94,
    0x73, 0x6B, 0x0D, 0x3A, 0x4B, 0x21, 0x6B, 0x21, 0x4B, 0x21, 0x4A, 0x21, 0x2A, 0x19, 0x2A, 0x19,
    0x2A, 0x19, 0x4A, 0x21, 0x4B, 0x21, 0x6B, 0x21, 0x6B, 0x21, 0x4B, 0x21, 0x2A, 0x21, 0x29, 0x19,
    0x09, 0x19, 0xE8, 0x10, 0xE8, 0x10, 0xE8, 0x10, 0xE8, 0x10, 0xE8, 0x10, 0xE7, 0x10, 0xC7, 0x10,
    0xC7, 0x10, 0xA6, 0x10, 0xA6, 0x08, 0xA6, 0x08, 0xA6, 0x08, 0x85, 0x08, 0x85, 0x08, 0x85, 0x08,
    0x85, 0x08, 0x84, 0x08, 0x64, 0x08, 0x64, 0x00, 0x64, 0x00, 0x64, 0x00, 0x63, 0x00, 0x43, 0x00,
    0x43, 0x00, 0x43, 0x00, 0x43, 0x00, 0x43, 0x00, 0x43, 0x00, 0x43, 0x00, 0x43, 0x00, 0x43, 0x00,
    0x43, 0x00, 0x43, 0x00, 0x43, 0x00, 0x63, 0x00, 0x43, 0x00, 0x43, 0x00, 0x63, 0x00, 0x63, 0x00,
    0x43, 0x00, 0x43, 0x00, 0x43, 0x00, 0x43, 0x00, 0x43, 0x00, 0x43, 0x00, 0x43, 0x00, 0x43, 0x00,
    0x43, 0x00, 0x43, 0x00, 0x43, 0x00, 0x43, 0x00, 0x43, 0x00, 0x43, 0x00, 0x43, 0x00, 0x43, 0x00,
    0x43, 0x00, 0x43, 0x00, 0x43, 0x00, 0x43, 0x00, 0x63, 0x00, 0x63, 0x00, 0x63, 0x00, 0x63, 0x00,
    0x64, 0x00, 0x64, 0x00, 0x64, 0x08, 0x84, 0x08, 0x84, 0x08, 0x85, 0x08, 0x85, 0x08, 0x85, 0x08,
    0xA6, 0x08, 0xA6, 0x08, 0xA6, 0x10, 0xC6, 0x10, 0xC7, 0x10, 0xC7, 0x10, 0xC7, 0x10, 0xE8, 0x10,
    0xE8, 0x10, 0xE8, 0x10, 0xE8, 0x10, 0xE8, 0x10, 0x09, 0x19, 0x29, 0x19, 0x6A, 0x21, 0x8B, 0x29,
    0x8B, 0x29, 0xAB, 0x29, 0xAB, 0x29, 0x8B, 0x29, 0x8B, 0x21, 0x6B, 0x21, 0x4A, 0x19, 0x2A, 0x19,
    0x2A, 0x19, 0x2A, 0x19, 0x4A, 0x19, 0x4B, 0x21, 0x4B, 0x21, 0x4B, 0x21, 0x6B, 0x21, 0x0E, 0x32,
    0x73, 0x63, 0xD8, 0x84, 0xDB, 0x9D, 0x3D, 0xA6, 0x3D, 0xA6, 0x1C, 0x9E, 0x1C, 0x9E, 0xFB, 0x9D,
    0xFB, 0x9D, 0xDB, 0x9D, 0xBB, 0xA5, 0x9B, 0xA5, 0x9B, 0xA5, 0x7B, 0xA5, 0x7B, 0xAD, 0x5B, 0xAD,
    0x3B, 0xAD, 0x1B, 0xB5, 0x1B, 0xB5, 0x1B, 0xB5, 0xFB, 0xB4, 0xFB, 0xBC, 0xFB, 0xBC, 0xFB, 0xBC,
    0xFB, 0xBC, 0x1B, 0xBD, 0x1C, 0xBD, 0x3C, 0xBD, 0x3C, 0xC5, 0x5C, 0xC5, 0x5C, 0xC5, 0x7D, 0xC5,
    0x7D, 0xBD, 0x9D, 0xBD, 0x9E, 0xBD, 0x9D, 0xBD, 0x5C, 0xB5, 0xB9, 0x9C, 0xF5, 0x7B, 0xD0, 0x52,
    0xAC, 0x29, 0x2A, 0x21, 0x4A, 0x21, 0x2A, 0x19, 0x2A, 0x19, 0x2A, 0x19, 0x29, 0x19, 0x29, 0x19,
    0x09, 0x19, 0x09, 0x19, 0x09, 0x19, 0x09, 0x19, 0x09, 0x19, 0xE8, 0x10, 0xE8, 0x10, 0xE8, 0x10,
    0xE8, 0x10, 0xE8, 0x10, 0xE7, 0x10, 0xE7, 0x10, 0xC7, 0x10, 0xC7, 0x10, 0xC6, 0x10, 0xA6, 0x10,
    0xA6, 0x08, 0xA6, 0x08, 0x86, 0x08, 0x85, 0x08, 0x85, 0x08, 0x85, 0x08, 0x85, 0x08, 0x84, 0x08,
    0x64, 0x08, 0x64, 0x00, 0x64, 0x00, 0x63, 0x00, 0x63, 0x00, 0x63, 0x00, 0x43, 0x00, 0x43, 0x00,
    0x43, 0x00, 0x43, 0x00, 0x43, 0x00, 0x43, 0x00, 0x43, 0x00, 0x43, 0x00, 0x43, 0x00, 0x43, 0x00,
    0x43, 0x00, 0x43, 0x00, 0x43, 0x00, 0x43, 0x00, 0x43, 0x00, 0x63, 0x00, 0x63, 0x00, 0x63, 0x00,
    0x43, 0x00, 0x43, 0x00, 0x43, 0x00, 0x43, 0x00, 0x43, 0x00, 0x43, 0x00, 0x43, 0x00, 0x43, 0x00,
    0x43, 0x00, 0x43, 0x00, 0x43, 0x00, 0x43, 0x00, 0x43, 0x00, 0x43, 0x00, 0x43, 0x00, 0x43, 0x00,
    0x43, 0x00, 0x43, 0x00, 0x43, 0x00, 0x43, 0x00, 0x43, 0x00, 0x43, 0x00, 0x63, 0x00, 0x63, 0x00,
    0x63, 0x00, 0x64, 0x00, 0x64, 0x00, 0x64, 0x00, 0x64, 0x08, 0x84, 0x08, 0x84, 0x08, 0x85, 0x08,
    0x85, 0x08, 0x85, 0x08, 0xA6, 0x08, 0xA6, 0x08, 0xA6, 0x08, 0xA6, 0x10, 0xC6, 0x10, 0xC7, 0x10,
    0xC7, 0x10, 0xC7, 0x10, 0xE8, 0x10, 0xE8, 0x10, 0xE8, 0x10, 0xE8, 0x10, 0xE8, 0x10, 0xE8, 0x10,
    0xE8, 0x10, 0xE8, 0x10, 0xE8, 0x10, 0x08, 0x11, 0x09, 0x11, 0x09, 0x11, 0x09, 0x19, 0x29, 0x19,
    0x29, 0x19, 0x29, 0x19, 0x29, 0x19, 0x2A, 0x19, 0x4A, 0x19, 0x4A, 0x19, 0x4A, 0x19, 0x2A, 0x19,
    0xAC, 0x29, 0xF1, 0x4A, 0x15, 0x74, 0x19, 0x8D, 0xBB, 0x9D, 0x1C, 0x9E, 0x1C, 0xA6, 0x1C, 0x9E,
    0x1C, 0x9E, 0xFC, 0x9D, 0xDC, 0x9D, 0xDC, 0xA5, 0xBC, 0xA5, 0xBC, 0xA5, 0x9C, 0xA5, 0x9C, 0xA5,
    0x7B, 0xAD, 0x5B, 0xAD, 0x5C, 0xAD, 0x3C, 0xB5, 0x3C, 0xB5, 0x3C, 0xB5, 0x3C, 0xB5, 0x3C, 0xBD,
    0x3C, 0xBD, 0x3C, 0xBD, 0x3C, 0xBD, 0x5D, 0xBD, 0x5D, 0xBD, 0x7D, 0xBD, 0x9D, 0xC5, 0x9D, 0xC5,
    0x9E, 0xC5, 0x9D, 0xBD, 0x5C, 0xB5, 0xDA, 0x9C, 0x16, 0x84, 0x32, 0x63, 0x2E, 0x42, 0x4B, 0x21,
    0x2A, 0x19, 0x2A, 0x19, 0x2A, 0x19, 0x09, 0x19, 0x09, 0x19, 0x09, 0x19, 0x09, 0x19, 0x08, 0x19,
    0x08, 0x19, 0xE8, 0x10, 0xE8, 0x10, 0xE8, 0x10, 0xE8, 0x10, 0xE8, 0x10, 0xE8, 0x10, 0xC7, 0x10,
    0xC7, 0x10, 0xC7, 0x10, 0xC7, 0x10, 0xC6, 0x10, 0xA6, 0x10, 0xA6, 0x10, 0xA6, 0x10, 0xA6, 0x08,
    0x86, 0x08, 0x85, 0x08, 0x85, 0x08, 0x85, 0x08, 0x85, 0x08, 0x84, 0x08, 0x84, 0x08, 0x64, 0x00,
    0x64, 0x00, 0x64, 0x00, 0x63, 0x00, 0x63, 0x00, 0x63, 0x00, 0x43, 0x00, 0x43, 0x00, 0x43, 0x00,
    0x43, 0x00, 0x43, 0x00, 0x43, 0x00, 0x43, 0x00, 0x43, 0x00, 0x63, 0x00, 0x63, 0x00, 0x63, 0x00,
    0x63, 0x00, 0x63, 0x00, 0x43, 0x00, 0x43, 0x00, 0x43, 0x00, 0x63, 0x00, 0x43, 0x00, 0x43, 0x00,
};

const lv_image_dsc_t goal_art_piggy = {
    .header = {
        .magic = LV_IMAGE_HEADER_MAGIC,
        .cf = LV_COLOR_FORMAT_RGB565,
        .flags = 0,
        .w = 160,
        .h = 160,
        .stride = 320,
        .reserved_2 = 0,
    },
    .data_size = sizeof(goal_art_piggy_map),
    .data = goal_art_piggy_map,
    .reserved = NULL,
};
